kind	group	accept	arch	snapshot	name	selected_arch	source_rpm	exact_arch_present
CSHARP	csapi-tizenfx-nuget	csapi-tizenfx-nuget	i686	snapshots/sdk/app-rootstrap-csharp-data-common___tmp_rs_resource_CsharpAPI_csapi-tizenfx-nuget-rs.xml	csapi-tizenfx-nuget	noarch	csapi-tizenfx-15.0.0.19383-1.src.rpm	NO
CSHARP	csapi-tizenfx-nuget	csapi-tizenfx-nuget	armv7l	snapshots/sdk/app-rootstrap-csharp-data-common___tmp_rs_resource_CsharpAPI_csapi-tizenfx-nuget-rs.xml	csapi-tizenfx-nuget	noarch	csapi-tizenfx-15.0.0.19383-1.src.rpm	NO
CSHARP	libtzplatform-config	libtzplatform-config	i686	snapshots/sdk/app-rootstrap-csharp-data-common___tmp_rs_resource_NativeAPI_libtzconfig-platform-rs.xml	libtzplatform-config	x86_64	tizen-platform-config-5.0-1.src.rpm	NO
CSHARP	libtzplatform-config	libtzplatform-config-devel	i686	snapshots/sdk/app-rootstrap-csharp-data-common___tmp_rs_resource_NativeAPI_libtzconfig-platform-rs.xml	libtzplatform-config-devel	x86_64	tizen-platform-config-5.0-1.src.rpm	NO
CSHARP	libtzplatform-config	libtzplatform-config	armv7l	snapshots/sdk/app-rootstrap-csharp-data-common___tmp_rs_resource_NativeAPI_libtzconfig-platform-rs.xml	libtzplatform-config	x86_64	tizen-platform-config-5.0-1.src.rpm	YES
CSHARP	libtzplatform-config	libtzplatform-config-devel	armv7l	snapshots/sdk/app-rootstrap-csharp-data-common___tmp_rs_resource_NativeAPI_libtzconfig-platform-rs.xml	libtzplatform-config-devel	x86_64	tizen-platform-config-5.0-1.src.rpm	YES
INTERNAL	appcore-common	app-core-common	i686	snapshots/sdk/app-rootstrap-native-data-internal___tmp_rs_resource_NativeAPI_app-core-common-rs.xml	app-core-common	x86_64	app-core-1.27.13-0.src.rpm	NO
INTERNAL	appcore-common	app-core-common-devel	i686	snapshots/sdk/app-rootstrap-native-data-internal___tmp_rs_resource_NativeAPI_app-core-common-rs.xml	app-core-common-devel	x86_64	app-core-1.27.13-0.src.rpm	NO
INTERNAL	appcore-common	app-core-common	armv7l	snapshots/sdk/app-rootstrap-native-data-internal___tmp_rs_resource_NativeAPI_app-core-common-rs.xml	app-core-common	x86_64	app-core-1.27.13-0.src.rpm	YES
INTERNAL	appcore-common	app-core-common-devel	armv7l	snapshots/sdk/app-rootstrap-native-data-internal___tmp_rs_resource_NativeAPI_app-core-common-rs.xml	app-core-common-devel	x86_64	app-core-1.27.13-0.src.rpm	YES
INTERNAL	appcore-common	app-core-common	riscv32	snapshots/sdk/app-rootstrap-native-data-internal___tmp_rs_resource_NativeAPI_app-core-common-rs.xml	app-core-common	x86_64	app-core-1.27.13-0.src.rpm	NO
INTERNAL	appcore-common	app-core-common-devel	riscv32	snapshots/sdk/app-rootstrap-native-data-internal___tmp_rs_resource_NativeAPI_app-core-common-rs.xml	app-core-common-devel	x86_64	app-core-1.27.13-0.src.rpm	NO
INTERNAL	app-core-efl	app-core-efl	i686	snapshots/sdk/app-rootstrap-native-data-internal___tmp_rs_resource_NativeAPI_app-core-efl-internal-rs.xml	app-core-efl	x86_64	app-core-1.27.13-0.src.rpm	NO
INTERNAL	app-core-efl	app-core-efl-devel	i686	snapshots/sdk/app-rootstrap-native-data-internal___tmp_rs_resource_NativeAPI_app-core-efl-internal-rs.xml	app-core-efl-devel	x86_64	app-core-1.27.13-0.src.rpm	NO
INTERNAL	app-core-efl	app-core-efl	armv7l	snapshots/sdk/app-rootstrap-native-data-internal___tmp_rs_resource_NativeAPI_app-core-efl-internal-rs.xml	app-core-efl	x86_64	app-core-1.27.13-0.src.rpm	YES
INTERNAL	app-core-efl	app-core-efl-devel	armv7l	snapshots/sdk/app-rootstrap-native-data-internal___tmp_rs_resource_NativeAPI_app-core-efl-internal-rs.xml	app-core-efl-devel	x86_64	app-core-1.27.13-0.src.rpm	YES
INTERNAL	aul	aul	i686	snapshots/sdk/app-rootstrap-native-data-internal___tmp_rs_resource_NativeAPI_aul-internal-rs.xml	aul	x86_64	aul-0.84.11-1.src.rpm	NO
INTERNAL	aul	aul-devel	i686	snapshots/sdk/app-rootstrap-native-data-internal___tmp_rs_resource_NativeAPI_aul-internal-rs.xml	aul-devel	x86_64	aul-0.84.11-1.src.rpm	NO
INTERNAL	aul	aul	armv7l	snapshots/sdk/app-rootstrap-native-data-internal___tmp_rs_resource_NativeAPI_aul-internal-rs.xml	aul	x86_64	aul-0.84.11-1.src.rpm	YES
INTERNAL	aul	aul-devel	armv7l	snapshots/sdk/app-rootstrap-native-data-internal___tmp_rs_resource_NativeAPI_aul-internal-rs.xml	aul-devel	x86_64	aul-0.84.11-1.src.rpm	YES
INTERNAL	aul	aul	i686	snapshots/sdk/app-rootstrap-native-data-internal___tmp_rs_resource_NativeAPI_aul-rs.xml	aul	x86_64	aul-0.84.11-1.src.rpm	NO
INTERNAL	aul	aul-devel	i686	snapshots/sdk/app-rootstrap-native-data-internal___tmp_rs_resource_NativeAPI_aul-rs.xml	aul-devel	x86_64	aul-0.84.11-1.src.rpm	NO
INTERNAL	aul	aul	armv7l	snapshots/sdk/app-rootstrap-native-data-internal___tmp_rs_resource_NativeAPI_aul-rs.xml	aul	x86_64	aul-0.84.11-1.src.rpm	YES
INTERNAL	aul	aul-devel	armv7l	snapshots/sdk/app-rootstrap-native-data-internal___tmp_rs_resource_NativeAPI_aul-rs.xml	aul-devel	x86_64	aul-0.84.11-1.src.rpm	YES
INTERNAL	aul	aul	riscv32	snapshots/sdk/app-rootstrap-native-data-internal___tmp_rs_resource_NativeAPI_aul-rs.xml	aul	x86_64	aul-0.84.11-1.src.rpm	NO
INTERNAL	aul	aul-devel	riscv32	snapshots/sdk/app-rootstrap-native-data-internal___tmp_rs_resource_NativeAPI_aul-rs.xml	aul-devel	x86_64	aul-0.84.11-1.src.rpm	NO
INTERNAL	aul-rsc-mgr	aul-rsc-mgr	i686	snapshots/sdk/app-rootstrap-native-data-internal___tmp_rs_resource_NativeAPI_aul-rsc-mgr-rs.xml	aul-rsc-mgr	x86_64	aul-0.84.11-1.src.rpm	NO
INTERNAL	aul-rsc-mgr	aul-rsc-mgr-devel	i686	snapshots/sdk/app-rootstrap-native-data-internal___tmp_rs_resource_NativeAPI_aul-rsc-mgr-rs.xml	aul-rsc-mgr-devel	x86_64	aul-0.84.11-1.src.rpm	NO
INTERNAL	aul-rsc-mgr	aul-rsc-mgr	armv7l	snapshots/sdk/app-rootstrap-native-data-internal___tmp_rs_resource_NativeAPI_aul-rsc-mgr-rs.xml	aul-rsc-mgr	x86_64	aul-0.84.11-1.src.rpm	YES
INTERNAL	aul-rsc-mgr	aul-rsc-mgr-devel	armv7l	snapshots/sdk/app-rootstrap-native-data-internal___tmp_rs_resource_NativeAPI_aul-rsc-mgr-rs.xml	aul-rsc-mgr-devel	x86_64	aul-0.84.11-1.src.rpm	YES
INTERNAL	aul-rsc-mgr	aul-rsc-mgr	riscv32	snapshots/sdk/app-rootstrap-native-data-internal___tmp_rs_resource_NativeAPI_aul-rsc-mgr-rs.xml	aul-rsc-mgr	x86_64	aul-0.84.11-1.src.rpm	NO
INTERNAL	aul-rsc-mgr	aul-rsc-mgr-devel	riscv32	snapshots/sdk/app-rootstrap-native-data-internal___tmp_rs_resource_NativeAPI_aul-rsc-mgr-rs.xml	aul-rsc-mgr-devel	x86_64	aul-0.84.11-1.src.rpm	NO
INTERNAL	auth-fw	auth-fw	i686	snapshots/sdk/app-rootstrap-native-data-internal___tmp_rs_resource_NativeAPI_auth-fw-rs.xml	auth-fw	x86_64	auth-fw-1.2.0-1.src.rpm	NO
INTERNAL	auth-fw	libauth-fw-client	i686	snapshots/sdk/app-rootstrap-native-data-internal___tmp_rs_resource_NativeAPI_auth-fw-rs.xml	libauth-fw-client	x86_64	auth-fw-1.2.0-1.src.rpm	NO
INTERNAL	auth-fw	libauth-fw-client-admin	i686	snapshots/sdk/app-rootstrap-native-data-internal___tmp_rs_resource_NativeAPI_auth-fw-rs.xml	libauth-fw-client-admin	x86_64	auth-fw-1.2.0-1.src.rpm	NO
INTERNAL	auth-fw	libauth-fw-client-devel	i686	snapshots/sdk/app-rootstrap-native-data-internal___tmp_rs_resource_NativeAPI_auth-fw-rs.xml	libauth-fw-client-devel	x86_64	auth-fw-1.2.0-1.src.rpm	NO
INTERNAL	auth-fw	auth-fw	armv7l	snapshots/sdk/app-rootstrap-native-data-internal___tmp_rs_resource_NativeAPI_auth-fw-rs.xml	auth-fw	x86_64	auth-fw-1.2.0-1.src.rpm	YES
INTERNAL	auth-fw	libauth-fw-client	armv7l	snapshots/sdk/app-rootstrap-native-data-internal___tmp_rs_resource_NativeAPI_auth-fw-rs.xml	libauth-fw-client	x86_64	auth-fw-1.2.0-1.src.rpm	YES
INTERNAL	auth-fw	libauth-fw-client-admin	armv7l	snapshots/sdk/app-rootstrap-native-data-internal___tmp_rs_resource_NativeAPI_auth-fw-rs.xml	libauth-fw-client-admin	x86_64	auth-fw-1.2.0-1.src.rpm	YES
INTERNAL	auth-fw	libauth-fw-client-devel	armv7l	snapshots/sdk/app-rootstrap-native-data-internal___tmp_rs_resource_NativeAPI_auth-fw-rs.xml	libauth-fw-client-devel	x86_64	auth-fw-1.2.0-1.src.rpm	YES
INTERNAL	auth-fw	auth-fw	riscv32	snapshots/sdk/app-rootstrap-native-data-internal___tmp_rs_resource_NativeAPI_auth-fw-rs.xml	auth-fw	x86_64	auth-fw-1.2.0-1.src.rpm	NO
INTERNAL	auth-fw	libauth-fw-client	riscv32	snapshots/sdk/app-rootstrap-native-data-internal___tmp_rs_resource_NativeAPI_auth-fw-rs.xml	libauth-fw-client	x86_64	auth-fw-1.2.0-1.src.rpm	NO
INTERNAL	auth-fw	libauth-fw-client-admin	riscv32	snapshots/sdk/app-rootstrap-native-data-internal___tmp_rs_resource_NativeAPI_auth-fw-rs.xml	libauth-fw-client-admin	x86_64	auth-fw-1.2.0-1.src.rpm	NO
INTERNAL	auth-fw	libauth-fw-client-devel	riscv32	snapshots/sdk/app-rootstrap-native-data-internal___tmp_rs_resource_NativeAPI_auth-fw-rs.xml	libauth-fw-client-devel	x86_64	auth-fw-1.2.0-1.src.rpm	NO
INTERNAL	badge	badge	i686	snapshots/sdk/app-rootstrap-native-data-internal___tmp_rs_resource_NativeAPI_badge-internal-rs.xml	badge	x86_64	badge-0.5.5-1.src.rpm	NO
INTERNAL	badge	badge-devel	i686	snapshots/sdk/app-rootstrap-native-data-internal___tmp_rs_resource_NativeAPI_badge-internal-rs.xml	badge-devel	x86_64	badge-0.5.5-1.src.rpm	NO
INTERNAL	badge	badge	armv7l	snapshots/sdk/app-rootstrap-native-data-internal___tmp_rs_resource_NativeAPI_badge-internal-rs.xml	badge	x86_64	badge-0.5.5-1.src.rpm	YES
INTERNAL	badge	badge-devel	armv7l	snapshots/sdk/app-rootstrap-native-data-internal___tmp_rs_resource_NativeAPI_badge-internal-rs.xml	badge-devel	x86_64	badge-0.5.5-1.src.rpm	YES
INTERNAL	badge	badge	riscv32	snapshots/sdk/app-rootstrap-native-data-internal___tmp_rs_resource_NativeAPI_badge-internal-rs.xml	badge	x86_64	badge-0.5.5-1.src.rpm	NO
INTERNAL	badge	badge-devel	riscv32	snapshots/sdk/app-rootstrap-native-data-internal___tmp_rs_resource_NativeAPI_badge-internal-rs.xml	badge-devel	x86_64	badge-0.5.5-1.src.rpm	NO
INTERNAL	bundle	bundle	i686	snapshots/sdk/app-rootstrap-native-data-internal___tmp_rs_resource_NativeAPI_bundle-internal-rs.xml	bundle	x86_64	bundle-0.18.15-0.src.rpm	NO
INTERNAL	bundle	bundle-devel	i686	snapshots/sdk/app-rootstrap-native-data-internal___tmp_rs_resource_NativeAPI_bundle-internal-rs.xml	bundle-devel	x86_64	bundle-0.18.15-0.src.rpm	NO
INTERNAL	bundle	bundle	armv7l	snapshots/sdk/app-rootstrap-native-data-internal___tmp_rs_resource_NativeAPI_bundle-internal-rs.xml	bundle	x86_64	bundle-0.18.15-0.src.rpm	YES
INTERNAL	bundle	bundle-devel	armv7l	snapshots/sdk/app-rootstrap-native-data-internal___tmp_rs_resource_NativeAPI_bundle-internal-rs.xml	bundle-devel	x86_64	bundle-0.18.15-0.src.rpm	YES
INTERNAL	bundle	bundle	riscv32	snapshots/sdk/app-rootstrap-native-data-internal___tmp_rs_resource_NativeAPI_bundle-internal-rs.xml	bundle	x86_64	bundle-0.18.15-0.src.rpm	NO
INTERNAL	bundle	bundle-devel	riscv32	snapshots/sdk/app-rootstrap-native-data-internal___tmp_rs_resource_NativeAPI_bundle-internal-rs.xml	bundle-devel	x86_64	bundle-0.18.15-0.src.rpm	NO
INTERNAL	capi-appfw-alarm	capi-appfw-alarm	i686	snapshots/sdk/app-rootstrap-native-data-internal___tmp_rs_resource_NativeAPI_capi-appfw-alarm-internal-rs.xml	capi-appfw-alarm	x86_64	capi-appfw-alarm-0.3.7-0.src.rpm	NO
INTERNAL	capi-appfw-alarm	capi-appfw-alarm-devel	i686	snapshots/sdk/app-rootstrap-native-data-internal___tmp_rs_resource_NativeAPI_capi-appfw-alarm-internal-rs.xml	capi-appfw-alarm-devel	x86_64	capi-appfw-alarm-0.3.7-0.src.rpm	NO
INTERNAL	capi-appfw-alarm	capi-appfw-alarm	armv7l	snapshots/sdk/app-rootstrap-native-data-internal___tmp_rs_resource_NativeAPI_capi-appfw-alarm-internal-rs.xml	capi-appfw-alarm	x86_64	capi-appfw-alarm-0.3.7-0.src.rpm	YES
INTERNAL	capi-appfw-alarm	capi-appfw-alarm-devel	armv7l	snapshots/sdk/app-rootstrap-native-data-internal___tmp_rs_resource_NativeAPI_capi-appfw-alarm-internal-rs.xml	capi-appfw-alarm-devel	x86_64	capi-appfw-alarm-0.3.7-0.src.rpm	YES
INTERNAL	capi-appfw-alarm	capi-appfw-alarm	riscv32	snapshots/sdk/app-rootstrap-native-data-internal___tmp_rs_resource_NativeAPI_capi-appfw-alarm-internal-rs.xml	capi-appfw-alarm	x86_64	capi-appfw-alarm-0.3.7-0.src.rpm	NO
INTERNAL	capi-appfw-alarm	capi-appfw-alarm-devel	riscv32	snapshots/sdk/app-rootstrap-native-data-internal___tmp_rs_resource_NativeAPI_capi-appfw-alarm-internal-rs.xml	capi-appfw-alarm-devel	x86_64	capi-appfw-alarm-0.3.7-0.src.rpm	NO
INTERNAL	capi-appfw-app-control	capi-appfw-app-control-devel	i686	snapshots/sdk/app-rootstrap-native-data-internal___tmp_rs_resource_NativeAPI_capi-appfw-app-control-internal-rs.xml	capi-appfw-app-control-devel	x86_64	capi-appfw-app-control-0.26.2-0.src.rpm	NO
INTERNAL	capi-appfw-app-control	capi-appfw-app-control-devel	armv7l	snapshots/sdk/app-rootstrap-native-data-internal___tmp_rs_resource_NativeAPI_capi-appfw-app-control-internal-rs.xml	capi-appfw-app-control-devel	x86_64	capi-appfw-app-control-0.26.2-0.src.rpm	YES
INTERNAL	capi-appfw-app-manager	capi-appfw-app-manager	i686	snapshots/sdk/app-rootstrap-native-data-internal___tmp_rs_resource_NativeAPI_capi-appfw-app-manager-internal-rs.xml	capi-appfw-app-manager	x86_64	capi-appfw-app-manager-0.18.0-1.src.rpm	NO
INTERNAL	capi-appfw-app-manager	capi-appfw-app-manager-devel	i686	snapshots/sdk/app-rootstrap-native-data-internal___tmp_rs_resource_NativeAPI_capi-appfw-app-manager-internal-rs.xml	capi-appfw-app-manager-devel	x86_64	capi-appfw-app-manager-0.18.0-1.src.rpm	NO
INTERNAL	capi-appfw-app-manager	capi-appfw-app-manager	armv7l	snapshots/sdk/app-rootstrap-native-data-internal___tmp_rs_resource_NativeAPI_capi-appfw-app-manager-internal-rs.xml	capi-appfw-app-manager	x86_64	capi-appfw-app-manager-0.18.0-1.src.rpm	YES
INTERNAL	capi-appfw-app-manager	capi-appfw-app-manager-devel	armv7l	snapshots/sdk/app-rootstrap-native-data-internal___tmp_rs_resource_NativeAPI_capi-appfw-app-manager-internal-rs.xml	capi-appfw-app-manager-devel	x86_64	capi-appfw-app-manager-0.18.0-1.src.rpm	YES
INTERNAL	capi-appfw-app-manager	capi-appfw-app-manager	riscv32	snapshots/sdk/app-rootstrap-native-data-internal___tmp_rs_resource_NativeAPI_capi-appfw-app-manager-internal-rs.xml	capi-appfw-app-manager	x86_64	capi-appfw-app-manager-0.18.0-1.src.rpm	NO
INTERNAL	capi-appfw-app-manager	capi-appfw-app-manager-devel	riscv32	snapshots/sdk/app-rootstrap-native-data-internal___tmp_rs_resource_NativeAPI_capi-appfw-app-manager-internal-rs.xml	capi-appfw-app-manager-devel	x86_64	capi-appfw-app-manager-0.18.0-1.src.rpm	NO
INTERNAL	capi-appfw-service-application appcore-agent	capi-appfw-service-application-devel	i686	snapshots/sdk/app-rootstrap-native-data-internal___tmp_rs_resource_NativeAPI_capi-appfw-service-application-internal-rs.xml	capi-appfw-service-application-devel	x86_64	appcore-agent-1.7.7-1.src.rpm	NO
INTERNAL	capi-appfw-service-application appcore-agent	appcore-agent	i686	snapshots/sdk/app-rootstrap-native-data-internal___tmp_rs_resource_NativeAPI_capi-appfw-service-application-internal-rs.xml	appcore-agent	x86_64	appcore-agent-1.7.7-1.src.rpm	NO
INTERNAL	capi-appfw-service-application appcore-agent	capi-appfw-service-application-devel	armv7l	snapshots/sdk/app-rootstrap-native-data-internal___tmp_rs_resource_NativeAPI_capi-appfw-service-application-internal-rs.xml	capi-appfw-service-application-devel	x86_64	appcore-agent-1.7.7-1.src.rpm	YES
INTERNAL	capi-appfw-service-application appcore-agent	appcore-agent	armv7l	snapshots/sdk/app-rootstrap-native-data-internal___tmp_rs_resource_NativeAPI_capi-appfw-service-application-internal-rs.xml	appcore-agent	x86_64	appcore-agent-1.7.7-1.src.rpm	YES
INTERNAL	capi-appfw-service-application appcore-agent	capi-appfw-service-application-devel	riscv32	snapshots/sdk/app-rootstrap-native-data-internal___tmp_rs_resource_NativeAPI_capi-appfw-service-application-internal-rs.xml	capi-appfw-service-application-devel	x86_64	appcore-agent-1.7.7-1.src.rpm	NO
INTERNAL	capi-appfw-service-application appcore-agent	appcore-agent	riscv32	snapshots/sdk/app-rootstrap-native-data-internal___tmp_rs_resource_NativeAPI_capi-appfw-service-application-internal-rs.xml	appcore-agent	x86_64	appcore-agent-1.7.7-1.src.rpm	NO
INTERNAL	capi-appfw-tizen-action	capi-appfw-tizen-action	i686	snapshots/sdk/app-rootstrap-native-data-internal___tmp_rs_resource_NativeAPI_capi-appfw-tizen-action-rs.xml	capi-appfw-tizen-action	x86_64	tizen-action-1.3.13-1.src.rpm	NO
INTERNAL	capi-appfw-tizen-action	capi-appfw-tizen-action-devel	i686	snapshots/sdk/app-rootstrap-native-data-internal___tmp_rs_resource_NativeAPI_capi-appfw-tizen-action-rs.xml	capi-appfw-tizen-action-devel	x86_64	tizen-action-1.3.13-1.src.rpm	NO
INTERNAL	capi-appfw-tizen-action	capi-appfw-tizen-action	armv7l	snapshots/sdk/app-rootstrap-native-data-internal___tmp_rs_resource_NativeAPI_capi-appfw-tizen-action-rs.xml	capi-appfw-tizen-action	x86_64	tizen-action-1.3.13-1.src.rpm	YES
INTERNAL	capi-appfw-tizen-action	capi-appfw-tizen-action-devel	armv7l	snapshots/sdk/app-rootstrap-native-data-internal___tmp_rs_resource_NativeAPI_capi-appfw-tizen-action-rs.xml	capi-appfw-tizen-action-devel	x86_64	tizen-action-1.3.13-1.src.rpm	YES
INTERNAL	capi-appfw-tizen-action	capi-appfw-tizen-action	riscv32	snapshots/sdk/app-rootstrap-native-data-internal___tmp_rs_resource_NativeAPI_capi-appfw-tizen-action-rs.xml	capi-appfw-tizen-action	x86_64	tizen-action-1.3.13-1.src.rpm	NO
INTERNAL	capi-appfw-tizen-action	capi-appfw-tizen-action-devel	riscv32	snapshots/sdk/app-rootstrap-native-data-internal___tmp_rs_resource_NativeAPI_capi-appfw-tizen-action-rs.xml	capi-appfw-tizen-action-devel	x86_64	tizen-action-1.3.13-1.src.rpm	NO
INTERNAL	capi-appfw-tizen-theme	capi-appfw-tizen-theme	i686	snapshots/sdk/app-rootstrap-native-data-internal___tmp_rs_resource_NativeAPI_capi-appfw-tizen-theme-internal-rs.xml	capi-appfw-tizen-theme	x86_64	tizen-theme-manager-1.3.3-1.src.rpm	NO
INTERNAL	capi-appfw-tizen-theme	capi-appfw-tizen-theme-devel	i686	snapshots/sdk/app-rootstrap-native-data-internal___tmp_rs_resource_NativeAPI_capi-appfw-tizen-theme-internal-rs.xml	capi-appfw-tizen-theme-devel	x86_64	tizen-theme-manager-1.3.3-1.src.rpm	NO
INTERNAL	capi-appfw-tizen-theme	capi-appfw-tizen-theme	armv7l	snapshots/sdk/app-rootstrap-native-data-internal___tmp_rs_resource_NativeAPI_capi-appfw-tizen-theme-internal-rs.xml	capi-appfw-tizen-theme	x86_64	tizen-theme-manager-1.3.3-1.src.rpm	YES
INTERNAL	capi-appfw-tizen-theme	capi-appfw-tizen-theme-devel	armv7l	snapshots/sdk/app-rootstrap-native-data-internal___tmp_rs_resource_NativeAPI_capi-appfw-tizen-theme-internal-rs.xml	capi-appfw-tizen-theme-devel	x86_64	tizen-theme-manager-1.3.3-1.src.rpm	YES
INTERNAL	capi-appfw-tizen-theme	capi-appfw-tizen-theme	i686	snapshots/sdk/app-rootstrap-native-data-internal___tmp_rs_resource_NativeAPI_capi-appfw-tizen-theme-rs.xml	capi-appfw-tizen-theme	x86_64	tizen-theme-manager-1.3.3-1.src.rpm	NO
INTERNAL	capi-appfw-tizen-theme	capi-appfw-tizen-theme-devel	i686	snapshots/sdk/app-rootstrap-native-data-internal___tmp_rs_resource_NativeAPI_capi-appfw-tizen-theme-rs.xml	capi-appfw-tizen-theme-devel	x86_64	tizen-theme-manager-1.3.3-1.src.rpm	NO
INTERNAL	capi-appfw-tizen-theme	capi-appfw-tizen-theme	armv7l	snapshots/sdk/app-rootstrap-native-data-internal___tmp_rs_resource_NativeAPI_capi-appfw-tizen-theme-rs.xml	capi-appfw-tizen-theme	x86_64	tizen-theme-manager-1.3.3-1.src.rpm	YES
INTERNAL	capi-appfw-tizen-theme	capi-appfw-tizen-theme-devel	armv7l	snapshots/sdk/app-rootstrap-native-data-internal___tmp_rs_resource_NativeAPI_capi-appfw-tizen-theme-rs.xml	capi-appfw-tizen-theme-devel	x86_64	tizen-theme-manager-1.3.3-1.src.rpm	YES
INTERNAL	capi-media-camera	capi-media-camera	i686	snapshots/sdk/app-rootstrap-native-data-internal___tmp_rs_resource_NativeAPI_capi-media-camera-internal-rs.xml	capi-media-camera	x86_64	capi-media-camera-1.4.0-0.src.rpm	NO
INTERNAL	capi-media-camera	capi-media-camera-devel	i686	snapshots/sdk/app-rootstrap-native-data-internal___tmp_rs_resource_NativeAPI_capi-media-camera-internal-rs.xml	capi-media-camera-devel	x86_64	capi-media-camera-1.4.0-0.src.rpm	NO
INTERNAL	capi-media-camera	capi-media-camera	armv7l	snapshots/sdk/app-rootstrap-native-data-internal___tmp_rs_resource_NativeAPI_capi-media-camera-internal-rs.xml	capi-media-camera	x86_64	capi-media-camera-1.4.0-0.src.rpm	YES
INTERNAL	capi-media-camera	capi-media-camera-devel	armv7l	snapshots/sdk/app-rootstrap-native-data-internal___tmp_rs_resource_NativeAPI_capi-media-camera-internal-rs.xml	capi-media-camera-devel	x86_64	capi-media-camera-1.4.0-0.src.rpm	YES
INTERNAL	capi-media-player	capi-media-player-devel	i686	snapshots/sdk/app-rootstrap-native-data-internal___tmp_rs_resource_NativeAPI_capi-media-player-internal-rs.xml	capi-media-player-devel	x86_64	capi-media-player-1.0.8-0.src.rpm	NO
INTERNAL	capi-media-player	capi-media-player-devel	armv7l	snapshots/sdk/app-rootstrap-native-data-internal___tmp_rs_resource_NativeAPI_capi-media-player-internal-rs.xml	capi-media-player-devel	x86_64	capi-media-player-1.0.8-0.src.rpm	YES
INTERNAL	capi-media-screen-mirroring	capi-media-screen-mirroring-devel	i686	snapshots/sdk/app-rootstrap-native-data-internal___tmp_rs_resource_NativeAPI_capi-media-screen-mirroring-internal-rs.xml	capi-media-screen-mirroring-devel	x86_64	capi-media-screen-mirroring-0.3.6-0.src.rpm	NO
INTERNAL	capi-media-screen-mirroring	capi-media-screen-mirroring-devel	armv7l	snapshots/sdk/app-rootstrap-native-data-internal___tmp_rs_resource_NativeAPI_capi-media-screen-mirroring-internal-rs.xml	capi-media-screen-mirroring-devel	x86_64	capi-media-screen-mirroring-0.3.6-0.src.rpm	YES
INTERNAL	capi-media-sound-manager	capi-media-sound-manager	i686	snapshots/sdk/app-rootstrap-native-data-internal___tmp_rs_resource_NativeAPI_capi-media-sound-manager-internal-rs.xml	capi-media-sound-manager	x86_64	capi-media-sound-manager-0.7.19-0.src.rpm	NO
INTERNAL	capi-media-sound-manager	capi-media-sound-manager-devel	i686	snapshots/sdk/app-rootstrap-native-data-internal___tmp_rs_resource_NativeAPI_capi-media-sound-manager-internal-rs.xml	capi-media-sound-manager-devel	x86_64	capi-media-sound-manager-0.7.19-0.src.rpm	NO
INTERNAL	capi-media-sound-manager	capi-media-sound-manager	armv7l	snapshots/sdk/app-rootstrap-native-data-internal___tmp_rs_resource_NativeAPI_capi-media-sound-manager-internal-rs.xml	capi-media-sound-manager	x86_64	capi-media-sound-manager-0.7.19-0.src.rpm	YES
INTERNAL	capi-media-sound-manager	capi-media-sound-manager-devel	armv7l	snapshots/sdk/app-rootstrap-native-data-internal___tmp_rs_resource_NativeAPI_capi-media-sound-manager-internal-rs.xml	capi-media-sound-manager-devel	x86_64	capi-media-sound-manager-0.7.19-0.src.rpm	YES
INTERNAL	capi-media-webrtc	capi-media-webrtc-devel	i686	snapshots/sdk/app-rootstrap-native-data-internal___tmp_rs_resource_NativeAPI_capi-media-webrtc-internal-rs.xml	capi-media-webrtc-devel	x86_64	capi-media-webrtc-1.2.14-0.src.rpm	NO
INTERNAL	capi-media-webrtc	capi-media-webrtc-devel	armv7l	snapshots/sdk/app-rootstrap-native-data-internal___tmp_rs_resource_NativeAPI_capi-media-webrtc-internal-rs.xml	capi-media-webrtc-devel	x86_64	capi-media-webrtc-1.2.14-0.src.rpm	YES
INTERNAL	capi-network-bluetooth	capi-network-bluetooth	i686	snapshots/sdk/app-rootstrap-native-data-internal___tmp_rs_resource_NativeAPI_capi-network-bluetooth-internal-rs.xml	capi-network-bluetooth	x86_64	capi-network-bluetooth-0.10.0-2.src.rpm	NO
INTERNAL	capi-network-bluetooth	capi-network-bluetooth-devel	i686	snapshots/sdk/app-rootstrap-native-data-internal___tmp_rs_resource_NativeAPI_capi-network-bluetooth-internal-rs.xml	capi-network-bluetooth-devel	x86_64	capi-network-bluetooth-0.10.0-2.src.rpm	NO
INTERNAL	capi-network-bluetooth	capi-network-bluetooth	armv7l	snapshots/sdk/app-rootstrap-native-data-internal___tmp_rs_resource_NativeAPI_capi-network-bluetooth-internal-rs.xml	capi-network-bluetooth	x86_64	capi-network-bluetooth-0.10.0-2.src.rpm	YES
INTERNAL	capi-network-bluetooth	capi-network-bluetooth-devel	armv7l	snapshots/sdk/app-rootstrap-native-data-internal___tmp_rs_resource_NativeAPI_capi-network-bluetooth-internal-rs.xml	capi-network-bluetooth-devel	x86_64	capi-network-bluetooth-0.10.0-2.src.rpm	YES
INTERNAL	capi-network-tethering	capi-network-tethering	i686	snapshots/sdk/app-rootstrap-native-data-internal___tmp_rs_resource_NativeAPI_capi-network-tethering-rs.xml	capi-network-tethering	x86_64	capi-network-tethering-1.2.2-1.src.rpm	NO
INTERNAL	capi-network-tethering	capi-network-tethering-devel	i686	snapshots/sdk/app-rootstrap-native-data-internal___tmp_rs_resource_NativeAPI_capi-network-tethering-rs.xml	capi-network-tethering-devel	x86_64	capi-network-tethering-1.2.2-1.src.rpm	NO
INTERNAL	capi-network-tethering	capi-network-tethering	armv7l	snapshots/sdk/app-rootstrap-native-data-internal___tmp_rs_resource_NativeAPI_capi-network-tethering-rs.xml	capi-network-tethering	x86_64	capi-network-tethering-1.2.2-1.src.rpm	YES
INTERNAL	capi-network-tethering	capi-network-tethering-devel	armv7l	snapshots/sdk/app-rootstrap-native-data-internal___tmp_rs_resource_NativeAPI_capi-network-tethering-rs.xml	capi-network-tethering-devel	x86_64	capi-network-tethering-1.2.2-1.src.rpm	YES
INTERNAL	capi-network-tethering	capi-network-tethering	riscv32	snapshots/sdk/app-rootstrap-native-data-internal___tmp_rs_resource_NativeAPI_capi-network-tethering-rs.xml	capi-network-tethering	x86_64	capi-network-tethering-1.2.2-1.src.rpm	NO
INTERNAL	capi-network-tethering	capi-network-tethering-devel	riscv32	snapshots/sdk/app-rootstrap-native-data-internal___tmp_rs_resource_NativeAPI_capi-network-tethering-rs.xml	capi-network-tethering-devel	x86_64	capi-network-tethering-1.2.2-1.src.rpm	NO
INTERNAL	capi-network-wifi-direct	capi-network-wifi-direct	i686	snapshots/sdk/app-rootstrap-native-data-internal___tmp_rs_resource_NativeAPI_capi-network-wifi-direct-internal-rs.xml	capi-network-wifi-direct	x86_64	capi-network-wifi-direct-1.4.0-1.src.rpm	NO
INTERNAL	capi-network-wifi-direct	capi-network-wifi-direct-devel	i686	snapshots/sdk/app-rootstrap-native-data-internal___tmp_rs_resource_NativeAPI_capi-network-wifi-direct-internal-rs.xml	capi-network-wifi-direct-devel	x86_64	capi-network-wifi-direct-1.4.0-1.src.rpm	NO
INTERNAL	capi-network-wifi-direct	capi-network-wifi-direct	armv7l	snapshots/sdk/app-rootstrap-native-data-internal___tmp_rs_resource_NativeAPI_capi-network-wifi-direct-internal-rs.xml	capi-network-wifi-direct	x86_64	capi-network-wifi-direct-1.4.0-1.src.rpm	YES
INTERNAL	capi-network-wifi-direct	capi-network-wifi-direct-devel	armv7l	snapshots/sdk/app-rootstrap-native-data-internal___tmp_rs_resource_NativeAPI_capi-network-wifi-direct-internal-rs.xml	capi-network-wifi-direct-devel	x86_64	capi-network-wifi-direct-1.4.0-1.src.rpm	YES
INTERNAL	capi-network-wifi-direct	capi-network-wifi-direct	riscv32	snapshots/sdk/app-rootstrap-native-data-internal___tmp_rs_resource_NativeAPI_capi-network-wifi-direct-internal-rs.xml	capi-network-wifi-direct	x86_64	capi-network-wifi-direct-1.4.0-1.src.rpm	NO
INTERNAL	capi-network-wifi-direct	capi-network-wifi-direct-devel	riscv32	snapshots/sdk/app-rootstrap-native-data-internal___tmp_rs_resource_NativeAPI_capi-network-wifi-direct-internal-rs.xml	capi-network-wifi-direct-devel	x86_64	capi-network-wifi-direct-1.4.0-1.src.rpm	NO
INTERNAL	capi-network-wifi-manager	capi-network-wifi-manager	i686	snapshots/sdk/app-rootstrap-native-data-internal___tmp_rs_resource_NativeAPI_capi-network-wifi-manager-internal-rs.xml	capi-network-wifi-manager	x86_64	capi-network-wifi-manager-1.3.24-0.src.rpm	NO
INTERNAL	capi-network-wifi-manager	capi-network-wifi-manager-devel	i686	snapshots/sdk/app-rootstrap-native-data-internal___tmp_rs_resource_NativeAPI_capi-network-wifi-manager-internal-rs.xml	capi-network-wifi-manager-devel	x86_64	capi-network-wifi-manager-1.3.24-0.src.rpm	NO
INTERNAL	capi-network-wifi-manager	capi-network-wifi-manager	armv7l	snapshots/sdk/app-rootstrap-native-data-internal___tmp_rs_resource_NativeAPI_capi-network-wifi-manager-internal-rs.xml	capi-network-wifi-manager	x86_64	capi-network-wifi-manager-1.3.24-0.src.rpm	YES
INTERNAL	capi-network-wifi-manager	capi-network-wifi-manager-devel	armv7l	snapshots/sdk/app-rootstrap-native-data-internal___tmp_rs_resource_NativeAPI_capi-network-wifi-manager-internal-rs.xml	capi-network-wifi-manager-devel	x86_64	capi-network-wifi-manager-1.3.24-0.src.rpm	YES
INTERNAL	capi-network-wifi-manager	capi-network-wifi-manager	riscv32	snapshots/sdk/app-rootstrap-native-data-internal___tmp_rs_resource_NativeAPI_capi-network-wifi-manager-internal-rs.xml	capi-network-wifi-manager	x86_64	capi-network-wifi-manager-1.3.24-0.src.rpm	NO
INTERNAL	capi-network-wifi-manager	capi-network-wifi-manager-devel	riscv32	snapshots/sdk/app-rootstrap-native-data-internal___tmp_rs_resource_NativeAPI_capi-network-wifi-manager-internal-rs.xml	capi-network-wifi-manager-devel	x86_64	capi-network-wifi-manager-1.3.24-0.src.rpm	NO
INTERNAL	capi-system-device	capi-system-device	i686	snapshots/sdk/app-rootstrap-native-data-internal___tmp_rs_resource_NativeAPI_capi-system-device-internal-rs.xml	capi-system-device	x86_64	capi-system-device-0.1.0-0.src.rpm	NO
INTERNAL	capi-system-device	capi-system-device-devel	i686	snapshots/sdk/app-rootstrap-native-data-internal___tmp_rs_resource_NativeAPI_capi-system-device-internal-rs.xml	capi-system-device-devel	x86_64	capi-system-device-0.1.0-0.src.rpm	NO
INTERNAL	capi-system-device	capi-system-device	armv7l	snapshots/sdk/app-rootstrap-native-data-internal___tmp_rs_resource_NativeAPI_capi-system-device-internal-rs.xml	capi-system-device	x86_64	capi-system-device-0.1.0-0.src.rpm	YES
INTERNAL	capi-system-device	capi-system-device-devel	armv7l	snapshots/sdk/app-rootstrap-native-data-internal___tmp_rs_resource_NativeAPI_capi-system-device-internal-rs.xml	capi-system-device-devel	x86_64	capi-system-device-0.1.0-0.src.rpm	YES
INTERNAL	capi-system-resource	capi-system-resource	i686	snapshots/sdk/app-rootstrap-native-data-internal___tmp_rs_resource_NativeAPI_capi-system-resource-internal-rs.xml	capi-system-resource	x86_64	capi-system-resource-1.0.0-0.src.rpm	NO
INTERNAL	capi-system-resource	capi-system-resource-devel	i686	snapshots/sdk/app-rootstrap-native-data-internal___tmp_rs_resource_NativeAPI_capi-system-resource-internal-rs.xml	capi-system-resource-devel	x86_64	capi-system-resource-1.0.0-0.src.rpm	NO
INTERNAL	capi-system-resource	capi-system-resource	armv7l	snapshots/sdk/app-rootstrap-native-data-internal___tmp_rs_resource_NativeAPI_capi-system-resource-internal-rs.xml	capi-system-resource	x86_64	capi-system-resource-1.0.0-0.src.rpm	YES
INTERNAL	capi-system-resource	capi-system-resource-devel	armv7l	snapshots/sdk/app-rootstrap-native-data-internal___tmp_rs_resource_NativeAPI_capi-system-resource-internal-rs.xml	capi-system-resource-devel	x86_64	capi-system-resource-1.0.0-0.src.rpm	YES
INTERNAL	gstreamer	gstreamer	i686	snapshots/sdk/app-rootstrap-native-data-internal___tmp_rs_resource_NativeAPI_gstreamer-internal-rs.xml	gstreamer	x86_64	gstreamer-1.24.11-38.src.rpm	NO
INTERNAL	gstreamer	gstreamer-devel	i686	snapshots/sdk/app-rootstrap-native-data-internal___tmp_rs_resource_NativeAPI_gstreamer-internal-rs.xml	gstreamer-devel	x86_64	gstreamer-1.24.11-38.src.rpm	NO
INTERNAL	gstreamer	gstreamer	armv7l	snapshots/sdk/app-rootstrap-native-data-internal___tmp_rs_resource_NativeAPI_gstreamer-internal-rs.xml	gstreamer	x86_64	gstreamer-1.24.11-38.src.rpm	YES
INTERNAL	gstreamer	gstreamer-devel	armv7l	snapshots/sdk/app-rootstrap-native-data-internal___tmp_rs_resource_NativeAPI_gstreamer-internal-rs.xml	gstreamer-devel	x86_64	gstreamer-1.24.11-38.src.rpm	YES
INTERNAL	iniparser	iniparser	i686	snapshots/sdk/app-rootstrap-native-data-internal___tmp_rs_resource_NativeAPI_iniparser-internal-rs.xml	iniparser	x86_64	iniparser-4.2.6-1.2.src.rpm	NO
INTERNAL	iniparser	iniparser	i686	snapshots/sdk/app-rootstrap-native-data-internal___tmp_rs_resource_NativeAPI_iniparser-internal-rs.xml	iniparser	armv7l	iniparser-4.2.6-1.3.src.rpm	NO
INTERNAL	iniparser	iniparser-devel	i686	snapshots/sdk/app-rootstrap-native-data-internal___tmp_rs_resource_NativeAPI_iniparser-internal-rs.xml	iniparser-devel	x86_64	iniparser-4.2.6-1.2.src.rpm	NO
INTERNAL	iniparser	iniparser-devel	i686	snapshots/sdk/app-rootstrap-native-data-internal___tmp_rs_resource_NativeAPI_iniparser-internal-rs.xml	iniparser-devel	armv7l	iniparser-4.2.6-1.3.src.rpm	NO
INTERNAL	iniparser	iniparser	armv7l	snapshots/sdk/app-rootstrap-native-data-internal___tmp_rs_resource_NativeAPI_iniparser-internal-rs.xml	iniparser	x86_64	iniparser-4.2.6-1.2.src.rpm	NO
INTERNAL	iniparser	iniparser	armv7l	snapshots/sdk/app-rootstrap-native-data-internal___tmp_rs_resource_NativeAPI_iniparser-internal-rs.xml	iniparser	armv7l	iniparser-4.2.6-1.3.src.rpm	YES
INTERNAL	iniparser	iniparser-devel	armv7l	snapshots/sdk/app-rootstrap-native-data-internal___tmp_rs_resource_NativeAPI_iniparser-internal-rs.xml	iniparser-devel	x86_64	iniparser-4.2.6-1.2.src.rpm	NO
INTERNAL	iniparser	iniparser-devel	armv7l	snapshots/sdk/app-rootstrap-native-data-internal___tmp_rs_resource_NativeAPI_iniparser-internal-rs.xml	iniparser-devel	armv7l	iniparser-4.2.6-1.3.src.rpm	YES
INTERNAL	libalarm	libalarm	i686	snapshots/sdk/app-rootstrap-native-data-internal___tmp_rs_resource_NativeAPI_libalarm-rs.xml	libalarm	x86_64	alarm-manager-0.14.12-1.src.rpm	NO
INTERNAL	libalarm	libalarm-devel	i686	snapshots/sdk/app-rootstrap-native-data-internal___tmp_rs_resource_NativeAPI_libalarm-rs.xml	libalarm-devel	x86_64	alarm-manager-0.14.12-1.src.rpm	NO
INTERNAL	libalarm	libalarm	armv7l	snapshots/sdk/app-rootstrap-native-data-internal___tmp_rs_resource_NativeAPI_libalarm-rs.xml	libalarm	x86_64	alarm-manager-0.14.12-1.src.rpm	YES
INTERNAL	libalarm	libalarm-devel	armv7l	snapshots/sdk/app-rootstrap-native-data-internal___tmp_rs_resource_NativeAPI_libalarm-rs.xml	libalarm-devel	x86_64	alarm-manager-0.14.12-1.src.rpm	YES
INTERNAL	libalarm	libalarm	riscv32	snapshots/sdk/app-rootstrap-native-data-internal___tmp_rs_resource_NativeAPI_libalarm-rs.xml	libalarm	x86_64	alarm-manager-0.14.12-1.src.rpm	NO
INTERNAL	libalarm	libalarm-devel	riscv32	snapshots/sdk/app-rootstrap-native-data-internal___tmp_rs_resource_NativeAPI_libalarm-rs.xml	libalarm-devel	x86_64	alarm-manager-0.14.12-1.src.rpm	NO
INTERNAL	libavcodec	libavcodec	i686	snapshots/sdk/app-rootstrap-native-data-internal___tmp_rs_resource_NativeAPI_libavcodec-internal-rs.xml	libavcodec	x86_64	ffmpeg-8.0.1-0.src.rpm	NO
INTERNAL	libavcodec	libavcodec-devel	i686	snapshots/sdk/app-rootstrap-native-data-internal___tmp_rs_resource_NativeAPI_libavcodec-internal-rs.xml	libavcodec-devel	x86_64	ffmpeg-8.0.1-0.src.rpm	NO
INTERNAL	libavcodec	libavcodec	armv7l	snapshots/sdk/app-rootstrap-native-data-internal___tmp_rs_resource_NativeAPI_libavcodec-internal-rs.xml	libavcodec	x86_64	ffmpeg-8.0.1-0.src.rpm	YES
INTERNAL	libavcodec	libavcodec-devel	armv7l	snapshots/sdk/app-rootstrap-native-data-internal___tmp_rs_resource_NativeAPI_libavcodec-internal-rs.xml	libavcodec-devel	x86_64	ffmpeg-8.0.1-0.src.rpm	YES
INTERNAL	libavutil	libavutil	i686	snapshots/sdk/app-rootstrap-native-data-internal___tmp_rs_resource_NativeAPI_libavutil-internal-rs.xml	libavutil	x86_64	ffmpeg-8.0.1-0.src.rpm	NO
INTERNAL	libavutil	libavutil-devel	i686	snapshots/sdk/app-rootstrap-native-data-internal___tmp_rs_resource_NativeAPI_libavutil-internal-rs.xml	libavutil-devel	x86_64	ffmpeg-8.0.1-0.src.rpm	NO
INTERNAL	libavutil	libavutil	armv7l	snapshots/sdk/app-rootstrap-native-data-internal___tmp_rs_resource_NativeAPI_libavutil-internal-rs.xml	libavutil	x86_64	ffmpeg-8.0.1-0.src.rpm	YES
INTERNAL	libavutil	libavutil-devel	armv7l	snapshots/sdk/app-rootstrap-native-data-internal___tmp_rs_resource_NativeAPI_libavutil-internal-rs.xml	libavutil-devel	x86_64	ffmpeg-8.0.1-0.src.rpm	YES
INTERNAL	libmm-common	libmm-common	i686	snapshots/sdk/app-rootstrap-native-data-internal___tmp_rs_resource_NativeAPI_libmm-common-internal-rs.xml	libmm-common	x86_64	libmm-common-0.2.130-0.src.rpm	NO
INTERNAL	libmm-common	libmm-common-devel	i686	snapshots/sdk/app-rootstrap-native-data-internal___tmp_rs_resource_NativeAPI_libmm-common-internal-rs.xml	libmm-common-devel	x86_64	libmm-common-0.2.130-0.src.rpm	NO
INTERNAL	libmm-common	libmm-common	armv7l	snapshots/sdk/app-rootstrap-native-data-internal___tmp_rs_resource_NativeAPI_libmm-common-internal-rs.xml	libmm-common	x86_64	libmm-common-0.2.130-0.src.rpm	YES
INTERNAL	libmm-common	libmm-common-devel	armv7l	snapshots/sdk/app-rootstrap-native-data-internal___tmp_rs_resource_NativeAPI_libmm-common-internal-rs.xml	libmm-common-devel	x86_64	libmm-common-0.2.130-0.src.rpm	YES
INTERNAL	libmm-sound	libmm-sound	i686	snapshots/sdk/app-rootstrap-native-data-internal___tmp_rs_resource_NativeAPI_libmm-sound-internal-rs.xml	libmm-sound	x86_64	libmm-sound-0.14.8-0.src.rpm	NO
INTERNAL	libmm-sound	libmm-sound-devel	i686	snapshots/sdk/app-rootstrap-native-data-internal___tmp_rs_resource_NativeAPI_libmm-sound-internal-rs.xml	libmm-sound-devel	x86_64	libmm-sound-0.14.8-0.src.rpm	NO
INTERNAL	libmm-sound	libmm-sound	armv7l	snapshots/sdk/app-rootstrap-native-data-internal___tmp_rs_resource_NativeAPI_libmm-sound-internal-rs.xml	libmm-sound	x86_64	libmm-sound-0.14.8-0.src.rpm	YES
INTERNAL	libmm-sound	libmm-sound-devel	armv7l	snapshots/sdk/app-rootstrap-native-data-internal___tmp_rs_resource_NativeAPI_libmm-sound-internal-rs.xml	libmm-sound-devel	x86_64	libmm-sound-0.14.8-0.src.rpm	YES
INTERNAL	librua	librua	i686	snapshots/sdk/app-rootstrap-native-data-internal___tmp_rs_resource_NativeAPI_librua-rs.xml	librua	x86_64	librua-0.5.17-0.src.rpm	NO
INTERNAL	librua	librua-devel	i686	snapshots/sdk/app-rootstrap-native-data-internal___tmp_rs_resource_NativeAPI_librua-rs.xml	librua-devel	x86_64	librua-0.5.17-0.src.rpm	NO
INTERNAL	librua	librua	armv7l	snapshots/sdk/app-rootstrap-native-data-internal___tmp_rs_resource_NativeAPI_librua-rs.xml	librua	x86_64	librua-0.5.17-0.src.rpm	YES
INTERNAL	librua	librua-devel	armv7l	snapshots/sdk/app-rootstrap-native-data-internal___tmp_rs_resource_NativeAPI_librua-rs.xml	librua-devel	x86_64	librua-0.5.17-0.src.rpm	YES
INTERNAL	librua	librua	riscv32	snapshots/sdk/app-rootstrap-native-data-internal___tmp_rs_resource_NativeAPI_librua-rs.xml	librua	x86_64	librua-0.5.17-0.src.rpm	NO
INTERNAL	librua	librua-devel	riscv32	snapshots/sdk/app-rootstrap-native-data-internal___tmp_rs_resource_NativeAPI_librua-rs.xml	librua-devel	x86_64	librua-0.5.17-0.src.rpm	NO
INTERNAL	libshortcut	libshortcut	i686	snapshots/sdk/app-rootstrap-native-data-internal___tmp_rs_resource_NativeAPI_libshortcut-internal-rs.xml	libshortcut	x86_64	libshortcut-0.10.4-0.src.rpm	NO
INTERNAL	libshortcut	libshortcut-devel	i686	snapshots/sdk/app-rootstrap-native-data-internal___tmp_rs_resource_NativeAPI_libshortcut-internal-rs.xml	libshortcut-devel	x86_64	libshortcut-0.10.4-0.src.rpm	NO
INTERNAL	libshortcut	libshortcut	armv7l	snapshots/sdk/app-rootstrap-native-data-internal___tmp_rs_resource_NativeAPI_libshortcut-internal-rs.xml	libshortcut	x86_64	libshortcut-0.10.4-0.src.rpm	YES
INTERNAL	libshortcut	libshortcut-devel	armv7l	snapshots/sdk/app-rootstrap-native-data-internal___tmp_rs_resource_NativeAPI_libshortcut-internal-rs.xml	libshortcut-devel	x86_64	libshortcut-0.10.4-0.src.rpm	YES
INTERNAL	libshortcut	libshortcut	riscv32	snapshots/sdk/app-rootstrap-native-data-internal___tmp_rs_resource_NativeAPI_libshortcut-internal-rs.xml	libshortcut	x86_64	libshortcut-0.10.4-0.src.rpm	NO
INTERNAL	libshortcut	libshortcut-devel	riscv32	snapshots/sdk/app-rootstrap-native-data-internal___tmp_rs_resource_NativeAPI_libshortcut-internal-rs.xml	libshortcut-devel	x86_64	libshortcut-0.10.4-0.src.rpm	NO
INTERNAL	libswscale	libswscale	i686	snapshots/sdk/app-rootstrap-native-data-internal___tmp_rs_resource_NativeAPI_libswscale-internal-rs.xml	libswscale	x86_64	ffmpeg-8.0.1-0.src.rpm	NO
INTERNAL	libswscale	libswscale-devel	i686	snapshots/sdk/app-rootstrap-native-data-internal___tmp_rs_resource_NativeAPI_libswscale-internal-rs.xml	libswscale-devel	x86_64	ffmpeg-8.0.1-0.src.rpm	NO
INTERNAL	libswscale	libswscale	armv7l	snapshots/sdk/app-rootstrap-native-data-internal___tmp_rs_resource_NativeAPI_libswscale-internal-rs.xml	libswscale	x86_64	ffmpeg-8.0.1-0.src.rpm	YES
INTERNAL	libswscale	libswscale-devel	armv7l	snapshots/sdk/app-rootstrap-native-data-internal___tmp_rs_resource_NativeAPI_libswscale-internal-rs.xml	libswscale-devel	x86_64	ffmpeg-8.0.1-0.src.rpm	YES
INTERNAL	libtapi	libtapi	i686	snapshots/sdk/app-rootstrap-native-data-internal___tmp_rs_resource_NativeAPI_libtapi-rs.xml	libtapi	x86_64	libtapi-0.9.0-2.src.rpm	NO
INTERNAL	libtapi	libtapi-devel	i686	snapshots/sdk/app-rootstrap-native-data-internal___tmp_rs_resource_NativeAPI_libtapi-rs.xml	libtapi-devel	x86_64	libtapi-0.9.0-2.src.rpm	NO
INTERNAL	libtapi	libtapi	armv7l	snapshots/sdk/app-rootstrap-native-data-internal___tmp_rs_resource_NativeAPI_libtapi-rs.xml	libtapi	x86_64	libtapi-0.9.0-2.src.rpm	YES
INTERNAL	libtapi	libtapi-devel	armv7l	snapshots/sdk/app-rootstrap-native-data-internal___tmp_rs_resource_NativeAPI_libtapi-rs.xml	libtapi-devel	x86_64	libtapi-0.9.0-2.src.rpm	YES
INTERNAL	libtapi	libtapi	riscv32	snapshots/sdk/app-rootstrap-native-data-internal___tmp_rs_resource_NativeAPI_libtapi-rs.xml	libtapi	x86_64	libtapi-0.9.0-2.src.rpm	NO
INTERNAL	libtapi	libtapi-devel	riscv32	snapshots/sdk/app-rootstrap-native-data-internal___tmp_rs_resource_NativeAPI_libtapi-rs.xml	libtapi-devel	x86_64	libtapi-0.9.0-2.src.rpm	NO
INTERNAL	libtzplatform-config	libtzplatform-config	i686	snapshots/sdk/app-rootstrap-native-data-internal___tmp_rs_resource_NativeAPI_libtzconfig-platform-internal-rs.xml	libtzplatform-config	x86_64	tizen-platform-config-5.0-1.src.rpm	NO
INTERNAL	libtzplatform-config	libtzplatform-config-devel	i686	snapshots/sdk/app-rootstrap-native-data-internal___tmp_rs_resource_NativeAPI_libtzconfig-platform-internal-rs.xml	libtzplatform-config-devel	x86_64	tizen-platform-config-5.0-1.src.rpm	NO
INTERNAL	libtzplatform-config	libtzplatform-config	armv7l	snapshots/sdk/app-rootstrap-native-data-internal___tmp_rs_resource_NativeAPI_libtzconfig-platform-internal-rs.xml	libtzplatform-config	x86_64	tizen-platform-config-5.0-1.src.rpm	YES
INTERNAL	libtzplatform-config	libtzplatform-config-devel	armv7l	snapshots/sdk/app-rootstrap-native-data-internal___tmp_rs_resource_NativeAPI_libtzconfig-platform-internal-rs.xml	libtzplatform-config-devel	x86_64	tizen-platform-config-5.0-1.src.rpm	YES
INTERNAL	minicontrol	minicontrol-devel	i686	snapshots/sdk/app-rootstrap-native-data-internal___tmp_rs_resource_NativeAPI_minicontrol-internal-rs.xml	minicontrol-devel	x86_64	minicontrol-0.2.0-1.src.rpm	NO
INTERNAL	minicontrol	minicontrol-devel	armv7l	snapshots/sdk/app-rootstrap-native-data-internal___tmp_rs_resource_NativeAPI_minicontrol-internal-rs.xml	minicontrol-devel	x86_64	minicontrol-0.2.0-1.src.rpm	YES
INTERNAL	multi-assistant	multi-assistant-devel	i686	snapshots/sdk/app-rootstrap-native-data-internal___tmp_rs_resource_NativeAPI_multi-assistant-internal-rs.xml	multi-assistant-devel	x86_64	multi-assistant-0.3.22-1.src.rpm	NO
INTERNAL	multi-assistant	multi-assistant-devel	armv7l	snapshots/sdk/app-rootstrap-native-data-internal___tmp_rs_resource_NativeAPI_multi-assistant-internal-rs.xml	multi-assistant-devel	x86_64	multi-assistant-0.3.22-1.src.rpm	YES
INTERNAL	notification	notification-devel	i686	snapshots/sdk/app-rootstrap-native-data-internal___tmp_rs_resource_NativeAPI_notification-internal-rs.xml	notification-devel	x86_64	notification-0.12.4-1.src.rpm	NO
INTERNAL	notification	notification-devel	armv7l	snapshots/sdk/app-rootstrap-native-data-internal___tmp_rs_resource_NativeAPI_notification-internal-rs.xml	notification-devel	x86_64	notification-0.12.4-1.src.rpm	YES
INTERNAL	opencv	opencv	i686	snapshots/sdk/app-rootstrap-native-data-internal___tmp_rs_resource_NativeAPI_opencv-internal-rs.xml	opencv	x86_64	opencv-4.7.0-8.src.rpm	NO
INTERNAL	opencv	opencv-devel	i686	snapshots/sdk/app-rootstrap-native-data-internal___tmp_rs_resource_NativeAPI_opencv-internal-rs.xml	opencv-devel	x86_64	opencv-4.7.0-8.src.rpm	NO
INTERNAL	opencv	opencv	armv7l	snapshots/sdk/app-rootstrap-native-data-internal___tmp_rs_resource_NativeAPI_opencv-internal-rs.xml	opencv	x86_64	opencv-4.7.0-8.src.rpm	YES
INTERNAL	opencv	opencv-devel	armv7l	snapshots/sdk/app-rootstrap-native-data-internal___tmp_rs_resource_NativeAPI_opencv-internal-rs.xml	opencv-devel	x86_64	opencv-4.7.0-8.src.rpm	YES
INTERNAL	pkgmgr	pkgmgr-client	i686	snapshots/sdk/app-rootstrap-native-data-internal___tmp_rs_resource_NativeAPI_pkgmgr-rs.xml	pkgmgr-client	x86_64	pkgmgr-0.23.1-0.src.rpm	NO
INTERNAL	pkgmgr	pkgmgr-client-devel	i686	snapshots/sdk/app-rootstrap-native-data-internal___tmp_rs_resource_NativeAPI_pkgmgr-rs.xml	pkgmgr-client-devel	x86_64	pkgmgr-0.23.1-0.src.rpm	NO
INTERNAL	pkgmgr	pkgmgr-installer	i686	snapshots/sdk/app-rootstrap-native-data-internal___tmp_rs_resource_NativeAPI_pkgmgr-rs.xml	pkgmgr-installer	x86_64	pkgmgr-0.23.1-0.src.rpm	NO
INTERNAL	pkgmgr	pkgmgr-installer-devel	i686	snapshots/sdk/app-rootstrap-native-data-internal___tmp_rs_resource_NativeAPI_pkgmgr-rs.xml	pkgmgr-installer-devel	x86_64	pkgmgr-0.23.1-0.src.rpm	NO
INTERNAL	pkgmgr	pkgmgr-client	armv7l	snapshots/sdk/app-rootstrap-native-data-internal___tmp_rs_resource_NativeAPI_pkgmgr-rs.xml	pkgmgr-client	x86_64	pkgmgr-0.23.1-0.src.rpm	YES
INTERNAL	pkgmgr	pkgmgr-client-devel	armv7l	snapshots/sdk/app-rootstrap-native-data-internal___tmp_rs_resource_NativeAPI_pkgmgr-rs.xml	pkgmgr-client-devel	x86_64	pkgmgr-0.23.1-0.src.rpm	YES
INTERNAL	pkgmgr	pkgmgr-installer	armv7l	snapshots/sdk/app-rootstrap-native-data-internal___tmp_rs_resource_NativeAPI_pkgmgr-rs.xml	pkgmgr-installer	x86_64	pkgmgr-0.23.1-0.src.rpm	YES
INTERNAL	pkgmgr	pkgmgr-installer-devel	armv7l	snapshots/sdk/app-rootstrap-native-data-internal___tmp_rs_resource_NativeAPI_pkgmgr-rs.xml	pkgmgr-installer-devel	x86_64	pkgmgr-0.23.1-0.src.rpm	YES
INTERNAL	pkgmgr	pkgmgr-client	riscv32	snapshots/sdk/app-rootstrap-native-data-internal___tmp_rs_resource_NativeAPI_pkgmgr-rs.xml	pkgmgr-client	x86_64	pkgmgr-0.23.1-0.src.rpm	NO
INTERNAL	pkgmgr	pkgmgr-client-devel	riscv32	snapshots/sdk/app-rootstrap-native-data-internal___tmp_rs_resource_NativeAPI_pkgmgr-rs.xml	pkgmgr-client-devel	x86_64	pkgmgr-0.23.1-0.src.rpm	NO
INTERNAL	pkgmgr	pkgmgr-installer	riscv32	snapshots/sdk/app-rootstrap-native-data-internal___tmp_rs_resource_NativeAPI_pkgmgr-rs.xml	pkgmgr-installer	x86_64	pkgmgr-0.23.1-0.src.rpm	NO
INTERNAL	pkgmgr	pkgmgr-installer-devel	riscv32	snapshots/sdk/app-rootstrap-native-data-internal___tmp_rs_resource_NativeAPI_pkgmgr-rs.xml	pkgmgr-installer-devel	x86_64	pkgmgr-0.23.1-0.src.rpm	NO
INTERNAL	rpc-port	rpc-port-devel	i686	snapshots/sdk/app-rootstrap-native-data-internal___tmp_rs_resource_NativeAPI_rpc-port-internal-rs.xml	rpc-port-devel	x86_64	rpc-port-1.21.15-0.src.rpm	NO
INTERNAL	rpc-port	rpc-port-devel	armv7l	snapshots/sdk/app-rootstrap-native-data-internal___tmp_rs_resource_NativeAPI_rpc-port-internal-rs.xml	rpc-port-devel	x86_64	rpc-port-1.21.15-0.src.rpm	YES
INTERNAL	syspopup	syspopup-caller	i686	snapshots/sdk/app-rootstrap-native-data-internal___tmp_rs_resource_NativeAPI_syspopup-caller-rs.xml	syspopup-caller	x86_64	syspopup-0.3.9-0.src.rpm	NO
INTERNAL	syspopup	syspopup-caller-devel	i686	snapshots/sdk/app-rootstrap-native-data-internal___tmp_rs_resource_NativeAPI_syspopup-caller-rs.xml	syspopup-caller-devel	x86_64	syspopup-0.3.9-0.src.rpm	NO
INTERNAL	syspopup	syspopup-caller	armv7l	snapshots/sdk/app-rootstrap-native-data-internal___tmp_rs_resource_NativeAPI_syspopup-caller-rs.xml	syspopup-caller	x86_64	syspopup-0.3.9-0.src.rpm	YES
INTERNAL	syspopup	syspopup-caller-devel	armv7l	snapshots/sdk/app-rootstrap-native-data-internal___tmp_rs_resource_NativeAPI_syspopup-caller-rs.xml	syspopup-caller-devel	x86_64	syspopup-0.3.9-0.src.rpm	YES
INTERNAL	syspopup	syspopup-caller	riscv32	snapshots/sdk/app-rootstrap-native-data-internal___tmp_rs_resource_NativeAPI_syspopup-caller-rs.xml	syspopup-caller	x86_64	syspopup-0.3.9-0.src.rpm	NO
INTERNAL	syspopup	syspopup-caller-devel	riscv32	snapshots/sdk/app-rootstrap-native-data-internal___tmp_rs_resource_NativeAPI_syspopup-caller-rs.xml	syspopup-caller-devel	x86_64	syspopup-0.3.9-0.src.rpm	NO
INTERNAL	tizen-core	tizen-core	i686	snapshots/sdk/app-rootstrap-native-data-internal___tmp_rs_resource_NativeAPI_tizen-core-internal-rs.xml	tizen-core	x86_64	tizen-core-0.4.2-0.src.rpm	NO
INTERNAL	tizen-core	tizen-core-devel	i686	snapshots/sdk/app-rootstrap-native-data-internal___tmp_rs_resource_NativeAPI_tizen-core-internal-rs.xml	tizen-core-devel	x86_64	tizen-core-0.4.2-0.src.rpm	NO
INTERNAL	tizen-core	tizen-core	armv7l	snapshots/sdk/app-rootstrap-native-data-internal___tmp_rs_resource_NativeAPI_tizen-core-internal-rs.xml	tizen-core	x86_64	tizen-core-0.4.2-0.src.rpm	YES
INTERNAL	tizen-core	tizen-core-devel	armv7l	snapshots/sdk/app-rootstrap-native-data-internal___tmp_rs_resource_NativeAPI_tizen-core-internal-rs.xml	tizen-core-devel	x86_64	tizen-core-0.4.2-0.src.rpm	YES
INTERNAL	tizen-core	tizen-core	riscv32	snapshots/sdk/app-rootstrap-native-data-internal___tmp_rs_resource_NativeAPI_tizen-core-internal-rs.xml	tizen-core	x86_64	tizen-core-0.4.2-0.src.rpm	NO
INTERNAL	tizen-core	tizen-core-devel	riscv32	snapshots/sdk/app-rootstrap-native-data-internal___tmp_rs_resource_NativeAPI_tizen-core-internal-rs.xml	tizen-core-devel	x86_64	tizen-core-0.4.2-0.src.rpm	NO
INTERNAL	tts	tts	i686	snapshots/sdk/app-rootstrap-native-data-internal___tmp_rs_resource_NativeAPI_tts-internal-rs.xml	tts	x86_64	tts-1.100.10-1.src.rpm	NO
INTERNAL	tts	tts-devel	i686	snapshots/sdk/app-rootstrap-native-data-internal___tmp_rs_resource_NativeAPI_tts-internal-rs.xml	tts-devel	x86_64	tts-1.100.10-1.src.rpm	NO
INTERNAL	tts	tts-engine-devel	i686	snapshots/sdk/app-rootstrap-native-data-internal___tmp_rs_resource_NativeAPI_tts-internal-rs.xml	tts-engine-devel	x86_64	tts-1.100.10-1.src.rpm	NO
INTERNAL	tts	tts	armv7l	snapshots/sdk/app-rootstrap-native-data-internal___tmp_rs_resource_NativeAPI_tts-internal-rs.xml	tts	x86_64	tts-1.100.10-1.src.rpm	YES
INTERNAL	tts	tts-devel	armv7l	snapshots/sdk/app-rootstrap-native-data-internal___tmp_rs_resource_NativeAPI_tts-internal-rs.xml	tts-devel	x86_64	tts-1.100.10-1.src.rpm	YES
INTERNAL	tts	tts-engine-devel	armv7l	snapshots/sdk/app-rootstrap-native-data-internal___tmp_rs_resource_NativeAPI_tts-internal-rs.xml	tts-engine-devel	x86_64	tts-1.100.10-1.src.rpm	YES
INTERNAL	tzsh	tzsh	i686	snapshots/sdk/app-rootstrap-native-data-internal___tmp_rs_resource_NativeAPI_tzsh-rs-internal.xml	tzsh	x86_64	tzsh-1.5.8-0.src.rpm	NO
INTERNAL	tzsh	tzsh-devel	i686	snapshots/sdk/app-rootstrap-native-data-internal___tmp_rs_resource_NativeAPI_tzsh-rs-internal.xml	tzsh-devel	x86_64	tzsh-1.5.8-0.src.rpm	NO
INTERNAL	tzsh	tzsh	armv7l	snapshots/sdk/app-rootstrap-native-data-internal___tmp_rs_resource_NativeAPI_tzsh-rs-internal.xml	tzsh	x86_64	tzsh-1.5.8-0.src.rpm	YES
INTERNAL	tzsh	tzsh-devel	armv7l	snapshots/sdk/app-rootstrap-native-data-internal___tmp_rs_resource_NativeAPI_tzsh-rs-internal.xml	tzsh-devel	x86_64	tzsh-1.5.8-0.src.rpm	YES
INTERNAL	tzsh	tzsh	riscv32	snapshots/sdk/app-rootstrap-native-data-internal___tmp_rs_resource_NativeAPI_tzsh-rs-internal.xml	tzsh	x86_64	tzsh-1.5.8-0.src.rpm	NO
INTERNAL	tzsh	tzsh-devel	riscv32	snapshots/sdk/app-rootstrap-native-data-internal___tmp_rs_resource_NativeAPI_tzsh-rs-internal.xml	tzsh-devel	x86_64	tzsh-1.5.8-0.src.rpm	NO
INTERNAL	ui-gadget-1	ui-gadget-1	i686	snapshots/sdk/app-rootstrap-native-data-internal___tmp_rs_resource_NativeAPI_ui-gadget-1-rs.xml	ui-gadget-1	x86_64	ui-gadget-1-0.2.12-1.src.rpm	NO
INTERNAL	ui-gadget-1	ui-gadget-1-devel	i686	snapshots/sdk/app-rootstrap-native-data-internal___tmp_rs_resource_NativeAPI_ui-gadget-1-rs.xml	ui-gadget-1-devel	x86_64	ui-gadget-1-0.2.12-1.src.rpm	NO
INTERNAL	ui-gadget-1	ui-gadget-1	armv7l	snapshots/sdk/app-rootstrap-native-data-internal___tmp_rs_resource_NativeAPI_ui-gadget-1-rs.xml	ui-gadget-1	x86_64	ui-gadget-1-0.2.12-1.src.rpm	YES
INTERNAL	ui-gadget-1	ui-gadget-1-devel	armv7l	snapshots/sdk/app-rootstrap-native-data-internal___tmp_rs_resource_NativeAPI_ui-gadget-1-rs.xml	ui-gadget-1-devel	x86_64	ui-gadget-1-0.2.12-1.src.rpm	YES
INTERNAL	ui-gadget-1	ui-gadget-1	riscv32	snapshots/sdk/app-rootstrap-native-data-internal___tmp_rs_resource_NativeAPI_ui-gadget-1-rs.xml	ui-gadget-1	x86_64	ui-gadget-1-0.2.12-1.src.rpm	NO
INTERNAL	ui-gadget-1	ui-gadget-1-devel	riscv32	snapshots/sdk/app-rootstrap-native-data-internal___tmp_rs_resource_NativeAPI_ui-gadget-1-rs.xml	ui-gadget-1-devel	x86_64	ui-gadget-1-0.2.12-1.src.rpm	NO
INTERNAL	vconf	vconf-compat	i686	snapshots/sdk/app-rootstrap-native-data-internal___tmp_rs_resource_NativeAPI_vconf-rs.xml	vconf-compat	x86_64	buxton2-1.9.14-0.src.rpm	NO
INTERNAL	vconf	vconf-compat-devel	i686	snapshots/sdk/app-rootstrap-native-data-internal___tmp_rs_resource_NativeAPI_vconf-rs.xml	vconf-compat-devel	x86_64	buxton2-1.9.14-0.src.rpm	NO
INTERNAL	vconf	vconf-internal-keys	i686	snapshots/sdk/app-rootstrap-native-data-internal___tmp_rs_resource_NativeAPI_vconf-rs.xml	vconf-internal-keys	x86_64	vconf-internal-keys-0.0.199-0.src.rpm	NO
INTERNAL	vconf	vconf-internal-keys-devel	i686	snapshots/sdk/app-rootstrap-native-data-internal___tmp_rs_resource_NativeAPI_vconf-rs.xml	vconf-internal-keys-devel	x86_64	vconf-internal-keys-0.0.199-0.src.rpm	NO
INTERNAL	vconf	vconf-compat	armv7l	snapshots/sdk/app-rootstrap-native-data-internal___tmp_rs_resource_NativeAPI_vconf-rs.xml	vconf-compat	x86_64	buxton2-1.9.14-0.src.rpm	YES
INTERNAL	vconf	vconf-compat-devel	armv7l	snapshots/sdk/app-rootstrap-native-data-internal___tmp_rs_resource_NativeAPI_vconf-rs.xml	vconf-compat-devel	x86_64	buxton2-1.9.14-0.src.rpm	YES
INTERNAL	vconf	vconf-internal-keys	armv7l	snapshots/sdk/app-rootstrap-native-data-internal___tmp_rs_resource_NativeAPI_vconf-rs.xml	vconf-internal-keys	x86_64	vconf-internal-keys-0.0.199-0.src.rpm	YES
INTERNAL	vconf	vconf-internal-keys-devel	armv7l	snapshots/sdk/app-rootstrap-native-data-internal___tmp_rs_resource_NativeAPI_vconf-rs.xml	vconf-internal-keys-devel	x86_64	vconf-internal-keys-0.0.199-0.src.rpm	YES
INTERNAL	vconf	vconf-compat	riscv32	snapshots/sdk/app-rootstrap-native-data-internal___tmp_rs_resource_NativeAPI_vconf-rs.xml	vconf-compat	x86_64	buxton2-1.9.14-0.src.rpm	NO
INTERNAL	vconf	vconf-compat-devel	riscv32	snapshots/sdk/app-rootstrap-native-data-internal___tmp_rs_resource_NativeAPI_vconf-rs.xml	vconf-compat-devel	x86_64	buxton2-1.9.14-0.src.rpm	NO
INTERNAL	vconf	vconf-internal-keys	riscv32	snapshots/sdk/app-rootstrap-native-data-internal___tmp_rs_resource_NativeAPI_vconf-rs.xml	vconf-internal-keys	x86_64	vconf-internal-keys-0.0.199-0.src.rpm	NO
INTERNAL	vconf	vconf-internal-keys-devel	riscv32	snapshots/sdk/app-rootstrap-native-data-internal___tmp_rs_resource_NativeAPI_vconf-rs.xml	vconf-internal-keys-devel	x86_64	vconf-internal-keys-0.0.199-0.src.rpm	NO
INTERNAL	voice-control-manager	voice-control	i686	snapshots/sdk/app-rootstrap-native-data-internal___tmp_rs_resource_NativeAPI_voice-control-manager-rs.xml	voice-control	x86_64	voice-control-1.101.2-1.src.rpm	NO
INTERNAL	voice-control-manager	voice-control-manager-devel	i686	snapshots/sdk/app-rootstrap-native-data-internal___tmp_rs_resource_NativeAPI_voice-control-manager-rs.xml	voice-control-manager-devel	x86_64	voice-control-1.101.2-1.src.rpm	NO
INTERNAL	voice-control-manager	voice-control	armv7l	snapshots/sdk/app-rootstrap-native-data-internal___tmp_rs_resource_NativeAPI_voice-control-manager-rs.xml	voice-control	x86_64	voice-control-1.101.2-1.src.rpm	YES
INTERNAL	voice-control-manager	voice-control-manager-devel	armv7l	snapshots/sdk/app-rootstrap-native-data-internal___tmp_rs_resource_NativeAPI_voice-control-manager-rs.xml	voice-control-manager-devel	x86_64	voice-control-1.101.2-1.src.rpm	YES
INTERNAL	voice-control-manager	voice-control	riscv32	snapshots/sdk/app-rootstrap-native-data-internal___tmp_rs_resource_NativeAPI_voice-control-manager-rs.xml	voice-control	x86_64	voice-control-1.101.2-1.src.rpm	NO
INTERNAL	voice-control-manager	voice-control-manager-devel	riscv32	snapshots/sdk/app-rootstrap-native-data-internal___tmp_rs_resource_NativeAPI_voice-control-manager-rs.xml	voice-control-manager-devel	x86_64	voice-control-1.101.2-1.src.rpm	NO
INTERNAL	voice-control-setting	voice-control	i686	snapshots/sdk/app-rootstrap-native-data-internal___tmp_rs_resource_NativeAPI_voice-control-setting-rs.xml	voice-control	x86_64	voice-control-1.101.2-1.src.rpm	NO
INTERNAL	voice-control-setting	voice-control-setting-devel	i686	snapshots/sdk/app-rootstrap-native-data-internal___tmp_rs_resource_NativeAPI_voice-control-setting-rs.xml	voice-control-setting-devel	x86_64	voice-control-1.101.2-1.src.rpm	NO
INTERNAL	voice-control-setting	voice-control	armv7l	snapshots/sdk/app-rootstrap-native-data-internal___tmp_rs_resource_NativeAPI_voice-control-setting-rs.xml	voice-control	x86_64	voice-control-1.101.2-1.src.rpm	YES
INTERNAL	voice-control-setting	voice-control-setting-devel	armv7l	snapshots/sdk/app-rootstrap-native-data-internal___tmp_rs_resource_NativeAPI_voice-control-setting-rs.xml	voice-control-setting-devel	x86_64	voice-control-1.101.2-1.src.rpm	YES
INTERNAL	voice-control-setting	voice-control	riscv32	snapshots/sdk/app-rootstrap-native-data-internal___tmp_rs_resource_NativeAPI_voice-control-setting-rs.xml	voice-control	x86_64	voice-control-1.101.2-1.src.rpm	NO
INTERNAL	voice-control-setting	voice-control-setting-devel	riscv32	snapshots/sdk/app-rootstrap-native-data-internal___tmp_rs_resource_NativeAPI_voice-control-setting-rs.xml	voice-control-setting-devel	x86_64	voice-control-1.101.2-1.src.rpm	NO
INTERNAL	voice-control-widget	voice-control	i686	snapshots/sdk/app-rootstrap-native-data-internal___tmp_rs_resource_NativeAPI_voice-control-widget-rs.xml	voice-control	x86_64	voice-control-1.101.2-1.src.rpm	NO
INTERNAL	voice-control-widget	voice-control-widget-devel	i686	snapshots/sdk/app-rootstrap-native-data-internal___tmp_rs_resource_NativeAPI_voice-control-widget-rs.xml	voice-control-widget-devel	x86_64	voice-control-1.101.2-1.src.rpm	NO
INTERNAL	voice-control-widget	voice-control	armv7l	snapshots/sdk/app-rootstrap-native-data-internal___tmp_rs_resource_NativeAPI_voice-control-widget-rs.xml	voice-control	x86_64	voice-control-1.101.2-1.src.rpm	YES
INTERNAL	voice-control-widget	voice-control-widget-devel	armv7l	snapshots/sdk/app-rootstrap-native-data-internal___tmp_rs_resource_NativeAPI_voice-control-widget-rs.xml	voice-control-widget-devel	x86_64	voice-control-1.101.2-1.src.rpm	YES
INTERNAL	voice-control-widget	voice-control	riscv32	snapshots/sdk/app-rootstrap-native-data-internal___tmp_rs_resource_NativeAPI_voice-control-widget-rs.xml	voice-control	x86_64	voice-control-1.101.2-1.src.rpm	NO
INTERNAL	voice-control-widget	voice-control-widget-devel	riscv32	snapshots/sdk/app-rootstrap-native-data-internal___tmp_rs_resource_NativeAPI_voice-control-widget-rs.xml	voice-control-widget-devel	x86_64	voice-control-1.101.2-1.src.rpm	NO
INTERNAL	widget-service	libwidget_service	i686	snapshots/sdk/app-rootstrap-native-data-internal___tmp_rs_resource_NativeAPI_widget-service-internal-rs.xml	libwidget_service	x86_64	libwidget_service-1.3.9-1.src.rpm	NO
INTERNAL	widget-service	libwidget_service-devel	i686	snapshots/sdk/app-rootstrap-native-data-internal___tmp_rs_resource_NativeAPI_widget-service-internal-rs.xml	libwidget_service-devel	x86_64	libwidget_service-1.3.9-1.src.rpm	NO
INTERNAL	widget-service	libwidget_service	armv7l	snapshots/sdk/app-rootstrap-native-data-internal___tmp_rs_resource_NativeAPI_widget-service-internal-rs.xml	libwidget_service	x86_64	libwidget_service-1.3.9-1.src.rpm	YES
INTERNAL	widget-service	libwidget_service-devel	armv7l	snapshots/sdk/app-rootstrap-native-data-internal___tmp_rs_resource_NativeAPI_widget-service-internal-rs.xml	libwidget_service-devel	x86_64	libwidget_service-1.3.9-1.src.rpm	YES
PUBLIC	ecore	ecore	i686	snapshots/sdk/app-rootstrap-native-data-public___tmp_rs_resource_EFL_ecore-rs.xml	ecore	x86_64	efl-1.25.1-0.src.rpm	NO
PUBLIC	ecore	ecore-devel	i686	snapshots/sdk/app-rootstrap-native-data-public___tmp_rs_resource_EFL_ecore-rs.xml	ecore-devel	x86_64	efl-1.25.1-0.src.rpm	NO
PUBLIC	ecore	ecore-core	i686	snapshots/sdk/app-rootstrap-native-data-public___tmp_rs_resource_EFL_ecore-rs.xml	ecore-core	x86_64	efl-1.25.1-0.src.rpm	NO
PUBLIC	ecore	ecore-core-devel	i686	snapshots/sdk/app-rootstrap-native-data-public___tmp_rs_resource_EFL_ecore-rs.xml	ecore-core-devel	x86_64	efl-1.25.1-0.src.rpm	NO
PUBLIC	ecore	ecore-buffer	i686	snapshots/sdk/app-rootstrap-native-data-public___tmp_rs_resource_EFL_ecore-rs.xml	ecore-buffer	x86_64	efl-1.25.1-0.src.rpm	NO
PUBLIC	ecore	ecore-buffer-devel	i686	snapshots/sdk/app-rootstrap-native-data-public___tmp_rs_resource_EFL_ecore-rs.xml	ecore-buffer-devel	x86_64	efl-1.25.1-0.src.rpm	NO
PUBLIC	ecore	ecore-con	i686	snapshots/sdk/app-rootstrap-native-data-public___tmp_rs_resource_EFL_ecore-rs.xml	ecore-con	x86_64	efl-1.25.1-0.src.rpm	NO
PUBLIC	ecore	ecore-con-devel	i686	snapshots/sdk/app-rootstrap-native-data-public___tmp_rs_resource_EFL_ecore-rs.xml	ecore-con-devel	x86_64	efl-1.25.1-0.src.rpm	NO
PUBLIC	ecore	ecore-evas	i686	snapshots/sdk/app-rootstrap-native-data-public___tmp_rs_resource_EFL_ecore-rs.xml	ecore-evas	x86_64	efl-1.25.1-0.src.rpm	NO
PUBLIC	ecore	ecore-evas-devel	i686	snapshots/sdk/app-rootstrap-native-data-public___tmp_rs_resource_EFL_ecore-rs.xml	ecore-evas-devel	x86_64	efl-1.25.1-0.src.rpm	NO
PUBLIC	ecore	ecore-file	i686	snapshots/sdk/app-rootstrap-native-data-public___tmp_rs_resource_EFL_ecore-rs.xml	ecore-file	x86_64	efl-1.25.1-0.src.rpm	NO
PUBLIC	ecore	ecore-file-devel	i686	snapshots/sdk/app-rootstrap-native-data-public___tmp_rs_resource_EFL_ecore-rs.xml	ecore-file-devel	x86_64	efl-1.25.1-0.src.rpm	NO
PUBLIC	ecore	ecore-imf	i686	snapshots/sdk/app-rootstrap-native-data-public___tmp_rs_resource_EFL_ecore-rs.xml	ecore-imf	x86_64	efl-1.25.1-0.src.rpm	NO
PUBLIC	ecore	ecore-imf-devel	i686	snapshots/sdk/app-rootstrap-native-data-public___tmp_rs_resource_EFL_ecore-rs.xml	ecore-imf-devel	x86_64	efl-1.25.1-0.src.rpm	NO
PUBLIC	ecore	ecore-imf-evas	i686	snapshots/sdk/app-rootstrap-native-data-public___tmp_rs_resource_EFL_ecore-rs.xml	ecore-imf-evas	x86_64	efl-1.25.1-0.src.rpm	NO
PUBLIC	ecore	ecore-imf-evas-devel	i686	snapshots/sdk/app-rootstrap-native-data-public___tmp_rs_resource_EFL_ecore-rs.xml	ecore-imf-evas-devel	x86_64	efl-1.25.1-0.src.rpm	NO
PUBLIC	ecore	ecore-input	i686	snapshots/sdk/app-rootstrap-native-data-public___tmp_rs_resource_EFL_ecore-rs.xml	ecore-input	x86_64	efl-1.25.1-0.src.rpm	NO
PUBLIC	ecore	ecore-input-devel	i686	snapshots/sdk/app-rootstrap-native-data-public___tmp_rs_resource_EFL_ecore-rs.xml	ecore-input-devel	x86_64	efl-1.25.1-0.src.rpm	NO
PUBLIC	ecore	ecore-input-evas	i686	snapshots/sdk/app-rootstrap-native-data-public___tmp_rs_resource_EFL_ecore-rs.xml	ecore-input-evas	x86_64	efl-1.25.1-0.src.rpm	NO
PUBLIC	ecore	ecore-input-evas-devel	i686	snapshots/sdk/app-rootstrap-native-data-public___tmp_rs_resource_EFL_ecore-rs.xml	ecore-input-evas-devel	x86_64	efl-1.25.1-0.src.rpm	NO
PUBLIC	ecore	ecore-ipc	i686	snapshots/sdk/app-rootstrap-native-data-public___tmp_rs_resource_EFL_ecore-rs.xml	ecore-ipc	x86_64	efl-1.25.1-0.src.rpm	NO
PUBLIC	ecore	ecore-ipc-devel	i686	snapshots/sdk/app-rootstrap-native-data-public___tmp_rs_resource_EFL_ecore-rs.xml	ecore-ipc-devel	x86_64	efl-1.25.1-0.src.rpm	NO
PUBLIC	ecore	ecore-wl2	i686	snapshots/sdk/app-rootstrap-native-data-public___tmp_rs_resource_EFL_ecore-rs.xml	ecore-wl2	x86_64	efl-1.25.1-0.src.rpm	NO
PUBLIC	ecore	ecore-wl2-devel	i686	snapshots/sdk/app-rootstrap-native-data-public___tmp_rs_resource_EFL_ecore-rs.xml	ecore-wl2-devel	x86_64	efl-1.25.1-0.src.rpm	NO
PUBLIC	ecore	ecore	armv7l	snapshots/sdk/app-rootstrap-native-data-public___tmp_rs_resource_EFL_ecore-rs.xml	ecore	x86_64	efl-1.25.1-0.src.rpm	YES
PUBLIC	ecore	ecore-devel	armv7l	snapshots/sdk/app-rootstrap-native-data-public___tmp_rs_resource_EFL_ecore-rs.xml	ecore-devel	x86_64	efl-1.25.1-0.src.rpm	YES
PUBLIC	ecore	ecore-core	armv7l	snapshots/sdk/app-rootstrap-native-data-public___tmp_rs_resource_EFL_ecore-rs.xml	ecore-core	x86_64	efl-1.25.1-0.src.rpm	YES
PUBLIC	ecore	ecore-core-devel	armv7l	snapshots/sdk/app-rootstrap-native-data-public___tmp_rs_resource_EFL_ecore-rs.xml	ecore-core-devel	x86_64	efl-1.25.1-0.src.rpm	YES
PUBLIC	ecore	ecore-buffer	armv7l	snapshots/sdk/app-rootstrap-native-data-public___tmp_rs_resource_EFL_ecore-rs.xml	ecore-buffer	x86_64	efl-1.25.1-0.src.rpm	YES
PUBLIC	ecore	ecore-buffer-devel	armv7l	snapshots/sdk/app-rootstrap-native-data-public___tmp_rs_resource_EFL_ecore-rs.xml	ecore-buffer-devel	x86_64	efl-1.25.1-0.src.rpm	YES
PUBLIC	ecore	ecore-con	armv7l	snapshots/sdk/app-rootstrap-native-data-public___tmp_rs_resource_EFL_ecore-rs.xml	ecore-con	x86_64	efl-1.25.1-0.src.rpm	YES
PUBLIC	ecore	ecore-con-devel	armv7l	snapshots/sdk/app-rootstrap-native-data-public___tmp_rs_resource_EFL_ecore-rs.xml	ecore-con-devel	x86_64	efl-1.25.1-0.src.rpm	YES
PUBLIC	ecore	ecore-evas	armv7l	snapshots/sdk/app-rootstrap-native-data-public___tmp_rs_resource_EFL_ecore-rs.xml	ecore-evas	x86_64	efl-1.25.1-0.src.rpm	YES
PUBLIC	ecore	ecore-evas-devel	armv7l	snapshots/sdk/app-rootstrap-native-data-public___tmp_rs_resource_EFL_ecore-rs.xml	ecore-evas-devel	x86_64	efl-1.25.1-0.src.rpm	YES
PUBLIC	ecore	ecore-file	armv7l	snapshots/sdk/app-rootstrap-native-data-public___tmp_rs_resource_EFL_ecore-rs.xml	ecore-file	x86_64	efl-1.25.1-0.src.rpm	YES
PUBLIC	ecore	ecore-file-devel	armv7l	snapshots/sdk/app-rootstrap-native-data-public___tmp_rs_resource_EFL_ecore-rs.xml	ecore-file-devel	x86_64	efl-1.25.1-0.src.rpm	YES
PUBLIC	ecore	ecore-imf	armv7l	snapshots/sdk/app-rootstrap-native-data-public___tmp_rs_resource_EFL_ecore-rs.xml	ecore-imf	x86_64	efl-1.25.1-0.src.rpm	YES
PUBLIC	ecore	ecore-imf-devel	armv7l	snapshots/sdk/app-rootstrap-native-data-public___tmp_rs_resource_EFL_ecore-rs.xml	ecore-imf-devel	x86_64	efl-1.25.1-0.src.rpm	YES
PUBLIC	ecore	ecore-imf-evas	armv7l	snapshots/sdk/app-rootstrap-native-data-public___tmp_rs_resource_EFL_ecore-rs.xml	ecore-imf-evas	x86_64	efl-1.25.1-0.src.rpm	YES
PUBLIC	ecore	ecore-imf-evas-devel	armv7l	snapshots/sdk/app-rootstrap-native-data-public___tmp_rs_resource_EFL_ecore-rs.xml	ecore-imf-evas-devel	x86_64	efl-1.25.1-0.src.rpm	YES
PUBLIC	ecore	ecore-input	armv7l	snapshots/sdk/app-rootstrap-native-data-public___tmp_rs_resource_EFL_ecore-rs.xml	ecore-input	x86_64	efl-1.25.1-0.src.rpm	YES
PUBLIC	ecore	ecore-input-devel	armv7l	snapshots/sdk/app-rootstrap-native-data-public___tmp_rs_resource_EFL_ecore-rs.xml	ecore-input-devel	x86_64	efl-1.25.1-0.src.rpm	YES
PUBLIC	ecore	ecore-input-evas	armv7l	snapshots/sdk/app-rootstrap-native-data-public___tmp_rs_resource_EFL_ecore-rs.xml	ecore-input-evas	x86_64	efl-1.25.1-0.src.rpm	YES
PUBLIC	ecore	ecore-input-evas-devel	armv7l	snapshots/sdk/app-rootstrap-native-data-public___tmp_rs_resource_EFL_ecore-rs.xml	ecore-input-evas-devel	x86_64	efl-1.25.1-0.src.rpm	YES
PUBLIC	ecore	ecore-ipc	armv7l	snapshots/sdk/app-rootstrap-native-data-public___tmp_rs_resource_EFL_ecore-rs.xml	ecore-ipc	x86_64	efl-1.25.1-0.src.rpm	YES
PUBLIC	ecore	ecore-ipc-devel	armv7l	snapshots/sdk/app-rootstrap-native-data-public___tmp_rs_resource_EFL_ecore-rs.xml	ecore-ipc-devel	x86_64	efl-1.25.1-0.src.rpm	YES
PUBLIC	ecore	ecore-wl2	armv7l	snapshots/sdk/app-rootstrap-native-data-public___tmp_rs_resource_EFL_ecore-rs.xml	ecore-wl2	x86_64	efl-1.25.1-0.src.rpm	YES
PUBLIC	ecore	ecore-wl2-devel	armv7l	snapshots/sdk/app-rootstrap-native-data-public___tmp_rs_resource_EFL_ecore-rs.xml	ecore-wl2-devel	x86_64	efl-1.25.1-0.src.rpm	YES
PUBLIC	ecore	ecore	riscv32	snapshots/sdk/app-rootstrap-native-data-public___tmp_rs_resource_EFL_ecore-rs.xml	ecore	x86_64	efl-1.25.1-0.src.rpm	NO
PUBLIC	ecore	ecore-devel	riscv32	snapshots/sdk/app-rootstrap-native-data-public___tmp_rs_resource_EFL_ecore-rs.xml	ecore-devel	x86_64	efl-1.25.1-0.src.rpm	NO
PUBLIC	ecore	ecore-core	riscv32	snapshots/sdk/app-rootstrap-native-data-public___tmp_rs_resource_EFL_ecore-rs.xml	ecore-core	x86_64	efl-1.25.1-0.src.rpm	NO
PUBLIC	ecore	ecore-core-devel	riscv32	snapshots/sdk/app-rootstrap-native-data-public___tmp_rs_resource_EFL_ecore-rs.xml	ecore-core-devel	x86_64	efl-1.25.1-0.src.rpm	NO
PUBLIC	ecore	ecore-buffer	riscv32	snapshots/sdk/app-rootstrap-native-data-public___tmp_rs_resource_EFL_ecore-rs.xml	ecore-buffer	x86_64	efl-1.25.1-0.src.rpm	NO
PUBLIC	ecore	ecore-buffer-devel	riscv32	snapshots/sdk/app-rootstrap-native-data-public___tmp_rs_resource_EFL_ecore-rs.xml	ecore-buffer-devel	x86_64	efl-1.25.1-0.src.rpm	NO
PUBLIC	ecore	ecore-con	riscv32	snapshots/sdk/app-rootstrap-native-data-public___tmp_rs_resource_EFL_ecore-rs.xml	ecore-con	x86_64	efl-1.25.1-0.src.rpm	NO
PUBLIC	ecore	ecore-con-devel	riscv32	snapshots/sdk/app-rootstrap-native-data-public___tmp_rs_resource_EFL_ecore-rs.xml	ecore-con-devel	x86_64	efl-1.25.1-0.src.rpm	NO
PUBLIC	ecore	ecore-evas	riscv32	snapshots/sdk/app-rootstrap-native-data-public___tmp_rs_resource_EFL_ecore-rs.xml	ecore-evas	x86_64	efl-1.25.1-0.src.rpm	NO
PUBLIC	ecore	ecore-evas-devel	riscv32	snapshots/sdk/app-rootstrap-native-data-public___tmp_rs_resource_EFL_ecore-rs.xml	ecore-evas-devel	x86_64	efl-1.25.1-0.src.rpm	NO
PUBLIC	ecore	ecore-file	riscv32	snapshots/sdk/app-rootstrap-native-data-public___tmp_rs_resource_EFL_ecore-rs.xml	ecore-file	x86_64	efl-1.25.1-0.src.rpm	NO
PUBLIC	ecore	ecore-file-devel	riscv32	snapshots/sdk/app-rootstrap-native-data-public___tmp_rs_resource_EFL_ecore-rs.xml	ecore-file-devel	x86_64	efl-1.25.1-0.src.rpm	NO
PUBLIC	ecore	ecore-imf	riscv32	snapshots/sdk/app-rootstrap-native-data-public___tmp_rs_resource_EFL_ecore-rs.xml	ecore-imf	x86_64	efl-1.25.1-0.src.rpm	NO
PUBLIC	ecore	ecore-imf-devel	riscv32	snapshots/sdk/app-rootstrap-native-data-public___tmp_rs_resource_EFL_ecore-rs.xml	ecore-imf-devel	x86_64	efl-1.25.1-0.src.rpm	NO
PUBLIC	ecore	ecore-imf-evas	riscv32	snapshots/sdk/app-rootstrap-native-data-public___tmp_rs_resource_EFL_ecore-rs.xml	ecore-imf-evas	x86_64	efl-1.25.1-0.src.rpm	NO
PUBLIC	ecore	ecore-imf-evas-devel	riscv32	snapshots/sdk/app-rootstrap-native-data-public___tmp_rs_resource_EFL_ecore-rs.xml	ecore-imf-evas-devel	x86_64	efl-1.25.1-0.src.rpm	NO
PUBLIC	ecore	ecore-input	riscv32	snapshots/sdk/app-rootstrap-native-data-public___tmp_rs_resource_EFL_ecore-rs.xml	ecore-input	x86_64	efl-1.25.1-0.src.rpm	NO
PUBLIC	ecore	ecore-input-devel	riscv32	snapshots/sdk/app-rootstrap-native-data-public___tmp_rs_resource_EFL_ecore-rs.xml	ecore-input-devel	x86_64	efl-1.25.1-0.src.rpm	NO
PUBLIC	ecore	ecore-input-evas	riscv32	snapshots/sdk/app-rootstrap-native-data-public___tmp_rs_resource_EFL_ecore-rs.xml	ecore-input-evas	x86_64	efl-1.25.1-0.src.rpm	NO
PUBLIC	ecore	ecore-input-evas-devel	riscv32	snapshots/sdk/app-rootstrap-native-data-public___tmp_rs_resource_EFL_ecore-rs.xml	ecore-input-evas-devel	x86_64	efl-1.25.1-0.src.rpm	NO
PUBLIC	ecore	ecore-ipc	riscv32	snapshots/sdk/app-rootstrap-native-data-public___tmp_rs_resource_EFL_ecore-rs.xml	ecore-ipc	x86_64	efl-1.25.1-0.src.rpm	NO
PUBLIC	ecore	ecore-ipc-devel	riscv32	snapshots/sdk/app-rootstrap-native-data-public___tmp_rs_resource_EFL_ecore-rs.xml	ecore-ipc-devel	x86_64	efl-1.25.1-0.src.rpm	NO
PUBLIC	ecore	ecore-wl2	riscv32	snapshots/sdk/app-rootstrap-native-data-public___tmp_rs_resource_EFL_ecore-rs.xml	ecore-wl2	x86_64	efl-1.25.1-0.src.rpm	NO
PUBLIC	ecore	ecore-wl2-devel	riscv32	snapshots/sdk/app-rootstrap-native-data-public___tmp_rs_resource_EFL_ecore-rs.xml	ecore-wl2-devel	x86_64	efl-1.25.1-0.src.rpm	NO
PUBLIC	edje	edje	i686	snapshots/sdk/app-rootstrap-native-data-public___tmp_rs_resource_EFL_edje-rs.xml	edje	x86_64	efl-1.25.1-0.src.rpm	NO
PUBLIC	edje	edje-devel	i686	snapshots/sdk/app-rootstrap-native-data-public___tmp_rs_resource_EFL_edje-rs.xml	edje-devel	x86_64	efl-1.25.1-0.src.rpm	NO
PUBLIC	edje	edje	armv7l	snapshots/sdk/app-rootstrap-native-data-public___tmp_rs_resource_EFL_edje-rs.xml	edje	x86_64	efl-1.25.1-0.src.rpm	YES
PUBLIC	edje	edje-devel	armv7l	snapshots/sdk/app-rootstrap-native-data-public___tmp_rs_resource_EFL_edje-rs.xml	edje-devel	x86_64	efl-1.25.1-0.src.rpm	YES
PUBLIC	edje	edje	riscv32	snapshots/sdk/app-rootstrap-native-data-public___tmp_rs_resource_EFL_edje-rs.xml	edje	x86_64	efl-1.25.1-0.src.rpm	NO
PUBLIC	edje	edje-devel	riscv32	snapshots/sdk/app-rootstrap-native-data-public___tmp_rs_resource_EFL_edje-rs.xml	edje-devel	x86_64	efl-1.25.1-0.src.rpm	NO
PUBLIC	eet	eet	i686	snapshots/sdk/app-rootstrap-native-data-public___tmp_rs_resource_EFL_eet-rs.xml	eet	x86_64	efl-1.25.1-0.src.rpm	NO
PUBLIC	eet	eet-devel	i686	snapshots/sdk/app-rootstrap-native-data-public___tmp_rs_resource_EFL_eet-rs.xml	eet-devel	x86_64	efl-1.25.1-0.src.rpm	NO
PUBLIC	eet	eet	armv7l	snapshots/sdk/app-rootstrap-native-data-public___tmp_rs_resource_EFL_eet-rs.xml	eet	x86_64	efl-1.25.1-0.src.rpm	YES
PUBLIC	eet	eet-devel	armv7l	snapshots/sdk/app-rootstrap-native-data-public___tmp_rs_resource_EFL_eet-rs.xml	eet-devel	x86_64	efl-1.25.1-0.src.rpm	YES
PUBLIC	eet	eet	riscv32	snapshots/sdk/app-rootstrap-native-data-public___tmp_rs_resource_EFL_eet-rs.xml	eet	x86_64	efl-1.25.1-0.src.rpm	NO
PUBLIC	eet	eet-devel	riscv32	snapshots/sdk/app-rootstrap-native-data-public___tmp_rs_resource_EFL_eet-rs.xml	eet-devel	x86_64	efl-1.25.1-0.src.rpm	NO
PUBLIC	efl-extension	efl-extension	i686	snapshots/sdk/app-rootstrap-native-data-public___tmp_rs_resource_EFL_efl-extension-rs.xml	efl-extension	x86_64	efl-extension-0.1.8-1.src.rpm	NO
PUBLIC	efl-extension	efl-extension-devel	i686	snapshots/sdk/app-rootstrap-native-data-public___tmp_rs_resource_EFL_efl-extension-rs.xml	efl-extension-devel	x86_64	efl-extension-0.1.8-1.src.rpm	NO
PUBLIC	efl-extension	efl-extension	armv7l	snapshots/sdk/app-rootstrap-native-data-public___tmp_rs_resource_EFL_efl-extension-rs.xml	efl-extension	x86_64	efl-extension-0.1.8-1.src.rpm	YES
PUBLIC	efl-extension	efl-extension-devel	armv7l	snapshots/sdk/app-rootstrap-native-data-public___tmp_rs_resource_EFL_efl-extension-rs.xml	efl-extension-devel	x86_64	efl-extension-0.1.8-1.src.rpm	YES
PUBLIC	efl-extension	efl-extension	riscv32	snapshots/sdk/app-rootstrap-native-data-public___tmp_rs_resource_EFL_efl-extension-rs.xml	efl-extension	x86_64	efl-extension-0.1.8-1.src.rpm	NO
PUBLIC	efl-extension	efl-extension-devel	riscv32	snapshots/sdk/app-rootstrap-native-data-public___tmp_rs_resource_EFL_efl-extension-rs.xml	efl-extension-devel	x86_64	efl-extension-0.1.8-1.src.rpm	NO
PUBLIC	eina	eina	i686	snapshots/sdk/app-rootstrap-native-data-public___tmp_rs_resource_EFL_eina-rs.xml	eina	x86_64	efl-1.25.1-0.src.rpm	NO
PUBLIC	eina	eina-devel	i686	snapshots/sdk/app-rootstrap-native-data-public___tmp_rs_resource_EFL_eina-rs.xml	eina-devel	x86_64	efl-1.25.1-0.src.rpm	NO
PUBLIC	eina	eina	armv7l	snapshots/sdk/app-rootstrap-native-data-public___tmp_rs_resource_EFL_eina-rs.xml	eina	x86_64	efl-1.25.1-0.src.rpm	YES
PUBLIC	eina	eina-devel	armv7l	snapshots/sdk/app-rootstrap-native-data-public___tmp_rs_resource_EFL_eina-rs.xml	eina-devel	x86_64	efl-1.25.1-0.src.rpm	YES
PUBLIC	eina	eina	riscv32	snapshots/sdk/app-rootstrap-native-data-public___tmp_rs_resource_EFL_eina-rs.xml	eina	x86_64	efl-1.25.1-0.src.rpm	NO
PUBLIC	eina	eina-devel	riscv32	snapshots/sdk/app-rootstrap-native-data-public___tmp_rs_resource_EFL_eina-rs.xml	eina-devel	x86_64	efl-1.25.1-0.src.rpm	NO
PUBLIC	eio	eio	i686	snapshots/sdk/app-rootstrap-native-data-public___tmp_rs_resource_EFL_eio-rs.xml	eio	x86_64	efl-1.25.1-0.src.rpm	NO
PUBLIC	eio	eio-devel	i686	snapshots/sdk/app-rootstrap-native-data-public___tmp_rs_resource_EFL_eio-rs.xml	eio-devel	x86_64	efl-1.25.1-0.src.rpm	NO
PUBLIC	eio	eio	armv7l	snapshots/sdk/app-rootstrap-native-data-public___tmp_rs_resource_EFL_eio-rs.xml	eio	x86_64	efl-1.25.1-0.src.rpm	YES
PUBLIC	eio	eio-devel	armv7l	snapshots/sdk/app-rootstrap-native-data-public___tmp_rs_resource_EFL_eio-rs.xml	eio-devel	x86_64	efl-1.25.1-0.src.rpm	YES
PUBLIC	eio	eio	riscv32	snapshots/sdk/app-rootstrap-native-data-public___tmp_rs_resource_EFL_eio-rs.xml	eio	x86_64	efl-1.25.1-0.src.rpm	NO
PUBLIC	eio	eio-devel	riscv32	snapshots/sdk/app-rootstrap-native-data-public___tmp_rs_resource_EFL_eio-rs.xml	eio-devel	x86_64	efl-1.25.1-0.src.rpm	NO
PUBLIC	elementary	elementary	i686	snapshots/sdk/app-rootstrap-native-data-public___tmp_rs_resource_EFL_elementary-rs.xml	elementary	x86_64	efl-1.25.1-0.src.rpm	NO
PUBLIC	elementary	elementary-devel	i686	snapshots/sdk/app-rootstrap-native-data-public___tmp_rs_resource_EFL_elementary-rs.xml	elementary-devel	x86_64	efl-1.25.1-0.src.rpm	NO
PUBLIC	elementary	elementary	armv7l	snapshots/sdk/app-rootstrap-native-data-public___tmp_rs_resource_EFL_elementary-rs.xml	elementary	x86_64	efl-1.25.1-0.src.rpm	YES
PUBLIC	elementary	elementary-devel	armv7l	snapshots/sdk/app-rootstrap-native-data-public___tmp_rs_resource_EFL_elementary-rs.xml	elementary-devel	x86_64	efl-1.25.1-0.src.rpm	YES
PUBLIC	elementary	elementary	riscv32	snapshots/sdk/app-rootstrap-native-data-public___tmp_rs_resource_EFL_elementary-rs.xml	elementary	x86_64	efl-1.25.1-0.src.rpm	NO
PUBLIC	elementary	elementary-devel	riscv32	snapshots/sdk/app-rootstrap-native-data-public___tmp_rs_resource_EFL_elementary-rs.xml	elementary-devel	x86_64	efl-1.25.1-0.src.rpm	NO
PUBLIC	dbus	dbus-libs	i686	snapshots/sdk/app-rootstrap-native-data-public___tmp_rs_resource_EFL_etc_dbus-rs.xml	dbus-libs	x86_64	dbus-1.12.20-3.src.rpm	NO
PUBLIC	dbus	dbus-devel	i686	snapshots/sdk/app-rootstrap-native-data-public___tmp_rs_resource_EFL_etc_dbus-rs.xml	dbus-devel	x86_64	dbus-1.12.20-3.src.rpm	NO
PUBLIC	dbus	dbus-libs	armv7l	snapshots/sdk/app-rootstrap-native-data-public___tmp_rs_resource_EFL_etc_dbus-rs.xml	dbus-libs	x86_64	dbus-1.12.20-3.src.rpm	YES
PUBLIC	dbus	dbus-devel	armv7l	snapshots/sdk/app-rootstrap-native-data-public___tmp_rs_resource_EFL_etc_dbus-rs.xml	dbus-devel	x86_64	dbus-1.12.20-3.src.rpm	YES
PUBLIC	dbus	dbus-libs	riscv32	snapshots/sdk/app-rootstrap-native-data-public___tmp_rs_resource_EFL_etc_dbus-rs.xml	dbus-libs	x86_64	dbus-1.12.20-3.src.rpm	NO
PUBLIC	dbus	dbus-devel	riscv32	snapshots/sdk/app-rootstrap-native-data-public___tmp_rs_resource_EFL_etc_dbus-rs.xml	dbus-devel	x86_64	dbus-1.12.20-3.src.rpm	NO
PUBLIC	ector	ector	i686	snapshots/sdk/app-rootstrap-native-data-public___tmp_rs_resource_EFL_etc_ector-rs.xml	ector	x86_64	efl-1.25.1-0.src.rpm	NO
PUBLIC	ector	ector-devel	i686	snapshots/sdk/app-rootstrap-native-data-public___tmp_rs_resource_EFL_etc_ector-rs.xml	ector-devel	x86_64	efl-1.25.1-0.src.rpm	NO
PUBLIC	ector	ector	armv7l	snapshots/sdk/app-rootstrap-native-data-public___tmp_rs_resource_EFL_etc_ector-rs.xml	ector	x86_64	efl-1.25.1-0.src.rpm	YES
PUBLIC	ector	ector-devel	armv7l	snapshots/sdk/app-rootstrap-native-data-public___tmp_rs_resource_EFL_etc_ector-rs.xml	ector-devel	x86_64	efl-1.25.1-0.src.rpm	YES
PUBLIC	ector	ector	riscv32	snapshots/sdk/app-rootstrap-native-data-public___tmp_rs_resource_EFL_etc_ector-rs.xml	ector	x86_64	efl-1.25.1-0.src.rpm	NO
PUBLIC	ector	ector-devel	riscv32	snapshots/sdk/app-rootstrap-native-data-public___tmp_rs_resource_EFL_etc_ector-rs.xml	ector-devel	x86_64	efl-1.25.1-0.src.rpm	NO
PUBLIC	efl-1	efl-devel	i686	snapshots/sdk/app-rootstrap-native-data-public___tmp_rs_resource_EFL_etc_efl-rs.xml	efl-devel	x86_64	efl-1.25.1-0.src.rpm	NO
PUBLIC	efl-1	efl	i686	snapshots/sdk/app-rootstrap-native-data-public___tmp_rs_resource_EFL_etc_efl-rs.xml	efl	x86_64	efl-1.25.1-0.src.rpm	NO
PUBLIC	efl-1	efl-devel	armv7l	snapshots/sdk/app-rootstrap-native-data-public___tmp_rs_resource_EFL_etc_efl-rs.xml	efl-devel	x86_64	efl-1.25.1-0.src.rpm	YES
PUBLIC	efl-1	efl	armv7l	snapshots/sdk/app-rootstrap-native-data-public___tmp_rs_resource_EFL_etc_efl-rs.xml	efl	x86_64	efl-1.25.1-0.src.rpm	YES
PUBLIC	efl-1	efl-devel	riscv32	snapshots/sdk/app-rootstrap-native-data-public___tmp_rs_resource_EFL_etc_efl-rs.xml	efl-devel	x86_64	efl-1.25.1-0.src.rpm	NO
PUBLIC	efl-1	efl	riscv32	snapshots/sdk/app-rootstrap-native-data-public___tmp_rs_resource_EFL_etc_efl-rs.xml	efl	x86_64	efl-1.25.1-0.src.rpm	NO
PUBLIC	emile	emile	i686	snapshots/sdk/app-rootstrap-native-data-public___tmp_rs_resource_EFL_etc_emile-rs.xml	emile	x86_64	efl-1.25.1-0.src.rpm	NO
PUBLIC	emile	emile-devel	i686	snapshots/sdk/app-rootstrap-native-data-public___tmp_rs_resource_EFL_etc_emile-rs.xml	emile-devel	x86_64	efl-1.25.1-0.src.rpm	NO
PUBLIC	emile	emile	armv7l	snapshots/sdk/app-rootstrap-native-data-public___tmp_rs_resource_EFL_etc_emile-rs.xml	emile	x86_64	efl-1.25.1-0.src.rpm	YES
PUBLIC	emile	emile-devel	armv7l	snapshots/sdk/app-rootstrap-native-data-public___tmp_rs_resource_EFL_etc_emile-rs.xml	emile-devel	x86_64	efl-1.25.1-0.src.rpm	YES
PUBLIC	emile	emile	riscv32	snapshots/sdk/app-rootstrap-native-data-public___tmp_rs_resource_EFL_etc_emile-rs.xml	emile	x86_64	efl-1.25.1-0.src.rpm	NO
PUBLIC	emile	emile-devel	riscv32	snapshots/sdk/app-rootstrap-native-data-public___tmp_rs_resource_EFL_etc_emile-rs.xml	emile-devel	x86_64	efl-1.25.1-0.src.rpm	NO
PUBLIC	eo	eo	i686	snapshots/sdk/app-rootstrap-native-data-public___tmp_rs_resource_EFL_etc_eo-rs.xml	eo	x86_64	efl-1.25.1-0.src.rpm	NO
PUBLIC	eo	eo-devel	i686	snapshots/sdk/app-rootstrap-native-data-public___tmp_rs_resource_EFL_etc_eo-rs.xml	eo-devel	x86_64	efl-1.25.1-0.src.rpm	NO
PUBLIC	eo	eo	armv7l	snapshots/sdk/app-rootstrap-native-data-public___tmp_rs_resource_EFL_etc_eo-rs.xml	eo	x86_64	efl-1.25.1-0.src.rpm	YES
PUBLIC	eo	eo-devel	armv7l	snapshots/sdk/app-rootstrap-native-data-public___tmp_rs_resource_EFL_etc_eo-rs.xml	eo-devel	x86_64	efl-1.25.1-0.src.rpm	YES
PUBLIC	eo	eo	riscv32	snapshots/sdk/app-rootstrap-native-data-public___tmp_rs_resource_EFL_etc_eo-rs.xml	eo	x86_64	efl-1.25.1-0.src.rpm	NO
PUBLIC	eo	eo-devel	riscv32	snapshots/sdk/app-rootstrap-native-data-public___tmp_rs_resource_EFL_etc_eo-rs.xml	eo-devel	x86_64	efl-1.25.1-0.src.rpm	NO
PUBLIC	eolian	eolian	i686	snapshots/sdk/app-rootstrap-native-data-public___tmp_rs_resource_EFL_etc_eolian-rs.xml	eolian	x86_64	efl-1.25.1-0.src.rpm	NO
PUBLIC	eolian	eolian-devel	i686	snapshots/sdk/app-rootstrap-native-data-public___tmp_rs_resource_EFL_etc_eolian-rs.xml	eolian-devel	x86_64	efl-1.25.1-0.src.rpm	NO
PUBLIC	eolian	eolian	armv7l	snapshots/sdk/app-rootstrap-native-data-public___tmp_rs_resource_EFL_etc_eolian-rs.xml	eolian	x86_64	efl-1.25.1-0.src.rpm	YES
PUBLIC	eolian	eolian-devel	armv7l	snapshots/sdk/app-rootstrap-native-data-public___tmp_rs_resource_EFL_etc_eolian-rs.xml	eolian-devel	x86_64	efl-1.25.1-0.src.rpm	YES
PUBLIC	eolian	eolian	riscv32	snapshots/sdk/app-rootstrap-native-data-public___tmp_rs_resource_EFL_etc_eolian-rs.xml	eolian	x86_64	efl-1.25.1-0.src.rpm	NO
PUBLIC	eolian	eolian-devel	riscv32	snapshots/sdk/app-rootstrap-native-data-public___tmp_rs_resource_EFL_etc_eolian-rs.xml	eolian-devel	x86_64	efl-1.25.1-0.src.rpm	NO
PUBLIC	evas	evas	i686	snapshots/sdk/app-rootstrap-native-data-public___tmp_rs_resource_EFL_evas-rs.xml	evas	x86_64	efl-1.25.1-0.src.rpm	NO
PUBLIC	evas	evas-devel	i686	snapshots/sdk/app-rootstrap-native-data-public___tmp_rs_resource_EFL_evas-rs.xml	evas-devel	x86_64	efl-1.25.1-0.src.rpm	NO
PUBLIC	evas	evas	armv7l	snapshots/sdk/app-rootstrap-native-data-public___tmp_rs_resource_EFL_evas-rs.xml	evas	x86_64	efl-1.25.1-0.src.rpm	YES
PUBLIC	evas	evas-devel	armv7l	snapshots/sdk/app-rootstrap-native-data-public___tmp_rs_resource_EFL_evas-rs.xml	evas-devel	x86_64	efl-1.25.1-0.src.rpm	YES
PUBLIC	evas	evas	riscv32	snapshots/sdk/app-rootstrap-native-data-public___tmp_rs_resource_EFL_evas-rs.xml	evas	x86_64	efl-1.25.1-0.src.rpm	NO
PUBLIC	evas	evas-devel	riscv32	snapshots/sdk/app-rootstrap-native-data-public___tmp_rs_resource_EFL_evas-rs.xml	evas-devel	x86_64	efl-1.25.1-0.src.rpm	NO
PUBLIC	efreet	efreet	i686	snapshots/sdk/app-rootstrap-native-data-public___tmp_rs_resource_EFL_inhouse_efreet-rs.xml	efreet	x86_64	efl-1.25.1-0.src.rpm	NO
PUBLIC	efreet	efreet-devel	i686	snapshots/sdk/app-rootstrap-native-data-public___tmp_rs_resource_EFL_inhouse_efreet-rs.xml	efreet-devel	x86_64	efl-1.25.1-0.src.rpm	NO
PUBLIC	efreet	efreet	armv7l	snapshots/sdk/app-rootstrap-native-data-public___tmp_rs_resource_EFL_inhouse_efreet-rs.xml	efreet	x86_64	efl-1.25.1-0.src.rpm	YES
PUBLIC	efreet	efreet-devel	armv7l	snapshots/sdk/app-rootstrap-native-data-public___tmp_rs_resource_EFL_inhouse_efreet-rs.xml	efreet-devel	x86_64	efl-1.25.1-0.src.rpm	YES
PUBLIC	efreet	efreet	riscv32	snapshots/sdk/app-rootstrap-native-data-public___tmp_rs_resource_EFL_inhouse_efreet-rs.xml	efreet	x86_64	efl-1.25.1-0.src.rpm	NO
PUBLIC	efreet	efreet-devel	riscv32	snapshots/sdk/app-rootstrap-native-data-public___tmp_rs_resource_EFL_inhouse_efreet-rs.xml	efreet-devel	x86_64	efl-1.25.1-0.src.rpm	NO
PUBLIC	embryo	embryo	i686	snapshots/sdk/app-rootstrap-native-data-public___tmp_rs_resource_EFL_inhouse_embryo-rs.xml	embryo	x86_64	efl-1.25.1-0.src.rpm	NO
PUBLIC	embryo	embryo-devel	i686	snapshots/sdk/app-rootstrap-native-data-public___tmp_rs_resource_EFL_inhouse_embryo-rs.xml	embryo-devel	x86_64	efl-1.25.1-0.src.rpm	NO
PUBLIC	embryo	embryo	armv7l	snapshots/sdk/app-rootstrap-native-data-public___tmp_rs_resource_EFL_inhouse_embryo-rs.xml	embryo	x86_64	efl-1.25.1-0.src.rpm	YES
PUBLIC	embryo	embryo-devel	armv7l	snapshots/sdk/app-rootstrap-native-data-public___tmp_rs_resource_EFL_inhouse_embryo-rs.xml	embryo-devel	x86_64	efl-1.25.1-0.src.rpm	YES
PUBLIC	embryo	embryo	riscv32	snapshots/sdk/app-rootstrap-native-data-public___tmp_rs_resource_EFL_inhouse_embryo-rs.xml	embryo	x86_64	efl-1.25.1-0.src.rpm	NO
PUBLIC	embryo	embryo-devel	riscv32	snapshots/sdk/app-rootstrap-native-data-public___tmp_rs_resource_EFL_inhouse_embryo-rs.xml	embryo-devel	x86_64	efl-1.25.1-0.src.rpm	NO
PUBLIC	eo	eo	i686	snapshots/sdk/app-rootstrap-native-data-public___tmp_rs_resource_EFL_inhouse_eo-rs.xml	eo	x86_64	efl-1.25.1-0.src.rpm	NO
PUBLIC	eo	eo-devel	i686	snapshots/sdk/app-rootstrap-native-data-public___tmp_rs_resource_EFL_inhouse_eo-rs.xml	eo-devel	x86_64	efl-1.25.1-0.src.rpm	NO
PUBLIC	eo	eo	armv7l	snapshots/sdk/app-rootstrap-native-data-public___tmp_rs_resource_EFL_inhouse_eo-rs.xml	eo	x86_64	efl-1.25.1-0.src.rpm	YES
PUBLIC	eo	eo-devel	armv7l	snapshots/sdk/app-rootstrap-native-data-public___tmp_rs_resource_EFL_inhouse_eo-rs.xml	eo-devel	x86_64	efl-1.25.1-0.src.rpm	YES
PUBLIC	eo	eo	riscv32	snapshots/sdk/app-rootstrap-native-data-public___tmp_rs_resource_EFL_inhouse_eo-rs.xml	eo	x86_64	efl-1.25.1-0.src.rpm	NO
PUBLIC	eo	eo-devel	riscv32	snapshots/sdk/app-rootstrap-native-data-public___tmp_rs_resource_EFL_inhouse_eo-rs.xml	eo-devel	x86_64	efl-1.25.1-0.src.rpm	NO
PUBLIC	ethumb	ethumb	i686	snapshots/sdk/app-rootstrap-native-data-public___tmp_rs_resource_EFL_inhouse_ethumb-rs.xml	ethumb	x86_64	efl-1.25.1-0.src.rpm	NO
PUBLIC	ethumb	ethumb-devel	i686	snapshots/sdk/app-rootstrap-native-data-public___tmp_rs_resource_EFL_inhouse_ethumb-rs.xml	ethumb-devel	x86_64	efl-1.25.1-0.src.rpm	NO
PUBLIC	ethumb	ethumb	armv7l	snapshots/sdk/app-rootstrap-native-data-public___tmp_rs_resource_EFL_inhouse_ethumb-rs.xml	ethumb	x86_64	efl-1.25.1-0.src.rpm	YES
PUBLIC	ethumb	ethumb-devel	armv7l	snapshots/sdk/app-rootstrap-native-data-public___tmp_rs_resource_EFL_inhouse_ethumb-rs.xml	ethumb-devel	x86_64	efl-1.25.1-0.src.rpm	YES
PUBLIC	ethumb	ethumb	riscv32	snapshots/sdk/app-rootstrap-native-data-public___tmp_rs_resource_EFL_inhouse_ethumb-rs.xml	ethumb	x86_64	efl-1.25.1-0.src.rpm	NO
PUBLIC	ethumb	ethumb-devel	riscv32	snapshots/sdk/app-rootstrap-native-data-public___tmp_rs_resource_EFL_inhouse_ethumb-rs.xml	ethumb-devel	x86_64	efl-1.25.1-0.src.rpm	NO
PUBLIC	appcore-widget	appcore-widget	i686	snapshots/sdk/app-rootstrap-native-data-public___tmp_rs_resource_NativeAPI_appcore-widget-rs.xml	appcore-widget	x86_64	appcore-widget-1.6.3-1.src.rpm	NO
PUBLIC	appcore-widget	capi-appfw-widget-application-devel	i686	snapshots/sdk/app-rootstrap-native-data-public___tmp_rs_resource_NativeAPI_appcore-widget-rs.xml	capi-appfw-widget-application-devel	x86_64	appcore-widget-1.6.3-1.src.rpm	NO
PUBLIC	appcore-widget	appcore-widget	armv7l	snapshots/sdk/app-rootstrap-native-data-public___tmp_rs_resource_NativeAPI_appcore-widget-rs.xml	appcore-widget	x86_64	appcore-widget-1.6.3-1.src.rpm	YES
PUBLIC	appcore-widget	capi-appfw-widget-application-devel	armv7l	snapshots/sdk/app-rootstrap-native-data-public___tmp_rs_resource_NativeAPI_appcore-widget-rs.xml	capi-appfw-widget-application-devel	x86_64	appcore-widget-1.6.3-1.src.rpm	YES
PUBLIC	appcore-widget	appcore-widget	riscv32	snapshots/sdk/app-rootstrap-native-data-public___tmp_rs_resource_NativeAPI_appcore-widget-rs.xml	appcore-widget	x86_64	appcore-widget-1.6.3-1.src.rpm	NO
PUBLIC	appcore-widget	capi-appfw-widget-application-devel	riscv32	snapshots/sdk/app-rootstrap-native-data-public___tmp_rs_resource_NativeAPI_appcore-widget-rs.xml	capi-appfw-widget-application-devel	x86_64	appcore-widget-1.6.3-1.src.rpm	NO
PUBLIC	badge	badge	i686	snapshots/sdk/app-rootstrap-native-data-public___tmp_rs_resource_NativeAPI_badge-rs.xml	badge	x86_64	badge-0.5.5-1.src.rpm	NO
PUBLIC	badge	badge-devel	i686	snapshots/sdk/app-rootstrap-native-data-public___tmp_rs_resource_NativeAPI_badge-rs.xml	badge-devel	x86_64	badge-0.5.5-1.src.rpm	NO
PUBLIC	badge	badge	armv7l	snapshots/sdk/app-rootstrap-native-data-public___tmp_rs_resource_NativeAPI_badge-rs.xml	badge	x86_64	badge-0.5.5-1.src.rpm	YES
PUBLIC	badge	badge-devel	armv7l	snapshots/sdk/app-rootstrap-native-data-public___tmp_rs_resource_NativeAPI_badge-rs.xml	badge-devel	x86_64	badge-0.5.5-1.src.rpm	YES
PUBLIC	badge	badge	riscv32	snapshots/sdk/app-rootstrap-native-data-public___tmp_rs_resource_NativeAPI_badge-rs.xml	badge	x86_64	badge-0.5.5-1.src.rpm	NO
PUBLIC	badge	badge-devel	riscv32	snapshots/sdk/app-rootstrap-native-data-public___tmp_rs_resource_NativeAPI_badge-rs.xml	badge-devel	x86_64	badge-0.5.5-1.src.rpm	NO
PUBLIC	bundle	bundle	i686	snapshots/sdk/app-rootstrap-native-data-public___tmp_rs_resource_NativeAPI_bundle-rs.xml	bundle	x86_64	bundle-0.18.15-0.src.rpm	NO
PUBLIC	bundle	bundle-devel	i686	snapshots/sdk/app-rootstrap-native-data-public___tmp_rs_resource_NativeAPI_bundle-rs.xml	bundle-devel	x86_64	bundle-0.18.15-0.src.rpm	NO
PUBLIC	bundle	bundle	armv7l	snapshots/sdk/app-rootstrap-native-data-public___tmp_rs_resource_NativeAPI_bundle-rs.xml	bundle	x86_64	bundle-0.18.15-0.src.rpm	YES
PUBLIC	bundle	bundle-devel	armv7l	snapshots/sdk/app-rootstrap-native-data-public___tmp_rs_resource_NativeAPI_bundle-rs.xml	bundle-devel	x86_64	bundle-0.18.15-0.src.rpm	YES
PUBLIC	bundle	bundle	riscv32	snapshots/sdk/app-rootstrap-native-data-public___tmp_rs_resource_NativeAPI_bundle-rs.xml	bundle	x86_64	bundle-0.18.15-0.src.rpm	NO
PUBLIC	bundle	bundle-devel	riscv32	snapshots/sdk/app-rootstrap-native-data-public___tmp_rs_resource_NativeAPI_bundle-rs.xml	bundle-devel	x86_64	bundle-0.18.15-0.src.rpm	NO
PUBLIC	cairo	libcairo	i686	snapshots/sdk/app-rootstrap-native-data-public___tmp_rs_resource_NativeAPI_cairo-rs.xml	libcairo	x86_64	cairo-1.14.2-0.src.rpm	NO
PUBLIC	cairo	libcairo-gobject	i686	snapshots/sdk/app-rootstrap-native-data-public___tmp_rs_resource_NativeAPI_cairo-rs.xml	libcairo-gobject	x86_64	cairo-1.14.2-0.src.rpm	NO
PUBLIC	cairo	libcairo-script-interpreter	i686	snapshots/sdk/app-rootstrap-native-data-public___tmp_rs_resource_NativeAPI_cairo-rs.xml	libcairo-script-interpreter	x86_64	cairo-1.14.2-0.src.rpm	NO
PUBLIC	cairo	cairo-devel	i686	snapshots/sdk/app-rootstrap-native-data-public___tmp_rs_resource_NativeAPI_cairo-rs.xml	cairo-devel	x86_64	cairo-1.14.2-0.src.rpm	NO
PUBLIC	cairo	libcairo	armv7l	snapshots/sdk/app-rootstrap-native-data-public___tmp_rs_resource_NativeAPI_cairo-rs.xml	libcairo	x86_64	cairo-1.14.2-0.src.rpm	YES
PUBLIC	cairo	libcairo-gobject	armv7l	snapshots/sdk/app-rootstrap-native-data-public___tmp_rs_resource_NativeAPI_cairo-rs.xml	libcairo-gobject	x86_64	cairo-1.14.2-0.src.rpm	YES
PUBLIC	cairo	libcairo-script-interpreter	armv7l	snapshots/sdk/app-rootstrap-native-data-public___tmp_rs_resource_NativeAPI_cairo-rs.xml	libcairo-script-interpreter	x86_64	cairo-1.14.2-0.src.rpm	YES
PUBLIC	cairo	cairo-devel	armv7l	snapshots/sdk/app-rootstrap-native-data-public___tmp_rs_resource_NativeAPI_cairo-rs.xml	cairo-devel	x86_64	cairo-1.14.2-0.src.rpm	YES
PUBLIC	cairo	libcairo	riscv32	snapshots/sdk/app-rootstrap-native-data-public___tmp_rs_resource_NativeAPI_cairo-rs.xml	libcairo	x86_64	cairo-1.14.2-0.src.rpm	NO
PUBLIC	cairo	libcairo-gobject	riscv32	snapshots/sdk/app-rootstrap-native-data-public___tmp_rs_resource_NativeAPI_cairo-rs.xml	libcairo-gobject	x86_64	cairo-1.14.2-0.src.rpm	NO
PUBLIC	cairo	libcairo-script-interpreter	riscv32	snapshots/sdk/app-rootstrap-native-data-public___tmp_rs_resource_NativeAPI_cairo-rs.xml	libcairo-script-interpreter	x86_64	cairo-1.14.2-0.src.rpm	NO
PUBLIC	cairo	cairo-devel	riscv32	snapshots/sdk/app-rootstrap-native-data-public___tmp_rs_resource_NativeAPI_cairo-rs.xml	cairo-devel	x86_64	cairo-1.14.2-0.src.rpm	NO
PUBLIC	calendar-service	libcalendar-service	i686	snapshots/sdk/app-rootstrap-native-data-public___tmp_rs_resource_NativeAPI_calendar-service-rs.xml	libcalendar-service	x86_64	calendar-service-0.1.183-1.src.rpm	NO
PUBLIC	calendar-service	calendar-service-devel	i686	snapshots/sdk/app-rootstrap-native-data-public___tmp_rs_resource_NativeAPI_calendar-service-rs.xml	calendar-service-devel	x86_64	calendar-service-0.1.183-1.src.rpm	NO
PUBLIC	calendar-service	libcalendar-service	armv7l	snapshots/sdk/app-rootstrap-native-data-public___tmp_rs_resource_NativeAPI_calendar-service-rs.xml	libcalendar-service	x86_64	calendar-service-0.1.183-1.src.rpm	YES
PUBLIC	calendar-service	calendar-service-devel	armv7l	snapshots/sdk/app-rootstrap-native-data-public___tmp_rs_resource_NativeAPI_calendar-service-rs.xml	calendar-service-devel	x86_64	calendar-service-0.1.183-1.src.rpm	YES
PUBLIC	calendar-service	libcalendar-service	riscv32	snapshots/sdk/app-rootstrap-native-data-public___tmp_rs_resource_NativeAPI_calendar-service-rs.xml	libcalendar-service	x86_64	calendar-service-0.1.183-1.src.rpm	NO
PUBLIC	calendar-service	calendar-service-devel	riscv32	snapshots/sdk/app-rootstrap-native-data-public___tmp_rs_resource_NativeAPI_calendar-service-rs.xml	calendar-service-devel	x86_64	calendar-service-0.1.183-1.src.rpm	NO
PUBLIC	capi-appfw-alarm	capi-appfw-alarm	i686	snapshots/sdk/app-rootstrap-native-data-public___tmp_rs_resource_NativeAPI_capi-appfw-alarm-rs.xml	capi-appfw-alarm	x86_64	capi-appfw-alarm-0.3.7-0.src.rpm	NO
PUBLIC	capi-appfw-alarm	capi-appfw-alarm-devel	i686	snapshots/sdk/app-rootstrap-native-data-public___tmp_rs_resource_NativeAPI_capi-appfw-alarm-rs.xml	capi-appfw-alarm-devel	x86_64	capi-appfw-alarm-0.3.7-0.src.rpm	NO
PUBLIC	capi-appfw-alarm	capi-appfw-alarm	armv7l	snapshots/sdk/app-rootstrap-native-data-public___tmp_rs_resource_NativeAPI_capi-appfw-alarm-rs.xml	capi-appfw-alarm	x86_64	capi-appfw-alarm-0.3.7-0.src.rpm	YES
PUBLIC	capi-appfw-alarm	capi-appfw-alarm-devel	armv7l	snapshots/sdk/app-rootstrap-native-data-public___tmp_rs_resource_NativeAPI_capi-appfw-alarm-rs.xml	capi-appfw-alarm-devel	x86_64	capi-appfw-alarm-0.3.7-0.src.rpm	YES
PUBLIC	capi-appfw-alarm	capi-appfw-alarm	riscv32	snapshots/sdk/app-rootstrap-native-data-public___tmp_rs_resource_NativeAPI_capi-appfw-alarm-rs.xml	capi-appfw-alarm	x86_64	capi-appfw-alarm-0.3.7-0.src.rpm	NO
PUBLIC	capi-appfw-alarm	capi-appfw-alarm-devel	riscv32	snapshots/sdk/app-rootstrap-native-data-public___tmp_rs_resource_NativeAPI_capi-appfw-alarm-rs.xml	capi-appfw-alarm-devel	x86_64	capi-appfw-alarm-0.3.7-0.src.rpm	NO
PUBLIC	capi-appfw-application	capi-appfw-app-common	i686	snapshots/sdk/app-rootstrap-native-data-public___tmp_rs_resource_NativeAPI_capi-appfw-app-common-rs.xml	capi-appfw-app-common	x86_64	capi-appfw-app-common-0.16.3-0.src.rpm	NO
PUBLIC	capi-appfw-application	capi-appfw-app-common-devel	i686	snapshots/sdk/app-rootstrap-native-data-public___tmp_rs_resource_NativeAPI_capi-appfw-app-common-rs.xml	capi-appfw-app-common-devel	x86_64	capi-appfw-app-common-0.16.3-0.src.rpm	NO
PUBLIC	capi-appfw-application	capi-appfw-app-common	armv7l	snapshots/sdk/app-rootstrap-native-data-public___tmp_rs_resource_NativeAPI_capi-appfw-app-common-rs.xml	capi-appfw-app-common	x86_64	capi-appfw-app-common-0.16.3-0.src.rpm	YES
PUBLIC	capi-appfw-application	capi-appfw-app-common-devel	armv7l	snapshots/sdk/app-rootstrap-native-data-public___tmp_rs_resource_NativeAPI_capi-appfw-app-common-rs.xml	capi-appfw-app-common-devel	x86_64	capi-appfw-app-common-0.16.3-0.src.rpm	YES
PUBLIC	capi-appfw-application	capi-appfw-app-common	riscv32	snapshots/sdk/app-rootstrap-native-data-public___tmp_rs_resource_NativeAPI_capi-appfw-app-common-rs.xml	capi-appfw-app-common	x86_64	capi-appfw-app-common-0.16.3-0.src.rpm	NO
PUBLIC	capi-appfw-application	capi-appfw-app-common-devel	riscv32	snapshots/sdk/app-rootstrap-native-data-public___tmp_rs_resource_NativeAPI_capi-appfw-app-common-rs.xml	capi-appfw-app-common-devel	x86_64	capi-appfw-app-common-0.16.3-0.src.rpm	NO
PUBLIC	capi-appfw-application	capi-appfw-app-control	i686	snapshots/sdk/app-rootstrap-native-data-public___tmp_rs_resource_NativeAPI_capi-appfw-app-control-rs.xml	capi-appfw-app-control	x86_64	capi-appfw-app-control-0.26.2-0.src.rpm	NO
PUBLIC	capi-appfw-application	capi-appfw-app-control-devel	i686	snapshots/sdk/app-rootstrap-native-data-public___tmp_rs_resource_NativeAPI_capi-appfw-app-control-rs.xml	capi-appfw-app-control-devel	x86_64	capi-appfw-app-control-0.26.2-0.src.rpm	NO
PUBLIC	capi-appfw-application	capi-appfw-app-control	armv7l	snapshots/sdk/app-rootstrap-native-data-public___tmp_rs_resource_NativeAPI_capi-appfw-app-control-rs.xml	capi-appfw-app-control	x86_64	capi-appfw-app-control-0.26.2-0.src.rpm	YES
PUBLIC	capi-appfw-application	capi-appfw-app-control-devel	armv7l	snapshots/sdk/app-rootstrap-native-data-public___tmp_rs_resource_NativeAPI_capi-appfw-app-control-rs.xml	capi-appfw-app-control-devel	x86_64	capi-appfw-app-control-0.26.2-0.src.rpm	YES
PUBLIC	capi-appfw-application	capi-appfw-app-control	riscv32	snapshots/sdk/app-rootstrap-native-data-public___tmp_rs_resource_NativeAPI_capi-appfw-app-control-rs.xml	capi-appfw-app-control	x86_64	capi-appfw-app-control-0.26.2-0.src.rpm	NO
PUBLIC	capi-appfw-application	capi-appfw-app-control-devel	riscv32	snapshots/sdk/app-rootstrap-native-data-public___tmp_rs_resource_NativeAPI_capi-appfw-app-control-rs.xml	capi-appfw-app-control-devel	x86_64	capi-appfw-app-control-0.26.2-0.src.rpm	NO
PUBLIC	capi-appfw-app-manager	capi-appfw-app-manager	i686	snapshots/sdk/app-rootstrap-native-data-public___tmp_rs_resource_NativeAPI_capi-appfw-app-manager-rs.xml	capi-appfw-app-manager	x86_64	capi-appfw-app-manager-0.18.0-1.src.rpm	NO
PUBLIC	capi-appfw-app-manager	capi-appfw-app-manager-devel	i686	snapshots/sdk/app-rootstrap-native-data-public___tmp_rs_resource_NativeAPI_capi-appfw-app-manager-rs.xml	capi-appfw-app-manager-devel	x86_64	capi-appfw-app-manager-0.18.0-1.src.rpm	NO
PUBLIC	capi-appfw-app-manager	capi-appfw-app-manager	armv7l	snapshots/sdk/app-rootstrap-native-data-public___tmp_rs_resource_NativeAPI_capi-appfw-app-manager-rs.xml	capi-appfw-app-manager	x86_64	capi-appfw-app-manager-0.18.0-1.src.rpm	YES
PUBLIC	capi-appfw-app-manager	capi-appfw-app-manager-devel	armv7l	snapshots/sdk/app-rootstrap-native-data-public___tmp_rs_resource_NativeAPI_capi-appfw-app-manager-rs.xml	capi-appfw-app-manager-devel	x86_64	capi-appfw-app-manager-0.18.0-1.src.rpm	YES
PUBLIC	capi-appfw-app-manager	capi-appfw-app-manager	riscv32	snapshots/sdk/app-rootstrap-native-data-public___tmp_rs_resource_NativeAPI_capi-appfw-app-manager-rs.xml	capi-appfw-app-manager	x86_64	capi-appfw-app-manager-0.18.0-1.src.rpm	NO
PUBLIC	capi-appfw-app-manager	capi-appfw-app-manager-devel	riscv32	snapshots/sdk/app-rootstrap-native-data-public___tmp_rs_resource_NativeAPI_capi-appfw-app-manager-rs.xml	capi-appfw-app-manager-devel	x86_64	capi-appfw-app-manager-0.18.0-1.src.rpm	NO
PUBLIC	capi-appfw-application	capi-appfw-application	i686	snapshots/sdk/app-rootstrap-native-data-public___tmp_rs_resource_NativeAPI_capi-appfw-application-rs.xml	capi-appfw-application	x86_64	capi-appfw-application-0.10.2-0.src.rpm	NO
PUBLIC	capi-appfw-application	capi-appfw-application-devel	i686	snapshots/sdk/app-rootstrap-native-data-public___tmp_rs_resource_NativeAPI_capi-appfw-application-rs.xml	capi-appfw-application-devel	x86_64	capi-appfw-application-0.10.2-0.src.rpm	NO
PUBLIC	capi-appfw-application	capi-appfw-application	armv7l	snapshots/sdk/app-rootstrap-native-data-public___tmp_rs_resource_NativeAPI_capi-appfw-application-rs.xml	capi-appfw-application	x86_64	capi-appfw-application-0.10.2-0.src.rpm	YES
PUBLIC	capi-appfw-application	capi-appfw-application-devel	armv7l	snapshots/sdk/app-rootstrap-native-data-public___tmp_rs_resource_NativeAPI_capi-appfw-application-rs.xml	capi-appfw-application-devel	x86_64	capi-appfw-application-0.10.2-0.src.rpm	YES
PUBLIC	capi-appfw-application	capi-appfw-application	riscv32	snapshots/sdk/app-rootstrap-native-data-public___tmp_rs_resource_NativeAPI_capi-appfw-application-rs.xml	capi-appfw-application	x86_64	capi-appfw-application-0.10.2-0.src.rpm	NO
PUBLIC	capi-appfw-application	capi-appfw-application-devel	riscv32	snapshots/sdk/app-rootstrap-native-data-public___tmp_rs_resource_NativeAPI_capi-appfw-application-rs.xml	capi-appfw-application-devel	x86_64	capi-appfw-application-0.10.2-0.src.rpm	NO
PUBLIC	capi-appfw-component-manager	capi-appfw-component-manager	i686	snapshots/sdk/app-rootstrap-native-data-public___tmp_rs_resource_NativeAPI_capi-appfw-component-manager-rs.xml	capi-appfw-component-manager	x86_64	capi-appfw-component-manager-1.2.6-1.src.rpm	NO
PUBLIC	capi-appfw-component-manager	capi-appfw-component-manager-devel	i686	snapshots/sdk/app-rootstrap-native-data-public___tmp_rs_resource_NativeAPI_capi-appfw-component-manager-rs.xml	capi-appfw-component-manager-devel	x86_64	capi-appfw-component-manager-1.2.6-1.src.rpm	NO
PUBLIC	capi-appfw-component-manager	capi-appfw-component-manager	armv7l	snapshots/sdk/app-rootstrap-native-data-public___tmp_rs_resource_NativeAPI_capi-appfw-component-manager-rs.xml	capi-appfw-component-manager	x86_64	capi-appfw-component-manager-1.2.6-1.src.rpm	YES
PUBLIC	capi-appfw-component-manager	capi-appfw-component-manager-devel	armv7l	snapshots/sdk/app-rootstrap-native-data-public___tmp_rs_resource_NativeAPI_capi-appfw-component-manager-rs.xml	capi-appfw-component-manager-devel	x86_64	capi-appfw-component-manager-1.2.6-1.src.rpm	YES
PUBLIC	capi-appfw-component-manager	capi-appfw-component-manager	riscv32	snapshots/sdk/app-rootstrap-native-data-public___tmp_rs_resource_NativeAPI_capi-appfw-component-manager-rs.xml	capi-appfw-component-manager	x86_64	capi-appfw-component-manager-1.2.6-1.src.rpm	NO
PUBLIC	capi-appfw-component-manager	capi-appfw-component-manager-devel	riscv32	snapshots/sdk/app-rootstrap-native-data-public___tmp_rs_resource_NativeAPI_capi-appfw-component-manager-rs.xml	capi-appfw-component-manager-devel	x86_64	capi-appfw-component-manager-1.2.6-1.src.rpm	NO
PUBLIC	capi-appfw-application	capi-appfw-event	i686	snapshots/sdk/app-rootstrap-native-data-public___tmp_rs_resource_NativeAPI_capi-appfw-event-rs.xml	capi-appfw-event	x86_64	capi-appfw-event-0.6.22-0.src.rpm	NO
PUBLIC	capi-appfw-application	capi-appfw-event-devel	i686	snapshots/sdk/app-rootstrap-native-data-public___tmp_rs_resource_NativeAPI_capi-appfw-event-rs.xml	capi-appfw-event-devel	x86_64	capi-appfw-event-0.6.22-0.src.rpm	NO
PUBLIC	capi-appfw-application	capi-appfw-event	armv7l	snapshots/sdk/app-rootstrap-native-data-public___tmp_rs_resource_NativeAPI_capi-appfw-event-rs.xml	capi-appfw-event	x86_64	capi-appfw-event-0.6.22-0.src.rpm	YES
PUBLIC	capi-appfw-application	capi-appfw-event-devel	armv7l	snapshots/sdk/app-rootstrap-native-data-public___tmp_rs_resource_NativeAPI_capi-appfw-event-rs.xml	capi-appfw-event-devel	x86_64	capi-appfw-event-0.6.22-0.src.rpm	YES
PUBLIC	capi-appfw-application	capi-appfw-event	riscv32	snapshots/sdk/app-rootstrap-native-data-public___tmp_rs_resource_NativeAPI_capi-appfw-event-rs.xml	capi-appfw-event	x86_64	capi-appfw-event-0.6.22-0.src.rpm	NO
PUBLIC	capi-appfw-application	capi-appfw-event-devel	riscv32	snapshots/sdk/app-rootstrap-native-data-public___tmp_rs_resource_NativeAPI_capi-appfw-event-rs.xml	capi-appfw-event-devel	x86_64	capi-appfw-event-0.6.22-0.src.rpm	NO
PUBLIC	capi-appfw-job-scheduler	capi-appfw-job-scheduler	i686	snapshots/sdk/app-rootstrap-native-data-public___tmp_rs_resource_NativeAPI_capi-appfw-job-scheduler-rs.xml	capi-appfw-job-scheduler	x86_64	capi-appfw-job-scheduler-0.1.14-0.src.rpm	NO
PUBLIC	capi-appfw-job-scheduler	capi-appfw-job-scheduler-devel	i686	snapshots/sdk/app-rootstrap-native-data-public___tmp_rs_resource_NativeAPI_capi-appfw-job-scheduler-rs.xml	capi-appfw-job-scheduler-devel	x86_64	capi-appfw-job-scheduler-0.1.14-0.src.rpm	NO
PUBLIC	capi-appfw-job-scheduler	capi-appfw-job-scheduler	armv7l	snapshots/sdk/app-rootstrap-native-data-public___tmp_rs_resource_NativeAPI_capi-appfw-job-scheduler-rs.xml	capi-appfw-job-scheduler	x86_64	capi-appfw-job-scheduler-0.1.14-0.src.rpm	YES
PUBLIC	capi-appfw-job-scheduler	capi-appfw-job-scheduler-devel	armv7l	snapshots/sdk/app-rootstrap-native-data-public___tmp_rs_resource_NativeAPI_capi-appfw-job-scheduler-rs.xml	capi-appfw-job-scheduler-devel	x86_64	capi-appfw-job-scheduler-0.1.14-0.src.rpm	YES
PUBLIC	capi-appfw-job-scheduler	capi-appfw-job-scheduler	riscv32	snapshots/sdk/app-rootstrap-native-data-public___tmp_rs_resource_NativeAPI_capi-appfw-job-scheduler-rs.xml	capi-appfw-job-scheduler	x86_64	capi-appfw-job-scheduler-0.1.14-0.src.rpm	NO
PUBLIC	capi-appfw-job-scheduler	capi-appfw-job-scheduler-devel	riscv32	snapshots/sdk/app-rootstrap-native-data-public___tmp_rs_resource_NativeAPI_capi-appfw-job-scheduler-rs.xml	capi-appfw-job-scheduler-devel	x86_64	capi-appfw-job-scheduler-0.1.14-0.src.rpm	NO
PUBLIC	capi-appfw-package-manager	capi-appfw-package-manager	i686	snapshots/sdk/app-rootstrap-native-data-public___tmp_rs_resource_NativeAPI_capi-appfw-package-manager-rs.xml	capi-appfw-package-manager	x86_64	capi-appfw-package-manager-0.15.3-1.src.rpm	NO
PUBLIC	capi-appfw-package-manager	capi-appfw-package-manager-devel	i686	snapshots/sdk/app-rootstrap-native-data-public___tmp_rs_resource_NativeAPI_capi-appfw-package-manager-rs.xml	capi-appfw-package-manager-devel	x86_64	capi-appfw-package-manager-0.15.3-1.src.rpm	NO
PUBLIC	capi-appfw-package-manager	capi-appfw-package-manager	armv7l	snapshots/sdk/app-rootstrap-native-data-public___tmp_rs_resource_NativeAPI_capi-appfw-package-manager-rs.xml	capi-appfw-package-manager	x86_64	capi-appfw-package-manager-0.15.3-1.src.rpm	YES
PUBLIC	capi-appfw-package-manager	capi-appfw-package-manager-devel	armv7l	snapshots/sdk/app-rootstrap-native-data-public___tmp_rs_resource_NativeAPI_capi-appfw-package-manager-rs.xml	capi-appfw-package-manager-devel	x86_64	capi-appfw-package-manager-0.15.3-1.src.rpm	YES
PUBLIC	capi-appfw-package-manager	capi-appfw-package-manager	riscv32	snapshots/sdk/app-rootstrap-native-data-public___tmp_rs_resource_NativeAPI_capi-appfw-package-manager-rs.xml	capi-appfw-package-manager	x86_64	capi-appfw-package-manager-0.15.3-1.src.rpm	NO
PUBLIC	capi-appfw-package-manager	capi-appfw-package-manager-devel	riscv32	snapshots/sdk/app-rootstrap-native-data-public___tmp_rs_resource_NativeAPI_capi-appfw-package-manager-rs.xml	capi-appfw-package-manager-devel	x86_64	capi-appfw-package-manager-0.15.3-1.src.rpm	NO
PUBLIC	capi-appfw-application	capi-appfw-preference	i686	snapshots/sdk/app-rootstrap-native-data-public___tmp_rs_resource_NativeAPI_capi-appfw-preference-rs.xml	capi-appfw-preference	x86_64	capi-appfw-preference-0.6.24-0.src.rpm	NO
PUBLIC	capi-appfw-application	capi-appfw-preference-devel	i686	snapshots/sdk/app-rootstrap-native-data-public___tmp_rs_resource_NativeAPI_capi-appfw-preference-rs.xml	capi-appfw-preference-devel	x86_64	capi-appfw-preference-0.6.24-0.src.rpm	NO
PUBLIC	capi-appfw-application	capi-appfw-preference	armv7l	snapshots/sdk/app-rootstrap-native-data-public___tmp_rs_resource_NativeAPI_capi-appfw-preference-rs.xml	capi-appfw-preference	x86_64	capi-appfw-preference-0.6.24-0.src.rpm	YES
PUBLIC	capi-appfw-application	capi-appfw-preference-devel	armv7l	snapshots/sdk/app-rootstrap-native-data-public___tmp_rs_resource_NativeAPI_capi-appfw-preference-rs.xml	capi-appfw-preference-devel	x86_64	capi-appfw-preference-0.6.24-0.src.rpm	YES
PUBLIC	capi-appfw-application	capi-appfw-preference	riscv32	snapshots/sdk/app-rootstrap-native-data-public___tmp_rs_resource_NativeAPI_capi-appfw-preference-rs.xml	capi-appfw-preference	x86_64	capi-appfw-preference-0.6.24-0.src.rpm	NO
PUBLIC	capi-appfw-application	capi-appfw-preference-devel	riscv32	snapshots/sdk/app-rootstrap-native-data-public___tmp_rs_resource_NativeAPI_capi-appfw-preference-rs.xml	capi-appfw-preference-devel	x86_64	capi-appfw-preference-0.6.24-0.src.rpm	NO
PUBLIC	capi-appfw-service-application appcore-agent	capi-appfw-service-application-devel	i686	snapshots/sdk/app-rootstrap-native-data-public___tmp_rs_resource_NativeAPI_capi-appfw-service-application-rs.xml	capi-appfw-service-application-devel	x86_64	appcore-agent-1.7.7-1.src.rpm	NO
PUBLIC	capi-appfw-service-application appcore-agent	appcore-agent	i686	snapshots/sdk/app-rootstrap-native-data-public___tmp_rs_resource_NativeAPI_capi-appfw-service-application-rs.xml	appcore-agent	x86_64	appcore-agent-1.7.7-1.src.rpm	NO
PUBLIC	capi-appfw-service-application appcore-agent	capi-appfw-service-application-devel	armv7l	snapshots/sdk/app-rootstrap-native-data-public___tmp_rs_resource_NativeAPI_capi-appfw-service-application-rs.xml	capi-appfw-service-application-devel	x86_64	appcore-agent-1.7.7-1.src.rpm	YES
PUBLIC	capi-appfw-service-application appcore-agent	appcore-agent	armv7l	snapshots/sdk/app-rootstrap-native-data-public___tmp_rs_resource_NativeAPI_capi-appfw-service-application-rs.xml	appcore-agent	x86_64	appcore-agent-1.7.7-1.src.rpm	YES
PUBLIC	capi-appfw-service-application appcore-agent	capi-appfw-service-application-devel	riscv32	snapshots/sdk/app-rootstrap-native-data-public___tmp_rs_resource_NativeAPI_capi-appfw-service-application-rs.xml	capi-appfw-service-application-devel	x86_64	appcore-agent-1.7.7-1.src.rpm	NO
PUBLIC	capi-appfw-service-application appcore-agent	appcore-agent	riscv32	snapshots/sdk/app-rootstrap-native-data-public___tmp_rs_resource_NativeAPI_capi-appfw-service-application-rs.xml	appcore-agent	x86_64	appcore-agent-1.7.7-1.src.rpm	NO
PUBLIC	capi-base-common	capi-base-common	i686	snapshots/sdk/app-rootstrap-native-data-public___tmp_rs_resource_NativeAPI_capi-base-common-rs.xml	capi-base-common	x86_64	capi-base-common-0.4.82-1.src.rpm	NO
PUBLIC	capi-base-common	capi-base-common-devel	i686	snapshots/sdk/app-rootstrap-native-data-public___tmp_rs_resource_NativeAPI_capi-base-common-rs.xml	capi-base-common-devel	x86_64	capi-base-common-0.4.82-1.src.rpm	NO
PUBLIC	capi-base-common	capi-base-common	armv7l	snapshots/sdk/app-rootstrap-native-data-public___tmp_rs_resource_NativeAPI_capi-base-common-rs.xml	capi-base-common	x86_64	capi-base-common-0.4.82-1.src.rpm	YES
PUBLIC	capi-base-common	capi-base-common-devel	armv7l	snapshots/sdk/app-rootstrap-native-data-public___tmp_rs_resource_NativeAPI_capi-base-common-rs.xml	capi-base-common-devel	x86_64	capi-base-common-0.4.82-1.src.rpm	YES
PUBLIC	capi-base-common	capi-base-common	riscv32	snapshots/sdk/app-rootstrap-native-data-public___tmp_rs_resource_NativeAPI_capi-base-common-rs.xml	capi-base-common	x86_64	capi-base-common-0.4.82-1.src.rpm	NO
PUBLIC	capi-base-common	capi-base-common-devel	riscv32	snapshots/sdk/app-rootstrap-native-data-public___tmp_rs_resource_NativeAPI_capi-base-common-rs.xml	capi-base-common-devel	x86_64	capi-base-common-0.4.82-1.src.rpm	NO
PUBLIC	capi-base-utils	capi-base-utils	i686	snapshots/sdk/app-rootstrap-native-data-public___tmp_rs_resource_NativeAPI_capi-base-utils-rs.xml	capi-base-utils	x86_64	capi-base-utils-3.1.5-2.src.rpm	NO
PUBLIC	capi-base-utils	capi-base-utils-devel	i686	snapshots/sdk/app-rootstrap-native-data-public___tmp_rs_resource_NativeAPI_capi-base-utils-rs.xml	capi-base-utils-devel	x86_64	capi-base-utils-3.1.5-2.src.rpm	NO
PUBLIC	capi-base-utils	capi-base-utils	armv7l	snapshots/sdk/app-rootstrap-native-data-public___tmp_rs_resource_NativeAPI_capi-base-utils-rs.xml	capi-base-utils	x86_64	capi-base-utils-3.1.5-2.src.rpm	YES
PUBLIC	capi-base-utils	capi-base-utils-devel	armv7l	snapshots/sdk/app-rootstrap-native-data-public___tmp_rs_resource_NativeAPI_capi-base-utils-rs.xml	capi-base-utils-devel	x86_64	capi-base-utils-3.1.5-2.src.rpm	YES
PUBLIC	capi-base-utils	capi-base-utils	riscv32	snapshots/sdk/app-rootstrap-native-data-public___tmp_rs_resource_NativeAPI_capi-base-utils-rs.xml	capi-base-utils	x86_64	capi-base-utils-3.1.5-2.src.rpm	NO
PUBLIC	capi-base-utils	capi-base-utils-devel	riscv32	snapshots/sdk/app-rootstrap-native-data-public___tmp_rs_resource_NativeAPI_capi-base-utils-rs.xml	capi-base-utils-devel	x86_64	capi-base-utils-3.1.5-2.src.rpm	NO
PUBLIC	capi-content-media-content	capi-content-media-content	i686	snapshots/sdk/app-rootstrap-native-data-public___tmp_rs_resource_NativeAPI_capi-content-media-content-rs.xml	capi-content-media-content	x86_64	capi-content-media-content-0.6.12-0.src.rpm	NO
PUBLIC	capi-content-media-content	capi-content-media-content-devel	i686	snapshots/sdk/app-rootstrap-native-data-public___tmp_rs_resource_NativeAPI_capi-content-media-content-rs.xml	capi-content-media-content-devel	x86_64	capi-content-media-content-0.6.12-0.src.rpm	NO
PUBLIC	capi-content-media-content	capi-content-media-content	armv7l	snapshots/sdk/app-rootstrap-native-data-public___tmp_rs_resource_NativeAPI_capi-content-media-content-rs.xml	capi-content-media-content	x86_64	capi-content-media-content-0.6.12-0.src.rpm	YES
PUBLIC	capi-content-media-content	capi-content-media-content-devel	armv7l	snapshots/sdk/app-rootstrap-native-data-public___tmp_rs_resource_NativeAPI_capi-content-media-content-rs.xml	capi-content-media-content-devel	x86_64	capi-content-media-content-0.6.12-0.src.rpm	YES
PUBLIC	capi-content-media-content	capi-content-media-content	riscv32	snapshots/sdk/app-rootstrap-native-data-public___tmp_rs_resource_NativeAPI_capi-content-media-content-rs.xml	capi-content-media-content	x86_64	capi-content-media-content-0.6.12-0.src.rpm	NO
PUBLIC	capi-content-media-content	capi-content-media-content-devel	riscv32	snapshots/sdk/app-rootstrap-native-data-public___tmp_rs_resource_NativeAPI_capi-content-media-content-rs.xml	capi-content-media-content-devel	x86_64	capi-content-media-content-0.6.12-0.src.rpm	NO
PUBLIC	capi-content-mime-type	capi-content-mime-type	i686	snapshots/sdk/app-rootstrap-native-data-public___tmp_rs_resource_NativeAPI_capi-content-mime-type-rs.xml	capi-content-mime-type	x86_64	capi-content-mime-type-0.1.9-1.src.rpm	NO
PUBLIC	capi-content-mime-type	capi-content-mime-type-devel	i686	snapshots/sdk/app-rootstrap-native-data-public___tmp_rs_resource_NativeAPI_capi-content-mime-type-rs.xml	capi-content-mime-type-devel	x86_64	capi-content-mime-type-0.1.9-1.src.rpm	NO
PUBLIC	capi-content-mime-type	capi-content-mime-type	armv7l	snapshots/sdk/app-rootstrap-native-data-public___tmp_rs_resource_NativeAPI_capi-content-mime-type-rs.xml	capi-content-mime-type	x86_64	capi-content-mime-type-0.1.9-1.src.rpm	YES
PUBLIC	capi-content-mime-type	capi-content-mime-type-devel	armv7l	snapshots/sdk/app-rootstrap-native-data-public___tmp_rs_resource_NativeAPI_capi-content-mime-type-rs.xml	capi-content-mime-type-devel	x86_64	capi-content-mime-type-0.1.9-1.src.rpm	YES
PUBLIC	capi-content-mime-type	capi-content-mime-type	riscv32	snapshots/sdk/app-rootstrap-native-data-public___tmp_rs_resource_NativeAPI_capi-content-mime-type-rs.xml	capi-content-mime-type	x86_64	capi-content-mime-type-0.1.9-1.src.rpm	NO
PUBLIC	capi-content-mime-type	capi-content-mime-type-devel	riscv32	snapshots/sdk/app-rootstrap-native-data-public___tmp_rs_resource_NativeAPI_capi-content-mime-type-rs.xml	capi-content-mime-type-devel	x86_64	capi-content-mime-type-0.1.9-1.src.rpm	NO
PUBLIC	capi-context	capi-context	i686	snapshots/sdk/app-rootstrap-native-data-public___tmp_rs_resource_NativeAPI_capi-context-rs.xml	capi-context	x86_64	capi-context-1.0.6-1.src.rpm	NO
PUBLIC	capi-context	capi-context-devel	i686	snapshots/sdk/app-rootstrap-native-data-public___tmp_rs_resource_NativeAPI_capi-context-rs.xml	capi-context-devel	x86_64	capi-context-1.0.6-1.src.rpm	NO
PUBLIC	capi-context	capi-context	armv7l	snapshots/sdk/app-rootstrap-native-data-public___tmp_rs_resource_NativeAPI_capi-context-rs.xml	capi-context	x86_64	capi-context-1.0.6-1.src.rpm	YES
PUBLIC	capi-context	capi-context-devel	armv7l	snapshots/sdk/app-rootstrap-native-data-public___tmp_rs_resource_NativeAPI_capi-context-rs.xml	capi-context-devel	x86_64	capi-context-1.0.6-1.src.rpm	YES
PUBLIC	capi-context	capi-context	riscv32	snapshots/sdk/app-rootstrap-native-data-public___tmp_rs_resource_NativeAPI_capi-context-rs.xml	capi-context	x86_64	capi-context-1.0.6-1.src.rpm	NO
PUBLIC	capi-context	capi-context-devel	riscv32	snapshots/sdk/app-rootstrap-native-data-public___tmp_rs_resource_NativeAPI_capi-context-rs.xml	capi-context-devel	x86_64	capi-context-1.0.6-1.src.rpm	NO
PUBLIC	capi-data-control	data-control	i686	snapshots/sdk/app-rootstrap-native-data-public___tmp_rs_resource_NativeAPI_capi-data-control-rs.xml	data-control	x86_64	data-control-0.4.31-1.src.rpm	NO
PUBLIC	capi-data-control	data-control-devel	i686	snapshots/sdk/app-rootstrap-native-data-public___tmp_rs_resource_NativeAPI_capi-data-control-rs.xml	data-control-devel	x86_64	data-control-0.4.31-1.src.rpm	NO
PUBLIC	capi-data-control	data-control	armv7l	snapshots/sdk/app-rootstrap-native-data-public___tmp_rs_resource_NativeAPI_capi-data-control-rs.xml	data-control	x86_64	data-control-0.4.31-1.src.rpm	YES
PUBLIC	capi-data-control	data-control-devel	armv7l	snapshots/sdk/app-rootstrap-native-data-public___tmp_rs_resource_NativeAPI_capi-data-control-rs.xml	data-control-devel	x86_64	data-control-0.4.31-1.src.rpm	YES
PUBLIC	capi-data-control	data-control	riscv32	snapshots/sdk/app-rootstrap-native-data-public___tmp_rs_resource_NativeAPI_capi-data-control-rs.xml	data-control	x86_64	data-control-0.4.31-1.src.rpm	NO
PUBLIC	capi-data-control	data-control-devel	riscv32	snapshots/sdk/app-rootstrap-native-data-public___tmp_rs_resource_NativeAPI_capi-data-control-rs.xml	data-control-devel	x86_64	data-control-0.4.31-1.src.rpm	NO
PUBLIC	capi-location-manager	capi-location-manager	i686	snapshots/sdk/app-rootstrap-native-data-public___tmp_rs_resource_NativeAPI_capi-location-manager-rs.xml	capi-location-manager	x86_64	capi-location-manager-0.8.4-1.src.rpm	NO
PUBLIC	capi-location-manager	capi-location-manager-devel	i686	snapshots/sdk/app-rootstrap-native-data-public___tmp_rs_resource_NativeAPI_capi-location-manager-rs.xml	capi-location-manager-devel	x86_64	capi-location-manager-0.8.4-1.src.rpm	NO
PUBLIC	capi-location-manager	capi-location-manager	armv7l	snapshots/sdk/app-rootstrap-native-data-public___tmp_rs_resource_NativeAPI_capi-location-manager-rs.xml	capi-location-manager	x86_64	capi-location-manager-0.8.4-1.src.rpm	YES
PUBLIC	capi-location-manager	capi-location-manager-devel	armv7l	snapshots/sdk/app-rootstrap-native-data-public___tmp_rs_resource_NativeAPI_capi-location-manager-rs.xml	capi-location-manager-devel	x86_64	capi-location-manager-0.8.4-1.src.rpm	YES
PUBLIC	capi-location-manager	capi-location-manager	riscv32	snapshots/sdk/app-rootstrap-native-data-public___tmp_rs_resource_NativeAPI_capi-location-manager-rs.xml	capi-location-manager	x86_64	capi-location-manager-0.8.4-1.src.rpm	NO
PUBLIC	capi-location-manager	capi-location-manager-devel	riscv32	snapshots/sdk/app-rootstrap-native-data-public___tmp_rs_resource_NativeAPI_capi-location-manager-rs.xml	capi-location-manager-devel	x86_64	capi-location-manager-0.8.4-1.src.rpm	NO
PUBLIC	capi-machine-learning-inference	capi-machine-learning-inference	i686	snapshots/sdk/app-rootstrap-native-data-public___tmp_rs_resource_NativeAPI_capi-machine-learning-inference-rs.xml	capi-machine-learning-inference	x86_64	capi-machine-learning-inference-1.8.8-0.src.rpm	NO
PUBLIC	capi-machine-learning-inference	capi-machine-learning-inference-single	i686	snapshots/sdk/app-rootstrap-native-data-public___tmp_rs_resource_NativeAPI_capi-machine-learning-inference-rs.xml	capi-machine-learning-inference-single	x86_64	capi-machine-learning-inference-1.8.8-0.src.rpm	NO
PUBLIC	capi-machine-learning-inference	capi-machine-learning-common	i686	snapshots/sdk/app-rootstrap-native-data-public___tmp_rs_resource_NativeAPI_capi-machine-learning-inference-rs.xml	capi-machine-learning-common	x86_64	capi-machine-learning-inference-1.8.8-0.src.rpm	NO
PUBLIC	capi-machine-learning-inference	capi-machine-learning-inference-devel	i686	snapshots/sdk/app-rootstrap-native-data-public___tmp_rs_resource_NativeAPI_capi-machine-learning-inference-rs.xml	capi-machine-learning-inference-devel	x86_64	capi-machine-learning-inference-1.8.8-0.src.rpm	NO
PUBLIC	capi-machine-learning-inference	capi-machine-learning-inference-single-devel	i686	snapshots/sdk/app-rootstrap-native-data-public___tmp_rs_resource_NativeAPI_capi-machine-learning-inference-rs.xml	capi-machine-learning-inference-single-devel	x86_64	capi-machine-learning-inference-1.8.8-0.src.rpm	NO
PUBLIC	capi-machine-learning-inference	capi-machine-learning-common-devel	i686	snapshots/sdk/app-rootstrap-native-data-public___tmp_rs_resource_NativeAPI_capi-machine-learning-inference-rs.xml	capi-machine-learning-common-devel	x86_64	capi-machine-learning-inference-1.8.8-0.src.rpm	NO
PUBLIC	capi-machine-learning-inference	capi-machine-learning-inference	armv7l	snapshots/sdk/app-rootstrap-native-data-public___tmp_rs_resource_NativeAPI_capi-machine-learning-inference-rs.xml	capi-machine-learning-inference	x86_64	capi-machine-learning-inference-1.8.8-0.src.rpm	YES
PUBLIC	capi-machine-learning-inference	capi-machine-learning-inference-single	armv7l	snapshots/sdk/app-rootstrap-native-data-public___tmp_rs_resource_NativeAPI_capi-machine-learning-inference-rs.xml	capi-machine-learning-inference-single	x86_64	capi-machine-learning-inference-1.8.8-0.src.rpm	YES
PUBLIC	capi-machine-learning-inference	capi-machine-learning-common	armv7l	snapshots/sdk/app-rootstrap-native-data-public___tmp_rs_resource_NativeAPI_capi-machine-learning-inference-rs.xml	capi-machine-learning-common	x86_64	capi-machine-learning-inference-1.8.8-0.src.rpm	YES
PUBLIC	capi-machine-learning-inference	capi-machine-learning-inference-devel	armv7l	snapshots/sdk/app-rootstrap-native-data-public___tmp_rs_resource_NativeAPI_capi-machine-learning-inference-rs.xml	capi-machine-learning-inference-devel	x86_64	capi-machine-learning-inference-1.8.8-0.src.rpm	YES
PUBLIC	capi-machine-learning-inference	capi-machine-learning-inference-single-devel	armv7l	snapshots/sdk/app-rootstrap-native-data-public___tmp_rs_resource_NativeAPI_capi-machine-learning-inference-rs.xml	capi-machine-learning-inference-single-devel	x86_64	capi-machine-learning-inference-1.8.8-0.src.rpm	YES
PUBLIC	capi-machine-learning-inference	capi-machine-learning-common-devel	armv7l	snapshots/sdk/app-rootstrap-native-data-public___tmp_rs_resource_NativeAPI_capi-machine-learning-inference-rs.xml	capi-machine-learning-common-devel	x86_64	capi-machine-learning-inference-1.8.8-0.src.rpm	YES
PUBLIC	capi-machine-learning-inference	capi-machine-learning-inference	riscv32	snapshots/sdk/app-rootstrap-native-data-public___tmp_rs_resource_NativeAPI_capi-machine-learning-inference-rs.xml	capi-machine-learning-inference	x86_64	capi-machine-learning-inference-1.8.8-0.src.rpm	NO
PUBLIC	capi-machine-learning-inference	capi-machine-learning-inference-single	riscv32	snapshots/sdk/app-rootstrap-native-data-public___tmp_rs_resource_NativeAPI_capi-machine-learning-inference-rs.xml	capi-machine-learning-inference-single	x86_64	capi-machine-learning-inference-1.8.8-0.src.rpm	NO
PUBLIC	capi-machine-learning-inference	capi-machine-learning-common	riscv32	snapshots/sdk/app-rootstrap-native-data-public___tmp_rs_resource_NativeAPI_capi-machine-learning-inference-rs.xml	capi-machine-learning-common	x86_64	capi-machine-learning-inference-1.8.8-0.src.rpm	NO
PUBLIC	capi-machine-learning-inference	capi-machine-learning-inference-devel	riscv32	snapshots/sdk/app-rootstrap-native-data-public___tmp_rs_resource_NativeAPI_capi-machine-learning-inference-rs.xml	capi-machine-learning-inference-devel	x86_64	capi-machine-learning-inference-1.8.8-0.src.rpm	NO
PUBLIC	capi-machine-learning-inference	capi-machine-learning-inference-single-devel	riscv32	snapshots/sdk/app-rootstrap-native-data-public___tmp_rs_resource_NativeAPI_capi-machine-learning-inference-rs.xml	capi-machine-learning-inference-single-devel	x86_64	capi-machine-learning-inference-1.8.8-0.src.rpm	NO
PUBLIC	capi-machine-learning-inference	capi-machine-learning-common-devel	riscv32	snapshots/sdk/app-rootstrap-native-data-public___tmp_rs_resource_NativeAPI_capi-machine-learning-inference-rs.xml	capi-machine-learning-common-devel	x86_64	capi-machine-learning-inference-1.8.8-0.src.rpm	NO
PUBLIC	capi-machine-learning-service	capi-machine-learning-service	i686	snapshots/sdk/app-rootstrap-native-data-public___tmp_rs_resource_NativeAPI_capi-machine-learning-service-rs.xml	capi-machine-learning-service	x86_64	capi-machine-learning-inference-1.8.8-0.src.rpm	NO
PUBLIC	capi-machine-learning-service	capi-machine-learning-common	i686	snapshots/sdk/app-rootstrap-native-data-public___tmp_rs_resource_NativeAPI_capi-machine-learning-service-rs.xml	capi-machine-learning-common	x86_64	capi-machine-learning-inference-1.8.8-0.src.rpm	NO
PUBLIC	capi-machine-learning-service	capi-machine-learning-service-devel	i686	snapshots/sdk/app-rootstrap-native-data-public___tmp_rs_resource_NativeAPI_capi-machine-learning-service-rs.xml	capi-machine-learning-service-devel	x86_64	capi-machine-learning-inference-1.8.8-0.src.rpm	NO
PUBLIC	capi-machine-learning-service	capi-machine-learning-common-devel	i686	snapshots/sdk/app-rootstrap-native-data-public___tmp_rs_resource_NativeAPI_capi-machine-learning-service-rs.xml	capi-machine-learning-common-devel	x86_64	capi-machine-learning-inference-1.8.8-0.src.rpm	NO
PUBLIC	capi-machine-learning-service	capi-machine-learning-service	armv7l	snapshots/sdk/app-rootstrap-native-data-public___tmp_rs_resource_NativeAPI_capi-machine-learning-service-rs.xml	capi-machine-learning-service	x86_64	capi-machine-learning-inference-1.8.8-0.src.rpm	YES
PUBLIC	capi-machine-learning-service	capi-machine-learning-common	armv7l	snapshots/sdk/app-rootstrap-native-data-public___tmp_rs_resource_NativeAPI_capi-machine-learning-service-rs.xml	capi-machine-learning-common	x86_64	capi-machine-learning-inference-1.8.8-0.src.rpm	YES
PUBLIC	capi-machine-learning-service	capi-machine-learning-service-devel	armv7l	snapshots/sdk/app-rootstrap-native-data-public___tmp_rs_resource_NativeAPI_capi-machine-learning-service-rs.xml	capi-machine-learning-service-devel	x86_64	capi-machine-learning-inference-1.8.8-0.src.rpm	YES
PUBLIC	capi-machine-learning-service	capi-machine-learning-common-devel	armv7l	snapshots/sdk/app-rootstrap-native-data-public___tmp_rs_resource_NativeAPI_capi-machine-learning-service-rs.xml	capi-machine-learning-common-devel	x86_64	capi-machine-learning-inference-1.8.8-0.src.rpm	YES
PUBLIC	capi-machine-learning-service	capi-machine-learning-service	riscv32	snapshots/sdk/app-rootstrap-native-data-public___tmp_rs_resource_NativeAPI_capi-machine-learning-service-rs.xml	capi-machine-learning-service	x86_64	capi-machine-learning-inference-1.8.8-0.src.rpm	NO
PUBLIC	capi-machine-learning-service	capi-machine-learning-common	riscv32	snapshots/sdk/app-rootstrap-native-data-public___tmp_rs_resource_NativeAPI_capi-machine-learning-service-rs.xml	capi-machine-learning-common	x86_64	capi-machine-learning-inference-1.8.8-0.src.rpm	NO
PUBLIC	capi-machine-learning-service	capi-machine-learning-service-devel	riscv32	snapshots/sdk/app-rootstrap-native-data-public___tmp_rs_resource_NativeAPI_capi-machine-learning-service-rs.xml	capi-machine-learning-service-devel	x86_64	capi-machine-learning-inference-1.8.8-0.src.rpm	NO
PUBLIC	capi-machine-learning-service	capi-machine-learning-common-devel	riscv32	snapshots/sdk/app-rootstrap-native-data-public___tmp_rs_resource_NativeAPI_capi-machine-learning-service-rs.xml	capi-machine-learning-common-devel	x86_64	capi-machine-learning-inference-1.8.8-0.src.rpm	NO
PUBLIC	capi-machine-learning-training	capi-machine-learning-training	i686	snapshots/sdk/app-rootstrap-native-data-public___tmp_rs_resource_NativeAPI_capi-machine-learning-training-rs.xml	capi-machine-learning-training	x86_64	nntrainer-0.5.0-0.src.rpm	NO
PUBLIC	capi-machine-learning-training	capi-machine-learning-common	i686	snapshots/sdk/app-rootstrap-native-data-public___tmp_rs_resource_NativeAPI_capi-machine-learning-training-rs.xml	capi-machine-learning-common	x86_64	capi-machine-learning-inference-1.8.8-0.src.rpm	NO
PUBLIC	capi-machine-learning-training	capi-machine-learning-training-devel	i686	snapshots/sdk/app-rootstrap-native-data-public___tmp_rs_resource_NativeAPI_capi-machine-learning-training-rs.xml	capi-machine-learning-training-devel	x86_64	nntrainer-0.5.0-0.src.rpm	NO
PUBLIC	capi-machine-learning-training	capi-machine-learning-common-devel	i686	snapshots/sdk/app-rootstrap-native-data-public___tmp_rs_resource_NativeAPI_capi-machine-learning-training-rs.xml	capi-machine-learning-common-devel	x86_64	capi-machine-learning-inference-1.8.8-0.src.rpm	NO
PUBLIC	capi-machine-learning-training	capi-machine-learning-training	armv7l	snapshots/sdk/app-rootstrap-native-data-public___tmp_rs_resource_NativeAPI_capi-machine-learning-training-rs.xml	capi-machine-learning-training	x86_64	nntrainer-0.5.0-0.src.rpm	YES
PUBLIC	capi-machine-learning-training	capi-machine-learning-common	armv7l	snapshots/sdk/app-rootstrap-native-data-public___tmp_rs_resource_NativeAPI_capi-machine-learning-training-rs.xml	capi-machine-learning-common	x86_64	capi-machine-learning-inference-1.8.8-0.src.rpm	YES
PUBLIC	capi-machine-learning-training	capi-machine-learning-training-devel	armv7l	snapshots/sdk/app-rootstrap-native-data-public___tmp_rs_resource_NativeAPI_capi-machine-learning-training-rs.xml	capi-machine-learning-training-devel	x86_64	nntrainer-0.5.0-0.src.rpm	YES
PUBLIC	capi-machine-learning-training	capi-machine-learning-common-devel	armv7l	snapshots/sdk/app-rootstrap-native-data-public___tmp_rs_resource_NativeAPI_capi-machine-learning-training-rs.xml	capi-machine-learning-common-devel	x86_64	capi-machine-learning-inference-1.8.8-0.src.rpm	YES
PUBLIC	capi-machine-learning-training	capi-machine-learning-training	riscv32	snapshots/sdk/app-rootstrap-native-data-public___tmp_rs_resource_NativeAPI_capi-machine-learning-training-rs.xml	capi-machine-learning-training	x86_64	nntrainer-0.5.0-0.src.rpm	NO
PUBLIC	capi-machine-learning-training	capi-machine-learning-common	riscv32	snapshots/sdk/app-rootstrap-native-data-public___tmp_rs_resource_NativeAPI_capi-machine-learning-training-rs.xml	capi-machine-learning-common	x86_64	capi-machine-learning-inference-1.8.8-0.src.rpm	NO
PUBLIC	capi-machine-learning-training	capi-machine-learning-training-devel	riscv32	snapshots/sdk/app-rootstrap-native-data-public___tmp_rs_resource_NativeAPI_capi-machine-learning-training-rs.xml	capi-machine-learning-training-devel	x86_64	nntrainer-0.5.0-0.src.rpm	NO
PUBLIC	capi-machine-learning-training	capi-machine-learning-common-devel	riscv32	snapshots/sdk/app-rootstrap-native-data-public___tmp_rs_resource_NativeAPI_capi-machine-learning-training-rs.xml	capi-machine-learning-common-devel	x86_64	capi-machine-learning-inference-1.8.8-0.src.rpm	NO
PUBLIC	capi-media-audio-io	capi-media-audio-io	i686	snapshots/sdk/app-rootstrap-native-data-public___tmp_rs_resource_NativeAPI_capi-media-audio-io-rs.xml	capi-media-audio-io	x86_64	capi-media-audio-io-0.6.3-0.src.rpm	NO
PUBLIC	capi-media-audio-io	capi-media-audio-io-devel	i686	snapshots/sdk/app-rootstrap-native-data-public___tmp_rs_resource_NativeAPI_capi-media-audio-io-rs.xml	capi-media-audio-io-devel	x86_64	capi-media-audio-io-0.6.3-0.src.rpm	NO
PUBLIC	capi-media-audio-io	capi-media-audio-io	armv7l	snapshots/sdk/app-rootstrap-native-data-public___tmp_rs_resource_NativeAPI_capi-media-audio-io-rs.xml	capi-media-audio-io	x86_64	capi-media-audio-io-0.6.3-0.src.rpm	YES
PUBLIC	capi-media-audio-io	capi-media-audio-io-devel	armv7l	snapshots/sdk/app-rootstrap-native-data-public___tmp_rs_resource_NativeAPI_capi-media-audio-io-rs.xml	capi-media-audio-io-devel	x86_64	capi-media-audio-io-0.6.3-0.src.rpm	YES
PUBLIC	capi-media-audio-io	capi-media-audio-io	riscv32	snapshots/sdk/app-rootstrap-native-data-public___tmp_rs_resource_NativeAPI_capi-media-audio-io-rs.xml	capi-media-audio-io	x86_64	capi-media-audio-io-0.6.3-0.src.rpm	NO
PUBLIC	capi-media-audio-io	capi-media-audio-io-devel	riscv32	snapshots/sdk/app-rootstrap-native-data-public___tmp_rs_resource_NativeAPI_capi-media-audio-io-rs.xml	capi-media-audio-io-devel	x86_64	capi-media-audio-io-0.6.3-0.src.rpm	NO
PUBLIC	capi-media-camera	capi-media-camera	i686	snapshots/sdk/app-rootstrap-native-data-public___tmp_rs_resource_NativeAPI_capi-media-camera-rs.xml	capi-media-camera	x86_64	capi-media-camera-1.4.0-0.src.rpm	NO
PUBLIC	capi-media-camera	capi-media-camera-devel	i686	snapshots/sdk/app-rootstrap-native-data-public___tmp_rs_resource_NativeAPI_capi-media-camera-rs.xml	capi-media-camera-devel	x86_64	capi-media-camera-1.4.0-0.src.rpm	NO
PUBLIC	capi-media-camera	capi-media-camera	armv7l	snapshots/sdk/app-rootstrap-native-data-public___tmp_rs_resource_NativeAPI_capi-media-camera-rs.xml	capi-media-camera	x86_64	capi-media-camera-1.4.0-0.src.rpm	YES
PUBLIC	capi-media-camera	capi-media-camera-devel	armv7l	snapshots/sdk/app-rootstrap-native-data-public___tmp_rs_resource_NativeAPI_capi-media-camera-rs.xml	capi-media-camera-devel	x86_64	capi-media-camera-1.4.0-0.src.rpm	YES
PUBLIC	capi-media-camera	capi-media-camera	riscv32	snapshots/sdk/app-rootstrap-native-data-public___tmp_rs_resource_NativeAPI_capi-media-camera-rs.xml	capi-media-camera	x86_64	capi-media-camera-1.4.0-0.src.rpm	NO
PUBLIC	capi-media-camera	capi-media-camera-devel	riscv32	snapshots/sdk/app-rootstrap-native-data-public___tmp_rs_resource_NativeAPI_capi-media-camera-rs.xml	capi-media-camera-devel	x86_64	capi-media-camera-1.4.0-0.src.rpm	NO
PUBLIC	capi-media-codec	capi-media-codec	i686	snapshots/sdk/app-rootstrap-native-data-public___tmp_rs_resource_NativeAPI_capi-media-codec-rs.xml	capi-media-codec	x86_64	capi-media-codec-1.2.8-0.src.rpm	NO
PUBLIC	capi-media-codec	capi-media-codec-devel	i686	snapshots/sdk/app-rootstrap-native-data-public___tmp_rs_resource_NativeAPI_capi-media-codec-rs.xml	capi-media-codec-devel	x86_64	capi-media-codec-1.2.8-0.src.rpm	NO
PUBLIC	capi-media-codec	capi-media-codec	armv7l	snapshots/sdk/app-rootstrap-native-data-public___tmp_rs_resource_NativeAPI_capi-media-codec-rs.xml	capi-media-codec	x86_64	capi-media-codec-1.2.8-0.src.rpm	YES
PUBLIC	capi-media-codec	capi-media-codec-devel	armv7l	snapshots/sdk/app-rootstrap-native-data-public___tmp_rs_resource_NativeAPI_capi-media-codec-rs.xml	capi-media-codec-devel	x86_64	capi-media-codec-1.2.8-0.src.rpm	YES
PUBLIC	capi-media-codec	capi-media-codec	riscv32	snapshots/sdk/app-rootstrap-native-data-public___tmp_rs_resource_NativeAPI_capi-media-codec-rs.xml	capi-media-codec	x86_64	capi-media-codec-1.2.8-0.src.rpm	NO
PUBLIC	capi-media-codec	capi-media-codec-devel	riscv32	snapshots/sdk/app-rootstrap-native-data-public___tmp_rs_resource_NativeAPI_capi-media-codec-rs.xml	capi-media-codec-devel	x86_64	capi-media-codec-1.2.8-0.src.rpm	NO
PUBLIC	capi-media-controller	capi-media-controller	i686	snapshots/sdk/app-rootstrap-native-data-public___tmp_rs_resource_NativeAPI_capi-media-controller-rs.xml	capi-media-controller	x86_64	capi-media-controller-1.0.16-0.src.rpm	NO
PUBLIC	capi-media-controller	capi-media-controller-devel	i686	snapshots/sdk/app-rootstrap-native-data-public___tmp_rs_resource_NativeAPI_capi-media-controller-rs.xml	capi-media-controller-devel	x86_64	capi-media-controller-1.0.16-0.src.rpm	NO
PUBLIC	capi-media-controller	capi-media-controller	armv7l	snapshots/sdk/app-rootstrap-native-data-public___tmp_rs_resource_NativeAPI_capi-media-controller-rs.xml	capi-media-controller	x86_64	capi-media-controller-1.0.16-0.src.rpm	YES
PUBLIC	capi-media-controller	capi-media-controller-devel	armv7l	snapshots/sdk/app-rootstrap-native-data-public___tmp_rs_resource_NativeAPI_capi-media-controller-rs.xml	capi-media-controller-devel	x86_64	capi-media-controller-1.0.16-0.src.rpm	YES
PUBLIC	capi-media-controller	capi-media-controller	riscv32	snapshots/sdk/app-rootstrap-native-data-public___tmp_rs_resource_NativeAPI_capi-media-controller-rs.xml	capi-media-controller	x86_64	capi-media-controller-1.0.16-0.src.rpm	NO
PUBLIC	capi-media-controller	capi-media-controller-devel	riscv32	snapshots/sdk/app-rootstrap-native-data-public___tmp_rs_resource_NativeAPI_capi-media-controller-rs.xml	capi-media-controller-devel	x86_64	capi-media-controller-1.0.16-0.src.rpm	NO
PUBLIC	capi-media-editor	capi-media-editor	i686	snapshots/sdk/app-rootstrap-native-data-public___tmp_rs_resource_NativeAPI_capi-media-editor-rs.xml	capi-media-editor	x86_64	capi-media-editor-0.1.1-0.src.rpm	NO
PUBLIC	capi-media-editor	capi-media-editor-devel	i686	snapshots/sdk/app-rootstrap-native-data-public___tmp_rs_resource_NativeAPI_capi-media-editor-rs.xml	capi-media-editor-devel	x86_64	capi-media-editor-0.1.1-0.src.rpm	NO
PUBLIC	capi-media-editor	capi-media-editor	armv7l	snapshots/sdk/app-rootstrap-native-data-public___tmp_rs_resource_NativeAPI_capi-media-editor-rs.xml	capi-media-editor	x86_64	capi-media-editor-0.1.1-0.src.rpm	YES
PUBLIC	capi-media-editor	capi-media-editor-devel	armv7l	snapshots/sdk/app-rootstrap-native-data-public___tmp_rs_resource_NativeAPI_capi-media-editor-rs.xml	capi-media-editor-devel	x86_64	capi-media-editor-0.1.1-0.src.rpm	YES
PUBLIC	capi-media-editor	capi-media-editor	riscv32	snapshots/sdk/app-rootstrap-native-data-public___tmp_rs_resource_NativeAPI_capi-media-editor-rs.xml	capi-media-editor	x86_64	capi-media-editor-0.1.1-0.src.rpm	NO
PUBLIC	capi-media-editor	capi-media-editor-devel	riscv32	snapshots/sdk/app-rootstrap-native-data-public___tmp_rs_resource_NativeAPI_capi-media-editor-rs.xml	capi-media-editor-devel	x86_64	capi-media-editor-0.1.1-0.src.rpm	NO
PUBLIC	capi-media-image-util	capi-media-image-util	i686	snapshots/sdk/app-rootstrap-native-data-public___tmp_rs_resource_NativeAPI_capi-media-image-util-rs.xml	capi-media-image-util	x86_64	capi-media-image-util-0.4.6-0.src.rpm	NO
PUBLIC	capi-media-image-util	capi-media-image-util-devel	i686	snapshots/sdk/app-rootstrap-native-data-public___tmp_rs_resource_NativeAPI_capi-media-image-util-rs.xml	capi-media-image-util-devel	x86_64	capi-media-image-util-0.4.6-0.src.rpm	NO
PUBLIC	capi-media-image-util	capi-media-image-util	armv7l	snapshots/sdk/app-rootstrap-native-data-public___tmp_rs_resource_NativeAPI_capi-media-image-util-rs.xml	capi-media-image-util	x86_64	capi-media-image-util-0.4.6-0.src.rpm	YES
PUBLIC	capi-media-image-util	capi-media-image-util-devel	armv7l	snapshots/sdk/app-rootstrap-native-data-public___tmp_rs_resource_NativeAPI_capi-media-image-util-rs.xml	capi-media-image-util-devel	x86_64	capi-media-image-util-0.4.6-0.src.rpm	YES
PUBLIC	capi-media-image-util	capi-media-image-util	riscv32	snapshots/sdk/app-rootstrap-native-data-public___tmp_rs_resource_NativeAPI_capi-media-image-util-rs.xml	capi-media-image-util	x86_64	capi-media-image-util-0.4.6-0.src.rpm	NO
PUBLIC	capi-media-image-util	capi-media-image-util-devel	riscv32	snapshots/sdk/app-rootstrap-native-data-public___tmp_rs_resource_NativeAPI_capi-media-image-util-rs.xml	capi-media-image-util-devel	x86_64	capi-media-image-util-0.4.6-0.src.rpm	NO
PUBLIC	capi-media-metadata-editor	capi-media-metadata-editor	i686	snapshots/sdk/app-rootstrap-native-data-public___tmp_rs_resource_NativeAPI_capi-media-metadata-editor-rs.xml	capi-media-metadata-editor	x86_64	capi-media-metadata-editor-0.2.8-0.src.rpm	NO
PUBLIC	capi-media-metadata-editor	capi-media-metadata-editor-devel	i686	snapshots/sdk/app-rootstrap-native-data-public___tmp_rs_resource_NativeAPI_capi-media-metadata-editor-rs.xml	capi-media-metadata-editor-devel	x86_64	capi-media-metadata-editor-0.2.8-0.src.rpm	NO
PUBLIC	capi-media-metadata-editor	capi-media-metadata-editor	armv7l	snapshots/sdk/app-rootstrap-native-data-public___tmp_rs_resource_NativeAPI_capi-media-metadata-editor-rs.xml	capi-media-metadata-editor	x86_64	capi-media-metadata-editor-0.2.8-0.src.rpm	YES
PUBLIC	capi-media-metadata-editor	capi-media-metadata-editor-devel	armv7l	snapshots/sdk/app-rootstrap-native-data-public___tmp_rs_resource_NativeAPI_capi-media-metadata-editor-rs.xml	capi-media-metadata-editor-devel	x86_64	capi-media-metadata-editor-0.2.8-0.src.rpm	YES
PUBLIC	capi-media-metadata-editor	capi-media-metadata-editor	riscv32	snapshots/sdk/app-rootstrap-native-data-public___tmp_rs_resource_NativeAPI_capi-media-metadata-editor-rs.xml	capi-media-metadata-editor	x86_64	capi-media-metadata-editor-0.2.8-0.src.rpm	NO
PUBLIC	capi-media-metadata-editor	capi-media-metadata-editor-devel	riscv32	snapshots/sdk/app-rootstrap-native-data-public___tmp_rs_resource_NativeAPI_capi-media-metadata-editor-rs.xml	capi-media-metadata-editor-devel	x86_64	capi-media-metadata-editor-0.2.8-0.src.rpm	NO
PUBLIC	capi-media-metadata-extractor	capi-media-metadata-extractor	i686	snapshots/sdk/app-rootstrap-native-data-public___tmp_rs_resource_NativeAPI_capi-media-metadata-extractor-rs.xml	capi-media-metadata-extractor	x86_64	capi-media-metadata-extractor-0.2.4-0.src.rpm	NO
PUBLIC	capi-media-metadata-extractor	capi-media-metadata-extractor-devel	i686	snapshots/sdk/app-rootstrap-native-data-public___tmp_rs_resource_NativeAPI_capi-media-metadata-extractor-rs.xml	capi-media-metadata-extractor-devel	x86_64	capi-media-metadata-extractor-0.2.4-0.src.rpm	NO
PUBLIC	capi-media-metadata-extractor	capi-media-metadata-extractor	armv7l	snapshots/sdk/app-rootstrap-native-data-public___tmp_rs_resource_NativeAPI_capi-media-metadata-extractor-rs.xml	capi-media-metadata-extractor	x86_64	capi-media-metadata-extractor-0.2.4-0.src.rpm	YES
PUBLIC	capi-media-metadata-extractor	capi-media-metadata-extractor-devel	armv7l	snapshots/sdk/app-rootstrap-native-data-public___tmp_rs_resource_NativeAPI_capi-media-metadata-extractor-rs.xml	capi-media-metadata-extractor-devel	x86_64	capi-media-metadata-extractor-0.2.4-0.src.rpm	YES
PUBLIC	capi-media-metadata-extractor	capi-media-metadata-extractor	riscv32	snapshots/sdk/app-rootstrap-native-data-public___tmp_rs_resource_NativeAPI_capi-media-metadata-extractor-rs.xml	capi-media-metadata-extractor	x86_64	capi-media-metadata-extractor-0.2.4-0.src.rpm	NO
PUBLIC	capi-media-metadata-extractor	capi-media-metadata-extractor-devel	riscv32	snapshots/sdk/app-rootstrap-native-data-public___tmp_rs_resource_NativeAPI_capi-media-metadata-extractor-rs.xml	capi-media-metadata-extractor-devel	x86_64	capi-media-metadata-extractor-0.2.4-0.src.rpm	NO
PUBLIC	capi-media-player	capi-media-player	i686	snapshots/sdk/app-rootstrap-native-data-public___tmp_rs_resource_NativeAPI_capi-media-player-rs.xml	capi-media-player	x86_64	capi-media-player-1.0.8-0.src.rpm	NO
PUBLIC	capi-media-player	capi-media-player-devel	i686	snapshots/sdk/app-rootstrap-native-data-public___tmp_rs_resource_NativeAPI_capi-media-player-rs.xml	capi-media-player-devel	x86_64	capi-media-player-1.0.8-0.src.rpm	NO
PUBLIC	capi-media-player	capi-media-player	armv7l	snapshots/sdk/app-rootstrap-native-data-public___tmp_rs_resource_NativeAPI_capi-media-player-rs.xml	capi-media-player	x86_64	capi-media-player-1.0.8-0.src.rpm	YES
PUBLIC	capi-media-player	capi-media-player-devel	armv7l	snapshots/sdk/app-rootstrap-native-data-public___tmp_rs_resource_NativeAPI_capi-media-player-rs.xml	capi-media-player-devel	x86_64	capi-media-player-1.0.8-0.src.rpm	YES
PUBLIC	capi-media-player	capi-media-player	riscv32	snapshots/sdk/app-rootstrap-native-data-public___tmp_rs_resource_NativeAPI_capi-media-player-rs.xml	capi-media-player	x86_64	capi-media-player-1.0.8-0.src.rpm	NO
PUBLIC	capi-media-player	capi-media-player-devel	riscv32	snapshots/sdk/app-rootstrap-native-data-public___tmp_rs_resource_NativeAPI_capi-media-player-rs.xml	capi-media-player-devel	x86_64	capi-media-player-1.0.8-0.src.rpm	NO
PUBLIC	capi-media-radio	capi-media-radio	i686	snapshots/sdk/app-rootstrap-native-data-public___tmp_rs_resource_NativeAPI_capi-media-radio-rs.xml	capi-media-radio	x86_64	capi-media-radio-0.1.21-0.src.rpm	NO
PUBLIC	capi-media-radio	capi-media-radio-devel	i686	snapshots/sdk/app-rootstrap-native-data-public___tmp_rs_resource_NativeAPI_capi-media-radio-rs.xml	capi-media-radio-devel	x86_64	capi-media-radio-0.1.21-0.src.rpm	NO
PUBLIC	capi-media-radio	capi-media-radio	armv7l	snapshots/sdk/app-rootstrap-native-data-public___tmp_rs_resource_NativeAPI_capi-media-radio-rs.xml	capi-media-radio	x86_64	capi-media-radio-0.1.21-0.src.rpm	YES
PUBLIC	capi-media-radio	capi-media-radio-devel	armv7l	snapshots/sdk/app-rootstrap-native-data-public___tmp_rs_resource_NativeAPI_capi-media-radio-rs.xml	capi-media-radio-devel	x86_64	capi-media-radio-0.1.21-0.src.rpm	YES
PUBLIC	capi-media-radio	capi-media-radio	riscv32	snapshots/sdk/app-rootstrap-native-data-public___tmp_rs_resource_NativeAPI_capi-media-radio-rs.xml	capi-media-radio	x86_64	capi-media-radio-0.1.21-0.src.rpm	NO
PUBLIC	capi-media-radio	capi-media-radio-devel	riscv32	snapshots/sdk/app-rootstrap-native-data-public___tmp_rs_resource_NativeAPI_capi-media-radio-rs.xml	capi-media-radio-devel	x86_64	capi-media-radio-0.1.21-0.src.rpm	NO
PUBLIC	capi-media-recorder	capi-media-recorder	i686	snapshots/sdk/app-rootstrap-native-data-public___tmp_rs_resource_NativeAPI_capi-media-recorder-rs.xml	capi-media-recorder	x86_64	capi-media-recorder-1.0.4-0.src.rpm	NO
PUBLIC	capi-media-recorder	capi-media-recorder-devel	i686	snapshots/sdk/app-rootstrap-native-data-public___tmp_rs_resource_NativeAPI_capi-media-recorder-rs.xml	capi-media-recorder-devel	x86_64	capi-media-recorder-1.0.4-0.src.rpm	NO
PUBLIC	capi-media-recorder	capi-media-recorder	armv7l	snapshots/sdk/app-rootstrap-native-data-public___tmp_rs_resource_NativeAPI_capi-media-recorder-rs.xml	capi-media-recorder	x86_64	capi-media-recorder-1.0.4-0.src.rpm	YES
PUBLIC	capi-media-recorder	capi-media-recorder-devel	armv7l	snapshots/sdk/app-rootstrap-native-data-public___tmp_rs_resource_NativeAPI_capi-media-recorder-rs.xml	capi-media-recorder-devel	x86_64	capi-media-recorder-1.0.4-0.src.rpm	YES
PUBLIC	capi-media-recorder	capi-media-recorder	riscv32	snapshots/sdk/app-rootstrap-native-data-public___tmp_rs_resource_NativeAPI_capi-media-recorder-rs.xml	capi-media-recorder	x86_64	capi-media-recorder-1.0.4-0.src.rpm	NO
PUBLIC	capi-media-recorder	capi-media-recorder-devel	riscv32	snapshots/sdk/app-rootstrap-native-data-public___tmp_rs_resource_NativeAPI_capi-media-recorder-rs.xml	capi-media-recorder-devel	x86_64	capi-media-recorder-1.0.4-0.src.rpm	NO
PUBLIC	capi-media-screen-mirroring	capi-media-screen-mirroring	i686	snapshots/sdk/app-rootstrap-native-data-public___tmp_rs_resource_NativeAPI_capi-media-screen-mirroring-rs.xml	capi-media-screen-mirroring	x86_64	capi-media-screen-mirroring-0.3.6-0.src.rpm	NO
PUBLIC	capi-media-screen-mirroring	capi-media-screen-mirroring-devel	i686	snapshots/sdk/app-rootstrap-native-data-public___tmp_rs_resource_NativeAPI_capi-media-screen-mirroring-rs.xml	capi-media-screen-mirroring-devel	x86_64	capi-media-screen-mirroring-0.3.6-0.src.rpm	NO
PUBLIC	capi-media-screen-mirroring	capi-media-screen-mirroring	armv7l	snapshots/sdk/app-rootstrap-native-data-public___tmp_rs_resource_NativeAPI_capi-media-screen-mirroring-rs.xml	capi-media-screen-mirroring	x86_64	capi-media-screen-mirroring-0.3.6-0.src.rpm	YES
PUBLIC	capi-media-screen-mirroring	capi-media-screen-mirroring-devel	armv7l	snapshots/sdk/app-rootstrap-native-data-public___tmp_rs_resource_NativeAPI_capi-media-screen-mirroring-rs.xml	capi-media-screen-mirroring-devel	x86_64	capi-media-screen-mirroring-0.3.6-0.src.rpm	YES
PUBLIC	capi-media-screen-mirroring	capi-media-screen-mirroring	riscv32	snapshots/sdk/app-rootstrap-native-data-public___tmp_rs_resource_NativeAPI_capi-media-screen-mirroring-rs.xml	capi-media-screen-mirroring	x86_64	capi-media-screen-mirroring-0.3.6-0.src.rpm	NO
PUBLIC	capi-media-screen-mirroring	capi-media-screen-mirroring-devel	riscv32	snapshots/sdk/app-rootstrap-native-data-public___tmp_rs_resource_NativeAPI_capi-media-screen-mirroring-rs.xml	capi-media-screen-mirroring-devel	x86_64	capi-media-screen-mirroring-0.3.6-0.src.rpm	NO
PUBLIC	capi-media-sound-manager	capi-media-sound-manager	i686	snapshots/sdk/app-rootstrap-native-data-public___tmp_rs_resource_NativeAPI_capi-media-sound-manager-rs.xml	capi-media-sound-manager	x86_64	capi-media-sound-manager-0.7.19-0.src.rpm	NO
PUBLIC	capi-media-sound-manager	capi-media-sound-manager-devel	i686	snapshots/sdk/app-rootstrap-native-data-public___tmp_rs_resource_NativeAPI_capi-media-sound-manager-rs.xml	capi-media-sound-manager-devel	x86_64	capi-media-sound-manager-0.7.19-0.src.rpm	NO
PUBLIC	capi-media-sound-manager	capi-media-sound-manager	armv7l	snapshots/sdk/app-rootstrap-native-data-public___tmp_rs_resource_NativeAPI_capi-media-sound-manager-rs.xml	capi-media-sound-manager	x86_64	capi-media-sound-manager-0.7.19-0.src.rpm	YES
PUBLIC	capi-media-sound-manager	capi-media-sound-manager-devel	armv7l	snapshots/sdk/app-rootstrap-native-data-public___tmp_rs_resource_NativeAPI_capi-media-sound-manager-rs.xml	capi-media-sound-manager-devel	x86_64	capi-media-sound-manager-0.7.19-0.src.rpm	YES
PUBLIC	capi-media-sound-manager	capi-media-sound-manager	riscv32	snapshots/sdk/app-rootstrap-native-data-public___tmp_rs_resource_NativeAPI_capi-media-sound-manager-rs.xml	capi-media-sound-manager	x86_64	capi-media-sound-manager-0.7.19-0.src.rpm	NO
PUBLIC	capi-media-sound-manager	capi-media-sound-manager-devel	riscv32	snapshots/sdk/app-rootstrap-native-data-public___tmp_rs_resource_NativeAPI_capi-media-sound-manager-rs.xml	capi-media-sound-manager-devel	x86_64	capi-media-sound-manager-0.7.19-0.src.rpm	NO
PUBLIC	capi-media-sound-pool	capi-media-sound-pool	i686	snapshots/sdk/app-rootstrap-native-data-public___tmp_rs_resource_NativeAPI_capi-media-sound-pool-rs.xml	capi-media-sound-pool	x86_64	capi-media-sound-pool-0.0.28-0.src.rpm	NO
PUBLIC	capi-media-sound-pool	capi-media-sound-pool-devel	i686	snapshots/sdk/app-rootstrap-native-data-public___tmp_rs_resource_NativeAPI_capi-media-sound-pool-rs.xml	capi-media-sound-pool-devel	x86_64	capi-media-sound-pool-0.0.28-0.src.rpm	NO
PUBLIC	capi-media-sound-pool	capi-media-sound-pool	armv7l	snapshots/sdk/app-rootstrap-native-data-public___tmp_rs_resource_NativeAPI_capi-media-sound-pool-rs.xml	capi-media-sound-pool	x86_64	capi-media-sound-pool-0.0.28-0.src.rpm	YES
PUBLIC	capi-media-sound-pool	capi-media-sound-pool-devel	armv7l	snapshots/sdk/app-rootstrap-native-data-public___tmp_rs_resource_NativeAPI_capi-media-sound-pool-rs.xml	capi-media-sound-pool-devel	x86_64	capi-media-sound-pool-0.0.28-0.src.rpm	YES
PUBLIC	capi-media-sound-pool	capi-media-sound-pool	riscv32	snapshots/sdk/app-rootstrap-native-data-public___tmp_rs_resource_NativeAPI_capi-media-sound-pool-rs.xml	capi-media-sound-pool	x86_64	capi-media-sound-pool-0.0.28-0.src.rpm	NO
PUBLIC	capi-media-sound-pool	capi-media-sound-pool-devel	riscv32	snapshots/sdk/app-rootstrap-native-data-public___tmp_rs_resource_NativeAPI_capi-media-sound-pool-rs.xml	capi-media-sound-pool-devel	x86_64	capi-media-sound-pool-0.0.28-0.src.rpm	NO
PUBLIC	capi-media-thumbnail-util	capi-media-thumbnail-util	i686	snapshots/sdk/app-rootstrap-native-data-public___tmp_rs_resource_NativeAPI_capi-media-thumbnail-util-rs.xml	capi-media-thumbnail-util	x86_64	capi-media-thumbnail-util-0.2.0-0.src.rpm	NO
PUBLIC	capi-media-thumbnail-util	capi-media-thumbnail-util-devel	i686	snapshots/sdk/app-rootstrap-native-data-public___tmp_rs_resource_NativeAPI_capi-media-thumbnail-util-rs.xml	capi-media-thumbnail-util-devel	x86_64	capi-media-thumbnail-util-0.2.0-0.src.rpm	NO
PUBLIC	capi-media-thumbnail-util	capi-media-thumbnail-util	armv7l	snapshots/sdk/app-rootstrap-native-data-public___tmp_rs_resource_NativeAPI_capi-media-thumbnail-util-rs.xml	capi-media-thumbnail-util	x86_64	capi-media-thumbnail-util-0.2.0-0.src.rpm	YES
PUBLIC	capi-media-thumbnail-util	capi-media-thumbnail-util-devel	armv7l	snapshots/sdk/app-rootstrap-native-data-public___tmp_rs_resource_NativeAPI_capi-media-thumbnail-util-rs.xml	capi-media-thumbnail-util-devel	x86_64	capi-media-thumbnail-util-0.2.0-0.src.rpm	YES
PUBLIC	capi-media-thumbnail-util	capi-media-thumbnail-util	riscv32	snapshots/sdk/app-rootstrap-native-data-public___tmp_rs_resource_NativeAPI_capi-media-thumbnail-util-rs.xml	capi-media-thumbnail-util	x86_64	capi-media-thumbnail-util-0.2.0-0.src.rpm	NO
PUBLIC	capi-media-thumbnail-util	capi-media-thumbnail-util-devel	riscv32	snapshots/sdk/app-rootstrap-native-data-public___tmp_rs_resource_NativeAPI_capi-media-thumbnail-util-rs.xml	capi-media-thumbnail-util-devel	x86_64	capi-media-thumbnail-util-0.2.0-0.src.rpm	NO
PUBLIC	capi-media-tone-player	capi-media-tone-player	i686	snapshots/sdk/app-rootstrap-native-data-public___tmp_rs_resource_NativeAPI_capi-media-tone-player-rs.xml	capi-media-tone-player	x86_64	capi-media-tone-player-0.2.12-0.src.rpm	NO
PUBLIC	capi-media-tone-player	capi-media-tone-player-devel	i686	snapshots/sdk/app-rootstrap-native-data-public___tmp_rs_resource_NativeAPI_capi-media-tone-player-rs.xml	capi-media-tone-player-devel	x86_64	capi-media-tone-player-0.2.12-0.src.rpm	NO
PUBLIC	capi-media-tone-player	capi-media-tone-player	armv7l	snapshots/sdk/app-rootstrap-native-data-public___tmp_rs_resource_NativeAPI_capi-media-tone-player-rs.xml	capi-media-tone-player	x86_64	capi-media-tone-player-0.2.12-0.src.rpm	YES
PUBLIC	capi-media-tone-player	capi-media-tone-player-devel	armv7l	snapshots/sdk/app-rootstrap-native-data-public___tmp_rs_resource_NativeAPI_capi-media-tone-player-rs.xml	capi-media-tone-player-devel	x86_64	capi-media-tone-player-0.2.12-0.src.rpm	YES
PUBLIC	capi-media-tone-player	capi-media-tone-player	riscv32	snapshots/sdk/app-rootstrap-native-data-public___tmp_rs_resource_NativeAPI_capi-media-tone-player-rs.xml	capi-media-tone-player	x86_64	capi-media-tone-player-0.2.12-0.src.rpm	NO
PUBLIC	capi-media-tone-player	capi-media-tone-player-devel	riscv32	snapshots/sdk/app-rootstrap-native-data-public___tmp_rs_resource_NativeAPI_capi-media-tone-player-rs.xml	capi-media-tone-player-devel	x86_64	capi-media-tone-player-0.2.12-0.src.rpm	NO
PUBLIC	capi-media-tool	capi-media-tool	i686	snapshots/sdk/app-rootstrap-native-data-public___tmp_rs_resource_NativeAPI_capi-media-tool-rs.xml	capi-media-tool	x86_64	capi-media-tool-1.2.3-0.src.rpm	NO
PUBLIC	capi-media-tool	capi-media-tool-devel	i686	snapshots/sdk/app-rootstrap-native-data-public___tmp_rs_resource_NativeAPI_capi-media-tool-rs.xml	capi-media-tool-devel	x86_64	capi-media-tool-1.2.3-0.src.rpm	NO
PUBLIC	capi-media-tool	capi-media-tool	armv7l	snapshots/sdk/app-rootstrap-native-data-public___tmp_rs_resource_NativeAPI_capi-media-tool-rs.xml	capi-media-tool	x86_64	capi-media-tool-1.2.3-0.src.rpm	YES
PUBLIC	capi-media-tool	capi-media-tool-devel	armv7l	snapshots/sdk/app-rootstrap-native-data-public___tmp_rs_resource_NativeAPI_capi-media-tool-rs.xml	capi-media-tool-devel	x86_64	capi-media-tool-1.2.3-0.src.rpm	YES
PUBLIC	capi-media-tool	capi-media-tool	riscv32	snapshots/sdk/app-rootstrap-native-data-public___tmp_rs_resource_NativeAPI_capi-media-tool-rs.xml	capi-media-tool	x86_64	capi-media-tool-1.2.3-0.src.rpm	NO
PUBLIC	capi-media-tool	capi-media-tool-devel	riscv32	snapshots/sdk/app-rootstrap-native-data-public___tmp_rs_resource_NativeAPI_capi-media-tool-rs.xml	capi-media-tool-devel	x86_64	capi-media-tool-1.2.3-0.src.rpm	NO
PUBLIC	capi-media-vision-3d	capi-media-vision-common	i686	snapshots/sdk/app-rootstrap-native-data-public___tmp_rs_resource_NativeAPI_capi-media-vision-3d-rs.xml	capi-media-vision-common	x86_64	capi-media-vision-1.0.17-0.src.rpm	NO
PUBLIC	capi-media-vision-3d	capi-media-vision-common-devel	i686	snapshots/sdk/app-rootstrap-native-data-public___tmp_rs_resource_NativeAPI_capi-media-vision-3d-rs.xml	capi-media-vision-common-devel	x86_64	capi-media-vision-1.0.17-0.src.rpm	NO
PUBLIC	capi-media-vision-3d	capi-media-vision-3d	i686	snapshots/sdk/app-rootstrap-native-data-public___tmp_rs_resource_NativeAPI_capi-media-vision-3d-rs.xml	capi-media-vision-3d	x86_64	capi-media-vision-1.0.17-0.src.rpm	NO
PUBLIC	capi-media-vision-3d	capi-media-vision-3d-devel	i686	snapshots/sdk/app-rootstrap-native-data-public___tmp_rs_resource_NativeAPI_capi-media-vision-3d-rs.xml	capi-media-vision-3d-devel	x86_64	capi-media-vision-1.0.17-0.src.rpm	NO
PUBLIC	capi-media-vision-3d	capi-media-vision-common	armv7l	snapshots/sdk/app-rootstrap-native-data-public___tmp_rs_resource_NativeAPI_capi-media-vision-3d-rs.xml	capi-media-vision-common	x86_64	capi-media-vision-1.0.17-0.src.rpm	YES
PUBLIC	capi-media-vision-3d	capi-media-vision-common-devel	armv7l	snapshots/sdk/app-rootstrap-native-data-public___tmp_rs_resource_NativeAPI_capi-media-vision-3d-rs.xml	capi-media-vision-common-devel	x86_64	capi-media-vision-1.0.17-0.src.rpm	YES
PUBLIC	capi-media-vision-3d	capi-media-vision-3d	armv7l	snapshots/sdk/app-rootstrap-native-data-public___tmp_rs_resource_NativeAPI_capi-media-vision-3d-rs.xml	capi-media-vision-3d	x86_64	capi-media-vision-1.0.17-0.src.rpm	YES
PUBLIC	capi-media-vision-3d	capi-media-vision-3d-devel	armv7l	snapshots/sdk/app-rootstrap-native-data-public___tmp_rs_resource_NativeAPI_capi-media-vision-3d-rs.xml	capi-media-vision-3d-devel	x86_64	capi-media-vision-1.0.17-0.src.rpm	YES
PUBLIC	capi-media-vision-3d	capi-media-vision-common	riscv32	snapshots/sdk/app-rootstrap-native-data-public___tmp_rs_resource_NativeAPI_capi-media-vision-3d-rs.xml	capi-media-vision-common	x86_64	capi-media-vision-1.0.17-0.src.rpm	NO
PUBLIC	capi-media-vision-3d	capi-media-vision-common-devel	riscv32	snapshots/sdk/app-rootstrap-native-data-public___tmp_rs_resource_NativeAPI_capi-media-vision-3d-rs.xml	capi-media-vision-common-devel	x86_64	capi-media-vision-1.0.17-0.src.rpm	NO
PUBLIC	capi-media-vision-3d	capi-media-vision-3d	riscv32	snapshots/sdk/app-rootstrap-native-data-public___tmp_rs_resource_NativeAPI_capi-media-vision-3d-rs.xml	capi-media-vision-3d	x86_64	capi-media-vision-1.0.17-0.src.rpm	NO
PUBLIC	capi-media-vision-3d	capi-media-vision-3d-devel	riscv32	snapshots/sdk/app-rootstrap-native-data-public___tmp_rs_resource_NativeAPI_capi-media-vision-3d-rs.xml	capi-media-vision-3d-devel	x86_64	capi-media-vision-1.0.17-0.src.rpm	NO
PUBLIC	capi-media-vision-barcode	capi-media-vision-barcode	i686	snapshots/sdk/app-rootstrap-native-data-public___tmp_rs_resource_NativeAPI_capi-media-vision-barcode-rs.xml	capi-media-vision-barcode	x86_64	capi-media-vision-1.0.17-0.src.rpm	NO
PUBLIC	capi-media-vision-barcode	capi-media-vision-barcode-devel	i686	snapshots/sdk/app-rootstrap-native-data-public___tmp_rs_resource_NativeAPI_capi-media-vision-barcode-rs.xml	capi-media-vision-barcode-devel	x86_64	capi-media-vision-1.0.17-0.src.rpm	NO
PUBLIC	capi-media-vision-barcode	capi-media-vision-common	i686	snapshots/sdk/app-rootstrap-native-data-public___tmp_rs_resource_NativeAPI_capi-media-vision-barcode-rs.xml	capi-media-vision-common	x86_64	capi-media-vision-1.0.17-0.src.rpm	NO
PUBLIC	capi-media-vision-barcode	capi-media-vision-common-devel	i686	snapshots/sdk/app-rootstrap-native-data-public___tmp_rs_resource_NativeAPI_capi-media-vision-barcode-rs.xml	capi-media-vision-common-devel	x86_64	capi-media-vision-1.0.17-0.src.rpm	NO
PUBLIC	capi-media-vision-barcode	capi-media-vision-barcode	armv7l	snapshots/sdk/app-rootstrap-native-data-public___tmp_rs_resource_NativeAPI_capi-media-vision-barcode-rs.xml	capi-media-vision-barcode	x86_64	capi-media-vision-1.0.17-0.src.rpm	YES
PUBLIC	capi-media-vision-barcode	capi-media-vision-barcode-devel	armv7l	snapshots/sdk/app-rootstrap-native-data-public___tmp_rs_resource_NativeAPI_capi-media-vision-barcode-rs.xml	capi-media-vision-barcode-devel	x86_64	capi-media-vision-1.0.17-0.src.rpm	YES
PUBLIC	capi-media-vision-barcode	capi-media-vision-common	armv7l	snapshots/sdk/app-rootstrap-native-data-public___tmp_rs_resource_NativeAPI_capi-media-vision-barcode-rs.xml	capi-media-vision-common	x86_64	capi-media-vision-1.0.17-0.src.rpm	YES
PUBLIC	capi-media-vision-barcode	capi-media-vision-common-devel	armv7l	snapshots/sdk/app-rootstrap-native-data-public___tmp_rs_resource_NativeAPI_capi-media-vision-barcode-rs.xml	capi-media-vision-common-devel	x86_64	capi-media-vision-1.0.17-0.src.rpm	YES
PUBLIC	capi-media-vision-barcode	capi-media-vision-barcode	riscv32	snapshots/sdk/app-rootstrap-native-data-public___tmp_rs_resource_NativeAPI_capi-media-vision-barcode-rs.xml	capi-media-vision-barcode	x86_64	capi-media-vision-1.0.17-0.src.rpm	NO
PUBLIC	capi-media-vision-barcode	capi-media-vision-barcode-devel	riscv32	snapshots/sdk/app-rootstrap-native-data-public___tmp_rs_resource_NativeAPI_capi-media-vision-barcode-rs.xml	capi-media-vision-barcode-devel	x86_64	capi-media-vision-1.0.17-0.src.rpm	NO
PUBLIC	capi-media-vision-barcode	capi-media-vision-common	riscv32	snapshots/sdk/app-rootstrap-native-data-public___tmp_rs_resource_NativeAPI_capi-media-vision-barcode-rs.xml	capi-media-vision-common	x86_64	capi-media-vision-1.0.17-0.src.rpm	NO
PUBLIC	capi-media-vision-barcode	capi-media-vision-common-devel	riscv32	snapshots/sdk/app-rootstrap-native-data-public___tmp_rs_resource_NativeAPI_capi-media-vision-barcode-rs.xml	capi-media-vision-common-devel	x86_64	capi-media-vision-1.0.17-0.src.rpm	NO
PUBLIC	capi-media-vision-face	capi-media-vision-face	i686	snapshots/sdk/app-rootstrap-native-data-public___tmp_rs_resource_NativeAPI_capi-media-vision-face-rs.xml	capi-media-vision-face	x86_64	capi-media-vision-1.0.17-0.src.rpm	NO
PUBLIC	capi-media-vision-face	capi-media-vision-face-devel	i686	snapshots/sdk/app-rootstrap-native-data-public___tmp_rs_resource_NativeAPI_capi-media-vision-face-rs.xml	capi-media-vision-face-devel	x86_64	capi-media-vision-1.0.17-0.src.rpm	NO
PUBLIC	capi-media-vision-face	capi-media-vision-common	i686	snapshots/sdk/app-rootstrap-native-data-public___tmp_rs_resource_NativeAPI_capi-media-vision-face-rs.xml	capi-media-vision-common	x86_64	capi-media-vision-1.0.17-0.src.rpm	NO
PUBLIC	capi-media-vision-face	capi-media-vision-common-devel	i686	snapshots/sdk/app-rootstrap-native-data-public___tmp_rs_resource_NativeAPI_capi-media-vision-face-rs.xml	capi-media-vision-common-devel	x86_64	capi-media-vision-1.0.17-0.src.rpm	NO
PUBLIC	capi-media-vision-face	capi-media-vision-face	armv7l	snapshots/sdk/app-rootstrap-native-data-public___tmp_rs_resource_NativeAPI_capi-media-vision-face-rs.xml	capi-media-vision-face	x86_64	capi-media-vision-1.0.17-0.src.rpm	YES
PUBLIC	capi-media-vision-face	capi-media-vision-face-devel	armv7l	snapshots/sdk/app-rootstrap-native-data-public___tmp_rs_resource_NativeAPI_capi-media-vision-face-rs.xml	capi-media-vision-face-devel	x86_64	capi-media-vision-1.0.17-0.src.rpm	YES
PUBLIC	capi-media-vision-face	capi-media-vision-common	armv7l	snapshots/sdk/app-rootstrap-native-data-public___tmp_rs_resource_NativeAPI_capi-media-vision-face-rs.xml	capi-media-vision-common	x86_64	capi-media-vision-1.0.17-0.src.rpm	YES
PUBLIC	capi-media-vision-face	capi-media-vision-common-devel	armv7l	snapshots/sdk/app-rootstrap-native-data-public___tmp_rs_resource_NativeAPI_capi-media-vision-face-rs.xml	capi-media-vision-common-devel	x86_64	capi-media-vision-1.0.17-0.src.rpm	YES
PUBLIC	capi-media-vision-face	capi-media-vision-face	riscv32	snapshots/sdk/app-rootstrap-native-data-public___tmp_rs_resource_NativeAPI_capi-media-vision-face-rs.xml	capi-media-vision-face	x86_64	capi-media-vision-1.0.17-0.src.rpm	NO
PUBLIC	capi-media-vision-face	capi-media-vision-face-devel	riscv32	snapshots/sdk/app-rootstrap-native-data-public___tmp_rs_resource_NativeAPI_capi-media-vision-face-rs.xml	capi-media-vision-face-devel	x86_64	capi-media-vision-1.0.17-0.src.rpm	NO
PUBLIC	capi-media-vision-face	capi-media-vision-common	riscv32	snapshots/sdk/app-rootstrap-native-data-public___tmp_rs_resource_NativeAPI_capi-media-vision-face-rs.xml	capi-media-vision-common	x86_64	capi-media-vision-1.0.17-0.src.rpm	NO
PUBLIC	capi-media-vision-face	capi-media-vision-common-devel	riscv32	snapshots/sdk/app-rootstrap-native-data-public___tmp_rs_resource_NativeAPI_capi-media-vision-face-rs.xml	capi-media-vision-common-devel	x86_64	capi-media-vision-1.0.17-0.src.rpm	NO
PUBLIC	capi-media-vision-image	capi-media-vision-image	i686	snapshots/sdk/app-rootstrap-native-data-public___tmp_rs_resource_NativeAPI_capi-media-vision-image-rs.xml	capi-media-vision-image	x86_64	capi-media-vision-1.0.17-0.src.rpm	NO
PUBLIC	capi-media-vision-image	capi-media-vision-image-devel	i686	snapshots/sdk/app-rootstrap-native-data-public___tmp_rs_resource_NativeAPI_capi-media-vision-image-rs.xml	capi-media-vision-image-devel	x86_64	capi-media-vision-1.0.17-0.src.rpm	NO
PUBLIC	capi-media-vision-image	capi-media-vision-common	i686	snapshots/sdk/app-rootstrap-native-data-public___tmp_rs_resource_NativeAPI_capi-media-vision-image-rs.xml	capi-media-vision-common	x86_64	capi-media-vision-1.0.17-0.src.rpm	NO
PUBLIC	capi-media-vision-image	capi-media-vision-common-devel	i686	snapshots/sdk/app-rootstrap-native-data-public___tmp_rs_resource_NativeAPI_capi-media-vision-image-rs.xml	capi-media-vision-common-devel	x86_64	capi-media-vision-1.0.17-0.src.rpm	NO
PUBLIC	capi-media-vision-image	capi-media-vision-image	armv7l	snapshots/sdk/app-rootstrap-native-data-public___tmp_rs_resource_NativeAPI_capi-media-vision-image-rs.xml	capi-media-vision-image	x86_64	capi-media-vision-1.0.17-0.src.rpm	YES
PUBLIC	capi-media-vision-image	capi-media-vision-image-devel	armv7l	snapshots/sdk/app-rootstrap-native-data-public___tmp_rs_resource_NativeAPI_capi-media-vision-image-rs.xml	capi-media-vision-image-devel	x86_64	capi-media-vision-1.0.17-0.src.rpm	YES
PUBLIC	capi-media-vision-image	capi-media-vision-common	armv7l	snapshots/sdk/app-rootstrap-native-data-public___tmp_rs_resource_NativeAPI_capi-media-vision-image-rs.xml	capi-media-vision-common	x86_64	capi-media-vision-1.0.17-0.src.rpm	YES
PUBLIC	capi-media-vision-image	capi-media-vision-common-devel	armv7l	snapshots/sdk/app-rootstrap-native-data-public___tmp_rs_resource_NativeAPI_capi-media-vision-image-rs.xml	capi-media-vision-common-devel	x86_64	capi-media-vision-1.0.17-0.src.rpm	YES
PUBLIC	capi-media-vision-image	capi-media-vision-image	riscv32	snapshots/sdk/app-rootstrap-native-data-public___tmp_rs_resource_NativeAPI_capi-media-vision-image-rs.xml	capi-media-vision-image	x86_64	capi-media-vision-1.0.17-0.src.rpm	NO
PUBLIC	capi-media-vision-image	capi-media-vision-image-devel	riscv32	snapshots/sdk/app-rootstrap-native-data-public___tmp_rs_resource_NativeAPI_capi-media-vision-image-rs.xml	capi-media-vision-image-devel	x86_64	capi-media-vision-1.0.17-0.src.rpm	NO
PUBLIC	capi-media-vision-image	capi-media-vision-common	riscv32	snapshots/sdk/app-rootstrap-native-data-public___tmp_rs_resource_NativeAPI_capi-media-vision-image-rs.xml	capi-media-vision-common	x86_64	capi-media-vision-1.0.17-0.src.rpm	NO
PUBLIC	capi-media-vision-image	capi-media-vision-common-devel	riscv32	snapshots/sdk/app-rootstrap-native-data-public___tmp_rs_resource_NativeAPI_capi-media-vision-image-rs.xml	capi-media-vision-common-devel	x86_64	capi-media-vision-1.0.17-0.src.rpm	NO
PUBLIC	capi-media-vision-machine_learning	capi-media-vision-machine_learning	i686	snapshots/sdk/app-rootstrap-native-data-public___tmp_rs_resource_NativeAPI_capi-media-vision-machine_learning-rs.xml	capi-media-vision-machine_learning	x86_64	capi-media-vision-1.0.17-0.src.rpm	NO
PUBLIC	capi-media-vision-machine_learning	capi-media-vision-machine_learning-devel	i686	snapshots/sdk/app-rootstrap-native-data-public___tmp_rs_resource_NativeAPI_capi-media-vision-machine_learning-rs.xml	capi-media-vision-machine_learning-devel	x86_64	capi-media-vision-1.0.17-0.src.rpm	NO
PUBLIC	capi-media-vision-machine_learning	capi-media-vision-common	i686	snapshots/sdk/app-rootstrap-native-data-public___tmp_rs_resource_NativeAPI_capi-media-vision-machine_learning-rs.xml	capi-media-vision-common	x86_64	capi-media-vision-1.0.17-0.src.rpm	NO
PUBLIC	capi-media-vision-machine_learning	capi-media-vision-common-devel	i686	snapshots/sdk/app-rootstrap-native-data-public___tmp_rs_resource_NativeAPI_capi-media-vision-machine_learning-rs.xml	capi-media-vision-common-devel	x86_64	capi-media-vision-1.0.17-0.src.rpm	NO
PUBLIC	capi-media-vision-machine_learning	capi-media-vision-machine_learning	armv7l	snapshots/sdk/app-rootstrap-native-data-public___tmp_rs_resource_NativeAPI_capi-media-vision-machine_learning-rs.xml	capi-media-vision-machine_learning	x86_64	capi-media-vision-1.0.17-0.src.rpm	YES
PUBLIC	capi-media-vision-machine_learning	capi-media-vision-machine_learning-devel	armv7l	snapshots/sdk/app-rootstrap-native-data-public___tmp_rs_resource_NativeAPI_capi-media-vision-machine_learning-rs.xml	capi-media-vision-machine_learning-devel	x86_64	capi-media-vision-1.0.17-0.src.rpm	YES
PUBLIC	capi-media-vision-machine_learning	capi-media-vision-common	armv7l	snapshots/sdk/app-rootstrap-native-data-public___tmp_rs_resource_NativeAPI_capi-media-vision-machine_learning-rs.xml	capi-media-vision-common	x86_64	capi-media-vision-1.0.17-0.src.rpm	YES
PUBLIC	capi-media-vision-machine_learning	capi-media-vision-common-devel	armv7l	snapshots/sdk/app-rootstrap-native-data-public___tmp_rs_resource_NativeAPI_capi-media-vision-machine_learning-rs.xml	capi-media-vision-common-devel	x86_64	capi-media-vision-1.0.17-0.src.rpm	YES
PUBLIC	capi-media-vision-machine_learning	capi-media-vision-machine_learning	riscv32	snapshots/sdk/app-rootstrap-native-data-public___tmp_rs_resource_NativeAPI_capi-media-vision-machine_learning-rs.xml	capi-media-vision-machine_learning	x86_64	capi-media-vision-1.0.17-0.src.rpm	NO
PUBLIC	capi-media-vision-machine_learning	capi-media-vision-machine_learning-devel	riscv32	snapshots/sdk/app-rootstrap-native-data-public___tmp_rs_resource_NativeAPI_capi-media-vision-machine_learning-rs.xml	capi-media-vision-machine_learning-devel	x86_64	capi-media-vision-1.0.17-0.src.rpm	NO
PUBLIC	capi-media-vision-machine_learning	capi-media-vision-common	riscv32	snapshots/sdk/app-rootstrap-native-data-public___tmp_rs_resource_NativeAPI_capi-media-vision-machine_learning-rs.xml	capi-media-vision-common	x86_64	capi-media-vision-1.0.17-0.src.rpm	NO
PUBLIC	capi-media-vision-machine_learning	capi-media-vision-common-devel	riscv32	snapshots/sdk/app-rootstrap-native-data-public___tmp_rs_resource_NativeAPI_capi-media-vision-machine_learning-rs.xml	capi-media-vision-common-devel	x86_64	capi-media-vision-1.0.17-0.src.rpm	NO
PUBLIC	capi-media-vision-roi_tracker	capi-media-vision-common	i686	snapshots/sdk/app-rootstrap-native-data-public___tmp_rs_resource_NativeAPI_capi-media-vision-roi_tracker-rs.xml	capi-media-vision-common	x86_64	capi-media-vision-1.0.17-0.src.rpm	NO
PUBLIC	capi-media-vision-roi_tracker	capi-media-vision-common-devel	i686	snapshots/sdk/app-rootstrap-native-data-public___tmp_rs_resource_NativeAPI_capi-media-vision-roi_tracker-rs.xml	capi-media-vision-common-devel	x86_64	capi-media-vision-1.0.17-0.src.rpm	NO
PUBLIC	capi-media-vision-roi_tracker	capi-media-vision-roi_tracker	i686	snapshots/sdk/app-rootstrap-native-data-public___tmp_rs_resource_NativeAPI_capi-media-vision-roi_tracker-rs.xml	capi-media-vision-roi_tracker	x86_64	capi-media-vision-1.0.17-0.src.rpm	NO
PUBLIC	capi-media-vision-roi_tracker	capi-media-vision-roi_tracker-devel	i686	snapshots/sdk/app-rootstrap-native-data-public___tmp_rs_resource_NativeAPI_capi-media-vision-roi_tracker-rs.xml	capi-media-vision-roi_tracker-devel	x86_64	capi-media-vision-1.0.17-0.src.rpm	NO
PUBLIC	capi-media-vision-roi_tracker	capi-media-vision-common	armv7l	snapshots/sdk/app-rootstrap-native-data-public___tmp_rs_resource_NativeAPI_capi-media-vision-roi_tracker-rs.xml	capi-media-vision-common	x86_64	capi-media-vision-1.0.17-0.src.rpm	YES
PUBLIC	capi-media-vision-roi_tracker	capi-media-vision-common-devel	armv7l	snapshots/sdk/app-rootstrap-native-data-public___tmp_rs_resource_NativeAPI_capi-media-vision-roi_tracker-rs.xml	capi-media-vision-common-devel	x86_64	capi-media-vision-1.0.17-0.src.rpm	YES
PUBLIC	capi-media-vision-roi_tracker	capi-media-vision-roi_tracker	armv7l	snapshots/sdk/app-rootstrap-native-data-public___tmp_rs_resource_NativeAPI_capi-media-vision-roi_tracker-rs.xml	capi-media-vision-roi_tracker	x86_64	capi-media-vision-1.0.17-0.src.rpm	YES
PUBLIC	capi-media-vision-roi_tracker	capi-media-vision-roi_tracker-devel	armv7l	snapshots/sdk/app-rootstrap-native-data-public___tmp_rs_resource_NativeAPI_capi-media-vision-roi_tracker-rs.xml	capi-media-vision-roi_tracker-devel	x86_64	capi-media-vision-1.0.17-0.src.rpm	YES
PUBLIC	capi-media-vision-roi_tracker	capi-media-vision-common	riscv32	snapshots/sdk/app-rootstrap-native-data-public___tmp_rs_resource_NativeAPI_capi-media-vision-roi_tracker-rs.xml	capi-media-vision-common	x86_64	capi-media-vision-1.0.17-0.src.rpm	NO
PUBLIC	capi-media-vision-roi_tracker	capi-media-vision-common-devel	riscv32	snapshots/sdk/app-rootstrap-native-data-public___tmp_rs_resource_NativeAPI_capi-media-vision-roi_tracker-rs.xml	capi-media-vision-common-devel	x86_64	capi-media-vision-1.0.17-0.src.rpm	NO
PUBLIC	capi-media-vision-roi_tracker	capi-media-vision-roi_tracker	riscv32	snapshots/sdk/app-rootstrap-native-data-public___tmp_rs_resource_NativeAPI_capi-media-vision-roi_tracker-rs.xml	capi-media-vision-roi_tracker	x86_64	capi-media-vision-1.0.17-0.src.rpm	NO
PUBLIC	capi-media-vision-roi_tracker	capi-media-vision-roi_tracker-devel	riscv32	snapshots/sdk/app-rootstrap-native-data-public___tmp_rs_resource_NativeAPI_capi-media-vision-roi_tracker-rs.xml	capi-media-vision-roi_tracker-devel	x86_64	capi-media-vision-1.0.17-0.src.rpm	NO
PUBLIC	capi-media-vision	capi-media-vision	i686	snapshots/sdk/app-rootstrap-native-data-public___tmp_rs_resource_NativeAPI_capi-media-vision-rs.xml	capi-media-vision	x86_64	capi-media-vision-1.0.17-0.src.rpm	NO
PUBLIC	capi-media-vision	capi-media-vision-devel	i686	snapshots/sdk/app-rootstrap-native-data-public___tmp_rs_resource_NativeAPI_capi-media-vision-rs.xml	capi-media-vision-devel	x86_64	capi-media-vision-1.0.17-0.src.rpm	NO
PUBLIC	capi-media-vision	capi-media-vision-common	i686	snapshots/sdk/app-rootstrap-native-data-public___tmp_rs_resource_NativeAPI_capi-media-vision-rs.xml	capi-media-vision-common	x86_64	capi-media-vision-1.0.17-0.src.rpm	NO
PUBLIC	capi-media-vision	capi-media-vision-common-devel	i686	snapshots/sdk/app-rootstrap-native-data-public___tmp_rs_resource_NativeAPI_capi-media-vision-rs.xml	capi-media-vision-common-devel	x86_64	capi-media-vision-1.0.17-0.src.rpm	NO
PUBLIC	capi-media-vision	capi-media-vision-barcode	i686	snapshots/sdk/app-rootstrap-native-data-public___tmp_rs_resource_NativeAPI_capi-media-vision-rs.xml	capi-media-vision-barcode	x86_64	capi-media-vision-1.0.17-0.src.rpm	NO
PUBLIC	capi-media-vision	capi-media-vision-barcode-devel	i686	snapshots/sdk/app-rootstrap-native-data-public___tmp_rs_resource_NativeAPI_capi-media-vision-rs.xml	capi-media-vision-barcode-devel	x86_64	capi-media-vision-1.0.17-0.src.rpm	NO
PUBLIC	capi-media-vision	capi-media-vision-image	i686	snapshots/sdk/app-rootstrap-native-data-public___tmp_rs_resource_NativeAPI_capi-media-vision-rs.xml	capi-media-vision-image	x86_64	capi-media-vision-1.0.17-0.src.rpm	NO
PUBLIC	capi-media-vision	capi-media-vision-image-devel	i686	snapshots/sdk/app-rootstrap-native-data-public___tmp_rs_resource_NativeAPI_capi-media-vision-rs.xml	capi-media-vision-image-devel	x86_64	capi-media-vision-1.0.17-0.src.rpm	NO
PUBLIC	capi-media-vision	capi-media-vision-machine_learning	i686	snapshots/sdk/app-rootstrap-native-data-public___tmp_rs_resource_NativeAPI_capi-media-vision-rs.xml	capi-media-vision-machine_learning	x86_64	capi-media-vision-1.0.17-0.src.rpm	NO
PUBLIC	capi-media-vision	capi-media-vision-machine_learning-devel	i686	snapshots/sdk/app-rootstrap-native-data-public___tmp_rs_resource_NativeAPI_capi-media-vision-rs.xml	capi-media-vision-machine_learning-devel	x86_64	capi-media-vision-1.0.17-0.src.rpm	NO
PUBLIC	capi-media-vision	capi-media-vision-face	i686	snapshots/sdk/app-rootstrap-native-data-public___tmp_rs_resource_NativeAPI_capi-media-vision-rs.xml	capi-media-vision-face	x86_64	capi-media-vision-1.0.17-0.src.rpm	NO
PUBLIC	capi-media-vision	capi-media-vision-face-devel	i686	snapshots/sdk/app-rootstrap-native-data-public___tmp_rs_resource_NativeAPI_capi-media-vision-rs.xml	capi-media-vision-face-devel	x86_64	capi-media-vision-1.0.17-0.src.rpm	NO
PUBLIC	capi-media-vision	capi-media-vision-surveillance	i686	snapshots/sdk/app-rootstrap-native-data-public___tmp_rs_resource_NativeAPI_capi-media-vision-rs.xml	capi-media-vision-surveillance	x86_64	capi-media-vision-1.0.17-0.src.rpm	NO
PUBLIC	capi-media-vision	capi-media-vision-surveillance-devel	i686	snapshots/sdk/app-rootstrap-native-data-public___tmp_rs_resource_NativeAPI_capi-media-vision-rs.xml	capi-media-vision-surveillance-devel	x86_64	capi-media-vision-1.0.17-0.src.rpm	NO
PUBLIC	capi-media-vision	capi-media-vision-roi_tracker	i686	snapshots/sdk/app-rootstrap-native-data-public___tmp_rs_resource_NativeAPI_capi-media-vision-rs.xml	capi-media-vision-roi_tracker	x86_64	capi-media-vision-1.0.17-0.src.rpm	NO
PUBLIC	capi-media-vision	capi-media-vision-roi_tracker-devel	i686	snapshots/sdk/app-rootstrap-native-data-public___tmp_rs_resource_NativeAPI_capi-media-vision-rs.xml	capi-media-vision-roi_tracker-devel	x86_64	capi-media-vision-1.0.17-0.src.rpm	NO
PUBLIC	capi-media-vision	capi-media-vision-3d	i686	snapshots/sdk/app-rootstrap-native-data-public___tmp_rs_resource_NativeAPI_capi-media-vision-rs.xml	capi-media-vision-3d	x86_64	capi-media-vision-1.0.17-0.src.rpm	NO
PUBLIC	capi-media-vision	capi-media-vision-3d-devel	i686	snapshots/sdk/app-rootstrap-native-data-public___tmp_rs_resource_NativeAPI_capi-media-vision-rs.xml	capi-media-vision-3d-devel	x86_64	capi-media-vision-1.0.17-0.src.rpm	NO
PUBLIC	capi-media-vision	capi-media-vision	armv7l	snapshots/sdk/app-rootstrap-native-data-public___tmp_rs_resource_NativeAPI_capi-media-vision-rs.xml	capi-media-vision	x86_64	capi-media-vision-1.0.17-0.src.rpm	YES
PUBLIC	capi-media-vision	capi-media-vision-devel	armv7l	snapshots/sdk/app-rootstrap-native-data-public___tmp_rs_resource_NativeAPI_capi-media-vision-rs.xml	capi-media-vision-devel	x86_64	capi-media-vision-1.0.17-0.src.rpm	YES
PUBLIC	capi-media-vision	capi-media-vision-common	armv7l	snapshots/sdk/app-rootstrap-native-data-public___tmp_rs_resource_NativeAPI_capi-media-vision-rs.xml	capi-media-vision-common	x86_64	capi-media-vision-1.0.17-0.src.rpm	YES
PUBLIC	capi-media-vision	capi-media-vision-common-devel	armv7l	snapshots/sdk/app-rootstrap-native-data-public___tmp_rs_resource_NativeAPI_capi-media-vision-rs.xml	capi-media-vision-common-devel	x86_64	capi-media-vision-1.0.17-0.src.rpm	YES
PUBLIC	capi-media-vision	capi-media-vision-barcode	armv7l	snapshots/sdk/app-rootstrap-native-data-public___tmp_rs_resource_NativeAPI_capi-media-vision-rs.xml	capi-media-vision-barcode	x86_64	capi-media-vision-1.0.17-0.src.rpm	YES
PUBLIC	capi-media-vision	capi-media-vision-barcode-devel	armv7l	snapshots/sdk/app-rootstrap-native-data-public___tmp_rs_resource_NativeAPI_capi-media-vision-rs.xml	capi-media-vision-barcode-devel	x86_64	capi-media-vision-1.0.17-0.src.rpm	YES
PUBLIC	capi-media-vision	capi-media-vision-image	armv7l	snapshots/sdk/app-rootstrap-native-data-public___tmp_rs_resource_NativeAPI_capi-media-vision-rs.xml	capi-media-vision-image	x86_64	capi-media-vision-1.0.17-0.src.rpm	YES
PUBLIC	capi-media-vision	capi-media-vision-image-devel	armv7l	snapshots/sdk/app-rootstrap-native-data-public___tmp_rs_resource_NativeAPI_capi-media-vision-rs.xml	capi-media-vision-image-devel	x86_64	capi-media-vision-1.0.17-0.src.rpm	YES
PUBLIC	capi-media-vision	capi-media-vision-machine_learning	armv7l	snapshots/sdk/app-rootstrap-native-data-public___tmp_rs_resource_NativeAPI_capi-media-vision-rs.xml	capi-media-vision-machine_learning	x86_64	capi-media-vision-1.0.17-0.src.rpm	YES
PUBLIC	capi-media-vision	capi-media-vision-machine_learning-devel	armv7l	snapshots/sdk/app-rootstrap-native-data-public___tmp_rs_resource_NativeAPI_capi-media-vision-rs.xml	capi-media-vision-machine_learning-devel	x86_64	capi-media-vision-1.0.17-0.src.rpm	YES
PUBLIC	capi-media-vision	capi-media-vision-face	armv7l	snapshots/sdk/app-rootstrap-native-data-public___tmp_rs_resource_NativeAPI_capi-media-vision-rs.xml	capi-media-vision-face	x86_64	capi-media-vision-1.0.17-0.src.rpm	YES
PUBLIC	capi-media-vision	capi-media-vision-face-devel	armv7l	snapshots/sdk/app-rootstrap-native-data-public___tmp_rs_resource_NativeAPI_capi-media-vision-rs.xml	capi-media-vision-face-devel	x86_64	capi-media-vision-1.0.17-0.src.rpm	YES
PUBLIC	capi-media-vision	capi-media-vision-surveillance	armv7l	snapshots/sdk/app-rootstrap-native-data-public___tmp_rs_resource_NativeAPI_capi-media-vision-rs.xml	capi-media-vision-surveillance	x86_64	capi-media-vision-1.0.17-0.src.rpm	YES
PUBLIC	capi-media-vision	capi-media-vision-surveillance-devel	armv7l	snapshots/sdk/app-rootstrap-native-data-public___tmp_rs_resource_NativeAPI_capi-media-vision-rs.xml	capi-media-vision-surveillance-devel	x86_64	capi-media-vision-1.0.17-0.src.rpm	YES
PUBLIC	capi-media-vision	capi-media-vision-roi_tracker	armv7l	snapshots/sdk/app-rootstrap-native-data-public___tmp_rs_resource_NativeAPI_capi-media-vision-rs.xml	capi-media-vision-roi_tracker	x86_64	capi-media-vision-1.0.17-0.src.rpm	YES
PUBLIC	capi-media-vision	capi-media-vision-roi_tracker-devel	armv7l	snapshots/sdk/app-rootstrap-native-data-public___tmp_rs_resource_NativeAPI_capi-media-vision-rs.xml	capi-media-vision-roi_tracker-devel	x86_64	capi-media-vision-1.0.17-0.src.rpm	YES
PUBLIC	capi-media-vision	capi-media-vision-3d	armv7l	snapshots/sdk/app-rootstrap-native-data-public___tmp_rs_resource_NativeAPI_capi-media-vision-rs.xml	capi-media-vision-3d	x86_64	capi-media-vision-1.0.17-0.src.rpm	YES
PUBLIC	capi-media-vision	capi-media-vision-3d-devel	armv7l	snapshots/sdk/app-rootstrap-native-data-public___tmp_rs_resource_NativeAPI_capi-media-vision-rs.xml	capi-media-vision-3d-devel	x86_64	capi-media-vision-1.0.17-0.src.rpm	YES
PUBLIC	capi-media-vision	capi-media-vision	riscv32	snapshots/sdk/app-rootstrap-native-data-public___tmp_rs_resource_NativeAPI_capi-media-vision-rs.xml	capi-media-vision	x86_64	capi-media-vision-1.0.17-0.src.rpm	NO
PUBLIC	capi-media-vision	capi-media-vision-devel	riscv32	snapshots/sdk/app-rootstrap-native-data-public___tmp_rs_resource_NativeAPI_capi-media-vision-rs.xml	capi-media-vision-devel	x86_64	capi-media-vision-1.0.17-0.src.rpm	NO
PUBLIC	capi-media-vision	capi-media-vision-common	riscv32	snapshots/sdk/app-rootstrap-native-data-public___tmp_rs_resource_NativeAPI_capi-media-vision-rs.xml	capi-media-vision-common	x86_64	capi-media-vision-1.0.17-0.src.rpm	NO
PUBLIC	capi-media-vision	capi-media-vision-common-devel	riscv32	snapshots/sdk/app-rootstrap-native-data-public___tmp_rs_resource_NativeAPI_capi-media-vision-rs.xml	capi-media-vision-common-devel	x86_64	capi-media-vision-1.0.17-0.src.rpm	NO
PUBLIC	capi-media-vision	capi-media-vision-barcode	riscv32	snapshots/sdk/app-rootstrap-native-data-public___tmp_rs_resource_NativeAPI_capi-media-vision-rs.xml	capi-media-vision-barcode	x86_64	capi-media-vision-1.0.17-0.src.rpm	NO
PUBLIC	capi-media-vision	capi-media-vision-barcode-devel	riscv32	snapshots/sdk/app-rootstrap-native-data-public___tmp_rs_resource_NativeAPI_capi-media-vision-rs.xml	capi-media-vision-barcode-devel	x86_64	capi-media-vision-1.0.17-0.src.rpm	NO
PUBLIC	capi-media-vision	capi-media-vision-image	riscv32	snapshots/sdk/app-rootstrap-native-data-public___tmp_rs_resource_NativeAPI_capi-media-vision-rs.xml	capi-media-vision-image	x86_64	capi-media-vision-1.0.17-0.src.rpm	NO
PUBLIC	capi-media-vision	capi-media-vision-image-devel	riscv32	snapshots/sdk/app-rootstrap-native-data-public___tmp_rs_resource_NativeAPI_capi-media-vision-rs.xml	capi-media-vision-image-devel	x86_64	capi-media-vision-1.0.17-0.src.rpm	NO
PUBLIC	capi-media-vision	capi-media-vision-machine_learning	riscv32	snapshots/sdk/app-rootstrap-native-data-public___tmp_rs_resource_NativeAPI_capi-media-vision-rs.xml	capi-media-vision-machine_learning	x86_64	capi-media-vision-1.0.17-0.src.rpm	NO
PUBLIC	capi-media-vision	capi-media-vision-machine_learning-devel	riscv32	snapshots/sdk/app-rootstrap-native-data-public___tmp_rs_resource_NativeAPI_capi-media-vision-rs.xml	capi-media-vision-machine_learning-devel	x86_64	capi-media-vision-1.0.17-0.src.rpm	NO
PUBLIC	capi-media-vision	capi-media-vision-face	riscv32	snapshots/sdk/app-rootstrap-native-data-public___tmp_rs_resource_NativeAPI_capi-media-vision-rs.xml	capi-media-vision-face	x86_64	capi-media-vision-1.0.17-0.src.rpm	NO
PUBLIC	capi-media-vision	capi-media-vision-face-devel	riscv32	snapshots/sdk/app-rootstrap-native-data-public___tmp_rs_resource_NativeAPI_capi-media-vision-rs.xml	capi-media-vision-face-devel	x86_64	capi-media-vision-1.0.17-0.src.rpm	NO
PUBLIC	capi-media-vision	capi-media-vision-surveillance	riscv32	snapshots/sdk/app-rootstrap-native-data-public___tmp_rs_resource_NativeAPI_capi-media-vision-rs.xml	capi-media-vision-surveillance	x86_64	capi-media-vision-1.0.17-0.src.rpm	NO
PUBLIC	capi-media-vision	capi-media-vision-surveillance-devel	riscv32	snapshots/sdk/app-rootstrap-native-data-public___tmp_rs_resource_NativeAPI_capi-media-vision-rs.xml	capi-media-vision-surveillance-devel	x86_64	capi-media-vision-1.0.17-0.src.rpm	NO
PUBLIC	capi-media-vision	capi-media-vision-roi_tracker	riscv32	snapshots/sdk/app-rootstrap-native-data-public___tmp_rs_resource_NativeAPI_capi-media-vision-rs.xml	capi-media-vision-roi_tracker	x86_64	capi-media-vision-1.0.17-0.src.rpm	NO
PUBLIC	capi-media-vision	capi-media-vision-roi_tracker-devel	riscv32	snapshots/sdk/app-rootstrap-native-data-public___tmp_rs_resource_NativeAPI_capi-media-vision-rs.xml	capi-media-vision-roi_tracker-devel	x86_64	capi-media-vision-1.0.17-0.src.rpm	NO
PUBLIC	capi-media-vision	capi-media-vision-3d	riscv32	snapshots/sdk/app-rootstrap-native-data-public___tmp_rs_resource_NativeAPI_capi-media-vision-rs.xml	capi-media-vision-3d	x86_64	capi-media-vision-1.0.17-0.src.rpm	NO
PUBLIC	capi-media-vision	capi-media-vision-3d-devel	riscv32	snapshots/sdk/app-rootstrap-native-data-public___tmp_rs_resource_NativeAPI_capi-media-vision-rs.xml	capi-media-vision-3d-devel	x86_64	capi-media-vision-1.0.17-0.src.rpm	NO
PUBLIC	capi-media-vision-surveillance	capi-media-vision-surveillance	i686	snapshots/sdk/app-rootstrap-native-data-public___tmp_rs_resource_NativeAPI_capi-media-vision-surveillance-rs.xml	capi-media-vision-surveillance	x86_64	capi-media-vision-1.0.17-0.src.rpm	NO
PUBLIC	capi-media-vision-surveillance	capi-media-vision-surveillance-devel	i686	snapshots/sdk/app-rootstrap-native-data-public___tmp_rs_resource_NativeAPI_capi-media-vision-surveillance-rs.xml	capi-media-vision-surveillance-devel	x86_64	capi-media-vision-1.0.17-0.src.rpm	NO
PUBLIC	capi-media-vision-surveillance	capi-media-vision-face	i686	snapshots/sdk/app-rootstrap-native-data-public___tmp_rs_resource_NativeAPI_capi-media-vision-surveillance-rs.xml	capi-media-vision-face	x86_64	capi-media-vision-1.0.17-0.src.rpm	NO
PUBLIC	capi-media-vision-surveillance	capi-media-vision-face-devel	i686	snapshots/sdk/app-rootstrap-native-data-public___tmp_rs_resource_NativeAPI_capi-media-vision-surveillance-rs.xml	capi-media-vision-face-devel	x86_64	capi-media-vision-1.0.17-0.src.rpm	NO
PUBLIC	capi-media-vision-surveillance	capi-media-vision-common	i686	snapshots/sdk/app-rootstrap-native-data-public___tmp_rs_resource_NativeAPI_capi-media-vision-surveillance-rs.xml	capi-media-vision-common	x86_64	capi-media-vision-1.0.17-0.src.rpm	NO
PUBLIC	capi-media-vision-surveillance	capi-media-vision-common-devel	i686	snapshots/sdk/app-rootstrap-native-data-public___tmp_rs_resource_NativeAPI_capi-media-vision-surveillance-rs.xml	capi-media-vision-common-devel	x86_64	capi-media-vision-1.0.17-0.src.rpm	NO
PUBLIC	capi-media-vision-surveillance	capi-media-vision-surveillance	armv7l	snapshots/sdk/app-rootstrap-native-data-public___tmp_rs_resource_NativeAPI_capi-media-vision-surveillance-rs.xml	capi-media-vision-surveillance	x86_64	capi-media-vision-1.0.17-0.src.rpm	YES
PUBLIC	capi-media-vision-surveillance	capi-media-vision-surveillance-devel	armv7l	snapshots/sdk/app-rootstrap-native-data-public___tmp_rs_resource_NativeAPI_capi-media-vision-surveillance-rs.xml	capi-media-vision-surveillance-devel	x86_64	capi-media-vision-1.0.17-0.src.rpm	YES
PUBLIC	capi-media-vision-surveillance	capi-media-vision-face	armv7l	snapshots/sdk/app-rootstrap-native-data-public___tmp_rs_resource_NativeAPI_capi-media-vision-surveillance-rs.xml	capi-media-vision-face	x86_64	capi-media-vision-1.0.17-0.src.rpm	YES
PUBLIC	capi-media-vision-surveillance	capi-media-vision-face-devel	armv7l	snapshots/sdk/app-rootstrap-native-data-public___tmp_rs_resource_NativeAPI_capi-media-vision-surveillance-rs.xml	capi-media-vision-face-devel	x86_64	capi-media-vision-1.0.17-0.src.rpm	YES
PUBLIC	capi-media-vision-surveillance	capi-media-vision-common	armv7l	snapshots/sdk/app-rootstrap-native-data-public___tmp_rs_resource_NativeAPI_capi-media-vision-surveillance-rs.xml	capi-media-vision-common	x86_64	capi-media-vision-1.0.17-0.src.rpm	YES
PUBLIC	capi-media-vision-surveillance	capi-media-vision-common-devel	armv7l	snapshots/sdk/app-rootstrap-native-data-public___tmp_rs_resource_NativeAPI_capi-media-vision-surveillance-rs.xml	capi-media-vision-common-devel	x86_64	capi-media-vision-1.0.17-0.src.rpm	YES
PUBLIC	capi-media-vision-surveillance	capi-media-vision-surveillance	riscv32	snapshots/sdk/app-rootstrap-native-data-public___tmp_rs_resource_NativeAPI_capi-media-vision-surveillance-rs.xml	capi-media-vision-surveillance	x86_64	capi-media-vision-1.0.17-0.src.rpm	NO
PUBLIC	capi-media-vision-surveillance	capi-media-vision-surveillance-devel	riscv32	snapshots/sdk/app-rootstrap-native-data-public___tmp_rs_resource_NativeAPI_capi-media-vision-surveillance-rs.xml	capi-media-vision-surveillance-devel	x86_64	capi-media-vision-1.0.17-0.src.rpm	NO
PUBLIC	capi-media-vision-surveillance	capi-media-vision-face	riscv32	snapshots/sdk/app-rootstrap-native-data-public___tmp_rs_resource_NativeAPI_capi-media-vision-surveillance-rs.xml	capi-media-vision-face	x86_64	capi-media-vision-1.0.17-0.src.rpm	NO
PUBLIC	capi-media-vision-surveillance	capi-media-vision-face-devel	riscv32	snapshots/sdk/app-rootstrap-native-data-public___tmp_rs_resource_NativeAPI_capi-media-vision-surveillance-rs.xml	capi-media-vision-face-devel	x86_64	capi-media-vision-1.0.17-0.src.rpm	NO
PUBLIC	capi-media-vision-surveillance	capi-media-vision-common	riscv32	snapshots/sdk/app-rootstrap-native-data-public___tmp_rs_resource_NativeAPI_capi-media-vision-surveillance-rs.xml	capi-media-vision-common	x86_64	capi-media-vision-1.0.17-0.src.rpm	NO
PUBLIC	capi-media-vision-surveillance	capi-media-vision-common-devel	riscv32	snapshots/sdk/app-rootstrap-native-data-public___tmp_rs_resource_NativeAPI_capi-media-vision-surveillance-rs.xml	capi-media-vision-common-devel	x86_64	capi-media-vision-1.0.17-0.src.rpm	NO
PUBLIC	capi-media-wav-player	capi-media-wav-player	i686	snapshots/sdk/app-rootstrap-native-data-public___tmp_rs_resource_NativeAPI_capi-media-wav-player-rs.xml	capi-media-wav-player	x86_64	capi-media-wav-player-0.3.15-0.src.rpm	NO
PUBLIC	capi-media-wav-player	capi-media-wav-player-devel	i686	snapshots/sdk/app-rootstrap-native-data-public___tmp_rs_resource_NativeAPI_capi-media-wav-player-rs.xml	capi-media-wav-player-devel	x86_64	capi-media-wav-player-0.3.15-0.src.rpm	NO
PUBLIC	capi-media-wav-player	capi-media-wav-player	armv7l	snapshots/sdk/app-rootstrap-native-data-public___tmp_rs_resource_NativeAPI_capi-media-wav-player-rs.xml	capi-media-wav-player	x86_64	capi-media-wav-player-0.3.15-0.src.rpm	YES
PUBLIC	capi-media-wav-player	capi-media-wav-player-devel	armv7l	snapshots/sdk/app-rootstrap-native-data-public___tmp_rs_resource_NativeAPI_capi-media-wav-player-rs.xml	capi-media-wav-player-devel	x86_64	capi-media-wav-player-0.3.15-0.src.rpm	YES
PUBLIC	capi-media-wav-player	capi-media-wav-player	riscv32	snapshots/sdk/app-rootstrap-native-data-public___tmp_rs_resource_NativeAPI_capi-media-wav-player-rs.xml	capi-media-wav-player	x86_64	capi-media-wav-player-0.3.15-0.src.rpm	NO
PUBLIC	capi-media-wav-player	capi-media-wav-player-devel	riscv32	snapshots/sdk/app-rootstrap-native-data-public___tmp_rs_resource_NativeAPI_capi-media-wav-player-rs.xml	capi-media-wav-player-devel	x86_64	capi-media-wav-player-0.3.15-0.src.rpm	NO
PUBLIC	capi-media-webrtc	capi-media-webrtc	i686	snapshots/sdk/app-rootstrap-native-data-public___tmp_rs_resource_NativeAPI_capi-media-webrtc-rs.xml	capi-media-webrtc	x86_64	capi-media-webrtc-1.2.14-0.src.rpm	NO
PUBLIC	capi-media-webrtc	capi-media-webrtc-devel	i686	snapshots/sdk/app-rootstrap-native-data-public___tmp_rs_resource_NativeAPI_capi-media-webrtc-rs.xml	capi-media-webrtc-devel	x86_64	capi-media-webrtc-1.2.14-0.src.rpm	NO
PUBLIC	capi-media-webrtc	capi-media-webrtc	armv7l	snapshots/sdk/app-rootstrap-native-data-public___tmp_rs_resource_NativeAPI_capi-media-webrtc-rs.xml	capi-media-webrtc	x86_64	capi-media-webrtc-1.2.14-0.src.rpm	YES
PUBLIC	capi-media-webrtc	capi-media-webrtc-devel	armv7l	snapshots/sdk/app-rootstrap-native-data-public___tmp_rs_resource_NativeAPI_capi-media-webrtc-rs.xml	capi-media-webrtc-devel	x86_64	capi-media-webrtc-1.2.14-0.src.rpm	YES
PUBLIC	capi-media-webrtc	capi-media-webrtc	riscv32	snapshots/sdk/app-rootstrap-native-data-public___tmp_rs_resource_NativeAPI_capi-media-webrtc-rs.xml	capi-media-webrtc	x86_64	capi-media-webrtc-1.2.14-0.src.rpm	NO
PUBLIC	capi-media-webrtc	capi-media-webrtc-devel	riscv32	snapshots/sdk/app-rootstrap-native-data-public___tmp_rs_resource_NativeAPI_capi-media-webrtc-rs.xml	capi-media-webrtc-devel	x86_64	capi-media-webrtc-1.2.14-0.src.rpm	NO
PUBLIC	capi-mediademuxer	capi-mediademuxer	i686	snapshots/sdk/app-rootstrap-native-data-public___tmp_rs_resource_NativeAPI_capi-mediademuxer-rs.xml	capi-mediademuxer	x86_64	capi-mediademuxer-0.2.2-0.src.rpm	NO
PUBLIC	capi-mediademuxer	capi-mediademuxer-devel	i686	snapshots/sdk/app-rootstrap-native-data-public___tmp_rs_resource_NativeAPI_capi-mediademuxer-rs.xml	capi-mediademuxer-devel	x86_64	capi-mediademuxer-0.2.2-0.src.rpm	NO
PUBLIC	capi-mediademuxer	capi-mediademuxer	armv7l	snapshots/sdk/app-rootstrap-native-data-public___tmp_rs_resource_NativeAPI_capi-mediademuxer-rs.xml	capi-mediademuxer	x86_64	capi-mediademuxer-0.2.2-0.src.rpm	YES
PUBLIC	capi-mediademuxer	capi-mediademuxer-devel	armv7l	snapshots/sdk/app-rootstrap-native-data-public___tmp_rs_resource_NativeAPI_capi-mediademuxer-rs.xml	capi-mediademuxer-devel	x86_64	capi-mediademuxer-0.2.2-0.src.rpm	YES
PUBLIC	capi-mediademuxer	capi-mediademuxer	riscv32	snapshots/sdk/app-rootstrap-native-data-public___tmp_rs_resource_NativeAPI_capi-mediademuxer-rs.xml	capi-mediademuxer	x86_64	capi-mediademuxer-0.2.2-0.src.rpm	NO
PUBLIC	capi-mediademuxer	capi-mediademuxer-devel	riscv32	snapshots/sdk/app-rootstrap-native-data-public___tmp_rs_resource_NativeAPI_capi-mediademuxer-rs.xml	capi-mediademuxer-devel	x86_64	capi-mediademuxer-0.2.2-0.src.rpm	NO
PUBLIC	capi-mediamuxer	capi-mediamuxer	i686	snapshots/sdk/app-rootstrap-native-data-public___tmp_rs_resource_NativeAPI_capi-mediamuxer-rs.xml	capi-mediamuxer	x86_64	capi-mediamuxer-0.2.1-0.src.rpm	NO
PUBLIC	capi-mediamuxer	capi-mediamuxer-devel	i686	snapshots/sdk/app-rootstrap-native-data-public___tmp_rs_resource_NativeAPI_capi-mediamuxer-rs.xml	capi-mediamuxer-devel	x86_64	capi-mediamuxer-0.2.1-0.src.rpm	NO
PUBLIC	capi-mediamuxer	capi-mediamuxer	armv7l	snapshots/sdk/app-rootstrap-native-data-public___tmp_rs_resource_NativeAPI_capi-mediamuxer-rs.xml	capi-mediamuxer	x86_64	capi-mediamuxer-0.2.1-0.src.rpm	YES
PUBLIC	capi-mediamuxer	capi-mediamuxer-devel	armv7l	snapshots/sdk/app-rootstrap-native-data-public___tmp_rs_resource_NativeAPI_capi-mediamuxer-rs.xml	capi-mediamuxer-devel	x86_64	capi-mediamuxer-0.2.1-0.src.rpm	YES
PUBLIC	capi-mediamuxer	capi-mediamuxer	riscv32	snapshots/sdk/app-rootstrap-native-data-public___tmp_rs_resource_NativeAPI_capi-mediamuxer-rs.xml	capi-mediamuxer	x86_64	capi-mediamuxer-0.2.1-0.src.rpm	NO
PUBLIC	capi-mediamuxer	capi-mediamuxer-devel	riscv32	snapshots/sdk/app-rootstrap-native-data-public___tmp_rs_resource_NativeAPI_capi-mediamuxer-rs.xml	capi-mediamuxer-devel	x86_64	capi-mediamuxer-0.2.1-0.src.rpm	NO
PUBLIC	capi-message-port	message-port	i686	snapshots/sdk/app-rootstrap-native-data-public___tmp_rs_resource_NativeAPI_capi-message-port-rs.xml	message-port	x86_64	message-port-1.4.32-0.src.rpm	NO
PUBLIC	capi-message-port	message-port-devel	i686	snapshots/sdk/app-rootstrap-native-data-public___tmp_rs_resource_NativeAPI_capi-message-port-rs.xml	message-port-devel	x86_64	message-port-1.4.32-0.src.rpm	NO
PUBLIC	capi-message-port	message-port	armv7l	snapshots/sdk/app-rootstrap-native-data-public___tmp_rs_resource_NativeAPI_capi-message-port-rs.xml	message-port	x86_64	message-port-1.4.32-0.src.rpm	YES
PUBLIC	capi-message-port	message-port-devel	armv7l	snapshots/sdk/app-rootstrap-native-data-public___tmp_rs_resource_NativeAPI_capi-message-port-rs.xml	message-port-devel	x86_64	message-port-1.4.32-0.src.rpm	YES
PUBLIC	capi-message-port	message-port	riscv32	snapshots/sdk/app-rootstrap-native-data-public___tmp_rs_resource_NativeAPI_capi-message-port-rs.xml	message-port	x86_64	message-port-1.4.32-0.src.rpm	NO
PUBLIC	capi-message-port	message-port-devel	riscv32	snapshots/sdk/app-rootstrap-native-data-public___tmp_rs_resource_NativeAPI_capi-message-port-rs.xml	message-port-devel	x86_64	message-port-1.4.32-0.src.rpm	NO
PUBLIC	capi-network-asp	capi-network-asp	i686	snapshots/sdk/app-rootstrap-native-data-public___tmp_rs_resource_NativeAPI_capi-network-asp-rs.xml	capi-network-asp	x86_64	capi-network-asp-0.1.23-1.src.rpm	NO
PUBLIC	capi-network-asp	capi-network-asp-devel	i686	snapshots/sdk/app-rootstrap-native-data-public___tmp_rs_resource_NativeAPI_capi-network-asp-rs.xml	capi-network-asp-devel	x86_64	capi-network-asp-0.1.23-1.src.rpm	NO
PUBLIC	capi-network-asp	capi-network-asp	armv7l	snapshots/sdk/app-rootstrap-native-data-public___tmp_rs_resource_NativeAPI_capi-network-asp-rs.xml	capi-network-asp	x86_64	capi-network-asp-0.1.23-1.src.rpm	YES
PUBLIC	capi-network-asp	capi-network-asp-devel	armv7l	snapshots/sdk/app-rootstrap-native-data-public___tmp_rs_resource_NativeAPI_capi-network-asp-rs.xml	capi-network-asp-devel	x86_64	capi-network-asp-0.1.23-1.src.rpm	YES
PUBLIC	capi-network-asp	capi-network-asp	riscv32	snapshots/sdk/app-rootstrap-native-data-public___tmp_rs_resource_NativeAPI_capi-network-asp-rs.xml	capi-network-asp	x86_64	capi-network-asp-0.1.23-1.src.rpm	NO
PUBLIC	capi-network-asp	capi-network-asp-devel	riscv32	snapshots/sdk/app-rootstrap-native-data-public___tmp_rs_resource_NativeAPI_capi-network-asp-rs.xml	capi-network-asp-devel	x86_64	capi-network-asp-0.1.23-1.src.rpm	NO
PUBLIC	capi-network-bluetooth	capi-network-bluetooth	i686	snapshots/sdk/app-rootstrap-native-data-public___tmp_rs_resource_NativeAPI_capi-network-bluetooth-rs.xml	capi-network-bluetooth	x86_64	capi-network-bluetooth-0.10.0-2.src.rpm	NO
PUBLIC	capi-network-bluetooth	capi-network-bluetooth-devel	i686	snapshots/sdk/app-rootstrap-native-data-public___tmp_rs_resource_NativeAPI_capi-network-bluetooth-rs.xml	capi-network-bluetooth-devel	x86_64	capi-network-bluetooth-0.10.0-2.src.rpm	NO
PUBLIC	capi-network-bluetooth	capi-network-bluetooth	armv7l	snapshots/sdk/app-rootstrap-native-data-public___tmp_rs_resource_NativeAPI_capi-network-bluetooth-rs.xml	capi-network-bluetooth	x86_64	capi-network-bluetooth-0.10.0-2.src.rpm	YES
PUBLIC	capi-network-bluetooth	capi-network-bluetooth-devel	armv7l	snapshots/sdk/app-rootstrap-native-data-public___tmp_rs_resource_NativeAPI_capi-network-bluetooth-rs.xml	capi-network-bluetooth-devel	x86_64	capi-network-bluetooth-0.10.0-2.src.rpm	YES
PUBLIC	capi-network-bluetooth	capi-network-bluetooth	riscv32	snapshots/sdk/app-rootstrap-native-data-public___tmp_rs_resource_NativeAPI_capi-network-bluetooth-rs.xml	capi-network-bluetooth	x86_64	capi-network-bluetooth-0.10.0-2.src.rpm	NO
PUBLIC	capi-network-bluetooth	capi-network-bluetooth-devel	riscv32	snapshots/sdk/app-rootstrap-native-data-public___tmp_rs_resource_NativeAPI_capi-network-bluetooth-rs.xml	capi-network-bluetooth-devel	x86_64	capi-network-bluetooth-0.10.0-2.src.rpm	NO
PUBLIC	capi-network-connection	capi-network-connection	i686	snapshots/sdk/app-rootstrap-native-data-public___tmp_rs_resource_NativeAPI_capi-network-connection-rs.xml	capi-network-connection	x86_64	capi-network-connection-1.0.126-0.src.rpm	NO
PUBLIC	capi-network-connection	capi-network-connection-devel	i686	snapshots/sdk/app-rootstrap-native-data-public___tmp_rs_resource_NativeAPI_capi-network-connection-rs.xml	capi-network-connection-devel	x86_64	capi-network-connection-1.0.126-0.src.rpm	NO
PUBLIC	capi-network-connection	capi-network-connection	armv7l	snapshots/sdk/app-rootstrap-native-data-public___tmp_rs_resource_NativeAPI_capi-network-connection-rs.xml	capi-network-connection	x86_64	capi-network-connection-1.0.126-0.src.rpm	YES
PUBLIC	capi-network-connection	capi-network-connection-devel	armv7l	snapshots/sdk/app-rootstrap-native-data-public___tmp_rs_resource_NativeAPI_capi-network-connection-rs.xml	capi-network-connection-devel	x86_64	capi-network-connection-1.0.126-0.src.rpm	YES
PUBLIC	capi-network-connection	capi-network-connection	riscv32	snapshots/sdk/app-rootstrap-native-data-public___tmp_rs_resource_NativeAPI_capi-network-connection-rs.xml	capi-network-connection	x86_64	capi-network-connection-1.0.126-0.src.rpm	NO
PUBLIC	capi-network-connection	capi-network-connection-devel	riscv32	snapshots/sdk/app-rootstrap-native-data-public___tmp_rs_resource_NativeAPI_capi-network-connection-rs.xml	capi-network-connection-devel	x86_64	capi-network-connection-1.0.126-0.src.rpm	NO
PUBLIC	capi-network-http	capi-network-http	i686	snapshots/sdk/app-rootstrap-native-data-public___tmp_rs_resource_NativeAPI_capi-network-http-rs.xml	capi-network-http	x86_64	capi-network-http-0.0.39-0.src.rpm	NO
PUBLIC	capi-network-http	capi-network-http-devel	i686	snapshots/sdk/app-rootstrap-native-data-public___tmp_rs_resource_NativeAPI_capi-network-http-rs.xml	capi-network-http-devel	x86_64	capi-network-http-0.0.39-0.src.rpm	NO
PUBLIC	capi-network-http	capi-network-http	armv7l	snapshots/sdk/app-rootstrap-native-data-public___tmp_rs_resource_NativeAPI_capi-network-http-rs.xml	capi-network-http	x86_64	capi-network-http-0.0.39-0.src.rpm	YES
PUBLIC	capi-network-http	capi-network-http-devel	armv7l	snapshots/sdk/app-rootstrap-native-data-public___tmp_rs_resource_NativeAPI_capi-network-http-rs.xml	capi-network-http-devel	x86_64	capi-network-http-0.0.39-0.src.rpm	YES
PUBLIC	capi-network-http	capi-network-http	riscv32	snapshots/sdk/app-rootstrap-native-data-public___tmp_rs_resource_NativeAPI_capi-network-http-rs.xml	capi-network-http	x86_64	capi-network-http-0.0.39-0.src.rpm	NO
PUBLIC	capi-network-http	capi-network-http-devel	riscv32	snapshots/sdk/app-rootstrap-native-data-public___tmp_rs_resource_NativeAPI_capi-network-http-rs.xml	capi-network-http-devel	x86_64	capi-network-http-0.0.39-0.src.rpm	NO
PUBLIC	capi-network-inm	capi-network-inm	i686	snapshots/sdk/app-rootstrap-native-data-public___tmp_rs_resource_NativeAPI_capi-network-inm-rs.xml	capi-network-inm	x86_64	capi-network-inm-0.1.24-1.src.rpm	NO
PUBLIC	capi-network-inm	capi-network-inm-devel	i686	snapshots/sdk/app-rootstrap-native-data-public___tmp_rs_resource_NativeAPI_capi-network-inm-rs.xml	capi-network-inm-devel	x86_64	capi-network-inm-0.1.24-1.src.rpm	NO
PUBLIC	capi-network-inm	capi-network-inm	armv7l	snapshots/sdk/app-rootstrap-native-data-public___tmp_rs_resource_NativeAPI_capi-network-inm-rs.xml	capi-network-inm	x86_64	capi-network-inm-0.1.24-1.src.rpm	YES
PUBLIC	capi-network-inm	capi-network-inm-devel	armv7l	snapshots/sdk/app-rootstrap-native-data-public___tmp_rs_resource_NativeAPI_capi-network-inm-rs.xml	capi-network-inm-devel	x86_64	capi-network-inm-0.1.24-1.src.rpm	YES
PUBLIC	capi-network-inm	capi-network-inm	riscv32	snapshots/sdk/app-rootstrap-native-data-public___tmp_rs_resource_NativeAPI_capi-network-inm-rs.xml	capi-network-inm	x86_64	capi-network-inm-0.1.24-1.src.rpm	NO
PUBLIC	capi-network-inm	capi-network-inm-devel	riscv32	snapshots/sdk/app-rootstrap-native-data-public___tmp_rs_resource_NativeAPI_capi-network-inm-rs.xml	capi-network-inm-devel	x86_64	capi-network-inm-0.1.24-1.src.rpm	NO
PUBLIC	capi-network-mtp	capi-network-mtp	i686	snapshots/sdk/app-rootstrap-native-data-public___tmp_rs_resource_NativeAPI_capi-network-mtp-rs.xml	capi-network-mtp	x86_64	capi-network-mtp-1.3.21-1.src.rpm	NO
PUBLIC	capi-network-mtp	capi-network-mtp-devel	i686	snapshots/sdk/app-rootstrap-native-data-public___tmp_rs_resource_NativeAPI_capi-network-mtp-rs.xml	capi-network-mtp-devel	x86_64	capi-network-mtp-1.3.21-1.src.rpm	NO
PUBLIC	capi-network-mtp	capi-network-mtp	armv7l	snapshots/sdk/app-rootstrap-native-data-public___tmp_rs_resource_NativeAPI_capi-network-mtp-rs.xml	capi-network-mtp	x86_64	capi-network-mtp-1.3.21-1.src.rpm	YES
PUBLIC	capi-network-mtp	capi-network-mtp-devel	armv7l	snapshots/sdk/app-rootstrap-native-data-public___tmp_rs_resource_NativeAPI_capi-network-mtp-rs.xml	capi-network-mtp-devel	x86_64	capi-network-mtp-1.3.21-1.src.rpm	YES
PUBLIC	capi-network-mtp	capi-network-mtp	riscv32	snapshots/sdk/app-rootstrap-native-data-public___tmp_rs_resource_NativeAPI_capi-network-mtp-rs.xml	capi-network-mtp	x86_64	capi-network-mtp-1.3.21-1.src.rpm	NO
PUBLIC	capi-network-mtp	capi-network-mtp-devel	riscv32	snapshots/sdk/app-rootstrap-native-data-public___tmp_rs_resource_NativeAPI_capi-network-mtp-rs.xml	capi-network-mtp-devel	x86_64	capi-network-mtp-1.3.21-1.src.rpm	NO
PUBLIC	capi-network-nfc	capi-network-nfc	i686	snapshots/sdk/app-rootstrap-native-data-public___tmp_rs_resource_NativeAPI_capi-network-nfc-rs.xml	capi-network-nfc	x86_64	capi-network-nfc-0.4.0-0.src.rpm	NO
PUBLIC	capi-network-nfc	capi-network-nfc-devel	i686	snapshots/sdk/app-rootstrap-native-data-public___tmp_rs_resource_NativeAPI_capi-network-nfc-rs.xml	capi-network-nfc-devel	x86_64	capi-network-nfc-0.4.0-0.src.rpm	NO
PUBLIC	capi-network-nfc	capi-network-nfc	armv7l	snapshots/sdk/app-rootstrap-native-data-public___tmp_rs_resource_NativeAPI_capi-network-nfc-rs.xml	capi-network-nfc	x86_64	capi-network-nfc-0.4.0-0.src.rpm	YES
PUBLIC	capi-network-nfc	capi-network-nfc-devel	armv7l	snapshots/sdk/app-rootstrap-native-data-public___tmp_rs_resource_NativeAPI_capi-network-nfc-rs.xml	capi-network-nfc-devel	x86_64	capi-network-nfc-0.4.0-0.src.rpm	YES
PUBLIC	capi-network-nfc	capi-network-nfc	riscv32	snapshots/sdk/app-rootstrap-native-data-public___tmp_rs_resource_NativeAPI_capi-network-nfc-rs.xml	capi-network-nfc	x86_64	capi-network-nfc-0.4.0-0.src.rpm	NO
PUBLIC	capi-network-nfc	capi-network-nfc-devel	riscv32	snapshots/sdk/app-rootstrap-native-data-public___tmp_rs_resource_NativeAPI_capi-network-nfc-rs.xml	capi-network-nfc-devel	x86_64	capi-network-nfc-0.4.0-0.src.rpm	NO
PUBLIC	capi-network-nsd	capi-network-nsd	i686	snapshots/sdk/app-rootstrap-native-data-public___tmp_rs_resource_NativeAPI_capi-network-nsd-rs.xml	capi-network-nsd	x86_64	capi-network-nsd-0.2.8-1.src.rpm	NO
PUBLIC	capi-network-nsd	capi-network-nsd-devel	i686	snapshots/sdk/app-rootstrap-native-data-public___tmp_rs_resource_NativeAPI_capi-network-nsd-rs.xml	capi-network-nsd-devel	x86_64	capi-network-nsd-0.2.8-1.src.rpm	NO
PUBLIC	capi-network-nsd	libnsd-dns-sd	i686	snapshots/sdk/app-rootstrap-native-data-public___tmp_rs_resource_NativeAPI_capi-network-nsd-rs.xml	libnsd-dns-sd	x86_64	capi-network-nsd-0.2.8-1.src.rpm	NO
PUBLIC	capi-network-nsd	libnsd-ssdp	i686	snapshots/sdk/app-rootstrap-native-data-public___tmp_rs_resource_NativeAPI_capi-network-nsd-rs.xml	libnsd-ssdp	x86_64	capi-network-nsd-0.2.8-1.src.rpm	NO
PUBLIC	capi-network-nsd	capi-network-nsd	armv7l	snapshots/sdk/app-rootstrap-native-data-public___tmp_rs_resource_NativeAPI_capi-network-nsd-rs.xml	capi-network-nsd	x86_64	capi-network-nsd-0.2.8-1.src.rpm	YES
PUBLIC	capi-network-nsd	capi-network-nsd-devel	armv7l	snapshots/sdk/app-rootstrap-native-data-public___tmp_rs_resource_NativeAPI_capi-network-nsd-rs.xml	capi-network-nsd-devel	x86_64	capi-network-nsd-0.2.8-1.src.rpm	YES
PUBLIC	capi-network-nsd	libnsd-dns-sd	armv7l	snapshots/sdk/app-rootstrap-native-data-public___tmp_rs_resource_NativeAPI_capi-network-nsd-rs.xml	libnsd-dns-sd	x86_64	capi-network-nsd-0.2.8-1.src.rpm	YES
PUBLIC	capi-network-nsd	libnsd-ssdp	armv7l	snapshots/sdk/app-rootstrap-native-data-public___tmp_rs_resource_NativeAPI_capi-network-nsd-rs.xml	libnsd-ssdp	x86_64	capi-network-nsd-0.2.8-1.src.rpm	YES
PUBLIC	capi-network-nsd	capi-network-nsd	riscv32	snapshots/sdk/app-rootstrap-native-data-public___tmp_rs_resource_NativeAPI_capi-network-nsd-rs.xml	capi-network-nsd	x86_64	capi-network-nsd-0.2.8-1.src.rpm	NO
PUBLIC	capi-network-nsd	capi-network-nsd-devel	riscv32	snapshots/sdk/app-rootstrap-native-data-public___tmp_rs_resource_NativeAPI_capi-network-nsd-rs.xml	capi-network-nsd-devel	x86_64	capi-network-nsd-0.2.8-1.src.rpm	NO
PUBLIC	capi-network-nsd	libnsd-dns-sd	riscv32	snapshots/sdk/app-rootstrap-native-data-public___tmp_rs_resource_NativeAPI_capi-network-nsd-rs.xml	libnsd-dns-sd	x86_64	capi-network-nsd-0.2.8-1.src.rpm	NO
PUBLIC	capi-network-nsd	libnsd-ssdp	riscv32	snapshots/sdk/app-rootstrap-native-data-public___tmp_rs_resource_NativeAPI_capi-network-nsd-rs.xml	libnsd-ssdp	x86_64	capi-network-nsd-0.2.8-1.src.rpm	NO
PUBLIC	capi-network-smartcard	capi-network-smartcard	i686	snapshots/sdk/app-rootstrap-native-data-public___tmp_rs_resource_NativeAPI_capi-network-smartcard-rs.xml	capi-network-smartcard	x86_64	capi-network-smartcard-0.0.16-0.src.rpm	NO
PUBLIC	capi-network-smartcard	capi-network-smartcard-devel	i686	snapshots/sdk/app-rootstrap-native-data-public___tmp_rs_resource_NativeAPI_capi-network-smartcard-rs.xml	capi-network-smartcard-devel	x86_64	capi-network-smartcard-0.0.16-0.src.rpm	NO
PUBLIC	capi-network-smartcard	capi-network-smartcard	armv7l	snapshots/sdk/app-rootstrap-native-data-public___tmp_rs_resource_NativeAPI_capi-network-smartcard-rs.xml	capi-network-smartcard	x86_64	capi-network-smartcard-0.0.16-0.src.rpm	YES
PUBLIC	capi-network-smartcard	capi-network-smartcard-devel	armv7l	snapshots/sdk/app-rootstrap-native-data-public___tmp_rs_resource_NativeAPI_capi-network-smartcard-rs.xml	capi-network-smartcard-devel	x86_64	capi-network-smartcard-0.0.16-0.src.rpm	YES
PUBLIC	capi-network-smartcard	capi-network-smartcard	riscv32	snapshots/sdk/app-rootstrap-native-data-public___tmp_rs_resource_NativeAPI_capi-network-smartcard-rs.xml	capi-network-smartcard	x86_64	capi-network-smartcard-0.0.16-0.src.rpm	NO
PUBLIC	capi-network-smartcard	capi-network-smartcard-devel	riscv32	snapshots/sdk/app-rootstrap-native-data-public___tmp_rs_resource_NativeAPI_capi-network-smartcard-rs.xml	capi-network-smartcard-devel	x86_64	capi-network-smartcard-0.0.16-0.src.rpm	NO
PUBLIC	capi-network-softap	capi-network-softap	i686	snapshots/sdk/app-rootstrap-native-data-public___tmp_rs_resource_NativeAPI_capi-network-softap-rs.xml	capi-network-softap	x86_64	capi-network-softap-0.1.3-1.src.rpm	NO
PUBLIC	capi-network-softap	capi-network-softap-devel	i686	snapshots/sdk/app-rootstrap-native-data-public___tmp_rs_resource_NativeAPI_capi-network-softap-rs.xml	capi-network-softap-devel	x86_64	capi-network-softap-0.1.3-1.src.rpm	NO
PUBLIC	capi-network-softap	capi-network-softap	armv7l	snapshots/sdk/app-rootstrap-native-data-public___tmp_rs_resource_NativeAPI_capi-network-softap-rs.xml	capi-network-softap	x86_64	capi-network-softap-0.1.3-1.src.rpm	YES
PUBLIC	capi-network-softap	capi-network-softap-devel	armv7l	snapshots/sdk/app-rootstrap-native-data-public___tmp_rs_resource_NativeAPI_capi-network-softap-rs.xml	capi-network-softap-devel	x86_64	capi-network-softap-0.1.3-1.src.rpm	YES
PUBLIC	capi-network-softap	capi-network-softap	riscv32	snapshots/sdk/app-rootstrap-native-data-public___tmp_rs_resource_NativeAPI_capi-network-softap-rs.xml	capi-network-softap	x86_64	capi-network-softap-0.1.3-1.src.rpm	NO
PUBLIC	capi-network-softap	capi-network-softap-devel	riscv32	snapshots/sdk/app-rootstrap-native-data-public___tmp_rs_resource_NativeAPI_capi-network-softap-rs.xml	capi-network-softap-devel	x86_64	capi-network-softap-0.1.3-1.src.rpm	NO
PUBLIC	capi-network-stc	capi-network-stc	i686	snapshots/sdk/app-rootstrap-native-data-public___tmp_rs_resource_NativeAPI_capi-network-stc-rs.xml	capi-network-stc	x86_64	capi-network-stc-0.0.43-1.src.rpm	NO
PUBLIC	capi-network-stc	capi-network-stc-devel	i686	snapshots/sdk/app-rootstrap-native-data-public___tmp_rs_resource_NativeAPI_capi-network-stc-rs.xml	capi-network-stc-devel	x86_64	capi-network-stc-0.0.43-1.src.rpm	NO
PUBLIC	capi-network-stc	capi-network-stc	armv7l	snapshots/sdk/app-rootstrap-native-data-public___tmp_rs_resource_NativeAPI_capi-network-stc-rs.xml	capi-network-stc	x86_64	capi-network-stc-0.0.43-1.src.rpm	YES
PUBLIC	capi-network-stc	capi-network-stc-devel	armv7l	snapshots/sdk/app-rootstrap-native-data-public___tmp_rs_resource_NativeAPI_capi-network-stc-rs.xml	capi-network-stc-devel	x86_64	capi-network-stc-0.0.43-1.src.rpm	YES
PUBLIC	capi-network-stc	capi-network-stc	riscv32	snapshots/sdk/app-rootstrap-native-data-public___tmp_rs_resource_NativeAPI_capi-network-stc-rs.xml	capi-network-stc	x86_64	capi-network-stc-0.0.43-1.src.rpm	NO
PUBLIC	capi-network-stc	capi-network-stc-devel	riscv32	snapshots/sdk/app-rootstrap-native-data-public___tmp_rs_resource_NativeAPI_capi-network-stc-rs.xml	capi-network-stc-devel	x86_64	capi-network-stc-0.0.43-1.src.rpm	NO
PUBLIC	capi-network-ua	capi-network-ua	i686	snapshots/sdk/app-rootstrap-native-data-public___tmp_rs_resource_NativeAPI_capi-network-ua-rs.xml	capi-network-ua	x86_64	capi-network-ua-0.14.6-2.src.rpm	NO
PUBLIC	capi-network-ua	capi-network-ua-devel	i686	snapshots/sdk/app-rootstrap-native-data-public___tmp_rs_resource_NativeAPI_capi-network-ua-rs.xml	capi-network-ua-devel	x86_64	capi-network-ua-0.14.6-2.src.rpm	NO
PUBLIC	capi-network-ua	capi-network-ua	armv7l	snapshots/sdk/app-rootstrap-native-data-public___tmp_rs_resource_NativeAPI_capi-network-ua-rs.xml	capi-network-ua	x86_64	capi-network-ua-0.14.6-2.src.rpm	YES
PUBLIC	capi-network-ua	capi-network-ua-devel	armv7l	snapshots/sdk/app-rootstrap-native-data-public___tmp_rs_resource_NativeAPI_capi-network-ua-rs.xml	capi-network-ua-devel	x86_64	capi-network-ua-0.14.6-2.src.rpm	YES
PUBLIC	capi-network-ua	capi-network-ua	riscv32	snapshots/sdk/app-rootstrap-native-data-public___tmp_rs_resource_NativeAPI_capi-network-ua-rs.xml	capi-network-ua	x86_64	capi-network-ua-0.14.6-2.src.rpm	NO
PUBLIC	capi-network-ua	capi-network-ua-devel	riscv32	snapshots/sdk/app-rootstrap-native-data-public___tmp_rs_resource_NativeAPI_capi-network-ua-rs.xml	capi-network-ua-devel	x86_64	capi-network-ua-0.14.6-2.src.rpm	NO
PUBLIC	capi-network-wifi-aware	capi-network-wifi-aware	i686	snapshots/sdk/app-rootstrap-native-data-public___tmp_rs_resource_NativeAPI_capi-network-wifi-aware-rs.xml	capi-network-wifi-aware	x86_64	capi-network-wifi-aware-0.2.0-1.src.rpm	NO
PUBLIC	capi-network-wifi-aware	capi-network-wifi-aware-devel	i686	snapshots/sdk/app-rootstrap-native-data-public___tmp_rs_resource_NativeAPI_capi-network-wifi-aware-rs.xml	capi-network-wifi-aware-devel	x86_64	capi-network-wifi-aware-0.2.0-1.src.rpm	NO
PUBLIC	capi-network-wifi-aware	capi-network-wifi-aware	armv7l	snapshots/sdk/app-rootstrap-native-data-public___tmp_rs_resource_NativeAPI_capi-network-wifi-aware-rs.xml	capi-network-wifi-aware	x86_64	capi-network-wifi-aware-0.2.0-1.src.rpm	YES
PUBLIC	capi-network-wifi-aware	capi-network-wifi-aware-devel	armv7l	snapshots/sdk/app-rootstrap-native-data-public___tmp_rs_resource_NativeAPI_capi-network-wifi-aware-rs.xml	capi-network-wifi-aware-devel	x86_64	capi-network-wifi-aware-0.2.0-1.src.rpm	YES
PUBLIC	capi-network-wifi-aware	capi-network-wifi-aware	riscv32	snapshots/sdk/app-rootstrap-native-data-public___tmp_rs_resource_NativeAPI_capi-network-wifi-aware-rs.xml	capi-network-wifi-aware	x86_64	capi-network-wifi-aware-0.2.0-1.src.rpm	NO
PUBLIC	capi-network-wifi-aware	capi-network-wifi-aware-devel	riscv32	snapshots/sdk/app-rootstrap-native-data-public___tmp_rs_resource_NativeAPI_capi-network-wifi-aware-rs.xml	capi-network-wifi-aware-devel	x86_64	capi-network-wifi-aware-0.2.0-1.src.rpm	NO
PUBLIC	capi-network-wifi-direct	capi-network-wifi-direct	i686	snapshots/sdk/app-rootstrap-native-data-public___tmp_rs_resource_NativeAPI_capi-network-wifi-direct-rs.xml	capi-network-wifi-direct	x86_64	capi-network-wifi-direct-1.4.0-1.src.rpm	NO
PUBLIC	capi-network-wifi-direct	capi-network-wifi-direct-devel	i686	snapshots/sdk/app-rootstrap-native-data-public___tmp_rs_resource_NativeAPI_capi-network-wifi-direct-rs.xml	capi-network-wifi-direct-devel	x86_64	capi-network-wifi-direct-1.4.0-1.src.rpm	NO
PUBLIC	capi-network-wifi-direct	capi-network-wifi-direct	armv7l	snapshots/sdk/app-rootstrap-native-data-public___tmp_rs_resource_NativeAPI_capi-network-wifi-direct-rs.xml	capi-network-wifi-direct	x86_64	capi-network-wifi-direct-1.4.0-1.src.rpm	YES
PUBLIC	capi-network-wifi-direct	capi-network-wifi-direct-devel	armv7l	snapshots/sdk/app-rootstrap-native-data-public___tmp_rs_resource_NativeAPI_capi-network-wifi-direct-rs.xml	capi-network-wifi-direct-devel	x86_64	capi-network-wifi-direct-1.4.0-1.src.rpm	YES
PUBLIC	capi-network-wifi-direct	capi-network-wifi-direct	riscv32	snapshots/sdk/app-rootstrap-native-data-public___tmp_rs_resource_NativeAPI_capi-network-wifi-direct-rs.xml	capi-network-wifi-direct	x86_64	capi-network-wifi-direct-1.4.0-1.src.rpm	NO
PUBLIC	capi-network-wifi-direct	capi-network-wifi-direct-devel	riscv32	snapshots/sdk/app-rootstrap-native-data-public___tmp_rs_resource_NativeAPI_capi-network-wifi-direct-rs.xml	capi-network-wifi-direct-devel	x86_64	capi-network-wifi-direct-1.4.0-1.src.rpm	NO
PUBLIC	capi-network-wifi-manager	capi-network-wifi-manager	i686	snapshots/sdk/app-rootstrap-native-data-public___tmp_rs_resource_NativeAPI_capi-network-wifi-manager-rs.xml	capi-network-wifi-manager	x86_64	capi-network-wifi-manager-1.3.24-0.src.rpm	NO
PUBLIC	capi-network-wifi-manager	capi-network-wifi-manager-devel	i686	snapshots/sdk/app-rootstrap-native-data-public___tmp_rs_resource_NativeAPI_capi-network-wifi-manager-rs.xml	capi-network-wifi-manager-devel	x86_64	capi-network-wifi-manager-1.3.24-0.src.rpm	NO
PUBLIC	capi-network-wifi-manager	capi-network-wifi-manager	armv7l	snapshots/sdk/app-rootstrap-native-data-public___tmp_rs_resource_NativeAPI_capi-network-wifi-manager-rs.xml	capi-network-wifi-manager	x86_64	capi-network-wifi-manager-1.3.24-0.src.rpm	YES
PUBLIC	capi-network-wifi-manager	capi-network-wifi-manager-devel	armv7l	snapshots/sdk/app-rootstrap-native-data-public___tmp_rs_resource_NativeAPI_capi-network-wifi-manager-rs.xml	capi-network-wifi-manager-devel	x86_64	capi-network-wifi-manager-1.3.24-0.src.rpm	YES
PUBLIC	capi-network-wifi-manager	capi-network-wifi-manager	riscv32	snapshots/sdk/app-rootstrap-native-data-public___tmp_rs_resource_NativeAPI_capi-network-wifi-manager-rs.xml	capi-network-wifi-manager	x86_64	capi-network-wifi-manager-1.3.24-0.src.rpm	NO
PUBLIC	capi-network-wifi-manager	capi-network-wifi-manager-devel	riscv32	snapshots/sdk/app-rootstrap-native-data-public___tmp_rs_resource_NativeAPI_capi-network-wifi-manager-rs.xml	capi-network-wifi-manager-devel	x86_64	capi-network-wifi-manager-1.3.24-0.src.rpm	NO
PUBLIC	capi-privacy-privilege-manager	capi-privacy-privilege-manager	i686	snapshots/sdk/app-rootstrap-native-data-public___tmp_rs_resource_NativeAPI_capi-privacy-privilege-manager-rs.xml	capi-privacy-privilege-manager	x86_64	askuser-notification-0.8.4-1.src.rpm	NO
PUBLIC	capi-privacy-privilege-manager	askuser-notification-devel	i686	snapshots/sdk/app-rootstrap-native-data-public___tmp_rs_resource_NativeAPI_capi-privacy-privilege-manager-rs.xml	askuser-notification-devel	x86_64	askuser-notification-0.8.4-1.src.rpm	NO
PUBLIC	capi-privacy-privilege-manager	capi-privacy-privilege-manager	armv7l	snapshots/sdk/app-rootstrap-native-data-public___tmp_rs_resource_NativeAPI_capi-privacy-privilege-manager-rs.xml	capi-privacy-privilege-manager	x86_64	askuser-notification-0.8.4-1.src.rpm	YES
PUBLIC	capi-privacy-privilege-manager	askuser-notification-devel	armv7l	snapshots/sdk/app-rootstrap-native-data-public___tmp_rs_resource_NativeAPI_capi-privacy-privilege-manager-rs.xml	askuser-notification-devel	x86_64	askuser-notification-0.8.4-1.src.rpm	YES
PUBLIC	capi-privacy-privilege-manager	capi-privacy-privilege-manager	riscv32	snapshots/sdk/app-rootstrap-native-data-public___tmp_rs_resource_NativeAPI_capi-privacy-privilege-manager-rs.xml	capi-privacy-privilege-manager	x86_64	askuser-notification-0.8.4-1.src.rpm	NO
PUBLIC	capi-privacy-privilege-manager	askuser-notification-devel	riscv32	snapshots/sdk/app-rootstrap-native-data-public___tmp_rs_resource_NativeAPI_capi-privacy-privilege-manager-rs.xml	askuser-notification-devel	x86_64	askuser-notification-0.8.4-1.src.rpm	NO
PUBLIC	capi-system-device	capi-system-device	i686	snapshots/sdk/app-rootstrap-native-data-public___tmp_rs_resource_NativeAPI_capi-system-device-rs.xml	capi-system-device	x86_64	capi-system-device-0.1.0-0.src.rpm	NO
PUBLIC	capi-system-device	capi-system-device-devel	i686	snapshots/sdk/app-rootstrap-native-data-public___tmp_rs_resource_NativeAPI_capi-system-device-rs.xml	capi-system-device-devel	x86_64	capi-system-device-0.1.0-0.src.rpm	NO
PUBLIC	capi-system-device	capi-system-device	armv7l	snapshots/sdk/app-rootstrap-native-data-public___tmp_rs_resource_NativeAPI_capi-system-device-rs.xml	capi-system-device	x86_64	capi-system-device-0.1.0-0.src.rpm	YES
PUBLIC	capi-system-device	capi-system-device-devel	armv7l	snapshots/sdk/app-rootstrap-native-data-public___tmp_rs_resource_NativeAPI_capi-system-device-rs.xml	capi-system-device-devel	x86_64	capi-system-device-0.1.0-0.src.rpm	YES
PUBLIC	capi-system-device	capi-system-device	riscv32	snapshots/sdk/app-rootstrap-native-data-public___tmp_rs_resource_NativeAPI_capi-system-device-rs.xml	capi-system-device	x86_64	capi-system-device-0.1.0-0.src.rpm	NO
PUBLIC	capi-system-device	capi-system-device-devel	riscv32	snapshots/sdk/app-rootstrap-native-data-public___tmp_rs_resource_NativeAPI_capi-system-device-rs.xml	capi-system-device-devel	x86_64	capi-system-device-0.1.0-0.src.rpm	NO
PUBLIC	capi-system-info	capi-system-info	i686	snapshots/sdk/app-rootstrap-native-data-public___tmp_rs_resource_NativeAPI_capi-system-info-rs.xml	capi-system-info	x86_64	capi-system-info-0.5.2-1.src.rpm	NO
PUBLIC	capi-system-info	capi-system-info-devel	i686	snapshots/sdk/app-rootstrap-native-data-public___tmp_rs_resource_NativeAPI_capi-system-info-rs.xml	capi-system-info-devel	x86_64	capi-system-info-0.5.2-1.src.rpm	NO
PUBLIC	capi-system-info	capi-system-info	armv7l	snapshots/sdk/app-rootstrap-native-data-public___tmp_rs_resource_NativeAPI_capi-system-info-rs.xml	capi-system-info	x86_64	capi-system-info-0.5.2-1.src.rpm	YES
PUBLIC	capi-system-info	capi-system-info-devel	armv7l	snapshots/sdk/app-rootstrap-native-data-public___tmp_rs_resource_NativeAPI_capi-system-info-rs.xml	capi-system-info-devel	x86_64	capi-system-info-0.5.2-1.src.rpm	YES
PUBLIC	capi-system-info	capi-system-info	riscv32	snapshots/sdk/app-rootstrap-native-data-public___tmp_rs_resource_NativeAPI_capi-system-info-rs.xml	capi-system-info	x86_64	capi-system-info-0.5.2-1.src.rpm	NO
PUBLIC	capi-system-info	capi-system-info-devel	riscv32	snapshots/sdk/app-rootstrap-native-data-public___tmp_rs_resource_NativeAPI_capi-system-info-rs.xml	capi-system-info-devel	x86_64	capi-system-info-0.5.2-1.src.rpm	NO
PUBLIC	capi-system-media-key	capi-system-media-key	i686	snapshots/sdk/app-rootstrap-native-data-public___tmp_rs_resource_NativeAPI_capi-system-media-key-rs.xml	capi-system-media-key	x86_64	capi-system-media-key-0.2.13-6.src.rpm	NO
PUBLIC	capi-system-media-key	capi-system-media-key-devel	i686	snapshots/sdk/app-rootstrap-native-data-public___tmp_rs_resource_NativeAPI_capi-system-media-key-rs.xml	capi-system-media-key-devel	x86_64	capi-system-media-key-0.2.13-6.src.rpm	NO
PUBLIC	capi-system-media-key	capi-system-media-key	armv7l	snapshots/sdk/app-rootstrap-native-data-public___tmp_rs_resource_NativeAPI_capi-system-media-key-rs.xml	capi-system-media-key	x86_64	capi-system-media-key-0.2.13-6.src.rpm	YES
PUBLIC	capi-system-media-key	capi-system-media-key-devel	armv7l	snapshots/sdk/app-rootstrap-native-data-public___tmp_rs_resource_NativeAPI_capi-system-media-key-rs.xml	capi-system-media-key-devel	x86_64	capi-system-media-key-0.2.13-6.src.rpm	YES
PUBLIC	capi-system-media-key	capi-system-media-key	riscv32	snapshots/sdk/app-rootstrap-native-data-public___tmp_rs_resource_NativeAPI_capi-system-media-key-rs.xml	capi-system-media-key	x86_64	capi-system-media-key-0.2.13-6.src.rpm	NO
PUBLIC	capi-system-media-key	capi-system-media-key-devel	riscv32	snapshots/sdk/app-rootstrap-native-data-public___tmp_rs_resource_NativeAPI_capi-system-media-key-rs.xml	capi-system-media-key-devel	x86_64	capi-system-media-key-0.2.13-6.src.rpm	NO
PUBLIC	capi-system-peripheral-io	capi-system-peripheral-io	i686	snapshots/sdk/app-rootstrap-native-data-public___tmp_rs_resource_NativeAPI_capi-system-peripheral-io-rs.xml	capi-system-peripheral-io	x86_64	capi-system-peripheral-io-0.4.3-0.src.rpm	NO
PUBLIC	capi-system-peripheral-io	capi-system-peripheral-io-devel	i686	snapshots/sdk/app-rootstrap-native-data-public___tmp_rs_resource_NativeAPI_capi-system-peripheral-io-rs.xml	capi-system-peripheral-io-devel	x86_64	capi-system-peripheral-io-0.4.3-0.src.rpm	NO
PUBLIC	capi-system-peripheral-io	capi-system-peripheral-io	armv7l	snapshots/sdk/app-rootstrap-native-data-public___tmp_rs_resource_NativeAPI_capi-system-peripheral-io-rs.xml	capi-system-peripheral-io	x86_64	capi-system-peripheral-io-0.4.3-0.src.rpm	YES
PUBLIC	capi-system-peripheral-io	capi-system-peripheral-io-devel	armv7l	snapshots/sdk/app-rootstrap-native-data-public___tmp_rs_resource_NativeAPI_capi-system-peripheral-io-rs.xml	capi-system-peripheral-io-devel	x86_64	capi-system-peripheral-io-0.4.3-0.src.rpm	YES
PUBLIC	capi-system-peripheral-io	capi-system-peripheral-io	riscv32	snapshots/sdk/app-rootstrap-native-data-public___tmp_rs_resource_NativeAPI_capi-system-peripheral-io-rs.xml	capi-system-peripheral-io	x86_64	capi-system-peripheral-io-0.4.3-0.src.rpm	NO
PUBLIC	capi-system-peripheral-io	capi-system-peripheral-io-devel	riscv32	snapshots/sdk/app-rootstrap-native-data-public___tmp_rs_resource_NativeAPI_capi-system-peripheral-io-rs.xml	capi-system-peripheral-io-devel	x86_64	capi-system-peripheral-io-0.4.3-0.src.rpm	NO
PUBLIC	capi-system-resource-monitor	capi-system-resource-monitor	i686	snapshots/sdk/app-rootstrap-native-data-public___tmp_rs_resource_NativeAPI_capi-system-resource-monitor-rs.xml	capi-system-resource-monitor	x86_64	capi-system-resource-monitor-0.0.1-0.src.rpm	NO
PUBLIC	capi-system-resource-monitor	capi-system-resource-monitor-devel	i686	snapshots/sdk/app-rootstrap-native-data-public___tmp_rs_resource_NativeAPI_capi-system-resource-monitor-rs.xml	capi-system-resource-monitor-devel	x86_64	capi-system-resource-monitor-0.0.1-0.src.rpm	NO
PUBLIC	capi-system-resource-monitor	capi-system-resource-monitor	armv7l	snapshots/sdk/app-rootstrap-native-data-public___tmp_rs_resource_NativeAPI_capi-system-resource-monitor-rs.xml	capi-system-resource-monitor	x86_64	capi-system-resource-monitor-0.0.1-0.src.rpm	YES
PUBLIC	capi-system-resource-monitor	capi-system-resource-monitor-devel	armv7l	snapshots/sdk/app-rootstrap-native-data-public___tmp_rs_resource_NativeAPI_capi-system-resource-monitor-rs.xml	capi-system-resource-monitor-devel	x86_64	capi-system-resource-monitor-0.0.1-0.src.rpm	YES
PUBLIC	capi-system-resource-monitor	capi-system-resource-monitor	riscv32	snapshots/sdk/app-rootstrap-native-data-public___tmp_rs_resource_NativeAPI_capi-system-resource-monitor-rs.xml	capi-system-resource-monitor	x86_64	capi-system-resource-monitor-0.0.1-0.src.rpm	NO
PUBLIC	capi-system-resource-monitor	capi-system-resource-monitor-devel	riscv32	snapshots/sdk/app-rootstrap-native-data-public___tmp_rs_resource_NativeAPI_capi-system-resource-monitor-rs.xml	capi-system-resource-monitor-devel	x86_64	capi-system-resource-monitor-0.0.1-0.src.rpm	NO
PUBLIC	capi-system-runtime-info	capi-system-runtime-info	i686	snapshots/sdk/app-rootstrap-native-data-public___tmp_rs_resource_NativeAPI_capi-system-runtime-info-rs.xml	capi-system-runtime-info	x86_64	capi-system-runtime-info-0.5.2-1.src.rpm	NO
PUBLIC	capi-system-runtime-info	capi-system-runtime-info-devel	i686	snapshots/sdk/app-rootstrap-native-data-public___tmp_rs_resource_NativeAPI_capi-system-runtime-info-rs.xml	capi-system-runtime-info-devel	x86_64	capi-system-runtime-info-0.5.2-1.src.rpm	NO
PUBLIC	capi-system-runtime-info	capi-system-runtime-info	armv7l	snapshots/sdk/app-rootstrap-native-data-public___tmp_rs_resource_NativeAPI_capi-system-runtime-info-rs.xml	capi-system-runtime-info	x86_64	capi-system-runtime-info-0.5.2-1.src.rpm	YES
PUBLIC	capi-system-runtime-info	capi-system-runtime-info-devel	armv7l	snapshots/sdk/app-rootstrap-native-data-public___tmp_rs_resource_NativeAPI_capi-system-runtime-info-rs.xml	capi-system-runtime-info-devel	x86_64	capi-system-runtime-info-0.5.2-1.src.rpm	YES
PUBLIC	capi-system-runtime-info	capi-system-runtime-info	riscv32	snapshots/sdk/app-rootstrap-native-data-public___tmp_rs_resource_NativeAPI_capi-system-runtime-info-rs.xml	capi-system-runtime-info	x86_64	capi-system-runtime-info-0.5.2-1.src.rpm	NO
PUBLIC	capi-system-runtime-info	capi-system-runtime-info-devel	riscv32	snapshots/sdk/app-rootstrap-native-data-public___tmp_rs_resource_NativeAPI_capi-system-runtime-info-rs.xml	capi-system-runtime-info-devel	x86_64	capi-system-runtime-info-0.5.2-1.src.rpm	NO
PUBLIC	capi-system-sensor	capi-system-sensor	i686	snapshots/sdk/app-rootstrap-native-data-public___tmp_rs_resource_NativeAPI_capi-system-sensor-rs.xml	capi-system-sensor	x86_64	capi-system-sensor-0.2.5-1.src.rpm	NO
PUBLIC	capi-system-sensor	capi-system-sensor-devel	i686	snapshots/sdk/app-rootstrap-native-data-public___tmp_rs_resource_NativeAPI_capi-system-sensor-rs.xml	capi-system-sensor-devel	x86_64	capi-system-sensor-0.2.5-1.src.rpm	NO
PUBLIC	capi-system-sensor	capi-system-sensor	armv7l	snapshots/sdk/app-rootstrap-native-data-public___tmp_rs_resource_NativeAPI_capi-system-sensor-rs.xml	capi-system-sensor	x86_64	capi-system-sensor-0.2.5-1.src.rpm	YES
PUBLIC	capi-system-sensor	capi-system-sensor-devel	armv7l	snapshots/sdk/app-rootstrap-native-data-public___tmp_rs_resource_NativeAPI_capi-system-sensor-rs.xml	capi-system-sensor-devel	x86_64	capi-system-sensor-0.2.5-1.src.rpm	YES
PUBLIC	capi-system-sensor	capi-system-sensor	riscv32	snapshots/sdk/app-rootstrap-native-data-public___tmp_rs_resource_NativeAPI_capi-system-sensor-rs.xml	capi-system-sensor	x86_64	capi-system-sensor-0.2.5-1.src.rpm	NO
PUBLIC	capi-system-sensor	capi-system-sensor-devel	riscv32	snapshots/sdk/app-rootstrap-native-data-public___tmp_rs_resource_NativeAPI_capi-system-sensor-rs.xml	capi-system-sensor-devel	x86_64	capi-system-sensor-0.2.5-1.src.rpm	NO
PUBLIC	capi-system-system-settings	capi-system-system-settings	i686	snapshots/sdk/app-rootstrap-native-data-public___tmp_rs_resource_NativeAPI_capi-system-system-settings-rs.xml	capi-system-system-settings	x86_64	capi-system-system-settings-0.0.5-0.src.rpm	NO
PUBLIC	capi-system-system-settings	capi-system-system-settings-devel	i686	snapshots/sdk/app-rootstrap-native-data-public___tmp_rs_resource_NativeAPI_capi-system-system-settings-rs.xml	capi-system-system-settings-devel	x86_64	capi-system-system-settings-0.0.5-0.src.rpm	NO
PUBLIC	capi-system-system-settings	capi-system-system-settings	armv7l	snapshots/sdk/app-rootstrap-native-data-public___tmp_rs_resource_NativeAPI_capi-system-system-settings-rs.xml	capi-system-system-settings	x86_64	capi-system-system-settings-0.0.5-0.src.rpm	YES
PUBLIC	capi-system-system-settings	capi-system-system-settings-devel	armv7l	snapshots/sdk/app-rootstrap-native-data-public___tmp_rs_resource_NativeAPI_capi-system-system-settings-rs.xml	capi-system-system-settings-devel	x86_64	capi-system-system-settings-0.0.5-0.src.rpm	YES
PUBLIC	capi-system-system-settings	capi-system-system-settings	riscv32	snapshots/sdk/app-rootstrap-native-data-public___tmp_rs_resource_NativeAPI_capi-system-system-settings-rs.xml	capi-system-system-settings	x86_64	capi-system-system-settings-0.0.5-0.src.rpm	NO
PUBLIC	capi-system-system-settings	capi-system-system-settings-devel	riscv32	snapshots/sdk/app-rootstrap-native-data-public___tmp_rs_resource_NativeAPI_capi-system-system-settings-rs.xml	capi-system-system-settings-devel	x86_64	capi-system-system-settings-0.0.5-0.src.rpm	NO
PUBLIC	capi-system-usbhost	capi-system-usbhost	i686	snapshots/sdk/app-rootstrap-native-data-public___tmp_rs_resource_NativeAPI_capi-system-usbhost-rs.xml	capi-system-usbhost	x86_64	capi-system-usbhost-0.0.2-1.src.rpm	NO
PUBLIC	capi-system-usbhost	capi-system-usbhost-devel	i686	snapshots/sdk/app-rootstrap-native-data-public___tmp_rs_resource_NativeAPI_capi-system-usbhost-rs.xml	capi-system-usbhost-devel	x86_64	capi-system-usbhost-0.0.2-1.src.rpm	NO
PUBLIC	capi-system-usbhost	capi-system-usbhost	armv7l	snapshots/sdk/app-rootstrap-native-data-public___tmp_rs_resource_NativeAPI_capi-system-usbhost-rs.xml	capi-system-usbhost	x86_64	capi-system-usbhost-0.0.2-1.src.rpm	YES
PUBLIC	capi-system-usbhost	capi-system-usbhost-devel	armv7l	snapshots/sdk/app-rootstrap-native-data-public___tmp_rs_resource_NativeAPI_capi-system-usbhost-rs.xml	capi-system-usbhost-devel	x86_64	capi-system-usbhost-0.0.2-1.src.rpm	YES
PUBLIC	capi-system-usbhost	capi-system-usbhost	riscv32	snapshots/sdk/app-rootstrap-native-data-public___tmp_rs_resource_NativeAPI_capi-system-usbhost-rs.xml	capi-system-usbhost	x86_64	capi-system-usbhost-0.0.2-1.src.rpm	NO
PUBLIC	capi-system-usbhost	capi-system-usbhost-devel	riscv32	snapshots/sdk/app-rootstrap-native-data-public___tmp_rs_resource_NativeAPI_capi-system-usbhost-rs.xml	capi-system-usbhost-devel	x86_64	capi-system-usbhost-0.0.2-1.src.rpm	NO
PUBLIC	capi-telephony	capi-telephony	i686	snapshots/sdk/app-rootstrap-native-data-public___tmp_rs_resource_NativeAPI_capi-telephony-rs.xml	capi-telephony	x86_64	capi-telephony-0.3.0-1.src.rpm	NO
PUBLIC	capi-telephony	capi-telephony-devel	i686	snapshots/sdk/app-rootstrap-native-data-public___tmp_rs_resource_NativeAPI_capi-telephony-rs.xml	capi-telephony-devel	x86_64	capi-telephony-0.3.0-1.src.rpm	NO
PUBLIC	capi-telephony	capi-telephony	armv7l	snapshots/sdk/app-rootstrap-native-data-public___tmp_rs_resource_NativeAPI_capi-telephony-rs.xml	capi-telephony	x86_64	capi-telephony-0.3.0-1.src.rpm	YES
PUBLIC	capi-telephony	capi-telephony-devel	armv7l	snapshots/sdk/app-rootstrap-native-data-public___tmp_rs_resource_NativeAPI_capi-telephony-rs.xml	capi-telephony-devel	x86_64	capi-telephony-0.3.0-1.src.rpm	YES
PUBLIC	capi-telephony	capi-telephony	riscv32	snapshots/sdk/app-rootstrap-native-data-public___tmp_rs_resource_NativeAPI_capi-telephony-rs.xml	capi-telephony	x86_64	capi-telephony-0.3.0-1.src.rpm	NO
PUBLIC	capi-telephony	capi-telephony-devel	riscv32	snapshots/sdk/app-rootstrap-native-data-public___tmp_rs_resource_NativeAPI_capi-telephony-rs.xml	capi-telephony-devel	x86_64	capi-telephony-0.3.0-1.src.rpm	NO
PUBLIC	capi-ui-autofill	capi-ui-autofill	i686	snapshots/sdk/app-rootstrap-native-data-public___tmp_rs_resource_NativeAPI_capi-ui-autofill-rs.xml	capi-ui-autofill	x86_64	capi-ui-autofill-0.11.1-1.src.rpm	NO
PUBLIC	capi-ui-autofill	capi-ui-autofill-devel	i686	snapshots/sdk/app-rootstrap-native-data-public___tmp_rs_resource_NativeAPI_capi-ui-autofill-rs.xml	capi-ui-autofill-devel	x86_64	capi-ui-autofill-0.11.1-1.src.rpm	NO
PUBLIC	capi-ui-autofill	capi-ui-autofill-common	i686	snapshots/sdk/app-rootstrap-native-data-public___tmp_rs_resource_NativeAPI_capi-ui-autofill-rs.xml	capi-ui-autofill-common	x86_64	capi-ui-autofill-0.11.1-1.src.rpm	NO
PUBLIC	capi-ui-autofill	capi-ui-autofill-common-devel	i686	snapshots/sdk/app-rootstrap-native-data-public___tmp_rs_resource_NativeAPI_capi-ui-autofill-rs.xml	capi-ui-autofill-common-devel	x86_64	capi-ui-autofill-0.11.1-1.src.rpm	NO
PUBLIC	capi-ui-autofill	capi-ui-autofill-service	i686	snapshots/sdk/app-rootstrap-native-data-public___tmp_rs_resource_NativeAPI_capi-ui-autofill-rs.xml	capi-ui-autofill-service	x86_64	capi-ui-autofill-0.11.1-1.src.rpm	NO
PUBLIC	capi-ui-autofill	capi-ui-autofill-service-devel	i686	snapshots/sdk/app-rootstrap-native-data-public___tmp_rs_resource_NativeAPI_capi-ui-autofill-rs.xml	capi-ui-autofill-service-devel	x86_64	capi-ui-autofill-0.11.1-1.src.rpm	NO
PUBLIC	capi-ui-autofill	capi-ui-autofill-manager	i686	snapshots/sdk/app-rootstrap-native-data-public___tmp_rs_resource_NativeAPI_capi-ui-autofill-rs.xml	capi-ui-autofill-manager	x86_64	capi-ui-autofill-0.11.1-1.src.rpm	NO
PUBLIC	capi-ui-autofill	capi-ui-autofill-manager-devel	i686	snapshots/sdk/app-rootstrap-native-data-public___tmp_rs_resource_NativeAPI_capi-ui-autofill-rs.xml	capi-ui-autofill-manager-devel	x86_64	capi-ui-autofill-0.11.1-1.src.rpm	NO
PUBLIC	capi-ui-autofill	capi-ui-autofill	armv7l	snapshots/sdk/app-rootstrap-native-data-public___tmp_rs_resource_NativeAPI_capi-ui-autofill-rs.xml	capi-ui-autofill	x86_64	capi-ui-autofill-0.11.1-1.src.rpm	YES
PUBLIC	capi-ui-autofill	capi-ui-autofill-devel	armv7l	snapshots/sdk/app-rootstrap-native-data-public___tmp_rs_resource_NativeAPI_capi-ui-autofill-rs.xml	capi-ui-autofill-devel	x86_64	capi-ui-autofill-0.11.1-1.src.rpm	YES
PUBLIC	capi-ui-autofill	capi-ui-autofill-common	armv7l	snapshots/sdk/app-rootstrap-native-data-public___tmp_rs_resource_NativeAPI_capi-ui-autofill-rs.xml	capi-ui-autofill-common	x86_64	capi-ui-autofill-0.11.1-1.src.rpm	YES
PUBLIC	capi-ui-autofill	capi-ui-autofill-common-devel	armv7l	snapshots/sdk/app-rootstrap-native-data-public___tmp_rs_resource_NativeAPI_capi-ui-autofill-rs.xml	capi-ui-autofill-common-devel	x86_64	capi-ui-autofill-0.11.1-1.src.rpm	YES
PUBLIC	capi-ui-autofill	capi-ui-autofill-service	armv7l	snapshots/sdk/app-rootstrap-native-data-public___tmp_rs_resource_NativeAPI_capi-ui-autofill-rs.xml	capi-ui-autofill-service	x86_64	capi-ui-autofill-0.11.1-1.src.rpm	YES
PUBLIC	capi-ui-autofill	capi-ui-autofill-service-devel	armv7l	snapshots/sdk/app-rootstrap-native-data-public___tmp_rs_resource_NativeAPI_capi-ui-autofill-rs.xml	capi-ui-autofill-service-devel	x86_64	capi-ui-autofill-0.11.1-1.src.rpm	YES
PUBLIC	capi-ui-autofill	capi-ui-autofill-manager	armv7l	snapshots/sdk/app-rootstrap-native-data-public___tmp_rs_resource_NativeAPI_capi-ui-autofill-rs.xml	capi-ui-autofill-manager	x86_64	capi-ui-autofill-0.11.1-1.src.rpm	YES
PUBLIC	capi-ui-autofill	capi-ui-autofill-manager-devel	armv7l	snapshots/sdk/app-rootstrap-native-data-public___tmp_rs_resource_NativeAPI_capi-ui-autofill-rs.xml	capi-ui-autofill-manager-devel	x86_64	capi-ui-autofill-0.11.1-1.src.rpm	YES
PUBLIC	capi-ui-autofill	capi-ui-autofill	riscv32	snapshots/sdk/app-rootstrap-native-data-public___tmp_rs_resource_NativeAPI_capi-ui-autofill-rs.xml	capi-ui-autofill	x86_64	capi-ui-autofill-0.11.1-1.src.rpm	NO
PUBLIC	capi-ui-autofill	capi-ui-autofill-devel	riscv32	snapshots/sdk/app-rootstrap-native-data-public___tmp_rs_resource_NativeAPI_capi-ui-autofill-rs.xml	capi-ui-autofill-devel	x86_64	capi-ui-autofill-0.11.1-1.src.rpm	NO
PUBLIC	capi-ui-autofill	capi-ui-autofill-common	riscv32	snapshots/sdk/app-rootstrap-native-data-public___tmp_rs_resource_NativeAPI_capi-ui-autofill-rs.xml	capi-ui-autofill-common	x86_64	capi-ui-autofill-0.11.1-1.src.rpm	NO
PUBLIC	capi-ui-autofill	capi-ui-autofill-common-devel	riscv32	snapshots/sdk/app-rootstrap-native-data-public___tmp_rs_resource_NativeAPI_capi-ui-autofill-rs.xml	capi-ui-autofill-common-devel	x86_64	capi-ui-autofill-0.11.1-1.src.rpm	NO
PUBLIC	capi-ui-autofill	capi-ui-autofill-service	riscv32	snapshots/sdk/app-rootstrap-native-data-public___tmp_rs_resource_NativeAPI_capi-ui-autofill-rs.xml	capi-ui-autofill-service	x86_64	capi-ui-autofill-0.11.1-1.src.rpm	NO
PUBLIC	capi-ui-autofill	capi-ui-autofill-service-devel	riscv32	snapshots/sdk/app-rootstrap-native-data-public___tmp_rs_resource_NativeAPI_capi-ui-autofill-rs.xml	capi-ui-autofill-service-devel	x86_64	capi-ui-autofill-0.11.1-1.src.rpm	NO
PUBLIC	capi-ui-autofill	capi-ui-autofill-manager	riscv32	snapshots/sdk/app-rootstrap-native-data-public___tmp_rs_resource_NativeAPI_capi-ui-autofill-rs.xml	capi-ui-autofill-manager	x86_64	capi-ui-autofill-0.11.1-1.src.rpm	NO
PUBLIC	capi-ui-autofill	capi-ui-autofill-manager-devel	riscv32	snapshots/sdk/app-rootstrap-native-data-public___tmp_rs_resource_NativeAPI_capi-ui-autofill-rs.xml	capi-ui-autofill-manager-devel	x86_64	capi-ui-autofill-0.11.1-1.src.rpm	NO
PUBLIC	capi-ui-efl-util	capi-ui-efl-util	i686	snapshots/sdk/app-rootstrap-native-data-public___tmp_rs_resource_NativeAPI_capi-ui-efl-util-rs.xml	capi-ui-efl-util	x86_64	capi-ui-efl-util-0.9.1-1.src.rpm	NO
PUBLIC	capi-ui-efl-util	capi-ui-efl-util-devel	i686	snapshots/sdk/app-rootstrap-native-data-public___tmp_rs_resource_NativeAPI_capi-ui-efl-util-rs.xml	capi-ui-efl-util-devel	x86_64	capi-ui-efl-util-0.9.1-1.src.rpm	NO
PUBLIC	capi-ui-efl-util	capi-ui-efl-util	armv7l	snapshots/sdk/app-rootstrap-native-data-public___tmp_rs_resource_NativeAPI_capi-ui-efl-util-rs.xml	capi-ui-efl-util	x86_64	capi-ui-efl-util-0.9.1-1.src.rpm	YES
PUBLIC	capi-ui-efl-util	capi-ui-efl-util-devel	armv7l	snapshots/sdk/app-rootstrap-native-data-public___tmp_rs_resource_NativeAPI_capi-ui-efl-util-rs.xml	capi-ui-efl-util-devel	x86_64	capi-ui-efl-util-0.9.1-1.src.rpm	YES
PUBLIC	capi-ui-efl-util	capi-ui-efl-util	riscv32	snapshots/sdk/app-rootstrap-native-data-public___tmp_rs_resource_NativeAPI_capi-ui-efl-util-rs.xml	capi-ui-efl-util	x86_64	capi-ui-efl-util-0.9.1-1.src.rpm	NO
PUBLIC	capi-ui-efl-util	capi-ui-efl-util-devel	riscv32	snapshots/sdk/app-rootstrap-native-data-public___tmp_rs_resource_NativeAPI_capi-ui-efl-util-rs.xml	capi-ui-efl-util-devel	x86_64	capi-ui-efl-util-0.9.1-1.src.rpm	NO
PUBLIC	capi-ui-inputmethod-manager	capi-ui-inputmethod-manager	i686	snapshots/sdk/app-rootstrap-native-data-public___tmp_rs_resource_NativeAPI_capi-ui-inputmethod-manager-rs.xml	capi-ui-inputmethod-manager	x86_64	capi-ui-inputmethod-manager-0.10.1-1.src.rpm	NO
PUBLIC	capi-ui-inputmethod-manager	capi-ui-inputmethod-manager-devel	i686	snapshots/sdk/app-rootstrap-native-data-public___tmp_rs_resource_NativeAPI_capi-ui-inputmethod-manager-rs.xml	capi-ui-inputmethod-manager-devel	x86_64	capi-ui-inputmethod-manager-0.10.1-1.src.rpm	NO
PUBLIC	capi-ui-inputmethod-manager	capi-ui-inputmethod-manager	armv7l	snapshots/sdk/app-rootstrap-native-data-public___tmp_rs_resource_NativeAPI_capi-ui-inputmethod-manager-rs.xml	capi-ui-inputmethod-manager	x86_64	capi-ui-inputmethod-manager-0.10.1-1.src.rpm	YES
PUBLIC	capi-ui-inputmethod-manager	capi-ui-inputmethod-manager-devel	armv7l	snapshots/sdk/app-rootstrap-native-data-public___tmp_rs_resource_NativeAPI_capi-ui-inputmethod-manager-rs.xml	capi-ui-inputmethod-manager-devel	x86_64	capi-ui-inputmethod-manager-0.10.1-1.src.rpm	YES
PUBLIC	capi-ui-inputmethod-manager	capi-ui-inputmethod-manager	riscv32	snapshots/sdk/app-rootstrap-native-data-public___tmp_rs_resource_NativeAPI_capi-ui-inputmethod-manager-rs.xml	capi-ui-inputmethod-manager	x86_64	capi-ui-inputmethod-manager-0.10.1-1.src.rpm	NO
PUBLIC	capi-ui-inputmethod-manager	capi-ui-inputmethod-manager-devel	riscv32	snapshots/sdk/app-rootstrap-native-data-public___tmp_rs_resource_NativeAPI_capi-ui-inputmethod-manager-rs.xml	capi-ui-inputmethod-manager-devel	x86_64	capi-ui-inputmethod-manager-0.10.1-1.src.rpm	NO
PUBLIC	capi-ui-inputmethod	capi-ui-inputmethod	i686	snapshots/sdk/app-rootstrap-native-data-public___tmp_rs_resource_NativeAPI_capi-ui-inputmethod-rs.xml	capi-ui-inputmethod	x86_64	capi-ui-inputmethod-0.11.6-1.src.rpm	NO
PUBLIC	capi-ui-inputmethod	capi-ui-inputmethod-devel	i686	snapshots/sdk/app-rootstrap-native-data-public___tmp_rs_resource_NativeAPI_capi-ui-inputmethod-rs.xml	capi-ui-inputmethod-devel	x86_64	capi-ui-inputmethod-0.11.6-1.src.rpm	NO
PUBLIC	capi-ui-inputmethod	capi-ui-inputmethod	armv7l	snapshots/sdk/app-rootstrap-native-data-public___tmp_rs_resource_NativeAPI_capi-ui-inputmethod-rs.xml	capi-ui-inputmethod	x86_64	capi-ui-inputmethod-0.11.6-1.src.rpm	YES
PUBLIC	capi-ui-inputmethod	capi-ui-inputmethod-devel	armv7l	snapshots/sdk/app-rootstrap-native-data-public___tmp_rs_resource_NativeAPI_capi-ui-inputmethod-rs.xml	capi-ui-inputmethod-devel	x86_64	capi-ui-inputmethod-0.11.6-1.src.rpm	YES
PUBLIC	capi-ui-inputmethod	capi-ui-inputmethod	riscv32	snapshots/sdk/app-rootstrap-native-data-public___tmp_rs_resource_NativeAPI_capi-ui-inputmethod-rs.xml	capi-ui-inputmethod	x86_64	capi-ui-inputmethod-0.11.6-1.src.rpm	NO
PUBLIC	capi-ui-inputmethod	capi-ui-inputmethod-devel	riscv32	snapshots/sdk/app-rootstrap-native-data-public___tmp_rs_resource_NativeAPI_capi-ui-inputmethod-rs.xml	capi-ui-inputmethod-devel	x86_64	capi-ui-inputmethod-0.11.6-1.src.rpm	NO
PUBLIC	capi-ui-sticker	capi-ui-sticker	i686	snapshots/sdk/app-rootstrap-native-data-public___tmp_rs_resource_NativeAPI_capi-ui-sticker-rs.xml	capi-ui-sticker	x86_64	capi-ui-sticker-1.3.5-1.src.rpm	NO
PUBLIC	capi-ui-sticker	capi-ui-sticker-devel	i686	snapshots/sdk/app-rootstrap-native-data-public___tmp_rs_resource_NativeAPI_capi-ui-sticker-rs.xml	capi-ui-sticker-devel	x86_64	capi-ui-sticker-1.3.5-1.src.rpm	NO
PUBLIC	capi-ui-sticker	capi-ui-sticker	armv7l	snapshots/sdk/app-rootstrap-native-data-public___tmp_rs_resource_NativeAPI_capi-ui-sticker-rs.xml	capi-ui-sticker	x86_64	capi-ui-sticker-1.3.5-1.src.rpm	YES
PUBLIC	capi-ui-sticker	capi-ui-sticker-devel	armv7l	snapshots/sdk/app-rootstrap-native-data-public___tmp_rs_resource_NativeAPI_capi-ui-sticker-rs.xml	capi-ui-sticker-devel	x86_64	capi-ui-sticker-1.3.5-1.src.rpm	YES
PUBLIC	capi-ui-sticker	capi-ui-sticker	riscv32	snapshots/sdk/app-rootstrap-native-data-public___tmp_rs_resource_NativeAPI_capi-ui-sticker-rs.xml	capi-ui-sticker	x86_64	capi-ui-sticker-1.3.5-1.src.rpm	NO
PUBLIC	capi-ui-sticker	capi-ui-sticker-devel	riscv32	snapshots/sdk/app-rootstrap-native-data-public___tmp_rs_resource_NativeAPI_capi-ui-sticker-rs.xml	capi-ui-sticker-devel	x86_64	capi-ui-sticker-1.3.5-1.src.rpm	NO
PUBLIC	capi-vpnsvc	capi-vpnsvc	i686	snapshots/sdk/app-rootstrap-native-data-public___tmp_rs_resource_NativeAPI_capi-vpn-service-rs.xml	capi-vpnsvc	x86_64	vpnsvc-pkg-1.2.1-1.src.rpm	NO
PUBLIC	capi-vpnsvc	capi-vpnsvc-devel	i686	snapshots/sdk/app-rootstrap-native-data-public___tmp_rs_resource_NativeAPI_capi-vpn-service-rs.xml	capi-vpnsvc-devel	x86_64	vpnsvc-pkg-1.2.1-1.src.rpm	NO
PUBLIC	capi-vpnsvc	capi-vpnsvc	armv7l	snapshots/sdk/app-rootstrap-native-data-public___tmp_rs_resource_NativeAPI_capi-vpn-service-rs.xml	capi-vpnsvc	x86_64	vpnsvc-pkg-1.2.1-1.src.rpm	YES
PUBLIC	capi-vpnsvc	capi-vpnsvc-devel	armv7l	snapshots/sdk/app-rootstrap-native-data-public___tmp_rs_resource_NativeAPI_capi-vpn-service-rs.xml	capi-vpnsvc-devel	x86_64	vpnsvc-pkg-1.2.1-1.src.rpm	YES
PUBLIC	capi-vpnsvc	capi-vpnsvc	riscv32	snapshots/sdk/app-rootstrap-native-data-public___tmp_rs_resource_NativeAPI_capi-vpn-service-rs.xml	capi-vpnsvc	x86_64	vpnsvc-pkg-1.2.1-1.src.rpm	NO
PUBLIC	capi-vpnsvc	capi-vpnsvc-devel	riscv32	snapshots/sdk/app-rootstrap-native-data-public___tmp_rs_resource_NativeAPI_capi-vpn-service-rs.xml	capi-vpnsvc-devel	x86_64	vpnsvc-pkg-1.2.1-1.src.rpm	NO
PUBLIC	capi-web-url-download	capi-web-url-download	i686	snapshots/sdk/app-rootstrap-native-data-public___tmp_rs_resource_NativeAPI_capi-web-url-download-rs.xml	capi-web-url-download	x86_64	capi-web-url-download-1.2.12-0.src.rpm	NO
PUBLIC	capi-web-url-download	capi-web-url-download-devel	i686	snapshots/sdk/app-rootstrap-native-data-public___tmp_rs_resource_NativeAPI_capi-web-url-download-rs.xml	capi-web-url-download-devel	x86_64	capi-web-url-download-1.2.12-0.src.rpm	NO
PUBLIC	capi-web-url-download	capi-web-url-download	armv7l	snapshots/sdk/app-rootstrap-native-data-public___tmp_rs_resource_NativeAPI_capi-web-url-download-rs.xml	capi-web-url-download	x86_64	capi-web-url-download-1.2.12-0.src.rpm	YES
PUBLIC	capi-web-url-download	capi-web-url-download-devel	armv7l	snapshots/sdk/app-rootstrap-native-data-public___tmp_rs_resource_NativeAPI_capi-web-url-download-rs.xml	capi-web-url-download-devel	x86_64	capi-web-url-download-1.2.12-0.src.rpm	YES
PUBLIC	capi-web-url-download	capi-web-url-download	riscv32	snapshots/sdk/app-rootstrap-native-data-public___tmp_rs_resource_NativeAPI_capi-web-url-download-rs.xml	capi-web-url-download	x86_64	capi-web-url-download-1.2.12-0.src.rpm	NO
PUBLIC	capi-web-url-download	capi-web-url-download-devel	riscv32	snapshots/sdk/app-rootstrap-native-data-public___tmp_rs_resource_NativeAPI_capi-web-url-download-rs.xml	capi-web-url-download-devel	x86_64	capi-web-url-download-1.2.12-0.src.rpm	NO
PUBLIC	chromium-efl	chromium-efl	i686	snapshots/sdk/app-rootstrap-native-data-public___tmp_rs_resource_NativeAPI_chromium-efl-rs.xml	chromium-efl	x86_64	chromium-efl-1.1.144-1.src.rpm	NO
PUBLIC	chromium-efl	chromium-efl-devel	i686	snapshots/sdk/app-rootstrap-native-data-public___tmp_rs_resource_NativeAPI_chromium-efl-rs.xml	chromium-efl-devel	x86_64	chromium-efl-1.1.144-1.src.rpm	NO
PUBLIC	chromium-efl	chromium-efl	armv7l	snapshots/sdk/app-rootstrap-native-data-public___tmp_rs_resource_NativeAPI_chromium-efl-rs.xml	chromium-efl	x86_64	chromium-efl-1.1.144-1.src.rpm	YES
PUBLIC	chromium-efl	chromium-efl-devel	armv7l	snapshots/sdk/app-rootstrap-native-data-public___tmp_rs_resource_NativeAPI_chromium-efl-rs.xml	chromium-efl-devel	x86_64	chromium-efl-1.1.144-1.src.rpm	YES
PUBLIC	chromium-efl	chromium-efl	riscv32	snapshots/sdk/app-rootstrap-native-data-public___tmp_rs_resource_NativeAPI_chromium-efl-rs.xml	chromium-efl	x86_64	chromium-efl-1.1.144-1.src.rpm	NO
PUBLIC	chromium-efl	chromium-efl-devel	riscv32	snapshots/sdk/app-rootstrap-native-data-public___tmp_rs_resource_NativeAPI_chromium-efl-rs.xml	chromium-efl-devel	x86_64	chromium-efl-1.1.144-1.src.rpm	NO
PUBLIC	cion	cion	i686	snapshots/sdk/app-rootstrap-native-data-public___tmp_rs_resource_NativeAPI_cion-rs.xml	cion	x86_64	cion-1.2.26-1.src.rpm	NO
PUBLIC	cion	cion-devel	i686	snapshots/sdk/app-rootstrap-native-data-public___tmp_rs_resource_NativeAPI_cion-rs.xml	cion-devel	x86_64	cion-1.2.26-1.src.rpm	NO
PUBLIC	cion	cion	armv7l	snapshots/sdk/app-rootstrap-native-data-public___tmp_rs_resource_NativeAPI_cion-rs.xml	cion	x86_64	cion-1.2.26-1.src.rpm	YES
PUBLIC	cion	cion-devel	armv7l	snapshots/sdk/app-rootstrap-native-data-public___tmp_rs_resource_NativeAPI_cion-rs.xml	cion-devel	x86_64	cion-1.2.26-1.src.rpm	YES
PUBLIC	cion	cion	riscv32	snapshots/sdk/app-rootstrap-native-data-public___tmp_rs_resource_NativeAPI_cion-rs.xml	cion	x86_64	cion-1.2.26-1.src.rpm	NO
PUBLIC	cion	cion-devel	riscv32	snapshots/sdk/app-rootstrap-native-data-public___tmp_rs_resource_NativeAPI_cion-rs.xml	cion-devel	x86_64	cion-1.2.26-1.src.rpm	NO
PUBLIC	component-based-application	component-based-application	i686	snapshots/sdk/app-rootstrap-native-data-public___tmp_rs_resource_NativeAPI_component-based-application-rs.xml	component-based-application	x86_64	component-based-1.6.7-1.src.rpm	NO
PUBLIC	component-based-application	component-based-application-devel	i686	snapshots/sdk/app-rootstrap-native-data-public___tmp_rs_resource_NativeAPI_component-based-application-rs.xml	component-based-application-devel	x86_64	component-based-1.6.7-1.src.rpm	NO
PUBLIC	component-based-application	component-based	i686	snapshots/sdk/app-rootstrap-native-data-public___tmp_rs_resource_NativeAPI_component-based-application-rs.xml	component-based	x86_64	component-based-1.6.7-1.src.rpm	NO
PUBLIC	component-based-application	component-based-devel	i686	snapshots/sdk/app-rootstrap-native-data-public___tmp_rs_resource_NativeAPI_component-based-application-rs.xml	component-based-devel	x86_64	component-based-1.6.7-1.src.rpm	NO
PUBLIC	component-based-application	component-based-application	armv7l	snapshots/sdk/app-rootstrap-native-data-public___tmp_rs_resource_NativeAPI_component-based-application-rs.xml	component-based-application	x86_64	component-based-1.6.7-1.src.rpm	YES
PUBLIC	component-based-application	component-based-application-devel	armv7l	snapshots/sdk/app-rootstrap-native-data-public___tmp_rs_resource_NativeAPI_component-based-application-rs.xml	component-based-application-devel	x86_64	component-based-1.6.7-1.src.rpm	YES
PUBLIC	component-based-application	component-based	armv7l	snapshots/sdk/app-rootstrap-native-data-public___tmp_rs_resource_NativeAPI_component-based-application-rs.xml	component-based	x86_64	component-based-1.6.7-1.src.rpm	YES
PUBLIC	component-based-application	component-based-devel	armv7l	snapshots/sdk/app-rootstrap-native-data-public___tmp_rs_resource_NativeAPI_component-based-application-rs.xml	component-based-devel	x86_64	component-based-1.6.7-1.src.rpm	YES
PUBLIC	component-based-application	component-based-application	riscv32	snapshots/sdk/app-rootstrap-native-data-public___tmp_rs_resource_NativeAPI_component-based-application-rs.xml	component-based-application	x86_64	component-based-1.6.7-1.src.rpm	NO
PUBLIC	component-based-application	component-based-application-devel	riscv32	snapshots/sdk/app-rootstrap-native-data-public___tmp_rs_resource_NativeAPI_component-based-application-rs.xml	component-based-application-devel	x86_64	component-based-1.6.7-1.src.rpm	NO
PUBLIC	component-based-application	component-based	riscv32	snapshots/sdk/app-rootstrap-native-data-public___tmp_rs_resource_NativeAPI_component-based-application-rs.xml	component-based	x86_64	component-based-1.6.7-1.src.rpm	NO
PUBLIC	component-based-application	component-based-devel	riscv32	snapshots/sdk/app-rootstrap-native-data-public___tmp_rs_resource_NativeAPI_component-based-application-rs.xml	component-based-devel	x86_64	component-based-1.6.7-1.src.rpm	NO
PUBLIC	contacts-service	libcontacts-service	i686	snapshots/sdk/app-rootstrap-native-data-public___tmp_rs_resource_NativeAPI_contacts-service2-rs.xml	libcontacts-service	x86_64	contacts-service-0.13.79-0.src.rpm	NO
PUBLIC	contacts-service	contacts-service-devel	i686	snapshots/sdk/app-rootstrap-native-data-public___tmp_rs_resource_NativeAPI_contacts-service2-rs.xml	contacts-service-devel	x86_64	contacts-service-0.13.79-0.src.rpm	NO
PUBLIC	contacts-service	libcontacts-service	armv7l	snapshots/sdk/app-rootstrap-native-data-public___tmp_rs_resource_NativeAPI_contacts-service2-rs.xml	libcontacts-service	x86_64	contacts-service-0.13.79-0.src.rpm	YES
PUBLIC	contacts-service	contacts-service-devel	armv7l	snapshots/sdk/app-rootstrap-native-data-public___tmp_rs_resource_NativeAPI_contacts-service2-rs.xml	contacts-service-devel	x86_64	contacts-service-0.13.79-0.src.rpm	YES
PUBLIC	contacts-service	libcontacts-service	riscv32	snapshots/sdk/app-rootstrap-native-data-public___tmp_rs_resource_NativeAPI_contacts-service2-rs.xml	libcontacts-service	x86_64	contacts-service-0.13.79-0.src.rpm	NO
PUBLIC	contacts-service	contacts-service-devel	riscv32	snapshots/sdk/app-rootstrap-native-data-public___tmp_rs_resource_NativeAPI_contacts-service2-rs.xml	contacts-service-devel	x86_64	contacts-service-0.13.79-0.src.rpm	NO
PUBLIC	device-certificate-manager	device-certificate-manager	i686	snapshots/sdk/app-rootstrap-native-data-public___tmp_rs_resource_NativeAPI_device-certificate-manager-rs.xml	device-certificate-manager	x86_64	device-certificate-manager-3.0.1-0.src.rpm	NO
PUBLIC	device-certificate-manager	device-certificate-manager-devel	i686	snapshots/sdk/app-rootstrap-native-data-public___tmp_rs_resource_NativeAPI_device-certificate-manager-rs.xml	device-certificate-manager-devel	x86_64	device-certificate-manager-3.0.1-0.src.rpm	NO
PUBLIC	device-certificate-manager	device-certificate-manager	armv7l	snapshots/sdk/app-rootstrap-native-data-public___tmp_rs_resource_NativeAPI_device-certificate-manager-rs.xml	device-certificate-manager	x86_64	device-certificate-manager-3.0.1-0.src.rpm	YES
PUBLIC	device-certificate-manager	device-certificate-manager-devel	armv7l	snapshots/sdk/app-rootstrap-native-data-public___tmp_rs_resource_NativeAPI_device-certificate-manager-rs.xml	device-certificate-manager-devel	x86_64	device-certificate-manager-3.0.1-0.src.rpm	YES
PUBLIC	device-certificate-manager	device-certificate-manager	riscv32	snapshots/sdk/app-rootstrap-native-data-public___tmp_rs_resource_NativeAPI_device-certificate-manager-rs.xml	device-certificate-manager	x86_64	device-certificate-manager-3.0.1-0.src.rpm	NO
PUBLIC	device-certificate-manager	device-certificate-manager-devel	riscv32	snapshots/sdk/app-rootstrap-native-data-public___tmp_rs_resource_NativeAPI_device-certificate-manager-rs.xml	device-certificate-manager-devel	x86_64	device-certificate-manager-3.0.1-0.src.rpm	NO
PUBLIC	diagnostics	diagnostics	i686	snapshots/sdk/app-rootstrap-native-data-public___tmp_rs_resource_NativeAPI_diagnostics-rs.xml	diagnostics	x86_64	diagnostics-1.2.0-1.src.rpm	NO
PUBLIC	diagnostics	diagnostics-devel	i686	snapshots/sdk/app-rootstrap-native-data-public___tmp_rs_resource_NativeAPI_diagnostics-rs.xml	diagnostics-devel	x86_64	diagnostics-1.2.0-1.src.rpm	NO
PUBLIC	diagnostics	diagnostics	armv7l	snapshots/sdk/app-rootstrap-native-data-public___tmp_rs_resource_NativeAPI_diagnostics-rs.xml	diagnostics	x86_64	diagnostics-1.2.0-1.src.rpm	YES
PUBLIC	diagnostics	diagnostics-devel	armv7l	snapshots/sdk/app-rootstrap-native-data-public___tmp_rs_resource_NativeAPI_diagnostics-rs.xml	diagnostics-devel	x86_64	diagnostics-1.2.0-1.src.rpm	YES
PUBLIC	diagnostics	diagnostics	riscv32	snapshots/sdk/app-rootstrap-native-data-public___tmp_rs_resource_NativeAPI_diagnostics-rs.xml	diagnostics	x86_64	diagnostics-1.2.0-1.src.rpm	NO
PUBLIC	diagnostics	diagnostics-devel	riscv32	snapshots/sdk/app-rootstrap-native-data-public___tmp_rs_resource_NativeAPI_diagnostics-rs.xml	diagnostics-devel	x86_64	diagnostics-1.2.0-1.src.rpm	NO
PUBLIC	iotcon	iotcon	i686	snapshots/sdk/app-rootstrap-native-data-public___tmp_rs_resource_NativeAPI_iotcon-rs.xml	iotcon	x86_64	iotcon-0.4.0-2.src.rpm	NO
PUBLIC	iotcon	iotcon-devel	i686	snapshots/sdk/app-rootstrap-native-data-public___tmp_rs_resource_NativeAPI_iotcon-rs.xml	iotcon-devel	x86_64	iotcon-0.4.0-2.src.rpm	NO
PUBLIC	iotcon	iotcon	armv7l	snapshots/sdk/app-rootstrap-native-data-public___tmp_rs_resource_NativeAPI_iotcon-rs.xml	iotcon	x86_64	iotcon-0.4.0-2.src.rpm	YES
PUBLIC	iotcon	iotcon-devel	armv7l	snapshots/sdk/app-rootstrap-native-data-public___tmp_rs_resource_NativeAPI_iotcon-rs.xml	iotcon-devel	x86_64	iotcon-0.4.0-2.src.rpm	YES
PUBLIC	iotcon	iotcon	riscv32	snapshots/sdk/app-rootstrap-native-data-public___tmp_rs_resource_NativeAPI_iotcon-rs.xml	iotcon	x86_64	iotcon-0.4.0-2.src.rpm	NO
PUBLIC	iotcon	iotcon-devel	riscv32	snapshots/sdk/app-rootstrap-native-data-public___tmp_rs_resource_NativeAPI_iotcon-rs.xml	iotcon-devel	x86_64	iotcon-0.4.0-2.src.rpm	NO
PUBLIC	key-manager	libkey-manager-client-devel	i686	snapshots/sdk/app-rootstrap-native-data-public___tmp_rs_resource_NativeAPI_key-manager-rs.xml	libkey-manager-client-devel	x86_64	key-manager-0.1.90-1.src.rpm	NO
PUBLIC	key-manager	libkey-manager-client	i686	snapshots/sdk/app-rootstrap-native-data-public___tmp_rs_resource_NativeAPI_key-manager-rs.xml	libkey-manager-client	x86_64	key-manager-0.1.90-1.src.rpm	NO
PUBLIC	key-manager	libkey-manager-common	i686	snapshots/sdk/app-rootstrap-native-data-public___tmp_rs_resource_NativeAPI_key-manager-rs.xml	libkey-manager-common	x86_64	key-manager-0.1.90-1.src.rpm	NO
PUBLIC	key-manager	libkey-manager-client-devel	armv7l	snapshots/sdk/app-rootstrap-native-data-public___tmp_rs_resource_NativeAPI_key-manager-rs.xml	libkey-manager-client-devel	x86_64	key-manager-0.1.90-1.src.rpm	YES
PUBLIC	key-manager	libkey-manager-client	armv7l	snapshots/sdk/app-rootstrap-native-data-public___tmp_rs_resource_NativeAPI_key-manager-rs.xml	libkey-manager-client	x86_64	key-manager-0.1.90-1.src.rpm	YES
PUBLIC	key-manager	libkey-manager-common	armv7l	snapshots/sdk/app-rootstrap-native-data-public___tmp_rs_resource_NativeAPI_key-manager-rs.xml	libkey-manager-common	x86_64	key-manager-0.1.90-1.src.rpm	YES
PUBLIC	key-manager	libkey-manager-client-devel	riscv32	snapshots/sdk/app-rootstrap-native-data-public___tmp_rs_resource_NativeAPI_key-manager-rs.xml	libkey-manager-client-devel	x86_64	key-manager-0.1.90-1.src.rpm	NO
PUBLIC	key-manager	libkey-manager-client	riscv32	snapshots/sdk/app-rootstrap-native-data-public___tmp_rs_resource_NativeAPI_key-manager-rs.xml	libkey-manager-client	x86_64	key-manager-0.1.90-1.src.rpm	NO
PUBLIC	key-manager	libkey-manager-common	riscv32	snapshots/sdk/app-rootstrap-native-data-public___tmp_rs_resource_NativeAPI_key-manager-rs.xml	libkey-manager-common	x86_64	key-manager-0.1.90-1.src.rpm	NO
PUBLIC	libaccount-service	libaccount-service	i686	snapshots/sdk/app-rootstrap-native-data-public___tmp_rs_resource_NativeAPI_libaccount-service-rs.xml	libaccount-service	x86_64	libaccount-service-0.4.26-1.src.rpm	NO
PUBLIC	libaccount-service	libaccount-service-devel	i686	snapshots/sdk/app-rootstrap-native-data-public___tmp_rs_resource_NativeAPI_libaccount-service-rs.xml	libaccount-service-devel	x86_64	libaccount-service-0.4.26-1.src.rpm	NO
PUBLIC	libaccount-service	libaccount-service	armv7l	snapshots/sdk/app-rootstrap-native-data-public___tmp_rs_resource_NativeAPI_libaccount-service-rs.xml	libaccount-service	x86_64	libaccount-service-0.4.26-1.src.rpm	YES
PUBLIC	libaccount-service	libaccount-service-devel	armv7l	snapshots/sdk/app-rootstrap-native-data-public___tmp_rs_resource_NativeAPI_libaccount-service-rs.xml	libaccount-service-devel	x86_64	libaccount-service-0.4.26-1.src.rpm	YES
PUBLIC	libaccount-service	libaccount-service	riscv32	snapshots/sdk/app-rootstrap-native-data-public___tmp_rs_resource_NativeAPI_libaccount-service-rs.xml	libaccount-service	x86_64	libaccount-service-0.4.26-1.src.rpm	NO
PUBLIC	libaccount-service	libaccount-service-devel	riscv32	snapshots/sdk/app-rootstrap-native-data-public___tmp_rs_resource_NativeAPI_libaccount-service-rs.xml	libaccount-service-devel	x86_64	libaccount-service-0.4.26-1.src.rpm	NO
PUBLIC	libcore-sync-client	libcore-sync-client	i686	snapshots/sdk/app-rootstrap-native-data-public___tmp_rs_resource_NativeAPI_libcore-sync-client-rs.xml	libcore-sync-client	x86_64	sync-service-0.3.47-1.src.rpm	NO
PUBLIC	libcore-sync-client	libcore-sync-client-devel	i686	snapshots/sdk/app-rootstrap-native-data-public___tmp_rs_resource_NativeAPI_libcore-sync-client-rs.xml	libcore-sync-client-devel	x86_64	sync-service-0.3.47-1.src.rpm	NO
PUBLIC	libcore-sync-client	libcore-sync-client	armv7l	snapshots/sdk/app-rootstrap-native-data-public___tmp_rs_resource_NativeAPI_libcore-sync-client-rs.xml	libcore-sync-client	x86_64	sync-service-0.3.47-1.src.rpm	YES
PUBLIC	libcore-sync-client	libcore-sync-client-devel	armv7l	snapshots/sdk/app-rootstrap-native-data-public___tmp_rs_resource_NativeAPI_libcore-sync-client-rs.xml	libcore-sync-client-devel	x86_64	sync-service-0.3.47-1.src.rpm	YES
PUBLIC	libcore-sync-client	libcore-sync-client	riscv32	snapshots/sdk/app-rootstrap-native-data-public___tmp_rs_resource_NativeAPI_libcore-sync-client-rs.xml	libcore-sync-client	x86_64	sync-service-0.3.47-1.src.rpm	NO
PUBLIC	libcore-sync-client	libcore-sync-client-devel	riscv32	snapshots/sdk/app-rootstrap-native-data-public___tmp_rs_resource_NativeAPI_libcore-sync-client-rs.xml	libcore-sync-client-devel	x86_64	sync-service-0.3.47-1.src.rpm	NO
PUBLIC	libdlog	libdlog	i686	snapshots/sdk/app-rootstrap-native-data-public___tmp_rs_resource_NativeAPI_libdlog-rs.xml	libdlog	x86_64	dlog-9.0.2-1.src.rpm	NO
PUBLIC	libdlog	libdlog-devel	i686	snapshots/sdk/app-rootstrap-native-data-public___tmp_rs_resource_NativeAPI_libdlog-rs.xml	libdlog-devel	x86_64	dlog-9.0.2-1.src.rpm	NO
PUBLIC	libdlog	libdlog	armv7l	snapshots/sdk/app-rootstrap-native-data-public___tmp_rs_resource_NativeAPI_libdlog-rs.xml	libdlog	x86_64	dlog-9.0.2-1.src.rpm	YES
PUBLIC	libdlog	libdlog-devel	armv7l	snapshots/sdk/app-rootstrap-native-data-public___tmp_rs_resource_NativeAPI_libdlog-rs.xml	libdlog-devel	x86_64	dlog-9.0.2-1.src.rpm	YES
PUBLIC	libdlog	libdlog	riscv32	snapshots/sdk/app-rootstrap-native-data-public___tmp_rs_resource_NativeAPI_libdlog-rs.xml	libdlog	x86_64	dlog-9.0.2-1.src.rpm	NO
PUBLIC	libdlog	libdlog-devel	riscv32	snapshots/sdk/app-rootstrap-native-data-public___tmp_rs_resource_NativeAPI_libdlog-rs.xml	libdlog-devel	x86_64	dlog-9.0.2-1.src.rpm	NO
PUBLIC	libfeedback	libfeedback	i686	snapshots/sdk/app-rootstrap-native-data-public___tmp_rs_resource_NativeAPI_libfeedback-rs.xml	libfeedback	x86_64	libfeedback-0.2.0-1.src.rpm	NO
PUBLIC	libfeedback	libfeedback-devel	i686	snapshots/sdk/app-rootstrap-native-data-public___tmp_rs_resource_NativeAPI_libfeedback-rs.xml	libfeedback-devel	x86_64	libfeedback-0.2.0-1.src.rpm	NO
PUBLIC	libfeedback	libfeedback	armv7l	snapshots/sdk/app-rootstrap-native-data-public___tmp_rs_resource_NativeAPI_libfeedback-rs.xml	libfeedback	x86_64	libfeedback-0.2.0-1.src.rpm	YES
PUBLIC	libfeedback	libfeedback-devel	armv7l	snapshots/sdk/app-rootstrap-native-data-public___tmp_rs_resource_NativeAPI_libfeedback-rs.xml	libfeedback-devel	x86_64	libfeedback-0.2.0-1.src.rpm	YES
PUBLIC	libfeedback	libfeedback	riscv32	snapshots/sdk/app-rootstrap-native-data-public___tmp_rs_resource_NativeAPI_libfeedback-rs.xml	libfeedback	x86_64	libfeedback-0.2.0-1.src.rpm	NO
PUBLIC	libfeedback	libfeedback-devel	riscv32	snapshots/sdk/app-rootstrap-native-data-public___tmp_rs_resource_NativeAPI_libfeedback-rs.xml	libfeedback-devel	x86_64	libfeedback-0.2.0-1.src.rpm	NO
PUBLIC	libpush	libpush	i686	snapshots/sdk/app-rootstrap-native-data-public___tmp_rs_resource_NativeAPI_libpush-rs.xml	libpush	x86_64	push-0.7.0-1.src.rpm	NO
PUBLIC	libpush	libpush-devel	i686	snapshots/sdk/app-rootstrap-native-data-public___tmp_rs_resource_NativeAPI_libpush-rs.xml	libpush-devel	x86_64	push-0.7.0-1.src.rpm	NO
PUBLIC	libpush	libpush	armv7l	snapshots/sdk/app-rootstrap-native-data-public___tmp_rs_resource_NativeAPI_libpush-rs.xml	libpush	x86_64	push-0.7.0-1.src.rpm	YES
PUBLIC	libpush	libpush-devel	armv7l	snapshots/sdk/app-rootstrap-native-data-public___tmp_rs_resource_NativeAPI_libpush-rs.xml	libpush-devel	x86_64	push-0.7.0-1.src.rpm	YES
PUBLIC	libpush	libpush	riscv32	snapshots/sdk/app-rootstrap-native-data-public___tmp_rs_resource_NativeAPI_libpush-rs.xml	libpush	x86_64	push-0.7.0-1.src.rpm	NO
PUBLIC	libpush	libpush-devel	riscv32	snapshots/sdk/app-rootstrap-native-data-public___tmp_rs_resource_NativeAPI_libpush-rs.xml	libpush-devel	x86_64	push-0.7.0-1.src.rpm	NO
PUBLIC	libshortcut	libshortcut	i686	snapshots/sdk/app-rootstrap-native-data-public___tmp_rs_resource_NativeAPI_libshortcut-rs.xml	libshortcut	x86_64	libshortcut-0.10.4-0.src.rpm	NO
PUBLIC	libshortcut	libshortcut-devel	i686	snapshots/sdk/app-rootstrap-native-data-public___tmp_rs_resource_NativeAPI_libshortcut-rs.xml	libshortcut-devel	x86_64	libshortcut-0.10.4-0.src.rpm	NO
PUBLIC	libshortcut	libshortcut	armv7l	snapshots/sdk/app-rootstrap-native-data-public___tmp_rs_resource_NativeAPI_libshortcut-rs.xml	libshortcut	x86_64	libshortcut-0.10.4-0.src.rpm	YES
PUBLIC	libshortcut	libshortcut-devel	armv7l	snapshots/sdk/app-rootstrap-native-data-public___tmp_rs_resource_NativeAPI_libshortcut-rs.xml	libshortcut-devel	x86_64	libshortcut-0.10.4-0.src.rpm	YES
PUBLIC	libshortcut	libshortcut	riscv32	snapshots/sdk/app-rootstrap-native-data-public___tmp_rs_resource_NativeAPI_libshortcut-rs.xml	libshortcut	x86_64	libshortcut-0.10.4-0.src.rpm	NO
PUBLIC	libshortcut	libshortcut-devel	riscv32	snapshots/sdk/app-rootstrap-native-data-public___tmp_rs_resource_NativeAPI_libshortcut-rs.xml	libshortcut-devel	x86_64	libshortcut-0.10.4-0.src.rpm	NO
PUBLIC	libstorage	libstorage	i686	snapshots/sdk/app-rootstrap-native-data-public___tmp_rs_resource_NativeAPI_libstorage-rs.xml	libstorage	x86_64	libstorage-1.0.0-0.src.rpm	NO
PUBLIC	libstorage	libstorage-devel	i686	snapshots/sdk/app-rootstrap-native-data-public___tmp_rs_resource_NativeAPI_libstorage-rs.xml	libstorage-devel	x86_64	libstorage-1.0.0-0.src.rpm	NO
PUBLIC	libstorage	libstorage	armv7l	snapshots/sdk/app-rootstrap-native-data-public___tmp_rs_resource_NativeAPI_libstorage-rs.xml	libstorage	x86_64	libstorage-1.0.0-0.src.rpm	YES
PUBLIC	libstorage	libstorage-devel	armv7l	snapshots/sdk/app-rootstrap-native-data-public___tmp_rs_resource_NativeAPI_libstorage-rs.xml	libstorage-devel	x86_64	libstorage-1.0.0-0.src.rpm	YES
PUBLIC	libstorage	libstorage	riscv32	snapshots/sdk/app-rootstrap-native-data-public___tmp_rs_resource_NativeAPI_libstorage-rs.xml	libstorage	x86_64	libstorage-1.0.0-0.src.rpm	NO
PUBLIC	libstorage	libstorage-devel	riscv32	snapshots/sdk/app-rootstrap-native-data-public___tmp_rs_resource_NativeAPI_libstorage-rs.xml	libstorage-devel	x86_64	libstorage-1.0.0-0.src.rpm	NO
PUBLIC	libtbm	libtbm	i686	snapshots/sdk/app-rootstrap-native-data-public___tmp_rs_resource_NativeAPI_libtbm-rs.xml	libtbm	x86_64	libtbm-4.8.6-1.src.rpm	NO
PUBLIC	libtbm	libtbm-devel	i686	snapshots/sdk/app-rootstrap-native-data-public___tmp_rs_resource_NativeAPI_libtbm-rs.xml	libtbm-devel	x86_64	libtbm-4.8.6-1.src.rpm	NO
PUBLIC	libtbm	libtbm	armv7l	snapshots/sdk/app-rootstrap-native-data-public___tmp_rs_resource_NativeAPI_libtbm-rs.xml	libtbm	x86_64	libtbm-4.8.6-1.src.rpm	YES
PUBLIC	libtbm	libtbm-devel	armv7l	snapshots/sdk/app-rootstrap-native-data-public___tmp_rs_resource_NativeAPI_libtbm-rs.xml	libtbm-devel	x86_64	libtbm-4.8.6-1.src.rpm	YES
PUBLIC	libtbm	libtbm	riscv32	snapshots/sdk/app-rootstrap-native-data-public___tmp_rs_resource_NativeAPI_libtbm-rs.xml	libtbm	x86_64	libtbm-4.8.6-1.src.rpm	NO
PUBLIC	libtbm	libtbm-devel	riscv32	snapshots/sdk/app-rootstrap-native-data-public___tmp_rs_resource_NativeAPI_libtbm-rs.xml	libtbm-devel	x86_64	libtbm-4.8.6-1.src.rpm	NO
PUBLIC	mmi	mmi	i686	snapshots/sdk/app-rootstrap-native-data-public___tmp_rs_resource_NativeAPI_mmi-rs.xml	mmi	x86_64	mmi-2.2.2-0.src.rpm	NO
PUBLIC	mmi	mmi-plugins	i686	snapshots/sdk/app-rootstrap-native-data-public___tmp_rs_resource_NativeAPI_mmi-rs.xml	mmi-plugins	x86_64	mmi-2.2.2-0.src.rpm	NO
PUBLIC	mmi	mmi-cli	i686	snapshots/sdk/app-rootstrap-native-data-public___tmp_rs_resource_NativeAPI_mmi-rs.xml	mmi-cli	x86_64	mmi-2.2.2-0.src.rpm	NO
PUBLIC	mmi	mmi-devel	i686	snapshots/sdk/app-rootstrap-native-data-public___tmp_rs_resource_NativeAPI_mmi-rs.xml	mmi-devel	x86_64	mmi-2.2.2-0.src.rpm	NO
PUBLIC	mmi	mmi	armv7l	snapshots/sdk/app-rootstrap-native-data-public___tmp_rs_resource_NativeAPI_mmi-rs.xml	mmi	x86_64	mmi-2.2.2-0.src.rpm	YES
PUBLIC	mmi	mmi-plugins	armv7l	snapshots/sdk/app-rootstrap-native-data-public___tmp_rs_resource_NativeAPI_mmi-rs.xml	mmi-plugins	x86_64	mmi-2.2.2-0.src.rpm	YES
PUBLIC	mmi	mmi-cli	armv7l	snapshots/sdk/app-rootstrap-native-data-public___tmp_rs_resource_NativeAPI_mmi-rs.xml	mmi-cli	x86_64	mmi-2.2.2-0.src.rpm	YES
PUBLIC	mmi	mmi-devel	armv7l	snapshots/sdk/app-rootstrap-native-data-public___tmp_rs_resource_NativeAPI_mmi-rs.xml	mmi-devel	x86_64	mmi-2.2.2-0.src.rpm	YES
PUBLIC	mmi	mmi	riscv32	snapshots/sdk/app-rootstrap-native-data-public___tmp_rs_resource_NativeAPI_mmi-rs.xml	mmi	x86_64	mmi-2.2.2-0.src.rpm	NO
PUBLIC	mmi	mmi-plugins	riscv32	snapshots/sdk/app-rootstrap-native-data-public___tmp_rs_resource_NativeAPI_mmi-rs.xml	mmi-plugins	x86_64	mmi-2.2.2-0.src.rpm	NO
PUBLIC	mmi	mmi-cli	riscv32	snapshots/sdk/app-rootstrap-native-data-public___tmp_rs_resource_NativeAPI_mmi-rs.xml	mmi-cli	x86_64	mmi-2.2.2-0.src.rpm	NO
PUBLIC	mmi	mmi-devel	riscv32	snapshots/sdk/app-rootstrap-native-data-public___tmp_rs_resource_NativeAPI_mmi-rs.xml	mmi-devel	x86_64	mmi-2.2.2-0.src.rpm	NO
PUBLIC	multi-assistant	multi-assistant	i686	snapshots/sdk/app-rootstrap-native-data-public___tmp_rs_resource_NativeAPI_multi-assistant-rs.xml	multi-assistant	x86_64	multi-assistant-0.3.22-1.src.rpm	NO
PUBLIC	multi-assistant	multi-assistant-devel	i686	snapshots/sdk/app-rootstrap-native-data-public___tmp_rs_resource_NativeAPI_multi-assistant-rs.xml	multi-assistant-devel	x86_64	multi-assistant-0.3.22-1.src.rpm	NO
PUBLIC	multi-assistant	multi-assistant	armv7l	snapshots/sdk/app-rootstrap-native-data-public___tmp_rs_resource_NativeAPI_multi-assistant-rs.xml	multi-assistant	x86_64	multi-assistant-0.3.22-1.src.rpm	YES
PUBLIC	multi-assistant	multi-assistant-devel	armv7l	snapshots/sdk/app-rootstrap-native-data-public___tmp_rs_resource_NativeAPI_multi-assistant-rs.xml	multi-assistant-devel	x86_64	multi-assistant-0.3.22-1.src.rpm	YES
PUBLIC	multi-assistant	multi-assistant	riscv32	snapshots/sdk/app-rootstrap-native-data-public___tmp_rs_resource_NativeAPI_multi-assistant-rs.xml	multi-assistant	x86_64	multi-assistant-0.3.22-1.src.rpm	NO
PUBLIC	multi-assistant	multi-assistant-devel	riscv32	snapshots/sdk/app-rootstrap-native-data-public___tmp_rs_resource_NativeAPI_multi-assistant-rs.xml	multi-assistant-devel	x86_64	multi-assistant-0.3.22-1.src.rpm	NO
PUBLIC	notification	notification	i686	snapshots/sdk/app-rootstrap-native-data-public___tmp_rs_resource_NativeAPI_notification-rs.xml	notification	x86_64	notification-0.12.4-1.src.rpm	NO
PUBLIC	notification	notification-devel	i686	snapshots/sdk/app-rootstrap-native-data-public___tmp_rs_resource_NativeAPI_notification-rs.xml	notification-devel	x86_64	notification-0.12.4-1.src.rpm	NO
PUBLIC	notification	notification-ex	i686	snapshots/sdk/app-rootstrap-native-data-public___tmp_rs_resource_NativeAPI_notification-rs.xml	notification-ex	x86_64	notification-0.12.4-1.src.rpm	NO
PUBLIC	notification	notification-ex-devel	i686	snapshots/sdk/app-rootstrap-native-data-public___tmp_rs_resource_NativeAPI_notification-rs.xml	notification-ex-devel	x86_64	notification-0.12.4-1.src.rpm	NO
PUBLIC	notification	notification	armv7l	snapshots/sdk/app-rootstrap-native-data-public___tmp_rs_resource_NativeAPI_notification-rs.xml	notification	x86_64	notification-0.12.4-1.src.rpm	YES
PUBLIC	notification	notification-devel	armv7l	snapshots/sdk/app-rootstrap-native-data-public___tmp_rs_resource_NativeAPI_notification-rs.xml	notification-devel	x86_64	notification-0.12.4-1.src.rpm	YES
PUBLIC	notification	notification-ex	armv7l	snapshots/sdk/app-rootstrap-native-data-public___tmp_rs_resource_NativeAPI_notification-rs.xml	notification-ex	x86_64	notification-0.12.4-1.src.rpm	YES
PUBLIC	notification	notification-ex-devel	armv7l	snapshots/sdk/app-rootstrap-native-data-public___tmp_rs_resource_NativeAPI_notification-rs.xml	notification-ex-devel	x86_64	notification-0.12.4-1.src.rpm	YES
PUBLIC	notification	notification	riscv32	snapshots/sdk/app-rootstrap-native-data-public___tmp_rs_resource_NativeAPI_notification-rs.xml	notification	x86_64	notification-0.12.4-1.src.rpm	NO
PUBLIC	notification	notification-devel	riscv32	snapshots/sdk/app-rootstrap-native-data-public___tmp_rs_resource_NativeAPI_notification-rs.xml	notification-devel	x86_64	notification-0.12.4-1.src.rpm	NO
PUBLIC	notification	notification-ex	riscv32	snapshots/sdk/app-rootstrap-native-data-public___tmp_rs_resource_NativeAPI_notification-rs.xml	notification-ex	x86_64	notification-0.12.4-1.src.rpm	NO
PUBLIC	notification	notification-ex-devel	riscv32	snapshots/sdk/app-rootstrap-native-data-public___tmp_rs_resource_NativeAPI_notification-rs.xml	notification-ex-devel	x86_64	notification-0.12.4-1.src.rpm	NO
PUBLIC	oauth2	oauth2	i686	snapshots/sdk/app-rootstrap-native-data-public___tmp_rs_resource_NativeAPI_oauth2-rs.xml	oauth2	x86_64	oauth2-0.0.9-1.src.rpm	NO
PUBLIC	oauth2	oauth2-devel	i686	snapshots/sdk/app-rootstrap-native-data-public___tmp_rs_resource_NativeAPI_oauth2-rs.xml	oauth2-devel	x86_64	oauth2-0.0.9-1.src.rpm	NO
PUBLIC	oauth2	oauth2	armv7l	snapshots/sdk/app-rootstrap-native-data-public___tmp_rs_resource_NativeAPI_oauth2-rs.xml	oauth2	x86_64	oauth2-0.0.9-1.src.rpm	YES
PUBLIC	oauth2	oauth2-devel	armv7l	snapshots/sdk/app-rootstrap-native-data-public___tmp_rs_resource_NativeAPI_oauth2-rs.xml	oauth2-devel	x86_64	oauth2-0.0.9-1.src.rpm	YES
PUBLIC	oauth2	oauth2	riscv32	snapshots/sdk/app-rootstrap-native-data-public___tmp_rs_resource_NativeAPI_oauth2-rs.xml	oauth2	x86_64	oauth2-0.0.9-1.src.rpm	NO
PUBLIC	oauth2	oauth2-devel	riscv32	snapshots/sdk/app-rootstrap-native-data-public___tmp_rs_resource_NativeAPI_oauth2-rs.xml	oauth2-devel	x86_64	oauth2-0.0.9-1.src.rpm	NO
PUBLIC	phonenumber-utils	phonenumber-utils	i686	snapshots/sdk/app-rootstrap-native-data-public___tmp_rs_resource_NativeAPI_phonenumber-utils-rs.xml	phonenumber-utils	x86_64	phonenumber-utils-0.2.11-0.src.rpm	NO
PUBLIC	phonenumber-utils	phonenumber-utils-devel	i686	snapshots/sdk/app-rootstrap-native-data-public___tmp_rs_resource_NativeAPI_phonenumber-utils-rs.xml	phonenumber-utils-devel	x86_64	phonenumber-utils-0.2.11-0.src.rpm	NO
PUBLIC	phonenumber-utils	phonenumber-utils	armv7l	snapshots/sdk/app-rootstrap-native-data-public___tmp_rs_resource_NativeAPI_phonenumber-utils-rs.xml	phonenumber-utils	x86_64	phonenumber-utils-0.2.11-0.src.rpm	YES
PUBLIC	phonenumber-utils	phonenumber-utils-devel	armv7l	snapshots/sdk/app-rootstrap-native-data-public___tmp_rs_resource_NativeAPI_phonenumber-utils-rs.xml	phonenumber-utils-devel	x86_64	phonenumber-utils-0.2.11-0.src.rpm	YES
PUBLIC	phonenumber-utils	phonenumber-utils	riscv32	snapshots/sdk/app-rootstrap-native-data-public___tmp_rs_resource_NativeAPI_phonenumber-utils-rs.xml	phonenumber-utils	x86_64	phonenumber-utils-0.2.11-0.src.rpm	NO
PUBLIC	phonenumber-utils	phonenumber-utils-devel	riscv32	snapshots/sdk/app-rootstrap-native-data-public___tmp_rs_resource_NativeAPI_phonenumber-utils-rs.xml	phonenumber-utils-devel	x86_64	phonenumber-utils-0.2.11-0.src.rpm	NO
PUBLIC	privilege-info	privilege-info	i686	snapshots/sdk/app-rootstrap-native-data-public___tmp_rs_resource_NativeAPI_privilege-info-rs.xml	privilege-info	x86_64	privilege-info-0.0.9-1.src.rpm	NO
PUBLIC	privilege-info	privilege-info-devel	i686	snapshots/sdk/app-rootstrap-native-data-public___tmp_rs_resource_NativeAPI_privilege-info-rs.xml	privilege-info-devel	x86_64	privilege-info-0.0.9-1.src.rpm	NO
PUBLIC	privilege-info	privilege-info	armv7l	snapshots/sdk/app-rootstrap-native-data-public___tmp_rs_resource_NativeAPI_privilege-info-rs.xml	privilege-info	x86_64	privilege-info-0.0.9-1.src.rpm	YES
PUBLIC	privilege-info	privilege-info-devel	armv7l	snapshots/sdk/app-rootstrap-native-data-public___tmp_rs_resource_NativeAPI_privilege-info-rs.xml	privilege-info-devel	x86_64	privilege-info-0.0.9-1.src.rpm	YES
PUBLIC	privilege-info	privilege-info	riscv32	snapshots/sdk/app-rootstrap-native-data-public___tmp_rs_resource_NativeAPI_privilege-info-rs.xml	privilege-info	x86_64	privilege-info-0.0.9-1.src.rpm	NO
PUBLIC	privilege-info	privilege-info-devel	riscv32	snapshots/sdk/app-rootstrap-native-data-public___tmp_rs_resource_NativeAPI_privilege-info-rs.xml	privilege-info-devel	x86_64	privilege-info-0.0.9-1.src.rpm	NO
PUBLIC	rpc-port	rpc-port	i686	snapshots/sdk/app-rootstrap-native-data-public___tmp_rs_resource_NativeAPI_rpc-port-rs.xml	rpc-port	x86_64	rpc-port-1.21.15-0.src.rpm	NO
PUBLIC	rpc-port	rpc-port-devel	i686	snapshots/sdk/app-rootstrap-native-data-public___tmp_rs_resource_NativeAPI_rpc-port-rs.xml	rpc-port-devel	x86_64	rpc-port-1.21.15-0.src.rpm	NO
PUBLIC	rpc-port	rpc-port	armv7l	snapshots/sdk/app-rootstrap-native-data-public___tmp_rs_resource_NativeAPI_rpc-port-rs.xml	rpc-port	x86_64	rpc-port-1.21.15-0.src.rpm	YES
PUBLIC	rpc-port	rpc-port-devel	armv7l	snapshots/sdk/app-rootstrap-native-data-public___tmp_rs_resource_NativeAPI_rpc-port-rs.xml	rpc-port-devel	x86_64	rpc-port-1.21.15-0.src.rpm	YES
PUBLIC	rpc-port	rpc-port	riscv32	snapshots/sdk/app-rootstrap-native-data-public___tmp_rs_resource_NativeAPI_rpc-port-rs.xml	rpc-port	x86_64	rpc-port-1.21.15-0.src.rpm	NO
PUBLIC	rpc-port	rpc-port-devel	riscv32	snapshots/sdk/app-rootstrap-native-data-public___tmp_rs_resource_NativeAPI_rpc-port-rs.xml	rpc-port-devel	x86_64	rpc-port-1.21.15-0.src.rpm	NO
PUBLIC	screen-connector-remote-surface-evas	libscreen_connector_remote_surface_evas	i686	snapshots/sdk/app-rootstrap-native-data-public___tmp_rs_resource_NativeAPI_screen-connector-remote-surface-evas-rs.xml	libscreen_connector_remote_surface_evas	x86_64	libscreen_connector-1.9.12-1.src.rpm	NO
PUBLIC	screen-connector-remote-surface-evas	libscreen_connector_remote_surface_evas-devel	i686	snapshots/sdk/app-rootstrap-native-data-public___tmp_rs_resource_NativeAPI_screen-connector-remote-surface-evas-rs.xml	libscreen_connector_remote_surface_evas-devel	x86_64	libscreen_connector-1.9.12-1.src.rpm	NO
PUBLIC	screen-connector-remote-surface-evas	libscreen_connector_remote_surface_evas	armv7l	snapshots/sdk/app-rootstrap-native-data-public___tmp_rs_resource_NativeAPI_screen-connector-remote-surface-evas-rs.xml	libscreen_connector_remote_surface_evas	x86_64	libscreen_connector-1.9.12-1.src.rpm	YES
PUBLIC	screen-connector-remote-surface-evas	libscreen_connector_remote_surface_evas-devel	armv7l	snapshots/sdk/app-rootstrap-native-data-public___tmp_rs_resource_NativeAPI_screen-connector-remote-surface-evas-rs.xml	libscreen_connector_remote_surface_evas-devel	x86_64	libscreen_connector-1.9.12-1.src.rpm	YES
PUBLIC	screen-connector-remote-surface-evas	libscreen_connector_remote_surface_evas	riscv32	snapshots/sdk/app-rootstrap-native-data-public___tmp_rs_resource_NativeAPI_screen-connector-remote-surface-evas-rs.xml	libscreen_connector_remote_surface_evas	x86_64	libscreen_connector-1.9.12-1.src.rpm	NO
PUBLIC	screen-connector-remote-surface-evas	libscreen_connector_remote_surface_evas-devel	riscv32	snapshots/sdk/app-rootstrap-native-data-public___tmp_rs_resource_NativeAPI_screen-connector-remote-surface-evas-rs.xml	libscreen_connector_remote_surface_evas-devel	x86_64	libscreen_connector-1.9.12-1.src.rpm	NO
PUBLIC	screen-connector-remote-surface	libscreen_connector_remote_surface	i686	snapshots/sdk/app-rootstrap-native-data-public___tmp_rs_resource_NativeAPI_screen-connector-remote-surface-rs.xml	libscreen_connector_remote_surface	x86_64	libscreen_connector-1.9.12-1.src.rpm	NO
PUBLIC	screen-connector-remote-surface	libscreen_connector_remote_surface-devel	i686	snapshots/sdk/app-rootstrap-native-data-public___tmp_rs_resource_NativeAPI_screen-connector-remote-surface-rs.xml	libscreen_connector_remote_surface-devel	x86_64	libscreen_connector-1.9.12-1.src.rpm	NO
PUBLIC	screen-connector-remote-surface	libscreen_connector_remote_surface	armv7l	snapshots/sdk/app-rootstrap-native-data-public___tmp_rs_resource_NativeAPI_screen-connector-remote-surface-rs.xml	libscreen_connector_remote_surface	x86_64	libscreen_connector-1.9.12-1.src.rpm	YES
PUBLIC	screen-connector-remote-surface	libscreen_connector_remote_surface-devel	armv7l	snapshots/sdk/app-rootstrap-native-data-public___tmp_rs_resource_NativeAPI_screen-connector-remote-surface-rs.xml	libscreen_connector_remote_surface-devel	x86_64	libscreen_connector-1.9.12-1.src.rpm	YES
PUBLIC	screen-connector-remote-surface	libscreen_connector_remote_surface	riscv32	snapshots/sdk/app-rootstrap-native-data-public___tmp_rs_resource_NativeAPI_screen-connector-remote-surface-rs.xml	libscreen_connector_remote_surface	x86_64	libscreen_connector-1.9.12-1.src.rpm	NO
PUBLIC	screen-connector-remote-surface	libscreen_connector_remote_surface-devel	riscv32	snapshots/sdk/app-rootstrap-native-data-public___tmp_rs_resource_NativeAPI_screen-connector-remote-surface-rs.xml	libscreen_connector_remote_surface-devel	x86_64	libscreen_connector-1.9.12-1.src.rpm	NO
PUBLIC	screen-connector-watcher-evas	libscreen_connector_watcher_evas	i686	snapshots/sdk/app-rootstrap-native-data-public___tmp_rs_resource_NativeAPI_screen-connector-watcher-evas-rs.xml	libscreen_connector_watcher_evas	x86_64	libscreen_connector-1.9.12-1.src.rpm	NO
PUBLIC	screen-connector-watcher-evas	libscreen_connector_watcher_evas-devel	i686	snapshots/sdk/app-rootstrap-native-data-public___tmp_rs_resource_NativeAPI_screen-connector-watcher-evas-rs.xml	libscreen_connector_watcher_evas-devel	x86_64	libscreen_connector-1.9.12-1.src.rpm	NO
PUBLIC	screen-connector-watcher-evas	libscreen_connector_watcher_evas	armv7l	snapshots/sdk/app-rootstrap-native-data-public___tmp_rs_resource_NativeAPI_screen-connector-watcher-evas-rs.xml	libscreen_connector_watcher_evas	x86_64	libscreen_connector-1.9.12-1.src.rpm	YES
PUBLIC	screen-connector-watcher-evas	libscreen_connector_watcher_evas-devel	armv7l	snapshots/sdk/app-rootstrap-native-data-public___tmp_rs_resource_NativeAPI_screen-connector-watcher-evas-rs.xml	libscreen_connector_watcher_evas-devel	x86_64	libscreen_connector-1.9.12-1.src.rpm	YES
PUBLIC	screen-connector-watcher-evas	libscreen_connector_watcher_evas	riscv32	snapshots/sdk/app-rootstrap-native-data-public___tmp_rs_resource_NativeAPI_screen-connector-watcher-evas-rs.xml	libscreen_connector_watcher_evas	x86_64	libscreen_connector-1.9.12-1.src.rpm	NO
PUBLIC	screen-connector-watcher-evas	libscreen_connector_watcher_evas-devel	riscv32	snapshots/sdk/app-rootstrap-native-data-public___tmp_rs_resource_NativeAPI_screen-connector-watcher-evas-rs.xml	libscreen_connector_watcher_evas-devel	x86_64	libscreen_connector-1.9.12-1.src.rpm	NO
PUBLIC	stt	stt	i686	snapshots/sdk/app-rootstrap-native-data-public___tmp_rs_resource_NativeAPI_stt-rs.xml	stt	x86_64	stt-1.100.8-1.src.rpm	NO
PUBLIC	stt	stt-devel	i686	snapshots/sdk/app-rootstrap-native-data-public___tmp_rs_resource_NativeAPI_stt-rs.xml	stt-devel	x86_64	stt-1.100.8-1.src.rpm	NO
PUBLIC	stt	stt-engine-devel	i686	snapshots/sdk/app-rootstrap-native-data-public___tmp_rs_resource_NativeAPI_stt-rs.xml	stt-engine-devel	x86_64	stt-1.100.8-1.src.rpm	NO
PUBLIC	stt	stt	armv7l	snapshots/sdk/app-rootstrap-native-data-public___tmp_rs_resource_NativeAPI_stt-rs.xml	stt	x86_64	stt-1.100.8-1.src.rpm	YES
PUBLIC	stt	stt-devel	armv7l	snapshots/sdk/app-rootstrap-native-data-public___tmp_rs_resource_NativeAPI_stt-rs.xml	stt-devel	x86_64	stt-1.100.8-1.src.rpm	YES
PUBLIC	stt	stt-engine-devel	armv7l	snapshots/sdk/app-rootstrap-native-data-public___tmp_rs_resource_NativeAPI_stt-rs.xml	stt-engine-devel	x86_64	stt-1.100.8-1.src.rpm	YES
PUBLIC	stt	stt	riscv32	snapshots/sdk/app-rootstrap-native-data-public___tmp_rs_resource_NativeAPI_stt-rs.xml	stt	x86_64	stt-1.100.8-1.src.rpm	NO
PUBLIC	stt	stt-devel	riscv32	snapshots/sdk/app-rootstrap-native-data-public___tmp_rs_resource_NativeAPI_stt-rs.xml	stt-devel	x86_64	stt-1.100.8-1.src.rpm	NO
PUBLIC	stt	stt-engine-devel	riscv32	snapshots/sdk/app-rootstrap-native-data-public___tmp_rs_resource_NativeAPI_stt-rs.xml	stt-engine-devel	x86_64	stt-1.100.8-1.src.rpm	NO
PUBLIC	tizen-core	tizen-core	i686	snapshots/sdk/app-rootstrap-native-data-public___tmp_rs_resource_NativeAPI_tizen-core-rs.xml	tizen-core	x86_64	tizen-core-0.4.2-0.src.rpm	NO
PUBLIC	tizen-core	tizen-core-devel	i686	snapshots/sdk/app-rootstrap-native-data-public___tmp_rs_resource_NativeAPI_tizen-core-rs.xml	tizen-core-devel	x86_64	tizen-core-0.4.2-0.src.rpm	NO
PUBLIC	tizen-core	tizen-core	armv7l	snapshots/sdk/app-rootstrap-native-data-public___tmp_rs_resource_NativeAPI_tizen-core-rs.xml	tizen-core	x86_64	tizen-core-0.4.2-0.src.rpm	YES
PUBLIC	tizen-core	tizen-core-devel	armv7l	snapshots/sdk/app-rootstrap-native-data-public___tmp_rs_resource_NativeAPI_tizen-core-rs.xml	tizen-core-devel	x86_64	tizen-core-0.4.2-0.src.rpm	YES
PUBLIC	tizen-core	tizen-core	riscv32	snapshots/sdk/app-rootstrap-native-data-public___tmp_rs_resource_NativeAPI_tizen-core-rs.xml	tizen-core	x86_64	tizen-core-0.4.2-0.src.rpm	NO
PUBLIC	tizen-core	tizen-core-devel	riscv32	snapshots/sdk/app-rootstrap-native-data-public___tmp_rs_resource_NativeAPI_tizen-core-rs.xml	tizen-core-devel	x86_64	tizen-core-0.4.2-0.src.rpm	NO
PUBLIC	trace	ttrace	i686	snapshots/sdk/app-rootstrap-native-data-public___tmp_rs_resource_NativeAPI_trace-rs.xml	ttrace	x86_64	ttrace-1.1.0-1.src.rpm	NO
PUBLIC	trace	ttrace-devel	i686	snapshots/sdk/app-rootstrap-native-data-public___tmp_rs_resource_NativeAPI_trace-rs.xml	ttrace-devel	x86_64	ttrace-1.1.0-1.src.rpm	NO
PUBLIC	trace	ttrace	armv7l	snapshots/sdk/app-rootstrap-native-data-public___tmp_rs_resource_NativeAPI_trace-rs.xml	ttrace	x86_64	ttrace-1.1.0-1.src.rpm	YES
PUBLIC	trace	ttrace-devel	armv7l	snapshots/sdk/app-rootstrap-native-data-public___tmp_rs_resource_NativeAPI_trace-rs.xml	ttrace-devel	x86_64	ttrace-1.1.0-1.src.rpm	YES
PUBLIC	trace	ttrace	riscv32	snapshots/sdk/app-rootstrap-native-data-public___tmp_rs_resource_NativeAPI_trace-rs.xml	ttrace	x86_64	ttrace-1.1.0-1.src.rpm	NO
PUBLIC	trace	ttrace-devel	riscv32	snapshots/sdk/app-rootstrap-native-data-public___tmp_rs_resource_NativeAPI_trace-rs.xml	ttrace-devel	x86_64	ttrace-1.1.0-1.src.rpm	NO
PUBLIC	tts	tts	i686	snapshots/sdk/app-rootstrap-native-data-public___tmp_rs_resource_NativeAPI_tts-rs.xml	tts	x86_64	tts-1.100.10-1.src.rpm	NO
PUBLIC	tts	tts-devel	i686	snapshots/sdk/app-rootstrap-native-data-public___tmp_rs_resource_NativeAPI_tts-rs.xml	tts-devel	x86_64	tts-1.100.10-1.src.rpm	NO
PUBLIC	tts	tts-engine-devel	i686	snapshots/sdk/app-rootstrap-native-data-public___tmp_rs_resource_NativeAPI_tts-rs.xml	tts-engine-devel	x86_64	tts-1.100.10-1.src.rpm	NO
PUBLIC	tts	tts	armv7l	snapshots/sdk/app-rootstrap-native-data-public___tmp_rs_resource_NativeAPI_tts-rs.xml	tts	x86_64	tts-1.100.10-1.src.rpm	YES
PUBLIC	tts	tts-devel	armv7l	snapshots/sdk/app-rootstrap-native-data-public___tmp_rs_resource_NativeAPI_tts-rs.xml	tts-devel	x86_64	tts-1.100.10-1.src.rpm	YES
PUBLIC	tts	tts-engine-devel	armv7l	snapshots/sdk/app-rootstrap-native-data-public___tmp_rs_resource_NativeAPI_tts-rs.xml	tts-engine-devel	x86_64	tts-1.100.10-1.src.rpm	YES
PUBLIC	tts	tts	riscv32	snapshots/sdk/app-rootstrap-native-data-public___tmp_rs_resource_NativeAPI_tts-rs.xml	tts	x86_64	tts-1.100.10-1.src.rpm	NO
PUBLIC	tts	tts-devel	riscv32	snapshots/sdk/app-rootstrap-native-data-public___tmp_rs_resource_NativeAPI_tts-rs.xml	tts-devel	x86_64	tts-1.100.10-1.src.rpm	NO
PUBLIC	tts	tts-engine-devel	riscv32	snapshots/sdk/app-rootstrap-native-data-public___tmp_rs_resource_NativeAPI_tts-rs.xml	tts-engine-devel	x86_64	tts-1.100.10-1.src.rpm	NO
PUBLIC	tzsh	tzsh	i686	snapshots/sdk/app-rootstrap-native-data-public___tmp_rs_resource_NativeAPI_tzsh-rs.xml	tzsh	x86_64	tzsh-1.5.8-0.src.rpm	NO
PUBLIC	tzsh	tzsh-devel	i686	snapshots/sdk/app-rootstrap-native-data-public___tmp_rs_resource_NativeAPI_tzsh-rs.xml	tzsh-devel	x86_64	tzsh-1.5.8-0.src.rpm	NO
PUBLIC	tzsh	tzsh	armv7l	snapshots/sdk/app-rootstrap-native-data-public___tmp_rs_resource_NativeAPI_tzsh-rs.xml	tzsh	x86_64	tzsh-1.5.8-0.src.rpm	YES
PUBLIC	tzsh	tzsh-devel	armv7l	snapshots/sdk/app-rootstrap-native-data-public___tmp_rs_resource_NativeAPI_tzsh-rs.xml	tzsh-devel	x86_64	tzsh-1.5.8-0.src.rpm	YES
PUBLIC	tzsh	tzsh	riscv32	snapshots/sdk/app-rootstrap-native-data-public___tmp_rs_resource_NativeAPI_tzsh-rs.xml	tzsh	x86_64	tzsh-1.5.8-0.src.rpm	NO
PUBLIC	tzsh	tzsh-devel	riscv32	snapshots/sdk/app-rootstrap-native-data-public___tmp_rs_resource_NativeAPI_tzsh-rs.xml	tzsh-devel	x86_64	tzsh-1.5.8-0.src.rpm	NO
PUBLIC	update-control	update-control	i686	snapshots/sdk/app-rootstrap-native-data-public___tmp_rs_resource_NativeAPI_update-control-rs.xml	update-control	x86_64	update-control-1.0.6-0.src.rpm	NO
PUBLIC	update-control	update-control-devel	i686	snapshots/sdk/app-rootstrap-native-data-public___tmp_rs_resource_NativeAPI_update-control-rs.xml	update-control-devel	x86_64	update-control-1.0.6-0.src.rpm	NO
PUBLIC	update-control	update-control	armv7l	snapshots/sdk/app-rootstrap-native-data-public___tmp_rs_resource_NativeAPI_update-control-rs.xml	update-control	x86_64	update-control-1.0.6-0.src.rpm	YES
PUBLIC	update-control	update-control-devel	armv7l	snapshots/sdk/app-rootstrap-native-data-public___tmp_rs_resource_NativeAPI_update-control-rs.xml	update-control-devel	x86_64	update-control-1.0.6-0.src.rpm	YES
PUBLIC	update-control	update-control	riscv32	snapshots/sdk/app-rootstrap-native-data-public___tmp_rs_resource_NativeAPI_update-control-rs.xml	update-control	x86_64	update-control-1.0.6-0.src.rpm	NO
PUBLIC	update-control	update-control-devel	riscv32	snapshots/sdk/app-rootstrap-native-data-public___tmp_rs_resource_NativeAPI_update-control-rs.xml	update-control-devel	x86_64	update-control-1.0.6-0.src.rpm	NO
PUBLIC	voice-control-elm	voice-control-elm	i686	snapshots/sdk/app-rootstrap-native-data-public___tmp_rs_resource_NativeAPI_voice-control-elm-rs.xml	voice-control-elm	x86_64	voice-control-elm-0.100.2-1.src.rpm	NO
PUBLIC	voice-control-elm	voice-control-elm-devel	i686	snapshots/sdk/app-rootstrap-native-data-public___tmp_rs_resource_NativeAPI_voice-control-elm-rs.xml	voice-control-elm-devel	x86_64	voice-control-elm-0.100.2-1.src.rpm	NO
PUBLIC	voice-control-elm	voice-control-elm	armv7l	snapshots/sdk/app-rootstrap-native-data-public___tmp_rs_resource_NativeAPI_voice-control-elm-rs.xml	voice-control-elm	x86_64	voice-control-elm-0.100.2-1.src.rpm	YES
PUBLIC	voice-control-elm	voice-control-elm-devel	armv7l	snapshots/sdk/app-rootstrap-native-data-public___tmp_rs_resource_NativeAPI_voice-control-elm-rs.xml	voice-control-elm-devel	x86_64	voice-control-elm-0.100.2-1.src.rpm	YES
PUBLIC	voice-control-elm	voice-control-elm	riscv32	snapshots/sdk/app-rootstrap-native-data-public___tmp_rs_resource_NativeAPI_voice-control-elm-rs.xml	voice-control-elm	x86_64	voice-control-elm-0.100.2-1.src.rpm	NO
PUBLIC	voice-control-elm	voice-control-elm-devel	riscv32	snapshots/sdk/app-rootstrap-native-data-public___tmp_rs_resource_NativeAPI_voice-control-elm-rs.xml	voice-control-elm-devel	x86_64	voice-control-elm-0.100.2-1.src.rpm	NO
PUBLIC	voice-control	voice-control	i686	snapshots/sdk/app-rootstrap-native-data-public___tmp_rs_resource_NativeAPI_voice-control-rs.xml	voice-control	x86_64	voice-control-1.101.2-1.src.rpm	NO
PUBLIC	voice-control	voice-control-devel	i686	snapshots/sdk/app-rootstrap-native-data-public___tmp_rs_resource_NativeAPI_voice-control-rs.xml	voice-control-devel	x86_64	voice-control-1.101.2-1.src.rpm	NO
PUBLIC	voice-control	voice-control-manager-devel	i686	snapshots/sdk/app-rootstrap-native-data-public___tmp_rs_resource_NativeAPI_voice-control-rs.xml	voice-control-manager-devel	x86_64	voice-control-1.101.2-1.src.rpm	NO
PUBLIC	voice-control	voice-control-engine-devel	i686	snapshots/sdk/app-rootstrap-native-data-public___tmp_rs_resource_NativeAPI_voice-control-rs.xml	voice-control-engine-devel	x86_64	voice-control-1.101.2-1.src.rpm	NO
PUBLIC	voice-control	voice-control	armv7l	snapshots/sdk/app-rootstrap-native-data-public___tmp_rs_resource_NativeAPI_voice-control-rs.xml	voice-control	x86_64	voice-control-1.101.2-1.src.rpm	YES
PUBLIC	voice-control	voice-control-devel	armv7l	snapshots/sdk/app-rootstrap-native-data-public___tmp_rs_resource_NativeAPI_voice-control-rs.xml	voice-control-devel	x86_64	voice-control-1.101.2-1.src.rpm	YES
PUBLIC	voice-control	voice-control-manager-devel	armv7l	snapshots/sdk/app-rootstrap-native-data-public___tmp_rs_resource_NativeAPI_voice-control-rs.xml	voice-control-manager-devel	x86_64	voice-control-1.101.2-1.src.rpm	YES
PUBLIC	voice-control	voice-control-engine-devel	armv7l	snapshots/sdk/app-rootstrap-native-data-public___tmp_rs_resource_NativeAPI_voice-control-rs.xml	voice-control-engine-devel	x86_64	voice-control-1.101.2-1.src.rpm	YES
PUBLIC	voice-control	voice-control	riscv32	snapshots/sdk/app-rootstrap-native-data-public___tmp_rs_resource_NativeAPI_voice-control-rs.xml	voice-control	x86_64	voice-control-1.101.2-1.src.rpm	NO
PUBLIC	voice-control	voice-control-devel	riscv32	snapshots/sdk/app-rootstrap-native-data-public___tmp_rs_resource_NativeAPI_voice-control-rs.xml	voice-control-devel	x86_64	voice-control-1.101.2-1.src.rpm	NO
PUBLIC	voice-control	voice-control-manager-devel	riscv32	snapshots/sdk/app-rootstrap-native-data-public___tmp_rs_resource_NativeAPI_voice-control-rs.xml	voice-control-manager-devel	x86_64	voice-control-1.101.2-1.src.rpm	NO
PUBLIC	voice-control	voice-control-engine-devel	riscv32	snapshots/sdk/app-rootstrap-native-data-public___tmp_rs_resource_NativeAPI_voice-control-rs.xml	voice-control-engine-devel	x86_64	voice-control-1.101.2-1.src.rpm	NO
PUBLIC	webauthn	libwebauthn-client-devel	i686	snapshots/sdk/app-rootstrap-native-data-public___tmp_rs_resource_NativeAPI_webauthn-rs.xml	libwebauthn-client-devel	x86_64	webauthn-1.0.13-1.src.rpm	NO
PUBLIC	webauthn	libwebauthn-client	i686	snapshots/sdk/app-rootstrap-native-data-public___tmp_rs_resource_NativeAPI_webauthn-rs.xml	libwebauthn-client	x86_64	webauthn-1.0.13-1.src.rpm	NO
PUBLIC	webauthn	libwebauthn-common	i686	snapshots/sdk/app-rootstrap-native-data-public___tmp_rs_resource_NativeAPI_webauthn-rs.xml	libwebauthn-common	x86_64	webauthn-1.0.13-1.src.rpm	NO
PUBLIC	webauthn	libwebauthn-client-devel	armv7l	snapshots/sdk/app-rootstrap-native-data-public___tmp_rs_resource_NativeAPI_webauthn-rs.xml	libwebauthn-client-devel	x86_64	webauthn-1.0.13-1.src.rpm	YES
PUBLIC	webauthn	libwebauthn-client	armv7l	snapshots/sdk/app-rootstrap-native-data-public___tmp_rs_resource_NativeAPI_webauthn-rs.xml	libwebauthn-client	x86_64	webauthn-1.0.13-1.src.rpm	YES
PUBLIC	webauthn	libwebauthn-common	armv7l	snapshots/sdk/app-rootstrap-native-data-public___tmp_rs_resource_NativeAPI_webauthn-rs.xml	libwebauthn-common	x86_64	webauthn-1.0.13-1.src.rpm	YES
PUBLIC	webauthn	libwebauthn-client-devel	riscv32	snapshots/sdk/app-rootstrap-native-data-public___tmp_rs_resource_NativeAPI_webauthn-rs.xml	libwebauthn-client-devel	x86_64	webauthn-1.0.13-1.src.rpm	NO
PUBLIC	webauthn	libwebauthn-client	riscv32	snapshots/sdk/app-rootstrap-native-data-public___tmp_rs_resource_NativeAPI_webauthn-rs.xml	libwebauthn-client	x86_64	webauthn-1.0.13-1.src.rpm	NO
PUBLIC	webauthn	libwebauthn-common	riscv32	snapshots/sdk/app-rootstrap-native-data-public___tmp_rs_resource_NativeAPI_webauthn-rs.xml	libwebauthn-common	x86_64	webauthn-1.0.13-1.src.rpm	NO
PUBLIC	widget-service	libwidget_service	i686	snapshots/sdk/app-rootstrap-native-data-public___tmp_rs_resource_NativeAPI_widget-service-rs.xml	libwidget_service	x86_64	libwidget_service-1.3.9-1.src.rpm	NO
PUBLIC	widget-service	libwidget_service-devel	i686	snapshots/sdk/app-rootstrap-native-data-public___tmp_rs_resource_NativeAPI_widget-service-rs.xml	libwidget_service-devel	x86_64	libwidget_service-1.3.9-1.src.rpm	NO
PUBLIC	widget-service	libwidget_service	armv7l	snapshots/sdk/app-rootstrap-native-data-public___tmp_rs_resource_NativeAPI_widget-service-rs.xml	libwidget_service	x86_64	libwidget_service-1.3.9-1.src.rpm	YES
PUBLIC	widget-service	libwidget_service-devel	armv7l	snapshots/sdk/app-rootstrap-native-data-public___tmp_rs_resource_NativeAPI_widget-service-rs.xml	libwidget_service-devel	x86_64	libwidget_service-1.3.9-1.src.rpm	YES
PUBLIC	widget-service	libwidget_service	riscv32	snapshots/sdk/app-rootstrap-native-data-public___tmp_rs_resource_NativeAPI_widget-service-rs.xml	libwidget_service	x86_64	libwidget_service-1.3.9-1.src.rpm	NO
PUBLIC	widget-service	libwidget_service-devel	riscv32	snapshots/sdk/app-rootstrap-native-data-public___tmp_rs_resource_NativeAPI_widget-service-rs.xml	libwidget_service-devel	x86_64	libwidget_service-1.3.9-1.src.rpm	NO
PUBLIC	yaca	yaca-devel	i686	snapshots/sdk/app-rootstrap-native-data-public___tmp_rs_resource_NativeAPI_yaca-rs.xml	yaca-devel	x86_64	yaca-0.0.6-0.src.rpm	NO
PUBLIC	yaca	yaca	i686	snapshots/sdk/app-rootstrap-native-data-public___tmp_rs_resource_NativeAPI_yaca-rs.xml	yaca	x86_64	yaca-0.0.6-0.src.rpm	NO
PUBLIC	yaca	yaca-devel	armv7l	snapshots/sdk/app-rootstrap-native-data-public___tmp_rs_resource_NativeAPI_yaca-rs.xml	yaca-devel	x86_64	yaca-0.0.6-0.src.rpm	YES
PUBLIC	yaca	yaca	armv7l	snapshots/sdk/app-rootstrap-native-data-public___tmp_rs_resource_NativeAPI_yaca-rs.xml	yaca	x86_64	yaca-0.0.6-0.src.rpm	YES
PUBLIC	yaca	yaca-devel	riscv32	snapshots/sdk/app-rootstrap-native-data-public___tmp_rs_resource_NativeAPI_yaca-rs.xml	yaca-devel	x86_64	yaca-0.0.6-0.src.rpm	NO
PUBLIC	yaca	yaca	riscv32	snapshots/sdk/app-rootstrap-native-data-public___tmp_rs_resource_NativeAPI_yaca-rs.xml	yaca	x86_64	yaca-0.0.6-0.src.rpm	NO
PUBLIC	SDL2	SDL2	i686	snapshots/sdk/app-rootstrap-native-data-public___tmp_rs_resource_OSS_SDL2-rs.xml	SDL2	x86_64	SDL2-2.0.14-2.src.rpm	NO
PUBLIC	SDL2	SDL2-devel	i686	snapshots/sdk/app-rootstrap-native-data-public___tmp_rs_resource_OSS_SDL2-rs.xml	SDL2-devel	x86_64	SDL2-2.0.14-2.src.rpm	NO
PUBLIC	SDL2	SDL2	armv7l	snapshots/sdk/app-rootstrap-native-data-public___tmp_rs_resource_OSS_SDL2-rs.xml	SDL2	x86_64	SDL2-2.0.14-2.src.rpm	YES
PUBLIC	SDL2	SDL2-devel	armv7l	snapshots/sdk/app-rootstrap-native-data-public___tmp_rs_resource_OSS_SDL2-rs.xml	SDL2-devel	x86_64	SDL2-2.0.14-2.src.rpm	YES
PUBLIC	SDL2	SDL2	riscv32	snapshots/sdk/app-rootstrap-native-data-public___tmp_rs_resource_OSS_SDL2-rs.xml	SDL2	x86_64	SDL2-2.0.14-2.src.rpm	NO
PUBLIC	SDL2	SDL2-devel	riscv32	snapshots/sdk/app-rootstrap-native-data-public___tmp_rs_resource_OSS_SDL2-rs.xml	SDL2-devel	x86_64	SDL2-2.0.14-2.src.rpm	NO
PUBLIC	gcc	libasan	i686	snapshots/sdk/app-rootstrap-native-data-public___tmp_rs_resource_OSS_baserpm_gcc-rs.xml	libasan	x86_64	gcc-14.2.0-1.13.src.rpm	NO
PUBLIC	gcc	libasan	i686	snapshots/sdk/app-rootstrap-native-data-public___tmp_rs_resource_OSS_baserpm_gcc-rs.xml	libasan	aarch64	gcc-14.2.0-1.15.src.rpm	NO
PUBLIC	gcc	libasan	armv7l	snapshots/sdk/app-rootstrap-native-data-public___tmp_rs_resource_OSS_baserpm_gcc-rs.xml	libasan	x86_64	gcc-14.2.0-1.13.src.rpm	NO
PUBLIC	gcc	libasan	armv7l	snapshots/sdk/app-rootstrap-native-data-public___tmp_rs_resource_OSS_baserpm_gcc-rs.xml	libasan	aarch64	gcc-14.2.0-1.15.src.rpm	YES
PUBLIC	gcc	libasan	riscv32	snapshots/sdk/app-rootstrap-native-data-public___tmp_rs_resource_OSS_baserpm_gcc-rs.xml	libasan	x86_64	gcc-14.2.0-1.13.src.rpm	NO
PUBLIC	gcc	libasan	riscv32	snapshots/sdk/app-rootstrap-native-data-public___tmp_rs_resource_OSS_baserpm_gcc-rs.xml	libasan	aarch64	gcc-14.2.0-1.15.src.rpm	NO
PUBLIC	glibc	glibc	i686	snapshots/sdk/app-rootstrap-native-data-public___tmp_rs_resource_OSS_baserpm_glibc-rs.xml	glibc	x86_64	glibc-2.40-2.8.src.rpm	NO
PUBLIC	glibc	glibc	i686	snapshots/sdk/app-rootstrap-native-data-public___tmp_rs_resource_OSS_baserpm_glibc-rs.xml	glibc	aarch64	glibc-2.40-2.9.src.rpm	NO
PUBLIC	glibc	glibc-devel	i686	snapshots/sdk/app-rootstrap-native-data-public___tmp_rs_resource_OSS_baserpm_glibc-rs.xml	glibc-devel	x86_64	glibc-2.40-2.8.src.rpm	NO
PUBLIC	glibc	glibc-devel	i686	snapshots/sdk/app-rootstrap-native-data-public___tmp_rs_resource_OSS_baserpm_glibc-rs.xml	glibc-devel	aarch64	glibc-2.40-2.9.src.rpm	NO
PUBLIC	glibc	glibc-devel-static	i686	snapshots/sdk/app-rootstrap-native-data-public___tmp_rs_resource_OSS_baserpm_glibc-rs.xml	glibc-devel-static	x86_64	glibc-2.40-2.8.src.rpm	NO
PUBLIC	glibc	glibc-devel-static	i686	snapshots/sdk/app-rootstrap-native-data-public___tmp_rs_resource_OSS_baserpm_glibc-rs.xml	glibc-devel-static	aarch64	glibc-2.40-2.9.src.rpm	NO
PUBLIC	glibc	glibc-devel-utils	i686	snapshots/sdk/app-rootstrap-native-data-public___tmp_rs_resource_OSS_baserpm_glibc-rs.xml	glibc-devel-utils	x86_64	glibc-2.40-2.8.src.rpm	NO
PUBLIC	glibc	glibc-devel-utils	i686	snapshots/sdk/app-rootstrap-native-data-public___tmp_rs_resource_OSS_baserpm_glibc-rs.xml	glibc-devel-utils	aarch64	glibc-2.40-2.9.src.rpm	NO
PUBLIC	glibc	glibc-extra	i686	snapshots/sdk/app-rootstrap-native-data-public___tmp_rs_resource_OSS_baserpm_glibc-rs.xml	glibc-extra	x86_64	glibc-2.40-2.8.src.rpm	NO
PUBLIC	glibc	glibc-extra	i686	snapshots/sdk/app-rootstrap-native-data-public___tmp_rs_resource_OSS_baserpm_glibc-rs.xml	glibc-extra	aarch64	glibc-2.40-2.9.src.rpm	NO
PUBLIC	glibc	glibc-locale	i686	snapshots/sdk/app-rootstrap-native-data-public___tmp_rs_resource_OSS_baserpm_glibc-rs.xml	glibc-locale	x86_64	glibc-2.40-2.8.src.rpm	NO
PUBLIC	glibc	glibc-locale	i686	snapshots/sdk/app-rootstrap-native-data-public___tmp_rs_resource_OSS_baserpm_glibc-rs.xml	glibc-locale	aarch64	glibc-2.40-2.9.src.rpm	NO
PUBLIC	glibc	glibc-profile	i686	snapshots/sdk/app-rootstrap-native-data-public___tmp_rs_resource_OSS_baserpm_glibc-rs.xml	glibc-profile	x86_64	glibc-2.40-2.8.src.rpm	NO
PUBLIC	glibc	glibc-profile	i686	snapshots/sdk/app-rootstrap-native-data-public___tmp_rs_resource_OSS_baserpm_glibc-rs.xml	glibc-profile	aarch64	glibc-2.40-2.9.src.rpm	NO
PUBLIC	glibc	libxcrypt	i686	snapshots/sdk/app-rootstrap-native-data-public___tmp_rs_resource_OSS_baserpm_glibc-rs.xml	libxcrypt	x86_64	libxcrypt-4.4.36-1.13.src.rpm	NO
PUBLIC	glibc	libxcrypt	i686	snapshots/sdk/app-rootstrap-native-data-public___tmp_rs_resource_OSS_baserpm_glibc-rs.xml	libxcrypt	aarch64	libxcrypt-4.4.36-1.15.src.rpm	NO
PUBLIC	glibc	libxcrypt-devel	i686	snapshots/sdk/app-rootstrap-native-data-public___tmp_rs_resource_OSS_baserpm_glibc-rs.xml	libxcrypt-devel	x86_64	libxcrypt-4.4.36-1.13.src.rpm	NO
PUBLIC	glibc	libxcrypt-devel	i686	snapshots/sdk/app-rootstrap-native-data-public___tmp_rs_resource_OSS_baserpm_glibc-rs.xml	libxcrypt-devel	aarch64	libxcrypt-4.4.36-1.15.src.rpm	NO
PUBLIC	glibc	glibc	armv7l	snapshots/sdk/app-rootstrap-native-data-public___tmp_rs_resource_OSS_baserpm_glibc-rs.xml	glibc	x86_64	glibc-2.40-2.8.src.rpm	NO
PUBLIC	glibc	glibc	armv7l	snapshots/sdk/app-rootstrap-native-data-public___tmp_rs_resource_OSS_baserpm_glibc-rs.xml	glibc	aarch64	glibc-2.40-2.9.src.rpm	YES
PUBLIC	glibc	glibc-devel	armv7l	snapshots/sdk/app-rootstrap-native-data-public___tmp_rs_resource_OSS_baserpm_glibc-rs.xml	glibc-devel	x86_64	glibc-2.40-2.8.src.rpm	NO
PUBLIC	glibc	glibc-devel	armv7l	snapshots/sdk/app-rootstrap-native-data-public___tmp_rs_resource_OSS_baserpm_glibc-rs.xml	glibc-devel	aarch64	glibc-2.40-2.9.src.rpm	YES
PUBLIC	glibc	glibc-devel-static	armv7l	snapshots/sdk/app-rootstrap-native-data-public___tmp_rs_resource_OSS_baserpm_glibc-rs.xml	glibc-devel-static	x86_64	glibc-2.40-2.8.src.rpm	NO
PUBLIC	glibc	glibc-devel-static	armv7l	snapshots/sdk/app-rootstrap-native-data-public___tmp_rs_resource_OSS_baserpm_glibc-rs.xml	glibc-devel-static	aarch64	glibc-2.40-2.9.src.rpm	YES
PUBLIC	glibc	glibc-devel-utils	armv7l	snapshots/sdk/app-rootstrap-native-data-public___tmp_rs_resource_OSS_baserpm_glibc-rs.xml	glibc-devel-utils	x86_64	glibc-2.40-2.8.src.rpm	NO
PUBLIC	glibc	glibc-devel-utils	armv7l	snapshots/sdk/app-rootstrap-native-data-public___tmp_rs_resource_OSS_baserpm_glibc-rs.xml	glibc-devel-utils	aarch64	glibc-2.40-2.9.src.rpm	YES
PUBLIC	glibc	glibc-extra	armv7l	snapshots/sdk/app-rootstrap-native-data-public___tmp_rs_resource_OSS_baserpm_glibc-rs.xml	glibc-extra	x86_64	glibc-2.40-2.8.src.rpm	NO
PUBLIC	glibc	glibc-extra	armv7l	snapshots/sdk/app-rootstrap-native-data-public___tmp_rs_resource_OSS_baserpm_glibc-rs.xml	glibc-extra	aarch64	glibc-2.40-2.9.src.rpm	YES
PUBLIC	glibc	glibc-locale	armv7l	snapshots/sdk/app-rootstrap-native-data-public___tmp_rs_resource_OSS_baserpm_glibc-rs.xml	glibc-locale	x86_64	glibc-2.40-2.8.src.rpm	NO
PUBLIC	glibc	glibc-locale	armv7l	snapshots/sdk/app-rootstrap-native-data-public___tmp_rs_resource_OSS_baserpm_glibc-rs.xml	glibc-locale	aarch64	glibc-2.40-2.9.src.rpm	YES
PUBLIC	glibc	glibc-profile	armv7l	snapshots/sdk/app-rootstrap-native-data-public___tmp_rs_resource_OSS_baserpm_glibc-rs.xml	glibc-profile	x86_64	glibc-2.40-2.8.src.rpm	NO
PUBLIC	glibc	glibc-profile	armv7l	snapshots/sdk/app-rootstrap-native-data-public___tmp_rs_resource_OSS_baserpm_glibc-rs.xml	glibc-profile	aarch64	glibc-2.40-2.9.src.rpm	YES
PUBLIC	glibc	libxcrypt	armv7l	snapshots/sdk/app-rootstrap-native-data-public___tmp_rs_resource_OSS_baserpm_glibc-rs.xml	libxcrypt	x86_64	libxcrypt-4.4.36-1.13.src.rpm	NO
PUBLIC	glibc	libxcrypt	armv7l	snapshots/sdk/app-rootstrap-native-data-public___tmp_rs_resource_OSS_baserpm_glibc-rs.xml	libxcrypt	aarch64	libxcrypt-4.4.36-1.15.src.rpm	YES
PUBLIC	glibc	libxcrypt-devel	armv7l	snapshots/sdk/app-rootstrap-native-data-public___tmp_rs_resource_OSS_baserpm_glibc-rs.xml	libxcrypt-devel	x86_64	libxcrypt-4.4.36-1.13.src.rpm	NO
PUBLIC	glibc	libxcrypt-devel	armv7l	snapshots/sdk/app-rootstrap-native-data-public___tmp_rs_resource_OSS_baserpm_glibc-rs.xml	libxcrypt-devel	aarch64	libxcrypt-4.4.36-1.15.src.rpm	YES
PUBLIC	kernel-headers-linux	linux-glibc-devel	i686	snapshots/sdk/app-rootstrap-native-data-public___tmp_rs_resource_OSS_baserpm_kernel-headers-linux-rs.xml	linux-glibc-devel	x86_64	linux-glibc-devel-6.6-1.14.src.rpm	NO
PUBLIC	kernel-headers-linux	linux-glibc-devel	i686	snapshots/sdk/app-rootstrap-native-data-public___tmp_rs_resource_OSS_baserpm_kernel-headers-linux-rs.xml	linux-glibc-devel	aarch64	linux-glibc-devel-6.6-1.16.src.rpm	NO
PUBLIC	kernel-headers-linux	linux-glibc-devel	armv7l	snapshots/sdk/app-rootstrap-native-data-public___tmp_rs_resource_OSS_baserpm_kernel-headers-linux-rs.xml	linux-glibc-devel	x86_64	linux-glibc-devel-6.6-1.14.src.rpm	NO
PUBLIC	kernel-headers-linux	linux-glibc-devel	armv7l	snapshots/sdk/app-rootstrap-native-data-public___tmp_rs_resource_OSS_baserpm_kernel-headers-linux-rs.xml	linux-glibc-devel	aarch64	linux-glibc-devel-6.6-1.16.src.rpm	YES
PUBLIC	kernel-headers-linux	linux-glibc-devel	riscv32	snapshots/sdk/app-rootstrap-native-data-public___tmp_rs_resource_OSS_baserpm_kernel-headers-linux-rs.xml	linux-glibc-devel	x86_64	linux-glibc-devel-6.6-1.14.src.rpm	NO
PUBLIC	kernel-headers-linux	linux-glibc-devel	riscv32	snapshots/sdk/app-rootstrap-native-data-public___tmp_rs_resource_OSS_baserpm_kernel-headers-linux-rs.xml	linux-glibc-devel	aarch64	linux-glibc-devel-6.6-1.16.src.rpm	NO
PUBLIC	libcurl	libcurl	i686	snapshots/sdk/app-rootstrap-native-data-public___tmp_rs_resource_OSS_baserpm_libcurl-rs.xml	libcurl	x86_64	curl-8.11.0-1.2.src.rpm	NO
PUBLIC	libcurl	libcurl	i686	snapshots/sdk/app-rootstrap-native-data-public___tmp_rs_resource_OSS_baserpm_libcurl-rs.xml	libcurl	armv7l	curl-8.11.0-1.3.src.rpm	NO
PUBLIC	libcurl	libcurl-devel	i686	snapshots/sdk/app-rootstrap-native-data-public___tmp_rs_resource_OSS_baserpm_libcurl-rs.xml	libcurl-devel	x86_64	curl-8.11.0-1.2.src.rpm	NO
PUBLIC	libcurl	libcurl-devel	i686	snapshots/sdk/app-rootstrap-native-data-public___tmp_rs_resource_OSS_baserpm_libcurl-rs.xml	libcurl-devel	armv7l	curl-8.11.0-1.3.src.rpm	NO
PUBLIC	libcurl	libcurl	armv7l	snapshots/sdk/app-rootstrap-native-data-public___tmp_rs_resource_OSS_baserpm_libcurl-rs.xml	libcurl	x86_64	curl-8.11.0-1.2.src.rpm	NO
PUBLIC	libcurl	libcurl	armv7l	snapshots/sdk/app-rootstrap-native-data-public___tmp_rs_resource_OSS_baserpm_libcurl-rs.xml	libcurl	armv7l	curl-8.11.0-1.3.src.rpm	YES
PUBLIC	libcurl	libcurl-devel	armv7l	snapshots/sdk/app-rootstrap-native-data-public___tmp_rs_resource_OSS_baserpm_libcurl-rs.xml	libcurl-devel	x86_64	curl-8.11.0-1.2.src.rpm	NO
PUBLIC	libcurl	libcurl-devel	armv7l	snapshots/sdk/app-rootstrap-native-data-public___tmp_rs_resource_OSS_baserpm_libcurl-rs.xml	libcurl-devel	armv7l	curl-8.11.0-1.3.src.rpm	YES
PUBLIC	libcurl	libcurl	riscv32	snapshots/sdk/app-rootstrap-native-data-public___tmp_rs_resource_OSS_baserpm_libcurl-rs.xml	libcurl	x86_64	curl-8.11.0-1.2.src.rpm	NO
PUBLIC	libcurl	libcurl	riscv32	snapshots/sdk/app-rootstrap-native-data-public___tmp_rs_resource_OSS_baserpm_libcurl-rs.xml	libcurl	armv7l	curl-8.11.0-1.3.src.rpm	NO
PUBLIC	libcurl	libcurl-devel	riscv32	snapshots/sdk/app-rootstrap-native-data-public___tmp_rs_resource_OSS_baserpm_libcurl-rs.xml	libcurl-devel	x86_64	curl-8.11.0-1.2.src.rpm	NO
PUBLIC	libcurl	libcurl-devel	riscv32	snapshots/sdk/app-rootstrap-native-data-public___tmp_rs_resource_OSS_baserpm_libcurl-rs.xml	libcurl-devel	armv7l	curl-8.11.0-1.3.src.rpm	NO
PUBLIC	libgcc	libgcc	i686	snapshots/sdk/app-rootstrap-native-data-public___tmp_rs_resource_OSS_baserpm_libgcc-rs.xml	libgcc	x86_64	gcc-14.2.0-1.13.src.rpm	NO
PUBLIC	libgcc	libgcc	i686	snapshots/sdk/app-rootstrap-native-data-public___tmp_rs_resource_OSS_baserpm_libgcc-rs.xml	libgcc	aarch64	gcc-14.2.0-1.15.src.rpm	NO
PUBLIC	libgcc	libgcc	armv7l	snapshots/sdk/app-rootstrap-native-data-public___tmp_rs_resource_OSS_baserpm_libgcc-rs.xml	libgcc	x86_64	gcc-14.2.0-1.13.src.rpm	NO
PUBLIC	libgcc	libgcc	armv7l	snapshots/sdk/app-rootstrap-native-data-public___tmp_rs_resource_OSS_baserpm_libgcc-rs.xml	libgcc	aarch64	gcc-14.2.0-1.15.src.rpm	YES
PUBLIC	libgcc	libgcc	riscv32	snapshots/sdk/app-rootstrap-native-data-public___tmp_rs_resource_OSS_baserpm_libgcc-rs.xml	libgcc	x86_64	gcc-14.2.0-1.13.src.rpm	NO
PUBLIC	libgcc	libgcc	riscv32	snapshots/sdk/app-rootstrap-native-data-public___tmp_rs_resource_OSS_baserpm_libgcc-rs.xml	libgcc	aarch64	gcc-14.2.0-1.15.src.rpm	NO
PUBLIC	libicu	libicu	i686	snapshots/sdk/app-rootstrap-native-data-public___tmp_rs_resource_OSS_baserpm_libicu-rs.xml	libicu	x86_64	icu-78.1-1.4.src.rpm	NO
PUBLIC	libicu	libicu	i686	snapshots/sdk/app-rootstrap-native-data-public___tmp_rs_resource_OSS_baserpm_libicu-rs.xml	libicu	aarch64	icu-78.1-1.5.src.rpm	NO
PUBLIC	libicu	libicu-devel	i686	snapshots/sdk/app-rootstrap-native-data-public___tmp_rs_resource_OSS_baserpm_libicu-rs.xml	libicu-devel	x86_64	icu-78.1-1.4.src.rpm	NO
PUBLIC	libicu	libicu-devel	i686	snapshots/sdk/app-rootstrap-native-data-public___tmp_rs_resource_OSS_baserpm_libicu-rs.xml	libicu-devel	aarch64	icu-78.1-1.5.src.rpm	NO
PUBLIC	libicu	libicu	armv7l	snapshots/sdk/app-rootstrap-native-data-public___tmp_rs_resource_OSS_baserpm_libicu-rs.xml	libicu	x86_64	icu-78.1-1.4.src.rpm	NO
PUBLIC	libicu	libicu	armv7l	snapshots/sdk/app-rootstrap-native-data-public___tmp_rs_resource_OSS_baserpm_libicu-rs.xml	libicu	aarch64	icu-78.1-1.5.src.rpm	YES
PUBLIC	libicu	libicu-devel	armv7l	snapshots/sdk/app-rootstrap-native-data-public___tmp_rs_resource_OSS_baserpm_libicu-rs.xml	libicu-devel	x86_64	icu-78.1-1.4.src.rpm	NO
PUBLIC	libicu	libicu-devel	armv7l	snapshots/sdk/app-rootstrap-native-data-public___tmp_rs_resource_OSS_baserpm_libicu-rs.xml	libicu-devel	aarch64	icu-78.1-1.5.src.rpm	YES
PUBLIC	libicu	libicu	riscv32	snapshots/sdk/app-rootstrap-native-data-public___tmp_rs_resource_OSS_baserpm_libicu-rs.xml	libicu	x86_64	icu-78.1-1.4.src.rpm	NO
PUBLIC	libicu	libicu	riscv32	snapshots/sdk/app-rootstrap-native-data-public___tmp_rs_resource_OSS_baserpm_libicu-rs.xml	libicu	aarch64	icu-78.1-1.5.src.rpm	NO
PUBLIC	libicu	libicu-devel	riscv32	snapshots/sdk/app-rootstrap-native-data-public___tmp_rs_resource_OSS_baserpm_libicu-rs.xml	libicu-devel	x86_64	icu-78.1-1.4.src.rpm	NO
PUBLIC	libicu	libicu-devel	riscv32	snapshots/sdk/app-rootstrap-native-data-public___tmp_rs_resource_OSS_baserpm_libicu-rs.xml	libicu-devel	aarch64	icu-78.1-1.5.src.rpm	NO
PUBLIC	libstdc	libstdc++	i686	snapshots/sdk/app-rootstrap-native-data-public___tmp_rs_resource_OSS_baserpm_libstdc-rs.xml	libstdc++	x86_64	gcc-14.2.0-1.13.src.rpm	NO
PUBLIC	libstdc	libstdc++	i686	snapshots/sdk/app-rootstrap-native-data-public___tmp_rs_resource_OSS_baserpm_libstdc-rs.xml	libstdc++	aarch64	gcc-14.2.0-1.15.src.rpm	NO
PUBLIC	libstdc	libstdc++-devel	i686	snapshots/sdk/app-rootstrap-native-data-public___tmp_rs_resource_OSS_baserpm_libstdc-rs.xml	libstdc++-devel	x86_64	gcc-14.2.0-1.13.src.rpm	NO
PUBLIC	libstdc	libstdc++-devel	i686	snapshots/sdk/app-rootstrap-native-data-public___tmp_rs_resource_OSS_baserpm_libstdc-rs.xml	libstdc++-devel	aarch64	gcc-14.2.0-1.15.src.rpm	NO
PUBLIC	libstdc	libstdc++	armv7l	snapshots/sdk/app-rootstrap-native-data-public___tmp_rs_resource_OSS_baserpm_libstdc-rs.xml	libstdc++	x86_64	gcc-14.2.0-1.13.src.rpm	NO
PUBLIC	libstdc	libstdc++	armv7l	snapshots/sdk/app-rootstrap-native-data-public___tmp_rs_resource_OSS_baserpm_libstdc-rs.xml	libstdc++	aarch64	gcc-14.2.0-1.15.src.rpm	YES
PUBLIC	libstdc	libstdc++-devel	armv7l	snapshots/sdk/app-rootstrap-native-data-public___tmp_rs_resource_OSS_baserpm_libstdc-rs.xml	libstdc++-devel	x86_64	gcc-14.2.0-1.13.src.rpm	NO
PUBLIC	libstdc	libstdc++-devel	armv7l	snapshots/sdk/app-rootstrap-native-data-public___tmp_rs_resource_OSS_baserpm_libstdc-rs.xml	libstdc++-devel	aarch64	gcc-14.2.0-1.15.src.rpm	YES
PUBLIC	libstdc	libstdc++	riscv32	snapshots/sdk/app-rootstrap-native-data-public___tmp_rs_resource_OSS_baserpm_libstdc-rs.xml	libstdc++	x86_64	gcc-14.2.0-1.13.src.rpm	NO
PUBLIC	libstdc	libstdc++	riscv32	snapshots/sdk/app-rootstrap-native-data-public___tmp_rs_resource_OSS_baserpm_libstdc-rs.xml	libstdc++	aarch64	gcc-14.2.0-1.15.src.rpm	NO
PUBLIC	libstdc	libstdc++-devel	riscv32	snapshots/sdk/app-rootstrap-native-data-public___tmp_rs_resource_OSS_baserpm_libstdc-rs.xml	libstdc++-devel	x86_64	gcc-14.2.0-1.13.src.rpm	NO
PUBLIC	libstdc	libstdc++-devel	riscv32	snapshots/sdk/app-rootstrap-native-data-public___tmp_rs_resource_OSS_baserpm_libstdc-rs.xml	libstdc++-devel	aarch64	gcc-14.2.0-1.15.src.rpm	NO
PUBLIC	libxml2	libxml2	i686	snapshots/sdk/app-rootstrap-native-data-public___tmp_rs_resource_OSS_baserpm_libxml2-rs.xml	libxml2	x86_64	libxml2-2.15.1-1.13.src.rpm	NO
PUBLIC	libxml2	libxml2	i686	snapshots/sdk/app-rootstrap-native-data-public___tmp_rs_resource_OSS_baserpm_libxml2-rs.xml	libxml2	aarch64	libxml2-2.15.1-1.15.src.rpm	NO
PUBLIC	libxml2	libxml2-devel	i686	snapshots/sdk/app-rootstrap-native-data-public___tmp_rs_resource_OSS_baserpm_libxml2-rs.xml	libxml2-devel	x86_64	libxml2-2.15.1-1.13.src.rpm	NO
PUBLIC	libxml2	libxml2-devel	i686	snapshots/sdk/app-rootstrap-native-data-public___tmp_rs_resource_OSS_baserpm_libxml2-rs.xml	libxml2-devel	aarch64	libxml2-2.15.1-1.15.src.rpm	NO
PUBLIC	libxml2	libxml2	armv7l	snapshots/sdk/app-rootstrap-native-data-public___tmp_rs_resource_OSS_baserpm_libxml2-rs.xml	libxml2	x86_64	libxml2-2.15.1-1.13.src.rpm	NO
PUBLIC	libxml2	libxml2	armv7l	snapshots/sdk/app-rootstrap-native-data-public___tmp_rs_resource_OSS_baserpm_libxml2-rs.xml	libxml2	aarch64	libxml2-2.15.1-1.15.src.rpm	YES
PUBLIC	libxml2	libxml2-devel	armv7l	snapshots/sdk/app-rootstrap-native-data-public___tmp_rs_resource_OSS_baserpm_libxml2-rs.xml	libxml2-devel	x86_64	libxml2-2.15.1-1.13.src.rpm	NO
PUBLIC	libxml2	libxml2-devel	armv7l	snapshots/sdk/app-rootstrap-native-data-public___tmp_rs_resource_OSS_baserpm_libxml2-rs.xml	libxml2-devel	aarch64	libxml2-2.15.1-1.15.src.rpm	YES
PUBLIC	libxml2	libxml2	riscv32	snapshots/sdk/app-rootstrap-native-data-public___tmp_rs_resource_OSS_baserpm_libxml2-rs.xml	libxml2	x86_64	libxml2-2.15.1-1.13.src.rpm	NO
PUBLIC	libxml2	libxml2	riscv32	snapshots/sdk/app-rootstrap-native-data-public___tmp_rs_resource_OSS_baserpm_libxml2-rs.xml	libxml2	aarch64	libxml2-2.15.1-1.15.src.rpm	NO
PUBLIC	libxml2	libxml2-devel	riscv32	snapshots/sdk/app-rootstrap-native-data-public___tmp_rs_resource_OSS_baserpm_libxml2-rs.xml	libxml2-devel	x86_64	libxml2-2.15.1-1.13.src.rpm	NO
PUBLIC	libxml2	libxml2-devel	riscv32	snapshots/sdk/app-rootstrap-native-data-public___tmp_rs_resource_OSS_baserpm_libxml2-rs.xml	libxml2-devel	aarch64	libxml2-2.15.1-1.15.src.rpm	NO
PUBLIC	minizip	minizip	i686	snapshots/sdk/app-rootstrap-native-data-public___tmp_rs_resource_OSS_baserpm_minizip-rs.xml	minizip	x86_64	zlib-1.3.1-1.14.src.rpm	NO
PUBLIC	minizip	minizip	i686	snapshots/sdk/app-rootstrap-native-data-public___tmp_rs_resource_OSS_baserpm_minizip-rs.xml	minizip	aarch64	zlib-1.3.1-1.16.src.rpm	NO
PUBLIC	minizip	minizip-devel	i686	snapshots/sdk/app-rootstrap-native-data-public___tmp_rs_resource_OSS_baserpm_minizip-rs.xml	minizip-devel	x86_64	zlib-1.3.1-1.14.src.rpm	NO
PUBLIC	minizip	minizip-devel	i686	snapshots/sdk/app-rootstrap-native-data-public___tmp_rs_resource_OSS_baserpm_minizip-rs.xml	minizip-devel	aarch64	zlib-1.3.1-1.16.src.rpm	NO
PUBLIC	minizip	minizip	armv7l	snapshots/sdk/app-rootstrap-native-data-public___tmp_rs_resource_OSS_baserpm_minizip-rs.xml	minizip	x86_64	zlib-1.3.1-1.14.src.rpm	NO
PUBLIC	minizip	minizip	armv7l	snapshots/sdk/app-rootstrap-native-data-public___tmp_rs_resource_OSS_baserpm_minizip-rs.xml	minizip	aarch64	zlib-1.3.1-1.16.src.rpm	YES
PUBLIC	minizip	minizip-devel	armv7l	snapshots/sdk/app-rootstrap-native-data-public___tmp_rs_resource_OSS_baserpm_minizip-rs.xml	minizip-devel	x86_64	zlib-1.3.1-1.14.src.rpm	NO
PUBLIC	minizip	minizip-devel	armv7l	snapshots/sdk/app-rootstrap-native-data-public___tmp_rs_resource_OSS_baserpm_minizip-rs.xml	minizip-devel	aarch64	zlib-1.3.1-1.16.src.rpm	YES
PUBLIC	minizip	minizip	riscv32	snapshots/sdk/app-rootstrap-native-data-public___tmp_rs_resource_OSS_baserpm_minizip-rs.xml	minizip	x86_64	zlib-1.3.1-1.14.src.rpm	NO
PUBLIC	minizip	minizip	riscv32	snapshots/sdk/app-rootstrap-native-data-public___tmp_rs_resource_OSS_baserpm_minizip-rs.xml	minizip	aarch64	zlib-1.3.1-1.16.src.rpm	NO
PUBLIC	minizip	minizip-devel	riscv32	snapshots/sdk/app-rootstrap-native-data-public___tmp_rs_resource_OSS_baserpm_minizip-rs.xml	minizip-devel	x86_64	zlib-1.3.1-1.14.src.rpm	NO
PUBLIC	minizip	minizip-devel	riscv32	snapshots/sdk/app-rootstrap-native-data-public___tmp_rs_resource_OSS_baserpm_minizip-rs.xml	minizip-devel	aarch64	zlib-1.3.1-1.16.src.rpm	NO
PUBLIC	openssl	openssl3	i686	snapshots/sdk/app-rootstrap-native-data-public___tmp_rs_resource_OSS_baserpm_openssl-rs.xml	openssl3	aarch64	openssl3-3.5.5-1.10.src.rpm	NO
PUBLIC	openssl	openssl3	i686	snapshots/sdk/app-rootstrap-native-data-public___tmp_rs_resource_OSS_baserpm_openssl-rs.xml	openssl3	x86_64	openssl3-3.5.5-1.8.src.rpm	NO
PUBLIC	openssl	libopenssl3	i686	snapshots/sdk/app-rootstrap-native-data-public___tmp_rs_resource_OSS_baserpm_openssl-rs.xml	libopenssl3	aarch64	openssl3-3.5.5-1.10.src.rpm	NO
PUBLIC	openssl	libopenssl3	i686	snapshots/sdk/app-rootstrap-native-data-public___tmp_rs_resource_OSS_baserpm_openssl-rs.xml	libopenssl3	x86_64	openssl3-3.5.5-1.8.src.rpm	NO
PUBLIC	openssl	libopenssl3-devel	i686	snapshots/sdk/app-rootstrap-native-data-public___tmp_rs_resource_OSS_baserpm_openssl-rs.xml	libopenssl3-devel	aarch64	openssl3-3.5.5-1.10.src.rpm	NO
PUBLIC	openssl	libopenssl3-devel	i686	snapshots/sdk/app-rootstrap-native-data-public___tmp_rs_resource_OSS_baserpm_openssl-rs.xml	libopenssl3-devel	x86_64	openssl3-3.5.5-1.8.src.rpm	NO
PUBLIC	openssl	openssl3	armv7l	snapshots/sdk/app-rootstrap-native-data-public___tmp_rs_resource_OSS_baserpm_openssl-rs.xml	openssl3	aarch64	openssl3-3.5.5-1.10.src.rpm	YES
PUBLIC	openssl	openssl3	armv7l	snapshots/sdk/app-rootstrap-native-data-public___tmp_rs_resource_OSS_baserpm_openssl-rs.xml	openssl3	x86_64	openssl3-3.5.5-1.8.src.rpm	NO
PUBLIC	openssl	libopenssl3	armv7l	snapshots/sdk/app-rootstrap-native-data-public___tmp_rs_resource_OSS_baserpm_openssl-rs.xml	libopenssl3	aarch64	openssl3-3.5.5-1.10.src.rpm	YES
PUBLIC	openssl	libopenssl3	armv7l	snapshots/sdk/app-rootstrap-native-data-public___tmp_rs_resource_OSS_baserpm_openssl-rs.xml	libopenssl3	x86_64	openssl3-3.5.5-1.8.src.rpm	NO
PUBLIC	openssl	libopenssl3-devel	armv7l	snapshots/sdk/app-rootstrap-native-data-public___tmp_rs_resource_OSS_baserpm_openssl-rs.xml	libopenssl3-devel	aarch64	openssl3-3.5.5-1.10.src.rpm	YES
PUBLIC	openssl	libopenssl3-devel	armv7l	snapshots/sdk/app-rootstrap-native-data-public___tmp_rs_resource_OSS_baserpm_openssl-rs.xml	libopenssl3-devel	x86_64	openssl3-3.5.5-1.8.src.rpm	NO
PUBLIC	openssl	openssl3	riscv32	snapshots/sdk/app-rootstrap-native-data-public___tmp_rs_resource_OSS_baserpm_openssl-rs.xml	openssl3	aarch64	openssl3-3.5.5-1.10.src.rpm	NO
PUBLIC	openssl	openssl3	riscv32	snapshots/sdk/app-rootstrap-native-data-public___tmp_rs_resource_OSS_baserpm_openssl-rs.xml	openssl3	x86_64	openssl3-3.5.5-1.8.src.rpm	NO
PUBLIC	openssl	libopenssl3	riscv32	snapshots/sdk/app-rootstrap-native-data-public___tmp_rs_resource_OSS_baserpm_openssl-rs.xml	libopenssl3	aarch64	openssl3-3.5.5-1.10.src.rpm	NO
PUBLIC	openssl	libopenssl3	riscv32	snapshots/sdk/app-rootstrap-native-data-public___tmp_rs_resource_OSS_baserpm_openssl-rs.xml	libopenssl3	x86_64	openssl3-3.5.5-1.8.src.rpm	NO
PUBLIC	openssl	libopenssl3-devel	riscv32	snapshots/sdk/app-rootstrap-native-data-public___tmp_rs_resource_OSS_baserpm_openssl-rs.xml	libopenssl3-devel	aarch64	openssl3-3.5.5-1.10.src.rpm	NO
PUBLIC	openssl	libopenssl3-devel	riscv32	snapshots/sdk/app-rootstrap-native-data-public___tmp_rs_resource_OSS_baserpm_openssl-rs.xml	libopenssl3-devel	x86_64	openssl3-3.5.5-1.8.src.rpm	NO
PUBLIC	sqlite	libsqlite	i686	snapshots/sdk/app-rootstrap-native-data-public___tmp_rs_resource_OSS_baserpm_sqlite-rs.xml	libsqlite	x86_64	sqlite-3.51.0-1.14.src.rpm	NO
PUBLIC	sqlite	libsqlite	i686	snapshots/sdk/app-rootstrap-native-data-public___tmp_rs_resource_OSS_baserpm_sqlite-rs.xml	libsqlite	aarch64	sqlite-3.51.0-1.16.src.rpm	NO
PUBLIC	sqlite	sqlite	i686	snapshots/sdk/app-rootstrap-native-data-public___tmp_rs_resource_OSS_baserpm_sqlite-rs.xml	sqlite	x86_64	sqlite-3.51.0-1.14.src.rpm	NO
PUBLIC	sqlite	sqlite	i686	snapshots/sdk/app-rootstrap-native-data-public___tmp_rs_resource_OSS_baserpm_sqlite-rs.xml	sqlite	aarch64	sqlite-3.51.0-1.16.src.rpm	NO
PUBLIC	sqlite	sqlite-devel	i686	snapshots/sdk/app-rootstrap-native-data-public___tmp_rs_resource_OSS_baserpm_sqlite-rs.xml	sqlite-devel	x86_64	sqlite-3.51.0-1.14.src.rpm	NO
PUBLIC	sqlite	sqlite-devel	i686	snapshots/sdk/app-rootstrap-native-data-public___tmp_rs_resource_OSS_baserpm_sqlite-rs.xml	sqlite-devel	aarch64	sqlite-3.51.0-1.16.src.rpm	NO
PUBLIC	sqlite	libsqlite	armv7l	snapshots/sdk/app-rootstrap-native-data-public___tmp_rs_resource_OSS_baserpm_sqlite-rs.xml	libsqlite	x86_64	sqlite-3.51.0-1.14.src.rpm	NO
PUBLIC	sqlite	libsqlite	armv7l	snapshots/sdk/app-rootstrap-native-data-public___tmp_rs_resource_OSS_baserpm_sqlite-rs.xml	libsqlite	aarch64	sqlite-3.51.0-1.16.src.rpm	YES
PUBLIC	sqlite	sqlite	armv7l	snapshots/sdk/app-rootstrap-native-data-public___tmp_rs_resource_OSS_baserpm_sqlite-rs.xml	sqlite	x86_64	sqlite-3.51.0-1.14.src.rpm	NO
PUBLIC	sqlite	sqlite	armv7l	snapshots/sdk/app-rootstrap-native-data-public___tmp_rs_resource_OSS_baserpm_sqlite-rs.xml	sqlite	aarch64	sqlite-3.51.0-1.16.src.rpm	YES
PUBLIC	sqlite	sqlite-devel	armv7l	snapshots/sdk/app-rootstrap-native-data-public___tmp_rs_resource_OSS_baserpm_sqlite-rs.xml	sqlite-devel	x86_64	sqlite-3.51.0-1.14.src.rpm	NO
PUBLIC	sqlite	sqlite-devel	armv7l	snapshots/sdk/app-rootstrap-native-data-public___tmp_rs_resource_OSS_baserpm_sqlite-rs.xml	sqlite-devel	aarch64	sqlite-3.51.0-1.16.src.rpm	YES
PUBLIC	sqlite	libsqlite	riscv32	snapshots/sdk/app-rootstrap-native-data-public___tmp_rs_resource_OSS_baserpm_sqlite-rs.xml	libsqlite	x86_64	sqlite-3.51.0-1.14.src.rpm	NO
PUBLIC	sqlite	libsqlite	riscv32	snapshots/sdk/app-rootstrap-native-data-public___tmp_rs_resource_OSS_baserpm_sqlite-rs.xml	libsqlite	aarch64	sqlite-3.51.0-1.16.src.rpm	NO
PUBLIC	sqlite	sqlite	riscv32	snapshots/sdk/app-rootstrap-native-data-public___tmp_rs_resource_OSS_baserpm_sqlite-rs.xml	sqlite	x86_64	sqlite-3.51.0-1.14.src.rpm	NO
PUBLIC	sqlite	sqlite	riscv32	snapshots/sdk/app-rootstrap-native-data-public___tmp_rs_resource_OSS_baserpm_sqlite-rs.xml	sqlite	aarch64	sqlite-3.51.0-1.16.src.rpm	NO
PUBLIC	sqlite	sqlite-devel	riscv32	snapshots/sdk/app-rootstrap-native-data-public___tmp_rs_resource_OSS_baserpm_sqlite-rs.xml	sqlite-devel	x86_64	sqlite-3.51.0-1.14.src.rpm	NO
PUBLIC	sqlite	sqlite-devel	riscv32	snapshots/sdk/app-rootstrap-native-data-public___tmp_rs_resource_OSS_baserpm_sqlite-rs.xml	sqlite-devel	aarch64	sqlite-3.51.0-1.16.src.rpm	NO
PUBLIC	zlib	zlib	i686	snapshots/sdk/app-rootstrap-native-data-public___tmp_rs_resource_OSS_baserpm_zlib-rs.xml	zlib	x86_64	zlib-1.3.1-1.14.src.rpm	NO
PUBLIC	zlib	zlib	i686	snapshots/sdk/app-rootstrap-native-data-public___tmp_rs_resource_OSS_baserpm_zlib-rs.xml	zlib	aarch64	zlib-1.3.1-1.16.src.rpm	NO
PUBLIC	zlib	zlib-devel	i686	snapshots/sdk/app-rootstrap-native-data-public___tmp_rs_resource_OSS_baserpm_zlib-rs.xml	zlib-devel	x86_64	zlib-1.3.1-1.14.src.rpm	NO
PUBLIC	zlib	zlib-devel	i686	snapshots/sdk/app-rootstrap-native-data-public___tmp_rs_resource_OSS_baserpm_zlib-rs.xml	zlib-devel	aarch64	zlib-1.3.1-1.16.src.rpm	NO
PUBLIC	zlib	zlib	armv7l	snapshots/sdk/app-rootstrap-native-data-public___tmp_rs_resource_OSS_baserpm_zlib-rs.xml	zlib	x86_64	zlib-1.3.1-1.14.src.rpm	NO
PUBLIC	zlib	zlib	armv7l	snapshots/sdk/app-rootstrap-native-data-public___tmp_rs_resource_OSS_baserpm_zlib-rs.xml	zlib	aarch64	zlib-1.3.1-1.16.src.rpm	YES
PUBLIC	zlib	zlib-devel	armv7l	snapshots/sdk/app-rootstrap-native-data-public___tmp_rs_resource_OSS_baserpm_zlib-rs.xml	zlib-devel	x86_64	zlib-1.3.1-1.14.src.rpm	NO
PUBLIC	zlib	zlib-devel	armv7l	snapshots/sdk/app-rootstrap-native-data-public___tmp_rs_resource_OSS_baserpm_zlib-rs.xml	zlib-devel	aarch64	zlib-1.3.1-1.16.src.rpm	YES
PUBLIC	zlib	zlib	riscv32	snapshots/sdk/app-rootstrap-native-data-public___tmp_rs_resource_OSS_baserpm_zlib-rs.xml	zlib	x86_64	zlib-1.3.1-1.14.src.rpm	NO
PUBLIC	zlib	zlib	riscv32	snapshots/sdk/app-rootstrap-native-data-public___tmp_rs_resource_OSS_baserpm_zlib-rs.xml	zlib	aarch64	zlib-1.3.1-1.16.src.rpm	NO
PUBLIC	zlib	zlib-devel	riscv32	snapshots/sdk/app-rootstrap-native-data-public___tmp_rs_resource_OSS_baserpm_zlib-rs.xml	zlib-devel	x86_64	zlib-1.3.1-1.14.src.rpm	NO
PUBLIC	zlib	zlib-devel	riscv32	snapshots/sdk/app-rootstrap-native-data-public___tmp_rs_resource_OSS_baserpm_zlib-rs.xml	zlib-devel	aarch64	zlib-1.3.1-1.16.src.rpm	NO
PUBLIC	coregl	coregl	i686	snapshots/sdk/app-rootstrap-native-data-public___tmp_rs_resource_OSS_coregl-rs.xml	coregl	x86_64	coregl-0.4.0-0.src.rpm	NO
PUBLIC	coregl	coregl-devel	i686	snapshots/sdk/app-rootstrap-native-data-public___tmp_rs_resource_OSS_coregl-rs.xml	coregl-devel	x86_64	coregl-0.4.0-0.src.rpm	NO
PUBLIC	coregl	coregl	armv7l	snapshots/sdk/app-rootstrap-native-data-public___tmp_rs_resource_OSS_coregl-rs.xml	coregl	x86_64	coregl-0.4.0-0.src.rpm	YES
PUBLIC	coregl	coregl-devel	armv7l	snapshots/sdk/app-rootstrap-native-data-public___tmp_rs_resource_OSS_coregl-rs.xml	coregl-devel	x86_64	coregl-0.4.0-0.src.rpm	YES
PUBLIC	fontconfig	fontconfig	i686	snapshots/sdk/app-rootstrap-native-data-public___tmp_rs_resource_OSS_fontconfig-rs.xml	fontconfig	x86_64	fontconfig-2.14.2-1.src.rpm	NO
PUBLIC	fontconfig	fontconfig-devel	i686	snapshots/sdk/app-rootstrap-native-data-public___tmp_rs_resource_OSS_fontconfig-rs.xml	fontconfig-devel	x86_64	fontconfig-2.14.2-1.src.rpm	NO
PUBLIC	fontconfig	fontconfig	armv7l	snapshots/sdk/app-rootstrap-native-data-public___tmp_rs_resource_OSS_fontconfig-rs.xml	fontconfig	x86_64	fontconfig-2.14.2-1.src.rpm	YES
PUBLIC	fontconfig	fontconfig-devel	armv7l	snapshots/sdk/app-rootstrap-native-data-public___tmp_rs_resource_OSS_fontconfig-rs.xml	fontconfig-devel	x86_64	fontconfig-2.14.2-1.src.rpm	YES
PUBLIC	fontconfig	fontconfig	riscv32	snapshots/sdk/app-rootstrap-native-data-public___tmp_rs_resource_OSS_fontconfig-rs.xml	fontconfig	x86_64	fontconfig-2.14.2-1.src.rpm	NO
PUBLIC	fontconfig	fontconfig-devel	riscv32	snapshots/sdk/app-rootstrap-native-data-public___tmp_rs_resource_OSS_fontconfig-rs.xml	fontconfig-devel	x86_64	fontconfig-2.14.2-1.src.rpm	NO
PUBLIC	freetype	libfreetype	i686	snapshots/sdk/app-rootstrap-native-data-public___tmp_rs_resource_OSS_freetype-rs.xml	libfreetype	x86_64	freetype2-2.13.2-1.src.rpm	NO
PUBLIC	freetype	freetype2-devel	i686	snapshots/sdk/app-rootstrap-native-data-public___tmp_rs_resource_OSS_freetype-rs.xml	freetype2-devel	x86_64	freetype2-2.13.2-1.src.rpm	NO
PUBLIC	freetype	libfreetype	armv7l	snapshots/sdk/app-rootstrap-native-data-public___tmp_rs_resource_OSS_freetype-rs.xml	libfreetype	x86_64	freetype2-2.13.2-1.src.rpm	YES
PUBLIC	freetype	freetype2-devel	armv7l	snapshots/sdk/app-rootstrap-native-data-public___tmp_rs_resource_OSS_freetype-rs.xml	freetype2-devel	x86_64	freetype2-2.13.2-1.src.rpm	YES
PUBLIC	freetype	libfreetype	riscv32	snapshots/sdk/app-rootstrap-native-data-public___tmp_rs_resource_OSS_freetype-rs.xml	libfreetype	x86_64	freetype2-2.13.2-1.src.rpm	NO
PUBLIC	freetype	freetype2-devel	riscv32	snapshots/sdk/app-rootstrap-native-data-public___tmp_rs_resource_OSS_freetype-rs.xml	freetype2-devel	x86_64	freetype2-2.13.2-1.src.rpm	NO
PUBLIC	glib2.0	glib2-devel	i686	snapshots/sdk/app-rootstrap-native-data-public___tmp_rs_resource_OSS_glib2-rs.xml	glib2-devel	x86_64	glib2-2.80.5-0.src.rpm	NO
PUBLIC	glib2.0	glib2-devel-static	i686	snapshots/sdk/app-rootstrap-native-data-public___tmp_rs_resource_OSS_glib2-rs.xml	glib2-devel-static	x86_64	glib2-2.80.5-0.src.rpm	NO
PUBLIC	glib2.0	libgio	i686	snapshots/sdk/app-rootstrap-native-data-public___tmp_rs_resource_OSS_glib2-rs.xml	libgio	x86_64	glib2-2.80.5-0.src.rpm	NO
PUBLIC	glib2.0	libglib	i686	snapshots/sdk/app-rootstrap-native-data-public___tmp_rs_resource_OSS_glib2-rs.xml	libglib	x86_64	glib2-2.80.5-0.src.rpm	NO
PUBLIC	glib2.0	libgmodule	i686	snapshots/sdk/app-rootstrap-native-data-public___tmp_rs_resource_OSS_glib2-rs.xml	libgmodule	x86_64	glib2-2.80.5-0.src.rpm	NO
PUBLIC	glib2.0	libgobject	i686	snapshots/sdk/app-rootstrap-native-data-public___tmp_rs_resource_OSS_glib2-rs.xml	libgobject	x86_64	glib2-2.80.5-0.src.rpm	NO
PUBLIC	glib2.0	libgthread	i686	snapshots/sdk/app-rootstrap-native-data-public___tmp_rs_resource_OSS_glib2-rs.xml	libgthread	x86_64	glib2-2.80.5-0.src.rpm	NO
PUBLIC	glib2.0	glib2-devel	armv7l	snapshots/sdk/app-rootstrap-native-data-public___tmp_rs_resource_OSS_glib2-rs.xml	glib2-devel	x86_64	glib2-2.80.5-0.src.rpm	YES
PUBLIC	glib2.0	glib2-devel-static	armv7l	snapshots/sdk/app-rootstrap-native-data-public___tmp_rs_resource_OSS_glib2-rs.xml	glib2-devel-static	x86_64	glib2-2.80.5-0.src.rpm	YES
PUBLIC	glib2.0	libgio	armv7l	snapshots/sdk/app-rootstrap-native-data-public___tmp_rs_resource_OSS_glib2-rs.xml	libgio	x86_64	glib2-2.80.5-0.src.rpm	YES
PUBLIC	glib2.0	libglib	armv7l	snapshots/sdk/app-rootstrap-native-data-public___tmp_rs_resource_OSS_glib2-rs.xml	libglib	x86_64	glib2-2.80.5-0.src.rpm	YES
PUBLIC	glib2.0	libgmodule	armv7l	snapshots/sdk/app-rootstrap-native-data-public___tmp_rs_resource_OSS_glib2-rs.xml	libgmodule	x86_64	glib2-2.80.5-0.src.rpm	YES
PUBLIC	glib2.0	libgobject	armv7l	snapshots/sdk/app-rootstrap-native-data-public___tmp_rs_resource_OSS_glib2-rs.xml	libgobject	x86_64	glib2-2.80.5-0.src.rpm	YES
PUBLIC	glib2.0	libgthread	armv7l	snapshots/sdk/app-rootstrap-native-data-public___tmp_rs_resource_OSS_glib2-rs.xml	libgthread	x86_64	glib2-2.80.5-0.src.rpm	YES
PUBLIC	harfbuzz	libharfbuzz	i686	snapshots/sdk/app-rootstrap-native-data-public___tmp_rs_resource_OSS_harfbuzz-rs.xml	libharfbuzz	x86_64	harfbuzz-8.2.2-0.src.rpm	NO
PUBLIC	harfbuzz	harfbuzz-devel	i686	snapshots/sdk/app-rootstrap-native-data-public___tmp_rs_resource_OSS_harfbuzz-rs.xml	harfbuzz-devel	x86_64	harfbuzz-8.2.2-0.src.rpm	NO
PUBLIC	harfbuzz	libharfbuzz	armv7l	snapshots/sdk/app-rootstrap-native-data-public___tmp_rs_resource_OSS_harfbuzz-rs.xml	libharfbuzz	x86_64	harfbuzz-8.2.2-0.src.rpm	YES
PUBLIC	harfbuzz	harfbuzz-devel	armv7l	snapshots/sdk/app-rootstrap-native-data-public___tmp_rs_resource_OSS_harfbuzz-rs.xml	harfbuzz-devel	x86_64	harfbuzz-8.2.2-0.src.rpm	YES
PUBLIC	harfbuzz	libharfbuzz	riscv32	snapshots/sdk/app-rootstrap-native-data-public___tmp_rs_resource_OSS_harfbuzz-rs.xml	libharfbuzz	x86_64	harfbuzz-8.2.2-0.src.rpm	NO
PUBLIC	harfbuzz	harfbuzz-devel	riscv32	snapshots/sdk/app-rootstrap-native-data-public___tmp_rs_resource_OSS_harfbuzz-rs.xml	harfbuzz-devel	x86_64	harfbuzz-8.2.2-0.src.rpm	NO
PUBLIC	json-glib	libjson-glib	i686	snapshots/sdk/app-rootstrap-native-data-public___tmp_rs_resource_OSS_json-glib-rs.xml	libjson-glib	x86_64	json-glib-1.8.0-0.src.rpm	NO
PUBLIC	json-glib	json-glib-devel	i686	snapshots/sdk/app-rootstrap-native-data-public___tmp_rs_resource_OSS_json-glib-rs.xml	json-glib-devel	x86_64	json-glib-1.8.0-0.src.rpm	NO
PUBLIC	json-glib	libjson-glib	armv7l	snapshots/sdk/app-rootstrap-native-data-public___tmp_rs_resource_OSS_json-glib-rs.xml	libjson-glib	x86_64	json-glib-1.8.0-0.src.rpm	YES
PUBLIC	json-glib	json-glib-devel	armv7l	snapshots/sdk/app-rootstrap-native-data-public___tmp_rs_resource_OSS_json-glib-rs.xml	json-glib-devel	x86_64	json-glib-1.8.0-0.src.rpm	YES
PUBLIC	libexif	libexif	i686	snapshots/sdk/app-rootstrap-native-data-public___tmp_rs_resource_OSS_libexif-rs.xml	libexif	x86_64	libexif-0.6.22-0.src.rpm	NO
PUBLIC	libexif	libexif-devel	i686	snapshots/sdk/app-rootstrap-native-data-public___tmp_rs_resource_OSS_libexif-rs.xml	libexif-devel	x86_64	libexif-0.6.22-0.src.rpm	NO
PUBLIC	libexif	libexif	armv7l	snapshots/sdk/app-rootstrap-native-data-public___tmp_rs_resource_OSS_libexif-rs.xml	libexif	x86_64	libexif-0.6.22-0.src.rpm	YES
PUBLIC	libexif	libexif-devel	armv7l	snapshots/sdk/app-rootstrap-native-data-public___tmp_rs_resource_OSS_libexif-rs.xml	libexif-devel	x86_64	libexif-0.6.22-0.src.rpm	YES
PUBLIC	libexif	libexif	riscv32	snapshots/sdk/app-rootstrap-native-data-public___tmp_rs_resource_OSS_libexif-rs.xml	libexif	x86_64	libexif-0.6.22-0.src.rpm	NO
PUBLIC	libexif	libexif-devel	riscv32	snapshots/sdk/app-rootstrap-native-data-public___tmp_rs_resource_OSS_libexif-rs.xml	libexif-devel	x86_64	libexif-0.6.22-0.src.rpm	NO
PUBLIC	liboauth	liboauth	i686	snapshots/sdk/app-rootstrap-native-data-public___tmp_rs_resource_OSS_liboauth-rs.xml	liboauth	x86_64	liboauth-1.0.3-1.src.rpm	NO
PUBLIC	liboauth	liboauth-devel	i686	snapshots/sdk/app-rootstrap-native-data-public___tmp_rs_resource_OSS_liboauth-rs.xml	liboauth-devel	x86_64	liboauth-1.0.3-1.src.rpm	NO
PUBLIC	liboauth	liboauth	armv7l	snapshots/sdk/app-rootstrap-native-data-public___tmp_rs_resource_OSS_liboauth-rs.xml	liboauth	x86_64	liboauth-1.0.3-1.src.rpm	YES
PUBLIC	liboauth	liboauth-devel	armv7l	snapshots/sdk/app-rootstrap-native-data-public___tmp_rs_resource_OSS_liboauth-rs.xml	liboauth-devel	x86_64	liboauth-1.0.3-1.src.rpm	YES
PUBLIC	liboauth	liboauth	riscv32	snapshots/sdk/app-rootstrap-native-data-public___tmp_rs_resource_OSS_liboauth-rs.xml	liboauth	x86_64	liboauth-1.0.3-1.src.rpm	NO
PUBLIC	liboauth	liboauth-devel	riscv32	snapshots/sdk/app-rootstrap-native-data-public___tmp_rs_resource_OSS_liboauth-rs.xml	liboauth-devel	x86_64	liboauth-1.0.3-1.src.rpm	NO
PUBLIC	openal-soft	openal-soft	i686	snapshots/sdk/app-rootstrap-native-data-public___tmp_rs_resource_OSS_openal-soft-rs.xml	openal-soft	x86_64	openal-soft-1.17.2-18.src.rpm	NO
PUBLIC	openal-soft	openal-soft-devel	i686	snapshots/sdk/app-rootstrap-native-data-public___tmp_rs_resource_OSS_openal-soft-rs.xml	openal-soft-devel	x86_64	openal-soft-1.17.2-18.src.rpm	NO
PUBLIC	openal-soft	openal-soft	armv7l	snapshots/sdk/app-rootstrap-native-data-public___tmp_rs_resource_OSS_openal-soft-rs.xml	openal-soft	x86_64	openal-soft-1.17.2-18.src.rpm	YES
PUBLIC	openal-soft	openal-soft-devel	armv7l	snapshots/sdk/app-rootstrap-native-data-public___tmp_rs_resource_OSS_openal-soft-rs.xml	openal-soft-devel	x86_64	openal-soft-1.17.2-18.src.rpm	YES
PUBLIC	openal-soft	openal-soft	riscv32	snapshots/sdk/app-rootstrap-native-data-public___tmp_rs_resource_OSS_openal-soft-rs.xml	openal-soft	x86_64	openal-soft-1.17.2-18.src.rpm	NO
PUBLIC	openal-soft	openal-soft-devel	riscv32	snapshots/sdk/app-rootstrap-native-data-public___tmp_rs_resource_OSS_openal-soft-rs.xml	openal-soft-devel	x86_64	openal-soft-1.17.2-18.src.rpm	NO
PUBLIC	vulkan-loader	vulkan-loader	i686	snapshots/sdk/app-rootstrap-native-data-public___tmp_rs_resource_OSS_vulkan-loader-rs.xml	vulkan-loader	x86_64	vulkan-loader-1.3.296-0.src.rpm	NO
PUBLIC	vulkan-loader	vulkan-loader-devel	i686	snapshots/sdk/app-rootstrap-native-data-public___tmp_rs_resource_OSS_vulkan-loader-rs.xml	vulkan-loader-devel	x86_64	vulkan-loader-1.3.296-0.src.rpm	NO
PUBLIC	vulkan-loader	vulkan-headers	i686	snapshots/sdk/app-rootstrap-native-data-public___tmp_rs_resource_OSS_vulkan-loader-rs.xml	vulkan-headers	x86_64	vulkan-headers-1.3.296-0.src.rpm	NO
PUBLIC	vulkan-loader	vulkan-loader	armv7l	snapshots/sdk/app-rootstrap-native-data-public___tmp_rs_resource_OSS_vulkan-loader-rs.xml	vulkan-loader	x86_64	vulkan-loader-1.3.296-0.src.rpm	YES
PUBLIC	vulkan-loader	vulkan-loader-devel	armv7l	snapshots/sdk/app-rootstrap-native-data-public___tmp_rs_resource_OSS_vulkan-loader-rs.xml	vulkan-loader-devel	x86_64	vulkan-loader-1.3.296-0.src.rpm	YES
PUBLIC	vulkan-loader	vulkan-headers	armv7l	snapshots/sdk/app-rootstrap-native-data-public___tmp_rs_resource_OSS_vulkan-loader-rs.xml	vulkan-headers	x86_64	vulkan-headers-1.3.296-0.src.rpm	YES
PUBLIC	vulkan-loader	vulkan-loader	riscv32	snapshots/sdk/app-rootstrap-native-data-public___tmp_rs_resource_OSS_vulkan-loader-rs.xml	vulkan-loader	x86_64	vulkan-loader-1.3.296-0.src.rpm	NO
PUBLIC	vulkan-loader	vulkan-loader-devel	riscv32	snapshots/sdk/app-rootstrap-native-data-public___tmp_rs_resource_OSS_vulkan-loader-rs.xml	vulkan-loader-devel	x86_64	vulkan-loader-1.3.296-0.src.rpm	NO
PUBLIC	vulkan-loader	vulkan-headers	riscv32	snapshots/sdk/app-rootstrap-native-data-public___tmp_rs_resource_OSS_vulkan-loader-rs.xml	vulkan-headers	x86_64	vulkan-headers-1.3.296-0.src.rpm	NO
