rank	id	entity	source_rpm_count	package_family_count	source_rpms	classification	example_index	actual_cross_package_count	skeleton_family_count
1	API-06321	std::string	235	216	Open3D-0.17-2.src.rpm;abseil-cpp-20250814.1-1.2.src.rpm;amd-1.81.6-1.src.rpm;angle-2.1-1.src.rpm;app-core-1.27.13-0.src.rpm;app-installers-1.37.2-1.src.rpm;appcore-agent-1.7.7-1.src.rpm;appcore-widget-1.6.3-1.src.rpm;askuser-notification-0.8.4-1.src.rpm;aul-0.84.11-1.src.rpm;aurum-1.0.24-1.src.rpm;auth-fw-1.2.0-1.src.rpm;badge-0.5.5-1.src.rpm;bcc-tools-0.35.0-2.1.src.rpm;behaviortree_cpp_v3-3.6.1-0.src.rpm;binutils-2.43-2.7.src.rpm;binutils-2.43-2.9.src.rpm;binutils-aarch64-2.43-2.2.src.rpm;binutils-armv7hl-2.43-2.2.src.rpm;binutils-armv7l-2.43-2.2.src.rpm;boost-1.83.0-2.2.src.rpm;boot-animation-dali-1.0.0-1.src.rpm;bpftrace-0.24.2-2.1.src.rpm;bundle-0.18.15-0.src.rpm;capi-appfw-app-common-0.16.3-0.src.rpm;capi-appfw-app-control-0.26.2-0.src.rpm;capi-appfw-capmgr-0.0.4-1.src.rpm;capi-appfw-event-0.6.22-0.src.rpm;capi-appfw-preference-0.6.24-0.src.rpm;capi-content-mime-type-0.1.9-1.src.rpm;capi-context-1.0.6-1.src.rpm;capi-media-audio-io-0.6.3-0.src.rpm;capi-media-transporter-1.3.0-0.src.rpm;capi-media-vision-1.0.17-0.src.rpm;capi-network-asp-0.1.23-1.src.rpm;capi-network-vine-1.3.5-0.src.rpm;ccache-4.12.1-2.2.src.rpm;ceres-solver-2.2.0-1.src.rpm;cert-svc-3.0.0-0.src.rpm;cion-1.2.26-1.src.rpm;cmake-3.31.2-1.12.src.rpm;cmake-3.31.2-1.14.src.rpm;com.samsung.dali-demo-2.5.26-1.src.rpm;component-based-1.6.7-1.src.rpm;context-app-history-4.0.2-1.src.rpm;context-common-4.0.3-1.src.rpm;context-job-scheduler-4.0.5-1.src.rpm;context-sensor-recorder-4.0.1-1.src.rpm;context-service-4.0.3-1.src.rpm;context-store-4.0.0-1.src.rpm;cordova-api-0.18-0.src.rpm;coreclr-8.0.11-0.src.rpm;coreclr-diagnostics-8.0.547301-37.src.rpm;crash-worker-10.0.1-1.src.rpm;cynara-0.26.0-1.src.rpm;dali2-2.5.26-1.src.rpm;dali2-adaptor-2.5.26-1.src.rpm;dali2-csharp-binder-2.5.26-1.src.rpm;dali2-extension-2.5.26-1.src.rpm;dali2-toolkit-2.5.26-1.src.rpm;dali2-ui-foundation-2.5.14.10210-1.src.rpm;data-provider-master-1.11.3-1.src.rpm;db4-4.8.30.NC-1.12.src.rpm;db4-4.8.30.NC-1.14.src.rpm;device-certificate-manager-3.0.1-0.src.rpm;dfs-adaptation-1.0.10-1.src.rpm;dfs-opencv-1.0.12-0.src.rpm;docker-launcher-1.0.1-0.src.rpm;dotnet-launcher-8.0.11-1.src.rpm;doxygen-1.14.0-2.2.src.rpm;dynpart-tools-1.0-1.src.rpm;e-tizen-unittests-0.6.30-1.src.rpm;edgetpu-runtime-12.1-0.src.rpm;emuld-0.11.3-0.src.rpm;esd-1.1.5-1.src.rpm;esplusplayer-1.4.2-1.src.rpm;eventsystem-0.1.57-1.src.rpm;flac-1.3.0-0.src.rpm;flatbuffers-24.3.25-1.src.rpm;gcc-14.2.0-1.12.src.rpm;gcc-14.2.0-1.14.src.rpm;gdb-16.3-1.3.src.rpm;gettext-0.21.1-2.11.src.rpm;gettext-0.21.1-2.13.src.rpm;gflags-2.2.1-1.src.rpm;glibmm-2.64.2-0.src.rpm;glog-0.3.5-1.src.rpm;glslang-13.1.1-0.src.rpm;gmp-4.2.1-1.12.src.rpm;gmp-4.2.1-1.14.src.rpm;gn-20210313-1.2.src.rpm;gn-20210313-1.3.src.rpm;gpgme-1.24.3-1.src.rpm;grpc-1.76.0-0.src.rpm;gstreamer-1.24.11-38.src.rpm;gtest-1.15.2-0.src.rpm;hailo-rt-0.1-0.src.rpm;hal-backend-drm-generic-1.0.3-0.src.rpm;hal-backend-security-auth-1.0.0-0.src.rpm;hal-backend-sensor-emulator-1.0.4-0.src.rpm;hal-backend-sensor-rpi-1.0.4-0.src.rpm;icecream-0.9.7-1.2.src.rpm;icecream-0.9.7-1.3.src.rpm;icu-78.1-1.3.src.rpm;icu-78.1-1.4.src.rpm;inference-engine-interface-0.5.2-0.src.rpm;inference-engine-mlapi-0.4.11-0.src.rpm;inference-engine-opencv-0.0.2-7.src.rpm;inference-engine-tflite-0.0.9-0.src.rpm;iotivity-1.2.1-0.src.rpm;ise-default-1.13.8-1.src.rpm;ise-default-dali-0.3.0-1.src.rpm;ise-engine-sunpinyin-1.0.12-1.src.rpm;isf-11.1.28-1.src.rpm;jsoncpp-1.9.6-1.11.src.rpm;jsoncpp-1.9.6-1.13.src.rpm;jsoncpp-1.9.6-1.15.src.rpm;key-manager-0.1.90-1.src.rpm;klay-0.0.2-0.src.rpm;launchpad-0.50.17-1.src.rpm;leveldb-1.23-1.src.rpm;libabigail-2.3-0.src.rpm;libcynara-commons-0.26.0-1.src.rpm;libdbuspolicy-1.2.0-0.src.rpm;libgbm-msm-1.0.0-0.src.rpm;libjxl-0.11.1-0.src.rpm;libmedia-service-0.8.8-0.src.rpm;libphonenumber-7.0.6-1.src.rpm;libscl-core-0.11.3-1.src.rpm;libscl-ui-0.11.9-1.src.rpm;libscl-ui-nui-0.11.2-1.src.rpm;libscreen_connector-1.9.12-1.src.rpm;libshortcut-0.10.4-0.src.rpm;libsndfile-1.2.2-1.2.src.rpm;libtbb-2019U3-0.src.rpm;libtrackrenderer-0.2.1-0.src.rpm;libwatchface-complication-2.2.6-1.src.rpm;libwidget_service-1.3.9-1.src.rpm;libwidget_viewer_dali-1.4.12-1.src.rpm;libxml++-5.6.0-1.src.rpm;libzypp-17.23.7-1.src.rpm;libzypp-bindings-0.7.4-0.src.rpm;lightweight-web-engine-1.4.0-1.src.rpm;llvm-22.1.8-18.1.src.rpm;lottie-player-0.2.5-1.src.rpm;lwnode-1.0.0-1.src.rpm;manifest-parser-1.9.0-1.src.rpm;mesa-24.3.4-0.src.rpm;mlops-agent-1.8.8-0.src.rpm;mmi-2.2.2-0.src.rpm;mmi-manager-1.0.3-0.src.rpm;nan-manager-0.2.2-1.src.rpm;ncnn-20240102-1e88fb8.src.rpm;nghttp2-1.51.0-1.2.src.rpm;nghttp2-1.51.0-1.3.src.rpm;ninja-1.13.1-1.13.src.rpm;ninja-1.13.1-1.14.src.rpm;nnfw-1.28.0-1.src.rpm;nnstreamer-2.7.0-0.src.rpm;nntrainer-0.5.0-0.src.rpm;notification-0.12.4-1.src.rpm;nsjail-3.0.20210707-0.src.rpm;ode-0.0.5-0.src.rpm;onnxruntime-1.16.3-1.src.rpm;opencv-4.7.0-8.src.rpm;openfst-1.8.4-2.2.src.rpm;openusd-24.03-0.src.rpm;openvino-2019R3-0.src.rpm;oprofile-1.4.0-0.src.rpm;org.tizen.inputdelegator-0.11.1-1.src.rpm;org.tizen.multi-assistant-service-0.3.43-1.src.rpm;patchelf-0.16.1-1.11.src.rpm;patchelf-0.16.1-1.12.src.rpm;pcre-8.45-1.12.src.rpm;pcre-8.45-1.13.src.rpm;pcre-8.45-1.14.src.rpm;pkgmgr-0.23.1-0.src.rpm;pkgmgr-info-0.37.2-1.src.rpm;pkgmgr-tool-0.14.2-1.src.rpm;podofo-0.9.7-0.src.rpm;protobuf-33.1-1.src.rpm;python3-grpcio-1.76.0-0.src.rpm;python3-numpy-2.4.1-0.src.rpm;re2-20250812-1.src.rpm;re2c-4.3-1.src.rpm;resource-center-api-0.1-1.src.rpm;resource-information-0.1-3.src.rpm;rive-tizen-0.2.0-1.src.rpm;rpc-port-1.21.15-0.src.rpm;rpk-installer-0.5.6-1.src.rpm;rscmgr-service-0.1-13.src.rpm;security-manager-2.4.0-0.src.rpm;sensord-10.0.0-1.src.rpm;sessiond-10.6.20-1.src.rpm;singleo-0.0.1-0.src.rpm;smartreply-1.1.13-1.src.rpm;snappy-1.1.7-0.src.rpm;spirv-tools-2024.4.1-0.src.rpm;srt-1.5.0-1.src.rpm;swig-4.0.2-0.src.rpm;taglib-1.13.1-1.2.src.rpm;taglib-1.13.1-1.3.src.rpm;team-application-1.1.6-1.src.rpm;tensorflow2-2.18.0-1.2.src.rpm;tensorflow2-2.18.0-1.3.src.rpm;tensorflow2-2.18.0-1.src.rpm;thorvg-1.0.0-1.src.rpm;tidl-2.7.1-1.src.rpm;tizen-action-1.3.13-1.src.rpm;tizen-core-0.4.2-0.src.rpm;tizen-core-imf-0.2.17-0.src.rpm;tizen-theme-manager-1.3.3-1.src.rpm;tizen-watcher-1.0.7-1.src.rpm;tpk-backend-1.11.4-1.src.rpm;tpk-manifest-handlers-1.15.0-1.src.rpm;training-engine-interface-0.3.2-0.src.rpm;training-engine-nntrainer-0.1.5-0.src.rpm;trust-anchor-2.1.2-0.src.rpm;ttrace-1.1.0-1.src.rpm;tvm-runtime-0.7.0-0.src.rpm;unified-backend-0.1.1-1.src.rpm;united-service-1.3.1-0.src.rpm;voice-control-1.101.2-1.src.rpm;vulkan-tools-1.3.296-0.src.rpm;vulkan-validation-layers-1.3.296-0.src.rpm;webapi-plugins-2.92-0.src.rpm;webauthn-1.0.13-1.src.rpm;webauthn-ble-1.0.8-1.src.rpm;webrtc-audio-processing-0.3.1-2.src.rpm;wgt-backend-0.18.6-1.src.rpm;wgt-manifest-handlers-1.11.1-1.src.rpm;wrtjs-1.1.1-1.src.rpm;xwalk-extensions-common-0.0.1-1.src.rpm;yaml-cpp-0.8.0-0.src.rpm;zypper-1.14.38-0.src.rpm	HEADER_SIGNATURE_HEURISTIC_NOT_CROSS_PACKAGE_PROOF	entity_examples.tsv	NOT_OBSERVED	265
2	API-07251	std::vector	191	177	Open3D-0.17-2.src.rpm;abseil-cpp-20250814.1-1.2.src.rpm;amd-1.81.6-1.src.rpm;angle-2.1-1.src.rpm;app-installers-1.37.2-1.src.rpm;askuser-notification-0.8.4-1.src.rpm;aspell-0.60.8.1-0.src.rpm;aul-0.84.11-1.src.rpm;aurum-1.0.24-1.src.rpm;auth-fw-1.2.0-1.src.rpm;badge-0.5.5-1.src.rpm;bcc-tools-0.35.0-2.1.src.rpm;behaviortree_cpp_v3-3.6.1-0.src.rpm;binutils-2.43-2.7.src.rpm;binutils-2.43-2.9.src.rpm;binutils-aarch64-2.43-2.2.src.rpm;binutils-armv7hl-2.43-2.2.src.rpm;binutils-armv7l-2.43-2.2.src.rpm;boost-1.83.0-2.2.src.rpm;bpftrace-0.24.2-2.1.src.rpm;bundle-0.18.15-0.src.rpm;capi-appfw-app-control-0.26.2-0.src.rpm;capi-appfw-preference-0.6.24-0.src.rpm;capi-content-mime-type-0.1.9-1.src.rpm;capi-context-1.0.6-1.src.rpm;capi-media-transporter-1.3.0-0.src.rpm;capi-media-vision-1.0.17-0.src.rpm;capi-ui-inputmethod-0.11.6-1.src.rpm;ccache-4.12.1-2.2.src.rpm;ceres-solver-2.2.0-1.src.rpm;cion-1.2.26-1.src.rpm;cmake-3.31.2-1.12.src.rpm;cmake-3.31.2-1.14.src.rpm;component-based-1.6.7-1.src.rpm;context-app-history-4.0.2-1.src.rpm;context-common-4.0.3-1.src.rpm;context-job-scheduler-4.0.5-1.src.rpm;context-sensor-recorder-4.0.1-1.src.rpm;context-service-4.0.3-1.src.rpm;context-store-4.0.0-1.src.rpm;cordova-api-0.18-0.src.rpm;coreclr-8.0.11-0.src.rpm;coreclr-diagnostics-8.0.547301-37.src.rpm;crash-worker-10.0.1-1.src.rpm;cynara-0.26.0-1.src.rpm;dali2-2.5.26-1.src.rpm;dali2-adaptor-2.5.26-1.src.rpm;dali2-csharp-binder-2.5.26-1.src.rpm;dali2-extension-2.5.26-1.src.rpm;dali2-toolkit-2.5.26-1.src.rpm;dali2-ui-foundation-2.5.14.10210-1.src.rpm;device-certificate-manager-3.0.1-0.src.rpm;dfs-opencv-1.0.12-0.src.rpm;docker-launcher-1.0.1-0.src.rpm;dotnet-launcher-8.0.11-1.src.rpm;doxygen-1.14.0-2.2.src.rpm;dynpart-tools-1.0-1.src.rpm;edgetpu-runtime-12.1-0.src.rpm;esplusplayer-1.4.2-1.src.rpm;eventsystem-0.1.57-1.src.rpm;flatbuffers-24.3.25-1.src.rpm;gcc-14.2.0-1.12.src.rpm;gcc-14.2.0-1.14.src.rpm;gdb-16.3-1.3.src.rpm;gflags-2.2.1-1.src.rpm;glibmm-2.64.2-0.src.rpm;glog-0.3.5-1.src.rpm;glslang-13.1.1-0.src.rpm;gn-20210313-1.2.src.rpm;gn-20210313-1.3.src.rpm;gpgme-1.24.3-1.src.rpm;grpc-1.76.0-0.src.rpm;gstreamer-1.24.11-38.src.rpm;gtest-1.15.2-0.src.rpm;hailo-rt-0.1-0.src.rpm;hal-backend-security-auth-1.0.0-0.src.rpm;hal-backend-sensor-emulator-1.0.4-0.src.rpm;icu-78.1-1.3.src.rpm;icu-78.1-1.4.src.rpm;inference-engine-interface-0.5.2-0.src.rpm;inference-engine-mlapi-0.4.11-0.src.rpm;inference-engine-opencv-0.0.2-7.src.rpm;inference-engine-tflite-0.0.9-0.src.rpm;iotivity-1.2.1-0.src.rpm;ise-default-1.13.8-1.src.rpm;ise-default-dali-0.3.0-1.src.rpm;ise-engine-anthy-1.0.12-1.src.rpm;ise-engine-sunpinyin-1.0.12-1.src.rpm;ise-engine-tables-1.0.11-1.src.rpm;isf-11.1.28-1.src.rpm;jsoncpp-1.9.6-1.11.src.rpm;jsoncpp-1.9.6-1.13.src.rpm;jsoncpp-1.9.6-1.15.src.rpm;key-manager-0.1.90-1.src.rpm;klay-0.0.2-0.src.rpm;launchpad-0.50.17-1.src.rpm;leveldb-1.23-1.src.rpm;libabigail-2.3-0.src.rpm;libcynara-commons-0.26.0-1.src.rpm;libdbuspolicy-1.2.0-0.src.rpm;libjxl-0.11.1-0.src.rpm;libphonenumber-7.0.6-1.src.rpm;libscl-core-0.11.3-1.src.rpm;libscl-ui-0.11.9-1.src.rpm;libscl-ui-nui-0.11.2-1.src.rpm;libshortcut-0.10.4-0.src.rpm;libtbb-2019U3-0.src.rpm;libtrackrenderer-0.2.1-0.src.rpm;libvpx-1.12.0-2.src.rpm;libwatchface-complication-2.2.6-1.src.rpm;libwidget_viewer_dali-1.4.12-1.src.rpm;libzypp-17.23.7-1.src.rpm;lightweight-web-engine-1.4.0-1.src.rpm;llvm-22.1.8-18.1.src.rpm;lottie-player-0.2.5-1.src.rpm;lwnode-1.0.0-1.src.rpm;manifest-parser-1.9.0-1.src.rpm;mesa-24.3.4-0.src.rpm;mmi-2.2.2-0.src.rpm;mmi-manager-1.0.3-0.src.rpm;nan-manager-0.2.2-1.src.rpm;ncnn-20240102-1e88fb8.src.rpm;nghttp2-1.51.0-1.2.src.rpm;nghttp2-1.51.0-1.3.src.rpm;ninja-1.13.1-1.13.src.rpm;ninja-1.13.1-1.14.src.rpm;nnfw-1.28.0-1.src.rpm;nnstreamer-2.7.0-0.src.rpm;nntrainer-0.5.0-0.src.rpm;notification-0.12.4-1.src.rpm;nsjail-3.0.20210707-0.src.rpm;ode-0.0.5-0.src.rpm;onnxruntime-1.16.3-1.src.rpm;opencv-4.7.0-8.src.rpm;openfst-1.8.4-2.2.src.rpm;openusd-24.03-0.src.rpm;openvino-2019R3-0.src.rpm;oprofile-1.4.0-0.src.rpm;org.tizen.inputdelegator-0.11.1-1.src.rpm;org.tizen.multi-assistant-service-0.3.43-1.src.rpm;patchelf-0.16.1-1.11.src.rpm;patchelf-0.16.1-1.12.src.rpm;pcre-8.45-1.12.src.rpm;pcre-8.45-1.13.src.rpm;pcre-8.45-1.14.src.rpm;pkgmgr-0.23.1-0.src.rpm;pkgmgr-info-0.37.2-1.src.rpm;podofo-0.9.7-0.src.rpm;protobuf-33.1-1.src.rpm;python3-grpcio-1.76.0-0.src.rpm;python3-numpy-2.4.1-0.src.rpm;re2-20250812-1.src.rpm;re2c-4.3-1.src.rpm;resource-information-0.1-3.src.rpm;rive-tizen-0.2.0-1.src.rpm;rpk-installer-0.5.6-1.src.rpm;rscmgr-service-0.1-13.src.rpm;security-manager-2.4.0-0.src.rpm;sensord-10.0.0-1.src.rpm;sessiond-10.6.20-1.src.rpm;singleo-0.0.1-0.src.rpm;smartreply-1.1.13-1.src.rpm;spirv-tools-2024.4.1-0.src.rpm;srt-1.5.0-1.src.rpm;swig-4.0.2-0.src.rpm;team-application-1.1.6-1.src.rpm;tensorflow2-2.18.0-1.2.src.rpm;tensorflow2-2.18.0-1.3.src.rpm;tensorflow2-2.18.0-1.src.rpm;thorvg-1.0.0-1.src.rpm;tidl-2.7.1-1.src.rpm;tizen-action-1.3.13-1.src.rpm;tizen-core-imf-0.2.17-0.src.rpm;tizen-theme-manager-1.3.3-1.src.rpm;tizen-watcher-1.0.7-1.src.rpm;tpk-backend-1.11.4-1.src.rpm;tpk-manifest-handlers-1.15.0-1.src.rpm;training-engine-interface-0.3.2-0.src.rpm;training-engine-nntrainer-0.1.5-0.src.rpm;tvm-runtime-0.7.0-0.src.rpm;voice-control-1.101.2-1.src.rpm;vulkan-tools-1.3.296-0.src.rpm;vulkan-validation-layers-1.3.296-0.src.rpm;webapi-plugins-2.92-0.src.rpm;webauthn-ble-1.0.8-1.src.rpm;webrtc-audio-processing-0.3.1-2.src.rpm;wgt-backend-0.18.6-1.src.rpm;wgt-manifest-handlers-1.11.1-1.src.rpm;wrtjs-1.1.1-1.src.rpm;yaml-cpp-0.8.0-0.src.rpm;zypper-1.14.38-0.src.rpm	HEADER_SIGNATURE_HEURISTIC_NOT_CROSS_PACKAGE_PROOF	entity_examples.tsv	NOT_OBSERVED	236
3	API-05106	std::map	115	105	Open3D-0.17-2.src.rpm;abseil-cpp-20250814.1-1.2.src.rpm;amd-1.81.6-1.src.rpm;angle-2.1-1.src.rpm;app-installers-1.37.2-1.src.rpm;aurum-1.0.24-1.src.rpm;auth-fw-1.2.0-1.src.rpm;bcc-tools-0.35.0-2.1.src.rpm;binutils-2.43-2.7.src.rpm;binutils-2.43-2.9.src.rpm;binutils-aarch64-2.43-2.2.src.rpm;binutils-armv7hl-2.43-2.2.src.rpm;binutils-armv7l-2.43-2.2.src.rpm;boost-1.83.0-2.2.src.rpm;bpftrace-0.24.2-2.1.src.rpm;bundle-0.18.15-0.src.rpm;capi-media-transporter-1.3.0-0.src.rpm;capi-media-vision-1.0.17-0.src.rpm;ceres-solver-2.2.0-1.src.rpm;cert-svc-3.0.0-0.src.rpm;cion-1.2.26-1.src.rpm;cmake-3.31.2-1.12.src.rpm;cmake-3.31.2-1.14.src.rpm;component-based-1.6.7-1.src.rpm;context-job-scheduler-4.0.5-1.src.rpm;coreclr-8.0.11-0.src.rpm;coreclr-diagnostics-8.0.547301-37.src.rpm;crash-worker-10.0.1-1.src.rpm;cynara-0.26.0-1.src.rpm;dali2-2.5.26-1.src.rpm;dali2-adaptor-2.5.26-1.src.rpm;dali2-toolkit-2.5.26-1.src.rpm;docker-launcher-1.0.1-0.src.rpm;doxygen-1.14.0-2.2.src.rpm;dynpart-tools-1.0-1.src.rpm;esplusplayer-1.4.2-1.src.rpm;eventsystem-0.1.57-1.src.rpm;flatbuffers-24.3.25-1.src.rpm;gcc-14.2.0-1.12.src.rpm;gcc-14.2.0-1.14.src.rpm;glog-0.3.5-1.src.rpm;glslang-13.1.1-0.src.rpm;gn-20210313-1.2.src.rpm;gn-20210313-1.3.src.rpm;grpc-1.76.0-0.src.rpm;hailo-rt-0.1-0.src.rpm;hal-backend-security-auth-1.0.0-0.src.rpm;icu-78.1-1.3.src.rpm;icu-78.1-1.4.src.rpm;inference-engine-interface-0.5.2-0.src.rpm;inference-engine-mlapi-0.4.11-0.src.rpm;inference-engine-opencv-0.0.2-7.src.rpm;inference-engine-tflite-0.0.9-0.src.rpm;iotivity-1.2.1-0.src.rpm;ise-engine-sunpinyin-1.0.12-1.src.rpm;key-manager-0.1.90-1.src.rpm;klay-0.0.2-0.src.rpm;libcynara-commons-0.26.0-1.src.rpm;libdbuspolicy-1.2.0-0.src.rpm;libtrackrenderer-0.2.1-0.src.rpm;libzypp-17.23.7-1.src.rpm;lightweight-web-engine-1.4.0-1.src.rpm;llvm-22.1.8-18.1.src.rpm;mesa-24.3.4-0.src.rpm;mmi-2.2.2-0.src.rpm;nan-manager-0.2.2-1.src.rpm;ncnn-20240102-1e88fb8.src.rpm;nghttp2-1.51.0-1.2.src.rpm;nghttp2-1.51.0-1.3.src.rpm;ninja-1.13.1-1.13.src.rpm;ninja-1.13.1-1.14.src.rpm;nnfw-1.28.0-1.src.rpm;nntrainer-0.5.0-0.src.rpm;notification-0.12.4-1.src.rpm;onnxruntime-1.16.3-1.src.rpm;opencv-4.7.0-8.src.rpm;openfst-1.8.4-2.2.src.rpm;openusd-24.03-0.src.rpm;openvino-2019R3-0.src.rpm;oprofile-1.4.0-0.src.rpm;org.tizen.multi-assistant-service-0.3.43-1.src.rpm;patchelf-0.16.1-1.11.src.rpm;patchelf-0.16.1-1.12.src.rpm;pkgmgr-0.23.1-0.src.rpm;pkgmgr-tool-0.14.2-1.src.rpm;podofo-0.9.7-0.src.rpm;python3-grpcio-1.76.0-0.src.rpm;re2-20250812-1.src.rpm;re2c-4.3-1.src.rpm;resource-information-0.1-3.src.rpm;rive-tizen-0.2.0-1.src.rpm;rpc-port-1.21.15-0.src.rpm;rpk-installer-0.5.6-1.src.rpm;rscmgr-service-0.1-13.src.rpm;security-manager-2.4.0-0.src.rpm;sensord-10.0.0-1.src.rpm;singleo-0.0.1-0.src.rpm;spirv-tools-2024.4.1-0.src.rpm;srt-1.5.0-1.src.rpm;swig-4.0.2-0.src.rpm;tensorflow2-2.18.0-1.2.src.rpm;tensorflow2-2.18.0-1.3.src.rpm;tensorflow2-2.18.0-1.src.rpm;tidl-2.7.1-1.src.rpm;tizen-core-0.4.2-0.src.rpm;tizen-theme-manager-1.3.3-1.src.rpm;tizen-watcher-1.0.7-1.src.rpm;tpk-manifest-handlers-1.15.0-1.src.rpm;ttrace-1.1.0-1.src.rpm;tvm-runtime-0.7.0-0.src.rpm;vulkan-validation-layers-1.3.296-0.src.rpm;webapi-plugins-2.92-0.src.rpm;wgt-manifest-handlers-1.11.1-1.src.rpm;yaml-cpp-0.8.0-0.src.rpm;zypper-1.14.38-0.src.rpm	HEADER_SIGNATURE_HEURISTIC_NOT_CROSS_PACKAGE_PROOF	entity_examples.tsv	NOT_OBSERVED	192
4	API-07148	std::unique_ptr	147	136	Open3D-0.17-2.src.rpm;abseil-cpp-20250814.1-1.2.src.rpm;amd-1.81.6-1.src.rpm;angle-2.1-1.src.rpm;app-core-1.27.13-0.src.rpm;app-installers-1.37.2-1.src.rpm;appcore-agent-1.7.7-1.src.rpm;appcore-widget-1.6.3-1.src.rpm;aul-0.84.11-1.src.rpm;aurum-1.0.24-1.src.rpm;auth-fw-1.2.0-1.src.rpm;badge-0.5.5-1.src.rpm;bcc-tools-0.35.0-2.1.src.rpm;behaviortree_cpp_v3-3.6.1-0.src.rpm;binutils-2.43-2.7.src.rpm;binutils-2.43-2.9.src.rpm;binutils-aarch64-2.43-2.2.src.rpm;binutils-armv7hl-2.43-2.2.src.rpm;binutils-armv7l-2.43-2.2.src.rpm;boost-1.83.0-2.2.src.rpm;bpftrace-0.24.2-2.1.src.rpm;bundle-0.18.15-0.src.rpm;capi-appfw-app-common-0.16.3-0.src.rpm;capi-appfw-app-control-0.26.2-0.src.rpm;capi-appfw-preference-0.6.24-0.src.rpm;capi-media-transporter-1.3.0-0.src.rpm;capi-media-vision-1.0.17-0.src.rpm;ccache-4.12.1-2.2.src.rpm;ceres-solver-2.2.0-1.src.rpm;cion-1.2.26-1.src.rpm;cmake-3.31.2-1.12.src.rpm;cmake-3.31.2-1.14.src.rpm;component-based-1.6.7-1.src.rpm;cordova-api-0.18-0.src.rpm;coreclr-8.0.11-0.src.rpm;coreclr-diagnostics-8.0.547301-37.src.rpm;crash-worker-10.0.1-1.src.rpm;cynara-0.26.0-1.src.rpm;dali2-2.5.26-1.src.rpm;dali2-adaptor-2.5.26-1.src.rpm;dali2-extension-2.5.26-1.src.rpm;dali2-toolkit-2.5.26-1.src.rpm;dali2-ui-foundation-2.5.14.10210-1.src.rpm;device-certificate-manager-3.0.1-0.src.rpm;docker-launcher-1.0.1-0.src.rpm;doxygen-1.14.0-2.2.src.rpm;dynpart-tools-1.0-1.src.rpm;edgetpu-runtime-12.1-0.src.rpm;esplusplayer-1.4.2-1.src.rpm;eventsystem-0.1.57-1.src.rpm;flatbuffers-24.3.25-1.src.rpm;gcc-14.2.0-1.12.src.rpm;gcc-14.2.0-1.14.src.rpm;gdb-16.3-1.3.src.rpm;glibmm-2.64.2-0.src.rpm;glslang-13.1.1-0.src.rpm;gn-20210313-1.2.src.rpm;gn-20210313-1.3.src.rpm;gpgme-1.24.3-1.src.rpm;grpc-1.76.0-0.src.rpm;gstreamer-1.24.11-38.src.rpm;gtest-1.15.2-0.src.rpm;hailo-rt-0.1-0.src.rpm;hal-api-codec-1.9.4-0.src.rpm;hal-backend-security-auth-1.0.0-0.src.rpm;icu-78.1-1.3.src.rpm;icu-78.1-1.4.src.rpm;iotivity-1.2.1-0.src.rpm;ise-default-dali-0.3.0-1.src.rpm;jsoncpp-1.9.6-1.11.src.rpm;jsoncpp-1.9.6-1.13.src.rpm;jsoncpp-1.9.6-1.15.src.rpm;key-manager-0.1.90-1.src.rpm;klay-0.0.2-0.src.rpm;launchpad-0.50.17-1.src.rpm;libabigail-2.3-0.src.rpm;libcynara-commons-0.26.0-1.src.rpm;libdbuspolicy-1.2.0-0.src.rpm;libjxl-0.11.1-0.src.rpm;libmedia-service-0.8.8-0.src.rpm;libscreen_connector-1.9.12-1.src.rpm;libshortcut-0.10.4-0.src.rpm;libtbb-2019U3-0.src.rpm;libtrackrenderer-0.2.1-0.src.rpm;libvpx-1.12.0-2.src.rpm;libwatchface-complication-2.2.6-1.src.rpm;libzypp-17.23.7-1.src.rpm;lightweight-web-engine-1.4.0-1.src.rpm;llvm-22.1.8-18.1.src.rpm;lottie-player-0.2.5-1.src.rpm;lwnode-1.0.0-1.src.rpm;manifest-parser-1.9.0-1.src.rpm;mesa-24.3.4-0.src.rpm;ncnn-20240102-1e88fb8.src.rpm;nghttp2-1.51.0-1.2.src.rpm;nghttp2-1.51.0-1.3.src.rpm;ninja-1.13.1-1.13.src.rpm;ninja-1.13.1-1.14.src.rpm;nnfw-1.28.0-1.src.rpm;nntrainer-0.5.0-0.src.rpm;notification-0.12.4-1.src.rpm;nsjail-3.0.20210707-0.src.rpm;onnxruntime-1.16.3-1.src.rpm;opencv-4.7.0-8.src.rpm;openfst-1.8.4-2.2.src.rpm;openusd-24.03-0.src.rpm;openvino-2019R3-0.src.rpm;pkgmgr-0.23.1-0.src.rpm;pkgmgr-info-0.37.2-1.src.rpm;pkgmgr-tool-0.14.2-1.src.rpm;protobuf-33.1-1.src.rpm;python3-grpcio-1.76.0-0.src.rpm;python3-numpy-2.4.1-0.src.rpm;re2c-4.3-1.src.rpm;rive-tizen-0.2.0-1.src.rpm;rpc-port-1.21.15-0.src.rpm;rpk-installer-0.5.6-1.src.rpm;security-manager-2.4.0-0.src.rpm;sessiond-10.6.20-1.src.rpm;singleo-0.0.1-0.src.rpm;spirv-tools-2024.4.1-0.src.rpm;srt-1.5.0-1.src.rpm;team-application-1.1.6-1.src.rpm;tensorflow2-2.18.0-1.2.src.rpm;tensorflow2-2.18.0-1.3.src.rpm;tensorflow2-2.18.0-1.src.rpm;tidl-2.7.1-1.src.rpm;tizen-action-1.3.13-1.src.rpm;tizen-core-imf-0.2.17-0.src.rpm;tizen-theme-manager-1.3.3-1.src.rpm;tizen-watcher-1.0.7-1.src.rpm;tpk-backend-1.11.4-1.src.rpm;training-engine-interface-0.3.2-0.src.rpm;training-engine-nntrainer-0.1.5-0.src.rpm;ttrace-1.1.0-1.src.rpm;tvm-runtime-0.7.0-0.src.rpm;unified-backend-0.1.1-1.src.rpm;united-service-1.3.1-0.src.rpm;vulkan-tools-1.3.296-0.src.rpm;vulkan-validation-layers-1.3.296-0.src.rpm;vulkan-wsi-layer-1.0.5-0.src.rpm;webapi-plugins-2.92-0.src.rpm;webauthn-1.0.13-1.src.rpm;webauthn-ble-1.0.8-1.src.rpm;wgt-backend-0.18.6-1.src.rpm;yaml-cpp-0.8.0-0.src.rpm;zypper-1.14.38-0.src.rpm	HEADER_SIGNATURE_HEURISTIC_NOT_CROSS_PACKAGE_PROOF	entity_examples.tsv	NOT_OBSERVED	187
5	API-05452	std::pair	109	101	Open3D-0.17-2.src.rpm;abseil-cpp-20250814.1-1.2.src.rpm;amd-1.81.6-1.src.rpm;angle-2.1-1.src.rpm;app-installers-1.37.2-1.src.rpm;askuser-notification-0.8.4-1.src.rpm;aspell-0.60.8.1-0.src.rpm;aurum-1.0.24-1.src.rpm;auth-fw-1.2.0-1.src.rpm;bcc-tools-0.35.0-2.1.src.rpm;behaviortree_cpp_v3-3.6.1-0.src.rpm;binutils-2.43-2.7.src.rpm;binutils-2.43-2.9.src.rpm;binutils-aarch64-2.43-2.2.src.rpm;binutils-armv7hl-2.43-2.2.src.rpm;binutils-armv7l-2.43-2.2.src.rpm;boost-1.83.0-2.2.src.rpm;bpftrace-0.24.2-2.1.src.rpm;bundle-0.18.15-0.src.rpm;capi-appfw-app-control-0.26.2-0.src.rpm;capi-media-audio-io-0.6.3-0.src.rpm;capi-media-vision-1.0.17-0.src.rpm;capi-network-vine-1.3.5-0.src.rpm;ccache-4.12.1-2.2.src.rpm;ceres-solver-2.2.0-1.src.rpm;cion-1.2.26-1.src.rpm;cmake-3.31.2-1.12.src.rpm;cmake-3.31.2-1.14.src.rpm;context-job-scheduler-4.0.5-1.src.rpm;coreclr-8.0.11-0.src.rpm;coreclr-diagnostics-8.0.547301-37.src.rpm;dali2-2.5.26-1.src.rpm;dali2-adaptor-2.5.26-1.src.rpm;dali2-csharp-binder-2.5.26-1.src.rpm;dali2-toolkit-2.5.26-1.src.rpm;dali2-ui-foundation-2.5.14.10210-1.src.rpm;docker-launcher-1.0.1-0.src.rpm;doxygen-1.14.0-2.2.src.rpm;dynpart-tools-1.0-1.src.rpm;esd-1.1.5-1.src.rpm;flatbuffers-24.3.25-1.src.rpm;gcc-14.2.0-1.12.src.rpm;gcc-14.2.0-1.14.src.rpm;gdb-16.3-1.3.src.rpm;glog-0.3.5-1.src.rpm;glslang-13.1.1-0.src.rpm;gn-20210313-1.2.src.rpm;gn-20210313-1.3.src.rpm;gpgme-1.24.3-1.src.rpm;groff-1.23.0-2.2.src.rpm;grpc-1.76.0-0.src.rpm;gtest-1.15.2-0.src.rpm;hailo-rt-0.1-0.src.rpm;hal-backend-security-auth-1.0.0-0.src.rpm;icu-78.1-1.3.src.rpm;icu-78.1-1.4.src.rpm;inference-engine-interface-0.5.2-0.src.rpm;iotivity-1.2.1-0.src.rpm;ise-engine-sunpinyin-1.0.12-1.src.rpm;isf-11.1.28-1.src.rpm;key-manager-0.1.90-1.src.rpm;klay-0.0.2-0.src.rpm;libabigail-2.3-0.src.rpm;libjxl-0.11.1-0.src.rpm;libtbb-2019U3-0.src.rpm;libzypp-17.23.7-1.src.rpm;lightweight-web-engine-1.4.0-1.src.rpm;llvm-22.1.8-18.1.src.rpm;lwnode-1.0.0-1.src.rpm;mesa-24.3.4-0.src.rpm;nan-manager-0.2.2-1.src.rpm;nghttp2-1.51.0-1.2.src.rpm;nghttp2-1.51.0-1.3.src.rpm;nnfw-1.28.0-1.src.rpm;nntrainer-0.5.0-0.src.rpm;onnxruntime-1.16.3-1.src.rpm;opencv-4.7.0-8.src.rpm;openfst-1.8.4-2.2.src.rpm;openusd-24.03-0.src.rpm;openvino-2019R3-0.src.rpm;oprofile-1.4.0-0.src.rpm;pkgmgr-info-0.37.2-1.src.rpm;protobuf-33.1-1.src.rpm;python3-grpcio-1.76.0-0.src.rpm;python3-numpy-2.4.1-0.src.rpm;rive-tizen-0.2.0-1.src.rpm;rpk-installer-0.5.6-1.src.rpm;rscmgr-service-0.1-13.src.rpm;security-manager-2.4.0-0.src.rpm;sessiond-10.6.20-1.src.rpm;snappy-1.1.7-0.src.rpm;spirv-tools-2024.4.1-0.src.rpm;srt-1.5.0-1.src.rpm;swig-4.0.2-0.src.rpm;tensorflow2-2.18.0-1.2.src.rpm;tensorflow2-2.18.0-1.3.src.rpm;tensorflow2-2.18.0-1.src.rpm;tidl-2.7.1-1.src.rpm;tizen-action-1.3.13-1.src.rpm;tizen-core-0.4.2-0.src.rpm;tizen-core-imf-0.2.17-0.src.rpm;tvm-runtime-0.7.0-0.src.rpm;vulkan-tools-1.3.296-0.src.rpm;vulkan-validation-layers-1.3.296-0.src.rpm;vulkan-wsi-layer-1.0.5-0.src.rpm;webapi-plugins-2.92-0.src.rpm;wgt-manifest-handlers-1.11.1-1.src.rpm;yaml-cpp-0.8.0-0.src.rpm;zypper-1.14.38-0.src.rpm	HEADER_SIGNATURE_HEURISTIC_NOT_CROSS_PACKAGE_PROOF	entity_examples.tsv	NOT_OBSERVED	165
6	API-06211	std::shared_ptr	129	123	Open3D-0.17-2.src.rpm;abseil-cpp-20250814.1-1.2.src.rpm;amd-1.81.6-1.src.rpm;angle-2.1-1.src.rpm;app-core-1.27.13-0.src.rpm;app-installers-1.37.2-1.src.rpm;appcore-agent-1.7.7-1.src.rpm;appcore-widget-1.6.3-1.src.rpm;askuser-notification-0.8.4-1.src.rpm;aul-0.84.11-1.src.rpm;aurum-1.0.24-1.src.rpm;auth-fw-1.2.0-1.src.rpm;bcc-tools-0.35.0-2.1.src.rpm;behaviortree_cpp_v3-3.6.1-0.src.rpm;binutils-2.43-2.7.src.rpm;binutils-2.43-2.9.src.rpm;binutils-aarch64-2.43-2.2.src.rpm;binutils-armv7hl-2.43-2.2.src.rpm;binutils-armv7l-2.43-2.2.src.rpm;boost-1.83.0-2.2.src.rpm;boot-animation-dali-1.0.0-1.src.rpm;bpftrace-0.24.2-2.1.src.rpm;bundle-0.18.15-0.src.rpm;capi-appfw-app-control-0.26.2-0.src.rpm;capi-appfw-capmgr-0.0.4-1.src.rpm;capi-appfw-event-0.6.22-0.src.rpm;capi-media-transporter-1.3.0-0.src.rpm;capi-media-vision-1.0.17-0.src.rpm;ceres-solver-2.2.0-1.src.rpm;cion-1.2.26-1.src.rpm;cmake-3.31.2-1.12.src.rpm;cmake-3.31.2-1.14.src.rpm;component-based-1.6.7-1.src.rpm;context-app-history-4.0.2-1.src.rpm;context-common-4.0.3-1.src.rpm;context-job-scheduler-4.0.5-1.src.rpm;context-sensor-recorder-4.0.1-1.src.rpm;context-store-4.0.0-1.src.rpm;coreclr-8.0.11-0.src.rpm;coreclr-diagnostics-8.0.547301-37.src.rpm;crash-worker-10.0.1-1.src.rpm;dali2-adaptor-2.5.26-1.src.rpm;dali2-extension-2.5.26-1.src.rpm;dali2-toolkit-2.5.26-1.src.rpm;data-provider-master-1.11.3-1.src.rpm;device-certificate-manager-3.0.1-0.src.rpm;docker-launcher-1.0.1-0.src.rpm;doxygen-1.14.0-2.2.src.rpm;dynpart-tools-1.0-1.src.rpm;e-tizen-unittests-0.6.30-1.src.rpm;edgetpu-runtime-12.1-0.src.rpm;esd-1.1.5-1.src.rpm;esplusplayer-1.4.2-1.src.rpm;eventsystem-0.1.57-1.src.rpm;flatbuffers-24.3.25-1.src.rpm;gcc-14.2.0-1.12.src.rpm;gcc-14.2.0-1.14.src.rpm;gdb-16.3-1.3.src.rpm;gpgme-1.24.3-1.src.rpm;grpc-1.76.0-0.src.rpm;gstreamer-1.24.11-38.src.rpm;gtest-1.15.2-0.src.rpm;hailo-rt-0.1-0.src.rpm;hal-backend-security-auth-1.0.0-0.src.rpm;inference-engine-interface-0.5.2-0.src.rpm;iotivity-1.2.1-0.src.rpm;key-manager-0.1.90-1.src.rpm;klay-0.0.2-0.src.rpm;launchpad-0.50.17-1.src.rpm;libabigail-2.3-0.src.rpm;libcynara-commons-0.26.0-1.src.rpm;libdbuspolicy-1.2.0-0.src.rpm;libscreen_connector-1.9.12-1.src.rpm;libtbb-2019U3-0.src.rpm;libwatchface-complication-2.2.6-1.src.rpm;libzypp-17.23.7-1.src.rpm;lightweight-web-engine-1.4.0-1.src.rpm;llvm-22.1.8-18.1.src.rpm;lottie-player-0.2.5-1.src.rpm;lwnode-1.0.0-1.src.rpm;manifest-parser-1.9.0-1.src.rpm;mesa-24.3.4-0.src.rpm;mmi-2.2.2-0.src.rpm;mmi-manager-1.0.3-0.src.rpm;nan-manager-0.2.2-1.src.rpm;ncnn-20240102-1e88fb8.src.rpm;nghttp2-1.51.0-1.2.src.rpm;nghttp2-1.51.0-1.3.src.rpm;nnfw-1.28.0-1.src.rpm;nntrainer-0.5.0-0.src.rpm;notification-0.12.4-1.src.rpm;onnxruntime-1.16.3-1.src.rpm;opencv-4.7.0-8.src.rpm;openfst-1.8.4-2.2.src.rpm;openusd-24.03-0.src.rpm;openvino-2019R3-0.src.rpm;pkgmgr-0.23.1-0.src.rpm;pkgmgr-info-0.37.2-1.src.rpm;pkgmgr-tool-0.14.2-1.src.rpm;protobuf-33.1-1.src.rpm;python3-grpcio-1.76.0-0.src.rpm;python3-numpy-2.4.1-0.src.rpm;resource-information-0.1-3.src.rpm;rive-tizen-0.2.0-1.src.rpm;rpc-port-1.21.15-0.src.rpm;rpk-installer-0.5.6-1.src.rpm;sensord-10.0.0-1.src.rpm;singleo-0.0.1-0.src.rpm;srt-1.5.0-1.src.rpm;team-application-1.1.6-1.src.rpm;tensorflow2-2.18.0-1.2.src.rpm;tensorflow2-2.18.0-1.3.src.rpm;tensorflow2-2.18.0-1.src.rpm;tidl-2.7.1-1.src.rpm;tizen-action-1.3.13-1.src.rpm;tizen-core-0.4.2-0.src.rpm;tizen-theme-manager-1.3.3-1.src.rpm;tizen-watcher-1.0.7-1.src.rpm;tpk-manifest-handlers-1.15.0-1.src.rpm;tvm-runtime-0.7.0-0.src.rpm;united-service-1.3.1-0.src.rpm;voice-control-1.101.2-1.src.rpm;vulkan-validation-layers-1.3.296-0.src.rpm;webapi-plugins-2.92-0.src.rpm;webauthn-1.0.13-1.src.rpm;webauthn-ble-1.0.8-1.src.rpm;wgt-backend-0.18.6-1.src.rpm;wgt-manifest-handlers-1.11.1-1.src.rpm;wrtjs-1.1.1-1.src.rpm	HEADER_SIGNATURE_HEURISTIC_NOT_CROSS_PACKAGE_PROOF	entity_examples.tsv	NOT_OBSERVED	147
7	API-05000	std::list	98	90	Open3D-0.17-2.src.rpm;abseil-cpp-20250814.1-1.2.src.rpm;amd-1.81.6-1.src.rpm;angle-2.1-1.src.rpm;app-core-1.27.13-0.src.rpm;app-installers-1.37.2-1.src.rpm;aul-0.84.11-1.src.rpm;aurum-1.0.24-1.src.rpm;auth-fw-1.2.0-1.src.rpm;binutils-2.43-2.7.src.rpm;binutils-2.43-2.9.src.rpm;binutils-aarch64-2.43-2.2.src.rpm;binutils-armv7hl-2.43-2.2.src.rpm;binutils-armv7l-2.43-2.2.src.rpm;boost-1.83.0-2.2.src.rpm;bundle-0.18.15-0.src.rpm;capi-appfw-app-control-0.26.2-0.src.rpm;capi-media-vision-1.0.17-0.src.rpm;cert-svc-3.0.0-0.src.rpm;cion-1.2.26-1.src.rpm;cmake-3.31.2-1.12.src.rpm;cmake-3.31.2-1.14.src.rpm;component-based-1.6.7-1.src.rpm;context-job-scheduler-4.0.5-1.src.rpm;context-sensor-recorder-4.0.1-1.src.rpm;context-store-4.0.0-1.src.rpm;coreclr-8.0.11-0.src.rpm;coreclr-diagnostics-8.0.547301-37.src.rpm;cynara-0.26.0-1.src.rpm;dali2-2.5.26-1.src.rpm;dali2-toolkit-2.5.26-1.src.rpm;dali2-ui-foundation-2.5.14.10210-1.src.rpm;db4-4.8.30.NC-1.12.src.rpm;db4-4.8.30.NC-1.14.src.rpm;esplusplayer-1.4.2-1.src.rpm;eventsystem-0.1.57-1.src.rpm;gdb-16.3-1.3.src.rpm;glibmm-2.64.2-0.src.rpm;glog-0.3.5-1.src.rpm;glslang-13.1.1-0.src.rpm;gn-20210313-1.2.src.rpm;gn-20210313-1.3.src.rpm;grpc-1.76.0-0.src.rpm;gstreamer-1.24.11-38.src.rpm;hailo-rt-0.1-0.src.rpm;hal-backend-security-auth-1.0.0-0.src.rpm;icecream-0.9.7-1.2.src.rpm;icecream-0.9.7-1.3.src.rpm;icu-78.1-1.3.src.rpm;icu-78.1-1.4.src.rpm;iotivity-1.2.1-0.src.rpm;isf-11.1.28-1.src.rpm;key-manager-0.1.90-1.src.rpm;klay-0.0.2-0.src.rpm;launchpad-0.50.17-1.src.rpm;libabigail-2.3-0.src.rpm;libcynara-commons-0.26.0-1.src.rpm;libjxl-0.11.1-0.src.rpm;libtbb-2019U3-0.src.rpm;libtrackrenderer-0.2.1-0.src.rpm;libwatchface-complication-2.2.6-1.src.rpm;libwidget_service-1.3.9-1.src.rpm;libzypp-17.23.7-1.src.rpm;llvm-22.1.8-18.1.src.rpm;mesa-24.3.4-0.src.rpm;mmi-manager-1.0.3-0.src.rpm;nnfw-1.28.0-1.src.rpm;nntrainer-0.5.0-0.src.rpm;notification-0.12.4-1.src.rpm;onnxruntime-1.16.3-1.src.rpm;opencv-4.7.0-8.src.rpm;openfst-1.8.4-2.2.src.rpm;openusd-24.03-0.src.rpm;openvino-2019R3-0.src.rpm;oprofile-1.4.0-0.src.rpm;org.tizen.multi-assistant-service-0.3.43-1.src.rpm;pkgmgr-tool-0.14.2-1.src.rpm;podofo-0.9.7-0.src.rpm;python3-grpcio-1.76.0-0.src.rpm;resource-manager-0.1-7.src.rpm;rpc-port-1.21.15-0.src.rpm;security-manager-2.4.0-0.src.rpm;sensord-10.0.0-1.src.rpm;smartreply-1.1.13-1.src.rpm;spirv-tools-2024.4.1-0.src.rpm;srt-1.5.0-1.src.rpm;swig-4.0.2-0.src.rpm;tensorflow2-2.18.0-1.2.src.rpm;tensorflow2-2.18.0-1.3.src.rpm;tensorflow2-2.18.0-1.src.rpm;thorvg-1.0.0-1.src.rpm;tidl-2.7.1-1.src.rpm;tizen-core-0.4.2-0.src.rpm;tizen-core-imf-0.2.17-0.src.rpm;tvm-runtime-0.7.0-0.src.rpm;webapi-plugins-2.92-0.src.rpm;yaml-cpp-0.8.0-0.src.rpm;zypper-1.14.38-0.src.rpm	HEADER_SIGNATURE_HEURISTIC_NOT_CROSS_PACKAGE_PROOF	entity_examples.tsv	NOT_OBSERVED	142
8	API-03451	std::exception	70	61	abseil-cpp-20250814.1-1.2.src.rpm;amd-1.81.6-1.src.rpm;appcore-agent-1.7.7-1.src.rpm;askuser-notification-0.8.4-1.src.rpm;aul-0.84.11-1.src.rpm;auth-fw-1.2.0-1.src.rpm;behaviortree_cpp_v3-3.6.1-0.src.rpm;boost-1.83.0-2.2.src.rpm;bpftrace-0.24.2-2.1.src.rpm;bundle-0.18.15-0.src.rpm;capi-appfw-app-control-0.26.2-0.src.rpm;capi-appfw-preference-0.6.24-0.src.rpm;capi-media-vision-1.0.17-0.src.rpm;ceres-solver-2.2.0-1.src.rpm;cert-svc-3.0.0-0.src.rpm;cion-1.2.26-1.src.rpm;cmake-3.31.2-1.12.src.rpm;cmake-3.31.2-1.14.src.rpm;component-based-1.6.7-1.src.rpm;dali2-adaptor-2.5.26-1.src.rpm;dali2-csharp-binder-2.5.26-1.src.rpm;dali2-toolkit-2.5.26-1.src.rpm;docker-launcher-1.0.1-0.src.rpm;doxygen-1.14.0-2.2.src.rpm;dynpart-tools-1.0-1.src.rpm;gcc-14.2.0-1.12.src.rpm;gcc-14.2.0-1.14.src.rpm;gtest-1.15.2-0.src.rpm;hailo-rt-0.1-0.src.rpm;hal-backend-security-auth-1.0.0-0.src.rpm;icecream-0.9.7-1.2.src.rpm;icecream-0.9.7-1.3.src.rpm;icu-78.1-1.3.src.rpm;icu-78.1-1.4.src.rpm;jsoncpp-1.9.6-1.11.src.rpm;jsoncpp-1.9.6-1.13.src.rpm;jsoncpp-1.9.6-1.15.src.rpm;key-manager-0.1.90-1.src.rpm;klay-0.0.2-0.src.rpm;launchpad-0.50.17-1.src.rpm;libcynara-commons-0.26.0-1.src.rpm;libtbb-2019U3-0.src.rpm;libwatchface-complication-2.2.6-1.src.rpm;libzypp-17.23.7-1.src.rpm;lightweight-web-engine-1.4.0-1.src.rpm;llvm-22.1.8-18.1.src.rpm;mesa-24.3.4-0.src.rpm;nghttp2-1.51.0-1.2.src.rpm;nghttp2-1.51.0-1.3.src.rpm;nnfw-1.28.0-1.src.rpm;nntrainer-0.5.0-0.src.rpm;notification-0.12.4-1.src.rpm;onnxruntime-1.16.3-1.src.rpm;opencv-4.7.0-8.src.rpm;openusd-24.03-0.src.rpm;openvino-2019R3-0.src.rpm;oprofile-1.4.0-0.src.rpm;pkgmgr-0.23.1-0.src.rpm;pkgmgr-info-0.37.2-1.src.rpm;rpc-port-1.21.15-0.src.rpm;security-manager-2.4.0-0.src.rpm;sessiond-10.6.20-1.src.rpm;tensorflow2-2.18.0-1.2.src.rpm;tensorflow2-2.18.0-1.3.src.rpm;tensorflow2-2.18.0-1.src.rpm;trust-anchor-2.1.2-0.src.rpm;united-service-1.3.1-0.src.rpm;webapi-plugins-2.92-0.src.rpm;webauthn-1.0.13-1.src.rpm;webauthn-ble-1.0.8-1.src.rpm	HEADER_SIGNATURE_HEURISTIC_NOT_CROSS_PACKAGE_PROOF	entity_examples.tsv	NOT_OBSERVED	138
9	API-06173	std::set	90	81	abseil-cpp-20250814.1-1.2.src.rpm;amd-1.81.6-1.src.rpm;angle-2.1-1.src.rpm;app-installers-1.37.2-1.src.rpm;askuser-notification-0.8.4-1.src.rpm;aul-0.84.11-1.src.rpm;auth-fw-1.2.0-1.src.rpm;bcc-tools-0.35.0-2.1.src.rpm;behaviortree_cpp_v3-3.6.1-0.src.rpm;binutils-2.43-2.7.src.rpm;binutils-2.43-2.9.src.rpm;binutils-aarch64-2.43-2.2.src.rpm;binutils-armv7hl-2.43-2.2.src.rpm;binutils-armv7l-2.43-2.2.src.rpm;boost-1.83.0-2.2.src.rpm;bpftrace-0.24.2-2.1.src.rpm;capi-media-vision-1.0.17-0.src.rpm;capi-network-vine-1.3.5-0.src.rpm;ccache-4.12.1-2.2.src.rpm;ceres-solver-2.2.0-1.src.rpm;cmake-3.31.2-1.12.src.rpm;cmake-3.31.2-1.14.src.rpm;context-job-scheduler-4.0.5-1.src.rpm;coreclr-8.0.11-0.src.rpm;coreclr-diagnostics-8.0.547301-37.src.rpm;cynara-0.26.0-1.src.rpm;dali2-2.5.26-1.src.rpm;dali2-adaptor-2.5.26-1.src.rpm;docker-launcher-1.0.1-0.src.rpm;dynpart-tools-1.0-1.src.rpm;flatbuffers-24.3.25-1.src.rpm;gcc-14.2.0-1.12.src.rpm;gcc-14.2.0-1.14.src.rpm;gdb-16.3-1.3.src.rpm;glog-0.3.5-1.src.rpm;glslang-13.1.1-0.src.rpm;gn-20210313-1.2.src.rpm;gn-20210313-1.3.src.rpm;gpgme-1.24.3-1.src.rpm;grpc-1.76.0-0.src.rpm;gtest-1.15.2-0.src.rpm;hailo-rt-0.1-0.src.rpm;hal-backend-security-auth-1.0.0-0.src.rpm;iotivity-1.2.1-0.src.rpm;ise-engine-sunpinyin-1.0.12-1.src.rpm;key-manager-0.1.90-1.src.rpm;klay-0.0.2-0.src.rpm;leveldb-1.23-1.src.rpm;libscl-ui-0.11.9-1.src.rpm;libzypp-17.23.7-1.src.rpm;lightweight-web-engine-1.4.0-1.src.rpm;llvm-22.1.8-18.1.src.rpm;lwnode-1.0.0-1.src.rpm;mesa-24.3.4-0.src.rpm;nan-manager-0.2.2-1.src.rpm;ncnn-20240102-1e88fb8.src.rpm;nghttp2-1.51.0-1.2.src.rpm;nghttp2-1.51.0-1.3.src.rpm;ninja-1.13.1-1.13.src.rpm;ninja-1.13.1-1.14.src.rpm;nnfw-1.28.0-1.src.rpm;nntrainer-0.5.0-0.src.rpm;onnxruntime-1.16.3-1.src.rpm;opencv-4.7.0-8.src.rpm;openfst-1.8.4-2.2.src.rpm;openusd-24.03-0.src.rpm;openvino-2019R3-0.src.rpm;oprofile-1.4.0-0.src.rpm;patchelf-0.16.1-1.11.src.rpm;patchelf-0.16.1-1.12.src.rpm;podofo-0.9.7-0.src.rpm;python3-grpcio-1.76.0-0.src.rpm;re2c-4.3-1.src.rpm;resource-information-0.1-3.src.rpm;rive-tizen-0.2.0-1.src.rpm;rpk-installer-0.5.6-1.src.rpm;rscmgr-service-0.1-13.src.rpm;sessiond-10.6.20-1.src.rpm;spirv-tools-2024.4.1-0.src.rpm;srt-1.5.0-1.src.rpm;tensorflow2-2.18.0-1.2.src.rpm;tensorflow2-2.18.0-1.3.src.rpm;tensorflow2-2.18.0-1.src.rpm;ttrace-1.1.0-1.src.rpm;tvm-runtime-0.7.0-0.src.rpm;vulkan-validation-layers-1.3.296-0.src.rpm;webapi-plugins-2.92-0.src.rpm;wgt-backend-0.18.6-1.src.rpm;yaml-cpp-0.8.0-0.src.rpm;zypper-1.14.38-0.src.rpm	HEADER_SIGNATURE_HEURISTIC_NOT_CROSS_PACKAGE_PROOF	entity_examples.tsv	NOT_OBSERVED	130
10	API-04497	std::function	119	111	Open3D-0.17-2.src.rpm;abseil-cpp-20250814.1-1.2.src.rpm;amd-1.81.6-1.src.rpm;angle-2.1-1.src.rpm;app-core-1.27.13-0.src.rpm;app-installers-1.37.2-1.src.rpm;appcore-agent-1.7.7-1.src.rpm;askuser-notification-0.8.4-1.src.rpm;aurum-1.0.24-1.src.rpm;auth-fw-1.2.0-1.src.rpm;bcc-tools-0.35.0-2.1.src.rpm;behaviortree_cpp_v3-3.6.1-0.src.rpm;binutils-2.43-2.7.src.rpm;binutils-2.43-2.9.src.rpm;binutils-aarch64-2.43-2.2.src.rpm;binutils-armv7hl-2.43-2.2.src.rpm;binutils-armv7l-2.43-2.2.src.rpm;boost-1.83.0-2.2.src.rpm;bpftrace-0.24.2-2.1.src.rpm;bundle-0.18.15-0.src.rpm;capi-media-vision-1.0.17-0.src.rpm;capi-network-softap-0.1.3-1.src.rpm;capi-network-vine-1.3.5-0.src.rpm;ccache-4.12.1-2.2.src.rpm;ceres-solver-2.2.0-1.src.rpm;cion-1.2.26-1.src.rpm;cmake-3.31.2-1.12.src.rpm;cmake-3.31.2-1.14.src.rpm;coreclr-8.0.11-0.src.rpm;coreclr-diagnostics-8.0.547301-37.src.rpm;crash-worker-10.0.1-1.src.rpm;cynara-0.26.0-1.src.rpm;dali2-2.5.26-1.src.rpm;dali2-adaptor-2.5.26-1.src.rpm;dali2-csharp-binder-2.5.26-1.src.rpm;dali2-extension-2.5.26-1.src.rpm;dali2-toolkit-2.5.26-1.src.rpm;dali2-ui-foundation-2.5.14.10210-1.src.rpm;dfs-opencv-1.0.12-0.src.rpm;docker-launcher-1.0.1-0.src.rpm;dotnet-launcher-8.0.11-1.src.rpm;doxygen-1.14.0-2.2.src.rpm;dynpart-tools-1.0-1.src.rpm;esd-1.1.5-1.src.rpm;esplusplayer-1.4.2-1.src.rpm;eventsystem-0.1.57-1.src.rpm;flatbuffers-24.3.25-1.src.rpm;gcc-14.2.0-1.12.src.rpm;gcc-14.2.0-1.14.src.rpm;gdb-16.3-1.3.src.rpm;glslang-13.1.1-0.src.rpm;gn-20210313-1.2.src.rpm;gn-20210313-1.3.src.rpm;gpgme-1.24.3-1.src.rpm;grpc-1.76.0-0.src.rpm;gstreamer-1.24.11-38.src.rpm;gtest-1.15.2-0.src.rpm;hailo-rt-0.1-0.src.rpm;hal-backend-sensor-emulator-1.0.4-0.src.rpm;hal-backend-sensor-rpi-1.0.4-0.src.rpm;icu-78.1-1.3.src.rpm;icu-78.1-1.4.src.rpm;iotivity-1.2.1-0.src.rpm;ise-default-dali-0.3.0-1.src.rpm;key-manager-0.1.90-1.src.rpm;klay-0.0.2-0.src.rpm;launchpad-0.50.17-1.src.rpm;libabigail-2.3-0.src.rpm;libcynara-commons-0.26.0-1.src.rpm;libjxl-0.11.1-0.src.rpm;libtrackrenderer-0.2.1-0.src.rpm;libzypp-17.23.7-1.src.rpm;lightweight-web-engine-1.4.0-1.src.rpm;llvm-22.1.8-18.1.src.rpm;lottie-player-0.2.5-1.src.rpm;lwnode-1.0.0-1.src.rpm;mesa-24.3.4-0.src.rpm;mmi-2.2.2-0.src.rpm;nan-manager-0.2.2-1.src.rpm;nghttp2-1.51.0-1.2.src.rpm;nghttp2-1.51.0-1.3.src.rpm;nnfw-1.28.0-1.src.rpm;nntrainer-0.5.0-0.src.rpm;ode-0.0.5-0.src.rpm;onnxruntime-1.16.3-1.src.rpm;opencv-4.7.0-8.src.rpm;openusd-24.03-0.src.rpm;openvino-2019R3-0.src.rpm;org.tizen.multi-assistant-service-0.3.43-1.src.rpm;pkgmgr-0.23.1-0.src.rpm;protobuf-33.1-1.src.rpm;python3-grpcio-1.76.0-0.src.rpm;python3-numpy-2.4.1-0.src.rpm;re2-20250812-1.src.rpm;rive-tizen-0.2.0-1.src.rpm;rpc-port-1.21.15-0.src.rpm;security-manager-2.4.0-0.src.rpm;singleo-0.0.1-0.src.rpm;spirv-tools-2024.4.1-0.src.rpm;team-application-1.1.6-1.src.rpm;tensorflow2-2.18.0-1.2.src.rpm;tensorflow2-2.18.0-1.3.src.rpm;tensorflow2-2.18.0-1.src.rpm;thorvg-1.0.0-1.src.rpm;tidl-2.7.1-1.src.rpm;tizen-action-1.3.13-1.src.rpm;tizen-core-0.4.2-0.src.rpm;tizen-core-imf-0.2.17-0.src.rpm;tpk-manifest-handlers-1.15.0-1.src.rpm;trust-anchor-2.1.2-0.src.rpm;ttrace-1.1.0-1.src.rpm;tvm-runtime-0.7.0-0.src.rpm;united-service-1.3.1-0.src.rpm;vulkan-validation-layers-1.3.296-0.src.rpm;vulkan-wsi-layer-1.0.5-0.src.rpm;webapi-plugins-2.92-0.src.rpm;webauthn-ble-1.0.8-1.src.rpm;xwalk-extensions-common-0.0.1-1.src.rpm;zypper-1.14.38-0.src.rpm	HEADER_SIGNATURE_HEURISTIC_NOT_CROSS_PACKAGE_PROOF	entity_examples.tsv	NOT_OBSERVED	129
11	API-04577	std::ifstream	30	28	Open3D-0.17-2.src.rpm;boost-1.83.0-2.2.src.rpm;capi-media-vision-1.0.17-0.src.rpm;cion-1.2.26-1.src.rpm;crash-worker-10.0.1-1.src.rpm;docker-launcher-1.0.1-0.src.rpm;doxygen-1.14.0-2.2.src.rpm;esplusplayer-1.4.2-1.src.rpm;glslang-13.1.1-0.src.rpm;gstreamer-1.24.11-38.src.rpm;hailo-rt-0.1-0.src.rpm;libcynara-commons-0.26.0-1.src.rpm;libtbb-2019U3-0.src.rpm;libzypp-17.23.7-1.src.rpm;lightweight-web-engine-1.4.0-1.src.rpm;llvm-22.1.8-18.1.src.rpm;nnfw-1.28.0-1.src.rpm;nntrainer-0.5.0-0.src.rpm;onnxruntime-1.16.3-1.src.rpm;opencv-4.7.0-8.src.rpm;openfst-1.8.4-2.2.src.rpm;openusd-24.03-0.src.rpm;oprofile-1.4.0-0.src.rpm;security-manager-2.4.0-0.src.rpm;sessiond-10.6.20-1.src.rpm;tensorflow2-2.18.0-1.2.src.rpm;tensorflow2-2.18.0-1.3.src.rpm;tensorflow2-2.18.0-1.src.rpm;tidl-2.7.1-1.src.rpm;tvm-runtime-0.7.0-0.src.rpm	HEADER_SIGNATURE_HEURISTIC_NOT_CROSS_PACKAGE_PROOF	entity_examples.tsv	NOT_OBSERVED	122
12	API-06234	std::size_t	93	83	Open3D-0.17-2.src.rpm;abseil-cpp-20250814.1-1.2.src.rpm;amd-1.81.6-1.src.rpm;angle-2.1-1.src.rpm;askuser-notification-0.8.4-1.src.rpm;aul-0.84.11-1.src.rpm;aurum-1.0.24-1.src.rpm;auth-fw-1.2.0-1.src.rpm;behaviortree_cpp_v3-3.6.1-0.src.rpm;binutils-2.43-2.7.src.rpm;binutils-2.43-2.9.src.rpm;binutils-aarch64-2.43-2.2.src.rpm;binutils-armv7hl-2.43-2.2.src.rpm;binutils-armv7l-2.43-2.2.src.rpm;boost-1.83.0-2.2.src.rpm;bpftrace-0.24.2-2.1.src.rpm;bundle-0.18.15-0.src.rpm;capi-appfw-app-control-0.26.2-0.src.rpm;ccache-4.12.1-2.2.src.rpm;ceres-solver-2.2.0-1.src.rpm;cmake-3.31.2-1.12.src.rpm;cmake-3.31.2-1.14.src.rpm;coreclr-8.0.11-0.src.rpm;dali2-2.5.26-1.src.rpm;dali2-adaptor-2.5.26-1.src.rpm;dali2-csharp-binder-2.5.26-1.src.rpm;dali2-extension-2.5.26-1.src.rpm;dali2-toolkit-2.5.26-1.src.rpm;dali2-ui-foundation-2.5.14.10210-1.src.rpm;device-certificate-manager-3.0.1-0.src.rpm;doxygen-1.14.0-2.2.src.rpm;dynpart-tools-1.0-1.src.rpm;eventsystem-0.1.57-1.src.rpm;flatbuffers-24.3.25-1.src.rpm;gcc-14.2.0-1.12.src.rpm;gcc-14.2.0-1.14.src.rpm;gdb-16.3-1.3.src.rpm;glibmm-2.64.2-0.src.rpm;glslang-13.1.1-0.src.rpm;gn-20210313-1.2.src.rpm;gn-20210313-1.3.src.rpm;grpc-1.76.0-0.src.rpm;gtest-1.15.2-0.src.rpm;hailo-rt-0.1-0.src.rpm;hal-backend-security-auth-1.0.0-0.src.rpm;harfbuzz-8.2.2-0.src.rpm;icu-78.1-1.3.src.rpm;icu-78.1-1.4.src.rpm;iotivity-1.2.1-0.src.rpm;key-manager-0.1.90-1.src.rpm;libabigail-2.3-0.src.rpm;libcynara-commons-0.26.0-1.src.rpm;libdbuspolicy-1.2.0-0.src.rpm;libgbm-msm-1.0.0-0.src.rpm;libjxl-0.11.1-0.src.rpm;libsigc++-2.12.1-1.1.src.rpm;libsigc++-2.12.1-1.2.src.rpm;libsigc++-2.12.1-1.3.src.rpm;libtbb-2019U3-0.src.rpm;lightweight-web-engine-1.4.0-1.src.rpm;llvm-22.1.8-18.1.src.rpm;lottie-player-0.2.5-1.src.rpm;mesa-24.3.4-0.src.rpm;nghttp2-1.51.0-1.2.src.rpm;nghttp2-1.51.0-1.3.src.rpm;nnfw-1.28.0-1.src.rpm;nntrainer-0.5.0-0.src.rpm;onnxruntime-1.16.3-1.src.rpm;opencv-4.7.0-8.src.rpm;openfst-1.8.4-2.2.src.rpm;openusd-24.03-0.src.rpm;openvino-2019R3-0.src.rpm;oprofile-1.4.0-0.src.rpm;protobuf-33.1-1.src.rpm;python3-grpcio-1.76.0-0.src.rpm;python3-numpy-2.4.1-0.src.rpm;rive-tizen-0.2.0-1.src.rpm;security-manager-2.4.0-0.src.rpm;sessiond-10.6.20-1.src.rpm;spirv-tools-2024.4.1-0.src.rpm;tensorflow2-2.18.0-1.2.src.rpm;tensorflow2-2.18.0-1.3.src.rpm;tensorflow2-2.18.0-1.src.rpm;thorvg-1.0.0-1.src.rpm;tidl-2.7.1-1.src.rpm;tizen-action-1.3.13-1.src.rpm;tvm-runtime-0.7.0-0.src.rpm;voice-control-1.101.2-1.src.rpm;vulkan-tools-1.3.296-0.src.rpm;vulkan-validation-layers-1.3.296-0.src.rpm;vulkan-wsi-layer-1.0.5-0.src.rpm;webapi-plugins-2.92-0.src.rpm;yaml-cpp-0.8.0-0.src.rpm	HEADER_SIGNATURE_HEURISTIC_NOT_CROSS_PACKAGE_PROOF	entity_examples.tsv	NOT_OBSERVED	116
13	API-06324	std::stringstream	51	48	Open3D-0.17-2.src.rpm;abseil-cpp-20250814.1-1.2.src.rpm;angle-2.1-1.src.rpm;askuser-notification-0.8.4-1.src.rpm;behaviortree_cpp_v3-3.6.1-0.src.rpm;boost-1.83.0-2.2.src.rpm;bpftrace-0.24.2-2.1.src.rpm;ceres-solver-2.2.0-1.src.rpm;dali2-2.5.26-1.src.rpm;dali2-adaptor-2.5.26-1.src.rpm;dali2-csharp-binder-2.5.26-1.src.rpm;dali2-toolkit-2.5.26-1.src.rpm;device-certificate-manager-3.0.1-0.src.rpm;dynpart-tools-1.0-1.src.rpm;esplusplayer-1.4.2-1.src.rpm;flatbuffers-24.3.25-1.src.rpm;gcc-14.2.0-1.12.src.rpm;gcc-14.2.0-1.14.src.rpm;gpgme-1.24.3-1.src.rpm;grpc-1.76.0-0.src.rpm;gtest-1.15.2-0.src.rpm;hailo-rt-0.1-0.src.rpm;hal-backend-security-auth-1.0.0-0.src.rpm;isf-11.1.28-1.src.rpm;klay-0.0.2-0.src.rpm;libcynara-commons-0.26.0-1.src.rpm;libjxl-0.11.1-0.src.rpm;libzypp-17.23.7-1.src.rpm;lightweight-web-engine-1.4.0-1.src.rpm;llvm-22.1.8-18.1.src.rpm;lwnode-1.0.0-1.src.rpm;mesa-24.3.4-0.src.rpm;nnfw-1.28.0-1.src.rpm;nntrainer-0.5.0-0.src.rpm;onnxruntime-1.16.3-1.src.rpm;opencv-4.7.0-8.src.rpm;openfst-1.8.4-2.2.src.rpm;openusd-24.03-0.src.rpm;openvino-2019R3-0.src.rpm;protobuf-33.1-1.src.rpm;security-manager-2.4.0-0.src.rpm;spirv-tools-2024.4.1-0.src.rpm;srt-1.5.0-1.src.rpm;tensorflow2-2.18.0-1.2.src.rpm;tensorflow2-2.18.0-1.3.src.rpm;tensorflow2-2.18.0-1.src.rpm;tvm-runtime-0.7.0-0.src.rpm;vulkan-tools-1.3.296-0.src.rpm;vulkan-validation-layers-1.3.296-0.src.rpm;webapi-plugins-2.92-0.src.rpm;yaml-cpp-0.8.0-0.src.rpm	HEADER_SIGNATURE_HEURISTIC_NOT_CROSS_PACKAGE_PROOF	entity_examples.tsv	NOT_OBSERVED	115
14	API-05291	std::mutex	60	55	Open3D-0.17-2.src.rpm;angle-2.1-1.src.rpm;aurum-1.0.24-1.src.rpm;auth-fw-1.2.0-1.src.rpm;behaviortree_cpp_v3-3.6.1-0.src.rpm;boost-1.83.0-2.2.src.rpm;bundle-0.18.15-0.src.rpm;capi-media-transporter-1.3.0-0.src.rpm;capi-media-vision-1.0.17-0.src.rpm;capi-network-vine-1.3.5-0.src.rpm;ceres-solver-2.2.0-1.src.rpm;cion-1.2.26-1.src.rpm;cmake-3.31.2-1.12.src.rpm;cmake-3.31.2-1.14.src.rpm;coreclr-8.0.11-0.src.rpm;coreclr-diagnostics-8.0.547301-37.src.rpm;dali2-2.5.26-1.src.rpm;dali2-adaptor-2.5.26-1.src.rpm;dfs-opencv-1.0.12-0.src.rpm;docker-launcher-1.0.1-0.src.rpm;doxygen-1.14.0-2.2.src.rpm;dynpart-tools-1.0-1.src.rpm;esplusplayer-1.4.2-1.src.rpm;glslang-13.1.1-0.src.rpm;gn-20210313-1.2.src.rpm;gn-20210313-1.3.src.rpm;grpc-1.76.0-0.src.rpm;gtest-1.15.2-0.src.rpm;hailo-rt-0.1-0.src.rpm;harfbuzz-8.2.2-0.src.rpm;icu-78.1-1.3.src.rpm;icu-78.1-1.4.src.rpm;key-manager-0.1.90-1.src.rpm;klay-0.0.2-0.src.rpm;leveldb-1.23-1.src.rpm;libcynara-commons-0.26.0-1.src.rpm;libdbuspolicy-1.2.0-0.src.rpm;libjxl-0.11.1-0.src.rpm;libtrackrenderer-0.2.1-0.src.rpm;lightweight-web-engine-1.4.0-1.src.rpm;llvm-22.1.8-18.1.src.rpm;mesa-24.3.4-0.src.rpm;nnfw-1.28.0-1.src.rpm;nntrainer-0.5.0-0.src.rpm;onnxruntime-1.16.3-1.src.rpm;opencv-4.7.0-8.src.rpm;openusd-24.03-0.src.rpm;openvino-2019R3-0.src.rpm;python3-numpy-2.4.1-0.src.rpm;singleo-0.0.1-0.src.rpm;tensorflow2-2.18.0-1.2.src.rpm;tensorflow2-2.18.0-1.3.src.rpm;tensorflow2-2.18.0-1.src.rpm;tizen-action-1.3.13-1.src.rpm;tizen-core-0.4.2-0.src.rpm;tizen-watcher-1.0.7-1.src.rpm;tvm-runtime-0.7.0-0.src.rpm;vulkan-validation-layers-1.3.296-0.src.rpm;webapi-plugins-2.92-0.src.rpm;webauthn-ble-1.0.8-1.src.rpm	HEADER_SIGNATURE_HEURISTIC_NOT_CROSS_PACKAGE_PROOF	entity_examples.tsv	NOT_OBSERVED	111
15	API-07153	std::unordered_map	73	66	Open3D-0.17-2.src.rpm;abseil-cpp-20250814.1-1.2.src.rpm;amd-1.81.6-1.src.rpm;angle-2.1-1.src.rpm;appcore-agent-1.7.7-1.src.rpm;askuser-notification-0.8.4-1.src.rpm;aul-0.84.11-1.src.rpm;bcc-tools-0.35.0-2.1.src.rpm;behaviortree_cpp_v3-3.6.1-0.src.rpm;binutils-2.43-2.7.src.rpm;binutils-2.43-2.9.src.rpm;binutils-aarch64-2.43-2.2.src.rpm;binutils-armv7hl-2.43-2.2.src.rpm;binutils-armv7l-2.43-2.2.src.rpm;boost-1.83.0-2.2.src.rpm;bpftrace-0.24.2-2.1.src.rpm;bundle-0.18.15-0.src.rpm;ccache-4.12.1-2.2.src.rpm;ceres-solver-2.2.0-1.src.rpm;cmake-3.31.2-1.12.src.rpm;cmake-3.31.2-1.14.src.rpm;coreclr-8.0.11-0.src.rpm;dali2-2.5.26-1.src.rpm;dali2-adaptor-2.5.26-1.src.rpm;dali2-toolkit-2.5.26-1.src.rpm;dali2-ui-foundation-2.5.14.10210-1.src.rpm;doxygen-1.14.0-2.2.src.rpm;dynpart-tools-1.0-1.src.rpm;gcc-14.2.0-1.12.src.rpm;gcc-14.2.0-1.14.src.rpm;gdb-16.3-1.3.src.rpm;glog-0.3.5-1.src.rpm;glslang-13.1.1-0.src.rpm;gn-20210313-1.2.src.rpm;gn-20210313-1.3.src.rpm;grpc-1.76.0-0.src.rpm;gtest-1.15.2-0.src.rpm;hailo-rt-0.1-0.src.rpm;icu-78.1-1.3.src.rpm;icu-78.1-1.4.src.rpm;iotivity-1.2.1-0.src.rpm;klay-0.0.2-0.src.rpm;launchpad-0.50.17-1.src.rpm;libabigail-2.3-0.src.rpm;libcynara-commons-0.26.0-1.src.rpm;libgbm-msm-1.0.0-0.src.rpm;libjxl-0.11.1-0.src.rpm;libtbb-2019U3-0.src.rpm;libzypp-17.23.7-1.src.rpm;lightweight-web-engine-1.4.0-1.src.rpm;llvm-22.1.8-18.1.src.rpm;lwnode-1.0.0-1.src.rpm;mesa-24.3.4-0.src.rpm;nnfw-1.28.0-1.src.rpm;nntrainer-0.5.0-0.src.rpm;onnxruntime-1.16.3-1.src.rpm;opencv-4.7.0-8.src.rpm;openfst-1.8.4-2.2.src.rpm;openusd-24.03-0.src.rpm;openvino-2019R3-0.src.rpm;pkgmgr-info-0.37.2-1.src.rpm;python3-grpcio-1.76.0-0.src.rpm;rive-tizen-0.2.0-1.src.rpm;spirv-tools-2024.4.1-0.src.rpm;tensorflow2-2.18.0-1.2.src.rpm;tensorflow2-2.18.0-1.3.src.rpm;tensorflow2-2.18.0-1.src.rpm;tidl-2.7.1-1.src.rpm;tvm-runtime-0.7.0-0.src.rpm;united-service-1.3.1-0.src.rpm;vulkan-tools-1.3.296-0.src.rpm;vulkan-validation-layers-1.3.296-0.src.rpm;yaml-cpp-0.8.0-0.src.rpm	HEADER_SIGNATURE_HEURISTIC_NOT_CROSS_PACKAGE_PROOF	entity_examples.tsv	NOT_OBSERVED	109
16	API-05420	std::ostream	95	83	Open3D-0.17-2.src.rpm;abseil-cpp-20250814.1-1.2.src.rpm;angle-2.1-1.src.rpm;askuser-notification-0.8.4-1.src.rpm;aspell-0.60.8.1-0.src.rpm;bcc-tools-0.35.0-2.1.src.rpm;behaviortree_cpp_v3-3.6.1-0.src.rpm;boost-1.83.0-2.2.src.rpm;bpftrace-0.24.2-2.1.src.rpm;capi-media-vision-1.0.17-0.src.rpm;ceres-solver-2.2.0-1.src.rpm;cert-svc-3.0.0-0.src.rpm;cmake-3.31.2-1.12.src.rpm;cmake-3.31.2-1.14.src.rpm;coreclr-8.0.11-0.src.rpm;coreclr-diagnostics-8.0.547301-37.src.rpm;cynara-0.26.0-1.src.rpm;dali2-2.5.26-1.src.rpm;dali2-adaptor-2.5.26-1.src.rpm;dali2-toolkit-2.5.26-1.src.rpm;dali2-ui-foundation-2.5.14.10210-1.src.rpm;doxygen-1.14.0-2.2.src.rpm;dynpart-tools-1.0-1.src.rpm;edgetpu-runtime-12.1-0.src.rpm;flatbuffers-24.3.25-1.src.rpm;gcc-14.2.0-1.12.src.rpm;gcc-14.2.0-1.14.src.rpm;gdb-16.3-1.3.src.rpm;gettext-0.21.1-2.11.src.rpm;gettext-0.21.1-2.13.src.rpm;glibmm-2.64.2-0.src.rpm;glog-0.3.5-1.src.rpm;glslang-13.1.1-0.src.rpm;gmp-4.2.1-1.12.src.rpm;gmp-4.2.1-1.14.src.rpm;gn-20210313-1.2.src.rpm;gn-20210313-1.3.src.rpm;gpgme-1.24.3-1.src.rpm;grpc-1.76.0-0.src.rpm;gtest-1.15.2-0.src.rpm;hailo-rt-0.1-0.src.rpm;icecream-0.9.7-1.2.src.rpm;icecream-0.9.7-1.3.src.rpm;icu-78.1-1.3.src.rpm;icu-78.1-1.4.src.rpm;iotivity-1.2.1-0.src.rpm;isf-11.1.28-1.src.rpm;key-manager-0.1.90-1.src.rpm;klay-0.0.2-0.src.rpm;libabigail-2.3-0.src.rpm;libcynara-commons-0.26.0-1.src.rpm;libdbuspolicy-1.2.0-0.src.rpm;libjxl-0.11.1-0.src.rpm;libxml++-5.6.0-1.src.rpm;libzypp-17.23.7-1.src.rpm;libzypp-bindings-0.7.4-0.src.rpm;lightweight-web-engine-1.4.0-1.src.rpm;llvm-22.1.8-18.1.src.rpm;lottie-player-0.2.5-1.src.rpm;lwnode-1.0.0-1.src.rpm;mesa-24.3.4-0.src.rpm;mmi-2.2.2-0.src.rpm;nghttp2-1.51.0-1.2.src.rpm;nghttp2-1.51.0-1.3.src.rpm;nnfw-1.28.0-1.src.rpm;nntrainer-0.5.0-0.src.rpm;onnxruntime-1.16.3-1.src.rpm;opencv-4.7.0-8.src.rpm;openfst-1.8.4-2.2.src.rpm;openusd-24.03-0.src.rpm;openvino-2019R3-0.src.rpm;oprofile-1.4.0-0.src.rpm;podofo-0.9.7-0.src.rpm;protobuf-33.1-1.src.rpm;python3-grpcio-1.76.0-0.src.rpm;python3-numpy-2.4.1-0.src.rpm;re2c-4.3-1.src.rpm;rive-tizen-0.2.0-1.src.rpm;spirv-tools-2024.4.1-0.src.rpm;srt-1.5.0-1.src.rpm;taglib-1.13.1-1.2.src.rpm;taglib-1.13.1-1.3.src.rpm;tensorflow2-2.18.0-1.2.src.rpm;tensorflow2-2.18.0-1.3.src.rpm;tensorflow2-2.18.0-1.src.rpm;tidl-2.7.1-1.src.rpm;tiff-4.7.0-1.2.src.rpm;tiff-4.7.0-1.3.src.rpm;tvm-runtime-0.7.0-0.src.rpm;vulkan-tools-1.3.296-0.src.rpm;vulkan-validation-layers-1.3.296-0.src.rpm;webapi-plugins-2.92-0.src.rpm;webrtc-audio-processing-0.3.1-2.src.rpm;yaml-cpp-0.8.0-0.src.rpm;zypper-1.14.38-0.src.rpm	HEADER_SIGNATURE_HEURISTIC_NOT_CROSS_PACKAGE_PROOF	entity_examples.tsv	NOT_OBSERVED	107
17	API-05440	std::ostringstream	56	51	abseil-cpp-20250814.1-1.2.src.rpm;angle-2.1-1.src.rpm;auth-fw-1.2.0-1.src.rpm;behaviortree_cpp_v3-3.6.1-0.src.rpm;boost-1.83.0-2.2.src.rpm;cert-svc-3.0.0-0.src.rpm;cmake-3.31.2-1.12.src.rpm;cmake-3.31.2-1.14.src.rpm;dali2-2.5.26-1.src.rpm;dali2-adaptor-2.5.26-1.src.rpm;dali2-toolkit-2.5.26-1.src.rpm;dali2-ui-foundation-2.5.14.10210-1.src.rpm;dynpart-tools-1.0-1.src.rpm;e-tizen-unittests-0.6.30-1.src.rpm;glslang-13.1.1-0.src.rpm;gn-20210313-1.2.src.rpm;gn-20210313-1.3.src.rpm;grpc-1.76.0-0.src.rpm;hailo-rt-0.1-0.src.rpm;hal-backend-security-auth-1.0.0-0.src.rpm;icecream-0.9.7-1.2.src.rpm;icecream-0.9.7-1.3.src.rpm;iotivity-1.2.1-0.src.rpm;key-manager-0.1.90-1.src.rpm;klay-0.0.2-0.src.rpm;leveldb-1.23-1.src.rpm;libjxl-0.11.1-0.src.rpm;libtbb-2019U3-0.src.rpm;libzypp-17.23.7-1.src.rpm;lightweight-web-engine-1.4.0-1.src.rpm;llvm-22.1.8-18.1.src.rpm;nnfw-1.28.0-1.src.rpm;nntrainer-0.5.0-0.src.rpm;onnxruntime-1.16.3-1.src.rpm;opencv-4.7.0-8.src.rpm;openfst-1.8.4-2.2.src.rpm;openusd-24.03-0.src.rpm;openvino-2019R3-0.src.rpm;oprofile-1.4.0-0.src.rpm;podofo-0.9.7-0.src.rpm;re2c-4.3-1.src.rpm;rive-tizen-0.2.0-1.src.rpm;security-manager-2.4.0-0.src.rpm;sessiond-10.6.20-1.src.rpm;spirv-tools-2024.4.1-0.src.rpm;srt-1.5.0-1.src.rpm;tensorflow2-2.18.0-1.2.src.rpm;tensorflow2-2.18.0-1.3.src.rpm;tensorflow2-2.18.0-1.src.rpm;tvm-runtime-0.7.0-0.src.rpm;vulkan-validation-layers-1.3.296-0.src.rpm;webapi-plugins-2.92-0.src.rpm;webauthn-1.0.13-1.src.rpm;webauthn-ble-1.0.8-1.src.rpm;webrtc-audio-processing-0.3.1-2.src.rpm;zypper-1.14.38-0.src.rpm	HEADER_SIGNATURE_HEURISTIC_NOT_CROSS_PACKAGE_PROOF	entity_examples.tsv	NOT_OBSERVED	107
18	API-05042	std::lock_guard	45	43	Open3D-0.17-2.src.rpm;angle-2.1-1.src.rpm;auth-fw-1.2.0-1.src.rpm;behaviortree_cpp_v3-3.6.1-0.src.rpm;boost-1.83.0-2.2.src.rpm;bundle-0.18.15-0.src.rpm;capi-media-transporter-1.3.0-0.src.rpm;capi-media-vision-1.0.17-0.src.rpm;capi-network-vine-1.3.5-0.src.rpm;ceres-solver-2.2.0-1.src.rpm;cion-1.2.26-1.src.rpm;coreclr-diagnostics-8.0.547301-37.src.rpm;cynara-0.26.0-1.src.rpm;dali2-2.5.26-1.src.rpm;dali2-adaptor-2.5.26-1.src.rpm;docker-launcher-1.0.1-0.src.rpm;doxygen-1.14.0-2.2.src.rpm;esplusplayer-1.4.2-1.src.rpm;glslang-13.1.1-0.src.rpm;gtest-1.15.2-0.src.rpm;hailo-rt-0.1-0.src.rpm;iotivity-1.2.1-0.src.rpm;key-manager-0.1.90-1.src.rpm;klay-0.0.2-0.src.rpm;libdbuspolicy-1.2.0-0.src.rpm;libtrackrenderer-0.2.1-0.src.rpm;lightweight-web-engine-1.4.0-1.src.rpm;llvm-22.1.8-18.1.src.rpm;mesa-24.3.4-0.src.rpm;nnfw-1.28.0-1.src.rpm;nntrainer-0.5.0-0.src.rpm;onnxruntime-1.16.3-1.src.rpm;opencv-4.7.0-8.src.rpm;openvino-2019R3-0.src.rpm;python3-numpy-2.4.1-0.src.rpm;singleo-0.0.1-0.src.rpm;tensorflow2-2.18.0-1.2.src.rpm;tensorflow2-2.18.0-1.3.src.rpm;tensorflow2-2.18.0-1.src.rpm;tizen-action-1.3.13-1.src.rpm;tizen-core-0.4.2-0.src.rpm;tizen-watcher-1.0.7-1.src.rpm;tvm-runtime-0.7.0-0.src.rpm;vulkan-validation-layers-1.3.296-0.src.rpm;webauthn-ble-1.0.8-1.src.rpm	HEADER_SIGNATURE_HEURISTIC_NOT_CROSS_PACKAGE_PROOF	entity_examples.tsv	NOT_OBSERVED	106
19	API-05382	std::numeric_limits	72	66	Open3D-0.17-2.src.rpm;abseil-cpp-20250814.1-1.2.src.rpm;angle-2.1-1.src.rpm;askuser-notification-0.8.4-1.src.rpm;aurum-1.0.24-1.src.rpm;behaviortree_cpp_v3-3.6.1-0.src.rpm;boost-1.83.0-2.2.src.rpm;bpftrace-0.24.2-2.1.src.rpm;ccache-4.12.1-2.2.src.rpm;ceres-solver-2.2.0-1.src.rpm;cmake-3.31.2-1.12.src.rpm;cmake-3.31.2-1.14.src.rpm;coreclr-8.0.11-0.src.rpm;crash-worker-10.0.1-1.src.rpm;dali2-2.5.26-1.src.rpm;dali2-adaptor-2.5.26-1.src.rpm;dali2-csharp-binder-2.5.26-1.src.rpm;dali2-toolkit-2.5.26-1.src.rpm;dali2-ui-foundation-2.5.14.10210-1.src.rpm;dynpart-tools-1.0-1.src.rpm;esplusplayer-1.4.2-1.src.rpm;eventsystem-0.1.57-1.src.rpm;flatbuffers-24.3.25-1.src.rpm;gcc-14.2.0-1.12.src.rpm;gcc-14.2.0-1.14.src.rpm;gdb-16.3-1.3.src.rpm;glslang-13.1.1-0.src.rpm;gn-20210313-1.2.src.rpm;gn-20210313-1.3.src.rpm;grpc-1.76.0-0.src.rpm;gtest-1.15.2-0.src.rpm;hailo-rt-0.1-0.src.rpm;hal-backend-security-auth-1.0.0-0.src.rpm;icu-78.1-1.3.src.rpm;icu-78.1-1.4.src.rpm;libcynara-commons-0.26.0-1.src.rpm;libjxl-0.11.1-0.src.rpm;libphonenumber-7.0.6-1.src.rpm;libtbb-2019U3-0.src.rpm;libtrackrenderer-0.2.1-0.src.rpm;lightweight-web-engine-1.4.0-1.src.rpm;llvm-22.1.8-18.1.src.rpm;lottie-player-0.2.5-1.src.rpm;lwnode-1.0.0-1.src.rpm;mesa-24.3.4-0.src.rpm;ncnn-20240102-1e88fb8.src.rpm;nnfw-1.28.0-1.src.rpm;nntrainer-0.5.0-0.src.rpm;ode-0.0.5-0.src.rpm;onnxruntime-1.16.3-1.src.rpm;opencv-4.7.0-8.src.rpm;openfst-1.8.4-2.2.src.rpm;openusd-24.03-0.src.rpm;openvino-2019R3-0.src.rpm;protobuf-33.1-1.src.rpm;python3-grpcio-1.76.0-0.src.rpm;python3-numpy-2.4.1-0.src.rpm;re2c-4.3-1.src.rpm;rive-tizen-0.2.0-1.src.rpm;spirv-tools-2024.4.1-0.src.rpm;srt-1.5.0-1.src.rpm;tensorflow2-2.18.0-1.2.src.rpm;tensorflow2-2.18.0-1.3.src.rpm;tensorflow2-2.18.0-1.src.rpm;thorvg-1.0.0-1.src.rpm;tidl-2.7.1-1.src.rpm;tizen-action-1.3.13-1.src.rpm;tvm-runtime-0.7.0-0.src.rpm;vulkan-validation-layers-1.3.296-0.src.rpm;webapi-plugins-2.92-0.src.rpm;webrtc-audio-processing-0.3.1-2.src.rpm;yaml-cpp-0.8.0-0.src.rpm	HEADER_SIGNATURE_HEURISTIC_NOT_CROSS_PACKAGE_PROOF	entity_examples.tsv	NOT_OBSERVED	102
20	API-06137	std::runtime_error	47	44	Open3D-0.17-2.src.rpm;behaviortree_cpp_v3-3.6.1-0.src.rpm;boost-1.83.0-2.2.src.rpm;bpftrace-0.24.2-2.1.src.rpm;bundle-0.18.15-0.src.rpm;ccache-4.12.1-2.2.src.rpm;ceres-solver-2.2.0-1.src.rpm;cmake-3.31.2-1.12.src.rpm;cmake-3.31.2-1.14.src.rpm;component-based-1.6.7-1.src.rpm;dali2-toolkit-2.5.26-1.src.rpm;docker-launcher-1.0.1-0.src.rpm;dynpart-tools-1.0-1.src.rpm;esplusplayer-1.4.2-1.src.rpm;gpgme-1.24.3-1.src.rpm;gtest-1.15.2-0.src.rpm;hailo-rt-0.1-0.src.rpm;iotivity-1.2.1-0.src.rpm;ise-default-1.13.8-1.src.rpm;klay-0.0.2-0.src.rpm;libabigail-2.3-0.src.rpm;libtbb-2019U3-0.src.rpm;llvm-22.1.8-18.1.src.rpm;mesa-24.3.4-0.src.rpm;nnfw-1.28.0-1.src.rpm;nntrainer-0.5.0-0.src.rpm;onnxruntime-1.16.3-1.src.rpm;opencv-4.7.0-8.src.rpm;openusd-24.03-0.src.rpm;openvino-2019R3-0.src.rpm;oprofile-1.4.0-0.src.rpm;org.tizen.inputdelegator-0.11.1-1.src.rpm;python3-numpy-2.4.1-0.src.rpm;rive-tizen-0.2.0-1.src.rpm;sessiond-10.6.20-1.src.rpm;soundtouch-2.1.0-0.src.rpm;srt-1.5.0-1.src.rpm;tensorflow2-2.18.0-1.2.src.rpm;tensorflow2-2.18.0-1.3.src.rpm;tensorflow2-2.18.0-1.src.rpm;tidl-2.7.1-1.src.rpm;tizen-action-1.3.13-1.src.rpm;tvm-runtime-0.7.0-0.src.rpm;vulkan-tools-1.3.296-0.src.rpm;webapi-plugins-2.92-0.src.rpm;webauthn-ble-1.0.8-1.src.rpm;yaml-cpp-0.8.0-0.src.rpm	HEADER_SIGNATURE_HEURISTIC_NOT_CROSS_PACKAGE_PROOF	entity_examples.tsv	NOT_OBSERVED	102
21	API-07074	std::tuple	72	66	Open3D-0.17-2.src.rpm;abseil-cpp-20250814.1-1.2.src.rpm;amd-1.81.6-1.src.rpm;angle-2.1-1.src.rpm;app-core-1.27.13-0.src.rpm;app-installers-1.37.2-1.src.rpm;aurum-1.0.24-1.src.rpm;auth-fw-1.2.0-1.src.rpm;bcc-tools-0.35.0-2.1.src.rpm;behaviortree_cpp_v3-3.6.1-0.src.rpm;binutils-2.43-2.7.src.rpm;binutils-2.43-2.9.src.rpm;binutils-aarch64-2.43-2.2.src.rpm;binutils-armv7hl-2.43-2.2.src.rpm;binutils-armv7l-2.43-2.2.src.rpm;boost-1.83.0-2.2.src.rpm;bpftrace-0.24.2-2.1.src.rpm;bundle-0.18.15-0.src.rpm;capi-appfw-app-control-0.26.2-0.src.rpm;capi-media-audio-io-0.6.3-0.src.rpm;capi-media-transporter-1.3.0-0.src.rpm;ccache-4.12.1-2.2.src.rpm;ceres-solver-2.2.0-1.src.rpm;coreclr-8.0.11-0.src.rpm;coreclr-diagnostics-8.0.547301-37.src.rpm;dali2-adaptor-2.5.26-1.src.rpm;dali2-toolkit-2.5.26-1.src.rpm;dynpart-tools-1.0-1.src.rpm;gcc-14.2.0-1.12.src.rpm;gcc-14.2.0-1.14.src.rpm;gdb-16.3-1.3.src.rpm;glslang-13.1.1-0.src.rpm;gpgme-1.24.3-1.src.rpm;grpc-1.76.0-0.src.rpm;gtest-1.15.2-0.src.rpm;hailo-rt-0.1-0.src.rpm;hal-backend-security-auth-1.0.0-0.src.rpm;icu-78.1-1.3.src.rpm;icu-78.1-1.4.src.rpm;inference-engine-mlapi-0.4.11-0.src.rpm;isf-11.1.28-1.src.rpm;key-manager-0.1.90-1.src.rpm;klay-0.0.2-0.src.rpm;libcynara-commons-0.26.0-1.src.rpm;libtbb-2019U3-0.src.rpm;libwidget_service-1.3.9-1.src.rpm;lightweight-web-engine-1.4.0-1.src.rpm;llvm-22.1.8-18.1.src.rpm;mesa-24.3.4-0.src.rpm;nghttp2-1.51.0-1.2.src.rpm;nghttp2-1.51.0-1.3.src.rpm;nnfw-1.28.0-1.src.rpm;nntrainer-0.5.0-0.src.rpm;onnxruntime-1.16.3-1.src.rpm;opencv-4.7.0-8.src.rpm;openusd-24.03-0.src.rpm;openvino-2019R3-0.src.rpm;protobuf-33.1-1.src.rpm;python3-grpcio-1.76.0-0.src.rpm;rive-tizen-0.2.0-1.src.rpm;security-manager-2.4.0-0.src.rpm;sessiond-10.6.20-1.src.rpm;spirv-tools-2024.4.1-0.src.rpm;tensorflow2-2.18.0-1.2.src.rpm;tensorflow2-2.18.0-1.3.src.rpm;tensorflow2-2.18.0-1.src.rpm;tidl-2.7.1-1.src.rpm;tizen-core-0.4.2-0.src.rpm;tizen-core-imf-0.2.17-0.src.rpm;tvm-runtime-0.7.0-0.src.rpm;webapi-plugins-2.92-0.src.rpm;zypper-1.14.38-0.src.rpm	HEADER_SIGNATURE_HEURISTIC_NOT_CROSS_PACKAGE_PROOF	entity_examples.tsv	NOT_OBSERVED	99
22	API-07146	std::unique_lock	44	41	angle-2.1-1.src.rpm;aul-0.84.11-1.src.rpm;auth-fw-1.2.0-1.src.rpm;behaviortree_cpp_v3-3.6.1-0.src.rpm;boost-1.83.0-2.2.src.rpm;bundle-0.18.15-0.src.rpm;capi-appfw-capmgr-0.0.4-1.src.rpm;capi-media-vision-1.0.17-0.src.rpm;ceres-solver-2.2.0-1.src.rpm;cmake-3.31.2-1.12.src.rpm;cmake-3.31.2-1.14.src.rpm;coreclr-diagnostics-8.0.547301-37.src.rpm;cynara-0.26.0-1.src.rpm;dali2-2.5.26-1.src.rpm;doxygen-1.14.0-2.2.src.rpm;esplusplayer-1.4.2-1.src.rpm;grpc-1.76.0-0.src.rpm;gtest-1.15.2-0.src.rpm;hailo-rt-0.1-0.src.rpm;key-manager-0.1.90-1.src.rpm;klay-0.0.2-0.src.rpm;leveldb-1.23-1.src.rpm;libdbuspolicy-1.2.0-0.src.rpm;libjxl-0.11.1-0.src.rpm;libtbb-2019U3-0.src.rpm;lightweight-web-engine-1.4.0-1.src.rpm;llvm-22.1.8-18.1.src.rpm;mesa-24.3.4-0.src.rpm;nnfw-1.28.0-1.src.rpm;nntrainer-0.5.0-0.src.rpm;onnxruntime-1.16.3-1.src.rpm;opencv-4.7.0-8.src.rpm;openusd-24.03-0.src.rpm;openvino-2019R3-0.src.rpm;pkgmgr-info-0.37.2-1.src.rpm;python3-numpy-2.4.1-0.src.rpm;singleo-0.0.1-0.src.rpm;tensorflow2-2.18.0-1.2.src.rpm;tensorflow2-2.18.0-1.3.src.rpm;tensorflow2-2.18.0-1.src.rpm;tizen-core-0.4.2-0.src.rpm;vulkan-validation-layers-1.3.296-0.src.rpm;webapi-plugins-2.92-0.src.rpm;webauthn-ble-1.0.8-1.src.rpm	HEADER_SIGNATURE_HEURISTIC_NOT_CROSS_PACKAGE_PROOF	entity_examples.tsv	NOT_OBSERVED	99
23	API-04664	std::invalid_argument	30	28	bcc-tools-0.35.0-2.1.src.rpm;boost-1.83.0-2.2.src.rpm;capi-media-vision-1.0.17-0.src.rpm;dali2-2.5.26-1.src.rpm;docker-launcher-1.0.1-0.src.rpm;gcc-14.2.0-1.12.src.rpm;gcc-14.2.0-1.14.src.rpm;gdb-16.3-1.3.src.rpm;gmp-4.2.1-1.12.src.rpm;gmp-4.2.1-1.14.src.rpm;gstreamer-1.24.11-38.src.rpm;hailo-rt-0.1-0.src.rpm;key-manager-0.1.90-1.src.rpm;libcynara-commons-0.26.0-1.src.rpm;libtbb-2019U3-0.src.rpm;libzypp-17.23.7-1.src.rpm;llvm-22.1.8-18.1.src.rpm;mesa-24.3.4-0.src.rpm;mmi-2.2.2-0.src.rpm;nnfw-1.28.0-1.src.rpm;nntrainer-0.5.0-0.src.rpm;onnxruntime-1.16.3-1.src.rpm;opencv-4.7.0-8.src.rpm;openusd-24.03-0.src.rpm;openvino-2019R3-0.src.rpm;oprofile-1.4.0-0.src.rpm;python3-numpy-2.4.1-0.src.rpm;rive-tizen-0.2.0-1.src.rpm;sessiond-10.6.20-1.src.rpm;tvm-runtime-0.7.0-0.src.rpm	HEADER_SIGNATURE_HEURISTIC_NOT_CROSS_PACKAGE_PROOF	entity_examples.tsv	NOT_OBSERVED	97
24	API-06394	std::thread	34	31	Open3D-0.17-2.src.rpm;abseil-cpp-20250814.1-1.2.src.rpm;auth-fw-1.2.0-1.src.rpm;behaviortree_cpp_v3-3.6.1-0.src.rpm;boost-1.83.0-2.2.src.rpm;capi-media-vision-1.0.17-0.src.rpm;ccache-4.12.1-2.2.src.rpm;ceres-solver-2.2.0-1.src.rpm;cion-1.2.26-1.src.rpm;dfs-opencv-1.0.12-0.src.rpm;docker-launcher-1.0.1-0.src.rpm;esplusplayer-1.4.2-1.src.rpm;gn-20210313-1.2.src.rpm;gn-20210313-1.3.src.rpm;hailo-rt-0.1-0.src.rpm;iotivity-1.2.1-0.src.rpm;key-manager-0.1.90-1.src.rpm;klay-0.0.2-0.src.rpm;libjxl-0.11.1-0.src.rpm;libtbb-2019U3-0.src.rpm;llvm-22.1.8-18.1.src.rpm;nnfw-1.28.0-1.src.rpm;onnxruntime-1.16.3-1.src.rpm;opencv-4.7.0-8.src.rpm;openusd-24.03-0.src.rpm;openvino-2019R3-0.src.rpm;python3-numpy-2.4.1-0.src.rpm;singleo-0.0.1-0.src.rpm;tensorflow2-2.18.0-1.2.src.rpm;tensorflow2-2.18.0-1.3.src.rpm;tensorflow2-2.18.0-1.src.rpm;webapi-plugins-2.92-0.src.rpm;webauthn-1.0.13-1.src.rpm;webauthn-ble-1.0.8-1.src.rpm	HEADER_SIGNATURE_HEURISTIC_NOT_CROSS_PACKAGE_PROOF	entity_examples.tsv	NOT_OBSERVED	94
25	API-05390	std::ofstream	26	23	app-installers-1.37.2-1.src.rpm;boost-1.83.0-2.2.src.rpm;crash-worker-10.0.1-1.src.rpm;docker-launcher-1.0.1-0.src.rpm;doxygen-1.14.0-2.2.src.rpm;dynpart-tools-1.0-1.src.rpm;gcc-14.2.0-1.12.src.rpm;gcc-14.2.0-1.14.src.rpm;hailo-rt-0.1-0.src.rpm;libcynara-commons-0.26.0-1.src.rpm;lightweight-web-engine-1.4.0-1.src.rpm;llvm-22.1.8-18.1.src.rpm;mesa-24.3.4-0.src.rpm;nnfw-1.28.0-1.src.rpm;nntrainer-0.5.0-0.src.rpm;onnxruntime-1.16.3-1.src.rpm;opencv-4.7.0-8.src.rpm;openfst-1.8.4-2.2.src.rpm;openusd-24.03-0.src.rpm;openvino-2019R3-0.src.rpm;protobuf-33.1-1.src.rpm;rive-tizen-0.2.0-1.src.rpm;tensorflow2-2.18.0-1.2.src.rpm;tensorflow2-2.18.0-1.3.src.rpm;tensorflow2-2.18.0-1.src.rpm;tidl-2.7.1-1.src.rpm	HEADER_SIGNATURE_HEURISTIC_NOT_CROSS_PACKAGE_PROOF	entity_examples.tsv	NOT_OBSERVED	93
26	API-02625	std::atomic	49	44	Open3D-0.17-2.src.rpm;abseil-cpp-20250814.1-1.2.src.rpm;angle-2.1-1.src.rpm;binutils-2.43-2.7.src.rpm;binutils-2.43-2.9.src.rpm;binutils-aarch64-2.43-2.2.src.rpm;binutils-armv7hl-2.43-2.2.src.rpm;binutils-armv7l-2.43-2.2.src.rpm;boost-1.83.0-2.2.src.rpm;ceres-solver-2.2.0-1.src.rpm;coreclr-diagnostics-8.0.547301-37.src.rpm;dali2-adaptor-2.5.26-1.src.rpm;dynpart-tools-1.0-1.src.rpm;enlightenment-0.20.0-tz11_2.26.0.src.rpm;gcc-14.2.0-1.12.src.rpm;gcc-14.2.0-1.14.src.rpm;gdb-16.3-1.3.src.rpm;grpc-1.76.0-0.src.rpm;gtest-1.15.2-0.src.rpm;hailo-rt-0.1-0.src.rpm;harfbuzz-8.2.2-0.src.rpm;icu-78.1-1.3.src.rpm;icu-78.1-1.4.src.rpm;iotivity-1.2.1-0.src.rpm;leveldb-1.23-1.src.rpm;libjxl-0.11.1-0.src.rpm;lightweight-web-engine-1.4.0-1.src.rpm;llvm-22.1.8-18.1.src.rpm;lottie-player-0.2.5-1.src.rpm;lwnode-1.0.0-1.src.rpm;mesa-24.3.4-0.src.rpm;nnfw-1.28.0-1.src.rpm;onnxruntime-1.16.3-1.src.rpm;opencv-4.7.0-8.src.rpm;openusd-24.03-0.src.rpm;openvino-2019R3-0.src.rpm;pkgmgr-info-0.37.2-1.src.rpm;protobuf-33.1-1.src.rpm;python3-grpcio-1.76.0-0.src.rpm;python3-numpy-2.4.1-0.src.rpm;rive-tizen-0.2.0-1.src.rpm;sensord-10.0.0-1.src.rpm;singleo-0.0.1-0.src.rpm;srt-1.5.0-1.src.rpm;tensorflow2-2.18.0-1.2.src.rpm;tensorflow2-2.18.0-1.3.src.rpm;tensorflow2-2.18.0-1.src.rpm;tizen-action-1.3.13-1.src.rpm;vulkan-validation-layers-1.3.296-0.src.rpm	HEADER_SIGNATURE_HEURISTIC_NOT_CROSS_PACKAGE_PROOF	entity_examples.tsv	NOT_OBSERVED	89
27	API-04911	std::istringstream	26	24	angle-2.1-1.src.rpm;boost-1.83.0-2.2.src.rpm;flatbuffers-24.3.25-1.src.rpm;glog-0.3.5-1.src.rpm;gpgme-1.24.3-1.src.rpm;grpc-1.76.0-0.src.rpm;hailo-rt-0.1-0.src.rpm;ise-default-dali-0.3.0-1.src.rpm;launchpad-0.50.17-1.src.rpm;lightweight-web-engine-1.4.0-1.src.rpm;llvm-22.1.8-18.1.src.rpm;nnfw-1.28.0-1.src.rpm;onnxruntime-1.16.3-1.src.rpm;opencv-4.7.0-8.src.rpm;openfst-1.8.4-2.2.src.rpm;openusd-24.03-0.src.rpm;openvino-2019R3-0.src.rpm;oprofile-1.4.0-0.src.rpm;protobuf-33.1-1.src.rpm;rive-tizen-0.2.0-1.src.rpm;spirv-tools-2024.4.1-0.src.rpm;tensorflow2-2.18.0-1.2.src.rpm;tensorflow2-2.18.0-1.3.src.rpm;tensorflow2-2.18.0-1.src.rpm;tvm-runtime-0.7.0-0.src.rpm;zypper-1.14.38-0.src.rpm	HEADER_SIGNATURE_HEURISTIC_NOT_CROSS_PACKAGE_PROOF	entity_examples.tsv	NOT_OBSERVED	84
28	API-02729	std::bad_alloc	37	32	Open3D-0.17-2.src.rpm;abseil-cpp-20250814.1-1.2.src.rpm;askuser-notification-0.8.4-1.src.rpm;binutils-2.43-2.7.src.rpm;binutils-2.43-2.9.src.rpm;binutils-aarch64-2.43-2.2.src.rpm;binutils-armv7hl-2.43-2.2.src.rpm;binutils-armv7l-2.43-2.2.src.rpm;boost-1.83.0-2.2.src.rpm;bpftrace-0.24.2-2.1.src.rpm;coreclr-8.0.11-0.src.rpm;gcc-14.2.0-1.12.src.rpm;gcc-14.2.0-1.14.src.rpm;gdb-16.3-1.3.src.rpm;glog-0.3.5-1.src.rpm;hailo-rt-0.1-0.src.rpm;isf-11.1.28-1.src.rpm;libcynara-commons-0.26.0-1.src.rpm;libtbb-2019U3-0.src.rpm;llvm-22.1.8-18.1.src.rpm;mesa-24.3.4-0.src.rpm;nghttp2-1.51.0-1.2.src.rpm;nghttp2-1.51.0-1.3.src.rpm;nnfw-1.28.0-1.src.rpm;nntrainer-0.5.0-0.src.rpm;onnxruntime-1.16.3-1.src.rpm;opencv-4.7.0-8.src.rpm;openvino-2019R3-0.src.rpm;python3-numpy-2.4.1-0.src.rpm;security-manager-2.4.0-0.src.rpm;sessiond-10.6.20-1.src.rpm;tensorflow2-2.18.0-1.2.src.rpm;tensorflow2-2.18.0-1.3.src.rpm;tensorflow2-2.18.0-1.src.rpm;vulkan-wsi-layer-1.0.5-0.src.rpm;webauthn-1.0.13-1.src.rpm;webauthn-ble-1.0.8-1.src.rpm	HEADER_SIGNATURE_HEURISTIC_NOT_CROSS_PACKAGE_PROOF	entity_examples.tsv	NOT_OBSERVED	83
29	API-04671	std::ios	31	26	angle-2.1-1.src.rpm;boost-1.83.0-2.2.src.rpm;coreclr-8.0.11-0.src.rpm;crash-worker-10.0.1-1.src.rpm;esplusplayer-1.4.2-1.src.rpm;gcc-14.2.0-1.12.src.rpm;gcc-14.2.0-1.14.src.rpm;gdb-16.3-1.3.src.rpm;glslang-13.1.1-0.src.rpm;gmp-4.2.1-1.12.src.rpm;gmp-4.2.1-1.14.src.rpm;hailo-rt-0.1-0.src.rpm;icu-78.1-1.3.src.rpm;icu-78.1-1.4.src.rpm;llvm-22.1.8-18.1.src.rpm;mesa-24.3.4-0.src.rpm;nnfw-1.28.0-1.src.rpm;nntrainer-0.5.0-0.src.rpm;onnxruntime-1.16.3-1.src.rpm;opencv-4.7.0-8.src.rpm;openfst-1.8.4-2.2.src.rpm;openvino-2019R3-0.src.rpm;oprofile-1.4.0-0.src.rpm;sessiond-10.6.20-1.src.rpm;spirv-tools-2024.4.1-0.src.rpm;tensorflow2-2.18.0-1.2.src.rpm;tensorflow2-2.18.0-1.3.src.rpm;tensorflow2-2.18.0-1.src.rpm;tvm-runtime-0.7.0-0.src.rpm;webapi-plugins-2.92-0.src.rpm;yaml-cpp-0.8.0-0.src.rpm	HEADER_SIGNATURE_HEURISTIC_NOT_CROSS_PACKAGE_PROOF	entity_examples.tsv	NOT_OBSERVED	83
30	API-03233	std::condition_variable	18	15	Open3D-0.17-2.src.rpm;angle-2.1-1.src.rpm;aurum-1.0.24-1.src.rpm;boost-1.83.0-2.2.src.rpm;ccache-4.12.1-2.2.src.rpm;dfs-opencv-1.0.12-0.src.rpm;gn-20210313-1.2.src.rpm;gn-20210313-1.3.src.rpm;grpc-1.76.0-0.src.rpm;hailo-rt-0.1-0.src.rpm;libcynara-commons-0.26.0-1.src.rpm;llvm-22.1.8-18.1.src.rpm;nnfw-1.28.0-1.src.rpm;onnxruntime-1.16.3-1.src.rpm;opencv-4.7.0-8.src.rpm;tensorflow2-2.18.0-1.2.src.rpm;tensorflow2-2.18.0-1.3.src.rpm;tensorflow2-2.18.0-1.src.rpm	HEADER_SIGNATURE_HEURISTIC_NOT_CROSS_PACKAGE_PROOF	entity_examples.tsv	NOT_OBSERVED	82
31	API-03087	std::chrono::milliseconds	30	27	Open3D-0.17-2.src.rpm;abseil-cpp-20250814.1-1.2.src.rpm;behaviortree_cpp_v3-3.6.1-0.src.rpm;boost-1.83.0-2.2.src.rpm;bundle-0.18.15-0.src.rpm;ccache-4.12.1-2.2.src.rpm;coreclr-diagnostics-8.0.547301-37.src.rpm;dali2-toolkit-2.5.26-1.src.rpm;dynpart-tools-1.0-1.src.rpm;esplusplayer-1.4.2-1.src.rpm;hailo-rt-0.1-0.src.rpm;key-manager-0.1.90-1.src.rpm;klay-0.0.2-0.src.rpm;lightweight-web-engine-1.4.0-1.src.rpm;llvm-22.1.8-18.1.src.rpm;nghttp2-1.51.0-1.2.src.rpm;nghttp2-1.51.0-1.3.src.rpm;nnfw-1.28.0-1.src.rpm;onnxruntime-1.16.3-1.src.rpm;opencv-4.7.0-8.src.rpm;openusd-24.03-0.src.rpm;openvino-2019R3-0.src.rpm;rive-tizen-0.2.0-1.src.rpm;sessiond-10.6.20-1.src.rpm;srt-1.5.0-1.src.rpm;tensorflow2-2.18.0-1.2.src.rpm;tensorflow2-2.18.0-1.3.src.rpm;tensorflow2-2.18.0-1.src.rpm;tizen-action-1.3.13-1.src.rpm;tizen-core-0.4.2-0.src.rpm	HEADER_SIGNATURE_HEURISTIC_NOT_CROSS_PACKAGE_PROOF	entity_examples.tsv	NOT_OBSERVED	79
32	API-05588	std::queue	32	28	abseil-cpp-20250814.1-1.2.src.rpm;boost-1.83.0-2.2.src.rpm;bundle-0.18.15-0.src.rpm;capi-media-vision-1.0.17-0.src.rpm;ccache-4.12.1-2.2.src.rpm;cmake-3.31.2-1.12.src.rpm;cmake-3.31.2-1.14.src.rpm;dali2-2.5.26-1.src.rpm;dali2-adaptor-2.5.26-1.src.rpm;dfs-opencv-1.0.12-0.src.rpm;esplusplayer-1.4.2-1.src.rpm;gn-20210313-1.2.src.rpm;gn-20210313-1.3.src.rpm;grpc-1.76.0-0.src.rpm;hailo-rt-0.1-0.src.rpm;isf-11.1.28-1.src.rpm;key-manager-0.1.90-1.src.rpm;libtrackrenderer-0.2.1-0.src.rpm;llvm-22.1.8-18.1.src.rpm;nnfw-1.28.0-1.src.rpm;nntrainer-0.5.0-0.src.rpm;onnxruntime-1.16.3-1.src.rpm;opencv-4.7.0-8.src.rpm;openfst-1.8.4-2.2.src.rpm;openvino-2019R3-0.src.rpm;python3-grpcio-1.76.0-0.src.rpm;smartcard-service-0.1.59-0.src.rpm;spirv-tools-2024.4.1-0.src.rpm;tensorflow2-2.18.0-1.2.src.rpm;tensorflow2-2.18.0-1.3.src.rpm;tensorflow2-2.18.0-1.src.rpm;yaml-cpp-0.8.0-0.src.rpm	HEADER_SIGNATURE_HEURISTIC_NOT_CROSS_PACKAGE_PROOF	entity_examples.tsv	NOT_OBSERVED	78
33	API-02579	std::array	59	51	Open3D-0.17-2.src.rpm;abseil-cpp-20250814.1-1.2.src.rpm;angle-2.1-1.src.rpm;behaviortree_cpp_v3-3.6.1-0.src.rpm;binutils-2.43-2.7.src.rpm;binutils-2.43-2.9.src.rpm;binutils-aarch64-2.43-2.2.src.rpm;binutils-armv7hl-2.43-2.2.src.rpm;binutils-armv7l-2.43-2.2.src.rpm;boost-1.83.0-2.2.src.rpm;bpftrace-0.24.2-2.1.src.rpm;ccache-4.12.1-2.2.src.rpm;ceres-solver-2.2.0-1.src.rpm;cmake-3.31.2-1.12.src.rpm;cmake-3.31.2-1.14.src.rpm;coreclr-8.0.11-0.src.rpm;dali2-adaptor-2.5.26-1.src.rpm;dali2-toolkit-2.5.26-1.src.rpm;doxygen-1.14.0-2.2.src.rpm;flatbuffers-24.3.25-1.src.rpm;gcc-14.2.0-1.12.src.rpm;gcc-14.2.0-1.14.src.rpm;gdb-16.3-1.3.src.rpm;glslang-13.1.1-0.src.rpm;gn-20210313-1.2.src.rpm;gn-20210313-1.3.src.rpm;grpc-1.76.0-0.src.rpm;hailo-rt-0.1-0.src.rpm;icu-78.1-1.3.src.rpm;icu-78.1-1.4.src.rpm;libjxl-0.11.1-0.src.rpm;libtbb-2019U3-0.src.rpm;lightweight-web-engine-1.4.0-1.src.rpm;llvm-22.1.8-18.1.src.rpm;lottie-player-0.2.5-1.src.rpm;mesa-24.3.4-0.src.rpm;nghttp2-1.51.0-1.2.src.rpm;nghttp2-1.51.0-1.3.src.rpm;nnfw-1.28.0-1.src.rpm;nntrainer-0.5.0-0.src.rpm;onnxruntime-1.16.3-1.src.rpm;opencv-4.7.0-8.src.rpm;openfst-1.8.4-2.2.src.rpm;openusd-24.03-0.src.rpm;openvino-2019R3-0.src.rpm;protobuf-33.1-1.src.rpm;python3-grpcio-1.76.0-0.src.rpm;python3-numpy-2.4.1-0.src.rpm;rive-tizen-0.2.0-1.src.rpm;security-manager-2.4.0-0.src.rpm;sessiond-10.6.20-1.src.rpm;spirv-tools-2024.4.1-0.src.rpm;tensorflow2-2.18.0-1.2.src.rpm;tensorflow2-2.18.0-1.3.src.rpm;tensorflow2-2.18.0-1.src.rpm;tvm-runtime-0.7.0-0.src.rpm;vulkan-tools-1.3.296-0.src.rpm;vulkan-validation-layers-1.3.296-0.src.rpm;yaml-cpp-0.8.0-0.src.rpm	HEADER_SIGNATURE_HEURISTIC_NOT_CROSS_PACKAGE_PROOF	entity_examples.tsv	NOT_OBSERVED	77
34	API-06322	std::string_view	54	49	abseil-cpp-20250814.1-1.2.src.rpm;amd-1.81.6-1.src.rpm;angle-2.1-1.src.rpm;app-core-1.27.13-0.src.rpm;behaviortree_cpp_v3-3.6.1-0.src.rpm;binutils-2.43-2.7.src.rpm;binutils-2.43-2.9.src.rpm;binutils-aarch64-2.43-2.2.src.rpm;binutils-armv7hl-2.43-2.2.src.rpm;binutils-armv7l-2.43-2.2.src.rpm;boost-1.83.0-2.2.src.rpm;bpftrace-0.24.2-2.1.src.rpm;bundle-0.18.15-0.src.rpm;ccache-4.12.1-2.2.src.rpm;ceres-solver-2.2.0-1.src.rpm;com.samsung.dali-demo-2.5.26-1.src.rpm;coreclr-8.0.11-0.src.rpm;dali2-2.5.26-1.src.rpm;dali2-adaptor-2.5.26-1.src.rpm;dali2-csharp-binder-2.5.26-1.src.rpm;dali2-extension-2.5.26-1.src.rpm;dali2-toolkit-2.5.26-1.src.rpm;dali2-ui-foundation-2.5.14.10210-1.src.rpm;docker-launcher-1.0.1-0.src.rpm;doxygen-1.14.0-2.2.src.rpm;dynpart-tools-1.0-1.src.rpm;eventsystem-0.1.57-1.src.rpm;gdb-16.3-1.3.src.rpm;gn-20210313-1.2.src.rpm;gn-20210313-1.3.src.rpm;hailo-rt-0.1-0.src.rpm;icu-78.1-1.3.src.rpm;icu-78.1-1.4.src.rpm;launchpad-0.50.17-1.src.rpm;libcynara-commons-0.26.0-1.src.rpm;llvm-22.1.8-18.1.src.rpm;nnfw-1.28.0-1.src.rpm;nntrainer-0.5.0-0.src.rpm;onnxruntime-1.16.3-1.src.rpm;opencv-4.7.0-8.src.rpm;openfst-1.8.4-2.2.src.rpm;openusd-24.03-0.src.rpm;pkgmgr-0.23.1-0.src.rpm;pkgmgr-info-0.37.2-1.src.rpm;rive-tizen-0.2.0-1.src.rpm;sessiond-10.6.20-1.src.rpm;tensorflow2-2.18.0-1.2.src.rpm;tensorflow2-2.18.0-1.3.src.rpm;tensorflow2-2.18.0-1.src.rpm;tidl-2.7.1-1.src.rpm;tvm-runtime-0.7.0-0.src.rpm;vulkan-validation-layers-1.3.296-0.src.rpm;webauthn-ble-1.0.8-1.src.rpm;yaml-cpp-0.8.0-0.src.rpm	HEADER_SIGNATURE_HEURISTIC_NOT_CROSS_PACKAGE_PROOF	entity_examples.tsv	NOT_OBSERVED	76
35	API-07207	std::unordered_set	46	41	Open3D-0.17-2.src.rpm;abseil-cpp-20250814.1-1.2.src.rpm;angle-2.1-1.src.rpm;aul-0.84.11-1.src.rpm;boost-1.83.0-2.2.src.rpm;bpftrace-0.24.2-2.1.src.rpm;ceres-solver-2.2.0-1.src.rpm;cmake-3.31.2-1.12.src.rpm;cmake-3.31.2-1.14.src.rpm;coreclr-8.0.11-0.src.rpm;coreclr-diagnostics-8.0.547301-37.src.rpm;dali2-toolkit-2.5.26-1.src.rpm;dali2-ui-foundation-2.5.14.10210-1.src.rpm;dynpart-tools-1.0-1.src.rpm;gcc-14.2.0-1.12.src.rpm;gcc-14.2.0-1.14.src.rpm;glog-0.3.5-1.src.rpm;glslang-13.1.1-0.src.rpm;gn-20210313-1.2.src.rpm;gn-20210313-1.3.src.rpm;grpc-1.76.0-0.src.rpm;hailo-rt-0.1-0.src.rpm;iotivity-1.2.1-0.src.rpm;ise-default-dali-0.3.0-1.src.rpm;libabigail-2.3-0.src.rpm;libzypp-17.23.7-1.src.rpm;lightweight-web-engine-1.4.0-1.src.rpm;llvm-22.1.8-18.1.src.rpm;mesa-24.3.4-0.src.rpm;nnfw-1.28.0-1.src.rpm;nntrainer-0.5.0-0.src.rpm;onnxruntime-1.16.3-1.src.rpm;opencv-4.7.0-8.src.rpm;openfst-1.8.4-2.2.src.rpm;openusd-24.03-0.src.rpm;openvino-2019R3-0.src.rpm;pkgmgr-info-0.37.2-1.src.rpm;python3-grpcio-1.76.0-0.src.rpm;re2c-4.3-1.src.rpm;rive-tizen-0.2.0-1.src.rpm;sessiond-10.6.20-1.src.rpm;spirv-tools-2024.4.1-0.src.rpm;tensorflow2-2.18.0-1.2.src.rpm;tensorflow2-2.18.0-1.3.src.rpm;tensorflow2-2.18.0-1.src.rpm;tvm-runtime-0.7.0-0.src.rpm	HEADER_SIGNATURE_HEURISTIC_NOT_CROSS_PACKAGE_PROOF	entity_examples.tsv	NOT_OBSERVED	76
36	API-04621	std::initializer_list	59	53	Open3D-0.17-2.src.rpm;abseil-cpp-20250814.1-1.2.src.rpm;angle-2.1-1.src.rpm;bcc-tools-0.35.0-2.1.src.rpm;behaviortree_cpp_v3-3.6.1-0.src.rpm;boost-1.83.0-2.2.src.rpm;bundle-0.18.15-0.src.rpm;ccache-4.12.1-2.2.src.rpm;ceres-solver-2.2.0-1.src.rpm;cmake-3.31.2-1.12.src.rpm;cmake-3.31.2-1.14.src.rpm;coreclr-8.0.11-0.src.rpm;coreclr-diagnostics-8.0.547301-37.src.rpm;dali2-2.5.26-1.src.rpm;dali2-ui-foundation-2.5.14.10210-1.src.rpm;doxygen-1.14.0-2.2.src.rpm;dynpart-tools-1.0-1.src.rpm;flatbuffers-24.3.25-1.src.rpm;gcc-14.2.0-1.12.src.rpm;gcc-14.2.0-1.14.src.rpm;gdb-16.3-1.3.src.rpm;gn-20210313-1.2.src.rpm;gn-20210313-1.3.src.rpm;grpc-1.76.0-0.src.rpm;gtest-1.15.2-0.src.rpm;hailo-rt-0.1-0.src.rpm;harfbuzz-8.2.2-0.src.rpm;icu-78.1-1.3.src.rpm;icu-78.1-1.4.src.rpm;iotivity-1.2.1-0.src.rpm;libdbuspolicy-1.2.0-0.src.rpm;libjxl-0.11.1-0.src.rpm;libtbb-2019U3-0.src.rpm;libzypp-17.23.7-1.src.rpm;lightweight-web-engine-1.4.0-1.src.rpm;llvm-22.1.8-18.1.src.rpm;mesa-24.3.4-0.src.rpm;ncnn-20240102-1e88fb8.src.rpm;nnfw-1.28.0-1.src.rpm;nntrainer-0.5.0-0.src.rpm;onnxruntime-1.16.3-1.src.rpm;opencv-4.7.0-8.src.rpm;openfst-1.8.4-2.2.src.rpm;openusd-24.03-0.src.rpm;openvino-2019R3-0.src.rpm;protobuf-33.1-1.src.rpm;python3-grpcio-1.76.0-0.src.rpm;python3-numpy-2.4.1-0.src.rpm;rive-tizen-0.2.0-1.src.rpm;spirv-tools-2024.4.1-0.src.rpm;srt-1.5.0-1.src.rpm;tensorflow2-2.18.0-1.2.src.rpm;tensorflow2-2.18.0-1.3.src.rpm;tensorflow2-2.18.0-1.src.rpm;tidl-2.7.1-1.src.rpm;tvm-runtime-0.7.0-0.src.rpm;vulkan-validation-layers-1.3.296-0.src.rpm;webapi-plugins-2.92-0.src.rpm;zypper-1.14.38-0.src.rpm	HEADER_SIGNATURE_HEURISTIC_NOT_CROSS_PACKAGE_PROOF	entity_examples.tsv	NOT_OBSERVED	72
37	API-04820	std::is_same	55	47	Open3D-0.17-2.src.rpm;abseil-cpp-20250814.1-1.2.src.rpm;angle-2.1-1.src.rpm;behaviortree_cpp_v3-3.6.1-0.src.rpm;boost-1.83.0-2.2.src.rpm;ceres-solver-2.2.0-1.src.rpm;cmake-3.31.2-1.12.src.rpm;cmake-3.31.2-1.14.src.rpm;coreclr-8.0.11-0.src.rpm;coreclr-diagnostics-8.0.547301-37.src.rpm;crash-worker-10.0.1-1.src.rpm;doxygen-1.14.0-2.2.src.rpm;dynpart-tools-1.0-1.src.rpm;esplusplayer-1.4.2-1.src.rpm;flatbuffers-24.3.25-1.src.rpm;gcc-14.2.0-1.12.src.rpm;gcc-14.2.0-1.14.src.rpm;gn-20210313-1.2.src.rpm;gn-20210313-1.3.src.rpm;gpgme-1.24.3-1.src.rpm;grpc-1.76.0-0.src.rpm;gtest-1.15.2-0.src.rpm;hailo-rt-0.1-0.src.rpm;icu-78.1-1.3.src.rpm;icu-78.1-1.4.src.rpm;iotivity-1.2.1-0.src.rpm;klay-0.0.2-0.src.rpm;libjxl-0.11.1-0.src.rpm;libsigc++-2.12.1-1.1.src.rpm;libsigc++-2.12.1-1.2.src.rpm;libsigc++-2.12.1-1.3.src.rpm;libtbb-2019U3-0.src.rpm;libzypp-17.23.7-1.src.rpm;lightweight-web-engine-1.4.0-1.src.rpm;llvm-22.1.8-18.1.src.rpm;lottie-player-0.2.5-1.src.rpm;mesa-24.3.4-0.src.rpm;nnfw-1.28.0-1.src.rpm;nntrainer-0.5.0-0.src.rpm;onnxruntime-1.16.3-1.src.rpm;opencv-4.7.0-8.src.rpm;openusd-24.03-0.src.rpm;openvino-2019R3-0.src.rpm;protobuf-33.1-1.src.rpm;python3-grpcio-1.76.0-0.src.rpm;python3-numpy-2.4.1-0.src.rpm;rive-tizen-0.2.0-1.src.rpm;sessiond-10.6.20-1.src.rpm;tensorflow2-2.18.0-1.2.src.rpm;tensorflow2-2.18.0-1.3.src.rpm;tensorflow2-2.18.0-1.src.rpm;tizen-action-1.3.13-1.src.rpm;tvm-runtime-0.7.0-0.src.rpm;vulkan-validation-layers-1.3.296-0.src.rpm;yaml-cpp-0.8.0-0.src.rpm	HEADER_SIGNATURE_HEURISTIC_NOT_CROSS_PACKAGE_PROOF	entity_examples.tsv	NOT_OBSERVED	68
38	API-06317	std::streamsize	47	40	abseil-cpp-20250814.1-1.2.src.rpm;angle-2.1-1.src.rpm;aurum-1.0.24-1.src.rpm;behaviortree_cpp_v3-3.6.1-0.src.rpm;binutils-2.43-2.7.src.rpm;binutils-2.43-2.9.src.rpm;binutils-aarch64-2.43-2.2.src.rpm;binutils-armv7hl-2.43-2.2.src.rpm;binutils-armv7l-2.43-2.2.src.rpm;boost-1.83.0-2.2.src.rpm;ceres-solver-2.2.0-1.src.rpm;cmake-3.31.2-1.12.src.rpm;cmake-3.31.2-1.14.src.rpm;coreclr-8.0.11-0.src.rpm;crash-worker-10.0.1-1.src.rpm;dynpart-tools-1.0-1.src.rpm;esplusplayer-1.4.2-1.src.rpm;eventsystem-0.1.57-1.src.rpm;gcc-14.2.0-1.12.src.rpm;gcc-14.2.0-1.14.src.rpm;gdb-16.3-1.3.src.rpm;gn-20210313-1.2.src.rpm;gn-20210313-1.3.src.rpm;gtest-1.15.2-0.src.rpm;hailo-rt-0.1-0.src.rpm;icu-78.1-1.3.src.rpm;icu-78.1-1.4.src.rpm;iotivity-1.2.1-0.src.rpm;libzypp-17.23.7-1.src.rpm;llvm-22.1.8-18.1.src.rpm;lottie-player-0.2.5-1.src.rpm;mesa-24.3.4-0.src.rpm;nnfw-1.28.0-1.src.rpm;nntrainer-0.5.0-0.src.rpm;onnxruntime-1.16.3-1.src.rpm;openusd-24.03-0.src.rpm;openvino-2019R3-0.src.rpm;oprofile-1.4.0-0.src.rpm;podofo-0.9.7-0.src.rpm;tensorflow2-2.18.0-1.2.src.rpm;tensorflow2-2.18.0-1.3.src.rpm;tensorflow2-2.18.0-1.src.rpm;thorvg-1.0.0-1.src.rpm;tidl-2.7.1-1.src.rpm;tizen-action-1.3.13-1.src.rpm;webapi-plugins-2.92-0.src.rpm;yaml-cpp-0.8.0-0.src.rpm	HEADER_SIGNATURE_HEURISTIC_NOT_CROSS_PACKAGE_PROOF	entity_examples.tsv	NOT_OBSERVED	68
39	API-03418	std::enable_if	61	54	Open3D-0.17-2.src.rpm;abseil-cpp-20250814.1-1.2.src.rpm;angle-2.1-1.src.rpm;askuser-notification-0.8.4-1.src.rpm;auth-fw-1.2.0-1.src.rpm;bcc-tools-0.35.0-2.1.src.rpm;behaviortree_cpp_v3-3.6.1-0.src.rpm;binutils-2.43-2.7.src.rpm;binutils-2.43-2.9.src.rpm;binutils-aarch64-2.43-2.2.src.rpm;binutils-armv7hl-2.43-2.2.src.rpm;binutils-armv7l-2.43-2.2.src.rpm;boost-1.83.0-2.2.src.rpm;ceres-solver-2.2.0-1.src.rpm;cmake-3.31.2-1.12.src.rpm;cmake-3.31.2-1.14.src.rpm;coreclr-8.0.11-0.src.rpm;coreclr-diagnostics-8.0.547301-37.src.rpm;dali2-toolkit-2.5.26-1.src.rpm;doxygen-1.14.0-2.2.src.rpm;dynpart-tools-1.0-1.src.rpm;flatbuffers-24.3.25-1.src.rpm;gcc-14.2.0-1.12.src.rpm;gcc-14.2.0-1.14.src.rpm;gdb-16.3-1.3.src.rpm;gn-20210313-1.2.src.rpm;gn-20210313-1.3.src.rpm;grpc-1.76.0-0.src.rpm;gtest-1.15.2-0.src.rpm;hailo-rt-0.1-0.src.rpm;hal-backend-security-auth-1.0.0-0.src.rpm;icu-78.1-1.3.src.rpm;icu-78.1-1.4.src.rpm;iotivity-1.2.1-0.src.rpm;klay-0.0.2-0.src.rpm;libjxl-0.11.1-0.src.rpm;libtbb-2019U3-0.src.rpm;libzypp-17.23.7-1.src.rpm;lightweight-web-engine-1.4.0-1.src.rpm;llvm-22.1.8-18.1.src.rpm;lottie-player-0.2.5-1.src.rpm;mesa-24.3.4-0.src.rpm;nnfw-1.28.0-1.src.rpm;nntrainer-0.5.0-0.src.rpm;onnxruntime-1.16.3-1.src.rpm;opencv-4.7.0-8.src.rpm;openusd-24.03-0.src.rpm;openvino-2019R3-0.src.rpm;protobuf-33.1-1.src.rpm;python3-grpcio-1.76.0-0.src.rpm;re2-20250812-1.src.rpm;rive-tizen-0.2.0-1.src.rpm;security-manager-2.4.0-0.src.rpm;spirv-tools-2024.4.1-0.src.rpm;tensorflow2-2.18.0-1.2.src.rpm;tensorflow2-2.18.0-1.3.src.rpm;tensorflow2-2.18.0-1.src.rpm;tvm-runtime-0.7.0-0.src.rpm;vulkan-validation-layers-1.3.296-0.src.rpm;webapi-plugins-2.92-0.src.rpm;yaml-cpp-0.8.0-0.src.rpm	HEADER_SIGNATURE_HEURISTIC_NOT_CROSS_PACKAGE_PROOF	entity_examples.tsv	NOT_OBSERVED	67
40	API-04890	std::istream	49	42	abseil-cpp-20250814.1-1.2.src.rpm;alure-1.2-3.src.rpm;bcc-tools-0.35.0-2.1.src.rpm;boost-1.83.0-2.2.src.rpm;bpftrace-0.24.2-2.1.src.rpm;capi-media-vision-1.0.17-0.src.rpm;cmake-3.31.2-1.12.src.rpm;cmake-3.31.2-1.14.src.rpm;coreclr-8.0.11-0.src.rpm;dynpart-tools-1.0-1.src.rpm;gcc-14.2.0-1.12.src.rpm;gcc-14.2.0-1.14.src.rpm;gdb-16.3-1.3.src.rpm;glibmm-2.64.2-0.src.rpm;glslang-13.1.1-0.src.rpm;gmp-4.2.1-1.12.src.rpm;gmp-4.2.1-1.14.src.rpm;hailo-rt-0.1-0.src.rpm;icu-78.1-1.3.src.rpm;icu-78.1-1.4.src.rpm;ise-engine-sunpinyin-1.0.12-1.src.rpm;isf-11.1.28-1.src.rpm;libabigail-2.3-0.src.rpm;libcynara-commons-0.26.0-1.src.rpm;libxml++-5.6.0-1.src.rpm;libzypp-17.23.7-1.src.rpm;llvm-22.1.8-18.1.src.rpm;mesa-24.3.4-0.src.rpm;mmi-2.2.2-0.src.rpm;nnfw-1.28.0-1.src.rpm;nntrainer-0.5.0-0.src.rpm;onnxruntime-1.16.3-1.src.rpm;opencv-4.7.0-8.src.rpm;openfst-1.8.4-2.2.src.rpm;openusd-24.03-0.src.rpm;openvino-2019R3-0.src.rpm;oprofile-1.4.0-0.src.rpm;podofo-0.9.7-0.src.rpm;protobuf-33.1-1.src.rpm;spirv-tools-2024.4.1-0.src.rpm;tensorflow2-2.18.0-1.2.src.rpm;tensorflow2-2.18.0-1.3.src.rpm;tensorflow2-2.18.0-1.src.rpm;tiff-4.7.0-1.2.src.rpm;tiff-4.7.0-1.3.src.rpm;tvm-runtime-0.7.0-0.src.rpm;webapi-plugins-2.92-0.src.rpm;yaml-cpp-0.8.0-0.src.rpm;zypper-1.14.38-0.src.rpm	HEADER_SIGNATURE_HEURISTIC_NOT_CROSS_PACKAGE_PROOF	entity_examples.tsv	NOT_OBSERVED	67
41	API-05417	std::optional	52	46	abseil-cpp-20250814.1-1.2.src.rpm;amd-1.81.6-1.src.rpm;angle-2.1-1.src.rpm;app-installers-1.37.2-1.src.rpm;aul-0.84.11-1.src.rpm;binutils-2.43-2.7.src.rpm;binutils-2.43-2.9.src.rpm;binutils-aarch64-2.43-2.2.src.rpm;binutils-armv7hl-2.43-2.2.src.rpm;binutils-armv7l-2.43-2.2.src.rpm;boost-1.83.0-2.2.src.rpm;bpftrace-0.24.2-2.1.src.rpm;bundle-0.18.15-0.src.rpm;capi-media-transporter-1.3.0-0.src.rpm;ccache-4.12.1-2.2.src.rpm;cion-1.2.26-1.src.rpm;docker-launcher-1.0.1-0.src.rpm;doxygen-1.14.0-2.2.src.rpm;dynpart-tools-1.0-1.src.rpm;eventsystem-0.1.57-1.src.rpm;gdb-16.3-1.3.src.rpm;gn-20210313-1.2.src.rpm;gn-20210313-1.3.src.rpm;grpc-1.76.0-0.src.rpm;gtest-1.15.2-0.src.rpm;icu-78.1-1.3.src.rpm;icu-78.1-1.4.src.rpm;ise-default-dali-0.3.0-1.src.rpm;libxml++-5.6.0-1.src.rpm;llvm-22.1.8-18.1.src.rpm;mesa-24.3.4-0.src.rpm;mmi-2.2.2-0.src.rpm;nnfw-1.28.0-1.src.rpm;onnxruntime-1.16.3-1.src.rpm;openfst-1.8.4-2.2.src.rpm;openusd-24.03-0.src.rpm;patchelf-0.16.1-1.11.src.rpm;patchelf-0.16.1-1.12.src.rpm;pkgmgr-0.23.1-0.src.rpm;pkgmgr-info-0.37.2-1.src.rpm;protobuf-33.1-1.src.rpm;python3-grpcio-1.76.0-0.src.rpm;re2-20250812-1.src.rpm;rive-tizen-0.2.0-1.src.rpm;security-manager-2.4.0-0.src.rpm;spirv-tools-2024.4.1-0.src.rpm;tensorflow2-2.18.0-1.2.src.rpm;tensorflow2-2.18.0-1.3.src.rpm;tensorflow2-2.18.0-1.src.rpm;vulkan-validation-layers-1.3.296-0.src.rpm;webauthn-ble-1.0.8-1.src.rpm;wgt-manifest-handlers-1.11.1-1.src.rpm	HEADER_SIGNATURE_HEURISTIC_NOT_CROSS_PACKAGE_PROOF	entity_examples.tsv	NOT_OBSERVED	67
42	API-03366	std::deque	38	31	abseil-cpp-20250814.1-1.2.src.rpm;angle-2.1-1.src.rpm;boost-1.83.0-2.2.src.rpm;cmake-3.31.2-1.12.src.rpm;cmake-3.31.2-1.14.src.rpm;dali2-extension-2.5.26-1.src.rpm;doxygen-1.14.0-2.2.src.rpm;glibmm-2.64.2-0.src.rpm;glog-0.3.5-1.src.rpm;gn-20210313-1.2.src.rpm;gn-20210313-1.3.src.rpm;grpc-1.76.0-0.src.rpm;ise-default-dali-0.3.0-1.src.rpm;jsoncpp-1.9.6-1.11.src.rpm;jsoncpp-1.9.6-1.13.src.rpm;jsoncpp-1.9.6-1.15.src.rpm;key-manager-0.1.90-1.src.rpm;klay-0.0.2-0.src.rpm;leveldb-1.23-1.src.rpm;libdbuspolicy-1.2.0-0.src.rpm;lightweight-web-engine-1.4.0-1.src.rpm;llvm-22.1.8-18.1.src.rpm;nghttp2-1.51.0-1.2.src.rpm;nghttp2-1.51.0-1.3.src.rpm;nnfw-1.28.0-1.src.rpm;onnxruntime-1.16.3-1.src.rpm;opencv-4.7.0-8.src.rpm;openfst-1.8.4-2.2.src.rpm;openusd-24.03-0.src.rpm;openvino-2019R3-0.src.rpm;podofo-0.9.7-0.src.rpm;python3-grpcio-1.76.0-0.src.rpm;spirv-tools-2024.4.1-0.src.rpm;tensorflow2-2.18.0-1.2.src.rpm;tensorflow2-2.18.0-1.3.src.rpm;tensorflow2-2.18.0-1.src.rpm;tvm-runtime-0.7.0-0.src.rpm;webapi-plugins-2.92-0.src.rpm	HEADER_SIGNATURE_HEURISTIC_NOT_CROSS_PACKAGE_PROOF	entity_examples.tsv	NOT_OBSERVED	66
43	API-07067	std::true_type	43	37	abseil-cpp-20250814.1-1.2.src.rpm;behaviortree_cpp_v3-3.6.1-0.src.rpm;boost-1.83.0-2.2.src.rpm;ceres-solver-2.2.0-1.src.rpm;cmake-3.31.2-1.12.src.rpm;cmake-3.31.2-1.14.src.rpm;coreclr-8.0.11-0.src.rpm;coreclr-diagnostics-8.0.547301-37.src.rpm;doxygen-1.14.0-2.2.src.rpm;dynpart-tools-1.0-1.src.rpm;gcc-14.2.0-1.12.src.rpm;gcc-14.2.0-1.14.src.rpm;gdb-16.3-1.3.src.rpm;gn-20210313-1.2.src.rpm;gn-20210313-1.3.src.rpm;grpc-1.76.0-0.src.rpm;gtest-1.15.2-0.src.rpm;hailo-rt-0.1-0.src.rpm;icu-78.1-1.3.src.rpm;icu-78.1-1.4.src.rpm;iotivity-1.2.1-0.src.rpm;klay-0.0.2-0.src.rpm;libdbuspolicy-1.2.0-0.src.rpm;libtbb-2019U3-0.src.rpm;libzypp-17.23.7-1.src.rpm;lightweight-web-engine-1.4.0-1.src.rpm;llvm-22.1.8-18.1.src.rpm;lwnode-1.0.0-1.src.rpm;nnfw-1.28.0-1.src.rpm;nntrainer-0.5.0-0.src.rpm;onnxruntime-1.16.3-1.src.rpm;opencv-4.7.0-8.src.rpm;openusd-24.03-0.src.rpm;openvino-2019R3-0.src.rpm;protobuf-33.1-1.src.rpm;python3-grpcio-1.76.0-0.src.rpm;rive-tizen-0.2.0-1.src.rpm;tensorflow2-2.18.0-1.2.src.rpm;tensorflow2-2.18.0-1.3.src.rpm;tensorflow2-2.18.0-1.src.rpm;tvm-runtime-0.7.0-0.src.rpm;webapi-plugins-2.92-0.src.rpm;yaml-cpp-0.8.0-0.src.rpm	HEADER_SIGNATURE_HEURISTIC_NOT_CROSS_PACKAGE_PROOF	entity_examples.tsv	NOT_OBSERVED	61
44	API-04562	std::hash	53	46	Open3D-0.17-2.src.rpm;abseil-cpp-20250814.1-1.2.src.rpm;angle-2.1-1.src.rpm;behaviortree_cpp_v3-3.6.1-0.src.rpm;binutils-2.43-2.7.src.rpm;binutils-2.43-2.9.src.rpm;binutils-aarch64-2.43-2.2.src.rpm;binutils-armv7hl-2.43-2.2.src.rpm;binutils-armv7l-2.43-2.2.src.rpm;boost-1.83.0-2.2.src.rpm;bpftrace-0.24.2-2.1.src.rpm;ceres-solver-2.2.0-1.src.rpm;cmake-3.31.2-1.12.src.rpm;cmake-3.31.2-1.14.src.rpm;coreclr-8.0.11-0.src.rpm;dali2-2.5.26-1.src.rpm;dali2-adaptor-2.5.26-1.src.rpm;dali2-toolkit-2.5.26-1.src.rpm;dali2-ui-foundation-2.5.14.10210-1.src.rpm;doxygen-1.14.0-2.2.src.rpm;gcc-14.2.0-1.12.src.rpm;gcc-14.2.0-1.14.src.rpm;gdb-16.3-1.3.src.rpm;gn-20210313-1.2.src.rpm;gn-20210313-1.3.src.rpm;grpc-1.76.0-0.src.rpm;hailo-rt-0.1-0.src.rpm;harfbuzz-8.2.2-0.src.rpm;icu-78.1-1.3.src.rpm;icu-78.1-1.4.src.rpm;isf-11.1.28-1.src.rpm;libabigail-2.3-0.src.rpm;libgbm-msm-1.0.0-0.src.rpm;lightweight-web-engine-1.4.0-1.src.rpm;llvm-22.1.8-18.1.src.rpm;nnfw-1.28.0-1.src.rpm;nntrainer-0.5.0-0.src.rpm;onnxruntime-1.16.3-1.src.rpm;opencv-4.7.0-8.src.rpm;openfst-1.8.4-2.2.src.rpm;openusd-24.03-0.src.rpm;openvino-2019R3-0.src.rpm;rive-tizen-0.2.0-1.src.rpm;sessiond-10.6.20-1.src.rpm;spirv-tools-2024.4.1-0.src.rpm;tensorflow2-2.18.0-1.2.src.rpm;tensorflow2-2.18.0-1.3.src.rpm;tensorflow2-2.18.0-1.src.rpm;tidl-2.7.1-1.src.rpm;tvm-runtime-0.7.0-0.src.rpm;vulkan-tools-1.3.296-0.src.rpm;vulkan-validation-layers-1.3.296-0.src.rpm;vulkan-wsi-layer-1.0.5-0.src.rpm	HEADER_SIGNATURE_HEURISTIC_NOT_CROSS_PACKAGE_PROOF	entity_examples.tsv	NOT_OBSERVED	60
45	API-04233	std::false_type	44	39	abseil-cpp-20250814.1-1.2.src.rpm;app-installers-1.37.2-1.src.rpm;behaviortree_cpp_v3-3.6.1-0.src.rpm;boost-1.83.0-2.2.src.rpm;ceres-solver-2.2.0-1.src.rpm;coreclr-8.0.11-0.src.rpm;coreclr-diagnostics-8.0.547301-37.src.rpm;doxygen-1.14.0-2.2.src.rpm;dynpart-tools-1.0-1.src.rpm;gcc-14.2.0-1.12.src.rpm;gcc-14.2.0-1.14.src.rpm;gdb-16.3-1.3.src.rpm;gn-20210313-1.2.src.rpm;gn-20210313-1.3.src.rpm;grpc-1.76.0-0.src.rpm;gtest-1.15.2-0.src.rpm;hailo-rt-0.1-0.src.rpm;icu-78.1-1.3.src.rpm;icu-78.1-1.4.src.rpm;iotivity-1.2.1-0.src.rpm;klay-0.0.2-0.src.rpm;libdbuspolicy-1.2.0-0.src.rpm;libtbb-2019U3-0.src.rpm;libzypp-17.23.7-1.src.rpm;lightweight-web-engine-1.4.0-1.src.rpm;llvm-22.1.8-18.1.src.rpm;lwnode-1.0.0-1.src.rpm;mesa-24.3.4-0.src.rpm;nnfw-1.28.0-1.src.rpm;nntrainer-0.5.0-0.src.rpm;onnxruntime-1.16.3-1.src.rpm;opencv-4.7.0-8.src.rpm;openusd-24.03-0.src.rpm;openvino-2019R3-0.src.rpm;protobuf-33.1-1.src.rpm;python3-grpcio-1.76.0-0.src.rpm;re2-20250812-1.src.rpm;rive-tizen-0.2.0-1.src.rpm;tensorflow2-2.18.0-1.2.src.rpm;tensorflow2-2.18.0-1.3.src.rpm;tensorflow2-2.18.0-1.src.rpm;tvm-runtime-0.7.0-0.src.rpm;webapi-plugins-2.92-0.src.rpm;yaml-cpp-0.8.0-0.src.rpm	HEADER_SIGNATURE_HEURISTIC_NOT_CROSS_PACKAGE_PROOF	entity_examples.tsv	NOT_OBSERVED	59
46	API-04699	std::is_base_of	52	43	abseil-cpp-20250814.1-1.2.src.rpm;angle-2.1-1.src.rpm;behaviortree_cpp_v3-3.6.1-0.src.rpm;binutils-2.43-2.7.src.rpm;binutils-2.43-2.9.src.rpm;binutils-aarch64-2.43-2.2.src.rpm;binutils-armv7hl-2.43-2.2.src.rpm;binutils-armv7l-2.43-2.2.src.rpm;boost-1.83.0-2.2.src.rpm;ceres-solver-2.2.0-1.src.rpm;cmake-3.31.2-1.12.src.rpm;cmake-3.31.2-1.14.src.rpm;coreclr-8.0.11-0.src.rpm;dali2-adaptor-2.5.26-1.src.rpm;dynpart-tools-1.0-1.src.rpm;flatbuffers-24.3.25-1.src.rpm;gcc-14.2.0-1.12.src.rpm;gcc-14.2.0-1.14.src.rpm;gdb-16.3-1.3.src.rpm;glibmm-2.64.2-0.src.rpm;gn-20210313-1.2.src.rpm;gn-20210313-1.3.src.rpm;grpc-1.76.0-0.src.rpm;gtest-1.15.2-0.src.rpm;hailo-rt-0.1-0.src.rpm;icu-78.1-1.3.src.rpm;icu-78.1-1.4.src.rpm;libsigc++-2.12.1-1.1.src.rpm;libsigc++-2.12.1-1.2.src.rpm;libsigc++-2.12.1-1.3.src.rpm;libtbb-2019U3-0.src.rpm;lightweight-web-engine-1.4.0-1.src.rpm;llvm-22.1.8-18.1.src.rpm;lwnode-1.0.0-1.src.rpm;mesa-24.3.4-0.src.rpm;nnfw-1.28.0-1.src.rpm;nnstreamer-2.7.0-0.src.rpm;nntrainer-0.5.0-0.src.rpm;onnxruntime-1.16.3-1.src.rpm;opencv-4.7.0-8.src.rpm;openusd-24.03-0.src.rpm;openvino-2019R3-0.src.rpm;protobuf-33.1-1.src.rpm;python3-grpcio-1.76.0-0.src.rpm;rive-tizen-0.2.0-1.src.rpm;spirv-tools-2024.4.1-0.src.rpm;tensorflow2-2.18.0-1.2.src.rpm;tensorflow2-2.18.0-1.3.src.rpm;tensorflow2-2.18.0-1.src.rpm;tvm-runtime-0.7.0-0.src.rpm;vulkan-validation-layers-1.3.296-0.src.rpm;wgt-backend-0.18.6-1.src.rpm	HEADER_SIGNATURE_HEURISTIC_NOT_CROSS_PACKAGE_PROOF	entity_examples.tsv	NOT_OBSERVED	59
47	API-05443	std::out_of_range	23	21	behaviortree_cpp_v3-3.6.1-0.src.rpm;boost-1.83.0-2.2.src.rpm;bpftrace-0.24.2-2.1.src.rpm;coreclr-8.0.11-0.src.rpm;dali2-csharp-binder-2.5.26-1.src.rpm;gdb-16.3-1.3.src.rpm;gstreamer-1.24.11-38.src.rpm;hailo-rt-0.1-0.src.rpm;icu-78.1-1.3.src.rpm;icu-78.1-1.4.src.rpm;libabigail-2.3-0.src.rpm;libcynara-commons-0.26.0-1.src.rpm;mesa-24.3.4-0.src.rpm;nnfw-1.28.0-1.src.rpm;nntrainer-0.5.0-0.src.rpm;onnxruntime-1.16.3-1.src.rpm;opencv-4.7.0-8.src.rpm;openusd-24.03-0.src.rpm;openvino-2019R3-0.src.rpm;oprofile-1.4.0-0.src.rpm;taglib-1.13.1-1.2.src.rpm;taglib-1.13.1-1.3.src.rpm;zypper-1.14.38-0.src.rpm	HEADER_SIGNATURE_HEURISTIC_NOT_CROSS_PACKAGE_PROOF	entity_examples.tsv	NOT_OBSERVED	58
48	API-05349	std::nullptr_t	54	45	abseil-cpp-20250814.1-1.2.src.rpm;angle-2.1-1.src.rpm;app-installers-1.37.2-1.src.rpm;behaviortree_cpp_v3-3.6.1-0.src.rpm;binutils-2.43-2.7.src.rpm;binutils-2.43-2.9.src.rpm;binutils-aarch64-2.43-2.2.src.rpm;binutils-armv7hl-2.43-2.2.src.rpm;binutils-armv7l-2.43-2.2.src.rpm;boost-1.83.0-2.2.src.rpm;bpftrace-0.24.2-2.1.src.rpm;capi-appfw-capmgr-0.0.4-1.src.rpm;ceres-solver-2.2.0-1.src.rpm;cmake-3.31.2-1.12.src.rpm;cmake-3.31.2-1.14.src.rpm;coreclr-8.0.11-0.src.rpm;coreclr-diagnostics-8.0.547301-37.src.rpm;dynpart-tools-1.0-1.src.rpm;gcc-14.2.0-1.12.src.rpm;gcc-14.2.0-1.14.src.rpm;gdb-16.3-1.3.src.rpm;gn-20210313-1.2.src.rpm;gn-20210313-1.3.src.rpm;grpc-1.76.0-0.src.rpm;gtest-1.15.2-0.src.rpm;hailo-rt-0.1-0.src.rpm;icu-78.1-1.3.src.rpm;icu-78.1-1.4.src.rpm;iotivity-1.2.1-0.src.rpm;jsoncpp-1.9.6-1.11.src.rpm;jsoncpp-1.9.6-1.13.src.rpm;jsoncpp-1.9.6-1.15.src.rpm;libzypp-17.23.7-1.src.rpm;lightweight-web-engine-1.4.0-1.src.rpm;llvm-22.1.8-18.1.src.rpm;lwnode-1.0.0-1.src.rpm;mesa-24.3.4-0.src.rpm;nnfw-1.28.0-1.src.rpm;nntrainer-0.5.0-0.src.rpm;onnxruntime-1.16.3-1.src.rpm;opencv-4.7.0-8.src.rpm;openusd-24.03-0.src.rpm;openvino-2019R3-0.src.rpm;protobuf-33.1-1.src.rpm;python3-grpcio-1.76.0-0.src.rpm;re2-20250812-1.src.rpm;rive-tizen-0.2.0-1.src.rpm;tensorflow2-2.18.0-1.2.src.rpm;tensorflow2-2.18.0-1.3.src.rpm;tensorflow2-2.18.0-1.src.rpm;tizen-action-1.3.13-1.src.rpm;tizen-theme-manager-1.3.3-1.src.rpm;tvm-runtime-0.7.0-0.src.rpm;webapi-plugins-2.92-0.src.rpm	HEADER_SIGNATURE_HEURISTIC_NOT_CROSS_PACKAGE_PROOF	entity_examples.tsv	NOT_OBSERVED	56
49	API-05578	std::ptrdiff_t	34	29	aurum-1.0.24-1.src.rpm;boost-1.83.0-2.2.src.rpm;cmake-3.31.2-1.12.src.rpm;cmake-3.31.2-1.14.src.rpm;coreclr-8.0.11-0.src.rpm;dali2-2.5.26-1.src.rpm;dynpart-tools-1.0-1.src.rpm;eventsystem-0.1.57-1.src.rpm;flatbuffers-24.3.25-1.src.rpm;gn-20210313-1.2.src.rpm;gn-20210313-1.3.src.rpm;grpc-1.76.0-0.src.rpm;hailo-rt-0.1-0.src.rpm;icu-78.1-1.3.src.rpm;icu-78.1-1.4.src.rpm;llvm-22.1.8-18.1.src.rpm;lottie-player-0.2.5-1.src.rpm;mesa-24.3.4-0.src.rpm;nnfw-1.28.0-1.src.rpm;nntrainer-0.5.0-0.src.rpm;onnxruntime-1.16.3-1.src.rpm;opencv-4.7.0-8.src.rpm;openusd-24.03-0.src.rpm;openvino-2019R3-0.src.rpm;oprofile-1.4.0-0.src.rpm;protobuf-33.1-1.src.rpm;python3-grpcio-1.76.0-0.src.rpm;python3-numpy-2.4.1-0.src.rpm;tensorflow2-2.18.0-1.2.src.rpm;tensorflow2-2.18.0-1.3.src.rpm;tensorflow2-2.18.0-1.src.rpm;thorvg-1.0.0-1.src.rpm;tidl-2.7.1-1.src.rpm;tizen-action-1.3.13-1.src.rpm	HEADER_SIGNATURE_HEURISTIC_NOT_CROSS_PACKAGE_PROOF	entity_examples.tsv	NOT_OBSERVED	56
50	API-06088	std::remove_pointer	30	26	amd-1.81.6-1.src.rpm;angle-2.1-1.src.rpm;binutils-2.43-2.7.src.rpm;binutils-2.43-2.9.src.rpm;binutils-aarch64-2.43-2.2.src.rpm;binutils-armv7hl-2.43-2.2.src.rpm;binutils-armv7l-2.43-2.2.src.rpm;boost-1.83.0-2.2.src.rpm;ceres-solver-2.2.0-1.src.rpm;coreclr-8.0.11-0.src.rpm;dynpart-tools-1.0-1.src.rpm;gdb-16.3-1.3.src.rpm;gn-20210313-1.2.src.rpm;gn-20210313-1.3.src.rpm;grpc-1.76.0-0.src.rpm;gtest-1.15.2-0.src.rpm;hailo-rt-0.1-0.src.rpm;icu-78.1-1.3.src.rpm;icu-78.1-1.4.src.rpm;lightweight-web-engine-1.4.0-1.src.rpm;llvm-22.1.8-18.1.src.rpm;mesa-24.3.4-0.src.rpm;nntrainer-0.5.0-0.src.rpm;onnxruntime-1.16.3-1.src.rpm;openvino-2019R3-0.src.rpm;python3-grpcio-1.76.0-0.src.rpm;rive-tizen-0.2.0-1.src.rpm;tensorflow2-2.18.0-1.2.src.rpm;tensorflow2-2.18.0-1.3.src.rpm;webapi-plugins-2.92-0.src.rpm	HEADER_SIGNATURE_HEURISTIC_NOT_CROSS_PACKAGE_PROOF	entity_examples.tsv	NOT_OBSERVED	56
51	API-03114	std::chrono::seconds	19	16	abseil-cpp-20250814.1-1.2.src.rpm;boost-1.83.0-2.2.src.rpm;capi-media-audio-io-0.6.3-0.src.rpm;dynpart-tools-1.0-1.src.rpm;esplusplayer-1.4.2-1.src.rpm;grpc-1.76.0-0.src.rpm;hailo-rt-0.1-0.src.rpm;llvm-22.1.8-18.1.src.rpm;nghttp2-1.51.0-1.2.src.rpm;nghttp2-1.51.0-1.3.src.rpm;nnfw-1.28.0-1.src.rpm;onnxruntime-1.16.3-1.src.rpm;python3-grpcio-1.76.0-0.src.rpm;srt-1.5.0-1.src.rpm;tensorflow2-2.18.0-1.2.src.rpm;tensorflow2-2.18.0-1.3.src.rpm;tensorflow2-2.18.0-1.src.rpm;tvm-runtime-0.7.0-0.src.rpm;vulkan-validation-layers-1.3.296-0.src.rpm	HEADER_SIGNATURE_HEURISTIC_NOT_CROSS_PACKAGE_PROOF	entity_examples.tsv	NOT_OBSERVED	55
52	API-03115	std::chrono::steady_clock	14	14	boost-1.83.0-2.2.src.rpm;ccache-4.12.1-2.2.src.rpm;dali2-adaptor-2.5.26-1.src.rpm;dali2-toolkit-2.5.26-1.src.rpm;dali2-ui-foundation-2.5.14.10210-1.src.rpm;grpc-1.76.0-0.src.rpm;hailo-rt-0.1-0.src.rpm;llvm-22.1.8-18.1.src.rpm;nnfw-1.28.0-1.src.rpm;nntrainer-0.5.0-0.src.rpm;onnxruntime-1.16.3-1.src.rpm;openusd-24.03-0.src.rpm;python3-grpcio-1.76.0-0.src.rpm;vulkan-validation-layers-1.3.296-0.src.rpm	HEADER_SIGNATURE_HEURISTIC_NOT_CROSS_PACKAGE_PROOF	entity_examples.tsv	NOT_OBSERVED	55
53	API-03236	std::conditional	34	29	Open3D-0.17-2.src.rpm;abseil-cpp-20250814.1-1.2.src.rpm;angle-2.1-1.src.rpm;behaviortree_cpp_v3-3.6.1-0.src.rpm;boost-1.83.0-2.2.src.rpm;ceres-solver-2.2.0-1.src.rpm;coreclr-8.0.11-0.src.rpm;coreclr-diagnostics-8.0.547301-37.src.rpm;dali2-toolkit-2.5.26-1.src.rpm;flatbuffers-24.3.25-1.src.rpm;gcc-14.2.0-1.12.src.rpm;gcc-14.2.0-1.14.src.rpm;gdb-16.3-1.3.src.rpm;gn-20210313-1.2.src.rpm;gn-20210313-1.3.src.rpm;gtest-1.15.2-0.src.rpm;hailo-rt-0.1-0.src.rpm;harfbuzz-8.2.2-0.src.rpm;icu-78.1-1.3.src.rpm;icu-78.1-1.4.src.rpm;libtbb-2019U3-0.src.rpm;llvm-22.1.8-18.1.src.rpm;mesa-24.3.4-0.src.rpm;nnfw-1.28.0-1.src.rpm;nntrainer-0.5.0-0.src.rpm;onnxruntime-1.16.3-1.src.rpm;openusd-24.03-0.src.rpm;openvino-2019R3-0.src.rpm;python3-numpy-2.4.1-0.src.rpm;tensorflow2-2.18.0-1.2.src.rpm;tensorflow2-2.18.0-1.3.src.rpm;tensorflow2-2.18.0-1.src.rpm;vulkan-validation-layers-1.3.296-0.src.rpm;webapi-plugins-2.92-0.src.rpm	HEADER_SIGNATURE_HEURISTIC_NOT_CROSS_PACKAGE_PROOF	entity_examples.tsv	NOT_OBSERVED	55
54	API-05254	std::multimap	31	25	abseil-cpp-20250814.1-1.2.src.rpm;alure-1.2-3.src.rpm;amd-1.81.6-1.src.rpm;angle-2.1-1.src.rpm;binutils-2.43-2.7.src.rpm;binutils-2.43-2.9.src.rpm;binutils-aarch64-2.43-2.2.src.rpm;binutils-armv7hl-2.43-2.2.src.rpm;binutils-armv7l-2.43-2.2.src.rpm;boost-1.83.0-2.2.src.rpm;cmake-3.31.2-1.12.src.rpm;cmake-3.31.2-1.14.src.rpm;glog-0.3.5-1.src.rpm;gn-20210313-1.2.src.rpm;gn-20210313-1.3.src.rpm;grpc-1.76.0-0.src.rpm;ise-engine-sunpinyin-1.0.12-1.src.rpm;libzypp-17.23.7-1.src.rpm;lightweight-web-engine-1.4.0-1.src.rpm;llvm-22.1.8-18.1.src.rpm;nghttp2-1.51.0-1.2.src.rpm;nghttp2-1.51.0-1.3.src.rpm;nnfw-1.28.0-1.src.rpm;notification-0.12.4-1.src.rpm;onnxruntime-1.16.3-1.src.rpm;openfst-1.8.4-2.2.src.rpm;rscmgr-service-0.1-13.src.rpm;spirv-tools-2024.4.1-0.src.rpm;tensorflow2-2.18.0-1.2.src.rpm;tensorflow2-2.18.0-1.3.src.rpm;tensorflow2-2.18.0-1.src.rpm	HEADER_SIGNATURE_HEURISTIC_NOT_CROSS_PACKAGE_PROOF	entity_examples.tsv	NOT_OBSERVED	55
55	API-06091	std::remove_reference	38	33	Open3D-0.17-2.src.rpm;abseil-cpp-20250814.1-1.2.src.rpm;angle-2.1-1.src.rpm;behaviortree_cpp_v3-3.6.1-0.src.rpm;binutils-2.43-2.7.src.rpm;binutils-2.43-2.9.src.rpm;binutils-aarch64-2.43-2.2.src.rpm;binutils-armv7hl-2.43-2.2.src.rpm;binutils-armv7l-2.43-2.2.src.rpm;boost-1.83.0-2.2.src.rpm;ceres-solver-2.2.0-1.src.rpm;cmake-3.31.2-1.12.src.rpm;cmake-3.31.2-1.14.src.rpm;coreclr-8.0.11-0.src.rpm;coreclr-diagnostics-8.0.547301-37.src.rpm;dynpart-tools-1.0-1.src.rpm;gdb-16.3-1.3.src.rpm;grpc-1.76.0-0.src.rpm;gtest-1.15.2-0.src.rpm;hailo-rt-0.1-0.src.rpm;icu-78.1-1.3.src.rpm;icu-78.1-1.4.src.rpm;libtbb-2019U3-0.src.rpm;llvm-22.1.8-18.1.src.rpm;mesa-24.3.4-0.src.rpm;nnfw-1.28.0-1.src.rpm;nntrainer-0.5.0-0.src.rpm;onnxruntime-1.16.3-1.src.rpm;opencv-4.7.0-8.src.rpm;openusd-24.03-0.src.rpm;openvino-2019R3-0.src.rpm;python3-grpcio-1.76.0-0.src.rpm;rive-tizen-0.2.0-1.src.rpm;tensorflow2-2.18.0-1.2.src.rpm;tensorflow2-2.18.0-1.3.src.rpm;tensorflow2-2.18.0-1.src.rpm;tvm-runtime-0.7.0-0.src.rpm;webapi-plugins-2.92-0.src.rpm	HEADER_SIGNATURE_HEURISTIC_NOT_CROSS_PACKAGE_PROOF	entity_examples.tsv	NOT_OBSERVED	55
56	API-03045	std::chrono::duration	26	21	abseil-cpp-20250814.1-1.2.src.rpm;binutils-2.43-2.7.src.rpm;binutils-2.43-2.9.src.rpm;binutils-aarch64-2.43-2.2.src.rpm;binutils-armv7hl-2.43-2.2.src.rpm;binutils-armv7l-2.43-2.2.src.rpm;boost-1.83.0-2.2.src.rpm;bpftrace-0.24.2-2.1.src.rpm;cmake-3.31.2-1.12.src.rpm;cmake-3.31.2-1.14.src.rpm;coreclr-diagnostics-8.0.547301-37.src.rpm;dali2-2.5.26-1.src.rpm;dynpart-tools-1.0-1.src.rpm;gdb-16.3-1.3.src.rpm;hailo-rt-0.1-0.src.rpm;lightweight-web-engine-1.4.0-1.src.rpm;llvm-22.1.8-18.1.src.rpm;nghttp2-1.51.0-1.2.src.rpm;nghttp2-1.51.0-1.3.src.rpm;nnfw-1.28.0-1.src.rpm;onnxruntime-1.16.3-1.src.rpm;opencv-4.7.0-8.src.rpm;openvino-2019R3-0.src.rpm;tensorflow2-2.18.0-1.2.src.rpm;tensorflow2-2.18.0-1.3.src.rpm;tensorflow2-2.18.0-1.src.rpm	HEADER_SIGNATURE_HEURISTIC_NOT_CROSS_PACKAGE_PROOF	entity_examples.tsv	NOT_OBSERVED	53
57	API-03313	std::decay	37	32	Open3D-0.17-2.src.rpm;abseil-cpp-20250814.1-1.2.src.rpm;angle-2.1-1.src.rpm;behaviortree_cpp_v3-3.6.1-0.src.rpm;binutils-2.43-2.7.src.rpm;binutils-2.43-2.9.src.rpm;binutils-aarch64-2.43-2.2.src.rpm;binutils-armv7hl-2.43-2.2.src.rpm;binutils-armv7l-2.43-2.2.src.rpm;boost-1.83.0-2.2.src.rpm;ceres-solver-2.2.0-1.src.rpm;dali2-toolkit-2.5.26-1.src.rpm;dynpart-tools-1.0-1.src.rpm;gcc-14.2.0-1.12.src.rpm;gcc-14.2.0-1.14.src.rpm;gdb-16.3-1.3.src.rpm;gtest-1.15.2-0.src.rpm;hailo-rt-0.1-0.src.rpm;harfbuzz-8.2.2-0.src.rpm;klay-0.0.2-0.src.rpm;libtbb-2019U3-0.src.rpm;llvm-22.1.8-18.1.src.rpm;mesa-24.3.4-0.src.rpm;nghttp2-1.51.0-1.2.src.rpm;nghttp2-1.51.0-1.3.src.rpm;nnfw-1.28.0-1.src.rpm;nntrainer-0.5.0-0.src.rpm;onnxruntime-1.16.3-1.src.rpm;opencv-4.7.0-8.src.rpm;openusd-24.03-0.src.rpm;openvino-2019R3-0.src.rpm;protobuf-33.1-1.src.rpm;rive-tizen-0.2.0-1.src.rpm;tensorflow2-2.18.0-1.2.src.rpm;tensorflow2-2.18.0-1.3.src.rpm;tensorflow2-2.18.0-1.src.rpm;webapi-plugins-2.92-0.src.rpm	HEADER_SIGNATURE_HEURISTIC_NOT_CROSS_PACKAGE_PROOF	entity_examples.tsv	NOT_OBSERVED	53
58	API-03124	std::chrono::system_clock	17	14	abseil-cpp-20250814.1-1.2.src.rpm;boost-1.83.0-2.2.src.rpm;bpftrace-0.24.2-2.1.src.rpm;cmake-3.31.2-1.12.src.rpm;cmake-3.31.2-1.14.src.rpm;dali2-extension-2.5.26-1.src.rpm;esplusplayer-1.4.2-1.src.rpm;hailo-rt-0.1-0.src.rpm;lightweight-web-engine-1.4.0-1.src.rpm;llvm-22.1.8-18.1.src.rpm;nnfw-1.28.0-1.src.rpm;onnxruntime-1.16.3-1.src.rpm;opencv-4.7.0-8.src.rpm;tensorflow2-2.18.0-1.2.src.rpm;tensorflow2-2.18.0-1.3.src.rpm;tensorflow2-2.18.0-1.src.rpm;tvm-runtime-0.7.0-0.src.rpm	HEADER_SIGNATURE_HEURISTIC_NOT_CROSS_PACKAGE_PROOF	entity_examples.tsv	NOT_OBSERVED	52
59	API-04749	std::is_integral	47	41	abseil-cpp-20250814.1-1.2.src.rpm;angle-2.1-1.src.rpm;askuser-notification-0.8.4-1.src.rpm;behaviortree_cpp_v3-3.6.1-0.src.rpm;binutils-2.43-2.7.src.rpm;binutils-2.43-2.9.src.rpm;binutils-aarch64-2.43-2.2.src.rpm;binutils-armv7hl-2.43-2.2.src.rpm;binutils-armv7l-2.43-2.2.src.rpm;boost-1.83.0-2.2.src.rpm;ceres-solver-2.2.0-1.src.rpm;coreclr-8.0.11-0.src.rpm;coreclr-diagnostics-8.0.547301-37.src.rpm;dynpart-tools-1.0-1.src.rpm;gcc-14.2.0-1.12.src.rpm;gcc-14.2.0-1.14.src.rpm;gdb-16.3-1.3.src.rpm;gn-20210313-1.2.src.rpm;gn-20210313-1.3.src.rpm;grpc-1.76.0-0.src.rpm;gtest-1.15.2-0.src.rpm;hailo-rt-0.1-0.src.rpm;harfbuzz-8.2.2-0.src.rpm;icu-78.1-1.3.src.rpm;icu-78.1-1.4.src.rpm;libjxl-0.11.1-0.src.rpm;lightweight-web-engine-1.4.0-1.src.rpm;llvm-22.1.8-18.1.src.rpm;lwnode-1.0.0-1.src.rpm;mesa-24.3.4-0.src.rpm;nnfw-1.28.0-1.src.rpm;nntrainer-0.5.0-0.src.rpm;onnxruntime-1.16.3-1.src.rpm;opencv-4.7.0-8.src.rpm;openusd-24.03-0.src.rpm;openvino-2019R3-0.src.rpm;protobuf-33.1-1.src.rpm;python3-grpcio-1.76.0-0.src.rpm;python3-numpy-2.4.1-0.src.rpm;rive-tizen-0.2.0-1.src.rpm;spirv-tools-2024.4.1-0.src.rpm;tensorflow2-2.18.0-1.2.src.rpm;tensorflow2-2.18.0-1.3.src.rpm;tensorflow2-2.18.0-1.src.rpm;tvm-runtime-0.7.0-0.src.rpm;webapi-plugins-2.92-0.src.rpm;zypper-1.14.38-0.src.rpm	HEADER_SIGNATURE_HEURISTIC_NOT_CROSS_PACKAGE_PROOF	entity_examples.tsv	NOT_OBSERVED	52
60	API-06286	std::stack	17	15	angle-2.1-1.src.rpm;boost-1.83.0-2.2.src.rpm;bundle-0.18.15-0.src.rpm;dynpart-tools-1.0-1.src.rpm;hailo-rt-0.1-0.src.rpm;key-manager-0.1.90-1.src.rpm;llvm-22.1.8-18.1.src.rpm;mesa-24.3.4-0.src.rpm;nnfw-1.28.0-1.src.rpm;nntrainer-0.5.0-0.src.rpm;onnxruntime-1.16.3-1.src.rpm;opencv-4.7.0-8.src.rpm;openfst-1.8.4-2.2.src.rpm;spirv-tools-2024.4.1-0.src.rpm;tensorflow2-2.18.0-1.2.src.rpm;tensorflow2-2.18.0-1.3.src.rpm;tensorflow2-2.18.0-1.src.rpm	HEADER_SIGNATURE_HEURISTIC_NOT_CROSS_PACKAGE_PROOF	entity_examples.tsv	NOT_OBSERVED	52
61	API-04672	std::ios_base	28	24	abseil-cpp-20250814.1-1.2.src.rpm;alure-1.2-3.src.rpm;behaviortree_cpp_v3-3.6.1-0.src.rpm;binutils-2.43-2.7.src.rpm;binutils-2.43-2.9.src.rpm;binutils-aarch64-2.43-2.2.src.rpm;binutils-armv7hl-2.43-2.2.src.rpm;binutils-armv7l-2.43-2.2.src.rpm;boost-1.83.0-2.2.src.rpm;crash-worker-10.0.1-1.src.rpm;dynpart-tools-1.0-1.src.rpm;gcc-14.2.0-1.12.src.rpm;gcc-14.2.0-1.14.src.rpm;gdb-16.3-1.3.src.rpm;glslang-13.1.1-0.src.rpm;hailo-rt-0.1-0.src.rpm;libzypp-17.23.7-1.src.rpm;llvm-22.1.8-18.1.src.rpm;nnfw-1.28.0-1.src.rpm;onnxruntime-1.16.3-1.src.rpm;opencv-4.7.0-8.src.rpm;openfst-1.8.4-2.2.src.rpm;openvino-2019R3-0.src.rpm;podofo-0.9.7-0.src.rpm;spirv-tools-2024.4.1-0.src.rpm;tensorflow2-2.18.0-1.2.src.rpm;tensorflow2-2.18.0-1.3.src.rpm;tensorflow2-2.18.0-1.src.rpm	HEADER_SIGNATURE_HEURISTIC_NOT_CROSS_PACKAGE_PROOF	entity_examples.tsv	NOT_OBSERVED	51
62	API-02887	std::basic_string	39	34	abseil-cpp-20250814.1-1.2.src.rpm;aurum-1.0.24-1.src.rpm;behaviortree_cpp_v3-3.6.1-0.src.rpm;binutils-2.43-2.7.src.rpm;binutils-2.43-2.9.src.rpm;binutils-aarch64-2.43-2.2.src.rpm;binutils-armv7hl-2.43-2.2.src.rpm;binutils-armv7l-2.43-2.2.src.rpm;boost-1.83.0-2.2.src.rpm;coreclr-8.0.11-0.src.rpm;db4-4.8.30.NC-1.12.src.rpm;db4-4.8.30.NC-1.14.src.rpm;dynpart-tools-1.0-1.src.rpm;eventsystem-0.1.57-1.src.rpm;gdb-16.3-1.3.src.rpm;glibmm-2.64.2-0.src.rpm;gn-20210313-1.2.src.rpm;gn-20210313-1.3.src.rpm;grpc-1.76.0-0.src.rpm;hailo-rt-0.1-0.src.rpm;ise-engine-sunpinyin-1.0.12-1.src.rpm;key-manager-0.1.90-1.src.rpm;libtbb-2019U3-0.src.rpm;llvm-22.1.8-18.1.src.rpm;lottie-player-0.2.5-1.src.rpm;lwnode-1.0.0-1.src.rpm;nnfw-1.28.0-1.src.rpm;onnxruntime-1.16.3-1.src.rpm;opencv-4.7.0-8.src.rpm;openusd-24.03-0.src.rpm;openvino-2019R3-0.src.rpm;pbzip2-1.1.13-1.2.src.rpm;python3-grpcio-1.76.0-0.src.rpm;tensorflow2-2.18.0-1.2.src.rpm;tensorflow2-2.18.0-1.3.src.rpm;tensorflow2-2.18.0-1.src.rpm;thorvg-1.0.0-1.src.rpm;tidl-2.7.1-1.src.rpm;tizen-action-1.3.13-1.src.rpm	HEADER_SIGNATURE_HEURISTIC_NOT_CROSS_PACKAGE_PROOF	entity_examples.tsv	NOT_OBSERVED	50
63	API-05985	std::regex	6	6	boost-1.83.0-2.2.src.rpm;bpftrace-0.24.2-2.1.src.rpm;docker-launcher-1.0.1-0.src.rpm;mmi-2.2.2-0.src.rpm;nnfw-1.28.0-1.src.rpm;nntrainer-0.5.0-0.src.rpm	HEADER_SIGNATURE_HEURISTIC_NOT_CROSS_PACKAGE_PROOF	entity_examples.tsv	NOT_OBSERVED	49
64	API-04942	std::iterator_traits	41	35	Open3D-0.17-2.src.rpm;abseil-cpp-20250814.1-1.2.src.rpm;angle-2.1-1.src.rpm;behaviortree_cpp_v3-3.6.1-0.src.rpm;binutils-2.43-2.7.src.rpm;binutils-2.43-2.9.src.rpm;binutils-aarch64-2.43-2.2.src.rpm;binutils-armv7hl-2.43-2.2.src.rpm;binutils-armv7l-2.43-2.2.src.rpm;boost-1.83.0-2.2.src.rpm;ceres-solver-2.2.0-1.src.rpm;cmake-3.31.2-1.12.src.rpm;cmake-3.31.2-1.14.src.rpm;coreclr-8.0.11-0.src.rpm;dynpart-tools-1.0-1.src.rpm;gdb-16.3-1.3.src.rpm;gtest-1.15.2-0.src.rpm;hailo-rt-0.1-0.src.rpm;icu-78.1-1.3.src.rpm;icu-78.1-1.4.src.rpm;libtbb-2019U3-0.src.rpm;lightweight-web-engine-1.4.0-1.src.rpm;llvm-22.1.8-18.1.src.rpm;lwnode-1.0.0-1.src.rpm;mesa-24.3.4-0.src.rpm;nnfw-1.28.0-1.src.rpm;nntrainer-0.5.0-0.src.rpm;onnxruntime-1.16.3-1.src.rpm;opencv-4.7.0-8.src.rpm;openfst-1.8.4-2.2.src.rpm;openusd-24.03-0.src.rpm;openvino-2019R3-0.src.rpm;protobuf-33.1-1.src.rpm;taglib-1.13.1-1.2.src.rpm;taglib-1.13.1-1.3.src.rpm;tensorflow2-2.18.0-1.2.src.rpm;tensorflow2-2.18.0-1.3.src.rpm;tensorflow2-2.18.0-1.src.rpm;tvm-runtime-0.7.0-0.src.rpm;vulkan-validation-layers-1.3.296-0.src.rpm;webapi-plugins-2.92-0.src.rpm	HEADER_SIGNATURE_HEURISTIC_NOT_CROSS_PACKAGE_PROOF	entity_examples.tsv	NOT_OBSERVED	48
65	API-07377	std::wstring	28	24	abseil-cpp-20250814.1-1.2.src.rpm;angle-2.1-1.src.rpm;behaviortree_cpp_v3-3.6.1-0.src.rpm;boost-1.83.0-2.2.src.rpm;ceres-solver-2.2.0-1.src.rpm;cmake-3.31.2-1.12.src.rpm;cmake-3.31.2-1.14.src.rpm;coreclr-8.0.11-0.src.rpm;dynpart-tools-1.0-1.src.rpm;gstreamer-1.24.11-38.src.rpm;gtest-1.15.2-0.src.rpm;hailo-rt-0.1-0.src.rpm;ise-engine-sunpinyin-1.0.12-1.src.rpm;llvm-22.1.8-18.1.src.rpm;mesa-24.3.4-0.src.rpm;onnxruntime-1.16.3-1.src.rpm;opencv-4.7.0-8.src.rpm;openusd-24.03-0.src.rpm;openvino-2019R3-0.src.rpm;podofo-0.9.7-0.src.rpm;protobuf-33.1-1.src.rpm;taglib-1.13.1-1.2.src.rpm;taglib-1.13.1-1.3.src.rpm;tensorflow2-2.18.0-1.2.src.rpm;tensorflow2-2.18.0-1.3.src.rpm;tensorflow2-2.18.0-1.src.rpm;webapi-plugins-2.92-0.src.rpm;webrtc-audio-processing-0.3.1-2.src.rpm	HEADER_SIGNATURE_HEURISTIC_NOT_CROSS_PACKAGE_PROOF	entity_examples.tsv	NOT_OBSERVED	48
66	API-03004	std::char_traits	19	16	abseil-cpp-20250814.1-1.2.src.rpm;angle-2.1-1.src.rpm;aurum-1.0.24-1.src.rpm;boost-1.83.0-2.2.src.rpm;coreclr-8.0.11-0.src.rpm;dynpart-tools-1.0-1.src.rpm;hailo-rt-0.1-0.src.rpm;icu-78.1-1.3.src.rpm;icu-78.1-1.4.src.rpm;llvm-22.1.8-18.1.src.rpm;lwnode-1.0.0-1.src.rpm;nnfw-1.28.0-1.src.rpm;nntrainer-0.5.0-0.src.rpm;onnxruntime-1.16.3-1.src.rpm;opencv-4.7.0-8.src.rpm;openvino-2019R3-0.src.rpm;tensorflow2-2.18.0-1.2.src.rpm;tensorflow2-2.18.0-1.3.src.rpm;tensorflow2-2.18.0-1.src.rpm	HEADER_SIGNATURE_HEURISTIC_NOT_CROSS_PACKAGE_PROOF	entity_examples.tsv	NOT_OBSERVED	47
67	API-04453	std::forward_iterator_tag	23	21	app-installers-1.37.2-1.src.rpm;boost-1.83.0-2.2.src.rpm;capi-appfw-capmgr-0.0.4-1.src.rpm;ceres-solver-2.2.0-1.src.rpm;dynpart-tools-1.0-1.src.rpm;gdb-16.3-1.3.src.rpm;grpc-1.76.0-0.src.rpm;hailo-rt-0.1-0.src.rpm;libtbb-2019U3-0.src.rpm;lightweight-web-engine-1.4.0-1.src.rpm;llvm-22.1.8-18.1.src.rpm;lwnode-1.0.0-1.src.rpm;nnfw-1.28.0-1.src.rpm;onnxruntime-1.16.3-1.src.rpm;opencv-4.7.0-8.src.rpm;openusd-24.03-0.src.rpm;protobuf-33.1-1.src.rpm;python3-grpcio-1.76.0-0.src.rpm;tensorflow2-2.18.0-1.2.src.rpm;tensorflow2-2.18.0-1.3.src.rpm;tensorflow2-2.18.0-1.src.rpm;tizen-action-1.3.13-1.src.rpm;tizen-theme-manager-1.3.3-1.src.rpm	HEADER_SIGNATURE_HEURISTIC_NOT_CROSS_PACKAGE_PROOF	entity_examples.tsv	NOT_OBSERVED	47
68	API-04900	std::istreambuf_iterator	5	5	boost-1.83.0-2.2.src.rpm;crash-worker-10.0.1-1.src.rpm;onnxruntime-1.16.3-1.src.rpm;tvm-runtime-0.7.0-0.src.rpm;webapi-plugins-2.92-0.src.rpm	HEADER_SIGNATURE_HEURISTIC_NOT_CROSS_PACKAGE_PROOF	entity_examples.tsv	NOT_OBSERVED	47
69	API-03422	std::enable_shared_from_this	24	21	amd-1.81.6-1.src.rpm;aurum-1.0.24-1.src.rpm;capi-appfw-event-0.6.22-0.src.rpm;cert-svc-3.0.0-0.src.rpm;cion-1.2.26-1.src.rpm;coreclr-diagnostics-8.0.547301-37.src.rpm;device-certificate-manager-3.0.1-0.src.rpm;grpc-1.76.0-0.src.rpm;hailo-rt-0.1-0.src.rpm;libzypp-17.23.7-1.src.rpm;llvm-22.1.8-18.1.src.rpm;lwnode-1.0.0-1.src.rpm;nghttp2-1.51.0-1.2.src.rpm;nghttp2-1.51.0-1.3.src.rpm;openvino-2019R3-0.src.rpm;pkgmgr-0.23.1-0.src.rpm;python3-grpcio-1.76.0-0.src.rpm;rpc-port-1.21.15-0.src.rpm;team-application-1.1.6-1.src.rpm;tensorflow2-2.18.0-1.2.src.rpm;tensorflow2-2.18.0-1.3.src.rpm;tensorflow2-2.18.0-1.src.rpm;tizen-core-0.4.2-0.src.rpm;webapi-plugins-2.92-0.src.rpm	HEADER_SIGNATURE_HEURISTIC_NOT_CROSS_PACKAGE_PROOF	entity_examples.tsv	NOT_OBSERVED	46
70	API-04309	std::filesystem::path	20	19	abseil-cpp-20250814.1-1.2.src.rpm;amd-1.81.6-1.src.rpm;app-installers-1.37.2-1.src.rpm;bpftrace-0.24.2-2.1.src.rpm;ccache-4.12.1-2.2.src.rpm;coreclr-8.0.11-0.src.rpm;docker-launcher-1.0.1-0.src.rpm;icu-78.1-1.3.src.rpm;icu-78.1-1.4.src.rpm;launchpad-0.50.17-1.src.rpm;manifest-parser-1.9.0-1.src.rpm;nntrainer-0.5.0-0.src.rpm;onnxruntime-1.16.3-1.src.rpm;pkgmgr-tool-0.14.2-1.src.rpm;rpk-installer-0.5.6-1.src.rpm;sessiond-10.6.20-1.src.rpm;tpk-backend-1.11.4-1.src.rpm;tpk-manifest-handlers-1.15.0-1.src.rpm;wgt-backend-0.18.6-1.src.rpm;wgt-manifest-handlers-1.11.1-1.src.rpm	HEADER_SIGNATURE_HEURISTIC_NOT_CROSS_PACKAGE_PROOF	entity_examples.tsv	NOT_OBSERVED	46
71	API-02546	std::allocator	19	16	abseil-cpp-20250814.1-1.2.src.rpm;aurum-1.0.24-1.src.rpm;behaviortree_cpp_v3-3.6.1-0.src.rpm;boost-1.83.0-2.2.src.rpm;coreclr-8.0.11-0.src.rpm;flatbuffers-24.3.25-1.src.rpm;hailo-rt-0.1-0.src.rpm;icu-78.1-1.3.src.rpm;icu-78.1-1.4.src.rpm;lightweight-web-engine-1.4.0-1.src.rpm;llvm-22.1.8-18.1.src.rpm;nnfw-1.28.0-1.src.rpm;nntrainer-0.5.0-0.src.rpm;onnxruntime-1.16.3-1.src.rpm;openvino-2019R3-0.src.rpm;re2-20250812-1.src.rpm;tensorflow2-2.18.0-1.2.src.rpm;tensorflow2-2.18.0-1.3.src.rpm;tensorflow2-2.18.0-1.src.rpm	HEADER_SIGNATURE_HEURISTIC_NOT_CROSS_PACKAGE_PROOF	entity_examples.tsv	NOT_OBSERVED	45
72	API-03086	std::chrono::microseconds	17	14	abseil-cpp-20250814.1-1.2.src.rpm;boost-1.83.0-2.2.src.rpm;coreclr-diagnostics-8.0.547301-37.src.rpm;hailo-rt-0.1-0.src.rpm;llvm-22.1.8-18.1.src.rpm;nghttp2-1.51.0-1.2.src.rpm;nghttp2-1.51.0-1.3.src.rpm;nnfw-1.28.0-1.src.rpm;nntrainer-0.5.0-0.src.rpm;onnxruntime-1.16.3-1.src.rpm;opencv-4.7.0-8.src.rpm;openvino-2019R3-0.src.rpm;srt-1.5.0-1.src.rpm;tensorflow2-2.18.0-1.2.src.rpm;tensorflow2-2.18.0-1.3.src.rpm;tensorflow2-2.18.0-1.src.rpm;vulkan-validation-layers-1.3.296-0.src.rpm	HEADER_SIGNATURE_HEURISTIC_NOT_CROSS_PACKAGE_PROOF	entity_examples.tsv	NOT_OBSERVED	45
73	API-03430	std::equal_to	21	17	behaviortree_cpp_v3-3.6.1-0.src.rpm;binutils-2.43-2.7.src.rpm;binutils-2.43-2.9.src.rpm;binutils-aarch64-2.43-2.2.src.rpm;binutils-armv7hl-2.43-2.2.src.rpm;binutils-armv7l-2.43-2.2.src.rpm;boost-1.83.0-2.2.src.rpm;dali2-2.5.26-1.src.rpm;dynpart-tools-1.0-1.src.rpm;gdb-16.3-1.3.src.rpm;gtest-1.15.2-0.src.rpm;hailo-rt-0.1-0.src.rpm;icu-78.1-1.3.src.rpm;icu-78.1-1.4.src.rpm;libtbb-2019U3-0.src.rpm;llvm-22.1.8-18.1.src.rpm;nnfw-1.28.0-1.src.rpm;onnxruntime-1.16.3-1.src.rpm;tensorflow2-2.18.0-1.2.src.rpm;tensorflow2-2.18.0-1.3.src.rpm;tensorflow2-2.18.0-1.src.rpm	HEADER_SIGNATURE_HEURISTIC_NOT_CROSS_PACKAGE_PROOF	entity_examples.tsv	NOT_OBSERVED	45
74	API-04658	std::integral_constant	29	24	abseil-cpp-20250814.1-1.2.src.rpm;behaviortree_cpp_v3-3.6.1-0.src.rpm;boost-1.83.0-2.2.src.rpm;ceres-solver-2.2.0-1.src.rpm;cmake-3.31.2-1.12.src.rpm;cmake-3.31.2-1.14.src.rpm;coreclr-8.0.11-0.src.rpm;dynpart-tools-1.0-1.src.rpm;gcc-14.2.0-1.12.src.rpm;gcc-14.2.0-1.14.src.rpm;gtest-1.15.2-0.src.rpm;hailo-rt-0.1-0.src.rpm;icu-78.1-1.3.src.rpm;icu-78.1-1.4.src.rpm;llvm-22.1.8-18.1.src.rpm;lottie-player-0.2.5-1.src.rpm;mesa-24.3.4-0.src.rpm;nnfw-1.28.0-1.src.rpm;nntrainer-0.5.0-0.src.rpm;onnxruntime-1.16.3-1.src.rpm;opencv-4.7.0-8.src.rpm;openusd-24.03-0.src.rpm;openvino-2019R3-0.src.rpm;protobuf-33.1-1.src.rpm;rive-tizen-0.2.0-1.src.rpm;tensorflow2-2.18.0-1.2.src.rpm;tensorflow2-2.18.0-1.3.src.rpm;tensorflow2-2.18.0-1.src.rpm;webapi-plugins-2.92-0.src.rpm	HEADER_SIGNATURE_HEURISTIC_NOT_CROSS_PACKAGE_PROOF	entity_examples.tsv	NOT_OBSERVED	45
75	API-04714	std::is_convertible	45	38	Open3D-0.17-2.src.rpm;abseil-cpp-20250814.1-1.2.src.rpm;behaviortree_cpp_v3-3.6.1-0.src.rpm;binutils-2.43-2.7.src.rpm;binutils-2.43-2.9.src.rpm;binutils-aarch64-2.43-2.2.src.rpm;binutils-armv7hl-2.43-2.2.src.rpm;binutils-armv7l-2.43-2.2.src.rpm;boost-1.83.0-2.2.src.rpm;ceres-solver-2.2.0-1.src.rpm;cmake-3.31.2-1.12.src.rpm;cmake-3.31.2-1.14.src.rpm;coreclr-8.0.11-0.src.rpm;dynpart-tools-1.0-1.src.rpm;flatbuffers-24.3.25-1.src.rpm;gcc-14.2.0-1.12.src.rpm;gcc-14.2.0-1.14.src.rpm;gdb-16.3-1.3.src.rpm;gn-20210313-1.2.src.rpm;gn-20210313-1.3.src.rpm;grpc-1.76.0-0.src.rpm;gtest-1.15.2-0.src.rpm;hailo-rt-0.1-0.src.rpm;harfbuzz-8.2.2-0.src.rpm;icu-78.1-1.3.src.rpm;icu-78.1-1.4.src.rpm;libjxl-0.11.1-0.src.rpm;libtbb-2019U3-0.src.rpm;llvm-22.1.8-18.1.src.rpm;mesa-24.3.4-0.src.rpm;nnfw-1.28.0-1.src.rpm;nntrainer-0.5.0-0.src.rpm;onnxruntime-1.16.3-1.src.rpm;opencv-4.7.0-8.src.rpm;openfst-1.8.4-2.2.src.rpm;openusd-24.03-0.src.rpm;protobuf-33.1-1.src.rpm;python3-grpcio-1.76.0-0.src.rpm;rive-tizen-0.2.0-1.src.rpm;tensorflow2-2.18.0-1.2.src.rpm;tensorflow2-2.18.0-1.3.src.rpm;tensorflow2-2.18.0-1.src.rpm;tvm-runtime-0.7.0-0.src.rpm;webapi-plugins-2.92-0.src.rpm;yaml-cpp-0.8.0-0.src.rpm	HEADER_SIGNATURE_HEURISTIC_NOT_CROSS_PACKAGE_PROOF	entity_examples.tsv	NOT_OBSERVED	45
76	API-04499	std::future	18	17	boost-1.83.0-2.2.src.rpm;bundle-0.18.15-0.src.rpm;coreclr-diagnostics-8.0.547301-37.src.rpm;dfs-opencv-1.0.12-0.src.rpm;doxygen-1.14.0-2.2.src.rpm;esplusplayer-1.4.2-1.src.rpm;klay-0.0.2-0.src.rpm;lightweight-web-engine-1.4.0-1.src.rpm;llvm-22.1.8-18.1.src.rpm;lottie-player-0.2.5-1.src.rpm;nghttp2-1.51.0-1.2.src.rpm;nghttp2-1.51.0-1.3.src.rpm;nnfw-1.28.0-1.src.rpm;nntrainer-0.5.0-0.src.rpm;opencv-4.7.0-8.src.rpm;openvino-2019R3-0.src.rpm;pkgmgr-0.23.1-0.src.rpm;webauthn-ble-1.0.8-1.src.rpm	HEADER_SIGNATURE_HEURISTIC_NOT_CROSS_PACKAGE_PROOF	entity_examples.tsv	NOT_OBSERVED	44
77	API-05973	std::recursive_mutex	13	13	amd-1.81.6-1.src.rpm;boost-1.83.0-2.2.src.rpm;capi-appfw-app-control-0.26.2-0.src.rpm;capi-appfw-event-0.6.22-0.src.rpm;coreclr-diagnostics-8.0.547301-37.src.rpm;dali2-adaptor-2.5.26-1.src.rpm;eventsystem-0.1.57-1.src.rpm;hailo-rt-0.1-0.src.rpm;iotivity-1.2.1-0.src.rpm;llvm-22.1.8-18.1.src.rpm;pkgmgr-0.23.1-0.src.rpm;rpc-port-1.21.15-0.src.rpm;tizen-core-0.4.2-0.src.rpm	HEADER_SIGNATURE_HEURISTIC_NOT_CROSS_PACKAGE_PROOF	entity_examples.tsv	NOT_OBSERVED	44
78	API-07118	std::underlying_type	38	32	abseil-cpp-20250814.1-1.2.src.rpm;angle-2.1-1.src.rpm;behaviortree_cpp_v3-3.6.1-0.src.rpm;binutils-2.43-2.7.src.rpm;binutils-2.43-2.9.src.rpm;binutils-aarch64-2.43-2.2.src.rpm;binutils-armv7hl-2.43-2.2.src.rpm;binutils-armv7l-2.43-2.2.src.rpm;boost-1.83.0-2.2.src.rpm;capi-media-audio-io-0.6.3-0.src.rpm;ccache-4.12.1-2.2.src.rpm;coreclr-8.0.11-0.src.rpm;dali2-toolkit-2.5.26-1.src.rpm;dynpart-tools-1.0-1.src.rpm;gcc-14.2.0-1.12.src.rpm;gcc-14.2.0-1.14.src.rpm;gdb-16.3-1.3.src.rpm;gn-20210313-1.2.src.rpm;gn-20210313-1.3.src.rpm;hailo-rt-0.1-0.src.rpm;icu-78.1-1.3.src.rpm;icu-78.1-1.4.src.rpm;libzypp-17.23.7-1.src.rpm;lightweight-web-engine-1.4.0-1.src.rpm;llvm-22.1.8-18.1.src.rpm;nnfw-1.28.0-1.src.rpm;nntrainer-0.5.0-0.src.rpm;onnxruntime-1.16.3-1.src.rpm;opencv-4.7.0-8.src.rpm;openusd-24.03-0.src.rpm;openvino-2019R3-0.src.rpm;rive-tizen-0.2.0-1.src.rpm;spirv-tools-2024.4.1-0.src.rpm;tensorflow2-2.18.0-1.2.src.rpm;tensorflow2-2.18.0-1.3.src.rpm;tensorflow2-2.18.0-1.src.rpm;tvm-runtime-0.7.0-0.src.rpm;vulkan-validation-layers-1.3.296-0.src.rpm	HEADER_SIGNATURE_HEURISTIC_NOT_CROSS_PACKAGE_PROOF	entity_examples.tsv	NOT_OBSERVED	44
79	API-07244	std::variant	16	13	boost-1.83.0-2.2.src.rpm;bpftrace-0.24.2-2.1.src.rpm;doxygen-1.14.0-2.2.src.rpm;grpc-1.76.0-0.src.rpm;icu-78.1-1.3.src.rpm;icu-78.1-1.4.src.rpm;libxml++-5.6.0-1.src.rpm;llvm-22.1.8-18.1.src.rpm;nnfw-1.28.0-1.src.rpm;onnxruntime-1.16.3-1.src.rpm;protobuf-33.1-1.src.rpm;python3-grpcio-1.76.0-0.src.rpm;security-manager-2.4.0-0.src.rpm;tensorflow2-2.18.0-1.2.src.rpm;tensorflow2-2.18.0-1.3.src.rpm;tensorflow2-2.18.0-1.src.rpm	HEADER_SIGNATURE_HEURISTIC_NOT_CROSS_PACKAGE_PROOF	entity_examples.tsv	NOT_OBSERVED	44
80	API-03420	std::enable_if_t	39	35	Open3D-0.17-2.src.rpm;abseil-cpp-20250814.1-1.2.src.rpm;angle-2.1-1.src.rpm;aurum-1.0.24-1.src.rpm;boost-1.83.0-2.2.src.rpm;ceres-solver-2.2.0-1.src.rpm;dali2-2.5.26-1.src.rpm;dali2-adaptor-2.5.26-1.src.rpm;dynpart-tools-1.0-1.src.rpm;gdb-16.3-1.3.src.rpm;gn-20210313-1.2.src.rpm;gn-20210313-1.3.src.rpm;grpc-1.76.0-0.src.rpm;gtest-1.15.2-0.src.rpm;hailo-rt-0.1-0.src.rpm;icu-78.1-1.3.src.rpm;icu-78.1-1.4.src.rpm;key-manager-0.1.90-1.src.rpm;launchpad-0.50.17-1.src.rpm;libcynara-commons-0.26.0-1.src.rpm;libdbuspolicy-1.2.0-0.src.rpm;llvm-22.1.8-18.1.src.rpm;lottie-player-0.2.5-1.src.rpm;lwnode-1.0.0-1.src.rpm;mesa-24.3.4-0.src.rpm;nnfw-1.28.0-1.src.rpm;nntrainer-0.5.0-0.src.rpm;onnxruntime-1.16.3-1.src.rpm;openfst-1.8.4-2.2.src.rpm;openusd-24.03-0.src.rpm;protobuf-33.1-1.src.rpm;python3-grpcio-1.76.0-0.src.rpm;rive-tizen-0.2.0-1.src.rpm;tensorflow2-2.18.0-1.2.src.rpm;tensorflow2-2.18.0-1.3.src.rpm;tensorflow2-2.18.0-1.src.rpm;tvm-runtime-0.7.0-0.src.rpm;vulkan-validation-layers-1.3.296-0.src.rpm;zypper-1.14.38-0.src.rpm	HEADER_SIGNATURE_HEURISTIC_NOT_CROSS_PACKAGE_PROOF	entity_examples.tsv	NOT_OBSERVED	43
81	API-07079	std::tuple_size	26	23	Open3D-0.17-2.src.rpm;abseil-cpp-20250814.1-1.2.src.rpm;boost-1.83.0-2.2.src.rpm;ceres-solver-2.2.0-1.src.rpm;coreclr-8.0.11-0.src.rpm;dynpart-tools-1.0-1.src.rpm;gpgme-1.24.3-1.src.rpm;gtest-1.15.2-0.src.rpm;hailo-rt-0.1-0.src.rpm;icu-78.1-1.3.src.rpm;icu-78.1-1.4.src.rpm;klay-0.0.2-0.src.rpm;llvm-22.1.8-18.1.src.rpm;mesa-24.3.4-0.src.rpm;nnfw-1.28.0-1.src.rpm;nntrainer-0.5.0-0.src.rpm;onnxruntime-1.16.3-1.src.rpm;opencv-4.7.0-8.src.rpm;openusd-24.03-0.src.rpm;openvino-2019R3-0.src.rpm;protobuf-33.1-1.src.rpm;tensorflow2-2.18.0-1.2.src.rpm;tensorflow2-2.18.0-1.3.src.rpm;tensorflow2-2.18.0-1.src.rpm;tvm-runtime-0.7.0-0.src.rpm;webapi-plugins-2.92-0.src.rpm	HEADER_SIGNATURE_HEURISTIC_NOT_CROSS_PACKAGE_PROOF	entity_examples.tsv	NOT_OBSERVED	43
82	API-07336	std::weak_ptr	26	23	Open3D-0.17-2.src.rpm;abseil-cpp-20250814.1-1.2.src.rpm;amd-1.81.6-1.src.rpm;boost-1.83.0-2.2.src.rpm;bpftrace-0.24.2-2.1.src.rpm;cmake-3.31.2-1.12.src.rpm;cmake-3.31.2-1.14.src.rpm;coreclr-diagnostics-8.0.547301-37.src.rpm;dali2-adaptor-2.5.26-1.src.rpm;dali2-toolkit-2.5.26-1.src.rpm;eventsystem-0.1.57-1.src.rpm;gpgme-1.24.3-1.src.rpm;grpc-1.76.0-0.src.rpm;hailo-rt-0.1-0.src.rpm;iotivity-1.2.1-0.src.rpm;libzypp-17.23.7-1.src.rpm;llvm-22.1.8-18.1.src.rpm;nnfw-1.28.0-1.src.rpm;onnxruntime-1.16.3-1.src.rpm;opencv-4.7.0-8.src.rpm;openusd-24.03-0.src.rpm;openvino-2019R3-0.src.rpm;python3-grpcio-1.76.0-0.src.rpm;tensorflow2-2.18.0-1.2.src.rpm;tensorflow2-2.18.0-1.3.src.rpm;tensorflow2-2.18.0-1.src.rpm	HEADER_SIGNATURE_HEURISTIC_NOT_CROSS_PACKAGE_PROOF	entity_examples.tsv	NOT_OBSERVED	43
83	API-03136	std::chrono::time_point	19	16	abseil-cpp-20250814.1-1.2.src.rpm;behaviortree_cpp_v3-3.6.1-0.src.rpm;boost-1.83.0-2.2.src.rpm;bpftrace-0.24.2-2.1.src.rpm;cmake-3.31.2-1.12.src.rpm;cmake-3.31.2-1.14.src.rpm;dali2-2.5.26-1.src.rpm;dali2-extension-2.5.26-1.src.rpm;dali2-toolkit-2.5.26-1.src.rpm;dali2-ui-foundation-2.5.14.10210-1.src.rpm;dynpart-tools-1.0-1.src.rpm;hailo-rt-0.1-0.src.rpm;hal-backend-security-auth-1.0.0-0.src.rpm;nnfw-1.28.0-1.src.rpm;onnxruntime-1.16.3-1.src.rpm;tensorflow2-2.18.0-1.2.src.rpm;tensorflow2-2.18.0-1.3.src.rpm;tensorflow2-2.18.0-1.src.rpm;vulkan-validation-layers-1.3.296-0.src.rpm	HEADER_SIGNATURE_HEURISTIC_NOT_CROSS_PACKAGE_PROOF	entity_examples.tsv	NOT_OBSERVED	42
84	API-06073	std::remove_const	30	25	Open3D-0.17-2.src.rpm;abseil-cpp-20250814.1-1.2.src.rpm;angle-2.1-1.src.rpm;binutils-2.43-2.7.src.rpm;binutils-2.43-2.9.src.rpm;binutils-aarch64-2.43-2.2.src.rpm;binutils-armv7hl-2.43-2.2.src.rpm;binutils-armv7l-2.43-2.2.src.rpm;boost-1.83.0-2.2.src.rpm;ceres-solver-2.2.0-1.src.rpm;coreclr-8.0.11-0.src.rpm;coreclr-diagnostics-8.0.547301-37.src.rpm;gcc-14.2.0-1.12.src.rpm;gcc-14.2.0-1.14.src.rpm;gdb-16.3-1.3.src.rpm;gtest-1.15.2-0.src.rpm;hailo-rt-0.1-0.src.rpm;icu-78.1-1.3.src.rpm;icu-78.1-1.4.src.rpm;libjxl-0.11.1-0.src.rpm;llvm-22.1.8-18.1.src.rpm;mesa-24.3.4-0.src.rpm;nnfw-1.28.0-1.src.rpm;nntrainer-0.5.0-0.src.rpm;onnxruntime-1.16.3-1.src.rpm;openusd-24.03-0.src.rpm;openvino-2019R3-0.src.rpm;tensorflow2-2.18.0-1.2.src.rpm;tensorflow2-2.18.0-1.3.src.rpm;tensorflow2-2.18.0-1.src.rpm	HEADER_SIGNATURE_HEURISTIC_NOT_CROSS_PACKAGE_PROOF	entity_examples.tsv	NOT_OBSERVED	42
85	API-04712	std::is_constructible	36	30	Open3D-0.17-2.src.rpm;abseil-cpp-20250814.1-1.2.src.rpm;behaviortree_cpp_v3-3.6.1-0.src.rpm;binutils-2.43-2.7.src.rpm;binutils-2.43-2.9.src.rpm;binutils-aarch64-2.43-2.2.src.rpm;binutils-armv7hl-2.43-2.2.src.rpm;binutils-armv7l-2.43-2.2.src.rpm;boost-1.83.0-2.2.src.rpm;ceres-solver-2.2.0-1.src.rpm;coreclr-8.0.11-0.src.rpm;dynpart-tools-1.0-1.src.rpm;gcc-14.2.0-1.12.src.rpm;gcc-14.2.0-1.14.src.rpm;gdb-16.3-1.3.src.rpm;gn-20210313-1.2.src.rpm;gn-20210313-1.3.src.rpm;gtest-1.15.2-0.src.rpm;hailo-rt-0.1-0.src.rpm;icu-78.1-1.3.src.rpm;icu-78.1-1.4.src.rpm;iotivity-1.2.1-0.src.rpm;libtbb-2019U3-0.src.rpm;llvm-22.1.8-18.1.src.rpm;nnfw-1.28.0-1.src.rpm;nntrainer-0.5.0-0.src.rpm;onnxruntime-1.16.3-1.src.rpm;opencv-4.7.0-8.src.rpm;openusd-24.03-0.src.rpm;openvino-2019R3-0.src.rpm;protobuf-33.1-1.src.rpm;tensorflow2-2.18.0-1.2.src.rpm;tensorflow2-2.18.0-1.3.src.rpm;tensorflow2-2.18.0-1.src.rpm;webapi-plugins-2.92-0.src.rpm;yaml-cpp-0.8.0-0.src.rpm	HEADER_SIGNATURE_HEURISTIC_NOT_CROSS_PACKAGE_PROOF	entity_examples.tsv	NOT_OBSERVED	41
86	API-05058	std::logic_error	18	15	Open3D-0.17-2.src.rpm;boost-1.83.0-2.2.src.rpm;libzypp-17.23.7-1.src.rpm;mesa-24.3.4-0.src.rpm;nnfw-1.28.0-1.src.rpm;nntrainer-0.5.0-0.src.rpm;onnxruntime-1.16.3-1.src.rpm;opencv-4.7.0-8.src.rpm;openusd-24.03-0.src.rpm;openvino-2019R3-0.src.rpm;security-manager-2.4.0-0.src.rpm;taglib-1.13.1-1.2.src.rpm;taglib-1.13.1-1.3.src.rpm;tensorflow2-2.18.0-1.2.src.rpm;tensorflow2-2.18.0-1.3.src.rpm;tensorflow2-2.18.0-1.src.rpm;webauthn-1.0.13-1.src.rpm;zypper-1.14.38-0.src.rpm	HEADER_SIGNATURE_HEURISTIC_NOT_CROSS_PACKAGE_PROOF	entity_examples.tsv	NOT_OBSERVED	41
87	API-05251	std::mt19937	16	13	Open3D-0.17-2.src.rpm;boost-1.83.0-2.2.src.rpm;ceres-solver-2.2.0-1.src.rpm;lightweight-web-engine-1.4.0-1.src.rpm;llvm-22.1.8-18.1.src.rpm;nghttp2-1.51.0-1.2.src.rpm;nghttp2-1.51.0-1.3.src.rpm;nnfw-1.28.0-1.src.rpm;nntrainer-0.5.0-0.src.rpm;openfst-1.8.4-2.2.src.rpm;openvino-2019R3-0.src.rpm;python3-numpy-2.4.1-0.src.rpm;tensorflow2-2.18.0-1.2.src.rpm;tensorflow2-2.18.0-1.3.src.rpm;tensorflow2-2.18.0-1.src.rpm;tvm-runtime-0.7.0-0.src.rpm	HEADER_SIGNATURE_HEURISTIC_NOT_CROSS_PACKAGE_PROOF	entity_examples.tsv	NOT_OBSERVED	41
88	API-06114	std::reverse_iterator	31	25	angle-2.1-1.src.rpm;behaviortree_cpp_v3-3.6.1-0.src.rpm;boost-1.83.0-2.2.src.rpm;cmake-3.31.2-1.12.src.rpm;cmake-3.31.2-1.14.src.rpm;dynpart-tools-1.0-1.src.rpm;flatbuffers-24.3.25-1.src.rpm;gn-20210313-1.2.src.rpm;gn-20210313-1.3.src.rpm;hailo-rt-0.1-0.src.rpm;icu-78.1-1.3.src.rpm;icu-78.1-1.4.src.rpm;libphonenumber-7.0.6-1.src.rpm;libtbb-2019U3-0.src.rpm;lightweight-web-engine-1.4.0-1.src.rpm;llvm-22.1.8-18.1.src.rpm;lwnode-1.0.0-1.src.rpm;mesa-24.3.4-0.src.rpm;nghttp2-1.51.0-1.2.src.rpm;nghttp2-1.51.0-1.3.src.rpm;nnfw-1.28.0-1.src.rpm;nntrainer-0.5.0-0.src.rpm;onnxruntime-1.16.3-1.src.rpm;opencv-4.7.0-8.src.rpm;openusd-24.03-0.src.rpm;protobuf-33.1-1.src.rpm;rive-tizen-0.2.0-1.src.rpm;tensorflow2-2.18.0-1.2.src.rpm;tensorflow2-2.18.0-1.3.src.rpm;tensorflow2-2.18.0-1.src.rpm;tvm-runtime-0.7.0-0.src.rpm	HEADER_SIGNATURE_HEURISTIC_NOT_CROSS_PACKAGE_PROOF	entity_examples.tsv	NOT_OBSERVED	41
89	API-06314	std::streambuf	20	15	abseil-cpp-20250814.1-1.2.src.rpm;binutils-2.43-2.7.src.rpm;binutils-2.43-2.9.src.rpm;binutils-aarch64-2.43-2.2.src.rpm;binutils-armv7hl-2.43-2.2.src.rpm;binutils-armv7l-2.43-2.2.src.rpm;boost-1.83.0-2.2.src.rpm;bpftrace-0.24.2-2.1.src.rpm;gcc-14.2.0-1.12.src.rpm;gcc-14.2.0-1.14.src.rpm;gdb-16.3-1.3.src.rpm;glog-0.3.5-1.src.rpm;gn-20210313-1.2.src.rpm;gn-20210313-1.3.src.rpm;llvm-22.1.8-18.1.src.rpm;mesa-24.3.4-0.src.rpm;nnfw-1.28.0-1.src.rpm;tensorflow2-2.18.0-1.2.src.rpm;tensorflow2-2.18.0-1.3.src.rpm;tensorflow2-2.18.0-1.src.rpm	HEADER_SIGNATURE_HEURISTIC_NOT_CROSS_PACKAGE_PROOF	entity_examples.tsv	NOT_OBSERVED	41
90	API-07126	std::uniform_int_distribution	12	9	abseil-cpp-20250814.1-1.2.src.rpm;boost-1.83.0-2.2.src.rpm;llvm-22.1.8-18.1.src.rpm;nghttp2-1.51.0-1.2.src.rpm;nghttp2-1.51.0-1.3.src.rpm;nnfw-1.28.0-1.src.rpm;onnxruntime-1.16.3-1.src.rpm;openfst-1.8.4-2.2.src.rpm;python3-numpy-2.4.1-0.src.rpm;tensorflow2-2.18.0-1.2.src.rpm;tensorflow2-2.18.0-1.3.src.rpm;tensorflow2-2.18.0-1.src.rpm	HEADER_SIGNATURE_HEURISTIC_NOT_CROSS_PACKAGE_PROOF	entity_examples.tsv	NOT_OBSERVED	41
91	API-04810	std::is_pointer	31	27	abseil-cpp-20250814.1-1.2.src.rpm;angle-2.1-1.src.rpm;binutils-2.43-2.7.src.rpm;binutils-2.43-2.9.src.rpm;binutils-aarch64-2.43-2.2.src.rpm;binutils-armv7hl-2.43-2.2.src.rpm;binutils-armv7l-2.43-2.2.src.rpm;boost-1.83.0-2.2.src.rpm;ceres-solver-2.2.0-1.src.rpm;coreclr-8.0.11-0.src.rpm;coreclr-diagnostics-8.0.547301-37.src.rpm;esplusplayer-1.4.2-1.src.rpm;gdb-16.3-1.3.src.rpm;gtest-1.15.2-0.src.rpm;hailo-rt-0.1-0.src.rpm;icu-78.1-1.3.src.rpm;icu-78.1-1.4.src.rpm;llvm-22.1.8-18.1.src.rpm;mesa-24.3.4-0.src.rpm;nnfw-1.28.0-1.src.rpm;nntrainer-0.5.0-0.src.rpm;onnxruntime-1.16.3-1.src.rpm;openusd-24.03-0.src.rpm;openvino-2019R3-0.src.rpm;protobuf-33.1-1.src.rpm;spirv-tools-2024.4.1-0.src.rpm;tensorflow2-2.18.0-1.2.src.rpm;tensorflow2-2.18.0-1.3.src.rpm;tensorflow2-2.18.0-1.src.rpm;vulkan-validation-layers-1.3.296-0.src.rpm;webapi-plugins-2.92-0.src.rpm	HEADER_SIGNATURE_HEURISTIC_NOT_CROSS_PACKAGE_PROOF	entity_examples.tsv	NOT_OBSERVED	40
92	API-04826	std::is_signed	36	31	abseil-cpp-20250814.1-1.2.src.rpm;angle-2.1-1.src.rpm;behaviortree_cpp_v3-3.6.1-0.src.rpm;binutils-2.43-2.7.src.rpm;binutils-2.43-2.9.src.rpm;binutils-aarch64-2.43-2.2.src.rpm;binutils-armv7hl-2.43-2.2.src.rpm;binutils-armv7l-2.43-2.2.src.rpm;boost-1.83.0-2.2.src.rpm;ceres-solver-2.2.0-1.src.rpm;coreclr-8.0.11-0.src.rpm;coreclr-diagnostics-8.0.547301-37.src.rpm;dynpart-tools-1.0-1.src.rpm;gdb-16.3-1.3.src.rpm;gn-20210313-1.2.src.rpm;gn-20210313-1.3.src.rpm;gtest-1.15.2-0.src.rpm;hailo-rt-0.1-0.src.rpm;harfbuzz-8.2.2-0.src.rpm;icu-78.1-1.3.src.rpm;icu-78.1-1.4.src.rpm;libjxl-0.11.1-0.src.rpm;llvm-22.1.8-18.1.src.rpm;nnfw-1.28.0-1.src.rpm;nntrainer-0.5.0-0.src.rpm;onnxruntime-1.16.3-1.src.rpm;openusd-24.03-0.src.rpm;openvino-2019R3-0.src.rpm;protobuf-33.1-1.src.rpm;python3-numpy-2.4.1-0.src.rpm;rive-tizen-0.2.0-1.src.rpm;tensorflow2-2.18.0-1.2.src.rpm;tensorflow2-2.18.0-1.3.src.rpm;tensorflow2-2.18.0-1.src.rpm;tvm-runtime-0.7.0-0.src.rpm;yaml-cpp-0.8.0-0.src.rpm	HEADER_SIGNATURE_HEURISTIC_NOT_CROSS_PACKAGE_PROOF	entity_examples.tsv	NOT_OBSERVED	39
93	API-04861	std::is_unsigned	28	25	abseil-cpp-20250814.1-1.2.src.rpm;boost-1.83.0-2.2.src.rpm;coreclr-8.0.11-0.src.rpm;coreclr-diagnostics-8.0.547301-37.src.rpm;dynpart-tools-1.0-1.src.rpm;grpc-1.76.0-0.src.rpm;hailo-rt-0.1-0.src.rpm;icu-78.1-1.3.src.rpm;icu-78.1-1.4.src.rpm;libjxl-0.11.1-0.src.rpm;llvm-22.1.8-18.1.src.rpm;mesa-24.3.4-0.src.rpm;nnfw-1.28.0-1.src.rpm;nntrainer-0.5.0-0.src.rpm;onnxruntime-1.16.3-1.src.rpm;opencv-4.7.0-8.src.rpm;openusd-24.03-0.src.rpm;openvino-2019R3-0.src.rpm;protobuf-33.1-1.src.rpm;python3-grpcio-1.76.0-0.src.rpm;python3-numpy-2.4.1-0.src.rpm;rive-tizen-0.2.0-1.src.rpm;spirv-tools-2024.4.1-0.src.rpm;tensorflow2-2.18.0-1.2.src.rpm;tensorflow2-2.18.0-1.3.src.rpm;tensorflow2-2.18.0-1.src.rpm;vulkan-validation-layers-1.3.296-0.src.rpm;yaml-cpp-0.8.0-0.src.rpm	HEADER_SIGNATURE_HEURISTIC_NOT_CROSS_PACKAGE_PROOF	entity_examples.tsv	NOT_OBSERVED	39
94	API-05600	std::random_device	9	7	boost-1.83.0-2.2.src.rpm;llvm-22.1.8-18.1.src.rpm;nnfw-1.28.0-1.src.rpm;openfst-1.8.4-2.2.src.rpm;python3-numpy-2.4.1-0.src.rpm;tensorflow2-2.18.0-1.2.src.rpm;tensorflow2-2.18.0-1.3.src.rpm;tensorflow2-2.18.0-1.src.rpm;tvm-runtime-0.7.0-0.src.rpm	HEADER_SIGNATURE_HEURISTIC_NOT_CROSS_PACKAGE_PROOF	entity_examples.tsv	NOT_OBSERVED	39
95	API-04726	std::is_enum	31	26	Open3D-0.17-2.src.rpm;abseil-cpp-20250814.1-1.2.src.rpm;angle-2.1-1.src.rpm;behaviortree_cpp_v3-3.6.1-0.src.rpm;boost-1.83.0-2.2.src.rpm;coreclr-8.0.11-0.src.rpm;dali2-toolkit-2.5.26-1.src.rpm;dynpart-tools-1.0-1.src.rpm;gcc-14.2.0-1.12.src.rpm;gcc-14.2.0-1.14.src.rpm;gdb-16.3-1.3.src.rpm;gn-20210313-1.2.src.rpm;gn-20210313-1.3.src.rpm;hailo-rt-0.1-0.src.rpm;icu-78.1-1.3.src.rpm;icu-78.1-1.4.src.rpm;libdbuspolicy-1.2.0-0.src.rpm;llvm-22.1.8-18.1.src.rpm;lottie-player-0.2.5-1.src.rpm;nnfw-1.28.0-1.src.rpm;nntrainer-0.5.0-0.src.rpm;onnxruntime-1.16.3-1.src.rpm;opencv-4.7.0-8.src.rpm;openusd-24.03-0.src.rpm;openvino-2019R3-0.src.rpm;rive-tizen-0.2.0-1.src.rpm;tensorflow2-2.18.0-1.2.src.rpm;tensorflow2-2.18.0-1.3.src.rpm;tensorflow2-2.18.0-1.src.rpm;tvm-runtime-0.7.0-0.src.rpm;vulkan-validation-layers-1.3.296-0.src.rpm	HEADER_SIGNATURE_HEURISTIC_NOT_CROSS_PACKAGE_PROOF	entity_examples.tsv	NOT_OBSERVED	38
96	API-04816	std::is_reference	35	29	abseil-cpp-20250814.1-1.2.src.rpm;binutils-2.43-2.7.src.rpm;binutils-2.43-2.9.src.rpm;binutils-aarch64-2.43-2.2.src.rpm;binutils-armv7hl-2.43-2.2.src.rpm;binutils-armv7l-2.43-2.2.src.rpm;boost-1.83.0-2.2.src.rpm;ceres-solver-2.2.0-1.src.rpm;coreclr-8.0.11-0.src.rpm;coreclr-diagnostics-8.0.547301-37.src.rpm;dynpart-tools-1.0-1.src.rpm;gcc-14.2.0-1.12.src.rpm;gcc-14.2.0-1.14.src.rpm;gdb-16.3-1.3.src.rpm;gn-20210313-1.2.src.rpm;gn-20210313-1.3.src.rpm;gtest-1.15.2-0.src.rpm;hailo-rt-0.1-0.src.rpm;harfbuzz-8.2.2-0.src.rpm;icu-78.1-1.3.src.rpm;icu-78.1-1.4.src.rpm;llvm-22.1.8-18.1.src.rpm;mesa-24.3.4-0.src.rpm;nnfw-1.28.0-1.src.rpm;nntrainer-0.5.0-0.src.rpm;onnxruntime-1.16.3-1.src.rpm;openusd-24.03-0.src.rpm;openvino-2019R3-0.src.rpm;protobuf-33.1-1.src.rpm;spirv-tools-2024.4.1-0.src.rpm;tensorflow2-2.18.0-1.2.src.rpm;tensorflow2-2.18.0-1.3.src.rpm;tensorflow2-2.18.0-1.src.rpm;tvm-runtime-0.7.0-0.src.rpm;webapi-plugins-2.92-0.src.rpm	HEADER_SIGNATURE_HEURISTIC_NOT_CROSS_PACKAGE_PROOF	entity_examples.tsv	NOT_OBSERVED	38
97	API-04982	std::less	29	25	Open3D-0.17-2.src.rpm;abseil-cpp-20250814.1-1.2.src.rpm;angle-2.1-1.src.rpm;behaviortree_cpp_v3-3.6.1-0.src.rpm;boost-1.83.0-2.2.src.rpm;coreclr-8.0.11-0.src.rpm;dynpart-tools-1.0-1.src.rpm;gn-20210313-1.2.src.rpm;gn-20210313-1.3.src.rpm;grpc-1.76.0-0.src.rpm;gtest-1.15.2-0.src.rpm;hailo-rt-0.1-0.src.rpm;icu-78.1-1.3.src.rpm;icu-78.1-1.4.src.rpm;libtbb-2019U3-0.src.rpm;llvm-22.1.8-18.1.src.rpm;mesa-24.3.4-0.src.rpm;nnfw-1.28.0-1.src.rpm;nntrainer-0.5.0-0.src.rpm;onnxruntime-1.16.3-1.src.rpm;opencv-4.7.0-8.src.rpm;openusd-24.03-0.src.rpm;openvino-2019R3-0.src.rpm;python3-grpcio-1.76.0-0.src.rpm;python3-numpy-2.4.1-0.src.rpm;tensorflow2-2.18.0-1.2.src.rpm;tensorflow2-2.18.0-1.3.src.rpm;tensorflow2-2.18.0-1.src.rpm;webrtc-audio-processing-0.3.1-2.src.rpm	HEADER_SIGNATURE_HEURISTIC_NOT_CROSS_PACKAGE_PROOF	entity_examples.tsv	NOT_OBSERVED	38
98	API-05599	std::random_access_iterator_tag	18	14	abseil-cpp-20250814.1-1.2.src.rpm;boost-1.83.0-2.2.src.rpm;coreclr-8.0.11-0.src.rpm;gn-20210313-1.2.src.rpm;gn-20210313-1.3.src.rpm;hailo-rt-0.1-0.src.rpm;icu-78.1-1.3.src.rpm;icu-78.1-1.4.src.rpm;libtbb-2019U3-0.src.rpm;llvm-22.1.8-18.1.src.rpm;nnfw-1.28.0-1.src.rpm;nntrainer-0.5.0-0.src.rpm;onnxruntime-1.16.3-1.src.rpm;openusd-24.03-0.src.rpm;tensorflow2-2.18.0-1.2.src.rpm;tensorflow2-2.18.0-1.3.src.rpm;tensorflow2-2.18.0-1.src.rpm;tvm-runtime-0.7.0-0.src.rpm	HEADER_SIGNATURE_HEURISTIC_NOT_CROSS_PACKAGE_PROOF	entity_examples.tsv	NOT_OBSERVED	38
99	API-06078	std::remove_cv	27	22	abseil-cpp-20250814.1-1.2.src.rpm;angle-2.1-1.src.rpm;behaviortree_cpp_v3-3.6.1-0.src.rpm;boost-1.83.0-2.2.src.rpm;ceres-solver-2.2.0-1.src.rpm;cmake-3.31.2-1.12.src.rpm;cmake-3.31.2-1.14.src.rpm;coreclr-8.0.11-0.src.rpm;coreclr-diagnostics-8.0.547301-37.src.rpm;dynpart-tools-1.0-1.src.rpm;gcc-14.2.0-1.12.src.rpm;gcc-14.2.0-1.14.src.rpm;gtest-1.15.2-0.src.rpm;hailo-rt-0.1-0.src.rpm;icu-78.1-1.3.src.rpm;icu-78.1-1.4.src.rpm;llvm-22.1.8-18.1.src.rpm;lwnode-1.0.0-1.src.rpm;mesa-24.3.4-0.src.rpm;nnfw-1.28.0-1.src.rpm;nntrainer-0.5.0-0.src.rpm;onnxruntime-1.16.3-1.src.rpm;openvino-2019R3-0.src.rpm;tensorflow2-2.18.0-1.2.src.rpm;tensorflow2-2.18.0-1.3.src.rpm;tensorflow2-2.18.0-1.src.rpm;webapi-plugins-2.92-0.src.rpm	HEADER_SIGNATURE_HEURISTIC_NOT_CROSS_PACKAGE_PROOF	entity_examples.tsv	NOT_OBSERVED	38
100	API-02946	std::bidirectional_iterator_tag	18	14	abseil-cpp-20250814.1-1.2.src.rpm;aurum-1.0.24-1.src.rpm;boost-1.83.0-2.2.src.rpm;cmake-3.31.2-1.12.src.rpm;cmake-3.31.2-1.14.src.rpm;coreclr-8.0.11-0.src.rpm;icu-78.1-1.3.src.rpm;icu-78.1-1.4.src.rpm;iotivity-1.2.1-0.src.rpm;llvm-22.1.8-18.1.src.rpm;mesa-24.3.4-0.src.rpm;nnfw-1.28.0-1.src.rpm;nntrainer-0.5.0-0.src.rpm;onnxruntime-1.16.3-1.src.rpm;openvino-2019R3-0.src.rpm;tensorflow2-2.18.0-1.2.src.rpm;tensorflow2-2.18.0-1.3.src.rpm;tensorflow2-2.18.0-1.src.rpm	HEADER_SIGNATURE_HEURISTIC_NOT_CROSS_PACKAGE_PROOF	entity_examples.tsv	NOT_OBSERVED	37
