repo_id	name	arch	epoch	version	release	checksum	location	path	read_result
unified_source	org.tizen.setting-wifi-direct	src	0	1.0.10	1	00320f9beb3362719922fbb309936f09b147660612db61d93aa483c3cc120247	org.tizen.setting-wifi-direct-1.0.10-1.src.rpm	org.tizen.setting-wifi-direct.spec	PASS
unified_source	strongswan	src	0	5.7.1	1	005715d6d7395ccd5cc8eb482d0102f463e74e91d4ec593ba656f5956ac8435a	strongswan-5.7.1-1.src.rpm	strongswan.spec	PASS
unified_source	hal-backend-config-rubikpi3	src	0	1.0	0	00b87c0236edcef2dea5d1582f5f949ddf7f7ea6fcde87838eaee081073d07e8	hal-backend-config-rubikpi3-1.0-0.src.rpm	hal-backend-config-rubikpi3.spec	PASS
unified_source	rust-glib-sys	src	0	0.17.10	1	00c67d39406fb97ad87f29fc497092eb7bd81c41967aec533d24f096a120495a	rust-glib-sys-0.17.10-1.src.rpm	rust-glib-sys.spec	PASS
base_source	readline	src	0	5.2	1.13	00ce5c71190532726b5e29af90bb563dac6daf7e0f50447bffb7b8238a291cce	readline-5.2-1.13.src.rpm	readline.spec	PASS
unified_source	capi-ui-inputmethod	src	0	0.11.6	1	00fa585dcb6597d6b570269eb550879fb51154743da8420b18f3b2ea37466177	capi-ui-inputmethod-0.11.6-1.src.rpm	capi-ui-inputmethod.spec	PASS
unified_source	docker-engine	src	0	20.10.5	0	0115e40b828f2205ee381853f0d6d7583ce63b565f6cf91567a9fbdbd26b3bdc	docker-engine-20.10.5-0.src.rpm	docker-engine.spec	PASS
base_source	expat	src	0	2.7.3	1.15	011772808aacd5cc70ece9bb8e8f9394cd6ae7fa9dfeed488c44f84b3196c928	expat-2.7.3-1.15.src.rpm	expat.spec	PASS
base_source	uthash	src	0	2.3.0	1.12	0133686871f2756329f6fc2008c0603d5ab936d1142ab7ca7b27ee7f25f3347a	uthash-2.3.0-1.12.src.rpm	uthash.spec	PASS
base_source	dos2unix	src	0	7.5.1	1.1	0168b414445cd218d6208fb8af3522dbda7a3f5a45724bc02b2fcbf8a9b7ddb5	dos2unix-7.5.1-1.1.src.rpm	dos2unix.spec	PASS
unified_source	vulkan-headers	src	0	1.3.296	0	01897362fa79550d99cf1a61ec0960cbe539d275ecd84290542c9070487f0255	vulkan-headers-1.3.296-0.src.rpm	vulkan-headers.spec	PASS
base_source	python3-calver	src	0	2025.10.20	1.5	0198b43d253cf0e1e2ede5e795eb6abe5adc467c92eaf55037c6d76ab83edc1a	python3-calver-2025.10.20-1.5.src.rpm	python3-calver.spec	PASS
base_source	libelf0	src	0	0.8.13	1.2	020fd0a8e83a80d540539669e00b9e80e364a738bb39ea650333f05744b9b3d9	libelf0-0.8.13-1.2.src.rpm	libelf0.spec	PASS
unified_source	mtp-initiator	src	0	1.4.39	0	0223cd5a58df644faf572e1c004e1df14e865790bf33737a8bdc5b613d12688b	mtp-initiator-1.4.39-0.src.rpm	mtp-initiator.spec	PASS
unified_source	rust-syn	src	0	1.0.107	1	022c319146ae26604582413dcce3a1f4217430958fdf551adc8f1cafc4484e65	rust-syn-1.0.107-1.src.rpm	rust-syn.spec	PASS
unified_source	org.tizen.volume	src	0	2.0.2	1	022fb2c57288bb212c7c561d0ce0d5bf1c2e752eb305f202e4416e333be385fb	org.tizen.volume-2.0.2-1.src.rpm	org.tizen.volume.spec	PASS
unified_source	gpg2	src	0	2.4.3	0	02380a3e3f7cd312f5c7f94aa135734222d22fe0642d32c7775ce3d2cf17ccdb	gpg2-2.4.3-0.src.rpm	gpg2.spec	PASS
unified_source	capi-appfw-app-common	src	0	0.16.3	0	02503f64d051ba45f5bc8ed7b6040f82f1802cae3db3d53571cc7c72a6dd5482	capi-appfw-app-common-0.16.3-0.src.rpm	capi-appfw-app-common.spec	PASS
base_source	gcc-armv7hl	src	0	14.2.0	1.4	0255f10e04f7ea3b59407ff393dc242cd1117dffb60666547a64f420fda32626	gcc-armv7hl-14.2.0-1.4.src.rpm	gcc-armv7hl.spec	PASS
base_source	keyutils	src	0	1.6.3	1.4	0293fcdf987650650e93f0da3121b0f80a2dc02ccf2197e4d1c3d65155caa146	keyutils-1.6.3-1.4.src.rpm	keyutils.spec	PASS
unified_source	gst-plugins-tizen	src	0	1.24.12	47	029635351d79e142419e6c41ff9cea730501e629256ffd5ec770171e00843920	gst-plugins-tizen-1.24.12-47.src.rpm	gst-plugins-tizen.spec	PASS
unified_source	gumd	src	0	1.0.8	0	02a9d72f973365a8b086d71a464c723e392b3e83eeda22bb9425b750f136ddf9	gumd-1.0.8-0.src.rpm	gumd.spec	PASS
base_source	attr	src	0	2.5.1	1.16	02b887c41d7a7cdbd948491c29e3f8b1b73539b6a41f9cfadf72e77ccfc56a6b	attr-2.5.1-1.16.src.rpm	attr.spec	PASS
unified_source	system-plugin	src	0	0.1	1	03324efcce714f17cef7ba66e6671ed2e5559bd1ad348e252b8efd6449f20a7e	system-plugin-0.1-1.src.rpm	system-plugin.spec	PASS
unified_source	bmap-tools	src	0	3.2	0	036ed2d06aa74b069dbcdb17ffbc56491df5aa06c78009ce06d6688165163074	bmap-tools-3.2-0.src.rpm	bmap-tools.spec	PASS
unified_source	emulator-kernel	src	0	6.18.2.tizen	0	038125e9bf97cb6bd1e94fe4976cf05365446e8de10cea370860b38365b0af47	emulator-kernel-6.18.2.tizen-0.src.rpm	emulator-kernel.spec	PASS
unified_source	python3-pycparser	src	0	2.23	0	038ad37eef841e32882c5b4ef0f15106f2f120961ae1f48b7bfce9fe9e9cab80	python3-pycparser-2.23-0.src.rpm	python3-pycparser.spec	PASS
base_source	tinyxml2	src	0	11.0.0	2.2	03928512b2a2ca32fbf0deecdf1fbd52e6550a84dc95073e2b1d60cf91dc14f4	tinyxml2-11.0.0-2.2.src.rpm	tinyxml2.spec	PASS
unified_source	libaccount-service	src	0	0.4.26	1	0398e899bb0fd2e04772832775d344b18f71737599d36aaecafa6821cb0e2b8e	libaccount-service-0.4.26-1.src.rpm	libaccount-service.spec	PASS
base_source	python3-packaging	src	0	25.0	1.12	03d0d36adb72ed240060c738b41f78abd38021c20751fd79d849c4cc5d5996ef	python3-packaging-25.0-1.12.src.rpm	python3-packaging.spec	PASS
base_source	binutils	src	0	2.43	2.8	04cf5d6f2590f0edf2ff6ebe859105936e2c79cce2207e7d433f9c550f0189bc	binutils-2.43-2.8.src.rpm	binutils.spec	PASS
base_source	linux-glibc-devel	src	0	6.6	1.14	04ffec134bee3c96e9712c9859372bd53aebc86e64e992b677032e84f1301078	linux-glibc-devel-6.6-1.14.src.rpm	linux-glibc-devel.spec	PASS
unified_source	efl	src	0	1.25.1	0	050b3cec1bd59e454428c1ae185d1ded10c385406e3416c656fe80a8df0e331b	efl-1.25.1-0.src.rpm	efl.spec	PASS
base_source	libnl2	src	0	2.0	2.2	0532a2cbdc61f0ffb3a1c545a6c35afcde4d0aec38c73352cc91aca010dc7005	libnl2-2.0-2.2.src.rpm	libnl2.spec	PASS
unified_source	cbhm	src	0	2.0.9	1	05711e75a9762441221a2be2cfbcea0b760f28ac1444029ce404a5ab572e236b	cbhm-2.0.9-1.src.rpm	cbhm.spec	PASS
base_source	xdgmime	src	0	0.0.19	1.2	0613f1b79ea2038fa06b795a2ba7c4420553770af1d6e26f6f60d492466fcc7e	xdgmime-0.0.19-1.2.src.rpm	xdgmime.spec	PASS
base_source	userspace-rcu	src	0	0.13.2	2.2	06251079598a90f3edde1650ae1945ad868573830972db835baf33aa826467db	userspace-rcu-0.13.2-2.2.src.rpm	userspace-rcu.spec	PASS
unified_source	dali2-adaptor	src	0	2.5.26	1	06442ff20108d28f97350b3baa2352d4f18193fb3b80d3adef1de552040470eb	dali2-adaptor-2.5.26-1.src.rpm	dali-adaptor.spec	PASS
unified_source	capi-network-stc	src	0	0.0.43	1	0662137d900639d6d4ccc08b1a3650fc967eb5c15ba133aa88934fa1b04fde9f	capi-network-stc-0.0.43-1.src.rpm	capi-network-stc.spec	PASS
unified_source	libnet-client	src	0	1.2.10	0	0672e1dc02575d95369a6f09c4afd032fc67a45c6689f196f23fdf0363089499	libnet-client-1.2.10-0.src.rpm	libnet-client.spec	PASS
unified_source	lbs-server-plugin-replay	src	0	0.2.10	1	06e9641d698838c1ad75735e2853acecbc70b529c8c7c65f99c1f17681d8f823	lbs-server-plugin-replay-0.2.10-1.src.rpm	lbs-server-plugin-replay.spec	PASS
unified_source	rust-rand_core	src	0	0.6.4	1	06edc68b31fb7eef4e75d7715196de6366679f7b9f843a1ebf9d57f5f80cffbc	rust-rand_core-0.6.4-1.src.rpm	rust-rand_core.spec	PASS
unified_source	pass-hal-rpi	src	0	1.2.0	1	071f790ef68a83e8ba841e946570b7022385360c2a8660f1a035d1afd134ac55	pass-hal-rpi-1.2.0-1.src.rpm	pass-hal-rpi.spec	PASS
unified_source	rust-once_cell	src	0	1.17.1	1	07315ac10889bbdaaf5b7bc9ff211f197c96089bb08760262ffdd504304bd130	rust-once_cell-1.17.1-1.src.rpm	rust-once_cell.spec	PASS
unified_source	key-manager	src	0	0.1.90	1	077b832401693a4b4fb7b56fa7f59906997c46569e6066db1d3757df31ea3805	key-manager-0.1.90-1.src.rpm	key-manager.spec	PASS
unified_source	capi-media-screen-mirroring	src	0	0.3.6	0	07a4379d55bdc334bc2a4b84893012ea4a65155512f94c3f9788dcf103c35abf	capi-media-screen-mirroring-0.3.6-0.src.rpm	capi-media-screen-mirroring.spec	PASS
unified_source	e-mod-tizen-effect	src	0	0.3.1	1	07b2aa18d3263cc71f47d3f05354caf4eb8ccdc7be21ce46d9ead816073f909b	e-mod-tizen-effect-0.3.1-1.src.rpm	e-mod-tizen-effect.spec	PASS
unified_source	rust-tokio	src	0	1.26.0	1	07e8748657595664df763ac8a8729203b51f6f6b24a37a51779a04c0e7ecf106	rust-tokio-1.26.0-1.src.rpm	rust-tokio.spec	PASS
unified_source	nntrainer	src	0	0.5.0	0	07f67d9ed27cc23d018bd4543f3bc1bf6fbcb2f1f3b757a0ec92506b091cb34e	nntrainer-0.5.0-0.src.rpm	nntrainer.spec	PASS
unified_source	rust-libm	src	0	0.2.6	1	0801747f158b77f1eaedd455229041599532c9329cbc49b61fbf3141ac166348	rust-libm-0.2.6-1.src.rpm	rust-libm.spec	PASS
base_source	util-linux	src	0	2.41.2	1.10	0837086e0317f5f111c0fd003c2b7fb3aaa191ba3efad4945bb11c49f6f6117b	util-linux-2.41.2-1.10.src.rpm	util-linux.spec	PASS
unified_source	perl-XML-LibXML	src	0	2.0210	0	083b1e9523792561e7327f9290719074561823c33645746949265daeeb679a1a	perl-XML-LibXML-2.0210-0.src.rpm	perl-XML-LibXML.spec	PASS
unified_source	mic	src	0	2.1.0	0	0848815eda846e13cedbb0e60bb4ed6c35cb51649e8daad71e0981c0d0114762	mic-2.1.0-0.src.rpm	mic.spec	PASS
unified_source	asciidoc	src	0	8.6.6	1	0850c181ce613f1d30d9374f4d745ffefae65e9dc6ab42a3508fc1688ad902f8	asciidoc-8.6.6-1.src.rpm	asciidoc.spec	PASS
unified_source	fontconfig	src	0	2.14.2	1	085b2d8a85d391eb1910ae7b8921f4c740bebc787d73b2e9ae62caac6570c589	fontconfig-2.14.2-1.src.rpm	fontconfig.spec	PASS
unified_source	e-mod-tizen-wl-textinput	src	0	0.11.18	1	0938c2ca66ab2c5fc0920d19896c4ad4cae36a6ca49e0b18d5e852dac002df42	e-mod-tizen-wl-textinput-0.11.18-1.src.rpm	e-mod-tizen-wl-textinput.spec	PASS
unified_source	suitesparse	src	0	5.2.0	0	0948bac3b978130c4876bb14226af654fe8a5906cf0bef03d554600fbf78b7c0	suitesparse-5.2.0-0.src.rpm	suitesparse.spec	PASS
unified_source	bind	src	0	9.14.12	1	099df7f7050ecdec8f478c476ec4e8e20d112f3fed68f65982989e4245209dbc	bind-9.14.12-1.src.rpm	bind.spec	PASS
unified_source	vmodemd-emul	src	0	0.2.57	1	09aa500ed4208ca626101192adf412381056c711be417b82fc97c5795e90a932	vmodemd-emul-0.2.57-1.src.rpm	vmodemd-emul.spec	PASS
unified_source	rust-linux-raw-sys	src	0	0.3.0	1	09b25e5b4c750278e8694f90a8db996eefce67442210bef85465734ca80319ea	rust-linux-raw-sys-0.3.0-1.src.rpm	rust-linux-raw-sys.spec	PASS
unified_source	trust-anchor	src	0	2.1.2	0	0a243d40068ba04811c462f5e2c23cf1ae26a6522705c61d354eea7bf133710c	trust-anchor-2.1.2-0.src.rpm	trust-anchor.spec	PASS
unified_source	tizen-core-wl	src	0	0.1.39	0	0a30995f0cb476b8d7b076e0eec07a225e8a1e39af89fa48bf26325c022d9708	tizen-core-wl-0.1.39-0.src.rpm	tizen-core-wl.spec	PASS
unified_source	hal-backend-camera-v4l2	src	0	1.4.1	0	0a3d20cd23d74b06d235f2deebb1f26544825c1ab6fdf4f6627e90fee2755d16	hal-backend-camera-v4l2-1.4.1-0.src.rpm	hal-backend-camera-v4l2.spec	PASS
unified_source	hyphen	src	0	2.8.8	1	0ada957a41be29872525b5e011cc9146a500bce66f8302224a3af30ee1fb9819	hyphen-2.8.8-1.src.rpm	hyphen.spec	PASS
base_source	libjpeg-turbo	src	0	3.0.4	1.4	0b1d23dcef60bf98f3acdb1c2af86651a682d13676a816b1490d50c9e68badc8	libjpeg-turbo-3.0.4-1.4.src.rpm	libjpeg-turbo.spec	PASS
unified_source	rust-unicode-segmentation	src	0	1.10.1	1	0b1ea298d0189b7ac899d182d5d424c0ceb877988982beb0365554baf5b32cbc	rust-unicode-segmentation-1.10.1-1.src.rpm	rust-unicode-segmentation.spec	PASS
unified_source	rust-litrs	src	0	0.4.0	1	0b5283fc11a87221419590efa674612e02c2f10af4a0092b518c65eead6495b3	rust-litrs-0.4.0-1.src.rpm	rust-litrs.spec	PASS
base_source	less	src	0	685	2.2	0b8cd1276e172669af7568d9a20fc07f91d144acff585a7902f9caf3afb508e6	less-685-2.2.src.rpm	less.spec	PASS
unified_source	wifi-mesh-manager	src	0	0.0.8	1	0bb4c15c73d207ba8153cee96bbee8a6c2543419e9edbb8cde333148107e25a4	wifi-mesh-manager-0.0.8-1.src.rpm	wifi-mesh-manager.spec	PASS
unified_source	ise-default-dali	src	0	0.3.0	1	0c2096865fd60a15a1e21ad4dc59060b75e3d844b37dcd90e5520435fd89bd5e	ise-default-dali-0.3.0-1.src.rpm	ise-default-dali.spec	PASS
base_source	gcc-aarch64	src	0	14.2.0	1.5	0c86750a3887b501d51c090412dd9d1a0a586f838f427399b0c8e760145e526b	gcc-aarch64-14.2.0-1.5.src.rpm	gcc-aarch64.spec	PASS
unified_source	jetson-linux-kernel	src	0	5.15.148	0	0cada14e4f3abcb8e48916112a817cf771edc17bd0e6a1848175488ed8887bd4	jetson-linux-kernel-5.15.148-0.src.rpm	linux-jetson.spec	PASS
unified_source	perl-File-chdir	src	0	0.1011	0	0cbbb6b6be7c2ba8bbbf69ca52ab97cfcfefc7cc77d2ecceda50175c42803070	perl-File-chdir-0.1011-0.src.rpm	perl-File-chdir.spec	PASS
unified_source	activationd-plugin	src	0	0.1.1	0	0ce1347ad09dbcef53a2e9dff40fa6c6b0bac0c3279ab16b8140f60d2e80bdd5	activationd-plugin-0.1.1-0.src.rpm	activationd-plugin.spec	PASS
unified_source	tizen-release	src	0	11.0.0	0	0d4ecce41d36ec8d156fab8601c726333a8ff9073ef3dcf85d505d59a9837687	tizen-release-11.0.0-0.src.rpm	tizen-release.spec	PASS
unified_source	nfc-plugin-emul	src	0	0.0.26	0	0d58a74bbc6fe1e63ffdce1a92d27678137959e7fbc49b5fde9f7c2eece486f0	nfc-plugin-emul-0.0.26-0.src.rpm	nfc-plugin-emul.spec	PASS
base_source	dash	src	0	0.5.13.4	1.2	0d8cc3394e1ea6a12ed4f8fadfd4fa93951339c3dd66275a7cd3564fa720c001	dash-0.5.13.4-1.2.src.rpm	dash.spec	PASS
unified_source	bootchart	src	0	1.20	1	0da4bc3c96a048b986097ce9415062199408dc79278c9615a8224a66a9508b6f	bootchart-1.20-1.src.rpm	bootchart.spec	PASS
base_source	findutils	src	0	4.3.8	1.15	0dcfb172f28c9cadf631d3fc966bd93c6e63af9217b69b8ce0041258d50d8a13	findutils-4.3.8-1.15.src.rpm	findutils.spec	PASS
base_source	pkg-config	src	0	0.29.2	1.16	0e5561023c628316a36dbc02ee10d3e483cdc8a64564825f6668ebef6b7d5ea5	pkg-config-0.29.2-1.16.src.rpm	pkg-config.spec	PASS
base_source	python3-ply	src	0	3.11	1.1	0e665316629548a3b3a197dec4bbe1df2bd85f37c2f9cdf25afd1ec20bd97dbf	python3-ply-3.11-1.1.src.rpm	python3-ply.spec	PASS
unified_source	hal-backend-tbm-gbm	src	0	1.0.0	1	0ea96201b3252a19e1d71fab23ec63113c44406e7d8f0691480077ff9d58e77b	hal-backend-tbm-gbm-1.0.0-1.src.rpm	hal-backend-tbm-gbm.spec	PASS
base_source	popt	src	0	1.16	1.13	0ed7bd085aadb51bd81b8f253bc462356cd8f8bc1b28624f97d7a19a15d5bc7d	popt-1.16-1.13.src.rpm	popt.spec	PASS
unified_source	rust-fs-err	src	0	2.9.0	1	0faddb4a9077ff9022ccb55e45d813c2198c4aec4bb4a30dc347c43ffc60d228	rust-fs-err-2.9.0-1.src.rpm	rust-fs-err.spec	PASS
unified_source	capi-system-resource	src	0	1.0.0	0	0fd4a0599904fe0bb398ee8e0fdcfa4004ced16a9efe2f73faf1fd4df107fae6	capi-system-resource-1.0.0-0.src.rpm	capi-system-resource.spec	PASS
base_source	python	src	0	2.7.18	1.13	100e67e3c8364c74a1cf490e1194528e059f9489ac905ccac38447508c13b25f	python-2.7.18-1.13.src.rpm	python.spec	PASS
base_source	gdbm	src	0	1.8.3	1.16	1058f36ae009990d234230439fb62f89ff20c668155007fd53a2bff6ced980c4	gdbm-1.8.3-1.16.src.rpm	gdbm.spec	PASS
base_source	file	src	0	5.46	1.14	106b1f282e862962d5a8927dad23cb720ab240015e02a88b95618a080e436592	file-5.46-1.14.src.rpm	file.spec	PASS
unified_source	libtbm	src	0	4.8.6	1	10cbaeb6f33ca7a06925c2ccce1fac5d1f8860d52ecf9df568f30f4e8f88c050	libtbm-4.8.6-1.src.rpm	libtbm.spec	PASS
unified_source	appcore-watch	src	0	1.7.25	1	10edc50248d5334289e2ac4c20479869e0dcd7426866c6d954169cb81bc610a7	appcore-watch-1.7.25-1.src.rpm	appcore-watch.spec	PASS
unified_source	openvino	src	0	2019R3	0	1153af7b0866736b3db04a03b510d0cd8ffd183868fac193da34dfc38aea5555	openvino-2019R3-0.src.rpm	openvino.spec	PASS
unified_source	org.tizen.share-panel_common	src	0	2.0.1	0	119953968472bcfca318e1c5be1692476c63467915ccee6c2301a44899e4f605	org.tizen.share-panel_common-2.0.1-0.src.rpm	org.tizen.share-panel_common.spec	PASS
base_source	patchelf	src	0	0.16.1	1.12	119a0d6552eb6b157c4b3533e384d9022f03cb5992b5c6521973fc3c340207cc	patchelf-0.16.1-1.12.src.rpm	patchelf.spec	PASS
base_source	gmp	src	0	4.2.1	1.13	11a98b9c27de742a2c857af0c85015a747534c6d39eeb6b8e302a4e539ba2695	gmp-4.2.1-1.13.src.rpm	gmp.spec	PASS
base_source	zip	src	0	3.0	2.2	11dc814d51bacd472cc1e5d4bc77b34bf85092863c6ac0a3e24ca8bf47a6f1e4	zip-3.0-2.2.src.rpm	zip.spec	PASS
base_source	libsndfile	src	0	1.2.2	1.2	127c444566688b065345485a5ec20d32eeb812c6ea80457c1e00c4b8aed074e2	libsndfile-1.2.2-1.2.src.rpm	libsndfile.spec	PASS
base_source	default-ac-domains	src	0	0.2	1.1	12b401962b4290c59fb9438d9c032a36f42e46ab12d24dd0016b8f2983784ea5	default-ac-domains-0.2-1.1.src.rpm	default-ac-domains.spec	PASS
unified_source	calendar-service	src	0	0.1.183	1	12bd585b0ae7af7ab241008f85ff8154f2b7d9ac62cbe5a9a718ebb8e8b01bfd	calendar-service-0.1.183-1.src.rpm	calendar-service.spec	PASS
unified_source	rust-anstyle	src	0	0.3.5	1	1329798e069cc4c6dd74cf4a55bef61d739efe25e20bf74fe4b86ba446570896	rust-anstyle-0.3.5-1.src.rpm	rust-anstyle.spec	PASS
unified_source	capi-media-controller	src	0	1.0.16	0	135141c72ad60b9ab71ed7a3f24c1f3c11dedddb0c0069ae9d702ff6a5ae6854	capi-media-controller-1.0.16-0.src.rpm	capi-media-controller.spec	PASS
unified_source	libshortcut	src	0	0.10.4	0	13c358a5cc71cee63c7d7b27004895eeabc5017c1a30d995a1f484a891fd5693	libshortcut-0.10.4-0.src.rpm	libshortcut.spec	PASS
unified_source	memps	src	0	0.2.0	0	13eb20d4ca7a00547872439be3a4e3452433e7339a5b9ce99077a2f6ffd18b65	memps-0.2.0-0.src.rpm	memps.spec	PASS
unified_source	e-mod-tizen-wm-policy	src	0	0.6.10	1	140a989619a0fce2131f0467c0119176785b2f7eccc699e89bc94527d5ad1207	e-mod-tizen-wm-policy-0.6.10-1.src.rpm	e-mod-tizen-wm-policy.spec	PASS
unified_source	libhangul	src	0	0.2.0	0	1452e7a35bc3c9074799dc06acf320527598b42b3c097353fa4b51f9fd29b636	libhangul-0.2.0-0.src.rpm	libhangul.spec	PASS
base_source	libbpf	src	2	1.6.2	1.2	14ccece8a26d6c723af93023453937058853dcbd3f81c188877875ec7d4d6b4f	libbpf-1.6.2-1.2.src.rpm	libbpf.spec	PASS
unified_source	capi-network-wifi-manager	src	0	1.3.24	0	14fb604ca8fbd7c786aa7c7d39a53de37c7c6ac11179539d594fcce9ff768180	capi-network-wifi-manager-1.3.24-0.src.rpm	capi-network-wifi-manager.spec	PASS
unified_source	wakeup-engine-default	src	0	0.2.5	1	15123aac0e0446c69717bb791141fd93f84a48fe32ef08750b998959b0b1db30	wakeup-engine-default-0.2.5-1.src.rpm	wakeup-engine-default.spec	PASS
unified_source	context-job-scheduler	src	0	4.0.5	1	1513bf5870974150dd817c065c32617551e43eed17df22b4c08a39b999acac4c	context-job-scheduler-4.0.5-1.src.rpm	context-job-scheduler.spec	PASS
unified_source	resource-manager	src	0	0.1	7	154611a00e77582c6abec9e4bfed04767a865a4c69e6777325e70304d75c66f8	resource-manager-0.1-7.src.rpm	resource-manager.spec	PASS
unified_source	pkgmgr	src	0	0.23.1	0	155c29d283e6560c317c4f4c7f72dad4361aa0794054b8575e3e43c0e71754d4	pkgmgr-0.23.1-0.src.rpm	pkgmgr.spec	PASS
unified_source	gflags	src	0	2.2.1	1	157be68a0e12895880ea7620d6f097618e7add416b0494dce26cf93375bdb0a0	gflags-2.2.1-1.src.rpm	gflags.spec	PASS
unified_source	storaged	src	0	10.0.0	1	15a95d82707998eece78dfc830e02fed071d88f34b48e7f6795fec8d2bd33cc3	storaged-10.0.0-1.src.rpm	storaged.spec	PASS
base_source	giflib	src	0	5.2.2	1.5	15bbda47b587965d2e5ac2658df5c0b5b301eb54d15dd2324937741398ab621f	giflib-5.2.2-1.5.src.rpm	giflib.spec	PASS
base_source	e2fsprogs	src	0	1.46.0	1.10	15f155e2eb9a5d33ae1e206c239677d85dbee183ff17e7a9a2cee518971e5956	e2fsprogs-1.46.0-1.10.src.rpm	e2fsprogs.spec	PASS
unified_source	org.tizen.cssetting-wallpaper	src	0	1.0.1	1	1602fc9b15df116f3219321b78d30a3e312fb01316c3ff1a0c7bfec3b58592a4	org.tizen.cssetting-wallpaper-1.0.1-1.src.rpm	org.tizen.cssetting-wallpaper.spec	PASS
unified_source	smartcard-service	src	0	0.1.59	0	160cda9988bb0a3990f5f1f1170901cc8c99d3fda991c4d750a9d10c20c795a9	smartcard-service-0.1.59-0.src.rpm	smartcard-service.spec	PASS
unified_source	bluez	src	0	5.79	1	16713e7dac39ff97794c2251145b6fd322287cda3f20e493d089bf30bc46cf7a	bluez-5.79-1.src.rpm	bluez.spec	PASS
unified_source	vulkan-utility-libraries	src	0	1.3.296	0	16842231433aef9a12fa9817b0a1364263101ce896b19306b523600083e152e0	vulkan-utility-libraries-1.3.296-0.src.rpm	vulkan-utility-libraries.spec	PASS
base_source	elfutils	src	0	0.189	1.16	16846f97bf43942a70561fa87b2159c35014d7e579dc76586c8b32913fbcb196	elfutils-0.189-1.16.src.rpm	elfutils.spec	PASS
unified_source	rust-aho-corasick	src	0	0.7.20	1	168760525ec862d86f09d2f3b54f3eb86c64712c3b5e485a14a4934ea81e00c0	rust-aho-corasick-0.7.20-1.src.rpm	rust-aho-corasick.spec	PASS
unified_source	npth	src	0	1.8	1	16c2ce6f91bdb5dfe08114ac74c24c35096bb6b76f0092a4be6c3e18979ee1c5	npth-1.8-1.src.rpm	npth.spec	PASS
unified_source	rust-const-random-macro	src	0	0.1.15	1	16c87caaa1f33ba969a72bde5251cf1f07e3fe2d81222ecab9a7140758cbfd28	rust-const-random-macro-0.1.15-1.src.rpm	rust-const-random-macro.spec	PASS
unified_source	org.tizen.inputmethod-setting	src	0	0.11.4	1	16e9c73519b4c452935b727b6bc705a62f86a5b11c0829e5266e4f0e28133e50	org.tizen.inputmethod-setting-0.11.4-1.src.rpm	org.tizen.inputmethod-setting.spec	PASS
base_source	bcc-tools	src	0	0.35.0	3.1	1761566344d7d0a730730aee2447e0cc748c2ed13682f0b9eac9dc3adc882d08	bcc-tools-0.35.0-3.1.src.rpm	bcc-tools.spec	PASS
unified_source	libfeedback	src	0	0.2.0	1	186ac2fafe77ef87aa095d1e17b97fbc98a023555fecb5ecf47f013f068c954d	libfeedback-0.2.0-1.src.rpm	libfeedback.spec	PASS
unified_source	hal-api-wifi	src	0	0.0.1	2	186ef157ad5bb8e12d7737cfb4630a6eb87222f50475fdffd691e35c66b7bc1c	hal-api-wifi-0.0.1-2.src.rpm	hal-api-wifi.spec	PASS
base_source	libdbuspolicy-header	src	0	1.2.0	2.1	188e0f7514321edfcb167af3d42d3dbaabefb93defa89d6c5d6539b354f1a33b	libdbuspolicy-header-1.2.0-2.1.src.rpm	libdbuspolicy-header.spec	PASS
unified_source	python3-rospkg	src	0	1.6.1	1	18d7ff19d5b267ce79d314b3c7cb9ac666f7f5455d3bb929f5d88f366607ab0b	python3-rospkg-1.6.1-1.src.rpm	python3-rospkg.spec	PASS
unified_source	capi-appfw-event	src	0	0.6.22	0	1905b0d7f3beb6be9c830f4cb476d7e5164cbbaf0f6372d94d2219a213e4c434	capi-appfw-event-0.6.22-0.src.rpm	capi-appfw-event.spec	PASS
unified_source	perl-MRO-Compat	src	0	0.15	1	19465b6d1f0b1157ef8b28c4c51645c38d37ec04b79e5ea23ab2f8060472b013	perl-MRO-Compat-0.15-1.src.rpm	perl-MRO-Compat.spec	PASS
unified_source	rust-itoa	src	0	1.0.6	1	1946dfe3b2dcb3a022a06fe68f31cc82a427c8627fb1fba10dd8d4b170b7ea90	rust-itoa-1.0.6-1.src.rpm	rust-itoa.spec	PASS
base_source	bash	src	0	3.2.57	1.2	194ae2f8faa963085bb6a7003b4b4a949465fdbb85d6f9af78f2a6a922cd9e01	bash-3.2.57-1.2.src.rpm	bash.spec	PASS
unified_source	glibmm	src	0	2.64.2	0	196b25c01718306a59e5469ec44d676d3430d60ac3bb4be4e7b3f156dd48e3e8	glibmm-2.64.2-0.src.rpm	glibmm.spec	PASS
unified_source	coreclr-diagnostics	src	0	8.0.547301	37	19c3253d2d535f8ac244dfd686a186e534594ad9af5e22482d1ae1168d543315	coreclr-diagnostics-8.0.547301-37.src.rpm	coreclr-diagnostics.spec	PASS
unified_source	ctags	src	0	6.2.20251026.0	1	19d6f12f89078acc8f43e133f9beb50e1ca1c4604bfd63eb51a54291d8477b84	ctags-6.2.20251026.0-1.src.rpm	ctags.spec	PASS
base_source	libdbuspolicy-header	src	0	1.2.0	2.2	1a1f9847c2ff6f7e2913ba6804549055da383d8e5900803872f094ff9bc44182	libdbuspolicy-header-1.2.0-2.2.src.rpm	libdbuspolicy-header.spec	PASS
base_source	grep	src	0	2.5.2	1.12	1a8a4173dbccff38089ccd841f301d211354c782ade37479d8d8d9c0fc02f43d	grep-2.5.2-1.12.src.rpm	grep.spec	PASS
base_source	python3-base	src	0	3.14.2	2.8	1ac2c77deddd1177df7716a40139dd4b41f073f438e3b7a0c6881b3d11753fd0	python3-base-3.14.2-2.8.src.rpm	python3-base.spec	PASS
base_source	binutils-riscv64	src	0	2.43	2.2	1ad8e0dfd1bd164dd778783a2da91ab087d5259ea20fa2ec2819499c7c56ff54	binutils-riscv64-2.43-2.2.src.rpm	binutils-riscv64.spec	PASS
unified_source	attach-panel	src	0	0.1.0	0	1b573d7678536d25609ad1b18148200797c81f9923179c48d961ed09a9b5c572	attach-panel-0.1.0-0.src.rpm	attach-panel.spec	PASS
unified_source	sysprof	src	0	1.2.0	0	1b6dee49d7e557d9c97f5c853d148accbb52895328de17aa7f476b87600e82e9	sysprof-1.2.0-0.src.rpm	sysprof.spec	PASS
unified_source	inference-engine-interface	src	0	0.5.2	0	1b9d3fbe2f1db2289449664e34185b8a577bf12337972a5ae2ef3110e49a8a9c	inference-engine-interface-0.5.2-0.src.rpm	inference-engine-interface.spec	PASS
base_source	python3-pyparsing	src	0	3.3.1	1.7	1ba9b193fb973362478b137ae3484aa11fa6883c8a2e4b9ca73704f7a57fe3dc	python3-pyparsing-3.3.1-1.7.src.rpm	python3-pyparsing.spec	PASS
unified_source	onnxruntime	src	0	1.16.3	1	1bc402dad54034a690268cf206299ef19088f7f8bd01973ae4dcf2b35706a170	onnxruntime-1.16.3-1.src.rpm	onnxruntime.spec	PASS
base_source	python3-packaging	src	0	25.0	1.11	1bc4ca58ab0313c13ffe3a3c7490083f5bf449ca871c2cc721316f32dc6d9f92	python3-packaging-25.0-1.11.src.rpm	python3-packaging.spec	PASS
unified_source	rust-rayon	src	0	1.7.0	1	1bc5c98bba9503d3f908a990f081b1461a7af92152706424d4e37ab9524f8a79	rust-rayon-1.7.0-1.src.rpm	rust-rayon.spec	PASS
base_source	python3-lxml	src	0	6.0.2	2.4	1bd840022ae168b6db0ce92bcf62360e188c468d8f2ee09eddea6b476f53edea	python3-lxml-6.0.2-2.4.src.rpm	python3-lxml.spec	PASS
unified_source	ell	src	0	0.28	0	1be83625dbb1cfeecbc7ba5338f74e9d90b6f2a0c6b628adab7c38122461ec9d	ell-0.28-0.src.rpm	ell.spec	PASS
base_source	autoconf	src	0	2.71	2.10	1c38fda7617c5635bda49771b84deb65df8f466cb415bb752b6bc0e351d1b848	autoconf-2.71-2.10.src.rpm	autoconf.spec	PASS
base_source	nss	src	0	3.109	1.4	1c5afb135e62d7e90636a0a6ffd34856c3b171be10c12eace69fc6e2c174fd68	nss-3.109-1.4.src.rpm	nss.spec	PASS
base_source	dash	src	0	0.5.13.4	1.3	1ca80017335b103d69358ac369fd697b52010d74fbe7e3312a4fed314053a485	dash-0.5.13.4-1.3.src.rpm	dash.spec	PASS
unified_source	libds-tizen	src	0	0.1.16	0	1cf66647727c7470b431b80006262d41799a947e703b9171e13ebfe92c6d47a4	libds-tizen-0.1.16-0.src.rpm	libds-tizen.spec	PASS
base_source	python3-appdirs	src	0	1.4.4	1.1	1cfc2d0ec990352075b4b3c9853521a17454ad7f3db32718d92b02741946cb58	python3-appdirs-1.4.4-1.1.src.rpm	python3-appdirs.spec	PASS
base_source	gcc-armv7hl	src	0	14.2.0	1.5	1cfe32783d4bda8fc31e737f6e9b1084c2a88f27a9456bcccf429e3884c69bd3	gcc-armv7hl-14.2.0-1.5.src.rpm	gcc-armv7hl.spec	PASS
unified_source	pkgmgr-tool	src	0	0.14.2	1	1d0390083d35cf7edf21e2cb59fe0be7f405dd0693a3218e3467f031a24b0c92	pkgmgr-tool-0.14.2-1.src.rpm	pkgmgr-tool.spec	PASS
base_source	giflib	src	0	5.2.2	1.4	1d3f73400e3b7e9bba5095168b1cdafefaa760ca083eaec43ea1ee4a3b3de5fd	giflib-5.2.2-1.4.src.rpm	giflib.spec	PASS
unified_source	mmsvc-recorder	src	0	1.0.1	0	1def2ca9e4db9463989b8b6dfe4345534cbc978ddf3f6fa36cedf3927d427648	mmsvc-recorder-1.0.1-0.src.rpm	mmsvc-recorder.spec	PASS
unified_source	podofo	src	0	0.9.7	0	1dfc0de4346623f486e6819bfa2b445ef4cbe3134549c2d85f9891561c2b2f56	podofo-0.9.7-0.src.rpm	podofo.spec	PASS
base_source	gcc-contrib	src	0	14.2.0	1.1	1e1f3bc8b8dec82c3e2f0e2281b6eaafd34c3226c0274df86063baccd746466c	gcc-contrib-14.2.0-1.1.src.rpm	gcc-contrib.spec	PASS
unified_source	python-gobject	src	0	3.36.1	0	1e276f3c614c7e1bf68a22bad71c84ffb5ece3a5dc2cc1d72ac7563e8100462b	python-gobject-3.36.1-0.src.rpm	python-gobject.spec	PASS
unified_source	dbus-tools	src	0	0.1	1	1e32de9b55a323d03a477125f2d9db9da84e180beaeb5fb4f320c95064aafb8d	dbus-tools-0.1-1.src.rpm	dbus-tools.spec	PASS
unified_source	sync-service	src	0	0.3.47	1	1e4e924e0deec0d06b1166d195c0eb1c77b33038daf2ea2080471c26f54e7bde	sync-service-0.3.47-1.src.rpm	sync-manager.spec	PASS
unified_source	hal-backend-tdm-meson	src	0	1.1.2	0	1e5fcb1bba66208f0c31a748be479e88737aac969e96bea4335906eccfdbd44d	hal-backend-tdm-meson-1.1.2-0.src.rpm	hal-backend-tdm-meson.spec	PASS
unified_source	libwebsockets	src	0	4.3.2	0	1e7d6b382ce5cc6657ba0be60d9c9761d16aba11f2bc36b2e0135db880c5dfcd	libwebsockets-4.3.2-0.src.rpm	libwebsockets.spec	PASS
unified_source	libcynara-creds-dbus	src	0	0.26.0	1	1e9dc0f5f3a512f1114072520567161b030976c4f0805808470b4adc1d590444	libcynara-creds-dbus-0.26.0-1.src.rpm	libcynara-dbus.spec	PASS
unified_source	libmnl	src	0	1.0.3	0	1eb7db66e853725dc26f0cef25f53f2dab7dd4544f0ad410a592ed2d87cfa138	libmnl-1.0.3-0.src.rpm	libmnl.spec	PASS
unified_source	libxml++	src	0	5.6.0	1	1eb8d08846ee7756db5bccc92b0ab39be3368aa1073598b291f7da86128fb08d	libxml++-5.6.0-1.src.rpm	libxml++.spec	PASS
unified_source	libabigail	src	0	2.3	0	1ee46e858bb3abb3c1a2888da69ec360320b9daf88d759a879f297d39b708537	libabigail-2.3-0.src.rpm	libabigail.spec	PASS
unified_source	rust-quote	src	0	1.0.23	1	1f22d4f89e1b2642d793b35fcb826696e4b821b9b315aa2718e0b34620b69dc8	rust-quote-1.0.23-1.src.rpm	rust-quote.spec	PASS
unified_source	rust-sval	src	0	0.5.2	1	1f4028d223ddaa6c221be5fd18da2630481c4f8ee6c989fe07191339a4539b37	rust-sval-0.5.2-1.src.rpm	rust-sval.spec	PASS
unified_source	org.tizen.setting-bluetooth	src	0	1.10.0	1	1f9ce34f9bc71c50c37cb16999c68aa450898bfc7fa36b9b14f832808027916b	org.tizen.setting-bluetooth-1.10.0-1.src.rpm	org.tizen.setting-bluetooth.spec	PASS
unified_source	askuser-notification	src	0	0.8.4	1	1f9fce13d02552f6a19d90873e925ecdb8d310e6e50155097810d0a6d1bbf85c	askuser-notification-0.8.4-1.src.rpm	askuser-notification.spec	PASS
base_source	python3-mako	src	0	1.3.10	1.5	1fdb75bdd92ca12dccfc0d3f3935b5e2b2fb8244d91f86f83bf0aa6b8fd42b14	python3-mako-1.3.10-1.5.src.rpm	python3-mako.spec	PASS
base_source	libtool	src	0	2.5.4	1.13	2077e44e907b849acde9c6b831b7bc7fc0190d78637297a6560a52423676e34b	libtool-2.5.4-1.13.src.rpm	libtool.spec	PASS
unified_source	python3-notify2	src	0	0.3.1	1	208b8163fd4207692d988399e554e852d5163143dc7ce4c774e30879ec4f9417	python3-notify2-0.3.1-1.src.rpm	python3-notify2.spec	PASS
unified_source	python-PyYAML	src	0	3.10	0	20d9e81b125f4d820d2775589c1e91218fc3467cc5b4a78c13379ae08e63c82f	python-PyYAML-3.10-0.src.rpm	python-PyYAML.spec	PASS
unified_source	audio-hal-bcm2837	src	0	0.2.3	0	20e28d556840a825b645b64e26057070e8b34c3b152fba610a292906525b8109	audio-hal-bcm2837-0.2.3-0.src.rpm	audio-hal-bcm2837.spec	PASS
unified_source	nsjail	src	0	3.0.20210707	0	21567bf0b6db694e54f319e7e01bea25948dd484303bcf224de03eceb62e315e	nsjail-3.0.20210707-0.src.rpm	nsjail.spec	PASS
base_source	golang	src	0	1.25.3	2.2	217d34a5d39e76cf169991ae7c200bc883dbd9366136ec8e88cb1513e8379e3e	golang-1.25.3-2.2.src.rpm	golang.spec	PASS
unified_source	rust-mockall_double	src	0	0.3.0	1	218ee3a54c2ce694353f4fe505939db3a9a5e5cb7375960b094c97ff747ad7db	rust-mockall_double-0.3.0-1.src.rpm	rust-mockall_double.spec	PASS
unified_source	hash-signer	src	0	1.1.0	0	21b7c1f7192fa07934133dd952a855b6c8a3d370728c7a1c52ad4772d57f5f01	hash-signer-1.1.0-0.src.rpm	hash-signer.spec	PASS
unified_source	rust-pin-project-lite	src	0	0.2.9	1	21caeeebf0105108a58ae907da4c5732594def1afd054fb262460df664cbc00d	rust-pin-project-lite-0.2.9-1.src.rpm	rust-pin-project-lite.spec	PASS
unified_source	hal-api-security	src	0	1.0.0	0	2200e71be5a26fc69780848f2f1b5e6f217dfb844ff2f355f81332556fe898f4	hal-api-security-1.0.0-0.src.rpm	hal-api-security.spec	PASS
unified_source	capi-network-ua	src	0	0.14.6	2	22645add6a0f58e726a376d2af673b2a8f30cab8226f54091478bd4570856af2	capi-network-ua-0.14.6-2.src.rpm	capi-network-ua.spec	PASS
unified_source	capi-network-nsd	src	0	0.2.8	1	2264d3ed7a872b009ee1a34b3d8c17af800f055bba074826b4ca63738ac22282	capi-network-nsd-0.2.8-1.src.rpm	capi-network-nsd.spec	PASS
base_source	yasm	src	0	1.3.0	2.3	2275afd7efe3e650a37d1682779a8f72c99c67e5b5c2247265dbcc292e75a73a	yasm-1.3.0-2.3.src.rpm	yasm.spec	PASS
base_source	tiff	src	0	4.7.0	1.3	22814f33a81149d04164c3257193c6df0c48fdb7efa283321978fb1c8c60f1b5	tiff-4.7.0-1.3.src.rpm	tiff.spec	PASS
unified_source	python-gpgme	src	0	0.1	0	22898ad9e46b00d8e3f8e9eb69fe80156cf0d5bd0ee00b9cf02a30b11a3c5172	python-gpgme-0.1-0.src.rpm	python-gpgme.spec	PASS
unified_source	dali2-ui-foundation	src	0	2.5.14.10210	1	228ab2de6ece338ec070573bb0b22b0a7ed089d9225dcd08524b8acd0ea6b20e	dali2-ui-foundation-2.5.14.10210-1.src.rpm	dali-ui.spec	PASS
unified_source	capi-machine-learning-inference	src	0	1.8.8	0	228c04eadd57e60d63acbb1d54a251a2fd265ea0322208d76fe1626e99247db0	capi-machine-learning-inference-1.8.8-0.src.rpm	machine-learning-api.spec	PASS
base_source	abseil-cpp	src	0	20250814.1	1.2	22b9c4c2f106aac58434e55790d8833e08b30c3cfeecb49901233dc4f8c87be0	abseil-cpp-20250814.1-1.2.src.rpm	abseil-cpp.spec	PASS
unified_source	referenceassemblies-pcl	src	0	2014.04.14	0	22d503a67316b77974acd0adab102e154a880b1c73d1c9c82edd238ef187146f	referenceassemblies-pcl-2014.04.14-0.src.rpm	referenceassemblies-pcl.spec	PASS
unified_source	rust-crunchy	src	0	0.2.2	1	230cb5942632eb010f8e2b4e1764ec0a7d46c473e76c2416c628d858720c47bc	rust-crunchy-0.2.2-1.src.rpm	rust-crunchy.spec	PASS
unified_source	context-app-history	src	0	4.0.2	1	23b10fe8055a6e6ea53e529e525bb2f17abb0ba627614cde6d8bf90671f07b22	context-app-history-4.0.2-1.src.rpm	context-app-history.spec	PASS
unified_source	perl-Module-Runtime	src	0	0.016	1	23b69032bb2f9adb5efcc933aec10e41be1aea5436caab5fd08f2d4577c500e8	perl-Module-Runtime-0.016-1.src.rpm	perl-Module-Runtime.spec	PASS
base_source	cmake	src	0	3.31.2	1.15	243976f287e598b331dc7a7dfef33a0c922f19c2e60a959cbdd8c80719f86f26	cmake-3.31.2-1.15.src.rpm	cmake.spec	PASS
unified_source	upgrade	src	0	10.0.0	0	244f4947904b90e5eef94ce04362dbbb6566a538b91145f62e1682c773889973	upgrade-10.0.0-0.src.rpm	upgrade.spec	PASS
unified_source	libaudio-effect	src	0	0.0.26	0	245a057ca1e451df90bfe9db9988eaa782eef3061dbb3283bb268975b1124280	libaudio-effect-0.0.26-0.src.rpm	libaudio-effect.spec	PASS
unified_source	nvethernetrm	src	0	36.4.4	0	245ecbeab69c969943e1872f6f60ff3bb15e3b1a4d0d3675cbd07d22f7430839	nvethernetrm-36.4.4-0.src.rpm	nvethernetrm.spec	PASS
unified_source	app-rootstrap-native-data-common	src	0	10.0	1	247ac29e565a77f5bc25a339818312bacb06d49ed96fbb5208168c828eaad0b6	app-rootstrap-native-data-common-10.0-1.src.rpm	app-rootstrap-native-data-common.spec	PASS
base_source	perl-Test-Pod-Coverage	src	0	1.10	1.1	248c0305a5e40cffbc352316ac66c4c4dc57131527df0d1e27e07832e59b2ca7	perl-Test-Pod-Coverage-1.10-1.1.src.rpm	perl-Test-Pod-Coverage.spec	PASS
unified_source	rust-termtree	src	0	0.4.1	1	249204b12b994e57c1d31facf4cbaf58ec0dea0922fcef371fb6ebd8cb6227e6	rust-termtree-0.4.1-1.src.rpm	rust-termtree.spec	PASS
base_source	linux-glibc-devel	src	0	6.6	1.16	24a22a9d289b97514252a909cfccca1751dc91d5f33d88f3b0a0331023f80a6e	linux-glibc-devel-6.6-1.16.src.rpm	linux-glibc-devel.spec	PASS
unified_source	libtheora	src	0	1.1.1	14	24ac85b7ab2bb9399a8fffc7746ac0733973709e81ab2395993b266f051defe0	libtheora-1.1.1-14.src.rpm	libtheora.spec	PASS
unified_source	gnome-common	src	0	3.12.0	0	24b585896919f4158b72ecb52114db19fb11fbe5d04cf469ea6b5a2a39f9ca95	gnome-common-3.12.0-0.src.rpm	gnome-common.spec	PASS
unified_source	perl-Class-Inspector	src	0	1.36	0	24dcab1add824b8e4e7e3fa99d27dd4d16f59cab65841d33f9a6004fb2ba61d7	perl-Class-Inspector-1.36-0.src.rpm	perl-Class-Inspector.spec	PASS
unified_source	linux-nv-oot	src	0	36.4.4	0	2537b04067d1b8ca79ea9464d76f3b141e07029f3b1916096bd05498c565b6a4	linux-nv-oot-36.4.4-0.src.rpm	linux-nv-oot.spec	PASS
unified_source	libconfig	src	0	1.6	0	256c676e5f89272ec0ea1e03ecdbb9c7320e52258b10f605f6230e5323a840dc	libconfig-1.6-0.src.rpm	libconfig.spec	PASS
unified_source	perl-FFI-CheckLib	src	0	0.31	0	25a6cd26400141ec8b545a4ea7d37227320cd6e97ebffa78ea6cf89c7b78daac	perl-FFI-CheckLib-0.31-0.src.rpm	perl-FFI-CheckLib.spec	PASS
unified_source	perl-DateTime	src	0	1.65	0	25ebbc76bcff507784575f5985ef0b4e2c4801d21fc93a05f26bc2702a940067	perl-DateTime-1.65-0.src.rpm	perl-DateTime.spec	PASS
base_source	binutils-armv7l	src	0	2.43	2.2	26026415bb4c1b98bd32bea592c5d94ee74f00137c9e18830b0a01667f5f1824	binutils-armv7l-2.43-2.2.src.rpm	binutils-armv7l.spec	PASS
base_source	libgcrypt	src	0	1.11.0	1.2	26234f169b610d48cc1cdc23d80523c3554e1cb16c552485038a96634e0d8268	libgcrypt-1.11.0-1.2.src.rpm	libgcrypt.spec	PASS
unified_source	capi-system-media-key	src	0	0.2.13	6	263c5b03dbc8b7ae308a926ea075eeb41c9ca3f9fc5f5e10defb65deb79f0002	capi-system-media-key-0.2.13-6.src.rpm	capi-system-media-key.spec	PASS
base_source	setup	src	0	0.9	1.4	2645e9c0745d7c02a99a780cf3e3d88bb95503b858090d8a7a18326032ee1c41	setup-0.9-1.4.src.rpm	setup.spec	PASS
base_source	tensorflow2	src	0	2.18.0	1.3	2683212056d1121884eef9d46210a1ecdb3e3d0e3d44ab60034d6adb978d5c27	tensorflow2-2.18.0-1.3.src.rpm	tensorflow2.spec	PASS
unified_source	capi-base-utils	src	0	3.1.5	2	269500dff91b08437e533e5e865ae968be84798668fed40eb7206c03f2f77c6b	capi-base-utils-3.1.5-2.src.rpm	capi-base-utils.spec	PASS
unified_source	notification	src	0	0.12.4	1	26cacc5abaf83efe9a7bfcda3418e09711a1fd82b2d75b46c9a11550bebf22ab	notification-0.12.4-1.src.rpm	notification.spec	PASS
unified_source	rust-normalize-line-endings	src	0	0.3.0	1	26cdb03310c7889a4545f686cf062534062a965181d8fb7e79bb459275aa9c16	rust-normalize-line-endings-0.3.0-1.src.rpm	rust-normalize-line-endings.spec	PASS
unified_source	org.tizen.Apps	src	0	1.0.6	1	2720358cd6998076949c71f03c63f34714a047e3d4bc5cac6373ca535e31e704	org.tizen.Apps-1.0.6-1.src.rpm	org.tizen.Apps.spec	PASS
unified_source	pixman	src	0	0.38.4	0	2738ba5fcdc0b50ac51996ec3e209db178a17aefd4de6618074dbe9c591098a8	pixman-0.38.4-0.src.rpm	pixman.spec	PASS
base_source	zlib	src	0	1.3.1	1.16	278e1ce438c8afcad917423d653e2944373375d0932cbb6aa883d2d3ad672e0a	zlib-1.3.1-1.16.src.rpm	zlib.spec	PASS
base_source	coreutils	src	0	6.9	15.3	27a6e90aa1b4236f336bbbfc7d84dd425dc8eb3dc6b4e876c1af76f8f45a7491	coreutils-6.9-15.3.src.rpm	coreutils.spec	PASS
base_source	opus	src	0	1.3.1	2.2	27afb71b876910c0c7ff70ac9509c95396dbb90e497c7fa90f9557e20d67ce7e	opus-1.3.1-2.2.src.rpm	opus.spec	PASS
unified_source	glog	src	0	0.3.5	1	27cd4be9345bb077e62b90fe40e9071e7781516dd2d3ecf735602a49d1939ff6	glog-0.3.5-1.src.rpm	glog.spec	PASS
unified_source	cordova-api	src	0	0.18	0	27cdcd37f1c2ac4b7878eaebc8339e1b9a20bbc2e031215bca7253d588157b7c	cordova-api-0.18-0.src.rpm	cordova-api.spec	PASS
unified_source	capi-network-smartcard	src	0	0.0.16	0	28302cc767644567c03e88ac9927e087db77cb24dfdb8bc7c6729217586aa161	capi-network-smartcard-0.0.16-0.src.rpm	capi-network-smartcard.spec	PASS
unified_source	coreclr	src	0	8.0.11	0	2841bbeacb9f2c0321824df7fa7ecef4a1536d2f16827b1b0ff396e4874f8c8b	coreclr-8.0.11-0.src.rpm	coreclr.spec	PASS
base_source	python3-pip	src	0	25.3	1.1	286a726714727e8aa338cda0e9e43ffd9a35e8b391b62534cb2aabdc20e02ec1	python3-pip-25.3-1.1.src.rpm	python3-pip.spec	PASS
base_source	m4	src	0	1.4.20	1.2	28c3acd91528a6a812de58aaa932c14a4b2b2b32ceb04248a6c1c41318e7c586	m4-1.4.20-1.2.src.rpm	m4.spec	PASS
unified_source	initrd-flash	src	0	0.0.9	0	28daae79b10b43c866647653c0274e5452ecdd01b85204055904a1dbc4b9d1d1	initrd-flash-0.0.9-0.src.rpm	initrd-flash.spec	PASS
base_source	pam	src	0	1.1.6	1.14	28e242766b95de5d2b6e6887b7b03b2abe6eb6f0354e034f6cf3be100951ae86	pam-1.1.6-1.14.src.rpm	pam.spec	PASS
unified_source	ceres-solver	src	0	2.2.0	1	28ebde95a01bc8cd8a5c4d72d4e25e903f6b823840b2b95704b7d8233a3abe00	ceres-solver-2.2.0-1.src.rpm	ceres-solver.spec	PASS
unified_source	libtuv	src	0	1.0.0	0	28f892f0f5c7c50114c4883e7a5cbd73a823965acc7ed989ebfc1c66ebbcfca1	libtuv-1.0.0-0.src.rpm	libtuv.spec	PASS
unified_source	capi-appfw-alarm	src	0	0.3.7	0	291eccc109fb3d7a630877aa6c0ff313cf8bc2c8718d91daea15bafef0b9235f	capi-appfw-alarm-0.3.7-0.src.rpm	capi-appfw-alarm.spec	PASS
unified_source	system-server	src	0	10.0.0	0	292fffc69a3df6fc8704367df1c05fb5935e68a4043d9e4ab2728a2e9c677af5	system-server-10.0.0-0.src.rpm	system-server.spec	PASS
unified_source	deviced	src	0	10.1.0	1	29cb2c5df34ff8d6859826f1e2d505476218d486fda970754fab69873e140a61	deviced-10.1.0-1.src.rpm	deviced.spec	PASS
unified_source	dali2-extension	src	0	2.5.26	1	2ab04f98f3d6a013ae4eab67d974e4d119c8ac97157b0c127103c9bb8aeb7a05	dali2-extension-2.5.26-1.src.rpm	dali-extension.spec	PASS
unified_source	libpipeline	src	0	1.5.8	0	2abaaad5f4c409e04bf65fb0eaf84e373469935754863a00b47b2e53a2d4becb	libpipeline-1.5.8-0.src.rpm	libpipeline.spec	PASS
unified_source	system-plugin-backend-resourced-generic	src	0	0.1.0	0	2ac3c7209c3bfc959a202c6fbf4dd4afbe9048ff79ab08312102e57dcfe03519	system-plugin-backend-resourced-generic-0.1.0-0.src.rpm	system-plugin-resourced-generic.spec	PASS
unified_source	xkeyboard-config	src	0	2.13	0	2b7a407bb1f5ae2431c2c19ae0a91d53a67c67d24eff525905bcaa16233a2f60	xkeyboard-config-2.13-0.src.rpm	xkeyboard-config.spec	PASS
unified_source	usb-modeswitch-data	src	0	20151101	2	2bd9a3dbc8faf9c421c3c13c8b8de6a8776dc2dbfad99c2996e4a928195fa037	usb-modeswitch-data-20151101-2.src.rpm	usb-modeswitch-data.spec	PASS
base_source	icu	src	0	78.1	1.4	2befbc5e6b57c574a43ef9d2cda2ac0f65c724d802ce793d4253a63556d8a509	icu-78.1-1.4.src.rpm	icu.spec	PASS
unified_source	resourced	src	0	10.0.0	1	2bff4b01111fda6f5bf709669f560d959a3f7d1fc60b862e919b08e8052c1241	resourced-10.0.0-1.src.rpm	resourced.spec	PASS
base_source	xdgmime	src	0	0.0.19	1.3	2c6dda2a07abdc46a1b447ff585d40acf620d302e384f4062f45ce16cb3e43c1	xdgmime-0.0.19-1.3.src.rpm	xdgmime.spec	PASS
unified_source	upgrade-tools-generic	src	0	1.0.0	0	2c71a6e091c9f2dddb3f64f7d9287c7bb50f9bc916506d61d71c3735320a5d59	upgrade-tools-generic-1.0.0-0.src.rpm	upgrade-tools-generic.spec	PASS
base_source	python-traceback2	src	0	1.4.0	1.1	2d157e02f449a3dab7e383c471ba42408c0c2740b18fbe4e220e0eb4bd34b090	python-traceback2-1.4.0-1.1.src.rpm	python-traceback2.spec	PASS
unified_source	team-application	src	0	1.1.6	1	2d8d22aa358cced03b82f52c17481a2aa813dabfa0dab6b0331a167b79709c68	team-application-1.1.6-1.src.rpm	team-application.spec	PASS
unified_source	bluetooth-firmware-bcm	src	0	0.10.0	1	2dc6dadde7bf2632d5cb38406f5422137fc27683accbf4d3e8b36e467afd6a84	bluetooth-firmware-bcm-0.10.0-1.src.rpm	bluetooth-firmware-bcm.spec	PASS
base_source	pam	src	0	1.1.6	1.12	2dd69af6f9e45fa54ec867bdbfb27e750bd81d3b4814518cec8819e5fe427bd3	pam-1.1.6-1.12.src.rpm	pam.spec	PASS
unified_source	capi-context	src	0	1.0.6	1	2dd78a88732f1c8e330c9fb76e25431d794964c3221491f54343ed6dcc5dbbff	capi-context-1.0.6-1.src.rpm	capi-context.spec	PASS
unified_source	opentk	src	0	3.0.4	1	2e01d2870a8f0a0a3987d2278221574c821acb827084ae4eb37993c56492c7eb	opentk-3.0.4-1.src.rpm	opentk.spec	PASS
unified_source	hal-backend-audio-alsa	src	0	0.0.7	0	2e68371a39e29482440d9e281fcc1685370982722bfb4d8f9a9e54b2ac1bfa86	hal-backend-audio-alsa-0.0.7-0.src.rpm	hal-backend-audio-alsa.spec	PASS
base_source	intltool	src	0	0.51.0	1.14	2e79e7f90cf5d4f3121c9f5669c3650253718c09e9955f16d0c054ce0dfaf9fa	intltool-0.51.0-1.14.src.rpm	intltool.spec	PASS
unified_source	org.tizen.net-popup	src	0	0.2.93	1	2efe2282cc118786a39f1113c72a8a680e03ebf0c25c068465d04d19efb26c94	org.tizen.net-popup-0.2.93-1.src.rpm	org.tizen.net-popup.spec	PASS
unified_source	phonenumber-utils	src	0	0.2.11	0	2f0a44d994cba2b87b71f327110b15e191c956ed3b77a456f85e4fd1b3a20722	phonenumber-utils-0.2.11-0.src.rpm	phonenumber-utils.spec	PASS
base_source	python3-hatchling	src	0	1.28.0	1.4	2f3ebcea37eb3dacbcc0ea7e679608936f7053e5350237ba8375d145ee60dc28	python3-hatchling-1.28.0-1.4.src.rpm	python3-hatchling.spec	PASS
unified_source	system-plugin-backend-deviced-headless	src	0	0.1.0	0	2f5dd060ac79bac34a70f6d6fae9a4edb4182e108e0e882321fbfd81da52f352	system-plugin-backend-deviced-headless-0.1.0-0.src.rpm	system-plugin-deviced-headless.spec	PASS
unified_source	toybox	src	0	0.6.0	1	2f836700dfd071073662cb6ed34f1a3dc45b228e7668d3a09aa5fcd66fbc4855	toybox-0.6.0-1.src.rpm	toybox.spec	PASS
unified_source	perl-DateTime-TimeZone	src	0	2.63	1	2fbaece3da3305c9433ef31d011d1351de3e757a1292b02ce1b5c2520892ace2	perl-DateTime-TimeZone-2.63-1.src.rpm	perl-DateTime-TimeZone.spec	PASS
unified_source	capi-system-device	src	0	0.1.0	0	30144007a4d36f2643cb404f617b54d13a5e17b553149b8f4f3fe3becf2688ae	capi-system-device-0.1.0-0.src.rpm	capi-system-device.spec	PASS
unified_source	glib-networking	src	0	2.72.alpha	0	30684589296b59f109b8a12e3487ca46ad1b92110e4ff2abd13131af6e0523b7	glib-networking-2.72.alpha-0.src.rpm	glib-networking.spec	PASS
base_source	chrpath	src	0	0.16	2.2	30d1453d7ba5f414ec4bfbeee8cc11a5b9c005adea03b9e0704f4360d398b2d2	chrpath-0.16-2.2.src.rpm	chrpath.spec	PASS
unified_source	u-boot-rpi4	src	0	2025.10	0	30de245c5abe469eddbe41325419fd6d2e0cae018188ae4cb001f6b882cfe0d7	u-boot-rpi4-2025.10-0.src.rpm	u-boot-rpi4.spec	PASS
unified_source	bluetooth-agent	src	0	0.10.0	1	311d4818e771b67d07cbe052d4be4f33d66f47e9195f6c40c1983e496c77faf0	bluetooth-agent-0.10.0-1.src.rpm	bluetooth-agent.spec	PASS
base_source	intltool	src	0	0.51.0	1.13	31e4d13f2710f5e73f9effedd57d12789522f4ed5f631a812cde25909d6121a4	intltool-0.51.0-1.13.src.rpm	intltool.spec	PASS
unified_source	gst-gz	src	0	1.0.0	1	31eb382376b86e2868237679f9ce87ed93c6df920d02e66f79f027473f93ed68	gst-gz-1.0.0-1.src.rpm	gst-gz.spec	PASS
unified_source	crash-worker	src	0	10.0.1	1	32378c0aa53452ba8d7d79d8604df94a7ac754abed74d6849ce1c2905ad8ba1b	crash-worker-10.0.1-1.src.rpm	crash-worker.spec	PASS
base_source	hal-rootstrap-checker	src	0	1.0.0	4.1	32408da39a0ea3d434ea17ec9475380dbcc217a0547d65856a3ddffb32b38211	hal-rootstrap-checker-1.0.0-4.1.src.rpm	hal-rootstrap-checker.spec	PASS
unified_source	wireless-regdb	src	0	2013.01.11	0	324d6e6fad06796770f6930d77f446edb6700211e9fbe5192faddff6af4b8b1b	wireless-regdb-2013.01.11-0.src.rpm	wireless-regdb.spec	PASS
base_source	pkg-config	src	0	0.29.2	1.14	32710401bfacaa0e2b7df84c3a29311fb939d21d50da03d9f86052ae9ac5f292	pkg-config-0.29.2-1.14.src.rpm	pkg-config.spec	PASS
unified_source	smartcard-plugin-nfc	src	0	0.0.11	0	32780467672fc8d7d6349019806afb70736e867743200b1923a6b90f18fcd489	smartcard-plugin-nfc-0.0.11-0.src.rpm	smartcard-plugin-nfc.spec	PASS
unified_source	aurum	src	0	1.0.24	1	32830ebb995f1214b50b027baa58eee87bab0c0230a64651a2573c37b082d49c	aurum-1.0.24-1.src.rpm	aurum.spec	PASS
unified_source	emuld	src	0	0.11.3	0	329faf578da891ade015d773d398b9142153e86a146b3e4b18d95eed80d00aea	emuld-0.11.3-0.src.rpm	emuld.spec	PASS
unified_source	hal-backend-tbm-vigs	src	0	3.1.2	1	32b18309ef1b2d6a1a32f8c4752711d3c6c30273b4bccde831840afeafec4c15	hal-backend-tbm-vigs-3.1.2-1.src.rpm	hal-backend-tbm-vigs.spec	PASS
unified_source	libassuan	src	0	2.5.7	0	33c6490fc541745fe65eb55aa50db3e8c329a76629f4282b65bfd1a1d6e7258d	libassuan-2.5.7-0.src.rpm	libassuan.spec	PASS
unified_source	soundtouch	src	0	2.1.0	0	33e591218f91c020ccd76838b30a282f5e00544f8cb4c95c0297376f76c91d88	soundtouch-2.1.0-0.src.rpm	soundtouch.spec	PASS
unified_source	rust-cfg-expr	src	0	0.15.0	1	33ebc788411ca229355fc59d0c84f74f89681be5a0ae6c35dbe647d64577684a	rust-cfg-expr-0.15.0-1.src.rpm	rust-cfg-expr.spec	PASS
unified_source	sudo	src	0	1.9.17p2	0	3454896884fed61632bb1a38ad90a9f18d46dfac5d847f9695491ed0f44db7f1	sudo-1.9.17p2-0.src.rpm	sudo.spec	PASS
unified_source	libwatchface-complication	src	0	2.2.6	1	349abc6ce53dc9f30f5d4b4818f0931c884ec03797002f195a444240a8d9f4b0	libwatchface-complication-2.2.6-1.src.rpm	libwatchface-complication.spec	PASS
base_source	libxml2	src	0	2.15.1	1.15	3503b32184abbf9bbd0405b487500a784313cc49386445ea24d0e67b4cac8db8	libxml2-2.15.1-1.15.src.rpm	libxml2.spec	PASS
unified_source	lottie-player	src	0	0.2.5	1	3504c39ab97c7241b081d86a5be256369fc2afdc3ea51f00efc605adb9bcdb35	lottie-player-0.2.5-1.src.rpm	rlottie.spec	PASS
unified_source	hal-rootstrap-data-common	src	0	10.0.0	1	35071600e3062e1ec7f1bcb0decbef4edd999cabdc5f5d9d7e72c3eafbc1d5cb	hal-rootstrap-data-common-10.0.0-1.src.rpm	hal-rootstrap-data-common.spec	PASS
unified_source	klay	src	0	0.0.2	0	3557683585816f955363d9536f37b418b5ee37c2a3cfdc5d747cf58475ce6cb8	klay-0.0.2-0.src.rpm	klay.spec	PASS
unified_source	hal-backend-tbm-shm	src	0	3.1.1	1	356fbd71fce0874b02f0ed89494df9bfae8f3b90da360343173dafb40119070d	hal-backend-tbm-shm-3.1.1-1.src.rpm	hal-backend-tbm-shm.spec	PASS
unified_source	noise-suppression	src	0	1.2	2	35bd57defed9223c96946170dcd042fe3df544175e71e06326e51ec369bf849e	noise-suppression-1.2-2.src.rpm	noise-suppression.spec	PASS
unified_source	perl-Try-Tiny	src	0	0.32	1	35ca1577d62293f547f5340d6f9cb9ac4f8e23f2f7d85c7644dbea4402813ba8	perl-Try-Tiny-0.32-1.src.rpm	perl-Try-Tiny.spec	PASS
base_source	vim	src	0	9.1.1918	2.2	360602d41b6b4fdd20f419c631f405a21899cf612b1b9306f115debf52c616c4	vim-9.1.1918-2.2.src.rpm	vim.spec	PASS
base_source	e2fsprogs	src	0	1.46.0	1.12	361d32b7b89aacb9fa7afd289e5d1798685f4529abfafa5a9e721d9db1e52a11	e2fsprogs-1.46.0-1.12.src.rpm	e2fsprogs.spec	PASS
unified_source	tvm-runtime	src	0	0.7.0	0	362df4de4158babee15835ce89f239b13d52a940d9876e78a44687d2cba3ec53	tvm-runtime-0.7.0-0.src.rpm	tvm.spec	PASS
unified_source	bluetooth-tools	src	0	0.8.0	1	363cab96eab75e2594c29b590f35750e1e43b1cc01b9349bab6b3b7c7b7a5892	bluetooth-tools-0.8.0-1.src.rpm	bluetooth-tools.spec	PASS
unified_source	unified-backend	src	0	0.1.1	1	367254b0aea6836b38b6aedb71f35923dc9ea3990b98f7b80367691dbb21e02a	unified-backend-0.1.1-1.src.rpm	unified-backend.spec	PASS
unified_source	audio-hal-emul	src	0	0.1.25	0	36ba081947637ff25cd254608bee15dbd111d85db3d737b335298b44530284aa	audio-hal-emul-0.1.25-0.src.rpm	audio-hal-emul.spec	PASS
unified_source	boot-animation-dali	src	0	1.0.0	1	36cfcc291845634018bc89317d3bce428b823b8d31a02be2706ff566ca85a665	boot-animation-dali-1.0.0-1.src.rpm	boot-animation.spec	PASS
unified_source	capi-base-common	src	0	0.4.82	1	36fce581990467a8c3a5f52985b6d7b8e6888cf0be2e4e3378ddbd129fb7b22e	capi-base-common-0.4.82-1.src.rpm	capi-base-common.spec	PASS
unified_source	default-fonts-fc-sdk	src	0	0.0.5	1	3747fbd6c5920f46c836c7c04f24bd4d294152d2b30bc7110bae65f997dfb645	default-fonts-fc-sdk-0.0.5-1.src.rpm	default-fonts-fc-sdk.spec	PASS
unified_source	wdiff	src	0	1.2.2	1	376126cab6160a951248391574cb224241bc12b1428e69601f4c31eded190f4d	wdiff-1.2.2-1.src.rpm	wdiff.spec	PASS
unified_source	zint	src	0	2.6.7	2	37669dccfb15dbdeabda06e3705b5819678668d735692f65169c8155c898e321	zint-2.6.7-2.src.rpm	zint.spec	PASS
unified_source	sshfs	src	0	2.10	0	378ceed0c673c44ee764f7755b1eebae2b7c7242bdd35c325e97d093b96c65fa	sshfs-2.10-0.src.rpm	sshfs.spec	PASS
base_source	automake	src	0	1.16.5	2.8	37dbcca0c4f3a12cf58d1e4d9600e013d20066cf0d0089e1da025c3c014c9705	automake-1.16.5-2.8.src.rpm	automake.spec	PASS
unified_source	hdf5	src	0	1.10.1	0	37e959ae96d86159dee73f582f5716c94f941b50828363fa37c263d5fcc921f4	hdf5-1.10.1-0.src.rpm	hdf5.spec	PASS
unified_source	rpk-installer	src	0	0.5.6	1	38283e35374081824006d4c8bd800879fa58f242d0af163a2787a5977fa864ef	rpk-installer-0.5.6-1.src.rpm	rpk-installer.spec	PASS
unified_source	org.tizen.cssetting-inputmethod	src	0	1.1.2	1	38575fb7259bee9e5a21ff8d1790ce32c094f01b23ecc932bfe68275957f8904	org.tizen.cssetting-inputmethod-1.1.2-1.src.rpm	org.tizen.cssetting-inputmethod.spec	PASS
unified_source	gobject-introspection	src	0	1.80	0	3920cbe6ddaae070a36fcee1dddd79aa337f4c8b1fa693de71178b28d363bed9	gobject-introspection-1.80-0.src.rpm	gobject-introspection.spec	PASS
unified_source	capi-network-vine	src	0	1.3.5	0	3926c2b04d219f758a4a235f8525d176cac48905f503c1aa67ae866e31148e64	capi-network-vine-1.3.5-0.src.rpm	capi-network-vine.spec	PASS
base_source	lua	src	0	5.1.5	1.15	3938aef612ba2fb7bdfa8e04e2756e14537053aefdc3fb2617d59ab4c3584ad7	lua-5.1.5-1.15.src.rpm	lua.spec	PASS
unified_source	jdk	src	0	1.8.0.281	1	39849b869b7827e17230d78573c3e7791b3c6809865ac18a33abf036d16f4538	jdk-1.8.0.281-1.src.rpm	jdk.spec	PASS
unified_source	lbs-server	src	0	1.3.8	1	3a1833efc6884e3bd784703ea62cb722f3d186a08953c1bc0e7607eaef7df3b7	lbs-server-1.3.8-1.src.rpm	lbs-server.spec	PASS
base_source	zlib	src	0	1.3.1	1.14	3a24f21eadb51a128eb0c571d54d045716c46f623e33205b24bfa7b1bfdf08f0	zlib-1.3.1-1.14.src.rpm	zlib.spec	PASS
base_source	libpciaccess	src	0	0.13.2	1.2	3a2c769a583bb55ac0e47d3ed05f5b6920fc04a2d73e7ccbcfa867875b882c1e	libpciaccess-0.13.2-1.2.src.rpm	libpciaccess.spec	PASS
base_source	qemu-linux-user	src	0	9.2.3.1	3.4	3a7c1041741ad7cf25465ffb76fb291a2d6e572d48809bc63f1880ed940abade	qemu-linux-user-9.2.3.1-3.4.src.rpm	qemu-linux-user.spec	PASS
unified_source	sensord	src	0	10.0.0	1	3a80c08c5e9d8544c19a024f971ff1aea0eda9c81338ff9a41c3318f1cb24806	sensord-10.0.0-1.src.rpm	sensord.spec	PASS
base_source	build-compare	src	0	2023.06.18	1.4	3abf513ffe5e4cf685acb78ec7846afc5e8825e9a03b95fe9398bd3ebbecc99c	build-compare-2023.06.18-1.4.src.rpm	build-compare.spec	PASS
unified_source	yaca	src	0	0.0.6	0	3ad69defdfa3b4d51614a5e796b96c85d8511839ec431634eb2a4157176887e2	yaca-0.0.6-0.src.rpm	yaca.spec	PASS
unified_source	openblas	src	0	0.3.21	1	3ae9e5b6a23a7ad2adea80384032efac6c6714da66a801a25e88eea97d2bca4c	openblas-0.3.21-1.src.rpm	openblas.spec	PASS
unified_source	sessiond	src	0	10.6.20	1	3af577f976e0e507ce04fc790335d1131637f65c6d91dd01f5a3b58842745107	sessiond-10.6.20-1.src.rpm	sessiond.spec	PASS
unified_source	libstorage	src	0	1.0.0	0	3b4f765799ed8d54b442fd52b7402de568323d92c731b37d08b5cf002a3687af	libstorage-1.0.0-0.src.rpm	libstorage.spec	PASS
unified_source	libsolv	src	0	0.7.35	0	3bddabb2dbfd2020bbd3550e25e2d3c095c228349432461070700fd9f2e8b44b	libsolv-0.7.35-0.src.rpm	libsolv.spec	PASS
unified_source	multipath-tools	src	0	0.13.0	0	3bdde4601757e765a974d78d697c1f1e07a6d6af65ff46b4b578f42ff94291fd	multipath-tools-0.13.0-0.src.rpm	multipath-tools.spec	PASS
unified_source	hal-api-camera	src	0	1.2.0	1	3bf99fab7787cd6f9017a753a5fea0976edc56b49d0e6edb3dbde98568345a63	hal-api-camera-1.2.0-1.src.rpm	hal-api-camera.spec	PASS
base_source	xmlstarlet	src	0	1.6.1	1.2	3bfbba8303dbf88fd5db654c64f7672fbe7fc0c43ac01849b800da3c56dc084d	xmlstarlet-1.6.1-1.2.src.rpm	xmlstarlet.spec	PASS
unified_source	python3-rosdep	src	0	0.26.0	1	3c0b3664f4aa5d0065105a7592242ec0cc85629340d5c58a0b877c693c25c4a3	python3-rosdep-0.26.0-1.src.rpm	python3-rosdep.spec	PASS
unified_source	libzypp	src	0	17.23.7	1	3c1f77e833d44c077ca5e4bdfc3613fc204d82b78587661f6ce8fc9bbcdca415	libzypp-17.23.7-1.src.rpm	libzypp.spec	PASS
base_source	smack	src	0	1.3.1	1.12	3c6d37763bb4f8c8450757f61c65f9ee36a7ef0bbdb038c71c26a83a014aff86	smack-1.3.1-1.12.src.rpm	smack.spec	PASS
base_source	gcc-aarch64	src	0	14.2.0	1.4	3ca6ce9f27e4927ff16c4622ff7534d6e255cce137ade2b7df6543c88eaef506	gcc-aarch64-14.2.0-1.4.src.rpm	gcc-aarch64.spec	PASS
unified_source	rust-smallvec	src	0	1.10.0	1	3cd66127eef0539477e3bebb72b76b61e57fec09386ab327d54569afa457f9c8	rust-smallvec-1.10.0-1.src.rpm	rust-smallvec.spec	PASS
unified_source	python3-iso8601	src	0	2.1.0	0	3ce3eab9fd04ae11347f916bf731b2e5778f70d32f8bc77d294d73551f1e1d16	python3-iso8601-2.1.0-0.src.rpm	python3-iso8601.spec	PASS
unified_source	ug-setting-mobileap-efl	src	0	1.0.162	1	3cfbf3c6f9f479b9f68b4d109b5745061134c0e10ca0e66b3ea72b9c49db27d7	ug-setting-mobileap-efl-1.0.162-1.src.rpm	ug-setting-mobileap-efl.spec	PASS
base_source	net-tools	src	0	2.0_20121208git	1.14	3cfc8a230d84dd8b3da977f81333e4123c6aae7ff9dd3e1f196d61e4137ec8ed	net-tools-2.0_20121208git-1.14.src.rpm	net-tools.spec	PASS
base_source	python3-pathspec	src	0	1.0.1	1.5	3d553b3076e6672e911a7d129a10a18ba2d08fbcb6f24518f805991146903397	python3-pathspec-1.0.1-1.5.src.rpm	python3-pathspec.spec	PASS
unified_source	libgbm	src	0	1.1.1	1	3df837740e941306c74f3367e212c77cd9491434b710bc9b4fbff2487612feac	libgbm-1.1.1-1.src.rpm	libgbm.spec	PASS
unified_source	e-mod-tizen-processmgr	src	0	0.2.28	1	3e0767c36ebc4037047575a49ca5fa5eea22214409a14c4a24b8a4c6723ba2d1	e-mod-tizen-processmgr-0.2.28-1.src.rpm	e-mod-tizen-processmgr.spec	PASS
unified_source	capi-system-info	src	0	0.5.2	1	3e080442fc30b76a26d12a0b0aad317bddfaa1d62f02c77fac3249563e029167	capi-system-info-0.5.2-1.src.rpm	capi-system-info.spec	PASS
unified_source	strace	src	0	6.6	0	3e1eab56f2acf53286fddc67dc52226a2c7825811d4f80f21e1aa73c66619ecc	strace-6.6-0.src.rpm	strace.spec	PASS
unified_source	org.tizen.setting-wifi	src	0	1.1.8	1	3e481b3d21d642762e479788363b1543c39a240dcfd4ab135f8f5cfaea31a07a	org.tizen.setting-wifi-1.1.8-1.src.rpm	org.tizen.setting-wifi.spec	PASS
unified_source	python3-idna	src	0	3.11	0	3e97260b6cec77cd6c535053e3155cc68a1882389b594139ee404f36352fae0c	python3-idna-3.11-0.src.rpm	python3-idna.spec	PASS
base_source	intltool	src	0	0.51.0	1.16	3eaa0cdd45d8e5d3a3ef60da1fe9971466e742dad23a6d5c13f7c0121a413b9f	intltool-0.51.0-1.16.src.rpm	intltool.spec	PASS
base_source	python3-lxml	src	0	6.0.2	2.3	3ef7eab5e2d3aa760bf49cf1e685e9983df34282cd60d333d7c60f072aed5acf	python3-lxml-6.0.2-2.3.src.rpm	python3-lxml.spec	PASS
base_source	gettext	src	0	0.21.1	2.12	3f3779139d5c2f14346ccf5266992e1f94a89556d23ab7a799c2d9a15bf1d8f8	gettext-0.21.1-2.12.src.rpm	gettext.spec	PASS
base_source	openssl3	src	0	3.5.5	1.10	3f3ddefd4fdbc97aa269c3004198bc787c92faba6ea835f802e2d4c0d20e7fea	openssl3-3.5.5-1.10.src.rpm	openssl3.spec	PASS
unified_source	libjxl	src	0	0.11.1	0	3f793254b51116ca6c7b31cd6be5f948c3145816f947cb4ce9fc6a90fd6f5f6b	libjxl-0.11.1-0.src.rpm	libjxl.spec	PASS
unified_source	drm-service-core-tizen	src	0	0.3.9	0	3fc81d6fd76db639d7fafa515e001e22b6358cd49f5ebea7fb0e6c7156b6617c	drm-service-core-tizen-0.3.9-0.src.rpm	drm-service-core-tizen.spec	PASS
unified_source	push	src	0	0.7.0	1	3fef3687a3049f08358ecee9c0309de44d7c9183b6aad099a2527a408533fb56	push-0.7.0-1.src.rpm	push.spec	PASS
unified_source	audio-config-sc	src	0	0.1.17	0	3ff3129be3de72f7dd2db043c39c762d4a0d99ccda02f832b2fab03a0494544c	audio-config-sc-0.1.17-0.src.rpm	audio-config-sc.spec	PASS
unified_source	setup-adaptor	src	0	0.3.1	0	40404fd1f2c18ba670e5aed41eaefffc6403edff435f12024989f4f0d23940c9	setup-adaptor-0.3.1-0.src.rpm	setup-adaptor.spec	PASS
unified_source	lcms2	src	0	2.16	0	40508ae921d85d4e22ef496ac30f9916a0d8a0bb3b7bd6d953e687d2747139d4	lcms2-2.16-0.src.rpm	lcms2.spec	PASS
unified_source	GraphicsMagick	src	0	1.3.45	2	40996cbec2c59ca626d3162a64bf83a302878f893a930adb9d037fb8505afc22	GraphicsMagick-1.3.45-2.src.rpm	GraphicsMagick.spec	PASS
base_source	util-linux	src	0	2.41.2	1.12	410136ea97174e6807fadae40744ac2c3297b72b65daae5e3f6ed3530f687a57	util-linux-2.41.2-1.12.src.rpm	util-linux.spec	PASS
base_source	python3-pygments	src	0	2.19.2	1.5	4115b26f4ef032ed9d90115c1b532acdd24c5039a1ac5b6d46dcb64e2ec35390	python3-pygments-2.19.2-1.5.src.rpm	python3-pygments.spec	PASS
unified_source	tizen-watcher	src	0	1.0.7	1	4117a3b86b6529b3bbc880470a452575c818cadbbceb8d321a6fa919bd7d93bf	tizen-watcher-1.0.7-1.src.rpm	tizen-watcher.spec	PASS
base_source	ccache	src	0	4.12.1	2.2	413171e73c06608cde9c41082c17bcccd3ca605246a6f38049b4ecd22609f58a	ccache-4.12.1-2.2.src.rpm	ccache.spec	PASS
unified_source	python3-numpy	src	0	2.4.1	0	4178bdff0b1cabe8fc4c59a750713c95172d8f3df70331237c4b3c6a5a25d288	python3-numpy-2.4.1-0.src.rpm	python3-numpy.spec	PASS
base_source	cereal	src	0	1.3.2	1.1	4184ce9562c0b50acbc752e307718f6c7c8990b0561b9f8a30877530e26d65d2	cereal-1.3.2-1.1.src.rpm	cereal.spec	PASS
base_source	mm-common	src	0	1.0.7	1.1	41ae783476e0ed99d16c82537127b88a8bca1806b5ea3abb7cf13f11bfbd299b	mm-common-1.0.7-1.1.src.rpm	mm-common.spec	PASS
unified_source	hal-rootstrap	src	0	10.0.0	1	421b94509fbb7fcba6a2e5d9818bce0418f04ff1ad9c54ccc37aa4aa4195016d	hal-rootstrap-10.0.0-1.src.rpm	hal-rootstrap.spec	PASS
base_source	libzio	src	0	1.09	1.14	43144e360f86c2f1166088263f57c4c2247d3a9953f49816a361dd6628f5f47d	libzio-1.09-1.14.src.rpm	libzio.spec	PASS
unified_source	perl-XML-Twig	src	0	3.52	1	4347ebb30dbd28c7e4b31fa6a2b494c6a2b509b794463e181ce71f50156f7ff9	perl-XML-Twig-3.52-1.src.rpm	perl-XML-Twig.spec	PASS
base_source	curl	src	0	8.11.0	1.2	4387be200e683d2dc86414f59321c52a3c281ec72c548ef288578585957ec4e1	curl-8.11.0-1.2.src.rpm	curl.spec	PASS
unified_source	building-blocks	src	0	11.0.0	0	43990ee6aeb9076f0b8ba05978fdc48f7a99d88852ef8bec7b50102530bfda5c	building-blocks-11.0.0-0.src.rpm	building-blocks.spec	PASS
unified_source	libmedia-thumbnail	src	0	0.4.10	0	43d31d01f53beb3262b3d2c2cdc5a62473dabde7800ddb921a1bf35ffcc65753	libmedia-thumbnail-0.4.10-0.src.rpm	libmedia-thumbnail.spec	PASS
unified_source	org.tizen.autofill-setting-mobile	src	0	0.2.6	1	44022625b7e8b7acf21aa7423272bfd9cb85e26c229c7b92f1efa58a66f1d722	org.tizen.autofill-setting-mobile-0.2.6-1.src.rpm	org.tizen.autofill-setting-mobile.spec	PASS
base_source	texinfo	src	0	7.2	1.12	445ad7958451750e7768cd0e149cb9486d18dfa27fcfde94f2ada202813e495f	texinfo-7.2-1.12.src.rpm	texinfo.spec	PASS
unified_source	hal-api-device	src	0	1.0.0	0	447092c58a88402e5710829dbc6ad47dda9d92bbc5f8e48f0ff5bae536e9e13f	hal-api-device-1.0.0-0.src.rpm	hal-api-device.spec	PASS
unified_source	erofs-utils	src	0	1.8.10	0	44b5079616cc3231de0ac6eda9b49a3ed5eea9a7cfeaf737793a8596880c8abc	erofs-utils-1.8.10-0.src.rpm	erofs-utils.spec	PASS
unified_source	hal-backend-codec-v4l2	src	0	1.2.4	0	44b69602dd7d0083c285c37379ddfb18a3caec8776d8357d7566a93df6eca243	hal-backend-codec-v4l2-1.2.4-0.src.rpm	hal-backend-codec-v4l2.spec	PASS
base_source	sqlite	src	0	3.51.0	1.14	453b32a06746c9b17dd0a995df3b7cde8707e6213e7627a42f6693d3859df9e7	sqlite-3.51.0-1.14.src.rpm	sqlite.spec	PASS
unified_source	rust-minizip-sys	src	0	0.1.2	1	4578fa56de22fbc712c2f7a99611502ba2f968a2f7947bd0ad0ae95405fbaf85	rust-minizip-sys-0.1.2-1.src.rpm	rust-minizip-sys.spec	PASS
unified_source	oauth2	src	0	0.0.9	1	457c43cd0b5b7a23498379cd76bd3cd16d41e2e5f6b5e1a0e41f52d25d79f57e	oauth2-0.0.9-1.src.rpm	oauth2.spec	PASS
unified_source	capi-media-player	src	0	1.0.8	0	458461a210f07b0cb7446960ff84be3518a1caf47fdae38bbe516b02ef818eb6	capi-media-player-1.0.8-0.src.rpm	capi-media-player.spec	PASS
base_source	python3-nose	src	0	1.2.1	1.1	45aa3b7f318df97e1d1683bcbcf804c5ad90f8a2a93b3e4013568d8382dd01cb	python3-nose-1.2.1-1.1.src.rpm	python3-nose.spec	PASS
unified_source	hal-backend-ml-accelerator	src	0	0.1.0	0	45ba57d6169c9be8115296f477f2000167c362b3a773046d19f35abe72093218	hal-backend-ml-accelerator-0.1.0-0.src.rpm	hal-backend-ml-accelerator.spec	PASS
unified_source	enlightenment	src	0	0.20.0	tz11_2.26.0	4698730910af562bddd13fa30ad71f95433abafb17e1eba86cf3f36f9302071f	enlightenment-0.20.0-tz11_2.26.0.src.rpm	enlightenment.spec	PASS
unified_source	inference-engine-tflite	src	0	0.0.9	0	46b5337367b27218f83ae5f2fa160c17444cec5e6d4cbfd0cff72b62f4c865a8	inference-engine-tflite-0.0.9-0.src.rpm	inference-engine-tflite.spec	PASS
unified_source	kickstarter	src	0	0.17	1	46d2161f18385b3b822557b8bbd0b27d4c660bc755d9f09373fbaca165cbbb51	kickstarter-0.17-1.src.rpm	kickstarter.spec	PASS
base_source	v4l-utils	src	0	1.6.0	7.3	46e0c7fd06dbf45302a23810ee3f6cc0a0177ab52fe8d834fa58cb61d0f717dd	v4l-utils-1.6.0-7.3.src.rpm	v4l-utils.spec	PASS
unified_source	csapi-tizenfx	src	0	15.0.0.19383	1	472490abfd8201b5dc01e412779a0cbebbd7499616e5f09f18a33bac67de9015	csapi-tizenfx-15.0.0.19383-1.src.rpm	csapi-tizenfx.spec	PASS
base_source	python3-mako	src	0	1.3.10	1.4	477283d1cfccb65681dd934d73d318f90ae6500ae6d3b72254b951e8ea2bf92a	python3-mako-1.3.10-1.4.src.rpm	python3-mako.spec	PASS
unified_source	ui-gadget-1	src	0	0.2.12	1	47842da092b7eaf911c538609544c32750268b01b34a93e42d55894bee3e1cfc	ui-gadget-1-0.2.12-1.src.rpm	ui-gadget-1.spec	PASS
unified_source	dali2-toolkit	src	0	2.5.26	1	478e7d35dbffd695941e90e36cf59418aaba2bf603841f21a967199ec65e0585	dali2-toolkit-2.5.26-1.src.rpm	dali-toolkit.spec	PASS
unified_source	rust-crossbeam-epoch	src	0	0.9.14	1	47fda994daadd7eee9cbec6d108b26653b5ba402e15f59c622e1b2db37e7a05a	rust-crossbeam-epoch-0.9.14-1.src.rpm	rust-crossbeam-epoch.spec	PASS
unified_source	capi-network-asp	src	0	0.1.23	1	48029d714268b0a6591b6b6896f33b19203c3a1734229e511070d77d15d07f3c	capi-network-asp-0.1.23-1.src.rpm	capi-network-asp.spec	PASS
base_source	python3-trove_classifiers	src	0	2025.12.1.14	1.5	48214ecb22fc3981a064f2015b9266e3b29772f8e67ca6369be520a16166fb14	python3-trove_classifiers-2025.12.1.14-1.5.src.rpm	python3-trove_classifiers.spec	PASS
unified_source	rust-ctor	src	0	0.1.26	1	489204a121c3605db84ef08ec1bc511ad13fec0af4e9382148a3c2936a3292b3	rust-ctor-0.1.26-1.src.rpm	rust-ctor.spec	PASS
base_source	update-alternatives	src	0	1.22.21	2.2	48e50b97f9a340ea96624eaafb82980fb6a2dcbdc022f774fe53dabc2e7e6462	update-alternatives-1.22.21-2.2.src.rpm	update-alternatives.spec	PASS
unified_source	rust-ahash	src	0	0.8.3	1	49115857750a35db37035e86e71e782a49abda8c2927353b9806ca437f30d5ad	rust-ahash-0.8.3-1.src.rpm	rust-ahash.spec	PASS
unified_source	capi-media-radio	src	0	0.1.21	0	496060704582f9aae904b6ae1bf77aa18937a14a4eba072c1b46652d2d3038c7	capi-media-radio-0.1.21-0.src.rpm	capi-media-radio.spec	PASS
base_source	procps-ng	src	0	4.0.5	2.2	4994a0ea13f082bae16b52d3e21f180d53de32fd52e6a784049bb74a8652448b	procps-ng-4.0.5-2.2.src.rpm	procps-ng.spec	PASS
unified_source	wifi-tethering-manager	src	0	1.0.7	1	499d5512e361aaa5b55bf23bb1dc61b72337b1ba0671f446b61dcb86481259ee	wifi-tethering-manager-1.0.7-1.src.rpm	wifi-tethering-manager.spec	PASS
base_source	openssl3	src	0	3.5.5	1.8	49f7a28e3080b5e108de95b0a510672877aad195acbf85016ed487f318fb6d33	openssl3-3.5.5-1.8.src.rpm	openssl3.spec	PASS
base_source	libarchive	src	0	3.8.1	1.14	4a61d4a092b9e92a05e03dec7901612ce5d050b6f028a0ecbfdf1e24d544215a	libarchive-3.8.1-1.14.src.rpm	libarchive.spec	PASS
unified_source	hal-backend-device-rpi	src	0	0.0.1	0	4a7179fad7694e2b44ff90522222fe61e09419f19d21868649398309072533a4	hal-backend-device-rpi-0.0.1-0.src.rpm	hal-backend-device-rpi.spec	PASS
unified_source	fm-data	src	0	0.0.1	0	4a887390412fe3dd43346b8ac088ceaf1623a101873213f36101d37986458fdc	fm-data-0.0.1-0.src.rpm	fm-data.spec	PASS
unified_source	perl-Module-Implementation	src	0	0.09	1	4a952362325e1003e664d4ade3cf2705b0f4a7404cc9f65dd9f556bf654008d5	perl-Module-Implementation-0.09-1.src.rpm	perl-Module-Implementation.spec	PASS
unified_source	capi-network-mdg	src	0	0.1.1	0	4aea9005caedc9f2d118f90506a9367863b0a15f05434727c0d793aaf1ef3835	capi-network-mdg-0.1.1-0.src.rpm	capi-network-mdg.spec	PASS
unified_source	freetype2	src	0	2.13.2	1	4affeb9e33f743233258a3ea3a73a46ec6e6e1b20ae227fad163d249b321df9f	freetype2-2.13.2-1.src.rpm	freetype2.spec	PASS
base_source	gzip	src	0	1.3.12	1.13	4b1755274d65d108cc2d5f832c1132e139ffba480e8e0171a1ccc1dd8fb54bad	gzip-1.3.12-1.13.src.rpm	gzip.spec	PASS
unified_source	python-typing	src	0	3.7.4.3	0	4b4e6c53c696973457e029c3710e081f5783c46779984b60f78ce49845ba825a	python-typing-3.7.4.3-0.src.rpm	python-typing.spec	PASS
unified_source	lwnode	src	0	1.0.0	1	4b6c79d8b563bc36bdfbbd916676f357f67ec0ac1013e9f2a3486abf35620d3e	lwnode-1.0.0-1.src.rpm	lwnode.spec	PASS
unified_source	rust-serde	src	0	1.0.152	1	4b74ff46987eeb989c14fb286aed187aec24ee187ddd31135ec44d105dd9d2a3	rust-serde-1.0.152-1.src.rpm	rust-serde.spec	PASS
unified_source	python3-hatch-fancy-pypi-readme	src	0	25.1.0	1	4bb10d1fd5787dedcb308a2aae9ed12986e1b8457ac3e261baf8ea2975d1e24b	python3-hatch-fancy-pypi-readme-25.1.0-1.src.rpm	python3-hatch-fancy-pypi-readme.spec	PASS
base_source	perl-Software-License	src	0	0.104006	1.1	4bbc20c8fa0cfbf8bfa0e13ee538f97262787828c484d70df572b628a71b5807	perl-Software-License-0.104006-1.1.src.rpm	perl-Software-License.spec	PASS
unified_source	rust-critical-section	src	0	1.1.1	1	4bbed56176ff97ce06e6d4c24455780df8640899cef4ab3da28e5d9597608c32	rust-critical-section-1.1.1-1.src.rpm	rust-critical-section.spec	PASS
unified_source	libzypp-bindings	src	0	0.7.4	0	4bd37f4716a31d6b03aec32146d285f0c967d7a475e71c44adcc149e67eb4bdd	libzypp-bindings-0.7.4-0.src.rpm	libzypp-bindings.spec	PASS
unified_source	auth-fw	src	0	1.2.0	1	4c31ecf5a714ea0c404596197573e4cd18456614933c38b3899d872417a67ef7	auth-fw-1.2.0-1.src.rpm	auth-fw.spec	PASS
base_source	python3-build	src	0	1.0.3	1.1	4c67d9a997dc5ec45f881537fdb6ecb5a76203fcc4dca23d513ca5efb6f13bf0	python3-build-1.0.3-1.1.src.rpm	python3-build.spec	PASS
base_source	autoconf	src	0	2.71	2.8	4c86844d59ea1d6a8025da797b5f8192c51cb64f3620b71142600a3473fdce02	autoconf-2.71-2.8.src.rpm	autoconf.spec	PASS
unified_source	python3-pathlib2	src	0	2.3.7.post1	0	4c8d273cef4b538404d4fc493d222bb6deeb936f5d4af55707497d8de2f47aaf	python3-pathlib2-2.3.7.post1-0.src.rpm	python3-pathlib2.spec	PASS
base_source	bzip2	src	0	1.0.8	1.14	4d4462284274bd7d97aff97557380d2f845d7a909b474ae34e81da18c5fb9af1	bzip2-1.0.8-1.14.src.rpm	bzip2.spec	PASS
base_source	libffi	src	0	3.4.7	1.14	4d527726bd5e6dcba34189a2081c7d208c099270b744393108dbb5dd08c8dcdd	libffi-3.4.7-1.14.src.rpm	libffi.spec	PASS
unified_source	python3-pycurl	src	0	7.45.7	0	4d640b66fc63a64fa3f7b6e0907fa6e321b7f2060587ca61d7802317c34be5f8	python3-pycurl-7.45.7-0.src.rpm	python-pycurl.spec	PASS
base_source	expect	src	0	5.45.4	2.2	4dca0de84b5fb56b03bda4f4d22dcd35c64481c63a76fa2a14a4f657166c614d	expect-5.45.4-2.2.src.rpm	expect.spec	PASS
base_source	libcap	src	0	2.73	1.12	4df4afeddac593f7a5fa96ea008b616764412003a7203be94188f4f51d70240d	libcap-2.73-1.12.src.rpm	libcap.spec	PASS
unified_source	rust-version_check	src	0	0.9.4	1	4e0500c4bdc70150d8c38cfde7cefdf8a2dca8793acfa7110a6494b9975df79c	rust-version_check-0.9.4-1.src.rpm	rust-version_check.spec	PASS
base_source	v4l-utils	src	0	1.6.0	7.2	4e2e2375d9b57918d6b3f11e3f992988b0f71da302ee754231c4326b74b18415	v4l-utils-1.6.0-7.2.src.rpm	v4l-utils.spec	PASS
unified_source	initrd	src	0	2.2	1	4e7fb4eb795593af1e844602464717bd27e8e124cfc2e22caf2e81585dc61b46	initrd-2.2-1.src.rpm	initrd.spec	PASS
unified_source	flatbuffers	src	0	24.3.25	1	4e9577e0c37155fba9d5e7b4b6ab428d4ff64d643bacf1af684227341ad22076	flatbuffers-24.3.25-1.src.rpm	flatbuffers.spec	PASS
unified_source	perl-namespace-clean	src	0	0.27	1	4ea7ae7dc718589a3d421e8d4ead80f5c30297a72228f62d7d86eb5feb066473	perl-namespace-clean-0.27-1.src.rpm	perl-namespace-clean.spec	PASS
unified_source	kbd	src	0	2.2.0	0	4ed588a0390b9494a7de04bf5f99e32d522ee518e56a320cdbaf831b596ee49a	kbd-2.2.0-0.src.rpm	kbd.spec	PASS
unified_source	nasm	src	0	2.11.05	0	4efb7949a216c78644f491a3f1a950c83d17e53ef312662c4f45deed85ed3fba	nasm-2.11.05-0.src.rpm	nasm.spec	PASS
unified_source	sgml-common	src	0	0.6.3	0	4f2dcbb1be8316d4d364d7d146f5351e80e8c2d72cb8e791d216ebf2fea932dc	sgml-common-0.6.3-0.src.rpm	sgml-common.spec	PASS
unified_source	mtools	src	0	4.0.49	0	4f7b1bea20299cb4fa1b77e2ef6974d5f5f1fa230148ff135c29be5feabec5c6	mtools-4.0.49-0.src.rpm	mtools.spec	PASS
unified_source	libmm-radio	src	0	0.3.8	0	502cf2ee6dcadb1d199fc77b5876e91993941c73642105f9021813c15f3a2a8c	libmm-radio-0.3.8-0.src.rpm	libmm-radio.spec	PASS
base_source	python-nose	src	0	1.2.1	1.1	50395fc16c8d1c34a609fd04e0cdafc1fde7486a9f31c674d12462e76ebb926c	python-nose-1.2.1-1.1.src.rpm	python-nose.spec	PASS
unified_source	rust-proc-macro2	src	0	1.0.51	1	5066623d02bb35c2110ab914d6b9c2c608b7113d8aaf5cdfe4379c55b6916d6f	rust-proc-macro2-1.0.51-1.src.rpm	rust-proc-macro2.spec	PASS
unified_source	perl-Capture-Tiny	src	0	0.48	0	506a890bba6f6b5665fa7ff6150502ebd9938ce0c66e23679c5fa5a9d31a66f1	perl-Capture-Tiny-0.48-0.src.rpm	perl-Capture-Tiny.spec	PASS
unified_source	app2sd	src	0	0.8.2	1	50939f9ee91a606d37a020953dd6df21e94ff26a0e71e424e4d3257750148f7a	app2sd-0.8.2-1.src.rpm	app2sd.spec	PASS
unified_source	hal-backend-security-auth	src	0	1.0.0	0	50a184d5911368330f276699c60e093eb0f7de3ffaa7c7d981c8e07d32d01c90	hal-backend-security-auth-1.0.0-0.src.rpm	hal-backend-security-auth.spec	PASS
base_source	sgml-skel	src	0	0.7.2	2.1	50ae789713c3843cba057b9bff144e10202e737ea70be9346042dd927b373b36	sgml-skel-0.7.2-2.1.src.rpm	sgml-skel.spec	PASS
base_source	jsoncpp	src	0	1.9.6	1.16	50c0c25f60be0456fc13ba4e53409471bdbf815b02c59c1b2d8f0a5289bef71e	jsoncpp-1.9.6-1.16.src.rpm	jsoncpp.spec	PASS
unified_source	batterymonitor-plugins	src	0	0.1	1	50d8c3e2f957bdbf8ac640efddd836b65e1d5186e3dd51ad1abdce6621f03593	batterymonitor-plugins-0.1-1.src.rpm	batterymonitor-plugins.spec	PASS
unified_source	media-config	src	0	0.5.4	0	510eaa313e2a5d035a5d743f15d2bc2d821c1ad6316254ca2e8631b2742ffdfa	media-config-0.5.4-0.src.rpm	media-config.spec	PASS
unified_source	libksba	src	0	1.6.7	1	51482588abd81fe693678631599aa62ac7617eb68d55a8506bbfce12ca83c5ae	libksba-1.6.7-1.src.rpm	libksba.spec	PASS
unified_source	rust-cfg-if	src	0	1.0.0	1	5185b3bfdcaeb2dbd45307ace51e0f18e13072333d2fc868b0d9001ed0e21e5d	rust-cfg-if-1.0.0-1.src.rpm	rust-cfg-if.spec	PASS
base_source	cmake	src	0	3.31.2	1.13	51cfc6735c7f47abc609de71a383625dfbd4d8263b22cbc9e2954bb7276e956c	cmake-3.31.2-1.13.src.rpm	cmake.spec	PASS
unified_source	esd	src	0	1.1.5	1	51ecf8138810ec64139574605a2d86a3cfa8386d3717eb4f1782e3e9a2052a82	esd-1.1.5-1.src.rpm	esd.spec	PASS
unified_source	u-boot-amlogic	src	0	2025.10	0	5208d90f59dee5409285cc452621ca838111fdd81b842712874507f7d8fbc50f	u-boot-amlogic-2025.10-0.src.rpm	u-boot-amlogic.spec	PASS
unified_source	xdelta3	src	0	3.0.11	1	520bf1c861015acead6c20ace86c35da104a6fb26f4acbf01063a8fc5a213571	xdelta3-3.0.11-1.src.rpm	xdelta3.spec	PASS
unified_source	mtp-responder	src	0	0.0.33	1	525274ea9ee882b6a31ea3d25c12840bfd9b9e2c541f31c9c023e8fe27a8a842	mtp-responder-0.0.33-1.src.rpm	mtp-responder.spec	PASS
unified_source	esplusplayer	src	0	1.4.2	1	5260bf1fbe96e771eb7da81b659c19d065266d6f78d341bdb32f78592994d66a	esplusplayer-1.4.2-1.src.rpm	esplusplayer.spec	PASS
base_source	db4	src	0	4.8.30.NC	1.15	5276eb0d4ce0ea74d9d78039c04a5725d4148140e7d42fb79054e6292dfe99bb	db4-4.8.30.NC-1.15.src.rpm	db4.spec	PASS
base_source	autoconf-archive	src	0	2023.02.20	1.14	5288dd3db3698bbc78ce0bd18b31acc0f20b302fecd29868b6fe7a67c323a74c	autoconf-archive-2023.02.20-1.14.src.rpm	autoconf-archive.spec	PASS
unified_source	libcap-ng	src	0	0.8.5	0	52ac9ba22bebfdce821c3f976f7f03ef5b9b4d45c85721f4e441958d66dab317	libcap-ng-0.8.5-0.src.rpm	libcap-ng.spec	PASS
unified_source	tizen-debug	src	0	2.40	1	52cee599319c766bd2d0caf99c5104774ed9f686ffff2f4e0bc22520181ccb12	tizen-debug-2.40-1.src.rpm	tizen-debug.spec	PASS
unified_source	mmi	src	0	2.2.2	0	52ea2f575e6db822eaa77a2588c4fa89c633fcf95368cb311fc5af17e50666ce	mmi-2.2.2-0.src.rpm	mmi.spec	PASS
unified_source	openvpn	src	0	2.5.11	0	52ff37f154b24f3ca258485c93d67199c0e3debe9f57dcd4954023c36d1619f6	openvpn-2.5.11-0.src.rpm	openvpn.spec	PASS
unified_source	lrzsz	src	0	0.12.20	2	532d46309773c50ea1efd96dc7dd74073f61296fb7bee45ecf22d0c2ca3b2ff5	lrzsz-0.12.20-2.src.rpm	lrzsz.spec	PASS
unified_source	perl-Switch	src	0	2.17	1	53752e64316399f5e03cf11ae49ad8f446ebb0241a99e43641a16a3164135706	perl-Switch-2.17-1.src.rpm	perl-Switch.spec	PASS
unified_source	libmm-display	src	0	1.0.0	0	5487a9f07e9a9ee89c74f7daf6904dc3cd616afa24ea315f0d28c39548424a5d	libmm-display-1.0.0-0.src.rpm	libmm-display.spec	PASS
base_source	lttng-ust	src	0	2.14.0	1.3	5499337207d6083e84505f06c8957518be9718db7464959d932701b72e2c146a	lttng-ust-2.14.0-1.3.src.rpm	lttng-ust.spec	PASS
unified_source	org.tizen.webapp-addon-setting_mobile	src	0	1.0.2	3	54d6f9db2a0feb0f453abd66128a99b4450a6c42b8055d0020c1ff4cbef25fea	org.tizen.webapp-addon-setting_mobile-1.0.2-3.src.rpm	org.tizen.webapp-addon-setting.spec	PASS
base_source	patchelf	src	0	0.16.1	1.13	54dcd81ef9ce0a71e3ea7eb8852a6a28447dfc2ca91050951102513cc44210b1	patchelf-0.16.1-1.13.src.rpm	patchelf.spec	PASS
base_source	rpm	src	0	4.14.1.1	2.8	54f72aea6781813c5923f612d00a2013ad224dd1b3ca11f1e76cce61a25e4ce9	rpm-4.14.1.1-2.8.src.rpm	rpm.spec	PASS
base_source	popt	src	0	1.16	1.15	551e14ec0fb6fda710719641ebf88bbdf5d62531c969df90e5497be43e3f3489	popt-1.16-1.15.src.rpm	popt.spec	PASS
base_source	hostname	src	0	3.23	1.3	553a6b0621c4d182cee6d261f0e1df9754a58445d17e9e44c775bd851d7417f1	hostname-3.23-1.3.src.rpm	hostname.spec	PASS
unified_source	system-rw-update	src	0	1.3.0	0	555b3add8037ce1c692a04c7e4eaa948e43cea99db431b0d2b9b8e7a98d956e7	system-rw-update-1.3.0-0.src.rpm	system-rw-update.spec	PASS
unified_source	tensorflow2	src	0	2.18.0	1	5578e8a8bf754bd9d9c3e0d0f2d0c54960dceb4f031cd5215ae2730e93623ce6	tensorflow2-2.18.0-1.src.rpm	tensorflow2.spec	PASS
unified_source	freerdp	src	0	2.3.2	0	55cdd7381e77ff481f86d6decd850e92d26bc2d54c0f98b9dd7550b8d34afa76	freerdp-2.3.2-0.src.rpm	freerdp.spec	PASS
unified_source	hal-backend-device-emulator	src	0	0.0.21	1	55dafabff50110f47b2c02cf2836254cdff881d9b81ccee5962800ff79c2dab0	hal-backend-device-emulator-0.0.21-1.src.rpm	hal-backend-device-emulator.spec	PASS
unified_source	libmm-imgp-gstcs	src	0	1.0.2	0	55e7d3b1f765084f3e0337541e59039ac301555b21a57156c99c18d48c4e9928	libmm-imgp-gstcs-1.0.2-0.src.rpm	libmm-imgp-gstcs.spec	PASS
unified_source	ua-manager	src	0	0.14.18	1	560b6db10d3f0023d1e16e254b8262ddf7266ae3b2ca93f63d901945160383b3	ua-manager-0.14.18-1.src.rpm	ua-manager.spec	PASS
base_source	python-magic	src	0	5.41	2.1	560cd4265993af98430fc09a0ef5f8180f407390ffa73b18f5aaa0adcd2416a8	python-magic-5.41-2.1.src.rpm	python-magic.spec	PASS
unified_source	hal-api-ml	src	0	0.1.0	0	56645222ab85364195f107b856811547d9f0eaa048f92ef0254001a2780bd86e	hal-api-ml-0.1.0-0.src.rpm	hal-api-ml.spec	PASS
unified_source	python3-cryptography-vectors	src	0	2.3	0	5685fcb8a98e1e5a1271304d0178de45a8ed5082b7e03664861550eee56cdacc	python3-cryptography-vectors-2.3-0.src.rpm	python3-cryptography-vectors.spec	PASS
unified_source	xkb-tizen-data	src	0	0.0.7	0	568b47fbdaedc0ce47f2fbd4797acb79862b01d78fa668daeb2070eee775d472	xkb-tizen-data-0.0.7-0.src.rpm	xkb-tizen-data.spec	PASS
unified_source	org.tizen.autofilld	src	0	1.11.2	1	56ad132af039bb59c5a035f53f63ea584b24fe3431f37f62f8dd2b8af756819a	org.tizen.autofilld-1.11.2-1.src.rpm	org.tizen.autofilld.spec	PASS
unified_source	org.tizen.askuser-popup-profile_iot	src	0	2.0.0	0	56f21f7110376e50458a6c7d1c766961d69dc49c68ebd68c219fd9559199553d	org.tizen.askuser-popup-profile_iot-2.0.0-0.src.rpm	org.tizen.askuser-popup.spec	PASS
base_source	python-setuptools	src	0	44.1.1	1.4	56fcd900849720f64c16153d03578856cb40a6787f78663df42e08732f24c6ab	python-setuptools-44.1.1-1.4.src.rpm	python-setuptools.spec	PASS
base_source	libevent	src	0	2.1.12	1.2	578ad52f32ec79f8a0173eb23ea6adc7f9c12995d5fd8cc74e5d4562d67c744a	libevent-2.1.12-1.2.src.rpm	libevent.spec	PASS
unified_source	upgrade-tools	src	0	0.1.0	0	5791b651bd5a74f1afbb6db538a780bbe472505d7fa40493448af641f59bcf2d	upgrade-tools-0.1.0-0.src.rpm	upgrade-tools.spec	PASS
unified_source	org.tizen.homescreen	src	0	1.0.0	1	57d0f22f8c814a0cb532d486af6da47dd6045ad32799753dfc7cc5ac4dbe8361	org.tizen.homescreen-1.0.0-1.src.rpm	org.tizen.homescreen.spec	PASS
unified_source	diagnostics	src	0	1.2.0	1	5828fa016f9f355cd1cf7740067b2891f4b793b62448077c0a32f1fb6d2423eb	diagnostics-1.2.0-1.src.rpm	diagnostics.spec	PASS
unified_source	rust-indexmap	src	0	1.9.2	1	583a65498fd1313c9840548a04d94985d887fe42d1c707b1bf1c8dd47ef2b50f	rust-indexmap-1.9.2-1.src.rpm	rust-indexmap.spec	PASS
unified_source	rust-memoffset	src	0	0.8.0	1	584353ae31d431e199ca537d0217d2364b1da9e40cb65be2ea138e0872d19eda	rust-memoffset-0.8.0-1.src.rpm	rust-memoffset.spec	PASS
base_source	yasm	src	0	1.3.0	2.4	5854cc67a8d5d98de7b8121fdc567c513a86390cf7760d48c692d8c59d33f31d	yasm-1.3.0-2.4.src.rpm	yasm.spec	PASS
base_source	nghttp2	src	0	1.51.0	1.2	587967cace01562c2896798f5a67f743850162fc0e2ace45a2fc739714106968	nghttp2-1.51.0-1.2.src.rpm	nghttp2.spec	PASS
unified_source	python3-rosdistro	src	0	1.0.1	1	5890c568c918c437637a7a49f9562ae488c6c45e7493fd6399f35f9a57fcc2e4	python3-rosdistro-1.0.1-1.src.rpm	python3-rosdistro.spec	PASS
unified_source	u-boot	src	0	2025.10	0	58aca04fd25bfbae18f602466960165a24002e1471e3e19827c93192248a6f1d	u-boot-2025.10-0.src.rpm	u-boot.spec	PASS
unified_source	libheif	src	0	0.1.1	0	58e3eae8268e67176d3a36f11ce6a8686818db42652fdb40347cb8398ea512bb	libheif-0.1.1-0.src.rpm	libheif.spec	PASS
unified_source	account-manager	src	0	0.1.23	1	591806fbfab2aa27b88e11eff233278ec8dbed01d24ed2ef9b7b7ec82a7b7912	account-manager-0.1.23-1.src.rpm	account-manager.spec	PASS
unified_source	python-distribute	src	0	0.6.32	0	59377e1a3faaaac42a049dc552a772683ef4b0ee08eecd079a542a99a57921ef	python-distribute-0.6.32-0.src.rpm	python-distribute.spec	PASS
unified_source	rust-static_assertions	src	0	1.1.0	1	59874d5988db755b258a147195452be1a2ef9b88fc0aa5fff3315d9c46eac70b	rust-static_assertions-1.1.0-1.src.rpm	rust-static_assertions.spec	PASS
unified_source	efl-modules	src	0	0.1.1	1	59e109547e58eb79b62c51cb88f6b804b74bb15bb76a5ef09dd910e06ecb5f16	efl-modules-0.1.1-1.src.rpm	efl-modules.spec	PASS
unified_source	tef-dummy	src	0	0.0.1	0	5a169cf83799a840183aef97121e405841d03d038af9c450df9d76f1e68f5953	tef-dummy-0.0.1-0.src.rpm	tef-dummy.spec	PASS
unified_source	perl-XML-Simple	src	0	2.25	0	5a6ae4041e04795cf22e8b5948aefdbd54086048fdd60718fd27ea03010b17c9	perl-XML-Simple-2.25-0.src.rpm	perl-XML-Simple.spec	PASS
unified_source	python-urlgrabber	src	0	3.9.1	0	5a71b04d3172a2cfe051d6074dafd36eb6de2749f81c7bb321cac5282457c564	python-urlgrabber-3.9.1-0.src.rpm	python-urlgrabber.spec	PASS
unified_source	libwbxml2	src	0	0.11.10	1	5ad1a7e7eaf645a16ee564a13570b402b491d50fbb89a2b4221f174a38d3e969	libwbxml2-0.11.10-1.src.rpm	libwbxml2.spec	PASS
unified_source	behaviortree_cpp_v3	src	0	3.6.1	0	5aed77c7543dbd23dc22b863c003c30b1fafb4131e4d00bd557e0267233eadbf	behaviortree_cpp_v3-3.6.1-0.src.rpm	behaviortree_cpp_v3.spec	PASS
base_source	libnl2	src	0	2.0	2.3	5b24a6c471578fd956050bb5cc508eb8497bd27b7335948fa95a3d90db08f2fb	libnl2-2.0-2.3.src.rpm	libnl2.spec	PASS
unified_source	ot-br-posix	src	0	1.2.0	0	5b4155111d7affbe82505db1804184b0979b4036515fec4b03d2522e529cb339	ot-br-posix-1.2.0-0.src.rpm	ot-br-posix.spec	PASS
unified_source	hwdata	src	0	0.260	1	5b49dabd22a38012786e68556799adde2a78e09e2b096d5d476e5feab7653e48	hwdata-0.260-1.src.rpm	hwdata.spec	PASS
unified_source	libscl-common	src	0	0.11.1	1	5b4e61d1dbb44c9a56b23e3ba55e26ac9b7c131fd58757be26057f2ebe258453	libscl-common-0.11.1-1.src.rpm	libscl-common.spec	PASS
base_source	fdupes	src	0	2.4.0	2.8	5b60abd9d8f118f4c3fe03c8733894c145b5220694effa270f432baf5cf01668	fdupes-2.4.0-2.8.src.rpm	fdupes.spec	PASS
unified_source	ise-engine-glm	src	0	1.0.18	1	5b72ae5354ce8fdf642ab8fc2999724fd6d1c015cfc226c3370cfe198237a8b3	ise-engine-glm-1.0.18-1.src.rpm	ise-engine-glm.spec	PASS
unified_source	libiri	src	0	1.1	1	5b86be6b521d0b03fe863be05ba2f3ac1c12991595793247bde042fca8e33374	libiri-1.1-1.src.rpm	libiri.spec	PASS
unified_source	thorvg	src	0	1.0.0	1	5bd049209bc5746dc55bd54e5ab57f3844e5865bb2beac17ba537a81a7bf69f9	thorvg-1.0.0-1.src.rpm	thorvg.spec	PASS
unified_source	perl-YAML	src	0	1.31	0	5c0ef70a46c5c935432a6b3794ad86a5618791ecc8970e11eb4412f2c11d12fa	perl-YAML-1.31-0.src.rpm	perl-YAML.spec	PASS
unified_source	rust-rustc-std-workspace-alloc	src	0	1.0.0	1	5c519a687064b7899d93d5438f333807770deb21c477c7f812f9772f513f4805	rust-rustc-std-workspace-alloc-1.0.0-1.src.rpm	rust-rustc-std-workspace-alloc.spec	PASS
unified_source	edbus	src	0	1.7.9	0	5c6b0e05621c383a7b782395c65a61230a7c0f324b458e3b78e2f3c9f70625f0	edbus-1.7.9-0.src.rpm	edbus.spec	PASS
unified_source	rust-winnow	src	0	0.4.0	1	5c7b9268fd7994c0ca1dfe7977df44b1663e9ae19a9bdbcb2a293353510b5978	rust-winnow-0.4.0-1.src.rpm	rust-winnow.spec	PASS
base_source	libtool	src	0	2.5.4	1.15	5c916a9075d781c9e68f40206fc09802dca93ae759e1993f16d7f35083b3b2dd	libtool-2.5.4-1.15.src.rpm	libtool.spec	PASS
unified_source	python3-distlib	src	0	0.4.0	1	5c91a7c6cd982ffab5bb31c77ce50ce761f01151f44b234481f4d1f600198ed1	python3-distlib-0.4.0-1.src.rpm	python3-distlib.spec	PASS
unified_source	tizen-locale	src	0	0.1	2	5cc03b9c23c53c773b7760bc3ca4bc853b08dafe8b0e89e7af0007b61f8ec231	tizen-locale-0.1-2.src.rpm	tizen-locale.spec	PASS
unified_source	hal-backend-power-emulator	src	0	1.1.0	1	5cd0e939abd5f66c59c881ef768e25cf6ec2bc9ac265c4c135f769b478db0124	hal-backend-power-emulator-1.1.0-1.src.rpm	hal-backend-power-emulator.spec	PASS
base_source	sqlite	src	0	3.51.0	1.16	5cf81b9fc2ed7ac0d13b5f6882d372d701940a6a285a3f312f259aa5395fda7d	sqlite-3.51.0-1.16.src.rpm	sqlite.spec	PASS
unified_source	pygobject2	src	0	3.55.0	1	5d13b2dd5fd724fe08e6bf16c16943d3f7d107b49b61d5fae26574f7db315e2e	pygobject2-3.55.0-1.src.rpm	pygobject.spec	PASS
unified_source	context-service	src	0	4.0.3	1	5dc1244911edf4523929f56c55147c258efdedb3bab0242fa0c529059c8f61e2	context-service-4.0.3-1.src.rpm	context-service.spec	PASS
unified_source	mused	src	0	0.5.1	0	5dc279a49ce1ca6f006b1f2fad9f41b64eee4c58a4fd92558114089defec83f2	mused-0.5.1-0.src.rpm	mused.spec	PASS
base_source	perl-XML-Parser	src	0	2.47	1.14	5e07357a24007b70b0e6528aa7ea063b8e94392b268674470cf9c2f9b9fe964a	perl-XML-Parser-2.47-1.14.src.rpm	perl-XML-Parser.spec	PASS
base_source	python3-hatchling	src	0	1.28.0	1.5	5e37a7a3c0d4b7a845a1e99d2c143b0013fbca9d04426d7e854f5855beaa4736	python3-hatchling-1.28.0-1.5.src.rpm	python3-hatchling.spec	PASS
unified_source	libwebappenc	src	0	0.1.1	1	5e3aa5bebb4304bbd795a8d2dfe4e7920c7a12ec5f2aa6096436d2d7afc2a4c8	libwebappenc-0.1.1-1.src.rpm	libwebappenc.spec	PASS
unified_source	perl-Net-DBus	src	0	1.2.0	1	5e49875777632e8238af954bdca23e8fe5813d82e67a47615cac20e5a19d8a38	perl-Net-DBus-1.2.0-1.src.rpm	perl-Net-DBus.spec	PASS
unified_source	system-plugin-backend-deviced-mobile	src	0	0.1.0	0	5e4ac1a656161b1fed00f891b33329126fe09be20284b047ad261de403d078c9	system-plugin-backend-deviced-mobile-0.1.0-0.src.rpm	system-plugin-backend-deviced-mobile.spec	PASS
unified_source	capi-mediamuxer	src	0	0.2.1	0	5e5fa185024eec402dbed773fc508b4bbfe4da818ec7016b93c21912313641c0	capi-mediamuxer-0.2.1-0.src.rpm	capi-mediamuxer.spec	PASS
unified_source	flac	src	0	1.3.0	0	5e70bd8a5d25f1df37cee926b355814b98debc2878deb057b4a47420ab430f7c	flac-1.3.0-0.src.rpm	flac.spec	PASS
unified_source	libmtp	src	0	1.1.11	16	5e7e6389c80c4ccc9b0a15fcda906dcbc3a33b2c41b95ea9974dca15ab3a7674	libmtp-1.1.11-16.src.rpm	libmtp.spec	PASS
unified_source	rust-predicates-tree	src	0	1.0.9	1	5ea518161cfde0d06321546ef230addbcbc698fb1bc6e0a64c3ea2a9277721c0	rust-predicates-tree-1.0.9-1.src.rpm	rust-predicates-tree.spec	PASS
unified_source	clat	src	0	1.4	2	5f32a8e66ea9bfec00edd770e328d5d31995825de3eb48661f985adddca53dae	clat-1.4-2.src.rpm	clat.spec	PASS
base_source	python3-MarkupSafe	src	0	3.0.3	1.5	5f4b6ddbb1e5de7f179158167c60a6a4af1107092828a930c13aa588b7d78f20	python3-MarkupSafe-3.0.3-1.5.src.rpm	python3-MarkupSafe.spec	PASS
base_source	python3-flit_core	src	0	3.12.0	1.1	5f7a1fb8530d916443997cd611343dbef1da5a542a3a74110f83fde517fe69d9	python3-flit_core-3.12.0-1.1.src.rpm	python3-flit_core.spec	PASS
unified_source	capi-network-tethering	src	0	1.2.2	1	5fa02f24b89634def12fd1eb5591fe141bd2ab0b8083dc6f6afa1b42a03090bd	capi-network-tethering-1.2.2-1.src.rpm	capi-network-tethering.spec	PASS
base_source	libsigc++	src	0	2.12.1	1.2	5fbcb335427c68d78ea75344fb2458f00e48c73c59cf2b56f56a0917eaa85000	libsigc++-2.12.1-1.2.src.rpm	libsigc++.spec	PASS
unified_source	snpe	src	0	1.53.2	1	5fd910c611d99512f3acc719a2af05f80adddf08e783e2d5fbbefab216c2f133	snpe-1.53.2-1.src.rpm	snpe.spec	PASS
unified_source	perl-XML-SAX	src	0	1.02	6	601e7249acc7de06fd5a7da74af97ced5ec3fbc95eb5d7d47e4e9340df359651	perl-XML-SAX-1.02-6.src.rpm	perl-XML-SAX.spec	PASS
unified_source	dotnet-build-tools	src	0	8.0.404	1	603612cb8099af3974e39814eed49464ed36b31928dc317e2b0e63b689888790	dotnet-build-tools-8.0.404-1.src.rpm	dotnet-build-tools.spec	PASS
unified_source	hal-backend-sensor-emulator	src	0	1.0.4	0	6058339032ae929d1bd4ffc02e51befeb7394fdfc09d29ca476ea51b714bda07	hal-backend-sensor-emulator-1.0.4-0.src.rpm	hal-backend-sensor-emulator.spec	PASS
unified_source	scons	src	0	4.4.0	0	6072462a2e52c62c6015f43c729b13f39b64b49d28fb7835d87d016c1422700d	scons-4.4.0-0.src.rpm	scons.spec	PASS
unified_source	security-manager	src	0	2.4.0	0	60bab27dcf2104f5adbfee99307d070f5ea6b2e235a1fd004b4798fe9f1c935d	security-manager-2.4.0-0.src.rpm	security-manager.spec	PASS
base_source	libpsl	src	0	0.21.0	1.2	60be48340334e303035271f8dd82c908b4c3d6f7548b7ad0f60262e66e2e8389	libpsl-0.21.0-1.2.src.rpm	libpsl.spec	PASS
unified_source	perl-Alien-Build-Plugin-Download-GitLab	src	0	0.01	0	60e11a19dfcb3283c1a4edf374cf455cef357ea28d7c4e16ed5633e9d0f159ff	perl-Alien-Build-Plugin-Download-GitLab-0.01-0.src.rpm	perl-Alien-Build-Plugin-Download-GitLab.spec	PASS
unified_source	python3-py	src	0	1.11.0	1	60fcd45ba862189e033876bc71f3d7505efb89465683b2c70582db5df0f7ea2b	python3-py-1.11.0-1.src.rpm	python3-py.spec	PASS
unified_source	ise-engine-tables	src	0	1.0.11	1	6143b7b2c62b168cd9f8e689792b7b71b4e4c0fe6b0b9fea3ac9c78e47c3a112	ise-engine-tables-1.0.11-1.src.rpm	ise-engine-tables.spec	PASS
unified_source	python3-sqlite	src	0	0.5.4	0	61c03ddfb5c02e23ba8aeaae0ad3a453cba1a6adf2c7e1123c853ff23df5255a	python3-sqlite-0.5.4-0.src.rpm	python3-sqlite.spec	PASS
unified_source	python3-catkin-pkg	src	0	1.1.0	1	6221dcc0026c459fec612616d602fc8fe20d0f4001712beb87fa53c0f2cf5837	python3-catkin-pkg-1.1.0-1.src.rpm	python3-catkin-pkg.spec	PASS
base_source	python3-six	src	0	1.17.0	1.1	62722db96a1aa050031738f5cb8fe776f39660054590d7cd1fa864c08a0a5ade	python3-six-1.17.0-1.1.src.rpm	python3-six.spec	PASS
base_source	iproute2	src	0	5.5.0	1.3	628b390d29e47042e7b3945e51dd8013a6a27b6a98c486715ced31d9318124a2	iproute2-5.5.0-1.3.src.rpm	iproute2.spec	PASS
base_source	python-packaging	src	0	20.8	1.1	62a02b6c8e2827a699bff0b505df84472a7ba10ed9b1a25e6b90b66163ce7e72	python-packaging-20.8-1.1.src.rpm	python-packaging.spec	PASS
unified_source	python3-pretend	src	0	1.0.9	0	62aabf662fa08bdf62367df30cf5d0af036475ea66e1e1e716782fc7369699bd	python3-pretend-1.0.9-0.src.rpm	python3-pretend.spec	PASS
base_source	python3-pygments	src	0	2.19.2	1.4	62ec66e2ae6719f4f57bb41d2dcbdd087d341090c3f8c902559bf8f198d000d3	python3-pygments-2.19.2-1.4.src.rpm	python3-pygments.spec	PASS
unified_source	python3-distro	src	0	1.9.0	1	633306ee686ef6c9d075ea9a821c28ee74798c079ff51f1c08a6b38b55b336a5	python3-distro-1.9.0-1.src.rpm	python3-distro.spec	PASS
unified_source	privilege-info	src	0	0.0.9	1	638aaf9f5dde4656e3614980d2ef1b45466864fe97e4a858bf1f327cc57b3607	privilege-info-0.0.9-1.src.rpm	privilege-info.spec	PASS
base_source	python-libxml2	src	0	2.15.1	1.2	63c629cc7ea0d0e46a14c1e56e07b5c46ba299a15cc4bf6fd5831a26bd26ba23	python-libxml2-2.15.1-1.2.src.rpm	python-libxml2.spec	PASS
unified_source	rust-difflib	src	0	0.4.0	1	6452747d9c147c5add2c18b7031dce676f693b6338deebe19e0a84a2f6fe6f1c	rust-difflib-0.4.0-1.src.rpm	rust-difflib.spec	PASS
unified_source	tpk-manifest-handlers	src	0	1.15.0	1	64609dd164083ab6ec8148d3faf2ce8189fc2f50760e230a08ea5664b27dec8d	tpk-manifest-handlers-1.15.0-1.src.rpm	tpk-manifest-handlers.spec	PASS
unified_source	dbus	src	0	1.12.20	3	64a9049cde9a9123b2bfc7f6f66338653f544e93e4a9dc8affa69aaa67ed8ccd	dbus-1.12.20-3.src.rpm	dbus.spec	PASS
base_source	libxml2	src	0	2.15.1	1.13	64e57d86de142fb6a78f08d07bbb3e0f16f9f2b6eaad1bd9cef1d69d8768b988	libxml2-2.15.1-1.13.src.rpm	libxml2.spec	PASS
unified_source	liblbs-location	src	0	1.4.8	1	64f995381848871999d5b75fa0fb34bdb897801b1e17d3e4cbd180771e473c19	liblbs-location-1.4.8-1.src.rpm	liblbs-location.spec	PASS
base_source	cpio	src	0	2.8	1.2	64f9954157a99024f2d61dffa1a983b1b8bb8631a45fd85c205d31bde63f981c	cpio-2.8-1.2.src.rpm	cpio.spec	PASS
unified_source	rust-toml	src	0	0.7.3	1	6526c65a94bfd295e9896e504815dbb6464ed5c035ce0a450121a80138190dc9	rust-toml-0.7.3-1.src.rpm	rust-toml.spec	PASS
base_source	python3-editables	src	0	0.5	1.4	6537451c2dc109ce73927878c406d4b132cb573af707eb377b536392149ef2c1	python3-editables-0.5-1.4.src.rpm	python3-editables.spec	PASS
unified_source	rust-regex	src	0	1.7.1	1	6581db4e7821696126a397888398f9f26147b75bea13165186598463cecd6987	rust-regex-1.7.1-1.src.rpm	rust-regex.spec	PASS
unified_source	rsync	src	0	3.4.1	1	658995abb3be12cb68592bd6ce6034fd2aa955e753f1285ef9b162afbaff991a	rsync-3.4.1-1.src.rpm	rsync.spec	PASS
unified_source	hal-api-tdm	src	0	1.0	1	65d61c97d7c7d727dc9c6e9eaf30adbf62697d598875cbf9ae5e713b3eb8370a	hal-api-tdm-1.0-1.src.rpm	hal-api-tdm.spec	PASS
unified_source	org.example.gbs-sample	src	0	1.0.0	1	65e23b4f708e25cf7bd0ff6695791a9c38e90ea0354be87c8660d08195b4a085	org.example.gbs-sample-1.0.0-1.src.rpm	gbs_sample.spec	PASS
unified_source	capi-location-manager	src	0	0.8.4	1	65e8b10309e65358b90790ef601952cf38be1d42a3e8451ce21693c5297c8fd4	capi-location-manager-0.8.4-1.src.rpm	capi-location-manager.spec	PASS
base_source	perl-HTML-Tagset	src	0	3.24	1.1	6620c8cbe4bf9c2430588f5a93bd9273cb07cd586c6793443150b4d1784975d5	perl-HTML-Tagset-3.24-1.1.src.rpm	perl-HTML-Tagset.spec	PASS
unified_source	libnfnetlink	src	0	1.0.1	2	666792763b136477791b81568fcceba61efbdb9f0ceca8c4bd262e948dc2d531	libnfnetlink-1.0.1-2.src.rpm	libnfnetlink.spec	PASS
unified_source	libmm-fileinfo	src	0	1.1.5	0	666e756a0297648f6bafe3dd19c697ba507623db1bcb0e1dbb001a4f6ce1f577	libmm-fileinfo-1.1.5-0.src.rpm	libmm-fileinfo.spec	PASS
unified_source	minicoredumper	src	0	2.9.11	0	66aa4bf4c0d2df5ce3765ec0dd0abfa9fd6935496c0924fbb229c867212a4750	minicoredumper-2.9.11-0.src.rpm	minicoredumper.spec	PASS
unified_source	rust-ppv-lite86	src	0	0.2.17	1	66b0584addd46c86b44abb31254eec66445dbd6a41bd4f75199142ab7d148fdb	rust-ppv-lite86-0.2.17-1.src.rpm	rust-ppv-lite86.spec	PASS
unified_source	json-c	src	0	0.18	0	673b630f67c47a56dd1140c941f2b8a665321d0d00d2d33ed51deebc7fe2ab4d	json-c-0.18-0.src.rpm	json-c.spec	PASS
unified_source	yum	src	0	3.4.3	0	674eb655f1f216d33f95542e3779c1250990e4ad4db8ba82561dbc08d598aeaf	yum-3.4.3-0.src.rpm	yum.spec	PASS
unified_source	python3-zipp	src	0	3.23.0	1	678b39cd789c5fe632136c572f8859b1e30d9dc766f9ebcb05d1cbd5f4119ecd	python3-zipp-3.23.0-1.src.rpm	python3-zipp.spec	PASS
unified_source	orc	src	0	0.4.40	0	6792fb2b947d7cb1ccc9bbb8ad5dc651adda287843e39bff18e0e10d2ea5b447	orc-0.4.40-0.src.rpm	orc.spec	PASS
unified_source	device-certificate-manager	src	0	3.0.1	0	6835fb8543729f946ca0638b818e427f66c3e6a03a33305352712ab29ece516b	device-certificate-manager-3.0.1-0.src.rpm	device-certificate-manager.spec	PASS
unified_source	python3-toml	src	0	0.10.2	1	683b4c876329a14dc4f1568e45732eb67d051ee4078f3083f523c8891e753fec	python3-toml-0.10.2-1.src.rpm	python3-toml.spec	PASS
base_source	python-pbr	src	0	5.5.1	1.1	685ace894a3577b9f6f22d83d6f2bd474b8bb8ca626a0819023d62598d5861c4	python-pbr-5.5.1-1.1.src.rpm	python-pbr.spec	PASS
unified_source	app-svc	src	0	0.1.57	0	68770bb32368533eba41080b751f655e66cc83ff00bfc658ae022e60aa8a7aa2	app-svc-0.1.57-0.src.rpm	app-svc.spec	PASS
unified_source	update-desktop-files	src	0	12.1	0	68b88ccf77795f598097956d197f186600bdc5c964d8865c607143b5918a346e	update-desktop-files-12.1-0.src.rpm	update-desktop-files.spec	PASS
unified_source	voice-control-elm	src	0	0.100.2	1	68fe32d033763919bf32e0787bb0989f6a24e18512531f9f74242fc95765acd8	voice-control-elm-0.100.2-1.src.rpm	voice-control-elm.spec	PASS
unified_source	org.tizen.inputdelegator	src	0	0.11.1	1	68ff824ef89a2cbadcb54606e6378315459e3fa77b76ef8db78c9473464fdfba	org.tizen.inputdelegator-0.11.1-1.src.rpm	org.tizen.inputdelegator.spec	PASS
unified_source	hal-api-nfc	src	0	0.0.1	1	6906869c61d13a1dd7f36865dfb8883f8730776dfa6a5558d0528859b552e727	hal-api-nfc-0.0.1-1.src.rpm	hal-api-nfc.spec	PASS
base_source	python-unittest2	src	0	1.1.0	1.1	694bf681a80a423bd1bceeece01b341cb0f0799621abb881f3d2bce0eafbf64b	python-unittest2-1.1.0-1.1.src.rpm	python-unittest2.spec	PASS
unified_source	cryptsetup	src	0	2.6.1	1	698106fa558e5acbed746c36bec4eb7d1e6fc13c0d277d841ba6166a47ca3e8a	cryptsetup-2.6.1-1.src.rpm	cryptsetup.spec	PASS
unified_source	context-common	src	0	4.0.3	1	69c6682b8073309ec7b36ce36a86b14fb46f2205d01bb3b10a9988ac25ea978b	context-common-4.0.3-1.src.rpm	context-common.spec	PASS
unified_source	nnstreamer	src	0	2.7.0	0	69c9734291ea249c2f3403462139a8bb2802cffc3e644306799100ed353cb3b2	nnstreamer-2.7.0-0.src.rpm	nnstreamer.spec	PASS
unified_source	zypper	src	0	1.14.38	0	69e0925f742965c633e56d192b31f329965381cd7f2375a3c4c0a7dc8d7fa9b6	zypper-1.14.38-0.src.rpm	zypper.spec	PASS
base_source	tar	src	0	1.17	2.2	6a1bd40a3d91829468db15131d112355fb381be136d86acc6df626008eadd73a	tar-1.17-2.2.src.rpm	tar.spec	PASS
base_source	libffi	src	0	3.4.7	1.16	6a59fc7f56396ebdbc5cc3e633c967823db61bc804a646209133fc6a7c2bbda7	libffi-3.4.7-1.16.src.rpm	libffi.spec	PASS
base_source	acl	src	0	2.3.2	1.15	6a6e1e63963f9265bb7f5c5f42444059b36bb040696aa9177c71bfb1ad1da45a	acl-2.3.2-1.15.src.rpm	acl.spec	PASS
unified_source	hal-backend-config-generic	src	0	0.0.1	1	6a70613e858115f6e89084e42ff441ccf7ba4ed57a7c422259f94b527ff93a16	hal-backend-config-generic-0.0.1-1.src.rpm	hal-backend-config-generic.spec	PASS
base_source	bpftrace	src	0	0.24.2	3.1	6a7673fa632110916151d662e997b10cf03077c7a43863e39a9b64dab6fc83bd	bpftrace-0.24.2-3.1.src.rpm	bpftrace.spec	PASS
unified_source	org.tizen.cssetting-account	src	0	1.0.2	1	6a95304defbbbd1ee2e2ebce20fe6a2cfdd6ae5f6ba59c21272e589755552c4e	org.tizen.cssetting-account-1.0.2-1.src.rpm	org.tizen.cssetting-account.spec	PASS
unified_source	SDL2	src	0	2.0.14	2	6ad8f3b6c8848f4c59075043e1f92c46bbe317646d17bbd22d1a17ed944c08f8	SDL2-2.0.14-2.src.rpm	SDL2.spec	PASS
base_source	perl-Module-Build	src	0	0.4234	1.1	6af03f3de86c7efce5ef7730eedd8d47defcc2fbd3e573b3b54aa6b20853d20f	perl-Module-Build-0.4234-1.1.src.rpm	perl-Module-Build.spec	PASS
unified_source	ise-engine-thai	src	0	1.0.1	1	6b144bf0bba0d6a2daf2556a4e85bb8978b216cc19f44915a8c5dc1fa47618ea	ise-engine-thai-1.0.1-1.src.rpm	ise-engine-thai.spec	PASS
unified_source	org.tizen.bt-syspopup	src	0	0.10.0	1	6b303be5b0a8461cce0f87f7bfa87203a029929deb63ae50850e8ba47a371ad2	org.tizen.bt-syspopup-0.10.0-1.src.rpm	org.tizen.bt-syspopup.spec	PASS
unified_source	rust-rand	src	0	0.8.5	1	6ba927a5d1c4664299bf17297638a5248b8b3035c3df00ef1bde6aa91e740f79	rust-rand-0.8.5-1.src.rpm	rust-rand.spec	PASS
unified_source	libtracker	src	0	1.0.1	1	6baad23039d76b9f6eb10ed9609ae50da6941e601eccd8a03d0aa0d4b4b3f37c	libtracker-1.0.1-1.src.rpm	libtracker.spec	PASS
unified_source	capi-network-bluetooth	src	0	0.10.0	2	6bf082a4c7e7f992cec2844a8d7988652aa71f8d5fc5d3a0251777dfe80bca49	capi-network-bluetooth-0.10.0-2.src.rpm	capi-network-bluetooth.spec	PASS
unified_source	rust-rustix	src	0	0.36.8	1	6c8e27fcf0e2acab373f2343c9de03a07aa610807b3e20d68bd68f201cc99236	rust-rustix-0.36.8-1.src.rpm	rust-rustix.spec	PASS
unified_source	capi-network-connection	src	0	1.0.126	0	6c9326a2999b0075a60e0dd1f372a3a9ae2f9f0c921a8c22e3bc86a1a896de86	capi-network-connection-1.0.126-0.src.rpm	capi-network-connection.spec	PASS
unified_source	perl-Test2-Suite	src	0	1.302216	0	6cb1ab64f105dd35b7a105506caa6c7380b72a45ac4b0d97b21a8db62e6de10c	perl-Test2-Suite-1.302216-0.src.rpm	perl-Test2-Suite.spec	PASS
unified_source	alarm-manager	src	0	0.14.12	1	6cb26d1da25dc7034cc2efb9c197d6e5714456a629b1d58523282d1fc0a13d70	alarm-manager-0.14.12-1.src.rpm	alarm-manager.spec	PASS
unified_source	capi-media-audio-io	src	0	0.6.3	0	6cc058d257f485cd4f5d6295c5693f6850c2e763a2dd2f15b3024f2aa38babd8	capi-media-audio-io-0.6.3-0.src.rpm	capi-media-audio-io.spec	PASS
unified_source	rust-stable_deref_trait	src	0	1.2.0	1	6cd3fac05b8290dd9b6b79055bcafd855479500a976255cd43a2af23a70e6057	rust-stable_deref_trait-1.2.0-1.src.rpm	rust-stable_deref_trait.spec	PASS
unified_source	cmocka	src	0	1.1.8	1	6ce3bb1b8b5c264dc61519269317929a3d94eecd4fae97ff0bb0d840d519a9b1	cmocka-1.1.8-1.src.rpm	cmocka.spec	PASS
unified_source	rust-quickcheck	src	0	1.0.3	1	6ce74a69e464404c54fd4c4cb6abdbdf8d7c3fdba4c589e08d086ac249a4352b	rust-quickcheck-1.0.3-1.src.rpm	rust-quickcheck.spec	PASS
unified_source	coreprofiler	src	0	1.2.1	1	6cf6e57d0e650ce93e646ee3af677309dab63366387da1b9830ea7f29b58d55f	coreprofiler-1.2.1-1.src.rpm	coreprofiler.spec	PASS
unified_source	perl-Error	src	0	0.17030	0	6cff2364c6ab796085a8e0fd5d3d48f3313ff835b3ec8256507dbaaafe4de40a	perl-Error-0.17030-0.src.rpm	perl-Error.spec	PASS
unified_source	hal-api-hdcp	src	0	1.0.13	0	6d2617109f627ea9fabb1bff3d4710602821e991d3f537aca80519030b2a36f3	hal-api-hdcp-1.0.13-0.src.rpm	hal-api-hdcp.spec	PASS
base_source	expat	src	0	2.7.3	1.13	6d2eed44de703b649c7aec9d58e1c6fa27e9fd618da324c87586dacc7fc8305c	expat-2.7.3-1.13.src.rpm	expat.spec	PASS
unified_source	capi-network-mtp	src	0	1.3.21	1	6d478882be4b1b6cccf1e1f4ddb4c0efd5ef19359ca0c334368f72657fab5e80	capi-network-mtp-1.3.21-1.src.rpm	capi-network-mtp.spec	PASS
unified_source	libsyscommon	src	0	5.0.0	0	6d7425dca6ce945d2cacfeacf50c5c741a20cb5d442bb7e0cdf33cf2c57b83ab	libsyscommon-5.0.0-0.src.rpm	libsyscommon.spec	PASS
unified_source	rust-terminal_size	src	0	0.2.5	1	6d909d98a1dda553af9f9985074501b7262efe3e0817ddbad5bbb5d266b0d00b	rust-terminal_size-0.2.5-1.src.rpm	rust-terminal_size.spec	PASS
unified_source	tayga	src	0	0.9.2	1	6dd949a77edffbe6c5ae1891d35ba6ac42cc18ca5044229374c8bbe2947edf8c	tayga-0.9.2-1.src.rpm	tayga.spec	PASS
unified_source	hal-backend-tbm-dumb	src	0	3.1.2	1	6e8b794bbf34ed4394ea746ca10349fedc8ce9328999061d492cab9f98609893	hal-backend-tbm-dumb-3.1.2-1.src.rpm	hal-backend-tbm-dumb.spec	PASS
unified_source	ccid	src	0	0.1.2	0	6ed2305b3423abe0d0870ff6e3d6d0435e1790c6e0a2e665f671b90e1789671d	ccid-0.1.2-0.src.rpm	ccid.spec	PASS
unified_source	byacc	src	0	20241231	1	6f0a48338116bc40303f75dd4ff25a90dd75b94c39bd2198c704420bce3b158b	byacc-20241231-1.src.rpm	byacc.spec	PASS
unified_source	ca-certificates-tizen	src	0	1.1.5	0	6f1551bec8b16f211a5e4c68a8dae6d60a9a3d84fd3ccf89e7a3ae0432d0904e	ca-certificates-tizen-1.1.5-0.src.rpm	ca-certificates-tizen.spec	PASS
unified_source	privilege-checker	src	0	1.4.0	0	6f2c3569670315595115ed097cb66cb887b0260c540c4ccf8bf81291ba504aa6	privilege-checker-1.4.0-0.src.rpm	privilege-checker.spec	PASS
base_source	grep	src	0	2.5.2	1.14	6f4984eb6ec5ca6445ab46272bbb4719dd11754b51438b77fe8b21ed738a41ca	grep-2.5.2-1.14.src.rpm	grep.spec	PASS
base_source	libxslt	src	0	1.1.43	1.2	6f5415cfe37c2b5c753fc8d7d1663eba4237bb1e663af42f9c9fe608e5570277	libxslt-1.1.43-1.2.src.rpm	libxslt.spec	PASS
unified_source	multi-assistant	src	0	0.3.22	1	6f94fd1ba2b48b409902b5190266e827e92b5b099fffe715d9bae11715c44217	multi-assistant-0.3.22-1.src.rpm	multi-assistant.spec	PASS
unified_source	Open3D	src	0	0.17	2	6f98d1a00fee4609f09e5820024ff51a002865089a6ec15fb3ac1c096f38e4a0	Open3D-0.17-2.src.rpm	Open3D.spec	PASS
unified_source	tidl	src	0	2.7.1	1	6fc254bd34579a29c58503ca83ea63b6ea1cbf44fc705be7e9baee458414c54a	tidl-2.7.1-1.src.rpm	tidl.spec	PASS
unified_source	ca-certificates	src	0	0.0.4	0	70284563caf81f438a953640b26399f458848c2f83e904c72ca3d91049bd60b8	ca-certificates-0.0.4-0.src.rpm	ca-certificates.spec	PASS
base_source	libunistring	src	0	1.4	1.12	7048b0d8844b365e45b6e8355724a8d050d72b2aad15168334d2b51f93bd50c6	libunistring-1.4-1.12.src.rpm	libunistring.spec	PASS
unified_source	liboqs	src	0	0.15.0	0	70713c2fef9492045ed9495a5ce9ef4aec9266899d9d2cebbee290f4182e896f	liboqs-0.15.0-0.src.rpm	liboqs.spec	PASS
base_source	doxygen	src	0	1.14.0	2.2	7099e749459a9e01376fdc7d289481eb5c93a950f28f4877aa8e445d25b1a48e	doxygen-1.14.0-2.2.src.rpm	doxygen.spec	PASS
unified_source	capi-media-camera	src	0	1.4.0	0	70c3948665404444e01a70f38d2b01e73a36c1e9644d155552e93993face11d2	capi-media-camera-1.4.0-0.src.rpm	capi-media-camera.spec	PASS
unified_source	python3-asn1crypto	src	0	1.5.1	0	70f1bca4369a22e0ae88910ea00a3390a0b40eb07320bf6687ba8a8819c42302	python3-asn1crypto-1.5.1-0.src.rpm	python3-asn1crypto.spec	PASS
unified_source	perl-Variable-Magic	src	0	0.64	1	7107f56e7bebfbc413d84bd555aad966401e282799e80dff8e50385a7b2077f5	perl-Variable-Magic-0.64-1.src.rpm	perl-Variable-Magic.spec	PASS
unified_source	org.tizen.screen-reader	src	0	0.0.8	1	71331cad2424da090dbc5af326e8296659d73fb64043e9e93f366da9ebb429d7	org.tizen.screen-reader-0.0.8-1.src.rpm	org.tizen.screen-reader.spec	PASS
unified_source	liboauth	src	0	1.0.3	1	7135fdabe97e8234becb202846c59446d285acc4abf3cc8242916753ecf6c2ed	liboauth-1.0.3-1.src.rpm	liboauth.spec	PASS
unified_source	firmware-update-system-ui	src	0	1.2.13	0	714d1d9406d354077da0525f95b854c3a1a8fe238534dbe9c7bc1325202d785d	firmware-update-system-ui-1.2.13-0.src.rpm	firmware-update-system-ui.spec	PASS
unified_source	eigen	src	0	3.4.0	0	717bed94e16c65bbece7973a3309422a8b1b84b8566119d949d101e3a8b2fae2	eigen-3.4.0-0.src.rpm	eigen.spec	PASS
unified_source	libtbb	src	0	2019U3	0	71c84e1be1c34123b66092e0039e111ed2ed2d61ed16753ba04a755714a2b134	libtbb-2019U3-0.src.rpm	libtbb.spec	PASS
base_source	alsa-utils	src	0	1.2.12	3.2	720836c334fed4fdd157758fb8373943b2949188afce8adbe9a95374528ad9d8	alsa-utils-1.2.12-3.2.src.rpm	alsa-utils.spec	PASS
base_source	llvm	src	0	22.1.8	19.1	7209677ebee22df1277ebceb04ce59a8d2706cf307744d639b76a5fa314b1fba	llvm-22.1.8-19.1.src.rpm	llvm.spec	PASS
unified_source	python3-atomicwrites	src	0	1.4.1	0	7231b1d7ddf2d1e57020e6b41073d5ba7ce63e288eef70d89f0e0bb2738375d8	python3-atomicwrites-1.4.1-0.src.rpm	python3-atomicwrites.spec	PASS
unified_source	snappy	src	0	1.1.7	0	726ca441244bcbd107aafdb5d950e9e03bbcbbdea355932984336c28ec7e839f	snappy-1.1.7-0.src.rpm	snappy.spec	PASS
unified_source	hal-backend-device-rubikpi3	src	0	1.0	0	729ba3d2acfa39a26c4feec523d8303f06b1226dc46a0976524fe8ee88050766	hal-backend-device-rubikpi3-1.0-0.src.rpm	hal-backend-device-rubikpi3.spec	PASS
unified_source	perl-XML-NamespaceSupport	src	0	1.12	0	72a318fc23aacd36a18720b7a53c0c11f263e5250c0b494779b2fac2beb446f5	perl-XML-NamespaceSupport-1.12-0.src.rpm	perl-XML-NamespaceSupport.spec	PASS
unified_source	hal-backend-sensor-rpi	src	0	1.0.4	0	7317a3cc585bf03c1e1006610273b92dae4c8de158e1ecde96a8aefe9215b1bd	hal-backend-sensor-rpi-1.0.4-0.src.rpm	hal-backend-sensor-rpi.spec	PASS
unified_source	rust-concolor-override	src	0	1.0.0	1	7393c4623dd5cdfb54d2ea8ca90f3b52e74af09021d041297432114706efdb9b	rust-concolor-override-1.0.0-1.src.rpm	rust-concolor-override.spec	PASS
unified_source	autofill-config-tv	src	0	0.1.11	1	7396539b60545fb030f3bf783884617d23bf58eac4fcf941b7333097d1aab3ce	autofill-config-tv-0.1.11-1.src.rpm	autofill-config-tv.spec	PASS
unified_source	python3-Cheetah	src	0	3.4.0.post5	0	73a029203adecfa3b6d235ca33c87a1422f874d823ebecc6a5264673e1416abf	python3-Cheetah-3.4.0.post5-0.src.rpm	python3-Cheetah.spec	PASS
base_source	hostname	src	0	3.23	1.2	73b56d648682685006196ced393cba60bf0a929af2d2c443ba03c8d9c59bd432	hostname-3.23-1.2.src.rpm	hostname.spec	PASS
base_source	pcre2	src	0	10.47	2.2	73cef52213cf78d0df67d2e88e714582ad5d84689997358e81609c9dc4b42d2e	pcre2-10.47-2.2.src.rpm	pcre2.spec	PASS
base_source	db4	src	0	4.8.30.NC	1.13	73dbb706f376b27bf26bbf53b93232511e39c7754b48ef3fd0d93ea8ca5b21f3	db4-4.8.30.NC-1.13.src.rpm	db4.spec	PASS
unified_source	desktop-file-utils	src	0	0.28	1	73f61929c3e0ed5acb50a1b7e3929a8eb7964f0781530b8e6386eb4b59efaf88	desktop-file-utils-0.28-1.src.rpm	desktop-file-utils.spec	PASS
base_source	python3-pluggy	src	0	1.6.0	1.4	7428cd8a18c85fc1d01733dafe4d223ae5ee592681df99cdf72264c7b6a563a9	python3-pluggy-1.6.0-1.4.src.rpm	python3-pluggy.spec	PASS
base_source	libwebp	src	0	1.4.0	1.3	743fcd9a0b89b254ecec17dd2847ffd18491f3c26a58858e6fdccc867eced4c1	libwebp-1.4.0-1.3.src.rpm	libwebp.spec	PASS
unified_source	webauthn-ble	src	0	1.0.8	1	7493dd5629d858bb2630c255bf0f515f0e83758fed7113cf36af69d9428b1c6b	webauthn-ble-1.0.8-1.src.rpm	webauthn-ble.spec	PASS
unified_source	rust-either	src	0	1.8.1	1	74abd0bffc5c5316c0926b280a8d6f3adb2fc64a91be2e9c27c645263310c835	rust-either-1.8.1-1.src.rpm	rust-either.spec	PASS
unified_source	intel-movidius-firmware	src	0	1.0.0	0	74c47032108c0899140ce574eba25eca0c2fa4742eba88c65cc50e3faa91c0a9	intel-movidius-firmware-1.0.0-0.src.rpm	intel-movidius-firmware.spec	PASS
unified_source	batterymonitor	src	0	0.0.7	1	74eeb15ec255ce324d56f14407216e42fa3bfbc0559523db53228ba1d65d0b9b	batterymonitor-0.0.7-1.src.rpm	batterymonitor.spec	PASS
unified_source	capi-telephony	src	0	0.3.0	1	74f866d1767bf0100d038afbc99ef9e4cc058f681cbd75ec6ac14edc267237ca	capi-telephony-0.3.0-1.src.rpm	capi-telephony.spec	PASS
unified_source	python-pycrypto	src	0	2.6.1	0	7514a450a07cebc1424f6be4ea88a1c8138af0bb25b7d586cb95f186ff651c6b	python-pycrypto-2.6.1-0.src.rpm	python-pycrypto.spec	PASS
base_source	libgpg-error	src	0	1.51	1.2	75205125f3ae21acd639e8bf96db65f453e96ab7962278e05ee854f0d4abe6b7	libgpg-error-1.51-1.2.src.rpm	libgpg-error.spec	PASS
base_source	libdrm	src	0	2.4.131	1.2	757d3721df32ee35c4e45fa961bb6da81376f957664cb074860b976cc6853154	libdrm-2.4.131-1.2.src.rpm	libdrm.spec	PASS
unified_source	dynpart-tools	src	0	1.0	1	75c78536e31289f56d03069f6e7efab54d310ef4398a4953e6957bfaeca5e2cd	dynpart-tools-1.0-1.src.rpm	dynpart-tools.spec	PASS
unified_source	edgetpu-runtime	src	0	12.1	0	75d52d000acdafa3042e8b0b6b05ae758515a1694483528193a3c7fe78a9fa64	edgetpu-runtime-12.1-0.src.rpm	edgetpu-runtime.spec	PASS
base_source	gettext	src	0	0.21.1	2.14	75dab723774bfaed05c660558720bfd06a18407f098953e4a1a7b9cd1c3fa66a	gettext-0.21.1-2.14.src.rpm	gettext.spec	PASS
base_source	glibc	src	0	2.40	2.9	75e10f9aff59f4acf29ec432d73d7813dd8450729f1b46f6e88854903ec9309d	glibc-2.40-2.9.src.rpm	glibc.spec	PASS
base_source	gn	src	0	20210313	1.2	760e41bc0d7a3d4d5152d0d50faf99dc06d852197635efef0ea5bcfc61567f62	gn-20210313-1.2.src.rpm	gn.spec	PASS
unified_source	attach-panel-voicerecorder	src	0	0.1.0	1	76548511008224aaf07aeb1d82219121829514427e80776baa1e05b46e6be966	attach-panel-voicerecorder-0.1.0-1.src.rpm	attach-panel-voicerecorder.spec	PASS
base_source	python3-pathspec	src	0	1.0.1	1.4	76d10224bc6b1863a0509f4c32ba303eecaa211f02b8edfc5c8e9fccb21fd89e	python3-pathspec-1.0.1-1.4.src.rpm	python3-pathspec.spec	PASS
unified_source	resource-center-api	src	0	0.1	1	771bb4e247d7f30376924f3ec5dbea8819a65c4396b3b01149102572bdcaaf2b	resource-center-api-0.1-1.src.rpm	resource-center-api.spec	PASS
unified_source	capi-system-peripheral-io	src	0	0.4.3	0	7758b381d992f4208863da15cf70859ec3879d75be70a8631a4b9dcab3654c78	capi-system-peripheral-io-0.4.3-0.src.rpm	capi-system-peripheral-io.spec	PASS
unified_source	hal-api-sensor	src	0	0.0.1	1	778c7b37c83c47156674527e8b96fe7acd47f5898b704be19434518e0c1998f4	hal-api-sensor-0.0.1-1.src.rpm	hal-api-sensor.spec	PASS
unified_source	ise-engine-anthy	src	0	1.0.12	1	77e3de9a6b6dbae008c0caf3b45747399f3b42c54fdb40457e806b9f65ae7060	ise-engine-anthy-1.0.12-1.src.rpm	ise-engine-anthy.spec	PASS
base_source	openfst	src	0	1.8.4	2.2	77ef3acdfdfa655718977e31377779595458ed1e437a3eff6c1d816afce92ea1	openfst-1.8.4-2.2.src.rpm	openfst.spec	PASS
unified_source	rpi4-linux-kernel	src	0	6.12.80	0	78002bda58eee4e8951283cf54ce228fe4810ca9045d178f400e4a7c9a7bc423	rpi4-linux-kernel-6.12.80-0.src.rpm	linux-rpi.spec	PASS
unified_source	media-server	src	0	0.8.16	0	780de107f1f2ab7fe509c5e1707e7fb752262d0c29169eafd39d53b6327913e2	media-server-0.8.16-0.src.rpm	media-server.spec	PASS
base_source	tzdata	src	0	2025b	2.2	780f686696db5cd23a46be227dace5da4b8958db9ac09db76aa72fd5caf1f471	tzdata-2025b-2.2.src.rpm	tzdata.spec	PASS
unified_source	sqlcipher	src	0	4.6.1	0	787198093352d7baa216679cf1955b835b53a10445e91ad61a9492288051316d	sqlcipher-4.6.1-0.src.rpm	sqlcipher.spec	PASS
base_source	gdbm	src	0	1.8.3	1.14	787660166bf8d7686baf2a389b4d0df0b3bfc8e0eefbc082c018cc8011f8aed7	gdbm-1.8.3-1.14.src.rpm	gdbm.spec	PASS
base_source	python-MarkupSafe	src	0	1.0	1.1	787c45edd3b25fdd09d9cd5a0278f7debb7da9c0031b21afeed38eb97e95fccd	python-MarkupSafe-1.0-1.1.src.rpm	python-MarkupSafe.spec	PASS
unified_source	capi-media-tone-player	src	0	0.2.12	0	78e5429ee8da64cdc67e1c7b241251abbfadeed304f8976254dbcb6e33f6b036	capi-media-tone-player-0.2.12-0.src.rpm	capi-media-tone-player.spec	PASS
base_source	libvorbis	src	0	1.3.7	1.2	78eb455c0b58d9aba6c8a58493e5b105ff3454460ed39da37a938264166f5c5b	libvorbis-1.3.7-1.2.src.rpm	libvorbis.spec	PASS
base_source	e2fsprogs	src	0	1.46.0	1.14	79458fd7cbc04e098dcca567b7c0d90fd8bf1f4f303dadeafebd0f11846e0f54	e2fsprogs-1.46.0-1.14.src.rpm	e2fsprogs.spec	PASS
unified_source	capi-media-recorder	src	0	1.0.4	0	7a96ba236da6fb5e0c5e29f6fe716a02e26e68c59f13793606923da0f54a0816	capi-media-recorder-1.0.4-0.src.rpm	capi-media-recorder.spec	PASS
unified_source	libzip	src	0	1.11.4	1	7ac5c3deeaeb8e128bb6f427cf6207ed5e77a9dbd4651f1d0ece53ed22174239	libzip-1.11.4-1.src.rpm	libzip.spec	PASS
unified_source	hal-backend-hdcp-generic	src	0	1.0.2	0	7aff6b0c8b117f2fa49f100019a24be80e4ff7130f502826953cc649e05e69f1	hal-backend-hdcp-generic-1.0.2-0.src.rpm	hal-backend-hdcp-generic.spec	PASS
unified_source	nv-kernel-display-driver	src	0	36.4.4	0	7bbaa1346a5b22e823f4f331519edc48eb25e4e0e561682d79aa32feaca1489a	nv-kernel-display-driver-36.4.4-0.src.rpm	nv-kernel-display-driver.spec	PASS
unified_source	tizen-core	src	0	0.4.2	0	7bd477d21809224ff3df4fbf67c58c1c485ec06c0ead48ec6da07d1fc4a286fd	tizen-core-0.4.2-0.src.rpm	tizen-core.spec	PASS
base_source	xmlsec1	src	0	1.3.9	1.3	7c2fce481fca71082443be56aa27fa35fa6ea071ff6aca9331b29ee9c217b55f	xmlsec1-1.3.9-1.3.src.rpm	xmlsec1.spec	PASS
unified_source	python3-dateutil	src	0	2.9.0.post0	1	7c50f1ceaba973db80ec6e15efa55850b798050d24bf1d84f3c0f352b2f6d451	python3-dateutil-2.9.0.post0-1.src.rpm	python3-dateutil.spec	PASS
unified_source	app-rootstrap	src	0	10.0.0	1	7c5ac6d0027c7b534d9fc76d2cfb346dcb26ea673574c38b3b05c13f70f70d35	app-rootstrap-10.0.0-1.src.rpm	app-rootstrap.spec	PASS
unified_source	openal-soft	src	0	1.17.2	18	7cc4608a37a53047792b4e5b96421f3d2429c244c4f8838d5b2f1ee64fda916d	openal-soft-1.17.2-18.src.rpm	openal-soft.spec	PASS
unified_source	stc-iptables	src	0	0.0.26	0	7ce3db1f8ed9993c424ffcfff901d5d994248b5a5a25808832561312791532a3	stc-iptables-0.0.26-0.src.rpm	stc-iptables.spec	PASS
unified_source	wrtjs	src	0	1.1.1	1	7d668070f2d819fbeefb10f5b3cc0151ac996c92e540fe4539b0330e37eba04f	wrtjs-1.1.1-1.src.rpm	wrtjs.spec	PASS
unified_source	capi-system-usbhost	src	0	0.0.2	1	7d900266cec8b5765385f8f96b5e32141ed988a4d00b8796a4e795bde3e42182	capi-system-usbhost-0.0.2-1.src.rpm	capi-system-usbhost.spec	PASS
unified_source	rnnoise	src	0	0	0.4	7ddabfc6acdc5601745fe12069311218ea0675df0e1d6682533565e65c84c166	rnnoise-0-0.4.src.rpm	rnnoise.spec	PASS
base_source	mtdev	src	0	1.1.6	1.2	7dfbc23452a9af78d681a6a69e8a5d41e22a1d18f9d1871b7f9a3b235e85d835	mtdev-1.1.6-1.2.src.rpm	mtdev.spec	PASS
unified_source	libinput	src	0	1.27.2	0	7e074a564afb19346a7cba23310516f44f64170ab1520c421d68a12101abaffe	libinput-1.27.2-0.src.rpm	libinput.spec	PASS
unified_source	isf	src	0	11.1.28	1	7e19a1a423cac1f51fda485662198bff0451a8a70dfe8ba9a64801ae722c442c	isf-11.1.28-1.src.rpm	isf.spec	PASS
unified_source	hal-backend-device-c4	src	0	0.0.1	0	7e26d397688fb8b4c78e1dac4618d42c3ca14cfa1cd9cfbddc52181b15f65651	hal-backend-device-c4-0.0.1-0.src.rpm	hal-backend-device-c4.spec	PASS
unified_source	system-plugin-backend-deviced-headed	src	0	0.1.0	0	7e7d4b62bd4c0d1e6baf677945f20cd2df20355a450d8d23a5c9e3742ae4ad41	system-plugin-backend-deviced-headed-0.1.0-0.src.rpm	system-plugin-deviced-headed.spec	PASS
base_source	perl-TimeDate	src	0	2.33	2.1	7ea9290588ad67dbef3d2d4291ab056a1e077e10983a103125db44a0deed1bea	perl-TimeDate-2.33-2.1.src.rpm	perl-TimeDate.spec	PASS
unified_source	launchpad	src	0	0.50.17	1	7ee0118a33688624a1232384041e26b9a9dc813d6fcda2b906471d575000a6a0	launchpad-0.50.17-1.src.rpm	launchpad.spec	PASS
unified_source	dfs-adaptation	src	0	1.0.10	1	7ef6c9b5d9aaf7bfe89762ff9695378ba6f8382fe74dfb90860b9458dd9c0b10	dfs-adaptation-1.0.10-1.src.rpm	dfs-adaptation.spec	PASS
base_source	attr	src	0	2.5.1	1.14	7f0fdcdabb2ef98aba62a53df30ea8bc2065438dd5edff7763bcbefcd87770d6	attr-2.5.1-1.14.src.rpm	attr.spec	PASS
base_source	automake	src	0	1.16.5	2.10	7f20e65eef0d0f3673203d8865823b1dc30e127bd28625613e8dae6dfccd6370	automake-1.16.5-2.10.src.rpm	automake.spec	PASS
base_source	findutils	src	0	4.3.8	1.14	7f65e6886000df0330dbe4a26a950fa5e55bb0de80a8e65d47ed33f6ceaeed16	findutils-4.3.8-1.14.src.rpm	findutils.spec	PASS
unified_source	rust-no-panic	src	0	0.1.21	1	7f75bc1bf75fad374eeba2d9e60b352fde8402d76a9c66b7f55857405af5836e	rust-no-panic-0.1.21-1.src.rpm	rust-no-panic.spec	PASS
unified_source	perl-Alien-Libxml2	src	0	0.20	0	7f7ab991c345e41b2018b023fc06c2cb87dcfa6c8955005b924483f0317de87b	perl-Alien-Libxml2-0.20-0.src.rpm	perl-Alien-Libxml2.spec	PASS
base_source	ncurses	src	0	6.6	1.13	7f944519bd794f33a68cdde66d6fa2ea6140a347ab88b97a77523ce974c0ca96	ncurses-6.6-1.13.src.rpm	ncurses.spec	PASS
unified_source	appcore-agent	src	0	1.7.7	1	804b11ee49715b308be768deab226691695e68b1dda67fbcbd8314a2112365de	appcore-agent-1.7.7-1.src.rpm	appcore-agent.spec	PASS
unified_source	tlm	src	0	1.0.3	1	804f05e2183ecb743c15dfaf7b3cd18fd5b046deeb01ba7b08f12add8399cb6f	tlm-1.0.3-1.src.rpm	tlm.spec	PASS
base_source	python3-setuptools_scm	src	0	9.2.2	1.4	805f50bdf0155c6d78d296576de689db96b32b2d083213d7110d5da5605f5bb6	python3-setuptools_scm-9.2.2-1.4.src.rpm	python3-setuptools_scm.spec	PASS
base_source	taglib	src	0	1.13.1	1.2	810db4f2deae3da2d561552cff592c86c9e2f372d1e0f3e51086d9d6cee57c5b	taglib-1.13.1-1.2.src.rpm	taglib.spec	PASS
base_source	flex	src	0	2.6.4	1.15	814b32651f9eecbc90d3a12d0e8af9dd43be6523ba9ea1ffd72106da5d086375	flex-2.6.4-1.15.src.rpm	flex.spec	PASS
unified_source	hal-api-tbm	src	0	1.1	1	817a54fa4b5db1d2866c0b12c8b280ccf1aad6fc4d399266543780cb0faf1847	hal-api-tbm-1.1-1.src.rpm	hal-api-tbm.spec	PASS
unified_source	vc-webview-js	src	0	0.0.1	1	81ca02bfa09df60e3491b1401872379a3c5a167ce590d5c21106e4e62b1c0ce8	vc-webview-js-0.0.1-1.src.rpm	vc-webview-js.spec	PASS
unified_source	tinycompress	src	0	1.1.8	1	81cbcd06783e59867b4905a72e08b4f42a5ca321bc5e921a926a3df8265ced52	tinycompress-1.1.8-1.src.rpm	tinycompress.spec	PASS
unified_source	ncnn	src	0	20240102	1e88fb8	81d573d7ab19689e8857365f4e4d1eb8c94ba9ee08af62587930eab7585075ae	ncnn-20240102-1e88fb8.src.rpm	ncnn.spec	PASS
unified_source	rust-serde_derive	src	0	1.0.152	1	81df936458ad732da1f882b4f633023d744f62a64ce5169fed09590413173af6	rust-serde_derive-1.0.152-1.src.rpm	rust-serde_derive.spec	PASS
base_source	nghttp2	src	0	1.51.0	1.3	8255c05086587d8ec8570fd52507bac5af313b426b2b0e757d2a767a83d22564	nghttp2-1.51.0-1.3.src.rpm	nghttp2.spec	PASS
unified_source	meta-generic	src	0	0	0	82ae8300df78083bce0617532aed4a4eae21a52432283a0a27966f28b6b25346	meta-generic-0-0.src.rpm	meta-generic.spec	PASS
unified_source	rust-value-bag	src	0	1.0.0_9	1	82c8f4f4a04bc443874682e42317467edcfa4edfc7c514889df0400687954217	rust-value-bag-1.0.0_9-1.src.rpm	rust-value-bag.spec	PASS
unified_source	download-provider	src	0	2.4.4	0	82ea7bfa242017100824fa3fd8a1fb0cc0a9ec0007c128ba799f4e9eb22d9ae1	download-provider-2.4.4-0.src.rpm	download-provider.spec	PASS
unified_source	capi-network-http	src	0	0.0.39	0	832a9ce4f857d32b98d93b1a559080f291f1a90fc395b65e6d3395d9f7fa1e9f	capi-network-http-0.0.39-0.src.rpm	capi-network-http.spec	PASS
unified_source	capi-content-media-content	src	0	0.6.12	0	832c0a47b7be41d3f9468b4e5926aba457311217983c1d0759381b602ba5d373	capi-content-media-content-0.6.12-0.src.rpm	capi-content-media-content.spec	PASS
unified_source	libds	src	0	0.1.20	0	838e65a45c940f156e832219672d43e5743869ee9647d2572826c6ac72267445	libds-0.1.20-0.src.rpm	libds.spec	PASS
unified_source	vulkan-loader	src	0	1.3.296	0	8441595715302f89aa8ae2d94c798d4ddbb01a3ce26b884262cf0af19770ec52	vulkan-loader-1.3.296-0.src.rpm	vulkan-loader.spec	PASS
unified_source	hal-backend-power-generic	src	0	1.1.0	1	846b7faab54cceed137e5a16179ea050470329634e0c84a271d7bb00001ce6ac	hal-backend-power-generic-1.1.0-1.src.rpm	hal-backend-power-generic.spec	PASS
unified_source	capi-network-wifi	src	0	1.0.88	1	84971f80372500ea5ed23956edf63ae38dfc448983d6a9eca473fd1cd7935441	capi-network-wifi-1.0.88-1.src.rpm	capi-network-wifi.spec	PASS
base_source	lua	src	0	5.1.5	1.13	84cb23224c9f1b88ef8c70cfe9f193cde7e502c2ee0fa6da6a4db16d2247d39e	lua-5.1.5-1.13.src.rpm	lua.spec	PASS
unified_source	rust-bytes	src	0	1.4.0	1	84ce2a912e88f9da55f236a3797af75fb048ce56ef616b04c7e7d28b6b0db4c9	rust-bytes-1.4.0-1.src.rpm	rust-bytes.spec	PASS
unified_source	yum-metadata-parser	src	0	1.1.4	0	859be6fb730f996727a36424e620cbdb748cf0309a4c1fa13cf9e6f4438b0561	yum-metadata-parser-1.1.4-0.src.rpm	yum-metadata-parser.spec	PASS
unified_source	rust-scopeguard	src	0	1.1.0	1	859feb146297f079650d02c879cf3a345b448260a65e4053a40bb0d09d726e6d	rust-scopeguard-1.1.0-1.src.rpm	rust-scopeguard.spec	PASS
base_source	alsa-lib	src	0	1.2.12	1.2	85c68172acde171a9218192263936f0810f73c2d8c89b6525dd1ccb3764bac8a	alsa-lib-1.2.12-1.2.src.rpm	alsa-lib.spec	PASS
unified_source	hal-backend-power-vim3	src	0	1.1.0	1	85d1bbcb2ad2ce34887e13867dd449b3b68828f1808e973166ecbe237008c5bb	hal-backend-power-vim3-1.1.0-1.src.rpm	hal-backend-power-vim3.spec	PASS
base_source	python3-MarkupSafe	src	0	3.0.3	1.4	860137b5d29a651c5662421f85c5816fc11a8e02e3e888e7f7abd37d91b1fd6e	python3-MarkupSafe-3.0.3-1.4.src.rpm	python3-MarkupSafe.spec	PASS
base_source	kmod	src	0	34.2	1.3	8645c06f04ac5c14feda9cf1803229317ddb6408533b61b354ecd887ae862082	kmod-34.2-1.3.src.rpm	kmod.spec	PASS
unified_source	rust-version-compare	src	0	0.1.1	1	868a6ff541d89eae10aac61dc8e15453c0fd4c37b9c508541c807a6686b332b7	rust-version-compare-0.1.1-1.src.rpm	rust-version-compare.spec	PASS
unified_source	account-common	src	0	0.1.14	1	86da29935020ee0b91b2cf8db515345712da18b1a4255b77d7715468082ca801	account-common-0.1.14-1.src.rpm	account-common.spec	PASS
unified_source	org.tizen.stt-engine-default	src	0	1.100.3	1	86de8559371bb3c76a5b8565210d19eb9d78b0c29fbae5eedd79f9decffb00c4	org.tizen.stt-engine-default-1.100.3-1.src.rpm	org.tizen.stt-engine-default.spec	PASS
base_source	meson	src	0	1.9.1	1.5	870f28aae993ca8f0622bed57e838b0a500cd2a0dda22b3e2894cb346e72731f	meson-1.9.1-1.5.src.rpm	meson.spec	PASS
unified_source	dali2	src	0	2.5.26	1	871498e9ce67c2dd704c8829ebcc8a7ca272b9f84d09f73c63852de509707cde	dali2-2.5.26-1.src.rpm	dali.spec	PASS
unified_source	appcore-widget	src	0	1.6.3	1	873f428b4836236c7742b04691d2f5f23727ee54c0739f003c4e4be1df0a8e90	appcore-widget-1.6.3-1.src.rpm	appcore-widget.spec	PASS
unified_source	opencv	src	0	4.7.0	8	874c4869b50c4f9c21d7a29c6df8fff15d6aca501a0dbd13feaeb9d090ef5fcc	opencv-4.7.0-8.src.rpm	opencv.spec	PASS
base_source	bc	src	0	1.06	2.2	8794123ff3c8e44f9d7870c6dc7a5bb60c2d2609cc22dda3ed56f1eaa262ebb6	bc-1.06-2.2.src.rpm	bc.spec	PASS
unified_source	rust-is-terminal	src	0	0.4.4	1	879b0e5db34923e887a6cfbd9c6102080ec0da415f0c0bd2bcd028166cd633d3	rust-is-terminal-0.4.4-1.src.rpm	rust-is-terminal.spec	PASS
unified_source	pepper	src	0	2.0.19	0	87bebea23d4861d9f0fd0456cf85c0bcf91a58b03666a508bf516c86e529cc47	pepper-2.0.19-0.src.rpm	pepper.spec	PASS
base_source	build	src	0	20120927	1.1	883120c8e610effe902da114a64366e1a73cfcbeb978457c430c6cf658315e78	build-20120927-1.1.src.rpm	build.spec	PASS
base_source	dos2unix	src	0	7.5.1	1.2	8838526c52fd8f6a6162c7f2851489001b608ad804912a788c018b0182cefc0b	dos2unix-7.5.1-1.2.src.rpm	dos2unix.spec	PASS
unified_source	f2fs-tools	src	0	1.16.0	0	885877909559bdb83dae3419fbcda2d50cdb4fe944c841b91f2cbe2890073443	f2fs-tools-1.16.0-0.src.rpm	f2fs-tools.spec	PASS
base_source	gcc-riscv64	src	0	14.2.0	1.4	8860b27072c21238dbb41b4b965d58f611217f3d1ced4b20d24e1367dbc82b6f	gcc-riscv64-14.2.0-1.4.src.rpm	gcc-riscv64.spec	PASS
unified_source	context-sensor-recorder	src	0	4.0.1	1	886c68c3f1990131723ddcbf1db0a31ee8885d24d79fe330a8cbb92461f5d129	context-sensor-recorder-4.0.1-1.src.rpm	context-sensor-recorder.spec	PASS
unified_source	capi-system-resource-monitor	src	0	0.0.1	0	88771d214277b35d9d44afd62be5d89454193efe31bfa498a3b508b098206c8e	capi-system-resource-monitor-0.0.1-0.src.rpm	capi-system-resource-monitor.spec	PASS
unified_source	libexif	src	0	0.6.22	0	88d3c52e50b0976eb8916abc435a9614ce4eb90f3661ce37468df8a814bf3326	libexif-0.6.22-0.src.rpm	libexif.spec	PASS
base_source	python3-setuptools_scm	src	0	9.2.2	1.5	88f23242cfa2a8528a9fec7be5d4bdf4a5cadea340077edfdff1bb13eafcc23f	python3-setuptools_scm-9.2.2-1.5.src.rpm	python3-setuptools_scm.spec	PASS
unified_source	hal-api-common	src	0	2.0.0	2	89160e62b26cbbd7a455c4f3b1b8d404d4583c3f26ceb3dc2e13d507a0ff63bb	hal-api-common-2.0.0-2.src.rpm	hal-api-common.spec	PASS
unified_source	perl-Sub-Identify	src	0	0.14	1	896cfa49f777cc5129b771e7d22656b11aa677af743d005efd4869a28ce4e529	perl-Sub-Identify-0.14-1.src.rpm	perl-Sub-Identify.spec	PASS
unified_source	libscl-ui	src	0	0.11.9	1	89a199c9c0b410f48795520334f4b39e9eeb205d84818ff2065f1523a43c703f	libscl-ui-0.11.9-1.src.rpm	libscl-ui.spec	PASS
base_source	alsa-utils	src	0	1.2.12	3.3	89cecae7d5ff4131670d0e25843cc5dd8b7fc88d41e093e4253b950c488b530a	alsa-utils-1.2.12-3.3.src.rpm	alsa-utils.spec	PASS
base_source	iniparser	src	0	4.2.6	1.3	89ef104b20135f103bbe80cef8afb21c5c3a30bdba534835972fc164520c8029	iniparser-4.2.6-1.3.src.rpm	iniparser.spec	PASS
unified_source	re2c	src	0	4.3	1	8a09ccbba0dbd6aee51821a5a04f077c9dbc5ff848a3b1d77402cb9feff52f35	re2c-4.3-1.src.rpm	re2c.spec	PASS
base_source	python3-wheel	src	0	0.46.1	1.1	8a33d41a824396ebca387024569562670f724e907900c0d56feec5480e5db75b	python3-wheel-0.46.1-1.1.src.rpm	python3-wheel.spec	PASS
base_source	perl	src	0	5.42.0	2.8	8a7ae0873c7cf0854e871fd933e779bd4af4058eb3cfea7de551e2de909f6a2b	perl-5.42.0-2.8.src.rpm	perl.spec	PASS
base_source	python-mock	src	0	3.0.5	1.1	8a8b78c6c224b9c86705f3f342c3625084c8a22304b7cad76ee755b130df50eb	python-mock-3.0.5-1.1.src.rpm	python-mock.spec	PASS
unified_source	inference-engine-mlapi	src	0	0.4.11	0	8ac80ca85a3b667a16e3ea662ce4c2c2ff7a97f476a4482ecdef32d52dd52d26	inference-engine-mlapi-0.4.11-0.src.rpm	inference-engine-mlapi.spec	PASS
unified_source	isf-config-tv	src	0	0.1.5	1	8aeb83f8ee8336ac4e60e615b6a034e3da770aacaf99193b747cec35cdf4aacd	isf-config-tv-0.1.5-1.src.rpm	isf-config-tv.spec	PASS
base_source	smack	src	0	1.3.1	1.13	8af61dc3981792497625918ece32eb06c9acab3464fa78449e5eb39ce666b0a5	smack-1.3.1-1.13.src.rpm	smack.spec	PASS
unified_source	mmsvc-player	src	0	1.0.2	0	8b01bee7a64a2bd638eca364906fb053debcd3ff4f477a026d3ac1566101f537	mmsvc-player-1.0.2-0.src.rpm	mmsvc-player.spec	PASS
unified_source	rust-socket2	src	0	0.5.1	1	8b332487ab2fd6a833cb93c434cd1d3c5740f1352515ca63f7950bc14d22ea67	rust-socket2-0.5.1-1.src.rpm	rust-socket2.spec	PASS
unified_source	argos_watchdog	src	0	0.0.3	0	8b5ba7333fdf02209b4a748330360aba7d836e7eef61f869757457c73852df81	argos_watchdog-0.0.3-0.src.rpm	argos_watchdog.spec	PASS
unified_source	capi-content-mime-type	src	0	0.1.9	1	8b80d57e79a5da5bec29725f98179063c39dab9eee9bd635c5d27a0bc09308f9	capi-content-mime-type-0.1.9-1.src.rpm	capi-content-mime-type.spec	PASS
base_source	mtdev	src	0	1.1.6	1.3	8bae2115d0d22a1fa7a296707b20a835d6dba6ec2389f74f86ebf55adf565249	mtdev-1.1.6-1.3.src.rpm	mtdev.spec	PASS
unified_source	iputils	src	0	s20121126	0	8bd38b9126b6231b2b59126f56d672dcc02f255be4af9640424301a5602368e7	iputils-s20121126-0.src.rpm	iputils.spec	PASS
base_source	dejagnu	src	0	1.6.2	1.1	8c668447b661fbf71eb1059bef0a5e43af16221361367cacb188c1e1529a5930	dejagnu-1.6.2-1.1.src.rpm	dejagnu.spec	PASS
unified_source	libmm-evas-renderer	src	0	0.0.30	0	8c8f56327256f6995942887819cb6e8d12ecefd0a4ec253344d696862c96c1bd	libmm-evas-renderer-0.0.30-0.src.rpm	libmm-evas-renderer.spec	PASS
base_source	gdb	src	0	16.3	1.3	8cf50f401919ebbc395be81a3ec0c1a08e2f48337101f7e329e781e5b50b0c44	gdb-16.3-1.3.src.rpm	gdb.spec	PASS
unified_source	json-glib	src	0	1.8.0	0	8cfd7f29a80fe187880e1d3213df5c8887aac76bc6f0eb9ef5fc5dbaaafb246b	json-glib-1.8.0-0.src.rpm	json-glib.spec	PASS
unified_source	wayland-extension	src	0	1.3.82	0	8d1fcd9355180034da91ec4b2c9fa3d5518f2a14a59dcbfdf4b87a406b89b983	wayland-extension-1.3.82-0.src.rpm	wayland-extension.spec	PASS
unified_source	python3-attrs	src	0	25.4.0	1	8d4488a135cff9dc9853baf8b33cf9b5a98e6c48cfc7b77a271df17a1a20dc13	python3-attrs-25.4.0-1.src.rpm	python3-attrs.spec	PASS
unified_source	org.tizen.cssetting-stt	src	0	1.0.0	1	8d67cfc21000332dc9576b0c7e802ea94b64b3199daf25c378b783f67e3a79da	org.tizen.cssetting-stt-1.0.0-1.src.rpm	org.tizen.cssetting-stt.spec	PASS
unified_source	nnstreamer-edge	src	0	0.2.8	1	8d69e716ce00d0bfb25166a3957d0a779f5fb3fdddf7737080123b363d93b6fb	nnstreamer-edge-0.2.8-1.src.rpm	nnstreamer-edge.spec	PASS
unified_source	libpcap	src	0	1.9.1	1	8d959ada6b59df0473f451d866d2d74009063eb16d7f77bb8734fda6a4c08090	libpcap-1.9.1-1.src.rpm	libpcap.spec	PASS
unified_source	sbc	src	0	1.2	0	8d96d706928afc9a4fa4c65e299231092603eeef6e8547e3d1dfaf126a30d44a	sbc-1.2-0.src.rpm	sbc.spec	PASS
base_source	perl	src	0	5.42.0	2.10	8dacc8154a99aafd75039267df9edd5d7d471a76f7aff2d6487603c375b35fff	perl-5.42.0-2.10.src.rpm	perl.spec	PASS
unified_source	capi-media-vision	src	0	1.0.17	0	8db66e046bf7af63d7ff1ee08079cc5a271fea9c2804ecd99c4896a8290a5059	capi-media-vision-1.0.17-0.src.rpm	capi-media-vision.spec	PASS
base_source	cpio	src	0	2.8	1.3	8df59f8f03294fb73fcc14ff52636dd06c099265277299f99361387e28f82255	cpio-2.8-1.3.src.rpm	cpio.spec	PASS
unified_source	rust-signal-hook-registry	src	0	1.4.1	1	8e4aa9e078e1f7bd2273bc085463b7434dd7c3b9675195d6a58624076fe8c5c6	rust-signal-hook-registry-1.4.1-1.src.rpm	rust-signal-hook-registry.spec	PASS
base_source	jsoncpp	src	0	1.9.6	1.14	8e5d7cb29b778f9996b7dc252edd009c7c1375fa91a42149e2f7ecdd4ef691f0	jsoncpp-1.9.6-1.14.src.rpm	jsoncpp.spec	PASS
unified_source	python3-meson-python	src	0	0.18.0	0	8e8cc2634ea3d33ebeef2426d28017a29e80e1d457bc0a43539fcb45db5a0be2	python3-meson-python-0.18.0-0.src.rpm	python3-meson-python.spec	PASS
base_source	python-pyparsing	src	0	2.2.0	1.1	8ef5cdb7865c6581bb2131cd6a16a34ea903f823ccbecf9ec5345a3287b71848	python-pyparsing-2.2.0-1.1.src.rpm	python-pyparsing.spec	PASS
base_source	python3-magic	src	0	5.46	2.1	8f09b309f26f7109e63062a5f1aa1d6582f3bcb70a4fbe01032c786a10f891ca	python3-magic-5.46-2.1.src.rpm	python3-magic.spec	PASS
unified_source	libtrackrenderer	src	0	0.2.1	0	8f0a2b1ec18ce447739e2ca579f95eddd0fe7bf8d908fdff4b04a466f50a224e	libtrackrenderer-0.2.1-0.src.rpm	libtrackrenderer.spec	PASS
unified_source	wpa_supplicant	src	0	2.10	2	8f1d2a568de338c53e60d8b005de09623b6b0949f893ef8fe6545eb6360ba40b	wpa_supplicant-2.10-2.src.rpm	wpa_supplicant.spec	PASS
unified_source	dumpsys	src	0	2.0.16	1	8f2f7e28bb4882fc09184b68555b8407eea34d4606a5757cbec1393dadac6762	dumpsys-2.0.16-1.src.rpm	dumpsys.spec	PASS
unified_source	python-ZSI	src	0	2.1.a1	0	8f684466a0d8e29a9b9eb9e7742eeeac3a9a5dfdb359d0efe71aaf1c1746c381	python-ZSI-2.1.a1-0.src.rpm	python-ZSI.spec	PASS
unified_source	pcsc-lite	src	0	0.1.2	0	8fa2d01db2ed232e0b685ed3da6ce0bc8810d3e2b389909d46842e90ead4b09d	pcsc-lite-0.1.2-0.src.rpm	pcsc-lite.spec	PASS
unified_source	python3-grpcio	src	0	1.76.0	0	8fca152db6029d405ef212ea5e7868f0c01c3acc41dabc269b46c717740da4b8	python3-grpcio-1.76.0-0.src.rpm	python3-grpcio.spec	PASS
base_source	libsigc++	src	0	2.12.1	1.1	90195b69c398c4c8c296049dc95b9ee8cfe75ab2395455e792962300b6974ab9	libsigc++-2.12.1-1.1.src.rpm	libsigc++.spec	PASS
unified_source	libmedia-service	src	0	0.8.8	0	90671c47897531b34317535fb8ddace4157054ac280bff64a61341b9714f97bc	libmedia-service-0.8.8-0.src.rpm	libmedia-service.spec	PASS
unified_source	dfs-opencv	src	0	1.0.12	0	90800466c420fc6475b6db07373788c79ec38a3f87db24668339ae3e42509d74	dfs-opencv-1.0.12-0.src.rpm	dfs-opencv.spec	PASS
unified_source	python3-cairo	src	0	1.19.1	0	908101a9855ebdc4ada2810be0fe4b9206ce15298512b0432a0a6c2066ca3440	python3-cairo-1.19.1-0.src.rpm	python3-cairo.spec	PASS
base_source	jsoncpp	src	0	1.9.6	1.12	909824396062580d47133e6521aeb7ff807a585f49f55b04ea4c9a85b32a37eb	jsoncpp-1.9.6-1.12.src.rpm	jsoncpp.spec	PASS
unified_source	rust-rustc-rayon	src	0	0.4.0	1	90a4ac525f2b9fcb887d529880a0e08222932d246a0839c11398ae8249821677	rust-rustc-rayon-0.4.0-1.src.rpm	rust-rustc-rayon.spec	PASS
base_source	perl-HTML-Parser	src	0	3.83	1.2	90b43aba3d1e361d309787f89b30c4449c3d016d1b5ee0aa96f810d55ec2797c	perl-HTML-Parser-3.83-1.2.src.rpm	perl-HTML-Parser.spec	PASS
unified_source	badge	src	0	0.5.5	1	90bef590a09baabc3f20166427f59e080a80d17793d7671dd6f03e0594690a97	badge-0.5.5-1.src.rpm	badge.spec	PASS
unified_source	capi-network-softap	src	0	0.1.3	1	90ddc351da59b681d1b5846b5bfacdba8aa9a254da9cc1c412fb9e7fc6076cf8	capi-network-softap-0.1.3-1.src.rpm	capi-network-softap.spec	PASS
unified_source	aul	src	0	0.84.11	1	90fd8f451e9065f904db19ea4a7bf5195e15490ea668497e9eea9ac9b08f04ce	aul-0.84.11-1.src.rpm	aul.spec	PASS
unified_source	hal-api-location	src	0	0.0.2	1	912ac16ba3e6f61a96110409c77beadcad328528dad3fcf0ca512be96a63e4e9	hal-api-location-0.0.2-1.src.rpm	hal-api-location.spec	PASS
unified_source	net-config	src	0	1.2.15	1	9140a0f2b4c6685eacefd8c6531164e530b929856884ad1ec18723206f4e8e64	net-config-1.2.15-1.src.rpm	net-config.spec	PASS
unified_source	python-cairo	src	0	1.17.1	0	9147cf223017ab05ec9b908a81182da9632eeab9b3e01eea87926d7fde03d2c5	python-cairo-1.17.1-0.src.rpm	python-cairo.spec	PASS
unified_source	iotcon	src	0	0.4.0	2	9171c1aa8f81c74cf31e9d61dc1f4a8afa2571e1380a58ccbde151095cd7e9cb	iotcon-0.4.0-2.src.rpm	iotcon.spec	PASS
unified_source	mlops-agent	src	0	1.8.8	0	917e79ec856e4123f9a440c59207021539d199a0ac6b68242811270bc5e85da4	mlops-agent-1.8.8-0.src.rpm	mlops-agent.spec	PASS
unified_source	e-tizen-data-profile_mobile	src	0	0.6.6	0	919a2d8168141fb1acdbcd1419ff947b5e0040a00cc1730f790a131b28e32591	e-tizen-data-profile_mobile-0.6.6-0.src.rpm	e-tizen-data.spec	PASS
base_source	xmlcharent	src	0	0.3	406.1	91a90bd67771703f282dde02f0a9c82c0c0aad0c1a6f1e88da52c17bc84f0fbb	xmlcharent-0.3-406.1.src.rpm	xmlcharent.spec	PASS
base_source	libnl3	src	0	3.2.22	1.2	91eea8e41439f7a80308460b7bd20f9a35b1a67e40a9bfe9c502b57256b16179	libnl3-3.2.22-1.2.src.rpm	libnl3.spec	PASS
unified_source	bubblewrap	src	0	0.7.0	1	920b66e145d8c7773840ade5436752f92f4cc5f16f44d97acfb60cf2f3b10aca	bubblewrap-0.7.0-1.src.rpm	bubblewrap.spec	PASS
base_source	make	src	0	4.4.1	1.15	92376c200688fd0899504e770b4ba3275f602511e6204561f46541f5b2b22983	make-4.4.1-1.15.src.rpm	make.spec	PASS
base_source	bison	src	0	3.0.5	1.15	925b2d3f590a757a07cd4c55071220934b6dd9a21546805b0c2811005ce4b60a	bison-3.0.5-1.15.src.rpm	bison.spec	PASS
unified_source	efl-extension	src	0	0.1.8	1	92823fbb0f87aa4f1c0b603215f1d7d6f7b09ba6a892a1d3fb734919de188d34	efl-extension-0.1.8-1.src.rpm	efl-extension.spec	PASS
unified_source	amd	src	0	1.81.6	1	92a117528f761439edeca8463dd3812b4f0ff4b9c3658c53bdea2192a6e2454e	amd-1.81.6-1.src.rpm	amd.spec	PASS
base_source	perl-Pod-Coverage	src	0	0.23	1.1	92acdca0ff130ac02e0a10480091d39d895c436a589c4eebd8b8bf30beb5381f	perl-Pod-Coverage-0.23-1.1.src.rpm	perl-Pod-Coverage.spec	PASS
unified_source	ecryptfs-utils	src	0	111	0	92f088c9a1a46b4823363720867baf780195aeaa78595ff3d633c911d8faf8f9	ecryptfs-utils-111-0.src.rpm	ecryptfs-utils.spec	PASS
unified_source	singleo	src	0	0.0.1	0	92fff7204f5fe1c994ed1bfff50638504abda4fa7b4143f491044be8e0b70faf	singleo-0.0.1-0.src.rpm	singleo.spec	PASS
base_source	libogg	src	0	1.3.2	1.2	932e5c1effd33be916f59a9afa771bfda9b2ba33bc0f078f6680a6ccf1126b42	libogg-1.3.2-1.2.src.rpm	libogg.spec	PASS
unified_source	inference-engine-opencv	src	0	0.0.2	7	93d731a9522b1f3d535e65673cd4b61fe14483050d21bfc4bf9fce6bd0197786	inference-engine-opencv-0.0.2-7.src.rpm	inference-engine-opencv.spec	PASS
unified_source	docker-adaptor	src	0	1.0	0	93d8136100c78948c7d2b7179d6493232ab863320e69af6ab24bc12dc5f0eea4	docker-adaptor-1.0-0.src.rpm	docker-adaptor.spec	PASS
base_source	python3-pluggy	src	0	1.6.0	1.5	93d8ff21bc10ac964f13a6bbac9704df52012d0141b3dc469dcab22d51734ccf	python3-pluggy-1.6.0-1.5.src.rpm	python3-pluggy.spec	PASS
unified_source	image-configurations	src	0	102	1	93e2d9ddaaf4d98be1be76b84ad57f85b35b54bb62b2d1382eeb587429811289	image-configurations-102-1.src.rpm	image-configurations.spec	PASS
unified_source	hal-backend-tdm-vc4	src	0	2.2.2	0	93e4b12b2b62acd18e05af17c4c4ee08047c1513143718a3bb9bab8a70aa96f9	hal-backend-tdm-vc4-2.2.2-0.src.rpm	hal-backend-tdm-vc4.spec	PASS
unified_source	cynara	src	0	0.26.0	1	9409fa42e59eafb357310c28504e22432aef7a27d0b9143f6f7f447639206d28	cynara-0.26.0-1.src.rpm	cynara.spec	PASS
base_source	python3-typing_extensions	src	0	4.15.0	1.5	940a08058f5ba468a0e61120a5bdbda6d81e2ca7c561acc644ff8ce7c6e7e815	python3-typing_extensions-4.15.0-1.5.src.rpm	python3-typing_extensions.spec	PASS
unified_source	uw-imap-toolkit	src	0	0.1.37	0	94dad47a25393748b1e7b820e85a585a5bd2f95807114265d8a48991b2af166a	uw-imap-toolkit-0.1.37-0.src.rpm	uw-imap-toolkit.spec	PASS
base_source	iproute2	src	0	5.5.0	1.2	94dada5ddfb2b201093ce21ecc09832d70f6aafc67c957e60736ec92af86e3ee	iproute2-5.5.0-1.2.src.rpm	iproute2.spec	PASS
unified_source	org.tizen.cssettings	src	0	1.2.4	1	950b5967a08a1524ec8c95839f15293c35dd2423959c36cf21237f5cf678474a	org.tizen.cssettings-1.2.4-1.src.rpm	org.tizen.cssettings.spec	PASS
unified_source	harfbuzz	src	0	8.2.2	0	957bc9ae1918365fd45745fd47592760c8351362345debe698a36a4b62b9db18	harfbuzz-8.2.2-0.src.rpm	harfbuzz.spec	PASS
base_source	perl-json	src	0	4.10	1.1	958a91e4a3d7db590227b90faffcdc02d24bc722cb6b0b4e41c4bf305af06e5b	perl-json-4.10-1.1.src.rpm	perl-json.spec	PASS
unified_source	e-tizen-unittests	src	0	0.6.30	1	95939186a8055ffe76cfe2dca022dff5d5004981f7d54e8543a72ade19f03350	e-tizen-unittests-0.6.30-1.src.rpm	e-tizen-unittests.spec	PASS
unified_source	bluetooth-share	src	0	0.10.0	1	95e1c090da69e85c0354b39f3171c440b65197822ba3956beb9959f9cc4139ca	bluetooth-share-0.10.0-1.src.rpm	bluetooth-share.spec	PASS
unified_source	python-pyOpenSSL	src	0	19.0.0.0	0	95ed21938626532e0609b2417d2e9dbb88705a394e906cb3d8d2886b6f83d06f	python-pyOpenSSL-19.0.0.0-0.src.rpm	python-pyOpenSSL.spec	PASS
unified_source	glslang	src	0	13.1.1	0	95fb94352f2d70d57aeefba4a2b7d62fc54b61e80da9eff302ae9cd230d6fd27	glslang-13.1.1-0.src.rpm	glslang.spec	PASS
base_source	bzip2	src	0	1.0.8	1.16	960349784c9b3c80b3da8062fa60e2d4215181348760232b4d687f3b17bb3005	bzip2-1.0.8-1.16.src.rpm	bzip2.spec	PASS
unified_source	linux-firmware	src	0	20141009	1	9611f0e8538c5785947fbdb1ecfaf08c60bfbb8a85658f66d9c2e540672ce8d9	linux-firmware-20141009-1.src.rpm	linux-firmware.spec	PASS
unified_source	lightweight-web-engine	src	0	1.4.0	1	9616ad11cbf26ac6de2a74d6a85bd0f05ab058601988b0a1f1cb8a8b23dd4d0e	lightweight-web-engine-1.4.0-1.src.rpm	lightweight-web-engine.spec	PASS
unified_source	e-tizen-data-profile_common	src	0	0.6.37	0	9628042832d3a13b59ff5b362f3d10073549a436b696adfb9fe9ece621ca13a4	e-tizen-data-profile_common-0.6.37-0.src.rpm	e-tizen-data.spec	PASS
unified_source	rscmgr-service	src	0	0.1	13	964c92dbeb3d1dfb67e34ff5d9ec1c3411a39b523dd4bd0e3554fec70d3b0544	rscmgr-service-0.1-13.src.rpm	rscmgr-service.spec	PASS
base_source	gtk-doc	src	0	1.35.1	1.1	964d267f4974cd0483d2a2f9cfe08f389bb36b3d934830aacb9289f67d4a7617	gtk-doc-1.35.1-1.1.src.rpm	gtk-doc.spec	PASS
unified_source	rust-os_pipe	src	0	1.1.3	1	96755a03c5bf6faa22172df452fb2551d46cdc86c3e1355b5135b62cb56ebb38	rust-os_pipe-1.1.3-1.src.rpm	rust-os_pipe.spec	PASS
unified_source	hal-backend-tbm-meson	src	0	1.1.1	1	96dedce812993078fabde7359bf116f2fdeb3f4b463cfbdaf5ff22fcc0e29617	hal-backend-tbm-meson-1.1.1-1.src.rpm	hal-backend-tbm-meson.spec	PASS
base_source	fribidi	src	0	1.0.10	1.3	9715eb7be3aec82f6f57b0dda1739e8d98ea9fa4cef40b51a130ee646bbb93f5	fribidi-1.0.10-1.3.src.rpm	fribidi.spec	PASS
base_source	help2man	src	0	1.49.3	1.13	973d183e09cfc05301fc3a5c5e07ae9085f1d78811bb057946a63a67defc06c6	help2man-1.49.3-1.13.src.rpm	help2man.spec	PASS
base_source	zstd	src	0	1.5.7	1.14	975e4ed85ff47e146015190dd9d00b414b4ed8f7348659b598b3751922d3ae76	zstd-1.5.7-1.14.src.rpm	zstd.spec	PASS
unified_source	rust-predicates-core	src	0	1.0.6	1	975eb33229bd48ac65aadd7ada110354e9f7c46f42e53a2988ced1aa9d9d960e	rust-predicates-core-1.0.6-1.src.rpm	rust-predicates-core.spec	PASS
unified_source	perl-Role-Tiny	src	0	2.002004	1	976736905575cf113fc5f7ffa5d792bad31cd26715d230bf75c11b8c2bda6855	perl-Role-Tiny-2.002004-1.src.rpm	perl-Role-Tiny.spec	PASS
unified_source	hal-api-power	src	0	0.0.2	1	976e0e91d4c1be00ab8fd542caa84fc8f282ec79de10b0581d67f1a45c6197cf	hal-api-power-0.0.2-1.src.rpm	hal-api-power.spec	PASS
unified_source	rust-portable-atomic	src	0	1.0.1	1	97969e91868edf2124f01e9dbe28e10b1a16dec0bb40c57504bd83d8d8144008	rust-portable-atomic-1.0.1-1.src.rpm	rust-portable-atomic.spec	PASS
unified_source	stt	src	0	1.100.8	1	979a79ebca4017fc915c09f6037610ac7184402eb529d2b23ff7e4e4d467370e	stt-1.100.8-1.src.rpm	stt.spec	PASS
base_source	python3-pyparsing	src	0	3.3.1	1.8	97b6cef2652385476ea3fd2cc38c12fb81de3a4030d9472dd84095b9dc281c5d	python3-pyparsing-3.3.1-1.8.src.rpm	python3-pyparsing.spec	PASS
base_source	python3-cython	src	0	3.2.4	1.4	97c53800fe99c8dd421dde53a132be5553d3b146b1468d2a74f9ad5fe5477005	python3-cython-3.2.4-1.4.src.rpm	python3-cython.spec	PASS
unified_source	nnfw	src	0	1.28.0	1	97d60879fd8e902fe45ec98f4448938eb5877d40d5b4c77f507473ef4fdd0060	nnfw-1.28.0-1.src.rpm	nnfw.spec	PASS
unified_source	rust-pkg-config	src	0	0.3.26	1	97dd15fdad5f84778edad3819bc92a6b56fbfaf98c3436c82a4f0981445284df	rust-pkg-config-0.3.26-1.src.rpm	rust-pkg-config.spec	PASS
base_source	gcc	src	0	14.2.0	1.13	97e89e333326e97d775c9118e4a6cc163b19465957ad810ebe54f8c0e6c0dcdf	gcc-14.2.0-1.13.src.rpm	gcc.spec	PASS
unified_source	pass-hal-standard	src	0	1.1.0	1	98141c659aafa4dcabfff57bf3e2ff42acb974f6d6357e9e73a62011c0094040	pass-hal-standard-1.1.0-1.src.rpm	pass-hal-standard.spec	PASS
base_source	gcc	src	0	14.2.0	1.15	98163260efb8e6ca1602add52944a4132074b8a907fa56f11277e3427e8de12e	gcc-14.2.0-1.15.src.rpm	gcc.spec	PASS
base_source	perl-URI	src	0	5.34	1.1	983d357381d92ca12c25b77a0e279c852ca4cf761cb1050a5fa94c427d40cc70	perl-URI-5.34-1.1.src.rpm	perl-URI.spec	PASS
unified_source	vulkan-validation-layers	src	0	1.3.296	0	9869e2e0af49096b35765d5ae9aec9e049ed3b1dfc0064663d3c6d7c508de8ad	vulkan-validation-layers-1.3.296-0.src.rpm	vulkan-validation-layers.spec	PASS
unified_source	connman	src	0	1.42	4	98b8605c75f0889fa8d57c23b8b36e4afcd3a02203c2c0a511f27cc9d431b7df	connman-1.42-4.src.rpm	connman.spec	PASS
base_source	diffutils	src	0	3.10	2.2	98c7ac859f61870d2c0fd8095976c0651802fbb6fd743cda21e9e14386d266be	diffutils-3.10-2.2.src.rpm	diffutils.spec	PASS
unified_source	python3-cryptography	src	0	2.3	0	98dd9be785badd9703ac392ca493b9c8556e431a1d0c17a275f5c80a01b87621	python3-cryptography-2.3-0.src.rpm	python3-cryptography.spec	PASS
unified_source	libaec	src	0	1.0.1	0	98e888b0db8dec689f7ebff50f036ff49a9b350a38df65f7678bdb0acedf43a0	libaec-1.0.1-0.src.rpm	libaec.spec	PASS
unified_source	ise-default	src	0	1.13.8	1	9917a6ecb94988a340111b178dcd76cefac48e9412cd562b08127717cd0e1ec5	ise-default-1.13.8-1.src.rpm	ise-default.spec	PASS
unified_source	libwayland-tbm	src	0	0.9.0	0	99421f48ed78c7e92b409ab4206983a467fba72c559d91fdf85f7b0fc76863d7	libwayland-tbm-0.9.0-0.src.rpm	libwayland-tbm.spec	PASS
unified_source	ffmpeg	src	0	8.0.1	0	998658d11cc41c45da6e92a725fc67ba08227d54a1b0dcc46b3c33805004c8dc	ffmpeg-8.0.1-0.src.rpm	ffmpeg.spec	PASS
base_source	xxhash	src	0	0.8.3	1.2	99b183e3db9278ad078708cd62dff55616ab5d79480b9670d538ee1cddf9ac21	xxhash-0.8.3-1.2.src.rpm	xxhash.spec	PASS
unified_source	rust-memchr	src	0	2.5.0	1	99ca4c85889687921de40aa381e21b8a702d4681fd3c838c7bf2b5b86e7b4610	rust-memchr-2.5.0-1.src.rpm	rust-memchr.spec	PASS
unified_source	aspell	src	0	0.60.8.1	0	9a32482dde5e77c3509e3e09340dc1e9ef845cdd35c28df9bbd37f184511c256	aspell-0.60.8.1-0.src.rpm	aspell.spec	PASS
unified_source	libthai	src	0	0.1.18	0	9abb8e8a4189326218d60926476167561e3ecb011fc22945ff5989b98a21afc7	libthai-0.1.18-0.src.rpm	libthai.spec	PASS
unified_source	libmm-camcorder	src	0	1.5.1	0	9adff34de93e4c4a927e043912740adf5c539b90361dd651909efde7c26e5ac1	libmm-camcorder-1.5.1-0.src.rpm	libmm-camcorder.spec	PASS
base_source	libmd	src	0	1.1.0	1.2	9b1f48fb3b28f801ccf5c57f96eb02cff526083596d2d1df9bdb3a3a625a9fc0	libmd-1.1.0-1.2.src.rpm	libmd.spec	PASS
unified_source	u-boot-rubikpi3	src	0	2025.10	0	9b37bb24465b033ddd603fbbb38be119146e4ca0b071d903b47f7ad6b4350462	u-boot-rubikpi3-2025.10-0.src.rpm	u-boot-rubikpi3.spec	PASS
unified_source	buxton2	src	0	1.9.14	0	9b44f4a2ff7ab6068f888191e73ee2b029b368c330a5c012a14ee9e9677fc016	buxton2-1.9.14-0.src.rpm	buxton2.spec	PASS
unified_source	contacts-service	src	0	0.13.79	0	9b45899f768b43308a8b043df2cc30619b08371c7d629dd6f53e89846c7eb012	contacts-service-0.13.79-0.src.rpm	contacts-service.spec	PASS
base_source	libunwind	src	0	1.6.2	1.3	9b584f8be900bbad6f68f5afa855d1ec4d5e1abd8721c778711d21231d327d9d	libunwind-1.6.2-1.3.src.rpm	libunwind.spec	PASS
unified_source	heaptrack	src	0	1.4.5	1	9b6ce53dd926e8f60ab04041c022ecfa10c2f9a83897442dc66e4f3cd1f4d69b	heaptrack-1.4.5-1.src.rpm	heaptrack.spec	PASS
unified_source	tolua++	src	0	1.0.93	0	9b93b8e442cc3d787c5241de593920aaf5e56879eb418e7428b88d9eb694c6ee	tolua++-1.0.93-0.src.rpm	tolua++.spec	PASS
base_source	iptables	src	0	1.6.1	2.2	9bb01da4c69beb191f197796a18e14d601ef3c218a09c97ed948cc1fa7b1a53c	iptables-1.6.1-2.2.src.rpm	iptables.spec	PASS
unified_source	libtcore	src	0	0.6.0	2	9bcecaa5352ad3f549faca77407ce43009fbbd3a6c4405d765c5ceff04cc541f	libtcore-0.6.0-2.src.rpm	libtcore.spec	PASS
unified_source	libcall-manager	src	0	0.6.0	1	9bd9de8a175de35e55b4f50cac86dddca312d29fc53022a1a6593948545d9606	libcall-manager-0.6.0-1.src.rpm	libcall-manager.spec	PASS
unified_source	ca-certificates-ext	src	0	0.0.1	0	9c1aa629a2d28696c86b863c6a688968b6dc15f748e03413d029595ebc8a49e7	ca-certificates-ext-0.0.1-0.src.rpm	ca-certificates-ext.spec	PASS
unified_source	openssh	src	0	7.7p1	0	9c3fd2b71a6bdf03669b2e755e4f6c3c309a2d862c4e35971037a87dbdbea5bf	openssh-7.7p1-0.src.rpm	openssh.spec	PASS
unified_source	capi-system-system-settings	src	0	0.0.5	0	9c8579fa83a48f4518dbae25776249168c56b5b536b03d8bf40a451701edd578	capi-system-system-settings-0.0.5-0.src.rpm	capi-system-system-settings.spec	PASS
unified_source	tcpdump	src	0	4.9.3	1	9d9e066a828406aec7030f044cae2060a3e6c00d50fc2e4755d94a1568a624f2	tcpdump-4.9.3-1.src.rpm	tcpdump.spec	PASS
unified_source	rust-getrandom	src	0	0.2.8	1	9dd69b53f75df3bdd4480672b37069f9caf5b85bec15637dd59b9b7ac9a51ac7	rust-getrandom-0.2.8-1.src.rpm	rust-getrandom.spec	PASS
unified_source	perl-JSON-PP	src	0	4.16	1	9de6015c63c211a748683fe42bfd19710b92fc775dda4afdab2d940a598d88dd	perl-JSON-PP-4.16-1.src.rpm	perl-JSON-PP.spec	PASS
unified_source	python3-netifaces	src	0	0.11.0	0	9e10c5ff48b3e67761a728f39e93e54e1363ebfcef403f60af7752165889fb2e	python3-netifaces-0.11.0-0.src.rpm	python3-netifaces.spec	PASS
base_source	python3-typing_extensions	src	0	4.15.0	1.4	9e12bdf0b433c085a87d5d327ae619db92ffad7471752b2f2c90c888b2ab3fee	python3-typing_extensions-4.15.0-1.4.src.rpm	python3-typing_extensions.spec	PASS
unified_source	spirv-headers	src	0	1.5.5	0	9e257291b6bec70ced52c787739c7af03ed54cbff553c5097b14e006fada9676	spirv-headers-1.5.5-0.src.rpm	spirv-headers.spec	PASS
unified_source	python-iniparse	src	0	0.4	0	9e278378601d8b983d0633b068d7967657a4cd94e2e3dff08ab8b63565c4e9f4	python-iniparse-0.4-0.src.rpm	python-iniparse.spec	PASS
unified_source	rust-crossbeam-utils	src	0	0.8.15	1	9e2b8f47c0eb6ba19f25a254e7e79167c3e1cf7ebc6941d47a8520c225f786ba	rust-crossbeam-utils-0.8.15-1.src.rpm	rust-crossbeam-utils.spec	PASS
unified_source	hal-api-drm	src	0	1.0.5	1	9e4cac099b92994c3f71cce403860bfbaabf19b7870f5803b19801c6bc254d50	hal-api-drm-1.0.5-1.src.rpm	hal-api-drm.spec	PASS
base_source	fdupes	src	0	2.4.0	2.10	9e658a89e42978cd74dc1b8bab6e235ae9cdfa2a6acbbab82fb9ed91696a5fb8	fdupes-2.4.0-2.10.src.rpm	fdupes.spec	PASS
unified_source	org.tizen.notifications	src	0	1.0.4	1	9e851f37cb87a9deaf498d6dea9ba30339e8804461defc2c988e710d7d808093	org.tizen.notifications-1.0.4-1.src.rpm	org.tizen.notifications.spec	PASS
unified_source	libtapi	src	0	0.9.0	2	9ecce6452f0f68eda6c3f059c3d8c81d5954e6f2a998218bc0dfb36194771469	libtapi-0.9.0-2.src.rpm	libtapi.spec	PASS
unified_source	python3-pytest	src	0	9.0.2	1	9ecea36c0c8077400f95c774183c464e04b5b68649bc6c84383cf02defe22469	python3-pytest-9.0.2-1.src.rpm	python3-pytest.spec	PASS
unified_source	org.tizen.cssetting-voicecontrol	src	0	1.1.2	1	9f0fb87d596de883cd267bf68e96a9ca76ad93b84ef3bdc381285eedae1fd03a	org.tizen.cssetting-voicecontrol-1.1.2-1.src.rpm	org.tizen.cssetting-voicecontrol.spec	PASS
base_source	xz	src	0	5.8.1	1.14	9f3c2dd136625e48bce0c2201e50e1d13f349a3f68990b9833c044d2b547c254	xz-5.8.1-1.14.src.rpm	xz.spec	PASS
base_source	docbook_4	src	0	4.5	2.1	9f4c43f31f6cae2a91797b4297f6a6882f92149ad46a24b66737a8e1119e9132	docbook_4-4.5-2.1.src.rpm	docbook_4.spec	PASS
unified_source	fsck-msdos	src	0	1.0.0	1	9f67f52c90e18f6a36f06a33afe21617c5139a0a973f882a1229512336991ed1	fsck-msdos-1.0.0-1.src.rpm	fsck-msdos.spec	PASS
unified_source	libtpl-egl	src	0	1.13.2	0	9f78905dbbf0bb35f9b464af967ce8f7c63ea9e045d90f6de1712faeb3ddef88	libtpl-egl-1.13.2-0.src.rpm	libtpl-egl.spec	PASS
base_source	libsigc++	src	0	2.12.1	1.3	a04939d04ec2c2aacfa3b2282e62061dab7459c5e9c9c20fc68f598857da10e9	libsigc++-2.12.1-1.3.src.rpm	libsigc++.spec	PASS
unified_source	pims-ipc	src	0	0.1.23	1	a04db4f33ce9593fa73d9d1232e3f163f1a672ba065e84957ba810c632af790c	pims-ipc-0.1.23-1.src.rpm	pims-ipc.spec	PASS
base_source	readline	src	0	5.2	1.16	a05b721465d064ff76433b0b67856a4d8dabc52bc17c3410f4ae103d4a0505c6	readline-5.2-1.16.src.rpm	readline.spec	PASS
unified_source	paho-mqtt-c	src	0	1.3.15	0	a092636a88a26f0aa59c803dba386478d0e527040952fa71fea716d7e65bf30d	paho-mqtt-c-1.3.15-0.src.rpm	paho.mqtt.c.spec	PASS
base_source	chrpath	src	0	0.16	2.1	a0a5c481573d7158a552a9a86ac37d1e2c6b36d85a9369427510d71df9aaa676	chrpath-0.16-2.1.src.rpm	chrpath.spec	PASS
unified_source	capi-media-sound-manager	src	0	0.7.19	0	a0b4e15bc09e61a27d414ba66a3d68903328289d39a4023947191ca65230d325	capi-media-sound-manager-0.7.19-0.src.rpm	capi-media-sound-manager.spec	PASS
unified_source	org.tizen.multi-assistant-service	src	0	0.3.43	1	a0bbccab9550624e6f5149e81294e93b081c28f555f051795740d8e714f8a7d5	org.tizen.multi-assistant-service-0.3.43-1.src.rpm	org.tizen.multi-assistant-service.spec	PASS
base_source	libelf0	src	0	0.8.13	1.3	a1012cd76641363a1bd467524d84aa1b614158f39bcdb4f320207bc8d3ad6f00	libelf0-0.8.13-1.3.src.rpm	libelf0.spec	PASS
unified_source	swig	src	0	4.0.2	0	a12ce90ebcbd3d6db2f54c5725bae300a84abcae1b87efd1a1c75cae10d301a5	swig-4.0.2-0.src.rpm	swig.spec	PASS
base_source	python-funcsigs	src	0	1.0.2	1.1	a1540f3295f5dddc96f6b664a3e792636c8a0e86436212d1e5d3418dfc234452	python-funcsigs-1.0.2-1.1.src.rpm	python-funcsigs.spec	PASS
base_source	nspr	src	0	4.36	1.4	a15e19abe6604e54d2d7c9779d4958ff7d475b9291bbb62d0cd52b78f1af2663	nspr-4.36-1.4.src.rpm	nspr.spec	PASS
unified_source	capi-mediademuxer	src	0	0.2.2	0	a15f9321a41f531f0c637bba32fd893504ea596b9e1cdd8f150aab36f5138f5b	capi-mediademuxer-0.2.2-0.src.rpm	capi-mediademuxer.spec	PASS
unified_source	oprofile	src	0	1.4.0	0	a182cc54f9789f2c47a8f1fd4b14eec7b671f8f360bc426694c4ca7a60c2c081	oprofile-1.4.0-0.src.rpm	oprofile.spec	PASS
unified_source	gmime	src	0	2.6.20	2	a1f4203e5ca673017a88ba508cea1fd07cfa7cd6bc42aa208a032763b76929c7	gmime-2.6.20-2.src.rpm	gmime.spec	PASS
unified_source	rust-proc-macro-hack	src	0	0.5.19	1	a2408160a397ab6d26866eccfede5259deaa21e516f2e9a6b995bd9310d3167c	rust-proc-macro-hack-0.5.19-1.src.rpm	rust-proc-macro-hack.spec	PASS
base_source	pbzip2	src	0	1.1.13	1.2	a2672f38145f32a87267793577212008ba0dfd473b12738c02f6fe7778714e2f	pbzip2-1.1.13-1.2.src.rpm	pbzip2.spec	PASS
unified_source	libdeflate	src	0	1.25	0	a27200c83de4e633a99bda9ca7a7849225c69ded6e6665263560bd8911451271	libdeflate-1.25-0.src.rpm	libdeflate.spec	PASS
unified_source	python3-cffi	src	0	2.0.0	0	a27ba72d0a4fca882a220c20cd56707a619302cef7ec3a0c68561380b1a47350	python3-cffi-2.0.0-0.src.rpm	python3-cffi.spec	PASS
unified_source	asp-manager	src	0	0.0.36	1	a2cd5dd34fd4079d0f50969b5e45cfcfb58ab8e815e25f00eaaffcbad1b9adcf	asp-manager-0.0.36-1.src.rpm	asp-manager.spec	PASS
unified_source	rust-const-random	src	0	0.1.15	1	a2fb64e01cca5dbab721461a5170547e061f4e7ed8db92a632a1b71601da4d98	rust-const-random-0.1.15-1.src.rpm	rust-const-random.spec	PASS
unified_source	rust-num_cpus	src	0	1.15.0	1	a2ff87b5315ed79904bc3755f3dfa2d4f73275897cd7dd016f0d6ffc0fa53679	rust-num_cpus-1.15.0-1.src.rpm	rust-num_cpus.spec	PASS
unified_source	rust-toml_datetime	src	0	0.6.1	1	a302151fd2bcaee63ddd47aeb851144743cbdda5eb881d6c4d905f0a0df1a67f	rust-toml_datetime-0.6.1-1.src.rpm	rust-toml_datetime.spec	PASS
base_source	python-mako	src	0	1.0.6	1.1	a31eb792f1c6472f6b822568f5c0ec080f89346c55e7a630607ac8d1767fb883	python-mako-1.0.6-1.1.src.rpm	python-mako.spec	PASS
base_source	which	src	0	2.17	2.2	a334a79217a391f1b30778232622fb69f26a288a8c7451355cb176a87dd2e600	which-2.17-2.2.src.rpm	which.spec	PASS
base_source	autoconf213	src	0	2.13	1.2	a36d9c637cf2697412d155d4bec4192fa840a2805cb9a9dd3bffcca10366789b	autoconf213-2.13-1.2.src.rpm	autoconf213.spec	PASS
unified_source	linux-tizen-modules-source	src	0	11.0.0	0	a387f8db6e5076a14c6c88fa5ae5ca17dfcc38c77a5014835598216df2a617b6	linux-tizen-modules-source-11.0.0-0.src.rpm	linux-tizen-modules-source.spec	PASS
unified_source	smartcard-plugin-usb	src	0	0.0.1	0	a401ad65328da7fd7a6284b434b836f1b4959b82ea09bb6ab7b62e65b1da072b	smartcard-plugin-usb-0.0.1-0.src.rpm	smartcard-plugin-usb.spec	PASS
unified_source	lz4	src	0	1.9.3	1	a40c0569d72a16338c14e6d6b67941bec71f01868cd431a7669d3c9b1518031a	lz4-1.9.3-1.src.rpm	lz4.spec	PASS
unified_source	lmdb	src	0	0.9.17	0	a460cba1cf2fd8b9dfcb2308d885eace1e9c231c0ea03724d44d0cc04a61d007	lmdb-0.9.17-0.src.rpm	lmdb.spec	PASS
base_source	perl-Devel-Symdump	src	0	2.18	1.1	a4890ae9f8af4ccf8bbe13a8f622a00b3c9c5c21e8ff89482b411793b4de6bd4	perl-Devel-Symdump-2.18-1.1.src.rpm	perl-Devel-Symdump.spec	PASS
unified_source	eventsystem	src	0	0.1.57	1	a4c25f6e724966c5fde9e582cec9e0a7d69c7844cc2aaac3c7f674c652f1d3a3	eventsystem-0.1.57-1.src.rpm	eventsystem.spec	PASS
unified_source	python3-colcon-cd	src	0	0.1.1	1	a4c3d15f9112ab22c40e663f19d99fd2e9064a1847871e60b39c6a501d57a8c6	python3-colcon-cd-0.1.1-1.src.rpm	python3-colcon-cd.spec	PASS
unified_source	perl-Eval-Closure	src	0	0.14	1	a4f6ffcd37cb58a9b8432a99cbebcf35720d067fb1adb08b47cf073403623952	perl-Eval-Closure-0.14-1.src.rpm	perl-Eval-Closure.spec	PASS
unified_source	rust-errno	src	0	0.3.0	1	a512e9211be524e470341c389d1942221de75ab895632f4d00403d33f05c32d1	rust-errno-0.3.0-1.src.rpm	rust-errno.spec	PASS
unified_source	python3-docutils	src	0	0.22.4	1	a53840e57d45d4df0617d0e22405e72ed3cb5fe69045fdaa9176b1975fc945e4	python3-docutils-0.22.4-1.src.rpm	python3-docutils.spec	PASS
unified_source	c-mock	src	0	0.4.0	0	a53e185068a57821ce8a9bb8619ec69040df62c7782ec0fc9de6f8222b1f91fd	c-mock-0.4.0-0.src.rpm	c-mock.spec	PASS
unified_source	iw	src	0	5.9	0	a5486feafb18b13006c0d1d0e91441d7fc12e8dc818055b8f4931992300b1de8	iw-5.9-0.src.rpm	iw.spec	PASS
base_source	util-macros	src	0	1.19.0	1.1	a559450a84122a09911afb0433467536b8035e4fbceab9168d7440636aa877a7	util-macros-1.19.0-1.1.src.rpm	util-macros.spec	PASS
base_source	nss	src	0	3.109	1.5	a581ae9c3afd924cc3fc7b6858e0d8ac229bc9f1182df85918da155e77b6e531	nss-3.109-1.5.src.rpm	nss.spec	PASS
base_source	python3-libxml2	src	0	2.15.1	1.3	a58dba8b92ee667695b32da59e061023160d5f77aa3be825e5eec7eecd2f50a4	python3-libxml2-2.15.1-1.3.src.rpm	python3-libxml2.spec	PASS
unified_source	python3-pytest-repeat	src	0	0.9.4	1	a597c00252a39e7592e364d9b28732e8579e58ca8ffb137d213439fa531e7999	python3-pytest-repeat-0.9.4-1.src.rpm	python3-pytest-repeat.spec	PASS
unified_source	grpc	src	0	1.76.0	0	a5a750d6426e66d54b9c4ec26f86adb9259dfc02fee01f2fa1c15e8be4f208cb	grpc-1.76.0-0.src.rpm	grpc.spec	PASS
unified_source	perl-Specio	src	0	0.48	1	a5ec314ee416090df704512625404d5e03e12741bf292eeae3e0ef04aa9d6325	perl-Specio-0.48-1.src.rpm	perl-Specio.spec	PASS
unified_source	perl-File-Which	src	0	1.27	0	a610f9bf36a1122add0dd61665f835aa2960214e2066294b0c781299253e76ea	perl-File-Which-1.27-0.src.rpm	perl-File-Which.spec	PASS
unified_source	perl-File-ShareDir	src	0	1.118	1	a65bd49fb219e63a7c61d1fbc9c605f9efeb2220bb9145834ecaf39fb28d80f2	perl-File-ShareDir-1.118-1.src.rpm	perl-File-ShareDir.spec	PASS
unified_source	default-fonts-sdk	src	0	1.2.1.0	10	a6711242c145052a36fe3a9207da3dcd0aaea82438cd73008ee3a8701379bd06	default-fonts-sdk-1.2.1.0-10.src.rpm	default-fonts-sdk.spec	PASS
unified_source	librua	src	0	0.5.17	0	a67dce9b0e09c137adafd67791407be57dbcff3c7115f84d4db3fa82d125f7c4	librua-0.5.17-0.src.rpm	librua.spec	PASS
base_source	gawk	src	0	3.1.5	2.2	a6b951aa7b4c609f858790e348ec8be9781599b359c5982951609637c0a2e521	gawk-3.1.5-2.2.src.rpm	gawk.spec	PASS
unified_source	rust-autocfg	src	0	1.1.0	1	a6e13bf54fd4221f50cda27e58c8384b4749aceb497e25c450deaa9f21f07c08	rust-autocfg-1.1.0-1.src.rpm	rust-autocfg.spec	PASS
unified_source	iotivity	src	0	1.2.1	0	a6e392c9cb077f8a86db8e872ab976398c0608559074dff8c582d41d47c01cdc	iotivity-1.2.1-0.src.rpm	iotivity.spec	PASS
unified_source	webapi-plugins	src	0	2.92	0	a7012a556c3a997525d9aec10d5cae74d8a3dc0d9f03016fb6a6320b35db8dda	webapi-plugins-2.92-0.src.rpm	webapi-plugins.spec	PASS
unified_source	mosquitto	src	0	1.6.8	0	a72675c8c9865d20c8f92875da6046390b8c62a6599ec4d776b5801fb4ff810a	mosquitto-1.6.8-0.src.rpm	mosquitto.spec	PASS
unified_source	rust-fragile	src	0	2.0.0	1	a736707f0c4282a15c27480d1626f6384f8909971f43e77200724dca8e0a6df6	rust-fragile-2.0.0-1.src.rpm	rust-fragile.spec	PASS
base_source	build-compare	src	0	2023.06.18	1.5	a75d46e22aaa5bf3f1a08782358773c6cedbbd91e0558e7d652b833f459b1a3d	build-compare-2023.06.18-1.5.src.rpm	build-compare.spec	PASS
unified_source	capi-network-inm	src	0	0.1.24	1	a7d43e7b40dd1e464cfe4679da618852424e65daedd4708e64e6a939ddf2cef4	capi-network-inm-0.1.24-1.src.rpm	capi-network-inm.spec	PASS
unified_source	opencore-amr	src	0	0.1.3	2	a7e1f626046fe974d02982baac68e381722fe85d12997189fccfe04fd5788318	opencore-amr-0.1.3-2.src.rpm	opencore-amr.spec	PASS
base_source	boost-jam	src	0	201104	2.2	a805f6f613fcbe270283ed30a22f9b2afc3023d0815d59de37a3dbd8e841d8c7	boost-jam-201104-2.2.src.rpm	boost-jam.spec	PASS
unified_source	rust-owning_ref	src	0	0.4.1	1	a81f0f89dd3e2adadd9f95180ff6c26442d0eaf9cf83742349fc60287d246fab	rust-owning_ref-0.4.1-1.src.rpm	rust-owning_ref.spec	PASS
unified_source	rust	src	0	1.90.0	1	a8cc6ab90aeecf71116bd48aa4420bac8c5de37b06773e0f9a0ebffa79931b62	rust-1.90.0-1.src.rpm	rust.spec	PASS
unified_source	syspopup	src	0	0.3.9	0	a8d013d0133ae2579c66f8a5c2de74e6aa130571266f9117154e0aa22a42e320	syspopup-0.3.9-0.src.rpm	syspopup.spec	PASS
unified_source	rust-dlog	src	0	0.1	1	a8d7b76e0e3c488dbf8c17397f9023278e16aad35787be5d917d59f170cc4443	rust-dlog-0.1-1.src.rpm	rust-dlog.spec	PASS
unified_source	leveldb	src	0	1.23	1	a8d7b861e0207c0e8267db9813808b109d3d27130b9dafb568cb1dfd706aa110	leveldb-1.23-1.src.rpm	leveldb.spec	PASS
unified_source	mesa	src	0	24.3.4	0	a8f9b0c952dd9fbfdb589e6aedea0fba3222be56beb7b6afcb4077a5f3527125	mesa-24.3.4-0.src.rpm	mesa.spec	PASS
unified_source	system-plugin-emulator	src	0	0.1.12	1	a8fc8db3c55f4ed3c8066848174edb3e3b574416545292cb40fb5b17a64134ff	system-plugin-emulator-0.1.12-1.src.rpm	system-plugin-emulator.spec	PASS
unified_source	rust-slab	src	0	0.4.8	1	a977e78c2cb73c59b7780050594bd8d7dd18e6528eee7ef612a5b30cccf0bfb5	rust-slab-0.4.8-1.src.rpm	rust-slab.spec	PASS
unified_source	opencl-headers	src	0	v2022.01.04	0	a980ae37e4f293326f9f6b23a0503cc2db7a58c0ddb775b4dcefd30260e7caa5	opencl-headers-v2022.01.04-0.src.rpm	opencl-headers.spec	PASS
unified_source	training-engine-interface	src	0	0.3.2	0	a9b774f695b17a918304de51b5277f1e606955c8d9e158e7526edce7b168af75	training-engine-interface-0.3.2-0.src.rpm	training-engine-interface.spec	PASS
base_source	lua	src	0	5.1.5	1.14	aa0f60456f1481afb4b188b8e646d8e16944808666e7a01acfea612c7b501af7	lua-5.1.5-1.14.src.rpm	lua.spec	PASS
unified_source	org.tizen.systemui	src	0	1.0.3	1	aa572eb7459fe6fb084eaf902c79a8c30e1d38e1443eeea070a9ddb7e3dca5b6	org.tizen.systemui-1.0.3-1.src.rpm	org.tizen.systemui.spec	PASS
unified_source	atk	src	0	2.36.0	0	aa6406cf5c9f95fdcae18875d49a3ef5485bcf25ca41cb9fdc7d315c9b03c874	atk-2.36.0-0.src.rpm	atk.spec	PASS
unified_source	rust-spin	src	0	0.9.5	1	aa7f94b7a9cdf57a18a229b81846266eb01afc818be05e157e298f6524205b3e	rust-spin-0.9.5-1.src.rpm	rust-spin.spec	PASS
unified_source	vision-source	src	0	1.0.0	0	aa84b97a6962feeaaaeda46e657c8ecde6e3f59f18d6bac8a02ec675b4e473b9	vision-source-1.0.0-0.src.rpm	vision-source.spec	PASS
unified_source	python-numpy	src	0	1.16.6	0	aab786eb85c524f347d7217c2e2027f80d6e1835297f9b0d5c1a80c9572c9f5d	python-numpy-1.16.6-0.src.rpm	python-numpy.spec	PASS
unified_source	rust-hashbrown	src	0	0.13.2	1	ab3d87f839a288008733503025dcbee8846e56e86d3ad47e95a15054df29f7cc	rust-hashbrown-0.13.2-1.src.rpm	rust-hashbrown.spec	PASS
unified_source	wgt-backend	src	0	0.18.6	1	ab5004f36389c87feab5a074994e1a4c417f2650dcd0f9e43fc923e355fb3c3f	wgt-backend-0.18.6-1.src.rpm	wgt-backend.spec	PASS
unified_source	security-config	src	0	1.0	1	ab6d0105be61bd6ea425767f094b4d4cc96edeb6f688b89355cbf573b91d53ef	security-config-1.0-1.src.rpm	security-config.spec	PASS
base_source	meson	src	0	1.9.1	1.4	ab758babcc1c48385f832dcd163e08825eb1cae91caf070b7ab56214ea81f44b	meson-1.9.1-1.4.src.rpm	meson.spec	PASS
unified_source	angle	src	0	2.1	1	ab91e54839404ad07a6ce9fab25bac46d46f1110e1d2e7c630975d2b02140180	angle-2.1-1.src.rpm	angle.spec	PASS
base_source	uthash	src	0	2.3.0	1.13	abc9e3d2e2d61c745dd5172f823ddf1290bd2be8066416ba39eef725b6de6a49	uthash-2.3.0-1.13.src.rpm	uthash.spec	PASS
unified_source	hal-api-bluetooth	src	0	0.0.1	1	abde5af8d072775cad82c3d9123509ba55c3dbac4b81c0754b758e58aff23127	hal-api-bluetooth-0.0.1-1.src.rpm	hal-api-bluetooth.spec	PASS
unified_source	org.tizen.vc-engine-default	src	0	1.90.1	1	ac1cc2d1a7e144eb554779372dc1e4ba11cbfb55612b4734795ad6ec805be669	org.tizen.vc-engine-default-1.90.1-1.src.rpm	org.tizen.vc-engine-default.spec	PASS
unified_source	capi-media-codec	src	0	1.2.8	0	ac3eb7f14a822de8be12816272b1e6fb853d6e02ad447577a570ffca4d722a55	capi-media-codec-1.2.8-0.src.rpm	capi-media-codec.spec	PASS
unified_source	app-installers	src	0	1.37.2	1	ac4dce7fdffcd6bc3f4a13abdf227bed7615e0e31b37d9ef452426ff62637134	app-installers-1.37.2-1.src.rpm	app-installers.spec	PASS
unified_source	tizen-core-imf	src	0	0.2.17	0	ac53f42401c1f503bba598fc6ec9926ba3fc0e3e38b30355ee7fa820ac568599	tizen-core-imf-0.2.17-0.src.rpm	tizen-core-imf.spec	PASS
unified_source	webrtc-audio-processing	src	0	0.3.1	2	ac6fda59cc3242cbecb0469be3dfd80f79fccd8527b5b1021260b81f8ae305cb	webrtc-audio-processing-0.3.1-2.src.rpm	webrtc-audio-processing.spec	PASS
base_source	groff	src	0	1.23.0	2.2	acb9ca875dec7c222d20ff5e55854468419b6421df5c07d081345cdb9f24f9f1	groff-1.23.0-2.2.src.rpm	groff.spec	PASS
base_source	app-rootstrap-checker	src	0	1.0.0	2.1	ad277a8c2ce9113091b4aa6666f466d48995fdb0bf640482d6d1d02ca7ce4923	app-rootstrap-checker-1.0.0-2.1.src.rpm	app-rootstrap-checker.spec	PASS
unified_source	gccmakedep	src	0	1.0.2	0	ad322934914ef991a3117c326faa576d2bd7d32cee9d1bb654c2b0dfbf0f4f0d	gccmakedep-1.0.2-0.src.rpm	gccmakedep.spec	PASS
unified_source	pacrunner	src	0	0.9	0	ad4c4fb619bf707844c818cf6dfe14efa82b2c03cbb12a46de8c50ccea30b50e	pacrunner-0.9-0.src.rpm	pacrunner.spec	PASS
base_source	libdrm	src	0	2.4.131	1.3	add0638f9116298fa0dbca03cd5487d2cf08cf4d2d7c0492abb41227397053df	libdrm-2.4.131-1.3.src.rpm	libdrm.spec	PASS
unified_source	pass	src	0	2.0.1	1	adf339e2731b3474503e4d338c7f39dc6d317a7b3fab7eec87a01315fd3adcf0	pass-2.0.1-1.src.rpm	pass.spec	PASS
unified_source	capi-ui-sticker	src	0	1.3.5	1	ae0efe6acfdd666decd345794c544dc60be5715cbceebd15207a1273464a8a95	capi-ui-sticker-1.3.5-1.src.rpm	capi-ui-sticker.spec	PASS
unified_source	efl-theme-tizen-common	src	0	1.0	0	ae19922ee671bf989ff1b507d5548b1ab68ac4887c4ee1dbefe320690db5db57	efl-theme-tizen-common-1.0-0.src.rpm	efl-theme-tizen-common.spec	PASS
unified_source	libtar	src	0	1.2.20	0	ae2899aac216363b826f8c61935c7639c13d19a7c57d7462a392959d5a55fb9b	libtar-1.2.20-0.src.rpm	libtar.spec	PASS
base_source	texinfo	src	0	7.2	1.14	ae6e13790da5ac7bc977cde2a755b294e476da6fef469d003ea1f69369155cde	texinfo-7.2-1.14.src.rpm	texinfo.spec	PASS
unified_source	capi-appfw-package-manager	src	0	0.15.3	1	ae80851c43189f7798990d24bc171663f7fc311b1f5aad1bf98a0e5d17ac6e1f	capi-appfw-package-manager-0.15.3-1.src.rpm	capi-appfw-package-manager.spec	PASS
unified_source	ise-engine-unikey	src	0	0.3.2	1	ae94971f32bc063fc343f01494685a6c6c90a1183984a2e212ed861d262bd4e4	ise-engine-unikey-0.3.2-1.src.rpm	ise-engine-unikey.spec	PASS
unified_source	lcov	src	0	2.4	1	af207605de66458274c82cdff1f9d7ab3da92022b4f43512484c0dc978dc5419	lcov-2.4-1.src.rpm	lcov.spec	PASS
unified_source	hal-backend-device-generic	src	0	0.0.1	0	af30f5cba2cb5263d3f3fe630fae2d347409631b96d1d5c9db4a1df96ef176a9	hal-backend-device-generic-0.0.1-0.src.rpm	hal-backend-device-generic.spec	PASS
unified_source	headless-server	src	0	0.0.1	0	af5982c9baf146df6f278a6cde02c1947092fc3f05285ebc355e15b8fe8579d5	headless-server-0.0.1-0.src.rpm	headless-server.spec	PASS
unified_source	yaml	src	0	0.2.5	1	afaccad2349ecd360fe8b8a5f04164c206fe234ad8b388a4f8b75d442cb3b849	yaml-0.2.5-1.src.rpm	yaml.spec	PASS
base_source	boost	src	0	1.83.0	2.2	afe9fa14713d6aa774d1a9eb321d79bbbf6d66bd2b30be9795c407eae00dcaae	boost-1.83.0-2.2.src.rpm	boost.spec	PASS
unified_source	rust-erased-serde	src	0	0.3.24	1	b004eed113fe7b9014440ef84249727a9112c033a754a5734ef047c1886a5346	rust-erased-serde-0.3.24-1.src.rpm	rust-erased-serde.spec	PASS
base_source	perl-XML-Parser	src	0	2.47	1.13	b00676542701404035a7db5bd6399a0853ca438f94385c047745cc5873dac09d	perl-XML-Parser-2.47-1.13.src.rpm	perl-XML-Parser.spec	PASS
unified_source	augeas	src	0	1.14.1	0	b00f7431c620628d8f555576022bbc1feb451403d1325b5d122772c734e0fe72	augeas-1.14.1-0.src.rpm	augeas.spec	PASS
unified_source	python3-jinja2	src	0	3.1.3	1	b0218cd456f5fa6f32b4bc5cc96f7089cd3a7e6ab13564bfa488bb49e9cfc28f	python3-jinja2-3.1.3-1.src.rpm	python3-jinja2.spec	PASS
unified_source	python3-importlib-metadata	src	0	8.7.1	1	b03271107ee6e10cc6813850849a5f6df2c1bf96fc6c09aff1fd0a008d6ab082	python3-importlib-metadata-8.7.1-1.src.rpm	python3-importlib-metadata.spec	PASS
unified_source	rust-float-cmp	src	0	0.9.0	1	b04944bc24d2068f3dfc234fdb65ef19b1a37dda240b8c8f5f6193481c9a04f4	rust-float-cmp-0.9.0-1.src.rpm	rust-float-cmp.spec	PASS
unified_source	iso-codes	src	0	4.18.0	1	b05ee7c043902a6c3a2adb6509e33d8162eb14a7b0da3b59dce98e2b5fad29e1	iso-codes-4.18.0-1.src.rpm	iso-codes.spec	PASS
unified_source	rust-atomic-polyfill	src	0	1.0.1	1	b089bbbc4e7f5279f27cda2de24f25bdf7ca4ed63c96c5e9f029fbf158eeea68	rust-atomic-polyfill-1.0.1-1.src.rpm	rust-atomic-polyfill.spec	PASS
unified_source	rust-regex-syntax	src	0	0.6.28	1	b0eb8370c36743e3eab8a671129c54f4a9b478d097c2cb0411d16d781548338d	rust-regex-syntax-0.6.28-1.src.rpm	rust-regex-syntax.spec	PASS
unified_source	rust-parking_lot	src	0	0.12.1	1	b0f2b194c59e7b9a83f38dcbc24926d5d1468307999135faa4c5b6c0a2c8654e	rust-parking_lot-0.12.1-1.src.rpm	rust-parking_lot.spec	PASS
base_source	python-lxml	src	0	4.6.2	2.2	b1053595303263d70f5542ee0b7ae69dead778ee86da20f5d879c48a99d53010	python-lxml-4.6.2-2.2.src.rpm	python-lxml.spec	PASS
unified_source	libscreen_connector	src	0	1.9.12	1	b15167565c482a048c2728939f8f0c540bd80913580ad0c0ecc2aa85216fe6d1	libscreen_connector-1.9.12-1.src.rpm	libscreen_connector.spec	PASS
base_source	itstool	src	0	2.0.7	1.1	b1729de972477310989496b76ec5a528f6c09c8a542a6ba6d46d6d2647980b16	itstool-2.0.7-1.1.src.rpm	itstool.spec	PASS
base_source	pcre	src	0	8.45	1.14	b1946d4029d7421e977cf22f7d96714b5584f6fa3a251a794d976ecdb574769b	pcre-8.45-1.14.src.rpm	pcre.spec	PASS
unified_source	hal-backend-security-keys	src	0	1.0.0	0	b1acec65395bd0fc84b790c5e7214d5dcd9ebfe7f9c79bfcab7fc78ddd4ad821	hal-backend-security-keys-1.0.0-0.src.rpm	hal-backend-security-keys.spec	PASS
unified_source	autofill-config-mobile	src	0	0.1.11	1	b1ad936dbbd24f060433740f8869fd6589b3dae88f2938f37cf49600c7cfbd65	autofill-config-mobile-0.1.11-1.src.rpm	autofill-config-mobile.spec	PASS
unified_source	data-router	src	0	0.2.18	1	b1b71c1949db1e85010aed0777b60d97b7fddd90d7e4c35e63541aa28df6f405	data-router-0.2.18-1.src.rpm	data-router.spec	PASS
unified_source	srt	src	0	1.5.0	1	b1be0c2fcbe22ae7122f0bc3cf0bff314c82d40097a2723a775f636308031035	srt-1.5.0-1.src.rpm	srt.spec	PASS
base_source	gmp	src	0	4.2.1	1.15	b212cc7c3f440d8073b9bb3ffd2ece8188ae1ef9626cec81c7a5de74cc9462ff	gmp-4.2.1-1.15.src.rpm	gmp.spec	PASS
unified_source	rust-io-lifetimes	src	0	1.0.6	1	b233385c83f7567e5bffd469953a1c606549dccddaf4df87d6acc5f4ec0d7de9	rust-io-lifetimes-1.0.6-1.src.rpm	rust-io-lifetimes.spec	PASS
unified_source	org.tizen.cssetting-accessibility	src	0	1.1.0	1	b23b5240c617f295ca2255644583589a9b7d9ee170f4a8a5f3c26ec8fd2a5aa1	org.tizen.cssetting-accessibility-1.1.0-1.src.rpm	org.tizen.cssetting-accessibility.spec	PASS
unified_source	qc-camera-kernel	src	0	1.0	1	b25c96fb429e5666c4d5fd9a1caa2b05b151deffde589e63c486d9a12720a533	qc-camera-kernel-1.0-1.src.rpm	qc-camera-kernel.spec	PASS
unified_source	rust-crossbeam-deque	src	0	0.8.3	1	b2633dc52d0c489a42e6952251fd701b03d6ecaed153de70127675c2ddf9fa5e	rust-crossbeam-deque-0.8.3-1.src.rpm	rust-crossbeam-deque.spec	PASS
base_source	libarchive	src	0	3.8.1	1.12	b26aebe5f57748ddc111100771cd244c0b5d9249935bffc6e8a5be8754b2be76	libarchive-3.8.1-1.12.src.rpm	libarchive.spec	PASS
unified_source	rust-sval_derive	src	0	0.5.2	1	b290963eddba0c55e162c661206b2f4b4061227cebb50b12e68f3df11840f50c	rust-sval_derive-0.5.2-1.src.rpm	rust-sval_derive.spec	PASS
unified_source	wgt-manifest-handlers	src	0	1.11.1	1	b2c694cb0fcb65c335fbaa603249d5b3be444e19cdfeb3bdfc2016629406f32e	wgt-manifest-handlers-1.11.1-1.src.rpm	wgt-manifest-handlers.spec	PASS
unified_source	capi-context-motion	src	0	2.0.3	1	b2cdf59324663b11a7d2d73c91dab5944b883f021bfc952c7e117da8de3f0e20	capi-context-motion-2.0.3-1.src.rpm	capi-context-motion.spec	PASS
unified_source	rive-tizen	src	0	0.2.0	1	b330d05de2668472e88f9d5c72d99b3ee1d8231c7c6ddb9c718107d18743d8a2	rive-tizen-0.2.0-1.src.rpm	rive-tizen.spec	PASS
unified_source	cairo	src	0	1.14.2	0	b33e9cf2af9fa0b21b4c838c6df2dccb05a27f84b08c7468c0c02b6bdd2b7684	cairo-1.14.2-0.src.rpm	cairo.spec	PASS
unified_source	libgbm-msm	src	0	1.0.0	0	b39749c2505bdd98fa9e96577806b88ab76cec73cdaf18ea76df1976e2fdcfe3	libgbm-msm-1.0.0-0.src.rpm	libgbm-msm.spec	PASS
base_source	make	src	0	4.4.1	1.13	b39ad92af54ab04f4fdc8594294ffc5ed65ce7fe50c3201d779e7d6f8a54f13d	make-4.4.1-1.13.src.rpm	make.spec	PASS
unified_source	capi-media-wav-player	src	0	0.3.15	0	b3bd3156bb1dd2db52e7f5c6a99b5389f65dd6116ebe02eacca4ad2eb283104d	capi-media-wav-player-0.3.15-0.src.rpm	capi-media-wav-player.spec	PASS
unified_source	rust-lazy_static	src	0	1.4.0	1	b3be872fae4ca3cb025dc4944898122b39c894dc98b62c6470baa05db1e288fb	rust-lazy_static-1.4.0-1.src.rpm	rust-lazy_static.spec	PASS
base_source	perl-gettext	src	0	1.07	1.13	b41902be9fe771e89b0b42854dfefb15f921678f84e447930ca5aaf3219b3076	perl-gettext-1.07-1.13.src.rpm	perl-gettext.spec	PASS
unified_source	capi-web-url-download	src	0	1.2.12	0	b48f17996f8d81f67420c4b4bd752c1da33f243012637c5ca0049a679d63d248	capi-web-url-download-1.2.12-0.src.rpm	capi-web-url-download.spec	PASS
unified_source	capi-system-sensor	src	0	0.2.5	1	b49d7f509775fd072a0491e3df2933051693bc424f0a22a9f4600003f993cfb5	capi-system-sensor-0.2.5-1.src.rpm	capi-system-sensor.spec	PASS
unified_source	rust-target-lexicon	src	0	0.12.6	1	b5854dfb35d68262ffacd53811454f17ebce73e589d87621a25d6e44aab9df86	rust-target-lexicon-0.12.6-1.src.rpm	rust-target-lexicon.spec	PASS
unified_source	deltarpm	src	0	3.5.git	0	b58556341954613a7c4c53659226c7a87af189673355ca400d6495b1e91afa7e	deltarpm-3.5.git-0.src.rpm	deltarpm.spec	PASS
unified_source	mdg-manager	src	0	0.0.1	0	b58b71bb47e6103afbd8a02ab5a2017420cfec0ae709a5f3e7eda4f139e6ff65	mdg-manager-0.0.1-0.src.rpm	mdg-manager.spec	PASS
unified_source	training-engine-nntrainer	src	0	0.1.5	0	b599e3a6b4bbd56a216c206ea32650398d6ab34ee928c8a253915620da6d940a	training-engine-nntrainer-0.1.5-0.src.rpm	training-engine-nntrainer.spec	PASS
unified_source	rust-num-traits	src	0	0.2.15	1	b5c99be6fb507e3362697a96fbb23e7e1c4de451e9f27526ee5564dfcf406658	rust-num-traits-0.2.15-1.src.rpm	rust-num-traits.spec	PASS
unified_source	rust-toml_edit	src	0	0.19.8	1	b5e54c9717ae6ad28d50722dd398ac705740138403becd33b565f358204b3cc8	rust-toml_edit-0.19.8-1.src.rpm	rust-toml_edit.spec	PASS
base_source	shadow-utils	src	0	4.1.4.2	7.2	b6113a819c96139fa1548379c0efca2ee622b378a997dec3c0a8614b8f2414db	shadow-utils-4.1.4.2-7.2.src.rpm	shadow-utils.spec	PASS
base_source	c-ares	src	0	1.21.0	1.2	b65f1df5ee471c04ed53939f0c0ed5aebc4a7522b1bb619901018dfd4410f082	c-ares-1.21.0-1.2.src.rpm	c-ares.spec	PASS
unified_source	rust-downcast	src	0	0.11.0	1	b67a2795014311b02f77c58d8086f26105b0f6e81df166952cd1a1eb3da8e9ac	rust-downcast-0.11.0-1.src.rpm	rust-downcast.spec	PASS
base_source	icecream	src	0	0.9.7	1.2	b690454cf4f4a783a5996804cfca22b924d0e38a9f1e66ad8adce52f5a4948b9	icecream-0.9.7-1.2.src.rpm	icecream.spec	PASS
unified_source	rust-parking_lot_core	src	0	0.9.7	1	b6de80766b478ae5a23cb6b6ee1697031ae35242b25d24ae186ad899a1be1674	rust-parking_lot_core-0.9.7-1.src.rpm	rust-parking_lot_core.spec	PASS
unified_source	python3-vcstool	src	0	0.3.0	1	b72d3a2f32b3e3963452d2731cd1861da935471db4dd19574dfd6be4a4bbe347	python3-vcstool-0.3.0-1.src.rpm	python3-vcstool.spec	PASS
unified_source	capi-ui-autofill	src	0	0.11.1	1	b76d7b0102862605e6af3e37637340c05ea17ecc273def0c222b606f6a4b7a3a	capi-ui-autofill-0.11.1-1.src.rpm	capi-ui-autofill.spec	PASS
base_source	findutils	src	0	4.3.8	1.16	b7b01e45af51c68a8eb318ac858cc7f9c244f444bd87ef3beef3432889cd23e2	findutils-4.3.8-1.16.src.rpm	findutils.spec	PASS
unified_source	qc-graphics-kernel	src	0	1.0	2	b7ed438aa23d356b2f164442a0322993a0a5121460d78d3a2ad94a5dc78e199a	qc-graphics-kernel-1.0-2.src.rpm	qc-graphics-kernel.spec	PASS
unified_source	capi-appfw-app-manager	src	0	0.18.0	1	b8462e3ea4f928882a83e4dce1a435081e4c7f5f7c56b0e6144587b81a1fbd74	capi-appfw-app-manager-0.18.0-1.src.rpm	capi-appfw-app-manager.spec	PASS
unified_source	attach-panel-camera	src	0	0.1.0	1	b8610158ee2c391da0d79bbc1dadee2ed510b6083df58511858b0122a3e4161a	attach-panel-camera-0.1.0-1.src.rpm	attach-panel-camera.spec	PASS
unified_source	perl-Sub-Exporter-Progressive	src	0	0.001013	1	b873b25a4fdf2d3eb15855ad21d18ddc22bbba8714d9180a291c7c5260d47fc6	perl-Sub-Exporter-Progressive-0.001013-1.src.rpm	perl-Sub-Exporter-Progressive.spec	PASS
unified_source	python3-empy	src	0	4.2	0	b886704b6e55c01f6512b2a0d399bdc300878126ca4d2d183c5b9852c8e48125	python3-empy-4.2-0.src.rpm	python3-empy.spec	PASS
unified_source	cert-svc	src	0	3.0.0	0	b92dec80bf81b353a37ac1d53c068b18756fd707b79529539a25fbd78929f458	cert-svc-3.0.0-0.src.rpm	cert-svc.spec	PASS
base_source	python-argparse	src	0	1.4.0	2.1	b9310f2fb60564e6d5137332c432b58e085bbec5329bc2a0121769256f719f01	python-argparse-1.4.0-2.1.src.rpm	python-argparse.spec	PASS
unified_source	org.tizen.tts-engine-default	src	0	1.100.1	1	b972e7f85212b2e3980aa06a4df5bea88f1152c187d1e38412380d70c50df11b	org.tizen.tts-engine-default-1.100.1-1.src.rpm	org.tizen.tts-engine-default.spec	PASS
unified_source	libdatrie	src	0	0.2.13	0	b990f906528fd989095c945ca8e4bdcb22ca2b22bd9d7aaebbd67fe0507c9778	libdatrie-0.2.13-0.src.rpm	libdatrie.spec	PASS
base_source	perl-libwww-perl	src	0	6.81	1.1	b9b9bb8d8ef7f135d8fe569b6adf77f788b488a68b05f9fcd0a3f5f99a4111f1	perl-libwww-perl-6.81-1.1.src.rpm	perl-libwww-perl.spec	PASS
unified_source	stability-monitor	src	0	6.6.0	0	b9c3046c9d5eb500fa585e3cc17745b4ef3ca4c009eb40db0fde48016b570019	stability-monitor-6.6.0-0.src.rpm	stability-monitor.spec	PASS
base_source	lttng-ust	src	0	2.14.0	1.2	b9df9278682820eed443b18b7b06eb1804ba5eed7da93717cf607b4b40d6922b	lttng-ust-2.14.0-1.2.src.rpm	lttng-ust.spec	PASS
unified_source	rust-libc	src	0	0.2.172	1	b9fbd28e5f5c434fe8cc85e4d30e596b04a7ed7c95ac4bc11fb04aaab1b700d2	rust-libc-0.2.172-1.src.rpm	rust-libc.spec	PASS
unified_source	perl-DateTime-Locale	src	0	1.44	1	b9fbee7225ae19ecde6147f6cc7068224ae83876ba9e6c39c6696e92f44200e8	perl-DateTime-Locale-1.44-1.src.rpm	perl-DateTime-Locale.spec	PASS
unified_source	rust-unicode-xid	src	0	0.2.4	1	ba1e5fbb6f8a77cfd1e891cb59b7ca8f10f50d0aec428ef29638f55c1bdf7b1a	rust-unicode-xid-0.2.4-1.src.rpm	rust-unicode-xid.spec	PASS
unified_source	libnice	src	0	0.1.22	2	ba1f573c7f822e4c2c35eb48c952cdfdef4ff8a1de19337eed602a768b57b94b	libnice-0.1.22-2.src.rpm	libnice.spec	PASS
unified_source	libmm-sound	src	0	0.14.8	0	bac20b16d976b095d53dd8d07f783dd9efc2c07f896c1ef2826ee932042f69b9	libmm-sound-0.14.8-0.src.rpm	libmm-sound.spec	PASS
unified_source	xwalk-extensions-common	src	0	0.0.1	1	bafc2efbd5d3d36e3405d3b9cd0ff2f6a4753dd90b967769e5e8cae4c996267a	xwalk-extensions-common-0.0.1-1.src.rpm	xwalk-extensions-common.spec	PASS
unified_source	tizen-action	src	0	1.3.13	1	bb25c05d6575b3cfd384aad5658b24ad58c12cfb5b15e7bf6bcab1cb33a022e4	tizen-action-1.3.13-1.src.rpm	tizen-action.spec	PASS
unified_source	hal-backend-device-vim3	src	0	0.0.1	0	bb26ed1d1a43ccf23645b0231ccf2bff2bc100b7c3911787245611c979db13df	hal-backend-device-vim3-0.0.1-0.src.rpm	hal-backend-device-vim3.spec	PASS
unified_source	tts	src	0	1.100.10	1	bb6b9999b89ec99b463186cc7d9ecb0efe93811845a7b259d921d4fd50f983d1	tts-1.100.10-1.src.rpm	tts.spec	PASS
unified_source	pkgmgr-info	src	0	0.37.2	1	bb871e5e06957be8a72c203df07ecaae49dd1a18b006001072602344e4f11a5d	pkgmgr-info-0.37.2-1.src.rpm	pkgmgr-info.spec	PASS
unified_source	tizen-platform-config-meta	src	0	1.2	0	bb8bafbcc4e196869db6c4e94ff1a7c16de2679a888d97960b5d28c675768e8e	tizen-platform-config-meta-1.2-0.src.rpm	tizen-platform-config-meta.spec	PASS
base_source	python3-trove_classifiers	src	0	2025.12.1.14	1.4	bbc7616f2a09fb8426e8e6de1c3011e33f122aa485dd25a28b5c87b379d1c937	python3-trove_classifiers-2025.12.1.14-1.4.src.rpm	python3-trove_classifiers.spec	PASS
unified_source	dlog	src	0	9.0.2	1	bbde56a24836890fb8b26add6a5930fd8c4b7e8c6f430510079ccca3f48a5719	dlog-9.0.2-1.src.rpm	dlog.spec	PASS
base_source	unzip	src	0	610c25	2.3	bbfdad7c906a37f91faa1dcf31b658d9ff885fe3609fb0dd4cf96a359f1e568d	unzip-610c25-2.3.src.rpm	unzip.spec	PASS
base_source	docbook-xsl-stylesheets	src	0	1.79.2	2.1	bc3622d4c86b9913dede96cedbda2c72b8b2c61acdb2859c7192ece7232eb4a6	docbook-xsl-stylesheets-1.79.2-2.1.src.rpm	docbook-xsl-stylesheets.spec	PASS
unified_source	my-account-profile_mobile	src	0	1.9.106	1	bc5f685393a8ed311433e7984cc3ed030ceb78e008c40d5cdbe2aa3a905519f2	my-account-profile_mobile-1.9.106-1.src.rpm	my-account.spec	PASS
unified_source	account-parser	src	0	0.1.6	0	bca3460353f823c1539c924e62ab5a808a0440eaf2997d4374c0a7c28d5e6f01	account-parser-0.1.6-0.src.rpm	account-parser.spec	PASS
unified_source	org.tizen.cssetting-tts	src	0	1.0.0	1	bd385f6ebc183a98fe3b7c31d65b917789ce1c322fbc64acabd6e3269b2cf63f	org.tizen.cssetting-tts-1.0.0-1.src.rpm	org.tizen.cssetting-tts.spec	PASS
unified_source	libscl-core	src	0	0.11.3	1	bd6657014af2b2dd646ff822287c3570b85d9f5db9d1a0bc4a62ee2057b6f57f	libscl-core-0.11.3-1.src.rpm	libscl-core.spec	PASS
base_source	gcc-armv7l	src	0	14.2.0	1.5	bdb5ac8843df48545c1adcafcefd18677ed24dfab355d3695dc617f4803139cf	gcc-armv7l-14.2.0-1.5.src.rpm	gcc-armv7l.spec	PASS
unified_source	isf-config-common	src	0	0.1.3	1	bdfd5df826514a86ee46aeb7459c02f334a4919590628777bcb61a5d21b5e0b6	isf-config-common-0.1.3-1.src.rpm	isf-config-common.spec	PASS
unified_source	glib2	src	0	2.80.5	0	be274ab66a9f6095a3947cea37cb53238915c0877509a3ecccdbbd4736ce838b	glib2-2.80.5-0.src.rpm	glib2.spec	PASS
base_source	zstd	src	0	1.5.7	1.11	be3e207b0551d812a5f86822ede307009ea4cea8d69b5e90e205441c6268c4ad	zstd-1.5.7-1.11.src.rpm	zstd.spec	PASS
unified_source	protobuf	src	0	33.1	1	be496498d0d38b59b12a9625ddace0a2b29ff20fb858372fce9705c1cfa1744a	protobuf-33.1-1.src.rpm	protobuf.spec	PASS
unified_source	app-rootstrap-csharp-data-common	src	0	10.0.0	1	be4f4ec294e5f06cc687c9a4d5f3460e51ddaa02c1dcd4e8bc0bb90b1836793f	app-rootstrap-csharp-data-common-10.0.0-1.src.rpm	app-csharp-rootstrap-data-common.spec	PASS
unified_source	freealut	src	0	1.1.0	5	be76e8e9b477b710a12f02884b7b943a0d6bda45a29122c4a2997e61b043fa4e	freealut-1.1.0-5.src.rpm	freealut.spec	PASS
unified_source	capi-appfw-preference	src	0	0.6.24	0	be923ac79ca201383299e89234d1385d70700c06453b737c2bc499ea89ad99a8	capi-appfw-preference-0.6.24-0.src.rpm	capi-appfw-preference.spec	PASS
base_source	ninja	src	0	1.13.1	1.15	be94b53c0d5141f32566eec42546650cda2a7ea15b4291ddc70eaefff7ecc863	ninja-1.13.1-1.15.src.rpm	ninja.spec	PASS
base_source	perl-inc-latest	src	0	0.500	1.1	bec7b9a796a9c25372e76b5ca731ec3ee829d46f5603ececc7e4703b8659a448	perl-inc-latest-0.500-1.1.src.rpm	perl-inc-latest.spec	PASS
unified_source	capi-network-wifi-mesh	src	0	0.1.2	1	bed5f8bf4d792fd42a80abe08f20ce3b5f167e9d122e43bdd64eae578d8d2fc4	capi-network-wifi-mesh-0.1.2-1.src.rpm	capi-network-wifi-mesh.spec	PASS
unified_source	jq	src	0	1.8.1	1	bf1838aff522091ae186df46693fc93ba70b550b5a46c6766f0a3fe56f239a20	jq-1.8.1-1.src.rpm	jq.spec	PASS
unified_source	mmi-manager	src	0	1.0.3	0	bf1d0b782558c691b14f9ff3feefe5a1751d5d4c38729adee24dc6712f3086be	mmi-manager-1.0.3-0.src.rpm	mmi-manager.spec	PASS
unified_source	capi-ui-inputmethod-manager	src	0	0.10.1	1	bf4992523e316b3f13d0348e94e63db90bf1115daae97664ffb0fd6ba986d846	capi-ui-inputmethod-manager-0.10.1-1.src.rpm	capi-ui-inputmethod-manager.spec	PASS
unified_source	perl-Class-Data-Inheritable	src	0	0.10	0	bf74f7f08e09342e34895b913a8af8e5c02b97d9044b34b35f08c389cfb6939b	perl-Class-Data-Inheritable-0.10-0.src.rpm	perl-Class-Data-Inheritable.spec	PASS
unified_source	opencl-icd-loader	src	0	v2022.01.04	0	bf7d51bf41315bf66532751b5206b7c0caa58990d302450a08b167cf7b345928	opencl-icd-loader-v2022.01.04-0.src.rpm	opencl-icd-loader.spec	PASS
base_source	libunistring	src	0	1.4	1.14	bf85a116763c936b61a7d43f20d7bfdb82c16f96c94057695f2621f1d717558e	libunistring-1.4-1.14.src.rpm	libunistring.spec	PASS
unified_source	pattern-tools	src	0	001	1	c0040bc3b4e13d08113644e0b73e72faecc9ce891dae2d683848c5d224bbf348	pattern-tools-001-1.src.rpm	pattern-tools.spec	PASS
unified_source	ssat	src	0	1.4.0	0	c04dcddbd93a102cbcff34028fa21a06dbce58802cf3557cbc1fd53bd3d0760f	ssat-1.4.0-0.src.rpm	ssat.spec	PASS
base_source	ed	src	0	1.22.3	2.2	c04dd9cbf6c83f3ab918f368f623dc8c7f337ff4b1c5d9c527aea1e5729b40b5	ed-1.22.3-2.2.src.rpm	ed.spec	PASS
base_source	libunwind	src	0	1.6.2	1.2	c052b28872600b66c8ce99378ab40e3417aa87ff6fdb8ad5ba3dd6b250126b52	libunwind-1.6.2-1.2.src.rpm	libunwind.spec	PASS
base_source	grep	src	0	2.5.2	1.13	c06479f30294444560f87da0397bc0761679b816248cfaf75a56245d6d34e7b2	grep-2.5.2-1.13.src.rpm	grep.spec	PASS
unified_source	python-Cheetah	src	0	2.4.4	0	c08851fbe395d4d9c1d29e70698d51a4fd9588e0b7bca72bcc98d8064f121841	python-Cheetah-2.4.4-0.src.rpm	python-Cheetah.spec	PASS
unified_source	ise-engine-default	src	0	1.0.11	1	c0af4b4bfed83833d2553681083cebb10d9b5019d10044595ee7e45fae2563cc	ise-engine-default-1.0.11-1.src.rpm	ise-engine-default.spec	PASS
unified_source	dosfstools	src	0	4.2	0	c0bcb3dde848816e9ff2c211dad2fbc30264eafb75400c35d4db71b434990e5f	dosfstools-4.2-0.src.rpm	dosfstools.spec	PASS
unified_source	libtdm	src	0	3.4.0	0	c1f02be7af06ade248117f302f2576b5ce9bef276dde8d0e20fc20e4e5bf6315	libtdm-3.4.0-0.src.rpm	libtdm.spec	PASS
base_source	ninja	src	0	1.13.1	1.14	c230afb30c42752d60a0c9f36d31789477d9649b88b3ee54d34216efd2fdbd09	ninja-1.13.1-1.14.src.rpm	ninja.spec	PASS
unified_source	python-cython	src	0	0.29.21	0	c25cddd9211aa253f96a4bf6aa201f89687a31d98681ece561b35dfebcecbe96	python-cython-0.29.21-0.src.rpm	python-cython.spec	PASS
unified_source	at-spi2-core	src	0	2.44.1	1	c278ec70a0a953c4cdb20afe63e90ac10c8bd225ed85c933048fc057488dd1ab	at-spi2-core-2.44.1-1.src.rpm	at-spi2-core.spec	PASS
base_source	tcl	src	0	8.6.17	1.2	c2d6d763d73648549ea6f8a02b390d040dd353accaa57d881dc46786fd2f7df0	tcl-8.6.17-1.2.src.rpm	tcl.spec	PASS
base_source	python3-editables	src	0	0.5	1.5	c2db5fd54a8585bd6655019bb6dc02ab960bb01bfb24d5ad9f4b2add5b6afc4f	python3-editables-0.5-1.5.src.rpm	python3-editables.spec	PASS
unified_source	coregl	src	0	0.4.0	0	c2e8c92aa440af57243f22c58c8cd2fa016831b5dfb58fcff9c7c76dd04e5224	coregl-0.4.0-0.src.rpm	coregl.spec	PASS
unified_source	python3-pyproject-metadata	src	0	0.10.0	0	c31484538d42002d7dd873db2e66cbac13df7f364ed170cf4c45cbaddfbc13c3	python3-pyproject-metadata-0.10.0-0.src.rpm	python3-pyproject-metadata.spec	PASS
unified_source	e-mod-tizen-screen-reader	src	0	0.0.4	1	c33b82a26aaa169a84e9d71fe306d17e785eb134ff5250ee1e684f9e06a2b208	e-mod-tizen-screen-reader-0.0.4-1.src.rpm	e-mod-tizen-screen-reader.spec	PASS
unified_source	rust-document-features	src	0	0.2.7	1	c3b23c59b21f6522636e237906c76ab09a2b4f1c315275b4df98c87172fa4329	rust-document-features-0.2.7-1.src.rpm	rust-document-features.spec	PASS
base_source	icu	src	0	78.1	1.5	c442a7ad1ce33858c62f6614147d1fef5be8582c731062ca160cc1750eb11806	icu-78.1-1.5.src.rpm	icu.spec	PASS
unified_source	minicontrol	src	0	0.2.0	1	c44a18b78d5877ad546938775224474659cd20318d0139a3ac0549bab40fbef0	minicontrol-0.2.0-1.src.rpm	minicontrol.spec	PASS
base_source	python-markdown	src	0	3.1.1	1.1	c46a2681557046290de56c2e503d7d19eccb98d3804a7a14f06370accdabed1a	python-markdown-3.1.1-1.1.src.rpm	python-markdown.spec	PASS
unified_source	connectedhomeip	src	0	0.0.1	1	c46ad7f6c93704363db4bdb0bb50ed2de040e04ff4c4806b69974fbd95e25085	connectedhomeip-0.0.1-1.src.rpm	connectedhomeip.spec	PASS
unified_source	rust-rand_chacha	src	0	0.3.1	1	c492bcef2135dfbf5db018ce3f64fa72031f030c8136bbe800fd0c9a72480934	rust-rand_chacha-0.3.1-1.src.rpm	rust-rand_chacha.spec	PASS
unified_source	efl-config	src	0	0.1	0	c4d1c6d322230c3e55ae7aae97bdbbe5a22115dc1e066d11894f849921148160	efl-config-0.1-0.src.rpm	efl-config.spec	PASS
unified_source	usb-modeswitch	src	0	2.2.6	2	c4dcd8e914a09362209d81ac82e5b2331de48ea3c78bae51382e2e567539125c	usb-modeswitch-2.2.6-2.src.rpm	usb-modeswitch.spec	PASS
base_source	pcre	src	0	8.45	1.13	c4e3d18d83186f553a93d4aa3b1161f8ea5ac3982ed18268f53902952fd00391	pcre-8.45-1.13.src.rpm	pcre.spec	PASS
unified_source	capi-media-metadata-extractor	src	0	0.2.4	0	c4f501aa399d8e1aacea6b37eb930381f4b062a36c077683a40c9225190b74f8	capi-media-metadata-extractor-0.2.4-0.src.rpm	capi-media-metadata-extractor.spec	PASS
base_source	flex	src	0	2.6.4	1.13	c4fe4a3dc8f2f1491224da33ff3926b8b510f0beee1afd0a1bdede4bd8b5faa9	flex-2.6.4-1.13.src.rpm	flex.spec	PASS
unified_source	perl-Exception-Class	src	0	1.45	1	c52f010c31c7f925cd301ef528a631a8ee5b006e4de76fc1b51b77c2b121943e	perl-Exception-Class-1.45-1.src.rpm	perl-Exception-Class.spec	PASS
unified_source	hal-backend-drm-generic	src	0	1.0.3	0	c60d1e62de1ae30854a96842c019ffadfd1709d042a7b8b4e84e7dc86ed08c66	hal-backend-drm-generic-1.0.3-0.src.rpm	hal-backend-drm-generic.spec	PASS
unified_source	rust-crossbeam-channel	src	0	0.5.7	1	c622e571cd3142d31a5c81c80add3f18ecfd14b03df0380b3ebd5b47f19f4bfa	rust-crossbeam-channel-0.5.7-1.src.rpm	rust-crossbeam-channel.spec	PASS
unified_source	app-core	src	0	1.27.13	0	c637df44e0b9a006b65bfaa48069b1f6136e019c21d866f8c462c2f4934755bf	app-core-1.27.13-0.src.rpm	app-core.spec	PASS
unified_source	fuse	src	0	2.9.9	0	c64de5e3f72d40db63c99db197fb21b66c5386d26329f1c7c5ba34255b4c3324	fuse-2.9.9-0.src.rpm	fuse.spec	PASS
unified_source	shared-mime-info	src	0	1.7	0	c67e700c97d4c8d956821f2b09f38bf1a5ff12423b2763c6056db8733f0db8c5	shared-mime-info-1.7-0.src.rpm	shared-mime-info.spec	PASS
unified_source	libsoup	src	0	2.72.0	1	c6aa3e133c5879bdb7721d67d3f8cc0ee466c49b38168cabef21e7111dbe4c08	libsoup-2.72.0-1.src.rpm	libsoup.spec	PASS
unified_source	libcynara-commons	src	0	0.26.0	1	c6f584709df9ad47df5c5dfd491a542458652779cbe5a05eb379c5499af578f3	libcynara-commons-0.26.0-1.src.rpm	libcynara-commons.spec	PASS
base_source	elfutils	src	0	0.189	1.14	c72b514ad03b5128398607bea7534b1a5abd5ef8c4f16a5e32cbd9924554ac75	elfutils-0.189-1.14.src.rpm	elfutils.spec	PASS
unified_source	dali2-csharp-binder	src	0	2.5.26	1	c772216d1e6bc0b96369eb93e15d2c15394fefe6315e931a2bb56e6efe2b18e1	dali2-csharp-binder-2.5.26-1.src.rpm	dali-csharp-binder.spec	PASS
base_source	patch	src	0	2.8	1.14	c7731aecd8278c7d1322947f4f57d0cbdd295e1d0262533fe7eed9837a1d50a2	patch-2.8-1.14.src.rpm	patch.spec	PASS
unified_source	python3-more-itertools	src	0	10.8.0	0	c7904b7699aed85f3fb77448733f995baba87cce80472a632ef87abd841b30ed	python3-more-itertools-10.8.0-0.src.rpm	python3-more-itertools.spec	PASS
unified_source	rust-itertools	src	0	0.10.5	1	c802a612e7c48276fbb6c4561535850f0fd84d804431f86b849663474ccc8a18	rust-itertools-0.10.5-1.src.rpm	rust-itertools.spec	PASS
unified_source	org.tizen.webapp-addon-setting_tv	src	0	1.0.1	2	c84ee851ff3392a109508bf3002097b1fde10da7cd35c4f6cfbae932f2a1b8e1	org.tizen.webapp-addon-setting_tv-1.0.1-2.src.rpm	org.tizen.webapp-addon-setting.spec	PASS
unified_source	ne10	src	0	1.2.1	0	c84fe0333714239cd1f30b387647b052c99aa8f3e79622b23618a30722b7f29c	ne10-1.2.1-0.src.rpm	ne10.spec	PASS
unified_source	python3-pytz	src	0	2025.2	0	c851b8870ae511a438fc95cce9cb1a41aed22550639cae208a1460f9b4c822f3	python3-pytz-2025.2-0.src.rpm	python3-pytz.spec	PASS
unified_source	alure	src	0	1.2	3	c87424bdc6e51766005af0dbf14291e510f819b02fcf4d083bda8386e57f1916	alure-1.2-3.src.rpm	alure.spec	PASS
unified_source	libevdev	src	0	1.13.3	0	c87e32efd87beaa4aafbe5630a7ac056e5c70e0cb40581d4eddc60b7e3103657	libevdev-1.13.3-0.src.rpm	libevdev.spec	PASS
unified_source	brotli	src	0	1.1.0	0	c87f6ff881e6e666e1d4554ebfa464304c2618fb1acd0c7c71349b05d93e63df	brotli-1.1.0-0.src.rpm	brotli.spec	PASS
base_source	xmlstarlet	src	0	1.6.1	1.3	c8b2af7378ac2561bc2e4eb5f837f4110f151174542a55c48d51eb9b54ba738f	xmlstarlet-1.6.1-1.3.src.rpm	xmlstarlet.spec	PASS
unified_source	capi-appfw-application	src	0	0.10.2	0	c8ca0e2aad1a25ad1adc33eae7dd7233bf02de2e9b407c57c961c72d8a5315f0	capi-appfw-application-0.10.2-0.src.rpm	capi-appfw-application.spec	PASS
unified_source	libsrtp	src	0	2.3.0	2	c8d8da77e8e5d8971e8b343e77a77f4801133dbe524bcd26768555f5bf86c2a6	libsrtp-2.3.0-2.src.rpm	libsrtp.spec	PASS
unified_source	libFuzzer	src	0	5.0	0	c8df75e73c566e2dd8bd569888b807cc190678aa538357bbff9150495fca0e0c	libFuzzer-5.0-0.src.rpm	libFuzzer.spec	PASS
unified_source	zbar	src	0	0.10	23	c904ca3903666f090058bbab83acb9e3f752f8cdd0ca778c5a325df3167092c6	zbar-0.10-23.src.rpm	zbar.spec	PASS
unified_source	rust-arbitrary	src	0	1.2.3	1	c9c3269091ff594d6b395aae03c2c60a2880340db1dbb3818006c4837ed183f9	rust-arbitrary-1.2.3-1.src.rpm	rust-arbitrary.spec	PASS
unified_source	netcoredbg	src	0	3.1.2	1	c9fc2a384e7265340d07ec88b3410ea61949b9453fe204faeb9cdba066f7c09b	netcoredbg-3.1.2-1.src.rpm	netcoredbg.spec	PASS
unified_source	rust-mockall	src	0	0.11.4	1	ca152d4a49b495594dcd0c8fd7d62d245f5f5b71add2f416fb002337d6e74ebd	rust-mockall-0.11.4-1.src.rpm	rust-mockall.spec	PASS
base_source	taglib	src	0	1.13.1	1.3	cade495aa6afb77a9b0983e9e3f24f536af14528bbcbd0a8cb83d962197728ce	taglib-1.13.1-1.3.src.rpm	taglib.spec	PASS
base_source	python3-cython	src	0	3.2.4	1.5	cadf80c45e520a465813649ef18ed3d88fba81d83646631aa80930ea68c56d39	python3-cython-3.2.4-1.5.src.rpm	python3-cython.spec	PASS
unified_source	python3-protobuf	src	0	6.33.5	0	cb0159c182daefbbfb05fcb2c42a9b3a5c157fa9e15b2feb3a189862e344c9d3	python3-protobuf-6.33.5-0.src.rpm	python3-protobuf.spec	PASS
unified_source	capi-media-editor	src	0	0.1.1	0	cb21eece1fde804a2b89103e56110a11dfaeb514af46fe8052fa4fa81ce75fc4	capi-media-editor-0.1.1-0.src.rpm	capi-media-editor.spec	PASS
unified_source	factory-reset	src	0	1.1	2	cb41c2a708d3418f3d8c1dfcfcba8ff6ef34b57be32995b38802a5d4440ce0f5	factory-reset-1.1-2.src.rpm	factory-reset.spec	PASS
unified_source	linux-qc	src	0	6.6.52	0	cb6e6c447265989db453284ece26f139669749d91bef72d4843289f8cfc58b8f	linux-qc-6.6.52-0.src.rpm	linux-qc.spec	PASS
unified_source	lsof	src	0	4.91	0	cbb264018fefcf68fc42903709f3ceee0383893e781725dc6fc8c87b62a0681a	lsof-4.91-0.src.rpm	lsof.spec	PASS
unified_source	libmm-common	src	0	0.2.130	0	cbdcf898b29de78e700bef99d9b23c5543bfeb25e1ad1c426bebee0e8f630524	libmm-common-0.2.130-0.src.rpm	libmm-common.spec	PASS
unified_source	python3-lark-parser	src	0	1.3.1	1	cbe407e16686d5294037f8e97ade61706ee385a3f64fbc04d465825ef2067e93	python3-lark-parser-1.3.1-1.src.rpm	python3-lark-parser.spec	PASS
unified_source	libscl-ui-nui	src	0	0.11.2	1	cbf21860b9fe1fadb823d293f202c113587db13d3824cf7b85b8ec35efbc5174	libscl-ui-nui-0.11.2-1.src.rpm	libscl-ui-nui.spec	PASS
unified_source	org.tizen.oobe	src	0	1.2.0	1	cbf5297540b6c0a42e7076ba8e35b5fd4d760ddf67fbb588afb742648c675023	org.tizen.oobe-1.2.0-1.src.rpm	org.tizen.oobe.spec	PASS
unified_source	wifi-direct-manager	src	0	1.4.3	1	cc08666357298261fabe58a23a8a2ad057e109e298930f70e817c0a35b189da4	wifi-direct-manager-1.4.3-1.src.rpm	wifi-direct-manager.spec	PASS
base_source	python3-pyproject_hooks	src	0	1.2.0	1.9	cc0a9ad93d6789fc31e535d667aa4ecf6bd45f952bce5f3f4c494749800cf96a	python3-pyproject_hooks-1.2.0-1.9.src.rpm	python3-pyproject_hooks.spec	PASS
unified_source	data-provider-master	src	0	1.11.3	1	cc25161440d10a4999cc117c3e321a791f0e46990f6a7998089dfa25fd08c243	data-provider-master-1.11.3-1.src.rpm	data-provider-master.spec	PASS
unified_source	python3-hatch-vcs	src	0	0.5.0	1	cc7c77782be9d7addd412db36b7aea56bbcaf29e13e88f7ce25d1bc39499c6c7	python3-hatch-vcs-0.5.0-1.src.rpm	python3-hatch-vcs.spec	PASS
unified_source	libmm-player	src	0	1.1.9	0	cc8c1d47876746a83ec7572b0aa1ba4c7b9e0ddce918321f37301a189e58352e	libmm-player-1.1.9-0.src.rpm	libmm-player.spec	PASS
unified_source	perl-namespace-autoclean	src	0	0.31	1	ccc86efecbe8fe7c1d060dd9376a7c9484dc15477b0db3c36327befa815667c4	perl-namespace-autoclean-0.31-1.src.rpm	perl-namespace-autoclean.spec	PASS
unified_source	app-rootstrap-product	src	0	10.0.0	1	cccfcf3b105f232c81f25a0e2ee1f9b04274306a3b36d2d343e527308c4bf3fd	app-rootstrap-product-10.0.0-1.src.rpm	app-rootstrap-product.spec	PASS
unified_source	org.tizen.installer	src	0	0.1.6	1	cd22869a53568a49a890cb28ebb157d250ffdfb4a2df342f14e77cd7df743e9f	org.tizen.installer-0.1.6-1.src.rpm	org.tizen.installer.spec	PASS
unified_source	hal-backend-docker-config	src	0	0.1.0	0	cd2c31d39591aefd5ca243153fba94a4612e18f0b4e5ad1a4a9a19bdff4685ca	hal-backend-docker-config-0.1.0-0.src.rpm	docker-config.spec	PASS
unified_source	psmisc	src	0	23.7	1	cd2c7ba75ae263b55e2828740abc495655d744a4838883896f738035c84a0ac4	psmisc-23.7-1.src.rpm	psmisc.spec	PASS
unified_source	rust-unicode-ident	src	0	1.0.6	1	cd33cc5b1545e09eb61190eecfbe873302584de5b2eda0d71281ce3ad671afea	rust-unicode-ident-1.0.6-1.src.rpm	rust-unicode-ident.spec	PASS
unified_source	capi-network-nfc	src	0	0.4.0	0	cd34e30f5ecaa6ee48e17602c7d56e1ce5470e964e280f3290470ce0821ed2e8	capi-network-nfc-0.4.0-0.src.rpm	capi-network-nfc.spec	PASS
unified_source	component-based	src	0	1.6.7	1	cd54cc39fda3d1474c0cce33ff89618ab8ebf8d106a568edcf7dd22565880ead	component-based-1.6.7-1.src.rpm	component-based.spec	PASS
unified_source	dwarves	src	0	1.29	1	cd79afa90b22b424fd9f3fd0e6251a82eb1c6139851de4e3955503faea7bb024	dwarves-1.29-1.src.rpm	dwarves.spec	PASS
unified_source	linux-hwpm	src	0	36.4.4	0	cd90e3650fda6139bf34a2f151a5cf6ef51b8fa670f7b2af29415ed106fb0356	linux-hwpm-36.4.4-0.src.rpm	linux-hwpm.spec	PASS
unified_source	gperf	src	0	3.0.4	1	cd99cc9ffa7ea88ff49ca572e254410622fa24f669ea40f7eb3d1086550d9b8a	gperf-3.0.4-1.src.rpm	gperf.spec	PASS
base_source	libtirpc	src	0	1.3.3	1.2	cdaed4d94094020a42d52369d62d90cd7c3b97212fa94f45604836a8d1821651	libtirpc-1.3.3-1.2.src.rpm	libtirpc.spec	PASS
unified_source	tts-engine-rsc	src	0	0.0.2	1	cdd0378b60a7b7ca5a2a131c563f284c8de5fe56db0a01436a33d34df4dc52ce	tts-engine-rsc-0.0.2-1.src.rpm	tts-engine-rsc.spec	PASS
unified_source	rust-bitflags	src	0	1.3.2	1	cdd697ca46a9b0465c8f10e59d897b3de8bbae387f929f08014b5b607168a397	rust-bitflags-1.3.2-1.src.rpm	rust-bitflags.spec	PASS
unified_source	tzsh	src	0	1.5.8	0	cdf40bea9aec249b14f08dbb632897ee7559e88e224cbac7a8705bc0880e0e11	tzsh-1.5.8-0.src.rpm	tzsh.spec	PASS
unified_source	capi-media-webrtc	src	0	1.2.14	0	cdf9a7e796d56eef345ffcccd9dcca8740c5ee1c2387557c91bae81f83dd612d	capi-media-webrtc-1.2.14-0.src.rpm	capi-media-webrtc.spec	PASS
unified_source	capi-media-sound-pool	src	0	0.0.28	0	ce56fa04aff8efda8afe856f14fa86dde12983a3202297b704586d9ee3120075	capi-media-sound-pool-0.0.28-0.src.rpm	capi-media-sound-pool.spec	PASS
base_source	perl-gettext	src	0	1.07	1.14	ce8253ff0b456de22203d94439247313278877d7e1888d8c830d98c5671e5520	perl-gettext-1.07-1.14.src.rpm	perl-gettext.spec	PASS
base_source	patch	src	0	2.8	1.12	cebddfc25baea89729815ea75af188eccbf66174eb05586c93f57c0de6e892ab	patch-2.8-1.12.src.rpm	patch.spec	PASS
unified_source	pkgmgr-server	src	0	1.1.2	1	cec92bb16d20ab44889d6a0bc8fb094952cec2f26b8c0ab4b59c2001571bd835	pkgmgr-server-1.1.2-1.src.rpm	pkgmgr-server.spec	PASS
unified_source	hal-backend-tdm-drm	src	0	2.2.5	0	cec9480d065dc93d4ba57113f89a12c75f0be58de42e6b4c17e41de7f8864df0	hal-backend-tdm-drm-2.2.5-0.src.rpm	hal-backend-tdm-drm.spec	PASS
unified_source	org.tizen.MusicPlayer	src	0	1.0.5	1	cecef69b8b948169155fafb85cbfe7e13f4d566bc67eb2aa165e8c97792d723a	org.tizen.MusicPlayer-1.0.5-1.src.rpm	org.tizen.MusicPlayer.spec	PASS
unified_source	platform-extension	src	0	1.0.0	0	cf1674b53c45a8c0bc89daa0b7e45cc7123e63bbf552e2d7f8e439ef70208ba5	platform-extension-1.0.0-0.src.rpm	platform-extension.spec	PASS
unified_source	python-sqlite	src	0	2.6.3	0	cfac1a4861c7fa6b4a5e55b4add000bb3645dd79cd867d1a722b783c992a572a	python-sqlite-2.6.3-0.src.rpm	python-sqlite.spec	PASS
unified_source	vpnsvc-pkg	src	0	1.2.1	1	d0109e2ce0fc5fa736986ed9120f634e94a29a7fc1370014275e7cb44542a5a6	vpnsvc-pkg-1.2.1-1.src.rpm	capi-vpn-service.spec	PASS
unified_source	at-spi2-atk	src	0	2.38.0	0	d030b897a360f6159121776ba07d20fc82a5d8a2d26819d0b9381c03750d7d71	at-spi2-atk-2.38.0-0.src.rpm	at-spi2-atk.spec	PASS
unified_source	unified-model-config	src	0	11.0.0	0	d0bd405cfed5f94506aa68b335dcc99cdb51403f658b668e09b134818df7320e	unified-model-config-11.0.0-0.src.rpm	unified-model-config.spec	PASS
base_source	binutils-aarch64	src	0	2.43	2.2	d0ec89b19b248c5bb6743db53312864d659baf5e3f9839116761c6c2a1a7f247	binutils-aarch64-2.43-2.2.src.rpm	binutils-aarch64.spec	PASS
unified_source	libusbgx	src	0	0.1.0	0	d0fcfb2daf935ae67410605aa53bc2600c93a6c8ea1d40bdc4cf741a10ea6a85	libusbgx-0.1.0-0.src.rpm	libusbgx.spec	PASS
base_source	gcc-armv7l	src	0	14.2.0	1.4	d117ad8e51fee10a98dc62839331bb38ef423a404d5743f744c9230e84f1ab2e	gcc-armv7l-14.2.0-1.4.src.rpm	gcc-armv7l.spec	PASS
unified_source	perl-Params-ValidationCompiler	src	0	0.31	1	d11f0f4222621680096342756b11ec3c2fabd33a2428910df9b339f6f0fd3792	perl-Params-ValidationCompiler-0.31-1.src.rpm	perl-Params-ValidationCompiler.spec	PASS
unified_source	perl-File-ShareDir-Install	src	0	0.14	1	d1337c73f687d06184ed76a3c33ff06270171c67ad37a87664438a8bb1091760	perl-File-ShareDir-Install-0.14-1.src.rpm	perl-File-ShareDir-Install.spec	PASS
unified_source	npubin-fmt	src	0	3.0.2	0	d18aad68462006dbd87d23d60fe855faabcf67b7254c0f6872d370bde9374f7c	npubin-fmt-3.0.2-0.src.rpm	npubin-fmt.spec	PASS
base_source	libevent	src	0	2.1.12	1.3	d203ef4951acc635a8f1baf383926d8001ce10e6783ab02a8410394349e2e559	libevent-2.1.12-1.3.src.rpm	libevent.spec	PASS
unified_source	pen-wave	src	0	1.4.0	2	d20f1b5b3ea4b04a09b9cf00d61d3ba7ce5b374030707a12c37162b009ea631b	pen-wave-1.4.0-2.src.rpm	pen-wave.spec	PASS
base_source	net-tools	src	0	2.0_20121208git	1.12	d21a1d0e295fe25cfbd16d500db4ada8d36aa84f58c61d331c9bab74943436f6	net-tools-2.0_20121208git-1.12.src.rpm	net-tools.spec	PASS
base_source	fribidi	src	0	1.0.10	1.2	d21eb879040dd7a2c01a7d1db65e49339a6baebdfd893e70070e1fa985a8c535	fribidi-1.0.10-1.2.src.rpm	fribidi.spec	PASS
unified_source	dnsmasq	src	0	2.88	1	d255a75b521dbaea55aaddcf9fef784e985cdff83e171d4779a214d21f1fea0f	dnsmasq-2.88-1.src.rpm	dnsmasq.spec	PASS
base_source	bison	src	0	3.0.5	1.13	d27159d9aa7353d5f8c8b00faf833d6761bc1d9d730393d36a5cd721b950e7e8	bison-3.0.5-1.13.src.rpm	bison.spec	PASS
base_source	python3-pbr	src	0	7.0.3	1.1	d276d4ad5d204ccfa5a3afbbe84e33a35c65a759aebdf60cc9448d772e6afc55	python3-pbr-7.0.3-1.1.src.rpm	python3-pbr.spec	PASS
unified_source	lzo	src	0	2.10	0	d282670435418a03c55e25a8849a52079ef0aa5e3d8187404bf7706aaac7f3a1	lzo-2.10-0.src.rpm	lzo.spec	PASS
base_source	libxcrypt	src	0	4.4.36	1.15	d28e9ff1276ed3d3f11a055b5389040c831081ba58f1aa75f911ec9a36629190	libxcrypt-4.4.36-1.15.src.rpm	libxcrypt.spec	PASS
unified_source	libmvnc	src	0	2.10.01.01	0	d2e800a9c342d80308113972ea5b1e825a4c4d2316b1b8a523c7f2a577720826	libmvnc-2.10.01.01-0.src.rpm	libmvnc.spec	PASS
unified_source	python3-pytest-rerunfailures	src	0	16.1	1	d30c098abc395c126222218c4e846380507dee05a0ccf877e456d9a130252a0c	python3-pytest-rerunfailures-16.1-1.src.rpm	python3-pytest-rerunfailures.spec	PASS
unified_source	rpc-port	src	0	1.21.15	0	d3323dce397f853e88316adf1c91995f9e0665b4d689d016e1d3a07c675d5a65	rpc-port-1.21.15-0.src.rpm	rpc-port.spec	PASS
unified_source	rust-lock_api	src	0	0.4.9	1	d42045639d5c3075ac5b11d0f68368e9bce30c8a818d989a24862a51ae3837ac	rust-lock_api-0.4.9-1.src.rpm	rust-lock_api.spec	PASS
unified_source	vi	src	0	050325	1	d431719456d5919623c41d42244983bb7303044552a55fbc81d810059012c383	vi-050325-1.src.rpm	vi.spec	PASS
unified_source	org.tizen.ScreenMirroringSink	src	0	1.0.0	1	d4b49cdea9f8553a23be520abd70ceab86e8c1ad217a6b8c91edb0a6c2aca797	org.tizen.ScreenMirroringSink-1.0.0-1.src.rpm	org.tizen.ScreenMirroringSink.spec	PASS
unified_source	org.tizen.ise-default-nui	src	0	1.0.0	1	d4f222f79813211ddbb2562822f16ba5c91921e0ad3e1f53b3b67b89de3cfcba	org.tizen.ise-default-nui-1.0.0-1.src.rpm	org.tizen.ise-default-nui.spec	PASS
unified_source	rust-log	src	0	0.4.17	1	d5393c82be8cefa6b5f7614a84df8c2e5feb24d366d73617a42403058c47afda	rust-log-0.4.17-1.src.rpm	rust-log.spec	PASS
base_source	util-linux	src	0	2.41.2	1.13	d570dffcd8c0a159ad23f9d72560434c3540e6353ff2298f34983cf261166b18	util-linux-2.41.2-1.13.src.rpm	util-linux.spec	PASS
unified_source	lapack	src	0	3.7.1	1	d598723ae2c65bc8f9d9d081499e67a72411880e23c145d6fa4b6c2dd64c46a9	lapack-3.7.1-1.src.rpm	lapack.spec	PASS
unified_source	mic-bootstrap	src	0	1.0	1	d5dd29107c383800b700e72300bb1229adbbd0b9815f56c3003e489478f6fdd6	mic-bootstrap-1.0-1.src.rpm	mic-bootstrap.spec	PASS
base_source	perl-PerlIO-gzip	src	0	0.20	1.2	d632daa55905c9ae7ebebfe3ea4517445e3c74d32ec1b15d6ab983079afee1c0	perl-PerlIO-gzip-0.20-1.2.src.rpm	perl-PerlIO-gzip.spec	PASS
unified_source	ttrace	src	0	1.1.0	1	d6d8c15605666221b0b6d205b3783f2ea736892edfacf0f8e901103f6b5ada13	ttrace-1.1.0-1.src.rpm	ttrace.spec	PASS
base_source	iniparser	src	0	4.2.6	1.2	d725a1cfdb82e692c06490aee8a47c5c8720d4b6945b7eabcda4f7e6951cb3f6	iniparser-4.2.6-1.2.src.rpm	iniparser.spec	PASS
unified_source	cion	src	0	1.2.26	1	d76eb7a8c615983b7b4407954101eeefaabbe72bb91d1d3ac97ac668f5062668	cion-1.2.26-1.src.rpm	cion.spec	PASS
base_source	python3	src	0	3.14.2	2.10	d7d80b4af4c571af1d3ff7483cb32d095dd27eef0624b2cd1762314c07523dc3	python3-3.14.2-2.10.src.rpm	python3.spec	PASS
base_source	perl-Test-Pod	src	0	1.52	1.1	d82a37a7f5dd79acfcbcdb16ba4cb316aa5db3fe2ebf6a28edca51e4e07b4a09	perl-Test-Pod-1.52-1.1.src.rpm	perl-Test-Pod.spec	PASS
base_source	binutils-armv7hl	src	0	2.43	2.2	d84859e8b38117848e9cdd6c4ce424166db661d9d4438524e48bd6d378877360	binutils-armv7hl-2.43-2.2.src.rpm	binutils-armv7hl.spec	PASS
unified_source	capi-appfw-app-control	src	0	0.26.2	0	d8588b34ad4d51bbcc31428b8a805deafdb42392a9506772d2dbcc3c1f8280b8	capi-appfw-app-control-0.26.2-0.src.rpm	capi-appfw-app-control.spec	PASS
unified_source	rust-serde_spanned	src	0	0.6.1	1	d8704f51ca3c66a347b8eadbd9e7afdcf7673dabdc8fdbbc2d7876e718f32d2f	rust-serde_spanned-0.6.1-1.src.rpm	rust-serde_spanned.spec	PASS
unified_source	qc-video-kernel	src	0	1.0	1	d88951d800a43946558c712730eb6bf5fc929e9063692c267da8a45ff0eb24f3	qc-video-kernel-1.0-1.src.rpm	qc-video-kernel.spec	PASS
unified_source	profctl	src	0	1.0.0	1	d8a2dd828a3c88f9e8a336bc71c79c9a018590dba9520683b06266037fb4a62a	profctl-1.0.0-1.src.rpm	profctl.spec	PASS
unified_source	hal-api-audio	src	0	0.0.23	0	d8f120540089c58ba61102965b74f64bd6dab99a4a99f4d91d9f711159b4a088	hal-api-audio-0.0.23-0.src.rpm	hal-api-audio.spec	PASS
unified_source	libpng	src	0	1.6.44	0	d95066a1a14a228667a30e4b67017c66add10e0bd080232c2266007893b56948	libpng-1.6.44-0.src.rpm	libpng.spec	PASS
unified_source	libdivsufsort	src	0	2.0.2	1	d99da32e1d5100c4c62dcb98257091c451cb98b7182e185af561a0640f8c40dd	libdivsufsort-2.0.2-1.src.rpm	libdivsufsort.spec	PASS
unified_source	tizen-platform-config	src	0	5.0	1	d9c55eab4ee9dea337f106e312f967be6b2f566a932b0aca1736f522f53ceeb1	tizen-platform-config-5.0-1.src.rpm	tizen-platform-config.spec	PASS
base_source	shadow-utils	src	0	4.1.4.2	7.3	da04e64403d96251ee47e2188ca140d450ae4cf4556c121747a2e11945d2e460	shadow-utils-4.1.4.2-7.3.src.rpm	shadow-utils.spec	PASS
unified_source	capi-appfw-component-manager	src	0	1.2.6	1	da05518236629c2c0ce55049ec2cb4e4f283ffd599989a2e309486f43029171f	capi-appfw-component-manager-1.2.6-1.src.rpm	capi-appfw-component-manager.spec	PASS
unified_source	dotnet-launcher	src	0	8.0.11	1	da0cc0814caa12c4298217bcef4183b0e85d6771da17afe60f8f9c4228278c42	dotnet-launcher-8.0.11-1.src.rpm	dotnet-launcher.spec	PASS
unified_source	systemd	src	0	244	0	da10ad8836350e7a31b4970ac699b00064aefa2cfc71bf0958f8126b78390521	systemd-244-0.src.rpm	systemd.spec	PASS
unified_source	attach-panel-gallery	src	0	1.3.21	1	da32aceaaf0d1ee002fca82d5e64ac26bd895b119bb6d4d6b30cf09fb165141d	attach-panel-gallery-1.3.21-1.src.rpm	attach-panel-gallery.spec	PASS
base_source	ncurses	src	0	6.6	1.15	da59feb5049ccb0ad2d0e0b2013df665b6e8bd0a9bf99d9cfd5c4c47baf5a440	ncurses-6.6-1.15.src.rpm	ncurses.spec	PASS
base_source	autoconf-archive	src	0	2023.02.20	1.15	dacba2a99db290952eee03f066acf803887873795c99cc9ee4c5fe1afe2ac031	autoconf-archive-2023.02.20-1.15.src.rpm	autoconf-archive.spec	PASS
unified_source	hal-backend-tbm-vc4	src	0	3.2.1	1	dad3eea3710959ec33839485278e47b69442c2c2d45aa75212f4e25eda42cb23	hal-backend-tbm-vc4-3.2.1-1.src.rpm	hal-backend-tbm-vc4.spec	PASS
unified_source	lzma-sdk	src	0	9.20	1	dafd5e1bcc0d3f823e4972286d7457b6e46e5f0aa7048fae571801b24749e713	lzma-sdk-9.20-1.src.rpm	lzma-sdk.spec	PASS
unified_source	rust-concolor	src	0	0.1.1	1	db317dea11ec34240197e4e70d79d90255180115f2d66228cfec2757c5d75c6a	rust-concolor-0.1.1-1.src.rpm	rust-concolor.spec	PASS
unified_source	pulseaudio	src	0	15.0	41	db59f39d62fa4b9c2dd1980cdeb6f42300d3eb18f871b371abb03fbe430f1243	pulseaudio-15.0-41.src.rpm	pulseaudio.spec	PASS
unified_source	manifest-parser	src	0	1.9.0	1	db9cfca0d6fe61cba626e467f5ec2bcca2212f25ee2d03f8433424afa1f04c9f	manifest-parser-1.9.0-1.src.rpm	manifest-parser.spec	PASS
unified_source	libwidget_viewer_dali	src	0	1.4.12	1	dc263981a64f860c5519f66cb286d865815750ee222e99e5718f489a1ecb3161	libwidget_viewer_dali-1.4.12-1.src.rpm	widget-viewer-dali.spec	PASS
unified_source	nbd	src	0	3.25	0	dc28e4a2bba87c1eef429d53c3603c29df86fe07fb453db046c4ffdca8233ae7	nbd-3.25-0.src.rpm	nbd.spec	PASS
unified_source	lbs-plugin-gps-rpi3	src	0	0.1.2	1	dc4139cf112edc1fe028b72514616effc00c4672afde5840f23aad025a623ed4	lbs-plugin-gps-rpi3-0.1.2-1.src.rpm	lbs-plugin-gps-rpi3.spec	PASS
unified_source	rust-kstring	src	0	2.0.0	1	dc68dc4cb1d363d4ac72fb14ea952a711bd05183774aa6f046c8bbd43f2181c6	rust-kstring-2.0.0-1.src.rpm	rust-kstring.spec	PASS
unified_source	ltrace	src	0	0.7.91	0	dcaeac4944d5a428ff1faf057b659962828729af9ecd555b403810ee38002a0d	ltrace-0.7.91-0.src.rpm	ltrace.spec	PASS
base_source	patch	src	0	2.8	1.13	dcd1fe835cc9988ed5c9c7ad4112e6e560fff9aa0d3e77303a624b40a816e59b	patch-2.8-1.13.src.rpm	patch.spec	PASS
unified_source	libnetfilter_queue	src	0	1.0.2	2	dcd60cae227c115c38430fe63346dce4221b3f9b84f9a8ec3d061af6164d8258	libnetfilter_queue-1.0.2-2.src.rpm	libnetfilter_queue.spec	PASS
unified_source	espp-service	src	0	0.3.21	0	dd3cdb4cd9dddf9242e4f38ce7e62ef70db7e8b7b37e227c00a14929ec7d6463	espp-service-0.3.21-0.src.rpm	espp-service.spec	PASS
unified_source	org.tizen.mmi-voice-touch-app	src	0	1.0.1	1	dd93d515be37d26226133393aa60a1b2649db6c6c7a0857c7a734af7e2991241	org.tizen.mmi-voice-touch-app-1.0.1-1.src.rpm	org.tizen.mmi-voice-touch-app.spec	PASS
base_source	filesystem	src	0	3.1	2.1	dd9b9eec53c0fa327f82291ffc583c7603a4b16c8e796dd90207ccd82d55fc02	filesystem-3.1-2.1.src.rpm	filesystem.spec	PASS
unified_source	wayland	src	0	1.23.1	0	dda1ae82b4bb2dfa42abdf5cc11a623c8a2015f0262213bb6a890686fc45b951	wayland-1.23.1-0.src.rpm	wayland.spec	PASS
unified_source	rust-predicates	src	0	3.0.4	1	ddb808eac6bb8c75048ee0a192b3780a5b87127eae11d2270d11294226a1f599	rust-predicates-3.0.4-1.src.rpm	rust-predicates.spec	PASS
base_source	python-six	src	0	1.15.0	1.1	de5a8c6406e2f817d7348470e5adc37e4946742ec931c8e1395a24f5e7990c97	python-six-1.15.0-1.1.src.rpm	python-six.spec	PASS
base_source	tensorflow2	src	0	2.18.0	1.2	df304beebb7215f958ea661b99b86132bb8b19299a4ae170f431228c54479437	tensorflow2-2.18.0-1.2.src.rpm	tensorflow2.spec	PASS
unified_source	linux-amlogic	src	0	4.9.241	0	df6a8961f6ce2459e06e7dc45bb73937a61d6d8d33b10b76779523e66aa5a48d	linux-amlogic-4.9.241-0.src.rpm	linux-amlogic.spec	PASS
base_source	gn	src	0	20210313	1.3	df7946c3375050d366d02eaada0e4421dd5610a0144750c8c577b6d54847761e	gn-20210313-1.3.src.rpm	gn.spec	PASS
unified_source	com.samsung.dali-demo	src	0	2.5.26	1	df84ff51b4f88033335b4dcfaeae1b0b13dc9e84f60e563c83f6f15d5137e2ee	com.samsung.dali-demo-2.5.26-1.src.rpm	com.samsung.dali-demo.spec	PASS
base_source	pcre	src	0	8.45	1.15	df92c1611c70eb01560dae4efb85df734cff53b71fe04aa3f3c2ca52a1ce5395	pcre-8.45-1.15.src.rpm	pcre.spec	PASS
base_source	openssl1.1	src	0	1.1.1w	1.14	df950fae97c32de8ead844e735b62478f65bc4afb5f38bb48239ae599393a2af	openssl1.1-1.1.1w-1.14.src.rpm	openssl1.1.spec	PASS
unified_source	sdbd	src	0	3.0.50	0	df97ced1a01a994e937bb25dc962258aa9e3e67c18b5f71ac9cfdd04c4b90914	sdbd-3.0.50-0.src.rpm	sdbd.spec	PASS
base_source	python-pygments	src	0	2.7.3	1.1	dfa3317fb75a4a93135b865dadf882216ab7fc4aa8b686c7a474701d849e28f6	python-pygments-2.7.3-1.1.src.rpm	python-pygments.spec	PASS
unified_source	vconf-internal-keys	src	0	0.0.199	0	dfcb3c28c1f91bec3a6adf396454a8e86b2e67ad7fd38c4de3019e4422619b65	vconf-internal-keys-0.0.199-0.src.rpm	vconf-internal-keys.spec	PASS
unified_source	python3-argcomplete	src	0	3.6.3	1	dfcd0145d6dc0e9beb257d32c834bf8f0340ae87798aab7607a462c457e96e0a	python3-argcomplete-3.6.3-1.src.rpm	python3-argcomplete.spec	PASS
unified_source	linux-tizen-modules	src	0	11.0.0	0	e0298d940bdd55b855107a30365aba90c7a38fa60060c0cece73a8c81c662261	linux-tizen-modules-11.0.0-0.src.rpm	linux-tizen-modules.spec	PASS
unified_source	libcryptsvc	src	0	0.0.2	6	e051b19c66d7e71fb5b97bfe4f2f43d1935909173a1f8533bcfa954e59508709	libcryptsvc-0.0.2-6.src.rpm	libcryptsvc.spec	PASS
base_source	help2man	src	0	1.49.3	1.15	e05b5c353feb578a96cc458f1fb4bf31c1183afc1ebe77fefc8d923ff85a290c	help2man-1.49.3-1.15.src.rpm	help2man.spec	PASS
unified_source	package-groups	src	0	103	1	e0dcb245d7afb54e7152bc2581a02764d50f06511bb81af8513772497ff0f268	package-groups-103-1.src.rpm	package-groups.spec	PASS
unified_source	python3-pytest-cov	src	0	7.0.0	1	e100e94bdc5266ad88f666a29d075dd07b4d3cb38141935ea2daf9c441b8801a	python3-pytest-cov-7.0.0-1.src.rpm	python3-pytest-cov.spec	PASS
base_source	sed	src	0	4.1c	1.12	e10217c9c6b91e4076a95774551ebbc21a31f29498860cab7b62952a34b0c407	sed-4.1c-1.12.src.rpm	sed.spec	PASS
unified_source	resource-monitor-plugins	src	0	1.0.0	1	e1647d09744d515c41e1a958dc0c5b3d157b486736fbd17bb8377c3f22a2d104	resource-monitor-plugins-1.0.0-1.src.rpm	resource-monitor-plugins.spec	PASS
base_source	libtirpc	src	0	1.3.3	1.3	e1726110f94e2479c059ef23af50112ab43fe9e3f49b88248594c72e518aef8c	libtirpc-1.3.3-1.3.src.rpm	libtirpc.spec	PASS
unified_source	attach-panel-document	src	0	0.0.1	1	e18050cdc6f29df62b68a75c859bd135a78544276fa5a006a11866e4a9921436	attach-panel-document-0.0.1-1.src.rpm	org.tizen.attach-panel-document.spec	PASS
unified_source	re2	src	0	20250812	1	e19ffc6475d6f0bccf8ca6e9d27a9abb0cb8dd3ce62aefc81568746ed5cb6e20	re2-20250812-1.src.rpm	re2.spec	PASS
unified_source	squashfs	src	0	4.4	0	e1a5864406b2b76347f692db8bda4cb092932c65bd6507c4d81960aff06035ae	squashfs-4.4-0.src.rpm	squashfs.spec	PASS
unified_source	rust-derive_arbitrary	src	0	1.2.3	1	e1e90185a368fac8f29d5155a42e3daee6a3a5d104a0e041156e13de5e7b3a0a	rust-derive_arbitrary-1.2.3-1.src.rpm	rust-derive_arbitrary.spec	PASS
unified_source	rust-rustc-rayon-core	src	0	0.4.1	1	e256b0a1e82477fb077dc070916093ed00695cf74118d14c01c2985251cfbb2e	rust-rustc-rayon-core-0.4.1-1.src.rpm	rust-rustc-rayon-core.spec	PASS
unified_source	python3-coverage	src	0	7.13.1	1	e261086ee50252e17d6dddaeeaff01e708bd27d680a737fb699dcf842eb2558e	python3-coverage-7.13.1-1.src.rpm	python3-coverage.spec	PASS
unified_source	lzop	src	0	1.04.01	0	e26d2654c1d70fd3acbcfa3446c0b0930f61da5b74744b8f14f47639bc152fd1	lzop-1.04.01-0.src.rpm	lzop.spec	PASS
unified_source	capi-media-thumbnail-util	src	0	0.2.0	0	e27b3d9b6ac07361a26488af21fb190063409b914684e5e6ee5cf73d30e65fa4	capi-media-thumbnail-util-0.2.0-0.src.rpm	capi-media-thumbnail-util.spec	PASS
unified_source	feedbackd	src	0	1.0.0	1	e27f7d7088e5148cd1767e1adef69a32fcbc6159b435402ff5aa2592f85b1829	feedbackd-1.0.0-1.src.rpm	feedbackd.spec	PASS
unified_source	org.tizen.xamediahub	src	0	1.0.0	1	e294dcebd252eb5b70d291dd8164c5d726294493f6d122e6f9376f342c206e8b	org.tizen.xamediahub-1.0.0-1.src.rpm	org.tizen.xamediahub.spec	PASS
unified_source	bundle	src	0	0.18.15	0	e2c453114babe7a906022b31ca388580d5735ffb9c4a425b339c47bd389c9dcb	bundle-0.18.15-0.src.rpm	bundle.spec	PASS
unified_source	libusb	src	0	1.0.25	0	e2dd7bb5be85153cf20303cb01ad5329259f6c6271cda5f7be0560b10c23ab84	libusb-1.0.25-0.src.rpm	libusb.spec	PASS
unified_source	libxkbcommon	src	0	1.8.1	0	e3029fb4519428e968809de1faca95a6bfd74f5e13f83f5bf722b96998f66e6e	libxkbcommon-1.8.1-0.src.rpm	libxkbcommon.spec	PASS
base_source	python3-markdown	src	0	3.10.0	1.5	e31cd827d8450bffb8319c5ae0d733593f0f06c59fef704e359bffadc96923e1	python3-markdown-3.10.0-1.5.src.rpm	python3-markdown.spec	PASS
base_source	python3-markdown	src	0	3.10.0	1.4	e365a7b9ef09c34a5983bf1f5eb93fb59acc0b1ccf9958c336bc1d8f8da026fc	python3-markdown-3.10.0-1.4.src.rpm	python3-markdown.spec	PASS
unified_source	spirv-tools	src	0	2024.4.1	0	e38383d9491607c3c5a924055c272d8a2bdb02d27f00efc7c177f7bba6599fa9	spirv-tools-2024.4.1-0.src.rpm	spirv-tools.spec	PASS
unified_source	capi-network-serial	src	0	0.0.8	0	e398bdb03ab77e91dff4935e40adedf2871da4de18e6d5051f1f8c5a56832ee0	capi-network-serial-0.0.8-0.src.rpm	capi-network-serial.spec	PASS
unified_source	smartreply	src	0	1.1.13	1	e3abaa598bc08ecf07c27bfeec31c920386e15fe9e321e6fdc10cec155f0f67c	smartreply-1.1.13-1.src.rpm	smartreply.spec	PASS
unified_source	capi-appfw-job-scheduler	src	0	0.1.14	0	e4359e47e0d5dbe469f074836c5a8d1126a0915c1b9986b058a636d591ff261b	capi-appfw-job-scheduler-0.1.14-0.src.rpm	capi-appfw-job-scheduler.spec	PASS
unified_source	python-coverage	src	0	3.6	0	e49d601e13605d93f198ce87ffd037ef0ee4e4c6bff03c30d3dfb6953c80c974	python-coverage-3.6-0.src.rpm	python-coverage.spec	PASS
unified_source	rust-concolor-query	src	0	0.3.3	1	e4a466f5ddfe52429826241797c94f9695f14eff78043d832d88687bd84b2f82	rust-concolor-query-0.3.3-1.src.rpm	rust-concolor-query.spec	PASS
unified_source	resource-information	src	0	0.1	3	e4abb3a8e41b51be99a5497c62a2aa278c1c200318c544fd6ef02da45c731352	resource-information-0.1-3.src.rpm	resource-information.spec	PASS
base_source	python3-libxml2	src	0	2.15.1	1.2	e5030d69bbe089440b38bf375fe80c13bf7021d9067b36f199a428a8be324f25	python3-libxml2-2.15.1-1.2.src.rpm	python3-libxml2.spec	PASS
unified_source	speex	src	0	1.2.1	10	e52f1677ee65124aaa6aac159faeb72e43aa60440db846769bd8da71fa64751b	speex-1.2.1-10.src.rpm	speex.spec	PASS
unified_source	update-control	src	0	1.0.6	0	e5585c8662ec2a96de72ada43700fb1f4d8e84d859b3b77014c3b3710be8e777	update-control-1.0.6-0.src.rpm	update-control.spec	PASS
unified_source	yaml-cpp	src	0	0.8.0	0	e5847d35768e671c6e77b523abba83cc065242b492c540ca23b70f13a1282d3e	yaml-cpp-0.8.0-0.src.rpm	yaml-cpp.spec	PASS
unified_source	rust-tokio-macros	src	0	1.8.2	1	e5bf80a1863cb76937b8e9c9687e5b536079f1e1533cf8dc1a12bc5b69af97b4	rust-tokio-macros-1.8.2-1.src.rpm	rust-tokio-macros.spec	PASS
unified_source	meta-common	src	0	001	0	e5bf87f6a36404df5a7cfcd209016f605d632c20505cc4c4c13d01f335893b27	meta-common-001-0.src.rpm	meta-common.spec	PASS
unified_source	rust-serde_fmt	src	0	1.0.1	1	e5fc98d35126f9df7d4491401f3a0fbd73bee65a0edac663a0e44d24b62a3ea3	rust-serde_fmt-1.0.1-1.src.rpm	rust-serde_fmt.spec	PASS
unified_source	anthy	src	0	9100h	1	e603455ea086565d8683554d1efb80b5c4bb47ef5964387063fbb298a6ac4bfc	anthy-9100h-1.src.rpm	anthy.spec	PASS
unified_source	isu	src	0	9.0.6	1	e63754e813475d56521844dc07ad6a3664cf0017e6e5abe422c5bc65beda98a4	isu-9.0.6-1.src.rpm	isu.spec	PASS
unified_source	capi-media-image-util	src	0	0.4.6	0	e670e075c30ae1b3c207633e8fa8bfb614cbb33507f5de717f6cae6fbbb42e67	capi-media-image-util-0.4.6-0.src.rpm	capi-media-image-util.spec	PASS
base_source	python3	src	0	3.14.2	2.8	e6a3044451a720419abd50d55db667484bbb669fb7af33c4df58498bfda7bfb1	python3-3.14.2-2.8.src.rpm	python3.spec	PASS
base_source	python-ply	src	0	3.11	1.1	e6a55cec9e185f66478559c452a8cc7a96479533f5805e4d1b281894dcc56086	python-ply-3.11-1.1.src.rpm	python-ply.spec	PASS
unified_source	mdnsresponder	src	0	1556.80.2	0	e6d16b7e538de35c2a8ac43b21c343404cdbf2f17ce626d579fbc79b6559d174	mdnsresponder-1556.80.2-0.src.rpm	mdnsresponder.spec	PASS
base_source	binutils	src	0	2.43	2.10	e70d5d1f27b36eece3caa1cc3e50ac78f3952721d9e7632273e68d324e9a0c60	binutils-2.43-2.10.src.rpm	binutils.spec	PASS
unified_source	rust-mio	src	0	0.8	1	e719a6f371c9424b1bbc11fcc504d72e1400d577e756a753fbcebb628bc763ae	rust-mio-0.8-1.src.rpm	rust-mio.spec	PASS
unified_source	ise-engine-sunpinyin	src	0	1.0.12	1	e752bce678440abe4cb5516e9257c82da08bd3128ff1e8dc0d77dd214b380353	ise-engine-sunpinyin-1.0.12-1.src.rpm	ise-engine-sunpinyin.spec	PASS
unified_source	tizen-theme-manager	src	0	1.3.3	1	e786dedafb88827c41f81c8ef3352bce28815e994c99b7a24296b7d03a6a4b26	tizen-theme-manager-1.3.3-1.src.rpm	tizen-theme-manager.spec	PASS
unified_source	gstreamer	src	0	1.24.11	38	e7909c9ee6e77aa4c3d1adae860397ebbd7350121d9ebe944ff0ff7a9af7948a	gstreamer-1.24.11-38.src.rpm	gstreamer.spec	PASS
unified_source	linux-nvgpu	src	0	36.4.4	0	e7bceb3c1bfdc4beeda9ead112b9b3a3cbfa16c0746686261b8302e14fb5b43f	linux-nvgpu-36.4.4-0.src.rpm	linux-nvgpu.spec	PASS
unified_source	libdbuspolicy	src	0	1.2.0	0	e7f780e94cc216aef0ac065d58c0c18b97d5e7eaacfb308a36c3de8e41b97a84	libdbuspolicy-1.2.0-0.src.rpm	libdbuspolicy.spec	PASS
unified_source	gtest	src	0	1.15.2	0	e83e276c495cfb7a94c71b0a8aa6d58815018af57bb641a7747462fe547e16c9	gtest-1.15.2-0.src.rpm	gtest.spec	PASS
unified_source	rust-mockall_derive	src	0	0.11.4	1	e88dbcbd778eb917426b30369a8dcc898b81c0f72d9d7924aa2bf01bac41c9f5	rust-mockall_derive-0.11.4-1.src.rpm	rust-mockall_derive.spec	PASS
unified_source	org.tizen.xahome	src	0	1.0.0	1	e893d8b92883100752d0d6ec523efcdcc7838476ef8fcf7648a66b3741b3d94b	org.tizen.xahome-1.0.0-1.src.rpm	org.tizen.xahome.spec	PASS
unified_source	ua-plugin-wifi-dummy	src	0	0.14.0	1	e8b59c4e0e59cdd6e26a36757d14df08fa7c1265dc08b275923b6b5ab41e248a	ua-plugin-wifi-dummy-0.14.0-1.src.rpm	ua-plugin-wifi-dummy.spec	PASS
unified_source	vulkan-tools	src	0	1.3.296	0	e8ba873baa5bd3f587807548e2c9793f4a86fa12ef828e0a9cf45de109b29034	vulkan-tools-1.3.296-0.src.rpm	vulkan-tools.spec	PASS
unified_source	bluetooth-frwk	src	0	0.10.0	1	e9150553603427d1f733b359b0dca20df4f3808942f07bbf58ff8121aca47830	bluetooth-frwk-0.10.0-1.src.rpm	bluetooth-frwk.spec	PASS
base_source	libcap	src	0	2.73	1.14	e973f2e9d1d97d073a86f6c481636e94b368e72664517b4c62c34a2ba2b58eb0	libcap-2.73-1.14.src.rpm	libcap.spec	PASS
unified_source	hal-api-codec	src	0	1.9.4	0	e98f32ee39ffb65b1498b0e0585615bcce2f2905bfba646f0af83f88c336874f	hal-api-codec-1.9.4-0.src.rpm	hal-api-codec.spec	PASS
base_source	gzip	src	0	1.3.12	1.14	e992e908f8fecf10e0fbd5fe7cd184b8dcfab539bb835f246cfffb1852926515	gzip-1.3.12-1.14.src.rpm	gzip.spec	PASS
unified_source	python3-iniconfig	src	0	2.3.0	1	e99924bcf37acb96a95293f87aafd41dcd856193e75cf6e90515cc5dbf0aabef	python3-iniconfig-2.3.0-1.src.rpm	python3-iniconfig.spec	PASS
unified_source	capi-system-runtime-info	src	0	0.5.2	1	e9db9fb781b57e962e35cae5a49a37cdb9133bcb254d59f5c61639ac15604f22	capi-system-runtime-info-0.5.2-1.src.rpm	capi-system-runtime-info.spec	PASS
base_source	popt	src	0	1.16	1.12	e9e910d61c5f8b3a198ca620dd00a5b8a0999dfba2a9eaf67b70bd0d798c371b	popt-1.16-1.12.src.rpm	popt.spec	PASS
base_source	python3-calver	src	0	2025.10.20	1.4	ea2cf56a5fa8e2af1dfe70f4ebb90280a441f277953adf7dcc49a299ddc6d19d	python3-calver-2025.10.20-1.4.src.rpm	python3-calver.spec	PASS
unified_source	libcgroup	src	0	3.2.0	0	ea4e53664c14c933f8da9101d6d2f355411bcea7f1c9d6fda2aa423a27ca3662	libcgroup-3.2.0-0.src.rpm	libcgroup.spec	PASS
unified_source	xmlto	src	0	0.0.28	0	ea5d86b8955cc963862fc2004c23d4d62a6531f95f8289b59382a9907560a138	xmlto-0.0.28-0.src.rpm	xmlto.spec	PASS
unified_source	ise-engine-hangul	src	0	1.0.14	1	ea76d03c04d77638954c9e03069b5047b591042ca21e051dc2bcb56a7f605bda	ise-engine-hangul-1.0.14-1.src.rpm	ise-engine-hangul.spec	PASS
unified_source	capi-network-thread	src	0	0.9.0	2	ea8bb43553e6f0590fe4add28874c235822724764d633bdff7aca6df9ff886dc	capi-network-thread-0.9.0-2.src.rpm	capi-network-thread.spec	PASS
unified_source	capi-media-transporter	src	0	1.3.0	0	eab28f2f7cf5f6c3ab73e2f5963f630f057ea54093df335d905cfe9e6a6d12e2	capi-media-transporter-1.3.0-0.src.rpm	capi-media-transporter.spec	PASS
unified_source	capi-ui-efl-util	src	0	0.9.1	1	eac1b09caf941ca624d2c7df731282d07b5a8428072bc0b3cfaf584f5a7b3677	capi-ui-efl-util-0.9.1-1.src.rpm	capi-ui-efl-util.spec	PASS
unified_source	python-pycurl	src	0	7.19.0	0	eb00dcd201dcafac88172a70c4fbb0b9e0fdcc83bc82a23b2e34f9b5bb48f2c6	python-pycurl-7.19.0-0.src.rpm	python-pycurl.spec	PASS
unified_source	perl-Term-Table	src	0	0.023	0	eb10741562784f8c9d4886a5e6c3ba9662ae5a2ada8ad2f3d957ca004fe11ee7	perl-Term-Table-0.023-0.src.rpm	perl-Term-Table.spec	PASS
unified_source	device-mapper	src	0	1.02.196	1	eb4e6cee5c943f9bcf66c822e09ba40ebfae900a987bc5f14b63f5773e5eba06	device-mapper-1.02.196-1.src.rpm	device-mapper.spec	PASS
unified_source	capi-media-tool	src	0	1.2.3	0	eb82073cdc705b7dc70e325533b84f2e3985314e993ea818ad5c83bee29bb558	capi-media-tool-1.2.3-0.src.rpm	capi-media-tool.spec	PASS
base_source	openssl1.1	src	0	1.1.1w	1.16	ebdc80c542f2c2dbf221b8edc15efa8b6c89ebb80f70cffc3fcc3677036fec17	openssl1.1-1.1.1w-1.16.src.rpm	openssl1.1.spec	PASS
unified_source	rust-system-deps	src	0	6.0.4	1	ebe051c0996fe4afcd45985d1b3b3a2f1e65671e804d8259a3d20f8f2c31a971	rust-system-deps-6.0.4-1.src.rpm	rust-system-deps.spec	PASS
unified_source	activationd	src	0	0.2.2	0	ebed23762fff9159c3daba43006696423d8c44f8a9b16242de55cf99fc54ff8b	activationd-0.2.2-0.src.rpm	activationd.spec	PASS
unified_source	liblbs-dbus	src	0	1.1.2	1	ec309d3c782c709e18953d52b9d6054441653910abb8b1bdf34df2e509d04c3e	liblbs-dbus-1.1.2-1.src.rpm	liblbs-dbus.spec	PASS
unified_source	newfs-msdos	src	0	1.0.0	1	ec3a202fde22997883302aef29177cd5c655238b9d8ccb7599147b541cb65aa4	newfs-msdos-1.0.0-1.src.rpm	newfs-msdos.spec	PASS
unified_source	capi-media-metadata-editor	src	0	0.2.8	0	ec5e2845052d88c8b657638a5b9563fe7824a0cf6f8bcfa7463f26e7f8acd79c	capi-media-metadata-editor-0.2.8-0.src.rpm	capi-media-metadata-editor.spec	PASS
base_source	libwebp	src	0	1.4.0	1.2	ed1ee3fa5e632ce77dced9edd4ebf42df6dfbed8291d141db92e39d190bb8eb0	libwebp-1.4.0-1.2.src.rpm	libwebp.spec	PASS
base_source	python-linecache2	src	0	1.0.0	1.1	ed34294b062aafe4f943e3c0ad64a9967519f5d53a5ee126e72bfbc27124c1ed	python-linecache2-1.0.0-1.1.src.rpm	python-linecache2.spec	PASS
unified_source	capi-network-wifi-direct	src	0	1.4.0	1	ed564d7918d9e400036d0c3b080e38d11f774ecff9b2e299ea1de7261f082ab9	capi-network-wifi-direct-1.4.0-1.src.rpm	capi-network-wifi-direct.spec	PASS
unified_source	capi-network-wifi-aware	src	0	0.2.0	1	ed86f1ae78d4753b70c6ea54b6912d4504a20ad2264f59e7d316df84127f908f	capi-network-wifi-aware-0.2.0-1.src.rpm	capi-network-wifi-aware.spec	PASS
unified_source	libvpx	src	0	1.12.0	2	edf908ae1338776376cdfdcf74e01dbe8b3042c06ed11831a847bb7133ef462c	libvpx-1.12.0-2.src.rpm	libvpx.spec	PASS
unified_source	btrfs-progs	src	0	7.0	1	ee0c829280446a80181cf91fb2ac01475fda25ae6c54a60557f1abb404a0801e	btrfs-progs-7.0-1.src.rpm	btrfs-progs.spec	PASS
unified_source	libwidget_service	src	0	1.3.9	1	ee86cd5c1d408aa80563607686f41641424af1092967e30a93541ea20c155ad1	libwidget_service-1.3.9-1.src.rpm	libwidget_service.spec	PASS
base_source	python-MarkupSafe	src	0	1.0	1.2	eeadfb83dbae64a1c056880d525e4a1d0e55889a5d52ba20429f518c098ad011	python-MarkupSafe-1.0-1.2.src.rpm	python-MarkupSafe.spec	PASS
unified_source	perl-XML-SAX-Base	src	0	1.09	0	eebd81512354a9f5945159cb01efdf8f60882c0a1495fe2e5d61f3f7f71ff8e1	perl-XML-SAX-Base-1.09-0.src.rpm	perl-XML-SAX-Base.spec	PASS
unified_source	system-servant	src	0	0.2.2	1	eedb7525b71e2c9f1e03644d7a84dab4185bbd9cd66997bea045abf3ba03a0ed	system-servant-0.2.2-1.src.rpm	system-servant.spec	PASS
unified_source	gssdp	src	0	0.14.4	1	ef219bf2ba4abfac13b20c7265ec429d155e483c1fc6ce49010e503ee79afed8	gssdp-0.14.4-1.src.rpm	gssdp.spec	PASS
unified_source	data-control	src	0	0.4.31	1	ef45342f0eda5a08eac07aea251ca4fc8c1c8d63e6c5ee77f8a38667f2050ce8	data-control-0.4.31-1.src.rpm	data-control.spec	PASS
base_source	qemu-accel	src	0	0.4	1.4	ef9a8e9463bf1b50b15312e966c5c36ebebe6256879195c6eda9e4a4e934a112	qemu-accel-0.4-1.4.src.rpm	qemu-accel-aarch64.spec	PASS
unified_source	libaio	src	0	0.3.113	0	efafc5fb816b7ade779015bd4d22a297f7e12e5799147b581506a95b6d116137	libaio-0.3.113-0.src.rpm	libaio.spec	PASS
unified_source	rust-heck	src	0	0.4.1	1	efb9131cf690b3ca527bd776cbfd0a7ffdb8df64987d95afb81ace3aa301a9ef	rust-heck-0.4.1-1.src.rpm	rust-heck.spec	PASS
unified_source	isf-config-mobile	src	0	0.1.15	1	efcf3732da9ac72fc2a96e85b3ffcbc872605b6dd32b414ca8de7b81b24ae0c3	isf-config-mobile-0.1.15-1.src.rpm	isf-config-mobile.spec	PASS
unified_source	voice-control	src	0	1.101.2	1	f0113f7dc2191e72416ee427fc4d1a008a90d066d0c6bd6591404ec6aac42c18	voice-control-1.101.2-1.src.rpm	voice-control.spec	PASS
unified_source	libsessiond	src	0	10.6.21	1	f06fb5aa7e9722026046a273fe00161ec71cd18723fc6f734d6eb4994a159c34	libsessiond-10.6.21-1.src.rpm	libsessiond.spec	PASS
unified_source	perl-B-Hooks-EndOfScope	src	0	0.28	0	f119ea497f77e63e15f578a18304dcab8ea555e30ffd7ee55fd7a4b160198223	perl-B-Hooks-EndOfScope-0.28-0.src.rpm	perl-B-Hooks-EndOfScope.spec	PASS
base_source	python3-setuptools	src	0	80.9.0	1.4	f1474af128abe0cc81e4b2c8156c4c7baec3648b13fb2ee5c0b73982fad407cd	python3-setuptools-80.9.0-1.4.src.rpm	python3-setuptools.spec	PASS
base_source	libzio	src	0	1.09	1.13	f160f5f334849b7680d70397dd17a3a36035aa4ccd9c5a71e3b35c26029c7dfd	libzio-1.09-1.13.src.rpm	libzio.spec	PASS
unified_source	rust-rayon-core	src	0	1.11.0	1	f16ae50498e829690113ce65f05a458aee6512063b7c2af1f65e5182e6c85720	rust-rayon-core-1.11.0-1.src.rpm	rust-rayon-core.spec	PASS
unified_source	ode	src	0	0.0.5	0	f1e7a0b5db6d4c70c0a7af725edbe05c802220c49b2cba04f5e0502e2bb7e6f0	ode-0.0.5-0.src.rpm	ode.spec	PASS
unified_source	vulkan-wsi-layer	src	0	1.0.5	0	f29d8f3001dc9a3fb214853c784086986c52719ef14373382e398e0349e9cde6	vulkan-wsi-layer-1.0.5-0.src.rpm	vulkan-wsi-layer.spec	PASS
unified_source	org.tizen.fitness	src	0	1.0.2	1	f2c516502b8add11ebb9b22b69188c7ca230957d14f8c57399bc19ba7b3e3fae	org.tizen.fitness-1.0.2-1.src.rpm	org.tizen.fitness.spec	PASS
unified_source	smartcard-plugin-uicc	src	0	0.0.12	0	f2c864ae215338e558254ef5029d18e63ceb20a2aac5059c3635ebc720a5ccfa	smartcard-plugin-uicc-0.0.12-0.src.rpm	smartcard-plugin-uicc.spec	PASS
unified_source	hailo-rt	src	0	0.1	0	f31f084f612a96eafc2d638824539078456d9df532c9c3d66fc888634d1990dc	hailo-rt-0.1-0.src.rpm	hailo-rt.spec	PASS
unified_source	hal-backend-bluetooth-usb	src	0	0.1.0	1	f332acd0c2025551136c989fb445500bf5444ce83bae509af987114f037bd35f	hal-backend-bluetooth-usb-0.1.0-1.src.rpm	hal-backend-bluetooth-usb.spec	PASS
unified_source	nfc-manager	src	0	0.2.0	0	f366b5e1bb791fbdfe4c9cbbe0c4d6a4662cb1cbfd09675b67c061c354a1ca47	nfc-manager-0.2.0-0.src.rpm	nfc-manager.spec	PASS
unified_source	e-tizen-data-profile_tv	src	0	0.6.7	0	f390b82325bda4acdd63c02de1e5e452f093c5e651fde643f23beaaccaefade3	e-tizen-data-profile_tv-0.6.7-0.src.rpm	e-tizen-data.spec	PASS
unified_source	hal-backend-bluetooth-vim3	src	0	0.1.0	1	f3d92f72d220ebbd062ff63bc786ef5d813ab48ce75b624fb97f1668914b9c71	hal-backend-bluetooth-vim3-0.1.0-1.src.rpm	hal-backend-bluetooth-vim3.spec	PASS
unified_source	gpgme	src	0	1.24.3	1	f41c02ff5c73698b120d027fc89149046c854316b9afd0945cfad64658153547	gpgme-1.24.3-1.src.rpm	gpgme.spec	PASS
unified_source	man-db	src	0	2.9.4	1	f4622e24e7e95ad5719bba77a18a96371314a0a2f029f3a44531b247a7903cec	man-db-2.9.4-1.src.rpm	man-db.spec	PASS
unified_source	usbutils	src	0	013	0	f48b81e320e9ebf62f018212b3c3cd77c9fcbccd2d50db0917e271324588d8ad	usbutils-013-0.src.rpm	usbutils.spec	PASS
unified_source	webauthn	src	0	1.0.13	1	f4daf72da9a55b478e8089f36cf791f37b5484c33ea0b877fe3f9bfa7c66779b	webauthn-1.0.13-1.src.rpm	webauthn.spec	PASS
unified_source	libmm-utility	src	0	0.5.2	0	f4f691f94a10e0e0edc26bf1956e9f93e5a13a80ee757bd38e3884b0c1fca185	libmm-utility-0.5.2-0.src.rpm	libmm-utility.spec	PASS
unified_source	message-port	src	0	1.4.32	0	f506f7934e762f935540d0a8e62d87f018b4de7d02498d54a178cb7c03ac2a78	message-port-1.4.32-0.src.rpm	message-port.spec	PASS
unified_source	libmm-wfd	src	0	0.4.11	0	f529226f45ede37f304d02de2e3a42ee7b998d15f40dfe331ebba0f29e758066	libmm-wfd-0.4.11-0.src.rpm	libmm-wfd.spec	PASS
unified_source	prelink	src	0	20130503	0	f56d0bdab8e624686caa2aa2f5156b5c91b2b077ad63caf312c29b93ad95a717	prelink-20130503-0.src.rpm	prelink.spec	PASS
unified_source	e-mod-tizen-gesture	src	0	0.3.6	1	f5861773d50f8648c5fd61f58c238c3bbf20ea5215561bfd470729d87c25060d	e-mod-tizen-gesture-0.3.6-1.src.rpm	e-mod-tizen-gesture.spec	PASS
base_source	icecream	src	0	0.9.7	1.3	f590335d6abbd1d48247dea126fbea56bf3fd2436bdbb642d803849972243b10	icecream-0.9.7-1.3.src.rpm	icecream.spec	PASS
unified_source	capi-ui-gesture	src	0	1.60.2	1	f59158608c41f3769150aceea39f95dfb38652261e177349fcf254c6b84f7d62	capi-ui-gesture-1.60.2-1.src.rpm	capi-ui-gesture.spec	PASS
base_source	libpciaccess	src	0	0.13.2	1.3	f5bbfe48fb1aceb0850d801ff34cd4d58a079eff9522142e2f848bd12aeefa6f	libpciaccess-0.13.2-1.3.src.rpm	libpciaccess.spec	PASS
unified_source	e20-test-harness	src	0	0.1.0	1	f5d7934dd889a9e7db6257a7ed9bb709440731015a65735ed37919d798ab7ee5	e20-test-harness-0.1.0-1.src.rpm	e20-test-harness.spec	PASS
unified_source	rust-libxml	src	0	0.3.3	1	f5ea301935f610644551c66ce58cf589b633a801e8f9e8296a00f011f231b969	rust-libxml-0.3.3-1.src.rpm	rust-libxml.spec	PASS
unified_source	native-dev-rootstrap	src	0	10.0	1	f646d515d2a93f129a2f56dd57ca9a8d66064410ecc08dfa7c2fdbec32e5722d	native-dev-rootstrap-10.0-1.src.rpm	native-dev-rootstrap.spec	PASS
unified_source	efl-misc	src	0	0.1.34	0	f65290926055bdfa7a2f31c1b03c0dbba0de00b4455c05b99b536bfa45b2682d	efl-misc-0.1.34-0.src.rpm	efl-misc.spec	PASS
unified_source	starter	src	0	0.5.54	1	f6567613aff5a6e0d22d6b37dd238e2fc15eadad5709645e8ddd4a690c20f749	starter-0.5.54-1.src.rpm	starter.spec	PASS
base_source	acl	src	0	2.3.2	1.14	f668a75494d4a4d5270eb63debae76ba45ba384d75ec2fda5207708520644fb2	acl-2.3.2-1.14.src.rpm	acl.spec	PASS
base_source	kmod	src	0	34.2	1.2	f6a87a9c0b4d02054adf04fa93859245137aa9417639792ba4ea2e4948e1a3aa	kmod-34.2-1.2.src.rpm	kmod.spec	PASS
base_source	python3-pyproject_hooks	src	0	1.2.0	1.8	f6bb8f0e8b0c60daee723259029fe4585b0e29ebd21e2fec3c573decc98dd4c2	python3-pyproject_hooks-1.2.0-1.8.src.rpm	python3-pyproject_hooks.spec	PASS
unified_source	capi-appfw-capmgr	src	0	0.0.4	1	f6d4082e9fd462afc15d9bb65dc6cb3bc7cda40842b163e9082ff7f499bf1af5	capi-appfw-capmgr-0.0.4-1.src.rpm	capi-appfw-capmgr.spec	PASS
base_source	krb5	src	0	1.22.1	1.2	f6e1911ac8cedbbb2725f9da3dc8b1a8d58b51ace1ff25963558d6c8c6377a92	krb5-1.22.1-1.2.src.rpm	krb5.spec	PASS
unified_source	capi-system-battery-monitor	src	0	0.1	1	f6f0a3a2d87acfaad3dd272c0c1c9b8c0e095425dbd2b75f2a74f9bdaff358ec	capi-system-battery-monitor-0.1-1.src.rpm	capi-system-battery-monitor.spec	PASS
unified_source	libslp-db-util	src	0	0.1.2	0	f71c6c69b5c849d944f945f0e15e9de512301fb11acf3313e74a879e42f52f8c	libslp-db-util-0.1.2-0.src.rpm	libslp-db-util.spec	PASS
unified_source	context-store	src	0	4.0.0	1	f73ecb62fb03da6c84100ae2a94c9116dc6611d0c7d9d95c70d4415546ebd03f	context-store-4.0.0-1.src.rpm	context-store.spec	PASS
base_source	python-appdirs	src	0	1.4.0	1.1	f75885a4d00375f73363aad7ab68f551c0c02509b79d5db62b146332fdb9ccb5	python-appdirs-1.4.0-1.1.src.rpm	python-appdirs.spec	PASS
unified_source	tpk-backend	src	0	1.11.4	1	f7db67e48ab58aa9031fcc3c1709407d97b9ae43d8428a9bc053720c4a0319b7	tpk-backend-1.11.4-1.src.rpm	tpk-backend.spec	PASS
unified_source	rust-tiny-keccak	src	0	2.0.2	1	f818c07dfb570d7d40b131e9337b2c2dbd535c8d1230fa98232b3ecb467920ac	rust-tiny-keccak-2.0.2-1.src.rpm	rust-tiny-keccak.spec	PASS
base_source	libxcrypt	src	0	4.4.36	1.13	f823a4461e86c607bdfa4765c56f9ad30f8216550f4585f0f33ddf340549dfa9	libxcrypt-4.4.36-1.13.src.rpm	libxcrypt.spec	PASS
unified_source	stc-manager	src	0	0.1.7	0	f82b89e50a815a746d8b110be6d3af76d47d0d6e215d7c80067be0ec6e0af993	stc-manager-0.1.7-0.src.rpm	stc-manager.spec	PASS
unified_source	nan-manager	src	0	0.2.2	1	f8d1c46a50bf8305e7e32e4ff8e5d277e1596d7a6a338f7e0aaa5dbf60d41dae	nan-manager-0.2.2-1.src.rpm	nan-manager.spec	PASS
unified_source	united-service	src	0	1.3.1	0	f8d6a7c5ff64c85cdac4d4660c3d5f99720a6d640b0ee98b89875751c221b8a2	united-service-1.3.1-0.src.rpm	united-service.spec	PASS
unified_source	system-plugin-backend-update-control-generic	src	0	1.0.6	0	f8d6fa04703d2b9935536682577a2486e8682bae83035882986168d47913c67f	system-plugin-backend-update-control-generic-1.0.6-0.src.rpm	system-plugin-backend-update-control-generic.spec	PASS
unified_source	perl-Package-Stash	src	0	0.40	1	f98b82283e8e29d972c087bcad966587980a000cc89eb6fd028bf0be20b7c3af	perl-Package-Stash-0.40-1.src.rpm	perl-Package-Stash.spec	PASS
unified_source	docker-launcher	src	0	1.0.1	0	f99feb2e6ce868ae9148ff7e0d5753cfb4c21d1311f9fbf9c1a67bff9942aaad	docker-launcher-1.0.1-0.src.rpm	docker-launcher.spec	PASS
unified_source	perl-Class-Singleton	src	0	1.6	0	f9c15d5e4c4ad7f498383df37b6a910b0e6eb0c6d56cd11d2324b06dc1b2bd90	perl-Class-Singleton-1.6-0.src.rpm	perl-Class-Singleton.spec	PASS
base_source	curl	src	0	8.11.0	1.3	fa318314f0d0b96196908e104b66eb55c2437b6aae4307affb6bfc5523eaa972	curl-8.11.0-1.3.src.rpm	curl.spec	PASS
unified_source	libphonenumber	src	0	7.0.6	1	fa5dc7aea7fee192941a1f230f30e989b7a8da8c0c27b26e0303f021469e14b7	libphonenumber-7.0.6-1.src.rpm	libphonenumber.spec	PASS
base_source	glibc	src	0	2.40	2.8	fa73e6ae0df4ef21501929478564b3a7096085384f44b643e6d14c2a25a620fa	glibc-2.40-2.8.src.rpm	glibc.spec	PASS
unified_source	rust-env_logger	src	0	0.10.0	1	fa866d278c37cceafd84778e427d3fe02061794a220ad75247b4d25a6b1fdfe8	rust-env_logger-0.10.0-1.src.rpm	rust-env_logger.spec	PASS
unified_source	python3-gobject	src	0	3.46.0	0	fa8e02a07656713f0f7a2684a6de930374541c3be47939017fa89876b85c0e4e	python3-gobject-3.46.0-0.src.rpm	python3-gobject.spec	PASS
unified_source	pulseaudio-modules-tizen	src	0	15.0.96	0	fb0b2f245c6ab7006597ee47c70973f548da4eef7390ea239d6884d834d1e612	pulseaudio-modules-tizen-15.0.96-0.src.rpm	pulseaudio-modules-tizen.spec	PASS
unified_source	org.tizen.cssetting-autofill	src	0	1.1.1	1	fb653c7c9b7bb0e99e7e8030fc50799f4a79d0da9ec688041a8355bb4e96b3e4	org.tizen.cssetting-autofill-1.1.1-1.src.rpm	org.tizen.cssetting-autofill.spec	PASS
base_source	file	src	0	5.46	1.13	fbb8ed921d7751e5c9900457dfff807a9810b67c3e7d816bdb045e9983676802	file-5.46-1.13.src.rpm	file.spec	PASS
unified_source	valgrind	src	0	3.25.0	0	fc199ad3c20a8bfaaa8607d991f7369dd022739a12eb967d8a44cbf5f9f7f1ba	valgrind-3.25.0-0.src.rpm	valgrind.spec	PASS
unified_source	alsa-ucm-data-rpi3	src	0	0.0.1	1	fc35487db93af3a005cfdbf6c8aabd69b24b33937181ab330893ae5df3b38595	alsa-ucm-data-rpi3-0.0.1-1.src.rpm	alsa-ucm-data-rpi3.spec	PASS
unified_source	initrd-recovery	src	0	7.5.3	0	fcd19284af98cdffebd7ac08a7220b1a09f2a174fddafa4d5ee3dfabf2f8bfc4	initrd-recovery-7.5.3-0.src.rpm	initrd-recovery.spec	PASS
base_source	rpm	src	0	4.14.1.1	2.9	fce58322c06ef21f7edcc92f0002bce9992c53156df655156ec3971ffd22383c	rpm-4.14.1.1-2.9.src.rpm	rpm.spec	PASS
unified_source	inm-manager	src	0	0.0.35	1	fce5b9559a310cd2c9a67df3646cf19aeb319e9c955b28504346d9b0b6edf684	inm-manager-0.0.35-1.src.rpm	inm-manager.spec	PASS
unified_source	perl-Alien-Build	src	0	2.84	0	fcec734703f800cc7fb7a03c4e2dd3057131dec77eedadb5ccceb09fdc0ff289	perl-Alien-Build-2.84-0.src.rpm	perl-Alien-Build.spec	PASS
unified_source	capi-network-vpn-setting	src	0	0.1.5	1	fd0a7c77632bb3f81b16372db076ea6845873ac70218d1bfe505d8c8fa5844de	capi-network-vpn-setting-0.1.5-1.src.rpm	capi-network-vpn-setting.spec	PASS
unified_source	vision-source-v4l2	src	0	1.2.0	0	fd1ca84b3aac64e63858007ee6930dfe3fb998d89754a9aba9ef276698df143f	vision-source-v4l2-1.2.0-0.src.rpm	vision-source-v4l2.spec	PASS
base_source	tiff	src	0	4.7.0	1.2	fd3cbbfba67e82841e3f8dd22fc9f2908be2b765180c53752aab631463dfca21	tiff-4.7.0-1.2.src.rpm	tiff.spec	PASS
unified_source	createrepo	src	0	0.9.9	1	fd725eedccdef6014530c88e4fb0c2ce733411bdb9625f775fd3e99728cce73b	createrepo-0.9.9-1.src.rpm	createrepo.spec	PASS
unified_source	perl-Devel-StackTrace	src	0	2.05	1	fdabe2659e83a23310fce51071e1d2182891f820d96267caf0570dd5951aa0ae	perl-Devel-StackTrace-2.05-1.src.rpm	perl-Devel-StackTrace.spec	PASS
unified_source	hal-api-radio	src	0	1.0.1	0	fdf1a25180d2d95f4bcaf320ed25a893cb94a1a0c9c87a5e7110051fd55e3be0	hal-api-radio-1.0.1-0.src.rpm	hal-api-radio.spec	PASS
base_source	libev	src	0	4.33	1.2	fe0a97a38eba7118d8122f3ee6af334af8c85f5e203834328ad20117aca13018	libev-4.33-1.2.src.rpm	libev.spec	PASS
unified_source	mobileap-agent	src	0	1.1.9	1	fe427603fa77194a742b2dc0b1c4f0018be08f626bef257219e15fdd61319586	mobileap-agent-1.1.9-1.src.rpm	mobileap-agent.spec	PASS
unified_source	openusd	src	0	24.03	0	fe568aad26dac664ea4dd49266fb6c711456d2814a6868f0638b2e2b8c1a91b2	openusd-24.03-0.src.rpm	openusd.spec	PASS
unified_source	rust-humantime	src	0	2.1.0	1	fe5e76f20a7779b88418366dc41d876fb6fc81ceedb113718a40334bd2a26629	rust-humantime-2.1.0-1.src.rpm	rust-humantime.spec	PASS
unified_source	parted	src	0	3.6	1	fe60690732416b6959ecec3a740ceb68c17a848c7855fcbdb1ae8e79bc05eabf	parted-3.6-1.src.rpm	parted.spec	PASS
unified_source	perl-Path-Tiny	src	0	0.150	0	feba06c6cf19ead1c800fa5f7569ec22dbbc4c9cdc1594f8222f9f408432ff04	perl-Path-Tiny-0.150-0.src.rpm	perl-Path-Tiny.spec	PASS
base_source	gcc-riscv64	src	0	14.2.0	1.5	fec02f2316d8a52d8bcf1f9f3b4cee4af025ef74ff461a48afc408b5961229fd	gcc-riscv64-14.2.0-1.5.src.rpm	gcc-riscv64.spec	PASS
unified_source	mmsvc-camera	src	0	1.3.7	0	fec8a2c18c1786df6e80aec7c847ff719c6353ad664dc44c18726a6d6d76f35d	mmsvc-camera-1.3.7-0.src.rpm	mmsvc-camera.spec	PASS
unified_source	check	src	0	0.14.0	0	ff05212c1c5680d4b5620d7b618cc58433800858e36eb231d8f324cca16af606	check-0.14.0-0.src.rpm	check.spec	PASS
base_source	iso_ent	src	0	2000.11.03	2.1	ff8a4a48e69712cbb169c72bf7262322c64c2034e443a76f90b2d745ec982fb0	iso_ent-2000.11.03-2.1.src.rpm	iso_ent.spec	PASS
unified_source	prebuilt-tizensdk	src	0	0.0.1	1	ffc03c7eae944f8438502a1a74840a9e133f7c56322f3c3217eabaceb4ab6893	prebuilt-tizensdk-0.0.1-1.src.rpm	prebuilt-tizensdk.spec	PASS
base_source	help2man	src	0	1.49.3	1.16	ffda96efe815a58d8c1a24ab4127e4d710c60d0b12814f37520bc0fa1d764332	help2man-1.49.3-1.16.src.rpm	help2man.spec	PASS
