/home/toolchain/development/libc++_replacement/tmp/R68/build-patched-armv7l/libcxx/test/__config_exec__/Output/tmph8dxexqc.cpp.dir	20480	0	20	/opt/usr/home/owner/share/tmp/r77_lit_20260829/runs/run-470521efaa07f436-3203429
/home/toolchain/development/libc++_replacement/tmp/R68/build-patched-armv7l/libcxx/test/__config_exec__/Output/tmpsjn46m65.cpp.dir	20480	0	20	/opt/usr/home/owner/share/tmp/r77_lit_20260829/runs/run-d614377389eb72a6-3203443
/home/toolchain/development/libc++_replacement/tmp/R68/build-patched-armv7l/libcxx/test/__config_exec__/Output/tmpuk1rsbhm.cpp.dir	20480	0	20	/opt/usr/home/owner/share/tmp/r77_lit_20260829/runs/run-f330da428db39709-3203457
/home/toolchain/development/libc++_replacement/tmp/R68/build-patched-armv7l/libcxx/test/__config_exec__/Output/tmphv4o6y49.cpp.dir	20480	0	20	/opt/usr/home/owner/share/tmp/r77_lit_20260829/runs/run-50eee7dd73e9234d-3203471
/home/toolchain/development/libc++_replacement/tmp/R68/build-patched-armv7l/libcxx/test/__config_exec__/Output/tmptde86ir_.cpp.dir	20480	0	20	/opt/usr/home/owner/share/tmp/r77_lit_20260829/runs/run-297326bf58bc3f14-3203485
/home/toolchain/development/libc++_replacement/tmp/R68/build-patched-armv7l/libcxx/test/__config_exec__/Output/tmpsp5ry4xv.cpp.dir	20480	0	20	/opt/usr/home/owner/share/tmp/r77_lit_20260829/runs/run-197b9c3078fa7694-3203499
/home/toolchain/development/libc++_replacement/tmp/R68/build-patched-armv7l/libcxx/test/__config_exec__/Output/tmpzt4atuby.cpp.dir	20480	0	20	/opt/usr/home/owner/share/tmp/r77_lit_20260829/runs/run-9e0e27f6a100b613-3203514
/home/toolchain/development/libc++_replacement/tmp/R68/build-patched-armv7l/libcxx/test/__config_exec__/Output/tmpgmor794u.cpp.dir	20480	0	20	/opt/usr/home/owner/share/tmp/r77_lit_20260829/runs/run-3896446395c4ebe2-3203528
/home/toolchain/development/libc++_replacement/tmp/R68/build-patched-armv7l/libcxx/test/__config_exec__/Output/tmpoza2mqns.cpp.dir	20480	0	20	/opt/usr/home/owner/share/tmp/r77_lit_20260829/runs/run-e3222be3acd6a438-3203542
/home/toolchain/development/libc++_replacement/tmp/R68/build-patched-armv7l/libcxx/test/__config_exec__/Output/tmp87ywe_bq.cpp.dir	20480	0	20	/opt/usr/home/owner/share/tmp/r77_lit_20260829/runs/run-ebb1246446fd023d-3203556
/home/toolchain/development/libc++_replacement/tmp/R68/build-patched-armv7l/libcxx/test/__config_exec__/Output/tmplj6piatt.cpp.dir	10240	0	4	/opt/usr/home/owner/share/tmp/r77_lit_20260829/runs/run-ecc02f31e6966556-3203606
/home/toolchain/development/libc++_replacement/tmp/R68/build-patched-armv7l/libcxx/test/std/ranges/range.adaptors/range.zip.transform/Output/size.pass.cpp.dir	102400	0	100	/opt/usr/home/owner/share/tmp/r77_lit_20260829/runs/run-1e7b66122c62c818-3203653
/home/toolchain/development/libc++_replacement/tmp/R68/build-patched-armv7l/libcxx/test/std/ranges/range.factories/range.iota.view/Output/begin.pass.cpp.dir	30720	0	32	/opt/usr/home/owner/share/tmp/r77_lit_20260829/runs/run-4d668a7c5a826bd5-3203671
/home/toolchain/development/libc++_replacement/tmp/R68/build-patched-armv7l/libcxx/test/std/ranges/range.adaptors/range.zip.transform/sentinel/Output/minus.pass.cpp.dir	593920	0	576	/opt/usr/home/owner/share/tmp/r77_lit_20260829/runs/run-8ba2ba85e6117e75-3203673
/home/toolchain/development/libc++_replacement/tmp/R68/build-patched-armv7l/libcxx/test/std/ranges/range.factories/range.iota.view/Output/ctor.default.pass.cpp.dir	30720	0	20	/opt/usr/home/owner/share/tmp/r77_lit_20260829/runs/run-96d8e83083411a2e-3203699
/home/toolchain/development/libc++_replacement/tmp/R68/build-patched-armv7l/libcxx/test/std/ranges/range.factories/range.iota.view/Output/ctor.first.last.pass.cpp.dir	30720	0	32	/opt/usr/home/owner/share/tmp/r77_lit_20260829/runs/run-0af90a17e10ff1aa-3203703
/home/toolchain/development/libc++_replacement/tmp/R68/build-patched-armv7l/libcxx/test/std/ranges/range.factories/range.iota.view/Output/ctor.value.bound.pass.cpp.dir	40960	0	32	/opt/usr/home/owner/share/tmp/r77_lit_20260829/runs/run-6aeb48f1144872de-3203727
/home/toolchain/development/libc++_replacement/tmp/R68/build-patched-armv7l/libcxx/test/std/ranges/range.factories/range.iota.view/Output/ctor.value.pass.cpp.dir	30720	0	24	/opt/usr/home/owner/share/tmp/r77_lit_20260829/runs/run-425c13b5a0a3a8af-3203731
/home/toolchain/development/libc++_replacement/tmp/R68/build-patched-armv7l/libcxx/test/std/ranges/range.factories/range.iota.view/Output/empty.pass.cpp.dir	51200	0	44	/opt/usr/home/owner/share/tmp/r77_lit_20260829/runs/run-d6f2310bda884a3d-3203755
/home/toolchain/development/libc++_replacement/tmp/R68/build-patched-armv7l/libcxx/test/std/ranges/range.factories/range.iota.view/Output/end.pass.cpp.dir	92160	0	80	/opt/usr/home/owner/share/tmp/r77_lit_20260829/runs/run-a7cf49a1d5a75978-3203790
/home/toolchain/development/libc++_replacement/tmp/R68/build-patched-armv7l/libcxx/test/std/ranges/range.factories/range.iota.view/Output/indices.pass.cpp.dir	51200	0	52	/opt/usr/home/owner/share/tmp/r77_lit_20260829/runs/run-11686ab5ad2f2572-3203817
/home/toolchain/development/libc++_replacement/tmp/R68/build-patched-armv7l/libcxx/test/std/ranges/range.factories/range.iota.view/iterator/Output/compare.pass.cpp.dir	40960	0	36	/opt/usr/home/owner/share/tmp/r77_lit_20260829/runs/run-067eb173f6b230e7-3203819
/home/toolchain/development/libc++_replacement/tmp/R68/build-patched-armv7l/libcxx/test/std/ranges/range.factories/range.iota.view/iterator/Output/ctor.default.pass.cpp.dir	30720	0	20	/opt/usr/home/owner/share/tmp/r77_lit_20260829/runs/run-27ba6cc16373d576-3203845
/home/toolchain/development/libc++_replacement/tmp/R68/build-patched-armv7l/libcxx/test/std/ranges/range.factories/range.iota.view/iterator/Output/ctor.value.pass.cpp.dir	30720	0	20	/opt/usr/home/owner/share/tmp/r77_lit_20260829/runs/run-ec7e3a352dfa479c-3203847
/home/toolchain/development/libc++_replacement/tmp/R68/build-patched-armv7l/libcxx/test/std/ranges/range.factories/range.iota.view/iterator/Output/decrement.pass.cpp.dir	30720	0	24	/opt/usr/home/owner/share/tmp/r77_lit_20260829/runs/run-93855dda65f4395b-3203873
/home/toolchain/development/libc++_replacement/tmp/R68/build-patched-armv7l/libcxx/test/std/ranges/range.factories/range.iota.view/iterator/Output/increment.pass.cpp.dir	30720	0	24	/opt/usr/home/owner/share/tmp/r77_lit_20260829/runs/run-e49d5ac388f5dfb3-3203875
/home/toolchain/development/libc++_replacement/tmp/R68/build-patched-armv7l/libcxx/test/std/ranges/range.factories/range.iota.view/iterator/Output/minus.pass.cpp.dir	40960	0	36	/opt/usr/home/owner/share/tmp/r77_lit_20260829/runs/run-26a13d383dc11e72-3203917
/home/toolchain/development/libc++_replacement/tmp/R68/build-patched-armv7l/libcxx/test/std/ranges/range.factories/range.iota.view/iterator/Output/minus_eq.pass.cpp.dir	40960	0	32	/opt/usr/home/owner/share/tmp/r77_lit_20260829/runs/run-66c50fea25022666-3203921
/home/toolchain/development/libc++_replacement/tmp/R68/build-patched-armv7l/libcxx/test/std/ranges/range.factories/range.iota.view/iterator/Output/plus.pass.cpp.dir	30720	0	28	/opt/usr/home/owner/share/tmp/r77_lit_20260829/runs/run-c406c4a17c064d3a-3203945
/home/toolchain/development/libc++_replacement/tmp/R68/build-patched-armv7l/libcxx/test/std/ranges/range.factories/range.iota.view/iterator/Output/plus_eq.pass.cpp.dir	30720	0	28	/opt/usr/home/owner/share/tmp/r77_lit_20260829/runs/run-78466cd406455dc5-3203949
/home/toolchain/development/libc++_replacement/tmp/R68/build-patched-armv7l/libcxx/test/std/ranges/range.factories/range.iota.view/iterator/Output/star.pass.cpp.dir	40960	0	36	/opt/usr/home/owner/share/tmp/r77_lit_20260829/runs/run-449eec902ddc0492-3203973
/home/toolchain/development/libc++_replacement/tmp/R68/build-patched-armv7l/libcxx/test/std/ranges/range.factories/range.iota.view/iterator/Output/subscript.pass.cpp.dir	30720	0	28	/opt/usr/home/owner/share/tmp/r77_lit_20260829/runs/run-0673e948f970138b-3203978
/home/toolchain/development/libc++_replacement/tmp/R68/build-patched-armv7l/libcxx/test/std/ranges/range.factories/range.iota.view/sentinel/Output/ctor.default.pass.cpp.dir	20480	0	20	/opt/usr/home/owner/share/tmp/r77_lit_20260829/runs/run-396d13368ce3c13b-3204006
/home/toolchain/development/libc++_replacement/tmp/R68/build-patched-armv7l/libcxx/test/std/ranges/range.factories/range.iota.view/sentinel/Output/ctor.value.pass.cpp.dir	30720	0	24	/opt/usr/home/owner/share/tmp/r77_lit_20260829/runs/run-a679c31adfd0f4b2-3204008
/home/toolchain/development/libc++_replacement/tmp/R68/build-patched-armv7l/libcxx/test/std/ranges/range.factories/range.iota.view/sentinel/Output/eq.pass.cpp.dir	30720	0	24	/opt/usr/home/owner/share/tmp/r77_lit_20260829/runs/run-8ed33b9138efb741-3204032
/home/toolchain/development/libc++_replacement/tmp/R68/build-patched-armv7l/libcxx/test/std/ranges/range.factories/range.iota.view/sentinel/Output/minus.pass.cpp.dir	30720	0	24	/opt/usr/home/owner/share/tmp/r77_lit_20260829/runs/run-422acff7ab3426fb-3204036
/home/toolchain/development/libc++_replacement/tmp/R68/build-patched-armv7l/libcxx/test/std/ranges/range.factories/range.iota.view/Output/size.pass.cpp.dir	30720	0	24	/opt/usr/home/owner/share/tmp/r77_lit_20260829/runs/run-02483a755b6a1d64-3204061
/home/toolchain/development/libc++_replacement/tmp/R68/build-patched-armv7l/libcxx/test/std/ranges/range.factories/range.iota.view/Output/views_iota.pass.cpp.dir	40960	0	40	/opt/usr/home/owner/share/tmp/r77_lit_20260829/runs/run-f117f098c5f5d726-3204067
/home/toolchain/development/libc++_replacement/tmp/R68/build-patched-armv7l/libcxx/test/std/ranges/range.factories/range.istream.view/Output/begin.pass.cpp.dir	81920	0	76	/opt/usr/home/owner/share/tmp/r77_lit_20260829/runs/run-c0657944cf80e5c8-3204089
/home/toolchain/development/libc++_replacement/tmp/R68/build-patched-armv7l/libcxx/test/std/ranges/range.factories/range.istream.view/Output/cpo.pass.cpp.dir	81920	0	72	/opt/usr/home/owner/share/tmp/r77_lit_20260829/runs/run-784d9914114c42c1-3204096
/home/toolchain/development/libc++_replacement/tmp/R68/build-patched-armv7l/libcxx/test/std/ranges/range.factories/range.istream.view/Output/ctor.pass.cpp.dir	81920	0	72	/opt/usr/home/owner/share/tmp/r77_lit_20260829/runs/run-66d75fcce9373ec0-3204117
/home/toolchain/development/libc++_replacement/tmp/R68/build-patched-armv7l/libcxx/test/std/ranges/range.factories/range.istream.view/Output/end.pass.cpp.dir	71680	0	72	/opt/usr/home/owner/share/tmp/r77_lit_20260829/runs/run-6e99e9c8cfe7bb97-3204124
/home/toolchain/development/libc++_replacement/tmp/R68/build-patched-armv7l/libcxx/test/std/ranges/range.factories/range.istream.view/Output/general.pass.cpp.dir	112640	0	108	/opt/usr/home/owner/share/tmp/r77_lit_20260829/runs/run-d0c44d87c93488d1-3204145
/home/toolchain/development/libc++_replacement/tmp/R68/build-patched-armv7l/libcxx/test/std/ranges/range.factories/range.istream.view/iterator/Output/compare.pass.cpp.dir	81920	0	76	/opt/usr/home/owner/share/tmp/r77_lit_20260829/runs/run-a075196b4264ebfc-3204150
/home/toolchain/development/libc++_replacement/tmp/R68/build-patched-armv7l/libcxx/test/std/ranges/range.factories/range.istream.view/iterator/Output/ctor.pass.cpp.dir	81920	0	72	/opt/usr/home/owner/share/tmp/r77_lit_20260829/runs/run-1826225859492d55-3204173
/home/toolchain/development/libc++_replacement/tmp/R68/build-patched-armv7l/libcxx/test/std/ranges/range.factories/range.istream.view/iterator/Output/deref.pass.cpp.dir	81920	0	72	/opt/usr/home/owner/share/tmp/r77_lit_20260829/runs/run-b98b305a90e13eb1-3204178
/home/toolchain/development/libc++_replacement/tmp/R68/build-patched-armv7l/libcxx/test/std/ranges/range.factories/range.istream.view/iterator/Output/increment.pass.cpp.dir	81920	0	76	/opt/usr/home/owner/share/tmp/r77_lit_20260829/runs/run-ea34913b82e26041-3204200
/home/toolchain/development/libc++_replacement/tmp/R68/build-patched-armv7l/libcxx/test/std/ranges/range.factories/range.istream.view/iterator/Output/special_op.pass.cpp.dir	81920	0	76	/opt/usr/home/owner/share/tmp/r77_lit_20260829/runs/run-cc07177dc0bc85b9-3204211
/home/toolchain/development/libc++_replacement/tmp/R68/build-patched-armv7l/libcxx/test/std/ranges/range.factories/range.repeat.view/Output/begin.pass.cpp.dir	30720	0	24	/opt/usr/home/owner/share/tmp/r77_lit_20260829/runs/run-c0a3bd62bc526c04-3204230
/home/toolchain/development/libc++_replacement/tmp/R68/build-patched-armv7l/libcxx/test/std/ranges/range.factories/range.repeat.view/Output/ctor.default.pass.cpp.dir	30720	0	24	/opt/usr/home/owner/share/tmp/r77_lit_20260829/runs/run-7d91926095dc19b2-3204239
/home/toolchain/development/libc++_replacement/tmp/R68/build-patched-armv7l/libcxx/test/std/ranges/range.factories/range.repeat.view/Output/ctor.piecewise.pass.cpp.dir	40960	0	36	/opt/usr/home/owner/share/tmp/r77_lit_20260829/runs/run-51aac6eb599aa3fd-3204257
/home/toolchain/development/libc++_replacement/tmp/R68/build-patched-armv7l/libcxx/test/std/ranges/range.factories/range.repeat.view/Output/ctor.value.bound.pass.cpp.dir	30720	0	24	/opt/usr/home/owner/share/tmp/r77_lit_20260829/runs/run-c3c4ebff2d376823-3204267
/home/toolchain/development/libc++_replacement/tmp/R68/build-patched-armv7l/libcxx/test/std/ranges/range.factories/range.repeat.view/Output/end.pass.cpp.dir	40960	0	36	/opt/usr/home/owner/share/tmp/r77_lit_20260829/runs/run-f0a219ce13e4ff89-3204285
/home/toolchain/development/libc++_replacement/tmp/R68/build-patched-armv7l/libcxx/test/std/ranges/range.factories/range.repeat.view/iterator/Output/compare.pass.cpp.dir	40960	0	32	/opt/usr/home/owner/share/tmp/r77_lit_20260829/runs/run-36fd91956020c397-3204295
/home/toolchain/development/libc++_replacement/tmp/R68/build-patched-armv7l/libcxx/test/std/ranges/range.factories/range.repeat.view/iterator/Output/ctor.default.pass.cpp.dir	20480	0	20	/opt/usr/home/owner/share/tmp/r77_lit_20260829/runs/run-97bccbbc962cbbdc-3204313
/home/toolchain/development/libc++_replacement/tmp/R68/build-patched-armv7l/libcxx/test/std/ranges/range.factories/range.repeat.view/iterator/Output/decrement.pass.cpp.dir	30720	0	24	/opt/usr/home/owner/share/tmp/r77_lit_20260829/runs/run-da5880552aa93ced-3204323
/home/toolchain/development/libc++_replacement/tmp/R68/build-patched-armv7l/libcxx/test/std/ranges/range.factories/range.repeat.view/iterator/Output/increment.pass.cpp.dir	30720	0	24	/opt/usr/home/owner/share/tmp/r77_lit_20260829/runs/run-5a66e6a6502032fb-3204344
/home/toolchain/development/libc++_replacement/tmp/R68/build-patched-armv7l/libcxx/test/std/ranges/range.factories/range.repeat.view/iterator/Output/minus.pass.cpp.dir	30720	0	28	/opt/usr/home/owner/share/tmp/r77_lit_20260829/runs/run-863b32bf5c7e5882-3204361
/home/toolchain/development/libc++_replacement/tmp/R68/build-patched-armv7l/libcxx/test/std/ranges/range.factories/range.repeat.view/iterator/Output/minus_eq.pass.cpp.dir	30720	0	24	/opt/usr/home/owner/share/tmp/r77_lit_20260829/runs/run-99cd3b5e659ec406-3204369
/home/toolchain/development/libc++_replacement/tmp/R68/build-patched-armv7l/libcxx/test/std/ranges/range.factories/range.repeat.view/iterator/Output/plus.pass.cpp.dir	30720	0	24	/opt/usr/home/owner/share/tmp/r77_lit_20260829/runs/run-723d2c2084356b02-3204389
/home/toolchain/development/libc++_replacement/tmp/R68/build-patched-armv7l/libcxx/test/std/ranges/range.factories/range.repeat.view/iterator/Output/plus_eq.pass.cpp.dir	30720	0	24	/opt/usr/home/owner/share/tmp/r77_lit_20260829/runs/run-211c9feba51a2356-3204398
/home/toolchain/development/libc++_replacement/tmp/R68/build-patched-armv7l/libcxx/test/std/ranges/range.factories/range.repeat.view/iterator/Output/star.pass.cpp.dir	30720	0	24	/opt/usr/home/owner/share/tmp/r77_lit_20260829/runs/run-520617252ff284a9-3204417
/home/toolchain/development/libc++_replacement/tmp/R68/build-patched-armv7l/libcxx/test/std/ranges/range.factories/range.repeat.view/iterator/Output/subscript.pass.cpp.dir	40960	0	32	/opt/usr/home/owner/share/tmp/r77_lit_20260829/runs/run-8f0da4f48b27bada-3204429
/home/toolchain/development/libc++_replacement/tmp/R68/build-patched-armv7l/libcxx/test/std/ranges/range.factories/range.repeat.view/Output/size.pass.cpp.dir	30720	0	24	/opt/usr/home/owner/share/tmp/r77_lit_20260829/runs/run-5a57e89c3e575d4b-3204443
/home/toolchain/development/libc++_replacement/tmp/R68/build-patched-armv7l/libcxx/test/std/ranges/range.factories/range.repeat.view/Output/views_repeat.pass.cpp.dir	71680	0	64	/opt/usr/home/owner/share/tmp/r77_lit_20260829/runs/run-2aea4ea20a2ae5b0-3204460
/home/toolchain/development/libc++_replacement/tmp/R68/build-patched-armv7l/libcxx/test/std/ranges/range.factories/range.single.view/Output/assign.pass.cpp.dir	30720	0	24	/opt/usr/home/owner/share/tmp/r77_lit_20260829/runs/run-62e6c73dbc3a9cf1-3204468
/home/toolchain/development/libc++_replacement/tmp/R68/build-patched-armv7l/libcxx/test/std/ranges/range.factories/range.single.view/Output/begin.pass.cpp.dir	30720	0	24	/opt/usr/home/owner/share/tmp/r77_lit_20260829/runs/run-07e08f59dbc5e1d2-3204487
/home/toolchain/development/libc++_replacement/tmp/R68/build-patched-armv7l/libcxx/test/std/ranges/range.factories/range.single.view/Output/cpo.pass.cpp.dir	30720	0	24	/opt/usr/home/owner/share/tmp/r77_lit_20260829/runs/run-6cb5daa542bfd0ab-3204503
/home/toolchain/development/libc++_replacement/tmp/R68/build-patched-armv7l/libcxx/test/std/ranges/range.factories/range.single.view/Output/ctor.default.pass.cpp.dir	30720	0	24	/opt/usr/home/owner/share/tmp/r77_lit_20260829/runs/run-6f1ceb3d3e72df5a-3204515
/home/toolchain/development/libc++_replacement/tmp/R68/build-patched-armv7l/libcxx/test/std/ranges/range.factories/range.single.view/Output/ctor.in_place.pass.cpp.dir	30720	0	20	/opt/usr/home/owner/share/tmp/r77_lit_20260829/runs/run-7b9bb0aefde45cfc-3204527
/home/toolchain/development/libc++_replacement/tmp/R68/build-patched-armv7l/libcxx/test/std/ranges/range.factories/range.single.view/Output/ctor.value.pass.cpp.dir	30720	0	24	/opt/usr/home/owner/share/tmp/r77_lit_20260829/runs/run-59ddb553934f47e1-3204543
/home/toolchain/development/libc++_replacement/tmp/R68/build-patched-armv7l/libcxx/test/std/ranges/range.factories/range.single.view/Output/data.pass.cpp.dir	30720	0	24	/opt/usr/home/owner/share/tmp/r77_lit_20260829/runs/run-1f5b6c9ffce2a468-3204555
/home/toolchain/development/libc++_replacement/tmp/R68/build-patched-armv7l/libcxx/test/std/ranges/range.factories/range.single.view/Output/empty.pass.cpp.dir	30720	0	28	/opt/usr/home/owner/share/tmp/r77_lit_20260829/runs/run-338c9e8156a02319-3204571
/home/toolchain/development/libc++_replacement/tmp/R68/build-patched-armv7l/libcxx/test/std/ranges/range.factories/range.single.view/Output/end.pass.cpp.dir	30720	0	24	/opt/usr/home/owner/share/tmp/r77_lit_20260829/runs/run-5a62b578d217b599-3204586
/home/toolchain/development/libc++_replacement/tmp/R68/build-patched-armv7l/libcxx/test/std/ranges/range.factories/range.single.view/Output/size.pass.cpp.dir	30720	0	20	/opt/usr/home/owner/share/tmp/r77_lit_20260829/runs/run-0ee625463b5d5f8a-3204606
/home/toolchain/development/libc++_replacement/tmp/R68/build-patched-armv7l/libcxx/test/std/ranges/range.utility/range.dangling/Output/dangling.pass.cpp.dir	20480	0	20	/opt/usr/home/owner/share/tmp/r77_lit_20260829/runs/run-6a0f5a987df1f83b-3204666
/home/toolchain/development/libc++_replacement/tmp/R68/build-patched-armv7l/libcxx/test/std/ranges/range.utility/range.elementsof/Output/ctad.pass.cpp.dir	40960	0	32	/opt/usr/home/owner/share/tmp/r77_lit_20260829/runs/run-b22bc055451fd1e1-3204670
/home/toolchain/development/libc++_replacement/tmp/R68/build-patched-armv7l/libcxx/test/std/ranges/range.utility/range.subrange/Output/advance.pass.cpp.dir	40960	0	32	/opt/usr/home/owner/share/tmp/r77_lit_20260829/runs/run-926f27b4a05301d2-3204724
/home/toolchain/development/libc++_replacement/tmp/R68/build-patched-armv7l/libcxx/test/std/ranges/range.utility/range.elementsof/Output/elements_of.pass.cpp.dir	102400	0	100	/opt/usr/home/owner/share/tmp/r77_lit_20260829/runs/run-e7c3b5a568b3202f-3204728
/home/toolchain/development/libc++_replacement/tmp/R68/build-patched-armv7l/libcxx/test/std/ranges/range.utility/range.subrange/Output/begin_end.pass.cpp.dir	40960	0	36	/opt/usr/home/owner/share/tmp/r77_lit_20260829/runs/run-d4c3beacf842639a-3204751
/home/toolchain/development/libc++_replacement/tmp/R68/build-patched-armv7l/libcxx/test/std/ranges/range.utility/range.subrange/Output/ctor.begin_end.pass.cpp.dir	30720	0	24	/opt/usr/home/owner/share/tmp/r77_lit_20260829/runs/run-eef96783e8a208af-3204765
/home/toolchain/development/libc++_replacement/tmp/R68/build-patched-armv7l/libcxx/test/std/ranges/range.utility/range.subrange/Output/ctor.begin_end_size.pass.cpp.dir	30720	0	24	/opt/usr/home/owner/share/tmp/r77_lit_20260829/runs/run-cbe368eeab478bfb-3204775
/home/toolchain/development/libc++_replacement/tmp/R68/build-patched-armv7l/libcxx/test/std/ranges/range.utility/range.subrange/Output/ctor.default.pass.cpp.dir	30720	0	24	/opt/usr/home/owner/share/tmp/r77_lit_20260829/runs/run-afc2ae7d2aa60622-3204810
/home/toolchain/development/libc++_replacement/tmp/R68/build-patched-armv7l/libcxx/test/std/ranges/range.utility/range.subrange/Output/ctor.pair_like_conv.pass.cpp.dir	30720	0	24	/opt/usr/home/owner/share/tmp/r77_lit_20260829/runs/run-87f80fc174384c6f-3204820
/home/toolchain/development/libc++_replacement/tmp/R68/build-patched-armv7l/libcxx/test/std/ranges/range.utility/range.subrange/Output/ctor.range.pass.cpp.dir	30720	0	32	/opt/usr/home/owner/share/tmp/r77_lit_20260829/runs/run-c7ff92a3e6b1964f-3204838
/home/toolchain/development/libc++_replacement/tmp/R68/build-patched-armv7l/libcxx/test/std/ranges/range.utility/range.subrange/Output/ctor.range_size.pass.cpp.dir	30720	0	24	/opt/usr/home/owner/share/tmp/r77_lit_20260829/runs/run-d822b0e40496d095-3204848
/home/toolchain/development/libc++_replacement/tmp/R68/build-patched-armv7l/libcxx/test/std/ranges/range.utility/range.subrange/Output/get.pass.cpp.dir	30720	0	28	/opt/usr/home/owner/share/tmp/r77_lit_20260829/runs/run-a1f0f2fe76619bc8-3204870
/home/toolchain/development/libc++_replacement/tmp/R68/build-patched-armv7l/libcxx/test/std/ranges/range.utility/range.subrange/Output/lwg3470.pass.cpp.dir	30720	0	24	/opt/usr/home/owner/share/tmp/r77_lit_20260829/runs/run-52605229741b7c96-3204874
/home/toolchain/development/libc++_replacement/tmp/R68/build-patched-armv7l/libcxx/test/std/ranges/range.utility/range.subrange/Output/operator.pair_like.pass.cpp.dir	30720	0	24	/opt/usr/home/owner/share/tmp/r77_lit_20260829/runs/run-0f0bbaf0a7c9d8ef-3204899
/home/toolchain/development/libc++_replacement/tmp/R68/build-patched-armv7l/libcxx/test/std/ranges/range.utility/range.subrange/Output/primitives.pass.cpp.dir	30720	0	28	/opt/usr/home/owner/share/tmp/r77_lit_20260829/runs/run-9c25ad4a836f404f-3204904
/home/toolchain/development/libc++_replacement/tmp/R68/build-patched-armv7l/libcxx/test/std/ranges/range.utility/range.subrange/Output/structured_bindings.pass.cpp.dir	30720	0	28	/opt/usr/home/owner/share/tmp/r77_lit_20260829/runs/run-f7b3c78afbf5ffd1-3204926
/home/toolchain/development/libc++_replacement/tmp/R68/build-patched-armv7l/libcxx/test/std/ranges/range.utility/range.utility.conv/Output/to_deduction.pass.cpp.dir	92160	0	92	/opt/usr/home/owner/share/tmp/r77_lit_20260829/runs/run-01f28a02df8aa452-3204942
/home/toolchain/development/libc++_replacement/tmp/R68/build-patched-armv7l/libcxx/test/std/ranges/range.utility/range.utility.conv/Output/to.pass.cpp.dir	512000	0	500	/opt/usr/home/owner/share/tmp/r77_lit_20260829/runs/run-018528e6ae0e72f7-3204951
/home/toolchain/development/libc++_replacement/tmp/R68/build-patched-armv7l/libcxx/test/std/ranges/range.utility/view.interface/Output/view.interface.pass.cpp.dir	30720	0	32	/opt/usr/home/owner/share/tmp/r77_lit_20260829/runs/run-3f38cef63f2341b2-3204970
/home/toolchain/development/libc++_replacement/tmp/R68/build-patched-armv7l/libcxx/test/std/ranges/Output/ranges_robust_against_no_unique_address.pass.cpp.dir	40960	0	32	/opt/usr/home/owner/share/tmp/r77_lit_20260829/runs/run-e08e7f5cd127f2ba-3204987
/home/toolchain/development/libc++_replacement/tmp/R68/build-patched-armv7l/libcxx/test/std/ranges/range.utility/range.utility.conv/Output/to_std_containers.pass.cpp.dir	1873920	0	1824	/opt/usr/home/owner/share/tmp/r77_lit_20260829/runs/run-3ff6757ce30b0218-3205002
/home/toolchain/development/libc++_replacement/tmp/R68/build-patched-armv7l/libcxx/test/std/re/re.alg/re.alg.match/Output/awk.pass.cpp.dir	983040	0	960	/opt/usr/home/owner/share/tmp/r77_lit_20260829/runs/run-3f13b77658c57204-3205015
/home/toolchain/development/libc++_replacement/tmp/R68/build-patched-armv7l/libcxx/test/std/re/re.alg/re.alg.match/Output/basic.pass.cpp.dir	983040	0	960	/opt/usr/home/owner/share/tmp/r77_lit_20260829/runs/run-e1e68227fc6068f1-3205031
/home/toolchain/development/libc++_replacement/tmp/R68/build-patched-armv7l/libcxx/test/std/re/re.alg/re.alg.match/Output/ecma.pass.cpp.dir	993280	0	968	/opt/usr/home/owner/share/tmp/r77_lit_20260829/runs/run-24ec3b43e5b9781b-3205040
/home/toolchain/development/libc++_replacement/tmp/R68/build-patched-armv7l/libcxx/test/std/re/re.alg/re.alg.match/Output/egrep.pass.cpp.dir	358400	0	352	/opt/usr/home/owner/share/tmp/r77_lit_20260829/runs/run-21c6fba79d4c70a4-3205059
/home/toolchain/development/libc++_replacement/tmp/R68/build-patched-armv7l/libcxx/test/std/re/re.alg/re.alg.match/Output/exponential.pass.cpp.dir	389120	0	376	/opt/usr/home/owner/share/tmp/r77_lit_20260829/runs/run-559511b567beaa30-3205068
/home/toolchain/development/libc++_replacement/tmp/R68/build-patched-armv7l/libcxx/test/std/re/re.alg/re.alg.match/Output/extended.pass.cpp.dir	993280	0	964	/opt/usr/home/owner/share/tmp/r77_lit_20260829/runs/run-c1c7b22b607bbb33-3205082
/home/toolchain/development/libc++_replacement/tmp/R68/build-patched-armv7l/libcxx/test/std/re/re.alg/re.alg.match/Output/grep.pass.cpp.dir	358400	0	352	/opt/usr/home/owner/share/tmp/r77_lit_20260829/runs/run-e4c38c8c38eea3bd-3205104
/home/toolchain/development/libc++_replacement/tmp/R68/build-patched-armv7l/libcxx/test/std/re/re.alg/re.alg.match/Output/inverted_character_classes.pass.cpp.dir	368640	0	356	/opt/usr/home/owner/share/tmp/r77_lit_20260829/runs/run-42632531f71bc331-3205106
/home/toolchain/development/libc++_replacement/tmp/R68/build-patched-armv7l/libcxx/test/std/re/re.alg/re.alg.match/Output/lookahead_capture.pass.cpp.dir	399360	0	384	/opt/usr/home/owner/share/tmp/r77_lit_20260829/runs/run-ed26acdd91fce696-3205133
/home/toolchain/development/libc++_replacement/tmp/R68/build-patched-armv7l/libcxx/test/std/re/re.alg/re.alg.match/Output/parse_curly_brackets.pass.cpp.dir	389120	0	380	/opt/usr/home/owner/share/tmp/r77_lit_20260829/runs/run-412cfe9aac37c70d-3205135
/home/toolchain/development/libc++_replacement/tmp/R68/build-patched-armv7l/libcxx/test/std/re/re.alg/re.alg.replace/Output/exponential.pass.cpp.dir	368640	0	360	/opt/usr/home/owner/share/tmp/r77_lit_20260829/runs/run-da2adc7a97dbcdec-3205159
/home/toolchain/development/libc++_replacement/tmp/R68/build-patched-armv7l/libcxx/test/std/re/re.alg/re.alg.replace/Output/test1.pass.cpp.dir	409600	0	400	/opt/usr/home/owner/share/tmp/r77_lit_20260829/runs/run-923399df819808a5-3205164
/home/toolchain/development/libc++_replacement/tmp/R68/build-patched-armv7l/libcxx/test/std/re/re.alg/re.alg.replace/Output/test2.pass.cpp.dir	409600	0	400	/opt/usr/home/owner/share/tmp/r77_lit_20260829/runs/run-bca0ef1db16b1a33-3205191
/home/toolchain/development/libc++_replacement/tmp/R68/build-patched-armv7l/libcxx/test/std/re/re.alg/re.alg.replace/Output/test3.pass.cpp.dir	409600	0	392	/opt/usr/home/owner/share/tmp/r77_lit_20260829/runs/run-e7651dd549aa15cc-3205193
/home/toolchain/development/libc++_replacement/tmp/R68/build-patched-armv7l/libcxx/test/std/re/re.alg/re.alg.replace/Output/test4.pass.cpp.dir	409600	0	392	/opt/usr/home/owner/share/tmp/r77_lit_20260829/runs/run-0cfd8f61ddfca79d-3205219
/home/toolchain/development/libc++_replacement/tmp/R68/build-patched-armv7l/libcxx/test/std/re/re.alg/re.alg.replace/Output/test5.pass.cpp.dir	368640	0	360	/opt/usr/home/owner/share/tmp/r77_lit_20260829/runs/run-40a398a840fc1f39-3205221
/home/toolchain/development/libc++_replacement/tmp/R68/build-patched-armv7l/libcxx/test/std/re/re.alg/re.alg.replace/Output/test6.pass.cpp.dir	368640	0	360	/opt/usr/home/owner/share/tmp/r77_lit_20260829/runs/run-cad1f1b01d7f7f32-3205247
/home/toolchain/development/libc++_replacement/tmp/R68/build-patched-armv7l/libcxx/test/std/re/re.alg/re.alg.replace/Output/zero_length_matches.pass.cpp.dir	368640	0	360	/opt/usr/home/owner/share/tmp/r77_lit_20260829/runs/run-4c4909f003c42c3e-3205249
/home/toolchain/development/libc++_replacement/tmp/R68/build-patched-armv7l/libcxx/test/std/re/re.alg/re.alg.search/Output/backup.pass.cpp.dir	440320	0	428	/opt/usr/home/owner/share/tmp/r77_lit_20260829/runs/run-1d7d72cac1656e0c-3205275
/home/toolchain/development/libc++_replacement/tmp/R68/build-patched-armv7l/libcxx/test/std/re/re.alg/re.alg.search/Output/awk.pass.cpp.dir	1013760	0	988	/opt/usr/home/owner/share/tmp/r77_lit_20260829/runs/run-b8bfba883b431171-3205284
/home/toolchain/development/libc++_replacement/tmp/R68/build-patched-armv7l/libcxx/test/std/re/re.alg/re.alg.search/Output/basic.pass.cpp.dir	1013760	0	984	/opt/usr/home/owner/share/tmp/r77_lit_20260829/runs/run-9a9be3739bfcfd86-3205304
/home/toolchain/development/libc++_replacement/tmp/R68/build-patched-armv7l/libcxx/test/std/re/re.alg/re.alg.search/Output/ecma.pass.cpp.dir	1024000	0	992	/opt/usr/home/owner/share/tmp/r77_lit_20260829/runs/run-5a07dd07a2212a49-3205326
/home/toolchain/development/libc++_replacement/tmp/R68/build-patched-armv7l/libcxx/test/std/re/re.alg/re.alg.search/Output/egrep.pass.cpp.dir	368640	0	356	/opt/usr/home/owner/share/tmp/r77_lit_20260829/runs/run-3e92fd300a8aae47-3205349
/home/toolchain/development/libc++_replacement/tmp/R68/build-patched-armv7l/libcxx/test/std/re/re.alg/re.alg.search/Output/exponential.pass.cpp.dir	358400	0	348	/opt/usr/home/owner/share/tmp/r77_lit_20260829/runs/run-d5cb4b35fb97d0c5-3205354
/home/toolchain/development/libc++_replacement/tmp/R68/build-patched-armv7l/libcxx/test/std/re/re.alg/re.alg.search/Output/extended.pass.cpp.dir	1013760	0	988	/opt/usr/home/owner/share/tmp/r77_lit_20260829/runs/run-907751ed540febd8-3205372
/home/toolchain/development/libc++_replacement/tmp/R68/build-patched-armv7l/libcxx/test/std/re/re.alg/re.alg.search/Output/grep.pass.cpp.dir	430080	0	416	/opt/usr/home/owner/share/tmp/r77_lit_20260829/runs/run-4d18990daf7b3d62-3205424
/home/toolchain/development/libc++_replacement/tmp/R68/build-patched-armv7l/libcxx/test/std/re/re.alg/re.alg.search/Output/invert_neg_word_search.pass.cpp.dir	358400	0	344	/opt/usr/home/owner/share/tmp/r77_lit_20260829/runs/run-3c13ef8c8dd33e85-3205431
/home/toolchain/development/libc++_replacement/tmp/R68/build-patched-armv7l/libcxx/test/std/re/re.alg/re.alg.search/Output/lookahead.pass.cpp.dir	358400	0	344	/opt/usr/home/owner/share/tmp/r77_lit_20260829/runs/run-ec2a36b5257bbf09-3205452
/home/toolchain/development/libc++_replacement/tmp/R68/build-patched-armv7l/libcxx/test/std/re/re.alg/re.alg.search/Output/no_update_pos.pass.cpp.dir	368640	0	352	/opt/usr/home/owner/share/tmp/r77_lit_20260829/runs/run-880af2a1ce3bc5b3-3205459
/home/toolchain/development/libc++_replacement/tmp/R68/build-patched-armv7l/libcxx/test/std/re/re.alg/re.except/Output/nothing_to_do.pass.cpp.dir	20480	0	20	/opt/usr/home/owner/share/tmp/r77_lit_20260829/runs/run-066f435340bd9c4f-3205473
/home/toolchain/development/libc++_replacement/tmp/R68/build-patched-armv7l/libcxx/test/std/re/re.badexp/Output/regex_error.pass.cpp.dir	30720	0	32	/opt/usr/home/owner/share/tmp/r77_lit_20260829/runs/run-f3b7fdbbc4d2eab5-3205491
/home/toolchain/development/libc++_replacement/tmp/R68/build-patched-armv7l/libcxx/test/std/re/re.const/re.err/Output/error_type.pass.cpp.dir	20480	0	20	/opt/usr/home/owner/share/tmp/r77_lit_20260829/runs/run-da8d15b5cbb23cea-3205503
/home/toolchain/development/libc++_replacement/tmp/R68/build-patched-armv7l/libcxx/test/std/re/re.const/re.matchflag/Output/match_flag_type.pass.cpp.dir	30720	0	20	/opt/usr/home/owner/share/tmp/r77_lit_20260829/runs/run-680ed934decc25f0-3205536
/home/toolchain/development/libc++_replacement/tmp/R68/build-patched-armv7l/libcxx/test/std/re/re.const/re.matchflag/Output/match_multiline.pass.cpp.dir	368640	0	356	/opt/usr/home/owner/share/tmp/r77_lit_20260829/runs/run-cd4013ef33de12fe-3205554
/home/toolchain/development/libc++_replacement/tmp/R68/build-patched-armv7l/libcxx/test/std/re/re.const/re.matchflag/Output/match_not_bol.pass.cpp.dir	389120	0	376	/opt/usr/home/owner/share/tmp/r77_lit_20260829/runs/run-0cd1cd0e7141a1d1-3205565
/home/toolchain/development/libc++_replacement/tmp/R68/build-patched-armv7l/libcxx/test/std/re/re.const/re.matchflag/Output/match_not_eol.pass.cpp.dir	389120	0	380	/opt/usr/home/owner/share/tmp/r77_lit_20260829/runs/run-9c1177bccb56738b-3205582
/home/toolchain/development/libc++_replacement/tmp/R68/build-patched-armv7l/libcxx/test/std/re/re.const/re.matchflag/Output/match_not_null.pass.cpp.dir	358400	0	352	/opt/usr/home/owner/share/tmp/r77_lit_20260829/runs/run-f6c9a6853c0e2fff-3205594
/home/toolchain/development/libc++_replacement/tmp/R68/build-patched-armv7l/libcxx/test/std/re/re.const/re.matchflag/Output/match_prev_avail.pass.cpp.dir	419840	0	404	/opt/usr/home/owner/share/tmp/r77_lit_20260829/runs/run-5ff13f4163e162c6-3205610
/home/toolchain/development/libc++_replacement/tmp/R68/build-patched-armv7l/libcxx/test/std/re/re.const/re.synopt/Output/syntax_option_type.pass.cpp.dir	30720	0	20	/opt/usr/home/owner/share/tmp/r77_lit_20260829/runs/run-2dd3a8354ebef70b-3205616
/home/toolchain/development/libc++_replacement/tmp/R68/build-patched-armv7l/libcxx/test/std/re/re.def/defns.regex.collating.element/Output/nothing_to_do.pass.cpp.dir	20480	0	20	/opt/usr/home/owner/share/tmp/r77_lit_20260829/runs/run-f335db1bcce23122-3205632
/home/toolchain/development/libc++_replacement/tmp/R68/build-patched-armv7l/libcxx/test/std/re/re.def/defns.regex.finite.state.machine/Output/nothing_to_do.pass.cpp.dir	20480	0	20	/opt/usr/home/owner/share/tmp/r77_lit_20260829/runs/run-da675af059faf7fb-3205644
/home/toolchain/development/libc++_replacement/tmp/R68/build-patched-armv7l/libcxx/test/std/re/re.def/defns.regex.format.specifier/Output/nothing_to_do.pass.cpp.dir	20480	0	20	/opt/usr/home/owner/share/tmp/r77_lit_20260829/runs/run-8d5850323e0e5994-3205661
/home/toolchain/development/libc++_replacement/tmp/R68/build-patched-armv7l/libcxx/test/std/re/re.def/defns.regex.matched/Output/nothing_to_do.pass.cpp.dir	20480	0	20	/opt/usr/home/owner/share/tmp/r77_lit_20260829/runs/run-472d978492e2228e-3205671
/home/toolchain/development/libc++_replacement/tmp/R68/build-patched-armv7l/libcxx/test/std/re/re.def/defns.regex.primary.equivalence.class/Output/nothing_to_do.pass.cpp.dir	20480	0	20	/opt/usr/home/owner/share/tmp/r77_lit_20260829/runs/run-3331a47295c434f8-3205689
/home/toolchain/development/libc++_replacement/tmp/R68/build-patched-armv7l/libcxx/test/std/re/re.def/defns.regex.regular.expression/Output/nothing_to_do.pass.cpp.dir	20480	0	20	/opt/usr/home/owner/share/tmp/r77_lit_20260829/runs/run-f2645810955dd232-3205699
/home/toolchain/development/libc++_replacement/tmp/R68/build-patched-armv7l/libcxx/test/std/re/re.def/defns.regex.subexpression/Output/nothing_to_do.pass.cpp.dir	20480	0	20	/opt/usr/home/owner/share/tmp/r77_lit_20260829/runs/run-4e5f11530035e6a2-3205717
/home/toolchain/development/libc++_replacement/tmp/R68/build-patched-armv7l/libcxx/test/std/re/re.general/Output/nothing_to_do.pass.cpp.dir	20480	0	20	/opt/usr/home/owner/share/tmp/r77_lit_20260829/runs/run-9c27c58040e3d03d-3205727
/home/toolchain/development/libc++_replacement/tmp/R68/build-patched-armv7l/libcxx/test/std/re/re.grammar/Output/excessive_brace_count.pass.cpp.dir	307200	0	300	/opt/usr/home/owner/share/tmp/r77_lit_20260829/runs/run-be39ef90b4847a71-3205750
/home/toolchain/development/libc++_replacement/tmp/R68/build-patched-armv7l/libcxx/test/std/re/re.grammar/Output/excessive_brace_min_max.pass.cpp.dir	317440	0	304	/opt/usr/home/owner/share/tmp/r77_lit_20260829/runs/run-fb96a62f46e98759-3205755
/home/toolchain/development/libc++_replacement/tmp/R68/build-patched-armv7l/libcxx/test/std/re/re.iter/re.regiter/re.regiter.cnstr/Output/default.pass.cpp.dir	71680	0	64	/opt/usr/home/owner/share/tmp/r77_lit_20260829/runs/run-d501bcfd5cef29b7-3205785
/home/toolchain/development/libc++_replacement/tmp/R68/build-patched-armv7l/libcxx/test/std/re/re.iter/re.regiter/re.regiter.cnstr/Output/cnstr.pass.cpp.dir	368640	0	352	/opt/usr/home/owner/share/tmp/r77_lit_20260829/runs/run-46248b8814a42092-3205784
/home/toolchain/development/libc++_replacement/tmp/R68/build-patched-armv7l/libcxx/test/std/re/re.iter/re.regiter/re.regiter.comp/Output/tested_elsewhere.pass.cpp.dir	20480	0	20	/opt/usr/home/owner/share/tmp/r77_lit_20260829/runs/run-be8f14e5afd65308-3205810
/home/toolchain/development/libc++_replacement/tmp/R68/build-patched-armv7l/libcxx/test/std/re/re.iter/re.regiter/re.regiter.comp/Output/equal.pass.cpp.dir	71680	0	68	/opt/usr/home/owner/share/tmp/r77_lit_20260829/runs/run-4f34d4f5e113444e-3205816
/home/toolchain/development/libc++_replacement/tmp/R68/build-patched-armv7l/libcxx/test/std/re/re.iter/re.regiter/re.regiter.deref/Output/deref.pass.cpp.dir	368640	0	352	/opt/usr/home/owner/share/tmp/r77_lit_20260829/runs/run-33ee8a7952b9c8ce-3205838
/home/toolchain/development/libc++_replacement/tmp/R68/build-patched-armv7l/libcxx/test/std/re/re.iter/re.regiter/re.regiter.incr/Output/post.pass.cpp.dir	378880	0	368	/opt/usr/home/owner/share/tmp/r77_lit_20260829/runs/run-9ce71b8f9d04fb98-3205845
/home/toolchain/development/libc++_replacement/tmp/R68/build-patched-armv7l/libcxx/test/std/re/re.iter/re.regiter/Output/types.pass.cpp.dir	20480	0	20	/opt/usr/home/owner/share/tmp/r77_lit_20260829/runs/run-9f3cf81a152b4a9c-3205865
/home/toolchain/development/libc++_replacement/tmp/R68/build-patched-armv7l/libcxx/test/std/re/re.iter/re.tokiter/re.tokiter.cnstr/Output/array.pass.cpp.dir	389120	0	380	/opt/usr/home/owner/share/tmp/r77_lit_20260829/runs/run-9d91bbed7106357d-3205881
/home/toolchain/development/libc++_replacement/tmp/R68/build-patched-armv7l/libcxx/test/std/re/re.iter/re.tokiter/re.tokiter.cnstr/Output/default.pass.cpp.dir	81920	0	76	/opt/usr/home/owner/share/tmp/r77_lit_20260829/runs/run-3d81c1f51de52db0-3205885
/home/toolchain/development/libc++_replacement/tmp/R68/build-patched-armv7l/libcxx/test/std/re/re.iter/re.tokiter/re.tokiter.cnstr/Output/init.pass.cpp.dir	389120	0	380	/opt/usr/home/owner/share/tmp/r77_lit_20260829/runs/run-82ae44538c9f29d5-3205911
/home/toolchain/development/libc++_replacement/tmp/R68/build-patched-armv7l/libcxx/test/std/re/re.iter/re.tokiter/re.tokiter.cnstr/Output/int.pass.cpp.dir	389120	0	376	/opt/usr/home/owner/share/tmp/r77_lit_20260829/runs/run-049d0d5c05e980c1-3205913
/home/toolchain/development/libc++_replacement/tmp/R68/build-patched-armv7l/libcxx/test/std/re/re.iter/re.tokiter/re.tokiter.cnstr/Output/vector.pass.cpp.dir	409600	0	392	/opt/usr/home/owner/share/tmp/r77_lit_20260829/runs/run-09bde67d92023c70-3205938
/home/toolchain/development/libc++_replacement/tmp/R68/build-patched-armv7l/libcxx/test/std/re/re.iter/re.tokiter/re.tokiter.comp/Output/equal.pass.cpp.dir	409600	0	392	/opt/usr/home/owner/share/tmp/r77_lit_20260829/runs/run-3266f938d3c04ec8-3205943
/home/toolchain/development/libc++_replacement/tmp/R68/build-patched-armv7l/libcxx/test/std/re/re.iter/re.tokiter/re.tokiter.deref/Output/deref.pass.cpp.dir	389120	0	376	/opt/usr/home/owner/share/tmp/r77_lit_20260829/runs/run-564fca1b03bf50f2-3205966
/home/toolchain/development/libc++_replacement/tmp/R68/build-patched-armv7l/libcxx/test/std/re/re.iter/re.tokiter/re.tokiter.incr/Output/post.pass.cpp.dir	409600	0	392	/opt/usr/home/owner/share/tmp/r77_lit_20260829/runs/run-3ce8354aec06cfa0-3205972
/home/toolchain/development/libc++_replacement/tmp/R68/build-patched-armv7l/libcxx/test/std/re/re.iter/re.tokiter/Output/types.pass.cpp.dir	20480	0	20	/opt/usr/home/owner/share/tmp/r77_lit_20260829/runs/run-f4e95085881d2cb2-3205994
/home/toolchain/development/libc++_replacement/tmp/R68/build-patched-armv7l/libcxx/test/std/re/re.regex/re.regex.assign/Output/assign.il.pass.cpp.dir	317440	0	304	/opt/usr/home/owner/share/tmp/r77_lit_20260829/runs/run-7ecd44fbc1b6103f-3206005
/home/toolchain/development/libc++_replacement/tmp/R68/build-patched-armv7l/libcxx/test/std/re/re.regex/re.regex.assign/Output/assign.pass.cpp.dir	358400	0	352	/opt/usr/home/owner/share/tmp/r77_lit_20260829/runs/run-172f97023d4b1339-3206024
/home/toolchain/development/libc++_replacement/tmp/R68/build-patched-armv7l/libcxx/test/std/re/re.regex/re.regex.assign/Output/assign_iter_iter_flag.pass.cpp.dir	368640	0	360	/opt/usr/home/owner/share/tmp/r77_lit_20260829/runs/run-243e729fbf8f7dd6-3206038
/home/toolchain/development/libc++_replacement/tmp/R68/build-patched-armv7l/libcxx/test/std/re/re.regex/re.regex.assign/Output/assign_ptr_flag.pass.cpp.dir	307200	0	300	/opt/usr/home/owner/share/tmp/r77_lit_20260829/runs/run-b959fb203ac8d61b-3206049
/home/toolchain/development/libc++_replacement/tmp/R68/build-patched-armv7l/libcxx/test/std/re/re.regex/re.regex.assign/Output/assign_ptr_size_flag.pass.cpp.dir	317440	0	304	/opt/usr/home/owner/share/tmp/r77_lit_20260829/runs/run-a128c8cc9692ee02-3206066
/home/toolchain/development/libc++_replacement/tmp/R68/build-patched-armv7l/libcxx/test/std/re/re.regex/re.regex.assign/Output/assign_string_flag.pass.cpp.dir	317440	0	312	/opt/usr/home/owner/share/tmp/r77_lit_20260829/runs/run-1e19b61d05a44ff2-3206077
/home/toolchain/development/libc++_replacement/tmp/R68/build-patched-armv7l/libcxx/test/std/re/re.regex/re.regex.assign/Output/copy.pass.cpp.dir	307200	0	300	/opt/usr/home/owner/share/tmp/r77_lit_20260829/runs/run-be636ce45507974e-3206096
/home/toolchain/development/libc++_replacement/tmp/R68/build-patched-armv7l/libcxx/test/std/re/re.regex/re.regex.assign/Output/il.pass.cpp.dir	307200	0	300	/opt/usr/home/owner/share/tmp/r77_lit_20260829/runs/run-84e6c8bc6d881ac3-3206107
/home/toolchain/development/libc++_replacement/tmp/R68/build-patched-armv7l/libcxx/test/std/re/re.regex/re.regex.assign/Output/ptr.pass.cpp.dir	307200	0	300	/opt/usr/home/owner/share/tmp/r77_lit_20260829/runs/run-5d3e00b614cb5468-3206124
/home/toolchain/development/libc++_replacement/tmp/R68/build-patched-armv7l/libcxx/test/std/re/re.regex/re.regex.assign/Output/string.pass.cpp.dir	317440	0	312	/opt/usr/home/owner/share/tmp/r77_lit_20260829/runs/run-752406e809438b7c-3206135
/home/toolchain/development/libc++_replacement/tmp/R68/build-patched-armv7l/libcxx/test/std/re/re.regex/re.regex.const/Output/constants.pass.cpp.dir	30720	0	24	/opt/usr/home/owner/share/tmp/r77_lit_20260829/runs/run-beb3058dbe94416c-3206145
/home/toolchain/development/libc++_replacement/tmp/R68/build-patched-armv7l/libcxx/test/std/re/re.regex/re.regex.construct/Output/awk_oct.pass.cpp.dir	358400	0	348	/opt/usr/home/owner/share/tmp/r77_lit_20260829/runs/run-50ff25f26ce229ef-3206185
/home/toolchain/development/libc++_replacement/tmp/R68/build-patched-armv7l/libcxx/test/std/re/re.regex/re.regex.construct/Output/bad_backref.pass.cpp.dir	317440	0	308	/opt/usr/home/owner/share/tmp/r77_lit_20260829/runs/run-206251b66ea08bab-3206193
/home/toolchain/development/libc++_replacement/tmp/R68/build-patched-armv7l/libcxx/test/std/re/re.regex/re.regex.construct/Output/bad_ctype.pass.cpp.dir	307200	0	300	/opt/usr/home/owner/share/tmp/r77_lit_20260829/runs/run-5dea9c9b1603e873-3206213
/home/toolchain/development/libc++_replacement/tmp/R68/build-patched-armv7l/libcxx/test/std/re/re.regex/re.regex.construct/Output/bad_escape.pass.cpp.dir	317440	0	304	/opt/usr/home/owner/share/tmp/r77_lit_20260829/runs/run-c395e3d900a024ab-3206222
/home/toolchain/development/libc++_replacement/tmp/R68/build-patched-armv7l/libcxx/test/std/re/re.regex/re.regex.construct/Output/bad_range.pass.cpp.dir	307200	0	300	/opt/usr/home/owner/share/tmp/r77_lit_20260829/runs/run-274765257998e64d-3206241
/home/toolchain/development/libc++_replacement/tmp/R68/build-patched-armv7l/libcxx/test/std/re/re.regex/re.regex.construct/Output/bad_repeat.pass.cpp.dir	307200	0	300	/opt/usr/home/owner/share/tmp/r77_lit_20260829/runs/run-e504f4795818902d-3206250
/home/toolchain/development/libc++_replacement/tmp/R68/build-patched-armv7l/libcxx/test/std/re/re.regex/re.regex.construct/Output/copy.pass.cpp.dir	307200	0	300	/opt/usr/home/owner/share/tmp/r77_lit_20260829/runs/run-7aa652be09409c6f-3206285
/home/toolchain/development/libc++_replacement/tmp/R68/build-patched-armv7l/libcxx/test/std/re/re.regex/re.regex.construct/Output/deduct.pass.cpp.dir	747520	0	728	/opt/usr/home/owner/share/tmp/r77_lit_20260829/runs/run-14015c1b3cbe24c1-3206300
/home/toolchain/development/libc++_replacement/tmp/R68/build-patched-armv7l/libcxx/test/std/re/re.regex/re.regex.construct/Output/default.pass.cpp.dir	30720	0	28	/opt/usr/home/owner/share/tmp/r77_lit_20260829/runs/run-327158484c146ccd-3206305
/home/toolchain/development/libc++_replacement/tmp/R68/build-patched-armv7l/libcxx/test/std/re/re.regex/re.regex.construct/Output/il_flg.pass.cpp.dir	317440	0	304	/opt/usr/home/owner/share/tmp/r77_lit_20260829/runs/run-84114b328d7ad43e-3206332
/home/toolchain/development/libc++_replacement/tmp/R68/build-patched-armv7l/libcxx/test/std/re/re.regex/re.regex.construct/Output/iter_iter.pass.cpp.dir	327680	0	316	/opt/usr/home/owner/share/tmp/r77_lit_20260829/runs/run-496348cb5a254638-3206338
/home/toolchain/development/libc++_replacement/tmp/R68/build-patched-armv7l/libcxx/test/std/re/re.regex/re.regex.construct/Output/iter_iter_flg.pass.cpp.dir	327680	0	316	/opt/usr/home/owner/share/tmp/r77_lit_20260829/runs/run-ba6679faa474dcf8-3206360
/home/toolchain/development/libc++_replacement/tmp/R68/build-patched-armv7l/libcxx/test/std/re/re.regex/re.regex.construct/Output/ptr.pass.cpp.dir	307200	0	300	/opt/usr/home/owner/share/tmp/r77_lit_20260829/runs/run-e50d6583975c2210-3206365
/home/toolchain/development/libc++_replacement/tmp/R68/build-patched-armv7l/libcxx/test/std/re/re.regex/re.regex.construct/Output/ptr_flg.pass.cpp.dir	307200	0	300	/opt/usr/home/owner/share/tmp/r77_lit_20260829/runs/run-a8a7cb67e5cc9218-3206388
/home/toolchain/development/libc++_replacement/tmp/R68/build-patched-armv7l/libcxx/test/std/re/re.regex/re.regex.construct/Output/ptr_size.pass.cpp.dir	307200	0	300	/opt/usr/home/owner/share/tmp/r77_lit_20260829/runs/run-c975e52625252c46-3206393
/home/toolchain/development/libc++_replacement/tmp/R68/build-patched-armv7l/libcxx/test/std/re/re.regex/re.regex.construct/Output/ptr_size_flg.pass.cpp.dir	307200	0	300	/opt/usr/home/owner/share/tmp/r77_lit_20260829/runs/run-e1e68e7d89c279c0-3206416
/home/toolchain/development/libc++_replacement/tmp/R68/build-patched-armv7l/libcxx/test/std/re/re.regex/re.regex.construct/Output/string.pass.cpp.dir	317440	0	304	/opt/usr/home/owner/share/tmp/r77_lit_20260829/runs/run-801fb1b87f261373-3206421
/home/toolchain/development/libc++_replacement/tmp/R68/build-patched-armv7l/libcxx/test/std/re/re.regex/re.regex.construct/Output/string_flg.pass.cpp.dir	317440	0	308	/opt/usr/home/owner/share/tmp/r77_lit_20260829/runs/run-4979e88c2691a53c-3206446
/home/toolchain/development/libc++_replacement/tmp/R68/build-patched-armv7l/libcxx/test/std/re/re.regex/re.regex.locale/Output/imbue.pass.cpp.dir	30720	0	28	/opt/usr/home/owner/share/tmp/r77_lit_20260829/runs/run-2abb13c414bda7db-3206448
/home/toolchain/development/libc++_replacement/tmp/R68/build-patched-armv7l/libcxx/test/std/re/re.regex/re.regex.operations/Output/tested_elsewhere.pass.cpp.dir	20480	0	20	/opt/usr/home/owner/share/tmp/r77_lit_20260829/runs/run-2d4e84ceddb3285b-3206472
/home/toolchain/development/libc++_replacement/tmp/R68/build-patched-armv7l/libcxx/test/std/re/re.regex/re.regex.nonmemb/re.regex.nmswap/Output/swap.pass.cpp.dir	317440	0	304	/opt/usr/home/owner/share/tmp/r77_lit_20260829/runs/run-a78cbffc0dda78a1-3206481
/home/toolchain/development/libc++_replacement/tmp/R68/build-patched-armv7l/libcxx/test/std/re/re.regex/re.regex.swap/Output/swap.pass.cpp.dir	317440	0	304	/opt/usr/home/owner/share/tmp/r77_lit_20260829/runs/run-2f5eeaec8215830b-3206501
/home/toolchain/development/libc++_replacement/tmp/R68/build-patched-armv7l/libcxx/test/std/re/re.regex/Output/types.pass.cpp.dir	20480	0	20	/opt/usr/home/owner/share/tmp/r77_lit_20260829/runs/run-9098beaaaed49f35-3206506
/home/toolchain/development/libc++_replacement/tmp/R68/build-patched-armv7l/libcxx/test/std/re/re.req/Output/nothing_to_do.pass.cpp.dir	20480	0	20	/opt/usr/home/owner/share/tmp/r77_lit_20260829/runs/run-b4e0f4cf3d4b0755-3206526
/home/toolchain/development/libc++_replacement/tmp/R68/build-patched-armv7l/libcxx/test/std/re/re.results/re.results.acc/Output/begin_end.pass.cpp.dir	368640	0	352	/opt/usr/home/owner/share/tmp/r77_lit_20260829/runs/run-cb1c2d4dd139f404-3206548
/home/toolchain/development/libc++_replacement/tmp/R68/build-patched-armv7l/libcxx/test/std/re/re.results/re.results.acc/Output/cbegin_cend.pass.cpp.dir	368640	0	352	/opt/usr/home/owner/share/tmp/r77_lit_20260829/runs/run-d898a23aba030b58-3206553
/home/toolchain/development/libc++_replacement/tmp/R68/build-patched-armv7l/libcxx/test/std/re/re.results/re.results.acc/Output/index.pass.cpp.dir	358400	0	348	/opt/usr/home/owner/share/tmp/r77_lit_20260829/runs/run-a35c03451fa210e6-3206576
/home/toolchain/development/libc++_replacement/tmp/R68/build-patched-armv7l/libcxx/test/std/re/re.results/re.results.acc/Output/length.pass.cpp.dir	358400	0	344	/opt/usr/home/owner/share/tmp/r77_lit_20260829/runs/run-1e8801b537d2fd14-3206581
/home/toolchain/development/libc++_replacement/tmp/R68/build-patched-armv7l/libcxx/test/std/re/re.results/re.results.acc/Output/position.pass.cpp.dir	358400	0	344	/opt/usr/home/owner/share/tmp/r77_lit_20260829/runs/run-0833602028ac860a-3206606
/home/toolchain/development/libc++_replacement/tmp/R68/build-patched-armv7l/libcxx/test/std/re/re.results/re.results.acc/Output/prefix.pass.cpp.dir	358400	0	344	/opt/usr/home/owner/share/tmp/r77_lit_20260829/runs/run-41810aa2dad0545a-3206611
/home/toolchain/development/libc++_replacement/tmp/R68/build-patched-armv7l/libcxx/test/std/re/re.results/re.results.acc/Output/str.pass.cpp.dir	358400	0	352	/opt/usr/home/owner/share/tmp/r77_lit_20260829/runs/run-575ef3b631b26cbc-3206634
/home/toolchain/development/libc++_replacement/tmp/R68/build-patched-armv7l/libcxx/test/std/re/re.results/re.results.acc/Output/suffix.pass.cpp.dir	358400	0	344	/opt/usr/home/owner/share/tmp/r77_lit_20260829/runs/run-b23334b9b3073815-3206639
/home/toolchain/development/libc++_replacement/tmp/R68/build-patched-armv7l/libcxx/test/std/re/re.results/re.results.all/Output/get_allocator.pass.cpp.dir	40960	0	40	/opt/usr/home/owner/share/tmp/r77_lit_20260829/runs/run-d9d7e35519f36fa8-3206662
/home/toolchain/development/libc++_replacement/tmp/R68/build-patched-armv7l/libcxx/test/std/re/re.results/re.results.const/Output/allocator.pass.cpp.dir	40960	0	40	/opt/usr/home/owner/share/tmp/r77_lit_20260829/runs/run-b62a0269481a59bf-3206667
/home/toolchain/development/libc++_replacement/tmp/R68/build-patched-armv7l/libcxx/test/std/re/re.results/re.results.const/Output/copy.pass.cpp.dir	102400	0	92	/opt/usr/home/owner/share/tmp/r77_lit_20260829/runs/run-cd2dc5885c367ad2-3206690
/home/toolchain/development/libc++_replacement/tmp/R68/build-patched-armv7l/libcxx/test/std/re/re.results/re.results.const/Output/copy_assign.pass.cpp.dir	133120	0	132	/opt/usr/home/owner/share/tmp/r77_lit_20260829/runs/run-daf65f3fac43bc24-3206697
/home/toolchain/development/libc++_replacement/tmp/R68/build-patched-armv7l/libcxx/test/std/re/re.results/re.results.const/Output/default.pass.cpp.dir	40960	0	32	/opt/usr/home/owner/share/tmp/r77_lit_20260829/runs/run-1a501fcab9c9cf59-3206718
/home/toolchain/development/libc++_replacement/tmp/R68/build-patched-armv7l/libcxx/test/std/re/re.results/re.results.const/Output/move.pass.cpp.dir	61440	0	56	/opt/usr/home/owner/share/tmp/r77_lit_20260829/runs/run-afd0348a2c3ced0a-3206725
/home/toolchain/development/libc++_replacement/tmp/R68/build-patched-armv7l/libcxx/test/std/re/re.results/re.results.const/Output/move_assign.pass.cpp.dir	122880	0	116	/opt/usr/home/owner/share/tmp/r77_lit_20260829/runs/run-5e24dda53beb5e36-3206748
/home/toolchain/development/libc++_replacement/tmp/R68/build-patched-armv7l/libcxx/test/std/re/re.results/re.results.form/Output/form1.pass.cpp.dir	706560	0	684	/opt/usr/home/owner/share/tmp/r77_lit_20260829/runs/run-113ec912a04ef227-3206763
/home/toolchain/development/libc++_replacement/tmp/R68/build-patched-armv7l/libcxx/test/std/re/re.results/re.results.form/Output/form2.pass.cpp.dir	716800	0	700	/opt/usr/home/owner/share/tmp/r77_lit_20260829/runs/run-dfb7109730281ac8-3206777
/home/toolchain/development/libc++_replacement/tmp/R68/build-patched-armv7l/libcxx/test/std/re/re.results/re.results.form/Output/form3.pass.cpp.dir	727040	0	708	/opt/usr/home/owner/share/tmp/r77_lit_20260829/runs/run-31edd6bfa282de8d-3206791
/home/toolchain/development/libc++_replacement/tmp/R68/build-patched-armv7l/libcxx/test/std/re/re.results/re.results.form/Output/form4.pass.cpp.dir	696320	0	680	/opt/usr/home/owner/share/tmp/r77_lit_20260829/runs/run-f1b38eb7c49df577-3206805
/home/toolchain/development/libc++_replacement/tmp/R68/build-patched-armv7l/libcxx/test/std/re/re.results/re.results.nonmember/Output/equal.pass.cpp.dir	368640	0	352	/opt/usr/home/owner/share/tmp/r77_lit_20260829/runs/run-8618c41660a960bf-3206816
/home/toolchain/development/libc++_replacement/tmp/R68/build-patched-armv7l/libcxx/test/std/re/re.results/re.results.size/Output/empty.pass.cpp.dir	358400	0	344	/opt/usr/home/owner/share/tmp/r77_lit_20260829/runs/run-8101bfd2ed654c23-3206832
/home/toolchain/development/libc++_replacement/tmp/R68/build-patched-armv7l/libcxx/test/std/re/re.results/re.results.size/Output/max_size.pass.cpp.dir	40960	0	32	/opt/usr/home/owner/share/tmp/r77_lit_20260829/runs/run-5e1947b1aaeb87f3-3206873
/home/toolchain/development/libc++_replacement/tmp/R68/build-patched-armv7l/libcxx/test/std/re/re.results/re.results.state/Output/ready.pass.cpp.dir	358400	0	344	/opt/usr/home/owner/share/tmp/r77_lit_20260829/runs/run-1cf5fac451734c66-3206892
/home/toolchain/development/libc++_replacement/tmp/R68/build-patched-armv7l/libcxx/test/std/re/re.results/re.results.swap/Output/member_swap.pass.cpp.dir	368640	0	356	/opt/usr/home/owner/share/tmp/r77_lit_20260829/runs/run-29c43576fe57f6f4-3206903
/home/toolchain/development/libc++_replacement/tmp/R68/build-patched-armv7l/libcxx/test/std/re/re.results/re.results.swap/Output/non_member_swap.pass.cpp.dir	368640	0	356	/opt/usr/home/owner/share/tmp/r77_lit_20260829/runs/run-a38b09ba17aa9a2d-3206922
/home/toolchain/development/libc++_replacement/tmp/R68/build-patched-armv7l/libcxx/test/std/re/re.results/Output/types.pass.cpp.dir	20480	0	20	/opt/usr/home/owner/share/tmp/r77_lit_20260829/runs/run-335df21774c7ca69-3206927
/home/toolchain/development/libc++_replacement/tmp/R68/build-patched-armv7l/libcxx/test/std/re/re.submatch/re.submatch.members/Output/compare_string_type.pass.cpp.dir	61440	0	56	/opt/usr/home/owner/share/tmp/r77_lit_20260829/runs/run-42ee6c38f26db320-3206950
/home/toolchain/development/libc++_replacement/tmp/R68/build-patched-armv7l/libcxx/test/std/re/re.submatch/re.submatch.members/Output/compare_sub_match.pass.cpp.dir	61440	0	52	/opt/usr/home/owner/share/tmp/r77_lit_20260829/runs/run-b2b7626c31e2ceb0-3206973
/home/toolchain/development/libc++_replacement/tmp/R68/build-patched-armv7l/libcxx/test/std/re/re.submatch/re.submatch.members/Output/compare_value_type_ptr.pass.cpp.dir	61440	0	52	/opt/usr/home/owner/share/tmp/r77_lit_20260829/runs/run-ad820b421bc69233-3206995
/home/toolchain/development/libc++_replacement/tmp/R68/build-patched-armv7l/libcxx/test/std/re/re.submatch/re.submatch.members/Output/default.pass.cpp.dir	30720	0	20	/opt/usr/home/owner/share/tmp/r77_lit_20260829/runs/run-136de8cb8887280d-3207000
/home/toolchain/development/libc++_replacement/tmp/R68/build-patched-armv7l/libcxx/test/std/re/re.submatch/re.submatch.members/Output/length.pass.cpp.dir	30720	0	24	/opt/usr/home/owner/share/tmp/r77_lit_20260829/runs/run-98c6f7bf165cd63c-3207023
/home/toolchain/development/libc++_replacement/tmp/R68/build-patched-armv7l/libcxx/test/std/re/re.submatch/re.submatch.members/Output/operator_string.pass.cpp.dir	61440	0	56	/opt/usr/home/owner/share/tmp/r77_lit_20260829/runs/run-69e637cc3ec1b8d2-3207030
/home/toolchain/development/libc++_replacement/tmp/R68/build-patched-armv7l/libcxx/test/std/re/re.submatch/re.submatch.members/Output/str.pass.cpp.dir	61440	0	56	/opt/usr/home/owner/share/tmp/r77_lit_20260829/runs/run-110eb62abde789dd-3207051
/home/toolchain/development/libc++_replacement/tmp/R68/build-patched-armv7l/libcxx/test/std/re/re.submatch/re.submatch.members/Output/swap.pass.cpp.dir	30720	0	24	/opt/usr/home/owner/share/tmp/r77_lit_20260829/runs/run-c019e67ddcad244c-3207058
/home/toolchain/development/libc++_replacement/tmp/R68/build-patched-armv7l/libcxx/test/std/re/re.submatch/re.submatch.op/Output/compare.pass.cpp.dir	266240	0	260	/opt/usr/home/owner/share/tmp/r77_lit_20260829/runs/run-faf393648c7c5f14-3207079
/home/toolchain/development/libc++_replacement/tmp/R68/build-patched-armv7l/libcxx/test/std/re/re.submatch/re.submatch.op/Output/stream.pass.cpp.dir	102400	0	96	/opt/usr/home/owner/share/tmp/r77_lit_20260829/runs/run-590b311326959fd4-3207083
/home/toolchain/development/libc++_replacement/tmp/R68/build-patched-armv7l/libcxx/test/std/re/re.submatch/Output/types.pass.cpp.dir	30720	0	20	/opt/usr/home/owner/share/tmp/r77_lit_20260829/runs/run-7891385a71d0de5b-3207107
/home/toolchain/development/libc++_replacement/tmp/R68/build-patched-armv7l/libcxx/test/std/re/re.syn/Output/cmatch.pass.cpp.dir	20480	0	20	/opt/usr/home/owner/share/tmp/r77_lit_20260829/runs/run-48c71d38fc40af00-3207111
/home/toolchain/development/libc++_replacement/tmp/R68/build-patched-armv7l/libcxx/test/std/re/re.syn/Output/cregex_iterator.pass.cpp.dir	20480	0	20	/opt/usr/home/owner/share/tmp/r77_lit_20260829/runs/run-8e212b5a730b5fad-3207135
/home/toolchain/development/libc++_replacement/tmp/R68/build-patched-armv7l/libcxx/test/std/re/re.syn/Output/cregex_token_iterator.pass.cpp.dir	20480	0	20	/opt/usr/home/owner/share/tmp/r77_lit_20260829/runs/run-92d6be181f63c2f1-3207139
/home/toolchain/development/libc++_replacement/tmp/R68/build-patched-armv7l/libcxx/test/std/re/re.syn/Output/csub_match.pass.cpp.dir	20480	0	20	/opt/usr/home/owner/share/tmp/r77_lit_20260829/runs/run-e54f7dfbe16df144-3207163
/home/toolchain/development/libc++_replacement/tmp/R68/build-patched-armv7l/libcxx/test/std/re/re.syn/Output/regex.pass.cpp.dir	20480	0	20	/opt/usr/home/owner/share/tmp/r77_lit_20260829/runs/run-3d912df6811b3e04-3207167
/home/toolchain/development/libc++_replacement/tmp/R68/build-patched-armv7l/libcxx/test/std/re/re.syn/Output/smatch.pass.cpp.dir	20480	0	20	/opt/usr/home/owner/share/tmp/r77_lit_20260829/runs/run-2c4c4f1190f05604-3207191
/home/toolchain/development/libc++_replacement/tmp/R68/build-patched-armv7l/libcxx/test/std/re/re.syn/Output/sregex_iterator.pass.cpp.dir	20480	0	20	/opt/usr/home/owner/share/tmp/r77_lit_20260829/runs/run-4417420dedd92066-3207195
/home/toolchain/development/libc++_replacement/tmp/R68/build-patched-armv7l/libcxx/test/std/re/re.syn/Output/sregex_token_iterator.pass.cpp.dir	20480	0	20	/opt/usr/home/owner/share/tmp/r77_lit_20260829/runs/run-257c42d592f76420-3207219
/home/toolchain/development/libc++_replacement/tmp/R68/build-patched-armv7l/libcxx/test/std/re/re.syn/Output/ssub_match.pass.cpp.dir	20480	0	20	/opt/usr/home/owner/share/tmp/r77_lit_20260829/runs/run-b7a0566241aa976c-3207223
/home/toolchain/development/libc++_replacement/tmp/R68/build-patched-armv7l/libcxx/test/std/re/re.syn/Output/wcmatch.pass.cpp.dir	20480	0	20	/opt/usr/home/owner/share/tmp/r77_lit_20260829/runs/run-98f02ac839b0e859-3207249
/home/toolchain/development/libc++_replacement/tmp/R68/build-patched-armv7l/libcxx/test/std/re/re.syn/Output/wcregex_iterator.pass.cpp.dir	20480	0	20	/opt/usr/home/owner/share/tmp/r77_lit_20260829/runs/run-abb3eaaa6163cb02-3207253
/home/toolchain/development/libc++_replacement/tmp/R68/build-patched-armv7l/libcxx/test/std/re/re.syn/Output/wcregex_token_iterator.pass.cpp.dir	20480	0	20	/opt/usr/home/owner/share/tmp/r77_lit_20260829/runs/run-ab463cf17fb72fa1-3207277
/home/toolchain/development/libc++_replacement/tmp/R68/build-patched-armv7l/libcxx/test/std/re/re.syn/Output/wcsub_match.pass.cpp.dir	20480	0	20	/opt/usr/home/owner/share/tmp/r77_lit_20260829/runs/run-1e1ef75870e71617-3207282
/home/toolchain/development/libc++_replacement/tmp/R68/build-patched-armv7l/libcxx/test/std/re/re.syn/Output/wregex.pass.cpp.dir	20480	0	20	/opt/usr/home/owner/share/tmp/r77_lit_20260829/runs/run-ad355ae2022bfa76-3207305
/home/toolchain/development/libc++_replacement/tmp/R68/build-patched-armv7l/libcxx/test/std/re/re.syn/Output/wsmatch.pass.cpp.dir	20480	0	20	/opt/usr/home/owner/share/tmp/r77_lit_20260829/runs/run-41c74c8dbec86403-3207310
/home/toolchain/development/libc++_replacement/tmp/R68/build-patched-armv7l/libcxx/test/std/re/re.syn/Output/wsregex_iterator.pass.cpp.dir	20480	0	20	/opt/usr/home/owner/share/tmp/r77_lit_20260829/runs/run-4941ea7c0a23ad41-3207333
/home/toolchain/development/libc++_replacement/tmp/R68/build-patched-armv7l/libcxx/test/std/re/re.syn/Output/wsregex_token_iterator.pass.cpp.dir	20480	0	20	/opt/usr/home/owner/share/tmp/r77_lit_20260829/runs/run-df31ff96c49d3075-3207338
/home/toolchain/development/libc++_replacement/tmp/R68/build-patched-armv7l/libcxx/test/std/re/re.syn/Output/wssub_match.pass.cpp.dir	20480	0	20	/opt/usr/home/owner/share/tmp/r77_lit_20260829/runs/run-075ce6a203bf389b-3207361
/home/toolchain/development/libc++_replacement/tmp/R68/build-patched-armv7l/libcxx/test/std/re/re.traits/Output/default.pass.cpp.dir	30720	0	28	/opt/usr/home/owner/share/tmp/r77_lit_20260829/runs/run-ad5afaecb01a44f3-3207366
/home/toolchain/development/libc++_replacement/tmp/R68/build-patched-armv7l/libcxx/test/std/re/re.traits/Output/getloc.pass.cpp.dir	30720	0	28	/opt/usr/home/owner/share/tmp/r77_lit_20260829/runs/run-d4a3bec3ad64d83c-3207389
/home/toolchain/development/libc++_replacement/tmp/R68/build-patched-armv7l/libcxx/test/std/re/re.traits/Output/imbue.pass.cpp.dir	30720	0	28	/opt/usr/home/owner/share/tmp/r77_lit_20260829/runs/run-c2aaf2f696d14173-3207394
/home/toolchain/development/libc++_replacement/tmp/R68/build-patched-armv7l/libcxx/test/std/re/re.traits/Output/isctype.pass.cpp.dir	112640	0	100	/opt/usr/home/owner/share/tmp/r77_lit_20260829/runs/run-725ee45817f2128c-3207420
/home/toolchain/development/libc++_replacement/tmp/R68/build-patched-armv7l/libcxx/test/std/re/re.traits/Output/length.pass.cpp.dir	30720	0	24	/opt/usr/home/owner/share/tmp/r77_lit_20260829/runs/run-894c5c56599e00c1-3207425
/home/toolchain/development/libc++_replacement/tmp/R68/build-patched-armv7l/libcxx/test/std/re/re.traits/Output/lookup_classname.pass.cpp.dir	71680	0	64	/opt/usr/home/owner/share/tmp/r77_lit_20260829/runs/run-3b13fad2c44e0e68-3207448
/home/toolchain/development/libc++_replacement/tmp/R68/build-patched-armv7l/libcxx/test/std/re/re.traits/Output/lookup_collatename.pass.cpp.dir	92160	0	88	/opt/usr/home/owner/share/tmp/r77_lit_20260829/runs/run-915fa0f86c2ff8f7-3207454
/home/toolchain/development/libc++_replacement/tmp/R68/build-patched-armv7l/libcxx/test/std/re/re.traits/Output/translate.pass.cpp.dir	30720	0	24	/opt/usr/home/owner/share/tmp/r77_lit_20260829/runs/run-e08659e8cce99a28-3207476
/home/toolchain/development/libc++_replacement/tmp/R68/build-patched-armv7l/libcxx/test/std/re/re.traits/Output/translate_nocase.pass.cpp.dir	30720	0	28	/opt/usr/home/owner/share/tmp/r77_lit_20260829/runs/run-a625bdeb224f8343-3207481
/home/toolchain/development/libc++_replacement/tmp/R68/build-patched-armv7l/libcxx/test/std/re/re.traits/Output/types.pass.cpp.dir	20480	0	20	/opt/usr/home/owner/share/tmp/r77_lit_20260829/runs/run-f730a997308d634e-3207504
/home/toolchain/development/libc++_replacement/tmp/R68/build-patched-armv7l/libcxx/test/std/re/re.traits/Output/value.pass.cpp.dir	40960	0	32	/opt/usr/home/owner/share/tmp/r77_lit_20260829/runs/run-8353b1a7e3cb2b5b-3207510
/home/toolchain/development/libc++_replacement/tmp/R68/build-patched-armv7l/libcxx/test/std/strings/basic.string/string.access/Output/at.pass.cpp.dir	163840	0	160	/opt/usr/home/owner/share/tmp/r77_lit_20260829/runs/run-a99366d23fef6bc7-3207535
/home/toolchain/development/libc++_replacement/tmp/R68/build-patched-armv7l/libcxx/test/std/strings/basic.string/string.access/Output/back.pass.cpp.dir	51200	0	44	/opt/usr/home/owner/share/tmp/r77_lit_20260829/runs/run-10675abdb85430ba-3207539
/home/toolchain/development/libc++_replacement/tmp/R68/build-patched-armv7l/libcxx/test/std/strings/basic.string/string.access/Output/front.pass.cpp.dir	51200	0	44	/opt/usr/home/owner/share/tmp/r77_lit_20260829/runs/run-912e099358d8da6e-3207567
/home/toolchain/development/libc++_replacement/tmp/R68/build-patched-armv7l/libcxx/test/std/strings/basic.string/string.access/Output/index.pass.cpp.dir	51200	0	44	/opt/usr/home/owner/share/tmp/r77_lit_20260829/runs/run-fed03fe742a58d9d-3207569
/home/toolchain/development/libc++_replacement/tmp/R68/build-patched-armv7l/libcxx/test/std/strings/basic.string/string.capacity/Output/capacity.pass.cpp.dir	81920	0	72	/opt/usr/home/owner/share/tmp/r77_lit_20260829/runs/run-37c2a9ccedb57c53-3207595
/home/toolchain/development/libc++_replacement/tmp/R68/build-patched-armv7l/libcxx/test/std/strings/basic.string/string.capacity/Output/clear.pass.cpp.dir	71680	0	68	/opt/usr/home/owner/share/tmp/r77_lit_20260829/runs/run-7993c47baef5087b-3207597
/home/toolchain/development/libc++_replacement/tmp/R68/build-patched-armv7l/libcxx/test/std/strings/basic.string/string.capacity/Output/deallocate_size.pass.cpp.dir	51200	0	44	/opt/usr/home/owner/share/tmp/r77_lit_20260829/runs/run-31aabdb6b3191ab8-3207624
/home/toolchain/development/libc++_replacement/tmp/R68/build-patched-armv7l/libcxx/test/std/strings/basic.string/string.capacity/Output/empty.pass.cpp.dir	51200	0	44	/opt/usr/home/owner/share/tmp/r77_lit_20260829/runs/run-da3c526a15daff68-3207626
/home/toolchain/development/libc++_replacement/tmp/R68/build-patched-armv7l/libcxx/test/std/strings/basic.string/string.capacity/Output/length.pass.cpp.dir	51200	0	44	/opt/usr/home/owner/share/tmp/r77_lit_20260829/runs/run-1e027ad91d0367b5-3207653
/home/toolchain/development/libc++_replacement/tmp/R68/build-patched-armv7l/libcxx/test/std/strings/basic.string/string.capacity/Output/max_size.pass.cpp.dir	81920	0	80	/opt/usr/home/owner/share/tmp/r77_lit_20260829/runs/run-5e5fe5c4b00d2cec-3207655
/home/toolchain/development/libc++_replacement/tmp/R68/build-patched-armv7l/libcxx/test/std/strings/basic.string/string.capacity/Output/over_max_size.pass.cpp.dir	51200	0	52	/opt/usr/home/owner/share/tmp/r77_lit_20260829/runs/run-b181ae8573619470-3207679
/home/toolchain/development/libc++_replacement/tmp/R68/build-patched-armv7l/libcxx/test/std/strings/basic.string/string.capacity/Output/reserve.pass.cpp.dir	71680	0	68	/opt/usr/home/owner/share/tmp/r77_lit_20260829/runs/run-1868076e88366b48-3207684
/home/toolchain/development/libc++_replacement/tmp/R68/build-patched-armv7l/libcxx/test/std/strings/basic.string/string.capacity/Output/reserve_size.asan.pass.cpp.dir	81920	0	72	/opt/usr/home/owner/share/tmp/r77_lit_20260829/runs/run-02fe1735e5628b84-3207710
/home/toolchain/development/libc++_replacement/tmp/R68/build-patched-armv7l/libcxx/test/std/strings/basic.string/string.capacity/Output/reserve_size.pass.cpp.dir	61440	0	56	/opt/usr/home/owner/share/tmp/r77_lit_20260829/runs/run-49052378860258a1-3207712
/home/toolchain/development/libc++_replacement/tmp/R68/build-patched-armv7l/libcxx/test/std/strings/basic.string/string.capacity/Output/resize_and_overwrite.pass.cpp.dir	174080	0	168	/opt/usr/home/owner/share/tmp/r77_lit_20260829/runs/run-55318ad2541b729d-3207739
/home/toolchain/development/libc++_replacement/tmp/R68/build-patched-armv7l/libcxx/test/std/strings/basic.string/string.capacity/Output/resize_size.pass.cpp.dir	122880	0	116	/opt/usr/home/owner/share/tmp/r77_lit_20260829/runs/run-2ecf43b3fb5e2cbd-3207741
/home/toolchain/development/libc++_replacement/tmp/R68/build-patched-armv7l/libcxx/test/std/strings/basic.string/string.capacity/Output/resize_size_char.pass.cpp.dir	81920	0	76	/opt/usr/home/owner/share/tmp/r77_lit_20260829/runs/run-977df84847102027-3207765
/home/toolchain/development/libc++_replacement/tmp/R68/build-patched-armv7l/libcxx/test/std/strings/basic.string/string.capacity/Output/shrink_to_fit.pass.cpp.dir	92160	0	88	/opt/usr/home/owner/share/tmp/r77_lit_20260829/runs/run-ad3c3192086f269f-3207781
/home/toolchain/development/libc++_replacement/tmp/R68/build-patched-armv7l/libcxx/test/std/strings/basic.string/string.capacity/Output/size.pass.cpp.dir	51200	0	44	/opt/usr/home/owner/share/tmp/r77_lit_20260829/runs/run-da274cb0bb0ddf79-3207791
/home/toolchain/development/libc++_replacement/tmp/R68/build-patched-armv7l/libcxx/test/std/strings/basic.string/string.cons/Output/T_size_size.pass.cpp.dir	92160	0	84	/opt/usr/home/owner/share/tmp/r77_lit_20260829/runs/run-193ffba41cdf9eb0-3207843
/home/toolchain/development/libc++_replacement/tmp/R68/build-patched-armv7l/libcxx/test/std/strings/basic.string/string.cons/Output/alloc.pass.cpp.dir	61440	0	56	/opt/usr/home/owner/share/tmp/r77_lit_20260829/runs/run-5851de853e457759-3207848
/home/toolchain/development/libc++_replacement/tmp/R68/build-patched-armv7l/libcxx/test/std/strings/basic.string/string.cons/Output/brace_assignment.pass.cpp.dir	30720	0	32	/opt/usr/home/owner/share/tmp/r77_lit_20260829/runs/run-6997b203ec7568b2-3207871
/home/toolchain/development/libc++_replacement/tmp/R68/build-patched-armv7l/libcxx/test/std/strings/basic.string/string.cons/Output/char_assignment.pass.cpp.dir	61440	0	60	/opt/usr/home/owner/share/tmp/r77_lit_20260829/runs/run-9b9282be9802d273-3207876
/home/toolchain/development/libc++_replacement/tmp/R68/build-patched-armv7l/libcxx/test/std/strings/basic.string/string.cons/Output/copy.pass.cpp.dir	71680	0	68	/opt/usr/home/owner/share/tmp/r77_lit_20260829/runs/run-63ac996a1ec62a5b-3207899
/home/toolchain/development/libc++_replacement/tmp/R68/build-patched-armv7l/libcxx/test/std/strings/basic.string/string.cons/Output/copy_alloc.pass.cpp.dir	92160	0	88	/opt/usr/home/owner/share/tmp/r77_lit_20260829/runs/run-72a371ed6f50322d-3207904
/home/toolchain/development/libc++_replacement/tmp/R68/build-patched-armv7l/libcxx/test/std/strings/basic.string/string.cons/Output/copy_assignment.pass.cpp.dir	81920	0	72	/opt/usr/home/owner/share/tmp/r77_lit_20260829/runs/run-deaf38809cab771b-3207929
/home/toolchain/development/libc++_replacement/tmp/R68/build-patched-armv7l/libcxx/test/std/strings/basic.string/string.cons/Output/default.pass.cpp.dir	30720	0	24	/opt/usr/home/owner/share/tmp/r77_lit_20260829/runs/run-dd6272235f36ae0c-3207951
/home/toolchain/development/libc++_replacement/tmp/R68/build-patched-armv7l/libcxx/test/std/strings/basic.string/string.cons/Output/dtor.pass.cpp.dir	40960	0	40	/opt/usr/home/owner/share/tmp/r77_lit_20260829/runs/run-c3be5ce59ad83476-3207974
/home/toolchain/development/libc++_replacement/tmp/R68/build-patched-armv7l/libcxx/test/std/strings/basic.string/string.cons/Output/from_range_deduction.pass.cpp.dir	51200	0	52	/opt/usr/home/owner/share/tmp/r77_lit_20260829/runs/run-1629d0d41b38643f-3207990
/home/toolchain/development/libc++_replacement/tmp/R68/build-patched-armv7l/libcxx/test/std/strings/basic.string/string.cons/Output/from_range.pass.cpp.dir	430080	0	412	/opt/usr/home/owner/share/tmp/r77_lit_20260829/runs/run-88f8b0ad0f520ed6-3207992
/home/toolchain/development/libc++_replacement/tmp/R68/build-patched-armv7l/libcxx/test/std/strings/basic.string/string.cons/Output/implicit_deduction_guides.pass.cpp.dir	143360	0	140	/opt/usr/home/owner/share/tmp/r77_lit_20260829/runs/run-d65960985e59657f-3208018
/home/toolchain/development/libc++_replacement/tmp/R68/build-patched-armv7l/libcxx/test/std/strings/basic.string/string.cons/Output/initializer_list.pass.cpp.dir	112640	0	104	/opt/usr/home/owner/share/tmp/r77_lit_20260829/runs/run-63b11e1f58a2a971-3208020
/home/toolchain/development/libc++_replacement/tmp/R68/build-patched-armv7l/libcxx/test/std/strings/basic.string/string.cons/Output/initializer_list_assignment.pass.cpp.dir	112640	0	104	/opt/usr/home/owner/share/tmp/r77_lit_20260829/runs/run-6f6e31444229990e-3208044
/home/toolchain/development/libc++_replacement/tmp/R68/build-patched-armv7l/libcxx/test/std/strings/basic.string/string.cons/Output/iter_alloc.pass.cpp.dir	92160	0	80	/opt/usr/home/owner/share/tmp/r77_lit_20260829/runs/run-eb23da6f137e710a-3208048
/home/toolchain/development/libc++_replacement/tmp/R68/build-patched-armv7l/libcxx/test/std/strings/basic.string/string.cons/Output/iter_alloc_deduction.pass.cpp.dir	92160	0	84	/opt/usr/home/owner/share/tmp/r77_lit_20260829/runs/run-9f249b87e82b350a-3208074
/home/toolchain/development/libc++_replacement/tmp/R68/build-patched-armv7l/libcxx/test/std/strings/basic.string/string.cons/Output/move.pass.cpp.dir	71680	0	64	/opt/usr/home/owner/share/tmp/r77_lit_20260829/runs/run-6983181d7c4522d9-3208076
/home/toolchain/development/libc++_replacement/tmp/R68/build-patched-armv7l/libcxx/test/std/strings/basic.string/string.cons/Output/move_assign_noexcept.pass.cpp.dir	20480	0	20	/opt/usr/home/owner/share/tmp/r77_lit_20260829/runs/run-e38409f1161cf2ed-3208101
/home/toolchain/development/libc++_replacement/tmp/R68/build-patched-armv7l/libcxx/test/std/strings/basic.string/string.cons/Output/move_alloc.pass.cpp.dir	71680	0	68	/opt/usr/home/owner/share/tmp/r77_lit_20260829/runs/run-6b1ef5da62a1c042-3208104
/home/toolchain/development/libc++_replacement/tmp/R68/build-patched-armv7l/libcxx/test/std/strings/basic.string/string.cons/Output/move_noexcept.pass.cpp.dir	20480	0	20	/opt/usr/home/owner/share/tmp/r77_lit_20260829/runs/run-84f005cb86239afe-3208130
/home/toolchain/development/libc++_replacement/tmp/R68/build-patched-armv7l/libcxx/test/std/strings/basic.string/string.cons/Output/move_assignment.pass.cpp.dir	81920	0	76	/opt/usr/home/owner/share/tmp/r77_lit_20260829/runs/run-1004e84a55e4265e-3208132
/home/toolchain/development/libc++_replacement/tmp/R68/build-patched-armv7l/libcxx/test/std/strings/basic.string/string.cons/Output/pointer_assignment.pass.cpp.dir	71680	0	68	/opt/usr/home/owner/share/tmp/r77_lit_20260829/runs/run-aee513ecd0a2b2b3-3208176
/home/toolchain/development/libc++_replacement/tmp/R68/build-patched-armv7l/libcxx/test/std/strings/basic.string/string.cons/Output/pointer_alloc.pass.cpp.dir	71680	0	68	/opt/usr/home/owner/share/tmp/r77_lit_20260829/runs/run-9f417f2ddebb1ef3-3208177
/home/toolchain/development/libc++_replacement/tmp/R68/build-patched-armv7l/libcxx/test/std/strings/basic.string/string.cons/Output/pointer_size_alloc.pass.cpp.dir	71680	0	68	/opt/usr/home/owner/share/tmp/r77_lit_20260829/runs/run-32cf4085ea30ae7a-3208204
/home/toolchain/development/libc++_replacement/tmp/R68/build-patched-armv7l/libcxx/test/std/strings/basic.string/string.cons/Output/size_char_alloc.pass.cpp.dir	81920	0	72	/opt/usr/home/owner/share/tmp/r77_lit_20260829/runs/run-ab23745f7e983167-3208205
/home/toolchain/development/libc++_replacement/tmp/R68/build-patched-armv7l/libcxx/test/std/strings/basic.string/string.cons/Output/string_view_assignment.pass.cpp.dir	71680	0	68	/opt/usr/home/owner/share/tmp/r77_lit_20260829/runs/run-ce4e4eb736a872bd-3208231
/home/toolchain/development/libc++_replacement/tmp/R68/build-patched-armv7l/libcxx/test/std/strings/basic.string/string.cons/Output/string_view.pass.cpp.dir	102400	0	96	/opt/usr/home/owner/share/tmp/r77_lit_20260829/runs/run-d50f3d179eb2e0c7-3208234
/home/toolchain/development/libc++_replacement/tmp/R68/build-patched-armv7l/libcxx/test/std/strings/basic.string/string.cons/Output/string_view_deduction.pass.cpp.dir	92160	0	84	/opt/usr/home/owner/share/tmp/r77_lit_20260829/runs/run-0047bc6097b841b0-3208260
/home/toolchain/development/libc++_replacement/tmp/R68/build-patched-armv7l/libcxx/test/std/strings/basic.string/string.cons/Output/string_view_size_size_deduction.pass.cpp.dir	92160	0	92	/opt/usr/home/owner/share/tmp/r77_lit_20260829/runs/run-47341f4b0843a57a-3208265
/home/toolchain/development/libc++_replacement/tmp/R68/build-patched-armv7l/libcxx/test/std/strings/basic.string/string.cons/Output/substr.pass.cpp.dir	143360	0	140	/opt/usr/home/owner/share/tmp/r77_lit_20260829/runs/run-d786e33e2c64308f-3208288
/home/toolchain/development/libc++_replacement/tmp/R68/build-patched-armv7l/libcxx/test/std/strings/basic.string/string.contains/Output/contains.char.pass.cpp.dir	30720	0	28	/opt/usr/home/owner/share/tmp/r77_lit_20260829/runs/run-d0df7b0dd375658d-3208302
/home/toolchain/development/libc++_replacement/tmp/R68/build-patched-armv7l/libcxx/test/std/strings/basic.string/string.cons/Output/substr_rvalue.pass.cpp.dir	1290240	0	1260	/opt/usr/home/owner/share/tmp/r77_lit_20260829/runs/run-2fb749f132eec3d1-3208310
/home/toolchain/development/libc++_replacement/tmp/R68/build-patched-armv7l/libcxx/test/std/strings/basic.string/string.contains/Output/contains.ptr.pass.cpp.dir	40960	0	32	/opt/usr/home/owner/share/tmp/r77_lit_20260829/runs/run-37bc39e643e3db86-3208323
/home/toolchain/development/libc++_replacement/tmp/R68/build-patched-armv7l/libcxx/test/std/strings/basic.string/string.contains/Output/contains.string_view.pass.cpp.dir	40960	0	32	/opt/usr/home/owner/share/tmp/r77_lit_20260829/runs/run-fa086eaa0015a337-3208341
/home/toolchain/development/libc++_replacement/tmp/R68/build-patched-armv7l/libcxx/test/std/strings/basic.string/string.ends_with/Output/ends_with.char.pass.cpp.dir	30720	0	28	/opt/usr/home/owner/share/tmp/r77_lit_20260829/runs/run-a4ac95a28a566914-3208351
/home/toolchain/development/libc++_replacement/tmp/R68/build-patched-armv7l/libcxx/test/std/strings/basic.string/string.ends_with/Output/ends_with.ptr.pass.cpp.dir	40960	0	36	/opt/usr/home/owner/share/tmp/r77_lit_20260829/runs/run-40bfc770e3c08aaf-3208367
/home/toolchain/development/libc++_replacement/tmp/R68/build-patched-armv7l/libcxx/test/std/strings/basic.string/string.ends_with/Output/ends_with.string_view.pass.cpp.dir	40960	0	36	/opt/usr/home/owner/share/tmp/r77_lit_20260829/runs/run-d18ba3d9e66998ce-3208379
/home/toolchain/development/libc++_replacement/tmp/R68/build-patched-armv7l/libcxx/test/std/strings/basic.string/string.iterators/Output/begin.pass.cpp.dir	51200	0	48	/opt/usr/home/owner/share/tmp/r77_lit_20260829/runs/run-74847f1f3b0852dc-3208397
/home/toolchain/development/libc++_replacement/tmp/R68/build-patched-armv7l/libcxx/test/std/strings/basic.string/string.iterators/Output/cbegin.pass.cpp.dir	51200	0	44	/opt/usr/home/owner/share/tmp/r77_lit_20260829/runs/run-54e2b4cabbfceeab-3208408
/home/toolchain/development/libc++_replacement/tmp/R68/build-patched-armv7l/libcxx/test/std/strings/basic.string/string.iterators/Output/cend.pass.cpp.dir	51200	0	44	/opt/usr/home/owner/share/tmp/r77_lit_20260829/runs/run-20ac647a44ee9502-3208425
/home/toolchain/development/libc++_replacement/tmp/R68/build-patched-armv7l/libcxx/test/std/strings/basic.string/string.iterators/Output/crbegin.pass.cpp.dir	51200	0	48	/opt/usr/home/owner/share/tmp/r77_lit_20260829/runs/run-1cc4f85cd176bfcb-3208438
/home/toolchain/development/libc++_replacement/tmp/R68/build-patched-armv7l/libcxx/test/std/strings/basic.string/string.iterators/Output/crend.pass.cpp.dir	51200	0	44	/opt/usr/home/owner/share/tmp/r77_lit_20260829/runs/run-13dabd54135ea43d-3208454
/home/toolchain/development/libc++_replacement/tmp/R68/build-patched-armv7l/libcxx/test/std/strings/basic.string/string.iterators/Output/end.pass.cpp.dir	61440	0	52	/opt/usr/home/owner/share/tmp/r77_lit_20260829/runs/run-9a7a6b2597b08957-3208466
/home/toolchain/development/libc++_replacement/tmp/R68/build-patched-armv7l/libcxx/test/std/strings/basic.string/string.iterators/Output/iterators.pass.cpp.dir	71680	0	64	/opt/usr/home/owner/share/tmp/r77_lit_20260829/runs/run-ca14a4b92224b975-3208486
/home/toolchain/development/libc++_replacement/tmp/R68/build-patched-armv7l/libcxx/test/std/strings/basic.string/string.iterators/Output/rbegin.pass.cpp.dir	61440	0	56	/opt/usr/home/owner/share/tmp/r77_lit_20260829/runs/run-d86cf9a0e6e95b84-3208492
/home/toolchain/development/libc++_replacement/tmp/R68/build-patched-armv7l/libcxx/test/std/strings/basic.string/string.iterators/Output/rend.pass.cpp.dir	61440	0	56	/opt/usr/home/owner/share/tmp/r77_lit_20260829/runs/run-b3860aa340af664e-3208514
/home/toolchain/development/libc++_replacement/tmp/R68/build-patched-armv7l/libcxx/test/std/strings/basic.string/string.modifiers/Output/robust_against_adl.pass.cpp.dir	61440	0	52	/opt/usr/home/owner/share/tmp/r77_lit_20260829/runs/run-64aa32c8f1507632-3208519
/home/toolchain/development/libc++_replacement/tmp/R68/build-patched-armv7l/libcxx/test/std/strings/basic.string/string.modifiers/string_append/Output/T_size_size.pass.cpp.dir	71680	0	68	/opt/usr/home/owner/share/tmp/r77_lit_20260829/runs/run-e54ca9afdf3c239b-3208542
/home/toolchain/development/libc++_replacement/tmp/R68/build-patched-armv7l/libcxx/test/std/strings/basic.string/string.modifiers/string_append/Output/initializer_list.pass.cpp.dir	143360	0	132	/opt/usr/home/owner/share/tmp/r77_lit_20260829/runs/run-9ae887aaec517456-3208556
/home/toolchain/development/libc++_replacement/tmp/R68/build-patched-armv7l/libcxx/test/std/strings/basic.string/string.modifiers/string_append/Output/append_range.pass.cpp.dir	522240	0	512	/opt/usr/home/owner/share/tmp/r77_lit_20260829/runs/run-72914e252297c0b7-3208563
/home/toolchain/development/libc++_replacement/tmp/R68/build-patched-armv7l/libcxx/test/std/strings/basic.string/string.modifiers/string_append/Output/iterator.pass.cpp.dir	256000	0	244	/opt/usr/home/owner/share/tmp/r77_lit_20260829/runs/run-04f84c0994298d47-3208588
/home/toolchain/development/libc++_replacement/tmp/R68/build-patched-armv7l/libcxx/test/std/strings/basic.string/string.modifiers/string_append/Output/pointer.pass.cpp.dir	71680	0	68	/opt/usr/home/owner/share/tmp/r77_lit_20260829/runs/run-a1ebd1850ff87e8d-3208592
/home/toolchain/development/libc++_replacement/tmp/R68/build-patched-armv7l/libcxx/test/std/strings/basic.string/string.modifiers/string_append/Output/pointer_size.pass.cpp.dir	92160	0	88	/opt/usr/home/owner/share/tmp/r77_lit_20260829/runs/run-f8afaf30fd593856-3208617
/home/toolchain/development/libc++_replacement/tmp/R68/build-patched-armv7l/libcxx/test/std/strings/basic.string/string.modifiers/string_append/Output/push_back.pass.cpp.dir	92160	0	88	/opt/usr/home/owner/share/tmp/r77_lit_20260829/runs/run-9a09db6eaeb083e6-3208622
/home/toolchain/development/libc++_replacement/tmp/R68/build-patched-armv7l/libcxx/test/std/strings/basic.string/string.modifiers/string_append/Output/size_char.pass.cpp.dir	71680	0	68	/opt/usr/home/owner/share/tmp/r77_lit_20260829/runs/run-b6ec8c0e7612b39c-3208662
/home/toolchain/development/libc++_replacement/tmp/R68/build-patched-armv7l/libcxx/test/std/strings/basic.string/string.modifiers/string_append/Output/string.pass.cpp.dir	81920	0	76	/opt/usr/home/owner/share/tmp/r77_lit_20260829/runs/run-d0dde9144f9d69f7-3208667
/home/toolchain/development/libc++_replacement/tmp/R68/build-patched-armv7l/libcxx/test/std/strings/basic.string/string.modifiers/string_append/Output/string_size_size.pass.cpp.dir	81920	0	80	/opt/usr/home/owner/share/tmp/r77_lit_20260829/runs/run-8e5c0fb907a60d65-3208690
/home/toolchain/development/libc++_replacement/tmp/R68/build-patched-armv7l/libcxx/test/std/strings/basic.string/string.modifiers/string_append/Output/string_view.pass.cpp.dir	61440	0	56	/opt/usr/home/owner/share/tmp/r77_lit_20260829/runs/run-086a7e4ca045b7eb-3208694
/home/toolchain/development/libc++_replacement/tmp/R68/build-patched-armv7l/libcxx/test/std/strings/basic.string/string.modifiers/string_assign/Output/T_size_size.pass.cpp.dir	92160	0	84	/opt/usr/home/owner/share/tmp/r77_lit_20260829/runs/run-7ab5a80f8d317899-3208718
/home/toolchain/development/libc++_replacement/tmp/R68/build-patched-armv7l/libcxx/test/std/strings/basic.string/string.modifiers/string_assign/Output/initializer_list.pass.cpp.dir	71680	0	64	/opt/usr/home/owner/share/tmp/r77_lit_20260829/runs/run-5b424f324d55fdda-3208732
/home/toolchain/development/libc++_replacement/tmp/R68/build-patched-armv7l/libcxx/test/std/strings/basic.string/string.modifiers/string_assign/Output/assign_range.pass.cpp.dir	460800	0	440	/opt/usr/home/owner/share/tmp/r77_lit_20260829/runs/run-0af7458d6bcc954c-3208738
/home/toolchain/development/libc++_replacement/tmp/R68/build-patched-armv7l/libcxx/test/std/strings/basic.string/string.modifiers/string_assign/Output/iterator.pass.cpp.dir	194560	0	184	/opt/usr/home/owner/share/tmp/r77_lit_20260829/runs/run-4f8a1f1a625fe48b-3208763
/home/toolchain/development/libc++_replacement/tmp/R68/build-patched-armv7l/libcxx/test/std/strings/basic.string/string.modifiers/string_assign/Output/pointer.pass.cpp.dir	81920	0	72	/opt/usr/home/owner/share/tmp/r77_lit_20260829/runs/run-bef076250a99b5a8-3208765
/home/toolchain/development/libc++_replacement/tmp/R68/build-patched-armv7l/libcxx/test/std/strings/basic.string/string.modifiers/string_assign/Output/rv_string.pass.cpp.dir	61440	0	60	/opt/usr/home/owner/share/tmp/r77_lit_20260829/runs/run-16fd34a004239d47-3208791
/home/toolchain/development/libc++_replacement/tmp/R68/build-patched-armv7l/libcxx/test/std/strings/basic.string/string.modifiers/string_assign/Output/pointer_size.pass.cpp.dir	81920	0	72	/opt/usr/home/owner/share/tmp/r77_lit_20260829/runs/run-530a62016f1b8364-3208793
/home/toolchain/development/libc++_replacement/tmp/R68/build-patched-armv7l/libcxx/test/std/strings/basic.string/string.modifiers/string_assign/Output/size_char.pass.cpp.dir	71680	0	68	/opt/usr/home/owner/share/tmp/r77_lit_20260829/runs/run-a57eda3a916b222b-3208817
/home/toolchain/development/libc++_replacement/tmp/R68/build-patched-armv7l/libcxx/test/std/strings/basic.string/string.modifiers/string_assign/Output/string.pass.cpp.dir	215040	0	208	/opt/usr/home/owner/share/tmp/r77_lit_20260829/runs/run-569270a068f6e9ad-3208822
/home/toolchain/development/libc++_replacement/tmp/R68/build-patched-armv7l/libcxx/test/std/strings/basic.string/string.modifiers/string_assign/Output/string_size_size.pass.cpp.dir	81920	0	80	/opt/usr/home/owner/share/tmp/r77_lit_20260829/runs/run-d1dbb4d40542c462-3208845
/home/toolchain/development/libc++_replacement/tmp/R68/build-patched-armv7l/libcxx/test/std/strings/basic.string/string.modifiers/string_assign/Output/string_view.pass.cpp.dir	61440	0	60	/opt/usr/home/owner/share/tmp/r77_lit_20260829/runs/run-d4a2b28c95ded3a7-3208849
/home/toolchain/development/libc++_replacement/tmp/R68/build-patched-armv7l/libcxx/test/std/strings/basic.string/string.modifiers/string_copy/Output/copy.pass.cpp.dir	71680	0	72	/opt/usr/home/owner/share/tmp/r77_lit_20260829/runs/run-915b692f5a5b9ac9-3208875
/home/toolchain/development/libc++_replacement/tmp/R68/build-patched-armv7l/libcxx/test/std/strings/basic.string/string.modifiers/string_erase/Output/iter.pass.cpp.dir	81920	0	72	/opt/usr/home/owner/share/tmp/r77_lit_20260829/runs/run-cc7ca595dbd05a3c-3208877
/home/toolchain/development/libc++_replacement/tmp/R68/build-patched-armv7l/libcxx/test/std/strings/basic.string/string.modifiers/string_erase/Output/pop_back.pass.cpp.dir	61440	0	60	/opt/usr/home/owner/share/tmp/r77_lit_20260829/runs/run-94e6925da7e6a3c0-3208906
/home/toolchain/development/libc++_replacement/tmp/R68/build-patched-armv7l/libcxx/test/std/strings/basic.string/string.modifiers/string_erase/Output/iter_iter.pass.cpp.dir	102400	0	96	/opt/usr/home/owner/share/tmp/r77_lit_20260829/runs/run-c4ce4ef8f05a7057-3208905
/home/toolchain/development/libc++_replacement/tmp/R68/build-patched-armv7l/libcxx/test/std/strings/basic.string/string.modifiers/string_erase/Output/size_size.pass.cpp.dir	122880	0	116	/opt/usr/home/owner/share/tmp/r77_lit_20260829/runs/run-7e7e5b53552b9fca-3208931
/home/toolchain/development/libc++_replacement/tmp/R68/build-patched-armv7l/libcxx/test/std/strings/basic.string/string.modifiers/string_insert/Output/iter_char.pass.cpp.dir	92160	0	84	/opt/usr/home/owner/share/tmp/r77_lit_20260829/runs/run-5fb6ddf90fc346bf-3208947
/home/toolchain/development/libc++_replacement/tmp/R68/build-patched-armv7l/libcxx/test/std/strings/basic.string/string.modifiers/string_insert/Output/insert_range.pass.cpp.dir	604160	0	584	/opt/usr/home/owner/share/tmp/r77_lit_20260829/runs/run-be083aaa1877bba6-3208949
/home/toolchain/development/libc++_replacement/tmp/R68/build-patched-armv7l/libcxx/test/std/strings/basic.string/string.modifiers/string_insert/Output/iter_initializer_list.pass.cpp.dir	102400	0	96	/opt/usr/home/owner/share/tmp/r77_lit_20260829/runs/run-d200af76cef59381-3208973
/home/toolchain/development/libc++_replacement/tmp/R68/build-patched-armv7l/libcxx/test/std/strings/basic.string/string.modifiers/string_insert/Output/iter_iter_iter.infinite_recursion.pass.cpp.dir	61440	0	52	/opt/usr/home/owner/share/tmp/r77_lit_20260829/runs/run-580d54eb020a33fd-3208978
/home/toolchain/development/libc++_replacement/tmp/R68/build-patched-armv7l/libcxx/test/std/strings/basic.string/string.modifiers/string_insert/Output/iter_iter_iter.pass.cpp.dir	163840	0	152	/opt/usr/home/owner/share/tmp/r77_lit_20260829/runs/run-d605b725c89a3a02-3209003
/home/toolchain/development/libc++_replacement/tmp/R68/build-patched-armv7l/libcxx/test/std/strings/basic.string/string.modifiers/string_insert/Output/iter_size_char.pass.cpp.dir	112640	0	104	/opt/usr/home/owner/share/tmp/r77_lit_20260829/runs/run-206969158b7cde9a-3209005
/home/toolchain/development/libc++_replacement/tmp/R68/build-patched-armv7l/libcxx/test/std/strings/basic.string/string.modifiers/string_insert/Output/size_pointer.pass.cpp.dir	122880	0	112	/opt/usr/home/owner/share/tmp/r77_lit_20260829/runs/run-95edd8a0ab0cfe70-3209029
/home/toolchain/development/libc++_replacement/tmp/R68/build-patched-armv7l/libcxx/test/std/strings/basic.string/string.modifiers/string_insert/Output/size_T_size_size.pass.cpp.dir	747520	0	724	/opt/usr/home/owner/share/tmp/r77_lit_20260829/runs/run-f285a45a68ac2432-3209060
/home/toolchain/development/libc++_replacement/tmp/R68/build-patched-armv7l/libcxx/test/std/strings/basic.string/string.modifiers/string_insert/Output/size_pointer_size.pass.cpp.dir	266240	0	256	/opt/usr/home/owner/share/tmp/r77_lit_20260829/runs/run-ec729c8ad139856d-3209068
/home/toolchain/development/libc++_replacement/tmp/R68/build-patched-armv7l/libcxx/test/std/strings/basic.string/string.modifiers/string_insert/Output/size_size_char.pass.cpp.dir	112640	0	108	/opt/usr/home/owner/share/tmp/r77_lit_20260829/runs/run-3170650fc5263c86-3209088
/home/toolchain/development/libc++_replacement/tmp/R68/build-patched-armv7l/libcxx/test/std/strings/basic.string/string.modifiers/string_insert/Output/size_string.pass.cpp.dir	133120	0	124	/opt/usr/home/owner/share/tmp/r77_lit_20260829/runs/run-9483a0fdbe740faf-3209097
/home/toolchain/development/libc++_replacement/tmp/R68/build-patched-armv7l/libcxx/test/std/strings/basic.string/string.modifiers/string_insert/Output/string_view.pass.cpp.dir	92160	0	88	/opt/usr/home/owner/share/tmp/r77_lit_20260829/runs/run-b7eb10f3b98b73e1-3209116
/home/toolchain/development/libc++_replacement/tmp/R68/build-patched-armv7l/libcxx/test/std/strings/basic.string/string.modifiers/string_op_plus_equal/Output/char.pass.cpp.dir	71680	0	68	/opt/usr/home/owner/share/tmp/r77_lit_20260829/runs/run-1436016da2b2254e-3209130
/home/toolchain/development/libc++_replacement/tmp/R68/build-patched-armv7l/libcxx/test/std/strings/basic.string/string.modifiers/string_insert/Output/size_string_size_size.pass.cpp.dir	1259520	0	1224	/opt/usr/home/owner/share/tmp/r77_lit_20260829/runs/run-d20f6da23f56883f-3209139
/home/toolchain/development/libc++_replacement/tmp/R68/build-patched-armv7l/libcxx/test/std/strings/basic.string/string.modifiers/string_op_plus_equal/Output/initializer_list.pass.cpp.dir	71680	0	60	/opt/usr/home/owner/share/tmp/r77_lit_20260829/runs/run-c3baec9634b36db2-3209153
/home/toolchain/development/libc++_replacement/tmp/R68/build-patched-armv7l/libcxx/test/std/strings/basic.string/string.modifiers/string_op_plus_equal/Output/pointer.pass.cpp.dir	71680	0	72	/opt/usr/home/owner/share/tmp/r77_lit_20260829/runs/run-93ca4486c8803945-3209171
/home/toolchain/development/libc++_replacement/tmp/R68/build-patched-armv7l/libcxx/test/std/strings/basic.string/string.modifiers/string_op_plus_equal/Output/string.pass.cpp.dir	81920	0	76	/opt/usr/home/owner/share/tmp/r77_lit_20260829/runs/run-b61f840820ce344d-3209183
/home/toolchain/development/libc++_replacement/tmp/R68/build-patched-armv7l/libcxx/test/std/strings/basic.string/string.modifiers/string_replace/Output/iter_iter_initializer_list.pass.cpp.dir	71680	0	68	/opt/usr/home/owner/share/tmp/r77_lit_20260829/runs/run-e99ffba901dd8ffb-3209197
/home/toolchain/development/libc++_replacement/tmp/R68/build-patched-armv7l/libcxx/test/std/strings/basic.string/string.modifiers/string_replace/Output/iter_iter_pointer.pass.cpp.dir	153600	0	148	/opt/usr/home/owner/share/tmp/r77_lit_20260829/runs/run-04c8487fb096ccff-3209220
/home/toolchain/development/libc++_replacement/tmp/R68/build-patched-armv7l/libcxx/test/std/strings/basic.string/string.modifiers/string_replace/Output/iter_iter_iter_iter.pass.cpp.dir	512000	0	492	/opt/usr/home/owner/share/tmp/r77_lit_20260829/runs/run-9d2ecd6d3dcd12c5-3209222
/home/toolchain/development/libc++_replacement/tmp/R68/build-patched-armv7l/libcxx/test/std/strings/basic.string/string.modifiers/string_replace/Output/iter_iter_size_char.pass.cpp.dir	143360	0	136	/opt/usr/home/owner/share/tmp/r77_lit_20260829/runs/run-5c34ab5a8dba6d80-3209246
/home/toolchain/development/libc++_replacement/tmp/R68/build-patched-armv7l/libcxx/test/std/strings/basic.string/string.modifiers/string_replace/Output/iter_iter_pointer_size.pass.cpp.dir	430080	0	416	/opt/usr/home/owner/share/tmp/r77_lit_20260829/runs/run-959d86403d1669fe-3209253
/home/toolchain/development/libc++_replacement/tmp/R68/build-patched-armv7l/libcxx/test/std/strings/basic.string/string.modifiers/string_replace/Output/iter_iter_string.pass.cpp.dir	245760	0	236	/opt/usr/home/owner/share/tmp/r77_lit_20260829/runs/run-9368389530ea6a41-3209275
/home/toolchain/development/libc++_replacement/tmp/R68/build-patched-armv7l/libcxx/test/std/strings/basic.string/string.modifiers/string_replace/Output/iter_iter_string_view.pass.cpp.dir	163840	0	156	/opt/usr/home/owner/share/tmp/r77_lit_20260829/runs/run-d5fbf38813d96d20-3209279
/home/toolchain/development/libc++_replacement/tmp/R68/build-patched-armv7l/libcxx/test/std/strings/basic.string/string.modifiers/string_replace/Output/replace_with_range.pass.cpp.dir	747520	0	724	/opt/usr/home/owner/share/tmp/r77_lit_20260829/runs/run-a1c5e079259ac23c-3209303
/home/toolchain/development/libc++_replacement/tmp/R68/build-patched-armv7l/libcxx/test/std/strings/basic.string/string.modifiers/string_replace/Output/size_size_pointer.pass.cpp.dir	256000	0	248	/opt/usr/home/owner/share/tmp/r77_lit_20260829/runs/run-56ad26751903cbb8-3209317
/home/toolchain/development/libc++_replacement/tmp/R68/build-patched-armv7l/libcxx/test/std/strings/basic.string/string.modifiers/string_replace/Output/size_size_T_size_size.pass.cpp.dir	3921920	0	3832	/opt/usr/home/owner/share/tmp/r77_lit_20260829/runs/run-3bc0e0de08642f72-3209333
/home/toolchain/development/libc++_replacement/tmp/R68/build-patched-armv7l/libcxx/test/std/strings/basic.string/string.modifiers/string_replace/Output/size_size_pointer_size.pass.cpp.dir	819200	0	796	/opt/usr/home/owner/share/tmp/r77_lit_20260829/runs/run-8eada803b1b8de4f-3209341
/home/toolchain/development/libc++_replacement/tmp/R68/build-patched-armv7l/libcxx/test/std/strings/basic.string/string.modifiers/string_replace/Output/size_size_size_char.pass.cpp.dir	245760	0	232	/opt/usr/home/owner/share/tmp/r77_lit_20260829/runs/run-7f109bfcfb4a9796-3209361
/home/toolchain/development/libc++_replacement/tmp/R68/build-patched-armv7l/libcxx/test/std/strings/basic.string/string.modifiers/string_replace/Output/size_size_string.pass.cpp.dir	307200	0	296	/opt/usr/home/owner/share/tmp/r77_lit_20260829/runs/run-b07465c04c268d57-3209370
/home/toolchain/development/libc++_replacement/tmp/R68/build-patched-armv7l/libcxx/test/std/strings/basic.string/string.modifiers/string_replace/Output/size_size_string_view.pass.cpp.dir	276480	0	264	/opt/usr/home/owner/share/tmp/r77_lit_20260829/runs/run-509688b486cc37ff-3209421
/home/toolchain/development/libc++_replacement/tmp/R68/build-patched-armv7l/libcxx/test/std/strings/basic.string/string.modifiers/string_swap/Output/swap.asan.pass.cpp.dir	71680	0	72	/opt/usr/home/owner/share/tmp/r77_lit_20260829/runs/run-c5c142058da5b5c0-3209453
/home/toolchain/development/libc++_replacement/tmp/R68/build-patched-armv7l/libcxx/test/std/strings/basic.string/string.modifiers/string_swap/Output/swap.pass.cpp.dir	81920	0	80	/opt/usr/home/owner/share/tmp/r77_lit_20260829/runs/run-43504a4f72b2ad1b-3209467
/home/toolchain/development/libc++_replacement/tmp/R68/build-patched-armv7l/libcxx/test/std/strings/basic.string/string.nonmembers/string.cmp/Output/comparison.pass.cpp.dir	174080	0	168	/opt/usr/home/owner/share/tmp/r77_lit_20260829/runs/run-0148e5ccb142ce76-3209481
/home/toolchain/development/libc++_replacement/tmp/R68/build-patched-armv7l/libcxx/test/std/strings/basic.string/string.nonmembers/string.io/Output/get_line.pass.cpp.dir	215040	0	208	/opt/usr/home/owner/share/tmp/r77_lit_20260829/runs/run-67c5d9b7350cd431-3209495
/home/toolchain/development/libc++_replacement/tmp/R68/build-patched-armv7l/libcxx/test/std/strings/basic.string/string.nonmembers/string.io/Output/get_line_delim.pass.cpp.dir	174080	0	164	/opt/usr/home/owner/share/tmp/r77_lit_20260829/runs/run-2654fa5df4a94d28-3209509
/home/toolchain/development/libc++_replacement/tmp/R68/build-patched-armv7l/libcxx/test/std/strings/basic.string/string.nonmembers/string.io/Output/get_line_delim_rv.pass.cpp.dir	153600	0	148	/opt/usr/home/owner/share/tmp/r77_lit_20260829/runs/run-82179bbcecaa4477-3209527
/home/toolchain/development/libc++_replacement/tmp/R68/build-patched-armv7l/libcxx/test/std/strings/basic.string/string.modifiers/string_replace/Output/size_size_string_size_size.pass.cpp.dir	4505600	0	4400	/opt/usr/home/owner/share/tmp/r77_lit_20260829/runs/run-80bf6b5d698af999-3209523
/home/toolchain/development/libc++_replacement/tmp/R68/build-patched-armv7l/libcxx/test/std/strings/basic.string/string.nonmembers/string.io/Output/get_line_rv.pass.cpp.dir	163840	0	152	/opt/usr/home/owner/share/tmp/r77_lit_20260829/runs/run-7a05466be56cfb6b-3209553
/home/toolchain/development/libc++_replacement/tmp/R68/build-patched-armv7l/libcxx/test/std/strings/basic.string/string.nonmembers/string.io/Output/stream_extract.pass.cpp.dir	143360	0	132	/opt/usr/home/owner/share/tmp/r77_lit_20260829/runs/run-18cab5bfbf60b793-3209558
/home/toolchain/development/libc++_replacement/tmp/R68/build-patched-armv7l/libcxx/test/std/strings/basic.string/string.nonmembers/string.io/Output/stream_insert.pass.cpp.dir	153600	0	148	/opt/usr/home/owner/share/tmp/r77_lit_20260829/runs/run-09e52e590a00cab9-3209581
/home/toolchain/development/libc++_replacement/tmp/R68/build-patched-armv7l/libcxx/test/std/strings/basic.string/string.nonmembers/string.special/Output/swap.pass.cpp.dir	71680	0	68	/opt/usr/home/owner/share/tmp/r77_lit_20260829/runs/run-e7f7e46983174b36-3209586
/home/toolchain/development/libc++_replacement/tmp/R68/build-patched-armv7l/libcxx/test/std/strings/basic.string/string.nonmembers/string.special/Output/swap_noexcept.pass.cpp.dir	20480	0	20	/opt/usr/home/owner/share/tmp/r77_lit_20260829/runs/run-0db03f3f1e689327-3209609
/home/toolchain/development/libc++_replacement/tmp/R68/build-patched-armv7l/libcxx/test/std/strings/basic.string/string.nonmembers/string_op!=/Output/pointer_string.pass.cpp.dir	51200	0	48	/opt/usr/home/owner/share/tmp/r77_lit_20260829/runs/run-baec6695457bea4f-3209614
/home/toolchain/development/libc++_replacement/tmp/R68/build-patched-armv7l/libcxx/test/std/strings/basic.string/string.nonmembers/string_op!=/Output/string_pointer.pass.cpp.dir	51200	0	48	/opt/usr/home/owner/share/tmp/r77_lit_20260829/runs/run-020db91e189dd46e-3209637
/home/toolchain/development/libc++_replacement/tmp/R68/build-patched-armv7l/libcxx/test/std/strings/basic.string/string.nonmembers/string_op!=/Output/string_string.pass.cpp.dir	51200	0	44	/opt/usr/home/owner/share/tmp/r77_lit_20260829/runs/run-7fe6b01837840e40-3209642
/home/toolchain/development/libc++_replacement/tmp/R68/build-patched-armv7l/libcxx/test/std/strings/basic.string/string.nonmembers/string_op!=/Output/string_string_view.pass.cpp.dir	51200	0	48	/opt/usr/home/owner/share/tmp/r77_lit_20260829/runs/run-b9b59197a6c5f2a6-3209665
/home/toolchain/development/libc++_replacement/tmp/R68/build-patched-armv7l/libcxx/test/std/strings/basic.string/string.nonmembers/string_op!=/Output/string_view_string.pass.cpp.dir	51200	0	48	/opt/usr/home/owner/share/tmp/r77_lit_20260829/runs/run-68dc64b0877b14d0-3209670
/home/toolchain/development/libc++_replacement/tmp/R68/build-patched-armv7l/libcxx/test/std/strings/basic.string/string.nonmembers/string_op+/Output/allocator_propagation.pass.cpp.dir	102400	0	92	/opt/usr/home/owner/share/tmp/r77_lit_20260829/runs/run-98bf8c58577435a2-3209693
/home/toolchain/development/libc++_replacement/tmp/R68/build-patched-armv7l/libcxx/test/std/strings/basic.string/string.nonmembers/string_op+/Output/char_string.pass.cpp.dir	102400	0	100	/opt/usr/home/owner/share/tmp/r77_lit_20260829/runs/run-171de84c0332e02a-3209700
/home/toolchain/development/libc++_replacement/tmp/R68/build-patched-armv7l/libcxx/test/std/strings/basic.string/string.nonmembers/string_op+/Output/pointer_string.pass.cpp.dir	71680	0	72	/opt/usr/home/owner/share/tmp/r77_lit_20260829/runs/run-5a7b1264c4d2149f-3209719
/home/toolchain/development/libc++_replacement/tmp/R68/build-patched-armv7l/libcxx/test/std/strings/basic.string/string.nonmembers/string_op+/Output/string_char.pass.cpp.dir	102400	0	92	/opt/usr/home/owner/share/tmp/r77_lit_20260829/runs/run-a8b5833aecacd2e8-3209738
/home/toolchain/development/libc++_replacement/tmp/R68/build-patched-armv7l/libcxx/test/std/strings/basic.string/string.nonmembers/string_op+/Output/string_pointer.pass.cpp.dir	92160	0	92	/opt/usr/home/owner/share/tmp/r77_lit_20260829/runs/run-13542db211543344-3209752
/home/toolchain/development/libc++_replacement/tmp/R68/build-patched-armv7l/libcxx/test/std/strings/basic.string/string.nonmembers/string_op+/Output/string_string.pass.cpp.dir	102400	0	96	/opt/usr/home/owner/share/tmp/r77_lit_20260829/runs/run-d4eaadd5a2f3007a-3209784
/home/toolchain/development/libc++_replacement/tmp/R68/build-patched-armv7l/libcxx/test/std/strings/basic.string/string.nonmembers/string_op+/Output/string.string_view.pass.cpp.dir	1300480	0	1264	/opt/usr/home/owner/share/tmp/r77_lit_20260829/runs/run-ee8b02da741867ea-3209787
/home/toolchain/development/libc++_replacement/tmp/R68/build-patched-armv7l/libcxx/test/std/strings/basic.string/string.nonmembers/string_operator==/Output/pointer_string.pass.cpp.dir	51200	0	48	/opt/usr/home/owner/share/tmp/r77_lit_20260829/runs/run-e910e69ac4573591-3209807
/home/toolchain/development/libc++_replacement/tmp/R68/build-patched-armv7l/libcxx/test/std/strings/basic.string/string.nonmembers/string_operator==/Output/string_pointer.pass.cpp.dir	51200	0	48	/opt/usr/home/owner/share/tmp/r77_lit_20260829/runs/run-b030af4d27520073-3209817
/home/toolchain/development/libc++_replacement/tmp/R68/build-patched-armv7l/libcxx/test/std/strings/basic.string/string.nonmembers/string_operator==/Output/string_string.pass.cpp.dir	51200	0	44	/opt/usr/home/owner/share/tmp/r77_lit_20260829/runs/run-e09b4a6aec5964b6-3209833
/home/toolchain/development/libc++_replacement/tmp/R68/build-patched-armv7l/libcxx/test/std/strings/basic.string/string.nonmembers/string_operator==/Output/string_string_view.pass.cpp.dir	51200	0	48	/opt/usr/home/owner/share/tmp/r77_lit_20260829/runs/run-f9b816a6459236bb-3209847
/home/toolchain/development/libc++_replacement/tmp/R68/build-patched-armv7l/libcxx/test/std/strings/basic.string/string.nonmembers/string_operator==/Output/string_view_string.pass.cpp.dir	51200	0	48	/opt/usr/home/owner/share/tmp/r77_lit_20260829/runs/run-8e255435fec33a0c-3209861
/home/toolchain/development/libc++_replacement/tmp/R68/build-patched-armv7l/libcxx/test/std/strings/basic.string/string.nonmembers/string_opgt/Output/pointer_string.pass.cpp.dir	51200	0	48	/opt/usr/home/owner/share/tmp/r77_lit_20260829/runs/run-e7e317010ee54fb9-3209877
/home/toolchain/development/libc++_replacement/tmp/R68/build-patched-armv7l/libcxx/test/std/strings/basic.string/string.nonmembers/string_opgt/Output/string_pointer.pass.cpp.dir	51200	0	48	/opt/usr/home/owner/share/tmp/r77_lit_20260829/runs/run-2f21c8d24737c3f3-3209891
/home/toolchain/development/libc++_replacement/tmp/R68/build-patched-armv7l/libcxx/test/std/strings/basic.string/string.nonmembers/string_opgt/Output/string_string.pass.cpp.dir	51200	0	48	/opt/usr/home/owner/share/tmp/r77_lit_20260829/runs/run-af1f382523fa2598-3209905
/home/toolchain/development/libc++_replacement/tmp/R68/build-patched-armv7l/libcxx/test/std/strings/basic.string/string.nonmembers/string_opgt/Output/string_string_view.pass.cpp.dir	51200	0	48	/opt/usr/home/owner/share/tmp/r77_lit_20260829/runs/run-d00f1974bce843ca-3209919
/home/toolchain/development/libc++_replacement/tmp/R68/build-patched-armv7l/libcxx/test/std/strings/basic.string/string.nonmembers/string_opgt/Output/string_view_string.pass.cpp.dir	51200	0	48	/opt/usr/home/owner/share/tmp/r77_lit_20260829/runs/run-8e2895bf1b74a90a-3209933
/home/toolchain/development/libc++_replacement/tmp/R68/build-patched-armv7l/libcxx/test/std/strings/basic.string/string.nonmembers/string_opgt=/Output/pointer_string.pass.cpp.dir	51200	0	48	/opt/usr/home/owner/share/tmp/r77_lit_20260829/runs/run-9e5af9184ca32c77-3209949
/home/toolchain/development/libc++_replacement/tmp/R68/build-patched-armv7l/libcxx/test/std/strings/basic.string/string.nonmembers/string_opgt=/Output/string_pointer.pass.cpp.dir	51200	0	48	/opt/usr/home/owner/share/tmp/r77_lit_20260829/runs/run-51a768ad1d63f5f9-3209961
/home/toolchain/development/libc++_replacement/tmp/R68/build-patched-armv7l/libcxx/test/std/strings/basic.string/string.nonmembers/string_opgt=/Output/string_string.pass.cpp.dir	51200	0	48	/opt/usr/home/owner/share/tmp/r77_lit_20260829/runs/run-ffd6ed48b84d440f-3209977
/home/toolchain/development/libc++_replacement/tmp/R68/build-patched-armv7l/libcxx/test/std/strings/basic.string/string.nonmembers/string_opgt=/Output/string_string_view.pass.cpp.dir	51200	0	48	/opt/usr/home/owner/share/tmp/r77_lit_20260829/runs/run-1d25f89914ca6b98-3209987
/home/toolchain/development/libc++_replacement/tmp/R68/build-patched-armv7l/libcxx/test/std/strings/basic.string/string.nonmembers/string_opgt=/Output/string_view_string.pass.cpp.dir	51200	0	48	/opt/usr/home/owner/share/tmp/r77_lit_20260829/runs/run-1f324f5b6c8d29c3-3210003
/home/toolchain/development/libc++_replacement/tmp/R68/build-patched-armv7l/libcxx/test/std/strings/basic.string/string.nonmembers/string_oplt/Output/pointer_string.pass.cpp.dir	51200	0	48	/opt/usr/home/owner/share/tmp/r77_lit_20260829/runs/run-3bdb22efbbccac47-3210017
/home/toolchain/development/libc++_replacement/tmp/R68/build-patched-armv7l/libcxx/test/std/strings/basic.string/string.nonmembers/string_oplt/Output/string_pointer.pass.cpp.dir	51200	0	48	/opt/usr/home/owner/share/tmp/r77_lit_20260829/runs/run-5b2dbb933d3c6895-3210032
/home/toolchain/development/libc++_replacement/tmp/R68/build-patched-armv7l/libcxx/test/std/strings/basic.string/string.nonmembers/string_oplt/Output/string_string.pass.cpp.dir	51200	0	48	/opt/usr/home/owner/share/tmp/r77_lit_20260829/runs/run-d4f49bbf290c7caa-3210046
/home/toolchain/development/libc++_replacement/tmp/R68/build-patched-armv7l/libcxx/test/std/strings/basic.string/string.nonmembers/string_oplt/Output/string_string_view.pass.cpp.dir	51200	0	48	/opt/usr/home/owner/share/tmp/r77_lit_20260829/runs/run-a2075059eeb6d236-3210061
/home/toolchain/development/libc++_replacement/tmp/R68/build-patched-armv7l/libcxx/test/std/strings/basic.string/string.nonmembers/string_oplt/Output/string_view_string.pass.cpp.dir	51200	0	48	/opt/usr/home/owner/share/tmp/r77_lit_20260829/runs/run-751f6d1b4d34083e-3210075
/home/toolchain/development/libc++_replacement/tmp/R68/build-patched-armv7l/libcxx/test/std/strings/basic.string/string.nonmembers/string_oplt=/Output/pointer_string.pass.cpp.dir	51200	0	48	/opt/usr/home/owner/share/tmp/r77_lit_20260829/runs/run-eceb4ebf79177cda-3210089
/home/toolchain/development/libc++_replacement/tmp/R68/build-patched-armv7l/libcxx/test/std/strings/basic.string/string.nonmembers/string_oplt=/Output/string_pointer.pass.cpp.dir	51200	0	48	/opt/usr/home/owner/share/tmp/r77_lit_20260829/runs/run-1bd122575865c26c-3210103
/home/toolchain/development/libc++_replacement/tmp/R68/build-patched-armv7l/libcxx/test/std/strings/basic.string/string.nonmembers/string_oplt=/Output/string_string.pass.cpp.dir	51200	0	48	/opt/usr/home/owner/share/tmp/r77_lit_20260829/runs/run-592a656fcf52720d-3210117
/home/toolchain/development/libc++_replacement/tmp/R68/build-patched-armv7l/libcxx/test/std/strings/basic.string/string.nonmembers/string_oplt=/Output/string_string_view.pass.cpp.dir	51200	0	48	/opt/usr/home/owner/share/tmp/r77_lit_20260829/runs/run-5b6499a3fca98707-3210131
/home/toolchain/development/libc++_replacement/tmp/R68/build-patched-armv7l/libcxx/test/std/strings/basic.string/string.nonmembers/string_oplt=/Output/string_view_string.pass.cpp.dir	51200	0	48	/opt/usr/home/owner/share/tmp/r77_lit_20260829/runs/run-6b9e22638976efe0-3210145
/home/toolchain/development/libc++_replacement/tmp/R68/build-patched-armv7l/libcxx/test/std/strings/basic.string/string.ops/string.accessors/Output/c_str.pass.cpp.dir	51200	0	44	/opt/usr/home/owner/share/tmp/r77_lit_20260829/runs/run-a6a5ae5298a82d31-3210157
/home/toolchain/development/libc++_replacement/tmp/R68/build-patched-armv7l/libcxx/test/std/strings/basic.string/string.ops/string.accessors/Output/data.pass.cpp.dir	51200	0	48	/opt/usr/home/owner/share/tmp/r77_lit_20260829/runs/run-6bf83a9992790382-3210178
/home/toolchain/development/libc++_replacement/tmp/R68/build-patched-armv7l/libcxx/test/std/strings/basic.string/string.ops/string.accessors/Output/get_allocator.pass.cpp.dir	51200	0	52	/opt/usr/home/owner/share/tmp/r77_lit_20260829/runs/run-4b7210b1f9f2d560-3210190
/home/toolchain/development/libc++_replacement/tmp/R68/build-patched-armv7l/libcxx/test/std/strings/basic.string/string.ops/string_compare/Output/pointer.pass.cpp.dir	51200	0	44	/opt/usr/home/owner/share/tmp/r77_lit_20260829/runs/run-7c85f7d8e345c7b7-3210204
/home/toolchain/development/libc++_replacement/tmp/R68/build-patched-armv7l/libcxx/test/std/strings/basic.string/string.ops/string_compare/Output/size_size_pointer.pass.cpp.dir	122880	0	116	/opt/usr/home/owner/share/tmp/r77_lit_20260829/runs/run-9659307d14fef067-3210253
/home/toolchain/development/libc++_replacement/tmp/R68/build-patched-armv7l/libcxx/test/std/strings/basic.string/string.ops/string_compare/Output/size_size_pointer_size.pass.cpp.dir	348160	0	340	/opt/usr/home/owner/share/tmp/r77_lit_20260829/runs/run-426e689cd1ffcdfd-3210271
/home/toolchain/development/libc++_replacement/tmp/R68/build-patched-armv7l/libcxx/test/std/strings/basic.string/string.ops/string_compare/Output/size_size_T_size_size.pass.cpp.dir	1720320	0	1676	/opt/usr/home/owner/share/tmp/r77_lit_20260829/runs/run-adb8d3a13162fae9-3210272
/home/toolchain/development/libc++_replacement/tmp/R68/build-patched-armv7l/libcxx/test/std/strings/basic.string/string.ops/string_compare/Output/size_size_string.pass.cpp.dir	153600	0	148	/opt/usr/home/owner/share/tmp/r77_lit_20260829/runs/run-e1709c0b18ab9c81-3210314
/home/toolchain/development/libc++_replacement/tmp/R68/build-patched-armv7l/libcxx/test/std/strings/basic.string/string.ops/string_compare/Output/size_size_string_view.pass.cpp.dir	133120	0	124	/opt/usr/home/owner/share/tmp/r77_lit_20260829/runs/run-f31576c6316366b1-3210328
/home/toolchain/development/libc++_replacement/tmp/R68/build-patched-armv7l/libcxx/test/std/strings/basic.string/string.ops/string_compare/Output/string.pass.cpp.dir	51200	0	48	/opt/usr/home/owner/share/tmp/r77_lit_20260829/runs/run-cae6f010e55a3534-3210342
/home/toolchain/development/libc++_replacement/tmp/R68/build-patched-armv7l/libcxx/test/std/strings/basic.string/string.ops/string_compare/Output/size_size_string_size_size.pass.cpp.dir	2129920	0	2072	/opt/usr/home/owner/share/tmp/r77_lit_20260829/runs/run-f8bd6760e3ee9100-3210354
