codes/R104/llvm/packaging/llvm.spec:50:Source1002: mlgo_arm_model.tar.gz
codes/R104/llvm/packaging/llvm.spec:51:Source1003: mlgo_aarch_model.tar.gz
codes/R104/llvm/packaging/llvm.spec:52:Source1004: mlgo_x86_model.tar.gz
codes/R104/llvm/packaging/llvm.spec:202:MLGO_RUNTIME_OBJECTS="${MLGO_AOT_DIR}/xla_runtime_objects/xla_compiled_cpu_function.cc.o;${MLGO_AOT_DIR}/xla_runtime_objects/cpu_function_runtime.cc.o;${MLGO_AOT_DIR}/xla_runtime_objects/custom_call_status.cc.o;${MLGO_AOT_DIR}/xla_runtime_objects/executable_run_options.cc.o;${MLGO_AOT_DIR}/xla_runtime_objects/runtime_single_threaded_matmul_f32.cc.o"
codes/R104/llvm/packaging/llvm.spec:277:    -DLLVM_MLGO_EMBED_TF_XLA_RUNTIME_OBJECTS="${MLGO_RUNTIME_OBJECTS}" \
codes/R104/llvm/packaging/llvm.spec:278:    -DLLVM_OVERRIDE_MODEL_HEADER_INLINERSIZEMODEL="${MLGO_AOT_DIR}/InlinerSizeModel.h" \
codes/R104/llvm/packaging/llvm.spec:279:    -DLLVM_OVERRIDE_MODEL_OBJECT_INLINERSIZEMODEL="${MLGO_AOT_DIR}/InlinerSizeModel.o" \
codes/R104/llvm/packaging/llvm.spec:280:    -DLLVM_OVERRIDE_MODEL_HEADER_REGALLOCEVICTMODEL="${MLGO_AOT_DIR}/RegAllocEvictModel.h" \
codes/R104/llvm/packaging/llvm.spec:281:    -DLLVM_OVERRIDE_MODEL_OBJECT_REGALLOCEVICTMODEL="${MLGO_AOT_DIR}/RegAllocEvictModel.o" \
codes/R104/llvm/packaging/llvm.spec:300:  test -f lib/Analysis/InlinerSizeModel.h || \
codes/R104/llvm/packaging/llvm.spec:301:    { echo "FATAL: Missing InlinerSizeModel.h (override not effective, likely trap 1: silent fallback to none)"; exit 1; }
codes/R104/llvm/packaging/llvm.spec:302:  test -f lib/Analysis/InlinerSizeModel.o || \
codes/R104/llvm/packaging/llvm.spec:303:    { echo "FATAL: Missing InlinerSizeModel.o (override not effective)"; exit 1; }
codes/R104/llvm/packaging/llvm.spec:304:  test -f lib/CodeGen/RegAllocEvictModel.h || \
codes/R104/llvm/packaging/llvm.spec:305:    { echo "FATAL: Missing RegAllocEvictModel.h(regalloc override not effective)"; exit 1; }
codes/R104/llvm/packaging/llvm.spec:306:  test -f lib/CodeGen/RegAllocEvictModel.o || \
codes/R104/llvm/packaging/llvm.spec:307:    { echo "FATAL: Missing RegAllocEvictModel.o(regalloc override not effective)"; exit 1; }
codes/R104/llvm/packaging/llvm.spec:309:    test -f "${MLGO_AOT_DIR}/xla_runtime_objects/${mlgo_runtime_object}" || \
codes/R104/llvm/packaging/llvm.spec:322:  for mlgo_obj in lib/Analysis/InlinerSizeModel.o lib/CodeGen/RegAllocEvictModel.o; do
codes/R104/llvm/packaging/llvm.spec:327:    mlgo_obj="${MLGO_AOT_DIR}/xla_runtime_objects/${mlgo_runtime_object}"
codes/R104/llvm/packaging/llvm.spec:342:    grep -q "xla_runtime_objects/${mlgo_runtime_object}" "${MLGO_BUILD_DIR}/CMakeCache.txt" || \
codes/R104/llvm/llvm/cmake/modules/TensorFlowCompile.cmake:41:# Run the tensorflow compiler (saved_model_cli) on the saved model in the
codes/R104/llvm/llvm/cmake/modules/TensorFlowCompile.cmake:98:          " using, for example, the tools at http://github.com/google/ml-compiler-opt."
codes/R104/llvm/llvm/cmake/modules/TensorFlowCompile.cmake:115:  if (LLVM_MLGO_EMBED_TF_XLA_RUNTIME_OBJECTS)
codes/R104/llvm/llvm/cmake/modules/TensorFlowCompile.cmake:117:    if ((EXISTS "${LLVM_OVERRIDE_MODEL_HEADER_INLINERSIZEMODEL}" AND
codes/R104/llvm/llvm/cmake/modules/TensorFlowCompile.cmake:118:         EXISTS "${LLVM_OVERRIDE_MODEL_OBJECT_INLINERSIZEMODEL}") OR
codes/R104/llvm/llvm/cmake/modules/TensorFlowCompile.cmake:122:    get_property(LLVM_MLGO_TF_XLA_RUNTIME_OBJECTS_EMBEDDED GLOBAL
codes/R104/llvm/llvm/cmake/modules/TensorFlowCompile.cmake:123:      PROPERTY LLVM_MLGO_TF_XLA_RUNTIME_OBJECTS_EMBEDDED)
codes/R104/llvm/llvm/cmake/modules/TensorFlowCompile.cmake:124:    if (NOT LLVM_MLGO_TF_XLA_RUNTIME_OBJECTS_EMBEDDED AND
codes/R104/llvm/llvm/cmake/modules/TensorFlowCompile.cmake:125:        ("${fname}" STREQUAL "InlinerSizeModel" OR
codes/R104/llvm/llvm/cmake/modules/TensorFlowCompile.cmake:127:      set(LLVM_MLGO_RUNTIME_OBJECTS ${LLVM_MLGO_EMBED_TF_XLA_RUNTIME_OBJECTS})
codes/R104/llvm/llvm/cmake/modules/TensorFlowCompile.cmake:128:      set_property(GLOBAL PROPERTY LLVM_MLGO_TF_XLA_RUNTIME_OBJECTS_EMBEDDED TRUE)
progress/R101/inputs/current_specs/llvm.spec:44:Source1002: mlgo_arm_model.tar.gz
progress/R101/inputs/current_specs/llvm.spec:45:Source1003: mlgo_aarch_model.tar.gz
progress/R101/inputs/current_specs/llvm.spec:46:Source1004: mlgo_x86_model.tar.gz
progress/R101/inputs/current_specs/llvm.spec:192:MLGO_RUNTIME_OBJECTS="${MLGO_AOT_DIR}/xla_runtime_objects/xla_compiled_cpu_function.cc.o;${MLGO_AOT_DIR}/xla_runtime_objects/cpu_function_runtime.cc.o;${MLGO_AOT_DIR}/xla_runtime_objects/custom_call_status.cc.o;${MLGO_AOT_DIR}/xla_runtime_objects/executable_run_options.cc.o;${MLGO_AOT_DIR}/xla_runtime_objects/runtime_single_threaded_matmul_f32.cc.o"
progress/R101/inputs/current_specs/llvm.spec:261:    -DLLVM_MLGO_EMBED_TF_XLA_RUNTIME_OBJECTS="${MLGO_RUNTIME_OBJECTS}" \
progress/R101/inputs/current_specs/llvm.spec:262:    -DLLVM_OVERRIDE_MODEL_HEADER_INLINERSIZEMODEL="${MLGO_AOT_DIR}/InlinerSizeModel.h" \
progress/R101/inputs/current_specs/llvm.spec:263:    -DLLVM_OVERRIDE_MODEL_OBJECT_INLINERSIZEMODEL="${MLGO_AOT_DIR}/InlinerSizeModel.o" \
progress/R101/inputs/current_specs/llvm.spec:264:    -DLLVM_OVERRIDE_MODEL_HEADER_REGALLOCEVICTMODEL="${MLGO_AOT_DIR}/RegAllocEvictModel.h" \
progress/R101/inputs/current_specs/llvm.spec:265:    -DLLVM_OVERRIDE_MODEL_OBJECT_REGALLOCEVICTMODEL="${MLGO_AOT_DIR}/RegAllocEvictModel.o" \
progress/R101/inputs/current_specs/llvm.spec:284:  test -f lib/Analysis/InlinerSizeModel.h || \
progress/R101/inputs/current_specs/llvm.spec:285:    { echo "FATAL: Missing InlinerSizeModel.h (override not effective, likely trap 1: silent fallback to none)"; exit 1; }
progress/R101/inputs/current_specs/llvm.spec:286:  test -f lib/Analysis/InlinerSizeModel.o || \
progress/R101/inputs/current_specs/llvm.spec:287:    { echo "FATAL: Missing InlinerSizeModel.o (override not effective)"; exit 1; }
progress/R101/inputs/current_specs/llvm.spec:288:  test -f lib/CodeGen/RegAllocEvictModel.h || \
progress/R101/inputs/current_specs/llvm.spec:289:    { echo "FATAL: Missing RegAllocEvictModel.h(regalloc override not effective)"; exit 1; }
progress/R101/inputs/current_specs/llvm.spec:290:  test -f lib/CodeGen/RegAllocEvictModel.o || \
progress/R101/inputs/current_specs/llvm.spec:291:    { echo "FATAL: Missing RegAllocEvictModel.o(regalloc override not effective)"; exit 1; }
progress/R101/inputs/current_specs/llvm.spec:293:    test -f "${MLGO_AOT_DIR}/xla_runtime_objects/${mlgo_runtime_object}" || \
progress/R101/inputs/current_specs/llvm.spec:306:  for mlgo_obj in lib/Analysis/InlinerSizeModel.o lib/CodeGen/RegAllocEvictModel.o; do
progress/R101/inputs/current_specs/llvm.spec:311:    mlgo_obj="${MLGO_AOT_DIR}/xla_runtime_objects/${mlgo_runtime_object}"
progress/R101/inputs/current_specs/llvm.spec:326:    grep -q "xla_runtime_objects/${mlgo_runtime_object}" "${MLGO_BUILD_DIR}/CMakeCache.txt" || \
codes/R104/llvm/llvm/utils/mlgo-utils/mlgo/corpus/extract_ir_lib.py:21:# TODO(ml-compiler-opt): maybe we can also convert here the cmdline file,from a
codes/R104/llvm/llvm/utils/mlgo-utils/mlgo/corpus/extract_ir.py:150:            "ml-compiler-opt understands. If your build system provides a "
docs/progress/R101/inputs/current_specs/llvm.spec:44:Source1002: mlgo_arm_model.tar.gz
docs/progress/R101/inputs/current_specs/llvm.spec:45:Source1003: mlgo_aarch_model.tar.gz
docs/progress/R101/inputs/current_specs/llvm.spec:46:Source1004: mlgo_x86_model.tar.gz
docs/progress/R101/inputs/current_specs/llvm.spec:192:MLGO_RUNTIME_OBJECTS="${MLGO_AOT_DIR}/xla_runtime_objects/xla_compiled_cpu_function.cc.o;${MLGO_AOT_DIR}/xla_runtime_objects/cpu_function_runtime.cc.o;${MLGO_AOT_DIR}/xla_runtime_objects/custom_call_status.cc.o;${MLGO_AOT_DIR}/xla_runtime_objects/executable_run_options.cc.o;${MLGO_AOT_DIR}/xla_runtime_objects/runtime_single_threaded_matmul_f32.cc.o"
docs/progress/R101/inputs/current_specs/llvm.spec:261:    -DLLVM_MLGO_EMBED_TF_XLA_RUNTIME_OBJECTS="${MLGO_RUNTIME_OBJECTS}" \
docs/progress/R101/inputs/current_specs/llvm.spec:262:    -DLLVM_OVERRIDE_MODEL_HEADER_INLINERSIZEMODEL="${MLGO_AOT_DIR}/InlinerSizeModel.h" \
docs/progress/R101/inputs/current_specs/llvm.spec:263:    -DLLVM_OVERRIDE_MODEL_OBJECT_INLINERSIZEMODEL="${MLGO_AOT_DIR}/InlinerSizeModel.o" \
docs/progress/R101/inputs/current_specs/llvm.spec:264:    -DLLVM_OVERRIDE_MODEL_HEADER_REGALLOCEVICTMODEL="${MLGO_AOT_DIR}/RegAllocEvictModel.h" \
docs/progress/R101/inputs/current_specs/llvm.spec:265:    -DLLVM_OVERRIDE_MODEL_OBJECT_REGALLOCEVICTMODEL="${MLGO_AOT_DIR}/RegAllocEvictModel.o" \
docs/progress/R101/inputs/current_specs/llvm.spec:284:  test -f lib/Analysis/InlinerSizeModel.h || \
docs/progress/R101/inputs/current_specs/llvm.spec:285:    { echo "FATAL: Missing InlinerSizeModel.h (override not effective, likely trap 1: silent fallback to none)"; exit 1; }
docs/progress/R101/inputs/current_specs/llvm.spec:286:  test -f lib/Analysis/InlinerSizeModel.o || \
docs/progress/R101/inputs/current_specs/llvm.spec:287:    { echo "FATAL: Missing InlinerSizeModel.o (override not effective)"; exit 1; }
docs/progress/R101/inputs/current_specs/llvm.spec:288:  test -f lib/CodeGen/RegAllocEvictModel.h || \
docs/progress/R101/inputs/current_specs/llvm.spec:289:    { echo "FATAL: Missing RegAllocEvictModel.h(regalloc override not effective)"; exit 1; }
docs/progress/R101/inputs/current_specs/llvm.spec:290:  test -f lib/CodeGen/RegAllocEvictModel.o || \
docs/progress/R101/inputs/current_specs/llvm.spec:291:    { echo "FATAL: Missing RegAllocEvictModel.o(regalloc override not effective)"; exit 1; }
docs/progress/R101/inputs/current_specs/llvm.spec:293:    test -f "${MLGO_AOT_DIR}/xla_runtime_objects/${mlgo_runtime_object}" || \
docs/progress/R101/inputs/current_specs/llvm.spec:306:  for mlgo_obj in lib/Analysis/InlinerSizeModel.o lib/CodeGen/RegAllocEvictModel.o; do
docs/progress/R101/inputs/current_specs/llvm.spec:311:    mlgo_obj="${MLGO_AOT_DIR}/xla_runtime_objects/${mlgo_runtime_object}"
docs/progress/R101/inputs/current_specs/llvm.spec:326:    grep -q "xla_runtime_objects/${mlgo_runtime_object}" "${MLGO_BUILD_DIR}/CMakeCache.txt" || \
progress/R32/tables/impact_category_locations.tsv:3847:EXISTING_GUARD	llvm-22.1.8-18.1.src.rpm	llvm	PHASE2	forced_unwind_confirmed_rethrow	unpacked/mlgo_aarch_model.tar.gz/mlgo_sysroot/include/external/pybind11/_virtual_includes/pybind11/pybind11/pybind11.h	989	PRODUCTION_LIKE	-	} catch (abi::__forced_unwind &) {
progress/R32/tables/impact_category_locations.tsv:3848:EXISTING_GUARD	llvm-22.1.8-18.1.src.rpm	llvm	PHASE2	forced_unwind_confirmed_rethrow	unpacked/mlgo_aarch_model.tar.gz/mlgo_sysroot/include/external/pybind11/include/pybind11/pybind11.h	989	PRODUCTION_LIKE	-	} catch (abi::__forced_unwind &) {
progress/R32/tables/impact_category_locations.tsv:3849:EXISTING_GUARD	llvm-22.1.8-18.1.src.rpm	llvm	PHASE2	forced_unwind_confirmed_rethrow	unpacked/mlgo_arm_model.tar.gz/mlgo_sysroot/include/external/pybind11/_virtual_includes/pybind11/pybind11/pybind11.h	989	PRODUCTION_LIKE	-	} catch (abi::__forced_unwind &) {
progress/R32/tables/impact_category_locations.tsv:3850:EXISTING_GUARD	llvm-22.1.8-18.1.src.rpm	llvm	PHASE2	forced_unwind_confirmed_rethrow	unpacked/mlgo_arm_model.tar.gz/mlgo_sysroot/include/external/pybind11/include/pybind11/pybind11.h	989	PRODUCTION_LIKE	-	} catch (abi::__forced_unwind &) {
progress/R32/tables/impact_category_locations.tsv:3851:EXISTING_GUARD	llvm-22.1.8-18.1.src.rpm	llvm	PHASE2	forced_unwind_confirmed_rethrow	unpacked/mlgo_x86_model.tar.gz/mlgo_sysroot/include/external/pybind11/_virtual_includes/pybind11/pybind11/pybind11.h	989	PRODUCTION_LIKE	-	} catch (abi::__forced_unwind &) {
progress/R32/tables/impact_category_locations.tsv:3852:EXISTING_GUARD	llvm-22.1.8-18.1.src.rpm	llvm	PHASE2	forced_unwind_confirmed_rethrow	unpacked/mlgo_x86_model.tar.gz/mlgo_sysroot/include/external/pybind11/include/pybind11/pybind11.h	989	PRODUCTION_LIKE	-	} catch (abi::__forced_unwind &) {
progress/R32/tables/forced_unwind_guard_locations.tsv:147:llvm-22.1.8-18.1.src.rpm	llvm	PHASE2	unpacked/mlgo_aarch_model.tar.gz/mlgo_sysroot/include/external/pybind11/_virtual_includes/pybind11/pybind11/pybind11.h	989	PRODUCTION_LIKE	CONFIRMED_RETHROW	} catch (abi::__forced_unwind &) {
progress/R32/tables/forced_unwind_guard_locations.tsv:148:llvm-22.1.8-18.1.src.rpm	llvm	PHASE2	unpacked/mlgo_aarch_model.tar.gz/mlgo_sysroot/include/external/pybind11/include/pybind11/pybind11.h	989	PRODUCTION_LIKE	CONFIRMED_RETHROW	} catch (abi::__forced_unwind &) {
progress/R32/tables/forced_unwind_guard_locations.tsv:149:llvm-22.1.8-18.1.src.rpm	llvm	PHASE2	unpacked/mlgo_arm_model.tar.gz/mlgo_sysroot/include/external/pybind11/_virtual_includes/pybind11/pybind11/pybind11.h	989	PRODUCTION_LIKE	CONFIRMED_RETHROW	} catch (abi::__forced_unwind &) {
progress/R32/tables/forced_unwind_guard_locations.tsv:150:llvm-22.1.8-18.1.src.rpm	llvm	PHASE2	unpacked/mlgo_arm_model.tar.gz/mlgo_sysroot/include/external/pybind11/include/pybind11/pybind11.h	989	PRODUCTION_LIKE	CONFIRMED_RETHROW	} catch (abi::__forced_unwind &) {
progress/R32/tables/forced_unwind_guard_locations.tsv:151:llvm-22.1.8-18.1.src.rpm	llvm	PHASE2	unpacked/mlgo_x86_model.tar.gz/mlgo_sysroot/include/external/pybind11/_virtual_includes/pybind11/pybind11/pybind11.h	989	PRODUCTION_LIKE	CONFIRMED_RETHROW	} catch (abi::__forced_unwind &) {
progress/R32/tables/forced_unwind_guard_locations.tsv:152:llvm-22.1.8-18.1.src.rpm	llvm	PHASE2	unpacked/mlgo_x86_model.tar.gz/mlgo_sysroot/include/external/pybind11/include/pybind11/pybind11.h	989	PRODUCTION_LIKE	CONFIRMED_RETHROW	} catch (abi::__forced_unwind &) {
progress/R32/tables/impact_locations.tsv:13089:llvm-22.1.8-18.1.src.rpm	llvm	PHASE2	UNIQUE_SOURCE_NAME	catch_all	unpacked/mlgo_aarch_model.tar.gz/mlgo_sysroot/include/absl/base/macros.h	133	PRODUCTION_LIKE	ABSL_INTERNAL_CATCH_ANY	#define ABSL_INTERNAL_CATCH_ANY catch (...)
progress/R32/tables/impact_locations.tsv:13090:llvm-22.1.8-18.1.src.rpm	llvm	PHASE2	UNIQUE_SOURCE_NAME	catch_all	unpacked/mlgo_aarch_model.tar.gz/mlgo_sysroot/include/external/com_github_grpc_grpc/include/grpcpp/impl/codegen/callback_common.h	42	PRODUCTION_LIKE	-	} catch (...) {
progress/R32/tables/impact_locations.tsv:13091:llvm-22.1.8-18.1.src.rpm	llvm	PHASE2	UNIQUE_SOURCE_NAME	catch_all	unpacked/mlgo_aarch_model.tar.gz/mlgo_sysroot/include/external/com_github_grpc_grpc/include/grpcpp/impl/codegen/callback_common.h	55	PRODUCTION_LIKE	-	} catch (...) {
progress/R32/tables/impact_locations.tsv:13092:llvm-22.1.8-18.1.src.rpm	llvm	PHASE2	UNIQUE_SOURCE_NAME	catch_all	unpacked/mlgo_aarch_model.tar.gz/mlgo_sysroot/include/external/com_github_grpc_grpc/include/grpcpp/impl/codegen/method_handler_impl.h	43	PRODUCTION_LIKE	-	} catch (...) {
progress/R32/tables/impact_locations.tsv:13093:llvm-22.1.8-18.1.src.rpm	llvm	PHASE2	UNIQUE_SOURCE_NAME	catch_all	unpacked/mlgo_aarch_model.tar.gz/mlgo_sysroot/include/external/pybind11/_virtual_includes/pybind11/pybind11/detail/internals.h	402	PRODUCTION_LIKE	-	} catch (...) {
progress/R32/tables/impact_locations.tsv:13094:llvm-22.1.8-18.1.src.rpm	llvm	PHASE2	UNIQUE_SOURCE_NAME	catch_all	unpacked/mlgo_aarch_model.tar.gz/mlgo_sysroot/include/external/pybind11/_virtual_includes/pybind11/pybind11/pybind11.h	66	PRODUCTION_LIKE	-	} catch (...) {
progress/R32/tables/impact_locations.tsv:13095:llvm-22.1.8-18.1.src.rpm	llvm	PHASE2	UNIQUE_SOURCE_NAME	catch_all	unpacked/mlgo_aarch_model.tar.gz/mlgo_sysroot/include/external/pybind11/_virtual_includes/pybind11/pybind11/pybind11.h	992	PRODUCTION_LIKE	-	} catch (...) {
progress/R32/tables/impact_locations.tsv:13096:llvm-22.1.8-18.1.src.rpm	llvm	PHASE2	UNIQUE_SOURCE_NAME	catch_all	unpacked/mlgo_aarch_model.tar.gz/mlgo_sysroot/include/external/pybind11/include/pybind11/detail/internals.h	402	PRODUCTION_LIKE	-	} catch (...) {
progress/R32/tables/impact_locations.tsv:13097:llvm-22.1.8-18.1.src.rpm	llvm	PHASE2	UNIQUE_SOURCE_NAME	catch_all	unpacked/mlgo_aarch_model.tar.gz/mlgo_sysroot/include/external/pybind11/include/pybind11/pybind11.h	66	PRODUCTION_LIKE	-	} catch (...) {
progress/R32/tables/impact_locations.tsv:13098:llvm-22.1.8-18.1.src.rpm	llvm	PHASE2	UNIQUE_SOURCE_NAME	catch_all	unpacked/mlgo_aarch_model.tar.gz/mlgo_sysroot/include/external/pybind11/include/pybind11/pybind11.h	992	PRODUCTION_LIKE	-	} catch (...) {
progress/R32/tables/impact_locations.tsv:13099:llvm-22.1.8-18.1.src.rpm	llvm	PHASE2	UNIQUE_SOURCE_NAME	catch_all	unpacked/mlgo_aarch_model.tar.gz/mlgo_sysroot/include/third_party/gpus/cuda/include/thrust/detail/allocator/no_throw_allocator.h	53	PRODUCTION_LIKE	-	catch(...)
progress/R32/tables/impact_locations.tsv:13100:llvm-22.1.8-18.1.src.rpm	llvm	PHASE2	UNIQUE_SOURCE_NAME	catch_all	unpacked/mlgo_aarch_model.tar.gz/mlgo_sysroot/include/third_party/gpus/cuda/include/thrust/detail/memory_algorithms.h	125	PRODUCTION_LIKE	-	} catch (...) {
progress/R32/tables/impact_locations.tsv:13101:llvm-22.1.8-18.1.src.rpm	llvm	PHASE2	UNIQUE_SOURCE_NAME	catch_all	unpacked/mlgo_aarch_model.tar.gz/mlgo_sysroot/include/third_party/gpus/cuda/include/thrust/detail/memory_algorithms.h	160	PRODUCTION_LIKE	-	} catch (...) {
progress/R32/tables/impact_locations.tsv:13102:llvm-22.1.8-18.1.src.rpm	llvm	PHASE2	UNIQUE_SOURCE_NAME	catch_all	unpacked/mlgo_aarch_model.tar.gz/mlgo_sysroot/include/third_party/gpus/cuda/include/thrust/detail/memory_algorithms.h	188	PRODUCTION_LIKE	-	} catch (...) {
progress/R32/tables/impact_locations.tsv:13103:llvm-22.1.8-18.1.src.rpm	llvm	PHASE2	UNIQUE_SOURCE_NAME	catch_all	unpacked/mlgo_aarch_model.tar.gz/mlgo_sysroot/include/third_party/gpus/cuda/include/thrust/detail/memory_algorithms.h	223	PRODUCTION_LIKE	-	} catch (...) {
progress/R32/tables/impact_locations.tsv:13104:llvm-22.1.8-18.1.src.rpm	llvm	PHASE2	UNIQUE_SOURCE_NAME	catch_all	unpacked/mlgo_aarch_model.tar.gz/mlgo_sysroot/include/third_party/gpus/cuda/include/thrust/detail/vector_base.inl	410	PRODUCTION_LIKE	-	catch(...)
progress/R32/tables/impact_locations.tsv:13105:llvm-22.1.8-18.1.src.rpm	llvm	PHASE2	UNIQUE_SOURCE_NAME	catch_all	unpacked/mlgo_aarch_model.tar.gz/mlgo_sysroot/include/third_party/gpus/cuda/include/thrust/detail/vector_base.inl	898	PRODUCTION_LIKE	-	catch(...)
progress/R32/tables/impact_locations.tsv:13106:llvm-22.1.8-18.1.src.rpm	llvm	PHASE2	UNIQUE_SOURCE_NAME	catch_all	unpacked/mlgo_aarch_model.tar.gz/mlgo_sysroot/include/third_party/gpus/cuda/include/thrust/detail/vector_base.inl	962	PRODUCTION_LIKE	-	catch(...)
progress/R32/tables/impact_locations.tsv:13107:llvm-22.1.8-18.1.src.rpm	llvm	PHASE2	UNIQUE_SOURCE_NAME	catch_all	unpacked/mlgo_aarch_model.tar.gz/mlgo_sysroot/include/third_party/gpus/cuda/include/thrust/detail/vector_base.inl	1067	PRODUCTION_LIKE	-	catch(...)
progress/R32/tables/impact_locations.tsv:13108:llvm-22.1.8-18.1.src.rpm	llvm	PHASE2	UNIQUE_SOURCE_NAME	catch_all	unpacked/mlgo_aarch_model.tar.gz/mlgo_sysroot/include/third_party/gpus/cuda/include/thrust/detail/vector_base.inl	1243	PRODUCTION_LIKE	-	catch(...)
progress/R32/tables/impact_locations.tsv:13109:llvm-22.1.8-18.1.src.rpm	llvm	PHASE2	UNIQUE_SOURCE_NAME	catch_all	unpacked/mlgo_aarch_model.tar.gz/mlgo_sysroot/include/third_party/gpus/cuda/include/thrust/system/detail/system_error.inl	99	PRODUCTION_LIKE	-	catch(...)
progress/R32/tables/impact_locations.tsv:13110:llvm-22.1.8-18.1.src.rpm	llvm	PHASE2	UNIQUE_SOURCE_NAME	catch_all	unpacked/mlgo_arm_model.tar.gz/mlgo_sysroot/include/absl/base/macros.h	133	PRODUCTION_LIKE	ABSL_INTERNAL_CATCH_ANY	#define ABSL_INTERNAL_CATCH_ANY catch (...)
progress/R32/tables/impact_locations.tsv:13111:llvm-22.1.8-18.1.src.rpm	llvm	PHASE2	UNIQUE_SOURCE_NAME	catch_all	unpacked/mlgo_arm_model.tar.gz/mlgo_sysroot/include/external/com_github_grpc_grpc/include/grpcpp/impl/codegen/callback_common.h	42	PRODUCTION_LIKE	-	} catch (...) {
progress/R32/tables/impact_locations.tsv:13112:llvm-22.1.8-18.1.src.rpm	llvm	PHASE2	UNIQUE_SOURCE_NAME	catch_all	unpacked/mlgo_arm_model.tar.gz/mlgo_sysroot/include/external/com_github_grpc_grpc/include/grpcpp/impl/codegen/callback_common.h	55	PRODUCTION_LIKE	-	} catch (...) {
progress/R32/tables/impact_locations.tsv:13113:llvm-22.1.8-18.1.src.rpm	llvm	PHASE2	UNIQUE_SOURCE_NAME	catch_all	unpacked/mlgo_arm_model.tar.gz/mlgo_sysroot/include/external/com_github_grpc_grpc/include/grpcpp/impl/codegen/method_handler_impl.h	43	PRODUCTION_LIKE	-	} catch (...) {
progress/R32/tables/impact_locations.tsv:13114:llvm-22.1.8-18.1.src.rpm	llvm	PHASE2	UNIQUE_SOURCE_NAME	catch_all	unpacked/mlgo_arm_model.tar.gz/mlgo_sysroot/include/external/pybind11/_virtual_includes/pybind11/pybind11/detail/internals.h	402	PRODUCTION_LIKE	-	} catch (...) {
progress/R32/tables/impact_locations.tsv:13115:llvm-22.1.8-18.1.src.rpm	llvm	PHASE2	UNIQUE_SOURCE_NAME	catch_all	unpacked/mlgo_arm_model.tar.gz/mlgo_sysroot/include/external/pybind11/_virtual_includes/pybind11/pybind11/pybind11.h	66	PRODUCTION_LIKE	-	} catch (...) {
progress/R32/tables/impact_locations.tsv:13116:llvm-22.1.8-18.1.src.rpm	llvm	PHASE2	UNIQUE_SOURCE_NAME	catch_all	unpacked/mlgo_arm_model.tar.gz/mlgo_sysroot/include/external/pybind11/_virtual_includes/pybind11/pybind11/pybind11.h	992	PRODUCTION_LIKE	-	} catch (...) {
progress/R32/tables/impact_locations.tsv:13117:llvm-22.1.8-18.1.src.rpm	llvm	PHASE2	UNIQUE_SOURCE_NAME	catch_all	unpacked/mlgo_arm_model.tar.gz/mlgo_sysroot/include/external/pybind11/include/pybind11/detail/internals.h	402	PRODUCTION_LIKE	-	} catch (...) {
progress/R32/tables/impact_locations.tsv:13118:llvm-22.1.8-18.1.src.rpm	llvm	PHASE2	UNIQUE_SOURCE_NAME	catch_all	unpacked/mlgo_arm_model.tar.gz/mlgo_sysroot/include/external/pybind11/include/pybind11/pybind11.h	66	PRODUCTION_LIKE	-	} catch (...) {
progress/R32/tables/impact_locations.tsv:13119:llvm-22.1.8-18.1.src.rpm	llvm	PHASE2	UNIQUE_SOURCE_NAME	catch_all	unpacked/mlgo_arm_model.tar.gz/mlgo_sysroot/include/external/pybind11/include/pybind11/pybind11.h	992	PRODUCTION_LIKE	-	} catch (...) {
progress/R32/tables/impact_locations.tsv:13120:llvm-22.1.8-18.1.src.rpm	llvm	PHASE2	UNIQUE_SOURCE_NAME	catch_all	unpacked/mlgo_arm_model.tar.gz/mlgo_sysroot/include/third_party/gpus/cuda/include/thrust/detail/allocator/no_throw_allocator.h	53	PRODUCTION_LIKE	-	catch(...)
progress/R32/tables/impact_locations.tsv:13121:llvm-22.1.8-18.1.src.rpm	llvm	PHASE2	UNIQUE_SOURCE_NAME	catch_all	unpacked/mlgo_arm_model.tar.gz/mlgo_sysroot/include/third_party/gpus/cuda/include/thrust/detail/memory_algorithms.h	125	PRODUCTION_LIKE	-	} catch (...) {
progress/R32/tables/impact_locations.tsv:13122:llvm-22.1.8-18.1.src.rpm	llvm	PHASE2	UNIQUE_SOURCE_NAME	catch_all	unpacked/mlgo_arm_model.tar.gz/mlgo_sysroot/include/third_party/gpus/cuda/include/thrust/detail/memory_algorithms.h	160	PRODUCTION_LIKE	-	} catch (...) {
progress/R32/tables/impact_locations.tsv:13123:llvm-22.1.8-18.1.src.rpm	llvm	PHASE2	UNIQUE_SOURCE_NAME	catch_all	unpacked/mlgo_arm_model.tar.gz/mlgo_sysroot/include/third_party/gpus/cuda/include/thrust/detail/memory_algorithms.h	188	PRODUCTION_LIKE	-	} catch (...) {
progress/R32/tables/impact_locations.tsv:13124:llvm-22.1.8-18.1.src.rpm	llvm	PHASE2	UNIQUE_SOURCE_NAME	catch_all	unpacked/mlgo_arm_model.tar.gz/mlgo_sysroot/include/third_party/gpus/cuda/include/thrust/detail/memory_algorithms.h	223	PRODUCTION_LIKE	-	} catch (...) {
progress/R32/tables/impact_locations.tsv:13125:llvm-22.1.8-18.1.src.rpm	llvm	PHASE2	UNIQUE_SOURCE_NAME	catch_all	unpacked/mlgo_arm_model.tar.gz/mlgo_sysroot/include/third_party/gpus/cuda/include/thrust/detail/vector_base.inl	410	PRODUCTION_LIKE	-	catch(...)
progress/R32/tables/impact_locations.tsv:13126:llvm-22.1.8-18.1.src.rpm	llvm	PHASE2	UNIQUE_SOURCE_NAME	catch_all	unpacked/mlgo_arm_model.tar.gz/mlgo_sysroot/include/third_party/gpus/cuda/include/thrust/detail/vector_base.inl	898	PRODUCTION_LIKE	-	catch(...)
progress/R32/tables/impact_locations.tsv:13127:llvm-22.1.8-18.1.src.rpm	llvm	PHASE2	UNIQUE_SOURCE_NAME	catch_all	unpacked/mlgo_arm_model.tar.gz/mlgo_sysroot/include/third_party/gpus/cuda/include/thrust/detail/vector_base.inl	962	PRODUCTION_LIKE	-	catch(...)
progress/R32/tables/impact_locations.tsv:13128:llvm-22.1.8-18.1.src.rpm	llvm	PHASE2	UNIQUE_SOURCE_NAME	catch_all	unpacked/mlgo_arm_model.tar.gz/mlgo_sysroot/include/third_party/gpus/cuda/include/thrust/detail/vector_base.inl	1067	PRODUCTION_LIKE	-	catch(...)
progress/R32/tables/impact_locations.tsv:13129:llvm-22.1.8-18.1.src.rpm	llvm	PHASE2	UNIQUE_SOURCE_NAME	catch_all	unpacked/mlgo_arm_model.tar.gz/mlgo_sysroot/include/third_party/gpus/cuda/include/thrust/detail/vector_base.inl	1243	PRODUCTION_LIKE	-	catch(...)
progress/R32/tables/impact_locations.tsv:13130:llvm-22.1.8-18.1.src.rpm	llvm	PHASE2	UNIQUE_SOURCE_NAME	catch_all	unpacked/mlgo_arm_model.tar.gz/mlgo_sysroot/include/third_party/gpus/cuda/include/thrust/system/detail/system_error.inl	99	PRODUCTION_LIKE	-	catch(...)
progress/R32/tables/impact_locations.tsv:13131:llvm-22.1.8-18.1.src.rpm	llvm	PHASE2	UNIQUE_SOURCE_NAME	catch_all	unpacked/mlgo_x86_model.tar.gz/mlgo_sysroot/include/absl/base/macros.h	133	PRODUCTION_LIKE	ABSL_INTERNAL_CATCH_ANY	#define ABSL_INTERNAL_CATCH_ANY catch (...)
progress/R32/tables/impact_locations.tsv:13132:llvm-22.1.8-18.1.src.rpm	llvm	PHASE2	UNIQUE_SOURCE_NAME	catch_all	unpacked/mlgo_x86_model.tar.gz/mlgo_sysroot/include/external/com_github_grpc_grpc/include/grpcpp/impl/codegen/callback_common.h	42	PRODUCTION_LIKE	-	} catch (...) {
progress/R32/tables/impact_locations.tsv:13133:llvm-22.1.8-18.1.src.rpm	llvm	PHASE2	UNIQUE_SOURCE_NAME	catch_all	unpacked/mlgo_x86_model.tar.gz/mlgo_sysroot/include/external/com_github_grpc_grpc/include/grpcpp/impl/codegen/callback_common.h	55	PRODUCTION_LIKE	-	} catch (...) {
progress/R32/tables/impact_locations.tsv:13134:llvm-22.1.8-18.1.src.rpm	llvm	PHASE2	UNIQUE_SOURCE_NAME	catch_all	unpacked/mlgo_x86_model.tar.gz/mlgo_sysroot/include/external/com_github_grpc_grpc/include/grpcpp/impl/codegen/method_handler_impl.h	43	PRODUCTION_LIKE	-	} catch (...) {
progress/R32/tables/impact_locations.tsv:13135:llvm-22.1.8-18.1.src.rpm	llvm	PHASE2	UNIQUE_SOURCE_NAME	catch_all	unpacked/mlgo_x86_model.tar.gz/mlgo_sysroot/include/external/pybind11/_virtual_includes/pybind11/pybind11/detail/internals.h	402	PRODUCTION_LIKE	-	} catch (...) {
progress/R32/tables/impact_locations.tsv:13136:llvm-22.1.8-18.1.src.rpm	llvm	PHASE2	UNIQUE_SOURCE_NAME	catch_all	unpacked/mlgo_x86_model.tar.gz/mlgo_sysroot/include/external/pybind11/_virtual_includes/pybind11/pybind11/pybind11.h	66	PRODUCTION_LIKE	-	} catch (...) {
progress/R32/tables/impact_locations.tsv:13137:llvm-22.1.8-18.1.src.rpm	llvm	PHASE2	UNIQUE_SOURCE_NAME	catch_all	unpacked/mlgo_x86_model.tar.gz/mlgo_sysroot/include/external/pybind11/_virtual_includes/pybind11/pybind11/pybind11.h	992	PRODUCTION_LIKE	-	} catch (...) {
progress/R32/tables/impact_locations.tsv:13138:llvm-22.1.8-18.1.src.rpm	llvm	PHASE2	UNIQUE_SOURCE_NAME	catch_all	unpacked/mlgo_x86_model.tar.gz/mlgo_sysroot/include/external/pybind11/include/pybind11/detail/internals.h	402	PRODUCTION_LIKE	-	} catch (...) {
progress/R32/tables/impact_locations.tsv:13139:llvm-22.1.8-18.1.src.rpm	llvm	PHASE2	UNIQUE_SOURCE_NAME	catch_all	unpacked/mlgo_x86_model.tar.gz/mlgo_sysroot/include/external/pybind11/include/pybind11/pybind11.h	66	PRODUCTION_LIKE	-	} catch (...) {
progress/R32/tables/impact_locations.tsv:13140:llvm-22.1.8-18.1.src.rpm	llvm	PHASE2	UNIQUE_SOURCE_NAME	catch_all	unpacked/mlgo_x86_model.tar.gz/mlgo_sysroot/include/external/pybind11/include/pybind11/pybind11.h	992	PRODUCTION_LIKE	-	} catch (...) {
progress/R32/tables/impact_locations.tsv:13141:llvm-22.1.8-18.1.src.rpm	llvm	PHASE2	UNIQUE_SOURCE_NAME	catch_all	unpacked/mlgo_x86_model.tar.gz/mlgo_sysroot/include/third_party/gpus/cuda/include/thrust/detail/allocator/no_throw_allocator.h	53	PRODUCTION_LIKE	-	catch(...)
progress/R32/tables/impact_locations.tsv:13142:llvm-22.1.8-18.1.src.rpm	llvm	PHASE2	UNIQUE_SOURCE_NAME	catch_all	unpacked/mlgo_x86_model.tar.gz/mlgo_sysroot/include/third_party/gpus/cuda/include/thrust/detail/memory_algorithms.h	125	PRODUCTION_LIKE	-	} catch (...) {
progress/R32/tables/impact_locations.tsv:13143:llvm-22.1.8-18.1.src.rpm	llvm	PHASE2	UNIQUE_SOURCE_NAME	catch_all	unpacked/mlgo_x86_model.tar.gz/mlgo_sysroot/include/third_party/gpus/cuda/include/thrust/detail/memory_algorithms.h	160	PRODUCTION_LIKE	-	} catch (...) {
progress/R32/tables/impact_locations.tsv:13144:llvm-22.1.8-18.1.src.rpm	llvm	PHASE2	UNIQUE_SOURCE_NAME	catch_all	unpacked/mlgo_x86_model.tar.gz/mlgo_sysroot/include/third_party/gpus/cuda/include/thrust/detail/memory_algorithms.h	188	PRODUCTION_LIKE	-	} catch (...) {
progress/R32/tables/impact_locations.tsv:13145:llvm-22.1.8-18.1.src.rpm	llvm	PHASE2	UNIQUE_SOURCE_NAME	catch_all	unpacked/mlgo_x86_model.tar.gz/mlgo_sysroot/include/third_party/gpus/cuda/include/thrust/detail/memory_algorithms.h	223	PRODUCTION_LIKE	-	} catch (...) {
progress/R32/tables/impact_locations.tsv:13146:llvm-22.1.8-18.1.src.rpm	llvm	PHASE2	UNIQUE_SOURCE_NAME	catch_all	unpacked/mlgo_x86_model.tar.gz/mlgo_sysroot/include/third_party/gpus/cuda/include/thrust/detail/vector_base.inl	410	PRODUCTION_LIKE	-	catch(...)
progress/R32/tables/impact_locations.tsv:13147:llvm-22.1.8-18.1.src.rpm	llvm	PHASE2	UNIQUE_SOURCE_NAME	catch_all	unpacked/mlgo_x86_model.tar.gz/mlgo_sysroot/include/third_party/gpus/cuda/include/thrust/detail/vector_base.inl	898	PRODUCTION_LIKE	-	catch(...)
progress/R32/tables/impact_locations.tsv:13148:llvm-22.1.8-18.1.src.rpm	llvm	PHASE2	UNIQUE_SOURCE_NAME	catch_all	unpacked/mlgo_x86_model.tar.gz/mlgo_sysroot/include/third_party/gpus/cuda/include/thrust/detail/vector_base.inl	962	PRODUCTION_LIKE	-	catch(...)
progress/R32/tables/impact_locations.tsv:13149:llvm-22.1.8-18.1.src.rpm	llvm	PHASE2	UNIQUE_SOURCE_NAME	catch_all	unpacked/mlgo_x86_model.tar.gz/mlgo_sysroot/include/third_party/gpus/cuda/include/thrust/detail/vector_base.inl	1067	PRODUCTION_LIKE	-	catch(...)
progress/R32/tables/impact_locations.tsv:13150:llvm-22.1.8-18.1.src.rpm	llvm	PHASE2	UNIQUE_SOURCE_NAME	catch_all	unpacked/mlgo_x86_model.tar.gz/mlgo_sysroot/include/third_party/gpus/cuda/include/thrust/detail/vector_base.inl	1243	PRODUCTION_LIKE	-	catch(...)
progress/R32/tables/impact_locations.tsv:13151:llvm-22.1.8-18.1.src.rpm	llvm	PHASE2	UNIQUE_SOURCE_NAME	catch_all	unpacked/mlgo_x86_model.tar.gz/mlgo_sysroot/include/third_party/gpus/cuda/include/thrust/system/detail/system_error.inl	99	PRODUCTION_LIKE	-	catch(...)
progress/R32/tables/impact_locations.tsv:13152:llvm-22.1.8-18.1.src.rpm	llvm	PHASE2	UNIQUE_SOURCE_NAME	forced_unwind	unpacked/mlgo_aarch_model.tar.gz/mlgo_sysroot/include/external/pybind11/_virtual_includes/pybind11/pybind11/pybind11.h	989	PRODUCTION_LIKE	-	} catch (abi::__forced_unwind &) {
progress/R32/tables/impact_locations.tsv:13153:llvm-22.1.8-18.1.src.rpm	llvm	PHASE2	UNIQUE_SOURCE_NAME	forced_unwind	unpacked/mlgo_aarch_model.tar.gz/mlgo_sysroot/include/external/pybind11/include/pybind11/pybind11.h	989	PRODUCTION_LIKE	-	} catch (abi::__forced_unwind &) {
progress/R32/tables/impact_locations.tsv:13154:llvm-22.1.8-18.1.src.rpm	llvm	PHASE2	UNIQUE_SOURCE_NAME	forced_unwind	unpacked/mlgo_arm_model.tar.gz/mlgo_sysroot/include/external/pybind11/_virtual_includes/pybind11/pybind11/pybind11.h	989	PRODUCTION_LIKE	-	} catch (abi::__forced_unwind &) {
progress/R32/tables/impact_locations.tsv:13155:llvm-22.1.8-18.1.src.rpm	llvm	PHASE2	UNIQUE_SOURCE_NAME	forced_unwind	unpacked/mlgo_arm_model.tar.gz/mlgo_sysroot/include/external/pybind11/include/pybind11/pybind11.h	989	PRODUCTION_LIKE	-	} catch (abi::__forced_unwind &) {
progress/R32/tables/impact_locations.tsv:13156:llvm-22.1.8-18.1.src.rpm	llvm	PHASE2	UNIQUE_SOURCE_NAME	forced_unwind	unpacked/mlgo_x86_model.tar.gz/mlgo_sysroot/include/external/pybind11/_virtual_includes/pybind11/pybind11/pybind11.h	989	PRODUCTION_LIKE	-	} catch (abi::__forced_unwind &) {
progress/R32/tables/impact_locations.tsv:13157:llvm-22.1.8-18.1.src.rpm	llvm	PHASE2	UNIQUE_SOURCE_NAME	forced_unwind	unpacked/mlgo_x86_model.tar.gz/mlgo_sysroot/include/external/pybind11/include/pybind11/pybind11.h	989	PRODUCTION_LIKE	-	} catch (abi::__forced_unwind &) {
progress/R32/tables/impact_locations.tsv:13174:llvm-22.1.8-18.1.src.rpm	llvm	PHASE2	UNIQUE_SOURCE_NAME	pthread_cancel	unpacked/mlgo_aarch_model.tar.gz/mlgo_sysroot/include/Eigen/src/ThreadPool/ThreadCancel.h	16	PRODUCTION_LIKE	-	pthread_cancel(t.native_handle());
progress/R32/tables/impact_locations.tsv:13175:llvm-22.1.8-18.1.src.rpm	llvm	PHASE2	UNIQUE_SOURCE_NAME	pthread_cancel	unpacked/mlgo_arm_model.tar.gz/mlgo_sysroot/include/Eigen/src/ThreadPool/ThreadCancel.h	16	PRODUCTION_LIKE	-	pthread_cancel(t.native_handle());
progress/R32/tables/impact_locations.tsv:13176:llvm-22.1.8-18.1.src.rpm	llvm	PHASE2	UNIQUE_SOURCE_NAME	pthread_cancel	unpacked/mlgo_x86_model.tar.gz/mlgo_sysroot/include/Eigen/src/ThreadPool/ThreadCancel.h	16	PRODUCTION_LIKE	-	pthread_cancel(t.native_handle());
progress/R32/tables/impact_locations.tsv:13918:llvm-22.1.8-18.1.src.rpm	llvm	PHASE2	UNIQUE_SOURCE_NAME	pthread_create	unpacked/mlgo_aarch_model.tar.gz/mlgo_sysroot/include/external/gemmlowp/internal/multi_thread_gemm.h	236	PRODUCTION_LIKE	-	pthread_create(&thread_, nullptr, ThreadFunc, this);
progress/R32/tables/impact_locations.tsv:13919:llvm-22.1.8-18.1.src.rpm	llvm	PHASE2	UNIQUE_SOURCE_NAME	pthread_create	unpacked/mlgo_aarch_model.tar.gz/mlgo_sysroot/include/external/gemmlowp/profiling/profiler.h	354	PRODUCTION_LIKE	-	pthread_create(&ProfilerThread(), nullptr, ProfilerThreadFunc, nullptr);
progress/R32/tables/impact_locations.tsv:13920:llvm-22.1.8-18.1.src.rpm	llvm	PHASE2	UNIQUE_SOURCE_NAME	pthread_create	unpacked/mlgo_aarch_model.tar.gz/mlgo_sysroot/include/external/gemmlowp/profiling/pthread_everywhere.h	48	PRODUCTION_LIKE	-	inline void pthread_create(pthread_t *thread, std::nullptr_t,
progress/R32/tables/impact_locations.tsv:13921:llvm-22.1.8-18.1.src.rpm	llvm	PHASE2	UNIQUE_SOURCE_NAME	pthread_create	unpacked/mlgo_aarch_model.tar.gz/mlgo_sysroot/include/external/local_config_python/python_include/cpython/pthread_stubs.h	15	PRODUCTION_LIKE	-	* - pthread_create() fails.
progress/R32/tables/impact_locations.tsv:13922:llvm-22.1.8-18.1.src.rpm	llvm	PHASE2	UNIQUE_SOURCE_NAME	pthread_create	unpacked/mlgo_aarch_model.tar.gz/mlgo_sysroot/include/external/local_config_python/python_include/cpython/pthread_stubs.h	65	PRODUCTION_LIKE	-	PyAPI_FUNC(int) pthread_create(pthread_t *restrict thread,
progress/R32/tables/impact_locations.tsv:13923:llvm-22.1.8-18.1.src.rpm	llvm	PHASE2	UNIQUE_SOURCE_NAME	pthread_create	unpacked/mlgo_aarch_model.tar.gz/mlgo_sysroot/include/external/onednn/src/common/stack_checker.hpp	192	PRODUCTION_LIKE	-	res = pthread_create(
progress/R32/tables/impact_locations.tsv:13924:llvm-22.1.8-18.1.src.rpm	llvm	PHASE2	UNIQUE_SOURCE_NAME	pthread_create	unpacked/mlgo_arm_model.tar.gz/mlgo_sysroot/include/external/gemmlowp/internal/multi_thread_gemm.h	236	PRODUCTION_LIKE	-	pthread_create(&thread_, nullptr, ThreadFunc, this);
progress/R32/tables/impact_locations.tsv:13925:llvm-22.1.8-18.1.src.rpm	llvm	PHASE2	UNIQUE_SOURCE_NAME	pthread_create	unpacked/mlgo_arm_model.tar.gz/mlgo_sysroot/include/external/gemmlowp/profiling/profiler.h	354	PRODUCTION_LIKE	-	pthread_create(&ProfilerThread(), nullptr, ProfilerThreadFunc, nullptr);
progress/R32/tables/impact_locations.tsv:13926:llvm-22.1.8-18.1.src.rpm	llvm	PHASE2	UNIQUE_SOURCE_NAME	pthread_create	unpacked/mlgo_arm_model.tar.gz/mlgo_sysroot/include/external/gemmlowp/profiling/pthread_everywhere.h	48	PRODUCTION_LIKE	-	inline void pthread_create(pthread_t *thread, std::nullptr_t,
progress/R32/tables/impact_locations.tsv:13927:llvm-22.1.8-18.1.src.rpm	llvm	PHASE2	UNIQUE_SOURCE_NAME	pthread_create	unpacked/mlgo_arm_model.tar.gz/mlgo_sysroot/include/external/local_config_python/python_include/cpython/pthread_stubs.h	15	PRODUCTION_LIKE	-	* - pthread_create() fails.
progress/R32/tables/impact_locations.tsv:13928:llvm-22.1.8-18.1.src.rpm	llvm	PHASE2	UNIQUE_SOURCE_NAME	pthread_create	unpacked/mlgo_arm_model.tar.gz/mlgo_sysroot/include/external/local_config_python/python_include/cpython/pthread_stubs.h	65	PRODUCTION_LIKE	-	PyAPI_FUNC(int) pthread_create(pthread_t *restrict thread,
progress/R32/tables/impact_locations.tsv:13929:llvm-22.1.8-18.1.src.rpm	llvm	PHASE2	UNIQUE_SOURCE_NAME	pthread_create	unpacked/mlgo_arm_model.tar.gz/mlgo_sysroot/include/external/onednn/src/common/stack_checker.hpp	192	PRODUCTION_LIKE	-	res = pthread_create(
progress/R32/tables/impact_locations.tsv:13930:llvm-22.1.8-18.1.src.rpm	llvm	PHASE2	UNIQUE_SOURCE_NAME	pthread_create	unpacked/mlgo_x86_model.tar.gz/mlgo_sysroot/include/external/gemmlowp/internal/multi_thread_gemm.h	236	PRODUCTION_LIKE	-	pthread_create(&thread_, nullptr, ThreadFunc, this);
progress/R32/tables/impact_locations.tsv:13931:llvm-22.1.8-18.1.src.rpm	llvm	PHASE2	UNIQUE_SOURCE_NAME	pthread_create	unpacked/mlgo_x86_model.tar.gz/mlgo_sysroot/include/external/gemmlowp/profiling/profiler.h	354	PRODUCTION_LIKE	-	pthread_create(&ProfilerThread(), nullptr, ProfilerThreadFunc, nullptr);
progress/R32/tables/impact_locations.tsv:13932:llvm-22.1.8-18.1.src.rpm	llvm	PHASE2	UNIQUE_SOURCE_NAME	pthread_create	unpacked/mlgo_x86_model.tar.gz/mlgo_sysroot/include/external/gemmlowp/profiling/pthread_everywhere.h	48	PRODUCTION_LIKE	-	inline void pthread_create(pthread_t *thread, std::nullptr_t,
progress/R32/tables/impact_locations.tsv:13933:llvm-22.1.8-18.1.src.rpm	llvm	PHASE2	UNIQUE_SOURCE_NAME	pthread_create	unpacked/mlgo_x86_model.tar.gz/mlgo_sysroot/include/external/local_config_python/python_include/cpython/pthread_stubs.h	15	PRODUCTION_LIKE	-	* - pthread_create() fails.
progress/R32/tables/impact_locations.tsv:13934:llvm-22.1.8-18.1.src.rpm	llvm	PHASE2	UNIQUE_SOURCE_NAME	pthread_create	unpacked/mlgo_x86_model.tar.gz/mlgo_sysroot/include/external/local_config_python/python_include/cpython/pthread_stubs.h	65	PRODUCTION_LIKE	-	PyAPI_FUNC(int) pthread_create(pthread_t *restrict thread,
progress/R32/tables/impact_locations.tsv:13935:llvm-22.1.8-18.1.src.rpm	llvm	PHASE2	UNIQUE_SOURCE_NAME	pthread_create	unpacked/mlgo_x86_model.tar.gz/mlgo_sysroot/include/external/onednn/src/common/stack_checker.hpp	192	PRODUCTION_LIKE	-	res = pthread_create(
progress/R32/tables/impact_locations.tsv:14666:llvm-22.1.8-18.1.src.rpm	llvm	PHASE2	UNIQUE_SOURCE_NAME	std::thread	unpacked/mlgo_aarch_model.tar.gz/mlgo_sysroot/include/Eigen/src/ThreadPool/NonBlockingThreadPool.h	455	PRODUCTION_LIKE	-	return std::hash<std::thread::id>()(std::this_thread::get_id());
progress/R32/tables/impact_locations.tsv:14667:llvm-22.1.8-18.1.src.rpm	llvm	PHASE2	UNIQUE_SOURCE_NAME	std::thread	unpacked/mlgo_aarch_model.tar.gz/mlgo_sysroot/include/Eigen/src/ThreadPool/ThreadEnvironment.h	32	PRODUCTION_LIKE	-	std::thread thr_;
progress/R32/tables/impact_locations.tsv:14668:llvm-22.1.8-18.1.src.rpm	llvm	PHASE2	UNIQUE_SOURCE_NAME	std::thread	unpacked/mlgo_aarch_model.tar.gz/mlgo_sysroot/include/Eigen/src/ThreadPool/ThreadLocal.h	142	PRODUCTION_LIKE	-	std::thread::id this_thread = std::this_thread::get_id();
progress/R32/tables/impact_locations.tsv:14669:llvm-22.1.8-18.1.src.rpm	llvm	PHASE2	UNIQUE_SOURCE_NAME	std::thread	unpacked/mlgo_aarch_model.tar.gz/mlgo_sysroot/include/Eigen/src/ThreadPool/ThreadLocal.h	145	PRODUCTION_LIKE	-	std::size_t h = std::hash<std::thread::id>()(this_thread);
progress/R32/tables/impact_locations.tsv:14670:llvm-22.1.8-18.1.src.rpm	llvm	PHASE2	UNIQUE_SOURCE_NAME	std::thread	unpacked/mlgo_aarch_model.tar.gz/mlgo_sysroot/include/Eigen/src/ThreadPool/ThreadLocal.h	215	PRODUCTION_LIKE	-	void ForEach(std::function<void(std::thread::id, T&)> f) {
progress/R32/tables/impact_locations.tsv:14671:llvm-22.1.8-18.1.src.rpm	llvm	PHASE2	UNIQUE_SOURCE_NAME	std::thread	unpacked/mlgo_aarch_model.tar.gz/mlgo_sysroot/include/Eigen/src/ThreadPool/ThreadLocal.h	256	PRODUCTION_LIKE	-	std::thread::id thread_id;
progress/R32/tables/impact_locations.tsv:14672:llvm-22.1.8-18.1.src.rpm	llvm	PHASE2	UNIQUE_SOURCE_NAME	std::thread	unpacked/mlgo_aarch_model.tar.gz/mlgo_sysroot/include/Eigen/src/ThreadPool/ThreadLocal.h	261	PRODUCTION_LIKE	-	T& SpilledLocal(std::thread::id this_thread) {
progress/R32/tables/impact_locations.tsv:14673:llvm-22.1.8-18.1.src.rpm	llvm	PHASE2	UNIQUE_SOURCE_NAME	std::thread	unpacked/mlgo_aarch_model.tar.gz/mlgo_sysroot/include/Eigen/src/ThreadPool/ThreadLocal.h	294	PRODUCTION_LIKE	-	std::unordered_map<std::thread::id, T> per_thread_map_;
progress/R32/tables/impact_locations.tsv:14674:llvm-22.1.8-18.1.src.rpm	llvm	PHASE2	UNIQUE_SOURCE_NAME	std::thread	unpacked/mlgo_aarch_model.tar.gz/mlgo_sysroot/include/external/gemmlowp/profiling/pthread_everywhere.h	45	PRODUCTION_LIKE	-	using pthread_t = std::thread *;
progress/R32/tables/impact_locations.tsv:14675:llvm-22.1.8-18.1.src.rpm	llvm	PHASE2	UNIQUE_SOURCE_NAME	std::thread	unpacked/mlgo_aarch_model.tar.gz/mlgo_sysroot/include/external/gemmlowp/profiling/pthread_everywhere.h	50	PRODUCTION_LIKE	-	*thread = new std::thread(start_routine, arg);
progress/R32/tables/impact_locations.tsv:14676:llvm-22.1.8-18.1.src.rpm	llvm	PHASE2	UNIQUE_SOURCE_NAME	std::thread	unpacked/mlgo_aarch_model.tar.gz/mlgo_sysroot/include/external/onednn/src/common/kernel_cache.hpp	60	PRODUCTION_LIKE	-	const std::thread::id &thread_id() const { return thread_id_; }
progress/R32/tables/impact_locations.tsv:14677:llvm-22.1.8-18.1.src.rpm	llvm	PHASE2	UNIQUE_SOURCE_NAME	std::thread	unpacked/mlgo_aarch_model.tar.gz/mlgo_sysroot/include/external/onednn/src/common/kernel_cache.hpp	70	PRODUCTION_LIKE	-	std::thread::id thread_id_;
progress/R32/tables/impact_locations.tsv:14678:llvm-22.1.8-18.1.src.rpm	llvm	PHASE2	UNIQUE_SOURCE_NAME	std::thread	unpacked/mlgo_aarch_model.tar.gz/mlgo_sysroot/include/external/onednn/src/common/primitive_hashing.hpp	44	PRODUCTION_LIKE	-	const std::thread::id &thread_id() const { return thread_id_; }
progress/R32/tables/impact_locations.tsv:14679:llvm-22.1.8-18.1.src.rpm	llvm	PHASE2	UNIQUE_SOURCE_NAME	std::thread	unpacked/mlgo_aarch_model.tar.gz/mlgo_sysroot/include/external/onednn/src/common/primitive_hashing.hpp	71	PRODUCTION_LIKE	-	std::thread::id thread_id_;
progress/R32/tables/impact_locations.tsv:14680:llvm-22.1.8-18.1.src.rpm	llvm	PHASE2	UNIQUE_SOURCE_NAME	std::thread	unpacked/mlgo_aarch_model.tar.gz/mlgo_sysroot/include/external/onednn/src/common/thread_local_storage.hpp	69	PRODUCTION_LIKE	-	std::unordered_map<std::thread::id, T> storage_;
progress/R32/tables/impact_locations.tsv:14681:llvm-22.1.8-18.1.src.rpm	llvm	PHASE2	UNIQUE_SOURCE_NAME	std::thread	unpacked/mlgo_aarch_model.tar.gz/mlgo_sysroot/include/external/tf_runtime/include/tfrt/host_context/timer_queue.h	96	PRODUCTION_LIKE	-	std::thread timer_thread_;
progress/R32/tables/impact_locations.tsv:14682:llvm-22.1.8-18.1.src.rpm	llvm	PHASE2	UNIQUE_SOURCE_NAME	std::thread	unpacked/mlgo_aarch_model.tar.gz/mlgo_sysroot/include/external/tf_runtime/include/tfrt/support/thread_environment.h	20	PRODUCTION_LIKE	-	// Uses std::thread implementation.
progress/R32/tables/impact_locations.tsv:14683:llvm-22.1.8-18.1.src.rpm	llvm	PHASE2	UNIQUE_SOURCE_NAME	std::thread	unpacked/mlgo_aarch_model.tar.gz/mlgo_sysroot/include/external/tf_runtime/include/tfrt/support/thread_environment.h	34	PRODUCTION_LIKE	-	explicit StdThread(std::thread thread) : thread_(std::move(thread)) {}
progress/R32/tables/impact_locations.tsv:14684:llvm-22.1.8-18.1.src.rpm	llvm	PHASE2	UNIQUE_SOURCE_NAME	std::thread	unpacked/mlgo_aarch_model.tar.gz/mlgo_sysroot/include/external/tf_runtime/include/tfrt/support/thread_environment.h	38	PRODUCTION_LIKE	-	std::thread thread_;
progress/R32/tables/impact_locations.tsv:14685:llvm-22.1.8-18.1.src.rpm	llvm	PHASE2	UNIQUE_SOURCE_NAME	std::thread	unpacked/mlgo_aarch_model.tar.gz/mlgo_sysroot/include/external/tf_runtime/include/tfrt/support/thread_environment.h	48	PRODUCTION_LIKE	-	std::thread(std::forward<Function>(f), std::forward<Args>(args)...));
progress/R32/tables/impact_locations.tsv:14686:llvm-22.1.8-18.1.src.rpm	llvm	PHASE2	UNIQUE_SOURCE_NAME	std::thread	unpacked/mlgo_aarch_model.tar.gz/mlgo_sysroot/include/external/tf_runtime/include/tfrt/support/thread_environment.h	52	PRODUCTION_LIKE	-	return std::hash<std::thread::id>()(std::this_thread::get_id());
progress/R32/tables/impact_locations.tsv:14687:llvm-22.1.8-18.1.src.rpm	llvm	PHASE2	UNIQUE_SOURCE_NAME	std::thread	unpacked/mlgo_aarch_model.tar.gz/mlgo_sysroot/include/external/tf_runtime/include/tfrt/support/thread_local.h	48	PRODUCTION_LIKE	-	//   std::thread([&]() { T& value = container.Local(); }).join(); // thread #1
progress/R32/tables/impact_locations.tsv:14688:llvm-22.1.8-18.1.src.rpm	llvm	PHASE2	UNIQUE_SOURCE_NAME	std::thread	unpacked/mlgo_aarch_model.tar.gz/mlgo_sysroot/include/external/tf_runtime/include/tfrt/support/thread_local.h	49	PRODUCTION_LIKE	-	//   std::thread([&]() { T& value = container.Local(); }).join(); // thread #2
progress/R32/tables/impact_locations.tsv:14689:llvm-22.1.8-18.1.src.rpm	llvm	PHASE2	UNIQUE_SOURCE_NAME	std::thread	unpacked/mlgo_aarch_model.tar.gz/mlgo_sysroot/include/external/tf_runtime/include/tfrt/support/thread_local.h	104	PRODUCTION_LIKE	-	std::thread::id this_thread = std::this_thread::get_id();
progress/R32/tables/impact_locations.tsv:14690:llvm-22.1.8-18.1.src.rpm	llvm	PHASE2	UNIQUE_SOURCE_NAME	std::thread	unpacked/mlgo_aarch_model.tar.gz/mlgo_sysroot/include/external/tf_runtime/include/tfrt/support/thread_local.h	107	PRODUCTION_LIKE	-	size_t h = std::hash<std::thread::id>()(this_thread);
progress/R32/tables/impact_locations.tsv:14691:llvm-22.1.8-18.1.src.rpm	llvm	PHASE2	UNIQUE_SOURCE_NAME	std::thread	unpacked/mlgo_aarch_model.tar.gz/mlgo_sysroot/include/external/tf_runtime/include/tfrt/support/thread_local.h	177	PRODUCTION_LIKE	-	void ForEach(llvm::function_ref<void(std::thread::id, T&)> f) {
progress/R32/tables/impact_locations.tsv:14692:llvm-22.1.8-18.1.src.rpm	llvm	PHASE2	UNIQUE_SOURCE_NAME	std::thread	unpacked/mlgo_aarch_model.tar.gz/mlgo_sysroot/include/external/tf_runtime/include/tfrt/support/thread_local.h	198	PRODUCTION_LIKE	-	std::thread::id thread_id;
progress/R32/tables/impact_locations.tsv:14693:llvm-22.1.8-18.1.src.rpm	llvm	PHASE2	UNIQUE_SOURCE_NAME	std::thread	unpacked/mlgo_aarch_model.tar.gz/mlgo_sysroot/include/external/tf_runtime/include/tfrt/support/thread_local.h	203	PRODUCTION_LIKE	-	T& SpilledLocal(std::thread::id this_thread) {
progress/R32/tables/impact_locations.tsv:14694:llvm-22.1.8-18.1.src.rpm	llvm	PHASE2	UNIQUE_SOURCE_NAME	std::thread	unpacked/mlgo_aarch_model.tar.gz/mlgo_sysroot/include/external/tf_runtime/include/tfrt/support/thread_local.h	234	PRODUCTION_LIKE	-	std::unordered_map<std::thread::id, T> spilled_ TFRT_GUARDED_BY(mu_);
progress/R32/tables/impact_locations.tsv:14695:llvm-22.1.8-18.1.src.rpm	llvm	PHASE2	UNIQUE_SOURCE_NAME	std::thread	unpacked/mlgo_aarch_model.tar.gz/mlgo_sysroot/include/tensorflow/compiler/tf2tensorrt/utils/trt_lru_cache.h	203	PRODUCTION_LIKE	-	std::unique_ptr<std::thread> thr_;
progress/R32/tables/impact_locations.tsv:14696:llvm-22.1.8-18.1.src.rpm	llvm	PHASE2	UNIQUE_SOURCE_NAME	std::thread	unpacked/mlgo_aarch_model.tar.gz/mlgo_sysroot/include/tensorflow/core/common_runtime/eager/context.h	700	PRODUCTION_LIKE	-	std::unordered_map<std::thread::id, ContextDevicePlacementPolicy>
progress/R32/tables/impact_locations.tsv:14697:llvm-22.1.8-18.1.src.rpm	llvm	PHASE2	UNIQUE_SOURCE_NAME	std::thread	unpacked/mlgo_aarch_model.tar.gz/mlgo_sysroot/include/tensorflow/core/common_runtime/eager/context.h	779	PRODUCTION_LIKE	-	std::unordered_map<std::thread::id, EagerExecutor*> thread_local_executor_
progress/R32/tables/impact_locations.tsv:14698:llvm-22.1.8-18.1.src.rpm	llvm	PHASE2	UNIQUE_SOURCE_NAME	std::thread	unpacked/mlgo_aarch_model.tar.gz/mlgo_sysroot/include/tensorflow/core/common_runtime/eager/context.h	781	PRODUCTION_LIKE	-	std::unordered_map<std::thread::id, absl::flat_hash_set<EagerExecutor*>>
progress/R32/tables/impact_locations.tsv:14699:llvm-22.1.8-18.1.src.rpm	llvm	PHASE2	UNIQUE_SOURCE_NAME	std::thread	unpacked/mlgo_aarch_model.tar.gz/mlgo_sysroot/include/tensorflow/core/kernels/batching_util/threadsafe_status.h	28	PRODUCTION_LIKE	-	//   std::thread threads[2];
progress/R32/tables/impact_locations.tsv:14700:llvm-22.1.8-18.1.src.rpm	llvm	PHASE2	UNIQUE_SOURCE_NAME	std::thread	unpacked/mlgo_aarch_model.tar.gz/mlgo_sysroot/include/tensorflow/core/kernels/batching_util/threadsafe_status.h	30	PRODUCTION_LIKE	-	//   threads[0] = std::thread([&]() {
progress/R32/tables/impact_locations.tsv:14701:llvm-22.1.8-18.1.src.rpm	llvm	PHASE2	UNIQUE_SOURCE_NAME	std::thread	unpacked/mlgo_aarch_model.tar.gz/mlgo_sysroot/include/tensorflow/core/kernels/batching_util/threadsafe_status.h	33	PRODUCTION_LIKE	-	//   threads[1] = std::thread([&]() {
progress/R32/tables/impact_locations.tsv:14702:llvm-22.1.8-18.1.src.rpm	llvm	PHASE2	UNIQUE_SOURCE_NAME	std::thread	unpacked/mlgo_aarch_model.tar.gz/mlgo_sysroot/include/tensorflow/core/util/incremental_barrier.h	43	PRODUCTION_LIKE	-	//     std::thread threads[2];
progress/R32/tables/impact_locations.tsv:14703:llvm-22.1.8-18.1.src.rpm	llvm	PHASE2	UNIQUE_SOURCE_NAME	std::thread	unpacked/mlgo_aarch_model.tar.gz/mlgo_sysroot/include/tensorflow/core/util/incremental_barrier.h	46	PRODUCTION_LIKE	-	//         threads[0] = std::thread(cb1(barrier.Inc());
progress/R32/tables/impact_locations.tsv:14704:llvm-22.1.8-18.1.src.rpm	llvm	PHASE2	UNIQUE_SOURCE_NAME	std::thread	unpacked/mlgo_aarch_model.tar.gz/mlgo_sysroot/include/tensorflow/core/util/incremental_barrier.h	47	PRODUCTION_LIKE	-	//         threads[1] = std::thread(cb2(barrier.Inc());
progress/R32/tables/impact_locations.tsv:14705:llvm-22.1.8-18.1.src.rpm	llvm	PHASE2	UNIQUE_SOURCE_NAME	std::thread	unpacked/mlgo_aarch_model.tar.gz/mlgo_sysroot/include/third_party/gpus/cuda/include/thrust/system/tbb/detail/reduce_by_key.inl	284	PRODUCTION_LIKE	-	const unsigned int p = thrust::max<unsigned int>(1u, std::thread::hardware_concurrency());
progress/R32/tables/impact_locations.tsv:14706:llvm-22.1.8-18.1.src.rpm	llvm	PHASE2	UNIQUE_SOURCE_NAME	std::thread	unpacked/mlgo_aarch_model.tar.gz/mlgo_sysroot/include/unsupported/Eigen/CXX11/src/Tensor/TensorContractionThreadPool.h	529	PRODUCTION_LIKE	-	std::thread::id created_by_thread_id_;
progress/R32/tables/impact_locations.tsv:14707:llvm-22.1.8-18.1.src.rpm	llvm	PHASE2	UNIQUE_SOURCE_NAME	std::thread	unpacked/mlgo_aarch_model.tar.gz/mlgo_sysroot/include/unsupported/Eigen/CXX11/src/Tensor/TensorDeviceSycl.h	112	PRODUCTION_LIKE	-	unsigned num_threads = std::thread::hardware_concurrency())
progress/R32/tables/impact_locations.tsv:14708:llvm-22.1.8-18.1.src.rpm	llvm	PHASE2	UNIQUE_SOURCE_NAME	std::thread	unpacked/mlgo_aarch_model.tar.gz/mlgo_sysroot/include/unsupported/Eigen/CXX11/src/Tensor/TensorDeviceSycl.h	120	PRODUCTION_LIKE	-	unsigned num_threads = std::thread::hardware_concurrency())
progress/R32/tables/impact_locations.tsv:14709:llvm-22.1.8-18.1.src.rpm	llvm	PHASE2	UNIQUE_SOURCE_NAME	std::thread	unpacked/mlgo_aarch_model.tar.gz/mlgo_sysroot/include/unsupported/Eigen/CXX11/src/Tensor/TensorDeviceSycl.h	130	PRODUCTION_LIKE	-	unsigned num_threads = std::thread::hardware_concurrency())
progress/R32/tables/impact_locations.tsv:14710:llvm-22.1.8-18.1.src.rpm	llvm	PHASE2	UNIQUE_SOURCE_NAME	std::thread	unpacked/mlgo_arm_model.tar.gz/mlgo_sysroot/include/Eigen/src/ThreadPool/NonBlockingThreadPool.h	455	PRODUCTION_LIKE	-	return std::hash<std::thread::id>()(std::this_thread::get_id());
progress/R32/tables/impact_locations.tsv:14711:llvm-22.1.8-18.1.src.rpm	llvm	PHASE2	UNIQUE_SOURCE_NAME	std::thread	unpacked/mlgo_arm_model.tar.gz/mlgo_sysroot/include/Eigen/src/ThreadPool/ThreadEnvironment.h	32	PRODUCTION_LIKE	-	std::thread thr_;
progress/R32/tables/impact_locations.tsv:14712:llvm-22.1.8-18.1.src.rpm	llvm	PHASE2	UNIQUE_SOURCE_NAME	std::thread	unpacked/mlgo_arm_model.tar.gz/mlgo_sysroot/include/Eigen/src/ThreadPool/ThreadLocal.h	142	PRODUCTION_LIKE	-	std::thread::id this_thread = std::this_thread::get_id();
progress/R32/tables/impact_locations.tsv:14713:llvm-22.1.8-18.1.src.rpm	llvm	PHASE2	UNIQUE_SOURCE_NAME	std::thread	unpacked/mlgo_arm_model.tar.gz/mlgo_sysroot/include/Eigen/src/ThreadPool/ThreadLocal.h	145	PRODUCTION_LIKE	-	std::size_t h = std::hash<std::thread::id>()(this_thread);
progress/R32/tables/impact_locations.tsv:14714:llvm-22.1.8-18.1.src.rpm	llvm	PHASE2	UNIQUE_SOURCE_NAME	std::thread	unpacked/mlgo_arm_model.tar.gz/mlgo_sysroot/include/Eigen/src/ThreadPool/ThreadLocal.h	215	PRODUCTION_LIKE	-	void ForEach(std::function<void(std::thread::id, T&)> f) {
progress/R32/tables/impact_locations.tsv:14715:llvm-22.1.8-18.1.src.rpm	llvm	PHASE2	UNIQUE_SOURCE_NAME	std::thread	unpacked/mlgo_arm_model.tar.gz/mlgo_sysroot/include/Eigen/src/ThreadPool/ThreadLocal.h	256	PRODUCTION_LIKE	-	std::thread::id thread_id;
progress/R32/tables/impact_locations.tsv:14716:llvm-22.1.8-18.1.src.rpm	llvm	PHASE2	UNIQUE_SOURCE_NAME	std::thread	unpacked/mlgo_arm_model.tar.gz/mlgo_sysroot/include/Eigen/src/ThreadPool/ThreadLocal.h	261	PRODUCTION_LIKE	-	T& SpilledLocal(std::thread::id this_thread) {
progress/R32/tables/impact_locations.tsv:14717:llvm-22.1.8-18.1.src.rpm	llvm	PHASE2	UNIQUE_SOURCE_NAME	std::thread	unpacked/mlgo_arm_model.tar.gz/mlgo_sysroot/include/Eigen/src/ThreadPool/ThreadLocal.h	294	PRODUCTION_LIKE	-	std::unordered_map<std::thread::id, T> per_thread_map_;
progress/R32/tables/impact_locations.tsv:14718:llvm-22.1.8-18.1.src.rpm	llvm	PHASE2	UNIQUE_SOURCE_NAME	std::thread	unpacked/mlgo_arm_model.tar.gz/mlgo_sysroot/include/external/gemmlowp/profiling/pthread_everywhere.h	45	PRODUCTION_LIKE	-	using pthread_t = std::thread *;
progress/R32/tables/impact_locations.tsv:14719:llvm-22.1.8-18.1.src.rpm	llvm	PHASE2	UNIQUE_SOURCE_NAME	std::thread	unpacked/mlgo_arm_model.tar.gz/mlgo_sysroot/include/external/gemmlowp/profiling/pthread_everywhere.h	50	PRODUCTION_LIKE	-	*thread = new std::thread(start_routine, arg);
progress/R32/tables/impact_locations.tsv:14720:llvm-22.1.8-18.1.src.rpm	llvm	PHASE2	UNIQUE_SOURCE_NAME	std::thread	unpacked/mlgo_arm_model.tar.gz/mlgo_sysroot/include/external/onednn/src/common/kernel_cache.hpp	60	PRODUCTION_LIKE	-	const std::thread::id &thread_id() const { return thread_id_; }
progress/R32/tables/impact_locations.tsv:14721:llvm-22.1.8-18.1.src.rpm	llvm	PHASE2	UNIQUE_SOURCE_NAME	std::thread	unpacked/mlgo_arm_model.tar.gz/mlgo_sysroot/include/external/onednn/src/common/kernel_cache.hpp	70	PRODUCTION_LIKE	-	std::thread::id thread_id_;
progress/R32/tables/impact_locations.tsv:14722:llvm-22.1.8-18.1.src.rpm	llvm	PHASE2	UNIQUE_SOURCE_NAME	std::thread	unpacked/mlgo_arm_model.tar.gz/mlgo_sysroot/include/external/onednn/src/common/primitive_hashing.hpp	44	PRODUCTION_LIKE	-	const std::thread::id &thread_id() const { return thread_id_; }
progress/R32/tables/impact_locations.tsv:14723:llvm-22.1.8-18.1.src.rpm	llvm	PHASE2	UNIQUE_SOURCE_NAME	std::thread	unpacked/mlgo_arm_model.tar.gz/mlgo_sysroot/include/external/onednn/src/common/primitive_hashing.hpp	71	PRODUCTION_LIKE	-	std::thread::id thread_id_;
progress/R32/tables/impact_locations.tsv:14724:llvm-22.1.8-18.1.src.rpm	llvm	PHASE2	UNIQUE_SOURCE_NAME	std::thread	unpacked/mlgo_arm_model.tar.gz/mlgo_sysroot/include/external/onednn/src/common/thread_local_storage.hpp	69	PRODUCTION_LIKE	-	std::unordered_map<std::thread::id, T> storage_;
progress/R32/tables/impact_locations.tsv:14725:llvm-22.1.8-18.1.src.rpm	llvm	PHASE2	UNIQUE_SOURCE_NAME	std::thread	unpacked/mlgo_arm_model.tar.gz/mlgo_sysroot/include/external/tf_runtime/include/tfrt/host_context/timer_queue.h	96	PRODUCTION_LIKE	-	std::thread timer_thread_;
progress/R32/tables/impact_locations.tsv:14726:llvm-22.1.8-18.1.src.rpm	llvm	PHASE2	UNIQUE_SOURCE_NAME	std::thread	unpacked/mlgo_arm_model.tar.gz/mlgo_sysroot/include/external/tf_runtime/include/tfrt/support/thread_environment.h	20	PRODUCTION_LIKE	-	// Uses std::thread implementation.
progress/R32/tables/impact_locations.tsv:14727:llvm-22.1.8-18.1.src.rpm	llvm	PHASE2	UNIQUE_SOURCE_NAME	std::thread	unpacked/mlgo_arm_model.tar.gz/mlgo_sysroot/include/external/tf_runtime/include/tfrt/support/thread_environment.h	34	PRODUCTION_LIKE	-	explicit StdThread(std::thread thread) : thread_(std::move(thread)) {}
progress/R32/tables/impact_locations.tsv:14728:llvm-22.1.8-18.1.src.rpm	llvm	PHASE2	UNIQUE_SOURCE_NAME	std::thread	unpacked/mlgo_arm_model.tar.gz/mlgo_sysroot/include/external/tf_runtime/include/tfrt/support/thread_environment.h	38	PRODUCTION_LIKE	-	std::thread thread_;
progress/R32/tables/impact_locations.tsv:14729:llvm-22.1.8-18.1.src.rpm	llvm	PHASE2	UNIQUE_SOURCE_NAME	std::thread	unpacked/mlgo_arm_model.tar.gz/mlgo_sysroot/include/external/tf_runtime/include/tfrt/support/thread_environment.h	48	PRODUCTION_LIKE	-	std::thread(std::forward<Function>(f), std::forward<Args>(args)...));
progress/R32/tables/impact_locations.tsv:14730:llvm-22.1.8-18.1.src.rpm	llvm	PHASE2	UNIQUE_SOURCE_NAME	std::thread	unpacked/mlgo_arm_model.tar.gz/mlgo_sysroot/include/external/tf_runtime/include/tfrt/support/thread_environment.h	52	PRODUCTION_LIKE	-	return std::hash<std::thread::id>()(std::this_thread::get_id());
progress/R32/tables/impact_locations.tsv:14731:llvm-22.1.8-18.1.src.rpm	llvm	PHASE2	UNIQUE_SOURCE_NAME	std::thread	unpacked/mlgo_arm_model.tar.gz/mlgo_sysroot/include/external/tf_runtime/include/tfrt/support/thread_local.h	48	PRODUCTION_LIKE	-	//   std::thread([&]() { T& value = container.Local(); }).join(); // thread #1
progress/R32/tables/impact_locations.tsv:14732:llvm-22.1.8-18.1.src.rpm	llvm	PHASE2	UNIQUE_SOURCE_NAME	std::thread	unpacked/mlgo_arm_model.tar.gz/mlgo_sysroot/include/external/tf_runtime/include/tfrt/support/thread_local.h	49	PRODUCTION_LIKE	-	//   std::thread([&]() { T& value = container.Local(); }).join(); // thread #2
progress/R32/tables/impact_locations.tsv:14733:llvm-22.1.8-18.1.src.rpm	llvm	PHASE2	UNIQUE_SOURCE_NAME	std::thread	unpacked/mlgo_arm_model.tar.gz/mlgo_sysroot/include/external/tf_runtime/include/tfrt/support/thread_local.h	104	PRODUCTION_LIKE	-	std::thread::id this_thread = std::this_thread::get_id();
progress/R32/tables/impact_locations.tsv:14734:llvm-22.1.8-18.1.src.rpm	llvm	PHASE2	UNIQUE_SOURCE_NAME	std::thread	unpacked/mlgo_arm_model.tar.gz/mlgo_sysroot/include/external/tf_runtime/include/tfrt/support/thread_local.h	107	PRODUCTION_LIKE	-	size_t h = std::hash<std::thread::id>()(this_thread);
progress/R32/tables/impact_locations.tsv:14735:llvm-22.1.8-18.1.src.rpm	llvm	PHASE2	UNIQUE_SOURCE_NAME	std::thread	unpacked/mlgo_arm_model.tar.gz/mlgo_sysroot/include/external/tf_runtime/include/tfrt/support/thread_local.h	177	PRODUCTION_LIKE	-	void ForEach(llvm::function_ref<void(std::thread::id, T&)> f) {
progress/R32/tables/impact_locations.tsv:14736:llvm-22.1.8-18.1.src.rpm	llvm	PHASE2	UNIQUE_SOURCE_NAME	std::thread	unpacked/mlgo_arm_model.tar.gz/mlgo_sysroot/include/external/tf_runtime/include/tfrt/support/thread_local.h	198	PRODUCTION_LIKE	-	std::thread::id thread_id;
progress/R32/tables/impact_locations.tsv:14737:llvm-22.1.8-18.1.src.rpm	llvm	PHASE2	UNIQUE_SOURCE_NAME	std::thread	unpacked/mlgo_arm_model.tar.gz/mlgo_sysroot/include/external/tf_runtime/include/tfrt/support/thread_local.h	203	PRODUCTION_LIKE	-	T& SpilledLocal(std::thread::id this_thread) {
progress/R32/tables/impact_locations.tsv:14738:llvm-22.1.8-18.1.src.rpm	llvm	PHASE2	UNIQUE_SOURCE_NAME	std::thread	unpacked/mlgo_arm_model.tar.gz/mlgo_sysroot/include/external/tf_runtime/include/tfrt/support/thread_local.h	234	PRODUCTION_LIKE	-	std::unordered_map<std::thread::id, T> spilled_ TFRT_GUARDED_BY(mu_);
progress/R32/tables/impact_locations.tsv:14739:llvm-22.1.8-18.1.src.rpm	llvm	PHASE2	UNIQUE_SOURCE_NAME	std::thread	unpacked/mlgo_arm_model.tar.gz/mlgo_sysroot/include/tensorflow/compiler/tf2tensorrt/utils/trt_lru_cache.h	203	PRODUCTION_LIKE	-	std::unique_ptr<std::thread> thr_;
progress/R32/tables/impact_locations.tsv:14740:llvm-22.1.8-18.1.src.rpm	llvm	PHASE2	UNIQUE_SOURCE_NAME	std::thread	unpacked/mlgo_arm_model.tar.gz/mlgo_sysroot/include/tensorflow/core/common_runtime/eager/context.h	700	PRODUCTION_LIKE	-	std::unordered_map<std::thread::id, ContextDevicePlacementPolicy>
progress/R32/tables/impact_locations.tsv:14741:llvm-22.1.8-18.1.src.rpm	llvm	PHASE2	UNIQUE_SOURCE_NAME	std::thread	unpacked/mlgo_arm_model.tar.gz/mlgo_sysroot/include/tensorflow/core/common_runtime/eager/context.h	779	PRODUCTION_LIKE	-	std::unordered_map<std::thread::id, EagerExecutor*> thread_local_executor_
progress/R32/tables/impact_locations.tsv:14742:llvm-22.1.8-18.1.src.rpm	llvm	PHASE2	UNIQUE_SOURCE_NAME	std::thread	unpacked/mlgo_arm_model.tar.gz/mlgo_sysroot/include/tensorflow/core/common_runtime/eager/context.h	781	PRODUCTION_LIKE	-	std::unordered_map<std::thread::id, absl::flat_hash_set<EagerExecutor*>>
progress/R32/tables/impact_locations.tsv:14743:llvm-22.1.8-18.1.src.rpm	llvm	PHASE2	UNIQUE_SOURCE_NAME	std::thread	unpacked/mlgo_arm_model.tar.gz/mlgo_sysroot/include/tensorflow/core/kernels/batching_util/threadsafe_status.h	28	PRODUCTION_LIKE	-	//   std::thread threads[2];
progress/R32/tables/impact_locations.tsv:14744:llvm-22.1.8-18.1.src.rpm	llvm	PHASE2	UNIQUE_SOURCE_NAME	std::thread	unpacked/mlgo_arm_model.tar.gz/mlgo_sysroot/include/tensorflow/core/kernels/batching_util/threadsafe_status.h	30	PRODUCTION_LIKE	-	//   threads[0] = std::thread([&]() {
progress/R32/tables/impact_locations.tsv:14745:llvm-22.1.8-18.1.src.rpm	llvm	PHASE2	UNIQUE_SOURCE_NAME	std::thread	unpacked/mlgo_arm_model.tar.gz/mlgo_sysroot/include/tensorflow/core/kernels/batching_util/threadsafe_status.h	33	PRODUCTION_LIKE	-	//   threads[1] = std::thread([&]() {
progress/R32/tables/impact_locations.tsv:14746:llvm-22.1.8-18.1.src.rpm	llvm	PHASE2	UNIQUE_SOURCE_NAME	std::thread	unpacked/mlgo_arm_model.tar.gz/mlgo_sysroot/include/tensorflow/core/util/incremental_barrier.h	43	PRODUCTION_LIKE	-	//     std::thread threads[2];
progress/R32/tables/impact_locations.tsv:14747:llvm-22.1.8-18.1.src.rpm	llvm	PHASE2	UNIQUE_SOURCE_NAME	std::thread	unpacked/mlgo_arm_model.tar.gz/mlgo_sysroot/include/tensorflow/core/util/incremental_barrier.h	46	PRODUCTION_LIKE	-	//         threads[0] = std::thread(cb1(barrier.Inc());
progress/R32/tables/impact_locations.tsv:14748:llvm-22.1.8-18.1.src.rpm	llvm	PHASE2	UNIQUE_SOURCE_NAME	std::thread	unpacked/mlgo_arm_model.tar.gz/mlgo_sysroot/include/tensorflow/core/util/incremental_barrier.h	47	PRODUCTION_LIKE	-	//         threads[1] = std::thread(cb2(barrier.Inc());
progress/R32/tables/impact_locations.tsv:14749:llvm-22.1.8-18.1.src.rpm	llvm	PHASE2	UNIQUE_SOURCE_NAME	std::thread	unpacked/mlgo_arm_model.tar.gz/mlgo_sysroot/include/third_party/gpus/cuda/include/thrust/system/tbb/detail/reduce_by_key.inl	284	PRODUCTION_LIKE	-	const unsigned int p = thrust::max<unsigned int>(1u, std::thread::hardware_concurrency());
progress/R32/tables/impact_locations.tsv:14750:llvm-22.1.8-18.1.src.rpm	llvm	PHASE2	UNIQUE_SOURCE_NAME	std::thread	unpacked/mlgo_arm_model.tar.gz/mlgo_sysroot/include/unsupported/Eigen/CXX11/src/Tensor/TensorContractionThreadPool.h	529	PRODUCTION_LIKE	-	std::thread::id created_by_thread_id_;
progress/R32/tables/impact_locations.tsv:14751:llvm-22.1.8-18.1.src.rpm	llvm	PHASE2	UNIQUE_SOURCE_NAME	std::thread	unpacked/mlgo_arm_model.tar.gz/mlgo_sysroot/include/unsupported/Eigen/CXX11/src/Tensor/TensorDeviceSycl.h	112	PRODUCTION_LIKE	-	unsigned num_threads = std::thread::hardware_concurrency())
progress/R32/tables/impact_locations.tsv:14752:llvm-22.1.8-18.1.src.rpm	llvm	PHASE2	UNIQUE_SOURCE_NAME	std::thread	unpacked/mlgo_arm_model.tar.gz/mlgo_sysroot/include/unsupported/Eigen/CXX11/src/Tensor/TensorDeviceSycl.h	120	PRODUCTION_LIKE	-	unsigned num_threads = std::thread::hardware_concurrency())
progress/R32/tables/impact_locations.tsv:14753:llvm-22.1.8-18.1.src.rpm	llvm	PHASE2	UNIQUE_SOURCE_NAME	std::thread	unpacked/mlgo_arm_model.tar.gz/mlgo_sysroot/include/unsupported/Eigen/CXX11/src/Tensor/TensorDeviceSycl.h	130	PRODUCTION_LIKE	-	unsigned num_threads = std::thread::hardware_concurrency())
progress/R32/tables/impact_locations.tsv:14754:llvm-22.1.8-18.1.src.rpm	llvm	PHASE2	UNIQUE_SOURCE_NAME	std::thread	unpacked/mlgo_x86_model.tar.gz/mlgo_sysroot/include/Eigen/src/ThreadPool/NonBlockingThreadPool.h	455	PRODUCTION_LIKE	-	return std::hash<std::thread::id>()(std::this_thread::get_id());
progress/R32/tables/impact_locations.tsv:14755:llvm-22.1.8-18.1.src.rpm	llvm	PHASE2	UNIQUE_SOURCE_NAME	std::thread	unpacked/mlgo_x86_model.tar.gz/mlgo_sysroot/include/Eigen/src/ThreadPool/ThreadEnvironment.h	32	PRODUCTION_LIKE	-	std::thread thr_;
progress/R32/tables/impact_locations.tsv:14756:llvm-22.1.8-18.1.src.rpm	llvm	PHASE2	UNIQUE_SOURCE_NAME	std::thread	unpacked/mlgo_x86_model.tar.gz/mlgo_sysroot/include/Eigen/src/ThreadPool/ThreadLocal.h	142	PRODUCTION_LIKE	-	std::thread::id this_thread = std::this_thread::get_id();
progress/R32/tables/impact_locations.tsv:14757:llvm-22.1.8-18.1.src.rpm	llvm	PHASE2	UNIQUE_SOURCE_NAME	std::thread	unpacked/mlgo_x86_model.tar.gz/mlgo_sysroot/include/Eigen/src/ThreadPool/ThreadLocal.h	145	PRODUCTION_LIKE	-	std::size_t h = std::hash<std::thread::id>()(this_thread);
progress/R32/tables/impact_locations.tsv:14758:llvm-22.1.8-18.1.src.rpm	llvm	PHASE2	UNIQUE_SOURCE_NAME	std::thread	unpacked/mlgo_x86_model.tar.gz/mlgo_sysroot/include/Eigen/src/ThreadPool/ThreadLocal.h	215	PRODUCTION_LIKE	-	void ForEach(std::function<void(std::thread::id, T&)> f) {
progress/R32/tables/impact_locations.tsv:14759:llvm-22.1.8-18.1.src.rpm	llvm	PHASE2	UNIQUE_SOURCE_NAME	std::thread	unpacked/mlgo_x86_model.tar.gz/mlgo_sysroot/include/Eigen/src/ThreadPool/ThreadLocal.h	256	PRODUCTION_LIKE	-	std::thread::id thread_id;
progress/R32/tables/impact_locations.tsv:14760:llvm-22.1.8-18.1.src.rpm	llvm	PHASE2	UNIQUE_SOURCE_NAME	std::thread	unpacked/mlgo_x86_model.tar.gz/mlgo_sysroot/include/Eigen/src/ThreadPool/ThreadLocal.h	261	PRODUCTION_LIKE	-	T& SpilledLocal(std::thread::id this_thread) {
progress/R32/tables/impact_locations.tsv:14761:llvm-22.1.8-18.1.src.rpm	llvm	PHASE2	UNIQUE_SOURCE_NAME	std::thread	unpacked/mlgo_x86_model.tar.gz/mlgo_sysroot/include/Eigen/src/ThreadPool/ThreadLocal.h	294	PRODUCTION_LIKE	-	std::unordered_map<std::thread::id, T> per_thread_map_;
progress/R32/tables/impact_locations.tsv:14762:llvm-22.1.8-18.1.src.rpm	llvm	PHASE2	UNIQUE_SOURCE_NAME	std::thread	unpacked/mlgo_x86_model.tar.gz/mlgo_sysroot/include/external/gemmlowp/profiling/pthread_everywhere.h	45	PRODUCTION_LIKE	-	using pthread_t = std::thread *;
progress/R32/tables/impact_locations.tsv:14763:llvm-22.1.8-18.1.src.rpm	llvm	PHASE2	UNIQUE_SOURCE_NAME	std::thread	unpacked/mlgo_x86_model.tar.gz/mlgo_sysroot/include/external/gemmlowp/profiling/pthread_everywhere.h	50	PRODUCTION_LIKE	-	*thread = new std::thread(start_routine, arg);
progress/R32/tables/impact_locations.tsv:14764:llvm-22.1.8-18.1.src.rpm	llvm	PHASE2	UNIQUE_SOURCE_NAME	std::thread	unpacked/mlgo_x86_model.tar.gz/mlgo_sysroot/include/external/onednn/src/common/kernel_cache.hpp	60	PRODUCTION_LIKE	-	const std::thread::id &thread_id() const { return thread_id_; }
progress/R32/tables/impact_locations.tsv:14765:llvm-22.1.8-18.1.src.rpm	llvm	PHASE2	UNIQUE_SOURCE_NAME	std::thread	unpacked/mlgo_x86_model.tar.gz/mlgo_sysroot/include/external/onednn/src/common/kernel_cache.hpp	70	PRODUCTION_LIKE	-	std::thread::id thread_id_;
progress/R32/tables/impact_locations.tsv:14766:llvm-22.1.8-18.1.src.rpm	llvm	PHASE2	UNIQUE_SOURCE_NAME	std::thread	unpacked/mlgo_x86_model.tar.gz/mlgo_sysroot/include/external/onednn/src/common/primitive_hashing.hpp	44	PRODUCTION_LIKE	-	const std::thread::id &thread_id() const { return thread_id_; }
progress/R32/tables/impact_locations.tsv:14767:llvm-22.1.8-18.1.src.rpm	llvm	PHASE2	UNIQUE_SOURCE_NAME	std::thread	unpacked/mlgo_x86_model.tar.gz/mlgo_sysroot/include/external/onednn/src/common/primitive_hashing.hpp	71	PRODUCTION_LIKE	-	std::thread::id thread_id_;
progress/R32/tables/impact_locations.tsv:14768:llvm-22.1.8-18.1.src.rpm	llvm	PHASE2	UNIQUE_SOURCE_NAME	std::thread	unpacked/mlgo_x86_model.tar.gz/mlgo_sysroot/include/external/onednn/src/common/thread_local_storage.hpp	69	PRODUCTION_LIKE	-	std::unordered_map<std::thread::id, T> storage_;
progress/R32/tables/impact_locations.tsv:14769:llvm-22.1.8-18.1.src.rpm	llvm	PHASE2	UNIQUE_SOURCE_NAME	std::thread	unpacked/mlgo_x86_model.tar.gz/mlgo_sysroot/include/external/tf_runtime/include/tfrt/host_context/timer_queue.h	96	PRODUCTION_LIKE	-	std::thread timer_thread_;
progress/R32/tables/impact_locations.tsv:14770:llvm-22.1.8-18.1.src.rpm	llvm	PHASE2	UNIQUE_SOURCE_NAME	std::thread	unpacked/mlgo_x86_model.tar.gz/mlgo_sysroot/include/external/tf_runtime/include/tfrt/support/thread_environment.h	20	PRODUCTION_LIKE	-	// Uses std::thread implementation.
progress/R32/tables/impact_locations.tsv:14771:llvm-22.1.8-18.1.src.rpm	llvm	PHASE2	UNIQUE_SOURCE_NAME	std::thread	unpacked/mlgo_x86_model.tar.gz/mlgo_sysroot/include/external/tf_runtime/include/tfrt/support/thread_environment.h	34	PRODUCTION_LIKE	-	explicit StdThread(std::thread thread) : thread_(std::move(thread)) {}
progress/R32/tables/impact_locations.tsv:14772:llvm-22.1.8-18.1.src.rpm	llvm	PHASE2	UNIQUE_SOURCE_NAME	std::thread	unpacked/mlgo_x86_model.tar.gz/mlgo_sysroot/include/external/tf_runtime/include/tfrt/support/thread_environment.h	38	PRODUCTION_LIKE	-	std::thread thread_;
progress/R32/tables/impact_locations.tsv:14773:llvm-22.1.8-18.1.src.rpm	llvm	PHASE2	UNIQUE_SOURCE_NAME	std::thread	unpacked/mlgo_x86_model.tar.gz/mlgo_sysroot/include/external/tf_runtime/include/tfrt/support/thread_environment.h	48	PRODUCTION_LIKE	-	std::thread(std::forward<Function>(f), std::forward<Args>(args)...));
progress/R32/tables/impact_locations.tsv:14774:llvm-22.1.8-18.1.src.rpm	llvm	PHASE2	UNIQUE_SOURCE_NAME	std::thread	unpacked/mlgo_x86_model.tar.gz/mlgo_sysroot/include/external/tf_runtime/include/tfrt/support/thread_environment.h	52	PRODUCTION_LIKE	-	return std::hash<std::thread::id>()(std::this_thread::get_id());
progress/R32/tables/impact_locations.tsv:14775:llvm-22.1.8-18.1.src.rpm	llvm	PHASE2	UNIQUE_SOURCE_NAME	std::thread	unpacked/mlgo_x86_model.tar.gz/mlgo_sysroot/include/external/tf_runtime/include/tfrt/support/thread_local.h	48	PRODUCTION_LIKE	-	//   std::thread([&]() { T& value = container.Local(); }).join(); // thread #1
progress/R32/tables/impact_locations.tsv:14776:llvm-22.1.8-18.1.src.rpm	llvm	PHASE2	UNIQUE_SOURCE_NAME	std::thread	unpacked/mlgo_x86_model.tar.gz/mlgo_sysroot/include/external/tf_runtime/include/tfrt/support/thread_local.h	49	PRODUCTION_LIKE	-	//   std::thread([&]() { T& value = container.Local(); }).join(); // thread #2
progress/R32/tables/impact_locations.tsv:14777:llvm-22.1.8-18.1.src.rpm	llvm	PHASE2	UNIQUE_SOURCE_NAME	std::thread	unpacked/mlgo_x86_model.tar.gz/mlgo_sysroot/include/external/tf_runtime/include/tfrt/support/thread_local.h	104	PRODUCTION_LIKE	-	std::thread::id this_thread = std::this_thread::get_id();
progress/R32/tables/impact_locations.tsv:14778:llvm-22.1.8-18.1.src.rpm	llvm	PHASE2	UNIQUE_SOURCE_NAME	std::thread	unpacked/mlgo_x86_model.tar.gz/mlgo_sysroot/include/external/tf_runtime/include/tfrt/support/thread_local.h	107	PRODUCTION_LIKE	-	size_t h = std::hash<std::thread::id>()(this_thread);
progress/R32/tables/impact_locations.tsv:14779:llvm-22.1.8-18.1.src.rpm	llvm	PHASE2	UNIQUE_SOURCE_NAME	std::thread	unpacked/mlgo_x86_model.tar.gz/mlgo_sysroot/include/external/tf_runtime/include/tfrt/support/thread_local.h	177	PRODUCTION_LIKE	-	void ForEach(llvm::function_ref<void(std::thread::id, T&)> f) {
progress/R32/tables/impact_locations.tsv:14780:llvm-22.1.8-18.1.src.rpm	llvm	PHASE2	UNIQUE_SOURCE_NAME	std::thread	unpacked/mlgo_x86_model.tar.gz/mlgo_sysroot/include/external/tf_runtime/include/tfrt/support/thread_local.h	198	PRODUCTION_LIKE	-	std::thread::id thread_id;
progress/R32/tables/impact_locations.tsv:14781:llvm-22.1.8-18.1.src.rpm	llvm	PHASE2	UNIQUE_SOURCE_NAME	std::thread	unpacked/mlgo_x86_model.tar.gz/mlgo_sysroot/include/external/tf_runtime/include/tfrt/support/thread_local.h	203	PRODUCTION_LIKE	-	T& SpilledLocal(std::thread::id this_thread) {
progress/R32/tables/impact_locations.tsv:14782:llvm-22.1.8-18.1.src.rpm	llvm	PHASE2	UNIQUE_SOURCE_NAME	std::thread	unpacked/mlgo_x86_model.tar.gz/mlgo_sysroot/include/external/tf_runtime/include/tfrt/support/thread_local.h	234	PRODUCTION_LIKE	-	std::unordered_map<std::thread::id, T> spilled_ TFRT_GUARDED_BY(mu_);
progress/R32/tables/impact_locations.tsv:14783:llvm-22.1.8-18.1.src.rpm	llvm	PHASE2	UNIQUE_SOURCE_NAME	std::thread	unpacked/mlgo_x86_model.tar.gz/mlgo_sysroot/include/tensorflow/compiler/tf2tensorrt/utils/trt_lru_cache.h	203	PRODUCTION_LIKE	-	std::unique_ptr<std::thread> thr_;
progress/R32/tables/impact_locations.tsv:14784:llvm-22.1.8-18.1.src.rpm	llvm	PHASE2	UNIQUE_SOURCE_NAME	std::thread	unpacked/mlgo_x86_model.tar.gz/mlgo_sysroot/include/tensorflow/core/common_runtime/eager/context.h	700	PRODUCTION_LIKE	-	std::unordered_map<std::thread::id, ContextDevicePlacementPolicy>
progress/R32/tables/impact_locations.tsv:14785:llvm-22.1.8-18.1.src.rpm	llvm	PHASE2	UNIQUE_SOURCE_NAME	std::thread	unpacked/mlgo_x86_model.tar.gz/mlgo_sysroot/include/tensorflow/core/common_runtime/eager/context.h	779	PRODUCTION_LIKE	-	std::unordered_map<std::thread::id, EagerExecutor*> thread_local_executor_
progress/R32/tables/impact_locations.tsv:14786:llvm-22.1.8-18.1.src.rpm	llvm	PHASE2	UNIQUE_SOURCE_NAME	std::thread	unpacked/mlgo_x86_model.tar.gz/mlgo_sysroot/include/tensorflow/core/common_runtime/eager/context.h	781	PRODUCTION_LIKE	-	std::unordered_map<std::thread::id, absl::flat_hash_set<EagerExecutor*>>
progress/R32/tables/impact_locations.tsv:14787:llvm-22.1.8-18.1.src.rpm	llvm	PHASE2	UNIQUE_SOURCE_NAME	std::thread	unpacked/mlgo_x86_model.tar.gz/mlgo_sysroot/include/tensorflow/core/kernels/batching_util/threadsafe_status.h	28	PRODUCTION_LIKE	-	//   std::thread threads[2];
progress/R32/tables/impact_locations.tsv:14788:llvm-22.1.8-18.1.src.rpm	llvm	PHASE2	UNIQUE_SOURCE_NAME	std::thread	unpacked/mlgo_x86_model.tar.gz/mlgo_sysroot/include/tensorflow/core/kernels/batching_util/threadsafe_status.h	30	PRODUCTION_LIKE	-	//   threads[0] = std::thread([&]() {
progress/R32/tables/impact_locations.tsv:14789:llvm-22.1.8-18.1.src.rpm	llvm	PHASE2	UNIQUE_SOURCE_NAME	std::thread	unpacked/mlgo_x86_model.tar.gz/mlgo_sysroot/include/tensorflow/core/kernels/batching_util/threadsafe_status.h	33	PRODUCTION_LIKE	-	//   threads[1] = std::thread([&]() {
progress/R32/tables/impact_locations.tsv:14790:llvm-22.1.8-18.1.src.rpm	llvm	PHASE2	UNIQUE_SOURCE_NAME	std::thread	unpacked/mlgo_x86_model.tar.gz/mlgo_sysroot/include/tensorflow/core/util/incremental_barrier.h	43	PRODUCTION_LIKE	-	//     std::thread threads[2];
progress/R32/tables/impact_locations.tsv:14791:llvm-22.1.8-18.1.src.rpm	llvm	PHASE2	UNIQUE_SOURCE_NAME	std::thread	unpacked/mlgo_x86_model.tar.gz/mlgo_sysroot/include/tensorflow/core/util/incremental_barrier.h	46	PRODUCTION_LIKE	-	//         threads[0] = std::thread(cb1(barrier.Inc());
progress/R32/tables/impact_locations.tsv:14792:llvm-22.1.8-18.1.src.rpm	llvm	PHASE2	UNIQUE_SOURCE_NAME	std::thread	unpacked/mlgo_x86_model.tar.gz/mlgo_sysroot/include/tensorflow/core/util/incremental_barrier.h	47	PRODUCTION_LIKE	-	//         threads[1] = std::thread(cb2(barrier.Inc());
progress/R32/tables/impact_locations.tsv:14793:llvm-22.1.8-18.1.src.rpm	llvm	PHASE2	UNIQUE_SOURCE_NAME	std::thread	unpacked/mlgo_x86_model.tar.gz/mlgo_sysroot/include/third_party/gpus/cuda/include/thrust/system/tbb/detail/reduce_by_key.inl	284	PRODUCTION_LIKE	-	const unsigned int p = thrust::max<unsigned int>(1u, std::thread::hardware_concurrency());
progress/R32/tables/impact_locations.tsv:14794:llvm-22.1.8-18.1.src.rpm	llvm	PHASE2	UNIQUE_SOURCE_NAME	std::thread	unpacked/mlgo_x86_model.tar.gz/mlgo_sysroot/include/unsupported/Eigen/CXX11/src/Tensor/TensorContractionThreadPool.h	529	PRODUCTION_LIKE	-	std::thread::id created_by_thread_id_;
progress/R32/tables/impact_locations.tsv:14795:llvm-22.1.8-18.1.src.rpm	llvm	PHASE2	UNIQUE_SOURCE_NAME	std::thread	unpacked/mlgo_x86_model.tar.gz/mlgo_sysroot/include/unsupported/Eigen/CXX11/src/Tensor/TensorDeviceSycl.h	112	PRODUCTION_LIKE	-	unsigned num_threads = std::thread::hardware_concurrency())
progress/R32/tables/impact_locations.tsv:14796:llvm-22.1.8-18.1.src.rpm	llvm	PHASE2	UNIQUE_SOURCE_NAME	std::thread	unpacked/mlgo_x86_model.tar.gz/mlgo_sysroot/include/unsupported/Eigen/CXX11/src/Tensor/TensorDeviceSycl.h	120	PRODUCTION_LIKE	-	unsigned num_threads = std::thread::hardware_concurrency())
progress/R32/tables/impact_locations.tsv:14797:llvm-22.1.8-18.1.src.rpm	llvm	PHASE2	UNIQUE_SOURCE_NAME	std::thread	unpacked/mlgo_x86_model.tar.gz/mlgo_sysroot/include/unsupported/Eigen/CXX11/src/Tensor/TensorDeviceSycl.h	130	PRODUCTION_LIKE	-	unsigned num_threads = std::thread::hardware_concurrency())
progress/R32/tables/catchall_macro_definitions.tsv:121:llvm-22.1.8-18.1.src.rpm	llvm	PHASE2	unpacked/mlgo_aarch_model.tar.gz/mlgo_sysroot/include/absl/base/macros.h	133	PRODUCTION_LIKE	ABSL_INTERNAL_CATCH_ANY	#define ABSL_INTERNAL_CATCH_ANY catch (...)
progress/R32/tables/catchall_macro_definitions.tsv:122:llvm-22.1.8-18.1.src.rpm	llvm	PHASE2	unpacked/mlgo_arm_model.tar.gz/mlgo_sysroot/include/absl/base/macros.h	133	PRODUCTION_LIKE	ABSL_INTERNAL_CATCH_ANY	#define ABSL_INTERNAL_CATCH_ANY catch (...)
progress/R32/tables/catchall_macro_definitions.tsv:123:llvm-22.1.8-18.1.src.rpm	llvm	PHASE2	unpacked/mlgo_x86_model.tar.gz/mlgo_sysroot/include/absl/base/macros.h	133	PRODUCTION_LIKE	ABSL_INTERNAL_CATCH_ANY	#define ABSL_INTERNAL_CATCH_ANY catch (...)
progress/R32/tables/catchall_macro_uses.tsv:21242:llvm-22.1.8-18.1.src.rpm	llvm	PHASE2	ABSL_INTERNAL_CATCH_ANY	DEFINITION	unpacked/mlgo_aarch_model.tar.gz/mlgo_sysroot/include/absl/base/macros.h	133	PRODUCTION_LIKE	#define ABSL_INTERNAL_CATCH_ANY catch (...)
progress/R32/tables/catchall_macro_uses.tsv:21243:llvm-22.1.8-18.1.src.rpm	llvm	PHASE2	ABSL_INTERNAL_CATCH_ANY	DEFINITION	unpacked/mlgo_aarch_model.tar.gz/mlgo_sysroot/include/absl/base/macros.h	137	PRODUCTION_LIKE	#define ABSL_INTERNAL_CATCH_ANY else if (false)
progress/R32/tables/catchall_macro_uses.tsv:21244:llvm-22.1.8-18.1.src.rpm	llvm	PHASE2	ABSL_INTERNAL_CATCH_ANY	DEFINITION	unpacked/mlgo_arm_model.tar.gz/mlgo_sysroot/include/absl/base/macros.h	133	PRODUCTION_LIKE	#define ABSL_INTERNAL_CATCH_ANY catch (...)
progress/R32/tables/catchall_macro_uses.tsv:21245:llvm-22.1.8-18.1.src.rpm	llvm	PHASE2	ABSL_INTERNAL_CATCH_ANY	DEFINITION	unpacked/mlgo_arm_model.tar.gz/mlgo_sysroot/include/absl/base/macros.h	137	PRODUCTION_LIKE	#define ABSL_INTERNAL_CATCH_ANY else if (false)
progress/R32/tables/catchall_macro_uses.tsv:21246:llvm-22.1.8-18.1.src.rpm	llvm	PHASE2	ABSL_INTERNAL_CATCH_ANY	DEFINITION	unpacked/mlgo_x86_model.tar.gz/mlgo_sysroot/include/absl/base/macros.h	133	PRODUCTION_LIKE	#define ABSL_INTERNAL_CATCH_ANY catch (...)
progress/R32/tables/catchall_macro_uses.tsv:21247:llvm-22.1.8-18.1.src.rpm	llvm	PHASE2	ABSL_INTERNAL_CATCH_ANY	DEFINITION	unpacked/mlgo_x86_model.tar.gz/mlgo_sysroot/include/absl/base/macros.h	137	PRODUCTION_LIKE	#define ABSL_INTERNAL_CATCH_ANY else if (false)
progress/R32/tables/catchall_macro_uses.tsv:21248:llvm-22.1.8-18.1.src.rpm	llvm	PHASE2	ABSL_INTERNAL_CATCH_ANY	USE	unpacked/mlgo_aarch_model.tar.gz/mlgo_sysroot/include/absl/container/internal/inlined_vector.h	153	PRODUCTION_LIKE	ABSL_INTERNAL_CATCH_ANY {
progress/R32/tables/catchall_macro_uses.tsv:21249:llvm-22.1.8-18.1.src.rpm	llvm	PHASE2	ABSL_INTERNAL_CATCH_ANY	USE	unpacked/mlgo_aarch_model.tar.gz/mlgo_sysroot/include/absl/container/internal/inlined_vector.h	802	PRODUCTION_LIKE	ABSL_INTERNAL_CATCH_ANY {
progress/R32/tables/catchall_macro_uses.tsv:21250:llvm-22.1.8-18.1.src.rpm	llvm	PHASE2	ABSL_INTERNAL_CATCH_ANY	USE	unpacked/mlgo_aarch_model.tar.gz/mlgo_sysroot/include/absl/container/internal/inlined_vector.h	898	PRODUCTION_LIKE	ABSL_INTERNAL_CATCH_ANY {
progress/R32/tables/catchall_macro_uses.tsv:21251:llvm-22.1.8-18.1.src.rpm	llvm	PHASE2	ABSL_INTERNAL_CATCH_ANY	USE	unpacked/mlgo_aarch_model.tar.gz/mlgo_sysroot/include/absl/container/internal/inlined_vector.h	942	PRODUCTION_LIKE	ABSL_INTERNAL_CATCH_ANY {
progress/R32/tables/catchall_macro_uses.tsv:21252:llvm-22.1.8-18.1.src.rpm	llvm	PHASE2	ABSL_INTERNAL_CATCH_ANY	USE	unpacked/mlgo_aarch_model.tar.gz/mlgo_sysroot/include/absl/memory/memory.h	246	PRODUCTION_LIKE	ABSL_INTERNAL_CATCH_ANY {
progress/R32/tables/catchall_macro_uses.tsv:21253:llvm-22.1.8-18.1.src.rpm	llvm	PHASE2	ABSL_INTERNAL_CATCH_ANY	USE	unpacked/mlgo_aarch_model.tar.gz/mlgo_sysroot/include/absl/memory/memory.h	265	PRODUCTION_LIKE	ABSL_INTERNAL_CATCH_ANY {
progress/R32/tables/catchall_macro_uses.tsv:21254:llvm-22.1.8-18.1.src.rpm	llvm	PHASE2	ABSL_INTERNAL_CATCH_ANY	USE	unpacked/mlgo_arm_model.tar.gz/mlgo_sysroot/include/absl/container/internal/inlined_vector.h	153	PRODUCTION_LIKE	ABSL_INTERNAL_CATCH_ANY {
progress/R32/tables/catchall_macro_uses.tsv:21255:llvm-22.1.8-18.1.src.rpm	llvm	PHASE2	ABSL_INTERNAL_CATCH_ANY	USE	unpacked/mlgo_arm_model.tar.gz/mlgo_sysroot/include/absl/container/internal/inlined_vector.h	802	PRODUCTION_LIKE	ABSL_INTERNAL_CATCH_ANY {
progress/R32/tables/catchall_macro_uses.tsv:21256:llvm-22.1.8-18.1.src.rpm	llvm	PHASE2	ABSL_INTERNAL_CATCH_ANY	USE	unpacked/mlgo_arm_model.tar.gz/mlgo_sysroot/include/absl/container/internal/inlined_vector.h	898	PRODUCTION_LIKE	ABSL_INTERNAL_CATCH_ANY {
progress/R32/tables/catchall_macro_uses.tsv:21257:llvm-22.1.8-18.1.src.rpm	llvm	PHASE2	ABSL_INTERNAL_CATCH_ANY	USE	unpacked/mlgo_arm_model.tar.gz/mlgo_sysroot/include/absl/container/internal/inlined_vector.h	942	PRODUCTION_LIKE	ABSL_INTERNAL_CATCH_ANY {
progress/R32/tables/catchall_macro_uses.tsv:21258:llvm-22.1.8-18.1.src.rpm	llvm	PHASE2	ABSL_INTERNAL_CATCH_ANY	USE	unpacked/mlgo_arm_model.tar.gz/mlgo_sysroot/include/absl/memory/memory.h	246	PRODUCTION_LIKE	ABSL_INTERNAL_CATCH_ANY {
progress/R32/tables/catchall_macro_uses.tsv:21259:llvm-22.1.8-18.1.src.rpm	llvm	PHASE2	ABSL_INTERNAL_CATCH_ANY	USE	unpacked/mlgo_arm_model.tar.gz/mlgo_sysroot/include/absl/memory/memory.h	265	PRODUCTION_LIKE	ABSL_INTERNAL_CATCH_ANY {
progress/R32/tables/catchall_macro_uses.tsv:21260:llvm-22.1.8-18.1.src.rpm	llvm	PHASE2	ABSL_INTERNAL_CATCH_ANY	USE	unpacked/mlgo_x86_model.tar.gz/mlgo_sysroot/include/absl/container/internal/inlined_vector.h	153	PRODUCTION_LIKE	ABSL_INTERNAL_CATCH_ANY {
progress/R32/tables/catchall_macro_uses.tsv:21261:llvm-22.1.8-18.1.src.rpm	llvm	PHASE2	ABSL_INTERNAL_CATCH_ANY	USE	unpacked/mlgo_x86_model.tar.gz/mlgo_sysroot/include/absl/container/internal/inlined_vector.h	802	PRODUCTION_LIKE	ABSL_INTERNAL_CATCH_ANY {
progress/R32/tables/catchall_macro_uses.tsv:21262:llvm-22.1.8-18.1.src.rpm	llvm	PHASE2	ABSL_INTERNAL_CATCH_ANY	USE	unpacked/mlgo_x86_model.tar.gz/mlgo_sysroot/include/absl/container/internal/inlined_vector.h	898	PRODUCTION_LIKE	ABSL_INTERNAL_CATCH_ANY {
progress/R32/tables/catchall_macro_uses.tsv:21263:llvm-22.1.8-18.1.src.rpm	llvm	PHASE2	ABSL_INTERNAL_CATCH_ANY	USE	unpacked/mlgo_x86_model.tar.gz/mlgo_sysroot/include/absl/container/internal/inlined_vector.h	942	PRODUCTION_LIKE	ABSL_INTERNAL_CATCH_ANY {
progress/R32/tables/catchall_macro_uses.tsv:21264:llvm-22.1.8-18.1.src.rpm	llvm	PHASE2	ABSL_INTERNAL_CATCH_ANY	USE	unpacked/mlgo_x86_model.tar.gz/mlgo_sysroot/include/absl/memory/memory.h	246	PRODUCTION_LIKE	ABSL_INTERNAL_CATCH_ANY {
progress/R32/tables/catchall_macro_uses.tsv:21265:llvm-22.1.8-18.1.src.rpm	llvm	PHASE2	ABSL_INTERNAL_CATCH_ANY	USE	unpacked/mlgo_x86_model.tar.gz/mlgo_sysroot/include/absl/memory/memory.h	265	PRODUCTION_LIKE	ABSL_INTERNAL_CATCH_ANY {
progress/R83/tables/packaging_files.tsv:8:mlgo_aarch_model.tar.gz	30461764	NO	existing MLGO model payload
progress/R83/tables/packaging_files.tsv:9:mlgo_arm_model.tar.gz	28477748	NO	existing MLGO model payload
progress/R83/tables/packaging_files.tsv:10:mlgo_x86_model.tar.gz	28652731	NO	existing MLGO model payload
progress/T1/corpus_hits.tsv:114481:llvm-22.1.8-18.1.src.rpm	__GLIBCXX__	YES	unpacked/mlgo_aarch_model.tar.gz/mlgo_sysroot/include/Eigen/src/Core/util/EmulateArray.h	267	unpacked/mlgo_aarch_model.tar.gz/mlgo_sysroot/include/Eigen/src/Core/util/EmulateArray.h:267	 */	#if defined(__GLIBCXX__) && __GLIBCXX__ < 20120322	#define STD_GET_ARR_HACK             a._M_instance[I_]
progress/T1/corpus_hits.tsv:114482:llvm-22.1.8-18.1.src.rpm	_GLIBCXX_	YES	unpacked/mlgo_aarch_model.tar.gz/mlgo_sysroot/include/Eigen/src/Core/util/EmulateArray.h	267	unpacked/mlgo_aarch_model.tar.gz/mlgo_sysroot/include/Eigen/src/Core/util/EmulateArray.h:267	 */	#if defined(__GLIBCXX__) && __GLIBCXX__ < 20120322	#define STD_GET_ARR_HACK             a._M_instance[I_]
progress/T1/corpus_hits.tsv:114483:llvm-22.1.8-18.1.src.rpm	_GLIBCXX_	YES	unpacked/mlgo_aarch_model.tar.gz/mlgo_sysroot/include/Eigen/src/Core/util/Macros.h	715	unpacked/mlgo_aarch_model.tar.gz/mlgo_sysroot/include/Eigen/src/Core/util/Macros.h:715	// Does the compiler support C99?	// Need to include <cmath> to make sure _GLIBCXX_USE_C99 gets defined	#include <cmath>
progress/T1/corpus_hits.tsv:114484:llvm-22.1.8-18.1.src.rpm	_GLIBCXX_	YES	unpacked/mlgo_aarch_model.tar.gz/mlgo_sysroot/include/Eigen/src/Core/util/Macros.h	719	unpacked/mlgo_aarch_model.tar.gz/mlgo_sysroot/include/Eigen/src/Core/util/Macros.h:719	#if ((defined(__STDC_VERSION__) && (__STDC_VERSION__ >= 199901))       \	  || (defined(__GNUC__) && defined(_GLIBCXX_USE_C99)) \	  || (defined(_LIBCPP_VERSION) && !defined(_MSC_VER)) \
progress/T1/corpus_hits.tsv:114485:llvm-22.1.8-18.1.src.rpm	pthread_cancel	NO	unpacked/mlgo_aarch_model.tar.gz/mlgo_sysroot/include/Eigen/src/ThreadPool/ThreadCancel.h	16	unpacked/mlgo_aarch_model.tar.gz/mlgo_sysroot/include/Eigen/src/ThreadPool/ThreadCancel.h:16	  #define EIGEN_THREAD_CANCEL(t)                  \	    pthread_cancel(t.native_handle());	  #define EIGEN_SUPPORTS_THREAD_CANCELLATION 1
progress/T1/corpus_hits.tsv:114486:llvm-22.1.8-18.1.src.rpm	__GLIBCXX__	YES	unpacked/mlgo_aarch_model.tar.gz/mlgo_sysroot/include/absl/base/config.h	55	unpacked/mlgo_aarch_model.tar.gz/mlgo_sysroot/include/absl/base/config.h:55	#ifdef __cplusplus	// Included for __GLIBCXX__, _LIBCPP_VERSION	#include <cstddef>
progress/T1/corpus_hits.tsv:114487:llvm-22.1.8-18.1.src.rpm	_GLIBCXX_	YES	unpacked/mlgo_aarch_model.tar.gz/mlgo_sysroot/include/absl/base/config.h	55	unpacked/mlgo_aarch_model.tar.gz/mlgo_sysroot/include/absl/base/config.h:55	#ifdef __cplusplus	// Included for __GLIBCXX__, _LIBCPP_VERSION	#include <cstddef>
progress/T1/corpus_hits.tsv:114488:llvm-22.1.8-18.1.src.rpm	_GLIBCXX_	YES	unpacked/mlgo_aarch_model.tar.gz/mlgo_sysroot/include/absl/base/config.h	229	unpacked/mlgo_aarch_model.tar.gz/mlgo_sysroot/include/absl/base/config.h:229	// We assume __thread is supported on Linux or Asylo when compiled with Clang or	// compiled against libstdc++ with _GLIBCXX_HAVE_TLS defined.	#ifdef ABSL_HAVE_TLS
progress/T1/corpus_hits.tsv:114489:llvm-22.1.8-18.1.src.rpm	_GLIBCXX_	YES	unpacked/mlgo_aarch_model.tar.gz/mlgo_sysroot/include/absl/base/config.h	233	unpacked/mlgo_aarch_model.tar.gz/mlgo_sysroot/include/absl/base/config.h:233	#elif (defined(__linux__) || defined(__ASYLO__)) && \	    (defined(__clang__) || defined(_GLIBCXX_HAVE_TLS))	#define ABSL_HAVE_TLS 1
progress/T1/corpus_hits.tsv:114490:llvm-22.1.8-18.1.src.rpm	__GLIBCXX__	YES	unpacked/mlgo_aarch_model.tar.gz/mlgo_sysroot/include/absl/base/config.h	247	unpacked/mlgo_aarch_model.tar.gz/mlgo_sysroot/include/absl/base/config.h:247	    (defined(__clang__) && __clang_major__ >= 15) ||   \	    (!defined(__clang__) && defined(__GLIBCXX__) &&    \	     ABSL_INTERNAL_HAVE_MIN_GNUC_VERSION(4, 8))
progress/T1/corpus_hits.tsv:114491:llvm-22.1.8-18.1.src.rpm	_GLIBCXX_	YES	unpacked/mlgo_aarch_model.tar.gz/mlgo_sysroot/include/absl/base/config.h	247	unpacked/mlgo_aarch_model.tar.gz/mlgo_sysroot/include/absl/base/config.h:247	    (defined(__clang__) && __clang_major__ >= 15) ||   \	    (!defined(__clang__) && defined(__GLIBCXX__) &&    \	     ABSL_INTERNAL_HAVE_MIN_GNUC_VERSION(4, 8))
progress/T1/corpus_hits.tsv:114492:llvm-22.1.8-18.1.src.rpm	__GLIBCXX__	YES	unpacked/mlgo_aarch_model.tar.gz/mlgo_sysroot/include/absl/base/config.h	270	unpacked/mlgo_aarch_model.tar.gz/mlgo_sysroot/include/absl/base/config.h:270	    (!defined(__clang__) &&                                                  \	     ((ABSL_INTERNAL_HAVE_MIN_GNUC_VERSION(7, 4) && defined(__GLIBCXX__)) || \	      (ABSL_INTERNAL_HAVE_MIN_GNUC_VERSION(8, 2) &&                          \
progress/T1/corpus_hits.tsv:114493:llvm-22.1.8-18.1.src.rpm	_GLIBCXX_	YES	unpacked/mlgo_aarch_model.tar.gz/mlgo_sysroot/include/absl/base/config.h	270	unpacked/mlgo_aarch_model.tar.gz/mlgo_sysroot/include/absl/base/config.h:270	    (!defined(__clang__) &&                                                  \	     ((ABSL_INTERNAL_HAVE_MIN_GNUC_VERSION(7, 4) && defined(__GLIBCXX__)) || \	      (ABSL_INTERNAL_HAVE_MIN_GNUC_VERSION(8, 2) &&                          \
progress/T1/corpus_hits.tsv:114494:llvm-22.1.8-18.1.src.rpm	<cxxabi.h>	NO	unpacked/mlgo_aarch_model.tar.gz/mlgo_sysroot/include/absl/container/internal/layout.h	189	unpacked/mlgo_aarch_model.tar.gz/mlgo_sysroot/include/absl/container/internal/layout.h:189	#ifdef ABSL_INTERNAL_HAS_CXA_DEMANGLE	#include <cxxabi.h>	#endif
progress/T1/corpus_hits.tsv:114495:llvm-22.1.8-18.1.src.rpm	abi::	NO	unpacked/mlgo_aarch_model.tar.gz/mlgo_sysroot/include/absl/container/internal/layout.h	300	unpacked/mlgo_aarch_model.tar.gz/mlgo_sysroot/include/absl/container/internal/layout.h:300	#ifdef ABSL_INTERNAL_HAS_CXA_DEMANGLE	  demangled = abi::__cxa_demangle(typeid(T).name(), nullptr, nullptr, &status);	#endif
progress/T1/corpus_hits.tsv:114496:llvm-22.1.8-18.1.src.rpm	abi::	NO	unpacked/mlgo_aarch_model.tar.gz/mlgo_sysroot/include/absl/debugging/internal/demangle.h	20	unpacked/mlgo_aarch_model.tar.gz/mlgo_sysroot/include/absl/debugging/internal/demangle.h:20	// symbolize stack traces.  We cannot use libstdc++'s	// abi::__cxa_demangle() in such signal handlers since it's not async	// signal safe (it uses malloc() internally).
progress/T1/corpus_hits.tsv:114497:llvm-22.1.8-18.1.src.rpm	abi::	NO	unpacked/mlgo_aarch_model.tar.gz/mlgo_sysroot/include/absl/debugging/internal/demangle.h	33	unpacked/mlgo_aarch_model.tar.gz/mlgo_sysroot/include/absl/debugging/internal/demangle.h:33	//	// | Mangled Name  | The Demangler | abi::__cxa_demangle()	// |---------------|---------------|-----------------------
progress/T1/corpus_hits.tsv:114498:llvm-22.1.8-18.1.src.rpm	<cxxabi.h>	NO	unpacked/mlgo_aarch_model.tar.gz/mlgo_sysroot/include/absl/debugging/symbolize_darwin.inc	15	unpacked/mlgo_aarch_model.tar.gz/mlgo_sysroot/include/absl/debugging/symbolize_darwin.inc:15		#include <cxxabi.h>	#include <execinfo.h>
progress/T1/corpus_hits.tsv:114499:llvm-22.1.8-18.1.src.rpm	<cxxabi.h>	NO	unpacked/mlgo_aarch_model.tar.gz/mlgo_sysroot/include/absl/debugging/symbolize_emscripten.inc	15	unpacked/mlgo_aarch_model.tar.gz/mlgo_sysroot/include/absl/debugging/symbolize_emscripten.inc:15		#include <cxxabi.h>	#include <emscripten.h>
progress/T1/corpus_hits.tsv:114500:llvm-22.1.8-18.1.src.rpm	__GLIBCXX__	YES	unpacked/mlgo_aarch_model.tar.gz/mlgo_sysroot/include/absl/hash/internal/hash.h	610	unpacked/mlgo_aarch_model.tar.gz/mlgo_sysroot/include/absl/hash/internal/hash.h:610	#if defined(ABSL_IS_BIG_ENDIAN) && \	    (defined(__GLIBCXX__) || defined(__GLIBCPP__))	
progress/T1/corpus_hits.tsv:114501:llvm-22.1.8-18.1.src.rpm	_GLIBCXX_	YES	unpacked/mlgo_aarch_model.tar.gz/mlgo_sysroot/include/absl/hash/internal/hash.h	610	unpacked/mlgo_aarch_model.tar.gz/mlgo_sysroot/include/absl/hash/internal/hash.h:610	#if defined(ABSL_IS_BIG_ENDIAN) && \	    (defined(__GLIBCXX__) || defined(__GLIBCPP__))	
progress/T1/corpus_hits.tsv:114502:llvm-22.1.8-18.1.src.rpm	__GLIBCXX__	YES	unpacked/mlgo_aarch_model.tar.gz/mlgo_sysroot/include/absl/hash/internal/hash.h	792	unpacked/mlgo_aarch_model.tar.gz/mlgo_sysroot/include/absl/hash/internal/hash.h:792	#if defined(ABSL_IS_BIG_ENDIAN) && \	    (defined(__GLIBCXX__) || defined(__GLIBCPP__))	// AbslHashValue for hashing std::bitset
progress/T1/corpus_hits.tsv:114503:llvm-22.1.8-18.1.src.rpm	_GLIBCXX_	YES	unpacked/mlgo_aarch_model.tar.gz/mlgo_sysroot/include/absl/hash/internal/hash.h	792	unpacked/mlgo_aarch_model.tar.gz/mlgo_sysroot/include/absl/hash/internal/hash.h:792	#if defined(ABSL_IS_BIG_ENDIAN) && \	    (defined(__GLIBCXX__) || defined(__GLIBCPP__))	// AbslHashValue for hashing std::bitset
progress/T1/corpus_hits.tsv:114504:llvm-22.1.8-18.1.src.rpm	_GLIBCXX_	YES	unpacked/mlgo_aarch_model.tar.gz/mlgo_sysroot/include/absl/strings/internal/stl_type_traits.h	17	unpacked/mlgo_aarch_model.tar.gz/mlgo_sysroot/include/absl/strings/internal/stl_type_traits.h:17	// Thie file provides the IsStrictlyBaseOfAndConvertibleToSTLContainer type	// trait metafunction to assist in working with the _GLIBCXX_DEBUG debug	// wrappers of STL containers.
progress/T1/corpus_hits.tsv:114505:llvm-22.1.8-18.1.src.rpm	_GLIBCXX_	YES	unpacked/mlgo_aarch_model.tar.gz/mlgo_sysroot/include/absl/strings/internal/str_split_internal.h	45	unpacked/mlgo_aarch_model.tar.gz/mlgo_sysroot/include/absl/strings/internal/str_split_internal.h:45		#ifdef _GLIBCXX_DEBUG	"#include ""absl/strings/internal/stl_type_traits.h"""
progress/T1/corpus_hits.tsv:114506:llvm-22.1.8-18.1.src.rpm	_GLIBCXX_	YES	unpacked/mlgo_aarch_model.tar.gz/mlgo_sysroot/include/absl/strings/internal/str_split_internal.h	47	unpacked/mlgo_aarch_model.tar.gz/mlgo_sysroot/include/absl/strings/internal/str_split_internal.h:47	"#include ""absl/strings/internal/stl_type_traits.h"""	#endif  // _GLIBCXX_DEBUG	
progress/T1/corpus_hits.tsv:114507:llvm-22.1.8-18.1.src.rpm	_GLIBCXX_	YES	unpacked/mlgo_aarch_model.tar.gz/mlgo_sysroot/include/absl/strings/internal/str_split_internal.h	229	unpacked/mlgo_aarch_model.tar.gz/mlgo_sysroot/include/absl/strings/internal/str_split_internal.h:229	          C,	#ifdef _GLIBCXX_DEBUG	          !IsStrictlyBaseOfAndConvertibleToSTLContainer<C>::value &&
progress/T1/corpus_hits.tsv:114508:llvm-22.1.8-18.1.src.rpm	_GLIBCXX_	YES	unpacked/mlgo_aarch_model.tar.gz/mlgo_sysroot/include/absl/strings/internal/str_split_internal.h	231	unpacked/mlgo_aarch_model.tar.gz/mlgo_sysroot/include/absl/strings/internal/str_split_internal.h:231	          !IsStrictlyBaseOfAndConvertibleToSTLContainer<C>::value &&	#endif  // _GLIBCXX_DEBUG	              !IsInitializerList<
progress/T1/corpus_hits.tsv:114509:llvm-22.1.8-18.1.src.rpm	__GLIBCXX__	YES	unpacked/mlgo_aarch_model.tar.gz/mlgo_sysroot/include/external/icu/icu4c/source/common/unicode/std_string.h	34	unpacked/mlgo_aarch_model.tar.gz/mlgo_sysroot/include/external/icu/icu4c/source/common/unicode/std_string.h:34	// https://bugs.llvm.org/show_bug.cgi?id=13364	#if defined(__GLIBCXX__)	namespace std { class type_info; }
progress/T1/corpus_hits.tsv:114510:llvm-22.1.8-18.1.src.rpm	_GLIBCXX_	YES	unpacked/mlgo_aarch_model.tar.gz/mlgo_sysroot/include/external/icu/icu4c/source/common/unicode/std_string.h	34	unpacked/mlgo_aarch_model.tar.gz/mlgo_sysroot/include/external/icu/icu4c/source/common/unicode/std_string.h:34	// https://bugs.llvm.org/show_bug.cgi?id=13364	#if defined(__GLIBCXX__)	namespace std { class type_info; }
progress/T1/corpus_hits.tsv:114511:llvm-22.1.8-18.1.src.rpm	__GLIBCXX__	YES	unpacked/mlgo_aarch_model.tar.gz/mlgo_sysroot/include/external/icu/icu4c/source/common/utypeinfo.h	27	unpacked/mlgo_aarch_model.tar.gz/mlgo_sysroot/include/external/icu/icu4c/source/common/utypeinfo.h:27	#endif	#if defined(__GLIBCXX__)	namespace std { class type_info; } // WORKAROUND: http://llvm.org/bugs/show_bug.cgi?id=13364
progress/T1/corpus_hits.tsv:114512:llvm-22.1.8-18.1.src.rpm	_GLIBCXX_	YES	unpacked/mlgo_aarch_model.tar.gz/mlgo_sysroot/include/external/icu/icu4c/source/common/utypeinfo.h	27	unpacked/mlgo_aarch_model.tar.gz/mlgo_sysroot/include/external/icu/icu4c/source/common/utypeinfo.h:27	#endif	#if defined(__GLIBCXX__)	namespace std { class type_info; } // WORKAROUND: http://llvm.org/bugs/show_bug.cgi?id=13364
progress/T1/corpus_hits.tsv:114513:llvm-22.1.8-18.1.src.rpm	#include <bits/	YES	unpacked/mlgo_aarch_model.tar.gz/mlgo_sysroot/include/external/local_config_python/python_include/cpython/pthread_stubs.h	31	unpacked/mlgo_aarch_model.tar.gz/mlgo_sysroot/include/external/local_config_python/python_include/cpython/pthread_stubs.h:31	#  define __NEED_pthread_attr_t 1	#  include <bits/alltypes.h>	#else
progress/T1/corpus_hits.tsv:114514:llvm-22.1.8-18.1.src.rpm	__GLIBCXX__	YES	unpacked/mlgo_aarch_model.tar.gz/mlgo_sysroot/include/external/onednn/src/cpu/x64/xbyak/xbyak.h	98	unpacked/mlgo_aarch_model.tar.gz/mlgo_sysroot/include/external/onednn/src/cpu/x64/xbyak/xbyak.h:98	*/	#elif XBYAK_GNUC_PREREQ(4, 5) || (XBYAK_GNUC_PREREQ(4, 2) && __GLIBCXX__ >= 20070719) || defined(__INTEL_COMPILER) || defined(__llvm__)	\t#include <tr1/unordered_set>
progress/T1/corpus_hits.tsv:114515:llvm-22.1.8-18.1.src.rpm	_GLIBCXX_	YES	unpacked/mlgo_aarch_model.tar.gz/mlgo_sysroot/include/external/onednn/src/cpu/x64/xbyak/xbyak.h	98	unpacked/mlgo_aarch_model.tar.gz/mlgo_sysroot/include/external/onednn/src/cpu/x64/xbyak/xbyak.h:98	*/	#elif XBYAK_GNUC_PREREQ(4, 5) || (XBYAK_GNUC_PREREQ(4, 2) && __GLIBCXX__ >= 20070719) || defined(__INTEL_COMPILER) || defined(__llvm__)	\t#include <tr1/unordered_set>
progress/T1/corpus_hits.tsv:114516:llvm-22.1.8-18.1.src.rpm	__GLIBCXX__	YES	unpacked/mlgo_aarch_model.tar.gz/mlgo_sysroot/include/external/pybind11/_virtual_includes/pybind11/pybind11/detail/internals.h	117	unpacked/mlgo_aarch_model.tar.gz/mlgo_sysroot/include/external/pybind11/_virtual_includes/pybind11/pybind11/detail/internals.h:117	// functions that use the type name.	#if defined(__GLIBCXX__)	inline bool same_type(const std::type_info &lhs, const std::type_info &rhs) { return lhs == rhs; }
progress/T1/corpus_hits.tsv:114517:llvm-22.1.8-18.1.src.rpm	_GLIBCXX_	YES	unpacked/mlgo_aarch_model.tar.gz/mlgo_sysroot/include/external/pybind11/_virtual_includes/pybind11/pybind11/detail/internals.h	117	unpacked/mlgo_aarch_model.tar.gz/mlgo_sysroot/include/external/pybind11/_virtual_includes/pybind11/pybind11/detail/internals.h:117	// functions that use the type name.	#if defined(__GLIBCXX__)	inline bool same_type(const std::type_info &lhs, const std::type_info &rhs) { return lhs == rhs; }
progress/T1/corpus_hits.tsv:114518:llvm-22.1.8-18.1.src.rpm	__GLIBCXX__	YES	unpacked/mlgo_aarch_model.tar.gz/mlgo_sysroot/include/external/pybind11/_virtual_includes/pybind11/pybind11/detail/internals.h	276	unpacked/mlgo_aarch_model.tar.gz/mlgo_sysroot/include/external/pybind11/_virtual_includes/pybind11/pybind11/detail/internals.h:276	"#        define PYBIND11_STDLIB ""_libcpp"""	#    elif defined(__GLIBCXX__) || defined(__GLIBCPP__)	"#        define PYBIND11_STDLIB ""_libstdcpp"""
progress/T1/corpus_hits.tsv:114519:llvm-22.1.8-18.1.src.rpm	_GLIBCXX_	YES	unpacked/mlgo_aarch_model.tar.gz/mlgo_sysroot/include/external/pybind11/_virtual_includes/pybind11/pybind11/detail/internals.h	276	unpacked/mlgo_aarch_model.tar.gz/mlgo_sysroot/include/external/pybind11/_virtual_includes/pybind11/pybind11/detail/internals.h:276	"#        define PYBIND11_STDLIB ""_libcpp"""	#    elif defined(__GLIBCXX__) || defined(__GLIBCPP__)	"#        define PYBIND11_STDLIB ""_libstdcpp"""
progress/T1/corpus_hits.tsv:114520:llvm-22.1.8-18.1.src.rpm	__GLIBCXX__	YES	unpacked/mlgo_aarch_model.tar.gz/mlgo_sysroot/include/external/pybind11/_virtual_includes/pybind11/pybind11/detail/internals.h	408	unpacked/mlgo_aarch_model.tar.gz/mlgo_sysroot/include/external/pybind11/_virtual_includes/pybind11/pybind11/detail/internals.h:408		#if !defined(__GLIBCXX__)	inline void translate_local_exception(std::exception_ptr p) {
progress/T1/corpus_hits.tsv:114521:llvm-22.1.8-18.1.src.rpm	_GLIBCXX_	YES	unpacked/mlgo_aarch_model.tar.gz/mlgo_sysroot/include/external/pybind11/_virtual_includes/pybind11/pybind11/detail/internals.h	408	unpacked/mlgo_aarch_model.tar.gz/mlgo_sysroot/include/external/pybind11/_virtual_includes/pybind11/pybind11/detail/internals.h:408		#if !defined(__GLIBCXX__)	inline void translate_local_exception(std::exception_ptr p) {
progress/T1/corpus_hits.tsv:114522:llvm-22.1.8-18.1.src.rpm	__GLIBCXX__	YES	unpacked/mlgo_aarch_model.tar.gz/mlgo_sysroot/include/external/pybind11/_virtual_includes/pybind11/pybind11/detail/internals.h	460	unpacked/mlgo_aarch_model.tar.gz/mlgo_sysroot/include/external/pybind11/_virtual_includes/pybind11/pybind11/detail/internals.h:460	        // libc++ with PyPy still need it, awaiting further investigation	#if !defined(__GLIBCXX__)	        (*internals_pp)->registered_exception_translators.push_front(&translate_local_exception);
progress/T1/corpus_hits.tsv:114523:llvm-22.1.8-18.1.src.rpm	_GLIBCXX_	YES	unpacked/mlgo_aarch_model.tar.gz/mlgo_sysroot/include/external/pybind11/_virtual_includes/pybind11/pybind11/detail/internals.h	460	unpacked/mlgo_aarch_model.tar.gz/mlgo_sysroot/include/external/pybind11/_virtual_includes/pybind11/pybind11/detail/internals.h:460	        // libc++ with PyPy still need it, awaiting further investigation	#if !defined(__GLIBCXX__)	        (*internals_pp)->registered_exception_translators.push_front(&translate_local_exception);
progress/T1/corpus_hits.tsv:114524:llvm-22.1.8-18.1.src.rpm	<cxxabi.h>	NO	unpacked/mlgo_aarch_model.tar.gz/mlgo_sysroot/include/external/pybind11/_virtual_includes/pybind11/pybind11/detail/typeid.h	16	unpacked/mlgo_aarch_model.tar.gz/mlgo_sysroot/include/external/pybind11/_virtual_includes/pybind11/pybind11/detail/typeid.h:16	#if defined(__GNUG__)	#    include <cxxabi.h>	#endif
progress/T1/corpus_hits.tsv:114525:llvm-22.1.8-18.1.src.rpm	abi::	NO	unpacked/mlgo_aarch_model.tar.gz/mlgo_sysroot/include/external/pybind11/_virtual_includes/pybind11/pybind11/detail/typeid.h	39	unpacked/mlgo_aarch_model.tar.gz/mlgo_sysroot/include/external/pybind11/_virtual_includes/pybind11/pybind11/detail/typeid.h:39	    std::unique_ptr<char, void (*)(void *)> res{	        abi::__cxa_demangle(name.c_str(), nullptr, nullptr, &status), std::free};	    if (status == 0) {
progress/T1/corpus_hits.tsv:114526:llvm-22.1.8-18.1.src.rpm	__GLIBCXX__	YES	unpacked/mlgo_aarch_model.tar.gz/mlgo_sysroot/include/external/pybind11/_virtual_includes/pybind11/pybind11/numpy.h	370	unpacked/mlgo_aarch_model.tar.gz/mlgo_sysroot/include/external/pybind11/_virtual_includes/pybind11/pybind11/numpy.h:370	                                         // we need a standard layout type	#if defined(__GLIBCXX__)                                                                          \	    && (__GLIBCXX__ < 20150422 || __GLIBCXX__ == 20150426 || __GLIBCXX__ == 20150623              \
progress/T1/corpus_hits.tsv:114527:llvm-22.1.8-18.1.src.rpm	_GLIBCXX_	YES	unpacked/mlgo_aarch_model.tar.gz/mlgo_sysroot/include/external/pybind11/_virtual_includes/pybind11/pybind11/numpy.h	370	unpacked/mlgo_aarch_model.tar.gz/mlgo_sysroot/include/external/pybind11/_virtual_includes/pybind11/pybind11/numpy.h:370	                                         // we need a standard layout type	#if defined(__GLIBCXX__)                                                                          \	    && (__GLIBCXX__ < 20150422 || __GLIBCXX__ == 20150426 || __GLIBCXX__ == 20150623              \
progress/T1/corpus_hits.tsv:114528:llvm-22.1.8-18.1.src.rpm	__GLIBCXX__	YES	unpacked/mlgo_aarch_model.tar.gz/mlgo_sysroot/include/external/pybind11/_virtual_includes/pybind11/pybind11/numpy.h	371	unpacked/mlgo_aarch_model.tar.gz/mlgo_sysroot/include/external/pybind11/_virtual_includes/pybind11/pybind11/numpy.h:371	#if defined(__GLIBCXX__)                                                                          \	    && (__GLIBCXX__ < 20150422 || __GLIBCXX__ == 20150426 || __GLIBCXX__ == 20150623              \	        || __GLIBCXX__ == 20150626 || __GLIBCXX__ == 20160803)
progress/T1/corpus_hits.tsv:114529:llvm-22.1.8-18.1.src.rpm	_GLIBCXX_	YES	unpacked/mlgo_aarch_model.tar.gz/mlgo_sysroot/include/external/pybind11/_virtual_includes/pybind11/pybind11/numpy.h	371	unpacked/mlgo_aarch_model.tar.gz/mlgo_sysroot/include/external/pybind11/_virtual_includes/pybind11/pybind11/numpy.h:371	#if defined(__GLIBCXX__)                                                                          \	    && (__GLIBCXX__ < 20150422 || __GLIBCXX__ == 20150426 || __GLIBCXX__ == 20150623              \	        || __GLIBCXX__ == 20150626 || __GLIBCXX__ == 20160803)
progress/T1/corpus_hits.tsv:114530:llvm-22.1.8-18.1.src.rpm	__GLIBCXX__	YES	unpacked/mlgo_aarch_model.tar.gz/mlgo_sysroot/include/external/pybind11/_virtual_includes/pybind11/pybind11/numpy.h	372	unpacked/mlgo_aarch_model.tar.gz/mlgo_sysroot/include/external/pybind11/_virtual_includes/pybind11/pybind11/numpy.h:372	    && (__GLIBCXX__ < 20150422 || __GLIBCXX__ == 20150426 || __GLIBCXX__ == 20150623              \	        || __GLIBCXX__ == 20150626 || __GLIBCXX__ == 20160803)	             // libstdc++ < 5 (including versions 4.8.5, 4.9.3 and 4.9.4 which were released after
progress/T1/corpus_hits.tsv:114531:llvm-22.1.8-18.1.src.rpm	_GLIBCXX_	YES	unpacked/mlgo_aarch_model.tar.gz/mlgo_sysroot/include/external/pybind11/_virtual_includes/pybind11/pybind11/numpy.h	372	unpacked/mlgo_aarch_model.tar.gz/mlgo_sysroot/include/external/pybind11/_virtual_includes/pybind11/pybind11/numpy.h:372	    && (__GLIBCXX__ < 20150422 || __GLIBCXX__ == 20150426 || __GLIBCXX__ == 20150623              \	        || __GLIBCXX__ == 20150626 || __GLIBCXX__ == 20160803)	             // libstdc++ < 5 (including versions 4.8.5, 4.9.3 and 4.9.4 which were released after
progress/T1/corpus_hits.tsv:114532:llvm-22.1.8-18.1.src.rpm	<cxxabi.h>	NO	unpacked/mlgo_aarch_model.tar.gz/mlgo_sysroot/include/external/pybind11/_virtual_includes/pybind11/pybind11/pybind11.h	35	unpacked/mlgo_aarch_model.tar.gz/mlgo_sysroot/include/external/pybind11/_virtual_includes/pybind11/pybind11/pybind11.h:35	#if defined(__GNUG__) && !defined(__clang__)	#    include <cxxabi.h>	#endif
progress/T1/corpus_hits.tsv:114533:llvm-22.1.8-18.1.src.rpm	__GLIBCXX__	YES	unpacked/mlgo_aarch_model.tar.gz/mlgo_sysroot/include/external/pybind11/_virtual_includes/pybind11/pybind11/pybind11.h	988	unpacked/mlgo_aarch_model.tar.gz/mlgo_sysroot/include/external/pybind11/_virtual_includes/pybind11/pybind11/pybind11.h:988	            return nullptr;	#ifdef __GLIBCXX__	        } catch (abi::__forced_unwind &) {
progress/T1/corpus_hits.tsv:114534:llvm-22.1.8-18.1.src.rpm	_GLIBCXX_	YES	unpacked/mlgo_aarch_model.tar.gz/mlgo_sysroot/include/external/pybind11/_virtual_includes/pybind11/pybind11/pybind11.h	988	unpacked/mlgo_aarch_model.tar.gz/mlgo_sysroot/include/external/pybind11/_virtual_includes/pybind11/pybind11/pybind11.h:988	            return nullptr;	#ifdef __GLIBCXX__	        } catch (abi::__forced_unwind &) {
progress/T1/corpus_hits.tsv:114535:llvm-22.1.8-18.1.src.rpm	__forced_unwind	NO	unpacked/mlgo_aarch_model.tar.gz/mlgo_sysroot/include/external/pybind11/_virtual_includes/pybind11/pybind11/pybind11.h	989	unpacked/mlgo_aarch_model.tar.gz/mlgo_sysroot/include/external/pybind11/_virtual_includes/pybind11/pybind11/pybind11.h:989	#ifdef __GLIBCXX__	        } catch (abi::__forced_unwind &) {	            throw;
progress/T1/corpus_hits.tsv:114536:llvm-22.1.8-18.1.src.rpm	abi::	NO	unpacked/mlgo_aarch_model.tar.gz/mlgo_sysroot/include/external/pybind11/_virtual_includes/pybind11/pybind11/pybind11.h	989	unpacked/mlgo_aarch_model.tar.gz/mlgo_sysroot/include/external/pybind11/_virtual_includes/pybind11/pybind11/pybind11.h:989	#ifdef __GLIBCXX__	        } catch (abi::__forced_unwind &) {	            throw;
progress/T1/corpus_hits.tsv:114537:llvm-22.1.8-18.1.src.rpm	__GLIBCXX__	YES	unpacked/mlgo_aarch_model.tar.gz/mlgo_sysroot/include/external/pybind11/include/pybind11/detail/internals.h	117	unpacked/mlgo_aarch_model.tar.gz/mlgo_sysroot/include/external/pybind11/include/pybind11/detail/internals.h:117	// functions that use the type name.	#if defined(__GLIBCXX__)	inline bool same_type(const std::type_info &lhs, const std::type_info &rhs) { return lhs == rhs; }
progress/T1/corpus_hits.tsv:114538:llvm-22.1.8-18.1.src.rpm	_GLIBCXX_	YES	unpacked/mlgo_aarch_model.tar.gz/mlgo_sysroot/include/external/pybind11/include/pybind11/detail/internals.h	117	unpacked/mlgo_aarch_model.tar.gz/mlgo_sysroot/include/external/pybind11/include/pybind11/detail/internals.h:117	// functions that use the type name.	#if defined(__GLIBCXX__)	inline bool same_type(const std::type_info &lhs, const std::type_info &rhs) { return lhs == rhs; }
progress/T1/corpus_hits.tsv:114539:llvm-22.1.8-18.1.src.rpm	__GLIBCXX__	YES	unpacked/mlgo_aarch_model.tar.gz/mlgo_sysroot/include/external/pybind11/include/pybind11/detail/internals.h	276	unpacked/mlgo_aarch_model.tar.gz/mlgo_sysroot/include/external/pybind11/include/pybind11/detail/internals.h:276	"#        define PYBIND11_STDLIB ""_libcpp"""	#    elif defined(__GLIBCXX__) || defined(__GLIBCPP__)	"#        define PYBIND11_STDLIB ""_libstdcpp"""
progress/T1/corpus_hits.tsv:114540:llvm-22.1.8-18.1.src.rpm	_GLIBCXX_	YES	unpacked/mlgo_aarch_model.tar.gz/mlgo_sysroot/include/external/pybind11/include/pybind11/detail/internals.h	276	unpacked/mlgo_aarch_model.tar.gz/mlgo_sysroot/include/external/pybind11/include/pybind11/detail/internals.h:276	"#        define PYBIND11_STDLIB ""_libcpp"""	#    elif defined(__GLIBCXX__) || defined(__GLIBCPP__)	"#        define PYBIND11_STDLIB ""_libstdcpp"""
progress/T1/corpus_hits.tsv:114541:llvm-22.1.8-18.1.src.rpm	__GLIBCXX__	YES	unpacked/mlgo_aarch_model.tar.gz/mlgo_sysroot/include/external/pybind11/include/pybind11/detail/internals.h	408	unpacked/mlgo_aarch_model.tar.gz/mlgo_sysroot/include/external/pybind11/include/pybind11/detail/internals.h:408		#if !defined(__GLIBCXX__)	inline void translate_local_exception(std::exception_ptr p) {
progress/T1/corpus_hits.tsv:114542:llvm-22.1.8-18.1.src.rpm	_GLIBCXX_	YES	unpacked/mlgo_aarch_model.tar.gz/mlgo_sysroot/include/external/pybind11/include/pybind11/detail/internals.h	408	unpacked/mlgo_aarch_model.tar.gz/mlgo_sysroot/include/external/pybind11/include/pybind11/detail/internals.h:408		#if !defined(__GLIBCXX__)	inline void translate_local_exception(std::exception_ptr p) {
progress/T1/corpus_hits.tsv:114543:llvm-22.1.8-18.1.src.rpm	__GLIBCXX__	YES	unpacked/mlgo_aarch_model.tar.gz/mlgo_sysroot/include/external/pybind11/include/pybind11/detail/internals.h	460	unpacked/mlgo_aarch_model.tar.gz/mlgo_sysroot/include/external/pybind11/include/pybind11/detail/internals.h:460	        // libc++ with PyPy still need it, awaiting further investigation	#if !defined(__GLIBCXX__)	        (*internals_pp)->registered_exception_translators.push_front(&translate_local_exception);
progress/T1/corpus_hits.tsv:114544:llvm-22.1.8-18.1.src.rpm	_GLIBCXX_	YES	unpacked/mlgo_aarch_model.tar.gz/mlgo_sysroot/include/external/pybind11/include/pybind11/detail/internals.h	460	unpacked/mlgo_aarch_model.tar.gz/mlgo_sysroot/include/external/pybind11/include/pybind11/detail/internals.h:460	        // libc++ with PyPy still need it, awaiting further investigation	#if !defined(__GLIBCXX__)	        (*internals_pp)->registered_exception_translators.push_front(&translate_local_exception);
progress/T1/corpus_hits.tsv:114545:llvm-22.1.8-18.1.src.rpm	<cxxabi.h>	NO	unpacked/mlgo_aarch_model.tar.gz/mlgo_sysroot/include/external/pybind11/include/pybind11/detail/typeid.h	16	unpacked/mlgo_aarch_model.tar.gz/mlgo_sysroot/include/external/pybind11/include/pybind11/detail/typeid.h:16	#if defined(__GNUG__)	#    include <cxxabi.h>	#endif
progress/T1/corpus_hits.tsv:114546:llvm-22.1.8-18.1.src.rpm	abi::	NO	unpacked/mlgo_aarch_model.tar.gz/mlgo_sysroot/include/external/pybind11/include/pybind11/detail/typeid.h	39	unpacked/mlgo_aarch_model.tar.gz/mlgo_sysroot/include/external/pybind11/include/pybind11/detail/typeid.h:39	    std::unique_ptr<char, void (*)(void *)> res{	        abi::__cxa_demangle(name.c_str(), nullptr, nullptr, &status), std::free};	    if (status == 0) {
progress/T1/corpus_hits.tsv:114547:llvm-22.1.8-18.1.src.rpm	__GLIBCXX__	YES	unpacked/mlgo_aarch_model.tar.gz/mlgo_sysroot/include/external/pybind11/include/pybind11/numpy.h	370	unpacked/mlgo_aarch_model.tar.gz/mlgo_sysroot/include/external/pybind11/include/pybind11/numpy.h:370	                                         // we need a standard layout type	#if defined(__GLIBCXX__)                                                                          \	    && (__GLIBCXX__ < 20150422 || __GLIBCXX__ == 20150426 || __GLIBCXX__ == 20150623              \
progress/T1/corpus_hits.tsv:114548:llvm-22.1.8-18.1.src.rpm	_GLIBCXX_	YES	unpacked/mlgo_aarch_model.tar.gz/mlgo_sysroot/include/external/pybind11/include/pybind11/numpy.h	370	unpacked/mlgo_aarch_model.tar.gz/mlgo_sysroot/include/external/pybind11/include/pybind11/numpy.h:370	                                         // we need a standard layout type	#if defined(__GLIBCXX__)                                                                          \	    && (__GLIBCXX__ < 20150422 || __GLIBCXX__ == 20150426 || __GLIBCXX__ == 20150623              \
progress/T1/corpus_hits.tsv:114549:llvm-22.1.8-18.1.src.rpm	__GLIBCXX__	YES	unpacked/mlgo_aarch_model.tar.gz/mlgo_sysroot/include/external/pybind11/include/pybind11/numpy.h	371	unpacked/mlgo_aarch_model.tar.gz/mlgo_sysroot/include/external/pybind11/include/pybind11/numpy.h:371	#if defined(__GLIBCXX__)                                                                          \	    && (__GLIBCXX__ < 20150422 || __GLIBCXX__ == 20150426 || __GLIBCXX__ == 20150623              \	        || __GLIBCXX__ == 20150626 || __GLIBCXX__ == 20160803)
progress/T1/corpus_hits.tsv:114550:llvm-22.1.8-18.1.src.rpm	_GLIBCXX_	YES	unpacked/mlgo_aarch_model.tar.gz/mlgo_sysroot/include/external/pybind11/include/pybind11/numpy.h	371	unpacked/mlgo_aarch_model.tar.gz/mlgo_sysroot/include/external/pybind11/include/pybind11/numpy.h:371	#if defined(__GLIBCXX__)                                                                          \	    && (__GLIBCXX__ < 20150422 || __GLIBCXX__ == 20150426 || __GLIBCXX__ == 20150623              \	        || __GLIBCXX__ == 20150626 || __GLIBCXX__ == 20160803)
progress/T1/corpus_hits.tsv:114551:llvm-22.1.8-18.1.src.rpm	__GLIBCXX__	YES	unpacked/mlgo_aarch_model.tar.gz/mlgo_sysroot/include/external/pybind11/include/pybind11/numpy.h	372	unpacked/mlgo_aarch_model.tar.gz/mlgo_sysroot/include/external/pybind11/include/pybind11/numpy.h:372	    && (__GLIBCXX__ < 20150422 || __GLIBCXX__ == 20150426 || __GLIBCXX__ == 20150623              \	        || __GLIBCXX__ == 20150626 || __GLIBCXX__ == 20160803)	             // libstdc++ < 5 (including versions 4.8.5, 4.9.3 and 4.9.4 which were released after
progress/T1/corpus_hits.tsv:114552:llvm-22.1.8-18.1.src.rpm	_GLIBCXX_	YES	unpacked/mlgo_aarch_model.tar.gz/mlgo_sysroot/include/external/pybind11/include/pybind11/numpy.h	372	unpacked/mlgo_aarch_model.tar.gz/mlgo_sysroot/include/external/pybind11/include/pybind11/numpy.h:372	    && (__GLIBCXX__ < 20150422 || __GLIBCXX__ == 20150426 || __GLIBCXX__ == 20150623              \	        || __GLIBCXX__ == 20150626 || __GLIBCXX__ == 20160803)	             // libstdc++ < 5 (including versions 4.8.5, 4.9.3 and 4.9.4 which were released after
progress/T1/corpus_hits.tsv:114553:llvm-22.1.8-18.1.src.rpm	<cxxabi.h>	NO	unpacked/mlgo_aarch_model.tar.gz/mlgo_sysroot/include/external/pybind11/include/pybind11/pybind11.h	35	unpacked/mlgo_aarch_model.tar.gz/mlgo_sysroot/include/external/pybind11/include/pybind11/pybind11.h:35	#if defined(__GNUG__) && !defined(__clang__)	#    include <cxxabi.h>	#endif
progress/T1/corpus_hits.tsv:114554:llvm-22.1.8-18.1.src.rpm	__GLIBCXX__	YES	unpacked/mlgo_aarch_model.tar.gz/mlgo_sysroot/include/external/pybind11/include/pybind11/pybind11.h	988	unpacked/mlgo_aarch_model.tar.gz/mlgo_sysroot/include/external/pybind11/include/pybind11/pybind11.h:988	            return nullptr;	#ifdef __GLIBCXX__	        } catch (abi::__forced_unwind &) {
progress/T1/corpus_hits.tsv:114555:llvm-22.1.8-18.1.src.rpm	_GLIBCXX_	YES	unpacked/mlgo_aarch_model.tar.gz/mlgo_sysroot/include/external/pybind11/include/pybind11/pybind11.h	988	unpacked/mlgo_aarch_model.tar.gz/mlgo_sysroot/include/external/pybind11/include/pybind11/pybind11.h:988	            return nullptr;	#ifdef __GLIBCXX__	        } catch (abi::__forced_unwind &) {
progress/T1/corpus_hits.tsv:114556:llvm-22.1.8-18.1.src.rpm	__forced_unwind	NO	unpacked/mlgo_aarch_model.tar.gz/mlgo_sysroot/include/external/pybind11/include/pybind11/pybind11.h	989	unpacked/mlgo_aarch_model.tar.gz/mlgo_sysroot/include/external/pybind11/include/pybind11/pybind11.h:989	#ifdef __GLIBCXX__	        } catch (abi::__forced_unwind &) {	            throw;
progress/T1/corpus_hits.tsv:114557:llvm-22.1.8-18.1.src.rpm	abi::	NO	unpacked/mlgo_aarch_model.tar.gz/mlgo_sysroot/include/external/pybind11/include/pybind11/pybind11.h	989	unpacked/mlgo_aarch_model.tar.gz/mlgo_sysroot/include/external/pybind11/include/pybind11/pybind11.h:989	#ifdef __GLIBCXX__	        } catch (abi::__forced_unwind &) {	            throw;
progress/T1/corpus_hits.tsv:114558:llvm-22.1.8-18.1.src.rpm	_GLIBCXX_	YES	unpacked/mlgo_aarch_model.tar.gz/mlgo_sysroot/include/third_party/gpus/cuda/include/crt/common_functions.h	246	unpacked/mlgo_aarch_model.tar.gz/mlgo_sysroot/include/third_party/gpus/cuda/include/crt/common_functions.h:246		#define __NV_GLIBCXX_VERSION (__GNUC__ * 10000 + __GNUC_MINOR__ * 100 + __GNUC_PATCHLEVEL__) 	
progress/T1/corpus_hits.tsv:114559:llvm-22.1.8-18.1.src.rpm	_GLIBCXX_	YES	unpacked/mlgo_aarch_model.tar.gz/mlgo_sysroot/include/third_party/gpus/cuda/include/crt/common_functions.h	248	unpacked/mlgo_aarch_model.tar.gz/mlgo_sysroot/include/third_party/gpus/cuda/include/crt/common_functions.h:248		#if (__cplusplus >= 201103L)  && ((!(defined(__QNX__) && defined(_LIBCPP_VERSION))) || (defined(__QNX__) && __NV_GLIBCXX_VERSION >= 80300))	#define THROWBADALLOC 
progress/T1/corpus_hits.tsv:114560:llvm-22.1.8-18.1.src.rpm	_GLIBCXX_	YES	unpacked/mlgo_aarch_model.tar.gz/mlgo_sysroot/include/third_party/gpus/cuda/include/crt/common_functions.h	251	unpacked/mlgo_aarch_model.tar.gz/mlgo_sysroot/include/third_party/gpus/cuda/include/crt/common_functions.h:251	#else	#if defined(__ANDROID__) && !defined(_LIBCPP_VERSION) && (defined(__BIONIC__) || __NV_GLIBCXX_VERSION < 40900)	#define THROWBADALLOC
progress/T1/corpus_hits.tsv:114561:llvm-22.1.8-18.1.src.rpm	_GLIBCXX_	YES	unpacked/mlgo_aarch_model.tar.gz/mlgo_sysroot/include/third_party/gpus/cuda/include/crt/common_functions.h	259	unpacked/mlgo_aarch_model.tar.gz/mlgo_sysroot/include/third_party/gpus/cuda/include/crt/common_functions.h:259		#undef __NV_GLIBCXX_VERSION	
progress/T1/corpus_hits.tsv:114562:llvm-22.1.8-18.1.src.rpm	_GLIBCXX_	YES	unpacked/mlgo_aarch_model.tar.gz/mlgo_sysroot/include/third_party/gpus/cuda/include/crt/math_functions.h	10621	unpacked/mlgo_aarch_model.tar.gz/mlgo_sysroot/include/third_party/gpus/cuda/include/crt/math_functions.h:10621		#if ((defined _GLIBCXX_MATH_H) && _GLIBCXX_MATH_H) && (__cplusplus >= 201103L)	#if !defined(_NVHPC_CUDA)
progress/T1/corpus_hits.tsv:114563:llvm-22.1.8-18.1.src.rpm	_GLIBCXX_	YES	unpacked/mlgo_aarch_model.tar.gz/mlgo_sysroot/include/third_party/gpus/cuda/include/crt/math_functions.h	10632	unpacked/mlgo_aarch_model.tar.gz/mlgo_sysroot/include/third_party/gpus/cuda/include/crt/math_functions.h:10632	/* GCC 6.1 uses ::isnan(double x) for isnan(double x) if the condition is true */	#if _GLIBCXX_HAVE_OBSOLETE_ISNAN && !_GLIBCXX_NO_OBSOLETE_ISINF_ISNAN_DYNAMIC	__DEVICE_FUNCTIONS_DECL__ __cudart_builtin__ int isnan(double x) throw();
progress/T1/corpus_hits.tsv:114564:llvm-22.1.8-18.1.src.rpm	_GLIBCXX_	YES	unpacked/mlgo_aarch_model.tar.gz/mlgo_sysroot/include/third_party/gpus/cuda/include/crt/math_functions.h	10634	unpacked/mlgo_aarch_model.tar.gz/mlgo_sysroot/include/third_party/gpus/cuda/include/crt/math_functions.h:10634	__DEVICE_FUNCTIONS_DECL__ __cudart_builtin__ int isnan(double x) throw();	#else /* !(_GLIBCXX_HAVE_OBSOLETE_ISNAN && !_GLIBCXX_NO_OBSOLETE_ISINF_ISNAN_DYNAMIC) */	__DEVICE_FUNCTIONS_DECL__ __cudart_builtin__ constexpr bool isnan(double x);
progress/T1/corpus_hits.tsv:114565:llvm-22.1.8-18.1.src.rpm	_GLIBCXX_	YES	unpacked/mlgo_aarch_model.tar.gz/mlgo_sysroot/include/third_party/gpus/cuda/include/crt/math_functions.h	10636	unpacked/mlgo_aarch_model.tar.gz/mlgo_sysroot/include/third_party/gpus/cuda/include/crt/math_functions.h:10636	__DEVICE_FUNCTIONS_DECL__ __cudart_builtin__ constexpr bool isnan(double x);	#endif /* _GLIBCXX_HAVE_OBSOLETE_ISNAN && !_GLIBCXX_NO_OBSOLETE_ISINF_ISNAN_DYNAMIC */	__DEVICE_FUNCTIONS_DECL__ __cudart_builtin__ constexpr bool isnan(long double x);
progress/T1/corpus_hits.tsv:114566:llvm-22.1.8-18.1.src.rpm	_GLIBCXX_	YES	unpacked/mlgo_aarch_model.tar.gz/mlgo_sysroot/include/third_party/gpus/cuda/include/crt/math_functions.h	10640	unpacked/mlgo_aarch_model.tar.gz/mlgo_sysroot/include/third_party/gpus/cuda/include/crt/math_functions.h:10640	/* GCC 6.1 uses ::isinf(double x) for isinf(double x) if the condition is true. */	#if _GLIBCXX_HAVE_OBSOLETE_ISINF && !_GLIBCXX_NO_OBSOLETE_ISINF_ISNAN_DYNAMIC	__DEVICE_FUNCTIONS_DECL__ __cudart_builtin__ int isinf(double x) throw();
progress/T1/corpus_hits.tsv:114567:llvm-22.1.8-18.1.src.rpm	_GLIBCXX_	YES	unpacked/mlgo_aarch_model.tar.gz/mlgo_sysroot/include/third_party/gpus/cuda/include/crt/math_functions.h	10642	unpacked/mlgo_aarch_model.tar.gz/mlgo_sysroot/include/third_party/gpus/cuda/include/crt/math_functions.h:10642	__DEVICE_FUNCTIONS_DECL__ __cudart_builtin__ int isinf(double x) throw();	#else /* !(_GLIBCXX_HAVE_OBSOLETE_ISINF && !_GLIBCXX_NO_OBSOLETE_ISINF_ISNAN_DYNAMIC) */	__DEVICE_FUNCTIONS_DECL__ __cudart_builtin__ constexpr bool isinf(double x);
progress/T1/corpus_hits.tsv:114568:llvm-22.1.8-18.1.src.rpm	_GLIBCXX_	YES	unpacked/mlgo_aarch_model.tar.gz/mlgo_sysroot/include/third_party/gpus/cuda/include/crt/math_functions.h	10644	unpacked/mlgo_aarch_model.tar.gz/mlgo_sysroot/include/third_party/gpus/cuda/include/crt/math_functions.h:10644	__DEVICE_FUNCTIONS_DECL__ __cudart_builtin__ constexpr bool isinf(double x);	#endif /* _GLIBCXX_HAVE_OBSOLETE_ISINF && !_GLIBCXX_NO_OBSOLETE_ISINF_ISNAN_DYNAMIC */	__DEVICE_FUNCTIONS_DECL__ __cudart_builtin__ constexpr bool isinf(long double x);
progress/T1/corpus_hits.tsv:114569:llvm-22.1.8-18.1.src.rpm	_GLIBCXX_	YES	unpacked/mlgo_aarch_model.tar.gz/mlgo_sysroot/include/third_party/gpus/cuda/include/crt/math_functions.h	10649	unpacked/mlgo_aarch_model.tar.gz/mlgo_sysroot/include/third_party/gpus/cuda/include/crt/math_functions.h:10649		#else /* !(((defined _GLIBCXX_MATH_H) && _GLIBCXX_MATH_H) && (__cplusplus >= 201103L)) */	
progress/T1/corpus_hits.tsv:114570:llvm-22.1.8-18.1.src.rpm	_GLIBCXX_	YES	unpacked/mlgo_aarch_model.tar.gz/mlgo_sysroot/include/third_party/gpus/cuda/include/crt/math_functions.h	10748	unpacked/mlgo_aarch_model.tar.gz/mlgo_sysroot/include/third_party/gpus/cuda/include/crt/math_functions.h:10748		#endif /* ((defined _GLIBCXX_MATH_H) && _GLIBCXX_MATH_H) && (__cplusplus >= 201103L) */	#endif /* __APPLE__ */
progress/T1/corpus_hits.tsv:114571:llvm-22.1.8-18.1.src.rpm	_GLIBCXX_	YES	unpacked/mlgo_aarch_model.tar.gz/mlgo_sysroot/include/third_party/gpus/cuda/include/crt/math_functions.h	10754	unpacked/mlgo_aarch_model.tar.gz/mlgo_sysroot/include/third_party/gpus/cuda/include/crt/math_functions.h:10754	#if __has_include(<ext/random>)	#define __NV_GLIBCXX_VERSION 40800	#endif /* __has_include(<random>) */
progress/T1/corpus_hits.tsv:114572:llvm-22.1.8-18.1.src.rpm	_GLIBCXX_	YES	unpacked/mlgo_aarch_model.tar.gz/mlgo_sysroot/include/third_party/gpus/cuda/include/crt/math_functions.h	10758	unpacked/mlgo_aarch_model.tar.gz/mlgo_sysroot/include/third_party/gpus/cuda/include/crt/math_functions.h:10758		#if !defined(__NV_GLIBCXX_VERSION)	#define __NV_GLIBCXX_VERSION (__GNUC__ * 10000 + __GNUC_MINOR__ * 100 + __GNUC_PATCHLEVEL__) 
progress/T1/corpus_hits.tsv:114573:llvm-22.1.8-18.1.src.rpm	_GLIBCXX_	YES	unpacked/mlgo_aarch_model.tar.gz/mlgo_sysroot/include/third_party/gpus/cuda/include/crt/math_functions.h	10759	unpacked/mlgo_aarch_model.tar.gz/mlgo_sysroot/include/third_party/gpus/cuda/include/crt/math_functions.h:10759	#if !defined(__NV_GLIBCXX_VERSION)	#define __NV_GLIBCXX_VERSION (__GNUC__ * 10000 + __GNUC_MINOR__ * 100 + __GNUC_PATCHLEVEL__) 	#endif /* !__NV_GLIBCXX_VERSION */
progress/T1/corpus_hits.tsv:114574:llvm-22.1.8-18.1.src.rpm	_GLIBCXX_	YES	unpacked/mlgo_aarch_model.tar.gz/mlgo_sysroot/include/third_party/gpus/cuda/include/crt/math_functions.h	10760	unpacked/mlgo_aarch_model.tar.gz/mlgo_sysroot/include/third_party/gpus/cuda/include/crt/math_functions.h:10760	#define __NV_GLIBCXX_VERSION (__GNUC__ * 10000 + __GNUC_MINOR__ * 100 + __GNUC_PATCHLEVEL__) 	#endif /* !__NV_GLIBCXX_VERSION */	#endif /* !defined(_LIBCPP_VERSION) */
progress/T1/corpus_hits.tsv:114575:llvm-22.1.8-18.1.src.rpm	_GLIBCXX_	YES	unpacked/mlgo_aarch_model.tar.gz/mlgo_sysroot/include/third_party/gpus/cuda/include/crt/math_functions.h	10764	unpacked/mlgo_aarch_model.tar.gz/mlgo_sysroot/include/third_party/gpus/cuda/include/crt/math_functions.h:10764	#if !defined(__HORIZON__) || !defined(_LIBCPP_VERSION) || _LIBCPP_VERSION < 3800	#if defined(__arm__) && !defined(_STLPORT_VERSION) && !_GLIBCXX_USE_C99	#if !defined(__ANDROID__) || (defined(__NV_GLIBCXX_VERSION) && __NV_GLIBCXX_VERSION < 40800)
progress/T1/corpus_hits.tsv:114576:llvm-22.1.8-18.1.src.rpm	_GLIBCXX_	YES	unpacked/mlgo_aarch_model.tar.gz/mlgo_sysroot/include/third_party/gpus/cuda/include/crt/math_functions.h	10765	unpacked/mlgo_aarch_model.tar.gz/mlgo_sysroot/include/third_party/gpus/cuda/include/crt/math_functions.h:10765	#if defined(__arm__) && !defined(_STLPORT_VERSION) && !_GLIBCXX_USE_C99	#if !defined(__ANDROID__) || (defined(__NV_GLIBCXX_VERSION) && __NV_GLIBCXX_VERSION < 40800)	
progress/T1/corpus_hits.tsv:114577:llvm-22.1.8-18.1.src.rpm	_GLIBCXX_	YES	unpacked/mlgo_aarch_model.tar.gz/mlgo_sysroot/include/third_party/gpus/cuda/include/crt/math_functions.h	10783	unpacked/mlgo_aarch_model.tar.gz/mlgo_sysroot/include/third_party/gpus/cuda/include/crt/math_functions.h:10783		#endif /* !__ANDROID__ || (defined(__NV_GLIBCXX_VERSION) && __NV_GLIBCXX_VERSION < 40800) */	#endif /* __arm__ && !_STLPORT_VERSION && !_GLIBCXX_USE_C99 */
progress/T1/corpus_hits.tsv:114578:llvm-22.1.8-18.1.src.rpm	_GLIBCXX_	YES	unpacked/mlgo_aarch_model.tar.gz/mlgo_sysroot/include/third_party/gpus/cuda/include/crt/math_functions.h	10784	unpacked/mlgo_aarch_model.tar.gz/mlgo_sysroot/include/third_party/gpus/cuda/include/crt/math_functions.h:10784	#endif /* !__ANDROID__ || (defined(__NV_GLIBCXX_VERSION) && __NV_GLIBCXX_VERSION < 40800) */	#endif /* __arm__ && !_STLPORT_VERSION && !_GLIBCXX_USE_C99 */	#endif /* !defined(__HORIZON__) || !defined(_LIBCPP_VERSION) || _LIBCPP_VERSION < 3800 */
progress/T1/corpus_hits.tsv:114579:llvm-22.1.8-18.1.src.rpm	_GLIBCXX_	YES	unpacked/mlgo_aarch_model.tar.gz/mlgo_sysroot/include/third_party/gpus/cuda/include/crt/math_functions.h	10787	unpacked/mlgo_aarch_model.tar.gz/mlgo_sysroot/include/third_party/gpus/cuda/include/crt/math_functions.h:10787		#if defined(__NV_GLIBCXX_VERSION) && __NV_GLIBCXX_VERSION < 40800 && !defined(__ibmxl__)	
progress/T1/corpus_hits.tsv:114580:llvm-22.1.8-18.1.src.rpm	__gnu_cxx	YES	unpacked/mlgo_aarch_model.tar.gz/mlgo_sysroot/include/third_party/gpus/cuda/include/crt/math_functions.h	10790	unpacked/mlgo_aarch_model.tar.gz/mlgo_sysroot/include/third_party/gpus/cuda/include/crt/math_functions.h:10790	#if !defined(_STLPORT_VERSION)	namespace __gnu_cxx	{
progress/T1/corpus_hits.tsv:114581:llvm-22.1.8-18.1.src.rpm	_GLIBCXX_	YES	unpacked/mlgo_aarch_model.tar.gz/mlgo_sysroot/include/third_party/gpus/cuda/include/crt/math_functions.h	10800	unpacked/mlgo_aarch_model.tar.gz/mlgo_sysroot/include/third_party/gpus/cuda/include/crt/math_functions.h:10800		#endif /* defined(__NV_GLIBCXX_VERSION) && __NV_GLIBCXX_VERSION < 40800 && !__ibmxl__ */	
progress/T1/corpus_hits.tsv:114582:llvm-22.1.8-18.1.src.rpm	_GLIBCXX_	YES	unpacked/mlgo_aarch_model.tar.gz/mlgo_sysroot/include/third_party/gpus/cuda/include/crt/math_functions.h	11210	unpacked/mlgo_aarch_model.tar.gz/mlgo_sysroot/include/third_party/gpus/cuda/include/crt/math_functions.h:11210	#if defined(__CUDACC_RTC__) || \	    (defined(__NV_GLIBCXX_VERSION) && __NV_GLIBCXX_VERSION >= 40800) || \	    defined(__ibmxl__)
progress/T1/corpus_hits.tsv:114583:llvm-22.1.8-18.1.src.rpm	_GLIBCXX_	YES	unpacked/mlgo_aarch_model.tar.gz/mlgo_sysroot/include/third_party/gpus/cuda/include/crt/math_functions.h	11214	unpacked/mlgo_aarch_model.tar.gz/mlgo_sysroot/include/third_party/gpus/cuda/include/crt/math_functions.h:11214	#endif /* __CUDACC__RTC__ ||	          (defined(__NV_GLIBCXX_VERSION) && __NV_GLIBCXX_VERSION >= 40800) ||	          __ibmxl__ */
progress/T1/corpus_hits.tsv:114584:llvm-22.1.8-18.1.src.rpm	__gnu_cxx	YES	unpacked/mlgo_aarch_model.tar.gz/mlgo_sysroot/include/third_party/gpus/cuda/include/crt/math_functions.h	11236	unpacked/mlgo_aarch_model.tar.gz/mlgo_sysroot/include/third_party/gpus/cuda/include/crt/math_functions.h:11236	extern __DEVICE_FUNCTIONS_DECL__ __cudart_builtin__	typename __gnu_cxx::__promote_2<_Tp, _Up>::__type pow(_Tp, _Up);	#else  /* !(defined(__GNUC__) && __cplusplus >= 201103L && !defined(_LIBCPP_VERSION)) */
progress/T1/corpus_hits.tsv:114585:llvm-22.1.8-18.1.src.rpm	_GLIBCXX_	YES	unpacked/mlgo_aarch_model.tar.gz/mlgo_sysroot/include/third_party/gpus/cuda/include/crt/math_functions.h	11448	unpacked/mlgo_aarch_model.tar.gz/mlgo_sysroot/include/third_party/gpus/cuda/include/crt/math_functions.h:11448	#else /* !(defined(__QNX__ ) || (defined(_LIBCPP_VERSION) && _LIBCPP_VERSION >= 3800)) */	#if ((defined _GLIBCXX_MATH_H) && _GLIBCXX_MATH_H) && (__cplusplus >= 201103L)	namespace std {
progress/T1/corpus_hits.tsv:114586:llvm-22.1.8-18.1.src.rpm	_GLIBCXX_	YES	unpacked/mlgo_aarch_model.tar.gz/mlgo_sysroot/include/third_party/gpus/cuda/include/crt/math_functions.h	11484	unpacked/mlgo_aarch_model.tar.gz/mlgo_sysroot/include/third_party/gpus/cuda/include/crt/math_functions.h:11484	}	#else /* !(((defined _GLIBCXX_MATH_H) && _GLIBCXX_MATH_H) && (__cplusplus >= 201103L)) */	__MATH_FUNCTIONS_DECL__ float logb(float a);
progress/T1/corpus_hits.tsv:114587:llvm-22.1.8-18.1.src.rpm	_GLIBCXX_	YES	unpacked/mlgo_aarch_model.tar.gz/mlgo_sysroot/include/third_party/gpus/cuda/include/crt/math_functions.h	11550	unpacked/mlgo_aarch_model.tar.gz/mlgo_sysroot/include/third_party/gpus/cuda/include/crt/math_functions.h:11550	__MATH_FUNCTIONS_DECL__ float fmin(float a, float b);	#endif /* ((defined _GLIBCXX_MATH_H) && _GLIBCXX_MATH_H) && (__cplusplus >= 201103L) */	#endif /* defined(__QNX__) || (defined(_LIBCPP_VERSION) && _LIBCPP_VERSION >= 3800) */
progress/T1/corpus_hits.tsv:114588:llvm-22.1.8-18.1.src.rpm	_GLIBCXX_	YES	unpacked/mlgo_aarch_model.tar.gz/mlgo_sysroot/include/third_party/gpus/cuda/include/crt/math_functions.hpp	170	unpacked/mlgo_aarch_model.tar.gz/mlgo_sysroot/include/third_party/gpus/cuda/include/crt/math_functions.hpp:170		#if ((defined _GLIBCXX_MATH_H) && _GLIBCXX_MATH_H) && (__cplusplus >= 201103L)	#if defined(__CUDA_ARCH__)
progress/T1/corpus_hits.tsv:114589:llvm-22.1.8-18.1.src.rpm	_GLIBCXX_	YES	unpacked/mlgo_aarch_model.tar.gz/mlgo_sysroot/include/third_party/gpus/cuda/include/crt/math_functions.hpp	173	unpacked/mlgo_aarch_model.tar.gz/mlgo_sysroot/include/third_party/gpus/cuda/include/crt/math_functions.hpp:173	#define __NV_BUILTIN_FUNC_DECL__ __forceinline__ __host__ __device__ __cudart_builtin__	#if _GLIBCXX_HAVE_OBSOLETE_ISNAN && !_GLIBCXX_NO_OBSOLETE_ISINF_ISNAN_DYNAMIC	__NV_BUILTIN_FUNC_DECL__ int  isnan(const double a) throw() { return __isnan(a); }
progress/T1/corpus_hits.tsv:114590:llvm-22.1.8-18.1.src.rpm	_GLIBCXX_	YES	unpacked/mlgo_aarch_model.tar.gz/mlgo_sysroot/include/third_party/gpus/cuda/include/crt/math_functions.hpp	176	unpacked/mlgo_aarch_model.tar.gz/mlgo_sysroot/include/third_party/gpus/cuda/include/crt/math_functions.hpp:176	__NV_BUILTIN_FUNC_DECL__ int  isinf(const double x) throw() { return __isinf(x); }	#endif /* _GLIBCXX_HAVE_OBSOLETE_ISNAN && !_GLIBCXX_NO_OBSOLETE_ISINF_ISNAN_DYNAMIC */	#undef __NV_BUILTIN_FUNC_DECL__
progress/T1/corpus_hits.tsv:114591:llvm-22.1.8-18.1.src.rpm	_GLIBCXX_	YES	unpacked/mlgo_aarch_model.tar.gz/mlgo_sysroot/include/third_party/gpus/cuda/include/crt/math_functions.hpp	179	unpacked/mlgo_aarch_model.tar.gz/mlgo_sysroot/include/third_party/gpus/cuda/include/crt/math_functions.hpp:179	#endif /* __CUDA_ARCH */	#else /* !(((defined _GLIBCXX_MATH_H) && _GLIBCXX_MATH_H) && (__cplusplus >= 201103L)) */	
progress/T1/corpus_hits.tsv:114592:llvm-22.1.8-18.1.src.rpm	_GLIBCXX_	YES	unpacked/mlgo_aarch_model.tar.gz/mlgo_sysroot/include/third_party/gpus/cuda/include/crt/math_functions.hpp	392	unpacked/mlgo_aarch_model.tar.gz/mlgo_sysroot/include/third_party/gpus/cuda/include/crt/math_functions.hpp:392		#endif /* ((defined _GLIBCXX_MATH_H) && _GLIBCXX_MATH_H) && (__cplusplus >= 201103L) */	#endif /* __APPLE__ */
progress/T1/corpus_hits.tsv:114593:llvm-22.1.8-18.1.src.rpm	_GLIBCXX_	YES	unpacked/mlgo_aarch_model.tar.gz/mlgo_sysroot/include/third_party/gpus/cuda/include/crt/math_functions.hpp	395	unpacked/mlgo_aarch_model.tar.gz/mlgo_sysroot/include/third_party/gpus/cuda/include/crt/math_functions.hpp:395		#if defined(__arm__) && !defined(_STLPORT_VERSION) && !_GLIBCXX_USE_C99	#if !defined(__ANDROID__) || (!defined(_LIBCPP_VERSION) && (__GNUC__ < 4 || (__GNUC__ == 4 && __GNUC_MINOR__ < 8)))
progress/T1/corpus_hits.tsv:114594:llvm-22.1.8-18.1.src.rpm	_GLIBCXX_	YES	unpacked/mlgo_aarch_model.tar.gz/mlgo_sysroot/include/third_party/gpus/cuda/include/crt/math_functions.hpp	406	unpacked/mlgo_aarch_model.tar.gz/mlgo_sysroot/include/third_party/gpus/cuda/include/crt/math_functions.hpp:406	#endif /* !defined(__ANDROID__) || (!defined(_LIBCPP_VERSION) && (__GNUC__ < 4 || (__GNUC__ == 4 && __GNUC_MINOR__ < 8))) */	#endif /* __arm__ && !_STLPORT_VERSION && !_GLIBCXX_USE_C99 */	
progress/T1/corpus_hits.tsv:114595:llvm-22.1.8-18.1.src.rpm	_GLIBCXX_	YES	unpacked/mlgo_aarch_model.tar.gz/mlgo_sysroot/include/third_party/gpus/cuda/include/crt/math_functions.hpp	586	unpacked/mlgo_aarch_model.tar.gz/mlgo_sysroot/include/third_party/gpus/cuda/include/crt/math_functions.hpp:586	#if !defined(__QNX__) && !(defined(_LIBCPP_VERSION) && _LIBCPP_VERSION >= 3800)	#if !(((defined _GLIBCXX_MATH_H) && _GLIBCXX_MATH_H) && (__cplusplus >= 201103L))	__MATH_FUNCTIONS_DECL__ float logb(const float a)
progress/T1/corpus_hits.tsv:114596:llvm-22.1.8-18.1.src.rpm	_GLIBCXX_	YES	unpacked/mlgo_aarch_model.tar.gz/mlgo_sysroot/include/third_party/gpus/cuda/include/crt/math_functions.hpp	751	unpacked/mlgo_aarch_model.tar.gz/mlgo_sysroot/include/third_party/gpus/cuda/include/crt/math_functions.hpp:751	}	#endif /* !(((defined _GLIBCXX_MATH_H) && _GLIBCXX_MATH_H) && (__cplusplus >= 201103L)) */	#endif /* !(!defined(__QNX__) && !(defined(_LIBCPP_VERSION) && _LIBCPP_VERSION >= 3800)) */
progress/T1/corpus_hits.tsv:114597:llvm-22.1.8-18.1.src.rpm	__GLIBCXX__	YES	unpacked/mlgo_aarch_model.tar.gz/mlgo_sysroot/include/third_party/gpus/cuda/include/cuda/std/detail/libcxx/include/__mdspan/config.h	182	unpacked/mlgo_aarch_model.tar.gz/mlgo_sysroot/include/third_party/gpus/cuda/include/cuda/std/detail/libcxx/include/__mdspan/config.h:182	        /* as far as I can tell, libc++ seems to think this is a C++11 feature... */ \	        || (defined(__GLIBCXX__) && __GLIBCXX__ > 20150422 && __GNUC__ < 5 && !defined(__INTEL_CXX11_MODE__))	     // several compilers lie about integer_sequence working properly unless the C++14 standard is used
progress/T1/corpus_hits.tsv:114598:llvm-22.1.8-18.1.src.rpm	_GLIBCXX_	YES	unpacked/mlgo_aarch_model.tar.gz/mlgo_sysroot/include/third_party/gpus/cuda/include/cuda/std/detail/libcxx/include/__mdspan/config.h	182	unpacked/mlgo_aarch_model.tar.gz/mlgo_sysroot/include/third_party/gpus/cuda/include/cuda/std/detail/libcxx/include/__mdspan/config.h:182	        /* as far as I can tell, libc++ seems to think this is a C++11 feature... */ \	        || (defined(__GLIBCXX__) && __GLIBCXX__ > 20150422 && __GNUC__ < 5 && !defined(__INTEL_CXX11_MODE__))	     // several compilers lie about integer_sequence working properly unless the C++14 standard is used
progress/T1/corpus_hits.tsv:114599:llvm-22.1.8-18.1.src.rpm	__gnu_cxx	YES	unpacked/mlgo_aarch_model.tar.gz/mlgo_sysroot/include/third_party/gpus/cuda/include/cuda/std/detail/libcxx/include/ext/__hash	18	unpacked/mlgo_aarch_model.tar.gz/mlgo_sysroot/include/third_party/gpus/cuda/include/cuda/std/detail/libcxx/include/ext/__hash:18		namespace __gnu_cxx {	
progress/T1/corpus_hits.tsv:114600:llvm-22.1.8-18.1.src.rpm	__gnu_cxx	YES	unpacked/mlgo_aarch_model.tar.gz/mlgo_sysroot/include/third_party/gpus/cuda/include/cuda/std/detail/libcxx/include/ext/hash_map	17	unpacked/mlgo_aarch_model.tar.gz/mlgo_sysroot/include/third_party/gpus/cuda/include/cuda/std/detail/libcxx/include/ext/hash_map:17		namespace __gnu_cxx	{
progress/T1/corpus_hits.tsv:114601:llvm-22.1.8-18.1.src.rpm	__gnu_cxx	YES	unpacked/mlgo_aarch_model.tar.gz/mlgo_sysroot/include/third_party/gpus/cuda/include/cuda/std/detail/libcxx/include/ext/hash_map	200	unpacked/mlgo_aarch_model.tar.gz/mlgo_sysroot/include/third_party/gpus/cuda/include/cuda/std/detail/libcxx/include/ext/hash_map:200		}  // __gnu_cxx	
progress/T1/corpus_hits.tsv:114602:llvm-22.1.8-18.1.src.rpm	#include <ext/	YES	unpacked/mlgo_aarch_model.tar.gz/mlgo_sysroot/include/third_party/gpus/cuda/include/cuda/std/detail/libcxx/include/ext/hash_map	209	unpacked/mlgo_aarch_model.tar.gz/mlgo_sysroot/include/third_party/gpus/cuda/include/cuda/std/detail/libcxx/include/ext/hash_map:209	#include <type_traits>	#include <ext/__hash>	
progress/T1/corpus_hits.tsv:114603:llvm-22.1.8-18.1.src.rpm	__gnu_cxx	YES	unpacked/mlgo_aarch_model.tar.gz/mlgo_sysroot/include/third_party/gpus/cuda/include/cuda/std/detail/libcxx/include/ext/hash_map	223	unpacked/mlgo_aarch_model.tar.gz/mlgo_sysroot/include/third_party/gpus/cuda/include/cuda/std/detail/libcxx/include/ext/hash_map:223		namespace __gnu_cxx {	
progress/T1/corpus_hits.tsv:114604:llvm-22.1.8-18.1.src.rpm	__gnu_cxx	YES	unpacked/mlgo_aarch_model.tar.gz/mlgo_sysroot/include/third_party/gpus/cuda/include/cuda/std/detail/libcxx/include/ext/hash_map	982	unpacked/mlgo_aarch_model.tar.gz/mlgo_sysroot/include/third_party/gpus/cuda/include/cuda/std/detail/libcxx/include/ext/hash_map:982		} // __gnu_cxx	
progress/T1/corpus_hits.tsv:114605:llvm-22.1.8-18.1.src.rpm	__gnu_cxx	YES	unpacked/mlgo_aarch_model.tar.gz/mlgo_sysroot/include/third_party/gpus/cuda/include/cuda/std/detail/libcxx/include/ext/hash_set	17	unpacked/mlgo_aarch_model.tar.gz/mlgo_sysroot/include/third_party/gpus/cuda/include/cuda/std/detail/libcxx/include/ext/hash_set:17		namespace __gnu_cxx	{
progress/T1/corpus_hits.tsv:114606:llvm-22.1.8-18.1.src.rpm	__gnu_cxx	YES	unpacked/mlgo_aarch_model.tar.gz/mlgo_sysroot/include/third_party/gpus/cuda/include/cuda/std/detail/libcxx/include/ext/hash_set	191	unpacked/mlgo_aarch_model.tar.gz/mlgo_sysroot/include/third_party/gpus/cuda/include/cuda/std/detail/libcxx/include/ext/hash_set:191	               const hash_multiset<Value, Hash, Pred, Alloc>& y);	}  // __gnu_cxx	
progress/T1/corpus_hits.tsv:114607:llvm-22.1.8-18.1.src.rpm	#include <ext/	YES	unpacked/mlgo_aarch_model.tar.gz/mlgo_sysroot/include/third_party/gpus/cuda/include/cuda/std/detail/libcxx/include/ext/hash_set	198	unpacked/mlgo_aarch_model.tar.gz/mlgo_sysroot/include/third_party/gpus/cuda/include/cuda/std/detail/libcxx/include/ext/hash_set:198	#include <functional>	#include <ext/__hash>	
progress/T1/corpus_hits.tsv:114608:llvm-22.1.8-18.1.src.rpm	__gnu_cxx	YES	unpacked/mlgo_aarch_model.tar.gz/mlgo_sysroot/include/third_party/gpus/cuda/include/cuda/std/detail/libcxx/include/ext/hash_set	208	unpacked/mlgo_aarch_model.tar.gz/mlgo_sysroot/include/third_party/gpus/cuda/include/cuda/std/detail/libcxx/include/ext/hash_set:208		namespace __gnu_cxx {	
progress/T1/corpus_hits.tsv:114609:llvm-22.1.8-18.1.src.rpm	__gnu_cxx	YES	unpacked/mlgo_aarch_model.tar.gz/mlgo_sysroot/include/third_party/gpus/cuda/include/cuda/std/detail/libcxx/include/ext/hash_set	657	unpacked/mlgo_aarch_model.tar.gz/mlgo_sysroot/include/third_party/gpus/cuda/include/cuda/std/detail/libcxx/include/ext/hash_set:657		} // __gnu_cxx	
progress/T1/corpus_hits.tsv:114610:llvm-22.1.8-18.1.src.rpm	<cxxabi.h>	NO	unpacked/mlgo_aarch_model.tar.gz/mlgo_sysroot/include/third_party/gpus/cuda/include/nvrtc.h	733	unpacked/mlgo_aarch_model.tar.gz/mlgo_sysroot/include/third_party/gpus/cuda/include/nvrtc.h:733	#if NVRTC_USE_CXXABI || __clang__ || __GNUC__ || __DOXYGEN_ONLY__	#include <cxxabi.h>	#include <cstdlib>
progress/T1/corpus_hits.tsv:114611:llvm-22.1.8-18.1.src.rpm	abi::	NO	unpacked/mlgo_aarch_model.tar.gz/mlgo_sysroot/include/third_party/gpus/cuda/include/nvrtc.h	761	unpacked/mlgo_aarch_model.tar.gz/mlgo_sysroot/include/third_party/gpus/cuda/include/nvrtc.h:761	 * This function is only provided when the macro NVRTC_GET_TYPE_NAME is	 * defined with a non-zero value. It uses abi::__cxa_demangle or UnDecorateSymbolName	 * function calls to extract the type name, when using gcc/clang or cl.exe compilers,
progress/T1/corpus_hits.tsv:114612:llvm-22.1.8-18.1.src.rpm	abi::	NO	unpacked/mlgo_aarch_model.tar.gz/mlgo_sysroot/include/third_party/gpus/cuda/include/nvrtc.h	783	unpacked/mlgo_aarch_model.tar.gz/mlgo_sysroot/include/third_party/gpus/cuda/include/nvrtc.h:783	  int status;	  char *undecorated_name = abi::__cxa_demangle(name, 0, 0, &status);	  if (status == 0) {
progress/T1/corpus_hits.tsv:114613:llvm-22.1.8-18.1.src.rpm	abi::	NO	unpacked/mlgo_aarch_model.tar.gz/mlgo_sysroot/include/third_party/gpus/cuda/include/nvrtc.h	814	unpacked/mlgo_aarch_model.tar.gz/mlgo_sysroot/include/third_party/gpus/cuda/include/nvrtc.h:814	 * This function is only provided when the macro NVRTC_GET_TYPE_NAME is	 * defined with a non-zero value. It uses abi::__cxa_demangle or UnDecorateSymbolName	 * function calls to extract the type name, when using gcc/clang or cl.exe compilers,
progress/T1/corpus_hits.tsv:114614:llvm-22.1.8-18.1.src.rpm	_GLIBCXX_	YES	unpacked/mlgo_aarch_model.tar.gz/mlgo_sysroot/include/third_party/gpus/cuda/include/thrust/optional.h	81	unpacked/mlgo_aarch_model.tar.gz/mlgo_sysroot/include/third_party/gpus/cuda/include/thrust/optional.h:81	      struct is_trivially_copy_constructible : std::is_trivially_copy_constructible<T>{};	#ifdef _GLIBCXX_VECTOR	      template<class T, class A>
progress/T1/corpus_hits.tsv:114615:llvm-22.1.8-18.1.src.rpm	__GLIBCXX__	YES	unpacked/mlgo_aarch_model.tar.gz/mlgo_sysroot/include/third_party/gpus/cuda/include/thrust/optional.h	110	unpacked/mlgo_aarch_model.tar.gz/mlgo_sysroot/include/third_party/gpus/cuda/include/thrust/optional.h:110		#if defined(__GLIBCXX__) && __has_feature(is_trivially_constructible)	#define THRUST_OPTIONAL_IS_TRIVIALLY_COPY_CONSTRUCTIBLE(T) \
progress/T1/corpus_hits.tsv:114616:llvm-22.1.8-18.1.src.rpm	_GLIBCXX_	YES	unpacked/mlgo_aarch_model.tar.gz/mlgo_sysroot/include/third_party/gpus/cuda/include/thrust/optional.h	110	unpacked/mlgo_aarch_model.tar.gz/mlgo_sysroot/include/third_party/gpus/cuda/include/thrust/optional.h:110		#if defined(__GLIBCXX__) && __has_feature(is_trivially_constructible)	#define THRUST_OPTIONAL_IS_TRIVIALLY_COPY_CONSTRUCTIBLE(T) \
progress/T1/corpus_hits.tsv:114617:llvm-22.1.8-18.1.src.rpm	__GLIBCXX__	YES	unpacked/mlgo_aarch_model.tar.gz/mlgo_sysroot/include/third_party/gpus/cuda/include/thrust/optional.h	118	unpacked/mlgo_aarch_model.tar.gz/mlgo_sysroot/include/third_party/gpus/cuda/include/thrust/optional.h:118		#if defined(__GLIBCXX__) && __has_feature(is_trivially_assignable)	#define THRUST_OPTIONAL_IS_TRIVIALLY_COPY_ASSIGNABLE(T) \
progress/T1/corpus_hits.tsv:114618:llvm-22.1.8-18.1.src.rpm	_GLIBCXX_	YES	unpacked/mlgo_aarch_model.tar.gz/mlgo_sysroot/include/third_party/gpus/cuda/include/thrust/optional.h	118	unpacked/mlgo_aarch_model.tar.gz/mlgo_sysroot/include/third_party/gpus/cuda/include/thrust/optional.h:118		#if defined(__GLIBCXX__) && __has_feature(is_trivially_assignable)	#define THRUST_OPTIONAL_IS_TRIVIALLY_COPY_ASSIGNABLE(T) \
progress/T1/corpus_hits.tsv:114619:llvm-22.1.8-18.1.src.rpm	__GLIBCXX__	YES	unpacked/mlgo_aarch_model.tar.gz/mlgo_sysroot/include/third_party/gpus/cuda/include/thrust/optional.h	126	unpacked/mlgo_aarch_model.tar.gz/mlgo_sysroot/include/third_party/gpus/cuda/include/thrust/optional.h:126		#if defined(__GLIBCXX__) && __has_feature(is_trivially_constructible)	#define THRUST_OPTIONAL_IS_TRIVIALLY_MOVE_CONSTRUCTIBLE(T) \
progress/T1/corpus_hits.tsv:114620:llvm-22.1.8-18.1.src.rpm	_GLIBCXX_	YES	unpacked/mlgo_aarch_model.tar.gz/mlgo_sysroot/include/third_party/gpus/cuda/include/thrust/optional.h	126	unpacked/mlgo_aarch_model.tar.gz/mlgo_sysroot/include/third_party/gpus/cuda/include/thrust/optional.h:126		#if defined(__GLIBCXX__) && __has_feature(is_trivially_constructible)	#define THRUST_OPTIONAL_IS_TRIVIALLY_MOVE_CONSTRUCTIBLE(T) \
progress/T1/corpus_hits.tsv:114621:llvm-22.1.8-18.1.src.rpm	__GLIBCXX__	YES	unpacked/mlgo_aarch_model.tar.gz/mlgo_sysroot/include/third_party/gpus/cuda/include/thrust/optional.h	134	unpacked/mlgo_aarch_model.tar.gz/mlgo_sysroot/include/third_party/gpus/cuda/include/thrust/optional.h:134		#if defined(__GLIBCXX__) && __has_feature(is_trivially_assignable)	#define THRUST_OPTIONAL_IS_TRIVIALLY_MOVE_ASSIGNABLE(T) \
progress/T1/corpus_hits.tsv:114622:llvm-22.1.8-18.1.src.rpm	_GLIBCXX_	YES	unpacked/mlgo_aarch_model.tar.gz/mlgo_sysroot/include/third_party/gpus/cuda/include/thrust/optional.h	134	unpacked/mlgo_aarch_model.tar.gz/mlgo_sysroot/include/third_party/gpus/cuda/include/thrust/optional.h:134		#if defined(__GLIBCXX__) && __has_feature(is_trivially_assignable)	#define THRUST_OPTIONAL_IS_TRIVIALLY_MOVE_ASSIGNABLE(T) \
progress/T1/corpus_hits.tsv:114623:llvm-22.1.8-18.1.src.rpm	__GLIBCXX__	YES	unpacked/mlgo_aarch_model.tar.gz/mlgo_sysroot/include/third_party/gpus/cuda/include/thrust/optional.h	142	unpacked/mlgo_aarch_model.tar.gz/mlgo_sysroot/include/third_party/gpus/cuda/include/thrust/optional.h:142		#if defined(__GLIBCXX__) && __has_feature(is_trivially_destructible)	#define THRUST_OPTIONAL_IS_TRIVIALLY_DESTRUCTIBLE(T) \
progress/T1/corpus_hits.tsv:114624:llvm-22.1.8-18.1.src.rpm	_GLIBCXX_	YES	unpacked/mlgo_aarch_model.tar.gz/mlgo_sysroot/include/third_party/gpus/cuda/include/thrust/optional.h	142	unpacked/mlgo_aarch_model.tar.gz/mlgo_sysroot/include/third_party/gpus/cuda/include/thrust/optional.h:142		#if defined(__GLIBCXX__) && __has_feature(is_trivially_destructible)	#define THRUST_OPTIONAL_IS_TRIVIALLY_DESTRUCTIBLE(T) \
progress/T1/corpus_hits.tsv:114625:llvm-22.1.8-18.1.src.rpm	__GLIBCXX__	YES	unpacked/mlgo_aarch_model.tar.gz/mlgo_sysroot/include/third_party/gpus/cuda/include/thrust/type_traits/is_contiguous_iterator.h	149	unpacked/mlgo_aarch_model.tar.gz/mlgo_sysroot/include/third_party/gpus/cuda/include/thrust/type_traits/is_contiguous_iterator.h:149		#if defined(__GLIBCXX__)	template <typename Iterator, typename Container>
progress/T1/corpus_hits.tsv:114626:llvm-22.1.8-18.1.src.rpm	_GLIBCXX_	YES	unpacked/mlgo_aarch_model.tar.gz/mlgo_sysroot/include/third_party/gpus/cuda/include/thrust/type_traits/is_contiguous_iterator.h	149	unpacked/mlgo_aarch_model.tar.gz/mlgo_sysroot/include/third_party/gpus/cuda/include/thrust/type_traits/is_contiguous_iterator.h:149		#if defined(__GLIBCXX__)	template <typename Iterator, typename Container>
progress/T1/corpus_hits.tsv:114627:llvm-22.1.8-18.1.src.rpm	__gnu_cxx	YES	unpacked/mlgo_aarch_model.tar.gz/mlgo_sysroot/include/third_party/gpus/cuda/include/thrust/type_traits/is_contiguous_iterator.h	152	unpacked/mlgo_aarch_model.tar.gz/mlgo_sysroot/include/third_party/gpus/cuda/include/thrust/type_traits/is_contiguous_iterator.h:152	struct is_libstdcxx_normal_iterator<	  ::__gnu_cxx::__normal_iterator<Iterator, Container>	> : true_type {};
progress/T1/corpus_hits.tsv:114628:llvm-22.1.8-18.1.src.rpm	__GLIBCXX__	YES	unpacked/mlgo_aarch_model.tar.gz/mlgo_sysroot/include/third_party/gpus/cuda/include/thrust/type_traits/is_trivially_relocatable.h	242	unpacked/mlgo_aarch_model.tar.gz/mlgo_sysroot/include/third_party/gpus/cuda/include/thrust/type_traits/is_trivially_relocatable.h:242		// There is no way to actually detect the libstdc++ version; __GLIBCXX__	// is always set to the date of libstdc++ being packaged, not the release
progress/T1/corpus_hits.tsv:114629:llvm-22.1.8-18.1.src.rpm	_GLIBCXX_	YES	unpacked/mlgo_aarch_model.tar.gz/mlgo_sysroot/include/third_party/gpus/cuda/include/thrust/type_traits/is_trivially_relocatable.h	242	unpacked/mlgo_aarch_model.tar.gz/mlgo_sysroot/include/third_party/gpus/cuda/include/thrust/type_traits/is_trivially_relocatable.h:242		// There is no way to actually detect the libstdc++ version; __GLIBCXX__	// is always set to the date of libstdc++ being packaged, not the release
progress/T1/corpus_hits.tsv:114630:llvm-22.1.8-18.1.src.rpm	__GLIBCXX__	YES	unpacked/mlgo_aarch_model.tar.gz/mlgo_sysroot/include/third_party/gpus/cuda/include/thrust/type_traits/is_trivially_relocatable.h	264	unpacked/mlgo_aarch_model.tar.gz/mlgo_sysroot/include/third_party/gpus/cuda/include/thrust/type_traits/is_trivially_relocatable.h:264	        #if THRUST_CPP_DIALECT >= 2011	            #if defined(__GLIBCXX__) && __has_feature(is_trivially_copyable)	                __is_trivially_copyable(T)
progress/T1/corpus_hits.tsv:114631:llvm-22.1.8-18.1.src.rpm	_GLIBCXX_	YES	unpacked/mlgo_aarch_model.tar.gz/mlgo_sysroot/include/third_party/gpus/cuda/include/thrust/type_traits/is_trivially_relocatable.h	264	unpacked/mlgo_aarch_model.tar.gz/mlgo_sysroot/include/third_party/gpus/cuda/include/thrust/type_traits/is_trivially_relocatable.h:264	        #if THRUST_CPP_DIALECT >= 2011	            #if defined(__GLIBCXX__) && __has_feature(is_trivially_copyable)	                __is_trivially_copyable(T)
progress/T1/corpus_hits.tsv:114632:llvm-22.1.8-18.1.src.rpm	__GLIBCXX__	YES	unpacked/mlgo_arm_model.tar.gz/mlgo_sysroot/include/Eigen/src/Core/util/EmulateArray.h	267	unpacked/mlgo_arm_model.tar.gz/mlgo_sysroot/include/Eigen/src/Core/util/EmulateArray.h:267	 */	#if defined(__GLIBCXX__) && __GLIBCXX__ < 20120322	#define STD_GET_ARR_HACK             a._M_instance[I_]
progress/T1/corpus_hits.tsv:114633:llvm-22.1.8-18.1.src.rpm	_GLIBCXX_	YES	unpacked/mlgo_arm_model.tar.gz/mlgo_sysroot/include/Eigen/src/Core/util/EmulateArray.h	267	unpacked/mlgo_arm_model.tar.gz/mlgo_sysroot/include/Eigen/src/Core/util/EmulateArray.h:267	 */	#if defined(__GLIBCXX__) && __GLIBCXX__ < 20120322	#define STD_GET_ARR_HACK             a._M_instance[I_]
progress/T1/corpus_hits.tsv:114634:llvm-22.1.8-18.1.src.rpm	_GLIBCXX_	YES	unpacked/mlgo_arm_model.tar.gz/mlgo_sysroot/include/Eigen/src/Core/util/Macros.h	715	unpacked/mlgo_arm_model.tar.gz/mlgo_sysroot/include/Eigen/src/Core/util/Macros.h:715	// Does the compiler support C99?	// Need to include <cmath> to make sure _GLIBCXX_USE_C99 gets defined	#include <cmath>
progress/T1/corpus_hits.tsv:114635:llvm-22.1.8-18.1.src.rpm	_GLIBCXX_	YES	unpacked/mlgo_arm_model.tar.gz/mlgo_sysroot/include/Eigen/src/Core/util/Macros.h	719	unpacked/mlgo_arm_model.tar.gz/mlgo_sysroot/include/Eigen/src/Core/util/Macros.h:719	#if ((defined(__STDC_VERSION__) && (__STDC_VERSION__ >= 199901))       \	  || (defined(__GNUC__) && defined(_GLIBCXX_USE_C99)) \	  || (defined(_LIBCPP_VERSION) && !defined(_MSC_VER)) \
progress/T1/corpus_hits.tsv:114636:llvm-22.1.8-18.1.src.rpm	pthread_cancel	NO	unpacked/mlgo_arm_model.tar.gz/mlgo_sysroot/include/Eigen/src/ThreadPool/ThreadCancel.h	16	unpacked/mlgo_arm_model.tar.gz/mlgo_sysroot/include/Eigen/src/ThreadPool/ThreadCancel.h:16	  #define EIGEN_THREAD_CANCEL(t)                  \	    pthread_cancel(t.native_handle());	  #define EIGEN_SUPPORTS_THREAD_CANCELLATION 1
progress/T1/corpus_hits.tsv:114637:llvm-22.1.8-18.1.src.rpm	__GLIBCXX__	YES	unpacked/mlgo_arm_model.tar.gz/mlgo_sysroot/include/absl/base/config.h	55	unpacked/mlgo_arm_model.tar.gz/mlgo_sysroot/include/absl/base/config.h:55	#ifdef __cplusplus	// Included for __GLIBCXX__, _LIBCPP_VERSION	#include <cstddef>
progress/T1/corpus_hits.tsv:114638:llvm-22.1.8-18.1.src.rpm	_GLIBCXX_	YES	unpacked/mlgo_arm_model.tar.gz/mlgo_sysroot/include/absl/base/config.h	55	unpacked/mlgo_arm_model.tar.gz/mlgo_sysroot/include/absl/base/config.h:55	#ifdef __cplusplus	// Included for __GLIBCXX__, _LIBCPP_VERSION	#include <cstddef>
progress/T1/corpus_hits.tsv:114639:llvm-22.1.8-18.1.src.rpm	_GLIBCXX_	YES	unpacked/mlgo_arm_model.tar.gz/mlgo_sysroot/include/absl/base/config.h	229	unpacked/mlgo_arm_model.tar.gz/mlgo_sysroot/include/absl/base/config.h:229	// We assume __thread is supported on Linux or Asylo when compiled with Clang or	// compiled against libstdc++ with _GLIBCXX_HAVE_TLS defined.	#ifdef ABSL_HAVE_TLS
progress/T1/corpus_hits.tsv:114640:llvm-22.1.8-18.1.src.rpm	_GLIBCXX_	YES	unpacked/mlgo_arm_model.tar.gz/mlgo_sysroot/include/absl/base/config.h	233	unpacked/mlgo_arm_model.tar.gz/mlgo_sysroot/include/absl/base/config.h:233	#elif (defined(__linux__) || defined(__ASYLO__)) && \	    (defined(__clang__) || defined(_GLIBCXX_HAVE_TLS))	#define ABSL_HAVE_TLS 1
progress/T1/corpus_hits.tsv:114641:llvm-22.1.8-18.1.src.rpm	__GLIBCXX__	YES	unpacked/mlgo_arm_model.tar.gz/mlgo_sysroot/include/absl/base/config.h	247	unpacked/mlgo_arm_model.tar.gz/mlgo_sysroot/include/absl/base/config.h:247	    (defined(__clang__) && __clang_major__ >= 15) ||   \	    (!defined(__clang__) && defined(__GLIBCXX__) &&    \	     ABSL_INTERNAL_HAVE_MIN_GNUC_VERSION(4, 8))
progress/T1/corpus_hits.tsv:114642:llvm-22.1.8-18.1.src.rpm	_GLIBCXX_	YES	unpacked/mlgo_arm_model.tar.gz/mlgo_sysroot/include/absl/base/config.h	247	unpacked/mlgo_arm_model.tar.gz/mlgo_sysroot/include/absl/base/config.h:247	    (defined(__clang__) && __clang_major__ >= 15) ||   \	    (!defined(__clang__) && defined(__GLIBCXX__) &&    \	     ABSL_INTERNAL_HAVE_MIN_GNUC_VERSION(4, 8))
progress/T1/corpus_hits.tsv:114643:llvm-22.1.8-18.1.src.rpm	__GLIBCXX__	YES	unpacked/mlgo_arm_model.tar.gz/mlgo_sysroot/include/absl/base/config.h	270	unpacked/mlgo_arm_model.tar.gz/mlgo_sysroot/include/absl/base/config.h:270	    (!defined(__clang__) &&                                                  \	     ((ABSL_INTERNAL_HAVE_MIN_GNUC_VERSION(7, 4) && defined(__GLIBCXX__)) || \	      (ABSL_INTERNAL_HAVE_MIN_GNUC_VERSION(8, 2) &&                          \
progress/T1/corpus_hits.tsv:114644:llvm-22.1.8-18.1.src.rpm	_GLIBCXX_	YES	unpacked/mlgo_arm_model.tar.gz/mlgo_sysroot/include/absl/base/config.h	270	unpacked/mlgo_arm_model.tar.gz/mlgo_sysroot/include/absl/base/config.h:270	    (!defined(__clang__) &&                                                  \	     ((ABSL_INTERNAL_HAVE_MIN_GNUC_VERSION(7, 4) && defined(__GLIBCXX__)) || \	      (ABSL_INTERNAL_HAVE_MIN_GNUC_VERSION(8, 2) &&                          \
progress/T1/corpus_hits.tsv:114645:llvm-22.1.8-18.1.src.rpm	<cxxabi.h>	NO	unpacked/mlgo_arm_model.tar.gz/mlgo_sysroot/include/absl/container/internal/layout.h	189	unpacked/mlgo_arm_model.tar.gz/mlgo_sysroot/include/absl/container/internal/layout.h:189	#ifdef ABSL_INTERNAL_HAS_CXA_DEMANGLE	#include <cxxabi.h>	#endif
progress/T1/corpus_hits.tsv:114646:llvm-22.1.8-18.1.src.rpm	abi::	NO	unpacked/mlgo_arm_model.tar.gz/mlgo_sysroot/include/absl/container/internal/layout.h	300	unpacked/mlgo_arm_model.tar.gz/mlgo_sysroot/include/absl/container/internal/layout.h:300	#ifdef ABSL_INTERNAL_HAS_CXA_DEMANGLE	  demangled = abi::__cxa_demangle(typeid(T).name(), nullptr, nullptr, &status);	#endif
progress/T1/corpus_hits.tsv:114647:llvm-22.1.8-18.1.src.rpm	abi::	NO	unpacked/mlgo_arm_model.tar.gz/mlgo_sysroot/include/absl/debugging/internal/demangle.h	20	unpacked/mlgo_arm_model.tar.gz/mlgo_sysroot/include/absl/debugging/internal/demangle.h:20	// symbolize stack traces.  We cannot use libstdc++'s	// abi::__cxa_demangle() in such signal handlers since it's not async	// signal safe (it uses malloc() internally).
progress/T1/corpus_hits.tsv:114648:llvm-22.1.8-18.1.src.rpm	abi::	NO	unpacked/mlgo_arm_model.tar.gz/mlgo_sysroot/include/absl/debugging/internal/demangle.h	33	unpacked/mlgo_arm_model.tar.gz/mlgo_sysroot/include/absl/debugging/internal/demangle.h:33	//	// | Mangled Name  | The Demangler | abi::__cxa_demangle()	// |---------------|---------------|-----------------------
progress/T1/corpus_hits.tsv:114649:llvm-22.1.8-18.1.src.rpm	<cxxabi.h>	NO	unpacked/mlgo_arm_model.tar.gz/mlgo_sysroot/include/absl/debugging/symbolize_darwin.inc	15	unpacked/mlgo_arm_model.tar.gz/mlgo_sysroot/include/absl/debugging/symbolize_darwin.inc:15		#include <cxxabi.h>	#include <execinfo.h>
progress/T1/corpus_hits.tsv:114650:llvm-22.1.8-18.1.src.rpm	<cxxabi.h>	NO	unpacked/mlgo_arm_model.tar.gz/mlgo_sysroot/include/absl/debugging/symbolize_emscripten.inc	15	unpacked/mlgo_arm_model.tar.gz/mlgo_sysroot/include/absl/debugging/symbolize_emscripten.inc:15		#include <cxxabi.h>	#include <emscripten.h>
progress/T1/corpus_hits.tsv:114651:llvm-22.1.8-18.1.src.rpm	__GLIBCXX__	YES	unpacked/mlgo_arm_model.tar.gz/mlgo_sysroot/include/absl/hash/internal/hash.h	610	unpacked/mlgo_arm_model.tar.gz/mlgo_sysroot/include/absl/hash/internal/hash.h:610	#if defined(ABSL_IS_BIG_ENDIAN) && \	    (defined(__GLIBCXX__) || defined(__GLIBCPP__))	
progress/T1/corpus_hits.tsv:114652:llvm-22.1.8-18.1.src.rpm	_GLIBCXX_	YES	unpacked/mlgo_arm_model.tar.gz/mlgo_sysroot/include/absl/hash/internal/hash.h	610	unpacked/mlgo_arm_model.tar.gz/mlgo_sysroot/include/absl/hash/internal/hash.h:610	#if defined(ABSL_IS_BIG_ENDIAN) && \	    (defined(__GLIBCXX__) || defined(__GLIBCPP__))	
progress/T1/corpus_hits.tsv:114653:llvm-22.1.8-18.1.src.rpm	__GLIBCXX__	YES	unpacked/mlgo_arm_model.tar.gz/mlgo_sysroot/include/absl/hash/internal/hash.h	792	unpacked/mlgo_arm_model.tar.gz/mlgo_sysroot/include/absl/hash/internal/hash.h:792	#if defined(ABSL_IS_BIG_ENDIAN) && \	    (defined(__GLIBCXX__) || defined(__GLIBCPP__))	// AbslHashValue for hashing std::bitset
progress/T1/corpus_hits.tsv:114654:llvm-22.1.8-18.1.src.rpm	_GLIBCXX_	YES	unpacked/mlgo_arm_model.tar.gz/mlgo_sysroot/include/absl/hash/internal/hash.h	792	unpacked/mlgo_arm_model.tar.gz/mlgo_sysroot/include/absl/hash/internal/hash.h:792	#if defined(ABSL_IS_BIG_ENDIAN) && \	    (defined(__GLIBCXX__) || defined(__GLIBCPP__))	// AbslHashValue for hashing std::bitset
progress/T1/corpus_hits.tsv:114655:llvm-22.1.8-18.1.src.rpm	_GLIBCXX_	YES	unpacked/mlgo_arm_model.tar.gz/mlgo_sysroot/include/absl/strings/internal/stl_type_traits.h	17	unpacked/mlgo_arm_model.tar.gz/mlgo_sysroot/include/absl/strings/internal/stl_type_traits.h:17	// Thie file provides the IsStrictlyBaseOfAndConvertibleToSTLContainer type	// trait metafunction to assist in working with the _GLIBCXX_DEBUG debug	// wrappers of STL containers.
progress/T1/corpus_hits.tsv:114656:llvm-22.1.8-18.1.src.rpm	_GLIBCXX_	YES	unpacked/mlgo_arm_model.tar.gz/mlgo_sysroot/include/absl/strings/internal/str_split_internal.h	45	unpacked/mlgo_arm_model.tar.gz/mlgo_sysroot/include/absl/strings/internal/str_split_internal.h:45		#ifdef _GLIBCXX_DEBUG	"#include ""absl/strings/internal/stl_type_traits.h"""
progress/T1/corpus_hits.tsv:114657:llvm-22.1.8-18.1.src.rpm	_GLIBCXX_	YES	unpacked/mlgo_arm_model.tar.gz/mlgo_sysroot/include/absl/strings/internal/str_split_internal.h	47	unpacked/mlgo_arm_model.tar.gz/mlgo_sysroot/include/absl/strings/internal/str_split_internal.h:47	"#include ""absl/strings/internal/stl_type_traits.h"""	#endif  // _GLIBCXX_DEBUG	
progress/T1/corpus_hits.tsv:114658:llvm-22.1.8-18.1.src.rpm	_GLIBCXX_	YES	unpacked/mlgo_arm_model.tar.gz/mlgo_sysroot/include/absl/strings/internal/str_split_internal.h	229	unpacked/mlgo_arm_model.tar.gz/mlgo_sysroot/include/absl/strings/internal/str_split_internal.h:229	          C,	#ifdef _GLIBCXX_DEBUG	          !IsStrictlyBaseOfAndConvertibleToSTLContainer<C>::value &&
progress/T1/corpus_hits.tsv:114659:llvm-22.1.8-18.1.src.rpm	_GLIBCXX_	YES	unpacked/mlgo_arm_model.tar.gz/mlgo_sysroot/include/absl/strings/internal/str_split_internal.h	231	unpacked/mlgo_arm_model.tar.gz/mlgo_sysroot/include/absl/strings/internal/str_split_internal.h:231	          !IsStrictlyBaseOfAndConvertibleToSTLContainer<C>::value &&	#endif  // _GLIBCXX_DEBUG	              !IsInitializerList<
progress/T1/corpus_hits.tsv:114660:llvm-22.1.8-18.1.src.rpm	__GLIBCXX__	YES	unpacked/mlgo_arm_model.tar.gz/mlgo_sysroot/include/external/icu/icu4c/source/common/unicode/std_string.h	34	unpacked/mlgo_arm_model.tar.gz/mlgo_sysroot/include/external/icu/icu4c/source/common/unicode/std_string.h:34	// https://bugs.llvm.org/show_bug.cgi?id=13364	#if defined(__GLIBCXX__)	namespace std { class type_info; }
progress/T1/corpus_hits.tsv:114661:llvm-22.1.8-18.1.src.rpm	_GLIBCXX_	YES	unpacked/mlgo_arm_model.tar.gz/mlgo_sysroot/include/external/icu/icu4c/source/common/unicode/std_string.h	34	unpacked/mlgo_arm_model.tar.gz/mlgo_sysroot/include/external/icu/icu4c/source/common/unicode/std_string.h:34	// https://bugs.llvm.org/show_bug.cgi?id=13364	#if defined(__GLIBCXX__)	namespace std { class type_info; }
progress/T1/corpus_hits.tsv:114662:llvm-22.1.8-18.1.src.rpm	__GLIBCXX__	YES	unpacked/mlgo_arm_model.tar.gz/mlgo_sysroot/include/external/icu/icu4c/source/common/utypeinfo.h	27	unpacked/mlgo_arm_model.tar.gz/mlgo_sysroot/include/external/icu/icu4c/source/common/utypeinfo.h:27	#endif	#if defined(__GLIBCXX__)	namespace std { class type_info; } // WORKAROUND: http://llvm.org/bugs/show_bug.cgi?id=13364
progress/T1/corpus_hits.tsv:114663:llvm-22.1.8-18.1.src.rpm	_GLIBCXX_	YES	unpacked/mlgo_arm_model.tar.gz/mlgo_sysroot/include/external/icu/icu4c/source/common/utypeinfo.h	27	unpacked/mlgo_arm_model.tar.gz/mlgo_sysroot/include/external/icu/icu4c/source/common/utypeinfo.h:27	#endif	#if defined(__GLIBCXX__)	namespace std { class type_info; } // WORKAROUND: http://llvm.org/bugs/show_bug.cgi?id=13364
progress/T1/corpus_hits.tsv:114664:llvm-22.1.8-18.1.src.rpm	#include <bits/	YES	unpacked/mlgo_arm_model.tar.gz/mlgo_sysroot/include/external/local_config_python/python_include/cpython/pthread_stubs.h	31	unpacked/mlgo_arm_model.tar.gz/mlgo_sysroot/include/external/local_config_python/python_include/cpython/pthread_stubs.h:31	#  define __NEED_pthread_attr_t 1	#  include <bits/alltypes.h>	#else
progress/T1/corpus_hits.tsv:114665:llvm-22.1.8-18.1.src.rpm	__GLIBCXX__	YES	unpacked/mlgo_arm_model.tar.gz/mlgo_sysroot/include/external/onednn/src/cpu/x64/xbyak/xbyak.h	98	unpacked/mlgo_arm_model.tar.gz/mlgo_sysroot/include/external/onednn/src/cpu/x64/xbyak/xbyak.h:98	*/	#elif XBYAK_GNUC_PREREQ(4, 5) || (XBYAK_GNUC_PREREQ(4, 2) && __GLIBCXX__ >= 20070719) || defined(__INTEL_COMPILER) || defined(__llvm__)	\t#include <tr1/unordered_set>
progress/T1/corpus_hits.tsv:114666:llvm-22.1.8-18.1.src.rpm	_GLIBCXX_	YES	unpacked/mlgo_arm_model.tar.gz/mlgo_sysroot/include/external/onednn/src/cpu/x64/xbyak/xbyak.h	98	unpacked/mlgo_arm_model.tar.gz/mlgo_sysroot/include/external/onednn/src/cpu/x64/xbyak/xbyak.h:98	*/	#elif XBYAK_GNUC_PREREQ(4, 5) || (XBYAK_GNUC_PREREQ(4, 2) && __GLIBCXX__ >= 20070719) || defined(__INTEL_COMPILER) || defined(__llvm__)	\t#include <tr1/unordered_set>
progress/T1/corpus_hits.tsv:114667:llvm-22.1.8-18.1.src.rpm	__GLIBCXX__	YES	unpacked/mlgo_arm_model.tar.gz/mlgo_sysroot/include/external/pybind11/_virtual_includes/pybind11/pybind11/detail/internals.h	117	unpacked/mlgo_arm_model.tar.gz/mlgo_sysroot/include/external/pybind11/_virtual_includes/pybind11/pybind11/detail/internals.h:117	// functions that use the type name.	#if defined(__GLIBCXX__)	inline bool same_type(const std::type_info &lhs, const std::type_info &rhs) { return lhs == rhs; }
progress/T1/corpus_hits.tsv:114668:llvm-22.1.8-18.1.src.rpm	_GLIBCXX_	YES	unpacked/mlgo_arm_model.tar.gz/mlgo_sysroot/include/external/pybind11/_virtual_includes/pybind11/pybind11/detail/internals.h	117	unpacked/mlgo_arm_model.tar.gz/mlgo_sysroot/include/external/pybind11/_virtual_includes/pybind11/pybind11/detail/internals.h:117	// functions that use the type name.	#if defined(__GLIBCXX__)	inline bool same_type(const std::type_info &lhs, const std::type_info &rhs) { return lhs == rhs; }
progress/T1/corpus_hits.tsv:114669:llvm-22.1.8-18.1.src.rpm	__GLIBCXX__	YES	unpacked/mlgo_arm_model.tar.gz/mlgo_sysroot/include/external/pybind11/_virtual_includes/pybind11/pybind11/detail/internals.h	276	unpacked/mlgo_arm_model.tar.gz/mlgo_sysroot/include/external/pybind11/_virtual_includes/pybind11/pybind11/detail/internals.h:276	"#        define PYBIND11_STDLIB ""_libcpp"""	#    elif defined(__GLIBCXX__) || defined(__GLIBCPP__)	"#        define PYBIND11_STDLIB ""_libstdcpp"""
progress/T1/corpus_hits.tsv:114670:llvm-22.1.8-18.1.src.rpm	_GLIBCXX_	YES	unpacked/mlgo_arm_model.tar.gz/mlgo_sysroot/include/external/pybind11/_virtual_includes/pybind11/pybind11/detail/internals.h	276	unpacked/mlgo_arm_model.tar.gz/mlgo_sysroot/include/external/pybind11/_virtual_includes/pybind11/pybind11/detail/internals.h:276	"#        define PYBIND11_STDLIB ""_libcpp"""	#    elif defined(__GLIBCXX__) || defined(__GLIBCPP__)	"#        define PYBIND11_STDLIB ""_libstdcpp"""
progress/T1/corpus_hits.tsv:114671:llvm-22.1.8-18.1.src.rpm	__GLIBCXX__	YES	unpacked/mlgo_arm_model.tar.gz/mlgo_sysroot/include/external/pybind11/_virtual_includes/pybind11/pybind11/detail/internals.h	408	unpacked/mlgo_arm_model.tar.gz/mlgo_sysroot/include/external/pybind11/_virtual_includes/pybind11/pybind11/detail/internals.h:408		#if !defined(__GLIBCXX__)	inline void translate_local_exception(std::exception_ptr p) {
progress/T1/corpus_hits.tsv:114672:llvm-22.1.8-18.1.src.rpm	_GLIBCXX_	YES	unpacked/mlgo_arm_model.tar.gz/mlgo_sysroot/include/external/pybind11/_virtual_includes/pybind11/pybind11/detail/internals.h	408	unpacked/mlgo_arm_model.tar.gz/mlgo_sysroot/include/external/pybind11/_virtual_includes/pybind11/pybind11/detail/internals.h:408		#if !defined(__GLIBCXX__)	inline void translate_local_exception(std::exception_ptr p) {
progress/T1/corpus_hits.tsv:114673:llvm-22.1.8-18.1.src.rpm	__GLIBCXX__	YES	unpacked/mlgo_arm_model.tar.gz/mlgo_sysroot/include/external/pybind11/_virtual_includes/pybind11/pybind11/detail/internals.h	460	unpacked/mlgo_arm_model.tar.gz/mlgo_sysroot/include/external/pybind11/_virtual_includes/pybind11/pybind11/detail/internals.h:460	        // libc++ with PyPy still need it, awaiting further investigation	#if !defined(__GLIBCXX__)	        (*internals_pp)->registered_exception_translators.push_front(&translate_local_exception);
progress/T1/corpus_hits.tsv:114674:llvm-22.1.8-18.1.src.rpm	_GLIBCXX_	YES	unpacked/mlgo_arm_model.tar.gz/mlgo_sysroot/include/external/pybind11/_virtual_includes/pybind11/pybind11/detail/internals.h	460	unpacked/mlgo_arm_model.tar.gz/mlgo_sysroot/include/external/pybind11/_virtual_includes/pybind11/pybind11/detail/internals.h:460	        // libc++ with PyPy still need it, awaiting further investigation	#if !defined(__GLIBCXX__)	        (*internals_pp)->registered_exception_translators.push_front(&translate_local_exception);
progress/T1/corpus_hits.tsv:114675:llvm-22.1.8-18.1.src.rpm	<cxxabi.h>	NO	unpacked/mlgo_arm_model.tar.gz/mlgo_sysroot/include/external/pybind11/_virtual_includes/pybind11/pybind11/detail/typeid.h	16	unpacked/mlgo_arm_model.tar.gz/mlgo_sysroot/include/external/pybind11/_virtual_includes/pybind11/pybind11/detail/typeid.h:16	#if defined(__GNUG__)	#    include <cxxabi.h>	#endif
progress/T1/corpus_hits.tsv:114676:llvm-22.1.8-18.1.src.rpm	abi::	NO	unpacked/mlgo_arm_model.tar.gz/mlgo_sysroot/include/external/pybind11/_virtual_includes/pybind11/pybind11/detail/typeid.h	39	unpacked/mlgo_arm_model.tar.gz/mlgo_sysroot/include/external/pybind11/_virtual_includes/pybind11/pybind11/detail/typeid.h:39	    std::unique_ptr<char, void (*)(void *)> res{	        abi::__cxa_demangle(name.c_str(), nullptr, nullptr, &status), std::free};	    if (status == 0) {
progress/T1/corpus_hits.tsv:114677:llvm-22.1.8-18.1.src.rpm	__GLIBCXX__	YES	unpacked/mlgo_arm_model.tar.gz/mlgo_sysroot/include/external/pybind11/_virtual_includes/pybind11/pybind11/numpy.h	370	unpacked/mlgo_arm_model.tar.gz/mlgo_sysroot/include/external/pybind11/_virtual_includes/pybind11/pybind11/numpy.h:370	                                         // we need a standard layout type	#if defined(__GLIBCXX__)                                                                          \	    && (__GLIBCXX__ < 20150422 || __GLIBCXX__ == 20150426 || __GLIBCXX__ == 20150623              \
progress/T1/corpus_hits.tsv:114678:llvm-22.1.8-18.1.src.rpm	_GLIBCXX_	YES	unpacked/mlgo_arm_model.tar.gz/mlgo_sysroot/include/external/pybind11/_virtual_includes/pybind11/pybind11/numpy.h	370	unpacked/mlgo_arm_model.tar.gz/mlgo_sysroot/include/external/pybind11/_virtual_includes/pybind11/pybind11/numpy.h:370	                                         // we need a standard layout type	#if defined(__GLIBCXX__)                                                                          \	    && (__GLIBCXX__ < 20150422 || __GLIBCXX__ == 20150426 || __GLIBCXX__ == 20150623              \
progress/T1/corpus_hits.tsv:114679:llvm-22.1.8-18.1.src.rpm	__GLIBCXX__	YES	unpacked/mlgo_arm_model.tar.gz/mlgo_sysroot/include/external/pybind11/_virtual_includes/pybind11/pybind11/numpy.h	371	unpacked/mlgo_arm_model.tar.gz/mlgo_sysroot/include/external/pybind11/_virtual_includes/pybind11/pybind11/numpy.h:371	#if defined(__GLIBCXX__)                                                                          \	    && (__GLIBCXX__ < 20150422 || __GLIBCXX__ == 20150426 || __GLIBCXX__ == 20150623              \	        || __GLIBCXX__ == 20150626 || __GLIBCXX__ == 20160803)
progress/T1/corpus_hits.tsv:114680:llvm-22.1.8-18.1.src.rpm	_GLIBCXX_	YES	unpacked/mlgo_arm_model.tar.gz/mlgo_sysroot/include/external/pybind11/_virtual_includes/pybind11/pybind11/numpy.h	371	unpacked/mlgo_arm_model.tar.gz/mlgo_sysroot/include/external/pybind11/_virtual_includes/pybind11/pybind11/numpy.h:371	#if defined(__GLIBCXX__)                                                                          \	    && (__GLIBCXX__ < 20150422 || __GLIBCXX__ == 20150426 || __GLIBCXX__ == 20150623              \	        || __GLIBCXX__ == 20150626 || __GLIBCXX__ == 20160803)
progress/T1/corpus_hits.tsv:114681:llvm-22.1.8-18.1.src.rpm	__GLIBCXX__	YES	unpacked/mlgo_arm_model.tar.gz/mlgo_sysroot/include/external/pybind11/_virtual_includes/pybind11/pybind11/numpy.h	372	unpacked/mlgo_arm_model.tar.gz/mlgo_sysroot/include/external/pybind11/_virtual_includes/pybind11/pybind11/numpy.h:372	    && (__GLIBCXX__ < 20150422 || __GLIBCXX__ == 20150426 || __GLIBCXX__ == 20150623              \	        || __GLIBCXX__ == 20150626 || __GLIBCXX__ == 20160803)	             // libstdc++ < 5 (including versions 4.8.5, 4.9.3 and 4.9.4 which were released after
progress/T1/corpus_hits.tsv:114682:llvm-22.1.8-18.1.src.rpm	_GLIBCXX_	YES	unpacked/mlgo_arm_model.tar.gz/mlgo_sysroot/include/external/pybind11/_virtual_includes/pybind11/pybind11/numpy.h	372	unpacked/mlgo_arm_model.tar.gz/mlgo_sysroot/include/external/pybind11/_virtual_includes/pybind11/pybind11/numpy.h:372	    && (__GLIBCXX__ < 20150422 || __GLIBCXX__ == 20150426 || __GLIBCXX__ == 20150623              \	        || __GLIBCXX__ == 20150626 || __GLIBCXX__ == 20160803)	             // libstdc++ < 5 (including versions 4.8.5, 4.9.3 and 4.9.4 which were released after
progress/T1/corpus_hits.tsv:114683:llvm-22.1.8-18.1.src.rpm	<cxxabi.h>	NO	unpacked/mlgo_arm_model.tar.gz/mlgo_sysroot/include/external/pybind11/_virtual_includes/pybind11/pybind11/pybind11.h	35	unpacked/mlgo_arm_model.tar.gz/mlgo_sysroot/include/external/pybind11/_virtual_includes/pybind11/pybind11/pybind11.h:35	#if defined(__GNUG__) && !defined(__clang__)	#    include <cxxabi.h>	#endif
progress/T1/corpus_hits.tsv:114684:llvm-22.1.8-18.1.src.rpm	__GLIBCXX__	YES	unpacked/mlgo_arm_model.tar.gz/mlgo_sysroot/include/external/pybind11/_virtual_includes/pybind11/pybind11/pybind11.h	988	unpacked/mlgo_arm_model.tar.gz/mlgo_sysroot/include/external/pybind11/_virtual_includes/pybind11/pybind11/pybind11.h:988	            return nullptr;	#ifdef __GLIBCXX__	        } catch (abi::__forced_unwind &) {
progress/T1/corpus_hits.tsv:114685:llvm-22.1.8-18.1.src.rpm	_GLIBCXX_	YES	unpacked/mlgo_arm_model.tar.gz/mlgo_sysroot/include/external/pybind11/_virtual_includes/pybind11/pybind11/pybind11.h	988	unpacked/mlgo_arm_model.tar.gz/mlgo_sysroot/include/external/pybind11/_virtual_includes/pybind11/pybind11/pybind11.h:988	            return nullptr;	#ifdef __GLIBCXX__	        } catch (abi::__forced_unwind &) {
progress/T1/corpus_hits.tsv:114686:llvm-22.1.8-18.1.src.rpm	__forced_unwind	NO	unpacked/mlgo_arm_model.tar.gz/mlgo_sysroot/include/external/pybind11/_virtual_includes/pybind11/pybind11/pybind11.h	989	unpacked/mlgo_arm_model.tar.gz/mlgo_sysroot/include/external/pybind11/_virtual_includes/pybind11/pybind11/pybind11.h:989	#ifdef __GLIBCXX__	        } catch (abi::__forced_unwind &) {	            throw;
progress/T1/corpus_hits.tsv:114687:llvm-22.1.8-18.1.src.rpm	abi::	NO	unpacked/mlgo_arm_model.tar.gz/mlgo_sysroot/include/external/pybind11/_virtual_includes/pybind11/pybind11/pybind11.h	989	unpacked/mlgo_arm_model.tar.gz/mlgo_sysroot/include/external/pybind11/_virtual_includes/pybind11/pybind11/pybind11.h:989	#ifdef __GLIBCXX__	        } catch (abi::__forced_unwind &) {	            throw;
progress/T1/corpus_hits.tsv:114688:llvm-22.1.8-18.1.src.rpm	__GLIBCXX__	YES	unpacked/mlgo_arm_model.tar.gz/mlgo_sysroot/include/external/pybind11/include/pybind11/detail/internals.h	117	unpacked/mlgo_arm_model.tar.gz/mlgo_sysroot/include/external/pybind11/include/pybind11/detail/internals.h:117	// functions that use the type name.	#if defined(__GLIBCXX__)	inline bool same_type(const std::type_info &lhs, const std::type_info &rhs) { return lhs == rhs; }
progress/T1/corpus_hits.tsv:114689:llvm-22.1.8-18.1.src.rpm	_GLIBCXX_	YES	unpacked/mlgo_arm_model.tar.gz/mlgo_sysroot/include/external/pybind11/include/pybind11/detail/internals.h	117	unpacked/mlgo_arm_model.tar.gz/mlgo_sysroot/include/external/pybind11/include/pybind11/detail/internals.h:117	// functions that use the type name.	#if defined(__GLIBCXX__)	inline bool same_type(const std::type_info &lhs, const std::type_info &rhs) { return lhs == rhs; }
progress/T1/corpus_hits.tsv:114690:llvm-22.1.8-18.1.src.rpm	__GLIBCXX__	YES	unpacked/mlgo_arm_model.tar.gz/mlgo_sysroot/include/external/pybind11/include/pybind11/detail/internals.h	276	unpacked/mlgo_arm_model.tar.gz/mlgo_sysroot/include/external/pybind11/include/pybind11/detail/internals.h:276	"#        define PYBIND11_STDLIB ""_libcpp"""	#    elif defined(__GLIBCXX__) || defined(__GLIBCPP__)	"#        define PYBIND11_STDLIB ""_libstdcpp"""
progress/T1/corpus_hits.tsv:114691:llvm-22.1.8-18.1.src.rpm	_GLIBCXX_	YES	unpacked/mlgo_arm_model.tar.gz/mlgo_sysroot/include/external/pybind11/include/pybind11/detail/internals.h	276	unpacked/mlgo_arm_model.tar.gz/mlgo_sysroot/include/external/pybind11/include/pybind11/detail/internals.h:276	"#        define PYBIND11_STDLIB ""_libcpp"""	#    elif defined(__GLIBCXX__) || defined(__GLIBCPP__)	"#        define PYBIND11_STDLIB ""_libstdcpp"""
progress/T1/corpus_hits.tsv:114692:llvm-22.1.8-18.1.src.rpm	__GLIBCXX__	YES	unpacked/mlgo_arm_model.tar.gz/mlgo_sysroot/include/external/pybind11/include/pybind11/detail/internals.h	408	unpacked/mlgo_arm_model.tar.gz/mlgo_sysroot/include/external/pybind11/include/pybind11/detail/internals.h:408		#if !defined(__GLIBCXX__)	inline void translate_local_exception(std::exception_ptr p) {
progress/T1/corpus_hits.tsv:114693:llvm-22.1.8-18.1.src.rpm	_GLIBCXX_	YES	unpacked/mlgo_arm_model.tar.gz/mlgo_sysroot/include/external/pybind11/include/pybind11/detail/internals.h	408	unpacked/mlgo_arm_model.tar.gz/mlgo_sysroot/include/external/pybind11/include/pybind11/detail/internals.h:408		#if !defined(__GLIBCXX__)	inline void translate_local_exception(std::exception_ptr p) {
progress/T1/corpus_hits.tsv:114694:llvm-22.1.8-18.1.src.rpm	__GLIBCXX__	YES	unpacked/mlgo_arm_model.tar.gz/mlgo_sysroot/include/external/pybind11/include/pybind11/detail/internals.h	460	unpacked/mlgo_arm_model.tar.gz/mlgo_sysroot/include/external/pybind11/include/pybind11/detail/internals.h:460	        // libc++ with PyPy still need it, awaiting further investigation	#if !defined(__GLIBCXX__)	        (*internals_pp)->registered_exception_translators.push_front(&translate_local_exception);
progress/T1/corpus_hits.tsv:114695:llvm-22.1.8-18.1.src.rpm	_GLIBCXX_	YES	unpacked/mlgo_arm_model.tar.gz/mlgo_sysroot/include/external/pybind11/include/pybind11/detail/internals.h	460	unpacked/mlgo_arm_model.tar.gz/mlgo_sysroot/include/external/pybind11/include/pybind11/detail/internals.h:460	        // libc++ with PyPy still need it, awaiting further investigation	#if !defined(__GLIBCXX__)	        (*internals_pp)->registered_exception_translators.push_front(&translate_local_exception);
progress/T1/corpus_hits.tsv:114696:llvm-22.1.8-18.1.src.rpm	<cxxabi.h>	NO	unpacked/mlgo_arm_model.tar.gz/mlgo_sysroot/include/external/pybind11/include/pybind11/detail/typeid.h	16	unpacked/mlgo_arm_model.tar.gz/mlgo_sysroot/include/external/pybind11/include/pybind11/detail/typeid.h:16	#if defined(__GNUG__)	#    include <cxxabi.h>	#endif
progress/T1/corpus_hits.tsv:114697:llvm-22.1.8-18.1.src.rpm	abi::	NO	unpacked/mlgo_arm_model.tar.gz/mlgo_sysroot/include/external/pybind11/include/pybind11/detail/typeid.h	39	unpacked/mlgo_arm_model.tar.gz/mlgo_sysroot/include/external/pybind11/include/pybind11/detail/typeid.h:39	    std::unique_ptr<char, void (*)(void *)> res{	        abi::__cxa_demangle(name.c_str(), nullptr, nullptr, &status), std::free};	    if (status == 0) {
progress/T1/corpus_hits.tsv:114698:llvm-22.1.8-18.1.src.rpm	__GLIBCXX__	YES	unpacked/mlgo_arm_model.tar.gz/mlgo_sysroot/include/external/pybind11/include/pybind11/numpy.h	370	unpacked/mlgo_arm_model.tar.gz/mlgo_sysroot/include/external/pybind11/include/pybind11/numpy.h:370	                                         // we need a standard layout type	#if defined(__GLIBCXX__)                                                                          \	    && (__GLIBCXX__ < 20150422 || __GLIBCXX__ == 20150426 || __GLIBCXX__ == 20150623              \
progress/T1/corpus_hits.tsv:114699:llvm-22.1.8-18.1.src.rpm	_GLIBCXX_	YES	unpacked/mlgo_arm_model.tar.gz/mlgo_sysroot/include/external/pybind11/include/pybind11/numpy.h	370	unpacked/mlgo_arm_model.tar.gz/mlgo_sysroot/include/external/pybind11/include/pybind11/numpy.h:370	                                         // we need a standard layout type	#if defined(__GLIBCXX__)                                                                          \	    && (__GLIBCXX__ < 20150422 || __GLIBCXX__ == 20150426 || __GLIBCXX__ == 20150623              \
progress/T1/corpus_hits.tsv:114700:llvm-22.1.8-18.1.src.rpm	__GLIBCXX__	YES	unpacked/mlgo_arm_model.tar.gz/mlgo_sysroot/include/external/pybind11/include/pybind11/numpy.h	371	unpacked/mlgo_arm_model.tar.gz/mlgo_sysroot/include/external/pybind11/include/pybind11/numpy.h:371	#if defined(__GLIBCXX__)                                                                          \	    && (__GLIBCXX__ < 20150422 || __GLIBCXX__ == 20150426 || __GLIBCXX__ == 20150623              \	        || __GLIBCXX__ == 20150626 || __GLIBCXX__ == 20160803)
progress/T1/corpus_hits.tsv:114701:llvm-22.1.8-18.1.src.rpm	_GLIBCXX_	YES	unpacked/mlgo_arm_model.tar.gz/mlgo_sysroot/include/external/pybind11/include/pybind11/numpy.h	371	unpacked/mlgo_arm_model.tar.gz/mlgo_sysroot/include/external/pybind11/include/pybind11/numpy.h:371	#if defined(__GLIBCXX__)                                                                          \	    && (__GLIBCXX__ < 20150422 || __GLIBCXX__ == 20150426 || __GLIBCXX__ == 20150623              \	        || __GLIBCXX__ == 20150626 || __GLIBCXX__ == 20160803)
progress/T1/corpus_hits.tsv:114702:llvm-22.1.8-18.1.src.rpm	__GLIBCXX__	YES	unpacked/mlgo_arm_model.tar.gz/mlgo_sysroot/include/external/pybind11/include/pybind11/numpy.h	372	unpacked/mlgo_arm_model.tar.gz/mlgo_sysroot/include/external/pybind11/include/pybind11/numpy.h:372	    && (__GLIBCXX__ < 20150422 || __GLIBCXX__ == 20150426 || __GLIBCXX__ == 20150623              \	        || __GLIBCXX__ == 20150626 || __GLIBCXX__ == 20160803)	             // libstdc++ < 5 (including versions 4.8.5, 4.9.3 and 4.9.4 which were released after
progress/T1/corpus_hits.tsv:114703:llvm-22.1.8-18.1.src.rpm	_GLIBCXX_	YES	unpacked/mlgo_arm_model.tar.gz/mlgo_sysroot/include/external/pybind11/include/pybind11/numpy.h	372	unpacked/mlgo_arm_model.tar.gz/mlgo_sysroot/include/external/pybind11/include/pybind11/numpy.h:372	    && (__GLIBCXX__ < 20150422 || __GLIBCXX__ == 20150426 || __GLIBCXX__ == 20150623              \	        || __GLIBCXX__ == 20150626 || __GLIBCXX__ == 20160803)	             // libstdc++ < 5 (including versions 4.8.5, 4.9.3 and 4.9.4 which were released after
progress/T1/corpus_hits.tsv:114704:llvm-22.1.8-18.1.src.rpm	<cxxabi.h>	NO	unpacked/mlgo_arm_model.tar.gz/mlgo_sysroot/include/external/pybind11/include/pybind11/pybind11.h	35	unpacked/mlgo_arm_model.tar.gz/mlgo_sysroot/include/external/pybind11/include/pybind11/pybind11.h:35	#if defined(__GNUG__) && !defined(__clang__)	#    include <cxxabi.h>	#endif
progress/T1/corpus_hits.tsv:114705:llvm-22.1.8-18.1.src.rpm	__GLIBCXX__	YES	unpacked/mlgo_arm_model.tar.gz/mlgo_sysroot/include/external/pybind11/include/pybind11/pybind11.h	988	unpacked/mlgo_arm_model.tar.gz/mlgo_sysroot/include/external/pybind11/include/pybind11/pybind11.h:988	            return nullptr;	#ifdef __GLIBCXX__	        } catch (abi::__forced_unwind &) {
progress/T1/corpus_hits.tsv:114706:llvm-22.1.8-18.1.src.rpm	_GLIBCXX_	YES	unpacked/mlgo_arm_model.tar.gz/mlgo_sysroot/include/external/pybind11/include/pybind11/pybind11.h	988	unpacked/mlgo_arm_model.tar.gz/mlgo_sysroot/include/external/pybind11/include/pybind11/pybind11.h:988	            return nullptr;	#ifdef __GLIBCXX__	        } catch (abi::__forced_unwind &) {
progress/T1/corpus_hits.tsv:114707:llvm-22.1.8-18.1.src.rpm	__forced_unwind	NO	unpacked/mlgo_arm_model.tar.gz/mlgo_sysroot/include/external/pybind11/include/pybind11/pybind11.h	989	unpacked/mlgo_arm_model.tar.gz/mlgo_sysroot/include/external/pybind11/include/pybind11/pybind11.h:989	#ifdef __GLIBCXX__	        } catch (abi::__forced_unwind &) {	            throw;
progress/T1/corpus_hits.tsv:114708:llvm-22.1.8-18.1.src.rpm	abi::	NO	unpacked/mlgo_arm_model.tar.gz/mlgo_sysroot/include/external/pybind11/include/pybind11/pybind11.h	989	unpacked/mlgo_arm_model.tar.gz/mlgo_sysroot/include/external/pybind11/include/pybind11/pybind11.h:989	#ifdef __GLIBCXX__	        } catch (abi::__forced_unwind &) {	            throw;
progress/T1/corpus_hits.tsv:114709:llvm-22.1.8-18.1.src.rpm	_GLIBCXX_	YES	unpacked/mlgo_arm_model.tar.gz/mlgo_sysroot/include/third_party/gpus/cuda/include/crt/common_functions.h	246	unpacked/mlgo_arm_model.tar.gz/mlgo_sysroot/include/third_party/gpus/cuda/include/crt/common_functions.h:246		#define __NV_GLIBCXX_VERSION (__GNUC__ * 10000 + __GNUC_MINOR__ * 100 + __GNUC_PATCHLEVEL__) 	
progress/T1/corpus_hits.tsv:114710:llvm-22.1.8-18.1.src.rpm	_GLIBCXX_	YES	unpacked/mlgo_arm_model.tar.gz/mlgo_sysroot/include/third_party/gpus/cuda/include/crt/common_functions.h	248	unpacked/mlgo_arm_model.tar.gz/mlgo_sysroot/include/third_party/gpus/cuda/include/crt/common_functions.h:248		#if (__cplusplus >= 201103L)  && ((!(defined(__QNX__) && defined(_LIBCPP_VERSION))) || (defined(__QNX__) && __NV_GLIBCXX_VERSION >= 80300))	#define THROWBADALLOC 
progress/T1/corpus_hits.tsv:114711:llvm-22.1.8-18.1.src.rpm	_GLIBCXX_	YES	unpacked/mlgo_arm_model.tar.gz/mlgo_sysroot/include/third_party/gpus/cuda/include/crt/common_functions.h	251	unpacked/mlgo_arm_model.tar.gz/mlgo_sysroot/include/third_party/gpus/cuda/include/crt/common_functions.h:251	#else	#if defined(__ANDROID__) && !defined(_LIBCPP_VERSION) && (defined(__BIONIC__) || __NV_GLIBCXX_VERSION < 40900)	#define THROWBADALLOC
progress/T1/corpus_hits.tsv:114712:llvm-22.1.8-18.1.src.rpm	_GLIBCXX_	YES	unpacked/mlgo_arm_model.tar.gz/mlgo_sysroot/include/third_party/gpus/cuda/include/crt/common_functions.h	259	unpacked/mlgo_arm_model.tar.gz/mlgo_sysroot/include/third_party/gpus/cuda/include/crt/common_functions.h:259		#undef __NV_GLIBCXX_VERSION	
progress/T1/corpus_hits.tsv:114713:llvm-22.1.8-18.1.src.rpm	_GLIBCXX_	YES	unpacked/mlgo_arm_model.tar.gz/mlgo_sysroot/include/third_party/gpus/cuda/include/crt/math_functions.h	10621	unpacked/mlgo_arm_model.tar.gz/mlgo_sysroot/include/third_party/gpus/cuda/include/crt/math_functions.h:10621		#if ((defined _GLIBCXX_MATH_H) && _GLIBCXX_MATH_H) && (__cplusplus >= 201103L)	#if !defined(_NVHPC_CUDA)
progress/T1/corpus_hits.tsv:114714:llvm-22.1.8-18.1.src.rpm	_GLIBCXX_	YES	unpacked/mlgo_arm_model.tar.gz/mlgo_sysroot/include/third_party/gpus/cuda/include/crt/math_functions.h	10632	unpacked/mlgo_arm_model.tar.gz/mlgo_sysroot/include/third_party/gpus/cuda/include/crt/math_functions.h:10632	/* GCC 6.1 uses ::isnan(double x) for isnan(double x) if the condition is true */	#if _GLIBCXX_HAVE_OBSOLETE_ISNAN && !_GLIBCXX_NO_OBSOLETE_ISINF_ISNAN_DYNAMIC	__DEVICE_FUNCTIONS_DECL__ __cudart_builtin__ int isnan(double x) throw();
progress/T1/corpus_hits.tsv:114715:llvm-22.1.8-18.1.src.rpm	_GLIBCXX_	YES	unpacked/mlgo_arm_model.tar.gz/mlgo_sysroot/include/third_party/gpus/cuda/include/crt/math_functions.h	10634	unpacked/mlgo_arm_model.tar.gz/mlgo_sysroot/include/third_party/gpus/cuda/include/crt/math_functions.h:10634	__DEVICE_FUNCTIONS_DECL__ __cudart_builtin__ int isnan(double x) throw();	#else /* !(_GLIBCXX_HAVE_OBSOLETE_ISNAN && !_GLIBCXX_NO_OBSOLETE_ISINF_ISNAN_DYNAMIC) */	__DEVICE_FUNCTIONS_DECL__ __cudart_builtin__ constexpr bool isnan(double x);
progress/T1/corpus_hits.tsv:114716:llvm-22.1.8-18.1.src.rpm	_GLIBCXX_	YES	unpacked/mlgo_arm_model.tar.gz/mlgo_sysroot/include/third_party/gpus/cuda/include/crt/math_functions.h	10636	unpacked/mlgo_arm_model.tar.gz/mlgo_sysroot/include/third_party/gpus/cuda/include/crt/math_functions.h:10636	__DEVICE_FUNCTIONS_DECL__ __cudart_builtin__ constexpr bool isnan(double x);	#endif /* _GLIBCXX_HAVE_OBSOLETE_ISNAN && !_GLIBCXX_NO_OBSOLETE_ISINF_ISNAN_DYNAMIC */	__DEVICE_FUNCTIONS_DECL__ __cudart_builtin__ constexpr bool isnan(long double x);
progress/T1/corpus_hits.tsv:114717:llvm-22.1.8-18.1.src.rpm	_GLIBCXX_	YES	unpacked/mlgo_arm_model.tar.gz/mlgo_sysroot/include/third_party/gpus/cuda/include/crt/math_functions.h	10640	unpacked/mlgo_arm_model.tar.gz/mlgo_sysroot/include/third_party/gpus/cuda/include/crt/math_functions.h:10640	/* GCC 6.1 uses ::isinf(double x) for isinf(double x) if the condition is true. */	#if _GLIBCXX_HAVE_OBSOLETE_ISINF && !_GLIBCXX_NO_OBSOLETE_ISINF_ISNAN_DYNAMIC	__DEVICE_FUNCTIONS_DECL__ __cudart_builtin__ int isinf(double x) throw();
progress/T1/corpus_hits.tsv:114718:llvm-22.1.8-18.1.src.rpm	_GLIBCXX_	YES	unpacked/mlgo_arm_model.tar.gz/mlgo_sysroot/include/third_party/gpus/cuda/include/crt/math_functions.h	10642	unpacked/mlgo_arm_model.tar.gz/mlgo_sysroot/include/third_party/gpus/cuda/include/crt/math_functions.h:10642	__DEVICE_FUNCTIONS_DECL__ __cudart_builtin__ int isinf(double x) throw();	#else /* !(_GLIBCXX_HAVE_OBSOLETE_ISINF && !_GLIBCXX_NO_OBSOLETE_ISINF_ISNAN_DYNAMIC) */	__DEVICE_FUNCTIONS_DECL__ __cudart_builtin__ constexpr bool isinf(double x);
progress/T1/corpus_hits.tsv:114719:llvm-22.1.8-18.1.src.rpm	_GLIBCXX_	YES	unpacked/mlgo_arm_model.tar.gz/mlgo_sysroot/include/third_party/gpus/cuda/include/crt/math_functions.h	10644	unpacked/mlgo_arm_model.tar.gz/mlgo_sysroot/include/third_party/gpus/cuda/include/crt/math_functions.h:10644	__DEVICE_FUNCTIONS_DECL__ __cudart_builtin__ constexpr bool isinf(double x);	#endif /* _GLIBCXX_HAVE_OBSOLETE_ISINF && !_GLIBCXX_NO_OBSOLETE_ISINF_ISNAN_DYNAMIC */	__DEVICE_FUNCTIONS_DECL__ __cudart_builtin__ constexpr bool isinf(long double x);
progress/T1/corpus_hits.tsv:114720:llvm-22.1.8-18.1.src.rpm	_GLIBCXX_	YES	unpacked/mlgo_arm_model.tar.gz/mlgo_sysroot/include/third_party/gpus/cuda/include/crt/math_functions.h	10649	unpacked/mlgo_arm_model.tar.gz/mlgo_sysroot/include/third_party/gpus/cuda/include/crt/math_functions.h:10649		#else /* !(((defined _GLIBCXX_MATH_H) && _GLIBCXX_MATH_H) && (__cplusplus >= 201103L)) */	
progress/T1/corpus_hits.tsv:114721:llvm-22.1.8-18.1.src.rpm	_GLIBCXX_	YES	unpacked/mlgo_arm_model.tar.gz/mlgo_sysroot/include/third_party/gpus/cuda/include/crt/math_functions.h	10748	unpacked/mlgo_arm_model.tar.gz/mlgo_sysroot/include/third_party/gpus/cuda/include/crt/math_functions.h:10748		#endif /* ((defined _GLIBCXX_MATH_H) && _GLIBCXX_MATH_H) && (__cplusplus >= 201103L) */	#endif /* __APPLE__ */
progress/T1/corpus_hits.tsv:114722:llvm-22.1.8-18.1.src.rpm	_GLIBCXX_	YES	unpacked/mlgo_arm_model.tar.gz/mlgo_sysroot/include/third_party/gpus/cuda/include/crt/math_functions.h	10754	unpacked/mlgo_arm_model.tar.gz/mlgo_sysroot/include/third_party/gpus/cuda/include/crt/math_functions.h:10754	#if __has_include(<ext/random>)	#define __NV_GLIBCXX_VERSION 40800	#endif /* __has_include(<random>) */
progress/T1/corpus_hits.tsv:114723:llvm-22.1.8-18.1.src.rpm	_GLIBCXX_	YES	unpacked/mlgo_arm_model.tar.gz/mlgo_sysroot/include/third_party/gpus/cuda/include/crt/math_functions.h	10758	unpacked/mlgo_arm_model.tar.gz/mlgo_sysroot/include/third_party/gpus/cuda/include/crt/math_functions.h:10758		#if !defined(__NV_GLIBCXX_VERSION)	#define __NV_GLIBCXX_VERSION (__GNUC__ * 10000 + __GNUC_MINOR__ * 100 + __GNUC_PATCHLEVEL__) 
progress/T1/corpus_hits.tsv:114724:llvm-22.1.8-18.1.src.rpm	_GLIBCXX_	YES	unpacked/mlgo_arm_model.tar.gz/mlgo_sysroot/include/third_party/gpus/cuda/include/crt/math_functions.h	10759	unpacked/mlgo_arm_model.tar.gz/mlgo_sysroot/include/third_party/gpus/cuda/include/crt/math_functions.h:10759	#if !defined(__NV_GLIBCXX_VERSION)	#define __NV_GLIBCXX_VERSION (__GNUC__ * 10000 + __GNUC_MINOR__ * 100 + __GNUC_PATCHLEVEL__) 	#endif /* !__NV_GLIBCXX_VERSION */
progress/T1/corpus_hits.tsv:114725:llvm-22.1.8-18.1.src.rpm	_GLIBCXX_	YES	unpacked/mlgo_arm_model.tar.gz/mlgo_sysroot/include/third_party/gpus/cuda/include/crt/math_functions.h	10760	unpacked/mlgo_arm_model.tar.gz/mlgo_sysroot/include/third_party/gpus/cuda/include/crt/math_functions.h:10760	#define __NV_GLIBCXX_VERSION (__GNUC__ * 10000 + __GNUC_MINOR__ * 100 + __GNUC_PATCHLEVEL__) 	#endif /* !__NV_GLIBCXX_VERSION */	#endif /* !defined(_LIBCPP_VERSION) */
progress/T1/corpus_hits.tsv:114726:llvm-22.1.8-18.1.src.rpm	_GLIBCXX_	YES	unpacked/mlgo_arm_model.tar.gz/mlgo_sysroot/include/third_party/gpus/cuda/include/crt/math_functions.h	10764	unpacked/mlgo_arm_model.tar.gz/mlgo_sysroot/include/third_party/gpus/cuda/include/crt/math_functions.h:10764	#if !defined(__HORIZON__) || !defined(_LIBCPP_VERSION) || _LIBCPP_VERSION < 3800	#if defined(__arm__) && !defined(_STLPORT_VERSION) && !_GLIBCXX_USE_C99	#if !defined(__ANDROID__) || (defined(__NV_GLIBCXX_VERSION) && __NV_GLIBCXX_VERSION < 40800)
progress/T1/corpus_hits.tsv:114727:llvm-22.1.8-18.1.src.rpm	_GLIBCXX_	YES	unpacked/mlgo_arm_model.tar.gz/mlgo_sysroot/include/third_party/gpus/cuda/include/crt/math_functions.h	10765	unpacked/mlgo_arm_model.tar.gz/mlgo_sysroot/include/third_party/gpus/cuda/include/crt/math_functions.h:10765	#if defined(__arm__) && !defined(_STLPORT_VERSION) && !_GLIBCXX_USE_C99	#if !defined(__ANDROID__) || (defined(__NV_GLIBCXX_VERSION) && __NV_GLIBCXX_VERSION < 40800)	
progress/T1/corpus_hits.tsv:114728:llvm-22.1.8-18.1.src.rpm	_GLIBCXX_	YES	unpacked/mlgo_arm_model.tar.gz/mlgo_sysroot/include/third_party/gpus/cuda/include/crt/math_functions.h	10783	unpacked/mlgo_arm_model.tar.gz/mlgo_sysroot/include/third_party/gpus/cuda/include/crt/math_functions.h:10783		#endif /* !__ANDROID__ || (defined(__NV_GLIBCXX_VERSION) && __NV_GLIBCXX_VERSION < 40800) */	#endif /* __arm__ && !_STLPORT_VERSION && !_GLIBCXX_USE_C99 */
progress/T1/corpus_hits.tsv:114729:llvm-22.1.8-18.1.src.rpm	_GLIBCXX_	YES	unpacked/mlgo_arm_model.tar.gz/mlgo_sysroot/include/third_party/gpus/cuda/include/crt/math_functions.h	10784	unpacked/mlgo_arm_model.tar.gz/mlgo_sysroot/include/third_party/gpus/cuda/include/crt/math_functions.h:10784	#endif /* !__ANDROID__ || (defined(__NV_GLIBCXX_VERSION) && __NV_GLIBCXX_VERSION < 40800) */	#endif /* __arm__ && !_STLPORT_VERSION && !_GLIBCXX_USE_C99 */	#endif /* !defined(__HORIZON__) || !defined(_LIBCPP_VERSION) || _LIBCPP_VERSION < 3800 */
progress/T1/corpus_hits.tsv:114730:llvm-22.1.8-18.1.src.rpm	_GLIBCXX_	YES	unpacked/mlgo_arm_model.tar.gz/mlgo_sysroot/include/third_party/gpus/cuda/include/crt/math_functions.h	10787	unpacked/mlgo_arm_model.tar.gz/mlgo_sysroot/include/third_party/gpus/cuda/include/crt/math_functions.h:10787		#if defined(__NV_GLIBCXX_VERSION) && __NV_GLIBCXX_VERSION < 40800 && !defined(__ibmxl__)	
progress/T1/corpus_hits.tsv:114731:llvm-22.1.8-18.1.src.rpm	__gnu_cxx	YES	unpacked/mlgo_arm_model.tar.gz/mlgo_sysroot/include/third_party/gpus/cuda/include/crt/math_functions.h	10790	unpacked/mlgo_arm_model.tar.gz/mlgo_sysroot/include/third_party/gpus/cuda/include/crt/math_functions.h:10790	#if !defined(_STLPORT_VERSION)	namespace __gnu_cxx	{
progress/T1/corpus_hits.tsv:114732:llvm-22.1.8-18.1.src.rpm	_GLIBCXX_	YES	unpacked/mlgo_arm_model.tar.gz/mlgo_sysroot/include/third_party/gpus/cuda/include/crt/math_functions.h	10800	unpacked/mlgo_arm_model.tar.gz/mlgo_sysroot/include/third_party/gpus/cuda/include/crt/math_functions.h:10800		#endif /* defined(__NV_GLIBCXX_VERSION) && __NV_GLIBCXX_VERSION < 40800 && !__ibmxl__ */	
progress/T1/corpus_hits.tsv:114733:llvm-22.1.8-18.1.src.rpm	_GLIBCXX_	YES	unpacked/mlgo_arm_model.tar.gz/mlgo_sysroot/include/third_party/gpus/cuda/include/crt/math_functions.h	11210	unpacked/mlgo_arm_model.tar.gz/mlgo_sysroot/include/third_party/gpus/cuda/include/crt/math_functions.h:11210	#if defined(__CUDACC_RTC__) || \	    (defined(__NV_GLIBCXX_VERSION) && __NV_GLIBCXX_VERSION >= 40800) || \	    defined(__ibmxl__)
progress/T1/corpus_hits.tsv:114734:llvm-22.1.8-18.1.src.rpm	_GLIBCXX_	YES	unpacked/mlgo_arm_model.tar.gz/mlgo_sysroot/include/third_party/gpus/cuda/include/crt/math_functions.h	11214	unpacked/mlgo_arm_model.tar.gz/mlgo_sysroot/include/third_party/gpus/cuda/include/crt/math_functions.h:11214	#endif /* __CUDACC__RTC__ ||	          (defined(__NV_GLIBCXX_VERSION) && __NV_GLIBCXX_VERSION >= 40800) ||	          __ibmxl__ */
progress/T1/corpus_hits.tsv:114735:llvm-22.1.8-18.1.src.rpm	__gnu_cxx	YES	unpacked/mlgo_arm_model.tar.gz/mlgo_sysroot/include/third_party/gpus/cuda/include/crt/math_functions.h	11236	unpacked/mlgo_arm_model.tar.gz/mlgo_sysroot/include/third_party/gpus/cuda/include/crt/math_functions.h:11236	extern __DEVICE_FUNCTIONS_DECL__ __cudart_builtin__	typename __gnu_cxx::__promote_2<_Tp, _Up>::__type pow(_Tp, _Up);	#else  /* !(defined(__GNUC__) && __cplusplus >= 201103L && !defined(_LIBCPP_VERSION)) */
progress/T1/corpus_hits.tsv:114736:llvm-22.1.8-18.1.src.rpm	_GLIBCXX_	YES	unpacked/mlgo_arm_model.tar.gz/mlgo_sysroot/include/third_party/gpus/cuda/include/crt/math_functions.h	11448	unpacked/mlgo_arm_model.tar.gz/mlgo_sysroot/include/third_party/gpus/cuda/include/crt/math_functions.h:11448	#else /* !(defined(__QNX__ ) || (defined(_LIBCPP_VERSION) && _LIBCPP_VERSION >= 3800)) */	#if ((defined _GLIBCXX_MATH_H) && _GLIBCXX_MATH_H) && (__cplusplus >= 201103L)	namespace std {
progress/T1/corpus_hits.tsv:114737:llvm-22.1.8-18.1.src.rpm	_GLIBCXX_	YES	unpacked/mlgo_arm_model.tar.gz/mlgo_sysroot/include/third_party/gpus/cuda/include/crt/math_functions.h	11484	unpacked/mlgo_arm_model.tar.gz/mlgo_sysroot/include/third_party/gpus/cuda/include/crt/math_functions.h:11484	}	#else /* !(((defined _GLIBCXX_MATH_H) && _GLIBCXX_MATH_H) && (__cplusplus >= 201103L)) */	__MATH_FUNCTIONS_DECL__ float logb(float a);
progress/T1/corpus_hits.tsv:114738:llvm-22.1.8-18.1.src.rpm	_GLIBCXX_	YES	unpacked/mlgo_arm_model.tar.gz/mlgo_sysroot/include/third_party/gpus/cuda/include/crt/math_functions.h	11550	unpacked/mlgo_arm_model.tar.gz/mlgo_sysroot/include/third_party/gpus/cuda/include/crt/math_functions.h:11550	__MATH_FUNCTIONS_DECL__ float fmin(float a, float b);	#endif /* ((defined _GLIBCXX_MATH_H) && _GLIBCXX_MATH_H) && (__cplusplus >= 201103L) */	#endif /* defined(__QNX__) || (defined(_LIBCPP_VERSION) && _LIBCPP_VERSION >= 3800) */
progress/T1/corpus_hits.tsv:114739:llvm-22.1.8-18.1.src.rpm	_GLIBCXX_	YES	unpacked/mlgo_arm_model.tar.gz/mlgo_sysroot/include/third_party/gpus/cuda/include/crt/math_functions.hpp	170	unpacked/mlgo_arm_model.tar.gz/mlgo_sysroot/include/third_party/gpus/cuda/include/crt/math_functions.hpp:170		#if ((defined _GLIBCXX_MATH_H) && _GLIBCXX_MATH_H) && (__cplusplus >= 201103L)	#if defined(__CUDA_ARCH__)
progress/T1/corpus_hits.tsv:114740:llvm-22.1.8-18.1.src.rpm	_GLIBCXX_	YES	unpacked/mlgo_arm_model.tar.gz/mlgo_sysroot/include/third_party/gpus/cuda/include/crt/math_functions.hpp	173	unpacked/mlgo_arm_model.tar.gz/mlgo_sysroot/include/third_party/gpus/cuda/include/crt/math_functions.hpp:173	#define __NV_BUILTIN_FUNC_DECL__ __forceinline__ __host__ __device__ __cudart_builtin__	#if _GLIBCXX_HAVE_OBSOLETE_ISNAN && !_GLIBCXX_NO_OBSOLETE_ISINF_ISNAN_DYNAMIC	__NV_BUILTIN_FUNC_DECL__ int  isnan(const double a) throw() { return __isnan(a); }
progress/T1/corpus_hits.tsv:114741:llvm-22.1.8-18.1.src.rpm	_GLIBCXX_	YES	unpacked/mlgo_arm_model.tar.gz/mlgo_sysroot/include/third_party/gpus/cuda/include/crt/math_functions.hpp	176	unpacked/mlgo_arm_model.tar.gz/mlgo_sysroot/include/third_party/gpus/cuda/include/crt/math_functions.hpp:176	__NV_BUILTIN_FUNC_DECL__ int  isinf(const double x) throw() { return __isinf(x); }	#endif /* _GLIBCXX_HAVE_OBSOLETE_ISNAN && !_GLIBCXX_NO_OBSOLETE_ISINF_ISNAN_DYNAMIC */	#undef __NV_BUILTIN_FUNC_DECL__
progress/T1/corpus_hits.tsv:114742:llvm-22.1.8-18.1.src.rpm	_GLIBCXX_	YES	unpacked/mlgo_arm_model.tar.gz/mlgo_sysroot/include/third_party/gpus/cuda/include/crt/math_functions.hpp	179	unpacked/mlgo_arm_model.tar.gz/mlgo_sysroot/include/third_party/gpus/cuda/include/crt/math_functions.hpp:179	#endif /* __CUDA_ARCH */	#else /* !(((defined _GLIBCXX_MATH_H) && _GLIBCXX_MATH_H) && (__cplusplus >= 201103L)) */	
progress/T1/corpus_hits.tsv:114743:llvm-22.1.8-18.1.src.rpm	_GLIBCXX_	YES	unpacked/mlgo_arm_model.tar.gz/mlgo_sysroot/include/third_party/gpus/cuda/include/crt/math_functions.hpp	392	unpacked/mlgo_arm_model.tar.gz/mlgo_sysroot/include/third_party/gpus/cuda/include/crt/math_functions.hpp:392		#endif /* ((defined _GLIBCXX_MATH_H) && _GLIBCXX_MATH_H) && (__cplusplus >= 201103L) */	#endif /* __APPLE__ */
progress/T1/corpus_hits.tsv:114744:llvm-22.1.8-18.1.src.rpm	_GLIBCXX_	YES	unpacked/mlgo_arm_model.tar.gz/mlgo_sysroot/include/third_party/gpus/cuda/include/crt/math_functions.hpp	395	unpacked/mlgo_arm_model.tar.gz/mlgo_sysroot/include/third_party/gpus/cuda/include/crt/math_functions.hpp:395		#if defined(__arm__) && !defined(_STLPORT_VERSION) && !_GLIBCXX_USE_C99	#if !defined(__ANDROID__) || (!defined(_LIBCPP_VERSION) && (__GNUC__ < 4 || (__GNUC__ == 4 && __GNUC_MINOR__ < 8)))
progress/T1/corpus_hits.tsv:114745:llvm-22.1.8-18.1.src.rpm	_GLIBCXX_	YES	unpacked/mlgo_arm_model.tar.gz/mlgo_sysroot/include/third_party/gpus/cuda/include/crt/math_functions.hpp	406	unpacked/mlgo_arm_model.tar.gz/mlgo_sysroot/include/third_party/gpus/cuda/include/crt/math_functions.hpp:406	#endif /* !defined(__ANDROID__) || (!defined(_LIBCPP_VERSION) && (__GNUC__ < 4 || (__GNUC__ == 4 && __GNUC_MINOR__ < 8))) */	#endif /* __arm__ && !_STLPORT_VERSION && !_GLIBCXX_USE_C99 */	
progress/T1/corpus_hits.tsv:114746:llvm-22.1.8-18.1.src.rpm	_GLIBCXX_	YES	unpacked/mlgo_arm_model.tar.gz/mlgo_sysroot/include/third_party/gpus/cuda/include/crt/math_functions.hpp	586	unpacked/mlgo_arm_model.tar.gz/mlgo_sysroot/include/third_party/gpus/cuda/include/crt/math_functions.hpp:586	#if !defined(__QNX__) && !(defined(_LIBCPP_VERSION) && _LIBCPP_VERSION >= 3800)	#if !(((defined _GLIBCXX_MATH_H) && _GLIBCXX_MATH_H) && (__cplusplus >= 201103L))	__MATH_FUNCTIONS_DECL__ float logb(const float a)
progress/T1/corpus_hits.tsv:114747:llvm-22.1.8-18.1.src.rpm	_GLIBCXX_	YES	unpacked/mlgo_arm_model.tar.gz/mlgo_sysroot/include/third_party/gpus/cuda/include/crt/math_functions.hpp	751	unpacked/mlgo_arm_model.tar.gz/mlgo_sysroot/include/third_party/gpus/cuda/include/crt/math_functions.hpp:751	}	#endif /* !(((defined _GLIBCXX_MATH_H) && _GLIBCXX_MATH_H) && (__cplusplus >= 201103L)) */	#endif /* !(!defined(__QNX__) && !(defined(_LIBCPP_VERSION) && _LIBCPP_VERSION >= 3800)) */
progress/T1/corpus_hits.tsv:114748:llvm-22.1.8-18.1.src.rpm	__GLIBCXX__	YES	unpacked/mlgo_arm_model.tar.gz/mlgo_sysroot/include/third_party/gpus/cuda/include/cuda/std/detail/libcxx/include/__mdspan/config.h	182	unpacked/mlgo_arm_model.tar.gz/mlgo_sysroot/include/third_party/gpus/cuda/include/cuda/std/detail/libcxx/include/__mdspan/config.h:182	        /* as far as I can tell, libc++ seems to think this is a C++11 feature... */ \	        || (defined(__GLIBCXX__) && __GLIBCXX__ > 20150422 && __GNUC__ < 5 && !defined(__INTEL_CXX11_MODE__))	     // several compilers lie about integer_sequence working properly unless the C++14 standard is used
progress/T1/corpus_hits.tsv:114749:llvm-22.1.8-18.1.src.rpm	_GLIBCXX_	YES	unpacked/mlgo_arm_model.tar.gz/mlgo_sysroot/include/third_party/gpus/cuda/include/cuda/std/detail/libcxx/include/__mdspan/config.h	182	unpacked/mlgo_arm_model.tar.gz/mlgo_sysroot/include/third_party/gpus/cuda/include/cuda/std/detail/libcxx/include/__mdspan/config.h:182	        /* as far as I can tell, libc++ seems to think this is a C++11 feature... */ \	        || (defined(__GLIBCXX__) && __GLIBCXX__ > 20150422 && __GNUC__ < 5 && !defined(__INTEL_CXX11_MODE__))	     // several compilers lie about integer_sequence working properly unless the C++14 standard is used
progress/T1/corpus_hits.tsv:114750:llvm-22.1.8-18.1.src.rpm	__gnu_cxx	YES	unpacked/mlgo_arm_model.tar.gz/mlgo_sysroot/include/third_party/gpus/cuda/include/cuda/std/detail/libcxx/include/ext/__hash	18	unpacked/mlgo_arm_model.tar.gz/mlgo_sysroot/include/third_party/gpus/cuda/include/cuda/std/detail/libcxx/include/ext/__hash:18		namespace __gnu_cxx {	
progress/T1/corpus_hits.tsv:114751:llvm-22.1.8-18.1.src.rpm	__gnu_cxx	YES	unpacked/mlgo_arm_model.tar.gz/mlgo_sysroot/include/third_party/gpus/cuda/include/cuda/std/detail/libcxx/include/ext/hash_map	17	unpacked/mlgo_arm_model.tar.gz/mlgo_sysroot/include/third_party/gpus/cuda/include/cuda/std/detail/libcxx/include/ext/hash_map:17		namespace __gnu_cxx	{
progress/T1/corpus_hits.tsv:114752:llvm-22.1.8-18.1.src.rpm	__gnu_cxx	YES	unpacked/mlgo_arm_model.tar.gz/mlgo_sysroot/include/third_party/gpus/cuda/include/cuda/std/detail/libcxx/include/ext/hash_map	200	unpacked/mlgo_arm_model.tar.gz/mlgo_sysroot/include/third_party/gpus/cuda/include/cuda/std/detail/libcxx/include/ext/hash_map:200		}  // __gnu_cxx	
progress/T1/corpus_hits.tsv:114753:llvm-22.1.8-18.1.src.rpm	#include <ext/	YES	unpacked/mlgo_arm_model.tar.gz/mlgo_sysroot/include/third_party/gpus/cuda/include/cuda/std/detail/libcxx/include/ext/hash_map	209	unpacked/mlgo_arm_model.tar.gz/mlgo_sysroot/include/third_party/gpus/cuda/include/cuda/std/detail/libcxx/include/ext/hash_map:209	#include <type_traits>	#include <ext/__hash>	
progress/T1/corpus_hits.tsv:114754:llvm-22.1.8-18.1.src.rpm	__gnu_cxx	YES	unpacked/mlgo_arm_model.tar.gz/mlgo_sysroot/include/third_party/gpus/cuda/include/cuda/std/detail/libcxx/include/ext/hash_map	223	unpacked/mlgo_arm_model.tar.gz/mlgo_sysroot/include/third_party/gpus/cuda/include/cuda/std/detail/libcxx/include/ext/hash_map:223		namespace __gnu_cxx {	
progress/T1/corpus_hits.tsv:114755:llvm-22.1.8-18.1.src.rpm	__gnu_cxx	YES	unpacked/mlgo_arm_model.tar.gz/mlgo_sysroot/include/third_party/gpus/cuda/include/cuda/std/detail/libcxx/include/ext/hash_map	982	unpacked/mlgo_arm_model.tar.gz/mlgo_sysroot/include/third_party/gpus/cuda/include/cuda/std/detail/libcxx/include/ext/hash_map:982		} // __gnu_cxx	
progress/T1/corpus_hits.tsv:114756:llvm-22.1.8-18.1.src.rpm	__gnu_cxx	YES	unpacked/mlgo_arm_model.tar.gz/mlgo_sysroot/include/third_party/gpus/cuda/include/cuda/std/detail/libcxx/include/ext/hash_set	17	unpacked/mlgo_arm_model.tar.gz/mlgo_sysroot/include/third_party/gpus/cuda/include/cuda/std/detail/libcxx/include/ext/hash_set:17		namespace __gnu_cxx	{
progress/T1/corpus_hits.tsv:114757:llvm-22.1.8-18.1.src.rpm	__gnu_cxx	YES	unpacked/mlgo_arm_model.tar.gz/mlgo_sysroot/include/third_party/gpus/cuda/include/cuda/std/detail/libcxx/include/ext/hash_set	191	unpacked/mlgo_arm_model.tar.gz/mlgo_sysroot/include/third_party/gpus/cuda/include/cuda/std/detail/libcxx/include/ext/hash_set:191	               const hash_multiset<Value, Hash, Pred, Alloc>& y);	}  // __gnu_cxx	
progress/T1/corpus_hits.tsv:114758:llvm-22.1.8-18.1.src.rpm	#include <ext/	YES	unpacked/mlgo_arm_model.tar.gz/mlgo_sysroot/include/third_party/gpus/cuda/include/cuda/std/detail/libcxx/include/ext/hash_set	198	unpacked/mlgo_arm_model.tar.gz/mlgo_sysroot/include/third_party/gpus/cuda/include/cuda/std/detail/libcxx/include/ext/hash_set:198	#include <functional>	#include <ext/__hash>	
progress/T1/corpus_hits.tsv:114759:llvm-22.1.8-18.1.src.rpm	__gnu_cxx	YES	unpacked/mlgo_arm_model.tar.gz/mlgo_sysroot/include/third_party/gpus/cuda/include/cuda/std/detail/libcxx/include/ext/hash_set	208	unpacked/mlgo_arm_model.tar.gz/mlgo_sysroot/include/third_party/gpus/cuda/include/cuda/std/detail/libcxx/include/ext/hash_set:208		namespace __gnu_cxx {	
progress/T1/corpus_hits.tsv:114760:llvm-22.1.8-18.1.src.rpm	__gnu_cxx	YES	unpacked/mlgo_arm_model.tar.gz/mlgo_sysroot/include/third_party/gpus/cuda/include/cuda/std/detail/libcxx/include/ext/hash_set	657	unpacked/mlgo_arm_model.tar.gz/mlgo_sysroot/include/third_party/gpus/cuda/include/cuda/std/detail/libcxx/include/ext/hash_set:657		} // __gnu_cxx	
progress/T1/corpus_hits.tsv:114761:llvm-22.1.8-18.1.src.rpm	<cxxabi.h>	NO	unpacked/mlgo_arm_model.tar.gz/mlgo_sysroot/include/third_party/gpus/cuda/include/nvrtc.h	733	unpacked/mlgo_arm_model.tar.gz/mlgo_sysroot/include/third_party/gpus/cuda/include/nvrtc.h:733	#if NVRTC_USE_CXXABI || __clang__ || __GNUC__ || __DOXYGEN_ONLY__	#include <cxxabi.h>	#include <cstdlib>
progress/T1/corpus_hits.tsv:114762:llvm-22.1.8-18.1.src.rpm	abi::	NO	unpacked/mlgo_arm_model.tar.gz/mlgo_sysroot/include/third_party/gpus/cuda/include/nvrtc.h	761	unpacked/mlgo_arm_model.tar.gz/mlgo_sysroot/include/third_party/gpus/cuda/include/nvrtc.h:761	 * This function is only provided when the macro NVRTC_GET_TYPE_NAME is	 * defined with a non-zero value. It uses abi::__cxa_demangle or UnDecorateSymbolName	 * function calls to extract the type name, when using gcc/clang or cl.exe compilers,
progress/T1/corpus_hits.tsv:114763:llvm-22.1.8-18.1.src.rpm	abi::	NO	unpacked/mlgo_arm_model.tar.gz/mlgo_sysroot/include/third_party/gpus/cuda/include/nvrtc.h	783	unpacked/mlgo_arm_model.tar.gz/mlgo_sysroot/include/third_party/gpus/cuda/include/nvrtc.h:783	  int status;	  char *undecorated_name = abi::__cxa_demangle(name, 0, 0, &status);	  if (status == 0) {
progress/T1/corpus_hits.tsv:114764:llvm-22.1.8-18.1.src.rpm	abi::	NO	unpacked/mlgo_arm_model.tar.gz/mlgo_sysroot/include/third_party/gpus/cuda/include/nvrtc.h	814	unpacked/mlgo_arm_model.tar.gz/mlgo_sysroot/include/third_party/gpus/cuda/include/nvrtc.h:814	 * This function is only provided when the macro NVRTC_GET_TYPE_NAME is	 * defined with a non-zero value. It uses abi::__cxa_demangle or UnDecorateSymbolName	 * function calls to extract the type name, when using gcc/clang or cl.exe compilers,
progress/T1/corpus_hits.tsv:114765:llvm-22.1.8-18.1.src.rpm	_GLIBCXX_	YES	unpacked/mlgo_arm_model.tar.gz/mlgo_sysroot/include/third_party/gpus/cuda/include/thrust/optional.h	81	unpacked/mlgo_arm_model.tar.gz/mlgo_sysroot/include/third_party/gpus/cuda/include/thrust/optional.h:81	      struct is_trivially_copy_constructible : std::is_trivially_copy_constructible<T>{};	#ifdef _GLIBCXX_VECTOR	      template<class T, class A>
progress/T1/corpus_hits.tsv:114766:llvm-22.1.8-18.1.src.rpm	__GLIBCXX__	YES	unpacked/mlgo_arm_model.tar.gz/mlgo_sysroot/include/third_party/gpus/cuda/include/thrust/optional.h	110	unpacked/mlgo_arm_model.tar.gz/mlgo_sysroot/include/third_party/gpus/cuda/include/thrust/optional.h:110		#if defined(__GLIBCXX__) && __has_feature(is_trivially_constructible)	#define THRUST_OPTIONAL_IS_TRIVIALLY_COPY_CONSTRUCTIBLE(T) \
progress/T1/corpus_hits.tsv:114767:llvm-22.1.8-18.1.src.rpm	_GLIBCXX_	YES	unpacked/mlgo_arm_model.tar.gz/mlgo_sysroot/include/third_party/gpus/cuda/include/thrust/optional.h	110	unpacked/mlgo_arm_model.tar.gz/mlgo_sysroot/include/third_party/gpus/cuda/include/thrust/optional.h:110		#if defined(__GLIBCXX__) && __has_feature(is_trivially_constructible)	#define THRUST_OPTIONAL_IS_TRIVIALLY_COPY_CONSTRUCTIBLE(T) \
progress/T1/corpus_hits.tsv:114768:llvm-22.1.8-18.1.src.rpm	__GLIBCXX__	YES	unpacked/mlgo_arm_model.tar.gz/mlgo_sysroot/include/third_party/gpus/cuda/include/thrust/optional.h	118	unpacked/mlgo_arm_model.tar.gz/mlgo_sysroot/include/third_party/gpus/cuda/include/thrust/optional.h:118		#if defined(__GLIBCXX__) && __has_feature(is_trivially_assignable)	#define THRUST_OPTIONAL_IS_TRIVIALLY_COPY_ASSIGNABLE(T) \
progress/T1/corpus_hits.tsv:114769:llvm-22.1.8-18.1.src.rpm	_GLIBCXX_	YES	unpacked/mlgo_arm_model.tar.gz/mlgo_sysroot/include/third_party/gpus/cuda/include/thrust/optional.h	118	unpacked/mlgo_arm_model.tar.gz/mlgo_sysroot/include/third_party/gpus/cuda/include/thrust/optional.h:118		#if defined(__GLIBCXX__) && __has_feature(is_trivially_assignable)	#define THRUST_OPTIONAL_IS_TRIVIALLY_COPY_ASSIGNABLE(T) \
progress/T1/corpus_hits.tsv:114770:llvm-22.1.8-18.1.src.rpm	__GLIBCXX__	YES	unpacked/mlgo_arm_model.tar.gz/mlgo_sysroot/include/third_party/gpus/cuda/include/thrust/optional.h	126	unpacked/mlgo_arm_model.tar.gz/mlgo_sysroot/include/third_party/gpus/cuda/include/thrust/optional.h:126		#if defined(__GLIBCXX__) && __has_feature(is_trivially_constructible)	#define THRUST_OPTIONAL_IS_TRIVIALLY_MOVE_CONSTRUCTIBLE(T) \
progress/T1/corpus_hits.tsv:114771:llvm-22.1.8-18.1.src.rpm	_GLIBCXX_	YES	unpacked/mlgo_arm_model.tar.gz/mlgo_sysroot/include/third_party/gpus/cuda/include/thrust/optional.h	126	unpacked/mlgo_arm_model.tar.gz/mlgo_sysroot/include/third_party/gpus/cuda/include/thrust/optional.h:126		#if defined(__GLIBCXX__) && __has_feature(is_trivially_constructible)	#define THRUST_OPTIONAL_IS_TRIVIALLY_MOVE_CONSTRUCTIBLE(T) \
progress/T1/corpus_hits.tsv:114772:llvm-22.1.8-18.1.src.rpm	__GLIBCXX__	YES	unpacked/mlgo_arm_model.tar.gz/mlgo_sysroot/include/third_party/gpus/cuda/include/thrust/optional.h	134	unpacked/mlgo_arm_model.tar.gz/mlgo_sysroot/include/third_party/gpus/cuda/include/thrust/optional.h:134		#if defined(__GLIBCXX__) && __has_feature(is_trivially_assignable)	#define THRUST_OPTIONAL_IS_TRIVIALLY_MOVE_ASSIGNABLE(T) \
progress/T1/corpus_hits.tsv:114773:llvm-22.1.8-18.1.src.rpm	_GLIBCXX_	YES	unpacked/mlgo_arm_model.tar.gz/mlgo_sysroot/include/third_party/gpus/cuda/include/thrust/optional.h	134	unpacked/mlgo_arm_model.tar.gz/mlgo_sysroot/include/third_party/gpus/cuda/include/thrust/optional.h:134		#if defined(__GLIBCXX__) && __has_feature(is_trivially_assignable)	#define THRUST_OPTIONAL_IS_TRIVIALLY_MOVE_ASSIGNABLE(T) \
progress/T1/corpus_hits.tsv:114774:llvm-22.1.8-18.1.src.rpm	__GLIBCXX__	YES	unpacked/mlgo_arm_model.tar.gz/mlgo_sysroot/include/third_party/gpus/cuda/include/thrust/optional.h	142	unpacked/mlgo_arm_model.tar.gz/mlgo_sysroot/include/third_party/gpus/cuda/include/thrust/optional.h:142		#if defined(__GLIBCXX__) && __has_feature(is_trivially_destructible)	#define THRUST_OPTIONAL_IS_TRIVIALLY_DESTRUCTIBLE(T) \
progress/T1/corpus_hits.tsv:114775:llvm-22.1.8-18.1.src.rpm	_GLIBCXX_	YES	unpacked/mlgo_arm_model.tar.gz/mlgo_sysroot/include/third_party/gpus/cuda/include/thrust/optional.h	142	unpacked/mlgo_arm_model.tar.gz/mlgo_sysroot/include/third_party/gpus/cuda/include/thrust/optional.h:142		#if defined(__GLIBCXX__) && __has_feature(is_trivially_destructible)	#define THRUST_OPTIONAL_IS_TRIVIALLY_DESTRUCTIBLE(T) \
progress/T1/corpus_hits.tsv:114776:llvm-22.1.8-18.1.src.rpm	__GLIBCXX__	YES	unpacked/mlgo_arm_model.tar.gz/mlgo_sysroot/include/third_party/gpus/cuda/include/thrust/type_traits/is_contiguous_iterator.h	149	unpacked/mlgo_arm_model.tar.gz/mlgo_sysroot/include/third_party/gpus/cuda/include/thrust/type_traits/is_contiguous_iterator.h:149		#if defined(__GLIBCXX__)	template <typename Iterator, typename Container>
progress/T1/corpus_hits.tsv:114777:llvm-22.1.8-18.1.src.rpm	_GLIBCXX_	YES	unpacked/mlgo_arm_model.tar.gz/mlgo_sysroot/include/third_party/gpus/cuda/include/thrust/type_traits/is_contiguous_iterator.h	149	unpacked/mlgo_arm_model.tar.gz/mlgo_sysroot/include/third_party/gpus/cuda/include/thrust/type_traits/is_contiguous_iterator.h:149		#if defined(__GLIBCXX__)	template <typename Iterator, typename Container>
progress/T1/corpus_hits.tsv:114778:llvm-22.1.8-18.1.src.rpm	__gnu_cxx	YES	unpacked/mlgo_arm_model.tar.gz/mlgo_sysroot/include/third_party/gpus/cuda/include/thrust/type_traits/is_contiguous_iterator.h	152	unpacked/mlgo_arm_model.tar.gz/mlgo_sysroot/include/third_party/gpus/cuda/include/thrust/type_traits/is_contiguous_iterator.h:152	struct is_libstdcxx_normal_iterator<	  ::__gnu_cxx::__normal_iterator<Iterator, Container>	> : true_type {};
progress/T1/corpus_hits.tsv:114779:llvm-22.1.8-18.1.src.rpm	__GLIBCXX__	YES	unpacked/mlgo_arm_model.tar.gz/mlgo_sysroot/include/third_party/gpus/cuda/include/thrust/type_traits/is_trivially_relocatable.h	242	unpacked/mlgo_arm_model.tar.gz/mlgo_sysroot/include/third_party/gpus/cuda/include/thrust/type_traits/is_trivially_relocatable.h:242		// There is no way to actually detect the libstdc++ version; __GLIBCXX__	// is always set to the date of libstdc++ being packaged, not the release
progress/T1/corpus_hits.tsv:114780:llvm-22.1.8-18.1.src.rpm	_GLIBCXX_	YES	unpacked/mlgo_arm_model.tar.gz/mlgo_sysroot/include/third_party/gpus/cuda/include/thrust/type_traits/is_trivially_relocatable.h	242	unpacked/mlgo_arm_model.tar.gz/mlgo_sysroot/include/third_party/gpus/cuda/include/thrust/type_traits/is_trivially_relocatable.h:242		// There is no way to actually detect the libstdc++ version; __GLIBCXX__	// is always set to the date of libstdc++ being packaged, not the release
progress/T1/corpus_hits.tsv:114781:llvm-22.1.8-18.1.src.rpm	__GLIBCXX__	YES	unpacked/mlgo_arm_model.tar.gz/mlgo_sysroot/include/third_party/gpus/cuda/include/thrust/type_traits/is_trivially_relocatable.h	264	unpacked/mlgo_arm_model.tar.gz/mlgo_sysroot/include/third_party/gpus/cuda/include/thrust/type_traits/is_trivially_relocatable.h:264	        #if THRUST_CPP_DIALECT >= 2011	            #if defined(__GLIBCXX__) && __has_feature(is_trivially_copyable)	                __is_trivially_copyable(T)
progress/T1/corpus_hits.tsv:114782:llvm-22.1.8-18.1.src.rpm	_GLIBCXX_	YES	unpacked/mlgo_arm_model.tar.gz/mlgo_sysroot/include/third_party/gpus/cuda/include/thrust/type_traits/is_trivially_relocatable.h	264	unpacked/mlgo_arm_model.tar.gz/mlgo_sysroot/include/third_party/gpus/cuda/include/thrust/type_traits/is_trivially_relocatable.h:264	        #if THRUST_CPP_DIALECT >= 2011	            #if defined(__GLIBCXX__) && __has_feature(is_trivially_copyable)	                __is_trivially_copyable(T)
progress/T1/corpus_hits.tsv:114783:llvm-22.1.8-18.1.src.rpm	__GLIBCXX__	YES	unpacked/mlgo_x86_model.tar.gz/mlgo_sysroot/include/Eigen/src/Core/util/EmulateArray.h	267	unpacked/mlgo_x86_model.tar.gz/mlgo_sysroot/include/Eigen/src/Core/util/EmulateArray.h:267	 */	#if defined(__GLIBCXX__) && __GLIBCXX__ < 20120322	#define STD_GET_ARR_HACK             a._M_instance[I_]
progress/T1/corpus_hits.tsv:114784:llvm-22.1.8-18.1.src.rpm	_GLIBCXX_	YES	unpacked/mlgo_x86_model.tar.gz/mlgo_sysroot/include/Eigen/src/Core/util/EmulateArray.h	267	unpacked/mlgo_x86_model.tar.gz/mlgo_sysroot/include/Eigen/src/Core/util/EmulateArray.h:267	 */	#if defined(__GLIBCXX__) && __GLIBCXX__ < 20120322	#define STD_GET_ARR_HACK             a._M_instance[I_]
progress/T1/corpus_hits.tsv:114785:llvm-22.1.8-18.1.src.rpm	_GLIBCXX_	YES	unpacked/mlgo_x86_model.tar.gz/mlgo_sysroot/include/Eigen/src/Core/util/Macros.h	715	unpacked/mlgo_x86_model.tar.gz/mlgo_sysroot/include/Eigen/src/Core/util/Macros.h:715	// Does the compiler support C99?	// Need to include <cmath> to make sure _GLIBCXX_USE_C99 gets defined	#include <cmath>
progress/T1/corpus_hits.tsv:114786:llvm-22.1.8-18.1.src.rpm	_GLIBCXX_	YES	unpacked/mlgo_x86_model.tar.gz/mlgo_sysroot/include/Eigen/src/Core/util/Macros.h	719	unpacked/mlgo_x86_model.tar.gz/mlgo_sysroot/include/Eigen/src/Core/util/Macros.h:719	#if ((defined(__STDC_VERSION__) && (__STDC_VERSION__ >= 199901))       \	  || (defined(__GNUC__) && defined(_GLIBCXX_USE_C99)) \	  || (defined(_LIBCPP_VERSION) && !defined(_MSC_VER)) \
progress/T1/corpus_hits.tsv:114787:llvm-22.1.8-18.1.src.rpm	pthread_cancel	NO	unpacked/mlgo_x86_model.tar.gz/mlgo_sysroot/include/Eigen/src/ThreadPool/ThreadCancel.h	16	unpacked/mlgo_x86_model.tar.gz/mlgo_sysroot/include/Eigen/src/ThreadPool/ThreadCancel.h:16	  #define EIGEN_THREAD_CANCEL(t)                  \	    pthread_cancel(t.native_handle());	  #define EIGEN_SUPPORTS_THREAD_CANCELLATION 1
progress/T1/corpus_hits.tsv:114788:llvm-22.1.8-18.1.src.rpm	__GLIBCXX__	YES	unpacked/mlgo_x86_model.tar.gz/mlgo_sysroot/include/absl/base/config.h	55	unpacked/mlgo_x86_model.tar.gz/mlgo_sysroot/include/absl/base/config.h:55	#ifdef __cplusplus	// Included for __GLIBCXX__, _LIBCPP_VERSION	#include <cstddef>
progress/T1/corpus_hits.tsv:114789:llvm-22.1.8-18.1.src.rpm	_GLIBCXX_	YES	unpacked/mlgo_x86_model.tar.gz/mlgo_sysroot/include/absl/base/config.h	55	unpacked/mlgo_x86_model.tar.gz/mlgo_sysroot/include/absl/base/config.h:55	#ifdef __cplusplus	// Included for __GLIBCXX__, _LIBCPP_VERSION	#include <cstddef>
progress/T1/corpus_hits.tsv:114790:llvm-22.1.8-18.1.src.rpm	_GLIBCXX_	YES	unpacked/mlgo_x86_model.tar.gz/mlgo_sysroot/include/absl/base/config.h	229	unpacked/mlgo_x86_model.tar.gz/mlgo_sysroot/include/absl/base/config.h:229	// We assume __thread is supported on Linux or Asylo when compiled with Clang or	// compiled against libstdc++ with _GLIBCXX_HAVE_TLS defined.	#ifdef ABSL_HAVE_TLS
progress/T1/corpus_hits.tsv:114791:llvm-22.1.8-18.1.src.rpm	_GLIBCXX_	YES	unpacked/mlgo_x86_model.tar.gz/mlgo_sysroot/include/absl/base/config.h	233	unpacked/mlgo_x86_model.tar.gz/mlgo_sysroot/include/absl/base/config.h:233	#elif (defined(__linux__) || defined(__ASYLO__)) && \	    (defined(__clang__) || defined(_GLIBCXX_HAVE_TLS))	#define ABSL_HAVE_TLS 1
progress/T1/corpus_hits.tsv:114792:llvm-22.1.8-18.1.src.rpm	__GLIBCXX__	YES	unpacked/mlgo_x86_model.tar.gz/mlgo_sysroot/include/absl/base/config.h	247	unpacked/mlgo_x86_model.tar.gz/mlgo_sysroot/include/absl/base/config.h:247	    (defined(__clang__) && __clang_major__ >= 15) ||   \	    (!defined(__clang__) && defined(__GLIBCXX__) &&    \	     ABSL_INTERNAL_HAVE_MIN_GNUC_VERSION(4, 8))
progress/T1/corpus_hits.tsv:114793:llvm-22.1.8-18.1.src.rpm	_GLIBCXX_	YES	unpacked/mlgo_x86_model.tar.gz/mlgo_sysroot/include/absl/base/config.h	247	unpacked/mlgo_x86_model.tar.gz/mlgo_sysroot/include/absl/base/config.h:247	    (defined(__clang__) && __clang_major__ >= 15) ||   \	    (!defined(__clang__) && defined(__GLIBCXX__) &&    \	     ABSL_INTERNAL_HAVE_MIN_GNUC_VERSION(4, 8))
progress/T1/corpus_hits.tsv:114794:llvm-22.1.8-18.1.src.rpm	__GLIBCXX__	YES	unpacked/mlgo_x86_model.tar.gz/mlgo_sysroot/include/absl/base/config.h	270	unpacked/mlgo_x86_model.tar.gz/mlgo_sysroot/include/absl/base/config.h:270	    (!defined(__clang__) &&                                                  \	     ((ABSL_INTERNAL_HAVE_MIN_GNUC_VERSION(7, 4) && defined(__GLIBCXX__)) || \	      (ABSL_INTERNAL_HAVE_MIN_GNUC_VERSION(8, 2) &&                          \
progress/T1/corpus_hits.tsv:114795:llvm-22.1.8-18.1.src.rpm	_GLIBCXX_	YES	unpacked/mlgo_x86_model.tar.gz/mlgo_sysroot/include/absl/base/config.h	270	unpacked/mlgo_x86_model.tar.gz/mlgo_sysroot/include/absl/base/config.h:270	    (!defined(__clang__) &&                                                  \	     ((ABSL_INTERNAL_HAVE_MIN_GNUC_VERSION(7, 4) && defined(__GLIBCXX__)) || \	      (ABSL_INTERNAL_HAVE_MIN_GNUC_VERSION(8, 2) &&                          \
progress/T1/corpus_hits.tsv:114796:llvm-22.1.8-18.1.src.rpm	<cxxabi.h>	NO	unpacked/mlgo_x86_model.tar.gz/mlgo_sysroot/include/absl/container/internal/layout.h	189	unpacked/mlgo_x86_model.tar.gz/mlgo_sysroot/include/absl/container/internal/layout.h:189	#ifdef ABSL_INTERNAL_HAS_CXA_DEMANGLE	#include <cxxabi.h>	#endif
progress/T1/corpus_hits.tsv:114797:llvm-22.1.8-18.1.src.rpm	abi::	NO	unpacked/mlgo_x86_model.tar.gz/mlgo_sysroot/include/absl/container/internal/layout.h	300	unpacked/mlgo_x86_model.tar.gz/mlgo_sysroot/include/absl/container/internal/layout.h:300	#ifdef ABSL_INTERNAL_HAS_CXA_DEMANGLE	  demangled = abi::__cxa_demangle(typeid(T).name(), nullptr, nullptr, &status);	#endif
progress/T1/corpus_hits.tsv:114798:llvm-22.1.8-18.1.src.rpm	abi::	NO	unpacked/mlgo_x86_model.tar.gz/mlgo_sysroot/include/absl/debugging/internal/demangle.h	20	unpacked/mlgo_x86_model.tar.gz/mlgo_sysroot/include/absl/debugging/internal/demangle.h:20	// symbolize stack traces.  We cannot use libstdc++'s	// abi::__cxa_demangle() in such signal handlers since it's not async	// signal safe (it uses malloc() internally).
progress/T1/corpus_hits.tsv:114799:llvm-22.1.8-18.1.src.rpm	abi::	NO	unpacked/mlgo_x86_model.tar.gz/mlgo_sysroot/include/absl/debugging/internal/demangle.h	33	unpacked/mlgo_x86_model.tar.gz/mlgo_sysroot/include/absl/debugging/internal/demangle.h:33	//	// | Mangled Name  | The Demangler | abi::__cxa_demangle()	// |---------------|---------------|-----------------------
progress/T1/corpus_hits.tsv:114800:llvm-22.1.8-18.1.src.rpm	<cxxabi.h>	NO	unpacked/mlgo_x86_model.tar.gz/mlgo_sysroot/include/absl/debugging/symbolize_darwin.inc	15	unpacked/mlgo_x86_model.tar.gz/mlgo_sysroot/include/absl/debugging/symbolize_darwin.inc:15		#include <cxxabi.h>	#include <execinfo.h>
progress/T1/corpus_hits.tsv:114801:llvm-22.1.8-18.1.src.rpm	<cxxabi.h>	NO	unpacked/mlgo_x86_model.tar.gz/mlgo_sysroot/include/absl/debugging/symbolize_emscripten.inc	15	unpacked/mlgo_x86_model.tar.gz/mlgo_sysroot/include/absl/debugging/symbolize_emscripten.inc:15		#include <cxxabi.h>	#include <emscripten.h>
progress/T1/corpus_hits.tsv:114802:llvm-22.1.8-18.1.src.rpm	__GLIBCXX__	YES	unpacked/mlgo_x86_model.tar.gz/mlgo_sysroot/include/absl/hash/internal/hash.h	610	unpacked/mlgo_x86_model.tar.gz/mlgo_sysroot/include/absl/hash/internal/hash.h:610	#if defined(ABSL_IS_BIG_ENDIAN) && \	    (defined(__GLIBCXX__) || defined(__GLIBCPP__))	
progress/T1/corpus_hits.tsv:114803:llvm-22.1.8-18.1.src.rpm	_GLIBCXX_	YES	unpacked/mlgo_x86_model.tar.gz/mlgo_sysroot/include/absl/hash/internal/hash.h	610	unpacked/mlgo_x86_model.tar.gz/mlgo_sysroot/include/absl/hash/internal/hash.h:610	#if defined(ABSL_IS_BIG_ENDIAN) && \	    (defined(__GLIBCXX__) || defined(__GLIBCPP__))	
progress/T1/corpus_hits.tsv:114804:llvm-22.1.8-18.1.src.rpm	__GLIBCXX__	YES	unpacked/mlgo_x86_model.tar.gz/mlgo_sysroot/include/absl/hash/internal/hash.h	792	unpacked/mlgo_x86_model.tar.gz/mlgo_sysroot/include/absl/hash/internal/hash.h:792	#if defined(ABSL_IS_BIG_ENDIAN) && \	    (defined(__GLIBCXX__) || defined(__GLIBCPP__))	// AbslHashValue for hashing std::bitset
progress/T1/corpus_hits.tsv:114805:llvm-22.1.8-18.1.src.rpm	_GLIBCXX_	YES	unpacked/mlgo_x86_model.tar.gz/mlgo_sysroot/include/absl/hash/internal/hash.h	792	unpacked/mlgo_x86_model.tar.gz/mlgo_sysroot/include/absl/hash/internal/hash.h:792	#if defined(ABSL_IS_BIG_ENDIAN) && \	    (defined(__GLIBCXX__) || defined(__GLIBCPP__))	// AbslHashValue for hashing std::bitset
progress/T1/corpus_hits.tsv:114806:llvm-22.1.8-18.1.src.rpm	_GLIBCXX_	YES	unpacked/mlgo_x86_model.tar.gz/mlgo_sysroot/include/absl/strings/internal/stl_type_traits.h	17	unpacked/mlgo_x86_model.tar.gz/mlgo_sysroot/include/absl/strings/internal/stl_type_traits.h:17	// Thie file provides the IsStrictlyBaseOfAndConvertibleToSTLContainer type	// trait metafunction to assist in working with the _GLIBCXX_DEBUG debug	// wrappers of STL containers.
progress/T1/corpus_hits.tsv:114807:llvm-22.1.8-18.1.src.rpm	_GLIBCXX_	YES	unpacked/mlgo_x86_model.tar.gz/mlgo_sysroot/include/absl/strings/internal/str_split_internal.h	45	unpacked/mlgo_x86_model.tar.gz/mlgo_sysroot/include/absl/strings/internal/str_split_internal.h:45		#ifdef _GLIBCXX_DEBUG	"#include ""absl/strings/internal/stl_type_traits.h"""
progress/T1/corpus_hits.tsv:114808:llvm-22.1.8-18.1.src.rpm	_GLIBCXX_	YES	unpacked/mlgo_x86_model.tar.gz/mlgo_sysroot/include/absl/strings/internal/str_split_internal.h	47	unpacked/mlgo_x86_model.tar.gz/mlgo_sysroot/include/absl/strings/internal/str_split_internal.h:47	"#include ""absl/strings/internal/stl_type_traits.h"""	#endif  // _GLIBCXX_DEBUG	
progress/T1/corpus_hits.tsv:114809:llvm-22.1.8-18.1.src.rpm	_GLIBCXX_	YES	unpacked/mlgo_x86_model.tar.gz/mlgo_sysroot/include/absl/strings/internal/str_split_internal.h	229	unpacked/mlgo_x86_model.tar.gz/mlgo_sysroot/include/absl/strings/internal/str_split_internal.h:229	          C,	#ifdef _GLIBCXX_DEBUG	          !IsStrictlyBaseOfAndConvertibleToSTLContainer<C>::value &&
progress/T1/corpus_hits.tsv:114810:llvm-22.1.8-18.1.src.rpm	_GLIBCXX_	YES	unpacked/mlgo_x86_model.tar.gz/mlgo_sysroot/include/absl/strings/internal/str_split_internal.h	231	unpacked/mlgo_x86_model.tar.gz/mlgo_sysroot/include/absl/strings/internal/str_split_internal.h:231	          !IsStrictlyBaseOfAndConvertibleToSTLContainer<C>::value &&	#endif  // _GLIBCXX_DEBUG	              !IsInitializerList<
progress/T1/corpus_hits.tsv:114811:llvm-22.1.8-18.1.src.rpm	__GLIBCXX__	YES	unpacked/mlgo_x86_model.tar.gz/mlgo_sysroot/include/external/icu/icu4c/source/common/unicode/std_string.h	34	unpacked/mlgo_x86_model.tar.gz/mlgo_sysroot/include/external/icu/icu4c/source/common/unicode/std_string.h:34	// https://bugs.llvm.org/show_bug.cgi?id=13364	#if defined(__GLIBCXX__)	namespace std { class type_info; }
progress/T1/corpus_hits.tsv:114812:llvm-22.1.8-18.1.src.rpm	_GLIBCXX_	YES	unpacked/mlgo_x86_model.tar.gz/mlgo_sysroot/include/external/icu/icu4c/source/common/unicode/std_string.h	34	unpacked/mlgo_x86_model.tar.gz/mlgo_sysroot/include/external/icu/icu4c/source/common/unicode/std_string.h:34	// https://bugs.llvm.org/show_bug.cgi?id=13364	#if defined(__GLIBCXX__)	namespace std { class type_info; }
progress/T1/corpus_hits.tsv:114813:llvm-22.1.8-18.1.src.rpm	__GLIBCXX__	YES	unpacked/mlgo_x86_model.tar.gz/mlgo_sysroot/include/external/icu/icu4c/source/common/utypeinfo.h	27	unpacked/mlgo_x86_model.tar.gz/mlgo_sysroot/include/external/icu/icu4c/source/common/utypeinfo.h:27	#endif	#if defined(__GLIBCXX__)	namespace std { class type_info; } // WORKAROUND: http://llvm.org/bugs/show_bug.cgi?id=13364
progress/T1/corpus_hits.tsv:114814:llvm-22.1.8-18.1.src.rpm	_GLIBCXX_	YES	unpacked/mlgo_x86_model.tar.gz/mlgo_sysroot/include/external/icu/icu4c/source/common/utypeinfo.h	27	unpacked/mlgo_x86_model.tar.gz/mlgo_sysroot/include/external/icu/icu4c/source/common/utypeinfo.h:27	#endif	#if defined(__GLIBCXX__)	namespace std { class type_info; } // WORKAROUND: http://llvm.org/bugs/show_bug.cgi?id=13364
progress/T1/corpus_hits.tsv:114815:llvm-22.1.8-18.1.src.rpm	#include <bits/	YES	unpacked/mlgo_x86_model.tar.gz/mlgo_sysroot/include/external/local_config_python/python_include/cpython/pthread_stubs.h	31	unpacked/mlgo_x86_model.tar.gz/mlgo_sysroot/include/external/local_config_python/python_include/cpython/pthread_stubs.h:31	#  define __NEED_pthread_attr_t 1	#  include <bits/alltypes.h>	#else
progress/T1/corpus_hits.tsv:114816:llvm-22.1.8-18.1.src.rpm	__GLIBCXX__	YES	unpacked/mlgo_x86_model.tar.gz/mlgo_sysroot/include/external/onednn/src/cpu/x64/xbyak/xbyak.h	98	unpacked/mlgo_x86_model.tar.gz/mlgo_sysroot/include/external/onednn/src/cpu/x64/xbyak/xbyak.h:98	*/	#elif XBYAK_GNUC_PREREQ(4, 5) || (XBYAK_GNUC_PREREQ(4, 2) && __GLIBCXX__ >= 20070719) || defined(__INTEL_COMPILER) || defined(__llvm__)	\t#include <tr1/unordered_set>
progress/T1/corpus_hits.tsv:114817:llvm-22.1.8-18.1.src.rpm	_GLIBCXX_	YES	unpacked/mlgo_x86_model.tar.gz/mlgo_sysroot/include/external/onednn/src/cpu/x64/xbyak/xbyak.h	98	unpacked/mlgo_x86_model.tar.gz/mlgo_sysroot/include/external/onednn/src/cpu/x64/xbyak/xbyak.h:98	*/	#elif XBYAK_GNUC_PREREQ(4, 5) || (XBYAK_GNUC_PREREQ(4, 2) && __GLIBCXX__ >= 20070719) || defined(__INTEL_COMPILER) || defined(__llvm__)	\t#include <tr1/unordered_set>
progress/T1/corpus_hits.tsv:114818:llvm-22.1.8-18.1.src.rpm	__GLIBCXX__	YES	unpacked/mlgo_x86_model.tar.gz/mlgo_sysroot/include/external/pybind11/_virtual_includes/pybind11/pybind11/detail/internals.h	117	unpacked/mlgo_x86_model.tar.gz/mlgo_sysroot/include/external/pybind11/_virtual_includes/pybind11/pybind11/detail/internals.h:117	// functions that use the type name.	#if defined(__GLIBCXX__)	inline bool same_type(const std::type_info &lhs, const std::type_info &rhs) { return lhs == rhs; }
progress/T1/corpus_hits.tsv:114819:llvm-22.1.8-18.1.src.rpm	_GLIBCXX_	YES	unpacked/mlgo_x86_model.tar.gz/mlgo_sysroot/include/external/pybind11/_virtual_includes/pybind11/pybind11/detail/internals.h	117	unpacked/mlgo_x86_model.tar.gz/mlgo_sysroot/include/external/pybind11/_virtual_includes/pybind11/pybind11/detail/internals.h:117	// functions that use the type name.	#if defined(__GLIBCXX__)	inline bool same_type(const std::type_info &lhs, const std::type_info &rhs) { return lhs == rhs; }
progress/T1/corpus_hits.tsv:114820:llvm-22.1.8-18.1.src.rpm	__GLIBCXX__	YES	unpacked/mlgo_x86_model.tar.gz/mlgo_sysroot/include/external/pybind11/_virtual_includes/pybind11/pybind11/detail/internals.h	276	unpacked/mlgo_x86_model.tar.gz/mlgo_sysroot/include/external/pybind11/_virtual_includes/pybind11/pybind11/detail/internals.h:276	"#        define PYBIND11_STDLIB ""_libcpp"""	#    elif defined(__GLIBCXX__) || defined(__GLIBCPP__)	"#        define PYBIND11_STDLIB ""_libstdcpp"""
progress/T1/corpus_hits.tsv:114821:llvm-22.1.8-18.1.src.rpm	_GLIBCXX_	YES	unpacked/mlgo_x86_model.tar.gz/mlgo_sysroot/include/external/pybind11/_virtual_includes/pybind11/pybind11/detail/internals.h	276	unpacked/mlgo_x86_model.tar.gz/mlgo_sysroot/include/external/pybind11/_virtual_includes/pybind11/pybind11/detail/internals.h:276	"#        define PYBIND11_STDLIB ""_libcpp"""	#    elif defined(__GLIBCXX__) || defined(__GLIBCPP__)	"#        define PYBIND11_STDLIB ""_libstdcpp"""
progress/T1/corpus_hits.tsv:114822:llvm-22.1.8-18.1.src.rpm	__GLIBCXX__	YES	unpacked/mlgo_x86_model.tar.gz/mlgo_sysroot/include/external/pybind11/_virtual_includes/pybind11/pybind11/detail/internals.h	408	unpacked/mlgo_x86_model.tar.gz/mlgo_sysroot/include/external/pybind11/_virtual_includes/pybind11/pybind11/detail/internals.h:408		#if !defined(__GLIBCXX__)	inline void translate_local_exception(std::exception_ptr p) {
progress/T1/corpus_hits.tsv:114823:llvm-22.1.8-18.1.src.rpm	_GLIBCXX_	YES	unpacked/mlgo_x86_model.tar.gz/mlgo_sysroot/include/external/pybind11/_virtual_includes/pybind11/pybind11/detail/internals.h	408	unpacked/mlgo_x86_model.tar.gz/mlgo_sysroot/include/external/pybind11/_virtual_includes/pybind11/pybind11/detail/internals.h:408		#if !defined(__GLIBCXX__)	inline void translate_local_exception(std::exception_ptr p) {
progress/T1/corpus_hits.tsv:114824:llvm-22.1.8-18.1.src.rpm	__GLIBCXX__	YES	unpacked/mlgo_x86_model.tar.gz/mlgo_sysroot/include/external/pybind11/_virtual_includes/pybind11/pybind11/detail/internals.h	460	unpacked/mlgo_x86_model.tar.gz/mlgo_sysroot/include/external/pybind11/_virtual_includes/pybind11/pybind11/detail/internals.h:460	        // libc++ with PyPy still need it, awaiting further investigation	#if !defined(__GLIBCXX__)	        (*internals_pp)->registered_exception_translators.push_front(&translate_local_exception);
progress/T1/corpus_hits.tsv:114825:llvm-22.1.8-18.1.src.rpm	_GLIBCXX_	YES	unpacked/mlgo_x86_model.tar.gz/mlgo_sysroot/include/external/pybind11/_virtual_includes/pybind11/pybind11/detail/internals.h	460	unpacked/mlgo_x86_model.tar.gz/mlgo_sysroot/include/external/pybind11/_virtual_includes/pybind11/pybind11/detail/internals.h:460	        // libc++ with PyPy still need it, awaiting further investigation	#if !defined(__GLIBCXX__)	        (*internals_pp)->registered_exception_translators.push_front(&translate_local_exception);
progress/T1/corpus_hits.tsv:114826:llvm-22.1.8-18.1.src.rpm	<cxxabi.h>	NO	unpacked/mlgo_x86_model.tar.gz/mlgo_sysroot/include/external/pybind11/_virtual_includes/pybind11/pybind11/detail/typeid.h	16	unpacked/mlgo_x86_model.tar.gz/mlgo_sysroot/include/external/pybind11/_virtual_includes/pybind11/pybind11/detail/typeid.h:16	#if defined(__GNUG__)	#    include <cxxabi.h>	#endif
progress/T1/corpus_hits.tsv:114827:llvm-22.1.8-18.1.src.rpm	abi::	NO	unpacked/mlgo_x86_model.tar.gz/mlgo_sysroot/include/external/pybind11/_virtual_includes/pybind11/pybind11/detail/typeid.h	39	unpacked/mlgo_x86_model.tar.gz/mlgo_sysroot/include/external/pybind11/_virtual_includes/pybind11/pybind11/detail/typeid.h:39	    std::unique_ptr<char, void (*)(void *)> res{	        abi::__cxa_demangle(name.c_str(), nullptr, nullptr, &status), std::free};	    if (status == 0) {
progress/T1/corpus_hits.tsv:114828:llvm-22.1.8-18.1.src.rpm	__GLIBCXX__	YES	unpacked/mlgo_x86_model.tar.gz/mlgo_sysroot/include/external/pybind11/_virtual_includes/pybind11/pybind11/numpy.h	370	unpacked/mlgo_x86_model.tar.gz/mlgo_sysroot/include/external/pybind11/_virtual_includes/pybind11/pybind11/numpy.h:370	                                         // we need a standard layout type	#if defined(__GLIBCXX__)                                                                          \	    && (__GLIBCXX__ < 20150422 || __GLIBCXX__ == 20150426 || __GLIBCXX__ == 20150623              \
progress/T1/corpus_hits.tsv:114829:llvm-22.1.8-18.1.src.rpm	_GLIBCXX_	YES	unpacked/mlgo_x86_model.tar.gz/mlgo_sysroot/include/external/pybind11/_virtual_includes/pybind11/pybind11/numpy.h	370	unpacked/mlgo_x86_model.tar.gz/mlgo_sysroot/include/external/pybind11/_virtual_includes/pybind11/pybind11/numpy.h:370	                                         // we need a standard layout type	#if defined(__GLIBCXX__)                                                                          \	    && (__GLIBCXX__ < 20150422 || __GLIBCXX__ == 20150426 || __GLIBCXX__ == 20150623              \
progress/T1/corpus_hits.tsv:114830:llvm-22.1.8-18.1.src.rpm	__GLIBCXX__	YES	unpacked/mlgo_x86_model.tar.gz/mlgo_sysroot/include/external/pybind11/_virtual_includes/pybind11/pybind11/numpy.h	371	unpacked/mlgo_x86_model.tar.gz/mlgo_sysroot/include/external/pybind11/_virtual_includes/pybind11/pybind11/numpy.h:371	#if defined(__GLIBCXX__)                                                                          \	    && (__GLIBCXX__ < 20150422 || __GLIBCXX__ == 20150426 || __GLIBCXX__ == 20150623              \	        || __GLIBCXX__ == 20150626 || __GLIBCXX__ == 20160803)
progress/T1/corpus_hits.tsv:114831:llvm-22.1.8-18.1.src.rpm	_GLIBCXX_	YES	unpacked/mlgo_x86_model.tar.gz/mlgo_sysroot/include/external/pybind11/_virtual_includes/pybind11/pybind11/numpy.h	371	unpacked/mlgo_x86_model.tar.gz/mlgo_sysroot/include/external/pybind11/_virtual_includes/pybind11/pybind11/numpy.h:371	#if defined(__GLIBCXX__)                                                                          \	    && (__GLIBCXX__ < 20150422 || __GLIBCXX__ == 20150426 || __GLIBCXX__ == 20150623              \	        || __GLIBCXX__ == 20150626 || __GLIBCXX__ == 20160803)
progress/T1/corpus_hits.tsv:114832:llvm-22.1.8-18.1.src.rpm	__GLIBCXX__	YES	unpacked/mlgo_x86_model.tar.gz/mlgo_sysroot/include/external/pybind11/_virtual_includes/pybind11/pybind11/numpy.h	372	unpacked/mlgo_x86_model.tar.gz/mlgo_sysroot/include/external/pybind11/_virtual_includes/pybind11/pybind11/numpy.h:372	    && (__GLIBCXX__ < 20150422 || __GLIBCXX__ == 20150426 || __GLIBCXX__ == 20150623              \	        || __GLIBCXX__ == 20150626 || __GLIBCXX__ == 20160803)	             // libstdc++ < 5 (including versions 4.8.5, 4.9.3 and 4.9.4 which were released after
progress/T1/corpus_hits.tsv:114833:llvm-22.1.8-18.1.src.rpm	_GLIBCXX_	YES	unpacked/mlgo_x86_model.tar.gz/mlgo_sysroot/include/external/pybind11/_virtual_includes/pybind11/pybind11/numpy.h	372	unpacked/mlgo_x86_model.tar.gz/mlgo_sysroot/include/external/pybind11/_virtual_includes/pybind11/pybind11/numpy.h:372	    && (__GLIBCXX__ < 20150422 || __GLIBCXX__ == 20150426 || __GLIBCXX__ == 20150623              \	        || __GLIBCXX__ == 20150626 || __GLIBCXX__ == 20160803)	             // libstdc++ < 5 (including versions 4.8.5, 4.9.3 and 4.9.4 which were released after
progress/T1/corpus_hits.tsv:114834:llvm-22.1.8-18.1.src.rpm	<cxxabi.h>	NO	unpacked/mlgo_x86_model.tar.gz/mlgo_sysroot/include/external/pybind11/_virtual_includes/pybind11/pybind11/pybind11.h	35	unpacked/mlgo_x86_model.tar.gz/mlgo_sysroot/include/external/pybind11/_virtual_includes/pybind11/pybind11/pybind11.h:35	#if defined(__GNUG__) && !defined(__clang__)	#    include <cxxabi.h>	#endif
progress/T1/corpus_hits.tsv:114835:llvm-22.1.8-18.1.src.rpm	__GLIBCXX__	YES	unpacked/mlgo_x86_model.tar.gz/mlgo_sysroot/include/external/pybind11/_virtual_includes/pybind11/pybind11/pybind11.h	988	unpacked/mlgo_x86_model.tar.gz/mlgo_sysroot/include/external/pybind11/_virtual_includes/pybind11/pybind11/pybind11.h:988	            return nullptr;	#ifdef __GLIBCXX__	        } catch (abi::__forced_unwind &) {
progress/T1/corpus_hits.tsv:114836:llvm-22.1.8-18.1.src.rpm	_GLIBCXX_	YES	unpacked/mlgo_x86_model.tar.gz/mlgo_sysroot/include/external/pybind11/_virtual_includes/pybind11/pybind11/pybind11.h	988	unpacked/mlgo_x86_model.tar.gz/mlgo_sysroot/include/external/pybind11/_virtual_includes/pybind11/pybind11/pybind11.h:988	            return nullptr;	#ifdef __GLIBCXX__	        } catch (abi::__forced_unwind &) {
progress/T1/corpus_hits.tsv:114837:llvm-22.1.8-18.1.src.rpm	__forced_unwind	NO	unpacked/mlgo_x86_model.tar.gz/mlgo_sysroot/include/external/pybind11/_virtual_includes/pybind11/pybind11/pybind11.h	989	unpacked/mlgo_x86_model.tar.gz/mlgo_sysroot/include/external/pybind11/_virtual_includes/pybind11/pybind11/pybind11.h:989	#ifdef __GLIBCXX__	        } catch (abi::__forced_unwind &) {	            throw;
progress/T1/corpus_hits.tsv:114838:llvm-22.1.8-18.1.src.rpm	abi::	NO	unpacked/mlgo_x86_model.tar.gz/mlgo_sysroot/include/external/pybind11/_virtual_includes/pybind11/pybind11/pybind11.h	989	unpacked/mlgo_x86_model.tar.gz/mlgo_sysroot/include/external/pybind11/_virtual_includes/pybind11/pybind11/pybind11.h:989	#ifdef __GLIBCXX__	        } catch (abi::__forced_unwind &) {	            throw;
progress/T1/corpus_hits.tsv:114839:llvm-22.1.8-18.1.src.rpm	__GLIBCXX__	YES	unpacked/mlgo_x86_model.tar.gz/mlgo_sysroot/include/external/pybind11/include/pybind11/detail/internals.h	117	unpacked/mlgo_x86_model.tar.gz/mlgo_sysroot/include/external/pybind11/include/pybind11/detail/internals.h:117	// functions that use the type name.	#if defined(__GLIBCXX__)	inline bool same_type(const std::type_info &lhs, const std::type_info &rhs) { return lhs == rhs; }
progress/T1/corpus_hits.tsv:114840:llvm-22.1.8-18.1.src.rpm	_GLIBCXX_	YES	unpacked/mlgo_x86_model.tar.gz/mlgo_sysroot/include/external/pybind11/include/pybind11/detail/internals.h	117	unpacked/mlgo_x86_model.tar.gz/mlgo_sysroot/include/external/pybind11/include/pybind11/detail/internals.h:117	// functions that use the type name.	#if defined(__GLIBCXX__)	inline bool same_type(const std::type_info &lhs, const std::type_info &rhs) { return lhs == rhs; }
progress/T1/corpus_hits.tsv:114841:llvm-22.1.8-18.1.src.rpm	__GLIBCXX__	YES	unpacked/mlgo_x86_model.tar.gz/mlgo_sysroot/include/external/pybind11/include/pybind11/detail/internals.h	276	unpacked/mlgo_x86_model.tar.gz/mlgo_sysroot/include/external/pybind11/include/pybind11/detail/internals.h:276	"#        define PYBIND11_STDLIB ""_libcpp"""	#    elif defined(__GLIBCXX__) || defined(__GLIBCPP__)	"#        define PYBIND11_STDLIB ""_libstdcpp"""
progress/T1/corpus_hits.tsv:114842:llvm-22.1.8-18.1.src.rpm	_GLIBCXX_	YES	unpacked/mlgo_x86_model.tar.gz/mlgo_sysroot/include/external/pybind11/include/pybind11/detail/internals.h	276	unpacked/mlgo_x86_model.tar.gz/mlgo_sysroot/include/external/pybind11/include/pybind11/detail/internals.h:276	"#        define PYBIND11_STDLIB ""_libcpp"""	#    elif defined(__GLIBCXX__) || defined(__GLIBCPP__)	"#        define PYBIND11_STDLIB ""_libstdcpp"""
progress/T1/corpus_hits.tsv:114843:llvm-22.1.8-18.1.src.rpm	__GLIBCXX__	YES	unpacked/mlgo_x86_model.tar.gz/mlgo_sysroot/include/external/pybind11/include/pybind11/detail/internals.h	408	unpacked/mlgo_x86_model.tar.gz/mlgo_sysroot/include/external/pybind11/include/pybind11/detail/internals.h:408		#if !defined(__GLIBCXX__)	inline void translate_local_exception(std::exception_ptr p) {
progress/T1/corpus_hits.tsv:114844:llvm-22.1.8-18.1.src.rpm	_GLIBCXX_	YES	unpacked/mlgo_x86_model.tar.gz/mlgo_sysroot/include/external/pybind11/include/pybind11/detail/internals.h	408	unpacked/mlgo_x86_model.tar.gz/mlgo_sysroot/include/external/pybind11/include/pybind11/detail/internals.h:408		#if !defined(__GLIBCXX__)	inline void translate_local_exception(std::exception_ptr p) {
progress/T1/corpus_hits.tsv:114845:llvm-22.1.8-18.1.src.rpm	__GLIBCXX__	YES	unpacked/mlgo_x86_model.tar.gz/mlgo_sysroot/include/external/pybind11/include/pybind11/detail/internals.h	460	unpacked/mlgo_x86_model.tar.gz/mlgo_sysroot/include/external/pybind11/include/pybind11/detail/internals.h:460	        // libc++ with PyPy still need it, awaiting further investigation	#if !defined(__GLIBCXX__)	        (*internals_pp)->registered_exception_translators.push_front(&translate_local_exception);
progress/T1/corpus_hits.tsv:114846:llvm-22.1.8-18.1.src.rpm	_GLIBCXX_	YES	unpacked/mlgo_x86_model.tar.gz/mlgo_sysroot/include/external/pybind11/include/pybind11/detail/internals.h	460	unpacked/mlgo_x86_model.tar.gz/mlgo_sysroot/include/external/pybind11/include/pybind11/detail/internals.h:460	        // libc++ with PyPy still need it, awaiting further investigation	#if !defined(__GLIBCXX__)	        (*internals_pp)->registered_exception_translators.push_front(&translate_local_exception);
progress/T1/corpus_hits.tsv:114847:llvm-22.1.8-18.1.src.rpm	<cxxabi.h>	NO	unpacked/mlgo_x86_model.tar.gz/mlgo_sysroot/include/external/pybind11/include/pybind11/detail/typeid.h	16	unpacked/mlgo_x86_model.tar.gz/mlgo_sysroot/include/external/pybind11/include/pybind11/detail/typeid.h:16	#if defined(__GNUG__)	#    include <cxxabi.h>	#endif
progress/T1/corpus_hits.tsv:114848:llvm-22.1.8-18.1.src.rpm	abi::	NO	unpacked/mlgo_x86_model.tar.gz/mlgo_sysroot/include/external/pybind11/include/pybind11/detail/typeid.h	39	unpacked/mlgo_x86_model.tar.gz/mlgo_sysroot/include/external/pybind11/include/pybind11/detail/typeid.h:39	    std::unique_ptr<char, void (*)(void *)> res{	        abi::__cxa_demangle(name.c_str(), nullptr, nullptr, &status), std::free};	    if (status == 0) {
progress/T1/corpus_hits.tsv:114849:llvm-22.1.8-18.1.src.rpm	__GLIBCXX__	YES	unpacked/mlgo_x86_model.tar.gz/mlgo_sysroot/include/external/pybind11/include/pybind11/numpy.h	370	unpacked/mlgo_x86_model.tar.gz/mlgo_sysroot/include/external/pybind11/include/pybind11/numpy.h:370	                                         // we need a standard layout type	#if defined(__GLIBCXX__)                                                                          \	    && (__GLIBCXX__ < 20150422 || __GLIBCXX__ == 20150426 || __GLIBCXX__ == 20150623              \
progress/T1/corpus_hits.tsv:114850:llvm-22.1.8-18.1.src.rpm	_GLIBCXX_	YES	unpacked/mlgo_x86_model.tar.gz/mlgo_sysroot/include/external/pybind11/include/pybind11/numpy.h	370	unpacked/mlgo_x86_model.tar.gz/mlgo_sysroot/include/external/pybind11/include/pybind11/numpy.h:370	                                         // we need a standard layout type	#if defined(__GLIBCXX__)                                                                          \	    && (__GLIBCXX__ < 20150422 || __GLIBCXX__ == 20150426 || __GLIBCXX__ == 20150623              \
progress/T1/corpus_hits.tsv:114851:llvm-22.1.8-18.1.src.rpm	__GLIBCXX__	YES	unpacked/mlgo_x86_model.tar.gz/mlgo_sysroot/include/external/pybind11/include/pybind11/numpy.h	371	unpacked/mlgo_x86_model.tar.gz/mlgo_sysroot/include/external/pybind11/include/pybind11/numpy.h:371	#if defined(__GLIBCXX__)                                                                          \	    && (__GLIBCXX__ < 20150422 || __GLIBCXX__ == 20150426 || __GLIBCXX__ == 20150623              \	        || __GLIBCXX__ == 20150626 || __GLIBCXX__ == 20160803)
progress/T1/corpus_hits.tsv:114852:llvm-22.1.8-18.1.src.rpm	_GLIBCXX_	YES	unpacked/mlgo_x86_model.tar.gz/mlgo_sysroot/include/external/pybind11/include/pybind11/numpy.h	371	unpacked/mlgo_x86_model.tar.gz/mlgo_sysroot/include/external/pybind11/include/pybind11/numpy.h:371	#if defined(__GLIBCXX__)                                                                          \	    && (__GLIBCXX__ < 20150422 || __GLIBCXX__ == 20150426 || __GLIBCXX__ == 20150623              \	        || __GLIBCXX__ == 20150626 || __GLIBCXX__ == 20160803)
progress/T1/corpus_hits.tsv:114853:llvm-22.1.8-18.1.src.rpm	__GLIBCXX__	YES	unpacked/mlgo_x86_model.tar.gz/mlgo_sysroot/include/external/pybind11/include/pybind11/numpy.h	372	unpacked/mlgo_x86_model.tar.gz/mlgo_sysroot/include/external/pybind11/include/pybind11/numpy.h:372	    && (__GLIBCXX__ < 20150422 || __GLIBCXX__ == 20150426 || __GLIBCXX__ == 20150623              \	        || __GLIBCXX__ == 20150626 || __GLIBCXX__ == 20160803)	             // libstdc++ < 5 (including versions 4.8.5, 4.9.3 and 4.9.4 which were released after
progress/T1/corpus_hits.tsv:114854:llvm-22.1.8-18.1.src.rpm	_GLIBCXX_	YES	unpacked/mlgo_x86_model.tar.gz/mlgo_sysroot/include/external/pybind11/include/pybind11/numpy.h	372	unpacked/mlgo_x86_model.tar.gz/mlgo_sysroot/include/external/pybind11/include/pybind11/numpy.h:372	    && (__GLIBCXX__ < 20150422 || __GLIBCXX__ == 20150426 || __GLIBCXX__ == 20150623              \	        || __GLIBCXX__ == 20150626 || __GLIBCXX__ == 20160803)	             // libstdc++ < 5 (including versions 4.8.5, 4.9.3 and 4.9.4 which were released after
progress/T1/corpus_hits.tsv:114855:llvm-22.1.8-18.1.src.rpm	<cxxabi.h>	NO	unpacked/mlgo_x86_model.tar.gz/mlgo_sysroot/include/external/pybind11/include/pybind11/pybind11.h	35	unpacked/mlgo_x86_model.tar.gz/mlgo_sysroot/include/external/pybind11/include/pybind11/pybind11.h:35	#if defined(__GNUG__) && !defined(__clang__)	#    include <cxxabi.h>	#endif
progress/T1/corpus_hits.tsv:114856:llvm-22.1.8-18.1.src.rpm	__GLIBCXX__	YES	unpacked/mlgo_x86_model.tar.gz/mlgo_sysroot/include/external/pybind11/include/pybind11/pybind11.h	988	unpacked/mlgo_x86_model.tar.gz/mlgo_sysroot/include/external/pybind11/include/pybind11/pybind11.h:988	            return nullptr;	#ifdef __GLIBCXX__	        } catch (abi::__forced_unwind &) {
progress/T1/corpus_hits.tsv:114857:llvm-22.1.8-18.1.src.rpm	_GLIBCXX_	YES	unpacked/mlgo_x86_model.tar.gz/mlgo_sysroot/include/external/pybind11/include/pybind11/pybind11.h	988	unpacked/mlgo_x86_model.tar.gz/mlgo_sysroot/include/external/pybind11/include/pybind11/pybind11.h:988	            return nullptr;	#ifdef __GLIBCXX__	        } catch (abi::__forced_unwind &) {
progress/T1/corpus_hits.tsv:114858:llvm-22.1.8-18.1.src.rpm	__forced_unwind	NO	unpacked/mlgo_x86_model.tar.gz/mlgo_sysroot/include/external/pybind11/include/pybind11/pybind11.h	989	unpacked/mlgo_x86_model.tar.gz/mlgo_sysroot/include/external/pybind11/include/pybind11/pybind11.h:989	#ifdef __GLIBCXX__	        } catch (abi::__forced_unwind &) {	            throw;
progress/T1/corpus_hits.tsv:114859:llvm-22.1.8-18.1.src.rpm	abi::	NO	unpacked/mlgo_x86_model.tar.gz/mlgo_sysroot/include/external/pybind11/include/pybind11/pybind11.h	989	unpacked/mlgo_x86_model.tar.gz/mlgo_sysroot/include/external/pybind11/include/pybind11/pybind11.h:989	#ifdef __GLIBCXX__	        } catch (abi::__forced_unwind &) {	            throw;
progress/T1/corpus_hits.tsv:114860:llvm-22.1.8-18.1.src.rpm	_GLIBCXX_	YES	unpacked/mlgo_x86_model.tar.gz/mlgo_sysroot/include/third_party/gpus/cuda/include/crt/common_functions.h	246	unpacked/mlgo_x86_model.tar.gz/mlgo_sysroot/include/third_party/gpus/cuda/include/crt/common_functions.h:246		#define __NV_GLIBCXX_VERSION (__GNUC__ * 10000 + __GNUC_MINOR__ * 100 + __GNUC_PATCHLEVEL__) 	
progress/T1/corpus_hits.tsv:114861:llvm-22.1.8-18.1.src.rpm	_GLIBCXX_	YES	unpacked/mlgo_x86_model.tar.gz/mlgo_sysroot/include/third_party/gpus/cuda/include/crt/common_functions.h	248	unpacked/mlgo_x86_model.tar.gz/mlgo_sysroot/include/third_party/gpus/cuda/include/crt/common_functions.h:248		#if (__cplusplus >= 201103L)  && ((!(defined(__QNX__) && defined(_LIBCPP_VERSION))) || (defined(__QNX__) && __NV_GLIBCXX_VERSION >= 80300))	#define THROWBADALLOC 
progress/T1/corpus_hits.tsv:114862:llvm-22.1.8-18.1.src.rpm	_GLIBCXX_	YES	unpacked/mlgo_x86_model.tar.gz/mlgo_sysroot/include/third_party/gpus/cuda/include/crt/common_functions.h	251	unpacked/mlgo_x86_model.tar.gz/mlgo_sysroot/include/third_party/gpus/cuda/include/crt/common_functions.h:251	#else	#if defined(__ANDROID__) && !defined(_LIBCPP_VERSION) && (defined(__BIONIC__) || __NV_GLIBCXX_VERSION < 40900)	#define THROWBADALLOC
progress/T1/corpus_hits.tsv:114863:llvm-22.1.8-18.1.src.rpm	_GLIBCXX_	YES	unpacked/mlgo_x86_model.tar.gz/mlgo_sysroot/include/third_party/gpus/cuda/include/crt/common_functions.h	259	unpacked/mlgo_x86_model.tar.gz/mlgo_sysroot/include/third_party/gpus/cuda/include/crt/common_functions.h:259		#undef __NV_GLIBCXX_VERSION	
progress/T1/corpus_hits.tsv:114864:llvm-22.1.8-18.1.src.rpm	_GLIBCXX_	YES	unpacked/mlgo_x86_model.tar.gz/mlgo_sysroot/include/third_party/gpus/cuda/include/crt/math_functions.h	10621	unpacked/mlgo_x86_model.tar.gz/mlgo_sysroot/include/third_party/gpus/cuda/include/crt/math_functions.h:10621		#if ((defined _GLIBCXX_MATH_H) && _GLIBCXX_MATH_H) && (__cplusplus >= 201103L)	#if !defined(_NVHPC_CUDA)
progress/T1/corpus_hits.tsv:114865:llvm-22.1.8-18.1.src.rpm	_GLIBCXX_	YES	unpacked/mlgo_x86_model.tar.gz/mlgo_sysroot/include/third_party/gpus/cuda/include/crt/math_functions.h	10632	unpacked/mlgo_x86_model.tar.gz/mlgo_sysroot/include/third_party/gpus/cuda/include/crt/math_functions.h:10632	/* GCC 6.1 uses ::isnan(double x) for isnan(double x) if the condition is true */	#if _GLIBCXX_HAVE_OBSOLETE_ISNAN && !_GLIBCXX_NO_OBSOLETE_ISINF_ISNAN_DYNAMIC	__DEVICE_FUNCTIONS_DECL__ __cudart_builtin__ int isnan(double x) throw();
progress/T1/corpus_hits.tsv:114866:llvm-22.1.8-18.1.src.rpm	_GLIBCXX_	YES	unpacked/mlgo_x86_model.tar.gz/mlgo_sysroot/include/third_party/gpus/cuda/include/crt/math_functions.h	10634	unpacked/mlgo_x86_model.tar.gz/mlgo_sysroot/include/third_party/gpus/cuda/include/crt/math_functions.h:10634	__DEVICE_FUNCTIONS_DECL__ __cudart_builtin__ int isnan(double x) throw();	#else /* !(_GLIBCXX_HAVE_OBSOLETE_ISNAN && !_GLIBCXX_NO_OBSOLETE_ISINF_ISNAN_DYNAMIC) */	__DEVICE_FUNCTIONS_DECL__ __cudart_builtin__ constexpr bool isnan(double x);
progress/T1/corpus_hits.tsv:114867:llvm-22.1.8-18.1.src.rpm	_GLIBCXX_	YES	unpacked/mlgo_x86_model.tar.gz/mlgo_sysroot/include/third_party/gpus/cuda/include/crt/math_functions.h	10636	unpacked/mlgo_x86_model.tar.gz/mlgo_sysroot/include/third_party/gpus/cuda/include/crt/math_functions.h:10636	__DEVICE_FUNCTIONS_DECL__ __cudart_builtin__ constexpr bool isnan(double x);	#endif /* _GLIBCXX_HAVE_OBSOLETE_ISNAN && !_GLIBCXX_NO_OBSOLETE_ISINF_ISNAN_DYNAMIC */	__DEVICE_FUNCTIONS_DECL__ __cudart_builtin__ constexpr bool isnan(long double x);
progress/T1/corpus_hits.tsv:114868:llvm-22.1.8-18.1.src.rpm	_GLIBCXX_	YES	unpacked/mlgo_x86_model.tar.gz/mlgo_sysroot/include/third_party/gpus/cuda/include/crt/math_functions.h	10640	unpacked/mlgo_x86_model.tar.gz/mlgo_sysroot/include/third_party/gpus/cuda/include/crt/math_functions.h:10640	/* GCC 6.1 uses ::isinf(double x) for isinf(double x) if the condition is true. */	#if _GLIBCXX_HAVE_OBSOLETE_ISINF && !_GLIBCXX_NO_OBSOLETE_ISINF_ISNAN_DYNAMIC	__DEVICE_FUNCTIONS_DECL__ __cudart_builtin__ int isinf(double x) throw();
progress/T1/corpus_hits.tsv:114869:llvm-22.1.8-18.1.src.rpm	_GLIBCXX_	YES	unpacked/mlgo_x86_model.tar.gz/mlgo_sysroot/include/third_party/gpus/cuda/include/crt/math_functions.h	10642	unpacked/mlgo_x86_model.tar.gz/mlgo_sysroot/include/third_party/gpus/cuda/include/crt/math_functions.h:10642	__DEVICE_FUNCTIONS_DECL__ __cudart_builtin__ int isinf(double x) throw();	#else /* !(_GLIBCXX_HAVE_OBSOLETE_ISINF && !_GLIBCXX_NO_OBSOLETE_ISINF_ISNAN_DYNAMIC) */	__DEVICE_FUNCTIONS_DECL__ __cudart_builtin__ constexpr bool isinf(double x);
progress/T1/corpus_hits.tsv:114870:llvm-22.1.8-18.1.src.rpm	_GLIBCXX_	YES	unpacked/mlgo_x86_model.tar.gz/mlgo_sysroot/include/third_party/gpus/cuda/include/crt/math_functions.h	10644	unpacked/mlgo_x86_model.tar.gz/mlgo_sysroot/include/third_party/gpus/cuda/include/crt/math_functions.h:10644	__DEVICE_FUNCTIONS_DECL__ __cudart_builtin__ constexpr bool isinf(double x);	#endif /* _GLIBCXX_HAVE_OBSOLETE_ISINF && !_GLIBCXX_NO_OBSOLETE_ISINF_ISNAN_DYNAMIC */	__DEVICE_FUNCTIONS_DECL__ __cudart_builtin__ constexpr bool isinf(long double x);
progress/T1/corpus_hits.tsv:114871:llvm-22.1.8-18.1.src.rpm	_GLIBCXX_	YES	unpacked/mlgo_x86_model.tar.gz/mlgo_sysroot/include/third_party/gpus/cuda/include/crt/math_functions.h	10649	unpacked/mlgo_x86_model.tar.gz/mlgo_sysroot/include/third_party/gpus/cuda/include/crt/math_functions.h:10649		#else /* !(((defined _GLIBCXX_MATH_H) && _GLIBCXX_MATH_H) && (__cplusplus >= 201103L)) */	
progress/T1/corpus_hits.tsv:114872:llvm-22.1.8-18.1.src.rpm	_GLIBCXX_	YES	unpacked/mlgo_x86_model.tar.gz/mlgo_sysroot/include/third_party/gpus/cuda/include/crt/math_functions.h	10748	unpacked/mlgo_x86_model.tar.gz/mlgo_sysroot/include/third_party/gpus/cuda/include/crt/math_functions.h:10748		#endif /* ((defined _GLIBCXX_MATH_H) && _GLIBCXX_MATH_H) && (__cplusplus >= 201103L) */	#endif /* __APPLE__ */
progress/T1/corpus_hits.tsv:114873:llvm-22.1.8-18.1.src.rpm	_GLIBCXX_	YES	unpacked/mlgo_x86_model.tar.gz/mlgo_sysroot/include/third_party/gpus/cuda/include/crt/math_functions.h	10754	unpacked/mlgo_x86_model.tar.gz/mlgo_sysroot/include/third_party/gpus/cuda/include/crt/math_functions.h:10754	#if __has_include(<ext/random>)	#define __NV_GLIBCXX_VERSION 40800	#endif /* __has_include(<random>) */
progress/T1/corpus_hits.tsv:114874:llvm-22.1.8-18.1.src.rpm	_GLIBCXX_	YES	unpacked/mlgo_x86_model.tar.gz/mlgo_sysroot/include/third_party/gpus/cuda/include/crt/math_functions.h	10758	unpacked/mlgo_x86_model.tar.gz/mlgo_sysroot/include/third_party/gpus/cuda/include/crt/math_functions.h:10758		#if !defined(__NV_GLIBCXX_VERSION)	#define __NV_GLIBCXX_VERSION (__GNUC__ * 10000 + __GNUC_MINOR__ * 100 + __GNUC_PATCHLEVEL__) 
progress/T1/corpus_hits.tsv:114875:llvm-22.1.8-18.1.src.rpm	_GLIBCXX_	YES	unpacked/mlgo_x86_model.tar.gz/mlgo_sysroot/include/third_party/gpus/cuda/include/crt/math_functions.h	10759	unpacked/mlgo_x86_model.tar.gz/mlgo_sysroot/include/third_party/gpus/cuda/include/crt/math_functions.h:10759	#if !defined(__NV_GLIBCXX_VERSION)	#define __NV_GLIBCXX_VERSION (__GNUC__ * 10000 + __GNUC_MINOR__ * 100 + __GNUC_PATCHLEVEL__) 	#endif /* !__NV_GLIBCXX_VERSION */
progress/T1/corpus_hits.tsv:114876:llvm-22.1.8-18.1.src.rpm	_GLIBCXX_	YES	unpacked/mlgo_x86_model.tar.gz/mlgo_sysroot/include/third_party/gpus/cuda/include/crt/math_functions.h	10760	unpacked/mlgo_x86_model.tar.gz/mlgo_sysroot/include/third_party/gpus/cuda/include/crt/math_functions.h:10760	#define __NV_GLIBCXX_VERSION (__GNUC__ * 10000 + __GNUC_MINOR__ * 100 + __GNUC_PATCHLEVEL__) 	#endif /* !__NV_GLIBCXX_VERSION */	#endif /* !defined(_LIBCPP_VERSION) */
progress/T1/corpus_hits.tsv:114877:llvm-22.1.8-18.1.src.rpm	_GLIBCXX_	YES	unpacked/mlgo_x86_model.tar.gz/mlgo_sysroot/include/third_party/gpus/cuda/include/crt/math_functions.h	10764	unpacked/mlgo_x86_model.tar.gz/mlgo_sysroot/include/third_party/gpus/cuda/include/crt/math_functions.h:10764	#if !defined(__HORIZON__) || !defined(_LIBCPP_VERSION) || _LIBCPP_VERSION < 3800	#if defined(__arm__) && !defined(_STLPORT_VERSION) && !_GLIBCXX_USE_C99	#if !defined(__ANDROID__) || (defined(__NV_GLIBCXX_VERSION) && __NV_GLIBCXX_VERSION < 40800)
progress/T1/corpus_hits.tsv:114878:llvm-22.1.8-18.1.src.rpm	_GLIBCXX_	YES	unpacked/mlgo_x86_model.tar.gz/mlgo_sysroot/include/third_party/gpus/cuda/include/crt/math_functions.h	10765	unpacked/mlgo_x86_model.tar.gz/mlgo_sysroot/include/third_party/gpus/cuda/include/crt/math_functions.h:10765	#if defined(__arm__) && !defined(_STLPORT_VERSION) && !_GLIBCXX_USE_C99	#if !defined(__ANDROID__) || (defined(__NV_GLIBCXX_VERSION) && __NV_GLIBCXX_VERSION < 40800)	
progress/T1/corpus_hits.tsv:114879:llvm-22.1.8-18.1.src.rpm	_GLIBCXX_	YES	unpacked/mlgo_x86_model.tar.gz/mlgo_sysroot/include/third_party/gpus/cuda/include/crt/math_functions.h	10783	unpacked/mlgo_x86_model.tar.gz/mlgo_sysroot/include/third_party/gpus/cuda/include/crt/math_functions.h:10783		#endif /* !__ANDROID__ || (defined(__NV_GLIBCXX_VERSION) && __NV_GLIBCXX_VERSION < 40800) */	#endif /* __arm__ && !_STLPORT_VERSION && !_GLIBCXX_USE_C99 */
progress/T1/corpus_hits.tsv:114880:llvm-22.1.8-18.1.src.rpm	_GLIBCXX_	YES	unpacked/mlgo_x86_model.tar.gz/mlgo_sysroot/include/third_party/gpus/cuda/include/crt/math_functions.h	10784	unpacked/mlgo_x86_model.tar.gz/mlgo_sysroot/include/third_party/gpus/cuda/include/crt/math_functions.h:10784	#endif /* !__ANDROID__ || (defined(__NV_GLIBCXX_VERSION) && __NV_GLIBCXX_VERSION < 40800) */	#endif /* __arm__ && !_STLPORT_VERSION && !_GLIBCXX_USE_C99 */	#endif /* !defined(__HORIZON__) || !defined(_LIBCPP_VERSION) || _LIBCPP_VERSION < 3800 */
progress/T1/corpus_hits.tsv:114881:llvm-22.1.8-18.1.src.rpm	_GLIBCXX_	YES	unpacked/mlgo_x86_model.tar.gz/mlgo_sysroot/include/third_party/gpus/cuda/include/crt/math_functions.h	10787	unpacked/mlgo_x86_model.tar.gz/mlgo_sysroot/include/third_party/gpus/cuda/include/crt/math_functions.h:10787		#if defined(__NV_GLIBCXX_VERSION) && __NV_GLIBCXX_VERSION < 40800 && !defined(__ibmxl__)	
progress/T1/corpus_hits.tsv:114882:llvm-22.1.8-18.1.src.rpm	__gnu_cxx	YES	unpacked/mlgo_x86_model.tar.gz/mlgo_sysroot/include/third_party/gpus/cuda/include/crt/math_functions.h	10790	unpacked/mlgo_x86_model.tar.gz/mlgo_sysroot/include/third_party/gpus/cuda/include/crt/math_functions.h:10790	#if !defined(_STLPORT_VERSION)	namespace __gnu_cxx	{
progress/T1/corpus_hits.tsv:114883:llvm-22.1.8-18.1.src.rpm	_GLIBCXX_	YES	unpacked/mlgo_x86_model.tar.gz/mlgo_sysroot/include/third_party/gpus/cuda/include/crt/math_functions.h	10800	unpacked/mlgo_x86_model.tar.gz/mlgo_sysroot/include/third_party/gpus/cuda/include/crt/math_functions.h:10800		#endif /* defined(__NV_GLIBCXX_VERSION) && __NV_GLIBCXX_VERSION < 40800 && !__ibmxl__ */	
progress/T1/corpus_hits.tsv:114884:llvm-22.1.8-18.1.src.rpm	_GLIBCXX_	YES	unpacked/mlgo_x86_model.tar.gz/mlgo_sysroot/include/third_party/gpus/cuda/include/crt/math_functions.h	11210	unpacked/mlgo_x86_model.tar.gz/mlgo_sysroot/include/third_party/gpus/cuda/include/crt/math_functions.h:11210	#if defined(__CUDACC_RTC__) || \	    (defined(__NV_GLIBCXX_VERSION) && __NV_GLIBCXX_VERSION >= 40800) || \	    defined(__ibmxl__)
progress/T1/corpus_hits.tsv:114885:llvm-22.1.8-18.1.src.rpm	_GLIBCXX_	YES	unpacked/mlgo_x86_model.tar.gz/mlgo_sysroot/include/third_party/gpus/cuda/include/crt/math_functions.h	11214	unpacked/mlgo_x86_model.tar.gz/mlgo_sysroot/include/third_party/gpus/cuda/include/crt/math_functions.h:11214	#endif /* __CUDACC__RTC__ ||	          (defined(__NV_GLIBCXX_VERSION) && __NV_GLIBCXX_VERSION >= 40800) ||	          __ibmxl__ */
progress/T1/corpus_hits.tsv:114886:llvm-22.1.8-18.1.src.rpm	__gnu_cxx	YES	unpacked/mlgo_x86_model.tar.gz/mlgo_sysroot/include/third_party/gpus/cuda/include/crt/math_functions.h	11236	unpacked/mlgo_x86_model.tar.gz/mlgo_sysroot/include/third_party/gpus/cuda/include/crt/math_functions.h:11236	extern __DEVICE_FUNCTIONS_DECL__ __cudart_builtin__	typename __gnu_cxx::__promote_2<_Tp, _Up>::__type pow(_Tp, _Up);	#else  /* !(defined(__GNUC__) && __cplusplus >= 201103L && !defined(_LIBCPP_VERSION)) */
progress/T1/corpus_hits.tsv:114887:llvm-22.1.8-18.1.src.rpm	_GLIBCXX_	YES	unpacked/mlgo_x86_model.tar.gz/mlgo_sysroot/include/third_party/gpus/cuda/include/crt/math_functions.h	11448	unpacked/mlgo_x86_model.tar.gz/mlgo_sysroot/include/third_party/gpus/cuda/include/crt/math_functions.h:11448	#else /* !(defined(__QNX__ ) || (defined(_LIBCPP_VERSION) && _LIBCPP_VERSION >= 3800)) */	#if ((defined _GLIBCXX_MATH_H) && _GLIBCXX_MATH_H) && (__cplusplus >= 201103L)	namespace std {
progress/T1/corpus_hits.tsv:114888:llvm-22.1.8-18.1.src.rpm	_GLIBCXX_	YES	unpacked/mlgo_x86_model.tar.gz/mlgo_sysroot/include/third_party/gpus/cuda/include/crt/math_functions.h	11484	unpacked/mlgo_x86_model.tar.gz/mlgo_sysroot/include/third_party/gpus/cuda/include/crt/math_functions.h:11484	}	#else /* !(((defined _GLIBCXX_MATH_H) && _GLIBCXX_MATH_H) && (__cplusplus >= 201103L)) */	__MATH_FUNCTIONS_DECL__ float logb(float a);
progress/T1/corpus_hits.tsv:114889:llvm-22.1.8-18.1.src.rpm	_GLIBCXX_	YES	unpacked/mlgo_x86_model.tar.gz/mlgo_sysroot/include/third_party/gpus/cuda/include/crt/math_functions.h	11550	unpacked/mlgo_x86_model.tar.gz/mlgo_sysroot/include/third_party/gpus/cuda/include/crt/math_functions.h:11550	__MATH_FUNCTIONS_DECL__ float fmin(float a, float b);	#endif /* ((defined _GLIBCXX_MATH_H) && _GLIBCXX_MATH_H) && (__cplusplus >= 201103L) */	#endif /* defined(__QNX__) || (defined(_LIBCPP_VERSION) && _LIBCPP_VERSION >= 3800) */
progress/T1/corpus_hits.tsv:114890:llvm-22.1.8-18.1.src.rpm	_GLIBCXX_	YES	unpacked/mlgo_x86_model.tar.gz/mlgo_sysroot/include/third_party/gpus/cuda/include/crt/math_functions.hpp	170	unpacked/mlgo_x86_model.tar.gz/mlgo_sysroot/include/third_party/gpus/cuda/include/crt/math_functions.hpp:170		#if ((defined _GLIBCXX_MATH_H) && _GLIBCXX_MATH_H) && (__cplusplus >= 201103L)	#if defined(__CUDA_ARCH__)
progress/T1/corpus_hits.tsv:114891:llvm-22.1.8-18.1.src.rpm	_GLIBCXX_	YES	unpacked/mlgo_x86_model.tar.gz/mlgo_sysroot/include/third_party/gpus/cuda/include/crt/math_functions.hpp	173	unpacked/mlgo_x86_model.tar.gz/mlgo_sysroot/include/third_party/gpus/cuda/include/crt/math_functions.hpp:173	#define __NV_BUILTIN_FUNC_DECL__ __forceinline__ __host__ __device__ __cudart_builtin__	#if _GLIBCXX_HAVE_OBSOLETE_ISNAN && !_GLIBCXX_NO_OBSOLETE_ISINF_ISNAN_DYNAMIC	__NV_BUILTIN_FUNC_DECL__ int  isnan(const double a) throw() { return __isnan(a); }
progress/T1/corpus_hits.tsv:114892:llvm-22.1.8-18.1.src.rpm	_GLIBCXX_	YES	unpacked/mlgo_x86_model.tar.gz/mlgo_sysroot/include/third_party/gpus/cuda/include/crt/math_functions.hpp	176	unpacked/mlgo_x86_model.tar.gz/mlgo_sysroot/include/third_party/gpus/cuda/include/crt/math_functions.hpp:176	__NV_BUILTIN_FUNC_DECL__ int  isinf(const double x) throw() { return __isinf(x); }	#endif /* _GLIBCXX_HAVE_OBSOLETE_ISNAN && !_GLIBCXX_NO_OBSOLETE_ISINF_ISNAN_DYNAMIC */	#undef __NV_BUILTIN_FUNC_DECL__
progress/T1/corpus_hits.tsv:114893:llvm-22.1.8-18.1.src.rpm	_GLIBCXX_	YES	unpacked/mlgo_x86_model.tar.gz/mlgo_sysroot/include/third_party/gpus/cuda/include/crt/math_functions.hpp	179	unpacked/mlgo_x86_model.tar.gz/mlgo_sysroot/include/third_party/gpus/cuda/include/crt/math_functions.hpp:179	#endif /* __CUDA_ARCH */	#else /* !(((defined _GLIBCXX_MATH_H) && _GLIBCXX_MATH_H) && (__cplusplus >= 201103L)) */	
progress/T1/corpus_hits.tsv:114894:llvm-22.1.8-18.1.src.rpm	_GLIBCXX_	YES	unpacked/mlgo_x86_model.tar.gz/mlgo_sysroot/include/third_party/gpus/cuda/include/crt/math_functions.hpp	392	unpacked/mlgo_x86_model.tar.gz/mlgo_sysroot/include/third_party/gpus/cuda/include/crt/math_functions.hpp:392		#endif /* ((defined _GLIBCXX_MATH_H) && _GLIBCXX_MATH_H) && (__cplusplus >= 201103L) */	#endif /* __APPLE__ */
progress/T1/corpus_hits.tsv:114895:llvm-22.1.8-18.1.src.rpm	_GLIBCXX_	YES	unpacked/mlgo_x86_model.tar.gz/mlgo_sysroot/include/third_party/gpus/cuda/include/crt/math_functions.hpp	395	unpacked/mlgo_x86_model.tar.gz/mlgo_sysroot/include/third_party/gpus/cuda/include/crt/math_functions.hpp:395		#if defined(__arm__) && !defined(_STLPORT_VERSION) && !_GLIBCXX_USE_C99	#if !defined(__ANDROID__) || (!defined(_LIBCPP_VERSION) && (__GNUC__ < 4 || (__GNUC__ == 4 && __GNUC_MINOR__ < 8)))
progress/T1/corpus_hits.tsv:114896:llvm-22.1.8-18.1.src.rpm	_GLIBCXX_	YES	unpacked/mlgo_x86_model.tar.gz/mlgo_sysroot/include/third_party/gpus/cuda/include/crt/math_functions.hpp	406	unpacked/mlgo_x86_model.tar.gz/mlgo_sysroot/include/third_party/gpus/cuda/include/crt/math_functions.hpp:406	#endif /* !defined(__ANDROID__) || (!defined(_LIBCPP_VERSION) && (__GNUC__ < 4 || (__GNUC__ == 4 && __GNUC_MINOR__ < 8))) */	#endif /* __arm__ && !_STLPORT_VERSION && !_GLIBCXX_USE_C99 */	
progress/T1/corpus_hits.tsv:114897:llvm-22.1.8-18.1.src.rpm	_GLIBCXX_	YES	unpacked/mlgo_x86_model.tar.gz/mlgo_sysroot/include/third_party/gpus/cuda/include/crt/math_functions.hpp	586	unpacked/mlgo_x86_model.tar.gz/mlgo_sysroot/include/third_party/gpus/cuda/include/crt/math_functions.hpp:586	#if !defined(__QNX__) && !(defined(_LIBCPP_VERSION) && _LIBCPP_VERSION >= 3800)	#if !(((defined _GLIBCXX_MATH_H) && _GLIBCXX_MATH_H) && (__cplusplus >= 201103L))	__MATH_FUNCTIONS_DECL__ float logb(const float a)
progress/T1/corpus_hits.tsv:114898:llvm-22.1.8-18.1.src.rpm	_GLIBCXX_	YES	unpacked/mlgo_x86_model.tar.gz/mlgo_sysroot/include/third_party/gpus/cuda/include/crt/math_functions.hpp	751	unpacked/mlgo_x86_model.tar.gz/mlgo_sysroot/include/third_party/gpus/cuda/include/crt/math_functions.hpp:751	}	#endif /* !(((defined _GLIBCXX_MATH_H) && _GLIBCXX_MATH_H) && (__cplusplus >= 201103L)) */	#endif /* !(!defined(__QNX__) && !(defined(_LIBCPP_VERSION) && _LIBCPP_VERSION >= 3800)) */
progress/T1/corpus_hits.tsv:114899:llvm-22.1.8-18.1.src.rpm	__GLIBCXX__	YES	unpacked/mlgo_x86_model.tar.gz/mlgo_sysroot/include/third_party/gpus/cuda/include/cuda/std/detail/libcxx/include/__mdspan/config.h	182	unpacked/mlgo_x86_model.tar.gz/mlgo_sysroot/include/third_party/gpus/cuda/include/cuda/std/detail/libcxx/include/__mdspan/config.h:182	        /* as far as I can tell, libc++ seems to think this is a C++11 feature... */ \	        || (defined(__GLIBCXX__) && __GLIBCXX__ > 20150422 && __GNUC__ < 5 && !defined(__INTEL_CXX11_MODE__))	     // several compilers lie about integer_sequence working properly unless the C++14 standard is used
progress/T1/corpus_hits.tsv:114900:llvm-22.1.8-18.1.src.rpm	_GLIBCXX_	YES	unpacked/mlgo_x86_model.tar.gz/mlgo_sysroot/include/third_party/gpus/cuda/include/cuda/std/detail/libcxx/include/__mdspan/config.h	182	unpacked/mlgo_x86_model.tar.gz/mlgo_sysroot/include/third_party/gpus/cuda/include/cuda/std/detail/libcxx/include/__mdspan/config.h:182	        /* as far as I can tell, libc++ seems to think this is a C++11 feature... */ \	        || (defined(__GLIBCXX__) && __GLIBCXX__ > 20150422 && __GNUC__ < 5 && !defined(__INTEL_CXX11_MODE__))	     // several compilers lie about integer_sequence working properly unless the C++14 standard is used
progress/T1/corpus_hits.tsv:114901:llvm-22.1.8-18.1.src.rpm	__gnu_cxx	YES	unpacked/mlgo_x86_model.tar.gz/mlgo_sysroot/include/third_party/gpus/cuda/include/cuda/std/detail/libcxx/include/ext/__hash	18	unpacked/mlgo_x86_model.tar.gz/mlgo_sysroot/include/third_party/gpus/cuda/include/cuda/std/detail/libcxx/include/ext/__hash:18		namespace __gnu_cxx {	
progress/T1/corpus_hits.tsv:114902:llvm-22.1.8-18.1.src.rpm	__gnu_cxx	YES	unpacked/mlgo_x86_model.tar.gz/mlgo_sysroot/include/third_party/gpus/cuda/include/cuda/std/detail/libcxx/include/ext/hash_map	17	unpacked/mlgo_x86_model.tar.gz/mlgo_sysroot/include/third_party/gpus/cuda/include/cuda/std/detail/libcxx/include/ext/hash_map:17		namespace __gnu_cxx	{
progress/T1/corpus_hits.tsv:114903:llvm-22.1.8-18.1.src.rpm	__gnu_cxx	YES	unpacked/mlgo_x86_model.tar.gz/mlgo_sysroot/include/third_party/gpus/cuda/include/cuda/std/detail/libcxx/include/ext/hash_map	200	unpacked/mlgo_x86_model.tar.gz/mlgo_sysroot/include/third_party/gpus/cuda/include/cuda/std/detail/libcxx/include/ext/hash_map:200		}  // __gnu_cxx	
progress/T1/corpus_hits.tsv:114904:llvm-22.1.8-18.1.src.rpm	#include <ext/	YES	unpacked/mlgo_x86_model.tar.gz/mlgo_sysroot/include/third_party/gpus/cuda/include/cuda/std/detail/libcxx/include/ext/hash_map	209	unpacked/mlgo_x86_model.tar.gz/mlgo_sysroot/include/third_party/gpus/cuda/include/cuda/std/detail/libcxx/include/ext/hash_map:209	#include <type_traits>	#include <ext/__hash>	
progress/T1/corpus_hits.tsv:114905:llvm-22.1.8-18.1.src.rpm	__gnu_cxx	YES	unpacked/mlgo_x86_model.tar.gz/mlgo_sysroot/include/third_party/gpus/cuda/include/cuda/std/detail/libcxx/include/ext/hash_map	223	unpacked/mlgo_x86_model.tar.gz/mlgo_sysroot/include/third_party/gpus/cuda/include/cuda/std/detail/libcxx/include/ext/hash_map:223		namespace __gnu_cxx {	
progress/T1/corpus_hits.tsv:114906:llvm-22.1.8-18.1.src.rpm	__gnu_cxx	YES	unpacked/mlgo_x86_model.tar.gz/mlgo_sysroot/include/third_party/gpus/cuda/include/cuda/std/detail/libcxx/include/ext/hash_map	982	unpacked/mlgo_x86_model.tar.gz/mlgo_sysroot/include/third_party/gpus/cuda/include/cuda/std/detail/libcxx/include/ext/hash_map:982		} // __gnu_cxx	
progress/T1/corpus_hits.tsv:114907:llvm-22.1.8-18.1.src.rpm	__gnu_cxx	YES	unpacked/mlgo_x86_model.tar.gz/mlgo_sysroot/include/third_party/gpus/cuda/include/cuda/std/detail/libcxx/include/ext/hash_set	17	unpacked/mlgo_x86_model.tar.gz/mlgo_sysroot/include/third_party/gpus/cuda/include/cuda/std/detail/libcxx/include/ext/hash_set:17		namespace __gnu_cxx	{
progress/T1/corpus_hits.tsv:114908:llvm-22.1.8-18.1.src.rpm	__gnu_cxx	YES	unpacked/mlgo_x86_model.tar.gz/mlgo_sysroot/include/third_party/gpus/cuda/include/cuda/std/detail/libcxx/include/ext/hash_set	191	unpacked/mlgo_x86_model.tar.gz/mlgo_sysroot/include/third_party/gpus/cuda/include/cuda/std/detail/libcxx/include/ext/hash_set:191	               const hash_multiset<Value, Hash, Pred, Alloc>& y);	}  // __gnu_cxx	
progress/T1/corpus_hits.tsv:114909:llvm-22.1.8-18.1.src.rpm	#include <ext/	YES	unpacked/mlgo_x86_model.tar.gz/mlgo_sysroot/include/third_party/gpus/cuda/include/cuda/std/detail/libcxx/include/ext/hash_set	198	unpacked/mlgo_x86_model.tar.gz/mlgo_sysroot/include/third_party/gpus/cuda/include/cuda/std/detail/libcxx/include/ext/hash_set:198	#include <functional>	#include <ext/__hash>	
progress/T1/corpus_hits.tsv:114910:llvm-22.1.8-18.1.src.rpm	__gnu_cxx	YES	unpacked/mlgo_x86_model.tar.gz/mlgo_sysroot/include/third_party/gpus/cuda/include/cuda/std/detail/libcxx/include/ext/hash_set	208	unpacked/mlgo_x86_model.tar.gz/mlgo_sysroot/include/third_party/gpus/cuda/include/cuda/std/detail/libcxx/include/ext/hash_set:208		namespace __gnu_cxx {	
progress/T1/corpus_hits.tsv:114911:llvm-22.1.8-18.1.src.rpm	__gnu_cxx	YES	unpacked/mlgo_x86_model.tar.gz/mlgo_sysroot/include/third_party/gpus/cuda/include/cuda/std/detail/libcxx/include/ext/hash_set	657	unpacked/mlgo_x86_model.tar.gz/mlgo_sysroot/include/third_party/gpus/cuda/include/cuda/std/detail/libcxx/include/ext/hash_set:657		} // __gnu_cxx	
progress/T1/corpus_hits.tsv:114912:llvm-22.1.8-18.1.src.rpm	<cxxabi.h>	NO	unpacked/mlgo_x86_model.tar.gz/mlgo_sysroot/include/third_party/gpus/cuda/include/nvrtc.h	733	unpacked/mlgo_x86_model.tar.gz/mlgo_sysroot/include/third_party/gpus/cuda/include/nvrtc.h:733	#if NVRTC_USE_CXXABI || __clang__ || __GNUC__ || __DOXYGEN_ONLY__	#include <cxxabi.h>	#include <cstdlib>
progress/T1/corpus_hits.tsv:114913:llvm-22.1.8-18.1.src.rpm	abi::	NO	unpacked/mlgo_x86_model.tar.gz/mlgo_sysroot/include/third_party/gpus/cuda/include/nvrtc.h	761	unpacked/mlgo_x86_model.tar.gz/mlgo_sysroot/include/third_party/gpus/cuda/include/nvrtc.h:761	 * This function is only provided when the macro NVRTC_GET_TYPE_NAME is	 * defined with a non-zero value. It uses abi::__cxa_demangle or UnDecorateSymbolName	 * function calls to extract the type name, when using gcc/clang or cl.exe compilers,
progress/T1/corpus_hits.tsv:114914:llvm-22.1.8-18.1.src.rpm	abi::	NO	unpacked/mlgo_x86_model.tar.gz/mlgo_sysroot/include/third_party/gpus/cuda/include/nvrtc.h	783	unpacked/mlgo_x86_model.tar.gz/mlgo_sysroot/include/third_party/gpus/cuda/include/nvrtc.h:783	  int status;	  char *undecorated_name = abi::__cxa_demangle(name, 0, 0, &status);	  if (status == 0) {
progress/T1/corpus_hits.tsv:114915:llvm-22.1.8-18.1.src.rpm	abi::	NO	unpacked/mlgo_x86_model.tar.gz/mlgo_sysroot/include/third_party/gpus/cuda/include/nvrtc.h	814	unpacked/mlgo_x86_model.tar.gz/mlgo_sysroot/include/third_party/gpus/cuda/include/nvrtc.h:814	 * This function is only provided when the macro NVRTC_GET_TYPE_NAME is	 * defined with a non-zero value. It uses abi::__cxa_demangle or UnDecorateSymbolName	 * function calls to extract the type name, when using gcc/clang or cl.exe compilers,
progress/T1/corpus_hits.tsv:114916:llvm-22.1.8-18.1.src.rpm	_GLIBCXX_	YES	unpacked/mlgo_x86_model.tar.gz/mlgo_sysroot/include/third_party/gpus/cuda/include/thrust/optional.h	81	unpacked/mlgo_x86_model.tar.gz/mlgo_sysroot/include/third_party/gpus/cuda/include/thrust/optional.h:81	      struct is_trivially_copy_constructible : std::is_trivially_copy_constructible<T>{};	#ifdef _GLIBCXX_VECTOR	      template<class T, class A>
progress/T1/corpus_hits.tsv:114917:llvm-22.1.8-18.1.src.rpm	__GLIBCXX__	YES	unpacked/mlgo_x86_model.tar.gz/mlgo_sysroot/include/third_party/gpus/cuda/include/thrust/optional.h	110	unpacked/mlgo_x86_model.tar.gz/mlgo_sysroot/include/third_party/gpus/cuda/include/thrust/optional.h:110		#if defined(__GLIBCXX__) && __has_feature(is_trivially_constructible)	#define THRUST_OPTIONAL_IS_TRIVIALLY_COPY_CONSTRUCTIBLE(T) \
progress/T1/corpus_hits.tsv:114918:llvm-22.1.8-18.1.src.rpm	_GLIBCXX_	YES	unpacked/mlgo_x86_model.tar.gz/mlgo_sysroot/include/third_party/gpus/cuda/include/thrust/optional.h	110	unpacked/mlgo_x86_model.tar.gz/mlgo_sysroot/include/third_party/gpus/cuda/include/thrust/optional.h:110		#if defined(__GLIBCXX__) && __has_feature(is_trivially_constructible)	#define THRUST_OPTIONAL_IS_TRIVIALLY_COPY_CONSTRUCTIBLE(T) \
progress/T1/corpus_hits.tsv:114919:llvm-22.1.8-18.1.src.rpm	__GLIBCXX__	YES	unpacked/mlgo_x86_model.tar.gz/mlgo_sysroot/include/third_party/gpus/cuda/include/thrust/optional.h	118	unpacked/mlgo_x86_model.tar.gz/mlgo_sysroot/include/third_party/gpus/cuda/include/thrust/optional.h:118		#if defined(__GLIBCXX__) && __has_feature(is_trivially_assignable)	#define THRUST_OPTIONAL_IS_TRIVIALLY_COPY_ASSIGNABLE(T) \
progress/T1/corpus_hits.tsv:114920:llvm-22.1.8-18.1.src.rpm	_GLIBCXX_	YES	unpacked/mlgo_x86_model.tar.gz/mlgo_sysroot/include/third_party/gpus/cuda/include/thrust/optional.h	118	unpacked/mlgo_x86_model.tar.gz/mlgo_sysroot/include/third_party/gpus/cuda/include/thrust/optional.h:118		#if defined(__GLIBCXX__) && __has_feature(is_trivially_assignable)	#define THRUST_OPTIONAL_IS_TRIVIALLY_COPY_ASSIGNABLE(T) \
progress/T1/corpus_hits.tsv:114921:llvm-22.1.8-18.1.src.rpm	__GLIBCXX__	YES	unpacked/mlgo_x86_model.tar.gz/mlgo_sysroot/include/third_party/gpus/cuda/include/thrust/optional.h	126	unpacked/mlgo_x86_model.tar.gz/mlgo_sysroot/include/third_party/gpus/cuda/include/thrust/optional.h:126		#if defined(__GLIBCXX__) && __has_feature(is_trivially_constructible)	#define THRUST_OPTIONAL_IS_TRIVIALLY_MOVE_CONSTRUCTIBLE(T) \
progress/T1/corpus_hits.tsv:114922:llvm-22.1.8-18.1.src.rpm	_GLIBCXX_	YES	unpacked/mlgo_x86_model.tar.gz/mlgo_sysroot/include/third_party/gpus/cuda/include/thrust/optional.h	126	unpacked/mlgo_x86_model.tar.gz/mlgo_sysroot/include/third_party/gpus/cuda/include/thrust/optional.h:126		#if defined(__GLIBCXX__) && __has_feature(is_trivially_constructible)	#define THRUST_OPTIONAL_IS_TRIVIALLY_MOVE_CONSTRUCTIBLE(T) \
progress/T1/corpus_hits.tsv:114923:llvm-22.1.8-18.1.src.rpm	__GLIBCXX__	YES	unpacked/mlgo_x86_model.tar.gz/mlgo_sysroot/include/third_party/gpus/cuda/include/thrust/optional.h	134	unpacked/mlgo_x86_model.tar.gz/mlgo_sysroot/include/third_party/gpus/cuda/include/thrust/optional.h:134		#if defined(__GLIBCXX__) && __has_feature(is_trivially_assignable)	#define THRUST_OPTIONAL_IS_TRIVIALLY_MOVE_ASSIGNABLE(T) \
progress/T1/corpus_hits.tsv:114924:llvm-22.1.8-18.1.src.rpm	_GLIBCXX_	YES	unpacked/mlgo_x86_model.tar.gz/mlgo_sysroot/include/third_party/gpus/cuda/include/thrust/optional.h	134	unpacked/mlgo_x86_model.tar.gz/mlgo_sysroot/include/third_party/gpus/cuda/include/thrust/optional.h:134		#if defined(__GLIBCXX__) && __has_feature(is_trivially_assignable)	#define THRUST_OPTIONAL_IS_TRIVIALLY_MOVE_ASSIGNABLE(T) \
progress/T1/corpus_hits.tsv:114925:llvm-22.1.8-18.1.src.rpm	__GLIBCXX__	YES	unpacked/mlgo_x86_model.tar.gz/mlgo_sysroot/include/third_party/gpus/cuda/include/thrust/optional.h	142	unpacked/mlgo_x86_model.tar.gz/mlgo_sysroot/include/third_party/gpus/cuda/include/thrust/optional.h:142		#if defined(__GLIBCXX__) && __has_feature(is_trivially_destructible)	#define THRUST_OPTIONAL_IS_TRIVIALLY_DESTRUCTIBLE(T) \
progress/T1/corpus_hits.tsv:114926:llvm-22.1.8-18.1.src.rpm	_GLIBCXX_	YES	unpacked/mlgo_x86_model.tar.gz/mlgo_sysroot/include/third_party/gpus/cuda/include/thrust/optional.h	142	unpacked/mlgo_x86_model.tar.gz/mlgo_sysroot/include/third_party/gpus/cuda/include/thrust/optional.h:142		#if defined(__GLIBCXX__) && __has_feature(is_trivially_destructible)	#define THRUST_OPTIONAL_IS_TRIVIALLY_DESTRUCTIBLE(T) \
progress/T1/corpus_hits.tsv:114927:llvm-22.1.8-18.1.src.rpm	__GLIBCXX__	YES	unpacked/mlgo_x86_model.tar.gz/mlgo_sysroot/include/third_party/gpus/cuda/include/thrust/type_traits/is_contiguous_iterator.h	149	unpacked/mlgo_x86_model.tar.gz/mlgo_sysroot/include/third_party/gpus/cuda/include/thrust/type_traits/is_contiguous_iterator.h:149		#if defined(__GLIBCXX__)	template <typename Iterator, typename Container>
progress/T1/corpus_hits.tsv:114928:llvm-22.1.8-18.1.src.rpm	_GLIBCXX_	YES	unpacked/mlgo_x86_model.tar.gz/mlgo_sysroot/include/third_party/gpus/cuda/include/thrust/type_traits/is_contiguous_iterator.h	149	unpacked/mlgo_x86_model.tar.gz/mlgo_sysroot/include/third_party/gpus/cuda/include/thrust/type_traits/is_contiguous_iterator.h:149		#if defined(__GLIBCXX__)	template <typename Iterator, typename Container>
progress/T1/corpus_hits.tsv:114929:llvm-22.1.8-18.1.src.rpm	__gnu_cxx	YES	unpacked/mlgo_x86_model.tar.gz/mlgo_sysroot/include/third_party/gpus/cuda/include/thrust/type_traits/is_contiguous_iterator.h	152	unpacked/mlgo_x86_model.tar.gz/mlgo_sysroot/include/third_party/gpus/cuda/include/thrust/type_traits/is_contiguous_iterator.h:152	struct is_libstdcxx_normal_iterator<	  ::__gnu_cxx::__normal_iterator<Iterator, Container>	> : true_type {};
progress/T1/corpus_hits.tsv:114930:llvm-22.1.8-18.1.src.rpm	__GLIBCXX__	YES	unpacked/mlgo_x86_model.tar.gz/mlgo_sysroot/include/third_party/gpus/cuda/include/thrust/type_traits/is_trivially_relocatable.h	242	unpacked/mlgo_x86_model.tar.gz/mlgo_sysroot/include/third_party/gpus/cuda/include/thrust/type_traits/is_trivially_relocatable.h:242		// There is no way to actually detect the libstdc++ version; __GLIBCXX__	// is always set to the date of libstdc++ being packaged, not the release
progress/T1/corpus_hits.tsv:114931:llvm-22.1.8-18.1.src.rpm	_GLIBCXX_	YES	unpacked/mlgo_x86_model.tar.gz/mlgo_sysroot/include/third_party/gpus/cuda/include/thrust/type_traits/is_trivially_relocatable.h	242	unpacked/mlgo_x86_model.tar.gz/mlgo_sysroot/include/third_party/gpus/cuda/include/thrust/type_traits/is_trivially_relocatable.h:242		// There is no way to actually detect the libstdc++ version; __GLIBCXX__	// is always set to the date of libstdc++ being packaged, not the release
progress/T1/corpus_hits.tsv:114932:llvm-22.1.8-18.1.src.rpm	__GLIBCXX__	YES	unpacked/mlgo_x86_model.tar.gz/mlgo_sysroot/include/third_party/gpus/cuda/include/thrust/type_traits/is_trivially_relocatable.h	264	unpacked/mlgo_x86_model.tar.gz/mlgo_sysroot/include/third_party/gpus/cuda/include/thrust/type_traits/is_trivially_relocatable.h:264	        #if THRUST_CPP_DIALECT >= 2011	            #if defined(__GLIBCXX__) && __has_feature(is_trivially_copyable)	                __is_trivially_copyable(T)
progress/T1/corpus_hits.tsv:114933:llvm-22.1.8-18.1.src.rpm	_GLIBCXX_	YES	unpacked/mlgo_x86_model.tar.gz/mlgo_sysroot/include/third_party/gpus/cuda/include/thrust/type_traits/is_trivially_relocatable.h	264	unpacked/mlgo_x86_model.tar.gz/mlgo_sysroot/include/third_party/gpus/cuda/include/thrust/type_traits/is_trivially_relocatable.h:264	        #if THRUST_CPP_DIALECT >= 2011	            #if defined(__GLIBCXX__) && __has_feature(is_trivially_copyable)	                __is_trivially_copyable(T)
progress/T1/corpus_hits.tsv:115791:tensorflow2-2.18.0-1.2.src.rpm	_GLIBCXX_	YES	unpacked/tensorflow2-2.18.0.tar.gz/tensorflow2-2.18.0/tensorflow/python/tools/saved_model_aot_compile.py	135	unpacked/tensorflow2-2.18.0.tar.gz/tensorflow2-2.18.0/tensorflow/python/tools/saved_model_aot_compile.py:135	      compiled_dir=_shlex_quote(output_dir),	      cxx_flags='-D_GLIBCXX_USE_CXX11_ABI={}'.format(	          versions.CXX11_ABI_FLAG))
progress/T1/corpus_hits.tsv:115792:tensorflow2-2.18.0-1.2.src.rpm	_GLIBCXX_	YES	unpacked/tensorflow2-2.18.0.tar.gz/tensorflow2-2.18.0/tensorflow/python/tools/saved_model_cli_test.py	1155	unpacked/tensorflow2-2.18.0.tar.gz/tensorflow2-2.18.0/tensorflow/python/tools/saved_model_cli_test.py:1155	        '{}_makefile.inc'.format(output_prefix))	    self.assertIn('-D_GLIBCXX_USE_CXX11_ABI=', makefile_contents)	
progress/T1/corpus_hits.tsv:116109:tensorflow2-2.18.0-1.3.src.rpm	_GLIBCXX_	YES	unpacked/tensorflow2-2.18.0.tar.gz/tensorflow2-2.18.0/tensorflow/python/tools/saved_model_aot_compile.py	135	unpacked/tensorflow2-2.18.0.tar.gz/tensorflow2-2.18.0/tensorflow/python/tools/saved_model_aot_compile.py:135	      compiled_dir=_shlex_quote(output_dir),	      cxx_flags='-D_GLIBCXX_USE_CXX11_ABI={}'.format(	          versions.CXX11_ABI_FLAG))
progress/T1/corpus_hits.tsv:116110:tensorflow2-2.18.0-1.3.src.rpm	_GLIBCXX_	YES	unpacked/tensorflow2-2.18.0.tar.gz/tensorflow2-2.18.0/tensorflow/python/tools/saved_model_cli_test.py	1155	unpacked/tensorflow2-2.18.0.tar.gz/tensorflow2-2.18.0/tensorflow/python/tools/saved_model_cli_test.py:1155	        '{}_makefile.inc'.format(output_prefix))	    self.assertIn('-D_GLIBCXX_USE_CXX11_ABI=', makefile_contents)	
progress/T1/corpus_hits.tsv:116427:tensorflow2-2.18.0-1.src.rpm	_GLIBCXX_	YES	unpacked/tensorflow2-2.18.0.tar.gz/tensorflow2-2.18.0/tensorflow/python/tools/saved_model_aot_compile.py	135	unpacked/tensorflow2-2.18.0.tar.gz/tensorflow2-2.18.0/tensorflow/python/tools/saved_model_aot_compile.py:135	      compiled_dir=_shlex_quote(output_dir),	      cxx_flags='-D_GLIBCXX_USE_CXX11_ABI={}'.format(	          versions.CXX11_ABI_FLAG))
progress/T1/corpus_hits.tsv:116428:tensorflow2-2.18.0-1.src.rpm	_GLIBCXX_	YES	unpacked/tensorflow2-2.18.0.tar.gz/tensorflow2-2.18.0/tensorflow/python/tools/saved_model_cli_test.py	1155	unpacked/tensorflow2-2.18.0.tar.gz/tensorflow2-2.18.0/tensorflow/python/tools/saved_model_cli_test.py:1155	        '{}_makefile.inc'.format(output_prefix))	    self.assertIn('-D_GLIBCXX_USE_CXX11_ABI=', makefile_contents)	
progress/R101/inputs/source_git/llvm/packaging/llvm.spec:44:Source1002: mlgo_arm_model.tar.gz
progress/R101/inputs/source_git/llvm/packaging/llvm.spec:45:Source1003: mlgo_aarch_model.tar.gz
progress/R101/inputs/source_git/llvm/packaging/llvm.spec:46:Source1004: mlgo_x86_model.tar.gz
progress/R101/inputs/source_git/llvm/packaging/llvm.spec:192:MLGO_RUNTIME_OBJECTS="${MLGO_AOT_DIR}/xla_runtime_objects/xla_compiled_cpu_function.cc.o;${MLGO_AOT_DIR}/xla_runtime_objects/cpu_function_runtime.cc.o;${MLGO_AOT_DIR}/xla_runtime_objects/custom_call_status.cc.o;${MLGO_AOT_DIR}/xla_runtime_objects/executable_run_options.cc.o;${MLGO_AOT_DIR}/xla_runtime_objects/runtime_single_threaded_matmul_f32.cc.o"
progress/R101/inputs/source_git/llvm/packaging/llvm.spec:261:    -DLLVM_MLGO_EMBED_TF_XLA_RUNTIME_OBJECTS="${MLGO_RUNTIME_OBJECTS}" \
progress/R101/inputs/source_git/llvm/packaging/llvm.spec:262:    -DLLVM_OVERRIDE_MODEL_HEADER_INLINERSIZEMODEL="${MLGO_AOT_DIR}/InlinerSizeModel.h" \
progress/R101/inputs/source_git/llvm/packaging/llvm.spec:263:    -DLLVM_OVERRIDE_MODEL_OBJECT_INLINERSIZEMODEL="${MLGO_AOT_DIR}/InlinerSizeModel.o" \
progress/R101/inputs/source_git/llvm/packaging/llvm.spec:264:    -DLLVM_OVERRIDE_MODEL_HEADER_REGALLOCEVICTMODEL="${MLGO_AOT_DIR}/RegAllocEvictModel.h" \
progress/R101/inputs/source_git/llvm/packaging/llvm.spec:265:    -DLLVM_OVERRIDE_MODEL_OBJECT_REGALLOCEVICTMODEL="${MLGO_AOT_DIR}/RegAllocEvictModel.o" \
progress/R101/inputs/source_git/llvm/packaging/llvm.spec:284:  test -f lib/Analysis/InlinerSizeModel.h || \
progress/R101/inputs/source_git/llvm/packaging/llvm.spec:285:    { echo "FATAL: Missing InlinerSizeModel.h (override not effective, likely trap 1: silent fallback to none)"; exit 1; }
progress/R101/inputs/source_git/llvm/packaging/llvm.spec:286:  test -f lib/Analysis/InlinerSizeModel.o || \
progress/R101/inputs/source_git/llvm/packaging/llvm.spec:287:    { echo "FATAL: Missing InlinerSizeModel.o (override not effective)"; exit 1; }
progress/R101/inputs/source_git/llvm/packaging/llvm.spec:288:  test -f lib/CodeGen/RegAllocEvictModel.h || \
progress/R101/inputs/source_git/llvm/packaging/llvm.spec:289:    { echo "FATAL: Missing RegAllocEvictModel.h(regalloc override not effective)"; exit 1; }
progress/R101/inputs/source_git/llvm/packaging/llvm.spec:290:  test -f lib/CodeGen/RegAllocEvictModel.o || \
progress/R101/inputs/source_git/llvm/packaging/llvm.spec:291:    { echo "FATAL: Missing RegAllocEvictModel.o(regalloc override not effective)"; exit 1; }
progress/R101/inputs/source_git/llvm/packaging/llvm.spec:293:    test -f "${MLGO_AOT_DIR}/xla_runtime_objects/${mlgo_runtime_object}" || \
progress/R101/inputs/source_git/llvm/packaging/llvm.spec:306:  for mlgo_obj in lib/Analysis/InlinerSizeModel.o lib/CodeGen/RegAllocEvictModel.o; do
progress/R101/inputs/source_git/llvm/packaging/llvm.spec:311:    mlgo_obj="${MLGO_AOT_DIR}/xla_runtime_objects/${mlgo_runtime_object}"
progress/R101/inputs/source_git/llvm/packaging/llvm.spec:326:    grep -q "xla_runtime_objects/${mlgo_runtime_object}" "${MLGO_BUILD_DIR}/CMakeCache.txt" || \
docs/progress/R19_21/R21/repro/T1_R1/bits_hit_reclassification.tsv:2916:llvm-22.1.8-18.1.src.rpm	unpacked/mlgo_aarch_model.tar.gz/mlgo_sysroot/include/external/local_config_python/python_include/cpython/pthread_stubs.h	31	alltypes.h	UNDETERMINED_NOT_IN_EITHER_RPM	#include <bits/
docs/progress/R19_21/R21/repro/T1_R1/bits_hit_reclassification.tsv:2917:llvm-22.1.8-18.1.src.rpm	unpacked/mlgo_arm_model.tar.gz/mlgo_sysroot/include/external/local_config_python/python_include/cpython/pthread_stubs.h	31	alltypes.h	UNDETERMINED_NOT_IN_EITHER_RPM	#include <bits/
docs/progress/R19_21/R21/repro/T1_R1/bits_hit_reclassification.tsv:2918:llvm-22.1.8-18.1.src.rpm	unpacked/mlgo_x86_model.tar.gz/mlgo_sysroot/include/external/local_config_python/python_include/cpython/pthread_stubs.h	31	alltypes.h	UNDETERMINED_NOT_IN_EITHER_RPM	#include <bits/
docs/progress/R19_21/R21/tables/split/t1_hard_45_full_hits.part009.tsv:3944:llvm-22.1.8-18.1.src.rpm	unpacked/mlgo_aarch_model.tar.gz/mlgo_sysroot/include/external/pybind11/_virtual_includes/pybind11/pybind11/pybind11.h	989	unpacked/mlgo_aarch_model.tar.gz/mlgo_sysroot/include/external/pybind11/_virtual_includes/pybind11/pybind11/pybind11.h:989	__forced_unwind	__forced_unwind	#ifdef __GLIBCXX__	        } catch (abi::__forced_unwind &) {	            throw;
docs/progress/R19_21/R21/tables/split/t1_hard_45_full_hits.part009.tsv:3945:llvm-22.1.8-18.1.src.rpm	unpacked/mlgo_aarch_model.tar.gz/mlgo_sysroot/include/external/pybind11/include/pybind11/pybind11.h	989	unpacked/mlgo_aarch_model.tar.gz/mlgo_sysroot/include/external/pybind11/include/pybind11/pybind11.h:989	__forced_unwind	__forced_unwind	#ifdef __GLIBCXX__	        } catch (abi::__forced_unwind &) {	            throw;
docs/progress/R19_21/R21/tables/split/t1_hard_45_full_hits.part009.tsv:3946:llvm-22.1.8-18.1.src.rpm	unpacked/mlgo_aarch_model.tar.gz/mlgo_sysroot/include/third_party/gpus/cuda/include/crt/math_functions.h	10790	unpacked/mlgo_aarch_model.tar.gz/mlgo_sysroot/include/third_party/gpus/cuda/include/crt/math_functions.h:10790	__gnu_cxx	__gnu_cxx	#if !defined(_STLPORT_VERSION)	namespace __gnu_cxx	{
docs/progress/R19_21/R21/tables/split/t1_hard_45_full_hits.part009.tsv:3947:llvm-22.1.8-18.1.src.rpm	unpacked/mlgo_aarch_model.tar.gz/mlgo_sysroot/include/third_party/gpus/cuda/include/crt/math_functions.h	11236	unpacked/mlgo_aarch_model.tar.gz/mlgo_sysroot/include/third_party/gpus/cuda/include/crt/math_functions.h:11236	__gnu_cxx	__gnu_cxx	extern __DEVICE_FUNCTIONS_DECL__ __cudart_builtin__	typename __gnu_cxx::__promote_2<_Tp, _Up>::__type pow(_Tp, _Up);	#else  /* !(defined(__GNUC__) && __cplusplus >= 201103L && !defined(_LIBCPP_VERSION)) */
docs/progress/R19_21/R21/tables/split/t1_hard_45_full_hits.part009.tsv:3948:llvm-22.1.8-18.1.src.rpm	unpacked/mlgo_aarch_model.tar.gz/mlgo_sysroot/include/third_party/gpus/cuda/include/cuda/std/detail/libcxx/include/ext/__hash	18	unpacked/mlgo_aarch_model.tar.gz/mlgo_sysroot/include/third_party/gpus/cuda/include/cuda/std/detail/libcxx/include/ext/__hash:18	__gnu_cxx	__gnu_cxx		namespace __gnu_cxx {	
docs/progress/R19_21/R21/tables/split/t1_hard_45_full_hits.part009.tsv:3949:llvm-22.1.8-18.1.src.rpm	unpacked/mlgo_aarch_model.tar.gz/mlgo_sysroot/include/third_party/gpus/cuda/include/cuda/std/detail/libcxx/include/ext/hash_map	17	unpacked/mlgo_aarch_model.tar.gz/mlgo_sysroot/include/third_party/gpus/cuda/include/cuda/std/detail/libcxx/include/ext/hash_map:17	__gnu_cxx	__gnu_cxx		namespace __gnu_cxx	{
docs/progress/R19_21/R21/tables/split/t1_hard_45_full_hits.part009.tsv:3950:llvm-22.1.8-18.1.src.rpm	unpacked/mlgo_aarch_model.tar.gz/mlgo_sysroot/include/third_party/gpus/cuda/include/cuda/std/detail/libcxx/include/ext/hash_map	200	unpacked/mlgo_aarch_model.tar.gz/mlgo_sysroot/include/third_party/gpus/cuda/include/cuda/std/detail/libcxx/include/ext/hash_map:200	__gnu_cxx	__gnu_cxx		}  // __gnu_cxx	
docs/progress/R19_21/R21/tables/split/t1_hard_45_full_hits.part009.tsv:3951:llvm-22.1.8-18.1.src.rpm	unpacked/mlgo_aarch_model.tar.gz/mlgo_sysroot/include/third_party/gpus/cuda/include/cuda/std/detail/libcxx/include/ext/hash_map	209	unpacked/mlgo_aarch_model.tar.gz/mlgo_sysroot/include/third_party/gpus/cuda/include/cuda/std/detail/libcxx/include/ext/hash_map:209	#include <ext/	#include <ext/	#include <type_traits>	#include <ext/__hash>	
docs/progress/R19_21/R21/tables/split/t1_hard_45_full_hits.part009.tsv:3952:llvm-22.1.8-18.1.src.rpm	unpacked/mlgo_aarch_model.tar.gz/mlgo_sysroot/include/third_party/gpus/cuda/include/cuda/std/detail/libcxx/include/ext/hash_map	223	unpacked/mlgo_aarch_model.tar.gz/mlgo_sysroot/include/third_party/gpus/cuda/include/cuda/std/detail/libcxx/include/ext/hash_map:223	__gnu_cxx	__gnu_cxx		namespace __gnu_cxx {	
docs/progress/R19_21/R21/tables/split/t1_hard_45_full_hits.part009.tsv:3953:llvm-22.1.8-18.1.src.rpm	unpacked/mlgo_aarch_model.tar.gz/mlgo_sysroot/include/third_party/gpus/cuda/include/cuda/std/detail/libcxx/include/ext/hash_map	982	unpacked/mlgo_aarch_model.tar.gz/mlgo_sysroot/include/third_party/gpus/cuda/include/cuda/std/detail/libcxx/include/ext/hash_map:982	__gnu_cxx	__gnu_cxx		} // __gnu_cxx	
docs/progress/R19_21/R21/tables/split/t1_hard_45_full_hits.part009.tsv:3954:llvm-22.1.8-18.1.src.rpm	unpacked/mlgo_aarch_model.tar.gz/mlgo_sysroot/include/third_party/gpus/cuda/include/cuda/std/detail/libcxx/include/ext/hash_set	17	unpacked/mlgo_aarch_model.tar.gz/mlgo_sysroot/include/third_party/gpus/cuda/include/cuda/std/detail/libcxx/include/ext/hash_set:17	__gnu_cxx	__gnu_cxx		namespace __gnu_cxx	{
docs/progress/R19_21/R21/tables/split/t1_hard_45_full_hits.part009.tsv:3955:llvm-22.1.8-18.1.src.rpm	unpacked/mlgo_aarch_model.tar.gz/mlgo_sysroot/include/third_party/gpus/cuda/include/cuda/std/detail/libcxx/include/ext/hash_set	191	unpacked/mlgo_aarch_model.tar.gz/mlgo_sysroot/include/third_party/gpus/cuda/include/cuda/std/detail/libcxx/include/ext/hash_set:191	__gnu_cxx	__gnu_cxx	               const hash_multiset<Value, Hash, Pred, Alloc>& y);	}  // __gnu_cxx	
docs/progress/R19_21/R21/tables/split/t1_hard_45_full_hits.part009.tsv:3956:llvm-22.1.8-18.1.src.rpm	unpacked/mlgo_aarch_model.tar.gz/mlgo_sysroot/include/third_party/gpus/cuda/include/cuda/std/detail/libcxx/include/ext/hash_set	198	unpacked/mlgo_aarch_model.tar.gz/mlgo_sysroot/include/third_party/gpus/cuda/include/cuda/std/detail/libcxx/include/ext/hash_set:198	#include <ext/	#include <ext/	#include <functional>	#include <ext/__hash>	
docs/progress/R19_21/R21/tables/split/t1_hard_45_full_hits.part009.tsv:3957:llvm-22.1.8-18.1.src.rpm	unpacked/mlgo_aarch_model.tar.gz/mlgo_sysroot/include/third_party/gpus/cuda/include/cuda/std/detail/libcxx/include/ext/hash_set	208	unpacked/mlgo_aarch_model.tar.gz/mlgo_sysroot/include/third_party/gpus/cuda/include/cuda/std/detail/libcxx/include/ext/hash_set:208	__gnu_cxx	__gnu_cxx		namespace __gnu_cxx {	
docs/progress/R19_21/R21/tables/split/t1_hard_45_full_hits.part009.tsv:3958:llvm-22.1.8-18.1.src.rpm	unpacked/mlgo_aarch_model.tar.gz/mlgo_sysroot/include/third_party/gpus/cuda/include/cuda/std/detail/libcxx/include/ext/hash_set	657	unpacked/mlgo_aarch_model.tar.gz/mlgo_sysroot/include/third_party/gpus/cuda/include/cuda/std/detail/libcxx/include/ext/hash_set:657	__gnu_cxx	__gnu_cxx		} // __gnu_cxx	
docs/progress/R19_21/R21/tables/split/t1_hard_45_full_hits.part009.tsv:3959:llvm-22.1.8-18.1.src.rpm	unpacked/mlgo_aarch_model.tar.gz/mlgo_sysroot/include/third_party/gpus/cuda/include/thrust/type_traits/is_contiguous_iterator.h	152	unpacked/mlgo_aarch_model.tar.gz/mlgo_sysroot/include/third_party/gpus/cuda/include/thrust/type_traits/is_contiguous_iterator.h:152	__gnu_cxx	__gnu_cxx	struct is_libstdcxx_normal_iterator<	  ::__gnu_cxx::__normal_iterator<Iterator, Container>	> : true_type {};
docs/progress/R19_21/R21/tables/split/t1_hard_45_full_hits.part009.tsv:3960:llvm-22.1.8-18.1.src.rpm	unpacked/mlgo_arm_model.tar.gz/mlgo_sysroot/include/external/pybind11/_virtual_includes/pybind11/pybind11/pybind11.h	989	unpacked/mlgo_arm_model.tar.gz/mlgo_sysroot/include/external/pybind11/_virtual_includes/pybind11/pybind11/pybind11.h:989	__forced_unwind	__forced_unwind	#ifdef __GLIBCXX__	        } catch (abi::__forced_unwind &) {	            throw;
docs/progress/R19_21/R21/tables/split/t1_hard_45_full_hits.part009.tsv:3961:llvm-22.1.8-18.1.src.rpm	unpacked/mlgo_arm_model.tar.gz/mlgo_sysroot/include/external/pybind11/include/pybind11/pybind11.h	989	unpacked/mlgo_arm_model.tar.gz/mlgo_sysroot/include/external/pybind11/include/pybind11/pybind11.h:989	__forced_unwind	__forced_unwind	#ifdef __GLIBCXX__	        } catch (abi::__forced_unwind &) {	            throw;
docs/progress/R19_21/R21/tables/split/t1_hard_45_full_hits.part009.tsv:3962:llvm-22.1.8-18.1.src.rpm	unpacked/mlgo_arm_model.tar.gz/mlgo_sysroot/include/third_party/gpus/cuda/include/crt/math_functions.h	10790	unpacked/mlgo_arm_model.tar.gz/mlgo_sysroot/include/third_party/gpus/cuda/include/crt/math_functions.h:10790	__gnu_cxx	__gnu_cxx	#if !defined(_STLPORT_VERSION)	namespace __gnu_cxx	{
docs/progress/R19_21/R21/tables/split/t1_hard_45_full_hits.part009.tsv:3963:llvm-22.1.8-18.1.src.rpm	unpacked/mlgo_arm_model.tar.gz/mlgo_sysroot/include/third_party/gpus/cuda/include/crt/math_functions.h	11236	unpacked/mlgo_arm_model.tar.gz/mlgo_sysroot/include/third_party/gpus/cuda/include/crt/math_functions.h:11236	__gnu_cxx	__gnu_cxx	extern __DEVICE_FUNCTIONS_DECL__ __cudart_builtin__	typename __gnu_cxx::__promote_2<_Tp, _Up>::__type pow(_Tp, _Up);	#else  /* !(defined(__GNUC__) && __cplusplus >= 201103L && !defined(_LIBCPP_VERSION)) */
docs/progress/R19_21/R21/tables/split/t1_hard_45_full_hits.part009.tsv:3964:llvm-22.1.8-18.1.src.rpm	unpacked/mlgo_arm_model.tar.gz/mlgo_sysroot/include/third_party/gpus/cuda/include/cuda/std/detail/libcxx/include/ext/__hash	18	unpacked/mlgo_arm_model.tar.gz/mlgo_sysroot/include/third_party/gpus/cuda/include/cuda/std/detail/libcxx/include/ext/__hash:18	__gnu_cxx	__gnu_cxx		namespace __gnu_cxx {	
docs/progress/R19_21/R21/tables/split/t1_hard_45_full_hits.part009.tsv:3965:llvm-22.1.8-18.1.src.rpm	unpacked/mlgo_arm_model.tar.gz/mlgo_sysroot/include/third_party/gpus/cuda/include/cuda/std/detail/libcxx/include/ext/hash_map	17	unpacked/mlgo_arm_model.tar.gz/mlgo_sysroot/include/third_party/gpus/cuda/include/cuda/std/detail/libcxx/include/ext/hash_map:17	__gnu_cxx	__gnu_cxx		namespace __gnu_cxx	{
docs/progress/R19_21/R21/tables/split/t1_hard_45_full_hits.part009.tsv:3966:llvm-22.1.8-18.1.src.rpm	unpacked/mlgo_arm_model.tar.gz/mlgo_sysroot/include/third_party/gpus/cuda/include/cuda/std/detail/libcxx/include/ext/hash_map	200	unpacked/mlgo_arm_model.tar.gz/mlgo_sysroot/include/third_party/gpus/cuda/include/cuda/std/detail/libcxx/include/ext/hash_map:200	__gnu_cxx	__gnu_cxx		}  // __gnu_cxx	
docs/progress/R19_21/R21/tables/split/t1_hard_45_full_hits.part009.tsv:3967:llvm-22.1.8-18.1.src.rpm	unpacked/mlgo_arm_model.tar.gz/mlgo_sysroot/include/third_party/gpus/cuda/include/cuda/std/detail/libcxx/include/ext/hash_map	209	unpacked/mlgo_arm_model.tar.gz/mlgo_sysroot/include/third_party/gpus/cuda/include/cuda/std/detail/libcxx/include/ext/hash_map:209	#include <ext/	#include <ext/	#include <type_traits>	#include <ext/__hash>	
docs/progress/R19_21/R21/tables/split/t1_hard_45_full_hits.part009.tsv:3968:llvm-22.1.8-18.1.src.rpm	unpacked/mlgo_arm_model.tar.gz/mlgo_sysroot/include/third_party/gpus/cuda/include/cuda/std/detail/libcxx/include/ext/hash_map	223	unpacked/mlgo_arm_model.tar.gz/mlgo_sysroot/include/third_party/gpus/cuda/include/cuda/std/detail/libcxx/include/ext/hash_map:223	__gnu_cxx	__gnu_cxx		namespace __gnu_cxx {	
docs/progress/R19_21/R21/tables/split/t1_hard_45_full_hits.part009.tsv:3969:llvm-22.1.8-18.1.src.rpm	unpacked/mlgo_arm_model.tar.gz/mlgo_sysroot/include/third_party/gpus/cuda/include/cuda/std/detail/libcxx/include/ext/hash_map	982	unpacked/mlgo_arm_model.tar.gz/mlgo_sysroot/include/third_party/gpus/cuda/include/cuda/std/detail/libcxx/include/ext/hash_map:982	__gnu_cxx	__gnu_cxx		} // __gnu_cxx	
docs/progress/R19_21/R21/tables/split/t1_hard_45_full_hits.part009.tsv:3970:llvm-22.1.8-18.1.src.rpm	unpacked/mlgo_arm_model.tar.gz/mlgo_sysroot/include/third_party/gpus/cuda/include/cuda/std/detail/libcxx/include/ext/hash_set	17	unpacked/mlgo_arm_model.tar.gz/mlgo_sysroot/include/third_party/gpus/cuda/include/cuda/std/detail/libcxx/include/ext/hash_set:17	__gnu_cxx	__gnu_cxx		namespace __gnu_cxx	{
docs/progress/R19_21/R21/tables/split/t1_hard_45_full_hits.part009.tsv:3971:llvm-22.1.8-18.1.src.rpm	unpacked/mlgo_arm_model.tar.gz/mlgo_sysroot/include/third_party/gpus/cuda/include/cuda/std/detail/libcxx/include/ext/hash_set	191	unpacked/mlgo_arm_model.tar.gz/mlgo_sysroot/include/third_party/gpus/cuda/include/cuda/std/detail/libcxx/include/ext/hash_set:191	__gnu_cxx	__gnu_cxx	               const hash_multiset<Value, Hash, Pred, Alloc>& y);	}  // __gnu_cxx	
docs/progress/R19_21/R21/tables/split/t1_hard_45_full_hits.part009.tsv:3972:llvm-22.1.8-18.1.src.rpm	unpacked/mlgo_arm_model.tar.gz/mlgo_sysroot/include/third_party/gpus/cuda/include/cuda/std/detail/libcxx/include/ext/hash_set	198	unpacked/mlgo_arm_model.tar.gz/mlgo_sysroot/include/third_party/gpus/cuda/include/cuda/std/detail/libcxx/include/ext/hash_set:198	#include <ext/	#include <ext/	#include <functional>	#include <ext/__hash>	
docs/progress/R19_21/R21/tables/split/t1_hard_45_full_hits.part009.tsv:3973:llvm-22.1.8-18.1.src.rpm	unpacked/mlgo_arm_model.tar.gz/mlgo_sysroot/include/third_party/gpus/cuda/include/cuda/std/detail/libcxx/include/ext/hash_set	208	unpacked/mlgo_arm_model.tar.gz/mlgo_sysroot/include/third_party/gpus/cuda/include/cuda/std/detail/libcxx/include/ext/hash_set:208	__gnu_cxx	__gnu_cxx		namespace __gnu_cxx {	
docs/progress/R19_21/R21/tables/split/t1_hard_45_full_hits.part009.tsv:3974:llvm-22.1.8-18.1.src.rpm	unpacked/mlgo_arm_model.tar.gz/mlgo_sysroot/include/third_party/gpus/cuda/include/cuda/std/detail/libcxx/include/ext/hash_set	657	unpacked/mlgo_arm_model.tar.gz/mlgo_sysroot/include/third_party/gpus/cuda/include/cuda/std/detail/libcxx/include/ext/hash_set:657	__gnu_cxx	__gnu_cxx		} // __gnu_cxx	
docs/progress/R19_21/R21/tables/split/t1_hard_45_full_hits.part009.tsv:3975:llvm-22.1.8-18.1.src.rpm	unpacked/mlgo_arm_model.tar.gz/mlgo_sysroot/include/third_party/gpus/cuda/include/thrust/type_traits/is_contiguous_iterator.h	152	unpacked/mlgo_arm_model.tar.gz/mlgo_sysroot/include/third_party/gpus/cuda/include/thrust/type_traits/is_contiguous_iterator.h:152	__gnu_cxx	__gnu_cxx	struct is_libstdcxx_normal_iterator<	  ::__gnu_cxx::__normal_iterator<Iterator, Container>	> : true_type {};
docs/progress/R19_21/R21/tables/split/t1_hard_45_full_hits.part009.tsv:3976:llvm-22.1.8-18.1.src.rpm	unpacked/mlgo_x86_model.tar.gz/mlgo_sysroot/include/external/pybind11/_virtual_includes/pybind11/pybind11/pybind11.h	989	unpacked/mlgo_x86_model.tar.gz/mlgo_sysroot/include/external/pybind11/_virtual_includes/pybind11/pybind11/pybind11.h:989	__forced_unwind	__forced_unwind	#ifdef __GLIBCXX__	        } catch (abi::__forced_unwind &) {	            throw;
docs/progress/R19_21/R21/tables/split/t1_hard_45_full_hits.part009.tsv:3977:llvm-22.1.8-18.1.src.rpm	unpacked/mlgo_x86_model.tar.gz/mlgo_sysroot/include/external/pybind11/include/pybind11/pybind11.h	989	unpacked/mlgo_x86_model.tar.gz/mlgo_sysroot/include/external/pybind11/include/pybind11/pybind11.h:989	__forced_unwind	__forced_unwind	#ifdef __GLIBCXX__	        } catch (abi::__forced_unwind &) {	            throw;
docs/progress/R19_21/R21/tables/split/t1_hard_45_full_hits.part009.tsv:3978:llvm-22.1.8-18.1.src.rpm	unpacked/mlgo_x86_model.tar.gz/mlgo_sysroot/include/third_party/gpus/cuda/include/crt/math_functions.h	10790	unpacked/mlgo_x86_model.tar.gz/mlgo_sysroot/include/third_party/gpus/cuda/include/crt/math_functions.h:10790	__gnu_cxx	__gnu_cxx	#if !defined(_STLPORT_VERSION)	namespace __gnu_cxx	{
docs/progress/R19_21/R21/tables/split/t1_hard_45_full_hits.part009.tsv:3979:llvm-22.1.8-18.1.src.rpm	unpacked/mlgo_x86_model.tar.gz/mlgo_sysroot/include/third_party/gpus/cuda/include/crt/math_functions.h	11236	unpacked/mlgo_x86_model.tar.gz/mlgo_sysroot/include/third_party/gpus/cuda/include/crt/math_functions.h:11236	__gnu_cxx	__gnu_cxx	extern __DEVICE_FUNCTIONS_DECL__ __cudart_builtin__	typename __gnu_cxx::__promote_2<_Tp, _Up>::__type pow(_Tp, _Up);	#else  /* !(defined(__GNUC__) && __cplusplus >= 201103L && !defined(_LIBCPP_VERSION)) */
docs/progress/R19_21/R21/tables/split/t1_hard_45_full_hits.part009.tsv:3980:llvm-22.1.8-18.1.src.rpm	unpacked/mlgo_x86_model.tar.gz/mlgo_sysroot/include/third_party/gpus/cuda/include/cuda/std/detail/libcxx/include/ext/__hash	18	unpacked/mlgo_x86_model.tar.gz/mlgo_sysroot/include/third_party/gpus/cuda/include/cuda/std/detail/libcxx/include/ext/__hash:18	__gnu_cxx	__gnu_cxx		namespace __gnu_cxx {	
docs/progress/R19_21/R21/tables/split/t1_hard_45_full_hits.part009.tsv:3981:llvm-22.1.8-18.1.src.rpm	unpacked/mlgo_x86_model.tar.gz/mlgo_sysroot/include/third_party/gpus/cuda/include/cuda/std/detail/libcxx/include/ext/hash_map	17	unpacked/mlgo_x86_model.tar.gz/mlgo_sysroot/include/third_party/gpus/cuda/include/cuda/std/detail/libcxx/include/ext/hash_map:17	__gnu_cxx	__gnu_cxx		namespace __gnu_cxx	{
docs/progress/R19_21/R21/tables/split/t1_hard_45_full_hits.part009.tsv:3982:llvm-22.1.8-18.1.src.rpm	unpacked/mlgo_x86_model.tar.gz/mlgo_sysroot/include/third_party/gpus/cuda/include/cuda/std/detail/libcxx/include/ext/hash_map	200	unpacked/mlgo_x86_model.tar.gz/mlgo_sysroot/include/third_party/gpus/cuda/include/cuda/std/detail/libcxx/include/ext/hash_map:200	__gnu_cxx	__gnu_cxx		}  // __gnu_cxx	
docs/progress/R19_21/R21/tables/split/t1_hard_45_full_hits.part009.tsv:3983:llvm-22.1.8-18.1.src.rpm	unpacked/mlgo_x86_model.tar.gz/mlgo_sysroot/include/third_party/gpus/cuda/include/cuda/std/detail/libcxx/include/ext/hash_map	209	unpacked/mlgo_x86_model.tar.gz/mlgo_sysroot/include/third_party/gpus/cuda/include/cuda/std/detail/libcxx/include/ext/hash_map:209	#include <ext/	#include <ext/	#include <type_traits>	#include <ext/__hash>	
docs/progress/R19_21/R21/tables/split/t1_hard_45_full_hits.part009.tsv:3984:llvm-22.1.8-18.1.src.rpm	unpacked/mlgo_x86_model.tar.gz/mlgo_sysroot/include/third_party/gpus/cuda/include/cuda/std/detail/libcxx/include/ext/hash_map	223	unpacked/mlgo_x86_model.tar.gz/mlgo_sysroot/include/third_party/gpus/cuda/include/cuda/std/detail/libcxx/include/ext/hash_map:223	__gnu_cxx	__gnu_cxx		namespace __gnu_cxx {	
docs/progress/R19_21/R21/tables/split/t1_hard_45_full_hits.part009.tsv:3985:llvm-22.1.8-18.1.src.rpm	unpacked/mlgo_x86_model.tar.gz/mlgo_sysroot/include/third_party/gpus/cuda/include/cuda/std/detail/libcxx/include/ext/hash_map	982	unpacked/mlgo_x86_model.tar.gz/mlgo_sysroot/include/third_party/gpus/cuda/include/cuda/std/detail/libcxx/include/ext/hash_map:982	__gnu_cxx	__gnu_cxx		} // __gnu_cxx	
docs/progress/R19_21/R21/tables/split/t1_hard_45_full_hits.part009.tsv:3986:llvm-22.1.8-18.1.src.rpm	unpacked/mlgo_x86_model.tar.gz/mlgo_sysroot/include/third_party/gpus/cuda/include/cuda/std/detail/libcxx/include/ext/hash_set	17	unpacked/mlgo_x86_model.tar.gz/mlgo_sysroot/include/third_party/gpus/cuda/include/cuda/std/detail/libcxx/include/ext/hash_set:17	__gnu_cxx	__gnu_cxx		namespace __gnu_cxx	{
docs/progress/R19_21/R21/tables/split/t1_hard_45_full_hits.part009.tsv:3987:llvm-22.1.8-18.1.src.rpm	unpacked/mlgo_x86_model.tar.gz/mlgo_sysroot/include/third_party/gpus/cuda/include/cuda/std/detail/libcxx/include/ext/hash_set	191	unpacked/mlgo_x86_model.tar.gz/mlgo_sysroot/include/third_party/gpus/cuda/include/cuda/std/detail/libcxx/include/ext/hash_set:191	__gnu_cxx	__gnu_cxx	               const hash_multiset<Value, Hash, Pred, Alloc>& y);	}  // __gnu_cxx	
docs/progress/R19_21/R21/tables/split/t1_hard_45_full_hits.part009.tsv:3988:llvm-22.1.8-18.1.src.rpm	unpacked/mlgo_x86_model.tar.gz/mlgo_sysroot/include/third_party/gpus/cuda/include/cuda/std/detail/libcxx/include/ext/hash_set	198	unpacked/mlgo_x86_model.tar.gz/mlgo_sysroot/include/third_party/gpus/cuda/include/cuda/std/detail/libcxx/include/ext/hash_set:198	#include <ext/	#include <ext/	#include <functional>	#include <ext/__hash>	
docs/progress/R19_21/R21/tables/split/t1_hard_45_full_hits.part009.tsv:3989:llvm-22.1.8-18.1.src.rpm	unpacked/mlgo_x86_model.tar.gz/mlgo_sysroot/include/third_party/gpus/cuda/include/cuda/std/detail/libcxx/include/ext/hash_set	208	unpacked/mlgo_x86_model.tar.gz/mlgo_sysroot/include/third_party/gpus/cuda/include/cuda/std/detail/libcxx/include/ext/hash_set:208	__gnu_cxx	__gnu_cxx		namespace __gnu_cxx {	
docs/progress/R19_21/R21/tables/split/t1_hard_45_full_hits.part009.tsv:3990:llvm-22.1.8-18.1.src.rpm	unpacked/mlgo_x86_model.tar.gz/mlgo_sysroot/include/third_party/gpus/cuda/include/cuda/std/detail/libcxx/include/ext/hash_set	657	unpacked/mlgo_x86_model.tar.gz/mlgo_sysroot/include/third_party/gpus/cuda/include/cuda/std/detail/libcxx/include/ext/hash_set:657	__gnu_cxx	__gnu_cxx		} // __gnu_cxx	
docs/progress/R19_21/R21/tables/split/t1_hard_45_full_hits.part009.tsv:3991:llvm-22.1.8-18.1.src.rpm	unpacked/mlgo_x86_model.tar.gz/mlgo_sysroot/include/third_party/gpus/cuda/include/thrust/type_traits/is_contiguous_iterator.h	152	unpacked/mlgo_x86_model.tar.gz/mlgo_sysroot/include/third_party/gpus/cuda/include/thrust/type_traits/is_contiguous_iterator.h:152	__gnu_cxx	__gnu_cxx	struct is_libstdcxx_normal_iterator<	  ::__gnu_cxx::__normal_iterator<Iterator, Container>	> : true_type {};
progress/R94/work/no_override/packaging/llvm.spec:44:Source1002: mlgo_arm_model.tar.gz
progress/R94/work/no_override/packaging/llvm.spec:45:Source1003: mlgo_aarch_model.tar.gz
progress/R94/work/no_override/packaging/llvm.spec:46:Source1004: mlgo_x86_model.tar.gz
progress/R94/work/no_override/packaging/llvm.spec:192:MLGO_RUNTIME_OBJECTS="${MLGO_AOT_DIR}/xla_runtime_objects/xla_compiled_cpu_function.cc.o;${MLGO_AOT_DIR}/xla_runtime_objects/cpu_function_runtime.cc.o;${MLGO_AOT_DIR}/xla_runtime_objects/custom_call_status.cc.o;${MLGO_AOT_DIR}/xla_runtime_objects/executable_run_options.cc.o;${MLGO_AOT_DIR}/xla_runtime_objects/runtime_single_threaded_matmul_f32.cc.o"
progress/R94/work/no_override/packaging/llvm.spec:261:    -DLLVM_MLGO_EMBED_TF_XLA_RUNTIME_OBJECTS="${MLGO_RUNTIME_OBJECTS}" \
progress/R94/work/no_override/packaging/llvm.spec:262:    -DLLVM_OVERRIDE_MODEL_HEADER_INLINERSIZEMODEL="${MLGO_AOT_DIR}/InlinerSizeModel.h" \
progress/R94/work/no_override/packaging/llvm.spec:263:    -DLLVM_OVERRIDE_MODEL_OBJECT_INLINERSIZEMODEL="${MLGO_AOT_DIR}/InlinerSizeModel.o" \
progress/R94/work/no_override/packaging/llvm.spec:264:    -DLLVM_OVERRIDE_MODEL_HEADER_REGALLOCEVICTMODEL="${MLGO_AOT_DIR}/RegAllocEvictModel.h" \
progress/R94/work/no_override/packaging/llvm.spec:265:    -DLLVM_OVERRIDE_MODEL_OBJECT_REGALLOCEVICTMODEL="${MLGO_AOT_DIR}/RegAllocEvictModel.o" \
progress/R94/work/no_override/packaging/llvm.spec:284:  test -f lib/Analysis/InlinerSizeModel.h || \
progress/R94/work/no_override/packaging/llvm.spec:285:    { echo "FATAL: Missing InlinerSizeModel.h (override not effective, likely trap 1: silent fallback to none)"; exit 1; }
progress/R94/work/no_override/packaging/llvm.spec:286:  test -f lib/Analysis/InlinerSizeModel.o || \
progress/R94/work/no_override/packaging/llvm.spec:287:    { echo "FATAL: Missing InlinerSizeModel.o (override not effective)"; exit 1; }
progress/R94/work/no_override/packaging/llvm.spec:288:  test -f lib/CodeGen/RegAllocEvictModel.h || \
progress/R94/work/no_override/packaging/llvm.spec:289:    { echo "FATAL: Missing RegAllocEvictModel.h(regalloc override not effective)"; exit 1; }
progress/R94/work/no_override/packaging/llvm.spec:290:  test -f lib/CodeGen/RegAllocEvictModel.o || \
progress/R94/work/no_override/packaging/llvm.spec:291:    { echo "FATAL: Missing RegAllocEvictModel.o(regalloc override not effective)"; exit 1; }
progress/R94/work/no_override/packaging/llvm.spec:293:    test -f "${MLGO_AOT_DIR}/xla_runtime_objects/${mlgo_runtime_object}" || \
progress/R94/work/no_override/packaging/llvm.spec:306:  for mlgo_obj in lib/Analysis/InlinerSizeModel.o lib/CodeGen/RegAllocEvictModel.o; do
progress/R94/work/no_override/packaging/llvm.spec:311:    mlgo_obj="${MLGO_AOT_DIR}/xla_runtime_objects/${mlgo_runtime_object}"
progress/R94/work/no_override/packaging/llvm.spec:326:    grep -q "xla_runtime_objects/${mlgo_runtime_object}" "${MLGO_BUILD_DIR}/CMakeCache.txt" || \
progress/R11/tables/dlopen_source_archive_status.tsv:178:llvm-22.1.8-19.1.src.rpm	11	11	mlgo_aarch_model.tar.gz	PASS	0
progress/R11/tables/dlopen_source_archive_status.tsv:179:llvm-22.1.8-19.1.src.rpm	11	11	mlgo_arm_model.tar.gz	PASS	0
progress/R11/tables/dlopen_source_archive_status.tsv:180:llvm-22.1.8-19.1.src.rpm	11	11	mlgo_x86_model.tar.gz	PASS	0
progress/R11/tables/dlopen_source_token_hits.tsv:20435:llvm-22.1.8-19.1.src.rpm	11	11	expanded/002_mlgo_aarch_model.tar.gz/mlgo_sysroot/include/external/local_config_python/python_include/pyconfig.h	231	RTLD_GLOBAL	/* Define to 1 if you have the declaration of `RTLD_GLOBAL', and to 0 if you
progress/R11/tables/dlopen_source_token_hits.tsv:20436:llvm-22.1.8-19.1.src.rpm	11	11	expanded/002_mlgo_aarch_model.tar.gz/mlgo_sysroot/include/external/local_config_python/python_include/pyconfig.h	239	RTLD_LOCAL	/* Define to 1 if you have the declaration of `RTLD_LOCAL', and to 0 if you
progress/R11/tables/dlopen_source_token_hits.tsv:20437:llvm-22.1.8-19.1.src.rpm	11	11	expanded/002_mlgo_aarch_model.tar.gz/mlgo_sysroot/include/external/local_config_python/python_include/pyconfig.h	288	dlopen	/* Define to 1 if you have the `dlopen' function. */
progress/R11/tables/dlopen_source_token_hits.tsv:20438:llvm-22.1.8-19.1.src.rpm	11	11	expanded/002_mlgo_aarch_model.tar.gz/mlgo_sysroot/include/external/nccl_archive/_virtual_includes/include_hdrs/gdrwrap.h	57	dlopen	// dlopen() wrappers
progress/R11/tables/dlopen_source_token_hits.tsv:20439:llvm-22.1.8-19.1.src.rpm	11	11	expanded/002_mlgo_aarch_model.tar.gz/mlgo_sysroot/include/external/nccl_archive/_virtual_includes/include_hdrs/nvtx3/nvtxDetail/nvtxInit.h	36	dlopen	#define NVTX_DLLOPEN(x) dlopen(x, RTLD_LAZY)
progress/R11/tables/dlopen_source_token_hits.tsv:20440:llvm-22.1.8-19.1.src.rpm	11	11	expanded/002_mlgo_aarch_model.tar.gz/mlgo_sysroot/include/external/nccl_archive/_virtual_includes/include_hdrs/nvtx3/nvtxDetail/nvtxInit.h	192	dlopen	            /* For dlopen, if the filename contains a leading slash, then it is interpreted as a */
progress/R11/tables/dlopen_source_token_hits.tsv:20441:llvm-22.1.8-19.1.src.rpm	11	11	expanded/002_mlgo_aarch_model.tar.gz/mlgo_sysroot/include/external/nccl_archive/_virtual_includes/include_hdrs/nvtx3/nvtxExtDetail/nvtxExtInit.h	44	dlopen	#define NVTX_DLLOPEN(x) dlopen(x, RTLD_LAZY)
progress/R11/tables/dlopen_source_token_hits.tsv:20442:llvm-22.1.8-19.1.src.rpm	11	11	expanded/002_mlgo_aarch_model.tar.gz/mlgo_sysroot/include/external/nccl_archive/_virtual_includes/include_hdrs/nvtx3/nvtxExtDetail/nvtxExtInit.h	207	dlopen	            /* For dlopen, if the filename contains a leading slash, then it is interpreted as a */
progress/R11/tables/dlopen_source_token_hits.tsv:20443:llvm-22.1.8-19.1.src.rpm	11	11	expanded/002_mlgo_aarch_model.tar.gz/mlgo_sysroot/include/external/nccl_archive/src/include/gdrwrap.h	57	dlopen	// dlopen() wrappers
progress/R11/tables/dlopen_source_token_hits.tsv:20444:llvm-22.1.8-19.1.src.rpm	11	11	expanded/002_mlgo_aarch_model.tar.gz/mlgo_sysroot/include/external/nccl_archive/src/include/nvtx3/nvtxDetail/nvtxInit.h	36	dlopen	#define NVTX_DLLOPEN(x) dlopen(x, RTLD_LAZY)
progress/R11/tables/dlopen_source_token_hits.tsv:20445:llvm-22.1.8-19.1.src.rpm	11	11	expanded/002_mlgo_aarch_model.tar.gz/mlgo_sysroot/include/external/nccl_archive/src/include/nvtx3/nvtxDetail/nvtxInit.h	192	dlopen	            /* For dlopen, if the filename contains a leading slash, then it is interpreted as a */
progress/R11/tables/dlopen_source_token_hits.tsv:20446:llvm-22.1.8-19.1.src.rpm	11	11	expanded/002_mlgo_aarch_model.tar.gz/mlgo_sysroot/include/external/nccl_archive/src/include/nvtx3/nvtxExtDetail/nvtxExtInit.h	44	dlopen	#define NVTX_DLLOPEN(x) dlopen(x, RTLD_LAZY)
progress/R11/tables/dlopen_source_token_hits.tsv:20447:llvm-22.1.8-19.1.src.rpm	11	11	expanded/002_mlgo_aarch_model.tar.gz/mlgo_sysroot/include/external/nccl_archive/src/include/nvtx3/nvtxExtDetail/nvtxExtInit.h	207	dlopen	            /* For dlopen, if the filename contains a leading slash, then it is interpreted as a */
progress/R11/tables/dlopen_source_token_hits.tsv:20448:llvm-22.1.8-19.1.src.rpm	11	11	expanded/002_mlgo_aarch_model.tar.gz/mlgo_sysroot/include/external/onednn/src/common/ittnotify/ittnotify_config.h	299	dlopen	#define __itt_load_lib(name)      dlopen(name, RTLD_LAZY)
progress/R11/tables/dlopen_source_token_hits.tsv:20449:llvm-22.1.8-19.1.src.rpm	11	11	expanded/002_mlgo_aarch_model.tar.gz/mlgo_sysroot/include/external/onednn/src/common/ittnotify/ittnotify_config.h	364	dlopen	void* dlopen(const char*, int) __attribute__((weak));
progress/R11/tables/dlopen_source_token_hits.tsv:20450:llvm-22.1.8-19.1.src.rpm	11	11	expanded/002_mlgo_aarch_model.tar.gz/mlgo_sysroot/include/external/onednn/src/common/ittnotify/ittnotify_config.h	367	dlopen	#define DL_SYMBOLS (dlopen && dlsym && dlclose)
progress/R11/tables/dlopen_source_token_hits.tsv:20451:llvm-22.1.8-19.1.src.rpm	11	11	expanded/002_mlgo_aarch_model.tar.gz/mlgo_sysroot/include/external/onednn/src/cpu/x64/xbyak/xbyak_util.h	1013	dlopen	"\t\t\tdlopen(""dummy"", RTLD_LAZY); // force to load dlopen to enable jit profiling"
progress/R11/tables/dlopen_source_token_hits.tsv:20452:llvm-22.1.8-19.1.src.rpm	11	11	expanded/002_mlgo_aarch_model.tar.gz/mlgo_sysroot/include/external/pybind11/_virtual_includes/pybind11/pybind11/detail/internals.h	111	RTLD_LOCAL;dlopen	// Python loads modules by default with dlopen with the RTLD_LOCAL flag; under libc++ and possibly
progress/R11/tables/dlopen_source_token_hits.tsv:20453:llvm-22.1.8-19.1.src.rpm	11	11	expanded/002_mlgo_aarch_model.tar.gz/mlgo_sysroot/include/external/pybind11/include/pybind11/detail/internals.h	111	RTLD_LOCAL;dlopen	// Python loads modules by default with dlopen with the RTLD_LOCAL flag; under libc++ and possibly
progress/R11/tables/dlopen_source_token_hits.tsv:20454:llvm-22.1.8-19.1.src.rpm	11	11	expanded/002_mlgo_aarch_model.tar.gz/mlgo_sysroot/include/tensorflow/compiler/xla/pjrt/pjrt_api.h	33	dlopen	// GetPjrtApi()`. This method dlopen the plugin library, dlsym `GetPjrtApi`,
progress/R11/tables/dlopen_source_token_hits.tsv:20455:llvm-22.1.8-19.1.src.rpm	11	11	expanded/002_mlgo_aarch_model.tar.gz/mlgo_sysroot/include/tensorflow/compiler/xla/stream_executor/platform/default/dso_loader.h	16	dlopen	// Common DSO loading functionality: exposes callables that dlopen DSOs
progress/R11/tables/dlopen_source_token_hits.tsv:20456:llvm-22.1.8-19.1.src.rpm	11	11	expanded/002_mlgo_aarch_model.tar.gz/mlgo_sysroot/include/tensorflow/core/framework/type_index.h	65	RTLD_LOCAL	    // Use a hash based on the type name to avoid issues due to RTLD_LOCAL on
progress/R11/tables/dlopen_source_token_hits.tsv:20457:llvm-22.1.8-19.1.src.rpm	11	11	expanded/002_mlgo_aarch_model.tar.gz/mlgo_sysroot/include/tensorflow/core/platform/platform_strings.h	35	dlopen	// One might think that one could dlopen() the library, and call a routine that
progress/R11/tables/dlopen_source_token_hits.tsv:20458:llvm-22.1.8-19.1.src.rpm	11	11	expanded/002_mlgo_aarch_model.tar.gz/mlgo_sysroot/include/tensorflow/core/platform/platform_strings.h	37	dlopen	// because at dlopen() time, a library containing C++ will execute constructors
progress/R11/tables/dlopen_source_token_hits.tsv:20459:llvm-22.1.8-19.1.src.rpm	11	11	expanded/002_mlgo_aarch_model.tar.gz/mlgo_sysroot/include/tensorflow/core/platform/platform_strings.h	54	dlopen	// strings in the files, and then dlopen() only those libraries that have or
progress/R11/tables/dlopen_source_token_hits.tsv:20460:llvm-22.1.8-19.1.src.rpm	11	11	expanded/002_mlgo_aarch_model.tar.gz/mlgo_sysroot/include/tensorflow/tsl/platform/default/dso_loader.h	16	dlopen	// Common DSO loading functionality: exposes callables that dlopen DSOs
progress/R11/tables/dlopen_source_token_hits.tsv:20461:llvm-22.1.8-19.1.src.rpm	11	11	expanded/002_mlgo_aarch_model.tar.gz/mlgo_sysroot/include/tensorflow/tsl/platform/default/dso_loader.h	29	dlopen	// The following methods either load the DSO of interest and return a dlopen
progress/R11/tables/dlopen_source_token_hits.tsv:20462:llvm-22.1.8-19.1.src.rpm	11	11	expanded/002_mlgo_aarch_model.tar.gz/mlgo_sysroot/include/tensorflow/tsl/platform/default/dso_loader.h	54	dlopen	// The following method tries to dlopen all necessary GPU libraries for the GPU
progress/R11/tables/dlopen_source_token_hits.tsv:20463:llvm-22.1.8-19.1.src.rpm	11	11	expanded/002_mlgo_aarch_model.tar.gz/mlgo_sysroot/include/tensorflow/tsl/platform/default/dso_loader.h	60	dlopen	// The following method tries to dlopen all necessary TensorRT libraries when
progress/R11/tables/dlopen_source_token_hits.tsv:20464:llvm-22.1.8-19.1.src.rpm	11	11	expanded/002_mlgo_aarch_model.tar.gz/mlgo_sysroot/include/tensorflow/tsl/platform/default/dso_loader.h	66	dlopen	// Wrapper around the DsoLoader that prevents us from dlopen'ing any of the DSOs
progress/R11/tables/dlopen_source_token_hits.tsv:20465:llvm-22.1.8-19.1.src.rpm	11	11	expanded/002_mlgo_aarch_model.tar.gz/mlgo_sysroot/include/tensorflow/tsl/platform/status_to_from_proto.h	27	dlopen	// dlopen(/org_tensorflow/tensorflow/python/platform/_pywrap_tf2.so, 2):
progress/R11/tables/dlopen_source_token_hits.tsv:20466:llvm-22.1.8-19.1.src.rpm	11	11	expanded/002_mlgo_aarch_model.tar.gz/mlgo_sysroot/include/third_party/gpus/cuda/include/nvperf_common.h	204	dlopen	    /// ordered paths that will be searched with the LoadLibrary() or dlopen() call.
progress/R11/tables/dlopen_source_token_hits.tsv:20467:llvm-22.1.8-19.1.src.rpm	11	11	expanded/002_mlgo_aarch_model.tar.gz/mlgo_sysroot/include/third_party/gpus/cuda/include/nvperf_common.h	240	dlopen	    /// ordered paths that will be searched with the LoadLibrary() or dlopen() call.
progress/R11/tables/dlopen_source_token_hits.tsv:20468:llvm-22.1.8-19.1.src.rpm	11	11	expanded/002_mlgo_aarch_model.tar.gz/mlgo_sysroot/include/third_party/gpus/cuda/include/nvtx3/nvtxDetail/nvtxInit.h	67	dlopen	#define NVTX_DLLOPEN(x) dlopen(x, RTLD_LAZY)
progress/R11/tables/dlopen_source_token_hits.tsv:20469:llvm-22.1.8-19.1.src.rpm	11	11	expanded/002_mlgo_aarch_model.tar.gz/mlgo_sysroot/include/third_party/gpus/cuda/include/nvtx3/nvtxDetail/nvtxInit.h	223	dlopen	            /* For dlopen, if the filename contains a leading slash, then it is interpreted as a */
progress/R11/tables/dlopen_source_token_hits.tsv:20470:llvm-22.1.8-19.1.src.rpm	11	11	expanded/002_mlgo_aarch_model.tar.gz/mlgo_sysroot/include/tsl/platform/default/dso_loader.h	16	dlopen	// Common DSO loading functionality: exposes callables that dlopen DSOs
progress/R11/tables/dlopen_source_token_hits.tsv:20471:llvm-22.1.8-19.1.src.rpm	11	11	expanded/002_mlgo_aarch_model.tar.gz/mlgo_sysroot/include/tsl/platform/default/dso_loader.h	29	dlopen	// The following methods either load the DSO of interest and return a dlopen
progress/R11/tables/dlopen_source_token_hits.tsv:20472:llvm-22.1.8-19.1.src.rpm	11	11	expanded/002_mlgo_aarch_model.tar.gz/mlgo_sysroot/include/tsl/platform/default/dso_loader.h	54	dlopen	// The following method tries to dlopen all necessary GPU libraries for the GPU
progress/R11/tables/dlopen_source_token_hits.tsv:20473:llvm-22.1.8-19.1.src.rpm	11	11	expanded/002_mlgo_aarch_model.tar.gz/mlgo_sysroot/include/tsl/platform/default/dso_loader.h	60	dlopen	// The following method tries to dlopen all necessary TensorRT libraries when
progress/R11/tables/dlopen_source_token_hits.tsv:20474:llvm-22.1.8-19.1.src.rpm	11	11	expanded/002_mlgo_aarch_model.tar.gz/mlgo_sysroot/include/tsl/platform/default/dso_loader.h	66	dlopen	// Wrapper around the DsoLoader that prevents us from dlopen'ing any of the DSOs
progress/R11/tables/dlopen_source_token_hits.tsv:20475:llvm-22.1.8-19.1.src.rpm	11	11	expanded/002_mlgo_aarch_model.tar.gz/mlgo_sysroot/include/tsl/platform/status_to_from_proto.h	27	dlopen	// dlopen(/org_tensorflow/tensorflow/python/platform/_pywrap_tf2.so, 2):
progress/R11/tables/dlopen_source_token_hits.tsv:20476:llvm-22.1.8-19.1.src.rpm	11	11	expanded/002_mlgo_aarch_model.tar.gz/mlgo_sysroot/include/xla/pjrt/pjrt_api.h	33	dlopen	// GetPjrtApi()`. This method dlopen the plugin library, dlsym `GetPjrtApi`,
progress/R11/tables/dlopen_source_token_hits.tsv:20477:llvm-22.1.8-19.1.src.rpm	11	11	expanded/002_mlgo_aarch_model.tar.gz/mlgo_sysroot/include/xla/stream_executor/platform/default/dso_loader.h	16	dlopen	// Common DSO loading functionality: exposes callables that dlopen DSOs
progress/R11/tables/dlopen_source_token_hits.tsv:20478:llvm-22.1.8-19.1.src.rpm	11	11	expanded/003_mlgo_arm_model.tar.gz/mlgo_sysroot/include/external/local_config_python/python_include/pyconfig.h	231	RTLD_GLOBAL	/* Define to 1 if you have the declaration of `RTLD_GLOBAL', and to 0 if you
progress/R11/tables/dlopen_source_token_hits.tsv:20479:llvm-22.1.8-19.1.src.rpm	11	11	expanded/003_mlgo_arm_model.tar.gz/mlgo_sysroot/include/external/local_config_python/python_include/pyconfig.h	239	RTLD_LOCAL	/* Define to 1 if you have the declaration of `RTLD_LOCAL', and to 0 if you
progress/R11/tables/dlopen_source_token_hits.tsv:20480:llvm-22.1.8-19.1.src.rpm	11	11	expanded/003_mlgo_arm_model.tar.gz/mlgo_sysroot/include/external/local_config_python/python_include/pyconfig.h	288	dlopen	/* Define to 1 if you have the `dlopen' function. */
progress/R11/tables/dlopen_source_token_hits.tsv:20481:llvm-22.1.8-19.1.src.rpm	11	11	expanded/003_mlgo_arm_model.tar.gz/mlgo_sysroot/include/external/nccl_archive/_virtual_includes/include_hdrs/gdrwrap.h	57	dlopen	// dlopen() wrappers
progress/R11/tables/dlopen_source_token_hits.tsv:20482:llvm-22.1.8-19.1.src.rpm	11	11	expanded/003_mlgo_arm_model.tar.gz/mlgo_sysroot/include/external/nccl_archive/_virtual_includes/include_hdrs/nvtx3/nvtxDetail/nvtxInit.h	36	dlopen	#define NVTX_DLLOPEN(x) dlopen(x, RTLD_LAZY)
progress/R11/tables/dlopen_source_token_hits.tsv:20483:llvm-22.1.8-19.1.src.rpm	11	11	expanded/003_mlgo_arm_model.tar.gz/mlgo_sysroot/include/external/nccl_archive/_virtual_includes/include_hdrs/nvtx3/nvtxDetail/nvtxInit.h	192	dlopen	            /* For dlopen, if the filename contains a leading slash, then it is interpreted as a */
progress/R11/tables/dlopen_source_token_hits.tsv:20484:llvm-22.1.8-19.1.src.rpm	11	11	expanded/003_mlgo_arm_model.tar.gz/mlgo_sysroot/include/external/nccl_archive/_virtual_includes/include_hdrs/nvtx3/nvtxExtDetail/nvtxExtInit.h	44	dlopen	#define NVTX_DLLOPEN(x) dlopen(x, RTLD_LAZY)
progress/R11/tables/dlopen_source_token_hits.tsv:20485:llvm-22.1.8-19.1.src.rpm	11	11	expanded/003_mlgo_arm_model.tar.gz/mlgo_sysroot/include/external/nccl_archive/_virtual_includes/include_hdrs/nvtx3/nvtxExtDetail/nvtxExtInit.h	207	dlopen	            /* For dlopen, if the filename contains a leading slash, then it is interpreted as a */
progress/R11/tables/dlopen_source_token_hits.tsv:20486:llvm-22.1.8-19.1.src.rpm	11	11	expanded/003_mlgo_arm_model.tar.gz/mlgo_sysroot/include/external/nccl_archive/src/include/gdrwrap.h	57	dlopen	// dlopen() wrappers
progress/R11/tables/dlopen_source_token_hits.tsv:20487:llvm-22.1.8-19.1.src.rpm	11	11	expanded/003_mlgo_arm_model.tar.gz/mlgo_sysroot/include/external/nccl_archive/src/include/nvtx3/nvtxDetail/nvtxInit.h	36	dlopen	#define NVTX_DLLOPEN(x) dlopen(x, RTLD_LAZY)
progress/R11/tables/dlopen_source_token_hits.tsv:20488:llvm-22.1.8-19.1.src.rpm	11	11	expanded/003_mlgo_arm_model.tar.gz/mlgo_sysroot/include/external/nccl_archive/src/include/nvtx3/nvtxDetail/nvtxInit.h	192	dlopen	            /* For dlopen, if the filename contains a leading slash, then it is interpreted as a */
progress/R11/tables/dlopen_source_token_hits.tsv:20489:llvm-22.1.8-19.1.src.rpm	11	11	expanded/003_mlgo_arm_model.tar.gz/mlgo_sysroot/include/external/nccl_archive/src/include/nvtx3/nvtxExtDetail/nvtxExtInit.h	44	dlopen	#define NVTX_DLLOPEN(x) dlopen(x, RTLD_LAZY)
progress/R11/tables/dlopen_source_token_hits.tsv:20490:llvm-22.1.8-19.1.src.rpm	11	11	expanded/003_mlgo_arm_model.tar.gz/mlgo_sysroot/include/external/nccl_archive/src/include/nvtx3/nvtxExtDetail/nvtxExtInit.h	207	dlopen	            /* For dlopen, if the filename contains a leading slash, then it is interpreted as a */
progress/R11/tables/dlopen_source_token_hits.tsv:20491:llvm-22.1.8-19.1.src.rpm	11	11	expanded/003_mlgo_arm_model.tar.gz/mlgo_sysroot/include/external/onednn/src/common/ittnotify/ittnotify_config.h	299	dlopen	#define __itt_load_lib(name)      dlopen(name, RTLD_LAZY)
progress/R11/tables/dlopen_source_token_hits.tsv:20492:llvm-22.1.8-19.1.src.rpm	11	11	expanded/003_mlgo_arm_model.tar.gz/mlgo_sysroot/include/external/onednn/src/common/ittnotify/ittnotify_config.h	364	dlopen	void* dlopen(const char*, int) __attribute__((weak));
progress/R11/tables/dlopen_source_token_hits.tsv:20493:llvm-22.1.8-19.1.src.rpm	11	11	expanded/003_mlgo_arm_model.tar.gz/mlgo_sysroot/include/external/onednn/src/common/ittnotify/ittnotify_config.h	367	dlopen	#define DL_SYMBOLS (dlopen && dlsym && dlclose)
progress/R11/tables/dlopen_source_token_hits.tsv:20494:llvm-22.1.8-19.1.src.rpm	11	11	expanded/003_mlgo_arm_model.tar.gz/mlgo_sysroot/include/external/onednn/src/cpu/x64/xbyak/xbyak_util.h	1013	dlopen	"\t\t\tdlopen(""dummy"", RTLD_LAZY); // force to load dlopen to enable jit profiling"
progress/R11/tables/dlopen_source_token_hits.tsv:20495:llvm-22.1.8-19.1.src.rpm	11	11	expanded/003_mlgo_arm_model.tar.gz/mlgo_sysroot/include/external/pybind11/_virtual_includes/pybind11/pybind11/detail/internals.h	111	RTLD_LOCAL;dlopen	// Python loads modules by default with dlopen with the RTLD_LOCAL flag; under libc++ and possibly
progress/R11/tables/dlopen_source_token_hits.tsv:20496:llvm-22.1.8-19.1.src.rpm	11	11	expanded/003_mlgo_arm_model.tar.gz/mlgo_sysroot/include/external/pybind11/include/pybind11/detail/internals.h	111	RTLD_LOCAL;dlopen	// Python loads modules by default with dlopen with the RTLD_LOCAL flag; under libc++ and possibly
progress/R11/tables/dlopen_source_token_hits.tsv:20497:llvm-22.1.8-19.1.src.rpm	11	11	expanded/003_mlgo_arm_model.tar.gz/mlgo_sysroot/include/tensorflow/compiler/xla/pjrt/pjrt_api.h	33	dlopen	// GetPjrtApi()`. This method dlopen the plugin library, dlsym `GetPjrtApi`,
progress/R11/tables/dlopen_source_token_hits.tsv:20498:llvm-22.1.8-19.1.src.rpm	11	11	expanded/003_mlgo_arm_model.tar.gz/mlgo_sysroot/include/tensorflow/compiler/xla/stream_executor/platform/default/dso_loader.h	16	dlopen	// Common DSO loading functionality: exposes callables that dlopen DSOs
progress/R11/tables/dlopen_source_token_hits.tsv:20499:llvm-22.1.8-19.1.src.rpm	11	11	expanded/003_mlgo_arm_model.tar.gz/mlgo_sysroot/include/tensorflow/core/framework/type_index.h	65	RTLD_LOCAL	    // Use a hash based on the type name to avoid issues due to RTLD_LOCAL on
progress/R11/tables/dlopen_source_token_hits.tsv:20500:llvm-22.1.8-19.1.src.rpm	11	11	expanded/003_mlgo_arm_model.tar.gz/mlgo_sysroot/include/tensorflow/core/platform/platform_strings.h	35	dlopen	// One might think that one could dlopen() the library, and call a routine that
progress/R11/tables/dlopen_source_token_hits.tsv:20501:llvm-22.1.8-19.1.src.rpm	11	11	expanded/003_mlgo_arm_model.tar.gz/mlgo_sysroot/include/tensorflow/core/platform/platform_strings.h	37	dlopen	// because at dlopen() time, a library containing C++ will execute constructors
progress/R11/tables/dlopen_source_token_hits.tsv:20502:llvm-22.1.8-19.1.src.rpm	11	11	expanded/003_mlgo_arm_model.tar.gz/mlgo_sysroot/include/tensorflow/core/platform/platform_strings.h	54	dlopen	// strings in the files, and then dlopen() only those libraries that have or
progress/R11/tables/dlopen_source_token_hits.tsv:20503:llvm-22.1.8-19.1.src.rpm	11	11	expanded/003_mlgo_arm_model.tar.gz/mlgo_sysroot/include/tensorflow/tsl/platform/default/dso_loader.h	16	dlopen	// Common DSO loading functionality: exposes callables that dlopen DSOs
progress/R11/tables/dlopen_source_token_hits.tsv:20504:llvm-22.1.8-19.1.src.rpm	11	11	expanded/003_mlgo_arm_model.tar.gz/mlgo_sysroot/include/tensorflow/tsl/platform/default/dso_loader.h	29	dlopen	// The following methods either load the DSO of interest and return a dlopen
progress/R11/tables/dlopen_source_token_hits.tsv:20505:llvm-22.1.8-19.1.src.rpm	11	11	expanded/003_mlgo_arm_model.tar.gz/mlgo_sysroot/include/tensorflow/tsl/platform/default/dso_loader.h	54	dlopen	// The following method tries to dlopen all necessary GPU libraries for the GPU
progress/R11/tables/dlopen_source_token_hits.tsv:20506:llvm-22.1.8-19.1.src.rpm	11	11	expanded/003_mlgo_arm_model.tar.gz/mlgo_sysroot/include/tensorflow/tsl/platform/default/dso_loader.h	60	dlopen	// The following method tries to dlopen all necessary TensorRT libraries when
progress/R11/tables/dlopen_source_token_hits.tsv:20507:llvm-22.1.8-19.1.src.rpm	11	11	expanded/003_mlgo_arm_model.tar.gz/mlgo_sysroot/include/tensorflow/tsl/platform/default/dso_loader.h	66	dlopen	// Wrapper around the DsoLoader that prevents us from dlopen'ing any of the DSOs
progress/R11/tables/dlopen_source_token_hits.tsv:20508:llvm-22.1.8-19.1.src.rpm	11	11	expanded/003_mlgo_arm_model.tar.gz/mlgo_sysroot/include/tensorflow/tsl/platform/status_to_from_proto.h	27	dlopen	// dlopen(/org_tensorflow/tensorflow/python/platform/_pywrap_tf2.so, 2):
progress/R11/tables/dlopen_source_token_hits.tsv:20509:llvm-22.1.8-19.1.src.rpm	11	11	expanded/003_mlgo_arm_model.tar.gz/mlgo_sysroot/include/third_party/gpus/cuda/include/nvperf_common.h	204	dlopen	    /// ordered paths that will be searched with the LoadLibrary() or dlopen() call.
progress/R11/tables/dlopen_source_token_hits.tsv:20510:llvm-22.1.8-19.1.src.rpm	11	11	expanded/003_mlgo_arm_model.tar.gz/mlgo_sysroot/include/third_party/gpus/cuda/include/nvperf_common.h	240	dlopen	    /// ordered paths that will be searched with the LoadLibrary() or dlopen() call.
progress/R11/tables/dlopen_source_token_hits.tsv:20511:llvm-22.1.8-19.1.src.rpm	11	11	expanded/003_mlgo_arm_model.tar.gz/mlgo_sysroot/include/third_party/gpus/cuda/include/nvtx3/nvtxDetail/nvtxInit.h	67	dlopen	#define NVTX_DLLOPEN(x) dlopen(x, RTLD_LAZY)
progress/R11/tables/dlopen_source_token_hits.tsv:20512:llvm-22.1.8-19.1.src.rpm	11	11	expanded/003_mlgo_arm_model.tar.gz/mlgo_sysroot/include/third_party/gpus/cuda/include/nvtx3/nvtxDetail/nvtxInit.h	223	dlopen	            /* For dlopen, if the filename contains a leading slash, then it is interpreted as a */
progress/R11/tables/dlopen_source_token_hits.tsv:20513:llvm-22.1.8-19.1.src.rpm	11	11	expanded/003_mlgo_arm_model.tar.gz/mlgo_sysroot/include/tsl/platform/default/dso_loader.h	16	dlopen	// Common DSO loading functionality: exposes callables that dlopen DSOs
progress/R11/tables/dlopen_source_token_hits.tsv:20514:llvm-22.1.8-19.1.src.rpm	11	11	expanded/003_mlgo_arm_model.tar.gz/mlgo_sysroot/include/tsl/platform/default/dso_loader.h	29	dlopen	// The following methods either load the DSO of interest and return a dlopen
progress/R11/tables/dlopen_source_token_hits.tsv:20515:llvm-22.1.8-19.1.src.rpm	11	11	expanded/003_mlgo_arm_model.tar.gz/mlgo_sysroot/include/tsl/platform/default/dso_loader.h	54	dlopen	// The following method tries to dlopen all necessary GPU libraries for the GPU
progress/R11/tables/dlopen_source_token_hits.tsv:20516:llvm-22.1.8-19.1.src.rpm	11	11	expanded/003_mlgo_arm_model.tar.gz/mlgo_sysroot/include/tsl/platform/default/dso_loader.h	60	dlopen	// The following method tries to dlopen all necessary TensorRT libraries when
progress/R11/tables/dlopen_source_token_hits.tsv:20517:llvm-22.1.8-19.1.src.rpm	11	11	expanded/003_mlgo_arm_model.tar.gz/mlgo_sysroot/include/tsl/platform/default/dso_loader.h	66	dlopen	// Wrapper around the DsoLoader that prevents us from dlopen'ing any of the DSOs
progress/R11/tables/dlopen_source_token_hits.tsv:20518:llvm-22.1.8-19.1.src.rpm	11	11	expanded/003_mlgo_arm_model.tar.gz/mlgo_sysroot/include/tsl/platform/status_to_from_proto.h	27	dlopen	// dlopen(/org_tensorflow/tensorflow/python/platform/_pywrap_tf2.so, 2):
progress/R11/tables/dlopen_source_token_hits.tsv:20519:llvm-22.1.8-19.1.src.rpm	11	11	expanded/003_mlgo_arm_model.tar.gz/mlgo_sysroot/include/xla/pjrt/pjrt_api.h	33	dlopen	// GetPjrtApi()`. This method dlopen the plugin library, dlsym `GetPjrtApi`,
progress/R11/tables/dlopen_source_token_hits.tsv:20520:llvm-22.1.8-19.1.src.rpm	11	11	expanded/003_mlgo_arm_model.tar.gz/mlgo_sysroot/include/xla/stream_executor/platform/default/dso_loader.h	16	dlopen	// Common DSO loading functionality: exposes callables that dlopen DSOs
progress/R11/tables/dlopen_source_token_hits.tsv:20521:llvm-22.1.8-19.1.src.rpm	11	11	expanded/004_mlgo_x86_model.tar.gz/mlgo_sysroot/include/external/local_config_python/python_include/pyconfig.h	231	RTLD_GLOBAL	/* Define to 1 if you have the declaration of `RTLD_GLOBAL', and to 0 if you
progress/R11/tables/dlopen_source_token_hits.tsv:20522:llvm-22.1.8-19.1.src.rpm	11	11	expanded/004_mlgo_x86_model.tar.gz/mlgo_sysroot/include/external/local_config_python/python_include/pyconfig.h	239	RTLD_LOCAL	/* Define to 1 if you have the declaration of `RTLD_LOCAL', and to 0 if you
progress/R11/tables/dlopen_source_token_hits.tsv:20523:llvm-22.1.8-19.1.src.rpm	11	11	expanded/004_mlgo_x86_model.tar.gz/mlgo_sysroot/include/external/local_config_python/python_include/pyconfig.h	288	dlopen	/* Define to 1 if you have the `dlopen' function. */
progress/R11/tables/dlopen_source_token_hits.tsv:20524:llvm-22.1.8-19.1.src.rpm	11	11	expanded/004_mlgo_x86_model.tar.gz/mlgo_sysroot/include/external/nccl_archive/_virtual_includes/include_hdrs/gdrwrap.h	57	dlopen	// dlopen() wrappers
progress/R11/tables/dlopen_source_token_hits.tsv:20525:llvm-22.1.8-19.1.src.rpm	11	11	expanded/004_mlgo_x86_model.tar.gz/mlgo_sysroot/include/external/nccl_archive/_virtual_includes/include_hdrs/nvtx3/nvtxDetail/nvtxInit.h	36	dlopen	#define NVTX_DLLOPEN(x) dlopen(x, RTLD_LAZY)
progress/R11/tables/dlopen_source_token_hits.tsv:20526:llvm-22.1.8-19.1.src.rpm	11	11	expanded/004_mlgo_x86_model.tar.gz/mlgo_sysroot/include/external/nccl_archive/_virtual_includes/include_hdrs/nvtx3/nvtxDetail/nvtxInit.h	192	dlopen	            /* For dlopen, if the filename contains a leading slash, then it is interpreted as a */
progress/R11/tables/dlopen_source_token_hits.tsv:20527:llvm-22.1.8-19.1.src.rpm	11	11	expanded/004_mlgo_x86_model.tar.gz/mlgo_sysroot/include/external/nccl_archive/_virtual_includes/include_hdrs/nvtx3/nvtxExtDetail/nvtxExtInit.h	44	dlopen	#define NVTX_DLLOPEN(x) dlopen(x, RTLD_LAZY)
progress/R11/tables/dlopen_source_token_hits.tsv:20528:llvm-22.1.8-19.1.src.rpm	11	11	expanded/004_mlgo_x86_model.tar.gz/mlgo_sysroot/include/external/nccl_archive/_virtual_includes/include_hdrs/nvtx3/nvtxExtDetail/nvtxExtInit.h	207	dlopen	            /* For dlopen, if the filename contains a leading slash, then it is interpreted as a */
progress/R11/tables/dlopen_source_token_hits.tsv:20529:llvm-22.1.8-19.1.src.rpm	11	11	expanded/004_mlgo_x86_model.tar.gz/mlgo_sysroot/include/external/nccl_archive/src/include/gdrwrap.h	57	dlopen	// dlopen() wrappers
progress/R11/tables/dlopen_source_token_hits.tsv:20530:llvm-22.1.8-19.1.src.rpm	11	11	expanded/004_mlgo_x86_model.tar.gz/mlgo_sysroot/include/external/nccl_archive/src/include/nvtx3/nvtxDetail/nvtxInit.h	36	dlopen	#define NVTX_DLLOPEN(x) dlopen(x, RTLD_LAZY)
progress/R11/tables/dlopen_source_token_hits.tsv:20531:llvm-22.1.8-19.1.src.rpm	11	11	expanded/004_mlgo_x86_model.tar.gz/mlgo_sysroot/include/external/nccl_archive/src/include/nvtx3/nvtxDetail/nvtxInit.h	192	dlopen	            /* For dlopen, if the filename contains a leading slash, then it is interpreted as a */
progress/R11/tables/dlopen_source_token_hits.tsv:20532:llvm-22.1.8-19.1.src.rpm	11	11	expanded/004_mlgo_x86_model.tar.gz/mlgo_sysroot/include/external/nccl_archive/src/include/nvtx3/nvtxExtDetail/nvtxExtInit.h	44	dlopen	#define NVTX_DLLOPEN(x) dlopen(x, RTLD_LAZY)
progress/R11/tables/dlopen_source_token_hits.tsv:20533:llvm-22.1.8-19.1.src.rpm	11	11	expanded/004_mlgo_x86_model.tar.gz/mlgo_sysroot/include/external/nccl_archive/src/include/nvtx3/nvtxExtDetail/nvtxExtInit.h	207	dlopen	            /* For dlopen, if the filename contains a leading slash, then it is interpreted as a */
progress/R11/tables/dlopen_source_token_hits.tsv:20534:llvm-22.1.8-19.1.src.rpm	11	11	expanded/004_mlgo_x86_model.tar.gz/mlgo_sysroot/include/external/onednn/src/common/ittnotify/ittnotify_config.h	299	dlopen	#define __itt_load_lib(name)      dlopen(name, RTLD_LAZY)
progress/R11/tables/dlopen_source_token_hits.tsv:20535:llvm-22.1.8-19.1.src.rpm	11	11	expanded/004_mlgo_x86_model.tar.gz/mlgo_sysroot/include/external/onednn/src/common/ittnotify/ittnotify_config.h	364	dlopen	void* dlopen(const char*, int) __attribute__((weak));
progress/R11/tables/dlopen_source_token_hits.tsv:20536:llvm-22.1.8-19.1.src.rpm	11	11	expanded/004_mlgo_x86_model.tar.gz/mlgo_sysroot/include/external/onednn/src/common/ittnotify/ittnotify_config.h	367	dlopen	#define DL_SYMBOLS (dlopen && dlsym && dlclose)
progress/R11/tables/dlopen_source_token_hits.tsv:20537:llvm-22.1.8-19.1.src.rpm	11	11	expanded/004_mlgo_x86_model.tar.gz/mlgo_sysroot/include/external/onednn/src/cpu/x64/xbyak/xbyak_util.h	1013	dlopen	"\t\t\tdlopen(""dummy"", RTLD_LAZY); // force to load dlopen to enable jit profiling"
progress/R11/tables/dlopen_source_token_hits.tsv:20538:llvm-22.1.8-19.1.src.rpm	11	11	expanded/004_mlgo_x86_model.tar.gz/mlgo_sysroot/include/external/pybind11/_virtual_includes/pybind11/pybind11/detail/internals.h	111	RTLD_LOCAL;dlopen	// Python loads modules by default with dlopen with the RTLD_LOCAL flag; under libc++ and possibly
progress/R11/tables/dlopen_source_token_hits.tsv:20539:llvm-22.1.8-19.1.src.rpm	11	11	expanded/004_mlgo_x86_model.tar.gz/mlgo_sysroot/include/external/pybind11/include/pybind11/detail/internals.h	111	RTLD_LOCAL;dlopen	// Python loads modules by default with dlopen with the RTLD_LOCAL flag; under libc++ and possibly
progress/R11/tables/dlopen_source_token_hits.tsv:20540:llvm-22.1.8-19.1.src.rpm	11	11	expanded/004_mlgo_x86_model.tar.gz/mlgo_sysroot/include/tensorflow/compiler/xla/pjrt/pjrt_api.h	33	dlopen	// GetPjrtApi()`. This method dlopen the plugin library, dlsym `GetPjrtApi`,
progress/R11/tables/dlopen_source_token_hits.tsv:20541:llvm-22.1.8-19.1.src.rpm	11	11	expanded/004_mlgo_x86_model.tar.gz/mlgo_sysroot/include/tensorflow/compiler/xla/stream_executor/platform/default/dso_loader.h	16	dlopen	// Common DSO loading functionality: exposes callables that dlopen DSOs
progress/R11/tables/dlopen_source_token_hits.tsv:20542:llvm-22.1.8-19.1.src.rpm	11	11	expanded/004_mlgo_x86_model.tar.gz/mlgo_sysroot/include/tensorflow/core/framework/type_index.h	65	RTLD_LOCAL	    // Use a hash based on the type name to avoid issues due to RTLD_LOCAL on
progress/R11/tables/dlopen_source_token_hits.tsv:20543:llvm-22.1.8-19.1.src.rpm	11	11	expanded/004_mlgo_x86_model.tar.gz/mlgo_sysroot/include/tensorflow/core/platform/platform_strings.h	35	dlopen	// One might think that one could dlopen() the library, and call a routine that
progress/R11/tables/dlopen_source_token_hits.tsv:20544:llvm-22.1.8-19.1.src.rpm	11	11	expanded/004_mlgo_x86_model.tar.gz/mlgo_sysroot/include/tensorflow/core/platform/platform_strings.h	37	dlopen	// because at dlopen() time, a library containing C++ will execute constructors
progress/R11/tables/dlopen_source_token_hits.tsv:20545:llvm-22.1.8-19.1.src.rpm	11	11	expanded/004_mlgo_x86_model.tar.gz/mlgo_sysroot/include/tensorflow/core/platform/platform_strings.h	54	dlopen	// strings in the files, and then dlopen() only those libraries that have or
progress/R11/tables/dlopen_source_token_hits.tsv:20546:llvm-22.1.8-19.1.src.rpm	11	11	expanded/004_mlgo_x86_model.tar.gz/mlgo_sysroot/include/tensorflow/tsl/platform/default/dso_loader.h	16	dlopen	// Common DSO loading functionality: exposes callables that dlopen DSOs
progress/R11/tables/dlopen_source_token_hits.tsv:20547:llvm-22.1.8-19.1.src.rpm	11	11	expanded/004_mlgo_x86_model.tar.gz/mlgo_sysroot/include/tensorflow/tsl/platform/default/dso_loader.h	29	dlopen	// The following methods either load the DSO of interest and return a dlopen
progress/R11/tables/dlopen_source_token_hits.tsv:20548:llvm-22.1.8-19.1.src.rpm	11	11	expanded/004_mlgo_x86_model.tar.gz/mlgo_sysroot/include/tensorflow/tsl/platform/default/dso_loader.h	54	dlopen	// The following method tries to dlopen all necessary GPU libraries for the GPU
progress/R11/tables/dlopen_source_token_hits.tsv:20549:llvm-22.1.8-19.1.src.rpm	11	11	expanded/004_mlgo_x86_model.tar.gz/mlgo_sysroot/include/tensorflow/tsl/platform/default/dso_loader.h	60	dlopen	// The following method tries to dlopen all necessary TensorRT libraries when
progress/R11/tables/dlopen_source_token_hits.tsv:20550:llvm-22.1.8-19.1.src.rpm	11	11	expanded/004_mlgo_x86_model.tar.gz/mlgo_sysroot/include/tensorflow/tsl/platform/default/dso_loader.h	66	dlopen	// Wrapper around the DsoLoader that prevents us from dlopen'ing any of the DSOs
progress/R11/tables/dlopen_source_token_hits.tsv:20551:llvm-22.1.8-19.1.src.rpm	11	11	expanded/004_mlgo_x86_model.tar.gz/mlgo_sysroot/include/tensorflow/tsl/platform/status_to_from_proto.h	27	dlopen	// dlopen(/org_tensorflow/tensorflow/python/platform/_pywrap_tf2.so, 2):
progress/R11/tables/dlopen_source_token_hits.tsv:20552:llvm-22.1.8-19.1.src.rpm	11	11	expanded/004_mlgo_x86_model.tar.gz/mlgo_sysroot/include/third_party/gpus/cuda/include/nvperf_common.h	204	dlopen	    /// ordered paths that will be searched with the LoadLibrary() or dlopen() call.
progress/R11/tables/dlopen_source_token_hits.tsv:20553:llvm-22.1.8-19.1.src.rpm	11	11	expanded/004_mlgo_x86_model.tar.gz/mlgo_sysroot/include/third_party/gpus/cuda/include/nvperf_common.h	240	dlopen	    /// ordered paths that will be searched with the LoadLibrary() or dlopen() call.
progress/R11/tables/dlopen_source_token_hits.tsv:20554:llvm-22.1.8-19.1.src.rpm	11	11	expanded/004_mlgo_x86_model.tar.gz/mlgo_sysroot/include/third_party/gpus/cuda/include/nvtx3/nvtxDetail/nvtxInit.h	67	dlopen	#define NVTX_DLLOPEN(x) dlopen(x, RTLD_LAZY)
progress/R11/tables/dlopen_source_token_hits.tsv:20555:llvm-22.1.8-19.1.src.rpm	11	11	expanded/004_mlgo_x86_model.tar.gz/mlgo_sysroot/include/third_party/gpus/cuda/include/nvtx3/nvtxDetail/nvtxInit.h	223	dlopen	            /* For dlopen, if the filename contains a leading slash, then it is interpreted as a */
progress/R11/tables/dlopen_source_token_hits.tsv:20556:llvm-22.1.8-19.1.src.rpm	11	11	expanded/004_mlgo_x86_model.tar.gz/mlgo_sysroot/include/tsl/platform/default/dso_loader.h	16	dlopen	// Common DSO loading functionality: exposes callables that dlopen DSOs
progress/R11/tables/dlopen_source_token_hits.tsv:20557:llvm-22.1.8-19.1.src.rpm	11	11	expanded/004_mlgo_x86_model.tar.gz/mlgo_sysroot/include/tsl/platform/default/dso_loader.h	29	dlopen	// The following methods either load the DSO of interest and return a dlopen
progress/R11/tables/dlopen_source_token_hits.tsv:20558:llvm-22.1.8-19.1.src.rpm	11	11	expanded/004_mlgo_x86_model.tar.gz/mlgo_sysroot/include/tsl/platform/default/dso_loader.h	54	dlopen	// The following method tries to dlopen all necessary GPU libraries for the GPU
progress/R11/tables/dlopen_source_token_hits.tsv:20559:llvm-22.1.8-19.1.src.rpm	11	11	expanded/004_mlgo_x86_model.tar.gz/mlgo_sysroot/include/tsl/platform/default/dso_loader.h	60	dlopen	// The following method tries to dlopen all necessary TensorRT libraries when
progress/R11/tables/dlopen_source_token_hits.tsv:20560:llvm-22.1.8-19.1.src.rpm	11	11	expanded/004_mlgo_x86_model.tar.gz/mlgo_sysroot/include/tsl/platform/default/dso_loader.h	66	dlopen	// Wrapper around the DsoLoader that prevents us from dlopen'ing any of the DSOs
progress/R11/tables/dlopen_source_token_hits.tsv:20561:llvm-22.1.8-19.1.src.rpm	11	11	expanded/004_mlgo_x86_model.tar.gz/mlgo_sysroot/include/tsl/platform/status_to_from_proto.h	27	dlopen	// dlopen(/org_tensorflow/tensorflow/python/platform/_pywrap_tf2.so, 2):
progress/R11/tables/dlopen_source_token_hits.tsv:20562:llvm-22.1.8-19.1.src.rpm	11	11	expanded/004_mlgo_x86_model.tar.gz/mlgo_sysroot/include/xla/pjrt/pjrt_api.h	33	dlopen	// GetPjrtApi()`. This method dlopen the plugin library, dlsym `GetPjrtApi`,
progress/R11/tables/dlopen_source_token_hits.tsv:20563:llvm-22.1.8-19.1.src.rpm	11	11	expanded/004_mlgo_x86_model.tar.gz/mlgo_sysroot/include/xla/stream_executor/platform/default/dso_loader.h	16	dlopen	// Common DSO loading functionality: exposes callables that dlopen DSOs
progress/R11/tables/dlopen_source_call_scope_approximation.tsv:18713:llvm-22.1.8-19.1.src.rpm	11	11	expanded/002_mlgo_aarch_model.tar.gz/mlgo_sysroot/include/external/local_config_python/python_include/pyconfig.h	288	NO_LITERAL_SCOPE_WITHIN_PLUS_MINUS_10_LINES	/* Define to 1 if you have the `dlopen' function. */
progress/R11/tables/dlopen_source_call_scope_approximation.tsv:18714:llvm-22.1.8-19.1.src.rpm	11	11	expanded/002_mlgo_aarch_model.tar.gz/mlgo_sysroot/include/external/nccl_archive/_virtual_includes/include_hdrs/gdrwrap.h	57	NO_LITERAL_SCOPE_WITHIN_PLUS_MINUS_10_LINES	// dlopen() wrappers
progress/R11/tables/dlopen_source_call_scope_approximation.tsv:18715:llvm-22.1.8-19.1.src.rpm	11	11	expanded/002_mlgo_aarch_model.tar.gz/mlgo_sysroot/include/external/nccl_archive/_virtual_includes/include_hdrs/nvtx3/nvtxDetail/nvtxInit.h	36	NO_LITERAL_SCOPE_WITHIN_PLUS_MINUS_10_LINES	#define NVTX_DLLOPEN(x) dlopen(x, RTLD_LAZY)
progress/R11/tables/dlopen_source_call_scope_approximation.tsv:18716:llvm-22.1.8-19.1.src.rpm	11	11	expanded/002_mlgo_aarch_model.tar.gz/mlgo_sysroot/include/external/nccl_archive/_virtual_includes/include_hdrs/nvtx3/nvtxDetail/nvtxInit.h	192	NO_LITERAL_SCOPE_WITHIN_PLUS_MINUS_10_LINES	            /* For dlopen, if the filename contains a leading slash, then it is interpreted as a */
progress/R11/tables/dlopen_source_call_scope_approximation.tsv:18717:llvm-22.1.8-19.1.src.rpm	11	11	expanded/002_mlgo_aarch_model.tar.gz/mlgo_sysroot/include/external/nccl_archive/_virtual_includes/include_hdrs/nvtx3/nvtxExtDetail/nvtxExtInit.h	44	NO_LITERAL_SCOPE_WITHIN_PLUS_MINUS_10_LINES	#define NVTX_DLLOPEN(x) dlopen(x, RTLD_LAZY)
progress/R11/tables/dlopen_source_call_scope_approximation.tsv:18718:llvm-22.1.8-19.1.src.rpm	11	11	expanded/002_mlgo_aarch_model.tar.gz/mlgo_sysroot/include/external/nccl_archive/_virtual_includes/include_hdrs/nvtx3/nvtxExtDetail/nvtxExtInit.h	207	NO_LITERAL_SCOPE_WITHIN_PLUS_MINUS_10_LINES	            /* For dlopen, if the filename contains a leading slash, then it is interpreted as a */
progress/R11/tables/dlopen_source_call_scope_approximation.tsv:18719:llvm-22.1.8-19.1.src.rpm	11	11	expanded/002_mlgo_aarch_model.tar.gz/mlgo_sysroot/include/external/nccl_archive/src/include/gdrwrap.h	57	NO_LITERAL_SCOPE_WITHIN_PLUS_MINUS_10_LINES	// dlopen() wrappers
progress/R11/tables/dlopen_source_call_scope_approximation.tsv:18720:llvm-22.1.8-19.1.src.rpm	11	11	expanded/002_mlgo_aarch_model.tar.gz/mlgo_sysroot/include/external/nccl_archive/src/include/nvtx3/nvtxDetail/nvtxInit.h	36	NO_LITERAL_SCOPE_WITHIN_PLUS_MINUS_10_LINES	#define NVTX_DLLOPEN(x) dlopen(x, RTLD_LAZY)
progress/R11/tables/dlopen_source_call_scope_approximation.tsv:18721:llvm-22.1.8-19.1.src.rpm	11	11	expanded/002_mlgo_aarch_model.tar.gz/mlgo_sysroot/include/external/nccl_archive/src/include/nvtx3/nvtxDetail/nvtxInit.h	192	NO_LITERAL_SCOPE_WITHIN_PLUS_MINUS_10_LINES	            /* For dlopen, if the filename contains a leading slash, then it is interpreted as a */
progress/R11/tables/dlopen_source_call_scope_approximation.tsv:18722:llvm-22.1.8-19.1.src.rpm	11	11	expanded/002_mlgo_aarch_model.tar.gz/mlgo_sysroot/include/external/nccl_archive/src/include/nvtx3/nvtxExtDetail/nvtxExtInit.h	44	NO_LITERAL_SCOPE_WITHIN_PLUS_MINUS_10_LINES	#define NVTX_DLLOPEN(x) dlopen(x, RTLD_LAZY)
progress/R11/tables/dlopen_source_call_scope_approximation.tsv:18723:llvm-22.1.8-19.1.src.rpm	11	11	expanded/002_mlgo_aarch_model.tar.gz/mlgo_sysroot/include/external/nccl_archive/src/include/nvtx3/nvtxExtDetail/nvtxExtInit.h	207	NO_LITERAL_SCOPE_WITHIN_PLUS_MINUS_10_LINES	            /* For dlopen, if the filename contains a leading slash, then it is interpreted as a */
progress/R11/tables/dlopen_source_call_scope_approximation.tsv:18724:llvm-22.1.8-19.1.src.rpm	11	11	expanded/002_mlgo_aarch_model.tar.gz/mlgo_sysroot/include/external/onednn/src/common/ittnotify/ittnotify_config.h	299	NO_LITERAL_SCOPE_WITHIN_PLUS_MINUS_10_LINES	#define __itt_load_lib(name)      dlopen(name, RTLD_LAZY)
progress/R11/tables/dlopen_source_call_scope_approximation.tsv:18725:llvm-22.1.8-19.1.src.rpm	11	11	expanded/002_mlgo_aarch_model.tar.gz/mlgo_sysroot/include/external/onednn/src/common/ittnotify/ittnotify_config.h	364	NO_LITERAL_SCOPE_WITHIN_PLUS_MINUS_10_LINES	void* dlopen(const char*, int) __attribute__((weak));
progress/R11/tables/dlopen_source_call_scope_approximation.tsv:18726:llvm-22.1.8-19.1.src.rpm	11	11	expanded/002_mlgo_aarch_model.tar.gz/mlgo_sysroot/include/external/onednn/src/common/ittnotify/ittnotify_config.h	367	NO_LITERAL_SCOPE_WITHIN_PLUS_MINUS_10_LINES	#define DL_SYMBOLS (dlopen && dlsym && dlclose)
progress/R11/tables/dlopen_source_call_scope_approximation.tsv:18727:llvm-22.1.8-19.1.src.rpm	11	11	expanded/002_mlgo_aarch_model.tar.gz/mlgo_sysroot/include/external/onednn/src/cpu/x64/xbyak/xbyak_util.h	1013	NO_LITERAL_SCOPE_WITHIN_PLUS_MINUS_10_LINES	"\t\t\tdlopen(""dummy"", RTLD_LAZY); // force to load dlopen to enable jit profiling"
progress/R11/tables/dlopen_source_call_scope_approximation.tsv:18728:llvm-22.1.8-19.1.src.rpm	11	11	expanded/002_mlgo_aarch_model.tar.gz/mlgo_sysroot/include/external/pybind11/_virtual_includes/pybind11/pybind11/detail/internals.h	111	RTLD_LOCAL_LITERAL_WITHIN_PLUS_MINUS_10_LINES	// Python loads modules by default with dlopen with the RTLD_LOCAL flag; under libc++ and possibly
progress/R11/tables/dlopen_source_call_scope_approximation.tsv:18729:llvm-22.1.8-19.1.src.rpm	11	11	expanded/002_mlgo_aarch_model.tar.gz/mlgo_sysroot/include/external/pybind11/include/pybind11/detail/internals.h	111	RTLD_LOCAL_LITERAL_WITHIN_PLUS_MINUS_10_LINES	// Python loads modules by default with dlopen with the RTLD_LOCAL flag; under libc++ and possibly
progress/R11/tables/dlopen_source_call_scope_approximation.tsv:18730:llvm-22.1.8-19.1.src.rpm	11	11	expanded/002_mlgo_aarch_model.tar.gz/mlgo_sysroot/include/tensorflow/compiler/xla/pjrt/pjrt_api.h	33	NO_LITERAL_SCOPE_WITHIN_PLUS_MINUS_10_LINES	// GetPjrtApi()`. This method dlopen the plugin library, dlsym `GetPjrtApi`,
progress/R11/tables/dlopen_source_call_scope_approximation.tsv:18731:llvm-22.1.8-19.1.src.rpm	11	11	expanded/002_mlgo_aarch_model.tar.gz/mlgo_sysroot/include/tensorflow/compiler/xla/stream_executor/platform/default/dso_loader.h	16	NO_LITERAL_SCOPE_WITHIN_PLUS_MINUS_10_LINES	// Common DSO loading functionality: exposes callables that dlopen DSOs
progress/R11/tables/dlopen_source_call_scope_approximation.tsv:18732:llvm-22.1.8-19.1.src.rpm	11	11	expanded/002_mlgo_aarch_model.tar.gz/mlgo_sysroot/include/tensorflow/core/platform/platform_strings.h	35	NO_LITERAL_SCOPE_WITHIN_PLUS_MINUS_10_LINES	// One might think that one could dlopen() the library, and call a routine that
progress/R11/tables/dlopen_source_call_scope_approximation.tsv:18733:llvm-22.1.8-19.1.src.rpm	11	11	expanded/002_mlgo_aarch_model.tar.gz/mlgo_sysroot/include/tensorflow/core/platform/platform_strings.h	37	NO_LITERAL_SCOPE_WITHIN_PLUS_MINUS_10_LINES	// because at dlopen() time, a library containing C++ will execute constructors
progress/R11/tables/dlopen_source_call_scope_approximation.tsv:18734:llvm-22.1.8-19.1.src.rpm	11	11	expanded/002_mlgo_aarch_model.tar.gz/mlgo_sysroot/include/tensorflow/core/platform/platform_strings.h	54	NO_LITERAL_SCOPE_WITHIN_PLUS_MINUS_10_LINES	// strings in the files, and then dlopen() only those libraries that have or
progress/R11/tables/dlopen_source_call_scope_approximation.tsv:18735:llvm-22.1.8-19.1.src.rpm	11	11	expanded/002_mlgo_aarch_model.tar.gz/mlgo_sysroot/include/tensorflow/tsl/platform/default/dso_loader.h	16	NO_LITERAL_SCOPE_WITHIN_PLUS_MINUS_10_LINES	// Common DSO loading functionality: exposes callables that dlopen DSOs
progress/R11/tables/dlopen_source_call_scope_approximation.tsv:18736:llvm-22.1.8-19.1.src.rpm	11	11	expanded/002_mlgo_aarch_model.tar.gz/mlgo_sysroot/include/tensorflow/tsl/platform/default/dso_loader.h	29	NO_LITERAL_SCOPE_WITHIN_PLUS_MINUS_10_LINES	// The following methods either load the DSO of interest and return a dlopen
progress/R11/tables/dlopen_source_call_scope_approximation.tsv:18737:llvm-22.1.8-19.1.src.rpm	11	11	expanded/002_mlgo_aarch_model.tar.gz/mlgo_sysroot/include/tensorflow/tsl/platform/default/dso_loader.h	54	NO_LITERAL_SCOPE_WITHIN_PLUS_MINUS_10_LINES	// The following method tries to dlopen all necessary GPU libraries for the GPU
progress/R11/tables/dlopen_source_call_scope_approximation.tsv:18738:llvm-22.1.8-19.1.src.rpm	11	11	expanded/002_mlgo_aarch_model.tar.gz/mlgo_sysroot/include/tensorflow/tsl/platform/default/dso_loader.h	60	NO_LITERAL_SCOPE_WITHIN_PLUS_MINUS_10_LINES	// The following method tries to dlopen all necessary TensorRT libraries when
progress/R11/tables/dlopen_source_call_scope_approximation.tsv:18739:llvm-22.1.8-19.1.src.rpm	11	11	expanded/002_mlgo_aarch_model.tar.gz/mlgo_sysroot/include/tensorflow/tsl/platform/default/dso_loader.h	66	NO_LITERAL_SCOPE_WITHIN_PLUS_MINUS_10_LINES	// Wrapper around the DsoLoader that prevents us from dlopen'ing any of the DSOs
progress/R11/tables/dlopen_source_call_scope_approximation.tsv:18740:llvm-22.1.8-19.1.src.rpm	11	11	expanded/002_mlgo_aarch_model.tar.gz/mlgo_sysroot/include/tensorflow/tsl/platform/status_to_from_proto.h	27	NO_LITERAL_SCOPE_WITHIN_PLUS_MINUS_10_LINES	// dlopen(/org_tensorflow/tensorflow/python/platform/_pywrap_tf2.so, 2):
progress/R11/tables/dlopen_source_call_scope_approximation.tsv:18741:llvm-22.1.8-19.1.src.rpm	11	11	expanded/002_mlgo_aarch_model.tar.gz/mlgo_sysroot/include/third_party/gpus/cuda/include/nvperf_common.h	204	NO_LITERAL_SCOPE_WITHIN_PLUS_MINUS_10_LINES	    /// ordered paths that will be searched with the LoadLibrary() or dlopen() call.
progress/R11/tables/dlopen_source_call_scope_approximation.tsv:18742:llvm-22.1.8-19.1.src.rpm	11	11	expanded/002_mlgo_aarch_model.tar.gz/mlgo_sysroot/include/third_party/gpus/cuda/include/nvperf_common.h	240	NO_LITERAL_SCOPE_WITHIN_PLUS_MINUS_10_LINES	    /// ordered paths that will be searched with the LoadLibrary() or dlopen() call.
progress/R11/tables/dlopen_source_call_scope_approximation.tsv:18743:llvm-22.1.8-19.1.src.rpm	11	11	expanded/002_mlgo_aarch_model.tar.gz/mlgo_sysroot/include/third_party/gpus/cuda/include/nvtx3/nvtxDetail/nvtxInit.h	67	NO_LITERAL_SCOPE_WITHIN_PLUS_MINUS_10_LINES	#define NVTX_DLLOPEN(x) dlopen(x, RTLD_LAZY)
progress/R11/tables/dlopen_source_call_scope_approximation.tsv:18744:llvm-22.1.8-19.1.src.rpm	11	11	expanded/002_mlgo_aarch_model.tar.gz/mlgo_sysroot/include/third_party/gpus/cuda/include/nvtx3/nvtxDetail/nvtxInit.h	223	NO_LITERAL_SCOPE_WITHIN_PLUS_MINUS_10_LINES	            /* For dlopen, if the filename contains a leading slash, then it is interpreted as a */
progress/R11/tables/dlopen_source_call_scope_approximation.tsv:18745:llvm-22.1.8-19.1.src.rpm	11	11	expanded/002_mlgo_aarch_model.tar.gz/mlgo_sysroot/include/tsl/platform/default/dso_loader.h	16	NO_LITERAL_SCOPE_WITHIN_PLUS_MINUS_10_LINES	// Common DSO loading functionality: exposes callables that dlopen DSOs
progress/R11/tables/dlopen_source_call_scope_approximation.tsv:18746:llvm-22.1.8-19.1.src.rpm	11	11	expanded/002_mlgo_aarch_model.tar.gz/mlgo_sysroot/include/tsl/platform/default/dso_loader.h	29	NO_LITERAL_SCOPE_WITHIN_PLUS_MINUS_10_LINES	// The following methods either load the DSO of interest and return a dlopen
progress/R11/tables/dlopen_source_call_scope_approximation.tsv:18747:llvm-22.1.8-19.1.src.rpm	11	11	expanded/002_mlgo_aarch_model.tar.gz/mlgo_sysroot/include/tsl/platform/default/dso_loader.h	54	NO_LITERAL_SCOPE_WITHIN_PLUS_MINUS_10_LINES	// The following method tries to dlopen all necessary GPU libraries for the GPU
progress/R11/tables/dlopen_source_call_scope_approximation.tsv:18748:llvm-22.1.8-19.1.src.rpm	11	11	expanded/002_mlgo_aarch_model.tar.gz/mlgo_sysroot/include/tsl/platform/default/dso_loader.h	60	NO_LITERAL_SCOPE_WITHIN_PLUS_MINUS_10_LINES	// The following method tries to dlopen all necessary TensorRT libraries when
progress/R11/tables/dlopen_source_call_scope_approximation.tsv:18749:llvm-22.1.8-19.1.src.rpm	11	11	expanded/002_mlgo_aarch_model.tar.gz/mlgo_sysroot/include/tsl/platform/default/dso_loader.h	66	NO_LITERAL_SCOPE_WITHIN_PLUS_MINUS_10_LINES	// Wrapper around the DsoLoader that prevents us from dlopen'ing any of the DSOs
progress/R11/tables/dlopen_source_call_scope_approximation.tsv:18750:llvm-22.1.8-19.1.src.rpm	11	11	expanded/002_mlgo_aarch_model.tar.gz/mlgo_sysroot/include/tsl/platform/status_to_from_proto.h	27	NO_LITERAL_SCOPE_WITHIN_PLUS_MINUS_10_LINES	// dlopen(/org_tensorflow/tensorflow/python/platform/_pywrap_tf2.so, 2):
progress/R11/tables/dlopen_source_call_scope_approximation.tsv:18751:llvm-22.1.8-19.1.src.rpm	11	11	expanded/002_mlgo_aarch_model.tar.gz/mlgo_sysroot/include/xla/pjrt/pjrt_api.h	33	NO_LITERAL_SCOPE_WITHIN_PLUS_MINUS_10_LINES	// GetPjrtApi()`. This method dlopen the plugin library, dlsym `GetPjrtApi`,
progress/R11/tables/dlopen_source_call_scope_approximation.tsv:18752:llvm-22.1.8-19.1.src.rpm	11	11	expanded/002_mlgo_aarch_model.tar.gz/mlgo_sysroot/include/xla/stream_executor/platform/default/dso_loader.h	16	NO_LITERAL_SCOPE_WITHIN_PLUS_MINUS_10_LINES	// Common DSO loading functionality: exposes callables that dlopen DSOs
progress/R11/tables/dlopen_source_call_scope_approximation.tsv:18753:llvm-22.1.8-19.1.src.rpm	11	11	expanded/003_mlgo_arm_model.tar.gz/mlgo_sysroot/include/external/local_config_python/python_include/pyconfig.h	288	NO_LITERAL_SCOPE_WITHIN_PLUS_MINUS_10_LINES	/* Define to 1 if you have the `dlopen' function. */
progress/R11/tables/dlopen_source_call_scope_approximation.tsv:18754:llvm-22.1.8-19.1.src.rpm	11	11	expanded/003_mlgo_arm_model.tar.gz/mlgo_sysroot/include/external/nccl_archive/_virtual_includes/include_hdrs/gdrwrap.h	57	NO_LITERAL_SCOPE_WITHIN_PLUS_MINUS_10_LINES	// dlopen() wrappers
progress/R11/tables/dlopen_source_call_scope_approximation.tsv:18755:llvm-22.1.8-19.1.src.rpm	11	11	expanded/003_mlgo_arm_model.tar.gz/mlgo_sysroot/include/external/nccl_archive/_virtual_includes/include_hdrs/nvtx3/nvtxDetail/nvtxInit.h	36	NO_LITERAL_SCOPE_WITHIN_PLUS_MINUS_10_LINES	#define NVTX_DLLOPEN(x) dlopen(x, RTLD_LAZY)
progress/R11/tables/dlopen_source_call_scope_approximation.tsv:18756:llvm-22.1.8-19.1.src.rpm	11	11	expanded/003_mlgo_arm_model.tar.gz/mlgo_sysroot/include/external/nccl_archive/_virtual_includes/include_hdrs/nvtx3/nvtxDetail/nvtxInit.h	192	NO_LITERAL_SCOPE_WITHIN_PLUS_MINUS_10_LINES	            /* For dlopen, if the filename contains a leading slash, then it is interpreted as a */
progress/R11/tables/dlopen_source_call_scope_approximation.tsv:18757:llvm-22.1.8-19.1.src.rpm	11	11	expanded/003_mlgo_arm_model.tar.gz/mlgo_sysroot/include/external/nccl_archive/_virtual_includes/include_hdrs/nvtx3/nvtxExtDetail/nvtxExtInit.h	44	NO_LITERAL_SCOPE_WITHIN_PLUS_MINUS_10_LINES	#define NVTX_DLLOPEN(x) dlopen(x, RTLD_LAZY)
progress/R11/tables/dlopen_source_call_scope_approximation.tsv:18758:llvm-22.1.8-19.1.src.rpm	11	11	expanded/003_mlgo_arm_model.tar.gz/mlgo_sysroot/include/external/nccl_archive/_virtual_includes/include_hdrs/nvtx3/nvtxExtDetail/nvtxExtInit.h	207	NO_LITERAL_SCOPE_WITHIN_PLUS_MINUS_10_LINES	            /* For dlopen, if the filename contains a leading slash, then it is interpreted as a */
progress/R11/tables/dlopen_source_call_scope_approximation.tsv:18759:llvm-22.1.8-19.1.src.rpm	11	11	expanded/003_mlgo_arm_model.tar.gz/mlgo_sysroot/include/external/nccl_archive/src/include/gdrwrap.h	57	NO_LITERAL_SCOPE_WITHIN_PLUS_MINUS_10_LINES	// dlopen() wrappers
progress/R11/tables/dlopen_source_call_scope_approximation.tsv:18760:llvm-22.1.8-19.1.src.rpm	11	11	expanded/003_mlgo_arm_model.tar.gz/mlgo_sysroot/include/external/nccl_archive/src/include/nvtx3/nvtxDetail/nvtxInit.h	36	NO_LITERAL_SCOPE_WITHIN_PLUS_MINUS_10_LINES	#define NVTX_DLLOPEN(x) dlopen(x, RTLD_LAZY)
progress/R11/tables/dlopen_source_call_scope_approximation.tsv:18761:llvm-22.1.8-19.1.src.rpm	11	11	expanded/003_mlgo_arm_model.tar.gz/mlgo_sysroot/include/external/nccl_archive/src/include/nvtx3/nvtxDetail/nvtxInit.h	192	NO_LITERAL_SCOPE_WITHIN_PLUS_MINUS_10_LINES	            /* For dlopen, if the filename contains a leading slash, then it is interpreted as a */
progress/R11/tables/dlopen_source_call_scope_approximation.tsv:18762:llvm-22.1.8-19.1.src.rpm	11	11	expanded/003_mlgo_arm_model.tar.gz/mlgo_sysroot/include/external/nccl_archive/src/include/nvtx3/nvtxExtDetail/nvtxExtInit.h	44	NO_LITERAL_SCOPE_WITHIN_PLUS_MINUS_10_LINES	#define NVTX_DLLOPEN(x) dlopen(x, RTLD_LAZY)
progress/R11/tables/dlopen_source_call_scope_approximation.tsv:18763:llvm-22.1.8-19.1.src.rpm	11	11	expanded/003_mlgo_arm_model.tar.gz/mlgo_sysroot/include/external/nccl_archive/src/include/nvtx3/nvtxExtDetail/nvtxExtInit.h	207	NO_LITERAL_SCOPE_WITHIN_PLUS_MINUS_10_LINES	            /* For dlopen, if the filename contains a leading slash, then it is interpreted as a */
progress/R11/tables/dlopen_source_call_scope_approximation.tsv:18764:llvm-22.1.8-19.1.src.rpm	11	11	expanded/003_mlgo_arm_model.tar.gz/mlgo_sysroot/include/external/onednn/src/common/ittnotify/ittnotify_config.h	299	NO_LITERAL_SCOPE_WITHIN_PLUS_MINUS_10_LINES	#define __itt_load_lib(name)      dlopen(name, RTLD_LAZY)
progress/R11/tables/dlopen_source_call_scope_approximation.tsv:18765:llvm-22.1.8-19.1.src.rpm	11	11	expanded/003_mlgo_arm_model.tar.gz/mlgo_sysroot/include/external/onednn/src/common/ittnotify/ittnotify_config.h	364	NO_LITERAL_SCOPE_WITHIN_PLUS_MINUS_10_LINES	void* dlopen(const char*, int) __attribute__((weak));
progress/R11/tables/dlopen_source_call_scope_approximation.tsv:18766:llvm-22.1.8-19.1.src.rpm	11	11	expanded/003_mlgo_arm_model.tar.gz/mlgo_sysroot/include/external/onednn/src/common/ittnotify/ittnotify_config.h	367	NO_LITERAL_SCOPE_WITHIN_PLUS_MINUS_10_LINES	#define DL_SYMBOLS (dlopen && dlsym && dlclose)
progress/R11/tables/dlopen_source_call_scope_approximation.tsv:18767:llvm-22.1.8-19.1.src.rpm	11	11	expanded/003_mlgo_arm_model.tar.gz/mlgo_sysroot/include/external/onednn/src/cpu/x64/xbyak/xbyak_util.h	1013	NO_LITERAL_SCOPE_WITHIN_PLUS_MINUS_10_LINES	"\t\t\tdlopen(""dummy"", RTLD_LAZY); // force to load dlopen to enable jit profiling"
progress/R11/tables/dlopen_source_call_scope_approximation.tsv:18768:llvm-22.1.8-19.1.src.rpm	11	11	expanded/003_mlgo_arm_model.tar.gz/mlgo_sysroot/include/external/pybind11/_virtual_includes/pybind11/pybind11/detail/internals.h	111	RTLD_LOCAL_LITERAL_WITHIN_PLUS_MINUS_10_LINES	// Python loads modules by default with dlopen with the RTLD_LOCAL flag; under libc++ and possibly
progress/R11/tables/dlopen_source_call_scope_approximation.tsv:18769:llvm-22.1.8-19.1.src.rpm	11	11	expanded/003_mlgo_arm_model.tar.gz/mlgo_sysroot/include/external/pybind11/include/pybind11/detail/internals.h	111	RTLD_LOCAL_LITERAL_WITHIN_PLUS_MINUS_10_LINES	// Python loads modules by default with dlopen with the RTLD_LOCAL flag; under libc++ and possibly
progress/R11/tables/dlopen_source_call_scope_approximation.tsv:18770:llvm-22.1.8-19.1.src.rpm	11	11	expanded/003_mlgo_arm_model.tar.gz/mlgo_sysroot/include/tensorflow/compiler/xla/pjrt/pjrt_api.h	33	NO_LITERAL_SCOPE_WITHIN_PLUS_MINUS_10_LINES	// GetPjrtApi()`. This method dlopen the plugin library, dlsym `GetPjrtApi`,
progress/R11/tables/dlopen_source_call_scope_approximation.tsv:18771:llvm-22.1.8-19.1.src.rpm	11	11	expanded/003_mlgo_arm_model.tar.gz/mlgo_sysroot/include/tensorflow/compiler/xla/stream_executor/platform/default/dso_loader.h	16	NO_LITERAL_SCOPE_WITHIN_PLUS_MINUS_10_LINES	// Common DSO loading functionality: exposes callables that dlopen DSOs
progress/R11/tables/dlopen_source_call_scope_approximation.tsv:18772:llvm-22.1.8-19.1.src.rpm	11	11	expanded/003_mlgo_arm_model.tar.gz/mlgo_sysroot/include/tensorflow/core/platform/platform_strings.h	35	NO_LITERAL_SCOPE_WITHIN_PLUS_MINUS_10_LINES	// One might think that one could dlopen() the library, and call a routine that
progress/R11/tables/dlopen_source_call_scope_approximation.tsv:18773:llvm-22.1.8-19.1.src.rpm	11	11	expanded/003_mlgo_arm_model.tar.gz/mlgo_sysroot/include/tensorflow/core/platform/platform_strings.h	37	NO_LITERAL_SCOPE_WITHIN_PLUS_MINUS_10_LINES	// because at dlopen() time, a library containing C++ will execute constructors
progress/R11/tables/dlopen_source_call_scope_approximation.tsv:18774:llvm-22.1.8-19.1.src.rpm	11	11	expanded/003_mlgo_arm_model.tar.gz/mlgo_sysroot/include/tensorflow/core/platform/platform_strings.h	54	NO_LITERAL_SCOPE_WITHIN_PLUS_MINUS_10_LINES	// strings in the files, and then dlopen() only those libraries that have or
progress/R11/tables/dlopen_source_call_scope_approximation.tsv:18775:llvm-22.1.8-19.1.src.rpm	11	11	expanded/003_mlgo_arm_model.tar.gz/mlgo_sysroot/include/tensorflow/tsl/platform/default/dso_loader.h	16	NO_LITERAL_SCOPE_WITHIN_PLUS_MINUS_10_LINES	// Common DSO loading functionality: exposes callables that dlopen DSOs
progress/R11/tables/dlopen_source_call_scope_approximation.tsv:18776:llvm-22.1.8-19.1.src.rpm	11	11	expanded/003_mlgo_arm_model.tar.gz/mlgo_sysroot/include/tensorflow/tsl/platform/default/dso_loader.h	29	NO_LITERAL_SCOPE_WITHIN_PLUS_MINUS_10_LINES	// The following methods either load the DSO of interest and return a dlopen
progress/R11/tables/dlopen_source_call_scope_approximation.tsv:18777:llvm-22.1.8-19.1.src.rpm	11	11	expanded/003_mlgo_arm_model.tar.gz/mlgo_sysroot/include/tensorflow/tsl/platform/default/dso_loader.h	54	NO_LITERAL_SCOPE_WITHIN_PLUS_MINUS_10_LINES	// The following method tries to dlopen all necessary GPU libraries for the GPU
progress/R11/tables/dlopen_source_call_scope_approximation.tsv:18778:llvm-22.1.8-19.1.src.rpm	11	11	expanded/003_mlgo_arm_model.tar.gz/mlgo_sysroot/include/tensorflow/tsl/platform/default/dso_loader.h	60	NO_LITERAL_SCOPE_WITHIN_PLUS_MINUS_10_LINES	// The following method tries to dlopen all necessary TensorRT libraries when
progress/R11/tables/dlopen_source_call_scope_approximation.tsv:18779:llvm-22.1.8-19.1.src.rpm	11	11	expanded/003_mlgo_arm_model.tar.gz/mlgo_sysroot/include/tensorflow/tsl/platform/default/dso_loader.h	66	NO_LITERAL_SCOPE_WITHIN_PLUS_MINUS_10_LINES	// Wrapper around the DsoLoader that prevents us from dlopen'ing any of the DSOs
progress/R11/tables/dlopen_source_call_scope_approximation.tsv:18780:llvm-22.1.8-19.1.src.rpm	11	11	expanded/003_mlgo_arm_model.tar.gz/mlgo_sysroot/include/tensorflow/tsl/platform/status_to_from_proto.h	27	NO_LITERAL_SCOPE_WITHIN_PLUS_MINUS_10_LINES	// dlopen(/org_tensorflow/tensorflow/python/platform/_pywrap_tf2.so, 2):
progress/R11/tables/dlopen_source_call_scope_approximation.tsv:18781:llvm-22.1.8-19.1.src.rpm	11	11	expanded/003_mlgo_arm_model.tar.gz/mlgo_sysroot/include/third_party/gpus/cuda/include/nvperf_common.h	204	NO_LITERAL_SCOPE_WITHIN_PLUS_MINUS_10_LINES	    /// ordered paths that will be searched with the LoadLibrary() or dlopen() call.
progress/R11/tables/dlopen_source_call_scope_approximation.tsv:18782:llvm-22.1.8-19.1.src.rpm	11	11	expanded/003_mlgo_arm_model.tar.gz/mlgo_sysroot/include/third_party/gpus/cuda/include/nvperf_common.h	240	NO_LITERAL_SCOPE_WITHIN_PLUS_MINUS_10_LINES	    /// ordered paths that will be searched with the LoadLibrary() or dlopen() call.
progress/R11/tables/dlopen_source_call_scope_approximation.tsv:18783:llvm-22.1.8-19.1.src.rpm	11	11	expanded/003_mlgo_arm_model.tar.gz/mlgo_sysroot/include/third_party/gpus/cuda/include/nvtx3/nvtxDetail/nvtxInit.h	67	NO_LITERAL_SCOPE_WITHIN_PLUS_MINUS_10_LINES	#define NVTX_DLLOPEN(x) dlopen(x, RTLD_LAZY)
progress/R11/tables/dlopen_source_call_scope_approximation.tsv:18784:llvm-22.1.8-19.1.src.rpm	11	11	expanded/003_mlgo_arm_model.tar.gz/mlgo_sysroot/include/third_party/gpus/cuda/include/nvtx3/nvtxDetail/nvtxInit.h	223	NO_LITERAL_SCOPE_WITHIN_PLUS_MINUS_10_LINES	            /* For dlopen, if the filename contains a leading slash, then it is interpreted as a */
progress/R11/tables/dlopen_source_call_scope_approximation.tsv:18785:llvm-22.1.8-19.1.src.rpm	11	11	expanded/003_mlgo_arm_model.tar.gz/mlgo_sysroot/include/tsl/platform/default/dso_loader.h	16	NO_LITERAL_SCOPE_WITHIN_PLUS_MINUS_10_LINES	// Common DSO loading functionality: exposes callables that dlopen DSOs
progress/R11/tables/dlopen_source_call_scope_approximation.tsv:18786:llvm-22.1.8-19.1.src.rpm	11	11	expanded/003_mlgo_arm_model.tar.gz/mlgo_sysroot/include/tsl/platform/default/dso_loader.h	29	NO_LITERAL_SCOPE_WITHIN_PLUS_MINUS_10_LINES	// The following methods either load the DSO of interest and return a dlopen
progress/R11/tables/dlopen_source_call_scope_approximation.tsv:18787:llvm-22.1.8-19.1.src.rpm	11	11	expanded/003_mlgo_arm_model.tar.gz/mlgo_sysroot/include/tsl/platform/default/dso_loader.h	54	NO_LITERAL_SCOPE_WITHIN_PLUS_MINUS_10_LINES	// The following method tries to dlopen all necessary GPU libraries for the GPU
progress/R11/tables/dlopen_source_call_scope_approximation.tsv:18788:llvm-22.1.8-19.1.src.rpm	11	11	expanded/003_mlgo_arm_model.tar.gz/mlgo_sysroot/include/tsl/platform/default/dso_loader.h	60	NO_LITERAL_SCOPE_WITHIN_PLUS_MINUS_10_LINES	// The following method tries to dlopen all necessary TensorRT libraries when
progress/R11/tables/dlopen_source_call_scope_approximation.tsv:18789:llvm-22.1.8-19.1.src.rpm	11	11	expanded/003_mlgo_arm_model.tar.gz/mlgo_sysroot/include/tsl/platform/default/dso_loader.h	66	NO_LITERAL_SCOPE_WITHIN_PLUS_MINUS_10_LINES	// Wrapper around the DsoLoader that prevents us from dlopen'ing any of the DSOs
progress/R11/tables/dlopen_source_call_scope_approximation.tsv:18790:llvm-22.1.8-19.1.src.rpm	11	11	expanded/003_mlgo_arm_model.tar.gz/mlgo_sysroot/include/tsl/platform/status_to_from_proto.h	27	NO_LITERAL_SCOPE_WITHIN_PLUS_MINUS_10_LINES	// dlopen(/org_tensorflow/tensorflow/python/platform/_pywrap_tf2.so, 2):
progress/R11/tables/dlopen_source_call_scope_approximation.tsv:18791:llvm-22.1.8-19.1.src.rpm	11	11	expanded/003_mlgo_arm_model.tar.gz/mlgo_sysroot/include/xla/pjrt/pjrt_api.h	33	NO_LITERAL_SCOPE_WITHIN_PLUS_MINUS_10_LINES	// GetPjrtApi()`. This method dlopen the plugin library, dlsym `GetPjrtApi`,
progress/R11/tables/dlopen_source_call_scope_approximation.tsv:18792:llvm-22.1.8-19.1.src.rpm	11	11	expanded/003_mlgo_arm_model.tar.gz/mlgo_sysroot/include/xla/stream_executor/platform/default/dso_loader.h	16	NO_LITERAL_SCOPE_WITHIN_PLUS_MINUS_10_LINES	// Common DSO loading functionality: exposes callables that dlopen DSOs
progress/R11/tables/dlopen_source_call_scope_approximation.tsv:18793:llvm-22.1.8-19.1.src.rpm	11	11	expanded/004_mlgo_x86_model.tar.gz/mlgo_sysroot/include/external/local_config_python/python_include/pyconfig.h	288	NO_LITERAL_SCOPE_WITHIN_PLUS_MINUS_10_LINES	/* Define to 1 if you have the `dlopen' function. */
progress/R11/tables/dlopen_source_call_scope_approximation.tsv:18794:llvm-22.1.8-19.1.src.rpm	11	11	expanded/004_mlgo_x86_model.tar.gz/mlgo_sysroot/include/external/nccl_archive/_virtual_includes/include_hdrs/gdrwrap.h	57	NO_LITERAL_SCOPE_WITHIN_PLUS_MINUS_10_LINES	// dlopen() wrappers
progress/R11/tables/dlopen_source_call_scope_approximation.tsv:18795:llvm-22.1.8-19.1.src.rpm	11	11	expanded/004_mlgo_x86_model.tar.gz/mlgo_sysroot/include/external/nccl_archive/_virtual_includes/include_hdrs/nvtx3/nvtxDetail/nvtxInit.h	36	NO_LITERAL_SCOPE_WITHIN_PLUS_MINUS_10_LINES	#define NVTX_DLLOPEN(x) dlopen(x, RTLD_LAZY)
progress/R11/tables/dlopen_source_call_scope_approximation.tsv:18796:llvm-22.1.8-19.1.src.rpm	11	11	expanded/004_mlgo_x86_model.tar.gz/mlgo_sysroot/include/external/nccl_archive/_virtual_includes/include_hdrs/nvtx3/nvtxDetail/nvtxInit.h	192	NO_LITERAL_SCOPE_WITHIN_PLUS_MINUS_10_LINES	            /* For dlopen, if the filename contains a leading slash, then it is interpreted as a */
progress/R11/tables/dlopen_source_call_scope_approximation.tsv:18797:llvm-22.1.8-19.1.src.rpm	11	11	expanded/004_mlgo_x86_model.tar.gz/mlgo_sysroot/include/external/nccl_archive/_virtual_includes/include_hdrs/nvtx3/nvtxExtDetail/nvtxExtInit.h	44	NO_LITERAL_SCOPE_WITHIN_PLUS_MINUS_10_LINES	#define NVTX_DLLOPEN(x) dlopen(x, RTLD_LAZY)
progress/R11/tables/dlopen_source_call_scope_approximation.tsv:18798:llvm-22.1.8-19.1.src.rpm	11	11	expanded/004_mlgo_x86_model.tar.gz/mlgo_sysroot/include/external/nccl_archive/_virtual_includes/include_hdrs/nvtx3/nvtxExtDetail/nvtxExtInit.h	207	NO_LITERAL_SCOPE_WITHIN_PLUS_MINUS_10_LINES	            /* For dlopen, if the filename contains a leading slash, then it is interpreted as a */
progress/R11/tables/dlopen_source_call_scope_approximation.tsv:18799:llvm-22.1.8-19.1.src.rpm	11	11	expanded/004_mlgo_x86_model.tar.gz/mlgo_sysroot/include/external/nccl_archive/src/include/gdrwrap.h	57	NO_LITERAL_SCOPE_WITHIN_PLUS_MINUS_10_LINES	// dlopen() wrappers
progress/R11/tables/dlopen_source_call_scope_approximation.tsv:18800:llvm-22.1.8-19.1.src.rpm	11	11	expanded/004_mlgo_x86_model.tar.gz/mlgo_sysroot/include/external/nccl_archive/src/include/nvtx3/nvtxDetail/nvtxInit.h	36	NO_LITERAL_SCOPE_WITHIN_PLUS_MINUS_10_LINES	#define NVTX_DLLOPEN(x) dlopen(x, RTLD_LAZY)
progress/R11/tables/dlopen_source_call_scope_approximation.tsv:18801:llvm-22.1.8-19.1.src.rpm	11	11	expanded/004_mlgo_x86_model.tar.gz/mlgo_sysroot/include/external/nccl_archive/src/include/nvtx3/nvtxDetail/nvtxInit.h	192	NO_LITERAL_SCOPE_WITHIN_PLUS_MINUS_10_LINES	            /* For dlopen, if the filename contains a leading slash, then it is interpreted as a */
progress/R11/tables/dlopen_source_call_scope_approximation.tsv:18802:llvm-22.1.8-19.1.src.rpm	11	11	expanded/004_mlgo_x86_model.tar.gz/mlgo_sysroot/include/external/nccl_archive/src/include/nvtx3/nvtxExtDetail/nvtxExtInit.h	44	NO_LITERAL_SCOPE_WITHIN_PLUS_MINUS_10_LINES	#define NVTX_DLLOPEN(x) dlopen(x, RTLD_LAZY)
progress/R11/tables/dlopen_source_call_scope_approximation.tsv:18803:llvm-22.1.8-19.1.src.rpm	11	11	expanded/004_mlgo_x86_model.tar.gz/mlgo_sysroot/include/external/nccl_archive/src/include/nvtx3/nvtxExtDetail/nvtxExtInit.h	207	NO_LITERAL_SCOPE_WITHIN_PLUS_MINUS_10_LINES	            /* For dlopen, if the filename contains a leading slash, then it is interpreted as a */
progress/R11/tables/dlopen_source_call_scope_approximation.tsv:18804:llvm-22.1.8-19.1.src.rpm	11	11	expanded/004_mlgo_x86_model.tar.gz/mlgo_sysroot/include/external/onednn/src/common/ittnotify/ittnotify_config.h	299	NO_LITERAL_SCOPE_WITHIN_PLUS_MINUS_10_LINES	#define __itt_load_lib(name)      dlopen(name, RTLD_LAZY)
progress/R11/tables/dlopen_source_call_scope_approximation.tsv:18805:llvm-22.1.8-19.1.src.rpm	11	11	expanded/004_mlgo_x86_model.tar.gz/mlgo_sysroot/include/external/onednn/src/common/ittnotify/ittnotify_config.h	364	NO_LITERAL_SCOPE_WITHIN_PLUS_MINUS_10_LINES	void* dlopen(const char*, int) __attribute__((weak));
progress/R11/tables/dlopen_source_call_scope_approximation.tsv:18806:llvm-22.1.8-19.1.src.rpm	11	11	expanded/004_mlgo_x86_model.tar.gz/mlgo_sysroot/include/external/onednn/src/common/ittnotify/ittnotify_config.h	367	NO_LITERAL_SCOPE_WITHIN_PLUS_MINUS_10_LINES	#define DL_SYMBOLS (dlopen && dlsym && dlclose)
progress/R11/tables/dlopen_source_call_scope_approximation.tsv:18807:llvm-22.1.8-19.1.src.rpm	11	11	expanded/004_mlgo_x86_model.tar.gz/mlgo_sysroot/include/external/onednn/src/cpu/x64/xbyak/xbyak_util.h	1013	NO_LITERAL_SCOPE_WITHIN_PLUS_MINUS_10_LINES	"\t\t\tdlopen(""dummy"", RTLD_LAZY); // force to load dlopen to enable jit profiling"
progress/R11/tables/dlopen_source_call_scope_approximation.tsv:18808:llvm-22.1.8-19.1.src.rpm	11	11	expanded/004_mlgo_x86_model.tar.gz/mlgo_sysroot/include/external/pybind11/_virtual_includes/pybind11/pybind11/detail/internals.h	111	RTLD_LOCAL_LITERAL_WITHIN_PLUS_MINUS_10_LINES	// Python loads modules by default with dlopen with the RTLD_LOCAL flag; under libc++ and possibly
progress/R11/tables/dlopen_source_call_scope_approximation.tsv:18809:llvm-22.1.8-19.1.src.rpm	11	11	expanded/004_mlgo_x86_model.tar.gz/mlgo_sysroot/include/external/pybind11/include/pybind11/detail/internals.h	111	RTLD_LOCAL_LITERAL_WITHIN_PLUS_MINUS_10_LINES	// Python loads modules by default with dlopen with the RTLD_LOCAL flag; under libc++ and possibly
progress/R11/tables/dlopen_source_call_scope_approximation.tsv:18810:llvm-22.1.8-19.1.src.rpm	11	11	expanded/004_mlgo_x86_model.tar.gz/mlgo_sysroot/include/tensorflow/compiler/xla/pjrt/pjrt_api.h	33	NO_LITERAL_SCOPE_WITHIN_PLUS_MINUS_10_LINES	// GetPjrtApi()`. This method dlopen the plugin library, dlsym `GetPjrtApi`,
progress/R11/tables/dlopen_source_call_scope_approximation.tsv:18811:llvm-22.1.8-19.1.src.rpm	11	11	expanded/004_mlgo_x86_model.tar.gz/mlgo_sysroot/include/tensorflow/compiler/xla/stream_executor/platform/default/dso_loader.h	16	NO_LITERAL_SCOPE_WITHIN_PLUS_MINUS_10_LINES	// Common DSO loading functionality: exposes callables that dlopen DSOs
progress/R11/tables/dlopen_source_call_scope_approximation.tsv:18812:llvm-22.1.8-19.1.src.rpm	11	11	expanded/004_mlgo_x86_model.tar.gz/mlgo_sysroot/include/tensorflow/core/platform/platform_strings.h	35	NO_LITERAL_SCOPE_WITHIN_PLUS_MINUS_10_LINES	// One might think that one could dlopen() the library, and call a routine that
progress/R11/tables/dlopen_source_call_scope_approximation.tsv:18813:llvm-22.1.8-19.1.src.rpm	11	11	expanded/004_mlgo_x86_model.tar.gz/mlgo_sysroot/include/tensorflow/core/platform/platform_strings.h	37	NO_LITERAL_SCOPE_WITHIN_PLUS_MINUS_10_LINES	// because at dlopen() time, a library containing C++ will execute constructors
progress/R11/tables/dlopen_source_call_scope_approximation.tsv:18814:llvm-22.1.8-19.1.src.rpm	11	11	expanded/004_mlgo_x86_model.tar.gz/mlgo_sysroot/include/tensorflow/core/platform/platform_strings.h	54	NO_LITERAL_SCOPE_WITHIN_PLUS_MINUS_10_LINES	// strings in the files, and then dlopen() only those libraries that have or
progress/R11/tables/dlopen_source_call_scope_approximation.tsv:18815:llvm-22.1.8-19.1.src.rpm	11	11	expanded/004_mlgo_x86_model.tar.gz/mlgo_sysroot/include/tensorflow/tsl/platform/default/dso_loader.h	16	NO_LITERAL_SCOPE_WITHIN_PLUS_MINUS_10_LINES	// Common DSO loading functionality: exposes callables that dlopen DSOs
progress/R11/tables/dlopen_source_call_scope_approximation.tsv:18816:llvm-22.1.8-19.1.src.rpm	11	11	expanded/004_mlgo_x86_model.tar.gz/mlgo_sysroot/include/tensorflow/tsl/platform/default/dso_loader.h	29	NO_LITERAL_SCOPE_WITHIN_PLUS_MINUS_10_LINES	// The following methods either load the DSO of interest and return a dlopen
progress/R11/tables/dlopen_source_call_scope_approximation.tsv:18817:llvm-22.1.8-19.1.src.rpm	11	11	expanded/004_mlgo_x86_model.tar.gz/mlgo_sysroot/include/tensorflow/tsl/platform/default/dso_loader.h	54	NO_LITERAL_SCOPE_WITHIN_PLUS_MINUS_10_LINES	// The following method tries to dlopen all necessary GPU libraries for the GPU
progress/R11/tables/dlopen_source_call_scope_approximation.tsv:18818:llvm-22.1.8-19.1.src.rpm	11	11	expanded/004_mlgo_x86_model.tar.gz/mlgo_sysroot/include/tensorflow/tsl/platform/default/dso_loader.h	60	NO_LITERAL_SCOPE_WITHIN_PLUS_MINUS_10_LINES	// The following method tries to dlopen all necessary TensorRT libraries when
progress/R11/tables/dlopen_source_call_scope_approximation.tsv:18819:llvm-22.1.8-19.1.src.rpm	11	11	expanded/004_mlgo_x86_model.tar.gz/mlgo_sysroot/include/tensorflow/tsl/platform/default/dso_loader.h	66	NO_LITERAL_SCOPE_WITHIN_PLUS_MINUS_10_LINES	// Wrapper around the DsoLoader that prevents us from dlopen'ing any of the DSOs
progress/R11/tables/dlopen_source_call_scope_approximation.tsv:18820:llvm-22.1.8-19.1.src.rpm	11	11	expanded/004_mlgo_x86_model.tar.gz/mlgo_sysroot/include/tensorflow/tsl/platform/status_to_from_proto.h	27	NO_LITERAL_SCOPE_WITHIN_PLUS_MINUS_10_LINES	// dlopen(/org_tensorflow/tensorflow/python/platform/_pywrap_tf2.so, 2):
progress/R11/tables/dlopen_source_call_scope_approximation.tsv:18821:llvm-22.1.8-19.1.src.rpm	11	11	expanded/004_mlgo_x86_model.tar.gz/mlgo_sysroot/include/third_party/gpus/cuda/include/nvperf_common.h	204	NO_LITERAL_SCOPE_WITHIN_PLUS_MINUS_10_LINES	    /// ordered paths that will be searched with the LoadLibrary() or dlopen() call.
progress/R11/tables/dlopen_source_call_scope_approximation.tsv:18822:llvm-22.1.8-19.1.src.rpm	11	11	expanded/004_mlgo_x86_model.tar.gz/mlgo_sysroot/include/third_party/gpus/cuda/include/nvperf_common.h	240	NO_LITERAL_SCOPE_WITHIN_PLUS_MINUS_10_LINES	    /// ordered paths that will be searched with the LoadLibrary() or dlopen() call.
progress/R11/tables/dlopen_source_call_scope_approximation.tsv:18823:llvm-22.1.8-19.1.src.rpm	11	11	expanded/004_mlgo_x86_model.tar.gz/mlgo_sysroot/include/third_party/gpus/cuda/include/nvtx3/nvtxDetail/nvtxInit.h	67	NO_LITERAL_SCOPE_WITHIN_PLUS_MINUS_10_LINES	#define NVTX_DLLOPEN(x) dlopen(x, RTLD_LAZY)
progress/R11/tables/dlopen_source_call_scope_approximation.tsv:18824:llvm-22.1.8-19.1.src.rpm	11	11	expanded/004_mlgo_x86_model.tar.gz/mlgo_sysroot/include/third_party/gpus/cuda/include/nvtx3/nvtxDetail/nvtxInit.h	223	NO_LITERAL_SCOPE_WITHIN_PLUS_MINUS_10_LINES	            /* For dlopen, if the filename contains a leading slash, then it is interpreted as a */
progress/R11/tables/dlopen_source_call_scope_approximation.tsv:18825:llvm-22.1.8-19.1.src.rpm	11	11	expanded/004_mlgo_x86_model.tar.gz/mlgo_sysroot/include/tsl/platform/default/dso_loader.h	16	NO_LITERAL_SCOPE_WITHIN_PLUS_MINUS_10_LINES	// Common DSO loading functionality: exposes callables that dlopen DSOs
progress/R11/tables/dlopen_source_call_scope_approximation.tsv:18826:llvm-22.1.8-19.1.src.rpm	11	11	expanded/004_mlgo_x86_model.tar.gz/mlgo_sysroot/include/tsl/platform/default/dso_loader.h	29	NO_LITERAL_SCOPE_WITHIN_PLUS_MINUS_10_LINES	// The following methods either load the DSO of interest and return a dlopen
progress/R11/tables/dlopen_source_call_scope_approximation.tsv:18827:llvm-22.1.8-19.1.src.rpm	11	11	expanded/004_mlgo_x86_model.tar.gz/mlgo_sysroot/include/tsl/platform/default/dso_loader.h	54	NO_LITERAL_SCOPE_WITHIN_PLUS_MINUS_10_LINES	// The following method tries to dlopen all necessary GPU libraries for the GPU
progress/R11/tables/dlopen_source_call_scope_approximation.tsv:18828:llvm-22.1.8-19.1.src.rpm	11	11	expanded/004_mlgo_x86_model.tar.gz/mlgo_sysroot/include/tsl/platform/default/dso_loader.h	60	NO_LITERAL_SCOPE_WITHIN_PLUS_MINUS_10_LINES	// The following method tries to dlopen all necessary TensorRT libraries when
progress/R11/tables/dlopen_source_call_scope_approximation.tsv:18829:llvm-22.1.8-19.1.src.rpm	11	11	expanded/004_mlgo_x86_model.tar.gz/mlgo_sysroot/include/tsl/platform/default/dso_loader.h	66	NO_LITERAL_SCOPE_WITHIN_PLUS_MINUS_10_LINES	// Wrapper around the DsoLoader that prevents us from dlopen'ing any of the DSOs
progress/R11/tables/dlopen_source_call_scope_approximation.tsv:18830:llvm-22.1.8-19.1.src.rpm	11	11	expanded/004_mlgo_x86_model.tar.gz/mlgo_sysroot/include/tsl/platform/status_to_from_proto.h	27	NO_LITERAL_SCOPE_WITHIN_PLUS_MINUS_10_LINES	// dlopen(/org_tensorflow/tensorflow/python/platform/_pywrap_tf2.so, 2):
progress/R11/tables/dlopen_source_call_scope_approximation.tsv:18831:llvm-22.1.8-19.1.src.rpm	11	11	expanded/004_mlgo_x86_model.tar.gz/mlgo_sysroot/include/xla/pjrt/pjrt_api.h	33	NO_LITERAL_SCOPE_WITHIN_PLUS_MINUS_10_LINES	// GetPjrtApi()`. This method dlopen the plugin library, dlsym `GetPjrtApi`,
progress/R11/tables/dlopen_source_call_scope_approximation.tsv:18832:llvm-22.1.8-19.1.src.rpm	11	11	expanded/004_mlgo_x86_model.tar.gz/mlgo_sysroot/include/xla/stream_executor/platform/default/dso_loader.h	16	NO_LITERAL_SCOPE_WITHIN_PLUS_MINUS_10_LINES	// Common DSO loading functionality: exposes callables that dlopen DSOs
