cmake
Cross-platform make system
Platfrom Development/Tools
8
/etc/rpm/macros.cmake	33188	7298e6caebc2ecdfab3c7dea74c94281d082a4d5f79f9d3e8336cb86baec4c44	
/usr/bin/ccmake	33261	1fd7205e875d70f1786d0cf57569d25b514d45bcff2d8517e688521168ccbc19	
/usr/bin/cmake	33261	4c4c44750169df9ad7ff53be37f697d43d1f85c2ed88c582e3c4d35d1d3cf7aa	
/usr/bin/cpack	33261	9935e4fe87573e827220d4bd8d0c9611723acc99f9d522f9e68e7cadc1491065	
/usr/bin/ctest	33261	eedfa4a1eb7059c06fdef34a79d5bb1e402cc865dbadbbe452ea23545113700f	
/usr/share/aclocal/cmake.m4	33188	c76ad625725bafcb182d46efa7c47fb01857bf6a5fd887d3dcc43a22d256ea98	
/usr/share/cmake	16877		
/usr/share/cmake/Help	16877		
/usr/share/cmake/Help/command	16877		
/usr/share/cmake/Help/command/DEPRECATED_POLICY_VERSIONS.txt	33188	38ce381b04f7f6cb762c7c44601b9274b907a3ab7d7dee2b2dc76e0c287c7657	
/usr/share/cmake/Help/command/DEVICE_LINK_OPTIONS.txt	33188	93c04f8d4e07e6c52fe400e7e20b54e972b2a1f43363b79f820dfa504e27103b	
/usr/share/cmake/Help/command/FIND_XXX.txt	33188	4a4e9c990dc36795fb202c34c96c3df584e060495190b0a1d6e8002a596c64d9	
/usr/share/cmake/Help/command/FIND_XXX_ORDER.txt	33188	017e4f084511636c4512d0050e1ce56a921568f367c8a8daedf53254a626966d	
/usr/share/cmake/Help/command/FIND_XXX_REGISTRY_VIEW.txt	33188	29f48fa54097340d1e1c8d9ce9b4c43eb4dc1d24f863473678eb416b1456750d	
/usr/share/cmake/Help/command/FIND_XXX_ROOT.txt	33188	386293dc36a34ab606085271eea46dd4125e814355a1ec408b644f0708488637	
/usr/share/cmake/Help/command/GENEX_NOTE.txt	33188	c15d5862930e67d8565fd60e137baab5c27fe262594ea114276f5cda04b9ce9f	
/usr/share/cmake/Help/command/LINK_OPTIONS_LINKER.txt	33188	e4c853af46d97f9d5bec1b527c50f242944af4d07f14d7c80fba6aef61dbbdcd	
/usr/share/cmake/Help/command/OPTIONS_SHELL.txt	33188	18c98f0d067ee0230a69849e9ef1a62312f91e9a1a52ea124392d019a5af25c4	
/usr/share/cmake/Help/command/SUPPORTED_LANGUAGES.txt	33188	c2e1df70a5dcdef6a55a232eee23537c8028c3e7ef5fc105593aa262dd575788	
/usr/share/cmake/Help/command/UNSET_NOTE.txt	33188	782fe2621765b56c3938f51c936dbf8604fd7314a8c7a1f0afc9c1a4087842a9	
/usr/share/cmake/Help/command/add_compile_definitions.rst	33188	93710618b6fb044270b2129e08dda3547db8229deccf6b6754306c502fd08bb5	
/usr/share/cmake/Help/command/add_compile_options.rst	33188	a2d4941e27633a46ab4f75df5f1662696861632032b90fe3e5798877bbf29998	
/usr/share/cmake/Help/command/add_custom_command.rst	33188	be1d483e5be2a24fa79a3a7d04c0dcf2fed8fb4289a7733a396c273a7f85ba3a	
/usr/share/cmake/Help/command/add_custom_target.rst	33188	e0670e386b51dbfa5cd44e761023d15fb444f8460596b515d826efadd7ce8a87	
/usr/share/cmake/Help/command/add_definitions.rst	33188	0744fdfea65bf6a950eb56a37ecac36ee1c5c163f12d7f769b1211bfe6f7f4c5	
/usr/share/cmake/Help/command/add_dependencies.rst	33188	81e70d9b71b3dfb8282c18be5d4e9e03116812b149415d7471465699ca168428	
/usr/share/cmake/Help/command/add_executable.rst	33188	fd0c8d9d80d4c976fce3f53fe6df7454a1a4242208cc9f5b96c06c962710c8e3	
/usr/share/cmake/Help/command/add_library.rst	33188	fccafb94c550a01d854a08c611c8ee091acf64683900c3484448ebda2c258ae6	
/usr/share/cmake/Help/command/add_link_options.rst	33188	9dcbd60eb81305e41d6cd09aee37d68203384f2f3f4dd76c52b4c5e2d6351ba3	
/usr/share/cmake/Help/command/add_subdirectory.rst	33188	a95edc6995dd41e87898092775cf658f191c286d0364a88e3c27e2865fcbf8b7	
/usr/share/cmake/Help/command/add_test.rst	33188	01dc53d8c3dd44a2b1a57fd02c8209465c7ee9c01a8265b3599aefff1c03e39b	
/usr/share/cmake/Help/command/aux_source_directory.rst	33188	eb690628b17d110a0c9257797fab7bd98d4c70e5e3174722b2f49cc30a7c1bdb	
/usr/share/cmake/Help/command/block.rst	33188	cdfa8c17b5f6968223345590ee2be32aa18f83eee0fe560a155e2f3c1705e37d	
/usr/share/cmake/Help/command/break.rst	33188	4b0d4624fb31d4cf176c393ed011f752618c0f18f071ed0295560dbf78d4d114	
/usr/share/cmake/Help/command/build_command.rst	33188	d02605812515f709ba7e6626b9ad62cc1edb54b2fa4728c3a741e554711d1e6e	
/usr/share/cmake/Help/command/build_name.rst	33188	867eaf418427228dc326db41309b06cb224525fa78bfbdaca97407b24f5b25dd	
/usr/share/cmake/Help/command/cmake_file_api.rst	33188	6053f711f5edf74b9b78e001e75db749e2c35b9283005edff050c2fafbbfa9bd	
/usr/share/cmake/Help/command/cmake_host_system_information.rst	33188	9f88fc385df17f8b2ec63a2767c015283514193eefdc2361fbbc45b937f1ad6a	
/usr/share/cmake/Help/command/cmake_language.rst	33188	a21bef9e098e33f8b7b203bd639806e7e6b38b3190e6f64c34760344d0ede626	
/usr/share/cmake/Help/command/cmake_minimum_required.rst	33188	daee12d60e9bd5a5e3004fb3dfdf6e9b891ca45908905176c2e8104fe052a8ec	
/usr/share/cmake/Help/command/cmake_parse_arguments.rst	33188	ce79e5b5324b0a957360d68bae795a91d127ef5fc0edd98c7c12718e2f8acf93	
/usr/share/cmake/Help/command/cmake_path.rst	33188	4b0842a17016a254fdf4304188d00a4e6f6cc79d112b6607dca022482b4b4716	
/usr/share/cmake/Help/command/cmake_pkg_config.rst	33188	25bd12104ac36a433e66ea2fb30e0818857142044a86896a9f357df60f376fb5	
/usr/share/cmake/Help/command/cmake_policy.rst	33188	37d196e4433fdf6531aa7fec1adb268b11216a34cd40709934cab6b5f524064b	
/usr/share/cmake/Help/command/configure_file.rst	33188	8d5792bab0f225b67300d2fbdfac5882a61f0d5f2bfee5b720b17c864f3992c1	
/usr/share/cmake/Help/command/continue.rst	33188	35d494049c39b93ca86ee34d5aceda22e19831b269c616d6d6d08257ee33340a	
/usr/share/cmake/Help/command/create_test_sourcelist.rst	33188	d0cf7c4b83d5e1170cfff6b1941f8b38d12460423fff065eb106b4b333c21010	
/usr/share/cmake/Help/command/ctest_build.rst	33188	5b9afb357fed829125e3811b1ee3b6dc1123bc999f608be1dfc4f4ab4810a554	
/usr/share/cmake/Help/command/ctest_configure.rst	33188	166428eeed713c9442e9950214a8a46a3a5c4706bc0b7171b98b221343e4d54b	
/usr/share/cmake/Help/command/ctest_coverage.rst	33188	ff677b460ffddd052f17bba5a8892614c81daf117fb20970c9c3174cbbc1d591	
/usr/share/cmake/Help/command/ctest_empty_binary_directory.rst	33188	40c656962412c825656fae404cb90e52d7293cedc418b862a518ffeec0da5a31	
/usr/share/cmake/Help/command/ctest_memcheck.rst	33188	e2814c49169c7c1186b6287dd7d7c808facc2ef19ee250c86863ea0be0a54073	
/usr/share/cmake/Help/command/ctest_read_custom_files.rst	33188	84fcb16666cc711311ec6fa663c92ba285b11d102800d1b5b99b3155020608dd	
/usr/share/cmake/Help/command/ctest_run_script.rst	33188	b35cb9cbd375ecf5bd9ff1bb3b67ea61ee6c6ee55cabf8b03c6af92db913a9b2	
/usr/share/cmake/Help/command/ctest_sleep.rst	33188	0b1f978318cad94be0ade80cbd1f81f425675a15b07c44d768b0fa095a67375e	
/usr/share/cmake/Help/command/ctest_start.rst	33188	41421d9fad09e428863cb4369569667aa5d6d97c30b84bed7b2c3e999a84ecb9	
/usr/share/cmake/Help/command/ctest_submit.rst	33188	918ecd6ac1e5656b1b915adafce77bee3cd9cb88eb2fba75730cc28851f6b3d4	
/usr/share/cmake/Help/command/ctest_test.rst	33188	072939fe9df84837a27f658fc0a89fd62a725b0071f41819d2829536846d5d90	
/usr/share/cmake/Help/command/ctest_update.rst	33188	2bfa72757b2d8d96f3a74ce97b4c89c6ce699b9ba277498bd0a1895ccffaed2e	
/usr/share/cmake/Help/command/ctest_upload.rst	33188	62b564ee1e08a7779a426196ba1090e8167378d76c1f297ce8e61174ef3d7fce	
/usr/share/cmake/Help/command/define_property.rst	33188	1dba4f2370eecaed4d8658c767602974acaf4085e462f6b01881350ebc0cf623	
/usr/share/cmake/Help/command/else.rst	33188	1d57c04e02e1f05e1a6309bc549929b153b05d9889d9e16f4497986d98e98d3c	
/usr/share/cmake/Help/command/elseif.rst	33188	397334101a3b715dacbeef31a55b9e7cdc21ab3eada50e79b7afc529a28e7378	
/usr/share/cmake/Help/command/enable_language.rst	33188	51f3ced736b8613b8b69b9b775c89e7ecd1a9d8d8b30df74d9ffd96469a5a8a1	
/usr/share/cmake/Help/command/enable_testing.rst	33188	fb224014f09c8ef552891054742dc238beb4259b4224eb02183c713c61539daa	
/usr/share/cmake/Help/command/endblock.rst	33188	05bf41345600b098f3b98ce01e8e6c295c162bb444dccf54174721ff41f53f72	
/usr/share/cmake/Help/command/endforeach.rst	33188	3950aaffaebe955cdf20cdf8e1f98d690c67abf9cdb0ea06f2e533440deadef5	
/usr/share/cmake/Help/command/endfunction.rst	33188	dc433f37144e6fbea29c244e11a0379e6989e7c4a414d00749d8175fd9055c8b	
/usr/share/cmake/Help/command/endif.rst	33188	c6bc453f4f4b15c5eb86852ed669756f06249edcd349a8540f2de1c7fd0b6612	
/usr/share/cmake/Help/command/endmacro.rst	33188	bc4a9a414a4a81a7cf30eab4087aedc24ea33c01c3df85a1089804c3b4e77ee3	
/usr/share/cmake/Help/command/endwhile.rst	33188	e8d78fa57b80870915b6d5fb3caf02678a4dd1fd6abcf7508637f37aa649f629	
/usr/share/cmake/Help/command/exec_program.rst	33188	17299ac839fcd3df89927f587edb48410f98b389a64a81f6a0a0aac13dc124b0	
/usr/share/cmake/Help/command/execute_process.rst	33188	7c1c4f3cd196df8a963ae11c41ab9e0c9e870b5ebe363de6924e71b7f92a32b9	
/usr/share/cmake/Help/command/export.rst	33188	298238a82f09ed525a772a13df5254354bfb142e4ad8758209248bd162fe8587	
/usr/share/cmake/Help/command/export_library_dependencies.rst	33188	39df2dfb4e9bbc6007633115a33da0e9ce85536fd4ae0a557dd7986c05ffadd1	
/usr/share/cmake/Help/command/file.rst	33188	77036b6935df9f6b67a1de421f05f9b8d8cf264d77c6b0d99738e52eb9ecbba6	
/usr/share/cmake/Help/command/find_file.rst	33188	b8c73b88a67af9d4a267353eb5dc563cfe15dc3e0f82b29d39ce3ff88d4d4d0a	
/usr/share/cmake/Help/command/find_library.rst	33188	7d708161c90b60ca9e9b747576e431a7abf12a7690dfd1d7e1a1d96424a1cd22	
/usr/share/cmake/Help/command/find_package.rst	33188	1f5902bf9822aadeb074677445a198880e7633589671be3b56169c40fd188fa7	
/usr/share/cmake/Help/command/find_path.rst	33188	bb63b2ba6a4115cf914757372c4ceb214a8f3fa8f1a6b23b4db615197f56fcb5	
/usr/share/cmake/Help/command/find_program.rst	33188	765bc2716eb20c88a7461612190afc3228406bf250806724cd63d8cb6a47cbd5	
/usr/share/cmake/Help/command/fltk_wrap_ui.rst	33188	a7730026f475628ed43bc282bc7c18ebae2f5bd25687dada6fae73a8ecd7ecab	
/usr/share/cmake/Help/command/foreach.rst	33188	7928fdc41648ad8f52c2eb222066b1a740b76bd5ede0cebde3edf46adc9136ec	
/usr/share/cmake/Help/command/function.rst	33188	e3ecbf2960126183cdaf9424fc419a623fbe4180e46c101e578313d9740ed2f1	
/usr/share/cmake/Help/command/get_cmake_property.rst	33188	7cd4f86339375b350c7047b6ca45740bcf4eb2d7687f40f358a111e3da16236b	
/usr/share/cmake/Help/command/get_directory_property.rst	33188	4f316b236a5adc954f5380266442080242dc42635afe6afca063670e253de82a	
/usr/share/cmake/Help/command/get_filename_component.rst	33188	1f98f838c76bcf8c8f6822395cbaa147840473f98ae1754ef6c53b3f5dac6e5a	
/usr/share/cmake/Help/command/get_property.rst	33188	6ff9a391dadc8888ee4ed16875d1ca569cdf4004a26aeceb7fed006edaa0064b	
/usr/share/cmake/Help/command/get_source_file_property.rst	33188	98ca5f2e0951c506fd6d77c47f549123884381ddc2235993b5b2af91a1614993	
/usr/share/cmake/Help/command/get_target_property.rst	33188	6b289e8d373b130bd467494743d031c0cd367ce10b0ffdf4e23b6ffedb13f917	
/usr/share/cmake/Help/command/get_test_property.rst	33188	9d2ad21745eb592083a842edfcfa8b85a97ac8c115a907a771ba62096753f2bf	
/usr/share/cmake/Help/command/if.rst	33188	f544aca94db030a3ec09b854899a6ebc1bc87015c2277816eae951166ec594bd	
/usr/share/cmake/Help/command/include.rst	33188	74237ac55f20fc139fa603a85a63ca54a74dd9335413425c00c854d6d9c13e07	
/usr/share/cmake/Help/command/include_directories.rst	33188	07b0d98ca4ea724dbed936136735b6e4330f0c03dc376abb4d0fd47a27c47558	
/usr/share/cmake/Help/command/include_external_msproject.rst	33188	f587474fd2738fd2f3db0014b052fae760297e070d807049f90ef4971ab2e148	
/usr/share/cmake/Help/command/include_guard.rst	33188	acbcbba8e4fa219181a2bcbcebaf8960e52c7511db7135c9e9821560c43d27d4	
/usr/share/cmake/Help/command/include_regular_expression.rst	33188	c2218f354be5c8893b900d10c235123c3c1445f7e410c2877804f5b8a28d16ed	
/usr/share/cmake/Help/command/install.rst	33188	a9a15571b9220fb1e6c9c8bac93be4e1196b1b51920111f34ebca6f88b99535b	
/usr/share/cmake/Help/command/install_files.rst	33188	763c000356517d333f443c3adc87747f2d08c5ecab6ff1b1c8cee6f38fa76391	
/usr/share/cmake/Help/command/install_programs.rst	33188	55a6b5b789675ffca3946d274bbb09aa78c7b2e6c34d32c49bb012dc66b6e918	
/usr/share/cmake/Help/command/install_targets.rst	33188	27eec807f18a60f1607caffebf7fe53f1e7b829e466f84f4774b8a2a20002205	
/usr/share/cmake/Help/command/link_directories.rst	33188	3b0e832fb63372a7fb6206e702c817ef18afcf8a6762b604439534ac89809d26	
/usr/share/cmake/Help/command/link_libraries.rst	33188	6390ba7fcc59a12d1dbaa6abc442aa641eefefb14b469ad18a48135cd7cdb5e9	
/usr/share/cmake/Help/command/list.rst	33188	bba2d94ec6c0ca0fcbde74a5d56dfbc3f8e1fd324a86e742fd6119cace0b79b0	
/usr/share/cmake/Help/command/load_cache.rst	33188	a303b877cb42777db8015fe519716d80f1b8c156d25fc25febf989410d0ac856	
/usr/share/cmake/Help/command/load_command.rst	33188	2b63555936e78a86ea379047a56f63b6db8431d3987269664996edd81aefa673	
/usr/share/cmake/Help/command/macro.rst	33188	aa3c9044046af785e4a448bc2c69ba9b471d33f10928d1d2cfa5acde56508e56	
/usr/share/cmake/Help/command/make_directory.rst	33188	b43d6e31b7ac16da7b295e37a9dbe40938d37decb60108555a82a6d755cbfca3	
/usr/share/cmake/Help/command/mark_as_advanced.rst	33188	515733f7e52c5af099dcb5ac9f9302cd7dde3fe04f3559c30cc5d66e510015ec	
/usr/share/cmake/Help/command/math.rst	33188	066a3aabcca775ab598837ba97fe7efa769b61ed4ebb63ad5ece72d4f3459837	
/usr/share/cmake/Help/command/message.rst	33188	25f709eab9f2e27505399e2fccc270f4b3fa17f9904dc69db5e6971031253cf6	
/usr/share/cmake/Help/command/option.rst	33188	fcd271536aea23e12a8965f8e2351cc23eeab041c1ed847798fcc593e892d917	
/usr/share/cmake/Help/command/output_required_files.rst	33188	9c2b9ad423ffec68f7a6d70c353c99b4a5ddc0c7575579df6d247da91c0c2fb7	
/usr/share/cmake/Help/command/project.rst	33188	cef613e90cbee59dca6b359b0062dc952c6681e45a95e9692931601ccb0c22f3	
/usr/share/cmake/Help/command/qt_wrap_cpp.rst	33188	f20788748626fdf8ffca60276e42c06fcc4ae0ad496c4a3c5fb92208497cf77b	
/usr/share/cmake/Help/command/qt_wrap_ui.rst	33188	b2352f90d42e639ff3edeb4fa60c106d1645a057866cc25fe6af25d445f0616d	
/usr/share/cmake/Help/command/remove.rst	33188	5995fa362122f19cb84d38463b00d6db1616b08d5aecc9c33951f4cd39d41dd9	
/usr/share/cmake/Help/command/remove_definitions.rst	33188	e2c09898b58584d369323fa5764f431abafca3d2228a985589ef8239577df58f	
/usr/share/cmake/Help/command/return.rst	33188	64bf74bba3708146a4c52fc2ab7e4a5ee8fd476838df9c72760f090116a6ec77	
/usr/share/cmake/Help/command/separate_arguments.rst	33188	384bf755444a62ac507b1cd6d60bd4de7d38419716810eda28b0d8b3c178c83c	
/usr/share/cmake/Help/command/set.rst	33188	a2fd8ac6bd0331cfcdfd5b7be9a1aa4d3040571cdff9f91376406c961d12e39d	
/usr/share/cmake/Help/command/set_directory_properties.rst	33188	a9819410fd9b64d149e7c5f48147aec3e971f92423b76beb4f86e47fbf206000	
/usr/share/cmake/Help/command/set_property.rst	33188	9b014ed5f316128288a507277ceec7619a6968ae3ba9449015d3a4f6579010a6	
/usr/share/cmake/Help/command/set_source_files_properties.rst	33188	b3e5229b4a93ce040833d049d51d59aff429baa9029271404cfa0377cc4b39f2	
/usr/share/cmake/Help/command/set_target_properties.rst	33188	96521ba01443fecc076c207fe96e4a32e0287e26b24106c399581f05f5e6ab58	
/usr/share/cmake/Help/command/set_tests_properties.rst	33188	a7123952c6f446d72a4f756447d7e7b9929d70f3b5fa9e8ab2446db33c5248a1	
/usr/share/cmake/Help/command/site_name.rst	33188	58f1e5f04f2d19126555823e27f83470d5bc02d65f3066eceb9d52a333f0ca31	
/usr/share/cmake/Help/command/source_group.rst	33188	29f984a52b6433caf524420ed52619806b0a4061a60b1a50001238fe80be84f3	
/usr/share/cmake/Help/command/string.rst	33188	38be16e4f366d7ff05b2db85a1d02c948efb014fd742faaf5e1d3b849aee9e54	
/usr/share/cmake/Help/command/subdir_depends.rst	33188	30bfebbe50d4563e0078d8816f00710fd709838b1db00119f687c7f700362c90	
/usr/share/cmake/Help/command/subdirs.rst	33188	cfd150aa0bf8f235260f60eeb0d86bd02a030afc446863e4ca88d7ad7696a827	
/usr/share/cmake/Help/command/target_compile_definitions.rst	33188	d676f4b18cb3901d5b847038c4b96d406cb534ef4a3c5f957233e7e09052b03b	
/usr/share/cmake/Help/command/target_compile_features.rst	33188	40fe7fad82972cf0b95f0c909b3c7548ee3594a4cd11520d7ff32c3344a19be8	
/usr/share/cmake/Help/command/target_compile_options.rst	33188	d459a81cf9224860510517c345b48d17278eb317406f07f13a109683eb178d96	
/usr/share/cmake/Help/command/target_include_directories.rst	33188	d7821904ba5ef7b9eb077d52e7b5abf59d0a298da5fb46f0cf041d419b9695a8	
/usr/share/cmake/Help/command/target_link_directories.rst	33188	22deb7e5138b8a4333c5d8892a30b5b79607022e80cdbf2febaaf819def9e814	
/usr/share/cmake/Help/command/target_link_libraries.rst	33188	c15b860d6c1c580a6a08e6451a27d296ba95e17eeeac4a005c98ae47ec073696	
/usr/share/cmake/Help/command/target_link_options.rst	33188	d93f0e7888a190583b0c0fc457da1bb2d65d195fb42582fe6e893f76c5997f92	
/usr/share/cmake/Help/command/target_precompile_headers.rst	33188	579374c41b70ec17cf65d266f6f29ee70a49f821d746a010143f4178225970e0	
/usr/share/cmake/Help/command/target_sources.rst	33188	32992d8328ccc29727e188b4da87c75c5f27c6bb9ce39f04587da6a9ccbace05	
/usr/share/cmake/Help/command/try_compile.rst	33188	6a652c84cf409c9656f4f1f5bc434c14dd5d468501b9f9f39cc61f9c9a372448	
/usr/share/cmake/Help/command/try_run.rst	33188	01493b98bb09ebaf29dca6685db3eec3338ad031ffec221d185cd0bb684af249	
/usr/share/cmake/Help/command/unset.rst	33188	6c41a62ea5c8229398751bb066f754a587ec90be636631f73978c3606239ba7d	
/usr/share/cmake/Help/command/use_mangled_mesa.rst	33188	4fc96b28b645240525e03bbf63c81f28dda17dd036f856e2e6d8c33d0986f1f2	
/usr/share/cmake/Help/command/utility_source.rst	33188	a33e745a2d0cb7d4c7ed1cd8f277382ec9e3159ed4059f60e8eff6186f16d8a8	
/usr/share/cmake/Help/command/variable_requires.rst	33188	958fb305816fae0a61efc89ef00c2bea2938de11a5be8b03d69a6a07ee15a838	
/usr/share/cmake/Help/command/variable_watch.rst	33188	02919fab9f77fbd3f35d50a1f935345d081e63c7b12299d2506eeeff29421d8f	
/usr/share/cmake/Help/command/while.rst	33188	8ee130bc64b2465de815e10df27e345838e8d21ec2b40f64309fc2b839fd0299	
/usr/share/cmake/Help/command/write_file.rst	33188	8adab09f2712c8abb21efd805f93b6985fcb3daf1f9662bb4604667af27e7822	
/usr/share/cmake/Help/cpack_gen	16877		
/usr/share/cmake/Help/cpack_gen/archive.rst	33188	b5862225fe7e612f0534382a4fcfd91347619531e64ec263bab17faa8fc6353e	
/usr/share/cmake/Help/cpack_gen/bundle.rst	33188	6f5daad501924b518f56994a6806129f4a4048062074571d910b934cd2e3505e	
/usr/share/cmake/Help/cpack_gen/cygwin.rst	33188	53e4daed525172dfc53eee2baa80c9cf39a78598687f04dbe71b1fb9d667447f	
/usr/share/cmake/Help/cpack_gen/deb.rst	33188	9791899212145395d26912654c981edba285a4e448f598332481f915312898e6	
/usr/share/cmake/Help/cpack_gen/dmg.rst	33188	c57bc5e7d1f6987b36832542cea178027e956b26d80d31ad8fa38668e48f7840	
/usr/share/cmake/Help/cpack_gen/external.rst	33188	d5cadc404b83940e99ae33863867ef5a491d68b47949775b325552ffc6ddfc6c	
/usr/share/cmake/Help/cpack_gen/freebsd.rst	33188	348156a7865d761064037d0609ff4fb63312bc4a47a9b9e40606e497ef5fdb88	
/usr/share/cmake/Help/cpack_gen/ifw.rst	33188	c1defd3b92bbc03a23087f893dc8c8c653156d722ab485e8f10c734fd2e0c370	
/usr/share/cmake/Help/cpack_gen/innosetup.rst	33188	a5014f74f01d8a5dfb533c9892548151134882949d142b594ba56ddc96f51900	
/usr/share/cmake/Help/cpack_gen/nsis.rst	33188	2063bb277dd177cad6a544a132b66ca994d3e58a455757f204d8374e86f36f9a	
/usr/share/cmake/Help/cpack_gen/nuget.rst	33188	e866d00ad7456f6f64206662e4d1f163388d444ccbff188a7f4dd8b341badf1f	
/usr/share/cmake/Help/cpack_gen/packagemaker.rst	33188	9400eb2413d779c3d4c4a0c5d04ceddb3df77d5ef81172210f6e9a55f0c407e0	
/usr/share/cmake/Help/cpack_gen/productbuild.rst	33188	0cb93f848fd48557cd37589969eee8f9cd58f2c4de3919c16b97c3786037dc95	
/usr/share/cmake/Help/cpack_gen/rpm.rst	33188	b15bd3b124d6a846cafce6500ca7589eaecf67c478e6c5eaba70d1f38dbb8bde	
/usr/share/cmake/Help/cpack_gen/wix.rst	33188	d1f5ba9525ac703fe9c6f1a7d71ed17fae34921465c6a44a761435a911fd5c07	
/usr/share/cmake/Help/envvar	16877		
/usr/share/cmake/Help/envvar/ADSP_ROOT.rst	33188	c373eb130160449fd54fd773085ffbb724d705f47fe426b4f28002f1b9a64eac	
/usr/share/cmake/Help/envvar/ASM_DIALECT.rst	33188	42522b0e857d3b82baf1522709ada3d6c66c487e53e152a7465d875e380e8517	
/usr/share/cmake/Help/envvar/ASM_DIALECTFLAGS.rst	33188	59e3d0088642be871e86db66989ebdac5de18012d482b32b53c6dc5237c7aa62	
/usr/share/cmake/Help/envvar/CC.rst	33188	057faedf9d104e33ee767ea988afc2744f601ade51f1fb41e61ed5110c08ed01	
/usr/share/cmake/Help/envvar/CCMAKE_COLORS.rst	33188	a109e43ec1ff6e313f01f8256c92b48c845bf61c50db5f7cb39eff31067b0a8f	
/usr/share/cmake/Help/envvar/CFLAGS.rst	33188	99772cf54b152336b5dfeb5c7aef3c2a0c3caa41974516ff1fea3ad083d2e637	
/usr/share/cmake/Help/envvar/CMAKE_APPBUNDLE_PATH.rst	33188	8f8209cdfb3ce9582e82cb8bab19863ca0107391b7ac86537532652d63e5aa87	
/usr/share/cmake/Help/envvar/CMAKE_APPLE_SILICON_PROCESSOR.rst	33188	6db1ceb1f2d1b85ce208fffb82b9d0887950cabf12fd102da97252a50449de59	
/usr/share/cmake/Help/envvar/CMAKE_BUILD_PARALLEL_LEVEL.rst	33188	3fb60468407f021cb82533a55a36c5e3bd9c56154c41faf69ff58d7c15fb4353	
/usr/share/cmake/Help/envvar/CMAKE_BUILD_TYPE.rst	33188	1095b213964d2de399c11e70861dd5b570b0838fa9ae54e832f264e1dc66513f	
/usr/share/cmake/Help/envvar/CMAKE_COLOR_DIAGNOSTICS.rst	33188	dac8fc5a367aa2d6fa3a3dc6cda454392e5437cef9b412fcae1c8a2c2e80fbcb	
/usr/share/cmake/Help/envvar/CMAKE_CONFIGURATION_TYPES.rst	33188	47a9925e60057d236a809df4b96f8eddb8e6174d9aad0c4e2d7fc294d4c80ea3	
/usr/share/cmake/Help/envvar/CMAKE_CONFIG_DIR.rst	33188	481bf8e529503ef9b8250ea4e90487dda631f1ad700f1993cd287d1c875e682e	
/usr/share/cmake/Help/envvar/CMAKE_CONFIG_TYPE.rst	33188	ef12078dab714d7ff25b3051683fc699e981f00fc57bda6eed5ef57e3b9a8c71	
/usr/share/cmake/Help/envvar/CMAKE_CROSSCOMPILING_EMULATOR.rst	33188	1a9f9a7621740dc3010dae2370fccf71f33792f876d8fcfa6e46c82d5874fa99	
/usr/share/cmake/Help/envvar/CMAKE_EXPORT_BUILD_DATABASE.rst	33188	7308d27118e43b758078b7f6a2a8189d2ef8473fcce09aab19905f5540439cb3	
/usr/share/cmake/Help/envvar/CMAKE_EXPORT_COMPILE_COMMANDS.rst	33188	d0295a7e69a079dff36817529bbe64adc03de40a33d11ac5d63bd288cdf38f96	
/usr/share/cmake/Help/envvar/CMAKE_FRAMEWORK_PATH.rst	33188	3982e7a38cef5483a75cbd0765c32d2b64c66f9cc7d8121bd9b447bbb182ef5b	
/usr/share/cmake/Help/envvar/CMAKE_GENERATOR.rst	33188	c641787b17947d78a0c6299acaf630804b13a4b37bdb030ce1eb2f0747d2dff1	
/usr/share/cmake/Help/envvar/CMAKE_GENERATOR_INSTANCE.rst	33188	fcd196b0ae2350cf3d24dfbb9ecd368ac685cd86c7c4ce2bd8f777ed37e5450b	
/usr/share/cmake/Help/envvar/CMAKE_GENERATOR_PLATFORM.rst	33188	dd98434abcbc80a8c1382661b3990b8db47125166e1c23a484277e4155f68046	
/usr/share/cmake/Help/envvar/CMAKE_GENERATOR_TOOLSET.rst	33188	c5b0fe4797ad1cf81cafd57bbad5fb7a1147ce4681387b2207d904b4a3858f67	
/usr/share/cmake/Help/envvar/CMAKE_INCLUDE_PATH.rst	33188	3583b638c247649536cb8a77308d4acee3d382832ad51d7e7a33c77e9682e249	
/usr/share/cmake/Help/envvar/CMAKE_INSTALL_MODE.rst	33188	62d9bf0c9257d28092f3be51276913d1816988d107d0391df615ea1ed73a8e5f	
/usr/share/cmake/Help/envvar/CMAKE_INSTALL_PARALLEL_LEVEL.rst	33188	0c38f1a90802d3dc16256c2eebba9c63f9d7ceb63eb66b1f824789d0fc24f644	
/usr/share/cmake/Help/envvar/CMAKE_INSTALL_PREFIX.rst	33188	8cfe5ef8c175e1700e44587f96f8ce889a6f672472fc06502a9d4044445ef276	
/usr/share/cmake/Help/envvar/CMAKE_LANG_COMPILER_LAUNCHER.rst	33188	3847ef28772ee04757ac5d4e73443df0ced09882fe733901cc6e6b94ca11fae9	
/usr/share/cmake/Help/envvar/CMAKE_LANG_IMPLICIT_LINK_DIRECTORIES_EXCLUDE.rst	33188	140b28fb02c60cbcda7ac5af7f0da8e9e0241472e1704dae6d9d4e0ae6be49df	
/usr/share/cmake/Help/envvar/CMAKE_LANG_LINKER_LAUNCHER.rst	33188	526a964c85a239e0b865546acda4f6459a9dc43fb45952e9f54a5508b827bdc5	
/usr/share/cmake/Help/envvar/CMAKE_LIBRARY_PATH.rst	33188	757d79377d6b710ab6c1844266136d6b14717fc972a536547b2e6f65fee7fa04	
/usr/share/cmake/Help/envvar/CMAKE_MAXIMUM_RECURSION_DEPTH.rst	33188	5654931f444616d5b9feba6f234c03f4d06b6e2e0b017db0fc4ae991c3dec67a	
/usr/share/cmake/Help/envvar/CMAKE_MSVCIDE_RUN_PATH.rst	33188	3e6102c31bef10bd09e4e12c7e2f1008be1ce690ef368c5c2c2a3546e6b9ea91	
/usr/share/cmake/Help/envvar/CMAKE_NO_VERBOSE.rst	33188	42829bef6c27931e3801e1e13a25ca26da9d208bf97e2fde541ff2089c9c37c0	
/usr/share/cmake/Help/envvar/CMAKE_OSX_ARCHITECTURES.rst	33188	ffe0e4387fc6b794c84732c722f171b8b5a5b93c65c79eda33969b594e77fe73	
/usr/share/cmake/Help/envvar/CMAKE_PREFIX_PATH.rst	33188	a87a398ad1fa82f027110092bfb9cdce3e0cff41fb5493051787534de79ead43	
/usr/share/cmake/Help/envvar/CMAKE_PROGRAM_PATH.rst	33188	b6b1dbe6464532711e87af1d02a5d3caeba30d4e28369005738cb8d999825394	
/usr/share/cmake/Help/envvar/CMAKE_TEST_LAUNCHER.rst	33188	40d85a6dfaee8cf61609eedc4099fa10c022a90a842ffe09396a8224f15af7fd	
/usr/share/cmake/Help/envvar/CMAKE_TLS_VERIFY.rst	33188	908c8908a81e8843de64b829aaf2c34e853473280afe6ef2d7fbdc838bb98747	
/usr/share/cmake/Help/envvar/CMAKE_TLS_VERSION.rst	33188	88b8475276fa71b93b4035f083f157c19bfbad190a410e10a58a232e2d3d3d54	
/usr/share/cmake/Help/envvar/CMAKE_TOOLCHAIN_FILE.rst	33188	eb0773e4164a11f05c9d7f9736cdae902f25aecc2dead344a556435dcd31c27c	
/usr/share/cmake/Help/envvar/CSFLAGS.rst	33188	401e1fa6428a3dc0b98e93d7baf3202e87fb2e335da0045551bc2882b8e80873	
/usr/share/cmake/Help/envvar/CTEST_INTERACTIVE_DEBUG_MODE.rst	33188	5c1e119072c0c7afbb28a643038bca04746efea82c816a0baff37b2468f2beb2	
/usr/share/cmake/Help/envvar/CTEST_NO_TESTS_ACTION.rst	33188	036355b97f61393162528a58fcf3fcc0132dde77a907c671d1eaabf3b9800c65	
/usr/share/cmake/Help/envvar/CTEST_OUTPUT_ON_FAILURE.rst	33188	702d5ba5758980a03678b9117dfd96b6cc75f4878006205200e59994d05469a9	
/usr/share/cmake/Help/envvar/CTEST_PARALLEL_LEVEL.rst	33188	fed9ff68b122d43be301a58831a1ca642b02e78dba27cf4e8930e2d903aef204	
/usr/share/cmake/Help/envvar/CTEST_PROGRESS_OUTPUT.rst	33188	94f6e14dff95dd75260c1a5d67e8bb58e968beffaaf40a7da251c7d727624b63	
/usr/share/cmake/Help/envvar/CTEST_USE_LAUNCHERS_DEFAULT.rst	33188	424c2977c58289aab9f71bddbbd729015d9b2dc9cd465f2090478f960015c383	
/usr/share/cmake/Help/envvar/CUDAARCHS.rst	33188	a943bab440ab907ce165774d5a7c2f6f07470569c324dce31b3a6728d6639b1d	
/usr/share/cmake/Help/envvar/CUDACXX.rst	33188	5361eaaee4ef8ee039e4dc3e923079d61efcbc04ecb0e050c5e4aa89fb06b1b0	
/usr/share/cmake/Help/envvar/CUDAFLAGS.rst	33188	8e478f4346286046fa336a7dd56a9edd7704658adc929b339535bb45b659ac3b	
/usr/share/cmake/Help/envvar/CUDAHOSTCXX.rst	33188	7796b8620d8fed301fb4b86bcdd4fc350937e55af560eba9c5a6a7af8843c078	
/usr/share/cmake/Help/envvar/CXX.rst	33188	4c09735c78a5a23eefc52c01b500568ab449a5dfb7220bf78c91da1e9005cc56	
/usr/share/cmake/Help/envvar/CXXFLAGS.rst	33188	7fedaa50e509a90bffc109acdef7d193628df1b7ce2180364aca7ac4485fa8f4	
/usr/share/cmake/Help/envvar/DASHBOARD_TEST_FROM_CTEST.rst	33188	e6cbdda15b6e3e85b38923f5bb656b81ef81ec0c70a11f7c0429af0fe98a7aeb	
/usr/share/cmake/Help/envvar/DESTDIR.rst	33188	641f1e0aed27fd2a3647a5b7eab4f562a16100defbe14dfccd77044c9a993a52	
/usr/share/cmake/Help/envvar/ENV_VAR.txt	33188	a40ab0a68ec1857b04fd70a31c200257dcdfbe4605586b0e7062980116144673	
/usr/share/cmake/Help/envvar/FC.rst	33188	ab22ce2f11ff5a5c993ffb8d53e7ebb3128672df88e7baa9b12db8c6dcee8a17	
/usr/share/cmake/Help/envvar/FFLAGS.rst	33188	293cdd79890c7dc18484d82a7476e6c199c1d00c7d9ab9753a34fd850002b56f	
/usr/share/cmake/Help/envvar/HIPCXX.rst	33188	1ab0bc32ae9fcb24b5dd5497d2e4d2de85def87918ab65a9ab813057b4eb69a5	
/usr/share/cmake/Help/envvar/HIPFLAGS.rst	33188	6aaff6c918a58c68c282c0d6dbce06bab78693838097684d589c73f2a9e3d7f0	
/usr/share/cmake/Help/envvar/HIPHOSTCXX.rst	33188	f4aac256fea4481c9c08ab84f96e26c97d2ef1e3425177e31a6c224b05ac4acc	
/usr/share/cmake/Help/envvar/ISPC.rst	33188	3e2ba8f0e7d7d97fd3b65660ee263749e4b84399b19b21bd8090460e36d1f7b7	
/usr/share/cmake/Help/envvar/ISPCFLAGS.rst	33188	e45400e8dacbbed89042f2d990f3d94706a8d3edd9505c8ad179e32f9e8e7f0c	
/usr/share/cmake/Help/envvar/LANG_FLAGS.txt	33188	9ebd900088dfb1850a96e099ac00e8a4ab5d28fe0b3977bbd781b31127c003d1	
/usr/share/cmake/Help/envvar/LDFLAGS.rst	33188	1c13fad95caaa75c80210a86cf9b711a3ca08c5e9bc09b2ad619bb2bef051e5b	
/usr/share/cmake/Help/envvar/MACOSX_DEPLOYMENT_TARGET.rst	33188	1d1f2f8391e7ae6e59e738cb82174078ca956a10425dd5ee994fdd8aaf9ff090	
/usr/share/cmake/Help/envvar/OBJC.rst	33188	460b10b63bc0fa3c9cf457c76072299bf2d7d6f8f2575d46b16a5c5ba7c036f9	
/usr/share/cmake/Help/envvar/OBJCFLAGS.rst	33188	94cd237f4e55cac1fbd229c25e71188e6602b90356db21b03d817efe67278977	
/usr/share/cmake/Help/envvar/OBJCXX.rst	33188	ea2d63471a879434442de521f6857f54b45a5260fc35de19156c5216259382ae	
/usr/share/cmake/Help/envvar/OBJCXXFLAGS.rst	33188	1b335b4e619595a457316b70d02c4e6519dadc439f63eb9ce26ad37de091d90d	
/usr/share/cmake/Help/envvar/PackageName_ROOT.rst	33188	585c3b68aa928fcb71df9a55ba3b093373cf6f5ca3dbf1a8eb27d523c7265336	
/usr/share/cmake/Help/envvar/RC.rst	33188	805640914ef8e2a778ed37f96bd504e2da84768d2f6ce7c22b29a9df9c74efaa	
/usr/share/cmake/Help/envvar/RCFLAGS.rst	33188	af46a3f243e903ceae45f6e7dc4d7833d9394daeb277ec64d818746ae9179064	
/usr/share/cmake/Help/envvar/SSL_CERT_DIR.rst	33188	0d92b81f45609024310cce900c9c015ecfb34f0c48ff91a995dfe4001eda0471	
/usr/share/cmake/Help/envvar/SSL_CERT_FILE.rst	33188	7638b9b6615be1d79b02cba92715b2f78e3c92c1242df03df0ddd4750f6cc44a	
/usr/share/cmake/Help/envvar/SWIFTC.rst	33188	ad2732f7ccc60f5ab3ea37e74cb23296d5ba40ffda19c001a6994be4b98cbcea	
/usr/share/cmake/Help/envvar/VERBOSE.rst	33188	ec07e1d064b52a30e51cdfb05b4af43066380edb220664a0c96ec3238c78d927	
/usr/share/cmake/Help/generator	16877		
/usr/share/cmake/Help/generator/Borland Makefiles.rst	33188	c32c44cd492d016aa82b64a915d6380cd121a8c1ca262117b93411514d70b18d	
/usr/share/cmake/Help/generator/CodeBlocks.rst	33188	6534ead6d75a269abdbc0228c7b96240572f89977faa79bf5e956a287babf817	
/usr/share/cmake/Help/generator/CodeLite.rst	33188	ecf91a8735f8078bb086f15f769920033b92d2298ee1d18ab8c2702e24ed75de	
/usr/share/cmake/Help/generator/Eclipse CDT4.rst	33188	5b6f2355a1f27ad017e5f2c433d41acd055903827374cf65ebc7ce5cd651fb9e	
/usr/share/cmake/Help/generator/Green Hills MULTI.rst	33188	c6dee3af7801cc72cb61805e9db9aa70c185c2e97c6ea47fc994e2234d71b719	
/usr/share/cmake/Help/generator/Kate.rst	33188	27c4aed40d3b2aa81639eb6942ca73997248c589472810fdd1b1451ee78257b7	
/usr/share/cmake/Help/generator/MSYS Makefiles.rst	33188	bf1072d2bd7e2dcf540c3620e6a85f2b8dac770c02c27df960e9e284fb167c56	
/usr/share/cmake/Help/generator/MinGW Makefiles.rst	33188	5e428b7f10c9246b34b0133fd565da5c40f50371cf1e25d5377d22bbb7c63307	
/usr/share/cmake/Help/generator/NMake Makefiles JOM.rst	33188	9a5e3465be2be86fb62349be1e1498c7fe86acbd9fc94440c85d8a0c67f3fe31	
/usr/share/cmake/Help/generator/NMake Makefiles.rst	33188	971817c61fbeb0ac4c69a9ada862595e916d6515a7dfeeeb8d97baf93c63dc89	
/usr/share/cmake/Help/generator/Ninja Multi-Config.rst	33188	8dfee9fdcd877599a50cbb47b1f4dfba6a504fe7504e8cc47faf32857b31fbd7	
/usr/share/cmake/Help/generator/Ninja.rst	33188	ae6e6bdf40c0afd103d3c169f50b86bc2bfca982298c15fc200835b280903fb2	
/usr/share/cmake/Help/generator/Sublime Text 2.rst	33188	f0383acb87370a2fab48cffca8fe85f1717406719f19b2a2d9fc339bf494e62e	
/usr/share/cmake/Help/generator/Unix Makefiles.rst	33188	29d77afbdc975f5f13be93dd2ba684478f0f6973933f7858f00f59e0fc1858cf	
/usr/share/cmake/Help/generator/VS_TOOLSET_HOST_ARCH.txt	33188	8fef183ec48e36c9bab44fc0c682f43be808629b076166da39e37c123605f7b4	
/usr/share/cmake/Help/generator/VS_TOOLSET_HOST_ARCH_LEGACY.txt	33188	8cda4c16f9b2b3ecae35551f08cb6e861276b7bbe9d70e9559d9f884b3958986	
/usr/share/cmake/Help/generator/Visual Studio 10 2010.rst	33188	d7cabcb6c94082bfce6b531a028a7518e0917d0600c7d0393e4f69b3a77af185	
/usr/share/cmake/Help/generator/Visual Studio 11 2012.rst	33188	ea33636ef52e244264d83a9d3697a4a72f97d33624c0ad310d50701186bea916	
/usr/share/cmake/Help/generator/Visual Studio 12 2013.rst	33188	8936d418c81760424bf34ce77156dd7d97857ced51056c4e92fcb7da9ca3ceaf	
/usr/share/cmake/Help/generator/Visual Studio 14 2015.rst	33188	791818bae893df377ede617f9e6b8c61c2c7c1342bb583de2c6339f1107579f6	
/usr/share/cmake/Help/generator/Visual Studio 15 2017.rst	33188	5e91432509ae38853a83926c5c0d1b5610934ff0273b79486bacce659a1a839c	
/usr/share/cmake/Help/generator/Visual Studio 16 2019.rst	33188	9b1e518df040a8fd2840f9787b84a70899eee3f324d8e5049a0b8d5037978084	
/usr/share/cmake/Help/generator/Visual Studio 17 2022.rst	33188	27976e599a2ee0fb5cc90e8a5b1f96bd468cd3403bf58abdbe8f777b2a64c3fb	
/usr/share/cmake/Help/generator/Visual Studio 6.rst	33188	8a6823b45779d62e4f5c3d185ce79d2564101862fb61fe2fbf401983d9320aa8	
/usr/share/cmake/Help/generator/Visual Studio 7 .NET 2003.rst	33188	4dfefa87abca71d15ef56a391c6b3aa896789a05efad1f2de3704865274527e6	
/usr/share/cmake/Help/generator/Visual Studio 7.rst	33188	3161b0f9cc1b0a57defd54dd242ec91d852bbc1fdcec423e4db6d03774f25687	
/usr/share/cmake/Help/generator/Visual Studio 8 2005.rst	33188	865f794cfcf6f1edc20e5baaad200056537d687e85dccf12be332f3cdaad4744	
/usr/share/cmake/Help/generator/Visual Studio 9 2008.rst	33188	37759d99816b154f210d4db1cf75d449fee7223d23ac7b78806817e13385ede7	
/usr/share/cmake/Help/generator/Watcom WMake.rst	33188	faf4863caf436f36fce5a2dcd01af6c989099b159cfc052c0edad4d2b21be479	
/usr/share/cmake/Help/generator/Xcode.rst	33188	0cf418e3a7b55135d21cfec4f089d770a22f65c694bbf2e5ece0149596423365	
/usr/share/cmake/Help/include	16877		
/usr/share/cmake/Help/include/COMPILE_DEFINITIONS_DISCLAIMER.txt	33188	dd9ae222cf049d092311daaaf8e9d605b3a8122670a3ec097caa7a234349250c	
/usr/share/cmake/Help/include/INTERFACE_INCLUDE_DIRECTORIES_WARNING.txt	33188	fcf3ad628543f7663eac28114ea5d9ecc228b5b2823215558f93999ae3469b80	
/usr/share/cmake/Help/include/INTERFACE_LINK_LIBRARIES_WARNING.txt	33188	d2f700d2817b321237666c7f08a311fd16ddfd8ca7c4512489f3d7be04faec40	
/usr/share/cmake/Help/index.rst	33188	51d7647b555116a1f1f58f9c04351190bb0c78225953261e90de643953fa5afe	
/usr/share/cmake/Help/manual	16877		
/usr/share/cmake/Help/manual/CTEST_EXAMPLE_MAKEFILE_JOB_SERVER.make	33188	0c2657289d96f782ed25e3cf281e3ab45e1b414615f42915d871fe5d0cbfe955	
/usr/share/cmake/Help/manual/ID_RESERVE.txt	33188	a03c61871e3ff14f57298ec69c14cea46c9dd9f0d57f5500c11f5b4f642f14a6	
/usr/share/cmake/Help/manual/LINKS.txt	33188	53ec3864dc673307772b29279a612627aafe6b2f78526bd99e31e60c5d1b02cd	
/usr/share/cmake/Help/manual/OPTIONS_BUILD.txt	33188	ccff60808411187b6b7ab0186848719651ca6e6c337ae678a256f20b8843a23c	
/usr/share/cmake/Help/manual/OPTIONS_HELP.txt	33188	a771e53be6e932271ac4b8f7866715ba277a882559e81cd7a47b2da103b73ef4	
/usr/share/cmake/Help/manual/ccmake.1.rst	33188	244fdf6f318558232234f0cb7f6f6944b498e0b7dbed3cca245a0d877d1aa1f5	
/usr/share/cmake/Help/manual/cmake-buildsystem.7.rst	33188	43a59fc95e9b85327dcc32732664ce3d899ea0f7393b7ab6a7dbad63d0917982	
/usr/share/cmake/Help/manual/cmake-commands.7.rst	33188	91df2d5e53df566d73649728a2bc6a2aea9ae760a5469c94721e2685ace1d36b	
/usr/share/cmake/Help/manual/cmake-compile-features.7.rst	33188	961b4fc5c202d8c1230a75b1ff07fa724693d9381dd59244daa722ca0adbbd65	
/usr/share/cmake/Help/manual/cmake-configure-log.7.rst	33188	3eda1853943ca5096ab7b8bd867d46287091940803496e1eb8a93e1045b7459e	
/usr/share/cmake/Help/manual/cmake-cxxmodules.7.rst	33188	87deea9a0b4baa7ba2bd57f0852398930cbcf8a02195377e41336ba9ff69fc39	
/usr/share/cmake/Help/manual/cmake-developer.7.rst	33188	057e73143bf5b746fc240e75c94bf7c7db934fa00d58c5fb16a4db3c3e8be363	
/usr/share/cmake/Help/manual/cmake-env-variables.7.rst	33188	a95fa5c1238d47d79d7bb48ab4e8b8288e3e908fbf5f1658b61949e830ebe568	
/usr/share/cmake/Help/manual/cmake-file-api.7.rst	33188	d2dbd5907e294169231336e07439b15ae68b0473fe776281dc7b53cac1d0111b	
/usr/share/cmake/Help/manual/cmake-generator-expressions.7.rst	33188	fa770490b8f736b158df90f207b2e2530b5bc3c4e961bad497589f4d6d6a1605	
/usr/share/cmake/Help/manual/cmake-generators.7.rst	33188	08d2688e0f03629344ce0a11c6454be2055da5151accc1ac4fd16eccd5d044b2	
/usr/share/cmake/Help/manual/cmake-gui.1.rst	33188	a8248004f08c19dcaa840fb6768f0adfbb64560eba6fbfb917998b6d57e088e7	
/usr/share/cmake/Help/manual/cmake-language.7.rst	33188	6151c106f1a9f90562674c085f1795d8eaaadb365b86427498808614f33eb1df	
/usr/share/cmake/Help/manual/cmake-modules.7.rst	33188	46f604416dd7b7565974885e4e8c1484605bda40ea3b270969769c1ea204d6f8	
/usr/share/cmake/Help/manual/cmake-packages.7.rst	33188	3522aad1233e5263aa1d59b6ef5925939d3f3714f5550f66404f58ceca7ed502	
/usr/share/cmake/Help/manual/cmake-policies.7.rst	33188	6854d1d325d9a2cf6285f22cc7f66a6b7a995d92acbeb1f3e9c63c9c39dea917	
/usr/share/cmake/Help/manual/cmake-presets.7.rst	33188	456a036398c9fe1a8ab301fcc5b25fc331858d32dfbf486dbc0fcef5f40f9c92	
/usr/share/cmake/Help/manual/cmake-properties.7.rst	33188	8a07ed3e624c34d40aa8ea673c5719c4be0d45a959b5cb23d950ba2dec3430d7	
/usr/share/cmake/Help/manual/cmake-qt.7.rst	33188	bb2af5b1f57f99cf924fd330bb9b86003e74ede77d03ce83b604433209695dba	
/usr/share/cmake/Help/manual/cmake-server.7.rst	33188	7087e341ad75cf1bd55340c9b7a1d67a761575224f74d63429178518b5ee0709	
/usr/share/cmake/Help/manual/cmake-toolchains.7.rst	33188	5dbbe7faee47a1419197e07f73a36e0c3f731a3698696a07e366ad2444ee2cb9	
/usr/share/cmake/Help/manual/cmake-variables.7.rst	33188	76597832a570a9bbf76352c27c033fdf701f9d20f6af31ea8fee152bff692777	
/usr/share/cmake/Help/manual/cmake.1.rst	33188	6dfdfbbc4c11049f0352a74b762913015cdfe53c8c53a30ea0af466fec505522	
/usr/share/cmake/Help/manual/cpack-generators.7.rst	33188	bbf83274e8bb9fc54306ad163f3005d9e1babf4996126633bd19b506a3d5822f	
/usr/share/cmake/Help/manual/cpack.1.rst	33188	b4584f1cac73b4d3af7a5e7cc0cab496fbb82c2d08905d1c51b655e02258d39b	
/usr/share/cmake/Help/manual/ctest.1.rst	33188	aac4881f3181f43b9ebd0a69a62ef4ecc46f464f366d91b5798bc2e784bafc42	
/usr/share/cmake/Help/manual/presets	16877		
/usr/share/cmake/Help/manual/presets/example.json	33188	b1fdbf4286a31dd0567de0a372f07eed22103fd6c673c3245cd1e75b3f29d372	
/usr/share/cmake/Help/manual/presets/schema.json	33188	218526d920244066036d7347e22c17cf8c0c56bfe3ddf6faff4ac0e2cbaff5b5	
/usr/share/cmake/Help/module	16877		
/usr/share/cmake/Help/module/AddFileDependencies.rst	33188	9f41ef10362217dc825f8fb5d2791cf9f54c359cd261a3fe47170a64b19dbbbb	
/usr/share/cmake/Help/module/AndroidTestUtilities.rst	33188	59ac2d55312a75eff93d543c7d03a085bcf4c500545d8b8482d7e29983e44dc8	
/usr/share/cmake/Help/module/BundleUtilities.rst	33188	390b73c2436115cdb2f42847528139d437f42fdd32e282202863d498441db1b9	
/usr/share/cmake/Help/module/CMAKE_REQUIRED_DEFINITIONS.txt	33188	c4647d33e88097f049237b6b83611dd37eaf3939c17de5aa7cae1ee853516dac	
/usr/share/cmake/Help/module/CMAKE_REQUIRED_FLAGS.txt	33188	8ec7168028af76eb3d60da0013c6258cf7bc0b43a9c86183664276ac2447a309	
/usr/share/cmake/Help/module/CMAKE_REQUIRED_INCLUDES.txt	33188	a153557bae41823df821614f436ca0cf623432dca8d7b84fa106ee5e1d89f422	
/usr/share/cmake/Help/module/CMAKE_REQUIRED_LIBRARIES.txt	33188	c0e5869cbba4be8ab6478dc7a8b6d7dd410a35a6796996fe1984149a152b867d	
/usr/share/cmake/Help/module/CMAKE_REQUIRED_LINK_DIRECTORIES.txt	33188	67e4cefa0bb2f975cb5779f4fcedf0b589df97b27488187f9887be4a5d04fe9e	
/usr/share/cmake/Help/module/CMAKE_REQUIRED_LINK_OPTIONS.txt	33188	d828adb198f0c48cf4c08ae16aecf2a0aefe29e8b64d00f07d3b2002024b2432	
/usr/share/cmake/Help/module/CMAKE_REQUIRED_QUIET.txt	33188	d68455c4dadbee9ecd8c4149f5ac69f41120a63d19ad1b613c487b3d757e7df0	
/usr/share/cmake/Help/module/CMakeAddFortranSubdirectory.rst	33188	cfa133a90ea87e645d67514567fa5b2d13f7323c834e678fbfac4fc1c9cc255b	
/usr/share/cmake/Help/module/CMakeBackwardCompatibilityCXX.rst	33188	d8a8e7622c072ad5154320dc6d7d9e6518502ab7087e819d099a20cdd7af4f1b	
/usr/share/cmake/Help/module/CMakeDependentOption.rst	33188	b92a73594871d6fde0b9f7f24ec5528a0110b7be53cd83a97490e901056f8376	
/usr/share/cmake/Help/module/CMakeDetermineVSServicePack.rst	33188	5162af27c661727d4ca6cda41bdba0309cc7c9b44abd9eb3ab4d128b25947371	
/usr/share/cmake/Help/module/CMakeExpandImportedTargets.rst	33188	48fdbac2e3971c10cae0ef5b99189d510a0e602cef7c92f458a84ebf1cd6ebe3	
/usr/share/cmake/Help/module/CMakeFindDependencyMacro.rst	33188	7aba59b56a4ef1511165315c4d2a8c6e1b25ad755bf3e5ff9daf4919c41bc285	
/usr/share/cmake/Help/module/CMakeFindFrameworks.rst	33188	9044b8157abd6fff491cde5dd75a8ffc307247838b39a1d277ce93b6344a3071	
/usr/share/cmake/Help/module/CMakeFindPackageMode.rst	33188	d9318522d8574a5915f21d72a3202135f086acbcbfc04b05750f6ad2a29c8e17	
/usr/share/cmake/Help/module/CMakeForceCompiler.rst	33188	a48d573a2876aaaaf5054e2665af8656764bbd89e2ae18ef0f3a251335853936	
/usr/share/cmake/Help/module/CMakeGraphVizOptions.rst	33188	09577b838b969ddef64f6c1e4d1114bdbb62250d6521b9fdf51112187b51dbf7	
/usr/share/cmake/Help/module/CMakePackageConfigHelpers.rst	33188	1976149ff332b269239d6e50d72b68f5b03b33838a6721e6048d58240234dd2d	
/usr/share/cmake/Help/module/CMakeParseArguments.rst	33188	581806c4960229527ab0237e30d0f37433e0cb926fc0c062ba9ab67fe7a3ee95	
/usr/share/cmake/Help/module/CMakePrintHelpers.rst	33188	87217becbb6c56843d5f43523283cedacdbd14593d65626b6646bdcd9dc221f9	
/usr/share/cmake/Help/module/CMakePrintSystemInformation.rst	33188	59eb5eddfab6d8864ef34e237835405bf555970146541e7a5da1b63d6b57dede	
/usr/share/cmake/Help/module/CMakePushCheckState.rst	33188	bbd7de0d09119f24cc95b9cdc4a30de5a1a1b65bbb39a8ca33c9514df2097d41	
/usr/share/cmake/Help/module/CMakeVerifyManifest.rst	33188	373fa747773ab49423cd1b71968a9dcaa7da90414eb5ff4c3bc6505144c540cc	
/usr/share/cmake/Help/module/CPack.rst	33188	c768f408c1d7e653b7ecbd12b6302ba865f66f5aa1b61979d4271b5fdc310584	
/usr/share/cmake/Help/module/CPackArchive.rst	33188	b923a520ec04de07adfe251cbe4a8ebc72ce2901a1da78550bd1ea961208c1c1	
/usr/share/cmake/Help/module/CPackBundle.rst	33188	010b126720e12edb5073b7496385ae95f9bda30c48a1e5af28b12940eaca8c5b	
/usr/share/cmake/Help/module/CPackComponent.rst	33188	836b8dcec181b736b75afcb0b43376f0b0ac8aa7ea4218f4a8dfc43b75e5faf9	
/usr/share/cmake/Help/module/CPackCygwin.rst	33188	6d736b7657ca8d93087a6c3b66a9ca79ebd96d4e190038a08c10e01535fe07ea	
/usr/share/cmake/Help/module/CPackDMG.rst	33188	d05efa02634a5ce0a616344a999b15d7e92e2827b2ae737210eb28e02ba85a58	
/usr/share/cmake/Help/module/CPackDeb.rst	33188	5dce1af4d924b7c409aa541e7d7a8d26e87ecf1b64e0de2409b49965e0e6fd44	
/usr/share/cmake/Help/module/CPackFreeBSD.rst	33188	696ce7fbedff7b385f7e468991a0119c076c136fb4d5341682c0347dcbaf85fa	
/usr/share/cmake/Help/module/CPackIFW.rst	33188	7c246d6781041c40c039df5a372608cc4b37783d9f8b019b4765dbb99c4389f2	
/usr/share/cmake/Help/module/CPackIFWConfigureFile.rst	33188	15def2f132441836fd5baf24558092ac96ba8e5082e500d747c491fd0bc193b2	
/usr/share/cmake/Help/module/CPackNSIS.rst	33188	25efbcd3a77cdacc33b1bcb83c1cbe4fd4a668626a7078008d57d61219d82357	
/usr/share/cmake/Help/module/CPackNuGet.rst	33188	eca0e7448cda1c493d480171c9871371fa9b9cbccd41b7ba7d0642a53b573063	
/usr/share/cmake/Help/module/CPackProductBuild.rst	33188	c17744d2694188601755640f574cd51eca2154a3bc7982a87a2bc153503d0caf	
/usr/share/cmake/Help/module/CPackRPM.rst	33188	c37885d3097e47159a204ce5e8f40dd5faf925847812417a68c44a1a1ffe89ea	
/usr/share/cmake/Help/module/CPackWIX.rst	33188	15b40c4a7361b868ea44df5e9ce187a87bc286cd4a03355eac18567ea9dd12af	
/usr/share/cmake/Help/module/CSharpUtilities.rst	33188	d0ec369d7eb9384cd154c678610f699ba5fc0e6b5c4adb5ba98652e743feb521	
/usr/share/cmake/Help/module/CTest.rst	33188	e4e8b4bfd722fd4a35e5b10ab0b83e73003d0d564044b0a79711b5aab0f355e7	
/usr/share/cmake/Help/module/CTestCoverageCollectGCOV.rst	33188	6bfbd365c3087f2e7bcd4bc54ee2af5e217ade3cf2e696150a362d808134d09d	
/usr/share/cmake/Help/module/CTestScriptMode.rst	33188	a7c48ec4228cbdaf30e33a94a322a60521be38c333dade3e20caccb0316c9c11	
/usr/share/cmake/Help/module/CTestUseLaunchers.rst	33188	a0822f4c43ac498b0ade890b9b725db993f83cda1c501ecea51002b2dbe9da8f	
/usr/share/cmake/Help/module/CheckCCompilerFlag.rst	33188	58973435ece91367b17112170cd9d2ec1d23ad7d46a2c076d3941a62c9887f37	
/usr/share/cmake/Help/module/CheckCSourceCompiles.rst	33188	29a500148c8638b12b962f56c8724ee7324cc2fab302069c293eb51aa00fff44	
/usr/share/cmake/Help/module/CheckCSourceRuns.rst	33188	acb134dcdfd1f21bb850dc5ad723002120bd211d9192e7cc7db8f5fa299ad774	
/usr/share/cmake/Help/module/CheckCXXCompilerFlag.rst	33188	a6bb6d76c6c240b02b0dbad91d83d7f38f1909d914d633e9c227bad2bbd6c803	
/usr/share/cmake/Help/module/CheckCXXSourceCompiles.rst	33188	a9c510188bb43b34ed7b73fd9e91d3b500836eb50cd61033312d846eb54c7d68	
/usr/share/cmake/Help/module/CheckCXXSourceRuns.rst	33188	85e8a619baddc39644e1bd66cebf01cf2989458cf31f4c427c96b8f9878461c9	
/usr/share/cmake/Help/module/CheckCXXSymbolExists.rst	33188	8fe20dca8b925847e36b76e445635d4b916c5926846184f5d35ca42279e6c632	
/usr/share/cmake/Help/module/CheckCompilerFlag.rst	33188	a5339a4796f9df64629911661a2626361bac12643cd0f443d5d8c387f5c6bd31	
/usr/share/cmake/Help/module/CheckFortranCompilerFlag.rst	33188	57156f4385577e3ea74721ce60415e6e6fc7e1bc0156e666a0d56db6c4b16e2e	
/usr/share/cmake/Help/module/CheckFortranFunctionExists.rst	33188	325d31dea6a08c98dd000b59ad1043c5fe89e885856d74814cdeb3dc786e9f7b	
/usr/share/cmake/Help/module/CheckFortranSourceCompiles.rst	33188	6710590c827cb3562d6b9903657c7b1eb21329af0ba742e0b575a0e9fc1ad54a	
/usr/share/cmake/Help/module/CheckFortranSourceRuns.rst	33188	cbfc073e2dc654155b6f621a6124d7465d3b3829aeb9f253f8bb749c97eaf452	
/usr/share/cmake/Help/module/CheckFunctionExists.rst	33188	fe57937af7577f8790c004babaf7c168a6c6d966e1f28ba33afca63b4cbfe1e1	
/usr/share/cmake/Help/module/CheckIPOSupported.rst	33188	72c13cbff6a22e3e6f1bd129295478e23953eb48db89d18720d3ff8390a50867	
/usr/share/cmake/Help/module/CheckIncludeFile.rst	33188	c53ec8eeec1e4c63543008f0a6b8b795c6670b048394ebd54db259c749d11eba	
/usr/share/cmake/Help/module/CheckIncludeFileCXX.rst	33188	1d3c029c3c9fbc1ca0a225e7359451eb6737dab2e60f149d6e4bf7a3bd3cdfac	
/usr/share/cmake/Help/module/CheckIncludeFiles.rst	33188	1378b6f601ed5a28d7b626a94c3418d453a62e1bd0acbbd431eee628ad929877	
/usr/share/cmake/Help/module/CheckLanguage.rst	33188	cb74ca20e5efd54010a453fdbaee6755d8e470b372f499195a10bb2f1969769e	
/usr/share/cmake/Help/module/CheckLibraryExists.rst	33188	65295f6ee82b0181954760665c8ab9361b0b8b8f2a3007f9e9d0ad4b32d999aa	
/usr/share/cmake/Help/module/CheckLinkerFlag.rst	33188	a53efbbba2a9768702323bb7854ad1592bc743e0ece62e2ef8413cbe10717c62	
/usr/share/cmake/Help/module/CheckOBJCCompilerFlag.rst	33188	efb3f91e974ce6f5e728f69190a43c5d332a66e24ce0ccec815c3a1c1100d00e	
/usr/share/cmake/Help/module/CheckOBJCSourceCompiles.rst	33188	85be84f0762d1faa821cad8be9ab62df13ca3a9b54b18852c7a6732b1e09675f	
/usr/share/cmake/Help/module/CheckOBJCSourceRuns.rst	33188	16553b95fa4dadc6d6797a6beaac2f128ed9a3a1cf0b2e6e03763b613d70e99a	
/usr/share/cmake/Help/module/CheckOBJCXXCompilerFlag.rst	33188	810f4d0cf982326678be445f1da05003d89e621c89836ed03ad95e502c4ab38e	
/usr/share/cmake/Help/module/CheckOBJCXXSourceCompiles.rst	33188	43a0983616df49eb8342cc17f5e4d3d087aae3e7807e3369df29a67a6b67f98e	
/usr/share/cmake/Help/module/CheckOBJCXXSourceRuns.rst	33188	9c84146d824eb5707f88248e8dca5a515c29708f4aa613568dfe7e23b7f4982f	
/usr/share/cmake/Help/module/CheckPIESupported.rst	33188	5119b668c16f91daa6e844c91d3aada80377b0980310948984a7b4049df8a089	
/usr/share/cmake/Help/module/CheckPrototypeDefinition.rst	33188	c52fe284e73e011cd91b1816143d5961107c780ba8d4babe9dfd05c927a54655	
/usr/share/cmake/Help/module/CheckSourceCompiles.rst	33188	19d6aeb0645b220e8b3c7ab306baadfa0dc032fad8e8265bcb657903979cf1bb	
/usr/share/cmake/Help/module/CheckSourceRuns.rst	33188	54061be55815a0337a24fced4003ee14156cebfe6d71b3959be81e3180dfc7ec	
/usr/share/cmake/Help/module/CheckStructHasMember.rst	33188	d5454921dbaae2b24be96642fce9bc1d2d534035c666e35d0ac2a4cb5fb3c45b	
/usr/share/cmake/Help/module/CheckSymbolExists.rst	33188	1067cd2467cad6b9e87d28d00eac4011bc10dbb474446a8dcc959e8f779c35c8	
/usr/share/cmake/Help/module/CheckTypeSize.rst	33188	ee53d15ab472d5c6eacf66d49a14bc7039e8a87532172bfd499ddec02f4bbf91	
/usr/share/cmake/Help/module/CheckVariableExists.rst	33188	2e568f30ee80229ae1cec8d290b45bbf0f08233cf8e5c07725513848b6475590	
/usr/share/cmake/Help/module/Dart.rst	33188	eff16509a81894644a0d5bbc71986bd0bcbb01675e3a3f5b9a6f1ef86572cb00	
/usr/share/cmake/Help/module/DeployQt4.rst	33188	55f125796e21735c8e79378ccdce40e3da96e150becd2d988100cce747c3abda	
/usr/share/cmake/Help/module/Documentation.rst	33188	f3ba98b6571002aa46320cb9945ce0da265f8290feffe7791c15a225864d02b7	
/usr/share/cmake/Help/module/ExternalData.rst	33188	8233c71c2f4d064c3f6759a4daeab119d134aadf86bb8ecebd772d4851ece0b4	
/usr/share/cmake/Help/module/ExternalProject.rst	33188	4f224cc8b5d8487c033168c4427e4aefcac022a9d85be12ce1db419f70985cb0	
/usr/share/cmake/Help/module/FeatureSummary.rst	33188	b127ae1b7f94ac9ebbf0eadd80656103343fa1d14bc54d86247a90d64502d2a7	
/usr/share/cmake/Help/module/FetchContent.rst	33188	95b70bd2b61509839cd0da19b39856501e3d97dae9a56387b641ada193915293	
/usr/share/cmake/Help/module/FindALSA.rst	33188	2609e149ad760ce012e3c09698340757739ef85fa9c899328b3f2a134a2812e5	
/usr/share/cmake/Help/module/FindASPELL.rst	33188	cf60ca9926dd14b51028d06f0e5e9c8dfe46a07f454f09b311057b1b012ee646	
/usr/share/cmake/Help/module/FindAVIFile.rst	33188	78b28552c8cd78ac6953afbf19bab7da66367fe646a84f7370beecbbc2cc9bde	
/usr/share/cmake/Help/module/FindArmadillo.rst	33188	5f75f7653e702865c706e3cf5864d9a30e649fe2bea76918bdeee4aac6c20b4f	
/usr/share/cmake/Help/module/FindBISON.rst	33188	707050b09e79252db9bda7d7afbe7bfce445d1548d94359889f874f50317cb75	
/usr/share/cmake/Help/module/FindBLAS.rst	33188	cabde37567ec30547f6c8c610ac42abd0ad09b4f7b73d5f8759410cb6f593c0b	
/usr/share/cmake/Help/module/FindBZip2.rst	33188	8b13d3be3879a18070e6996b97e4b07a83d9e516b89fca12fd5d13ac2568e0f8	
/usr/share/cmake/Help/module/FindBacktrace.rst	33188	580f7982c1681538de3a350798167bc7a9040dcb7fc3e28ae49b0216967132c4	
/usr/share/cmake/Help/module/FindBoost.rst	33188	2d0b2ff2f3b08a3a61a02034fb15b31dcf789e0d08f481b624ac4ecc42259fa7	
/usr/share/cmake/Help/module/FindBullet.rst	33188	069f1c86dad249c9587a2cd306807ea159a5ae126442f4b51a437b4ae7f4b329	
/usr/share/cmake/Help/module/FindCABLE.rst	33188	4860b2df6cb80de2b9ac8b16647b92fa5a595f3b10d59bfc8cb7710395158897	
/usr/share/cmake/Help/module/FindCUDA.rst	33188	643e8eed51ed1f83cc4aff1ca0492c736c4bc316e40794912c5954a88dbac33b	
/usr/share/cmake/Help/module/FindCUDAToolkit.rst	33188	7ecddb1ddb1170c77d528c236f95567e7f1bd08776ff6fc7eace7617fb3f9988	
/usr/share/cmake/Help/module/FindCURL.rst	33188	61bec1d160cab26b2e80752c1f403a380e62bd9078e84ecff0d24496df4ea23e	
/usr/share/cmake/Help/module/FindCVS.rst	33188	62dab2be3fb89ab8a9c3a46a0b29b541c70d9c92d8ac68bc257ebf99fd4c354b	
/usr/share/cmake/Help/module/FindCoin3D.rst	33188	5e416add08892f15ea80d44fbbd9be80454cfe361d61ea41c3702575a525b58c	
/usr/share/cmake/Help/module/FindCups.rst	33188	f46dc4ab62104c0cf74134272106147981d032f9bac0418ebd690c08a408618f	
/usr/share/cmake/Help/module/FindCurses.rst	33188	7131d869c13d8c8efd8d97db99cfc0c157621b5449f4dc5ac71261967ae3f17d	
/usr/share/cmake/Help/module/FindCxxTest.rst	33188	bddba64f917808ceac51232f61d63844d9395b6e99ee8ca29a7162dc0e4bc6e4	
/usr/share/cmake/Help/module/FindCygwin.rst	33188	215012aa0f6559b2d82dc7db43dbc347ddd79de5db2d4ee93e101ac634ea155d	
/usr/share/cmake/Help/module/FindDCMTK.rst	33188	811ff79c2ac79ec7bf6d0d9d818ab2ce2b160e91365ce64c429b6472c789f106	
/usr/share/cmake/Help/module/FindDart.rst	33188	3cd09e582a14169b021bdc9f8116e4aef7b7043b56aeac0857fe4a3110752c25	
/usr/share/cmake/Help/module/FindDevIL.rst	33188	d1bc0e4ac56c60f75e3ea0cc7d2ec1d7b58ae1d778ac8ed7feeaa48a1d24f072	
/usr/share/cmake/Help/module/FindDoxygen.rst	33188	76d8772ef81fc8001c8ac14eae987e315a61c1129c5d1b15fa8a0fa18cadea0a	
/usr/share/cmake/Help/module/FindEXPAT.rst	33188	1f8f52cb7d523edc4bf00db705684c5dd488f4b6c8127b77e211092a318893ae	
/usr/share/cmake/Help/module/FindEnvModules.rst	33188	6d571189da75dcfb982d05b94319e741e83ada9e44e70cb6e2e424a987ddc5bd	
/usr/share/cmake/Help/module/FindFLEX.rst	33188	74cb595e42cf6e1d713117d324c86eae7a3b6fad7c1df657ff2df8b76df2b428	
/usr/share/cmake/Help/module/FindFLTK.rst	33188	9d3ea3300857a5a7801056f26751ecbf1c5f4583eca637fca6d93eaaef1466d2	
/usr/share/cmake/Help/module/FindFLTK2.rst	33188	ea71ab83c254e6a9e8f782e5b2145b87eaf23a09704cf5ef651eef5497b6bf07	
/usr/share/cmake/Help/module/FindFontconfig.rst	33188	30e3c0f96b2b8d9f6e6e45681484e9a0bc32e0c4db62402e2141bdfabfb7d0ac	
/usr/share/cmake/Help/module/FindFreetype.rst	33188	36339a4528cd5a27b7bb8f74055df99f04c92a0f8bc3911cf8b809f6814418a2	
/usr/share/cmake/Help/module/FindGCCXML.rst	33188	f6b6edf4b5b09ea82f9c36f5fb817ab463e1bfd0294a0fafc6841b8386dc5a2d	
/usr/share/cmake/Help/module/FindGDAL.rst	33188	a303b07ac81e03eac7537adb67b80f73f2db12361cb8c11db93eb9122482d453	
/usr/share/cmake/Help/module/FindGIF.rst	33188	8aaf2ee18c57e181ff987f0aaf7d15ebcf22e97d9144143b22c964b9c8ac9042	
/usr/share/cmake/Help/module/FindGLEW.rst	33188	76bc94f5fe9e2e5a5b575e1551ba6f15bff8f9aad49d7485f437a0d0c95e5dde	
/usr/share/cmake/Help/module/FindGLUT.rst	33188	be76a96db9190d3bf7ddff8764ca5216145b16fc1fafba2c6d3c7fe0369c548e	
/usr/share/cmake/Help/module/FindGSL.rst	33188	7e401ce66880a65ec1e3578fd23f7cd313f3bda94baea005a50110deae0057cf	
/usr/share/cmake/Help/module/FindGTK.rst	33188	59f25481b4e96d92a2e1b4ffb5e69d1ff0f556616ecb9e41cf3d75e803923656	
/usr/share/cmake/Help/module/FindGTK2.rst	33188	aa0a9394d2ab00610561fd3d46680b168fe827bf82142a4e598f48bca5942a97	
/usr/share/cmake/Help/module/FindGTest.rst	33188	e8819c8a5fc80a42ce6d243b6c47fee607f68d9397c968ba762c177be58368dd	
/usr/share/cmake/Help/module/FindGettext.rst	33188	672451a2a3f06ba88f2422c9603e2149bf65b85c8ce0b53a783b024a06caaa2b	
/usr/share/cmake/Help/module/FindGit.rst	33188	82af0f2665b9a6fa276b76eaeb7cabac8503edbdcbd1b8f779fc17869cd68a34	
/usr/share/cmake/Help/module/FindGnuTLS.rst	33188	51ce5e22a0d625c05a4d10df35e25e0be4a3b37b53b70ed929c230abbb54c7c8	
/usr/share/cmake/Help/module/FindGnuplot.rst	33188	3e8674ddb8235be3291d73eec4452c547a8b9298adad27efaa681c70aff1e9c4	
/usr/share/cmake/Help/module/FindHDF5.rst	33188	615d30c0e469af0790930a4b0141fd6a01f6943054e923017110f6b564381cb2	
/usr/share/cmake/Help/module/FindHSPELL.rst	33188	828b4057ba8fa100d3c455f5dddbc528df7b76a8278485b5f80aae8b78581114	
/usr/share/cmake/Help/module/FindHTMLHelp.rst	33188	b6f929ff123c964d49958ba98f048616b090227e48ff1d7b3256af37168484ec	
/usr/share/cmake/Help/module/FindHg.rst	33188	1c580957257dd77a8b662b64306e92c178d772b7db0188ab3cb4312c7df6812b	
/usr/share/cmake/Help/module/FindICU.rst	33188	4cadea04c18838685c6760876c2a883ea4d16f79a3c0f6000a7f9cbb5f061357	
/usr/share/cmake/Help/module/FindITK.rst	33188	5210adafee504cdf684eed3d66e7bd37728b4ea412f08bf06ff8dfd7ac7f97cf	
/usr/share/cmake/Help/module/FindIce.rst	33188	9245001fbd2009a124c68527d6b56d05e76a91600689b6fb1cbcee4ccae606cf	
/usr/share/cmake/Help/module/FindIconv.rst	33188	c1d38fe0045215e4b6055e75e63e07c5d6eb26d22eb7b02f53d879e8264c23bb	
/usr/share/cmake/Help/module/FindIcotool.rst	33188	cc0e34b51988a8a3e31bb6b016ebbfac43f5dd6dd2ab787b0d8f47c52fe8796f	
/usr/share/cmake/Help/module/FindImageMagick.rst	33188	91b1a69acf9c098633346c85536358736f61f0ddb933ab1c3ab86402d3a4e21c	
/usr/share/cmake/Help/module/FindIntl.rst	33188	3b218feb8a3d1534e2c3b884eddec2e9df7bbc4095de4bd499c8b38f41e50580	
/usr/share/cmake/Help/module/FindJNI.rst	33188	143bdc40519b12bd70d1d5a1547a7b435744492a3ab83f1ea392c2682fe857dd	
/usr/share/cmake/Help/module/FindJPEG.rst	33188	e896d6156d5245c06a59696c5a07f50cc5de9705d3ff17133a3975b02f1cb4e6	
/usr/share/cmake/Help/module/FindJasper.rst	33188	8709d7075e52e4995ccf4e4b299dbaaf4ce3084d46b79ac96916a270f9052a85	
/usr/share/cmake/Help/module/FindJava.rst	33188	ff24f12576a23910a38cb4d8ee398363743fd1c1480b60724284dc1b745599f3	
/usr/share/cmake/Help/module/FindKDE3.rst	33188	4e556d0cfc34997ee47eddf0e62eb361b9bde193643452258462100e6c6c74bd	
/usr/share/cmake/Help/module/FindKDE4.rst	33188	bed3087e1814af5ed824b1d6203bef20d63e626aa8e10bfb4484801dc77249d0	
/usr/share/cmake/Help/module/FindLAPACK.rst	33188	51cfb1dd3421f13ba42c8423b5e3174ba48b4fdc8db13895af91f6fee1dd03cb	
/usr/share/cmake/Help/module/FindLATEX.rst	33188	8e4b2a94250e1b9479c2aad67bc988135e84e742f71f3ac071c4b864d0223e2e	
/usr/share/cmake/Help/module/FindLTTngUST.rst	33188	8bff6c359b4642f8e37c88b628214bd18d3e53e9381c61b0b00d789675b78fc0	
/usr/share/cmake/Help/module/FindLibArchive.rst	33188	40218801168fe32477ff76a2a6b3671724a8f111f919d1024361f28686306a3d	
/usr/share/cmake/Help/module/FindLibLZMA.rst	33188	44911be01936adca511fb755cf43483c7715465735158ede187aaa23338c0c3a	
/usr/share/cmake/Help/module/FindLibXml2.rst	33188	e351f28ebbeff818f278dadc9ed20d425a74140665c3ab9087f893ca7565cb19	
/usr/share/cmake/Help/module/FindLibXslt.rst	33188	defc3d98825b218f5b2ef955eef42e031a3e8fbdc3c0abdb5e8f8ceb5e986866	
/usr/share/cmake/Help/module/FindLibinput.rst	33188	efbc2d8defb7e043645b902e6786700b8c8b31c514ee2933f65c68553e7bedc2	
/usr/share/cmake/Help/module/FindLua.rst	33188	e72876f0e82e268149011c17d74eaaa12ab906a49b242406547483b6b4ca7574	
/usr/share/cmake/Help/module/FindLua50.rst	33188	edd706df6393894f20af0c1f0709bfe80702fbe9d8554888171a04f9463e1a25	
/usr/share/cmake/Help/module/FindLua51.rst	33188	bcc46b1540db9d49c4088f2dd4a99f85b5d9b18352ff36db94ce09009fa55801	
/usr/share/cmake/Help/module/FindMFC.rst	33188	201ab17aee29d65533cbaf95c7c12b1748ee66b511461a5d484bd5b78855edab	
/usr/share/cmake/Help/module/FindMPEG.rst	33188	298c9390fc267c2f95ee5d8082c51a15f8db79e452263ce6bedf5ce420f9a115	
/usr/share/cmake/Help/module/FindMPEG2.rst	33188	d2c0235b1b206452b46526c5ed02f92faeca6d2a0c2b5909f6bab78e927e3820	
/usr/share/cmake/Help/module/FindMPI.rst	33188	74b408964736252ce74b45d5a246ab261ff0201c467bc6b769bcf606510a27e4	
/usr/share/cmake/Help/module/FindMatlab.rst	33188	debc2346443e9f7d3858a55c1ef311f747c69503bd9d79b0984bde02d109693f	
/usr/share/cmake/Help/module/FindMotif.rst	33188	d9961f2f7528f28a168adb2a190603c5c8694f6b80b8ff32ae35d009015fe4aa	
/usr/share/cmake/Help/module/FindMsys.rst	33188	36e42d7d019f43248aa06c9b77ce8a3b4958fd3ad5a9ebc70dba0fe608e2987e	
/usr/share/cmake/Help/module/FindODBC.rst	33188	0a9ec0b6747f0a1062015047e63e86ef75bcaf67b3197bf048bd37754d2c8614	
/usr/share/cmake/Help/module/FindOpenACC.rst	33188	b628bab6d818238e91ea925b6af1d89c2a8aba6e62f69092baf85def61e96fc5	
/usr/share/cmake/Help/module/FindOpenAL.rst	33188	ee9a4ee9fc60eca116b66730961322d055d6d36ea5f643edf44aeed9dbd637a5	
/usr/share/cmake/Help/module/FindOpenCL.rst	33188	d9a8285b050516b871d3c16ee75ccc37a7972ec3aba88e7695bfb8eba55b3f25	
/usr/share/cmake/Help/module/FindOpenGL.rst	33188	c88e390170673615b8d0d756deae12f2119c4ebb7a841595a1a3229794e999b2	
/usr/share/cmake/Help/module/FindOpenMP.rst	33188	1aa1823064466fb16ad9d205612e006dcd8be9f967671a39e8846a9bfd00d8ed	
/usr/share/cmake/Help/module/FindOpenSP.rst	33188	16251785e02bf0c57f6667681ac6d089ab152c2e9d765ba2576ba4776759d0d4	
/usr/share/cmake/Help/module/FindOpenSSL.rst	33188	d0b84a21ccfdf501ef783be2d4fe96ab93a78adc27cb0a20e2033e4f6790cfc1	
/usr/share/cmake/Help/module/FindOpenSceneGraph.rst	33188	a6f476e2c4186d86770389fc4ab68a7bbb7315c23ca19b0d1d65ed3f43e3e451	
/usr/share/cmake/Help/module/FindOpenThreads.rst	33188	84f03ff17d6cb9a3f6a04dbd5a63ea98b26c1efb07888f54391fd87567430859	
/usr/share/cmake/Help/module/FindPHP4.rst	33188	de0aeabe48d405a08a4eb00241414fd7553f7da0d6f825e7015beb05bcc70847	
/usr/share/cmake/Help/module/FindPNG.rst	33188	5c604687a1057d384a81534c45e833d5b1075859488e983fb60d507fdb419e04	
/usr/share/cmake/Help/module/FindPackageHandleStandardArgs.rst	33188	614723423e28e542d789567b0482602e93300b9ab3a295edc5e9c5f536d2f4ad	
/usr/share/cmake/Help/module/FindPackageMessage.rst	33188	9dad49741b9bfc788ceb3b84eebda8cc39dd005124687179979bfe5058e17946	
/usr/share/cmake/Help/module/FindPatch.rst	33188	f0cb32f5c7bda690b29543c283f663271eca33fdb32bd01e8253c1bce799d332	
/usr/share/cmake/Help/module/FindPerl.rst	33188	8d4b69592df25c91701ed291a3e62ecde1f5ff0df5f4189d9a9aad3327b30e95	
/usr/share/cmake/Help/module/FindPerlLibs.rst	33188	179c35820d1d7378a9ba53e06796c66f89787516c50aadc609c4cde96edbbc9a	
/usr/share/cmake/Help/module/FindPhysFS.rst	33188	21f66f43082c5b6a5e7ef15b8494a9109dd0609c9cdc6e66d949738bdd8cea58	
/usr/share/cmake/Help/module/FindPike.rst	33188	7ca65c142420e68afcc098a1dc01e26a3e5ee4d7bbb2b04e31a57b9afd959e16	
/usr/share/cmake/Help/module/FindPkgConfig.rst	33188	6b161e24189340a5b948f4e41860756dbe9474fb94450dce4a8b7f10e5930714	
/usr/share/cmake/Help/module/FindPostgreSQL.rst	33188	0846c03b10ce12b08b2c51fe6b23ab0fe90d2ad4b7fb46d9a8f056a906c30957	
/usr/share/cmake/Help/module/FindProducer.rst	33188	b2ba18fbf06cd7d9de0b63dceab6556f3789dac5a3b587bdbccf8802a3e903b1	
/usr/share/cmake/Help/module/FindProtobuf.rst	33188	01b585f2a19e99081d95be725790f6b9f4adcf7b637b5d62675937ae5ccbf0cc	
/usr/share/cmake/Help/module/FindPython.rst	33188	d88ee31aaf5edd47dec4689a0b7db46df0bc4735318bc3869e6a8e68a4752e99	
/usr/share/cmake/Help/module/FindPython2.rst	33188	bd636af4c5687d7f64003d159752ae4bc9e72d33a20682cfa937966b49e53c9f	
/usr/share/cmake/Help/module/FindPython3.rst	33188	faa60fd818e2cdd8d5507be0ef7ba46d95c41361328dc950d0877def0434dbac	
/usr/share/cmake/Help/module/FindPythonInterp.rst	33188	cda536e8b2e89313238d53b2e4a02582121af2d41073754b128efaa84d4234e0	
/usr/share/cmake/Help/module/FindPythonLibs.rst	33188	d8fa2137aff4d403a254d43ae5ecd81a89609607f07dddc4cb7fa5e3c92618a0	
/usr/share/cmake/Help/module/FindQt.rst	33188	b5dfcb7b1cb51c003ca5e6f5c6e4c63abc47db65418120ed37c054fc47b3d259	
/usr/share/cmake/Help/module/FindQt3.rst	33188	451ac36f456972ae3140844f96191401d44f577ec1763baea2e31cb4e80ac25b	
/usr/share/cmake/Help/module/FindQt4.rst	33188	4b7cabaac86a716a99e3879d5bc22f7ca06260d83195dc7e3dcfefe78099284f	
/usr/share/cmake/Help/module/FindQuickTime.rst	33188	2e0c9ce96f542733fee69ced4e9589f3de2bbaa04b15de3c9af8ef5adc7b2446	
/usr/share/cmake/Help/module/FindRTI.rst	33188	ef2d284698514dbe8a814367ac9854b1c2b86d350184832757f23ffe68c20e39	
/usr/share/cmake/Help/module/FindRuby.rst	33188	c45df1b2a79933c57f9b3dec59756d91dab94edd8fb31dbce2bdc49afa4e805e	
/usr/share/cmake/Help/module/FindSDL.rst	33188	41a8aca4db8b1d50f77cc8d94078345e9908c6100b121c789a3195c22df17433	
/usr/share/cmake/Help/module/FindSDL_gfx.rst	33188	0c550987ec4e3bd01e30f162d27556687f9a1e005de8186673e9bf0bc7f53cec	
/usr/share/cmake/Help/module/FindSDL_image.rst	33188	d43dfa9eefa7f50c826e24252710397868128529d6a86831f758ada0f06a04b7	
/usr/share/cmake/Help/module/FindSDL_mixer.rst	33188	8d83cf340ac6461322ea87f665e5435457e77dd6313042e588735ce2b537154c	
/usr/share/cmake/Help/module/FindSDL_net.rst	33188	3916cd467b2aca212834bb9dbeef4ceb6a32686f85cdeed98cdf4fd409df77b6	
/usr/share/cmake/Help/module/FindSDL_sound.rst	33188	bddbd9f2071a78a570b057abcaacffbbd50c7419b18948f616d373f1acb27108	
/usr/share/cmake/Help/module/FindSDL_ttf.rst	33188	82af336a105fe84993e0369a03bd6b3694beb08db538c121b98a54f197d32003	
/usr/share/cmake/Help/module/FindSQLite3.rst	33188	df1dacf6659d904b304899f4ec02226306e930efe191518c43ce1c355b6ad43c	
/usr/share/cmake/Help/module/FindSWIG.rst	33188	35d9712e2e9c6c3bd867dde173283cb3f2d2d6759b2c05e06cd1106cdc52d368	
/usr/share/cmake/Help/module/FindSelfPackers.rst	33188	5b040493a536febb3d0541b2992c51dc53d735192225e70f42d125ea697a330b	
/usr/share/cmake/Help/module/FindSquish.rst	33188	8a06cc0e9ce5892cd239b2ab53446caeb9d7b6f23444b1aaf12a9a3ed1121221	
/usr/share/cmake/Help/module/FindSubversion.rst	33188	dda35193763dcf6aadc28f2eaebd5ae416d72410ad5ae385d695f7dd10d4252a	
/usr/share/cmake/Help/module/FindTCL.rst	33188	67d50a8260ef2bf847eed748b70a81d2df094e0507d93ea246aafd2b5b27b74d	
/usr/share/cmake/Help/module/FindTIFF.rst	33188	e765a60f6b6b5464df23e28ad7f4a885a5d6fd1540f13851854eb314800110eb	
/usr/share/cmake/Help/module/FindTclStub.rst	33188	78a23962a1af93af826d5576f854d16e647ceea1528e090961f041a6f41a4836	
/usr/share/cmake/Help/module/FindTclsh.rst	33188	8eef45394b77b42f39d395d14f7933a9670c0e6c5ce256f0be51e0dbdf712076	
/usr/share/cmake/Help/module/FindThreads.rst	33188	64fff30ff5368ef16555098b549dafff462d973b46bb35d5866cbaa48ec10972	
/usr/share/cmake/Help/module/FindUnixCommands.rst	33188	ed8860c2dd93f5ebdd46eed2b8b2db73d756be6c34d05e9bd9261a103a35a57c	
/usr/share/cmake/Help/module/FindVTK.rst	33188	c8c0713eb5d0150a3196bb0c947fd999ed5d43ec86b7eb3a0ba6fc459ec14b62	
/usr/share/cmake/Help/module/FindVulkan.rst	33188	f8989fc43d75d8791f0c65d2972042d555e5a0b6a362aadcc918150c0a8bb104	
/usr/share/cmake/Help/module/FindWget.rst	33188	b287bf3e6b7dfd473c93c9dea1eb6ecc1c9c0a5aa129db5f31d27f6e989baf22	
/usr/share/cmake/Help/module/FindWish.rst	33188	2ca95ab8f9b9a1ed06885f0eb8bd5dc8863393a18d32833c28f72d4a0c40ec09	
/usr/share/cmake/Help/module/FindX11.rst	33188	c592c8769ed280dd7bbb9081c8ccc8fd336e1184afb377116111cecbaea79126	
/usr/share/cmake/Help/module/FindXCTest.rst	33188	ac1e85892419ded039e86f7faabd828f2dea2b76af88cdf6203bbfecfefe5ac3	
/usr/share/cmake/Help/module/FindXMLRPC.rst	33188	6b2aeea3e9ad0fa5add7eefb3d94eaa72e2b9efe7955b01eb594be5cbfc2cc71	
/usr/share/cmake/Help/module/FindXalanC.rst	33188	7e19d22f263d41b1101759b70bd0c5267082a748ba9b32cf47ef8535b34e1b6a	
/usr/share/cmake/Help/module/FindXercesC.rst	33188	d7120ed7621fd7890c2b28a7c8b6c71bb5a15253a3a92a8a44ec14ce6510e749	
/usr/share/cmake/Help/module/FindZLIB.rst	33188	a02821e8cd64a4d8efb136b5ec097554ff1b8948c4dc9805fac67138f8d23611	
/usr/share/cmake/Help/module/Findosg.rst	33188	a309657edeaa171984663c9afe7bbb6513f3dfe810c2f6cb93c2ab18b9b43436	
/usr/share/cmake/Help/module/FindosgAnimation.rst	33188	7060c2e27c53ddc49eb72981e865b216dd378d9f31fa2ad1417910aedcef5e47	
/usr/share/cmake/Help/module/FindosgDB.rst	33188	eff4b55bc06393cde75289397b90e91ab374679dcb5954264653c27cdce72259	
/usr/share/cmake/Help/module/FindosgFX.rst	33188	6fc72b6176f4f0c55012dfeb1589a2f42604c2bd2646da514934b5bc56d7467f	
/usr/share/cmake/Help/module/FindosgGA.rst	33188	49867a39b9bf6dbecaa67add79dd7c5bab2a411bf864d295ffee22ff48348a56	
/usr/share/cmake/Help/module/FindosgIntrospection.rst	33188	7ba7f05f281a81dac263f846563d29128246dd7d4d44ac5b61df62da7e93dad2	
/usr/share/cmake/Help/module/FindosgManipulator.rst	33188	a2732531cefb821d91858e3619fd129bae9d6fe4eb6ed8b28a249e21417aa6de	
/usr/share/cmake/Help/module/FindosgParticle.rst	33188	76af993adcbb0c79767ba3fe99605fdcac3c6ef4cb850d3e17d35cfd739f1a14	
/usr/share/cmake/Help/module/FindosgPresentation.rst	33188	63828a10a022eb72995b79f6f3bf5b2e2f1211a8e21ed323ea524cdddd1dcfce	
/usr/share/cmake/Help/module/FindosgProducer.rst	33188	ccd726ccd8b2879d89b8a2cc5d0a5bb3fbbf401b191832b9391a09d7ec0a05d1	
/usr/share/cmake/Help/module/FindosgQt.rst	33188	b2501b713e1e23df163683cd8ef5a6dc54a273f6c97be0959476ca0c8aa7283d	
/usr/share/cmake/Help/module/FindosgShadow.rst	33188	3639a0bba1680d036973507e826593a827bec2727e85f59f5f8744f6c7c6cc55	
/usr/share/cmake/Help/module/FindosgSim.rst	33188	ea9d65f75dca1eaa381bd00bc238af9d04037d5b4d88d843bcf18c2ab9c57932	
/usr/share/cmake/Help/module/FindosgTerrain.rst	33188	3ac9d5b9a5a11aa96cc9e201feb0fe81c0b0f3dadb68a1cab819fadd5c8d81d2	
/usr/share/cmake/Help/module/FindosgText.rst	33188	36e37062ab9f7e53b1705a2ba8ed3f1a0d35b9951f19f19e0010f0128ed6ecf8	
/usr/share/cmake/Help/module/FindosgUtil.rst	33188	13856cde3265eddda2884aa60ba50bafc863ea2e57248dfe31f3730ebc940abf	
/usr/share/cmake/Help/module/FindosgViewer.rst	33188	8452ca04cd39aa860a0e3371e2aeec615f1d9411060665094aef7c2b0f2bd4cb	
/usr/share/cmake/Help/module/FindosgVolume.rst	33188	8fbec09f7371b2c374db07a220d5382dc2209616f5a3fe55e114a8f749f55c5c	
/usr/share/cmake/Help/module/FindosgWidget.rst	33188	3ce9302b1683b904694aa0c5cea75df801029fa0d417cb729f4437ec16bc31f9	
/usr/share/cmake/Help/module/Findosg_functions.rst	33188	28b92c372b1767a470c4ff868e13d0e66b5e817d84dfb6132eb45ec815d657c4	
/usr/share/cmake/Help/module/FindwxWidgets.rst	33188	3fde556fb2d206aa6c9cac96435ddb157552fa173f654dd3bf20b9f260028b92	
/usr/share/cmake/Help/module/FindwxWindows.rst	33188	43d45f17a2c542db4c9c0d97becab0edc90d6a4dab6744480c7cda8d60f5844a	
/usr/share/cmake/Help/module/FortranCInterface.rst	33188	f84582138e4a41378b1f0813911ef04658b0b5535bba46be85f1eb74a553cdf9	
/usr/share/cmake/Help/module/GNUInstallDirs.rst	33188	2bf73b8238450e866922f40bab09004b25f935f735354d7f713df1be1c2e10a0	
/usr/share/cmake/Help/module/GenerateExportHeader.rst	33188	b34271a52ce9b57928a245c6e47f807ef458b78e7e365f235caee7ee8ed7a84c	
/usr/share/cmake/Help/module/GetPrerequisites.rst	33188	0f90861afdb4ca0a782221ae85542e0fefd5e0cf97bbd86b8e3bbc5821a36d5a	
/usr/share/cmake/Help/module/GoogleTest.rst	33188	4c9e6ffa2cda9d7c0bbb750f5cf288abce46f577255e9672ebbb251b0bf22fa9	
/usr/share/cmake/Help/module/InstallRequiredSystemLibraries.rst	33188	f08aacaffa3a25bcd1b39f6b9a96982d41cf711c97cf4c4ca7d3312082559dd9	
/usr/share/cmake/Help/module/MacroAddFileDependencies.rst	33188	cb76f8c359881210d645cd5f349c5265c16235d1ea6fab27108a5b8632ef9f8c	
/usr/share/cmake/Help/module/ProcessorCount.rst	33188	4c66cb136748b497fc5591e490d3795c6a63808c013b024a279df05644c0ae86	
/usr/share/cmake/Help/module/SelectLibraryConfigurations.rst	33188	edd094a94ee4b3b104e9243fc3b1859d5886f9b769adffd599e3a6c8b062f82c	
/usr/share/cmake/Help/module/SquishTestScript.rst	33188	7140f37c50b72a45608d86f3f323c121caedb45e43b7e0bb444f5147be550941	
/usr/share/cmake/Help/module/TestBigEndian.rst	33188	0c8bbd7c07a8c12960d8cfcb6a1af0f4e8010f17568b07a785510718f89eac42	
/usr/share/cmake/Help/module/TestCXXAcceptsFlag.rst	33188	77e929a067cf990a60fcb88b978cfd01d932ae022ece7bd1319a7f32a61beac8	
/usr/share/cmake/Help/module/TestForANSIForScope.rst	33188	9e2d6e38a77e1a0e41ac09a3d78b8fd80b9fde6c796d985128fbec8e63a68e20	
/usr/share/cmake/Help/module/TestForANSIStreamHeaders.rst	33188	7ef5ae00ecd8c8a14d99f4ba2ac645d10fbb679424bc08817b11bb8e2143fb9d	
/usr/share/cmake/Help/module/TestForSSTREAM.rst	33188	0c57bcf5bf71d99427f4c7c0a1d2f5f5ea4aaeb878e40c56644da1e6310ff2a4	
/usr/share/cmake/Help/module/TestForSTDNamespace.rst	33188	4fed9951457643336fe89e0fd8e2fbdcfb2496a06bd70df3ddbe61ca98c36dbe	
/usr/share/cmake/Help/module/UseEcos.rst	33188	7f12314d312e64f754b052a560b6140cdcd1d37eaef0fcc829c95ac13b16f69b	
/usr/share/cmake/Help/module/UseJava.rst	33188	69434c7ded40dd04ca27f7919da0fe5d59395785fa2964c29bf6ee1fb422cfa1	
/usr/share/cmake/Help/module/UseJavaClassFilelist.rst	33188	bec8aaa1f7cac8327822efbe3c5158ef0b7488c07a846f70c942258ffbc1dbce	
/usr/share/cmake/Help/module/UseJavaSymlinks.rst	33188	492417aa3122e1475d3a853f89ff4def7ecb503cf3f7bcb32ac4230848096165	
/usr/share/cmake/Help/module/UsePkgConfig.rst	33188	ec8c7c0287f017aaa7fd9dc3158f9ef5a750fab744eac94fa47160db11100308	
/usr/share/cmake/Help/module/UseSWIG.rst	33188	b19897eb4b2307382eb44d7922962f7a228b74bb93c4a953f2d1fe42a92d0a59	
/usr/share/cmake/Help/module/Use_wxWindows.rst	33188	4987949eead53d1429031f635aeaab719d7b09d256433bbf174aa10ebe01e682	
/usr/share/cmake/Help/module/UsewxWidgets.rst	33188	15e7428e2ecc87dee9fc6c5aa5ba870942c7b89a69d515e75d1caeb35079922b	
/usr/share/cmake/Help/module/WriteBasicConfigVersionFile.rst	33188	c76f3b7ddf18a7ab0e4a2f63c3567b2c3fffc05302d02617e4b87c8f624ecf1a	
/usr/share/cmake/Help/module/WriteCompilerDetectionHeader.rst	33188	a1cc453037df8ab6ce47968c7c20abd376d346045c63ccf3250590a3e80e4694	
/usr/share/cmake/Help/policy	16877		
/usr/share/cmake/Help/policy/CMP0000.rst	33188	bb2fc50f6c2722376e1966c9f05faf9b9e15c08245b0234b2014cccc1f400f5d	
/usr/share/cmake/Help/policy/CMP0001.rst	33188	6ad77bcd1500cb1460050c1697b3d6e05aa0d6e83f7a4cf93eea2f5f4a7f25df	
/usr/share/cmake/Help/policy/CMP0002.rst	33188	5a673100c0dfbf003c9bcd1082f1ae3a913441af322bf615ede5316accb70880	
/usr/share/cmake/Help/policy/CMP0003.rst	33188	da95d536c7aecc1d88fb221fc227eea9976242ba71145ba8b9c090d5b9162a11	
/usr/share/cmake/Help/policy/CMP0004.rst	33188	9a2be120b5c458ec7f372fba510f4226f0b04a99645c3791b83684a450e976ed	
/usr/share/cmake/Help/policy/CMP0005.rst	33188	a30da9d9f573fd6052671243a233acd00a74bd60a4391eaf922c1faf71d0f44f	
/usr/share/cmake/Help/policy/CMP0006.rst	33188	dac5ae8b06648915049ecc7020dcdc50e77b41f37f6f4c88c18702d99ff62657	
/usr/share/cmake/Help/policy/CMP0007.rst	33188	48364beb35e0768a5bd95a5b43184cf9e7dcee34c422ae525cfc480124e7fc7c	
/usr/share/cmake/Help/policy/CMP0008.rst	33188	932b02ee22657912026ca11d0fc8f8a07953f15cada3135f64f487d12aa28098	
/usr/share/cmake/Help/policy/CMP0009.rst	33188	ff671cc7b44384c6409e62355fde7aa265805389158d9a5daa29e1246c4bd517	
/usr/share/cmake/Help/policy/CMP0010.rst	33188	8fab2c6892850d696d79a57f42259a8a8de2a3b17541b587b7dac3799389a269	
/usr/share/cmake/Help/policy/CMP0011.rst	33188	b90220bed2fa04b9fb669b6cd56e0c6b027423509cad19771e76aa548168ba73	
/usr/share/cmake/Help/policy/CMP0012.rst	33188	72dc0ad26c86c345ff6ef4275cbae62830baf558ec31e727f4a795a38749bbad	
/usr/share/cmake/Help/policy/CMP0013.rst	33188	8149470fa2221dde198ad53d453a778e92a6ed144169e9c58950dc903ae59d86	
/usr/share/cmake/Help/policy/CMP0014.rst	33188	7e9c9b3f9f75c8ff648a25eee1904fca77a6ffffec6c0f9d319805cb5be1b26b	
/usr/share/cmake/Help/policy/CMP0015.rst	33188	f75d1a1c4d558af52ee5b62b540f296b8a944640dc1636f0c2718a26f0419b45	
/usr/share/cmake/Help/policy/CMP0016.rst	33188	f3371bda38d476b0d4f027496d69d53b787d313cb67f61462f679aa7098d7660	
/usr/share/cmake/Help/policy/CMP0017.rst	33188	382767ea642f7742b901c5af04b38e5d3be5d9713b8bed70e625626702da8896	
/usr/share/cmake/Help/policy/CMP0018.rst	33188	6ee62ede4e247743813d1eba16d8f517895ee0b4a05f1154bbb5bc7f239eb237	
/usr/share/cmake/Help/policy/CMP0019.rst	33188	7809d8f05afcf2072ce5c081e4c1a135da549c500a5255ae8e894101811ef239	
/usr/share/cmake/Help/policy/CMP0020.rst	33188	5ca86fa55db1611362e3b6bf2cabfd3d13d31ccff95a985f37e780284fc44ad2	
/usr/share/cmake/Help/policy/CMP0021.rst	33188	955388255b8e29d071e97ff36d86ff7d00a54b26b4e14603ab0c4ca74f30ab8c	
/usr/share/cmake/Help/policy/CMP0022.rst	33188	f52010071cb353e5639c092946ae7519014de3f497512d83af5d500ddf4e6233	
/usr/share/cmake/Help/policy/CMP0023.rst	33188	a37b71d866668bf1afcf756ad42b35e3d6a8491bed8f67012efc4d54a7e3fc93	
/usr/share/cmake/Help/policy/CMP0024.rst	33188	9a50f60f7e755a939e807444f37c3480102199a7561c418a6f4840d9edb3441b	
/usr/share/cmake/Help/policy/CMP0025.rst	33188	d4c140ef4b4df0221e83bc4b749a0b34b9696486a69388987c2117766b2f237f	
/usr/share/cmake/Help/policy/CMP0026.rst	33188	a98e157fb1360b9c2d763ba167a08e3ef6b975b6ce4b6bc8a50fb4b37a07d11a	
/usr/share/cmake/Help/policy/CMP0027.rst	33188	46448616bb29adee9f97fca81334fc57932844cfeec982a35ccbe5a6770367f9	
/usr/share/cmake/Help/policy/CMP0028.rst	33188	442c1c1644315b79b474560a085a29eee3d42fcb0f8da88d7c53601d071bac71	
/usr/share/cmake/Help/policy/CMP0029.rst	33188	e6ba1f57d35e6def1fa8b561219ef999b32863a05f64fd72078679fdfea70f6e	
/usr/share/cmake/Help/policy/CMP0030.rst	33188	4c1af79edd20f8956dad4b615f8e36cc0bb783b68b18b7cf159c9b18c600fcc6	
/usr/share/cmake/Help/policy/CMP0031.rst	33188	67ed9d68b67af587545560f1b9d6c7bc1aadb9ddf31974bc0bc58d4f261baae2	
/usr/share/cmake/Help/policy/CMP0032.rst	33188	c3df30cb5985c54503f2187293611462208debd155bfca76cbe57d0202dfe7c7	
/usr/share/cmake/Help/policy/CMP0033.rst	33188	302521551010e324b324b6ba65a9c28e83a2e9fc2b386f2862300b394779669f	
/usr/share/cmake/Help/policy/CMP0034.rst	33188	15579700ca0707aa5b2718cb25e9e280833f1ff965cff46ba0a49e5a297598eb	
/usr/share/cmake/Help/policy/CMP0035.rst	33188	83d7305376fdda33bf6cb899f1f942ebb34f77724e0ce8997ec9d2686e2dcbe4	
/usr/share/cmake/Help/policy/CMP0036.rst	33188	bde3e96a22fe7eba1ec55c5944faa9851c0b2a42947b65f98eb8178b75422a48	
/usr/share/cmake/Help/policy/CMP0037.rst	33188	a053434b66e235bedaddcfa3969adbe08c5938adaf5ef64a46f751d4138f03e9	
/usr/share/cmake/Help/policy/CMP0038.rst	33188	44642fa734fdacb26dd379d5f64eab2c8a6b62b7b7456e382ecfc869c79c5811	
/usr/share/cmake/Help/policy/CMP0039.rst	33188	655853c968596f81a44deefd05ef9293889aebe9b50ad477f2db69b897c65bec	
/usr/share/cmake/Help/policy/CMP0040.rst	33188	d5550e0cb3ba27b42b09c83d030f848570282aef5f013278df6e13782b20859c	
/usr/share/cmake/Help/policy/CMP0041.rst	33188	a764dd8b2c8a58d01bbdddcfd1c56357442308dd9ed5b30a01778bbece305387	
/usr/share/cmake/Help/policy/CMP0042.rst	33188	ffc674de78f7705e65ac5a7b0fa6f4eaf42d198575e128cfd1b8369af61791eb	
/usr/share/cmake/Help/policy/CMP0043.rst	33188	cf8c30efadfd6999adace322d53468e1b047370733cbbaf7f7f5dd2391249a23	
/usr/share/cmake/Help/policy/CMP0044.rst	33188	8d6d0e4d31b19e7a39dd9ccc08d7a73e5c6824922b70fd2e897ca170994eb454	
/usr/share/cmake/Help/policy/CMP0045.rst	33188	f0f993db8680b78aa50d7e9cda2904f45b1761293fba549e94c929befcd1e2cd	
/usr/share/cmake/Help/policy/CMP0046.rst	33188	ab3bb3941579c20f889f9e1a0a0cc00fbcf86c5db52d5c72379f91f54a97b319	
/usr/share/cmake/Help/policy/CMP0047.rst	33188	ee37d609fbcd51e2bc53d020e019fe851ab9bab1962fb5852be1bd7a13bdab08	
/usr/share/cmake/Help/policy/CMP0048.rst	33188	28626d0150351ddc9db633b0dbfbaec203a5fcdb6e22da0df3804faf5eb576f4	
/usr/share/cmake/Help/policy/CMP0049.rst	33188	40385830f7ead4df45e71dcf2b85ad8e0e4082d602b24c80cae76d8d5366e39f	
/usr/share/cmake/Help/policy/CMP0050.rst	33188	686732670b187f4fce227e147a3b9e5c0736893e063eb1a63927a6a7997d831c	
/usr/share/cmake/Help/policy/CMP0051.rst	33188	2420f2ba74bf2d815d65b5751bbdfa0b52d62ec21bb5e8a8d1b3e40eaaddc771	
/usr/share/cmake/Help/policy/CMP0052.rst	33188	094cc06e94727fa694f6e8ffa2e4daaef88497ec04df479b35add2e3c3a465d6	
/usr/share/cmake/Help/policy/CMP0053.rst	33188	2490b581ef5a5632badc233d3630830779f2b2407fdd257f68ab166b30d8210e	
/usr/share/cmake/Help/policy/CMP0054.rst	33188	4fe65a69afd854c35c7abd9e733e401168398e8736083d3ad7034663a978b078	
/usr/share/cmake/Help/policy/CMP0055.rst	33188	c13b5d981b0f64bb72e664c174d2ab2c180ce224b3ea012ea71583d778f57c37	
/usr/share/cmake/Help/policy/CMP0056.rst	33188	6b1598a65da13939a6bfb80fe4c3619051a0646800c2905c03e75aba5091ce88	
/usr/share/cmake/Help/policy/CMP0057.rst	33188	138feeee9906cb465b8689885dc10c7a0c284b734b3f90c4c93e2c1c06f507cf	
/usr/share/cmake/Help/policy/CMP0058.rst	33188	f1bcad00fdfa370a3c2ad0030872828496afe968ef97fcfd205a3f246d8a3782	
/usr/share/cmake/Help/policy/CMP0059.rst	33188	37eee2715f560a7147bfb9ac19112f70f31401eaabbc235d91e6d340ea74b918	
/usr/share/cmake/Help/policy/CMP0060.rst	33188	4df61339316d7591b1b81ae78bfc3ebe032d539cca85b8510517e2c8602d9080	
/usr/share/cmake/Help/policy/CMP0061.rst	33188	48a5b313d9e99ea7905ad14fe7763b60d9b4bd8a278623f8229841abba1332e9	
/usr/share/cmake/Help/policy/CMP0062.rst	33188	e46ebfe2a5f6a7785f90a9a6a7034ffeccfafc8d45bc6d1223eafd63500cec5c	
/usr/share/cmake/Help/policy/CMP0063.rst	33188	0d30034ec60875cf3b446f503b744b7a5ba8544c05a6e3e4bcbd9135c9e32c06	
/usr/share/cmake/Help/policy/CMP0064.rst	33188	c457cb3ce6671c514f55343af1402f7520360661fffae4709ef4b6caee0f686b	
/usr/share/cmake/Help/policy/CMP0065.rst	33188	7320ede719bf4f665f4142ec50dfe1b3a95e91932f50f6311af72436f6870598	
/usr/share/cmake/Help/policy/CMP0066.rst	33188	37572fc93b0384bebdeb4a49fd74f60cec3f4a8abd444f4e31f388b984bc86c4	
/usr/share/cmake/Help/policy/CMP0067.rst	33188	7d998cd307cf3a3239d9d3810ca5c4922dd402379df85282f4360a7e62309fa8	
/usr/share/cmake/Help/policy/CMP0068.rst	33188	1842303d23412ea31532039540c30d074cd8a824d044eaa9bbc7713e160928c9	
/usr/share/cmake/Help/policy/CMP0069.rst	33188	cebc9c1997bcdc1062a747aed9da05b53c5d4035b059bfd5307cbcad8c655f11	
/usr/share/cmake/Help/policy/CMP0070.rst	33188	84269dd5031f96538eb615eb5490616a1d17124eccd8db42a370ac8ec63d1fc2	
/usr/share/cmake/Help/policy/CMP0071.rst	33188	ef1b959d05b5684875c748e3e65deacc82660d923f9b5fd4dc70e850c2db95c5	
/usr/share/cmake/Help/policy/CMP0072.rst	33188	83065eb06544388ebdbafca1fc3e750e02633a000a18ad49c5307dea41c76b33	
/usr/share/cmake/Help/policy/CMP0073.rst	33188	185c77fed6dca04f6d3c7568fce119c21f579eb6693c41ffb6656bb5612be97d	
/usr/share/cmake/Help/policy/CMP0074.rst	33188	ccd9cd0dd917b61ebebf8b6a687038c0e01c6b786f07d633228728981bb287f3	
/usr/share/cmake/Help/policy/CMP0075.rst	33188	2b21a63b905f5431f997f59b17ee4072194720b92fb2bf8b2c661fcce6f377ee	
/usr/share/cmake/Help/policy/CMP0076.rst	33188	0ccb01003935b75dc33d424bd16cd862fa01b9e0443e166c7ece0210ca49d8fc	
/usr/share/cmake/Help/policy/CMP0077.rst	33188	8267f1680309170c023197d4183192b11e79eb4ad70a4c11fabc06d4f3cabde0	
/usr/share/cmake/Help/policy/CMP0078.rst	33188	a19afb060f339c2eb41c3f8f0ae021e52e5215b86f01c066f9339d70fe90e18f	
/usr/share/cmake/Help/policy/CMP0079.rst	33188	09fbea86bf85d0e44993cb7f5364e900e07e54f2132c6922d38b2d0a6b9e0221	
/usr/share/cmake/Help/policy/CMP0080.rst	33188	757b1beb354d3092d9439c5a07f6505983335331c08be95de00de4fb3f676a51	
/usr/share/cmake/Help/policy/CMP0081.rst	33188	92b827f439de587f84bdca012da553c2fc96255aabc3d5e409d973cb16b142ba	
/usr/share/cmake/Help/policy/CMP0082.rst	33188	3e9edad74b8923a24ec70c1c71a495e88bbee10561fcc8560f011b96a8e49f0a	
/usr/share/cmake/Help/policy/CMP0083.rst	33188	af21acdc3254f93a48ddb8350b52aa624ac1646779d9b1403a948bd889aa4da9	
/usr/share/cmake/Help/policy/CMP0084.rst	33188	470c30479c59096078cb82de322768d5e7edfebcd4d392b7b2d64e2f5d259fa3	
/usr/share/cmake/Help/policy/CMP0085.rst	33188	f7619b26b08f434990e5c35e1d140cd9fc8e54500c426e741158f88bb453c776	
/usr/share/cmake/Help/policy/CMP0086.rst	33188	42054d62121d3f0a7ff2f5d0dc70938f4a72353d703eede85089ee63363970be	
/usr/share/cmake/Help/policy/CMP0087.rst	33188	f46bec00ead2cc40d4a580285b9324315fcb1f916210f4b8838969f2e0c6b1e0	
/usr/share/cmake/Help/policy/CMP0088.rst	33188	4877c199bd21195e79fd5185559a02723313b2eed64f468e3e728d2de5edfd49	
/usr/share/cmake/Help/policy/CMP0089.rst	33188	63bc1f471cb05ec9ab913792ff086ffc16f5e3e80a2746ae05f2e67b1b1fef24	
/usr/share/cmake/Help/policy/CMP0090.rst	33188	79cf77e07bedb649db274de99d048e93d0893b6cd081447f49aab91d218bf639	
/usr/share/cmake/Help/policy/CMP0091.rst	33188	ec336e221724b2184a1bb33dadea5836a8fc67906f214d49dd91677b925617be	
/usr/share/cmake/Help/policy/CMP0092.rst	33188	3f4a6125a9a65f731f693762f55b7df90fc641a526aab7f14c0c3dcf9d05cdf0	
/usr/share/cmake/Help/policy/CMP0093.rst	33188	b287d795ea8c712a5fe00fb9f22be02d8c61f20c1c091a3d0815b4ceff188a8f	
/usr/share/cmake/Help/policy/CMP0094.rst	33188	390e21b0c4067cab88be53951cc2d04c89f7f17f8a21036a0c974deb2ffbbb60	
/usr/share/cmake/Help/policy/CMP0095.rst	33188	2461b615edf23ee229bee719ad1e00958a14cba8ddb44016ce42fb04288bd75d	
/usr/share/cmake/Help/policy/CMP0096.rst	33188	c8ca0cfa3e92de624a2e1e968cf809b8ac681c4265ce959408b2f1118054161f	
/usr/share/cmake/Help/policy/CMP0097.rst	33188	61ceb45544a85ef9054a3589461b9c3228b20e22ea03a7dcaf0ad01b1f7020af	
/usr/share/cmake/Help/policy/CMP0098.rst	33188	9e6408957206cee94b7029e217bb9e0c4dddb2f6ed60a27d753975f62960fcb9	
/usr/share/cmake/Help/policy/CMP0099.rst	33188	304cd77c761a169ae014e09997493f99a70a4489eb1fa4eebb72ce356d1f0baa	
/usr/share/cmake/Help/policy/CMP0100.rst	33188	0fa06057c29da74007e16e0f37c85c690bc132cb94d518bde31678592d9d18c8	
/usr/share/cmake/Help/policy/CMP0101.rst	33188	95ebedb874b9c566a2838c3fb053861953a2b2e98ef570d24260db0d54ccba02	
/usr/share/cmake/Help/policy/CMP0102.rst	33188	f90a5aa911a8b6b33ee7c5b71ffbaf6f967546f632c66a39f216a4d72278d5f7	
/usr/share/cmake/Help/policy/CMP0103.rst	33188	daa725c263def5c8b3a5dbe25b427f695f67d14e269695e3c3fe60ef4362bc4c	
/usr/share/cmake/Help/policy/CMP0104.rst	33188	a12bfbdcbd8be26aacf727c748f2ecb2cbf93b7fd747609c1374456dc0b75693	
/usr/share/cmake/Help/policy/CMP0105.rst	33188	1fda9906f491a484913b9e626bfd29ed58327c888028609750f670fcc05d8951	
/usr/share/cmake/Help/policy/CMP0106.rst	33188	18ce784d3198d721b246e7a6265a797e6196e8d0d810e6fb96f593f6e2e34761	
/usr/share/cmake/Help/policy/CMP0107.rst	33188	2333ea8924c7b32e699cdd265fbc06f7d2b453708d2a5bee99e488b615027bcd	
/usr/share/cmake/Help/policy/CMP0108.rst	33188	ae03c1d40a059a35a53b237a06f394277944c2284681bdd1ec5bb044ae6a431e	
/usr/share/cmake/Help/policy/CMP0109.rst	33188	ae9c027471a6cb75641c83d4c1789c779a5f9541fcbd222150109dc7ea493402	
/usr/share/cmake/Help/policy/CMP0110.rst	33188	884167666a85251d6bac96d9c12d816d374912ab593467a5bdb8d207b09c7a18	
/usr/share/cmake/Help/policy/CMP0111.rst	33188	818bf9c27f3fcdd4cdcf465d20c3f62bfea540dfa23b270df1dc58e0781ebd8c	
/usr/share/cmake/Help/policy/CMP0112.rst	33188	b0c644836dd8b0576cae66a32684bb5a747c9e7f050232c7446b092b9ead8146	
/usr/share/cmake/Help/policy/CMP0113.rst	33188	d1c857d1650963b7ca0c3796c10b7755dd499712792c870698b8657a057a1bd0	
/usr/share/cmake/Help/policy/CMP0114.rst	33188	9b7d23aff3ec5fa992d5c164c0299bebf9e49c1bba6813c554995ae482fd9a85	
/usr/share/cmake/Help/policy/CMP0115.rst	33188	934a73735984e595720e78d52b1fd2d5ba9e5eca9943833f96b11c16fa14dc9e	
/usr/share/cmake/Help/policy/CMP0116.rst	33188	ce3f73bcd2acd3a94426acea446f6045c08b2fff931a23b9d6c52483001aa778	
/usr/share/cmake/Help/policy/CMP0117.rst	33188	827adec8117761619052f6d9589fed662cd8280acf961fa494e70561fed63560	
/usr/share/cmake/Help/policy/CMP0118.rst	33188	462134e4348b11cb5de92012a3c046dd9b66e2cb6acc47444649bf7f9f64b053	
/usr/share/cmake/Help/policy/CMP0119.rst	33188	cf26961f7236a6d4c06fbfc727f5fc9819c7caa9591721d087f489446a68dc90	
/usr/share/cmake/Help/policy/CMP0120.rst	33188	3b3ec2f96be17e4f233b44088577157d339ea4e9d71a622a5fe6eed7366229da	
/usr/share/cmake/Help/policy/CMP0121.rst	33188	190df80c18a18ccf06f973f4da5a2a9070fa58511badf5d65dc4e79f420af3c2	
/usr/share/cmake/Help/policy/CMP0122.rst	33188	734e95bc85c8b0db3a35281c6796cc092500f59131af34fecd77c468c193114f	
/usr/share/cmake/Help/policy/CMP0123.rst	33188	1c32d5d88e9852722f1540a2f25860eff89929e39dbc6c370b1c0b708b8ac670	
/usr/share/cmake/Help/policy/CMP0124.rst	33188	563fef70cba0fa6bcd1569a3d71910bc91587ec1eb0f43a410c59f6c0c8c5d1e	
/usr/share/cmake/Help/policy/CMP0125.rst	33188	9005f6822bb87f9cf7052ae45fcac3025fefaa362c7ed3612972ef3b61e9982e	
/usr/share/cmake/Help/policy/CMP0126.rst	33188	c10ec59ca49328417ceee69363c6b79afefad3b301bb642a13658a607d01800b	
/usr/share/cmake/Help/policy/CMP0127.rst	33188	abd1314723e14cdf1a2992b1afe6dc08c1a7ffda5d4a7cb322a875a55ed6efc3	
/usr/share/cmake/Help/policy/CMP0128.rst	33188	6e6b4ff14abd9e15400c54964f3206696f03c75b9d59e21b65cb36ad9e83f099	
/usr/share/cmake/Help/policy/CMP0129.rst	33188	3cdb6cc71e59767fe8ea8a607226bc2fc9426e143d9bfe77df741c134e5863b0	
/usr/share/cmake/Help/policy/CMP0130.rst	33188	a1f110ad4c0b3181681111f7ed323fa583efc1ba4f1ed891ad80cdd7489343eb	
/usr/share/cmake/Help/policy/CMP0131.rst	33188	c2e13a66673061c054c0fefbfbe7fdc732ef732910425df442e21ebfd25f3ddd	
/usr/share/cmake/Help/policy/CMP0132.rst	33188	697b4ee6c4352cd64af90d58995cddc910dc3602e9b719e3580532a059020f71	
/usr/share/cmake/Help/policy/CMP0133.rst	33188	7098e97c28e27365884b1813e8cc81edae8a3cfef5e581566881cded09ebdffe	
/usr/share/cmake/Help/policy/CMP0134.rst	33188	c6d4879169a89363bad9a820a20090fd057bdf03a659261e58fe7395d9790521	
/usr/share/cmake/Help/policy/CMP0135.rst	33188	e7ba1c9c14ec299409371ef4cd0e21679373b406afbe7cbac5f0cdbf71912603	
/usr/share/cmake/Help/policy/CMP0136.rst	33188	13553c843a5847b4e71c0a6e6f81574ad9a603c7071e67e047b121bf317a9f3c	
/usr/share/cmake/Help/policy/CMP0137.rst	33188	48c87801cd0d8fd2fbb3e36b4ad0718c72777a7a58977c615f169b85751d975a	
/usr/share/cmake/Help/policy/CMP0138.rst	33188	3c7b83b1850dd1c2a39ed2b7c91e168fb995c6a4ba63cb63b383317034bc526e	
/usr/share/cmake/Help/policy/CMP0139.rst	33188	3fc309356ad59bac45ba32502eb21d3940b97110ab5f6824e12dcf54387adfbf	
/usr/share/cmake/Help/policy/CMP0140.rst	33188	1bcd564782734b08f864c3230309cd37198196e57581cd9135634fd84c6796ad	
/usr/share/cmake/Help/policy/CMP0141.rst	33188	0cb6a5af4f1d22c2f9e05e170602d3cca9136e6c72693b42bbb695294fcad4e4	
/usr/share/cmake/Help/policy/CMP0142.rst	33188	68da85ffaecc17b394d47896ca40d513ec5e77a0d4f2586dbe133d7120f4b58b	
/usr/share/cmake/Help/policy/CMP0143.rst	33188	8394bbe49d4d9067f8451536362c2b2ccb0bde8b4addd3cb81907016b0c0f5fd	
/usr/share/cmake/Help/policy/CMP0144.rst	33188	541d53468740d55a6977dcd789159844df7ffa58b13c7a70f45908bad2d134ea	
/usr/share/cmake/Help/policy/CMP0145.rst	33188	87a968e037eb6a8a65f9f8d32c9b456d9380350340dcd3ae5bc0aece8cfb12c1	
/usr/share/cmake/Help/policy/CMP0146.rst	33188	92e0823a6afcf86785a3ab187d593bd975bdbfb3cdefd3e7afc9339c01ec697f	
/usr/share/cmake/Help/policy/CMP0147.rst	33188	2a6c65a82b7112aa515805cd4bb28a0124709ee2b160c84d18e172b34e3169f7	
/usr/share/cmake/Help/policy/CMP0148.rst	33188	a4450537bb894eff64eff01a9709933c802c3cb3567cf381c2ff55bfe12ebeb4	
/usr/share/cmake/Help/policy/CMP0149.rst	33188	b8c95245ef1e5ef4390c72620fa6c55be49925d2e9bbecede52b748bb765939e	
/usr/share/cmake/Help/policy/CMP0150.rst	33188	cd076c3ae8900fc1f37f3de2f24df338fe5854bac41d4b5d9ea492d69d93f95d	
/usr/share/cmake/Help/policy/CMP0151.rst	33188	12a5c9c7ef0bfc2165f896a3bc5b2f638c96b2f82213f95e60f8bf5c1e1ff093	
/usr/share/cmake/Help/policy/CMP0152.rst	33188	f6acede38541a66b59ea0bc4a62e29e2815c16253981e19c9a235607026ebcaa	
/usr/share/cmake/Help/policy/CMP0153.rst	33188	bedb70711ffd232a4939241cb9d7eb38d887d4d3d571c2191cc1ec5d50cc2f67	
/usr/share/cmake/Help/policy/CMP0154.rst	33188	c06e90499828667a3abd350a98bd0484569269c19bd2bf913fc6f8c090483ae3	
/usr/share/cmake/Help/policy/CMP0155.rst	33188	ec2318ae19d4203e47631e04c712fc095a12f794507013ed6c2a2654b8826407	
/usr/share/cmake/Help/policy/CMP0156.rst	33188	b54aa191be7f13b8e007552d53bcefe32c3773a14db3fcd0cbd65d295fd4bf40	
/usr/share/cmake/Help/policy/CMP0157.rst	33188	9610f8b6c12ab483c5c68453aaff67e70b2d52ed2e7c7144cb9913220afdcf5b	
/usr/share/cmake/Help/policy/CMP0158.rst	33188	2ae79d4bbf2f7b02a48cd06fd08eb3b05329ef2e23114fc7cea3a18ef97a8070	
/usr/share/cmake/Help/policy/CMP0159.rst	33188	5069b55390c25c6f767d2145e344f71fe9abfe4c36f91f069ecc68a0b5d0d6f8	
/usr/share/cmake/Help/policy/CMP0160.rst	33188	53a5db6bea0698b8e8fa2a438d18827e5ca03442dd383c9fd00b6c1b1bfa8259	
/usr/share/cmake/Help/policy/CMP0161.rst	33188	37f0e4947398f1bb0700a43d50ffdb2045fb6151c710fc64d133b5b20aa639e2	
/usr/share/cmake/Help/policy/CMP0162.rst	33188	0e6284189a9bfe4ebaed4ac421e9b8af10d075bfe321aee49c29e09a13f07147	
/usr/share/cmake/Help/policy/CMP0163.rst	33188	adf8c169b494d5a2c80b51943344870f1e3f369feb13f5f0fe567e5632e9ede7	
/usr/share/cmake/Help/policy/CMP0164.rst	33188	a13c47978a760690cd8bfd17e0d0caa2980d4473af74819e4d50bb53d81ef258	
/usr/share/cmake/Help/policy/CMP0165.rst	33188	9209c3a3a8dd67bbff63b4e316673fe4c9ca8a6a4309792e1fe8240fd94a2d93	
/usr/share/cmake/Help/policy/CMP0166.rst	33188	519bead01fe5a9049277c4faa87c419ece54f3761e91fb355a5070ae30eb4f27	
/usr/share/cmake/Help/policy/CMP0167.rst	33188	43f1a25402d4c610c24f5407f089099574fbc51eb2dacb793dd42f7433099b1e	
/usr/share/cmake/Help/policy/CMP0168.rst	33188	e02cca206be74eb826cde0578ea0fe18425d5d120e1b14d0babf7fa5928fafdf	
/usr/share/cmake/Help/policy/CMP0169.rst	33188	896d9f1ece6fb504cc7bf6a52ebd0e49c3ac0c2eb0f1ae766ed337f5411edd18	
/usr/share/cmake/Help/policy/CMP0170.rst	33188	dc5758c0f672d24946f6d1740cb3357de959c50624a633fb23e3772fec1ba249	
/usr/share/cmake/Help/policy/CMP0171.rst	33188	5e1b18cae50cfb4ca336fcbe7ced43d35e9ffbf1601ddc7ce6fd4be5739fa2df	
/usr/share/cmake/Help/policy/CMP0172.rst	33188	e31a92bbd1cba8e459873315da335f8ff327d63fa6c0dd95ab578b33c8cac080	
/usr/share/cmake/Help/policy/CMP0173.rst	33188	d02cecbba14f2c6c2b2281f4e5e78fdf51401c743624dfe1635b21f3bc05812c	
/usr/share/cmake/Help/policy/CMP0174.rst	33188	7fa3d45634f423ed2b4672b9b467d21ffdeb734a505da39745c60473b43be9df	
/usr/share/cmake/Help/policy/CMP0175.rst	33188	a36562991d01f630def5296f65aeb3f17f588a4c78c08e318a0a1ea08a7f1d70	
/usr/share/cmake/Help/policy/CMP0176.rst	33188	51633ed6fee4a480dae25d08813b8ba58ff12a9554d18ce722cda659c1617761	
/usr/share/cmake/Help/policy/CMP0177.rst	33188	534e76f6fbb9ef6700700b110dd18156db543ee0998eaa67279210f552c26cd9	
/usr/share/cmake/Help/policy/CMP0178.rst	33188	238f6e352f7074b47b3090aede8d70c16648a618e7b66239f6949de5f36684a0	
/usr/share/cmake/Help/policy/CMP0179.rst	33188	57408dffdbca001813e56ea9fe8ebc1e88192d677d87265b70fd2d985a66bc9c	
/usr/share/cmake/Help/policy/CMP0180.rst	33188	fac06e759fe3f2ce0d755e6f02c9222d6b96db463933ce29457549eb07deffaf	
/usr/share/cmake/Help/policy/DEPRECATED.txt	33188	d58be59bf4e25e939bbca8d09fd4fc15ccf0e62f1c11f41ae13f57941ead4953	
/usr/share/cmake/Help/policy/DISALLOWED_COMMAND.txt	33188	7c40955dd6c9076ba660d074ea829d8ff6a8f5883ae883282e1f11056f881e07	
/usr/share/cmake/Help/policy/STANDARD_ADVICE.txt	33188	f7432f2d26aa705c511b58e8f09cd07300608873b073e3e263aa4ceb66fc55b3	
/usr/share/cmake/Help/prop_cache	16877		
/usr/share/cmake/Help/prop_cache/ADVANCED.rst	33188	ac8248eb267714a1bc56e21aed015219f6546ec6532fa686fde42007381ebfca	
/usr/share/cmake/Help/prop_cache/HELPSTRING.rst	33188	8c62440c18f5790217e70c6e062185ffdb39936357d090155753c9107497200e	
/usr/share/cmake/Help/prop_cache/MODIFIED.rst	33188	254f12580f404c118c1a0d17fba10a50f2b6aa6ab966fc172bf228a178ae70d6	
/usr/share/cmake/Help/prop_cache/STRINGS.rst	33188	ee25fa4a9773331ee7cd247897a9c05e1c72b50b483f53b8ac4783d76559412c	
/usr/share/cmake/Help/prop_cache/TYPE.rst	33188	7448b36cd68243cc39a78507d16a083220304b83fab61986ab5fe2504b944766	
/usr/share/cmake/Help/prop_cache/VALUE.rst	33188	afc2af275dd6c079e0fd438b78f1fc3b9224bee44cd6bd8508bca060cdf07669	
/usr/share/cmake/Help/prop_dir	16877		
/usr/share/cmake/Help/prop_dir/ADDITIONAL_CLEAN_FILES.rst	33188	7e025c71ee958f0bd47aa95611eeb6d9b5eef2e8375cafbca3f3edb7d6002f4a	
/usr/share/cmake/Help/prop_dir/ADDITIONAL_MAKE_CLEAN_FILES.rst	33188	f43c6d9eaffbafe0919bc001cec3413496760c46970bc2df543cd7f09637ccfc	
/usr/share/cmake/Help/prop_dir/BINARY_DIR.rst	33188	0f71a8831398f0b5e82ec02bccb2d5da12708cef759425d71c9fde11d2d493d7	
/usr/share/cmake/Help/prop_dir/BUILDSYSTEM_TARGETS.rst	33188	54c5f45619f0646ce7cd14be28318107047297c58d746a8aee3d869acaf14873	
/usr/share/cmake/Help/prop_dir/CACHE_VARIABLES.rst	33188	11d0693ad18e9be64350bbab726403735bb863a4df9b887fb145f39b35a19dfe	
/usr/share/cmake/Help/prop_dir/CLEAN_NO_CUSTOM.rst	33188	4c13d04df546b200a010bdfe8ddf76175c53e19757eac92f42a0eeb2f2132846	
/usr/share/cmake/Help/prop_dir/CMAKE_CONFIGURE_DEPENDS.rst	33188	f69f70c1095008a7aa2ad1a45d137b2b516cb158cfc547530a5cf20435f45934	
/usr/share/cmake/Help/prop_dir/COMPILE_DEFINITIONS.rst	33188	36438ae2298e054dadbcc45787d5238ba4e8334fec3320b20060ff9979d11895	
/usr/share/cmake/Help/prop_dir/COMPILE_DEFINITIONS_CONFIG.rst	33188	1d71f1a401f737baac6d5c4a9d5be009560b3cc4b02cfd24b94e1692defb5233	
/usr/share/cmake/Help/prop_dir/COMPILE_OPTIONS.rst	33188	3651db2d161ab8965c6ba68d4f6fbe9ed5bbabd4b1d814ca06bfacc0d4248e7e	
/usr/share/cmake/Help/prop_dir/DEFINITIONS.rst	33188	56917e0345c69672ffbfe1fde06631554c49793f8e7b2f1437de662c834d1bd8	
/usr/share/cmake/Help/prop_dir/EXCLUDE_FROM_ALL.rst	33188	d5971d508d2629b8d9b55f11e1b299ba2c2f170c513808071bb0a866be30410f	
/usr/share/cmake/Help/prop_dir/IMPLICIT_DEPENDS_INCLUDE_TRANSFORM.rst	33188	328fe8fd8f72799759f5fbcb45ec9193aaeec4c08bf4e8ec4f153e83da157283	
/usr/share/cmake/Help/prop_dir/IMPORTED_TARGETS.rst	33188	6ef8b7d5ee2ac1c15f1edc20d35675f00582bee1fadb6e555404443c92f42565	
/usr/share/cmake/Help/prop_dir/INCLUDE_DIRECTORIES.rst	33188	ed16c7b11495b0e2dce80881c1bfa2728230f5d9ef20155f8d52b08c967c3b09	
/usr/share/cmake/Help/prop_dir/INCLUDE_REGULAR_EXPRESSION.rst	33188	c7cd4b0a4ba5965ce351834b9954cd51b1f64159d7733ca832f9d9a68886c40a	
/usr/share/cmake/Help/prop_dir/INTERPROCEDURAL_OPTIMIZATION.rst	33188	078b1dd954e464cb9a571926186194264bd159c3cee3ad6a2ea2d76901586f59	
/usr/share/cmake/Help/prop_dir/INTERPROCEDURAL_OPTIMIZATION_CONFIG.rst	33188	1f88b0ccc2b834eba14fc9055a1951d936625eb67457cad8147a06c205faafdb	
/usr/share/cmake/Help/prop_dir/LABELS.rst	33188	1d8cc2b9befe20633d154978c19b7dd61edf62c99047d1ce09c601da938f417f	
/usr/share/cmake/Help/prop_dir/LINK_DIRECTORIES.rst	33188	7bfc13b2491ce42ad03d15da895a0def3b4837df2370bc75eb04920219f014d4	
/usr/share/cmake/Help/prop_dir/LINK_OPTIONS.rst	33188	9915caaf77b485048c27953c15fd5d202c2710d202e3d1f18fae92f1a7224677	
/usr/share/cmake/Help/prop_dir/LISTFILE_STACK.rst	33188	99f49a3cb931a155ea5b94a63b00ad34ea8973b9ed11e3ddc93bd99992c2482e	
/usr/share/cmake/Help/prop_dir/MACROS.rst	33188	d2eca61635cde74faa71df9be4204f40cc5f63bfbdfe4d6f0ae4d7d2e8f515fc	
/usr/share/cmake/Help/prop_dir/PARENT_DIRECTORY.rst	33188	47c88913321b8fb1ab240e66b7f3177e2e9d8f53d93f2e45fd13e0231208fe70	
/usr/share/cmake/Help/prop_dir/RULE_LAUNCH_COMPILE.rst	33188	d10dce84b74cfef5e289883bedbb1ecd2c975a31cb9392e8ff4c0cbd074e438a	
/usr/share/cmake/Help/prop_dir/RULE_LAUNCH_CUSTOM.rst	33188	dceab008d356634f5a42b69651a46dbf349c72e8e528fac67496604c9ca840f8	
/usr/share/cmake/Help/prop_dir/RULE_LAUNCH_LINK.rst	33188	440b57c8866ab502c6b954a576ff23adbc8ac4c55a48813e9ea70690a17fe6cd	
/usr/share/cmake/Help/prop_dir/SOURCE_DIR.rst	33188	b2f1b30d793a5f3d17f902706063f5b3035594676ea25b875a54ca03605b0549	
/usr/share/cmake/Help/prop_dir/SUBDIRECTORIES.rst	33188	64e806ea40f0b8ae0c5040d5491b5d09aaad5d37af3064d7c5f8d1ece9b63096	
/usr/share/cmake/Help/prop_dir/SYSTEM.rst	33188	f3e387e062b17b1175ec01ea9c4e01f829f12ff01fd0c2e8f845f187d232e503	
/usr/share/cmake/Help/prop_dir/TESTS.rst	33188	15119b50f4f78e665be1e9cc5bbf42420f1332b8f8f29a93fe5a1beb2b166818	
/usr/share/cmake/Help/prop_dir/TEST_INCLUDE_FILE.rst	33188	e19ecac064724d5c47dc8008ee69fd0a46c6ab87429996e8275ce377e43777ea	
/usr/share/cmake/Help/prop_dir/TEST_INCLUDE_FILES.rst	33188	fe99f5a2b9880661d3b653e3537661842c13eced992899d752ba90b32b5eeac7	
/usr/share/cmake/Help/prop_dir/VARIABLES.rst	33188	4ae4ba56288184b6ca90fd2d85e098c55f8087da277b5e425dfcb336fb3d3966	
/usr/share/cmake/Help/prop_dir/VS_GLOBAL_SECTION_POST_section.rst	33188	b9f8bbe94f4a9d28766bdfcfe9a083f0044247fa2305e31bdf4ac3986b6ddf45	
/usr/share/cmake/Help/prop_dir/VS_GLOBAL_SECTION_PRE_section.rst	33188	f8f3c1652a94bd5bda5860a77cae97a1c35e8ae024d7d17c531131bc874c8b98	
/usr/share/cmake/Help/prop_dir/VS_STARTUP_PROJECT.rst	33188	c5b0e5cd6842976e237cad88e3963eba5d8c686ee9e69272855a5b0c5f04cf19	
/usr/share/cmake/Help/prop_gbl	16877		
/usr/share/cmake/Help/prop_gbl/ALLOW_DUPLICATE_CUSTOM_TARGETS.rst	33188	bfead67b501ec26762b83cb16716062df43895d409fa2f2788a12c0306da6265	
/usr/share/cmake/Help/prop_gbl/AUTOGEN_SOURCE_GROUP.rst	33188	e1126709080dca277e086562772e841177e64c59129f855da828171c4ead0cf2	
/usr/share/cmake/Help/prop_gbl/AUTOGEN_TARGETS_FOLDER.rst	33188	744ac84593223b763c37a86cff2b1ff2b220f2709635b28ff0ff4afa36bab510	
/usr/share/cmake/Help/prop_gbl/AUTOMOC_SOURCE_GROUP.rst	33188	0b490cc02ef728c9e02de63af08cb58bfec0e8e3bed06ed504d7adecd4f5badb	
/usr/share/cmake/Help/prop_gbl/AUTOMOC_TARGETS_FOLDER.rst	33188	e845bbfa2721e16c5a9d47b594637772f3f050e3473c614edaa4e133de53acd5	
/usr/share/cmake/Help/prop_gbl/AUTORCC_SOURCE_GROUP.rst	33188	0b2e2c68d06ae55f881ad0e373e2e93c7f80870de8c74eae0867d0b730e98f05	
/usr/share/cmake/Help/prop_gbl/AUTOUIC_SOURCE_GROUP.rst	33188	8db7854d8e4226a783e253d36c0fbeab9151ad7b504d6a5597dc3941e850cef7	
/usr/share/cmake/Help/prop_gbl/CMAKE_CUDA_KNOWN_FEATURES.rst	33188	189ec027e3a463f83fdbea6bdd820aa6014cf2eab617a1b8fa3e6473c1744973	
/usr/share/cmake/Help/prop_gbl/CMAKE_CXX_KNOWN_FEATURES.rst	33188	551a4d2b7bb0251cb8ff4d3c8af16a6ea3499c0741e2f852ce5d6a6945780d0b	
/usr/share/cmake/Help/prop_gbl/CMAKE_C_KNOWN_FEATURES.rst	33188	07e6fcec4aa34fbb6bd6d35d80d68a831d3b7568ad9e2b9c50a9da9b5e7f5e48	
/usr/share/cmake/Help/prop_gbl/CMAKE_HIP_KNOWN_FEATURES.rst	33188	b796f8d5dd71542fe45a4a346ed3ec327e5836c67db76954788ad3a166ab308f	
/usr/share/cmake/Help/prop_gbl/CMAKE_LANG_STD_FLAGS.txt	33188	49368c5a2d30bf26fb0447b9126ff43a5c96ac6a30bc56d4cfa44e4f0a177d64	
/usr/share/cmake/Help/prop_gbl/CMAKE_ROLE.rst	33188	c4319ca7240c0a7174cf9877814d785e5c6d4aad29df66145d24cc818c9b0b2e	
/usr/share/cmake/Help/prop_gbl/DEBUG_CONFIGURATIONS.rst	33188	8a9fb28d2d42025451f19e07e9e72c86b7c08b5fd95ab67ca30c99f9f9138b32	
/usr/share/cmake/Help/prop_gbl/DISABLED_FEATURES.rst	33188	57dc1cc2a38e542d29bab41a804404a4bcafd13f3fb3fdbdf0ea5cbaf1680eff	
/usr/share/cmake/Help/prop_gbl/ECLIPSE_EXTRA_CPROJECT_CONTENTS.rst	33188	d34a77b42757ff60dfc51cdb01611b4f3a534da4a664fe7ba83c6c12935c91bd	
/usr/share/cmake/Help/prop_gbl/ECLIPSE_EXTRA_NATURES.rst	33188	74dde488ea85f153d6faebd9d5a26035f3b62f642c1099b15903c892b170dc50	
/usr/share/cmake/Help/prop_gbl/ENABLED_FEATURES.rst	33188	92925d6840dc1008f916ac94d2bea9abf73d2ed9478ee033527cf81f143263b5	
/usr/share/cmake/Help/prop_gbl/ENABLED_LANGUAGES.rst	33188	9fbec8c45622066bcc8048e74ca868faa82333a65fa9d5c8f7a434b460ce15d4	
/usr/share/cmake/Help/prop_gbl/FIND_LIBRARY_USE_LIB32_PATHS.rst	33188	7fd0f03d71e144d8d6eb924b51eed47a80efad824a81d66f93f88eab2366d46b	
/usr/share/cmake/Help/prop_gbl/FIND_LIBRARY_USE_LIB64_PATHS.rst	33188	54c61e3dc8468183a3b69da40633ce0e25cc679dd56f3c4cd9d68c8af708922f	
/usr/share/cmake/Help/prop_gbl/FIND_LIBRARY_USE_LIBX32_PATHS.rst	33188	6bf8d04b02e26330edb81508c16f48db67552fe669bd1ce8203885188eb8c9e4	
/usr/share/cmake/Help/prop_gbl/FIND_LIBRARY_USE_OPENBSD_VERSIONING.rst	33188	c895949075fa185c907e12b1af131146a9fc8c51df605f81852fb62f20f2476f	
/usr/share/cmake/Help/prop_gbl/GENERATOR_IS_MULTI_CONFIG.rst	33188	3daeb56372712d48dc466cbe927165b0a31e5c162f748fddeaf4c955d8b16523	
/usr/share/cmake/Help/prop_gbl/GLOBAL_DEPENDS_DEBUG_MODE.rst	33188	3770e87c502e2514020dde043790b264f313bd60d1eafbb9c4c0894797ffe809	
/usr/share/cmake/Help/prop_gbl/GLOBAL_DEPENDS_NO_CYCLES.rst	33188	e706e19c288f45f6915122b55c441cf0b7bc0f505d1762bfca48972d0d5d47d6	
/usr/share/cmake/Help/prop_gbl/INSTALL_PARALLEL.rst	33188	cdf629ac35fd973545bdce0e50cf29c7e9be36e50d9b962f66121114811ccc49	
/usr/share/cmake/Help/prop_gbl/IN_TRY_COMPILE.rst	33188	4fd484358d632267f3088f4a134d11cbd7af76e69569ec7a696c85dcebd183c9	
/usr/share/cmake/Help/prop_gbl/JOB_POOLS.rst	33188	337c111b5344fb67ce6aacf13ee5a97d99e97e1317dbf7ae6fb5b503bd6a17f8	
/usr/share/cmake/Help/prop_gbl/PACKAGES_FOUND.rst	33188	5a8474386f921239d0487b9e4994e89c6272d1a9b54c293ef760d8eff19250b8	
/usr/share/cmake/Help/prop_gbl/PACKAGES_NOT_FOUND.rst	33188	ada5a0c4624fba22a2725ba6a5755d34115e73fcafc2ceb5f93728ccce76cd03	
/usr/share/cmake/Help/prop_gbl/PREDEFINED_TARGETS_FOLDER.rst	33188	43aa296d88bd6536de08f8ecb96fa439bcf1da7da07d6643a44e2096e1caea76	
/usr/share/cmake/Help/prop_gbl/PROPAGATE_TOP_LEVEL_INCLUDES_TO_TRY_COMPILE.rst	33188	e1de68efa0f86c71f60604125dee609762d5f3e5c7a30541298159b13cdc06cb	
/usr/share/cmake/Help/prop_gbl/REPORT_UNDEFINED_PROPERTIES.rst	33188	b48b8894eba98724073b007e97bc24754925467960bf22ba2b096ea0bb17684a	
/usr/share/cmake/Help/prop_gbl/RULE_LAUNCH_COMPILE.rst	33188	1dcccc60458c8a6ae5e0deef681010a4a7a2147c89c9fa3c1b9bd1483eb17649	
/usr/share/cmake/Help/prop_gbl/RULE_LAUNCH_CUSTOM.rst	33188	f39fcf10ec26d395bdf11822beb6dfc133d43383dbc3c317ac8d41e24be23563	
/usr/share/cmake/Help/prop_gbl/RULE_LAUNCH_LINK.rst	33188	71be5a03f49ad4abafec59b94a94bd28d07b2a27641393527a994997b4e4ff15	
/usr/share/cmake/Help/prop_gbl/RULE_MESSAGES.rst	33188	614d605d2e4c80625fa859f62c6b0cad796a13c1ec2c40fdeac9591e63f2a589	
/usr/share/cmake/Help/prop_gbl/TARGET_ARCHIVES_MAY_BE_SHARED_LIBS.rst	33188	8c54f9ac6bd5e34156ad60c6cc20389ae186c6911d93019291385e4e43e2ca15	
/usr/share/cmake/Help/prop_gbl/TARGET_MESSAGES.rst	33188	8d6e4376a7c7bcbdcf6865673740b0c06c9573542dd46e7b3c63914467064fbe	
/usr/share/cmake/Help/prop_gbl/TARGET_SUPPORTS_SHARED_LIBS.rst	33188	2b6a2b4bd7d75f2d8e8d880a7d24a1a44d2cd987b8d9fcec8a133e32e64c3dfb	
/usr/share/cmake/Help/prop_gbl/USE_FOLDERS.rst	33188	fcd76894a7753f1873fd54ac5ba665cfb833118c0cf20d03fa2a99dcb6c3e675	
/usr/share/cmake/Help/prop_gbl/XCODE_EMIT_EFFECTIVE_PLATFORM_NAME.rst	33188	ea75b0a17c8348477d5bbf3a76bcc7f5415822f9323af8ca5858e277c1b2e49d	
/usr/share/cmake/Help/prop_inst	16877		
/usr/share/cmake/Help/prop_inst/CPACK_DESKTOP_SHORTCUTS.rst	33188	7e5ae6a7df78f44bab69b3d976c7f3ce5cfa9224a21003325d9de77f6aa14edd	
/usr/share/cmake/Help/prop_inst/CPACK_NEVER_OVERWRITE.rst	33188	a1351fc7bb1ab23579e485dd43fa351ccd495e8c3cc6953e3cd908da3ed3bb21	
/usr/share/cmake/Help/prop_inst/CPACK_PERMANENT.rst	33188	41f4cd0cde5aaab11d8085995bb30cfcb9db9f04d2a01d4d3ea993c1d61b8103	
/usr/share/cmake/Help/prop_inst/CPACK_STARTUP_SHORTCUTS.rst	33188	0c8138061ee8a5f09689619f8259f72b41565884d8ae2044986a9a2aab0c16ba	
/usr/share/cmake/Help/prop_inst/CPACK_START_MENU_SHORTCUTS.rst	33188	4d563a0d358a80e06f21ce33ad7891b96e1c8f912480650b7913e1d6d06d5ec3	
/usr/share/cmake/Help/prop_inst/CPACK_WIX_ACL.rst	33188	495339dd58f5c3b93f2dcc96470b7b41a2f40ab231132fa7979923496963c96f	
/usr/share/cmake/Help/prop_sf	16877		
/usr/share/cmake/Help/prop_sf/ABSTRACT.rst	33188	60afd40f76ac8af38babc9641208e72c4f4edb7a126ad3434e78599bbf67e24f	
/usr/share/cmake/Help/prop_sf/AUTORCC_OPTIONS.rst	33188	b31885415c4ed02a53970fb6d9f2335d7b3a2499718f0765eab6dc1970e5dfb2	
/usr/share/cmake/Help/prop_sf/AUTOUIC_OPTIONS.rst	33188	8cf0e176a9950a23c5b8bb2f1d7cdeeca61d117ec9ea0fc74c41b0683c4407f6	
/usr/share/cmake/Help/prop_sf/COMPILE_DEFINITIONS.rst	33188	686176a2e33b40b1525aade16b009e443dc717345e58ea1748fde59cafb3174e	
/usr/share/cmake/Help/prop_sf/COMPILE_DEFINITIONS_CONFIG.rst	33188	cb8f648c7216ce5a25ee3c2b38c8859f759f8b54343b5adb9e06f31a5287f8c7	
/usr/share/cmake/Help/prop_sf/COMPILE_FLAGS.rst	33188	1775d36b8c3c6cae618428b1958002ea5f3dad978b6708a2276df535664e5648	
/usr/share/cmake/Help/prop_sf/COMPILE_OPTIONS.rst	33188	312cd70e9b526bef42235cb5869ac2898446467a706b6e2544ea2204d4a189af	
/usr/share/cmake/Help/prop_sf/CXX_SCAN_FOR_MODULES.rst	33188	7fb9375ef5c17be744f0edbd2edf2f6f76359f3fbf5551d672b9cf67c98166d6	
/usr/share/cmake/Help/prop_sf/EXTERNAL_OBJECT.rst	33188	1dd91eaf406b1671c74e693c368e6bc45ca93cc7c963fcbae460e2efe91091fe	
/usr/share/cmake/Help/prop_sf/Fortran_FORMAT.rst	33188	a5255fc3eff15f88077099419cf7b75f2e88a61f5947757cfe984f098593bc67	
/usr/share/cmake/Help/prop_sf/Fortran_PREPROCESS.rst	33188	6d2b44ba568a363bbff39248392f004123de1211b2f9020395d7ec4d48d586be	
/usr/share/cmake/Help/prop_sf/GENERATED.rst	33188	ad47e72f71804de041fdbe9180ef1d356dc9837b830f5c6f32f52618a40bb4ff	
/usr/share/cmake/Help/prop_sf/HEADER_FILE_ONLY.rst	33188	f91c445303597dc10a22877980cd54e5acc9e7a0dba1f49157f217d7129c23c2	
/usr/share/cmake/Help/prop_sf/INCLUDE_DIRECTORIES.rst	33188	8d12eee63ca75f91069dbcbb0851a7ca9f10539fadb69a9af22d359c9bdd9562	
/usr/share/cmake/Help/prop_sf/KEEP_EXTENSION.rst	33188	dc9f2ec55e86a942914520058f22e524f07771224f99f0fb48ebc900dac3985f	
/usr/share/cmake/Help/prop_sf/LABELS.rst	33188	d453933fb065bb2dbb4c2cc6a48a585645c052962b581b15957c7b30c59f07f7	
/usr/share/cmake/Help/prop_sf/LANGUAGE.rst	33188	2bf95867478b65c1d415e2ede2e846590264662907f124c7b06baf64751f443d	
/usr/share/cmake/Help/prop_sf/LOCATION.rst	33188	72e01daa6719844b8a5e2247052edc67c78cd096f7079c906231d6623a7a5471	
/usr/share/cmake/Help/prop_sf/MACOSX_PACKAGE_LOCATION.rst	33188	dc214fcb8a9cb26ca560d9070cd843b1a228935c93c3d872dc7165171adf4593	
/usr/share/cmake/Help/prop_sf/OBJECT_DEPENDS.rst	33188	1ef00177a362cf7c050c14ca7648e1e9a932cc49dc688364b2d56b15e502d131	
/usr/share/cmake/Help/prop_sf/OBJECT_OUTPUTS.rst	33188	b0acea2a0d32193c361a5d5b51b8b93e083a0e8633d12816072616f70d4c3f52	
/usr/share/cmake/Help/prop_sf/SKIP_AUTOGEN.rst	33188	050112f84e4504ee7a5ba3b09a54ea00de4105ce845c35551ebf8cfc0327a7e6	
/usr/share/cmake/Help/prop_sf/SKIP_AUTOMOC.rst	33188	b938e1e8a38a1eb3d353f8381ae2a7bb6e413b2e3ccf3902bc933caafe21bb19	
/usr/share/cmake/Help/prop_sf/SKIP_AUTORCC.rst	33188	2d83872e98585b615fdc5c250c64b75b385d9b3851eed1817f8f1c6c6527cf8c	
/usr/share/cmake/Help/prop_sf/SKIP_AUTOUIC.rst	33188	f97aa3e44a9315a4be1cfd7f5087167b983f0507b05b023b86b48cd201b0be86	
/usr/share/cmake/Help/prop_sf/SKIP_LINTING.rst	33188	54c7218703d35415feb4509bcecfb9371b2517154071e685704ffbc0f3e9282a	
/usr/share/cmake/Help/prop_sf/SKIP_PRECOMPILE_HEADERS.rst	33188	33de93eb29e42f7e9a7254dfa0a995ddf1789b7da46139525293c1ba456408c1	
/usr/share/cmake/Help/prop_sf/SKIP_UNITY_BUILD_INCLUSION.rst	33188	5d869d29923f936026616b51d4ba3dedc647436d8ef9698abe72549d40775afe	
/usr/share/cmake/Help/prop_sf/SYMBOLIC.rst	33188	dc3566439935e1d3fa319649ea15d71fe05476bf807978401e6d406e0360a46c	
/usr/share/cmake/Help/prop_sf/Swift_DEPENDENCIES_FILE.rst	33188	3759e51e6c10c17735b0ef5132d747ac5c9224164a97f5f913b49dc6ae837754	
/usr/share/cmake/Help/prop_sf/Swift_DIAGNOSTICS_FILE.rst	33188	034b3271c573b43823361135643e274a74aa8db53a743c0e38831f84fb732781	
/usr/share/cmake/Help/prop_sf/UNITY_GROUP.rst	33188	008ffd49fc88feba3c57cafa2e4f679d1deffe74554e3afa9932b14cc891de16	
/usr/share/cmake/Help/prop_sf/VS_COPY_TO_OUT_DIR.rst	33188	4253e4e187e5987ab06431414d6a2a9ea08398936e4d4563f873109ff0d42df2	
/usr/share/cmake/Help/prop_sf/VS_CSHARP_tagname.rst	33188	8e29e935ed183d76d11f4939005e550af41e6a1e392da7feeaa03f022401f34c	
/usr/share/cmake/Help/prop_sf/VS_DEPLOYMENT_CONTENT.rst	33188	329323e781f0707769eb0aead7ecbec30a3f6ef8104310ffbac62843f0392c1c	
/usr/share/cmake/Help/prop_sf/VS_DEPLOYMENT_LOCATION.rst	33188	9c646c1513d991aee5425b4ec585ae61aeeeb4eb7e5eb98f6b372c3b8d9cb850	
/usr/share/cmake/Help/prop_sf/VS_INCLUDE_IN_VSIX.rst	33188	4e95ee9c776deb430de3f66617dda3513944ad7385373326689bea26ce264b0f	
/usr/share/cmake/Help/prop_sf/VS_RESOURCE_GENERATOR.rst	33188	cd005613599bbd09368cfca6183b3ed9b582886b9e3eff4ba27260ec398bc9e2	
/usr/share/cmake/Help/prop_sf/VS_SETTINGS.rst	33188	676a7db1d52e43d78bd6e3b76f95d95a5bb59a141ff0020f3213bd48cd0e27e5	
/usr/share/cmake/Help/prop_sf/VS_SHADER_DISABLE_OPTIMIZATIONS.rst	33188	cabf3bf1959aef9aa7eeb4a8c4dfe1f5326e154ebc2538a0f4ecf6191e626b6f	
/usr/share/cmake/Help/prop_sf/VS_SHADER_ENABLE_DEBUG.rst	33188	4d861af4bef2cf8df7c39caf6afd116de8b10ee03e30fdbe729f871b68f32eae	
/usr/share/cmake/Help/prop_sf/VS_SHADER_ENTRYPOINT.rst	33188	53dac390325fdc602c39034ca16f0793be7bf68695a2fe32ae6b534c31668eb1	
/usr/share/cmake/Help/prop_sf/VS_SHADER_FLAGS.rst	33188	486fa1324d9f1ae0fd79af8ffc1338d9118317771419a9af82db45ca21cfebd0	
/usr/share/cmake/Help/prop_sf/VS_SHADER_MODEL.rst	33188	2f2bbb7761e337728168d270ff414e78b7252d60cdb990caaf33fd86f0fd9492	
/usr/share/cmake/Help/prop_sf/VS_SHADER_OBJECT_FILE_NAME.rst	33188	ef79f9d524129c6793c264dc32e7bd2b252be039631af20f05cc9bf4e5834510	
/usr/share/cmake/Help/prop_sf/VS_SHADER_OUTPUT_HEADER_FILE.rst	33188	032e4514f192c039a7abf3d538a8bb184a36927639fc46ba5d8241cea8eba14b	
/usr/share/cmake/Help/prop_sf/VS_SHADER_TYPE.rst	33188	b900222600b4feeb5864412feceef80dca34a27b514b849438e202ed047b41aa	
/usr/share/cmake/Help/prop_sf/VS_SHADER_VARIABLE_NAME.rst	33188	0b3135bb0b19c10269ee3560038deb233c36d21186ebc64a9e1e8b15289248b5	
/usr/share/cmake/Help/prop_sf/VS_TOOL_OVERRIDE.rst	33188	9f1305d042d233a19052cc0e4d15c5435068b02544d5e11efbe97e936c8c8e7f	
/usr/share/cmake/Help/prop_sf/VS_XAML_TYPE.rst	33188	11f0fe8100e20c168db74a9a41120eed4da7fc0715a6c1bcf8fc15088b7f343c	
/usr/share/cmake/Help/prop_sf/WRAP_EXCLUDE.rst	33188	8176805d2bf3a01cf00c649539d437d13e810bfd3d63fbb3687e0859a06a7a7d	
/usr/share/cmake/Help/prop_sf/XCODE_EXPLICIT_FILE_TYPE.rst	33188	508cd5fd69b36eef72b10bec3138f373f838174f438378a2ad612058626ecc1f	
/usr/share/cmake/Help/prop_sf/XCODE_FILE_ATTRIBUTES.rst	33188	dcdf76cfc9bc66e6dac6475da6fa4c401153a1fd1482c97c836785c3d60b43f6	
/usr/share/cmake/Help/prop_sf/XCODE_LAST_KNOWN_FILE_TYPE.rst	33188	189a5dedbdfa8518db7fed38028d6bda7cca68b2b32e7ee0181a9c75891137e2	
/usr/share/cmake/Help/prop_test	16877		
/usr/share/cmake/Help/prop_test/ATTACHED_FILES.rst	33188	6485466a49951a44f0e5cf2269554d574d9c93480ad6cf3750abad843cfcfc07	
/usr/share/cmake/Help/prop_test/ATTACHED_FILES_ON_FAIL.rst	33188	5b72b9804d41db3e60c705df46ec06e2470d8bc7cade496d92e24e24f8ad98ac	
/usr/share/cmake/Help/prop_test/COST.rst	33188	102feb29562632097834e50e4a20c32e8ecc3c2aa3e517661cfe6b9f25fde987	
/usr/share/cmake/Help/prop_test/DEPENDS.rst	33188	b5deae64534f7088ff3f135831c3aacf896ac6a65a68602ac84181ffcb0dcc43	
/usr/share/cmake/Help/prop_test/DISABLED.rst	33188	68d3c6418aba4f756586d705daeba54142086bcf8b641479368bd99fe4aacb1a	
/usr/share/cmake/Help/prop_test/ENVIRONMENT.rst	33188	cf2c60106e42db9d9ea6ba2f2bad15081ba183e2e9c3f0626ad6dd9b4f3fcfe4	
/usr/share/cmake/Help/prop_test/ENVIRONMENT_MODIFICATION.rst	33188	7121826a7c0afc9815a0b299d58869805b8ab0e5024bab8d555984e6f9d076e5	
/usr/share/cmake/Help/prop_test/FAIL_REGULAR_EXPRESSION.rst	33188	04f8d2c907805cd5e16370468565606578cd82ed1360db1a0f7be23307ba0529	
/usr/share/cmake/Help/prop_test/FIXTURES_CLEANUP.rst	33188	091851f2de1530f296d9b03a8d03107c468869e4b99fbb6c38fedde0b41335c0	
/usr/share/cmake/Help/prop_test/FIXTURES_REQUIRED.rst	33188	2d127149058a21ec36d1f5ceaf30ec0bf41117a45635313944a218f43a2ac276	
/usr/share/cmake/Help/prop_test/FIXTURES_SETUP.rst	33188	eb11a5673a920778be1892f1bd830e8948a6794615497b5e76e08ff3c061d219	
/usr/share/cmake/Help/prop_test/GENERATED_RESOURCE_SPEC_FILE.rst	33188	90185b5d42e37865f70199067ed5b708254759ab94c2cfdaf4925155babd4ecf	
/usr/share/cmake/Help/prop_test/LABELS.rst	33188	505f511812b37a62dbdba8042acbc4548efafdf46884318bd0f145c86056383a	
/usr/share/cmake/Help/prop_test/MEASUREMENT.rst	33188	0541ad75bd5caf7f1fac763319a9581c21062bc120110f9e427397855d1c3f58	
/usr/share/cmake/Help/prop_test/PASS_REGULAR_EXPRESSION.rst	33188	fe8e9836c7c8e4693b42d9e8d90a6d1db818a0bcd40bbfbe573c985af5209b80	
/usr/share/cmake/Help/prop_test/PROCESSORS.rst	33188	51cce4ea57915d1c0293d6d83400face7a65ffdbc22d7b84f4cdd73578db48b7	
/usr/share/cmake/Help/prop_test/PROCESSOR_AFFINITY.rst	33188	d53cff7f2ba00d9cc29af48a1d6277e931fe4152210610b37f32e14c08ae9f17	
/usr/share/cmake/Help/prop_test/REQUIRED_FILES.rst	33188	87179d532f0e6f1aed1c43e883f7cc4cb0f0d38396d61647193d97af465551a1	
/usr/share/cmake/Help/prop_test/RESOURCE_GROUPS.rst	33188	a1c1765253f45e530d9b308698a4ee206a346c51e6931e4f0061dbf9d073c126	
/usr/share/cmake/Help/prop_test/RESOURCE_LOCK.rst	33188	952e466fff9adf5ae1896c74b7d4e007c2f46886d71ad9c1c207ffa9ed0e7bba	
/usr/share/cmake/Help/prop_test/RUN_SERIAL.rst	33188	85b4851677d13aa824a513fdb4681a357d9dc858faa65dcd927527c91b6e88eb	
/usr/share/cmake/Help/prop_test/SKIP_REGULAR_EXPRESSION.rst	33188	3c4d79cbc2d673aee7a1b1b8d1a9e445d9352bcd2d6e85b34063da688995ea6d	
/usr/share/cmake/Help/prop_test/SKIP_RETURN_CODE.rst	33188	637a38e16ce132bc329e17c8893bca0f7ecd117510a3f6a9d5041fd4b012916b	
/usr/share/cmake/Help/prop_test/TIMEOUT.rst	33188	89e31e9fad2ce7bed2b78dbfa1a3983674d92c7a3c333635fffaef4d50a18ea8	
/usr/share/cmake/Help/prop_test/TIMEOUT_AFTER_MATCH.rst	33188	d0eb0f4bf675c7269aa82d32b56534a02cdbf2bc605e5a2951da77524888806c	
/usr/share/cmake/Help/prop_test/TIMEOUT_SIGNAL_GRACE_PERIOD.rst	33188	1d80252ab94e9fa976c030ca7ba2c6f48950f1f65beb84536da7e7eddfac905a	
/usr/share/cmake/Help/prop_test/TIMEOUT_SIGNAL_NAME.rst	33188	0e6a28a738047f204b8121b507ede520bf711f8431e3061eeca3206f786d33d7	
/usr/share/cmake/Help/prop_test/WILL_FAIL.rst	33188	ec636c32cd5c9d000c06ba97a905feea362b1d8339d2bc60221da7411a7ceaa7	
/usr/share/cmake/Help/prop_test/WORKING_DIRECTORY.rst	33188	613bd9b4588d28b955a206457a54d5a64481a64051d6536563f1a318cdeb0d72	
/usr/share/cmake/Help/prop_tgt	16877		
/usr/share/cmake/Help/prop_tgt/ADDITIONAL_CLEAN_FILES.rst	33188	c0e4a1e2e1704eef910e762ff979130d3169de651133c10bb5fa2cb17d859419	
/usr/share/cmake/Help/prop_tgt/AIX_EXPORT_ALL_SYMBOLS.rst	33188	9f792f264102e4acc15cb41dc0b38a166a15d4c52dbdf821455790d7f1c946fe	
/usr/share/cmake/Help/prop_tgt/AIX_SHARED_LIBRARY_ARCHIVE.rst	33188	5c403d2e61a3d9a8dea14a8bfc40b6c56ba1730247667409305013601c19d89a	
/usr/share/cmake/Help/prop_tgt/ALIASED_TARGET.rst	33188	1a2572f8202d34e6dcc1e1b746f135256d23ccd4cbf13f07da5d1025500d4d38	
/usr/share/cmake/Help/prop_tgt/ALIAS_GLOBAL.rst	33188	dcc1f20c9c841841726348b6342d06e151edf1a48e1b406c014462aa2b081c9e	
/usr/share/cmake/Help/prop_tgt/ANDROID_ANT_ADDITIONAL_OPTIONS.rst	33188	2363fd0360aac32abd5c7ed31b08869bfedd62706bf692bc9b3e8008a01fd7d5	
/usr/share/cmake/Help/prop_tgt/ANDROID_API.rst	33188	307d2d970986bc0fc52261e345872577bc2c89b6447ec1b258c9547585442aac	
/usr/share/cmake/Help/prop_tgt/ANDROID_API_MIN.rst	33188	9cc59fee7390c9602dd83ca845a2016aefe2cccaf6c4e686dbcd71da7ffd4aa8	
/usr/share/cmake/Help/prop_tgt/ANDROID_ARCH.rst	33188	3b3d9180d210d73d04b1b019a295b6c2d5a5fd32ce5b61136610a5502ab6737e	
/usr/share/cmake/Help/prop_tgt/ANDROID_ASSETS_DIRECTORIES.rst	33188	7f84dae1826ea87240f36b8f3a5d2407591f7025bbfd54630e7d39a5dd5abd90	
/usr/share/cmake/Help/prop_tgt/ANDROID_GUI.rst	33188	8e005fc79026dd4b33af3d11eb6308994e589c130ffecc7ea8d2d86fdbcca926	
/usr/share/cmake/Help/prop_tgt/ANDROID_JAR_DEPENDENCIES.rst	33188	1ae20a227fb12bd24f8b7f54b2513ff69e9e2db52c9f40b80c65634b034bafb1	
/usr/share/cmake/Help/prop_tgt/ANDROID_JAR_DIRECTORIES.rst	33188	0d97845848d6f247e0cc1c2a89bd8ebb7a08542938a0ff5dde6a725b2140a3fe	
/usr/share/cmake/Help/prop_tgt/ANDROID_JAVA_SOURCE_DIR.rst	33188	c923e00b7f9fd67f4ef7b4a7a9f36f904f9cd7bb1f62dca37d3b5df45103c057	
/usr/share/cmake/Help/prop_tgt/ANDROID_NATIVE_LIB_DEPENDENCIES.rst	33188	d26f4944b1853cf9d9a7115c7ab37c13019601e68d73fd6369a6e82add5ccdf3	
/usr/share/cmake/Help/prop_tgt/ANDROID_NATIVE_LIB_DIRECTORIES.rst	33188	e1a63433a478f3f6a156549c4cf0808a0ba77c95c18836435c3c8a6f946d8380	
/usr/share/cmake/Help/prop_tgt/ANDROID_PROCESS_MAX.rst	33188	e4aae8a8ed289f9eefdb842d6f7dd1cd5dda5848805e6a11dce71c2c97a67efd	
/usr/share/cmake/Help/prop_tgt/ANDROID_PROGUARD.rst	33188	a605f72c1022f6ef6aa94b14046a13220a9d8965ee666aa1c3844dc69c4d4b98	
/usr/share/cmake/Help/prop_tgt/ANDROID_PROGUARD_CONFIG_PATH.rst	33188	408f617cddd7c6223ad1e8f6ccdc40001fd00a1ff7339fb8ef570aefe54ffbb2	
/usr/share/cmake/Help/prop_tgt/ANDROID_SECURE_PROPS_PATH.rst	33188	37568207dd6a8590f18301fce85e3a4e8823a496025b646aaa6bff49e19079c9	
/usr/share/cmake/Help/prop_tgt/ANDROID_SKIP_ANT_STEP.rst	33188	bf4f1aca56735ed61660460d22b280d69f649b466b778c20c4a4a189c2f968bb	
/usr/share/cmake/Help/prop_tgt/ANDROID_STL_TYPE.rst	33188	596043c56b906b219b758723ee9103a6b6d34a0bb33877523611be1b764a46ef	
/usr/share/cmake/Help/prop_tgt/ARCHIVE_OUTPUT_DIRECTORY.rst	33188	5e043c1ec820f2e5b0a2cdef85505e5c6fe74e0ef4a8866e5b6d774d915f7d7e	
/usr/share/cmake/Help/prop_tgt/ARCHIVE_OUTPUT_DIRECTORY_CONFIG.rst	33188	297184a160598254b805f3c46963ef98fa663ec5e7992961e9b0a2ce5435c62e	
/usr/share/cmake/Help/prop_tgt/ARCHIVE_OUTPUT_NAME.rst	33188	a39e26efce1676612ba749dd10565ca712febef6c4656966a5d1904f4bbd4222	
/usr/share/cmake/Help/prop_tgt/ARCHIVE_OUTPUT_NAME_CONFIG.rst	33188	14b5047f9e7379b18f3a05a123a0a03c32b5a7e935dbb1df5464340a701bd542	
/usr/share/cmake/Help/prop_tgt/AUTOGEN_BETTER_GRAPH_MULTI_CONFIG.rst	33188	0be8789428d017fdbc081fd80f59abee5ad3e56ede77ff8a2e9b7adc2aece29c	
/usr/share/cmake/Help/prop_tgt/AUTOGEN_BUILD_DIR.rst	33188	8e63d985d6d7b8a8cf9bd922bd8a6c2927c4546ecb187e77247edad24f1271f8	
/usr/share/cmake/Help/prop_tgt/AUTOGEN_COMMAND_LINE_LENGTH_MAX.rst	33188	f373474c23685709643794b20c9904ab42857607f72ea31a60ee7922afa502fa	
/usr/share/cmake/Help/prop_tgt/AUTOGEN_ORIGIN_DEPENDS.rst	33188	cfe5d7836a6134ffc57ebc043eb244c965ab7e471b601e82a7c0f1f2f79800f4	
/usr/share/cmake/Help/prop_tgt/AUTOGEN_PARALLEL.rst	33188	12b84d0d5421460766d3c42e491a70097efa98325f23a48445df56e3e4be6179	
/usr/share/cmake/Help/prop_tgt/AUTOGEN_TARGET_DEPENDS.rst	33188	3d8daa0a192b6e878a1eb75e279212aac2167e259c3b99849e196ee6bb46b54c	
/usr/share/cmake/Help/prop_tgt/AUTOGEN_USE_SYSTEM_INCLUDE.rst	33188	30868f71aaa27948e0dc8558aa7f69b53f536d7019e3f1a25ba8ae585e2c4027	
/usr/share/cmake/Help/prop_tgt/AUTOMOC.rst	33188	8e3a0a8207f29e68a0b483a3c97844ac45a8468d4dde48f2ba83095d3cea9af5	
/usr/share/cmake/Help/prop_tgt/AUTOMOC_COMPILER_PREDEFINES.rst	33188	3ca3a74a373a4efea2eb2eb325bcd95838241c591ab8c6c70cfe19e3ca092b60	
/usr/share/cmake/Help/prop_tgt/AUTOMOC_DEPEND_FILTERS.rst	33188	e9c0875accb349dcb60c7df2d6999ea60e2f13acd81f2d07dca01e334dd9583f	
/usr/share/cmake/Help/prop_tgt/AUTOMOC_EXECUTABLE.rst	33188	c5801bbbe89bea88b09fd4ed04c82ec85c762bc09eb8906d35b73cddee9756e9	
/usr/share/cmake/Help/prop_tgt/AUTOMOC_MACRO_NAMES.rst	33188	3470af22630b00507c5ae8bd6c6c6fa58ea8bd2c555f9432982edd521484142e	
/usr/share/cmake/Help/prop_tgt/AUTOMOC_MOC_OPTIONS.rst	33188	ed4a8ede5873c3bfb2d8fd8f4c5fe9b4e1112db121f4f73b8c4815a3646138c1	
/usr/share/cmake/Help/prop_tgt/AUTOMOC_PATH_PREFIX.rst	33188	9803e24724a19b8308bc7a40a600e3d166c6c950807213236ea66b46fde4f2f3	
/usr/share/cmake/Help/prop_tgt/AUTORCC.rst	33188	2093eb885781873a7d1742721fc445d9ffa4ab96b38d8991adc402b8fbb30a18	
/usr/share/cmake/Help/prop_tgt/AUTORCC_EXECUTABLE.rst	33188	6fccacbcebb0fc8a8e84e11557a4f06364fba9758e8398dba20ce511d33e205a	
/usr/share/cmake/Help/prop_tgt/AUTORCC_OPTIONS.rst	33188	40c8914cfb39ddeee71b12671e96b84cef303627807f357a3ad37d9b3c51742e	
/usr/share/cmake/Help/prop_tgt/AUTOUIC.rst	33188	0bc4d392c0e97e9993b993ac11536259a77f485a323648a5355241dee12c096d	
/usr/share/cmake/Help/prop_tgt/AUTOUIC_EXECUTABLE.rst	33188	c88cef552d82d0d6a6b7868685f099d759cdd012d2c84575c14e491a94436ebd	
/usr/share/cmake/Help/prop_tgt/AUTOUIC_OPTIONS.rst	33188	7a88a05f33311aa898fa0fc7012b2e2dc9e9e56d00a2bfb3fe2792e9cfbab149	
/usr/share/cmake/Help/prop_tgt/AUTOUIC_SEARCH_PATHS.rst	33188	ec0da0c2db5f6e411b42fd64fbcf04f684ab058eadef418bf15d20fc2adde3a8	
/usr/share/cmake/Help/prop_tgt/BINARY_DIR.rst	33188	4faa752e9e0198c4948f147314c7aa1c3fc46cc45d8b0c40f65ab74b905cfe64	
/usr/share/cmake/Help/prop_tgt/BUILD_RPATH.rst	33188	4bff8d8380fa9268e8d040c7d52ce385bf7708c87ad19ff5ceaea08a260f81db	
/usr/share/cmake/Help/prop_tgt/BUILD_RPATH_USE_ORIGIN.rst	33188	fb510014a59e1b853d9ea693de3ac82a4bc4f4f068528a8e80be25029d3bb57f	
/usr/share/cmake/Help/prop_tgt/BUILD_WITH_INSTALL_NAME_DIR.rst	33188	51259d1a48138abe0cb2d9551287166f5d11d75f57828c5ffd602a352c90c773	
/usr/share/cmake/Help/prop_tgt/BUILD_WITH_INSTALL_RPATH.rst	33188	fffe62c38ff794aac07d939920e4ca079791aec820f4a8dd6853dc14956b323d	
/usr/share/cmake/Help/prop_tgt/BUNDLE.rst	33188	a0bbbbf18b8fbb33e0c0999a6b01f6a81eb01dd2707564ccf67026416b77af83	
/usr/share/cmake/Help/prop_tgt/BUNDLE_EXTENSION.rst	33188	f5466ed0dd171716981ecce762f4de4efa3e9da971e6d313b634add5e6fc3f5e	
/usr/share/cmake/Help/prop_tgt/COMMON_LANGUAGE_RUNTIME.rst	33188	f1ca7e2b101cfeee1fd592f2952ae032e64ccb7da8721cd05071a4d5ef314078	
/usr/share/cmake/Help/prop_tgt/COMPATIBLE_INTERFACE_BOOL.rst	33188	7eadc74014839619c496ce7bb520141b7888fb2d5243cebe30c8efbd90451a5c	
/usr/share/cmake/Help/prop_tgt/COMPATIBLE_INTERFACE_NUMBER_MAX.rst	33188	6bc62485df3903b5359752c7db136c31bb12934e8fbfc919cde508a249df9f00	
/usr/share/cmake/Help/prop_tgt/COMPATIBLE_INTERFACE_NUMBER_MIN.rst	33188	f309aadeae33e180d34581d9bc0f43b0d5fae320de81a7d524583b6b1831edf5	
/usr/share/cmake/Help/prop_tgt/COMPATIBLE_INTERFACE_STRING.rst	33188	6da2efbcac4c75297cd55c06449e44b4e52ca855ada713cfca1ea0d1da638d18	
/usr/share/cmake/Help/prop_tgt/COMPILE_DEFINITIONS.rst	33188	826be03e18fc15d812a4e57648d7034175100a40ec3002eb49adea5a734f3c5d	
/usr/share/cmake/Help/prop_tgt/COMPILE_DEFINITIONS_CONFIG.rst	33188	9bcfcee43e238fec2197d32c224d50484c233a9969936276f7c29e95227dc32b	
/usr/share/cmake/Help/prop_tgt/COMPILE_FEATURES.rst	33188	a49de844fc5d3c2c26bf521aa1fdcb39636bf30b1530c1aa2ddda3965ea06aac	
/usr/share/cmake/Help/prop_tgt/COMPILE_FLAGS.rst	33188	bf8277b7057323fcd81ed17c536ce707264e2da5e89f7d4bfd1c75c60a10c65a	
/usr/share/cmake/Help/prop_tgt/COMPILE_OPTIONS.rst	33188	2c900227c3253ca16e5ff86b184f52b27f84da29598a2b471f365fa5a2d82695	
/usr/share/cmake/Help/prop_tgt/COMPILE_PDB_NAME.rst	33188	1a84a297b042efe09b3a88726449bc68884db7662cd144fb21b842b42ae35638	
/usr/share/cmake/Help/prop_tgt/COMPILE_PDB_NAME_CONFIG.rst	33188	4f720d5afbaee020706d7dfbcd68819424fe4d327da69107bbe66833e825d710	
/usr/share/cmake/Help/prop_tgt/COMPILE_PDB_NOTE.txt	33188	f8ec9712bb53961de0d55245de22f49d5e38ed4265a5ad0c55eb1835886ddbdf	
/usr/share/cmake/Help/prop_tgt/COMPILE_PDB_OUTPUT_DIRECTORY.rst	33188	e2da19218b508e2c9f9c4e9f5a848e9e842aa7c7c88e6087258dfbfc75def69f	
/usr/share/cmake/Help/prop_tgt/COMPILE_PDB_OUTPUT_DIRECTORY_CONFIG.rst	33188	b4ac5ff43d0d7a0b74459e8eac3bca074ba68932cd278f06a8a1ca1c8e7d8430	
/usr/share/cmake/Help/prop_tgt/COMPILE_WARNING_AS_ERROR.rst	33188	4b19fd8e166d2333460f202f34f093a3db2ffc0639099e3e17c3520c5fa5abb1	
/usr/share/cmake/Help/prop_tgt/CONFIG_OUTPUT_NAME.rst	33188	e337ab537baa2c12d2d787d35658a4fb735536b7935e6c535a736e2c3ae115ef	
/usr/share/cmake/Help/prop_tgt/CONFIG_POSTFIX.rst	33188	69a7abc94a83ed231a1f837c6564cbde8e6988844054d6aae72cebf6eec19651	
/usr/share/cmake/Help/prop_tgt/CROSSCOMPILING_EMULATOR.rst	33188	7bd28d2496800176309bcfa2f0f062df48751dbb7623f27f9ec6dad6158432ea	
/usr/share/cmake/Help/prop_tgt/CUDA_ARCHITECTURES.rst	33188	ad7e398c64ecf549f2de4af70417204f50d32c96d700c8e7216b9398079dc4e9	
/usr/share/cmake/Help/prop_tgt/CUDA_CUBIN_COMPILATION.rst	33188	5958dba2ff9bbff576f093b53a88f9daad3d81c606de893cb950813d1c0235aa	
/usr/share/cmake/Help/prop_tgt/CUDA_EXTENSIONS.rst	33188	1a48886bb2ca545880a98c703b2ef99de423453f13910a376735f5d3a61cc8c2	
/usr/share/cmake/Help/prop_tgt/CUDA_FATBIN_COMPILATION.rst	33188	00b1b236d9a67247821914d9e968b79b3b8102abee9d3efc297d0fea70642c53	
/usr/share/cmake/Help/prop_tgt/CUDA_OPTIX_COMPILATION.rst	33188	4de90cc738ee48b17c5b9e932ef89806161ae167a6b48d22c3eb860b658c7433	
/usr/share/cmake/Help/prop_tgt/CUDA_PTX_COMPILATION.rst	33188	ce45140490e39216a19ac91f644dace673b2f777442f107f5b62dfcce8d5d2e8	
/usr/share/cmake/Help/prop_tgt/CUDA_RESOLVE_DEVICE_SYMBOLS.rst	33188	dd1e7ae8226f1b9436b752f73b715e85424fff0ee9c830d58dd0325c64001f2e	
/usr/share/cmake/Help/prop_tgt/CUDA_RUNTIME_LIBRARY-VALUES.txt	33188	79c0c09c68acc10c97ddd8771edc3c25356ca66e0b968955196e0f5f93e9642d	
/usr/share/cmake/Help/prop_tgt/CUDA_RUNTIME_LIBRARY.rst	33188	08287958fb7c06de6fed55cefcc61d6c394d336fb7ce9872befadf6e8ff5d1f4	
/usr/share/cmake/Help/prop_tgt/CUDA_SEPARABLE_COMPILATION.rst	33188	838e6693abf3c0b073b5a43198fda953a166e8f379fdd1144aab053c30cdba1e	
/usr/share/cmake/Help/prop_tgt/CUDA_STANDARD.rst	33188	2828667a3c49e52a2cfe2fac5f4e45b1b7b30bb0624d9c25c24cd0fed58fcdd7	
/usr/share/cmake/Help/prop_tgt/CUDA_STANDARD_REQUIRED.rst	33188	80609a609899e889fa24bac7823ea38dca55470a4820d620c3e5430a1d34f4d0	
/usr/share/cmake/Help/prop_tgt/CXX_EXTENSIONS.rst	33188	7624ff684b8edd25552fc3a51fd5e69bf52d9615421bb9eaacddab4ced4495af	
/usr/share/cmake/Help/prop_tgt/CXX_MODULE_DIRS.rst	33188	db7266fefc4b225bd3469c341595dbad40d6ae04abf5f76ecfa9f347a625f9ec	
/usr/share/cmake/Help/prop_tgt/CXX_MODULE_DIRS_NAME.rst	33188	22c7dfb3232ce616d4b4d379ee3893ced7b19893cdcaa8c19a1f48ebf0750c35	
/usr/share/cmake/Help/prop_tgt/CXX_MODULE_SET.rst	33188	a5f1a18ad1826d084bc42e5331b75851433afdeadf9b25ba6490d1aaf8798750	
/usr/share/cmake/Help/prop_tgt/CXX_MODULE_SETS.rst	33188	5896630b94c9d2696ad28d46ce84c0e0be02addbf32fec4be933d634df5cf78c	
/usr/share/cmake/Help/prop_tgt/CXX_MODULE_SET_NAME.rst	33188	122051a17e63b279d7eb8c1431f2db48cb438423009ec90482d7c6c84045d8da	
/usr/share/cmake/Help/prop_tgt/CXX_MODULE_STD.rst	33188	1f15ff0ef7e794970329766c4bfa1a44a948b5d30c03f5f6915ff624c3ea9cae	
/usr/share/cmake/Help/prop_tgt/CXX_SCAN_FOR_MODULES.rst	33188	0a77267839dca653a189f0c8765328fa5f5e30211151710bdd7acfa9e9d57ef9	
/usr/share/cmake/Help/prop_tgt/CXX_STANDARD.rst	33188	14b8b970855955712b143f21fecbb25b82822fc2727ce85889ba194c25ab43d6	
/usr/share/cmake/Help/prop_tgt/CXX_STANDARD_REQUIRED.rst	33188	2e8fffd026d92cba7bd0d7d0ce8269c5a5a74d3b61e65fa558a9850a59da04f2	
/usr/share/cmake/Help/prop_tgt/C_EXTENSIONS.rst	33188	4b0cb70bb84384fe570a9944f801eefcb057e662d64f9048868f25301d2b95a8	
/usr/share/cmake/Help/prop_tgt/C_STANDARD.rst	33188	8a2987b8e641819720df584c95704463bcac727eb013f7cde0c4cdb6809e419c	
/usr/share/cmake/Help/prop_tgt/C_STANDARD_REQUIRED.rst	33188	2ab59d6b6251450c51deb3cdfa8c1627151d35d23cae6cd425d682fdeea1bdf8	
/usr/share/cmake/Help/prop_tgt/DEBUG_POSTFIX.rst	33188	86543007368c7705933196c9f3ec4964fc4afa2a197ccc37fafa860744880ec7	
/usr/share/cmake/Help/prop_tgt/DEFINE_SYMBOL.rst	33188	cf5f7b37ce9602810686183c4be7e8f2523647ed2009751e212dab4bab875c74	
/usr/share/cmake/Help/prop_tgt/DEPLOYMENT_ADDITIONAL_FILES.rst	33188	3ff603a89efe3290268ac007f5f6efb49755005a4c5b2dba4e7311867335233a	
/usr/share/cmake/Help/prop_tgt/DEPLOYMENT_REMOTE_DIRECTORY.rst	33188	7ccfa9d8115ae5762ea1095cc0d5492d6cbeb197dc583835a4a6d9efe52626bd	
/usr/share/cmake/Help/prop_tgt/DEPRECATION.rst	33188	f7069ae75c2728d141b32dbc8931cf8b75100d1da588db42c7b4b1c2119baace	
/usr/share/cmake/Help/prop_tgt/DISABLE_PRECOMPILE_HEADERS.rst	33188	aa141f028e40092a91356e18dee31435809d63fccb834d843366f4db205e0b38	
/usr/share/cmake/Help/prop_tgt/DLL_NAME_WITH_SOVERSION.rst	33188	122f0305af7b87d5b37fafa8fcd69b6744599019066aca291cdc0a994688d5b1	
/usr/share/cmake/Help/prop_tgt/DOTNET_SDK.rst	33188	1d77328fa45ac45324eb3bbdd34ff9af1137a76fa98b97bf6e1db99e2a742798	
/usr/share/cmake/Help/prop_tgt/DOTNET_TARGET_FRAMEWORK.rst	33188	2cb4b91db5ffaa084978acad59513fee11cc8928bc619099c5f8e96e2cb90f73	
/usr/share/cmake/Help/prop_tgt/DOTNET_TARGET_FRAMEWORK_VERSION.rst	33188	99f57746f459b8b815b6ce32bc13354aa83b47d2eb3ea14d5fc797e83f2e46a8	
/usr/share/cmake/Help/prop_tgt/ENABLE_EXPORTS.rst	33188	c875f75d7fd3ac2617c4f748d6cd5fa7c9224ca292a53e6c256640c895820ddf	
/usr/share/cmake/Help/prop_tgt/EXCLUDE_FROM_ALL.rst	33188	db868c84767128220250d2a2fc2ec9a03abe7893368c38d3942b5fb06a80044a	
/usr/share/cmake/Help/prop_tgt/EXCLUDE_FROM_DEFAULT_BUILD.rst	33188	916828d3ec5316d706ad66b506d55423c93e454d9c300b855a96ef0d45c35824	
/usr/share/cmake/Help/prop_tgt/EXCLUDE_FROM_DEFAULT_BUILD_CONFIG.rst	33188	5cb58ee4c26e85a1a8ab178e0934e948e6afe3d62247a17a2e8546147adfe7bd	
/usr/share/cmake/Help/prop_tgt/EXPORT_BUILD_DATABASE.rst	33188	648ad0988144fb2d06d1745ab07ee45af28a45af94be537e508fa773f7d22e13	
/usr/share/cmake/Help/prop_tgt/EXPORT_COMPILE_COMMANDS.rst	33188	bdea43ebf7291422be502a4676aed12817dadb5b224658a5b326542c499432ce	
/usr/share/cmake/Help/prop_tgt/EXPORT_FIND_PACKAGE_NAME.rst	33188	c27a750bee5596f422477b5d7436e11d597b9a74833037bdf913280e0abe8aab	
/usr/share/cmake/Help/prop_tgt/EXPORT_NAME.rst	33188	cb62bc401a64860b98cb699e39dbcebed756db159e0444f4ed55410e0a0bf4db	
/usr/share/cmake/Help/prop_tgt/EXPORT_NO_SYSTEM.rst	33188	01b051bd579d6d74c3f2bd61241d5f8ef18f1c5d74bb6de7e272f3ca6ef8103f	
/usr/share/cmake/Help/prop_tgt/EXPORT_PROPERTIES.rst	33188	18c0921922697f3e5096af2e615a3ad3b0647eb2da2b5ddedfcbcee8777d6496	
/usr/share/cmake/Help/prop_tgt/EchoString.rst	33188	3bccdd11704530b3732e86dd5d7f85c0aa48dc7aa10f71cee3febf601536dc0a	
/usr/share/cmake/Help/prop_tgt/FOLDER.rst	33188	3da7bae9c4e96e7aed39de951725d6761a088bdef612d36401058acdf92f7f76	
/usr/share/cmake/Help/prop_tgt/FRAMEWORK.rst	33188	854a56b488086d56b6b7c9c0dae69eff9e95b1fcd14cb0d044ac39c478d31784	
/usr/share/cmake/Help/prop_tgt/FRAMEWORK_MULTI_CONFIG_POSTFIX_CONFIG.rst	33188	54728cafb811ce993f2c6932ff0764bd91905e46fc0583c8130f9cece141f8dc	
/usr/share/cmake/Help/prop_tgt/FRAMEWORK_VERSION.rst	33188	fa7c1ab6c204244d00e505b7482d8bbbfdfad68e9b9d547224d73ea6428a7c9f	
/usr/share/cmake/Help/prop_tgt/Fortran_BUILDING_INSTRINSIC_MODULES.rst	33188	9ad9c3fb5aa6bdd66394d5fe343a1931302d4baefe594ba497ef17b91dea6436	
/usr/share/cmake/Help/prop_tgt/Fortran_FORMAT.rst	33188	ee20a8a647699c756d2a49327bb72583433af0690aba22903f9c2fecceeaad13	
/usr/share/cmake/Help/prop_tgt/Fortran_MODULE_DIRECTORY.rst	33188	d1bd26c3bcf11e5c649eceeaf4fe2523b0066e7995cec24dcf7e230263adeef7	
/usr/share/cmake/Help/prop_tgt/Fortran_PREPROCESS.rst	33188	bbad41776cb027d8e28bec72451d18fd667e469d2524ab159effe9bade6b51ad	
/usr/share/cmake/Help/prop_tgt/GENERATOR_FILE_NAME.rst	33188	3deb527d5a3de4931703a765715bd292b04cace55e21a0096922b6a582ef725a	
/usr/share/cmake/Help/prop_tgt/GHS_INTEGRITY_APP.rst	33188	a42127443a08b38d314ecc3acebc8c1aed503e9839c7188b0d78b11d5637d4cf	
/usr/share/cmake/Help/prop_tgt/GHS_NO_SOURCE_GROUP_FILE.rst	33188	6f8e9ab79ec6f179d8d73be7673b595c60fd4d37edc3c4737ee93ff33b8203dd	
/usr/share/cmake/Help/prop_tgt/GNUtoMS.rst	33188	119a6d58d31d0b7cfa24f665d0d40ebc9a9079011dd06e459b84416359795bcc	
/usr/share/cmake/Help/prop_tgt/HAS_CXX.rst	33188	f0ae1ec3b3cfeaa4682fd2f9f6a3f8a094dad66716cf899a5322cb8dbe2d5fb8	
/usr/share/cmake/Help/prop_tgt/HEADER_DIRS.rst	33188	999e0597a855c47d1074cc2506e7f9bce0dddbd8fd9f5e4a86db4e74eba0e374	
/usr/share/cmake/Help/prop_tgt/HEADER_DIRS_NAME.rst	33188	06d61ef1861e1da6d1fa8ebab0461642450f0c3dc4e061bc58e312694c9a7250	
/usr/share/cmake/Help/prop_tgt/HEADER_SET.rst	33188	8505324fe00ec89e4790680c813305988b38d9b7cb24467bd130496fd9cb8000	
/usr/share/cmake/Help/prop_tgt/HEADER_SETS.rst	33188	0e50e3b8ba0a53789f8757340b14735218c2f47efd3f25cb3ff7b10b350777a1	
/usr/share/cmake/Help/prop_tgt/HEADER_SET_NAME.rst	33188	5ca826e2208daa6a3fd23a15b898c782f2b9bfa1e8a4b74c7fdd81636d0d0bc7	
/usr/share/cmake/Help/prop_tgt/HIP_ARCHITECTURES.rst	33188	05212c020234966783212b82b97bda8d2c549dae94b38be195fc6a35a9292f9c	
/usr/share/cmake/Help/prop_tgt/HIP_EXTENSIONS.rst	33188	10105cace1644506f99321e345a8785f2efc0d39150e1be5c33ede34d2254b03	
/usr/share/cmake/Help/prop_tgt/HIP_STANDARD.rst	33188	9c1c481011493ad99969ae14cf0c282d524448bd1916723a0346c1b36fbe8c3b	
/usr/share/cmake/Help/prop_tgt/HIP_STANDARD_REQUIRED.rst	33188	f67e3f302c40e2787f1e9e1634251f1786562bfe526659e76792e43020f255b6	
/usr/share/cmake/Help/prop_tgt/IMPLICIT_DEPENDS_INCLUDE_TRANSFORM.rst	33188	ea0b87e7454d2f0eb43708f38472c0c6e83f339b5ed21865b597f1a27d8a3ece	
/usr/share/cmake/Help/prop_tgt/IMPORTED.rst	33188	f571008fd46367b38daa4b68257113ce66a3c6474982a3bd7550b12c8d9942e8	
/usr/share/cmake/Help/prop_tgt/IMPORTED_COMMON_LANGUAGE_RUNTIME.rst	33188	0a7b1607dcd06467cc6b110cff28c62a72b59e15af7d058c59ed5e04f51a1839	
/usr/share/cmake/Help/prop_tgt/IMPORTED_CONFIGURATIONS.rst	33188	ce49fbed4bcb254732f517bcae7f1189571a6f4734676c5c97e70e2e6cf81a76	
/usr/share/cmake/Help/prop_tgt/IMPORTED_CXX_MODULES_COMPILE_DEFINITIONS.rst	33188	ac6a18fd89b76428507e37db202851d2eac46e73e03af85efe6a7a2962db58a3	
/usr/share/cmake/Help/prop_tgt/IMPORTED_CXX_MODULES_COMPILE_FEATURES.rst	33188	b3acb9bbfae93adc9b640765c20a8d94c4b382f9a71472427c355b748f2f8541	
/usr/share/cmake/Help/prop_tgt/IMPORTED_CXX_MODULES_COMPILE_OPTIONS.rst	33188	d781a08f0830d1691ddafee43048dbc9d1551240f8617618eba5283de5ddce85	
/usr/share/cmake/Help/prop_tgt/IMPORTED_CXX_MODULES_INCLUDE_DIRECTORIES.rst	33188	3dbf63bb025c67b36a0ab7aa1f1f0caf46b1faa66a0f41794c13f78112eb6aad	
/usr/share/cmake/Help/prop_tgt/IMPORTED_CXX_MODULES_LINK_LIBRARIES.rst	33188	d887567edf31379f1b15785fba8d23cf182d6835db2238137298b2c802b93237	
/usr/share/cmake/Help/prop_tgt/IMPORTED_GLOBAL.rst	33188	a92f8c4acbb6a3e0a6040fd47e55abc387689c9f4545f83e4b36f73a35fdefba	
/usr/share/cmake/Help/prop_tgt/IMPORTED_IMPLIB.rst	33188	5ad8bce616c1cec94d0ab1b0cdc2cc8a7e56df72549970ab36afe156862ac2ce	
/usr/share/cmake/Help/prop_tgt/IMPORTED_IMPLIB_CONFIG.rst	33188	5aa63193c82a3ee5198a3277f65b5103784f32763745bbfcf74a6d3d9c979564	
/usr/share/cmake/Help/prop_tgt/IMPORTED_LIBNAME.rst	33188	ee5455520d9201ed19b6e23a56a400b086001c48ebf44423e09aa78b48b88e6b	
/usr/share/cmake/Help/prop_tgt/IMPORTED_LIBNAME_CONFIG.rst	33188	1aa6d5bed4f3af708a322a7cdb5afd31b96dd8adcbc94a1741b2b740b0bc7665	
/usr/share/cmake/Help/prop_tgt/IMPORTED_LINK_DEPENDENT_LIBRARIES.rst	33188	b360f8b5a7d92358c4bc9f8db8863ca37f80a43fe4e524031021cd7ebf6c367b	
/usr/share/cmake/Help/prop_tgt/IMPORTED_LINK_DEPENDENT_LIBRARIES_CONFIG.rst	33188	da276609e53f4e7783fbce93819f12638a1289a3a3491218e57ee00bc239830a	
/usr/share/cmake/Help/prop_tgt/IMPORTED_LINK_INTERFACE_LANGUAGES.rst	33188	a70ea8acc7a54991be3defaf7a50f937eeb16b69e21a8c9256d107e70854272b	
/usr/share/cmake/Help/prop_tgt/IMPORTED_LINK_INTERFACE_LANGUAGES_CONFIG.rst	33188	f7daac4995703fc295863e00fdf119c30dbc144cc7e6a6fdcdfa60a16dd98131	
/usr/share/cmake/Help/prop_tgt/IMPORTED_LINK_INTERFACE_LIBRARIES.rst	33188	8c1d7820cf28ce2cac95c89748d43060548c2cb15ea42080dec5aa6b1b0ac672	
/usr/share/cmake/Help/prop_tgt/IMPORTED_LINK_INTERFACE_LIBRARIES_CONFIG.rst	33188	777d0cd29718a442e351a012b583876a67604845e2bd868df3e9c4fba67f2de5	
/usr/share/cmake/Help/prop_tgt/IMPORTED_LINK_INTERFACE_MULTIPLICITY.rst	33188	9671a3077eb6c1bb4549a09ead6c4a5461147041aa7c46f019dc0d57a8885ec7	
/usr/share/cmake/Help/prop_tgt/IMPORTED_LINK_INTERFACE_MULTIPLICITY_CONFIG.rst	33188	285bb7656f48afa6468fd2675421618b609fd72e8840d90e2be5ec10487f58fb	
/usr/share/cmake/Help/prop_tgt/IMPORTED_LOCATION.rst	33188	fba93abb5787e58600d6a6eb232d0e5992fae7e0dcbdc6687d84393edb5680c0	
/usr/share/cmake/Help/prop_tgt/IMPORTED_LOCATION_CONFIG.rst	33188	89a9e58795ad3cd80d179de8f59e99ff9b774f55329b6394a35d3f0298b1507b	
/usr/share/cmake/Help/prop_tgt/IMPORTED_NO_SONAME.rst	33188	8022e9a0e76585822d89cd5bf4ab9eeeb84293d6e45c5594a1ba1df5113bd99c	
/usr/share/cmake/Help/prop_tgt/IMPORTED_NO_SONAME_CONFIG.rst	33188	09c86b309aedf0301d393e61c33332ba66ab2e9218dc4667bf0243a75f593576	
/usr/share/cmake/Help/prop_tgt/IMPORTED_NO_SYSTEM.rst	33188	3ad3378487e1b9fa35623f7a5517349b1765f7c5e227ab30713766acfb2b699f	
/usr/share/cmake/Help/prop_tgt/IMPORTED_OBJECTS.rst	33188	cae14c22ef9b67f8005d37575afef609d8a53be28db7aa78689ce6b2d3b972cb	
/usr/share/cmake/Help/prop_tgt/IMPORTED_OBJECTS_CONFIG.rst	33188	df4fe1e078189d7cfb64ec5fc118ce7f8a460bfd737690827b143ac074bd7008	
/usr/share/cmake/Help/prop_tgt/IMPORTED_SONAME.rst	33188	0e20e5961f9391a23007cf9969401ffc513b36ae0a78c9a44116bf4e51249ccf	
/usr/share/cmake/Help/prop_tgt/IMPORTED_SONAME_CONFIG.rst	33188	e68d359e74e59481ca5fdfce7f1155bd09f3c089f06b3a1295f6208ab657c8ab	
/usr/share/cmake/Help/prop_tgt/IMPORT_PREFIX.rst	33188	5b41b223ecfa8ad1fe290f443eee8a676a780c25df36383f21ef78205415d6a3	
/usr/share/cmake/Help/prop_tgt/IMPORT_SUFFIX.rst	33188	8f70913af471464b0a18de80fcf79b30df2ad92898c51be17438222b87f4fdff	
/usr/share/cmake/Help/prop_tgt/INCLUDE_DIRECTORIES.rst	33188	1c8f81672788464de5717105c1d75d81fb35b877423df53e4231f15d8f12a33b	
/usr/share/cmake/Help/prop_tgt/INSTALL_NAME_DIR.rst	33188	dd49afafc1e7191168f6f5104309bd6e9478d4bbb0fbcda7ec14ed37818d6f94	
/usr/share/cmake/Help/prop_tgt/INSTALL_REMOVE_ENVIRONMENT_RPATH.rst	33188	26485d9912e54b20452869470abc89b5e747d4809a1efe9044be0fb787182eab	
/usr/share/cmake/Help/prop_tgt/INSTALL_RPATH.rst	33188	ec300b6afa04cc867aab643ea10a538ca807d29e5d928ff83343f2956e316ee9	
/usr/share/cmake/Help/prop_tgt/INSTALL_RPATH_USE_LINK_PATH.rst	33188	62e66cc9d29ddd752fdc1fe9670e49c9cde8a2d4a8fbe462470fbc0fb8acb12c	
/usr/share/cmake/Help/prop_tgt/INTERFACE_AUTOMOC_MACRO_NAMES.rst	33188	49d0bdba9ac33b9dc78f1b6a507b66a26b7cb142389894a9de64c98c919c4d58	
/usr/share/cmake/Help/prop_tgt/INTERFACE_AUTOUIC_OPTIONS.rst	33188	95b21945b53851c1c175c2d49df32de512b046ccc9cd9b5142efc980a351950a	
/usr/share/cmake/Help/prop_tgt/INTERFACE_BUILD_PROPERTY.txt	33188	be7a059889ab24c8b9ea250e49262df19a6f594b88772231a22f97a940668845	
/usr/share/cmake/Help/prop_tgt/INTERFACE_COMPILE_DEFINITIONS.rst	33188	04869c081efbba17c47ab88246123d9a577daab107cd983a4df3f95612931efa	
/usr/share/cmake/Help/prop_tgt/INTERFACE_COMPILE_FEATURES.rst	33188	1b38ce6eb5322b324de47de2d202781d151ac22c8e9d5ddc90545151b1eb90a1	
/usr/share/cmake/Help/prop_tgt/INTERFACE_COMPILE_OPTIONS.rst	33188	f0c4688bbfe1ab3dd484daf991c3ba4f9e5a64a82b4b15e4233ede8beaa4ffb0	
/usr/share/cmake/Help/prop_tgt/INTERFACE_CXX_MODULE_SETS.rst	33188	a9d82f96a0cc303152eabe40c72d2e7e3a8ef7876741250e776e4ab8ccd07945	
/usr/share/cmake/Help/prop_tgt/INTERFACE_HEADER_SETS.rst	33188	0ca9230e5f18957185a65ffc85694681f1f704cacf8dff0677ee1a3909fdb754	
/usr/share/cmake/Help/prop_tgt/INTERFACE_HEADER_SETS_TO_VERIFY.rst	33188	4707d0065f3acc96ccb0b30d2202118346059cc934e1f335b6f57e3e8a0ed490	
/usr/share/cmake/Help/prop_tgt/INTERFACE_INCLUDE_DIRECTORIES.rst	33188	8936dee71688bfef918eb0b4608ae42f343dcbd38852bd602f41a90a37f44338	
/usr/share/cmake/Help/prop_tgt/INTERFACE_LINK_DEPENDS.rst	33188	c921f88c112ddeb8e40b36de28cad645b303a202118bba522c17a66bdc750f16	
/usr/share/cmake/Help/prop_tgt/INTERFACE_LINK_DIRECTORIES.rst	33188	712369facc641c908aec989054633e696b4d102a2e191a90a2394bad2a5684bc	
/usr/share/cmake/Help/prop_tgt/INTERFACE_LINK_LIBRARIES.rst	33188	2611ae08a2c1ac45fec12bc921f77c5c58251c742dc8bf5d6d6a836805a42da8	
/usr/share/cmake/Help/prop_tgt/INTERFACE_LINK_LIBRARIES_DIRECT.rst	33188	54f1e4a160d3d25521d143dffab032c5104f6132e509e76528f57d2efdf9eadd	
/usr/share/cmake/Help/prop_tgt/INTERFACE_LINK_LIBRARIES_DIRECT.txt	33188	620baef6a5d465c30765b5916b32fef3cbd8ec98bd11a750ee88592224a2bb65	
/usr/share/cmake/Help/prop_tgt/INTERFACE_LINK_LIBRARIES_DIRECT_EXCLUDE.rst	33188	9602b97c68ce19f90040da6ad87f0192b4f5100c6d7ffd522ae848f20472f848	
/usr/share/cmake/Help/prop_tgt/INTERFACE_LINK_OPTIONS.rst	33188	bc74a82387101220a810651ae4aa8c406d7d565a37ca8487a848b6e7ef6da614	
/usr/share/cmake/Help/prop_tgt/INTERFACE_POSITION_INDEPENDENT_CODE.rst	33188	1b0cb521ccab5e7ad8b59d07c24501a051e63fcd18173d6a5922d9c6889bff9e	
/usr/share/cmake/Help/prop_tgt/INTERFACE_PRECOMPILE_HEADERS.rst	33188	bcd085cc9e4e3d4bac9490111aa7cbed6335eb22c25cdb3a1afc804aa552df80	
/usr/share/cmake/Help/prop_tgt/INTERFACE_SOURCES.rst	33188	4b35e15daf9e580476179e781a65087a35c55331bef4dbcbd56561271f676241	
/usr/share/cmake/Help/prop_tgt/INTERFACE_SYSTEM_INCLUDE_DIRECTORIES.rst	33188	4de0ab2851dbad1efe414beaeb5262303f8efe9228e85e5a5033c98e7d0dd080	
/usr/share/cmake/Help/prop_tgt/INTERPROCEDURAL_OPTIMIZATION.rst	33188	22bcfe1b9a1c4eae6c7368149e7a2c73331aaa447309aa9e1a27beda23be175c	
/usr/share/cmake/Help/prop_tgt/INTERPROCEDURAL_OPTIMIZATION_CONFIG.rst	33188	0db7e8b56a66f7337e8ddc6fe5d996a86c0d10ea7a61eb30ace5c813311bebec	
/usr/share/cmake/Help/prop_tgt/IOS_INSTALL_COMBINED.rst	33188	1805c5be68e0ef9f174edff600aa04804d6f0faffb4ea026f7d8fc230b31dd84	
/usr/share/cmake/Help/prop_tgt/ISPC_HEADER_DIRECTORY.rst	33188	5252c11d96dabd214b9ca6e5cd3e8859140837bffc704910d0fff5bad303b0af	
/usr/share/cmake/Help/prop_tgt/ISPC_HEADER_SUFFIX.rst	33188	76f9769992ac3923dfefc786a3b5d20d2ab24de09185b55e05634b6b3f2b156b	
/usr/share/cmake/Help/prop_tgt/ISPC_INSTRUCTION_SETS.rst	33188	cf3939bc29a21ca079f4ed6f0934fc2f8dd797fae7b2419ab426b4f2a22b3753	
/usr/share/cmake/Help/prop_tgt/JOB_POOL_COMPILE.rst	33188	e0c7c3d1df5c737b0efd99b0029bd6074730be501edada9878a3cc7fe1b740e3	
/usr/share/cmake/Help/prop_tgt/JOB_POOL_LINK.rst	33188	e1762f803e62a399d45105483a75be1ec21697a2502c953c10ed85efeeb0bdb1	
/usr/share/cmake/Help/prop_tgt/JOB_POOL_PRECOMPILE_HEADER.rst	33188	481fbd8c5423e91f0b73c8a382f11a3f47d469450ed5f07763ce009546a1c7a0	
/usr/share/cmake/Help/prop_tgt/LABELS.rst	33188	f2db481d19ae5e57b3b8d762c69fda7e7eb55a0a124110c29b7241ea49f75f7a	
/usr/share/cmake/Help/prop_tgt/LANG_CLANG_TIDY.rst	33188	c7de86997e44e4ae977fc964b9d707224ae7e611089e07598b2f51267b79b89d	
/usr/share/cmake/Help/prop_tgt/LANG_CLANG_TIDY_EXPORT_FIXES_DIR.rst	33188	b459408524800c1140724849bf9f195ca47941597a52b72d94ece23a770ac64e	
/usr/share/cmake/Help/prop_tgt/LANG_COMPILER_LAUNCHER.rst	33188	ba0d7701a37b6c10d085b9b829fee43c54f46dac781e6554d0c18482daf6f893	
/usr/share/cmake/Help/prop_tgt/LANG_CPPCHECK.rst	33188	a0f096f77e7bdb82da3afa2ad8fb60f8bdbae2a72fe49163729a8e1066f01633	
/usr/share/cmake/Help/prop_tgt/LANG_CPPLINT.rst	33188	b9d632903b7c58821d88fd182be54dd776f621c1e1dc084c476634da95dd2332	
/usr/share/cmake/Help/prop_tgt/LANG_EXTENSIONS.rst	33188	7c095dcd489450f39c4948e36490d2922fc5d4b1b9e707742cb95a93896ae0ca	
/usr/share/cmake/Help/prop_tgt/LANG_INCLUDE_WHAT_YOU_USE.rst	33188	42bf113416c63f073bf25ef76334c1887ee5d0cceb0698981c02816163c4d5e9	
/usr/share/cmake/Help/prop_tgt/LANG_LINKER_LAUNCHER.rst	33188	5434c95e635df5c9b92f552c883ba1d9cc8bf9e976cd369c27b025bed7162e0e	
/usr/share/cmake/Help/prop_tgt/LANG_STANDARD.rst	33188	06f496760e278427e7d735d5ddf630bd94b77a100a074f4a93afec85d04b4dce	
/usr/share/cmake/Help/prop_tgt/LANG_STANDARD_REQUIRED.rst	33188	d24da0248c17c37ca97266881a5308261d0e881ffed5b84b6d5a167ab06bd13c	
/usr/share/cmake/Help/prop_tgt/LANG_VISIBILITY_PRESET.rst	33188	a09f977a11020f7666a83a05cc65d78ab8e2727d8bbeafb6e412fba9f1972295	
/usr/share/cmake/Help/prop_tgt/LIBRARY_OUTPUT_DIRECTORY.rst	33188	155604f0cd04e2b5faf96ef6e08dbe1afea0b758b1990a7de0bb28d6ecf248d0	
/usr/share/cmake/Help/prop_tgt/LIBRARY_OUTPUT_DIRECTORY_CONFIG.rst	33188	048116e0d15f56f30fcc06ccfa49b38a46ef16654bf4c11fce99c5225a879926	
/usr/share/cmake/Help/prop_tgt/LIBRARY_OUTPUT_NAME.rst	33188	158417b9304e0a2821c5379d9fcffcc3cf56aa8e31795d24eb7ce1e88a95dc28	
/usr/share/cmake/Help/prop_tgt/LIBRARY_OUTPUT_NAME_CONFIG.rst	33188	7be72ae99f0296c86cb47c14d33ce03dca1fcaed350016a306dd6a93fe6ebd4b	
/usr/share/cmake/Help/prop_tgt/LINKER_LANGUAGE.rst	33188	7c4377e8e9cdc06b274615faed891e742031aa500c19cf861b226ef7aa896d87	
/usr/share/cmake/Help/prop_tgt/LINKER_TYPE.rst	33188	ec289e9388ee749b6863d1846407a639cc56153005316f21e0ae32a26d50c9a9	
/usr/share/cmake/Help/prop_tgt/LINK_DEPENDS.rst	33188	f3a8c60da1932b7731c22c8a4780f01fec2d9618129b3e1a82d900c4594b3ca1	
/usr/share/cmake/Help/prop_tgt/LINK_DEPENDS_NO_SHARED.rst	33188	77e48c5090e0541535afd56f829bba3d666adc50e35b5fa2c86809cc8b299f39	
/usr/share/cmake/Help/prop_tgt/LINK_DIRECTORIES.rst	33188	d747e18c5bd0eeee9d684808281291ff3be462c948e81c426747caf64c9b9b61	
/usr/share/cmake/Help/prop_tgt/LINK_FLAGS.rst	33188	03ac57930d549383b56f05906b9954696c91cb5ab61cc6a1f68a14d58de2e8ee	
/usr/share/cmake/Help/prop_tgt/LINK_FLAGS_CONFIG.rst	33188	590df59562ec618aef7a1af35dace47689707bbfcba2ed79340c826de17deb6c	
/usr/share/cmake/Help/prop_tgt/LINK_INTERFACE_LIBRARIES.rst	33188	7798198efd4a8a6db41a09cf1596ac7a286bfe46aeaa762956222d79a1b3af35	
/usr/share/cmake/Help/prop_tgt/LINK_INTERFACE_LIBRARIES_CONFIG.rst	33188	efd5fc8d26764574db536ed9016620c8210cf641e2571d714ce8955910653cfb	
/usr/share/cmake/Help/prop_tgt/LINK_INTERFACE_MULTIPLICITY.rst	33188	eb35142c330ad351b7a496f42ae5a70ce45da92c457434dbf0921e54220a238b	
/usr/share/cmake/Help/prop_tgt/LINK_INTERFACE_MULTIPLICITY_CONFIG.rst	33188	be935a693cbd503e7a91caf58220a19b6dab733fb3deb5081baa2e9078135af6	
/usr/share/cmake/Help/prop_tgt/LINK_LIBRARIES.rst	33188	633fb8b08d25f3f2b71a01fb41dfc46d021dac3b85a9904b177246da6f47b05e	
/usr/share/cmake/Help/prop_tgt/LINK_LIBRARIES_INDIRECTION.txt	33188	ab6e8b78ed7ebaeff3139232ce2fa05fa61bb5776e1e908f99f75728a4c4a193	
/usr/share/cmake/Help/prop_tgt/LINK_LIBRARIES_ONLY_TARGETS.rst	33188	f8ddd971e96158eebfeded93611dcc9e99905261c1e55bbb8ce425e41f557e71	
/usr/share/cmake/Help/prop_tgt/LINK_LIBRARIES_STRATEGY.rst	33188	c3e8e16b3040149bea109a5ab5d75af6fe83dba9fcf3f97ab9ec77dba2ce69a7	
/usr/share/cmake/Help/prop_tgt/LINK_LIBRARY_OVERRIDE.rst	33188	c8bad5a9c12f0c36263bf7d2ef7d923385b4ad2ed934f7b33e247e840a1443a9	
/usr/share/cmake/Help/prop_tgt/LINK_LIBRARY_OVERRIDE_LIBRARY.rst	33188	7a3f98c472e8361642ee130e1792f4d616851889bf58c8378358941b4d2337c7	
/usr/share/cmake/Help/prop_tgt/LINK_OPTIONS.rst	33188	462b9b0237bb3d8fba8774ad7ce5268dc25f96671fddf6efb3a89910853673c5	
/usr/share/cmake/Help/prop_tgt/LINK_SEARCH_END_STATIC.rst	33188	55c98e69f03135a098d50864396c0462a82782916c14e974a26c96fe528b719e	
/usr/share/cmake/Help/prop_tgt/LINK_SEARCH_START_STATIC.rst	33188	545a11f0d080152937569275fcaf5bf7a310b245f35270d1271f07be24957e91	
/usr/share/cmake/Help/prop_tgt/LINK_WHAT_YOU_USE.rst	33188	535499ec4b0753bdd123722f4f197148d130436bb93cf80969ccf5ccea780fd9	
/usr/share/cmake/Help/prop_tgt/LOCATION.rst	33188	3be5db1e99974c88c3611d7dc02b3608606ff89603dcb6ca8afb55d64cfe2d2d	
/usr/share/cmake/Help/prop_tgt/LOCATION_CONFIG.rst	33188	086918eacff765a1092a33b531721970cef4c2758585e9811190f166ad162834	
/usr/share/cmake/Help/prop_tgt/MACHO_COMPATIBILITY_VERSION.rst	33188	978786eb7d22ed5bdd946d24cbb3ae8646c21d992d1a3c25b5fcd87bcefee993	
/usr/share/cmake/Help/prop_tgt/MACHO_CURRENT_VERSION.rst	33188	eec0d9991411e8ce2fb5751fe61963430b0d51799e1611b37f3443b7800f275c	
/usr/share/cmake/Help/prop_tgt/MACOSX_BUNDLE.rst	33188	489ce9f7414ffe794bdc10bf19592d6af2b3ac4734466522d61ba5279c96e9dc	
/usr/share/cmake/Help/prop_tgt/MACOSX_BUNDLE_INFO_PLIST.rst	33188	1c79ea784aa04aa7667461a951052351d189c977760aba9fc4ea708e25c4fad5	
/usr/share/cmake/Help/prop_tgt/MACOSX_FRAMEWORK_INFO_PLIST.rst	33188	cfca3d22ac998e50c0b4bb3b29646e9a3dea3f19957dc736092590ff39911ecc	
/usr/share/cmake/Help/prop_tgt/MACOSX_RPATH.rst	33188	8ecb4430501a518ace2ed1ae918dd3ad1f597ef2c84c910bb9d14ee2f0b39f52	
/usr/share/cmake/Help/prop_tgt/MACOS_IMPORT_FILES.txt	33188	e37e0f9593d11e22837686358e896e72a1d64992780084201a5d63ff96cf783b	
/usr/share/cmake/Help/prop_tgt/MANUALLY_ADDED_DEPENDENCIES.rst	33188	2ef250def9a6787fcaed4e63189b00df07ce28f2393f0d53783d86caad76ddc0	
/usr/share/cmake/Help/prop_tgt/MAP_IMPORTED_CONFIG_CONFIG.rst	33188	899c5e1c04fe32d8631d15ff68ec8773d1d222ede0916cf0f89b342ec1914984	
/usr/share/cmake/Help/prop_tgt/MSVC_DEBUG_INFORMATION_FORMAT-VALUES.txt	33188	df5848ce04ffa32a36f681a8801bcc981022f406afcf2bb7a0bb4b21330036d4	
/usr/share/cmake/Help/prop_tgt/MSVC_DEBUG_INFORMATION_FORMAT.rst	33188	826ca4a3982864006a380b82f0627f19a957c2c441ecd041cb6cbd04687a475c	
/usr/share/cmake/Help/prop_tgt/MSVC_RUNTIME_LIBRARY-VALUES.txt	33188	4b2296fe1ce6e025d749a11c305192bd7180bca27f728675e9a635f65594d34d	
/usr/share/cmake/Help/prop_tgt/MSVC_RUNTIME_LIBRARY.rst	33188	a5fec0f5d36599a9fcac9efd8f96afffa081a883fc3f5a7d0b73394d6df70f3f	
/usr/share/cmake/Help/prop_tgt/NAME.rst	33188	1a7669864a28635fa9d27ba091c51e9e3c7ec8ea1c749983208081891294d994	
/usr/share/cmake/Help/prop_tgt/NO_SONAME.rst	33188	a3286a50184b83e3d38e7fdd5359bb474ddde1d6ffdbb6a88d789cf644a0403c	
/usr/share/cmake/Help/prop_tgt/NO_SYSTEM_FROM_IMPORTED.rst	33188	2ea06293982d8a75bdfb458198c438f70fe0b1554a643cd48bcf9f807210acfc	
/usr/share/cmake/Help/prop_tgt/OBJCXX_EXTENSIONS.rst	33188	6399d8aab38eed3ed7ef0d059c526793e58fbb1560c9ce08dcaac5213c3b5d91	
/usr/share/cmake/Help/prop_tgt/OBJCXX_STANDARD.rst	33188	a3337db2617dcac21b774f36bd82ffbc9e823ed1ec2299986f085ccb05f36c4d	
/usr/share/cmake/Help/prop_tgt/OBJCXX_STANDARD_REQUIRED.rst	33188	76dcc4499d7eed5d8ba300a46b590a6d6ef32dfcc31e217bd421f08d5c47fa5d	
/usr/share/cmake/Help/prop_tgt/OBJC_EXTENSIONS.rst	33188	6b3d6342eba5243642ead65e5e6e184bea97498485574f6042e3db838908ce40	
/usr/share/cmake/Help/prop_tgt/OBJC_STANDARD.rst	33188	b0d2f81bfac26fab6d06ef2151ab8909c811820e5fc41401fb9ad940608c29ba	
/usr/share/cmake/Help/prop_tgt/OBJC_STANDARD_REQUIRED.rst	33188	e84f7d8afebea3e75a20361f2839ca449996db18e02170451a47f72dcc7db06f	
/usr/share/cmake/Help/prop_tgt/OPTIMIZE_DEPENDENCIES.rst	33188	1779b1a1fa19d31a8417f73951cdb185a1312418d21a02343e633bc5913136da	
/usr/share/cmake/Help/prop_tgt/OSX_ARCHITECTURES.rst	33188	38d20b34e17fbabb40e2ec0e253a750c79c023f9437b19786c743511a411d25f	
/usr/share/cmake/Help/prop_tgt/OSX_ARCHITECTURES_CONFIG.rst	33188	4341dbc40298034b9851f3d2444a55c8020f63c651037d5a990ecc85206cd46d	
/usr/share/cmake/Help/prop_tgt/OUTPUT_NAME.rst	33188	73b07a396e229b600f8d64d85897acc73ebb6df10195f4ab9ca4543683624f9e	
/usr/share/cmake/Help/prop_tgt/OUTPUT_NAME_CONFIG.rst	33188	ba063c5bf233a80272087f15570b8d716fa64a72b795837e61da8c732783f8ca	
/usr/share/cmake/Help/prop_tgt/PCH_INSTANTIATE_TEMPLATES.rst	33188	04ba82b8bfb99cc624d7232b40747621a29476151dce7e8d06455b550c09af8b	
/usr/share/cmake/Help/prop_tgt/PCH_WARN_INVALID.rst	33188	894cba3627189629f4e6e653f98e5bfe8c9c0001a8ba8d032be1063f852829d1	
/usr/share/cmake/Help/prop_tgt/PDB_NAME.rst	33188	b7b05f5876b526cf8f0f375f4c2c2d3090e6baa8876a5a25d807e957aead14aa	
/usr/share/cmake/Help/prop_tgt/PDB_NAME_CONFIG.rst	33188	431d236bcd04101ae455b7c7e1e25c98235c2b8cfb6634e45eb5480e1400cbf5	
/usr/share/cmake/Help/prop_tgt/PDB_NOTE.txt	33188	6e6a24d2aff9ba401b08f80e7fe8b84662181e30a3f46e2a0413b6a969c4b899	
/usr/share/cmake/Help/prop_tgt/PDB_OUTPUT_DIRECTORY.rst	33188	d9c841f852c25eb87a92d43f1f98a664c66d8455f5a4e92d192e80d79bfeab10	
/usr/share/cmake/Help/prop_tgt/PDB_OUTPUT_DIRECTORY_CONFIG.rst	33188	2a21a943021a5a3fa95e795c8ac62ea8aa8eee0f69031f38651a231f00f1cf97	
/usr/share/cmake/Help/prop_tgt/POSITION_INDEPENDENT_CODE.rst	33188	5374844335fe07fa8265b2ac67ba2946e517230121c4eeedd677608af362bb15	
/usr/share/cmake/Help/prop_tgt/POST_INSTALL_SCRIPT.rst	33188	a212834988fa9cb16b4f3bc3a09626a2fe79c4570b0347fc851171e75a4239e4	
/usr/share/cmake/Help/prop_tgt/PRECOMPILE_HEADERS.rst	33188	f67bf73450a1ab29a59530e5df4c23275f1b45964e92e2e5e8d9a78d645ba036	
/usr/share/cmake/Help/prop_tgt/PRECOMPILE_HEADERS_REUSE_FROM.rst	33188	830b7f7b6707bb887cfffc85421e38f7f2dd3898f17406d2868bb431902dc347	
/usr/share/cmake/Help/prop_tgt/PREFIX.rst	33188	58723375fa7e05ae74319e099f89041b06bac1136f98bcf13e7db22214994c3e	
/usr/share/cmake/Help/prop_tgt/PRE_INSTALL_SCRIPT.rst	33188	80ca4e44b42b8d93a8e31ef4e71d1ff4d107450108e786a9feeda01326a3c2a7	
/usr/share/cmake/Help/prop_tgt/PRIVATE_HEADER.rst	33188	fcf0842bdd86883c87e35833453227042c2ec2db323673b562be1f605265760e	
/usr/share/cmake/Help/prop_tgt/PROJECT_LABEL.rst	33188	6d6c68528a76b25f22decf489ad24bb5a5b68d1c6d357a6af241ac0314086b92	
/usr/share/cmake/Help/prop_tgt/PUBLIC_HEADER.rst	33188	d3374e93889df73596f8e687dc7d6b5d2b8fdade7f0049e8602c49e67b6ee052	
/usr/share/cmake/Help/prop_tgt/RESOURCE.rst	33188	6cb8cd78a3fcd678d8c30ae6194bbf3bf06f537a317d638bb22a449130bb7342	
/usr/share/cmake/Help/prop_tgt/RULE_LAUNCH_COMPILE.rst	33188	2bde52d6d8783357ee0632ae17a7a8b90495e67717dc1e9c8583a0669fa33f4a	
/usr/share/cmake/Help/prop_tgt/RULE_LAUNCH_CUSTOM.rst	33188	4416dd0d37fbe1f415f97873aebd155603f739501dfa9c3d20ae22520fa34c4c	
/usr/share/cmake/Help/prop_tgt/RULE_LAUNCH_LINK.rst	33188	88f1351626949dbe8c766a0127f8e0e275bc1d66c054673d00b4ea3dd5516ace	
/usr/share/cmake/Help/prop_tgt/RUNTIME_OUTPUT_DIRECTORY.rst	33188	f244c4ff63096bc17754dd2c9507e95f5db060de93f1f0d8eb414a360ba04540	
/usr/share/cmake/Help/prop_tgt/RUNTIME_OUTPUT_DIRECTORY_CONFIG.rst	33188	127630cd0e75e426cfda3b487c3eedf0fd9f8663f49dc151f794a5933b16fdd3	
/usr/share/cmake/Help/prop_tgt/RUNTIME_OUTPUT_NAME.rst	33188	078c8a863fb8093b750fd30d2214e6f44bb28d83ffc7fcce0acf13c966759774	
/usr/share/cmake/Help/prop_tgt/RUNTIME_OUTPUT_NAME_CONFIG.rst	33188	c31efeb7a50ad2f9e979a10227dccafe131e0b2ed37de93e196fda5f27f3ae12	
/usr/share/cmake/Help/prop_tgt/SKIP_BUILD_RPATH.rst	33188	5066b5ea6b03e2773a26994b8caea83f8978cfc695605eada156e13f2239e60d	
/usr/share/cmake/Help/prop_tgt/SOURCES.rst	33188	222999f16b8a185dfbb09e7ed1751174226fa5ae0e7e1c96361b46b02eb58fa3	
/usr/share/cmake/Help/prop_tgt/SOURCE_DIR.rst	33188	979027b9dcd00f237969337ec34f2226e6c1965d3b2f3309b7626a7bef627c82	
/usr/share/cmake/Help/prop_tgt/SOVERSION.rst	33188	61707024e16483f5e4f6e2ca79fff09e0e8a07e7fd68a1ea80b83ba29123213e	
/usr/share/cmake/Help/prop_tgt/STATIC_LIBRARY_FLAGS.rst	33188	138baa8c4fedcf50b3398b7a9c67858c409d739e6bcd45fa8eee738442a3f46c	
/usr/share/cmake/Help/prop_tgt/STATIC_LIBRARY_FLAGS_CONFIG.rst	33188	8a59a027aa67d5b750ac339113fd2508115feec335c797868f67c9ef880d4219	
/usr/share/cmake/Help/prop_tgt/STATIC_LIBRARY_OPTIONS.rst	33188	33637e890623d41c784ee53b6f5d90f2c4a71beecf7096fe8f259d2c6e0cc497	
/usr/share/cmake/Help/prop_tgt/SUFFIX.rst	33188	87eef7046d9827d7c7b64ca7c6212b7a6175508e2bff4c066903fe394f4fe16a	
/usr/share/cmake/Help/prop_tgt/SYSTEM.rst	33188	d15ae528529f3f1b34a3476f822171c5034e6567655da0a41fc225e9a0ff5a92	
/usr/share/cmake/Help/prop_tgt/Swift_COMPILATION_MODE-VALUES.txt	33188	d49d50e912e72086b80f51eb1a4ba68e2d337543e504868b5ab68e8ce25131bb	
/usr/share/cmake/Help/prop_tgt/Swift_COMPILATION_MODE.rst	33188	c6df4f44769225f80afb1beabc3de81c4f44d12414dc007c2bf18b14c8638b0f	
/usr/share/cmake/Help/prop_tgt/Swift_DEPENDENCIES_FILE.rst	33188	8cdd574a87e6c1ba950d796c388a2e16d52ed48e3f3ee53e048cd259b0432521	
/usr/share/cmake/Help/prop_tgt/Swift_LANGUAGE_VERSION.rst	33188	cae86047ab9522f9715c9d5dab528c0aa03404da07dd0d6dc64a781a4eb01762	
/usr/share/cmake/Help/prop_tgt/Swift_MODULE_DIRECTORY.rst	33188	2e8aa0916273429e3155bc9654fc43cc39bd8868b485029b91e65a91806dafc9	
/usr/share/cmake/Help/prop_tgt/Swift_MODULE_NAME.rst	33188	695d4144830861ede09db91332456d199713f0c4657282397c7a05984f792c92	
/usr/share/cmake/Help/prop_tgt/TEST_LAUNCHER.rst	33188	d5b1fdce3f805f04462bb7e686b2a52a2d5e93e1a077d928fb73c0ace034fdce	
/usr/share/cmake/Help/prop_tgt/TRANSITIVE_COMPILE_PROPERTIES.rst	33188	4046d700f2438e1d27b99e69d49dfa2d8ade267ac31191ddb5be17c07fb9f4dd	
/usr/share/cmake/Help/prop_tgt/TRANSITIVE_LINK_PROPERTIES.rst	33188	c73fe107bbe7034ec5713a6b07e75f67fc50f946cef8efe79892ccdaa154c247	
/usr/share/cmake/Help/prop_tgt/TYPE.rst	33188	2e386b46aef295bd3efa8eb62f6fd8fcda9efc5455713b4320035ec94160fdb0	
/usr/share/cmake/Help/prop_tgt/UNITY_BUILD.rst	33188	872fb6a4ba8ebe2afa51af73be4b61e9f7eda73231ce7289771294fe7a388b25	
/usr/share/cmake/Help/prop_tgt/UNITY_BUILD_BATCH_SIZE.rst	33188	de57033da0ac363ff0139c8dbd88d8cf35cfc0cba14c7298818aff4ab5320d08	
/usr/share/cmake/Help/prop_tgt/UNITY_BUILD_CODE_AFTER_INCLUDE.rst	33188	8b82ec9a9a801fb89e4dab5fa461ead2908e5b7973f8d7e5ae40961b25d066da	
/usr/share/cmake/Help/prop_tgt/UNITY_BUILD_CODE_BEFORE_INCLUDE.rst	33188	9e17cf3891cfaef81a63699811e6d31dd1ee6befa7e0f4ff3f957e813633a2b5	
/usr/share/cmake/Help/prop_tgt/UNITY_BUILD_MODE.rst	33188	f572798bbc3a9bb9271428cc95a9794f4e45924505415a51110958f11c8b2991	
/usr/share/cmake/Help/prop_tgt/UNITY_BUILD_UNIQUE_ID.rst	33188	962b3924afd2570fa7b99dcbca2e49dae0f4752944e74e07a861198895d33f11	
/usr/share/cmake/Help/prop_tgt/VERIFY_INTERFACE_HEADER_SETS.rst	33188	8259b7bfd6e4a0c88e5706be2553c789623dfd49e7d103864cc79e40e148821d	
/usr/share/cmake/Help/prop_tgt/VERSION.rst	33188	736cef794e0f0ea475a1ed883969c654f598436b630f97d02cfa8b407eaf0d18	
/usr/share/cmake/Help/prop_tgt/VERSION_SOVERSION_EXAMPLE.txt	33188	f699e100325c820c2b8cfdfca17c9a4ce55159848f24114c6254cfcfed1d2da3	
/usr/share/cmake/Help/prop_tgt/VISIBILITY_INLINES_HIDDEN.rst	33188	46a238b46b2c1691f400ac388cbadd4dfe6f28a724aa3d3bbbd03582d162a742	
/usr/share/cmake/Help/prop_tgt/VS_CONFIGURATION_TYPE.rst	33188	ea966e7910e52cc0413a661e2dae130a7fbcbf5b5fed79865dac33494999a92f	
/usr/share/cmake/Help/prop_tgt/VS_DEBUGGER_COMMAND.rst	33188	e3c954ed6fcf2653022db4d46e5c83aab8f4feee23ac929005a44d8d5ea3e905	
/usr/share/cmake/Help/prop_tgt/VS_DEBUGGER_COMMAND_ARGUMENTS.rst	33188	b66206c5910dbbe721423777714068516ef7bcd3bf60d9cffd034779676e0637	
/usr/share/cmake/Help/prop_tgt/VS_DEBUGGER_ENVIRONMENT.rst	33188	45702ee3e083e1cf1ad4331ba1d44204fa8f837fa96054bab1e1ba6c9cebc9d9	
/usr/share/cmake/Help/prop_tgt/VS_DEBUGGER_WORKING_DIRECTORY.rst	33188	fcd0a7ca9384fcbe4b1ce516ada0353a73593190a68fb9d6ffdfbbf5f1fb9cf9	
/usr/share/cmake/Help/prop_tgt/VS_DESKTOP_EXTENSIONS_VERSION.rst	33188	2a5174b4ab9286154e2da4f362acc2a30b0964fd460a69c53070d78753d356c7	
/usr/share/cmake/Help/prop_tgt/VS_DOTNET_DOCUMENTATION_FILE.rst	33188	a656ec3d0db65ac03973eb84fa9eacef57d01418591b43226ed9c3438a055684	
/usr/share/cmake/Help/prop_tgt/VS_DOTNET_REFERENCEPROP_refname_TAG_tagname.rst	33188	4b60c435936cab70d1d6d067e23fc928c58f7149cf6aa0f51a83173fc4a0afab	
/usr/share/cmake/Help/prop_tgt/VS_DOTNET_REFERENCES.rst	33188	dcc681f8abd404c007105ef0aa6db8fab06149cecc6e68e45ae4b81b108912a4	
/usr/share/cmake/Help/prop_tgt/VS_DOTNET_REFERENCES_COPY_LOCAL.rst	33188	ec7496fa8c6d18295341a2db76469b0547c21c0500b866462313b6b0736d7ce8	
/usr/share/cmake/Help/prop_tgt/VS_DOTNET_REFERENCE_refname.rst	33188	da8a464b013f812d8cfc731e8d30f8e4597d476d31cdb2fde80821bece33b6b5	
/usr/share/cmake/Help/prop_tgt/VS_DOTNET_STARTUP_OBJECT.rst	33188	ed1ec3b37b5d8f2a3a77cdcf811cff44187ff9013e18e553c056392f6a6a24c5	
/usr/share/cmake/Help/prop_tgt/VS_DOTNET_TARGET_FRAMEWORK_VERSION.rst	33188	ff419de21f27d3f33bec9d56aabc9b169ad2d94cd6eedda2345af1bd4cc2f611	
/usr/share/cmake/Help/prop_tgt/VS_DPI_AWARE.rst	33188	7674f29d965b5ccfafe62e7f6e729b1ae1fe865836875ce4ac3f90a5234b8824	
/usr/share/cmake/Help/prop_tgt/VS_FILTER_PROPS.rst	33188	dc957469a82720cb38d99a274fff2207eabb244e6837d4b9f1be80634875fc87	
/usr/share/cmake/Help/prop_tgt/VS_FRAMEWORK_REFERENCES.rst	33188	d6bb464474afc4918d8aceba510c3742de2454e768fd0ea2103514daeeeb2833	
/usr/share/cmake/Help/prop_tgt/VS_GLOBAL_KEYWORD.rst	33188	e00035acd34bf318254d46262a4a348d2439715d08bdbdc992718a3f665cd042	
/usr/share/cmake/Help/prop_tgt/VS_GLOBAL_PROJECT_TYPES.rst	33188	ed930d84f122d8893e3de798c1a51cc517a4462c51e2115cefad1410eac2362e	
/usr/share/cmake/Help/prop_tgt/VS_GLOBAL_ROOTNAMESPACE.rst	33188	2262de30e9adf5f3c14dd8f9266078c8b6734e5cca5d78c3453491b83f5b80a8	
/usr/share/cmake/Help/prop_tgt/VS_GLOBAL_variable.rst	33188	df7aa4191e7a205cce30f1d66df36e67576310727988ac77952152d0c1c7f9b3	
/usr/share/cmake/Help/prop_tgt/VS_IOT_EXTENSIONS_VERSION.rst	33188	8cfe60512c7457e2f32ebc9a5ab05dda72dc37bcdb94709406754a98e603e2a7	
/usr/share/cmake/Help/prop_tgt/VS_IOT_STARTUP_TASK.rst	33188	f7c5a83f2c1f85c9c1c81d555fe0114ad031d3fc2e26f3d320ae8cb5e65004a7	
/usr/share/cmake/Help/prop_tgt/VS_JUST_MY_CODE_DEBUGGING.rst	33188	854097e9f13dd73dcce07671b59a17ab44cad3307a8245ea948a761bf44fb49b	
/usr/share/cmake/Help/prop_tgt/VS_KEYWORD.rst	33188	85da59031e361c3b5cb72e758a1bf70e7cba4a22bca1f5801b97d50bfa11360b	
/usr/share/cmake/Help/prop_tgt/VS_MOBILE_EXTENSIONS_VERSION.rst	33188	76f2aecef4fd7f104d20fd9b2a390d05c60368c84438cfda4580d6095f399b66	
/usr/share/cmake/Help/prop_tgt/VS_NO_COMPILE_BATCHING.rst	33188	544bf4dc05e16caa306d0a33343ef62cfcc5dcda7addf15e1107571a9d1e5d52	
/usr/share/cmake/Help/prop_tgt/VS_NO_SOLUTION_DEPLOY.rst	33188	d2eeb7e2c6d9c0b698048cae774fd2123b849e6083c4c4bba6306b991d3c8cd4	
/usr/share/cmake/Help/prop_tgt/VS_PACKAGE_REFERENCES.rst	33188	8d1d4e7a5a0080cdafc6a38cb13c146a1a45935c1dc79a7611061559e5b1eca6	
/usr/share/cmake/Help/prop_tgt/VS_PLATFORM_TOOLSET.rst	33188	3cc3a41b7a663bb534e327cf2b4e8205f625e4598ea462176e726d8218e4fc37	
/usr/share/cmake/Help/prop_tgt/VS_PROJECT_IMPORT.rst	33188	c62e036e4adccccfdc8262a6d388e565f9011cf14a3ac2d53ea6312febc060f6	
/usr/share/cmake/Help/prop_tgt/VS_SCC_AUXPATH.rst	33188	01f23be11492e2a09f70d3d70bd8b5d808e3873c8ca93b769b37256fc244bac3	
/usr/share/cmake/Help/prop_tgt/VS_SCC_LOCALPATH.rst	33188	3c842934a7d39a814dc4b9b71e64c6a0cd559bfc37985d0edb2d3740d6f7c180	
/usr/share/cmake/Help/prop_tgt/VS_SCC_PROJECTNAME.rst	33188	df0ed5f616b11e5f0ab6f4a75d96f22b96ba803cfe44d5acc1fa35a68e6ae15c	
/usr/share/cmake/Help/prop_tgt/VS_SCC_PROVIDER.rst	33188	ec04a27e79fead5aeb29b61834a346b95e4669a9b88f49e22c2f06068615a4e6	
/usr/share/cmake/Help/prop_tgt/VS_SDK_REFERENCES.rst	33188	236003f8b38243f63ad0810a443450729d60fa6581b0a58e53d7793038d6c03f	
/usr/share/cmake/Help/prop_tgt/VS_SOLUTION_DEPLOY.rst	33188	21f03534ba560280e401121bd93ce8896656e764b14d25505416500cbe2ec858	
/usr/share/cmake/Help/prop_tgt/VS_SOURCE_SETTINGS_tool.rst	33188	76f72bf3e0e352ecd3c821ac9fbfbd71ce38f9aa9a53f492207456f6bb8f25d9	
/usr/share/cmake/Help/prop_tgt/VS_USER_PROPS.rst	33188	17325e17d657455303492886045cba89a2fe1c98b7303c172385632bcef04c84	
/usr/share/cmake/Help/prop_tgt/VS_USE_DEBUG_LIBRARIES-PURPOSE.txt	33188	9e2b16a400ec6ab5985412fccdb07e0975d2608c3409cd9882802b6d16e8d501	
/usr/share/cmake/Help/prop_tgt/VS_USE_DEBUG_LIBRARIES.rst	33188	ef94f69cd91c76743c67ee116967bb90e06c241dbbcc2b9f64c6c99ffa7a558d	
/usr/share/cmake/Help/prop_tgt/VS_WINDOWS_TARGET_PLATFORM_MIN_VERSION.rst	33188	2f5b3b6906f72596318341de4a17b27476d56d8f2b5a13a254364411ac24df9e	
/usr/share/cmake/Help/prop_tgt/VS_WINRT_COMPONENT.rst	33188	391db88613a6767e7d1ca3dcb23b0286cd2e34d4266525b9f54654bfc08ae3b3	
/usr/share/cmake/Help/prop_tgt/VS_WINRT_EXTENSIONS.rst	33188	32e73b056ed915b7fd1505b79285532d62e3daa71b5a8f6bc172ebbdd6e0a7f6	
/usr/share/cmake/Help/prop_tgt/VS_WINRT_REFERENCES.rst	33188	1cfea40a48638813c6d2df08f8f861fbf043c1da86b1614c8148c4c9fb6a8e49	
/usr/share/cmake/Help/prop_tgt/WATCOM_RUNTIME_LIBRARY-VALUES.txt	33188	8224d16816743548b17079b6d003738274e6db439e9122be5c72cdfbce02d148	
/usr/share/cmake/Help/prop_tgt/WATCOM_RUNTIME_LIBRARY.rst	33188	8471338c7be1fa0574a84c689578a7fbb5ec77fe39236fbc1c1b9817f1fdc48a	
/usr/share/cmake/Help/prop_tgt/WIN32_EXECUTABLE.rst	33188	43f994d7d740296fa812ba66a666a576a35b3bbcff3f1ab6e48f84edb77dc366	
/usr/share/cmake/Help/prop_tgt/WINDOWS_EXPORT_ALL_SYMBOLS.rst	33188	f8059d2c0c8f11fa1f3d16525a03ddfa4910d4a34f4ed57b1cb31bb938f06f07	
/usr/share/cmake/Help/prop_tgt/XCODE_ATTRIBUTE_an-attribute.rst	33188	3e617d67553e4cf6969aabfecbd5eeddda042746249eab12b7ad9f79c38752e7	
/usr/share/cmake/Help/prop_tgt/XCODE_EMBED_FRAMEWORKS_CODE_SIGN_ON_COPY.rst	33188	13351b098121e46c999b9df75c2fa8a161632dd3719986ab13d46b3dea4c9d4d	
/usr/share/cmake/Help/prop_tgt/XCODE_EMBED_FRAMEWORKS_REMOVE_HEADERS_ON_COPY.rst	33188	1e2eeb343f6d56855750c3fe45c5203c8303100bba704033752172cee3d9cb44	
/usr/share/cmake/Help/prop_tgt/XCODE_EMBED_type.rst	33188	4ff99b76eb527fb611f52b80b2ccca2aba37da5fa0410b87d8e7e6351b96b279	
/usr/share/cmake/Help/prop_tgt/XCODE_EMBED_type_CODE_SIGN_ON_COPY.rst	33188	a78bed5bd1bf5086e3d09e48b7d059c425f39a3cc2e3fe37bd43bbf16be5059f	
/usr/share/cmake/Help/prop_tgt/XCODE_EMBED_type_PATH.rst	33188	22075c32499e48e23855dd421f212ef8ced7ff023efb738652f784a1dfa3d2c1	
/usr/share/cmake/Help/prop_tgt/XCODE_EMBED_type_REMOVE_HEADERS_ON_COPY.rst	33188	fda9eed3a17ba152457f4515403ea0db4f076e3b55ec5c60ba357a08903e64e2	
/usr/share/cmake/Help/prop_tgt/XCODE_EXPLICIT_FILE_TYPE.rst	33188	664976db2527844eed7263d69250225fbb4e5b4123e840e96ea4e78cb1286c49	
/usr/share/cmake/Help/prop_tgt/XCODE_GENERATE_SCHEME.rst	33188	4f33674ee7750dcf7c36bd1ede9d00584810fc9c5f5276d60f6a8c31e7cd2eb3	
/usr/share/cmake/Help/prop_tgt/XCODE_LINK_BUILD_PHASE_MODE.rst	33188	9ad82c32b1592dd964ab822ce476522cf598e2f1778a3e1744a0711c900a3d61	
/usr/share/cmake/Help/prop_tgt/XCODE_PRODUCT_TYPE.rst	33188	c513817a927b14439d6b5ad9b948f12e36ac970d26db8498e569387d1b0c03db	
/usr/share/cmake/Help/prop_tgt/XCODE_SCHEME_ADDRESS_SANITIZER.rst	33188	dc7829d26a18ca5b9b8bd18fe84a8f3a9918992534ef920180e6d23ebc3fa13e	
/usr/share/cmake/Help/prop_tgt/XCODE_SCHEME_ADDRESS_SANITIZER_USE_AFTER_RETURN.rst	33188	c4f876b0984aaf445f946ba005a7cbe5450a6fcbb0adbbc50f9cfc868cca63d1	
/usr/share/cmake/Help/prop_tgt/XCODE_SCHEME_ARGUMENTS.rst	33188	bf2edfcedadda2edcfe20580eaff1dd5c9e53321c9eeba54e2f6074bc00f11e0	
/usr/share/cmake/Help/prop_tgt/XCODE_SCHEME_DEBUG_AS_ROOT.rst	33188	2224ffd2fda9f1a5df1ce945c45be09e8d2262ebbce673a03b348e0fede0823d	
/usr/share/cmake/Help/prop_tgt/XCODE_SCHEME_DEBUG_DOCUMENT_VERSIONING.rst	33188	485e5a4bf9eec35d78ea3a0193aab03865f8f041fbbfe875e1798d00e0fd3e34	
/usr/share/cmake/Help/prop_tgt/XCODE_SCHEME_DISABLE_MAIN_THREAD_CHECKER.rst	33188	557126a6d1106af21cd6774422c09ee029da481a8e510277557afb2d050cdaa4	
/usr/share/cmake/Help/prop_tgt/XCODE_SCHEME_DYNAMIC_LIBRARY_LOADS.rst	33188	894e4b4f6ce377f48f74fac4b35dcf7917742fc0fb630c32ff456cfa8ae2fdb4	
/usr/share/cmake/Help/prop_tgt/XCODE_SCHEME_DYNAMIC_LINKER_API_USAGE.rst	33188	34237095341163c8266a3d51809403e517fa4572a74a29d17f9a9f9077c58bb5	
/usr/share/cmake/Help/prop_tgt/XCODE_SCHEME_ENABLE_GPU_API_VALIDATION.rst	33188	a3fea8e5ce802b17f8c3d67356ad18571f8d54e5c4e40ef715e6b513069ddba9	
/usr/share/cmake/Help/prop_tgt/XCODE_SCHEME_ENABLE_GPU_FRAME_CAPTURE_MODE.rst	33188	249457821494a27986e3493744ba475ddd4bcbe477f0f9daab5919ac346fb09a	
/usr/share/cmake/Help/prop_tgt/XCODE_SCHEME_ENABLE_GPU_SHADER_VALIDATION.rst	33188	14e7d8e7e91eff141477c24b1ae4c6a4e07275f88bf92d2ecf142e9db68bdb24	
/usr/share/cmake/Help/prop_tgt/XCODE_SCHEME_ENVIRONMENT.rst	33188	db8f804886c203d63b2d914a78b41227ef3dd554a13282c1c36dc36a80d11e6e	
/usr/share/cmake/Help/prop_tgt/XCODE_SCHEME_EXECUTABLE.rst	33188	e0fe811010a38a0c3ff6a883cae1b8082a4cf9ef2343517d9c1b7796637f6784	
/usr/share/cmake/Help/prop_tgt/XCODE_SCHEME_GUARD_MALLOC.rst	33188	5ecc67ae8af9b12fac020cc588b31e2ae7bbf96ef2212180047800c8d6f1432c	
/usr/share/cmake/Help/prop_tgt/XCODE_SCHEME_LAUNCH_CONFIGURATION.rst	33188	617aac229854c544de44d11cccfbfac9f3265b8077d8e0f7dbf83e32223492f2	
/usr/share/cmake/Help/prop_tgt/XCODE_SCHEME_LAUNCH_MODE.rst	33188	5766d590584637655174dadc50fb842f8230601c9ff4b2ebd35bad4bce233ab3	
/usr/share/cmake/Help/prop_tgt/XCODE_SCHEME_MAIN_THREAD_CHECKER_STOP.rst	33188	8db3688536e92dc9b306de957b8698862cea02bbeab52b1c7341a24bd28b8ade	
/usr/share/cmake/Help/prop_tgt/XCODE_SCHEME_MALLOC_GUARD_EDGES.rst	33188	32d86812304249459ab1b18a544414b5ad30c0406edfb7fa03e34df77f07be93	
/usr/share/cmake/Help/prop_tgt/XCODE_SCHEME_MALLOC_SCRIBBLE.rst	33188	9995c6d0fac29bc7b06fa9404538253e4f4945526ba5a17fbfb52f63f26bbe0f	
/usr/share/cmake/Help/prop_tgt/XCODE_SCHEME_MALLOC_STACK.rst	33188	59e4de48dea81480ae18499486f66082f5b61e444545f25cd20a02faf8571c7d	
/usr/share/cmake/Help/prop_tgt/XCODE_SCHEME_THREAD_SANITIZER.rst	33188	d57c2ac6ec5b275ad69e248fcd03cd3bcf80a87c4c87c0e56411cfa1f2eb7dd7	
/usr/share/cmake/Help/prop_tgt/XCODE_SCHEME_THREAD_SANITIZER_STOP.rst	33188	c3e8d051727015d8c65c6bd9b578b99a4d35913494712afbf87bd5e2f6ff7b98	
/usr/share/cmake/Help/prop_tgt/XCODE_SCHEME_UNDEFINED_BEHAVIOUR_SANITIZER.rst	33188	d7ace4bf693d411a29c4d31b93d0a13519ae46b59be871bf2fa4d0c996c98674	
/usr/share/cmake/Help/prop_tgt/XCODE_SCHEME_UNDEFINED_BEHAVIOUR_SANITIZER_STOP.rst	33188	40f40f838aa7133e07450d70addbe42ab71034ff07b72dec74d7b4acd79bd6ec	
/usr/share/cmake/Help/prop_tgt/XCODE_SCHEME_WORKING_DIRECTORY.rst	33188	415dc9648bf51925e220c28b62386cf5096e59f56694ffc55adf851a2199bb0f	
/usr/share/cmake/Help/prop_tgt/XCODE_SCHEME_ZOMBIE_OBJECTS.rst	33188	7d4726b2c2c3b2c2cbe5e28d2ac0165286fac68cfaf3913e444c86e545a4f522	
/usr/share/cmake/Help/prop_tgt/XCODE_XCCONFIG.rst	33188	d5d108b84d3fca09cfb6f5c56113ca72b6419982bac55acf50e7bf4bca7ac08a	
/usr/share/cmake/Help/prop_tgt/XCTEST.rst	33188	3bbd4d3850e321751bf3b458114b8e05af37077bf18f42b8bf21109e8a7ca68c	
/usr/share/cmake/Help/prop_tgt/XXX_OUTPUT_DIRECTORY.txt	33188	1ea0dc5aef1deef44f20da70261f53a2283562c57a4b9bc9dc489835a23d8b2d	
/usr/share/cmake/Help/prop_tgt/XXX_OUTPUT_NAME.txt	33188	8f436d16a78d95c8fb367050304b492df3edc7d0c00aee357f2be639a9401292	
/usr/share/cmake/Help/release	16877		
/usr/share/cmake/Help/release/3.0.rst	33188	1965619b6ade8919d3d797578603216bea0736455b91c51ec45983a04640f692	
/usr/share/cmake/Help/release/3.1.rst	33188	5a90b15cbc17d750fe7cac6cb0383e2e7f2193b6b7b3250a3d009d9b6d1658dd	
/usr/share/cmake/Help/release/3.10.rst	33188	6526569c09673d725fbc312e0702b736392b8974f30845ea28fdd6f12f2814bb	
/usr/share/cmake/Help/release/3.11.rst	33188	598becd0814b1403bebd57ea6f66852c1e2f40e77fa23c6fc91e2537ba03151f	
/usr/share/cmake/Help/release/3.12.rst	33188	d178aa3aae86617c7e0199fc5ed1efcaeb97cb2494762b9799a63ab56e5db06f	
/usr/share/cmake/Help/release/3.13.rst	33188	f637cdc7492369f0b445bfda53caa9b7907be3c14d44e25432273c6cf2938b0f	
/usr/share/cmake/Help/release/3.14.rst	33188	730da004ab3b09d98d431387defebff76f52f340c3ad4e06b865bf67ea0eca71	
/usr/share/cmake/Help/release/3.15.rst	33188	f09f1eae029ec56a407c0b13d6dc0f856f00a71ee47dcd060d32365a42041a5a	
/usr/share/cmake/Help/release/3.16.rst	33188	927bcfb444de3fca059af25bdb67b50a1455d7f77ed85b13aef85f1abcac5a2b	
/usr/share/cmake/Help/release/3.17.rst	33188	852778b804302c63276e31a9775a53f4fc36db8473e8868310dd5a82fe61df89	
/usr/share/cmake/Help/release/3.18.rst	33188	cdb1d33400683e92fce4e2f9170e0eb315c55470ca0dafc78138b9bd29dcf8d3	
/usr/share/cmake/Help/release/3.19.rst	33188	87b05044952f67634c86ab7e2c84541fd1d3cd84e8ce9098093ac7e2fec783ba	
/usr/share/cmake/Help/release/3.2.rst	33188	3a64e04d656fb2d020e4a15a8149dfcb31ce323ab4a5972c97d44df141c852a9	
/usr/share/cmake/Help/release/3.20.rst	33188	905dcba32f773dd850e6eb25da96ac5375a2c6db2f278221b72ef5b72dd06b0b	
/usr/share/cmake/Help/release/3.21.rst	33188	6aa49daae2418d4d30dfeabd75b1e20e5f11d7fb3cbfe3d921f61043c18f025e	
/usr/share/cmake/Help/release/3.22.rst	33188	5e02a159f1b42b96f7fbad0fb4749baf38daccf813aa6a188486a17190b67952	
/usr/share/cmake/Help/release/3.23.rst	33188	c18fabe52e02099d709811033b052396abba9c9d5416621df0ea34ef5261d461	
/usr/share/cmake/Help/release/3.24.rst	33188	c9efd772ba76defc5bf5ee281aef076cc7fd6e77c59b33d998653d78ed16cd8b	
/usr/share/cmake/Help/release/3.25.rst	33188	80c201d6d3b231d7138d500761549a8fd392fca810bce6e5860b855e74d4bf93	
/usr/share/cmake/Help/release/3.26.rst	33188	1ee61f5d35d27cf5165ec165e5041dee5242b5425ed91dd036053b41a4614836	
/usr/share/cmake/Help/release/3.27.rst	33188	c0fe6a151234907855d3a6734de7b1e1dde32ab6e85d9effa7e3b4520391c8a7	
/usr/share/cmake/Help/release/3.28.rst	33188	1683eb1abb0640586803d0b7d8233785c6677c030301446466e34bef4c5805a8	
/usr/share/cmake/Help/release/3.29.rst	33188	a8254a92e93c5dbdbff1a8121247ed7f4e3390b7c9cf0ede154ac2895e30bb96	
/usr/share/cmake/Help/release/3.3.rst	33188	d90426f281517352770576b15ce3be5bc802a0e8832c52967929f69ce7b6801c	
/usr/share/cmake/Help/release/3.30.rst	33188	b3be5db460df1bb2bfde8cfa32e9ddece4a93f98dd9cc4baa559a1a2e677d521	
/usr/share/cmake/Help/release/3.31.rst	33188	eac030939177f908ab86a6bc5e44205caa1194a52696abecc9f522e14d05e073	
/usr/share/cmake/Help/release/3.4.rst	33188	7f4e1587d06adb70895961a2e6fc2cc1ee96f6681325b72b271df15845a1581e	
/usr/share/cmake/Help/release/3.5.rst	33188	6b9ab1e911ca72164d4de86d5dcc83b7bd0bb646d2e9b7fe007d15fd69dfbbb2	
/usr/share/cmake/Help/release/3.6.rst	33188	42ae1828e46b4b5f9b0c8236d01484e4581f642f50765e1ee83cb5b37a20d64d	
/usr/share/cmake/Help/release/3.7.rst	33188	b421042b961229ad53c4d8c7459ffcab38afb53d3fa83d9e3fd2cb0289ec16a5	
/usr/share/cmake/Help/release/3.8.rst	33188	6da9d39ba22bc4c0d10f0d5ddd24d4d2d42e58f2e84c6d372e676749e28710aa	
/usr/share/cmake/Help/release/3.9.rst	33188	c4d3e4a5d8a05b259fc1f701f40bebf7b81e6bc5f02cc73eff4902ed1c573941	
/usr/share/cmake/Help/release/dev.txt	33188	2660c106cc6c626b1a9fd5b09b92c5bbb0590e5a6def59da436b616a11838667	
/usr/share/cmake/Help/release/index.rst	33188	d2bf7e426502a753741f3d9d80f939cbbe1408582e86e1bdecde559369756de1	
/usr/share/cmake/Help/variable	16877		
/usr/share/cmake/Help/variable/ANDROID.rst	33188	e0a107082cf0779954aafc8e2017fed448f8fe9977e202a7cfb4ce75db00212f	
/usr/share/cmake/Help/variable/APPLE.rst	33188	a8948cd7607de4a87043a7d650ec225a8bae09661d8415b76858acee40833f46	
/usr/share/cmake/Help/variable/BORLAND.rst	33188	67ba46a4cd620a1894bc629ef7319bf085b37df6e522f29478c705ce3e2b2c39	
/usr/share/cmake/Help/variable/BSD.rst	33188	ed5c03caf24e0c08d745f3e134b0663ee952fce850c0d0e616fadbed7b63cc30	
/usr/share/cmake/Help/variable/BUILD_SHARED_LIBS.rst	33188	35c9b5817b8117cd20d8d9b7d2dcaf95f6a2db72977e09e429020b1ffa33ea1a	
/usr/share/cmake/Help/variable/CACHE.rst	33188	bbcb715e161145873d0e78a7626361d0bd6130e4363a68839317e3b0a85b4be1	
/usr/share/cmake/Help/variable/CMAKE_ABSOLUTE_DESTINATION_FILES.rst	33188	0834539ab880f8c4465d8fc007f8a2cab57447fdcdd8e7397bc9910bfe8dd154	
/usr/share/cmake/Help/variable/CMAKE_ADD_CUSTOM_COMMAND_DEPENDS_EXPLICIT_ONLY.rst	33188	a148f64318778dfa77b0c53b293391dadfaa1d6ce66a2448c3db4ec6706b9bfb	
/usr/share/cmake/Help/variable/CMAKE_ADSP_ROOT.rst	33188	88ce48f35cc35f3a2bc55df9016bad185cffdf261d3ee8853f00b55c6bf93cf5	
/usr/share/cmake/Help/variable/CMAKE_AIX_EXPORT_ALL_SYMBOLS.rst	33188	81a2a9b29c7f6cd031c7d69ff3bdb7176b6fa53dcf0cb66ba30fea89d2817e6d	
/usr/share/cmake/Help/variable/CMAKE_AIX_SHARED_LIBRARY_ARCHIVE.rst	33188	3ec84624a38b279dc07884d1997650444b93b68cedf8b69b7d32157e7afb1f19	
/usr/share/cmake/Help/variable/CMAKE_ANDROID_ANT_ADDITIONAL_OPTIONS.rst	33188	11869acf1ad0d2eb9acf709de126e6ffeeaf10da0a664ae5389a28fd07c01869	
/usr/share/cmake/Help/variable/CMAKE_ANDROID_API.rst	33188	8afae1056045849da3b2c7dce3ebb637e93cbe3dcac4071944c2ca3d15d0326e	
/usr/share/cmake/Help/variable/CMAKE_ANDROID_API_MIN.rst	33188	7ddcc63447eb311d2b4e1b0f6977fce7e4ff77f8278ed6560ded3dc9a9d8f114	
/usr/share/cmake/Help/variable/CMAKE_ANDROID_ARCH.rst	33188	6b9439c433507a6013f0912186463fa218e995756e1b8123d3bb13c0857b63cb	
/usr/share/cmake/Help/variable/CMAKE_ANDROID_ARCH_ABI.rst	33188	de98680cc88dd59d64eec876f99ef2a47a14b83667d76defa0190fea313b5f69	
/usr/share/cmake/Help/variable/CMAKE_ANDROID_ARM_MODE.rst	33188	1897017504c30e3ea3059024b3bf61013620be10b408a10a56bfec55d94e2be4	
/usr/share/cmake/Help/variable/CMAKE_ANDROID_ARM_NEON.rst	33188	1f7cd19ce7bf349fd0e1cb7c0cce5d858aef2262b90b8d30b1953960c5ec5661	
/usr/share/cmake/Help/variable/CMAKE_ANDROID_ASSETS_DIRECTORIES.rst	33188	dc0f6cc2f563e41c27a3bf2c90f4d2f7db3f971779b7d4dd6078f02285ebeb92	
/usr/share/cmake/Help/variable/CMAKE_ANDROID_EXCEPTIONS.rst	33188	188ce18beda69c77b493d7e66ed215baab9b0063c41107dcb25113d281ef4fad	
/usr/share/cmake/Help/variable/CMAKE_ANDROID_GUI.rst	33188	16842dfbdc676e023124a0d3457ae0cc33b61a8c2119ca657d60d9f0ad978e27	
/usr/share/cmake/Help/variable/CMAKE_ANDROID_JAR_DEPENDENCIES.rst	33188	63303b9771bd4e14a7cd7798854b77e7cec60aabddf83ffea8be1e5be371b601	
/usr/share/cmake/Help/variable/CMAKE_ANDROID_JAR_DIRECTORIES.rst	33188	566074294be32931a04cc988b373716904f4504a2b725aa2957885ff336575b2	
/usr/share/cmake/Help/variable/CMAKE_ANDROID_JAVA_SOURCE_DIR.rst	33188	8e458841d9b05ca632f2aa131b97519c830ca4e61df52e769a45779fe313f756	
/usr/share/cmake/Help/variable/CMAKE_ANDROID_NATIVE_LIB_DEPENDENCIES.rst	33188	863d4a84f6c38ab8af848990cdd980f787844219dab74c2cdde37993948dfe88	
/usr/share/cmake/Help/variable/CMAKE_ANDROID_NATIVE_LIB_DIRECTORIES.rst	33188	915d47a55646ceebd25b591eb27db3e7dca55de3e7f4bf5676f9a9a6ae4fd9a3	
/usr/share/cmake/Help/variable/CMAKE_ANDROID_NDK.rst	33188	eff5a41afbb987337b1327fd0d3a263ddce857bb8d83cefcc309bbfc38dbf18f	
/usr/share/cmake/Help/variable/CMAKE_ANDROID_NDK_DEPRECATED_HEADERS.rst	33188	2b2ca9b73e206e7e0b727591ee7a45379510d984535812df1f01bd97fa57d650	
/usr/share/cmake/Help/variable/CMAKE_ANDROID_NDK_TOOLCHAIN_HOST_TAG.rst	33188	a75f36f6e753cd8893b9aeeefdf06b42d1bd3df3a01c1670dfd3143ee8f617a6	
/usr/share/cmake/Help/variable/CMAKE_ANDROID_NDK_TOOLCHAIN_VERSION.rst	33188	4d8d6f34a8f8e4681027ffe65cd2c1a61ef6a6b520cbf221b6c5875ae67c05bc	
/usr/share/cmake/Help/variable/CMAKE_ANDROID_NDK_VERSION.rst	33188	31a8a9184cab2221ef67cdc0c109ae34033e81901ec855c945fec53a5baf78ff	
/usr/share/cmake/Help/variable/CMAKE_ANDROID_PROCESS_MAX.rst	33188	89897c873196d2c99b062518a9fc8b47c99cd4f95d196bc0e70735277fa6eb89	
/usr/share/cmake/Help/variable/CMAKE_ANDROID_PROGUARD.rst	33188	5661b6ceb57a0bd83823ece541dad8f53f47aa4b2bd9000b8780f7b90571f045	
/usr/share/cmake/Help/variable/CMAKE_ANDROID_PROGUARD_CONFIG_PATH.rst	33188	a11ec2400aa54b5e790e6720650b6657049aa9b8e770ca1ac9bc419635803cf0	
/usr/share/cmake/Help/variable/CMAKE_ANDROID_RTTI.rst	33188	38e64f6d1d9b34b34e4dafeb96eaf20ad301e8400e60435ebe1411ad14d20e18	
/usr/share/cmake/Help/variable/CMAKE_ANDROID_SECURE_PROPS_PATH.rst	33188	05910190f1a84b0fdbaa5ac7157f452a04dac43e3e8604ff135151777e72a73f	
/usr/share/cmake/Help/variable/CMAKE_ANDROID_SKIP_ANT_STEP.rst	33188	40addc104dbcc85e500da453fc3bba782cf83a798f01a8eb02ab4cf0500287e5	
/usr/share/cmake/Help/variable/CMAKE_ANDROID_STANDALONE_TOOLCHAIN.rst	33188	c502b321195a421ea81e434bddfc954a17a42b308f844e4c5eedc1b4aa64e3e5	
/usr/share/cmake/Help/variable/CMAKE_ANDROID_STL_TYPE.rst	33188	9bd403f450136cd44eff0a2c60525ab3f22e7ba2fcb44f71419eacb90a76ea51	
/usr/share/cmake/Help/variable/CMAKE_APPBUNDLE_PATH.rst	33188	97c1adcd5ccb7f34c152aa1b91b35ef24b802c505178edfb9ecdd0c166299dbc	
/usr/share/cmake/Help/variable/CMAKE_APPLE_SILICON_PROCESSOR.rst	33188	656fbcfc6b64a2e16ae5bbe4c7fd21c9cc8b224fc2479cd852e7382108375665	
/usr/share/cmake/Help/variable/CMAKE_AR.rst	33188	f24843b3eb420d6edb660d83aca533f0eefd34b3997ab2003fb6b50b94840272	
/usr/share/cmake/Help/variable/CMAKE_ARCHIVE_OUTPUT_DIRECTORY.rst	33188	a953a9e87eb3b04e80f06664096b4a1b34b2332139be6120ed441b2ce4336b14	
/usr/share/cmake/Help/variable/CMAKE_ARCHIVE_OUTPUT_DIRECTORY_CONFIG.rst	33188	01bfb9af3f6d0e2f2ddd755eb18a14a3f3c55e60ab77e0fddc9951e41279fc10	
/usr/share/cmake/Help/variable/CMAKE_ARGC.rst	33188	adffefaac8263f42ca680b20d3102cbec7615fbafa370acd572bb4be1af5684a	
/usr/share/cmake/Help/variable/CMAKE_ARGV0.rst	33188	148d4fd22277a8a28483b46c279bdc5aaf27b40d4d5d87771b71aa56646e1511	
/usr/share/cmake/Help/variable/CMAKE_AUTOGEN_BETTER_GRAPH_MULTI_CONFIG.rst	33188	00b6ab8ca8a9aff18d8e32a98db258d39af9f2f49476d503ded99de8c0d6e3f0	
/usr/share/cmake/Help/variable/CMAKE_AUTOGEN_COMMAND_LINE_LENGTH_MAX.rst	33188	8bf7902f1f2ce66492a06d71b31f0cafee3a01ef15f652588457c1102f753dec	
/usr/share/cmake/Help/variable/CMAKE_AUTOGEN_ORIGIN_DEPENDS.rst	33188	d3ad5b8a750b46c98365cb8dffc8637b27ea5084caa74895aa7dd1387923229e	
/usr/share/cmake/Help/variable/CMAKE_AUTOGEN_PARALLEL.rst	33188	071ec0faab8de4390e3eea135eff80f27b845f1222c8017d510741bce67f667c	
/usr/share/cmake/Help/variable/CMAKE_AUTOGEN_USE_SYSTEM_INCLUDE.rst	33188	803e0c94a06063422ef5f918e5e4b87259b1410c01024ee56b187f3cc05bdd69	
/usr/share/cmake/Help/variable/CMAKE_AUTOGEN_VERBOSE.rst	33188	29cdd3e8f1bcdb25bb9d0ef561154e9564f41d1108c9d48429b547acb655a0e4	
/usr/share/cmake/Help/variable/CMAKE_AUTOMOC.rst	33188	e551fadeb43bc18a4598c9b196fc8ade09c567b82797bd8a6e687845f6507709	
/usr/share/cmake/Help/variable/CMAKE_AUTOMOC_COMPILER_PREDEFINES.rst	33188	ec5c74f4faf0cf0e51873032660914c053599aaac049fc34be79f3139bd22c03	
/usr/share/cmake/Help/variable/CMAKE_AUTOMOC_DEPEND_FILTERS.rst	33188	26adecd6bced5afc769409b68cbae4d371de263a7e519a9daf07a06b219c7db7	
/usr/share/cmake/Help/variable/CMAKE_AUTOMOC_EXECUTABLE.rst	33188	3ee28ca76c889fc82c139ab6cdb48b5a0db2f43bb87f964d559ea7f49d7bcdeb	
/usr/share/cmake/Help/variable/CMAKE_AUTOMOC_MACRO_NAMES.rst	33188	d75ab63aa4367062d533a67a60137f14059c71b5949da6d6e2776e5f1332df34	
/usr/share/cmake/Help/variable/CMAKE_AUTOMOC_MOC_OPTIONS.rst	33188	02e94cea58368e05c619111df3086e77112cdfe6fcbaff5f6ed66981828104df	
/usr/share/cmake/Help/variable/CMAKE_AUTOMOC_PATH_PREFIX.rst	33188	c044bdcf832de4fbc96e9ac49019f350c0e2b7aac4056a3f624d70c157abebf5	
/usr/share/cmake/Help/variable/CMAKE_AUTOMOC_RELAXED_MODE.rst	33188	5de017dd1bb794dac77ede6501f6d74b70ee12e76ee428e444da25b88197ace2	
/usr/share/cmake/Help/variable/CMAKE_AUTORCC.rst	33188	f84620335e3936a22bb7cf35761e555949e381b8714363c2e1cbd1918d672f40	
/usr/share/cmake/Help/variable/CMAKE_AUTORCC_EXECUTABLE.rst	33188	2e2abad1c9e80a0026fbf51a8b412f249eec1fce727a2686ad98e2a6ce6d7182	
/usr/share/cmake/Help/variable/CMAKE_AUTORCC_OPTIONS.rst	33188	c960dc72c5ad582ce4db4e0ee2736c63a23fdb1454f7b81a85211c53eedd4dc3	
/usr/share/cmake/Help/variable/CMAKE_AUTOUIC.rst	33188	c25f79d20fc3f4e5680f668ef653b92e92a7f3e44f0b09f4c0a1479e6419d663	
/usr/share/cmake/Help/variable/CMAKE_AUTOUIC_EXECUTABLE.rst	33188	5affd4171b932191979446e1d3d5dbd8fa432e551b3a29661bc6385ea93ca12b	
/usr/share/cmake/Help/variable/CMAKE_AUTOUIC_OPTIONS.rst	33188	ce4ee75d575fc523dd241fde467e1bbdef186ba50843e4e9295719ae9a8d814a	
/usr/share/cmake/Help/variable/CMAKE_AUTOUIC_SEARCH_PATHS.rst	33188	119265fcb8638100535168845433f5c0adc14d2bca6daa7e107ec46e105ec17c	
/usr/share/cmake/Help/variable/CMAKE_BACKWARDS_COMPATIBILITY.rst	33188	8140849065791d399b857cca290b65dd86023ad6a6ec9fc3e0ea9ee6dc62c3e8	
/usr/share/cmake/Help/variable/CMAKE_BINARY_DIR.rst	33188	682e44236ceb4aa042cf54bae4b5f82eda84edeaa6e0f5064f1f5d57de6d1783	
/usr/share/cmake/Help/variable/CMAKE_BUILD_RPATH.rst	33188	8d73b15b89ece12a8de7ebbe2c421e01c03c5e70612430e9d0c63efc53b1acf2	
/usr/share/cmake/Help/variable/CMAKE_BUILD_RPATH_USE_ORIGIN.rst	33188	a2e5311451e01b5b58166b06fbadc36271b06ab5840dabeacb442569c71ee20b	
/usr/share/cmake/Help/variable/CMAKE_BUILD_TOOL.rst	33188	78368162780978aa66b667b9f10438c51469b76a9f6b9a3ac0f0e102583d483c	
/usr/share/cmake/Help/variable/CMAKE_BUILD_TYPE.rst	33188	4c43c90ddc5e5e857a5294539c8e62c790beb8451af0da15f9b15ae659ef0717	
/usr/share/cmake/Help/variable/CMAKE_BUILD_WITH_INSTALL_NAME_DIR.rst	33188	db8f1d8fe993bed51c71199e8008e09bbe1c73e26b0ff94f60ce2e19035ff9cf	
/usr/share/cmake/Help/variable/CMAKE_BUILD_WITH_INSTALL_RPATH.rst	33188	7701e12e2427d1fe0900e80713383e7a3decd6fb4acb0ec92b82e4705d0be34c	
/usr/share/cmake/Help/variable/CMAKE_CACHEFILE_DIR.rst	33188	d45db4305ac1474a242e9223595a481a810a558cbf7876255abd8556b9c90333	
/usr/share/cmake/Help/variable/CMAKE_CACHE_MAJOR_VERSION.rst	33188	f7c8e141f90167caa14ae32d6f8625563944fae04652731cee18a2b2b97b1fca	
/usr/share/cmake/Help/variable/CMAKE_CACHE_MINOR_VERSION.rst	33188	bd92a4677f00645781b2e2296f7383a5e3d30f69291958480b9ebd3213b2443d	
/usr/share/cmake/Help/variable/CMAKE_CACHE_PATCH_VERSION.rst	33188	e7579e1e575d677d77712afc6a275d4d1801002f7f14f5be6424e12f12939e20	
/usr/share/cmake/Help/variable/CMAKE_CFG_INTDIR.rst	33188	6fb7371dd4b5b80f0a4a27669ee223d236e72287cde31c767df7f245e7015923	
/usr/share/cmake/Help/variable/CMAKE_CLANG_VFS_OVERLAY.rst	33188	9c31e0125388cb8f3379563363492f063644b1430ef79581a41d845ed8f3a4dd	
/usr/share/cmake/Help/variable/CMAKE_CL_64.rst	33188	b056956ad7613bfafdab515aa9b06005c45ad83bd443d055f9a0909a69f90a85	
/usr/share/cmake/Help/variable/CMAKE_CODEBLOCKS_COMPILER_ID.rst	33188	8e14e6e5c1159e506fa37133fa62c589bd695ee663eb1372f14d50eb54d49225	
/usr/share/cmake/Help/variable/CMAKE_CODEBLOCKS_EXCLUDE_EXTERNAL_FILES.rst	33188	ff3c7fd1bef4b71de04b94326cc93ecf479f4c99bad04510b2f196e0ca98eb1d	
/usr/share/cmake/Help/variable/CMAKE_CODELITE_USE_TARGETS.rst	33188	3a55856f3a0bfe238fe6802edbed773b8bcbce3219ac0f5f286897390d190899	
/usr/share/cmake/Help/variable/CMAKE_COLOR_DIAGNOSTICS.rst	33188	d736f3fb8e2f27260ad182290612eac258be3d92d16729f951691698c0a195a1	
/usr/share/cmake/Help/variable/CMAKE_COLOR_MAKEFILE.rst	33188	2e393b0ec209aec37a978d852548c4399d828db0e30aeb77b0b00c8e5dd147d0	
/usr/share/cmake/Help/variable/CMAKE_COMMAND.rst	33188	c401a755680db5376ada415395c607e17714392842a9940dd1c9deb20a0472bf	
/usr/share/cmake/Help/variable/CMAKE_COMPILER_2005.rst	33188	0e8a90e1f3a556992534628a2536ad7092d9cb8b0d32347bab46d518cd7c30bc	
/usr/share/cmake/Help/variable/CMAKE_COMPILER_IS_GNUCC.rst	33188	1447644db9c8fe09852601830567bdd95daa0c9903cd7ff96fba0dfa9c734f3c	
/usr/share/cmake/Help/variable/CMAKE_COMPILER_IS_GNUCXX.rst	33188	d5b67596e630b39fd2151aa9f2a2aef71e0d27bd074b2f65554875c6d5115d03	
/usr/share/cmake/Help/variable/CMAKE_COMPILER_IS_GNUG77.rst	33188	e037940425479420e5dcb5e840ba93cdf46d9b5464b445747c30d127281b76a7	
/usr/share/cmake/Help/variable/CMAKE_COMPILE_PDB_OUTPUT_DIRECTORY.rst	33188	f84401302d40bd4fe6299e5b234f2dd5efb95fa68622274946f7fa61032260c9	
/usr/share/cmake/Help/variable/CMAKE_COMPILE_PDB_OUTPUT_DIRECTORY_CONFIG.rst	33188	09dcb0541e422b96efd0f51664dd3d76f3f4fd23574bed28811c77e83b598038	
/usr/share/cmake/Help/variable/CMAKE_COMPILE_WARNING_AS_ERROR.rst	33188	cba515e02d41c4d75b610f82adcf8c769b46b9ea74a53e78a89b79a10d87732d	
/usr/share/cmake/Help/variable/CMAKE_CONFIGURATION_TYPES.rst	33188	f5ea681c9f15e710655c10109061965e0493c045fbafa6bcc0fc529e80581955	
/usr/share/cmake/Help/variable/CMAKE_CONFIG_POSTFIX.rst	33188	8c9d32498cac534479e0124c0187b400c6bf94491781496f0a5e317a661f8710	
/usr/share/cmake/Help/variable/CMAKE_CPACK_COMMAND.rst	33188	c3fc32d3f81ffd39e7b3ba2225ecb7088956ee1ca203c245066ddaba28c0151e	
/usr/share/cmake/Help/variable/CMAKE_CROSSCOMPILING.rst	33188	37c485540aefb095238f2535e64efd43d8a6b9ac363982288564afb53d3bac68	
/usr/share/cmake/Help/variable/CMAKE_CROSSCOMPILING_EMULATOR.rst	33188	e8059fe878b1ca3e42bb79e416e5a8719ce6e1897df8cc2460dbf80fe2fddf89	
/usr/share/cmake/Help/variable/CMAKE_CROSS_CONFIGS.rst	33188	4851155d708b8a4a4c9a6355b6a8a4ff54dfefb2ab667afadcc057f81de5d01f	
/usr/share/cmake/Help/variable/CMAKE_CTEST_ARGUMENTS.rst	33188	2305836977c97b8c8991d3410655caabc43055baac2a80f0fd1d48814f265020	
/usr/share/cmake/Help/variable/CMAKE_CTEST_COMMAND.rst	33188	e12946c4aba6f4ab9a660fdd4360f150d742c1479651fe14407ef18721e91701	
/usr/share/cmake/Help/variable/CMAKE_CUDA_ARCHITECTURES.rst	33188	d52d7c79737b5930523118fcb873793855b17d19cf69b12de00c91a71626cfa8	
/usr/share/cmake/Help/variable/CMAKE_CUDA_COMPILE_FEATURES.rst	33188	c35a48e9809b8147fb6fdba152b5d22354681d2ec2034ba3043941f45f184f3d	
/usr/share/cmake/Help/variable/CMAKE_CUDA_EXTENSIONS.rst	33188	d27289ccb42240f6bea4a9dc601d6633b82be196d977d80165616db103bab97b	
/usr/share/cmake/Help/variable/CMAKE_CUDA_HOST_COMPILER.rst	33188	f684a374b009f3fe4f66ecda5dde46348f1be9605043eff76b8bdd7402ade514	
/usr/share/cmake/Help/variable/CMAKE_CUDA_RESOLVE_DEVICE_SYMBOLS.rst	33188	2e79edc7f8d0b3cab27c2573b3e1f931288af30cdd3c77c013ef0ef1cdd87ff7	
/usr/share/cmake/Help/variable/CMAKE_CUDA_RUNTIME_LIBRARY.rst	33188	79e232fd48a4cb9af44626d1694e252e6682089a1c62a968b462fb684accab64	
/usr/share/cmake/Help/variable/CMAKE_CUDA_SEPARABLE_COMPILATION.rst	33188	3113c72b55b0dc3b28fc2c77ca5436ef5f913bed494c954a0d075be17e105bfe	
/usr/share/cmake/Help/variable/CMAKE_CUDA_STANDARD.rst	33188	25a958f9550bd6e1fbc7cc9e6bf2b83176e0475571834b39588c97056a1ace57	
/usr/share/cmake/Help/variable/CMAKE_CUDA_STANDARD_REQUIRED.rst	33188	c278494e13eb48209e04f8f67e245d6d3f67934afa8d5a5589ccab1213e59c21	
/usr/share/cmake/Help/variable/CMAKE_CUDA_TOOLKIT_INCLUDE_DIRECTORIES.rst	33188	94a4f241ece935cab059f042e757c4cd0063b0563001f7fb9f564091a06e7020	
/usr/share/cmake/Help/variable/CMAKE_CURRENT_BINARY_DIR.rst	33188	ec85eaf1dd89265c098aee83f9e048eecba9f8cc5dbaf2ad6378c17b3f9d0811	
/usr/share/cmake/Help/variable/CMAKE_CURRENT_FUNCTION.rst	33188	110139247b201255ff4b5223dea0660fa943d6532d0300687a49c4b0fa6e17be	
/usr/share/cmake/Help/variable/CMAKE_CURRENT_FUNCTION_LIST_DIR.rst	33188	ac002d48e8301f43c1a85c7b2fd4e4d373513de27ba144de688817a3cc679e72	
/usr/share/cmake/Help/variable/CMAKE_CURRENT_FUNCTION_LIST_FILE.rst	33188	03798a25069e4613bb4d4f08dcca341d0ccf0601207f3a15778c6203febe7dca	
/usr/share/cmake/Help/variable/CMAKE_CURRENT_FUNCTION_LIST_LINE.rst	33188	88c2afc45031d5343ea66dcd869c66972bb09beb214d9be5d80eff2cd52b9c60	
/usr/share/cmake/Help/variable/CMAKE_CURRENT_LIST_DIR.rst	33188	0e9dc920bf23ce566253a829f659e4f0ab7f1eab89e85a8bb67d61ef44a4e3bc	
/usr/share/cmake/Help/variable/CMAKE_CURRENT_LIST_FILE.rst	33188	49876ccdc2388d8878ecec00b785b2fe0a843e8e4a6e603eb38e51250ddcddaa	
/usr/share/cmake/Help/variable/CMAKE_CURRENT_LIST_LINE.rst	33188	bbab6b996d883aff1fcb3c149f5b4caf306b90e585382b32e8832ced0b5df9e1	
/usr/share/cmake/Help/variable/CMAKE_CURRENT_SOURCE_DIR.rst	33188	0db6c261df88898ba17fecedd4ed812d3c564399a08268ea8971fc2bab3b0933	
/usr/share/cmake/Help/variable/CMAKE_CXX_COMPILER_IMPORT_STD.rst	33188	9e078f8bc5e2fb5f394da7609e4263f83d80051e4e037f2141590f2c118f9f20	
/usr/share/cmake/Help/variable/CMAKE_CXX_COMPILE_FEATURES.rst	33188	5670fa273814804bfdcc3f26c9a0d6d78a9da20e235912cafd7e18a869d063a4	
/usr/share/cmake/Help/variable/CMAKE_CXX_EXTENSIONS.rst	33188	2d97e222d70553a38b6bff5e9bab461d94464697483dd50b24ed4a452cd1086b	
/usr/share/cmake/Help/variable/CMAKE_CXX_MODULE_STD.rst	33188	2acc567c790ea88ca9c063412d40cceec04e5b25c7d1c2d59aa1164f99c70623	
/usr/share/cmake/Help/variable/CMAKE_CXX_SCAN_FOR_MODULES.rst	33188	0fb3f832f51ff5b43ef90ea8fa1f7f5e01ad6fbf603dee9f202ba0cca2686b6c	
/usr/share/cmake/Help/variable/CMAKE_CXX_STANDARD.rst	33188	d6903810ae45a2bdd8a60526f543f8b0d0436b39f8d9500f8d4e5c221cde7ca6	
/usr/share/cmake/Help/variable/CMAKE_CXX_STANDARD_REQUIRED.rst	33188	1a3dc6fef106bc96e157ec6245147af8c7d5c59ccf5457a487b02f8508f533d4	
/usr/share/cmake/Help/variable/CMAKE_C_COMPILE_FEATURES.rst	33188	5349f2b4e6dddd0069fcb560926b1012a2b1bf22e90aaeac219337c71bda46e5	
/usr/share/cmake/Help/variable/CMAKE_C_EXTENSIONS.rst	33188	fef4e37e3a1d5a4f38c0bd0e33b903d6a6cc31807674af8f5a739786bdc72f70	
/usr/share/cmake/Help/variable/CMAKE_C_STANDARD.rst	33188	cc2dad60ae0cad117457eff12103d073d644ff522c50012a4dbd93d4f6675901	
/usr/share/cmake/Help/variable/CMAKE_C_STANDARD_REQUIRED.rst	33188	ffe8e5245c4ab0c7a1c75447457d7650b7ef9ed5b6a79839396b237a0c0588ce	
/usr/share/cmake/Help/variable/CMAKE_DEBUG_POSTFIX.rst	33188	e55bb7c4af47b217e82a02d1076ea55a2a5a813c1cd1aa4d6e97e7ae6e971bdf	
/usr/share/cmake/Help/variable/CMAKE_DEBUG_TARGET_PROPERTIES.rst	33188	31908772e2f57c8554ebdf60fbb3d3bf1cd7b77dc3abf2454cc3806d17d757bd	
/usr/share/cmake/Help/variable/CMAKE_DEFAULT_BUILD_TYPE.rst	33188	38df745fd2a49604ac3ebec4adb4645cd31472d44e035de4d97a79aea6dca45d	
/usr/share/cmake/Help/variable/CMAKE_DEFAULT_CONFIGS.rst	33188	ff71a93a0c1efa84ee7ec88e5094bbd88c9aba9e79d34ce0a0b4ec58613adb04	
/usr/share/cmake/Help/variable/CMAKE_DEPENDS_IN_PROJECT_ONLY.rst	33188	913f32b2573835e5aa66991d1a42277059a5397da859d01c618b0f4f26bd2fe3	
/usr/share/cmake/Help/variable/CMAKE_DEPENDS_USE_COMPILER.rst	33188	6a76e9bd34b2d927868fa4267f07e498a1f958497672a2ad13a42e8f11dabcfc	
/usr/share/cmake/Help/variable/CMAKE_DIRECTORY_LABELS.rst	33188	e2605b5d3e1a8cddfe98629bfbc9b9a1ceaa86f988e60cf6b8bd9caff80e09ec	
/usr/share/cmake/Help/variable/CMAKE_DISABLE_FIND_PACKAGE_PackageName.rst	33188	a3ddaf5ca9a573a73cd1c8915554f5526008a606473a12dbb6198ad07233d2db	
/usr/share/cmake/Help/variable/CMAKE_DISABLE_PRECOMPILE_HEADERS.rst	33188	e48efe7b2a6f464de95850cb96f2255372a056adb5e71f858f5f3b2ee939cab3	
/usr/share/cmake/Help/variable/CMAKE_DLL_NAME_WITH_SOVERSION.rst	33188	ff58515f3b540fabb251d0da9e283e62782adeb0ba4c93c3f2c7ea29101bbff0	
/usr/share/cmake/Help/variable/CMAKE_DL_LIBS.rst	33188	f35aa0c09e1c0df87d99610f51a2fac1af7b9d5363e4b8e4477baa91f76c7dfe	
/usr/share/cmake/Help/variable/CMAKE_DOTNET_SDK.rst	33188	3024f6b3b5547043b601a28de05b8441b77718bf78694990634216823589264a	
/usr/share/cmake/Help/variable/CMAKE_DOTNET_TARGET_FRAMEWORK.rst	33188	194709ee1182405620126a344f5aea0417ea91606500030307757e140a2ad848	
/usr/share/cmake/Help/variable/CMAKE_DOTNET_TARGET_FRAMEWORK_VERSION.rst	33188	1f7210b6499475cd397918d49f92cc091de323167b1f5540137ace64e6a5a799	
/usr/share/cmake/Help/variable/CMAKE_ECLIPSE_GENERATE_LINKED_RESOURCES.rst	33188	aaaeaa338c82327590cf569856f936fd365033c23798f2310057c33d1af277e8	
/usr/share/cmake/Help/variable/CMAKE_ECLIPSE_GENERATE_SOURCE_PROJECT.rst	33188	3bedbaa74dc39115e63821aaa99d08298f92f0b21595e3c56cb65b53a998d347	
/usr/share/cmake/Help/variable/CMAKE_ECLIPSE_MAKE_ARGUMENTS.rst	33188	6849fe5937cd3d6c9dbdc54965435154badcd999fdce686edd51694f15978fc9	
/usr/share/cmake/Help/variable/CMAKE_ECLIPSE_RESOURCE_ENCODING.rst	33188	be8280f6a3a169cd46d1bfd95f409515a316fad0d56983cb9a481244daa48382	
/usr/share/cmake/Help/variable/CMAKE_ECLIPSE_VERSION.rst	33188	afcc72bf8d85b8a311ed03f69efd20c52e7219b2b6d6c1e6be719611f1410d10	
/usr/share/cmake/Help/variable/CMAKE_EDIT_COMMAND.rst	33188	f16eb05d75101a8ce7fed3177f179258fd25987374a702d74c192c9fac5782f8	
/usr/share/cmake/Help/variable/CMAKE_ENABLE_EXPORTS.rst	33188	11acfe8ec3b8e972d03cdee7a7f77699fb2f692787e052096bf7ef8d14eb5796	
/usr/share/cmake/Help/variable/CMAKE_ERROR_DEPRECATED.rst	33188	0029224a50f3ca63d2d87d7de7d3eeb4a8420d11869c53848fe90e0226e95708	
/usr/share/cmake/Help/variable/CMAKE_ERROR_ON_ABSOLUTE_INSTALL_DESTINATION.rst	33188	5f07627d1c8709c8dfc32868435a8ec1478bd4848a8dc3a23e01dc8c5acaa367	
/usr/share/cmake/Help/variable/CMAKE_EXECUTABLE_ENABLE_EXPORTS.rst	33188	e793263e24e6651389d9b5a6b40d9338865ac1b9fec9f0865cad2bb442439793	
/usr/share/cmake/Help/variable/CMAKE_EXECUTABLE_SUFFIX.rst	33188	32f6a444a1a9715f430622ce0585e60570063fee21a48ab059a754cdf6d1a40a	
/usr/share/cmake/Help/variable/CMAKE_EXECUTABLE_SUFFIX_LANG.rst	33188	d93be7b35c66a443d994d84e5895740201953beabaff70b2af7cfdb9a40eb234	
/usr/share/cmake/Help/variable/CMAKE_EXECUTE_PROCESS_COMMAND_ECHO.rst	33188	372f5a0cad20a72967c5850aa564f3fef42253de92660b655953fb1a4b0cd034	
/usr/share/cmake/Help/variable/CMAKE_EXE_LINKER_FLAGS.rst	33188	e90b00b80eb821489f787a551f6b8704e9820bef8fc6bd14d0ca901b3534de4e	
/usr/share/cmake/Help/variable/CMAKE_EXE_LINKER_FLAGS_CONFIG.rst	33188	d548509abc7a7102b974f9218feab5fa3151f43994bda65545f18df79e06455f	
/usr/share/cmake/Help/variable/CMAKE_EXE_LINKER_FLAGS_CONFIG_INIT.rst	33188	aa9e01a9146547d51fd0e46c44326b6fa3d764f954755ebbe74ce8014f9ef080	
/usr/share/cmake/Help/variable/CMAKE_EXE_LINKER_FLAGS_INIT.rst	33188	15abdcaab55dc4f1706bac30641a96e4820a65d4ab22ee7efd2fcb8e1f429c47	
/usr/share/cmake/Help/variable/CMAKE_EXPORT_BUILD_DATABASE.rst	33188	6994d26715f11ff1779214961b2430242d8333933e44ac306be870ecdb8f3bce	
/usr/share/cmake/Help/variable/CMAKE_EXPORT_COMPILE_COMMANDS.rst	33188	49843810cfe9a7f097bfc46ccdca346fd9dab642bdc970c9a0b0824cb3214718	
/usr/share/cmake/Help/variable/CMAKE_EXPORT_FIND_PACKAGE_NAME.rst	33188	eb5fb7ee7cc10c1dfe9fa49d1536fba7d24f78b8cb5924b7e4f557372e42de20	
/usr/share/cmake/Help/variable/CMAKE_EXPORT_NO_PACKAGE_REGISTRY.rst	33188	e32002821ff718a6e85777b67d1f643620c22922b5a1fb94ebeeee58463b9057	
/usr/share/cmake/Help/variable/CMAKE_EXPORT_PACKAGE_REGISTRY.rst	33188	69b4415cf498688b19d8ce5c7b718f2d84a53a71391e23c9bf6da6618634fc93	
/usr/share/cmake/Help/variable/CMAKE_EXTRA_GENERATOR.rst	33188	7a1ce3eb9df5d5712514078975c2b90030c3801bb86e8506e633bad0448d8beb	
/usr/share/cmake/Help/variable/CMAKE_EXTRA_SHARED_LIBRARY_SUFFIXES.rst	33188	d2907d40d7910160409470fcaca9f1a848718b3ab0cc5b14b4fceb93e877efb1	
/usr/share/cmake/Help/variable/CMAKE_FIND_APPBUNDLE.rst	33188	237fcc5f85cecdeba2399530711c85bc23384289cbee7f2c4536d16aada1afd3	
/usr/share/cmake/Help/variable/CMAKE_FIND_DEBUG_MODE.rst	33188	0d827e1f6c1eda2a4fbf38ae1993f7ace612e8c03c810c7bf2b7d1a2b79d653b	
/usr/share/cmake/Help/variable/CMAKE_FIND_FRAMEWORK.rst	33188	66672a2c9d8e5715226cd3794d24ae23895253a19fe3a85b7f72aabeac0ea488	
/usr/share/cmake/Help/variable/CMAKE_FIND_LIBRARY_CUSTOM_LIB_SUFFIX.rst	33188	cdb98b066d05f6585ec54019457114f9f8d728f51a40919a676318bcf910c984	
/usr/share/cmake/Help/variable/CMAKE_FIND_LIBRARY_PREFIXES.rst	33188	02afa5672a987e83e589b80b255df73c080921aec5fca73d0422199b6f9951bd	
/usr/share/cmake/Help/variable/CMAKE_FIND_LIBRARY_SUFFIXES.rst	33188	c3897c4c4ae92c676f482e2a5f8cf415ab1cb6716c88ab34589feccd41c7c39c	
/usr/share/cmake/Help/variable/CMAKE_FIND_NO_INSTALL_PREFIX.rst	33188	af661d2167a4a419aee129ab101c8f235b2f27c5c6c7c85459b6332a4e9c573a	
/usr/share/cmake/Help/variable/CMAKE_FIND_PACKAGE_NAME.rst	33188	5ae5dcd32d4b9e1b751fb71026dcfb92c4599ba56a98800f13e0b6eafe962004	
/usr/share/cmake/Help/variable/CMAKE_FIND_PACKAGE_NO_PACKAGE_REGISTRY.rst	33188	8fc6b8a20e6c6ed75c2e87a5a71568006b0f8515c181403fd623b730ab277556	
/usr/share/cmake/Help/variable/CMAKE_FIND_PACKAGE_NO_SYSTEM_PACKAGE_REGISTRY.rst	33188	251aad21d8dc2e4fa7ef192702f0639b57bc980ad1386d5aaaf241abc7c1bfd2	
/usr/share/cmake/Help/variable/CMAKE_FIND_PACKAGE_PREFER_CONFIG.rst	33188	21b6d17c96729fb15967f8cfeeff8e569cce66d01f6720d8413cd9b69c15ec61	
/usr/share/cmake/Help/variable/CMAKE_FIND_PACKAGE_REDIRECTS_DIR.rst	33188	73d5c8c429056b1e34c16ce56ba398e868cb076ed6d211cf1d6c801fd1ab109f	
/usr/share/cmake/Help/variable/CMAKE_FIND_PACKAGE_RESOLVE_SYMLINKS.rst	33188	fd200fcf734751e537ea86c32c16271d15c442a6d0af7ecaecbb2a8d87fa0b9c	
/usr/share/cmake/Help/variable/CMAKE_FIND_PACKAGE_SORT_DIRECTION.rst	33188	2dcb25333404f50e907a3585848eb473856d4cac8502725afe36ea5bb273457b	
/usr/share/cmake/Help/variable/CMAKE_FIND_PACKAGE_SORT_ORDER.rst	33188	c8bff1fde8afbce5afd12822d8cbb33d3960eee2d1dac12a47089ef82c0474cd	
/usr/share/cmake/Help/variable/CMAKE_FIND_PACKAGE_TARGETS_GLOBAL.rst	33188	1c925ebac054c5343dc8e72ddd6da4e9d8582b8f57e9a1e7d6a6ea835a7acfb1	
/usr/share/cmake/Help/variable/CMAKE_FIND_PACKAGE_WARN_NO_MODULE.rst	33188	6f85c1767c14d3225a385c15729e4425c2e43998327c763b4989f4588b290e76	
/usr/share/cmake/Help/variable/CMAKE_FIND_ROOT_PATH.rst	33188	4b93f410462088b600c4d9171f978cf11cdba1d86072993642b725d8e99c0193	
/usr/share/cmake/Help/variable/CMAKE_FIND_ROOT_PATH_MODE_INCLUDE.rst	33188	bd6ffa74ed4d0bbbdd813edfc80efe0b4f8327fcd2ab5f98b6edf34237186810	
/usr/share/cmake/Help/variable/CMAKE_FIND_ROOT_PATH_MODE_LIBRARY.rst	33188	dcceaddb6550fd425f67dbe998f8e953d0e866e9e1948e6eca541582854023b2	
/usr/share/cmake/Help/variable/CMAKE_FIND_ROOT_PATH_MODE_PACKAGE.rst	33188	6854bf2bf5688a06c6b17a8cc32b0dc5ac011738e0a3bc44e14af0d44d4d2b0f	
/usr/share/cmake/Help/variable/CMAKE_FIND_ROOT_PATH_MODE_PROGRAM.rst	33188	290e348e52f3a40de18ee7f0c0f442757498d9e1e6f1d1e723f93ed662171043	
/usr/share/cmake/Help/variable/CMAKE_FIND_ROOT_PATH_MODE_XXX.txt	33188	6dd3505830591972f056d20d4fc658f086dc9d282fcfb5ca73bd2d9e637a4255	
/usr/share/cmake/Help/variable/CMAKE_FIND_USE_CMAKE_ENVIRONMENT_PATH.rst	33188	6f1cdc6a73937409793a420134fadf635854a168b1e23a42b95c534c1700a304	
/usr/share/cmake/Help/variable/CMAKE_FIND_USE_CMAKE_PATH.rst	33188	61e0f35b3008c4452183b8627140f3df83a07400f34191f4c43d88cfa989e1b9	
/usr/share/cmake/Help/variable/CMAKE_FIND_USE_CMAKE_SYSTEM_PATH.rst	33188	ca0784e5e4a44850b9c265e496d8c8490ce3f5035f6e013aa117c88b577caad1	
/usr/share/cmake/Help/variable/CMAKE_FIND_USE_INSTALL_PREFIX.rst	33188	dc5d2243cf11a04ba07a57bf5b968d0771a333ada600062593ba1b450a635d87	
/usr/share/cmake/Help/variable/CMAKE_FIND_USE_PACKAGE_REGISTRY.rst	33188	e3d5c5a250e6659d749d2c13288f641adf5bfc8d0d10e39db091c2fe6572003a	
/usr/share/cmake/Help/variable/CMAKE_FIND_USE_PACKAGE_ROOT_PATH.rst	33188	e1b34e1edd0086e76559874ad3e94a46edb6faa5f59d375bbcd48ec734ae4b93	
/usr/share/cmake/Help/variable/CMAKE_FIND_USE_SYSTEM_ENVIRONMENT_PATH.rst	33188	a8c88fbace5711f53d877e104fb4ef5bdf4abe5daf949604f937f5fa29506f6c	
/usr/share/cmake/Help/variable/CMAKE_FIND_USE_SYSTEM_PACKAGE_REGISTRY.rst	33188	88df66aba51ecc871163cac65804428d2aa5463d3c8ca28d452063ab8df76fc4	
/usr/share/cmake/Help/variable/CMAKE_FOLDER.rst	33188	8e46a2a9064395e8d92b45307e51004f3d39a40a53492202c674b6c50668fe71	
/usr/share/cmake/Help/variable/CMAKE_FRAMEWORK.rst	33188	c59a9c3d131a2557675ec05da01de921911f0e1fb435b84ace792b4ad576f323	
/usr/share/cmake/Help/variable/CMAKE_FRAMEWORK_MULTI_CONFIG_POSTFIX_CONFIG.rst	33188	a7cd96210f34c1429ddc68defff8c63bd0c28602c2d59b116ce94d7659b5816d	
/usr/share/cmake/Help/variable/CMAKE_FRAMEWORK_PATH.rst	33188	aaa17aee1a7d07141816bb822137e4323bdbc8dedf6f4fd71eefb00fec4da013	
/usr/share/cmake/Help/variable/CMAKE_Fortran_FORMAT.rst	33188	f5b9b0b6ca0bb5298a2e20d2c75c9a4c9acf6cdc3a2173c02177bfe33bebfb78	
/usr/share/cmake/Help/variable/CMAKE_Fortran_MODDIR_DEFAULT.rst	33188	d40c92c893dd3f8873ad34b86d7ebaed3d6ae51444ba661f7080f2824943c497	
/usr/share/cmake/Help/variable/CMAKE_Fortran_MODDIR_FLAG.rst	33188	8e59969671a9504119466316953306f39c8d65cfd8cc10eb202772e142023ed4	
/usr/share/cmake/Help/variable/CMAKE_Fortran_MODOUT_FLAG.rst	33188	fc9d28f6deda688a2d7fc1e218ad4f332aaeb0dbea50bd1b40b0b534c8385ede	
/usr/share/cmake/Help/variable/CMAKE_Fortran_MODULE_DIRECTORY.rst	33188	93431f4aed67a44dfee2e458295f99dbb0749475c8a61a0a2a4187809a1a18e7	
/usr/share/cmake/Help/variable/CMAKE_Fortran_PREPROCESS.rst	33188	b3fa040049accaa818fe762ff00a170338197780092d22616165f2ef68789736	
/usr/share/cmake/Help/variable/CMAKE_GENERATOR.rst	33188	6c378165d9f7406fa463df9132e894cd4d08134e270a48774176c2e793170be4	
/usr/share/cmake/Help/variable/CMAKE_GENERATOR_INSTANCE.rst	33188	301fcc543fa8b9c4699584bcdf6a63cc8aa5f524649bb7c9878ba15596b8aa5d	
/usr/share/cmake/Help/variable/CMAKE_GENERATOR_PLATFORM.rst	33188	ac2e079a9ca50a1fcc50dbb783cd93a7dabf83d99d83f422acffc1d25237112a	
/usr/share/cmake/Help/variable/CMAKE_GENERATOR_TOOLSET.rst	33188	8a9cac492f14229fb9f0592feb31af01a9f453b9582918b65a786962ed2e54d8	
/usr/share/cmake/Help/variable/CMAKE_GHS_NO_SOURCE_GROUP_FILE.rst	33188	5e45cbece7a3d78e3af8cdd7c8179a19240fbb94a37cae23186bd38a8b1ef06e	
/usr/share/cmake/Help/variable/CMAKE_GLOBAL_AUTOGEN_TARGET.rst	33188	25dfbbfc1d5b2b843357e03da344dc4c9085bba8ab6ba8564ff9d519230c115d	
/usr/share/cmake/Help/variable/CMAKE_GLOBAL_AUTOGEN_TARGET_NAME.rst	33188	7968f6e96aab80b0deb8ae99e2a33786fb4c63fc3e0837668b3f7c5bab76f87c	
/usr/share/cmake/Help/variable/CMAKE_GLOBAL_AUTORCC_TARGET.rst	33188	5939ec60250213adeff6b56fdce573a27e2c0339e43bbe76634fd8104fc75e6b	
/usr/share/cmake/Help/variable/CMAKE_GLOBAL_AUTORCC_TARGET_NAME.rst	33188	a518ef2bf667e7f2246b03ca2aae4d38169aa0172300eb1d5af78b7d290d9a27	
/usr/share/cmake/Help/variable/CMAKE_GNUtoMS.rst	33188	2548fe3bd39eb991a202c5a898e725af6a480defc7ad0c21dbcdecd38e48d057	
/usr/share/cmake/Help/variable/CMAKE_HIP_ARCHITECTURES.rst	33188	228a96a07c1b19f3d3754a8357e60195b3b28d8284d695e8fa6bc6075e3e7d38	
/usr/share/cmake/Help/variable/CMAKE_HIP_COMPILE_FEATURES.rst	33188	6a3a69a412e66ec970aafb042c6cb984b90a6bc3b63d6367418b5a078ad88fdc	
/usr/share/cmake/Help/variable/CMAKE_HIP_EXTENSIONS.rst	33188	3d0683aa0bd25600f44f5b86afb8d34402914fab84a3dc8f3b4f5dc87041f727	
/usr/share/cmake/Help/variable/CMAKE_HIP_PLATFORM.rst	33188	80671d34c43f66d0ead460da969dbce730742ad95da781c97fc45f8d9fa8a87e	
/usr/share/cmake/Help/variable/CMAKE_HIP_STANDARD.rst	33188	0a1644cfb69c71a5d1910b7ea716d4ceba57219c39f6546daff7a64dd068b2e6	
/usr/share/cmake/Help/variable/CMAKE_HIP_STANDARD_REQUIRED.rst	33188	d7a671ddccde606d6fee3492d4657e69a639380df5596fe0d3c2ada60ad53107	
/usr/share/cmake/Help/variable/CMAKE_HOME_DIRECTORY.rst	33188	51fb30277cd509f0d655a7368b353661906fd2ae00014a7d9382b0e36145577e	
/usr/share/cmake/Help/variable/CMAKE_HOST_APPLE.rst	33188	098e6de932c7c290f4db5d7fa8fc3907a3ee9a5152e9082ff99bb7a20e319ad8	
/usr/share/cmake/Help/variable/CMAKE_HOST_BSD.rst	33188	a8f7ebf6834ae145b707da353a62027c4c77d8e2f79e7b4921681faf9672af86	
/usr/share/cmake/Help/variable/CMAKE_HOST_EXECUTABLE_SUFFIX.rst	33188	8ea3f61f5d398cdcfbd4aca0081cf776147b134a511b223bcab1e775798a0ccc	
/usr/share/cmake/Help/variable/CMAKE_HOST_LINUX.rst	33188	699d08cfaf30bd0256f84ea2640a1e9bf5c1aff34cad6fe9618ed1dfac0227a7	
/usr/share/cmake/Help/variable/CMAKE_HOST_SOLARIS.rst	33188	4b5b538358745e88a42c52390e2fe3954ac6be6f9c3c73df081d1feef257fe21	
/usr/share/cmake/Help/variable/CMAKE_HOST_SYSTEM.rst	33188	ff41b087d220687c34da73aaa275c63fb4c0955414a49a74d0429aff38e79cdd	
/usr/share/cmake/Help/variable/CMAKE_HOST_SYSTEM_NAME.rst	33188	e1f04bff9c1888c524b352bc20f45220fb98f64b51578ac5a78eb4822dc2a107	
/usr/share/cmake/Help/variable/CMAKE_HOST_SYSTEM_PROCESSOR.rst	33188	e6b30e3bbe2645803053e00821807af7c65576cdd6ca934428ffcc015fed5d16	
/usr/share/cmake/Help/variable/CMAKE_HOST_SYSTEM_VERSION.rst	33188	8cf9cee43ee1687f9358d3be47bd97bb166d53ec790d9d658243436888b9d2e5	
/usr/share/cmake/Help/variable/CMAKE_HOST_UNIX.rst	33188	adc72c02eae2fa7f47d091ad2f502376ad1233bcd0296fa5452ea6a87ddb39b4	
/usr/share/cmake/Help/variable/CMAKE_HOST_WIN32.rst	33188	ffc6531feff1a70d10a6c8eae3266ecc90b8dd8e64b78d44498d2d3341a9d19d	
/usr/share/cmake/Help/variable/CMAKE_IGNORE_PATH.rst	33188	13e5badc84eb939fc1b1afe2266be979b5c930f34ceb095473d610f3f2abc981	
/usr/share/cmake/Help/variable/CMAKE_IGNORE_PREFIX_PATH.rst	33188	ab3f48a41a518a25127edec37f29fa27655bf81fae57e8661ea2816f5f822f6c	
/usr/share/cmake/Help/variable/CMAKE_IMPORT_LIBRARY_PREFIX.rst	33188	f5233c10968553fac80f421fd6f66c87633b514b2f33f633ad3d662d6df9edc9	
/usr/share/cmake/Help/variable/CMAKE_IMPORT_LIBRARY_SUFFIX.rst	33188	77f56e5442c5d921461ac375bc22ea69a7e228e3871e599bbd0fede1d5c13faa	
/usr/share/cmake/Help/variable/CMAKE_INCLUDE_CURRENT_DIR.rst	33188	a3f5207edadcc41ea7b2a92d7c3e8d397e8cb86527ac5a10323b1b6b63711da3	
/usr/share/cmake/Help/variable/CMAKE_INCLUDE_CURRENT_DIR_IN_INTERFACE.rst	33188	fa4c383841b83c5d80eea8b8e6f12f62b643bd6843a95ccc623e4b2844146379	
/usr/share/cmake/Help/variable/CMAKE_INCLUDE_DIRECTORIES_BEFORE.rst	33188	2ef030ef4f8cbcd2563aef29268bdc43ac9ee526d19cf9be2b67e41325fec1f1	
/usr/share/cmake/Help/variable/CMAKE_INCLUDE_DIRECTORIES_PROJECT_BEFORE.rst	33188	de4b7d58ede3d060043965c7411ecfef74dbd510d78f599b14734052fbcca87c	
/usr/share/cmake/Help/variable/CMAKE_INCLUDE_PATH.rst	33188	601e9d4084d9a81718597c6285b82f8ddf7df34587a5df307406a9424336e273	
/usr/share/cmake/Help/variable/CMAKE_INSTALL_DEFAULT_COMPONENT_NAME.rst	33188	e27b3ed4910b17a5df00f098d8119d0164cb900345f99295498af2b55031cf48	
/usr/share/cmake/Help/variable/CMAKE_INSTALL_DEFAULT_DIRECTORY_PERMISSIONS.rst	33188	4084c87247ac927eb3508831e66c890591667fc11d3473eb8f7d204f349d6c82	
/usr/share/cmake/Help/variable/CMAKE_INSTALL_MESSAGE.rst	33188	340cbd1b445300e28302588920f2b1479a69756917cb1d1423658a58790cff1a	
/usr/share/cmake/Help/variable/CMAKE_INSTALL_NAME_DIR.rst	33188	6d8e8f65e38f00d5c3454214d74b26ba60bfc94d6b7fd3b9c35211d8d35acf57	
/usr/share/cmake/Help/variable/CMAKE_INSTALL_PREFIX.rst	33188	24332a1abbbe024b135c10dd92a00abe951c2dd49860e10c5e5585bcae9dfcd9	
/usr/share/cmake/Help/variable/CMAKE_INSTALL_PREFIX_INITIALIZED_TO_DEFAULT.rst	33188	cde5bf4c2a3b2608ea1430a884ae1cd491783d94a9965988f82b2040130c964c	
/usr/share/cmake/Help/variable/CMAKE_INSTALL_REMOVE_ENVIRONMENT_RPATH.rst	33188	f34a6e86f6cc8cb68a4e6a9c1388ba75bba1d6cb7639b88a3e8fc2e1a8b550bd	
/usr/share/cmake/Help/variable/CMAKE_INSTALL_RPATH.rst	33188	979a2b8b50a09e642345fc579eaa670bb370bd40bcb11ded7032e753c4339ace	
/usr/share/cmake/Help/variable/CMAKE_INSTALL_RPATH_USE_LINK_PATH.rst	33188	5410f2e6b7a54c0f7b3791dee5f901a257efb6bceee10e551a5a79ce9510c161	
/usr/share/cmake/Help/variable/CMAKE_INTERNAL_PLATFORM_ABI.rst	33188	35e04f89758c1ce8bb0d64eeeb902464f9f073592c9c27b9b1d0ca466425a697	
/usr/share/cmake/Help/variable/CMAKE_INTERPROCEDURAL_OPTIMIZATION.rst	33188	0a76116d3b0170040ae9037acc0527823b82fa310ca73f01b8e8ba4f6a8503ce	
/usr/share/cmake/Help/variable/CMAKE_INTERPROCEDURAL_OPTIMIZATION_CONFIG.rst	33188	46a2a1d927ab908a4c4c95e3969f7e8bde4ac21078dbcb9776dd01c85846ab8f	
/usr/share/cmake/Help/variable/CMAKE_IOS_INSTALL_COMBINED.rst	33188	6898cbbf2fd46af34b2ed48a5f77157013f9c18631a52a0f2b3f25d18d134a0e	
/usr/share/cmake/Help/variable/CMAKE_ISPC_HEADER_DIRECTORY.rst	33188	56faf37ae4cb85247566b4ad4c9f21b78aee2f10c704fc48b27795bd9f3872e2	
/usr/share/cmake/Help/variable/CMAKE_ISPC_HEADER_SUFFIX.rst	33188	f9ccd8d39e53c2772d3a66434018349088dd32df08780ce2b192582e6beafdd9	
/usr/share/cmake/Help/variable/CMAKE_ISPC_INSTRUCTION_SETS.rst	33188	7588cb077904e0e82047df7aa58393deaa9bdd1fba764c8ea4303d596b621acd	
/usr/share/cmake/Help/variable/CMAKE_JOB_POOLS.rst	33188	4be9ef66a234528b6dc71f0e22085acb724155b64f7f7cbd56cf26321f53415d	
/usr/share/cmake/Help/variable/CMAKE_JOB_POOL_COMPILE.rst	33188	68150f7198f6d56f09b65a35744776ea2dbcd721ac92cb9b7b34ace349946899	
/usr/share/cmake/Help/variable/CMAKE_JOB_POOL_LINK.rst	33188	64d82645812218a35f8a5590761adbec76021aa79e157390e65fb2968aeb6cfd	
/usr/share/cmake/Help/variable/CMAKE_JOB_POOL_PRECOMPILE_HEADER.rst	33188	f893f43b23b84b1247c9601a024cd035884297ceb9eb846476df12dee33b65aa	
/usr/share/cmake/Help/variable/CMAKE_KATE_FILES_MODE.rst	33188	4341dd585d85c847a637de869cb153179db801e88646081babaa506f42835e7c	
/usr/share/cmake/Help/variable/CMAKE_KATE_MAKE_ARGUMENTS.rst	33188	aab43fc2f64a115c2a386572703df7b2b229fbb2db3711a9814600a60b889484	
/usr/share/cmake/Help/variable/CMAKE_LANG_ANDROID_TOOLCHAIN_MACHINE.rst	33188	37198fe542ac5b5dc7f3e350a7fbea1f2afbffe87c4a2381eb8f1b0d8c9bb03c	
/usr/share/cmake/Help/variable/CMAKE_LANG_ANDROID_TOOLCHAIN_PREFIX.rst	33188	86357e998c902bdd4eaaba8f7dfc53fe2bfe7d492430747888b2ee8937343adf	
/usr/share/cmake/Help/variable/CMAKE_LANG_ANDROID_TOOLCHAIN_SUFFIX.rst	33188	70de24b07eed8d47e4edc194d1400653899e9d10d40e83829cebed5778dabec1	
/usr/share/cmake/Help/variable/CMAKE_LANG_ARCHIVE_APPEND.rst	33188	c6a9bd983197091d237471237c16af9446da19e8225c780649629cc7f5ffd10c	
/usr/share/cmake/Help/variable/CMAKE_LANG_ARCHIVE_CREATE.rst	33188	698caed86cc9d6cf6387b38ab63ed92283c3db0a354b937ae67a5c09f42167c0	
/usr/share/cmake/Help/variable/CMAKE_LANG_ARCHIVE_FINISH.rst	33188	091d5e779d0b7ec13a7c91b86442ede8c7639b44cc914c43aa1bbfbc319c499b	
/usr/share/cmake/Help/variable/CMAKE_LANG_BYTE_ORDER.rst	33188	e7c0e41468022334d48abd2b20ce1834b592dfdff3cb44c2b86b123f7e08b20b	
/usr/share/cmake/Help/variable/CMAKE_LANG_CLANG_TIDY.rst	33188	25d34c3dd2c8c7d6b8d016b5704b06f504103d56064415d232cb004e1f8ed839	
/usr/share/cmake/Help/variable/CMAKE_LANG_CLANG_TIDY_EXPORT_FIXES_DIR.rst	33188	f6dcd5447d793429bea6e8d486111b7ff9d84a3898ad6dfb179e74ddf75c4962	
/usr/share/cmake/Help/variable/CMAKE_LANG_COMPILER.rst	33188	52b19a78ae0edb6fe8736dda7f5a095133d231943e0d5b23f3800a0dec1a3ade	
/usr/share/cmake/Help/variable/CMAKE_LANG_COMPILER_ABI.rst	33188	e6bc761d22c69a7f2138f873d52e52b945cf1017f921205365342c4fae2286ed	
/usr/share/cmake/Help/variable/CMAKE_LANG_COMPILER_AR.rst	33188	e9b605930f9170adfc862ac489f3bb0e12b583a634fa4ba4a3e4021ca14354c2	
/usr/share/cmake/Help/variable/CMAKE_LANG_COMPILER_ARCHITECTURE_ID.rst	33188	ca819e3f37b80016be329b5f48313ccbeaa43863b7702f3592fda5828a4d413e	
/usr/share/cmake/Help/variable/CMAKE_LANG_COMPILER_EXTERNAL_TOOLCHAIN.rst	33188	c5603c84d5e21663324d1e586f0d80faec3b175fcd7d03676de1a01f268150c7	
/usr/share/cmake/Help/variable/CMAKE_LANG_COMPILER_FRONTEND_VARIANT.rst	33188	74aef6ea2408f7ee471c6710379fe93d9bdb567e7adc135c8929fc64d4dde805	
/usr/share/cmake/Help/variable/CMAKE_LANG_COMPILER_ID.rst	33188	28ced34f028327f501883d5a2263bf990c0c46f0a12813fa418ca457c86c024a	
/usr/share/cmake/Help/variable/CMAKE_LANG_COMPILER_LAUNCHER.rst	33188	6e2cceff030526e3bfbdea6e70ec0f02a5e74f4027b290b4032f3605aae19951	
/usr/share/cmake/Help/variable/CMAKE_LANG_COMPILER_LINKER.rst	33188	75d3fb1c3a6f94c22cf9957efbee535f62503703db936d76c74b98fb9f6b5660	
/usr/share/cmake/Help/variable/CMAKE_LANG_COMPILER_LINKER_FRONTEND_VARIANT.rst	33188	4343e0ff76ec684a9ef8811e68f6d250147ded94d6766afd7763e4d6e7c212db	
/usr/share/cmake/Help/variable/CMAKE_LANG_COMPILER_LINKER_ID.rst	33188	c98e04fa8bbbe7bbab75da6c3a7c76e43d417e6ce87508063d3adaa335b798e4	
/usr/share/cmake/Help/variable/CMAKE_LANG_COMPILER_LINKER_VERSION.rst	33188	cb7f5e68be60847583e2e88156f54cd6f9855525cb4429f6f5ad3899378630a5	
/usr/share/cmake/Help/variable/CMAKE_LANG_COMPILER_LOADED.rst	33188	49c66f8db2e7a08895efb4ca1f6a2019d4cef8747a91bf4b3ebbd5d78d124b22	
/usr/share/cmake/Help/variable/CMAKE_LANG_COMPILER_PREDEFINES_COMMAND.rst	33188	138f59746ba247bac095e9e8590fac9acffbf8760cc09ee0062d22f677c5489a	
/usr/share/cmake/Help/variable/CMAKE_LANG_COMPILER_RANLIB.rst	33188	a627a0328a76678feb9a5efd4eccb514b79249f2acb0f0b38e5b97516013c5be	
/usr/share/cmake/Help/variable/CMAKE_LANG_COMPILER_TARGET.rst	33188	da4c1fab929811c0496b2110fcb38f1ea564ac0d0a2732281e6ec1dc8e0fb627	
/usr/share/cmake/Help/variable/CMAKE_LANG_COMPILER_VERSION.rst	33188	a386cf9e72976f8b7857a2e5430363b1491e2d19be2572be7d33e568e84886ea	
/usr/share/cmake/Help/variable/CMAKE_LANG_COMPILER_VERSION_INTERNAL.rst	33188	802aed002dcda8007e74a5b67d97e2eec2a95f74268ca0fe91913df9012fc3f8	
/usr/share/cmake/Help/variable/CMAKE_LANG_COMPILE_OBJECT.rst	33188	f9d5ff56ed6ab0088a8054c29ef2bb7418d485e25e35fe06225f1607c54653d6	
/usr/share/cmake/Help/variable/CMAKE_LANG_CPPCHECK.rst	33188	b5a50a2f7581e0f999184f5f8c092e59a33b90f721953e626c9751ee1a629ca0	
/usr/share/cmake/Help/variable/CMAKE_LANG_CPPLINT.rst	33188	0c5c88af31e61baadf17c607eaec45ca23142d7055a88ab3177106cdff57eb6d	
/usr/share/cmake/Help/variable/CMAKE_LANG_CREATE_SHARED_LIBRARY.rst	33188	cdb1a1a388eacd5bb59a4660d17faee2d6e5a46fad17a7980856373a57491fba	
/usr/share/cmake/Help/variable/CMAKE_LANG_CREATE_SHARED_LIBRARY_ARCHIVE.rst	33188	82d20c479f8e6b92ceb1e7f91669625790d7ae774af6c2f5ccf8e6add4025e88	
/usr/share/cmake/Help/variable/CMAKE_LANG_CREATE_SHARED_MODULE.rst	33188	816453bcbfad5af4eb42ce8737f6f5e2d1039216b280e83cf0f21f8ec5da9d2d	
/usr/share/cmake/Help/variable/CMAKE_LANG_CREATE_STATIC_LIBRARY.rst	33188	fc0e4be7a27d4d1d635475370293c9989731234972fa7b5611c0f102580706a6	
/usr/share/cmake/Help/variable/CMAKE_LANG_EXTENSIONS.rst	33188	8092d0fa4469f12e4ceb37efd6dbd66a81ef724d45b36933bd20bd01ad0fa079	
/usr/share/cmake/Help/variable/CMAKE_LANG_EXTENSIONS_DEFAULT.rst	33188	bb6be5855c067b1f15b3f331e030570362501f0c656db8c41a7bad2c9614e827	
/usr/share/cmake/Help/variable/CMAKE_LANG_FLAGS.rst	33188	4cabf40e6f280d839a5fd2d8d262a9a973ca170af126841fad107605cdf977a1	
/usr/share/cmake/Help/variable/CMAKE_LANG_FLAGS_CONFIG.rst	33188	1b1670ed889d0cbc6867216b619a3bd17f3a154483cf583c50dab055ffa27b1e	
/usr/share/cmake/Help/variable/CMAKE_LANG_FLAGS_CONFIG_INIT.rst	33188	fe94f302b90178902b99f6e7890dc0eb687409975926e5066d4fbbadcb699ed0	
/usr/share/cmake/Help/variable/CMAKE_LANG_FLAGS_DEBUG.rst	33188	9bb88fc68242a7f4ad9b5f70e76685ccc151b040a093a81cdd34db35cf402828	
/usr/share/cmake/Help/variable/CMAKE_LANG_FLAGS_DEBUG_INIT.rst	33188	b8ca800e422b04f5a6b2c8146efe785dace0c44c9cb00f329a3f5939eec76410	
/usr/share/cmake/Help/variable/CMAKE_LANG_FLAGS_INIT.rst	33188	68c7c190e33a7eb6ec96ec3e3153bb227ea6f0036d15ece33d2080afe2091332	
/usr/share/cmake/Help/variable/CMAKE_LANG_FLAGS_MINSIZEREL.rst	33188	032c9d539cff842df0e5f18aaead5d504a81e890e66c922a351a9d96811fa87b	
/usr/share/cmake/Help/variable/CMAKE_LANG_FLAGS_MINSIZEREL_INIT.rst	33188	1da7f27481369ed16d5591323938628b35ba5c04cee5edf808439fd150c6a561	
/usr/share/cmake/Help/variable/CMAKE_LANG_FLAGS_RELEASE.rst	33188	956fc3bf9a5ec4d9e7922acab92097dbdfdea186f18a98f44f3b69541fdf5462	
/usr/share/cmake/Help/variable/CMAKE_LANG_FLAGS_RELEASE_INIT.rst	33188	8deaaf9f1cf7beef5c0ca1676ed95cfc2bfa4f7953e072cd662e6b01ef8719cc	
/usr/share/cmake/Help/variable/CMAKE_LANG_FLAGS_RELWITHDEBINFO.rst	33188	2b69d44ed0c0661e38b6ca60a0b964c48ea9a03f6adb68ff913211eda940c51e	
/usr/share/cmake/Help/variable/CMAKE_LANG_FLAGS_RELWITHDEBINFO_INIT.rst	33188	2a127971e336873e6c27af9fb2c63c1f5184c5bbe8aca4796785438bdc3aa05d	
/usr/share/cmake/Help/variable/CMAKE_LANG_HOST_COMPILER.rst	33188	1a0c9f7ddc19edc8d213877b1e0319e6d85c7a94f66821e4215e0fcce0174440	
/usr/share/cmake/Help/variable/CMAKE_LANG_HOST_COMPILER_ID.rst	33188	0f56c4340e2384c1f5ae446e5a728412fc72b8ef667ffe5b0891ec2fee922455	
/usr/share/cmake/Help/variable/CMAKE_LANG_HOST_COMPILER_VERSION.rst	33188	6009a1133ba3198fde17dbb1691835cc02b41fe7a8c8679e4b9d50e46a1984db	
/usr/share/cmake/Help/variable/CMAKE_LANG_IGNORE_EXTENSIONS.rst	33188	077d9173a1216f156e88d440df0196dbd8725269bc2d57b72b70a59840ffabdc	
/usr/share/cmake/Help/variable/CMAKE_LANG_IMPLICIT_INCLUDE_DIRECTORIES.rst	33188	3c51ae88c43a81188c8b3d492d052468228b0935ecea84f857410ffa74992979	
/usr/share/cmake/Help/variable/CMAKE_LANG_IMPLICIT_LINK_DIRECTORIES.rst	33188	5c625898097bd249959ffb35db4ca37afd9ed9ace6a8cdd5887e8f9e9ac6ea95	
/usr/share/cmake/Help/variable/CMAKE_LANG_IMPLICIT_LINK_FRAMEWORK_DIRECTORIES.rst	33188	2a9306ae9e704f3085dc737e4c37942c61275a5bdf5d914b1c0c70eaad35069f	
/usr/share/cmake/Help/variable/CMAKE_LANG_IMPLICIT_LINK_LIBRARIES.rst	33188	10e834e660a9c066deecd5e54eedc9e48972332e40217de98917887b75d0d2bb	
/usr/share/cmake/Help/variable/CMAKE_LANG_INCLUDE_WHAT_YOU_USE.rst	33188	c9170b05ba922ac02053a984e88e14022c95d66ba3f2fa98c95797e51cd603e0	
/usr/share/cmake/Help/variable/CMAKE_LANG_LIBRARY_ARCHITECTURE.rst	33188	34a7b1f408600573a340eb3f6365814f6fa1fed0de48eb57ed811abeb3d47b9d	
/usr/share/cmake/Help/variable/CMAKE_LANG_LINKER_LAUNCHER.rst	33188	c39278afb5a466ca3488687e2a0690240a3aa6c70164339c41f1a54dcca40e59	
/usr/share/cmake/Help/variable/CMAKE_LANG_LINKER_PREFERENCE.rst	33188	d5feb0799a4e6e3bc30067e5210edc34b38761f996d3485a4c1ebfe2c88d0cd3	
/usr/share/cmake/Help/variable/CMAKE_LANG_LINKER_PREFERENCE_PROPAGATES.rst	33188	b7b27f1ecc7b2d2a72f74f023104328997bc976eff267a8f48b83eb45df59411	
/usr/share/cmake/Help/variable/CMAKE_LANG_LINKER_WRAPPER_FLAG.rst	33188	6ad33f6c1c52722e0060d97475223db2278127a02578a31c742c2ff6a82526ae	
/usr/share/cmake/Help/variable/CMAKE_LANG_LINKER_WRAPPER_FLAG_SEP.rst	33188	e5c772dec3ad04d03956b1889fac069885c6bcbfece52baa5bfe98affc2de1ce	
/usr/share/cmake/Help/variable/CMAKE_LANG_LINK_EXECUTABLE.rst	33188	df8a4a12704ab5586aee42170f6c5acf7a73ec3c3c531b5767d8bc38def397f9	
/usr/share/cmake/Help/variable/CMAKE_LANG_LINK_GROUP_USING_FEATURE.rst	33188	5eb07bd4a78c576c4a50bafe98d527eca84967845a20f0dd8ed3cfcbcd34c251	
/usr/share/cmake/Help/variable/CMAKE_LANG_LINK_GROUP_USING_FEATURE_SUPPORTED.rst	33188	e5b47d39df6cb71902616a9eebaf1499dc10575da4c0f9dbb1ec120dc1052a8f	
/usr/share/cmake/Help/variable/CMAKE_LANG_LINK_LIBRARY_FEATURE_ATTRIBUTES.rst	33188	351383bee247295dd9fbb542d9cd2f83949b6ca399da59b8edeffa1f6a515700	
/usr/share/cmake/Help/variable/CMAKE_LANG_LINK_LIBRARY_FILE_FLAG.rst	33188	15e3484c6a596e29b7f716a7f9eeb11b0989d6549468b0cd424c5e835cbd964b	
/usr/share/cmake/Help/variable/CMAKE_LANG_LINK_LIBRARY_FLAG.rst	33188	74bf265dc69eb99fbba6c934a4504b1d3ff6e577839b1b8c18206efbe6cdcefa	
/usr/share/cmake/Help/variable/CMAKE_LANG_LINK_LIBRARY_SUFFIX.rst	33188	bf61cb848928e119cb704c3c9fc425cfb39feb75d29366a11b1e519b79352cc1	
/usr/share/cmake/Help/variable/CMAKE_LANG_LINK_LIBRARY_USING_FEATURE.rst	33188	a254f46fa2f0d796ccee4323073ff117224ed35f38480ce3ecf5cb85a399ba1c	
/usr/share/cmake/Help/variable/CMAKE_LANG_LINK_LIBRARY_USING_FEATURE_SUPPORTED.rst	33188	8db0edc67c683fd94c4f5f0289b5bba0cc7796a2a0c29bd1ed5560e6cef83a5f	
/usr/share/cmake/Help/variable/CMAKE_LANG_LINK_WHAT_YOU_USE_FLAG.rst	33188	7620e7271f921d84d8834415d05d6c7501f847fd6a0948d286471b777acee9c5	
/usr/share/cmake/Help/variable/CMAKE_LANG_OUTPUT_EXTENSION.rst	33188	2bbb585a2c4eb54011f99ee338494234cad6057a559b1419db22e5e7ce016a54	
/usr/share/cmake/Help/variable/CMAKE_LANG_PLATFORM_ID.rst	33188	6459719b62833743c91710b397e98d588c9c280f2d9b72c3d1a1f5e04ee21ed9	
/usr/share/cmake/Help/variable/CMAKE_LANG_SIMULATE_ID.rst	33188	6d5a5d1556cdb33b784bb817cf38725c5cfecc07d98cecb48a9d59a2c5772943	
/usr/share/cmake/Help/variable/CMAKE_LANG_SIMULATE_VERSION.rst	33188	2129153d17b73cbddec9d2cdd25583f35263da6e2d9270dae9705b2a811a5531	
/usr/share/cmake/Help/variable/CMAKE_LANG_SIZEOF_DATA_PTR.rst	33188	d82f5b3e266027a0a350e5c9a91291538c2dde18fc59c905c41a0da24c52fd70	
/usr/share/cmake/Help/variable/CMAKE_LANG_SOURCE_FILE_EXTENSIONS.rst	33188	af479802c693990baadeb97165fdd97ae6e3b3509fd375369e8944910c7ac029	
/usr/share/cmake/Help/variable/CMAKE_LANG_STANDARD.rst	33188	9b437d021c5b6f451504bee70e36a75e2c7d9042e747cd2826064eb0e39dd505	
/usr/share/cmake/Help/variable/CMAKE_LANG_STANDARD_DEFAULT.rst	33188	8ae255a5674cae546620f65e6fca7296f27cee50185322ceff8a8191a18ab578	
/usr/share/cmake/Help/variable/CMAKE_LANG_STANDARD_INCLUDE_DIRECTORIES.rst	33188	d6a46bab3b78cf44b72763ef7aaa8e09a48d0030d6378b76bec96bb5171748c9	
/usr/share/cmake/Help/variable/CMAKE_LANG_STANDARD_LATEST.rst	33188	ea6a133bd39c69ab01af011442c1aa299a265168c36c91ca53f136ba75a8a5c6	
/usr/share/cmake/Help/variable/CMAKE_LANG_STANDARD_LIBRARIES.rst	33188	cd63dd557204561da9ec3d1f4fb5c9ba8bd7bcf1db40be908daa9ff7a0408db3	
/usr/share/cmake/Help/variable/CMAKE_LANG_STANDARD_LINK_DIRECTORIES.rst	33188	d786b5789e7f828067675c5273d0f674da383764f5f783e5603854834c9a5918	
/usr/share/cmake/Help/variable/CMAKE_LANG_STANDARD_REQUIRED.rst	33188	69de8d9343d191a0aad66421c4a963f749e1d92a6de470b5f4e1ceb043667b2d	
/usr/share/cmake/Help/variable/CMAKE_LANG_USING_LINKER_MODE.rst	33188	305323115d261fd4f28ff6197b02074ac5f777df41e87e1c51908ace757bc8bc	
/usr/share/cmake/Help/variable/CMAKE_LANG_USING_LINKER_TYPE.rst	33188	1f6eee62710b6eb2971f0691c74bc66b65b4aac05f36c650c8d5434be46293c5	
/usr/share/cmake/Help/variable/CMAKE_LANG_VISIBILITY_PRESET.rst	33188	90b3accf5522cfa93869cccb008969594c572f94be3d019795648fb636782e6e	
/usr/share/cmake/Help/variable/CMAKE_LIBRARY_ARCHITECTURE.rst	33188	4415eb8268da85e5558bf0a1e46e37eaad04c418da3655d99a6a672649822c7a	
/usr/share/cmake/Help/variable/CMAKE_LIBRARY_ARCHITECTURE_REGEX.rst	33188	cbdc808a2d96ae4d1c3e3865425b51cd4884cddb6fb00f253c890a8f674a7d16	
/usr/share/cmake/Help/variable/CMAKE_LIBRARY_OUTPUT_DIRECTORY.rst	33188	e920116f78d197853f273405dbb1bd11a587325b3bee32878c1e16f958248417	
/usr/share/cmake/Help/variable/CMAKE_LIBRARY_OUTPUT_DIRECTORY_CONFIG.rst	33188	73d134dcf59471f5203eae2bc17f1238c2c06dd81cd46d1a50c39cae191b61fd	
/usr/share/cmake/Help/variable/CMAKE_LIBRARY_PATH.rst	33188	2f8a9b4536b29fb465060ebcc68465e861f29abc2d84e54facdbdf6eb8f01dd1	
/usr/share/cmake/Help/variable/CMAKE_LIBRARY_PATH_FLAG.rst	33188	d017e6729190c031abe6acf786ef1387162333e43f197550d08493eca11c8abe	
/usr/share/cmake/Help/variable/CMAKE_LINKER_TYPE.rst	33188	aa97e1440fea0e2fb9cd07f8a81cc0de1c14b09dd425e9fe8bba6122184e1d6d	
/usr/share/cmake/Help/variable/CMAKE_LINK_DEF_FILE_FLAG.rst	33188	538c059b332f658c54cd27861beb81e47d1cc1546a5f1720cb94dc518c41baa6	
/usr/share/cmake/Help/variable/CMAKE_LINK_DEPENDS_NO_SHARED.rst	33188	2c76c9ac3313f59fca0c20c745e0a68d3e2f21463b7526149c960f2fc7e7ee84	
/usr/share/cmake/Help/variable/CMAKE_LINK_DEPENDS_USE_LINKER.rst	33188	3c9079db6532f06714d06ca91aaac297eeb3b6d8f386733e6934c6baaa7f57e7	
/usr/share/cmake/Help/variable/CMAKE_LINK_DIRECTORIES_BEFORE.rst	33188	b85fb4d944813894969b1143961149c54ffc756d5ad07f1947aac3c710004eaf	
/usr/share/cmake/Help/variable/CMAKE_LINK_GROUP_USING_FEATURE.rst	33188	90cd02de9a3b00bbfb09bfb11d1271a6e9b33dec1b183f0b3300cb2e53b8c70b	
/usr/share/cmake/Help/variable/CMAKE_LINK_GROUP_USING_FEATURE.txt	33188	c7902033c748121f6b56d0078613e491e8d3cb6b25f3a10191a9d179b37b4ece	
/usr/share/cmake/Help/variable/CMAKE_LINK_GROUP_USING_FEATURE_SUPPORTED.rst	33188	030193f21c4cfe1edcd5ec7db3d62534e5f2d877002a0466d6ead9ea72deff7b	
/usr/share/cmake/Help/variable/CMAKE_LINK_INTERFACE_LIBRARIES.rst	33188	a65c34e7d3e5b9c2b3938a2eb110dbb4dbc616847b6fe97977c74386296e5d32	
/usr/share/cmake/Help/variable/CMAKE_LINK_LIBRARIES_ONLY_TARGETS.rst	33188	65e8e2b975ac227dd91681875b9f84739c0772119e400b97c280b0087fe410f0	
/usr/share/cmake/Help/variable/CMAKE_LINK_LIBRARIES_STRATEGY.rst	33188	f2d1b90bc1072ae9bbc94dcb25478c31e3d18a633f4bb5762a0eb0d87e958194	
/usr/share/cmake/Help/variable/CMAKE_LINK_LIBRARY_FEATURE_ATTRIBUTES.rst	33188	0d66c8819841023957b9da2cd5d3ded0d0c932984ff4b4c766b8c08898887587	
/usr/share/cmake/Help/variable/CMAKE_LINK_LIBRARY_FILE_FLAG.rst	33188	b419d2d6a1675c2d4947fd1aa7e3cfb82282ea954a7e30153c19fcc8a58e5d0d	
/usr/share/cmake/Help/variable/CMAKE_LINK_LIBRARY_FLAG.rst	33188	27fd358ce2f0ea3381f7bbbc0fb2d7fee4ae6374301fd4c1defba6c4b9aef5f2	
/usr/share/cmake/Help/variable/CMAKE_LINK_LIBRARY_SUFFIX.rst	33188	2380dc299cfb8fe8e0dc67908d657e376ccbc231b4bc9d6d57524e80b1a24bae	
/usr/share/cmake/Help/variable/CMAKE_LINK_LIBRARY_USING_FEATURE.rst	33188	2bcc88621b40372f90df0846ea5c34d13fbce47a8c6de1e10c65ff5c496f50c0	
/usr/share/cmake/Help/variable/CMAKE_LINK_LIBRARY_USING_FEATURE.txt	33188	668dbfc5f3b7f03076fc30b3553ee7feca11f67edb0ee35d59e0257622c9ba3b	
/usr/share/cmake/Help/variable/CMAKE_LINK_LIBRARY_USING_FEATURE_SUPPORTED.rst	33188	a689747529d3087f4482699ee9c6bf480524716222fb94cb898cfd90be7ab63f	
/usr/share/cmake/Help/variable/CMAKE_LINK_SEARCH_END_STATIC.rst	33188	cda617c6a1637d8c2cf73ab1c5937554e66d5771a98cad192dd470b8ba5997d3	
/usr/share/cmake/Help/variable/CMAKE_LINK_SEARCH_START_STATIC.rst	33188	17da96af356046bc351edda124740543b31210300b1ab1c9087df7e2f0330d67	
/usr/share/cmake/Help/variable/CMAKE_LINK_WHAT_YOU_USE.rst	33188	46c37a3e89ca0705d9d72f1dc70f1d5699101367caf69828af82d5db5a78d56e	
/usr/share/cmake/Help/variable/CMAKE_LINK_WHAT_YOU_USE_CHECK.rst	33188	cdeadff12a88b43f51a7f18ef3bf26166ca0177baf298a02a0d2516822240ef4	
/usr/share/cmake/Help/variable/CMAKE_MACOSX_BUNDLE.rst	33188	a35ce4ff9c85de6eb3c7022301fcec149378984ff8135dc7bbe7fd53dc9005b4	
/usr/share/cmake/Help/variable/CMAKE_MACOSX_RPATH.rst	33188	8d87603593eb230cc76bd88e2c9122757da43106ba9fbc5fba7b073a445b9f41	
/usr/share/cmake/Help/variable/CMAKE_MAJOR_VERSION.rst	33188	ad9816d879dbea65b780d871d32bca8b49a5a0476e60a6f3297ca6b49722633e	
/usr/share/cmake/Help/variable/CMAKE_MAKE_PROGRAM.rst	33188	2685621c83f046e908e0be774c9e5652250b64bb589c64da01e7baaa349b2a48	
/usr/share/cmake/Help/variable/CMAKE_MAP_IMPORTED_CONFIG_CONFIG.rst	33188	b38946536eda85e8034f7d48baf63e919b0f6752a03618a7938f1a8b3fc738ad	
/usr/share/cmake/Help/variable/CMAKE_MATCH_COUNT.rst	33188	986cbad4b43cc42bbf9c2cb19bf585ca61c67f45548de357cd2789539420e763	
/usr/share/cmake/Help/variable/CMAKE_MATCH_n.rst	33188	28b9ae049c3a627822e60628f7bba307ec876a3711d2523f5de7bccb3335bbd8	
/usr/share/cmake/Help/variable/CMAKE_MAXIMUM_RECURSION_DEPTH.rst	33188	c30a1108749ea3683bc56cbada2dfea5a6fada3bda5f2cbc76ae713fb014d330	
/usr/share/cmake/Help/variable/CMAKE_MESSAGE_CONTEXT.rst	33188	3a3b34bc1ba49c9ee7ead9bbbd9783d5a2c0cef2c861a7d20190a912de383da9	
/usr/share/cmake/Help/variable/CMAKE_MESSAGE_CONTEXT_SHOW.rst	33188	02d66d5eae1bc0a0808366238e09a5fa0f90ebf732f493943c5c6d51939e7c80	
/usr/share/cmake/Help/variable/CMAKE_MESSAGE_INDENT.rst	33188	e1865e45b15a3ee24b5d9e0d1d2972799995219d8a77539d00a084074ef3c286	
/usr/share/cmake/Help/variable/CMAKE_MESSAGE_LOG_LEVEL.rst	33188	85d700779014510d422a2fb39d39613e7d6952e319f1bbe843a3c58106216c04	
/usr/share/cmake/Help/variable/CMAKE_MFC_FLAG.rst	33188	a294c1af0c7085ee6886dac41e77231150fc2d6e12e2b075919398c19b2e5d45	
/usr/share/cmake/Help/variable/CMAKE_MINIMUM_REQUIRED_VERSION.rst	33188	8addb4c14240eab8a63fa6638d98e92430f98a2937aa8c1f187e7fa6dc4b117e	
/usr/share/cmake/Help/variable/CMAKE_MINOR_VERSION.rst	33188	54cf282c3e201257ebc5e59687ff8759e2d204d468838ff905d1b4720dfdc657	
/usr/share/cmake/Help/variable/CMAKE_MODULE_LINKER_FLAGS.rst	33188	dd9304f7e6c50ed090eb16f26e4f88b4c6d9344e7e1ac81c46fafc47de881f2b	
/usr/share/cmake/Help/variable/CMAKE_MODULE_LINKER_FLAGS_CONFIG.rst	33188	4068541c1f99204674d3b91a69e91b2ece51830681128e2492a1ce7efe9f9c61	
/usr/share/cmake/Help/variable/CMAKE_MODULE_LINKER_FLAGS_CONFIG_INIT.rst	33188	d6940ab7c8f16287427717d5687532f7d079c5ee1f95f723acb8afba82da0440	
/usr/share/cmake/Help/variable/CMAKE_MODULE_LINKER_FLAGS_INIT.rst	33188	d4710d08e5af84687cf2132c325c6b32206aa3ab5a499bda19aef1217d343ec8	
/usr/share/cmake/Help/variable/CMAKE_MODULE_PATH.rst	33188	08f34662ca3576d07be816aa2080ad3ef15635723b1890e598822a9f0deabf35	
/usr/share/cmake/Help/variable/CMAKE_MSVCIDE_RUN_PATH.rst	33188	7a93b4cf843b3dc57f4ad064fab4ea3bc67443649fda4aa1fa9913ca681c04ae	
/usr/share/cmake/Help/variable/CMAKE_MSVC_DEBUG_INFORMATION_FORMAT.rst	33188	579a00cb912eb6e3ccf1c2cb2dafa78b3e0d7bebe1179a74394aea4c5735c271	
/usr/share/cmake/Help/variable/CMAKE_MSVC_RUNTIME_LIBRARY.rst	33188	4aa9f88a5ec1cce2f0f0a7d5d150922c37a4f7d1baa7a20143947f4066ff1635	
/usr/share/cmake/Help/variable/CMAKE_NETRC.rst	33188	010506891a1ed10bd0e851b9c85f3fcbc864788573c88612c70b1eebfdc11674	
/usr/share/cmake/Help/variable/CMAKE_NETRC_FILE.rst	33188	4390047b6297254f12fac5264b12961fd4ae1d4986f07703baa6041d80553ea0	
/usr/share/cmake/Help/variable/CMAKE_NINJA_OUTPUT_PATH_PREFIX.rst	33188	eaf1595722cda8f7ab05c03e4e22c2d16ba9cb90e39b71335557be1a94976e97	
/usr/share/cmake/Help/variable/CMAKE_NOT_USING_CONFIG_FLAGS.rst	33188	47cefb464e1476aa4045616828f253f13475962493fdad0260e5fffaadb9332b	
/usr/share/cmake/Help/variable/CMAKE_NO_BUILTIN_CHRPATH.rst	33188	4e983c5778a6f7564f2b2ff95b47b7552fd5b49ea63e3716c5a08ce76169f520	
/usr/share/cmake/Help/variable/CMAKE_NO_SYSTEM_FROM_IMPORTED.rst	33188	06ad68972ee83d94692ee129fbfa2a6f8288759518992e69e24017d0b19e3229	
/usr/share/cmake/Help/variable/CMAKE_OBJCXX_EXTENSIONS.rst	33188	3afb419ffa6c7fbddebb0ca73fa2d560bf31ad6e888ff444b7adf1ec5e1678f8	
/usr/share/cmake/Help/variable/CMAKE_OBJCXX_STANDARD.rst	33188	51eb057e1aed64502e39ab1c2f49e1857666cae45a86e38a3ad36e82b900d0c8	
/usr/share/cmake/Help/variable/CMAKE_OBJCXX_STANDARD_REQUIRED.rst	33188	d67f1e46c1a4335596663845a7b61472e95a3108dee9e5181d9951eca66b1a71	
/usr/share/cmake/Help/variable/CMAKE_OBJC_EXTENSIONS.rst	33188	20c79c076597f07e7343436c6222d980d18899979356beaad187d325bfdae56d	
/usr/share/cmake/Help/variable/CMAKE_OBJC_STANDARD.rst	33188	d0c3ea762d00d0de353bbb5c95c76f74b22b930e240c3f506d2d5c360c80bf14	
/usr/share/cmake/Help/variable/CMAKE_OBJC_STANDARD_REQUIRED.rst	33188	744d7839e6dc4b4a56632f58f9822a44641b6d930690c2e75061e2be8c88625f	
/usr/share/cmake/Help/variable/CMAKE_OBJECT_PATH_MAX.rst	33188	051bc50e30d4e984393c9a5fed4755f88421fac5402d544aaae709fe976dec84	
/usr/share/cmake/Help/variable/CMAKE_OPTIMIZE_DEPENDENCIES.rst	33188	367d917da17e679183176f4c147515098cd17693ddb7153b9d2d4dd09832f92b	
/usr/share/cmake/Help/variable/CMAKE_OSX_ARCHITECTURES.rst	33188	00a87110e2630858d790e8bd73c10f5bc0880e9def72b0811525d2b646278b47	
/usr/share/cmake/Help/variable/CMAKE_OSX_DEPLOYMENT_TARGET.rst	33188	a2d07101950a24fc11f0bd21ef4d53622d6671f96c4babfb37d6a37d69dd8d66	
/usr/share/cmake/Help/variable/CMAKE_OSX_SYSROOT.rst	33188	42bcf782209b45c695b6c71a9cf32ea0ffb51e214f7bd955a5524a29fd5bdedc	
/usr/share/cmake/Help/variable/CMAKE_OSX_VARIABLE.txt	33188	0bfe05621563048be6e88acbcb4bb047927be96b8c917023d08b321fe35e2339	
/usr/share/cmake/Help/variable/CMAKE_PARENT_LIST_FILE.rst	33188	18af41b00643e7f7929a7b625fa607738323bf9b2a554b544cf3142b6fa3844e	
/usr/share/cmake/Help/variable/CMAKE_PATCH_VERSION.rst	33188	2040cf3e46ec1a573b17f23d32fa3330a8247c86ed04df2d6f0ddcabdfe5601e	
/usr/share/cmake/Help/variable/CMAKE_PCH_INSTANTIATE_TEMPLATES.rst	33188	fa8b17a7891a87cdb2ada5557ed8b0b399fb72cfcc945809f0b27b874149a045	
/usr/share/cmake/Help/variable/CMAKE_PCH_WARN_INVALID.rst	33188	f6ed0d3a0d0d20027db090d573b3121d28095bc149ef6b3dfd3cbddc354430fb	
/usr/share/cmake/Help/variable/CMAKE_PDB_OUTPUT_DIRECTORY.rst	33188	ff91844018bdd87178e060704f615ded493e95d18f32cd0907354d978f676c05	
/usr/share/cmake/Help/variable/CMAKE_PDB_OUTPUT_DIRECTORY_CONFIG.rst	33188	b4aff4e6c2f97894149c15d8081054c3553ba284b2343f5a93f0f80972e72c3a	
/usr/share/cmake/Help/variable/CMAKE_PLATFORM_NO_VERSIONED_SONAME.rst	33188	458b211ca8a88620f746a9ee8348e3bc05cae149ba15a34d3aa59986eb0c8e90	
/usr/share/cmake/Help/variable/CMAKE_POLICY_DEFAULT_CMPNNNN.rst	33188	7d91e0b858ed97dbf57ac02a5a81013059387dbb7e3dd07862d0fad4957f922c	
/usr/share/cmake/Help/variable/CMAKE_POLICY_WARNING_CMPNNNN.rst	33188	62a215bc1e995158338c1fc22787e14bce5207a476f4a7184d080f15bce626a1	
/usr/share/cmake/Help/variable/CMAKE_POSITION_INDEPENDENT_CODE.rst	33188	39b565ea85b18c120f89e54b7be6b17193cd0e1d10cde33b862364c16ca4d669	
/usr/share/cmake/Help/variable/CMAKE_PREFIX_PATH.rst	33188	a1d4b1ca58f54456019c05b2578606ab0e12be50eb7ac7aa3fe405c615606a26	
/usr/share/cmake/Help/variable/CMAKE_PROGRAM_PATH.rst	33188	00ddb77fbd7bb38cee261bf2553766247f00ba219454028beea97ad255d14d2f	
/usr/share/cmake/Help/variable/CMAKE_PROJECT_DESCRIPTION.rst	33188	4e92566ae995b14e2b5700a6b0712a0f46a7148673f558f37688ec0454555c8f	
/usr/share/cmake/Help/variable/CMAKE_PROJECT_HOMEPAGE_URL.rst	33188	ec12a50566d116a6fb9155f80d48f5eb9779ea0782e1daca4c62591c154d2135	
/usr/share/cmake/Help/variable/CMAKE_PROJECT_INCLUDE.rst	33188	4c1206c55a77c6c53beabdddb584eed98189bbb260060b514614f743da6b6983	
/usr/share/cmake/Help/variable/CMAKE_PROJECT_INCLUDE_BEFORE.rst	33188	1eebaf2d3a0503c65a20770f079a60ae25d23a68f2a81631eb49467e9cb5ffac	
/usr/share/cmake/Help/variable/CMAKE_PROJECT_NAME.rst	33188	313220e76c67bc059e67ae8e8228f2a682ee68a4e2cf899e8b10a42ffde27b32	
/usr/share/cmake/Help/variable/CMAKE_PROJECT_PROJECT-NAME_INCLUDE.rst	33188	4b2060bc9775ed06679cad0dc9fe73423be45769e550c96798ef8b1e1d2a928a	
/usr/share/cmake/Help/variable/CMAKE_PROJECT_PROJECT-NAME_INCLUDE_BEFORE.rst	33188	c533a09d0f4eb96f564ea34c4ba3b898cc6be2005de58dd4419c26faa0f5b079	
/usr/share/cmake/Help/variable/CMAKE_PROJECT_TOP_LEVEL_INCLUDES.rst	33188	c8710ebb0593928fc84701437fd21b175e27e3a0597b5e0058d849b64a28a5f6	
/usr/share/cmake/Help/variable/CMAKE_PROJECT_VERSION.rst	33188	d7c45eda8a0d0892ae28954c030099dbea6324cc3dd72c8a898f8d457b8203b6	
/usr/share/cmake/Help/variable/CMAKE_PROJECT_VERSION_MAJOR.rst	33188	a0f37a57dcdba15b17c6056952e0fa2ea39df516a4e50e7a20e3e4faff4ddb5d	
/usr/share/cmake/Help/variable/CMAKE_PROJECT_VERSION_MINOR.rst	33188	ade81e8c43f742faf0be79cb213e0c8f8a563879964e971aacf8196cfcaab0b3	
/usr/share/cmake/Help/variable/CMAKE_PROJECT_VERSION_PATCH.rst	33188	96ee93b6a6adb1aecf79571f204c68c39303f16d348a80eb7da767cfedd10c2a	
/usr/share/cmake/Help/variable/CMAKE_PROJECT_VERSION_TWEAK.rst	33188	f0dad9a35bc8a82e3f80056f86933dde8456f2651dd8fc9af6792f4cbcddd649	
/usr/share/cmake/Help/variable/CMAKE_RANLIB.rst	33188	fd5aa7acef2c5b8121aad524e49a0ce18a94bde8d6677b721f64ff18a92545af	
/usr/share/cmake/Help/variable/CMAKE_REQUIRE_FIND_PACKAGE_PackageName.rst	33188	ebf759d388656c2f567af30f155a30041ecb7fc96eef7f5e34de391dc63cdab3	
/usr/share/cmake/Help/variable/CMAKE_ROOT.rst	33188	5c7c1b65a7384f920fb78d9aa30340aaaa347dc694a1af9de5c32023681c60d3	
/usr/share/cmake/Help/variable/CMAKE_RULE_MESSAGES.rst	33188	8d996675399dcec699cc243fc3656b637ebd434a18f4cbdc5ac214678e81675b	
/usr/share/cmake/Help/variable/CMAKE_RUNTIME_OUTPUT_DIRECTORY.rst	33188	4085353df0db8621f9cfdc9bc06af4c7094d4acb915056234e8db46518458d19	
/usr/share/cmake/Help/variable/CMAKE_RUNTIME_OUTPUT_DIRECTORY_CONFIG.rst	33188	7ad98045912d147836c214b67a39bcc0ed7fc0551d0ba08060657f90c014a7e2	
/usr/share/cmake/Help/variable/CMAKE_SCRIPT_MODE_FILE.rst	33188	59ff0201460a52ac39740f05062dbd5e2c801dc895c2dcd6ac6e6e03d0727dd6	
/usr/share/cmake/Help/variable/CMAKE_SHARED_LIBRARY_ARCHIVE_SUFFIX.rst	33188	6b48754aa26183d0ede92c9ff156b2c4af45bacce410a58d819b3e4b35c3651d	
/usr/share/cmake/Help/variable/CMAKE_SHARED_LIBRARY_ENABLE_EXPORTS.rst	33188	922b9d4075a963264830200e491e60574a423b4664fe4519236ad2286a6fb81e	
/usr/share/cmake/Help/variable/CMAKE_SHARED_LIBRARY_PREFIX.rst	33188	135bd757b593fa6df3ce37d40e2a05a491601a5c57c86cfe9fcb0c87a371802e	
/usr/share/cmake/Help/variable/CMAKE_SHARED_LIBRARY_SUFFIX.rst	33188	0a7187ac3ca449974892704729d4420d10e032d18ebdae17f85fa37750616ed4	
/usr/share/cmake/Help/variable/CMAKE_SHARED_LINKER_FLAGS.rst	33188	329afc8606958f5277d5b8b3e4e60c0516c916f751b11cdc0361767b73f252b3	
/usr/share/cmake/Help/variable/CMAKE_SHARED_LINKER_FLAGS_CONFIG.rst	33188	aaaba7e4ef9961f5fc2c26e2b5bd0af3d064a34c7a11e0bc8be25b40bc2f70d2	
/usr/share/cmake/Help/variable/CMAKE_SHARED_LINKER_FLAGS_CONFIG_INIT.rst	33188	726224ba3d8cef28cc969916ab5839f23dbc33e99a7fbe11501b716dbe8afb47	
/usr/share/cmake/Help/variable/CMAKE_SHARED_LINKER_FLAGS_INIT.rst	33188	d496f19750e26c5f92fb389ea20b19bc9aa3f3bcea4827b544e09458b137ae55	
/usr/share/cmake/Help/variable/CMAKE_SHARED_MODULE_PREFIX.rst	33188	17885b67336dda395a9a126e231f465bba5d6dcc43c5e5ef78afab24033e9d92	
/usr/share/cmake/Help/variable/CMAKE_SHARED_MODULE_SUFFIX.rst	33188	d82b96e93cb482de2bf2b42accb444fb729897e7a9fcd2d7d0468f30c7a39c90	
/usr/share/cmake/Help/variable/CMAKE_SIZEOF_VOID_P.rst	33188	4db8065eda1c4708a83d15469e8e0b3a241c1323bc02d2f5149dbdb21488bd59	
/usr/share/cmake/Help/variable/CMAKE_SKIP_BUILD_RPATH.rst	33188	8500381b474caaea54bd2ba52efddc264dd8456ca5df559f0de026fc7a25a354	
/usr/share/cmake/Help/variable/CMAKE_SKIP_INSTALL_ALL_DEPENDENCY.rst	33188	ba6e1a43e04ce1e386043d0290b10c183e55fbef5a9202f5967fc1bf6440cd5b	
/usr/share/cmake/Help/variable/CMAKE_SKIP_INSTALL_RPATH.rst	33188	19a78e08837d31173425322980bc0c1fb6a443c6dcde1c88e967c94bddc8fd83	
/usr/share/cmake/Help/variable/CMAKE_SKIP_INSTALL_RULES.rst	33188	ccf9151c8bfb371caf4f128b8f0d26e976219c2934ea544f7cc91c7cd3c539c2	
/usr/share/cmake/Help/variable/CMAKE_SKIP_RPATH.rst	33188	e55cc8479862e7370067ec3f2ff1f512394953cb297170f1cd89d272fcf122e8	
/usr/share/cmake/Help/variable/CMAKE_SKIP_TEST_ALL_DEPENDENCY.rst	33188	11ab38ed3716150d9c8ff30dc46ff3a52de5a2ee1dbbc4ea4d0078484bf6a2ab	
/usr/share/cmake/Help/variable/CMAKE_SOURCE_DIR.rst	33188	7abcca09a11edf9373ef21bed39640efda1d68666e43aedf3a9de280b5b15eaf	
/usr/share/cmake/Help/variable/CMAKE_STAGING_PREFIX.rst	33188	cb27e5917471bde337a101b5d012270879e59c3865c44ba414f804b7a86f3954	
/usr/share/cmake/Help/variable/CMAKE_STATIC_LIBRARY_PREFIX.rst	33188	d25842bdb0a1ac6bfc169372468d0d0b257f628c67fd9b3e854dd775b81d20bd	
/usr/share/cmake/Help/variable/CMAKE_STATIC_LIBRARY_SUFFIX.rst	33188	45bd5ff6cf96bd33c8f93675dd61b42d13637997d5ad0d0e056a887b3933cc7d	
/usr/share/cmake/Help/variable/CMAKE_STATIC_LINKER_FLAGS.rst	33188	5080dd0dc4eb22e6fab9121d949aab429f5d33686b025ec5af8f91477cdeea2c	
/usr/share/cmake/Help/variable/CMAKE_STATIC_LINKER_FLAGS_CONFIG.rst	33188	d310810286c7f744283c61dd43517836537796c2ca5e9c9e04404ed8f0d64bee	
/usr/share/cmake/Help/variable/CMAKE_STATIC_LINKER_FLAGS_CONFIG_INIT.rst	33188	ac644eb0e49fe9d8f313985067beb949480ad98e016258fb228e5107b0d47c87	
/usr/share/cmake/Help/variable/CMAKE_STATIC_LINKER_FLAGS_INIT.rst	33188	c3342f33712a5c4096f8cef62f688087d0ccfb6d631f6b3a11ae7bde6bfb344b	
/usr/share/cmake/Help/variable/CMAKE_SUBLIME_TEXT_2_ENV_SETTINGS.rst	33188	c83e503861beeec4b224373132ebb2b7be55bbee47dbcaa459733546dd03c1af	
/usr/share/cmake/Help/variable/CMAKE_SUBLIME_TEXT_2_EXCLUDE_BUILD_TREE.rst	33188	0d66c8ff1de80be55f5b2e79000375969f61d69fc0f6f0fa0e99944e67710940	
/usr/share/cmake/Help/variable/CMAKE_SUPPRESS_REGENERATION.rst	33188	d509a146e980aee7368a7b2f32cb65d34a194792be8ad1ba5bd95afa9c97852b	
/usr/share/cmake/Help/variable/CMAKE_SYSROOT.rst	33188	5cf8b33524284dcb56fb5c3922e9d4adadf3404b1f0067da4aea349991e147fe	
/usr/share/cmake/Help/variable/CMAKE_SYSROOT_COMPILE.rst	33188	86219dad319f7ede21657646d6c7f3dd87e50471ae4d4799f5d1363270fee81f	
/usr/share/cmake/Help/variable/CMAKE_SYSROOT_LINK.rst	33188	da1d92658de158735feb7e4a49f09dfc5310a008cd398bbf338624cccd59939e	
/usr/share/cmake/Help/variable/CMAKE_SYSTEM.rst	33188	c632b216a9cc4e91d7172f159125e0aa19feb279e8af6554b51a5790c38b93b1	
/usr/share/cmake/Help/variable/CMAKE_SYSTEM_APPBUNDLE_PATH.rst	33188	53b9ec3829e690fdd94fe8d05bffb1141b147d589fcc1ddeb3b56ac198d38475	
/usr/share/cmake/Help/variable/CMAKE_SYSTEM_FRAMEWORK_PATH.rst	33188	edcac2d288141221ea7f49ef9b41250d0142eecb6e15b1c1cd66c1d2a24174ee	
/usr/share/cmake/Help/variable/CMAKE_SYSTEM_IGNORE_PATH.rst	33188	d58468d2d6def7a5c642a9daa1075ed1309f522d3e289316e58bd2855241fe7e	
/usr/share/cmake/Help/variable/CMAKE_SYSTEM_IGNORE_PREFIX_PATH.rst	33188	f84df31e20be73f1c1cfdb5721e5d477dceb579b01d1d71ad239abe1a52e64d5	
/usr/share/cmake/Help/variable/CMAKE_SYSTEM_INCLUDE_PATH.rst	33188	db3c0787ab235fd9cb0995618b38e2c8744cff6dc02fa0eb0e4ba1e38f65eeb5	
/usr/share/cmake/Help/variable/CMAKE_SYSTEM_LIBRARY_PATH.rst	33188	70f9d24d8ba3093c4a24271f437f66ca38b4c6371b81246fd25af801765d0f6f	
/usr/share/cmake/Help/variable/CMAKE_SYSTEM_NAME.rst	33188	ec513700ccae665bd5b64c8e864ef752d08bb80efc56ea1fefe8fae193f1ba69	
/usr/share/cmake/Help/variable/CMAKE_SYSTEM_PREFIX_PATH.rst	33188	9cef4ed7e6b869910ee06990c250ada106e1584288d0786df65771fe2c197aec	
/usr/share/cmake/Help/variable/CMAKE_SYSTEM_PROCESSOR.rst	33188	962d168087ffabd85efd8ac11b84d6e438a86063c5425467548b4bfa40af1154	
/usr/share/cmake/Help/variable/CMAKE_SYSTEM_PROGRAM_PATH.rst	33188	af0005b6b082ed4a3ec705bd7a718d9cc7b44f83d661dbe577c9e0c7844f15b6	
/usr/share/cmake/Help/variable/CMAKE_SYSTEM_VERSION.rst	33188	616d56fbb429e97aca00b72d60385836f6d10eb97ca7fb24bd8c304484f56ca8	
/usr/share/cmake/Help/variable/CMAKE_Swift_COMPILATION_MODE.rst	33188	932b59252330988d3b1bc8e695c2491655938a0fb0c6e746fce4e0be18596528	
/usr/share/cmake/Help/variable/CMAKE_Swift_LANGUAGE_VERSION.rst	33188	0dfb222ccc08e4fa532d312e9496251985df22941f64b5ff9fa4243311804d1a	
/usr/share/cmake/Help/variable/CMAKE_Swift_MODULE_DIRECTORY.rst	33188	2d8b12f6bd0301ba8126bf6da46769b0887ef77176193325c8825dd9c6b3dc59	
/usr/share/cmake/Help/variable/CMAKE_Swift_NUM_THREADS.rst	33188	005c31675663843b219b9ce9a7dd9b47bdcacfa4c939417d6ed833753587ede8	
/usr/share/cmake/Help/variable/CMAKE_TASKING_TOOLSET.rst	33188	dc7062df4c4649309e9767e180fef4b013b27955cd333c31ccecbfda1fe6febd	
/usr/share/cmake/Help/variable/CMAKE_TEST_LAUNCHER.rst	33188	403aa4ed126f67c65e386f788b7d53258241386d225323bfcafcbc6d256e25fb	
/usr/share/cmake/Help/variable/CMAKE_TLS_CAINFO.rst	33188	9526c4431e67a0ad7eec9925a7ce1afd51f012aa4cadd150889c5afebdc04b68	
/usr/share/cmake/Help/variable/CMAKE_TLS_VERIFY.rst	33188	03124e3c9d1baefab3aeb5c8041d2ae054ca13e8e1b3a9c432c5bef8116ad546	
/usr/share/cmake/Help/variable/CMAKE_TLS_VERSION-VALUES.txt	33188	e16ba5ca39cc37bd27cd90ec7169ba6186256e4ceb1916b50d22fcc84a54a5d7	
/usr/share/cmake/Help/variable/CMAKE_TLS_VERSION.rst	33188	09b0218ccb9bc91f6feaac085b1bafbcd162e0663aa8f9062d7f2ddaeb1de20f	
/usr/share/cmake/Help/variable/CMAKE_TOOLCHAIN_FILE.rst	33188	55cede612848ca6011a811ff3b760b8ba425ab7dfed4a56423c968511d75b00a	
/usr/share/cmake/Help/variable/CMAKE_TRY_COMPILE_CONFIGURATION.rst	33188	e6fe6028cf1e115156b433266f891fdb34eed7ffb520b7a16fef7fd235f86aa1	
/usr/share/cmake/Help/variable/CMAKE_TRY_COMPILE_NO_PLATFORM_VARIABLES.rst	33188	887839d9858fe105c6fb4382c5bc979851cf452f67d1e8fc991c666d898340b0	
/usr/share/cmake/Help/variable/CMAKE_TRY_COMPILE_PLATFORM_VARIABLES.rst	33188	0df20805cab4244880c4b58736da025d54043f6269b566ea79b315a8c21f1d00	
/usr/share/cmake/Help/variable/CMAKE_TRY_COMPILE_TARGET_TYPE.rst	33188	6fb4da32646371a45887e1e1b57bb98559c6d1532a666d8118d7c59ea51df3cc	
/usr/share/cmake/Help/variable/CMAKE_TWEAK_VERSION.rst	33188	6a2d77218f12b39017c1bf15cecef98816dd4533d4f90bc0f92f4a68cc67e60f	
/usr/share/cmake/Help/variable/CMAKE_UNITY_BUILD.rst	33188	5ecb92794ec55e417349947c280fd4c602d6e0a089229131fb3fa22ab9abef83	
/usr/share/cmake/Help/variable/CMAKE_UNITY_BUILD_BATCH_SIZE.rst	33188	5a7135e80938862f633f22f3a1c12454647d13602a0f565ac8805e682d98b6bd	
/usr/share/cmake/Help/variable/CMAKE_UNITY_BUILD_UNIQUE_ID.rst	33188	84df9deabe1c7dd196cd084d08771efd81bf44996890ad4b3328459e4ccc78b9	
/usr/share/cmake/Help/variable/CMAKE_USER_MAKE_RULES_OVERRIDE.rst	33188	026f34e5105e3c66c002820f0a2dacc09683f00bbbdce7882dfa55fc359217a2	
/usr/share/cmake/Help/variable/CMAKE_USER_MAKE_RULES_OVERRIDE_LANG.rst	33188	6518c8ffcb15fb44247689d73f10ec16af91561317d199d7da6e5f4b67a66565	
/usr/share/cmake/Help/variable/CMAKE_USE_RELATIVE_PATHS.rst	33188	cedc710b74addc53e26d94a7b6c1e2d7ecef83b63b3ede7126a192a36b783830	
/usr/share/cmake/Help/variable/CMAKE_VERBOSE_MAKEFILE.rst	33188	fa6e97a7b801a9c67e92c10b188a49b28190ad4870638f5f229201780dbfc5f1	
/usr/share/cmake/Help/variable/CMAKE_VERIFY_INTERFACE_HEADER_SETS.rst	33188	928fb4c5cbf8e20b5a78ccc23530248c2b43ce4afa1a51ec3bd881fae826e450	
/usr/share/cmake/Help/variable/CMAKE_VERSION.rst	33188	9dc0868e8fc0c890e013d996f106c13acde9b5166edb2a9a6a765f7980c6d698	
/usr/share/cmake/Help/variable/CMAKE_VISIBILITY_INLINES_HIDDEN.rst	33188	cbb47614deb02cef9cdaf6d8926a3aaf79853be38e03071c5a05010155f9c8c1	
/usr/share/cmake/Help/variable/CMAKE_VS_DEBUGGER_COMMAND.rst	33188	4a12c1dedf3491111f71c836581fa0abb3fe28eddc35b48a284561ce0eec41da	
/usr/share/cmake/Help/variable/CMAKE_VS_DEBUGGER_COMMAND_ARGUMENTS.rst	33188	85c52f0ba0f367e97a091b90a77d0ed5f9512f16bf3298150b33b97f162394cb	
/usr/share/cmake/Help/variable/CMAKE_VS_DEBUGGER_ENVIRONMENT.rst	33188	e2b4fbe2f4e7e3d48679e2e57a090a4e72897cd30c29772f6afa6249490e90cc	
/usr/share/cmake/Help/variable/CMAKE_VS_DEBUGGER_WORKING_DIRECTORY.rst	33188	91d9b927b04515775a88014f501895c21acb24e4f071ab2b52043895210419c1	
/usr/share/cmake/Help/variable/CMAKE_VS_DEVENV_COMMAND.rst	33188	5f57c8f1fffa7dfc846edaca915b5b0ca9679d3a469f237758a18ac1acf345fd	
/usr/share/cmake/Help/variable/CMAKE_VS_GLOBALS.rst	33188	45e02541d2e782687f06078fee491fac8fda8453d2a310927f4592aed33c4ca9	
/usr/share/cmake/Help/variable/CMAKE_VS_INCLUDE_INSTALL_TO_DEFAULT_BUILD.rst	33188	2817f1fc7a0b1d2eff87c24b61b0f6bb66e2ad82eb776e57ee812f41e0b5818c	
/usr/share/cmake/Help/variable/CMAKE_VS_INCLUDE_PACKAGE_TO_DEFAULT_BUILD.rst	33188	83f55198c325c5885134730617bc0d9c41b2d84d068e8338436772eb338aadc6	
/usr/share/cmake/Help/variable/CMAKE_VS_INTEL_Fortran_PROJECT_VERSION.rst	33188	d3ba7facbc7ff522b22ec72f4373cee700b4ba0c1d00c282aa4d2e2c1681600d	
/usr/share/cmake/Help/variable/CMAKE_VS_JUST_MY_CODE_DEBUGGING.rst	33188	9a2ee36befb3ed64b7dd610338710481525f5ed0fb0785f48fdaabc5d895d7d4	
/usr/share/cmake/Help/variable/CMAKE_VS_MSBUILD_COMMAND.rst	33188	2c82ad935cf0bd428f21d161dc50809eeacffb812c6a3dccb52cf26c3f579387	
/usr/share/cmake/Help/variable/CMAKE_VS_NO_COMPILE_BATCHING.rst	33188	87d174e68b98a3df65eb03814dd9730516755bd3ec4d6abb3d356a5d7af6cf63	
/usr/share/cmake/Help/variable/CMAKE_VS_NUGET_PACKAGE_RESTORE.rst	33188	e0b7affeea26cbe507667cdedc559588c870d1e25cf896916022eacdf5039515	
/usr/share/cmake/Help/variable/CMAKE_VS_NsightTegra_VERSION.rst	33188	856c2088c9a81c5f0f4b143312dd7ef38458fd09d25751b255a45d673cc9b236	
/usr/share/cmake/Help/variable/CMAKE_VS_PLATFORM_NAME.rst	33188	8f9fda5b2981bc54ada7d6b67c7de0e52b27ce716242afbbf543e56099c527b8	
/usr/share/cmake/Help/variable/CMAKE_VS_PLATFORM_NAME_DEFAULT.rst	33188	959a5f3ebcce0d42a8a0970c89dd8c9a48f68173b7f9363673b7d046efdfff53	
/usr/share/cmake/Help/variable/CMAKE_VS_PLATFORM_TOOLSET.rst	33188	4ec20907578e8b9e2cc7c7a81ddc5c3fc877655446f82410ecc97c8948c6498b	
/usr/share/cmake/Help/variable/CMAKE_VS_PLATFORM_TOOLSET_CUDA.rst	33188	b22cbc008a4d3e420e3cb948be8522b7382944d77a073be4a947c00714f40b33	
/usr/share/cmake/Help/variable/CMAKE_VS_PLATFORM_TOOLSET_CUDA_CUSTOM_DIR.rst	33188	dba9cb2ee8bdc57a945e191acd2667d23a83bd61441c97af61b7bb899e6956d0	
/usr/share/cmake/Help/variable/CMAKE_VS_PLATFORM_TOOLSET_FORTRAN.rst	33188	de968166d9c04d5ae34bf86a09c06f4c62649f65596b478ac2b21920019a14db	
/usr/share/cmake/Help/variable/CMAKE_VS_PLATFORM_TOOLSET_HOST_ARCHITECTURE.rst	33188	c63fdeb82f2991b4cacd016094433946f4d806b028e5f7e10d0685c2990e921f	
/usr/share/cmake/Help/variable/CMAKE_VS_PLATFORM_TOOLSET_VERSION.rst	33188	30744ba03e977a95c6b20479d669b12f829288b3510c90b119f72cc5a71a1e9d	
/usr/share/cmake/Help/variable/CMAKE_VS_SDK_EXCLUDE_DIRECTORIES.rst	33188	da0867f8076f9430a455c133796249aa1be22c7a013eedb5826f09afe4f657b2	
/usr/share/cmake/Help/variable/CMAKE_VS_SDK_EXECUTABLE_DIRECTORIES.rst	33188	e4dce207f43f732283ffff026b0d88370121db00fa0bbd6aa5458e4631286728	
/usr/share/cmake/Help/variable/CMAKE_VS_SDK_INCLUDE_DIRECTORIES.rst	33188	e4557b5538a357c5cc6181be8c0a32603be989afa2c7137faf89e604b82678fb	
/usr/share/cmake/Help/variable/CMAKE_VS_SDK_LIBRARY_DIRECTORIES.rst	33188	d8db59a756dcab1edb57eed236c123d4afbc1414ce849302c26a978fbb7c8861	
/usr/share/cmake/Help/variable/CMAKE_VS_SDK_LIBRARY_WINRT_DIRECTORIES.rst	33188	f7f2f60f2ffe582d77471ac26c03ca22127b2bd3bcc25dae40e7370e90fcdaac	
/usr/share/cmake/Help/variable/CMAKE_VS_SDK_REFERENCE_DIRECTORIES.rst	33188	ee578a2540a905c719d9296b7551ae98d31a8e64fa4f0c9d29247605acd77ea6	
/usr/share/cmake/Help/variable/CMAKE_VS_SDK_SOURCE_DIRECTORIES.rst	33188	912af0929da523d63cea62e22b9493bc257f9d89e6bbfe1e8c9322cb57050b91	
/usr/share/cmake/Help/variable/CMAKE_VS_TARGET_FRAMEWORK_IDENTIFIER.rst	33188	767eb64e0b6fe5b3beb2df7adfe19385ed207e9905e53406a4b2541a606a0df1	
/usr/share/cmake/Help/variable/CMAKE_VS_TARGET_FRAMEWORK_TARGETS_VERSION.rst	33188	1cc0d67260990aa647d0e7ef94944364d005bfb10c2255dffcbae0e220b50b11	
/usr/share/cmake/Help/variable/CMAKE_VS_TARGET_FRAMEWORK_VERSION.rst	33188	9a630a6ccdbfce4777637ccd90eef438844bef6e416182969c389964283ba2ed	
/usr/share/cmake/Help/variable/CMAKE_VS_USE_DEBUG_LIBRARIES.rst	33188	075b480514cf8854c2975cb2e1a57f5845d585bb356afe60414d4f10349648d1	
/usr/share/cmake/Help/variable/CMAKE_VS_VERSION_BUILD_NUMBER.rst	33188	7d2fe1e431bc253df6e4b573c4d3c5aacf2920268e99bc6f26d33a9fdc90efe9	
/usr/share/cmake/Help/variable/CMAKE_VS_VERSION_BUILD_NUMBER_COMPONENTS.txt	33188	639fcbf936af444a57d06fe058226806a90ca90dc533ee1a760d317e20ced491	
/usr/share/cmake/Help/variable/CMAKE_VS_WINDOWS_TARGET_PLATFORM_MIN_VERSION.rst	33188	8635336be035bb474d96d0c9ace63421d85f000ea7714ea4b4ab3731da0383bf	
/usr/share/cmake/Help/variable/CMAKE_VS_WINDOWS_TARGET_PLATFORM_VERSION.rst	33188	c7a0a3fe6fc258843a15a235447a5fc63afc205a48dde76f7a6851be2bdf290c	
/usr/share/cmake/Help/variable/CMAKE_VS_WINDOWS_TARGET_PLATFORM_VERSION_MAXIMUM.rst	33188	1f5e19b7ee70386a25b6993a516e04b97c386fce064b73322f456e303a64afba	
/usr/share/cmake/Help/variable/CMAKE_VS_WINRT_BY_DEFAULT.rst	33188	67b669590ef39b528189410fe197e911aa87f195a95d72f9fdb76efb8c5b60a8	
/usr/share/cmake/Help/variable/CMAKE_WARN_DEPRECATED.rst	33188	1690a79ae612cbe752fd438f3d3313725c8a9fcace8653f7fb5588e4af2395c0	
/usr/share/cmake/Help/variable/CMAKE_WARN_ON_ABSOLUTE_INSTALL_DESTINATION.rst	33188	b5f2434ea5c162e5b6815b582e52efc0e8b05efce30c5b8bde59c917e572305e	
/usr/share/cmake/Help/variable/CMAKE_WATCOM_RUNTIME_LIBRARY.rst	33188	f9d7cf68e532a68e7b941eced02315f46217850e5a013f0060090828e62509e1	
/usr/share/cmake/Help/variable/CMAKE_WIN32_EXECUTABLE.rst	33188	0610de684a69eb7b6dde9603ba60f037bcdd885956f3c71e3fa7e4625dd5b15a	
/usr/share/cmake/Help/variable/CMAKE_WINDOWS_EXPORT_ALL_SYMBOLS.rst	33188	35959df1b5b1e7b18fb4348daa0368f47edacdc6f032705fde7fc12875b2cdb5	
/usr/share/cmake/Help/variable/CMAKE_WINDOWS_KMDF_VERSION.rst	33188	06501e866a55a15243d0241e78f430e1e9a9e785e3b50b866b2af37aa8b59a72	
/usr/share/cmake/Help/variable/CMAKE_XCODE_ATTRIBUTE_an-attribute.rst	33188	a4d90c69c6b8ee4db0ce557d431b818b6155b6626dfbc70182195a735463b899	
/usr/share/cmake/Help/variable/CMAKE_XCODE_BUILD_SYSTEM.rst	33188	3e220aeaac27527feb466e0614a123691fd56b90b8897f684e54a6260aa9810e	
/usr/share/cmake/Help/variable/CMAKE_XCODE_GENERATE_SCHEME.rst	33188	0329f3a1854c79b19ecddfad45e7345d9ffbbae3ed8358606bdee0bab4b26d97	
/usr/share/cmake/Help/variable/CMAKE_XCODE_GENERATE_TOP_LEVEL_PROJECT_ONLY.rst	33188	bbbb743fd5a9048b9a61ddf18d326a21a31568ecadc06535e4fa915f7450ffbe	
/usr/share/cmake/Help/variable/CMAKE_XCODE_LINK_BUILD_PHASE_MODE.rst	33188	787ebc35e2dda700565f42de972e66c21d4142c559c64b635d47d6da73aa92a1	
/usr/share/cmake/Help/variable/CMAKE_XCODE_PLATFORM_TOOLSET.rst	33188	85e738dc0afdd0fb427a1f872e4f4c66797d52e73f5afeda65f478655aed48f7	
/usr/share/cmake/Help/variable/CMAKE_XCODE_SCHEME_ADDRESS_SANITIZER.rst	33188	e610dec98293580dc3091c3a8519b9982d7da7d296e2d4b2618dd6d0012ff021	
/usr/share/cmake/Help/variable/CMAKE_XCODE_SCHEME_ADDRESS_SANITIZER_USE_AFTER_RETURN.rst	33188	61ba8de7286632ce219b0efdea5b290bd3e482dd7bfc2271da752e734ccac656	
/usr/share/cmake/Help/variable/CMAKE_XCODE_SCHEME_DEBUG_DOCUMENT_VERSIONING.rst	33188	bcdfde3d38a8d07540fe17a2e31866c7d579ce0eb184768c76e1939f67425c92	
/usr/share/cmake/Help/variable/CMAKE_XCODE_SCHEME_DISABLE_MAIN_THREAD_CHECKER.rst	33188	5dafe48429efccfb3f694608db6b55ab658898fb17052978a79e8522d0ff07ca	
/usr/share/cmake/Help/variable/CMAKE_XCODE_SCHEME_DYNAMIC_LIBRARY_LOADS.rst	33188	719d49eab21c67c2e97a2bc1d40fcc06644e859aeb0b9322fb2cb7d4a472c7c2	
/usr/share/cmake/Help/variable/CMAKE_XCODE_SCHEME_DYNAMIC_LINKER_API_USAGE.rst	33188	f00c63cd48d425f764aacebecc0c7e577429f20b8183c710ab195fecec41b956	
/usr/share/cmake/Help/variable/CMAKE_XCODE_SCHEME_ENABLE_GPU_API_VALIDATION.rst	33188	206eb7b5d3a4edf674d0b3911e99953ffb3e4d1294aece18fc929bc64e78c784	
/usr/share/cmake/Help/variable/CMAKE_XCODE_SCHEME_ENABLE_GPU_FRAME_CAPTURE_MODE.rst	33188	e9dd60b411de72beee34e9f211c7fae7755ac5a4697ea727c57764586e015ed0	
/usr/share/cmake/Help/variable/CMAKE_XCODE_SCHEME_ENABLE_GPU_SHADER_VALIDATION.rst	33188	10640cace8cd2a136910bc93daf3e5742aa718ecf5b0c0bf79ac53a6d0629880	
/usr/share/cmake/Help/variable/CMAKE_XCODE_SCHEME_ENVIRONMENT.rst	33188	071615b7ad0ca6d9be7a8d9b65b6cab81b2c78313260915d21a218c058c116d8	
/usr/share/cmake/Help/variable/CMAKE_XCODE_SCHEME_GUARD_MALLOC.rst	33188	bca91cdecf80120406c479c1ebbbfc4fa6ff0b6816d41b5db28549f19b69b724	
/usr/share/cmake/Help/variable/CMAKE_XCODE_SCHEME_LAUNCH_CONFIGURATION.rst	33188	f065dcd450e40aebc77574cdbfdf7b54bf4ee1de8465c2001129fd45557f094a	
/usr/share/cmake/Help/variable/CMAKE_XCODE_SCHEME_LAUNCH_MODE.rst	33188	34d766e0978c2cb0a190b7877d0420893ac1962515abf8184f8822d0c7b84598	
/usr/share/cmake/Help/variable/CMAKE_XCODE_SCHEME_MAIN_THREAD_CHECKER_STOP.rst	33188	3c24c5976bcaf2ff3d9ae0ca5b05a3ba0dc054aa712f6e4ee2e3a92ccc70b08e	
/usr/share/cmake/Help/variable/CMAKE_XCODE_SCHEME_MALLOC_GUARD_EDGES.rst	33188	6cffb44c0866f05340a48932064f4eeeabdcdc4947a43bd9d06fa5d88e6c8a3e	
/usr/share/cmake/Help/variable/CMAKE_XCODE_SCHEME_MALLOC_SCRIBBLE.rst	33188	c850e24ee7363e4555ba6d1a4f4549dcb67adcc88808399fbc5c54ea8fa975fa	
/usr/share/cmake/Help/variable/CMAKE_XCODE_SCHEME_MALLOC_STACK.rst	33188	86be404362a95771f5948a27cd1d465a41713f4e13dfc1154e21bb099f67eecf	
/usr/share/cmake/Help/variable/CMAKE_XCODE_SCHEME_THREAD_SANITIZER.rst	33188	2ca94adc003dde5bd7919753e03d3f25314381eed454b3349307ef3d4b0af8a5	
/usr/share/cmake/Help/variable/CMAKE_XCODE_SCHEME_THREAD_SANITIZER_STOP.rst	33188	c3d21da3b4ac973576ac041cfbfa0d100f82ad2fd3440322d189ecd382a653f7	
/usr/share/cmake/Help/variable/CMAKE_XCODE_SCHEME_UNDEFINED_BEHAVIOUR_SANITIZER.rst	33188	7910874898f59bb705f1b792e08f502472323b37aeff4047f30479df18ffb271	
/usr/share/cmake/Help/variable/CMAKE_XCODE_SCHEME_UNDEFINED_BEHAVIOUR_SANITIZER_STOP.rst	33188	eeabd77576b5e044ab174801985feb2fd03087d67dc0a1c77777f783ad8e39b3	
/usr/share/cmake/Help/variable/CMAKE_XCODE_SCHEME_WORKING_DIRECTORY.rst	33188	40ee409d7f961df88f4feaefd33503aeffabf885af2b93372df9666307aaa085	
/usr/share/cmake/Help/variable/CMAKE_XCODE_SCHEME_ZOMBIE_OBJECTS.rst	33188	3e216160a068c700b0f66cee0cc3e80d4d620c47255769cc0e98cb5c74944884	
/usr/share/cmake/Help/variable/CMAKE_XCODE_XCCONFIG.rst	33188	b7097dda3e0017052fa9f60c56a88722eea8899495e95d80f6b13b61064af1a3	
/usr/share/cmake/Help/variable/CPACK_ABSOLUTE_DESTINATION_FILES.rst	33188	5fbb1e9f46eb527143e636d98c7cb04dee504ab42ea18d346b01fec89f926b06	
/usr/share/cmake/Help/variable/CPACK_COMPONENT_INCLUDE_TOPLEVEL_DIRECTORY.rst	33188	1f77c41bf0bfdd3d5a0814c0ded97a2cd0e0d03189668efbe7156a5d3f500bf0	
/usr/share/cmake/Help/variable/CPACK_CUSTOM_INSTALL_VARIABLES.rst	33188	1f1a8f29340d9bc22a5ef732215a6349ef901c66d0c10cc035edfd9075746412	
/usr/share/cmake/Help/variable/CPACK_ERROR_ON_ABSOLUTE_INSTALL_DESTINATION.rst	33188	304e4163365bdb1cc2a0d820dcb38f71247ac038f6d0eff00fbc904a4ae4bbf4	
/usr/share/cmake/Help/variable/CPACK_INCLUDE_TOPLEVEL_DIRECTORY.rst	33188	7d1c615b615887edc9f1283e711dcf9f2887807d6a045dc74c8f5a277e394dc1	
/usr/share/cmake/Help/variable/CPACK_INSTALL_DEFAULT_DIRECTORY_PERMISSIONS.rst	33188	2e36ed6d3a86ac350005d8d0ce7855a9d1e6e8cf7dd68682f7975060e9bfe035	
/usr/share/cmake/Help/variable/CPACK_PACKAGING_INSTALL_PREFIX.rst	33188	fa19b4aab0cfe92a6cfa7b7c25f0495df17736e126f3209836fe62d4b9c88490	
/usr/share/cmake/Help/variable/CPACK_SET_DESTDIR.rst	33188	9e1d0cae99a8c44cab1d493936124ffb3bd46703653398f0ac50198609f2c36b	
/usr/share/cmake/Help/variable/CPACK_WARN_ON_ABSOLUTE_INSTALL_DESTINATION.rst	33188	1aed3410a357e4d109d8df834520694df5051ad2bd5a0cf33dfa6c648f192ab0	
/usr/share/cmake/Help/variable/CTEST_BINARY_DIRECTORY.rst	33188	90b2319ed1118c9bd30a2e040d52cb9d1d8635d4debc52f6a6d464040cb8f318	
/usr/share/cmake/Help/variable/CTEST_BUILD_COMMAND.rst	33188	7de7802a1633ab573a5fee232ec2bca246fa4f1c693375a57393c9b3c2d43e11	
/usr/share/cmake/Help/variable/CTEST_BUILD_NAME.rst	33188	83f071c21cfb3f0bab996bd95acd00cc013ca2e7c55b6d5e4171c061fbc008cf	
/usr/share/cmake/Help/variable/CTEST_BZR_COMMAND.rst	33188	9d1591e31f8f1ff852dd76b154b2c03f60c333f666d6994eef2d52c54409d4d7	
/usr/share/cmake/Help/variable/CTEST_BZR_UPDATE_OPTIONS.rst	33188	05c5c15c78194d2e9846eaeb8812dc13077012159d7349e4ebb9d67fdbf06657	
/usr/share/cmake/Help/variable/CTEST_CHANGE_ID.rst	33188	4ccdc845f9d1c14a62fdae4bb2f051d267fb8e1346ff6ba0bcbf9308a0dad404	
/usr/share/cmake/Help/variable/CTEST_CHECKOUT_COMMAND.rst	33188	7465c0dec54a95a24a7d414045e414a3ccdab48b0d2f42cf498f376fe2ada422	
/usr/share/cmake/Help/variable/CTEST_CONFIGURATION_TYPE.rst	33188	348925c90004ec6759eee0fdac5760395903f21177d694dd36bf86be82a25af4	
/usr/share/cmake/Help/variable/CTEST_CONFIGURE_COMMAND.rst	33188	f0c826ad6737229a4e3e8d3701eb2d2977ccac31d3bebf7d59aa25376d22bae9	
/usr/share/cmake/Help/variable/CTEST_COVERAGE_COMMAND.rst	33188	15b23fc0a9ebe35dbce12239d81b96f30a8328a70e589148ab3022d9e8592ff7	
/usr/share/cmake/Help/variable/CTEST_COVERAGE_EXTRA_FLAGS.rst	33188	506ccad737b1f323faf720898c83cedb653d18b2883779aae5284c866f1b372e	
/usr/share/cmake/Help/variable/CTEST_CURL_OPTIONS.rst	33188	e0c02d48b56ba1a2c9d9ec21cc4740146ddec021d70ff4e8a9bc72db71793007	
/usr/share/cmake/Help/variable/CTEST_CUSTOM_COVERAGE_EXCLUDE.rst	33188	13094408c34bcb35efac4de0f943b621275d536e2ce4a17145778922442c7231	
/usr/share/cmake/Help/variable/CTEST_CUSTOM_ERROR_EXCEPTION.rst	33188	be74cdac32bf441cd8e84faf2afbaacc65f49d06a59bdef3b0397a77374ccaf6	
/usr/share/cmake/Help/variable/CTEST_CUSTOM_ERROR_MATCH.rst	33188	ca65adcbf7e8bb88bd814df2b39b83fdcd36df4332567ab13d1affc44a467bf8	
/usr/share/cmake/Help/variable/CTEST_CUSTOM_ERROR_POST_CONTEXT.rst	33188	18080751a6e3a4ff516c002b7bba8ed2501916c8c7137795caf2aa1ca5f65cb5	
/usr/share/cmake/Help/variable/CTEST_CUSTOM_ERROR_PRE_CONTEXT.rst	33188	fc2d8a24acc5ed21b20d08ee95b097a23923bb6dfea179b79d22c92d43eeb0ce	
/usr/share/cmake/Help/variable/CTEST_CUSTOM_MAXIMUM_FAILED_TEST_OUTPUT_SIZE.rst	33188	2dedd0c93b9d750ef844f45d8f48e4fd364cffbef5fa666c544e9416d533cb3d	
/usr/share/cmake/Help/variable/CTEST_CUSTOM_MAXIMUM_NUMBER_OF_ERRORS.rst	33188	12baac98e37d92183b5cbaa8a66937ef622f0488d8671fe389079a70854257d7	
/usr/share/cmake/Help/variable/CTEST_CUSTOM_MAXIMUM_NUMBER_OF_WARNINGS.rst	33188	6cd3004523d3535508b5ea2badc10bc48e3ef789cc2c949e215ae01cb9450d4f	
/usr/share/cmake/Help/variable/CTEST_CUSTOM_MAXIMUM_PASSED_TEST_OUTPUT_SIZE.rst	33188	9b90a1eaeb2b5aa930182039ce9c5b534cc8ee093cb6808d65440a422884cdfa	
/usr/share/cmake/Help/variable/CTEST_CUSTOM_MEMCHECK_IGNORE.rst	33188	4f7a489ad520d6246baa1d9f19894e6e9edcfc6c2eb47a07dd865890e416ec88	
/usr/share/cmake/Help/variable/CTEST_CUSTOM_POST_MEMCHECK.rst	33188	fdbc62a7fad5a86bb17ae2312c1fff5e4379c80f1afbdc58308a94312cc14295	
/usr/share/cmake/Help/variable/CTEST_CUSTOM_POST_TEST.rst	33188	8139d923d7c356ee1895cbf2a61847f579569619ac3e38ed66b5769bdb416d07	
/usr/share/cmake/Help/variable/CTEST_CUSTOM_PRE_MEMCHECK.rst	33188	ef2486b322b41022240600c660c57f94421adf6f62d4ed484c1dc3cda9034cc4	
/usr/share/cmake/Help/variable/CTEST_CUSTOM_PRE_TEST.rst	33188	a1bdebcb707fd999f92377c5d170a3567f9296440672efe73c14ae2c88ec0e67	
/usr/share/cmake/Help/variable/CTEST_CUSTOM_TESTS_IGNORE.rst	33188	955b381170bb85928c28b829a47b517c44ae0e8b8a51dd023d543f4815547135	
/usr/share/cmake/Help/variable/CTEST_CUSTOM_TEST_OUTPUT_TRUNCATION.rst	33188	0785aa4de7cb87160cf65fd2778ffb4015f1cc16d2df4cd852704b36109408c8	
/usr/share/cmake/Help/variable/CTEST_CUSTOM_WARNING_EXCEPTION.rst	33188	c72878fdb087d03b4efa36dc8397a10d6a2b0d9281911baaacb044e78973fa99	
/usr/share/cmake/Help/variable/CTEST_CUSTOM_WARNING_MATCH.rst	33188	f0f17b573fa6ab66a579d3790c86c16c7f257a20aeed04a39b0809a869a9f941	
/usr/share/cmake/Help/variable/CTEST_CUSTOM_XXX.txt	33188	d724fe07125e00411542754828d0b34d7eadfd6100b59c32c1791bed1da141f0	
/usr/share/cmake/Help/variable/CTEST_CVS_CHECKOUT.rst	33188	7ba76974418ab9eb74746d893308de52cfc18c5003b6e424483e1f80d16f287d	
/usr/share/cmake/Help/variable/CTEST_CVS_COMMAND.rst	33188	103b44fe3214188f32f4e2b949fe766ce1be71ba3feee96443372d019293d788	
/usr/share/cmake/Help/variable/CTEST_CVS_UPDATE_OPTIONS.rst	33188	64f7f30d273188cc00a776a13eb39f1e7c07ea0eca91e790f0f0e435f0987b62	
/usr/share/cmake/Help/variable/CTEST_DROP_LOCATION.rst	33188	bf4dae7d6b4ee9506c5eaa2a07c6c5a3b44537e4de9a414764d39bc6294d0dea	
/usr/share/cmake/Help/variable/CTEST_DROP_METHOD.rst	33188	5a420020dafb42e9a8a213bcfb67370ee24a69d9805ffaf428426bf8b13f0be3	
/usr/share/cmake/Help/variable/CTEST_DROP_SITE.rst	33188	1363ad640abf68958921483f4a995b4eaaa3c6782f8a5a845b4acbfd04a232f8	
/usr/share/cmake/Help/variable/CTEST_DROP_SITE_CDASH.rst	33188	0cb700cd505acde2015ee3934307fe55698b1908c1e3dded729cfc5250dccc9a	
/usr/share/cmake/Help/variable/CTEST_DROP_SITE_PASSWORD.rst	33188	b8fb3f3009ceeba8cfc95e554813c98c9d2d8d5989e36df38e7f518be53836f9	
/usr/share/cmake/Help/variable/CTEST_DROP_SITE_USER.rst	33188	4b5b327878bc3931e96db555afc2fc99309c9404ca612797895ebd8b9d723192	
/usr/share/cmake/Help/variable/CTEST_EXTRA_COVERAGE_GLOB.rst	33188	58a6df895f6d40f3ef94786304318d98bd868fc4430c8e21173528027f6d4f38	
/usr/share/cmake/Help/variable/CTEST_GIT_COMMAND.rst	33188	e8893a6210a7cf634cd6b41b1d3e5a4abaa0907ebedc2c0e6c00ac9270458d56	
/usr/share/cmake/Help/variable/CTEST_GIT_INIT_SUBMODULES.rst	33188	1087689f0943f8d272465c0191fe2204be0081877b507d0f4117fc46a584cc0a	
/usr/share/cmake/Help/variable/CTEST_GIT_UPDATE_CUSTOM.rst	33188	c617849892e12636153d52e4f1d6c6ca1a20e0b87afc7a359291067c048f0e1d	
/usr/share/cmake/Help/variable/CTEST_GIT_UPDATE_OPTIONS.rst	33188	a885b1b15a78fac7a0bfbcb337384767bf9b1f20d6edaa1c599be1391386351e	
/usr/share/cmake/Help/variable/CTEST_HG_COMMAND.rst	33188	1c94bffa597a8da14e24cd5bcaa3435c37a78ac1c19b9fde302bae314921f8ae	
/usr/share/cmake/Help/variable/CTEST_HG_UPDATE_OPTIONS.rst	33188	9290f60b1239ce522a30c90205bd2fd209fa6753248d1812ef8a51514cc3aa29	
/usr/share/cmake/Help/variable/CTEST_LABELS_FOR_SUBPROJECTS.rst	33188	5853372887034625a3b80a4eec4ead12596e7d076acff7bf53b510e6adedc0aa	
/usr/share/cmake/Help/variable/CTEST_MEMORYCHECK_COMMAND.rst	33188	414e58b733b6f3badf48d6353b9908c718c31c337227bdd0d20d76030ab35818	
/usr/share/cmake/Help/variable/CTEST_MEMORYCHECK_COMMAND_OPTIONS.rst	33188	86b9769754252f03040c532dbcfa01d40ed91fc6e6d1e449502f21e9e5c91047	
/usr/share/cmake/Help/variable/CTEST_MEMORYCHECK_SANITIZER_OPTIONS.rst	33188	ab52bb94b614293a6d8ce26ee976a440335c9bc307fa440034e5f8538a0f8461	
/usr/share/cmake/Help/variable/CTEST_MEMORYCHECK_SUPPRESSIONS_FILE.rst	33188	2063487f4b98e79769dc7f75dcfdfe98a128486d87d39cf529378827d0c5d156	
/usr/share/cmake/Help/variable/CTEST_MEMORYCHECK_TYPE.rst	33188	bd2dddef797d2efe4739c7975b27cfbf59602b57c4844025e7062c7fdac06069	
/usr/share/cmake/Help/variable/CTEST_NIGHTLY_START_TIME.rst	33188	0edac3e40e05058c1235c1fce6283224ce244394e38bf8c077e25ade33600d63	
/usr/share/cmake/Help/variable/CTEST_P4_CLIENT.rst	33188	d22fb195454c4c747e3e812f97996ea6bd097ae940c5b20c66168b46e8496dd5	
/usr/share/cmake/Help/variable/CTEST_P4_COMMAND.rst	33188	5dabc12c33c3c6fc4b6f8e1b766b2e1f314beee9ccf7fe72846802e667e338a3	
/usr/share/cmake/Help/variable/CTEST_P4_OPTIONS.rst	33188	66761a46587ae55a0f44db1fa8321674dfe220022dfcc32ccf3b7cca891f035e	
/usr/share/cmake/Help/variable/CTEST_P4_UPDATE_OPTIONS.rst	33188	0fba92161a3ecee8213bf923a58c1d10b9bff2c670cef2fe5510651d55b811c2	
/usr/share/cmake/Help/variable/CTEST_RESOURCE_SPEC_FILE.rst	33188	3bd35ec0e9ab6b4cffcc2fd04f0c0db4f51757624ea83aeacf5f9ee378498f8a	
/usr/share/cmake/Help/variable/CTEST_RUN_CURRENT_SCRIPT.rst	33188	bce650dbb5fea237764b3f21b844c3ff4e8247dd36181c4bd956e3d5f6b27f1d	
/usr/share/cmake/Help/variable/CTEST_SCP_COMMAND.rst	33188	6d01abe83939c05ba9f5a6e089353e20c8ed16af63ed3a5cacd9cf356337d0a8	
/usr/share/cmake/Help/variable/CTEST_SCRIPT_DIRECTORY.rst	33188	1c6bc69409481cae3130d3a79000ebfd91d43eb0d2754bf71aeeabff42f87fa5	
/usr/share/cmake/Help/variable/CTEST_SITE.rst	33188	06290f25eeb9274f92eaf264762dcc3faa04048b5e3f3712a07f10089f0c1152	
/usr/share/cmake/Help/variable/CTEST_SOURCE_DIRECTORY.rst	33188	9e24f26c768620df264e8d3db9a380a2997dc9d1172b265528e8ca362eb33878	
/usr/share/cmake/Help/variable/CTEST_SUBMIT_INACTIVITY_TIMEOUT.rst	33188	2b352ebfd5a86754254dabe4996db5519a9edc1e5182bfebc6eafa7eb9ac8b15	
/usr/share/cmake/Help/variable/CTEST_SUBMIT_URL.rst	33188	5d30df46a12430a737cd0d4cddd5cb2023f3714e3e335beb705c259710abf1ba	
/usr/share/cmake/Help/variable/CTEST_SVN_COMMAND.rst	33188	08d474ea6eba09b72eccf74e3806da143ab2c2ea49ceb3ba6c6f432af3dbc5e0	
/usr/share/cmake/Help/variable/CTEST_SVN_OPTIONS.rst	33188	c30d37058dfddef4f7b6ff73773d07726ed0631f66c8d337f1c6795617a8ded6	
/usr/share/cmake/Help/variable/CTEST_SVN_UPDATE_OPTIONS.rst	33188	b36d9a75b22678877b61a0d64d7e79fae33de6792ac1c8bbdc5f6f094cdcaec2	
/usr/share/cmake/Help/variable/CTEST_TEST_LOAD.rst	33188	f9e61a09a869f410eccddb3a57e5394a828698538c42afe83f61a7d8e0f92bcd	
/usr/share/cmake/Help/variable/CTEST_TEST_TIMEOUT.rst	33188	621eae5bfb297894fd4b8c24a90e24e518153782bd75de1abc4a6a55e16f8378	
/usr/share/cmake/Help/variable/CTEST_TLS_VERIFY.rst	33188	1f782a5f66c3961c51b04401d7e3d3cd13c60e7c4e9242c3cb75ff1f4816ee59	
/usr/share/cmake/Help/variable/CTEST_TLS_VERSION.rst	33188	5a17bfaa98b545322a911a2ffa4d91d8790c9d88f6e5454891b505d102499309	
/usr/share/cmake/Help/variable/CTEST_TRIGGER_SITE.rst	33188	d54f1f038898fdb6eef96ef1e815157921fba260d2afd122eb60a50568432b45	
/usr/share/cmake/Help/variable/CTEST_UPDATE_COMMAND.rst	33188	f8a2b1897756c7407a591408fa8ae1cfdc1602b493fc05e2a001af6348a765cd	
/usr/share/cmake/Help/variable/CTEST_UPDATE_OPTIONS.rst	33188	fb0b65a20998d6c99fc56ac1d2cf78ae8222c2f659578916c36d453849aca018	
/usr/share/cmake/Help/variable/CTEST_UPDATE_VERSION_ONLY.rst	33188	d93911638f8b6216d16b605dd7d5a8b03da3bbea7e1ac8e0a655260de926d2f7	
/usr/share/cmake/Help/variable/CTEST_UPDATE_VERSION_OVERRIDE.rst	33188	c4ac67423e467bbf0eadb2c1e19f027a226ffab7c63a9ec5a312057f787e6ea7	
/usr/share/cmake/Help/variable/CTEST_USE_LAUNCHERS.rst	33188	89352ea67c4031ae61395535617217594f0d60a297e7ad6ca6e70a753031746d	
/usr/share/cmake/Help/variable/CYGWIN.rst	33188	9e458371cd786ae6fe42a2d49c49beab06a995947eaff58d4a29de32b1c44bb4	
/usr/share/cmake/Help/variable/ENV.rst	33188	c67bc60fc5c4117b8a725cadc896139b1c571e16c6e7cae419751d393b6d3910	
/usr/share/cmake/Help/variable/EXECUTABLE_OUTPUT_PATH.rst	33188	9952b257b77f5ae4a50083dc519dff1fffa61b2324fd2b67f220d95b0e2c6a15	
/usr/share/cmake/Help/variable/GHSMULTI.rst	33188	76a2b974f5cbc1446a161471b203ac12d9c8a5c24a9291e4c2f3e5291de3a191	
/usr/share/cmake/Help/variable/IGNORE_SEARCH_LOCATIONS.txt	33188	43da73375ebdcbddfc8b95d630984d597afd458617f9dd64af27c48c0523b679	
/usr/share/cmake/Help/variable/IGNORE_SEARCH_NONSYSTEM.txt	33188	8447a17827625f9e4c1dccff8ecf06014e2e3a4c85911fa47f56dba96012f20c	
/usr/share/cmake/Help/variable/IGNORE_SEARCH_PATH.txt	33188	1e1980b1a2a3a04b26d658fb4d25cf5c3554337b69a36f2aa024d1c9acbed53f	
/usr/share/cmake/Help/variable/IGNORE_SEARCH_PREFIX.txt	33188	d4f84c195388f5d13821c9b7da08f3180ea9a6cba7408070243ab46ccb8660ef	
/usr/share/cmake/Help/variable/IGNORE_SEARCH_SYSTEM.txt	33188	91bb3f60e2f6edaa75f57f957a8ba67d084b57ef62c861292d090cba6e04c368	
/usr/share/cmake/Help/variable/IOS.rst	33188	2732981fbaffac1755f7a20459e630a132a7072826ab192eaa2750cf5a4c0dc4	
/usr/share/cmake/Help/variable/LIBRARY_OUTPUT_PATH.rst	33188	0b4550c5163a419a35c3c9487ba02be2c6f45d755842865ba4f727044642029d	
/usr/share/cmake/Help/variable/LINKER_PREDEFINED_TYPES.txt	33188	7fe839d6b8be10b7fe9fba26d27d66dd9eaa064d01446e67a95c8f56082690f1	
/usr/share/cmake/Help/variable/LINK_GROUP_PREDEFINED_FEATURES.txt	33188	6c0b6ce950f1f8bec0fad9d84a6f8c844da4e7ee81cfbf5483d9b51dc9150fbd	
/usr/share/cmake/Help/variable/LINK_LIBRARY_PREDEFINED_FEATURES.txt	33188	56ecbeb4e39a9f14bae5d6df5c0842e1c495116619b165e0bac3fc90a317d92d	
/usr/share/cmake/Help/variable/LINUX.rst	33188	680e484b20681ba6d8a047f66744988baf99650f7d628eff828c747bad49fe2c	
/usr/share/cmake/Help/variable/MINGW.rst	33188	f4680bbfe7be247b59d1cd87c5ffffcbd434a3ca9cd359f07b541ef70647518d	
/usr/share/cmake/Help/variable/MSVC.rst	33188	4eb0c94d426f68fc6e434df5f70e9ea967ed338af4b29c3b18a37300ee0aebe6	
/usr/share/cmake/Help/variable/MSVC10.rst	33188	629c0ea1026d60389bc703a6a9ac7417b9a040ce0d9ee3b3fb3dcffab10e132c	
/usr/share/cmake/Help/variable/MSVC11.rst	33188	367f086b7b75a8cad8d5c2eafcbdecb595a7566dc9e288bbc80a0cdecc5c96bb	
/usr/share/cmake/Help/variable/MSVC12.rst	33188	b9221918bcaacbce2061c799c6227b94a6711ada0bfe8764ac66aaffefb92d41	
/usr/share/cmake/Help/variable/MSVC14.rst	33188	12567ece5177501cf0fe46c351cc2291fcfebc5059c79a96b0799b8f0855fcb3	
/usr/share/cmake/Help/variable/MSVC60.rst	33188	8e601fd10a9e573e208cce1ce1397dd0daf485596ee7415874699c0df6495632	
/usr/share/cmake/Help/variable/MSVC70.rst	33188	91f7f6ec991e0a325bcca667997592e9eaa66356d5187678fcc831f4f5ff4afa	
/usr/share/cmake/Help/variable/MSVC71.rst	33188	4331e852202e3926b23425a435f485887045c7d9eed89acee4668fc47fb372aa	
/usr/share/cmake/Help/variable/MSVC80.rst	33188	825ee56e1f4c75f6257946887119794885a4e285b5c0e19b1ac8df38378f3606	
/usr/share/cmake/Help/variable/MSVC90.rst	33188	28df0eb5706bddbc1c36ef8f97ef5c5d34ade056187cd8def491b14892bf643c	
/usr/share/cmake/Help/variable/MSVC_IDE.rst	33188	bf101b0dd3cf5ca6adbf98e2b4ca0ea3705757908a6c97e043c21632a7f21257	
/usr/share/cmake/Help/variable/MSVC_TOOLSET_VERSION.rst	33188	37e40ae019c93fa80358370885cabf6f93c672f7d2ee2770a92fc04f6594e5dc	
/usr/share/cmake/Help/variable/MSVC_VERSION.rst	33188	977dc61c3b6a025cc6344a545ef0fe293cad80183ac83688b2caad43de2eb14a	
/usr/share/cmake/Help/variable/MSYS.rst	33188	b4d46fac4e43498dd609a7fb5e2f76f875f67ced6a0664a5f4fb23488be843ca	
/usr/share/cmake/Help/variable/PROJECT-NAME_BINARY_DIR.rst	33188	dc246bc78840976e5b9b8f8a13796424133b7183c453b79949226fd46797b57a	
/usr/share/cmake/Help/variable/PROJECT-NAME_DESCRIPTION.rst	33188	7253ed6f9aa3cbe4c94b9cec8101411f457e8e64a4a9bfaca50c61d1efc22aaa	
/usr/share/cmake/Help/variable/PROJECT-NAME_HOMEPAGE_URL.rst	33188	a60ad4816ff75fd3b162751a794f0901b3a1cbaad0ced7c7b115f0e8250e0e0b	
/usr/share/cmake/Help/variable/PROJECT-NAME_IS_TOP_LEVEL.rst	33188	a5e73dcdc246d621150b3b19836c1d13ea72aad3bb693d0d0881b197b933143b	
/usr/share/cmake/Help/variable/PROJECT-NAME_SOURCE_DIR.rst	33188	dbbdc5da08b5eb27b0d0d5da9e0148be36f4c29cce67a23174219594d57db613	
/usr/share/cmake/Help/variable/PROJECT-NAME_VERSION.rst	33188	5f864270b74170736361a4299afbe3eabab00dce9e8e24821b51ad31e118e920	
/usr/share/cmake/Help/variable/PROJECT-NAME_VERSION_MAJOR.rst	33188	a75fc52621c9d57f8223a2fddffc835e46e2e2cc85e22aefcef8a474e5b8d27a	
/usr/share/cmake/Help/variable/PROJECT-NAME_VERSION_MINOR.rst	33188	4bc4895be6fa46ead225ef40278fcf0cbe8c0bea43272e8d4d724d124c3a1cce	
/usr/share/cmake/Help/variable/PROJECT-NAME_VERSION_PATCH.rst	33188	6da7e517fdfbfacfbedbe2143847683d9963a5b5af0bfdeaa3327d7b234ef2b1	
/usr/share/cmake/Help/variable/PROJECT-NAME_VERSION_TWEAK.rst	33188	227a72371fee0e94ac3bf788ec69c8413edf4ce128e006c9663e77f78608ae13	
/usr/share/cmake/Help/variable/PROJECT_BINARY_DIR.rst	33188	940306a0d671faf7c7aaa48759ea0062f53d5f7b52454c8a7c287b231f31c2c8	
/usr/share/cmake/Help/variable/PROJECT_DESCRIPTION.rst	33188	7ded3307ae6d42630266999357037bcc9781ab5119bc3c74bd90c27889804aa6	
/usr/share/cmake/Help/variable/PROJECT_HOMEPAGE_URL.rst	33188	3b39ab719b21ae2ab88c551e4d86a64d6c2b7d4a0fab685cab7a6e17df6ce71e	
/usr/share/cmake/Help/variable/PROJECT_IS_TOP_LEVEL.rst	33188	c8e1d37bd2105339330d477c681c929ff91eb1bda3cb3e902267acdfe81b0063	
/usr/share/cmake/Help/variable/PROJECT_NAME.rst	33188	f8760887156bb4a014af18f21db1e5613f04131332200afdc3b5d2b76ad333cc	
/usr/share/cmake/Help/variable/PROJECT_SOURCE_DIR.rst	33188	66f1d15fccea27072c43e7af3d5ad38081ec691af29dae6b781f909b39610543	
/usr/share/cmake/Help/variable/PROJECT_VERSION.rst	33188	a6d32f4bf5bdcdca9511ee6793529080603b2a0dbbf8e4961d43fce7be43a1ed	
/usr/share/cmake/Help/variable/PROJECT_VERSION_MAJOR.rst	33188	16559bc64723b6370245d28acb9ed20288254c6d26d048bc145334de9e6a5c79	
/usr/share/cmake/Help/variable/PROJECT_VERSION_MINOR.rst	33188	5466705c71e574909c2c7e079810b047b40f0609585742b299a9288cfece9b37	
/usr/share/cmake/Help/variable/PROJECT_VERSION_PATCH.rst	33188	5af566b75eeb45b63bde221b5c2f10ba690167d0c022b50bc87ab0e315af9314	
/usr/share/cmake/Help/variable/PROJECT_VERSION_TWEAK.rst	33188	c964044fefa25ee2069287e177244a619445845dc131ce632cbca21cb60e4d92	
/usr/share/cmake/Help/variable/PackageName_ROOT.rst	33188	9c45144ecac2196cb841c79291e688229651bcba44822658224da6712a37c65f	
/usr/share/cmake/Help/variable/UNIX.rst	33188	6517d99e3ee7d39f80ae758bcae59a2cbdb47fd41d43a1a4c66886608ef16590	
/usr/share/cmake/Help/variable/WASI.rst	33188	40089a4f2feb7742486fff9d6deec05e2337a1bd8ce445820772b87e3cf07770	
/usr/share/cmake/Help/variable/WIN32.rst	33188	6710c7c31abe3e3ac4f076131f1afd53cc824d8d006e8fb3b683e26c31472252	
/usr/share/cmake/Help/variable/WINCE.rst	33188	9fe4b1690ab85245871c804b75c8d7d61684163fa342b1af79476604d0cd3a67	
/usr/share/cmake/Help/variable/WINDOWS_PHONE.rst	33188	6371c1a07ccca3484bdb19fdad34c3b8ce1898c4bcc325a3cda652e6ccfbf14c	
/usr/share/cmake/Help/variable/WINDOWS_STORE.rst	33188	5299d43b6dea3abb2a69d218875b64ae7308a54e18e2613bfe92b9b05163cf17	
/usr/share/cmake/Help/variable/XCODE.rst	33188	9db0d201c35d1476002b2b9345ea0dc0f4e594e092b97993bd2907cb8d78112b	
/usr/share/cmake/Help/variable/XCODE_VERSION.rst	33188	ed97f1205ae59b75ade5ea9648edff228c72c27a01e717945febba735c831ac3	
/usr/share/cmake/Modules	16877		
/usr/share/cmake/Modules/AddFileDependencies.cmake	33188	fd64c56975632839c13717b0eeefbf532c6ba6b8a3ead4900cc34f2bccedb9bb	
/usr/share/cmake/Modules/AndroidTestUtilities	16877		
/usr/share/cmake/Modules/AndroidTestUtilities.cmake	33188	00c263a55079ff4ecad1e572fa5fcf7cf59a629f828c5fbdb73b9187b16df0b0	
/usr/share/cmake/Modules/AndroidTestUtilities/PushToAndroidDevice.cmake	33188	ccaacb05ec0a758ae9d626b4a6079cde41d5cd0d52b50f9cde0f9b6200f3ada7	
/usr/share/cmake/Modules/BasicConfigVersion-AnyNewerVersion.cmake.in	33188	6430dd492039356541d399a37e5405d99eacab4325e201c6b769d7fdb2a2f688	
/usr/share/cmake/Modules/BasicConfigVersion-ExactVersion.cmake.in	33188	45d90a96068dc553d8c0f559c01e6ce8cb216f7d32403f836683efb814a8c29e	
/usr/share/cmake/Modules/BasicConfigVersion-SameMajorVersion.cmake.in	33188	fffbfdf4eafb1a37a8f9496b83eee4b766a159aa7fc1f34debda32bc9533272d	
/usr/share/cmake/Modules/BasicConfigVersion-SameMinorVersion.cmake.in	33188	d3ba90dd6e6cd60eb376aa2fc5a7fd535928bc30e9cb7d0c7a01a3172600e10e	
/usr/share/cmake/Modules/BundleUtilities.cmake	33188	52abb2647d45ea489da414ec234425b480458cdc342dee0bb3647e38ba01b83e	
/usr/share/cmake/Modules/CMake.cmake	33188	9395d1338274037871e2b58188c8d589608d954fbb33e9285f0f05ee74b56b96	
/usr/share/cmake/Modules/CMakeASM-ATTInformation.cmake	33188	f1be8d4204e1a62c4e8ad907e5d76b640171e915eb5e8c2b14fa5bd1a0ce9ea0	
/usr/share/cmake/Modules/CMakeASMCompiler.cmake.in	33188	87f992eca2cfbd4eb804de7fea563be79f7acd690b434181897605c2919cc3c6	
/usr/share/cmake/Modules/CMakeASMInformation.cmake	33188	eac6d9aaa67fa0154ce34a1590a97ca36af057e38c54924387a71e176861ac52	
/usr/share/cmake/Modules/CMakeASM_MARMASMInformation.cmake	33188	d5668ebec8deda474041b1d7caa70ea98add7c5cb83cd6d72b13caab24e48715	
/usr/share/cmake/Modules/CMakeASM_MASMInformation.cmake	33188	390d39ef43848331c97591e2228953222175f6bd131614f144b52a0d899ae5c3	
/usr/share/cmake/Modules/CMakeASM_NASMInformation.cmake	33188	490d59ebe31a6af3bb1710dabe8bc7172577cfbb93b9757f1f090d561c65cbb6	
/usr/share/cmake/Modules/CMakeAddFortranSubdirectory	16877		
/usr/share/cmake/Modules/CMakeAddFortranSubdirectory.cmake	33188	c4ef2c65e8557acad2869513ebb89af169b4186b4221c34a3e4bd232cc6bb4b6	
/usr/share/cmake/Modules/CMakeAddFortranSubdirectory/build_mingw.cmake.in	33188	3b8c18ba530623e774e219a51c72e494d033596843a79b45bfb87186dfb2fec6	
/usr/share/cmake/Modules/CMakeAddFortranSubdirectory/config_mingw.cmake.in	33188	d863a75fd92a9044c311703a051e5c2aab5a9f052d64d5dbf0aa87c55066a80d	
/usr/share/cmake/Modules/CMakeAddNewLanguage.txt	33188	272490d74de701aaff16a4a153d5fd5d0f0328f1b1fb5bf619104786bf7fc817	
/usr/share/cmake/Modules/CMakeBackwardCompatibilityC.cmake	33188	18684ae9a55225685cd351fdbda78e1dd9125b4e12c8b413af4652049adebb2c	
/usr/share/cmake/Modules/CMakeBackwardCompatibilityCXX.cmake	33188	b1a19cbda6b6e51f49ca90d608f99c04d724b9d7dd9319fb85ce6e6f47516a8e	
/usr/share/cmake/Modules/CMakeBorlandFindMake.cmake	33188	75972a267bb513ead797dc6c5fbc36e12a3837fda9822242d06e94f2a66ab0f3	
/usr/share/cmake/Modules/CMakeBuildSettings.cmake.in	33188	f6efd0e177604c2e5f5d1b0323d5dd0ed70c079adb59254a266c36de88101386	
/usr/share/cmake/Modules/CMakeCCompiler.cmake.in	33188	3fe8c54e9bd68029830433b5cadd4673443c7f21409feacd104f8f3ac3186769	
/usr/share/cmake/Modules/CMakeCCompilerABI.c	33188	cbfd8e8ad2a4c80ff299ecda953808e35d3bca562e22adfe332314728e5140eb	
/usr/share/cmake/Modules/CMakeCCompilerId.c.in	33188	34a00c6a540a8acb01529b9106485c64260e84054f400493d279a0288f4f8f8d	
/usr/share/cmake/Modules/CMakeCInformation.cmake	33188	4b911b37ba2e4081d47ba020613602df48283fca9f0862a424e3deb6239fa691	
/usr/share/cmake/Modules/CMakeCSharpCompiler.cmake.in	33188	4fbf0fd0e42606a9ea4547a48d9f0bc7045cb9ec473450e1484174ca2cb150b7	
/usr/share/cmake/Modules/CMakeCSharpCompilerId.cs.in	33188	2df396630d10d2c1ad8ddc69f80ae69115b8f2d306f60ac859d8e5562656e961	
/usr/share/cmake/Modules/CMakeCSharpInformation.cmake	33188	b20421cae8b67795640edb4d06e5e2a4c486dbf35c1e288435cd7032e9ec02ff	
/usr/share/cmake/Modules/CMakeCUDACompiler.cmake.in	33188	505682f23c5900d5adc1743c899947c8525e28325c3ae5e77d7011b901dd643b	
/usr/share/cmake/Modules/CMakeCUDACompilerABI.cu	33188	0d3789a73d61489e2cd7da8d2183eace006911a13a822f8589c5cbfe8c350cb5	
/usr/share/cmake/Modules/CMakeCUDACompilerId.cu.in	33188	934104f5217d6b8a99fec4199b9e8ebcbe35be87c1c0d97a8cfd6c286d687af4	
/usr/share/cmake/Modules/CMakeCUDAInformation.cmake	33188	c1e0f49dac1a763565978d00279d25a20deff1d372e44634f697f565ce1e027f	
/usr/share/cmake/Modules/CMakeCXXCompiler.cmake.in	33188	9f65305d04362bf1738132a40a17b29894c37328d51889284280712165e867fb	
/usr/share/cmake/Modules/CMakeCXXCompilerABI.cpp	33188	c0a7473f0caf0da9735e708af9157bb8e686ce4df91d9ff2d1aeaabe797c2c32	
/usr/share/cmake/Modules/CMakeCXXCompilerId.cpp.in	33188	da2a95e56ad85c618d708998616348af56fe414b0a8925117122c306b7eb73f4	
/usr/share/cmake/Modules/CMakeCXXInformation.cmake	33188	39f073ea5eafc59a487a07e1ce2dda54a8fe6b6391ad5a79b70c141515226389	
/usr/share/cmake/Modules/CMakeCheckCompilerFlagCommonPatterns.cmake	33188	83558cd21d11a5c9beb39bc4ca1fedc51bcae5dda9108398614b44fdb7d8f22c	
/usr/share/cmake/Modules/CMakeCommonLanguageInclude.cmake	33188	16527398734e8e4953a883d9797c1f156e525f6c328cd287cb186136b097baf6	
/usr/share/cmake/Modules/CMakeCompilerABI.h	33188	62b46f92fc9761d644af763910c29b2ccbfbbfbbefcbc125eed7585d036f5345	
/usr/share/cmake/Modules/CMakeCompilerCUDAArch.h	33188	5520bd6b54ac2f778170926564f5962872c47f8b63f571eee5e4c0eb3af3b93b	
/usr/share/cmake/Modules/CMakeCompilerIdDetection.cmake	33188	fc50739c31a96f36d79d49a8520e48bad12c33591f671a87db10568509cab20d	
/usr/share/cmake/Modules/CMakeConfigurableFile.in	33188	15f39cd7709dfba7f4cbc09cf830946a63c96c61785486f6cba930b26c6d4c28	
/usr/share/cmake/Modules/CMakeDependentOption.cmake	33188	799e082e89430f14bd42ce0e4f63515690a44d402dfea70fc724229e2cce5656	
/usr/share/cmake/Modules/CMakeDetermineASM-ATTCompiler.cmake	33188	2d89fc224f8510b3622d07ee41a752415b2008a48b0d5118244a8fc66f1bbbfe	
/usr/share/cmake/Modules/CMakeDetermineASMCompiler.cmake	33188	f71d4f969b132cd4079f825e111b14f3dc003c3d6e21f9573090428c9a2615e1	
/usr/share/cmake/Modules/CMakeDetermineASM_MARMASMCompiler.cmake	33188	865a8119e1b1f19ffe6efc0fe7887d9679a7f4e80fd8b2cb0cc2f56d9b6314b6	
/usr/share/cmake/Modules/CMakeDetermineASM_MASMCompiler.cmake	33188	39adc246702b80f8cc74abd1c72da1369742d77ba5b62d20124fc6e3921fd111	
/usr/share/cmake/Modules/CMakeDetermineASM_NASMCompiler.cmake	33188	063fc19f417cc2012e21d03da8ccb8a465ae21f0a7ea5c0cfd2c30a5dd10d48a	
/usr/share/cmake/Modules/CMakeDetermineCCompiler.cmake	33188	57010e307952577a1fb0c53b66025615e7c08bda645a287213868cba62a96ef8	
/usr/share/cmake/Modules/CMakeDetermineCSharpCompiler.cmake	33188	43954f5d1230b2406f58ed06561d037b63c87b5315b61f8d931953a74bd15bab	
/usr/share/cmake/Modules/CMakeDetermineCUDACompiler.cmake	33188	4452ef421c34881acdf77d25e418176a82387d47dcc491f0761c9af04528c078	
/usr/share/cmake/Modules/CMakeDetermineCXXCompiler.cmake	33188	2a5359ea0eae3d1daecbf059a3e67144be13a116f54da7fc8f1c48f326c955f8	
/usr/share/cmake/Modules/CMakeDetermineCompiler.cmake	33188	c85046da34191378ad322c5f75322cc52147d9af364b7b5b7596bac5a74fb694	
/usr/share/cmake/Modules/CMakeDetermineCompilerABI.cmake	33188	471a9ca3c772d0d99ce85115ae4b4be1b6672965f3da61295fe8449a584cb0ab	
/usr/share/cmake/Modules/CMakeDetermineCompilerId.cmake	33188	4d4d74e1b3af79d436918bfc598cbdc7abe1187531a97e351676d3e9267fe7de	
/usr/share/cmake/Modules/CMakeDetermineCompilerSupport.cmake	33188	4a098e8711165720f17383956a3a0f1453a68120014e8a7613aacd53674e4116	
/usr/share/cmake/Modules/CMakeDetermineFortranCompiler.cmake	33188	d6d645e426847c6cf98c46a4843c06249874a4147d1920c68774b66fe74c7e44	
/usr/share/cmake/Modules/CMakeDetermineHIPCompiler.cmake	33188	8b7340a8357dd9513bf3d6e11ffaafb7381bbde2f6925182d30741a3bd2f38f1	
/usr/share/cmake/Modules/CMakeDetermineISPCCompiler.cmake	33188	617667834f1e6ea7c38715fd48140fee3cc3214b4a6ef3281f128fff39b58525	
/usr/share/cmake/Modules/CMakeDetermineJavaCompiler.cmake	33188	a8703307d6b4591bf8a6f4b030d93096d0a6a8966360c469f2d792e6b1d2f1ef	
/usr/share/cmake/Modules/CMakeDetermineOBJCCompiler.cmake	33188	1604f37a40387858aefc92ec7bfa91208ad9595165293b12c070f771494cbe8b	
/usr/share/cmake/Modules/CMakeDetermineOBJCXXCompiler.cmake	33188	68a451ea7654dd9ba3679e449fa946f6d1c45ae8f6e3f0cb85fb5688f4bfc502	
/usr/share/cmake/Modules/CMakeDetermineRCCompiler.cmake	33188	2e223a335d57cb7ee7bd070b476ffa82191e034f45415a9c3c6bd568fe6cbac1	
/usr/share/cmake/Modules/CMakeDetermineSwiftCompiler.cmake	33188	c303101f5025ffdbc60127e454ee97aaed7aba7942d70bb65ffa53f7888a4edc	
/usr/share/cmake/Modules/CMakeDetermineSystem.cmake	33188	6b8e937c613dbedb64fd3acbc8305de861e57f8a9f7b030b6762b9305b57114a	
/usr/share/cmake/Modules/CMakeDetermineVSServicePack.cmake	33188	0d8aea3a14215d36a8b7a6699d3493e6e18453b7188e013c0b512625145038a5	
/usr/share/cmake/Modules/CMakeExpandImportedTargets.cmake	33188	8a8e83b7d484941434d2ddc4d13ac604bf0831a2cd1bd5d03e3324c2b5c85320	
/usr/share/cmake/Modules/CMakeExportBuildSettings.cmake	33188	5907ae560f5076588a1b81c420b512a558badb5e1614f5fc6ee9963a5452a908	
/usr/share/cmake/Modules/CMakeExtraGeneratorDetermineCompilerMacrosAndIncludeDirs.cmake	33188	4687acb3383e4b03e53842ca92bab75f0b7c2c585d8aef840ae750df7a79a6e8	
/usr/share/cmake/Modules/CMakeFindBinUtils.cmake	33188	fdc466f2cf8e5b0c2c38522f989e20b440f1fa5a890ec532e01655b8c577314e	
/usr/share/cmake/Modules/CMakeFindCodeBlocks.cmake	33188	71c546643c5835b2795d0a457849b8a96cb6a2a4ce63aaba73ea95eb8713ad92	
/usr/share/cmake/Modules/CMakeFindDependencyMacro.cmake	33188	0794e0f5bb7984575859990de425f2e0f3b7a2324cfe44bec998581529540b28	
/usr/share/cmake/Modules/CMakeFindEclipseCDT4.cmake	33188	e122371f962f928e64ab6a4b8366dbd9dd04381111be576f0863aba57dcf9491	
/usr/share/cmake/Modules/CMakeFindFrameworks.cmake	33188	2afb112e5ff1bb270f8789e27af3791f6d92160213b48da4069f673a237e5db9	
/usr/share/cmake/Modules/CMakeFindJavaCommon.cmake	33188	03f07499baaaf97236cd534f4f2a875b916eafad6e72b56636d6b3f1bb0cc490	
/usr/share/cmake/Modules/CMakeFindKate.cmake	33188	dbfb4509aa97a342e47af1046d35f860526af5628174341fe4686be52db67e56	
/usr/share/cmake/Modules/CMakeFindPackageMode.cmake	33188	8e39ad081d1eb3ce5d8b1af7d55189887e0a8ac26f78c64716edc57da013f8dc	
/usr/share/cmake/Modules/CMakeFindSublimeText2.cmake	33188	6bdd8a78f9770a0be9908749df7baff42b447b958ac8c79cce097abfbc60fa24	
/usr/share/cmake/Modules/CMakeFindWMake.cmake	33188	88b4dafc0bb31a5c8262d05ded7ab4b7c2724ed901d6b9fc9eb10c0185200d92	
/usr/share/cmake/Modules/CMakeFindXCode.cmake	33188	c0cdd3d041ac7de41b6caad06865f4534f5aa03e69b035af49a422ed08e9eabe	
/usr/share/cmake/Modules/CMakeForceCompiler.cmake	33188	e7e69cf5468779fc9c31be9de2ca2625efc9e5397c2608e80568d5f7108ab228	
/usr/share/cmake/Modules/CMakeFortranCompiler.cmake.in	33188	8f04c5b80476f2555c8393ba6e8da6b9e0c1a17b3b1dbf616088fe59bde106aa	
/usr/share/cmake/Modules/CMakeFortranCompilerABI.F	33188	6f36fe6c217bcdc9d75883b6466d22208456c78538b01d6da43ee9a840157436	
/usr/share/cmake/Modules/CMakeFortranCompilerABI.F90	33188	b5f064cb3ce7c1ba95cc9494040c9e4b3381cbab1bc5465d541d0f6b2929dbe1	
/usr/share/cmake/Modules/CMakeFortranCompilerId.F.in	33188	90f48c39d6da01a61020cea7ab92694f3ec4e1e5fabcd57b904558275050d5f7	
/usr/share/cmake/Modules/CMakeFortranInformation.cmake	33188	832e3a91eeb4444c0e1d271fa8ce3c6cedea107c151ca0c2ab57d2a455d4bd94	
/usr/share/cmake/Modules/CMakeGenericSystem.cmake	33188	9eb24f22d8fb5a3ba1ccc843cbedb4830183c6c286849b6387a91888ad52df05	
/usr/share/cmake/Modules/CMakeGraphVizOptions.cmake	33188	a43c8c414a1ce27c7cfbbfb91a01496f7cd3f6ce8d1965477f27ff1b0ef1541f	
/usr/share/cmake/Modules/CMakeHIPCompiler.cmake.in	33188	d57b4052000c4f5f34a423f4677198cf6d4d1c5ac03d12ecfa724d9782892c0a	
/usr/share/cmake/Modules/CMakeHIPCompilerABI.hip	33188	0ffeae946a14b1a848949e97e5926fc3f0ae0aa21dfc98716d0581f23af35000	
/usr/share/cmake/Modules/CMakeHIPCompilerId.hip.in	33188	5df26b196dc8086e9277ad0abd79ca9dfe379b60cc84e1d1edf58c24389f6b35	
/usr/share/cmake/Modules/CMakeHIPInformation.cmake	33188	81fb3e61038e80b0e7410c0d2be93dbaa0e6ad11c252c2ec5dd1ce053bba5d3e	
/usr/share/cmake/Modules/CMakeIOSInstallCombined.cmake	33188	f75d804a4d5b8ee5d57725315267b45b91a6ed2314a8edfa0d622a3cdb56d7f6	
/usr/share/cmake/Modules/CMakeISPCCompiler.cmake.in	33188	fadaa494a4726b04ed7ec07b012ddcdf1b94a34a20a9a1722a26088469765e05	
/usr/share/cmake/Modules/CMakeISPCCompilerABI.ispc	33188	121cb76a874a262c0f89b8a046df2af9692d5a2d603b554c48d5eb0597efc2c4	
/usr/share/cmake/Modules/CMakeISPCCompilerId.ispc.in	33188	f3ff6127adeefe5103ed7295214927e3cac3d75183bdb00edc79ad4df42a4d62	
/usr/share/cmake/Modules/CMakeISPCInformation.cmake	33188	42269630dd56d883b38739321a0db77aba6ca6b90dabf9ac409fa9be8eb14359	
/usr/share/cmake/Modules/CMakeImportBuildSettings.cmake	33188	48c99211ad7314acc59185ac48c8540760bc96eb9b138c393731df5ef09df878	
/usr/share/cmake/Modules/CMakeInitializeConfigs.cmake	33188	40df725270b70c1a5b85dc46295cd14d78da362c0705ae4c01f6d3aaeca61e7e	
/usr/share/cmake/Modules/CMakeJOMFindMake.cmake	33188	df632cf3544798bc39d6b470faae054807787a92d263f42d1ca48e0009f69dbf	
/usr/share/cmake/Modules/CMakeJavaCompiler.cmake.in	33188	f122028c2d1a150e7d06ab670a46fd6e5a18d734fc60dd70f25cffd28ab9940c	
/usr/share/cmake/Modules/CMakeJavaInformation.cmake	33188	a7f33011fa073bbabb33a1504ace4ba98b989b7309fcf33984f9eb820ff7746c	
/usr/share/cmake/Modules/CMakeLanguageInformation.cmake	33188	4520b6aac9ba4cc4b3a050ffbafa9edac0bb70c405f3e3fa2ed2039271c03daf	
/usr/share/cmake/Modules/CMakeMSYSFindMake.cmake	33188	79cd77c1c6fcd5ad78cdba1be0989556992def3de82ed2d346d047e33cbbad60	
/usr/share/cmake/Modules/CMakeMinGWFindMake.cmake	33188	a6fc3dbeec12ade58086fb854acbe1a875262b656e59956d894e700196349c1b	
/usr/share/cmake/Modules/CMakeNMakeFindMake.cmake	33188	7aac293efea75a38cedf440a42d60164e84f2fcaac7d551eb69ef88de62a921b	
/usr/share/cmake/Modules/CMakeNinjaFindMake.cmake	33188	fdda93f7cec944ef18f7ce898b8ae79c0111a1cd72a39e3a2cb98a0dea8758e1	
/usr/share/cmake/Modules/CMakeOBJCCompiler.cmake.in	33188	0e97502266773e76b9edb41e6c0a6c76b6ba17d5ef16cc5aa0e869f316c39775	
/usr/share/cmake/Modules/CMakeOBJCCompilerABI.m	33188	0a4c833baea8b3349674f0818a669f472f567ba8f97c188b3112f8ffac55fc40	
/usr/share/cmake/Modules/CMakeOBJCCompilerId.m.in	33188	257958799d37acd6c60752328622d864d599bc7c387e0789488c380c5771135d	
/usr/share/cmake/Modules/CMakeOBJCInformation.cmake	33188	71a0a654f2824434450514dc156a4c7447ed9a499d068edea9216b94b6e6f5ae	
/usr/share/cmake/Modules/CMakeOBJCXXCompiler.cmake.in	33188	5972024b9410531ea919dc0b2ae7bf0f3ed1eceb113dde68015e4e5cd6ed7c81	
/usr/share/cmake/Modules/CMakeOBJCXXCompilerABI.mm	33188	9894f20b525a4a476f55fe2af3e55eda15bf452a38867bec86b8cda253a0712f	
/usr/share/cmake/Modules/CMakeOBJCXXCompilerId.mm.in	33188	6433e176ae8160f930c4fc769348d45f183494a5a73230db41a990789cc88268	
/usr/share/cmake/Modules/CMakeOBJCXXInformation.cmake	33188	adc0bfc76b405afa52ea9c73ef12fbec12ee5ef89eec342549c1ee753f255558	
/usr/share/cmake/Modules/CMakePackageConfigHelpers.cmake	33188	850ab114a2ac305e2ae2d32b49c0813d5295650a487dd63ff987847bdc8a974a	
/usr/share/cmake/Modules/CMakeParseArguments.cmake	33188	cfdb3b13a507c2261f5a88bc2878989fca646357dbc2faa6617cfabcb4820d6f	
/usr/share/cmake/Modules/CMakeParseImplicitIncludeInfo.cmake	33188	a8e98f9119fda282293558994afcb73f8987937c347ffd1888055b91e985e34c	
/usr/share/cmake/Modules/CMakeParseImplicitLinkInfo.cmake	33188	b532cc9b5ec10119373e6fb81be6bd8ee5f457ce66828fe38256d0ee1667da7e	
/usr/share/cmake/Modules/CMakeParseLibraryArchitecture.cmake	33188	7c6d8319c468f5ba0b8d99517a69063643e17e45f7f04eeca9b1366386edea36	
/usr/share/cmake/Modules/CMakePlatformId.h.in	33188	c38e3d4008339947600e3da6773d1ec406a1f9e704e18fd6aebafcf591994260	
/usr/share/cmake/Modules/CMakePrintHelpers.cmake	33188	aa62d7ce1d2df14e640619bcc7005b0d67e20c5c02eedffee503df455b8553fa	
/usr/share/cmake/Modules/CMakePrintSystemInformation.cmake	33188	e2a198b40e35c6cd95448776e7c5befa1951d5777f967b415eb8803050f94d1f	
/usr/share/cmake/Modules/CMakePushCheckState.cmake	33188	aa3b2ae7196ec020718ad508cfa515323331934c1b0181cb058ba2f6a33a9872	
/usr/share/cmake/Modules/CMakeRCCompiler.cmake.in	33188	2bb3bc19e048e588fcf2ee6e45a0dd6af5f1b39c170c3418ba126f30d706f2cf	
/usr/share/cmake/Modules/CMakeRCInformation.cmake	33188	2da7916a575820f5b6b1f313e97f7c00e09edf7a8686c68ccc91ab71bfd4e192	
/usr/share/cmake/Modules/CMakeSwiftCompiler.cmake.in	33188	b0390fe5bb1d4c14e179a847cc9c3a74d786323f70240c0a68394ea9430570f6	
/usr/share/cmake/Modules/CMakeSwiftInformation.cmake	33188	090635ff0d6a95a3c276dee5e367dd6f74b339ecb471796aa96e04979d542118	
/usr/share/cmake/Modules/CMakeSystem.cmake.in	33188	60b5167875d6a01de4fb96c784a4e01d56f365f096fa9a257c6b6b6d9669e49a	
/usr/share/cmake/Modules/CMakeSystemSpecificInformation.cmake	33188	96329c38531361cf70794aa0f32553337306df58dea5b90c8cd19deb806db1ff	
/usr/share/cmake/Modules/CMakeSystemSpecificInitialize.cmake	33188	05ff48ba4019621f6188bce27d563694c56b9c13a05212a46c85b1d18a77fca3	
/usr/share/cmake/Modules/CMakeTestASM-ATTCompiler.cmake	33188	dda4cfd059168c740e4bffdeeb85a1304ef1471c6941fcfc4777f3c88f1cc65b	
/usr/share/cmake/Modules/CMakeTestASMCompiler.cmake	33188	3b9b7352d0a50ea1857a4c7fbaea4ec96d67f6d856322ee1698b95b7907ff346	
/usr/share/cmake/Modules/CMakeTestASM_MARMASMCompiler.cmake	33188	3fd3beb80eea859960495804d5063ec70d1375ee17b36235c31d4a0e9b960f33	
/usr/share/cmake/Modules/CMakeTestASM_MASMCompiler.cmake	33188	12ffee4ba1ad60dffc8d188c81291c3299bdbf1f59b5a87baaf160ee73f8132c	
/usr/share/cmake/Modules/CMakeTestASM_NASMCompiler.cmake	33188	2dc5a760c09909c9dea837ae0532f868b94816040e1521ae7f4745accee03ade	
/usr/share/cmake/Modules/CMakeTestCCompiler.cmake	33188	8405111b6df5cbf68c2d3484d4313c904b1bfe1cc63afebf58c9d99829aa87df	
/usr/share/cmake/Modules/CMakeTestCSharpCompiler.cmake	33188	e0612900ef625472d2515b9a1a993e2b1f552e3a191ac3ecc3b49112864c11a4	
/usr/share/cmake/Modules/CMakeTestCUDACompiler.cmake	33188	b7a34040ece4eec1d93da7333efbc3218b78dae04e2b6c76a2e4d7a918cb6a55	
/usr/share/cmake/Modules/CMakeTestCXXCompiler.cmake	33188	7c41d80d2c45253b4201b7f95a0c380be635331627c76aebbc4c976d9c449b2c	
/usr/share/cmake/Modules/CMakeTestCompilerCommon.cmake	33188	beed2a8249b277c99052c928e7fcce4e1bb520c26f57c527930ef119df2d0666	
/usr/share/cmake/Modules/CMakeTestFortranCompiler.cmake	33188	0f90115ae376df9173a43d8c83a219ead703138be1da582ab4ebe22eedf59583	
/usr/share/cmake/Modules/CMakeTestGNU.c	33188	212f33909568e7a9f8c60584bc41a8249cb46e03d9829a31588fb1c6ccb377d1	
/usr/share/cmake/Modules/CMakeTestHIPCompiler.cmake	33188	470ea33e917a97eefc0fbcedca1551484fb0eea76331d845f1838feef91d9e12	
/usr/share/cmake/Modules/CMakeTestISPCCompiler.cmake	33188	7fbd7b7a59ee868b25e283a0f5836a595a0483675195f37b031f978643cd3032	
/usr/share/cmake/Modules/CMakeTestJavaCompiler.cmake	33188	5fe9099a8fb60c2c8cd67fbc4e10faad1f6ef8ab41a5131feb69f876d51d56dd	
/usr/share/cmake/Modules/CMakeTestOBJCCompiler.cmake	33188	137b44023cc5724ff1dede76fe055eef17f181ce0c1719cde46d89ac36ecb821	
/usr/share/cmake/Modules/CMakeTestOBJCXXCompiler.cmake	33188	f46f8496f55f91239c5d3981a9c61c10e11550a892e3614454392c3d2bcfe917	
/usr/share/cmake/Modules/CMakeTestRCCompiler.cmake	33188	3f6eba515425778d8fa61db98caa9a86931623cbc52475b5e730f7f0db258560	
/usr/share/cmake/Modules/CMakeTestSwiftCompiler.cmake	33188	3ae9bd21acdfb23696dfb29c376d91f0ceab99e2d7ece15e82c181fff71de5e1	
/usr/share/cmake/Modules/CMakeUnixFindMake.cmake	33188	f50d94edd2636de28eabfd4060d88cb5624b08a924d384ca229c17de761be243	
/usr/share/cmake/Modules/CMakeVerifyManifest.cmake	33188	32100b9d88c1cf4c0121720b913c03c43988bfafbdcbadb1dd97bde7cca9de41	
/usr/share/cmake/Modules/CPack.cmake	33188	97ad58eff408e49a95a53bade1a24f6bf6b0da54f198f8708f3d9db93164638e	
/usr/share/cmake/Modules/CPackComponent.cmake	33188	72ae28fe85f252b1c7c464c5a2dcfda5d2645bf07799739f0f91bbc1a2ee51dd	
/usr/share/cmake/Modules/CPackIFW.cmake	33188	105a9779ca2b4e7f9f60e9397a24285c85dae4d2e1b82772c452d619d93a12c7	
/usr/share/cmake/Modules/CPackIFWConfigureFile.cmake	33188	19fcbfa39428313599763cd740b977486dbf588bd72a118d7bcf22f1852f0519	
/usr/share/cmake/Modules/CSharpUtilities.cmake	33188	d4f1571a1b6b070cb07d06a96a7e89c201c235d731231128deab10dda9969435	
/usr/share/cmake/Modules/CTest.cmake	33188	e8e787fef971c1bb47d34a4e56fe823a4fc6c4c176c4d68bf6f300a6fd6febc1	
/usr/share/cmake/Modules/CTestCoverageCollectGCOV.cmake	33188	431d6095e8324ff453913dbfc8337592aaf17b724bd75716edcc030656f12d80	
/usr/share/cmake/Modules/CTestScriptMode.cmake	33188	a03b6131c18f00609c1a6e4b5814f6ebe5e23009954c26ecc2005a0a3b878bd1	
/usr/share/cmake/Modules/CTestTargets.cmake	33188	5afeaf3b53aff8aefce53dd11ee58e47ee036e963b5daa01f944c9480dfbc5ba	
/usr/share/cmake/Modules/CTestUseLaunchers.cmake	33188	62035756c8228e11d1a50be06ee2cafbc48658d2c7528bf62a46ae62b4470838	
/usr/share/cmake/Modules/CXX-DetectStdlib.h	33188	8690da389d2a61d888ec2a7838739ac7d84267967e3cab7cb6ee01e5fe66c430	
/usr/share/cmake/Modules/CheckCCompilerFlag.cmake	33188	d6827eb43462583437ff27be97615e98a50fa2da941664fe1092be3a472f3fb2	
/usr/share/cmake/Modules/CheckCSourceCompiles.cmake	33188	16b130eea5f27a3cac19f58ca052729906f48b274fcac772ea304896c198ef02	
/usr/share/cmake/Modules/CheckCSourceRuns.cmake	33188	a547cfb36c14fee43135b36895aa097494c8c57f409f38f164e7ea1d85d0ced3	
/usr/share/cmake/Modules/CheckCXXCompilerFlag.cmake	33188	4b348f950bb16b032c386d8a6ee6161012041c1844a32894c2a9dcaf4869330a	
/usr/share/cmake/Modules/CheckCXXSourceCompiles.cmake	33188	c01a22b70b231419fa50b9d28d07fe7762809dbcdd2e463b4ec733575e27a019	
/usr/share/cmake/Modules/CheckCXXSourceRuns.cmake	33188	d82f6c5f3d8b7890b6b846411b53afbc7c8582bdc9b5888fdca56736383dc67f	
/usr/share/cmake/Modules/CheckCXXSymbolExists.cmake	33188	e1bc899c2a20e4b510615560b35793718f9c5688b809083bacc9124929c1506a	
/usr/share/cmake/Modules/CheckCompilerFlag.cmake	33188	24898ef2215a85272fa28b044448e1beb95e0ba1c696d991ed0e004bda94791a	
/usr/share/cmake/Modules/CheckForPthreads.c	33188	86bbc23570623d7e8045b0a6211ef273e48704304d75ef1c8c0e13ed9bed9149	
/usr/share/cmake/Modules/CheckFortranCompilerFlag.cmake	33188	d2754bccd4316031f0d9265173ab23b6057d7e2b69c3a9ad9f1083554ff62262	
/usr/share/cmake/Modules/CheckFortranFunctionExists.cmake	33188	bd8167344cb6763f0ac1089e8214de0379b9eccf8dd0ea5da11972f47cc56c14	
/usr/share/cmake/Modules/CheckFortranSourceCompiles.cmake	33188	a2bb82fcec8838a90b213200076ed187fd93134c365164d36f77b9a43a57e719	
/usr/share/cmake/Modules/CheckFortranSourceRuns.cmake	33188	9291d7b2e32a1e46afd5e9ac7f838bf697f6d902527e2aed06ab435902b477e4	
/usr/share/cmake/Modules/CheckFunctionExists.c	33188	e1d14c6c0547274c1531ef7f3472c06b0ba0ec51ce043412c89fa9da40df402d	
/usr/share/cmake/Modules/CheckFunctionExists.cmake	33188	2dd2c64d70f0875880a03a85247090b47eb4340b8561cce44acf8a9a6fffea74	
/usr/share/cmake/Modules/CheckIPOSupported	16877		
/usr/share/cmake/Modules/CheckIPOSupported.cmake	33188	8c6ba83e6055a1231874f447f82691e3dc5631820d7f520a46981a4bcc3abb65	
/usr/share/cmake/Modules/CheckIPOSupported/CMakeLists-C.txt.in	33188	010259470325fc28063930c37d68b1ecff596e0a4f07a133a1acf230029324d3	
/usr/share/cmake/Modules/CheckIPOSupported/CMakeLists-CXX.txt.in	33188	15a565a1426a3fcbd16e4ad4c0c99413769c26f0e3876cfd0f03709bbde04b1a	
/usr/share/cmake/Modules/CheckIPOSupported/CMakeLists-Fortran.txt.in	33188	90ee39dcb297f3714c79608b2ed4ba5af1c4e9efee82ede72f29cd4ed60d810c	
/usr/share/cmake/Modules/CheckIPOSupported/foo.c	33188	d43e992001f472da54c544833396b50422302a2adf448b45a33597a559aab501	
/usr/share/cmake/Modules/CheckIPOSupported/foo.cpp	33188	c8cdf453146d28acee1e4f2172edd9fc0547facd97ba1b9f3c51793543ab2d0f	
/usr/share/cmake/Modules/CheckIPOSupported/foo.f	33188	28450af35b64002d5d458f7dd35603b946b922ce476323d0d2416cfc8aee3744	
/usr/share/cmake/Modules/CheckIPOSupported/main.c	33188	fa8bcfefe6728ac2d0cbef6a73a14925c1c22efa12682249232c03e3f7f5f518	
/usr/share/cmake/Modules/CheckIPOSupported/main.cpp	33188	592bfcd6b6d767218b1d9f0197a0571047c3060ccaf7d45f25191ccd303277b3	
/usr/share/cmake/Modules/CheckIPOSupported/main.f	33188	6b91bdc81caea2d722711958d44526244a15bd6e151b74256b435d6ec768f17e	
/usr/share/cmake/Modules/CheckIncludeFile.c.in	33188	485068754224d5a0bc04a7c9210969637668abe2b84a142f90d899384458b724	
/usr/share/cmake/Modules/CheckIncludeFile.cmake	33188	d027d0cb90071a10e837d3ac85de1c90dc2c5e58f11669b4fd60dbcfa3380ccf	
/usr/share/cmake/Modules/CheckIncludeFile.cxx.in	33188	e9c258c86c3d2cdab70c4b3243290fa8e608f7c3ceedc0229467ba5a1691d2a9	
/usr/share/cmake/Modules/CheckIncludeFileCXX.cmake	33188	daef5a42133cc9d6b74593d88251e6ff39e1d924c6d8d5a2294d5fc74cd5d595	
/usr/share/cmake/Modules/CheckIncludeFiles.cmake	33188	1b3036752865fd162a43b309ba9420b693e46c46cbc038f9e4099edc0a115707	
/usr/share/cmake/Modules/CheckLanguage.cmake	33188	e0cd605f706d95a9d177591d58aa5cb648afcc04acd23df65571588cbc8db987	
/usr/share/cmake/Modules/CheckLibraryExists.cmake	33188	28fc6d8b5405c57cf255e563e3f758e848ae8baf20cbf92a8d004a70be796534	
/usr/share/cmake/Modules/CheckLinkerFlag.cmake	33188	10807ce9d88a5ca3b88946bb40092c0a3b94e25a94e31045f4057c0f5a88e35c	
/usr/share/cmake/Modules/CheckOBJCCompilerFlag.cmake	33188	5e43247696f1a8c4ac97f0b22da3082d15263a991f850f01c1ac7c30b0e4c488	
/usr/share/cmake/Modules/CheckOBJCSourceCompiles.cmake	33188	ffa3448534fe47f9385786bd9e0fda298211bf5ee8c0b973e5c357df093d83ac	
/usr/share/cmake/Modules/CheckOBJCSourceRuns.cmake	33188	788c5a8cbadd6aaba3818420d456f865bb9ea0235c298cf4291a7a7a312e88c5	
/usr/share/cmake/Modules/CheckOBJCXXCompilerFlag.cmake	33188	df4b86584302e87607847f0d8394fe4d649798e9766d081334dc1ca83b9cde68	
/usr/share/cmake/Modules/CheckOBJCXXSourceCompiles.cmake	33188	ca2521b492ccc94822a6e32853026e7ea75fbff78f338ec63dcb21f37ff72862	
/usr/share/cmake/Modules/CheckOBJCXXSourceRuns.cmake	33188	800a8130d6c759ded73e406a8b4dac1c8a83cbe720713ca8132b18a5bb201d8f	
/usr/share/cmake/Modules/CheckPIESupported.cmake	33188	b19eaa11006bc81a61e1ab323c090fbf16cdd36ddd59eefe0091aa08de7a5974	
/usr/share/cmake/Modules/CheckPrototypeDefinition.c.in	33188	9ebefd8410cc69c52e2f5e450a13269307567f0b5a5b5b02694b180dffb30167	
/usr/share/cmake/Modules/CheckPrototypeDefinition.cmake	33188	9c3ef29c55d05db83a7068256033d235390cd1fefeeb2f610a03f44fa4b707cd	
/usr/share/cmake/Modules/CheckSizeOf.cmake	33188	aa0bcccc39fe71a016bda8dd3e4717c777f78e93d46faf7d738a33422ecaa15e	
/usr/share/cmake/Modules/CheckSourceCompiles.cmake	33188	bfe8e9eb79d575fa1633efb7e9fc9aa7c9962e7f7c95f1341e3d9e62b836f00c	
/usr/share/cmake/Modules/CheckSourceRuns.cmake	33188	15c66e5dbaa68e69563d9d5823dd0d03bc6312d2a412ad8f7f70482f46acc8f7	
/usr/share/cmake/Modules/CheckStructHasMember.cmake	33188	8779c6ce3dcfc6b10cc36b88c479df5278fd74b018e8e27abe7d9e5a1d63132b	
/usr/share/cmake/Modules/CheckSymbolExists.cmake	33188	869c20115376c28be2545bfdd47e05be5ab3be865a7877349b6670fd4590302c	
/usr/share/cmake/Modules/CheckTypeSize.c.in	33188	80481fa9b23b2a08611f355cd075fbd60f0959e2e76f0a5f5302d1f1cba5db8c	
/usr/share/cmake/Modules/CheckTypeSize.cmake	33188	9c2203c32b5aea685ec4662b4a8b3f277f4260f22c990c7190902d1201c364c8	
/usr/share/cmake/Modules/CheckTypeSizeMap.cmake.in	33188	2551be1cc4b4ebbf41c49f2d07b7d14ec04bf730128f64094e306e2594a4ea22	
/usr/share/cmake/Modules/CheckVariableExists.c	33188	e1657e27e522ed9998980ab8b00d81acded1d4922b7196cbad53ede7f422aabe	
/usr/share/cmake/Modules/CheckVariableExists.cmake	33188	76f66a6c166586ec202f3d7795e55c8474815466a02d5f5e6c80b469afa3bfd3	
/usr/share/cmake/Modules/Compiler	16877		
/usr/share/cmake/Modules/Compiler/ADSP-ASM.cmake	33188	7d4b9531fab62d0b7deb4331cf124cd83c6dc73ad9c353a1583f516de54b3ff6	
/usr/share/cmake/Modules/Compiler/ADSP-C.cmake	33188	aa510fdb6f9fe6276509658a68bb859f1a9a1d4e79942a02bacb9982120bdd4c	
/usr/share/cmake/Modules/Compiler/ADSP-CXX.cmake	33188	08c328b5b222a35593130549c666d147d43e0991da6f6639b99255b767beb054	
/usr/share/cmake/Modules/Compiler/ADSP-DetermineCompiler.cmake	33188	3a83e2929cd66ec80b57e5af63701caf268bc72e9bd6fb1d5e27993ab7abf8f1	
/usr/share/cmake/Modules/Compiler/ADSP.cmake	33188	9251ee1f83c6f579113f898b9544963632bbe62ca6385c8e2f020d9b473ac761	
/usr/share/cmake/Modules/Compiler/ARMCC-ASM.cmake	33188	3e4357fb7369c934ad1457ae24646782277ed6ca914035e6a84dd1bf0e6cc7db	
/usr/share/cmake/Modules/Compiler/ARMCC-C.cmake	33188	1462ff9fb93f126120ccb972c3970c58a5ae47665ffd4125257c54acf6bc14b0	
/usr/share/cmake/Modules/Compiler/ARMCC-CXX.cmake	33188	4fd8defa2b91dc39d62cf4453c0bfc0fda0955c4934f905e643dec654b621fd0	
/usr/share/cmake/Modules/Compiler/ARMCC-DetermineCompiler.cmake	33188	170e68c9d6932c7287c27e7fbf77e4b7219f6b8c395b2f0b1223b672c5b2c568	
/usr/share/cmake/Modules/Compiler/ARMCC.cmake	33188	4f0270b07568829f7c9ef3b2e8a2d9293d49355a26e9e18143cda47d54e0deb2	
/usr/share/cmake/Modules/Compiler/ARMClang-ASM.cmake	33188	de8705231e9ce89c2fadc37fbfc7f5bafd330dfd6dd0943f1cfa58ce64e22b76	
/usr/share/cmake/Modules/Compiler/ARMClang-C-FeatureTests.cmake	33188	1234517cf03a85c24d2ee94c91f6288d182183e10e14eabcdb68d7f9c65dd020	
/usr/share/cmake/Modules/Compiler/ARMClang-C.cmake	33188	2e40a8b4090b506c24cec0298bc0b5bf1f3803ac47cd81f441999974a86035c8	
/usr/share/cmake/Modules/Compiler/ARMClang-CXX-FeatureTests.cmake	33188	dd00631146a57cb8c7369692d9f152ba392e893a84a015eb62b10dc270867d14	
/usr/share/cmake/Modules/Compiler/ARMClang-CXX.cmake	33188	9c63585038b2c0d07d9e914d49ba70b27b8d660c4acc60ca21a06b18b5258e03	
/usr/share/cmake/Modules/Compiler/ARMClang-DetermineCompiler.cmake	33188	6d0786b255446546870e4aab0ffba84796b506e50c201df0621d943ceb1f8aab	
/usr/share/cmake/Modules/Compiler/ARMClang.cmake	33188	61820d8e33e8bcf766ec52af383da262b35a46fc630bacd81dc35ca9a7f6f198	
/usr/share/cmake/Modules/Compiler/Absoft-Fortran.cmake	33188	682563aa16a6bd002fbff9d3fd39fab3c51fddc78fa8956d9a09b57dc4b97bc7	
/usr/share/cmake/Modules/Compiler/AppleClang-ASM.cmake	33188	7aa3065a9f9c81c9d125dd5fa7a60da4e11f7af822c6a7afbdefdcede91fc426	
/usr/share/cmake/Modules/Compiler/AppleClang-C-FeatureTests.cmake	33188	0a1748edec8d3b517da1bf90cfbaad33a6c8b427801a8849121be49b9daea8ec	
/usr/share/cmake/Modules/Compiler/AppleClang-C.cmake	33188	9729eda3548e811025a03a59543454f0a91d22eef242fa4a3e0de57d2ab08e4b	
/usr/share/cmake/Modules/Compiler/AppleClang-CXX-FeatureTests.cmake	33188	6c3ca9cdae859c5e495cf5ef69c3068e899471bc6cf154abffc68bbf66b90d7a	
/usr/share/cmake/Modules/Compiler/AppleClang-CXX.cmake	33188	30d4d694430bddff4f2fa23f6f5c2905c268fb8fc3e3623da82856dd55648d7c	
/usr/share/cmake/Modules/Compiler/AppleClang-DetermineCompiler.cmake	33188	12c2f516b23659ab0d8e6624f5e64e5995f57116137b18fea2d82d41b762c6b8	
/usr/share/cmake/Modules/Compiler/AppleClang-OBJC.cmake	33188	dc0a15f6bcbdb3a64ea6232fd8ff08d731e200a4311920e970c00489498d070b	
/usr/share/cmake/Modules/Compiler/AppleClang-OBJCXX.cmake	33188	aa8de82152d6fce1906ac37a24426770fca5a868b975c0f0772953ee523ec6de	
/usr/share/cmake/Modules/Compiler/Borland-DetermineCompiler.cmake	33188	3549196d22c963f160b076f8079d484fb51f1a3db53095f62f63de3391d48b6e	
/usr/share/cmake/Modules/Compiler/Bruce-C-DetermineCompiler.cmake	33188	2574246c53e79f71d7582e9ff79e2dbe7ec3f8bceb61acbdccd366ada6618887	
/usr/share/cmake/Modules/Compiler/Bruce-C.cmake	33188	cbccc58f671b61aa4ddcf9631b8b5b104a6956b1b95948f4d394004acddad071	
/usr/share/cmake/Modules/Compiler/CCur-Fortran.cmake	33188	b7c7f46bb8e8124e0ac0aed57c51f231dde647443978dfa9cfe2e6755226740c	
/usr/share/cmake/Modules/Compiler/CMakeCommonCompilerMacros.cmake	33188	f297ddd5349c8e96a651b89598e39092955b09d6328c0fcc2041342989eefe09	
/usr/share/cmake/Modules/Compiler/Clang-ASM.cmake	33188	86d3957b4dd3badac6ae11a153b115b2e08184c15245f3dc294c6230b17a4ac4	
/usr/share/cmake/Modules/Compiler/Clang-C-FeatureTests.cmake	33188	caa8d0ba0de37bd8cffc28b1cd65294c8e47a349462fd0bd70965694af5b1119	
/usr/share/cmake/Modules/Compiler/Clang-C.cmake	33188	d815e0aac147f774cb3d4e349082a7cc621c7d7b03808c0e6ae5ad6e9bfbc6d4	
/usr/share/cmake/Modules/Compiler/Clang-CUDA.cmake	33188	17d6561d90e1e8a1069bbb6d6ec304239ac449c4e7a851b27ea5af805ba561d0	
/usr/share/cmake/Modules/Compiler/Clang-CXX-CXXImportStd.cmake	33188	17e03cffc56e7c5962052289907b82ee5a754ea4ab103b62b34ce22c5739402a	
/usr/share/cmake/Modules/Compiler/Clang-CXX-FeatureTests.cmake	33188	14c6770adf256f8fd6e2844aa0741bfb93a33dd4d753ba570587bc4aba1e8ac5	
/usr/share/cmake/Modules/Compiler/Clang-CXX-TestableFeatures.cmake	33188	a9160f7edc6c7a0266d1512a621d8a67836e58ce1c63d991d7dfa054537a364f	
/usr/share/cmake/Modules/Compiler/Clang-CXX.cmake	33188	7d5ee9bae322c7be2bfe9aa486c408eb78cee723107d4e8965d2e0e8ce3de38f	
/usr/share/cmake/Modules/Compiler/Clang-DetermineCompiler.cmake	33188	9c246617fb086c4ede131ccf4aec2c029683f2d3ff1c5c32ff045b6f409d1cd6	
/usr/share/cmake/Modules/Compiler/Clang-DetermineCompilerInternal.cmake	33188	b56db5d774d273d696df8302ce3cd3421047190188de796faa3ba7bb24f31af9	
/usr/share/cmake/Modules/Compiler/Clang-FindBinUtils.cmake	33188	ceed0dfdd11aa7816bafce4759d2aa9eb9a6ac2c02f7ad9dad2b7e4642723fc0	
/usr/share/cmake/Modules/Compiler/Clang-HIP.cmake	33188	a6bfe1944cad4f4b2231bb81d3c4fe49425818eca14dd9a4d61a2afe8bfad019	
/usr/share/cmake/Modules/Compiler/Clang-OBJC.cmake	33188	d553114c44f9aaaefb888276c2dc322bfecfadcba9cc1185a0da1f29b990565a	
/usr/share/cmake/Modules/Compiler/Clang-OBJCXX.cmake	33188	0095a05508546e1a0405b8d3018e1f2dbeb01b28cef2eef91836f811b78d2db3	
/usr/share/cmake/Modules/Compiler/Clang.cmake	33188	3862779a479a045e889ae2a01cca1be89c31d20ef350f58fee7fb962e9bc5f16	
/usr/share/cmake/Modules/Compiler/Compaq-C-DetermineCompiler.cmake	33188	863ac7e7253606ebca32f45b5f87347be660b2ad303fb241c462b3a0494a051f	
/usr/share/cmake/Modules/Compiler/Compaq-CXX-DetermineCompiler.cmake	33188	d9357d0264fcdce405f633901f6d7a394433d8b75a6b053bc1ba294b0933919e	
/usr/share/cmake/Modules/Compiler/Cray-C.cmake	33188	ff3a99c319cef2b7211dc250451ca256372b06fbdda0796975a7d299457ff0f6	
/usr/share/cmake/Modules/Compiler/Cray-CXX.cmake	33188	976537b76b3c97eac66352f5f66cc2f8f26185b2a38c7f62b81271b9b631b16d	
/usr/share/cmake/Modules/Compiler/Cray-DetermineCompiler.cmake	33188	4f5900fb5ab3d540b1353ac5ead8aabb9eef8a02eafeb728e41983c78bd42553	
/usr/share/cmake/Modules/Compiler/Cray-Fortran.cmake	33188	e7723640fa761b93696a9962460b8230c6ea56783f8d6aaa25e58ae72ee9b775	
/usr/share/cmake/Modules/Compiler/Cray.cmake	33188	ebce6397d1da5dab4f4f72136ec84ba179b83b6e747dce88ca81833d3bfa0150	
/usr/share/cmake/Modules/Compiler/CrayClang-C.cmake	33188	13af19f3be19af3fa68a3888d6425f66f3a9d8d7cfa01bbfaa74dfc0e2a03365	
/usr/share/cmake/Modules/Compiler/CrayClang-CXX.cmake	33188	ccdef3779becc74a1e024a32ee13c1fa394a47d771048c5868fcb3a718ebd927	
/usr/share/cmake/Modules/Compiler/CrayClang-DetermineCompiler.cmake	33188	0ad9278048546643a9733363104f262eb3c5c78d579e2cff13b5661abf7573e0	
/usr/share/cmake/Modules/Compiler/CrayClang.cmake	33188	cbb69455b8c154683823e4215c5d576fed483350b25f06993165c1361159ba18	
/usr/share/cmake/Modules/Compiler/CrayPrgEnv-C.cmake	33188	43c90835202fd11088c31f141f0b6bb388457e8d5889a7eaed3bc7882e17de9a	
/usr/share/cmake/Modules/Compiler/CrayPrgEnv-CXX.cmake	33188	dd85ed931896dbabab6981c526307fd14c89209fc66ccbf5f306bd44d60c9cfc	
/usr/share/cmake/Modules/Compiler/CrayPrgEnv-Fortran.cmake	33188	b0aa6415a035a2d64a18c7cbca047b53598811b2da25621ca644cd61f219b5cb	
/usr/share/cmake/Modules/Compiler/CrayPrgEnv.cmake	33188	d91552bfd598a9727e0f829d0bd6901bce64e1e1b7bf37fcbeeb7d4ef7e88f28	
/usr/share/cmake/Modules/Compiler/Embarcadero-DetermineCompiler.cmake	33188	95dba41c6d8ad9b23ca5b0e82e40c18c4585e3c6ce4aac89f527b6f91f934610	
/usr/share/cmake/Modules/Compiler/Flang-FindBinUtils.cmake	33188	bb0c56e3c544eafdad88582201ee8e914100a1b48caaa1a5c17ab9fe860a975c	
/usr/share/cmake/Modules/Compiler/Flang-Fortran.cmake	33188	2ef079d3cd0dee3d8988259f2840a3b36d609652580a43ceac3ce7b851cfdb99	
/usr/share/cmake/Modules/Compiler/Fujitsu-C.cmake	33188	2f3cb1cddc0be857fc06db6ce51be05ef4044a5ab7bd06cace3936e42525f752	
/usr/share/cmake/Modules/Compiler/Fujitsu-CXX.cmake	33188	99ce84c8cc42776356a051f6734f04f70eda700ef13c3b27ecc0127811af9fb6	
/usr/share/cmake/Modules/Compiler/Fujitsu-DetermineCompiler.cmake	33188	3f126cceb88ba33522b35ad421bb3db9f318f17fa1ca33f8446f4b4f38435cab	
/usr/share/cmake/Modules/Compiler/Fujitsu-Fortran.cmake	33188	4cb5271b55987c37897685ad5320fb2b0e7e17c0df6577089213254b77045640	
/usr/share/cmake/Modules/Compiler/Fujitsu.cmake	33188	146180280af3fff597dc1e06f0b7bd04152aa019de8b61ccc963a7706c32faab	
/usr/share/cmake/Modules/Compiler/FujitsuClang-C.cmake	33188	c4ea427c6d2be9099b9b222a77be06b599e08204d4a25e4258430ecceef18a70	
/usr/share/cmake/Modules/Compiler/FujitsuClang-CXX.cmake	33188	9bbdfa32e5766ea3d0496bc9f3a9a703993b72676c7e974faad418b0906379b3	
/usr/share/cmake/Modules/Compiler/FujitsuClang-DetermineCompiler.cmake	33188	d277a602aa98283fcd587ac0d57d1fcb78ca2d0c7a0178940c7833b758687135	
/usr/share/cmake/Modules/Compiler/FujitsuClang-FindBinUtils.cmake	33188	dcf68548006181a5c9d6724c072b8fdfe159031ac2d1e22e848c9c33aa39be2e	
/usr/share/cmake/Modules/Compiler/FujitsuClang.cmake	33188	4812da8326c79e8e9579f9f5f5db3f6f057e6fe1e62bff4dbe56df75f15cb449	
/usr/share/cmake/Modules/Compiler/G95-Fortran.cmake	33188	dc1677df3c314536202d736ff6a2431fc72bc4bf10542197de4994f6984ec1e8	
/usr/share/cmake/Modules/Compiler/GHS-C.cmake	33188	5a8ca087b547249938dcf0a865b29edfc1a8f3d9759bd2c60fef88361735080e	
/usr/share/cmake/Modules/Compiler/GHS-CXX.cmake	33188	690ae5119f085f77721c19a989611a3cdb15e613edd1ad37f1cf632dd16af236	
/usr/share/cmake/Modules/Compiler/GHS-DetermineCompiler.cmake	33188	18f8b5082121fc69005ea2f324111faa6bbe7625a432969fb77c90643f067045	
/usr/share/cmake/Modules/Compiler/GHS.cmake	33188	a19f7261980f0112113c2043def2e5280a87b2e6977498c034832d3158a22ac4	
/usr/share/cmake/Modules/Compiler/GNU-ASM.cmake	33188	eefdf30b299356850eb4f0464595c906c5c45828e85fed25c2a9b92b6169fec1	
/usr/share/cmake/Modules/Compiler/GNU-C-DetermineCompiler.cmake	33188	b0103d56bd2ab3ae3fa34059d50dc3f74d639d6e894fc359f2c52a04ba7617ca	
/usr/share/cmake/Modules/Compiler/GNU-C-FeatureTests.cmake	33188	1d15bbabab7b111269ce50570749cd061e1668b404584b1e49b9711c5e1209cd	
/usr/share/cmake/Modules/Compiler/GNU-C.cmake	33188	3da01a1fb1e209d49f20b0d4b764df083bdd5b28748bf8ba8fc9440afa71fe14	
/usr/share/cmake/Modules/Compiler/GNU-CXX-DetermineCompiler.cmake	33188	54d43a0091f7c59982cca2279d55d50abc2f79211e1e7959e217cf292126f8d1	
/usr/share/cmake/Modules/Compiler/GNU-CXX-FeatureTests.cmake	33188	3eb84a84f3057415a1444a106dac375fd2d00863274c5ade56231967494b7bd4	
/usr/share/cmake/Modules/Compiler/GNU-CXX.cmake	33188	a993f6489b34aeefdf4edca6f2e2d142d221c5b8948159ab578859a573eaefb6	
/usr/share/cmake/Modules/Compiler/GNU-FindBinUtils.cmake	33188	546a9587157fc8ad40c000580658f942d137049e69491d6d89e8567b36518ee2	
/usr/share/cmake/Modules/Compiler/GNU-Fortran.cmake	33188	14a16c0d32d83ffee6c3488402c7029564bea95223f0305f426cc04b96763538	
/usr/share/cmake/Modules/Compiler/GNU-OBJC.cmake	33188	539f457fbe0dfc4d8f3d763f00cfca62ca63125c042f758d1612e8ef4984db8c	
/usr/share/cmake/Modules/Compiler/GNU-OBJCXX.cmake	33188	bbf55c65f93cbd88b80aca0826541f6dde4fabac0e485cbde9448a15684a3024	
/usr/share/cmake/Modules/Compiler/GNU.cmake	33188	424b850afad107c7d2c1142f13538b12eeb1f13b819b79b54fa54b9590c36583	
/usr/share/cmake/Modules/Compiler/HP-ASM.cmake	33188	dbdd122bcf46392d6566e85fb1381dfcd7483bdbc453963e7ff0176b51e1ecd9	
/usr/share/cmake/Modules/Compiler/HP-C-DetermineCompiler.cmake	33188	926b28ec5b4ed6c2cc460880512fa3c637c184a843beb72134270acd5089604f	
/usr/share/cmake/Modules/Compiler/HP-C.cmake	33188	3d06aea77c25c9f0d49b70ebe49f38c5bee11cdad5e6e2d1729395bc280c50df	
/usr/share/cmake/Modules/Compiler/HP-CXX-DetermineCompiler.cmake	33188	ebfea569e700dc57186bda61301013a688b454f8a506f046b936b21ce0fcac13	
/usr/share/cmake/Modules/Compiler/HP-CXX.cmake	33188	3577570b79f03b8147d8035100fe5daac69fa5c3f88cdf1c9f88547ff904dce7	
/usr/share/cmake/Modules/Compiler/HP-Fortran.cmake	33188	e1713751486a86f67d2ec5ec620f4354a33957136f1dcc70fd6c1361c5e881e9	
/usr/share/cmake/Modules/Compiler/IAR-ASM.cmake	33188	a0488945eff070d4e92b7b85705e64efb4adabfbd58ad088301b5d2834f6223d	
/usr/share/cmake/Modules/Compiler/IAR-C.cmake	33188	2e0c6cc5ee15c0424f1f268f41de4bca0a01b6f23fbb5d602ec06952cbf832a9	
/usr/share/cmake/Modules/Compiler/IAR-CXX.cmake	33188	52d18a072ce752d746bc59b81330dd0416a5a90de52a5d1b049f4d68f2e832b6	
/usr/share/cmake/Modules/Compiler/IAR-DetermineCompiler.cmake	33188	2a94c334b3b905fa6e84f4b913579c7a1ad9be7169e0d42bb0c5b6b4995d2760	
/usr/share/cmake/Modules/Compiler/IAR.cmake	33188	a3b920386c65bc7458dcb8a83861dc9f23e53958b6f044046d2de27fc4f14310	
/usr/share/cmake/Modules/Compiler/IBMCPP-C-DetermineVersionInternal.cmake	33188	61b7e77a33221dc1a96e38e78d94d1e721e596a6ea4562e5f73bf5488a55be3e	
/usr/share/cmake/Modules/Compiler/IBMCPP-CXX-DetermineVersionInternal.cmake	33188	0896f06b4194a25556a443f1014f12c909f978fb7dc7529c496db4252b9cb984	
/usr/share/cmake/Modules/Compiler/IBMClang-ASM.cmake	33188	79f55c97eb9ec281d4bb571372173c14a1d50c722af417ca7895daef35bb08a0	
/usr/share/cmake/Modules/Compiler/IBMClang-C-DetermineCompiler.cmake	33188	5b7f46b1180c16ad775927b5b555cd0b354b4bcc73f4759a9977516e1ef6a8cb	
/usr/share/cmake/Modules/Compiler/IBMClang-C.cmake	33188	a7f1595692d9babafe9486fc719fad32b5d91cdb04d8dca5e819afaa4eb691e2	
/usr/share/cmake/Modules/Compiler/IBMClang-CXX-DetermineCompiler.cmake	33188	5b7f46b1180c16ad775927b5b555cd0b354b4bcc73f4759a9977516e1ef6a8cb	
/usr/share/cmake/Modules/Compiler/IBMClang-CXX.cmake	33188	bf88fdbf7da9fe362d4970a422e37d941e40445d40307fc685bd260a525570a7	
/usr/share/cmake/Modules/Compiler/IBMClang.cmake	33188	1054390a93bb5f0a870268ec10c66b0c2de4d4091afee4e0f6ddbca346ba08c3	
/usr/share/cmake/Modules/Compiler/Intel-ASM.cmake	33188	2d6af0a9ea208aeb6e579016c493d8807dcc8f7e4eb199f42f41902f1189b41b	
/usr/share/cmake/Modules/Compiler/Intel-C-FeatureTests.cmake	33188	08995257b32c97c11f732e0aaeef8a120439c4309bc2674e040fd61771b69660	
/usr/share/cmake/Modules/Compiler/Intel-C.cmake	33188	13fc3f477d1a74be82af5051552bcd56bcdc39b0ef8d4b90204cb3d9bb6683c7	
/usr/share/cmake/Modules/Compiler/Intel-CXX-FeatureTests.cmake	33188	61acc8dc48283c19c5d1758d5563900ae3957e903adef03507ee54934295b16d	
/usr/share/cmake/Modules/Compiler/Intel-CXX.cmake	33188	8b863c9aa58ee1aa22c95875dcd026bd4e3a7b8419488f34d653b0b55405dc28	
/usr/share/cmake/Modules/Compiler/Intel-DetermineCompiler.cmake	33188	ce575bb9d12659038600410754c8429a0296d832d788e0d19fb8843fc83b8217	
/usr/share/cmake/Modules/Compiler/Intel-Fortran.cmake	33188	83387b050c7b7da7a0a466de278e0c6e74db11df37f2831210992f208bd8b266	
/usr/share/cmake/Modules/Compiler/Intel-ISPC.cmake	33188	e51a480907c37f18b91255971c38defa48eeaa4241311a2bfae7cf8578a0024e	
/usr/share/cmake/Modules/Compiler/Intel.cmake	33188	21ec0530158ca456f65001e532c72279caaf0fe17a70f69329468068c1d3e88b	
/usr/share/cmake/Modules/Compiler/IntelLLVM-ASM.cmake	33188	24991a799d0d7ff6364d28ec30a8cd53d1a28adbac145fb40317487cce7c1c56	
/usr/share/cmake/Modules/Compiler/IntelLLVM-C.cmake	33188	1152f7c2b503f6e863d7cf1defcd3512d41a21807efd5c92dd4ba3fdc5cf1f04	
/usr/share/cmake/Modules/Compiler/IntelLLVM-CXX.cmake	33188	5dd4baaa93f8bf37738374ac59878a785f8391058c85ac958f64efb552bb6f89	
/usr/share/cmake/Modules/Compiler/IntelLLVM-DetermineCompiler.cmake	33188	6fee15705bf16dc7f57b806d9e763033d5b4d249ae37e4b926e4591eb04988fb	
/usr/share/cmake/Modules/Compiler/IntelLLVM-FindBinUtils.cmake	33188	90fa32ef8c8644d2a2f60f66c9c347f35685378316855f7b9eca83ede5629a24	
/usr/share/cmake/Modules/Compiler/IntelLLVM-Fortran.cmake	33188	615a89f45a760f9b3ad0e4e24824ac6a3108ac95dc60b7fda80390c4f5f83eb1	
/usr/share/cmake/Modules/Compiler/IntelLLVM.cmake	33188	7860b74216d4a732e2951ba0227064257669b97ace6c9bb45d9dfd95550c6d49	
/usr/share/cmake/Modules/Compiler/LCC-C-DetermineCompiler.cmake	33188	afca3caa45fdc1947f26bc181c3e28e083f0bd46a8a9c88e66c5f35f6d3f0bda	
/usr/share/cmake/Modules/Compiler/LCC-C-FeatureTests.cmake	33188	1d15bbabab7b111269ce50570749cd061e1668b404584b1e49b9711c5e1209cd	
/usr/share/cmake/Modules/Compiler/LCC-C.cmake	33188	00b6597e23161f93b7f6370bde9d2d064dc6bc719995ba4014fcf1cc92031291	
/usr/share/cmake/Modules/Compiler/LCC-CXX-DetermineCompiler.cmake	33188	afca3caa45fdc1947f26bc181c3e28e083f0bd46a8a9c88e66c5f35f6d3f0bda	
/usr/share/cmake/Modules/Compiler/LCC-CXX-FeatureTests.cmake	33188	3eb84a84f3057415a1444a106dac375fd2d00863274c5ade56231967494b7bd4	
/usr/share/cmake/Modules/Compiler/LCC-CXX.cmake	33188	57169e585b633ecf6f2bffcdf363e821952a6fd1fa815c126b4d9e076c3f8927	
/usr/share/cmake/Modules/Compiler/LCC-FindBinUtils.cmake	33188	92113bf2a3364b5a2268d8da46ce2f253466f15f56449ecfdaf59dd15b508fa2	
/usr/share/cmake/Modules/Compiler/LCC-Fortran.cmake	33188	b0bbb79d1bc6b66e03c83f2f553bcfdb61167aceb99c9d5ce7907a704eaabd11	
/usr/share/cmake/Modules/Compiler/LCC.cmake	33188	ffa47731369a67a7e359ce2c4be920c135e133f52d0e8b23c0e80bb50081ae1c	
/usr/share/cmake/Modules/Compiler/LFortran-Fortran.cmake	33188	01470a83951406efcaa23d390af3cdf785a0f281710469708b2897cdb560d738	
/usr/share/cmake/Modules/Compiler/LLVMFlang-Fortran.cmake	33188	3a784fa41fdfbeaee0526a7b7c4908f4cc28ff8829936f1bb0a53dd86984be11	
/usr/share/cmake/Modules/Compiler/MSVC-ASM.cmake	33188	d398fbaf7cb0a9470afaa72a4d34fef687d996ee12dfa738487711d574c58729	
/usr/share/cmake/Modules/Compiler/MSVC-C-FeatureTests.cmake	33188	e9b68ae7b62b1ff1a61f0f967d16431a9eeb5b46c926e0603789f0dfda2ebc23	
/usr/share/cmake/Modules/Compiler/MSVC-C.cmake	33188	78fd337212b43e9b3522dbf145208207bb170d570bbe9fd3b2fda1595f332558	
/usr/share/cmake/Modules/Compiler/MSVC-CXX-CXXImportStd.cmake	33188	a3b2931decd287f48ae5c395208bf0f6956dd397697ab130c986df81bdd1d2f2	
/usr/share/cmake/Modules/Compiler/MSVC-CXX-FeatureTests.cmake	33188	dbb5e3e8b858b1ba6e818611f053fb9d8eb723ecf2900f5d4ffe0555b498e3b7	
/usr/share/cmake/Modules/Compiler/MSVC-CXX.cmake	33188	482a9517f3747a1f20f2e6d8ec6304b4aff5653e5e6b867554b4e7095d9a1785	
/usr/share/cmake/Modules/Compiler/MSVC-DetermineCompiler.cmake	33188	b272204b9d05e848bf5c023d805281ae8edba81b3f5e0345f180133c5a2b18f6	
/usr/share/cmake/Modules/Compiler/MSVC.cmake	33188	45f6c53ba6e702ab387fdf0f02db99caf5ea45c43d816e30d3d583608b825b7f	
/usr/share/cmake/Modules/Compiler/NAG-Fortran.cmake	33188	9568867740cdac7fe0521b0ce4e7ba4ee7e39870f55892820fc0a07178420896	
/usr/share/cmake/Modules/Compiler/NVHPC-C.cmake	33188	7330a5615348ec30f26bf598e66efc528759674d13ac4294c02cbea029929449	
/usr/share/cmake/Modules/Compiler/NVHPC-CXX.cmake	33188	f0873aadbbed63e73676b644121aa60e14fa394228c9502ace10f6a3c0361a58	
/usr/share/cmake/Modules/Compiler/NVHPC-DetermineCompiler.cmake	33188	60caf9dc1f1c1d3d74b40a68a543b5ba8641ad46f1f147236147e731d8459afe	
/usr/share/cmake/Modules/Compiler/NVHPC-Fortran.cmake	33188	d32428ba4cce2c95d0ec9066d491e2d0c7553a4d74e2fe1271e43ca997255d25	
/usr/share/cmake/Modules/Compiler/NVHPC.cmake	33188	0f038c3ecb3177cab5ecad1c2a6b0c58e89c237afd928a2557494efdf95727d2	
/usr/share/cmake/Modules/Compiler/NVIDIA-CUDA.cmake	33188	8aa3061a1f7159b6ec5565324f7df85725102daab9043107ffb398609f8101f2	
/usr/share/cmake/Modules/Compiler/NVIDIA-DetermineCompiler.cmake	33188	08788973c752e4f8ddda31c63dbd38383fefd4eb1d1cc142118622406954405c	
/usr/share/cmake/Modules/Compiler/NVIDIA-HIP.cmake	33188	6c6a43e740d8a5ed740f2eacb7fd8e67e97a8167c6b0d4e11f7723791cc8c560	
/usr/share/cmake/Modules/Compiler/NVIDIA.cmake	33188	4959fa3b290fe9ed377811280294be343dd9334dd546ae986498533fa5231654	
/usr/share/cmake/Modules/Compiler/OpenWatcom-C.cmake	33188	7e124e44ba3da1c1690e1595008c506c376443bf1b9d20c7a8232583b35302ed	
/usr/share/cmake/Modules/Compiler/OpenWatcom-CXX.cmake	33188	7e124e44ba3da1c1690e1595008c506c376443bf1b9d20c7a8232583b35302ed	
/usr/share/cmake/Modules/Compiler/OpenWatcom-DetermineCompiler.cmake	33188	0afef594e2059e454b38969469116e41f61b474c3a372391cb9cd65fc0f2ef36	
/usr/share/cmake/Modules/Compiler/OpenWatcom.cmake	33188	bfd861af4169cc8e992a1f12f6d7934e33b25c39a266c4466c9fc034745d3446	
/usr/share/cmake/Modules/Compiler/OrangeC-ASM.cmake	33188	7305c9cda7e0e352615b08f80ac002474dd86002bd514ab86550ac6340d28e01	
/usr/share/cmake/Modules/Compiler/OrangeC-C.cmake	33188	c9fdc743c1cf40dea9c519a52eb1de46aa2a3c8dd2762eb6815699f5c521cac3	
/usr/share/cmake/Modules/Compiler/OrangeC-CXX.cmake	33188	999aad8f143d67fc93d2645e09757bb15d07320227379e7896960c6026541e3b	
/usr/share/cmake/Modules/Compiler/OrangeC-DetermineCompiler.cmake	33188	57752dfe4fec6efd9274f90884f2da25248149d2d0fcf73ead519c98370eeb99	
/usr/share/cmake/Modules/Compiler/OrangeC.cmake	33188	7de0c434b8c66d149b897f62e7821c99c6b00901a0d535a478a3ff97e7f96df9	
/usr/share/cmake/Modules/Compiler/PGI-C.cmake	33188	7872ba523331daa42dbc34416bfa4b0422242fab320e483dd69d58ec8025cc3d	
/usr/share/cmake/Modules/Compiler/PGI-CXX.cmake	33188	156aabd019b616a5ac109ab26150ea2bdf70066a7d5606228ab8e024342e5827	
/usr/share/cmake/Modules/Compiler/PGI-DetermineCompiler.cmake	33188	4d77f5a358f48f1c5d14750723b35dc4f4635d9dffe9aeaaba164841a6e475af	
/usr/share/cmake/Modules/Compiler/PGI-Fortran.cmake	33188	9094457d5f03d06ce3099150fdd4bdf3afd833a69625ffeecbd14a02363ef70f	
/usr/share/cmake/Modules/Compiler/PGI.cmake	33188	198cbb88ebf0caf6dfcf14bf10eca1bc0db4d04e21a9dcb5d592938868e5b13b	
/usr/share/cmake/Modules/Compiler/PathScale-C.cmake	33188	9f11bd29c6e6f42b089c8416f197910717dcd9620bf523416c1104c004385005	
/usr/share/cmake/Modules/Compiler/PathScale-CXX.cmake	33188	e88f5bdd4ece0adf81c131abc1c2dd0ef29b58ebefb05594db7828723a66e001	
/usr/share/cmake/Modules/Compiler/PathScale-DetermineCompiler.cmake	33188	c0b5eda8f936c17ccc11dbf39b3e5958ac1d8ddb4d455a2ad47d89478dda7637	
/usr/share/cmake/Modules/Compiler/PathScale-Fortran.cmake	33188	cfea951304f8b312468d937702d5a04475a2ead6e809fb4f2cb1b960536d1cb5	
/usr/share/cmake/Modules/Compiler/PathScale.cmake	33188	f4b45a2d2f03e95ccd29942b87adc5cc54ea135d2d59c955f25567095a33bd9e	
/usr/share/cmake/Modules/Compiler/QCC-ASM.cmake	33188	4087799249acbe1d08b1e6bccd5666ea182a2dee76071c77e311ae231f629fc1	
/usr/share/cmake/Modules/Compiler/QCC-C-FeatureTests.cmake	33188	51433454593032da3b7ed17e5e1028aec750a6655d82107c6ba055956cf33248	
/usr/share/cmake/Modules/Compiler/QCC-C.cmake	33188	458c12d48694b5041868c0be8d72d3be91238ac8eaa835d35a3cd2f22ee311dd	
/usr/share/cmake/Modules/Compiler/QCC-CXX-FeatureTests.cmake	33188	5acf26a5248a18730426fb1b6f3a30bed613b9a074e3b7924e8086385a17a8e9	
/usr/share/cmake/Modules/Compiler/QCC-CXX.cmake	33188	a72e342ff55e3a8c2c9eb96a66fff4eff3ecc34dac70104733a72b0a48044e64	
/usr/share/cmake/Modules/Compiler/QCC.cmake	33188	b3e3966ad84646dcce8d3f5e163aea04828b07aa0ab070e9f8b300ac3e1dea33	
/usr/share/cmake/Modules/Compiler/SCO-C.cmake	33188	92f94b9efd649487638ab6f42771884c5597df4dd474ee09c2c09ae3a59b5e60	
/usr/share/cmake/Modules/Compiler/SCO-CXX.cmake	33188	dd684f943ca161de722522ec8b2c7411d0c22962e1da30e4f098268b845f3b49	
/usr/share/cmake/Modules/Compiler/SCO-DetermineCompiler.cmake	33188	b3ca14336760eee849c325f5466edc15555d0883b0d58c2a3d107fcbce623e89	
/usr/share/cmake/Modules/Compiler/SCO.cmake	33188	e70f186f1fd125674ca2757cbb7eeb17522a613fcb15a58c962770243855867e	
/usr/share/cmake/Modules/Compiler/SDCC-C-DetermineCompiler.cmake	33188	09c9b87a63f0f6495b06412a0b9ece0b5689abe9c24c03efb966475058e23a78	
/usr/share/cmake/Modules/Compiler/SunPro-ASM.cmake	33188	47d309e6170762c5bd1934dc7cdca239551e1b2af1c0f4b6d32e7e6d43d4b2d9	
/usr/share/cmake/Modules/Compiler/SunPro-C-DetermineCompiler.cmake	33188	53dfb09317ad18380d167259bb0f64fca5b00894f83c5ce016befeb55018adfb	
/usr/share/cmake/Modules/Compiler/SunPro-C-FeatureTests.cmake	33188	af4d2a1100aea3d289ef99813362a92c2478fb9943433950e6c8025495c358da	
/usr/share/cmake/Modules/Compiler/SunPro-C.cmake	33188	27d80dc21fda754c61883bfdc5cf65cee9db2e43e00e9a77383f949213338646	
/usr/share/cmake/Modules/Compiler/SunPro-CXX-DetermineCompiler.cmake	33188	8df00029d30c709a62f95f2a6a57de909708902d3860c083b90239611c77764b	
/usr/share/cmake/Modules/Compiler/SunPro-CXX-FeatureTests.cmake	33188	bc00024757e994e3a53e21295d5e1d09f2e02398ce2ec5a7824c4c36169f7364	
/usr/share/cmake/Modules/Compiler/SunPro-CXX.cmake	33188	832d8d0f07f0088abecda4c8d00a67f8edad43c8deb3e02c43194cd4e2c179c1	
/usr/share/cmake/Modules/Compiler/SunPro-Fortran.cmake	33188	1ced897b56720263f7317975897ba1075486f4d0bebb9b466a88b742a65a0d83	
/usr/share/cmake/Modules/Compiler/SunPro.cmake	33188	a2a9b8ca6e136004d53f6bb9cf85dd05ce64db0883fc76629ed8cca311a60d77	
/usr/share/cmake/Modules/Compiler/TI-ASM.cmake	33188	a0fffd672ea50110a64c2aab5f50b15f1010b1beb7f93541d2ff099af552739e	
/usr/share/cmake/Modules/Compiler/TI-C.cmake	33188	685226dcbafc54fa73b095acda8b87b7633f7d1eabc9ccda5987743c4d21d4b1	
/usr/share/cmake/Modules/Compiler/TI-CXX.cmake	33188	5021fe0a1137c2d9146db992b912a860a958aa3922961576e95a7d8a0f00a623	
/usr/share/cmake/Modules/Compiler/TI-DetermineCompiler.cmake	33188	a5d3b4771421f42854e7bcfbfcdde26cdbb01d9fd85f0c3f79f17e75b0680fb5	
/usr/share/cmake/Modules/Compiler/TI.cmake	33188	7cd9540da87d6dc2286f7f4a4cf6d5a0f219ec7401cbe1815d87edb14771a507	
/usr/share/cmake/Modules/Compiler/TIClang-ASM.cmake	33188	8d494645756d9286d3d8f7d27b5d2aca38eaf4eafd5460a8aeb8e5d9eca82b53	
/usr/share/cmake/Modules/Compiler/TIClang-C-FeatureTests.cmake	33188	1234517cf03a85c24d2ee94c91f6288d182183e10e14eabcdb68d7f9c65dd020	
/usr/share/cmake/Modules/Compiler/TIClang-C.cmake	33188	45bcc0533b5fc8e99e8189c831092d14bcd63d022b2a86261db5b13e37fadd9a	
/usr/share/cmake/Modules/Compiler/TIClang-CXX-FeatureTests.cmake	33188	dd00631146a57cb8c7369692d9f152ba392e893a84a015eb62b10dc270867d14	
/usr/share/cmake/Modules/Compiler/TIClang-CXX.cmake	33188	a31a5badca57e45a5ad2dee139dc75947ba9af5f5ad445d3f391071ce7a759c1	
/usr/share/cmake/Modules/Compiler/TIClang-DetermineCompiler.cmake	33188	b1a0120c8035d4439d1d4a36c6a131ccc17916042686afb289929c2a40fefcd5	
/usr/share/cmake/Modules/Compiler/TIClang.cmake	33188	755cbbcc0e2ca7a3e6c2b1266a822a0b6dd2ada01c0813e5f251392753c23d5b	
/usr/share/cmake/Modules/Compiler/Tasking-ASM.cmake	33188	ae0056ad945f09ea6f7acd4c317c702e5a9f7a1bd7ef270712d0edf1ecd290d5	
/usr/share/cmake/Modules/Compiler/Tasking-C.cmake	33188	c054fb7a9ce9181767797e0b05aed8f33d6d2b9cc4411853c7c220f301710727	
/usr/share/cmake/Modules/Compiler/Tasking-CXX.cmake	33188	5676a318ccfeafae431327dc1627b90afc5ad58c4792e186c428306f4a68f669	
/usr/share/cmake/Modules/Compiler/Tasking-DetermineCompiler.cmake	33188	43a7f277e416c5e25a389dd9fcefe14754c47e1d8ed51f66c3ecee0dd6276336	
/usr/share/cmake/Modules/Compiler/Tasking-FindBinUtils.cmake	33188	22aecda9a03c0c8e733d246cee14efb43cb070c5df166ba724963c63bf7d71bd	
/usr/share/cmake/Modules/Compiler/Tasking.cmake	33188	d8c88a74331b4579f74a965d6b4b818ea11b298386b1ca50ddfab33db91d28f5	
/usr/share/cmake/Modules/Compiler/TinyCC-C-DetermineCompiler.cmake	33188	1d2c00ccdb5ab5a0674fc1a79520e06484750fd9050a805056fef69b49aec847	
/usr/share/cmake/Modules/Compiler/TinyCC-C.cmake	33188	fa954e05124ed268cf0a457ba3a91d8ad9097be8c38d13f076d00e36bc34be4b	
/usr/share/cmake/Modules/Compiler/VisualAge-C-DetermineCompiler.cmake	33188	76cf7fef13b57d994d5c8109bb2d822dd363d4859e1d16ff2957bb13e394e764	
/usr/share/cmake/Modules/Compiler/VisualAge-C.cmake	33188	353e282409c2b3872761e94c7d3294fbbfd1667119361e3d16f7d3a406f62e68	
/usr/share/cmake/Modules/Compiler/VisualAge-CXX-DetermineCompiler.cmake	33188	303005a723479d8a0126badfbc4f9a35a99d140ccff796c00ce139d7c73d12d5	
/usr/share/cmake/Modules/Compiler/VisualAge-CXX.cmake	33188	19733efae3a28565b140c7b6b152f578ca5c0038f2362076cf09e5d2919c98bf	
/usr/share/cmake/Modules/Compiler/VisualAge-Fortran.cmake	33188	67870d6aec8a5bece4f520e7d141253c4701398a0c08d114e0702d3fd8d47ce6	
/usr/share/cmake/Modules/Compiler/Watcom-DetermineCompiler.cmake	33188	a6a6951831b5973393a6a318b3527d3d68330f02b434f8b5d3100e9dfe2b758c	
/usr/share/cmake/Modules/Compiler/XL-ASM.cmake	33188	022a85d4baa54a21dc31f46c7632fcf8b0570a1af785fd07b6f51a7225e723fd	
/usr/share/cmake/Modules/Compiler/XL-C-DetermineCompiler.cmake	33188	b117154cfa3c0b93ebce821f027e93af36f7c53c9fdd95f13cdafa72683c861a	
/usr/share/cmake/Modules/Compiler/XL-C.cmake	33188	bedee3c06312d6aa2af2b0890fcad06688c84eb02c6e39ce6c544d0ac77c194c	
/usr/share/cmake/Modules/Compiler/XL-CXX-DetermineCompiler.cmake	33188	c674e70bd2360065a64b12d47ec59dc11578689da7ac462a3c78d0bafa9cb982	
/usr/share/cmake/Modules/Compiler/XL-CXX.cmake	33188	25e4b588022d3524c941fa06fd68b215e955a7d69bb01e304dc8944bed3137b9	
/usr/share/cmake/Modules/Compiler/XL-Fortran	16877		
/usr/share/cmake/Modules/Compiler/XL-Fortran.cmake	33188	bc322876a1d85169ccf5aca752c6adb9949c1369f6aa7effc7749dbfb7eb3c04	
/usr/share/cmake/Modules/Compiler/XL-Fortran/cpp	33188	5734cad690f20414201547123ce3b3ce08e4e0b470871d260cacc1480e354365	
/usr/share/cmake/Modules/Compiler/XL.cmake	33188	fcb25d2bb1b080e6e760e462e633e3cf9801a833975de272f13a467ad5583dad	
/usr/share/cmake/Modules/Compiler/XLClang-C-DetermineCompiler.cmake	33188	e0072f3e3c62f3bff0aebe08db2989cd5704ead33db279c90bccbb9426af1405	
/usr/share/cmake/Modules/Compiler/XLClang-C.cmake	33188	fe74b1ed2eaa01b0873fb891699825f7b736e111e20245f73497773ecf8e928d	
/usr/share/cmake/Modules/Compiler/XLClang-CXX-DetermineCompiler.cmake	33188	e0072f3e3c62f3bff0aebe08db2989cd5704ead33db279c90bccbb9426af1405	
/usr/share/cmake/Modules/Compiler/XLClang-CXX.cmake	33188	53de8cb77ae3e6eec7ccd1d192d08f2c67ead64a5cbb14f937043364c6e4cd68	
/usr/share/cmake/Modules/Compiler/XLClang.cmake	33188	4293b609faff1a37d1c71cb47a84737a2f628366aa70a3b9d78fe6df6c8c2263	
/usr/share/cmake/Modules/Compiler/zOS-C-DetermineCompiler.cmake	33188	2184c15616ba508c5345214d94064bad89bffc02e18fab5ad70f7c4ebf0a796f	
/usr/share/cmake/Modules/Compiler/zOS-CXX-DetermineCompiler.cmake	33188	18588a389438b55389a52615414eb02bc853f7027e6934c0e4d31514faaff9d1	
/usr/share/cmake/Modules/CompilerId	16877		
/usr/share/cmake/Modules/CompilerId/GHS_default.gpj.in	33188	594d1b5ae107d735b99dc8d098f540f400fdf0babd2640c6ea1d1bd60f48b69b	
/usr/share/cmake/Modules/CompilerId/GHS_lib.gpj.in	33188	599ff578f9e6ac6fe539f19a777e536a12075ff5610546a662adbc9b07de7c8e	
/usr/share/cmake/Modules/CompilerId/VS-10.csproj.in	33188	1d1c8b01550e8ca369fb6a3a482e02ee9828b3914e5f142e7613cec6f57cd08d	
/usr/share/cmake/Modules/CompilerId/VS-10.vcxproj.in	33188	0c63f68573832e184dc66e9f111786b3f379fdf45ccc53362d73e7e6fbc95b06	
/usr/share/cmake/Modules/CompilerId/VS-7.vcproj.in	33188	ed3d90cdf7e89288cc0aad16fe581aa68d1b10161f7fe3e3265b3ac3b367facc	
/usr/share/cmake/Modules/CompilerId/VS-Intel.vfproj.in	33188	097dbe697327d6ee1b2ee854604469ed06a0c46bb26c4437120d1d626a79335b	
/usr/share/cmake/Modules/CompilerId/VS-NsightTegra.vcxproj.in	33188	3aef985054333d17cc2072e01f668dd15d0cfce65aa12286d1e19af8754d0237	
/usr/share/cmake/Modules/CompilerId/Xcode-3.pbxproj.in	33188	9c3742fdad5b41737034d8b69ba665cdf0a0f0032867f8eaee19a65db0a05534	
/usr/share/cmake/Modules/CompilerId/main.swift.in	33188	c5b473220a38897bb1ff9d0c882fde04e17f6e3dcf61021f0eca136c80d2edb6	
/usr/share/cmake/Modules/Dart.cmake	33188	2bf158b7d41c312d258a001db0421e3eba8264d46f57391c35c3ea47e9c67799	
/usr/share/cmake/Modules/DartConfiguration.tcl.in	33188	30463ff07287efe2bdd36b57b1f3031851fe38949717e497911dea5f8dc2f342	
/usr/share/cmake/Modules/DeployQt4.cmake	33188	519648e61ce1df036c98c6a01111975ffa634c8c2b984f80e3cc764b94055e57	
/usr/share/cmake/Modules/Documentation.cmake	33188	7f8de264c39c01944ca131c76d698cc91836fc6e3ee74b93a558ea9ef6a91bb2	
/usr/share/cmake/Modules/DummyCXXFile.cxx	33188	f06a21026b0b3ec7d49b1779962d5fd5527b31963b186885e7d353ad742ffeb5	
/usr/share/cmake/Modules/ExternalData.cmake	33188	9c39e218664270b79747f7a207587db6ea1e69a1bb7635d2bb7519ca4dbc808f	
/usr/share/cmake/Modules/ExternalData_config.cmake.in	33188	ea7380ee2a2473e93954d14948c5f23464ab3c52b99fdf21de502a509750f9fa	
/usr/share/cmake/Modules/ExternalProject	16877		
/usr/share/cmake/Modules/ExternalProject.cmake	33188	303d2222b3b39df5e94997ec64a07f6877bbf5297978bf3134347389200da695	
/usr/share/cmake/Modules/ExternalProject/PatchInfo.txt.in	33188	d5a312b84cc9ba8aeedc727bf6294c756db48721d7c6dc1263a3cc5e56c79fa4	
/usr/share/cmake/Modules/ExternalProject/RepositoryInfo.txt.in	33188	232134378831e454bf05c5e8d2707166ec41ea31c6c4c327ba76b1b6789861c6	
/usr/share/cmake/Modules/ExternalProject/UpdateInfo.txt.in	33188	73daaf5bfc58201330bb2cc246a7b8a1f2b08a494cb55b2245651bac125b7820	
/usr/share/cmake/Modules/ExternalProject/cfgcmd.txt.in	33188	53b3459bbf397d2a114842323f49bce95c9a60d02391db5515148a3ef9fcc748	
/usr/share/cmake/Modules/ExternalProject/download.cmake.in	33188	90069c95cebfc861c40644537d3d51b656a715503b4e2ed72ca44e1245d5151d	
/usr/share/cmake/Modules/ExternalProject/extractfile.cmake.in	33188	b4ce227e2a6056e58c73877a5d8153a9fd74ffb05b66dd7f3f52717049c290c2	
/usr/share/cmake/Modules/ExternalProject/gitclone.cmake.in	33188	43284a624b5daa79288f2788bf07c100aed78fb21983982b39c37d89c9425f17	
/usr/share/cmake/Modules/ExternalProject/gitupdate.cmake.in	33188	22084f22f9eb664eecef37fc5ceb42e6b943a389cfe9c016998c8df0692207ca	
/usr/share/cmake/Modules/ExternalProject/hgclone.cmake.in	33188	eca8b7612e266c4373bf5ee9790187c532cc70339ff53875a8988552005b01e6	
/usr/share/cmake/Modules/ExternalProject/mkdirs.cmake.in	33188	c2af0a2e640d2a104018dc5aa2201680b7d9ebfa294582277dd845225ace427a	
/usr/share/cmake/Modules/ExternalProject/shared_internal_commands.cmake	33188	dfc137099422d1a2785257534b100461ab9064f57464de3f7193021ec9d93e56	
/usr/share/cmake/Modules/ExternalProject/stepscript.cmake.in	33188	592527422389855241a9e34af98b8b6ab964fb8e699b811f5e459e09f06c563c	
/usr/share/cmake/Modules/ExternalProject/verify.cmake.in	33188	6dd0541e8bad9905982bcc45996da4f4b5520367c33f052d12cf216da86c33d7	
/usr/share/cmake/Modules/FLTKCompatibility.cmake	33188	a2953c41ea0b23c601d344bb0eeb2dffeaed6fa9daafd900af264499faa9f571	
/usr/share/cmake/Modules/FeatureSummary.cmake	33188	e096d5921ed319608ffe8dc44b081c7599e471b7f8d597385e4b70eb15439ff3	
/usr/share/cmake/Modules/FetchContent	16877		
/usr/share/cmake/Modules/FetchContent.cmake	33188	eaa54c31dc85ccbfc0a8ab663a528c2aaebc6c4c97ae344d44ac0f99919275cb	
/usr/share/cmake/Modules/FetchContent/CMakeLists.cmake.in	33188	e6988252290e61ddacf5a3ec523637f8ce4fc7d884c6a2736afacd73cf383088	
/usr/share/cmake/Modules/FetchContent/package-config-version.cmake.in	33188	ca6dc68de06db541aef49a59e0184140a6867554b7c29ac666f003878574964d	
/usr/share/cmake/Modules/FetchContent/package-config.cmake.in	33188	a2d338496b0d6de147b207991ab0e05c3bcaf0c8a0d0ca8bf56694bce16c4783	
/usr/share/cmake/Modules/FindALSA.cmake	33188	831a4fe6b657a55c96dfbe4445c9987ae5009f96de08572bafd550d643fbb9b5	
/usr/share/cmake/Modules/FindASPELL.cmake	33188	27674e3890eabcb989b72eb7e923c9e507e30f371cbf8cd0a9e9dcab1ddc4c8e	
/usr/share/cmake/Modules/FindAVIFile.cmake	33188	7f90fd322efbceef2118c7e5cbe237183ec34205768037e969c5399d8dda0068	
/usr/share/cmake/Modules/FindArmadillo.cmake	33188	890519e497505daa44a77497bfafd62af3a439d81eaf81b04330202ff0726bb2	
/usr/share/cmake/Modules/FindBISON.cmake	33188	3dacfd00a2cadfb5bc6a81ed5b1a219b429e58fba03e173d42457f9c91a90d99	
/usr/share/cmake/Modules/FindBLAS.cmake	33188	12665f3ee421b370fadf5373f96ea15a6b393e95f3213c5da43e4516e62415fd	
/usr/share/cmake/Modules/FindBZip2.cmake	33188	0d095595c97d26efa532efb2eb25f4864c698d1c51bd85231815b725c7ac0089	
/usr/share/cmake/Modules/FindBacktrace.cmake	33188	a0794bd7fa2f6fedfbb82ede16382c057472539d2a84ff4c8fc172fd5ea52b30	
/usr/share/cmake/Modules/FindBoost.cmake	33188	051166b9bbfbd034bdc12b8f012eba36e9daf4b16b495466992046d86e556a59	
/usr/share/cmake/Modules/FindBullet.cmake	33188	b987f8da710feea2255f103f5a0c10329479044ea308b902536fefddf7a40f54	
/usr/share/cmake/Modules/FindCABLE.cmake	33188	4a55303c30ba606b0e709ae0e4fb88eda94ca770941fe0235b2a760231890a8e	
/usr/share/cmake/Modules/FindCUDA	16877		
/usr/share/cmake/Modules/FindCUDA.cmake	33188	58346b10e8d6188069462b32b20dea8e1dedf670baacebc6f91c970a43466c50	
/usr/share/cmake/Modules/FindCUDA/make2cmake.cmake	33188	fca2d9c4bdc08597a164ab9b4e1cb8a360bf8041f99a6e21de4329c4b1e06a35	
/usr/share/cmake/Modules/FindCUDA/parse_cubin.cmake	33188	46df3d8e4748f087149043b0ffe14f726313f08e441e6f31c2bc6dbefa3134d1	
/usr/share/cmake/Modules/FindCUDA/run_nvcc.cmake	33188	78cc3846de23f6ed759902311255ab0cb7e0b4739aceb63dc36611e618739566	
/usr/share/cmake/Modules/FindCUDA/select_compute_arch.cmake	33188	1dc99eb8397c1d1af1e29a9e2fe53baa3b563c1146b9e85d2101fff497d115b8	
/usr/share/cmake/Modules/FindCUDAToolkit.cmake	33188	d4d2b72b1b2074f53dc60c3c6bf1219ec3336857ee0845eba19aa5be80709fd3	
/usr/share/cmake/Modules/FindCURL.cmake	33188	5812342afd552af350863462eb598f2b19e8071d2d31e08b77a73d8351a9ec62	
/usr/share/cmake/Modules/FindCVS.cmake	33188	6ac7251c371df6327de49050863cb6c3aeda9174082f1ca41648f2c6b817870a	
/usr/share/cmake/Modules/FindCoin3D.cmake	33188	34895c8a977e63cb47ce2420b19b30d156ab7e33acb1815e570a89483e2a8959	
/usr/share/cmake/Modules/FindCups.cmake	33188	1a838fc0b25efe188e7c16528f690b10a2945ad14ca827917dc7a3528aea3f74	
/usr/share/cmake/Modules/FindCurses.cmake	33188	aa7656fec33141557f1c882a1044ca02f5e5eb0eebca5b6aa9edf07fd38e21ab	
/usr/share/cmake/Modules/FindCxxTest.cmake	33188	b94d5966becc305be81befe241cf76b5653f1478d235fe24871abeb537c10790	
/usr/share/cmake/Modules/FindCygwin.cmake	33188	5d47875332734056a3d863742f06b5bc55fca63487d685823ca2c8932f7a7d30	
/usr/share/cmake/Modules/FindDCMTK.cmake	33188	2bfdd62c09e798800c0d947e18e90caff70dfc199af035de24e4e0bb37c3b204	
/usr/share/cmake/Modules/FindDart.cmake	33188	7e9acd7bb21e4afedee5ffbb7cd4257f2b0e6c1262f0e7837417c7715a2764ae	
/usr/share/cmake/Modules/FindDevIL.cmake	33188	60c951e2c4c62efb363420e4019043eeae1058cf7f33726183faf65956538822	
/usr/share/cmake/Modules/FindDoxygen.cmake	33188	f8ddc75b525c4090e0deefa3e2f9c8099223be36cfaba029a6f9aa7b489159e2	
/usr/share/cmake/Modules/FindEXPAT.cmake	33188	312f4d320fc4f3fefbca5acb9ccd5fbb2d03893b5b4edd018256b4e70b3996fd	
/usr/share/cmake/Modules/FindEnvModules.cmake	33188	a6906f464d02eb65f785e1af164cd77cf58f955e109f9b44c33a9ef584951174	
/usr/share/cmake/Modules/FindFLEX.cmake	33188	0395cf648063bd008bb68089d9eb2cde274f6307cc473586c41edf3d5f0ab693	
/usr/share/cmake/Modules/FindFLTK.cmake	33188	51f601077318c8be7c3762a247066cf72742bb4e68d904a00ffc10efae1effad	
/usr/share/cmake/Modules/FindFLTK2.cmake	33188	783517273b97614c6cc04c4019cb13a7053343cfdf6db6ddc92ba3b388968275	
/usr/share/cmake/Modules/FindFontconfig.cmake	33188	bdf21855dfdfcc45b7bb309b0ef9c6d5f803fd253f8d88be635735f886e42392	
/usr/share/cmake/Modules/FindFreetype.cmake	33188	0924e6aa1f7a221848205c069e496edb49d1b581a99279551509fc98ecbd0fa5	
/usr/share/cmake/Modules/FindGCCXML.cmake	33188	f92d8e9ebd2fe51122ede8058872da25e1d3240ead7158b873e956a280831da9	
/usr/share/cmake/Modules/FindGDAL.cmake	33188	283f52aa25d71275e60c797f591057d328b21b60fa69d86495419d4b37249c32	
/usr/share/cmake/Modules/FindGIF.cmake	33188	3ed913cbc8b8627c3a4c3630984249d1ea1a5f2ec78f6ed3c9ece2da065e6fa5	
/usr/share/cmake/Modules/FindGLEW.cmake	33188	87917fa7222c8e9bf864f48beba5562ac4f41c61f73efd2a6b690d234bc60967	
/usr/share/cmake/Modules/FindGLU.cmake	33188	1318aac33f38eaf1c58112b38cd3db6fbfa91b0046df1e760beba4cabe9723c3	
/usr/share/cmake/Modules/FindGLUT.cmake	33188	59f6a0583ed931dba1c0f6ea3c52d9df8e551abe7901fca362b83a51b4e55750	
/usr/share/cmake/Modules/FindGSL.cmake	33188	c909c05f40193e9b159cc163fbe3008e2b1cbf808857678648259ac7fa18f42e	
/usr/share/cmake/Modules/FindGTK.cmake	33188	b5c38af147310017fe39b9cfae97c4caa4105b29271c1eedb135f8b8f8835d34	
/usr/share/cmake/Modules/FindGTK2.cmake	33188	f595835645b5d019922ee5ca4cfb34f40c30a18a19827fd37a16ee1676e281ef	
/usr/share/cmake/Modules/FindGTest.cmake	33188	9038529650052a64bd7732ea3988cb6860cbe9463455dd5c5e83b31079a4c146	
/usr/share/cmake/Modules/FindGettext.cmake	33188	34a0063348e77551c04f35052dfd05be3ca82ff00385a14187f1881affb8a293	
/usr/share/cmake/Modules/FindGit.cmake	33188	c7d1c4438510a7a92812959e30c2f5fae02370038fbbb4a54e52a1e5d2a25897	
/usr/share/cmake/Modules/FindGnuTLS.cmake	33188	fcb18b7dae27d303917a4a4d7039dbb49a566b7b01b26193b25fb88dd5a0829e	
/usr/share/cmake/Modules/FindGnuplot.cmake	33188	25b670c8bdb8861af219568cd99d33da2e249173672d08d8545f034ff94d9f85	
/usr/share/cmake/Modules/FindHDF5.cmake	33188	83ce4575995c80977c761873a69a29489487517c7b733993f05a67644137a2b7	
/usr/share/cmake/Modules/FindHSPELL.cmake	33188	bf4e9120259dc64839d312a19a89931fd89ca04c68d542e605105f04967281a3	
/usr/share/cmake/Modules/FindHTMLHelp.cmake	33188	9bfa41ef8ecb3ee54d5f109f08c73f181bdf074de3d6cb84cb0f8104659472b3	
/usr/share/cmake/Modules/FindHg.cmake	33188	659485856ababb07cc64399861f156f4413b634eeb0171914ef680caa168317e	
/usr/share/cmake/Modules/FindICU.cmake	33188	162be08ead7325f8dcf8b19d0d637323591fa72e6a0b7c59e34365936b8737e5	
/usr/share/cmake/Modules/FindIce.cmake	33188	894c0b9c2575e086ba2ff3b676ff4bbf494cdf392ed14039cf1582cd2825dc88	
/usr/share/cmake/Modules/FindIconv.cmake	33188	bd5fabaa34acebdb773ca94778d6ea581d0a1df2ad3e080bed15edf7db7fca38	
/usr/share/cmake/Modules/FindIcotool.cmake	33188	b91c66b6574ccfa9723174f96166cf22ef01c8c28e5d7fb92cdd4f3be31ca998	
/usr/share/cmake/Modules/FindImageMagick.cmake	33188	69d97f1363cc9c4c01d73021ffae3359ea943e64035d7cc80fb55eedfe25e02a	
/usr/share/cmake/Modules/FindIntl.cmake	33188	c31563f0c10e8047ecf4a7143d78fcabf963e5d2aa88b514012a27a036e2182f	
/usr/share/cmake/Modules/FindJNI.cmake	33188	9aeabbe8a7beb6738cd382c218b85ea1123d3e58309f5918fea7d2e1f5eb78e5	
/usr/share/cmake/Modules/FindJPEG.cmake	33188	33c5df28c1ee62962672a99524b8c67c94e0c8aac4df55c0ca70df65e650730c	
/usr/share/cmake/Modules/FindJasper.cmake	33188	d6ad412d078c3508a05c9faa6cacc7167fc3b4e2e34911b3bd9b390c4336c260	
/usr/share/cmake/Modules/FindJava.cmake	33188	564f46abc8e074f5237b65c7d151279662a348d7cdb965fb7c4bea4db2944edd	
/usr/share/cmake/Modules/FindKDE3.cmake	33188	4356dcab3e632577d228aa5488c90ef2224c202bc274b8bfb029058509738dd7	
/usr/share/cmake/Modules/FindKDE4.cmake	33188	356ea85ac17e7a61d0b2f2dc9812509d3737d0d3e997e1909fde3d2440f12625	
/usr/share/cmake/Modules/FindLAPACK.cmake	33188	d51e98df74cd9a3f77d4996779c0a72510c25d8acf18483658b16dba90dad181	
/usr/share/cmake/Modules/FindLATEX.cmake	33188	956ba6580f4ff25dbd97c784d8e2181a8f4e652deb5bcf40a63f759e0b0f22fe	
/usr/share/cmake/Modules/FindLTTngUST.cmake	33188	9ecf5300d66702b392a468d5c882508ffa28d24bf21e4c5ce2b6dd8d42465c6c	
/usr/share/cmake/Modules/FindLibArchive.cmake	33188	3e906e4acc65d9b06d2f38fae720855b2fe7236b0ce23d9e948fb6f3461ddc4b	
/usr/share/cmake/Modules/FindLibLZMA.cmake	33188	b041e2b1454a22da42ba78121510ad3682179f0d31bf4e537e9d039891194865	
/usr/share/cmake/Modules/FindLibXml2.cmake	33188	0d326d9d7d6b9fa214e50da957e185dfbf5f1b0ecb4209ca28d181786cfde6db	
/usr/share/cmake/Modules/FindLibXslt.cmake	33188	f61d64c480fb99cda9fd30fa83003713e4e1ee5f05caaf8da8103c67f2f65a71	
/usr/share/cmake/Modules/FindLibinput.cmake	33188	3ec181750bb1cab419df73b55c40a3a5aacb95fc564d23326f58d28acce87737	
/usr/share/cmake/Modules/FindLua.cmake	33188	5f1b8465354cf502f254d25c714048a6a806503020e37690d6ceeb3d19e9975e	
/usr/share/cmake/Modules/FindLua50.cmake	33188	148569703d97ead6988fe7a2d20802fdb1bd12a2a2e265bf4f7cf4c37763c04d	
/usr/share/cmake/Modules/FindLua51.cmake	33188	40889376b33789a02799bae2a16cfacd6666ac7a9b9f2af0f60c61c6ca6da172	
/usr/share/cmake/Modules/FindMFC.cmake	33188	e7efea8f496292b78684314d28180b09fde58ac183864bd99d92e35f1b1204d2	
/usr/share/cmake/Modules/FindMPEG.cmake	33188	ab1b55299ed9db2c032c592386e3d68813dbdb541e28026795aa6ba7ac5d2a04	
/usr/share/cmake/Modules/FindMPEG2.cmake	33188	c1399cb713021da384291aed6cf46d0f10c50b38bac5130b69007fa73c7a02d8	
/usr/share/cmake/Modules/FindMPI	16877		
/usr/share/cmake/Modules/FindMPI.cmake	33188	61121024ae3cc8f186ace3ff3462dd29a095cea28dab054ca801d0cacda90ac6	
/usr/share/cmake/Modules/FindMPI/fortranparam_mpi.f90.in	33188	53d6820f4d0854f14d79dc6652ca4c98cb6651b710550eff62878b2f3ed9f4da	
/usr/share/cmake/Modules/FindMPI/libver_mpi.c	33188	da59c3e3c752d9513d493359b41addbc6d645c34e2a16c2173106f4a111fa224	
/usr/share/cmake/Modules/FindMPI/libver_mpi.f90.in	33188	5cce13a9bff7ee995bcf3b860f79c9452e0be545e15889d25b88a08ed83e583e	
/usr/share/cmake/Modules/FindMPI/mpiver.f90.in	33188	73fa7a1590e9fc7c847b2ac6a667bc49af35a63400a1dd3917ae04d0c0bf7914	
/usr/share/cmake/Modules/FindMPI/test_mpi.c	33188	f03ee63dd6396a0405bc72129e2ba667a653cbe8bdaba559411b3f3eeab1cb6e	
/usr/share/cmake/Modules/FindMPI/test_mpi.f90.in	33188	52167c6f68a649de5fcae40fd3b568d4b4c0c7cf90d6fec595d955010778fec2	
/usr/share/cmake/Modules/FindMatlab.cmake	33188	35a72477965f18bd2bcb831420a8878842023ba5d3b48e29097c8657944c33f0	
/usr/share/cmake/Modules/FindMotif.cmake	33188	9b25ddef3730d86d42f73da9f8e359134ff45cfb295c92ef14951335929c4265	
/usr/share/cmake/Modules/FindMsys.cmake	33188	e909f11d9d66eb7ea1e2f5885ec0720a7fbac7bf0c67b3ae9fd943d816604137	
/usr/share/cmake/Modules/FindODBC.cmake	33188	40129f4e3e52e090ce72121b93baddb6dda3038b07d73f1f7792c0d30e978c51	
/usr/share/cmake/Modules/FindOpenACC.cmake	33188	18a0accba538f6d59b76d5e314643305d17feb2c091af382a2e6ed41084d422d	
/usr/share/cmake/Modules/FindOpenAL.cmake	33188	100c283a601bec656a59dd667a9aa94025bbb6a3cc735ac33f92430ac0d956ec	
/usr/share/cmake/Modules/FindOpenCL.cmake	33188	a0230094051f6a925f668238c394ce8136b004b3e16c14aa13940aa951bc06b6	
/usr/share/cmake/Modules/FindOpenGL.cmake	33188	9b64c8b240be9dc5073d1ae667ec635ffa735c03e05048a6cc14a5c6ce6540d1	
/usr/share/cmake/Modules/FindOpenMP.cmake	33188	8df4b17f3cca75b5dbb168469125ea5383928674f651f5826ecb0b550b2808b4	
/usr/share/cmake/Modules/FindOpenSP.cmake	33188	1c4ac49e313648486726ce385e60d04a49ee8929f64adcc6eb9b51cab26ec032	
/usr/share/cmake/Modules/FindOpenSSL.cmake	33188	63b1225e613e0440b4dc0afba3499904dda84ade690cd3947acda2aec0b5448c	
/usr/share/cmake/Modules/FindOpenSceneGraph.cmake	33188	a1120cb906a6de01b51014b8c86f4a0628c0c816c12c86f09286d91447b75188	
/usr/share/cmake/Modules/FindOpenThreads.cmake	33188	405d574bc6f10a99db4b98b5a1eab7d2412055bdfbdc18f9c416b794b6864a9d	
/usr/share/cmake/Modules/FindPHP4.cmake	33188	77767f2e5d26deb18ad3ebd8f566e867e4e85c552276961636f4d40a60aab434	
/usr/share/cmake/Modules/FindPNG.cmake	33188	8da247bdcdcad3b1b95cfbad76bbab0bce074dec283a862df0427dca0ad8f62c	
/usr/share/cmake/Modules/FindPackageHandleStandardArgs.cmake	33188	ac1aeeedcf2d1cfd90fefa8bbb77484ba43425da6747b8b8161cf70296b97e23	
/usr/share/cmake/Modules/FindPackageMessage.cmake	33188	cdd3e476310d15459c1d8465304443513d4dd7b15ec7ee134d040dcc50644f05	
/usr/share/cmake/Modules/FindPatch.cmake	33188	7bfa3de3000c8c366257d7dde7a2767fe00dc1f18281c63ffd3e105ec1cc2b0c	
/usr/share/cmake/Modules/FindPerl.cmake	33188	0c1f76805a25024ee0d926d36b8dd2e8055c5a9f25a13a633bbb35f4cbd89f83	
/usr/share/cmake/Modules/FindPerlLibs.cmake	33188	6b45659a223e44a00c54b9beb6529225253f6ea489d2898a2394dbe4e212b645	
/usr/share/cmake/Modules/FindPhysFS.cmake	33188	2fd09d40009db9b21f994b7e4e13f0ddae0a1b21d4b0ab2399fa64068efe247f	
/usr/share/cmake/Modules/FindPike.cmake	33188	c2b58999fde4d3c502b3c04fc3d7d0d84193110352a4910344050f9c8099fabb	
/usr/share/cmake/Modules/FindPkgConfig.cmake	33188	ec4f3ec5b8ad9eeba0272346977e88df4faee103d5be53507683fe17518fe872	
/usr/share/cmake/Modules/FindPostgreSQL.cmake	33188	8d37ad026a65a05db7531bebd1b23046a61148e77be6e06ce1d4be8f74993352	
/usr/share/cmake/Modules/FindProducer.cmake	33188	94d17d17ef14601c9c0c3f1abb96284a9f4ecde9ecb873fc913956fc2090e9ca	
/usr/share/cmake/Modules/FindProtobuf.cmake	33188	f9c874fd2123cc387d41d4d011e102af7ad4556edc79cb80414f3163e42cf804	
/usr/share/cmake/Modules/FindPython	16877		
/usr/share/cmake/Modules/FindPython.cmake	33188	fcb664c72d96d92b0c502338136ecee5ce345b1e46ca1f40fada7ba2cac8879d	
/usr/share/cmake/Modules/FindPython/Support.cmake	33188	258043e9402b264cb95546940727315f70493d5aa58eced63b40c97765eb80c4	
/usr/share/cmake/Modules/FindPython2.cmake	33188	fce0e0ada31fd0fdc8d985f7ec18ada3a46761820433ceac8c51a812c00e30ca	
/usr/share/cmake/Modules/FindPython3.cmake	33188	dd7b68b42ef74c56505b29f4708a4d85e54b7ae567e06263914da3618db3c6da	
/usr/share/cmake/Modules/FindPythonInterp.cmake	33188	0a2375b88706d37e1c92b5f8f78c99b43053da72ef7e565aa9b92ed7088cc2aa	
/usr/share/cmake/Modules/FindPythonLibs.cmake	33188	faf6f068dce10b37b8fd1aa17bc814bcc70d71665bf00a3abbb8befbd56108af	
/usr/share/cmake/Modules/FindQt.cmake	33188	44d3ca8ccbd33fc3db844ca93cc10b7f98aa345d8efaf5aadba0711065b145c1	
/usr/share/cmake/Modules/FindQt3.cmake	33188	9aee53cf361a72a9415397d541cbf170f6f4fe86bb7cbd3e72fe8c6fc115a84d	
/usr/share/cmake/Modules/FindQt4.cmake	33188	0a690e621b1eb68d02354322b6b7b5e27f3c642b7948d29b7be1bd414deac01f	
/usr/share/cmake/Modules/FindQuickTime.cmake	33188	43feaf1f7172f4fe9d133744a2c7d1592d8fdc53e59049d6abde3733a29cdae4	
/usr/share/cmake/Modules/FindRTI.cmake	33188	5f968083787de985100f731ddfef34d5a86d3760fef17f67898ef8502b390f20	
/usr/share/cmake/Modules/FindRuby.cmake	33188	94898869267e672f2b53f18e612758ba383b10a673b5d9d5feac066ee333308a	
/usr/share/cmake/Modules/FindSDL.cmake	33188	10313229b686b342fe507285681c1ce55bbeb7f49503a31e4e5c8ae512ae1d2d	
/usr/share/cmake/Modules/FindSDL_gfx.cmake	33188	e45a163f616e240331431071b78900aa9a2fd2941e6f24653e6c7a220f4e425b	
/usr/share/cmake/Modules/FindSDL_image.cmake	33188	ff05c6626236a8bdfd8b95d630b3baa9d7e8086021443206750a4464ca493960	
/usr/share/cmake/Modules/FindSDL_mixer.cmake	33188	dc0fd6900829b68865ff74cba33d783280f64469102977ca4d0c192c52d3e1e7	
/usr/share/cmake/Modules/FindSDL_net.cmake	33188	848a855c79ff66e18ac348b57481234e04f0a20f9db35b78e51af7fd97ee2b40	
/usr/share/cmake/Modules/FindSDL_sound.cmake	33188	224fe7f185a3209e9a44213c67aa763f2b32af1de7bbd92252df3b565a9fcaa4	
/usr/share/cmake/Modules/FindSDL_ttf.cmake	33188	f5eb6fd5a22ee87586adcb31c1b18a0a1ce5cd3132d2cc9772abf3aa0e83c531	
/usr/share/cmake/Modules/FindSQLite3.cmake	33188	e71d1b381bde680c7837727a6813fd98e4fbda45dcb7683b892153c71d414c85	
/usr/share/cmake/Modules/FindSWIG.cmake	33188	560dd8131f2033c3dc6d7bdc64c288451a65de435080d6f542d693403d16572e	
/usr/share/cmake/Modules/FindSelfPackers.cmake	33188	1e3f3dddbaa85cbabe027fe0f0e69213a861d8905c6d68616a7ca68ec43b8e39	
/usr/share/cmake/Modules/FindSquish.cmake	33188	9549389526800ccd0dff67abb4be48472f08f3d67d362f5e6d32310783ff1f43	
/usr/share/cmake/Modules/FindSubversion.cmake	33188	f3d7fa052f7f8578f6a30dee046d6552cdbf6c01bf8df001d4e8689cd35463fb	
/usr/share/cmake/Modules/FindTCL.cmake	33188	39625aff0418d624dd983e5b58f097179bb75ced8abc2ed7b449b1fc49ce2151	
/usr/share/cmake/Modules/FindTIFF.cmake	33188	7307e203c2fcd9b03ab63238be5207b36c651e53b22c3a93bb71a6913955eda4	
/usr/share/cmake/Modules/FindTclStub.cmake	33188	0a1ac7157839c97d75754ad57ae3642cb597c85b661eb0e2563768a7aeaaac89	
/usr/share/cmake/Modules/FindTclsh.cmake	33188	67f7cdffd6550f048b106d2a15532ea10b321f5ee486fd6c919b31e81a719dbc	
/usr/share/cmake/Modules/FindThreads.cmake	33188	e6612143863d6b726d5797095e1c8cc3216d111a29f9e4563f664413b08506a7	
/usr/share/cmake/Modules/FindUnixCommands.cmake	33188	5a7c13e88d7d2eb84bdc71da2cfd5791dad3122e11ad458598ea9c2c36cb6961	
/usr/share/cmake/Modules/FindVulkan.cmake	33188	2d9bfd893bd2a036965ac4eb69e7e7977487b31756f94fd372a50bc6799647f1	
/usr/share/cmake/Modules/FindWget.cmake	33188	9288347efa4215f997a1a5790c8495a8deacdf3a2f1c0b5f850f38e7065ef0b0	
/usr/share/cmake/Modules/FindWish.cmake	33188	45b508931d8be8d0e86b4080e24abc212c7d264fa2438d4df3f8b56067fddc42	
/usr/share/cmake/Modules/FindX11.cmake	33188	9768d5e971f3b1ab42d8b92023e418b04b5a715a62afebdfff93a94466ef79a8	
/usr/share/cmake/Modules/FindXCTest.cmake	33188	d8e726b36baffa2cad8d7be2c3f8a60c3c001d64f1deda5877c53b1f5a3d5961	
/usr/share/cmake/Modules/FindXMLRPC.cmake	33188	8ed2c0917d91509f4999ca8895e88aa7374f7cf88ee0332dd4fa98e24f558dff	
/usr/share/cmake/Modules/FindXalanC.cmake	33188	c878a6f5bb55bb20b82d95169ec04abc921141a4c6af9e53cdfa5818f33137f8	
/usr/share/cmake/Modules/FindXercesC.cmake	33188	66cb07bd137fcefbd96b06f49ca8604d657c83cb651ea26298ca660461d3fb5a	
/usr/share/cmake/Modules/FindZLIB.cmake	33188	154af0f1772b2ce10e47daf47017f760ccc24fe75fd01eda5f03887629370221	
/usr/share/cmake/Modules/Findosg.cmake	33188	8556c13b35adfcd01059e90c3834096b0bba4c0d2d89eeab69b3bf1d0f0467a9	
/usr/share/cmake/Modules/FindosgAnimation.cmake	33188	4090ff7872d3d0a8fe0c2888b8b985898b46d372be6aa1a893d2b8743d70e936	
/usr/share/cmake/Modules/FindosgDB.cmake	33188	74a50467c2e78cf984325b656164a37f0e3b6ca0b89963ef48254cca759b4dd1	
/usr/share/cmake/Modules/FindosgFX.cmake	33188	28d977adb16ac6e853e4c23dd37894cad41bb37c6c28d11abc402e162850890a	
/usr/share/cmake/Modules/FindosgGA.cmake	33188	18d393bf0273b3c2bb7e5f290104b656534e012faaeb6fdbacbc339ac3e58fae	
/usr/share/cmake/Modules/FindosgIntrospection.cmake	33188	20281e6117b939123eb8f59cb908ddb76a2d59e257887d103628a9e7926f33ad	
/usr/share/cmake/Modules/FindosgManipulator.cmake	33188	0e9da67e7162e2199ec4217de7202e926c0cd8d75a7f5e4921c067445bf5f2fb	
/usr/share/cmake/Modules/FindosgParticle.cmake	33188	947035cfd37f9adc2f95fac5bf4623d0dfbfe4d2017ca96fa2bb55ae7800fb90	
/usr/share/cmake/Modules/FindosgPresentation.cmake	33188	57312dac3cc5221d56f7274189cadcb7196a2fef3386781a356cdd5fd741018c	
/usr/share/cmake/Modules/FindosgProducer.cmake	33188	866acef6e421cee26e747adcda6950f04ac11f54a0911f9bbeb1f0ba33fc8028	
/usr/share/cmake/Modules/FindosgQt.cmake	33188	5cd637216f651dd66f1b2689268d2c6be42f0d6754426d8234f2dc6d3e1ffe5a	
/usr/share/cmake/Modules/FindosgShadow.cmake	33188	a167ec13afcd2cc5d9537565acb4af05ac3473f231c5dbafc4c501c32cd2ab1d	
/usr/share/cmake/Modules/FindosgSim.cmake	33188	950db8c25d67ef3cde59f670e23e80928da819170b86030f489f435694b3a4e8	
/usr/share/cmake/Modules/FindosgTerrain.cmake	33188	21b0a397f3d3113e08f43d0f8bff40f6b30168520cf282d90547b9591be77a80	
/usr/share/cmake/Modules/FindosgText.cmake	33188	fb8c66adebabf38758ace169f19759dc65a784b28e364a0aa9823db78f065c4b	
/usr/share/cmake/Modules/FindosgUtil.cmake	33188	b1fb77b45355db9c13fd1bc5951d3b1d206bc7f6f1efc15907898e630413308f	
/usr/share/cmake/Modules/FindosgViewer.cmake	33188	3dff5797212d91d149fddb3d49e5426f59e1d26512f23016b8f84f149f60b283	
/usr/share/cmake/Modules/FindosgVolume.cmake	33188	5b3d48b98aeb7e49e26319e8e8cc528f5d15ad118f42cced0b443391f491a74c	
/usr/share/cmake/Modules/FindosgWidget.cmake	33188	2c344a41585c3118b34b353f36cd705dc44c73ea7d690d647e2feb0a47bf2958	
/usr/share/cmake/Modules/Findosg_functions.cmake	33188	3064d38e530fe996393ce3a01e0af50040a312e89c8cb95ebae67ad6d92213a2	
/usr/share/cmake/Modules/FindwxWidgets.cmake	33188	9c22beacc27a8e3f3720158bbafc8997e5bab1cb69d740528833b40ae0026457	
/usr/share/cmake/Modules/FindwxWindows.cmake	33188	60a12abda22c50984072fce4fdf20b0e053a4db5a4ffc2ee1f438d98ba839844	
/usr/share/cmake/Modules/FortranCInterface	16877		
/usr/share/cmake/Modules/FortranCInterface.cmake	33188	d8f9d338ae61bd58719eb9b43492756c535542e4230ebcc4f04497adc3422008	
/usr/share/cmake/Modules/FortranCInterface/CMakeLists.txt	33188	510a2ac500e8db4631ade49e420f179920adb3cd0fb9893193c2a815c3197421	
/usr/share/cmake/Modules/FortranCInterface/Detect.cmake	33188	edebb7352827d1709caaf737be00105586514b05045c499e7baeb226a3900a9a	
/usr/share/cmake/Modules/FortranCInterface/Input.cmake.in	33188	b3e2cde246c165413d1502c32b3b5c1c92064081c345b4c072f31165b319d146	
/usr/share/cmake/Modules/FortranCInterface/MYMODULE.c	33188	37d49d1ab9133d935542fe242c4948a108ce28d2245ceb5dc233e831c614b7ea	
/usr/share/cmake/Modules/FortranCInterface/MY_MODULE.c	33188	d11eced99203add4a08e3adddf2d39faa0bdec1be1fbb0c6b89421ac4d1cd5a2	
/usr/share/cmake/Modules/FortranCInterface/Macro.h.in	33188	606c20638ce1c0eea97b2497f00c1e978d9db8c9314976e25491088f3c918226	
/usr/share/cmake/Modules/FortranCInterface/Output.cmake.in	33188	5592ebfabdb1876c603fb6be55a53f334b1b4e1f2808eba82d4292dc7ac62b60	
/usr/share/cmake/Modules/FortranCInterface/Verify	16877		
/usr/share/cmake/Modules/FortranCInterface/Verify/CMakeLists.txt	33188	580162b34cceffebdf50afa0c24915a5482ab89cbd806191ee0754a333c66c0d	
/usr/share/cmake/Modules/FortranCInterface/Verify/VerifyC.c	33188	644ac4ad544b54cf3c0b3a0911edabbafecfe38c70cdab39215f53a634c39383	
/usr/share/cmake/Modules/FortranCInterface/Verify/VerifyCXX.cxx	33188	2d8cbd80c32ef05e1de5351ed1825bce55a5a38c84f028c9035b022d80af22de	
/usr/share/cmake/Modules/FortranCInterface/Verify/VerifyFortran.f	33188	b7f01b950cb8df0b0385693e4a05620dd21e4312979dbffdda0ebc05ece71a28	
/usr/share/cmake/Modules/FortranCInterface/Verify/main.c	33188	20d3da7b96142d7205467c2a9ad964e40735f3737b2be0e2d8b547205159813b	
/usr/share/cmake/Modules/FortranCInterface/call_mod.f90	33188	cf119f81991712b458c6035fc945b26615827eb026e85462ac264e17b332c132	
/usr/share/cmake/Modules/FortranCInterface/call_sub.f	33188	cfe3c21f7e49a294b435d896e9091c4be5c39ae5c2a087c6c68bce316bd0fc86	
/usr/share/cmake/Modules/FortranCInterface/main.F	33188	c061e175e181d1bd8d30b22188b9961497a27a2324ce566bea0c980c1cf220f1	
/usr/share/cmake/Modules/FortranCInterface/my_module.f90	33188	4f0fdee3cfc73ca33f5c7d886a1bfa0b3db9c09b1e51428c050901248db92b7d	
/usr/share/cmake/Modules/FortranCInterface/my_module_.c	33188	4f31975f6c324355b64422b2716e7a66425e291782fb8d44e8026a997964d489	
/usr/share/cmake/Modules/FortranCInterface/my_sub.f	33188	36c66be54882492c1815b90d6766d4ac6bf873e0ab7d6de386fb5596f510084e	
/usr/share/cmake/Modules/FortranCInterface/mymodule.f90	33188	38439879c51d8fba343c92d9f348d8a2cdafafad756d6c009b50e3f251d50f1e	
/usr/share/cmake/Modules/FortranCInterface/mymodule_.c	33188	0b21487123b6de76be924554cbd7af3d148d0f2922d633e4f178e69ea8dcb04c	
/usr/share/cmake/Modules/FortranCInterface/mysub.f	33188	9cfd9152db9abd7b4a0b3773cb9d473553da4f00e4d227ac80a192916f8c52b2	
/usr/share/cmake/Modules/FortranCInterface/symbol.c.in	33188	80c179ad033752ab04ec9f7763d0f6457bbca65840b63743422b588c7a2fb217	
/usr/share/cmake/Modules/GNUInstallDirs.cmake	33188	cae7cdc2c75a799362f185413727ae27c35c10093e99a7a092d2a671c05f0ac0	
/usr/share/cmake/Modules/GenerateExportHeader.cmake	33188	f301088c1ee6bcfcc9babab31de39aff2d2203c7f960c38884e366c90cfa2017	
/usr/share/cmake/Modules/GetPrerequisites.cmake	33188	8ced919dcae54c9d9838a8e93a9af23318f61e937d1eae86683d139bb8684910	
/usr/share/cmake/Modules/GoogleTest.cmake	33188	b5a2546c8cea1d5f9a366c6983261c621c0b34a40d8494caefdc0fa4c78862c4	
/usr/share/cmake/Modules/GoogleTestAddTests.cmake	33188	19c1e7c7c5d20d658af6675f64bdbb1b828458034ec0e80ee0109f4854dc00c1	
/usr/share/cmake/Modules/ITKCompatibility.cmake	33188	d0495644585d0ccdf5fe9057116816d937943ccb10a6f34a86323cea8374c03a	
/usr/share/cmake/Modules/InstallRequiredSystemLibraries.cmake	33188	507e9149fcb3d384798e6e1ece7385a5e187aa031dc836778054f256de661dbf	
/usr/share/cmake/Modules/IntelVSImplicitPath	16877		
/usr/share/cmake/Modules/IntelVSImplicitPath/CMakeLists.txt	33188	f2e6e95d320a02ee419526735e38bdfd3c9d753ccdfe4e688674972f48db4b0f	
/usr/share/cmake/Modules/IntelVSImplicitPath/detect.cmake	33188	9d2bad68cd4aae4deae65851da449cbfd42fe1b83a37250089b0d41a5a828a74	
/usr/share/cmake/Modules/IntelVSImplicitPath/hello.f	33188	e3b0c44298fc1c149afbf4c8996fb92427ae41e4649b934ca495991b7852b855	
/usr/share/cmake/Modules/Internal	16877		
/usr/share/cmake/Modules/Internal/AppleArchitectureSelection.cmake.in	33188	f3e1a732929f35f7cb96446897ad65bbbaf7d5652d9e54414c03910597c46370	
/usr/share/cmake/Modules/Internal/ApplePlatformSelection.cmake.in	33188	88fad774927784d4c5287eeb7c22c563a001f36068f45a02c25e8f27820e8871	
/usr/share/cmake/Modules/Internal/CMakeASM-ATTLinkerInformation.cmake	33188	990a9de00f4b69279f246e5bc536adfe9a7c240264eb477c96e3164cf08fd982	
/usr/share/cmake/Modules/Internal/CMakeASMLinkerInformation.cmake	33188	501a4904dd1479d51ff745062cc41fbeb6111c1280792e1ffb05dfede58902f6	
/usr/share/cmake/Modules/Internal/CMakeASM_MARMASMLinkerInformation.cmake	33188	1ec6fefbbba8da437220af6dce6389561f94685fc8d3b0bef313753d420028e8	
/usr/share/cmake/Modules/Internal/CMakeASM_MASMLinkerInformation.cmake	33188	1ec6fefbbba8da437220af6dce6389561f94685fc8d3b0bef313753d420028e8	
/usr/share/cmake/Modules/Internal/CMakeASM_NASMLinkerInformation.cmake	33188	0c89b14fb9290edc15f1ae1d0205af028ede1254b902b8abc922c20aa930c410	
/usr/share/cmake/Modules/Internal/CMakeCLinkerInformation.cmake	33188	a7998e93a01cbdbeefe1fa11f72b61bd546ca6bf2cd6cc52c14a8f09d93c1021	
/usr/share/cmake/Modules/Internal/CMakeCUDAArchitecturesAll.cmake	33188	5854ad130da4c60e41f3dccf0def55cc7655f29e041a80c16057710143872d24	
/usr/share/cmake/Modules/Internal/CMakeCUDAArchitecturesNative.cmake	33188	61055359cb93fa9173fe0b9ecacfddf0d799ea775b310dea19251b32cded53c9	
/usr/share/cmake/Modules/Internal/CMakeCUDAArchitecturesValidate.cmake	33188	cdd1c38a75c26de40b882f4f0e7a166250a0e46cecddb7d51fcc9b0e0a9dc4e2	
/usr/share/cmake/Modules/Internal/CMakeCUDAFilterImplicitLibs.cmake	33188	d40a837852cb04c988bca0228618f3e5045125a2a5a1621ef40d57fd022d5a74	
/usr/share/cmake/Modules/Internal/CMakeCUDAFindToolkit.cmake	33188	4773ba62b36d8149b8403a27f6fa328a2a3aa9c8efde03876a8bfe824c737dfa	
/usr/share/cmake/Modules/Internal/CMakeCUDALinkerInformation.cmake	33188	e9de0288e6d468ade2877640bb4af7196da2611180b4f6878434cfd3d6edf815	
/usr/share/cmake/Modules/Internal/CMakeCXXLinkerInformation.cmake	33188	9d2cca0a8e9da3d2007bce38d02e5dfc76538d82c5177c90b4a9751b5c0bbd0f	
/usr/share/cmake/Modules/Internal/CMakeCommonLinkerInformation.cmake	33188	15aa44cb5b75c8bf917461a481984273565dd858938b9852613140de729feab7	
/usr/share/cmake/Modules/Internal/CMakeDetermineLinkerId.cmake	33188	0903d05d37219073d441c97d1d46f987c09a349a6aa944b57d3765a1c2fb6f53	
/usr/share/cmake/Modules/Internal/CMakeFortranLinkerInformation.cmake	33188	f7ff6bbe4b0a4f9e4a2d9eb6e3b5cf03da6a360ca7fea4dfe4beeeb251c26fd6	
/usr/share/cmake/Modules/Internal/CMakeHIPLinkerInformation.cmake	33188	1a05e32d993ea41bba7cd78fa15b0b0eb3594c45171766e35f103cec72eb4670	
/usr/share/cmake/Modules/Internal/CMakeNVCCFilterImplicitInfo.cmake	33188	5f1cb543bc111f8c6df75f6f8ffe9a0d76fe6e6205a2accd6c8941b1bf65f584	
/usr/share/cmake/Modules/Internal/CMakeNVCCParseImplicitInfo.cmake	33188	c43f24bb3f1d4c9f96dd3934435e50e5c3b33ddfbd50c71afd46d30ad9ef86d0	
/usr/share/cmake/Modules/Internal/CMakeOBJCLinkerInformation.cmake	33188	8ff704698175dc6ad8ab2dd813713695e491c6cb54e556b0cc4925c18f0d5eb9	
/usr/share/cmake/Modules/Internal/CMakeOBJCXXLinkerInformation.cmake	33188	14090aafc389ff3797069ca716a6376f4b8008ea28cbafdb1bce6241a9003247	
/usr/share/cmake/Modules/Internal/CMakeSwiftLinkerInformation.cmake	33188	d11f4e30381e6ff3bdec98549583fd829eca9716efc3ef8caa5fa483e6598b99	
/usr/share/cmake/Modules/Internal/CMakeTryCompilerOrLinkerFlag.cmake	33188	ecb9c87ecdc43feca7005f48daf84032e9878c814fd4fa23dae9a4fcf61f7d99	
/usr/share/cmake/Modules/Internal/CPack	16877		
/usr/share/cmake/Modules/Internal/CPack/CPack.DS_Store.in	33188	169cee551fdf85ac72b12d176d9c28278ff49c072a530b5b4fc615ef8d35478c	
/usr/share/cmake/Modules/Internal/CPack/CPack.Description.plist.in	33188	7f5d31f9422c43fceb005c6ba2d4783057f166033de1e88916bea5a253859c78	
/usr/share/cmake/Modules/Internal/CPack/CPack.Info.plist.in	33188	6bea9c61ea8d0bc44e86753be82afab7d588a5efcdd51d9d4316dbabfefb1db2	
/usr/share/cmake/Modules/Internal/CPack/CPack.NuGet.nuspec.in	33188	f3dd692092fa9bfd445ec4e1ab8198f791f21c959b96173df2b79a643923db52	
/usr/share/cmake/Modules/Internal/CPack/CPack.OSXX11.Info.plist.in	33188	0fa3232a51cc4b6532af33f05ee60de4ed47aeac50b53ffb96aa01b069ce6ced	
/usr/share/cmake/Modules/Internal/CPack/CPack.OSXX11.main.scpt.in	33188	d4907009b3e8396933d0cb8ce6b22033fa4ef8d31dc8a3c94b5628bd77b1f046	
/usr/share/cmake/Modules/Internal/CPack/CPack.RuntimeScript.in	33188	46decd9904a1e5c85e9751b3f3743d675b491567386fefb3ad02ba779ee2c964	
/usr/share/cmake/Modules/Internal/CPack/CPack.STGZ_Header.sh.in	33188	a137d22af8b724b899ac02809fe59b431846a6e83497e420f6b83bb42adc6198	
/usr/share/cmake/Modules/Internal/CPack/CPack.VolumeIcon.icns.in	33188	311c286d6c6c0915cbe830ff9b3b47850c7d481202cc22c5a10b4b5be57d7021	
/usr/share/cmake/Modules/Internal/CPack/CPack.background.png.in	33188	0f8ec526bbb6017f31922ee26a6aeab80d5be0839205b7b615d69151c1bfa987	
/usr/share/cmake/Modules/Internal/CPack/CPack.distribution.dist.in	33188	38ae5a541590aad1b67210ace882ab7a8af6382c33c93dcac63ad59ae7bfc94e	
/usr/share/cmake/Modules/Internal/CPack/CPackDeb.cmake	33188	5452c32dfdeb12010433b502683d7fabce15192c911238ae29f4e2781ebaecb0	
/usr/share/cmake/Modules/Internal/CPack/CPackExternal.cmake	33188	8718d95f16e9180e154b89d51a7dddaaf77cbb255cb91693aa3d85865c1ecda0	
/usr/share/cmake/Modules/Internal/CPack/CPackFreeBSD.cmake	33188	46ce74afa5303b11ca3ea8b3fc3751a7505808707388995f9d34280218125b47	
/usr/share/cmake/Modules/Internal/CPack/CPackNuGet.cmake	33188	7283c7bae62a61940d7529cb9cb8c9680d192e045660679362db77edddfec506	
/usr/share/cmake/Modules/Internal/CPack/CPackRPM.cmake	33188	1b5519a633b07c96f73eb85fc4a30bc48fd9e014e4e4c03c79c0d2c415265e46	
/usr/share/cmake/Modules/Internal/CPack/CPackWIX.cmake	33188	7deb5e38abfe73b6e8e164b0c3877d964bc0f333734869b5fa1e357fd8bc7b44	
/usr/share/cmake/Modules/Internal/CPack/CPackZIP.cmake	33188	851314fd95922c6e304ab59e92d8f3bb62c62a35313fe30343c32f856b616959	
/usr/share/cmake/Modules/Internal/CPack/ISComponents.pas	33188	4302928038236af3c974c672dbdaa9b47f3331dfe227780dcd40956b818602a7	
/usr/share/cmake/Modules/Internal/CPack/ISScript.template.in	33188	03a7d539688596ae2fbf633a83b002ecf2a3e139be65d0dca494552349070cb6	
/usr/share/cmake/Modules/Internal/CPack/NSIS.InstallOptions.ini.in	33188	8875db4e5bf7815cea267bce87cb947994a2e55e09e0edf0f728871bb5cffd7e	
/usr/share/cmake/Modules/Internal/CPack/NSIS.template.in	33188	07dabae7a0a3fe588c2b531dd52445170e570317ff2f46abfb3ea511d7d056ad	
/usr/share/cmake/Modules/Internal/CPack/WIX-v3	16877		
/usr/share/cmake/Modules/Internal/CPack/WIX-v3/WIX.template.in	33188	97a8bbcaad686b1d97cf9b7031f9bc808eca27da5f5212110182fdb4e0a6b705	
/usr/share/cmake/Modules/Internal/CPack/WIX.template.in	33188	1404e90613e5d963113dd95f5750ecf23e2df16cbf42ad6d82fc352149a9dfd3	
/usr/share/cmake/Modules/Internal/CheckCompilerFlag.cmake	33188	089946fb9109f189fef3018863d16786f070af2b2cb2ec70bf764b848cf9ca87	
/usr/share/cmake/Modules/Internal/CheckFlagCommonConfig.cmake	33188	20be98eec6f6963f2e53d604868989dff5f4c6a8fb3e32623910a3287c4a8d3f	
/usr/share/cmake/Modules/Internal/CheckLinkerFlag.cmake	33188	48a3e35292bdd3b758d98934b5b23e0e5cb1303d5a208be194d292c062832e3f	
/usr/share/cmake/Modules/Internal/CheckSourceCompiles.cmake	33188	68c9b59692fa92ddcbc06fded4797299456bbd62246b8074c39f7b9101a1d22d	
/usr/share/cmake/Modules/Internal/CheckSourceRuns.cmake	33188	72395e2891e3403fee5b15b7a33b2ec9cb73e57ac1e4d7b777595907d1310e50	
/usr/share/cmake/Modules/Internal/FeatureTesting.cmake	33188	feedac41fcac5fadd770411b58c8238b7dfadbaad09c873367deef6986bb5199	
/usr/share/cmake/Modules/Internal/HeaderpadWorkaround.cmake	33188	63064321b53067aa35d87a3bada27a814397a14d2e464f3ddcc9f30ed5b6a29a	
/usr/share/cmake/Modules/Internal/OSRelease	16877		
/usr/share/cmake/Modules/Internal/OSRelease/010-TryOldCentOS.cmake	33188	bafd4ec1ddd2753e17412e59d6c52287643f711701b65dce9e37d0d579834854	
/usr/share/cmake/Modules/Internal/OSRelease/020-TryDebianVersion.cmake	33188	cbf7a8e900c76f7f0184186da547aeeca53dfbffbe95e8ef54862d1246b70b63	
/usr/share/cmake/Modules/KDE3Macros.cmake	33188	930ad7820d483ced33630a9c350c124f5322beabdf4ac9d68dde881911a3b854	
/usr/share/cmake/Modules/Linker	16877		
/usr/share/cmake/Modules/Linker/AIX-ASM.cmake	33188	8190368a898d1ba74d50ef98c85ef0ef38887fb2d856dc2fa9993c9b165d7af1	
/usr/share/cmake/Modules/Linker/AIX-C.cmake	33188	508e83b2a485ea06e85eba5176477944d39df89c45b441758f988d3cddfb246a	
/usr/share/cmake/Modules/Linker/AIX-CXX.cmake	33188	b5aec3e6f53248b75299e4bec94d58e781292760f16d30879f9028f71afe1a5b	
/usr/share/cmake/Modules/Linker/AIX-Fortran.cmake	33188	33c9e8136c79a3c4fe10e95043b2edd7f57837fcc1dadebaf83140e9e6ce3ce4	
/usr/share/cmake/Modules/Linker/AIX.cmake	33188	bdefa97b91924ccb0f6012a2cd0f853bd952409ce06ba6b5ee2269bcb8487d60	
/usr/share/cmake/Modules/Linker/AppleClang-ASM.cmake	33188	093bc61990897953cf2ce87aa7c08115a11e09fc2eb398cb18da60df658ac751	
/usr/share/cmake/Modules/Linker/AppleClang-C.cmake	33188	050ab4315e64b068710b1d0be184c281532df4bb6c5d24b91e42a1c7c970b8a6	
/usr/share/cmake/Modules/Linker/AppleClang-CXX.cmake	33188	e2dbe45a344d44b6b0cae24e7d0a057b553489d72fbe226a3b0308440531bf2f	
/usr/share/cmake/Modules/Linker/AppleClang-OBJC.cmake	33188	4067b3354a32b614f894364b9547d1db6fcd90c64308bb1ddbf4bd299d374667	
/usr/share/cmake/Modules/Linker/AppleClang-OBJCXX.cmake	33188	411c68d31d07ecd64aa92770ec125020e237d4e81cd5fb9f893a2cb7119d84af	
/usr/share/cmake/Modules/Linker/AppleClang.cmake	33188	97231f3b2abea5171c52282dfcb2ecc1e6891cf68b607e2f91daacb3bd774518	
/usr/share/cmake/Modules/Linker/GNU-ASM.cmake	33188	da5a5b8664a4cdba819661cce1004b4fe97a08fe4a474b34ff6ce6ded4c90e29	
/usr/share/cmake/Modules/Linker/GNU-C.cmake	33188	47cbb4fcaa07054003984a6abaa8526e242fc1acdec6cd0de0019ff44def19f7	
/usr/share/cmake/Modules/Linker/GNU-CUDA.cmake	33188	e7bb80d2bc9605d0d34d163323b7f9dee62e3684990795679e84c49aabc20ab0	
/usr/share/cmake/Modules/Linker/GNU-CXX.cmake	33188	c01b161790e66a6c9e5c731ed68910acab78b1997ee07bfeb8ae59479e3a4c4d	
/usr/share/cmake/Modules/Linker/GNU-Fortran.cmake	33188	7026d664fe84a8db2e5ce86e9367b14d6586837cea3f6c501b3ef9ae88eab6b1	
/usr/share/cmake/Modules/Linker/GNU-HIP.cmake	33188	943c8e130de49d45660d23cdd088eea162aefe13f8fbd18a428fede090ab1800	
/usr/share/cmake/Modules/Linker/GNU.cmake	33188	656a3b924212fbff390f6e81ebd5fb24009ea5d1e7fbab4b99451cb664072af3	
/usr/share/cmake/Modules/Linker/GNUgold-ASM.cmake	33188	8d63664404632a7020427792bec928b47217a827b922ee05c8f294e0e069aa4c	
/usr/share/cmake/Modules/Linker/GNUgold-C.cmake	33188	20fc70c59a63d9c6c7ade54475851ada39a17fce8570df242ad92e893bd0fe54	
/usr/share/cmake/Modules/Linker/GNUgold-CUDA.cmake	33188	956c8f4d8465ae6d2768eb59165aa4cf1273e4e4759831a6396626da5ee69d0b	
/usr/share/cmake/Modules/Linker/GNUgold-CXX.cmake	33188	34149dfece81b6545b5dbb76197856a83d5ef36044145180da09901b63f61916	
/usr/share/cmake/Modules/Linker/GNUgold-Fortran.cmake	33188	a8bca0a06e072558f437e8f116bed8992478b1055c149a1e711f61aa1bd50eca	
/usr/share/cmake/Modules/Linker/GNUgold-HIP.cmake	33188	18b601ea9c86a3467ac92efe6ef048879a62631e1fdd4ad8c224781bce7c6e1e	
/usr/share/cmake/Modules/Linker/GNUgold.cmake	33188	f177ac53ae1b4d8eadad5b5d80f8c2f3ee92bae84542067f21717e5cac2bf229	
/usr/share/cmake/Modules/Linker/LLD-ASM.cmake	33188	65e0509572dc3ac2bc6d46459dc1503189f858163abeeefd12e2fdedf5efae9e	
/usr/share/cmake/Modules/Linker/LLD-C.cmake	33188	d33e19b6fa490219e284d01f7788614b34ef40fac8b94d64e25ea577ccf666d9	
/usr/share/cmake/Modules/Linker/LLD-CUDA.cmake	33188	bdba96c6df9b15ffdfb17e5c7adb6b9e6f6bc891fe335dfb0f2cdb5ac10363b2	
/usr/share/cmake/Modules/Linker/LLD-CXX.cmake	33188	8eeafdb637b7a6855259a81b6d1478c73ebcbea033d07f76d675275141b3fb7d	
/usr/share/cmake/Modules/Linker/LLD-Fortran.cmake	33188	1bd809e63695296332ae220c70748b7972e1a608b9a38756e06be31c7d88000a	
/usr/share/cmake/Modules/Linker/LLD-HIP.cmake	33188	93d20a103533fe4ec6c2b6effd8a5bcf4cd9b577b557800dc0a46e46a265d353	
/usr/share/cmake/Modules/Linker/LLD-OBJC.cmake	33188	7cc0d027e5a3b613a0604638e622276b6519f7e8090a82290769bda32c25180b	
/usr/share/cmake/Modules/Linker/LLD-OBJCXX.cmake	33188	5f69cbf831d0c0552ce25d29abf5500be01f6a0980ab8a177b7dac6c18d62c91	
/usr/share/cmake/Modules/Linker/LLD.cmake	33188	39114b3a1da343ed3b7d090225192fad20c789155d56101f929827e66e207f35	
/usr/share/cmake/Modules/Linker/MOLD-ASM.cmake	33188	da5a5b8664a4cdba819661cce1004b4fe97a08fe4a474b34ff6ce6ded4c90e29	
/usr/share/cmake/Modules/Linker/MOLD-C.cmake	33188	47cbb4fcaa07054003984a6abaa8526e242fc1acdec6cd0de0019ff44def19f7	
/usr/share/cmake/Modules/Linker/MOLD-CUDA.cmake	33188	e7bb80d2bc9605d0d34d163323b7f9dee62e3684990795679e84c49aabc20ab0	
/usr/share/cmake/Modules/Linker/MOLD-CXX.cmake	33188	c01b161790e66a6c9e5c731ed68910acab78b1997ee07bfeb8ae59479e3a4c4d	
/usr/share/cmake/Modules/Linker/MOLD-Fortran.cmake	33188	7026d664fe84a8db2e5ce86e9367b14d6586837cea3f6c501b3ef9ae88eab6b1	
/usr/share/cmake/Modules/Linker/MOLD-HIP.cmake	33188	943c8e130de49d45660d23cdd088eea162aefe13f8fbd18a428fede090ab1800	
/usr/share/cmake/Modules/Linker/MOLD-OBJC.cmake	33188	eec63f688c01ed72029251005d8b4fd277c96fcf496f0242f43ad687cec252a8	
/usr/share/cmake/Modules/Linker/MOLD-OBJCXX.cmake	33188	4d7a1a7408661c91eb8300cd20af5c3814028f5e142cb7f2a8aa90949f0b53f1	
/usr/share/cmake/Modules/Linker/Solaris-ASM.cmake	33188	6eb6fe63366b33f4acdaca795840b134da8d7d7a5c9b77cadcc3a7d968f525f0	
/usr/share/cmake/Modules/Linker/Solaris-C.cmake	33188	9e66c930c15308dc1b016f5a942a57ef8c55d269c9c33808eb3779684dd36ace	
/usr/share/cmake/Modules/Linker/Solaris-CXX.cmake	33188	d85cef15ec01390ddef62e29933f3c16d51a44ad3586de7e3e30a7e201f9b272	
/usr/share/cmake/Modules/Linker/Solaris-Fortran.cmake	33188	4fcf6064a820e65f84299c9697be45d92472bcf3812b9fb2f99aa836cb314a10	
/usr/share/cmake/Modules/Linker/Solaris.cmake	33188	72822ce751ea7d60aca0bfc1d9a178d9d4aa0e80a4221a6cb6b982946339baad	
/usr/share/cmake/Modules/MacOSXBundleInfo.plist.in	33188	7b9a77a3e42769065d961cf0174b85c8f0765e48be8961e83a5d53ed8161930c	
/usr/share/cmake/Modules/MacOSXFrameworkInfo.plist.in	33188	3db92399af3740a9aeb5e039509a664d1dcfdc1fafdee50c3704349f9deeb0e1	
/usr/share/cmake/Modules/MacroAddFileDependencies.cmake	33188	1e7b9bbe498f35b1769c72111a8c8dd5fff468df97adeb5e5eafe4484f7aa2d4	
/usr/share/cmake/Modules/MatlabTestsRedirect.cmake	33188	99eb6568b448a0a6d3ce84ab67e13784eb393ce21d1cdcf21bc265940bc14fa9	
/usr/share/cmake/Modules/Platform	16877		
/usr/share/cmake/Modules/Platform/ADSP-C.cmake	33188	23fba4a381debb8d451723f8a0f573484cb8a5b266e60a2a30e6a21471ce2ade	
/usr/share/cmake/Modules/Platform/ADSP-CXX.cmake	33188	f20e5e5f3790e93b85469d8c20ec1ec23088af21ba3839b34a136341bafa16d5	
/usr/share/cmake/Modules/Platform/ADSP-Common.cmake	33188	ff74604ec5d5659e22effd48bf548f745a88d008a8d452cdfbd684f83de13243	
/usr/share/cmake/Modules/Platform/ADSP-Determine.cmake	33188	73d8da2793965c404f715a7a15dcb1ca633b7aa8cce220d46e974deb78218813	
/usr/share/cmake/Modules/Platform/ADSP.cmake	33188	578756704510353f3bd1131eef15e15c8afbfb997df82e91052b630e4eb90964	
/usr/share/cmake/Modules/Platform/AIX	16877		
/usr/share/cmake/Modules/Platform/AIX-Clang-C.cmake	33188	92b9b4d15cdd663ce20fd3acfc23655d4d374c6bcba3401e4131406aff48a497	
/usr/share/cmake/Modules/Platform/AIX-Clang-CXX.cmake	33188	057acf4b6c75001e06800bf4dbb25e21ccb38e2a8f0d2bb05c6a659dd46d2c80	
/usr/share/cmake/Modules/Platform/AIX-GNU-ASM.cmake	33188	784a015668e0ee814bfbc72acf786ad74131150628a3898c69eba4819f32510c	
/usr/share/cmake/Modules/Platform/AIX-GNU-C.cmake	33188	7ae0f27bc7460eede11eab4851290ee9064de3b2058e06862605774636fada03	
/usr/share/cmake/Modules/Platform/AIX-GNU-CXX.cmake	33188	5101b27c137299566f4ebed87a14c70d1af5bc4109c2358e940af56a5b449d65	
/usr/share/cmake/Modules/Platform/AIX-GNU-Fortran.cmake	33188	0324a585587b2e1210c72e2cee4991061326fc453474ad8cd4c066e0ba8224c1	
/usr/share/cmake/Modules/Platform/AIX-GNU.cmake	33188	12db0f2ec2b213d518795b4162cafb88508d122f209f8692e171d53535adc8af	
/usr/share/cmake/Modules/Platform/AIX-IBMClang-C.cmake	33188	a590cadd1faafa579d5f06f4c6c3eadf7c37bc45bb92530e9efea5a0e8f9204e	
/usr/share/cmake/Modules/Platform/AIX-IBMClang-CXX.cmake	33188	ceba56fc32619d5b4d64982d09f193bee8407ac7612c9683759ac8fce2408c74	
/usr/share/cmake/Modules/Platform/AIX-IBMClang.cmake	33188	7d1b45826f148d4873a5e046b4402978b47e3d7104e2ab9ca62e60dfbf7491af	
/usr/share/cmake/Modules/Platform/AIX-Initialize.cmake	33188	6be225516a05174f4332ba3fd619106fec77cf24eb4ab72f35fb000994293360	
/usr/share/cmake/Modules/Platform/AIX-LLVMFlang-Fortran.cmake	33188	0324a585587b2e1210c72e2cee4991061326fc453474ad8cd4c066e0ba8224c1	
/usr/share/cmake/Modules/Platform/AIX-VisualAge-C.cmake	33188	2bcbb4045c560b6e09c4b50da9b392068a0d290cc81d514f564c3abe51665d2c	
/usr/share/cmake/Modules/Platform/AIX-VisualAge-CXX.cmake	33188	9e8a80cd6bac2f47ed7342364d590f5b758f8df9d221c1ee9237ddb108e2b61d	
/usr/share/cmake/Modules/Platform/AIX-VisualAge-Fortran.cmake	33188	390a23396206a57187f17be95026a007bacd5153386d6e14b3e419f89914c06c	
/usr/share/cmake/Modules/Platform/AIX-XL-ASM.cmake	33188	cb61c11ae95842b022b2a184dbec72bfe9d110e4a0dded6621fd10134dfaa074	
/usr/share/cmake/Modules/Platform/AIX-XL-C.cmake	33188	2f6339adf582efcb1a0d56d8ac41c7fc27c67ea4bc86b4dddab731ecab4e8a25	
/usr/share/cmake/Modules/Platform/AIX-XL-CXX.cmake	33188	766384b4bd203071048b0f80938d9b8cca98dbd6db454eedb2136e00a81a42cd	
/usr/share/cmake/Modules/Platform/AIX-XL-Fortran.cmake	33188	a526f7c8d1a2eff6b17d1056eb54f110c44e54eb3654030eda277e1a47c172c1	
/usr/share/cmake/Modules/Platform/AIX-XL.cmake	33188	15d5d50e4cee788c323fdb515602e0d56ef7d42aa85baedaea1b38607d397f44	
/usr/share/cmake/Modules/Platform/AIX-XLClang-C.cmake	33188	f72bc43186da5992c23382e397ef85cb02329f8c9053bfd153c889ce8e33efe6	
/usr/share/cmake/Modules/Platform/AIX-XLClang-CXX.cmake	33188	61da9b636e5aa49f13f659bdb57cefc16d798c590712387fbda459c26b2c674e	
/usr/share/cmake/Modules/Platform/AIX-XLClang.cmake	33188	f8609f5db94c4132a5c4fd25cb2011ef5ce0ffd90a7905a6fad00c33b22ef595	
/usr/share/cmake/Modules/Platform/AIX.cmake	33188	b01c85a0cfb2f9088bc695ad1656d0a76815f180b02e08244b649f37dc2ef44f	
/usr/share/cmake/Modules/Platform/AIX/ExportImportList	33188	c3942f5da1caaaf3004870a05a3be5afb0c0bdd5380764138360674888551756	
/usr/share/cmake/Modules/Platform/ARTOS-GNU-C.cmake	33188	1dedaef759c4d3ea0336e9ab0b833eb8f825c6678edc79be1b0759cf19c0c1c1	
/usr/share/cmake/Modules/Platform/ARTOS.cmake	33188	db779574b346278eff69d5d4039a67804cc1134f486f553409f79b064b43c23f	
/usr/share/cmake/Modules/Platform/Android	16877		
/usr/share/cmake/Modules/Platform/Android-Clang-ASM.cmake	33188	b2d4c5462bfc13f8fecc3326e3b85ec58e120caae8f04e1991cbffbf56ed8edc	
/usr/share/cmake/Modules/Platform/Android-Clang-C.cmake	33188	91519e098cb0e06205636c24ae0ab07d6adfd4aa69cb6482a3447912470b8d5b	
/usr/share/cmake/Modules/Platform/Android-Clang-CXX.cmake	33188	f5a58e160d3e1f2c7667d1e123124a96f0d899db0d9071d1947f3d14e1816dbf	
/usr/share/cmake/Modules/Platform/Android-Clang.cmake	33188	d17bd45f7cbf418df844b5d81b050b5e6cf7904eb548379739b851a0014ebda6	
/usr/share/cmake/Modules/Platform/Android-Common.cmake	33188	4c92f92b74d8934829409f73f7debf552fb04b45ed3ac28405f36ab5560c7fd2	
/usr/share/cmake/Modules/Platform/Android-Determine-C.cmake	33188	3e271236d16c8c2145cc82cb27a09759d5405b19679b76a8e4bde687617573e5	
/usr/share/cmake/Modules/Platform/Android-Determine-CXX.cmake	33188	a3cb38c6d8a787bdb5f1bc6f409ae1dedb66b5679a9afb1c56a09839d3938f16	
/usr/share/cmake/Modules/Platform/Android-Determine.cmake	33188	a2d98e6a2ce645dda4492fecc663e40f61eb28b23f04071dfad8b1e9765a4f1b	
/usr/share/cmake/Modules/Platform/Android-GNU-C.cmake	33188	340faa2449255b8f08a70cb40cf3786360227728560c6360784d162d5b9350f2	
/usr/share/cmake/Modules/Platform/Android-GNU-CXX.cmake	33188	1eaa679a8b736e4e4cc31d700644239a57522bb07c790648b4e553ef90c629e0	
/usr/share/cmake/Modules/Platform/Android-GNU.cmake	33188	1e7e4c8fcf3149dd598397728dc6a55f1785a2e14c226a64840d3b1aa822542d	
/usr/share/cmake/Modules/Platform/Android-Initialize.cmake	33188	f3a4fb813b86387814ad89682a4bd8b0076a2508079132ee8756b3e9522ba7eb	
/usr/share/cmake/Modules/Platform/Android.cmake	33188	95edacd65485f3383efc48e8ca56cef6e31265851a97a495a7faa3f0c5259797	
/usr/share/cmake/Modules/Platform/Android/Determine-Compiler-NDK.cmake	33188	0587011f4585dcae9d3cb1cafb05a71ee487445ba4715112f483eb333b43877d	
/usr/share/cmake/Modules/Platform/Android/Determine-Compiler-Standalone.cmake	33188	e38413fd315e811ffbdf05f07e551874f2d055becc112cd550baa55ca31bd658	
/usr/share/cmake/Modules/Platform/Android/Determine-Compiler.cmake	33188	fb144858bb1461a82130607dd893148954941eaa5249a4897c314d0958a71682	
/usr/share/cmake/Modules/Platform/Android/VCXProjInspect.vcxproj.in	33188	0e2ad517384d069eb832bcd0e244c151519741ee9e16071ec849d7cb167aaa44	
/usr/share/cmake/Modules/Platform/Android/abi-arm64-v8a-Clang.cmake	33188	84e4d5a121bdeb1d34cf800a6b94e92758ba3285b53d5ea162efe210bd93a36c	
/usr/share/cmake/Modules/Platform/Android/abi-arm64-v8a-GNU.cmake	33188	1f844928c281810a3d2beda1a2f8325d4a37466fad78ed88e744e05950c1bbc5	
/usr/share/cmake/Modules/Platform/Android/abi-armeabi-Clang.cmake	33188	b5187e8083573fb67a387071484542993f351ec968c4854e9593a0e957bcd425	
/usr/share/cmake/Modules/Platform/Android/abi-armeabi-GNU.cmake	33188	0fe8827dadb86fd67ecfe1d1d44f55a96b9b39f0aea682eae7f61789378be077	
/usr/share/cmake/Modules/Platform/Android/abi-armeabi-v6-Clang.cmake	33188	1dd305e3f89484099c450e25f87d9c26506d8495a1c7cf6ed6651073a857d970	
/usr/share/cmake/Modules/Platform/Android/abi-armeabi-v6-GNU.cmake	33188	55538638a474b6c311a9e37fa8e3de6a896b19b9ea8cdff26f3db7f4010ce53f	
/usr/share/cmake/Modules/Platform/Android/abi-armeabi-v7a-Clang.cmake	33188	a1d698362b0f2d6405383af0be85b17676fc37a3ea4c450717c0ed5caca7c4dd	
/usr/share/cmake/Modules/Platform/Android/abi-armeabi-v7a-GNU.cmake	33188	b6c1dc352b6ffebf05052168cb0bef5a2846bf6cd0c27b53f7e40104e9bcae83	
/usr/share/cmake/Modules/Platform/Android/abi-common-Clang.cmake	33188	9dc8bce375f70ad3a5c8e744bbfede4bc12ad7f92ffba2700a814528310d8788	
/usr/share/cmake/Modules/Platform/Android/abi-common-GNU.cmake	33188	63962236c6d365ce83d9c23d3613eaaaf5bce8b98122af63a1b5784a7abf5559	
/usr/share/cmake/Modules/Platform/Android/abi-common.cmake	33188	9eecfd06c1d958ca02f02e98ee84075d69fa47d97cf0356f2a3fdcead4abd7f3	
/usr/share/cmake/Modules/Platform/Android/abi-mips-Clang.cmake	33188	647b1fc9ffe12e7969b57adcd80c8e9d1a94afdab99adabbb63bc9a52cdb7e34	
/usr/share/cmake/Modules/Platform/Android/abi-mips-GNU.cmake	33188	be2ca6738a1de66469c611b608cb427913e3222cdb4036deb35df53fd82128da	
/usr/share/cmake/Modules/Platform/Android/abi-mips64-Clang.cmake	33188	647b1fc9ffe12e7969b57adcd80c8e9d1a94afdab99adabbb63bc9a52cdb7e34	
/usr/share/cmake/Modules/Platform/Android/abi-mips64-GNU.cmake	33188	49713d959bb508fb8e6ecae1f2da5f227a884a66986626745543d8147d7a4c3b	
/usr/share/cmake/Modules/Platform/Android/abi-x86-Clang.cmake	33188	647b1fc9ffe12e7969b57adcd80c8e9d1a94afdab99adabbb63bc9a52cdb7e34	
/usr/share/cmake/Modules/Platform/Android/abi-x86-GNU.cmake	33188	abca25c0efeaf5526fa2d8be1b634818fd0b8133dbe8b35e223dcb2a991d8abc	
/usr/share/cmake/Modules/Platform/Android/abi-x86_64-Clang.cmake	33188	647b1fc9ffe12e7969b57adcd80c8e9d1a94afdab99adabbb63bc9a52cdb7e34	
/usr/share/cmake/Modules/Platform/Android/abi-x86_64-GNU.cmake	33188	643526c8a81b6a83d6c59ef8d3254c666b2d23377868f8760574dcc211085f7e	
/usr/share/cmake/Modules/Platform/Android/ndk-stl-c++.cmake	33188	228a2479930745457b89a26b7bc2c0020796d3c9b9527f69663f361d5b3f78ed	
/usr/share/cmake/Modules/Platform/Android/ndk-stl-c++_shared.cmake	33188	e72ae86cc557a74c7f1806ba85c1787a74f6bbe5db61c0d439cea9fa1d501308	
/usr/share/cmake/Modules/Platform/Android/ndk-stl-c++_static.cmake	33188	f208eef3b8d331e72b0cf36c18788cffbe765a8dda92f7614fcbe7c68bf6152e	
/usr/share/cmake/Modules/Platform/Android/ndk-stl-gabi++.cmake	33188	b5c164776dbd0abbbb133e291169e5ea02b5d08435f5382fc01b9cf348bf8ad2	
/usr/share/cmake/Modules/Platform/Android/ndk-stl-gabi++_shared.cmake	33188	6e31e7cf63d54081b002b3a72ef98f880393355924f96682c3741b84355f4698	
/usr/share/cmake/Modules/Platform/Android/ndk-stl-gabi++_static.cmake	33188	02053a901833abab849792ecde5c320a04326dafaec3644e3f530fec7ae640b5	
/usr/share/cmake/Modules/Platform/Android/ndk-stl-gnustl.cmake	33188	0eab0f8215d7677a75db4a31beb3efcaa99ae892279e90a8f8dc8835d2260a15	
/usr/share/cmake/Modules/Platform/Android/ndk-stl-gnustl_shared.cmake	33188	15e0f0d8f1d05d959a6a117d0d59108f5014efd7844e0a3e0a42dd7f1bf6a6c8	
/usr/share/cmake/Modules/Platform/Android/ndk-stl-gnustl_static.cmake	33188	da6e858525bf1048fa672130978566a0f95eb426404e8dedcce4cae318568646	
/usr/share/cmake/Modules/Platform/Android/ndk-stl-none.cmake	33188	4cd8b332ba06cdb057bf214c193484e5a4d623e5173a6a581bdff5b26e8d84f9	
/usr/share/cmake/Modules/Platform/Android/ndk-stl-stlport.cmake	33188	8250b9a1524b1c299a45ab691459490f5b48be374b523b7f4234f4d326711ac1	
/usr/share/cmake/Modules/Platform/Android/ndk-stl-stlport_shared.cmake	33188	ea3c1f8967e554f06e99713a4841fde9e416d8e276b3e6576952f06db4bb5951	
/usr/share/cmake/Modules/Platform/Android/ndk-stl-stlport_static.cmake	33188	00fafc0ffbf9795d5a80881ef6f6bfd759d207dad880dbf018b1627741ca959f	
/usr/share/cmake/Modules/Platform/Android/ndk-stl-system.cmake	33188	9481744eb6eeafbe57b1f44383902aa1d5defbccb09348925915e856880c4de1	
/usr/share/cmake/Modules/Platform/Apple-Absoft-Fortran.cmake	33188	4ed33aa845177f67e45500cad367f4ed56c2e01a90879a2b6cd778d3a1560d8c	
/usr/share/cmake/Modules/Platform/Apple-Apple-Swift.cmake	33188	57d75fd128cd45fa73a8ae658d4429b9bd09b5c80986b1b2a05d1cae2240828b	
/usr/share/cmake/Modules/Platform/Apple-AppleClang-ASM.cmake	33188	3aaa59594b4fbbdcbd9c313c1b3cc312127e14d43a679ea139f52518483087e5	
/usr/share/cmake/Modules/Platform/Apple-AppleClang-C.cmake	33188	92f633830d414f52fcd1e2ed9a615e5a6c70283e3b06b6ba3ce9812c5b3bc5c2	
/usr/share/cmake/Modules/Platform/Apple-AppleClang-CXX.cmake	33188	9801cf0a7cd1278d837025336215d4cefb0443cb8be723c7265d4298bc8c1789	
/usr/share/cmake/Modules/Platform/Apple-AppleClang-OBJC.cmake	33188	a14bbcc34afd4ef2a2ae39f0a0a2d394f192599dc2796cc31089bcc0d5d7d24a	
/usr/share/cmake/Modules/Platform/Apple-AppleClang-OBJCXX.cmake	33188	20577298a4beb21fbb3477b61d910305ca4ff8fd1eceeddceb95cc66a7c1e768	
/usr/share/cmake/Modules/Platform/Apple-Clang-ASM.cmake	33188	91182d9d546c8a239dff0bb981539379419e82f450ff3651950f5e278be563ed	
/usr/share/cmake/Modules/Platform/Apple-Clang-C.cmake	33188	c65a51c8afcb89dc4757ea1e1b07e97d466ce3cdc8563c3c8c2719fadc9ddd09	
/usr/share/cmake/Modules/Platform/Apple-Clang-CXX.cmake	33188	12e6cd8c0a59cd714a9507588f52517383331a3b972d6ffd0199379ae6cd6638	
/usr/share/cmake/Modules/Platform/Apple-Clang-OBJC.cmake	33188	067d73592c4fb13496f663380f7be8277735fcc4dff247066c3e73b143c9db7d	
/usr/share/cmake/Modules/Platform/Apple-Clang-OBJCXX.cmake	33188	dc3309dc2927c45b7c2d84e5eca1a74d8b07dcf6ebf6f222f65ff315a18a1c2b	
/usr/share/cmake/Modules/Platform/Apple-Clang.cmake	33188	8d53f277ec2f669a840fe6d5f909d53cfea8aaae89315dc55f9aa3c0f5eda8a5	
/usr/share/cmake/Modules/Platform/Apple-GNU-C.cmake	33188	4922725cd2a767a642da6cb065fb5d0b82da094b44c72ffed81daa196530fb33	
/usr/share/cmake/Modules/Platform/Apple-GNU-CXX.cmake	33188	b7deddc6c67ac45d48393a007ed96917568e95c73d89dc05aff217d05f660cf9	
/usr/share/cmake/Modules/Platform/Apple-GNU-Fortran.cmake	33188	bd60bf42d95e507f79878e09401d21f90ed8d49a7b8acc8d63703cfa464f56d1	
/usr/share/cmake/Modules/Platform/Apple-GNU-OBJC.cmake	33188	11dfeb79c47720edf059688e2ed568251e97584886d489bd83103d1122583fdf	
/usr/share/cmake/Modules/Platform/Apple-GNU-OBJCXX.cmake	33188	f584daf56c47a8130a7eb8174b45fde6f8ab95914cd27a500b2236cc63fd9032	
/usr/share/cmake/Modules/Platform/Apple-GNU.cmake	33188	9e304415704fe75e06fd62f4a604f2b66cee03f7c0987a0df4b971a5b97d186b	
/usr/share/cmake/Modules/Platform/Apple-Intel-C.cmake	33188	8acb4a9b95dd92cbfdd54432da5ca2280e4318fe7d8dc0ee4b3ac4e98295d11b	
/usr/share/cmake/Modules/Platform/Apple-Intel-CXX.cmake	33188	c615ccdc7c17d1608cb4505a60500d5bffe4115841d60134141e68fedf0dbff6	
/usr/share/cmake/Modules/Platform/Apple-Intel-Fortran.cmake	33188	75d781eb34f7063b31202b9b82a2e313f9322383e07c3a28146cb14091b2dbf7	
/usr/share/cmake/Modules/Platform/Apple-Intel.cmake	33188	a340d850d2e3ad24b261adc30aab10b2d026a4915455a39809a87313eb32465a	
/usr/share/cmake/Modules/Platform/Apple-IntelLLVM-C.cmake	33188	374410b26a1ebc7d685f8ffad66a089a0b2e5daa6ad747055ddef34bade1bc27	
/usr/share/cmake/Modules/Platform/Apple-IntelLLVM-CXX.cmake	33188	26ac9e8ec043452d3549b940d68bb5e440d80205c7cbc9cb0b9c286f30f9dd98	
/usr/share/cmake/Modules/Platform/Apple-IntelLLVM-Fortran.cmake	33188	e7d8499eea68d2b6ed654c052583851d07ae16f46de064c1626006c43c1e6471	
/usr/share/cmake/Modules/Platform/Apple-IntelLLVM.cmake	33188	3155cd4b2d08fec6b1557889607a8c2597a847ce94d7aa6138cf97ed147b81a3	
/usr/share/cmake/Modules/Platform/Apple-NAG-Fortran.cmake	33188	0d72cb625376323deee7b5f097030ba5b577a05092af9d24b3496bf19e8014da	
/usr/share/cmake/Modules/Platform/Apple-NVIDIA-CUDA.cmake	33188	0131dd32a7a4ee4ab40deaf02fd14dab37d338a6bf927c1f0a58e5a7a67caaf1	
/usr/share/cmake/Modules/Platform/Apple-PGI-C.cmake	33188	715fdf2db7257aa265bc2b615cfa2f4da50829e8ca4dbd2cf4c527f72353c520	
/usr/share/cmake/Modules/Platform/Apple-PGI-CXX.cmake	33188	33c7cb75b8e442a9b5334613f43d733b31bf82623f066ceb1d1b2e8841404123	
/usr/share/cmake/Modules/Platform/Apple-PGI-Fortran.cmake	33188	030016d882f51f1721ff40f391cd6a18fa79d17ac4a02d558b5cf67926290402	
/usr/share/cmake/Modules/Platform/Apple-PGI.cmake	33188	bdbb4a7c07b66f5222b564f975be10f4f6b8cdd509453f5274eec7750c3bde8d	
/usr/share/cmake/Modules/Platform/Apple-VisualAge-C.cmake	33188	979982398d178efc3fb459e0ebcaae3c94b07cff4a782eeeb7e6275d935bd14d	
/usr/share/cmake/Modules/Platform/Apple-VisualAge-CXX.cmake	33188	9da149bbc1b781f2917b4fe60f64fbd59f92a7100bd6977642948ec385d54c15	
/usr/share/cmake/Modules/Platform/Apple-XL-C.cmake	33188	293e1d072642975c9109e0432618e37f9d89a91f005d5b7d728ab77282279762	
/usr/share/cmake/Modules/Platform/Apple-XL-CXX.cmake	33188	bea277251fc13396824ae5a8d7e45739bbc00f0c2873d46d24b9934ff70fc98a	
/usr/share/cmake/Modules/Platform/BSDOS-Initialize.cmake	33188	6be225516a05174f4332ba3fd619106fec77cf24eb4ab72f35fb000994293360	
/usr/share/cmake/Modules/Platform/BSDOS.cmake	33188	69a7d267630a2f56653dedbc2abee8cd9d99cf2d97d3555254dbaa5b633b203f	
/usr/share/cmake/Modules/Platform/BeOS-Initialize.cmake	33188	5e441f215c94e07ab2b991b7871930db2dc05d0204ca97f13482055c49257477	
/usr/share/cmake/Modules/Platform/BeOS.cmake	33188	b7e0ed584404eb8eb21b24b84d2c80ae81147f680e885444cc6b9b57d4c7eaf0	
/usr/share/cmake/Modules/Platform/BlueGeneL-Initialize.cmake	33188	6be225516a05174f4332ba3fd619106fec77cf24eb4ab72f35fb000994293360	
/usr/share/cmake/Modules/Platform/BlueGeneL.cmake	33188	cdb116a62a026da93fb50e8890fa93504197c58d02dc6ee416a35512deccf0e6	
/usr/share/cmake/Modules/Platform/BlueGeneP-base.cmake	33188	a141a050986e71526a54616745ed907646549f588c3e9b48d9945862d09c1cb1	
/usr/share/cmake/Modules/Platform/BlueGeneP-dynamic-GNU-C.cmake	33188	8574341cff863deb0de07fad5782ba3d376d5a3029639859cd26e4289d337bad	
/usr/share/cmake/Modules/Platform/BlueGeneP-dynamic-GNU-CXX.cmake	33188	7f9eb5fd6605f40a114ffb9dbfa798292c816c939c252a3dc69777fb3c2230f7	
/usr/share/cmake/Modules/Platform/BlueGeneP-dynamic-GNU-Fortran.cmake	33188	2846fdc17a250b84ca3294b684d20e4f0c9aeaaae6912e93ffa0386791922582	
/usr/share/cmake/Modules/Platform/BlueGeneP-dynamic-Initialize.cmake	33188	6be225516a05174f4332ba3fd619106fec77cf24eb4ab72f35fb000994293360	
/usr/share/cmake/Modules/Platform/BlueGeneP-dynamic-XL-C.cmake	33188	d1eff31b09ef78c1759ba50d5c04c49499239c8988173ad9dd8a59994f73a6c2	
/usr/share/cmake/Modules/Platform/BlueGeneP-dynamic-XL-CXX.cmake	33188	775a81fe7b5f665a6cbcc7062caa487f9ec607faf2bd8e32c5dbcb25cc7bd364	
/usr/share/cmake/Modules/Platform/BlueGeneP-dynamic-XL-Fortran.cmake	33188	f77b2a141edf373ed17d0d13a50bd872c255e581e2a1a1a0335f67e6e54b2132	
/usr/share/cmake/Modules/Platform/BlueGeneP-dynamic.cmake	33188	d0f408923b99fc2ad92cb2d1ceba3847109c5571942234e0093792cc87f5f30a	
/usr/share/cmake/Modules/Platform/BlueGeneP-static-GNU-C.cmake	33188	160f5417499987fd1bac2c3a891f6e8bfbb54ed7705e7a10fbd6ed5dd036d177	
/usr/share/cmake/Modules/Platform/BlueGeneP-static-GNU-CXX.cmake	33188	7bd92546a64d52c4122057e1640e89eac906a040b23fb47cf4b252f490099a2e	
/usr/share/cmake/Modules/Platform/BlueGeneP-static-GNU-Fortran.cmake	33188	4340e0888d69c5cc6140b23685908373354cc386134e74d0bfc8a6042438b085	
/usr/share/cmake/Modules/Platform/BlueGeneP-static-Initialize.cmake	33188	6be225516a05174f4332ba3fd619106fec77cf24eb4ab72f35fb000994293360	
/usr/share/cmake/Modules/Platform/BlueGeneP-static-XL-C.cmake	33188	9f7974530ed4cf168ccfc348049319df2966cb8a0d0e01307665de2bb81306fc	
/usr/share/cmake/Modules/Platform/BlueGeneP-static-XL-CXX.cmake	33188	7d49569771f82119954143bea1b8a9493d00b93264f3bc5774ab5e5aa93650d0	
/usr/share/cmake/Modules/Platform/BlueGeneP-static-XL-Fortran.cmake	33188	12781d1762b5578ccc53c11e873eaaf254cdeffd7f1350bc1f9b99e22fda7b5f	
/usr/share/cmake/Modules/Platform/BlueGeneP-static.cmake	33188	ed9d80fb77dc2b6a88d705f4cc88ddc3c5ed59c5d8322b91c6d2c609799bfe33	
/usr/share/cmake/Modules/Platform/BlueGeneQ-base.cmake	33188	f03dc082cbaf54ab23312314eeacc280d368ad9d4a6e3ff27fbf7cbbd51c2957	
/usr/share/cmake/Modules/Platform/BlueGeneQ-dynamic-GNU-C.cmake	33188	540dacd3c263a9c01007f65fd412b55aa1b988e3ab5290fbb5eac3a3d9df7431	
/usr/share/cmake/Modules/Platform/BlueGeneQ-dynamic-GNU-CXX.cmake	33188	e07b7aae456c61f9aaf0d6d01e05bd8bd20f4b67fbacc93cfbeae73c152f2ffc	
/usr/share/cmake/Modules/Platform/BlueGeneQ-dynamic-GNU-Fortran.cmake	33188	b4859423fa0eed894393dd3744e36de9fb8450f900206aeeb104adb53a17bee2	
/usr/share/cmake/Modules/Platform/BlueGeneQ-dynamic-Initialize.cmake	33188	6be225516a05174f4332ba3fd619106fec77cf24eb4ab72f35fb000994293360	
/usr/share/cmake/Modules/Platform/BlueGeneQ-dynamic-XL-C.cmake	33188	42eac6630716e88c222a0c0cd464e9f974a583b6d2f222641b56b51a78c5ee16	
/usr/share/cmake/Modules/Platform/BlueGeneQ-dynamic-XL-CXX.cmake	33188	5b117329e43c554f4d9128e53a8fb3846b05b3bdede24776d7843af8fd770916	
/usr/share/cmake/Modules/Platform/BlueGeneQ-dynamic-XL-Fortran.cmake	33188	f5fa8c03ce0bcf4d51e94eaf706ab69ff40ac952f5fb654bd6fb042a7b507e9e	
/usr/share/cmake/Modules/Platform/BlueGeneQ-dynamic.cmake	33188	c668cd4a22f2abc82ce65ef0a2f9c993c3db144f1739e675a789e10c8fcec265	
/usr/share/cmake/Modules/Platform/BlueGeneQ-static-GNU-C.cmake	33188	768c1c276121ec7f909f6d51e0ac9e728b985cf9aa311c6d771e15a1d7b359ae	
/usr/share/cmake/Modules/Platform/BlueGeneQ-static-GNU-CXX.cmake	33188	30b56c3a3e1c568c285a98919fedcc6376f5d43426ba6926da9ba3dfeb549639	
/usr/share/cmake/Modules/Platform/BlueGeneQ-static-GNU-Fortran.cmake	33188	8a53fc003db165df9be9363dadccbef601eca1e09b2967175d46a9d418fffe15	
/usr/share/cmake/Modules/Platform/BlueGeneQ-static-Initialize.cmake	33188	6be225516a05174f4332ba3fd619106fec77cf24eb4ab72f35fb000994293360	
/usr/share/cmake/Modules/Platform/BlueGeneQ-static-XL-C.cmake	33188	8641114a24a64d1f21c648549f886b66e424bbf027dc3f0d5ff8a58aaa836623	
/usr/share/cmake/Modules/Platform/BlueGeneQ-static-XL-CXX.cmake	33188	5346400ca509dc491fee165ed3a3895aaf12c425934e4fd332db4631ac4b1c81	
/usr/share/cmake/Modules/Platform/BlueGeneQ-static-XL-Fortran.cmake	33188	47ae7ce0a9f8cf6e13ab03bcc1183f0bdf7d31b1497dcc1ab100eb35a6144390	
/usr/share/cmake/Modules/Platform/BlueGeneQ-static.cmake	33188	094de075eaf984f2414021665e5f199264a0a2c8238a64261bdd1dcbcd7c15ef	
/usr/share/cmake/Modules/Platform/CYGWIN-Clang-C.cmake	33188	6d20fc9f7d18ca1769d01a6e6037d7ceaf79a274acec54b414114e5b0fb6c7ca	
/usr/share/cmake/Modules/Platform/CYGWIN-Clang-CXX.cmake	33188	7dd81b0cc88c6710346c2bf9229226f49d130184456ee6b0d93777c66a600ec8	
/usr/share/cmake/Modules/Platform/CYGWIN-Determine-CXX.cmake	33188	69f378fec1edc22c1cd856bb92370eb40b53b45327d62faa8706b8776bc5d27b	
/usr/share/cmake/Modules/Platform/CYGWIN-GNU-C.cmake	33188	9a4780870aab6fee71959731c23a7d19fc57040ab5c68e7a63b1eb235cc388d2	
/usr/share/cmake/Modules/Platform/CYGWIN-GNU-CXX.cmake	33188	e3d09cfd85f64b95291772b911c13df5595c969fbd06cab9ec16abf5fcadfdd3	
/usr/share/cmake/Modules/Platform/CYGWIN-GNU-Fortran.cmake	33188	afa02d10b2d1d7fd9be5a338458f1986ceead6e3c89e5cccadd1a74bf28355cb	
/usr/share/cmake/Modules/Platform/CYGWIN-GNU.cmake	33188	9fed7e44175731319bc1126f87fa5c4bbcb77745db94b7a7203746c2d5a1bb9a	
/usr/share/cmake/Modules/Platform/CYGWIN-Initialize.cmake	33188	e057112c15d8480ea1937371233e4cc4461d872afe8d708761694801c9952f66	
/usr/share/cmake/Modules/Platform/CYGWIN-windres.cmake	33188	c73e7318397ae2f70d367ca58d34b02f47f7cf2995afb96ef0d3445468fb57ad	
/usr/share/cmake/Modules/Platform/CYGWIN.cmake	33188	f8c82a498c90684ee8c320c8c1b0112224890ee4a874ac433ea1785e05337c8f	
/usr/share/cmake/Modules/Platform/Catamount-Initialize.cmake	33188	6be225516a05174f4332ba3fd619106fec77cf24eb4ab72f35fb000994293360	
/usr/share/cmake/Modules/Platform/Catamount.cmake	33188	5beba84acb74a7ff45c4acc0ea8d85519b6d7a315180cf9c8dd9ed174d2facdf	
/usr/share/cmake/Modules/Platform/CrayLinuxEnvironment-Initialize.cmake	33188	24e9fc11a43dd1644c861cefd0e4b03560f4b9b8be7f681cb9d6350ffa963a19	
/usr/share/cmake/Modules/Platform/CrayLinuxEnvironment.cmake	33188	6861fb054800d98fe18d885582676f8a126f26e3bbe5371a7815dc5ad2160d46	
/usr/share/cmake/Modules/Platform/DOS-Initialize.cmake	33188	43aea4d76300e33d79049dd90c72a1e98dbdd9d43840f4bc86a154136e785191	
/usr/share/cmake/Modules/Platform/DOS-OpenWatcom-C.cmake	33188	b86de054091a00e04acb7793a498cc0b1684fd5558a98e7dfff76e1771eacfe3	
/usr/share/cmake/Modules/Platform/DOS-OpenWatcom-CXX.cmake	33188	a157cd6203b1b1cf1ed7450e6325d525b6cc95a04944274d9102a1c42ee21f8b	
/usr/share/cmake/Modules/Platform/DOS-OpenWatcom.cmake	33188	1b2e06258aa47061ee2a81b1f49a561dd99cd2899d6bff3d6fb0c6c2324cfb62	
/usr/share/cmake/Modules/Platform/DOS.cmake	33188	9ede4083a519f3c72ecb489a5881ac196cbb2b2803b4c355e823ecff534cfb92	
/usr/share/cmake/Modules/Platform/Darwin-Determine-CXX.cmake	33188	69f378fec1edc22c1cd856bb92370eb40b53b45327d62faa8706b8776bc5d27b	
/usr/share/cmake/Modules/Platform/Darwin-Initialize.cmake	33188	4cc06cafa1094668425ab8fa61c917f4aca0d20309ddb021b554aff870cb259b	
/usr/share/cmake/Modules/Platform/Darwin.cmake	33188	422f00aec0e669b7e5dc61f8548ed84594e929f8f54cbff01d6268d74d6c0c5c	
/usr/share/cmake/Modules/Platform/DragonFly-Initialize.cmake	33188	1b78a4bc46903d301187bf8dcb4b6a3cdaed2f15b25343c26f8191efc51a7ef0	
/usr/share/cmake/Modules/Platform/DragonFly.cmake	33188	17d125c0cb95c28a995057e2c6b47a73ed8fd877375d7b624245ab29116c9e63	
/usr/share/cmake/Modules/Platform/Euros.cmake	33188	378e002bd57399983cd581c5e02d96d4331aa7966b7fdbf9f9067981bf3b3b9c	
/usr/share/cmake/Modules/Platform/FreeBSD-Determine-CXX.cmake	33188	b6e5c1c826160c11c4f35ba6f0eeb1c62665a51d894c2353d8089f89e0609f05	
/usr/share/cmake/Modules/Platform/FreeBSD-Initialize.cmake	33188	f635422310d85ff76f89b6dac82b401c2d9bd1e5ed507fe5b2d3f14a8454403b	
/usr/share/cmake/Modules/Platform/FreeBSD.cmake	33188	f47e41902cb704955d98f6ec75d826446bfad2c61dc8e28c11125d3f77a56210	
/usr/share/cmake/Modules/Platform/Fuchsia-Initialize.cmake	33188	aa463348257b7d4db3e7cfaca5d050e6744c678996af23494f2007c315cde622	
/usr/share/cmake/Modules/Platform/Fuchsia.cmake	33188	14f9f90070fa7f59f71a8363d1f96ff44e9eb48e3481f1a40cdba86568d15d5f	
/usr/share/cmake/Modules/Platform/GHS-MULTI-Determine.cmake	33188	30843cb5432108cd94462e2d44616d505be4f7fba298e2e657756414c0dbb571	
/usr/share/cmake/Modules/Platform/GHS-MULTI.cmake	33188	a4b3865a9d82a8b0ae0f0795c36888c77713c1fc4fa4c443f2133e164bcb25d6	
/usr/share/cmake/Modules/Platform/GNU-Initialize.cmake	33188	1eedebc6c93cc28ec2cd1051aef17a8f2c750ad3045ae6ea2106c95b407f0177	
/usr/share/cmake/Modules/Platform/GNU.cmake	33188	81062069d6187251872acfa5e0b3e7399ad0a0696d738f88205dc50b5f1b69e2	
/usr/share/cmake/Modules/Platform/GNUtoMS_lib.bat.in	33188	f9ee9194fc4e2bafaa57a8f6a858c44999bf66f7649a11173b130bf7e24f1ab8	
/usr/share/cmake/Modules/Platform/GNUtoMS_lib.cmake	33188	b7bb7cc8cb30c568008851019e80f72b21e8eee77c5ce495c7384bf49b313fbd	
/usr/share/cmake/Modules/Platform/Generic-ADSP-ASM.cmake	33188	bf9dc8c0eec90f4362b476c2015baf6db8c206ceca0d2653cb6a00853b5d1c01	
/usr/share/cmake/Modules/Platform/Generic-ADSP-C.cmake	33188	19f2ca0dd10543387ae1bb19dc845ceb9e8de1af10f2254c1784e93f4effafeb	
/usr/share/cmake/Modules/Platform/Generic-ADSP-CXX.cmake	33188	2804c57cd7a24d5ea34b8999177f63959f11715e37e49ea5c9eac8405eb5bfae	
/usr/share/cmake/Modules/Platform/Generic-ADSP-Common.cmake	33188	d5d3ad998e578f56088cf102ac413dc3d1bbc03331da99464b94a7d138ed7dfe	
/usr/share/cmake/Modules/Platform/Generic-ELF.cmake	33188	580437d74fd46d4643eaaaf91ad5c62c2876b0f9c152241261eaa7437e7ed7a6	
/usr/share/cmake/Modules/Platform/Generic-SDCC-C.cmake	33188	82ec657b374f72c205c0fee890a527cf19e69b5559cb3bce3f9af3ceffe48283	
/usr/share/cmake/Modules/Platform/Generic.cmake	33188	1965382bec8a45a7435e2ad53c5d42f47bb836af448126c6a4cea7c0320f90fa	
/usr/share/cmake/Modules/Platform/HP-UX-GNU-ASM.cmake	33188	ae15944813bef9255916fc25bdc1d11027db5f564c6a63b97c24944e9828f710	
/usr/share/cmake/Modules/Platform/HP-UX-GNU-C.cmake	33188	909d4875043bf9fabe4c84859713a084517e4f9204d265d3186051076c6f5bd7	
/usr/share/cmake/Modules/Platform/HP-UX-GNU-CXX.cmake	33188	078c09326fdde4f1d1da8e11474826d56ffb6aa3f0b228bcf91fc408277516f1	
/usr/share/cmake/Modules/Platform/HP-UX-GNU-Fortran.cmake	33188	0aaeabe7f6ca162d345f02390378485f72a58f0c6563fe352c0bfa6b5dbd29b5	
/usr/share/cmake/Modules/Platform/HP-UX-GNU.cmake	33188	92eadcfcba860ba37e56d5e74bb649937f2cf6b448411c73a13b7d09057cfec5	
/usr/share/cmake/Modules/Platform/HP-UX-HP-ASM.cmake	33188	8a1a4b6f7dbae3912448c38405955fee0623a64247c7a5fb39540676a56a7f6a	
/usr/share/cmake/Modules/Platform/HP-UX-HP-C.cmake	33188	aeee796151b7c112ad315c6cd4c54a2a87a83dfbc5b78b39ff2cbc2ed54f9135	
/usr/share/cmake/Modules/Platform/HP-UX-HP-CXX.cmake	33188	78941095d8b2871b756be7d60c04debd069eed0422dc9afcd2f7192e0df63348	
/usr/share/cmake/Modules/Platform/HP-UX-HP-Fortran.cmake	33188	c99e2125cc5b1fb288af6886fc16140b8e56a791c458bc8561495184ac6ca121	
/usr/share/cmake/Modules/Platform/HP-UX-HP.cmake	33188	68c7e38518c09076418a5152621640748f30a2bd3497130f005fbb7be9079572	
/usr/share/cmake/Modules/Platform/HP-UX-Initialize.cmake	33188	6be225516a05174f4332ba3fd619106fec77cf24eb4ab72f35fb000994293360	
/usr/share/cmake/Modules/Platform/HP-UX.cmake	33188	b6a29040749cee2cdc92b55d898bc5327a0e2414f329430aacef1d2dc7ba5754	
/usr/share/cmake/Modules/Platform/Haiku-Initialize.cmake	33188	9b81c54f76b4829a88c2486b25c68f1ab710db836a8317acb9b1aa8f4d1dcb56	
/usr/share/cmake/Modules/Platform/Haiku.cmake	33188	8bc77c7c8cbd0fd61323469341a0a0cd585fac7ea6d331e027aae869867be447	
/usr/share/cmake/Modules/Platform/Linker	16877		
/usr/share/cmake/Modules/Platform/Linker/AIX-AIX-ASM.cmake	33188	0fa523f5d7eb1b30c330ba7cf91c6bb9efda1ce671cdb241bd097874f82795a2	
/usr/share/cmake/Modules/Platform/Linker/AIX-AIX-C.cmake	33188	d5791dd7fd914030b17e87a30085091cecf30dc72c7766322b536c68a8ec5999	
/usr/share/cmake/Modules/Platform/Linker/AIX-AIX-CXX.cmake	33188	eba7ff130462c7aaceff645b1d326dc37ed2feb71bb42b237070bb9d66239ed5	
/usr/share/cmake/Modules/Platform/Linker/AIX-AIX-Fortran.cmake	33188	7c9cb6fcee230912d8e2b2cdb4d5c08e29b21fec237838a042094253b56955c1	
/usr/share/cmake/Modules/Platform/Linker/AIX-AIX.cmake	33188	a82f1be3f7e913c68b22b20c5a34bb8a2b4c8fc9b78f82258c862ae538620c72	
/usr/share/cmake/Modules/Platform/Linker/AIX-ASM.cmake	33188	5401aba23aecf68b81cbc59074949d173a1590eeb0e9725ee87117406da925ed	
/usr/share/cmake/Modules/Platform/Linker/AIX-C.cmake	33188	4c64070e27bededd1857bd0da3ab53bdcc17d3d6ff52903f1ed5ea664d2d3a27	
/usr/share/cmake/Modules/Platform/Linker/AIX-CXX.cmake	33188	f66fb3b4e166795476262205ae553bada9c3cb5b15511c5e53b490f8fed628e4	
/usr/share/cmake/Modules/Platform/Linker/AIX-Fortran.cmake	33188	8c99cf35c82f87ddfccc69ae99033419677ce58dab6430c7c0d64fd9df8e8090	
/usr/share/cmake/Modules/Platform/Linker/Android-ASM.cmake	33188	df3cbe63e31f979946aeb8d227bc5f22f50f88e470603a1f53367c83306ec521	
/usr/share/cmake/Modules/Platform/Linker/Android-C.cmake	33188	1b861c7c9aecfbfdda2a13f89223c664f742a15bccc89e567014983efacdf63a	
/usr/share/cmake/Modules/Platform/Linker/Android-CXX.cmake	33188	40aecf1c75c0560b878745631e2fbf488ae0157d1ee9654c3ceec6c12110eaff	
/usr/share/cmake/Modules/Platform/Linker/Android-GNU-ASM.cmake	33188	2d8c1e3af7680de6e7227561a97451ff9ad08c4dfd77e341d65c23c3ea659dff	
/usr/share/cmake/Modules/Platform/Linker/Android-GNU-C.cmake	33188	92096cc94b219d56a19af0a9b94fbbc86b82aed74fcabb1d185994ead3a0522a	
/usr/share/cmake/Modules/Platform/Linker/Android-GNU-CXX.cmake	33188	55aed5a552b40d66cf6a541f4a601672a78f70933517124d5137ccff56ea7c3d	
/usr/share/cmake/Modules/Platform/Linker/Android-LLD-ASM.cmake	33188	34706f1e8d409f1beebbc2836d733fa26c880209d9f5f524a868daa993cc704c	
/usr/share/cmake/Modules/Platform/Linker/Android-LLD-C.cmake	33188	88a7ab6372400acf3042e065a65db26e9e326cf1fed06a83d2b67c007cd4b312	
/usr/share/cmake/Modules/Platform/Linker/Android-LLD-CXX.cmake	33188	84ae712fb46888500ec8bd4f029e9e059e38125608507a1c43d8f93f98fe09f0	
/usr/share/cmake/Modules/Platform/Linker/Apple-ASM.cmake	33188	cb37118c0d6e3953e7bc7c9b08316d62e05e2591e59642a6f743557fa369a124	
/usr/share/cmake/Modules/Platform/Linker/Apple-AppleClang-ASM.cmake	33188	12e8bef19b9a791186245f6d9ccef97dbeb724b9dc1cfb08d090d48d0b78701c	
/usr/share/cmake/Modules/Platform/Linker/Apple-AppleClang-C.cmake	33188	69773ed0e2ac565ddf1f8d2f54d1b130737aac28f1382350e413d146e7960c4f	
/usr/share/cmake/Modules/Platform/Linker/Apple-AppleClang-CUDA.cmake	33188	c9bdbca42374ed355732ebbdff3d6cf08fd6cf4362e871e7317e5e42b8de68aa	
/usr/share/cmake/Modules/Platform/Linker/Apple-AppleClang-CXX.cmake	33188	a70c360f80638a79b292e94ecee0acca7ec35e874faaba70b807d0a37b62b2ca	
/usr/share/cmake/Modules/Platform/Linker/Apple-AppleClang-Fortran.cmake	33188	e55ed021fc25392428e3a8b35dd8459bdea82feb3ac3868371b36a573afc9651	
/usr/share/cmake/Modules/Platform/Linker/Apple-AppleClang-OBJC.cmake	33188	4468497faed8226ba785869c852c36c90e57c10590b771721ac12addb63b4361	
/usr/share/cmake/Modules/Platform/Linker/Apple-AppleClang-OBJCXX.cmake	33188	2dac7057c10155a714f39996e721bf48f9133d831555f41c4d26b302c69a4540	
/usr/share/cmake/Modules/Platform/Linker/Apple-AppleClang.cmake	33188	555c0fdd9c73a9c2d88da3c27b1b266b234da6de44f5bf787328317fe33c4b5d	
/usr/share/cmake/Modules/Platform/Linker/Apple-C.cmake	33188	4d6f5b13fc3efe6ce1b00f0e51f7a4991ba6f77211d7d95fb421b0697b98a1d1	
/usr/share/cmake/Modules/Platform/Linker/Apple-CUDA.cmake	33188	9554c29e7d90ae79d1f4abbcccaf3b6e4c1550bdb04839e023c48c7601307512	
/usr/share/cmake/Modules/Platform/Linker/Apple-CXX.cmake	33188	eacdc482d40c222d8bd33b87a08212b95251303de5a1ace7b149e875aeee2fdc	
/usr/share/cmake/Modules/Platform/Linker/Apple-Fortran.cmake	33188	1a11ba3d8bf071d0b89910f4fb4f560a6744ad7e847749fc0abecaa871b20999	
/usr/share/cmake/Modules/Platform/Linker/Apple-LLD-C.cmake	33188	aa89e162f7b4fa18745269d2f7e91fee289650afe1e115f0638b986e03246df1	
/usr/share/cmake/Modules/Platform/Linker/Apple-LLD-CXX.cmake	33188	54f279cdd00ccf29a49bd796d30bffe68044a27e14ec8f7536e90f02605da08e	
/usr/share/cmake/Modules/Platform/Linker/Apple-LLD-OBJC.cmake	33188	566484e5bb3cb25d4c7e1d81dc09f6d21aa3d80930c80a816131efc73c1399fd	
/usr/share/cmake/Modules/Platform/Linker/Apple-LLD-OBJCXX.cmake	33188	369330435ee8ba7b16e27650a5013dfafa63b5a3fb748283f59e9b2e7b385993	
/usr/share/cmake/Modules/Platform/Linker/Apple-MOLD-C.cmake	33188	1372b927f2774d19351e0b7dfa46f5d9228a3d39aaf0c9912b611da7916b62b9	
/usr/share/cmake/Modules/Platform/Linker/Apple-MOLD-CXX.cmake	33188	e7e6dd001ad74579e205b05dbb9b16382afc0dd97f081b247ad672590b6ff98b	
/usr/share/cmake/Modules/Platform/Linker/Apple-MOLD-OBJC.cmake	33188	3a435fe8838698b59e4604c9903cbed127a5c5c2d413518e942331e22681f38d	
/usr/share/cmake/Modules/Platform/Linker/Apple-MOLD-OBJCXX.cmake	33188	7902d0575af5bd60f634f23a3493d6d771d34e9a52caf0c743bde372ec355a78	
/usr/share/cmake/Modules/Platform/Linker/Apple-OBJC.cmake	33188	854dbec27264b78bccf05ad3748a7b1f81ede05c519a5b59d64c39c2ccad17c3	
/usr/share/cmake/Modules/Platform/Linker/Apple-OBJCXX.cmake	33188	4d9c7363cfcbf4aae8b74ee813730c9b825cdf153f021489e04ffd6f642680dd	
/usr/share/cmake/Modules/Platform/Linker/BSD-Linker-Initialize.cmake	33188	19ac8dd3f69c5cf98902c2c150d9759482488aefee9efd076bc4cfa250619690	
/usr/share/cmake/Modules/Platform/Linker/CYGWIN-ASM.cmake	33188	3f72296f9a1890a2b2ce61ca419c2d2da6448bb0daabf5eaa2f3a7c466d4e0d5	
/usr/share/cmake/Modules/Platform/Linker/CYGWIN-C.cmake	33188	0c26515dc4cf0be26224cdbb1551ad4b75df25cf17d331636bc55ff85d420130	
/usr/share/cmake/Modules/Platform/Linker/CYGWIN-CXX.cmake	33188	850eed02c3fd493edb84ea854c20428ccdd77eb1b90e52f7bf4f31776c6edfa3	
/usr/share/cmake/Modules/Platform/Linker/CYGWIN-Fortran.cmake	33188	c2b914d00110b5d7308f59995c201380215b4f266132c3ca06009717d80a095b	
/usr/share/cmake/Modules/Platform/Linker/CYGWIN-GNU-ASM.cmake	33188	d6e87009b556d8637b035d89ea2d865b3d580c9b63c4c4da5aecd62a7b94e92c	
/usr/share/cmake/Modules/Platform/Linker/CYGWIN-GNU-C.cmake	33188	9659d83e0dd92f7ba82df3538f703214827a7a1d0f3063f6adf7e4aae78a7a3f	
/usr/share/cmake/Modules/Platform/Linker/CYGWIN-GNU-CXX.cmake	33188	49f2d34ecb1e70d77f7300173f7523c1b606a01cc1134fd773123178cbfa421b	
/usr/share/cmake/Modules/Platform/Linker/CYGWIN-GNU-Fortran.cmake	33188	70d55539c0d02c492fe7531b3459dddaf7d3c31a18c298c98f48f0b58c57b74b	
/usr/share/cmake/Modules/Platform/Linker/CYGWIN-GNU.cmake	33188	68dc641c7f488edc9a7dc1b69d3f2e30d0ad5a454a40b11d38f0f5759df22eaf	
/usr/share/cmake/Modules/Platform/Linker/CYGWIN-LLD-ASM.cmake	33188	e086fa93fa1d996cf3d89ad315f6c643952872f7704cfeb9f3cb1b7b2db2e616	
/usr/share/cmake/Modules/Platform/Linker/CYGWIN-LLD-C.cmake	33188	b17c32672a2e73bd7d84a97c865dbd76a12232456ad0c728207825d11bbfe744	
/usr/share/cmake/Modules/Platform/Linker/CYGWIN-LLD-CXX.cmake	33188	9d0aca055c1a946831fa8444084cdc09e71938ea1cbef37f13147de767cda9d9	
/usr/share/cmake/Modules/Platform/Linker/CYGWIN-LLD-Fortran.cmake	33188	b4fe1937f219f340d22ba661bafe3b9907cfe435072c1988ec600b2f4adfd3ea	
/usr/share/cmake/Modules/Platform/Linker/CYGWIN-LLD.cmake	33188	0f72c4c5980c9810e9eafe5f5d06da7ce661e1b68a16ce3e1aad931a9904f5a2	
/usr/share/cmake/Modules/Platform/Linker/DragonFly-ASM.cmake	33188	edd08f335baeaa00f07c4a44b45557dc2d55ed63ddd82cacaf598345d6867f25	
/usr/share/cmake/Modules/Platform/Linker/DragonFly-C.cmake	33188	2dd1616ba0feb3829fa445dc4045c1a569d63fc267ef0d60832424d60d6e0fda	
/usr/share/cmake/Modules/Platform/Linker/DragonFly-CXX.cmake	33188	7e3b6a548ce060554e8a5addd661545c1937a76e7e5fe02b6ed792a71dc6f814	
/usr/share/cmake/Modules/Platform/Linker/DragonFly-Fortran.cmake	33188	c5d6b44555589a18da5d9aba7eddca721ebbd0bcb036892732c4e53412447ad9	
/usr/share/cmake/Modules/Platform/Linker/DragonFly-GNU-ASM.cmake	33188	d23e9881d8ef6eb2940e55638a46c37126775ecd0bb61d9c0ab5e2d8b49cbe2c	
/usr/share/cmake/Modules/Platform/Linker/DragonFly-GNU-C.cmake	33188	8ee9f61bd34bbec94d2e466d5d42287d8ff84753bf6ac561d3bf7fb92dc96aba	
/usr/share/cmake/Modules/Platform/Linker/DragonFly-GNU-CXX.cmake	33188	aa1ec460d6f63af6a9c0ee91183269fe0a28318fd804b6f881dbaf59a7f5db31	
/usr/share/cmake/Modules/Platform/Linker/DragonFly-GNU-Fortran.cmake	33188	238d3ca78288f4d2063228122bff3b02634a041ed5893e87957e0f509c4c3c57	
/usr/share/cmake/Modules/Platform/Linker/DragonFly-LLD-ASM.cmake	33188	902b6be3603f67c7fe4a31e9dd3cf697e5d9cc66ecfe4dc165d82ac03855ba57	
/usr/share/cmake/Modules/Platform/Linker/DragonFly-LLD-C.cmake	33188	02924282a4746d9db2f76a18ad69c2588c930074f2141b8e3b6d36019048c846	
/usr/share/cmake/Modules/Platform/Linker/DragonFly-LLD-CXX.cmake	33188	4fb7f2448fddd34701fcaf2671ef93a050b763d2c273e0a5460afe8ec45b52e4	
/usr/share/cmake/Modules/Platform/Linker/DragonFly-LLD-Fortran.cmake	33188	6ae278f8aa7b1daceaa700dc87765e403730bb7cebaf63e9544f11fa4d985e1e	
/usr/share/cmake/Modules/Platform/Linker/FreeBSD-ASM.cmake	33188	6f23b25c51ed0f251dbef832c7647d9381bad83f9cb6a0d61ecb7e9635127358	
/usr/share/cmake/Modules/Platform/Linker/FreeBSD-C.cmake	33188	177602958aa38df2d5c072ed79369e98d7fab046d54782421c61804fc775ba34	
/usr/share/cmake/Modules/Platform/Linker/FreeBSD-CXX.cmake	33188	939e16021062d86bb2263a2227763fbc752c2d7ab2afd10baed07d4585c3e84b	
/usr/share/cmake/Modules/Platform/Linker/FreeBSD-Fortran.cmake	33188	91dbb56e40d19a797e63ad4fd20ea82eec99c95e142387695ab23a3dcc0a89dc	
/usr/share/cmake/Modules/Platform/Linker/FreeBSD-GNU-ASM.cmake	33188	a5458923141f928d8be92417e6ce02cfdca90891178452156516c0bdf7e20cbe	
/usr/share/cmake/Modules/Platform/Linker/FreeBSD-GNU-C.cmake	33188	1fb2a5a0d90dcf0862396c30d40273615a883dd462a44d248875e02fb15ca146	
/usr/share/cmake/Modules/Platform/Linker/FreeBSD-GNU-CXX.cmake	33188	8d12e21ce4fc45850c309443479693a9184ab083d9f6b002c0e82b6aee69282e	
/usr/share/cmake/Modules/Platform/Linker/FreeBSD-GNU-Fortran.cmake	33188	bbe306ec85624b69ba27a63abc48128f11b8a03dd308d72b90d017205153d3f5	
/usr/share/cmake/Modules/Platform/Linker/FreeBSD-GNU.cmake	33188	d720b9914c7b280fa184804b821e460fb17ca5b5938f783603d454644b8094f6	
/usr/share/cmake/Modules/Platform/Linker/FreeBSD-LLD-ASM.cmake	33188	8a3feb6b45403d0ed91be40bdc20fe3f8c3d82640c50c78bd7c8f09f71681807	
/usr/share/cmake/Modules/Platform/Linker/FreeBSD-LLD-C.cmake	33188	3fe161dbc2f7e36a9cb1c5780163c58be82f91e1dd6447cf5462aca514b03d98	
/usr/share/cmake/Modules/Platform/Linker/FreeBSD-LLD-CXX.cmake	33188	81eb9c918b65cbf5f7379eae90f21f645c9d9e19fbac1def1b7559bde4b199e7	
/usr/share/cmake/Modules/Platform/Linker/FreeBSD-LLD-Fortran.cmake	33188	5f1da7ec349baedc33093778a280047908c154b682b801fbd166297dcb6fadc6	
/usr/share/cmake/Modules/Platform/Linker/FreeBSD-LLD.cmake	33188	b4fb320cdc2cc98aca946aee14377aea0bd2f3a47515e803a5314db93c78c93c	
/usr/share/cmake/Modules/Platform/Linker/GNU-ASM.cmake	33188	12815dc1e43bc25e930bd99f793a60077c01865474ad14371283f68c08e23d41	
/usr/share/cmake/Modules/Platform/Linker/GNU-C.cmake	33188	2c20c4dd486988a19e7aa0a2028219dcba47f3e95050d57976f119ad8920f784	
/usr/share/cmake/Modules/Platform/Linker/GNU-CXX.cmake	33188	2de1d4a4e7fcc4061499bcff21d03982b5be99dfe3eadc4d931f64c1e009c8ca	
/usr/share/cmake/Modules/Platform/Linker/GNU-Fortran.cmake	33188	b148a82dcad41ff6f0758e3453dc1fb44bac88232292c63a3a39d50bed4fe35e	
/usr/share/cmake/Modules/Platform/Linker/GNU-GNU-ASM.cmake	33188	35130453dbc953d65766caed1afd3dd4ecae899cbf74404afd1a91ddfb5845f4	
/usr/share/cmake/Modules/Platform/Linker/GNU-GNU-C.cmake	33188	f2f19a18064ca2479134826035f8e0ef425425df68c98428ddddc850dfe88264	
/usr/share/cmake/Modules/Platform/Linker/GNU-GNU-CXX.cmake	33188	92b93614d237bf82118b572a9ebabab9629bb0f357e8355edab330cca457732d	
/usr/share/cmake/Modules/Platform/Linker/GNU-GNU-Fortran.cmake	33188	cd7b347deb573f994ebf8813117c0106d1234780169f3b5b054f7f720174859d	
/usr/share/cmake/Modules/Platform/Linker/GNU-GNU.cmake	33188	0d32d64ffe28abb4ba9b2aa41c166d1b191277360903efc52375c30243e313b5	
/usr/share/cmake/Modules/Platform/Linker/GNU.cmake	33188	864e1122b5a6e9075e8b3ebf83cc3072342804e476bcc3107313548d6411e252	
/usr/share/cmake/Modules/Platform/Linker/Linux-ASM.cmake	33188	57811d2579262a8f2cea083da568fc60805b20eee5472909af8f2c50b6292f02	
/usr/share/cmake/Modules/Platform/Linker/Linux-C.cmake	33188	5eb43eac531b772ead077394b1f05d0de47639b013bd0eff5c92cf58614d0652	
/usr/share/cmake/Modules/Platform/Linker/Linux-CUDA.cmake	33188	71848ee2803400fa2cfcbc65fda18295a779261c7827d4df296d3e34826c3db5	
/usr/share/cmake/Modules/Platform/Linker/Linux-CXX.cmake	33188	7e14998cf7136b534d73a0eebbf14d28b38a1421e59be65ddc500adfee75a6bc	
/usr/share/cmake/Modules/Platform/Linker/Linux-Fortran.cmake	33188	faf47c2c0ada1e0daa0c04f356bc544dfd726b414895bdf06912e7a537c2ae59	
/usr/share/cmake/Modules/Platform/Linker/Linux-GNU-ASM.cmake	33188	93a78c82417a80eb6fba6f319cd44b6989f95f8dce9781fd334f21671754f7b4	
/usr/share/cmake/Modules/Platform/Linker/Linux-GNU-C.cmake	33188	7b1bc423cfc1a237472f0eacc8b21a3f8a86a38dc42442af738819714ebf7cf9	
/usr/share/cmake/Modules/Platform/Linker/Linux-GNU-CUDA.cmake	33188	06640fce325047590f20877ad4f7e7b190f40348f43c1210520c099ebad494c3	
/usr/share/cmake/Modules/Platform/Linker/Linux-GNU-CXX.cmake	33188	abb0087b9e0c4f6ee6e23e57d19e7944a66d657d1565cfb6fff11c9a0b9115dd	
/usr/share/cmake/Modules/Platform/Linker/Linux-GNU-Fortran.cmake	33188	6f22aa0a63f8f4cab7f8c4d20a878bcf367f8ef5200dbd4cab67db1ad96973cd	
/usr/share/cmake/Modules/Platform/Linker/Linux-GNU-HIP.cmake	33188	dd1d2ff79ecd4f7d50f7e2bc693726d57f9194c02ea7d3025a1002d7f623d673	
/usr/share/cmake/Modules/Platform/Linker/Linux-GNU.cmake	33188	f2da9887e35872ffb68ff9576d84378d8a3d5778ba0899e615166a9480393c59	
/usr/share/cmake/Modules/Platform/Linker/Linux-GNUgold-ASM.cmake	33188	8029a74cad8def44ac2a0cb0eacb96327a80bb75c4034605dd20b3491c8259fa	
/usr/share/cmake/Modules/Platform/Linker/Linux-GNUgold-C.cmake	33188	78f1a0673255f4ad1b838cbac04b294aa94dd5110a1a6be3d40558e297b10acc	
/usr/share/cmake/Modules/Platform/Linker/Linux-GNUgold-CUDA.cmake	33188	0e5cc51e91760023c8e5942a7d1ece5fdcb94e096e26096ac2291510d67dc812	
/usr/share/cmake/Modules/Platform/Linker/Linux-GNUgold-CXX.cmake	33188	e9510ea1bef2a6dbfdf73ecd44c59a8d8327d834eb517a666ba5c0b4718f0c41	
/usr/share/cmake/Modules/Platform/Linker/Linux-GNUgold-Fortran.cmake	33188	18a5c0629e323ed7e0c27f7c074730c290f17f2e3598eb3632f4882e6c7b43db	
/usr/share/cmake/Modules/Platform/Linker/Linux-GNUgold-HIP.cmake	33188	10d8117080deedc95b164f5db0699114fb09099d837ba0480e4ef2bf9b58ed72	
/usr/share/cmake/Modules/Platform/Linker/Linux-HIP.cmake	33188	7b0c409f4505b18cba9f71054f3fbc7dc8fdaf1c67d0c739e5592fe9cdb2861c	
/usr/share/cmake/Modules/Platform/Linker/Linux-LLD-ASM.cmake	33188	c372c428dfa07414c6efd5ebc9c9ca3dda41386582b1e2f2c7ae6c22b9e3a06d	
/usr/share/cmake/Modules/Platform/Linker/Linux-LLD-C.cmake	33188	22808a46cc52205a4d80cf44eef92d6f432405604fa1227ab2ee02e442717670	
/usr/share/cmake/Modules/Platform/Linker/Linux-LLD-CUDA.cmake	33188	9f07c361a77c39b38b13b77a60dbc12293484bd2f83c8361bd968277298bcd0d	
/usr/share/cmake/Modules/Platform/Linker/Linux-LLD-CXX.cmake	33188	1244fbea0e4c613667234197cf3ff259c2fafc10e7d1128ecf33b1d522fd81fd	
/usr/share/cmake/Modules/Platform/Linker/Linux-LLD-Fortran.cmake	33188	97ece9eadae08f5d648dbd6a006834475f4be6cb97da95fc9944e3f2d1d62d97	
/usr/share/cmake/Modules/Platform/Linker/Linux-LLD-HIP.cmake	33188	94253a0ecc0be1c4269f2fc7da8618dcc57e14eba47dc2d971579845d6cfa73d	
/usr/share/cmake/Modules/Platform/Linker/Linux-LLD.cmake	33188	6a02132b496fc609d9fb3e085c5e512b387b292223f656d97fd72a0f6ab0df8f	
/usr/share/cmake/Modules/Platform/Linker/Linux-MOLD-ASM.cmake	33188	3d32f8aa9a8c8c95f499563d3e2cc07ae2ddc4eb0f6c107ff4b531bad1eaa81c	
/usr/share/cmake/Modules/Platform/Linker/Linux-MOLD-C.cmake	33188	a14e352fbf873ffcf3ed46d5575d88bee2e7a5fcaff1d71432e880f2ac0341a0	
/usr/share/cmake/Modules/Platform/Linker/Linux-MOLD-CUDA.cmake	33188	61a9dbc162d6a547acff51fd98c78589f562ba556dcb7039da5fb1adba46b38c	
/usr/share/cmake/Modules/Platform/Linker/Linux-MOLD-CXX.cmake	33188	e1e040c65ec3c95286d33dd78f41c62823e8641550e8b241195936c4a3e85e54	
/usr/share/cmake/Modules/Platform/Linker/Linux-MOLD-Fortran.cmake	33188	dba31d4a6e0e31478e9b9935f8639f42bcdc90e8b6a0ecbaf701d1c00f0e80e5	
/usr/share/cmake/Modules/Platform/Linker/Linux-MOLD-HIP.cmake	33188	3540cc661bc48c6a43979c1282938286383948bb722cac6067412632d8f9e94a	
/usr/share/cmake/Modules/Platform/Linker/Linux-MOLD.cmake	33188	3659131c2049bdc6e472fcded6c06f4728de9f97fdae67c26e947022b410c47d	
/usr/share/cmake/Modules/Platform/Linker/MSYS-ASM.cmake	33188	4dd38fe340bfc755817fd05fd3da8ab80f1566ec5f13d9d6194967e10f6bc951	
/usr/share/cmake/Modules/Platform/Linker/MSYS-C.cmake	33188	2587a43b22f667ca2f8fa80021a5f2ebe378d8c936e11a989890328cc2f77657	
/usr/share/cmake/Modules/Platform/Linker/MSYS-CXX.cmake	33188	476f0cadc4e4d4d46c6dfd5c8553dd28400ba9617749129edb65c72690f7acc1	
/usr/share/cmake/Modules/Platform/Linker/MSYS-Fortran.cmake	33188	0922a518f4042a30060ff2d10f1d616a3126969af7aa8a647aa31a111b29a35d	
/usr/share/cmake/Modules/Platform/Linker/MSYS-GNU-ASM.cmake	33188	bab56f4b3ae805def944a602b6fe53c40982d93090a53bf88fcb8243b1e8ea86	
/usr/share/cmake/Modules/Platform/Linker/MSYS-GNU-C.cmake	33188	03fcad323be50d30dc5288338a14d50f7e7bb3d69070a2f8a38d12efdbbf88db	
/usr/share/cmake/Modules/Platform/Linker/MSYS-GNU-CXX.cmake	33188	7cfa8d69d6a9d10417dc9a8137c7cc78ceb6283d9a9151b3ceb74fffbe1445ad	
/usr/share/cmake/Modules/Platform/Linker/MSYS-GNU-Fortran.cmake	33188	6985a81c1dcff6bcb55a8b407c99f94a021eb00d2b1fc40de4789d6d703d14ed	
/usr/share/cmake/Modules/Platform/Linker/MSYS-LLD-ASM.cmake	33188	5a231c761925c56f8a27c7947b2082e3c6c87fe9633b644deec27718bcdad9cc	
/usr/share/cmake/Modules/Platform/Linker/MSYS-LLD-C.cmake	33188	97804b83a747287033ada84796581442fead96d3dce90ff141ed235c29b84d6a	
/usr/share/cmake/Modules/Platform/Linker/MSYS-LLD-CXX.cmake	33188	520ca136f5aec0f379ff7d771c1395afcd000a8d6605ca993b2c27c5775aa9ad	
/usr/share/cmake/Modules/Platform/Linker/MSYS-LLD-Fortran.cmake	33188	ec29e8b7b7159fa007e73b6b39d64ab57263f26cf5f465b2dd24f9ff16ab732f	
/usr/share/cmake/Modules/Platform/Linker/MirBSD-ASM.cmake	33188	da340c4225938879cfb5904d48e8926da16ecc778d258f791144de1d26732e02	
/usr/share/cmake/Modules/Platform/Linker/MirBSD-C.cmake	33188	55c4afa63688abaeb113d94b176ae7665b9831b210048d28c18ac0fe96f9d88e	
/usr/share/cmake/Modules/Platform/Linker/MirBSD-CXX.cmake	33188	77e9df80340684a53b4380c7ffa9ba016d5fe79f70bb8eee420c4b90a2b9b1d9	
/usr/share/cmake/Modules/Platform/Linker/MirBSD-Fortran.cmake	33188	ce8dc2e9133658ec9ede998e39c8a22a4842a048251f219ffb7ed16ec8b0b17c	
/usr/share/cmake/Modules/Platform/Linker/MirBSD-GNU-ASM.cmake	33188	989c04abb3cd566e4823bb7499adeeaaf08b8fa0fca56b4a1eb64ea1fe0c480f	
/usr/share/cmake/Modules/Platform/Linker/MirBSD-GNU-C.cmake	33188	8e3b5121cdcd995870ca52a7c8af28da92068337b65f9abfe53c47526cba98fb	
/usr/share/cmake/Modules/Platform/Linker/MirBSD-GNU-CXX.cmake	33188	df6eccca0cdc88fe9b90bf11ea5ff551bace3492e76d624cf71e05079873ff7f	
/usr/share/cmake/Modules/Platform/Linker/MirBSD-GNU-Fortran.cmake	33188	17c0b16aa3e251eb5d655263c0603f5104ca0732e991e4474854e47e0784e280	
/usr/share/cmake/Modules/Platform/Linker/NetBSD-ASM.cmake	33188	4e612144a393ee6b7d87f20bf99a98fc6beef026267a4541031fd012fb29e649	
/usr/share/cmake/Modules/Platform/Linker/NetBSD-C.cmake	33188	a516dba230e75b1e2f3384c4c03f4b03fb68ebcc9378cf1848ddc9df058e4201	
/usr/share/cmake/Modules/Platform/Linker/NetBSD-CXX.cmake	33188	be3fa01d1bfcb77b0b6bc400d89e631878269cad51d03e7f27cefbc26c5cf773	
/usr/share/cmake/Modules/Platform/Linker/NetBSD-Fortran.cmake	33188	6eab94e66e76e8dbff752c4d486619d7b218ffcb348435b58db7a88951d5d4b1	
/usr/share/cmake/Modules/Platform/Linker/NetBSD-GNU-ASM.cmake	33188	8cacee41f3717ec83abb07155c1f771170284e7a8d2ef714bf938f28e92cdecf	
/usr/share/cmake/Modules/Platform/Linker/NetBSD-GNU-C.cmake	33188	cb7269615a8db4063ecf8ab8c4fa9ac3f9359c1d58faaa2f3a40fbfc1889c7e3	
/usr/share/cmake/Modules/Platform/Linker/NetBSD-GNU-CXX.cmake	33188	e3e51fc91bc5e5e3f480333042e7c1d7433059a5edda69fcb520e7774edc8dab	
/usr/share/cmake/Modules/Platform/Linker/NetBSD-GNU-Fortran.cmake	33188	4f2240d1c7c251f9df1a8370dee1c32e47cdf271f34959ea3ef48adf827b2093	
/usr/share/cmake/Modules/Platform/Linker/NetBSD-GNU.cmake	33188	9c4d04e6d1ef3d31acbad79ebc0a052d58052d4c0c4487dc2617e37f2e7699aa	
/usr/share/cmake/Modules/Platform/Linker/OpenBSD-ASM.cmake	33188	32fbe11800f548da80654cbf8d0e2ba08acd3a47a6bef3bee8eaf7aca9fcb9d3	
/usr/share/cmake/Modules/Platform/Linker/OpenBSD-C.cmake	33188	ff25592b9cb36378a28d54b289d6720014c96f090a491c94731be6bef445b519	
/usr/share/cmake/Modules/Platform/Linker/OpenBSD-CXX.cmake	33188	ceb98e6d715e740b2d5bf7515d59f95cba84c70d062daaf322fedbaf613bf566	
/usr/share/cmake/Modules/Platform/Linker/OpenBSD-Fortran.cmake	33188	e040c8c717663ace8470eabbb38977acbfa604def3be2a1db2fdd9e005601068	
/usr/share/cmake/Modules/Platform/Linker/OpenBSD-GNU-ASM.cmake	33188	a20ecc5207c6c0f8975dca5b56b5dd66f1b607558badc59e4ccb68ed2df71bc1	
/usr/share/cmake/Modules/Platform/Linker/OpenBSD-GNU-C.cmake	33188	83a81b7827b6ff5d815d47148061b2eb2c703d4a1aa26f856dcc5651260ba7a6	
/usr/share/cmake/Modules/Platform/Linker/OpenBSD-GNU-CXX.cmake	33188	6a584c9804c8cfd4c1858c8bf54cdc0fbafe9dbb146d44cda32ea6d86903ff61	
/usr/share/cmake/Modules/Platform/Linker/OpenBSD-GNU-Fortran.cmake	33188	6b4b1014edf627c865fc90462a6b85f9343d17842c91564cebf3cdb6e6e5418b	
/usr/share/cmake/Modules/Platform/Linker/OpenBSD-GNU.cmake	33188	415cced2c81988c2929e88ce67fc0fb0e1c5bc46e46977b9854cd04571cd8185	
/usr/share/cmake/Modules/Platform/Linker/OpenBSD-LLD-ASM.cmake	33188	cd2206d26752bbae5dd67ce8d2eeb2c7790ce10559875535199ca7ca01930f97	
/usr/share/cmake/Modules/Platform/Linker/OpenBSD-LLD-C.cmake	33188	63af69c61d3f48199036f9ead3d89c4f6855268a6ce9ed2b3401fc259b09a0e0	
/usr/share/cmake/Modules/Platform/Linker/OpenBSD-LLD-CXX.cmake	33188	66c375b1ba09ceb638f236d6c71d9eca096d7103e7bec4e3f6086ca7eb835fad	
/usr/share/cmake/Modules/Platform/Linker/OpenBSD-LLD-Fortran.cmake	33188	296de27cbfc5e614b04b1c3d2310371696a5306118a5af8aa909dd65565117a0	
/usr/share/cmake/Modules/Platform/Linker/OpenBSD-LLD.cmake	33188	79ee641c8ccd71d2d18a626eaa23f9abcad88575b88e6d3ea8ba0e2c1c733e97	
/usr/share/cmake/Modules/Platform/Linker/SerenityOS-ASM.cmake	33188	08c03b22508910bb9e3130c03dc14acb80d74f86d9e7da98f06eeaa9e52df88d	
/usr/share/cmake/Modules/Platform/Linker/SerenityOS-C.cmake	33188	bc0123eedb4889337421dbdd3f8697f80f0396b9a75d773a565f80a4257aaee9	
/usr/share/cmake/Modules/Platform/Linker/SerenityOS-CXX.cmake	33188	5520ca6f3f41bac33da0da497b8f8a2e9c1b14266c9002f0e3744529fe8215bb	
/usr/share/cmake/Modules/Platform/Linker/SerenityOS-GNU-ASM.cmake	33188	fc021f398afae472680de597779ad0f86c2df5e3cbfc3460088929b93fac954d	
/usr/share/cmake/Modules/Platform/Linker/SerenityOS-GNU-C.cmake	33188	b1b7e77e9fd252d800a9ddb80a333493cba0cb765fbb704e70a836a0b006c0b3	
/usr/share/cmake/Modules/Platform/Linker/SerenityOS-GNU-CXX.cmake	33188	cdefe9ae0f6a402b0eff889ee9a142fbbb66f5feae8e1021dd2db1687f78f20d	
/usr/share/cmake/Modules/Platform/Linker/SerenityOS-GNU.cmake	33188	eba536a6988d0697a8b674acd8979dada8d23bce40619705605ff67e64b0d9dc	
/usr/share/cmake/Modules/Platform/Linker/SerenityOS-LLD-ASM.cmake	33188	1f00f220dc79550bc7a67402ea871c5b1146fa51e5406aaf604a7863c5498c3f	
/usr/share/cmake/Modules/Platform/Linker/SerenityOS-LLD-C.cmake	33188	77c428558bb5a3e513f692a25195f0eb19088b0aaef613c442b62b65b63d7c86	
/usr/share/cmake/Modules/Platform/Linker/SerenityOS-LLD-CXX.cmake	33188	37f21c78cf93162adec83610dbb4ba28773b959bce022f7b66656ca3e1aa2216	
/usr/share/cmake/Modules/Platform/Linker/SerenityOS-LLD.cmake	33188	ff91d055fab0f4fe808b1673e3b3c1280858293222c5aa639ea2cd77b653a928	
/usr/share/cmake/Modules/Platform/Linker/SunOS-ASM.cmake	33188	630ba558c64045ac21ae88a74b3ca8214bab4e3c1784eaf0f777797394256d0a	
/usr/share/cmake/Modules/Platform/Linker/SunOS-C.cmake	33188	b7dc79efcffafe8ecc2fe30c4202546e6c092886f733293413340739d46e4094	
/usr/share/cmake/Modules/Platform/Linker/SunOS-CXX.cmake	33188	589cd0c99cb607945dd13412b0f3f35aa1fb4a04166572f97f60fd0083c5845b	
/usr/share/cmake/Modules/Platform/Linker/SunOS-Fortran.cmake	33188	673919d810b83394f36e23017c7f67a5c8167b4847110e32b2ec00c65672dd01	
/usr/share/cmake/Modules/Platform/Linker/SunOS-GNU-ASM.cmake	33188	093b525fbca2b1e01316496fdca1eea3f1fd923975f463eaabade81d75fcd07f	
/usr/share/cmake/Modules/Platform/Linker/SunOS-GNU-C.cmake	33188	d3fb0c63ad460742755b4245304e1b0ccf9f3ea5056f8fbe5e7aa190911429de	
/usr/share/cmake/Modules/Platform/Linker/SunOS-GNU-CXX.cmake	33188	415bdbb71119bac8d47155808d6a9c5de8e4522b09a68ce45a37f5e008c159e1	
/usr/share/cmake/Modules/Platform/Linker/SunOS-GNU-Fortran.cmake	33188	4acd8dd148d00215abfb76adfdcfc6aa073f5da497a68326b3cf5cf849d623c4	
/usr/share/cmake/Modules/Platform/Linker/SunOS-GNU.cmake	33188	f397e2aa7e9eccc036c241f5b639cf8bc965cf122b0bbf5393cb87958a3783ed	
/usr/share/cmake/Modules/Platform/Linker/SunOS-Solaris-ASM.cmake	33188	b55272d5b419bd3203483511879b90e47c159d9cea5f04d37dce8ed6c8787a18	
/usr/share/cmake/Modules/Platform/Linker/SunOS-Solaris-C.cmake	33188	4432558117ba83382460e257df2ab51a4df2daaeb77a16e799cb52c93909e119	
/usr/share/cmake/Modules/Platform/Linker/SunOS-Solaris-CXX.cmake	33188	6b7d1dd268bc52941fe141309c2155b782f0f8fd74b73af54a1e92d954d168a6	
/usr/share/cmake/Modules/Platform/Linker/SunOS-Solaris-Fortran.cmake	33188	d436cc004d8b21c8491dfbaac6da605672ed5fbfef708366d02d87a5a7e66648	
/usr/share/cmake/Modules/Platform/Linker/SunOS-Solaris.cmake	33188	8edca03296223f359faa32a6a8d576c4049e6efe359707de2b3581d0515da565	
/usr/share/cmake/Modules/Platform/Linker/Windows-ASM.cmake	33188	1e558e78eb625b247e9a9421c8f8ddc1a239f4123a2f17f3a745c09bb4fda6ae	
/usr/share/cmake/Modules/Platform/Linker/Windows-C.cmake	33188	0186caca1149ca9f8a152cb1a6d713141887882bfeaaacaa88b8617e666b5ed0	
/usr/share/cmake/Modules/Platform/Linker/Windows-CUDA.cmake	33188	23f4cd06dd1a92aededac9ea16fbec05ea072c60879113909c0c0d8a9945b4d0	
/usr/share/cmake/Modules/Platform/Linker/Windows-CXX.cmake	33188	d076a088878af9b6b13277330002842ca4bbbce29ef0578c411362d8c7dcb275	
/usr/share/cmake/Modules/Platform/Linker/Windows-Fortran.cmake	33188	668cc51a3f824fafc1d0f5d4495e349594a12dc00597354a347649555ecf9400	
/usr/share/cmake/Modules/Platform/Linker/Windows-GNU-ASM.cmake	33188	edbd5b4f2ca16f507c7e09b5d4813985eef0b880c0a64bf2ce66ee056a1566c6	
/usr/share/cmake/Modules/Platform/Linker/Windows-GNU-C.cmake	33188	83ed7d7d947d40ec1dca3a086470d8f9a55df5fc57e953616dae1175875edc40	
/usr/share/cmake/Modules/Platform/Linker/Windows-GNU-CXX.cmake	33188	d6d76fc49a4059db1a327a4a2218fd284e10faf4f0d65d1d836491bd20c388a5	
/usr/share/cmake/Modules/Platform/Linker/Windows-GNU-Fortran.cmake	33188	da7c1f60425b2ee44b526e12ef7ce3bc9cb8a96f1abf99cc3547192118b91c89	
/usr/share/cmake/Modules/Platform/Linker/Windows-GNU-HIP.cmake	33188	dad04e8746505cdc8ec16668283a4678aaa97f67e7a35d2b240fb9ab22385f10	
/usr/share/cmake/Modules/Platform/Linker/Windows-GNU.cmake	33188	2eb2eb12457803edad14f8cb170241977376e625aa4373153c8ca417c177d89f	
/usr/share/cmake/Modules/Platform/Linker/Windows-HIP.cmake	33188	1528d3cbaff09d6334e994e0248d95f87feaba9426e59494f994e17acdae39d4	
/usr/share/cmake/Modules/Platform/Linker/Windows-LLD-ASM.cmake	33188	fdf87770b347c16b68d8c8cc0b5d886ed54a096dc1ffb4d7ace0c1a1e220da26	
/usr/share/cmake/Modules/Platform/Linker/Windows-LLD-C.cmake	33188	ca5047db6f1b570d8b81f0c2b9ff51c4c47bbef5c9c7ef02939fe61986b61d3c	
/usr/share/cmake/Modules/Platform/Linker/Windows-LLD-CXX.cmake	33188	97db0e99c91401ef610f6cfce591be2627e9c8e80a1185b32970edf190dab930	
/usr/share/cmake/Modules/Platform/Linker/Windows-LLD-HIP.cmake	33188	ade59e17a21e520194c8de409ad435af57ebc22fcfb5f072270a6a8b69c07f7c	
/usr/share/cmake/Modules/Platform/Linker/Windows-LLD.cmake	33188	1550181331a1ee895f7c4956c99f36bf05709bab8e6e253cd117fb69f867abbf	
/usr/share/cmake/Modules/Platform/Linker/Windows-MSVC-ASM.cmake	33188	0250c17b78fd44abf4c97c0a7d30c09126a1458565c1bfb53bdd25893831d0e9	
/usr/share/cmake/Modules/Platform/Linker/Windows-MSVC-C.cmake	33188	761c0897dac6acc296b9b8971e7ec9d7c55b85ad4dfa7f1cec1fb0f64faa10c5	
/usr/share/cmake/Modules/Platform/Linker/Windows-MSVC-CUDA.cmake	33188	d1baa3dce7d734f7401fb2516866db6984e236a808db61e1d52064167a34724f	
/usr/share/cmake/Modules/Platform/Linker/Windows-MSVC-CXX.cmake	33188	198049f37d46315b9f86797cc9460d57171716c57be5d295114ad3bebb7c70d2	
/usr/share/cmake/Modules/Platform/Linker/Windows-MSVC-Fortran.cmake	33188	4ce655f04ce5d9d3748a8072134c89038654cb8ccf3f7b87012f6a637e785b8e	
/usr/share/cmake/Modules/Platform/Linker/Windows-MSVC-HIP.cmake	33188	5a95262ad2a280c2932183e3daa6273e00d6bbc88649cc1793e2b44a3d1f07c5	
/usr/share/cmake/Modules/Platform/Linker/Windows-MSVC.cmake	33188	77b55faa70798eefdeb34a61865d51d04a5d4098bbb9d31c6b5419a3a42489c1	
/usr/share/cmake/Modules/Platform/Linker/WindowsCE-C.cmake	33188	a88246965461dcbd0bd55d53bee234f8430fd94c1dbc43d5935df2783a10e05c	
/usr/share/cmake/Modules/Platform/Linker/WindowsCE-CXX.cmake	33188	0a87fd4c42ef3164434b5deb5c318989150b63280881320732535abab5409bd1	
/usr/share/cmake/Modules/Platform/Linker/WindowsCE-MSVC-C.cmake	33188	949ec200ab3aca1e08c5704792bcba99156325fa869bbc9ac19acbcc237ed04c	
/usr/share/cmake/Modules/Platform/Linker/WindowsCE-MSVC-CXX.cmake	33188	c3bd1a10ffdf6843d569890045dc3d491ee226aa97c029706a665b43761f2079	
/usr/share/cmake/Modules/Platform/Linker/WindowsKernelModeDriver-C.cmake	33188	ed6653a9dd0af72c9566bac270e1a431232da7b0e6ceba72bfbcbf9b9c5a8266	
/usr/share/cmake/Modules/Platform/Linker/WindowsKernelModeDriver-CXX.cmake	33188	89b47e82817132ba78e558f0c00c3188f47c2dbf399cfbfab1eddfcf01009493	
/usr/share/cmake/Modules/Platform/Linker/WindowsKernelModeDriver-MSVC-C.cmake	33188	949ec200ab3aca1e08c5704792bcba99156325fa869bbc9ac19acbcc237ed04c	
/usr/share/cmake/Modules/Platform/Linker/WindowsKernelModeDriver-MSVC-CXX.cmake	33188	c3bd1a10ffdf6843d569890045dc3d491ee226aa97c029706a665b43761f2079	
/usr/share/cmake/Modules/Platform/Linker/WindowsPhone-ASM.cmake	33188	85392d5e043e54c40132640c266a60981fa4ddcf52a978413947980fad0fb160	
/usr/share/cmake/Modules/Platform/Linker/WindowsPhone-C.cmake	33188	ab4558d78c225324d4f18b09d679ec12c0cb7a6715f8e4181651fe15af0379bc	
/usr/share/cmake/Modules/Platform/Linker/WindowsPhone-CXX.cmake	33188	5214972d840fa8deee0bf7527f283a1d7cd1817049ff12f429c6055232cadf2c	
/usr/share/cmake/Modules/Platform/Linker/WindowsPhone-GNU-ASM.cmake	33188	eb39feb7f4f0fec67537d4f570e4be3adfabe77ae56d5ee8de165492fe591f81	
/usr/share/cmake/Modules/Platform/Linker/WindowsPhone-GNU-C.cmake	33188	7ec2e0585bd59ce44c6c0951d97c0f1135405003840fd715897fda58025bd2bb	
/usr/share/cmake/Modules/Platform/Linker/WindowsPhone-GNU-CXX.cmake	33188	3f34f2b40e9e2e20eb425f60014a7c01e433e87d205b2c671143f02288b01417	
/usr/share/cmake/Modules/Platform/Linker/WindowsPhone-LLD-ASM.cmake	33188	261cee0c9d682a000af74cf78e90a9e725e5b1c65f227da3293ddcef22b19ff6	
/usr/share/cmake/Modules/Platform/Linker/WindowsPhone-LLD-C.cmake	33188	1b3973944b3e81d9f06b5e68d9c27a9cada1748d7c42c16e4f21d37f6ab920a2	
/usr/share/cmake/Modules/Platform/Linker/WindowsPhone-LLD-CXX.cmake	33188	cbb403f2737dfcd99dca2b0cb8baf2bdb543ea2a08b228e0604d7170a52e3809	
/usr/share/cmake/Modules/Platform/Linker/WindowsPhone-MSVC-ASM.cmake	33188	33ebcc740afd11ac67f90c39c8ca9b9be80fd1862ad5ec971b2f878fbb795c92	
/usr/share/cmake/Modules/Platform/Linker/WindowsPhone-MSVC-C.cmake	33188	949ec200ab3aca1e08c5704792bcba99156325fa869bbc9ac19acbcc237ed04c	
/usr/share/cmake/Modules/Platform/Linker/WindowsPhone-MSVC-CXX.cmake	33188	c3bd1a10ffdf6843d569890045dc3d491ee226aa97c029706a665b43761f2079	
/usr/share/cmake/Modules/Platform/Linker/WindowsStore-ASM.cmake	33188	d423dd4a0f8e123a6a24db2d5ed170eb500ff8bccbfe54c4ffa69105bf9e4ef6	
/usr/share/cmake/Modules/Platform/Linker/WindowsStore-C.cmake	33188	3f9ba37a157513fe65e8a7c1fe35cdf20cb49ac0aefb5134e3ca81187a90bdf8	
/usr/share/cmake/Modules/Platform/Linker/WindowsStore-CXX.cmake	33188	e3332e9d62225fde252cde85d39739ca4a683adac72e741d04d61155bda8f999	
/usr/share/cmake/Modules/Platform/Linker/WindowsStore-GNU-ASM.cmake	33188	eb39feb7f4f0fec67537d4f570e4be3adfabe77ae56d5ee8de165492fe591f81	
/usr/share/cmake/Modules/Platform/Linker/WindowsStore-GNU-C.cmake	33188	7ec2e0585bd59ce44c6c0951d97c0f1135405003840fd715897fda58025bd2bb	
/usr/share/cmake/Modules/Platform/Linker/WindowsStore-GNU-CXX.cmake	33188	3f34f2b40e9e2e20eb425f60014a7c01e433e87d205b2c671143f02288b01417	
/usr/share/cmake/Modules/Platform/Linker/WindowsStore-LLD-ASM.cmake	33188	261cee0c9d682a000af74cf78e90a9e725e5b1c65f227da3293ddcef22b19ff6	
/usr/share/cmake/Modules/Platform/Linker/WindowsStore-LLD-C.cmake	33188	1b3973944b3e81d9f06b5e68d9c27a9cada1748d7c42c16e4f21d37f6ab920a2	
/usr/share/cmake/Modules/Platform/Linker/WindowsStore-LLD-CXX.cmake	33188	cbb403f2737dfcd99dca2b0cb8baf2bdb543ea2a08b228e0604d7170a52e3809	
/usr/share/cmake/Modules/Platform/Linker/WindowsStore-MSVC-ASM.cmake	33188	33ebcc740afd11ac67f90c39c8ca9b9be80fd1862ad5ec971b2f878fbb795c92	
/usr/share/cmake/Modules/Platform/Linker/WindowsStore-MSVC-C.cmake	33188	949ec200ab3aca1e08c5704792bcba99156325fa869bbc9ac19acbcc237ed04c	
/usr/share/cmake/Modules/Platform/Linker/WindowsStore-MSVC-CXX.cmake	33188	c3bd1a10ffdf6843d569890045dc3d491ee226aa97c029706a665b43761f2079	
/usr/share/cmake/Modules/Platform/Linux-Absoft-Fortran.cmake	33188	283292c4a56684677c79aa47286374dc526ec01b63e7ba87b90a5751d4f6e7fc	
/usr/share/cmake/Modules/Platform/Linux-Apple-Swift.cmake	33188	4e43f0931b9f6cb363f6d5fdd53188ca01f63dd9890739505244317aa0097850	
/usr/share/cmake/Modules/Platform/Linux-CCur-Fortran.cmake	33188	bcac57b4ee5e02ff45ead85e703493336dc90803f36c2f20eda1ae527881cc10	
/usr/share/cmake/Modules/Platform/Linux-Clang-C.cmake	33188	61fc9d8963d5ecdcc01e913f73375c1ac006f2a07ca1fe5404e5705fec755f37	
/usr/share/cmake/Modules/Platform/Linux-Clang-CUDA.cmake	33188	03be3f27374113d1a244465828835ffcbc842413ce86740b3964b80433162944	
/usr/share/cmake/Modules/Platform/Linux-Clang-CXX.cmake	33188	f50e9b704a849c3050a32748ba3fc73d1a4713f59f4d757eb704b531a6fe10ee	
/usr/share/cmake/Modules/Platform/Linux-Determine-CXX.cmake	33188	b6e5c1c826160c11c4f35ba6f0eeb1c62665a51d894c2353d8089f89e0609f05	
/usr/share/cmake/Modules/Platform/Linux-Fujitsu-C.cmake	33188	e5c02e4fb37a916a765c4e687a9b7193c0839e210a9c1cc2db6e932057b026ac	
/usr/share/cmake/Modules/Platform/Linux-Fujitsu-CXX.cmake	33188	b7065ba3f00844b9852c22ed2cea14cf1bcee273af50500bf047f7448285555c	
/usr/share/cmake/Modules/Platform/Linux-Fujitsu.cmake	33188	c2664e3e3c6f16bc986019dd8b112c03ed5ef5a9fcbecb7f67594a66b9a8e97b	
/usr/share/cmake/Modules/Platform/Linux-GNU-C.cmake	33188	9845456bb5059dc2aff6bfb33e1d51d6361fadebe62d7cece3d77d6bb3b27e5f	
/usr/share/cmake/Modules/Platform/Linux-GNU-CXX.cmake	33188	6bf6727c9a30cc84fd26a9b5f2368b1d374f53708b16535ceabc818953c2bfd8	
/usr/share/cmake/Modules/Platform/Linux-GNU-Fortran.cmake	33188	b506167f76f201fb06daff5f5fab0d5715e9d9f24c1060d31f966cbe1453f543	
/usr/share/cmake/Modules/Platform/Linux-GNU.cmake	33188	9c5d97aaf7cbab8255f93da34205a2504011b622b4103b34924175077b52e6b2	
/usr/share/cmake/Modules/Platform/Linux-Initialize.cmake	33188	b89e1a323d77ca0a9f0c5409f14cac593af4b2ebede80a314611095ef5140fd1	
/usr/share/cmake/Modules/Platform/Linux-Intel-C.cmake	33188	7879424662fc80699bf01ea221e2b7372ec3ae03c4a23379d304cec962ddb257	
/usr/share/cmake/Modules/Platform/Linux-Intel-CXX.cmake	33188	5a24354abcac2e02cfc282d1cb0e422a86d64edffe4a473e33905e456c40a46c	
/usr/share/cmake/Modules/Platform/Linux-Intel-Fortran.cmake	33188	d4c46f71c637129afcef772e933b96eb175d54ae8b12169ce5124c3f2b9c9f6a	
/usr/share/cmake/Modules/Platform/Linux-Intel.cmake	33188	ed6c6bdf3ad7ab2b91cee0d74196eb630006d00632a7cc6115b2563e300bbfdd	
/usr/share/cmake/Modules/Platform/Linux-IntelLLVM-C.cmake	33188	f712fd0eff3d49870cb919966e16ffbfbb692425e652629998bf96540f299e3d	
/usr/share/cmake/Modules/Platform/Linux-IntelLLVM-CXX.cmake	33188	b8589a8faba6f41fe868b984531058861cb3e549fafffd58bc939df0e5fc1e6b	
/usr/share/cmake/Modules/Platform/Linux-IntelLLVM-Fortran.cmake	33188	a6ad7f676f83c581f219c4a507c08f84fdea798d8fd5b3d8ef51a51d3461a529	
/usr/share/cmake/Modules/Platform/Linux-IntelLLVM.cmake	33188	4f0937148021ae01cdb5e07c62cd6f7f5cf9e05206123942914d43a7f38584e9	
/usr/share/cmake/Modules/Platform/Linux-LCC-C.cmake	33188	05e07975b1086a5c4fba5aaed3bddcb974458d0d4bf38ef6770e5a29e1a522db	
/usr/share/cmake/Modules/Platform/Linux-LCC-CXX.cmake	33188	897b57cd1b301b5894a40f8f994122dded9697284af778d16aecad956f262094	
/usr/share/cmake/Modules/Platform/Linux-LCC-Fortran.cmake	33188	15c82259ff5d1a235e337f4c8a8634228b8a7a88a90f1a686bad73951a6fe1af	
/usr/share/cmake/Modules/Platform/Linux-LCC.cmake	33188	98668db0fbbef37070a9fd443580d36c8d2a5d1f3147c3becc6c7b0507322419	
/usr/share/cmake/Modules/Platform/Linux-LLVMFlang-Fortran.cmake	33188	bcac57b4ee5e02ff45ead85e703493336dc90803f36c2f20eda1ae527881cc10	
/usr/share/cmake/Modules/Platform/Linux-NAG-Fortran.cmake	33188	c2cc8a107bc6d91b8e47fb832636a2cf9dbb97aa43f90b4bb33ada4528d3a070	
/usr/share/cmake/Modules/Platform/Linux-NVHPC-C.cmake	33188	b898b2e7614f6c057f2849e0f13c0a31e1afdf27d23965bb61013b54a9b5d837	
/usr/share/cmake/Modules/Platform/Linux-NVHPC-CXX.cmake	33188	2d89251b09e82abebf1b8ab00abff062ad7324ab82d61d0966ebda36aca84699	
/usr/share/cmake/Modules/Platform/Linux-NVHPC-Fortran.cmake	33188	53884bcaa4857050e47ed468da2e7ebe34aae4132934221d9448f09c301862aa	
/usr/share/cmake/Modules/Platform/Linux-NVHPC.cmake	33188	cb9ab1ce919c0a18e55ee9c4557395f14a46d7abe503c4908af0973ab419c118	
/usr/share/cmake/Modules/Platform/Linux-NVIDIA-CUDA.cmake	33188	e711fe828d4b29f04e2ea948f2e1db396ec0cea07daa3eddfa4237aeeef2685b	
/usr/share/cmake/Modules/Platform/Linux-OpenWatcom-C.cmake	33188	b57e37a73a69356a117479d11c91d13e686a768c0492245ca2960f511713d53e	
/usr/share/cmake/Modules/Platform/Linux-OpenWatcom-CXX.cmake	33188	84b7b726a1837ae3bc1de80734f010ff9dcb68b5543cf8386451991ed48db0e3	
/usr/share/cmake/Modules/Platform/Linux-OpenWatcom.cmake	33188	1480304886f077b30173248939500207c80d06668643937351cb294f63571e82	
/usr/share/cmake/Modules/Platform/Linux-PGI-C.cmake	33188	1fc6edf2e9beb798a6f174034955a168b0c7ffb93615dee8227a094deb577899	
/usr/share/cmake/Modules/Platform/Linux-PGI-CXX.cmake	33188	f3865df92a52747dd106ffd3399b450df330851fba5d065f0cb34cd7ce5e89a0	
/usr/share/cmake/Modules/Platform/Linux-PGI-Fortran.cmake	33188	abec8b9464ec0a12d6422b8cf87b0e976531b31a14663d7dca718a9b5482fac4	
/usr/share/cmake/Modules/Platform/Linux-PGI.cmake	33188	d183a57ffbebed3770ced0cba7bf73be17f895e7a2657bc4ae2a72dc8ee81832	
/usr/share/cmake/Modules/Platform/Linux-PathScale-C.cmake	33188	d89bfea7924f149eeef8088386eadbe6975690feb1bc10120c5eb2119bd8b8ea	
/usr/share/cmake/Modules/Platform/Linux-PathScale-CXX.cmake	33188	b5a2ba9b43653f96e73d64a451cd9aea29eaa1b2513c588b993d4a90fabcd499	
/usr/share/cmake/Modules/Platform/Linux-PathScale-Fortran.cmake	33188	9b8f2501dcfe1e97fce1980cff1dcc810b84a2ecd7322d140867c3ee4c299739	
/usr/share/cmake/Modules/Platform/Linux-PathScale.cmake	33188	7aaa99fc1816f27e1dcbb22f9b15816f54d47fc92d587c049fad238b7a64dc0b	
/usr/share/cmake/Modules/Platform/Linux-SunPro-CXX.cmake	33188	367f83f6af3e1611467051ff6e44e7e27a71a7101966308f1d0c03a25a77d097	
/usr/share/cmake/Modules/Platform/Linux-TinyCC-C.cmake	33188	1150bc690b54c11440bd866587bd3f80573af1a2641ea9fad69ecde1237da2e7	
/usr/share/cmake/Modules/Platform/Linux-VisualAge-C.cmake	33188	669a66346a6719b7a62e689410f4c5befbc2bd1cff71853d2d8bd64373f54247	
/usr/share/cmake/Modules/Platform/Linux-VisualAge-CXX.cmake	33188	9439f7c8fb74ec41c6aa5e3a2db654425dd0237ec5e754305362b6be86b0d96c	
/usr/share/cmake/Modules/Platform/Linux-VisualAge-Fortran.cmake	33188	9702be68846654767c0982d00d3d084a35cdb09cfe677828c758beb1d342c3d7	
/usr/share/cmake/Modules/Platform/Linux-XL-C.cmake	33188	2c491a51efd87108029bedf726c99281d869dd0ea26800bc87439a14412a7617	
/usr/share/cmake/Modules/Platform/Linux-XL-CXX.cmake	33188	f7f99cc986ee5eb938e93d6f7180bba5bc88580d7af3fb696574dcababa996dc	
/usr/share/cmake/Modules/Platform/Linux-XL-Fortran.cmake	33188	9e0755f85558152548467daa85de046dca6baa417889b6639b509ee81624585e	
/usr/share/cmake/Modules/Platform/Linux-como.cmake	33188	c87407a10a940f0434c4557e2c2ed407b68eadf95061bec4aed77f531e82fe76	
/usr/share/cmake/Modules/Platform/Linux.cmake	33188	a56339dd1d152305e88008a4822320be7e4bec53c73df5c9a2b364e2151b1215	
/usr/share/cmake/Modules/Platform/MP-RAS-Initialize.cmake	33188	6be225516a05174f4332ba3fd619106fec77cf24eb4ab72f35fb000994293360	
/usr/share/cmake/Modules/Platform/MP-RAS.cmake	33188	675d022fb94bcc2bf917975888e8bda07b9e45ea5eef4cc21654ddb42c90b9c2	
/usr/share/cmake/Modules/Platform/MSYS-Clang-C.cmake	33188	c0e32712d0003b5f7a7dea3220c463706af66ca274aede2727b3da57aa6e2b73	
/usr/share/cmake/Modules/Platform/MSYS-Clang-CXX.cmake	33188	bc365832f1481fe2ac469e9e5d29951b1cb8757f1a2960c2e661904fbdc4093b	
/usr/share/cmake/Modules/Platform/MSYS-Determine-CXX.cmake	33188	6792b0a585830d5baf442e63acaf652aa96b2e9b207e6f5b6924e6dad2541dd3	
/usr/share/cmake/Modules/Platform/MSYS-GNU-C.cmake	33188	6d20fc9f7d18ca1769d01a6e6037d7ceaf79a274acec54b414114e5b0fb6c7ca	
/usr/share/cmake/Modules/Platform/MSYS-GNU-CXX.cmake	33188	7dd81b0cc88c6710346c2bf9229226f49d130184456ee6b0d93777c66a600ec8	
/usr/share/cmake/Modules/Platform/MSYS-GNU-Fortran.cmake	33188	9a7934956bb498adb56c5004526b3859fdf7133b0447a7d33e6b3b36a40bb5b2	
/usr/share/cmake/Modules/Platform/MSYS-GNU.cmake	33188	233f668849a0d331c257e369c7f71da8a273d6ca4ff3faea8c9f1dcd8ccc47fb	
/usr/share/cmake/Modules/Platform/MSYS-Initialize.cmake	33188	6e59881f6168bd6e1fa3e3574c838b8bccd85b8bccbd9f258987fd004970671d	
/usr/share/cmake/Modules/Platform/MSYS-windres.cmake	33188	35c229349bcd1a5450bc0c4a3d6d57efe0b3f50a67f1f1f0e29378850b159bec	
/usr/share/cmake/Modules/Platform/MSYS.cmake	33188	e134ba5e1181168fd069fd642a198c79ee7db688ec42583b9c693917b8c272e9	
/usr/share/cmake/Modules/Platform/Midipix-Initialize.cmake	33188	6be225516a05174f4332ba3fd619106fec77cf24eb4ab72f35fb000994293360	
/usr/share/cmake/Modules/Platform/Midipix.cmake	33188	30472413516821fcac3d09425e200765494c400ab052c0e31e4546c82eefb321	
/usr/share/cmake/Modules/Platform/MirBSD.cmake	33188	fbf2c66392c181b8ed1710d7fe1ab5b6a77a2572506d43c5522b95b1c6ab926e	
/usr/share/cmake/Modules/Platform/NetBSD-Initialize.cmake	33188	01adc4949f65a6bc3cd82359c5668ddcba8111ea2297e60b4823001300a9c226	
/usr/share/cmake/Modules/Platform/NetBSD.cmake	33188	b008bdd516187a79011f79ce4811f5d6f2a922b8bdd960373b33fd0cea5e1ffa	
/usr/share/cmake/Modules/Platform/OHOS.cmake	33188	b62b01a9815fc102e765d0f6e55da05c0cca21f76be5dc0752f88a471dd846cf	
/usr/share/cmake/Modules/Platform/OS2-OpenWatcom-C.cmake	33188	f8290cbb95e6e83f63fa03b565a268ff844a181951f40dbf81462cd13303da14	
/usr/share/cmake/Modules/Platform/OS2-OpenWatcom-CXX.cmake	33188	af4bbd6b745a89cbe4b5475a73266003ade5dd6efb6e59e7c7c9237bf65d9c4e	
/usr/share/cmake/Modules/Platform/OS2-OpenWatcom.cmake	33188	8e0c92b192f6555dffe113a86a570fbee38fb6bac452c772e43c89c9aeaab8f4	
/usr/share/cmake/Modules/Platform/OS2.cmake	33188	a3bab574b094d22dac0cdfdc36f786cb61bec0bec03e767c3fcb0210fbb06c53	
/usr/share/cmake/Modules/Platform/OSF1-Initialize.cmake	33188	6be225516a05174f4332ba3fd619106fec77cf24eb4ab72f35fb000994293360	
/usr/share/cmake/Modules/Platform/OSF1.cmake	33188	3c4d43924bd4fcd2655e052f7dd9fa6699757bacc89b61009f0fb90d8551068e	
/usr/share/cmake/Modules/Platform/OpenBSD-Initialize.cmake	33188	4924e377f15b4cd6b38ff188916d5a93d1b30b464e17a41d1e8f878002b62d47	
/usr/share/cmake/Modules/Platform/OpenBSD.cmake	33188	47a955162e30c7be887372159e502b9fe206c80f25f76b3036bfba3d20a579ba	
/usr/share/cmake/Modules/Platform/OpenVMS-Initialize.cmake	33188	6be225516a05174f4332ba3fd619106fec77cf24eb4ab72f35fb000994293360	
/usr/share/cmake/Modules/Platform/OpenVMS.cmake	33188	bb4079a820a97a4954b9103a01b404399a067427952e50817a8a0b6d216d6462	
/usr/share/cmake/Modules/Platform/QNX-Initialize.cmake	33188	4f8e900c7ea79749089f52c21272f00e5dd197cf729ad17e4a7e42a5f39214f5	
/usr/share/cmake/Modules/Platform/QNX.cmake	33188	0082e8c29831d3f2133cf93f12d894dfca509987c3ef64ab355b07d88499c57c	
/usr/share/cmake/Modules/Platform/RISCos-Initialize.cmake	33188	6be225516a05174f4332ba3fd619106fec77cf24eb4ab72f35fb000994293360	
/usr/share/cmake/Modules/Platform/RISCos.cmake	33188	fc0cc664e5888dbed3b47b6ca991449e01fe95c4f1c9515d480bc472dd5a8d06	
/usr/share/cmake/Modules/Platform/SCO_SV-Initialize.cmake	33188	6be225516a05174f4332ba3fd619106fec77cf24eb4ab72f35fb000994293360	
/usr/share/cmake/Modules/Platform/SCO_SV.cmake	33188	7e9c5fe9aabcc1b03367a34092057375a2e7b925194a32939f0de8b136a7a441	
/usr/share/cmake/Modules/Platform/SINIX-Initialize.cmake	33188	6be225516a05174f4332ba3fd619106fec77cf24eb4ab72f35fb000994293360	
/usr/share/cmake/Modules/Platform/SINIX.cmake	33188	8f4e85794f99cbd557211515cf0908b28722b5286d527436705390d9784481a8	
/usr/share/cmake/Modules/Platform/SerenityOS-Clang-ASM.cmake	33188	04d6e20bf9a5b0fbdb597e213d94ac66da2d8e0406a468d97beb7d1e27dc39b5	
/usr/share/cmake/Modules/Platform/SerenityOS-Clang-C.cmake	33188	e96f17d4dc144916e4302a8751cb83cf159ba80d1d6261c73611bbe75106d23c	
/usr/share/cmake/Modules/Platform/SerenityOS-Clang-CXX.cmake	33188	d0d68ab8f7a838d2dc6f01855df971bb896fcc9ab477dbf01110dce499c1cce5	
/usr/share/cmake/Modules/Platform/SerenityOS-GNU-ASM.cmake	33188	04d6e20bf9a5b0fbdb597e213d94ac66da2d8e0406a468d97beb7d1e27dc39b5	
/usr/share/cmake/Modules/Platform/SerenityOS-GNU-C.cmake	33188	e96f17d4dc144916e4302a8751cb83cf159ba80d1d6261c73611bbe75106d23c	
/usr/share/cmake/Modules/Platform/SerenityOS-GNU-CXX.cmake	33188	d0d68ab8f7a838d2dc6f01855df971bb896fcc9ab477dbf01110dce499c1cce5	
/usr/share/cmake/Modules/Platform/SerenityOS-GNU.cmake	33188	cec128daaa28ad2d39b27b2db216b59c632bdf6f5430aea3b6947dc2ab96aede	
/usr/share/cmake/Modules/Platform/SerenityOS-Initialize.cmake	33188	e13f44b8b392245829bd7908e9282587a5830d6deec3b1cb99fdd9fa4a9ed9dd	
/usr/share/cmake/Modules/Platform/SerenityOS.cmake	33188	6948345cf922327137a4d1dbc4b7b4bc3cf1a6ff126a760bcbcaa6cf7f513384	
/usr/share/cmake/Modules/Platform/SunOS-Clang-C.cmake	33188	92ccc7ef42dba4fc9c900c55237d19fa8642f3dc991d4c4d53640d97f1d606c9	
/usr/share/cmake/Modules/Platform/SunOS-Clang-CXX.cmake	33188	65383d0e1b26c8652224d79d46e7572d5eeaf2837e3b3f73ee4ac9df7c1e2ad1	
/usr/share/cmake/Modules/Platform/SunOS-GNU-C.cmake	33188	b48011ee9ea522815f09f9bd5d9caff6816ba9c0e826f11ed9c49b5ff9a2513c	
/usr/share/cmake/Modules/Platform/SunOS-GNU-CXX.cmake	33188	7d14ec77fe84a7689c57f3d6e0b62d56e53f1b33edf1291be8df900902a096f4	
/usr/share/cmake/Modules/Platform/SunOS-GNU-Fortran.cmake	33188	d5a704f386cdd3f3adf4fc39d98074b88ef7af8c5dc51839bcee151fd4a9ce40	
/usr/share/cmake/Modules/Platform/SunOS-GNU.cmake	33188	9a65d631cc3c8570820d9413e6e60a2b57c7955dd9b195d4809be3821370f51f	
/usr/share/cmake/Modules/Platform/SunOS-Initialize.cmake	33188	6be225516a05174f4332ba3fd619106fec77cf24eb4ab72f35fb000994293360	
/usr/share/cmake/Modules/Platform/SunOS-PathScale-C.cmake	33188	2b7f9682e39a4c27dcde35889f9b3b68f839ca2613f5a2c4484f95c7e9e7b719	
/usr/share/cmake/Modules/Platform/SunOS-PathScale-CXX.cmake	33188	3a36756bd43b2219d377917b260c1de994a4845acddac14f5036ac8ffdf735d7	
/usr/share/cmake/Modules/Platform/SunOS-PathScale-Fortran.cmake	33188	a593ac4f72001ac630e5abba6f4884ff8e680637c7b8a353aaecd9724eb35274	
/usr/share/cmake/Modules/Platform/SunOS-PathScale.cmake	33188	1cfe1f4e1afe1f3a096277982b706522dc72317402627a42928bff17df9ffbc8	
/usr/share/cmake/Modules/Platform/SunOS.cmake	33188	98739963e8ce8e6a04c9cc651eaeceb342a5b9e7874d5e5036fe76ed22cb6f61	
/usr/share/cmake/Modules/Platform/Tru64-Initialize.cmake	33188	6be225516a05174f4332ba3fd619106fec77cf24eb4ab72f35fb000994293360	
/usr/share/cmake/Modules/Platform/Tru64.cmake	33188	69a7d267630a2f56653dedbc2abee8cd9d99cf2d97d3555254dbaa5b633b203f	
/usr/share/cmake/Modules/Platform/ULTRIX-Initialize.cmake	33188	6be225516a05174f4332ba3fd619106fec77cf24eb4ab72f35fb000994293360	
/usr/share/cmake/Modules/Platform/ULTRIX.cmake	33188	f0cb2b98fb3255f8f7746ba922e1e35a49965d69c890dd978e97c80f24bde1a6	
/usr/share/cmake/Modules/Platform/UNIX_SV-Initialize.cmake	33188	6be225516a05174f4332ba3fd619106fec77cf24eb4ab72f35fb000994293360	
/usr/share/cmake/Modules/Platform/UNIX_SV.cmake	33188	da35a292ec4a5c92861280e825c2d8ca90d34e4a9648cd2c0f64fc9c17dbe50d	
/usr/share/cmake/Modules/Platform/UnixPaths.cmake	33188	9e991a82b2804948b42e335cea4bd19bb1212e6eeac5a2e12ac85a0eed028e3c	
/usr/share/cmake/Modules/Platform/UnixWare-Initialize.cmake	33188	6be225516a05174f4332ba3fd619106fec77cf24eb4ab72f35fb000994293360	
/usr/share/cmake/Modules/Platform/UnixWare.cmake	33188	621c82858767d2b4e25ac29aa84f7643bbe14a25201baac63be892483a827256	
/usr/share/cmake/Modules/Platform/WASI-Initialize.cmake	33188	e9e87d4781d6a999ee73a1e2c19754de01415124d0cd9746898f5ee7726dc1e1	
/usr/share/cmake/Modules/Platform/WASI.cmake	33188	4287ff13ae73581c03f6d5e9cedf7e3fab63ea52cd3250b7f5d8a126c9059b48	
/usr/share/cmake/Modules/Platform/Windows-Apple-Swift.cmake	33188	ac4d1fb5f4aab9e6aad10eb5ee61083560076b57bd4498336936bc01f808110c	
/usr/share/cmake/Modules/Platform/Windows-Borland-C.cmake	33188	da6c3cd0b3d55e0f14545de4556a9207393442da7fa5d69214d87a2c1d18ff61	
/usr/share/cmake/Modules/Platform/Windows-Borland-CXX.cmake	33188	433b2e94dbda3997f4cfb6ef0275ca08fe6bf88cebe008734cfe44e06112857b	
/usr/share/cmake/Modules/Platform/Windows-Clang-ASM.cmake	33188	1aefa3539fa21ae08978f312dfa57b388078390c60e00dd666a61ecd7478a69f	
/usr/share/cmake/Modules/Platform/Windows-Clang-C.cmake	33188	7119fbb399ea934fa85f4de0696f2c10f74abc219cc5377de6c8002cf5ad8300	
/usr/share/cmake/Modules/Platform/Windows-Clang-CUDA.cmake	33188	2d4c2d1bad54964123a1f5743c5a2a2b5200bc30149ab057b8e820290849a3c9	
/usr/share/cmake/Modules/Platform/Windows-Clang-CXX.cmake	33188	8ab77dfe171bb9056a8421eac826347e0d3fe434c7e842d8a6de2b637d32fbb5	
/usr/share/cmake/Modules/Platform/Windows-Clang-HIP.cmake	33188	7c359871c3eb49de78363dcd3db1f8ae3da8c02f2719c3e83b89760dd5edc038	
/usr/share/cmake/Modules/Platform/Windows-Clang-OBJC.cmake	33188	8dcc93e4ea9bd3d92b9881feeff19e02c5d394be069140c4b2aab0af1c5e1411	
/usr/share/cmake/Modules/Platform/Windows-Clang-OBJCXX.cmake	33188	7b2adfbbcf6f78ed8c2ca8890ab23ac29b1ca36b28134f79c38920916af6057c	
/usr/share/cmake/Modules/Platform/Windows-Clang.cmake	33188	219d4fcc904304fb86794dfd64e12114b3e5b9a9b1a44217fad2f5802e8e698c	
/usr/share/cmake/Modules/Platform/Windows-Determine-CXX.cmake	33188	69f378fec1edc22c1cd856bb92370eb40b53b45327d62faa8706b8776bc5d27b	
/usr/share/cmake/Modules/Platform/Windows-Embarcadero-C.cmake	33188	0aab9e42e3e5fd2f06fdf99c36c676b9617813e67ef9d02c39d93ae5fdb77b48	
/usr/share/cmake/Modules/Platform/Windows-Embarcadero-CXX.cmake	33188	0429060ff96c637d965b33c55e0fbf6fc4eb8bc7b9c0060215f9f1ac2e14c14f	
/usr/share/cmake/Modules/Platform/Windows-Embarcadero.cmake	33188	2b3a4d2f15045cc8cebc4bc4ee510ffc46d2e23314be332fd5a6e1bf4f9ab8b9	
/usr/share/cmake/Modules/Platform/Windows-Flang-Fortran.cmake	33188	87a313a893ef5137217bc5314a3b817644a5c14cfd1b9dca059431453d1029e0	
/usr/share/cmake/Modules/Platform/Windows-G95-Fortran.cmake	33188	164ca6022f14530bc1fb4104d96edabd356fda7d91393715d3a0e9f7743d48da	
/usr/share/cmake/Modules/Platform/Windows-GNU-ASM.cmake	33188	b71e483e4b2cbe9d2ed2470537df307ce789a238391c0bd07462c5d33c26b326	
/usr/share/cmake/Modules/Platform/Windows-GNU-C-ABI.cmake	33188	ae61da2eb72d9fcebcce9c9de43ace6bd73f4f8953e29cb8620e7a9b6a6886e0	
/usr/share/cmake/Modules/Platform/Windows-GNU-C.cmake	33188	2ddc1ec2b34dd00bdb9bddc7f4ac4ce2da61a0e7db157ebb0a4e85e1dc30ba8e	
/usr/share/cmake/Modules/Platform/Windows-GNU-CXX-ABI.cmake	33188	68313736a07c553413076e8991f7b753f44fe3b3fca1808c54c2df5b30bce5a9	
/usr/share/cmake/Modules/Platform/Windows-GNU-CXX.cmake	33188	6c42aa1509a680495c1d319d04d0198d55f4df64185a4486a23c9ccc087db582	
/usr/share/cmake/Modules/Platform/Windows-GNU-Fortran-ABI.cmake	33188	58c7c519242a5720a49c02422ab89f86df1c3b610371e30edd146c27fa2da7cb	
/usr/share/cmake/Modules/Platform/Windows-GNU-Fortran.cmake	33188	509a01f58981ba72e1a3680e184bcf35c1e820deaa3e47bc1d124b3b2d12606a	
/usr/share/cmake/Modules/Platform/Windows-GNU-OBJC-ABI.cmake	33188	4d66db3e615e07e0b721bb758016245c9bb7a925fe3148887267145501ce5a25	
/usr/share/cmake/Modules/Platform/Windows-GNU-OBJC.cmake	33188	14b0b49291837fc5320ad3a214421b6f9a49891ed07ff3232422cd16922f4f49	
/usr/share/cmake/Modules/Platform/Windows-GNU-OBJCXX-ABI.cmake	33188	7a71f3ad45f27131f4966bec2acc04a79e9494e95737a61b474f1548dc9f092d	
/usr/share/cmake/Modules/Platform/Windows-GNU-OBJCXX.cmake	33188	ddd0b0fa6cd3ce854e1648ebb8eb2e9423cdcac40dbd2ca2d6d51f5eba3eab37	
/usr/share/cmake/Modules/Platform/Windows-GNU.cmake	33188	a1b99aa11e786853e177e9ff509b37eb4fd71792cae756acfd4c9fe78877f977	
/usr/share/cmake/Modules/Platform/Windows-Initialize.cmake	33188	f85cba2a8a4a375c84c8b22a4f856c916ceb99e67fbc6de5c313857c4f5c8e3d	
/usr/share/cmake/Modules/Platform/Windows-Intel-ASM.cmake	33188	224ceee63e79fbb155a3bb751e4d8f75ee063dda7145c0a1752ced686a341f21	
/usr/share/cmake/Modules/Platform/Windows-Intel-C.cmake	33188	462a29c0e0d9d275493185e1da0150529ccb0e0f5f55a178ea8654dc5bcb304b	
/usr/share/cmake/Modules/Platform/Windows-Intel-CXX.cmake	33188	133939a824d1c1664cfd42816fcc1f36b320017ccf6abd9f2143d8c601f5e6e0	
/usr/share/cmake/Modules/Platform/Windows-Intel-Fortran.cmake	33188	de387360764f6033301de2bbf00ed6dab7fb6427ccf5cec84cef8f86edb4f02c	
/usr/share/cmake/Modules/Platform/Windows-Intel-ISPC.cmake	33188	4bfbcc52ad8568a36e4fa5ca00f992ff7ee7f4d22e8c999b3c196348e112097c	
/usr/share/cmake/Modules/Platform/Windows-Intel.cmake	33188	5560661e56f86d57ed8bfc71fd4449678df56ef3ccbc9f79987749c92d7e06b8	
/usr/share/cmake/Modules/Platform/Windows-IntelLLVM-ASM.cmake	33188	eeb617b9cef06e4440c9ac77862f169807ef26c993765441cce5cc23ed158300	
/usr/share/cmake/Modules/Platform/Windows-IntelLLVM-C.cmake	33188	02d20a43440ee0d0cf923b6ccd15921728e48fb240a274da347ad3f7535c5221	
/usr/share/cmake/Modules/Platform/Windows-IntelLLVM-CXX.cmake	33188	494fdeff9abb5dc7b0c1ab34d60626e8ad80140641bfaf9efa080d204cdbee22	
/usr/share/cmake/Modules/Platform/Windows-IntelLLVM-Fortran.cmake	33188	f89c1b799f5f9c6d2db918454419da0bfc0fda92988cbe0cf8ef1dea43688e4e	
/usr/share/cmake/Modules/Platform/Windows-IntelLLVM.cmake	33188	f310568860398508df5341e53ca6a346e8543e32770b8792df3d1d875951433e	
/usr/share/cmake/Modules/Platform/Windows-LLVMFlang-Fortran.cmake	33188	d964a7b129ef8d1f332db1e4d60f2ea803e1a510414943a39c872d53e9011a05	
/usr/share/cmake/Modules/Platform/Windows-MSVC-C.cmake	33188	b0aff2a13f28c26961063aeac97625e61a93953b1e560e447bfa63c4c8f8bc7c	
/usr/share/cmake/Modules/Platform/Windows-MSVC-CXX.cmake	33188	e6312f8209ecad57ab019bdf18bd6e2eb65d9e706cdb6164eefb2f25a3fbffb9	
/usr/share/cmake/Modules/Platform/Windows-MSVC.cmake	33188	2c0aa731d2822bf449c605d648ff870bbcf8892507b95464519bfea1e257eaaa	
/usr/share/cmake/Modules/Platform/Windows-NVIDIA-CUDA.cmake	33188	d9567e5cae1554047e2ca2c62f0d6c44b8286af96c768f5a50e7601a5c767bc4	
/usr/share/cmake/Modules/Platform/Windows-OpenWatcom-C.cmake	33188	65749d905415d55359a4e6e3f18acce53b245d21451043e01fb7f47f4dc5d115	
/usr/share/cmake/Modules/Platform/Windows-OpenWatcom-CXX.cmake	33188	ca19533907092511ddad910cbdc03645dfcee0a2be233150e6e47fd7e7164f0e	
/usr/share/cmake/Modules/Platform/Windows-OpenWatcom.cmake	33188	9ba44dfdbd661ab940b7251c0a27dce66a78de1476369bfc2a2383b275a0509d	
/usr/share/cmake/Modules/Platform/Windows-OrangeC-C.cmake	33188	3d17eb08777ca33849b37e0a2b9b8b7fc58d55d7b76a6c2e88d8649cb153011b	
/usr/share/cmake/Modules/Platform/Windows-OrangeC-CXX.cmake	33188	de556475e7c1050a01a71bec264954474484b9e997f80b596b470f75433618ce	
/usr/share/cmake/Modules/Platform/Windows-OrangeC.cmake	33188	7e2b3076761ca35e6d72e11a00c083ca3b6552e8fa6520ea9496cac6e225ec66	
/usr/share/cmake/Modules/Platform/Windows-PGI-C.cmake	33188	8c2cefc8c2fd11db29c660a1df928db1021284b2a4fde87f6aa205498a24839c	
/usr/share/cmake/Modules/Platform/Windows-PGI-Fortran.cmake	33188	8004655f6c70f418a509fb3928fa620e55b5e6a2c28bc3f685e714a6eb8b313d	
/usr/share/cmake/Modules/Platform/Windows-PGI.cmake	33188	ed86fa3110480e9223a3da9a11cf5dd107377ab8843ff5fb53b8ec9585a62953	
/usr/share/cmake/Modules/Platform/Windows-Watcom-C.cmake	33188	8698dc5a9040940b8ea9ed21a8c71808d3c9e21307670d05d022205dc94ba93d	
/usr/share/cmake/Modules/Platform/Windows-Watcom-CXX.cmake	33188	cf09e88333f1a482101a6f9d7086d1d96b8bfc7c1a20baea5509dc0b07ab5d65	
/usr/share/cmake/Modules/Platform/Windows-df.cmake	33188	1752842fbc5e8fd0fd97a292cb56658dd2edfa9bfe3428901cf1b9c82ed823fb	
/usr/share/cmake/Modules/Platform/Windows-windres.cmake	33188	c73e7318397ae2f70d367ca58d34b02f47f7cf2995afb96ef0d3445468fb57ad	
/usr/share/cmake/Modules/Platform/Windows.cmake	33188	a82145a35578cc2133ca9da63381b62a0593d8dd100a71cfb1f369c8a0c74fa6	
/usr/share/cmake/Modules/Platform/Windows3x-OpenWatcom-C.cmake	33188	06555740ce98681d794f56cd146f4fe5c561e2aab8f7e635d074161b4c5ec3ed	
/usr/share/cmake/Modules/Platform/Windows3x-OpenWatcom-CXX.cmake	33188	b5e272f8c5c814721311432e443ab0231b673808e0f9a501e354dc15f7a63df9	
/usr/share/cmake/Modules/Platform/Windows3x-OpenWatcom.cmake	33188	dfd9f5531803c194cc16ce1a668919223b854b2ee4dc62e0aab020b902200e27	
/usr/share/cmake/Modules/Platform/Windows3x.cmake	33188	9ede4083a519f3c72ecb489a5881ac196cbb2b2803b4c355e823ecff534cfb92	
/usr/share/cmake/Modules/Platform/WindowsCE-Initialize.cmake	33188	0d27762f0c8f678d31d0d98f2f8bd20172f76d655af7e2fc587a52c632a0bbd0	
/usr/share/cmake/Modules/Platform/WindowsCE-MSVC-C.cmake	33188	8122fcb41e167d3565c2b247b544ce354eff3fb4eb038c4dcd9523aab59c1547	
/usr/share/cmake/Modules/Platform/WindowsCE-MSVC-CXX.cmake	33188	ec47b11231c4ae2a86645fb69cc94ad9b42e064ae44d1683c62a1a792a6fab75	
/usr/share/cmake/Modules/Platform/WindowsCE.cmake	33188	0f9956e32a25d7e20cc649653b32367a6f3300a228e6899b8b9c7f9b8e7a283b	
/usr/share/cmake/Modules/Platform/WindowsKernelModeDriver-Initialize.cmake	33188	11fb96e9431ee7bbf6cb621123d0ffce207a8f0639e3d29a180ab3dbd9386aeb	
/usr/share/cmake/Modules/Platform/WindowsKernelModeDriver-MSVC-C.cmake	33188	3d5d0e2c94ec2e12f9f7430dc2045a6ff9f41d0243b9685f946dc26b10f56fea	
/usr/share/cmake/Modules/Platform/WindowsKernelModeDriver-MSVC-CXX.cmake	33188	e168b806b11dcf351087a0368009311af54df2b7ace24b74dee306221d90ab1b	
/usr/share/cmake/Modules/Platform/WindowsKernelModeDriver.cmake	33188	c9694f7629b09e1a635f373d37847a9342eb7564fcfc02a3e0dbdb9ffda64824	
/usr/share/cmake/Modules/Platform/WindowsPaths.cmake	33188	2785414e99b6e80154376cda490eba838b0cd4cb3b5b856aa17fd999e88cc5fa	
/usr/share/cmake/Modules/Platform/WindowsPhone-Clang-ASM.cmake	33188	8f9d39693de0a7ae4a45af54a7a74bf94ebeb56b985e4eaacb62cadb6dc1858d	
/usr/share/cmake/Modules/Platform/WindowsPhone-Clang-C.cmake	33188	5f0a2dfc96cc93f0af42f48607b4cf2e5895528f1665efa3617680183c37427b	
/usr/share/cmake/Modules/Platform/WindowsPhone-Clang-CXX.cmake	33188	50b79a4be388ec1bd487f13891ac70053d9d3c1027f35aa387dda89bc3e206d0	
/usr/share/cmake/Modules/Platform/WindowsPhone-GNU-ASM.cmake	33188	a491aa539d2fb2ec7ce038ef7f6744cb284e94fce31dc1d6543bfaf2b58eaa23	
/usr/share/cmake/Modules/Platform/WindowsPhone-GNU-C.cmake	33188	8156117cbf30ba7c6e98bc0f4449c458b215b1b43aa236ef4ae0418f5dda3677	
/usr/share/cmake/Modules/Platform/WindowsPhone-GNU-CXX.cmake	33188	4db963b9e68f0966e56ed760cbf86862ef247211874a72812941ba33c8b1c019	
/usr/share/cmake/Modules/Platform/WindowsPhone-Initialize.cmake	33188	a3bf791da46c411c0acc5fd1b0aace9aadb80bed3dfd63c758dde3ddaf2732a9	
/usr/share/cmake/Modules/Platform/WindowsPhone-MSVC-C.cmake	33188	8122fcb41e167d3565c2b247b544ce354eff3fb4eb038c4dcd9523aab59c1547	
/usr/share/cmake/Modules/Platform/WindowsPhone-MSVC-CXX.cmake	33188	ec47b11231c4ae2a86645fb69cc94ad9b42e064ae44d1683c62a1a792a6fab75	
/usr/share/cmake/Modules/Platform/WindowsPhone.cmake	33188	0f9956e32a25d7e20cc649653b32367a6f3300a228e6899b8b9c7f9b8e7a283b	
/usr/share/cmake/Modules/Platform/WindowsStore-Clang-ASM.cmake	33188	8f9d39693de0a7ae4a45af54a7a74bf94ebeb56b985e4eaacb62cadb6dc1858d	
/usr/share/cmake/Modules/Platform/WindowsStore-Clang-C.cmake	33188	5f0a2dfc96cc93f0af42f48607b4cf2e5895528f1665efa3617680183c37427b	
/usr/share/cmake/Modules/Platform/WindowsStore-Clang-CXX.cmake	33188	50b79a4be388ec1bd487f13891ac70053d9d3c1027f35aa387dda89bc3e206d0	
/usr/share/cmake/Modules/Platform/WindowsStore-GNU-ASM.cmake	33188	a491aa539d2fb2ec7ce038ef7f6744cb284e94fce31dc1d6543bfaf2b58eaa23	
/usr/share/cmake/Modules/Platform/WindowsStore-GNU-C.cmake	33188	8156117cbf30ba7c6e98bc0f4449c458b215b1b43aa236ef4ae0418f5dda3677	
/usr/share/cmake/Modules/Platform/WindowsStore-GNU-CXX.cmake	33188	4db963b9e68f0966e56ed760cbf86862ef247211874a72812941ba33c8b1c019	
/usr/share/cmake/Modules/Platform/WindowsStore-Initialize.cmake	33188	a34ab1c6db934e5fc640d75d6cbd3b97f46ad71b71e186c6cda48e95d526e883	
/usr/share/cmake/Modules/Platform/WindowsStore-MSVC-C.cmake	33188	8122fcb41e167d3565c2b247b544ce354eff3fb4eb038c4dcd9523aab59c1547	
/usr/share/cmake/Modules/Platform/WindowsStore-MSVC-CXX.cmake	33188	ec47b11231c4ae2a86645fb69cc94ad9b42e064ae44d1683c62a1a792a6fab75	
/usr/share/cmake/Modules/Platform/WindowsStore.cmake	33188	0f9956e32a25d7e20cc649653b32367a6f3300a228e6899b8b9c7f9b8e7a283b	
/usr/share/cmake/Modules/Platform/Xenix-Initialize.cmake	33188	6be225516a05174f4332ba3fd619106fec77cf24eb4ab72f35fb000994293360	
/usr/share/cmake/Modules/Platform/Xenix.cmake	33188	69a7d267630a2f56653dedbc2abee8cd9d99cf2d97d3555254dbaa5b633b203f	
/usr/share/cmake/Modules/Platform/eCos-Initialize.cmake	33188	6be225516a05174f4332ba3fd619106fec77cf24eb4ab72f35fb000994293360	
/usr/share/cmake/Modules/Platform/eCos.cmake	33188	4b46f79846d58a40f82c878c2ec8fea673e54bdfafb8846b6994bdf72cdfdbbd	
/usr/share/cmake/Modules/Platform/gas.cmake	33188	537e8f920e7152619289c966b6d70da6a7627a55fa39666935d56004e5c79096	
/usr/share/cmake/Modules/Platform/iOS-Determine-CXX.cmake	33188	9ad7f7ce6467175d885735ab4950d88bcfecbd99d5ba3f10db99460cc8cd34e7	
/usr/share/cmake/Modules/Platform/iOS-Initialize.cmake	33188	50651f5edc212ba423b1cc89525c0c8f439bec201d8f9e95af94559fa4a5563f	
/usr/share/cmake/Modules/Platform/iOS.cmake	33188	567ed6ebfdd18db09f721ccd3b7cc670940b29aa3e7a8db65af248a054f03eff	
/usr/share/cmake/Modules/Platform/kFreeBSD-Initialize.cmake	33188	630d5bda242c6babfb23769e8addfabbcf7ff439ef5c90bc6c8e7e4c4905d829	
/usr/share/cmake/Modules/Platform/kFreeBSD.cmake	33188	4434ba2d890382d52c91b65de97102e65ee7081601cb72cdc066df74ea0c6cd7	
/usr/share/cmake/Modules/Platform/syllable-Initialize.cmake	33188	6be225516a05174f4332ba3fd619106fec77cf24eb4ab72f35fb000994293360	
/usr/share/cmake/Modules/Platform/syllable.cmake	33188	8c25eee67add1507dc2711089859d6cdefd6e06462b1c3a8fa330c951b74a49d	
/usr/share/cmake/Modules/Platform/tvOS-Determine-CXX.cmake	33188	9ad7f7ce6467175d885735ab4950d88bcfecbd99d5ba3f10db99460cc8cd34e7	
/usr/share/cmake/Modules/Platform/tvOS-Initialize.cmake	33188	c7ac46ce1750c976115dae6abd45be38679e127257490910f442b6dcfda8a354	
/usr/share/cmake/Modules/Platform/tvOS.cmake	33188	567ed6ebfdd18db09f721ccd3b7cc670940b29aa3e7a8db65af248a054f03eff	
/usr/share/cmake/Modules/Platform/visionOS-Determine-CXX.cmake	33188	9ad7f7ce6467175d885735ab4950d88bcfecbd99d5ba3f10db99460cc8cd34e7	
/usr/share/cmake/Modules/Platform/visionOS-Initialize.cmake	33188	188f5fde4f60c8e03aa697a12435db6ac356120619240092542590014e5d291a	
/usr/share/cmake/Modules/Platform/visionOS.cmake	33188	567ed6ebfdd18db09f721ccd3b7cc670940b29aa3e7a8db65af248a054f03eff	
/usr/share/cmake/Modules/Platform/watchOS-Determine-CXX.cmake	33188	9ad7f7ce6467175d885735ab4950d88bcfecbd99d5ba3f10db99460cc8cd34e7	
/usr/share/cmake/Modules/Platform/watchOS-Initialize.cmake	33188	1b98a5d875ec0a7b16b357486efc03a316f5efe22b60991410feb43558fdac37	
/usr/share/cmake/Modules/Platform/watchOS.cmake	33188	567ed6ebfdd18db09f721ccd3b7cc670940b29aa3e7a8db65af248a054f03eff	
/usr/share/cmake/Modules/ProcessorCount.cmake	33188	4801e8c0234d059479528b3fb550f7c4ea671bb991328deab59d22cb265735f0	
/usr/share/cmake/Modules/Qt4ConfigDependentSettings.cmake	33188	273934944b96fc7cb5afd01b56232d4b76a4839029f997972cf445df7cb626ca	
/usr/share/cmake/Modules/Qt4Macros.cmake	33188	3145191111655e041a62704df49730e242191762a7b759e2d42fc7915b52d29f	
/usr/share/cmake/Modules/SelectLibraryConfigurations.cmake	33188	e35c3358794ca1f406bd14983dc9134baaa65dd5a7e6fef2326e5e2e48dbbc39	
/usr/share/cmake/Modules/Squish4RunTestCase.bat	33188	904c5b683d614801a1f2bd7c7955b6542ec3b52201e03ca9ad41c5ca30e0523a	
/usr/share/cmake/Modules/Squish4RunTestCase.sh	33188	bec7ec26305d4cba7aae771be6689132faf8103ab2f10702df27829f75670d46	
/usr/share/cmake/Modules/SquishRunTestCase.bat	33188	084bc7c48ccdad94a68101e843ade0c2d4f0bd35d4f68bc706754d5a498581d0	
/usr/share/cmake/Modules/SquishRunTestCase.sh	33188	b1e7057f3cff6abeebeccf118641e510bc10332b0f5364a31e2dd8c8ac3bed28	
/usr/share/cmake/Modules/SquishTestScript.cmake	33188	ca41f64e2eb40f9c13670437586de32e14ad541c71aa82d0cc0db0f92bbca775	
/usr/share/cmake/Modules/SystemInformation.cmake	33188	23838f32cb07fc71b2df307b6433749e136497bd092802f886bd9b1ed24a1717	
/usr/share/cmake/Modules/SystemInformation.in	33188	396870ee7cacf57fa489cfa07a3c6c4233154ef4b0b65e79d9cc203f97468193	
/usr/share/cmake/Modules/TestBigEndian.cmake	33188	0ac750e93f28cc5f3fe3ed4f177873c4a960061cb07363c756540adea72e74d5	
/usr/share/cmake/Modules/TestCXXAcceptsFlag.cmake	33188	0e2c40e305ede9f4f0110b016706578a40db2c0dfd4870f5f6c28b27457d5000	
/usr/share/cmake/Modules/TestEndianess.c.in	33188	f6303ecf0e9bbd1c090a026fc05c9cc5f695c7dfe275c2426445ca0b6103449a	
/usr/share/cmake/Modules/TestForANSIForScope.cmake	33188	785e439c95a00696ce7b7bd3c4ffcbdb1dbdb03f03598b24f5a03d8e10b0bb8e	
/usr/share/cmake/Modules/TestForANSIStreamHeaders.cmake	33188	42fdc9189b674a077275cc2ef92fb012918206851f8d43c8009d95d926828021	
/usr/share/cmake/Modules/TestForANSIStreamHeaders.cxx	33188	45956a64fcc674273c7827196c15664411ea477b9bfd1a6c530b3fee356b795d	
/usr/share/cmake/Modules/TestForAnsiForScope.cxx	33188	8c48ff1067776d7c35373efb91af88663fd5990446f94839756e0a936ac33d97	
/usr/share/cmake/Modules/TestForSSTREAM.cmake	33188	e69251168be2d81dce7f1261d98ae8743178ae73e8de0563dcf02887dda60280	
/usr/share/cmake/Modules/TestForSSTREAM.cxx	33188	1db18118541363bd956b13ff466cf7882ac66ec3304427652e468ac4d9cb32d4	
/usr/share/cmake/Modules/TestForSTDNamespace.cmake	33188	e760ba91e90c9e1910fd256d0747e46f18d813616a9e238c5861e83aa069629c	
/usr/share/cmake/Modules/TestForSTDNamespace.cxx	33188	e54da4c81283c7a3890160bfd04d2e8b263d18324bfa4aa1047e2cc8263e9249	
/usr/share/cmake/Modules/TizenCommon.cmake	33188	9be5a38b2bb41f81198e45b07463cb93a1a1961e7ae723beaa339f849fbd2620	
/usr/share/cmake/Modules/UseEcos.cmake	33188	e4f59dd90a58b87b793790c17fb260b55dabfd551066d74877c70bd3e4b9ec3b	
/usr/share/cmake/Modules/UseJava	16877		
/usr/share/cmake/Modules/UseJava.cmake	33188	a77dc2941ee982dd3261d59dcd2ad5bed08e6ef5351496ae60c8ec551dbd01eb	
/usr/share/cmake/Modules/UseJava/ClassFilelist.cmake	33188	7699ae3278dec9daf544604a5c0160f3ae7cefb8937e63003e444a36e6ad6948	
/usr/share/cmake/Modules/UseJava/ClearClassFiles.cmake	33188	8895a9cc4717369f7fa43b14d95c4e067ce6ffb4094c11a0b71a9595f867611d	
/usr/share/cmake/Modules/UseJava/Symlinks.cmake	33188	92eb379b389f30b190f2d2d019af850f772cccddb93a7b9ef62ddbb1483e250a	
/usr/share/cmake/Modules/UseJava/javaTargets.cmake.in	33188	769fe9189dc5fa9c00187d65722c766ef4931d736b957f314911ef453bb9ea73	
/usr/share/cmake/Modules/UsePkgConfig.cmake	33188	125b9f173751fd36ff599afe35a470c1c67ecb17ec7010ed5915e5250a0e7432	
/usr/share/cmake/Modules/UseQt4.cmake	33188	051a9e74a37541dca73d7f2b3a5f3be8ada9dacd330cc3b2a161b4072023996c	
/usr/share/cmake/Modules/UseSWIG	16877		
/usr/share/cmake/Modules/UseSWIG.cmake	33188	58cd33262cab5b44f2dc57cbaeccafde0da0a6abcc895655912a10795c1d3d0d	
/usr/share/cmake/Modules/UseSWIG/ManageSupportFiles.cmake	33188	5e873c060d6dc258f53ea88f8050996390d29b7815a549215dbed9b75209f315	
/usr/share/cmake/Modules/Use_wxWindows.cmake	33188	873f8055aa5d8bf6c897d5b88e5b094d6a2c7dd15980fb03a2755923130a075b	
/usr/share/cmake/Modules/UsewxWidgets.cmake	33188	c625876320db2649063915ec7c629a716dc76d80ddb477267efe2fd88290ba1a	
/usr/share/cmake/Modules/VTKCompatibility.cmake	33188	7f150e63b5115b522bad662b3b116c768aa33b690ba9224849a6435c34d6b0c2	
/usr/share/cmake/Modules/WriteBasicConfigVersionFile.cmake	33188	8421174d3e4430d369b330b3b007c50c01923eec82f3c07da6c816121aef6a38	
/usr/share/cmake/Modules/WriteCompilerDetectionHeader.cmake	33188	e372ca0c629180565c6b898b3610eff1f8facb8ca329307f7b3119442f91e21b	
/usr/share/cmake/Modules/ecos_clean.cmake	33188	7ba0a1989bfc333949a38fd961bdbd6613401074c8e1545c42e20010380ccdb9	
/usr/share/cmake/Modules/exportheader.cmake.in	33188	fd5389d78cbc07a57f50ffbd32035024c304388b820482dd04a8f8a43243c8b9	
/usr/share/cmake/Modules/kde3init_dummy.cpp.in	33188	2f3ebd00b3cbd11673c5e1d211bc7e2a9355fd8dde478e8ea26b09c90512cba5	
/usr/share/cmake/Modules/kde3uic.cmake	33188	3940c827f829b4bef79048d353a0b4cb05f9b8e020725faecd4400af320da1fc	
/usr/share/cmake/Modules/readme.txt	33188	bfbf61fb99ee4d9dead1fa16f6829f5275a1383ca88e207368a127cf273d3a54	
/usr/share/cmake/Templates	16877		
/usr/share/cmake/Templates/AppleInfo.plist	33188	667db50f143aa913a9c185c1649ca5df3ee33347f1f744cea9d448021e914984	
/usr/share/cmake/Templates/CMakeVSMacros1.vsmacros	33188	d681031dc93c8989dd0da6f01fc0ad573c7ebd63b3e020e7f13b5ba9d237049f	
/usr/share/cmake/Templates/CMakeVSMacros2.vsmacros	33188	c60d93180d277268d04298924771adf319840dd61d6607a533a86e2e38019bc6	
/usr/share/cmake/Templates/CPack.GenericDescription.txt	33188	f59fa8e262a96fd01b6c1f0fa2949596d17742a59f8fdf0779705ef523ea1494	
/usr/share/cmake/Templates/CPack.GenericLicense.txt	33188	f7599eb8577a498ba859547c8f5ac1c3302a4b1cb929a3ee61bc5e948d8aa3d6	
/usr/share/cmake/Templates/CPack.GenericWelcome.txt	33188	d43641f1f112de44b5d527757be73dabe84b7f78d4b75495fc396566d4575425	
/usr/share/cmake/Templates/CPackConfig.cmake.in	33188	0b64f59ee755467025c6461714ff781a7b6f2a5af0f4af8e1b0e62ce35387f26	
/usr/share/cmake/Templates/MSBuild	16877		
/usr/share/cmake/Templates/MSBuild/CustomBuildDepFile.targets	33188	43f5c4cd53f81c402f88025c99006027383bad1fd2eec63afb39f0f28689000f	
/usr/share/cmake/Templates/MSBuild/FlagTables	16877		
/usr/share/cmake/Templates/MSBuild/FlagTables/v10_CL.json	33188	efaa9688c1bbff9549ba2db5f8e20f0845fb32eff71e6b1f3f8ea5a5454140ff	
/usr/share/cmake/Templates/MSBuild/FlagTables/v10_CSharp.json	33188	57898499fe7634ee90a8158aa66387bf31d6faf454e35de32483604f6c3159a9	
/usr/share/cmake/Templates/MSBuild/FlagTables/v10_Cuda.json	33188	c4c293829d23926ed6d70bab45e0693bb0573df52f9ae737340e371ecad0a764	
/usr/share/cmake/Templates/MSBuild/FlagTables/v10_CudaHost.json	33188	a30c9c7310876fd6a8be19940cd30a1c2dbf6fa5b9f5efe47d9e757f9a72c917	
/usr/share/cmake/Templates/MSBuild/FlagTables/v10_LIB.json	33188	a43ebd1be710b764c8d90150cf89d4de5476c7060ce4f20ad50b78ad85838f3d	
/usr/share/cmake/Templates/MSBuild/FlagTables/v10_Link.json	33188	c771d1400c5da37d57445f3292754899d61bd0d7c6b85cf45128932a1be35830	
/usr/share/cmake/Templates/MSBuild/FlagTables/v10_MARMASM.json	33188	85dd70e5cf4dc4d926155dabae0943ef4df1acf00dafa7b76f3cc4259b7881fa	
/usr/share/cmake/Templates/MSBuild/FlagTables/v10_MASM.json	33188	ace65170026c6126d755abd64c2c8e8e801c08e96759e6bdffe6fba27bf14b46	
/usr/share/cmake/Templates/MSBuild/FlagTables/v10_NASM.json	33188	17e60c208d7687be69dc751aa820adb538dc9c7401341ced72c628387eda5c8e	
/usr/share/cmake/Templates/MSBuild/FlagTables/v10_RC.json	33188	d9a5ec4eb4f5d2bdad9f6ca49526610a204a6795a4269a9fb2248b18c0bb0e8f	
/usr/share/cmake/Templates/MSBuild/FlagTables/v11_CL.json	33188	6be57dd220fb986202111c1026b856e091bf2537be756badfc5c9f6cabb3f8d3	
/usr/share/cmake/Templates/MSBuild/FlagTables/v11_CSharp.json	33188	57898499fe7634ee90a8158aa66387bf31d6faf454e35de32483604f6c3159a9	
/usr/share/cmake/Templates/MSBuild/FlagTables/v11_LIB.json	33188	a43ebd1be710b764c8d90150cf89d4de5476c7060ce4f20ad50b78ad85838f3d	
/usr/share/cmake/Templates/MSBuild/FlagTables/v11_Link.json	33188	94775c27f904b5692685083e537b7f4b16b585ca3b6199938c3f0d4dfb24a0ad	
/usr/share/cmake/Templates/MSBuild/FlagTables/v11_MASM.json	33188	ace65170026c6126d755abd64c2c8e8e801c08e96759e6bdffe6fba27bf14b46	
/usr/share/cmake/Templates/MSBuild/FlagTables/v11_RC.json	33188	d9a5ec4eb4f5d2bdad9f6ca49526610a204a6795a4269a9fb2248b18c0bb0e8f	
/usr/share/cmake/Templates/MSBuild/FlagTables/v12_CL.json	33188	61844466f5d0bb1766d9e10512f6315738dd1da75ffce030ccf43b0596dd6fe7	
/usr/share/cmake/Templates/MSBuild/FlagTables/v12_CSharp.json	33188	57898499fe7634ee90a8158aa66387bf31d6faf454e35de32483604f6c3159a9	
/usr/share/cmake/Templates/MSBuild/FlagTables/v12_LIB.json	33188	a43ebd1be710b764c8d90150cf89d4de5476c7060ce4f20ad50b78ad85838f3d	
/usr/share/cmake/Templates/MSBuild/FlagTables/v12_Link.json	33188	94775c27f904b5692685083e537b7f4b16b585ca3b6199938c3f0d4dfb24a0ad	
/usr/share/cmake/Templates/MSBuild/FlagTables/v12_MASM.json	33188	ace65170026c6126d755abd64c2c8e8e801c08e96759e6bdffe6fba27bf14b46	
/usr/share/cmake/Templates/MSBuild/FlagTables/v12_RC.json	33188	d9a5ec4eb4f5d2bdad9f6ca49526610a204a6795a4269a9fb2248b18c0bb0e8f	
/usr/share/cmake/Templates/MSBuild/FlagTables/v140_CL.json	33188	03f759eebb5e7734fd10c469e879b98ef4c9a4a2d90bf9e267b0424a1036cebf	
/usr/share/cmake/Templates/MSBuild/FlagTables/v140_CSharp.json	33188	57898499fe7634ee90a8158aa66387bf31d6faf454e35de32483604f6c3159a9	
/usr/share/cmake/Templates/MSBuild/FlagTables/v140_Link.json	33188	7dff748e00ea2f23ed430841c49aa6be7795c8d3c39b7043e7b4c9f863dcbfed	
/usr/share/cmake/Templates/MSBuild/FlagTables/v141_CL.json	33188	03de44feca6779a61a8503a98cd971c849243a0473f4e4998a946f6c266d2b09	
/usr/share/cmake/Templates/MSBuild/FlagTables/v141_CSharp.json	33188	57898499fe7634ee90a8158aa66387bf31d6faf454e35de32483604f6c3159a9	
/usr/share/cmake/Templates/MSBuild/FlagTables/v141_Link.json	33188	c99dcdb3b6a6d1fa75b2dd7560ac8fd46d246918482ae5691c6b2b2126ca6360	
/usr/share/cmake/Templates/MSBuild/FlagTables/v142_CL.json	33188	30bb3f0db639a724d41a9110435b341020cc7a7cc984b95068d6ff29b11605b4	
/usr/share/cmake/Templates/MSBuild/FlagTables/v142_CSharp.json	33188	732b1c2df9ee3f6959b5feb17897092f0ebc1ef0ca5e630b48981c2ee4218ac4	
/usr/share/cmake/Templates/MSBuild/FlagTables/v142_Link.json	33188	a89410b9ebdf8c53fdbafbe81049b7b09e8f7914ed0ef11dcd9fbfd1a099d72d	
/usr/share/cmake/Templates/MSBuild/FlagTables/v143_CL.json	33188	7a949a92da2653b74f4de0f38a76419be28c6a782fc98408cea1880e37b024e1	
/usr/share/cmake/Templates/MSBuild/FlagTables/v143_CSharp.json	33188	732b1c2df9ee3f6959b5feb17897092f0ebc1ef0ca5e630b48981c2ee4218ac4	
/usr/share/cmake/Templates/MSBuild/FlagTables/v143_Link.json	33188	cbbeb357e4766de4d94cf8d8bb68956c8389fdafc3844d2c005163ed4aab7d92	
/usr/share/cmake/Templates/MSBuild/FlagTables/v14_LIB.json	33188	6bb0d072a08bf458b98aeb5fbbedac096e605b2984840f9332e422e70f3a0288	
/usr/share/cmake/Templates/MSBuild/FlagTables/v14_MASM.json	33188	ace65170026c6126d755abd64c2c8e8e801c08e96759e6bdffe6fba27bf14b46	
/usr/share/cmake/Templates/MSBuild/FlagTables/v14_RC.json	33188	d9a5ec4eb4f5d2bdad9f6ca49526610a204a6795a4269a9fb2248b18c0bb0e8f	
/usr/share/cmake/Templates/MSBuild/nasm.props.in	33188	0d8f24376c4f24f3623321763238452db79120e87eb6a6b03f244c8d55c26812	
/usr/share/cmake/Templates/MSBuild/nasm.targets	33188	a2498438ced6ecc4f4faddf08a7fcd545de4c9cda589b1441abe1d7f48ce5e5b	
/usr/share/cmake/Templates/MSBuild/nasm.xml	33188	05e959db3509e0b1971d5150e688c028d3f792ced6906e44d0994c182a6067c3	
/usr/share/cmake/Templates/TestDriver.cxx.in	33188	e194000869575d4dfeedb408d4455fe198e48c585b2d08f58e5bc094a178f322	
/usr/share/cmake/Templates/Windows	16877		
/usr/share/cmake/Templates/Windows/ApplicationIcon.png	33188	93a39a24e25ff9d7aa2d915480735845becebf7d21eb0b73242d274f5f231804	
/usr/share/cmake/Templates/Windows/Logo.png	33188	8a5556260d61749e920ebb51726808f4a235e935559ea2d7a20c1b92288da078	
/usr/share/cmake/Templates/Windows/SmallLogo.png	33188	f2f210f0afe57fc27c5797458ed119121690704f9ffa16092bedaea0da5a4d6a	
/usr/share/cmake/Templates/Windows/SmallLogo44x44.png	33188	f259cce553a0aa105115ddd3d63d00065619de0ce8ada4f6b07d6fa16498a42b	
/usr/share/cmake/Templates/Windows/SplashScreen.png	33188	102c4d51610d5b9ceb9a01741fd1341417de9b3ec0f8b19252022be0d4df4a6a	
/usr/share/cmake/Templates/Windows/StoreLogo.png	33188	8d8a445c738a128860587665a900921326c2aeac1d665aa477cf1ae71f5fe61b	
/usr/share/cmake/Templates/Windows/Windows_TemporaryKey.pfx	33188	a957fb8c8a3e3e7b1b8d2c58e97e02759b61cd7cbecca409c0763c8d6d9691f4	
/usr/share/cmake/include	16877		
/usr/share/cmake/include/cmCPluginAPI.h	33188	295886a220623b44dd79ad746c3cd35aa3f368924cb25fe8a92fee7a053870c3	
/usr/share/doc/packages/cmake	16877		
/usr/share/doc/packages/cmake/Copyright.txt	33188	0676e30827684487aa0ea8f72f01e9460a6320fa34a2888df0ad1dd3e8a06eb8	
/usr/share/doc/packages/cmake/cmcppdap	16877		
/usr/share/doc/packages/cmake/cmcppdap/NOTICE	33188	3103ac74433b12f1728cc0e09babe67620c5e3ab15d79d222b49d5d226681a6c	
/usr/share/doc/packages/cmake/cmcurl	16877		
/usr/share/doc/packages/cmake/cmcurl/COPYING	33188	adb1fc06547fd136244179809f7b7c2d2ae6c4534f160aa513af9b6a12866a32	
/usr/share/doc/packages/cmake/cmlibrhash	16877		
/usr/share/doc/packages/cmake/cmlibrhash/COPYING	33188	953e55838353335148c90b5a38a4894292680b1d4c37228ffddddbf18ce54bf5	
/usr/share/doc/packages/cmake/cmlibuv	16877		
/usr/share/doc/packages/cmake/cmlibuv/LICENSE	33188	95b8b163c60d17cfce3cef61a2d8a9cf70137502c8fb5f3d93cd2fc529fa98c8	
/usr/share/doc/packages/cmake/cmnghttp2	16877		
/usr/share/doc/packages/cmake/cmnghttp2/COPYING	33188	6b94f3abc1aabd0c72a7c7d92a77f79dda7c8a0cb3df839a97890b4116a2de2a	
/usr/share/doc/packages/cmake/cmsys	16877		
/usr/share/doc/packages/cmake/cmsys/Copyright.txt	33188	7aa92ae0b86f73f81947d177639556fe7f8ea42a74762ecdf563e3daf7106a40	
