/home/toolchain/development/libc++_replacement/tmp/R68/build-patched-armv7l/libcxx/test/__config_exec__/Output/tmp_0u5rojo.cpp.dir	20480	0	20	/opt/usr/home/owner/share/tmp/r77_lit_20260829/runs/run-de1a9fcb59aad1cd-3180039
/home/toolchain/development/libc++_replacement/tmp/R68/build-patched-armv7l/libcxx/test/__config_exec__/Output/tmp_fts5bn9.cpp.dir	20480	0	20	/opt/usr/home/owner/share/tmp/r77_lit_20260829/runs/run-f4f4235c29497724-3180053
/home/toolchain/development/libc++_replacement/tmp/R68/build-patched-armv7l/libcxx/test/__config_exec__/Output/tmp35uyaq8x.cpp.dir	20480	0	20	/opt/usr/home/owner/share/tmp/r77_lit_20260829/runs/run-2c01d81eed25024e-3180067
/home/toolchain/development/libc++_replacement/tmp/R68/build-patched-armv7l/libcxx/test/__config_exec__/Output/tmptq2del43.cpp.dir	20480	0	20	/opt/usr/home/owner/share/tmp/r77_lit_20260829/runs/run-c5c6877ee1fdef04-3180081
/home/toolchain/development/libc++_replacement/tmp/R68/build-patched-armv7l/libcxx/test/__config_exec__/Output/tmp927r_wb8.cpp.dir	20480	0	20	/opt/usr/home/owner/share/tmp/r77_lit_20260829/runs/run-04d89b366b4ff8b8-3180095
/home/toolchain/development/libc++_replacement/tmp/R68/build-patched-armv7l/libcxx/test/__config_exec__/Output/tmpht77gkob.cpp.dir	20480	0	20	/opt/usr/home/owner/share/tmp/r77_lit_20260829/runs/run-d7522396367fa9a6-3180109
/home/toolchain/development/libc++_replacement/tmp/R68/build-patched-armv7l/libcxx/test/__config_exec__/Output/tmpz5hms3ld.cpp.dir	20480	0	20	/opt/usr/home/owner/share/tmp/r77_lit_20260829/runs/run-f915a518d23291a3-3180141
/home/toolchain/development/libc++_replacement/tmp/R68/build-patched-armv7l/libcxx/test/__config_exec__/Output/tmpe4ye1uln.cpp.dir	20480	0	20	/opt/usr/home/owner/share/tmp/r77_lit_20260829/runs/run-9e67851fe6ad29df-3180157
/home/toolchain/development/libc++_replacement/tmp/R68/build-patched-armv7l/libcxx/test/__config_exec__/Output/tmprp_atmx_.cpp.dir	20480	0	20	/opt/usr/home/owner/share/tmp/r77_lit_20260829/runs/run-36c8aaba068e520f-3180171
/home/toolchain/development/libc++_replacement/tmp/R68/build-patched-armv7l/libcxx/test/__config_exec__/Output/tmps8c5ld4s.cpp.dir	20480	0	20	/opt/usr/home/owner/share/tmp/r77_lit_20260829/runs/run-e99d53ae95a35be1-3180186
/home/toolchain/development/libc++_replacement/tmp/R68/build-patched-armv7l/libcxx/test/__config_exec__/Output/tmp52sgmwqt.cpp.dir	10240	0	4	/opt/usr/home/owner/share/tmp/r77_lit_20260829/runs/run-174ae185eb2394dd-3180255
/home/toolchain/development/libc++_replacement/tmp/R68/build-patched-armv7l/libcxx/test/std/localization/locale.categories/category.ctype/locale.ctype.byname/Output/tolower_many.pass.cpp.dir	40960	0	36	/opt/usr/home/owner/share/tmp/r77_lit_20260829/runs/run-e159f1ce00f99954-3180301
/home/toolchain/development/libc++_replacement/tmp/R68/build-patched-armv7l/libcxx/test/std/localization/locale.categories/category.ctype/locale.ctype.byname/Output/tolower_1.pass.cpp.dir	30720	0	28	/opt/usr/home/owner/share/tmp/r77_lit_20260829/runs/run-a443722e7d0733fc-3180300
/home/toolchain/development/libc++_replacement/tmp/R68/build-patched-armv7l/libcxx/test/std/localization/locale.categories/category.ctype/locale.ctype.byname/Output/toupper_many.pass.cpp.dir	40960	0	36	/opt/usr/home/owner/share/tmp/r77_lit_20260829/runs/run-b1745a2f91f73e8d-3180329
/home/toolchain/development/libc++_replacement/tmp/R68/build-patched-armv7l/libcxx/test/std/localization/locale.categories/category.ctype/locale.ctype.byname/Output/toupper_1.pass.cpp.dir	30720	0	28	/opt/usr/home/owner/share/tmp/r77_lit_20260829/runs/run-9fb122ee332f30ad-3180328
/home/toolchain/development/libc++_replacement/tmp/R68/build-patched-armv7l/libcxx/test/std/localization/locale.categories/category.ctype/locale.ctype.byname/Output/types.pass.cpp.dir	30720	0	24	/opt/usr/home/owner/share/tmp/r77_lit_20260829/runs/run-17dbd02a6dc58922-3180382
/home/toolchain/development/libc++_replacement/tmp/R68/build-patched-armv7l/libcxx/test/std/localization/locale.categories/category.ctype/locale.ctype.byname/Output/widen_1.pass.cpp.dir	30720	0	28	/opt/usr/home/owner/share/tmp/r77_lit_20260829/runs/run-c0d241c9b29f57e0-3180384
/home/toolchain/development/libc++_replacement/tmp/R68/build-patched-armv7l/libcxx/test/std/localization/locale.categories/category.messages/locale.messages.byname/Output/nothing_to_do.pass.cpp.dir	20480	0	20	/opt/usr/home/owner/share/tmp/r77_lit_20260829/runs/run-df6d5f3f117a3bfa-3180408
/home/toolchain/development/libc++_replacement/tmp/R68/build-patched-armv7l/libcxx/test/std/localization/locale.categories/category.ctype/locale.ctype.byname/Output/widen_many.pass.cpp.dir	40960	0	40	/opt/usr/home/owner/share/tmp/r77_lit_20260829/runs/run-388363670d616e90-3180413
/home/toolchain/development/libc++_replacement/tmp/R68/build-patched-armv7l/libcxx/test/std/localization/locale.categories/category.messages/locale.messages/Output/ctor.pass.cpp.dir	30720	0	28	/opt/usr/home/owner/share/tmp/r77_lit_20260829/runs/run-7bb653ecf86a8940-3180436
/home/toolchain/development/libc++_replacement/tmp/R68/build-patched-armv7l/libcxx/test/std/localization/locale.categories/category.messages/locale.messages/locale.messages.members/Output/not_testable.pass.cpp.dir	20480	0	20	/opt/usr/home/owner/share/tmp/r77_lit_20260829/runs/run-fa8cf1b2208aa447-3180441
/home/toolchain/development/libc++_replacement/tmp/R68/build-patched-armv7l/libcxx/test/std/localization/locale.categories/category.messages/locale.messages/locale.messages.virtuals/Output/tested_elsewhere.pass.cpp.dir	20480	0	20	/opt/usr/home/owner/share/tmp/r77_lit_20260829/runs/run-3214682d762a883d-3180461
/home/toolchain/development/libc++_replacement/tmp/R68/build-patched-armv7l/libcxx/test/std/localization/locale.categories/category.messages/locale.messages/Output/messages_base.pass.cpp.dir	20480	0	20	/opt/usr/home/owner/share/tmp/r77_lit_20260829/runs/run-968511164f2741db-3180479
/home/toolchain/development/libc++_replacement/tmp/R68/build-patched-armv7l/libcxx/test/std/localization/locale.categories/category.messages/locale.messages/Output/types.pass.cpp.dir	20480	0	20	/opt/usr/home/owner/share/tmp/r77_lit_20260829/runs/run-95bdb8fab98497b1-3180512
/home/toolchain/development/libc++_replacement/tmp/R68/build-patched-armv7l/libcxx/test/std/localization/locale.categories/category.monetary/locale.money.get/Output/ctor.pass.cpp.dir	71680	0	64	/opt/usr/home/owner/share/tmp/r77_lit_20260829/runs/run-5ea3419cc26d157b-3180526
/home/toolchain/development/libc++_replacement/tmp/R68/build-patched-armv7l/libcxx/test/std/localization/locale.categories/category.monetary/locale.money.get/locale.money.get.members/Output/get_long_double_en_US.pass.cpp.dir	163840	0	156	/opt/usr/home/owner/share/tmp/r77_lit_20260829/runs/run-7c1abc2504616ce4-3180545
/home/toolchain/development/libc++_replacement/tmp/R68/build-patched-armv7l/libcxx/test/std/localization/locale.categories/category.monetary/locale.money.get/locale.money.get.members/Output/get_long_double_fr_FR.pass.cpp.dir	163840	0	156	/opt/usr/home/owner/share/tmp/r77_lit_20260829/runs/run-a04bab3ae5a4c8e1-3180556
/home/toolchain/development/libc++_replacement/tmp/R68/build-patched-armv7l/libcxx/test/std/localization/locale.categories/category.monetary/locale.money.get/locale.money.get.members/Output/get_long_double_overlong.pass.cpp.dir	112640	0	112	/opt/usr/home/owner/share/tmp/r77_lit_20260829/runs/run-c3398ac8acbccff4-3180575
/home/toolchain/development/libc++_replacement/tmp/R68/build-patched-armv7l/libcxx/test/std/localization/locale.categories/category.monetary/locale.money.get/locale.money.get.members/Output/get_long_double_zh_CN.pass.cpp.dir	163840	0	156	/opt/usr/home/owner/share/tmp/r77_lit_20260829/runs/run-fdba658773acd80b-3180614
/home/toolchain/development/libc++_replacement/tmp/R68/build-patched-armv7l/libcxx/test/std/localization/locale.categories/category.monetary/locale.money.get/locale.money.get.members/Output/get_long_double_ru_RU.pass.cpp.dir	163840	0	156	/opt/usr/home/owner/share/tmp/r77_lit_20260829/runs/run-ee69a6314b8ae026-3180601
/home/toolchain/development/libc++_replacement/tmp/R68/build-patched-armv7l/libcxx/test/std/localization/locale.categories/category.monetary/locale.money.get/locale.money.get.members/Output/get_string_en_US.pass.cpp.dir	163840	0	160	/opt/usr/home/owner/share/tmp/r77_lit_20260829/runs/run-690457a8d7389930-3180628
/home/toolchain/development/libc++_replacement/tmp/R68/build-patched-armv7l/libcxx/test/std/localization/locale.categories/category.monetary/locale.money.get/locale.money.get.virtuals/Output/tested_elsewhere.pass.cpp.dir	20480	0	20	/opt/usr/home/owner/share/tmp/r77_lit_20260829/runs/run-1f2ce694e9688d84-3180643
/home/toolchain/development/libc++_replacement/tmp/R68/build-patched-armv7l/libcxx/test/std/localization/locale.categories/category.monetary/locale.money.get/Output/types.pass.cpp.dir	20480	0	20	/opt/usr/home/owner/share/tmp/r77_lit_20260829/runs/run-e16587a279333710-3180657
/home/toolchain/development/libc++_replacement/tmp/R68/build-patched-armv7l/libcxx/test/std/localization/locale.categories/category.monetary/locale.money.put/Output/ctor.pass.cpp.dir	40960	0	40	/opt/usr/home/owner/share/tmp/r77_lit_20260829/runs/run-0532dbbf4842f845-3180671
/home/toolchain/development/libc++_replacement/tmp/R68/build-patched-armv7l/libcxx/test/std/localization/locale.categories/category.monetary/locale.money.put/locale.money.put.members/Output/put_long_double_en_US.pass.cpp.dir	112640	0	112	/opt/usr/home/owner/share/tmp/r77_lit_20260829/runs/run-d4787533c3833a43-3180687
/home/toolchain/development/libc++_replacement/tmp/R68/build-patched-armv7l/libcxx/test/std/localization/locale.categories/category.monetary/locale.money.put/locale.money.put.members/Output/put_long_double_fr_FR.pass.cpp.dir	122880	0	120	/opt/usr/home/owner/share/tmp/r77_lit_20260829/runs/run-7a849eedf94c5801-3180699
/home/toolchain/development/libc++_replacement/tmp/R68/build-patched-armv7l/libcxx/test/std/localization/locale.categories/category.monetary/locale.money.put/locale.money.put.members/Output/put_long_double_zh_CN.pass.cpp.dir	133120	0	128	/opt/usr/home/owner/share/tmp/r77_lit_20260829/runs/run-2191aa944f9aac73-3180726
/home/toolchain/development/libc++_replacement/tmp/R68/build-patched-armv7l/libcxx/test/std/localization/locale.categories/category.monetary/locale.money.put/locale.money.put.members/Output/put_long_double_ru_RU.pass.cpp.dir	133120	0	124	/opt/usr/home/owner/share/tmp/r77_lit_20260829/runs/run-4eb503b41876fc8b-3180715
/home/toolchain/development/libc++_replacement/tmp/R68/build-patched-armv7l/libcxx/test/std/localization/locale.categories/category.monetary/locale.money.put/locale.money.put.members/Output/put_string_en_US.pass.cpp.dir	122880	0	112	/opt/usr/home/owner/share/tmp/r77_lit_20260829/runs/run-42d25e9374e86495-3180740
/home/toolchain/development/libc++_replacement/tmp/R68/build-patched-armv7l/libcxx/test/std/localization/locale.categories/category.monetary/locale.money.put/locale.money.put.virtuals/Output/tested_elsewhere.pass.cpp.dir	20480	0	20	/opt/usr/home/owner/share/tmp/r77_lit_20260829/runs/run-a1c9fc193ad7ba01-3180760
/home/toolchain/development/libc++_replacement/tmp/R68/build-patched-armv7l/libcxx/test/std/localization/locale.categories/category.monetary/locale.money.put/Output/types.pass.cpp.dir	20480	0	20	/opt/usr/home/owner/share/tmp/r77_lit_20260829/runs/run-dcea61c4aba9eb67-3180764
/home/toolchain/development/libc++_replacement/tmp/R68/build-patched-armv7l/libcxx/test/std/localization/locale.categories/category.monetary/locale.moneypunct.byname/Output/curr_symbol.pass.cpp.dir	71680	0	68	/opt/usr/home/owner/share/tmp/r77_lit_20260829/runs/run-52c92383bc4dcd58-3180788
/home/toolchain/development/libc++_replacement/tmp/R68/build-patched-armv7l/libcxx/test/std/localization/locale.categories/category.monetary/locale.moneypunct.byname/Output/frac_digits.pass.cpp.dir	51200	0	44	/opt/usr/home/owner/share/tmp/r77_lit_20260829/runs/run-3d674bba286d1339-3180810
/home/toolchain/development/libc++_replacement/tmp/R68/build-patched-armv7l/libcxx/test/std/localization/locale.categories/category.monetary/locale.moneypunct.byname/Output/decimal_point.pass.cpp.dir	51200	0	52	/opt/usr/home/owner/share/tmp/r77_lit_20260829/runs/run-b312982c07f626d5-3180793
/home/toolchain/development/libc++_replacement/tmp/R68/build-patched-armv7l/libcxx/test/std/localization/locale.categories/category.monetary/locale.moneypunct.byname/Output/grouping.pass.cpp.dir	51200	0	52	/opt/usr/home/owner/share/tmp/r77_lit_20260829/runs/run-6d8fd7cfb716c4e7-3180824
/home/toolchain/development/libc++_replacement/tmp/R68/build-patched-armv7l/libcxx/test/std/localization/locale.categories/category.monetary/locale.moneypunct.byname/Output/neg_format.pass.cpp.dir	51200	0	44	/opt/usr/home/owner/share/tmp/r77_lit_20260829/runs/run-4491256f1d16c66f-3180846
/home/toolchain/development/libc++_replacement/tmp/R68/build-patched-armv7l/libcxx/test/std/localization/locale.categories/category.monetary/locale.moneypunct.byname/Output/negative_sign.pass.cpp.dir	61440	0	52	/opt/usr/home/owner/share/tmp/r77_lit_20260829/runs/run-3ed65d34225c9259-3180851
/home/toolchain/development/libc++_replacement/tmp/R68/build-patched-armv7l/libcxx/test/std/localization/locale.categories/category.monetary/locale.moneypunct.byname/Output/pos_format.pass.cpp.dir	51200	0	44	/opt/usr/home/owner/share/tmp/r77_lit_20260829/runs/run-fc2a0310adbca507-3180874
/home/toolchain/development/libc++_replacement/tmp/R68/build-patched-armv7l/libcxx/test/std/localization/locale.categories/category.monetary/locale.moneypunct.byname/Output/positive_sign.pass.cpp.dir	61440	0	52	/opt/usr/home/owner/share/tmp/r77_lit_20260829/runs/run-371123edb14f8797-3180879
/home/toolchain/development/libc++_replacement/tmp/R68/build-patched-armv7l/libcxx/test/std/localization/locale.categories/category.monetary/locale.moneypunct.byname/Output/thousands_sep.pass.cpp.dir	71680	0	64	/opt/usr/home/owner/share/tmp/r77_lit_20260829/runs/run-e00915f8e0a674bc-3180902
/home/toolchain/development/libc++_replacement/tmp/R68/build-patched-armv7l/libcxx/test/std/localization/locale.categories/category.monetary/locale.moneypunct/Output/ctor.pass.cpp.dir	30720	0	28	/opt/usr/home/owner/share/tmp/r77_lit_20260829/runs/run-d7e219abebb61bb6-3180907
/home/toolchain/development/libc++_replacement/tmp/R68/build-patched-armv7l/libcxx/test/std/localization/locale.categories/category.monetary/locale.moneypunct/locale.moneypunct.members/Output/curr_symbol.pass.cpp.dir	40960	0	40	/opt/usr/home/owner/share/tmp/r77_lit_20260829/runs/run-af0a6ddd3f516570-3180930
/home/toolchain/development/libc++_replacement/tmp/R68/build-patched-armv7l/libcxx/test/std/localization/locale.categories/category.monetary/locale.moneypunct/locale.moneypunct.members/Output/decimal_point.pass.cpp.dir	30720	0	32	/opt/usr/home/owner/share/tmp/r77_lit_20260829/runs/run-a2eaa9fe64a72ee3-3180936
/home/toolchain/development/libc++_replacement/tmp/R68/build-patched-armv7l/libcxx/test/std/localization/locale.categories/category.monetary/locale.moneypunct/locale.moneypunct.members/Output/frac_digits.pass.cpp.dir	30720	0	32	/opt/usr/home/owner/share/tmp/r77_lit_20260829/runs/run-e4ca3af424b68571-3180958
/home/toolchain/development/libc++_replacement/tmp/R68/build-patched-armv7l/libcxx/test/std/localization/locale.categories/category.monetary/locale.moneypunct/locale.moneypunct.members/Output/grouping.pass.cpp.dir	40960	0	36	/opt/usr/home/owner/share/tmp/r77_lit_20260829/runs/run-1cc6859b3ba9715e-3180964
/home/toolchain/development/libc++_replacement/tmp/R68/build-patched-armv7l/libcxx/test/std/localization/locale.categories/category.monetary/locale.moneypunct/locale.moneypunct.members/Output/neg_format.pass.cpp.dir	40960	0	36	/opt/usr/home/owner/share/tmp/r77_lit_20260829/runs/run-22020ec68eb91c35-3180986
/home/toolchain/development/libc++_replacement/tmp/R68/build-patched-armv7l/libcxx/test/std/localization/locale.categories/category.monetary/locale.moneypunct/locale.moneypunct.members/Output/negative_sign.pass.cpp.dir	40960	0	36	/opt/usr/home/owner/share/tmp/r77_lit_20260829/runs/run-c25c619bd54ffe55-3180992
/home/toolchain/development/libc++_replacement/tmp/R68/build-patched-armv7l/libcxx/test/std/localization/locale.categories/category.monetary/locale.moneypunct/locale.moneypunct.members/Output/pos_format.pass.cpp.dir	40960	0	36	/opt/usr/home/owner/share/tmp/r77_lit_20260829/runs/run-00a5192ddd628214-3181016
/home/toolchain/development/libc++_replacement/tmp/R68/build-patched-armv7l/libcxx/test/std/localization/locale.categories/category.monetary/locale.moneypunct/locale.moneypunct.members/Output/positive_sign.pass.cpp.dir	40960	0	40	/opt/usr/home/owner/share/tmp/r77_lit_20260829/runs/run-feb06788f8cf1ba1-3181022
/home/toolchain/development/libc++_replacement/tmp/R68/build-patched-armv7l/libcxx/test/std/localization/locale.categories/category.monetary/locale.moneypunct/locale.moneypunct.members/Output/thousands_sep.pass.cpp.dir	30720	0	32	/opt/usr/home/owner/share/tmp/r77_lit_20260829/runs/run-97dde47798a69f58-3181046
/home/toolchain/development/libc++_replacement/tmp/R68/build-patched-armv7l/libcxx/test/std/localization/locale.categories/category.monetary/locale.moneypunct/locale.moneypunct.virtuals/Output/tested_elsewhere.pass.cpp.dir	20480	0	20	/opt/usr/home/owner/share/tmp/r77_lit_20260829/runs/run-46f2239a825d666b-3181048
/home/toolchain/development/libc++_replacement/tmp/R68/build-patched-armv7l/libcxx/test/std/localization/locale.categories/category.monetary/locale.moneypunct/Output/money_base.pass.cpp.dir	20480	0	20	/opt/usr/home/owner/share/tmp/r77_lit_20260829/runs/run-11ac12d5cf2620c1-3181072
/home/toolchain/development/libc++_replacement/tmp/R68/build-patched-armv7l/libcxx/test/std/localization/locale.categories/category.monetary/locale.moneypunct/Output/types.pass.cpp.dir	20480	0	20	/opt/usr/home/owner/share/tmp/r77_lit_20260829/runs/run-a1d89589218e20a3-3181076
/home/toolchain/development/libc++_replacement/tmp/R68/build-patched-armv7l/libcxx/test/std/localization/locale.categories/category.numeric/locale.nm.put/Output/ctor.pass.cpp.dir	81920	0	72	/opt/usr/home/owner/share/tmp/r77_lit_20260829/runs/run-08df9a001b00b4ba-3181100
/home/toolchain/development/libc++_replacement/tmp/R68/build-patched-armv7l/libcxx/test/std/localization/locale.categories/category.numeric/locale.nm.put/facet.num.put.members/Output/put_bool.pass.cpp.dir	102400	0	96	/opt/usr/home/owner/share/tmp/r77_lit_20260829/runs/run-8573c6e608e08bfb-3181105
/home/toolchain/development/libc++_replacement/tmp/R68/build-patched-armv7l/libcxx/test/std/localization/locale.categories/category.numeric/locale.nm.put/facet.num.put.members/Output/put_double.hex.pass.cpp.dir	276480	0	268	/opt/usr/home/owner/share/tmp/r77_lit_20260829/runs/run-1c132921b1d74efe-3181128
/home/toolchain/development/libc++_replacement/tmp/R68/build-patched-armv7l/libcxx/test/std/localization/locale.categories/category.numeric/locale.nm.put/facet.num.put.members/Output/put_double.pass.cpp.dir	778240	0	756	/opt/usr/home/owner/share/tmp/r77_lit_20260829/runs/run-3a9d6868f184085f-3181142
/home/toolchain/development/libc++_replacement/tmp/R68/build-patched-armv7l/libcxx/test/std/localization/locale.categories/category.numeric/locale.nm.put/facet.num.put.members/Output/put_long.pass.cpp.dir	122880	0	112	/opt/usr/home/owner/share/tmp/r77_lit_20260829/runs/run-4594e3f6cffa22e4-3181148
/home/toolchain/development/libc++_replacement/tmp/R68/build-patched-armv7l/libcxx/test/std/localization/locale.categories/category.numeric/locale.nm.put/facet.num.put.members/Output/put_long_double.hex.pass.cpp.dir	184320	0	180	/opt/usr/home/owner/share/tmp/r77_lit_20260829/runs/run-786bd63db82ce4a3-3181172
/home/toolchain/development/libc++_replacement/tmp/R68/build-patched-armv7l/libcxx/test/std/localization/locale.categories/category.numeric/locale.nm.put/facet.num.put.members/Output/put_long_long.pass.cpp.dir	122880	0	112	/opt/usr/home/owner/share/tmp/r77_lit_20260829/runs/run-eb9a51077f22e8b8-3181188
/home/toolchain/development/libc++_replacement/tmp/R68/build-patched-armv7l/libcxx/test/std/localization/locale.categories/category.numeric/locale.nm.put/facet.num.put.members/Output/put_long_double.pass.cpp.dir	1177600	0	1148	/opt/usr/home/owner/share/tmp/r77_lit_20260829/runs/run-e347de8442c080d2-3181195
/home/toolchain/development/libc++_replacement/tmp/R68/build-patched-armv7l/libcxx/test/std/localization/locale.categories/category.numeric/locale.nm.put/facet.num.put.members/Output/put_pointer.pass.cpp.dir	102400	0	92	/opt/usr/home/owner/share/tmp/r77_lit_20260829/runs/run-3da0a3529f59971e-3181213
/home/toolchain/development/libc++_replacement/tmp/R68/build-patched-armv7l/libcxx/test/std/localization/locale.categories/category.numeric/locale.nm.put/facet.num.put.members/Output/put_unsigned_long.pass.cpp.dir	122880	0	112	/opt/usr/home/owner/share/tmp/r77_lit_20260829/runs/run-ab506e6b73fec281-3181227
/home/toolchain/development/libc++_replacement/tmp/R68/build-patched-armv7l/libcxx/test/std/localization/locale.categories/category.numeric/locale.nm.put/facet.num.put.members/Output/put_unsigned_long_long.pass.cpp.dir	122880	0	112	/opt/usr/home/owner/share/tmp/r77_lit_20260829/runs/run-2811a934673010bc-3181241
/home/toolchain/development/libc++_replacement/tmp/R68/build-patched-armv7l/libcxx/test/std/localization/locale.categories/category.numeric/locale.nm.put/facet.num.put.virtuals/Output/tested_elsewhere.pass.cpp.dir	20480	0	20	/opt/usr/home/owner/share/tmp/r77_lit_20260829/runs/run-0cb3e0d4afa2597e-3181249
/home/toolchain/development/libc++_replacement/tmp/R68/build-patched-armv7l/libcxx/test/std/localization/locale.categories/category.numeric/locale.nm.put/Output/types.pass.cpp.dir	20480	0	20	/opt/usr/home/owner/share/tmp/r77_lit_20260829/runs/run-d4801219e0e754fc-3181272
/home/toolchain/development/libc++_replacement/tmp/R68/build-patched-armv7l/libcxx/test/std/localization/locale.categories/category.numeric/locale.num.get/Output/ctor.pass.cpp.dir	71680	0	64	/opt/usr/home/owner/share/tmp/r77_lit_20260829/runs/run-be81c76817f50d8e-3181278
/home/toolchain/development/libc++_replacement/tmp/R68/build-patched-armv7l/libcxx/test/std/localization/locale.categories/category.numeric/locale.num.get/facet.num.get.members/Output/get_bool.pass.cpp.dir	81920	0	76	/opt/usr/home/owner/share/tmp/r77_lit_20260829/runs/run-e6c129496d3df4e7-3181301
/home/toolchain/development/libc++_replacement/tmp/R68/build-patched-armv7l/libcxx/test/std/localization/locale.categories/category.numeric/locale.num.get/facet.num.get.members/Output/get_double.pass.cpp.dir	102400	0	92	/opt/usr/home/owner/share/tmp/r77_lit_20260829/runs/run-75acddc689839298-3181306
/home/toolchain/development/libc++_replacement/tmp/R68/build-patched-armv7l/libcxx/test/std/localization/locale.categories/category.numeric/locale.num.get/facet.num.get.members/Output/get_float.pass.cpp.dir	92160	0	88	/opt/usr/home/owner/share/tmp/r77_lit_20260829/runs/run-e6d613f518146e82-3181329
/home/toolchain/development/libc++_replacement/tmp/R68/build-patched-armv7l/libcxx/test/std/localization/locale.categories/category.numeric/locale.num.get/facet.num.get.members/Output/get_long.pass.cpp.dir	112640	0	104	/opt/usr/home/owner/share/tmp/r77_lit_20260829/runs/run-41ff05fdbb510d29-3181353
/home/toolchain/development/libc++_replacement/tmp/R68/build-patched-armv7l/libcxx/test/std/localization/locale.categories/category.numeric/locale.num.get/facet.num.get.members/Output/get_long_double.pass.cpp.dir	92160	0	88	/opt/usr/home/owner/share/tmp/r77_lit_20260829/runs/run-8c06f1211d56f594-3181376
/home/toolchain/development/libc++_replacement/tmp/R68/build-patched-armv7l/libcxx/test/std/localization/locale.categories/category.numeric/locale.num.get/facet.num.get.members/Output/get_long_long.pass.cpp.dir	71680	0	72	/opt/usr/home/owner/share/tmp/r77_lit_20260829/runs/run-728f10c1ed9c86fd-3181380
/home/toolchain/development/libc++_replacement/tmp/R68/build-patched-armv7l/libcxx/test/std/localization/locale.categories/category.numeric/locale.num.get/facet.num.get.members/Output/get_pointer.pass.cpp.dir	71680	0	72	/opt/usr/home/owner/share/tmp/r77_lit_20260829/runs/run-e9d1143e0f3b26c3-3181404
/home/toolchain/development/libc++_replacement/tmp/R68/build-patched-armv7l/libcxx/test/std/localization/locale.categories/category.numeric/locale.num.get/facet.num.get.members/Output/get_unsigned_int.pass.cpp.dir	71680	0	72	/opt/usr/home/owner/share/tmp/r77_lit_20260829/runs/run-8a39c02f7b4a53d0-3181409
/home/toolchain/development/libc++_replacement/tmp/R68/build-patched-armv7l/libcxx/test/std/localization/locale.categories/category.numeric/locale.num.get/facet.num.get.members/Output/get_unsigned_long.pass.cpp.dir	71680	0	72	/opt/usr/home/owner/share/tmp/r77_lit_20260829/runs/run-9b8ba8496b3f9d8a-3181432
/home/toolchain/development/libc++_replacement/tmp/R68/build-patched-armv7l/libcxx/test/std/localization/locale.categories/category.numeric/locale.num.get/facet.num.get.members/Output/get_unsigned_long_long.pass.cpp.dir	71680	0	72	/opt/usr/home/owner/share/tmp/r77_lit_20260829/runs/run-deb4b936f1d40fa1-3181436
/home/toolchain/development/libc++_replacement/tmp/R68/build-patched-armv7l/libcxx/test/std/localization/locale.categories/category.numeric/locale.num.get/facet.num.get.members/Output/get_unsigned_short.pass.cpp.dir	71680	0	72	/opt/usr/home/owner/share/tmp/r77_lit_20260829/runs/run-a969777060d4b813-3181462
/home/toolchain/development/libc++_replacement/tmp/R68/build-patched-armv7l/libcxx/test/std/localization/locale.categories/category.numeric/locale.num.get/facet.num.get.members/Output/test_min_max.pass.cpp.dir	61440	0	60	/opt/usr/home/owner/share/tmp/r77_lit_20260829/runs/run-2b24f9546a3f02fb-3181464
/home/toolchain/development/libc++_replacement/tmp/R68/build-patched-armv7l/libcxx/test/std/localization/locale.categories/category.numeric/locale.num.get/facet.num.get.virtuals/Output/tested_elsewhere.pass.cpp.dir	20480	0	20	/opt/usr/home/owner/share/tmp/r77_lit_20260829/runs/run-36983cf4d0a4ae5b-3181512
/home/toolchain/development/libc++_replacement/tmp/R68/build-patched-armv7l/libcxx/test/std/localization/locale.categories/category.numeric/locale.num.get/facet.num.get.members/Output/test_neg_one.pass.cpp.dir	112640	0	104	/opt/usr/home/owner/share/tmp/r77_lit_20260829/runs/run-3ce5d62ca788df0b-3181520
/home/toolchain/development/libc++_replacement/tmp/R68/build-patched-armv7l/libcxx/test/std/localization/locale.categories/category.numeric/locale.num.get/Output/types.pass.cpp.dir	20480	0	20	/opt/usr/home/owner/share/tmp/r77_lit_20260829/runs/run-9ed625eb4f982fbb-3181542
/home/toolchain/development/libc++_replacement/tmp/R68/build-patched-armv7l/libcxx/test/std/localization/locale.categories/category.numeric/locale.num.get/Output/user_defined_char_type.pass.cpp.dir	92160	0	88	/opt/usr/home/owner/share/tmp/r77_lit_20260829/runs/run-0e4d5699676c98cd-3181549
/home/toolchain/development/libc++_replacement/tmp/R68/build-patched-armv7l/libcxx/test/std/localization/locale.categories/category.time/locale.time.get.byname/Output/date_order.pass.cpp.dir	61440	0	56	/opt/usr/home/owner/share/tmp/r77_lit_20260829/runs/run-2d7adecc2b6b8dc5-3181570
/home/toolchain/development/libc++_replacement/tmp/R68/build-patched-armv7l/libcxx/test/std/localization/locale.categories/category.time/locale.time.get.byname/Output/date_order_wide.pass.cpp.dir	51200	0	52	/opt/usr/home/owner/share/tmp/r77_lit_20260829/runs/run-5a244186ba3f6b38-3181577
/home/toolchain/development/libc++_replacement/tmp/R68/build-patched-armv7l/libcxx/test/std/localization/locale.categories/category.time/locale.time.get.byname/Output/get_date.pass.cpp.dir	61440	0	60	/opt/usr/home/owner/share/tmp/r77_lit_20260829/runs/run-be95cd9ce92f336f-3181598
/home/toolchain/development/libc++_replacement/tmp/R68/build-patched-armv7l/libcxx/test/std/localization/locale.categories/category.time/locale.time.get.byname/Output/get_date_wide.pass.cpp.dir	61440	0	56	/opt/usr/home/owner/share/tmp/r77_lit_20260829/runs/run-66391eb8ae0d607b-3181604
/home/toolchain/development/libc++_replacement/tmp/R68/build-patched-armv7l/libcxx/test/std/localization/locale.categories/category.time/locale.time.get.byname/Output/get_monthname.pass.cpp.dir	61440	0	56	/opt/usr/home/owner/share/tmp/r77_lit_20260829/runs/run-7b0a2bd5116e5ccb-3181626
/home/toolchain/development/libc++_replacement/tmp/R68/build-patched-armv7l/libcxx/test/std/localization/locale.categories/category.time/locale.time.get.byname/Output/get_monthname_wide.pass.cpp.dir	61440	0	56	/opt/usr/home/owner/share/tmp/r77_lit_20260829/runs/run-89bb10b91b92c8e9-3181633
/home/toolchain/development/libc++_replacement/tmp/R68/build-patched-armv7l/libcxx/test/std/localization/locale.categories/category.time/locale.time.get.byname/Output/get_one.pass.cpp.dir	61440	0	60	/opt/usr/home/owner/share/tmp/r77_lit_20260829/runs/run-f6e2abbc39088d09-3181654
/home/toolchain/development/libc++_replacement/tmp/R68/build-patched-armv7l/libcxx/test/std/localization/locale.categories/category.time/locale.time.get.byname/Output/get_one_wide.pass.cpp.dir	61440	0	60	/opt/usr/home/owner/share/tmp/r77_lit_20260829/runs/run-c42840b54762bae3-3181660
/home/toolchain/development/libc++_replacement/tmp/R68/build-patched-armv7l/libcxx/test/std/localization/locale.categories/category.time/locale.time.get.byname/Output/get_time.pass.cpp.dir	61440	0	56	/opt/usr/home/owner/share/tmp/r77_lit_20260829/runs/run-31cbe72c7dbf2d2c-3181682
/home/toolchain/development/libc++_replacement/tmp/R68/build-patched-armv7l/libcxx/test/std/localization/locale.categories/category.time/locale.time.get.byname/Output/get_time_wide.pass.cpp.dir	61440	0	56	/opt/usr/home/owner/share/tmp/r77_lit_20260829/runs/run-1884fe1b2c71fab2-3181688
/home/toolchain/development/libc++_replacement/tmp/R68/build-patched-armv7l/libcxx/test/std/localization/locale.categories/category.time/locale.time.get.byname/Output/get_weekday.pass.cpp.dir	61440	0	56	/opt/usr/home/owner/share/tmp/r77_lit_20260829/runs/run-e4c2e30bd7372607-3181710
/home/toolchain/development/libc++_replacement/tmp/R68/build-patched-armv7l/libcxx/test/std/localization/locale.categories/category.time/locale.time.get.byname/Output/get_weekday_wide.pass.cpp.dir	61440	0	56	/opt/usr/home/owner/share/tmp/r77_lit_20260829/runs/run-b5c550ee604548f7-3181716
/home/toolchain/development/libc++_replacement/tmp/R68/build-patched-armv7l/libcxx/test/std/localization/locale.categories/category.time/locale.time.get.byname/Output/get_year.pass.cpp.dir	61440	0	56	/opt/usr/home/owner/share/tmp/r77_lit_20260829/runs/run-5ce01ac71c43a2f6-3181767
/home/toolchain/development/libc++_replacement/tmp/R68/build-patched-armv7l/libcxx/test/std/localization/locale.categories/category.time/locale.time.get.byname/Output/get_year_wide.pass.cpp.dir	61440	0	56	/opt/usr/home/owner/share/tmp/r77_lit_20260829/runs/run-78a385818372dd76-3181773
/home/toolchain/development/libc++_replacement/tmp/R68/build-patched-armv7l/libcxx/test/std/localization/locale.categories/category.time/locale.time.get/Output/ctor.pass.cpp.dir	51200	0	44	/opt/usr/home/owner/share/tmp/r77_lit_20260829/runs/run-e70556bbe96b400f-3181795
/home/toolchain/development/libc++_replacement/tmp/R68/build-patched-armv7l/libcxx/test/std/localization/locale.categories/category.time/locale.time.get/locale.time.get.members/Output/date_order.pass.cpp.dir	51200	0	48	/opt/usr/home/owner/share/tmp/r77_lit_20260829/runs/run-3592f4c9ea395b19-3181802
/home/toolchain/development/libc++_replacement/tmp/R68/build-patched-armv7l/libcxx/test/std/localization/locale.categories/category.time/locale.time.get/locale.time.get.members/Output/get_date.pass.cpp.dir	51200	0	48	/opt/usr/home/owner/share/tmp/r77_lit_20260829/runs/run-f6d859ca4b2fffdf-3181822
/home/toolchain/development/libc++_replacement/tmp/R68/build-patched-armv7l/libcxx/test/std/localization/locale.categories/category.time/locale.time.get/locale.time.get.members/Output/get_date_wide.pass.cpp.dir	51200	0	48	/opt/usr/home/owner/share/tmp/r77_lit_20260829/runs/run-a9fb08d13579a64b-3181832
/home/toolchain/development/libc++_replacement/tmp/R68/build-patched-armv7l/libcxx/test/std/localization/locale.categories/category.time/locale.time.get/locale.time.get.members/Output/get_many.pass.cpp.dir	51200	0	48	/opt/usr/home/owner/share/tmp/r77_lit_20260829/runs/run-1d3b55fd5be91ae3-3181867
/home/toolchain/development/libc++_replacement/tmp/R68/build-patched-armv7l/libcxx/test/std/localization/locale.categories/category.time/locale.time.get/locale.time.get.members/Output/get_monthname.pass.cpp.dir	61440	0	56	/opt/usr/home/owner/share/tmp/r77_lit_20260829/runs/run-fe142d6276ea835d-3181877
/home/toolchain/development/libc++_replacement/tmp/R68/build-patched-armv7l/libcxx/test/std/localization/locale.categories/category.time/locale.time.get/locale.time.get.members/Output/get_monthname_wide.pass.cpp.dir	61440	0	60	/opt/usr/home/owner/share/tmp/r77_lit_20260829/runs/run-e6ceca12bfb6ad1a-3181897
/home/toolchain/development/libc++_replacement/tmp/R68/build-patched-armv7l/libcxx/test/std/localization/locale.categories/category.time/locale.time.get/locale.time.get.members/Output/get_one.pass.cpp.dir	71680	0	64	/opt/usr/home/owner/share/tmp/r77_lit_20260829/runs/run-96e4d2b984c7f78c-3181907
/home/toolchain/development/libc++_replacement/tmp/R68/build-patched-armv7l/libcxx/test/std/localization/locale.categories/category.time/locale.time.get/locale.time.get.members/Output/get_time.pass.cpp.dir	61440	0	52	/opt/usr/home/owner/share/tmp/r77_lit_20260829/runs/run-f4c3e6e01c6f93ec-3181924
/home/toolchain/development/libc++_replacement/tmp/R68/build-patched-armv7l/libcxx/test/std/localization/locale.categories/category.time/locale.time.get/locale.time.get.members/Output/get_time_wide.pass.cpp.dir	61440	0	52	/opt/usr/home/owner/share/tmp/r77_lit_20260829/runs/run-32a238ddbc1c1e8e-3181935
/home/toolchain/development/libc++_replacement/tmp/R68/build-patched-armv7l/libcxx/test/std/localization/locale.categories/category.time/locale.time.get/locale.time.get.members/Output/get_weekday.pass.cpp.dir	61440	0	56	/opt/usr/home/owner/share/tmp/r77_lit_20260829/runs/run-4a0e26134289ebdb-3181951
/home/toolchain/development/libc++_replacement/tmp/R68/build-patched-armv7l/libcxx/test/std/localization/locale.categories/category.time/locale.time.get/locale.time.get.members/Output/get_weekday_wide.pass.cpp.dir	61440	0	56	/opt/usr/home/owner/share/tmp/r77_lit_20260829/runs/run-bc21172247c8ff01-3181963
/home/toolchain/development/libc++_replacement/tmp/R68/build-patched-armv7l/libcxx/test/std/localization/locale.categories/category.time/locale.time.get/locale.time.get.members/Output/get_year.pass.cpp.dir	61440	0	52	/opt/usr/home/owner/share/tmp/r77_lit_20260829/runs/run-1688204c2018a9d9-3181979
/home/toolchain/development/libc++_replacement/tmp/R68/build-patched-armv7l/libcxx/test/std/localization/locale.categories/category.time/locale.time.get/locale.time.get.virtuals/Output/tested_elsewhere.pass.cpp.dir	20480	0	20	/opt/usr/home/owner/share/tmp/r77_lit_20260829/runs/run-c439f507e342693a-3181987
/home/toolchain/development/libc++_replacement/tmp/R68/build-patched-armv7l/libcxx/test/std/localization/locale.categories/category.time/locale.time.get/Output/time_base.pass.cpp.dir	20480	0	20	/opt/usr/home/owner/share/tmp/r77_lit_20260829/runs/run-ad7e6a0adfebd02d-3182010
/home/toolchain/development/libc++_replacement/tmp/R68/build-patched-armv7l/libcxx/test/std/localization/locale.categories/category.time/locale.time.get/Output/types.pass.cpp.dir	20480	0	20	/opt/usr/home/owner/share/tmp/r77_lit_20260829/runs/run-b712878e5f2f544e-3182015
/home/toolchain/development/libc++_replacement/tmp/R68/build-patched-armv7l/libcxx/test/std/localization/locale.categories/category.time/locale.time.put.byname/Output/put1.pass.cpp.dir	61440	0	56	/opt/usr/home/owner/share/tmp/r77_lit_20260829/runs/run-e02d1c0b44030e00-3182038
/home/toolchain/development/libc++_replacement/tmp/R68/build-patched-armv7l/libcxx/test/std/localization/locale.categories/category.time/locale.time.put/Output/ctor.pass.cpp.dir	30720	0	32	/opt/usr/home/owner/share/tmp/r77_lit_20260829/runs/run-5934355ba1cc700b-3182042
/home/toolchain/development/libc++_replacement/tmp/R68/build-patched-armv7l/libcxx/test/std/localization/locale.categories/category.time/locale.time.put/locale.time.put.members/Output/put1.pass.cpp.dir	51200	0	52	/opt/usr/home/owner/share/tmp/r77_lit_20260829/runs/run-91cb54862591b877-3182066
/home/toolchain/development/libc++_replacement/tmp/R68/build-patched-armv7l/libcxx/test/std/localization/locale.categories/category.time/locale.time.put/locale.time.put.members/Output/put2.pass.cpp.dir	71680	0	64	/opt/usr/home/owner/share/tmp/r77_lit_20260829/runs/run-0ba0e13922e80860-3182070
/home/toolchain/development/libc++_replacement/tmp/R68/build-patched-armv7l/libcxx/test/std/localization/locale.categories/category.time/locale.time.put/locale.time.put.virtuals/Output/tested_elsewhere.pass.cpp.dir	20480	0	20	/opt/usr/home/owner/share/tmp/r77_lit_20260829/runs/run-d878001e335f6827-3182108
/home/toolchain/development/libc++_replacement/tmp/R68/build-patched-armv7l/libcxx/test/std/localization/locale.categories/category.time/locale.time.put/Output/types.pass.cpp.dir	20480	0	20	/opt/usr/home/owner/share/tmp/r77_lit_20260829/runs/run-1eacdf87f45bcf77-3182118
/home/toolchain/development/libc++_replacement/tmp/R68/build-patched-armv7l/libcxx/test/std/localization/locale.categories/facet.numpunct/locale.numpunct.byname/Output/decimal_point.pass.cpp.dir	30720	0	24	/opt/usr/home/owner/share/tmp/r77_lit_20260829/runs/run-2d2bf2205cdab29a-3182137
/home/toolchain/development/libc++_replacement/tmp/R68/build-patched-armv7l/libcxx/test/std/localization/locale.categories/facet.numpunct/locale.numpunct.byname/Output/grouping.pass.cpp.dir	30720	0	28	/opt/usr/home/owner/share/tmp/r77_lit_20260829/runs/run-72801e0eb7cc73bf-3182147
/home/toolchain/development/libc++_replacement/tmp/R68/build-patched-armv7l/libcxx/test/std/localization/locale.categories/facet.numpunct/locale.numpunct.byname/Output/thousands_sep.pass.cpp.dir	51200	0	48	/opt/usr/home/owner/share/tmp/r77_lit_20260829/runs/run-488bbbcf681ad47a-3182163
/home/toolchain/development/libc++_replacement/tmp/R68/build-patched-armv7l/libcxx/test/std/localization/locale.categories/facet.numpunct/locale.numpunct/Output/ctor.pass.cpp.dir	30720	0	28	/opt/usr/home/owner/share/tmp/r77_lit_20260829/runs/run-9722b4c600d7a5fe-3182177
/home/toolchain/development/libc++_replacement/tmp/R68/build-patched-armv7l/libcxx/test/std/localization/locale.categories/facet.numpunct/locale.numpunct/facet.numpunct.members/Output/decimal_point.pass.cpp.dir	30720	0	24	/opt/usr/home/owner/share/tmp/r77_lit_20260829/runs/run-46ab92592390f4d3-3182191
/home/toolchain/development/libc++_replacement/tmp/R68/build-patched-armv7l/libcxx/test/std/localization/locale.categories/facet.numpunct/locale.numpunct/facet.numpunct.members/Output/falsename.pass.cpp.dir	30720	0	32	/opt/usr/home/owner/share/tmp/r77_lit_20260829/runs/run-071de7de9797e090-3182205
/home/toolchain/development/libc++_replacement/tmp/R68/build-patched-armv7l/libcxx/test/std/localization/locale.categories/facet.numpunct/locale.numpunct/facet.numpunct.members/Output/grouping.pass.cpp.dir	30720	0	28	/opt/usr/home/owner/share/tmp/r77_lit_20260829/runs/run-1560fbe38e3b31a7-3182219
/home/toolchain/development/libc++_replacement/tmp/R68/build-patched-armv7l/libcxx/test/std/localization/locale.categories/facet.numpunct/locale.numpunct/facet.numpunct.members/Output/thousands_sep.pass.cpp.dir	30720	0	24	/opt/usr/home/owner/share/tmp/r77_lit_20260829/runs/run-eb695aaa118a609d-3182233
/home/toolchain/development/libc++_replacement/tmp/R68/build-patched-armv7l/libcxx/test/std/localization/locale.categories/facet.numpunct/locale.numpunct/facet.numpunct.members/Output/truename.pass.cpp.dir	30720	0	32	/opt/usr/home/owner/share/tmp/r77_lit_20260829/runs/run-1c7991f1634b5b3d-3182247
/home/toolchain/development/libc++_replacement/tmp/R68/build-patched-armv7l/libcxx/test/std/localization/locale.categories/facet.numpunct/locale.numpunct/facet.numpunct.virtuals/Output/tested_elsewhere.pass.cpp.dir	20480	0	20	/opt/usr/home/owner/share/tmp/r77_lit_20260829/runs/run-44b9286538bcdc0e-3182259
/home/toolchain/development/libc++_replacement/tmp/R68/build-patched-armv7l/libcxx/test/std/localization/locale.categories/facet.numpunct/locale.numpunct/Output/types.pass.cpp.dir	30720	0	24	/opt/usr/home/owner/share/tmp/r77_lit_20260829/runs/run-e67568578e53797b-3182284
/home/toolchain/development/libc++_replacement/tmp/R68/build-patched-armv7l/libcxx/test/std/localization/locale.categories/facets.examples/Output/nothing_to_do.pass.cpp.dir	20480	0	20	/opt/usr/home/owner/share/tmp/r77_lit_20260829/runs/run-81cb2420df4b4a86-3182286
/home/toolchain/development/libc++_replacement/tmp/R68/build-patched-armv7l/libcxx/test/std/localization/locale.stdcvt/Output/codecvt_mode.pass.cpp.dir	20480	0	20	/opt/usr/home/owner/share/tmp/r77_lit_20260829/runs/run-aaff221b6efe6cab-3182310
/home/toolchain/development/libc++_replacement/tmp/R68/build-patched-armv7l/libcxx/test/std/localization/locale.stdcvt/Output/codecvt_utf16.pass.cpp.dir	40960	0	36	/opt/usr/home/owner/share/tmp/r77_lit_20260829/runs/run-6698394abc357df9-3182314
/home/toolchain/development/libc++_replacement/tmp/R68/build-patched-armv7l/libcxx/test/std/localization/locale.stdcvt/Output/codecvt_utf16_always_noconv.pass.cpp.dir	30720	0	32	/opt/usr/home/owner/share/tmp/r77_lit_20260829/runs/run-d7bc663ffae6a948-3182338
/home/toolchain/development/libc++_replacement/tmp/R68/build-patched-armv7l/libcxx/test/std/localization/locale.stdcvt/Output/codecvt_utf16_encoding.pass.cpp.dir	30720	0	32	/opt/usr/home/owner/share/tmp/r77_lit_20260829/runs/run-5df537a4a4858df5-3182342
/home/toolchain/development/libc++_replacement/tmp/R68/build-patched-armv7l/libcxx/test/std/localization/locale.stdcvt/Output/codecvt_utf16_in.pass.cpp.dir	81920	0	80	/opt/usr/home/owner/share/tmp/r77_lit_20260829/runs/run-a0532e1a2af55695-3182366
/home/toolchain/development/libc++_replacement/tmp/R68/build-patched-armv7l/libcxx/test/std/localization/locale.stdcvt/Output/codecvt_utf16_length.pass.cpp.dir	61440	0	56	/opt/usr/home/owner/share/tmp/r77_lit_20260829/runs/run-8b913fdeff197d12-3182371
/home/toolchain/development/libc++_replacement/tmp/R68/build-patched-armv7l/libcxx/test/std/localization/locale.stdcvt/Output/codecvt_utf16_max_length.pass.cpp.dir	40960	0	36	/opt/usr/home/owner/share/tmp/r77_lit_20260829/runs/run-47ac3b46995189c4-3182394
/home/toolchain/development/libc++_replacement/tmp/R68/build-patched-armv7l/libcxx/test/std/localization/locale.stdcvt/Output/codecvt_utf16_out.pass.cpp.dir	81920	0	80	/opt/usr/home/owner/share/tmp/r77_lit_20260829/runs/run-9342827cd9fe8f11-3182399
/home/toolchain/development/libc++_replacement/tmp/R68/build-patched-armv7l/libcxx/test/std/localization/locale.stdcvt/Output/codecvt_utf16_unshift.pass.cpp.dir	30720	0	32	/opt/usr/home/owner/share/tmp/r77_lit_20260829/runs/run-7b5078847936d1af-3182425
/home/toolchain/development/libc++_replacement/tmp/R68/build-patched-armv7l/libcxx/test/std/localization/locale.stdcvt/Output/codecvt_utf8.pass.cpp.dir	40960	0	36	/opt/usr/home/owner/share/tmp/r77_lit_20260829/runs/run-81ffe1bf5f49a481-3182430
/home/toolchain/development/libc++_replacement/tmp/R68/build-patched-armv7l/libcxx/test/std/localization/locale.stdcvt/Output/codecvt_utf8_always_noconv.pass.cpp.dir	30720	0	32	/opt/usr/home/owner/share/tmp/r77_lit_20260829/runs/run-2d4055289d48f7cb-3182453
/home/toolchain/development/libc++_replacement/tmp/R68/build-patched-armv7l/libcxx/test/std/localization/locale.stdcvt/Output/codecvt_utf8_encoding.pass.cpp.dir	30720	0	32	/opt/usr/home/owner/share/tmp/r77_lit_20260829/runs/run-755d620973793e46-3182458
/home/toolchain/development/libc++_replacement/tmp/R68/build-patched-armv7l/libcxx/test/std/localization/locale.stdcvt/Output/codecvt_utf8_in.pass.cpp.dir	51200	0	48	/opt/usr/home/owner/share/tmp/r77_lit_20260829/runs/run-8be66414f1df5848-3182478
/home/toolchain/development/libc++_replacement/tmp/R68/build-patched-armv7l/libcxx/test/std/localization/locale.stdcvt/Output/codecvt_utf8_length.pass.cpp.dir	51200	0	44	/opt/usr/home/owner/share/tmp/r77_lit_20260829/runs/run-017016e681145029-3182487
/home/toolchain/development/libc++_replacement/tmp/R68/build-patched-armv7l/libcxx/test/std/localization/locale.stdcvt/Output/codecvt_utf8_max_length.pass.cpp.dir	40960	0	36	/opt/usr/home/owner/share/tmp/r77_lit_20260829/runs/run-9bd5f4938fb3c026-3182507
/home/toolchain/development/libc++_replacement/tmp/R68/build-patched-armv7l/libcxx/test/std/localization/locale.stdcvt/Output/codecvt_utf8_out.pass.cpp.dir	71680	0	64	/opt/usr/home/owner/share/tmp/r77_lit_20260829/runs/run-2e26ca122b64ee4c-3182517
/home/toolchain/development/libc++_replacement/tmp/R68/build-patched-armv7l/libcxx/test/std/localization/locale.stdcvt/Output/codecvt_utf8_unshift.pass.cpp.dir	30720	0	32	/opt/usr/home/owner/share/tmp/r77_lit_20260829/runs/run-03768d0b5faac5fa-3182535
/home/toolchain/development/libc++_replacement/tmp/R68/build-patched-armv7l/libcxx/test/std/localization/locale.stdcvt/Output/codecvt_utf8_utf16_always_noconv.pass.cpp.dir	30720	0	32	/opt/usr/home/owner/share/tmp/r77_lit_20260829/runs/run-3e65714919857cd5-3182545
/home/toolchain/development/libc++_replacement/tmp/R68/build-patched-armv7l/libcxx/test/std/localization/locale.stdcvt/Output/codecvt_utf8_utf16_encoding.pass.cpp.dir	30720	0	32	/opt/usr/home/owner/share/tmp/r77_lit_20260829/runs/run-15ec72ada0ad1876-3182563
/home/toolchain/development/libc++_replacement/tmp/R68/build-patched-armv7l/libcxx/test/std/localization/locale.stdcvt/Output/codecvt_utf8_utf16_in.pass.cpp.dir	51200	0	52	/opt/usr/home/owner/share/tmp/r77_lit_20260829/runs/run-b7b4689e37017edd-3182573
/home/toolchain/development/libc++_replacement/tmp/R68/build-patched-armv7l/libcxx/test/std/localization/locale.stdcvt/Output/codecvt_utf8_utf16_length.pass.cpp.dir	51200	0	44	/opt/usr/home/owner/share/tmp/r77_lit_20260829/runs/run-c22dab6dfcf6aab5-3182592
/home/toolchain/development/libc++_replacement/tmp/R68/build-patched-armv7l/libcxx/test/std/localization/locale.stdcvt/Output/codecvt_utf8_utf16_max_length.pass.cpp.dir	40960	0	36	/opt/usr/home/owner/share/tmp/r77_lit_20260829/runs/run-7c26b34399356123-3182602
/home/toolchain/development/libc++_replacement/tmp/R68/build-patched-armv7l/libcxx/test/std/localization/locale.stdcvt/Output/codecvt_utf8_utf16_out.pass.cpp.dir	61440	0	56	/opt/usr/home/owner/share/tmp/r77_lit_20260829/runs/run-1c094171a4c46b40-3182618
/home/toolchain/development/libc++_replacement/tmp/R68/build-patched-armv7l/libcxx/test/std/localization/locale.stdcvt/Output/codecvt_utf8_utf16_unshift.pass.cpp.dir	40960	0	32	/opt/usr/home/owner/share/tmp/r77_lit_20260829/runs/run-a16f50fbe170317b-3182630
/home/toolchain/development/libc++_replacement/tmp/R68/build-patched-armv7l/libcxx/test/std/localization/locale.syn/Output/nothing_to_do.pass.cpp.dir	20480	0	20	/opt/usr/home/owner/share/tmp/r77_lit_20260829/runs/run-9858df215c0044f4-3182651
/home/toolchain/development/libc++_replacement/tmp/R68/build-patched-armv7l/libcxx/test/std/localization/locales/locale.convenience/classification/Output/isalnum.pass.cpp.dir	30720	0	20	/opt/usr/home/owner/share/tmp/r77_lit_20260829/runs/run-3854e4b5923e30f3-3182661
/home/toolchain/development/libc++_replacement/tmp/R68/build-patched-armv7l/libcxx/test/std/localization/locales/locale.convenience/classification/Output/isalpha.pass.cpp.dir	30720	0	20	/opt/usr/home/owner/share/tmp/r77_lit_20260829/runs/run-c7b08390304e863e-3182677
/home/toolchain/development/libc++_replacement/tmp/R68/build-patched-armv7l/libcxx/test/std/localization/locales/locale.convenience/classification/Output/isblank.pass.cpp.dir	30720	0	20	/opt/usr/home/owner/share/tmp/r77_lit_20260829/runs/run-e01a75f2fa4aff82-3182690
/home/toolchain/development/libc++_replacement/tmp/R68/build-patched-armv7l/libcxx/test/std/localization/locales/locale.convenience/classification/Output/iscntrl.pass.cpp.dir	30720	0	20	/opt/usr/home/owner/share/tmp/r77_lit_20260829/runs/run-c932735b7415dbb1-3182705
/home/toolchain/development/libc++_replacement/tmp/R68/build-patched-armv7l/libcxx/test/std/localization/locales/locale.convenience/classification/Output/isdigit.pass.cpp.dir	30720	0	20	/opt/usr/home/owner/share/tmp/r77_lit_20260829/runs/run-14069cd6d78d94d9-3182717
/home/toolchain/development/libc++_replacement/tmp/R68/build-patched-armv7l/libcxx/test/std/localization/locales/locale.convenience/classification/Output/isgraph.pass.cpp.dir	30720	0	20	/opt/usr/home/owner/share/tmp/r77_lit_20260829/runs/run-58c5ede9ea085231-3182733
/home/toolchain/development/libc++_replacement/tmp/R68/build-patched-armv7l/libcxx/test/std/localization/locales/locale.convenience/classification/Output/islower.pass.cpp.dir	30720	0	20	/opt/usr/home/owner/share/tmp/r77_lit_20260829/runs/run-62d48d34bd3f737f-3182746
/home/toolchain/development/libc++_replacement/tmp/R68/build-patched-armv7l/libcxx/test/std/localization/locales/locale.convenience/classification/Output/isprint.pass.cpp.dir	30720	0	20	/opt/usr/home/owner/share/tmp/r77_lit_20260829/runs/run-03cbea74d32f2b5b-3182791
/home/toolchain/development/libc++_replacement/tmp/R68/build-patched-armv7l/libcxx/test/std/localization/locales/locale.convenience/classification/Output/ispunct.pass.cpp.dir	30720	0	20	/opt/usr/home/owner/share/tmp/r77_lit_20260829/runs/run-1184f8cfbd659789-3182805
/home/toolchain/development/libc++_replacement/tmp/R68/build-patched-armv7l/libcxx/test/std/localization/locales/locale.convenience/classification/Output/isspace.pass.cpp.dir	30720	0	20	/opt/usr/home/owner/share/tmp/r77_lit_20260829/runs/run-5d866faa1a67199b-3182819
/home/toolchain/development/libc++_replacement/tmp/R68/build-patched-armv7l/libcxx/test/std/localization/locales/locale.convenience/classification/Output/isupper.pass.cpp.dir	30720	0	20	/opt/usr/home/owner/share/tmp/r77_lit_20260829/runs/run-f6375684149cc408-3182833
/home/toolchain/development/libc++_replacement/tmp/R68/build-patched-armv7l/libcxx/test/std/localization/locales/locale.convenience/classification/Output/isxdigit.pass.cpp.dir	30720	0	20	/opt/usr/home/owner/share/tmp/r77_lit_20260829/runs/run-a48d67d7c07c7e32-3182847
/home/toolchain/development/libc++_replacement/tmp/R68/build-patched-armv7l/libcxx/test/std/localization/locales/locale.convenience/conversions/conversions.buffer/Output/ctor.pass.cpp.dir	71680	0	64	/opt/usr/home/owner/share/tmp/r77_lit_20260829/runs/run-f29af8cf0796c4ac-3182863
/home/toolchain/development/libc++_replacement/tmp/R68/build-patched-armv7l/libcxx/test/std/localization/locales/locale.convenience/conversions/conversions.buffer/Output/overflow.pass.cpp.dir	81920	0	76	/opt/usr/home/owner/share/tmp/r77_lit_20260829/runs/run-bf14f36354547e7c-3182875
/home/toolchain/development/libc++_replacement/tmp/R68/build-patched-armv7l/libcxx/test/std/localization/locales/locale.convenience/conversions/conversions.buffer/Output/pbackfail.pass.cpp.dir	61440	0	56	/opt/usr/home/owner/share/tmp/r77_lit_20260829/runs/run-6b4b952abd92aa84-3182889
/home/toolchain/development/libc++_replacement/tmp/R68/build-patched-armv7l/libcxx/test/std/localization/locales/locale.convenience/conversions/conversions.buffer/Output/rdbuf.pass.cpp.dir	61440	0	56	/opt/usr/home/owner/share/tmp/r77_lit_20260829/runs/run-b4cc6e0e6a05c929-3182903
/home/toolchain/development/libc++_replacement/tmp/R68/build-patched-armv7l/libcxx/test/std/localization/locales/locale.convenience/conversions/conversions.buffer/Output/seekoff.pass.cpp.dir	61440	0	52	/opt/usr/home/owner/share/tmp/r77_lit_20260829/runs/run-391afc11e52c9808-3182917
/home/toolchain/development/libc++_replacement/tmp/R68/build-patched-armv7l/libcxx/test/std/localization/locales/locale.convenience/conversions/conversions.buffer/Output/state.pass.cpp.dir	51200	0	44	/opt/usr/home/owner/share/tmp/r77_lit_20260829/runs/run-272803a5cee12a5c-3182931
/home/toolchain/development/libc++_replacement/tmp/R68/build-patched-armv7l/libcxx/test/std/localization/locales/locale.convenience/conversions/conversions.buffer/Output/test.pass.cpp.dir	92160	0	84	/opt/usr/home/owner/share/tmp/r77_lit_20260829/runs/run-f462a4f8d8eb1cb0-3182947
/home/toolchain/development/libc++_replacement/tmp/R68/build-patched-armv7l/libcxx/test/std/localization/locales/locale.convenience/conversions/conversions.buffer/Output/underflow.pass.cpp.dir	61440	0	60	/opt/usr/home/owner/share/tmp/r77_lit_20260829/runs/run-5293db9c82803eb5-3182959
/home/toolchain/development/libc++_replacement/tmp/R68/build-patched-armv7l/libcxx/test/std/localization/locales/locale.convenience/conversions/conversions.character/Output/tolower.pass.cpp.dir	30720	0	20	/opt/usr/home/owner/share/tmp/r77_lit_20260829/runs/run-62142b0d9906656f-3182973
/home/toolchain/development/libc++_replacement/tmp/R68/build-patched-armv7l/libcxx/test/std/localization/locales/locale.convenience/conversions/conversions.character/Output/toupper.pass.cpp.dir	30720	0	20	/opt/usr/home/owner/share/tmp/r77_lit_20260829/runs/run-fdd7f2e2c78aab28-3182987
/home/toolchain/development/libc++_replacement/tmp/R68/build-patched-armv7l/libcxx/test/std/localization/locales/locale.convenience/conversions/conversions.string/Output/converted.pass.cpp.dir	71680	0	72	/opt/usr/home/owner/share/tmp/r77_lit_20260829/runs/run-30cee42c2e8989e7-3183001
/home/toolchain/development/libc++_replacement/tmp/R68/build-patched-armv7l/libcxx/test/std/localization/locales/locale.convenience/conversions/conversions.string/Output/ctor_codecvt.pass.cpp.dir	30720	0	32	/opt/usr/home/owner/share/tmp/r77_lit_20260829/runs/run-fc2543d2469d75fb-3183015
/home/toolchain/development/libc++_replacement/tmp/R68/build-patched-armv7l/libcxx/test/std/localization/locales/locale.convenience/conversions/conversions.string/Output/ctor_codecvt_state.pass.cpp.dir	30720	0	32	/opt/usr/home/owner/share/tmp/r77_lit_20260829/runs/run-fb690f06ced7d6ab-3183031
/home/toolchain/development/libc++_replacement/tmp/R68/build-patched-armv7l/libcxx/test/std/localization/locales/locale.convenience/conversions/conversions.string/Output/ctor_copy.pass.cpp.dir	20480	0	20	/opt/usr/home/owner/share/tmp/r77_lit_20260829/runs/run-bcfefce621b13b83-3183045
/home/toolchain/development/libc++_replacement/tmp/R68/build-patched-armv7l/libcxx/test/std/localization/locales/locale.convenience/conversions/conversions.string/Output/ctor_err_string.pass.cpp.dir	71680	0	72	/opt/usr/home/owner/share/tmp/r77_lit_20260829/runs/run-c108304dc71394de-3183059
/home/toolchain/development/libc++_replacement/tmp/R68/build-patched-armv7l/libcxx/test/std/localization/locales/locale.convenience/conversions/conversions.string/Output/from_bytes.pass.cpp.dir	61440	0	60	/opt/usr/home/owner/share/tmp/r77_lit_20260829/runs/run-240b0b4b39a77c7d-3183103
/home/toolchain/development/libc++_replacement/tmp/R68/build-patched-armv7l/libcxx/test/std/localization/locales/locale.convenience/conversions/conversions.string/Output/state.pass.cpp.dir	30720	0	32	/opt/usr/home/owner/share/tmp/r77_lit_20260829/runs/run-0b8fcd5f9c2d2dc9-3183117
/home/toolchain/development/libc++_replacement/tmp/R68/build-patched-armv7l/libcxx/test/std/localization/locales/locale.convenience/conversions/conversions.string/Output/to_bytes.pass.cpp.dir	61440	0	60	/opt/usr/home/owner/share/tmp/r77_lit_20260829/runs/run-2eb4b64e308cde5d-3183131
/home/toolchain/development/libc++_replacement/tmp/R68/build-patched-armv7l/libcxx/test/std/localization/locales/locale.convenience/conversions/conversions.string/Output/types.pass.cpp.dir	20480	0	20	/opt/usr/home/owner/share/tmp/r77_lit_20260829/runs/run-09566061b72c498d-3183145
/home/toolchain/development/libc++_replacement/tmp/R68/build-patched-armv7l/libcxx/test/std/localization/locales/locale.global.templates/Output/has_facet.pass.cpp.dir	30720	0	24	/opt/usr/home/owner/share/tmp/r77_lit_20260829/runs/run-5c8278f4bc193bc8-3183175
/home/toolchain/development/libc++_replacement/tmp/R68/build-patched-armv7l/libcxx/test/std/localization/locales/locale.global.templates/Output/use_facet.pass.cpp.dir	30720	0	28	/opt/usr/home/owner/share/tmp/r77_lit_20260829/runs/run-799250fd794d4861-3183190
/home/toolchain/development/libc++_replacement/tmp/R68/build-patched-armv7l/libcxx/test/std/localization/locales/locale/locale.cons/Output/assign.pass.cpp.dir	51200	0	44	/opt/usr/home/owner/share/tmp/r77_lit_20260829/runs/run-ce334fcf7af82e8f-3183204
/home/toolchain/development/libc++_replacement/tmp/R68/build-patched-armv7l/libcxx/test/std/localization/locales/locale/locale.cons/Output/char_pointer.pass.cpp.dir	51200	0	48	/opt/usr/home/owner/share/tmp/r77_lit_20260829/runs/run-75933028be9bd6ca-3183218
/home/toolchain/development/libc++_replacement/tmp/R68/build-patched-armv7l/libcxx/test/std/localization/locales/locale/locale.cons/Output/copy.pass.cpp.dir	51200	0	44	/opt/usr/home/owner/share/tmp/r77_lit_20260829/runs/run-1b8661c4f5408931-3183232
/home/toolchain/development/libc++_replacement/tmp/R68/build-patched-armv7l/libcxx/test/std/localization/locales/locale/locale.cons/Output/default.pass.cpp.dir	51200	0	48	/opt/usr/home/owner/share/tmp/r77_lit_20260829/runs/run-84a0bc7dada39e49-3183270
/home/toolchain/development/libc++_replacement/tmp/R68/build-patched-armv7l/libcxx/test/std/localization/locales/locale/locale.cons/Output/locale_char_pointer_cat.pass.cpp.dir	51200	0	44	/opt/usr/home/owner/share/tmp/r77_lit_20260829/runs/run-e844e4ef4503ae54-3183286
/home/toolchain/development/libc++_replacement/tmp/R68/build-patched-armv7l/libcxx/test/std/localization/locales/locale/locale.cons/Output/locale_facetptr.pass.cpp.dir	51200	0	52	/opt/usr/home/owner/share/tmp/r77_lit_20260829/runs/run-3b87b41b43fdb86e-3183298
/home/toolchain/development/libc++_replacement/tmp/R68/build-patched-armv7l/libcxx/test/std/localization/locales/locale/locale.cons/Output/locale_locale_cat.pass.cpp.dir	51200	0	44	/opt/usr/home/owner/share/tmp/r77_lit_20260829/runs/run-a2943c6f0d2e03e9-3183314
/home/toolchain/development/libc++_replacement/tmp/R68/build-patched-armv7l/libcxx/test/std/localization/locales/locale/locale.cons/Output/locale_string_cat.pass.cpp.dir	51200	0	44	/opt/usr/home/owner/share/tmp/r77_lit_20260829/runs/run-418c56a4fa832a44-3183327
/home/toolchain/development/libc++_replacement/tmp/R68/build-patched-armv7l/libcxx/test/std/localization/locales/locale/locale.cons/Output/name_construction.pass.cpp.dir	30720	0	28	/opt/usr/home/owner/share/tmp/r77_lit_20260829/runs/run-b1c337ef13ca0e37-3183341
/home/toolchain/development/libc++_replacement/tmp/R68/build-patched-armv7l/libcxx/test/std/localization/locales/locale/locale.cons/Output/string.pass.cpp.dir	51200	0	48	/opt/usr/home/owner/share/tmp/r77_lit_20260829/runs/run-95ed35b786440eeb-3183357
/home/toolchain/development/libc++_replacement/tmp/R68/build-patched-armv7l/libcxx/test/std/localization/locales/locale/locale.members/Output/combine.pass.cpp.dir	51200	0	52	/opt/usr/home/owner/share/tmp/r77_lit_20260829/runs/run-8992fbbb05ad6d86-3183369
/home/toolchain/development/libc++_replacement/tmp/R68/build-patched-armv7l/libcxx/test/std/localization/locales/locale/locale.members/Output/name.pass.cpp.dir	30720	0	24	/opt/usr/home/owner/share/tmp/r77_lit_20260829/runs/run-ca524b72d93e8309-3183383
/home/toolchain/development/libc++_replacement/tmp/R68/build-patched-armv7l/libcxx/test/std/localization/locales/locale/locale.operators/Output/compare.pass.cpp.dir	30720	0	28	/opt/usr/home/owner/share/tmp/r77_lit_20260829/runs/run-71703cf217209617-3183397
/home/toolchain/development/libc++_replacement/tmp/R68/build-patched-armv7l/libcxx/test/std/localization/locales/locale/locale.operators/Output/eq.pass.cpp.dir	30720	0	32	/opt/usr/home/owner/share/tmp/r77_lit_20260829/runs/run-415445ee1aef73d2-3183411
/home/toolchain/development/libc++_replacement/tmp/R68/build-patched-armv7l/libcxx/test/std/localization/locales/locale/locale.statics/Output/classic.pass.cpp.dir	40960	0	40	/opt/usr/home/owner/share/tmp/r77_lit_20260829/runs/run-8e433629a0e34c3f-3183425
/home/toolchain/development/libc++_replacement/tmp/R68/build-patched-armv7l/libcxx/test/std/localization/locales/locale/locale.statics/Output/global.pass.cpp.dir	40960	0	40	/opt/usr/home/owner/share/tmp/r77_lit_20260829/runs/run-7e979332849f29a0-3183446
/home/toolchain/development/libc++_replacement/tmp/R68/build-patched-armv7l/libcxx/test/std/localization/locales/locale/locale.types/locale.category/Output/category.pass.cpp.dir	30720	0	20	/opt/usr/home/owner/share/tmp/r77_lit_20260829/runs/run-45e2a0f45bf22cf3-3183456
/home/toolchain/development/libc++_replacement/tmp/R68/build-patched-armv7l/libcxx/test/std/localization/locales/locale/locale.types/locale.facet/Output/tested_elsewhere.pass.cpp.dir	20480	0	20	/opt/usr/home/owner/share/tmp/r77_lit_20260829/runs/run-b1c2be8c50d16068-3183470
/home/toolchain/development/libc++_replacement/tmp/R68/build-patched-armv7l/libcxx/test/std/localization/locales/locale/locale.types/locale.id/Output/tested_elsewhere.pass.cpp.dir	20480	0	20	/opt/usr/home/owner/share/tmp/r77_lit_20260829/runs/run-8edd503cbcf498c5-3183517
/home/toolchain/development/libc++_replacement/tmp/R68/build-patched-armv7l/libcxx/test/std/localization/localization.general/Output/nothing_to_do.pass.cpp.dir	20480	0	20	/opt/usr/home/owner/share/tmp/r77_lit_20260829/runs/run-c61feb94241c2011-3183529
/home/toolchain/development/libc++_replacement/tmp/R68/build-patched-armv7l/libcxx/test/std/modules/Output/std.compat.pass.cpp.dir	44021760	0	43036	/opt/usr/home/owner/share/tmp/r77_lit_20260829/runs/run-41b2ec04f9a47fc6-3183556
/home/toolchain/development/libc++_replacement/tmp/R68/build-patched-armv7l/libcxx/test/std/modules/Output/std.pass.cpp.dir	41410560	0	40480	/opt/usr/home/owner/share/tmp/r77_lit_20260829/runs/run-e71141a0b4fef17b-3183561
/home/toolchain/development/libc++_replacement/tmp/R68/build-patched-armv7l/libcxx/test/std/numerics/bit/bit.cast/Output/bit_cast.pass.cpp.dir	92160	0	84	/opt/usr/home/owner/share/tmp/r77_lit_20260829/runs/run-f8389b576154419a-3183659
/home/toolchain/development/libc++_replacement/tmp/R68/build-patched-armv7l/libcxx/test/std/numerics/bit/bit.endian/Output/endian.pass.cpp.dir	20480	0	20	/opt/usr/home/owner/share/tmp/r77_lit_20260829/runs/run-e5220475207daf32-3183705
/home/toolchain/development/libc++_replacement/tmp/R68/build-patched-armv7l/libcxx/test/std/namespace/Output/addressable_functions.sh.cpp.dir	972800	0	940	/opt/usr/home/owner/share/tmp/r77_lit_20260829/runs/run-bb681fc7b91bb487-3183710
/home/toolchain/development/libc++_replacement/tmp/R68/build-patched-armv7l/libcxx/test/std/numerics/bit/bit.pow.two/Output/bit_ceil.pass.cpp.dir	20480	0	20	/opt/usr/home/owner/share/tmp/r77_lit_20260829/runs/run-68b5d3895e7e1a13-3183731
/home/toolchain/development/libc++_replacement/tmp/R68/build-patched-armv7l/libcxx/test/std/numerics/bit/bit.pow.two/Output/bit_floor.pass.cpp.dir	30720	0	24	/opt/usr/home/owner/share/tmp/r77_lit_20260829/runs/run-6f8ba1c94023c4d6-3183740
/home/toolchain/development/libc++_replacement/tmp/R68/build-patched-armv7l/libcxx/test/std/numerics/bit/bit.pow.two/Output/bit_width.pass.cpp.dir	30720	0	24	/opt/usr/home/owner/share/tmp/r77_lit_20260829/runs/run-016dd9e8915cc663-3183758
/home/toolchain/development/libc++_replacement/tmp/R68/build-patched-armv7l/libcxx/test/std/numerics/bit/bit.pow.two/Output/has_single_bit.pass.cpp.dir	30720	0	24	/opt/usr/home/owner/share/tmp/r77_lit_20260829/runs/run-b8b395e70b51f494-3183768
/home/toolchain/development/libc++_replacement/tmp/R68/build-patched-armv7l/libcxx/test/std/numerics/bit/bitops.count/Output/countl_one.pass.cpp.dir	40960	0	32	/opt/usr/home/owner/share/tmp/r77_lit_20260829/runs/run-d4ff8e4993a09691-3183786
/home/toolchain/development/libc++_replacement/tmp/R68/build-patched-armv7l/libcxx/test/std/numerics/bit/bitops.count/Output/countl_zero.pass.cpp.dir	30720	0	28	/opt/usr/home/owner/share/tmp/r77_lit_20260829/runs/run-0a437b9dd1f953d6-3183797
/home/toolchain/development/libc++_replacement/tmp/R68/build-patched-armv7l/libcxx/test/std/numerics/bit/bitops.count/Output/countr_one.pass.cpp.dir	30720	0	24	/opt/usr/home/owner/share/tmp/r77_lit_20260829/runs/run-fe0c6073509b14d3-3183814
/home/toolchain/development/libc++_replacement/tmp/R68/build-patched-armv7l/libcxx/test/std/numerics/bit/bitops.count/Output/countr_zero.pass.cpp.dir	30720	0	24	/opt/usr/home/owner/share/tmp/r77_lit_20260829/runs/run-cb858ff3d1c2ed2a-3183825
/home/toolchain/development/libc++_replacement/tmp/R68/build-patched-armv7l/libcxx/test/std/numerics/bit/bitops.count/Output/popcount.pass.cpp.dir	30720	0	28	/opt/usr/home/owner/share/tmp/r77_lit_20260829/runs/run-03b13ccebb08723e-3183842
/home/toolchain/development/libc++_replacement/tmp/R68/build-patched-armv7l/libcxx/test/std/numerics/bit/bitops.rot/Output/rotl.pass.cpp.dir	40960	0	36	/opt/usr/home/owner/share/tmp/r77_lit_20260829/runs/run-4af2a867a9f8c19e-3183858
/home/toolchain/development/libc++_replacement/tmp/R68/build-patched-armv7l/libcxx/test/std/numerics/bit/bitops.rot/Output/rotr.pass.cpp.dir	40960	0	36	/opt/usr/home/owner/share/tmp/r77_lit_20260829/runs/run-bb78b51327c3519b-3183874
/home/toolchain/development/libc++_replacement/tmp/R68/build-patched-armv7l/libcxx/test/std/numerics/bit/Output/byteswap.pass.cpp.dir	40960	0	36	/opt/usr/home/owner/share/tmp/r77_lit_20260829/runs/run-618289dbd1467bf0-3183902
/home/toolchain/development/libc++_replacement/tmp/R68/build-patched-armv7l/libcxx/test/std/numerics/c.math/Output/abs.pass.cpp.dir	30720	0	28	/opt/usr/home/owner/share/tmp/r77_lit_20260829/runs/run-37e34db849ccdc56-3183918
/home/toolchain/development/libc++_replacement/tmp/R68/build-patched-armv7l/libcxx/test/std/numerics/c.math/Output/cmath.pass.cpp.dir	71680	0	68	/opt/usr/home/owner/share/tmp/r77_lit_20260829/runs/run-aa9b797e798c422f-3183933
/home/toolchain/development/libc++_replacement/tmp/R68/build-patched-armv7l/libcxx/test/std/numerics/c.math/Output/ctgmath.pass.cpp.dir	20480	0	20	/opt/usr/home/owner/share/tmp/r77_lit_20260829/runs/run-3af2b27cff3686a7-3183947
/home/toolchain/development/libc++_replacement/tmp/R68/build-patched-armv7l/libcxx/test/std/numerics/c.math/Output/hermite.pass.cpp.dir	112640	0	108	/opt/usr/home/owner/share/tmp/r77_lit_20260829/runs/run-66de0e0d5703679f-3183963
/home/toolchain/development/libc++_replacement/tmp/R68/build-patched-armv7l/libcxx/test/std/numerics/c.math/Output/isfinite.pass.cpp.dir	30720	0	24	/opt/usr/home/owner/share/tmp/r77_lit_20260829/runs/run-d4578e43219db5b8-3183971
/home/toolchain/development/libc++_replacement/tmp/R68/build-patched-armv7l/libcxx/test/std/numerics/c.math/Output/isinf.pass.cpp.dir	30720	0	24	/opt/usr/home/owner/share/tmp/r77_lit_20260829/runs/run-13baca4a79261beb-3183991
/home/toolchain/development/libc++_replacement/tmp/R68/build-patched-armv7l/libcxx/test/std/numerics/c.math/Output/isnan.pass.cpp.dir	30720	0	24	/opt/usr/home/owner/share/tmp/r77_lit_20260829/runs/run-a30b4310771d437a-3183999
/home/toolchain/development/libc++_replacement/tmp/R68/build-patched-armv7l/libcxx/test/std/numerics/c.math/Output/isnormal.pass.cpp.dir	30720	0	24	/opt/usr/home/owner/share/tmp/r77_lit_20260829/runs/run-96530740fce29fee-3184019
/home/toolchain/development/libc++_replacement/tmp/R68/build-patched-armv7l/libcxx/test/std/numerics/c.math/Output/lerp.pass.cpp.dir	30720	0	24	/opt/usr/home/owner/share/tmp/r77_lit_20260829/runs/run-82e7caaa4add57b9-3184031
/home/toolchain/development/libc++_replacement/tmp/R68/build-patched-armv7l/libcxx/test/std/numerics/c.math/Output/signbit.pass.cpp.dir	30720	0	24	/opt/usr/home/owner/share/tmp/r77_lit_20260829/runs/run-6546fde28e1285af-3184045
/home/toolchain/development/libc++_replacement/tmp/R68/build-patched-armv7l/libcxx/test/std/numerics/c.math/Output/tgmath_h.pass.cpp.dir	20480	0	20	/opt/usr/home/owner/share/tmp/r77_lit_20260829/runs/run-db69f91795f034bf-3184063
/home/toolchain/development/libc++_replacement/tmp/R68/build-patched-armv7l/libcxx/test/std/numerics/cfenv/cfenv.syn/Output/cfenv.pass.cpp.dir	20480	0	20	/opt/usr/home/owner/share/tmp/r77_lit_20260829/runs/run-391f3831cdfd69b9-3184071
/home/toolchain/development/libc++_replacement/tmp/R68/build-patched-armv7l/libcxx/test/std/numerics/complex.number/ccmplx/Output/ccomplex.pass.cpp.dir	20480	0	20	/opt/usr/home/owner/share/tmp/r77_lit_20260829/runs/run-3b414b15157243f8-3184093
/home/toolchain/development/libc++_replacement/tmp/R68/build-patched-armv7l/libcxx/test/std/numerics/complex.number/cmplx.over/Output/arg.pass.cpp.dir	30720	0	28	/opt/usr/home/owner/share/tmp/r77_lit_20260829/runs/run-775c692a447c5faf-3184104
/home/toolchain/development/libc++_replacement/tmp/R68/build-patched-armv7l/libcxx/test/std/numerics/complex.number/cmplx.over/Output/conj.pass.cpp.dir	30720	0	28	/opt/usr/home/owner/share/tmp/r77_lit_20260829/runs/run-e95c7bc07d690540-3184120
/home/toolchain/development/libc++_replacement/tmp/R68/build-patched-armv7l/libcxx/test/std/numerics/complex.number/cmplx.over/Output/imag.pass.cpp.dir	30720	0	24	/opt/usr/home/owner/share/tmp/r77_lit_20260829/runs/run-1d43be7c3c0d2316-3184150
/home/toolchain/development/libc++_replacement/tmp/R68/build-patched-armv7l/libcxx/test/std/numerics/complex.number/cmplx.over/Output/norm.pass.cpp.dir	30720	0	28	/opt/usr/home/owner/share/tmp/r77_lit_20260829/runs/run-2d07cf16444514ff-3184164
/home/toolchain/development/libc++_replacement/tmp/R68/build-patched-armv7l/libcxx/test/std/numerics/complex.number/cmplx.over/Output/pow.pass.cpp.dir	71680	0	64	/opt/usr/home/owner/share/tmp/r77_lit_20260829/runs/run-78f59fc61108b7d7-3184178
/home/toolchain/development/libc++_replacement/tmp/R68/build-patched-armv7l/libcxx/test/std/numerics/complex.number/cmplx.over/Output/proj.pass.cpp.dir	30720	0	28	/opt/usr/home/owner/share/tmp/r77_lit_20260829/runs/run-3ebfcf1742e0b4f7-3184192
/home/toolchain/development/libc++_replacement/tmp/R68/build-patched-armv7l/libcxx/test/std/numerics/complex.number/cmplx.over/Output/real.pass.cpp.dir	30720	0	24	/opt/usr/home/owner/share/tmp/r77_lit_20260829/runs/run-f447fb944edaed6b-3184239
/home/toolchain/development/libc++_replacement/tmp/R68/build-patched-armv7l/libcxx/test/std/numerics/complex.number/complex.literals/Output/literals.pass.cpp.dir	30720	0	24	/opt/usr/home/owner/share/tmp/r77_lit_20260829/runs/run-4f48b8c720661c06-3184253
/home/toolchain/development/libc++_replacement/tmp/R68/build-patched-armv7l/libcxx/test/std/numerics/complex.number/complex.literals/Output/literals1.pass.cpp.dir	30720	0	24	/opt/usr/home/owner/share/tmp/r77_lit_20260829/runs/run-b67b3062b12e2b1d-3184273
/home/toolchain/development/libc++_replacement/tmp/R68/build-patched-armv7l/libcxx/test/std/numerics/complex.number/complex.literals/Output/literals2.pass.cpp.dir	30720	0	24	/opt/usr/home/owner/share/tmp/r77_lit_20260829/runs/run-d719113ed02ec147-3184278
/home/toolchain/development/libc++_replacement/tmp/R68/build-patched-armv7l/libcxx/test/std/numerics/complex.number/complex.member.ops/Output/assignment_complex.pass.cpp.dir	30720	0	32	/opt/usr/home/owner/share/tmp/r77_lit_20260829/runs/run-9247d7ce9e6550df-3184301
/home/toolchain/development/libc++_replacement/tmp/R68/build-patched-armv7l/libcxx/test/std/numerics/complex.number/complex.member.ops/Output/assignment_scalar.pass.cpp.dir	30720	0	24	/opt/usr/home/owner/share/tmp/r77_lit_20260829/runs/run-7c2501dd76e648b7-3184306
/home/toolchain/development/libc++_replacement/tmp/R68/build-patched-armv7l/libcxx/test/std/numerics/complex.number/complex.member.ops/Output/divide_equal_complex.pass.cpp.dir	40960	0	32	/opt/usr/home/owner/share/tmp/r77_lit_20260829/runs/run-0828536435645fd9-3184329
/home/toolchain/development/libc++_replacement/tmp/R68/build-patched-armv7l/libcxx/test/std/numerics/complex.number/complex.member.ops/Output/divide_equal_scalar.pass.cpp.dir	30720	0	28	/opt/usr/home/owner/share/tmp/r77_lit_20260829/runs/run-e51e0f611fe70ac1-3184334
/home/toolchain/development/libc++_replacement/tmp/R68/build-patched-armv7l/libcxx/test/std/numerics/complex.number/complex.member.ops/Output/minus_equal_complex.pass.cpp.dir	30720	0	28	/opt/usr/home/owner/share/tmp/r77_lit_20260829/runs/run-c28827a1fdf5ec12-3184357
/home/toolchain/development/libc++_replacement/tmp/R68/build-patched-armv7l/libcxx/test/std/numerics/complex.number/complex.member.ops/Output/minus_equal_scalar.pass.cpp.dir	30720	0	28	/opt/usr/home/owner/share/tmp/r77_lit_20260829/runs/run-d95b4dd89410dd9d-3184362
/home/toolchain/development/libc++_replacement/tmp/R68/build-patched-armv7l/libcxx/test/std/numerics/complex.number/complex.member.ops/Output/plus_equal_complex.pass.cpp.dir	30720	0	28	/opt/usr/home/owner/share/tmp/r77_lit_20260829/runs/run-9f17816255b2b6ad-3184385
/home/toolchain/development/libc++_replacement/tmp/R68/build-patched-armv7l/libcxx/test/std/numerics/complex.number/complex.member.ops/Output/plus_equal_scalar.pass.cpp.dir	30720	0	28	/opt/usr/home/owner/share/tmp/r77_lit_20260829/runs/run-c1a50d2890af4f3a-3184390
/home/toolchain/development/libc++_replacement/tmp/R68/build-patched-armv7l/libcxx/test/std/numerics/complex.number/complex.member.ops/Output/times_equal_complex.pass.cpp.dir	40960	0	32	/opt/usr/home/owner/share/tmp/r77_lit_20260829/runs/run-a855d1a767ff7397-3184413
/home/toolchain/development/libc++_replacement/tmp/R68/build-patched-armv7l/libcxx/test/std/numerics/complex.number/complex.member.ops/Output/times_equal_scalar.pass.cpp.dir	30720	0	28	/opt/usr/home/owner/share/tmp/r77_lit_20260829/runs/run-2473bc44aa04d798-3184420
/home/toolchain/development/libc++_replacement/tmp/R68/build-patched-armv7l/libcxx/test/std/numerics/complex.number/complex.members/Output/construct.pass.cpp.dir	30720	0	20	/opt/usr/home/owner/share/tmp/r77_lit_20260829/runs/run-7073a0eae7b3a13d-3184443
/home/toolchain/development/libc++_replacement/tmp/R68/build-patched-armv7l/libcxx/test/std/numerics/complex.number/complex.members/Output/real_imag.pass.cpp.dir	30720	0	28	/opt/usr/home/owner/share/tmp/r77_lit_20260829/runs/run-7efb5e8dd240a7a8-3184448
/home/toolchain/development/libc++_replacement/tmp/R68/build-patched-armv7l/libcxx/test/std/numerics/complex.number/complex.ops/Output/complex_divide_complex.pass.cpp.dir	40960	0	32	/opt/usr/home/owner/share/tmp/r77_lit_20260829/runs/run-af15b48aa0d5e87e-3184474
/home/toolchain/development/libc++_replacement/tmp/R68/build-patched-armv7l/libcxx/test/std/numerics/complex.number/complex.ops/Output/complex_divide_scalar.pass.cpp.dir	20480	0	20	/opt/usr/home/owner/share/tmp/r77_lit_20260829/runs/run-6bb1325da3096f4e-3184473
/home/toolchain/development/libc++_replacement/tmp/R68/build-patched-armv7l/libcxx/test/std/numerics/complex.number/complex.ops/Output/complex_equals_complex.pass.cpp.dir	30720	0	24	/opt/usr/home/owner/share/tmp/r77_lit_20260829/runs/run-5e154c4e7d357333-3184501
/home/toolchain/development/libc++_replacement/tmp/R68/build-patched-armv7l/libcxx/test/std/numerics/complex.number/complex.ops/Output/complex_equals_scalar.pass.cpp.dir	30720	0	28	/opt/usr/home/owner/share/tmp/r77_lit_20260829/runs/run-1868f739cf6eb12b-3184502
/home/toolchain/development/libc++_replacement/tmp/R68/build-patched-armv7l/libcxx/test/std/numerics/complex.number/complex.ops/Output/complex_minus_scalar.pass.cpp.dir	20480	0	20	/opt/usr/home/owner/share/tmp/r77_lit_20260829/runs/run-9d35412f5e94751c-3184529
/home/toolchain/development/libc++_replacement/tmp/R68/build-patched-armv7l/libcxx/test/std/numerics/complex.number/complex.ops/Output/complex_minus_complex.pass.cpp.dir	20480	0	20	/opt/usr/home/owner/share/tmp/r77_lit_20260829/runs/run-63a2e70932339954-3184530
/home/toolchain/development/libc++_replacement/tmp/R68/build-patched-armv7l/libcxx/test/std/numerics/complex.number/complex.ops/Output/complex_not_equals_complex.pass.cpp.dir	30720	0	20	/opt/usr/home/owner/share/tmp/r77_lit_20260829/runs/run-737f1eb0895e516a-3184558
/home/toolchain/development/libc++_replacement/tmp/R68/build-patched-armv7l/libcxx/test/std/numerics/complex.number/complex.ops/Output/complex_not_equals_scalar.pass.cpp.dir	30720	0	28	/opt/usr/home/owner/share/tmp/r77_lit_20260829/runs/run-b550493135e516ed-3184557
/home/toolchain/development/libc++_replacement/tmp/R68/build-patched-armv7l/libcxx/test/std/numerics/complex.number/complex.ops/Output/complex_plus_scalar.pass.cpp.dir	20480	0	20	/opt/usr/home/owner/share/tmp/r77_lit_20260829/runs/run-0250c058478060f1-3184585
/home/toolchain/development/libc++_replacement/tmp/R68/build-patched-armv7l/libcxx/test/std/numerics/complex.number/complex.ops/Output/complex_plus_complex.pass.cpp.dir	20480	0	20	/opt/usr/home/owner/share/tmp/r77_lit_20260829/runs/run-8124511c158c76ca-3184586
/home/toolchain/development/libc++_replacement/tmp/R68/build-patched-armv7l/libcxx/test/std/numerics/complex.number/complex.ops/Output/complex_times_scalar.pass.cpp.dir	20480	0	20	/opt/usr/home/owner/share/tmp/r77_lit_20260829/runs/run-0ada5923c4de2aa8-3184611
/home/toolchain/development/libc++_replacement/tmp/R68/build-patched-armv7l/libcxx/test/std/numerics/complex.number/complex.ops/Output/complex_times_complex.pass.cpp.dir	40960	0	32	/opt/usr/home/owner/share/tmp/r77_lit_20260829/runs/run-49b4e56624413a37-3184616
/home/toolchain/development/libc++_replacement/tmp/R68/build-patched-armv7l/libcxx/test/std/numerics/complex.number/complex.ops/Output/scalar_divide_complex.pass.cpp.dir	30720	0	28	/opt/usr/home/owner/share/tmp/r77_lit_20260829/runs/run-8d3bbae0e2b3ae1a-3184639
/home/toolchain/development/libc++_replacement/tmp/R68/build-patched-armv7l/libcxx/test/std/numerics/complex.number/complex.ops/Output/scalar_equals_complex.pass.cpp.dir	30720	0	28	/opt/usr/home/owner/share/tmp/r77_lit_20260829/runs/run-1410dcc8a23e764c-3184644
/home/toolchain/development/libc++_replacement/tmp/R68/build-patched-armv7l/libcxx/test/std/numerics/complex.number/complex.ops/Output/scalar_minus_complex.pass.cpp.dir	20480	0	20	/opt/usr/home/owner/share/tmp/r77_lit_20260829/runs/run-70cb472e7f088737-3184667
/home/toolchain/development/libc++_replacement/tmp/R68/build-patched-armv7l/libcxx/test/std/numerics/complex.number/complex.ops/Output/scalar_not_equals_complex.pass.cpp.dir	30720	0	28	/opt/usr/home/owner/share/tmp/r77_lit_20260829/runs/run-83f4d2f88e9c1f30-3184672
/home/toolchain/development/libc++_replacement/tmp/R68/build-patched-armv7l/libcxx/test/std/numerics/complex.number/complex.ops/Output/scalar_plus_complex.pass.cpp.dir	20480	0	20	/opt/usr/home/owner/share/tmp/r77_lit_20260829/runs/run-d58d4ad5d053ffc7-3184695
/home/toolchain/development/libc++_replacement/tmp/R68/build-patched-armv7l/libcxx/test/std/numerics/complex.number/complex.ops/Output/scalar_times_complex.pass.cpp.dir	20480	0	20	/opt/usr/home/owner/share/tmp/r77_lit_20260829/runs/run-a745b0fa64bf8f96-3184700
/home/toolchain/development/libc++_replacement/tmp/R68/build-patched-armv7l/libcxx/test/std/numerics/complex.number/complex.ops/Output/stream_input.pass.cpp.dir	61440	0	60	/opt/usr/home/owner/share/tmp/r77_lit_20260829/runs/run-07934bbf7b8321be-3184723
/home/toolchain/development/libc++_replacement/tmp/R68/build-patched-armv7l/libcxx/test/std/numerics/complex.number/complex.ops/Output/stream_output.pass.cpp.dir	51200	0	52	/opt/usr/home/owner/share/tmp/r77_lit_20260829/runs/run-57af1032e642d999-3184730
/home/toolchain/development/libc++_replacement/tmp/R68/build-patched-armv7l/libcxx/test/std/numerics/complex.number/complex.ops/Output/unary_minus.pass.cpp.dir	20480	0	20	/opt/usr/home/owner/share/tmp/r77_lit_20260829/runs/run-b81a5c6152cfdc27-3184750
/home/toolchain/development/libc++_replacement/tmp/R68/build-patched-armv7l/libcxx/test/std/numerics/complex.number/complex.ops/Output/unary_plus.pass.cpp.dir	20480	0	20	/opt/usr/home/owner/share/tmp/r77_lit_20260829/runs/run-3bff80898a5c9c2a-3184760
/home/toolchain/development/libc++_replacement/tmp/R68/build-patched-armv7l/libcxx/test/std/numerics/complex.number/complex.special/Output/double_float_explicit.pass.cpp.dir	30720	0	20	/opt/usr/home/owner/share/tmp/r77_lit_20260829/runs/run-403bba6d659e045b-3184778
/home/toolchain/development/libc++_replacement/tmp/R68/build-patched-armv7l/libcxx/test/std/numerics/complex.number/complex.special/Output/double_float_implicit.pass.cpp.dir	30720	0	20	/opt/usr/home/owner/share/tmp/r77_lit_20260829/runs/run-9079ab54800da407-3184788
/home/toolchain/development/libc++_replacement/tmp/R68/build-patched-armv7l/libcxx/test/std/numerics/complex.number/complex.special/Output/double_long_double_explicit.pass.cpp.dir	30720	0	20	/opt/usr/home/owner/share/tmp/r77_lit_20260829/runs/run-bee9a80c1ebdae1c-3184806
/home/toolchain/development/libc++_replacement/tmp/R68/build-patched-armv7l/libcxx/test/std/numerics/complex.number/complex.special/Output/float_double_explicit.pass.cpp.dir	30720	0	20	/opt/usr/home/owner/share/tmp/r77_lit_20260829/runs/run-ea54bb09bb3bcd15-3184821
/home/toolchain/development/libc++_replacement/tmp/R68/build-patched-armv7l/libcxx/test/std/numerics/complex.number/complex.special/Output/float_long_double_explicit.pass.cpp.dir	30720	0	20	/opt/usr/home/owner/share/tmp/r77_lit_20260829/runs/run-dbc6a956a07e9d4d-3184838
/home/toolchain/development/libc++_replacement/tmp/R68/build-patched-armv7l/libcxx/test/std/numerics/complex.number/complex.special/Output/gh_101960_ambiguous_ctor.pass.cpp.dir	30720	0	24	/opt/usr/home/owner/share/tmp/r77_lit_20260829/runs/run-d59c73f58e817ae6-3184857
/home/toolchain/development/libc++_replacement/tmp/R68/build-patched-armv7l/libcxx/test/std/numerics/complex.number/complex.special/Output/long_double_double_explicit.pass.cpp.dir	30720	0	20	/opt/usr/home/owner/share/tmp/r77_lit_20260829/runs/run-e780c9316426ab87-3184867
/home/toolchain/development/libc++_replacement/tmp/R68/build-patched-armv7l/libcxx/test/std/numerics/complex.number/complex.special/Output/long_double_double_implicit.pass.cpp.dir	30720	0	20	/opt/usr/home/owner/share/tmp/r77_lit_20260829/runs/run-d787ee3e0b9c48c8-3184885
/home/toolchain/development/libc++_replacement/tmp/R68/build-patched-armv7l/libcxx/test/std/numerics/complex.number/complex.special/Output/long_double_float_explicit.pass.cpp.dir	30720	0	20	/opt/usr/home/owner/share/tmp/r77_lit_20260829/runs/run-49c1e66c205ae9c7-3184896
/home/toolchain/development/libc++_replacement/tmp/R68/build-patched-armv7l/libcxx/test/std/numerics/complex.number/complex.special/Output/long_double_float_implicit.pass.cpp.dir	30720	0	20	/opt/usr/home/owner/share/tmp/r77_lit_20260829/runs/run-1b92ecfd6188bef2-3184914
/home/toolchain/development/libc++_replacement/tmp/R68/build-patched-armv7l/libcxx/test/std/numerics/complex.number/complex.synopsis/Output/nothing_to_do.pass.cpp.dir	20480	0	20	/opt/usr/home/owner/share/tmp/r77_lit_20260829/runs/run-fe2bd04c6c0f9857-3184922
/home/toolchain/development/libc++_replacement/tmp/R68/build-patched-armv7l/libcxx/test/std/numerics/complex.number/complex.transcendentals/Output/acos.pass.cpp.dir	51200	0	48	/opt/usr/home/owner/share/tmp/r77_lit_20260829/runs/run-93c00c2fd94d249c-3184945
/home/toolchain/development/libc++_replacement/tmp/R68/build-patched-armv7l/libcxx/test/std/numerics/complex.number/complex.transcendentals/Output/acosh.pass.cpp.dir	51200	0	48	/opt/usr/home/owner/share/tmp/r77_lit_20260829/runs/run-c1e3805a46c4e558-3184950
/home/toolchain/development/libc++_replacement/tmp/R68/build-patched-armv7l/libcxx/test/std/numerics/complex.number/complex.transcendentals/Output/asin.pass.cpp.dir	51200	0	48	/opt/usr/home/owner/share/tmp/r77_lit_20260829/runs/run-a4c421b896b3f7f7-3184973
/home/toolchain/development/libc++_replacement/tmp/R68/build-patched-armv7l/libcxx/test/std/numerics/complex.number/complex.transcendentals/Output/asinh.pass.cpp.dir	51200	0	48	/opt/usr/home/owner/share/tmp/r77_lit_20260829/runs/run-4490dee6de8009e9-3184978
/home/toolchain/development/libc++_replacement/tmp/R68/build-patched-armv7l/libcxx/test/std/numerics/complex.number/complex.transcendentals/Output/atan.pass.cpp.dir	40960	0	40	/opt/usr/home/owner/share/tmp/r77_lit_20260829/runs/run-80ed0096a8f3fa25-3185001
/home/toolchain/development/libc++_replacement/tmp/R68/build-patched-armv7l/libcxx/test/std/numerics/complex.number/complex.transcendentals/Output/atanh.pass.cpp.dir	51200	0	44	/opt/usr/home/owner/share/tmp/r77_lit_20260829/runs/run-b65663e73926ce04-3185006
/home/toolchain/development/libc++_replacement/tmp/R68/build-patched-armv7l/libcxx/test/std/numerics/complex.number/complex.transcendentals/Output/cos.pass.cpp.dir	40960	0	32	/opt/usr/home/owner/share/tmp/r77_lit_20260829/runs/run-ab468236799e7418-3185029
/home/toolchain/development/libc++_replacement/tmp/R68/build-patched-armv7l/libcxx/test/std/numerics/complex.number/complex.transcendentals/Output/cosh.pass.cpp.dir	40960	0	36	/opt/usr/home/owner/share/tmp/r77_lit_20260829/runs/run-7e2c27464771bc97-3185034
/home/toolchain/development/libc++_replacement/tmp/R68/build-patched-armv7l/libcxx/test/std/numerics/complex.number/complex.transcendentals/Output/exp.pass.cpp.dir	40960	0	36	/opt/usr/home/owner/share/tmp/r77_lit_20260829/runs/run-b99e43ad3454566f-3185080
/home/toolchain/development/libc++_replacement/tmp/R68/build-patched-armv7l/libcxx/test/std/numerics/complex.number/complex.transcendentals/Output/log.pass.cpp.dir	40960	0	36	/opt/usr/home/owner/share/tmp/r77_lit_20260829/runs/run-b4a1f12023efdb7f-3185085
/home/toolchain/development/libc++_replacement/tmp/R68/build-patched-armv7l/libcxx/test/std/numerics/complex.number/complex.transcendentals/Output/log10.pass.cpp.dir	40960	0	32	/opt/usr/home/owner/share/tmp/r77_lit_20260829/runs/run-e0a1fd4663ae8c4d-3185108
/home/toolchain/development/libc++_replacement/tmp/R68/build-patched-armv7l/libcxx/test/std/numerics/complex.number/complex.transcendentals/Output/pow_complex_complex.pass.cpp.dir	40960	0	40	/opt/usr/home/owner/share/tmp/r77_lit_20260829/runs/run-4d40f69aa13d81f0-3185115
/home/toolchain/development/libc++_replacement/tmp/R68/build-patched-armv7l/libcxx/test/std/numerics/complex.number/complex.transcendentals/Output/pow_complex_scalar.pass.cpp.dir	51200	0	40	/opt/usr/home/owner/share/tmp/r77_lit_20260829/runs/run-f075d802f81baa11-3185138
/home/toolchain/development/libc++_replacement/tmp/R68/build-patched-armv7l/libcxx/test/std/numerics/complex.number/complex.transcendentals/Output/pow_scalar_complex.pass.cpp.dir	51200	0	40	/opt/usr/home/owner/share/tmp/r77_lit_20260829/runs/run-0b141961fbca6936-3185143
/home/toolchain/development/libc++_replacement/tmp/R68/build-patched-armv7l/libcxx/test/std/numerics/complex.number/complex.transcendentals/Output/sin.pass.cpp.dir	40960	0	32	/opt/usr/home/owner/share/tmp/r77_lit_20260829/runs/run-bb1e5a2cbdf272ce-3185166
/home/toolchain/development/libc++_replacement/tmp/R68/build-patched-armv7l/libcxx/test/std/numerics/complex.number/complex.transcendentals/Output/sinh.pass.cpp.dir	40960	0	36	/opt/usr/home/owner/share/tmp/r77_lit_20260829/runs/run-ef0f6682d2847d80-3185171
/home/toolchain/development/libc++_replacement/tmp/R68/build-patched-armv7l/libcxx/test/std/numerics/complex.number/complex.transcendentals/Output/sqrt.pass.cpp.dir	40960	0	40	/opt/usr/home/owner/share/tmp/r77_lit_20260829/runs/run-26d36b2cb02622bb-3185194
/home/toolchain/development/libc++_replacement/tmp/R68/build-patched-armv7l/libcxx/test/std/numerics/complex.number/complex.transcendentals/Output/tan.pass.cpp.dir	40960	0	36	/opt/usr/home/owner/share/tmp/r77_lit_20260829/runs/run-32b691a7359bc759-3185200
/home/toolchain/development/libc++_replacement/tmp/R68/build-patched-armv7l/libcxx/test/std/numerics/complex.number/complex.transcendentals/Output/tanh.pass.cpp.dir	40960	0	36	/opt/usr/home/owner/share/tmp/r77_lit_20260829/runs/run-b3ae5fff8bb54f3d-3185223
/home/toolchain/development/libc++_replacement/tmp/R68/build-patched-armv7l/libcxx/test/std/numerics/complex.number/complex.tuple/Output/get.pass.cpp.dir	163840	0	152	/opt/usr/home/owner/share/tmp/r77_lit_20260829/runs/run-06b3af285e5c31d9-3185236
/home/toolchain/development/libc++_replacement/tmp/R68/build-patched-armv7l/libcxx/test/std/numerics/complex.number/complex.value.ops/Output/abs.pass.cpp.dir	40960	0	32	/opt/usr/home/owner/share/tmp/r77_lit_20260829/runs/run-f0c0789d7e1d1cd3-3185285
/home/toolchain/development/libc++_replacement/tmp/R68/build-patched-armv7l/libcxx/test/std/numerics/complex.number/complex.value.ops/Output/arg.pass.cpp.dir	40960	0	32	/opt/usr/home/owner/share/tmp/r77_lit_20260829/runs/run-85790cad088648cc-3185290
/home/toolchain/development/libc++_replacement/tmp/R68/build-patched-armv7l/libcxx/test/std/numerics/complex.number/complex.value.ops/Output/conj.pass.cpp.dir	30720	0	28	/opt/usr/home/owner/share/tmp/r77_lit_20260829/runs/run-b84bd4739c77921a-3185313
/home/toolchain/development/libc++_replacement/tmp/R68/build-patched-armv7l/libcxx/test/std/numerics/complex.number/complex.value.ops/Output/imag.pass.cpp.dir	30720	0	24	/opt/usr/home/owner/share/tmp/r77_lit_20260829/runs/run-3994f018c53efb33-3185318
/home/toolchain/development/libc++_replacement/tmp/R68/build-patched-armv7l/libcxx/test/std/numerics/complex.number/complex.value.ops/Output/norm.pass.cpp.dir	40960	0	32	/opt/usr/home/owner/share/tmp/r77_lit_20260829/runs/run-e855fdc662a9737b-3185358
/home/toolchain/development/libc++_replacement/tmp/R68/build-patched-armv7l/libcxx/test/std/numerics/complex.number/complex.value.ops/Output/polar.pass.cpp.dir	40960	0	36	/opt/usr/home/owner/share/tmp/r77_lit_20260829/runs/run-d5c83b381877e02c-3185363
/home/toolchain/development/libc++_replacement/tmp/R68/build-patched-armv7l/libcxx/test/std/numerics/complex.number/complex.value.ops/Output/proj.pass.cpp.dir	40960	0	32	/opt/usr/home/owner/share/tmp/r77_lit_20260829/runs/run-da450acaea8d4e9c-3185386
/home/toolchain/development/libc++_replacement/tmp/R68/build-patched-armv7l/libcxx/test/std/numerics/complex.number/complex.value.ops/Output/real.pass.cpp.dir	30720	0	24	/opt/usr/home/owner/share/tmp/r77_lit_20260829/runs/run-3d00d38b178631a0-3185391
/home/toolchain/development/libc++_replacement/tmp/R68/build-patched-armv7l/libcxx/test/std/numerics/complex.number/complex/Output/bit_cast.pass.cpp.dir	30720	0	20	/opt/usr/home/owner/share/tmp/r77_lit_20260829/runs/run-135ae67401772161-3185414
/home/toolchain/development/libc++_replacement/tmp/R68/build-patched-armv7l/libcxx/test/std/numerics/complex.number/complex/Output/types.pass.cpp.dir	20480	0	20	/opt/usr/home/owner/share/tmp/r77_lit_20260829/runs/run-f294214859ed3556-3185418
/home/toolchain/development/libc++_replacement/tmp/R68/build-patched-armv7l/libcxx/test/std/numerics/numarray/class.gslice/gslice.access/Output/tested_elsewhere.pass.cpp.dir	20480	0	20	/opt/usr/home/owner/share/tmp/r77_lit_20260829/runs/run-c88f313506994552-3185444
/home/toolchain/development/libc++_replacement/tmp/R68/build-patched-armv7l/libcxx/test/std/numerics/complex.number/Output/layout.pass.cpp.dir	30720	0	20	/opt/usr/home/owner/share/tmp/r77_lit_20260829/runs/run-53b13facfa3beccc-3185445
/home/toolchain/development/libc++_replacement/tmp/R68/build-patched-armv7l/libcxx/test/std/numerics/numarray/class.gslice/gslice.cons/Output/default.pass.cpp.dir	30720	0	28	/opt/usr/home/owner/share/tmp/r77_lit_20260829/runs/run-506f690cee375f7e-3185472
/home/toolchain/development/libc++_replacement/tmp/R68/build-patched-armv7l/libcxx/test/std/numerics/numarray/class.gslice/gslice.cons/Output/start_size_stride.pass.cpp.dir	30720	0	28	/opt/usr/home/owner/share/tmp/r77_lit_20260829/runs/run-061c8645ccf2979c-3185473
/home/toolchain/development/libc++_replacement/tmp/R68/build-patched-armv7l/libcxx/test/std/numerics/numarray/class.slice/cons.slice/Output/default.pass.cpp.dir	20480	0	20	/opt/usr/home/owner/share/tmp/r77_lit_20260829/runs/run-26eca086bc80ead8-3185502
/home/toolchain/development/libc++_replacement/tmp/R68/build-patched-armv7l/libcxx/test/std/numerics/numarray/class.slice/cons.slice/Output/start_size_stride.pass.cpp.dir	20480	0	20	/opt/usr/home/owner/share/tmp/r77_lit_20260829/runs/run-d4998934aecd9603-3185503
/home/toolchain/development/libc++_replacement/tmp/R68/build-patched-armv7l/libcxx/test/std/numerics/numarray/class.slice/slice.access/Output/tested_elsewhere.pass.cpp.dir	20480	0	20	/opt/usr/home/owner/share/tmp/r77_lit_20260829/runs/run-6e50e94b0594a67d-3185528
/home/toolchain/development/libc++_replacement/tmp/R68/build-patched-armv7l/libcxx/test/std/numerics/numarray/class.slice/slice.ops/Output/slice.ops.pass.cpp.dir	30720	0	20	/opt/usr/home/owner/share/tmp/r77_lit_20260829/runs/run-7e352010d4f31a11-3185532
/home/toolchain/development/libc++_replacement/tmp/R68/build-patched-armv7l/libcxx/test/std/numerics/numarray/template.gslice.array/gslice.array.assign/Output/gslice_array.pass.cpp.dir	40960	0	40	/opt/usr/home/owner/share/tmp/r77_lit_20260829/runs/run-90ff8f23075d475b-3185559
/home/toolchain/development/libc++_replacement/tmp/R68/build-patched-armv7l/libcxx/test/std/numerics/numarray/template.gslice.array/gslice.array.assign/Output/valarray.pass.cpp.dir	40960	0	36	/opt/usr/home/owner/share/tmp/r77_lit_20260829/runs/run-16fc29e80519018d-3185560
/home/toolchain/development/libc++_replacement/tmp/R68/build-patched-armv7l/libcxx/test/std/numerics/numarray/template.gslice.array/gslice.array.comp.assign/Output/addition.pass.cpp.dir	40960	0	36	/opt/usr/home/owner/share/tmp/r77_lit_20260829/runs/run-fa941d650ae86d79-3185587
/home/toolchain/development/libc++_replacement/tmp/R68/build-patched-armv7l/libcxx/test/std/numerics/numarray/template.gslice.array/gslice.array.comp.assign/Output/and.pass.cpp.dir	40960	0	36	/opt/usr/home/owner/share/tmp/r77_lit_20260829/runs/run-4f28d875f036680e-3185588
/home/toolchain/development/libc++_replacement/tmp/R68/build-patched-armv7l/libcxx/test/std/numerics/numarray/template.gslice.array/gslice.array.comp.assign/Output/modulo.pass.cpp.dir	40960	0	36	/opt/usr/home/owner/share/tmp/r77_lit_20260829/runs/run-f67cafdd6d434906-3185616
/home/toolchain/development/libc++_replacement/tmp/R68/build-patched-armv7l/libcxx/test/std/numerics/numarray/template.gslice.array/gslice.array.comp.assign/Output/divide.pass.cpp.dir	40960	0	36	/opt/usr/home/owner/share/tmp/r77_lit_20260829/runs/run-20fe99188433a997-3185615
/home/toolchain/development/libc++_replacement/tmp/R68/build-patched-armv7l/libcxx/test/std/numerics/numarray/template.gslice.array/gslice.array.comp.assign/Output/multiply.pass.cpp.dir	40960	0	36	/opt/usr/home/owner/share/tmp/r77_lit_20260829/runs/run-539b99a1d6821279-3185643
/home/toolchain/development/libc++_replacement/tmp/R68/build-patched-armv7l/libcxx/test/std/numerics/numarray/template.gslice.array/gslice.array.comp.assign/Output/or.pass.cpp.dir	40960	0	36	/opt/usr/home/owner/share/tmp/r77_lit_20260829/runs/run-f96a84d3a82a7bd1-3185644
/home/toolchain/development/libc++_replacement/tmp/R68/build-patched-armv7l/libcxx/test/std/numerics/numarray/template.gslice.array/gslice.array.comp.assign/Output/shift_left.pass.cpp.dir	40960	0	36	/opt/usr/home/owner/share/tmp/r77_lit_20260829/runs/run-df18549d6a705795-3185671
/home/toolchain/development/libc++_replacement/tmp/R68/build-patched-armv7l/libcxx/test/std/numerics/numarray/template.gslice.array/gslice.array.comp.assign/Output/shift_right.pass.cpp.dir	40960	0	36	/opt/usr/home/owner/share/tmp/r77_lit_20260829/runs/run-22b0d9968af0bf49-3185672
/home/toolchain/development/libc++_replacement/tmp/R68/build-patched-armv7l/libcxx/test/std/numerics/numarray/template.gslice.array/gslice.array.comp.assign/Output/xor.pass.cpp.dir	40960	0	36	/opt/usr/home/owner/share/tmp/r77_lit_20260829/runs/run-79459a8c3b47d87b-3185699
/home/toolchain/development/libc++_replacement/tmp/R68/build-patched-armv7l/libcxx/test/std/numerics/numarray/template.gslice.array/gslice.array.comp.assign/Output/subtraction.pass.cpp.dir	40960	0	36	/opt/usr/home/owner/share/tmp/r77_lit_20260829/runs/run-4ec65bb32391d192-3185700
/home/toolchain/development/libc++_replacement/tmp/R68/build-patched-armv7l/libcxx/test/std/numerics/numarray/template.gslice.array/gslice.array.fill/Output/assign_value.pass.cpp.dir	40960	0	36	/opt/usr/home/owner/share/tmp/r77_lit_20260829/runs/run-cd6bd5bf417dd231-3185728
/home/toolchain/development/libc++_replacement/tmp/R68/build-patched-armv7l/libcxx/test/std/numerics/numarray/template.gslice.array/Output/types.pass.cpp.dir	20480	0	20	/opt/usr/home/owner/share/tmp/r77_lit_20260829/runs/run-e307e35e84ae11eb-3185727
/home/toolchain/development/libc++_replacement/tmp/R68/build-patched-armv7l/libcxx/test/std/numerics/numarray/template.indirect.array/indirect.array.assign/Output/indirect_array.pass.cpp.dir	40960	0	36	/opt/usr/home/owner/share/tmp/r77_lit_20260829/runs/run-d01b6d4617dc1a51-3185754
/home/toolchain/development/libc++_replacement/tmp/R68/build-patched-armv7l/libcxx/test/std/numerics/numarray/template.indirect.array/indirect.array.assign/Output/valarray.pass.cpp.dir	40960	0	36	/opt/usr/home/owner/share/tmp/r77_lit_20260829/runs/run-a265126a5e591b78-3185758
/home/toolchain/development/libc++_replacement/tmp/R68/build-patched-armv7l/libcxx/test/std/numerics/numarray/template.indirect.array/indirect.array.comp.assign/Output/addition.pass.cpp.dir	40960	0	36	/opt/usr/home/owner/share/tmp/r77_lit_20260829/runs/run-0517b72d84a354af-3185784
/home/toolchain/development/libc++_replacement/tmp/R68/build-patched-armv7l/libcxx/test/std/numerics/numarray/template.indirect.array/indirect.array.comp.assign/Output/and.pass.cpp.dir	40960	0	36	/opt/usr/home/owner/share/tmp/r77_lit_20260829/runs/run-7198e4c05150f9f7-3185786
/home/toolchain/development/libc++_replacement/tmp/R68/build-patched-armv7l/libcxx/test/std/numerics/numarray/template.indirect.array/indirect.array.comp.assign/Output/divide.pass.cpp.dir	40960	0	36	/opt/usr/home/owner/share/tmp/r77_lit_20260829/runs/run-15cf6ff0c7c8fc6f-3185812
/home/toolchain/development/libc++_replacement/tmp/R68/build-patched-armv7l/libcxx/test/std/numerics/numarray/template.indirect.array/indirect.array.comp.assign/Output/modulo.pass.cpp.dir	40960	0	36	/opt/usr/home/owner/share/tmp/r77_lit_20260829/runs/run-3885d94208724d01-3185814
/home/toolchain/development/libc++_replacement/tmp/R68/build-patched-armv7l/libcxx/test/std/numerics/numarray/template.indirect.array/indirect.array.comp.assign/Output/multiply.pass.cpp.dir	40960	0	36	/opt/usr/home/owner/share/tmp/r77_lit_20260829/runs/run-e4fb7b06851b1455-3185840
/home/toolchain/development/libc++_replacement/tmp/R68/build-patched-armv7l/libcxx/test/std/numerics/numarray/template.indirect.array/indirect.array.comp.assign/Output/or.pass.cpp.dir	40960	0	36	/opt/usr/home/owner/share/tmp/r77_lit_20260829/runs/run-f41953275b7f0d21-3185842
/home/toolchain/development/libc++_replacement/tmp/R68/build-patched-armv7l/libcxx/test/std/numerics/numarray/template.indirect.array/indirect.array.comp.assign/Output/shift_left.pass.cpp.dir	40960	0	36	/opt/usr/home/owner/share/tmp/r77_lit_20260829/runs/run-562d2bfb9be4c58e-3185868
/home/toolchain/development/libc++_replacement/tmp/R68/build-patched-armv7l/libcxx/test/std/numerics/numarray/template.indirect.array/indirect.array.comp.assign/Output/shift_right.pass.cpp.dir	40960	0	36	/opt/usr/home/owner/share/tmp/r77_lit_20260829/runs/run-867faa2f3ed00c89-3185870
/home/toolchain/development/libc++_replacement/tmp/R68/build-patched-armv7l/libcxx/test/std/numerics/numarray/template.indirect.array/indirect.array.comp.assign/Output/subtraction.pass.cpp.dir	40960	0	36	/opt/usr/home/owner/share/tmp/r77_lit_20260829/runs/run-975baa353caa7afd-3185898
/home/toolchain/development/libc++_replacement/tmp/R68/build-patched-armv7l/libcxx/test/std/numerics/numarray/template.indirect.array/indirect.array.comp.assign/Output/xor.pass.cpp.dir	40960	0	36	/opt/usr/home/owner/share/tmp/r77_lit_20260829/runs/run-68331035c9d722d5-3185900
/home/toolchain/development/libc++_replacement/tmp/R68/build-patched-armv7l/libcxx/test/std/numerics/numarray/template.indirect.array/indirect.array.fill/Output/assign_value.pass.cpp.dir	40960	0	36	/opt/usr/home/owner/share/tmp/r77_lit_20260829/runs/run-501e91af72afa289-3185924
/home/toolchain/development/libc++_replacement/tmp/R68/build-patched-armv7l/libcxx/test/std/numerics/numarray/template.indirect.array/Output/types.pass.cpp.dir	20480	0	20	/opt/usr/home/owner/share/tmp/r77_lit_20260829/runs/run-7f41bc01369ba342-3185928
/home/toolchain/development/libc++_replacement/tmp/R68/build-patched-armv7l/libcxx/test/std/numerics/numarray/template.mask.array/mask.array.assign/Output/mask_array.pass.cpp.dir	40960	0	40	/opt/usr/home/owner/share/tmp/r77_lit_20260829/runs/run-f0771199be39bfb2-3185955
/home/toolchain/development/libc++_replacement/tmp/R68/build-patched-armv7l/libcxx/test/std/numerics/numarray/template.mask.array/mask.array.assign/Output/valarray.pass.cpp.dir	40960	0	36	/opt/usr/home/owner/share/tmp/r77_lit_20260829/runs/run-58cf5e5b3ef5baa9-3185956
/home/toolchain/development/libc++_replacement/tmp/R68/build-patched-armv7l/libcxx/test/std/numerics/numarray/template.mask.array/mask.array.comp.assign/Output/and.pass.cpp.dir	40960	0	36	/opt/usr/home/owner/share/tmp/r77_lit_20260829/runs/run-fb20a472f2707d03-3185984
/home/toolchain/development/libc++_replacement/tmp/R68/build-patched-armv7l/libcxx/test/std/numerics/numarray/template.mask.array/mask.array.comp.assign/Output/addition.pass.cpp.dir	40960	0	36	/opt/usr/home/owner/share/tmp/r77_lit_20260829/runs/run-fa3e686076637b12-3185983
/home/toolchain/development/libc++_replacement/tmp/R68/build-patched-armv7l/libcxx/test/std/numerics/numarray/template.mask.array/mask.array.comp.assign/Output/divide.pass.cpp.dir	40960	0	36	/opt/usr/home/owner/share/tmp/r77_lit_20260829/runs/run-b945146574a3989d-3186011
/home/toolchain/development/libc++_replacement/tmp/R68/build-patched-armv7l/libcxx/test/std/numerics/numarray/template.mask.array/mask.array.comp.assign/Output/modulo.pass.cpp.dir	40960	0	36	/opt/usr/home/owner/share/tmp/r77_lit_20260829/runs/run-3a84efe1bf3d92cd-3186012
/home/toolchain/development/libc++_replacement/tmp/R68/build-patched-armv7l/libcxx/test/std/numerics/numarray/template.mask.array/mask.array.comp.assign/Output/multiply.pass.cpp.dir	40960	0	36	/opt/usr/home/owner/share/tmp/r77_lit_20260829/runs/run-8411d1beebc6ffa0-3186039
/home/toolchain/development/libc++_replacement/tmp/R68/build-patched-armv7l/libcxx/test/std/numerics/numarray/template.mask.array/mask.array.comp.assign/Output/or.pass.cpp.dir	40960	0	36	/opt/usr/home/owner/share/tmp/r77_lit_20260829/runs/run-564e7102aeb36eec-3186040
/home/toolchain/development/libc++_replacement/tmp/R68/build-patched-armv7l/libcxx/test/std/numerics/numarray/template.mask.array/mask.array.comp.assign/Output/shift_right.pass.cpp.dir	40960	0	36	/opt/usr/home/owner/share/tmp/r77_lit_20260829/runs/run-aa48a366d40aa5ba-3186068
/home/toolchain/development/libc++_replacement/tmp/R68/build-patched-armv7l/libcxx/test/std/numerics/numarray/template.mask.array/mask.array.comp.assign/Output/shift_left.pass.cpp.dir	40960	0	36	/opt/usr/home/owner/share/tmp/r77_lit_20260829/runs/run-76d12ae4e5bd3e8e-3186067
/home/toolchain/development/libc++_replacement/tmp/R68/build-patched-armv7l/libcxx/test/std/numerics/numarray/template.mask.array/mask.array.comp.assign/Output/subtraction.pass.cpp.dir	40960	0	36	/opt/usr/home/owner/share/tmp/r77_lit_20260829/runs/run-281cd76d05a27c34-3186095
/home/toolchain/development/libc++_replacement/tmp/R68/build-patched-armv7l/libcxx/test/std/numerics/numarray/template.mask.array/mask.array.comp.assign/Output/xor.pass.cpp.dir	40960	0	36	/opt/usr/home/owner/share/tmp/r77_lit_20260829/runs/run-2c79a0537b222bd4-3186096
/home/toolchain/development/libc++_replacement/tmp/R68/build-patched-armv7l/libcxx/test/std/numerics/numarray/template.mask.array/mask.array.fill/Output/assign_value.pass.cpp.dir	40960	0	36	/opt/usr/home/owner/share/tmp/r77_lit_20260829/runs/run-1c4879d1557d04de-3186127
/home/toolchain/development/libc++_replacement/tmp/R68/build-patched-armv7l/libcxx/test/std/numerics/numarray/template.mask.array/Output/types.pass.cpp.dir	20480	0	20	/opt/usr/home/owner/share/tmp/r77_lit_20260829/runs/run-5bc097b554eba682-3186126
/home/toolchain/development/libc++_replacement/tmp/R68/build-patched-armv7l/libcxx/test/std/numerics/numarray/template.slice.array/slice.arr.assign/Output/slice_array.pass.cpp.dir	30720	0	28	/opt/usr/home/owner/share/tmp/r77_lit_20260829/runs/run-0ef448a287d43153-3186153
/home/toolchain/development/libc++_replacement/tmp/R68/build-patched-armv7l/libcxx/test/std/numerics/numarray/template.slice.array/slice.arr.assign/Output/template.pass.cpp.dir	30720	0	28	/opt/usr/home/owner/share/tmp/r77_lit_20260829/runs/run-d72b23a3ef8ac546-3186157
/home/toolchain/development/libc++_replacement/tmp/R68/build-patched-armv7l/libcxx/test/std/numerics/numarray/template.slice.array/slice.arr.assign/Output/valarray.pass.cpp.dir	40960	0	36	/opt/usr/home/owner/share/tmp/r77_lit_20260829/runs/run-5f2e322e404a4955-3186182
/home/toolchain/development/libc++_replacement/tmp/R68/build-patched-armv7l/libcxx/test/std/numerics/numarray/template.slice.array/slice.arr.comp.assign/Output/addition.pass.cpp.dir	30720	0	28	/opt/usr/home/owner/share/tmp/r77_lit_20260829/runs/run-8598ca8256393490-3186186
/home/toolchain/development/libc++_replacement/tmp/R68/build-patched-armv7l/libcxx/test/std/numerics/numarray/template.slice.array/slice.arr.comp.assign/Output/and.pass.cpp.dir	30720	0	28	/opt/usr/home/owner/share/tmp/r77_lit_20260829/runs/run-d2a2f024f7beabf1-3186210
/home/toolchain/development/libc++_replacement/tmp/R68/build-patched-armv7l/libcxx/test/std/numerics/numarray/template.slice.array/slice.arr.comp.assign/Output/divide.pass.cpp.dir	30720	0	28	/opt/usr/home/owner/share/tmp/r77_lit_20260829/runs/run-f4de4781416b2f88-3186214
/home/toolchain/development/libc++_replacement/tmp/R68/build-patched-armv7l/libcxx/test/std/numerics/numarray/template.slice.array/slice.arr.comp.assign/Output/modulo.pass.cpp.dir	30720	0	28	/opt/usr/home/owner/share/tmp/r77_lit_20260829/runs/run-b48c70e728d93202-3186237
/home/toolchain/development/libc++_replacement/tmp/R68/build-patched-armv7l/libcxx/test/std/numerics/numarray/template.slice.array/slice.arr.comp.assign/Output/multiply.pass.cpp.dir	30720	0	28	/opt/usr/home/owner/share/tmp/r77_lit_20260829/runs/run-092f43a7bbbd1104-3186243
/home/toolchain/development/libc++_replacement/tmp/R68/build-patched-armv7l/libcxx/test/std/numerics/numarray/template.slice.array/slice.arr.comp.assign/Output/or.pass.cpp.dir	30720	0	28	/opt/usr/home/owner/share/tmp/r77_lit_20260829/runs/run-dfb862af710f54c5-3186263
/home/toolchain/development/libc++_replacement/tmp/R68/build-patched-armv7l/libcxx/test/std/numerics/numarray/template.slice.array/slice.arr.comp.assign/Output/shift_left.pass.cpp.dir	30720	0	28	/opt/usr/home/owner/share/tmp/r77_lit_20260829/runs/run-9e690f6c5e911ecf-3186271
/home/toolchain/development/libc++_replacement/tmp/R68/build-patched-armv7l/libcxx/test/std/numerics/numarray/template.slice.array/slice.arr.comp.assign/Output/shift_right.pass.cpp.dir	30720	0	28	/opt/usr/home/owner/share/tmp/r77_lit_20260829/runs/run-9aa31d06ac1275db-3186294
/home/toolchain/development/libc++_replacement/tmp/R68/build-patched-armv7l/libcxx/test/std/numerics/numarray/template.slice.array/slice.arr.comp.assign/Output/subtraction.pass.cpp.dir	30720	0	28	/opt/usr/home/owner/share/tmp/r77_lit_20260829/runs/run-6cd5c5fced890f76-3186301
/home/toolchain/development/libc++_replacement/tmp/R68/build-patched-armv7l/libcxx/test/std/numerics/numarray/template.slice.array/slice.arr.comp.assign/Output/xor.pass.cpp.dir	30720	0	28	/opt/usr/home/owner/share/tmp/r77_lit_20260829/runs/run-1122fe9cdc35ec01-3186321
/home/toolchain/development/libc++_replacement/tmp/R68/build-patched-armv7l/libcxx/test/std/numerics/numarray/template.slice.array/slice.arr.fill/Output/assign_value.pass.cpp.dir	30720	0	28	/opt/usr/home/owner/share/tmp/r77_lit_20260829/runs/run-a0e9a289b3a4cc1d-3186329
/home/toolchain/development/libc++_replacement/tmp/R68/build-patched-armv7l/libcxx/test/std/numerics/numarray/template.slice.array/Output/types.pass.cpp.dir	20480	0	20	/opt/usr/home/owner/share/tmp/r77_lit_20260829/runs/run-58e5f6f4ec4d7259-3186350
/home/toolchain/development/libc++_replacement/tmp/R68/build-patched-armv7l/libcxx/test/std/numerics/numarray/template.valarray/Output/types.pass.cpp.dir	20480	0	20	/opt/usr/home/owner/share/tmp/r77_lit_20260829/runs/run-6b6e701d6552b5fb-3186357
/home/toolchain/development/libc++_replacement/tmp/R68/build-patched-armv7l/libcxx/test/std/numerics/numarray/template.valarray/valarray.access/Output/access.pass.cpp.dir	30720	0	28	/opt/usr/home/owner/share/tmp/r77_lit_20260829/runs/run-1cc11be16e1a9711-3186377
/home/toolchain/development/libc++_replacement/tmp/R68/build-patched-armv7l/libcxx/test/std/numerics/numarray/template.valarray/valarray.access/Output/const_access.pass.cpp.dir	30720	0	28	/opt/usr/home/owner/share/tmp/r77_lit_20260829/runs/run-fdae3271feebd866-3186385
/home/toolchain/development/libc++_replacement/tmp/R68/build-patched-armv7l/libcxx/test/std/numerics/numarray/template.valarray/valarray.assign/Output/copy_assign.pass.cpp.dir	81920	0	72	/opt/usr/home/owner/share/tmp/r77_lit_20260829/runs/run-5d101be3d73ef579-3186426
/home/toolchain/development/libc++_replacement/tmp/R68/build-patched-armv7l/libcxx/test/std/numerics/numarray/template.valarray/valarray.assign/Output/gslice_array_assign.pass.cpp.dir	40960	0	36	/opt/usr/home/owner/share/tmp/r77_lit_20260829/runs/run-1ee6f000a1d41613-3186431
/home/toolchain/development/libc++_replacement/tmp/R68/build-patched-armv7l/libcxx/test/std/numerics/numarray/template.valarray/valarray.assign/Output/indirect_array_assign.pass.cpp.dir	40960	0	36	/opt/usr/home/owner/share/tmp/r77_lit_20260829/runs/run-f2c8c15ef18e1fd3-3186454
/home/toolchain/development/libc++_replacement/tmp/R68/build-patched-armv7l/libcxx/test/std/numerics/numarray/template.valarray/valarray.assign/Output/initializer_list_assign.pass.cpp.dir	71680	0	72	/opt/usr/home/owner/share/tmp/r77_lit_20260829/runs/run-a5bbf27b929f3da0-3186459
/home/toolchain/development/libc++_replacement/tmp/R68/build-patched-armv7l/libcxx/test/std/numerics/numarray/template.valarray/valarray.assign/Output/mask_array_assign.pass.cpp.dir	40960	0	36	/opt/usr/home/owner/share/tmp/r77_lit_20260829/runs/run-eace6b80024197c6-3186497
/home/toolchain/development/libc++_replacement/tmp/R68/build-patched-armv7l/libcxx/test/std/numerics/numarray/template.valarray/valarray.assign/Output/move_assign.pass.cpp.dir	40960	0	36	/opt/usr/home/owner/share/tmp/r77_lit_20260829/runs/run-dbc5bc91854de08f-3186504
/home/toolchain/development/libc++_replacement/tmp/R68/build-patched-armv7l/libcxx/test/std/numerics/numarray/template.valarray/valarray.assign/Output/slice_array_assign.pass.cpp.dir	30720	0	28	/opt/usr/home/owner/share/tmp/r77_lit_20260829/runs/run-cc7acc47a916ff5d-3186525
/home/toolchain/development/libc++_replacement/tmp/R68/build-patched-armv7l/libcxx/test/std/numerics/numarray/template.valarray/valarray.assign/Output/value_assign.pass.cpp.dir	30720	0	28	/opt/usr/home/owner/share/tmp/r77_lit_20260829/runs/run-10724f65ee56b763-3186564
/home/toolchain/development/libc++_replacement/tmp/R68/build-patched-armv7l/libcxx/test/std/numerics/numarray/template.valarray/valarray.cassign/Output/and_valarray.pass.cpp.dir	61440	0	60	/opt/usr/home/owner/share/tmp/r77_lit_20260829/runs/run-3a8239ac0a0e1523-3186622
/home/toolchain/development/libc++_replacement/tmp/R68/build-patched-armv7l/libcxx/test/std/numerics/numarray/template.valarray/valarray.cassign/Output/and_value.pass.cpp.dir	30720	0	28	/opt/usr/home/owner/share/tmp/r77_lit_20260829/runs/run-56b09af9270f9dcd-3186634
/home/toolchain/development/libc++_replacement/tmp/R68/build-patched-armv7l/libcxx/test/std/numerics/numarray/template.valarray/valarray.cassign/Output/divide_valarray.pass.cpp.dir	61440	0	60	/opt/usr/home/owner/share/tmp/r77_lit_20260829/runs/run-33cdde2b5a89aeb5-3186650
/home/toolchain/development/libc++_replacement/tmp/R68/build-patched-armv7l/libcxx/test/std/numerics/numarray/template.valarray/valarray.cassign/Output/divide_value.pass.cpp.dir	30720	0	28	/opt/usr/home/owner/share/tmp/r77_lit_20260829/runs/run-e16ea2c9fbf58f6f-3186664
/home/toolchain/development/libc++_replacement/tmp/R68/build-patched-armv7l/libcxx/test/std/numerics/numarray/template.valarray/valarray.cassign/Output/minus_valarray.pass.cpp.dir	61440	0	60	/opt/usr/home/owner/share/tmp/r77_lit_20260829/runs/run-1a6f9551c23ba8b8-3186676
/home/toolchain/development/libc++_replacement/tmp/R68/build-patched-armv7l/libcxx/test/std/numerics/numarray/template.valarray/valarray.cassign/Output/minus_value.pass.cpp.dir	30720	0	28	/opt/usr/home/owner/share/tmp/r77_lit_20260829/runs/run-3222d07a3fc3803e-3186692
/home/toolchain/development/libc++_replacement/tmp/R68/build-patched-armv7l/libcxx/test/std/numerics/numarray/template.valarray/valarray.cassign/Output/modulo_valarray.pass.cpp.dir	61440	0	60	/opt/usr/home/owner/share/tmp/r77_lit_20260829/runs/run-59c026def5393481-3186721
/home/toolchain/development/libc++_replacement/tmp/R68/build-patched-armv7l/libcxx/test/std/numerics/numarray/template.valarray/valarray.cassign/Output/modulo_value.pass.cpp.dir	30720	0	28	/opt/usr/home/owner/share/tmp/r77_lit_20260829/runs/run-b80d39daa22470ba-3186737
/home/toolchain/development/libc++_replacement/tmp/R68/build-patched-armv7l/libcxx/test/std/numerics/numarray/template.valarray/valarray.cassign/Output/or_valarray.pass.cpp.dir	61440	0	60	/opt/usr/home/owner/share/tmp/r77_lit_20260829/runs/run-cdd6adf869c525d0-3186749
/home/toolchain/development/libc++_replacement/tmp/R68/build-patched-armv7l/libcxx/test/std/numerics/numarray/template.valarray/valarray.cassign/Output/or_value.pass.cpp.dir	30720	0	28	/opt/usr/home/owner/share/tmp/r77_lit_20260829/runs/run-3be5374586cb0341-3186765
/home/toolchain/development/libc++_replacement/tmp/R68/build-patched-armv7l/libcxx/test/std/numerics/numarray/template.valarray/valarray.cassign/Output/plus_valarray.pass.cpp.dir	61440	0	60	/opt/usr/home/owner/share/tmp/r77_lit_20260829/runs/run-981a9a868796c3c6-3186777
/home/toolchain/development/libc++_replacement/tmp/R68/build-patched-armv7l/libcxx/test/std/numerics/numarray/template.valarray/valarray.cassign/Output/plus_value.pass.cpp.dir	30720	0	28	/opt/usr/home/owner/share/tmp/r77_lit_20260829/runs/run-113e0f0b0bddb0d5-3186795
/home/toolchain/development/libc++_replacement/tmp/R68/build-patched-armv7l/libcxx/test/std/numerics/numarray/template.valarray/valarray.cassign/Output/shift_left_valarray.pass.cpp.dir	61440	0	60	/opt/usr/home/owner/share/tmp/r77_lit_20260829/runs/run-a8b91a9d77642e4f-3186807
/home/toolchain/development/libc++_replacement/tmp/R68/build-patched-armv7l/libcxx/test/std/numerics/numarray/template.valarray/valarray.cassign/Output/shift_left_value.pass.cpp.dir	30720	0	28	/opt/usr/home/owner/share/tmp/r77_lit_20260829/runs/run-a0520e5a9be36b22-3186825
/home/toolchain/development/libc++_replacement/tmp/R68/build-patched-armv7l/libcxx/test/std/numerics/numarray/template.valarray/valarray.cassign/Output/shift_right_valarray.pass.cpp.dir	61440	0	60	/opt/usr/home/owner/share/tmp/r77_lit_20260829/runs/run-752d69bc4248e99b-3186835
/home/toolchain/development/libc++_replacement/tmp/R68/build-patched-armv7l/libcxx/test/std/numerics/numarray/template.valarray/valarray.cassign/Output/shift_right_value.pass.cpp.dir	30720	0	28	/opt/usr/home/owner/share/tmp/r77_lit_20260829/runs/run-bef596bf84f84b89-3186853
/home/toolchain/development/libc++_replacement/tmp/R68/build-patched-armv7l/libcxx/test/std/numerics/numarray/template.valarray/valarray.cassign/Output/times_valarray.pass.cpp.dir	61440	0	60	/opt/usr/home/owner/share/tmp/r77_lit_20260829/runs/run-6b669447816e7085-3186862
/home/toolchain/development/libc++_replacement/tmp/R68/build-patched-armv7l/libcxx/test/std/numerics/numarray/template.valarray/valarray.cassign/Output/times_value.pass.cpp.dir	30720	0	28	/opt/usr/home/owner/share/tmp/r77_lit_20260829/runs/run-19e72bc7e8936e67-3186881
/home/toolchain/development/libc++_replacement/tmp/R68/build-patched-armv7l/libcxx/test/std/numerics/numarray/template.valarray/valarray.cassign/Output/xor_valarray.pass.cpp.dir	61440	0	60	/opt/usr/home/owner/share/tmp/r77_lit_20260829/runs/run-cf70696cdf743ad4-3186890
/home/toolchain/development/libc++_replacement/tmp/R68/build-patched-armv7l/libcxx/test/std/numerics/numarray/template.valarray/valarray.cassign/Output/xor_value.pass.cpp.dir	30720	0	28	/opt/usr/home/owner/share/tmp/r77_lit_20260829/runs/run-a623cd1e1f21f817-3186909
/home/toolchain/development/libc++_replacement/tmp/R68/build-patched-armv7l/libcxx/test/std/numerics/numarray/template.valarray/valarray.cons/Output/copy.pass.cpp.dir	40960	0	40	/opt/usr/home/owner/share/tmp/r77_lit_20260829/runs/run-50936b7c5758e7b9-3186919
/home/toolchain/development/libc++_replacement/tmp/R68/build-patched-armv7l/libcxx/test/std/numerics/numarray/template.valarray/valarray.cons/Output/deduct.pass.cpp.dir	61440	0	56	/opt/usr/home/owner/share/tmp/r77_lit_20260829/runs/run-02dfe3ca797b6e68-3186937
/home/toolchain/development/libc++_replacement/tmp/R68/build-patched-armv7l/libcxx/test/std/numerics/numarray/template.valarray/valarray.cons/Output/default.pass.cpp.dir	30720	0	28	/opt/usr/home/owner/share/tmp/r77_lit_20260829/runs/run-39336800ddf8dc56-3186946
/home/toolchain/development/libc++_replacement/tmp/R68/build-patched-armv7l/libcxx/test/std/numerics/numarray/template.valarray/valarray.cons/Output/gslice_array.pass.cpp.dir	40960	0	36	/opt/usr/home/owner/share/tmp/r77_lit_20260829/runs/run-db153871a1f734a8-3186966
/home/toolchain/development/libc++_replacement/tmp/R68/build-patched-armv7l/libcxx/test/std/numerics/numarray/template.valarray/valarray.cons/Output/indirect_array.pass.cpp.dir	40960	0	36	/opt/usr/home/owner/share/tmp/r77_lit_20260829/runs/run-302ce252bb2390fa-3186977
/home/toolchain/development/libc++_replacement/tmp/R68/build-patched-armv7l/libcxx/test/std/numerics/numarray/template.valarray/valarray.cons/Output/initializer_list.pass.cpp.dir	30720	0	32	/opt/usr/home/owner/share/tmp/r77_lit_20260829/runs/run-6fe5eca1db591620-3186995
/home/toolchain/development/libc++_replacement/tmp/R68/build-patched-armv7l/libcxx/test/std/numerics/numarray/template.valarray/valarray.cons/Output/mask_array.pass.cpp.dir	40960	0	36	/opt/usr/home/owner/share/tmp/r77_lit_20260829/runs/run-deb8c93bc7ad00b5-3187005
/home/toolchain/development/libc++_replacement/tmp/R68/build-patched-armv7l/libcxx/test/std/numerics/numarray/template.valarray/valarray.cons/Output/move.pass.cpp.dir	40960	0	36	/opt/usr/home/owner/share/tmp/r77_lit_20260829/runs/run-90c2bfdd1dff283c-3187023
/home/toolchain/development/libc++_replacement/tmp/R68/build-patched-armv7l/libcxx/test/std/numerics/numarray/template.valarray/valarray.cons/Output/pointer_size.pass.cpp.dir	40960	0	36	/opt/usr/home/owner/share/tmp/r77_lit_20260829/runs/run-7ce23d45ac549f3f-3187032
/home/toolchain/development/libc++_replacement/tmp/R68/build-patched-armv7l/libcxx/test/std/numerics/numarray/template.valarray/valarray.cons/Output/size.pass.cpp.dir	40960	0	36	/opt/usr/home/owner/share/tmp/r77_lit_20260829/runs/run-1e95aea9f5d14e9c-3187051
/home/toolchain/development/libc++_replacement/tmp/R68/build-patched-armv7l/libcxx/test/std/numerics/numarray/template.valarray/valarray.cons/Output/slice_array.pass.cpp.dir	30720	0	28	/opt/usr/home/owner/share/tmp/r77_lit_20260829/runs/run-40b31f60e784e3ab-3187060
/home/toolchain/development/libc++_replacement/tmp/R68/build-patched-armv7l/libcxx/test/std/numerics/numarray/template.valarray/valarray.cons/Output/value_size.pass.cpp.dir	40960	0	36	/opt/usr/home/owner/share/tmp/r77_lit_20260829/runs/run-17e776c304bf7695-3187077
/home/toolchain/development/libc++_replacement/tmp/R68/build-patched-armv7l/libcxx/test/std/numerics/numarray/template.valarray/valarray.members/Output/apply_cref.pass.cpp.dir	30720	0	32	/opt/usr/home/owner/share/tmp/r77_lit_20260829/runs/run-fb13bc924f901210-3187089
/home/toolchain/development/libc++_replacement/tmp/R68/build-patched-armv7l/libcxx/test/std/numerics/numarray/template.valarray/valarray.members/Output/apply_value.pass.cpp.dir	30720	0	32	/opt/usr/home/owner/share/tmp/r77_lit_20260829/runs/run-57d112d5192c5b5d-3187105
/home/toolchain/development/libc++_replacement/tmp/R68/build-patched-armv7l/libcxx/test/std/numerics/numarray/template.valarray/valarray.members/Output/cshift.pass.cpp.dir	40960	0	32	/opt/usr/home/owner/share/tmp/r77_lit_20260829/runs/run-3d2de829dc2bdccc-3187117
/home/toolchain/development/libc++_replacement/tmp/R68/build-patched-armv7l/libcxx/test/std/numerics/numarray/template.valarray/valarray.members/Output/max.pass.cpp.dir	30720	0	28	/opt/usr/home/owner/share/tmp/r77_lit_20260829/runs/run-336f26ddff40e67b-3187133
/home/toolchain/development/libc++_replacement/tmp/R68/build-patched-armv7l/libcxx/test/std/numerics/numarray/template.valarray/valarray.members/Output/min.pass.cpp.dir	30720	0	32	/opt/usr/home/owner/share/tmp/r77_lit_20260829/runs/run-0782277d4fc0723b-3187145
/home/toolchain/development/libc++_replacement/tmp/R68/build-patched-armv7l/libcxx/test/std/numerics/numarray/template.valarray/valarray.members/Output/resize.pass.cpp.dir	30720	0	28	/opt/usr/home/owner/share/tmp/r77_lit_20260829/runs/run-6aa6aad60667c31f-3187161
/home/toolchain/development/libc++_replacement/tmp/R68/build-patched-armv7l/libcxx/test/std/numerics/numarray/template.valarray/valarray.members/Output/shift.pass.cpp.dir	40960	0	36	/opt/usr/home/owner/share/tmp/r77_lit_20260829/runs/run-ef3862964335e71a-3187173
/home/toolchain/development/libc++_replacement/tmp/R68/build-patched-armv7l/libcxx/test/std/numerics/numarray/template.valarray/valarray.members/Output/size.pass.cpp.dir	30720	0	28	/opt/usr/home/owner/share/tmp/r77_lit_20260829/runs/run-9407c6f530d7502e-3187191
/home/toolchain/development/libc++_replacement/tmp/R68/build-patched-armv7l/libcxx/test/std/numerics/numarray/template.valarray/valarray.members/Output/sum.pass.cpp.dir	30720	0	28	/opt/usr/home/owner/share/tmp/r77_lit_20260829/runs/run-67b107ffb79e89b1-3187203
/home/toolchain/development/libc++_replacement/tmp/R68/build-patched-armv7l/libcxx/test/std/numerics/numarray/template.valarray/valarray.members/Output/swap.pass.cpp.dir	40960	0	32	/opt/usr/home/owner/share/tmp/r77_lit_20260829/runs/run-f07da38c5c49d1e7-3187217
/home/toolchain/development/libc++_replacement/tmp/R68/build-patched-armv7l/libcxx/test/std/numerics/numarray/template.valarray/valarray.sub/Output/gslice_const.pass.cpp.dir	40960	0	36	/opt/usr/home/owner/share/tmp/r77_lit_20260829/runs/run-1f74050628422b0b-3187233
/home/toolchain/development/libc++_replacement/tmp/R68/build-patched-armv7l/libcxx/test/std/numerics/numarray/template.valarray/valarray.sub/Output/gslice_non_const.pass.cpp.dir	51200	0	44	/opt/usr/home/owner/share/tmp/r77_lit_20260829/runs/run-5265b41e15a5ad6b-3187245
/home/toolchain/development/libc++_replacement/tmp/R68/build-patched-armv7l/libcxx/test/std/numerics/numarray/template.valarray/valarray.sub/Output/indirect_array_const.pass.cpp.dir	51200	0	44	/opt/usr/home/owner/share/tmp/r77_lit_20260829/runs/run-51aa0de84e2a61c7-3187261
/home/toolchain/development/libc++_replacement/tmp/R68/build-patched-armv7l/libcxx/test/std/numerics/numarray/template.valarray/valarray.sub/Output/indirect_array_non_const.pass.cpp.dir	51200	0	44	/opt/usr/home/owner/share/tmp/r77_lit_20260829/runs/run-3555a6a09c5e3927-3187275
/home/toolchain/development/libc++_replacement/tmp/R68/build-patched-armv7l/libcxx/test/std/numerics/numarray/template.valarray/valarray.sub/Output/slice_const.pass.cpp.dir	30720	0	32	/opt/usr/home/owner/share/tmp/r77_lit_20260829/runs/run-55ef780e955fe417-3187289
/home/toolchain/development/libc++_replacement/tmp/R68/build-patched-armv7l/libcxx/test/std/numerics/numarray/template.valarray/valarray.sub/Output/slice_non_const.pass.cpp.dir	40960	0	36	/opt/usr/home/owner/share/tmp/r77_lit_20260829/runs/run-0d016132c6d6e30d-3187301
/home/toolchain/development/libc++_replacement/tmp/R68/build-patched-armv7l/libcxx/test/std/numerics/numarray/template.valarray/valarray.sub/Output/valarray_bool_const.pass.cpp.dir	40960	0	40	/opt/usr/home/owner/share/tmp/r77_lit_20260829/runs/run-61b23ed8bde1754c-3187317
/home/toolchain/development/libc++_replacement/tmp/R68/build-patched-armv7l/libcxx/test/std/numerics/numarray/template.valarray/valarray.sub/Output/valarray_bool_non_const.pass.cpp.dir	51200	0	44	/opt/usr/home/owner/share/tmp/r77_lit_20260829/runs/run-a7480788502e77fe-3187331
/home/toolchain/development/libc++_replacement/tmp/R68/build-patched-armv7l/libcxx/test/std/numerics/numarray/template.valarray/valarray.unary/Output/bit_not.pass.cpp.dir	40960	0	40	/opt/usr/home/owner/share/tmp/r77_lit_20260829/runs/run-8f5dd54922c44ebe-3187345
/home/toolchain/development/libc++_replacement/tmp/R68/build-patched-armv7l/libcxx/test/std/numerics/numarray/template.valarray/valarray.unary/Output/negate.pass.cpp.dir	51200	0	48	/opt/usr/home/owner/share/tmp/r77_lit_20260829/runs/run-101825107cd54b6a-3187357
/home/toolchain/development/libc++_replacement/tmp/R68/build-patched-armv7l/libcxx/test/std/numerics/numarray/template.valarray/valarray.unary/Output/not.pass.cpp.dir	40960	0	40	/opt/usr/home/owner/share/tmp/r77_lit_20260829/runs/run-5308a5e7df10d6f0-3187373
/home/toolchain/development/libc++_replacement/tmp/R68/build-patched-armv7l/libcxx/test/std/numerics/numarray/template.valarray/valarray.unary/Output/plus.pass.cpp.dir	51200	0	48	/opt/usr/home/owner/share/tmp/r77_lit_20260829/runs/run-7500ce2c9feea28e-3187385
/home/toolchain/development/libc++_replacement/tmp/R68/build-patched-armv7l/libcxx/test/std/numerics/numarray/valarray.nonmembers/valarray.binary/Output/and_valarray_valarray.pass.cpp.dir	30720	0	28	/opt/usr/home/owner/share/tmp/r77_lit_20260829/runs/run-97a8fed0ac89ff55-3187401
/home/toolchain/development/libc++_replacement/tmp/R68/build-patched-armv7l/libcxx/test/std/numerics/numarray/valarray.nonmembers/valarray.binary/Output/and_valarray_value.pass.cpp.dir	30720	0	28	/opt/usr/home/owner/share/tmp/r77_lit_20260829/runs/run-b344429bc9b67e67-3187413
/home/toolchain/development/libc++_replacement/tmp/R68/build-patched-armv7l/libcxx/test/std/numerics/numarray/valarray.nonmembers/valarray.binary/Output/and_value_valarray.pass.cpp.dir	30720	0	28	/opt/usr/home/owner/share/tmp/r77_lit_20260829/runs/run-4e229de7b0276b76-3187429
/home/toolchain/development/libc++_replacement/tmp/R68/build-patched-armv7l/libcxx/test/std/numerics/numarray/valarray.nonmembers/valarray.binary/Output/divide_valarray_valarray.pass.cpp.dir	30720	0	28	/opt/usr/home/owner/share/tmp/r77_lit_20260829/runs/run-5463ad116a740f5a-3187441
/home/toolchain/development/libc++_replacement/tmp/R68/build-patched-armv7l/libcxx/test/std/numerics/numarray/valarray.nonmembers/valarray.binary/Output/divide_valarray_value.pass.cpp.dir	30720	0	28	/opt/usr/home/owner/share/tmp/r77_lit_20260829/runs/run-f6ca0e8b9c309f51-3187457
/home/toolchain/development/libc++_replacement/tmp/R68/build-patched-armv7l/libcxx/test/std/numerics/numarray/valarray.nonmembers/valarray.binary/Output/divide_value_valarray.pass.cpp.dir	30720	0	28	/opt/usr/home/owner/share/tmp/r77_lit_20260829/runs/run-b3683a2b8aae1388-3187469
/home/toolchain/development/libc++_replacement/tmp/R68/build-patched-armv7l/libcxx/test/std/numerics/numarray/valarray.nonmembers/valarray.binary/Output/minus_valarray_valarray.pass.cpp.dir	30720	0	28	/opt/usr/home/owner/share/tmp/r77_lit_20260829/runs/run-76509335de90981a-3187484
/home/toolchain/development/libc++_replacement/tmp/R68/build-patched-armv7l/libcxx/test/std/numerics/numarray/valarray.nonmembers/valarray.binary/Output/minus_valarray_value.pass.cpp.dir	30720	0	28	/opt/usr/home/owner/share/tmp/r77_lit_20260829/runs/run-f8fd1800585a921b-3187499
/home/toolchain/development/libc++_replacement/tmp/R68/build-patched-armv7l/libcxx/test/std/numerics/numarray/valarray.nonmembers/valarray.binary/Output/minus_value_valarray.pass.cpp.dir	30720	0	28	/opt/usr/home/owner/share/tmp/r77_lit_20260829/runs/run-aba5d1d8287c9558-3187515
/home/toolchain/development/libc++_replacement/tmp/R68/build-patched-armv7l/libcxx/test/std/numerics/numarray/valarray.nonmembers/valarray.binary/Output/modulo_valarray_valarray.pass.cpp.dir	30720	0	28	/opt/usr/home/owner/share/tmp/r77_lit_20260829/runs/run-c3b3f36ea2cf97da-3187527
/home/toolchain/development/libc++_replacement/tmp/R68/build-patched-armv7l/libcxx/test/std/numerics/numarray/valarray.nonmembers/valarray.binary/Output/modulo_valarray_value.pass.cpp.dir	30720	0	28	/opt/usr/home/owner/share/tmp/r77_lit_20260829/runs/run-b37fe29579300ed4-3187541
/home/toolchain/development/libc++_replacement/tmp/R68/build-patched-armv7l/libcxx/test/std/numerics/numarray/valarray.nonmembers/valarray.binary/Output/modulo_value_valarray.pass.cpp.dir	30720	0	28	/opt/usr/home/owner/share/tmp/r77_lit_20260829/runs/run-ce6df2f6ae2c587b-3187555
/home/toolchain/development/libc++_replacement/tmp/R68/build-patched-armv7l/libcxx/test/std/numerics/numarray/valarray.nonmembers/valarray.binary/Output/or_valarray_valarray.pass.cpp.dir	30720	0	28	/opt/usr/home/owner/share/tmp/r77_lit_20260829/runs/run-b1c19850b1d6ee1e-3187569
/home/toolchain/development/libc++_replacement/tmp/R68/build-patched-armv7l/libcxx/test/std/numerics/numarray/valarray.nonmembers/valarray.binary/Output/or_valarray_value.pass.cpp.dir	30720	0	28	/opt/usr/home/owner/share/tmp/r77_lit_20260829/runs/run-e8839cdb5bb98b76-3187585
/home/toolchain/development/libc++_replacement/tmp/R68/build-patched-armv7l/libcxx/test/std/numerics/numarray/valarray.nonmembers/valarray.binary/Output/or_value_valarray.pass.cpp.dir	30720	0	28	/opt/usr/home/owner/share/tmp/r77_lit_20260829/runs/run-84b6465d2e28c5a8-3187599
/home/toolchain/development/libc++_replacement/tmp/R68/build-patched-armv7l/libcxx/test/std/numerics/numarray/valarray.nonmembers/valarray.binary/Output/plus_valarray_valarray.pass.cpp.dir	30720	0	28	/opt/usr/home/owner/share/tmp/r77_lit_20260829/runs/run-0c8d6bc0c518d611-3187615
/home/toolchain/development/libc++_replacement/tmp/R68/build-patched-armv7l/libcxx/test/std/numerics/numarray/valarray.nonmembers/valarray.binary/Output/plus_valarray_value.pass.cpp.dir	30720	0	28	/opt/usr/home/owner/share/tmp/r77_lit_20260829/runs/run-f01ca65102294909-3187627
/home/toolchain/development/libc++_replacement/tmp/R68/build-patched-armv7l/libcxx/test/std/numerics/numarray/valarray.nonmembers/valarray.binary/Output/plus_value_valarray.pass.cpp.dir	30720	0	28	/opt/usr/home/owner/share/tmp/r77_lit_20260829/runs/run-8ba28373ba417cb0-3187643
/home/toolchain/development/libc++_replacement/tmp/R68/build-patched-armv7l/libcxx/test/std/numerics/numarray/valarray.nonmembers/valarray.binary/Output/shift_left_valarray_valarray.pass.cpp.dir	30720	0	28	/opt/usr/home/owner/share/tmp/r77_lit_20260829/runs/run-59a6155dc52b2ceb-3187672
/home/toolchain/development/libc++_replacement/tmp/R68/build-patched-armv7l/libcxx/test/std/numerics/numarray/valarray.nonmembers/valarray.binary/Output/shift_left_valarray_value.pass.cpp.dir	30720	0	28	/opt/usr/home/owner/share/tmp/r77_lit_20260829/runs/run-bce4f59e63b2c95d-3187716
/home/toolchain/development/libc++_replacement/tmp/R68/build-patched-armv7l/libcxx/test/std/numerics/numarray/valarray.nonmembers/valarray.binary/Output/shift_left_value_valarray.pass.cpp.dir	30720	0	28	/opt/usr/home/owner/share/tmp/r77_lit_20260829/runs/run-2829734ff99eac06-3187730
/home/toolchain/development/libc++_replacement/tmp/R68/build-patched-armv7l/libcxx/test/std/numerics/numarray/valarray.nonmembers/valarray.binary/Output/shift_right_valarray_valarray.pass.cpp.dir	30720	0	28	/opt/usr/home/owner/share/tmp/r77_lit_20260829/runs/run-b1c0b1212de1c81f-3187745
/home/toolchain/development/libc++_replacement/tmp/R68/build-patched-armv7l/libcxx/test/std/numerics/numarray/valarray.nonmembers/valarray.binary/Output/shift_right_valarray_value.pass.cpp.dir	30720	0	28	/opt/usr/home/owner/share/tmp/r77_lit_20260829/runs/run-e7b496c1aff5904d-3187758
/home/toolchain/development/libc++_replacement/tmp/R68/build-patched-armv7l/libcxx/test/std/numerics/numarray/valarray.nonmembers/valarray.binary/Output/shift_right_value_valarray.pass.cpp.dir	30720	0	28	/opt/usr/home/owner/share/tmp/r77_lit_20260829/runs/run-02f16dba47ffc3e2-3187772
/home/toolchain/development/libc++_replacement/tmp/R68/build-patched-armv7l/libcxx/test/std/numerics/numarray/valarray.nonmembers/valarray.binary/Output/times_valarray_valarray.pass.cpp.dir	30720	0	28	/opt/usr/home/owner/share/tmp/r77_lit_20260829/runs/run-31ce32e339d2395b-3187786
