/home/toolchain/development/libc++_replacement/tmp/R68/build-baseline-armv7l/libcxx/test/__config_exec__/Output/tmpoo_86dhu.cpp.dir	20480	0	20	/opt/usr/home/owner/share/tmp/r77_lit_20260829/runs/run-e49b1c5e80bc66dd-200517
/home/toolchain/development/libc++_replacement/tmp/R68/build-baseline-armv7l/libcxx/test/__config_exec__/Output/tmptmmawwfu.cpp.dir	20480	0	20	/opt/usr/home/owner/share/tmp/r77_lit_20260829/runs/run-649200a480413d90-200531
/home/toolchain/development/libc++_replacement/tmp/R68/build-baseline-armv7l/libcxx/test/__config_exec__/Output/tmpr1q04pv9.cpp.dir	20480	0	20	/opt/usr/home/owner/share/tmp/r77_lit_20260829/runs/run-d002cf74a40ae7fb-200545
/home/toolchain/development/libc++_replacement/tmp/R68/build-baseline-armv7l/libcxx/test/__config_exec__/Output/tmpqa5sq4bv.cpp.dir	20480	0	20	/opt/usr/home/owner/share/tmp/r77_lit_20260829/runs/run-b344eeef4df11d41-200559
/home/toolchain/development/libc++_replacement/tmp/R68/build-baseline-armv7l/libcxx/test/__config_exec__/Output/tmp6c3qe4ao.cpp.dir	20480	0	20	/opt/usr/home/owner/share/tmp/r77_lit_20260829/runs/run-80f2c5854e04f452-200573
/home/toolchain/development/libc++_replacement/tmp/R68/build-baseline-armv7l/libcxx/test/__config_exec__/Output/tmpfndsyqwv.cpp.dir	20480	0	20	/opt/usr/home/owner/share/tmp/r77_lit_20260829/runs/run-1dbd4e293ab152b5-200589
/home/toolchain/development/libc++_replacement/tmp/R68/build-baseline-armv7l/libcxx/test/__config_exec__/Output/tmpurez7w5l.cpp.dir	20480	0	20	/opt/usr/home/owner/share/tmp/r77_lit_20260829/runs/run-1449af0ce3a1a6d9-200621
/home/toolchain/development/libc++_replacement/tmp/R68/build-baseline-armv7l/libcxx/test/__config_exec__/Output/tmp3hiv6pi8.cpp.dir	20480	0	20	/opt/usr/home/owner/share/tmp/r77_lit_20260829/runs/run-78ed074de9b91ce0-200635
/home/toolchain/development/libc++_replacement/tmp/R68/build-baseline-armv7l/libcxx/test/__config_exec__/Output/tmpybcjia72.cpp.dir	20480	0	20	/opt/usr/home/owner/share/tmp/r77_lit_20260829/runs/run-f68d787445df0c23-200649
/home/toolchain/development/libc++_replacement/tmp/R68/build-baseline-armv7l/libcxx/test/__config_exec__/Output/tmp43cuaf_0.cpp.dir	20480	0	20	/opt/usr/home/owner/share/tmp/r77_lit_20260829/runs/run-499c3e3a5ef2e5dc-200663
/home/toolchain/development/libc++_replacement/tmp/R68/build-baseline-armv7l/libcxx/test/__config_exec__/Output/tmpymsoiglz.cpp.dir	10240	0	4	/opt/usr/home/owner/share/tmp/r77_lit_20260829/runs/run-0805d599ea7b544d-200718
/home/toolchain/development/libc++_replacement/tmp/R68/build-baseline-armv7l/libcxx/test/std/utilities/memory/util.smartptr/util.smartptr.shared.atomic/Output/atomic_compare_exchange_strong.pass.cpp.dir	30720	0	32	/opt/usr/home/owner/share/tmp/r77_lit_20260829/runs/run-51dc3b2ff51c5996-200887
/home/toolchain/development/libc++_replacement/tmp/R68/build-baseline-armv7l/libcxx/test/std/utilities/memory/util.smartptr/util.smartptr.shared.atomic/Output/atomic_compare_exchange_strong_explicit.pass.cpp.dir	30720	0	32	/opt/usr/home/owner/share/tmp/r77_lit_20260829/runs/run-743c2b16d531585e-200888
/home/toolchain/development/libc++_replacement/tmp/R68/build-baseline-armv7l/libcxx/test/std/utilities/memory/util.smartptr/util.smartptr.shared.atomic/Output/atomic_compare_exchange_weak_explicit.pass.cpp.dir	40960	0	32	/opt/usr/home/owner/share/tmp/r77_lit_20260829/runs/run-d01afee786a29deb-200917
/home/toolchain/development/libc++_replacement/tmp/R68/build-baseline-armv7l/libcxx/test/std/utilities/memory/util.smartptr/util.smartptr.shared.atomic/Output/atomic_compare_exchange_weak.pass.cpp.dir	30720	0	32	/opt/usr/home/owner/share/tmp/r77_lit_20260829/runs/run-620dc195dea021e4-200915
/home/toolchain/development/libc++_replacement/tmp/R68/build-baseline-armv7l/libcxx/test/std/utilities/memory/util.smartptr/util.smartptr.shared.atomic/Output/atomic_exchange.pass.cpp.dir	30720	0	32	/opt/usr/home/owner/share/tmp/r77_lit_20260829/runs/run-bcfdb307cb5a855e-200945
/home/toolchain/development/libc++_replacement/tmp/R68/build-baseline-armv7l/libcxx/test/std/utilities/memory/util.smartptr/util.smartptr.shared.atomic/Output/atomic_exchange_explicit.pass.cpp.dir	30720	0	32	/opt/usr/home/owner/share/tmp/r77_lit_20260829/runs/run-ad1b83663bb9cd13-200946
/home/toolchain/development/libc++_replacement/tmp/R68/build-baseline-armv7l/libcxx/test/std/utilities/memory/util.smartptr/util.smartptr.shared.atomic/Output/atomic_load.pass.cpp.dir	30720	0	32	/opt/usr/home/owner/share/tmp/r77_lit_20260829/runs/run-ca5bc08cb813d2d8-200973
/home/toolchain/development/libc++_replacement/tmp/R68/build-baseline-armv7l/libcxx/test/std/utilities/memory/util.smartptr/util.smartptr.shared.atomic/Output/atomic_is_lock_free.pass.cpp.dir	30720	0	28	/opt/usr/home/owner/share/tmp/r77_lit_20260829/runs/run-3c6f387c5d2eb3f0-200974
/home/toolchain/development/libc++_replacement/tmp/R68/build-baseline-armv7l/libcxx/test/std/utilities/memory/util.smartptr/util.smartptr.shared.atomic/Output/atomic_store.pass.cpp.dir	30720	0	32	/opt/usr/home/owner/share/tmp/r77_lit_20260829/runs/run-11b5ec386fd7dbdc-201001
/home/toolchain/development/libc++_replacement/tmp/R68/build-baseline-armv7l/libcxx/test/std/utilities/memory/util.smartptr/util.smartptr.shared.atomic/Output/atomic_load_explicit.pass.cpp.dir	30720	0	32	/opt/usr/home/owner/share/tmp/r77_lit_20260829/runs/run-621989b6bce12c7c-201002
/home/toolchain/development/libc++_replacement/tmp/R68/build-baseline-armv7l/libcxx/test/std/utilities/memory/util.smartptr/util.smartptr.shared/util.smartptr.shared.const/Output/shared_ptr_rv.pass.cpp.dir	40960	0	32	/opt/usr/home/owner/share/tmp/r77_lit_20260829/runs/run-0dd8f624757bae4e-201029
/home/toolchain/development/libc++_replacement/tmp/R68/build-baseline-armv7l/libcxx/test/std/utilities/memory/util.smartptr/util.smartptr.shared.atomic/Output/atomic_store_explicit.pass.cpp.dir	30720	0	32	/opt/usr/home/owner/share/tmp/r77_lit_20260829/runs/run-69a8958419a2ac7b-201030
/home/toolchain/development/libc++_replacement/tmp/R68/build-baseline-armv7l/libcxx/test/std/utilities/memory/util.smartptr/util.smartptr.shared/util.smartptr.shared.const/Output/unique_ptr.pass.cpp.dir	102400	0	100	/opt/usr/home/owner/share/tmp/r77_lit_20260829/runs/run-e82bb3a6cde4099b-201053
/home/toolchain/development/libc++_replacement/tmp/R68/build-baseline-armv7l/libcxx/test/std/utilities/memory/util.smartptr/util.smartptr.shared/util.smartptr.shared.const/Output/weak_ptr.pass.cpp.dir	51200	0	48	/opt/usr/home/owner/share/tmp/r77_lit_20260829/runs/run-78554bc76fe71739-201063
/home/toolchain/development/libc++_replacement/tmp/R68/build-baseline-armv7l/libcxx/test/std/utilities/memory/util.smartptr/util.smartptr.shared/util.smartptr.shared.create/Output/allocate_shared.array.bounded.pass.cpp.dir	440320	0	432	/opt/usr/home/owner/share/tmp/r77_lit_20260829/runs/run-1654dc602ba334b1-201091
/home/toolchain/development/libc++_replacement/tmp/R68/build-baseline-armv7l/libcxx/test/std/utilities/memory/util.smartptr/util.smartptr.shared/util.smartptr.shared.create/Output/allocate_shared.array.unbounded.pass.cpp.dir	389120	0	380	/opt/usr/home/owner/share/tmp/r77_lit_20260829/runs/run-da04f87928c2c6e1-201090
/home/toolchain/development/libc++_replacement/tmp/R68/build-baseline-armv7l/libcxx/test/std/utilities/memory/util.smartptr/util.smartptr.shared/util.smartptr.shared.create/Output/allocate_shared.explicit_conversion.pass.cpp.dir	40960	0	32	/opt/usr/home/owner/share/tmp/r77_lit_20260829/runs/run-09cedb475f6314e1-201119
/home/toolchain/development/libc++_replacement/tmp/R68/build-baseline-armv7l/libcxx/test/std/utilities/memory/util.smartptr/util.smartptr.shared/util.smartptr.shared.create/Output/allocate_shared.lwg2070.pass.cpp.dir	61440	0	56	/opt/usr/home/owner/share/tmp/r77_lit_20260829/runs/run-f6d58ea6f7f8f3c4-201120
/home/toolchain/development/libc++_replacement/tmp/R68/build-baseline-armv7l/libcxx/test/std/utilities/memory/util.smartptr/util.smartptr.shared/util.smartptr.shared.create/Output/allocate_shared_for_overwrite.pass.cpp.dir	174080	0	160	/opt/usr/home/owner/share/tmp/r77_lit_20260829/runs/run-e45d9a6ad801c46d-201164
/home/toolchain/development/libc++_replacement/tmp/R68/build-baseline-armv7l/libcxx/test/std/utilities/memory/util.smartptr/util.smartptr.shared/util.smartptr.shared.create/Output/allocate_shared.pass.cpp.dir	153600	0	144	/opt/usr/home/owner/share/tmp/r77_lit_20260829/runs/run-2e5367430f5ecfb7-201166
/home/toolchain/development/libc++_replacement/tmp/R68/build-baseline-armv7l/libcxx/test/std/utilities/memory/util.smartptr/util.smartptr.shared/util.smartptr.shared.create/Output/make_shared.array.unbounded.pass.cpp.dir	368640	0	356	/opt/usr/home/owner/share/tmp/r77_lit_20260829/runs/run-e128a5f820c26543-201192
/home/toolchain/development/libc++_replacement/tmp/R68/build-baseline-armv7l/libcxx/test/std/utilities/memory/util.smartptr/util.smartptr.shared/util.smartptr.shared.create/Output/make_shared.array.bounded.pass.cpp.dir	419840	0	408	/opt/usr/home/owner/share/tmp/r77_lit_20260829/runs/run-9157bde14689c5fc-201194
/home/toolchain/development/libc++_replacement/tmp/R68/build-baseline-armv7l/libcxx/test/std/utilities/memory/util.smartptr/util.smartptr.shared/util.smartptr.shared.create/Output/make_shared.pass.cpp.dir	133120	0	132	/opt/usr/home/owner/share/tmp/r77_lit_20260829/runs/run-bc6e006a248907f9-201218
/home/toolchain/development/libc++_replacement/tmp/R68/build-baseline-armv7l/libcxx/test/std/utilities/memory/util.smartptr/util.smartptr.shared/util.smartptr.shared.create/Output/make_shared_for_overwrite.pass.cpp.dir	81920	0	72	/opt/usr/home/owner/share/tmp/r77_lit_20260829/runs/run-bbdfb4fe91dd40b8-201229
/home/toolchain/development/libc++_replacement/tmp/R68/build-baseline-armv7l/libcxx/test/std/utilities/memory/util.smartptr/util.smartptr.shared/util.smartptr.shared.dest/Output/tested_elsewhere.pass.cpp.dir	20480	0	20	/opt/usr/home/owner/share/tmp/r77_lit_20260829/runs/run-f70b418636ef1410-201262
/home/toolchain/development/libc++_replacement/tmp/R68/build-baseline-armv7l/libcxx/test/std/utilities/memory/util.smartptr/util.smartptr.shared/util.smartptr.shared.create/Output/shared_ptr_array.pass.cpp.dir	61440	0	56	/opt/usr/home/owner/share/tmp/r77_lit_20260829/runs/run-674a4587ba21b8ba-201277
/home/toolchain/development/libc++_replacement/tmp/R68/build-baseline-armv7l/libcxx/test/std/utilities/memory/util.smartptr/util.smartptr.shared/util.smartptr.shared.io/Output/io.pass.cpp.dir	51200	0	44	/opt/usr/home/owner/share/tmp/r77_lit_20260829/runs/run-29180c0fdae55fea-201287
/home/toolchain/development/libc++_replacement/tmp/R68/build-baseline-armv7l/libcxx/test/std/utilities/memory/util.smartptr/util.smartptr.shared/util.smartptr.shared.mod/Output/reset.pass.cpp.dir	30720	0	32	/opt/usr/home/owner/share/tmp/r77_lit_20260829/runs/run-0ca6c7eba5172ac4-201310
/home/toolchain/development/libc++_replacement/tmp/R68/build-baseline-armv7l/libcxx/test/std/utilities/memory/util.smartptr/util.smartptr.shared/util.smartptr.shared.mod/Output/reset_pointer.pass.cpp.dir	51200	0	44	/opt/usr/home/owner/share/tmp/r77_lit_20260829/runs/run-a8e135f721e751e5-201332
/home/toolchain/development/libc++_replacement/tmp/R68/build-baseline-armv7l/libcxx/test/std/utilities/memory/util.smartptr/util.smartptr.shared/util.smartptr.shared.mod/Output/reset_pointer_deleter.pass.cpp.dir	51200	0	48	/opt/usr/home/owner/share/tmp/r77_lit_20260829/runs/run-1193e831b646e1f1-201337
/home/toolchain/development/libc++_replacement/tmp/R68/build-baseline-armv7l/libcxx/test/std/utilities/memory/util.smartptr/util.smartptr.shared/util.smartptr.shared.mod/Output/reset_pointer_deleter_allocator.pass.cpp.dir	71680	0	64	/opt/usr/home/owner/share/tmp/r77_lit_20260829/runs/run-44036239d9b1d23d-201364
/home/toolchain/development/libc++_replacement/tmp/R68/build-baseline-armv7l/libcxx/test/std/utilities/memory/util.smartptr/util.smartptr.shared/util.smartptr.shared.mod/Output/swap.pass.cpp.dir	40960	0	36	/opt/usr/home/owner/share/tmp/r77_lit_20260829/runs/run-0737c6f78b10a101-201362
/home/toolchain/development/libc++_replacement/tmp/R68/build-baseline-armv7l/libcxx/test/std/utilities/memory/util.smartptr/util.smartptr.shared/util.smartptr.shared.obs/Output/arrow.pass.cpp.dir	30720	0	32	/opt/usr/home/owner/share/tmp/r77_lit_20260829/runs/run-af5604f14be05ca7-201391
/home/toolchain/development/libc++_replacement/tmp/R68/build-baseline-armv7l/libcxx/test/std/utilities/memory/util.smartptr/util.smartptr.shared/util.smartptr.shared.obs/Output/dereference.pass.cpp.dir	30720	0	28	/opt/usr/home/owner/share/tmp/r77_lit_20260829/runs/run-35560a5d36d53274-201390
/home/toolchain/development/libc++_replacement/tmp/R68/build-baseline-armv7l/libcxx/test/std/utilities/memory/util.smartptr/util.smartptr.shared/util.smartptr.shared.obs/Output/op_bool.pass.cpp.dir	51200	0	40	/opt/usr/home/owner/share/tmp/r77_lit_20260829/runs/run-d2d377303440d8f1-201415
/home/toolchain/development/libc++_replacement/tmp/R68/build-baseline-armv7l/libcxx/test/std/utilities/memory/util.smartptr/util.smartptr.shared/util.smartptr.shared.obs/Output/op_bracket.pass.cpp.dir	40960	0	32	/opt/usr/home/owner/share/tmp/r77_lit_20260829/runs/run-84023608e1a46145-201429
/home/toolchain/development/libc++_replacement/tmp/R68/build-baseline-armv7l/libcxx/test/std/utilities/memory/util.smartptr/util.smartptr.shared/util.smartptr.shared.obs/Output/owner_before_shared_ptr.pass.cpp.dir	30720	0	32	/opt/usr/home/owner/share/tmp/r77_lit_20260829/runs/run-d6e6993d0dffb971-201444
/home/toolchain/development/libc++_replacement/tmp/R68/build-baseline-armv7l/libcxx/test/std/utilities/memory/util.smartptr/util.smartptr.shared/util.smartptr.shared.obs/Output/owner_before_weak_ptr.pass.cpp.dir	30720	0	32	/opt/usr/home/owner/share/tmp/r77_lit_20260829/runs/run-8bd6f011d47640c9-201452
/home/toolchain/development/libc++_replacement/tmp/R68/build-baseline-armv7l/libcxx/test/std/utilities/memory/util.smartptr/util.smartptr.shared/util.smartptr.shared.obs/Output/unique.pass.cpp.dir	30720	0	32	/opt/usr/home/owner/share/tmp/r77_lit_20260829/runs/run-5b3a1a10830e3a5f-201482
/home/toolchain/development/libc++_replacement/tmp/R68/build-baseline-armv7l/libcxx/test/std/utilities/memory/util.smartptr/util.smartptr.shared/util.smartptr.shared.spec/Output/swap.pass.cpp.dir	40960	0	36	/opt/usr/home/owner/share/tmp/r77_lit_20260829/runs/run-161af18d2bc158da-201487
/home/toolchain/development/libc++_replacement/tmp/R68/build-baseline-armv7l/libcxx/test/std/utilities/memory/util.smartptr/util.smartptr.weak/Output/types.pass.cpp.dir	20480	0	20	/opt/usr/home/owner/share/tmp/r77_lit_20260829/runs/run-94218798c3a57da8-201515
/home/toolchain/development/libc++_replacement/tmp/R68/build-baseline-armv7l/libcxx/test/std/utilities/memory/util.smartptr/util.smartptr.weak/util.smartptr.ownerless/Output/owner_less.pass.cpp.dir	51200	0	44	/opt/usr/home/owner/share/tmp/r77_lit_20260829/runs/run-842e2b127dc75c02-201517
/home/toolchain/development/libc++_replacement/tmp/R68/build-baseline-armv7l/libcxx/test/std/utilities/memory/util.smartptr/util.smartptr.weak/util.smartptr.weak.assign/Output/shared_ptr_Y.pass.cpp.dir	40960	0	40	/opt/usr/home/owner/share/tmp/r77_lit_20260829/runs/run-27305e0eef318763-201545
/home/toolchain/development/libc++_replacement/tmp/R68/build-baseline-armv7l/libcxx/test/std/utilities/memory/util.smartptr/util.smartptr.weak/util.smartptr.weak.assign/Output/weak_ptr.pass.cpp.dir	40960	0	32	/opt/usr/home/owner/share/tmp/r77_lit_20260829/runs/run-f5dde79861e03bef-201544
/home/toolchain/development/libc++_replacement/tmp/R68/build-baseline-armv7l/libcxx/test/std/utilities/memory/util.smartptr/util.smartptr.weak/util.smartptr.weak.const/Output/default.pass.cpp.dir	30720	0	20	/opt/usr/home/owner/share/tmp/r77_lit_20260829/runs/run-8fc982ea4f54d077-201575
/home/toolchain/development/libc++_replacement/tmp/R68/build-baseline-armv7l/libcxx/test/std/utilities/memory/util.smartptr/util.smartptr.weak/util.smartptr.weak.assign/Output/weak_ptr_Y.pass.cpp.dir	51200	0	48	/opt/usr/home/owner/share/tmp/r77_lit_20260829/runs/run-5a0c8a5f45491432-201577
/home/toolchain/development/libc++_replacement/tmp/R68/build-baseline-armv7l/libcxx/test/std/utilities/memory/util.smartptr/util.smartptr.weak/util.smartptr.weak.const/Output/shared_ptr_Y.pass.cpp.dir	40960	0	40	/opt/usr/home/owner/share/tmp/r77_lit_20260829/runs/run-b68af4c206955fe8-201620
/home/toolchain/development/libc++_replacement/tmp/R68/build-baseline-armv7l/libcxx/test/std/utilities/memory/util.smartptr/util.smartptr.weak/util.smartptr.weak.const/Output/pr40459.pass.cpp.dir	40960	0	32	/opt/usr/home/owner/share/tmp/r77_lit_20260829/runs/run-248de87aa4413d01-201621
/home/toolchain/development/libc++_replacement/tmp/R68/build-baseline-armv7l/libcxx/test/std/utilities/memory/util.smartptr/util.smartptr.weak/util.smartptr.weak.const/Output/weak_ptr.pass.cpp.dir	40960	0	36	/opt/usr/home/owner/share/tmp/r77_lit_20260829/runs/run-cfc2c30ff8138015-201649
/home/toolchain/development/libc++_replacement/tmp/R68/build-baseline-armv7l/libcxx/test/std/utilities/memory/util.smartptr/util.smartptr.weak/util.smartptr.weak.const/Output/shared_ptr_deduction.pass.cpp.dir	30720	0	32	/opt/usr/home/owner/share/tmp/r77_lit_20260829/runs/run-e65baa8a3020d7cb-201648
/home/toolchain/development/libc++_replacement/tmp/R68/build-baseline-armv7l/libcxx/test/std/utilities/memory/util.smartptr/util.smartptr.weak/util.smartptr.weak.dest/Output/tested_elsewhere.pass.cpp.dir	20480	0	20	/opt/usr/home/owner/share/tmp/r77_lit_20260829/runs/run-c776aefa12c06644-201674
/home/toolchain/development/libc++_replacement/tmp/R68/build-baseline-armv7l/libcxx/test/std/utilities/memory/util.smartptr/util.smartptr.weak/util.smartptr.weak.const/Output/weak_ptr_Y.pass.cpp.dir	51200	0	44	/opt/usr/home/owner/share/tmp/r77_lit_20260829/runs/run-135fe65035cb5099-201678
/home/toolchain/development/libc++_replacement/tmp/R68/build-baseline-armv7l/libcxx/test/std/utilities/memory/util.smartptr/util.smartptr.weak/util.smartptr.weak.mod/Output/reset.pass.cpp.dir	30720	0	32	/opt/usr/home/owner/share/tmp/r77_lit_20260829/runs/run-1ef4836f2f3a643e-201705
/home/toolchain/development/libc++_replacement/tmp/R68/build-baseline-armv7l/libcxx/test/std/utilities/memory/util.smartptr/util.smartptr.weak/util.smartptr.weak.mod/Output/swap.pass.cpp.dir	30720	0	32	/opt/usr/home/owner/share/tmp/r77_lit_20260829/runs/run-21abce2b4bcf72fd-201704
/home/toolchain/development/libc++_replacement/tmp/R68/build-baseline-armv7l/libcxx/test/std/utilities/memory/util.smartptr/util.smartptr.weak/util.smartptr.weak.obs/Output/expired.pass.cpp.dir	30720	0	32	/opt/usr/home/owner/share/tmp/r77_lit_20260829/runs/run-d3c6f0999b9b806e-201732
/home/toolchain/development/libc++_replacement/tmp/R68/build-baseline-armv7l/libcxx/test/std/utilities/memory/util.smartptr/util.smartptr.weak/util.smartptr.weak.obs/Output/lock.pass.cpp.dir	30720	0	32	/opt/usr/home/owner/share/tmp/r77_lit_20260829/runs/run-aac2c3d374437315-201733
/home/toolchain/development/libc++_replacement/tmp/R68/build-baseline-armv7l/libcxx/test/std/utilities/memory/util.smartptr/util.smartptr.weak/util.smartptr.weak.obs/Output/owner_before_shared_ptr.pass.cpp.dir	30720	0	32	/opt/usr/home/owner/share/tmp/r77_lit_20260829/runs/run-b5297cd3e734f049-201759
/home/toolchain/development/libc++_replacement/tmp/R68/build-baseline-armv7l/libcxx/test/std/utilities/memory/util.smartptr/util.smartptr.weak/util.smartptr.weak.obs/Output/owner_before_weak_ptr.pass.cpp.dir	30720	0	32	/opt/usr/home/owner/share/tmp/r77_lit_20260829/runs/run-4779949bf28e4448-201768
/home/toolchain/development/libc++_replacement/tmp/R68/build-baseline-armv7l/libcxx/test/std/utilities/memory/util.smartptr/util.smartptr.weak/util.smartptr.weak.spec/Output/swap.pass.cpp.dir	30720	0	32	/opt/usr/home/owner/share/tmp/r77_lit_20260829/runs/run-592980f967e8376c-201786
/home/toolchain/development/libc++_replacement/tmp/R68/build-baseline-armv7l/libcxx/test/std/utilities/memory/util.smartptr/util.smartptr.weakptr/Output/bad_weak_ptr.pass.cpp.dir	30720	0	20	/opt/usr/home/owner/share/tmp/r77_lit_20260829/runs/run-de7e31b74b50c7f6-201796
/home/toolchain/development/libc++_replacement/tmp/R68/build-baseline-armv7l/libcxx/test/std/utilities/meta/meta.const.eval/Output/is_constant_evaluated.pass.cpp.dir	20480	0	20	/opt/usr/home/owner/share/tmp/r77_lit_20260829/runs/run-88bf3d49a96a52b9-201816
/home/toolchain/development/libc++_replacement/tmp/R68/build-baseline-armv7l/libcxx/test/std/utilities/meta/meta.help/Output/bool_constant.pass.cpp.dir	20480	0	20	/opt/usr/home/owner/share/tmp/r77_lit_20260829/runs/run-4682e53ee8b6cf29-201836
/home/toolchain/development/libc++_replacement/tmp/R68/build-baseline-armv7l/libcxx/test/std/utilities/meta/meta.help/Output/integral_constant.pass.cpp.dir	20480	0	20	/opt/usr/home/owner/share/tmp/r77_lit_20260829/runs/run-74647d5043942369-201837
/home/toolchain/development/libc++_replacement/tmp/R68/build-baseline-armv7l/libcxx/test/std/utilities/meta/meta.logical/Output/negation.pass.cpp.dir	20480	0	20	/opt/usr/home/owner/share/tmp/r77_lit_20260829/runs/run-23fa72f265e4cc24-201867
/home/toolchain/development/libc++_replacement/tmp/R68/build-baseline-armv7l/libcxx/test/std/utilities/meta/meta.rel/Output/is_base_of.pass.cpp.dir	30720	0	24	/opt/usr/home/owner/share/tmp/r77_lit_20260829/runs/run-bc73c1b0bf75e7fa-201866
/home/toolchain/development/libc++_replacement/tmp/R68/build-baseline-armv7l/libcxx/test/std/utilities/meta/meta.rel/Output/is_base_of_union.pass.cpp.dir	30720	0	24	/opt/usr/home/owner/share/tmp/r77_lit_20260829/runs/run-5dc370e9e68d3042-201894
/home/toolchain/development/libc++_replacement/tmp/R68/build-baseline-armv7l/libcxx/test/std/utilities/meta/meta.rel/Output/is_convertible.pass.cpp.dir	30720	0	28	/opt/usr/home/owner/share/tmp/r77_lit_20260829/runs/run-0446253bfb2ab7b8-201895
/home/toolchain/development/libc++_replacement/tmp/R68/build-baseline-armv7l/libcxx/test/std/utilities/meta/meta.rel/Output/is_invocable.pass.cpp.dir	20480	0	20	/opt/usr/home/owner/share/tmp/r77_lit_20260829/runs/run-6590cfc108752003-201924
/home/toolchain/development/libc++_replacement/tmp/R68/build-baseline-armv7l/libcxx/test/std/utilities/meta/meta.rel/Output/is_nothrow_convertible.pass.cpp.dir	20480	0	20	/opt/usr/home/owner/share/tmp/r77_lit_20260829/runs/run-60c4a8d867003ce9-201926
/home/toolchain/development/libc++_replacement/tmp/R68/build-baseline-armv7l/libcxx/test/std/utilities/meta/meta.rel/Output/is_same.pass.cpp.dir	30720	0	20	/opt/usr/home/owner/share/tmp/r77_lit_20260829/runs/run-13b0dccaa41a58bd-201952
/home/toolchain/development/libc++_replacement/tmp/R68/build-baseline-armv7l/libcxx/test/std/utilities/meta/meta.rel/Output/is_nothrow_invocable.pass.cpp.dir	20480	0	20	/opt/usr/home/owner/share/tmp/r77_lit_20260829/runs/run-138085420af3c4dc-201957
/home/toolchain/development/libc++_replacement/tmp/R68/build-baseline-armv7l/libcxx/test/std/utilities/meta/meta.rel/Output/is_virtual_base_of.pass.cpp.dir	40960	0	36	/opt/usr/home/owner/share/tmp/r77_lit_20260829/runs/run-cc7f1c634e0395d9-201978
/home/toolchain/development/libc++_replacement/tmp/R68/build-baseline-armv7l/libcxx/test/std/utilities/meta/meta.rqmts/Output/nothing_to_do.pass.cpp.dir	20480	0	20	/opt/usr/home/owner/share/tmp/r77_lit_20260829/runs/run-478d5a3cfb5b815d-201985
/home/toolchain/development/libc++_replacement/tmp/R68/build-baseline-armv7l/libcxx/test/std/utilities/meta/meta.trans/meta.trans.arr/Output/remove_all_extents.pass.cpp.dir	30720	0	20	/opt/usr/home/owner/share/tmp/r77_lit_20260829/runs/run-034233ab25f6a6ee-202011
/home/toolchain/development/libc++_replacement/tmp/R68/build-baseline-armv7l/libcxx/test/std/utilities/meta/meta.trans/meta.trans.arr/Output/remove_extent.pass.cpp.dir	30720	0	20	/opt/usr/home/owner/share/tmp/r77_lit_20260829/runs/run-52c1ecd87c136d78-202010
/home/toolchain/development/libc++_replacement/tmp/R68/build-baseline-armv7l/libcxx/test/std/utilities/meta/meta.trans/meta.trans.cv/Output/add_const.pass.cpp.dir	30720	0	24	/opt/usr/home/owner/share/tmp/r77_lit_20260829/runs/run-1b37e3a57d16f90f-202038
/home/toolchain/development/libc++_replacement/tmp/R68/build-baseline-armv7l/libcxx/test/std/utilities/meta/meta.trans/meta.trans.cv/Output/add_cv.pass.cpp.dir	30720	0	24	/opt/usr/home/owner/share/tmp/r77_lit_20260829/runs/run-f2df058eb1bb719a-202039
/home/toolchain/development/libc++_replacement/tmp/R68/build-baseline-armv7l/libcxx/test/std/utilities/meta/meta.trans/meta.trans.cv/Output/remove_const.pass.cpp.dir	30720	0	24	/opt/usr/home/owner/share/tmp/r77_lit_20260829/runs/run-01af00d1c6ded8eb-202068
/home/toolchain/development/libc++_replacement/tmp/R68/build-baseline-armv7l/libcxx/test/std/utilities/meta/meta.trans/meta.trans.cv/Output/add_volatile.pass.cpp.dir	30720	0	24	/opt/usr/home/owner/share/tmp/r77_lit_20260829/runs/run-26725816a333e98f-202069
/home/toolchain/development/libc++_replacement/tmp/R68/build-baseline-armv7l/libcxx/test/std/utilities/meta/meta.trans/meta.trans.cv/Output/remove_cv.pass.cpp.dir	30720	0	24	/opt/usr/home/owner/share/tmp/r77_lit_20260829/runs/run-1525d4356ff7fba9-202096
/home/toolchain/development/libc++_replacement/tmp/R68/build-baseline-armv7l/libcxx/test/std/utilities/meta/meta.trans/meta.trans.cv/Output/remove_volatile.pass.cpp.dir	30720	0	24	/opt/usr/home/owner/share/tmp/r77_lit_20260829/runs/run-e7ffc57c846b855e-202097
/home/toolchain/development/libc++_replacement/tmp/R68/build-baseline-armv7l/libcxx/test/std/utilities/meta/meta.trans/meta.trans.other/Output/aligned_storage.pass.cpp.dir	20480	0	20	/opt/usr/home/owner/share/tmp/r77_lit_20260829/runs/run-ae5596ec79f83385-202121
/home/toolchain/development/libc++_replacement/tmp/R68/build-baseline-armv7l/libcxx/test/std/utilities/meta/meta.trans/meta.trans.other/Output/aligned_union.pass.cpp.dir	20480	0	20	/opt/usr/home/owner/share/tmp/r77_lit_20260829/runs/run-890786e3eab0c172-202139
/home/toolchain/development/libc++_replacement/tmp/R68/build-baseline-armv7l/libcxx/test/std/utilities/meta/meta.trans/meta.trans.other/Output/conditional.pass.cpp.dir	20480	0	20	/opt/usr/home/owner/share/tmp/r77_lit_20260829/runs/run-c7252fe9cabc30dd-202155
/home/toolchain/development/libc++_replacement/tmp/R68/build-baseline-armv7l/libcxx/test/std/utilities/meta/meta.trans/meta.trans.other/Output/common_type.pass.cpp.dir	20480	0	20	/opt/usr/home/owner/share/tmp/r77_lit_20260829/runs/run-4b0fb88ecad2375c-202161
/home/toolchain/development/libc++_replacement/tmp/R68/build-baseline-armv7l/libcxx/test/std/utilities/meta/meta.trans/meta.trans.other/Output/decay.pass.cpp.dir	30720	0	20	/opt/usr/home/owner/share/tmp/r77_lit_20260829/runs/run-96164c86f919cf72-202184
/home/toolchain/development/libc++_replacement/tmp/R68/build-baseline-armv7l/libcxx/test/std/utilities/meta/meta.trans/meta.trans.other/Output/enable_if.pass.cpp.dir	20480	0	20	/opt/usr/home/owner/share/tmp/r77_lit_20260829/runs/run-f15cc29621fe6607-202225
/home/toolchain/development/libc++_replacement/tmp/R68/build-baseline-armv7l/libcxx/test/std/utilities/meta/meta.trans/meta.trans.other/Output/remove_cvref.pass.cpp.dir	30720	0	24	/opt/usr/home/owner/share/tmp/r77_lit_20260829/runs/run-ce265dfa6e7b7f60-202227
/home/toolchain/development/libc++_replacement/tmp/R68/build-baseline-armv7l/libcxx/test/std/utilities/meta/meta.trans/meta.trans.other/Output/result_of.pass.cpp.dir	71680	0	64	/opt/usr/home/owner/share/tmp/r77_lit_20260829/runs/run-60395f66e019ae3e-202260
/home/toolchain/development/libc++_replacement/tmp/R68/build-baseline-armv7l/libcxx/test/std/utilities/meta/meta.trans/meta.trans.other/Output/result_of11.pass.cpp.dir	40960	0	32	/opt/usr/home/owner/share/tmp/r77_lit_20260829/runs/run-6be8e8972f2feee6-202273
/home/toolchain/development/libc++_replacement/tmp/R68/build-baseline-armv7l/libcxx/test/std/utilities/meta/meta.trans/meta.trans.other/Output/type_identity.pass.cpp.dir	30720	0	20	/opt/usr/home/owner/share/tmp/r77_lit_20260829/runs/run-c3eaa942c06a53a8-202287
/home/toolchain/development/libc++_replacement/tmp/R68/build-baseline-armv7l/libcxx/test/std/utilities/meta/meta.trans/meta.trans.ptr/Output/add_pointer.pass.cpp.dir	30720	0	24	/opt/usr/home/owner/share/tmp/r77_lit_20260829/runs/run-8fd026fc1e420c23-202324
/home/toolchain/development/libc++_replacement/tmp/R68/build-baseline-armv7l/libcxx/test/std/utilities/meta/meta.trans/meta.trans.other/Output/underlying_type.pass.cpp.dir	20480	0	20	/opt/usr/home/owner/share/tmp/r77_lit_20260829/runs/run-9e8e1e1ee6346357-202325
/home/toolchain/development/libc++_replacement/tmp/R68/build-baseline-armv7l/libcxx/test/std/utilities/meta/meta.trans/meta.trans.ptr/Output/remove_pointer.pass.cpp.dir	30720	0	24	/opt/usr/home/owner/share/tmp/r77_lit_20260829/runs/run-ad020c9aec7b271c-202398
/home/toolchain/development/libc++_replacement/tmp/R68/build-baseline-armv7l/libcxx/test/std/utilities/meta/meta.trans/meta.trans.ref/Output/add_lvalue_ref.pass.cpp.dir	30720	0	24	/opt/usr/home/owner/share/tmp/r77_lit_20260829/runs/run-b3d5c2ce64e868ea-202399
/home/toolchain/development/libc++_replacement/tmp/R68/build-baseline-armv7l/libcxx/test/std/utilities/meta/meta.trans/meta.trans.ref/Output/add_rvalue_ref.pass.cpp.dir	30720	0	24	/opt/usr/home/owner/share/tmp/r77_lit_20260829/runs/run-b41f207094fc6c9a-202427
/home/toolchain/development/libc++_replacement/tmp/R68/build-baseline-armv7l/libcxx/test/std/utilities/meta/meta.trans/meta.trans.ref/Output/remove_ref.pass.cpp.dir	30720	0	24	/opt/usr/home/owner/share/tmp/r77_lit_20260829/runs/run-d6f13927c5d9c401-202426
/home/toolchain/development/libc++_replacement/tmp/R68/build-baseline-armv7l/libcxx/test/std/utilities/meta/meta.trans/meta.trans.sign/Output/make_signed.pass.cpp.dir	30720	0	20	/opt/usr/home/owner/share/tmp/r77_lit_20260829/runs/run-eedb94612ed26c1c-202455
/home/toolchain/development/libc++_replacement/tmp/R68/build-baseline-armv7l/libcxx/test/std/utilities/meta/meta.trans/meta.trans.sign/Output/make_unsigned.pass.cpp.dir	30720	0	24	/opt/usr/home/owner/share/tmp/r77_lit_20260829/runs/run-d40087e38e8f7e7b-202454
/home/toolchain/development/libc++_replacement/tmp/R68/build-baseline-armv7l/libcxx/test/std/utilities/meta/meta.type.synop/Output/nothing_to_do.pass.cpp.dir	20480	0	20	/opt/usr/home/owner/share/tmp/r77_lit_20260829/runs/run-c92d6a8bc805de1a-202479
/home/toolchain/development/libc++_replacement/tmp/R68/build-baseline-armv7l/libcxx/test/std/utilities/meta/meta.unary.prop.query/Output/alignment_of.pass.cpp.dir	30720	0	20	/opt/usr/home/owner/share/tmp/r77_lit_20260829/runs/run-25db7841acf1ada9-202498
/home/toolchain/development/libc++_replacement/tmp/R68/build-baseline-armv7l/libcxx/test/std/utilities/meta/meta.unary.prop.query/Output/extent.pass.cpp.dir	30720	0	24	/opt/usr/home/owner/share/tmp/r77_lit_20260829/runs/run-79ade35a4beb886f-202497
/home/toolchain/development/libc++_replacement/tmp/R68/build-baseline-armv7l/libcxx/test/std/utilities/meta/meta.unary.prop.query/Output/void_t.pass.cpp.dir	30720	0	20	/opt/usr/home/owner/share/tmp/r77_lit_20260829/runs/run-946aff70626114df-202527
/home/toolchain/development/libc++_replacement/tmp/R68/build-baseline-armv7l/libcxx/test/std/utilities/meta/meta.unary.prop.query/Output/rank.pass.cpp.dir	30720	0	20	/opt/usr/home/owner/share/tmp/r77_lit_20260829/runs/run-47ee8ac238f0fe24-202528
/home/toolchain/development/libc++_replacement/tmp/R68/build-baseline-armv7l/libcxx/test/std/utilities/meta/meta.unary/meta.unary.cat/Output/array.pass.cpp.dir	30720	0	24	/opt/usr/home/owner/share/tmp/r77_lit_20260829/runs/run-c8b0aefa2d2abd68-202556
/home/toolchain/development/libc++_replacement/tmp/R68/build-baseline-armv7l/libcxx/test/std/utilities/meta/meta.unary/Output/dependent_return_type.pass.cpp.dir	30720	0	24	/opt/usr/home/owner/share/tmp/r77_lit_20260829/runs/run-325fe90d29fb9ebe-202555
/home/toolchain/development/libc++_replacement/tmp/R68/build-baseline-armv7l/libcxx/test/std/utilities/meta/meta.unary/meta.unary.cat/Output/enum.pass.cpp.dir	20480	0	20	/opt/usr/home/owner/share/tmp/r77_lit_20260829/runs/run-7ec0612d8b86df62-202584
/home/toolchain/development/libc++_replacement/tmp/R68/build-baseline-armv7l/libcxx/test/std/utilities/meta/meta.unary/meta.unary.cat/Output/class.pass.cpp.dir	30720	0	20	/opt/usr/home/owner/share/tmp/r77_lit_20260829/runs/run-5d5f4d4686082cb2-202583
/home/toolchain/development/libc++_replacement/tmp/R68/build-baseline-armv7l/libcxx/test/std/utilities/meta/meta.unary/meta.unary.cat/Output/floating_point.pass.cpp.dir	30720	0	24	/opt/usr/home/owner/share/tmp/r77_lit_20260829/runs/run-f4ea2ddbe34f3064-202611
/home/toolchain/development/libc++_replacement/tmp/R68/build-baseline-armv7l/libcxx/test/std/utilities/meta/meta.unary/meta.unary.cat/Output/function.pass.cpp.dir	30720	0	24	/opt/usr/home/owner/share/tmp/r77_lit_20260829/runs/run-7d1196e83fd9db1f-202612
/home/toolchain/development/libc++_replacement/tmp/R68/build-baseline-armv7l/libcxx/test/std/utilities/meta/meta.unary/meta.unary.cat/Output/is_array.pass.cpp.dir	30720	0	24	/opt/usr/home/owner/share/tmp/r77_lit_20260829/runs/run-353374594f18be85-202641
/home/toolchain/development/libc++_replacement/tmp/R68/build-baseline-armv7l/libcxx/test/std/utilities/meta/meta.unary/meta.unary.cat/Output/integral.pass.cpp.dir	30720	0	24	/opt/usr/home/owner/share/tmp/r77_lit_20260829/runs/run-c3b876c1b91d9007-202642
/home/toolchain/development/libc++_replacement/tmp/R68/build-baseline-armv7l/libcxx/test/std/utilities/meta/meta.unary/meta.unary.cat/Output/is_enum.pass.cpp.dir	30720	0	24	/opt/usr/home/owner/share/tmp/r77_lit_20260829/runs/run-46c9f2cd082c39cd-202670
/home/toolchain/development/libc++_replacement/tmp/R68/build-baseline-armv7l/libcxx/test/std/utilities/meta/meta.unary/meta.unary.cat/Output/is_class.pass.cpp.dir	30720	0	24	/opt/usr/home/owner/share/tmp/r77_lit_20260829/runs/run-eed2c05e0cf71108-202671
/home/toolchain/development/libc++_replacement/tmp/R68/build-baseline-armv7l/libcxx/test/std/utilities/meta/meta.unary/meta.unary.cat/Output/is_floating_point.pass.cpp.dir	30720	0	24	/opt/usr/home/owner/share/tmp/r77_lit_20260829/runs/run-6fa7ef18ef0ffd4d-202717
/home/toolchain/development/libc++_replacement/tmp/R68/build-baseline-armv7l/libcxx/test/std/utilities/meta/meta.unary/meta.unary.cat/Output/is_function.pass.cpp.dir	20480	0	20	/opt/usr/home/owner/share/tmp/r77_lit_20260829/runs/run-a6eb393cda9a8ce8-202718
/home/toolchain/development/libc++_replacement/tmp/R68/build-baseline-armv7l/libcxx/test/std/utilities/meta/meta.unary/meta.unary.cat/Output/is_lvalue_reference.pass.cpp.dir	30720	0	24	/opt/usr/home/owner/share/tmp/r77_lit_20260829/runs/run-fb7b46ebbb360f81-202746
/home/toolchain/development/libc++_replacement/tmp/R68/build-baseline-armv7l/libcxx/test/std/utilities/meta/meta.unary/meta.unary.cat/Output/is_integral.pass.cpp.dir	30720	0	24	/opt/usr/home/owner/share/tmp/r77_lit_20260829/runs/run-78c8eb0ca312e303-202745
/home/toolchain/development/libc++_replacement/tmp/R68/build-baseline-armv7l/libcxx/test/std/utilities/meta/meta.unary/meta.unary.cat/Output/is_member_pointer.pass.cpp.dir	30720	0	24	/opt/usr/home/owner/share/tmp/r77_lit_20260829/runs/run-5890f8199f90c6ed-202773
/home/toolchain/development/libc++_replacement/tmp/R68/build-baseline-armv7l/libcxx/test/std/utilities/meta/meta.unary/meta.unary.cat/Output/is_member_object_pointer.pass.cpp.dir	30720	0	24	/opt/usr/home/owner/share/tmp/r77_lit_20260829/runs/run-16f377f7b2ca4d2d-202774
/home/toolchain/development/libc++_replacement/tmp/R68/build-baseline-armv7l/libcxx/test/std/utilities/meta/meta.unary/meta.unary.cat/Output/is_null_pointer.pass.cpp.dir	30720	0	24	/opt/usr/home/owner/share/tmp/r77_lit_20260829/runs/run-9fb33ccf6613a31d-202801
/home/toolchain/development/libc++_replacement/tmp/R68/build-baseline-armv7l/libcxx/test/std/utilities/meta/meta.unary/meta.unary.cat/Output/is_pointer.pass.cpp.dir	30720	0	24	/opt/usr/home/owner/share/tmp/r77_lit_20260829/runs/run-2df4d22578658747-202802
/home/toolchain/development/libc++_replacement/tmp/R68/build-baseline-armv7l/libcxx/test/std/utilities/meta/meta.unary/meta.unary.cat/Output/is_union.pass.cpp.dir	30720	0	24	/opt/usr/home/owner/share/tmp/r77_lit_20260829/runs/run-673f102434603d74-202829
/home/toolchain/development/libc++_replacement/tmp/R68/build-baseline-armv7l/libcxx/test/std/utilities/meta/meta.unary/meta.unary.cat/Output/is_rvalue_reference.pass.cpp.dir	30720	0	24	/opt/usr/home/owner/share/tmp/r77_lit_20260829/runs/run-ecf96e5f86a07cc2-202830
/home/toolchain/development/libc++_replacement/tmp/R68/build-baseline-armv7l/libcxx/test/std/utilities/meta/meta.unary/meta.unary.cat/Output/is_void.pass.cpp.dir	30720	0	24	/opt/usr/home/owner/share/tmp/r77_lit_20260829/runs/run-634e7c683ef50562-202858
/home/toolchain/development/libc++_replacement/tmp/R68/build-baseline-armv7l/libcxx/test/std/utilities/meta/meta.unary/meta.unary.cat/Output/lvalue_ref.pass.cpp.dir	20480	0	20	/opt/usr/home/owner/share/tmp/r77_lit_20260829/runs/run-a3225f3daebd20c8-202857
/home/toolchain/development/libc++_replacement/tmp/R68/build-baseline-armv7l/libcxx/test/std/utilities/meta/meta.unary/meta.unary.cat/Output/member_object_pointer.pass.cpp.dir	30720	0	20	/opt/usr/home/owner/share/tmp/r77_lit_20260829/runs/run-234b97c4c2939c36-202885
/home/toolchain/development/libc++_replacement/tmp/R68/build-baseline-armv7l/libcxx/test/std/utilities/meta/meta.unary/meta.unary.cat/Output/member_function_pointer.pass.cpp.dir	20480	0	20	/opt/usr/home/owner/share/tmp/r77_lit_20260829/runs/run-cb49242d1a3aed79-202887
/home/toolchain/development/libc++_replacement/tmp/R68/build-baseline-armv7l/libcxx/test/std/utilities/meta/meta.unary/meta.unary.cat/Output/nullptr.pass.cpp.dir	20480	0	20	/opt/usr/home/owner/share/tmp/r77_lit_20260829/runs/run-511ef1a76d70c9ec-202913
/home/toolchain/development/libc++_replacement/tmp/R68/build-baseline-armv7l/libcxx/test/std/utilities/meta/meta.unary/meta.unary.cat/Output/pointer.pass.cpp.dir	30720	0	24	/opt/usr/home/owner/share/tmp/r77_lit_20260829/runs/run-a26a726d79235de5-202914
/home/toolchain/development/libc++_replacement/tmp/R68/build-baseline-armv7l/libcxx/test/std/utilities/meta/meta.unary/meta.unary.cat/Output/rvalue_ref.pass.cpp.dir	20480	0	20	/opt/usr/home/owner/share/tmp/r77_lit_20260829/runs/run-a00e2b57f1114f15-202941
/home/toolchain/development/libc++_replacement/tmp/R68/build-baseline-armv7l/libcxx/test/std/utilities/meta/meta.unary/meta.unary.cat/Output/union.pass.cpp.dir	20480	0	20	/opt/usr/home/owner/share/tmp/r77_lit_20260829/runs/run-7fa12067fb96e742-202942
/home/toolchain/development/libc++_replacement/tmp/R68/build-baseline-armv7l/libcxx/test/std/utilities/meta/meta.unary/meta.unary.cat/Output/void.pass.cpp.dir	20480	0	20	/opt/usr/home/owner/share/tmp/r77_lit_20260829/runs/run-f93d70f3bcd04459-202967
/home/toolchain/development/libc++_replacement/tmp/R68/build-baseline-armv7l/libcxx/test/std/utilities/meta/meta.unary/meta.unary.comp/Output/array.pass.cpp.dir	30720	0	24	/opt/usr/home/owner/share/tmp/r77_lit_20260829/runs/run-6494f56abe657db2-202983
/home/toolchain/development/libc++_replacement/tmp/R68/build-baseline-armv7l/libcxx/test/std/utilities/meta/meta.unary/meta.unary.comp/Output/class.pass.cpp.dir	30720	0	20	/opt/usr/home/owner/share/tmp/r77_lit_20260829/runs/run-0d5a02db43d23b63-202985
/home/toolchain/development/libc++_replacement/tmp/R68/build-baseline-armv7l/libcxx/test/std/utilities/meta/meta.unary/meta.unary.comp/Output/enum.pass.cpp.dir	20480	0	20	/opt/usr/home/owner/share/tmp/r77_lit_20260829/runs/run-3df05b3a934c85fb-203009
/home/toolchain/development/libc++_replacement/tmp/R68/build-baseline-armv7l/libcxx/test/std/utilities/meta/meta.unary/meta.unary.comp/Output/floating_point.pass.cpp.dir	30720	0	24	/opt/usr/home/owner/share/tmp/r77_lit_20260829/runs/run-2f860d87481a6ab7-203019
/home/toolchain/development/libc++_replacement/tmp/R68/build-baseline-armv7l/libcxx/test/std/utilities/meta/meta.unary/meta.unary.comp/Output/function.pass.cpp.dir	30720	0	20	/opt/usr/home/owner/share/tmp/r77_lit_20260829/runs/run-26f55bf47695edd0-203032
/home/toolchain/development/libc++_replacement/tmp/R68/build-baseline-armv7l/libcxx/test/std/utilities/meta/meta.unary/meta.unary.comp/Output/integral.pass.cpp.dir	30720	0	24	/opt/usr/home/owner/share/tmp/r77_lit_20260829/runs/run-f436c15996d22f27-203046
/home/toolchain/development/libc++_replacement/tmp/R68/build-baseline-armv7l/libcxx/test/std/utilities/meta/meta.unary/meta.unary.comp/Output/is_arithmetic.pass.cpp.dir	30720	0	24	/opt/usr/home/owner/share/tmp/r77_lit_20260829/runs/run-101a96188a460713-203062
/home/toolchain/development/libc++_replacement/tmp/R68/build-baseline-armv7l/libcxx/test/std/utilities/meta/meta.unary/meta.unary.comp/Output/is_compound.pass.cpp.dir	30720	0	24	/opt/usr/home/owner/share/tmp/r77_lit_20260829/runs/run-6cf4b0b31b05d3a3-203083
/home/toolchain/development/libc++_replacement/tmp/R68/build-baseline-armv7l/libcxx/test/std/utilities/meta/meta.unary/meta.unary.comp/Output/is_bounded_array.pass.cpp.dir	30720	0	24	/opt/usr/home/owner/share/tmp/r77_lit_20260829/runs/run-a7d02b4d6fd9ebbc-203084
/home/toolchain/development/libc++_replacement/tmp/R68/build-baseline-armv7l/libcxx/test/std/utilities/meta/meta.unary/meta.unary.comp/Output/is_member_pointer.pass.cpp.dir	30720	0	24	/opt/usr/home/owner/share/tmp/r77_lit_20260829/runs/run-bc0e32eba9f08c66-203112
/home/toolchain/development/libc++_replacement/tmp/R68/build-baseline-armv7l/libcxx/test/std/utilities/meta/meta.unary/meta.unary.comp/Output/is_fundamental.pass.cpp.dir	30720	0	24	/opt/usr/home/owner/share/tmp/r77_lit_20260829/runs/run-e1a0fb1f353dc38c-203111
/home/toolchain/development/libc++_replacement/tmp/R68/build-baseline-armv7l/libcxx/test/std/utilities/meta/meta.unary/meta.unary.comp/Output/is_object.pass.cpp.dir	30720	0	24	/opt/usr/home/owner/share/tmp/r77_lit_20260829/runs/run-6fe58e9d3780392b-203140
/home/toolchain/development/libc++_replacement/tmp/R68/build-baseline-armv7l/libcxx/test/std/utilities/meta/meta.unary/meta.unary.comp/Output/is_reference.pass.cpp.dir	30720	0	24	/opt/usr/home/owner/share/tmp/r77_lit_20260829/runs/run-af17e6e2f23cfdff-203139
/home/toolchain/development/libc++_replacement/tmp/R68/build-baseline-armv7l/libcxx/test/std/utilities/meta/meta.unary/meta.unary.comp/Output/is_scalar.pass.cpp.dir	30720	0	24	/opt/usr/home/owner/share/tmp/r77_lit_20260829/runs/run-de48c7382b2ee7ba-203168
/home/toolchain/development/libc++_replacement/tmp/R68/build-baseline-armv7l/libcxx/test/std/utilities/meta/meta.unary/meta.unary.comp/Output/is_unbounded_array.pass.cpp.dir	30720	0	24	/opt/usr/home/owner/share/tmp/r77_lit_20260829/runs/run-0b72c9c1fbe26f1a-203167
/home/toolchain/development/libc++_replacement/tmp/R68/build-baseline-armv7l/libcxx/test/std/utilities/meta/meta.unary/meta.unary.comp/Output/member_function_pointer.pass.cpp.dir	30720	0	24	/opt/usr/home/owner/share/tmp/r77_lit_20260829/runs/run-06022c8b32580868-203196
/home/toolchain/development/libc++_replacement/tmp/R68/build-baseline-armv7l/libcxx/test/std/utilities/meta/meta.unary/meta.unary.comp/Output/lvalue_ref.pass.cpp.dir	20480	0	20	/opt/usr/home/owner/share/tmp/r77_lit_20260829/runs/run-6d95744e5ead3e75-203195
/home/toolchain/development/libc++_replacement/tmp/R68/build-baseline-armv7l/libcxx/test/std/utilities/meta/meta.unary/meta.unary.comp/Output/pointer.pass.cpp.dir	30720	0	24	/opt/usr/home/owner/share/tmp/r77_lit_20260829/runs/run-493bf0d96bbb1e42-203223
/home/toolchain/development/libc++_replacement/tmp/R68/build-baseline-armv7l/libcxx/test/std/utilities/meta/meta.unary/meta.unary.comp/Output/member_object_pointer.pass.cpp.dir	30720	0	20	/opt/usr/home/owner/share/tmp/r77_lit_20260829/runs/run-db551f1e385dee32-203224
/home/toolchain/development/libc++_replacement/tmp/R68/build-baseline-armv7l/libcxx/test/std/utilities/meta/meta.unary/meta.unary.comp/Output/rvalue_ref.pass.cpp.dir	20480	0	20	/opt/usr/home/owner/share/tmp/r77_lit_20260829/runs/run-c474fbfbf1b1a859-203251
/home/toolchain/development/libc++_replacement/tmp/R68/build-baseline-armv7l/libcxx/test/std/utilities/meta/meta.unary/meta.unary.comp/Output/union.pass.cpp.dir	20480	0	20	/opt/usr/home/owner/share/tmp/r77_lit_20260829/runs/run-1c79e5e1ddcf4b94-203255
/home/toolchain/development/libc++_replacement/tmp/R68/build-baseline-armv7l/libcxx/test/std/utilities/meta/meta.unary/meta.unary.comp/Output/void.pass.cpp.dir	20480	0	20	/opt/usr/home/owner/share/tmp/r77_lit_20260829/runs/run-77a487ce9ac1db5c-203280
/home/toolchain/development/libc++_replacement/tmp/R68/build-baseline-armv7l/libcxx/test/std/utilities/meta/meta.unary/meta.unary.prop/Output/is_abstract.pass.cpp.dir	30720	0	24	/opt/usr/home/owner/share/tmp/r77_lit_20260829/runs/run-304766c719674bb5-203317
/home/toolchain/development/libc++_replacement/tmp/R68/build-baseline-armv7l/libcxx/test/std/utilities/meta/meta.unary/meta.unary.prop/Output/has_virtual_destructor.pass.cpp.dir	30720	0	24	/opt/usr/home/owner/share/tmp/r77_lit_20260829/runs/run-6b8231321da79440-203316
/home/toolchain/development/libc++_replacement/tmp/R68/build-baseline-armv7l/libcxx/test/std/utilities/meta/meta.unary/meta.unary.prop/Output/is_aggregate.pass.cpp.dir	30720	0	20	/opt/usr/home/owner/share/tmp/r77_lit_20260829/runs/run-8f85eb990d304d15-203344
/home/toolchain/development/libc++_replacement/tmp/R68/build-baseline-armv7l/libcxx/test/std/utilities/meta/meta.unary/meta.unary.prop/Output/is_assignable.pass.cpp.dir	30720	0	20	/opt/usr/home/owner/share/tmp/r77_lit_20260829/runs/run-0ce7bd174bd1281b-203345
/home/toolchain/development/libc++_replacement/tmp/R68/build-baseline-armv7l/libcxx/test/std/utilities/meta/meta.unary/meta.unary.prop/Output/is_constructible.pass.cpp.dir	30720	0	28	/opt/usr/home/owner/share/tmp/r77_lit_20260829/runs/run-73bc0e9f26a231a7-203373
/home/toolchain/development/libc++_replacement/tmp/R68/build-baseline-armv7l/libcxx/test/std/utilities/meta/meta.unary/meta.unary.prop/Output/is_const.pass.cpp.dir	30720	0	20	/opt/usr/home/owner/share/tmp/r77_lit_20260829/runs/run-a10bf39316f7446d-203372
/home/toolchain/development/libc++_replacement/tmp/R68/build-baseline-armv7l/libcxx/test/std/utilities/meta/meta.unary/meta.unary.prop/Output/is_copy_constructible.pass.cpp.dir	30720	0	24	/opt/usr/home/owner/share/tmp/r77_lit_20260829/runs/run-fe24f69a1f70bbe1-203400
/home/toolchain/development/libc++_replacement/tmp/R68/build-baseline-armv7l/libcxx/test/std/utilities/meta/meta.unary/meta.unary.prop/Output/is_copy_assignable.pass.cpp.dir	30720	0	20	/opt/usr/home/owner/share/tmp/r77_lit_20260829/runs/run-88284e198cd93abd-203401
/home/toolchain/development/libc++_replacement/tmp/R68/build-baseline-armv7l/libcxx/test/std/utilities/meta/meta.unary/meta.unary.prop/Output/is_default_constructible.pass.cpp.dir	30720	0	24	/opt/usr/home/owner/share/tmp/r77_lit_20260829/runs/run-debeb530533b60af-203429
/home/toolchain/development/libc++_replacement/tmp/R68/build-baseline-armv7l/libcxx/test/std/utilities/meta/meta.unary/meta.unary.prop/Output/is_destructible.pass.cpp.dir	30720	0	24	/opt/usr/home/owner/share/tmp/r77_lit_20260829/runs/run-1cffe24a0710f1b0-203428
/home/toolchain/development/libc++_replacement/tmp/R68/build-baseline-armv7l/libcxx/test/std/utilities/meta/meta.unary/meta.unary.prop/Output/is_empty.pass.cpp.dir	30720	0	24	/opt/usr/home/owner/share/tmp/r77_lit_20260829/runs/run-9d8cff802c1b3680-203456
/home/toolchain/development/libc++_replacement/tmp/R68/build-baseline-armv7l/libcxx/test/std/utilities/meta/meta.unary/meta.unary.prop/Output/is_final.pass.cpp.dir	30720	0	20	/opt/usr/home/owner/share/tmp/r77_lit_20260829/runs/run-3a9d04f690053a3c-203457
/home/toolchain/development/libc++_replacement/tmp/R68/build-baseline-armv7l/libcxx/test/std/utilities/meta/meta.unary/meta.unary.prop/Output/is_literal_type.pass.cpp.dir	30720	0	24	/opt/usr/home/owner/share/tmp/r77_lit_20260829/runs/run-2c6b74013fadd380-203486
/home/toolchain/development/libc++_replacement/tmp/R68/build-baseline-armv7l/libcxx/test/std/utilities/meta/meta.unary/meta.unary.prop/Output/is_implicit_lifetime.pass.cpp.dir	61440	0	56	/opt/usr/home/owner/share/tmp/r77_lit_20260829/runs/run-36df1fe267ced2e4-203488
/home/toolchain/development/libc++_replacement/tmp/R68/build-baseline-armv7l/libcxx/test/std/utilities/meta/meta.unary/meta.unary.prop/Output/is_move_assignable.pass.cpp.dir	30720	0	20	/opt/usr/home/owner/share/tmp/r77_lit_20260829/runs/run-3c415d1188174004-203514
/home/toolchain/development/libc++_replacement/tmp/R68/build-baseline-armv7l/libcxx/test/std/utilities/meta/meta.unary/meta.unary.prop/Output/is_move_constructible.pass.cpp.dir	30720	0	24	/opt/usr/home/owner/share/tmp/r77_lit_20260829/runs/run-19f58811dcfcc03f-203515
/home/toolchain/development/libc++_replacement/tmp/R68/build-baseline-armv7l/libcxx/test/std/utilities/meta/meta.unary/meta.unary.prop/Output/is_nothrow_assignable.pass.cpp.dir	30720	0	20	/opt/usr/home/owner/share/tmp/r77_lit_20260829/runs/run-7193f867b68ed1bc-203553
/home/toolchain/development/libc++_replacement/tmp/R68/build-baseline-armv7l/libcxx/test/std/utilities/meta/meta.unary/meta.unary.prop/Output/is_nothrow_constructible.pass.cpp.dir	30720	0	20	/opt/usr/home/owner/share/tmp/r77_lit_20260829/runs/run-81aee10e136e36d9-203567
/home/toolchain/development/libc++_replacement/tmp/R68/build-baseline-armv7l/libcxx/test/std/utilities/meta/meta.unary/meta.unary.prop/Output/is_nothrow_copy_constructible.pass.cpp.dir	30720	0	20	/opt/usr/home/owner/share/tmp/r77_lit_20260829/runs/run-6d0165118b7bcd03-203587
/home/toolchain/development/libc++_replacement/tmp/R68/build-baseline-armv7l/libcxx/test/std/utilities/meta/meta.unary/meta.unary.prop/Output/is_nothrow_copy_assignable.pass.cpp.dir	30720	0	24	/opt/usr/home/owner/share/tmp/r77_lit_20260829/runs/run-2b30d31aa47c9090-203588
/home/toolchain/development/libc++_replacement/tmp/R68/build-baseline-armv7l/libcxx/test/std/utilities/meta/meta.unary/meta.unary.prop/Output/is_nothrow_destructible.pass.cpp.dir	30720	0	24	/opt/usr/home/owner/share/tmp/r77_lit_20260829/runs/run-2b88b60b661c628e-203615
/home/toolchain/development/libc++_replacement/tmp/R68/build-baseline-armv7l/libcxx/test/std/utilities/meta/meta.unary/meta.unary.prop/Output/is_nothrow_default_constructible.pass.cpp.dir	30720	0	24	/opt/usr/home/owner/share/tmp/r77_lit_20260829/runs/run-6194cc712e41dd05-203616
/home/toolchain/development/libc++_replacement/tmp/R68/build-baseline-armv7l/libcxx/test/std/utilities/meta/meta.unary/meta.unary.prop/Output/is_nothrow_move_assignable.pass.cpp.dir	30720	0	20	/opt/usr/home/owner/share/tmp/r77_lit_20260829/runs/run-9ebd4b3d0be132b1-203644
/home/toolchain/development/libc++_replacement/tmp/R68/build-baseline-armv7l/libcxx/test/std/utilities/meta/meta.unary/meta.unary.prop/Output/is_nothrow_move_constructible.pass.cpp.dir	30720	0	20	/opt/usr/home/owner/share/tmp/r77_lit_20260829/runs/run-d215a67620f2e82c-203643
/home/toolchain/development/libc++_replacement/tmp/R68/build-baseline-armv7l/libcxx/test/std/utilities/meta/meta.unary/meta.unary.prop/Output/is_nothrow_swappable.pass.cpp.dir	20480	0	20	/opt/usr/home/owner/share/tmp/r77_lit_20260829/runs/run-63e6468591b31e03-203676
/home/toolchain/development/libc++_replacement/tmp/R68/build-baseline-armv7l/libcxx/test/std/utilities/meta/meta.unary/meta.unary.prop/Output/is_nothrow_swappable_with.pass.cpp.dir	20480	0	20	/opt/usr/home/owner/share/tmp/r77_lit_20260829/runs/run-707bf65f6a9aef6d-203677
/home/toolchain/development/libc++_replacement/tmp/R68/build-baseline-armv7l/libcxx/test/std/utilities/meta/meta.unary/meta.unary.prop/Output/is_pod.pass.cpp.dir	30720	0	20	/opt/usr/home/owner/share/tmp/r77_lit_20260829/runs/run-6ee5c118335be475-203723
/home/toolchain/development/libc++_replacement/tmp/R68/build-baseline-armv7l/libcxx/test/std/utilities/meta/meta.unary/meta.unary.prop/Output/is_polymorphic.pass.cpp.dir	30720	0	24	/opt/usr/home/owner/share/tmp/r77_lit_20260829/runs/run-ccf60ed4bbea4365-203728
/home/toolchain/development/libc++_replacement/tmp/R68/build-baseline-armv7l/libcxx/test/std/utilities/meta/meta.unary/meta.unary.prop/Output/is_scoped_enum.pass.cpp.dir	30720	0	24	/opt/usr/home/owner/share/tmp/r77_lit_20260829/runs/run-5cc77101681c8753-203750
/home/toolchain/development/libc++_replacement/tmp/R68/build-baseline-armv7l/libcxx/test/std/utilities/meta/meta.unary/meta.unary.prop/Output/is_standard_layout.pass.cpp.dir	20480	0	20	/opt/usr/home/owner/share/tmp/r77_lit_20260829/runs/run-57d15f82fcb03591-203768
/home/toolchain/development/libc++_replacement/tmp/R68/build-baseline-armv7l/libcxx/test/std/utilities/meta/meta.unary/meta.unary.prop/Output/is_signed.pass.cpp.dir	30720	0	24	/opt/usr/home/owner/share/tmp/r77_lit_20260829/runs/run-2e1e311322e1be5a-203769
/home/toolchain/development/libc++_replacement/tmp/R68/build-baseline-armv7l/libcxx/test/std/utilities/meta/meta.unary/meta.unary.prop/Output/is_swappable.pass.cpp.dir	20480	0	20	/opt/usr/home/owner/share/tmp/r77_lit_20260829/runs/run-fb251a338ef8de2e-203813
/home/toolchain/development/libc++_replacement/tmp/R68/build-baseline-armv7l/libcxx/test/std/utilities/meta/meta.unary/meta.unary.prop/Output/is_swappable_with.pass.cpp.dir	20480	0	20	/opt/usr/home/owner/share/tmp/r77_lit_20260829/runs/run-102ea507fdd707af-203827
/home/toolchain/development/libc++_replacement/tmp/R68/build-baseline-armv7l/libcxx/test/std/utilities/meta/meta.unary/meta.unary.prop/Output/is_trivial.pass.cpp.dir	20480	0	20	/opt/usr/home/owner/share/tmp/r77_lit_20260829/runs/run-3ffbf99687447641-203842
/home/toolchain/development/libc++_replacement/tmp/R68/build-baseline-armv7l/libcxx/test/std/utilities/meta/meta.unary/meta.unary.prop/Output/is_trivially_assignable.pass.cpp.dir	30720	0	20	/opt/usr/home/owner/share/tmp/r77_lit_20260829/runs/run-aefce6a7e59ee1cf-203856
/home/toolchain/development/libc++_replacement/tmp/R68/build-baseline-armv7l/libcxx/test/std/utilities/meta/meta.unary/meta.unary.prop/Output/is_trivially_constructible.pass.cpp.dir	20480	0	20	/opt/usr/home/owner/share/tmp/r77_lit_20260829/runs/run-ad76a6fd2067b34a-203870
/home/toolchain/development/libc++_replacement/tmp/R68/build-baseline-armv7l/libcxx/test/std/utilities/meta/meta.unary/meta.unary.prop/Output/is_trivially_copy_assignable.pass.cpp.dir	30720	0	24	/opt/usr/home/owner/share/tmp/r77_lit_20260829/runs/run-9fbf6cd57da64bc4-203884
/home/toolchain/development/libc++_replacement/tmp/R68/build-baseline-armv7l/libcxx/test/std/utilities/meta/meta.unary/meta.unary.prop/Output/is_trivially_copy_constructible.pass.cpp.dir	30720	0	24	/opt/usr/home/owner/share/tmp/r77_lit_20260829/runs/run-1bbedbc79aa413d6-203898
/home/toolchain/development/libc++_replacement/tmp/R68/build-baseline-armv7l/libcxx/test/std/utilities/meta/meta.unary/meta.unary.prop/Output/is_trivially_copyable.pass.cpp.dir	30720	0	20	/opt/usr/home/owner/share/tmp/r77_lit_20260829/runs/run-9663b91763724073-203912
/home/toolchain/development/libc++_replacement/tmp/R68/build-baseline-armv7l/libcxx/test/std/utilities/meta/meta.unary/meta.unary.prop/Output/is_trivially_default_constructible.pass.cpp.dir	30720	0	24	/opt/usr/home/owner/share/tmp/r77_lit_20260829/runs/run-6acb1d3963677d4e-203926
/home/toolchain/development/libc++_replacement/tmp/R68/build-baseline-armv7l/libcxx/test/std/utilities/meta/meta.unary/meta.unary.prop/Output/is_trivially_destructible.pass.cpp.dir	30720	0	24	/opt/usr/home/owner/share/tmp/r77_lit_20260829/runs/run-2830a578d47609f7-203942
/home/toolchain/development/libc++_replacement/tmp/R68/build-baseline-armv7l/libcxx/test/std/utilities/meta/meta.unary/meta.unary.prop/Output/is_trivially_move_assignable.pass.cpp.dir	30720	0	24	/opt/usr/home/owner/share/tmp/r77_lit_20260829/runs/run-7a9c17340070426c-203956
/home/toolchain/development/libc++_replacement/tmp/R68/build-baseline-armv7l/libcxx/test/std/utilities/meta/meta.unary/meta.unary.prop/Output/is_trivially_move_constructible.pass.cpp.dir	30720	0	24	/opt/usr/home/owner/share/tmp/r77_lit_20260829/runs/run-a625901b0730c090-203988
/home/toolchain/development/libc++_replacement/tmp/R68/build-baseline-armv7l/libcxx/test/std/utilities/meta/meta.unary/meta.unary.prop/Output/is_unsigned.pass.cpp.dir	30720	0	24	/opt/usr/home/owner/share/tmp/r77_lit_20260829/runs/run-2b2eb309b774b03f-204002
/home/toolchain/development/libc++_replacement/tmp/R68/build-baseline-armv7l/libcxx/test/std/utilities/meta/meta.unary/meta.unary.prop/Output/is_volatile.pass.cpp.dir	30720	0	20	/opt/usr/home/owner/share/tmp/r77_lit_20260829/runs/run-935b3ec89331adaa-204087
/home/toolchain/development/libc++_replacement/tmp/R68/build-baseline-armv7l/libcxx/test/std/utilities/meta/meta.unary/meta.unary.prop/Output/reference_constructs_from_temporary.pass.cpp.dir	30720	0	24	/opt/usr/home/owner/share/tmp/r77_lit_20260829/runs/run-b38cf592f9c635bb-204114
/home/toolchain/development/libc++_replacement/tmp/R68/build-baseline-armv7l/libcxx/test/std/utilities/meta/meta.unary/meta.unary.prop/Output/reference_converts_from_temporary.pass.cpp.dir	30720	0	24	/opt/usr/home/owner/share/tmp/r77_lit_20260829/runs/run-fec360a76e6c429a-204128
/home/toolchain/development/libc++_replacement/tmp/R68/build-baseline-armv7l/libcxx/test/std/utilities/optional/optional.bad_optional_access/Output/default.pass.cpp.dir	20480	0	20	/opt/usr/home/owner/share/tmp/r77_lit_20260829/runs/run-daa27575481a61cc-204147
/home/toolchain/development/libc++_replacement/tmp/R68/build-baseline-armv7l/libcxx/test/std/utilities/optional/optional.bad_optional_access/Output/derive.pass.cpp.dir	20480	0	20	/opt/usr/home/owner/share/tmp/r77_lit_20260829/runs/run-536cf99081711ae1-204181
/home/toolchain/development/libc++_replacement/tmp/R68/build-baseline-armv7l/libcxx/test/std/utilities/optional/optional.comp_with_t/Output/compare.three_way.pass.cpp.dir	20480	0	20	/opt/usr/home/owner/share/tmp/r77_lit_20260829/runs/run-125d98afc9c828b9-204195
/home/toolchain/development/libc++_replacement/tmp/R68/build-baseline-armv7l/libcxx/test/std/utilities/optional/optional.comp_with_t/Output/equal.pass.cpp.dir	20480	0	20	/opt/usr/home/owner/share/tmp/r77_lit_20260829/runs/run-bcfbed815d7e8cf2-204209
/home/toolchain/development/libc++_replacement/tmp/R68/build-baseline-armv7l/libcxx/test/std/utilities/optional/optional.comp_with_t/Output/greater.pass.cpp.dir	20480	0	20	/opt/usr/home/owner/share/tmp/r77_lit_20260829/runs/run-b9eaf082662493b1-204240
/home/toolchain/development/libc++_replacement/tmp/R68/build-baseline-armv7l/libcxx/test/std/utilities/optional/optional.comp_with_t/Output/greater_equal.pass.cpp.dir	20480	0	20	/opt/usr/home/owner/share/tmp/r77_lit_20260829/runs/run-0748129275b02341-204254
/home/toolchain/development/libc++_replacement/tmp/R68/build-baseline-armv7l/libcxx/test/std/utilities/optional/optional.comp_with_t/Output/less_equal.pass.cpp.dir	20480	0	20	/opt/usr/home/owner/share/tmp/r77_lit_20260829/runs/run-2653648bcf60c640-204268
/home/toolchain/development/libc++_replacement/tmp/R68/build-baseline-armv7l/libcxx/test/std/utilities/optional/optional.comp_with_t/Output/less_than.pass.cpp.dir	20480	0	20	/opt/usr/home/owner/share/tmp/r77_lit_20260829/runs/run-439208cc822fc8a4-204296
/home/toolchain/development/libc++_replacement/tmp/R68/build-baseline-armv7l/libcxx/test/std/utilities/optional/optional.comp_with_t/Output/not_equal.pass.cpp.dir	20480	0	20	/opt/usr/home/owner/share/tmp/r77_lit_20260829/runs/run-2443263f3b4ca17b-204312
/home/toolchain/development/libc++_replacement/tmp/R68/build-baseline-armv7l/libcxx/test/std/utilities/optional/optional.hash/Output/enabled_hash.pass.cpp.dir	40960	0	36	/opt/usr/home/owner/share/tmp/r77_lit_20260829/runs/run-4e7d65815cdec270-204326
/home/toolchain/development/libc++_replacement/tmp/R68/build-baseline-armv7l/libcxx/test/std/utilities/optional/optional.hash/Output/hash.pass.cpp.dir	61440	0	56	/opt/usr/home/owner/share/tmp/r77_lit_20260829/runs/run-0e4de5b76259a780-204342
/home/toolchain/development/libc++_replacement/tmp/R68/build-baseline-armv7l/libcxx/test/std/utilities/optional/optional.iterator/Output/begin.pass.cpp.dir	20480	0	20	/opt/usr/home/owner/share/tmp/r77_lit_20260829/runs/run-968216495e08668d-204356
/home/toolchain/development/libc++_replacement/tmp/R68/build-baseline-armv7l/libcxx/test/std/utilities/meta/meta.unary/meta.unary.prop/Output/is_swappable_include_order.pass.cpp.dir	30720	0	24	/opt/usr/home/owner/share/tmp/r77_lit_20260829/runs/run-f8c04e89bf64ee44-204389
/home/toolchain/development/libc++_replacement/tmp/R68/build-baseline-armv7l/libcxx/test/std/utilities/optional/optional.iterator/Output/end.pass.cpp.dir	20480	0	20	/opt/usr/home/owner/share/tmp/r77_lit_20260829/runs/run-936ed187f91f7c81-204403
/home/toolchain/development/libc++_replacement/tmp/R68/build-baseline-armv7l/libcxx/test/std/utilities/optional/optional.monadic/Output/and_then.pass.cpp.dir	51200	0	52	/opt/usr/home/owner/share/tmp/r77_lit_20260829/runs/run-a32af67aa921b063-204422
/home/toolchain/development/libc++_replacement/tmp/R68/build-baseline-armv7l/libcxx/test/std/utilities/optional/optional.iterator/Output/iterator.pass.cpp.dir	20480	0	20	/opt/usr/home/owner/share/tmp/r77_lit_20260829/runs/run-4d618d424afea5e5-204424
/home/toolchain/development/libc++_replacement/tmp/R68/build-baseline-armv7l/libcxx/test/std/utilities/optional/optional.monadic/Output/transform.pass.cpp.dir	92160	0	88	/opt/usr/home/owner/share/tmp/r77_lit_20260829/runs/run-b00d47079b41d667-204451
/home/toolchain/development/libc++_replacement/tmp/R68/build-baseline-armv7l/libcxx/test/std/utilities/optional/optional.monadic/Output/or_else.pass.cpp.dir	40960	0	40	/opt/usr/home/owner/share/tmp/r77_lit_20260829/runs/run-ec6f454147469efc-204456
/home/toolchain/development/libc++_replacement/tmp/R68/build-baseline-armv7l/libcxx/test/std/utilities/optional/optional.nullops/Output/equal.pass.cpp.dir	20480	0	20	/opt/usr/home/owner/share/tmp/r77_lit_20260829/runs/run-ada71a95ffacf0bd-204483
/home/toolchain/development/libc++_replacement/tmp/R68/build-baseline-armv7l/libcxx/test/std/utilities/optional/optional.nullops/Output/compare.three_way.pass.cpp.dir	20480	0	20	/opt/usr/home/owner/share/tmp/r77_lit_20260829/runs/run-7f19fcdac7a2b6e7-204484
/home/toolchain/development/libc++_replacement/tmp/R68/build-baseline-armv7l/libcxx/test/std/utilities/optional/optional.nullops/Output/greater.pass.cpp.dir	20480	0	20	/opt/usr/home/owner/share/tmp/r77_lit_20260829/runs/run-017dbc543b626c00-204514
/home/toolchain/development/libc++_replacement/tmp/R68/build-baseline-armv7l/libcxx/test/std/utilities/optional/optional.nullops/Output/greater_equal.pass.cpp.dir	20480	0	20	/opt/usr/home/owner/share/tmp/r77_lit_20260829/runs/run-ed0e6c18a98f90d0-204513
/home/toolchain/development/libc++_replacement/tmp/R68/build-baseline-armv7l/libcxx/test/std/utilities/optional/optional.nullops/Output/less_equal.pass.cpp.dir	20480	0	20	/opt/usr/home/owner/share/tmp/r77_lit_20260829/runs/run-a98148a733b4a312-204541
/home/toolchain/development/libc++_replacement/tmp/R68/build-baseline-armv7l/libcxx/test/std/utilities/optional/optional.nullops/Output/less_than.pass.cpp.dir	20480	0	20	/opt/usr/home/owner/share/tmp/r77_lit_20260829/runs/run-a114f135857e53ae-204542
/home/toolchain/development/libc++_replacement/tmp/R68/build-baseline-armv7l/libcxx/test/std/utilities/optional/optional.nullops/Output/not_equal.pass.cpp.dir	20480	0	20	/opt/usr/home/owner/share/tmp/r77_lit_20260829/runs/run-8be2213bc499a73b-204566
/home/toolchain/development/libc++_replacement/tmp/R68/build-baseline-armv7l/libcxx/test/std/utilities/optional/optional.nullopt/Output/nullopt_t.pass.cpp.dir	20480	0	20	/opt/usr/home/owner/share/tmp/r77_lit_20260829/runs/run-63f39622d5f0697a-204580
/home/toolchain/development/libc++_replacement/tmp/R68/build-baseline-armv7l/libcxx/test/std/utilities/optional/optional.object/optional.object.assign/Output/const_optional_U.pass.cpp.dir	51200	0	52	/opt/usr/home/owner/share/tmp/r77_lit_20260829/runs/run-05249fa29585f330-204596
/home/toolchain/development/libc++_replacement/tmp/R68/build-baseline-armv7l/libcxx/test/std/utilities/optional/optional.object/optional.object.assign/Output/assign_value.pass.cpp.dir	112640	0	108	/opt/usr/home/owner/share/tmp/r77_lit_20260829/runs/run-3a3533224eea7340-204608
/home/toolchain/development/libc++_replacement/tmp/R68/build-baseline-armv7l/libcxx/test/std/utilities/optional/optional.object/optional.object.assign/Output/copy.pass.cpp.dir	40960	0	40	/opt/usr/home/owner/share/tmp/r77_lit_20260829/runs/run-6af7e7dcbe1d3420-204617
/home/toolchain/development/libc++_replacement/tmp/R68/build-baseline-armv7l/libcxx/test/std/utilities/optional/optional.object/optional.object.assign/Output/emplace.pass.cpp.dir	122880	0	120	/opt/usr/home/owner/share/tmp/r77_lit_20260829/runs/run-36ec0814c302ac9d-204639
/home/toolchain/development/libc++_replacement/tmp/R68/build-baseline-armv7l/libcxx/test/std/utilities/optional/optional.object/optional.object.assign/Output/emplace_initializer_list.pass.cpp.dir	61440	0	60	/opt/usr/home/owner/share/tmp/r77_lit_20260829/runs/run-54c8aa339439d829-204646
/home/toolchain/development/libc++_replacement/tmp/R68/build-baseline-armv7l/libcxx/test/std/utilities/optional/optional.object/optional.object.assign/Output/move.pass.cpp.dir	40960	0	40	/opt/usr/home/owner/share/tmp/r77_lit_20260829/runs/run-128cbcff281393a0-204672
/home/toolchain/development/libc++_replacement/tmp/R68/build-baseline-armv7l/libcxx/test/std/utilities/optional/optional.object/optional.object.assign/Output/nullopt_t.pass.cpp.dir	40960	0	40	/opt/usr/home/owner/share/tmp/r77_lit_20260829/runs/run-83839d39c7aa5469-204674
/home/toolchain/development/libc++_replacement/tmp/R68/build-baseline-armv7l/libcxx/test/std/utilities/optional/optional.object/optional.object.assign/Output/optional_U.pass.cpp.dir	81920	0	76	/opt/usr/home/owner/share/tmp/r77_lit_20260829/runs/run-ef40ba0e21dcf821-204697
/home/toolchain/development/libc++_replacement/tmp/R68/build-baseline-armv7l/libcxx/test/std/utilities/optional/optional.object/optional.object.ctor/Output/const_T.pass.cpp.dir	40960	0	40	/opt/usr/home/owner/share/tmp/r77_lit_20260829/runs/run-bf82ff630c56c5ef-204713
/home/toolchain/development/libc++_replacement/tmp/R68/build-baseline-armv7l/libcxx/test/std/utilities/optional/optional.object/optional.object.ctor/Output/U.pass.cpp.dir	51200	0	40	/opt/usr/home/owner/share/tmp/r77_lit_20260829/runs/run-e1517227c3028f8e-204748
/home/toolchain/development/libc++_replacement/tmp/R68/build-baseline-armv7l/libcxx/test/std/utilities/optional/optional.object/optional.object.ctor/Output/const_optional_U.pass.cpp.dir	40960	0	40	/opt/usr/home/owner/share/tmp/r77_lit_20260829/runs/run-230ab3d3fc5fe935-204749
/home/toolchain/development/libc++_replacement/tmp/R68/build-baseline-armv7l/libcxx/test/std/utilities/optional/optional.object/optional.object.ctor/Output/copy.pass.cpp.dir	71680	0	68	/opt/usr/home/owner/share/tmp/r77_lit_20260829/runs/run-c18eb32252a3c288-204773
/home/toolchain/development/libc++_replacement/tmp/R68/build-baseline-armv7l/libcxx/test/std/utilities/optional/optional.object/optional.object.ctor/Output/deduct.pass.cpp.dir	40960	0	32	/opt/usr/home/owner/share/tmp/r77_lit_20260829/runs/run-d5b7f8ec53f0faa1-204787
/home/toolchain/development/libc++_replacement/tmp/R68/build-baseline-armv7l/libcxx/test/std/utilities/optional/optional.object/optional.object.ctor/Output/default.pass.cpp.dir	30720	0	24	/opt/usr/home/owner/share/tmp/r77_lit_20260829/runs/run-a43327640372b512-204802
/home/toolchain/development/libc++_replacement/tmp/R68/build-baseline-armv7l/libcxx/test/std/utilities/optional/optional.object/optional.object.ctor/Output/empty_in_place_t_does_not_clobber.pass.cpp.dir	30720	0	24	/opt/usr/home/owner/share/tmp/r77_lit_20260829/runs/run-e6227f9043b14414-204809
/home/toolchain/development/libc++_replacement/tmp/R68/build-baseline-armv7l/libcxx/test/std/utilities/optional/optional.object/optional.object.ctor/Output/explicit_const_optional_U.pass.cpp.dir	40960	0	32	/opt/usr/home/owner/share/tmp/r77_lit_20260829/runs/run-d38ce00ec8fcf90a-204830
/home/toolchain/development/libc++_replacement/tmp/R68/build-baseline-armv7l/libcxx/test/std/utilities/optional/optional.object/optional.object.ctor/Output/explicit_optional_U.pass.cpp.dir	30720	0	32	/opt/usr/home/owner/share/tmp/r77_lit_20260829/runs/run-bdea546836761821-204841
/home/toolchain/development/libc++_replacement/tmp/R68/build-baseline-armv7l/libcxx/test/std/utilities/optional/optional.object/optional.object.ctor/Output/in_place_t.pass.cpp.dir	40960	0	32	/opt/usr/home/owner/share/tmp/r77_lit_20260829/runs/run-a8f3876344e295ca-204859
/home/toolchain/development/libc++_replacement/tmp/R68/build-baseline-armv7l/libcxx/test/std/utilities/optional/optional.object/optional.object.ctor/Output/initializer_list.pass.cpp.dir	61440	0	52	/opt/usr/home/owner/share/tmp/r77_lit_20260829/runs/run-6644b172d41c21a6-204875
/home/toolchain/development/libc++_replacement/tmp/R68/build-baseline-armv7l/libcxx/test/std/utilities/optional/optional.object/optional.object.ctor/Output/move.pass.cpp.dir	71680	0	72	/opt/usr/home/owner/share/tmp/r77_lit_20260829/runs/run-0b1125c64e4aaf2a-204880
/home/toolchain/development/libc++_replacement/tmp/R68/build-baseline-armv7l/libcxx/test/std/utilities/optional/optional.object/optional.object.ctor/Output/nullopt_t.pass.cpp.dir	30720	0	24	/opt/usr/home/owner/share/tmp/r77_lit_20260829/runs/run-8ebadc8d33a6e4a1-204903
/home/toolchain/development/libc++_replacement/tmp/R68/build-baseline-armv7l/libcxx/test/std/utilities/optional/optional.object/optional.object.ctor/Output/optional_U.pass.cpp.dir	40960	0	36	/opt/usr/home/owner/share/tmp/r77_lit_20260829/runs/run-25bdbf10bc9042cf-204910
/home/toolchain/development/libc++_replacement/tmp/R68/build-baseline-armv7l/libcxx/test/std/utilities/optional/optional.object/optional.object.ctor/Output/ref_t.pass.cpp.dir	20480	0	20	/opt/usr/home/owner/share/tmp/r77_lit_20260829/runs/run-b59c5d2f034bacce-204932
/home/toolchain/development/libc++_replacement/tmp/R68/build-baseline-armv7l/libcxx/test/std/utilities/optional/optional.object/optional.object.ctor/Output/rvalue_T.pass.cpp.dir	51200	0	44	/opt/usr/home/owner/share/tmp/r77_lit_20260829/runs/run-73a2dd62154a2d51-204946
/home/toolchain/development/libc++_replacement/tmp/R68/build-baseline-armv7l/libcxx/test/std/utilities/optional/optional.object/optional.object.mod/Output/reset.pass.cpp.dir	30720	0	32	/opt/usr/home/owner/share/tmp/r77_lit_20260829/runs/run-469d48f266f9ed08-204964
/home/toolchain/development/libc++_replacement/tmp/R68/build-baseline-armv7l/libcxx/test/std/utilities/optional/optional.object/optional.object.dtor/Output/dtor.pass.cpp.dir	30720	0	24	/opt/usr/home/owner/share/tmp/r77_lit_20260829/runs/run-9fec0efff52bb669-204966
/home/toolchain/development/libc++_replacement/tmp/R68/build-baseline-armv7l/libcxx/test/std/utilities/optional/optional.object/optional.object.observe/Output/bool.pass.cpp.dir	30720	0	20	/opt/usr/home/owner/share/tmp/r77_lit_20260829/runs/run-e3e7d1d9ac71c547-204992
/home/toolchain/development/libc++_replacement/tmp/R68/build-baseline-armv7l/libcxx/test/std/utilities/optional/optional.object/optional.object.observe/Output/dereference.pass.cpp.dir	30720	0	24	/opt/usr/home/owner/share/tmp/r77_lit_20260829/runs/run-f2b1cd68ebe538cf-204994
/home/toolchain/development/libc++_replacement/tmp/R68/build-baseline-armv7l/libcxx/test/std/utilities/optional/optional.object/optional.object.observe/Output/dereference_const.pass.cpp.dir	30720	0	20	/opt/usr/home/owner/share/tmp/r77_lit_20260829/runs/run-5db67bf52e99680b-205020
/home/toolchain/development/libc++_replacement/tmp/R68/build-baseline-armv7l/libcxx/test/std/utilities/optional/optional.object/optional.object.observe/Output/dereference_const_rvalue.pass.cpp.dir	30720	0	20	/opt/usr/home/owner/share/tmp/r77_lit_20260829/runs/run-06a26a93f135232e-205021
/home/toolchain/development/libc++_replacement/tmp/R68/build-baseline-armv7l/libcxx/test/std/utilities/optional/optional.object/optional.object.observe/Output/has_value.pass.cpp.dir	30720	0	20	/opt/usr/home/owner/share/tmp/r77_lit_20260829/runs/run-00e58aa6a398619e-205048
/home/toolchain/development/libc++_replacement/tmp/R68/build-baseline-armv7l/libcxx/test/std/utilities/optional/optional.object/optional.object.observe/Output/dereference_rvalue.pass.cpp.dir	30720	0	24	/opt/usr/home/owner/share/tmp/r77_lit_20260829/runs/run-51ab04d9f3d78f46-205050
/home/toolchain/development/libc++_replacement/tmp/R68/build-baseline-armv7l/libcxx/test/std/utilities/optional/optional.object/optional.object.observe/Output/op_arrow.pass.cpp.dir	30720	0	28	/opt/usr/home/owner/share/tmp/r77_lit_20260829/runs/run-7aa556d740a00aa6-205076
/home/toolchain/development/libc++_replacement/tmp/R68/build-baseline-armv7l/libcxx/test/std/utilities/optional/optional.object/optional.object.observe/Output/op_arrow_const.pass.cpp.dir	30720	0	24	/opt/usr/home/owner/share/tmp/r77_lit_20260829/runs/run-04567ee990816a38-205078
/home/toolchain/development/libc++_replacement/tmp/R68/build-baseline-armv7l/libcxx/test/std/utilities/optional/optional.object/optional.object.observe/Output/value.pass.cpp.dir	30720	0	28	/opt/usr/home/owner/share/tmp/r77_lit_20260829/runs/run-ba27b4a192178abd-205101
/home/toolchain/development/libc++_replacement/tmp/R68/build-baseline-armv7l/libcxx/test/std/utilities/optional/optional.object/optional.object.observe/Output/value_const.pass.cpp.dir	30720	0	24	/opt/usr/home/owner/share/tmp/r77_lit_20260829/runs/run-c23b891f8cff60ed-205122
/home/toolchain/development/libc++_replacement/tmp/R68/build-baseline-armv7l/libcxx/test/std/utilities/optional/optional.object/optional.object.observe/Output/value_const_rvalue.pass.cpp.dir	30720	0	24	/opt/usr/home/owner/share/tmp/r77_lit_20260829/runs/run-0ad52b2e1bdb3346-205121
/home/toolchain/development/libc++_replacement/tmp/R68/build-baseline-armv7l/libcxx/test/std/utilities/optional/optional.object/optional.object.observe/Output/value_or.pass.cpp.dir	20480	0	20	/opt/usr/home/owner/share/tmp/r77_lit_20260829/runs/run-fc36776189c78873-205151
/home/toolchain/development/libc++_replacement/tmp/R68/build-baseline-armv7l/libcxx/test/std/utilities/optional/optional.object/optional.object.observe/Output/value_or_const.pass.cpp.dir	30720	0	24	/opt/usr/home/owner/share/tmp/r77_lit_20260829/runs/run-5420fd4acdbcb783-205152
/home/toolchain/development/libc++_replacement/tmp/R68/build-baseline-armv7l/libcxx/test/std/utilities/optional/optional.object/optional.object.observe/Output/value_rvalue.pass.cpp.dir	30720	0	24	/opt/usr/home/owner/share/tmp/r77_lit_20260829/runs/run-7c74883b77c0953f-205177
/home/toolchain/development/libc++_replacement/tmp/R68/build-baseline-armv7l/libcxx/test/std/utilities/optional/optional.object/optional.object.swap/Output/swap.pass.cpp.dir	81920	0	72	/opt/usr/home/owner/share/tmp/r77_lit_20260829/runs/run-bab266d9fc9c8d66-205193
/home/toolchain/development/libc++_replacement/tmp/R68/build-baseline-armv7l/libcxx/test/std/utilities/optional/optional.object/Output/special_members.pass.cpp.dir	30720	0	24	/opt/usr/home/owner/share/tmp/r77_lit_20260829/runs/run-5f30de6b39928df9-205197
/home/toolchain/development/libc++_replacement/tmp/R68/build-baseline-armv7l/libcxx/test/std/utilities/optional/optional.object/Output/types.pass.cpp.dir	30720	0	20	/opt/usr/home/owner/share/tmp/r77_lit_20260829/runs/run-3a877e8e27c8f562-205221
/home/toolchain/development/libc++_replacement/tmp/R68/build-baseline-armv7l/libcxx/test/std/utilities/optional/optional.object/Output/triviality.pass.cpp.dir	30720	0	24	/opt/usr/home/owner/share/tmp/r77_lit_20260829/runs/run-a9fc82172ce1edfe-205225
/home/toolchain/development/libc++_replacement/tmp/R68/build-baseline-armv7l/libcxx/test/std/utilities/optional/optional.relops/Output/equal.pass.cpp.dir	20480	0	20	/opt/usr/home/owner/share/tmp/r77_lit_20260829/runs/run-2d651533b39f3bdd-205251
/home/toolchain/development/libc++_replacement/tmp/R68/build-baseline-armv7l/libcxx/test/std/utilities/optional/optional.relops/Output/compare.three_way.pass.cpp.dir	20480	0	20	/opt/usr/home/owner/share/tmp/r77_lit_20260829/runs/run-31024e45e2abd897-205252
/home/toolchain/development/libc++_replacement/tmp/R68/build-baseline-armv7l/libcxx/test/std/utilities/optional/optional.relops/Output/greater_than.pass.cpp.dir	20480	0	20	/opt/usr/home/owner/share/tmp/r77_lit_20260829/runs/run-0050bb29ad446834-205300
/home/toolchain/development/libc++_replacement/tmp/R68/build-baseline-armv7l/libcxx/test/std/utilities/optional/optional.relops/Output/greater_equal.pass.cpp.dir	20480	0	20	/opt/usr/home/owner/share/tmp/r77_lit_20260829/runs/run-d06face60708c460-205301
/home/toolchain/development/libc++_replacement/tmp/R68/build-baseline-armv7l/libcxx/test/std/utilities/optional/optional.relops/Output/less_than.pass.cpp.dir	20480	0	20	/opt/usr/home/owner/share/tmp/r77_lit_20260829/runs/run-827730f75c6abab2-205329
/home/toolchain/development/libc++_replacement/tmp/R68/build-baseline-armv7l/libcxx/test/std/utilities/optional/optional.relops/Output/less_equal.pass.cpp.dir	20480	0	20	/opt/usr/home/owner/share/tmp/r77_lit_20260829/runs/run-ebc0e20bc0870abc-205328
/home/toolchain/development/libc++_replacement/tmp/R68/build-baseline-armv7l/libcxx/test/std/utilities/optional/optional.relops/Output/not_equal.pass.cpp.dir	20480	0	20	/opt/usr/home/owner/share/tmp/r77_lit_20260829/runs/run-efc44b98b94f128a-205365
/home/toolchain/development/libc++_replacement/tmp/R68/build-baseline-armv7l/libcxx/test/std/utilities/optional/optional.specalg/Output/make_optional.pass.cpp.dir	40960	0	36	/opt/usr/home/owner/share/tmp/r77_lit_20260829/runs/run-17c7d37fd040de92-205373
/home/toolchain/development/libc++_replacement/tmp/R68/build-baseline-armv7l/libcxx/test/std/utilities/optional/optional.specalg/Output/make_optional_explicit.pass.cpp.dir	51200	0	44	/opt/usr/home/owner/share/tmp/r77_lit_20260829/runs/run-b3ee14d0b22b1cce-205413
/home/toolchain/development/libc++_replacement/tmp/R68/build-baseline-armv7l/libcxx/test/std/utilities/optional/optional.specalg/Output/make_optional_explicit_initializer_list.pass.cpp.dir	51200	0	48	/opt/usr/home/owner/share/tmp/r77_lit_20260829/runs/run-6452ed0dd7925059-205420
/home/toolchain/development/libc++_replacement/tmp/R68/build-baseline-armv7l/libcxx/test/std/utilities/optional/optional.specalg/Output/swap.pass.cpp.dir	92160	0	84	/opt/usr/home/owner/share/tmp/r77_lit_20260829/runs/run-ade33137e81157a3-205440
/home/toolchain/development/libc++_replacement/tmp/R68/build-baseline-armv7l/libcxx/test/std/utilities/optional/optional.syn/Output/optional_includes_initializer_list.pass.cpp.dir	20480	0	20	/opt/usr/home/owner/share/tmp/r77_lit_20260829/runs/run-66d231c13d09d91b-205454
/home/toolchain/development/libc++_replacement/tmp/R68/build-baseline-armv7l/libcxx/test/std/utilities/ratio/ratio.arithmetic/Output/ratio_add.pass.cpp.dir	20480	0	20	/opt/usr/home/owner/share/tmp/r77_lit_20260829/runs/run-193ab96dd1abab37-205472
/home/toolchain/development/libc++_replacement/tmp/R68/build-baseline-armv7l/libcxx/test/std/utilities/ratio/ratio.arithmetic/Output/ratio_divide.pass.cpp.dir	20480	0	20	/opt/usr/home/owner/share/tmp/r77_lit_20260829/runs/run-c2a52e0a7593262c-205491
/home/toolchain/development/libc++_replacement/tmp/R68/build-baseline-armv7l/libcxx/test/std/utilities/ratio/ratio.arithmetic/Output/ratio_multiply.pass.cpp.dir	20480	0	20	/opt/usr/home/owner/share/tmp/r77_lit_20260829/runs/run-b0692fc652af5157-205493
/home/toolchain/development/libc++_replacement/tmp/R68/build-baseline-armv7l/libcxx/test/std/utilities/ratio/ratio.arithmetic/Output/ratio_subtract.pass.cpp.dir	20480	0	20	/opt/usr/home/owner/share/tmp/r77_lit_20260829/runs/run-5c04b5452698db87-205516
/home/toolchain/development/libc++_replacement/tmp/R68/build-baseline-armv7l/libcxx/test/std/utilities/ratio/ratio.comparison/Output/ratio_equal.pass.cpp.dir	30720	0	20	/opt/usr/home/owner/share/tmp/r77_lit_20260829/runs/run-b37e76111995b4f4-205536
/home/toolchain/development/libc++_replacement/tmp/R68/build-baseline-armv7l/libcxx/test/std/utilities/ratio/ratio.comparison/Output/ratio_greater.pass.cpp.dir	30720	0	20	/opt/usr/home/owner/share/tmp/r77_lit_20260829/runs/run-27d422478dfb05ed-205537
/home/toolchain/development/libc++_replacement/tmp/R68/build-baseline-armv7l/libcxx/test/std/utilities/ratio/ratio.comparison/Output/ratio_greater_equal.pass.cpp.dir	30720	0	20	/opt/usr/home/owner/share/tmp/r77_lit_20260829/runs/run-161669dd893afea6-205567
/home/toolchain/development/libc++_replacement/tmp/R68/build-baseline-armv7l/libcxx/test/std/utilities/ratio/ratio.comparison/Output/ratio_less.pass.cpp.dir	30720	0	24	/opt/usr/home/owner/share/tmp/r77_lit_20260829/runs/run-0163e447e73eb9ac-205566
/home/toolchain/development/libc++_replacement/tmp/R68/build-baseline-armv7l/libcxx/test/std/utilities/ratio/ratio.comparison/Output/ratio_less_equal.pass.cpp.dir	30720	0	20	/opt/usr/home/owner/share/tmp/r77_lit_20260829/runs/run-a9ed385416a7395c-205594
/home/toolchain/development/libc++_replacement/tmp/R68/build-baseline-armv7l/libcxx/test/std/utilities/ratio/ratio.comparison/Output/ratio_not_equal.pass.cpp.dir	30720	0	20	/opt/usr/home/owner/share/tmp/r77_lit_20260829/runs/run-417c14e7ed548cee-205595
/home/toolchain/development/libc++_replacement/tmp/R68/build-baseline-armv7l/libcxx/test/std/utilities/ratio/ratio.ratio/Output/ratio.pass.cpp.dir	30720	0	24	/opt/usr/home/owner/share/tmp/r77_lit_20260829/runs/run-2486c452508d39a1-205620
/home/toolchain/development/libc++_replacement/tmp/R68/build-baseline-armv7l/libcxx/test/std/utilities/ratio/ratio.si/Output/nothing_to_do.pass.cpp.dir	20480	0	20	/opt/usr/home/owner/share/tmp/r77_lit_20260829/runs/run-11c6784f6125df61-205634
/home/toolchain/development/libc++_replacement/tmp/R68/build-baseline-armv7l/libcxx/test/std/utilities/ratio/Output/typedefs.pass.cpp.dir	20480	0	20	/opt/usr/home/owner/share/tmp/r77_lit_20260829/runs/run-5adacf90cf12399a-205651
/home/toolchain/development/libc++_replacement/tmp/R68/build-baseline-armv7l/libcxx/test/std/utilities/smartptr/adapt/inout_ptr/Output/inout_ptr.general.pass.cpp.dir	51200	0	48	/opt/usr/home/owner/share/tmp/r77_lit_20260829/runs/run-ee3d9b60bab632bb-205666
/home/toolchain/development/libc++_replacement/tmp/R68/build-baseline-armv7l/libcxx/test/std/utilities/smartptr/adapt/inout_ptr/Output/inout_ptr_t.convert.pass.cpp.dir	40960	0	32	/opt/usr/home/owner/share/tmp/r77_lit_20260829/runs/run-13478c0b298fdc73-205671
/home/toolchain/development/libc++_replacement/tmp/R68/build-baseline-armv7l/libcxx/test/std/utilities/smartptr/adapt/inout_ptr/Output/inout_ptr_t.ctor.pass.cpp.dir	40960	0	32	/opt/usr/home/owner/share/tmp/r77_lit_20260829/runs/run-75a6942769458706-205695
/home/toolchain/development/libc++_replacement/tmp/R68/build-baseline-armv7l/libcxx/test/std/utilities/smartptr/adapt/out_ptr/Output/out_ptr.general.pass.cpp.dir	81920	0	80	/opt/usr/home/owner/share/tmp/r77_lit_20260829/runs/run-d098d543005a6dd3-205700
/home/toolchain/development/libc++_replacement/tmp/R68/build-baseline-armv7l/libcxx/test/std/utilities/smartptr/adapt/out_ptr/Output/out_ptr_t.convert.pass.cpp.dir	30720	0	32	/opt/usr/home/owner/share/tmp/r77_lit_20260829/runs/run-358421e4a2157995-205724
/home/toolchain/development/libc++_replacement/tmp/R68/build-baseline-armv7l/libcxx/test/std/utilities/smartptr/adapt/out_ptr/Output/out_ptr_t.ctor.pass.cpp.dir	40960	0	32	/opt/usr/home/owner/share/tmp/r77_lit_20260829/runs/run-195d4318bf837186-205732
/home/toolchain/development/libc++_replacement/tmp/R68/build-baseline-armv7l/libcxx/test/std/utilities/smartptr/unique.ptr/unique.ptr.class/Output/incomplete.sh.cpp.dir	51200	0	48	/opt/usr/home/owner/share/tmp/r77_lit_20260829/runs/run-2661d46f24d859ae-205756
/home/toolchain/development/libc++_replacement/tmp/R68/build-baseline-armv7l/libcxx/test/std/utilities/smartptr/unique.ptr/unique.ptr.class/Output/pointer_type.pass.cpp.dir	20480	0	20	/opt/usr/home/owner/share/tmp/r77_lit_20260829/runs/run-3de2a7631194b89d-205772
/home/toolchain/development/libc++_replacement/tmp/R68/build-baseline-armv7l/libcxx/test/std/utilities/smartptr/unique.ptr/unique.ptr.class/unique.ptr.asgn/Output/move.pass.cpp.dir	51200	0	44	/opt/usr/home/owner/share/tmp/r77_lit_20260829/runs/run-25ecd0f54df320d2-205803
/home/toolchain/development/libc++_replacement/tmp/R68/build-baseline-armv7l/libcxx/test/std/utilities/smartptr/unique.ptr/unique.ptr.class/unique.ptr.asgn/Output/move_convert.pass.cpp.dir	92160	0	84	/opt/usr/home/owner/share/tmp/r77_lit_20260829/runs/run-0da4b0ba29bf8af0-205819
/home/toolchain/development/libc++_replacement/tmp/R68/build-baseline-armv7l/libcxx/test/std/utilities/smartptr/unique.ptr/unique.ptr.class/unique.ptr.asgn/Output/move_convert.runtime.pass.cpp.dir	20480	0	20	/opt/usr/home/owner/share/tmp/r77_lit_20260829/runs/run-07909086112156db-205820
/home/toolchain/development/libc++_replacement/tmp/R68/build-baseline-armv7l/libcxx/test/std/utilities/smartptr/unique.ptr/unique.ptr.class/unique.ptr.asgn/Output/move_convert.single.pass.cpp.dir	40960	0	36	/opt/usr/home/owner/share/tmp/r77_lit_20260829/runs/run-9425442fb92935e6-205850
/home/toolchain/development/libc++_replacement/tmp/R68/build-baseline-armv7l/libcxx/test/std/utilities/smartptr/unique.ptr/unique.ptr.class/unique.ptr.asgn/Output/null.pass.cpp.dir	30720	0	28	/opt/usr/home/owner/share/tmp/r77_lit_20260829/runs/run-26dc16b99a4375b3-205848
/home/toolchain/development/libc++_replacement/tmp/R68/build-baseline-armv7l/libcxx/test/std/utilities/smartptr/unique.ptr/unique.ptr.class/unique.ptr.asgn/Output/nullptr.pass.cpp.dir	30720	0	28	/opt/usr/home/owner/share/tmp/r77_lit_20260829/runs/run-25bbe5a458d78739-205874
/home/toolchain/development/libc++_replacement/tmp/R68/build-baseline-armv7l/libcxx/test/std/utilities/smartptr/unique.ptr/unique.ptr.class/unique.ptr.ctor/Output/default.pass.cpp.dir	40960	0	40	/opt/usr/home/owner/share/tmp/r77_lit_20260829/runs/run-9ea3bf622b28c2b4-205890
/home/toolchain/development/libc++_replacement/tmp/R68/build-baseline-armv7l/libcxx/test/std/utilities/smartptr/unique.ptr/unique.ptr.class/unique.ptr.ctor/Output/deduct.pass.cpp.dir	20480	0	20	/opt/usr/home/owner/share/tmp/r77_lit_20260829/runs/run-90e9ff86ee7a20e6-205902
/home/toolchain/development/libc++_replacement/tmp/R68/build-baseline-armv7l/libcxx/test/std/utilities/smartptr/unique.ptr/unique.ptr.class/unique.ptr.ctor/Output/move.pass.cpp.dir	51200	0	44	/opt/usr/home/owner/share/tmp/r77_lit_20260829/runs/run-6b80b37898f347ca-205920
/home/toolchain/development/libc++_replacement/tmp/R68/build-baseline-armv7l/libcxx/test/std/utilities/smartptr/unique.ptr/unique.ptr.class/unique.ptr.ctor/Output/move_convert.pass.cpp.dir	40960	0	36	/opt/usr/home/owner/share/tmp/r77_lit_20260829/runs/run-3bdb7ffb69c0b208-205921
/home/toolchain/development/libc++_replacement/tmp/R68/build-baseline-armv7l/libcxx/test/std/utilities/smartptr/unique.ptr/unique.ptr.class/unique.ptr.ctor/Output/move_convert.runtime.pass.cpp.dir	30720	0	20	/opt/usr/home/owner/share/tmp/r77_lit_20260829/runs/run-b1e513bcaa24d715-205948
/home/toolchain/development/libc++_replacement/tmp/R68/build-baseline-armv7l/libcxx/test/std/utilities/smartptr/unique.ptr/unique.ptr.class/unique.ptr.ctor/Output/move_convert.single.pass.cpp.dir	51200	0	44	/opt/usr/home/owner/share/tmp/r77_lit_20260829/runs/run-4fdf24938c52e759-205950
/home/toolchain/development/libc++_replacement/tmp/R68/build-baseline-armv7l/libcxx/test/std/utilities/smartptr/unique.ptr/unique.ptr.class/unique.ptr.ctor/Output/nullptr.pass.cpp.dir	40960	0	40	/opt/usr/home/owner/share/tmp/r77_lit_20260829/runs/run-f5bd36e209191613-205977
/home/toolchain/development/libc++_replacement/tmp/R68/build-baseline-armv7l/libcxx/test/std/utilities/smartptr/unique.ptr/unique.ptr.class/unique.ptr.ctor/Output/pointer.pass.cpp.dir	51200	0	44	/opt/usr/home/owner/share/tmp/r77_lit_20260829/runs/run-2d4446e6f3beb92a-205979
/home/toolchain/development/libc++_replacement/tmp/R68/build-baseline-armv7l/libcxx/test/std/utilities/smartptr/unique.ptr/unique.ptr.class/unique.ptr.ctor/Output/pointer_deleter.pass.cpp.dir	61440	0	52	/opt/usr/home/owner/share/tmp/r77_lit_20260829/runs/run-0a5769534ca40ece-206002
/home/toolchain/development/libc++_replacement/tmp/R68/build-baseline-armv7l/libcxx/test/std/utilities/smartptr/unique.ptr/unique.ptr.class/unique.ptr.dtor/Output/null.pass.cpp.dir	30720	0	24	/opt/usr/home/owner/share/tmp/r77_lit_20260829/runs/run-49db9a50229d1f56-206022
/home/toolchain/development/libc++_replacement/tmp/R68/build-baseline-armv7l/libcxx/test/std/utilities/smartptr/unique.ptr/unique.ptr.class/unique.ptr.modifiers/Output/release.pass.cpp.dir	30720	0	28	/opt/usr/home/owner/share/tmp/r77_lit_20260829/runs/run-f42644a173f44d82-206024
/home/toolchain/development/libc++_replacement/tmp/R68/build-baseline-armv7l/libcxx/test/std/utilities/smartptr/unique.ptr/unique.ptr.class/unique.ptr.modifiers/Output/reset.pass.cpp.dir	40960	0	36	/opt/usr/home/owner/share/tmp/r77_lit_20260829/runs/run-a7718a2d46a84270-206047
/home/toolchain/development/libc++_replacement/tmp/R68/build-baseline-armv7l/libcxx/test/std/utilities/smartptr/unique.ptr/unique.ptr.class/unique.ptr.modifiers/Output/reset_self.pass.cpp.dir	30720	0	20	/opt/usr/home/owner/share/tmp/r77_lit_20260829/runs/run-6f9f9d01c35977eb-206067
/home/toolchain/development/libc++_replacement/tmp/R68/build-baseline-armv7l/libcxx/test/std/utilities/smartptr/unique.ptr/unique.ptr.class/unique.ptr.modifiers/Output/reset.single.pass.cpp.dir	30720	0	28	/opt/usr/home/owner/share/tmp/r77_lit_20260829/runs/run-e67f78484b2944bb-206069
/home/toolchain/development/libc++_replacement/tmp/R68/build-baseline-armv7l/libcxx/test/std/utilities/smartptr/unique.ptr/unique.ptr.class/unique.ptr.modifiers/Output/swap.pass.cpp.dir	40960	0	36	/opt/usr/home/owner/share/tmp/r77_lit_20260829/runs/run-b9d0645a14803dca-206095
/home/toolchain/development/libc++_replacement/tmp/R68/build-baseline-armv7l/libcxx/test/std/utilities/smartptr/unique.ptr/unique.ptr.class/unique.ptr.observers/Output/dereference.single.pass.cpp.dir	51200	0	44	/opt/usr/home/owner/share/tmp/r77_lit_20260829/runs/run-d10520ea5586b390-206108
/home/toolchain/development/libc++_replacement/tmp/R68/build-baseline-armv7l/libcxx/test/std/utilities/smartptr/unique.ptr/unique.ptr.class/unique.ptr.observers/Output/explicit_bool.pass.cpp.dir	30720	0	28	/opt/usr/home/owner/share/tmp/r77_lit_20260829/runs/run-387ccfe81a9980fa-206124
/home/toolchain/development/libc++_replacement/tmp/R68/build-baseline-armv7l/libcxx/test/std/utilities/smartptr/unique.ptr/unique.ptr.class/unique.ptr.observers/Output/get.pass.cpp.dir	61440	0	60	/opt/usr/home/owner/share/tmp/r77_lit_20260829/runs/run-b3bf79054b8d0792-206128
/home/toolchain/development/libc++_replacement/tmp/R68/build-baseline-armv7l/libcxx/test/std/utilities/smartptr/unique.ptr/unique.ptr.class/unique.ptr.observers/Output/get_deleter.pass.cpp.dir	30720	0	28	/opt/usr/home/owner/share/tmp/r77_lit_20260829/runs/run-5d5b024a75bb368f-206154
/home/toolchain/development/libc++_replacement/tmp/R68/build-baseline-armv7l/libcxx/test/std/utilities/smartptr/unique.ptr/unique.ptr.class/unique.ptr.observers/Output/op_arrow.single.pass.cpp.dir	30720	0	20	/opt/usr/home/owner/share/tmp/r77_lit_20260829/runs/run-c44090128011fbf4-206155
/home/toolchain/development/libc++_replacement/tmp/R68/build-baseline-armv7l/libcxx/test/std/utilities/smartptr/unique.ptr/unique.ptr.class/unique.ptr.observers/Output/op_subscript.runtime.pass.cpp.dir	102400	0	100	/opt/usr/home/owner/share/tmp/r77_lit_20260829/runs/run-aeb575656cf92474-206204
/home/toolchain/development/libc++_replacement/tmp/R68/build-baseline-armv7l/libcxx/test/std/utilities/smartptr/unique.ptr/unique.ptr.create/Output/make_unique.array.pass.cpp.dir	30720	0	32	/opt/usr/home/owner/share/tmp/r77_lit_20260829/runs/run-fc21a2f25f7b8f64-206203
/home/toolchain/development/libc++_replacement/tmp/R68/build-baseline-armv7l/libcxx/test/std/utilities/smartptr/unique.ptr/unique.ptr.create/Output/make_unique.sizezero.pass.cpp.dir	30720	0	24	/opt/usr/home/owner/share/tmp/r77_lit_20260829/runs/run-263839a60febbcd3-206235
/home/toolchain/development/libc++_replacement/tmp/R68/build-baseline-armv7l/libcxx/test/std/utilities/smartptr/unique.ptr/unique.ptr.create/Output/make_unique.single.pass.cpp.dir	40960	0	32	/opt/usr/home/owner/share/tmp/r77_lit_20260829/runs/run-312e78dfd96d2722-206237
/home/toolchain/development/libc++_replacement/tmp/R68/build-baseline-armv7l/libcxx/test/std/utilities/smartptr/unique.ptr/unique.ptr.create/Output/make_unique_for_overwrite.default_init.pass.cpp.dir	30720	0	24	/opt/usr/home/owner/share/tmp/r77_lit_20260829/runs/run-6e54def80e75028f-206259
/home/toolchain/development/libc++_replacement/tmp/R68/build-baseline-armv7l/libcxx/test/std/utilities/smartptr/unique.ptr/unique.ptr.create/Output/make_unique_for_overwrite.pass.cpp.dir	30720	0	32	/opt/usr/home/owner/share/tmp/r77_lit_20260829/runs/run-2926c75f08d10b62-206266
/home/toolchain/development/libc++_replacement/tmp/R68/build-baseline-armv7l/libcxx/test/std/utilities/smartptr/unique.ptr/unique.ptr.dltr/unique.ptr.dltr.dflt/Output/convert_ctor.pass.cpp.dir	30720	0	24	/opt/usr/home/owner/share/tmp/r77_lit_20260829/runs/run-2af64bf5fbf1e77d-206289
/home/toolchain/development/libc++_replacement/tmp/R68/build-baseline-armv7l/libcxx/test/std/utilities/smartptr/unique.ptr/unique.ptr.dltr/unique.ptr.dltr.dflt/Output/default.pass.cpp.dir	30720	0	24	/opt/usr/home/owner/share/tmp/r77_lit_20260829/runs/run-95168b8efba0dc1f-206293
/home/toolchain/development/libc++_replacement/tmp/R68/build-baseline-armv7l/libcxx/test/std/utilities/smartptr/unique.ptr/unique.ptr.dltr/unique.ptr.dltr.dflt1/Output/convert_ctor.pass.cpp.dir	20480	0	20	/opt/usr/home/owner/share/tmp/r77_lit_20260829/runs/run-f86eafa59213da5a-206318
/home/toolchain/development/libc++_replacement/tmp/R68/build-baseline-armv7l/libcxx/test/std/utilities/smartptr/unique.ptr/unique.ptr.dltr/unique.ptr.dltr.dflt1/Output/default.pass.cpp.dir	30720	0	24	/opt/usr/home/owner/share/tmp/r77_lit_20260829/runs/run-a2ab51a92c51556b-206333
/home/toolchain/development/libc++_replacement/tmp/R68/build-baseline-armv7l/libcxx/test/std/utilities/smartptr/unique.ptr/unique.ptr.dltr/unique.ptr.dltr.general/Output/nothing_to_do.pass.cpp.dir	20480	0	20	/opt/usr/home/owner/share/tmp/r77_lit_20260829/runs/run-56660f59aa54c84f-206353
/home/toolchain/development/libc++_replacement/tmp/R68/build-baseline-armv7l/libcxx/test/std/utilities/smartptr/unique.ptr/unique.ptr.special/Output/cmp.pass.cpp.dir	40960	0	40	/opt/usr/home/owner/share/tmp/r77_lit_20260829/runs/run-2a285d4786fc033f-206380
/home/toolchain/development/libc++_replacement/tmp/R68/build-baseline-armv7l/libcxx/test/std/utilities/smartptr/unique.ptr/unique.ptr.special/Output/cmp_nullptr.pass.cpp.dir	30720	0	32	/opt/usr/home/owner/share/tmp/r77_lit_20260829/runs/run-8dc24ffc191a57ae-206382
/home/toolchain/development/libc++_replacement/tmp/R68/build-baseline-armv7l/libcxx/test/std/utilities/smartptr/unique.ptr/unique.ptr.special/Output/swap.pass.cpp.dir	40960	0	36	/opt/usr/home/owner/share/tmp/r77_lit_20260829/runs/run-4f14998b20b8b095-206404
/home/toolchain/development/libc++_replacement/tmp/R68/build-baseline-armv7l/libcxx/test/std/utilities/template.bitset/bitset.cons/Output/char_ptr_ctor.pass.cpp.dir	81920	0	76	/opt/usr/home/owner/share/tmp/r77_lit_20260829/runs/run-00fba4e9b7228692-206422
/home/toolchain/development/libc++_replacement/tmp/R68/build-baseline-armv7l/libcxx/test/std/utilities/template.bitset/bitset.cons/Output/default.pass.cpp.dir	30720	0	32	/opt/usr/home/owner/share/tmp/r77_lit_20260829/runs/run-4902573c8aa541fd-206424
/home/toolchain/development/libc++_replacement/tmp/R68/build-baseline-armv7l/libcxx/test/std/utilities/template.bitset/bitset.cons/Output/string_view_ctor.pass.cpp.dir	81920	0	72	/opt/usr/home/owner/share/tmp/r77_lit_20260829/runs/run-dc07540ba133fa4d-206450
/home/toolchain/development/libc++_replacement/tmp/R68/build-baseline-armv7l/libcxx/test/std/utilities/template.bitset/bitset.cons/Output/string_ctor.pass.cpp.dir	81920	0	80	/opt/usr/home/owner/share/tmp/r77_lit_20260829/runs/run-fe765ffdf8bc907c-206452
/home/toolchain/development/libc++_replacement/tmp/R68/build-baseline-armv7l/libcxx/test/std/utilities/template.bitset/bitset.hash/Output/bitset.pass.cpp.dir	30720	0	24	/opt/usr/home/owner/share/tmp/r77_lit_20260829/runs/run-02d57c2d4d5004dc-206476
/home/toolchain/development/libc++_replacement/tmp/R68/build-baseline-armv7l/libcxx/test/std/utilities/template.bitset/bitset.cons/Output/ull_ctor.pass.cpp.dir	40960	0	36	/opt/usr/home/owner/share/tmp/r77_lit_20260829/runs/run-af7ecf0cf96b0db7-206480
/home/toolchain/development/libc++_replacement/tmp/R68/build-baseline-armv7l/libcxx/test/std/utilities/template.bitset/bitset.hash/Output/enabled_hash.pass.cpp.dir	51200	0	40	/opt/usr/home/owner/share/tmp/r77_lit_20260829/runs/run-836fd25c9f530588-206508
/home/toolchain/development/libc++_replacement/tmp/R68/build-baseline-armv7l/libcxx/test/std/utilities/template.bitset/bitset.members/Output/all.pass.cpp.dir	71680	0	68	/opt/usr/home/owner/share/tmp/r77_lit_20260829/runs/run-0d4ee05200db99b6-206513
/home/toolchain/development/libc++_replacement/tmp/R68/build-baseline-armv7l/libcxx/test/std/utilities/template.bitset/bitset.members/Output/any.pass.cpp.dir	71680	0	68	/opt/usr/home/owner/share/tmp/r77_lit_20260829/runs/run-ebf1b7c9e29b96e7-206536
/home/toolchain/development/libc++_replacement/tmp/R68/build-baseline-armv7l/libcxx/test/std/utilities/template.bitset/bitset.members/Output/count.pass.cpp.dir	235520	0	224	/opt/usr/home/owner/share/tmp/r77_lit_20260829/runs/run-3530c9e5e53175f2-206554
/home/toolchain/development/libc++_replacement/tmp/R68/build-baseline-armv7l/libcxx/test/std/utilities/template.bitset/bitset.members/Output/flip_all.pass.cpp.dir	256000	0	248	/opt/usr/home/owner/share/tmp/r77_lit_20260829/runs/run-3bb3e415a9b21dff-206555
/home/toolchain/development/libc++_replacement/tmp/R68/build-baseline-armv7l/libcxx/test/std/utilities/template.bitset/bitset.members/Output/flip_one.out_of_range.pass.cpp.dir	30720	0	32	/opt/usr/home/owner/share/tmp/r77_lit_20260829/runs/run-dc0b7156b3f3bdd7-206597
/home/toolchain/development/libc++_replacement/tmp/R68/build-baseline-armv7l/libcxx/test/std/utilities/template.bitset/bitset.members/Output/flip_one.pass.cpp.dir	215040	0	212	/opt/usr/home/owner/share/tmp/r77_lit_20260829/runs/run-bb3ed9d55257f97a-206605
/home/toolchain/development/libc++_replacement/tmp/R68/build-baseline-armv7l/libcxx/test/std/utilities/template.bitset/bitset.members/Output/index.pass.cpp.dir	235520	0	224	/opt/usr/home/owner/share/tmp/r77_lit_20260829/runs/run-b32ed4aba1c1f7ed-206627
/home/toolchain/development/libc++_replacement/tmp/R68/build-baseline-armv7l/libcxx/test/std/utilities/template.bitset/bitset.members/Output/index_const.pass.cpp.dir	215040	0	208	/opt/usr/home/owner/share/tmp/r77_lit_20260829/runs/run-325207f48cf51372-206628
/home/toolchain/development/libc++_replacement/tmp/R68/build-baseline-armv7l/libcxx/test/std/utilities/template.bitset/bitset.members/Output/left_shift.pass.cpp.dir	358400	0	344	/opt/usr/home/owner/share/tmp/r77_lit_20260829/runs/run-e4a59657f34ffadb-206654
/home/toolchain/development/libc++_replacement/tmp/R68/build-baseline-armv7l/libcxx/test/std/utilities/template.bitset/bitset.members/Output/left_shift_eq.pass.cpp.dir	317440	0	304	/opt/usr/home/owner/share/tmp/r77_lit_20260829/runs/run-8fea2fb951f08de9-206665
/home/toolchain/development/libc++_replacement/tmp/R68/build-baseline-armv7l/libcxx/test/std/utilities/template.bitset/bitset.members/Output/none.pass.cpp.dir	71680	0	72	/opt/usr/home/owner/share/tmp/r77_lit_20260829/runs/run-15721602156d8e96-206679
/home/toolchain/development/libc++_replacement/tmp/R68/build-baseline-armv7l/libcxx/test/std/utilities/template.bitset/bitset.members/Output/not_all.pass.cpp.dir	215040	0	208	/opt/usr/home/owner/share/tmp/r77_lit_20260829/runs/run-943481650250e86d-206697
/home/toolchain/development/libc++_replacement/tmp/R68/build-baseline-armv7l/libcxx/test/std/utilities/template.bitset/bitset.members/Output/op_and_eq.pass.cpp.dir	215040	0	212	/opt/usr/home/owner/share/tmp/r77_lit_20260829/runs/run-b37bf48df7ffbb41-206708
/home/toolchain/development/libc++_replacement/tmp/R68/build-baseline-armv7l/libcxx/test/std/utilities/template.bitset/bitset.members/Output/op_eq_eq.pass.cpp.dir	245760	0	240	/opt/usr/home/owner/share/tmp/r77_lit_20260829/runs/run-5941d7b093db6420-206727
/home/toolchain/development/libc++_replacement/tmp/R68/build-baseline-armv7l/libcxx/test/std/utilities/template.bitset/bitset.members/Output/op_or_eq.pass.cpp.dir	215040	0	212	/opt/usr/home/owner/share/tmp/r77_lit_20260829/runs/run-8ecb69db3862ca1e-206738
/home/toolchain/development/libc++_replacement/tmp/R68/build-baseline-armv7l/libcxx/test/std/utilities/template.bitset/bitset.members/Output/op_xor_eq.pass.cpp.dir	215040	0	212	/opt/usr/home/owner/share/tmp/r77_lit_20260829/runs/run-3b8f4aba5794fac0-206754
/home/toolchain/development/libc++_replacement/tmp/R68/build-baseline-armv7l/libcxx/test/std/utilities/template.bitset/bitset.members/Output/reset_all.pass.cpp.dir	71680	0	64	/opt/usr/home/owner/share/tmp/r77_lit_20260829/runs/run-f54f0bca462dc782-206773
/home/toolchain/development/libc++_replacement/tmp/R68/build-baseline-armv7l/libcxx/test/std/utilities/template.bitset/bitset.members/Output/reset_one.out_of_range.pass.cpp.dir	30720	0	28	/opt/usr/home/owner/share/tmp/r77_lit_20260829/runs/run-dfb10c0e8b1d97a9-206772
/home/toolchain/development/libc++_replacement/tmp/R68/build-baseline-armv7l/libcxx/test/std/utilities/template.bitset/bitset.members/Output/reset_one.pass.cpp.dir	215040	0	204	/opt/usr/home/owner/share/tmp/r77_lit_20260829/runs/run-f96bcd26694438cf-206798
/home/toolchain/development/libc++_replacement/tmp/R68/build-baseline-armv7l/libcxx/test/std/utilities/template.bitset/bitset.members/Output/right_shift.pass.cpp.dir	358400	0	348	/opt/usr/home/owner/share/tmp/r77_lit_20260829/runs/run-d6e8879ef3e1b6ec-206812
/home/toolchain/development/libc++_replacement/tmp/R68/build-baseline-armv7l/libcxx/test/std/utilities/template.bitset/bitset.members/Output/right_shift_eq.pass.cpp.dir	317440	0	308	/opt/usr/home/owner/share/tmp/r77_lit_20260829/runs/run-6f157ff59981426b-206815
/home/toolchain/development/libc++_replacement/tmp/R68/build-baseline-armv7l/libcxx/test/std/utilities/template.bitset/bitset.members/Output/set_all.pass.cpp.dir	71680	0	64	/opt/usr/home/owner/share/tmp/r77_lit_20260829/runs/run-e77c59741dd39708-206887
/home/toolchain/development/libc++_replacement/tmp/R68/build-baseline-armv7l/libcxx/test/std/utilities/template.bitset/bitset.members/Output/set_one.out_of_range.pass.cpp.dir	30720	0	28	/opt/usr/home/owner/share/tmp/r77_lit_20260829/runs/run-d205f662fcd62591-206886
/home/toolchain/development/libc++_replacement/tmp/R68/build-baseline-armv7l/libcxx/test/std/utilities/template.bitset/bitset.members/Output/size.pass.cpp.dir	30720	0	24	/opt/usr/home/owner/share/tmp/r77_lit_20260829/runs/run-29a9503cab41e416-206929
/home/toolchain/development/libc++_replacement/tmp/R68/build-baseline-armv7l/libcxx/test/std/utilities/template.bitset/bitset.members/Output/set_one.pass.cpp.dir	215040	0	204	/opt/usr/home/owner/share/tmp/r77_lit_20260829/runs/run-8e5ae0c05c301bc4-206936
/home/toolchain/development/libc++_replacement/tmp/R68/build-baseline-armv7l/libcxx/test/std/utilities/template.bitset/bitset.members/Output/test.out_of_range.pass.cpp.dir	30720	0	32	/opt/usr/home/owner/share/tmp/r77_lit_20260829/runs/run-f689d70323307bac-206957
/home/toolchain/development/libc++_replacement/tmp/R68/build-baseline-armv7l/libcxx/test/std/utilities/template.bitset/bitset.members/Output/test.pass.cpp.dir	215040	0	208	/opt/usr/home/owner/share/tmp/r77_lit_20260829/runs/run-64062a63d37e89d0-206964
/home/toolchain/development/libc++_replacement/tmp/R68/build-baseline-armv7l/libcxx/test/std/utilities/template.bitset/bitset.members/Output/to_string.pass.cpp.dir	296960	0	288	/opt/usr/home/owner/share/tmp/r77_lit_20260829/runs/run-babffa5277b41759-206985
/home/toolchain/development/libc++_replacement/tmp/R68/build-baseline-armv7l/libcxx/test/std/utilities/template.bitset/bitset.members/Output/to_ullong.pass.cpp.dir	51200	0	44	/opt/usr/home/owner/share/tmp/r77_lit_20260829/runs/run-db8193d8c329cc03-206989
/home/toolchain/development/libc++_replacement/tmp/R68/build-baseline-armv7l/libcxx/test/std/utilities/template.bitset/bitset.members/Output/to_ulong.pass.cpp.dir	61440	0	60	/opt/usr/home/owner/share/tmp/r77_lit_20260829/runs/run-e93bf3687fbdbcc2-207011
/home/toolchain/development/libc++_replacement/tmp/R68/build-baseline-armv7l/libcxx/test/std/utilities/template.bitset/bitset.operators/Output/op_and.pass.cpp.dir	256000	0	244	/opt/usr/home/owner/share/tmp/r77_lit_20260829/runs/run-7306610ceae0e834-207027
/home/toolchain/development/libc++_replacement/tmp/R68/build-baseline-armv7l/libcxx/test/std/utilities/template.bitset/bitset.operators/Output/op_not.pass.cpp.dir	256000	0	244	/opt/usr/home/owner/share/tmp/r77_lit_20260829/runs/run-bc1c10690bc5212a-207034
/home/toolchain/development/libc++_replacement/tmp/R68/build-baseline-armv7l/libcxx/test/std/utilities/template.bitset/bitset.operators/Output/op_or.pass.cpp.dir	256000	0	244	/opt/usr/home/owner/share/tmp/r77_lit_20260829/runs/run-d23c68e1dc0b688d-207055
/home/toolchain/development/libc++_replacement/tmp/R68/build-baseline-armv7l/libcxx/test/std/utilities/template.bitset/bitset.operators/Output/stream_out.pass.cpp.dir	51200	0	48	/opt/usr/home/owner/share/tmp/r77_lit_20260829/runs/run-ac1af3d4b4ee8c60-207078
/home/toolchain/development/libc++_replacement/tmp/R68/build-baseline-armv7l/libcxx/test/std/utilities/template.bitset/bitset.operators/Output/stream_in.pass.cpp.dir	61440	0	56	/opt/usr/home/owner/share/tmp/r77_lit_20260829/runs/run-9de26c0b4a73cf6e-207077
/home/toolchain/development/libc++_replacement/tmp/R68/build-baseline-armv7l/libcxx/test/std/utilities/template.bitset/Output/includes.pass.cpp.dir	30720	0	24	/opt/usr/home/owner/share/tmp/r77_lit_20260829/runs/run-06899378f4068abe-207101
/home/toolchain/development/libc++_replacement/tmp/R68/build-baseline-armv7l/libcxx/test/std/utilities/tuple/tuple.general/Output/ignore.pass.cpp.dir	20480	0	20	/opt/usr/home/owner/share/tmp/r77_lit_20260829/runs/run-9839e08e153cf264-207137
/home/toolchain/development/libc++_replacement/tmp/R68/build-baseline-armv7l/libcxx/test/std/utilities/tuple/tuple.general/Output/tuple.smartptr.pass.cpp.dir	30720	0	32	/opt/usr/home/owner/share/tmp/r77_lit_20260829/runs/run-2ea91de714d0338b-207138
/home/toolchain/development/libc++_replacement/tmp/R68/build-baseline-armv7l/libcxx/test/std/utilities/tuple/tuple.tuple/Output/PR27375.pass.cpp.dir	30720	0	24	/opt/usr/home/owner/share/tmp/r77_lit_20260829/runs/run-95c488f1e7b55e2a-207166
/home/toolchain/development/libc++_replacement/tmp/R68/build-baseline-armv7l/libcxx/test/std/utilities/tuple/tuple.tuple/Output/PR38601.pass.cpp.dir	30720	0	24	/opt/usr/home/owner/share/tmp/r77_lit_20260829/runs/run-d7430f93db79d340-207167
/home/toolchain/development/libc++_replacement/tmp/R68/build-baseline-armv7l/libcxx/test/std/utilities/tuple/tuple.tuple/Output/TupleFunction.pass.cpp.dir	30720	0	24	/opt/usr/home/owner/share/tmp/r77_lit_20260829/runs/run-4bbfddbade735a12-207200
/home/toolchain/development/libc++_replacement/tmp/R68/build-baseline-armv7l/libcxx/test/std/utilities/tuple/tuple.tuple/tuple.apply/Output/apply.pass.cpp.dir	71680	0	68	/opt/usr/home/owner/share/tmp/r77_lit_20260829/runs/run-a8816dec21c32d33-207220
/home/toolchain/development/libc++_replacement/tmp/R68/build-baseline-armv7l/libcxx/test/std/utilities/tuple/tuple.tuple/tuple.apply/Output/apply_extended_types.pass.cpp.dir	163840	0	152	/opt/usr/home/owner/share/tmp/r77_lit_20260829/runs/run-3d94d9a32ffcd9a9-207233
/home/toolchain/development/libc++_replacement/tmp/R68/build-baseline-armv7l/libcxx/test/std/utilities/tuple/tuple.tuple/tuple.apply/Output/apply_large_arity.pass.cpp.dir	317440	0	304	/opt/usr/home/owner/share/tmp/r77_lit_20260829/runs/run-6fe1e669cce3445a-207249
/home/toolchain/development/libc++_replacement/tmp/R68/build-baseline-armv7l/libcxx/test/std/utilities/tuple/tuple.tuple/tuple.apply/Output/make_from_tuple.pass.cpp.dir	71680	0	68	/opt/usr/home/owner/share/tmp/r77_lit_20260829/runs/run-93d5bbc02b2d1175-207254
/home/toolchain/development/libc++_replacement/tmp/R68/build-baseline-armv7l/libcxx/test/std/utilities/tuple/tuple.tuple/tuple.assign/Output/const_convert_copy.pass.cpp.dir	40960	0	32	/opt/usr/home/owner/share/tmp/r77_lit_20260829/runs/run-e3497da08890f135-207282
/home/toolchain/development/libc++_replacement/tmp/R68/build-baseline-armv7l/libcxx/test/std/utilities/tuple/tuple.tuple/tuple.assign/Output/const_convert_move.pass.cpp.dir	40960	0	32	/opt/usr/home/owner/share/tmp/r77_lit_20260829/runs/run-ed62569b84bc3a3f-207284
/home/toolchain/development/libc++_replacement/tmp/R68/build-baseline-armv7l/libcxx/test/std/utilities/tuple/tuple.tuple/tuple.assign/Output/const_move.pass.cpp.dir	30720	0	32	/opt/usr/home/owner/share/tmp/r77_lit_20260829/runs/run-b530a6eae5584f54-207310
/home/toolchain/development/libc++_replacement/tmp/R68/build-baseline-armv7l/libcxx/test/std/utilities/tuple/tuple.tuple/tuple.assign/Output/const_copy.pass.cpp.dir	30720	0	32	/opt/usr/home/owner/share/tmp/r77_lit_20260829/runs/run-5d0f236b96b4fab2-207311
/home/toolchain/development/libc++_replacement/tmp/R68/build-baseline-armv7l/libcxx/test/std/utilities/tuple/tuple.tuple/tuple.assign/Output/const_pair.pass.cpp.dir	30720	0	24	/opt/usr/home/owner/share/tmp/r77_lit_20260829/runs/run-e485ba4048260f6c-207338
/home/toolchain/development/libc++_replacement/tmp/R68/build-baseline-armv7l/libcxx/test/std/utilities/tuple/tuple.tuple/tuple.assign/Output/const_pair_copy.pass.cpp.dir	30720	0	32	/opt/usr/home/owner/share/tmp/r77_lit_20260829/runs/run-7caff10d9bfb4e77-207340
/home/toolchain/development/libc++_replacement/tmp/R68/build-baseline-armv7l/libcxx/test/std/utilities/tuple/tuple.tuple/tuple.assign/Output/const_pair_move.pass.cpp.dir	30720	0	32	/opt/usr/home/owner/share/tmp/r77_lit_20260829/runs/run-1bdf7e9d4636a96c-207366
/home/toolchain/development/libc++_replacement/tmp/R68/build-baseline-armv7l/libcxx/test/std/utilities/tuple/tuple.tuple/tuple.assign/Output/convert_copy.pass.cpp.dir	40960	0	36	/opt/usr/home/owner/share/tmp/r77_lit_20260829/runs/run-4164cb296473bd77-207368
/home/toolchain/development/libc++_replacement/tmp/R68/build-baseline-armv7l/libcxx/test/std/utilities/tuple/tuple.tuple/tuple.assign/Output/convert_move.pass.cpp.dir	61440	0	60	/opt/usr/home/owner/share/tmp/r77_lit_20260829/runs/run-16298c66cf4aea57-207391
/home/toolchain/development/libc++_replacement/tmp/R68/build-baseline-armv7l/libcxx/test/std/utilities/tuple/tuple.tuple/tuple.assign/Output/copy.pass.cpp.dir	51200	0	44	/opt/usr/home/owner/share/tmp/r77_lit_20260829/runs/run-709f97228023fd4a-207406
/home/toolchain/development/libc++_replacement/tmp/R68/build-baseline-armv7l/libcxx/test/std/utilities/tuple/tuple.tuple/tuple.assign/Output/derived_from_tuple_like.pass.cpp.dir	40960	0	36	/opt/usr/home/owner/share/tmp/r77_lit_20260829/runs/run-bd7c108b2f1d733e-207424
/home/toolchain/development/libc++_replacement/tmp/R68/build-baseline-armv7l/libcxx/test/std/utilities/tuple/tuple.tuple/tuple.assign/Output/laziness.pass.cpp.dir	20480	0	20	/opt/usr/home/owner/share/tmp/r77_lit_20260829/runs/run-e6f33bea652ccaaa-207426
/home/toolchain/development/libc++_replacement/tmp/R68/build-baseline-armv7l/libcxx/test/std/utilities/tuple/tuple.tuple/tuple.assign/Output/move_pair.pass.cpp.dir	40960	0	32	/opt/usr/home/owner/share/tmp/r77_lit_20260829/runs/run-4fa30cda505764e3-207472
/home/toolchain/development/libc++_replacement/tmp/R68/build-baseline-armv7l/libcxx/test/std/utilities/tuple/tuple.tuple/tuple.assign/Output/move.pass.cpp.dir	40960	0	36	/opt/usr/home/owner/share/tmp/r77_lit_20260829/runs/run-cd9f37b534bc1eff-207474
/home/toolchain/development/libc++_replacement/tmp/R68/build-baseline-armv7l/libcxx/test/std/utilities/tuple/tuple.tuple/tuple.cnstr/Output/PR22806_constrain_tuple_like_ctor.pass.cpp.dir	40960	0	36	/opt/usr/home/owner/share/tmp/r77_lit_20260829/runs/run-f3d7e1cb48bdcbd6-207500
/home/toolchain/development/libc++_replacement/tmp/R68/build-baseline-armv7l/libcxx/test/std/utilities/tuple/tuple.tuple/tuple.cnstr/Output/PR20855_tuple_ref_binding_diagnostics.pass.cpp.dir	51200	0	52	/opt/usr/home/owner/share/tmp/r77_lit_20260829/runs/run-947e33d476b2f9de-207502
/home/toolchain/development/libc++_replacement/tmp/R68/build-baseline-armv7l/libcxx/test/std/utilities/tuple/tuple.tuple/tuple.cnstr/Output/PR23256_constrain_UTypes_ctor.pass.cpp.dir	30720	0	24	/opt/usr/home/owner/share/tmp/r77_lit_20260829/runs/run-9e71df6d3980102c-207528
/home/toolchain/development/libc++_replacement/tmp/R68/build-baseline-armv7l/libcxx/test/std/utilities/tuple/tuple.tuple/tuple.cnstr/Output/PR27684_contains_ref_to_incomplete_type.pass.cpp.dir	30720	0	24	/opt/usr/home/owner/share/tmp/r77_lit_20260829/runs/run-7b132b460707350b-207530
/home/toolchain/development/libc++_replacement/tmp/R68/build-baseline-armv7l/libcxx/test/std/utilities/tuple/tuple.tuple/tuple.cnstr/Output/PR31384.pass.cpp.dir	30720	0	24	/opt/usr/home/owner/share/tmp/r77_lit_20260829/runs/run-466bdfd1acd5f3a0-207553
/home/toolchain/development/libc++_replacement/tmp/R68/build-baseline-armv7l/libcxx/test/std/utilities/tuple/tuple.tuple/tuple.cnstr/Output/UTypes.pass.cpp.dir	30720	0	24	/opt/usr/home/owner/share/tmp/r77_lit_20260829/runs/run-9fbd60484851edde-207566
/home/toolchain/development/libc++_replacement/tmp/R68/build-baseline-armv7l/libcxx/test/std/utilities/tuple/tuple.tuple/tuple.cnstr/Output/alloc.pass.cpp.dir	40960	0	40	/opt/usr/home/owner/share/tmp/r77_lit_20260829/runs/run-4f2da67d316f2729-207586
/home/toolchain/development/libc++_replacement/tmp/R68/build-baseline-armv7l/libcxx/test/std/utilities/tuple/tuple.tuple/tuple.cnstr/Output/alloc_UTypes.pass.cpp.dir	40960	0	40	/opt/usr/home/owner/share/tmp/r77_lit_20260829/runs/run-318c184a92649652-207587
/home/toolchain/development/libc++_replacement/tmp/R68/build-baseline-armv7l/libcxx/test/std/utilities/tuple/tuple.tuple/tuple.cnstr/Output/alloc_const_Types.pass.cpp.dir	40960	0	40	/opt/usr/home/owner/share/tmp/r77_lit_20260829/runs/run-aac78a57c140064e-207613
/home/toolchain/development/libc++_replacement/tmp/R68/build-baseline-armv7l/libcxx/test/std/utilities/tuple/tuple.tuple/tuple.cnstr/Output/alloc_const_move_pair.pass.cpp.dir	40960	0	32	/opt/usr/home/owner/share/tmp/r77_lit_20260829/runs/run-3bc56f658faffdbb-207628
/home/toolchain/development/libc++_replacement/tmp/R68/build-baseline-armv7l/libcxx/test/std/utilities/tuple/tuple.tuple/tuple.cnstr/Output/alloc_const_pair.pass.cpp.dir	40960	0	32	/opt/usr/home/owner/share/tmp/r77_lit_20260829/runs/run-f5b1be40a73b97bf-207641
