consumer_source	arch	elf_path	archive	archive_member	matched_strong_symbols	matched_symbol_names
inference-engine-tflite	armv7l	inference-engine-tflite/usr/lib/libinference-engine-tflite.so	libtensorflow2-lite.a	abs.c.o	1	xnn_define_abs
inference-engine-tflite	armv7l	inference-engine-tflite/usr/lib/libinference-engine-tflite.so	libtensorflow2-lite.a	activations.cc.o	55	_ZN6tflite3ops7builtin11activations10EluPrepareEP13TfLiteContextP10TfLiteNode;_ZN6tflite3ops7builtin11activations11GeluPrepareEP13TfLiteContextP10TfLiteNode;_ZN6tflite3ops7builtin11activations11ReluPrepareEP13TfLiteContextP10TfLiteNode;_ZN6tflite3ops7builtin11activations11SoftmaxFreeEP13TfLiteContextPv;_ZN6tflite3ops7builtin11activations11SoftmaxInitEP13TfLiteContextPKcj;_ZN6tflite3ops7builtin11activations12PreluPrepareEP13TfLiteContextP10TfLiteNode;_ZN6tflite3ops7builtin11activations12Relu0to1EvalEP13TfLiteContextP10TfLiteNode;_ZN6tflite3ops7builtin11activations12SoftmaxFloatEP13TfLiteContextPK12TfLiteTensorPS5_P19TfLiteSoftmaxParamsNS2_10KernelTypeE;_ZN6tflite3ops7builtin11activations13HardSwishFreeEP13TfLiteContextPv;_ZN6tflite3ops7builtin11activations13HardSwishInitEP13TfLiteContextPKcj;_ZN6tflite3ops7builtin11activations13LeakyReluFreeEP13TfLiteContextPv;_ZN6tflite3ops7builtin11activations13LeakyReluInitEP13TfLiteContextPKcj;_ZN6tflite3ops7builtin11activations14GenericPrepareEP13TfLiteContextP10TfLiteNode;_ZN6tflite3ops7builtin11activations14LogSoftmaxFreeEP13TfLiteContextPv;_ZN6tflite3ops7builtin11activations14LogSoftmaxInitEP13TfLiteContextPKcj;_ZN6tflite3ops7builtin11activations16HardSwishPrepareEP13TfLiteContextP10TfLiteNode;_ZN6tflite3ops7builtin11activations16LeakyReluPrepareEP13TfLiteContextP10TfLiteNode;_ZN6tflite3ops7builtin11activations16SoftmaxQuantizedIaaEE12TfLiteStatusP13TfLiteContextPK12TfLiteTensorPS7_PNS2_13SoftmaxOpDataENS2_10KernelTypeE;_ZN6tflite3ops7builtin11activations16SoftmaxQuantizedIhhEE12TfLiteStatusP13TfLiteContextPK12TfLiteTensorPS7_PNS2_13SoftmaxOpDataENS2_10KernelTypeE;_ZN6tflite3ops7builtin11activations16SoftmaxQuantizedIssEE12TfLiteStatusP13TfLiteContextPK12TfLiteTensorPS7_PNS2_13SoftmaxOpDataENS2_10KernelTypeE;_ZN6tflite3ops7builtin11activations4FreeEP13TfLiteContextPv;_ZN6tflite3ops7builtin11activations4InitEP13TfLiteContextPKcj;_ZN6tflite3ops7builtin11activations7EluEvalEP13TfLiteContextP10TfLiteNode;_ZN6tflite3ops7builtin11activations8GeluEvalEP13TfLiteContextP10TfLiteNode;_ZN6tflite3ops7builtin11activations8ReluEvalEP13TfLiteContextP10TfLiteNode;_ZN6tflite3ops7builtin11activations8ReluFreeEP13TfLiteContextPv;_ZN6tflite3ops7builtin11activations8ReluInitEP13TfLiteContextPKcj;_ZN6tflite3ops7builtin11activations9PreluFreeEP13TfLiteContextPv;_ZN6tflite3ops7builtin11activations9PreluInitEP13TfLiteContextPKcj;_ZN6tflite3ops7builtin11activations9Relu1EvalEP13TfLiteContextP10TfLiteNode;_ZN6tflite3ops7builtin11activations9Relu6EvalEP13TfLiteContextP10TfLiteNode;_ZN6tflite3ops7builtin12Register_ELUEv;_ZN6tflite3ops7builtin13Register_GELUEv;_ZN6tflite3ops7builtin13Register_RELUEv;_ZN6tflite3ops7builtin13Register_TANHEv;_ZN6tflite3ops7builtin14Register_PRELUEv;_ZN6tflite3ops7builtin14Register_RELU6Ev;_ZN6tflite3ops7builtin16Register_SOFTMAXEv;_ZN6tflite3ops7builtin17Register_LOGISTICEv;_ZN6tflite3ops7builtin17Register_TANH_REFEv;_ZN6tflite3ops7builtin18Register_PRELU_REFEv;_ZN6tflite3ops7builtin19Register_HARD_SWISHEv;_ZN6tflite3ops7builtin19Register_LEAKY_RELUEv;_ZN6tflite3ops7builtin20Register_LOG_SOFTMAXEv;_ZN6tflite3ops7builtin20Register_RELU_0_TO_1Ev;_ZN6tflite3ops7builtin20Register_SOFTMAX_REFEv;_ZN6tflite3ops7builtin21Register_LOGISTIC_REFEv;_ZN6tflite3ops7builtin21Register_RELU_N1_TO_1Ev;_ZN6tflite3ops7builtin23Register_HARD_SWISH_REFEv;_ZN6tflite3ops7builtin23Register_LEAKY_RELU_REFEv;_ZN6tflite3ops7builtin24Register_LOG_SOFTMAX_REFEv;_ZN6tflite3ops7builtin25Register_TANH_GENERIC_OPTEv;_ZN6tflite3ops7builtin29Register_LOGISTIC_GENERIC_OPTEv;_ZN6tflite3ops7builtin29Register_TANH_FIXED_POINT_OPTEv;_ZN6tflite3ops7builtin33Register_LOGISTIC_FIXED_POINT_OPTEv
inference-engine-tflite	armv7l	inference-engine-tflite/usr/lib/libinference-engine-tflite.so	libtensorflow2-lite.a	add.cc.o	7	_ZN6tflite3ops7builtin12Register_ADDEv;_ZN6tflite3ops7builtin16Register_ADD_REFEv;_ZN6tflite3ops7builtin21Register_ADD_NEON_OPTEv;_ZN6tflite3ops7builtin24Register_ADD_GENERIC_OPTEv;_ZN6tflite3ops7builtin3add4FreeEP13TfLiteContextPv;_ZN6tflite3ops7builtin3add4InitEP13TfLiteContextPKcj;_ZN6tflite3ops7builtin3add7PrepareEP13TfLiteContextP10TfLiteNode
inference-engine-tflite	armv7l	inference-engine-tflite/usr/lib/libinference-engine-tflite.so	libtensorflow2-lite.a	add2.c.o	1	xnn_define_add2
inference-engine-tflite	armv7l	inference-engine-tflite/usr/lib/libinference-engine-tflite.so	libtensorflow2-lite.a	add_bias.cc.o	1	_ZN6tflite3gpu10NewAddBiasEv
inference-engine-tflite	armv7l	inference-engine-tflite/usr/lib/libinference-engine-tflite.so	libtensorflow2-lite.a	add_n.cc.o	5	_ZN6tflite3ops7builtin14Register_ADD_NEv;_ZN6tflite3ops7builtin5add_n4EvalEP13TfLiteContextP10TfLiteNode;_ZN6tflite3ops7builtin5add_n4FreeEP13TfLiteContextPv;_ZN6tflite3ops7builtin5add_n4InitEP13TfLiteContextPKcj;_ZN6tflite3ops7builtin5add_n7PrepareEP13TfLiteContextP10TfLiteNode
inference-engine-tflite	armv7l	inference-engine-tflite/usr/lib/libinference-engine-tflite.so	libtensorflow2-lite.a	add_quant_adjustments.cc.o	1	_ZN6tflite3gpu22NewAddQuantAdjustmentsEv
inference-engine-tflite	armv7l	inference-engine-tflite/usr/lib/libinference-engine-tflite.so	libtensorflow2-lite.a	allocation.cc.o	22	_ZN6tflite16MemoryAllocationC1EPKvjPNS_13ErrorReporterE;_ZN6tflite16MemoryAllocationC2EPKvjPNS_13ErrorReporterE;_ZN6tflite16MemoryAllocationD0Ev;_ZN6tflite16MemoryAllocationD1Ev;_ZN6tflite16MemoryAllocationD2Ev;_ZN6tflite18FileCopyAllocationC1EPKcPNS_13ErrorReporterE;_ZN6tflite18FileCopyAllocationC2EPKcPNS_13ErrorReporterE;_ZN6tflite18FileCopyAllocationD0Ev;_ZN6tflite18FileCopyAllocationD1Ev;_ZN6tflite18FileCopyAllocationD2Ev;_ZNK6tflite16MemoryAllocation4baseEv;_ZNK6tflite16MemoryAllocation5bytesEv;_ZNK6tflite16MemoryAllocation5validEv;_ZNK6tflite18FileCopyAllocation4baseEv;_ZNK6tflite18FileCopyAllocation5bytesEv;_ZNK6tflite18FileCopyAllocation5validEv;_ZTIN6tflite16MemoryAllocationE;_ZTIN6tflite18FileCopyAllocationE;_ZTSN6tflite16MemoryAllocationE;_ZTSN6tflite18FileCopyAllocationE;_ZTVN6tflite16MemoryAllocationE;_ZTVN6tflite18FileCopyAllocationE
inference-engine-tflite	armv7l	inference-engine-tflite/usr/lib/libinference-engine-tflite.so	libtensorflow2-lite.a	allocator.cc.o	7	_ZN3ruy9Allocator12AllocateFastEi;_ZN3ruy9Allocator12AllocateSlowEi;_ZN3ruy9Allocator13AllocateBytesEi;_ZN3ruy9Allocator33AllocateBytesAvoidingAliasingWithEiPKv;_ZN3ruy9Allocator7FreeAllEv;_ZN3ruy9AllocatorD1Ev;_ZN3ruy9AllocatorD2Ev
inference-engine-tflite	armv7l	inference-engine-tflite/usr/lib/libinference-engine-tflite.so	libtensorflow2-lite.a	android_info.cc.o	1	_ZN6tflite12acceleration18RequestAndroidInfoEPNS0_11AndroidInfoE
inference-engine-tflite	armv7l	inference-engine-tflite/usr/lib/libinference-engine-tflite.so	libtensorflow2-lite.a	api.c.o	35	cpuinfo_get_cluster;cpuinfo_get_clusters;cpuinfo_get_clusters_count;cpuinfo_get_core;cpuinfo_get_cores;cpuinfo_get_cores_count;cpuinfo_get_current_core;cpuinfo_get_current_processor;cpuinfo_get_current_uarch_index;cpuinfo_get_current_uarch_index_with_default;cpuinfo_get_l1d_cache;cpuinfo_get_l1d_caches;cpuinfo_get_l1d_caches_count;cpuinfo_get_l1i_cache;cpuinfo_get_l1i_caches;cpuinfo_get_l1i_caches_count;cpuinfo_get_l2_cache;cpuinfo_get_l2_caches;cpuinfo_get_l2_caches_count;cpuinfo_get_l3_cache;cpuinfo_get_l3_caches;cpuinfo_get_l3_caches_count;cpuinfo_get_l4_cache;cpuinfo_get_l4_caches;cpuinfo_get_l4_caches_count;cpuinfo_get_max_cache_size;cpuinfo_get_package;cpuinfo_get_packages;cpuinfo_get_packages_count;cpuinfo_get_processor;cpuinfo_get_processors;cpuinfo_get_processors_count;cpuinfo_get_uarch;cpuinfo_get_uarchs;cpuinfo_get_uarchs_count
inference-engine-tflite	armv7l	inference-engine-tflite/usr/lib/libinference-engine-tflite.so	libtensorflow2-lite.a	api.cc.o	7	_ZN6tflite3gpu11GetPositionERKNS0_16InferenceOptionsENS0_17InferencePriorityE;_ZN6tflite3gpu11NumElementsERKNS0_15TensorObjectDefE;_ZN6tflite3gpu19ResolveAutoPriorityEPNS0_16InferenceOptionsE;_ZN6tflite3gpu21GetRelativeImportanceERKNS0_16InferenceOptionsENS0_17InferencePriorityES4_;_ZN6tflite3gpu7IsValidERKNS0_15TensorObjectDefE;_ZN6tflite3gpu7IsValidERKNS0_16InferenceOptionsE;_ZN6tflite3gpu7IsValidERKNS0_9ObjectDefE
inference-engine-tflite	armv7l	inference-engine-tflite/usr/lib/libinference-engine-tflite.so	libtensorflow2-lite.a	apply_multiplier.cc.o	1	_ZN3ruy6detail29MultiplyByQuantizedMultiplierEiii
inference-engine-tflite	armv7l	inference-engine-tflite/usr/lib/libinference-engine-tflite.so	libtensorflow2-lite.a	arena_planner.cc.o	22	_ZN6tflite12ArenaPlanner11BasePointerE20TfLiteAllocationType;_ZN6tflite12ArenaPlanner15PlanAllocationsEv;_ZN6tflite12ArenaPlanner16FindSharedTensorEi;_ZN6tflite12ArenaPlanner16ResetAllocationsEv;_ZN6tflite12ArenaPlanner18ExecuteAllocationsEii;_ZN6tflite12ArenaPlanner20GetTensorsToAllocateEii;_ZN6tflite12ArenaPlanner21ResetAllocationsAfterEi;_ZN6tflite12ArenaPlanner22HasNonPersistentMemoryEv;_ZN6tflite12ArenaPlanner22IdentifyInPlaceTensorsEv;_ZN6tflite12ArenaPlanner22InputTensorCanBeSharedERK12TfLiteTensorS3_iib;_ZN6tflite12ArenaPlanner23ResolveTensorAllocationEiP12TfLiteTensor;_ZN6tflite12ArenaPlanner26AcquireNonPersistentMemoryEv;_ZN6tflite12ArenaPlanner26ReleaseNonPersistentMemoryEv;_ZN6tflite12ArenaPlanner6CommitEPb;_ZN6tflite12ArenaPlannerD0Ev;_ZN6tflite12ArenaPlannerD1Ev;_ZN6tflite12ArenaPlannerD2Ev;_ZN6tflite30AreTensorsAllocatedInSameArenaEiiPK12TfLiteTensor;_ZNK6tflite12ArenaPlanner12GetAllocInfoEPjS1_;_ZTIN6tflite12ArenaPlannerE;_ZTSN6tflite12ArenaPlannerE;_ZTVN6tflite12ArenaPlannerE
inference-engine-tflite	armv7l	inference-engine-tflite/usr/lib/libinference-engine-tflite.so	libtensorflow2-lite.a	arg.cc.o	19	_ZN4absl12lts_2023080219str_format_internal14ConvertBoolArgEbPNS1_14FormatSinkImplE;_ZN4absl12lts_2023080219str_format_internal17FormatConvertImplENS0_6int128ENS1_24FormatConversionSpecImplEPNS1_14FormatSinkImplE;_ZN4absl12lts_2023080219str_format_internal17FormatConvertImplENS0_7uint128ENS1_24FormatConversionSpecImplEPNS1_14FormatSinkImplE;_ZN4absl12lts_2023080219str_format_internal17FormatConvertImplENS1_7VoidPtrENS1_24FormatConversionSpecImplEPNS1_14FormatSinkImplE;_ZN4absl12lts_2023080219str_format_internal17FormatConvertImplEPKcNS1_24FormatConversionSpecImplEPNS1_14FormatSinkImplE;_ZN4absl12lts_2023080219str_format_internal17FormatConvertImplEaNS1_24FormatConversionSpecImplEPNS1_14FormatSinkImplE;_ZN4absl12lts_2023080219str_format_internal17FormatConvertImplEcNS1_24FormatConversionSpecImplEPNS1_14FormatSinkImplE;_ZN4absl12lts_2023080219str_format_internal17FormatConvertImplEdNS1_24FormatConversionSpecImplEPNS1_14FormatSinkImplE;_ZN4absl12lts_2023080219str_format_internal17FormatConvertImplEeNS1_24FormatConversionSpecImplEPNS1_14FormatSinkImplE;_ZN4absl12lts_2023080219str_format_internal17FormatConvertImplEfNS1_24FormatConversionSpecImplEPNS1_14FormatSinkImplE;_ZN4absl12lts_2023080219str_format_internal17FormatConvertImplEhNS1_24FormatConversionSpecImplEPNS1_14FormatSinkImplE;_ZN4absl12lts_2023080219str_format_internal17FormatConvertImplEiNS1_24FormatConversionSpecImplEPNS1_14FormatSinkImplE;_ZN4absl12lts_2023080219str_format_internal17FormatConvertImplEjNS1_24FormatConversionSpecImplEPNS1_14FormatSinkImplE;_ZN4absl12lts_2023080219str_format_internal17FormatConvertImplElNS1_24FormatConversionSpecImplEPNS1_14FormatSinkImplE;_ZN4absl12lts_2023080219str_format_internal17FormatConvertImplEmNS1_24FormatConversionSpecImplEPNS1_14FormatSinkImplE;_ZN4absl12lts_2023080219str_format_internal17FormatConvertImplEsNS1_24FormatConversionSpecImplEPNS1_14FormatSinkImplE;_ZN4absl12lts_2023080219str_format_internal17FormatConvertImplEtNS1_24FormatConversionSpecImplEPNS1_14FormatSinkImplE;_ZN4absl12lts_2023080219str_format_internal17FormatConvertImplExNS1_24FormatConversionSpecImplEPNS1_14FormatSinkImplE;_ZN4absl12lts_2023080219str_format_internal17FormatConvertImplEyNS1_24FormatConversionSpecImplEPNS1_14FormatSinkImplE
inference-engine-tflite	armv7l	inference-engine-tflite/usr/lib/libinference-engine-tflite.so	libtensorflow2-lite.a	arg_min_max.cc.o	7	_ZN6tflite3ops7builtin11arg_min_max10ArgMaxEvalEP13TfLiteContextP10TfLiteNode;_ZN6tflite3ops7builtin11arg_min_max10ArgMinEvalEP13TfLiteContextP10TfLiteNode;_ZN6tflite3ops7builtin11arg_min_max12ResizeOutputEP13TfLiteContextPK12TfLiteTensorS7_PS5_;_ZN6tflite3ops7builtin11arg_min_max4EvalEP13TfLiteContextP10TfLiteNodeb;_ZN6tflite3ops7builtin11arg_min_max7PrepareEP13TfLiteContextP10TfLiteNode;_ZN6tflite3ops7builtin16Register_ARG_MAXEv;_ZN6tflite3ops7builtin16Register_ARG_MINEv
inference-engine-tflite	armv7l	inference-engine-tflite/usr/lib/libinference-engine-tflite.so	libtensorflow2-lite.a	argmax-pooling-2d.c.o	1	xnn_define_argmax_pooling_2d
inference-engine-tflite	armv7l	inference-engine-tflite/usr/lib/libinference-engine-tflite.so	libtensorflow2-lite.a	argmax-pooling-nhwc.c.o	3	xnn_create_argmax_pooling2d_nhwc_f32;xnn_reshape_argmax_pooling2d_nhwc_f32;xnn_setup_argmax_pooling2d_nhwc_f32
inference-engine-tflite	armv7l	inference-engine-tflite/usr/lib/libinference-engine-tflite.so	libtensorflow2-lite.a	arguments.cc.o	7	_ZN6tflite3gpu9Arguments20AddObjectsScalarArgsERKNS0_7GpuInfoE;_ZN6tflite3gpu9Arguments24ReleaseCPURepresentationEv;_ZNK6tflite3gpu9Arguments20GetReadTexturesCountERKNS0_7GpuInfoE;_ZNK6tflite3gpu9Arguments21GetWriteTexturesCountERKNS0_7GpuInfoE;_ZTIN6tflite3gpu9ArgumentsE;_ZTSN6tflite3gpu9ArgumentsE;_ZTVN6tflite3gpu9ArgumentsE
inference-engine-tflite	armv7l	inference-engine-tflite/usr/lib/libinference-engine-tflite.so	libtensorflow2-lite.a	array.cc.o	2	_ZN6tflite14array_internal18TfLiteArrayDeleterclEP14TfLiteIntArray;_ZN6tflite14array_internal18TfLiteArrayDeleterclEP16TfLiteFloatArray
inference-engine-tflite	armv7l	inference-engine-tflite/usr/lib/libinference-engine-tflite.so	libtensorflow2-lite.a	ascii.cc.o	3	_ZN4absl12lts_2023080214ascii_internal13kPropertyBitsE;_ZN4absl12lts_2023080214ascii_internal8kToLowerE;_ZN4absl12lts_2023080214ascii_internal8kToUpperE
inference-engine-tflite	armv7l	inference-engine-tflite/usr/lib/libinference-engine-tflite.so	libtensorflow2-lite.a	assign_variable.cc.o	3	_ZN6tflite3ops7builtin15assign_variable4EvalEP13TfLiteContextP10TfLiteNode;_ZN6tflite3ops7builtin15assign_variable7PrepareEP13TfLiteContextP10TfLiteNode;_ZN6tflite3ops7builtin24Register_ASSIGN_VARIABLEEv
inference-engine-tflite	armv7l	inference-engine-tflite/usr/lib/libinference-engine-tflite.so	libtensorflow2-lite.a	async_signature_runner.cc.o	21	_ZN6tflite5async20AsyncSignatureRunner10CreateTaskEv;_ZN6tflite5async20AsyncSignatureRunner11InvokeAsyncEP19TfLiteExecutionTask;_ZN6tflite5async20AsyncSignatureRunner13SetAttributesE12TfLiteIoTypePKcPK18TfLiteAttributeMap;_ZN6tflite5async20AsyncSignatureRunner13SetAttributesEiPK18TfLiteAttributeMap;_ZN6tflite5async20AsyncSignatureRunner14RegisterBufferE12TfLiteIoTypePK19TfLiteBackendBufferPK18TfLiteAttributeMapPi;_ZN6tflite5async20AsyncSignatureRunner15PrepareBackendsEv;_ZN6tflite5async20AsyncSignatureRunner16UnregisterBufferEi;_ZN6tflite5async20AsyncSignatureRunner19GetBufferAttributesEPK19TfLiteBackendBufferP18TfLiteAttributeMap;_ZN6tflite5async20AsyncSignatureRunner19RegisterBufferSliceEiPK18TfLiteAttributeMapPi;_ZN6tflite5async20AsyncSignatureRunner19SetBufferAttributesEPK19TfLiteBackendBufferPK18TfLiteAttributeMap;_ZN6tflite5async20AsyncSignatureRunner4WaitEP19TfLiteExecutionTask;_ZN6tflite5async20AsyncSignatureRunner6FinishEP19TfLiteExecutionTask;_ZN6tflite5async20AsyncSignatureRunnerC1EPKNS_8internal12SignatureDefEPNS_8SubgraphE;_ZN6tflite5async20AsyncSignatureRunnerC2EPKNS_8internal12SignatureDefEPNS_8SubgraphE;_ZNK6tflite5async20AsyncSignatureRunner12input_tensorEPKc;_ZNK6tflite5async20AsyncSignatureRunner13output_tensorEPKc;_ZNK6tflite5async20AsyncSignatureRunner14GetTensorIndexE12TfLiteIoTypePKc;_ZNK6tflite5async20AsyncSignatureRunner20SupportedBufferTypesE12TfLiteIoType;_ZNK6tflite5async20AsyncSignatureRunner21ReconcileRestrictionsE12TfLiteIoTypePKcPK18TfLiteAttributeMapPS5_S8_;_ZNK6tflite5async20AsyncSignatureRunner21ReconcileRestrictionsEiPK18TfLiteAttributeMapPS2_S5_;_ZNK6tflite5async20AsyncSignatureRunner25SupportedSynchronizationsE12TfLiteIoType
inference-engine-tflite	armv7l	inference-engine-tflite/usr/lib/libinference-engine-tflite.so	libtensorflow2-lite.a	async_subgraph.cc.o	21	_ZN6tflite5async13AsyncSubgraph10CreateTaskEv;_ZN6tflite5async13AsyncSubgraph11InvokeAsyncEP19TfLiteExecutionTask;_ZN6tflite5async13AsyncSubgraph13SetAttributesEiPK18TfLiteAttributeMap;_ZN6tflite5async13AsyncSubgraph14RegisterBufferE12TfLiteIoTypePK19TfLiteBackendBufferPK18TfLiteAttributeMapPi;_ZN6tflite5async13AsyncSubgraph16UnregisterBufferEi;_ZN6tflite5async13AsyncSubgraph19GetBufferAttributesEPK19TfLiteBackendBufferP18TfLiteAttributeMap;_ZN6tflite5async13AsyncSubgraph19RegisterBufferSliceEiPK18TfLiteAttributeMapPi;_ZN6tflite5async13AsyncSubgraph19SetBufferAttributesEPK19TfLiteBackendBufferPK18TfLiteAttributeMap;_ZN6tflite5async13AsyncSubgraph4WaitEP19TfLiteExecutionTask;_ZN6tflite5async13AsyncSubgraph6FinishEP19TfLiteExecutionTask;_ZN6tflite5async13AsyncSubgraph7PrepareEv;_ZN6tflite5async13AsyncSubgraphC1EPNS_8SubgraphE;_ZN6tflite5async13AsyncSubgraphC2EPNS_8SubgraphE;_ZNK6tflite5async13AsyncSubgraph12async_kernelEv;_ZNK6tflite5async13AsyncSubgraph14opaque_contextEv;_ZNK6tflite5async13AsyncSubgraph16IsFullyDelegatedEv;_ZNK6tflite5async13AsyncSubgraph20SupportedBufferTypesE12TfLiteIoType;_ZNK6tflite5async13AsyncSubgraph21ReconcileRestrictionsEiPK18TfLiteAttributeMapPS2_S5_;_ZNK6tflite5async13AsyncSubgraph25SupportedSynchronizationsE12TfLiteIoType;_ZNK6tflite5async13AsyncSubgraph7contextEv;_ZNK6tflite5async13AsyncSubgraph8subgraphEv
inference-engine-tflite	armv7l	inference-engine-tflite/usr/lib/libinference-engine-tflite.so	libtensorflow2-lite.a	atan2.cc.o	4	_ZN6tflite3ops7builtin14Register_ATAN2Ev;_ZN6tflite3ops7builtin5atan212Atan2PrepareEP13TfLiteContextP10TfLiteNode;_ZN6tflite3ops7builtin5atan215EnsureSameShapeEP13TfLiteContextPK12TfLiteTensorS7_;_ZN6tflite3ops7builtin5atan29Atan2EvalEP13TfLiteContextP10TfLiteNode
inference-engine-tflite	armv7l	inference-engine-tflite/usr/lib/libinference-engine-tflite.so	libtensorflow2-lite.a	audio_spectrogram.cc.o	4	_ZN6tflite3ops6custom17audio_spectrogram4FreeEP13TfLiteContextPv;_ZN6tflite3ops6custom17audio_spectrogram4InitEP13TfLiteContextPKcj;_ZN6tflite3ops6custom17audio_spectrogram7PrepareEP13TfLiteContextP10TfLiteNode;_ZN6tflite3ops6custom26Register_AUDIO_SPECTROGRAMEv
inference-engine-tflite	armv7l	inference-engine-tflite/usr/lib/libinference-engine-tflite.so	libtensorflow2-lite.a	average-pooling-2d.c.o	1	xnn_define_average_pooling_2d
inference-engine-tflite	armv7l	inference-engine-tflite/usr/lib/libinference-engine-tflite.so	libtensorflow2-lite.a	average-pooling-nhwc.c.o	10	create_average_pooling2d_nhwc;xnn_create_average_pooling2d_nhwc_f16;xnn_create_average_pooling2d_nhwc_f32;xnn_create_average_pooling2d_nhwc_qu8;xnn_reshape_average_pooling2d_nhwc_f16;xnn_reshape_average_pooling2d_nhwc_f32;xnn_reshape_average_pooling2d_nhwc_qu8;xnn_setup_average_pooling2d_nhwc_f16;xnn_setup_average_pooling2d_nhwc_f32;xnn_setup_average_pooling2d_nhwc_qu8
inference-engine-tflite	armv7l	inference-engine-tflite/usr/lib/libinference-engine-tflite.so	libtensorflow2-lite.a	bankers-rounding.c.o	1	xnn_define_bankers_rounding
inference-engine-tflite	armv7l	inference-engine-tflite/usr/lib/libinference-engine-tflite.so	libtensorflow2-lite.a	basic_rnn.cc.o	7	_ZN6tflite3ops7builtin12Register_RNNEv;_ZN6tflite3ops7builtin3rnn10EvalHybridEPK12TfLiteTensorS5_S5_S5_PK15TfLiteRNNParamsPS3_S9_S9_S9_S9_S9_S9_S9_Pb;_ZN6tflite3ops7builtin3rnn4EvalEP13TfLiteContextP10TfLiteNode;_ZN6tflite3ops7builtin3rnn4FreeEP13TfLiteContextPv;_ZN6tflite3ops7builtin3rnn4InitEP13TfLiteContextPKcj;_ZN6tflite3ops7builtin3rnn7PrepareEP13TfLiteContextP10TfLiteNode;_ZN6tflite3ops7builtin3rnn9EvalFloatEPK12TfLiteTensorS5_S5_S5_PK15TfLiteRNNParamsPS3_S9_
inference-engine-tflite	armv7l	inference-engine-tflite/usr/lib/libinference-engine-tflite.so	libtensorflow2-lite.a	batch-matrix-multiply-nc.c.o	10	create_batch_matrix_multiply_nc;xnn_create_batch_matrix_multiply_nc_f16;xnn_create_batch_matrix_multiply_nc_f32;xnn_create_batch_matrix_multiply_nc_qd8_f32_qc8w;xnn_reshape_batch_matrix_multiply_nc_f16;xnn_reshape_batch_matrix_multiply_nc_f32;xnn_reshape_batch_matrix_multiply_nc_qd8_f32_qc8w;xnn_setup_batch_matrix_multiply_nc_f16;xnn_setup_batch_matrix_multiply_nc_f32;xnn_setup_batch_matrix_multiply_nc_qd8_f32_qc8w
inference-engine-tflite	armv7l	inference-engine-tflite/usr/lib/libinference-engine-tflite.so	libtensorflow2-lite.a	batch-matrix-multiply.c.o	1	xnn_define_batch_matrix_multiply
inference-engine-tflite	armv7l	inference-engine-tflite/usr/lib/libinference-engine-tflite.so	libtensorflow2-lite.a	batch_matmul.cc.o	13	_ZN6tflite3ops7builtin12batch_matmul10EvalHybridEP13TfLiteContextP10TfLiteNodePNS2_6OpDataERKNS_12RuntimeShapeEPK12TfLiteTensorSB_SE_PSC_SF_SF_SF_SF_SF_;_ZN6tflite3ops7builtin12batch_matmul10GetTempLhsEP13TfLiteContextP10TfLiteNodePK12TfLiteTensor;_ZN6tflite3ops7builtin12batch_matmul10GetTempRhsEP13TfLiteContextP10TfLiteNodePK12TfLiteTensor;_ZN6tflite3ops7builtin12batch_matmul17SwapRowColumnDimsERKNS_12RuntimeShapeE;_ZN6tflite3ops7builtin12batch_matmul18ResizeOutputTensorEP13TfLiteContextRKNS_12RuntimeShapeES7_bbiP12TfLiteTensor;_ZN6tflite3ops7builtin12batch_matmul20TransposeRowsColumnsEP13TfLiteContextPK12TfLiteTensorPS5_;_ZN6tflite3ops7builtin12batch_matmul21InitializeTemporariesEP13TfLiteContextP10TfLiteNodePNS2_9OpContextE;_ZN6tflite3ops7builtin12batch_matmul4FreeEP13TfLiteContextPv;_ZN6tflite3ops7builtin12batch_matmul4InitEP13TfLiteContextPKcj;_ZN6tflite3ops7builtin12batch_matmul7PrepareEP13TfLiteContextP10TfLiteNode;_ZN6tflite3ops7builtin21Register_BATCH_MATMULEv;_ZN6tflite3ops7builtin25Register_BATCH_MATMUL_REFEv;_ZN6tflite3ops7builtin39Register_BATCH_MATMUL_GENERIC_OPTIMIZEDEv
inference-engine-tflite	armv7l	inference-engine-tflite/usr/lib/libinference-engine-tflite.so	libtensorflow2-lite.a	batch_to_space_nd.cc.o	5	_ZN6tflite3ops7builtin17batch_to_space_nd18ResizeOutputTensorEP13TfLiteContextPNS2_21BatchToSpaceNDContextE;_ZN6tflite3ops7builtin17batch_to_space_nd7PrepareEP13TfLiteContextP10TfLiteNode;_ZN6tflite3ops7builtin26Register_BATCH_TO_SPACE_NDEv;_ZN6tflite3ops7builtin30Register_BATCH_TO_SPACE_ND_REFEv;_ZN6tflite3ops7builtin38Register_BATCH_TO_SPACE_ND_GENERIC_OPTEv
inference-engine-tflite	armv7l	inference-engine-tflite/usr/lib/libinference-engine-tflite.so	libtensorflow2-lite.a	bidirectional_sequence_lstm.cc.o	7	_ZN6tflite3ops7builtin27bidirectional_sequence_lstm26CheckInputTensorDimensionsEP13TfLiteContextP10TfLiteNodeiii;_ZN6tflite3ops7builtin27bidirectional_sequence_lstm33CheckLstmTensorDimensionsAndTypesEP13TfLiteContextP10TfLiteNodeiiiiiiiiiiiiiiiiiiii;_ZN6tflite3ops7builtin27bidirectional_sequence_lstm4EvalEP13TfLiteContextP10TfLiteNode;_ZN6tflite3ops7builtin27bidirectional_sequence_lstm4FreeEP13TfLiteContextPv;_ZN6tflite3ops7builtin27bidirectional_sequence_lstm4InitEP13TfLiteContextPKcj;_ZN6tflite3ops7builtin27bidirectional_sequence_lstm7PrepareEP13TfLiteContextP10TfLiteNode;_ZN6tflite3ops7builtin36Register_BIDIRECTIONAL_SEQUENCE_LSTMEv
inference-engine-tflite	armv7l	inference-engine-tflite/usr/lib/libinference-engine-tflite.so	libtensorflow2-lite.a	bidirectional_sequence_rnn.cc.o	7	_ZN6tflite3ops7builtin26bidirectional_sequence_rnn10EvalHybridEPK12TfLiteTensorS5_S5_S5_S5_S5_S5_S5_S5_S5_S5_PK36TfLiteBidirectionalSequenceRNNParamsPS3_S9_S9_S9_S9_S9_S9_S9_S9_S9_S9_S9_S9_PbSA_;_ZN6tflite3ops7builtin26bidirectional_sequence_rnn4EvalEP13TfLiteContextP10TfLiteNode;_ZN6tflite3ops7builtin26bidirectional_sequence_rnn4FreeEP13TfLiteContextPv;_ZN6tflite3ops7builtin26bidirectional_sequence_rnn4InitEP13TfLiteContextPKcj;_ZN6tflite3ops7builtin26bidirectional_sequence_rnn7PrepareEP13TfLiteContextP10TfLiteNode;_ZN6tflite3ops7builtin26bidirectional_sequence_rnn9EvalFloatEPK12TfLiteTensorS5_S5_S5_S5_S5_S5_S5_S5_S5_S5_PK36TfLiteBidirectionalSequenceRNNParamsPS3_S9_S9_S9_;_ZN6tflite3ops7builtin35Register_BIDIRECTIONAL_SEQUENCE_RNNEv
inference-engine-tflite	armv7l	inference-engine-tflite/usr/lib/libinference-engine-tflite.so	libtensorflow2-lite.a	binary-elementwise-nd.c.o	79	xnn_create_add_nd_f16;xnn_create_add_nd_f32;xnn_create_add_nd_qs8;xnn_create_add_nd_qu8;xnn_create_copysign_nd_f32;xnn_create_divide_nd_f16;xnn_create_divide_nd_f32;xnn_create_maximum_nd_f16;xnn_create_maximum_nd_f32;xnn_create_minimum_nd_f16;xnn_create_minimum_nd_f32;xnn_create_multiply_nd_f16;xnn_create_multiply_nd_f32;xnn_create_multiply_nd_qs8;xnn_create_multiply_nd_qu8;xnn_create_multiply_nd_s32;xnn_create_squared_difference_nd_f16;xnn_create_squared_difference_nd_f32;xnn_create_subtract_nd_f16;xnn_create_subtract_nd_f32;xnn_create_subtract_nd_qs8;xnn_create_subtract_nd_qu8;xnn_reshape_add_nd_f16;xnn_reshape_add_nd_f32;xnn_reshape_add_nd_qs8;xnn_reshape_add_nd_qu8;xnn_reshape_copysign_nd_f32;xnn_reshape_divide_nd_f16;xnn_reshape_divide_nd_f32;xnn_reshape_maximum_nd_f16;xnn_reshape_maximum_nd_f32;xnn_reshape_minimum_nd_f16;xnn_reshape_minimum_nd_f32;xnn_reshape_multiply_nd_f16;xnn_reshape_multiply_nd_f32;xnn_reshape_multiply_nd_qs8;xnn_reshape_multiply_nd_qu8;xnn_reshape_multiply_nd_s32;xnn_reshape_squared_difference_nd_f16;xnn_reshape_squared_difference_nd_f32;xnn_reshape_subtract_nd_f16;xnn_reshape_subtract_nd_f32;xnn_reshape_subtract_nd_qs8;xnn_reshape_subtract_nd_qu8;xnn_run_add_nd_f32;xnn_run_add_nd_qs8;xnn_run_add_nd_qu8;xnn_run_divide_nd_f32;xnn_run_maximum_nd_f32;xnn_run_minimum_nd_f32;xnn_run_multiply_nd_f32;xnn_run_multiply_nd_qs8;xnn_run_multiply_nd_qu8;xnn_run_squared_difference_nd_f32;xnn_run_subtract_nd_f32;xnn_run_subtract_nd_qs8;xnn_run_subtract_nd_qu8;xnn_setup_add_nd_f16;xnn_setup_add_nd_f32;xnn_setup_add_nd_qs8;xnn_setup_add_nd_qu8;xnn_setup_copysign_nd_f32;xnn_setup_divide_nd_f16;xnn_setup_divide_nd_f32;xnn_setup_maximum_nd_f16;xnn_setup_maximum_nd_f32;xnn_setup_minimum_nd_f16;xnn_setup_minimum_nd_f32;xnn_setup_multiply_nd_f16;xnn_setup_multiply_nd_f32;xnn_setup_multiply_nd_qs8;xnn_setup_multiply_nd_qu8;xnn_setup_multiply_nd_s32;xnn_setup_squared_difference_nd_f16;xnn_setup_squared_difference_nd_f32;xnn_setup_subtract_nd_f16;xnn_setup_subtract_nd_f32;xnn_setup_subtract_nd_qs8;xnn_setup_subtract_nd_qu8
inference-engine-tflite	armv7l	inference-engine-tflite/usr/lib/libinference-engine-tflite.so	libtensorflow2-lite.a	bind.cc.o	4	_ZN4absl12lts_2023080219str_format_internal12BindWithPackEPKNS1_17UnboundConversionENS0_4SpanIKNS1_13FormatArgImplEEEPNS1_15BoundConversionE;_ZN4absl12lts_2023080219str_format_internal13FormatUntypedENS1_17FormatRawSinkImplENS1_21UntypedFormatSpecImplENS0_4SpanIKNS1_13FormatArgImplEEE;_ZN4absl12lts_2023080219str_format_internal7FprintFEP8_IO_FILENS1_21UntypedFormatSpecImplENS0_4SpanIKNS1_13FormatArgImplEEE;_ZN4absl12lts_2023080219str_format_internal8SnprintFEPcjNS1_21UntypedFormatSpecImplENS0_4SpanIKNS1_13FormatArgImplEEE
inference-engine-tflite	armv7l	inference-engine-tflite/usr/lib/libinference-engine-tflite.so	libtensorflow2-lite.a	bitcast.cc.o	4	_ZN6tflite3ops7builtin16Register_BITCASTEv;_ZN6tflite3ops7builtin7bitcast14CalculateShapeEP13TfLiteContextPK12TfLiteTensorS7_PP14TfLiteIntArray;_ZN6tflite3ops7builtin7bitcast4EvalEP13TfLiteContextP10TfLiteNode;_ZN6tflite3ops7builtin7bitcast7PrepareEP13TfLiteContextP10TfLiteNode
inference-engine-tflite	armv7l	inference-engine-tflite/usr/lib/libinference-engine-tflite.so	libtensorflow2-lite.a	bitwise_xor.cc.o	5	_ZN6tflite3ops7builtin11bitwise_xor4EvalEP13TfLiteContextP10TfLiteNode;_ZN6tflite3ops7builtin11bitwise_xor4FreeEP13TfLiteContextPv;_ZN6tflite3ops7builtin11bitwise_xor4InitEP13TfLiteContextPKcj;_ZN6tflite3ops7builtin11bitwise_xor7PrepareEP13TfLiteContextP10TfLiteNode;_ZN6tflite3ops7builtin20Register_BITWISE_XOREv
inference-engine-tflite	armv7l	inference-engine-tflite/usr/lib/libinference-engine-tflite.so	libtensorflow2-lite.a	block_map.cc.o	5	_ZN3ruy12MakeBlockMapEiiiiiiiiRKNS_14CpuCacheParamsEPNS_8BlockMapE;_ZN3ruy15GetBlockByIndexERKNS_8BlockMapEiPNS_8SidePairIiEE;_ZN3ruy20GetBlockMatrixCoordsENS_4SideERKNS_8BlockMapEiPiS4_;_ZN3ruy20GetBlockMatrixCoordsERKNS_8BlockMapERKNS_8SidePairIiEEPS4_S7_;_ZN3ruy26IsObviouslyLinearTraversalEiiiiiRKNS_14CpuCacheParamsE
inference-engine-tflite	armv7l	inference-engine-tflite/usr/lib/libinference-engine-tflite.so	libtensorflow2-lite.a	blocking_counter.cc.o	2	_ZN3ruy15BlockingCounter14DecrementCountEv;_ZN3ruy15BlockingCounter5ResetEi
inference-engine-tflite	armv7l	inference-engine-tflite/usr/lib/libinference-engine-tflite.so	libtensorflow2-lite.a	broadcast_args.cc.o	4	_ZN6tflite3ops7builtin14broadcast_args4EvalEP13TfLiteContextP10TfLiteNode;_ZN6tflite3ops7builtin14broadcast_args7PrepareEP13TfLiteContextP10TfLiteNode;_ZN6tflite3ops7builtin14broadcast_args8EvalImplEP13TfLiteContextP10TfLiteNode;_ZN6tflite3ops7builtin23Register_BROADCAST_ARGSEv
inference-engine-tflite	armv7l	inference-engine-tflite/usr/lib/libinference-engine-tflite.so	libtensorflow2-lite.a	broadcast_to.cc.o	4	_ZN6tflite3ops7builtin11broadcastto18ResizeOutputTensorEP13TfLiteContextPNS2_18BroadcastToContextE;_ZN6tflite3ops7builtin11broadcastto4EvalEP13TfLiteContextP10TfLiteNode;_ZN6tflite3ops7builtin11broadcastto7PrepareEP13TfLiteContextP10TfLiteNode;_ZN6tflite3ops7builtin21Register_BROADCAST_TOEv
inference-engine-tflite	armv7l	inference-engine-tflite/usr/lib/libinference-engine-tflite.so	libtensorflow2-lite.a	bucketize.cc.o	1	_ZN6tflite3ops7builtin18Register_BUCKETIZEEv
inference-engine-tflite	armv7l	inference-engine-tflite/usr/lib/libinference-engine-tflite.so	libtensorflow2-lite.a	buffer.cc.o	18	_ZN6tflite3gpu2cl18CreateBufferSharedEP7_cl_mem;_ZN6tflite3gpu2cl20CreateReadOnlyBufferEjPKvPNS1_9CLContextEPNS1_6BufferE;_ZN6tflite3gpu2cl20CreateReadOnlyBufferEjPNS1_9CLContextEPNS1_6BufferE;_ZN6tflite3gpu2cl21CreateReadWriteBufferEjPNS1_9CLContextEPNS1_6BufferE;_ZN6tflite3gpu2cl24CreateReadWriteSubBufferERKNS1_6BufferEjjPNS1_9CLContextEPS2_;_ZN6tflite3gpu2cl6Buffer26CreateFromBufferDescriptorERKNS0_16BufferDescriptorEPNS1_9CLContextE;_ZN6tflite3gpu2cl6Buffer7ReleaseEv;_ZN6tflite3gpu2cl6BufferC1EOS2_;_ZN6tflite3gpu2cl6BufferC1EP7_cl_mem;_ZN6tflite3gpu2cl6BufferC1EP7_cl_memjb;_ZN6tflite3gpu2cl6BufferC2EOS2_;_ZN6tflite3gpu2cl6BufferC2EP7_cl_mem;_ZN6tflite3gpu2cl6BufferC2EP7_cl_memjb;_ZN6tflite3gpu2cl6BufferaSEOS2_;_ZNK6tflite3gpu2cl6Buffer15GetGPUResourcesEPKNS0_19GPUObjectDescriptorEPNS1_21GPUResourcesWithValueE;_ZTIN6tflite3gpu2cl6BufferE;_ZTSN6tflite3gpu2cl6BufferE;_ZTVN6tflite3gpu2cl6BufferE
inference-engine-tflite	armv7l	inference-engine-tflite/usr/lib/libinference-engine-tflite.so	libtensorflow2-lite.a	buffer_desc.cc.o	5	_ZN6tflite3gpu16BufferDescriptor7ReleaseEv;_ZNK6tflite3gpu16BufferDescriptor15GetGPUResourcesERKNS0_7GpuInfoE;_ZTIN6tflite3gpu16BufferDescriptorE;_ZTSN6tflite3gpu16BufferDescriptorE;_ZTVN6tflite3gpu16BufferDescriptorE
inference-engine-tflite	armv7l	inference-engine-tflite/usr/lib/libinference-engine-tflite.so	libtensorflow2-lite.a	build_identifier.c.o	3	xnn_experimental_check_build_identifier;xnn_experimental_get_build_identifier_data;xnn_experimental_get_build_identifier_size
inference-engine-tflite	armv7l	inference-engine-tflite/usr/lib/libinference-engine-tflite.so	libtensorflow2-lite.a	cache.c.o	17	murmur_hash3;xnn_finalize_weights_cache;xnn_get_or_insert_cache;xnn_init_cache_with_size;xnn_internal_delete_weights_cache;xnn_internal_finalize_weights_cache;xnn_internal_get_or_insert_weights_cache;xnn_internal_init_weights_cache;xnn_internal_init_weights_cache_with_size;xnn_internal_release_weights_cache;xnn_internal_reserve_space_in_weights_cache;xnn_internal_weights_cache_is_finalized;xnn_internal_weights_cache_look_up;xnn_internal_weights_cache_offset_to_addr;xnn_look_up_or_insert_weights_cache;xnn_weights_cache_is_finalized;xnn_weights_cache_look_up
inference-engine-tflite	armv7l	inference-engine-tflite/usr/lib/libinference-engine-tflite.so	libtensorflow2-lite.a	call_once.cc.o	5	_ZN6tflite3ops7builtin16call_once_kernel4EvalEP13TfLiteContextP10TfLiteNode;_ZN6tflite3ops7builtin16call_once_kernel4FreeEP13TfLiteContextPv;_ZN6tflite3ops7builtin16call_once_kernel4InitEP13TfLiteContextPKcj;_ZN6tflite3ops7builtin16call_once_kernel7PrepareEP13TfLiteContextP10TfLiteNode;_ZN6tflite3ops7builtin18Register_CALL_ONCEEv
inference-engine-tflite	armv7l	inference-engine-tflite/usr/lib/libinference-engine-tflite.so	libtensorflow2-lite.a	cast.cc.o	2	_ZN6tflite3gpu10CreateCastERKNS0_12OperationDefERKNS0_7GpuInfoE;_ZN6tflite3ops7builtin13Register_CASTEv
inference-engine-tflite	armv7l	inference-engine-tflite/usr/lib/libinference-engine-tflite.so	libtensorflow2-lite.a	ceil.cc.o	3	_ZN6tflite3ops7builtin13Register_CEILEv;_ZN6tflite3ops7builtin4ceil4EvalEP13TfLiteContextP10TfLiteNode;_ZN6tflite3ops7builtin4ceil7PrepareEP13TfLiteContextP10TfLiteNode
inference-engine-tflite	armv7l	inference-engine-tflite/usr/lib/libinference-engine-tflite.so	libtensorflow2-lite.a	ceiling.c.o	1	xnn_define_ceiling
inference-engine-tflite	armv7l	inference-engine-tflite/usr/lib/libinference-engine-tflite.so	libtensorflow2-lite.a	charconv.cc.o	2	_ZN4absl12lts_2023080210from_charsEPKcS2_RdNS0_12chars_formatE;_ZN4absl12lts_2023080210from_charsEPKcS2_RfNS0_12chars_formatE
inference-engine-tflite	armv7l	inference-engine-tflite/usr/lib/libinference-engine-tflite.so	libtensorflow2-lite.a	charconv_bigint.cc.o	2	_ZN4absl12lts_2023080216strings_internal10kFiveToNthE;_ZN4absl12lts_2023080216strings_internal9kTenToNthE
inference-engine-tflite	armv7l	inference-engine-tflite/usr/lib/libinference-engine-tflite.so	libtensorflow2-lite.a	chipset.c.o	1	cpuinfo_arm_fixup_raspberry_pi_chipset
inference-engine-tflite	armv7l	inference-engine-tflite/usr/lib/libinference-engine-tflite.so	libtensorflow2-lite.a	city.cc.o	4	_ZN4absl12lts_2023080213hash_internal10CityHash32EPKcj;_ZN4absl12lts_2023080213hash_internal10CityHash64EPKcj;_ZN4absl12lts_2023080213hash_internal18CityHash64WithSeedEPKcjy;_ZN4absl12lts_2023080213hash_internal19CityHash64WithSeedsEPKcjyy
inference-engine-tflite	armv7l	inference-engine-tflite/usr/lib/libinference-engine-tflite.so	libtensorflow2-lite.a	cl_arguments.cc.o	10	_ZN6tflite3gpu2cl11CLArguments13AddObjectArgsERKNS0_7GpuInfoERKNS0_9ArgumentsE;_ZN6tflite3gpu2cl11CLArguments13CopyArgumentsERKNS0_9ArgumentsEb;_ZN6tflite3gpu2cl11CLArguments15AllocateObjectsERKNS0_9ArgumentsEPNS1_9CLContextE;_ZN6tflite3gpu2cl11CLArguments19SetObjectsResourcesERKNS0_9ArgumentsE;_ZN6tflite3gpu2cl11CLArguments4BindEP10_cl_kerneli;_ZN6tflite3gpu2cl11CLArguments4InitERKNS0_7GpuInfoEPNS0_9ArgumentsEPNS1_9CLContextE;_ZNK6tflite3gpu2cl11CLArguments23HasEqualScalarArgumentsERKS2_;_ZTIN6tflite3gpu2cl11CLArgumentsE;_ZTSN6tflite3gpu2cl11CLArgumentsE;_ZTVN6tflite3gpu2cl11CLArgumentsE
inference-engine-tflite	armv7l	inference-engine-tflite/usr/lib/libinference-engine-tflite.so	libtensorflow2-lite.a	cl_command_buffer.cc.o	7	_ZN6tflite3gpu2cl15CLCommandBuffer4InitEPNS1_14CLCommandQueueEb;_ZN6tflite3gpu2cl15CLCommandBuffer7EnqueueEPNS1_14CLCommandQueueEPNS1_7CLEventE;_ZN6tflite3gpu2cl15CLCommandBuffer7ReleaseEv;_ZN6tflite3gpu2cl15CLCommandBuffer8FinalizeEv;_ZN6tflite3gpu2cl15CLCommandBufferC1EOS2_;_ZN6tflite3gpu2cl15CLCommandBufferC2EOS2_;_ZN6tflite3gpu2cl15CLCommandBufferaSEOS2_
inference-engine-tflite	armv7l	inference-engine-tflite/usr/lib/libinference-engine-tflite.so	libtensorflow2-lite.a	cl_command_queue.cc.o	36	_ZN6tflite3gpu2cl14CLCommandQueue12EnqueueEventEPNS1_7CLEventE;_ZN6tflite3gpu2cl14CLCommandQueue16EnqueueReadImageEP7_cl_memNS0_4Vec3IiEEPvb;_ZN6tflite3gpu2cl14CLCommandQueue17EnqueueReadBufferEP7_cl_memjPvb;_ZN6tflite3gpu2cl14CLCommandQueue17EnqueueWriteImageEP7_cl_memNS0_4Vec3IiEEPKvb;_ZN6tflite3gpu2cl14CLCommandQueue17WaitForCompletionEv;_ZN6tflite3gpu2cl14CLCommandQueue18EnqueueWriteBufferEP7_cl_memjPKvb;_ZN6tflite3gpu2cl14CLCommandQueue7ReleaseEv;_ZN6tflite3gpu2cl14CLCommandQueue8DispatchERKNS1_8CLKernelERKNS0_4Vec3IiEES9_;_ZN6tflite3gpu2cl14CLCommandQueue8DispatchERKNS1_8CLKernelERKNS0_4Vec3IiEES9_PNS1_7CLEventE;_ZN6tflite3gpu2cl14CLCommandQueueC1EOS2_;_ZN6tflite3gpu2cl14CLCommandQueueC1EP17_cl_command_queueb;_ZN6tflite3gpu2cl14CLCommandQueueC2EOS2_;_ZN6tflite3gpu2cl14CLCommandQueueC2EP17_cl_command_queueb;_ZN6tflite3gpu2cl14CLCommandQueueD0Ev;_ZN6tflite3gpu2cl14CLCommandQueueD1Ev;_ZN6tflite3gpu2cl14CLCommandQueueD2Ev;_ZN6tflite3gpu2cl14CLCommandQueueaSEOS2_;_ZN6tflite3gpu2cl20CreateCLCommandQueueERKNS1_8CLDeviceERKNS1_9CLContextEPNS1_14CLCommandQueueE;_ZN6tflite3gpu2cl21ProfilingCommandQueue14DispatchNTimesERKNS1_8CLKernelERKNS0_4Vec3IiEES9_ii;_ZN6tflite3gpu2cl21ProfilingCommandQueue17ResetMeasurementsEv;_ZN6tflite3gpu2cl21ProfilingCommandQueue8DispatchERKNS1_8CLKernelERKNS0_4Vec3IiEES9_;_ZN6tflite3gpu2cl21ProfilingCommandQueueC1EOS2_;_ZN6tflite3gpu2cl21ProfilingCommandQueueC1EP17_cl_command_queue;_ZN6tflite3gpu2cl21ProfilingCommandQueueC2EOS2_;_ZN6tflite3gpu2cl21ProfilingCommandQueueC2EP17_cl_command_queue;_ZN6tflite3gpu2cl21ProfilingCommandQueueaSEOS2_;_ZN6tflite3gpu2cl27CreateProfilingCommandQueueERKNS1_8CLDeviceERKNS1_9CLContextEPNS1_21ProfilingCommandQueueE;_ZNK6tflite3gpu2cl21ProfilingCommandQueue16GetProfilingInfoEv;_ZNK6tflite3gpu2cl21ProfilingCommandQueue20GetSumOfEventsTimeMsEv;_ZNK6tflite3gpu2cl21ProfilingCommandQueue23GetQueueExecutionTimeMsEv;_ZTIN6tflite3gpu2cl14CLCommandQueueE;_ZTIN6tflite3gpu2cl21ProfilingCommandQueueE;_ZTSN6tflite3gpu2cl14CLCommandQueueE;_ZTSN6tflite3gpu2cl21ProfilingCommandQueueE;_ZTVN6tflite3gpu2cl14CLCommandQueueE;_ZTVN6tflite3gpu2cl21ProfilingCommandQueueE
inference-engine-tflite	armv7l	inference-engine-tflite/usr/lib/libinference-engine-tflite.so	libtensorflow2-lite.a	cl_context.cc.o	13	_ZN6tflite3gpu2cl15CreateCLContextERKNS1_8CLDeviceEPNS1_9CLContextE;_ZN6tflite3gpu2cl17CreateCLGLContextERKNS1_8CLDeviceEiiPNS1_9CLContextE;_ZN6tflite3gpu2cl9CLContext7ReleaseEv;_ZN6tflite3gpu2cl9CLContextC1EOS2_;_ZN6tflite3gpu2cl9CLContextC1EP11_cl_contextb;_ZN6tflite3gpu2cl9CLContextC1EP11_cl_contextbRNS1_8CLDeviceE;_ZN6tflite3gpu2cl9CLContextC2EOS2_;_ZN6tflite3gpu2cl9CLContextC2EP11_cl_contextb;_ZN6tflite3gpu2cl9CLContextC2EP11_cl_contextbRNS1_8CLDeviceE;_ZN6tflite3gpu2cl9CLContextD1Ev;_ZN6tflite3gpu2cl9CLContextD2Ev;_ZN6tflite3gpu2cl9CLContextaSEOS2_;_ZNK6tflite3gpu2cl9CLContext25IsFloatTexture2DSupportedEiNS0_8DataTypeEy
inference-engine-tflite	armv7l	inference-engine-tflite/usr/lib/libinference-engine-tflite.so	libtensorflow2-lite.a	cl_device.cc.o	10	_ZN6tflite3gpu2cl22CreateDefaultGPUDeviceEPNS1_8CLDeviceE;_ZN6tflite3gpu2cl8CLDevice27DisableOneLayerTextureArrayEv;_ZN6tflite3gpu2cl8CLDeviceC1EOS2_;_ZN6tflite3gpu2cl8CLDeviceC1EP13_cl_device_idP15_cl_platform_id;_ZN6tflite3gpu2cl8CLDeviceC1ERKS2_;_ZN6tflite3gpu2cl8CLDeviceC2EOS2_;_ZN6tflite3gpu2cl8CLDeviceC2EP13_cl_device_idP15_cl_platform_id;_ZN6tflite3gpu2cl8CLDeviceC2ERKS2_;_ZN6tflite3gpu2cl8CLDeviceaSEOS2_;_ZN6tflite3gpu2cl8CLDeviceaSERKS2_
inference-engine-tflite	armv7l	inference-engine-tflite/usr/lib/libinference-engine-tflite.so	libtensorflow2-lite.a	cl_event.cc.o	13	_ZN6tflite3gpu2cl7CLEvent7ReleaseEv;_ZN6tflite3gpu2cl7CLEventC1EOS2_;_ZN6tflite3gpu2cl7CLEventC1EP9_cl_event;_ZN6tflite3gpu2cl7CLEventC2EOS2_;_ZN6tflite3gpu2cl7CLEventC2EP9_cl_event;_ZN6tflite3gpu2cl7CLEventD1Ev;_ZN6tflite3gpu2cl7CLEventD2Ev;_ZN6tflite3gpu2cl7CLEventaSEOS2_;_ZNK6tflite3gpu2cl7CLEvent14GetEventTimeMsEv;_ZNK6tflite3gpu2cl7CLEvent14GetEventTimeNsEv;_ZNK6tflite3gpu2cl7CLEvent16GetStartedTimeNsEv;_ZNK6tflite3gpu2cl7CLEvent17GetFinishedTimeNsEv;_ZNK6tflite3gpu2cl7CLEvent4WaitEv
inference-engine-tflite	armv7l	inference-engine-tflite/usr/lib/libinference-engine-tflite.so	libtensorflow2-lite.a	cl_image_format.cc.o	2	_ZN6tflite3gpu2cl14ToChannelOrderEi;_ZN6tflite3gpu2cl21DataTypeToChannelTypeENS0_8DataTypeEb
inference-engine-tflite	armv7l	inference-engine-tflite/usr/lib/libinference-engine-tflite.so	libtensorflow2-lite.a	cl_kernel.cc.o	11	_ZN6tflite3gpu2cl8CLKernel12SetBytesAutoEPKvi;_ZN6tflite3gpu2cl8CLKernel13SetMemoryAutoEP7_cl_mem;_ZN6tflite3gpu2cl8CLKernel7ReleaseEv;_ZN6tflite3gpu2cl8CLKernel9SetMemoryEiP7_cl_mem;_ZN6tflite3gpu2cl8CLKernelC1EOS2_;_ZN6tflite3gpu2cl8CLKernelC2EOS2_;_ZN6tflite3gpu2cl8CLKernelD1Ev;_ZN6tflite3gpu2cl8CLKernelD2Ev;_ZN6tflite3gpu2cl8CLKernelaSEOS2_;_ZNK6tflite3gpu2cl8CLKernel6ReInitEv;_ZNK6tflite3gpu2cl8CLKernel8SetBytesEiPKvi
inference-engine-tflite	armv7l	inference-engine-tflite/usr/lib/libinference-engine-tflite.so	libtensorflow2-lite.a	cl_operation.cc.o	6	_ZN6tflite3gpu2cl11ClOperation12SetDstTensorEiPNS1_6TensorE;_ZN6tflite3gpu2cl11ClOperation12SetSrcTensorEiPNS1_6TensorE;_ZN6tflite3gpu2cl11ClOperation12UpdateParamsEv;_ZN6tflite3gpu2cl11ClOperation19RestoreDeserializedERKNS1_12ProgramCacheEyRKNS0_7GpuInfoERKNS0_4Vec3IiEEPNS1_9CLContextE;_ZN6tflite3gpu2cl11ClOperation4TuneENS0_10TuningTypeERKNS0_7GpuInfoEPNS1_21ProfilingCommandQueueE;_ZN6tflite3gpu2cl11ClOperation7CompileERKNS1_15CreationContextE
inference-engine-tflite	armv7l	inference-engine-tflite/usr/lib/libinference-engine-tflite.so	libtensorflow2-lite.a	cl_program.cc.o	9	_ZN6tflite3gpu2cl25CreateCLProgramFromBinaryERKNS1_9CLContextERKNS1_8CLDeviceEN4absl12lts_202308024SpanIKhEEPNS1_9CLProgramE;_ZN6tflite3gpu2cl9CLProgram7ReleaseEv;_ZN6tflite3gpu2cl9CLProgramC1EOS2_;_ZN6tflite3gpu2cl9CLProgramC1EP11_cl_programP13_cl_device_id;_ZN6tflite3gpu2cl9CLProgramC2EOS2_;_ZN6tflite3gpu2cl9CLProgramC2EP11_cl_programP13_cl_device_id;_ZN6tflite3gpu2cl9CLProgramD1Ev;_ZN6tflite3gpu2cl9CLProgramD2Ev;_ZN6tflite3gpu2cl9CLProgramaSEOS2_
inference-engine-tflite	armv7l	inference-engine-tflite/usr/lib/libinference-engine-tflite.so	libtensorflow2-lite.a	clamp.c.o	1	xnn_define_clamp
inference-engine-tflite	armv7l	inference-engine-tflite/usr/lib/libinference-engine-tflite.so	libtensorflow2-lite.a	clock.cc.o	2	_ZN4absl12lts_2023080219GetCurrentTimeNanosEv;_ZN4absl12lts_202308023NowEv
inference-engine-tflite	armv7l	inference-engine-tflite/usr/lib/libinference-engine-tflite.so	libtensorflow2-lite.a	common.cc.o	27	TfLiteDelegateCreate;TfLiteFloatArrayCopy;TfLiteFloatArrayCreate;TfLiteFloatArrayFree;TfLiteFloatArrayGetSizeInBytes;TfLiteIntArrayCopy;TfLiteIntArrayCreate;TfLiteIntArrayEqual;TfLiteIntArrayEqualsArray;TfLiteIntArrayFree;TfLiteIntArrayGetSizeInBytes;TfLiteQuantizationFree;TfLiteSparsityFree;TfLiteTensorCopy;TfLiteTensorDataFree;TfLiteTensorFree;TfLiteTensorGetAllocationStrategy;TfLiteTensorGetBufferAddressStability;TfLiteTensorGetDataKnownStep;TfLiteTensorGetDataStability;TfLiteTensorGetShapeKnownStep;TfLiteTensorRealloc;TfLiteTensorReset;TfLiteTensorResizeMaybeCopy;TfLiteTypeGetName;_ZN6tflite29MultiplyByQuantizedMultiplierEiii;_ZN6tflite29MultiplyByQuantizedMultiplierExii
inference-engine-tflite	armv7l	inference-engine-tflite/usr/lib/libinference-engine-tflite.so	libtensorflow2-lite.a	common_internal.cc.o	4	_Z29TfLiteDelegatePrepareInternalP13TfLiteContextP14TfLiteDelegate;_Z30TfLiteDelegateGetFlagsInternalP14TfLiteDelegate;_Z38TfLiteDelegateFreeBufferHandleInternalP13TfLiteContextP14TfLiteDelegatePi;_Z42TfLiteDelegateCopyFromBufferHandleInternalP13TfLiteContextP14TfLiteDelegateiP12TfLiteTensor
inference-engine-tflite	armv7l	inference-engine-tflite/usr/lib/libinference-engine-tflite.so	libtensorflow2-lite.a	comparisons.cc.o	7	_ZN6tflite13reference_ops35BroadcastComparison4DSlowPreprocessERKNS_12RuntimeShapeES3_S3_;_ZN6tflite3ops7builtin13Register_LESSEv;_ZN6tflite3ops7builtin14Register_EQUALEv;_ZN6tflite3ops7builtin16Register_GREATEREv;_ZN6tflite3ops7builtin18Register_NOT_EQUALEv;_ZN6tflite3ops7builtin19Register_LESS_EQUALEv;_ZN6tflite3ops7builtin22Register_GREATER_EQUALEv
inference-engine-tflite	armv7l	inference-engine-tflite/usr/lib/libinference-engine-tflite.so	libtensorflow2-lite.a	complex_support.cc.o	7	_ZN6tflite3ops7builtin13Register_IMAGEv;_ZN6tflite3ops7builtin13Register_REALEv;_ZN6tflite3ops7builtin20Register_COMPLEX_ABSEv;_ZN6tflite3ops7builtin7complex7EvalAbsEP13TfLiteContextP10TfLiteNode;_ZN6tflite3ops7builtin7complex7PrepareEP13TfLiteContextP10TfLiteNode;_ZN6tflite3ops7builtin7complex8EvalImagEP13TfLiteContextP10TfLiteNode;_ZN6tflite3ops7builtin7complex8EvalRealEP13TfLiteContextP10TfLiteNode
inference-engine-tflite	armv7l	inference-engine-tflite/usr/lib/libinference-engine-tflite.so	libtensorflow2-lite.a	concat_xy.cc.o	1	_ZN6tflite3gpu14CreateConcatXYERKNS0_12OperationDefERKNS0_16ConcatAttributesE
inference-engine-tflite	armv7l	inference-engine-tflite/usr/lib/libinference-engine-tflite.so	libtensorflow2-lite.a	concatenate.c.o	7	check_input_compute_type;check_input_value;xnn_define_concatenate2;xnn_define_concatenate3;xnn_define_concatenate4;xnn_define_concatenate5;xnn_define_concatenate_n
inference-engine-tflite	armv7l	inference-engine-tflite/usr/lib/libinference-engine-tflite.so	libtensorflow2-lite.a	concatenation.cc.o	4	_ZN6tflite3ops7builtin13concatenation7PrepareEP13TfLiteContextP10TfLiteNode;_ZN6tflite3ops7builtin22Register_CONCATENATIONEv;_ZN6tflite3ops7builtin26Register_CONCATENATION_REFEv;_ZN6tflite3ops7builtin34Register_CONCATENATION_GENERIC_OPTEv
inference-engine-tflite	armv7l	inference-engine-tflite/usr/lib/libinference-engine-tflite.so	libtensorflow2-lite.a	constant-pad-nd.c.o	13	run_constant_pad_nd;xnn_create_constant_pad_nd_x16;xnn_create_constant_pad_nd_x32;xnn_create_constant_pad_nd_x8;xnn_reshape_constant_pad_nd_x16;xnn_reshape_constant_pad_nd_x32;xnn_reshape_constant_pad_nd_x8;xnn_run_constant_pad_nd_x16;xnn_run_constant_pad_nd_x32;xnn_run_constant_pad_nd_x8;xnn_setup_constant_pad_nd_x16;xnn_setup_constant_pad_nd_x32;xnn_setup_constant_pad_nd_x8
inference-engine-tflite	armv7l	inference-engine-tflite/usr/lib/libinference-engine-tflite.so	libtensorflow2-lite.a	context.cc.o	19	_ZN3ruy7Context11mutable_ctxEv;_ZN3ruy7Context19ClearPrepackedCacheEv;_ZN3ruy7Context19mutable_thread_poolEv;_ZN3ruy7Context19set_explicit_tuningENS_6TuningE;_ZN3ruy7Context19set_max_num_threadsEi;_ZN3ruy7Context24set_num_threads_strategyENS_18NumThreadsStrategyE;_ZN3ruy7Context25get_runtime_enabled_pathsEv;_ZN3ruy7Context25set_runtime_enabled_pathsENS_4PathE;_ZN3ruy7ContextC1Ev;_ZN3ruy7ContextC2Ev;_ZN3ruy7ContextD1Ev;_ZN3ruy7ContextD2Ev;_ZNK3ruy7Context11thread_poolEv;_ZNK3ruy7Context14last_used_pathEv;_ZNK3ruy7Context15explicit_tuningEv;_ZNK3ruy7Context15max_num_threadsEv;_ZNK3ruy7Context20num_threads_strategyEv;_ZNK3ruy7Context20performance_advisoryENS_19PerformanceAdvisoryE;_ZNK3ruy7Context3ctxEv
inference-engine-tflite	armv7l	inference-engine-tflite/usr/lib/libinference-engine-tflite.so	libtensorflow2-lite.a	context_get_ctx.cc.o	2	_ZN3ruy7get_ctxEPKNS_7ContextE;_ZN3ruy7get_ctxEPNS_7ContextE
inference-engine-tflite	armv7l	inference-engine-tflite/usr/lib/libinference-engine-tflite.so	libtensorflow2-lite.a	conv.cc.o	12	_ZN6tflite3ops7builtin16Register_CONV_2DEv;_ZN6tflite3ops7builtin22Register_CONV_2D_UINT8Ev;_ZN6tflite3ops7builtin24Register_CONVOLUTION_REFEv;_ZN6tflite3ops7builtin30Register_CONVOLUTION_CBLAS_OPTEv;_ZN6tflite3ops7builtin32Register_CONVOLUTION_GENERIC_OPTEv;_ZN6tflite3ops7builtin38Register_CONVOLUTION_GENERIC_OPT_UINT8Ev;_ZN6tflite3ops7builtin38Register_CONVOLUTION_MULTITHREADED_OPTEv;_ZN6tflite3ops7builtin4conv16IsIm2ColRequiredEPK12TfLiteTensorP16TfLiteConvParamsS5_PNS2_6OpDataEbNS2_10KernelTypeE;_ZN6tflite3ops7builtin4conv20TransposeFloatTensorEPK12TfLiteTensorPS3_;_ZN6tflite3ops7builtin4conv4FreeEP13TfLiteContextPv;_ZN6tflite3ops7builtin4conv4InitEP13TfLiteContextPKcj;_ZN6tflite3ops7builtin4conv7PrepareENS2_10KernelTypeEP13TfLiteContextP10TfLiteNode
inference-engine-tflite	armv7l	inference-engine-tflite/usr/lib/libinference-engine-tflite.so	libtensorflow2-lite.a	conv3d.cc.o	9	_ZN6tflite3ops7builtin16Register_CONV_3DEv;_ZN6tflite3ops7builtin20Register_CONV_3D_REFEv;_ZN6tflite3ops7builtin28Register_CONV_3D_GENERIC_OPTEv;_ZN6tflite3ops7builtin6conv3d34AllocateTemporaryTensorsIfRequiredENS2_10KernelTypeEP13TfLiteContextP10TfLiteNodePNS2_6OpDataEP18TfLiteConv3DParamsPK12TfLiteTensorj;_ZN6tflite3ops7builtin6conv3d4EvalENS2_10KernelTypeEP13TfLiteContextP10TfLiteNode;_ZN6tflite3ops7builtin6conv3d4FreeEP13TfLiteContextPv;_ZN6tflite3ops7builtin6conv3d4InitEP13TfLiteContextPKcj;_ZN6tflite3ops7builtin6conv3d7PrepareENS2_10KernelTypeEP13TfLiteContextP10TfLiteNode;_ZN6tflite3ops7builtin6conv3d9EvalFloatENS2_10KernelTypeEP13TfLiteContextP10TfLiteNodeP18TfLiteConv3DParamsPNS2_6OpDataEPK12TfLiteTensorSE_SE_PSC_SF_
inference-engine-tflite	armv7l	inference-engine-tflite/usr/lib/libinference-engine-tflite.so	libtensorflow2-lite.a	conv3d_transpose.cc.o	9	_ZN6tflite3ops7builtin16conv3d_transpose31ResizeOutputAndTemporaryTensorsEP13TfLiteContextPNS2_6OpDataEP18TfLiteConv3DParamsPK12TfLiteTensorSB_SB_PS9_SC_;_ZN6tflite3ops7builtin16conv3d_transpose4EvalENS2_10KernelTypeEP13TfLiteContextP10TfLiteNode;_ZN6tflite3ops7builtin16conv3d_transpose4FreeEP13TfLiteContextPv;_ZN6tflite3ops7builtin16conv3d_transpose4InitEP13TfLiteContextPKcj;_ZN6tflite3ops7builtin16conv3d_transpose7PrepareENS2_10KernelTypeEP13TfLiteContextP10TfLiteNode;_ZN6tflite3ops7builtin16conv3d_transpose9EvalFloatENS2_10KernelTypeEP13TfLiteContextP10TfLiteNodeP18TfLiteConv3DParamsPNS2_6OpDataEPK12TfLiteTensorSE_SE_PSC_SF_;_ZN6tflite3ops7builtin26Register_CONV_3D_TRANSPOSEEv;_ZN6tflite3ops7builtin30Register_CONV_3D_TRANSPOSE_REFEv;_ZN6tflite3ops7builtin38Register_CONV_3D_TRANSPOSE_GENERIC_OPTEv
inference-engine-tflite	armv7l	inference-engine-tflite/usr/lib/libinference-engine-tflite.so	libtensorflow2-lite.a	conv_constants.cc.o	2	_ZN6tflite3gpu19CreateConvConstantsERKNS0_7GpuInfoERKNS0_12OperationDefERKNS0_23Convolution2DAttributesE;_ZN6tflite3gpu24IsConvConstantsSupportedERKNS0_7GpuInfoERKNS0_12OperationDefERKNS0_23Convolution2DAttributesE
inference-engine-tflite	armv7l	inference-engine-tflite/usr/lib/libinference-engine-tflite.so	libtensorflow2-lite.a	conv_generic.cc.o	42	_ZN6tflite3gpu11ConvGeneric12GenerateCodeERKNS0_7GpuInfoE;_ZN6tflite3gpu11ConvGeneric13BindArgumentsEPNS0_15ArgumentsBinderE;_ZN6tflite3gpu11ConvGeneric15GuessBestParamsERKNS0_7GpuInfoERKNS0_12OperationDefERKNS0_23Convolution2DAttributesEPKNS0_11StrongShapeILNS0_6LayoutE10EEE;_ZN6tflite3gpu11ConvGeneric15GuessBestParamsERKNS0_7GpuInfoERKNS0_12OperationDefERKNS0_23Convolution2DAttributesERKNS0_11StrongShapeILNS0_6LayoutE10EEEPSE_;_ZN6tflite3gpu11ConvGeneric15GuessBestParamsERKNS0_7GpuInfoERKNS0_12OperationDefERKNS0_23Convolution3DAttributesEPKNS0_11StrongShapeILNS0_6LayoutE12EEE;_ZN6tflite3gpu11ConvGeneric15GuessBestParamsERKNS0_7GpuInfoERKNS0_12OperationDefERKNS0_24FullyConnectedAttributesEPKNS0_11StrongShapeILNS0_6LayoutE10EEE;_ZN6tflite3gpu11ConvGeneric15GuessBestParamsERKNS0_7GpuInfoERKNS0_12OperationDefEiibbbPKNS0_11StrongShapeILNS0_6LayoutE10EEE;_ZN6tflite3gpu11ConvGeneric20GuessBestParamsAppleERKNS0_7GpuInfoERKNS0_12OperationDefEiibbbRKNS0_11StrongShapeILNS0_6LayoutE10EEE;_ZN6tflite3gpu11ConvGeneric24GuessBestParamsPointwiseERKNS0_7GpuInfoERKNS0_12OperationDefERKNS0_11StrongShapeILNS0_6LayoutE7EEEPKNS8_ILS9_10EEE;_ZN6tflite3gpu11ConvGenericC1EOS1_;_ZN6tflite3gpu11ConvGenericC1ERKNS0_12OperationDefE;_ZN6tflite3gpu11ConvGenericC1ERKNS0_12OperationDefERKNS0_23Convolution2DAttributesERKNS0_11StrongShapeILNS0_6LayoutE10EEERKNS0_7GpuInfoEPSB_;_ZN6tflite3gpu11ConvGenericC1ERKNS0_12OperationDefERKNS0_23Convolution2DAttributesERKNS0_7GpuInfoEPKNS0_11StrongShapeILNS0_6LayoutE10EEE;_ZN6tflite3gpu11ConvGenericC1ERKNS0_12OperationDefERKNS0_23Convolution3DAttributesERKNS0_7GpuInfoEPKNS0_11StrongShapeILNS0_6LayoutE12EEE;_ZN6tflite3gpu11ConvGenericC1ERKNS0_12OperationDefERKNS0_24FullyConnectedAttributesERKNS0_7GpuInfoEPKNS0_11StrongShapeILNS0_6LayoutE10EEE;_ZN6tflite3gpu11ConvGenericC2EOS1_;_ZN6tflite3gpu11ConvGenericC2ERKNS0_12OperationDefE;_ZN6tflite3gpu11ConvGenericC2ERKNS0_12OperationDefERKNS0_23Convolution2DAttributesERKNS0_11StrongShapeILNS0_6LayoutE10EEERKNS0_7GpuInfoEPSB_;_ZN6tflite3gpu11ConvGenericC2ERKNS0_12OperationDefERKNS0_23Convolution2DAttributesERKNS0_7GpuInfoEPKNS0_11StrongShapeILNS0_6LayoutE10EEE;_ZN6tflite3gpu11ConvGenericC2ERKNS0_12OperationDefERKNS0_23Convolution3DAttributesERKNS0_7GpuInfoEPKNS0_11StrongShapeILNS0_6LayoutE12EEE;_ZN6tflite3gpu11ConvGenericC2ERKNS0_12OperationDefERKNS0_24FullyConnectedAttributesERKNS0_7GpuInfoEPKNS0_11StrongShapeILNS0_6LayoutE10EEE;_ZN6tflite3gpu11ConvGenericaSEOS1_;_ZN6tflite3gpu12IsKernelXIs1ERKNS0_23Convolution2DAttributesE;_ZN6tflite3gpu12IsKernelYIs1ERKNS0_23Convolution2DAttributesE;_ZN6tflite3gpu14GetGroupsCountERKNS0_11StrongShapeILNS0_6LayoutE10EEERKNS0_4Vec3IiEERKNS0_4Vec4IiEE;_ZN6tflite3gpu17CreateConvGenericERKNS0_7GpuInfoERKNS0_12OperationDefERKNS0_23Convolution2DAttributesEPKNS0_11StrongShapeILNS0_6LayoutE10EEE;_ZN6tflite3gpu17CreateConvGenericERKNS0_7GpuInfoERKNS0_12OperationDefERKNS0_24FullyConnectedAttributesEPKNS0_11StrongShapeILNS0_6LayoutE10EEE;_ZN6tflite3gpu19CreateConvGeneric3DERKNS0_7GpuInfoERKNS0_12OperationDefERKNS0_23Convolution3DAttributesEPKNS0_11StrongShapeILNS0_6LayoutE12EEE;_ZN6tflite3gpu20GetConvParamsForA7A8ERKNS0_9AppleInfoEbbiRKNS0_11StrongShapeILNS0_6LayoutE10EEE;_ZN6tflite3gpu23GetRecommendedBlockSizeERKNS0_9AppleInfoERKNS0_11StrongShapeILNS0_6LayoutE10EEE;_ZN6tflite3gpu25CreateWorkGroupSizeOptionERKNS0_4Vec3IiEENS0_19WorkGroupSizeOption13ThreadMappingEfRKNS0_11StrongShapeILNS0_6LayoutE10EEERKNS0_4Vec4IiEE;_ZN6tflite3gpu25GetGroupsCountForLinearWHERKNS0_11StrongShapeILNS0_6LayoutE10EEERKNS0_4Vec3IiEERKNS0_4Vec4IiEE;_ZN6tflite3gpu26GetGroupsCountForLinearWHSERKNS0_11StrongShapeILNS0_6LayoutE10EEERKNS0_4Vec3IiEERKNS0_4Vec4IiEE;_ZN6tflite3gpu27GetConvParamsForA9AndHigherERKNS0_9AppleInfoEbbiRKNS0_11StrongShapeILNS0_6LayoutE10EEE;_ZN6tflite3gpu28GetMaximumPossibleWavesCountERKNS0_9AppleInfoERKNS0_11StrongShapeILNS0_6LayoutE10EEE;_ZN6tflite3gpu29CreateConvGenericWino4x4To6x6ERKNS0_7GpuInfoERKNS0_12OperationDefERKNS0_23Convolution2DAttributesEPKNS0_11StrongShapeILNS0_6LayoutE10EEE;_ZN6tflite3gpu30CreateConvGenericBatchedMatMulERKNS0_7GpuInfoERKNS0_12OperationDefERKNS0_11StrongShapeILNS0_6LayoutE7EEEPKNS7_ILS8_10EEE;_ZN6tflite3gpu31CreateConvGenericDynamicWeightsERKNS0_7GpuInfoERKNS0_12OperationDefERKNS0_23Convolution2DAttributesERKNS0_11StrongShapeILNS0_6LayoutE10EEEPSD_;_ZNK6tflite3gpu11ConvGeneric11GetGridSizeEv;_ZTIN6tflite3gpu11ConvGenericE;_ZTSN6tflite3gpu11ConvGenericE;_ZTVN6tflite3gpu11ConvGenericE
inference-engine-tflite	armv7l	inference-engine-tflite/usr/lib/libinference-engine-tflite.so	libtensorflow2-lite.a	conv_metal_simd.cc.o	7	_ZN6tflite3gpu26CreateConvolutionMetalSimdERKNS0_12OperationDefERKNS0_11StrongShapeILNS0_6LayoutE10EEERKNS0_23Convolution2DAttributesERKNS0_7GpuInfoE;_ZN6tflite3gpu30IsGoodTaskSizeForAppleConvSimdERKNS0_11StrongShapeILNS0_6LayoutE10EEERKNS0_7GpuInfoE;_ZN6tflite3gpu31IsConvolutionMetalSimdSupportedERKNS0_7GpuInfoERKNS0_12OperationDefERKNS0_23Convolution2DAttributesE;_ZNK6tflite3gpu20ConvolutionMetalSimd11GetGridSizeEv;_ZTIN6tflite3gpu20ConvolutionMetalSimdE;_ZTSN6tflite3gpu20ConvolutionMetalSimdE;_ZTVN6tflite3gpu20ConvolutionMetalSimdE
inference-engine-tflite	armv7l	inference-engine-tflite/usr/lib/libinference-engine-tflite.so	libtensorflow2-lite.a	conv_pointwise.cc.o	1	_ZN6tflite3gpu19CreateConvPointwiseERKNS0_12OperationDefERKNS0_23ConvPointwiseAttributesE
inference-engine-tflite	armv7l	inference-engine-tflite/usr/lib/libinference-engine-tflite.so	libtensorflow2-lite.a	conv_weights_converter.cc.o	9	_ZN6tflite3gpu22ConverterToConvWeights13BindArgumentsEPNS0_15ArgumentsBinderE;_ZN6tflite3gpu22ConverterToConvWeightsC1ERKNS0_12OperationDefERKNS0_18WeightsDescriptionENS0_6LayoutE;_ZN6tflite3gpu22ConverterToConvWeightsC2ERKNS0_12OperationDefERKNS0_18WeightsDescriptionENS0_6LayoutE;_ZN6tflite3gpu28CreateConverterToConvWeightsERKNS0_12OperationDefERKNS0_18WeightsDescriptionENS0_6LayoutE;_ZNK6tflite3gpu22ConverterToConvWeights11GetGridSizeEv;_ZNK6tflite3gpu22ConverterToConvWeights14GetWeightsSizeEv;_ZTIN6tflite3gpu22ConverterToConvWeightsE;_ZTSN6tflite3gpu22ConverterToConvWeightsE;_ZTVN6tflite3gpu22ConverterToConvWeightsE
inference-engine-tflite	armv7l	inference-engine-tflite/usr/lib/libinference-engine-tflite.so	libtensorflow2-lite.a	conversion.cc.o	3	_ZN6tflite3gpu22CreateTensorToTensorOpERKNS0_7GpuInfoERKNS0_16TensorDescriptorES6_;_ZN6tflite3gpu26CreateBhwcBufferToTensorOpERKNS0_7GpuInfoERKNS0_16BufferDescriptorERKNS0_16TensorDescriptorE;_ZN6tflite3gpu26CreateTensorToBhwcBufferOpERKNS0_7GpuInfoERKNS0_16TensorDescriptorERKNS0_16BufferDescriptorE
inference-engine-tflite	armv7l	inference-engine-tflite/usr/lib/libinference-engine-tflite.so	libtensorflow2-lite.a	convert.c.o	2	xnn_define_convert;xnn_init_convert_node
inference-engine-tflite	armv7l	inference-engine-tflite/usr/lib/libinference-engine-tflite.so	libtensorflow2-lite.a	converter.cc.o	1	_ZN6tflite3gpu2cl19NewConverterBuilderEPNS1_11EnvironmentE
inference-engine-tflite	armv7l	inference-engine-tflite/usr/lib/libinference-engine-tflite.so	libtensorflow2-lite.a	convolution-2d.c.o	1	xnn_define_convolution_2d
inference-engine-tflite	armv7l	inference-engine-tflite/usr/lib/libinference-engine-tflite.so	libtensorflow2-lite.a	convolution-nchw.c.o	6	xnn_create_convolution2d_nchw_f16;xnn_create_convolution2d_nchw_f32;xnn_reshape_convolution2d_nchw_f16;xnn_reshape_convolution2d_nchw_f32;xnn_setup_convolution2d_nchw_f16;xnn_setup_convolution2d_nchw_f32
inference-engine-tflite	armv7l	inference-engine-tflite/usr/lib/libinference-engine-tflite.so	libtensorflow2-lite.a	convolution-nhwc.c.o	22	xnn_create_convolution2d_nhwc_f16;xnn_create_convolution2d_nhwc_f32;xnn_create_convolution2d_nhwc_qd8_f16_qc8w;xnn_create_convolution2d_nhwc_qd8_f32_qc8w;xnn_create_convolution2d_nhwc_qs8;xnn_create_convolution2d_nhwc_qs8_qc8w;xnn_create_convolution2d_nhwc_qu8;xnn_create_fused_convolution2d_nhwc_f32;xnn_reshape_convolution2d_nhwc_f16;xnn_reshape_convolution2d_nhwc_f32;xnn_reshape_convolution2d_nhwc_qd8_f16_qc8w;xnn_reshape_convolution2d_nhwc_qd8_f32_qc8w;xnn_reshape_convolution2d_nhwc_qs8;xnn_reshape_convolution2d_nhwc_qs8_qc8w;xnn_reshape_convolution2d_nhwc_qu8;xnn_setup_convolution2d_nhwc_f16;xnn_setup_convolution2d_nhwc_f32;xnn_setup_convolution2d_nhwc_qd8_f16_qc8w;xnn_setup_convolution2d_nhwc_qd8_f32_qc8w;xnn_setup_convolution2d_nhwc_qs8;xnn_setup_convolution2d_nhwc_qs8_qc8w;xnn_setup_convolution2d_nhwc_qu8
inference-engine-tflite	armv7l	inference-engine-tflite/usr/lib/libinference-engine-tflite.so	libtensorflow2-lite.a	convolution_selector.cc.o	5	_ZN6tflite3gpu17SelectConvolutionERKNS0_23Convolution2DAttributesERKNS0_11StrongShapeILNS0_6LayoutE10EEERKNS0_7GpuInfoERKNS0_12OperationDefENS0_10ModelHintsE;_ZN6tflite3gpu28SelectConverterToConvWeightsERKNS0_18WeightsDescriptionERKNS0_12OperationDefENS0_10ModelHintsENS0_6LayoutE;_ZN6tflite3gpu28SelectConvolutionForWinogradERKNS0_23Convolution2DAttributesERKNS0_11StrongShapeILNS0_6LayoutE10EEERKNS0_7GpuInfoERKNS0_12OperationDefENS0_10ModelHintsE;_ZN6tflite3gpu30SelectConvolutionBatchedMatMulERKNS0_11StrongShapeILNS0_6LayoutE7EEERKNS1_ILS2_10EEERKNS0_7GpuInfoERKNS0_12OperationDefENS0_10ModelHintsEPNS0_18WeightsDescriptionE;_ZN6tflite3gpu35SelectConvolutionWithDynamicWeightsERKNS0_23Convolution2DAttributesERKNS0_11StrongShapeILNS0_6LayoutE10EEES8_RKNS0_7GpuInfoERKNS0_12OperationDefENS0_10ModelHintsEPNS0_18WeightsDescriptionE
inference-engine-tflite	armv7l	inference-engine-tflite/usr/lib/libinference-engine-tflite.so	libtensorflow2-lite.a	convolution_transposed.cc.o	12	_ZN6tflite3gpu21ConvolutionTransposed13BindArgumentsEPNS0_15ArgumentsBinderE;_ZN6tflite3gpu21ConvolutionTransposedC1ERKNS0_12OperationDefERKNS0_31ConvolutionTransposedAttributesERKNS0_7GpuInfoE;_ZN6tflite3gpu21ConvolutionTransposedC1ERKNS0_12OperationDefERKNS0_33ConvolutionTransposed3DAttributesERKNS0_7GpuInfoE;_ZN6tflite3gpu21ConvolutionTransposedC2ERKNS0_12OperationDefERKNS0_31ConvolutionTransposedAttributesERKNS0_7GpuInfoE;_ZN6tflite3gpu21ConvolutionTransposedC2ERKNS0_12OperationDefERKNS0_33ConvolutionTransposed3DAttributesERKNS0_7GpuInfoE;_ZN6tflite3gpu27CreateConvolutionTransposedERKNS0_7GpuInfoERKNS0_12OperationDefERKNS0_31ConvolutionTransposedAttributesE;_ZN6tflite3gpu29CreateConvolutionTransposed3DERKNS0_7GpuInfoERKNS0_12OperationDefERKNS0_33ConvolutionTransposed3DAttributesE;_ZN6tflite3gpu41CreateConvolutionTransposedDynamicWeightsERKNS0_7GpuInfoERKNS0_12OperationDefERKNS0_31ConvolutionTransposedAttributesE;_ZNK6tflite3gpu21ConvolutionTransposed11GetGridSizeEv;_ZTIN6tflite3gpu21ConvolutionTransposedE;_ZTSN6tflite3gpu21ConvolutionTransposedE;_ZTVN6tflite3gpu21ConvolutionTransposedE
inference-engine-tflite	armv7l	inference-engine-tflite/usr/lib/libinference-engine-tflite.so	libtensorflow2-lite.a	convolution_transposed_3x3.cc.o	12	_ZN6tflite3gpu24ConvolutionTransposed3x313BindArgumentsEPNS0_15ArgumentsBinderE;_ZN6tflite3gpu24ConvolutionTransposed3x313UploadWeightsERKNS0_6TensorINS0_11StrongShapeILNS0_6LayoutE7EEELNS0_8DataTypeE2EEE;_ZN6tflite3gpu24ConvolutionTransposed3x3C1ERKNS0_12OperationDefERKNS0_7GpuInfoENS0_4Vec2IiEE;_ZN6tflite3gpu24ConvolutionTransposed3x3C2ERKNS0_12OperationDefERKNS0_7GpuInfoENS0_4Vec2IiEE;_ZN6tflite3gpu30CreateConvolutionTransposed3x3ERKNS0_7GpuInfoERKNS0_12OperationDefERKNS0_31ConvolutionTransposedAttributesE;_ZN6tflite3gpu35IsConvolutionTransposed3x3SupportedERKNS0_12OperationDefERKNS0_31ConvolutionTransposedAttributesE;_ZN6tflite3gpu44CreateConvolutionTransposed3x3DynamicWeightsERKNS0_7GpuInfoERKNS0_12OperationDefERKNS0_31ConvolutionTransposedAttributesE;_ZNK6tflite3gpu24ConvolutionTransposed3x311GetGridSizeEv;_ZNK6tflite3gpu24ConvolutionTransposed3x322GetSpatialWeightsRemapEv;_ZTIN6tflite3gpu24ConvolutionTransposed3x3E;_ZTSN6tflite3gpu24ConvolutionTransposed3x3E;_ZTVN6tflite3gpu24ConvolutionTransposed3x3E
inference-engine-tflite	armv7l	inference-engine-tflite/usr/lib/libinference-engine-tflite.so	libtensorflow2-lite.a	convolution_transposed_3x3_thin.cc.o	11	_ZN6tflite3gpu28ConvolutionTransposed3x3Thin13UploadWeightsERKNS0_6TensorINS0_11StrongShapeILNS0_6LayoutE7EEELNS0_8DataTypeE2EEE;_ZN6tflite3gpu28ConvolutionTransposed3x3ThinC1ERKNS0_7GpuInfoERKNS0_12OperationDefERKNS0_31ConvolutionTransposedAttributesE;_ZN6tflite3gpu28ConvolutionTransposed3x3ThinC2ERKNS0_7GpuInfoERKNS0_12OperationDefERKNS0_31ConvolutionTransposedAttributesE;_ZN6tflite3gpu34CreateConvolutionTransposed3x3ThinERKNS0_7GpuInfoERKNS0_12OperationDefERKNS0_31ConvolutionTransposedAttributesE;_ZN6tflite3gpu39IsConvolutionTransposed3x3ThinSupportedERKNS0_31ConvolutionTransposedAttributesE;_ZN6tflite3gpu48CreateConvolutionTransposed3x3ThinDynamicWeightsERKNS0_7GpuInfoERKNS0_12OperationDefERKNS0_31ConvolutionTransposedAttributesE;_ZNK6tflite3gpu28ConvolutionTransposed3x3Thin11GetGridSizeEv;_ZNK6tflite3gpu28ConvolutionTransposed3x3Thin22GetSpatialWeightsRemapEv;_ZTIN6tflite3gpu28ConvolutionTransposed3x3ThinE;_ZTSN6tflite3gpu28ConvolutionTransposed3x3ThinE;_ZTVN6tflite3gpu28ConvolutionTransposed3x3ThinE
inference-engine-tflite	armv7l	inference-engine-tflite/usr/lib/libinference-engine-tflite.so	libtensorflow2-lite.a	convolution_transposed_4x4.cc.o	12	_ZN6tflite3gpu24ConvolutionTransposed4x413BindArgumentsEPNS0_15ArgumentsBinderE;_ZN6tflite3gpu24ConvolutionTransposed4x413UploadWeightsERKNS0_6TensorINS0_11StrongShapeILNS0_6LayoutE7EEELNS0_8DataTypeE2EEENS1_17WeightsUploadTypeE;_ZN6tflite3gpu24ConvolutionTransposed4x4C1ERKNS0_12OperationDefERKNS0_7GpuInfoE;_ZN6tflite3gpu24ConvolutionTransposed4x4C2ERKNS0_12OperationDefERKNS0_7GpuInfoE;_ZN6tflite3gpu30CreateConvolutionTransposed4x4ERKNS0_7GpuInfoERKNS0_12OperationDefERKNS0_31ConvolutionTransposedAttributesE;_ZN6tflite3gpu35IsConvolutionTransposed4x4SupportedERKNS0_12OperationDefERKNS0_31ConvolutionTransposedAttributesE;_ZN6tflite3gpu44CreateConvolutionTransposed4x4DynamicWeightsERKNS0_7GpuInfoERKNS0_12OperationDefERKNS0_31ConvolutionTransposedAttributesE;_ZNK6tflite3gpu24ConvolutionTransposed4x411GetGridSizeEv;_ZNK6tflite3gpu24ConvolutionTransposed4x422GetSpatialWeightsRemapEv;_ZTIN6tflite3gpu24ConvolutionTransposed4x4E;_ZTSN6tflite3gpu24ConvolutionTransposed4x4E;_ZTVN6tflite3gpu24ConvolutionTransposed4x4E
inference-engine-tflite	armv7l	inference-engine-tflite/usr/lib/libinference-engine-tflite.so	libtensorflow2-lite.a	convolution_transposed_selector.cc.o	2	_ZN6tflite3gpu27SelectConvolutionTransposedERKNS0_31ConvolutionTransposedAttributesERKNS0_7GpuInfoERKNS0_12OperationDefE;_ZN6tflite3gpu45SelectConvolutionTransposedWithDynamicWeightsERKNS0_31ConvolutionTransposedAttributesERKNS0_7GpuInfoERKNS0_12OperationDefEPNS0_18WeightsDescriptionE
inference-engine-tflite	armv7l	inference-engine-tflite/usr/lib/libinference-engine-tflite.so	libtensorflow2-lite.a	convolution_transposed_thin.cc.o	11	_ZN6tflite3gpu25ConvolutionTransposedThinC1EOS1_;_ZN6tflite3gpu25ConvolutionTransposedThinC1ERKNS0_12OperationDefERKNS0_31ConvolutionTransposedAttributesERKNS0_7GpuInfoE;_ZN6tflite3gpu25ConvolutionTransposedThinC2EOS1_;_ZN6tflite3gpu25ConvolutionTransposedThinC2ERKNS0_12OperationDefERKNS0_31ConvolutionTransposedAttributesERKNS0_7GpuInfoE;_ZN6tflite3gpu25ConvolutionTransposedThinaSEOS1_;_ZN6tflite3gpu31CreateConvolutionTransposedThinERKNS0_7GpuInfoERKNS0_12OperationDefERKNS0_31ConvolutionTransposedAttributesE;_ZN6tflite3gpu36IsConvolutionTransposedThinSupportedERKNS0_31ConvolutionTransposedAttributesE;_ZNK6tflite3gpu25ConvolutionTransposedThin11GetGridSizeEv;_ZTIN6tflite3gpu25ConvolutionTransposedThinE;_ZTSN6tflite3gpu25ConvolutionTransposedThinE;_ZTVN6tflite3gpu25ConvolutionTransposedThinE
inference-engine-tflite	armv7l	inference-engine-tflite/usr/lib/libinference-engine-tflite.so	libtensorflow2-lite.a	copy.c.o	4	define_copy_node;xnn_define_copy;xnn_define_static_expand_dims;xnn_define_static_reshape
inference-engine-tflite	armv7l	inference-engine-tflite/usr/lib/libinference-engine-tflite.so	libtensorflow2-lite.a	cord.cc.o	34	_ZN4absl12lts_2023080216strings_internal14CordTestAccess11LengthToTagEj;_ZN4absl12lts_2023080216strings_internal14CordTestAccess12FlatOverheadEv;_ZN4absl12lts_2023080216strings_internal14CordTestAccess13MaxFlatLengthEv;_ZN4absl12lts_2023080216strings_internal14CordTestAccess15FlatTagToLengthEh;_ZN4absl12lts_2023080216strings_internal14CordTestAccess21SizeofCordRepExternalEv;_ZN4absl12lts_2023080216strings_internal14CordTestAccess22SizeofCordRepSubstringEv;_ZN4absl12lts_202308024Cord12RemovePrefixEj;_ZN4absl12lts_202308024Cord12RemoveSuffixEj;_ZN4absl12lts_202308024Cord13ChunkIterator19AdvanceAndReadBytesEj;_ZN4absl12lts_202308024Cord15DestroyCordSlowEv;_ZN4absl12lts_202308024Cord15FlattenSlowPathEv;_ZN4absl12lts_202308024Cord15SetCrcCordStateENS0_12crc_internal12CrcCordStateE;_ZN4absl12lts_202308024Cord19SetExpectedChecksumEj;_ZN4absl12lts_202308024Cord23GetAppendBufferSlowPathEjjj;_ZN4absl12lts_202308024Cord5ClearEv;_ZN4absl12lts_202308024Cord6AppendEOS1_;_ZN4absl12lts_202308024Cord6AppendERKS1_;_ZN4absl12lts_202308024Cord7PrependERKS1_;_ZN4absl12lts_202308024Cord9InlineRep10AppendTreeEPNS0_13cord_internal7CordRepENS3_18CordzUpdateTracker16MethodIdentifierE;_ZN4absl12lts_202308024Cord9InlineRep10AssignSlowERKS2_;_ZN4absl12lts_202308024Cord9InlineRep11PrependTreeEPNS0_13cord_internal7CordRepENS3_18CordzUpdateTracker16MethodIdentifierE;_ZN4absl12lts_202308024Cord9InlineRep16AppendTreeToTreeEPNS0_13cord_internal7CordRepENS3_18CordzUpdateTracker16MethodIdentifierE;_ZN4absl12lts_202308024Cord9InlineRep17PrependTreeToTreeEPNS0_13cord_internal7CordRepENS3_18CordzUpdateTracker16MethodIdentifierE;_ZN4absl12lts_202308024Cord9InlineRep19AppendTreeToInlinedEPNS0_13cord_internal7CordRepENS3_18CordzUpdateTracker16MethodIdentifierE;_ZN4absl12lts_202308024Cord9InlineRep20PrependTreeToInlinedEPNS0_13cord_internal7CordRepENS3_18CordzUpdateTracker16MethodIdentifierE;_ZN4absl12lts_202308024Cord9InlineRep9UnrefTreeEv;_ZNK4absl12lts_202308024Cord10EqualsImplERKS1_j;_ZNK4absl12lts_202308024Cord11CompareImplERKS1_;_ZNK4absl12lts_202308024Cord16ExpectedChecksumEv;_ZNK4absl12lts_202308024Cord19CopyToArraySlowPathEPc;_ZNK4absl12lts_202308024Cord20MaybeGetCrcCordStateEv;_ZNK4absl12lts_202308024Cord7SubcordEjj;_ZNK4absl12lts_202308024Cord8EndsWithERKS1_;_ZNK4absl12lts_202308024CordixEj
inference-engine-tflite	armv7l	inference-engine-tflite/usr/lib/libinference-engine-tflite.so	libtensorflow2-lite.a	cord_internal.cc.o	4	_ZN4absl12lts_2023080213cord_internal16LogFatalNodeTypeEPNS1_7CordRepE;_ZN4absl12lts_2023080213cord_internal24cord_ring_buffer_enabledE;_ZN4absl12lts_2023080213cord_internal24shallow_subcords_enabledE;_ZN4absl12lts_2023080213cord_internal7CordRep7DestroyEPS2_
inference-engine-tflite	armv7l	inference-engine-tflite/usr/lib/libinference-engine-tflite.so	libtensorflow2-lite.a	cord_rep_btree.cc.o	19	_ZN4absl12lts_2023080213cord_internal12CordRepBtree10AppendSlowEPS2_PNS1_7CordRepE;_ZN4absl12lts_2023080213cord_internal12CordRepBtree10CopyPrefixEjb;_ZN4absl12lts_2023080213cord_internal12CordRepBtree10CopySuffixEj;_ZN4absl12lts_2023080213cord_internal12CordRepBtree10CreateSlowEPNS1_7CordRepE;_ZN4absl12lts_2023080213cord_internal12CordRepBtree10MergeTreesEPS2_S3_;_ZN4absl12lts_2023080213cord_internal12CordRepBtree11PrependSlowEPS2_PNS1_7CordRepE;_ZN4absl12lts_2023080213cord_internal12CordRepBtree12ExtractFrontEPS2_;_ZN4absl12lts_2023080213cord_internal12CordRepBtree12RemoveSuffixEPS2_j;_ZN4absl12lts_2023080213cord_internal12CordRepBtree14ConsumeBeginToEPS2_jj;_ZN4absl12lts_2023080213cord_internal12CordRepBtree19ExtractAppendBufferEPS2_j;_ZN4absl12lts_2023080213cord_internal12CordRepBtree19GetAppendBufferSlowEj;_ZN4absl12lts_2023080213cord_internal12CordRepBtree7DestroyEPS2_;_ZN4absl12lts_2023080213cord_internal12CordRepBtree7IsValidEPKS2_b;_ZN4absl12lts_2023080213cord_internal12CordRepBtree7RebuildEPPS2_S3_b;_ZN4absl12lts_2023080213cord_internal12CordRepBtree7RebuildEPS2_;_ZN4absl12lts_2023080213cord_internal12CordRepBtree7SubTreeEjj;_ZN4absl12lts_2023080213cord_internal32SetCordBtreeExhaustiveValidationEb;_ZN4absl12lts_2023080213cord_internal38IsCordBtreeExhaustiveValidationEnabledEv;_ZNK4absl12lts_2023080213cord_internal12CordRepBtree12GetCharacterEj
inference-engine-tflite	armv7l	inference-engine-tflite/usr/lib/libinference-engine-tflite.so	libtensorflow2-lite.a	cord_rep_btree_navigator.cc.o	2	_ZN4absl12lts_2023080213cord_internal21CordRepBtreeNavigator4ReadEjj;_ZN4absl12lts_2023080213cord_internal21CordRepBtreeNavigator4SkipEj
inference-engine-tflite	armv7l	inference-engine-tflite/usr/lib/libinference-engine-tflite.so	libtensorflow2-lite.a	cord_rep_btree_reader.cc.o	1	_ZN4absl12lts_2023080213cord_internal18CordRepBtreeReader4ReadEjjRPNS1_7CordRepE
inference-engine-tflite	armv7l	inference-engine-tflite/usr/lib/libinference-engine-tflite.so	libtensorflow2-lite.a	cord_rep_consume.cc.o	2	_ZN4absl12lts_2023080213cord_internal14ReverseConsumeEPNS1_7CordRepENS0_11FunctionRefIFvS3_jjEEE;_ZN4absl12lts_2023080213cord_internal7ConsumeEPNS1_7CordRepENS0_11FunctionRefIFvS3_jjEEE
inference-engine-tflite	armv7l	inference-engine-tflite/usr/lib/libinference-engine-tflite.so	libtensorflow2-lite.a	cord_rep_crc.cc.o	2	_ZN4absl12lts_2023080213cord_internal10CordRepCrc3NewEPNS1_7CordRepENS0_12crc_internal12CrcCordStateE;_ZN4absl12lts_2023080213cord_internal10CordRepCrc7DestroyEPS2_
inference-engine-tflite	armv7l	inference-engine-tflite/usr/lib/libinference-engine-tflite.so	libtensorflow2-lite.a	cord_rep_ring.cc.o	25	_ZN4absl12lts_2023080213cord_internal11CordRepRing10AppendLeafEPS2_PNS1_7CordRepEjj;_ZN4absl12lts_2023080213cord_internal11CordRepRing10AppendSlowEPS2_PNS1_7CordRepE;_ZN4absl12lts_2023080213cord_internal11CordRepRing10CreateSlowEPNS1_7CordRepEj;_ZN4absl12lts_2023080213cord_internal11CordRepRing11PrependLeafEPS2_PNS1_7CordRepEjj;_ZN4absl12lts_2023080213cord_internal11CordRepRing11PrependSlowEPS2_PNS1_7CordRepE;_ZN4absl12lts_2023080213cord_internal11CordRepRing12RemovePrefixEPS2_jj;_ZN4absl12lts_2023080213cord_internal11CordRepRing12RemoveSuffixEPS2_jj;_ZN4absl12lts_2023080213cord_internal11CordRepRing13AddDataOffsetEjj;_ZN4absl12lts_2023080213cord_internal11CordRepRing14CreateFromLeafEPNS1_7CordRepEjjj;_ZN4absl12lts_2023080213cord_internal11CordRepRing15GetAppendBufferEj;_ZN4absl12lts_2023080213cord_internal11CordRepRing16GetPrependBufferEj;_ZN4absl12lts_2023080213cord_internal11CordRepRing21SetCapacityForTestingEj;_ZN4absl12lts_2023080213cord_internal11CordRepRing3NewEjj;_ZN4absl12lts_2023080213cord_internal11CordRepRing4CopyEPS2_jjj;_ZN4absl12lts_2023080213cord_internal11CordRepRing6AppendEPS2_PNS1_7CordRepE;_ZN4absl12lts_2023080213cord_internal11CordRepRing6CreateEPNS1_7CordRepEj;_ZN4absl12lts_2023080213cord_internal11CordRepRing6DeleteEPS2_;_ZN4absl12lts_2023080213cord_internal11CordRepRing7DestroyEPS2_;_ZN4absl12lts_2023080213cord_internal11CordRepRing7MutableEPS2_j;_ZN4absl12lts_2023080213cord_internal11CordRepRing7PrependEPS2_PNS1_7CordRepE;_ZN4absl12lts_2023080213cord_internal11CordRepRing7SubRingEPS2_jjj;_ZN4absl12lts_2023080213cord_internal11CordRepRing9SubLengthEjj;_ZNK4absl12lts_2023080213cord_internal11CordRepRing12FindTailSlowEjj;_ZNK4absl12lts_2023080213cord_internal11CordRepRing12GetCharacterEj;_ZNK4absl12lts_2023080213cord_internal11CordRepRing8FindSlowEjj
inference-engine-tflite	armv7l	inference-engine-tflite/usr/lib/libinference-engine-tflite.so	libtensorflow2-lite.a	cordz_functions.cc.o	5	_ZN4absl12lts_2023080213cord_internal17cordz_next_sampleE;_ZN4absl12lts_2023080213cord_internal23get_cordz_mean_intervalEv;_ZN4absl12lts_2023080213cord_internal23set_cordz_mean_intervalEi;_ZN4absl12lts_2023080213cord_internal25cordz_should_profile_slowEv;_ZN4absl12lts_2023080213cord_internal33cordz_set_next_sample_for_testingEx
inference-engine-tflite	armv7l	inference-engine-tflite/usr/lib/libinference-engine-tflite.so	libtensorflow2-lite.a	cordz_handle.cc.o	13	_ZN4absl12lts_2023080213cord_internal11CordzHandle25DiagnosticsGetDeleteQueueEv;_ZN4absl12lts_2023080213cord_internal11CordzHandle41DiagnosticsGetSafeToInspectDeletedHandlesEv;_ZN4absl12lts_2023080213cord_internal11CordzHandle6DeleteEPS2_;_ZN4absl12lts_2023080213cord_internal11CordzHandleC1Eb;_ZN4absl12lts_2023080213cord_internal11CordzHandleC2Eb;_ZN4absl12lts_2023080213cord_internal11CordzHandleD0Ev;_ZN4absl12lts_2023080213cord_internal11CordzHandleD1Ev;_ZN4absl12lts_2023080213cord_internal11CordzHandleD2Ev;_ZNK4absl12lts_2023080213cord_internal11CordzHandle12SafeToDeleteEv;_ZNK4absl12lts_2023080213cord_internal11CordzHandle32DiagnosticsHandleIsSafeToInspectEPKS2_;_ZTIN4absl12lts_2023080213cord_internal11CordzHandleE;_ZTSN4absl12lts_2023080213cord_internal11CordzHandleE;_ZTVN4absl12lts_2023080213cord_internal11CordzHandleE
inference-engine-tflite	armv7l	inference-engine-tflite/usr/lib/libinference-engine-tflite.so	libtensorflow2-lite.a	cordz_info.cc.o	23	_ZN4absl12lts_2023080213cord_internal9CordzInfo12global_list_E;_ZN4absl12lts_2023080213cord_internal9CordzInfo15FillParentStackEPKS2_PPv;_ZN4absl12lts_2023080213cord_internal9CordzInfo15GetParentMethodEPKS2_;_ZN4absl12lts_2023080213cord_internal9CordzInfo18MaybeTrackCordImplERNS1_10InlineDataERKS3_NS1_18CordzUpdateTracker16MethodIdentifierE;_ZN4absl12lts_2023080213cord_internal9CordzInfo4HeadERKNS1_13CordzSnapshotE;_ZN4absl12lts_2023080213cord_internal9CordzInfo4LockENS1_18CordzUpdateTracker16MethodIdentifierE;_ZN4absl12lts_2023080213cord_internal9CordzInfo5TrackEv;_ZN4absl12lts_2023080213cord_internal9CordzInfo6UnlockEv;_ZN4absl12lts_2023080213cord_internal9CordzInfo7UntrackEv;_ZN4absl12lts_2023080213cord_internal9CordzInfo9TrackCordERNS1_10InlineDataENS1_18CordzUpdateTracker16MethodIdentifierE;_ZN4absl12lts_2023080213cord_internal9CordzInfo9TrackCordERNS1_10InlineDataERKS3_NS1_18CordzUpdateTracker16MethodIdentifierE;_ZN4absl12lts_2023080213cord_internal9CordzInfoC1EPNS1_7CordRepEPKS2_NS1_18CordzUpdateTracker16MethodIdentifierE;_ZN4absl12lts_2023080213cord_internal9CordzInfoC2EPNS1_7CordRepEPKS2_NS1_18CordzUpdateTracker16MethodIdentifierE;_ZN4absl12lts_2023080213cord_internal9CordzInfoD0Ev;_ZN4absl12lts_2023080213cord_internal9CordzInfoD1Ev;_ZN4absl12lts_2023080213cord_internal9CordzInfoD2Ev;_ZNK4absl12lts_2023080213cord_internal9CordzInfo14GetParentStackEv;_ZNK4absl12lts_2023080213cord_internal9CordzInfo18GetCordzStatisticsEv;_ZNK4absl12lts_2023080213cord_internal9CordzInfo4NextERKNS1_13CordzSnapshotE;_ZNK4absl12lts_2023080213cord_internal9CordzInfo8GetStackEv;_ZTIN4absl12lts_2023080213cord_internal9CordzInfoE;_ZTSN4absl12lts_2023080213cord_internal9CordzInfoE;_ZTVN4absl12lts_2023080213cord_internal9CordzInfoE
inference-engine-tflite	armv7l	inference-engine-tflite/usr/lib/libinference-engine-tflite.so	libtensorflow2-lite.a	cpu_backend_context.cc.o	20	_ZN6tflite17CpuBackendContext13SetUseCachingEb;_ZN6tflite17CpuBackendContext14GetFromContextEP13TfLiteContext;_ZN6tflite17CpuBackendContext16RuyHasAvxOrAboveEv;_ZN6tflite17CpuBackendContext16SetMaxNumThreadsEi;_ZN6tflite17CpuBackendContext19PreferGemmlowpOnX86Ev;_ZN6tflite17CpuBackendContext22get_xnnpack_threadpoolEv;_ZN6tflite17CpuBackendContext7CpuInfo17EnsureInitializedEv;_ZN6tflite17CpuBackendContext7CpuInfo3AvxEv;_ZN6tflite17CpuBackendContext7CpuInfo6Avx512Ev;_ZN6tflite17CpuBackendContext7CpuInfo7Avx2FmaEv;_ZN6tflite17CpuBackendContext7CpuInfoD1Ev;_ZN6tflite17CpuBackendContext7CpuInfoD2Ev;_ZN6tflite17CpuBackendContextC1Ev;_ZN6tflite17CpuBackendContextC2Ev;_ZN6tflite17CpuBackendContextD0Ev;_ZN6tflite17CpuBackendContextD1Ev;_ZN6tflite17CpuBackendContextD2Ev;_ZTIN6tflite17CpuBackendContextE;_ZTSN6tflite17CpuBackendContextE;_ZTVN6tflite17CpuBackendContextE
inference-engine-tflite	armv7l	inference-engine-tflite/usr/lib/libinference-engine-tflite.so	libtensorflow2-lite.a	cpu_backend_gemm_eigen.cc.o	1	_ZN6tflite16cpu_backend_gemm6detail18GemmImplUsingEigen3RunERKNS0_12MatrixParamsIfEEPKfS6_S8_S6_PfRKNS0_10GemmParamsIffLNS0_18QuantizationFlavorE0EEEPNS_17CpuBackendContextE
inference-engine-tflite	armv7l	inference-engine-tflite/usr/lib/libinference-engine-tflite.so	libtensorflow2-lite.a	cpu_check.cc.o	1	_ZN6tflite20DetectArmNeonDotprodEv
inference-engine-tflite	armv7l	inference-engine-tflite/usr/lib/libinference-engine-tflite.so	libtensorflow2-lite.a	cpuinfo.cc.o	13	_ZN3ruy7CpuInfo10InitializeEv;_ZN3ruy7CpuInfo11CacheParamsEv;_ZN3ruy7CpuInfo11NeonDotprodEv;_ZN3ruy7CpuInfo14CurrentCpuIsX1Ev;_ZN3ruy7CpuInfo17EnsureInitializedEv;_ZN3ruy7CpuInfo18CurrentCpuIsA55ishEv;_ZN3ruy7CpuInfo3AvxEv;_ZN3ruy7CpuInfo5Sse42Ev;_ZN3ruy7CpuInfo6Avx512Ev;_ZN3ruy7CpuInfo7Avx2FmaEv;_ZN3ruy7CpuInfo7AvxVnniEv;_ZN3ruy7CpuInfoD1Ev;_ZN3ruy7CpuInfoD2Ev
inference-engine-tflite	armv7l	inference-engine-tflite/usr/lib/libinference-engine-tflite.so	libtensorflow2-lite.a	crc.cc.o	21	_ZN4absl12lts_2023080212crc_internal3CRC6Crc32cEv;_ZN4absl12lts_2023080212crc_internal3CRCC2Ev;_ZN4absl12lts_2023080212crc_internal3CRCD0Ev;_ZN4absl12lts_2023080212crc_internal3CRCD1Ev;_ZN4absl12lts_2023080212crc_internal3CRCD2Ev;_ZN4absl12lts_2023080212crc_internal5CRC3210InitTablesEv;_ZN4absl12lts_2023080212crc_internal5CRC3218ExtendByZeroesImplEPjjPKjS5_;_ZN4absl12lts_2023080212crc_internal7CRCImpl11NewInternalEv;_ZN4absl12lts_2023080212crc_internal7CRCImpl13FillWordTableEjjiPA256_j;_ZN4absl12lts_2023080212crc_internal7CRCImpl15FillZeroesTableEjPA256_j;_ZNK4absl12lts_2023080212crc_internal5CRC3210UnscrambleEPj;_ZNK4absl12lts_2023080212crc_internal5CRC3214ExtendByZeroesEPjj;_ZNK4absl12lts_2023080212crc_internal5CRC3216UnextendByZeroesEPjj;_ZNK4absl12lts_2023080212crc_internal5CRC326ExtendEPjPKvj;_ZNK4absl12lts_2023080212crc_internal5CRC328ScrambleEPj;_ZTIN4absl12lts_2023080212crc_internal3CRCE;_ZTIN4absl12lts_2023080212crc_internal5CRC32E;_ZTSN4absl12lts_2023080212crc_internal3CRCE;_ZTSN4absl12lts_2023080212crc_internal5CRC32E;_ZTVN4absl12lts_2023080212crc_internal3CRCE;_ZTVN4absl12lts_2023080212crc_internal5CRC32E
inference-engine-tflite	armv7l	inference-engine-tflite/usr/lib/libinference-engine-tflite.so	libtensorflow2-lite.a	crc32c.cc.o	6	_ZN4absl12lts_2023080212ConcatCrc32cENS0_8crc32c_tES1_j;_ZN4absl12lts_2023080212MemcpyCrc32cEPvPKvjNS0_8crc32c_tE;_ZN4absl12lts_2023080212crc_internal22UnextendCrc32cByZeroesENS0_8crc32c_tEj;_ZN4absl12lts_2023080218RemoveCrc32cPrefixENS0_8crc32c_tES1_j;_ZN4absl12lts_2023080218RemoveCrc32cSuffixENS0_8crc32c_tES1_j;_ZN4absl12lts_2023080220ExtendCrc32cByZeroesENS0_8crc32c_tEj
inference-engine-tflite	armv7l	inference-engine-tflite/usr/lib/libinference-engine-tflite.so	libtensorflow2-lite.a	crc_cord_state.cc.o	15	_ZN4absl12lts_2023080212crc_internal12CrcCordState17RefSharedEmptyRepEv;_ZN4absl12lts_2023080212crc_internal12CrcCordState6PoisonEv;_ZN4absl12lts_2023080212crc_internal12CrcCordState9NormalizeEv;_ZN4absl12lts_2023080212crc_internal12CrcCordStateC1EOS2_;_ZN4absl12lts_2023080212crc_internal12CrcCordStateC1ERKS2_;_ZN4absl12lts_2023080212crc_internal12CrcCordStateC1Ev;_ZN4absl12lts_2023080212crc_internal12CrcCordStateC2EOS2_;_ZN4absl12lts_2023080212crc_internal12CrcCordStateC2ERKS2_;_ZN4absl12lts_2023080212crc_internal12CrcCordStateC2Ev;_ZN4absl12lts_2023080212crc_internal12CrcCordStateD1Ev;_ZN4absl12lts_2023080212crc_internal12CrcCordStateD2Ev;_ZN4absl12lts_2023080212crc_internal12CrcCordStateaSEOS2_;_ZN4absl12lts_2023080212crc_internal12CrcCordStateaSERKS2_;_ZNK4absl12lts_2023080212crc_internal12CrcCordState29NormalizedPrefixCrcAtNthChunkEj;_ZNK4absl12lts_2023080212crc_internal12CrcCordState8ChecksumEv
inference-engine-tflite	armv7l	inference-engine-tflite/usr/lib/libinference-engine-tflite.so	libtensorflow2-lite.a	crc_memcpy_fallback.cc.o	6	_ZN4absl12lts_2023080212crc_internal9CrcMemcpy13GetTestEngineEii;_ZN4absl12lts_2023080212crc_internal9CrcMemcpy22GetArchSpecificEnginesEv;_ZNK4absl12lts_2023080212crc_internal23FallbackCrcMemcpyEngine7ComputeEPvPKvjNS0_8crc32c_tE;_ZTIN4absl12lts_2023080212crc_internal23FallbackCrcMemcpyEngineE;_ZTSN4absl12lts_2023080212crc_internal23FallbackCrcMemcpyEngineE;_ZTVN4absl12lts_2023080212crc_internal23FallbackCrcMemcpyEngineE
inference-engine-tflite	armv7l	inference-engine-tflite/usr/lib/libinference-engine-tflite.so	libtensorflow2-lite.a	crc_x86_arm_combined.cc.o	2	_ZN4absl12lts_2023080212crc_internal36NewCRC32AcceleratedX86ARMCombinedAllEv;_ZN4absl12lts_2023080212crc_internal36TryNewCRC32AcceleratedX86ARMCombinedEv
inference-engine-tflite	armv7l	inference-engine-tflite/usr/lib/libinference-engine-tflite.so	libtensorflow2-lite.a	create_thread_identity.cc.o	2	_ZN4absl12lts_2023080224synchronization_internal20CreateThreadIdentityEv;_ZN4absl12lts_2023080224synchronization_internal25OneTimeInitThreadIdentityEPNS0_13base_internal14ThreadIdentityE
inference-engine-tflite	armv7l	inference-engine-tflite/usr/lib/libinference-engine-tflite.so	libtensorflow2-lite.a	ctx.cc.o	25	_ZN3ruy3Ctx10SelectPathENS_4PathE;_ZN3ruy3Ctx12mutable_implEv;_ZN3ruy3Ctx15mutable_cpuinfoEv;_ZN3ruy3Ctx16GetMainAllocatorEv;_ZN3ruy3Ctx17GetPrepackedCacheEv;_ZN3ruy3Ctx19ClearPrepackedCacheEv;_ZN3ruy3Ctx19GetMainThreadTuningEv;_ZN3ruy3Ctx19mutable_thread_poolEv;_ZN3ruy3Ctx19set_explicit_tuningENS_6TuningE;_ZN3ruy3Ctx19set_max_num_threadsEi;_ZN3ruy3Ctx22GetRuntimeEnabledPathsEv;_ZN3ruy3Ctx22SetRuntimeEnabledPathsENS_4PathE;_ZN3ruy3Ctx24set_num_threads_strategyENS_18NumThreadsStrategyE;_ZN3ruy3Ctx24set_performance_advisoryENS_19PerformanceAdvisoryE;_ZN3ruy3Ctx28clear_performance_advisoriesEv;_ZN3ruy3Ctx29EnsureThreadSpecificResourcesEi;_ZNK3ruy3Ctx11thread_poolEv;_ZNK3ruy3Ctx14last_used_pathEv;_ZNK3ruy3Ctx15explicit_tuningEv;_ZNK3ruy3Ctx15max_num_threadsEv;_ZNK3ruy3Ctx20num_threads_strategyEv;_ZNK3ruy3Ctx20performance_advisoryENS_19PerformanceAdvisoryE;_ZNK3ruy3Ctx26GetThreadSpecificAllocatorEi;_ZNK3ruy3Ctx31GetThreadSpecificTuningResolverEi;_ZNK3ruy3Ctx4implEv
inference-engine-tflite	armv7l	inference-engine-tflite/usr/lib/libinference-engine-tflite.so	libtensorflow2-lite.a	cumsum.cc.o	12	_ZN6tflite3gpu12CreateCumsumERKNS0_12OperationDefERKNS0_16CumsumAttributesE;_ZN6tflite3gpu6Cumsum13GetCumsumCodeERKNS0_12OperationDefE;_ZN6tflite3gpu6CumsumC1EOS1_;_ZN6tflite3gpu6CumsumC2EOS1_;_ZN6tflite3gpu6CumsumaSEOS1_;_ZN6tflite3ops7builtin15Register_CUMSUMEv;_ZN6tflite3ops7builtin6cumsum4EvalEP13TfLiteContextP10TfLiteNode;_ZN6tflite3ops7builtin6cumsum7PrepareEP13TfLiteContextP10TfLiteNode;_ZNK6tflite3gpu6Cumsum11GetGridSizeEv;_ZTIN6tflite3gpu6CumsumE;_ZTSN6tflite3gpu6CumsumE;_ZTVN6tflite3gpu6CumsumE
inference-engine-tflite	armv7l	inference-engine-tflite/usr/lib/libinference-engine-tflite.so	libtensorflow2-lite.a	custom_transformations.cc.o	1	_ZN6tflite3gpu26ApplyCustomTransformationsEPNS0_16ModelTransformerE
inference-engine-tflite	armv7l	inference-engine-tflite/usr/lib/libinference-engine-tflite.so	libtensorflow2-lite.a	cycleclock.cc.o	2	_ZN4absl12lts_2023080213base_internal10CycleClock3NowEv;_ZN4absl12lts_2023080213base_internal10CycleClock9FrequencyEv
inference-engine-tflite	armv7l	inference-engine-tflite/usr/lib/libinference-engine-tflite.so	libtensorflow2-lite.a	data_type.cc.o	2	_ZN6tflite3gpu18ToMetalTextureTypeENS0_8DataTypeE;_ZN6tflite3gpu6SizeOfENS0_8DataTypeE
inference-engine-tflite	armv7l	inference-engine-tflite/usr/lib/libinference-engine-tflite.so	libtensorflow2-lite.a	deconvolution-2d.c.o	1	xnn_define_deconvolution_2d
inference-engine-tflite	armv7l	inference-engine-tflite/usr/lib/libinference-engine-tflite.so	libtensorflow2-lite.a	deconvolution-nhwc.c.o	19	create_deconvolution2d_nhwc_qs8_qc8w;xnn_create_deconvolution2d_nhwc_f16;xnn_create_deconvolution2d_nhwc_f32;xnn_create_deconvolution2d_nhwc_qd8_f32_qc8w;xnn_create_deconvolution2d_nhwc_qs8;xnn_create_deconvolution2d_nhwc_qs8_qc8w;xnn_create_deconvolution2d_nhwc_qu8;xnn_reshape_deconvolution2d_nhwc_f16;xnn_reshape_deconvolution2d_nhwc_f32;xnn_reshape_deconvolution2d_nhwc_qd8_f32_qc8w;xnn_reshape_deconvolution2d_nhwc_qs8;xnn_reshape_deconvolution2d_nhwc_qs8_qc8w;xnn_reshape_deconvolution2d_nhwc_qu8;xnn_setup_deconvolution2d_nhwc_f16;xnn_setup_deconvolution2d_nhwc_f32;xnn_setup_deconvolution2d_nhwc_qd8_f32_qc8w;xnn_setup_deconvolution2d_nhwc_qs8;xnn_setup_deconvolution2d_nhwc_qs8_qc8w;xnn_setup_deconvolution2d_nhwc_qu8
inference-engine-tflite	armv7l	inference-engine-tflite/usr/lib/libinference-engine-tflite.so	libtensorflow2-lite.a	delegate.cc.o	4	TfLiteGpuDelegateV2Create;TfLiteGpuDelegateV2Delete;tflite_plugin_create_delegate;tflite_plugin_destroy_delegate
inference-engine-tflite	armv7l	inference-engine-tflite/usr/lib/libinference-engine-tflite.so	libtensorflow2-lite.a	delegate_options.cc.o	1	TfLiteGpuDelegateOptionsV2Default
inference-engine-tflite	armv7l	inference-engine-tflite/usr/lib/libinference-engine-tflite.so	libtensorflow2-lite.a	denormal.cc.o	4	_ZN3ruy23ScopedSuppressDenormalsC1Ev;_ZN3ruy23ScopedSuppressDenormalsC2Ev;_ZN3ruy23ScopedSuppressDenormalsD1Ev;_ZN3ruy23ScopedSuppressDenormalsD2Ev
inference-engine-tflite	armv7l	inference-engine-tflite/usr/lib/libinference-engine-tflite.so	libtensorflow2-lite.a	densify.cc.o	5	_ZN6tflite3ops7builtin16Register_DENSIFYEv;_ZN6tflite3ops7builtin7densify4EvalEP13TfLiteContextP10TfLiteNode;_ZN6tflite3ops7builtin7densify4FreeEP13TfLiteContextPv;_ZN6tflite3ops7builtin7densify4InitEP13TfLiteContextPKcj;_ZN6tflite3ops7builtin7densify7PrepareEP13TfLiteContextP10TfLiteNode
inference-engine-tflite	armv7l	inference-engine-tflite/usr/lib/libinference-engine-tflite.so	libtensorflow2-lite.a	depth-to-space-2d.c.o	2	xnn_define_depth_to_space;xnn_define_depth_to_space_2d
inference-engine-tflite	armv7l	inference-engine-tflite/usr/lib/libinference-engine-tflite.so	libtensorflow2-lite.a	depth_to_space.cc.o	4	_ZN6tflite3ops7builtin14depth_to_space7PrepareEP13TfLiteContextP10TfLiteNode;_ZN6tflite3ops7builtin23Register_DEPTH_TO_SPACEEv;_ZN6tflite3ops7builtin27Register_DEPTH_TO_SPACE_REFEv;_ZN6tflite3ops7builtin35Register_DEPTH_TO_SPACE_GENERIC_OPTEv
inference-engine-tflite	armv7l	inference-engine-tflite/usr/lib/libinference-engine-tflite.so	libtensorflow2-lite.a	depthwise-convolution-2d.c.o	1	xnn_define_depthwise_convolution_2d
inference-engine-tflite	armv7l	inference-engine-tflite/usr/lib/libinference-engine-tflite.so	libtensorflow2-lite.a	depthwise_conv.cc.o	20	_ZN6tflite3gpu13DepthwiseConvC1ERKNS0_12OperationDefERKNS1_19DepthwiseConvParamsE;_ZN6tflite3gpu13DepthwiseConvC2ERKNS0_12OperationDefERKNS1_19DepthwiseConvParamsE;_ZN6tflite3gpu28CreateDepthwiseConvolution2DERKNS0_7GpuInfoERKNS0_12OperationDefERKNS0_32DepthwiseConvolution2DAttributesE;_ZN6tflite3gpu28CreateDepthwiseConvolution3DERKNS0_7GpuInfoERKNS0_12OperationDefERKNS0_32DepthwiseConvolution3DAttributesE;_ZN6tflite3gpu42CreateDepthwiseConvolution2DDynamicWeightsERKNS0_7GpuInfoERKNS0_12OperationDefERKNS0_32DepthwiseConvolution2DAttributesE;_ZN6tflite3ops7builtin14depthwise_conv22ComputeDepthMultiplierEP13TfLiteContextPK12TfLiteTensorS7_Ps;_ZN6tflite3ops7builtin14depthwise_conv27EvalQuantizedPerChannel16x8EPK25TfLiteDepthwiseConvParamsPKNS2_6OpDataEPK12TfLiteTensorSB_SB_PS9_;_ZN6tflite3ops7builtin14depthwise_conv4FreeEP13TfLiteContextPv;_ZN6tflite3ops7builtin14depthwise_conv4InitEP13TfLiteContextPKcj;_ZN6tflite3ops7builtin14depthwise_conv7PrepareEP13TfLiteContextP10TfLiteNode;_ZN6tflite3ops7builtin26Register_DEPTHWISE_CONV_2DEv;_ZN6tflite3ops7builtin32Register_DEPTHWISE_CONV_2D_UINT8Ev;_ZN6tflite3ops7builtin34Register_DEPTHWISE_CONVOLUTION_REFEv;_ZN6tflite3ops7builtin39Register_DEPTHWISE_CONVOLUTION_NEON_OPTEv;_ZN6tflite3ops7builtin42Register_DEPTHWISE_CONVOLUTION_GENERIC_OPTEv;_ZN6tflite3ops7builtin45Register_DEPTHWISE_CONVOLUTION_NEON_OPT_UINT8Ev;_ZNK6tflite3gpu13DepthwiseConv11GetGridSizeEv;_ZTIN6tflite3gpu13DepthwiseConvE;_ZTSN6tflite3gpu13DepthwiseConvE;_ZTVN6tflite3gpu13DepthwiseConvE
inference-engine-tflite	armv7l	inference-engine-tflite/usr/lib/libinference-engine-tflite.so	libtensorflow2-lite.a	depthwise_conv_3x3.cc.o	11	_ZN6tflite3gpu16DepthwiseConv3x3C1EOS1_;_ZN6tflite3gpu16DepthwiseConv3x3C1ERKNS0_12OperationDefEbbRKNS0_7GpuInfoE;_ZN6tflite3gpu16DepthwiseConv3x3C2EOS1_;_ZN6tflite3gpu16DepthwiseConv3x3C2ERKNS0_12OperationDefEbbRKNS0_7GpuInfoE;_ZN6tflite3gpu16DepthwiseConv3x3aSEOS1_;_ZN6tflite3gpu22CreateDepthwiseConv3x3ERKNS0_7GpuInfoERKNS0_12OperationDefERKNS0_32DepthwiseConvolution2DAttributesE;_ZN6tflite3gpu27IsDepthwiseConv3x3SupportedERKNS0_7GpuInfoERKNS0_32DepthwiseConvolution2DAttributesE;_ZNK6tflite3gpu16DepthwiseConv3x311GetGridSizeEv;_ZTIN6tflite3gpu16DepthwiseConv3x3E;_ZTSN6tflite3gpu16DepthwiseConv3x3E;_ZTVN6tflite3gpu16DepthwiseConv3x3E
inference-engine-tflite	armv7l	inference-engine-tflite/usr/lib/libinference-engine-tflite.so	libtensorflow2-lite.a	depthwise_conv_3x3_stride_h2.cc.o	6	_ZN6tflite3gpu30CreateDepthWiseConv3x3StrideH2ERKNS0_12OperationDefERKNS0_32DepthwiseConvolution2DAttributesERKNS0_7GpuInfoE;_ZN6tflite3gpu35IsDepthWiseConv3x3StrideH2SupportedERKNS0_32DepthwiseConvolution2DAttributesE;_ZNK6tflite3gpu24DepthWiseConv3x3StrideH211GetGridSizeEv;_ZTIN6tflite3gpu24DepthWiseConv3x3StrideH2E;_ZTSN6tflite3gpu24DepthWiseConv3x3StrideH2E;_ZTVN6tflite3gpu24DepthWiseConv3x3StrideH2E
inference-engine-tflite	armv7l	inference-engine-tflite/usr/lib/libinference-engine-tflite.so	libtensorflow2-lite.a	dequantize.cc.o	6	_ZN6tflite3ops7builtin10dequantize4FreeEP13TfLiteContextPv;_ZN6tflite3ops7builtin10dequantize4InitEP13TfLiteContextPKcj;_ZN6tflite3ops7builtin10dequantize7PrepareEP13TfLiteContextP10TfLiteNode;_ZN6tflite3ops7builtin19Register_DEQUANTIZEEv;_ZN6tflite3ops7builtin23Register_DEQUANTIZE_OPTEv;_ZN6tflite3ops7builtin23Register_DEQUANTIZE_REFEv
inference-engine-tflite	armv7l	inference-engine-tflite/usr/lib/libinference-engine-tflite.so	libtensorflow2-lite.a	detection_postprocess.cc.o	17	_ZN6tflite3ops6custom21detection_postprocess13ValidateBoxesEPK12TfLiteTensori;_ZN6tflite3ops6custom21detection_postprocess14SetTensorSizesEP13TfLiteContextP12TfLiteTensorSt16initializer_listIiE;_ZN6tflite3ops6custom21detection_postprocess17DecreasingArgSortEPKfiPi;_ZN6tflite3ops6custom21detection_postprocess21DecodeCenterSizeBoxesEP13TfLiteContextP10TfLiteNodePNS2_6OpDataE;_ZN6tflite3ops6custom21detection_postprocess22DequantizeBoxEncodingsEPK12TfLiteTensoriffiPNS2_18CenterSizeEncodingE;_ZN6tflite3ops6custom21detection_postprocess24DecreasingPartialArgSortEPKfiiPi;_ZN6tflite3ops6custom21detection_postprocess26DequantizeClassPredictionsEPK12TfLiteTensoriiPS3_;_ZN6tflite3ops6custom21detection_postprocess27NonMaxSuppressionMultiClassEP13TfLiteContextP10TfLiteNodePNS2_6OpDataE;_ZN6tflite3ops6custom21detection_postprocess28ComputeIntersectionOverUnionEPK12TfLiteTensorii;_ZN6tflite3ops6custom21detection_postprocess37NonMaxSuppressionMultiClassFastHelperEP13TfLiteContextP10TfLiteNodePNS2_6OpDataEPKf;_ZN6tflite3ops6custom21detection_postprocess40NonMaxSuppressionMultiClassRegularHelperEP13TfLiteContextP10TfLiteNodePNS2_6OpDataEPKf;_ZN6tflite3ops6custom21detection_postprocess4EvalEP13TfLiteContextP10TfLiteNode;_ZN6tflite3ops6custom21detection_postprocess4FreeEP13TfLiteContextPv;_ZN6tflite3ops6custom21detection_postprocess4InitEP13TfLiteContextPKcj;_ZN6tflite3ops6custom21detection_postprocess7PrepareEP13TfLiteContextP10TfLiteNode;_ZN6tflite3ops6custom30Register_DETECTION_POSTPROCESSEv;_ZN6tflite3ops6custom38Register_TFLITE_DETECTION_POST_PROCESSEv
inference-engine-tflite	armv7l	inference-engine-tflite/usr/lib/libinference-engine-tflite.so	libtensorflow2-lite.a	dilate.cc.o	1	_ZN6tflite3ops7builtin15Register_DILATEEv
inference-engine-tflite	armv7l	inference-engine-tflite/usr/lib/libinference-engine-tflite.so	libtensorflow2-lite.a	div.cc.o	7	_ZN6tflite3ops7builtin12Register_DIVEv;_ZN6tflite3ops7builtin16Register_DIV_REFEv;_ZN6tflite3ops7builtin21Register_DIV_NEON_OPTEv;_ZN6tflite3ops7builtin24Register_DIV_GENERIC_OPTEv;_ZN6tflite3ops7builtin3div4FreeEP13TfLiteContextPv;_ZN6tflite3ops7builtin3div4InitEP13TfLiteContextPKcj;_ZN6tflite3ops7builtin3div7PrepareEP13TfLiteContextP10TfLiteNode
inference-engine-tflite	armv7l	inference-engine-tflite/usr/lib/libinference-engine-tflite.so	libtensorflow2-lite.a	divide.c.o	1	xnn_define_divide
inference-engine-tflite	armv7l	inference-engine-tflite/usr/lib/libinference-engine-tflite.so	libtensorflow2-lite.a	duration.cc.o	34	_ZN4absl12lts_2023080210ToTimespecENS0_8DurationE;_ZN4absl12lts_2023080212FDivDurationENS0_8DurationES1_;_ZN4absl12lts_2023080212ToInt64HoursENS0_8DurationE;_ZN4absl12lts_2023080213ToChronoHoursENS0_8DurationE;_ZN4absl12lts_2023080213ToDoubleHoursENS0_8DurationE;_ZN4absl12lts_2023080213time_internal12IDivDurationEbNS0_8DurationES2_PS2_;_ZN4absl12lts_2023080214ToInt64MinutesENS0_8DurationE;_ZN4absl12lts_2023080214ToInt64SecondsENS0_8DurationE;_ZN4absl12lts_2023080215ToChronoMinutesENS0_8DurationE;_ZN4absl12lts_2023080215ToChronoSecondsENS0_8DurationE;_ZN4absl12lts_2023080215ToDoubleMinutesENS0_8DurationE;_ZN4absl12lts_2023080215ToDoubleSecondsENS0_8DurationE;_ZN4absl12lts_2023080218ToInt64NanosecondsENS0_8DurationE;_ZN4absl12lts_2023080219DurationFromTimevalE7timeval;_ZN4absl12lts_2023080219ToChronoNanosecondsENS0_8DurationE;_ZN4absl12lts_2023080219ToDoubleNanosecondsENS0_8DurationE;_ZN4absl12lts_2023080219ToInt64MicrosecondsENS0_8DurationE;_ZN4absl12lts_2023080219ToInt64MillisecondsENS0_8DurationE;_ZN4absl12lts_2023080220DurationFromTimespecE8timespec;_ZN4absl12lts_2023080220ToChronoMicrosecondsENS0_8DurationE;_ZN4absl12lts_2023080220ToChronoMillisecondsENS0_8DurationE;_ZN4absl12lts_2023080220ToDoubleMicrosecondsENS0_8DurationE;_ZN4absl12lts_2023080220ToDoubleMillisecondsENS0_8DurationE;_ZN4absl12lts_202308024CeilENS0_8DurationES1_;_ZN4absl12lts_202308025FloorENS0_8DurationES1_;_ZN4absl12lts_202308025TruncENS0_8DurationES1_;_ZN4absl12lts_202308028DurationdVEd;_ZN4absl12lts_202308028DurationdVEx;_ZN4absl12lts_202308028DurationmIES1_;_ZN4absl12lts_202308028DurationmLEd;_ZN4absl12lts_202308028DurationmLEx;_ZN4absl12lts_202308028DurationpLES1_;_ZN4absl12lts_202308028DurationrMES1_;_ZN4absl12lts_202308029ToTimevalENS0_8DurationE
inference-engine-tflite	armv7l	inference-engine-tflite/usr/lib/libinference-engine-tflite.so	libtensorflow2-lite.a	dw7x7_conv2to6_concat_conv8to8.cc.o	2	_ZN6tflite3gpu33CreateDW7x7Conv2To6ConcatConv8to8ERKNS0_12OperationDefERKNS0_32DepthwiseConvolution2DAttributesERKNS0_23Convolution2DAttributesERKNS0_15PReLUAttributesES9_SC_;_ZN6tflite3gpu38IsDW7x7Conv2To6ConcatConv8to8SupportedERKNS0_7GpuInfoE
inference-engine-tflite	armv7l	inference-engine-tflite/usr/lib/libinference-engine-tflite.so	libtensorflow2-lite.a	dw_convolution_selector.cc.o	1	_ZN6tflite3gpu19SelectDWConvolutionERKNS0_32DepthwiseConvolution2DAttributesERKNS0_7GpuInfoERKNS0_12OperationDefE
inference-engine-tflite	armv7l	inference-engine-tflite/usr/lib/libinference-engine-tflite.so	libtensorflow2-lite.a	dynamic-fully-connected-nc.c.o	6	xnn_create_dynamic_fully_connected_nc_f16;xnn_create_dynamic_fully_connected_nc_f32;xnn_reshape_dynamic_fully_connected_nc_f16;xnn_reshape_dynamic_fully_connected_nc_f32;xnn_setup_dynamic_fully_connected_nc_f16;xnn_setup_dynamic_fully_connected_nc_f32
inference-engine-tflite	armv7l	inference-engine-tflite/usr/lib/libinference-engine-tflite.so	libtensorflow2-lite.a	dynamic_update_slice.cc.o	5	_ZN6tflite3ops7builtin20dynamic_update_slice17ClampStartIndicesEiPKxRKNS_12RuntimeShapeES7_;_ZN6tflite3ops7builtin20dynamic_update_slice17TensorIndexToFlatEPKiiRKNS_12RuntimeShapeES4_;_ZN6tflite3ops7builtin20dynamic_update_slice4EvalEP13TfLiteContextP10TfLiteNode;_ZN6tflite3ops7builtin20dynamic_update_slice7PrepareEP13TfLiteContextP10TfLiteNode;_ZN6tflite3ops7builtin29Register_DYNAMIC_UPDATE_SLICEEv
inference-engine-tflite	armv7l	inference-engine-tflite/usr/lib/libinference-engine-tflite.so	libtensorflow2-lite.a	eigen_support.cc.o	3	_ZN6tflite13eigen_support19GetThreadPoolDeviceEP13TfLiteContext;_ZN6tflite13eigen_support21DecrementUsageCounterEP13TfLiteContext;_ZN6tflite13eigen_support21IncrementUsageCounterEP13TfLiteContext
inference-engine-tflite	armv7l	inference-engine-tflite/usr/lib/libinference-engine-tflite.so	libtensorflow2-lite.a	elementwise.cc.o	13	_ZN6tflite3gpu25CreateElementwiseOneInputERKNS0_7GpuInfoENS0_21CalculationsPrecisionERKNS0_13OperationTypeE;_ZN6tflite3gpu25CreateElementwiseOneInputERKNS0_7GpuInfoERKNS0_12OperationDefERKNS0_13OperationTypeE;_ZN6tflite3gpu25CreateElementwiseTwoInputERKNS0_12OperationDefERKNS0_13OperationTypeERKNS0_11StrongShapeILNS0_6LayoutE10EEE;_ZN6tflite3gpu38CreateElementwiseOneInputWithBroadcastERKNS0_7GpuInfoERKNS0_12OperationDefERKNS0_13OperationTypeERKNS0_11StrongShapeILNS0_6LayoutE10EEESE_;_ZN6tflite3gpu38CreateElementwiseTwoInputWithBroadcastERKNS0_12OperationDefERKNS0_13OperationTypeERKNS0_11StrongShapeILNS0_6LayoutE10EEESB_SB_;_ZN6tflite3ops7builtin12Register_ABSEv;_ZN6tflite3ops7builtin12Register_COSEv;_ZN6tflite3ops7builtin12Register_LOGEv;_ZN6tflite3ops7builtin12Register_SINEv;_ZN6tflite3ops7builtin13Register_SQRTEv;_ZN6tflite3ops7builtin14Register_RSQRTEv;_ZN6tflite3ops7builtin15Register_SQUAREEv;_ZN6tflite3ops7builtin20Register_LOGICAL_NOTEv
inference-engine-tflite	armv7l	inference-engine-tflite/usr/lib/libinference-engine-tflite.so	libtensorflow2-lite.a	elu.c.o	1	xnn_define_elu
inference-engine-tflite	armv7l	inference-engine-tflite/usr/lib/libinference-engine-tflite.so	libtensorflow2-lite.a	embedding_lookup.cc.o	5	_ZN6tflite3ops7builtin16embedding_lookup10EvalHybridEP13TfLiteContextP10TfLiteNodePK12TfLiteTensorS9_PS7_;_ZN6tflite3ops7builtin16embedding_lookup10EvalSimpleEP13TfLiteContextP10TfLiteNodePK12TfLiteTensorS9_PS7_;_ZN6tflite3ops7builtin16embedding_lookup4EvalEP13TfLiteContextP10TfLiteNode;_ZN6tflite3ops7builtin16embedding_lookup7PrepareEP13TfLiteContextP10TfLiteNode;_ZN6tflite3ops7builtin25Register_EMBEDDING_LOOKUPEv
inference-engine-tflite	armv7l	inference-engine-tflite/usr/lib/libinference-engine-tflite.so	libtensorflow2-lite.a	embedding_lookup_sparse.cc.o	1	_ZN6tflite3ops7builtin32Register_EMBEDDING_LOOKUP_SPARSEEv
inference-engine-tflite	armv7l	inference-engine-tflite/usr/lib/libinference-engine-tflite.so	libtensorflow2-lite.a	environment.cc.o	18	_ZN6tflite3gpu2cl11Environment4InitEv;_ZN6tflite3gpu2cl11EnvironmentC1EONS1_8CLDeviceEONS1_9CLContextEONS1_14CLCommandQueueEONS1_21ProfilingCommandQueueE;_ZN6tflite3gpu2cl11EnvironmentC1EOS2_;_ZN6tflite3gpu2cl11EnvironmentC2EONS1_8CLDeviceEONS1_9CLContextEONS1_14CLCommandQueueEONS1_21ProfilingCommandQueueE;_ZN6tflite3gpu2cl11EnvironmentC2EOS2_;_ZN6tflite3gpu2cl11EnvironmentaSEOS2_;_ZN6tflite3gpu2cl17CreateEnvironmentEPNS1_11EnvironmentE;_ZN6tflite3gpu2cl21GetFastestStorageTypeERKNS0_7GpuInfoE;_ZN6tflite3gpu2cl25CanUseSubBufferForImage2dERKNS0_7GpuInfoE;_ZN6tflite3gpu2cl42GetStorageTypeWithMinimalMemoryConsumptionERKNS0_7GpuInfoE;_ZNK6tflite3gpu2cl11Environment11IsSupportedENS0_17TensorStorageTypeE;_ZNK6tflite3gpu2cl11Environment11IsSupportedENS0_21CalculationsPrecisionE;_ZNK6tflite3gpu2cl11Environment17SetLowPerformanceEv;_ZNK6tflite3gpu2cl11Environment18SetHighPerformanceEv;_ZNK6tflite3gpu2cl11Environment20GetSupportedStoragesEv;_ZNK6tflite3gpu2cl11Environment21SetDefaultPerformanceEv;_ZNK6tflite3gpu2cl11Environment22GetSupportedPrecisionsEv;_ZNK6tflite3gpu2cl11Environment42GetSupportedStoragesWithHWZeroClampSupportEv
inference-engine-tflite	armv7l	inference-engine-tflite/usr/lib/libinference-engine-tflite.so	libtensorflow2-lite.a	error_reporter.cc.o	2	_ZN6tflite13ErrorReporter11ReportErrorEPvPKcz;_ZN6tflite13ErrorReporter6ReportEPKcz
inference-engine-tflite	armv7l	inference-engine-tflite/usr/lib/libinference-engine-tflite.so	libtensorflow2-lite.a	escaping.cc.o	4	_ZN4absl12lts_2023080216strings_internal12kBase64CharsE;_ZN4absl12lts_2023080216strings_internal19kWebSafeBase64CharsE;_ZN4absl12lts_2023080216strings_internal20Base64EscapeInternalEPKhjPcjPKcb;_ZN4absl12lts_2023080216strings_internal33CalculateBase64EscapedLenInternalEjb
inference-engine-tflite	armv7l	inference-engine-tflite/usr/lib/libinference-engine-tflite.so	libtensorflow2-lite.a	even-split.c.o	6	check_output_compute_type;check_output_value;xnn_define_even_split2;xnn_define_even_split3;xnn_define_even_split4;xnn_define_even_split_n
inference-engine-tflite	armv7l	inference-engine-tflite/usr/lib/libinference-engine-tflite.so	libtensorflow2-lite.a	exp.cc.o	5	_ZN6tflite3ops7builtin12Register_EXPEv;_ZN6tflite3ops7builtin16Register_EXP_REFEv;_ZN6tflite3ops7builtin3exp4FreeEP13TfLiteContextPv;_ZN6tflite3ops7builtin3exp4InitEP13TfLiteContextPKcj;_ZN6tflite3ops7builtin3exp7PrepareEP13TfLiteContextP10TfLiteNode
inference-engine-tflite	armv7l	inference-engine-tflite/usr/lib/libinference-engine-tflite.so	libtensorflow2-lite.a	expand_dims.cc.o	3	_ZN6tflite3ops7builtin11expand_dims4EvalEP13TfLiteContextP10TfLiteNode;_ZN6tflite3ops7builtin11expand_dims7PrepareEP13TfLiteContextP10TfLiteNode;_ZN6tflite3ops7builtin20Register_EXPAND_DIMSEv
inference-engine-tflite	armv7l	inference-engine-tflite/usr/lib/libinference-engine-tflite.so	libtensorflow2-lite.a	exponential_biased.cc.o	3	_ZN4absl12lts_2023080218profiling_internal17ExponentialBiased10InitializeEv;_ZN4absl12lts_2023080218profiling_internal17ExponentialBiased12GetSkipCountEx;_ZN4absl12lts_2023080218profiling_internal17ExponentialBiased9GetStrideEx
inference-engine-tflite	armv7l	inference-engine-tflite/usr/lib/libinference-engine-tflite.so	libtensorflow2-lite.a	external_cpu_backend_context.cc.o	2	_ZN6tflite25ExternalCpuBackendContextC1Ev;_ZN6tflite25ExternalCpuBackendContextC2Ev
inference-engine-tflite	armv7l	inference-engine-tflite/usr/lib/libinference-engine-tflite.so	libtensorflow2-lite.a	f16-gemm-1x8-minmax-neonfp16arith-ld64.c.o	1	xnn_f16_gemm_minmax_ukernel_1x8__neonfp16arith_ld64
inference-engine-tflite	armv7l	inference-engine-tflite/usr/lib/libinference-engine-tflite.so	libtensorflow2-lite.a	f16-gemm-6x8-minmax-neonfp16arith-ld64.c.o	1	xnn_f16_gemm_minmax_ukernel_6x8__neonfp16arith_ld64
inference-engine-tflite	armv7l	inference-engine-tflite/usr/lib/libinference-engine-tflite.so	libtensorflow2-lite.a	f32-vcopysign-neon.c.o	3	xnn_f32_vcopysign_ukernel__neon_u12;xnn_f32_vcopysign_ukernel__neon_u16;xnn_f32_vcopysign_ukernel__neon_u4
inference-engine-tflite	armv7l	inference-engine-tflite/usr/lib/libinference-engine-tflite.so	libtensorflow2-lite.a	f32-vcopysign-scalar.c.o	3	xnn_f32_vcopysign_ukernel__scalar_u1;xnn_f32_vcopysign_ukernel__scalar_u4;xnn_f32_vcopysign_ukernel__scalar_u8
inference-engine-tflite	armv7l	inference-engine-tflite/usr/lib/libinference-engine-tflite.so	libtensorflow2-lite.a	f32-vcopysignc-neon.c.o	3	xnn_f32_vcopysignc_ukernel__neon_u12;xnn_f32_vcopysignc_ukernel__neon_u16;xnn_f32_vcopysignc_ukernel__neon_u4
inference-engine-tflite	armv7l	inference-engine-tflite/usr/lib/libinference-engine-tflite.so	libtensorflow2-lite.a	f32-vcopysignc-scalar.c.o	3	xnn_f32_vcopysignc_ukernel__scalar_u1;xnn_f32_vcopysignc_ukernel__scalar_u4;xnn_f32_vcopysignc_ukernel__scalar_u8
inference-engine-tflite	armv7l	inference-engine-tflite/usr/lib/libinference-engine-tflite.so	libtensorflow2-lite.a	f32-vrcopysignc-neon.c.o	3	xnn_f32_vrcopysignc_ukernel__neon_u12;xnn_f32_vrcopysignc_ukernel__neon_u16;xnn_f32_vrcopysignc_ukernel__neon_u4
inference-engine-tflite	armv7l	inference-engine-tflite/usr/lib/libinference-engine-tflite.so	libtensorflow2-lite.a	f32-vrcopysignc-scalar.c.o	3	xnn_f32_vrcopysignc_ukernel__scalar_u1;xnn_f32_vrcopysignc_ukernel__scalar_u4;xnn_f32_vrcopysignc_ukernel__scalar_u8
inference-engine-tflite	armv7l	inference-engine-tflite/usr/lib/libinference-engine-tflite.so	libtensorflow2-lite.a	fake_quant.cc.o	3	_ZN6tflite3ops7builtin10fake_quant7PrepareEP13TfLiteContextP10TfLiteNode;_ZN6tflite3ops7builtin19Register_FAKE_QUANTEv;_ZN6tflite3ops7builtin23Register_FAKE_QUANT_REFEv
inference-engine-tflite	armv7l	inference-engine-tflite/usr/lib/libinference-engine-tflite.so	libtensorflow2-lite.a	farmhash.cc.o	33	_ZN10farmhashcc14Fingerprint128EPKcj;_ZN10farmhashcc14Hash32WithSeedEPKcjj;_ZN10farmhashcc6Hash32EPKcj;_ZN10farmhashmk14Hash32WithSeedEPKcjj;_ZN10farmhashmk6Hash32EPKcj;_ZN10farmhashna14Hash64WithSeedEPKcjy;_ZN10farmhashna15Hash64WithSeedsEPKcjyy;_ZN10farmhashna6Hash64EPKcj;_ZN10farmhashnt14Hash32WithSeedEPKcjj;_ZN10farmhashnt6Hash32EPKcj;_ZN10farmhashsa14Hash32WithSeedEPKcjj;_ZN10farmhashsa6Hash32EPKcj;_ZN10farmhashsu14Hash32WithSeedEPKcjj;_ZN10farmhashsu6Hash32EPKcj;_ZN10farmhashte14Hash64WithSeedEPKcjy;_ZN10farmhashte15Hash64WithSeedsEPKcjyy;_ZN10farmhashte6Hash64EPKcj;_ZN10farmhashuo14Hash64WithSeedEPKcjy;_ZN10farmhashuo15Hash64WithSeedsEPKcjyy;_ZN10farmhashuo6Hash64EPKcj;_ZN10farmhashxo14Hash64WithSeedEPKcjy;_ZN10farmhashxo15Hash64WithSeedsEPKcjyy;_ZN10farmhashxo6Hash64EPKcj;_ZN4util13Fingerprint32EPKcj;_ZN4util13Fingerprint64EPKcj;_ZN4util14Fingerprint128EPKcj;_ZN4util14Hash32WithSeedEPKcjj;_ZN4util14Hash64WithSeedEPKcjy;_ZN4util15Hash64WithSeedsEPKcjyy;_ZN4util4HashEPKcj;_ZN4util6Hash32EPKcj;_ZN4util6Hash64EPKcj;_ZN4util7Hash128EPKcj
inference-engine-tflite	armv7l	inference-engine-tflite/usr/lib/libinference-engine-tflite.so	libtensorflow2-lite.a	fc_fc_add.cc.o	12	_ZN6tflite3gpu13CreateFCFCAddERKNS0_7GpuInfoERKNS0_12OperationDefERKNS0_24FullyConnectedAttributesES9_;_ZN6tflite3gpu13CreateFCFCAddERKNS0_7GpuInfoERKNS0_12OperationDefERKNS0_28FullyConnectedInt8AttributesES9_;_ZN6tflite3gpu7FCFCAdd22UploadQuantizedWeightsERKNS0_6TensorINS0_11StrongShapeILNS0_6LayoutE7EEELNS0_8DataTypeE5EEEffi;_ZN6tflite3gpu7FCFCAddC1EOS1_;_ZN6tflite3gpu7FCFCAddC1ERKNS0_12OperationDefERKNS0_7GpuInfoE;_ZN6tflite3gpu7FCFCAddC2EOS1_;_ZN6tflite3gpu7FCFCAddC2ERKNS0_12OperationDefERKNS0_7GpuInfoE;_ZN6tflite3gpu7FCFCAddaSEOS1_;_ZNK6tflite3gpu7FCFCAdd11GetGridSizeEv;_ZTIN6tflite3gpu7FCFCAddE;_ZTSN6tflite3gpu7FCFCAddE;_ZTVN6tflite3gpu7FCFCAddE
inference-engine-tflite	armv7l	inference-engine-tflite/usr/lib/libinference-engine-tflite.so	libtensorflow2-lite.a	fftsg.c.o	36	bitrv2;bitrv208;bitrv208neg;bitrv216;bitrv216neg;bitrv2conj;cdft;cftb040;cftb1st;cftbsub;cftf040;cftf081;cftf082;cftf161;cftf162;cftf1st;cftfsub;cftfx41;cftleaf;cftmdl1;cftmdl2;cftrec4;cfttree;cftx020;dctsub;ddct;ddst;dfct;dfst;dstsub;makect;makeipt;makewt;rdft;rftbsub;rftfsub
inference-engine-tflite	armv7l	inference-engine-tflite/usr/lib/libinference-engine-tflite.so	libtensorflow2-lite.a	fftsg2d.c.o	8	cdft2d;cdft2d_sub;ddct2d;ddst2d;ddxt2d_sub;rdft2d;rdft2d_sub;rdft2dsort
inference-engine-tflite	armv7l	inference-engine-tflite/usr/lib/libinference-engine-tflite.so	libtensorflow2-lite.a	file_util.cc.o	12	_ZN6tflite7xnnpack14FileDescriptor4OpenEPKcij;_ZN6tflite7xnnpack14FileDescriptor5CloseEv;_ZN6tflite7xnnpack14FileDescriptor5ResetEi;_ZN6tflite7xnnpack28CreateInMemoryFileDescriptorEPKc;_ZN6tflite7xnnpack31InMemoryFileDescriptorAvailableEv;_ZNK6tflite7xnnpack14FileDescriptor13SetPosFromEndEl;_ZNK6tflite7xnnpack14FileDescriptor4ReadEPvj;_ZNK6tflite7xnnpack14FileDescriptor5WriteEPKvj;_ZNK6tflite7xnnpack14FileDescriptor6GetPosEv;_ZNK6tflite7xnnpack14FileDescriptor6SetPosEl;_ZNK6tflite7xnnpack14FileDescriptor7MovePosEl;_ZNK6tflite7xnnpack14FileDescriptor9DuplicateEv
inference-engine-tflite	armv7l	inference-engine-tflite/usr/lib/libinference-engine-tflite.so	libtensorflow2-lite.a	fill.cc.o	4	_ZN6tflite3ops7builtin13Register_FILLEv;_ZN6tflite3ops7builtin4fill10FillStringEPK12TfLiteTensorPS3_;_ZN6tflite3ops7builtin4fill4EvalEP13TfLiteContextP10TfLiteNode;_ZN6tflite3ops7builtin4fill7PrepareEP13TfLiteContextP10TfLiteNode
inference-engine-tflite	armv7l	inference-engine-tflite/usr/lib/libinference-engine-tflite.so	libtensorflow2-lite.a	flatbuffer_conversions.cc.o	105	_ZN6tflite10ParseEqualEPKNS_8OperatorEPNS_13ErrorReporterEPNS_20BuiltinDataAllocatorEPPv;_ZN6tflite10ParseFloorEPKNS_8OperatorEPNS_13ErrorReporterEPNS_20BuiltinDataAllocatorEPPv;_ZN6tflite10ParsePadV2EPKNS_8OperatorEPNS_13ErrorReporterEPNS_20BuiltinDataAllocatorEPPv;_ZN6tflite10ParsePreluEPKNS_8OperatorEPNS_13ErrorReporterEPNS_20BuiltinDataAllocatorEPPv;_ZN6tflite10ParseRelu6EPKNS_8OperatorEPNS_13ErrorReporterEPNS_20BuiltinDataAllocatorEPPv;_ZN6tflite10ParseRoundEPKNS_8OperatorEPNS_13ErrorReporterEPNS_20BuiltinDataAllocatorEPPv;_ZN6tflite10ParseRsqrtEPKNS_8OperatorEPNS_13ErrorReporterEPNS_20BuiltinDataAllocatorEPPv;_ZN6tflite10ParseShapeEPKNS_8OperatorEPNS_13ErrorReporterEPNS_20BuiltinDataAllocatorEPPv;_ZN6tflite10ParseSliceEPKNS_8OperatorEPNS_13ErrorReporterEPNS_20BuiltinDataAllocatorEPPv;_ZN6tflite10ParseSplitEPKNS_8OperatorEPNS_13ErrorReporterEPNS_20BuiltinDataAllocatorEPPv;_ZN6tflite10ParseWhileEPKNS_8OperatorEPNS_13ErrorReporterEPNS_20BuiltinDataAllocatorEPPv;_ZN6tflite11ParseArgMaxEPKNS_8OperatorEPNS_13ErrorReporterEPNS_20BuiltinDataAllocatorEPPv;_ZN6tflite11ParseArgMinEPKNS_8OperatorEPNS_13ErrorReporterEPNS_20BuiltinDataAllocatorEPPv;_ZN6tflite11ParseConv2DEPKNS_8OperatorEPNS_13ErrorReporterEPNS_20BuiltinDataAllocatorEPPv;_ZN6tflite11ParseCumsumEPKNS_8OperatorEPNS_13ErrorReporterEPNS_20BuiltinDataAllocatorEPPv;_ZN6tflite11ParseGatherEPKNS_8OperatorEPNS_13ErrorReporterEPNS_20BuiltinDataAllocatorEPPv;_ZN6tflite11ParseOpDataEPKNS_8OperatorENS_15BuiltinOperatorEPNS_13ErrorReporterEPNS_20BuiltinDataAllocatorEPPv;_ZN6tflite11ParseSplitVEPKNS_8OperatorEPNS_13ErrorReporterEPNS_20BuiltinDataAllocatorEPPv;_ZN6tflite11ParseSquareEPKNS_8OperatorEPNS_13ErrorReporterEPNS_20BuiltinDataAllocatorEPPv;_ZN6tflite11ParseUnpackEPKNS_8OperatorEPNS_13ErrorReporterEPNS_20BuiltinDataAllocatorEPPv;_ZN6tflite12ParseGreaterEPKNS_8OperatorEPNS_13ErrorReporterEPNS_20BuiltinDataAllocatorEPPv;_ZN6tflite12ParseMaximumEPKNS_8OperatorEPNS_13ErrorReporterEPNS_20BuiltinDataAllocatorEPPv;_ZN6tflite12ParseMinimumEPKNS_8OperatorEPNS_13ErrorReporterEPNS_20BuiltinDataAllocatorEPPv;_ZN6tflite12ParseReducerEPKNS_8OperatorEPNS_13ErrorReporterEPNS_20BuiltinDataAllocatorEPPv;_ZN6tflite12ParseReshapeEPKNS_8OperatorEPNS_13ErrorReporterEPNS_20BuiltinDataAllocatorEPPv;_ZN6tflite12ParseSoftmaxEPKNS_8OperatorEPNS_13ErrorReporterEPNS_20BuiltinDataAllocatorEPPv;_ZN6tflite12ParseSqueezeEPKNS_8OperatorEPNS_13ErrorReporterEPNS_20BuiltinDataAllocatorEPPv;_ZN6tflite13ParseCallOnceEPKNS_8OperatorEPNS_13ErrorReporterEPNS_20BuiltinDataAllocatorEPPv;_ZN6tflite13ParseFloorDivEPKNS_8OperatorEPNS_13ErrorReporterEPNS_20BuiltinDataAllocatorEPPv;_ZN6tflite13ParseFloorModEPKNS_8OperatorEPNS_13ErrorReporterEPNS_20BuiltinDataAllocatorEPPv;_ZN6tflite13ParseGatherNdEPKNS_8OperatorEPNS_13ErrorReporterEPNS_20BuiltinDataAllocatorEPPv;_ZN6tflite13ParseLogisticEPKNS_8OperatorEPNS_13ErrorReporterEPNS_20BuiltinDataAllocatorEPPv;_ZN6tflite13ParseNotEqualEPKNS_8OperatorEPNS_13ErrorReporterEPNS_20BuiltinDataAllocatorEPPv;_ZN6tflite13ParseQuantizeEPKNS_8OperatorEPNS_13ErrorReporterEPNS_20BuiltinDataAllocatorEPPv;_ZN6tflite13ParseSelectV2EPKNS_8OperatorEPNS_13ErrorReporterEPNS_20BuiltinDataAllocatorEPPv;_ZN6tflite14ParseHardSwishEPKNS_8OperatorEPNS_13ErrorReporterEPNS_20BuiltinDataAllocatorEPPv;_ZN6tflite14ParseLeakyReluEPKNS_8OperatorEPNS_13ErrorReporterEPNS_20BuiltinDataAllocatorEPPv;_ZN6tflite14ParseLessEqualEPKNS_8OperatorEPNS_13ErrorReporterEPNS_20BuiltinDataAllocatorEPPv;_ZN6tflite14ParseLogicalOrEPKNS_8OperatorEPNS_13ErrorReporterEPNS_20BuiltinDataAllocatorEPPv;_ZN6tflite14ParseMirrorPadEPKNS_8OperatorEPNS_13ErrorReporterEPNS_20BuiltinDataAllocatorEPPv;_ZN6tflite14ParseTransposeEPKNS_8OperatorEPNS_13ErrorReporterEPNS_20BuiltinDataAllocatorEPPv;_ZN6tflite14ParseVarHandleEPKNS_8OperatorEPNS_13ErrorReporterEPNS_20BuiltinDataAllocatorEPPv;_ZN6tflite14ParseZerosLikeEPKNS_8OperatorEPNS_13ErrorReporterEPNS_20BuiltinDataAllocatorEPPv;_ZN6tflite15ParseBitwiseXorEPKNS_8OperatorEPNS_13ErrorReporterEPNS_20BuiltinDataAllocatorEPPv;_ZN6tflite15ParseDequantizeEPKNS_8OperatorEPNS_13ErrorReporterEPNS_20BuiltinDataAllocatorEPPv;_ZN6tflite15ParseExpandDimsEPKNS_8OperatorEPNS_13ErrorReporterEPNS_20BuiltinDataAllocatorEPPv;_ZN6tflite15ParseLogSoftmaxEPKNS_8OperatorEPNS_13ErrorReporterEPNS_20BuiltinDataAllocatorEPPv;_ZN6tflite15ParseLogicalAndEPKNS_8OperatorEPNS_13ErrorReporterEPNS_20BuiltinDataAllocatorEPPv;_ZN6tflite15ParseLogicalNotEPKNS_8OperatorEPNS_13ErrorReporterEPNS_20BuiltinDataAllocatorEPPv;_ZN6tflite15ParseRightShiftEPKNS_8OperatorEPNS_13ErrorReporterEPNS_20BuiltinDataAllocatorEPPv;_ZN6tflite16ParseBatchMatMulEPKNS_8OperatorEPNS_13ErrorReporterEPNS_20BuiltinDataAllocatorEPPv;_ZN6tflite16ParseBroadcastToEPKNS_8OperatorEPNS_13ErrorReporterEPNS_20BuiltinDataAllocatorEPPv;_ZN6tflite17ConvertTensorTypeENS_10TensorTypeEP10TfLiteTypePNS_13ErrorReporterE;_ZN6tflite17ParseDepthToSpaceEPKNS_8OperatorEPNS_13ErrorReporterEPNS_20BuiltinDataAllocatorEPPv;_ZN6tflite17ParseGreaterEqualEPKNS_8OperatorEPNS_13ErrorReporterEPNS_20BuiltinDataAllocatorEPPv;_ZN6tflite17ParseReadVariableEPKNS_8OperatorEPNS_13ErrorReporterEPNS_20BuiltinDataAllocatorEPPv;_ZN6tflite17ParseSpaceToDepthEPKNS_8OperatorEPNS_13ErrorReporterEPNS_20BuiltinDataAllocatorEPPv;_ZN6tflite17ParseStablehloPadEPKNS_8OperatorEPNS_13ErrorReporterEPNS_20BuiltinDataAllocatorEPPv;_ZN6tflite17ParseStridedSliceEPKNS_8OperatorEPNS_13ErrorReporterEPNS_20BuiltinDataAllocatorEPPv;_ZN6tflite18ParseBroadcastArgsEPKNS_8OperatorEPNS_13ErrorReporterEPNS_20BuiltinDataAllocatorEPPv;_ZN6tflite18ParseConcatenationEPKNS_8OperatorEPNS_13ErrorReporterEPNS_20BuiltinDataAllocatorEPPv;_ZN6tflite18ParseTransposeConvEPKNS_8OperatorEPNS_13ErrorReporterEPNS_20BuiltinDataAllocatorEPPv;_ZN6tflite19ParseAssignVariableEPKNS_8OperatorEPNS_13ErrorReporterEPNS_20BuiltinDataAllocatorEPPv;_ZN6tflite19ParseBatchToSpaceNdEPKNS_8OperatorEPNS_13ErrorReporterEPNS_20BuiltinDataAllocatorEPPv;_ZN6tflite19ParseFullyConnectedEPKNS_8OperatorEPNS_13ErrorReporterEPNS_20BuiltinDataAllocatorEPPv;_ZN6tflite19ParseResizeBilinearEPKNS_8OperatorEPNS_13ErrorReporterEPNS_20BuiltinDataAllocatorEPPv;_ZN6tflite19ParseSpaceToBatchNdEPKNS_8OperatorEPNS_13ErrorReporterEPNS_20BuiltinDataAllocatorEPPv;_ZN6tflite20ParseDepthwiseConv2DEPKNS_8OperatorEPNS_13ErrorReporterEPNS_20BuiltinDataAllocatorEPPv;_ZN6tflite20ParseEmbeddingLookupEPKNS_8OperatorEPNS_13ErrorReporterEPNS_20BuiltinDataAllocatorEPPv;_ZN6tflite20ParseL2NormalizationEPKNS_8OperatorEPNS_13ErrorReporterEPNS_20BuiltinDataAllocatorEPPv;_ZN6tflite20ParseStablehloGatherEPKNS_8OperatorEPNS_13ErrorReporterEPNS_20BuiltinDataAllocatorEPPv;_ZN6tflite21ParseStablehloScatterEPKNS_8OperatorEPNS_13ErrorReporterEPNS_20BuiltinDataAllocatorEPPv;_ZN6tflite22ParseSquaredDifferenceEPKNS_8OperatorEPNS_13ErrorReporterEPNS_20BuiltinDataAllocatorEPPv;_ZN6tflite23ParseStablehloCompositeEPKNS_8OperatorEPNS_13ErrorReporterEPNS_20BuiltinDataAllocatorEPPv;_ZN6tflite23ParseStablehloShiftLeftEPKNS_8OperatorEPNS_13ErrorReporterEPNS_20BuiltinDataAllocatorEPPv;_ZN6tflite26ParseResizeNearestNeighborEPKNS_8OperatorEPNS_13ErrorReporterEPNS_20BuiltinDataAllocatorEPPv;_ZN6tflite26ParseStablehloReduceWindowEPKNS_8OperatorEPNS_13ErrorReporterEPNS_20BuiltinDataAllocatorEPPv;_ZN6tflite29ParseStablehloRngBitGeneratorEPKNS_8OperatorEPNS_13ErrorReporterEPNS_20BuiltinDataAllocatorEPPv;_ZN6tflite31ParseUnidirectionalSequenceLSTMEPKNS_8OperatorEPNS_13ErrorReporterEPNS_20BuiltinDataAllocatorEPPv;_ZN6tflite7ParseIfEPKNS_8OperatorEPNS_13ErrorReporterEPNS_20BuiltinDataAllocatorEPPv;_ZN6tflite8ParseAbsEPKNS_8OperatorEPNS_13ErrorReporterEPNS_20BuiltinDataAllocatorEPPv;_ZN6tflite8ParseAddEPKNS_8OperatorEPNS_13ErrorReporterEPNS_20BuiltinDataAllocatorEPPv;_ZN6tflite8ParseCosEPKNS_8OperatorEPNS_13ErrorReporterEPNS_20BuiltinDataAllocatorEPPv;_ZN6tflite8ParseDivEPKNS_8OperatorEPNS_13ErrorReporterEPNS_20BuiltinDataAllocatorEPPv;_ZN6tflite8ParseEluEPKNS_8OperatorEPNS_13ErrorReporterEPNS_20BuiltinDataAllocatorEPPv;_ZN6tflite8ParseExpEPKNS_8OperatorEPNS_13ErrorReporterEPNS_20BuiltinDataAllocatorEPPv;_ZN6tflite8ParseLogEPKNS_8OperatorEPNS_13ErrorReporterEPNS_20BuiltinDataAllocatorEPPv;_ZN6tflite8ParseMulEPKNS_8OperatorEPNS_13ErrorReporterEPNS_20BuiltinDataAllocatorEPPv;_ZN6tflite8ParseNegEPKNS_8OperatorEPNS_13ErrorReporterEPNS_20BuiltinDataAllocatorEPPv;_ZN6tflite8ParsePadEPKNS_8OperatorEPNS_13ErrorReporterEPNS_20BuiltinDataAllocatorEPPv;_ZN6tflite8ParsePowEPKNS_8OperatorEPNS_13ErrorReporterEPNS_20BuiltinDataAllocatorEPPv;_ZN6tflite8ParseSinEPKNS_8OperatorEPNS_13ErrorReporterEPNS_20BuiltinDataAllocatorEPPv;_ZN6tflite8ParseSubEPKNS_8OperatorEPNS_13ErrorReporterEPNS_20BuiltinDataAllocatorEPPv;_ZN6tflite9ParseAddNEPKNS_8OperatorEPNS_13ErrorReporterEPNS_20BuiltinDataAllocatorEPPv;_ZN6tflite9ParseCastEPKNS_8OperatorEPNS_13ErrorReporterEPNS_20BuiltinDataAllocatorEPPv;_ZN6tflite9ParseCeilEPKNS_8OperatorEPNS_13ErrorReporterEPNS_20BuiltinDataAllocatorEPPv;_ZN6tflite9ParseFillEPKNS_8OperatorEPNS_13ErrorReporterEPNS_20BuiltinDataAllocatorEPPv;_ZN6tflite9ParseLSTMEPKNS_8OperatorEPNS_13ErrorReporterEPNS_20BuiltinDataAllocatorEPPv;_ZN6tflite9ParseLessEPKNS_8OperatorEPNS_13ErrorReporterEPNS_20BuiltinDataAllocatorEPPv;_ZN6tflite9ParsePackEPKNS_8OperatorEPNS_13ErrorReporterEPNS_20BuiltinDataAllocatorEPPv;_ZN6tflite9ParsePoolEPKNS_8OperatorEPNS_13ErrorReporterEPNS_20BuiltinDataAllocatorEPPv;_ZN6tflite9ParseReluEPKNS_8OperatorEPNS_13ErrorReporterEPNS_20BuiltinDataAllocatorEPPv;_ZN6tflite9ParseSqrtEPKNS_8OperatorEPNS_13ErrorReporterEPNS_20BuiltinDataAllocatorEPPv;_ZN6tflite9ParseSvdfEPKNS_8OperatorEPNS_13ErrorReporterEPNS_20BuiltinDataAllocatorEPPv;_ZN6tflite9ParseTanhEPKNS_8OperatorEPNS_13ErrorReporterEPNS_20BuiltinDataAllocatorEPPv
inference-engine-tflite	armv7l	inference-engine-tflite/usr/lib/libinference-engine-tflite.so	libtensorflow2-lite.a	float_conversion.cc.o	3	_ZN4absl12lts_2023080219str_format_internal16ConvertFloatImplEdRKNS1_24FormatConversionSpecImplEPNS1_14FormatSinkImplE;_ZN4absl12lts_2023080219str_format_internal16ConvertFloatImplEeRKNS1_24FormatConversionSpecImplEPNS1_14FormatSinkImplE;_ZN4absl12lts_2023080219str_format_internal16ConvertFloatImplEfRKNS1_24FormatConversionSpecImplEPNS1_14FormatSinkImplE
inference-engine-tflite	armv7l	inference-engine-tflite/usr/lib/libinference-engine-tflite.so	libtensorflow2-lite.a	floor.c.o	1	xnn_define_floor
inference-engine-tflite	armv7l	inference-engine-tflite/usr/lib/libinference-engine-tflite.so	libtensorflow2-lite.a	floor.cc.o	3	_ZN6tflite3ops7builtin14Register_FLOOREv;_ZN6tflite3ops7builtin18Register_FLOOR_REFEv;_ZN6tflite3ops7builtin5floor7PrepareEP13TfLiteContextP10TfLiteNode
inference-engine-tflite	armv7l	inference-engine-tflite/usr/lib/libinference-engine-tflite.so	libtensorflow2-lite.a	floor_div.cc.o	1	_ZN6tflite3ops7builtin18Register_FLOOR_DIVEv
inference-engine-tflite	armv7l	inference-engine-tflite/usr/lib/libinference-engine-tflite.so	libtensorflow2-lite.a	floor_mod.cc.o	1	_ZN6tflite3ops7builtin18Register_FLOOR_MODEv
inference-engine-tflite	armv7l	inference-engine-tflite/usr/lib/libinference-engine-tflite.so	libtensorflow2-lite.a	flops_util.cc.o	5	_ZN6tflite3gpu19GetConvolutionFlopsERKNS0_11StrongShapeILNS0_6LayoutE10EEERKNS1_ILS2_7EEE;_ZN6tflite3gpu22GetFullyConnectedFlopsERKNS0_11StrongShapeILNS0_6LayoutE10EEERKNS1_ILS2_7EEE;_ZN6tflite3gpu28GetDepthwiseConvolutionFlopsERKNS0_11StrongShapeILNS0_6LayoutE10EEERKNS1_ILS2_7EEE;_ZN6tflite3gpu29GetConvolutionTransposedFlopsERKNS0_11StrongShapeILNS0_6LayoutE10EEERKNS1_ILS2_7EEE;_ZN6tflite3gpu35GetConvolutionWinograd4x4To6x6FlopsERKNS0_11StrongShapeILNS0_6LayoutE10EEERKNS1_ILS2_7EEE
inference-engine-tflite	armv7l	inference-engine-tflite/usr/lib/libinference-engine-tflite.so	libtensorflow2-lite.a	frontend.cc.o	1	_ZN3ruy26MulFrontEndFromTrMulParamsEPNS_3CtxEPNS_11TrMulParamsE
inference-engine-tflite	armv7l	inference-engine-tflite/usr/lib/libinference-engine-tflite.so	libtensorflow2-lite.a	fully-connected-nc.c.o	42	xnn_create_fully_connected_nc_f16;xnn_create_fully_connected_nc_f32;xnn_create_fully_connected_nc_f32_qc4w;xnn_create_fully_connected_nc_f32_qc8w;xnn_create_fully_connected_nc_qd8_f16_qb4w;xnn_create_fully_connected_nc_qd8_f16_qc4w;xnn_create_fully_connected_nc_qd8_f16_qc8w;xnn_create_fully_connected_nc_qd8_f32_qb4w;xnn_create_fully_connected_nc_qd8_f32_qc4w;xnn_create_fully_connected_nc_qd8_f32_qc8w;xnn_create_fully_connected_nc_qp8_f32_qc4w;xnn_create_fully_connected_nc_qs8;xnn_create_fully_connected_nc_qs8_qc8w;xnn_create_fully_connected_nc_qu8;xnn_reshape_fully_connected_nc_f16;xnn_reshape_fully_connected_nc_f32;xnn_reshape_fully_connected_nc_f32_qc4w;xnn_reshape_fully_connected_nc_f32_qc8w;xnn_reshape_fully_connected_nc_qd8_f16_qb4w;xnn_reshape_fully_connected_nc_qd8_f16_qc4w;xnn_reshape_fully_connected_nc_qd8_f16_qc8w;xnn_reshape_fully_connected_nc_qd8_f32_qb4w;xnn_reshape_fully_connected_nc_qd8_f32_qc4w;xnn_reshape_fully_connected_nc_qd8_f32_qc8w;xnn_reshape_fully_connected_nc_qp8_f32_qc4w;xnn_reshape_fully_connected_nc_qs8;xnn_reshape_fully_connected_nc_qs8_qc8w;xnn_reshape_fully_connected_nc_qu8;xnn_setup_fully_connected_nc_f16;xnn_setup_fully_connected_nc_f32;xnn_setup_fully_connected_nc_f32_qc4w;xnn_setup_fully_connected_nc_f32_qc8w;xnn_setup_fully_connected_nc_qd8_f16_qb4w;xnn_setup_fully_connected_nc_qd8_f16_qc4w;xnn_setup_fully_connected_nc_qd8_f16_qc8w;xnn_setup_fully_connected_nc_qd8_f32_qb4w;xnn_setup_fully_connected_nc_qd8_f32_qc4w;xnn_setup_fully_connected_nc_qd8_f32_qc8w;xnn_setup_fully_connected_nc_qp8_f32_qc4w;xnn_setup_fully_connected_nc_qs8;xnn_setup_fully_connected_nc_qs8_qc8w;xnn_setup_fully_connected_nc_qu8
inference-engine-tflite	armv7l	inference-engine-tflite/usr/lib/libinference-engine-tflite.so	libtensorflow2-lite.a	fully-connected.c.o	2	resize_fully_connected_output_tensor;xnn_define_fully_connected
inference-engine-tflite	armv7l	inference-engine-tflite/usr/lib/libinference-engine-tflite.so	libtensorflow2-lite.a	fully_connected.cc.o	27	_ZN6tflite3gpu14FullyConnected22UploadQuantizedWeightsERKNS0_6TensorINS0_11StrongShapeILNS0_6LayoutE7EEELNS0_8DataTypeE5EEEff;_ZN6tflite3gpu14FullyConnectedC1EOS1_;_ZN6tflite3gpu14FullyConnectedC1ERKNS0_12OperationDefERKNS0_7GpuInfoE;_ZN6tflite3gpu14FullyConnectedC2EOS1_;_ZN6tflite3gpu14FullyConnectedC2ERKNS0_12OperationDefERKNS0_7GpuInfoE;_ZN6tflite3gpu14FullyConnectedaSEOS1_;_ZN6tflite3gpu20CreateFullyConnectedERKNS0_7GpuInfoERKNS0_12OperationDefERKNS0_24FullyConnectedAttributesE;_ZN6tflite3gpu20CreateFullyConnectedERKNS0_7GpuInfoERKNS0_12OperationDefERKNS0_28FullyConnectedInt8AttributesE;_ZN6tflite3ops7builtin15fully_connected10EvalHybridEP13TfLiteContextP10TfLiteNodeP26TfLiteFullyConnectedParamsPNS2_6OpDataEPK12TfLiteTensorSD_SD_PSB_SE_SE_SE_SE_SE_;_ZN6tflite3ops7builtin15fully_connected11PrepareImplEP13TfLiteContextP10TfLiteNodeNS2_10KernelTypeE;_ZN6tflite3ops7builtin15fully_connected14VerifySparsityERKNS_12RuntimeShapeES5_S5_PK14TfLiteSparsity;_ZN6tflite3ops7builtin15fully_connected15EvalHybridDenseEP13TfLiteContextP10TfLiteNodeP26TfLiteFullyConnectedParamsPNS2_6OpDataEPK12TfLiteTensorSD_SD_PSB_SE_SE_SE_SE_SE_;_ZN6tflite3ops7builtin15fully_connected15PrepareImpl4BitEP13TfLiteContextP10TfLiteNodeiiiiii;_ZN6tflite3ops7builtin15fully_connected16UpdateOutputSizeEP13TfLiteContextP26TfLiteFullyConnectedParamsPK12TfLiteTensorPS7_iii;_ZN6tflite3ops7builtin15fully_connected19EvalHybridDense4BitEP13TfLiteContextP10TfLiteNodeP26TfLiteFullyConnectedParamsPNS2_6OpDataEPK12TfLiteTensorSD_SD_PSB_SE_SE_SE_SE_;_ZN6tflite3ops7builtin15fully_connected20EvalSparseHybridImplEP13TfLiteContextP10TfLiteNodeP26TfLiteFullyConnectedParamsPNS2_6OpDataEPK12TfLiteTensorSD_SD_iiPSB_SE_SE_SE_SE_SE_;_ZN6tflite3ops7builtin15fully_connected4FreeEP13TfLiteContextPv;_ZN6tflite3ops7builtin15fully_connected4InitEP13TfLiteContextPKcj;_ZN6tflite3ops7builtin15fully_connected7EvalPieEP13TfLiteContextP10TfLiteNodeP26TfLiteFullyConnectedParamsPNS2_6OpDataEPK12TfLiteTensorSD_SD_PSB_;_ZN6tflite3ops7builtin24Register_FULLY_CONNECTEDEv;_ZN6tflite3ops7builtin28Register_FULLY_CONNECTED_PIEEv;_ZN6tflite3ops7builtin28Register_FULLY_CONNECTED_REFEv;_ZN6tflite3ops7builtin36Register_FULLY_CONNECTED_GENERIC_OPTEv;_ZNK6tflite3gpu14FullyConnected11GetGridSizeEv;_ZTIN6tflite3gpu14FullyConnectedE;_ZTSN6tflite3gpu14FullyConnectedE;_ZTVN6tflite3gpu14FullyConnectedE
inference-engine-tflite	armv7l	inference-engine-tflite/usr/lib/libinference-engine-tflite.so	libtensorflow2-lite.a	fully_connected_reference.cc.o	4	_ZN6tflite14optimized_4bit16ReferencePrepackEPhPKaiiiiii;_ZN6tflite14optimized_4bit18ReferencePackInnerEPKaPhiiiiiiii;_ZN6tflite14optimized_4bit32ReferenceBatchQuantizeFloats4BitEPKfiiPaPfiiPi;_ZN6tflite14optimized_4bit36ReferenceAssignBiasAndComputeOffsetsEPKiPKfS4_S4_Pfii
inference-engine-tflite	armv7l	inference-engine-tflite/usr/lib/libinference-engine-tflite.so	libtensorflow2-lite.a	fully_connected_selector.cc.o	2	_ZN6tflite3gpu20SelectFullyConnectedERKNS0_24FullyConnectedAttributesERKNS0_7GpuInfoERKNS0_12OperationDefEi;_ZN6tflite3gpu20SelectFullyConnectedERKNS0_28FullyConnectedInt8AttributesERKNS0_7GpuInfoERKNS0_12OperationDefE
inference-engine-tflite	armv7l	inference-engine-tflite/usr/lib/libinference-engine-tflite.so	libtensorflow2-lite.a	fuse_add_to_conv.cc.o	6	_ZN6tflite3gpu24FuseConvolution2DWithAddERKNS0_25ElementwiseAttributesBaseILNS0_8DataTypeE2EfEEPNS0_23Convolution2DAttributesE;_ZN6tflite3gpu25FuseFullyConnectedWithAddERKNS0_25ElementwiseAttributesBaseILNS0_8DataTypeE2EfEEPNS0_24FullyConnectedAttributesE;_ZN6tflite3gpu26NewMergeAddWithConvolutionEv;_ZN6tflite3gpu26NewMergeConvolutionWithAddEv;_ZN6tflite3gpu32FuseConvolutionTransposedWithAddERKNS0_25ElementwiseAttributesBaseILNS0_8DataTypeE2EfEEPNS0_31ConvolutionTransposedAttributesE;_ZN6tflite3gpu33FuseDepthwiseConvolution2DWithAddERKNS0_25ElementwiseAttributesBaseILNS0_8DataTypeE2EfEEPNS0_32DepthwiseConvolution2DAttributesE
inference-engine-tflite	armv7l	inference-engine-tflite/usr/lib/libinference-engine-tflite.so	libtensorflow2-lite.a	fuse_mul_to_conv.cc.o	10	_ZN6tflite3gpu26NewMergeConvolutionWithMulEv;_ZN6tflite3gpu26NewMergeMulWithConvolutionEv;_ZN6tflite3gpu29FuseConvolution2DWithMultiplyERKNS0_25ElementwiseAttributesBaseILNS0_8DataTypeE2EfEEPNS0_23Convolution2DAttributesE;_ZN6tflite3gpu29FuseMultiplyWithConvolution2DERKNS0_25ElementwiseAttributesBaseILNS0_8DataTypeE2EfEEPNS0_23Convolution2DAttributesE;_ZN6tflite3gpu30FuseFullyConnectedWithMultiplyERKNS0_25ElementwiseAttributesBaseILNS0_8DataTypeE2EfEEPNS0_24FullyConnectedAttributesE;_ZN6tflite3gpu30FuseMultiplyWithFullyConnectedERKNS0_25ElementwiseAttributesBaseILNS0_8DataTypeE2EfEEPNS0_24FullyConnectedAttributesE;_ZN6tflite3gpu37FuseConvolutionTransposedWithMultiplyERKNS0_25ElementwiseAttributesBaseILNS0_8DataTypeE2EfEEPNS0_31ConvolutionTransposedAttributesE;_ZN6tflite3gpu37FuseMultiplyWithConvolutionTransposedERKNS0_25ElementwiseAttributesBaseILNS0_8DataTypeE2EfEEPNS0_31ConvolutionTransposedAttributesE;_ZN6tflite3gpu38FuseDepthwiseConvolution2DWithMultiplyERKNS0_25ElementwiseAttributesBaseILNS0_8DataTypeE2EfEEPNS0_32DepthwiseConvolution2DAttributesE;_ZN6tflite3gpu38FuseMultiplyWithDepthwiseConvolution2DERKNS0_25ElementwiseAttributesBaseILNS0_8DataTypeE2EfEEPNS0_32DepthwiseConvolution2DAttributesE
inference-engine-tflite	armv7l	inference-engine-tflite/usr/lib/libinference-engine-tflite.so	libtensorflow2-lite.a	futex_waiter.cc.o	3	_ZN4absl12lts_2023080224synchronization_internal11FutexWaiter4PokeEv;_ZN4absl12lts_2023080224synchronization_internal11FutexWaiter4PostEv;_ZN4absl12lts_2023080224synchronization_internal11FutexWaiter4WaitENS1_13KernelTimeoutE
inference-engine-tflite	armv7l	inference-engine-tflite/usr/lib/libinference-engine-tflite.so	libtensorflow2-lite.a	gather.cc.o	8	_ZN6tflite3gpu12CreateGatherERKNS0_7GpuInfoERKNS0_12OperationDefERKNS0_16GatherAttributesE;_ZN6tflite3ops7builtin15Register_GATHEREv;_ZN6tflite3ops7builtin6gather24DispatchEvalPositionTypeEP13TfLiteContextPK18TfLiteGatherParamsPK12TfLiteTensorSA_PS8_;_ZN6tflite3ops7builtin6gather4EvalEP13TfLiteContextP10TfLiteNode;_ZN6tflite3ops7builtin6gather4FreeEP13TfLiteContextPv;_ZN6tflite3ops7builtin6gather4InitEP13TfLiteContextPKcj;_ZN6tflite3ops7builtin6gather7PrepareEP13TfLiteContextP10TfLiteNode;_ZN6tflite3ops7builtin6gather8EvalImplEP13TfLiteContextP10TfLiteNode
inference-engine-tflite	armv7l	inference-engine-tflite/usr/lib/libinference-engine-tflite.so	libtensorflow2-lite.a	gather_nd.cc.o	3	_ZN6tflite3ops7builtin18Register_GATHER_NDEv;_ZN6tflite3ops7builtin9gather_nd4EvalEP13TfLiteContextP10TfLiteNode;_ZN6tflite3ops7builtin9gather_nd7PrepareEP13TfLiteContextP10TfLiteNode
inference-engine-tflite	armv7l	inference-engine-tflite/usr/lib/libinference-engine-tflite.so	libtensorflow2-lite.a	gelu.c.o	1	xnn_define_gelu
inference-engine-tflite	armv7l	inference-engine-tflite/usr/lib/libinference-engine-tflite.so	libtensorflow2-lite.a	global-average-pooling-ncw.c.o	6	xnn_create_global_average_pooling_ncw_f16;xnn_create_global_average_pooling_ncw_f32;xnn_reshape_global_average_pooling_ncw_f16;xnn_reshape_global_average_pooling_ncw_f32;xnn_setup_global_average_pooling_ncw_f16;xnn_setup_global_average_pooling_ncw_f32
inference-engine-tflite	armv7l	inference-engine-tflite/usr/lib/libinference-engine-tflite.so	libtensorflow2-lite.a	global-average-pooling-nwc.c.o	18	xnn_create_global_average_pooling_nwc_f16;xnn_create_global_average_pooling_nwc_f32;xnn_create_global_average_pooling_nwc_qs8;xnn_create_global_average_pooling_nwc_qu8;xnn_create_global_sum_pooling_nwc_f16;xnn_create_global_sum_pooling_nwc_f32;xnn_reshape_global_average_pooling_nwc_f16;xnn_reshape_global_average_pooling_nwc_f32;xnn_reshape_global_average_pooling_nwc_qs8;xnn_reshape_global_average_pooling_nwc_qu8;xnn_reshape_global_sum_pooling_nwc_f16;xnn_reshape_global_sum_pooling_nwc_f32;xnn_setup_global_average_pooling_nwc_f16;xnn_setup_global_average_pooling_nwc_f32;xnn_setup_global_average_pooling_nwc_qs8;xnn_setup_global_average_pooling_nwc_qu8;xnn_setup_global_sum_pooling_nwc_f16;xnn_setup_global_sum_pooling_nwc_f32
inference-engine-tflite	armv7l	inference-engine-tflite/usr/lib/libinference-engine-tflite.so	libtensorflow2-lite.a	global-average-pooling.c.o	2	xnn_define_global_average_pooling_1d;xnn_define_global_average_pooling_2d
inference-engine-tflite	armv7l	inference-engine-tflite/usr/lib/libinference-engine-tflite.so	libtensorflow2-lite.a	global-sum-pooling.c.o	2	xnn_define_global_sum_pooling_1d;xnn_define_global_sum_pooling_2d
inference-engine-tflite	armv7l	inference-engine-tflite/usr/lib/libinference-engine-tflite.so	libtensorflow2-lite.a	global_pooling_to_reduce_op.cc.o	1	_ZN6tflite3gpu26NewGlobalPoolingToReduceOpEv
inference-engine-tflite	armv7l	inference-engine-tflite/usr/lib/libinference-engine-tflite.so	libtensorflow2-lite.a	gpu_compatibility.cc.o	3	_ZN6tflite29CheckGpuDelegateCompatibilityEPK13TfLiteContextPK10TfLiteNodePK18TfLiteRegistrationNS_21GpuCompatibilityFlagsE;_ZN6tflite29CheckGpuDelegateCompatibilityEPKNS_12OperatorCodeEPKNS_8OperatorEPKNS_8SubGraphEPKNS_5ModelE;_ZN6tflite29CheckGpuDelegateCompatibilityERKNS_11OpSignatureENS_21GpuCompatibilityFlagsE
inference-engine-tflite	armv7l	inference-engine-tflite/usr/lib/libinference-engine-tflite.so	libtensorflow2-lite.a	gpu_info.cc.o	106	_ZN6tflite3gpu9AppleInfo15SetComputeUnitsEi;_ZNK6tflite3gpu10AdrenoInfo11GetWaveSizeEb;_ZNK6tflite3gpu10AdrenoInfo11IsAdreno1xxEv;_ZNK6tflite3gpu10AdrenoInfo11IsAdreno2xxEv;_ZNK6tflite3gpu10AdrenoInfo11IsAdreno3xxEv;_ZNK6tflite3gpu10AdrenoInfo11IsAdreno4xxEv;_ZNK6tflite3gpu10AdrenoInfo11IsAdreno5xxEv;_ZNK6tflite3gpu10AdrenoInfo11IsAdreno6xxEv;_ZNK6tflite3gpu10AdrenoInfo11IsAdreno7xxEv;_ZNK6tflite3gpu10AdrenoInfo12IsBetterThanENS0_9AdrenoGpuE;_ZNK6tflite3gpu10AdrenoInfo19IsAdreno6xxOrHigherEv;_ZNK6tflite3gpu10AdrenoInfo20GetComputeUnitsCountEv;_ZNK6tflite3gpu10AdrenoInfo20GetMaximumWavesCountEib;_ZNK6tflite3gpu10AdrenoInfo20GetMaximumWavesCountEv;_ZNK6tflite3gpu10AdrenoInfo35GetRegisterMemorySizePerComputeUnitEv;_ZNK6tflite3gpu10OpenClInfo21SupportedImage2dTypes15SupportsImage2DENS0_8DataTypeEi;_ZNK6tflite3gpu10OpenClInfo28IsImage2dFromBufferSupportedEv;_ZNK6tflite3gpu10OpenGlInfo20IsApiOpenGl31OrAboveEv;_ZNK6tflite3gpu10OpenGlInfo20IsApiOpenGl32OrAboveEv;_ZNK6tflite3gpu10OpenGlInfo20SupportsExplicitFp16Ev;_ZNK6tflite3gpu10VulkanInfo20SupportsExplicitFp16Ev;_ZNK6tflite3gpu11PowerVRInfo12IsBetterThanENS0_10PowerVRGpuE;_ZNK6tflite3gpu11PowerVRInfo7IsRogueEv;_ZNK6tflite3gpu11PowerVRInfo8IsImgAxxEv;_ZNK6tflite3gpu11PowerVRInfo8IsImgBxxEv;_ZNK6tflite3gpu11PowerVRInfo8IsImgCxxEv;_ZNK6tflite3gpu11PowerVRInfo8IsImgDxxEv;_ZNK6tflite3gpu7GpuInfo10IsApiMetalEv;_ZNK6tflite3gpu7GpuInfo11IsApiOpenClEv;_ZNK6tflite3gpu7GpuInfo11IsApiOpenGlEv;_ZNK6tflite3gpu7GpuInfo11IsApiVulkanEv;_ZNK6tflite3gpu7GpuInfo12SupportsFP16Ev;_ZNK6tflite3gpu7GpuInfo14IsCL11OrHigherEv;_ZNK6tflite3gpu7GpuInfo14IsCL20OrHigherEv;_ZNK6tflite3gpu7GpuInfo14IsCL30OrHigherEv;_ZNK6tflite3gpu7GpuInfo14SupportsImagesEv;_ZNK6tflite3gpu7GpuInfo15SupportsImage3DEv;_ZNK6tflite3gpu7GpuInfo16GetMaxBufferSizeEv;_ZNK6tflite3gpu7GpuInfo18GetMaxImage2DWidthEv;_ZNK6tflite3gpu7GpuInfo18GetMaxImage3DDepthEv;_ZNK6tflite3gpu7GpuInfo18GetMaxImage3DWidthEv;_ZNK6tflite3gpu7GpuInfo18GetMinSubGroupSizeERi;_ZNK6tflite3gpu7GpuInfo19GetMaxImage2DHeightEv;_ZNK6tflite3gpu7GpuInfo19GetMaxImage3DHeightEv;_ZNK6tflite3gpu7GpuInfo19IsWaveSizeEqualTo32Ev;_ZNK6tflite3gpu7GpuInfo19SupportsImageBufferEv;_ZNK6tflite3gpu7GpuInfo20GetComputeUnitsCountEv;_ZNK6tflite3gpu7GpuInfo20GetMaxImageArgumentsEv;_ZNK6tflite3gpu7GpuInfo20IsApiOpenGl31OrAboveEv;_ZNK6tflite3gpu7GpuInfo20SupportsFloatImage2DENS0_8DataTypeEi;_ZNK6tflite3gpu7GpuInfo20SupportsTextureArrayEv;_ZNK6tflite3gpu7GpuInfo22GetMaxImageBufferWidthEv;_ZNK6tflite3gpu7GpuInfo23GetMaxWorkGroupSizeForXEv;_ZNK6tflite3gpu7GpuInfo23GetMaxWorkGroupSizeForYEv;_ZNK6tflite3gpu7GpuInfo23GetMaxWorkGroupSizeForZEv;_ZNK6tflite3gpu7GpuInfo24GetMaxImage2DArrayLayersEv;_ZNK6tflite3gpu7GpuInfo24GetMaxWorkGroupTotalSizeEv;_ZNK6tflite3gpu7GpuInfo24SupportsSubGroupWithSizeEi;_ZNK6tflite3gpu7GpuInfo25IsRoundToNearestSupportedEv;_ZNK6tflite3gpu7GpuInfo25SupportsPointersInKernelsEv;_ZNK6tflite3gpu7GpuInfo26GetMaxMemoryAllocationSizeEv;_ZNK6tflite3gpu7GpuInfo26IsGlslSupportsExplicitFp16Ev;_ZNK6tflite3gpu7GpuInfo26SupportsZeroClampForImagesEv;_ZNK6tflite3gpu7GpuInfo31SupportsZeroClampForImageBufferEv;_ZNK6tflite3gpu7GpuInfo5IsAMDEv;_ZNK6tflite3gpu7GpuInfo6IsGlslEv;_ZNK6tflite3gpu7GpuInfo6IsMaliEv;_ZNK6tflite3gpu7GpuInfo7IsAppleEv;_ZNK6tflite3gpu7GpuInfo7IsIntelEv;_ZNK6tflite3gpu7GpuInfo8IsAdrenoEv;_ZNK6tflite3gpu7GpuInfo8IsNvidiaEv;_ZNK6tflite3gpu7GpuInfo9IsPowerVREv;_ZNK6tflite3gpu8MaliInfo10IsMaliT6xxEv;_ZNK6tflite3gpu8MaliInfo10IsMaliT7xxEv;_ZNK6tflite3gpu8MaliInfo10IsMaliT8xxEv;_ZNK6tflite3gpu8MaliInfo13IsBifrostGen1Ev;_ZNK6tflite3gpu8MaliInfo13IsBifrostGen2Ev;_ZNK6tflite3gpu8MaliInfo13IsBifrostGen3Ev;_ZNK6tflite3gpu8MaliInfo13IsValhallGen1Ev;_ZNK6tflite3gpu8MaliInfo13IsValhallGen2Ev;_ZNK6tflite3gpu8MaliInfo13IsValhallGen3Ev;_ZNK6tflite3gpu8MaliInfo13IsValhallGen4Ev;_ZNK6tflite3gpu8MaliInfo31GetApproximateComputeUnitsCountEv;_ZNK6tflite3gpu8MaliInfo9IsBifrostEv;_ZNK6tflite3gpu8MaliInfo9IsMidgardEv;_ZNK6tflite3gpu8MaliInfo9IsValhallEv;_ZNK6tflite3gpu9AppleInfo10IsM1SeriesEv;_ZNK6tflite3gpu9AppleInfo12GetGpuFamilyEv;_ZNK6tflite3gpu9AppleInfo14IsFamilyApple1Ev;_ZNK6tflite3gpu9AppleInfo14IsFamilyApple2Ev;_ZNK6tflite3gpu9AppleInfo14IsFamilyApple3Ev;_ZNK6tflite3gpu9AppleInfo14IsFamilyApple4Ev;_ZNK6tflite3gpu9AppleInfo14IsFamilyApple5Ev;_ZNK6tflite3gpu9AppleInfo14IsFamilyApple6Ev;_ZNK6tflite3gpu9AppleInfo14IsFamilyApple7Ev;_ZNK6tflite3gpu9AppleInfo14IsFamilyApple8Ev;_ZNK6tflite3gpu9AppleInfo14IsFamilyApple9Ev;_ZNK6tflite3gpu9AppleInfo15IsFamilyOrLowerENS1_6FamilyE;_ZNK6tflite3gpu9AppleInfo20GetComputeUnitsCountEv;_ZNK6tflite3gpu9AppleInfo21IsSIMDMatMulSupportedEv;_ZNK6tflite3gpu9AppleInfo22IsSIMDMatMulFp32Perf2xEv;_ZNK6tflite3gpu9AppleInfo25IsRoundToNearestSupportedEv;_ZNK6tflite3gpu9AppleInfo32IsLocalMemoryPreferredOverGlobalEv;_ZNK6tflite3gpu9AppleInfo8IsBionicEv;_ZNK6tflite3gpu9MetalInfo21IsSIMDMatMulSupportedEv;_ZNK6tflite3gpu9MetalInfo25IsMslVersionEqualOrHigherEii
inference-engine-tflite	armv7l	inference-engine-tflite/usr/lib/libinference-engine-tflite.so	libtensorflow2-lite.a	gpu_model.cc.o	4	_ZN6tflite3gpu15GraphToGpuModelERKNS0_12GraphFloat32ERKNS0_18CreateGpuModelInfoERKNS0_7GpuInfoEPNS0_8GpuModelE;_ZN6tflite3gpu29RunGraphTransformsForGpuModelEPNS0_12GraphFloat32E;_ZN6tflite3gpu6DecodeEPKNS0_4data8GpuModelEPNS0_8GpuModelE;_ZN6tflite3gpu6EncodeERKNS0_8GpuModelEPN11flatbuffers21FlatBufferBuilderImplILb0EEE
inference-engine-tflite	armv7l	inference-engine-tflite/usr/lib/libinference-engine-tflite.so	libtensorflow2-lite.a	gpu_operation.cc.o	26	_ZN6tflite3gpu12GPUOperation12AddOperationERKNS0_7GpuInfoEPS1_;_ZN6tflite3gpu12GPUOperation12AssembleCodeERKNS0_7GpuInfoE;_ZN6tflite3gpu12GPUOperation22CalculateConstArgsSizeEv;_ZN6tflite3gpu12GPUOperation26RecalculateWorkGroupsCountEv;_ZN6tflite3gpu12GPUOperation29ResolveSecondElementwiseInputEv;_ZN6tflite3gpu12GPUOperation6SetDstEPNS0_16GpuSpatialTensorEi;_ZN6tflite3gpu12GPUOperation6SetSrcEPNS0_16GpuSpatialTensorEi;_ZN6tflite3gpu12GPUOperationC1EOS1_;_ZN6tflite3gpu12GPUOperationC1ERKNS0_12OperationDefE;_ZN6tflite3gpu12GPUOperationC2EOS1_;_ZN6tflite3gpu12GPUOperationC2ERKNS0_12OperationDefE;_ZN6tflite3gpu12GPUOperationaSEOS1_;_ZN6tflite3gpu18CreateGpuOperationERKNS0_12OperationDefEONS0_21ElementwiseDescriptorE;_ZN6tflite3gpu18CreateGpuOperationERKNS0_12OperationDefEONS0_21ElementwiseDescriptorERKNS0_11StrongShapeILNS0_6LayoutE10EEE;_ZN6tflite3gpu28FuseSimpleElemWithSimpleElemERKNS0_7GpuInfoEONS0_12GPUOperationES5_PS4_;_ZN6tflite3gpu29Fuse2InputElemWith2SimpleElemERKNS0_7GpuInfoEONS0_12GPUOperationES5_S5_PS4_;_ZN6tflite3gpu40Fuse2InputElemWithSimpleElemAsFirstInputERKNS0_7GpuInfoEONS0_12GPUOperationES5_PS4_;_ZN6tflite3gpu41Fuse2InputElemWithSimpleElemAsSecondInputERKNS0_7GpuInfoEONS0_12GPUOperationES5_PS4_;_ZNK6tflite3gpu12GPUOperation11GetGridSizeEv;_ZNK6tflite3gpu12OperationDef11GetDataTypeEv;_ZNK6tflite3gpu12OperationDef16IsBatchSupportedEv;_ZNK6tflite3gpu12OperationDef18GetPrimaryDataTypeEv;_ZNK6tflite3gpu12OperationDef21GetPrimaryStorageTypeEv;_ZTIN6tflite3gpu12GPUOperationE;_ZTSN6tflite3gpu12GPUOperationE;_ZTVN6tflite3gpu12GPUOperationE
inference-engine-tflite	armv7l	inference-engine-tflite/usr/lib/libinference-engine-tflite.so	libtensorflow2-lite.a	hardswish.c.o	1	xnn_define_hardswish
inference-engine-tflite	armv7l	inference-engine-tflite/usr/lib/libinference-engine-tflite.so	libtensorflow2-lite.a	hash.cc.o	4	_ZN4absl12lts_2023080213hash_internal15MixingHashState16LowLevelHashImplEPKhj;_ZN4absl12lts_2023080213hash_internal15MixingHashState28CombineLargeContiguousImpl32EyPKhj;_ZN4absl12lts_2023080213hash_internal15MixingHashState28CombineLargeContiguousImpl64EyPKhj;_ZN4absl12lts_2023080213hash_internal15MixingHashState5kSeedE
inference-engine-tflite	armv7l	inference-engine-tflite/usr/lib/libinference-engine-tflite.so	libtensorflow2-lite.a	hashtable.cc.o	3	_ZN6tflite3ops7builtin18Register_HASHTABLEEv;_ZN6tflite3ops7builtin9hashtable13EvalHashtableEP13TfLiteContextP10TfLiteNode;_ZN6tflite3ops7builtin9hashtable16PrepareHashtableEP13TfLiteContextP10TfLiteNode
inference-engine-tflite	armv7l	inference-engine-tflite/usr/lib/libinference-engine-tflite.so	libtensorflow2-lite.a	hashtable_find.cc.o	3	_ZN6tflite3ops7builtin23Register_HASHTABLE_FINDEv;_ZN6tflite3ops7builtin9hashtable17EvalHashtableFindEP13TfLiteContextP10TfLiteNode;_ZN6tflite3ops7builtin9hashtable20PrepareHashtableFindEP13TfLiteContextP10TfLiteNode
inference-engine-tflite	armv7l	inference-engine-tflite/usr/lib/libinference-engine-tflite.so	libtensorflow2-lite.a	hashtable_import.cc.o	3	_ZN6tflite3ops7builtin25Register_HASHTABLE_IMPORTEv;_ZN6tflite3ops7builtin9hashtable19EvalHashtableImportEP13TfLiteContextP10TfLiteNode;_ZN6tflite3ops7builtin9hashtable22PrepareHashtableImportEP13TfLiteContextP10TfLiteNode
inference-engine-tflite	armv7l	inference-engine-tflite/usr/lib/libinference-engine-tflite.so	libtensorflow2-lite.a	hashtable_lookup.cc.o	1	_ZN6tflite3ops7builtin25Register_HASHTABLE_LOOKUPEv
inference-engine-tflite	armv7l	inference-engine-tflite/usr/lib/libinference-engine-tflite.so	libtensorflow2-lite.a	hashtable_size.cc.o	3	_ZN6tflite3ops7builtin23Register_HASHTABLE_SIZEEv;_ZN6tflite3ops7builtin9hashtable17EvalHashtableSizeEP13TfLiteContextP10TfLiteNode;_ZN6tflite3ops7builtin9hashtable20PrepareHashtableSizeEP13TfLiteContextP10TfLiteNode
inference-engine-tflite	armv7l	inference-engine-tflite/usr/lib/libinference-engine-tflite.so	libtensorflow2-lite.a	if.cc.o	7	_ZN6tflite3ops7builtin11Register_IFEv;_ZN6tflite3ops7builtin9if_kernel11Eval_staticEP13TfLiteContextP10TfLiteNodePNS_8SubgraphE;_ZN6tflite3ops7builtin9if_kernel12Eval_dynamicEP13TfLiteContextP10TfLiteNodePNS_8SubgraphE;_ZN6tflite3ops7builtin9if_kernel4EvalEP13TfLiteContextP10TfLiteNode;_ZN6tflite3ops7builtin9if_kernel4FreeEP13TfLiteContextPv;_ZN6tflite3ops7builtin9if_kernel4InitEP13TfLiteContextPKcj;_ZN6tflite3ops7builtin9if_kernel7PrepareEP13TfLiteContextP10TfLiteNode
inference-engine-tflite	armv7l	inference-engine-tflite/usr/lib/libinference-engine-tflite.so	libtensorflow2-lite.a	inference_context.cc.o	30	_ZN6tflite3gpu2cl16InferenceContext10AddToQueueEPNS1_14CLCommandQueueE;_ZN6tflite3gpu2cl16InferenceContext10FlushQueueEPNS1_14CLCommandQueueE;_ZN6tflite3gpu2cl16InferenceContext11ProfileTimeEPNS1_21ProfilingCommandQueueEPNS0_13ProfilingInfoE;_ZN6tflite3gpu2cl16InferenceContext12UpdateParamsEv;_ZN6tflite3gpu2cl16InferenceContext14AllocateMemoryERKNS0_8GpuModelERKNS0_7GpuInfoEPKNS0_18CreateGpuModelInfoEPNS1_9CLContextE;_ZN6tflite3gpu2cl16InferenceContext14ExecutionHints4InitERKNS0_7GpuInfoE;_ZN6tflite3gpu2cl16InferenceContext14SetInputTensorEjRKNS0_6TensorINS0_11StrongShapeILNS0_6LayoutE10EEELNS0_8DataTypeE2EEEPNS1_14CLCommandQueueE;_ZN6tflite3gpu2cl16InferenceContext15GetOutputTensorEjPNS1_14CLCommandQueueEPNS0_6TensorINS0_11StrongShapeILNS0_6LayoutE10EEELNS0_8DataTypeE2EEE;_ZN6tflite3gpu2cl16InferenceContext15PrepareExternalEv;_ZN6tflite3gpu2cl16InferenceContext16InitFromGpuModelEPNS0_8GpuModelE;_ZN6tflite3gpu2cl16InferenceContext18AddToCommandBufferEP22_cl_command_buffer_khr;_ZN6tflite3gpu2cl16InferenceContext19InitRecordableQueueEPNS1_11EnvironmentE;_ZN6tflite3gpu2cl16InferenceContext19RestoreDeserializedEN4absl12lts_202308024SpanIKhEEPNS1_11EnvironmentEPNS0_18CreateGpuModelInfoE;_ZN6tflite3gpu2cl16InferenceContext20AllocateConstTensorsERKNS0_8GpuModelEPNS1_9CLContextE;_ZN6tflite3gpu2cl16InferenceContext22BindMemoryToOperationsEv;_ZN6tflite3gpu2cl16InferenceContext23AddCommandBufferToQueueEPNS1_14CLCommandQueueE;_ZN6tflite3gpu2cl16InferenceContext23AllocateVariableTensorsERKNS0_8GpuModelEPNS1_9CLContextE;_ZN6tflite3gpu2cl16InferenceContext26AllocateBufferBasedTensorsERKNS0_8GpuModelERKNS0_7GpuInfoEPKNS0_18CreateGpuModelInfoEPNS1_9CLContextE;_ZN6tflite3gpu2cl16InferenceContext26ClarifyTimeMultipleEnqueueEdiiPNS1_21ProfilingCommandQueueEPNS0_13ProfilingInfoE;_ZN6tflite3gpu2cl16InferenceContext27AllocateStrongShapesTensorsERKNS0_8GpuModelERKNS0_7GpuInfoEPKNS0_18CreateGpuModelInfoEPNS1_9CLContextE;_ZN6tflite3gpu2cl16InferenceContext28ClarifyTimeWithCommandBufferEPNS1_21ProfilingCommandQueueEPNS0_13ProfilingInfoE;_ZN6tflite3gpu2cl16InferenceContext4TuneENS0_10TuningTypeERKNS0_7GpuInfoEPNS1_21ProfilingCommandQueueE;_ZN6tflite3gpu2cl16InferenceContext6EncodeERKNS1_8CLDeviceERKNS1_12ProgramCacheEN11flatbuffers6OffsetINS0_4data8GpuModelEEEPNS9_21FlatBufferBuilderImplILb0EEE;_ZN6tflite3gpu2cl16InferenceContext7CompileERKNS1_15CreationContextE;_ZN6tflite3gpu2cl16InferenceContext7ProfileEPNS1_21ProfilingCommandQueueEPNS0_13ProfilingInfoE;_ZN6tflite3gpu2cl16InferenceContext9GetTensorEj;_ZN6tflite3gpu2cl16InferenceContext9SetTensorERKjPNS1_6TensorE;_ZN6tflite3gpu2cl28GetTotalBufferSizeForTensorsERKNS0_8GpuModelERKNS0_18CreateGpuModelInfoERKNS0_7GpuInfoEPy;_ZNK6tflite3gpu2cl16InferenceContext22GetConstantTensorsSizeEv;_ZNK6tflite3gpu2cl16InferenceContext46GetSizeOfMemoryAllocatedForIntermediateTensorsEv
inference-engine-tflite	armv7l	inference-engine-tflite/usr/lib/libinference-engine-tflite.so	libtensorflow2-lite.a	init.c.o	5	cpuinfo_deinitialize;cpuinfo_initialize;cpuinfo_isa;xnn_deinitialize;xnn_initialize
inference-engine-tflite	armv7l	inference-engine-tflite/usr/lib/libinference-engine-tflite.so	libtensorflow2-lite.a	initialization_status.cc.o	5	_ZN6tflite8resource20InitializationStatus13IsInitializedEv;_ZN6tflite8resource20InitializationStatus24MarkInitializationIsDoneEv;_ZTIN6tflite8resource20InitializationStatusE;_ZTSN6tflite8resource20InitializationStatusE;_ZTVN6tflite8resource20InitializationStatusE
inference-engine-tflite	armv7l	inference-engine-tflite/usr/lib/libinference-engine-tflite.so	libtensorflow2-lite.a	int128.cc.o	17	_ZN4absl12lts_2023080211kuint128maxE;_ZN4absl12lts_202308026int128C1Ed;_ZN4absl12lts_202308026int128C1Ee;_ZN4absl12lts_202308026int128C1Ef;_ZN4absl12lts_202308026int128C2Ed;_ZN4absl12lts_202308026int128C2Ee;_ZN4absl12lts_202308026int128C2Ef;_ZN4absl12lts_202308027uint128C1Ed;_ZN4absl12lts_202308027uint128C1Ee;_ZN4absl12lts_202308027uint128C1Ef;_ZN4absl12lts_202308027uint128C2Ed;_ZN4absl12lts_202308027uint128C2Ee;_ZN4absl12lts_202308027uint128C2Ef;_ZN4absl12lts_20230802dvENS0_6int128ES1_;_ZN4absl12lts_20230802dvENS0_7uint128ES1_;_ZN4absl12lts_20230802rmENS0_6int128ES1_;_ZN4absl12lts_20230802rmENS0_7uint128ES1_
inference-engine-tflite	armv7l	inference-engine-tflite/usr/lib/libinference-engine-tflite.so	libtensorflow2-lite.a	internal.cc.o	6	_ZN6tflite3gpu13CompareBySizeERKNS0_20TensorUsageWithIndexIjEES4_;_ZN6tflite3gpu16IsCoveringObjectERKNS0_4Vec2IjEES4_;_ZN6tflite3gpu16IsCoveringObjectERKNS0_4Vec3IjEES4_;_ZN6tflite3gpu17AbsDiffInElementsERKNS0_4Vec2IjEES4_;_ZN6tflite3gpu17AbsDiffInElementsERKNS0_4Vec3IjEES4_;_ZN6tflite3gpu17AbsDiffInElementsEjj
inference-engine-tflite	armv7l	inference-engine-tflite/usr/lib/libinference-engine-tflite.so	libtensorflow2-lite.a	interpreter.cc.o	24	_ZN6tflite4impl11Interpreter10AddTensorsEiPi;_ZN6tflite4impl11Interpreter12AddSubgraphsEiPi;_ZN6tflite4impl11Interpreter13SetNumThreadsEi;_ZN6tflite4impl11Interpreter15AllocateTensorsEv;_ZN6tflite4impl11Interpreter16ApplyOptionsImplEPNS_18InterpreterOptionsE;_ZN6tflite4impl11Interpreter18EnableCancellationEv;_ZN6tflite4impl11Interpreter18GetSignatureRunnerEPKcb;_ZN6tflite4impl11Interpreter18RemoveAllDelegatesEv;_ZN6tflite4impl11Interpreter18SetExternalContextE25TfLiteExternalContextTypeP21TfLiteExternalContext;_ZN6tflite4impl11Interpreter19SetSubgraphProfilerEv;_ZN6tflite4impl11Interpreter23ReportTelemetrySettingsEPKc;_ZN6tflite4impl11Interpreter26ApplyLazyDelegateProvidersEv;_ZN6tflite4impl11Interpreter27ModifyGraphWithDelegateImplEP14TfLiteDelegate;_ZN6tflite4impl11Interpreter27SetTensorParametersReadOnlyEi10TfLiteTypePKcjPKi24TfLiteQuantizationParamsS4_jPKNS_10AllocationE;_ZN6tflite4impl11Interpreter28SetTensorParametersReadWriteEi10TfLiteTypePKcjPKi24TfLiteQuantizationParamsbjS6_;_ZN6tflite4impl11Interpreter29CreatePlaceholderSignatureDefEv;_ZN6tflite4impl11Interpreter42ReplaceWithPlaceholderSignatureKeyIfNeededEPKc;_ZN6tflite4impl11Interpreter6CancelEv;_ZN6tflite4impl11Interpreter6InvokeEv;_ZN6tflite4impl11InterpreterC1EPNS_13ErrorReporterE;_ZN6tflite4impl11InterpreterC2EPNS_13ErrorReporterE;_ZN6tflite4impl11InterpreterD1Ev;_ZN6tflite4impl11InterpreterD2Ev;_ZNK6tflite4impl11Interpreter16IsFullyDelegatedEv
inference-engine-tflite	armv7l	inference-engine-tflite/usr/lib/libinference-engine-tflite.so	libtensorflow2-lite.a	interpreter_builder.cc.o	16	_ZN6tflite4impl18InterpreterBuilder10ParseNodesEPKN11flatbuffers6VectorINS2_6OffsetINS_8OperatorEEEjEEPNS_8SubgraphE;_ZN6tflite4impl18InterpreterBuilder11AddDelegateEP14TfLiteDelegate;_ZN6tflite4impl18InterpreterBuilder11AddDelegateEP26TfLiteOpaqueDelegateStruct;_ZN6tflite4impl18InterpreterBuilder12ParseTensorsEPKN11flatbuffers6VectorINS2_6OffsetINS_6BufferEEEjEEPKNS3_INS4_INS_6TensorEEEjEEPNS_8SubgraphEP27TfLiteTelemetrySubgraphInfo;_ZN6tflite4impl18InterpreterBuilder13ParseSparsityEPKNS_18SparsityParametersEPP14TfLiteSparsity;_ZN6tflite4impl18InterpreterBuilder13SetNumThreadsEi;_ZN6tflite4impl18InterpreterBuilder14ApplyDelegatesEPNS0_11InterpreterE;_ZN6tflite4impl18InterpreterBuilder18ParseSignatureDefsEPKN11flatbuffers6VectorINS2_6OffsetINS_12SignatureDefEEEjEEPNS0_11InterpreterE;_ZN6tflite4impl18InterpreterBuilder23ParseConversionMetadataEP34TfLiteTelemetryInterpreterSettings;_ZN6tflite4impl18InterpreterBuilder36BuildLocalIndexToRegistrationMappingEv;_ZN6tflite4impl18InterpreterBuilderC1EPKNS_5ModelERKNS_10OpResolverEPNS_13ErrorReporterEPKNS_18InterpreterOptionsEPKNS_10AllocationE;_ZN6tflite4impl18InterpreterBuilderC1ERKNS0_15FlatBufferModelERKNS_10OpResolverEPKNS_18InterpreterOptionsE;_ZN6tflite4impl18InterpreterBuilderC2EPKNS_5ModelERKNS_10OpResolverEPNS_13ErrorReporterEPKNS_18InterpreterOptionsEPKNS_10AllocationE;_ZN6tflite4impl18InterpreterBuilderC2ERKNS0_15FlatBufferModelERKNS_10OpResolverEPKNS_18InterpreterOptionsE;_ZN6tflite4impl18InterpreterBuilderD1Ev;_ZN6tflite4impl18InterpreterBuilderD2Ev
inference-engine-tflite	armv7l	inference-engine-tflite/usr/lib/libinference-engine-tflite.so	libtensorflow2-lite.a	interpreter_experimental.cc.o	17	_ZN6tflite4impl11Interpreter11AddProfilerEPNS_8ProfilerE;_ZN6tflite4impl11Interpreter11GetProfilerEv;_ZN6tflite4impl11Interpreter11IsCancelledEv;_ZN6tflite4impl11Interpreter11SetProfilerEPNS_8ProfilerE;_ZN6tflite4impl11Interpreter12ApplyOptionsEPNS_18InterpreterOptionsE;_ZN6tflite4impl11Interpreter12HasDelegatesEv;_ZN6tflite4impl11Interpreter15GetBufferHandleEiPiPP14TfLiteDelegate;_ZN6tflite4impl11Interpreter15SetBufferHandleEP12TfLiteTensoriP14TfLiteDelegate;_ZN6tflite4impl11Interpreter15SetBufferHandleEiiP14TfLiteDelegate;_ZN6tflite4impl11Interpreter20ResetVariableTensorsEv;_ZN6tflite4impl11Interpreter23GetAsyncSignatureRunnerEPKc;_ZN6tflite4impl11Interpreter23ModifyGraphWithDelegateEP14TfLiteDelegate;_ZN6tflite4impl11Interpreter23ModifyGraphWithDelegateEP26TfLiteOpaqueDelegateStruct;_ZN6tflite4impl11Interpreter23SetCancellationFunctionEPvPFbS2_E;_ZN6tflite4impl11Interpreter26ReleaseNonPersistentMemoryEv;_ZN6tflite4impl11Interpreter28SetAllowFp16PrecisionForFp32Eb;_ZN6tflite4impl11Interpreter28SetCustomAllocationForTensorEiRK22TfLiteCustomAllocationx
inference-engine-tflite	armv7l	inference-engine-tflite/usr/lib/libinference-engine-tflite.so	libtensorflow2-lite.a	kernel_arm32.cc.o	3	_ZN3ruy14Kernel8bitNeonERKNS_16KernelParams8bitILi4ELi2EEE;_ZN3ruy17KernelFloat32NeonERKNS_17KernelParamsFloatILi8ELi4EEE;_ZN3ruy18Kernel8bitNeon1ColERKNS_16KernelParams8bitILi4ELi2EEE
inference-engine-tflite	armv7l	inference-engine-tflite/usr/lib/libinference-engine-tflite.so	libtensorflow2-lite.a	kernel_timeout.cc.o	13	_ZN4absl12lts_2023080224synchronization_internal13KernelTimeout14SteadyClockNowEv;_ZN4absl12lts_2023080224synchronization_internal13KernelTimeoutC1ENS0_4TimeE;_ZN4absl12lts_2023080224synchronization_internal13KernelTimeoutC1ENS0_8DurationE;_ZN4absl12lts_2023080224synchronization_internal13KernelTimeoutC2ENS0_4TimeE;_ZN4absl12lts_2023080224synchronization_internal13KernelTimeoutC2ENS0_8DurationE;_ZNK4absl12lts_2023080224synchronization_internal13KernelTimeout12MakeAbsNanosEv;_ZNK4absl12lts_2023080224synchronization_internal13KernelTimeout15MakeAbsTimespecEv;_ZNK4absl12lts_2023080224synchronization_internal13KernelTimeout16ToChronoDurationEv;_ZNK4absl12lts_2023080224synchronization_internal13KernelTimeout17ToChronoTimePointEv;_ZNK4absl12lts_2023080224synchronization_internal13KernelTimeout20InNanosecondsFromNowEv;_ZNK4absl12lts_2023080224synchronization_internal13KernelTimeout20MakeRelativeTimespecEv;_ZNK4absl12lts_2023080224synchronization_internal13KernelTimeout21InMillisecondsFromNowEv;_ZNK4absl12lts_2023080224synchronization_internal13KernelTimeout25MakeClockAbsoluteTimespecEi
inference-engine-tflite	armv7l	inference-engine-tflite/usr/lib/libinference-engine-tflite.so	libtensorflow2-lite.a	kernel_util.cc.o	22	_ZN6tflite12GetInputSafeEPK13TfLiteContextPK10TfLiteNodeiPPK12TfLiteTensor;_ZN6tflite12GetTemporaryEP13TfLiteContextPK10TfLiteNodei;_ZN6tflite13GetOutputSafeEPK13TfLiteContextPK10TfLiteNodeiPP12TfLiteTensor;_ZN6tflite14HaveSameShapesEPK12TfLiteTensorS2_;_ZN6tflite16GetIntermediatesEP13TfLiteContextPK10TfLiteNodei;_ZN6tflite16GetTemporarySafeEPK13TfLiteContextPK10TfLiteNodeiPP12TfLiteTensor;_ZN6tflite16GetVariableInputEP13TfLiteContextPK10TfLiteNodei;_ZN6tflite16IsMobilePlatformEv;_ZN6tflite17TfLiteTypeGetSizeE10TfLiteType;_ZN6tflite20GetIntermediatesSafeEPK13TfLiteContextPK10TfLiteNodeiPP12TfLiteTensor;_ZN6tflite22GetOptionalInputTensorEPK13TfLiteContextPK10TfLiteNodei;_ZN6tflite23GetOutputShapeFromInputEP13TfLiteContextPK12TfLiteTensorPP14TfLiteIntArray;_ZN6tflite23HasUnspecifiedDimensionEPK12TfLiteTensor;_ZN6tflite26CalculateShapeForBroadcastEP13TfLiteContextPK12TfLiteTensorS4_PP14TfLiteIntArray;_ZN6tflite26CalculateShapeForBroadcastEP13TfLiteContextPK12TfLiteTensorS4_S4_PP14TfLiteIntArray;_ZN6tflite32GetQuantizedConvolutionMultiplerEP13TfLiteContextPK12TfLiteTensorS4_PS2_Pd;_ZN6tflite32GetQuantizedConvolutionMultiplerEP13TfLiteContextPK12TfLiteTensorS4_S4_PS2_Pd;_ZN6tflite33CalculateActivationRangeQuantizedEP13TfLiteContext21TfLiteFusedActivationP12TfLiteTensorPiS5_;_ZN6tflite37PopulateConvolutionQuantizationParamsEP13TfLiteContextPK12TfLiteTensorS4_S4_PS2_RK21TfLiteFusedActivationPiS9_S9_S9_S9_S9_;_ZN6tflite37PopulateConvolutionQuantizationParamsEP13TfLiteContextPK12TfLiteTensorS4_S4_PS2_RK21TfLiteFusedActivationPiS9_S9_S9_S9_S9_i;_ZN6tflite8GetInputEPK13TfLiteContextPK10TfLiteNodei;_ZN6tflite9GetOutputEP13TfLiteContextPK10TfLiteNodei
inference-engine-tflite	armv7l	inference-engine-tflite/usr/lib/libinference-engine-tflite.so	libtensorflow2-lite.a	kernel_utils.cc.o	4	_ZN6tflite12kernel_utils12RnnBatchStepEPKfPKafS2_S4_fS4_fS2_iiiii21TfLiteFusedActivationPaS6_S6_PfS7_S7_bPiS8_S8_Pb;_ZN6tflite12kernel_utils12RnnBatchStepEPKfPKafS4_fS2_iiii21TfLiteFusedActivationPaS6_PfS7_S7_bPiS8_S8_Pb;_ZN6tflite12kernel_utils12RnnBatchStepEPKfS2_S2_S2_S2_S2_iiiii21TfLiteFusedActivationPfS4_;_ZN6tflite12kernel_utils12RnnBatchStepEPKfS2_S2_S2_iiii21TfLiteFusedActivationPfS4_
inference-engine-tflite	armv7l	inference-engine-tflite/usr/lib/libinference-engine-tflite.so	libtensorflow2-lite.a	l2norm.cc.o	4	_ZN6tflite3ops7builtin19Register_L2NORM_REFEv;_ZN6tflite3ops7builtin25Register_L2_NORMALIZATIONEv;_ZN6tflite3ops7builtin27Register_L2NORM_GENERIC_OPTEv;_ZN6tflite3ops7builtin6l2norm7PrepareEP13TfLiteContextP10TfLiteNode
inference-engine-tflite	armv7l	inference-engine-tflite/usr/lib/libinference-engine-tflite.so	libtensorflow2-lite.a	leaky-relu.c.o	1	xnn_define_leaky_relu
inference-engine-tflite	armv7l	inference-engine-tflite/usr/lib/libinference-engine-tflite.so	libtensorflow2-lite.a	local_response_norm.cc.o	4	_ZN6tflite3ops7builtin19local_response_norm7PrepareEP13TfLiteContextP10TfLiteNode;_ZN6tflite3ops7builtin32Register_LOCAL_RESPONSE_NORM_REFEv;_ZN6tflite3ops7builtin37Register_LOCAL_RESPONSE_NORMALIZATIONEv;_ZN6tflite3ops7builtin40Register_LOCAL_RESPONSE_NORM_GENERIC_OPTEv
inference-engine-tflite	armv7l	inference-engine-tflite/usr/lib/libinference-engine-tflite.so	libtensorflow2-lite.a	log.c.o	2	cpuinfo_vlog_error;cpuinfo_vlog_fatal
inference-engine-tflite	armv7l	inference-engine-tflite/usr/lib/libinference-engine-tflite.so	libtensorflow2-lite.a	logical.cc.o	2	_ZN6tflite3ops7builtin19Register_LOGICAL_OREv;_ZN6tflite3ops7builtin20Register_LOGICAL_ANDEv
inference-engine-tflite	armv7l	inference-engine-tflite/usr/lib/libinference-engine-tflite.so	libtensorflow2-lite.a	low_level_alloc.cc.o	8	_ZN4absl12lts_2023080213base_internal13LowLevelAlloc11DeleteArenaEPNS2_5ArenaE;_ZN4absl12lts_2023080213base_internal13LowLevelAlloc12DefaultArenaEv;_ZN4absl12lts_2023080213base_internal13LowLevelAlloc14AllocWithArenaEjPNS2_5ArenaE;_ZN4absl12lts_2023080213base_internal13LowLevelAlloc4FreeEPv;_ZN4absl12lts_2023080213base_internal13LowLevelAlloc5AllocEj;_ZN4absl12lts_2023080213base_internal13LowLevelAlloc5ArenaC1Ej;_ZN4absl12lts_2023080213base_internal13LowLevelAlloc5ArenaC2Ej;_ZN4absl12lts_2023080213base_internal13LowLevelAlloc8NewArenaEj
inference-engine-tflite	armv7l	inference-engine-tflite/usr/lib/libinference-engine-tflite.so	libtensorflow2-lite.a	low_level_hash.cc.o	1	_ZN4absl12lts_2023080213hash_internal12LowLevelHashEPKvjyPKy
inference-engine-tflite	armv7l	inference-engine-tflite/usr/lib/libinference-engine-tflite.so	libtensorflow2-lite.a	lsh_projection.cc.o	6	_ZN6tflite3ops7builtin14lsh_projection14RunningSignBitEPK12TfLiteTensorS5_f;_ZN6tflite3ops7builtin14lsh_projection18DenseLshProjectionEPK12TfLiteTensorS5_S5_Pi;_ZN6tflite3ops7builtin14lsh_projection19SparseLshProjectionEPK12TfLiteTensorS5_S5_Pi;_ZN6tflite3ops7builtin14lsh_projection4EvalEP13TfLiteContextP10TfLiteNode;_ZN6tflite3ops7builtin14lsh_projection6ResizeEP13TfLiteContextP10TfLiteNode;_ZN6tflite3ops7builtin23Register_LSH_PROJECTIONEv
inference-engine-tflite	armv7l	inference-engine-tflite/usr/lib/libinference-engine-tflite.so	libtensorflow2-lite.a	lstm.cc.o	14	_ZN6tflite3gpu10CreateLSTMERKNS0_12OperationDefERKNS0_7GpuInfoE;_ZN6tflite3ops7builtin13Register_LSTMEv;_ZN6tflite3ops7builtin4lstm4EvalEP13TfLiteContextP10TfLiteNode;_ZN6tflite3ops7builtin4lstm4FreeEP13TfLiteContextPv;_ZN6tflite3ops7builtin4lstm4InitEP13TfLiteContextPKcj;_ZN6tflite3ops7builtin4lstm4full26CheckInputTensorDimensionsEP13TfLiteContextP10TfLiteNodeiiibb;_ZN6tflite3ops7builtin4lstm4full41PopulatePrecomputedZPTimesWeightsWithBiasEP13TfLiteContextPNS2_6OpDataEP10TfLiteNode;_ZN6tflite3ops7builtin4lstm4full4EvalEP13TfLiteContextP10TfLiteNode;_ZN6tflite3ops7builtin4lstm4full4InitEP13TfLiteContextPKcj;_ZN6tflite3ops7builtin4lstm4full7PrepareEP13TfLiteContextP10TfLiteNode;_ZN6tflite3ops7builtin4lstm5basic4EvalEP13TfLiteContextP10TfLiteNode;_ZN6tflite3ops7builtin4lstm5basic4InitEP13TfLiteContextPKcj;_ZN6tflite3ops7builtin4lstm5basic7PrepareEP13TfLiteContextP10TfLiteNode;_ZN6tflite3ops7builtin4lstm7PrepareEP13TfLiteContextP10TfLiteNode
inference-engine-tflite	armv7l	inference-engine-tflite/usr/lib/libinference-engine-tflite.so	libtensorflow2-lite.a	lstm_eval.cc.o	4	_ZN6tflite3ops7builtin9lstm_eval10EvalHybridEPK12TfLiteTensorS5_S5_S5_S5_S5_S5_S5_S5_S5_S5_S5_S5_S5_S5_S5_S5_S5_S5_S5_S5_S5_S5_S5_S5_S5_S5_S5_S5_S5_S5_S5_S5_S5_S5_S5_PK16TfLiteLSTMParamsbbiPS3_S9_S9_S9_S9_S9_S9_S9_S9_S9_S9_S9_S9_S9_S9_S9_S9_S9_iPbbbbbPNS_17CpuBackendContextE;_ZN6tflite3ops7builtin9lstm_eval16EvalInteger8x8_8EPK12TfLiteTensorS5_S5_S5_S5_S5_S5_S5_S5_S5_S5_S5_S5_S5_S5_S5_S5_S5_S5_S5_S5_S5_PK16TfLiteLSTMParamsPS3_S9_S9_PKNS2_20IntegerLstmParameterES9_S9_S9_S9_S9_S9_S9_S9_;_ZN6tflite3ops7builtin9lstm_eval17EvalInteger8x8_16EPK12TfLiteTensorS5_S5_S5_S5_S5_S5_S5_S5_S5_S5_S5_S5_S5_S5_S5_S5_S5_S5_S5_S5_S5_PK16TfLiteLSTMParamsbbPKNS2_20IntegerLstmParameterEPS3_SC_SC_SC_SC_SC_SC_SC_SC_PNS_17CpuBackendContextE;_ZN6tflite3ops7builtin9lstm_eval9EvalFloatEPK12TfLiteTensorS5_S5_S5_S5_S5_S5_S5_S5_S5_S5_S5_S5_S5_S5_S5_S5_S5_S5_S5_S5_S5_S5_S5_S5_S5_S5_PK16TfLiteLSTMParamsbbiPS3_S9_S9_S9_bbbbPNS_17CpuBackendContextE
inference-engine-tflite	armv7l	inference-engine-tflite/usr/lib/libinference-engine-tflite.so	libtensorflow2-lite.a	lut-elementwise-nc.c.o	15	xnn_create_elu_nc_qs8;xnn_create_sigmoid_nc_qs8;xnn_create_sigmoid_nc_qu8;xnn_create_tanh_nc_qs8;xnn_create_tanh_nc_qu8;xnn_reshape_elu_nc_qs8;xnn_reshape_sigmoid_nc_qs8;xnn_reshape_sigmoid_nc_qu8;xnn_reshape_tanh_nc_qs8;xnn_reshape_tanh_nc_qu8;xnn_setup_elu_nc_qs8;xnn_setup_sigmoid_nc_qs8;xnn_setup_sigmoid_nc_qu8;xnn_setup_tanh_nc_qs8;xnn_setup_tanh_nc_qu8
inference-engine-tflite	armv7l	inference-engine-tflite/usr/lib/libinference-engine-tflite.so	libtensorflow2-lite.a	make_fully_connected.cc.o	1	_ZN6tflite3gpu36NewMakeFullyConnectedFromConvolutionEv
inference-engine-tflite	armv7l	inference-engine-tflite/usr/lib/libinference-engine-tflite.so	libtensorflow2-lite.a	make_padding.cc.o	1	_ZN6tflite3gpu24NewMakePaddingFromConcatEv
inference-engine-tflite	armv7l	inference-engine-tflite/usr/lib/libinference-engine-tflite.so	libtensorflow2-lite.a	matrix_diag.cc.o	4	_ZN6tflite3ops7builtin11matrix_diag14FillDiagHelperEPK12TfLiteTensorPS3_;_ZN6tflite3ops7builtin11matrix_diag4EvalEP13TfLiteContextP10TfLiteNode;_ZN6tflite3ops7builtin11matrix_diag7PrepareEP13TfLiteContextP10TfLiteNode;_ZN6tflite3ops7builtin20Register_MATRIX_DIAGEv
inference-engine-tflite	armv7l	inference-engine-tflite/usr/lib/libinference-engine-tflite.so	libtensorflow2-lite.a	matrix_set_diag.cc.o	4	_ZN6tflite3ops7builtin15matrix_set_diag14FillDiagHelperEPK12TfLiteTensorS5_PS3_;_ZN6tflite3ops7builtin15matrix_set_diag4EvalEP13TfLiteContextP10TfLiteNode;_ZN6tflite3ops7builtin15matrix_set_diag7PrepareEP13TfLiteContextP10TfLiteNode;_ZN6tflite3ops7builtin24Register_MATRIX_SET_DIAGEv
inference-engine-tflite	armv7l	inference-engine-tflite/usr/lib/libinference-engine-tflite.so	libtensorflow2-lite.a	max-pooling-2d.c.o	1	xnn_define_max_pooling_2d
inference-engine-tflite	armv7l	inference-engine-tflite/usr/lib/libinference-engine-tflite.so	libtensorflow2-lite.a	max-pooling-nhwc.c.o	12	xnn_create_max_pooling2d_nhwc_f16;xnn_create_max_pooling2d_nhwc_f32;xnn_create_max_pooling2d_nhwc_s8;xnn_create_max_pooling2d_nhwc_u8;xnn_reshape_max_pooling2d_nhwc_f16;xnn_reshape_max_pooling2d_nhwc_f32;xnn_reshape_max_pooling2d_nhwc_s8;xnn_reshape_max_pooling2d_nhwc_u8;xnn_setup_max_pooling2d_nhwc_f16;xnn_setup_max_pooling2d_nhwc_f32;xnn_setup_max_pooling2d_nhwc_s8;xnn_setup_max_pooling2d_nhwc_u8
inference-engine-tflite	armv7l	inference-engine-tflite/usr/lib/libinference-engine-tflite.so	libtensorflow2-lite.a	max_unpooling.cc.o	2	_ZN6tflite3gpu18CreateMaxUnpoolingERKNS0_7GpuInfoERKNS0_12OperationDefERKNS0_24MaxUnpooling2DAttributesE;_ZN6tflite3gpu18CreateMaxUnpoolingERKNS0_7GpuInfoERKNS0_12OperationDefERKNS0_24MaxUnpooling3DAttributesE
inference-engine-tflite	armv7l	inference-engine-tflite/usr/lib/libinference-engine-tflite.so	libtensorflow2-lite.a	maximum2.c.o	1	xnn_define_maximum2
inference-engine-tflite	armv7l	inference-engine-tflite/usr/lib/libinference-engine-tflite.so	libtensorflow2-lite.a	maximum_minimum.cc.o	9	_ZN6tflite3ops7builtin15maximum_minimum15TFLiteOperationILNS2_10KernelTypeE1EaNS2_9MaximumOpEEEvP13TfLiteContextP10TfLiteNodeRKNS2_9OpContextE;_ZN6tflite3ops7builtin15maximum_minimum15TFLiteOperationILNS2_10KernelTypeE1EaNS2_9MinimumOpEEEvP13TfLiteContextP10TfLiteNodeRKNS2_9OpContextE;_ZN6tflite3ops7builtin15maximum_minimum7PrepareEP13TfLiteContextP10TfLiteNode;_ZN6tflite3ops7builtin16Register_MAXIMUMEv;_ZN6tflite3ops7builtin16Register_MINIMUMEv;_ZN6tflite3ops7builtin20Register_MAXIMUM_REFEv;_ZN6tflite3ops7builtin20Register_MINIMUM_REFEv;_ZN6tflite3ops7builtin28Register_MAXIMUM_GENERIC_OPTEv;_ZN6tflite3ops7builtin28Register_MINIMUM_GENERIC_OPTEv
inference-engine-tflite	armv7l	inference-engine-tflite/usr/lib/libinference-engine-tflite.so	libtensorflow2-lite.a	mean_stddev_normalization.cc.o	14	_ZN6tflite3gpu18LayerNormalizationC1ERKNS0_12OperationDefERKNS0_7GpuInfoERKNS0_11StrongShapeILNS0_6LayoutE10EEEfRKNS0_6TensorINS8_ILS9_2EEELNS0_8DataTypeE2EEESI_b;_ZN6tflite3gpu18LayerNormalizationC2ERKNS0_12OperationDefERKNS0_7GpuInfoERKNS0_11StrongShapeILNS0_6LayoutE10EEEfRKNS0_6TensorINS8_ILS9_2EEELNS0_8DataTypeE2EEESI_b;_ZN6tflite3gpu23MeanStdDevNormalizationC1ERKNS0_12OperationDefERKNS0_7GpuInfoERKNS0_11StrongShapeILNS0_6LayoutE10EEEfb;_ZN6tflite3gpu23MeanStdDevNormalizationC2ERKNS0_12OperationDefERKNS0_7GpuInfoERKNS0_11StrongShapeILNS0_6LayoutE10EEEfb;_ZN6tflite3gpu24CreateLayerNormalizationERKNS0_12OperationDefERKNS0_7GpuInfoERKNS0_11StrongShapeILNS0_6LayoutE10EEEfRKNS0_6TensorINS7_ILS8_2EEELNS0_8DataTypeE2EEESH_b;_ZN6tflite3gpu29CreateMeanStdDevNormalizationERKNS0_12OperationDefERKNS0_7GpuInfoERKNS0_11StrongShapeILNS0_6LayoutE10EEEfb;_ZNK6tflite3gpu18LayerNormalization11GetGridSizeEv;_ZNK6tflite3gpu23MeanStdDevNormalization11GetGridSizeEv;_ZTIN6tflite3gpu18LayerNormalizationE;_ZTIN6tflite3gpu23MeanStdDevNormalizationE;_ZTSN6tflite3gpu18LayerNormalizationE;_ZTSN6tflite3gpu23MeanStdDevNormalizationE;_ZTVN6tflite3gpu18LayerNormalizationE;_ZTVN6tflite3gpu23MeanStdDevNormalizationE
inference-engine-tflite	armv7l	inference-engine-tflite/usr/lib/libinference-engine-tflite.so	libtensorflow2-lite.a	memory.c.o	4	xnn_allocate_weights_memory;xnn_finalize_weights_memory;xnn_release_weights_memory;xnn_reserve_weights_memory
inference-engine-tflite	armv7l	inference-engine-tflite/usr/lib/libinference-engine-tflite.so	libtensorflow2-lite.a	memory_management.cc.o	1	_ZN6tflite3gpu16ObjectsToOffsetsERKNS0_17ObjectsAssignmentIjEE
inference-engine-tflite	armv7l	inference-engine-tflite/usr/lib/libinference-engine-tflite.so	libtensorflow2-lite.a	memutil.cc.o	1	_ZN4absl12lts_2023080216strings_internal10memcasecmpEPKcS3_j
inference-engine-tflite	armv7l	inference-engine-tflite/usr/lib/libinference-engine-tflite.so	libtensorflow2-lite.a	merge_densify.cc.o	1	_ZN6tflite3gpu15NewMergeDensifyEv
inference-engine-tflite	armv7l	inference-engine-tflite/usr/lib/libinference-engine-tflite.so	libtensorflow2-lite.a	merge_padding_with.cc.o	4	_ZN6tflite3gpu22NewMergePaddingWithAddEv;_ZN6tflite3gpu26NewMergePaddingWithPoolingEv;_ZN6tflite3gpu32NewMergePaddingWithConvolution2DEv;_ZN6tflite3gpu39NewMergePaddingWithDepthwiseConvolutionEv
inference-engine-tflite	armv7l	inference-engine-tflite/usr/lib/libinference-engine-tflite.so	libtensorflow2-lite.a	mfcc.cc.o	7	_ZN6tflite3ops6custom13Register_MFCCEv;_ZN6tflite3ops6custom4mfcc4FreeEP13TfLiteContextPv;_ZN6tflite3ops6custom4mfcc4InitEP13TfLiteContextPKcj;_ZN6tflite3ops6custom4mfcc7PrepareEP13TfLiteContextP10TfLiteNode;_ZN6tflite8internal4Mfcc10InitializeEid;_ZN6tflite8internal4MfccC1Ev;_ZN6tflite8internal4MfccC2Ev
inference-engine-tflite	armv7l	inference-engine-tflite/usr/lib/libinference-engine-tflite.so	libtensorflow2-lite.a	mfcc_dct.cc.o	3	_ZN6tflite8internal7MfccDct10InitializeEii;_ZN6tflite8internal7MfccDctC1Ev;_ZN6tflite8internal7MfccDctC2Ev
inference-engine-tflite	armv7l	inference-engine-tflite/usr/lib/libinference-engine-tflite.so	libtensorflow2-lite.a	mfcc_mel_filterbank.cc.o	4	_ZN6tflite8internal17MfccMelFilterbank10InitializeEididd;_ZN6tflite8internal17MfccMelFilterbankC1Ev;_ZN6tflite8internal17MfccMelFilterbankC2Ev;_ZNK6tflite8internal17MfccMelFilterbank9FreqToMelEd
inference-engine-tflite	armv7l	inference-engine-tflite/usr/lib/libinference-engine-tflite.so	libtensorflow2-lite.a	microkernel-utils.c.o	3	xnn_dwconv_multipass_bytes_read;xnn_dwconv_multipass_bytes_written;xnn_dwconv_multipass_weights_size
inference-engine-tflite	armv7l	inference-engine-tflite/usr/lib/libinference-engine-tflite.so	libtensorflow2-lite.a	minimal_logging.cc.o	4	_ZN6tflite16logging_internal13MinimalLogger15GetSeverityNameENS_11LogSeverityE;_ZN6tflite16logging_internal13MinimalLogger21GetMinimumLogSeverityEv;_ZN6tflite16logging_internal13MinimalLogger21SetMinimumLogSeverityENS_11LogSeverityE;_ZN6tflite16logging_internal13MinimalLogger3LogENS_11LogSeverityEPKcz
inference-engine-tflite	armv7l	inference-engine-tflite/usr/lib/libinference-engine-tflite.so	libtensorflow2-lite.a	minimal_logging_default.cc.o	2	_ZN6tflite16logging_internal13MinimalLogger12LogFormattedENS_11LogSeverityEPKcSt9__va_list;_ZN6tflite16logging_internal13MinimalLogger21minimum_log_severity_E
inference-engine-tflite	armv7l	inference-engine-tflite/usr/lib/libinference-engine-tflite.so	libtensorflow2-lite.a	minimum2.c.o	1	xnn_define_minimum2
inference-engine-tflite	armv7l	inference-engine-tflite/usr/lib/libinference-engine-tflite.so	libtensorflow2-lite.a	mirror_pad.cc.o	5	_ZN6tflite3ops7builtin10mirror_pad4EvalEP13TfLiteContextP10TfLiteNode;_ZN6tflite3ops7builtin10mirror_pad4FreeEP13TfLiteContextPv;_ZN6tflite3ops7builtin10mirror_pad4InitEP13TfLiteContextPKcj;_ZN6tflite3ops7builtin10mirror_pad7PrepareEP13TfLiteContextP10TfLiteNode;_ZN6tflite3ops7builtin19Register_MIRROR_PADEv
inference-engine-tflite	armv7l	inference-engine-tflite/usr/lib/libinference-engine-tflite.so	libtensorflow2-lite.a	mmap_allocation.cc.o	20	_ZN6tflite14MMAPAllocation11IsSupportedEv;_ZN6tflite14MMAPAllocationC1EPKcPNS_13ErrorReporterE;_ZN6tflite14MMAPAllocationC1EPNS_13ErrorReporterEi;_ZN6tflite14MMAPAllocationC1EPNS_13ErrorReporterEijj;_ZN6tflite14MMAPAllocationC1EiPNS_13ErrorReporterE;_ZN6tflite14MMAPAllocationC1EijjPNS_13ErrorReporterE;_ZN6tflite14MMAPAllocationC2EPKcPNS_13ErrorReporterE;_ZN6tflite14MMAPAllocationC2EPNS_13ErrorReporterEi;_ZN6tflite14MMAPAllocationC2EPNS_13ErrorReporterEijj;_ZN6tflite14MMAPAllocationC2EiPNS_13ErrorReporterE;_ZN6tflite14MMAPAllocationC2EijjPNS_13ErrorReporterE;_ZN6tflite14MMAPAllocationD0Ev;_ZN6tflite14MMAPAllocationD1Ev;_ZN6tflite14MMAPAllocationD2Ev;_ZNK6tflite14MMAPAllocation4baseEv;_ZNK6tflite14MMAPAllocation5bytesEv;_ZNK6tflite14MMAPAllocation5validEv;_ZTIN6tflite14MMAPAllocationE;_ZTSN6tflite14MMAPAllocationE;_ZTVN6tflite14MMAPAllocationE
inference-engine-tflite	armv7l	inference-engine-tflite/usr/lib/libinference-engine-tflite.so	libtensorflow2-lite.a	model.cc.o	34	_ZN6tflite3gpu12GraphFloat3210DeleteNodeEj;_ZN6tflite3gpu12GraphFloat3210LookupNodeEjPPNS1_7NodeDefE;_ZN6tflite3gpu12GraphFloat3211AddConsumerEjj;_ZN6tflite3gpu12GraphFloat3211DeleteValueEj;_ZN6tflite3gpu12GraphFloat3211LookupValueEjPPNS1_8ValueDefE;_ZN6tflite3gpu12GraphFloat3211SetProducerEjj;_ZN6tflite3gpu12GraphFloat3212ReplaceInputEjjj;_ZN6tflite3gpu12GraphFloat3214RemoveConsumerEjj;_ZN6tflite3gpu12GraphFloat3214RemoveProducerEj;_ZN6tflite3gpu12GraphFloat3215InsertNodeAfterEjPPNS0_4NodeE;_ZN6tflite3gpu12GraphFloat327IsInputEjj;_ZN6tflite3gpu12GraphFloat327NewNodeEv;_ZN6tflite3gpu12GraphFloat328NewValueEv;_ZN6tflite3gpu15ConnectTwoNodesEPNS0_12GraphFloat32EPKNS0_4NodeES5_PPNS0_5ValueE;_ZN6tflite3gpu19RemoveFollowingNodeEPNS0_12GraphFloat32EPKNS0_4NodeES5_;_ZN6tflite3gpu19RemovePrecedingNodeEPNS0_12GraphFloat32EPKNS0_4NodeES5_;_ZN6tflite3gpu25RemoveSimpleNodeKeepInputEPNS0_12GraphFloat32EPKNS0_4NodeE;_ZN6tflite3gpu26CheckBatchSizeForAllValuesERKNS0_12GraphFloat32E;_ZN6tflite3gpu26RemoveSimpleNodeKeepOutputEPNS0_12GraphFloat32EPKNS0_4NodeE;_ZN6tflite3gpu9AddOutputEPNS0_12GraphFloat32EPKNS0_4NodeEPPNS0_5ValueE;_ZNK6tflite3gpu12GraphFloat3210FindInputsEj;_ZNK6tflite3gpu12GraphFloat3211FindOutputsEj;_ZNK6tflite3gpu12GraphFloat3212FindProducerEj;_ZNK6tflite3gpu12GraphFloat3212IsGraphInputEj;_ZNK6tflite3gpu12GraphFloat3213FindConsumersEj;_ZNK6tflite3gpu12GraphFloat3213IsGraphOutputEj;_ZNK6tflite3gpu12GraphFloat3213MakeExactCopyEPS1_;_ZNK6tflite3gpu12GraphFloat3215variable_inputsEv;_ZNK6tflite3gpu12GraphFloat325nodesEv;_ZNK6tflite3gpu12GraphFloat326inputsEv;_ZNK6tflite3gpu12GraphFloat326valuesEv;_ZNK6tflite3gpu12GraphFloat327GetNodeEj;_ZNK6tflite3gpu12GraphFloat327outputsEv;_ZNK6tflite3gpu12GraphFloat328GetValueEj
inference-engine-tflite	armv7l	inference-engine-tflite/usr/lib/libinference-engine-tflite.so	libtensorflow2-lite.a	model_builder.cc.o	1	_ZN6tflite3gpu19BuildFromFlatBufferERKNS_4impl15FlatBufferModelERKNS_10OpResolverEPNS0_12GraphFloat32Eb
inference-engine-tflite	armv7l	inference-engine-tflite/usr/lib/libinference-engine-tflite.so	libtensorflow2-lite.a	model_builder_base.cc.o	2	_ZN6tflite21GetAllocationFromFileEPKcPNS_13ErrorReporterE;_ZN6tflite21GetAllocationFromFileEiPNS_13ErrorReporterE
inference-engine-tflite	armv7l	inference-engine-tflite/usr/lib/libinference-engine-tflite.so	libtensorflow2-lite.a	model_builder_helper.cc.o	20	_ZN6tflite3gpu10ToDataTypeE10TfLiteType;_ZN6tflite3gpu16SetAllDimensionsEPK14TfLiteIntArrayPNS0_11StrongShapeILNS0_6LayoutE10EEE;_ZN6tflite3gpu16SetAllDimensionsEPK14TfLiteIntArrayPNS0_11StrongShapeILNS0_6LayoutE1EEE;_ZN6tflite3gpu16SetAllDimensionsEPK14TfLiteIntArrayPNS0_11StrongShapeILNS0_6LayoutE2EEE;_ZN6tflite3gpu16SetAllDimensionsEPK14TfLiteIntArrayPNS0_11StrongShapeILNS0_6LayoutE3EEE;_ZN6tflite3gpu16SetAllDimensionsEPK14TfLiteIntArrayPNS0_11StrongShapeILNS0_6LayoutE5EEE;_ZN6tflite3gpu16SetAllDimensionsEPK14TfLiteIntArrayPNS0_11StrongShapeILNS0_6LayoutE7EEE;_ZN6tflite3gpu18CheckInputsOutputsEPK13TfLiteContextPK10TfLiteNodeii;_ZN6tflite3gpu18ExtractTensorShapeERK12TfLiteTensorPNS0_11StrongShapeILNS0_6LayoutE10EEE;_ZN6tflite3gpu19MaybeFuseActivationE21TfLiteFusedActivationPNS0_12GraphFloat32EPNS0_4NodeE;_ZN6tflite3gpu19PopulateQuantParamsERK12TfLiteTensorPNS0_18QuantizationParamsE;_ZN6tflite3gpu20CreateVectorCopyDataIfEEN4absl12lts_202308026StatusERK12TfLiteTensorPT_;_ZN6tflite3gpu20ExtractAxisFromIndexERK12TfLiteTensoriPNS0_4AxisE;_ZN6tflite3gpu22GetNodeAndRegistrationEP13TfLiteContextiPP10TfLiteNodePP18TfLiteRegistration;_ZN6tflite3gpu23ConvertFloat16ToFloat32EjPKtPf;_ZN6tflite3gpu24CheckIfLinearConvertibleEPK14TfLiteIntArray;_ZN6tflite3gpu24CheckInputsConstsOutputsEPK13TfLiteContextPK10TfLiteNodeiii;_ZN6tflite3gpu29GetNumberOfConstInputsForNodeEPK13TfLiteContextPK10TfLiteNode;_ZN6tflite3gpu30ConvertTfLiteTensorToTensorRefERK12TfLiteTensorPNS0_9TensorRefINS0_11StrongShapeILNS0_6LayoutE10EEEEE;_ZN6tflite3gpu31GetNumberOfRuntimeInputsForNodeEPK13TfLiteContextPK10TfLiteNode
inference-engine-tflite	armv7l	inference-engine-tflite/usr/lib/libinference-engine-tflite.so	libtensorflow2-lite.a	model_transformations.cc.o	1	_ZN6tflite3gpu25ApplyModelTransformationsEPNS0_16ModelTransformerE
inference-engine-tflite	armv7l	inference-engine-tflite/usr/lib/libinference-engine-tflite.so	libtensorflow2-lite.a	mul.cc.o	6	_ZN6tflite3ops7builtin12Register_MULEv;_ZN6tflite3ops7builtin16Register_MUL_REFEv;_ZN6tflite3ops7builtin21Register_MUL_NEON_OPTEv;_ZN6tflite3ops7builtin24Register_MUL_GENERIC_OPTEv;_ZN6tflite3ops7builtin3mul4FreeEP13TfLiteContextPv;_ZN6tflite3ops7builtin3mul4InitEP13TfLiteContextPKcj
inference-engine-tflite	armv7l	inference-engine-tflite/usr/lib/libinference-engine-tflite.so	libtensorflow2-lite.a	multiply2.c.o	3	define_multiply2;xnn_define_multiply2;xnn_define_multiply2_v2
inference-engine-tflite	armv7l	inference-engine-tflite/usr/lib/libinference-engine-tflite.so	libtensorflow2-lite.a	mutable_op_resolver.cc.o	12	_ZN6tflite17MutableOpResolver10AddBuiltinENS_15BuiltinOperatorEPK18TfLiteRegistrationi;_ZN6tflite17MutableOpResolver10AddBuiltinENS_15BuiltinOperatorEPK18TfLiteRegistrationii;_ZN6tflite17MutableOpResolver15ChainOpResolverEPKNS_10OpResolverE;_ZN6tflite17MutableOpResolver6AddAllERKS0_;_ZN6tflite17MutableOpResolver9AddCustomEPKcPK18TfLiteRegistrationi;_ZN6tflite17MutableOpResolver9AddCustomEPKcPK18TfLiteRegistrationii;_ZNK6tflite17MutableOpResolver24MayContainUserDefinedOpsEv;_ZNK6tflite17MutableOpResolver6FindOpENS_15BuiltinOperatorEi;_ZNK6tflite17MutableOpResolver6FindOpEPKci;_ZTIN6tflite17MutableOpResolverE;_ZTSN6tflite17MutableOpResolverE;_ZTVN6tflite17MutableOpResolverE
inference-engine-tflite	armv7l	inference-engine-tflite/usr/lib/libinference-engine-tflite.so	libtensorflow2-lite.a	mutex.c.o	4	xnn_mutex_destroy;xnn_mutex_init;xnn_mutex_lock;xnn_mutex_unlock
inference-engine-tflite	armv7l	inference-engine-tflite/usr/lib/libinference-engine-tflite.so	libtensorflow2-lite.a	mutex.cc.o	62	_ZN4absl12lts_2023080219RegisterMutexTracerEPFvPKcPKvxE;_ZN4absl12lts_2023080219ReleasableMutexLock7ReleaseEv;_ZN4absl12lts_2023080221RegisterCondVarTracerEPFvPKcPKvE;_ZN4absl12lts_2023080221RegisterMutexProfilerEPFvxE;_ZN4absl12lts_2023080224synchronization_internal10MutexDelayEii;_ZN4absl12lts_2023080229EnableMutexInvariantDebuggingEb;_ZN4absl12lts_2023080229SetMutexDeadlockDetectionModeENS0_15OnDeadlockCycleE;_ZN4absl12lts_202308025Mutex10ReaderLockEv;_ZN4absl12lts_202308025Mutex10UnlockSlowEPNS0_15SynchWaitParamsE;_ZN4absl12lts_202308025Mutex11AwaitCommonERKNS0_9ConditionENS0_24synchronization_internal13KernelTimeoutE;_ZN4absl12lts_202308025Mutex12LockSlowLoopEPNS0_15SynchWaitParamsEi;_ZN4absl12lts_202308025Mutex12ReaderUnlockEv;_ZN4absl12lts_202308025Mutex13ReaderTryLockEv;_ZN4absl12lts_202308025Mutex14EnableDebugLogEPKc;_ZN4absl12lts_202308025Mutex14ReaderLockWhenERKNS0_9ConditionE;_ZN4absl12lts_202308025Mutex16AwaitWithTimeoutERKNS0_9ConditionENS0_8DurationE;_ZN4absl12lts_202308025Mutex17AwaitWithDeadlineERKNS0_9ConditionENS0_4TimeE;_ZN4absl12lts_202308025Mutex17DecrementSynchSemEPS1_PNS0_13base_internal14PerThreadSynchENS0_24synchronization_internal13KernelTimeoutE;_ZN4absl12lts_202308025Mutex17IncrementSynchSemEPS1_PNS0_13base_internal14PerThreadSynchE;_ZN4absl12lts_202308025Mutex18ForgetDeadlockInfoEv;_ZN4absl12lts_202308025Mutex19LockWhenWithTimeoutERKNS0_9ConditionENS0_8DurationE;_ZN4absl12lts_202308025Mutex20LockSlowWithDeadlineEPKNS0_6MuHowSEPKNS0_9ConditionENS0_24synchronization_internal13KernelTimeoutEi;_ZN4absl12lts_202308025Mutex20LockWhenWithDeadlineERKNS0_9ConditionENS0_4TimeE;_ZN4absl12lts_202308025Mutex24EnableInvariantDebuggingEPFvPvES2_;_ZN4absl12lts_202308025Mutex25ReaderLockWhenWithTimeoutERKNS0_9ConditionENS0_8DurationE;_ZN4absl12lts_202308025Mutex26ReaderLockWhenWithDeadlineERKNS0_9ConditionENS0_4TimeE;_ZN4absl12lts_202308025Mutex3FerEPNS0_13base_internal14PerThreadSynchE;_ZN4absl12lts_202308025Mutex45InternalAttemptToUseMutexInFatalSignalHandlerEv;_ZN4absl12lts_202308025Mutex4LockEv;_ZN4absl12lts_202308025Mutex5AwaitERKNS0_9ConditionE;_ZN4absl12lts_202308025Mutex5BlockEPNS0_13base_internal14PerThreadSynchE;_ZN4absl12lts_202308025Mutex5TransEPKNS0_6MuHowSE;_ZN4absl12lts_202308025Mutex6UnlockEv;_ZN4absl12lts_202308025Mutex6WakeupEPNS0_13base_internal14PerThreadSynchE;_ZN4absl12lts_202308025Mutex7TryLockEv;_ZN4absl12lts_202308025Mutex8LockSlowEPKNS0_6MuHowSEPKNS0_9ConditionEi;_ZN4absl12lts_202308025Mutex8LockWhenERKNS0_9ConditionE;_ZN4absl12lts_202308025Mutex9TryRemoveEPNS0_13base_internal14PerThreadSynchE;_ZN4absl12lts_202308025MutexD1Ev;_ZN4absl12lts_202308025MutexD2Ev;_ZN4absl12lts_202308027CondVar10WaitCommonEPNS0_5MutexENS0_24synchronization_internal13KernelTimeoutE;_ZN4absl12lts_202308027CondVar14EnableDebugLogEPKc;_ZN4absl12lts_202308027CondVar15WaitWithTimeoutEPNS0_5MutexENS0_8DurationE;_ZN4absl12lts_202308027CondVar16WaitWithDeadlineEPNS0_5MutexENS0_4TimeE;_ZN4absl12lts_202308027CondVar4WaitEPNS0_5MutexE;_ZN4absl12lts_202308027CondVar6RemoveEPNS0_13base_internal14PerThreadSynchE;_ZN4absl12lts_202308027CondVar6SignalEv;_ZN4absl12lts_202308027CondVar6WakeupEPNS0_13base_internal14PerThreadSynchE;_ZN4absl12lts_202308027CondVar9SignalAllEv;_ZN4absl12lts_202308027CondVarD1Ev;_ZN4absl12lts_202308027CondVarD2Ev;_ZN4absl12lts_202308029Condition15GuaranteedEqualEPKS1_S3_;_ZN4absl12lts_202308029Condition19CallVoidPtrFunctionEPKS1_;_ZN4absl12lts_202308029Condition5kTrueE;_ZN4absl12lts_202308029ConditionC1EPFbPvES2_;_ZN4absl12lts_202308029ConditionC1EPKb;_ZN4absl12lts_202308029ConditionC2EPFbPvES2_;_ZN4absl12lts_202308029ConditionC2EPKb;_ZNK4absl12lts_202308025Mutex10AssertHeldEv;_ZNK4absl12lts_202308025Mutex13AssertNotHeldEv;_ZNK4absl12lts_202308025Mutex16AssertReaderHeldEv;_ZNK4absl12lts_202308029Condition4EvalEv
inference-engine-tflite	armv7l	inference-engine-tflite/usr/lib/libinference-engine-tflite.so	libtensorflow2-lite.a	neg.cc.o	3	_ZN6tflite3ops7builtin12Register_NEGEv;_ZN6tflite3ops7builtin3neg4EvalEP13TfLiteContextP10TfLiteNode;_ZN6tflite3ops7builtin3neg7PrepareEP13TfLiteContextP10TfLiteNode
inference-engine-tflite	armv7l	inference-engine-tflite/usr/lib/libinference-engine-tflite.so	libtensorflow2-lite.a	negate.c.o	1	xnn_define_negate
inference-engine-tflite	armv7l	inference-engine-tflite/usr/lib/libinference-engine-tflite.so	libtensorflow2-lite.a	neon_tensor_utils.cc.o	36	_ZN6tflite12tensor_utils12NeonCwiseAddEPKsS2_iiPs;_ZN6tflite12tensor_utils12NeonCwiseMulEPKsS2_iiiPs;_ZN6tflite12tensor_utils12NeonCwiseMulEPKsS2_iiiiiPa;_ZN6tflite12tensor_utils13NeonApplyTanhEiPKsiiPs;_ZN6tflite12tensor_utils14NeonSub1VectorEPKfiPf;_ZN6tflite12tensor_utils14NeonSub1VectorEPKsiPs;_ZN6tflite12tensor_utils16NeonApplySigmoidEPKsiiPs;_ZN6tflite12tensor_utils16NeonIsZeroVectorEPKai;_ZN6tflite12tensor_utils16NeonIsZeroVectorEPKfi;_ZN6tflite12tensor_utils17NeonCwiseClippingEPaia;_ZN6tflite12tensor_utils17NeonCwiseClippingEPfif;_ZN6tflite12tensor_utils17NeonCwiseClippingEPsis;_ZN6tflite12tensor_utils18NeonApplyLayerNormEPKsS2_PKiiiiiiPs;_ZN6tflite12tensor_utils18NeonCpuBackendGemmEPKaPKiS2_iiiiPiPNS_17CpuBackendContextE;_ZN6tflite12tensor_utils22NeonReductionSumVectorEPKaPiii;_ZN6tflite12tensor_utils22NeonReductionSumVectorEPKfPfii;_ZN6tflite12tensor_utils24NeonVectorScalarMultiplyEPKaifPf;_ZN6tflite12tensor_utils26NeonVectorVectorDotProductEPKfS2_i;_ZN6tflite12tensor_utils27NeonMeanStddevNormalizationEPKfPfii;_ZN6tflite12tensor_utils27NeonSymmetricQuantizeFloatsEPKfiPaPfS4_S4_;_ZN6tflite12tensor_utils27NeonSymmetricQuantizeFloatsEPKfiPaffPf;_ZN6tflite12tensor_utils28NeonAsymmetricQuantizeFloatsEPKfiPaPfPi;_ZN6tflite12tensor_utils33NeonMatrixBatchVectorMultiplyImplEPKaPKiS2_iiiiPi;_ZN6tflite12tensor_utils34NeonMatrixScalarMultiplyAccumulateEPKaiiiPi;_ZN6tflite12tensor_utils39NeonMatrixBatchVectorMultiplyAccumulateEPKaPKiS2_iiiiiiPiPaPNS_17CpuBackendContextE;_ZN6tflite12tensor_utils39NeonMatrixBatchVectorMultiplyAccumulateEPKaPKiS2_iiiiiiPiPsPNS_17CpuBackendContextE;_ZN6tflite12tensor_utils39NeonMatrixBatchVectorMultiplyAccumulateEPKaiiS2_PKfiPf;_ZN6tflite12tensor_utils39NeonMatrixBatchVectorMultiplyAccumulateEPKaiiS2_PKfiPfS4_PKiPiS8_PbPNS_17CpuBackendContextE;_ZN6tflite12tensor_utils39NeonMatrixBatchVectorMultiplyAccumulateEPKaiiS2_PKfiPiPfPNS_17CpuBackendContextE;_ZN6tflite12tensor_utils39NeonMatrixBatchVectorMultiplyAccumulateEPKfiiS2_iPf;_ZN6tflite12tensor_utils43NeonMatrixBatchVectorMultiplyAccumulateImplEPKaiiS2_PKfiPfS4_PKiPi;_ZN6tflite12tensor_utils43NeonVectorBatchVectorCwiseProductAccumulateEPKsiS2_iiiPs;_ZN6tflite12tensor_utils45NeonSparseMatrixBatchVectorMultiplyAccumulateEPKaPKhiiS2_PKfiPfS6_;_ZN6tflite12tensor_utils45NeonSparseMatrixBatchVectorMultiplyAccumulateEPKfPKhiiS2_iPf;_ZN6tflite12tensor_utils48NeonSparseMatrixBatchVectorMultiplyAccumulate1x4EPKfPKiS4_iiS2_iPf;_ZN6tflite12tensor_utils49NeonSparseMatrixBatchVectorMultiplyAccumulate1x16EPKaPKiS4_iiS2_S4_iiiiS4_S4_iiiPa
inference-engine-tflite	armv7l	inference-engine-tflite/usr/lib/libinference-engine-tflite.so	libtensorflow2-lite.a	non_max_suppression.cc.o	6	_ZN6tflite3ops7builtin19non_max_suppression14SetTensorSizesEP13TfLiteContextP12TfLiteTensorSt16initializer_listIiE;_ZN6tflite3ops7builtin19non_max_suppression27ResetUnusedElementsToZeroesEiiPiPf;_ZN6tflite3ops7builtin19non_max_suppression4EvalEP13TfLiteContextP10TfLiteNode;_ZN6tflite3ops7builtin19non_max_suppression7PrepareEP13TfLiteContextP10TfLiteNode;_ZN6tflite3ops7builtin31Register_NON_MAX_SUPPRESSION_V4Ev;_ZN6tflite3ops7builtin31Register_NON_MAX_SUPPRESSION_V5Ev
inference-engine-tflite	armv7l	inference-engine-tflite/usr/lib/libinference-engine-tflite.so	libtensorflow2-lite.a	normalization.c.o	3	xnn_normalize_reduction;xnn_normalize_slice;xnn_normalize_transpose_permutation
inference-engine-tflite	armv7l	inference-engine-tflite/usr/lib/libinference-engine-tflite.so	libtensorflow2-lite.a	numbers.cc.o	8	_ZN4absl12lts_2023080216numbers_internal12PutTwoDigitsEjPc;_ZN4absl12lts_2023080216numbers_internal15FastIntToBufferEiPc;_ZN4absl12lts_2023080216numbers_internal15FastIntToBufferEjPc;_ZN4absl12lts_2023080216numbers_internal15FastIntToBufferExPc;_ZN4absl12lts_2023080216numbers_internal15FastIntToBufferEyPc;_ZN4absl12lts_2023080216numbers_internal17SixDigitsToBufferEdPc;_ZN4absl12lts_2023080216numbers_internal8kHexCharE;_ZN4absl12lts_2023080216numbers_internal9kHexTableE
inference-engine-tflite	armv7l	inference-engine-tflite/usr/lib/libinference-engine-tflite.so	libtensorflow2-lite.a	numeric_verify.cc.o	6	_ZN6tflite3ops6custom14numeric_verify4FreeEP13TfLiteContextPv;_ZN6tflite3ops6custom14numeric_verify4InitEP13TfLiteContextPKcj;_ZN6tflite3ops6custom14numeric_verify7PrepareEP13TfLiteContextP10TfLiteNode;_ZN6tflite3ops6custom23Register_NUMERIC_VERIFYEv;_ZN6tflite3ops6custom27Register_NUMERIC_VERIFY_OPTEv;_ZN6tflite3ops6custom27Register_NUMERIC_VERIFY_REFEv
inference-engine-tflite	armv7l	inference-engine-tflite/usr/lib/libinference-engine-tflite.so	libtensorflow2-lite.a	object_reader.cc.o	12	_ZN6tflite3gpu12ObjectReader10AddOutputsEPKNS0_4NodeE;_ZN6tflite3gpu12ObjectReader20ReadValueByTensorIdxEjPPNS0_5ValueE;_ZN6tflite3gpu12ObjectReader25VerifyInputsConstsOutputsEPK10TfLiteNodeiii;_ZN6tflite3gpu12ObjectReader8AddInputEPKNS0_4NodeEj;_ZN6tflite3gpu12ObjectReader9AddOutputEPKNS0_4NodeEi;_ZN6tflite3gpu12ObjectReader9AddUpdateEPKNS0_4NodeEj;_ZN6tflite3gpu12ObjectReader9ReadValueEjPPNS0_5ValueE;_ZNK6tflite3gpu12ObjectReader11GetTensorIdEjPi;_ZNK6tflite3gpu12ObjectReader13GetTensorDimsEjP14TfLiteIntArray;_ZNK6tflite3gpu12ObjectReader14GetInputTensorEi;_ZNK6tflite3gpu12ObjectReader15GetOutputTensorEi;_ZNK6tflite3gpu12ObjectReader24GetNumberOfRuntimeInputsEv
inference-engine-tflite	armv7l	inference-engine-tflite/usr/lib/libinference-engine-tflite.so	libtensorflow2-lite.a	one_hot.cc.o	5	_ZN6tflite3gpu12CreateOneHotERKNS0_12OperationDefERKNS0_16OneHotAttributesE;_ZN6tflite3ops7builtin16Register_ONE_HOTEv;_ZN6tflite3ops7builtin7one_hot18ResizeOutputTensorEP13TfLiteContextRKNS2_13OneHotContextE;_ZN6tflite3ops7builtin7one_hot4EvalEP13TfLiteContextP10TfLiteNode;_ZN6tflite3ops7builtin7one_hot7PrepareEP13TfLiteContextP10TfLiteNode
inference-engine-tflite	armv7l	inference-engine-tflite/usr/lib/libinference-engine-tflite.so	libtensorflow2-lite.a	op_resolver.cc.o	1	_ZN6tflite25GetRegistrationFromOpCodeEPKNS_12OperatorCodeERKNS_10OpResolverEPNS_13ErrorReporterEPPK18TfLiteRegistration
inference-engine-tflite	armv7l	inference-engine-tflite/usr/lib/libinference-engine-tflite.so	libtensorflow2-lite.a	op_signature.cc.o	2	_ZN6tflite14GetOpSignatureEPK13TfLiteContextPK10TfLiteNodePK18TfLiteRegistration;_ZN6tflite14GetOpSignatureEPKNS_12OperatorCodeEPKNS_8OperatorEPKNS_8SubGraphEPKNS_5ModelE
inference-engine-tflite	armv7l	inference-engine-tflite/usr/lib/libinference-engine-tflite.so	libtensorflow2-lite.a	opencl_wrapper.cc.o	121	_ZN6tflite3gpu2cl10LoadOpenCLEv;_ZN6tflite3gpu2cl10clSVMAllocE;_ZN6tflite3gpu2cl12clCreatePipeE;_ZN6tflite3gpu2cl13clCreateImageE;_ZN6tflite3gpu2cl13clEnqueueTaskE;_ZN6tflite3gpu2cl13clGetPipeInfoE;_ZN6tflite3gpu2cl13clLinkProgramE;_ZN6tflite3gpu2cl13clRetainEventE;_ZN6tflite3gpu2cl14clBuildProgramE;_ZN6tflite3gpu2cl14clCreateBufferE;_ZN6tflite3gpu2cl14clCreateKernelE;_ZN6tflite3gpu2cl14clGetDeviceIDsE;_ZN6tflite3gpu2cl14clGetEventInfoE;_ZN6tflite3gpu2cl14clGetImageInfoE;_ZN6tflite3gpu2cl14clReleaseEventE;_ZN6tflite3gpu2cl14clRetainDeviceE;_ZN6tflite3gpu2cl14clRetainKernelE;_ZN6tflite3gpu2cl14clSetKernelArgE;_ZN6tflite3gpu2cl15clCreateContextE;_ZN6tflite3gpu2cl15clCreateImage2DE;_ZN6tflite3gpu2cl15clCreateImage3DE;_ZN6tflite3gpu2cl15clCreateSamplerE;_ZN6tflite3gpu2cl15clEnqueueMarkerE;_ZN6tflite3gpu2cl15clEnqueueSVMMapE;_ZN6tflite3gpu2cl15clGetDeviceInfoE;_ZN6tflite3gpu2cl15clGetKernelInfoE;_ZN6tflite3gpu2cl15clReleaseDeviceE;_ZN6tflite3gpu2cl15clReleaseKernelE;_ZN6tflite3gpu2cl15clRetainContextE;_ZN6tflite3gpu2cl15clRetainProgramE;_ZN6tflite3gpu2cl15clRetainSamplerE;_ZN6tflite3gpu2cl15clWaitForEventsE;_ZN6tflite3gpu2cl16clCompileProgramE;_ZN6tflite3gpu2cl16clEnqueueBarrierE;_ZN6tflite3gpu2cl16clEnqueueSVMFreeE;_ZN6tflite3gpu2cl16clGetContextInfoE;_ZN6tflite3gpu2cl16clGetPlatformIDsE;_ZN6tflite3gpu2cl16clGetProgramInfoE;_ZN6tflite3gpu2cl16clGetSamplerInfoE;_ZN6tflite3gpu2cl16clReleaseContextE;_ZN6tflite3gpu2cl16clReleaseProgramE;_ZN6tflite3gpu2cl16clReleaseSamplerE;_ZN6tflite3gpu2cl16clUnloadCompilerE;_ZN6tflite3gpu2cl17clCreateSubBufferE;_ZN6tflite3gpu2cl17clCreateUserEventE;_ZN6tflite3gpu2cl17clEnqueueMapImageE;_ZN6tflite3gpu2cl17clEnqueueSVMUnmapE;_ZN6tflite3gpu2cl17clGetPlatformInfoE;_ZN6tflite3gpu2cl17clRetainMemObjectE;_ZN6tflite3gpu2cl18clCreateSubDevicesE;_ZN6tflite3gpu2cl18clEnqueueCopyImageE;_ZN6tflite3gpu2cl18clEnqueueFillImageE;_ZN6tflite3gpu2cl18clEnqueueMapBufferE;_ZN6tflite3gpu2cl18clEnqueueReadImageE;_ZN6tflite3gpu2cl18clEnqueueSVMMemcpyE;_ZN6tflite3gpu2cl18clGetKernelArgInfoE;_ZN6tflite3gpu2cl18clGetMemObjectInfoE;_ZN6tflite3gpu2cl18clReleaseMemObjectE;_ZN6tflite3gpu2cl18clSetEventCallbackE;_ZN6tflite3gpu2cl19CreateImage2DLegacyEP11_cl_contextyPK16_cl_image_formatPK14_cl_image_descPvPi;_ZN6tflite3gpu2cl19CreateImage3DLegacyEP11_cl_contextyPK16_cl_image_formatPK14_cl_image_descPvPi;_ZN6tflite3gpu2cl19LoadOpenCLFunctionsEPvb;_ZN6tflite3gpu2cl19clEnqueueCopyBufferE;_ZN6tflite3gpu2cl19clEnqueueFillBufferE;_ZN6tflite3gpu2cl19clEnqueueReadBufferE;_ZN6tflite3gpu2cl19clEnqueueSVMMemFillE;_ZN6tflite3gpu2cl19clEnqueueWriteImageE;_ZN6tflite3gpu2cl19clSetKernelExecInfoE;_ZN6tflite3gpu2cl20clCreateCommandQueueE;_ZN6tflite3gpu2cl20clCreateFromGLBufferE;_ZN6tflite3gpu2cl20clEnqueueWriteBufferE;_ZN6tflite3gpu2cl20clRetainCommandQueueE;_ZN6tflite3gpu2cl20clSetUserEventStatusE;_ZN6tflite3gpu2cl21clCreateFromGLTextureE;_ZN6tflite3gpu2cl21clEnqueueNativeKernelE;_ZN6tflite3gpu2cl21clGetCommandQueueInfoE;_ZN6tflite3gpu2cl21clGetProgramBuildInfoE;_ZN6tflite3gpu2cl21clReleaseCommandQueueE;_ZN6tflite3gpu2cl22clEnqueueNDRangeKernelE;_ZN6tflite3gpu2cl22clEnqueueWaitForEventsE;_ZN6tflite3gpu2cl23clCreateContextFromTypeE;_ZN6tflite3gpu2cl23clCreateFromEGLImageKHRE;_ZN6tflite3gpu2cl23clEnqueueCopyBufferRectE;_ZN6tflite3gpu2cl23clEnqueueReadBufferRectE;_ZN6tflite3gpu2cl23clEnqueueUnmapMemObjectE;_ZN6tflite3gpu2cl23clGetEventProfilingInfoE;_ZN6tflite3gpu2cl24clCreateCommandBufferKHRE;_ZN6tflite3gpu2cl24clCreateKernelsInProgramE;_ZN6tflite3gpu2cl24clEnqueueWriteBufferRectE;_ZN6tflite3gpu2cl24clGetKernelWorkGroupInfoE;_ZN6tflite3gpu2cl24clRetainCommandBufferKHRE;_ZN6tflite3gpu2cl24clSetKernelArgSVMPointerE;_ZN6tflite3gpu2cl24clUnloadPlatformCompilerE;_ZN6tflite3gpu2cl25clCommandNDRangeKernelKHRE;_ZN6tflite3gpu2cl25clCreateProgramWithBinaryE;_ZN6tflite3gpu2cl25clCreateProgramWithSourceE;_ZN6tflite3gpu2cl25clEnqueueAcquireGLObjectsE;_ZN6tflite3gpu2cl25clEnqueueCommandBufferKHRE;_ZN6tflite3gpu2cl25clEnqueueReleaseGLObjectsE;_ZN6tflite3gpu2cl25clGetCommandBufferInfoKHRE;_ZN6tflite3gpu2cl25clReleaseCommandBufferKHRE;_ZN6tflite3gpu2cl26clEnqueueCopyBufferToImageE;_ZN6tflite3gpu2cl26clEnqueueCopyImageToBufferE;_ZN6tflite3gpu2cl26clEnqueueMigrateMemObjectsE;_ZN6tflite3gpu2cl26clFinalizeCommandBufferKHRE;_ZN6tflite3gpu2cl26clGetSupportedImageFormatsE;_ZN6tflite3gpu2cl27clCreateEventFromEGLSyncKHRE;_ZN6tflite3gpu2cl27clEnqueueMarkerWithWaitListE;_ZN6tflite3gpu2cl28LoadOpenCLFunctionExtensionsEP15_cl_platform_id;_ZN6tflite3gpu2cl28clEnqueueBarrierWithWaitListE;_ZN6tflite3gpu2cl29clCreateSamplerWithPropertiesE;_ZN6tflite3gpu2cl29clEnqueueAcquireEGLObjectsKHRE;_ZN6tflite3gpu2cl29clEnqueueReleaseEGLObjectsKHRE;_ZN6tflite3gpu2cl29clGetExtensionFunctionAddressE;_ZN6tflite3gpu2cl32clSetMemObjectDestructorCallbackE;_ZN6tflite3gpu2cl33clCreateProgramWithBuiltInKernelsE;_ZN6tflite3gpu2cl34clCreateCommandQueueWithPropertiesE;_ZN6tflite3gpu2cl40clGetExtensionFunctionAddressForPlatformE;_ZN6tflite3gpu2cl7clFlushE;_ZN6tflite3gpu2cl8clFinishE;_ZN6tflite3gpu2cl9clSVMFreeE
inference-engine-tflite	armv7l	inference-engine-tflite/usr/lib/libinference-engine-tflite.so	libtensorflow2-lite.a	operation_parser.cc.o	3	_ZN6tflite3gpu22ParsePoolingAttributesEPK16TfLitePoolParamsRKNS0_11StrongShapeILNS0_6LayoutE10EEEPNS0_19Pooling2DAttributesE;_ZN6tflite3gpu26CheckMaxSupportedOpVersionEPK18TfLiteRegistrationi;_ZN6tflite3gpu4ToHWEii
inference-engine-tflite	armv7l	inference-engine-tflite/usr/lib/libinference-engine-tflite.so	libtensorflow2-lite.a	operations.cc.o	40	_ZN6tflite3gpu20CalculateOutputShapeERKNS0_11StrongShapeILNS0_6LayoutE10EEERKNS0_13PadAttributesE;_ZN6tflite3gpu20CalculateOutputShapeERKNS0_11StrongShapeILNS0_6LayoutE10EEERKNS0_14MeanAttributesE;_ZN6tflite3gpu20CalculateOutputShapeERKNS0_11StrongShapeILNS0_6LayoutE10EEERKNS0_15SliceAttributesE;_ZN6tflite3gpu20CalculateOutputShapeERKNS0_11StrongShapeILNS0_6LayoutE10EEERKNS0_18Resize2DAttributesE;_ZN6tflite3gpu20CalculateOutputShapeERKNS0_11StrongShapeILNS0_6LayoutE10EEERKNS0_19Pooling2DAttributesE;_ZN6tflite3gpu20CalculateOutputShapeERKNS0_11StrongShapeILNS0_6LayoutE10EEERKNS0_19TransposeAttributesE;_ZN6tflite3gpu20CalculateOutputShapeERKNS0_11StrongShapeILNS0_6LayoutE10EEERKNS0_23Convolution2DAttributesE;_ZN6tflite3gpu20CalculateOutputShapeERKNS0_11StrongShapeILNS0_6LayoutE10EEERKNS0_24FullyConnectedAttributesE;_ZN6tflite3gpu20CalculateOutputShapeERKNS0_11StrongShapeILNS0_6LayoutE10EEERKNS0_24MaxUnpooling2DAttributesE;_ZN6tflite3gpu20CalculateOutputShapeERKNS0_11StrongShapeILNS0_6LayoutE10EEERKNS0_31ConvolutionTransposedAttributesE;_ZN6tflite3gpu20CalculateOutputShapeERKNS0_11StrongShapeILNS0_6LayoutE10EEERKNS0_32DepthwiseConvolution2DAttributesE;_ZN6tflite3gpu20CalculateOutputShapeERKNS0_11StrongShapeILNS0_6LayoutE12EEERKNS0_14MeanAttributesE;_ZN6tflite3gpu20CalculateOutputShapeERKNS0_11StrongShapeILNS0_6LayoutE12EEERKNS0_15Pad3DAttributesE;_ZN6tflite3gpu20CalculateOutputShapeERKNS0_11StrongShapeILNS0_6LayoutE12EEERKNS0_17Slice3DAttributesE;_ZN6tflite3gpu20CalculateOutputShapeERKNS0_11StrongShapeILNS0_6LayoutE12EEERKNS0_18Resize3DAttributesE;_ZN6tflite3gpu20CalculateOutputShapeERKNS0_11StrongShapeILNS0_6LayoutE12EEERKNS0_19Pooling3DAttributesE;_ZN6tflite3gpu20CalculateOutputShapeERKNS0_11StrongShapeILNS0_6LayoutE12EEERKNS0_21Transpose3DAttributesE;_ZN6tflite3gpu20CalculateOutputShapeERKNS0_11StrongShapeILNS0_6LayoutE12EEERKNS0_23Convolution3DAttributesE;_ZN6tflite3gpu20CalculateOutputShapeERKNS0_11StrongShapeILNS0_6LayoutE12EEERKNS0_24MaxUnpooling3DAttributesE;_ZN6tflite3gpu20CalculateOutputShapeERKNS0_11StrongShapeILNS0_6LayoutE12EEERKNS0_32DepthwiseConvolution3DAttributesE;_ZN6tflite3gpu20CalculateOutputShapeERKNS0_11StrongShapeILNS0_6LayoutE12EEERKNS0_33ConvolutionTransposed3DAttributesE;_ZN6tflite3gpu20CalculateResizeScaleEiiRKNS0_18Resize2DAttributesE;_ZN6tflite3gpu20CalculateResizeScaleEiiRKNS0_18Resize3DAttributesE;_ZN6tflite3gpu20CalculateSamePaddingERKNS0_11StrongShapeILNS0_6LayoutE10EEERKNS0_19Pooling2DAttributesE;_ZN6tflite3gpu20CalculateSamePaddingERKNS0_11StrongShapeILNS0_6LayoutE10EEERKNS0_23Convolution2DAttributesE;_ZN6tflite3gpu20CalculateSamePaddingERKNS0_11StrongShapeILNS0_6LayoutE10EEERKNS0_24MaxUnpooling2DAttributesE;_ZN6tflite3gpu20CalculateSamePaddingERKNS0_11StrongShapeILNS0_6LayoutE10EEERKNS0_31ConvolutionTransposedAttributesE;_ZN6tflite3gpu20CalculateSamePaddingERKNS0_11StrongShapeILNS0_6LayoutE10EEERKNS0_32DepthwiseConvolution2DAttributesE;_ZN6tflite3gpu20CalculateSamePaddingERKNS0_11StrongShapeILNS0_6LayoutE12EEERKNS0_19Pooling3DAttributesE;_ZN6tflite3gpu20CalculateSamePaddingERKNS0_11StrongShapeILNS0_6LayoutE12EEERKNS0_23Convolution3DAttributesE;_ZN6tflite3gpu20CalculateSamePaddingERKNS0_11StrongShapeILNS0_6LayoutE12EEERKNS0_24MaxUnpooling3DAttributesE;_ZN6tflite3gpu20CalculateSamePaddingERKNS0_11StrongShapeILNS0_6LayoutE12EEERKNS0_32DepthwiseConvolution3DAttributesE;_ZN6tflite3gpu20CalculateSamePaddingERKNS0_11StrongShapeILNS0_6LayoutE12EEERKNS0_33ConvolutionTransposed3DAttributesE;_ZN6tflite3gpu27DequatizeFullyConnectedAttrERKNS0_28FullyConnectedInt8AttributesE;_ZN6tflite3gpu9Padding2DmiERKS1_;_ZN6tflite3gpu9Padding3DeqERKS1_;_ZN6tflite3gpu9Padding3DmiERKS1_;_ZN6tflite3gpu9Padding3DneERKS1_;_ZNK6tflite3gpu9Padding2DeqERKS1_;_ZNK6tflite3gpu9Padding2DneERKS1_
inference-engine-tflite	armv7l	inference-engine-tflite/usr/lib/libinference-engine-tflite.so	libtensorflow2-lite.a	operator-delete.c.o	1	xnn_delete_operator
inference-engine-tflite	armv7l	inference-engine-tflite/usr/lib/libinference-engine-tflite.so	libtensorflow2-lite.a	operator-run.c.o	1	xnn_run_operator
inference-engine-tflite	armv7l	inference-engine-tflite/usr/lib/libinference-engine-tflite.so	libtensorflow2-lite.a	pack.cc.o	1	_ZN6tflite3ops7builtin13Register_PACKEv
inference-engine-tflite	armv7l	inference-engine-tflite/usr/lib/libinference-engine-tflite.so	libtensorflow2-lite.a	pack_arm.cc.o	4	_ZN3ruy23Pack8bitRowMajorForNeonEPKhiiiiiiPaiiPiii;_ZN3ruy24PackFloatColMajorForNeonEPKfS1_S1_S1_iiPfi;_ZN3ruy28Pack8bitColMajorForNeon2ColsERKNS_14PackParams8bitE;_ZN3ruy28Pack8bitColMajorForNeon4ColsERKNS_14PackParams8bitE
inference-engine-tflite	armv7l	inference-engine-tflite/usr/lib/libinference-engine-tflite.so	libtensorflow2-lite.a	packing.cc.o	3	pack_qs8_conv_kgo_w;pack_qs8_deconv_goki_w;pack_weights_and_biases
inference-engine-tflite	armv7l	inference-engine-tflite/usr/lib/libinference-engine-tflite.so	libtensorflow2-lite.a	pad.cc.o	10	_ZN6tflite3ops7builtin12Register_PADEv;_ZN6tflite3ops7builtin14Register_PADV2Ev;_ZN6tflite3ops7builtin16Register_PAD_REFEv;_ZN6tflite3ops7builtin18Register_PADV2_REFEv;_ZN6tflite3ops7builtin24Register_PAD_GENERIC_OPTEv;_ZN6tflite3ops7builtin26Register_PADV2_GENERIC_OPTEv;_ZN6tflite3ops7builtin3pad12GetPadParamsEP13TfLiteContextRKNS2_10PadContextE;_ZN6tflite3ops7builtin3pad18ResizeOutputTensorEP13TfLiteContextPNS2_10PadContextE;_ZN6tflite3ops7builtin3pad20CheckPaddingOverflowEPNS2_10PadContextE;_ZN6tflite3ops7builtin3pad7PrepareEP13TfLiteContextP10TfLiteNode
inference-engine-tflite	armv7l	inference-engine-tflite/usr/lib/libinference-engine-tflite.so	libtensorflow2-lite.a	padding.cc.o	1	_ZN6tflite3gpu13CreatePaddingERKNS0_12OperationDefERKNS0_13PadAttributesE
inference-engine-tflite	armv7l	inference-engine-tflite/usr/lib/libinference-engine-tflite.so	libtensorflow2-lite.a	parser.cc.o	2	_ZN4absl12lts_2023080219str_format_internal32ConsumeUnboundConversionNoInlineEPKcS3_PNS1_17UnboundConversionEPi;_ZNK4absl12lts_2023080219str_format_internal16ParsedFormatBase18MatchesConversionsEbSt16initializer_listINS0_23FormatConversionCharSetEE
inference-engine-tflite	armv7l	inference-engine-tflite/usr/lib/libinference-engine-tflite.so	libtensorflow2-lite.a	per_thread_sem.cc.o	2	_ZN4absl12lts_2023080224synchronization_internal12PerThreadSem23GetThreadBlockedCounterEv;_ZN4absl12lts_2023080224synchronization_internal12PerThreadSem4TickEPNS0_13base_internal14ThreadIdentityE
inference-engine-tflite	armv7l	inference-engine-tflite/usr/lib/libinference-engine-tflite.so	libtensorflow2-lite.a	platform_profiler.cc.o	1	_ZN6tflite9profiling27MaybeCreatePlatformProfilerEv
inference-engine-tflite	armv7l	inference-engine-tflite/usr/lib/libinference-engine-tflite.so	libtensorflow2-lite.a	pooling.cc.o	13	_ZN6tflite3gpu13CreatePoolingERKNS0_12OperationDefERKNS0_7GpuInfoERKNS0_19Pooling2DAttributesE;_ZN6tflite3gpu13CreatePoolingERKNS0_12OperationDefERKNS0_7GpuInfoERKNS0_19Pooling3DAttributesE;_ZN6tflite3ops7builtin19Register_L2_POOL_2DEv;_ZN6tflite3ops7builtin20Register_L2_POOL_REFEv;_ZN6tflite3ops7builtin20Register_MAX_POOL_2DEv;_ZN6tflite3ops7builtin21Register_MAX_POOL_REFEv;_ZN6tflite3ops7builtin24Register_AVERAGE_POOL_2DEv;_ZN6tflite3ops7builtin25Register_AVERAGE_POOL_REFEv;_ZN6tflite3ops7builtin28Register_L2_POOL_GENERIC_OPTEv;_ZN6tflite3ops7builtin29Register_MAX_POOL_GENERIC_OPTEv;_ZN6tflite3ops7builtin33Register_AVERAGE_POOL_GENERIC_OPTEv;_ZN6tflite3ops7builtin7pooling4FreeEP13TfLiteContextPv;_ZN6tflite3ops7builtin7pooling4InitEP13TfLiteContextPKcj
inference-engine-tflite	armv7l	inference-engine-tflite/usr/lib/libinference-engine-tflite.so	libtensorflow2-lite.a	portable-api.c.o	29	pthreadpool_get_threads_count;pthreadpool_parallelize_1d;pthreadpool_parallelize_1d_tile_1d;pthreadpool_parallelize_1d_with_thread;pthreadpool_parallelize_1d_with_uarch;pthreadpool_parallelize_2d;pthreadpool_parallelize_2d_tile_1d;pthreadpool_parallelize_2d_tile_1d_with_uarch;pthreadpool_parallelize_2d_tile_1d_with_uarch_with_thread;pthreadpool_parallelize_2d_tile_2d;pthreadpool_parallelize_2d_tile_2d_with_uarch;pthreadpool_parallelize_2d_with_thread;pthreadpool_parallelize_3d;pthreadpool_parallelize_3d_tile_1d;pthreadpool_parallelize_3d_tile_1d_with_thread;pthreadpool_parallelize_3d_tile_1d_with_uarch;pthreadpool_parallelize_3d_tile_1d_with_uarch_with_thread;pthreadpool_parallelize_3d_tile_2d;pthreadpool_parallelize_3d_tile_2d_with_uarch;pthreadpool_parallelize_4d;pthreadpool_parallelize_4d_tile_1d;pthreadpool_parallelize_4d_tile_2d;pthreadpool_parallelize_4d_tile_2d_with_uarch;pthreadpool_parallelize_5d;pthreadpool_parallelize_5d_tile_1d;pthreadpool_parallelize_5d_tile_2d;pthreadpool_parallelize_6d;pthreadpool_parallelize_6d_tile_1d;pthreadpool_parallelize_6d_tile_2d
inference-engine-tflite	armv7l	inference-engine-tflite/usr/lib/libinference-engine-tflite.so	libtensorflow2-lite.a	portable_tensor_utils.cc.o	37	_ZN6tflite12tensor_utils16PortableCwiseAddEPKsS2_iiPs;_ZN6tflite12tensor_utils16PortableCwiseMulEPKsS2_iiiPs;_ZN6tflite12tensor_utils16PortableCwiseMulEPKsS2_iiiiiPa;_ZN6tflite12tensor_utils17ApplyReluToVectorEPKfiPf;_ZN6tflite12tensor_utils17PortableApplyTanhEiPKsiiPs;_ZN6tflite12tensor_utils18ApplyRelu1ToVectorEPKfiPf;_ZN6tflite12tensor_utils18ApplyRelu6ToVectorEPKfiPf;_ZN6tflite12tensor_utils18PortableSub1VectorEPKfiPf;_ZN6tflite12tensor_utils18PortableSub1VectorEPKsiPs;_ZN6tflite12tensor_utils20ApplySignbitToVectorEPKfiPf;_ZN6tflite12tensor_utils20PortableApplySigmoidEPKsiiPs;_ZN6tflite12tensor_utils22PortableApplyLayerNormEPKsS2_PKiiiiiiPs;_ZN6tflite12tensor_utils22PortableApplyTanhFloatEPKsiiiPs;_ZN6tflite12tensor_utils23UnpackDenseInt4IntoInt8EPKaiPa;_ZN6tflite12tensor_utils25PortableApplySigmoidFloatEPKsiiPs;_ZN6tflite12tensor_utils27PortableApplyLayerNormFloatEPKsS2_iiPKiiiPs;_ZN6tflite12tensor_utils28PortableTwoGateSaturatingAddEPKaaS2_aiiiiiiPs;_ZN6tflite12tensor_utils28PortableVectorScalarMultiplyEPKaifPf;_ZN6tflite12tensor_utils30PortableVectorVectorDotProductEPKfS2_i;_ZN6tflite12tensor_utils31PortableMeanStddevNormalizationEPKfPfii;_ZN6tflite12tensor_utils31PortableSymmetricQuantizeFloatsEPKfiPaPfS4_S4_;_ZN6tflite12tensor_utils31PortableSymmetricQuantizeFloatsEPKfiPaffPf;_ZN6tflite12tensor_utils32PortableAsymmetricQuantizeFloatsEPKfiPaPfPi;_ZN6tflite12tensor_utils33PortableMatrixBatchVectorMultiplyEPKaiS2_iiiiiPaa;_ZN6tflite12tensor_utils33PortableMatrixBatchVectorMultiplyEPKsPKaiiPKiiiiiPa;_ZN6tflite12tensor_utils38PortableMatrixScalarMultiplyAccumulateEPKaiiiPi;_ZN6tflite12tensor_utils40PortableBatchVectorBatchVectorDotProductEPKsS2_iiPi;_ZN6tflite12tensor_utils43PortableMatrixBatchVectorMultiplyAccumulateEPKaPKiS2_iiiiiiPiPaPNS_17CpuBackendContextE;_ZN6tflite12tensor_utils43PortableMatrixBatchVectorMultiplyAccumulateEPKaPKiS2_iiiiiiPiPsPNS_17CpuBackendContextE;_ZN6tflite12tensor_utils43PortableMatrixBatchVectorMultiplyAccumulateEPKaiiS2_PKfiPf;_ZN6tflite12tensor_utils43PortableMatrixBatchVectorMultiplyAccumulateEPKaiiS2_PKfiPfS4_PKiPiS8_PbPNS_17CpuBackendContextE;_ZN6tflite12tensor_utils43PortableMatrixBatchVectorMultiplyAccumulateEPKfiiS2_iPf;_ZN6tflite12tensor_utils47PortableVectorBatchVectorCwiseProductAccumulateEPKsiS2_iiiPs;_ZN6tflite12tensor_utils49PortableSparseMatrixBatchVectorMultiplyAccumulateEPKaPKhiiS2_PKfiPfS6_;_ZN6tflite12tensor_utils49PortableSparseMatrixBatchVectorMultiplyAccumulateEPKfPKhiiS2_iPf;_ZN6tflite12tensor_utils52PortableSparseMatrixBatchVectorMultiplyAccumulate1x4EPKfPKiS4_iiS2_iPf;_ZN6tflite12tensor_utils53PortableSparseMatrixBatchVectorMultiplyAccumulate1x16EPKaPKiS4_iiS2_S4_iiiiS4_S4_iiiPa
inference-engine-tflite	armv7l	inference-engine-tflite/usr/lib/libinference-engine-tflite.so	libtensorflow2-lite.a	pow.cc.o	1	_ZN6tflite3ops7builtin12Register_POWEv
inference-engine-tflite	armv7l	inference-engine-tflite/usr/lib/libinference-engine-tflite.so	libtensorflow2-lite.a	precision.cc.o	1	_ZN6tflite3gpu27DeduceDataTypeFromPrecisionENS0_21CalculationsPrecisionE
inference-engine-tflite	armv7l	inference-engine-tflite/usr/lib/libinference-engine-tflite.so	libtensorflow2-lite.a	prelu-nc.c.o	6	xnn_create_prelu_nc_f16;xnn_create_prelu_nc_f32;xnn_reshape_prelu_nc_f16;xnn_reshape_prelu_nc_f32;xnn_setup_prelu_nc_f16;xnn_setup_prelu_nc_f32
inference-engine-tflite	armv7l	inference-engine-tflite/usr/lib/libinference-engine-tflite.so	libtensorflow2-lite.a	prelu.c.o	1	xnn_define_prelu
inference-engine-tflite	armv7l	inference-engine-tflite/usr/lib/libinference-engine-tflite.so	libtensorflow2-lite.a	prelu.cc.o	2	_ZN6tflite3gpu11CreatePReLUERKNS0_15PReLUAttributesENS0_16TensorDescriptorE;_ZN6tflite3gpu11CreatePReLUERKNS0_7GpuInfoERKNS0_12OperationDefERKNS0_15PReLUAttributesE
inference-engine-tflite	armv7l	inference-engine-tflite/usr/lib/libinference-engine-tflite.so	libtensorflow2-lite.a	prepacked_cache.cc.o	6	_ZN3ruy14PrepackedCache17EjectUntilRoomForEi;_ZN3ruy14PrepackedCache3GetEPKvPNS_5PEMatE;_ZN3ruy14PrepackedCache8EjectOneEv;_ZN3ruy14PrepackedCacheD1Ev;_ZN3ruy14PrepackedCacheD2Ev;_ZNK3ruy14PrepackedCache7KeyHashclERKNS0_3KeyE
inference-engine-tflite	armv7l	inference-engine-tflite/usr/lib/libinference-engine-tflite.so	libtensorflow2-lite.a	prepare_packed_matrices.cc.o	1	_ZN3ruy21PreparePackedMatricesEPNS_3CtxEPNS_11TrMulParamsE
inference-engine-tflite	armv7l	inference-engine-tflite/usr/lib/libinference-engine-tflite.so	libtensorflow2-lite.a	program_cache.cc.o	7	_ZN6tflite3gpu2cl12ProgramCache16AddProgramBinaryERKNS1_9CLContextERKNS1_8CLDeviceEyN4absl12lts_202308024SpanIKhEE;_ZN6tflite3gpu2cl12ProgramCache17ProgramDescriptorC1Ey;_ZN6tflite3gpu2cl12ProgramCache17ProgramDescriptorC2Ey;_ZN6tflite3gpu2cl12ProgramCache18AddSerializedCacheERKNS1_9CLContextERKNS1_8CLDeviceEN4absl12lts_202308024SpanIKhEE;_ZN6tflite3gpu2cl12ProgramCacheC1EOS2_;_ZN6tflite3gpu2cl12ProgramCacheC2EOS2_;_ZN6tflite3gpu2cl12ProgramCacheaSEOS2_
inference-engine-tflite	armv7l	inference-engine-tflite/usr/lib/libinference-engine-tflite.so	libtensorflow2-lite.a	pthreads.c.o	2	pthreadpool_create;pthreadpool_destroy
inference-engine-tflite	armv7l	inference-engine-tflite/usr/lib/libinference-engine-tflite.so	libtensorflow2-lite.a	qcom_thin_filter.cc.o	12	_ZN6tflite3gpu2cl14QcomThinFilter20CreateFromDescriptorERKNS0_24QcomThinFilterDescriptorEPNS1_9CLContextE;_ZN6tflite3gpu2cl14QcomThinFilter7ReleaseEv;_ZN6tflite3gpu2cl14QcomThinFilterC1EOS2_;_ZN6tflite3gpu2cl14QcomThinFilterC2EOS2_;_ZN6tflite3gpu2cl14QcomThinFilterD0Ev;_ZN6tflite3gpu2cl14QcomThinFilterD1Ev;_ZN6tflite3gpu2cl14QcomThinFilterD2Ev;_ZN6tflite3gpu2cl14QcomThinFilteraSEOS2_;_ZNK6tflite3gpu2cl14QcomThinFilter15GetGPUResourcesEPKNS0_19GPUObjectDescriptorEPNS1_21GPUResourcesWithValueE;_ZTIN6tflite3gpu2cl14QcomThinFilterE;_ZTSN6tflite3gpu2cl14QcomThinFilterE;_ZTVN6tflite3gpu2cl14QcomThinFilterE
inference-engine-tflite	armv7l	inference-engine-tflite/usr/lib/libinference-engine-tflite.so	libtensorflow2-lite.a	qcom_thin_filter_desc.cc.o	4	_ZNK6tflite3gpu24QcomThinFilterDescriptor15GetGPUResourcesERKNS0_7GpuInfoE;_ZTIN6tflite3gpu24QcomThinFilterDescriptorE;_ZTSN6tflite3gpu24QcomThinFilterDescriptorE;_ZTVN6tflite3gpu24QcomThinFilterDescriptorE
inference-engine-tflite	armv7l	inference-engine-tflite/usr/lib/libinference-engine-tflite.so	libtensorflow2-lite.a	quantization_util.cc.o	17	_ZN6tflite11CheckedLog2EfPi;_ZN6tflite12IntegerFrExpEdPi;_ZN6tflite17FakeQuantizeArrayEfffPKfPff;_ZN6tflite18QuantizeMultiplierEdPiS0_;_ZN6tflite20CalculateInputRadiusEiii;_ZN6tflite20IntegerDoubleCompareEdd;_ZN6tflite21IntegerDoubleMultiplyEdd;_ZN6tflite22NudgeQuantizationRangeEffiiPfS0_S0_;_ZN6tflite23QuantizeMultiplierArrayEPKdjPiS2_;_ZN6tflite24PreprocessSoftmaxScalingEddiPiS0_;_ZN6tflite26DoubleFromFractionAndShiftExi;_ZN6tflite30PreprocessLogSoftmaxScalingExpEddiPiS0_S0_S0_;_ZN6tflite32QuantizeMultiplierGreaterThanOneEdPiS0_;_ZN6tflite35QuantizeMultiplierSmallerThanOneExpEdPiS0_;_ZN6tflite7xnnpack14DequantizeInt8EPKaPfRKNS_12RuntimeShapeEid;_ZN6tflite7xnnpack17DequantizeFloat16EPKtPfj;_ZN6tflite7xnnpack24PerChannelDequantizeInt8EPKaPfRKNS_12RuntimeShapeEPKiPKfi
inference-engine-tflite	armv7l	inference-engine-tflite/usr/lib/libinference-engine-tflite.so	libtensorflow2-lite.a	quantize.cc.o	6	_ZN6tflite3ops7builtin17Register_QUANTIZEEv;_ZN6tflite3ops7builtin21Register_QUANTIZE_OPTEv;_ZN6tflite3ops7builtin21Register_QUANTIZE_REFEv;_ZN6tflite3ops7builtin8quantize4FreeEP13TfLiteContextPv;_ZN6tflite3ops7builtin8quantize4InitEP13TfLiteContextPKcj;_ZN6tflite3ops7builtin8quantize7PrepareEP13TfLiteContextP10TfLiteNode
inference-engine-tflite	armv7l	inference-engine-tflite/usr/lib/libinference-engine-tflite.so	libtensorflow2-lite.a	quantize_and_dequantize.cc.o	1	_ZN6tflite3gpu27CreateQuantizeAndDequantizeERKNS0_12OperationDefERKNS0_31QuantizeAndDequantizeAttributesE
inference-engine-tflite	armv7l	inference-engine-tflite/usr/lib/libinference-engine-tflite.so	libtensorflow2-lite.a	random_ops.cc.o	8	_ZN6tflite3ops7builtin20Register_MULTINOMIALEv;_ZN6tflite3ops7builtin23Register_RANDOM_UNIFORMEv;_ZN6tflite3ops7builtin31Register_RANDOM_STANDARD_NORMALEv;_ZN6tflite3ops7builtin6random15EvalMultinomialEP13TfLiteContextP10TfLiteNode;_ZN6tflite3ops7builtin6random18PrepareMultinomialEP13TfLiteContextP10TfLiteNode;_ZN6tflite3ops7builtin6random4FreeEP13TfLiteContextPv;_ZN6tflite3ops7builtin6random4InitEP13TfLiteContextPKcj;_ZN6tflite3ops7builtin6random7PrepareEP13TfLiteContextP10TfLiteNode
inference-engine-tflite	armv7l	inference-engine-tflite/usr/lib/libinference-engine-tflite.so	libtensorflow2-lite.a	range.cc.o	1	_ZN6tflite3ops7builtin14Register_RANGEEv
inference-engine-tflite	armv7l	inference-engine-tflite/usr/lib/libinference-engine-tflite.so	libtensorflow2-lite.a	rank.cc.o	3	_ZN6tflite3ops7builtin13Register_RANKEv;_ZN6tflite3ops7builtin4rank4EvalEP13TfLiteContextP10TfLiteNode;_ZN6tflite3ops7builtin4rank7PrepareEP13TfLiteContextP10TfLiteNode
inference-engine-tflite	armv7l	inference-engine-tflite/usr/lib/libinference-engine-tflite.so	libtensorflow2-lite.a	raw_hash_set.cc.o	9	_ZN4absl12lts_2023080218container_internal11kEmptyGroupE;_ZN4absl12lts_2023080218container_internal13EraseMetaOnlyERNS1_12CommonFieldsEPNS1_6ctrl_tEj;_ZN4absl12lts_2023080218container_internal15EmptyGenerationEv;_ZN4absl12lts_2023080218container_internal17ClearBackingArrayERNS1_12CommonFieldsERKNS1_15PolicyFunctionsEb;_ZN4absl12lts_2023080218container_internal21ShouldInsertBackwardsEjPKNS1_6ctrl_tE;_ZN4absl12lts_2023080218container_internal24DropDeletesWithoutResizeERNS1_12CommonFieldsERKNS1_15PolicyFunctionsEPv;_ZN4absl12lts_2023080218container_internal29find_first_non_full_outoflineERKNS1_12CommonFieldsEj;_ZN4absl12lts_2023080218container_internal37ConvertDeletedToEmptyAndFullToDeletedEPNS1_6ctrl_tEj;_ZNK4absl12lts_2023080218container_internal33CommonFieldsGenerationInfoEnabled41should_rehash_for_bug_detection_on_insertEPKNS1_6ctrl_tEj
inference-engine-tflite	armv7l	inference-engine-tflite/usr/lib/libinference-engine-tflite.so	libtensorflow2-lite.a	raw_logging.cc.o	5	_ZN4absl12lts_2023080216raw_log_internal17RegisterAbortHookEPFvPKciS3_S3_S3_E;_ZN4absl12lts_2023080216raw_log_internal24RawLoggingFullySupportedEv;_ZN4absl12lts_2023080216raw_log_internal25AsyncSignalSafeWriteErrorEPKcj;_ZN4absl12lts_2023080216raw_log_internal30RegisterLogFilterAndPrefixHookEPFbNS0_11LogSeverityEPKciPPcPiE;_ZN4absl12lts_2023080216raw_log_internal6RawLogENS0_11LogSeverityEPKciS4_z
inference-engine-tflite	armv7l	inference-engine-tflite/usr/lib/libinference-engine-tflite.so	libtensorflow2-lite.a	read_variable.cc.o	3	_ZN6tflite3ops7builtin13read_variable4EvalEP13TfLiteContextP10TfLiteNode;_ZN6tflite3ops7builtin13read_variable7PrepareEP13TfLiteContextP10TfLiteNode;_ZN6tflite3ops7builtin22Register_READ_VARIABLEEv
inference-engine-tflite	armv7l	inference-engine-tflite/usr/lib/libinference-engine-tflite.so	libtensorflow2-lite.a	reciprocal-square-root.c.o	1	xnn_define_reciprocal_square_root
inference-engine-tflite	armv7l	inference-engine-tflite/usr/lib/libinference-engine-tflite.so	libtensorflow2-lite.a	reduce-config.c.o	2	xnn_init_qu8_rdsum_config;xnn_init_qu8_rsum_config
inference-engine-tflite	armv7l	inference-engine-tflite/usr/lib/libinference-engine-tflite.so	libtensorflow2-lite.a	reduce-nd.c.o	9	xnn_create_mean_nd_f16;xnn_create_mean_nd_f32;xnn_create_mean_nd_qs8;xnn_reshape_mean_nd_f16;xnn_reshape_mean_nd_f32;xnn_reshape_mean_nd_qs8;xnn_setup_mean_nd_f16;xnn_setup_mean_nd_f32;xnn_setup_mean_nd_qs8
inference-engine-tflite	armv7l	inference-engine-tflite/usr/lib/libinference-engine-tflite.so	libtensorflow2-lite.a	reduce.cc.o	45	_ZN6tflite3gpu6Reduce13BindArgumentsEPNS0_15ArgumentsBinderE;_ZN6tflite3gpu6ReduceC1EOS1_;_ZN6tflite3gpu6ReduceC2EOS1_;_ZN6tflite3gpu6ReduceaSEOS1_;_ZN6tflite3ops7builtin12Register_SUMEv;_ZN6tflite3ops7builtin13Register_MEANEv;_ZN6tflite3ops7builtin16Register_SUM_OPTEv;_ZN6tflite3ops7builtin16Register_SUM_REFEv;_ZN6tflite3ops7builtin17Register_MEAN_OPTEv;_ZN6tflite3ops7builtin17Register_MEAN_REFEv;_ZN6tflite3ops7builtin19Register_REDUCE_ALLEv;_ZN6tflite3ops7builtin19Register_REDUCE_ANYEv;_ZN6tflite3ops7builtin19Register_REDUCE_MAXEv;_ZN6tflite3ops7builtin19Register_REDUCE_MINEv;_ZN6tflite3ops7builtin20Register_REDUCE_PRODEv;_ZN6tflite3ops7builtin23Register_REDUCE_ALL_OPTEv;_ZN6tflite3ops7builtin23Register_REDUCE_ALL_REFEv;_ZN6tflite3ops7builtin23Register_REDUCE_ANY_OPTEv;_ZN6tflite3ops7builtin23Register_REDUCE_ANY_REFEv;_ZN6tflite3ops7builtin23Register_REDUCE_MAX_OPTEv;_ZN6tflite3ops7builtin23Register_REDUCE_MAX_REFEv;_ZN6tflite3ops7builtin23Register_REDUCE_MIN_OPTEv;_ZN6tflite3ops7builtin23Register_REDUCE_MIN_REFEv;_ZN6tflite3ops7builtin24Register_REDUCE_PROD_OPTEv;_ZN6tflite3ops7builtin24Register_REDUCE_PROD_REFEv;_ZN6tflite3ops7builtin6reduce11PrepareProdEP13TfLiteContextP10TfLiteNode;_ZN6tflite3ops7builtin6reduce11ResolveAxisEPKiiPNS_10MeanParamsE;_ZN6tflite3ops7builtin6reduce13PrepareSimpleEP13TfLiteContextP10TfLiteNode;_ZN6tflite3ops7builtin6reduce14GetOutputShapeEP13TfLiteContextPNS2_9OpContextEPP14TfLiteIntArray;_ZN6tflite3ops7builtin6reduce14ResizeTempAxisEP13TfLiteContextPNS2_9OpContextEP12TfLiteTensor;_ZN6tflite3ops7builtin6reduce14ResizeTempDimsEP13TfLiteContextPNS2_9OpContextEP12TfLiteTensor;_ZN6tflite3ops7builtin6reduce15IsReduceAllDimsEPK12TfLiteTensorii;_ZN6tflite3ops7builtin6reduce15PrepareAllOrAnyEP13TfLiteContextP10TfLiteNode;_ZN6tflite3ops7builtin6reduce15ResizeTempAccumEP13TfLiteContextPNS2_9OpContextEP12TfLiteTensor;_ZN6tflite3ops7builtin6reduce16PrepareMeanOrSumEP13TfLiteContextP10TfLiteNode;_ZN6tflite3ops7builtin6reduce18ResizeOutputTensorEP13TfLiteContextPNS2_9OpContextE;_ZN6tflite3ops7builtin6reduce19GetQuantProdScalingEddi;_ZN6tflite3ops7builtin6reduce20InitializeMeanOutputEP12TfLiteTensor;_ZN6tflite3ops7builtin6reduce21InitializeTemporariesEP13TfLiteContextP10TfLiteNodePNS2_9OpContextE;_ZN6tflite3ops7builtin6reduce4FreeEP13TfLiteContextPv;_ZN6tflite3ops7builtin6reduce4InitEP13TfLiteContextPKcj;_ZNK6tflite3gpu6Reduce11GetGridSizeEv;_ZTIN6tflite3gpu6ReduceE;_ZTSN6tflite3gpu6ReduceE;_ZTVN6tflite3gpu6ReduceE
inference-engine-tflite	armv7l	inference-engine-tflite/usr/lib/libinference-engine-tflite.so	libtensorflow2-lite.a	register.cc.o	4	_ZN6tflite3ops7builtin17BuiltinOpResolverC1Ev;_ZN6tflite3ops7builtin17BuiltinOpResolverC2Ev;_ZN6tflite3ops7builtin28BuiltinOpResolverWithXNNPACKC1Eb;_ZN6tflite3ops7builtin28BuiltinOpResolverWithXNNPACKC2Eb
inference-engine-tflite	armv7l	inference-engine-tflite/usr/lib/libinference-engine-tflite.so	libtensorflow2-lite.a	relu.cc.o	2	_ZN6tflite3gpu10CreateReLUERKNS0_12OperationDefERKNS0_14ReLUAttributesE;_ZN6tflite3gpu10CreateReLUERKNS0_14ReLUAttributesENS0_21CalculationsPrecisionE
inference-engine-tflite	armv7l	inference-engine-tflite/usr/lib/libinference-engine-tflite.so	libtensorflow2-lite.a	remove_noop.cc.o	5	_ZN6tflite3gpu23NewRemoveSingleInputAddEv;_ZN6tflite3gpu24NewRemoveIdentityReshapeEv;_ZN6tflite3gpu26NewRemoveSingleInputConcatEv;_ZN6tflite3gpu29NewRemoveDegenerateUpsamplingEv;_ZN6tflite3gpu29NewRemoveIdentityStridedSliceEv
inference-engine-tflite	armv7l	inference-engine-tflite/usr/lib/libinference-engine-tflite.so	libtensorflow2-lite.a	resampler.cc.o	1	_ZN6tflite3gpu15CreateResamplerERKNS0_7GpuInfoERKNS0_12OperationDefE
inference-engine-tflite	armv7l	inference-engine-tflite/usr/lib/libinference-engine-tflite.so	libtensorflow2-lite.a	reshape-helpers.c.o	2	resize_binary_elementwise_output_tensor;resize_unary_elementwise_output_tensor
inference-engine-tflite	armv7l	inference-engine-tflite/usr/lib/libinference-engine-tflite.so	libtensorflow2-lite.a	reshape.cc.o	8	_ZN6tflite3gpu13CreateReshapeERKNS0_12OperationDefE;_ZN6tflite3ops7builtin16Register_RESHAPEEv;_ZN6tflite3ops7builtin7reshape12ResizeOutputEP13TfLiteContextP10TfLiteNode;_ZN6tflite3ops7builtin7reshape14GetOutputShapeEP13TfLiteContextP10TfLiteNode;_ZN6tflite3ops7builtin7reshape4EvalEP13TfLiteContextP10TfLiteNode;_ZN6tflite3ops7builtin7reshape4FreeEP13TfLiteContextPv;_ZN6tflite3ops7builtin7reshape4InitEP13TfLiteContextPKcj;_ZN6tflite3ops7builtin7reshape7PrepareEP13TfLiteContextP10TfLiteNode
inference-engine-tflite	armv7l	inference-engine-tflite/usr/lib/libinference-engine-tflite.so	libtensorflow2-lite.a	reshapex4.cc.o	1	_ZN6tflite3gpu15CreateReshapex4ERKNS0_12OperationDefE
inference-engine-tflite	armv7l	inference-engine-tflite/usr/lib/libinference-engine-tflite.so	libtensorflow2-lite.a	resize-bilinear-nchw.c.o	7	create_resize_bilinear2d_nchw;xnn_create_resize_bilinear2d_nchw_f16;xnn_create_resize_bilinear2d_nchw_f32;xnn_reshape_resize_bilinear2d_nchw_f16;xnn_reshape_resize_bilinear2d_nchw_f32;xnn_setup_resize_bilinear2d_nchw_f16;xnn_setup_resize_bilinear2d_nchw_f32
inference-engine-tflite	armv7l	inference-engine-tflite/usr/lib/libinference-engine-tflite.so	libtensorflow2-lite.a	resize-bilinear-nhwc.c.o	12	xnn_create_resize_bilinear2d_nhwc_f16;xnn_create_resize_bilinear2d_nhwc_f32;xnn_create_resize_bilinear2d_nhwc_s8;xnn_create_resize_bilinear2d_nhwc_u8;xnn_reshape_resize_bilinear2d_nhwc_f16;xnn_reshape_resize_bilinear2d_nhwc_f32;xnn_reshape_resize_bilinear2d_nhwc_s8;xnn_reshape_resize_bilinear2d_nhwc_u8;xnn_setup_resize_bilinear2d_nhwc_f16;xnn_setup_resize_bilinear2d_nhwc_f32;xnn_setup_resize_bilinear2d_nhwc_s8;xnn_setup_resize_bilinear2d_nhwc_u8
inference-engine-tflite	armv7l	inference-engine-tflite/usr/lib/libinference-engine-tflite.so	libtensorflow2-lite.a	resize.cc.o	22	_ZN6tflite3gpu12CreateResizeERKNS0_12OperationDefERKNS0_18Resize2DAttributesE;_ZN6tflite3gpu14CreateResize3DERKNS0_12OperationDefERKNS0_18Resize3DAttributesE;_ZN6tflite3gpu6Resize13BindArgumentsEPNS0_15ArgumentsBinderE;_ZN6tflite3gpu6ResizeC1EOS1_;_ZN6tflite3gpu6ResizeC1ERKNS0_12OperationDefERKNS0_18Resize2DAttributesE;_ZN6tflite3gpu6ResizeC2EOS1_;_ZN6tflite3gpu6ResizeC2ERKNS0_12OperationDefERKNS0_18Resize2DAttributesE;_ZN6tflite3gpu6ResizeaSEOS1_;_ZN6tflite3gpu8Resize3D13BindArgumentsEPNS0_15ArgumentsBinderE;_ZN6tflite3gpu8Resize3DC1EOS1_;_ZN6tflite3gpu8Resize3DC1ERKNS0_12OperationDefERKNS0_18Resize3DAttributesE;_ZN6tflite3gpu8Resize3DC2EOS1_;_ZN6tflite3gpu8Resize3DC2ERKNS0_12OperationDefERKNS0_18Resize3DAttributesE;_ZN6tflite3gpu8Resize3DaSEOS1_;_ZNK6tflite3gpu6Resize11GetGridSizeEv;_ZNK6tflite3gpu8Resize3D11GetGridSizeEv;_ZTIN6tflite3gpu6ResizeE;_ZTIN6tflite3gpu8Resize3DE;_ZTSN6tflite3gpu6ResizeE;_ZTSN6tflite3gpu8Resize3DE;_ZTVN6tflite3gpu6ResizeE;_ZTVN6tflite3gpu8Resize3DE
inference-engine-tflite	armv7l	inference-engine-tflite/usr/lib/libinference-engine-tflite.so	libtensorflow2-lite.a	resize_bilinear.cc.o	4	_ZN6tflite3ops7builtin15resize_bilinear18ResizeOutputTensorEP13TfLiteContextPK12TfLiteTensorS7_PS5_;_ZN6tflite3ops7builtin15resize_bilinear7PrepareEP13TfLiteContextP10TfLiteNode;_ZN6tflite3ops7builtin24Register_RESIZE_BILINEAREv;_ZN6tflite3ops7builtin28Register_RESIZE_BILINEAR_REFEv
inference-engine-tflite	armv7l	inference-engine-tflite/usr/lib/libinference-engine-tflite.so	libtensorflow2-lite.a	resize_nearest_neighbor.cc.o	6	_ZN6tflite3ops7builtin23resize_nearest_neighbor18ResizeOutputTensorEP13TfLiteContextPK12TfLiteTensorS7_PS5_;_ZN6tflite3ops7builtin23resize_nearest_neighbor7PrepareEP13TfLiteContextP10TfLiteNode;_ZN6tflite3ops7builtin32Register_RESIZE_NEAREST_NEIGHBOREv;_ZN6tflite3ops7builtin36Register_RESIZE_NEAREST_NEIGHBOR_REFEv;_ZN6tflite3ops7builtin41Register_RESIZE_NEAREST_NEIGHBOR_NEON_OPTEv;_ZN6tflite3ops7builtin44Register_RESIZE_NEAREST_NEIGHBOR_GENERIC_OPTEv
inference-engine-tflite	armv7l	inference-engine-tflite/usr/lib/libinference-engine-tflite.so	libtensorflow2-lite.a	resource_variable.cc.o	12	_ZN6tflite8resource16ResourceVariable10AssignFromEPK12TfLiteTensor;_ZN6tflite8resource16ResourceVariableC1EOS1_;_ZN6tflite8resource16ResourceVariableC1Ev;_ZN6tflite8resource16ResourceVariableC2EOS1_;_ZN6tflite8resource16ResourceVariableC2Ev;_ZN6tflite8resource16ResourceVariableD0Ev;_ZN6tflite8resource16ResourceVariableD1Ev;_ZN6tflite8resource16ResourceVariableD2Ev;_ZN6tflite8resource17IsBuiltinResourceEPK12TfLiteTensor;_ZTIN6tflite8resource16ResourceVariableE;_ZTSN6tflite8resource16ResourceVariableE;_ZTVN6tflite8resource16ResourceVariableE
inference-engine-tflite	armv7l	inference-engine-tflite/usr/lib/libinference-engine-tflite.so	libtensorflow2-lite.a	reverse.cc.o	1	_ZN6tflite3ops7builtin19Register_REVERSE_V2Ev
inference-engine-tflite	armv7l	inference-engine-tflite/usr/lib/libinference-engine-tflite.so	libtensorflow2-lite.a	reverse_sequence.cc.o	1	_ZN6tflite3ops7builtin25Register_REVERSE_SEQUENCEEv
inference-engine-tflite	armv7l	inference-engine-tflite/usr/lib/libinference-engine-tflite.so	libtensorflow2-lite.a	rfft2d.cc.o	11	_ZN6tflite3ops7builtin15Register_RFFT2DEv;_ZN6tflite3ops7builtin6rfft2d10Rfft2dImplEiiPPdPiS3_;_ZN6tflite3ops7builtin6rfft2d12IsPowerOfTwoEj;_ZN6tflite3ops7builtin6rfft2d12Rfft2dHelperEP13TfLiteContextP10TfLiteNode;_ZN6tflite3ops7builtin6rfft2d13Rfft2dReorderEiiPPd;_ZN6tflite3ops7builtin6rfft2d18PrepareInputBufferEPKfiiiiPPd;_ZN6tflite3ops7builtin6rfft2d31ResizeOutputandTemporaryTensorsEP13TfLiteContextP10TfLiteNode;_ZN6tflite3ops7builtin6rfft2d4EvalEP13TfLiteContextP10TfLiteNode;_ZN6tflite3ops7builtin6rfft2d4FreeEP13TfLiteContextPv;_ZN6tflite3ops7builtin6rfft2d4InitEP13TfLiteContextPKcj;_ZN6tflite3ops7builtin6rfft2d7PrepareEP13TfLiteContextP10TfLiteNode
inference-engine-tflite	armv7l	inference-engine-tflite/usr/lib/libinference-engine-tflite.so	libtensorflow2-lite.a	right_shift.cc.o	5	_ZN6tflite3ops7builtin11right_shift4EvalEP13TfLiteContextP10TfLiteNode;_ZN6tflite3ops7builtin11right_shift4FreeEP13TfLiteContextPv;_ZN6tflite3ops7builtin11right_shift4InitEP13TfLiteContextPKcj;_ZN6tflite3ops7builtin11right_shift7PrepareEP13TfLiteContextP10TfLiteNode;_ZN6tflite3ops7builtin20Register_RIGHT_SHIFTEv
inference-engine-tflite	armv7l	inference-engine-tflite/usr/lib/libinference-engine-tflite.so	libtensorflow2-lite.a	rng_bit_generator.cc.o	3	_ZN6tflite3ops7builtin27stablehlo_rng_bit_generator4EvalEP13TfLiteContextP10TfLiteNode;_ZN6tflite3ops7builtin27stablehlo_rng_bit_generator7PrepareEP13TfLiteContextP10TfLiteNode;_ZN6tflite3ops7builtin36Register_STABLEHLO_RNG_BIT_GENERATOREv
inference-engine-tflite	armv7l	inference-engine-tflite/usr/lib/libinference-engine-tflite.so	libtensorflow2-lite.a	root_profiler.cc.o	10	_ZN6tflite9profiling12RootProfiler10BeginEventEPKcNS_8Profiler9EventTypeExx;_ZN6tflite9profiling12RootProfiler11AddProfilerEPNS_8ProfilerE;_ZN6tflite9profiling12RootProfiler16AddEventWithDataEPKcNS_8Profiler9EventTypeEPKv;_ZN6tflite9profiling12RootProfiler20RemoveChildProfilersEv;_ZN6tflite9profiling12RootProfiler8AddEventEPKcNS_8Profiler9EventTypeEyxx;_ZN6tflite9profiling12RootProfiler8EndEventEj;_ZN6tflite9profiling12RootProfiler8EndEventEjxx;_ZTIN6tflite9profiling12RootProfilerE;_ZTSN6tflite9profiling12RootProfilerE;_ZTVN6tflite9profiling12RootProfilerE
inference-engine-tflite	armv7l	inference-engine-tflite/usr/lib/libinference-engine-tflite.so	libtensorflow2-lite.a	round.cc.o	3	_ZN6tflite3ops7builtin14Register_ROUNDEv;_ZN6tflite3ops7builtin5round4EvalEP13TfLiteContextP10TfLiteNode;_ZN6tflite3ops7builtin5round7PrepareEP13TfLiteContextP10TfLiteNode
inference-engine-tflite	armv7l	inference-engine-tflite/usr/lib/libinference-engine-tflite.so	libtensorflow2-lite.a	runtime.c.o	18	xnn_create_runtime;xnn_create_runtime_v2;xnn_create_runtime_v3;xnn_create_runtime_v4;xnn_create_weights_cache;xnn_create_weights_cache_with_size;xnn_create_workspace;xnn_delete_runtime;xnn_delete_weights_cache;xnn_get_external_value_shape;xnn_get_runtime_profiling_info;xnn_invoke_runtime;xnn_plan_memory;xnn_release_workspace;xnn_reshape_external_value;xnn_reshape_runtime;xnn_setup_runtime;xnn_setup_runtime_v2
inference-engine-tflite	armv7l	inference-engine-tflite/usr/lib/libinference-engine-tflite.so	libtensorflow2-lite.a	runtime_shape.cc.o	5	_ZN6tflite12RuntimeShape11ReplaceWithEiPKi;_ZN6tflite12RuntimeShapeD1Ev;_ZN6tflite12RuntimeShapeD2Ev;_ZNK6tflite12RuntimeShape4DimsEi;_ZNK6tflite12RuntimeShape8FlatSizeEv
inference-engine-tflite	armv7l	inference-engine-tflite/usr/lib/libinference-engine-tflite.so	libtensorflow2-lite.a	s32-f32-vcvt-neon.c.o	3	xnn_s32_f32_vcvt_ukernel__neon_u12;xnn_s32_f32_vcvt_ukernel__neon_u4;xnn_s32_f32_vcvt_ukernel__neon_u8
inference-engine-tflite	armv7l	inference-engine-tflite/usr/lib/libinference-engine-tflite.so	libtensorflow2-lite.a	s32-f32-vcvt-scalar.c.o	3	xnn_s32_f32_vcvt_ukernel__scalar_u1;xnn_s32_f32_vcvt_ukernel__scalar_u2;xnn_s32_f32_vcvt_ukernel__scalar_u3
inference-engine-tflite	armv7l	inference-engine-tflite/usr/lib/libinference-engine-tflite.so	libtensorflow2-lite.a	s32-vmul-neon.c.o	3	xnn_s32_vmul_ukernel__neon_u12;xnn_s32_vmul_ukernel__neon_u16;xnn_s32_vmul_ukernel__neon_u4
inference-engine-tflite	armv7l	inference-engine-tflite/usr/lib/libinference-engine-tflite.so	libtensorflow2-lite.a	s32-vmul-scalar.c.o	3	xnn_s32_vmul_ukernel__scalar_u1;xnn_s32_vmul_ukernel__scalar_u4;xnn_s32_vmul_ukernel__scalar_u8
inference-engine-tflite	armv7l	inference-engine-tflite/usr/lib/libinference-engine-tflite.so	libtensorflow2-lite.a	s32-vmulc-neon.c.o	3	xnn_s32_vmulc_ukernel__neon_u12;xnn_s32_vmulc_ukernel__neon_u16;xnn_s32_vmulc_ukernel__neon_u4
inference-engine-tflite	armv7l	inference-engine-tflite/usr/lib/libinference-engine-tflite.so	libtensorflow2-lite.a	s32-vmulc-scalar.c.o	3	xnn_s32_vmulc_ukernel__scalar_u1;xnn_s32_vmulc_ukernel__scalar_u4;xnn_s32_vmulc_ukernel__scalar_u8
inference-engine-tflite	armv7l	inference-engine-tflite/usr/lib/libinference-engine-tflite.so	libtensorflow2-lite.a	scatter_nd.cc.o	3	_ZN6tflite3ops7builtin10scatter_nd4EvalEP13TfLiteContextP10TfLiteNode;_ZN6tflite3ops7builtin10scatter_nd7PrepareEP13TfLiteContextP10TfLiteNode;_ZN6tflite3ops7builtin19Register_SCATTER_NDEv
inference-engine-tflite	armv7l	inference-engine-tflite/usr/lib/libinference-engine-tflite.so	libtensorflow2-lite.a	schema_utils.cc.o	2	_ZN6tflite14GetBuiltinCodeEPKNS_12OperatorCodeE;_ZN6tflite14GetBuiltinCodeEPKNS_13OperatorCodeTE
inference-engine-tflite	armv7l	inference-engine-tflite/usr/lib/libinference-engine-tflite.so	libtensorflow2-lite.a	segment_sum.cc.o	4	_ZN6tflite3ops7builtin11segment_sum18ResizeOutputTensorEP13TfLiteContextPK12TfLiteTensorS7_PS5_;_ZN6tflite3ops7builtin11segment_sum4EvalEP13TfLiteContextP10TfLiteNode;_ZN6tflite3ops7builtin11segment_sum7PrepareEP13TfLiteContextP10TfLiteNode;_ZN6tflite3ops7builtin20Register_SEGMENT_SUMEv
inference-engine-tflite	armv7l	inference-engine-tflite/usr/lib/libinference-engine-tflite.so	libtensorflow2-lite.a	select.cc.o	5	_ZN6tflite3ops7builtin15Register_SELECTEv;_ZN6tflite3ops7builtin18Register_SELECT_V2Ev;_ZN6tflite3ops7builtin6select10SelectEvalEP13TfLiteContextP10TfLiteNode;_ZN6tflite3ops7builtin6select10SelectFreeEP13TfLiteContextPv;_ZN6tflite3ops7builtin6select10SelectInitEP13TfLiteContextPKcj
inference-engine-tflite	armv7l	inference-engine-tflite/usr/lib/libinference-engine-tflite.so	libtensorflow2-lite.a	select_v2.cc.o	1	_ZN6tflite3gpu14CreateSelectV2ERKNS0_12OperationDefERKNS0_18SelectV2AttributesE
inference-engine-tflite	armv7l	inference-engine-tflite/usr/lib/libinference-engine-tflite.so	libtensorflow2-lite.a	serialization.cc.o	1	_ZNK6tflite9delegates18SerializationEntry7SetDataEP13TfLiteContextPKcj
inference-engine-tflite	armv7l	inference-engine-tflite/usr/lib/libinference-engine-tflite.so	libtensorflow2-lite.a	serialization_base.cc.o	14	_ZN6tflite3gpu6DecodeEPKNS0_4data12GPUOperationEPNS0_12GPUOperationE;_ZN6tflite3gpu6DecodeEPKNS0_4data12OperationDefEPNS0_12OperationDefE;_ZN6tflite3gpu6DecodeEPKNS0_4data16BufferDescriptorEPNS0_16BufferDescriptorE;_ZN6tflite3gpu6DecodeEPKNS0_4data16TensorDescriptorEPNS0_16TensorDescriptorE;_ZN6tflite3gpu6DecodeEPKNS0_4data19GPUObjectDescriptorEPNS0_19GPUObjectDescriptorE;_ZN6tflite3gpu6DecodeEPKNS0_4data9ArgumentsEPNS0_9ArgumentsE;_ZN6tflite3gpu6EncodeERKNS0_12GPUOperationEPN11flatbuffers21FlatBufferBuilderImplILb0EEE;_ZN6tflite3gpu6EncodeERKNS0_12OperationDefEPN11flatbuffers21FlatBufferBuilderImplILb0EEE;_ZN6tflite3gpu6EncodeERKNS0_16BufferDescriptorEPN11flatbuffers21FlatBufferBuilderImplILb0EEE;_ZN6tflite3gpu6EncodeERKNS0_16TensorDescriptorEPN11flatbuffers21FlatBufferBuilderImplILb0EEE;_ZN6tflite3gpu6EncodeERKNS0_19GPUObjectDescriptorEPN11flatbuffers21FlatBufferBuilderImplILb0EEE;_ZN6tflite3gpu6EncodeERKNS0_4Vec2IiEEPN11flatbuffers21FlatBufferBuilderImplILb0EEE;_ZN6tflite3gpu6EncodeERKNS0_4Vec3IiEEPN11flatbuffers21FlatBufferBuilderImplILb0EEE;_ZN6tflite3gpu6EncodeERKNS0_9ArgumentsEPN11flatbuffers21FlatBufferBuilderImplILb0EEE
inference-engine-tflite	armv7l	inference-engine-tflite/usr/lib/libinference-engine-tflite.so	libtensorflow2-lite.a	shape.cc.o	7	_ZN6tflite3gpu12GetAxisIndexENS0_6LayoutENS0_4AxisE;_ZN6tflite3gpu4SizeENS0_6LayoutE;_ZN6tflite3gpu7GetAxisENS0_6LayoutEi;_ZN6tflite3gpu7HasAxisENS0_6LayoutENS0_4AxisE;_ZN6tflite3ops7builtin14Register_SHAPEEv;_ZN6tflite3ops7builtin5shape4EvalEP13TfLiteContextP10TfLiteNode;_ZN6tflite3ops7builtin5shape7PrepareEP13TfLiteContextP10TfLiteNode
inference-engine-tflite	armv7l	inference-engine-tflite/usr/lib/libinference-engine-tflite.so	libtensorflow2-lite.a	sigmoid.c.o	1	xnn_define_sigmoid
inference-engine-tflite	armv7l	inference-engine-tflite/usr/lib/libinference-engine-tflite.so	libtensorflow2-lite.a	sign.cc.o	2	_ZN6tflite3ops7builtin13Register_SIGNEv;_ZN6tflite3ops7builtin4sign23PointwiseUnaryOpPrepareEP13TfLiteContextP10TfLiteNode
inference-engine-tflite	armv7l	inference-engine-tflite/usr/lib/libinference-engine-tflite.so	libtensorflow2-lite.a	signature_runner.cc.o	9	_ZN6tflite4impl15SignatureRunner12input_tensorEPKc;_ZN6tflite4impl15SignatureRunner20SetInputBufferHandleEPKciP14TfLiteDelegateb;_ZN6tflite4impl15SignatureRunner21SetOutputBufferHandleEPKciP14TfLiteDelegateb;_ZN6tflite4impl15SignatureRunner33SetCustomAllocationForInputTensorEPKcRK22TfLiteCustomAllocationx;_ZN6tflite4impl15SignatureRunner34SetCustomAllocationForOutputTensorEPKcRK22TfLiteCustomAllocationx;_ZN6tflite4impl15SignatureRunner6InvokeEv;_ZN6tflite4impl15SignatureRunnerC1EPKNS_8internal12SignatureDefEPNS_8SubgraphE;_ZN6tflite4impl15SignatureRunnerC2EPKNS_8internal12SignatureDefEPNS_8SubgraphE;_ZNK6tflite4impl15SignatureRunner13output_tensorEPKc
inference-engine-tflite	armv7l	inference-engine-tflite/usr/lib/libinference-engine-tflite.so	libtensorflow2-lite.a	simple_memory_arena.cc.o	10	_ZN6tflite17SimpleMemoryArena10PurgeAfterEi;_ZN6tflite17SimpleMemoryArena11ResetAllocsEv;_ZN6tflite17SimpleMemoryArena12ResolveAllocEP13TfLiteContextRKNS_27ArenaAllocWithUsageIntervalEPPc;_ZN6tflite17SimpleMemoryArena13ReleaseBufferEv;_ZN6tflite17SimpleMemoryArena17PurgeActiveAllocsEi;_ZN6tflite17SimpleMemoryArena6CommitEPb;_ZN6tflite17SimpleMemoryArena8AllocateEP13TfLiteContextjjiiiPNS_27ArenaAllocWithUsageIntervalE;_ZN6tflite17SimpleMemoryArena9ClearPlanEv;_ZN6tflite22ResizableAlignedBuffer6ResizeEj;_ZN6tflite22ResizableAlignedBuffer7ReleaseEv
inference-engine-tflite	armv7l	inference-engine-tflite/usr/lib/libinference-engine-tflite.so	libtensorflow2-lite.a	simple_selectors.cc.o	11	_ZN6tflite3gpu10SelectLSTMERKNS0_12OperationDefERKNS0_7GpuInfoE;_ZN6tflite3gpu10SelectReLUERKNS0_14ReLUAttributesERKNS0_12OperationDefE;_ZN6tflite3gpu10SelectTileERKNS0_12OperationDefERKNS0_11StrongShapeILNS0_6LayoutE10EEE;_ZN6tflite3gpu11SelectPReLUERKNS0_15PReLUAttributesERKNS0_7GpuInfoERKNS0_12OperationDefE;_ZN6tflite3gpu13SelectPoolingERKNS0_19Pooling2DAttributesERKNS0_7GpuInfoERKNS0_12OperationDefE;_ZN6tflite3gpu15SelectResamplerERKNS0_12OperationDefERKNS0_7GpuInfoE;_ZN6tflite3gpu18SelectMaxUnpoolingERKNS0_24MaxUnpooling2DAttributesERKNS0_7GpuInfoERKNS0_12OperationDefE;_ZN6tflite3gpu21SelectWinograd36To4x4ERKNS0_7GpuInfoERKNS0_12OperationDefERKNS0_6TensorINS0_11StrongShapeILNS0_6LayoutE2EEELNS0_8DataTypeE2EEE;_ZN6tflite3gpu21SelectWinograd4x4To36ERKNS0_7GpuInfoERKNS0_9Padding2DERKNS0_12OperationDefE;_ZN6tflite3gpu27SelectQuantizeAndDequantizeERKNS0_31QuantizeAndDequantizeAttributesERKNS0_12OperationDefE;_ZN6tflite3gpu33SelectDWConvolutionDynamicWeightsERKNS0_32DepthwiseConvolution2DAttributesERKNS0_7GpuInfoERKNS0_12OperationDefE
inference-engine-tflite	armv7l	inference-engine-tflite/usr/lib/libinference-engine-tflite.so	libtensorflow2-lite.a	skip_gram.cc.o	1	_ZN6tflite3ops7builtin18Register_SKIP_GRAMEv
inference-engine-tflite	armv7l	inference-engine-tflite/usr/lib/libinference-engine-tflite.so	libtensorflow2-lite.a	slice-nd.c.o	10	xnn_create_slice_nd_x16;xnn_create_slice_nd_x32;xnn_create_slice_nd_x8;xnn_reshape_slice_nd_x16;xnn_reshape_slice_nd_x32;xnn_reshape_slice_nd_x8;xnn_run_slice_nd_x32;xnn_setup_slice_nd_x16;xnn_setup_slice_nd_x32;xnn_setup_slice_nd_x8
inference-engine-tflite	armv7l	inference-engine-tflite/usr/lib/libinference-engine-tflite.so	libtensorflow2-lite.a	slice.cc.o	5	_ZN6tflite3ops7builtin14Register_SLICEEv;_ZN6tflite3ops7builtin18Register_SLICE_REFEv;_ZN6tflite3ops7builtin5slice12ShapeHasRankEPK14TfLiteIntArray;_ZN6tflite3ops7builtin5slice17ResizeOutputShapeEP13TfLiteContextPK12TfLiteTensorS7_S7_PS5_;_ZN6tflite3ops7builtin5slice7PrepareEP13TfLiteContextP10TfLiteNode
inference-engine-tflite	armv7l	inference-engine-tflite/usr/lib/libinference-engine-tflite.so	libtensorflow2-lite.a	softmax-nc.c.o	9	xnn_create_softmax_nc_f16;xnn_create_softmax_nc_f32;xnn_create_softmax_nc_qu8;xnn_reshape_softmax_nc_f16;xnn_reshape_softmax_nc_f32;xnn_reshape_softmax_nc_qu8;xnn_setup_softmax_nc_f16;xnn_setup_softmax_nc_f32;xnn_setup_softmax_nc_qu8
inference-engine-tflite	armv7l	inference-engine-tflite/usr/lib/libinference-engine-tflite.so	libtensorflow2-lite.a	softmax.c.o	1	xnn_define_softmax
inference-engine-tflite	armv7l	inference-engine-tflite/usr/lib/libinference-engine-tflite.so	libtensorflow2-lite.a	softmax.cc.o	1	_ZN6tflite3gpu13CreateSoftmaxERKNS0_12OperationDefERKNS0_7GpuInfoERKNS0_11StrongShapeILNS0_6LayoutE10EEE
inference-engine-tflite	armv7l	inference-engine-tflite/usr/lib/libinference-engine-tflite.so	libtensorflow2-lite.a	softmax1x1.cc.o	11	_ZN6tflite3gpu10Softmax1x113BindArgumentsEPNS0_15ArgumentsBinderE;_ZN6tflite3gpu10Softmax1x1C1EOS1_;_ZN6tflite3gpu10Softmax1x1C1ERKNS0_12OperationDefERKNS0_7GpuInfoERKNS0_11StrongShapeILNS0_6LayoutE10EEE;_ZN6tflite3gpu10Softmax1x1C2EOS1_;_ZN6tflite3gpu10Softmax1x1C2ERKNS0_12OperationDefERKNS0_7GpuInfoERKNS0_11StrongShapeILNS0_6LayoutE10EEE;_ZN6tflite3gpu10Softmax1x1aSEOS1_;_ZN6tflite3gpu16CreateSoftmax1x1ERKNS0_12OperationDefERKNS0_7GpuInfoERKNS0_11StrongShapeILNS0_6LayoutE10EEE;_ZNK6tflite3gpu10Softmax1x111GetGridSizeEv;_ZTIN6tflite3gpu10Softmax1x1E;_ZTSN6tflite3gpu10Softmax1x1E;_ZTVN6tflite3gpu10Softmax1x1E
inference-engine-tflite	armv7l	inference-engine-tflite/usr/lib/libinference-engine-tflite.so	libtensorflow2-lite.a	space-to-depth-2d.c.o	1	xnn_define_space_to_depth_2d
inference-engine-tflite	armv7l	inference-engine-tflite/usr/lib/libinference-engine-tflite.so	libtensorflow2-lite.a	space_to_batch_nd.cc.o	5	_ZN6tflite3ops7builtin17space_to_batch_nd18ResizeOutputTensorEP13TfLiteContextPNS2_21SpaceToBatchNDContextE;_ZN6tflite3ops7builtin17space_to_batch_nd7PrepareEP13TfLiteContextP10TfLiteNode;_ZN6tflite3ops7builtin26Register_SPACE_TO_BATCH_NDEv;_ZN6tflite3ops7builtin30Register_SPACE_TO_BATCH_ND_REFEv;_ZN6tflite3ops7builtin38Register_SPACE_TO_BATCH_ND_GENERIC_OPTEv
inference-engine-tflite	armv7l	inference-engine-tflite/usr/lib/libinference-engine-tflite.so	libtensorflow2-lite.a	space_to_depth.cc.o	6	_ZN6tflite3gpu18CreateDepthToSpaceERKNS0_12OperationDefERKNS0_22SpaceToDepthAttributesE;_ZN6tflite3gpu18CreateSpaceToDepthERKNS0_12OperationDefERKNS0_22SpaceToDepthAttributesE;_ZN6tflite3ops7builtin14space_to_depth7PrepareEP13TfLiteContextP10TfLiteNode;_ZN6tflite3ops7builtin23Register_SPACE_TO_DEPTHEv;_ZN6tflite3ops7builtin27Register_SPACE_TO_DEPTH_REFEv;_ZN6tflite3ops7builtin35Register_SPACE_TO_DEPTH_GENERIC_OPTEv
inference-engine-tflite	armv7l	inference-engine-tflite/usr/lib/libinference-engine-tflite.so	libtensorflow2-lite.a	sparse_to_dense.cc.o	5	_ZN6tflite3ops7builtin15sparse_to_dense17ResizeOutputShapeEP13TfLiteContextPK12TfLiteTensorPS5_;_ZN6tflite3ops7builtin15sparse_to_dense20CheckDimensionsMatchEP13TfLiteContextPK12TfLiteTensorS7_S7_;_ZN6tflite3ops7builtin15sparse_to_dense4EvalEP13TfLiteContextP10TfLiteNode;_ZN6tflite3ops7builtin15sparse_to_dense7PrepareEP13TfLiteContextP10TfLiteNode;_ZN6tflite3ops7builtin24Register_SPARSE_TO_DENSEEv
inference-engine-tflite	armv7l	inference-engine-tflite/usr/lib/libinference-engine-tflite.so	libtensorflow2-lite.a	spectrogram.cc.o	2	_ZN6tflite8internal11Spectrogram10InitializeEii;_ZN6tflite8internal11Spectrogram14ProcessCoreFFTEv
inference-engine-tflite	armv7l	inference-engine-tflite/usr/lib/libinference-engine-tflite.so	libtensorflow2-lite.a	spinlock.cc.o	8	_ZN4absl12lts_2023080213base_internal24RegisterSpinLockProfilerEPFvPKvxE;_ZN4absl12lts_2023080213base_internal8SpinLock10SlowUnlockEj;_ZN4absl12lts_2023080213base_internal8SpinLock16DecodeWaitCyclesEj;_ZN4absl12lts_2023080213base_internal8SpinLock16EncodeWaitCyclesExx;_ZN4absl12lts_2023080213base_internal8SpinLock8SlowLockEv;_ZN4absl12lts_2023080213base_internal8SpinLock8SpinLoopEv;_ZN4absl12lts_2023080213base_internal8SpinLockC1ENS1_14SchedulingModeE;_ZN4absl12lts_2023080213base_internal8SpinLockC2ENS1_14SchedulingModeE
inference-engine-tflite	armv7l	inference-engine-tflite/usr/lib/libinference-engine-tflite.so	libtensorflow2-lite.a	spinlock_wait.cc.o	1	_ZN4absl12lts_2023080213base_internal24SpinLockSuggestedDelayNSEi
inference-engine-tflite	armv7l	inference-engine-tflite/usr/lib/libinference-engine-tflite.so	libtensorflow2-lite.a	split.cc.o	9	_ZN6tflite3ops7builtin14Register_SPLITEv;_ZN6tflite3ops7builtin5split19ResizeOutputTensorsEP13TfLiteContextP10TfLiteNodePK12TfLiteTensorS9_i;_ZN6tflite3ops7builtin5split23UseDynamicOutputTensorsEP13TfLiteContextP10TfLiteNode;_ZN6tflite3ops7builtin5split4EvalEP13TfLiteContextP10TfLiteNode;_ZN6tflite3ops7builtin5split7PrepareEP13TfLiteContextP10TfLiteNode;_ZNK6tflite3gpu5Split11GetGridSizeEv;_ZTIN6tflite3gpu5SplitE;_ZTSN6tflite3gpu5SplitE;_ZTVN6tflite3gpu5SplitE
inference-engine-tflite	armv7l	inference-engine-tflite/usr/lib/libinference-engine-tflite.so	libtensorflow2-lite.a	split_v.cc.o	5	_ZN6tflite3ops7builtin16Register_SPLIT_VEv;_ZN6tflite3ops7builtin7split_v19ResizeOutputTensorsEP13TfLiteContextP10TfLiteNodePK12TfLiteTensorS9_S9_;_ZN6tflite3ops7builtin7split_v23UseDynamicOutputTensorsEP13TfLiteContextP10TfLiteNode;_ZN6tflite3ops7builtin7split_v4EvalEP13TfLiteContextP10TfLiteNode;_ZN6tflite3ops7builtin7split_v7PrepareEP13TfLiteContextP10TfLiteNode
inference-engine-tflite	armv7l	inference-engine-tflite/usr/lib/libinference-engine-tflite.so	libtensorflow2-lite.a	square-root.c.o	1	xnn_define_square_root
inference-engine-tflite	armv7l	inference-engine-tflite/usr/lib/libinference-engine-tflite.so	libtensorflow2-lite.a	square.c.o	1	xnn_define_square
inference-engine-tflite	armv7l	inference-engine-tflite/usr/lib/libinference-engine-tflite.so	libtensorflow2-lite.a	squared-difference.c.o	1	xnn_define_squared_difference
inference-engine-tflite	armv7l	inference-engine-tflite/usr/lib/libinference-engine-tflite.so	libtensorflow2-lite.a	squared_difference.cc.o	5	_ZN6tflite3ops7builtin18squared_difference4EvalEP13TfLiteContextP10TfLiteNode;_ZN6tflite3ops7builtin18squared_difference4FreeEP13TfLiteContextPv;_ZN6tflite3ops7builtin18squared_difference4InitEP13TfLiteContextPKcj;_ZN6tflite3ops7builtin18squared_difference7PrepareEP13TfLiteContextP10TfLiteNode;_ZN6tflite3ops7builtin27Register_SQUARED_DIFFERENCEEv
inference-engine-tflite	armv7l	inference-engine-tflite/usr/lib/libinference-engine-tflite.so	libtensorflow2-lite.a	squeeze.cc.o	3	_ZN6tflite3ops7builtin16Register_SQUEEZEEv;_ZN6tflite3ops7builtin7squeeze4EvalEP13TfLiteContextP10TfLiteNode;_ZN6tflite3ops7builtin7squeeze7PrepareEP13TfLiteContextP10TfLiteNode
inference-engine-tflite	armv7l	inference-engine-tflite/usr/lib/libinference-engine-tflite.so	libtensorflow2-lite.a	stablehlo_add.cc.o	1	_ZN6tflite3ops7builtin22Register_STABLEHLO_ADDEv
inference-engine-tflite	armv7l	inference-engine-tflite/usr/lib/libinference-engine-tflite.so	libtensorflow2-lite.a	stablehlo_and.cc.o	1	_ZN6tflite3ops7builtin22Register_STABLEHLO_ANDEv
inference-engine-tflite	armv7l	inference-engine-tflite/usr/lib/libinference-engine-tflite.so	libtensorflow2-lite.a	stablehlo_composite.cc.o	7	_ZN6tflite3ops7builtin19stablehlo_composite11Eval_staticEP13TfLiteContextP10TfLiteNodePNS_8SubgraphES8_;_ZN6tflite3ops7builtin19stablehlo_composite12Eval_dynamicEP13TfLiteContextP10TfLiteNodePNS_8SubgraphES8_;_ZN6tflite3ops7builtin19stablehlo_composite4EvalEP13TfLiteContextP10TfLiteNode;_ZN6tflite3ops7builtin19stablehlo_composite4FreeEP13TfLiteContextPv;_ZN6tflite3ops7builtin19stablehlo_composite4InitEP13TfLiteContextPKcj;_ZN6tflite3ops7builtin19stablehlo_composite7PrepareEP13TfLiteContextP10TfLiteNode;_ZN6tflite3ops7builtin28Register_STABLEHLO_COMPOSITEEv
inference-engine-tflite	armv7l	inference-engine-tflite/usr/lib/libinference-engine-tflite.so	libtensorflow2-lite.a	stablehlo_elementwise.cc.o	1	_ZN6tflite3ops7builtin18ElementwisePrepareEP13TfLiteContextP10TfLiteNode
inference-engine-tflite	armv7l	inference-engine-tflite/usr/lib/libinference-engine-tflite.so	libtensorflow2-lite.a	stablehlo_gather.cc.o	3	_ZN6tflite3ops7builtin16stablehlo_gather4EvalEP13TfLiteContextP10TfLiteNode;_ZN6tflite3ops7builtin16stablehlo_gather7PrepareEP13TfLiteContextP10TfLiteNode;_ZN6tflite3ops7builtin25Register_STABLEHLO_GATHEREv
inference-engine-tflite	armv7l	inference-engine-tflite/usr/lib/libinference-engine-tflite.so	libtensorflow2-lite.a	stablehlo_min_max.cc.o	2	_ZN6tflite3ops7builtin26Register_STABLEHLO_MAXIMUMEv;_ZN6tflite3ops7builtin26Register_STABLEHLO_MINIMUMEv
inference-engine-tflite	armv7l	inference-engine-tflite/usr/lib/libinference-engine-tflite.so	libtensorflow2-lite.a	stablehlo_multiply.cc.o	1	_ZN6tflite3ops7builtin27Register_STABLEHLO_MULTIPLYEv
inference-engine-tflite	armv7l	inference-engine-tflite/usr/lib/libinference-engine-tflite.so	libtensorflow2-lite.a	stablehlo_pad.cc.o	1	_ZN6tflite3ops7builtin22Register_STABLEHLO_PADEv
inference-engine-tflite	armv7l	inference-engine-tflite/usr/lib/libinference-engine-tflite.so	libtensorflow2-lite.a	stablehlo_reduce_window.cc.o	2	_ZN6tflite3ops7builtin22Register_REDUCE_WINDOWEv;_ZN6tflite3ops7builtin32Register_STABLEHLO_REDUCE_WINDOWEv
inference-engine-tflite	armv7l	inference-engine-tflite/usr/lib/libinference-engine-tflite.so	libtensorflow2-lite.a	stablehlo_scatter.cc.o	2	_ZN6tflite3ops7builtin17stablehlo_scatter4EvalEP13TfLiteContextP10TfLiteNode;_ZN6tflite3ops7builtin26Register_STABLEHLO_SCATTEREv
inference-engine-tflite	armv7l	inference-engine-tflite/usr/lib/libinference-engine-tflite.so	libtensorflow2-lite.a	stablehlo_shift_left.cc.o	1	_ZN6tflite3ops7builtin29Register_STABLEHLO_SHIFT_LEFTEv
inference-engine-tflite	armv7l	inference-engine-tflite/usr/lib/libinference-engine-tflite.so	libtensorflow2-lite.a	stacktrace.cc.o	7	_ZN4absl12lts_2023080213GetStackTraceEPPvii;_ZN4absl12lts_2023080214GetStackFramesEPPvPiii;_ZN4absl12lts_2023080216SetStackUnwinderEPFiPPvPiiiPKvS3_E;_ZN4absl12lts_2023080218debugging_internal22StackTraceWorksForTestEv;_ZN4absl12lts_2023080220DefaultStackUnwinderEPPvPiiiPKvS3_;_ZN4absl12lts_2023080224GetStackTraceWithContextEPPviiPKvPi;_ZN4absl12lts_2023080225GetStackFramesWithContextEPPvPiiiPKvS3_
inference-engine-tflite	armv7l	inference-engine-tflite/usr/lib/libinference-engine-tflite.so	libtensorflow2-lite.a	static-constant-pad.c.o	1	xnn_define_static_constant_pad
inference-engine-tflite	armv7l	inference-engine-tflite/usr/lib/libinference-engine-tflite.so	libtensorflow2-lite.a	static-mean.c.o	1	xnn_define_static_mean
inference-engine-tflite	armv7l	inference-engine-tflite/usr/lib/libinference-engine-tflite.so	libtensorflow2-lite.a	static-resize-bilinear-2d.c.o	1	xnn_define_static_resize_bilinear_2d
inference-engine-tflite	armv7l	inference-engine-tflite/usr/lib/libinference-engine-tflite.so	libtensorflow2-lite.a	static-slice.c.o	1	xnn_define_static_slice
inference-engine-tflite	armv7l	inference-engine-tflite/usr/lib/libinference-engine-tflite.so	libtensorflow2-lite.a	static-transpose.c.o	1	xnn_define_static_transpose
inference-engine-tflite	armv7l	inference-engine-tflite/usr/lib/libinference-engine-tflite.so	libtensorflow2-lite.a	static_hashtable.cc.o	1	_ZN6tflite8resource8internal21CreateStaticHashtableE10TfLiteTypeS2_
inference-engine-tflite	armv7l	inference-engine-tflite/usr/lib/libinference-engine-tflite.so	libtensorflow2-lite.a	status.cc.o	24	_ZN4absl12lts_2023080210IsDataLossERKNS0_6StatusE;_ZN4absl12lts_2023080210IsInternalERKNS0_6StatusE;_ZN4absl12lts_2023080210IsNotFoundERKNS0_6StatusE;_ZN4absl12lts_2023080211IsCancelledERKNS0_6StatusE;_ZN4absl12lts_2023080212IsOutOfRangeERKNS0_6StatusE;_ZN4absl12lts_2023080213IsUnavailableERKNS0_6StatusE;_ZN4absl12lts_2023080215IsAlreadyExistsERKNS0_6StatusE;_ZN4absl12lts_2023080215IsUnimplementedERKNS0_6StatusE;_ZN4absl12lts_2023080215status_internal14MapToLocalCodeEi;_ZN4absl12lts_2023080217ErrnoToStatusCodeEi;_ZN4absl12lts_2023080217IsInvalidArgumentERKNS0_6StatusE;_ZN4absl12lts_2023080217IsUnauthenticatedERKNS0_6StatusE;_ZN4absl12lts_2023080218IsDeadlineExceededERKNS0_6StatusE;_ZN4absl12lts_2023080218IsPermissionDeniedERKNS0_6StatusE;_ZN4absl12lts_2023080219IsResourceExhaustedERKNS0_6StatusE;_ZN4absl12lts_2023080219StatusMessageAsCStrERKNS0_6StatusE;_ZN4absl12lts_2023080220IsFailedPreconditionERKNS0_6StatusE;_ZN4absl12lts_202308026Status10EqualsSlowERKS1_S3_;_ZN4absl12lts_202308026Status15PrepareToModifyEv;_ZN4absl12lts_202308026Status15UnrefNonInlinedEj;_ZN4absl12lts_202308029IsAbortedERKNS0_6StatusE;_ZN4absl12lts_202308029IsUnknownERKNS0_6StatusE;_ZNK4absl12lts_202308026Status4codeEv;_ZNK4absl12lts_202308026Status8raw_codeEv
inference-engine-tflite	armv7l	inference-engine-tflite/usr/lib/libinference-engine-tflite.so	libtensorflow2-lite.a	stderr_reporter.cc.o	5	_ZN6tflite14StderrReporter6ReportEPKcSt9__va_list;_ZN6tflite20DefaultErrorReporterEv;_ZTIN6tflite14StderrReporterE;_ZTSN6tflite14StderrReporterE;_ZTVN6tflite14StderrReporterE
inference-engine-tflite	armv7l	inference-engine-tflite/usr/lib/libinference-engine-tflite.so	libtensorflow2-lite.a	str_split.cc.o	2	_ZN4absl12lts_202308028ByLengthC1Ei;_ZN4absl12lts_202308028ByLengthC2Ei
inference-engine-tflite	armv7l	inference-engine-tflite/usr/lib/libinference-engine-tflite.so	libtensorflow2-lite.a	strided_slice.cc.o	18	_ZN6tflite3gpu12StridedSlice13BindArgumentsEPNS0_15ArgumentsBinderE;_ZN6tflite3gpu12StridedSliceC1EOS1_;_ZN6tflite3gpu12StridedSliceC1ERKNS0_12OperationDefERKNS0_15SliceAttributesE;_ZN6tflite3gpu12StridedSliceC2EOS1_;_ZN6tflite3gpu12StridedSliceC2ERKNS0_12OperationDefERKNS0_15SliceAttributesE;_ZN6tflite3gpu12StridedSliceaSEOS1_;_ZN6tflite3gpu18CreateStridedSliceERKNS0_12OperationDefERKNS0_15SliceAttributesE;_ZN6tflite3ops7builtin13strided_slice18ResizeOutputTensorEP13TfLiteContextPNS2_19StridedSliceContextE;_ZN6tflite3ops7builtin13strided_slice23BuildStridedSliceParamsEPNS2_19StridedSliceContextEb;_ZN6tflite3ops7builtin13strided_slice4FreeEP13TfLiteContextPv;_ZN6tflite3ops7builtin13strided_slice4InitEP13TfLiteContextPKcj;_ZN6tflite3ops7builtin13strided_slice7PrepareEP13TfLiteContextP10TfLiteNode;_ZN6tflite3ops7builtin22Register_STRIDED_SLICEEv;_ZN6tflite3ops7builtin26Register_STRIDED_SLICE_REFEv;_ZNK6tflite3gpu12StridedSlice11GetGridSizeEv;_ZTIN6tflite3gpu12StridedSliceE;_ZTSN6tflite3gpu12StridedSliceE;_ZTVN6tflite3gpu12StridedSliceE
inference-engine-tflite	armv7l	inference-engine-tflite/usr/lib/libinference-engine-tflite.so	libtensorflow2-lite.a	string_util.cc.o	4	_ZN6tflite13DynamicBuffer13WriteToTensorEP12TfLiteTensorP14TfLiteIntArray;_ZN6tflite13DynamicBuffer21WriteToTensorAsVectorEP12TfLiteTensor;_ZN6tflite13DynamicBuffer9AddStringEPKcj;_ZN6tflite13DynamicBuffer9AddStringERKN4mlir3TFL9StringRefE
inference-engine-tflite	armv7l	inference-engine-tflite/usr/lib/libinference-engine-tflite.so	libtensorflow2-lite.a	string_utils.cc.o	2	_ZN4mlir3TFL19SimpleDynamicBuffer13WriteToBufferEPPc;_ZN4mlir3TFL19SimpleDynamicBuffer9AddStringEPKcj
inference-engine-tflite	armv7l	inference-engine-tflite/usr/lib/libinference-engine-tflite.so	libtensorflow2-lite.a	stringify_sink.cc.o	1	_ZN4absl12lts_2023080216strings_internal13StringifySink6AppendEjc
inference-engine-tflite	armv7l	inference-engine-tflite/usr/lib/libinference-engine-tflite.so	libtensorflow2-lite.a	sub.cc.o	9	_ZN6tflite3ops7builtin12Register_SUBEv;_ZN6tflite3ops7builtin16Register_SUB_REFEv;_ZN6tflite3ops7builtin21Register_SUB_NEON_OPTEv;_ZN6tflite3ops7builtin24Register_SUB_GENERIC_OPTEv;_ZN6tflite3ops7builtin3sub19PrepareGeneralSubOpEP13TfLiteContextPK12TfLiteTensorS7_PS5_P15TfLiteSubParamsPNS2_6OpDataE;_ZN6tflite3ops7builtin3sub20PrepareInt16SubOpPOTEP13TfLiteContextPK12TfLiteTensorS7_PS5_P15TfLiteSubParamsPNS2_6OpDataE;_ZN6tflite3ops7builtin3sub4FreeEP13TfLiteContextPv;_ZN6tflite3ops7builtin3sub4InitEP13TfLiteContextPKcj;_ZN6tflite3ops7builtin3sub7PrepareEP13TfLiteContextP10TfLiteNode
inference-engine-tflite	armv7l	inference-engine-tflite/usr/lib/libinference-engine-tflite.so	libtensorflow2-lite.a	subgraph.c.o	15	xnn_check_nchw_compatibility;xnn_create_subgraph;xnn_delete_subgraph;xnn_insert_clamp_node;xnn_node_clear;xnn_subgraph_add_nodes;xnn_subgraph_analyze_consumers_and_producers;xnn_subgraph_fusion;xnn_subgraph_new_internal_value;xnn_subgraph_new_node;xnn_subgraph_optimize;xnn_subgraph_rewrite_for_fp16;xnn_subgraph_rewrite_for_nchw;xnn_value_clear;xnn_value_copy
inference-engine-tflite	armv7l	inference-engine-tflite/usr/lib/libinference-engine-tflite.so	libtensorflow2-lite.a	subgraph.cc.o	83	_ZN6tflite3gpu21GPUOperationsSubgraph9AddTensorERKNS0_11StrongShapeILNS0_6LayoutE10EEERKNS0_16TensorDescriptorE;_ZN6tflite3gpu21GPUOperationsSubgraph9AddTensorERKNS0_11StrongShapeILNS0_6LayoutE7EEERKNS0_16TensorDescriptorE;_ZN6tflite3gpu21GPUOperationsSubgraph9AddTensorERKNS0_16TensorDescriptorE;_ZN6tflite8Subgraph10AddTensorsEP13TfLiteContextiPi;_ZN6tflite8Subgraph10AddTensorsEiPi;_ZN6tflite8Subgraph10InvokeImplEv;_ZN6tflite8Subgraph11CleanupNodeEi;_ZN6tflite8Subgraph11IsCancelledEv;_ZN6tflite8Subgraph11ReportErrorEPKcz;_ZN6tflite8Subgraph12HasDelegatesEv;_ZN6tflite8Subgraph12ReportErrorCEP13TfLiteContextPKcz;_ZN6tflite8Subgraph12ReserveNodesEi;_ZN6tflite8Subgraph12ResizeTensorEP13TfLiteContextP12TfLiteTensorP14TfLiteIntArray;_ZN6tflite8Subgraph13ReleaseMemoryEv;_ZN6tflite8Subgraph15AllocateTensorsEv;_ZN6tflite8Subgraph15CreateGraphInfoEv;_ZN6tflite8Subgraph15ReportErrorImplEPKcSt9__va_list;_ZN6tflite8Subgraph16GetExecutionPlanEP13TfLiteContextPP14TfLiteIntArray;_ZN6tflite8Subgraph16GetExecutionPlanEPP14TfLiteIntArray;_ZN6tflite8Subgraph16GetModelMetadataEPK13TfLiteContextPKcPS5_Pj;_ZN6tflite8Subgraph16GetModelMetadataEPKcPS2_Pj;_ZN6tflite8Subgraph16RedoAllDelegatesEv;_ZN6tflite8Subgraph16ResizeTensorImplEP12TfLiteTensorP14TfLiteIntArray;_ZN6tflite8Subgraph16UndoAllDelegatesEv;_ZN6tflite8Subgraph17ResizeInputTensorEiPKii;_ZN6tflite8Subgraph18CheckTensorIndicesEPKcPKii;_ZN6tflite8Subgraph18GetExternalContextE25TfLiteExternalContextType;_ZN6tflite8Subgraph18GetExternalContextEP13TfLiteContext25TfLiteExternalContextType;_ZN6tflite8Subgraph18RemoveAllDelegatesEv;_ZN6tflite8Subgraph18RemoveUnusedInputsEv;_ZN6tflite8Subgraph18SetExternalContextE25TfLiteExternalContextTypeP21TfLiteExternalContext;_ZN6tflite8Subgraph18SetExternalContextEP13TfLiteContext25TfLiteExternalContextTypeP21TfLiteExternalContext;_ZN6tflite8Subgraph19MayAllocateOpOutputEP10TfLiteNode;_ZN6tflite8Subgraph19SetBufferHandleImplEP13TfLiteContextP12TfLiteTensoriP14TfLiteDelegateb;_ZN6tflite8Subgraph20GetInputTensorsCountEv;_ZN6tflite8Subgraph20PrepareOpsAndTensorsEv;_ZN6tflite8Subgraph20ResetVariableTensorsEv;_ZN6tflite8Subgraph21SwitchToKernelContextEv;_ZN6tflite8Subgraph22AcquireSubgraphContextEP13TfLiteContextiPS2_;_ZN6tflite8Subgraph22AcquireSubgraphContextEiPP13TfLiteContext;_ZN6tflite8Subgraph22GetNodeAndRegistrationEP13TfLiteContextiPP10TfLiteNodePP18TfLiteRegistration;_ZN6tflite8Subgraph22GetNodeAndRegistrationEiPP10TfLiteNodePP18TfLiteRegistration;_ZN6tflite8Subgraph22ReleaseSubgraphContextEP13TfLiteContexti;_ZN6tflite8Subgraph22ReleaseSubgraphContextEi;_ZN6tflite8Subgraph23EnsureMemoryAllocationsEv;_ZN6tflite8Subgraph23ModifyGraphWithDelegateEP14TfLiteDelegate;_ZN6tflite8Subgraph23SetCancellationFunctionEPvPFbS1_E;_ZN6tflite8Subgraph23SwitchToDelegateContextEv;_ZN6tflite8Subgraph26EnsureTensorDataIsReadableEi;_ZN6tflite8Subgraph26InitializeTensorReleaseMapEv;_ZN6tflite8Subgraph26MaybeReleaseDynamicTensorsERK10TfLiteNodej;_ZN6tflite8Subgraph26ReleaseNonPersistentMemoryEv;_ZN6tflite8Subgraph27EnsureTensorsVectorCapacityEv;_ZN6tflite8Subgraph27ModifyGraphWithDelegateImplEP14TfLiteDelegate;_ZN6tflite8Subgraph27PreviewDelegatePartitioningEP13TfLiteContextPK14TfLiteIntArrayPP20TfLiteDelegateParamsPi;_ZN6tflite8Subgraph27PreviewDelegatePartitioningEPK14TfLiteIntArrayPP20TfLiteDelegateParamsPi;_ZN6tflite8Subgraph27SetTensorParametersReadOnlyEi10TfLiteTypePKcjPKi18TfLiteQuantizationS3_jPKNS_10AllocationEP14TfLiteSparsityj;_ZN6tflite8Subgraph28FreeDelegatePartitioningDataEv;_ZN6tflite8Subgraph28SetCustomAllocationForTensorEiRK22TfLiteCustomAllocationx;_ZN6tflite8Subgraph28SetTensorParametersReadWriteEi10TfLiteTypePKcjPKi18TfLiteQuantizationbjS5_;_ZN6tflite8Subgraph29CheckInputAndOutputForOverlapEPKiiS2_i;_ZN6tflite8Subgraph29OptimizeMemoryForLargeTensorsEi;_ZN6tflite8Subgraph33MarkSubgraphAsDelegationSkippableEi;_ZN6tflite8Subgraph37ReplaceNodeSubsetsWithDelegateKernelsE18TfLiteRegistrationPK14TfLiteIntArrayP14TfLiteDelegate;_ZN6tflite8Subgraph37ReplaceNodeSubsetsWithDelegateKernelsEP13TfLiteContext18TfLiteRegistrationPK14TfLiteIntArrayP14TfLiteDelegate;_ZN6tflite8Subgraph6CancelEv;_ZN6tflite8Subgraph6InvokeEv;_ZN6tflite8Subgraph6OpFreeERK18TfLiteRegistrationPv;_ZN6tflite8Subgraph6OpInitERK18TfLiteRegistrationPKcj;_ZN6tflite8Subgraph7SetNameEPKc;_ZN6tflite8Subgraph8OpInvokeERK18TfLiteRegistrationP10TfLiteNode;_ZN6tflite8Subgraph9OpPrepareERK18TfLiteRegistrationP10TfLiteNode;_ZN6tflite8SubgraphD0Ev;_ZN6tflite8SubgraphD1Ev;_ZN6tflite8SubgraphD2Ev;_ZNK6tflite8Subgraph16IsFullyDelegatedEv;_ZNK6tflite8Subgraph18GetMemoryAllocInfoEPNS0_17SubgraphAllocInfoE;_ZNK6tflite8Subgraph21OpMightHaveSideEffectEPK10TfLiteNodePK18TfLiteRegistration;_ZNK6tflite8Subgraph23GetNodeInitDataMmapInfoEPK10TfLiteNodePiPxS5_;_ZNK6tflite8Subgraph26DumpMemoryPlannerDebugInfoEv;_ZTIN6tflite8SubgraphE;_ZTSN6tflite8SubgraphE;_ZTVN6tflite8SubgraphE
inference-engine-tflite	armv7l	inference-engine-tflite/usr/lib/libinference-engine-tflite.so	libtensorflow2-lite.a	substitute.cc.o	6	_ZN4absl12lts_2023080219substitute_internal3ArgC1ENS0_3DecE;_ZN4absl12lts_2023080219substitute_internal3ArgC1ENS0_3HexE;_ZN4absl12lts_2023080219substitute_internal3ArgC1EPKv;_ZN4absl12lts_2023080219substitute_internal3ArgC2ENS0_3DecE;_ZN4absl12lts_2023080219substitute_internal3ArgC2ENS0_3HexE;_ZN4absl12lts_2023080219substitute_internal3ArgC2EPKv
inference-engine-tflite	armv7l	inference-engine-tflite/usr/lib/libinference-engine-tflite.so	libtensorflow2-lite.a	subtract.c.o	1	xnn_define_subtract
inference-engine-tflite	armv7l	inference-engine-tflite/usr/lib/libinference-engine-tflite.so	libtensorflow2-lite.a	svdf.cc.o	5	_ZN6tflite3ops7builtin13Register_SVDFEv;_ZN6tflite3ops7builtin4svdf4EvalEP13TfLiteContextP10TfLiteNode;_ZN6tflite3ops7builtin4svdf4FreeEP13TfLiteContextPv;_ZN6tflite3ops7builtin4svdf4InitEP13TfLiteContextPKcj;_ZN6tflite3ops7builtin4svdf7PrepareEP13TfLiteContextP10TfLiteNode
inference-engine-tflite	armv7l	inference-engine-tflite/usr/lib/libinference-engine-tflite.so	libtensorflow2-lite.a	sysinfo.cc.o	4	_ZN4absl12lts_2023080213base_internal12GetCachedTIDEv;_ZN4absl12lts_2023080213base_internal19NominalCPUFrequencyEv;_ZN4absl12lts_2023080213base_internal6GetTIDEv;_ZN4absl12lts_2023080213base_internal7NumCPUsEv
inference-engine-tflite	armv7l	inference-engine-tflite/usr/lib/libinference-engine-tflite.so	libtensorflow2-lite.a	system_aligned_alloc.cc.o	2	_ZN3ruy6detail17SystemAlignedFreeEPv;_ZN3ruy6detail18SystemAlignedAllocEi
inference-engine-tflite	armv7l	inference-engine-tflite/usr/lib/libinference-engine-tflite.so	libtensorflow2-lite.a	tanh.c.o	1	xnn_define_tanh
inference-engine-tflite	armv7l	inference-engine-tflite/usr/lib/libinference-engine-tflite.so	libtensorflow2-lite.a	task_internal.cc.o	11	_ZN19TfLiteExecutionTaskC1Ev;_ZN19TfLiteExecutionTaskC2Ev;_ZN6tflite5async13ExecutionTask15SetBufferHandleE12TfLiteIoTypePKci;_ZN6tflite5async13ExecutionTask15SetBufferHandleEii;_ZN6tflite5async13ExecutionTask18SetSynchronizationE12TfLiteIoTypePKcP21TfLiteSynchronization;_ZN6tflite5async13ExecutionTask18SetSynchronizationEiP21TfLiteSynchronization;_ZNK6tflite5async13ExecutionTask12GetTensorIdxE12TfLiteIoTypePKcPi;_ZNK6tflite5async13ExecutionTask15GetBufferHandleE12TfLiteIoTypePKc;_ZNK6tflite5async13ExecutionTask15GetBufferHandleEi;_ZNK6tflite5async13ExecutionTask18GetSynchronizationE12TfLiteIoTypePKc;_ZNK6tflite5async13ExecutionTask18GetSynchronizationEi
inference-engine-tflite	armv7l	inference-engine-tflite/usr/lib/libinference-engine-tflite.so	libtensorflow2-lite.a	telemetry.cc.o	6	_ZN6tflite9telemetry20TelemetryReportEventEP13TfLiteContextPKc12TfLiteStatus;_ZN6tflite9telemetry22TelemetryReportOpEventEP13TfLiteContextPKcxx12TfLiteStatus;_ZN6tflite9telemetry23TelemetryReportSettingsEP13TfLiteContextPKcPK34TfLiteTelemetryInterpreterSettings;_ZN6tflite9telemetry28TelemetryReportDelegateEventEP13TfLiteContextPKcNS0_15TelemetrySourceEj;_ZN6tflite9telemetry30TelemetryReportDelegateOpEventEP13TfLiteContextPKcxxNS0_15TelemetrySourceEj;_ZN6tflite9telemetry31TelemetryReportDelegateSettingsEP13TfLiteContextPKcNS0_15TelemetrySourceEPKv
inference-engine-tflite	armv7l	inference-engine-tflite/usr/lib/libinference-engine-tflite.so	libtensorflow2-lite.a	tensor.c.o	16	xnn_define_blockwise_quantized_tensor_value;xnn_define_channelwise_quantized_tensor_value;xnn_define_channelwise_quantized_tensor_value_v2;xnn_define_dynamically_quantized_tensor_value;xnn_define_quantized_tensor_value;xnn_define_tensor_value;xnn_shape_multiply_all_dims;xnn_shape_multiply_batch_dims;xnn_shape_multiply_leading_dims;xnn_shape_multiply_non_channel_dims;xnn_shape_multiply_trailing_dims;xnn_tensor_get_dynamic_quant_param_size;xnn_tensor_get_size;xnn_tensor_get_size_by_id;xnn_validate_channelwise_quantized_tensor;xnn_validate_quantized_tensor
inference-engine-tflite	armv7l	inference-engine-tflite/usr/lib/libinference-engine-tflite.so	libtensorflow2-lite.a	tensor.cc.o	23	_ZN6tflite3gpu2cl12CreateTensorERKNS1_9CLContextERKNS0_16TensorDescriptorEPNS1_6TensorE;_ZN6tflite3gpu2cl18CreateTensorSharedERKNS1_9CLContextEP7_cl_memRKNS0_16TensorDescriptorEPNS1_6TensorE;_ZN6tflite3gpu2cl20AllocateTensorMemoryERKNS1_9CLContextERKNS0_16TensorDescriptorEPNS1_8CLMemoryE;_ZN6tflite3gpu2cl31CreateTensorSharedImage2DBufferERKNS1_9CLContextEP7_cl_memRKNS0_16TensorDescriptorEiPNS1_6TensorE;_ZN6tflite3gpu2cl6Tensor20CreateFromDescriptorERKNS0_16TensorDescriptorEPNS1_9CLContextE;_ZN6tflite3gpu2cl6Tensor20UploadDescriptorDataERKNS0_16TensorDescriptorEPNS1_14CLCommandQueueE;_ZN6tflite3gpu2cl6Tensor7ReleaseEv;_ZN6tflite3gpu2cl6Tensor9WriteDataEPKvPNS1_14CLCommandQueueE;_ZN6tflite3gpu2cl6TensorC1EOS2_;_ZN6tflite3gpu2cl6TensorC1EP7_cl_membRKNS0_16TensorDescriptorE;_ZN6tflite3gpu2cl6TensorC1EP7_cl_membS4_RKNS0_16TensorDescriptorE;_ZN6tflite3gpu2cl6TensorC2EOS2_;_ZN6tflite3gpu2cl6TensorC2EP7_cl_membRKNS0_16TensorDescriptorE;_ZN6tflite3gpu2cl6TensorC2EP7_cl_membS4_RKNS0_16TensorDescriptorE;_ZN6tflite3gpu2cl6TensoraSEOS2_;_ZNK6tflite3gpu2cl6Tensor12GetMemoryPtrEv;_ZNK6tflite3gpu2cl6Tensor12ToDescriptorEPNS0_16TensorDescriptorEPNS1_14CLCommandQueueE;_ZNK6tflite3gpu2cl6Tensor15GetGPUResourcesEPKNS0_19GPUObjectDescriptorEPNS1_21GPUResourcesWithValueE;_ZNK6tflite3gpu2cl6Tensor22GetMemoryPtrForWritingEv;_ZNK6tflite3gpu2cl6Tensor8ReadDataEPvPNS1_14CLCommandQueueE;_ZTIN6tflite3gpu2cl6TensorE;_ZTSN6tflite3gpu2cl6TensorE;_ZTVN6tflite3gpu2cl6TensorE
inference-engine-tflite	armv7l	inference-engine-tflite/usr/lib/libinference-engine-tflite.so	libtensorflow2-lite.a	tensor_ctypes.cc.o	1	_ZN6tflite14GetTensorShapeEPK12TfLiteTensor
inference-engine-tflite	armv7l	inference-engine-tflite/usr/lib/libinference-engine-tflite.so	libtensorflow2-lite.a	tensor_desc.cc.o	27	_ZN6tflite3gpu16TensorDescriptor28UpdateToSupportedStorageTypeERKNS0_7GpuInfoERKNS0_11StrongShapeILNS0_6LayoutE10EEE;_ZN6tflite3gpu16TensorDescriptorC1EOS1_;_ZN6tflite3gpu16TensorDescriptorC2EOS1_;_ZN6tflite3gpu16TensorDescriptoraSEOS1_;_ZN6tflite3gpu25CreateHwcTensorDescriptorENS0_8DataTypeENS0_17TensorStorageTypeERKNS0_11StrongShapeILNS0_6LayoutE5EEE;_ZN6tflite3gpu26CreateBhwcTensorDescriptorENS0_8DataTypeENS0_17TensorStorageTypeERKNS0_11StrongShapeILNS0_6LayoutE10EEE;_ZN6tflite3gpu29GetStorageTypeForLinearTensorERKNS0_7GpuInfoENS0_8DataTypeERKNS0_11StrongShapeILNS0_6LayoutE2EEE;_ZN6tflite3gpu36CreateConstantHWVec4TensorDescriptorENS0_8DataTypeENS0_17TensorStorageTypeEiiPKh;_ZNK6tflite3gpu16TensorDescriptor14GetElementSizeEv;_ZNK6tflite3gpu16TensorDescriptor14GetLinearIndexERKNS0_11StrongShapeILNS0_6LayoutE12EEEiiiiii;_ZNK6tflite3gpu16TensorDescriptor14GetStorageDimsEv;_ZNK6tflite3gpu16TensorDescriptor15CopyWithoutDataEPS1_;_ZNK6tflite3gpu16TensorDescriptor15GetGPUResourcesERKNS0_7GpuInfoE;_ZNK6tflite3gpu16TensorDescriptor15GetGpuResourcesERKNS0_11StrongShapeILNS0_6LayoutE12EEEPNS0_28GenericGPUResourcesWithValueE;_ZNK6tflite3gpu16TensorDescriptor17SupportsZeroClampERKNS0_4AxisERKNS0_7GpuInfoE;_ZNK6tflite3gpu16TensorDescriptor18CanReadOutOfBorderERKNS0_4AxisE;_ZNK6tflite3gpu16TensorDescriptor19GetFullTensorRegionEv;_ZNK6tflite3gpu16TensorDescriptor20GetMemorySizeInBytesEv;_ZNK6tflite3gpu16TensorDescriptor22GetSizeInBytesForShapeERKNS0_11StrongShapeILNS0_6LayoutE12EEE;_ZNK6tflite3gpu16TensorDescriptor24CanCreateTensorWithShapeERKNS0_7GpuInfoERKNS0_11StrongShapeILNS0_6LayoutE10EEE;_ZNK6tflite3gpu16TensorDescriptor24CanCreateTensorWithShapeERKNS0_7GpuInfoERKNS0_11StrongShapeILNS0_6LayoutE12EEE;_ZNK6tflite3gpu16TensorDescriptor24ReturnsZeroForNegOneReadERKNS0_7GpuInfoE;_ZNK6tflite3gpu16TensorDescriptor7HasAxisENS0_4AxisE;_ZNK6tflite3gpu16TensorDescriptor8IsLinearEv;_ZTIN6tflite3gpu16TensorDescriptorE;_ZTSN6tflite3gpu16TensorDescriptorE;_ZTVN6tflite3gpu16TensorDescriptorE
inference-engine-tflite	armv7l	inference-engine-tflite/usr/lib/libinference-engine-tflite.so	libtensorflow2-lite.a	tensor_type_util.cc.o	3	_ZN6tflite3gpu2cl12ToDataLayoutENS0_17TensorStorageTypeE;_ZN6tflite3gpu2cl12ToObjectTypeENS0_17TensorStorageTypeE;_ZN6tflite3gpu2cl19ToTensorStorageTypeENS0_10ObjectTypeENS0_10DataLayoutE
inference-engine-tflite	armv7l	inference-engine-tflite/usr/lib/libinference-engine-tflite.so	libtensorflow2-lite.a	tensor_utils.cc.o	42	_ZN6tflite12tensor_utils10Sub1VectorEPKfiPf;_ZN6tflite12tensor_utils10Sub1VectorEPKsiPs;_ZN6tflite12tensor_utils12ApplySigmoidEPKsiiPs;_ZN6tflite12tensor_utils12IsZeroVectorEPKai;_ZN6tflite12tensor_utils12IsZeroVectorEPKfi;_ZN6tflite12tensor_utils13CwiseClippingEPaia;_ZN6tflite12tensor_utils13CwiseClippingEPfif;_ZN6tflite12tensor_utils13CwiseClippingEPsis;_ZN6tflite12tensor_utils14ApplyLayerNormEPKsS2_PKiiiiiiPs;_ZN6tflite12tensor_utils14ApplyTanhFloatEPKsiiiPs;_ZN6tflite12tensor_utils17ApplySigmoidFloatEPKsiiPs;_ZN6tflite12tensor_utils18ReductionSumVectorEPKaPiii;_ZN6tflite12tensor_utils18ReductionSumVectorEPKfPfii;_ZN6tflite12tensor_utils18ReductionSumVectorEPKiPiii;_ZN6tflite12tensor_utils19ApplyLayerNormFloatEPKsS2_iiPKiiiPs;_ZN6tflite12tensor_utils20TwoGateSaturatingAddEPKaaS2_aiiiiiiPs;_ZN6tflite12tensor_utils20VectorScalarMultiplyEPKaifPf;_ZN6tflite12tensor_utils22VectorVectorDotProductEPKfS2_i;_ZN6tflite12tensor_utils23MeanStddevNormalizationEPKfPfii;_ZN6tflite12tensor_utils23SymmetricQuantizeFloatsEPKfiPaPfS4_S4_;_ZN6tflite12tensor_utils23SymmetricQuantizeFloatsEPKfiPaffPf;_ZN6tflite12tensor_utils24AsymmetricQuantizeFloatsEPKfiPaPfPi;_ZN6tflite12tensor_utils25MatrixBatchVectorMultiplyEPKaiS2_iiiiiPaa;_ZN6tflite12tensor_utils25MatrixBatchVectorMultiplyEPKsPKaiiPKiiiiiPa;_ZN6tflite12tensor_utils30MatrixScalarMultiplyAccumulateEPKaiiiPi;_ZN6tflite12tensor_utils32BatchVectorBatchVectorDotProductEPKsS2_iiPi;_ZN6tflite12tensor_utils35MatrixBatchVectorMultiplyAccumulateEPKaPKiS2_iiiiiiPiPaPNS_17CpuBackendContextE;_ZN6tflite12tensor_utils35MatrixBatchVectorMultiplyAccumulateEPKaPKiS2_iiiiiiPiPsPNS_17CpuBackendContextE;_ZN6tflite12tensor_utils35MatrixBatchVectorMultiplyAccumulateEPKaiiS2_PKfiPf;_ZN6tflite12tensor_utils35MatrixBatchVectorMultiplyAccumulateEPKaiiS2_PKfiPfS4_PKiPiS8_PbPNS_17CpuBackendContextE;_ZN6tflite12tensor_utils35MatrixBatchVectorMultiplyAccumulateEPKaiiS2_PKfiPiPfPNS_17CpuBackendContextE;_ZN6tflite12tensor_utils35MatrixBatchVectorMultiplyAccumulateEPKfiiS2_iPf;_ZN6tflite12tensor_utils39VectorBatchVectorCwiseProductAccumulateEPKsiS2_iiiPs;_ZN6tflite12tensor_utils41SparseMatrixBatchVectorMultiplyAccumulateEPKaPKhiiS2_PKfiPfS6_;_ZN6tflite12tensor_utils41SparseMatrixBatchVectorMultiplyAccumulateEPKfPKhiiS2_iPf;_ZN6tflite12tensor_utils44SparseMatrixBatchVectorMultiplyAccumulate1x4EPKfPKiS4_iiS2_iPf;_ZN6tflite12tensor_utils45SparseMatrixBatchVectorMultiplyAccumulate1x16EPKaPKiS4_iiS2_S4_iiiiS4_S4_iiiPa;_ZN6tflite12tensor_utils8CwiseAddEPKsS2_iiPs;_ZN6tflite12tensor_utils8CwiseMulEPKsS2_iiiPs;_ZN6tflite12tensor_utils8CwiseMulEPKsS2_iiiiiPa;_ZN6tflite12tensor_utils9ApplyTanhEiPKsiiPs;_ZN6tflite19ResetVariableTensorEP12TfLiteTensor
inference-engine-tflite	armv7l	inference-engine-tflite/usr/lib/libinference-engine-tflite.so	libtensorflow2-lite.a	tflite_profile.cc.o	4	_ZN6tflite3gpu17GetTfLiteProfilerEv;_ZN6tflite3gpu17SetTfLiteProfilerEPv;_ZN6tflite3gpu22IsTfLiteProfilerActiveEv;_ZN6tflite3gpu23AddTfLiteProfilerEventsEPNS0_13ProfilingInfoE
inference-engine-tflite	armv7l	inference-engine-tflite/usr/lib/libinference-engine-tflite.so	libtensorflow2-lite.a	tflite_with_xnnpack_optional.cc.o	1	_ZN6tflite26MaybeCreateXNNPACKDelegateEP13TfLiteContextNS_17XNNPackQS8OptionsE
inference-engine-tflite	armv7l	inference-engine-tflite/usr/lib/libinference-engine-tflite.so	libtensorflow2-lite.a	thin_pointwise_fuser.cc.o	21	_ZN6tflite3gpu17GetNextLinearNodeERKNS0_12GraphFloat32Ej;_ZN6tflite3gpu18ThinPointwiseFuser10AddAddNodeEj;_ZN6tflite3gpu18ThinPointwiseFuser11AddReluNodeERKNS0_14ReLUAttributesE;_ZN6tflite3gpu18ThinPointwiseFuser11ReserveNodeERKNS0_7GpuInfoEPNS0_4NodeE;_ZN6tflite3gpu18ThinPointwiseFuser12AddPreluNodeERKNS0_15PReLUAttributesE;_ZN6tflite3gpu18ThinPointwiseFuser13AddConv2dDataERKNS0_23Convolution2DAttributesE;_ZN6tflite3gpu18ThinPointwiseFuser13AddConv2dNodeERKNS0_7GpuInfoERKNS0_23Convolution2DAttributesE;_ZN6tflite3gpu18ThinPointwiseFuser14AddConv1x1DataERKNS0_23Convolution2DAttributesE;_ZN6tflite3gpu18ThinPointwiseFuser14AddConv1x1NodeERKNS0_7GpuInfoERKNS0_23Convolution2DAttributesEb;_ZN6tflite3gpu18ThinPointwiseFuser18AddElementwiseNodeEONS0_21ElementwiseDescriptorE;_ZN6tflite3gpu18ThinPointwiseFuser20AddDepthwiseConvDataERKNS0_32DepthwiseConvolution2DAttributesE;_ZN6tflite3gpu18ThinPointwiseFuser20AddDepthwiseConvNodeERKNS0_7GpuInfoERKNS0_32DepthwiseConvolution2DAttributesE;_ZN6tflite3gpu18ThinPointwiseFuser24CreateConstantsGpuBufferERKNS0_7GpuInfoE;_ZN6tflite3gpu18ThinPointwiseFuser26AddElementwiseOneInputNodeERKNS0_7GpuInfoERKNS0_13OperationTypeE;_ZN6tflite3gpu18ThinPointwiseFuser7AddNodeERKNS0_7GpuInfoEi;_ZN6tflite3gpu18ThinPointwiseFuser8FinalizeERKNS0_7GpuInfoEPNS0_21GPUOperationsSubgraphE;_ZNK6tflite3gpu18ThinPointwiseFuser10IsConvNodeEPNS0_4NodeE;_ZNK6tflite3gpu18ThinPointwiseFuser12GetNodeFlopsEPNS0_4NodeE;_ZNK6tflite3gpu18ThinPointwiseFuser12IsDwConvNodeEPNS0_4NodeE;_ZNK6tflite3gpu18ThinPointwiseFuser15IsNodeSupportedERKNS0_7GpuInfoEPNS0_4NodeE;_ZNK6tflite3gpu18ThinPointwiseFuser17IsElementwiseNodeEPNS0_4NodeE
inference-engine-tflite	armv7l	inference-engine-tflite/usr/lib/libinference-engine-tflite.so	libtensorflow2-lite.a	thread_identity.cc.o	3	_ZN4absl12lts_2023080213base_internal24SetCurrentThreadIdentityEPNS1_14ThreadIdentityEPFvPvE;_ZN4absl12lts_2023080213base_internal26ClearCurrentThreadIdentityEv;_ZN4absl12lts_2023080213base_internal30CurrentThreadIdentityIfPresentEv
inference-engine-tflite	armv7l	inference-engine-tflite/usr/lib/libinference-engine-tflite.so	libtensorflow2-lite.a	thread_pool.cc.o	4	_ZN3ruy10ThreadPool11ExecuteImplEiiPNS_4TaskE;_ZN3ruy10ThreadPool13CreateThreadsEi;_ZN3ruy10ThreadPoolD1Ev;_ZN3ruy10ThreadPoolD2Ev
inference-engine-tflite	armv7l	inference-engine-tflite/usr/lib/libinference-engine-tflite.so	libtensorflow2-lite.a	throw_delegate.cc.o	11	_ZN4absl12lts_2023080213base_internal16ThrowStdBadAllocEv;_ZN4absl12lts_2023080213base_internal18ThrowStdLogicErrorEPKc;_ZN4absl12lts_2023080213base_internal18ThrowStdOutOfRangeEPKc;_ZN4absl12lts_2023080213base_internal18ThrowStdRangeErrorEPKc;_ZN4absl12lts_2023080213base_internal19ThrowStdDomainErrorEPKc;_ZN4absl12lts_2023080213base_internal19ThrowStdLengthErrorEPKc;_ZN4absl12lts_2023080213base_internal20ThrowStdRuntimeErrorEPKc;_ZN4absl12lts_2023080213base_internal21ThrowStdOverflowErrorEPKc;_ZN4absl12lts_2023080213base_internal22ThrowStdUnderflowErrorEPKc;_ZN4absl12lts_2023080213base_internal23ThrowStdBadFunctionCallEv;_ZN4absl12lts_2023080213base_internal23ThrowStdInvalidArgumentEPKc
inference-engine-tflite	armv7l	inference-engine-tflite/usr/lib/libinference-engine-tflite.so	libtensorflow2-lite.a	tile.cc.o	7	_ZN6tflite3gpu10CreateTileERKNS0_12OperationDefEi;_ZN6tflite3ops7builtin13Register_TILEEv;_ZN6tflite3ops7builtin4tile4EvalEP13TfLiteContextP10TfLiteNode;_ZN6tflite3ops7builtin4tile4FreeEP13TfLiteContextPv;_ZN6tflite3ops7builtin4tile4InitEP13TfLiteContextPKcj;_ZN6tflite3ops7builtin4tile7PrepareEP13TfLiteContextP10TfLiteNode;_ZN6tflite3ops7builtin4tile8EvalImplEP13TfLiteContextPK12TfLiteTensorS7_PS5_
inference-engine-tflite	armv7l	inference-engine-tflite/usr/lib/libinference-engine-tflite.so	libtensorflow2-lite.a	time.cc.o	22	_ZN4absl12lts_2023080210ToTimespecENS0_4TimeE;_ZN4absl12lts_2023080211ToUniversalENS0_4TimeE;_ZN4absl12lts_2023080211ToUnixNanosENS0_4TimeE;_ZN4absl12lts_2023080212ToChronoTimeENS0_4TimeE;_ZN4absl12lts_2023080212ToUnixMicrosENS0_4TimeE;_ZN4absl12lts_2023080212ToUnixMillisENS0_4TimeE;_ZN4absl12lts_2023080213FromUniversalEx;_ZN4absl12lts_2023080213ToUnixSecondsENS0_4TimeE;_ZN4absl12lts_2023080215ConvertDateTimeExiiiiiNS0_8TimeZoneE;_ZN4absl12lts_2023080215TimeFromTimevalE7timeval;_ZN4absl12lts_2023080216TimeFromTimespecE8timespec;_ZN4absl12lts_202308024ToTMENS0_4TimeENS0_8TimeZoneE;_ZN4absl12lts_202308026FromTMERK2tmNS0_8TimeZoneE;_ZN4absl12lts_202308027ToTimeTENS0_4TimeE;_ZN4absl12lts_202308027ToUDateENS0_4TimeE;_ZN4absl12lts_202308029FromUDateEd;_ZN4absl12lts_202308029ToTimevalENS0_4TimeE;_ZNK4absl12lts_202308024Time2InENS0_8TimeZoneE;_ZNK4absl12lts_202308028TimeZone14NextTransitionENS0_4TimeEPNS1_15CivilTransitionE;_ZNK4absl12lts_202308028TimeZone14PrevTransitionENS0_4TimeEPNS1_15CivilTransitionE;_ZNK4absl12lts_202308028TimeZone2AtENS0_13time_internal4cctz6detail10civil_timeINS2_10second_tagEEE;_ZNK4absl12lts_202308028TimeZone2AtENS0_4TimeE
inference-engine-tflite	armv7l	inference-engine-tflite/usr/lib/libinference-engine-tflite.so	libtensorflow2-lite.a	time_zone_if.cc.o	7	_ZN4absl12lts_2023080213time_internal4cctz10TimeZoneIf3UTCEv;_ZN4absl12lts_2023080213time_internal4cctz10TimeZoneIfD0Ev;_ZN4absl12lts_2023080213time_internal4cctz10TimeZoneIfD1Ev;_ZN4absl12lts_2023080213time_internal4cctz10TimeZoneIfD2Ev;_ZTIN4absl12lts_2023080213time_internal4cctz10TimeZoneIfE;_ZTSN4absl12lts_2023080213time_internal4cctz10TimeZoneIfE;_ZTVN4absl12lts_2023080213time_internal4cctz10TimeZoneIfE
inference-engine-tflite	armv7l	inference-engine-tflite/usr/lib/libinference-engine-tflite.so	libtensorflow2-lite.a	time_zone_impl.cc.o	5	_ZN4absl12lts_2023080213time_internal4cctz9time_zone4Impl24ClearTimeZoneMapTestOnlyEv;_ZN4absl12lts_2023080213time_internal4cctz9time_zone4Impl3UTCEv;_ZN4absl12lts_2023080213time_internal4cctz9time_zone4Impl7UTCImplEv;_ZN4absl12lts_2023080213time_internal4cctz9time_zone4ImplC1Ev;_ZN4absl12lts_2023080213time_internal4cctz9time_zone4ImplC2Ev
inference-engine-tflite	armv7l	inference-engine-tflite/usr/lib/libinference-engine-tflite.so	libtensorflow2-lite.a	time_zone_info.cc.o	11	_ZN4absl12lts_2023080213time_internal4cctz12TimeZoneInfo17ExtendTransitionsEv;_ZN4absl12lts_2023080213time_internal4cctz12TimeZoneInfo3UTCEv;_ZN4absl12lts_2023080213time_internal4cctz12TimeZoneInfo4LoadEPNS2_14ZoneInfoSourceE;_ZNK4absl12lts_2023080213time_internal4cctz12TimeZoneInfo16EquivTransitionsEhh;_ZNK4absl12lts_2023080213time_internal4cctz12TimeZoneInfo8MakeTimeERKNS2_6detail10civil_timeINS4_10second_tagEEE;_ZNK4absl12lts_2023080213time_internal4cctz12TimeZoneInfo9LocalTimeExRKNS2_10TransitionE;_ZNK4absl12lts_2023080213time_internal4cctz12TimeZoneInfo9LocalTimeExRKNS2_14TransitionTypeE;_ZNK4absl12lts_2023080213time_internal4cctz12TimeZoneInfo9TimeLocalERKNS2_6detail10civil_timeINS4_10second_tagEEEx;_ZTIN4absl12lts_2023080213time_internal4cctz12TimeZoneInfoE;_ZTSN4absl12lts_2023080213time_internal4cctz12TimeZoneInfoE;_ZTVN4absl12lts_2023080213time_internal4cctz12TimeZoneInfoE
inference-engine-tflite	armv7l	inference-engine-tflite/usr/lib/libinference-engine-tflite.so	libtensorflow2-lite.a	time_zone_libc.cc.o	4	_ZNK4absl12lts_2023080213time_internal4cctz12TimeZoneLibC8MakeTimeERKNS2_6detail10civil_timeINS4_10second_tagEEE;_ZTIN4absl12lts_2023080213time_internal4cctz12TimeZoneLibCE;_ZTSN4absl12lts_2023080213time_internal4cctz12TimeZoneLibCE;_ZTVN4absl12lts_2023080213time_internal4cctz12TimeZoneLibCE
inference-engine-tflite	armv7l	inference-engine-tflite/usr/lib/libinference-engine-tflite.so	libtensorflow2-lite.a	time_zone_lookup.cc.o	4	_ZN4absl12lts_2023080213time_internal4cctz13utc_time_zoneEv;_ZN4absl12lts_2023080213time_internal4cctz15local_time_zoneEv;_ZNK4absl12lts_2023080213time_internal4cctz9time_zone14effective_implEv;_ZNK4absl12lts_2023080213time_internal4cctz9time_zone6lookupERKNS2_6detail10civil_timeINS4_10second_tagEEE
inference-engine-tflite	armv7l	inference-engine-tflite/usr/lib/libinference-engine-tflite.so	libtensorflow2-lite.a	topk_v2.cc.o	3	_ZN6tflite3ops7builtin16Register_TOPK_V2Ev;_ZN6tflite3ops7builtin7topk_v24EvalEP13TfLiteContextP10TfLiteNode;_ZN6tflite3ops7builtin7topk_v27PrepareEP13TfLiteContextP10TfLiteNode
inference-engine-tflite	armv7l	inference-engine-tflite/usr/lib/libinference-engine-tflite.so	libtensorflow2-lite.a	transpose-nd.c.o	44	create_depth_to_space_nchw2nhwc;reshape_depth_to_space_nchw2nhwc;run_transpose_nd;setup_depth_to_space_nchw2nhwc;xnn_create_depth_to_space_nchw2nhwc_x16;xnn_create_depth_to_space_nchw2nhwc_x32;xnn_create_depth_to_space_nhwc_x16;xnn_create_depth_to_space_nhwc_x32;xnn_create_depth_to_space_nhwc_x8;xnn_create_space_to_depth_nhwc_x16;xnn_create_space_to_depth_nhwc_x32;xnn_create_space_to_depth_nhwc_x8;xnn_create_transpose_nd_x16;xnn_create_transpose_nd_x32;xnn_create_transpose_nd_x64;xnn_create_transpose_nd_x8;xnn_reshape_depth_to_space_nchw2nhwc_x16;xnn_reshape_depth_to_space_nchw2nhwc_x32;xnn_reshape_depth_to_space_nhwc_x16;xnn_reshape_depth_to_space_nhwc_x32;xnn_reshape_depth_to_space_nhwc_x8;xnn_reshape_space_to_depth_nhwc_x16;xnn_reshape_space_to_depth_nhwc_x32;xnn_reshape_space_to_depth_nhwc_x8;xnn_reshape_transpose_nd_x16;xnn_reshape_transpose_nd_x32;xnn_reshape_transpose_nd_x64;xnn_reshape_transpose_nd_x8;xnn_run_transpose_nd_x16;xnn_run_transpose_nd_x32;xnn_run_transpose_nd_x64;xnn_run_transpose_nd_x8;xnn_setup_depth_to_space_nchw2nhwc_x16;xnn_setup_depth_to_space_nchw2nhwc_x32;xnn_setup_depth_to_space_nhwc_x16;xnn_setup_depth_to_space_nhwc_x32;xnn_setup_depth_to_space_nhwc_x8;xnn_setup_space_to_depth_nhwc_x16;xnn_setup_space_to_depth_nhwc_x32;xnn_setup_space_to_depth_nhwc_x8;xnn_setup_transpose_nd_x16;xnn_setup_transpose_nd_x32;xnn_setup_transpose_nd_x64;xnn_setup_transpose_nd_x8
inference-engine-tflite	armv7l	inference-engine-tflite/usr/lib/libinference-engine-tflite.so	libtensorflow2-lite.a	transpose.cc.o	6	_ZN6tflite3gpu15CreateTransposeERKNS0_12OperationDefERKNS0_19TransposeAttributesE;_ZN6tflite3ops7builtin18Register_TRANSPOSEEv;_ZN6tflite3ops7builtin22Register_TRANSPOSE_REFEv;_ZN6tflite3ops7builtin36Register_TRANSPOSE_GENERIC_OPTIMIZEDEv;_ZN6tflite3ops7builtin9transpose18ResizeOutputTensorEP13TfLiteContextPNS2_16TransposeContextE;_ZN6tflite3ops7builtin9transpose7PrepareEP13TfLiteContextP10TfLiteNode
inference-engine-tflite	armv7l	inference-engine-tflite/usr/lib/libinference-engine-tflite.so	libtensorflow2-lite.a	transpose_conv.cc.o	9	_ZN6tflite3ops7builtin14transpose_conv10EvalHybridEP13TfLiteContextP10TfLiteNodePK25TfLiteTransposeConvParamsPNS2_6OpDataEPK12TfLiteTensorSE_SE_PSC_;_ZN6tflite3ops7builtin14transpose_conv12ResizeTensorEP13TfLiteContextPK12TfLiteTensorPS5_;_ZN6tflite3ops7builtin14transpose_conv18ResizeCol2ImTensorEP13TfLiteContextPK12TfLiteTensorS7_S7_PS5_;_ZN6tflite3ops7builtin14transpose_conv25ResizeAndTransposeWeightsEP13TfLiteContextPK12TfLiteTensorPS5_;_ZN6tflite3ops7builtin14transpose_conv4FreeEP13TfLiteContextPv;_ZN6tflite3ops7builtin14transpose_conv4InitEP13TfLiteContextPKcj;_ZN6tflite3ops7builtin23Register_TRANSPOSE_CONVEv;_ZN6tflite3ops7builtin26Register_TRANSPOSECONV_REFEv;_ZN6tflite3ops7builtin34Register_TRANSPOSECONV_GENERIC_OPTEv
inference-engine-tflite	armv7l	inference-engine-tflite/usr/lib/libinference-engine-tflite.so	libtensorflow2-lite.a	transpose_utils.cc.o	3	_ZN6tflite15transpose_utils23IsTranspose2DApplicableERKNS_15TransposeParamsERKNS_12RuntimeShapeEPiS7_;_ZN6tflite15transpose_utils23RemoveOneSizeDimensionsEPNS_12RuntimeShapeES2_PNS_15TransposeParamsE;_ZN6tflite15transpose_utils7FlattenERKNS_12RuntimeShapeES3_RKNS_15TransposeParamsEPS1_S7_PS4_
inference-engine-tflite	armv7l	inference-engine-tflite/usr/lib/libinference-engine-tflite.so	libtensorflow2-lite.a	trmul.cc.o	1	_ZN3ruy5TrMulEPNS_3CtxEPNS_11TrMulParamsE
inference-engine-tflite	armv7l	inference-engine-tflite/usr/lib/libinference-engine-tflite.so	libtensorflow2-lite.a	tune.cc.o	4	_ZN3ruy14TuningResolver10ResolveNowEPNS_7CpuInfoE;_ZN3ruy14TuningResolver7ResolveEPNS_7CpuInfoE;_ZN3ruy14TuningResolverC1Ev;_ZN3ruy14TuningResolverC2Ev
inference-engine-tflite	armv7l	inference-engine-tflite/usr/lib/libinference-engine-tflite.so	libtensorflow2-lite.a	unary-elementwise-nc.c.o	183	xnn_create_abs_nc_f16;xnn_create_abs_nc_f32;xnn_create_bankers_rounding_nc_f16;xnn_create_bankers_rounding_nc_f32;xnn_create_ceiling_nc_f16;xnn_create_ceiling_nc_f32;xnn_create_clamp_nc_f16;xnn_create_clamp_nc_f32;xnn_create_clamp_nc_s8;xnn_create_clamp_nc_u8;xnn_create_convert_nc_f16_f32;xnn_create_convert_nc_f16_qd8;xnn_create_convert_nc_f32_f16;xnn_create_convert_nc_f32_qd8;xnn_create_convert_nc_f32_qp8;xnn_create_convert_nc_f32_qs8;xnn_create_convert_nc_f32_qu8;xnn_create_convert_nc_qs16_qs8;xnn_create_convert_nc_qs8;xnn_create_convert_nc_qs8_f16;xnn_create_convert_nc_qs8_f32;xnn_create_convert_nc_qu8;xnn_create_convert_nc_qu8_f32;xnn_create_copy_nc_x16;xnn_create_copy_nc_x32;xnn_create_copy_nc_x8;xnn_create_elu_nc_f16;xnn_create_elu_nc_f32;xnn_create_exp_nc_f32;xnn_create_floor_nc_f16;xnn_create_floor_nc_f32;xnn_create_gelu_nc_f32;xnn_create_hardswish_nc_f16;xnn_create_hardswish_nc_f32;xnn_create_leaky_relu_nc_f16;xnn_create_leaky_relu_nc_f32;xnn_create_leaky_relu_nc_qs8;xnn_create_leaky_relu_nc_qu8;xnn_create_log_nc_f32;xnn_create_negate_nc_f16;xnn_create_negate_nc_f32;xnn_create_reciprocal_square_root_nc_f16;xnn_create_reciprocal_square_root_nc_f32;xnn_create_sigmoid_nc_f16;xnn_create_sigmoid_nc_f32;xnn_create_square_nc_f16;xnn_create_square_nc_f32;xnn_create_square_root_nc_f16;xnn_create_square_root_nc_f32;xnn_create_tanh_nc_f16;xnn_create_tanh_nc_f32;xnn_create_truncation_nc_f16;xnn_create_truncation_nc_f32;xnn_reshape_abs_nc_f16;xnn_reshape_abs_nc_f32;xnn_reshape_bankers_rounding_nc_f16;xnn_reshape_bankers_rounding_nc_f32;xnn_reshape_ceiling_nc_f16;xnn_reshape_ceiling_nc_f32;xnn_reshape_clamp_nc_f16;xnn_reshape_clamp_nc_f32;xnn_reshape_clamp_nc_s8;xnn_reshape_clamp_nc_u8;xnn_reshape_convert_nc_f16_f32;xnn_reshape_convert_nc_f16_qd8;xnn_reshape_convert_nc_f32_f16;xnn_reshape_convert_nc_f32_qd8;xnn_reshape_convert_nc_f32_qp8;xnn_reshape_convert_nc_f32_qs8;xnn_reshape_convert_nc_f32_qu8;xnn_reshape_convert_nc_qs16_qs8;xnn_reshape_convert_nc_qs8;xnn_reshape_convert_nc_qs8_f16;xnn_reshape_convert_nc_qs8_f32;xnn_reshape_convert_nc_qu8;xnn_reshape_convert_nc_qu8_f32;xnn_reshape_copy_nc_x16;xnn_reshape_copy_nc_x32;xnn_reshape_copy_nc_x8;xnn_reshape_elu_nc_f16;xnn_reshape_elu_nc_f32;xnn_reshape_exp_nc_f32;xnn_reshape_floor_nc_f16;xnn_reshape_floor_nc_f32;xnn_reshape_gelu_nc_f32;xnn_reshape_hardswish_nc_f16;xnn_reshape_hardswish_nc_f32;xnn_reshape_leaky_relu_nc_f16;xnn_reshape_leaky_relu_nc_f32;xnn_reshape_leaky_relu_nc_qs8;xnn_reshape_leaky_relu_nc_qu8;xnn_reshape_log_nc_f32;xnn_reshape_negate_nc_f16;xnn_reshape_negate_nc_f32;xnn_reshape_reciprocal_square_root_nc_f16;xnn_reshape_reciprocal_square_root_nc_f32;xnn_reshape_sigmoid_nc_f16;xnn_reshape_sigmoid_nc_f32;xnn_reshape_square_nc_f16;xnn_reshape_square_nc_f32;xnn_reshape_square_root_nc_f16;xnn_reshape_square_root_nc_f32;xnn_reshape_tanh_nc_f16;xnn_reshape_tanh_nc_f32;xnn_reshape_truncation_nc_f16;xnn_reshape_truncation_nc_f32;xnn_run_abs_nc_f32;xnn_run_bankers_rounding_nc_f32;xnn_run_ceiling_nc_f32;xnn_run_clamp_nc_f32;xnn_run_convert_nc_f16_f32;xnn_run_convert_nc_f32_f16;xnn_run_convert_nc_f32_qs8;xnn_run_convert_nc_f32_qu8;xnn_run_convert_nc_qs16_qs8;xnn_run_convert_nc_qs8_f32;xnn_run_convert_nc_qu8_f32;xnn_run_copy_nc_x32;xnn_run_elu_nc_f32;xnn_run_floor_nc_f32;xnn_run_gelu_nc_f32;xnn_run_hardswish_nc_f32;xnn_run_leaky_relu_nc_f32;xnn_run_negate_nc_f32;xnn_run_reciprocal_square_root_nc_f32;xnn_run_sigmoid_nc_f32;xnn_run_square_nc_f32;xnn_run_square_root_nc_f32;xnn_run_tanh_nc_f32;xnn_run_truncation_nc_f32;xnn_setup_abs_nc_f16;xnn_setup_abs_nc_f32;xnn_setup_bankers_rounding_nc_f16;xnn_setup_bankers_rounding_nc_f32;xnn_setup_ceiling_nc_f16;xnn_setup_ceiling_nc_f32;xnn_setup_clamp_nc_f16;xnn_setup_clamp_nc_f32;xnn_setup_clamp_nc_s8;xnn_setup_clamp_nc_u8;xnn_setup_convert_nc_f16_f32;xnn_setup_convert_nc_f16_qd8;xnn_setup_convert_nc_f32_f16;xnn_setup_convert_nc_f32_qd8;xnn_setup_convert_nc_f32_qp8;xnn_setup_convert_nc_f32_qs8;xnn_setup_convert_nc_f32_qu8;xnn_setup_convert_nc_qs16_qs8;xnn_setup_convert_nc_qs8;xnn_setup_convert_nc_qs8_f16;xnn_setup_convert_nc_qs8_f32;xnn_setup_convert_nc_qu8;xnn_setup_convert_nc_qu8_f32;xnn_setup_copy_nc_x16;xnn_setup_copy_nc_x32;xnn_setup_copy_nc_x8;xnn_setup_elu_nc_f16;xnn_setup_elu_nc_f32;xnn_setup_exp_nc_f32;xnn_setup_floor_nc_f16;xnn_setup_floor_nc_f32;xnn_setup_gelu_nc_f32;xnn_setup_hardswish_nc_f16;xnn_setup_hardswish_nc_f32;xnn_setup_leaky_relu_nc_f16;xnn_setup_leaky_relu_nc_f32;xnn_setup_leaky_relu_nc_qs8;xnn_setup_leaky_relu_nc_qu8;xnn_setup_log_nc_f32;xnn_setup_negate_nc_f16;xnn_setup_negate_nc_f32;xnn_setup_reciprocal_square_root_nc_f16;xnn_setup_reciprocal_square_root_nc_f32;xnn_setup_sigmoid_nc_f16;xnn_setup_sigmoid_nc_f32;xnn_setup_square_nc_f16;xnn_setup_square_nc_f32;xnn_setup_square_root_nc_f16;xnn_setup_square_root_nc_f32;xnn_setup_tanh_nc_f16;xnn_setup_tanh_nc_f32;xnn_setup_truncation_nc_f16;xnn_setup_truncation_nc_f32
inference-engine-tflite	armv7l	inference-engine-tflite/usr/lib/libinference-engine-tflite.so	libtensorflow2-lite.a	unidirectional_sequence_lstm.cc.o	6	_ZN6tflite3ops7builtin28unidirectional_sequence_lstm26CheckInputTensorDimensionsEP13TfLiteContextP10TfLiteNodeiiibb;_ZN6tflite3ops7builtin28unidirectional_sequence_lstm4EvalEP13TfLiteContextP10TfLiteNode;_ZN6tflite3ops7builtin28unidirectional_sequence_lstm4FreeEP13TfLiteContextPv;_ZN6tflite3ops7builtin28unidirectional_sequence_lstm4InitEP13TfLiteContextPKcj;_ZN6tflite3ops7builtin28unidirectional_sequence_lstm7PrepareEP13TfLiteContextP10TfLiteNode;_ZN6tflite3ops7builtin37Register_UNIDIRECTIONAL_SEQUENCE_LSTMEv
inference-engine-tflite	armv7l	inference-engine-tflite/usr/lib/libinference-engine-tflite.so	libtensorflow2-lite.a	unidirectional_sequence_rnn.cc.o	7	_ZN6tflite3ops7builtin27unidirectional_sequence_rnn10EvalHybridEPK12TfLiteTensorS5_S5_S5_PK23TfLiteSequenceRNNParamsPS3_S9_S9_S9_S9_S9_S9_S9_Pb;_ZN6tflite3ops7builtin27unidirectional_sequence_rnn4EvalEP13TfLiteContextP10TfLiteNode;_ZN6tflite3ops7builtin27unidirectional_sequence_rnn4FreeEP13TfLiteContextPv;_ZN6tflite3ops7builtin27unidirectional_sequence_rnn4InitEP13TfLiteContextPKcj;_ZN6tflite3ops7builtin27unidirectional_sequence_rnn7PrepareEP13TfLiteContextP10TfLiteNode;_ZN6tflite3ops7builtin27unidirectional_sequence_rnn9EvalFloatEPK12TfLiteTensorS5_S5_S5_PK23TfLiteSequenceRNNParamsPS3_S9_;_ZN6tflite3ops7builtin36Register_UNIDIRECTIONAL_SEQUENCE_RNNEv
inference-engine-tflite	armv7l	inference-engine-tflite/usr/lib/libinference-engine-tflite.so	libtensorflow2-lite.a	unique.cc.o	5	_ZN6tflite3ops7builtin15Register_UNIQUEEv;_ZN6tflite3ops7builtin6unique4EvalEP13TfLiteContextP10TfLiteNode;_ZN6tflite3ops7builtin6unique4FreeEP13TfLiteContextPv;_ZN6tflite3ops7builtin6unique4InitEP13TfLiteContextPKcj;_ZN6tflite3ops7builtin6unique7PrepareEP13TfLiteContextP10TfLiteNode
inference-engine-tflite	armv7l	inference-engine-tflite/usr/lib/libinference-engine-tflite.so	libtensorflow2-lite.a	unpack.cc.o	1	_ZN6tflite3ops7builtin15Register_UNPACKEv
inference-engine-tflite	armv7l	inference-engine-tflite/usr/lib/libinference-engine-tflite.so	libtensorflow2-lite.a	unpooling-2d.c.o	1	xnn_define_unpooling_2d
inference-engine-tflite	armv7l	inference-engine-tflite/usr/lib/libinference-engine-tflite.so	libtensorflow2-lite.a	unpooling-nhwc.c.o	3	xnn_create_unpooling2d_nhwc_x32;xnn_reshape_unpooling2d_nhwc_x32;xnn_setup_unpooling2d_nhwc_x32
inference-engine-tflite	armv7l	inference-engine-tflite/usr/lib/libinference-engine-tflite.so	libtensorflow2-lite.a	unsorted_segment.cc.o	11	_ZN6tflite3ops7builtin16unsorted_segment11EvalGenericEP13TfLiteContextP10TfLiteNodeNS2_11SegmentTypeE;_ZN6tflite3ops7builtin16unsorted_segment18ResizeOutputTensorEP13TfLiteContextPK12TfLiteTensorS7_S7_PS5_;_ZN6tflite3ops7builtin16unsorted_segment7EvalMaxEP13TfLiteContextP10TfLiteNode;_ZN6tflite3ops7builtin16unsorted_segment7EvalMinEP13TfLiteContextP10TfLiteNode;_ZN6tflite3ops7builtin16unsorted_segment7EvalSumEP13TfLiteContextP10TfLiteNode;_ZN6tflite3ops7builtin16unsorted_segment7PrepareEP13TfLiteContextP10TfLiteNode;_ZN6tflite3ops7builtin16unsorted_segment8EvalProdEP13TfLiteContextP10TfLiteNode;_ZN6tflite3ops7builtin29Register_UNSORTED_SEGMENT_MAXEv;_ZN6tflite3ops7builtin29Register_UNSORTED_SEGMENT_MINEv;_ZN6tflite3ops7builtin29Register_UNSORTED_SEGMENT_SUMEv;_ZN6tflite3ops7builtin30Register_UNSORTED_SEGMENT_PRODEv
inference-engine-tflite	armv7l	inference-engine-tflite/usr/lib/libinference-engine-tflite.so	libtensorflow2-lite.a	utf8.cc.o	1	_ZN4absl12lts_2023080216strings_internal14EncodeUTF8CharEPcDi
inference-engine-tflite	armv7l	inference-engine-tflite/usr/lib/libinference-engine-tflite.so	libtensorflow2-lite.a	util.cc.o	20	_ZN6tflite13BytesRequiredE10TfLiteTypePKijPjP13TfLiteContext;_ZN6tflite13CombineHashesESt16initializer_listIjE;_ZN6tflite13GetSizeOfTypeEP13TfLiteContext10TfLiteTypePj;_ZN6tflite17BuildTfLiteTensorEv;_ZN6tflite20IsUnresolvedCustomOpERK18TfLiteRegistration;_ZN6tflite20IsValidationSubgraphEPKc;_ZN6tflite24CreateUnresolvedCustomOpEPKc;_ZN6tflite24MultiplyAndCheckOverflowEjjPj;_ZN6tflite27EqualArrayAndTfLiteIntArrayEPK14TfLiteIntArrayiPKi;_ZN6tflite28ConvertArrayToTfLiteIntArrayEiPKi;_ZN6tflite3gpu18GetWorkGroupsCountERKNS0_4Vec3IiEES4_;_ZN6tflite3gpu19GetMaskForLastPlaneEi;_ZN6tflite3gpu2cl14CreateCLBufferEP11_cl_contextibPvPP7_cl_mem;_ZN6tflite3gpu2cl15OpenCLSupportedEv;_ZN6tflite3gpu2cl17CreateCLSubBufferEP11_cl_contextP7_cl_memjjbPS5_;_ZN6tflite3gpu2cl17CreateRGBAImage2DEP11_cl_contextiijPvPP7_cl_mem;_ZN6tflite3gpu2cl24ChannelTypeToSizeInBytesEj;_ZN6tflite3gpu2cl27CreateQcomConvolutionFilterEP11_cl_contextiiPP7_cl_memPKv;_ZN6tflite3gpu30GetRecommendedBlockSizeForConvERKNS0_7GpuInfoENS0_21CalculationsPrecisionEi;_ZN6tflite8IsFlexOpEPKc
inference-engine-tflite	armv7l	inference-engine-tflite/usr/lib/libinference-engine-tflite.so	libtensorflow2-lite.a	util.cpp.o	9	_ZN11flatbuffers10FileExistsEPKc;_ZN11flatbuffers13ClassicLocale9instance_E;_ZN11flatbuffers13ClassicLocaleC1Ev;_ZN11flatbuffers13ClassicLocaleC2Ev;_ZN11flatbuffers13ClassicLocaleD1Ev;_ZN11flatbuffers13ClassicLocaleD2Ev;_ZN11flatbuffers21SetFileExistsFunctionEPFbPKcE;_ZN11flatbuffers8SaveFileEPKcS1_jb;_ZN11flatbuffers9DirExistsEPKc
inference-engine-tflite	armv7l	inference-engine-tflite/usr/lib/libinference-engine-tflite.so	libtensorflow2-lite.a	utils.cc.o	13	_ZN6tflite9delegates20GraphPartitionHelper37GetNodesOfFirstNLargestPartitionsImplEii;_ZN6tflite9delegates22AcquireSubgraphContextEPK13TfLiteContextiPPS1_;_ZN6tflite9delegates22ReleaseSubgraphContextEPK13TfLiteContexti;_ZN6tflite9delegates24FP16GraphPartitionHelper37GetNodesOfFirstNLargestPartitionsImplEii;_ZN6tflite9delegates32CreateNewTensorWithDifferentTypeEP13TfLiteContexti10TfLiteTypePP12TfLiteTensorPi;_ZN6tflite9delegates33MarkSubgraphAsDelegationSkippableEPK13TfLiteContexti;_ZNK6tflite9delegates20GraphPartitionHelper26GetFirstNLargestPartitionsEii;_ZTIN6tflite9delegates20GraphPartitionHelperE;_ZTIN6tflite9delegates24FP16GraphPartitionHelperE;_ZTSN6tflite9delegates20GraphPartitionHelperE;_ZTSN6tflite9delegates24FP16GraphPartitionHelperE;_ZTVN6tflite9delegates20GraphPartitionHelperE;_ZTVN6tflite9delegates24FP16GraphPartitionHelperE
inference-engine-tflite	armv7l	inference-engine-tflite/usr/lib/libinference-engine-tflite.so	libtensorflow2-lite.a	validation.c.o	12	xnn_subgraph_check_batch_dims_match;xnn_subgraph_check_datatype_matches;xnn_subgraph_check_datatype_matches_two_inputs;xnn_subgraph_check_input_node_id;xnn_subgraph_check_input_type_dense;xnn_subgraph_check_nth_input_node_id;xnn_subgraph_check_nth_input_type_dense;xnn_subgraph_check_output_min_max;xnn_subgraph_check_output_node_id;xnn_subgraph_check_output_type_dense;xnn_subgraph_check_quantization_parameter_matches;xnn_subgraph_check_xnnpack_initialized
inference-engine-tflite	armv7l	inference-engine-tflite/usr/lib/libinference-engine-tflite.so	libtensorflow2-lite.a	var_handle.cc.o	5	_ZN6tflite3ops7builtin10var_handle4EvalEP13TfLiteContextP10TfLiteNode;_ZN6tflite3ops7builtin10var_handle4FreeEP13TfLiteContextPv;_ZN6tflite3ops7builtin10var_handle4InitEP13TfLiteContextPKcj;_ZN6tflite3ops7builtin10var_handle7PrepareEP13TfLiteContextP10TfLiteNode;_ZN6tflite3ops7builtin19Register_VAR_HANDLEEv
inference-engine-tflite	armv7l	inference-engine-tflite/usr/lib/libinference-engine-tflite.so	libtensorflow2-lite.a	waiter_base.cc.o	1	_ZN4absl12lts_2023080224synchronization_internal10WaiterBase15MaybeBecomeIdleEv
inference-engine-tflite	armv7l	inference-engine-tflite/usr/lib/libinference-engine-tflite.so	libtensorflow2-lite.a	weight_cache.cc.o	42	_ZN6tflite7xnnpack10MMapHandle3MapEPKcj;_ZN6tflite7xnnpack10MMapHandle3MapERKNS0_14FileDescriptorEjPKc;_ZN6tflite7xnnpack10MMapHandle5UnMapEv;_ZN6tflite7xnnpack10MMapHandle6ResizeEj;_ZN6tflite7xnnpack10MMapHandleC1EOS1_;_ZN6tflite7xnnpack10MMapHandleC2EOS1_;_ZN6tflite7xnnpack10MMapHandleD1Ev;_ZN6tflite7xnnpack10MMapHandleD2Ev;_ZN6tflite7xnnpack10MMapHandleaSEOS1_;_ZN6tflite7xnnpack18WeightCacheBuilder13StopBuildStepEv;_ZN6tflite7xnnpack18WeightCacheBuilder14StartBuildStepEv;_ZN6tflite7xnnpack18WeightCacheBuilder5ResetEv;_ZN6tflite7xnnpack18WeightCacheBuilder5StartEPKc;_ZN6tflite7xnnpack18WeightCacheBuilder6AppendENS0_14PackIdentifierEPKvy;_ZN6tflite7xnnpack18WeightCacheBuilder7ReserveEj;_ZN6tflite7xnnpack18WeightCacheBuilderC1EOS1_;_ZN6tflite7xnnpack18WeightCacheBuilderC2EOS1_;_ZN6tflite7xnnpack18WeightCacheBuilderaSEOS1_;_ZN6tflite7xnnpack23MMapWeightCacheProvider10StartBuildEPKc;_ZN6tflite7xnnpack23MMapWeightCacheProvider11SetFilePathEPKc;_ZN6tflite7xnnpack23MMapWeightCacheProvider12OffsetToAddrEj;_ZN6tflite7xnnpack23MMapWeightCacheProvider12ReserveSpaceEj;_ZN6tflite7xnnpack23MMapWeightCacheProvider12delete_cacheEPv;_ZN6tflite7xnnpack23MMapWeightCacheProvider12is_finalizedEPv;_ZN6tflite7xnnpack23MMapWeightCacheProvider13StopBuildStepEv;_ZN6tflite7xnnpack23MMapWeightCacheProvider13reserve_spaceEPvj;_ZN6tflite7xnnpack23MMapWeightCacheProvider14LookUpOrInsertEPK29xnn_weights_cache_look_up_keyPvj;_ZN6tflite7xnnpack23MMapWeightCacheProvider14StartBuildStepEv;_ZN6tflite7xnnpack23MMapWeightCacheProvider14offset_to_addrEPvj;_ZN6tflite7xnnpack23MMapWeightCacheProvider15RemapDataBufferEPKvS3_;_ZN6tflite7xnnpack23MMapWeightCacheProvider16LoadOrStartBuildEPKc;_ZN6tflite7xnnpack23MMapWeightCacheProvider17LoadLastBuildStepEv;_ZN6tflite7xnnpack23MMapWeightCacheProvider17look_up_or_insertEPvPK29xnn_weights_cache_look_up_keyS2_j;_ZN6tflite7xnnpack23MMapWeightCacheProvider19BuildPackIdentifierERK29xnn_weights_cache_look_up_key;_ZN6tflite7xnnpack23MMapWeightCacheProvider4LoadEv;_ZN6tflite7xnnpack23MMapWeightCacheProvider6LookUpEPK29xnn_weights_cache_look_up_key;_ZN6tflite7xnnpack23MMapWeightCacheProvider7ReleaseEv;_ZN6tflite7xnnpack23MMapWeightCacheProvider7look_upEPvPK29xnn_weights_cache_look_up_key;_ZN6tflite7xnnpack23MMapWeightCacheProviderC1EOS1_;_ZN6tflite7xnnpack23MMapWeightCacheProviderC2EOS1_;_ZN6tflite7xnnpack23MMapWeightCacheProvideraSEOS1_;_ZN6tflite7xnnpack4swapERNS0_10MMapHandleES2_
inference-engine-tflite	armv7l	inference-engine-tflite/usr/lib/libinference-engine-tflite.so	libtensorflow2-lite.a	weights_conversion.cc.o	6	_ZN6tflite3gpu16RearrangeWeightsERKNS0_6TensorINS0_11StrongShapeILNS0_6LayoutE14EEELNS0_8DataTypeE2EEERKNS0_18WeightsDescriptionEN4absl12lts_202308024SpanIhEE;_ZN6tflite3gpu16RearrangeWeightsERKNS0_6TensorINS0_11StrongShapeILNS0_6LayoutE7EEELNS0_8DataTypeE2EEERKNS0_18WeightsDescriptionEN4absl12lts_202308024SpanIhEE;_ZN6tflite3gpu17Get2dResourceSizeERKNS0_18WeightsDescriptionERKNS0_11StrongShapeILNS0_6LayoutE14EEE;_ZN6tflite3gpu17Get2dResourceSizeERKNS0_18WeightsDescriptionERKNS0_11StrongShapeILNS0_6LayoutE7EEE;_ZN6tflite3gpu30GetTotalElementsCountForLayoutERKNS0_18WeightsDescriptionERKNS0_11StrongShapeILNS0_6LayoutE14EEE;_ZN6tflite3gpu30GetTotalElementsCountForLayoutERKNS0_18WeightsDescriptionERKNS0_11StrongShapeILNS0_6LayoutE7EEE
inference-engine-tflite	armv7l	inference-engine-tflite/usr/lib/libinference-engine-tflite.so	libtensorflow2-lite.a	weights_layout.cc.o	5	_ZNK6tflite3gpu18WeightsDescription15IsCustomSpatialEv;_ZNK6tflite3gpu18WeightsDescription18GetOutputGroupSizeEv;_ZNK6tflite3gpu18WeightsDescription6IsI4O4Ev;_ZNK6tflite3gpu18WeightsDescription6IsO4I4Ev;_ZNK6tflite3gpu18WeightsDescriptioneqERKS1_
inference-engine-tflite	armv7l	inference-engine-tflite/usr/lib/libinference-engine-tflite.so	libtensorflow2-lite.a	where.cc.o	3	_ZN6tflite3ops7builtin14Register_WHEREEv;_ZN6tflite3ops7builtin5where4EvalEP13TfLiteContextP10TfLiteNode;_ZN6tflite3ops7builtin5where7PrepareEP13TfLiteContextP10TfLiteNode
inference-engine-tflite	armv7l	inference-engine-tflite/usr/lib/libinference-engine-tflite.so	libtensorflow2-lite.a	while.cc.o	10	_ZN6tflite3ops7builtin12while_kernel11Eval_staticEP13TfLiteContextP10TfLiteNode;_ZN6tflite3ops7builtin12while_kernel12Eval_dynamicEP13TfLiteContextP10TfLiteNode;_ZN6tflite3ops7builtin12while_kernel12Prepare_implEP13TfLiteContextP10TfLiteNode;_ZN6tflite3ops7builtin12while_kernel18Eval_cond_subgraphEP13TfLiteContextPNS_8SubgraphEbPb;_ZN6tflite3ops7builtin12while_kernel22SetupUnconsumedOutputsEPK10TfLiteNodePKNS2_6OpDataEPNS_8SubgraphESA_;_ZN6tflite3ops7builtin12while_kernel4EvalEP13TfLiteContextP10TfLiteNode;_ZN6tflite3ops7builtin12while_kernel4FreeEP13TfLiteContextPv;_ZN6tflite3ops7builtin12while_kernel4InitEP13TfLiteContextPKcj;_ZN6tflite3ops7builtin12while_kernel7PrepareEP13TfLiteContextP10TfLiteNode;_ZN6tflite3ops7builtin14Register_WHILEEv
inference-engine-tflite	armv7l	inference-engine-tflite/usr/lib/libinference-engine-tflite.so	libtensorflow2-lite.a	winograd.cc.o	31	_ZN6tflite3gpu15Winograd4x4To3613BindArgumentsEPNS0_15ArgumentsBinderE;_ZN6tflite3gpu21CreateWinograd36To4x4ERKNS0_12OperationDefERKNS0_6TensorINS0_11StrongShapeILNS0_6LayoutE2EEELNS0_8DataTypeE2EEE;_ZN6tflite3gpu21CreateWinograd4x4To36ERKNS0_12OperationDefERKNS0_9Padding2DERKNS0_7GpuInfoE;_ZN6tflite3gpu21Winograd4x4To36TileX613BindArgumentsEPNS0_15ArgumentsBinderE;_ZN6tflite3gpu21Winograd4x4To36TileX68UploadBtEv;_ZN6tflite3gpu21Winograd4x4To36TileX6C1ERKNS0_12OperationDefERKNS0_9Padding2DERKNS0_7GpuInfoE;_ZN6tflite3gpu21Winograd4x4To36TileX6C2ERKNS0_12OperationDefERKNS0_9Padding2DERKNS0_7GpuInfoE;_ZN6tflite3gpu22Winograd36To4x4Tile4x113BindArgumentsEPNS0_15ArgumentsBinderE;_ZN6tflite3gpu22Winograd36To4x4Tile4x18UploadAtEv;_ZN6tflite3gpu22Winograd36To4x4Tile4x1C1ERKNS0_12OperationDefERKNS0_7GpuInfoE;_ZN6tflite3gpu22Winograd36To4x4Tile4x1C2ERKNS0_12OperationDefERKNS0_7GpuInfoE;_ZN6tflite3gpu27CreateWinograd4x4To36TileX6ERKNS0_7GpuInfoERKNS0_12OperationDefERKNS0_9Padding2DE;_ZN6tflite3gpu28CreateWinograd36To4x4Tile4x1ERKNS0_7GpuInfoERKNS0_12OperationDefERKNS0_6TensorINS0_11StrongShapeILNS0_6LayoutE2EEELNS0_8DataTypeE2EEE;_ZNK6tflite3gpu15Winograd36To4x411GetGridSizeEv;_ZNK6tflite3gpu15Winograd4x4To3611GetGridSizeEv;_ZNK6tflite3gpu21Winograd4x4To36TileX611GetGridSizeEv;_ZNK6tflite3gpu21Winograd4x4To36TileX619SelectBestWorkGroupERKNS0_10KernelInfoE;_ZNK6tflite3gpu22Winograd36To4x4Tile4x111GetGridSizeEv;_ZNK6tflite3gpu22Winograd36To4x4Tile4x119SelectBestWorkGroupERKNS0_10KernelInfoE;_ZTIN6tflite3gpu15Winograd36To4x4E;_ZTIN6tflite3gpu15Winograd4x4To36E;_ZTIN6tflite3gpu21Winograd4x4To36TileX6E;_ZTIN6tflite3gpu22Winograd36To4x4Tile4x1E;_ZTSN6tflite3gpu15Winograd36To4x4E;_ZTSN6tflite3gpu15Winograd4x4To36E;_ZTSN6tflite3gpu21Winograd4x4To36TileX6E;_ZTSN6tflite3gpu22Winograd36To4x4Tile4x1E;_ZTVN6tflite3gpu15Winograd36To4x4E;_ZTVN6tflite3gpu15Winograd4x4To36E;_ZTVN6tflite3gpu21Winograd4x4To36TileX6E;_ZTVN6tflite3gpu22Winograd36To4x4Tile4x1E
inference-engine-tflite	armv7l	inference-engine-tflite/usr/lib/libinference-engine-tflite.so	libtensorflow2-lite.a	winograd_util.cc.o	4	_ZN6tflite3gpu27AtMatrixForWinograd4x4To6x6Ev;_ZN6tflite3gpu27BtMatrixForWinograd4x4To6x6Ev;_ZN6tflite3gpu29IsSuitableForWinograd4x4To6x6ERKNS0_23Convolution2DAttributesE;_ZN6tflite3gpu41RearrangeWeightsToWinograd4x4To6x6WeightsERKNS0_6TensorINS0_11StrongShapeILNS0_6LayoutE7EEELNS0_8DataTypeE2EEEPS6_
inference-engine-tflite	armv7l	inference-engine-tflite/usr/lib/libinference-engine-tflite.so	libtensorflow2-lite.a	work_group_picking.cc.o	6	_ZN6tflite3gpu12GetWorkGroupERKNS0_4Vec3IiEEi;_ZN6tflite3gpu16GetWorkGroupConvERKNS0_4Vec3IiEEii;_ZN6tflite3gpu21GetWorkGroupXY128ConvERKNS0_4Vec3IiEE;_ZN6tflite3gpu23GetWorkGroupXY128SimpleERKNS0_4Vec3IiEE;_ZN6tflite3gpu27GetWorkGroupXY128ConvLinearERKNS0_4Vec3IiEE;_ZN6tflite3gpu42XY128RequiresMoreWorkGroupsThenXY128LinearEii
inference-engine-tflite	armv7l	inference-engine-tflite/usr/lib/libinference-engine-tflite.so	libtensorflow2-lite.a	workgroup_selection.cc.o	1	_ZN6tflite3gpu16GetPossibleSizesEiNS0_22WorkGroupSizeAlignmentE
inference-engine-tflite	armv7l	inference-engine-tflite/usr/lib/libinference-engine-tflite.so	libtensorflow2-lite.a	xnnpack_delegate.cc.o	14	TfLiteXNNPackDelegateCanUseInMemoryWeightCacheProvider;TfLiteXNNPackDelegateCreate;TfLiteXNNPackDelegateCreateWithThreadpool;TfLiteXNNPackDelegateDelete;TfLiteXNNPackDelegateGetFlags;TfLiteXNNPackDelegateGetOptions;TfLiteXNNPackDelegateGetThreadPool;TfLiteXNNPackDelegateInMemoryFilePath;TfLiteXNNPackDelegateOptionsDefault;TfLiteXNNPackDelegateWeightsCacheCreate;TfLiteXNNPackDelegateWeightsCacheCreateWithSize;TfLiteXNNPackDelegateWeightsCacheDelete;TfLiteXNNPackDelegateWeightsCacheFinalizeHard;TfLiteXNNPackDelegateWeightsCacheFinalizeSoft
inference-engine-tflite	armv7l	inference-engine-tflite/usr/lib/libinference-engine-tflite.so	libtensorflow2-lite.a	zeros_like.cc.o	3	_ZN6tflite3ops7builtin10zeros_like4EvalEP13TfLiteContextP10TfLiteNode;_ZN6tflite3ops7builtin10zeros_like7PrepareEP13TfLiteContextP10TfLiteNode;_ZN6tflite3ops7builtin19Register_ZEROS_LIKEEv
inference-engine-tflite	armv7l	inference-engine-tflite/usr/lib/libinference-engine-tflite.so	libtensorflow2-lite.a	zone_info_source.cc.o	6	_ZN4absl12lts_2023080213time_internal4cctz14ZoneInfoSourceD0Ev;_ZN4absl12lts_2023080213time_internal4cctz14ZoneInfoSourceD1Ev;_ZN4absl12lts_2023080213time_internal4cctz14ZoneInfoSourceD2Ev;_ZTIN4absl12lts_2023080213time_internal4cctz14ZoneInfoSourceE;_ZTSN4absl12lts_2023080213time_internal4cctz14ZoneInfoSourceE;_ZTVN4absl12lts_2023080213time_internal4cctz14ZoneInfoSourceE
nnstreamer	armv7l	nnstreamer-tensorflow2-lite/usr/lib/nnstreamer/filters/libnnstreamer_filter_tensorflow2-lite.so	libtensorflow2-lite.a	abs.c.o	1	xnn_define_abs
nnstreamer	armv7l	nnstreamer-tensorflow2-lite/usr/lib/nnstreamer/filters/libnnstreamer_filter_tensorflow2-lite.so	libtensorflow2-lite.a	activations.cc.o	55	_ZN6tflite3ops7builtin11activations10EluPrepareEP13TfLiteContextP10TfLiteNode;_ZN6tflite3ops7builtin11activations11GeluPrepareEP13TfLiteContextP10TfLiteNode;_ZN6tflite3ops7builtin11activations11ReluPrepareEP13TfLiteContextP10TfLiteNode;_ZN6tflite3ops7builtin11activations11SoftmaxFreeEP13TfLiteContextPv;_ZN6tflite3ops7builtin11activations11SoftmaxInitEP13TfLiteContextPKcj;_ZN6tflite3ops7builtin11activations12PreluPrepareEP13TfLiteContextP10TfLiteNode;_ZN6tflite3ops7builtin11activations12Relu0to1EvalEP13TfLiteContextP10TfLiteNode;_ZN6tflite3ops7builtin11activations12SoftmaxFloatEP13TfLiteContextPK12TfLiteTensorPS5_P19TfLiteSoftmaxParamsNS2_10KernelTypeE;_ZN6tflite3ops7builtin11activations13HardSwishFreeEP13TfLiteContextPv;_ZN6tflite3ops7builtin11activations13HardSwishInitEP13TfLiteContextPKcj;_ZN6tflite3ops7builtin11activations13LeakyReluFreeEP13TfLiteContextPv;_ZN6tflite3ops7builtin11activations13LeakyReluInitEP13TfLiteContextPKcj;_ZN6tflite3ops7builtin11activations14GenericPrepareEP13TfLiteContextP10TfLiteNode;_ZN6tflite3ops7builtin11activations14LogSoftmaxFreeEP13TfLiteContextPv;_ZN6tflite3ops7builtin11activations14LogSoftmaxInitEP13TfLiteContextPKcj;_ZN6tflite3ops7builtin11activations16HardSwishPrepareEP13TfLiteContextP10TfLiteNode;_ZN6tflite3ops7builtin11activations16LeakyReluPrepareEP13TfLiteContextP10TfLiteNode;_ZN6tflite3ops7builtin11activations16SoftmaxQuantizedIaaEE12TfLiteStatusP13TfLiteContextPK12TfLiteTensorPS7_PNS2_13SoftmaxOpDataENS2_10KernelTypeE;_ZN6tflite3ops7builtin11activations16SoftmaxQuantizedIhhEE12TfLiteStatusP13TfLiteContextPK12TfLiteTensorPS7_PNS2_13SoftmaxOpDataENS2_10KernelTypeE;_ZN6tflite3ops7builtin11activations16SoftmaxQuantizedIssEE12TfLiteStatusP13TfLiteContextPK12TfLiteTensorPS7_PNS2_13SoftmaxOpDataENS2_10KernelTypeE;_ZN6tflite3ops7builtin11activations4FreeEP13TfLiteContextPv;_ZN6tflite3ops7builtin11activations4InitEP13TfLiteContextPKcj;_ZN6tflite3ops7builtin11activations7EluEvalEP13TfLiteContextP10TfLiteNode;_ZN6tflite3ops7builtin11activations8GeluEvalEP13TfLiteContextP10TfLiteNode;_ZN6tflite3ops7builtin11activations8ReluEvalEP13TfLiteContextP10TfLiteNode;_ZN6tflite3ops7builtin11activations8ReluFreeEP13TfLiteContextPv;_ZN6tflite3ops7builtin11activations8ReluInitEP13TfLiteContextPKcj;_ZN6tflite3ops7builtin11activations9PreluFreeEP13TfLiteContextPv;_ZN6tflite3ops7builtin11activations9PreluInitEP13TfLiteContextPKcj;_ZN6tflite3ops7builtin11activations9Relu1EvalEP13TfLiteContextP10TfLiteNode;_ZN6tflite3ops7builtin11activations9Relu6EvalEP13TfLiteContextP10TfLiteNode;_ZN6tflite3ops7builtin12Register_ELUEv;_ZN6tflite3ops7builtin13Register_GELUEv;_ZN6tflite3ops7builtin13Register_RELUEv;_ZN6tflite3ops7builtin13Register_TANHEv;_ZN6tflite3ops7builtin14Register_PRELUEv;_ZN6tflite3ops7builtin14Register_RELU6Ev;_ZN6tflite3ops7builtin16Register_SOFTMAXEv;_ZN6tflite3ops7builtin17Register_LOGISTICEv;_ZN6tflite3ops7builtin17Register_TANH_REFEv;_ZN6tflite3ops7builtin18Register_PRELU_REFEv;_ZN6tflite3ops7builtin19Register_HARD_SWISHEv;_ZN6tflite3ops7builtin19Register_LEAKY_RELUEv;_ZN6tflite3ops7builtin20Register_LOG_SOFTMAXEv;_ZN6tflite3ops7builtin20Register_RELU_0_TO_1Ev;_ZN6tflite3ops7builtin20Register_SOFTMAX_REFEv;_ZN6tflite3ops7builtin21Register_LOGISTIC_REFEv;_ZN6tflite3ops7builtin21Register_RELU_N1_TO_1Ev;_ZN6tflite3ops7builtin23Register_HARD_SWISH_REFEv;_ZN6tflite3ops7builtin23Register_LEAKY_RELU_REFEv;_ZN6tflite3ops7builtin24Register_LOG_SOFTMAX_REFEv;_ZN6tflite3ops7builtin25Register_TANH_GENERIC_OPTEv;_ZN6tflite3ops7builtin29Register_LOGISTIC_GENERIC_OPTEv;_ZN6tflite3ops7builtin29Register_TANH_FIXED_POINT_OPTEv;_ZN6tflite3ops7builtin33Register_LOGISTIC_FIXED_POINT_OPTEv
nnstreamer	armv7l	nnstreamer-tensorflow2-lite/usr/lib/nnstreamer/filters/libnnstreamer_filter_tensorflow2-lite.so	libtensorflow2-lite.a	add.cc.o	7	_ZN6tflite3ops7builtin12Register_ADDEv;_ZN6tflite3ops7builtin16Register_ADD_REFEv;_ZN6tflite3ops7builtin21Register_ADD_NEON_OPTEv;_ZN6tflite3ops7builtin24Register_ADD_GENERIC_OPTEv;_ZN6tflite3ops7builtin3add4FreeEP13TfLiteContextPv;_ZN6tflite3ops7builtin3add4InitEP13TfLiteContextPKcj;_ZN6tflite3ops7builtin3add7PrepareEP13TfLiteContextP10TfLiteNode
nnstreamer	armv7l	nnstreamer-tensorflow2-lite/usr/lib/nnstreamer/filters/libnnstreamer_filter_tensorflow2-lite.so	libtensorflow2-lite.a	add2.c.o	1	xnn_define_add2
nnstreamer	armv7l	nnstreamer-tensorflow2-lite/usr/lib/nnstreamer/filters/libnnstreamer_filter_tensorflow2-lite.so	libtensorflow2-lite.a	add_bias.cc.o	1	_ZN6tflite3gpu10NewAddBiasEv
nnstreamer	armv7l	nnstreamer-tensorflow2-lite/usr/lib/nnstreamer/filters/libnnstreamer_filter_tensorflow2-lite.so	libtensorflow2-lite.a	add_n.cc.o	5	_ZN6tflite3ops7builtin14Register_ADD_NEv;_ZN6tflite3ops7builtin5add_n4EvalEP13TfLiteContextP10TfLiteNode;_ZN6tflite3ops7builtin5add_n4FreeEP13TfLiteContextPv;_ZN6tflite3ops7builtin5add_n4InitEP13TfLiteContextPKcj;_ZN6tflite3ops7builtin5add_n7PrepareEP13TfLiteContextP10TfLiteNode
nnstreamer	armv7l	nnstreamer-tensorflow2-lite/usr/lib/nnstreamer/filters/libnnstreamer_filter_tensorflow2-lite.so	libtensorflow2-lite.a	add_quant_adjustments.cc.o	1	_ZN6tflite3gpu22NewAddQuantAdjustmentsEv
nnstreamer	armv7l	nnstreamer-tensorflow2-lite/usr/lib/nnstreamer/filters/libnnstreamer_filter_tensorflow2-lite.so	libtensorflow2-lite.a	allocation.cc.o	22	_ZN6tflite16MemoryAllocationC1EPKvjPNS_13ErrorReporterE;_ZN6tflite16MemoryAllocationC2EPKvjPNS_13ErrorReporterE;_ZN6tflite16MemoryAllocationD0Ev;_ZN6tflite16MemoryAllocationD1Ev;_ZN6tflite16MemoryAllocationD2Ev;_ZN6tflite18FileCopyAllocationC1EPKcPNS_13ErrorReporterE;_ZN6tflite18FileCopyAllocationC2EPKcPNS_13ErrorReporterE;_ZN6tflite18FileCopyAllocationD0Ev;_ZN6tflite18FileCopyAllocationD1Ev;_ZN6tflite18FileCopyAllocationD2Ev;_ZNK6tflite16MemoryAllocation4baseEv;_ZNK6tflite16MemoryAllocation5bytesEv;_ZNK6tflite16MemoryAllocation5validEv;_ZNK6tflite18FileCopyAllocation4baseEv;_ZNK6tflite18FileCopyAllocation5bytesEv;_ZNK6tflite18FileCopyAllocation5validEv;_ZTIN6tflite16MemoryAllocationE;_ZTIN6tflite18FileCopyAllocationE;_ZTSN6tflite16MemoryAllocationE;_ZTSN6tflite18FileCopyAllocationE;_ZTVN6tflite16MemoryAllocationE;_ZTVN6tflite18FileCopyAllocationE
nnstreamer	armv7l	nnstreamer-tensorflow2-lite/usr/lib/nnstreamer/filters/libnnstreamer_filter_tensorflow2-lite.so	libtensorflow2-lite.a	allocator.cc.o	7	_ZN3ruy9Allocator12AllocateFastEi;_ZN3ruy9Allocator12AllocateSlowEi;_ZN3ruy9Allocator13AllocateBytesEi;_ZN3ruy9Allocator33AllocateBytesAvoidingAliasingWithEiPKv;_ZN3ruy9Allocator7FreeAllEv;_ZN3ruy9AllocatorD1Ev;_ZN3ruy9AllocatorD2Ev
nnstreamer	armv7l	nnstreamer-tensorflow2-lite/usr/lib/nnstreamer/filters/libnnstreamer_filter_tensorflow2-lite.so	libtensorflow2-lite.a	android_info.cc.o	1	_ZN6tflite12acceleration18RequestAndroidInfoEPNS0_11AndroidInfoE
nnstreamer	armv7l	nnstreamer-tensorflow2-lite/usr/lib/nnstreamer/filters/libnnstreamer_filter_tensorflow2-lite.so	libtensorflow2-lite.a	api.c.o	35	cpuinfo_get_cluster;cpuinfo_get_clusters;cpuinfo_get_clusters_count;cpuinfo_get_core;cpuinfo_get_cores;cpuinfo_get_cores_count;cpuinfo_get_current_core;cpuinfo_get_current_processor;cpuinfo_get_current_uarch_index;cpuinfo_get_current_uarch_index_with_default;cpuinfo_get_l1d_cache;cpuinfo_get_l1d_caches;cpuinfo_get_l1d_caches_count;cpuinfo_get_l1i_cache;cpuinfo_get_l1i_caches;cpuinfo_get_l1i_caches_count;cpuinfo_get_l2_cache;cpuinfo_get_l2_caches;cpuinfo_get_l2_caches_count;cpuinfo_get_l3_cache;cpuinfo_get_l3_caches;cpuinfo_get_l3_caches_count;cpuinfo_get_l4_cache;cpuinfo_get_l4_caches;cpuinfo_get_l4_caches_count;cpuinfo_get_max_cache_size;cpuinfo_get_package;cpuinfo_get_packages;cpuinfo_get_packages_count;cpuinfo_get_processor;cpuinfo_get_processors;cpuinfo_get_processors_count;cpuinfo_get_uarch;cpuinfo_get_uarchs;cpuinfo_get_uarchs_count
nnstreamer	armv7l	nnstreamer-tensorflow2-lite/usr/lib/nnstreamer/filters/libnnstreamer_filter_tensorflow2-lite.so	libtensorflow2-lite.a	api.cc.o	7	_ZN6tflite3gpu11GetPositionERKNS0_16InferenceOptionsENS0_17InferencePriorityE;_ZN6tflite3gpu11NumElementsERKNS0_15TensorObjectDefE;_ZN6tflite3gpu19ResolveAutoPriorityEPNS0_16InferenceOptionsE;_ZN6tflite3gpu21GetRelativeImportanceERKNS0_16InferenceOptionsENS0_17InferencePriorityES4_;_ZN6tflite3gpu7IsValidERKNS0_15TensorObjectDefE;_ZN6tflite3gpu7IsValidERKNS0_16InferenceOptionsE;_ZN6tflite3gpu7IsValidERKNS0_9ObjectDefE
nnstreamer	armv7l	nnstreamer-tensorflow2-lite/usr/lib/nnstreamer/filters/libnnstreamer_filter_tensorflow2-lite.so	libtensorflow2-lite.a	apply_multiplier.cc.o	1	_ZN3ruy6detail29MultiplyByQuantizedMultiplierEiii
nnstreamer	armv7l	nnstreamer-tensorflow2-lite/usr/lib/nnstreamer/filters/libnnstreamer_filter_tensorflow2-lite.so	libtensorflow2-lite.a	arena_planner.cc.o	22	_ZN6tflite12ArenaPlanner11BasePointerE20TfLiteAllocationType;_ZN6tflite12ArenaPlanner15PlanAllocationsEv;_ZN6tflite12ArenaPlanner16FindSharedTensorEi;_ZN6tflite12ArenaPlanner16ResetAllocationsEv;_ZN6tflite12ArenaPlanner18ExecuteAllocationsEii;_ZN6tflite12ArenaPlanner20GetTensorsToAllocateEii;_ZN6tflite12ArenaPlanner21ResetAllocationsAfterEi;_ZN6tflite12ArenaPlanner22HasNonPersistentMemoryEv;_ZN6tflite12ArenaPlanner22IdentifyInPlaceTensorsEv;_ZN6tflite12ArenaPlanner22InputTensorCanBeSharedERK12TfLiteTensorS3_iib;_ZN6tflite12ArenaPlanner23ResolveTensorAllocationEiP12TfLiteTensor;_ZN6tflite12ArenaPlanner26AcquireNonPersistentMemoryEv;_ZN6tflite12ArenaPlanner26ReleaseNonPersistentMemoryEv;_ZN6tflite12ArenaPlanner6CommitEPb;_ZN6tflite12ArenaPlannerD0Ev;_ZN6tflite12ArenaPlannerD1Ev;_ZN6tflite12ArenaPlannerD2Ev;_ZN6tflite30AreTensorsAllocatedInSameArenaEiiPK12TfLiteTensor;_ZNK6tflite12ArenaPlanner12GetAllocInfoEPjS1_;_ZTIN6tflite12ArenaPlannerE;_ZTSN6tflite12ArenaPlannerE;_ZTVN6tflite12ArenaPlannerE
nnstreamer	armv7l	nnstreamer-tensorflow2-lite/usr/lib/nnstreamer/filters/libnnstreamer_filter_tensorflow2-lite.so	libtensorflow2-lite.a	arg.cc.o	19	_ZN4absl12lts_2023080219str_format_internal14ConvertBoolArgEbPNS1_14FormatSinkImplE;_ZN4absl12lts_2023080219str_format_internal17FormatConvertImplENS0_6int128ENS1_24FormatConversionSpecImplEPNS1_14FormatSinkImplE;_ZN4absl12lts_2023080219str_format_internal17FormatConvertImplENS0_7uint128ENS1_24FormatConversionSpecImplEPNS1_14FormatSinkImplE;_ZN4absl12lts_2023080219str_format_internal17FormatConvertImplENS1_7VoidPtrENS1_24FormatConversionSpecImplEPNS1_14FormatSinkImplE;_ZN4absl12lts_2023080219str_format_internal17FormatConvertImplEPKcNS1_24FormatConversionSpecImplEPNS1_14FormatSinkImplE;_ZN4absl12lts_2023080219str_format_internal17FormatConvertImplEaNS1_24FormatConversionSpecImplEPNS1_14FormatSinkImplE;_ZN4absl12lts_2023080219str_format_internal17FormatConvertImplEcNS1_24FormatConversionSpecImplEPNS1_14FormatSinkImplE;_ZN4absl12lts_2023080219str_format_internal17FormatConvertImplEdNS1_24FormatConversionSpecImplEPNS1_14FormatSinkImplE;_ZN4absl12lts_2023080219str_format_internal17FormatConvertImplEeNS1_24FormatConversionSpecImplEPNS1_14FormatSinkImplE;_ZN4absl12lts_2023080219str_format_internal17FormatConvertImplEfNS1_24FormatConversionSpecImplEPNS1_14FormatSinkImplE;_ZN4absl12lts_2023080219str_format_internal17FormatConvertImplEhNS1_24FormatConversionSpecImplEPNS1_14FormatSinkImplE;_ZN4absl12lts_2023080219str_format_internal17FormatConvertImplEiNS1_24FormatConversionSpecImplEPNS1_14FormatSinkImplE;_ZN4absl12lts_2023080219str_format_internal17FormatConvertImplEjNS1_24FormatConversionSpecImplEPNS1_14FormatSinkImplE;_ZN4absl12lts_2023080219str_format_internal17FormatConvertImplElNS1_24FormatConversionSpecImplEPNS1_14FormatSinkImplE;_ZN4absl12lts_2023080219str_format_internal17FormatConvertImplEmNS1_24FormatConversionSpecImplEPNS1_14FormatSinkImplE;_ZN4absl12lts_2023080219str_format_internal17FormatConvertImplEsNS1_24FormatConversionSpecImplEPNS1_14FormatSinkImplE;_ZN4absl12lts_2023080219str_format_internal17FormatConvertImplEtNS1_24FormatConversionSpecImplEPNS1_14FormatSinkImplE;_ZN4absl12lts_2023080219str_format_internal17FormatConvertImplExNS1_24FormatConversionSpecImplEPNS1_14FormatSinkImplE;_ZN4absl12lts_2023080219str_format_internal17FormatConvertImplEyNS1_24FormatConversionSpecImplEPNS1_14FormatSinkImplE
nnstreamer	armv7l	nnstreamer-tensorflow2-lite/usr/lib/nnstreamer/filters/libnnstreamer_filter_tensorflow2-lite.so	libtensorflow2-lite.a	arg_min_max.cc.o	7	_ZN6tflite3ops7builtin11arg_min_max10ArgMaxEvalEP13TfLiteContextP10TfLiteNode;_ZN6tflite3ops7builtin11arg_min_max10ArgMinEvalEP13TfLiteContextP10TfLiteNode;_ZN6tflite3ops7builtin11arg_min_max12ResizeOutputEP13TfLiteContextPK12TfLiteTensorS7_PS5_;_ZN6tflite3ops7builtin11arg_min_max4EvalEP13TfLiteContextP10TfLiteNodeb;_ZN6tflite3ops7builtin11arg_min_max7PrepareEP13TfLiteContextP10TfLiteNode;_ZN6tflite3ops7builtin16Register_ARG_MAXEv;_ZN6tflite3ops7builtin16Register_ARG_MINEv
nnstreamer	armv7l	nnstreamer-tensorflow2-lite/usr/lib/nnstreamer/filters/libnnstreamer_filter_tensorflow2-lite.so	libtensorflow2-lite.a	argmax-pooling-2d.c.o	1	xnn_define_argmax_pooling_2d
nnstreamer	armv7l	nnstreamer-tensorflow2-lite/usr/lib/nnstreamer/filters/libnnstreamer_filter_tensorflow2-lite.so	libtensorflow2-lite.a	argmax-pooling-nhwc.c.o	3	xnn_create_argmax_pooling2d_nhwc_f32;xnn_reshape_argmax_pooling2d_nhwc_f32;xnn_setup_argmax_pooling2d_nhwc_f32
nnstreamer	armv7l	nnstreamer-tensorflow2-lite/usr/lib/nnstreamer/filters/libnnstreamer_filter_tensorflow2-lite.so	libtensorflow2-lite.a	arguments.cc.o	7	_ZN6tflite3gpu9Arguments20AddObjectsScalarArgsERKNS0_7GpuInfoE;_ZN6tflite3gpu9Arguments24ReleaseCPURepresentationEv;_ZNK6tflite3gpu9Arguments20GetReadTexturesCountERKNS0_7GpuInfoE;_ZNK6tflite3gpu9Arguments21GetWriteTexturesCountERKNS0_7GpuInfoE;_ZTIN6tflite3gpu9ArgumentsE;_ZTSN6tflite3gpu9ArgumentsE;_ZTVN6tflite3gpu9ArgumentsE
nnstreamer	armv7l	nnstreamer-tensorflow2-lite/usr/lib/nnstreamer/filters/libnnstreamer_filter_tensorflow2-lite.so	libtensorflow2-lite.a	array.cc.o	2	_ZN6tflite14array_internal18TfLiteArrayDeleterclEP14TfLiteIntArray;_ZN6tflite14array_internal18TfLiteArrayDeleterclEP16TfLiteFloatArray
nnstreamer	armv7l	nnstreamer-tensorflow2-lite/usr/lib/nnstreamer/filters/libnnstreamer_filter_tensorflow2-lite.so	libtensorflow2-lite.a	ascii.cc.o	3	_ZN4absl12lts_2023080214ascii_internal13kPropertyBitsE;_ZN4absl12lts_2023080214ascii_internal8kToLowerE;_ZN4absl12lts_2023080214ascii_internal8kToUpperE
nnstreamer	armv7l	nnstreamer-tensorflow2-lite/usr/lib/nnstreamer/filters/libnnstreamer_filter_tensorflow2-lite.so	libtensorflow2-lite.a	assign_variable.cc.o	3	_ZN6tflite3ops7builtin15assign_variable4EvalEP13TfLiteContextP10TfLiteNode;_ZN6tflite3ops7builtin15assign_variable7PrepareEP13TfLiteContextP10TfLiteNode;_ZN6tflite3ops7builtin24Register_ASSIGN_VARIABLEEv
nnstreamer	armv7l	nnstreamer-tensorflow2-lite/usr/lib/nnstreamer/filters/libnnstreamer_filter_tensorflow2-lite.so	libtensorflow2-lite.a	async_signature_runner.cc.o	21	_ZN6tflite5async20AsyncSignatureRunner10CreateTaskEv;_ZN6tflite5async20AsyncSignatureRunner11InvokeAsyncEP19TfLiteExecutionTask;_ZN6tflite5async20AsyncSignatureRunner13SetAttributesE12TfLiteIoTypePKcPK18TfLiteAttributeMap;_ZN6tflite5async20AsyncSignatureRunner13SetAttributesEiPK18TfLiteAttributeMap;_ZN6tflite5async20AsyncSignatureRunner14RegisterBufferE12TfLiteIoTypePK19TfLiteBackendBufferPK18TfLiteAttributeMapPi;_ZN6tflite5async20AsyncSignatureRunner15PrepareBackendsEv;_ZN6tflite5async20AsyncSignatureRunner16UnregisterBufferEi;_ZN6tflite5async20AsyncSignatureRunner19GetBufferAttributesEPK19TfLiteBackendBufferP18TfLiteAttributeMap;_ZN6tflite5async20AsyncSignatureRunner19RegisterBufferSliceEiPK18TfLiteAttributeMapPi;_ZN6tflite5async20AsyncSignatureRunner19SetBufferAttributesEPK19TfLiteBackendBufferPK18TfLiteAttributeMap;_ZN6tflite5async20AsyncSignatureRunner4WaitEP19TfLiteExecutionTask;_ZN6tflite5async20AsyncSignatureRunner6FinishEP19TfLiteExecutionTask;_ZN6tflite5async20AsyncSignatureRunnerC1EPKNS_8internal12SignatureDefEPNS_8SubgraphE;_ZN6tflite5async20AsyncSignatureRunnerC2EPKNS_8internal12SignatureDefEPNS_8SubgraphE;_ZNK6tflite5async20AsyncSignatureRunner12input_tensorEPKc;_ZNK6tflite5async20AsyncSignatureRunner13output_tensorEPKc;_ZNK6tflite5async20AsyncSignatureRunner14GetTensorIndexE12TfLiteIoTypePKc;_ZNK6tflite5async20AsyncSignatureRunner20SupportedBufferTypesE12TfLiteIoType;_ZNK6tflite5async20AsyncSignatureRunner21ReconcileRestrictionsE12TfLiteIoTypePKcPK18TfLiteAttributeMapPS5_S8_;_ZNK6tflite5async20AsyncSignatureRunner21ReconcileRestrictionsEiPK18TfLiteAttributeMapPS2_S5_;_ZNK6tflite5async20AsyncSignatureRunner25SupportedSynchronizationsE12TfLiteIoType
nnstreamer	armv7l	nnstreamer-tensorflow2-lite/usr/lib/nnstreamer/filters/libnnstreamer_filter_tensorflow2-lite.so	libtensorflow2-lite.a	async_subgraph.cc.o	21	_ZN6tflite5async13AsyncSubgraph10CreateTaskEv;_ZN6tflite5async13AsyncSubgraph11InvokeAsyncEP19TfLiteExecutionTask;_ZN6tflite5async13AsyncSubgraph13SetAttributesEiPK18TfLiteAttributeMap;_ZN6tflite5async13AsyncSubgraph14RegisterBufferE12TfLiteIoTypePK19TfLiteBackendBufferPK18TfLiteAttributeMapPi;_ZN6tflite5async13AsyncSubgraph16UnregisterBufferEi;_ZN6tflite5async13AsyncSubgraph19GetBufferAttributesEPK19TfLiteBackendBufferP18TfLiteAttributeMap;_ZN6tflite5async13AsyncSubgraph19RegisterBufferSliceEiPK18TfLiteAttributeMapPi;_ZN6tflite5async13AsyncSubgraph19SetBufferAttributesEPK19TfLiteBackendBufferPK18TfLiteAttributeMap;_ZN6tflite5async13AsyncSubgraph4WaitEP19TfLiteExecutionTask;_ZN6tflite5async13AsyncSubgraph6FinishEP19TfLiteExecutionTask;_ZN6tflite5async13AsyncSubgraph7PrepareEv;_ZN6tflite5async13AsyncSubgraphC1EPNS_8SubgraphE;_ZN6tflite5async13AsyncSubgraphC2EPNS_8SubgraphE;_ZNK6tflite5async13AsyncSubgraph12async_kernelEv;_ZNK6tflite5async13AsyncSubgraph14opaque_contextEv;_ZNK6tflite5async13AsyncSubgraph16IsFullyDelegatedEv;_ZNK6tflite5async13AsyncSubgraph20SupportedBufferTypesE12TfLiteIoType;_ZNK6tflite5async13AsyncSubgraph21ReconcileRestrictionsEiPK18TfLiteAttributeMapPS2_S5_;_ZNK6tflite5async13AsyncSubgraph25SupportedSynchronizationsE12TfLiteIoType;_ZNK6tflite5async13AsyncSubgraph7contextEv;_ZNK6tflite5async13AsyncSubgraph8subgraphEv
nnstreamer	armv7l	nnstreamer-tensorflow2-lite/usr/lib/nnstreamer/filters/libnnstreamer_filter_tensorflow2-lite.so	libtensorflow2-lite.a	atan2.cc.o	4	_ZN6tflite3ops7builtin14Register_ATAN2Ev;_ZN6tflite3ops7builtin5atan212Atan2PrepareEP13TfLiteContextP10TfLiteNode;_ZN6tflite3ops7builtin5atan215EnsureSameShapeEP13TfLiteContextPK12TfLiteTensorS7_;_ZN6tflite3ops7builtin5atan29Atan2EvalEP13TfLiteContextP10TfLiteNode
nnstreamer	armv7l	nnstreamer-tensorflow2-lite/usr/lib/nnstreamer/filters/libnnstreamer_filter_tensorflow2-lite.so	libtensorflow2-lite.a	audio_spectrogram.cc.o	4	_ZN6tflite3ops6custom17audio_spectrogram4FreeEP13TfLiteContextPv;_ZN6tflite3ops6custom17audio_spectrogram4InitEP13TfLiteContextPKcj;_ZN6tflite3ops6custom17audio_spectrogram7PrepareEP13TfLiteContextP10TfLiteNode;_ZN6tflite3ops6custom26Register_AUDIO_SPECTROGRAMEv
nnstreamer	armv7l	nnstreamer-tensorflow2-lite/usr/lib/nnstreamer/filters/libnnstreamer_filter_tensorflow2-lite.so	libtensorflow2-lite.a	average-pooling-2d.c.o	1	xnn_define_average_pooling_2d
nnstreamer	armv7l	nnstreamer-tensorflow2-lite/usr/lib/nnstreamer/filters/libnnstreamer_filter_tensorflow2-lite.so	libtensorflow2-lite.a	average-pooling-nhwc.c.o	10	create_average_pooling2d_nhwc;xnn_create_average_pooling2d_nhwc_f16;xnn_create_average_pooling2d_nhwc_f32;xnn_create_average_pooling2d_nhwc_qu8;xnn_reshape_average_pooling2d_nhwc_f16;xnn_reshape_average_pooling2d_nhwc_f32;xnn_reshape_average_pooling2d_nhwc_qu8;xnn_setup_average_pooling2d_nhwc_f16;xnn_setup_average_pooling2d_nhwc_f32;xnn_setup_average_pooling2d_nhwc_qu8
nnstreamer	armv7l	nnstreamer-tensorflow2-lite/usr/lib/nnstreamer/filters/libnnstreamer_filter_tensorflow2-lite.so	libtensorflow2-lite.a	bankers-rounding.c.o	1	xnn_define_bankers_rounding
nnstreamer	armv7l	nnstreamer-tensorflow2-lite/usr/lib/nnstreamer/filters/libnnstreamer_filter_tensorflow2-lite.so	libtensorflow2-lite.a	basic_rnn.cc.o	7	_ZN6tflite3ops7builtin12Register_RNNEv;_ZN6tflite3ops7builtin3rnn10EvalHybridEPK12TfLiteTensorS5_S5_S5_PK15TfLiteRNNParamsPS3_S9_S9_S9_S9_S9_S9_S9_Pb;_ZN6tflite3ops7builtin3rnn4EvalEP13TfLiteContextP10TfLiteNode;_ZN6tflite3ops7builtin3rnn4FreeEP13TfLiteContextPv;_ZN6tflite3ops7builtin3rnn4InitEP13TfLiteContextPKcj;_ZN6tflite3ops7builtin3rnn7PrepareEP13TfLiteContextP10TfLiteNode;_ZN6tflite3ops7builtin3rnn9EvalFloatEPK12TfLiteTensorS5_S5_S5_PK15TfLiteRNNParamsPS3_S9_
nnstreamer	armv7l	nnstreamer-tensorflow2-lite/usr/lib/nnstreamer/filters/libnnstreamer_filter_tensorflow2-lite.so	libtensorflow2-lite.a	batch-matrix-multiply-nc.c.o	10	create_batch_matrix_multiply_nc;xnn_create_batch_matrix_multiply_nc_f16;xnn_create_batch_matrix_multiply_nc_f32;xnn_create_batch_matrix_multiply_nc_qd8_f32_qc8w;xnn_reshape_batch_matrix_multiply_nc_f16;xnn_reshape_batch_matrix_multiply_nc_f32;xnn_reshape_batch_matrix_multiply_nc_qd8_f32_qc8w;xnn_setup_batch_matrix_multiply_nc_f16;xnn_setup_batch_matrix_multiply_nc_f32;xnn_setup_batch_matrix_multiply_nc_qd8_f32_qc8w
nnstreamer	armv7l	nnstreamer-tensorflow2-lite/usr/lib/nnstreamer/filters/libnnstreamer_filter_tensorflow2-lite.so	libtensorflow2-lite.a	batch-matrix-multiply.c.o	1	xnn_define_batch_matrix_multiply
nnstreamer	armv7l	nnstreamer-tensorflow2-lite/usr/lib/nnstreamer/filters/libnnstreamer_filter_tensorflow2-lite.so	libtensorflow2-lite.a	batch_matmul.cc.o	13	_ZN6tflite3ops7builtin12batch_matmul10EvalHybridEP13TfLiteContextP10TfLiteNodePNS2_6OpDataERKNS_12RuntimeShapeEPK12TfLiteTensorSB_SE_PSC_SF_SF_SF_SF_SF_;_ZN6tflite3ops7builtin12batch_matmul10GetTempLhsEP13TfLiteContextP10TfLiteNodePK12TfLiteTensor;_ZN6tflite3ops7builtin12batch_matmul10GetTempRhsEP13TfLiteContextP10TfLiteNodePK12TfLiteTensor;_ZN6tflite3ops7builtin12batch_matmul17SwapRowColumnDimsERKNS_12RuntimeShapeE;_ZN6tflite3ops7builtin12batch_matmul18ResizeOutputTensorEP13TfLiteContextRKNS_12RuntimeShapeES7_bbiP12TfLiteTensor;_ZN6tflite3ops7builtin12batch_matmul20TransposeRowsColumnsEP13TfLiteContextPK12TfLiteTensorPS5_;_ZN6tflite3ops7builtin12batch_matmul21InitializeTemporariesEP13TfLiteContextP10TfLiteNodePNS2_9OpContextE;_ZN6tflite3ops7builtin12batch_matmul4FreeEP13TfLiteContextPv;_ZN6tflite3ops7builtin12batch_matmul4InitEP13TfLiteContextPKcj;_ZN6tflite3ops7builtin12batch_matmul7PrepareEP13TfLiteContextP10TfLiteNode;_ZN6tflite3ops7builtin21Register_BATCH_MATMULEv;_ZN6tflite3ops7builtin25Register_BATCH_MATMUL_REFEv;_ZN6tflite3ops7builtin39Register_BATCH_MATMUL_GENERIC_OPTIMIZEDEv
nnstreamer	armv7l	nnstreamer-tensorflow2-lite/usr/lib/nnstreamer/filters/libnnstreamer_filter_tensorflow2-lite.so	libtensorflow2-lite.a	batch_to_space_nd.cc.o	5	_ZN6tflite3ops7builtin17batch_to_space_nd18ResizeOutputTensorEP13TfLiteContextPNS2_21BatchToSpaceNDContextE;_ZN6tflite3ops7builtin17batch_to_space_nd7PrepareEP13TfLiteContextP10TfLiteNode;_ZN6tflite3ops7builtin26Register_BATCH_TO_SPACE_NDEv;_ZN6tflite3ops7builtin30Register_BATCH_TO_SPACE_ND_REFEv;_ZN6tflite3ops7builtin38Register_BATCH_TO_SPACE_ND_GENERIC_OPTEv
nnstreamer	armv7l	nnstreamer-tensorflow2-lite/usr/lib/nnstreamer/filters/libnnstreamer_filter_tensorflow2-lite.so	libtensorflow2-lite.a	bidirectional_sequence_lstm.cc.o	7	_ZN6tflite3ops7builtin27bidirectional_sequence_lstm26CheckInputTensorDimensionsEP13TfLiteContextP10TfLiteNodeiii;_ZN6tflite3ops7builtin27bidirectional_sequence_lstm33CheckLstmTensorDimensionsAndTypesEP13TfLiteContextP10TfLiteNodeiiiiiiiiiiiiiiiiiiii;_ZN6tflite3ops7builtin27bidirectional_sequence_lstm4EvalEP13TfLiteContextP10TfLiteNode;_ZN6tflite3ops7builtin27bidirectional_sequence_lstm4FreeEP13TfLiteContextPv;_ZN6tflite3ops7builtin27bidirectional_sequence_lstm4InitEP13TfLiteContextPKcj;_ZN6tflite3ops7builtin27bidirectional_sequence_lstm7PrepareEP13TfLiteContextP10TfLiteNode;_ZN6tflite3ops7builtin36Register_BIDIRECTIONAL_SEQUENCE_LSTMEv
nnstreamer	armv7l	nnstreamer-tensorflow2-lite/usr/lib/nnstreamer/filters/libnnstreamer_filter_tensorflow2-lite.so	libtensorflow2-lite.a	bidirectional_sequence_rnn.cc.o	7	_ZN6tflite3ops7builtin26bidirectional_sequence_rnn10EvalHybridEPK12TfLiteTensorS5_S5_S5_S5_S5_S5_S5_S5_S5_S5_PK36TfLiteBidirectionalSequenceRNNParamsPS3_S9_S9_S9_S9_S9_S9_S9_S9_S9_S9_S9_S9_PbSA_;_ZN6tflite3ops7builtin26bidirectional_sequence_rnn4EvalEP13TfLiteContextP10TfLiteNode;_ZN6tflite3ops7builtin26bidirectional_sequence_rnn4FreeEP13TfLiteContextPv;_ZN6tflite3ops7builtin26bidirectional_sequence_rnn4InitEP13TfLiteContextPKcj;_ZN6tflite3ops7builtin26bidirectional_sequence_rnn7PrepareEP13TfLiteContextP10TfLiteNode;_ZN6tflite3ops7builtin26bidirectional_sequence_rnn9EvalFloatEPK12TfLiteTensorS5_S5_S5_S5_S5_S5_S5_S5_S5_S5_PK36TfLiteBidirectionalSequenceRNNParamsPS3_S9_S9_S9_;_ZN6tflite3ops7builtin35Register_BIDIRECTIONAL_SEQUENCE_RNNEv
nnstreamer	armv7l	nnstreamer-tensorflow2-lite/usr/lib/nnstreamer/filters/libnnstreamer_filter_tensorflow2-lite.so	libtensorflow2-lite.a	binary-elementwise-nd.c.o	79	xnn_create_add_nd_f16;xnn_create_add_nd_f32;xnn_create_add_nd_qs8;xnn_create_add_nd_qu8;xnn_create_copysign_nd_f32;xnn_create_divide_nd_f16;xnn_create_divide_nd_f32;xnn_create_maximum_nd_f16;xnn_create_maximum_nd_f32;xnn_create_minimum_nd_f16;xnn_create_minimum_nd_f32;xnn_create_multiply_nd_f16;xnn_create_multiply_nd_f32;xnn_create_multiply_nd_qs8;xnn_create_multiply_nd_qu8;xnn_create_multiply_nd_s32;xnn_create_squared_difference_nd_f16;xnn_create_squared_difference_nd_f32;xnn_create_subtract_nd_f16;xnn_create_subtract_nd_f32;xnn_create_subtract_nd_qs8;xnn_create_subtract_nd_qu8;xnn_reshape_add_nd_f16;xnn_reshape_add_nd_f32;xnn_reshape_add_nd_qs8;xnn_reshape_add_nd_qu8;xnn_reshape_copysign_nd_f32;xnn_reshape_divide_nd_f16;xnn_reshape_divide_nd_f32;xnn_reshape_maximum_nd_f16;xnn_reshape_maximum_nd_f32;xnn_reshape_minimum_nd_f16;xnn_reshape_minimum_nd_f32;xnn_reshape_multiply_nd_f16;xnn_reshape_multiply_nd_f32;xnn_reshape_multiply_nd_qs8;xnn_reshape_multiply_nd_qu8;xnn_reshape_multiply_nd_s32;xnn_reshape_squared_difference_nd_f16;xnn_reshape_squared_difference_nd_f32;xnn_reshape_subtract_nd_f16;xnn_reshape_subtract_nd_f32;xnn_reshape_subtract_nd_qs8;xnn_reshape_subtract_nd_qu8;xnn_run_add_nd_f32;xnn_run_add_nd_qs8;xnn_run_add_nd_qu8;xnn_run_divide_nd_f32;xnn_run_maximum_nd_f32;xnn_run_minimum_nd_f32;xnn_run_multiply_nd_f32;xnn_run_multiply_nd_qs8;xnn_run_multiply_nd_qu8;xnn_run_squared_difference_nd_f32;xnn_run_subtract_nd_f32;xnn_run_subtract_nd_qs8;xnn_run_subtract_nd_qu8;xnn_setup_add_nd_f16;xnn_setup_add_nd_f32;xnn_setup_add_nd_qs8;xnn_setup_add_nd_qu8;xnn_setup_copysign_nd_f32;xnn_setup_divide_nd_f16;xnn_setup_divide_nd_f32;xnn_setup_maximum_nd_f16;xnn_setup_maximum_nd_f32;xnn_setup_minimum_nd_f16;xnn_setup_minimum_nd_f32;xnn_setup_multiply_nd_f16;xnn_setup_multiply_nd_f32;xnn_setup_multiply_nd_qs8;xnn_setup_multiply_nd_qu8;xnn_setup_multiply_nd_s32;xnn_setup_squared_difference_nd_f16;xnn_setup_squared_difference_nd_f32;xnn_setup_subtract_nd_f16;xnn_setup_subtract_nd_f32;xnn_setup_subtract_nd_qs8;xnn_setup_subtract_nd_qu8
nnstreamer	armv7l	nnstreamer-tensorflow2-lite/usr/lib/nnstreamer/filters/libnnstreamer_filter_tensorflow2-lite.so	libtensorflow2-lite.a	bind.cc.o	4	_ZN4absl12lts_2023080219str_format_internal12BindWithPackEPKNS1_17UnboundConversionENS0_4SpanIKNS1_13FormatArgImplEEEPNS1_15BoundConversionE;_ZN4absl12lts_2023080219str_format_internal13FormatUntypedENS1_17FormatRawSinkImplENS1_21UntypedFormatSpecImplENS0_4SpanIKNS1_13FormatArgImplEEE;_ZN4absl12lts_2023080219str_format_internal7FprintFEP8_IO_FILENS1_21UntypedFormatSpecImplENS0_4SpanIKNS1_13FormatArgImplEEE;_ZN4absl12lts_2023080219str_format_internal8SnprintFEPcjNS1_21UntypedFormatSpecImplENS0_4SpanIKNS1_13FormatArgImplEEE
nnstreamer	armv7l	nnstreamer-tensorflow2-lite/usr/lib/nnstreamer/filters/libnnstreamer_filter_tensorflow2-lite.so	libtensorflow2-lite.a	bitcast.cc.o	4	_ZN6tflite3ops7builtin16Register_BITCASTEv;_ZN6tflite3ops7builtin7bitcast14CalculateShapeEP13TfLiteContextPK12TfLiteTensorS7_PP14TfLiteIntArray;_ZN6tflite3ops7builtin7bitcast4EvalEP13TfLiteContextP10TfLiteNode;_ZN6tflite3ops7builtin7bitcast7PrepareEP13TfLiteContextP10TfLiteNode
nnstreamer	armv7l	nnstreamer-tensorflow2-lite/usr/lib/nnstreamer/filters/libnnstreamer_filter_tensorflow2-lite.so	libtensorflow2-lite.a	bitwise_xor.cc.o	5	_ZN6tflite3ops7builtin11bitwise_xor4EvalEP13TfLiteContextP10TfLiteNode;_ZN6tflite3ops7builtin11bitwise_xor4FreeEP13TfLiteContextPv;_ZN6tflite3ops7builtin11bitwise_xor4InitEP13TfLiteContextPKcj;_ZN6tflite3ops7builtin11bitwise_xor7PrepareEP13TfLiteContextP10TfLiteNode;_ZN6tflite3ops7builtin20Register_BITWISE_XOREv
nnstreamer	armv7l	nnstreamer-tensorflow2-lite/usr/lib/nnstreamer/filters/libnnstreamer_filter_tensorflow2-lite.so	libtensorflow2-lite.a	block_map.cc.o	5	_ZN3ruy12MakeBlockMapEiiiiiiiiRKNS_14CpuCacheParamsEPNS_8BlockMapE;_ZN3ruy15GetBlockByIndexERKNS_8BlockMapEiPNS_8SidePairIiEE;_ZN3ruy20GetBlockMatrixCoordsENS_4SideERKNS_8BlockMapEiPiS4_;_ZN3ruy20GetBlockMatrixCoordsERKNS_8BlockMapERKNS_8SidePairIiEEPS4_S7_;_ZN3ruy26IsObviouslyLinearTraversalEiiiiiRKNS_14CpuCacheParamsE
nnstreamer	armv7l	nnstreamer-tensorflow2-lite/usr/lib/nnstreamer/filters/libnnstreamer_filter_tensorflow2-lite.so	libtensorflow2-lite.a	blocking_counter.cc.o	2	_ZN3ruy15BlockingCounter14DecrementCountEv;_ZN3ruy15BlockingCounter5ResetEi
nnstreamer	armv7l	nnstreamer-tensorflow2-lite/usr/lib/nnstreamer/filters/libnnstreamer_filter_tensorflow2-lite.so	libtensorflow2-lite.a	broadcast_args.cc.o	4	_ZN6tflite3ops7builtin14broadcast_args4EvalEP13TfLiteContextP10TfLiteNode;_ZN6tflite3ops7builtin14broadcast_args7PrepareEP13TfLiteContextP10TfLiteNode;_ZN6tflite3ops7builtin14broadcast_args8EvalImplEP13TfLiteContextP10TfLiteNode;_ZN6tflite3ops7builtin23Register_BROADCAST_ARGSEv
nnstreamer	armv7l	nnstreamer-tensorflow2-lite/usr/lib/nnstreamer/filters/libnnstreamer_filter_tensorflow2-lite.so	libtensorflow2-lite.a	broadcast_to.cc.o	4	_ZN6tflite3ops7builtin11broadcastto18ResizeOutputTensorEP13TfLiteContextPNS2_18BroadcastToContextE;_ZN6tflite3ops7builtin11broadcastto4EvalEP13TfLiteContextP10TfLiteNode;_ZN6tflite3ops7builtin11broadcastto7PrepareEP13TfLiteContextP10TfLiteNode;_ZN6tflite3ops7builtin21Register_BROADCAST_TOEv
nnstreamer	armv7l	nnstreamer-tensorflow2-lite/usr/lib/nnstreamer/filters/libnnstreamer_filter_tensorflow2-lite.so	libtensorflow2-lite.a	bucketize.cc.o	1	_ZN6tflite3ops7builtin18Register_BUCKETIZEEv
nnstreamer	armv7l	nnstreamer-tensorflow2-lite/usr/lib/nnstreamer/filters/libnnstreamer_filter_tensorflow2-lite.so	libtensorflow2-lite.a	buffer.cc.o	18	_ZN6tflite3gpu2cl18CreateBufferSharedEP7_cl_mem;_ZN6tflite3gpu2cl20CreateReadOnlyBufferEjPKvPNS1_9CLContextEPNS1_6BufferE;_ZN6tflite3gpu2cl20CreateReadOnlyBufferEjPNS1_9CLContextEPNS1_6BufferE;_ZN6tflite3gpu2cl21CreateReadWriteBufferEjPNS1_9CLContextEPNS1_6BufferE;_ZN6tflite3gpu2cl24CreateReadWriteSubBufferERKNS1_6BufferEjjPNS1_9CLContextEPS2_;_ZN6tflite3gpu2cl6Buffer26CreateFromBufferDescriptorERKNS0_16BufferDescriptorEPNS1_9CLContextE;_ZN6tflite3gpu2cl6Buffer7ReleaseEv;_ZN6tflite3gpu2cl6BufferC1EOS2_;_ZN6tflite3gpu2cl6BufferC1EP7_cl_mem;_ZN6tflite3gpu2cl6BufferC1EP7_cl_memjb;_ZN6tflite3gpu2cl6BufferC2EOS2_;_ZN6tflite3gpu2cl6BufferC2EP7_cl_mem;_ZN6tflite3gpu2cl6BufferC2EP7_cl_memjb;_ZN6tflite3gpu2cl6BufferaSEOS2_;_ZNK6tflite3gpu2cl6Buffer15GetGPUResourcesEPKNS0_19GPUObjectDescriptorEPNS1_21GPUResourcesWithValueE;_ZTIN6tflite3gpu2cl6BufferE;_ZTSN6tflite3gpu2cl6BufferE;_ZTVN6tflite3gpu2cl6BufferE
nnstreamer	armv7l	nnstreamer-tensorflow2-lite/usr/lib/nnstreamer/filters/libnnstreamer_filter_tensorflow2-lite.so	libtensorflow2-lite.a	buffer_desc.cc.o	5	_ZN6tflite3gpu16BufferDescriptor7ReleaseEv;_ZNK6tflite3gpu16BufferDescriptor15GetGPUResourcesERKNS0_7GpuInfoE;_ZTIN6tflite3gpu16BufferDescriptorE;_ZTSN6tflite3gpu16BufferDescriptorE;_ZTVN6tflite3gpu16BufferDescriptorE
nnstreamer	armv7l	nnstreamer-tensorflow2-lite/usr/lib/nnstreamer/filters/libnnstreamer_filter_tensorflow2-lite.so	libtensorflow2-lite.a	build_identifier.c.o	3	xnn_experimental_check_build_identifier;xnn_experimental_get_build_identifier_data;xnn_experimental_get_build_identifier_size
nnstreamer	armv7l	nnstreamer-tensorflow2-lite/usr/lib/nnstreamer/filters/libnnstreamer_filter_tensorflow2-lite.so	libtensorflow2-lite.a	cache.c.o	17	murmur_hash3;xnn_finalize_weights_cache;xnn_get_or_insert_cache;xnn_init_cache_with_size;xnn_internal_delete_weights_cache;xnn_internal_finalize_weights_cache;xnn_internal_get_or_insert_weights_cache;xnn_internal_init_weights_cache;xnn_internal_init_weights_cache_with_size;xnn_internal_release_weights_cache;xnn_internal_reserve_space_in_weights_cache;xnn_internal_weights_cache_is_finalized;xnn_internal_weights_cache_look_up;xnn_internal_weights_cache_offset_to_addr;xnn_look_up_or_insert_weights_cache;xnn_weights_cache_is_finalized;xnn_weights_cache_look_up
nnstreamer	armv7l	nnstreamer-tensorflow2-lite/usr/lib/nnstreamer/filters/libnnstreamer_filter_tensorflow2-lite.so	libtensorflow2-lite.a	call_once.cc.o	5	_ZN6tflite3ops7builtin16call_once_kernel4EvalEP13TfLiteContextP10TfLiteNode;_ZN6tflite3ops7builtin16call_once_kernel4FreeEP13TfLiteContextPv;_ZN6tflite3ops7builtin16call_once_kernel4InitEP13TfLiteContextPKcj;_ZN6tflite3ops7builtin16call_once_kernel7PrepareEP13TfLiteContextP10TfLiteNode;_ZN6tflite3ops7builtin18Register_CALL_ONCEEv
nnstreamer	armv7l	nnstreamer-tensorflow2-lite/usr/lib/nnstreamer/filters/libnnstreamer_filter_tensorflow2-lite.so	libtensorflow2-lite.a	cast.cc.o	2	_ZN6tflite3gpu10CreateCastERKNS0_12OperationDefERKNS0_7GpuInfoE;_ZN6tflite3ops7builtin13Register_CASTEv
nnstreamer	armv7l	nnstreamer-tensorflow2-lite/usr/lib/nnstreamer/filters/libnnstreamer_filter_tensorflow2-lite.so	libtensorflow2-lite.a	ceil.cc.o	3	_ZN6tflite3ops7builtin13Register_CEILEv;_ZN6tflite3ops7builtin4ceil4EvalEP13TfLiteContextP10TfLiteNode;_ZN6tflite3ops7builtin4ceil7PrepareEP13TfLiteContextP10TfLiteNode
nnstreamer	armv7l	nnstreamer-tensorflow2-lite/usr/lib/nnstreamer/filters/libnnstreamer_filter_tensorflow2-lite.so	libtensorflow2-lite.a	ceiling.c.o	1	xnn_define_ceiling
nnstreamer	armv7l	nnstreamer-tensorflow2-lite/usr/lib/nnstreamer/filters/libnnstreamer_filter_tensorflow2-lite.so	libtensorflow2-lite.a	charconv.cc.o	2	_ZN4absl12lts_2023080210from_charsEPKcS2_RdNS0_12chars_formatE;_ZN4absl12lts_2023080210from_charsEPKcS2_RfNS0_12chars_formatE
nnstreamer	armv7l	nnstreamer-tensorflow2-lite/usr/lib/nnstreamer/filters/libnnstreamer_filter_tensorflow2-lite.so	libtensorflow2-lite.a	charconv_bigint.cc.o	2	_ZN4absl12lts_2023080216strings_internal10kFiveToNthE;_ZN4absl12lts_2023080216strings_internal9kTenToNthE
nnstreamer	armv7l	nnstreamer-tensorflow2-lite/usr/lib/nnstreamer/filters/libnnstreamer_filter_tensorflow2-lite.so	libtensorflow2-lite.a	chipset.c.o	1	cpuinfo_arm_fixup_raspberry_pi_chipset
nnstreamer	armv7l	nnstreamer-tensorflow2-lite/usr/lib/nnstreamer/filters/libnnstreamer_filter_tensorflow2-lite.so	libtensorflow2-lite.a	city.cc.o	4	_ZN4absl12lts_2023080213hash_internal10CityHash32EPKcj;_ZN4absl12lts_2023080213hash_internal10CityHash64EPKcj;_ZN4absl12lts_2023080213hash_internal18CityHash64WithSeedEPKcjy;_ZN4absl12lts_2023080213hash_internal19CityHash64WithSeedsEPKcjyy
nnstreamer	armv7l	nnstreamer-tensorflow2-lite/usr/lib/nnstreamer/filters/libnnstreamer_filter_tensorflow2-lite.so	libtensorflow2-lite.a	cl_arguments.cc.o	10	_ZN6tflite3gpu2cl11CLArguments13AddObjectArgsERKNS0_7GpuInfoERKNS0_9ArgumentsE;_ZN6tflite3gpu2cl11CLArguments13CopyArgumentsERKNS0_9ArgumentsEb;_ZN6tflite3gpu2cl11CLArguments15AllocateObjectsERKNS0_9ArgumentsEPNS1_9CLContextE;_ZN6tflite3gpu2cl11CLArguments19SetObjectsResourcesERKNS0_9ArgumentsE;_ZN6tflite3gpu2cl11CLArguments4BindEP10_cl_kerneli;_ZN6tflite3gpu2cl11CLArguments4InitERKNS0_7GpuInfoEPNS0_9ArgumentsEPNS1_9CLContextE;_ZNK6tflite3gpu2cl11CLArguments23HasEqualScalarArgumentsERKS2_;_ZTIN6tflite3gpu2cl11CLArgumentsE;_ZTSN6tflite3gpu2cl11CLArgumentsE;_ZTVN6tflite3gpu2cl11CLArgumentsE
nnstreamer	armv7l	nnstreamer-tensorflow2-lite/usr/lib/nnstreamer/filters/libnnstreamer_filter_tensorflow2-lite.so	libtensorflow2-lite.a	cl_command_buffer.cc.o	7	_ZN6tflite3gpu2cl15CLCommandBuffer4InitEPNS1_14CLCommandQueueEb;_ZN6tflite3gpu2cl15CLCommandBuffer7EnqueueEPNS1_14CLCommandQueueEPNS1_7CLEventE;_ZN6tflite3gpu2cl15CLCommandBuffer7ReleaseEv;_ZN6tflite3gpu2cl15CLCommandBuffer8FinalizeEv;_ZN6tflite3gpu2cl15CLCommandBufferC1EOS2_;_ZN6tflite3gpu2cl15CLCommandBufferC2EOS2_;_ZN6tflite3gpu2cl15CLCommandBufferaSEOS2_
nnstreamer	armv7l	nnstreamer-tensorflow2-lite/usr/lib/nnstreamer/filters/libnnstreamer_filter_tensorflow2-lite.so	libtensorflow2-lite.a	cl_command_queue.cc.o	36	_ZN6tflite3gpu2cl14CLCommandQueue12EnqueueEventEPNS1_7CLEventE;_ZN6tflite3gpu2cl14CLCommandQueue16EnqueueReadImageEP7_cl_memNS0_4Vec3IiEEPvb;_ZN6tflite3gpu2cl14CLCommandQueue17EnqueueReadBufferEP7_cl_memjPvb;_ZN6tflite3gpu2cl14CLCommandQueue17EnqueueWriteImageEP7_cl_memNS0_4Vec3IiEEPKvb;_ZN6tflite3gpu2cl14CLCommandQueue17WaitForCompletionEv;_ZN6tflite3gpu2cl14CLCommandQueue18EnqueueWriteBufferEP7_cl_memjPKvb;_ZN6tflite3gpu2cl14CLCommandQueue7ReleaseEv;_ZN6tflite3gpu2cl14CLCommandQueue8DispatchERKNS1_8CLKernelERKNS0_4Vec3IiEES9_;_ZN6tflite3gpu2cl14CLCommandQueue8DispatchERKNS1_8CLKernelERKNS0_4Vec3IiEES9_PNS1_7CLEventE;_ZN6tflite3gpu2cl14CLCommandQueueC1EOS2_;_ZN6tflite3gpu2cl14CLCommandQueueC1EP17_cl_command_queueb;_ZN6tflite3gpu2cl14CLCommandQueueC2EOS2_;_ZN6tflite3gpu2cl14CLCommandQueueC2EP17_cl_command_queueb;_ZN6tflite3gpu2cl14CLCommandQueueD0Ev;_ZN6tflite3gpu2cl14CLCommandQueueD1Ev;_ZN6tflite3gpu2cl14CLCommandQueueD2Ev;_ZN6tflite3gpu2cl14CLCommandQueueaSEOS2_;_ZN6tflite3gpu2cl20CreateCLCommandQueueERKNS1_8CLDeviceERKNS1_9CLContextEPNS1_14CLCommandQueueE;_ZN6tflite3gpu2cl21ProfilingCommandQueue14DispatchNTimesERKNS1_8CLKernelERKNS0_4Vec3IiEES9_ii;_ZN6tflite3gpu2cl21ProfilingCommandQueue17ResetMeasurementsEv;_ZN6tflite3gpu2cl21ProfilingCommandQueue8DispatchERKNS1_8CLKernelERKNS0_4Vec3IiEES9_;_ZN6tflite3gpu2cl21ProfilingCommandQueueC1EOS2_;_ZN6tflite3gpu2cl21ProfilingCommandQueueC1EP17_cl_command_queue;_ZN6tflite3gpu2cl21ProfilingCommandQueueC2EOS2_;_ZN6tflite3gpu2cl21ProfilingCommandQueueC2EP17_cl_command_queue;_ZN6tflite3gpu2cl21ProfilingCommandQueueaSEOS2_;_ZN6tflite3gpu2cl27CreateProfilingCommandQueueERKNS1_8CLDeviceERKNS1_9CLContextEPNS1_21ProfilingCommandQueueE;_ZNK6tflite3gpu2cl21ProfilingCommandQueue16GetProfilingInfoEv;_ZNK6tflite3gpu2cl21ProfilingCommandQueue20GetSumOfEventsTimeMsEv;_ZNK6tflite3gpu2cl21ProfilingCommandQueue23GetQueueExecutionTimeMsEv;_ZTIN6tflite3gpu2cl14CLCommandQueueE;_ZTIN6tflite3gpu2cl21ProfilingCommandQueueE;_ZTSN6tflite3gpu2cl14CLCommandQueueE;_ZTSN6tflite3gpu2cl21ProfilingCommandQueueE;_ZTVN6tflite3gpu2cl14CLCommandQueueE;_ZTVN6tflite3gpu2cl21ProfilingCommandQueueE
nnstreamer	armv7l	nnstreamer-tensorflow2-lite/usr/lib/nnstreamer/filters/libnnstreamer_filter_tensorflow2-lite.so	libtensorflow2-lite.a	cl_context.cc.o	13	_ZN6tflite3gpu2cl15CreateCLContextERKNS1_8CLDeviceEPNS1_9CLContextE;_ZN6tflite3gpu2cl17CreateCLGLContextERKNS1_8CLDeviceEiiPNS1_9CLContextE;_ZN6tflite3gpu2cl9CLContext7ReleaseEv;_ZN6tflite3gpu2cl9CLContextC1EOS2_;_ZN6tflite3gpu2cl9CLContextC1EP11_cl_contextb;_ZN6tflite3gpu2cl9CLContextC1EP11_cl_contextbRNS1_8CLDeviceE;_ZN6tflite3gpu2cl9CLContextC2EOS2_;_ZN6tflite3gpu2cl9CLContextC2EP11_cl_contextb;_ZN6tflite3gpu2cl9CLContextC2EP11_cl_contextbRNS1_8CLDeviceE;_ZN6tflite3gpu2cl9CLContextD1Ev;_ZN6tflite3gpu2cl9CLContextD2Ev;_ZN6tflite3gpu2cl9CLContextaSEOS2_;_ZNK6tflite3gpu2cl9CLContext25IsFloatTexture2DSupportedEiNS0_8DataTypeEy
nnstreamer	armv7l	nnstreamer-tensorflow2-lite/usr/lib/nnstreamer/filters/libnnstreamer_filter_tensorflow2-lite.so	libtensorflow2-lite.a	cl_device.cc.o	10	_ZN6tflite3gpu2cl22CreateDefaultGPUDeviceEPNS1_8CLDeviceE;_ZN6tflite3gpu2cl8CLDevice27DisableOneLayerTextureArrayEv;_ZN6tflite3gpu2cl8CLDeviceC1EOS2_;_ZN6tflite3gpu2cl8CLDeviceC1EP13_cl_device_idP15_cl_platform_id;_ZN6tflite3gpu2cl8CLDeviceC1ERKS2_;_ZN6tflite3gpu2cl8CLDeviceC2EOS2_;_ZN6tflite3gpu2cl8CLDeviceC2EP13_cl_device_idP15_cl_platform_id;_ZN6tflite3gpu2cl8CLDeviceC2ERKS2_;_ZN6tflite3gpu2cl8CLDeviceaSEOS2_;_ZN6tflite3gpu2cl8CLDeviceaSERKS2_
nnstreamer	armv7l	nnstreamer-tensorflow2-lite/usr/lib/nnstreamer/filters/libnnstreamer_filter_tensorflow2-lite.so	libtensorflow2-lite.a	cl_event.cc.o	13	_ZN6tflite3gpu2cl7CLEvent7ReleaseEv;_ZN6tflite3gpu2cl7CLEventC1EOS2_;_ZN6tflite3gpu2cl7CLEventC1EP9_cl_event;_ZN6tflite3gpu2cl7CLEventC2EOS2_;_ZN6tflite3gpu2cl7CLEventC2EP9_cl_event;_ZN6tflite3gpu2cl7CLEventD1Ev;_ZN6tflite3gpu2cl7CLEventD2Ev;_ZN6tflite3gpu2cl7CLEventaSEOS2_;_ZNK6tflite3gpu2cl7CLEvent14GetEventTimeMsEv;_ZNK6tflite3gpu2cl7CLEvent14GetEventTimeNsEv;_ZNK6tflite3gpu2cl7CLEvent16GetStartedTimeNsEv;_ZNK6tflite3gpu2cl7CLEvent17GetFinishedTimeNsEv;_ZNK6tflite3gpu2cl7CLEvent4WaitEv
nnstreamer	armv7l	nnstreamer-tensorflow2-lite/usr/lib/nnstreamer/filters/libnnstreamer_filter_tensorflow2-lite.so	libtensorflow2-lite.a	cl_image_format.cc.o	2	_ZN6tflite3gpu2cl14ToChannelOrderEi;_ZN6tflite3gpu2cl21DataTypeToChannelTypeENS0_8DataTypeEb
nnstreamer	armv7l	nnstreamer-tensorflow2-lite/usr/lib/nnstreamer/filters/libnnstreamer_filter_tensorflow2-lite.so	libtensorflow2-lite.a	cl_kernel.cc.o	11	_ZN6tflite3gpu2cl8CLKernel12SetBytesAutoEPKvi;_ZN6tflite3gpu2cl8CLKernel13SetMemoryAutoEP7_cl_mem;_ZN6tflite3gpu2cl8CLKernel7ReleaseEv;_ZN6tflite3gpu2cl8CLKernel9SetMemoryEiP7_cl_mem;_ZN6tflite3gpu2cl8CLKernelC1EOS2_;_ZN6tflite3gpu2cl8CLKernelC2EOS2_;_ZN6tflite3gpu2cl8CLKernelD1Ev;_ZN6tflite3gpu2cl8CLKernelD2Ev;_ZN6tflite3gpu2cl8CLKernelaSEOS2_;_ZNK6tflite3gpu2cl8CLKernel6ReInitEv;_ZNK6tflite3gpu2cl8CLKernel8SetBytesEiPKvi
nnstreamer	armv7l	nnstreamer-tensorflow2-lite/usr/lib/nnstreamer/filters/libnnstreamer_filter_tensorflow2-lite.so	libtensorflow2-lite.a	cl_operation.cc.o	6	_ZN6tflite3gpu2cl11ClOperation12SetDstTensorEiPNS1_6TensorE;_ZN6tflite3gpu2cl11ClOperation12SetSrcTensorEiPNS1_6TensorE;_ZN6tflite3gpu2cl11ClOperation12UpdateParamsEv;_ZN6tflite3gpu2cl11ClOperation19RestoreDeserializedERKNS1_12ProgramCacheEyRKNS0_7GpuInfoERKNS0_4Vec3IiEEPNS1_9CLContextE;_ZN6tflite3gpu2cl11ClOperation4TuneENS0_10TuningTypeERKNS0_7GpuInfoEPNS1_21ProfilingCommandQueueE;_ZN6tflite3gpu2cl11ClOperation7CompileERKNS1_15CreationContextE
nnstreamer	armv7l	nnstreamer-tensorflow2-lite/usr/lib/nnstreamer/filters/libnnstreamer_filter_tensorflow2-lite.so	libtensorflow2-lite.a	cl_program.cc.o	9	_ZN6tflite3gpu2cl25CreateCLProgramFromBinaryERKNS1_9CLContextERKNS1_8CLDeviceEN4absl12lts_202308024SpanIKhEEPNS1_9CLProgramE;_ZN6tflite3gpu2cl9CLProgram7ReleaseEv;_ZN6tflite3gpu2cl9CLProgramC1EOS2_;_ZN6tflite3gpu2cl9CLProgramC1EP11_cl_programP13_cl_device_id;_ZN6tflite3gpu2cl9CLProgramC2EOS2_;_ZN6tflite3gpu2cl9CLProgramC2EP11_cl_programP13_cl_device_id;_ZN6tflite3gpu2cl9CLProgramD1Ev;_ZN6tflite3gpu2cl9CLProgramD2Ev;_ZN6tflite3gpu2cl9CLProgramaSEOS2_
nnstreamer	armv7l	nnstreamer-tensorflow2-lite/usr/lib/nnstreamer/filters/libnnstreamer_filter_tensorflow2-lite.so	libtensorflow2-lite.a	clamp.c.o	1	xnn_define_clamp
nnstreamer	armv7l	nnstreamer-tensorflow2-lite/usr/lib/nnstreamer/filters/libnnstreamer_filter_tensorflow2-lite.so	libtensorflow2-lite.a	clock.cc.o	2	_ZN4absl12lts_2023080219GetCurrentTimeNanosEv;_ZN4absl12lts_202308023NowEv
nnstreamer	armv7l	nnstreamer-tensorflow2-lite/usr/lib/nnstreamer/filters/libnnstreamer_filter_tensorflow2-lite.so	libtensorflow2-lite.a	common.cc.o	27	TfLiteDelegateCreate;TfLiteFloatArrayCopy;TfLiteFloatArrayCreate;TfLiteFloatArrayFree;TfLiteFloatArrayGetSizeInBytes;TfLiteIntArrayCopy;TfLiteIntArrayCreate;TfLiteIntArrayEqual;TfLiteIntArrayEqualsArray;TfLiteIntArrayFree;TfLiteIntArrayGetSizeInBytes;TfLiteQuantizationFree;TfLiteSparsityFree;TfLiteTensorCopy;TfLiteTensorDataFree;TfLiteTensorFree;TfLiteTensorGetAllocationStrategy;TfLiteTensorGetBufferAddressStability;TfLiteTensorGetDataKnownStep;TfLiteTensorGetDataStability;TfLiteTensorGetShapeKnownStep;TfLiteTensorRealloc;TfLiteTensorReset;TfLiteTensorResizeMaybeCopy;TfLiteTypeGetName;_ZN6tflite29MultiplyByQuantizedMultiplierEiii;_ZN6tflite29MultiplyByQuantizedMultiplierExii
nnstreamer	armv7l	nnstreamer-tensorflow2-lite/usr/lib/nnstreamer/filters/libnnstreamer_filter_tensorflow2-lite.so	libtensorflow2-lite.a	common_internal.cc.o	4	_Z29TfLiteDelegatePrepareInternalP13TfLiteContextP14TfLiteDelegate;_Z30TfLiteDelegateGetFlagsInternalP14TfLiteDelegate;_Z38TfLiteDelegateFreeBufferHandleInternalP13TfLiteContextP14TfLiteDelegatePi;_Z42TfLiteDelegateCopyFromBufferHandleInternalP13TfLiteContextP14TfLiteDelegateiP12TfLiteTensor
nnstreamer	armv7l	nnstreamer-tensorflow2-lite/usr/lib/nnstreamer/filters/libnnstreamer_filter_tensorflow2-lite.so	libtensorflow2-lite.a	comparisons.cc.o	7	_ZN6tflite13reference_ops35BroadcastComparison4DSlowPreprocessERKNS_12RuntimeShapeES3_S3_;_ZN6tflite3ops7builtin13Register_LESSEv;_ZN6tflite3ops7builtin14Register_EQUALEv;_ZN6tflite3ops7builtin16Register_GREATEREv;_ZN6tflite3ops7builtin18Register_NOT_EQUALEv;_ZN6tflite3ops7builtin19Register_LESS_EQUALEv;_ZN6tflite3ops7builtin22Register_GREATER_EQUALEv
nnstreamer	armv7l	nnstreamer-tensorflow2-lite/usr/lib/nnstreamer/filters/libnnstreamer_filter_tensorflow2-lite.so	libtensorflow2-lite.a	complex_support.cc.o	7	_ZN6tflite3ops7builtin13Register_IMAGEv;_ZN6tflite3ops7builtin13Register_REALEv;_ZN6tflite3ops7builtin20Register_COMPLEX_ABSEv;_ZN6tflite3ops7builtin7complex7EvalAbsEP13TfLiteContextP10TfLiteNode;_ZN6tflite3ops7builtin7complex7PrepareEP13TfLiteContextP10TfLiteNode;_ZN6tflite3ops7builtin7complex8EvalImagEP13TfLiteContextP10TfLiteNode;_ZN6tflite3ops7builtin7complex8EvalRealEP13TfLiteContextP10TfLiteNode
nnstreamer	armv7l	nnstreamer-tensorflow2-lite/usr/lib/nnstreamer/filters/libnnstreamer_filter_tensorflow2-lite.so	libtensorflow2-lite.a	concat_xy.cc.o	1	_ZN6tflite3gpu14CreateConcatXYERKNS0_12OperationDefERKNS0_16ConcatAttributesE
nnstreamer	armv7l	nnstreamer-tensorflow2-lite/usr/lib/nnstreamer/filters/libnnstreamer_filter_tensorflow2-lite.so	libtensorflow2-lite.a	concatenate.c.o	7	check_input_compute_type;check_input_value;xnn_define_concatenate2;xnn_define_concatenate3;xnn_define_concatenate4;xnn_define_concatenate5;xnn_define_concatenate_n
nnstreamer	armv7l	nnstreamer-tensorflow2-lite/usr/lib/nnstreamer/filters/libnnstreamer_filter_tensorflow2-lite.so	libtensorflow2-lite.a	concatenation.cc.o	4	_ZN6tflite3ops7builtin13concatenation7PrepareEP13TfLiteContextP10TfLiteNode;_ZN6tflite3ops7builtin22Register_CONCATENATIONEv;_ZN6tflite3ops7builtin26Register_CONCATENATION_REFEv;_ZN6tflite3ops7builtin34Register_CONCATENATION_GENERIC_OPTEv
nnstreamer	armv7l	nnstreamer-tensorflow2-lite/usr/lib/nnstreamer/filters/libnnstreamer_filter_tensorflow2-lite.so	libtensorflow2-lite.a	constant-pad-nd.c.o	13	run_constant_pad_nd;xnn_create_constant_pad_nd_x16;xnn_create_constant_pad_nd_x32;xnn_create_constant_pad_nd_x8;xnn_reshape_constant_pad_nd_x16;xnn_reshape_constant_pad_nd_x32;xnn_reshape_constant_pad_nd_x8;xnn_run_constant_pad_nd_x16;xnn_run_constant_pad_nd_x32;xnn_run_constant_pad_nd_x8;xnn_setup_constant_pad_nd_x16;xnn_setup_constant_pad_nd_x32;xnn_setup_constant_pad_nd_x8
nnstreamer	armv7l	nnstreamer-tensorflow2-lite/usr/lib/nnstreamer/filters/libnnstreamer_filter_tensorflow2-lite.so	libtensorflow2-lite.a	context.cc.o	19	_ZN3ruy7Context11mutable_ctxEv;_ZN3ruy7Context19ClearPrepackedCacheEv;_ZN3ruy7Context19mutable_thread_poolEv;_ZN3ruy7Context19set_explicit_tuningENS_6TuningE;_ZN3ruy7Context19set_max_num_threadsEi;_ZN3ruy7Context24set_num_threads_strategyENS_18NumThreadsStrategyE;_ZN3ruy7Context25get_runtime_enabled_pathsEv;_ZN3ruy7Context25set_runtime_enabled_pathsENS_4PathE;_ZN3ruy7ContextC1Ev;_ZN3ruy7ContextC2Ev;_ZN3ruy7ContextD1Ev;_ZN3ruy7ContextD2Ev;_ZNK3ruy7Context11thread_poolEv;_ZNK3ruy7Context14last_used_pathEv;_ZNK3ruy7Context15explicit_tuningEv;_ZNK3ruy7Context15max_num_threadsEv;_ZNK3ruy7Context20num_threads_strategyEv;_ZNK3ruy7Context20performance_advisoryENS_19PerformanceAdvisoryE;_ZNK3ruy7Context3ctxEv
nnstreamer	armv7l	nnstreamer-tensorflow2-lite/usr/lib/nnstreamer/filters/libnnstreamer_filter_tensorflow2-lite.so	libtensorflow2-lite.a	context_get_ctx.cc.o	2	_ZN3ruy7get_ctxEPKNS_7ContextE;_ZN3ruy7get_ctxEPNS_7ContextE
nnstreamer	armv7l	nnstreamer-tensorflow2-lite/usr/lib/nnstreamer/filters/libnnstreamer_filter_tensorflow2-lite.so	libtensorflow2-lite.a	conv.cc.o	12	_ZN6tflite3ops7builtin16Register_CONV_2DEv;_ZN6tflite3ops7builtin22Register_CONV_2D_UINT8Ev;_ZN6tflite3ops7builtin24Register_CONVOLUTION_REFEv;_ZN6tflite3ops7builtin30Register_CONVOLUTION_CBLAS_OPTEv;_ZN6tflite3ops7builtin32Register_CONVOLUTION_GENERIC_OPTEv;_ZN6tflite3ops7builtin38Register_CONVOLUTION_GENERIC_OPT_UINT8Ev;_ZN6tflite3ops7builtin38Register_CONVOLUTION_MULTITHREADED_OPTEv;_ZN6tflite3ops7builtin4conv16IsIm2ColRequiredEPK12TfLiteTensorP16TfLiteConvParamsS5_PNS2_6OpDataEbNS2_10KernelTypeE;_ZN6tflite3ops7builtin4conv20TransposeFloatTensorEPK12TfLiteTensorPS3_;_ZN6tflite3ops7builtin4conv4FreeEP13TfLiteContextPv;_ZN6tflite3ops7builtin4conv4InitEP13TfLiteContextPKcj;_ZN6tflite3ops7builtin4conv7PrepareENS2_10KernelTypeEP13TfLiteContextP10TfLiteNode
nnstreamer	armv7l	nnstreamer-tensorflow2-lite/usr/lib/nnstreamer/filters/libnnstreamer_filter_tensorflow2-lite.so	libtensorflow2-lite.a	conv3d.cc.o	9	_ZN6tflite3ops7builtin16Register_CONV_3DEv;_ZN6tflite3ops7builtin20Register_CONV_3D_REFEv;_ZN6tflite3ops7builtin28Register_CONV_3D_GENERIC_OPTEv;_ZN6tflite3ops7builtin6conv3d34AllocateTemporaryTensorsIfRequiredENS2_10KernelTypeEP13TfLiteContextP10TfLiteNodePNS2_6OpDataEP18TfLiteConv3DParamsPK12TfLiteTensorj;_ZN6tflite3ops7builtin6conv3d4EvalENS2_10KernelTypeEP13TfLiteContextP10TfLiteNode;_ZN6tflite3ops7builtin6conv3d4FreeEP13TfLiteContextPv;_ZN6tflite3ops7builtin6conv3d4InitEP13TfLiteContextPKcj;_ZN6tflite3ops7builtin6conv3d7PrepareENS2_10KernelTypeEP13TfLiteContextP10TfLiteNode;_ZN6tflite3ops7builtin6conv3d9EvalFloatENS2_10KernelTypeEP13TfLiteContextP10TfLiteNodeP18TfLiteConv3DParamsPNS2_6OpDataEPK12TfLiteTensorSE_SE_PSC_SF_
nnstreamer	armv7l	nnstreamer-tensorflow2-lite/usr/lib/nnstreamer/filters/libnnstreamer_filter_tensorflow2-lite.so	libtensorflow2-lite.a	conv3d_transpose.cc.o	9	_ZN6tflite3ops7builtin16conv3d_transpose31ResizeOutputAndTemporaryTensorsEP13TfLiteContextPNS2_6OpDataEP18TfLiteConv3DParamsPK12TfLiteTensorSB_SB_PS9_SC_;_ZN6tflite3ops7builtin16conv3d_transpose4EvalENS2_10KernelTypeEP13TfLiteContextP10TfLiteNode;_ZN6tflite3ops7builtin16conv3d_transpose4FreeEP13TfLiteContextPv;_ZN6tflite3ops7builtin16conv3d_transpose4InitEP13TfLiteContextPKcj;_ZN6tflite3ops7builtin16conv3d_transpose7PrepareENS2_10KernelTypeEP13TfLiteContextP10TfLiteNode;_ZN6tflite3ops7builtin16conv3d_transpose9EvalFloatENS2_10KernelTypeEP13TfLiteContextP10TfLiteNodeP18TfLiteConv3DParamsPNS2_6OpDataEPK12TfLiteTensorSE_SE_PSC_SF_;_ZN6tflite3ops7builtin26Register_CONV_3D_TRANSPOSEEv;_ZN6tflite3ops7builtin30Register_CONV_3D_TRANSPOSE_REFEv;_ZN6tflite3ops7builtin38Register_CONV_3D_TRANSPOSE_GENERIC_OPTEv
nnstreamer	armv7l	nnstreamer-tensorflow2-lite/usr/lib/nnstreamer/filters/libnnstreamer_filter_tensorflow2-lite.so	libtensorflow2-lite.a	conv_constants.cc.o	2	_ZN6tflite3gpu19CreateConvConstantsERKNS0_7GpuInfoERKNS0_12OperationDefERKNS0_23Convolution2DAttributesE;_ZN6tflite3gpu24IsConvConstantsSupportedERKNS0_7GpuInfoERKNS0_12OperationDefERKNS0_23Convolution2DAttributesE
nnstreamer	armv7l	nnstreamer-tensorflow2-lite/usr/lib/nnstreamer/filters/libnnstreamer_filter_tensorflow2-lite.so	libtensorflow2-lite.a	conv_generic.cc.o	42	_ZN6tflite3gpu11ConvGeneric12GenerateCodeERKNS0_7GpuInfoE;_ZN6tflite3gpu11ConvGeneric13BindArgumentsEPNS0_15ArgumentsBinderE;_ZN6tflite3gpu11ConvGeneric15GuessBestParamsERKNS0_7GpuInfoERKNS0_12OperationDefERKNS0_23Convolution2DAttributesEPKNS0_11StrongShapeILNS0_6LayoutE10EEE;_ZN6tflite3gpu11ConvGeneric15GuessBestParamsERKNS0_7GpuInfoERKNS0_12OperationDefERKNS0_23Convolution2DAttributesERKNS0_11StrongShapeILNS0_6LayoutE10EEEPSE_;_ZN6tflite3gpu11ConvGeneric15GuessBestParamsERKNS0_7GpuInfoERKNS0_12OperationDefERKNS0_23Convolution3DAttributesEPKNS0_11StrongShapeILNS0_6LayoutE12EEE;_ZN6tflite3gpu11ConvGeneric15GuessBestParamsERKNS0_7GpuInfoERKNS0_12OperationDefERKNS0_24FullyConnectedAttributesEPKNS0_11StrongShapeILNS0_6LayoutE10EEE;_ZN6tflite3gpu11ConvGeneric15GuessBestParamsERKNS0_7GpuInfoERKNS0_12OperationDefEiibbbPKNS0_11StrongShapeILNS0_6LayoutE10EEE;_ZN6tflite3gpu11ConvGeneric20GuessBestParamsAppleERKNS0_7GpuInfoERKNS0_12OperationDefEiibbbRKNS0_11StrongShapeILNS0_6LayoutE10EEE;_ZN6tflite3gpu11ConvGeneric24GuessBestParamsPointwiseERKNS0_7GpuInfoERKNS0_12OperationDefERKNS0_11StrongShapeILNS0_6LayoutE7EEEPKNS8_ILS9_10EEE;_ZN6tflite3gpu11ConvGenericC1EOS1_;_ZN6tflite3gpu11ConvGenericC1ERKNS0_12OperationDefE;_ZN6tflite3gpu11ConvGenericC1ERKNS0_12OperationDefERKNS0_23Convolution2DAttributesERKNS0_11StrongShapeILNS0_6LayoutE10EEERKNS0_7GpuInfoEPSB_;_ZN6tflite3gpu11ConvGenericC1ERKNS0_12OperationDefERKNS0_23Convolution2DAttributesERKNS0_7GpuInfoEPKNS0_11StrongShapeILNS0_6LayoutE10EEE;_ZN6tflite3gpu11ConvGenericC1ERKNS0_12OperationDefERKNS0_23Convolution3DAttributesERKNS0_7GpuInfoEPKNS0_11StrongShapeILNS0_6LayoutE12EEE;_ZN6tflite3gpu11ConvGenericC1ERKNS0_12OperationDefERKNS0_24FullyConnectedAttributesERKNS0_7GpuInfoEPKNS0_11StrongShapeILNS0_6LayoutE10EEE;_ZN6tflite3gpu11ConvGenericC2EOS1_;_ZN6tflite3gpu11ConvGenericC2ERKNS0_12OperationDefE;_ZN6tflite3gpu11ConvGenericC2ERKNS0_12OperationDefERKNS0_23Convolution2DAttributesERKNS0_11StrongShapeILNS0_6LayoutE10EEERKNS0_7GpuInfoEPSB_;_ZN6tflite3gpu11ConvGenericC2ERKNS0_12OperationDefERKNS0_23Convolution2DAttributesERKNS0_7GpuInfoEPKNS0_11StrongShapeILNS0_6LayoutE10EEE;_ZN6tflite3gpu11ConvGenericC2ERKNS0_12OperationDefERKNS0_23Convolution3DAttributesERKNS0_7GpuInfoEPKNS0_11StrongShapeILNS0_6LayoutE12EEE;_ZN6tflite3gpu11ConvGenericC2ERKNS0_12OperationDefERKNS0_24FullyConnectedAttributesERKNS0_7GpuInfoEPKNS0_11StrongShapeILNS0_6LayoutE10EEE;_ZN6tflite3gpu11ConvGenericaSEOS1_;_ZN6tflite3gpu12IsKernelXIs1ERKNS0_23Convolution2DAttributesE;_ZN6tflite3gpu12IsKernelYIs1ERKNS0_23Convolution2DAttributesE;_ZN6tflite3gpu14GetGroupsCountERKNS0_11StrongShapeILNS0_6LayoutE10EEERKNS0_4Vec3IiEERKNS0_4Vec4IiEE;_ZN6tflite3gpu17CreateConvGenericERKNS0_7GpuInfoERKNS0_12OperationDefERKNS0_23Convolution2DAttributesEPKNS0_11StrongShapeILNS0_6LayoutE10EEE;_ZN6tflite3gpu17CreateConvGenericERKNS0_7GpuInfoERKNS0_12OperationDefERKNS0_24FullyConnectedAttributesEPKNS0_11StrongShapeILNS0_6LayoutE10EEE;_ZN6tflite3gpu19CreateConvGeneric3DERKNS0_7GpuInfoERKNS0_12OperationDefERKNS0_23Convolution3DAttributesEPKNS0_11StrongShapeILNS0_6LayoutE12EEE;_ZN6tflite3gpu20GetConvParamsForA7A8ERKNS0_9AppleInfoEbbiRKNS0_11StrongShapeILNS0_6LayoutE10EEE;_ZN6tflite3gpu23GetRecommendedBlockSizeERKNS0_9AppleInfoERKNS0_11StrongShapeILNS0_6LayoutE10EEE;_ZN6tflite3gpu25CreateWorkGroupSizeOptionERKNS0_4Vec3IiEENS0_19WorkGroupSizeOption13ThreadMappingEfRKNS0_11StrongShapeILNS0_6LayoutE10EEERKNS0_4Vec4IiEE;_ZN6tflite3gpu25GetGroupsCountForLinearWHERKNS0_11StrongShapeILNS0_6LayoutE10EEERKNS0_4Vec3IiEERKNS0_4Vec4IiEE;_ZN6tflite3gpu26GetGroupsCountForLinearWHSERKNS0_11StrongShapeILNS0_6LayoutE10EEERKNS0_4Vec3IiEERKNS0_4Vec4IiEE;_ZN6tflite3gpu27GetConvParamsForA9AndHigherERKNS0_9AppleInfoEbbiRKNS0_11StrongShapeILNS0_6LayoutE10EEE;_ZN6tflite3gpu28GetMaximumPossibleWavesCountERKNS0_9AppleInfoERKNS0_11StrongShapeILNS0_6LayoutE10EEE;_ZN6tflite3gpu29CreateConvGenericWino4x4To6x6ERKNS0_7GpuInfoERKNS0_12OperationDefERKNS0_23Convolution2DAttributesEPKNS0_11StrongShapeILNS0_6LayoutE10EEE;_ZN6tflite3gpu30CreateConvGenericBatchedMatMulERKNS0_7GpuInfoERKNS0_12OperationDefERKNS0_11StrongShapeILNS0_6LayoutE7EEEPKNS7_ILS8_10EEE;_ZN6tflite3gpu31CreateConvGenericDynamicWeightsERKNS0_7GpuInfoERKNS0_12OperationDefERKNS0_23Convolution2DAttributesERKNS0_11StrongShapeILNS0_6LayoutE10EEEPSD_;_ZNK6tflite3gpu11ConvGeneric11GetGridSizeEv;_ZTIN6tflite3gpu11ConvGenericE;_ZTSN6tflite3gpu11ConvGenericE;_ZTVN6tflite3gpu11ConvGenericE
nnstreamer	armv7l	nnstreamer-tensorflow2-lite/usr/lib/nnstreamer/filters/libnnstreamer_filter_tensorflow2-lite.so	libtensorflow2-lite.a	conv_metal_simd.cc.o	7	_ZN6tflite3gpu26CreateConvolutionMetalSimdERKNS0_12OperationDefERKNS0_11StrongShapeILNS0_6LayoutE10EEERKNS0_23Convolution2DAttributesERKNS0_7GpuInfoE;_ZN6tflite3gpu30IsGoodTaskSizeForAppleConvSimdERKNS0_11StrongShapeILNS0_6LayoutE10EEERKNS0_7GpuInfoE;_ZN6tflite3gpu31IsConvolutionMetalSimdSupportedERKNS0_7GpuInfoERKNS0_12OperationDefERKNS0_23Convolution2DAttributesE;_ZNK6tflite3gpu20ConvolutionMetalSimd11GetGridSizeEv;_ZTIN6tflite3gpu20ConvolutionMetalSimdE;_ZTSN6tflite3gpu20ConvolutionMetalSimdE;_ZTVN6tflite3gpu20ConvolutionMetalSimdE
nnstreamer	armv7l	nnstreamer-tensorflow2-lite/usr/lib/nnstreamer/filters/libnnstreamer_filter_tensorflow2-lite.so	libtensorflow2-lite.a	conv_pointwise.cc.o	1	_ZN6tflite3gpu19CreateConvPointwiseERKNS0_12OperationDefERKNS0_23ConvPointwiseAttributesE
nnstreamer	armv7l	nnstreamer-tensorflow2-lite/usr/lib/nnstreamer/filters/libnnstreamer_filter_tensorflow2-lite.so	libtensorflow2-lite.a	conv_weights_converter.cc.o	9	_ZN6tflite3gpu22ConverterToConvWeights13BindArgumentsEPNS0_15ArgumentsBinderE;_ZN6tflite3gpu22ConverterToConvWeightsC1ERKNS0_12OperationDefERKNS0_18WeightsDescriptionENS0_6LayoutE;_ZN6tflite3gpu22ConverterToConvWeightsC2ERKNS0_12OperationDefERKNS0_18WeightsDescriptionENS0_6LayoutE;_ZN6tflite3gpu28CreateConverterToConvWeightsERKNS0_12OperationDefERKNS0_18WeightsDescriptionENS0_6LayoutE;_ZNK6tflite3gpu22ConverterToConvWeights11GetGridSizeEv;_ZNK6tflite3gpu22ConverterToConvWeights14GetWeightsSizeEv;_ZTIN6tflite3gpu22ConverterToConvWeightsE;_ZTSN6tflite3gpu22ConverterToConvWeightsE;_ZTVN6tflite3gpu22ConverterToConvWeightsE
nnstreamer	armv7l	nnstreamer-tensorflow2-lite/usr/lib/nnstreamer/filters/libnnstreamer_filter_tensorflow2-lite.so	libtensorflow2-lite.a	conversion.cc.o	3	_ZN6tflite3gpu22CreateTensorToTensorOpERKNS0_7GpuInfoERKNS0_16TensorDescriptorES6_;_ZN6tflite3gpu26CreateBhwcBufferToTensorOpERKNS0_7GpuInfoERKNS0_16BufferDescriptorERKNS0_16TensorDescriptorE;_ZN6tflite3gpu26CreateTensorToBhwcBufferOpERKNS0_7GpuInfoERKNS0_16TensorDescriptorERKNS0_16BufferDescriptorE
nnstreamer	armv7l	nnstreamer-tensorflow2-lite/usr/lib/nnstreamer/filters/libnnstreamer_filter_tensorflow2-lite.so	libtensorflow2-lite.a	convert.c.o	2	xnn_define_convert;xnn_init_convert_node
nnstreamer	armv7l	nnstreamer-tensorflow2-lite/usr/lib/nnstreamer/filters/libnnstreamer_filter_tensorflow2-lite.so	libtensorflow2-lite.a	converter.cc.o	1	_ZN6tflite3gpu2cl19NewConverterBuilderEPNS1_11EnvironmentE
nnstreamer	armv7l	nnstreamer-tensorflow2-lite/usr/lib/nnstreamer/filters/libnnstreamer_filter_tensorflow2-lite.so	libtensorflow2-lite.a	convolution-2d.c.o	1	xnn_define_convolution_2d
nnstreamer	armv7l	nnstreamer-tensorflow2-lite/usr/lib/nnstreamer/filters/libnnstreamer_filter_tensorflow2-lite.so	libtensorflow2-lite.a	convolution-nchw.c.o	6	xnn_create_convolution2d_nchw_f16;xnn_create_convolution2d_nchw_f32;xnn_reshape_convolution2d_nchw_f16;xnn_reshape_convolution2d_nchw_f32;xnn_setup_convolution2d_nchw_f16;xnn_setup_convolution2d_nchw_f32
nnstreamer	armv7l	nnstreamer-tensorflow2-lite/usr/lib/nnstreamer/filters/libnnstreamer_filter_tensorflow2-lite.so	libtensorflow2-lite.a	convolution-nhwc.c.o	22	xnn_create_convolution2d_nhwc_f16;xnn_create_convolution2d_nhwc_f32;xnn_create_convolution2d_nhwc_qd8_f16_qc8w;xnn_create_convolution2d_nhwc_qd8_f32_qc8w;xnn_create_convolution2d_nhwc_qs8;xnn_create_convolution2d_nhwc_qs8_qc8w;xnn_create_convolution2d_nhwc_qu8;xnn_create_fused_convolution2d_nhwc_f32;xnn_reshape_convolution2d_nhwc_f16;xnn_reshape_convolution2d_nhwc_f32;xnn_reshape_convolution2d_nhwc_qd8_f16_qc8w;xnn_reshape_convolution2d_nhwc_qd8_f32_qc8w;xnn_reshape_convolution2d_nhwc_qs8;xnn_reshape_convolution2d_nhwc_qs8_qc8w;xnn_reshape_convolution2d_nhwc_qu8;xnn_setup_convolution2d_nhwc_f16;xnn_setup_convolution2d_nhwc_f32;xnn_setup_convolution2d_nhwc_qd8_f16_qc8w;xnn_setup_convolution2d_nhwc_qd8_f32_qc8w;xnn_setup_convolution2d_nhwc_qs8;xnn_setup_convolution2d_nhwc_qs8_qc8w;xnn_setup_convolution2d_nhwc_qu8
nnstreamer	armv7l	nnstreamer-tensorflow2-lite/usr/lib/nnstreamer/filters/libnnstreamer_filter_tensorflow2-lite.so	libtensorflow2-lite.a	convolution_selector.cc.o	5	_ZN6tflite3gpu17SelectConvolutionERKNS0_23Convolution2DAttributesERKNS0_11StrongShapeILNS0_6LayoutE10EEERKNS0_7GpuInfoERKNS0_12OperationDefENS0_10ModelHintsE;_ZN6tflite3gpu28SelectConverterToConvWeightsERKNS0_18WeightsDescriptionERKNS0_12OperationDefENS0_10ModelHintsENS0_6LayoutE;_ZN6tflite3gpu28SelectConvolutionForWinogradERKNS0_23Convolution2DAttributesERKNS0_11StrongShapeILNS0_6LayoutE10EEERKNS0_7GpuInfoERKNS0_12OperationDefENS0_10ModelHintsE;_ZN6tflite3gpu30SelectConvolutionBatchedMatMulERKNS0_11StrongShapeILNS0_6LayoutE7EEERKNS1_ILS2_10EEERKNS0_7GpuInfoERKNS0_12OperationDefENS0_10ModelHintsEPNS0_18WeightsDescriptionE;_ZN6tflite3gpu35SelectConvolutionWithDynamicWeightsERKNS0_23Convolution2DAttributesERKNS0_11StrongShapeILNS0_6LayoutE10EEES8_RKNS0_7GpuInfoERKNS0_12OperationDefENS0_10ModelHintsEPNS0_18WeightsDescriptionE
nnstreamer	armv7l	nnstreamer-tensorflow2-lite/usr/lib/nnstreamer/filters/libnnstreamer_filter_tensorflow2-lite.so	libtensorflow2-lite.a	convolution_transposed.cc.o	12	_ZN6tflite3gpu21ConvolutionTransposed13BindArgumentsEPNS0_15ArgumentsBinderE;_ZN6tflite3gpu21ConvolutionTransposedC1ERKNS0_12OperationDefERKNS0_31ConvolutionTransposedAttributesERKNS0_7GpuInfoE;_ZN6tflite3gpu21ConvolutionTransposedC1ERKNS0_12OperationDefERKNS0_33ConvolutionTransposed3DAttributesERKNS0_7GpuInfoE;_ZN6tflite3gpu21ConvolutionTransposedC2ERKNS0_12OperationDefERKNS0_31ConvolutionTransposedAttributesERKNS0_7GpuInfoE;_ZN6tflite3gpu21ConvolutionTransposedC2ERKNS0_12OperationDefERKNS0_33ConvolutionTransposed3DAttributesERKNS0_7GpuInfoE;_ZN6tflite3gpu27CreateConvolutionTransposedERKNS0_7GpuInfoERKNS0_12OperationDefERKNS0_31ConvolutionTransposedAttributesE;_ZN6tflite3gpu29CreateConvolutionTransposed3DERKNS0_7GpuInfoERKNS0_12OperationDefERKNS0_33ConvolutionTransposed3DAttributesE;_ZN6tflite3gpu41CreateConvolutionTransposedDynamicWeightsERKNS0_7GpuInfoERKNS0_12OperationDefERKNS0_31ConvolutionTransposedAttributesE;_ZNK6tflite3gpu21ConvolutionTransposed11GetGridSizeEv;_ZTIN6tflite3gpu21ConvolutionTransposedE;_ZTSN6tflite3gpu21ConvolutionTransposedE;_ZTVN6tflite3gpu21ConvolutionTransposedE
nnstreamer	armv7l	nnstreamer-tensorflow2-lite/usr/lib/nnstreamer/filters/libnnstreamer_filter_tensorflow2-lite.so	libtensorflow2-lite.a	convolution_transposed_3x3.cc.o	12	_ZN6tflite3gpu24ConvolutionTransposed3x313BindArgumentsEPNS0_15ArgumentsBinderE;_ZN6tflite3gpu24ConvolutionTransposed3x313UploadWeightsERKNS0_6TensorINS0_11StrongShapeILNS0_6LayoutE7EEELNS0_8DataTypeE2EEE;_ZN6tflite3gpu24ConvolutionTransposed3x3C1ERKNS0_12OperationDefERKNS0_7GpuInfoENS0_4Vec2IiEE;_ZN6tflite3gpu24ConvolutionTransposed3x3C2ERKNS0_12OperationDefERKNS0_7GpuInfoENS0_4Vec2IiEE;_ZN6tflite3gpu30CreateConvolutionTransposed3x3ERKNS0_7GpuInfoERKNS0_12OperationDefERKNS0_31ConvolutionTransposedAttributesE;_ZN6tflite3gpu35IsConvolutionTransposed3x3SupportedERKNS0_12OperationDefERKNS0_31ConvolutionTransposedAttributesE;_ZN6tflite3gpu44CreateConvolutionTransposed3x3DynamicWeightsERKNS0_7GpuInfoERKNS0_12OperationDefERKNS0_31ConvolutionTransposedAttributesE;_ZNK6tflite3gpu24ConvolutionTransposed3x311GetGridSizeEv;_ZNK6tflite3gpu24ConvolutionTransposed3x322GetSpatialWeightsRemapEv;_ZTIN6tflite3gpu24ConvolutionTransposed3x3E;_ZTSN6tflite3gpu24ConvolutionTransposed3x3E;_ZTVN6tflite3gpu24ConvolutionTransposed3x3E
nnstreamer	armv7l	nnstreamer-tensorflow2-lite/usr/lib/nnstreamer/filters/libnnstreamer_filter_tensorflow2-lite.so	libtensorflow2-lite.a	convolution_transposed_3x3_thin.cc.o	11	_ZN6tflite3gpu28ConvolutionTransposed3x3Thin13UploadWeightsERKNS0_6TensorINS0_11StrongShapeILNS0_6LayoutE7EEELNS0_8DataTypeE2EEE;_ZN6tflite3gpu28ConvolutionTransposed3x3ThinC1ERKNS0_7GpuInfoERKNS0_12OperationDefERKNS0_31ConvolutionTransposedAttributesE;_ZN6tflite3gpu28ConvolutionTransposed3x3ThinC2ERKNS0_7GpuInfoERKNS0_12OperationDefERKNS0_31ConvolutionTransposedAttributesE;_ZN6tflite3gpu34CreateConvolutionTransposed3x3ThinERKNS0_7GpuInfoERKNS0_12OperationDefERKNS0_31ConvolutionTransposedAttributesE;_ZN6tflite3gpu39IsConvolutionTransposed3x3ThinSupportedERKNS0_31ConvolutionTransposedAttributesE;_ZN6tflite3gpu48CreateConvolutionTransposed3x3ThinDynamicWeightsERKNS0_7GpuInfoERKNS0_12OperationDefERKNS0_31ConvolutionTransposedAttributesE;_ZNK6tflite3gpu28ConvolutionTransposed3x3Thin11GetGridSizeEv;_ZNK6tflite3gpu28ConvolutionTransposed3x3Thin22GetSpatialWeightsRemapEv;_ZTIN6tflite3gpu28ConvolutionTransposed3x3ThinE;_ZTSN6tflite3gpu28ConvolutionTransposed3x3ThinE;_ZTVN6tflite3gpu28ConvolutionTransposed3x3ThinE
nnstreamer	armv7l	nnstreamer-tensorflow2-lite/usr/lib/nnstreamer/filters/libnnstreamer_filter_tensorflow2-lite.so	libtensorflow2-lite.a	convolution_transposed_4x4.cc.o	12	_ZN6tflite3gpu24ConvolutionTransposed4x413BindArgumentsEPNS0_15ArgumentsBinderE;_ZN6tflite3gpu24ConvolutionTransposed4x413UploadWeightsERKNS0_6TensorINS0_11StrongShapeILNS0_6LayoutE7EEELNS0_8DataTypeE2EEENS1_17WeightsUploadTypeE;_ZN6tflite3gpu24ConvolutionTransposed4x4C1ERKNS0_12OperationDefERKNS0_7GpuInfoE;_ZN6tflite3gpu24ConvolutionTransposed4x4C2ERKNS0_12OperationDefERKNS0_7GpuInfoE;_ZN6tflite3gpu30CreateConvolutionTransposed4x4ERKNS0_7GpuInfoERKNS0_12OperationDefERKNS0_31ConvolutionTransposedAttributesE;_ZN6tflite3gpu35IsConvolutionTransposed4x4SupportedERKNS0_12OperationDefERKNS0_31ConvolutionTransposedAttributesE;_ZN6tflite3gpu44CreateConvolutionTransposed4x4DynamicWeightsERKNS0_7GpuInfoERKNS0_12OperationDefERKNS0_31ConvolutionTransposedAttributesE;_ZNK6tflite3gpu24ConvolutionTransposed4x411GetGridSizeEv;_ZNK6tflite3gpu24ConvolutionTransposed4x422GetSpatialWeightsRemapEv;_ZTIN6tflite3gpu24ConvolutionTransposed4x4E;_ZTSN6tflite3gpu24ConvolutionTransposed4x4E;_ZTVN6tflite3gpu24ConvolutionTransposed4x4E
nnstreamer	armv7l	nnstreamer-tensorflow2-lite/usr/lib/nnstreamer/filters/libnnstreamer_filter_tensorflow2-lite.so	libtensorflow2-lite.a	convolution_transposed_selector.cc.o	2	_ZN6tflite3gpu27SelectConvolutionTransposedERKNS0_31ConvolutionTransposedAttributesERKNS0_7GpuInfoERKNS0_12OperationDefE;_ZN6tflite3gpu45SelectConvolutionTransposedWithDynamicWeightsERKNS0_31ConvolutionTransposedAttributesERKNS0_7GpuInfoERKNS0_12OperationDefEPNS0_18WeightsDescriptionE
nnstreamer	armv7l	nnstreamer-tensorflow2-lite/usr/lib/nnstreamer/filters/libnnstreamer_filter_tensorflow2-lite.so	libtensorflow2-lite.a	convolution_transposed_thin.cc.o	11	_ZN6tflite3gpu25ConvolutionTransposedThinC1EOS1_;_ZN6tflite3gpu25ConvolutionTransposedThinC1ERKNS0_12OperationDefERKNS0_31ConvolutionTransposedAttributesERKNS0_7GpuInfoE;_ZN6tflite3gpu25ConvolutionTransposedThinC2EOS1_;_ZN6tflite3gpu25ConvolutionTransposedThinC2ERKNS0_12OperationDefERKNS0_31ConvolutionTransposedAttributesERKNS0_7GpuInfoE;_ZN6tflite3gpu25ConvolutionTransposedThinaSEOS1_;_ZN6tflite3gpu31CreateConvolutionTransposedThinERKNS0_7GpuInfoERKNS0_12OperationDefERKNS0_31ConvolutionTransposedAttributesE;_ZN6tflite3gpu36IsConvolutionTransposedThinSupportedERKNS0_31ConvolutionTransposedAttributesE;_ZNK6tflite3gpu25ConvolutionTransposedThin11GetGridSizeEv;_ZTIN6tflite3gpu25ConvolutionTransposedThinE;_ZTSN6tflite3gpu25ConvolutionTransposedThinE;_ZTVN6tflite3gpu25ConvolutionTransposedThinE
nnstreamer	armv7l	nnstreamer-tensorflow2-lite/usr/lib/nnstreamer/filters/libnnstreamer_filter_tensorflow2-lite.so	libtensorflow2-lite.a	copy.c.o	4	define_copy_node;xnn_define_copy;xnn_define_static_expand_dims;xnn_define_static_reshape
nnstreamer	armv7l	nnstreamer-tensorflow2-lite/usr/lib/nnstreamer/filters/libnnstreamer_filter_tensorflow2-lite.so	libtensorflow2-lite.a	cord.cc.o	34	_ZN4absl12lts_2023080216strings_internal14CordTestAccess11LengthToTagEj;_ZN4absl12lts_2023080216strings_internal14CordTestAccess12FlatOverheadEv;_ZN4absl12lts_2023080216strings_internal14CordTestAccess13MaxFlatLengthEv;_ZN4absl12lts_2023080216strings_internal14CordTestAccess15FlatTagToLengthEh;_ZN4absl12lts_2023080216strings_internal14CordTestAccess21SizeofCordRepExternalEv;_ZN4absl12lts_2023080216strings_internal14CordTestAccess22SizeofCordRepSubstringEv;_ZN4absl12lts_202308024Cord12RemovePrefixEj;_ZN4absl12lts_202308024Cord12RemoveSuffixEj;_ZN4absl12lts_202308024Cord13ChunkIterator19AdvanceAndReadBytesEj;_ZN4absl12lts_202308024Cord15DestroyCordSlowEv;_ZN4absl12lts_202308024Cord15FlattenSlowPathEv;_ZN4absl12lts_202308024Cord15SetCrcCordStateENS0_12crc_internal12CrcCordStateE;_ZN4absl12lts_202308024Cord19SetExpectedChecksumEj;_ZN4absl12lts_202308024Cord23GetAppendBufferSlowPathEjjj;_ZN4absl12lts_202308024Cord5ClearEv;_ZN4absl12lts_202308024Cord6AppendEOS1_;_ZN4absl12lts_202308024Cord6AppendERKS1_;_ZN4absl12lts_202308024Cord7PrependERKS1_;_ZN4absl12lts_202308024Cord9InlineRep10AppendTreeEPNS0_13cord_internal7CordRepENS3_18CordzUpdateTracker16MethodIdentifierE;_ZN4absl12lts_202308024Cord9InlineRep10AssignSlowERKS2_;_ZN4absl12lts_202308024Cord9InlineRep11PrependTreeEPNS0_13cord_internal7CordRepENS3_18CordzUpdateTracker16MethodIdentifierE;_ZN4absl12lts_202308024Cord9InlineRep16AppendTreeToTreeEPNS0_13cord_internal7CordRepENS3_18CordzUpdateTracker16MethodIdentifierE;_ZN4absl12lts_202308024Cord9InlineRep17PrependTreeToTreeEPNS0_13cord_internal7CordRepENS3_18CordzUpdateTracker16MethodIdentifierE;_ZN4absl12lts_202308024Cord9InlineRep19AppendTreeToInlinedEPNS0_13cord_internal7CordRepENS3_18CordzUpdateTracker16MethodIdentifierE;_ZN4absl12lts_202308024Cord9InlineRep20PrependTreeToInlinedEPNS0_13cord_internal7CordRepENS3_18CordzUpdateTracker16MethodIdentifierE;_ZN4absl12lts_202308024Cord9InlineRep9UnrefTreeEv;_ZNK4absl12lts_202308024Cord10EqualsImplERKS1_j;_ZNK4absl12lts_202308024Cord11CompareImplERKS1_;_ZNK4absl12lts_202308024Cord16ExpectedChecksumEv;_ZNK4absl12lts_202308024Cord19CopyToArraySlowPathEPc;_ZNK4absl12lts_202308024Cord20MaybeGetCrcCordStateEv;_ZNK4absl12lts_202308024Cord7SubcordEjj;_ZNK4absl12lts_202308024Cord8EndsWithERKS1_;_ZNK4absl12lts_202308024CordixEj
nnstreamer	armv7l	nnstreamer-tensorflow2-lite/usr/lib/nnstreamer/filters/libnnstreamer_filter_tensorflow2-lite.so	libtensorflow2-lite.a	cord_internal.cc.o	4	_ZN4absl12lts_2023080213cord_internal16LogFatalNodeTypeEPNS1_7CordRepE;_ZN4absl12lts_2023080213cord_internal24cord_ring_buffer_enabledE;_ZN4absl12lts_2023080213cord_internal24shallow_subcords_enabledE;_ZN4absl12lts_2023080213cord_internal7CordRep7DestroyEPS2_
nnstreamer	armv7l	nnstreamer-tensorflow2-lite/usr/lib/nnstreamer/filters/libnnstreamer_filter_tensorflow2-lite.so	libtensorflow2-lite.a	cord_rep_btree.cc.o	19	_ZN4absl12lts_2023080213cord_internal12CordRepBtree10AppendSlowEPS2_PNS1_7CordRepE;_ZN4absl12lts_2023080213cord_internal12CordRepBtree10CopyPrefixEjb;_ZN4absl12lts_2023080213cord_internal12CordRepBtree10CopySuffixEj;_ZN4absl12lts_2023080213cord_internal12CordRepBtree10CreateSlowEPNS1_7CordRepE;_ZN4absl12lts_2023080213cord_internal12CordRepBtree10MergeTreesEPS2_S3_;_ZN4absl12lts_2023080213cord_internal12CordRepBtree11PrependSlowEPS2_PNS1_7CordRepE;_ZN4absl12lts_2023080213cord_internal12CordRepBtree12ExtractFrontEPS2_;_ZN4absl12lts_2023080213cord_internal12CordRepBtree12RemoveSuffixEPS2_j;_ZN4absl12lts_2023080213cord_internal12CordRepBtree14ConsumeBeginToEPS2_jj;_ZN4absl12lts_2023080213cord_internal12CordRepBtree19ExtractAppendBufferEPS2_j;_ZN4absl12lts_2023080213cord_internal12CordRepBtree19GetAppendBufferSlowEj;_ZN4absl12lts_2023080213cord_internal12CordRepBtree7DestroyEPS2_;_ZN4absl12lts_2023080213cord_internal12CordRepBtree7IsValidEPKS2_b;_ZN4absl12lts_2023080213cord_internal12CordRepBtree7RebuildEPPS2_S3_b;_ZN4absl12lts_2023080213cord_internal12CordRepBtree7RebuildEPS2_;_ZN4absl12lts_2023080213cord_internal12CordRepBtree7SubTreeEjj;_ZN4absl12lts_2023080213cord_internal32SetCordBtreeExhaustiveValidationEb;_ZN4absl12lts_2023080213cord_internal38IsCordBtreeExhaustiveValidationEnabledEv;_ZNK4absl12lts_2023080213cord_internal12CordRepBtree12GetCharacterEj
nnstreamer	armv7l	nnstreamer-tensorflow2-lite/usr/lib/nnstreamer/filters/libnnstreamer_filter_tensorflow2-lite.so	libtensorflow2-lite.a	cord_rep_btree_navigator.cc.o	2	_ZN4absl12lts_2023080213cord_internal21CordRepBtreeNavigator4ReadEjj;_ZN4absl12lts_2023080213cord_internal21CordRepBtreeNavigator4SkipEj
nnstreamer	armv7l	nnstreamer-tensorflow2-lite/usr/lib/nnstreamer/filters/libnnstreamer_filter_tensorflow2-lite.so	libtensorflow2-lite.a	cord_rep_btree_reader.cc.o	1	_ZN4absl12lts_2023080213cord_internal18CordRepBtreeReader4ReadEjjRPNS1_7CordRepE
nnstreamer	armv7l	nnstreamer-tensorflow2-lite/usr/lib/nnstreamer/filters/libnnstreamer_filter_tensorflow2-lite.so	libtensorflow2-lite.a	cord_rep_consume.cc.o	2	_ZN4absl12lts_2023080213cord_internal14ReverseConsumeEPNS1_7CordRepENS0_11FunctionRefIFvS3_jjEEE;_ZN4absl12lts_2023080213cord_internal7ConsumeEPNS1_7CordRepENS0_11FunctionRefIFvS3_jjEEE
nnstreamer	armv7l	nnstreamer-tensorflow2-lite/usr/lib/nnstreamer/filters/libnnstreamer_filter_tensorflow2-lite.so	libtensorflow2-lite.a	cord_rep_crc.cc.o	2	_ZN4absl12lts_2023080213cord_internal10CordRepCrc3NewEPNS1_7CordRepENS0_12crc_internal12CrcCordStateE;_ZN4absl12lts_2023080213cord_internal10CordRepCrc7DestroyEPS2_
nnstreamer	armv7l	nnstreamer-tensorflow2-lite/usr/lib/nnstreamer/filters/libnnstreamer_filter_tensorflow2-lite.so	libtensorflow2-lite.a	cord_rep_ring.cc.o	25	_ZN4absl12lts_2023080213cord_internal11CordRepRing10AppendLeafEPS2_PNS1_7CordRepEjj;_ZN4absl12lts_2023080213cord_internal11CordRepRing10AppendSlowEPS2_PNS1_7CordRepE;_ZN4absl12lts_2023080213cord_internal11CordRepRing10CreateSlowEPNS1_7CordRepEj;_ZN4absl12lts_2023080213cord_internal11CordRepRing11PrependLeafEPS2_PNS1_7CordRepEjj;_ZN4absl12lts_2023080213cord_internal11CordRepRing11PrependSlowEPS2_PNS1_7CordRepE;_ZN4absl12lts_2023080213cord_internal11CordRepRing12RemovePrefixEPS2_jj;_ZN4absl12lts_2023080213cord_internal11CordRepRing12RemoveSuffixEPS2_jj;_ZN4absl12lts_2023080213cord_internal11CordRepRing13AddDataOffsetEjj;_ZN4absl12lts_2023080213cord_internal11CordRepRing14CreateFromLeafEPNS1_7CordRepEjjj;_ZN4absl12lts_2023080213cord_internal11CordRepRing15GetAppendBufferEj;_ZN4absl12lts_2023080213cord_internal11CordRepRing16GetPrependBufferEj;_ZN4absl12lts_2023080213cord_internal11CordRepRing21SetCapacityForTestingEj;_ZN4absl12lts_2023080213cord_internal11CordRepRing3NewEjj;_ZN4absl12lts_2023080213cord_internal11CordRepRing4CopyEPS2_jjj;_ZN4absl12lts_2023080213cord_internal11CordRepRing6AppendEPS2_PNS1_7CordRepE;_ZN4absl12lts_2023080213cord_internal11CordRepRing6CreateEPNS1_7CordRepEj;_ZN4absl12lts_2023080213cord_internal11CordRepRing6DeleteEPS2_;_ZN4absl12lts_2023080213cord_internal11CordRepRing7DestroyEPS2_;_ZN4absl12lts_2023080213cord_internal11CordRepRing7MutableEPS2_j;_ZN4absl12lts_2023080213cord_internal11CordRepRing7PrependEPS2_PNS1_7CordRepE;_ZN4absl12lts_2023080213cord_internal11CordRepRing7SubRingEPS2_jjj;_ZN4absl12lts_2023080213cord_internal11CordRepRing9SubLengthEjj;_ZNK4absl12lts_2023080213cord_internal11CordRepRing12FindTailSlowEjj;_ZNK4absl12lts_2023080213cord_internal11CordRepRing12GetCharacterEj;_ZNK4absl12lts_2023080213cord_internal11CordRepRing8FindSlowEjj
nnstreamer	armv7l	nnstreamer-tensorflow2-lite/usr/lib/nnstreamer/filters/libnnstreamer_filter_tensorflow2-lite.so	libtensorflow2-lite.a	cordz_functions.cc.o	5	_ZN4absl12lts_2023080213cord_internal17cordz_next_sampleE;_ZN4absl12lts_2023080213cord_internal23get_cordz_mean_intervalEv;_ZN4absl12lts_2023080213cord_internal23set_cordz_mean_intervalEi;_ZN4absl12lts_2023080213cord_internal25cordz_should_profile_slowEv;_ZN4absl12lts_2023080213cord_internal33cordz_set_next_sample_for_testingEx
nnstreamer	armv7l	nnstreamer-tensorflow2-lite/usr/lib/nnstreamer/filters/libnnstreamer_filter_tensorflow2-lite.so	libtensorflow2-lite.a	cordz_handle.cc.o	13	_ZN4absl12lts_2023080213cord_internal11CordzHandle25DiagnosticsGetDeleteQueueEv;_ZN4absl12lts_2023080213cord_internal11CordzHandle41DiagnosticsGetSafeToInspectDeletedHandlesEv;_ZN4absl12lts_2023080213cord_internal11CordzHandle6DeleteEPS2_;_ZN4absl12lts_2023080213cord_internal11CordzHandleC1Eb;_ZN4absl12lts_2023080213cord_internal11CordzHandleC2Eb;_ZN4absl12lts_2023080213cord_internal11CordzHandleD0Ev;_ZN4absl12lts_2023080213cord_internal11CordzHandleD1Ev;_ZN4absl12lts_2023080213cord_internal11CordzHandleD2Ev;_ZNK4absl12lts_2023080213cord_internal11CordzHandle12SafeToDeleteEv;_ZNK4absl12lts_2023080213cord_internal11CordzHandle32DiagnosticsHandleIsSafeToInspectEPKS2_;_ZTIN4absl12lts_2023080213cord_internal11CordzHandleE;_ZTSN4absl12lts_2023080213cord_internal11CordzHandleE;_ZTVN4absl12lts_2023080213cord_internal11CordzHandleE
nnstreamer	armv7l	nnstreamer-tensorflow2-lite/usr/lib/nnstreamer/filters/libnnstreamer_filter_tensorflow2-lite.so	libtensorflow2-lite.a	cordz_info.cc.o	23	_ZN4absl12lts_2023080213cord_internal9CordzInfo12global_list_E;_ZN4absl12lts_2023080213cord_internal9CordzInfo15FillParentStackEPKS2_PPv;_ZN4absl12lts_2023080213cord_internal9CordzInfo15GetParentMethodEPKS2_;_ZN4absl12lts_2023080213cord_internal9CordzInfo18MaybeTrackCordImplERNS1_10InlineDataERKS3_NS1_18CordzUpdateTracker16MethodIdentifierE;_ZN4absl12lts_2023080213cord_internal9CordzInfo4HeadERKNS1_13CordzSnapshotE;_ZN4absl12lts_2023080213cord_internal9CordzInfo4LockENS1_18CordzUpdateTracker16MethodIdentifierE;_ZN4absl12lts_2023080213cord_internal9CordzInfo5TrackEv;_ZN4absl12lts_2023080213cord_internal9CordzInfo6UnlockEv;_ZN4absl12lts_2023080213cord_internal9CordzInfo7UntrackEv;_ZN4absl12lts_2023080213cord_internal9CordzInfo9TrackCordERNS1_10InlineDataENS1_18CordzUpdateTracker16MethodIdentifierE;_ZN4absl12lts_2023080213cord_internal9CordzInfo9TrackCordERNS1_10InlineDataERKS3_NS1_18CordzUpdateTracker16MethodIdentifierE;_ZN4absl12lts_2023080213cord_internal9CordzInfoC1EPNS1_7CordRepEPKS2_NS1_18CordzUpdateTracker16MethodIdentifierE;_ZN4absl12lts_2023080213cord_internal9CordzInfoC2EPNS1_7CordRepEPKS2_NS1_18CordzUpdateTracker16MethodIdentifierE;_ZN4absl12lts_2023080213cord_internal9CordzInfoD0Ev;_ZN4absl12lts_2023080213cord_internal9CordzInfoD1Ev;_ZN4absl12lts_2023080213cord_internal9CordzInfoD2Ev;_ZNK4absl12lts_2023080213cord_internal9CordzInfo14GetParentStackEv;_ZNK4absl12lts_2023080213cord_internal9CordzInfo18GetCordzStatisticsEv;_ZNK4absl12lts_2023080213cord_internal9CordzInfo4NextERKNS1_13CordzSnapshotE;_ZNK4absl12lts_2023080213cord_internal9CordzInfo8GetStackEv;_ZTIN4absl12lts_2023080213cord_internal9CordzInfoE;_ZTSN4absl12lts_2023080213cord_internal9CordzInfoE;_ZTVN4absl12lts_2023080213cord_internal9CordzInfoE
nnstreamer	armv7l	nnstreamer-tensorflow2-lite/usr/lib/nnstreamer/filters/libnnstreamer_filter_tensorflow2-lite.so	libtensorflow2-lite.a	cpu_backend_context.cc.o	20	_ZN6tflite17CpuBackendContext13SetUseCachingEb;_ZN6tflite17CpuBackendContext14GetFromContextEP13TfLiteContext;_ZN6tflite17CpuBackendContext16RuyHasAvxOrAboveEv;_ZN6tflite17CpuBackendContext16SetMaxNumThreadsEi;_ZN6tflite17CpuBackendContext19PreferGemmlowpOnX86Ev;_ZN6tflite17CpuBackendContext22get_xnnpack_threadpoolEv;_ZN6tflite17CpuBackendContext7CpuInfo17EnsureInitializedEv;_ZN6tflite17CpuBackendContext7CpuInfo3AvxEv;_ZN6tflite17CpuBackendContext7CpuInfo6Avx512Ev;_ZN6tflite17CpuBackendContext7CpuInfo7Avx2FmaEv;_ZN6tflite17CpuBackendContext7CpuInfoD1Ev;_ZN6tflite17CpuBackendContext7CpuInfoD2Ev;_ZN6tflite17CpuBackendContextC1Ev;_ZN6tflite17CpuBackendContextC2Ev;_ZN6tflite17CpuBackendContextD0Ev;_ZN6tflite17CpuBackendContextD1Ev;_ZN6tflite17CpuBackendContextD2Ev;_ZTIN6tflite17CpuBackendContextE;_ZTSN6tflite17CpuBackendContextE;_ZTVN6tflite17CpuBackendContextE
nnstreamer	armv7l	nnstreamer-tensorflow2-lite/usr/lib/nnstreamer/filters/libnnstreamer_filter_tensorflow2-lite.so	libtensorflow2-lite.a	cpu_backend_gemm_eigen.cc.o	1	_ZN6tflite16cpu_backend_gemm6detail18GemmImplUsingEigen3RunERKNS0_12MatrixParamsIfEEPKfS6_S8_S6_PfRKNS0_10GemmParamsIffLNS0_18QuantizationFlavorE0EEEPNS_17CpuBackendContextE
nnstreamer	armv7l	nnstreamer-tensorflow2-lite/usr/lib/nnstreamer/filters/libnnstreamer_filter_tensorflow2-lite.so	libtensorflow2-lite.a	cpu_check.cc.o	1	_ZN6tflite20DetectArmNeonDotprodEv
nnstreamer	armv7l	nnstreamer-tensorflow2-lite/usr/lib/nnstreamer/filters/libnnstreamer_filter_tensorflow2-lite.so	libtensorflow2-lite.a	cpuinfo.cc.o	13	_ZN3ruy7CpuInfo10InitializeEv;_ZN3ruy7CpuInfo11CacheParamsEv;_ZN3ruy7CpuInfo11NeonDotprodEv;_ZN3ruy7CpuInfo14CurrentCpuIsX1Ev;_ZN3ruy7CpuInfo17EnsureInitializedEv;_ZN3ruy7CpuInfo18CurrentCpuIsA55ishEv;_ZN3ruy7CpuInfo3AvxEv;_ZN3ruy7CpuInfo5Sse42Ev;_ZN3ruy7CpuInfo6Avx512Ev;_ZN3ruy7CpuInfo7Avx2FmaEv;_ZN3ruy7CpuInfo7AvxVnniEv;_ZN3ruy7CpuInfoD1Ev;_ZN3ruy7CpuInfoD2Ev
nnstreamer	armv7l	nnstreamer-tensorflow2-lite/usr/lib/nnstreamer/filters/libnnstreamer_filter_tensorflow2-lite.so	libtensorflow2-lite.a	crc.cc.o	21	_ZN4absl12lts_2023080212crc_internal3CRC6Crc32cEv;_ZN4absl12lts_2023080212crc_internal3CRCC2Ev;_ZN4absl12lts_2023080212crc_internal3CRCD0Ev;_ZN4absl12lts_2023080212crc_internal3CRCD1Ev;_ZN4absl12lts_2023080212crc_internal3CRCD2Ev;_ZN4absl12lts_2023080212crc_internal5CRC3210InitTablesEv;_ZN4absl12lts_2023080212crc_internal5CRC3218ExtendByZeroesImplEPjjPKjS5_;_ZN4absl12lts_2023080212crc_internal7CRCImpl11NewInternalEv;_ZN4absl12lts_2023080212crc_internal7CRCImpl13FillWordTableEjjiPA256_j;_ZN4absl12lts_2023080212crc_internal7CRCImpl15FillZeroesTableEjPA256_j;_ZNK4absl12lts_2023080212crc_internal5CRC3210UnscrambleEPj;_ZNK4absl12lts_2023080212crc_internal5CRC3214ExtendByZeroesEPjj;_ZNK4absl12lts_2023080212crc_internal5CRC3216UnextendByZeroesEPjj;_ZNK4absl12lts_2023080212crc_internal5CRC326ExtendEPjPKvj;_ZNK4absl12lts_2023080212crc_internal5CRC328ScrambleEPj;_ZTIN4absl12lts_2023080212crc_internal3CRCE;_ZTIN4absl12lts_2023080212crc_internal5CRC32E;_ZTSN4absl12lts_2023080212crc_internal3CRCE;_ZTSN4absl12lts_2023080212crc_internal5CRC32E;_ZTVN4absl12lts_2023080212crc_internal3CRCE;_ZTVN4absl12lts_2023080212crc_internal5CRC32E
nnstreamer	armv7l	nnstreamer-tensorflow2-lite/usr/lib/nnstreamer/filters/libnnstreamer_filter_tensorflow2-lite.so	libtensorflow2-lite.a	crc32c.cc.o	6	_ZN4absl12lts_2023080212ConcatCrc32cENS0_8crc32c_tES1_j;_ZN4absl12lts_2023080212MemcpyCrc32cEPvPKvjNS0_8crc32c_tE;_ZN4absl12lts_2023080212crc_internal22UnextendCrc32cByZeroesENS0_8crc32c_tEj;_ZN4absl12lts_2023080218RemoveCrc32cPrefixENS0_8crc32c_tES1_j;_ZN4absl12lts_2023080218RemoveCrc32cSuffixENS0_8crc32c_tES1_j;_ZN4absl12lts_2023080220ExtendCrc32cByZeroesENS0_8crc32c_tEj
nnstreamer	armv7l	nnstreamer-tensorflow2-lite/usr/lib/nnstreamer/filters/libnnstreamer_filter_tensorflow2-lite.so	libtensorflow2-lite.a	crc_cord_state.cc.o	15	_ZN4absl12lts_2023080212crc_internal12CrcCordState17RefSharedEmptyRepEv;_ZN4absl12lts_2023080212crc_internal12CrcCordState6PoisonEv;_ZN4absl12lts_2023080212crc_internal12CrcCordState9NormalizeEv;_ZN4absl12lts_2023080212crc_internal12CrcCordStateC1EOS2_;_ZN4absl12lts_2023080212crc_internal12CrcCordStateC1ERKS2_;_ZN4absl12lts_2023080212crc_internal12CrcCordStateC1Ev;_ZN4absl12lts_2023080212crc_internal12CrcCordStateC2EOS2_;_ZN4absl12lts_2023080212crc_internal12CrcCordStateC2ERKS2_;_ZN4absl12lts_2023080212crc_internal12CrcCordStateC2Ev;_ZN4absl12lts_2023080212crc_internal12CrcCordStateD1Ev;_ZN4absl12lts_2023080212crc_internal12CrcCordStateD2Ev;_ZN4absl12lts_2023080212crc_internal12CrcCordStateaSEOS2_;_ZN4absl12lts_2023080212crc_internal12CrcCordStateaSERKS2_;_ZNK4absl12lts_2023080212crc_internal12CrcCordState29NormalizedPrefixCrcAtNthChunkEj;_ZNK4absl12lts_2023080212crc_internal12CrcCordState8ChecksumEv
nnstreamer	armv7l	nnstreamer-tensorflow2-lite/usr/lib/nnstreamer/filters/libnnstreamer_filter_tensorflow2-lite.so	libtensorflow2-lite.a	crc_memcpy_fallback.cc.o	6	_ZN4absl12lts_2023080212crc_internal9CrcMemcpy13GetTestEngineEii;_ZN4absl12lts_2023080212crc_internal9CrcMemcpy22GetArchSpecificEnginesEv;_ZNK4absl12lts_2023080212crc_internal23FallbackCrcMemcpyEngine7ComputeEPvPKvjNS0_8crc32c_tE;_ZTIN4absl12lts_2023080212crc_internal23FallbackCrcMemcpyEngineE;_ZTSN4absl12lts_2023080212crc_internal23FallbackCrcMemcpyEngineE;_ZTVN4absl12lts_2023080212crc_internal23FallbackCrcMemcpyEngineE
nnstreamer	armv7l	nnstreamer-tensorflow2-lite/usr/lib/nnstreamer/filters/libnnstreamer_filter_tensorflow2-lite.so	libtensorflow2-lite.a	crc_x86_arm_combined.cc.o	2	_ZN4absl12lts_2023080212crc_internal36NewCRC32AcceleratedX86ARMCombinedAllEv;_ZN4absl12lts_2023080212crc_internal36TryNewCRC32AcceleratedX86ARMCombinedEv
nnstreamer	armv7l	nnstreamer-tensorflow2-lite/usr/lib/nnstreamer/filters/libnnstreamer_filter_tensorflow2-lite.so	libtensorflow2-lite.a	create_thread_identity.cc.o	2	_ZN4absl12lts_2023080224synchronization_internal20CreateThreadIdentityEv;_ZN4absl12lts_2023080224synchronization_internal25OneTimeInitThreadIdentityEPNS0_13base_internal14ThreadIdentityE
nnstreamer	armv7l	nnstreamer-tensorflow2-lite/usr/lib/nnstreamer/filters/libnnstreamer_filter_tensorflow2-lite.so	libtensorflow2-lite.a	ctx.cc.o	25	_ZN3ruy3Ctx10SelectPathENS_4PathE;_ZN3ruy3Ctx12mutable_implEv;_ZN3ruy3Ctx15mutable_cpuinfoEv;_ZN3ruy3Ctx16GetMainAllocatorEv;_ZN3ruy3Ctx17GetPrepackedCacheEv;_ZN3ruy3Ctx19ClearPrepackedCacheEv;_ZN3ruy3Ctx19GetMainThreadTuningEv;_ZN3ruy3Ctx19mutable_thread_poolEv;_ZN3ruy3Ctx19set_explicit_tuningENS_6TuningE;_ZN3ruy3Ctx19set_max_num_threadsEi;_ZN3ruy3Ctx22GetRuntimeEnabledPathsEv;_ZN3ruy3Ctx22SetRuntimeEnabledPathsENS_4PathE;_ZN3ruy3Ctx24set_num_threads_strategyENS_18NumThreadsStrategyE;_ZN3ruy3Ctx24set_performance_advisoryENS_19PerformanceAdvisoryE;_ZN3ruy3Ctx28clear_performance_advisoriesEv;_ZN3ruy3Ctx29EnsureThreadSpecificResourcesEi;_ZNK3ruy3Ctx11thread_poolEv;_ZNK3ruy3Ctx14last_used_pathEv;_ZNK3ruy3Ctx15explicit_tuningEv;_ZNK3ruy3Ctx15max_num_threadsEv;_ZNK3ruy3Ctx20num_threads_strategyEv;_ZNK3ruy3Ctx20performance_advisoryENS_19PerformanceAdvisoryE;_ZNK3ruy3Ctx26GetThreadSpecificAllocatorEi;_ZNK3ruy3Ctx31GetThreadSpecificTuningResolverEi;_ZNK3ruy3Ctx4implEv
nnstreamer	armv7l	nnstreamer-tensorflow2-lite/usr/lib/nnstreamer/filters/libnnstreamer_filter_tensorflow2-lite.so	libtensorflow2-lite.a	cumsum.cc.o	12	_ZN6tflite3gpu12CreateCumsumERKNS0_12OperationDefERKNS0_16CumsumAttributesE;_ZN6tflite3gpu6Cumsum13GetCumsumCodeERKNS0_12OperationDefE;_ZN6tflite3gpu6CumsumC1EOS1_;_ZN6tflite3gpu6CumsumC2EOS1_;_ZN6tflite3gpu6CumsumaSEOS1_;_ZN6tflite3ops7builtin15Register_CUMSUMEv;_ZN6tflite3ops7builtin6cumsum4EvalEP13TfLiteContextP10TfLiteNode;_ZN6tflite3ops7builtin6cumsum7PrepareEP13TfLiteContextP10TfLiteNode;_ZNK6tflite3gpu6Cumsum11GetGridSizeEv;_ZTIN6tflite3gpu6CumsumE;_ZTSN6tflite3gpu6CumsumE;_ZTVN6tflite3gpu6CumsumE
nnstreamer	armv7l	nnstreamer-tensorflow2-lite/usr/lib/nnstreamer/filters/libnnstreamer_filter_tensorflow2-lite.so	libtensorflow2-lite.a	custom_transformations.cc.o	1	_ZN6tflite3gpu26ApplyCustomTransformationsEPNS0_16ModelTransformerE
nnstreamer	armv7l	nnstreamer-tensorflow2-lite/usr/lib/nnstreamer/filters/libnnstreamer_filter_tensorflow2-lite.so	libtensorflow2-lite.a	cycleclock.cc.o	2	_ZN4absl12lts_2023080213base_internal10CycleClock3NowEv;_ZN4absl12lts_2023080213base_internal10CycleClock9FrequencyEv
nnstreamer	armv7l	nnstreamer-tensorflow2-lite/usr/lib/nnstreamer/filters/libnnstreamer_filter_tensorflow2-lite.so	libtensorflow2-lite.a	data_type.cc.o	2	_ZN6tflite3gpu18ToMetalTextureTypeENS0_8DataTypeE;_ZN6tflite3gpu6SizeOfENS0_8DataTypeE
nnstreamer	armv7l	nnstreamer-tensorflow2-lite/usr/lib/nnstreamer/filters/libnnstreamer_filter_tensorflow2-lite.so	libtensorflow2-lite.a	deconvolution-2d.c.o	1	xnn_define_deconvolution_2d
nnstreamer	armv7l	nnstreamer-tensorflow2-lite/usr/lib/nnstreamer/filters/libnnstreamer_filter_tensorflow2-lite.so	libtensorflow2-lite.a	deconvolution-nhwc.c.o	19	create_deconvolution2d_nhwc_qs8_qc8w;xnn_create_deconvolution2d_nhwc_f16;xnn_create_deconvolution2d_nhwc_f32;xnn_create_deconvolution2d_nhwc_qd8_f32_qc8w;xnn_create_deconvolution2d_nhwc_qs8;xnn_create_deconvolution2d_nhwc_qs8_qc8w;xnn_create_deconvolution2d_nhwc_qu8;xnn_reshape_deconvolution2d_nhwc_f16;xnn_reshape_deconvolution2d_nhwc_f32;xnn_reshape_deconvolution2d_nhwc_qd8_f32_qc8w;xnn_reshape_deconvolution2d_nhwc_qs8;xnn_reshape_deconvolution2d_nhwc_qs8_qc8w;xnn_reshape_deconvolution2d_nhwc_qu8;xnn_setup_deconvolution2d_nhwc_f16;xnn_setup_deconvolution2d_nhwc_f32;xnn_setup_deconvolution2d_nhwc_qd8_f32_qc8w;xnn_setup_deconvolution2d_nhwc_qs8;xnn_setup_deconvolution2d_nhwc_qs8_qc8w;xnn_setup_deconvolution2d_nhwc_qu8
nnstreamer	armv7l	nnstreamer-tensorflow2-lite/usr/lib/nnstreamer/filters/libnnstreamer_filter_tensorflow2-lite.so	libtensorflow2-lite.a	delegate.cc.o	4	TfLiteGpuDelegateV2Create;TfLiteGpuDelegateV2Delete;tflite_plugin_create_delegate;tflite_plugin_destroy_delegate
nnstreamer	armv7l	nnstreamer-tensorflow2-lite/usr/lib/nnstreamer/filters/libnnstreamer_filter_tensorflow2-lite.so	libtensorflow2-lite.a	delegate_options.cc.o	1	TfLiteGpuDelegateOptionsV2Default
nnstreamer	armv7l	nnstreamer-tensorflow2-lite/usr/lib/nnstreamer/filters/libnnstreamer_filter_tensorflow2-lite.so	libtensorflow2-lite.a	denormal.cc.o	4	_ZN3ruy23ScopedSuppressDenormalsC1Ev;_ZN3ruy23ScopedSuppressDenormalsC2Ev;_ZN3ruy23ScopedSuppressDenormalsD1Ev;_ZN3ruy23ScopedSuppressDenormalsD2Ev
nnstreamer	armv7l	nnstreamer-tensorflow2-lite/usr/lib/nnstreamer/filters/libnnstreamer_filter_tensorflow2-lite.so	libtensorflow2-lite.a	densify.cc.o	5	_ZN6tflite3ops7builtin16Register_DENSIFYEv;_ZN6tflite3ops7builtin7densify4EvalEP13TfLiteContextP10TfLiteNode;_ZN6tflite3ops7builtin7densify4FreeEP13TfLiteContextPv;_ZN6tflite3ops7builtin7densify4InitEP13TfLiteContextPKcj;_ZN6tflite3ops7builtin7densify7PrepareEP13TfLiteContextP10TfLiteNode
nnstreamer	armv7l	nnstreamer-tensorflow2-lite/usr/lib/nnstreamer/filters/libnnstreamer_filter_tensorflow2-lite.so	libtensorflow2-lite.a	depth-to-space-2d.c.o	2	xnn_define_depth_to_space;xnn_define_depth_to_space_2d
nnstreamer	armv7l	nnstreamer-tensorflow2-lite/usr/lib/nnstreamer/filters/libnnstreamer_filter_tensorflow2-lite.so	libtensorflow2-lite.a	depth_to_space.cc.o	4	_ZN6tflite3ops7builtin14depth_to_space7PrepareEP13TfLiteContextP10TfLiteNode;_ZN6tflite3ops7builtin23Register_DEPTH_TO_SPACEEv;_ZN6tflite3ops7builtin27Register_DEPTH_TO_SPACE_REFEv;_ZN6tflite3ops7builtin35Register_DEPTH_TO_SPACE_GENERIC_OPTEv
nnstreamer	armv7l	nnstreamer-tensorflow2-lite/usr/lib/nnstreamer/filters/libnnstreamer_filter_tensorflow2-lite.so	libtensorflow2-lite.a	depthwise-convolution-2d.c.o	1	xnn_define_depthwise_convolution_2d
nnstreamer	armv7l	nnstreamer-tensorflow2-lite/usr/lib/nnstreamer/filters/libnnstreamer_filter_tensorflow2-lite.so	libtensorflow2-lite.a	depthwise_conv.cc.o	20	_ZN6tflite3gpu13DepthwiseConvC1ERKNS0_12OperationDefERKNS1_19DepthwiseConvParamsE;_ZN6tflite3gpu13DepthwiseConvC2ERKNS0_12OperationDefERKNS1_19DepthwiseConvParamsE;_ZN6tflite3gpu28CreateDepthwiseConvolution2DERKNS0_7GpuInfoERKNS0_12OperationDefERKNS0_32DepthwiseConvolution2DAttributesE;_ZN6tflite3gpu28CreateDepthwiseConvolution3DERKNS0_7GpuInfoERKNS0_12OperationDefERKNS0_32DepthwiseConvolution3DAttributesE;_ZN6tflite3gpu42CreateDepthwiseConvolution2DDynamicWeightsERKNS0_7GpuInfoERKNS0_12OperationDefERKNS0_32DepthwiseConvolution2DAttributesE;_ZN6tflite3ops7builtin14depthwise_conv22ComputeDepthMultiplierEP13TfLiteContextPK12TfLiteTensorS7_Ps;_ZN6tflite3ops7builtin14depthwise_conv27EvalQuantizedPerChannel16x8EPK25TfLiteDepthwiseConvParamsPKNS2_6OpDataEPK12TfLiteTensorSB_SB_PS9_;_ZN6tflite3ops7builtin14depthwise_conv4FreeEP13TfLiteContextPv;_ZN6tflite3ops7builtin14depthwise_conv4InitEP13TfLiteContextPKcj;_ZN6tflite3ops7builtin14depthwise_conv7PrepareEP13TfLiteContextP10TfLiteNode;_ZN6tflite3ops7builtin26Register_DEPTHWISE_CONV_2DEv;_ZN6tflite3ops7builtin32Register_DEPTHWISE_CONV_2D_UINT8Ev;_ZN6tflite3ops7builtin34Register_DEPTHWISE_CONVOLUTION_REFEv;_ZN6tflite3ops7builtin39Register_DEPTHWISE_CONVOLUTION_NEON_OPTEv;_ZN6tflite3ops7builtin42Register_DEPTHWISE_CONVOLUTION_GENERIC_OPTEv;_ZN6tflite3ops7builtin45Register_DEPTHWISE_CONVOLUTION_NEON_OPT_UINT8Ev;_ZNK6tflite3gpu13DepthwiseConv11GetGridSizeEv;_ZTIN6tflite3gpu13DepthwiseConvE;_ZTSN6tflite3gpu13DepthwiseConvE;_ZTVN6tflite3gpu13DepthwiseConvE
nnstreamer	armv7l	nnstreamer-tensorflow2-lite/usr/lib/nnstreamer/filters/libnnstreamer_filter_tensorflow2-lite.so	libtensorflow2-lite.a	depthwise_conv_3x3.cc.o	11	_ZN6tflite3gpu16DepthwiseConv3x3C1EOS1_;_ZN6tflite3gpu16DepthwiseConv3x3C1ERKNS0_12OperationDefEbbRKNS0_7GpuInfoE;_ZN6tflite3gpu16DepthwiseConv3x3C2EOS1_;_ZN6tflite3gpu16DepthwiseConv3x3C2ERKNS0_12OperationDefEbbRKNS0_7GpuInfoE;_ZN6tflite3gpu16DepthwiseConv3x3aSEOS1_;_ZN6tflite3gpu22CreateDepthwiseConv3x3ERKNS0_7GpuInfoERKNS0_12OperationDefERKNS0_32DepthwiseConvolution2DAttributesE;_ZN6tflite3gpu27IsDepthwiseConv3x3SupportedERKNS0_7GpuInfoERKNS0_32DepthwiseConvolution2DAttributesE;_ZNK6tflite3gpu16DepthwiseConv3x311GetGridSizeEv;_ZTIN6tflite3gpu16DepthwiseConv3x3E;_ZTSN6tflite3gpu16DepthwiseConv3x3E;_ZTVN6tflite3gpu16DepthwiseConv3x3E
nnstreamer	armv7l	nnstreamer-tensorflow2-lite/usr/lib/nnstreamer/filters/libnnstreamer_filter_tensorflow2-lite.so	libtensorflow2-lite.a	depthwise_conv_3x3_stride_h2.cc.o	6	_ZN6tflite3gpu30CreateDepthWiseConv3x3StrideH2ERKNS0_12OperationDefERKNS0_32DepthwiseConvolution2DAttributesERKNS0_7GpuInfoE;_ZN6tflite3gpu35IsDepthWiseConv3x3StrideH2SupportedERKNS0_32DepthwiseConvolution2DAttributesE;_ZNK6tflite3gpu24DepthWiseConv3x3StrideH211GetGridSizeEv;_ZTIN6tflite3gpu24DepthWiseConv3x3StrideH2E;_ZTSN6tflite3gpu24DepthWiseConv3x3StrideH2E;_ZTVN6tflite3gpu24DepthWiseConv3x3StrideH2E
nnstreamer	armv7l	nnstreamer-tensorflow2-lite/usr/lib/nnstreamer/filters/libnnstreamer_filter_tensorflow2-lite.so	libtensorflow2-lite.a	dequantize.cc.o	6	_ZN6tflite3ops7builtin10dequantize4FreeEP13TfLiteContextPv;_ZN6tflite3ops7builtin10dequantize4InitEP13TfLiteContextPKcj;_ZN6tflite3ops7builtin10dequantize7PrepareEP13TfLiteContextP10TfLiteNode;_ZN6tflite3ops7builtin19Register_DEQUANTIZEEv;_ZN6tflite3ops7builtin23Register_DEQUANTIZE_OPTEv;_ZN6tflite3ops7builtin23Register_DEQUANTIZE_REFEv
nnstreamer	armv7l	nnstreamer-tensorflow2-lite/usr/lib/nnstreamer/filters/libnnstreamer_filter_tensorflow2-lite.so	libtensorflow2-lite.a	detection_postprocess.cc.o	17	_ZN6tflite3ops6custom21detection_postprocess13ValidateBoxesEPK12TfLiteTensori;_ZN6tflite3ops6custom21detection_postprocess14SetTensorSizesEP13TfLiteContextP12TfLiteTensorSt16initializer_listIiE;_ZN6tflite3ops6custom21detection_postprocess17DecreasingArgSortEPKfiPi;_ZN6tflite3ops6custom21detection_postprocess21DecodeCenterSizeBoxesEP13TfLiteContextP10TfLiteNodePNS2_6OpDataE;_ZN6tflite3ops6custom21detection_postprocess22DequantizeBoxEncodingsEPK12TfLiteTensoriffiPNS2_18CenterSizeEncodingE;_ZN6tflite3ops6custom21detection_postprocess24DecreasingPartialArgSortEPKfiiPi;_ZN6tflite3ops6custom21detection_postprocess26DequantizeClassPredictionsEPK12TfLiteTensoriiPS3_;_ZN6tflite3ops6custom21detection_postprocess27NonMaxSuppressionMultiClassEP13TfLiteContextP10TfLiteNodePNS2_6OpDataE;_ZN6tflite3ops6custom21detection_postprocess28ComputeIntersectionOverUnionEPK12TfLiteTensorii;_ZN6tflite3ops6custom21detection_postprocess37NonMaxSuppressionMultiClassFastHelperEP13TfLiteContextP10TfLiteNodePNS2_6OpDataEPKf;_ZN6tflite3ops6custom21detection_postprocess40NonMaxSuppressionMultiClassRegularHelperEP13TfLiteContextP10TfLiteNodePNS2_6OpDataEPKf;_ZN6tflite3ops6custom21detection_postprocess4EvalEP13TfLiteContextP10TfLiteNode;_ZN6tflite3ops6custom21detection_postprocess4FreeEP13TfLiteContextPv;_ZN6tflite3ops6custom21detection_postprocess4InitEP13TfLiteContextPKcj;_ZN6tflite3ops6custom21detection_postprocess7PrepareEP13TfLiteContextP10TfLiteNode;_ZN6tflite3ops6custom30Register_DETECTION_POSTPROCESSEv;_ZN6tflite3ops6custom38Register_TFLITE_DETECTION_POST_PROCESSEv
nnstreamer	armv7l	nnstreamer-tensorflow2-lite/usr/lib/nnstreamer/filters/libnnstreamer_filter_tensorflow2-lite.so	libtensorflow2-lite.a	dilate.cc.o	1	_ZN6tflite3ops7builtin15Register_DILATEEv
nnstreamer	armv7l	nnstreamer-tensorflow2-lite/usr/lib/nnstreamer/filters/libnnstreamer_filter_tensorflow2-lite.so	libtensorflow2-lite.a	div.cc.o	7	_ZN6tflite3ops7builtin12Register_DIVEv;_ZN6tflite3ops7builtin16Register_DIV_REFEv;_ZN6tflite3ops7builtin21Register_DIV_NEON_OPTEv;_ZN6tflite3ops7builtin24Register_DIV_GENERIC_OPTEv;_ZN6tflite3ops7builtin3div4FreeEP13TfLiteContextPv;_ZN6tflite3ops7builtin3div4InitEP13TfLiteContextPKcj;_ZN6tflite3ops7builtin3div7PrepareEP13TfLiteContextP10TfLiteNode
nnstreamer	armv7l	nnstreamer-tensorflow2-lite/usr/lib/nnstreamer/filters/libnnstreamer_filter_tensorflow2-lite.so	libtensorflow2-lite.a	divide.c.o	1	xnn_define_divide
nnstreamer	armv7l	nnstreamer-tensorflow2-lite/usr/lib/nnstreamer/filters/libnnstreamer_filter_tensorflow2-lite.so	libtensorflow2-lite.a	duration.cc.o	34	_ZN4absl12lts_2023080210ToTimespecENS0_8DurationE;_ZN4absl12lts_2023080212FDivDurationENS0_8DurationES1_;_ZN4absl12lts_2023080212ToInt64HoursENS0_8DurationE;_ZN4absl12lts_2023080213ToChronoHoursENS0_8DurationE;_ZN4absl12lts_2023080213ToDoubleHoursENS0_8DurationE;_ZN4absl12lts_2023080213time_internal12IDivDurationEbNS0_8DurationES2_PS2_;_ZN4absl12lts_2023080214ToInt64MinutesENS0_8DurationE;_ZN4absl12lts_2023080214ToInt64SecondsENS0_8DurationE;_ZN4absl12lts_2023080215ToChronoMinutesENS0_8DurationE;_ZN4absl12lts_2023080215ToChronoSecondsENS0_8DurationE;_ZN4absl12lts_2023080215ToDoubleMinutesENS0_8DurationE;_ZN4absl12lts_2023080215ToDoubleSecondsENS0_8DurationE;_ZN4absl12lts_2023080218ToInt64NanosecondsENS0_8DurationE;_ZN4absl12lts_2023080219DurationFromTimevalE7timeval;_ZN4absl12lts_2023080219ToChronoNanosecondsENS0_8DurationE;_ZN4absl12lts_2023080219ToDoubleNanosecondsENS0_8DurationE;_ZN4absl12lts_2023080219ToInt64MicrosecondsENS0_8DurationE;_ZN4absl12lts_2023080219ToInt64MillisecondsENS0_8DurationE;_ZN4absl12lts_2023080220DurationFromTimespecE8timespec;_ZN4absl12lts_2023080220ToChronoMicrosecondsENS0_8DurationE;_ZN4absl12lts_2023080220ToChronoMillisecondsENS0_8DurationE;_ZN4absl12lts_2023080220ToDoubleMicrosecondsENS0_8DurationE;_ZN4absl12lts_2023080220ToDoubleMillisecondsENS0_8DurationE;_ZN4absl12lts_202308024CeilENS0_8DurationES1_;_ZN4absl12lts_202308025FloorENS0_8DurationES1_;_ZN4absl12lts_202308025TruncENS0_8DurationES1_;_ZN4absl12lts_202308028DurationdVEd;_ZN4absl12lts_202308028DurationdVEx;_ZN4absl12lts_202308028DurationmIES1_;_ZN4absl12lts_202308028DurationmLEd;_ZN4absl12lts_202308028DurationmLEx;_ZN4absl12lts_202308028DurationpLES1_;_ZN4absl12lts_202308028DurationrMES1_;_ZN4absl12lts_202308029ToTimevalENS0_8DurationE
nnstreamer	armv7l	nnstreamer-tensorflow2-lite/usr/lib/nnstreamer/filters/libnnstreamer_filter_tensorflow2-lite.so	libtensorflow2-lite.a	dw7x7_conv2to6_concat_conv8to8.cc.o	2	_ZN6tflite3gpu33CreateDW7x7Conv2To6ConcatConv8to8ERKNS0_12OperationDefERKNS0_32DepthwiseConvolution2DAttributesERKNS0_23Convolution2DAttributesERKNS0_15PReLUAttributesES9_SC_;_ZN6tflite3gpu38IsDW7x7Conv2To6ConcatConv8to8SupportedERKNS0_7GpuInfoE
nnstreamer	armv7l	nnstreamer-tensorflow2-lite/usr/lib/nnstreamer/filters/libnnstreamer_filter_tensorflow2-lite.so	libtensorflow2-lite.a	dw_convolution_selector.cc.o	1	_ZN6tflite3gpu19SelectDWConvolutionERKNS0_32DepthwiseConvolution2DAttributesERKNS0_7GpuInfoERKNS0_12OperationDefE
nnstreamer	armv7l	nnstreamer-tensorflow2-lite/usr/lib/nnstreamer/filters/libnnstreamer_filter_tensorflow2-lite.so	libtensorflow2-lite.a	dynamic-fully-connected-nc.c.o	6	xnn_create_dynamic_fully_connected_nc_f16;xnn_create_dynamic_fully_connected_nc_f32;xnn_reshape_dynamic_fully_connected_nc_f16;xnn_reshape_dynamic_fully_connected_nc_f32;xnn_setup_dynamic_fully_connected_nc_f16;xnn_setup_dynamic_fully_connected_nc_f32
nnstreamer	armv7l	nnstreamer-tensorflow2-lite/usr/lib/nnstreamer/filters/libnnstreamer_filter_tensorflow2-lite.so	libtensorflow2-lite.a	dynamic_update_slice.cc.o	5	_ZN6tflite3ops7builtin20dynamic_update_slice17ClampStartIndicesEiPKxRKNS_12RuntimeShapeES7_;_ZN6tflite3ops7builtin20dynamic_update_slice17TensorIndexToFlatEPKiiRKNS_12RuntimeShapeES4_;_ZN6tflite3ops7builtin20dynamic_update_slice4EvalEP13TfLiteContextP10TfLiteNode;_ZN6tflite3ops7builtin20dynamic_update_slice7PrepareEP13TfLiteContextP10TfLiteNode;_ZN6tflite3ops7builtin29Register_DYNAMIC_UPDATE_SLICEEv
nnstreamer	armv7l	nnstreamer-tensorflow2-lite/usr/lib/nnstreamer/filters/libnnstreamer_filter_tensorflow2-lite.so	libtensorflow2-lite.a	eigen_support.cc.o	3	_ZN6tflite13eigen_support19GetThreadPoolDeviceEP13TfLiteContext;_ZN6tflite13eigen_support21DecrementUsageCounterEP13TfLiteContext;_ZN6tflite13eigen_support21IncrementUsageCounterEP13TfLiteContext
nnstreamer	armv7l	nnstreamer-tensorflow2-lite/usr/lib/nnstreamer/filters/libnnstreamer_filter_tensorflow2-lite.so	libtensorflow2-lite.a	elementwise.cc.o	13	_ZN6tflite3gpu25CreateElementwiseOneInputERKNS0_7GpuInfoENS0_21CalculationsPrecisionERKNS0_13OperationTypeE;_ZN6tflite3gpu25CreateElementwiseOneInputERKNS0_7GpuInfoERKNS0_12OperationDefERKNS0_13OperationTypeE;_ZN6tflite3gpu25CreateElementwiseTwoInputERKNS0_12OperationDefERKNS0_13OperationTypeERKNS0_11StrongShapeILNS0_6LayoutE10EEE;_ZN6tflite3gpu38CreateElementwiseOneInputWithBroadcastERKNS0_7GpuInfoERKNS0_12OperationDefERKNS0_13OperationTypeERKNS0_11StrongShapeILNS0_6LayoutE10EEESE_;_ZN6tflite3gpu38CreateElementwiseTwoInputWithBroadcastERKNS0_12OperationDefERKNS0_13OperationTypeERKNS0_11StrongShapeILNS0_6LayoutE10EEESB_SB_;_ZN6tflite3ops7builtin12Register_ABSEv;_ZN6tflite3ops7builtin12Register_COSEv;_ZN6tflite3ops7builtin12Register_LOGEv;_ZN6tflite3ops7builtin12Register_SINEv;_ZN6tflite3ops7builtin13Register_SQRTEv;_ZN6tflite3ops7builtin14Register_RSQRTEv;_ZN6tflite3ops7builtin15Register_SQUAREEv;_ZN6tflite3ops7builtin20Register_LOGICAL_NOTEv
nnstreamer	armv7l	nnstreamer-tensorflow2-lite/usr/lib/nnstreamer/filters/libnnstreamer_filter_tensorflow2-lite.so	libtensorflow2-lite.a	elu.c.o	1	xnn_define_elu
nnstreamer	armv7l	nnstreamer-tensorflow2-lite/usr/lib/nnstreamer/filters/libnnstreamer_filter_tensorflow2-lite.so	libtensorflow2-lite.a	embedding_lookup.cc.o	5	_ZN6tflite3ops7builtin16embedding_lookup10EvalHybridEP13TfLiteContextP10TfLiteNodePK12TfLiteTensorS9_PS7_;_ZN6tflite3ops7builtin16embedding_lookup10EvalSimpleEP13TfLiteContextP10TfLiteNodePK12TfLiteTensorS9_PS7_;_ZN6tflite3ops7builtin16embedding_lookup4EvalEP13TfLiteContextP10TfLiteNode;_ZN6tflite3ops7builtin16embedding_lookup7PrepareEP13TfLiteContextP10TfLiteNode;_ZN6tflite3ops7builtin25Register_EMBEDDING_LOOKUPEv
nnstreamer	armv7l	nnstreamer-tensorflow2-lite/usr/lib/nnstreamer/filters/libnnstreamer_filter_tensorflow2-lite.so	libtensorflow2-lite.a	embedding_lookup_sparse.cc.o	1	_ZN6tflite3ops7builtin32Register_EMBEDDING_LOOKUP_SPARSEEv
nnstreamer	armv7l	nnstreamer-tensorflow2-lite/usr/lib/nnstreamer/filters/libnnstreamer_filter_tensorflow2-lite.so	libtensorflow2-lite.a	environment.cc.o	18	_ZN6tflite3gpu2cl11Environment4InitEv;_ZN6tflite3gpu2cl11EnvironmentC1EONS1_8CLDeviceEONS1_9CLContextEONS1_14CLCommandQueueEONS1_21ProfilingCommandQueueE;_ZN6tflite3gpu2cl11EnvironmentC1EOS2_;_ZN6tflite3gpu2cl11EnvironmentC2EONS1_8CLDeviceEONS1_9CLContextEONS1_14CLCommandQueueEONS1_21ProfilingCommandQueueE;_ZN6tflite3gpu2cl11EnvironmentC2EOS2_;_ZN6tflite3gpu2cl11EnvironmentaSEOS2_;_ZN6tflite3gpu2cl17CreateEnvironmentEPNS1_11EnvironmentE;_ZN6tflite3gpu2cl21GetFastestStorageTypeERKNS0_7GpuInfoE;_ZN6tflite3gpu2cl25CanUseSubBufferForImage2dERKNS0_7GpuInfoE;_ZN6tflite3gpu2cl42GetStorageTypeWithMinimalMemoryConsumptionERKNS0_7GpuInfoE;_ZNK6tflite3gpu2cl11Environment11IsSupportedENS0_17TensorStorageTypeE;_ZNK6tflite3gpu2cl11Environment11IsSupportedENS0_21CalculationsPrecisionE;_ZNK6tflite3gpu2cl11Environment17SetLowPerformanceEv;_ZNK6tflite3gpu2cl11Environment18SetHighPerformanceEv;_ZNK6tflite3gpu2cl11Environment20GetSupportedStoragesEv;_ZNK6tflite3gpu2cl11Environment21SetDefaultPerformanceEv;_ZNK6tflite3gpu2cl11Environment22GetSupportedPrecisionsEv;_ZNK6tflite3gpu2cl11Environment42GetSupportedStoragesWithHWZeroClampSupportEv
nnstreamer	armv7l	nnstreamer-tensorflow2-lite/usr/lib/nnstreamer/filters/libnnstreamer_filter_tensorflow2-lite.so	libtensorflow2-lite.a	error_reporter.cc.o	2	_ZN6tflite13ErrorReporter11ReportErrorEPvPKcz;_ZN6tflite13ErrorReporter6ReportEPKcz
nnstreamer	armv7l	nnstreamer-tensorflow2-lite/usr/lib/nnstreamer/filters/libnnstreamer_filter_tensorflow2-lite.so	libtensorflow2-lite.a	escaping.cc.o	4	_ZN4absl12lts_2023080216strings_internal12kBase64CharsE;_ZN4absl12lts_2023080216strings_internal19kWebSafeBase64CharsE;_ZN4absl12lts_2023080216strings_internal20Base64EscapeInternalEPKhjPcjPKcb;_ZN4absl12lts_2023080216strings_internal33CalculateBase64EscapedLenInternalEjb
nnstreamer	armv7l	nnstreamer-tensorflow2-lite/usr/lib/nnstreamer/filters/libnnstreamer_filter_tensorflow2-lite.so	libtensorflow2-lite.a	even-split.c.o	6	check_output_compute_type;check_output_value;xnn_define_even_split2;xnn_define_even_split3;xnn_define_even_split4;xnn_define_even_split_n
nnstreamer	armv7l	nnstreamer-tensorflow2-lite/usr/lib/nnstreamer/filters/libnnstreamer_filter_tensorflow2-lite.so	libtensorflow2-lite.a	exp.cc.o	5	_ZN6tflite3ops7builtin12Register_EXPEv;_ZN6tflite3ops7builtin16Register_EXP_REFEv;_ZN6tflite3ops7builtin3exp4FreeEP13TfLiteContextPv;_ZN6tflite3ops7builtin3exp4InitEP13TfLiteContextPKcj;_ZN6tflite3ops7builtin3exp7PrepareEP13TfLiteContextP10TfLiteNode
nnstreamer	armv7l	nnstreamer-tensorflow2-lite/usr/lib/nnstreamer/filters/libnnstreamer_filter_tensorflow2-lite.so	libtensorflow2-lite.a	expand_dims.cc.o	3	_ZN6tflite3ops7builtin11expand_dims4EvalEP13TfLiteContextP10TfLiteNode;_ZN6tflite3ops7builtin11expand_dims7PrepareEP13TfLiteContextP10TfLiteNode;_ZN6tflite3ops7builtin20Register_EXPAND_DIMSEv
nnstreamer	armv7l	nnstreamer-tensorflow2-lite/usr/lib/nnstreamer/filters/libnnstreamer_filter_tensorflow2-lite.so	libtensorflow2-lite.a	exponential_biased.cc.o	3	_ZN4absl12lts_2023080218profiling_internal17ExponentialBiased10InitializeEv;_ZN4absl12lts_2023080218profiling_internal17ExponentialBiased12GetSkipCountEx;_ZN4absl12lts_2023080218profiling_internal17ExponentialBiased9GetStrideEx
nnstreamer	armv7l	nnstreamer-tensorflow2-lite/usr/lib/nnstreamer/filters/libnnstreamer_filter_tensorflow2-lite.so	libtensorflow2-lite.a	external_cpu_backend_context.cc.o	2	_ZN6tflite25ExternalCpuBackendContextC1Ev;_ZN6tflite25ExternalCpuBackendContextC2Ev
nnstreamer	armv7l	nnstreamer-tensorflow2-lite/usr/lib/nnstreamer/filters/libnnstreamer_filter_tensorflow2-lite.so	libtensorflow2-lite.a	external_delegate.cc.o	4	TfLiteExternalDelegateCreate;TfLiteExternalDelegateDelete;TfLiteExternalDelegateOptionsDefault;TfLiteExternalDelegateOptionsInsert
nnstreamer	armv7l	nnstreamer-tensorflow2-lite/usr/lib/nnstreamer/filters/libnnstreamer_filter_tensorflow2-lite.so	libtensorflow2-lite.a	f16-gemm-1x8-minmax-neonfp16arith-ld64.c.o	1	xnn_f16_gemm_minmax_ukernel_1x8__neonfp16arith_ld64
nnstreamer	armv7l	nnstreamer-tensorflow2-lite/usr/lib/nnstreamer/filters/libnnstreamer_filter_tensorflow2-lite.so	libtensorflow2-lite.a	f16-gemm-6x8-minmax-neonfp16arith-ld64.c.o	1	xnn_f16_gemm_minmax_ukernel_6x8__neonfp16arith_ld64
nnstreamer	armv7l	nnstreamer-tensorflow2-lite/usr/lib/nnstreamer/filters/libnnstreamer_filter_tensorflow2-lite.so	libtensorflow2-lite.a	f32-vcopysign-neon.c.o	3	xnn_f32_vcopysign_ukernel__neon_u12;xnn_f32_vcopysign_ukernel__neon_u16;xnn_f32_vcopysign_ukernel__neon_u4
nnstreamer	armv7l	nnstreamer-tensorflow2-lite/usr/lib/nnstreamer/filters/libnnstreamer_filter_tensorflow2-lite.so	libtensorflow2-lite.a	f32-vcopysign-scalar.c.o	3	xnn_f32_vcopysign_ukernel__scalar_u1;xnn_f32_vcopysign_ukernel__scalar_u4;xnn_f32_vcopysign_ukernel__scalar_u8
nnstreamer	armv7l	nnstreamer-tensorflow2-lite/usr/lib/nnstreamer/filters/libnnstreamer_filter_tensorflow2-lite.so	libtensorflow2-lite.a	f32-vcopysignc-neon.c.o	3	xnn_f32_vcopysignc_ukernel__neon_u12;xnn_f32_vcopysignc_ukernel__neon_u16;xnn_f32_vcopysignc_ukernel__neon_u4
nnstreamer	armv7l	nnstreamer-tensorflow2-lite/usr/lib/nnstreamer/filters/libnnstreamer_filter_tensorflow2-lite.so	libtensorflow2-lite.a	f32-vcopysignc-scalar.c.o	3	xnn_f32_vcopysignc_ukernel__scalar_u1;xnn_f32_vcopysignc_ukernel__scalar_u4;xnn_f32_vcopysignc_ukernel__scalar_u8
nnstreamer	armv7l	nnstreamer-tensorflow2-lite/usr/lib/nnstreamer/filters/libnnstreamer_filter_tensorflow2-lite.so	libtensorflow2-lite.a	f32-vrcopysignc-neon.c.o	3	xnn_f32_vrcopysignc_ukernel__neon_u12;xnn_f32_vrcopysignc_ukernel__neon_u16;xnn_f32_vrcopysignc_ukernel__neon_u4
nnstreamer	armv7l	nnstreamer-tensorflow2-lite/usr/lib/nnstreamer/filters/libnnstreamer_filter_tensorflow2-lite.so	libtensorflow2-lite.a	f32-vrcopysignc-scalar.c.o	3	xnn_f32_vrcopysignc_ukernel__scalar_u1;xnn_f32_vrcopysignc_ukernel__scalar_u4;xnn_f32_vrcopysignc_ukernel__scalar_u8
nnstreamer	armv7l	nnstreamer-tensorflow2-lite/usr/lib/nnstreamer/filters/libnnstreamer_filter_tensorflow2-lite.so	libtensorflow2-lite.a	fake_quant.cc.o	3	_ZN6tflite3ops7builtin10fake_quant7PrepareEP13TfLiteContextP10TfLiteNode;_ZN6tflite3ops7builtin19Register_FAKE_QUANTEv;_ZN6tflite3ops7builtin23Register_FAKE_QUANT_REFEv
nnstreamer	armv7l	nnstreamer-tensorflow2-lite/usr/lib/nnstreamer/filters/libnnstreamer_filter_tensorflow2-lite.so	libtensorflow2-lite.a	farmhash.cc.o	33	_ZN10farmhashcc14Fingerprint128EPKcj;_ZN10farmhashcc14Hash32WithSeedEPKcjj;_ZN10farmhashcc6Hash32EPKcj;_ZN10farmhashmk14Hash32WithSeedEPKcjj;_ZN10farmhashmk6Hash32EPKcj;_ZN10farmhashna14Hash64WithSeedEPKcjy;_ZN10farmhashna15Hash64WithSeedsEPKcjyy;_ZN10farmhashna6Hash64EPKcj;_ZN10farmhashnt14Hash32WithSeedEPKcjj;_ZN10farmhashnt6Hash32EPKcj;_ZN10farmhashsa14Hash32WithSeedEPKcjj;_ZN10farmhashsa6Hash32EPKcj;_ZN10farmhashsu14Hash32WithSeedEPKcjj;_ZN10farmhashsu6Hash32EPKcj;_ZN10farmhashte14Hash64WithSeedEPKcjy;_ZN10farmhashte15Hash64WithSeedsEPKcjyy;_ZN10farmhashte6Hash64EPKcj;_ZN10farmhashuo14Hash64WithSeedEPKcjy;_ZN10farmhashuo15Hash64WithSeedsEPKcjyy;_ZN10farmhashuo6Hash64EPKcj;_ZN10farmhashxo14Hash64WithSeedEPKcjy;_ZN10farmhashxo15Hash64WithSeedsEPKcjyy;_ZN10farmhashxo6Hash64EPKcj;_ZN4util13Fingerprint32EPKcj;_ZN4util13Fingerprint64EPKcj;_ZN4util14Fingerprint128EPKcj;_ZN4util14Hash32WithSeedEPKcjj;_ZN4util14Hash64WithSeedEPKcjy;_ZN4util15Hash64WithSeedsEPKcjyy;_ZN4util4HashEPKcj;_ZN4util6Hash32EPKcj;_ZN4util6Hash64EPKcj;_ZN4util7Hash128EPKcj
nnstreamer	armv7l	nnstreamer-tensorflow2-lite/usr/lib/nnstreamer/filters/libnnstreamer_filter_tensorflow2-lite.so	libtensorflow2-lite.a	fc_fc_add.cc.o	12	_ZN6tflite3gpu13CreateFCFCAddERKNS0_7GpuInfoERKNS0_12OperationDefERKNS0_24FullyConnectedAttributesES9_;_ZN6tflite3gpu13CreateFCFCAddERKNS0_7GpuInfoERKNS0_12OperationDefERKNS0_28FullyConnectedInt8AttributesES9_;_ZN6tflite3gpu7FCFCAdd22UploadQuantizedWeightsERKNS0_6TensorINS0_11StrongShapeILNS0_6LayoutE7EEELNS0_8DataTypeE5EEEffi;_ZN6tflite3gpu7FCFCAddC1EOS1_;_ZN6tflite3gpu7FCFCAddC1ERKNS0_12OperationDefERKNS0_7GpuInfoE;_ZN6tflite3gpu7FCFCAddC2EOS1_;_ZN6tflite3gpu7FCFCAddC2ERKNS0_12OperationDefERKNS0_7GpuInfoE;_ZN6tflite3gpu7FCFCAddaSEOS1_;_ZNK6tflite3gpu7FCFCAdd11GetGridSizeEv;_ZTIN6tflite3gpu7FCFCAddE;_ZTSN6tflite3gpu7FCFCAddE;_ZTVN6tflite3gpu7FCFCAddE
nnstreamer	armv7l	nnstreamer-tensorflow2-lite/usr/lib/nnstreamer/filters/libnnstreamer_filter_tensorflow2-lite.so	libtensorflow2-lite.a	fftsg.c.o	36	bitrv2;bitrv208;bitrv208neg;bitrv216;bitrv216neg;bitrv2conj;cdft;cftb040;cftb1st;cftbsub;cftf040;cftf081;cftf082;cftf161;cftf162;cftf1st;cftfsub;cftfx41;cftleaf;cftmdl1;cftmdl2;cftrec4;cfttree;cftx020;dctsub;ddct;ddst;dfct;dfst;dstsub;makect;makeipt;makewt;rdft;rftbsub;rftfsub
nnstreamer	armv7l	nnstreamer-tensorflow2-lite/usr/lib/nnstreamer/filters/libnnstreamer_filter_tensorflow2-lite.so	libtensorflow2-lite.a	fftsg2d.c.o	8	cdft2d;cdft2d_sub;ddct2d;ddst2d;ddxt2d_sub;rdft2d;rdft2d_sub;rdft2dsort
nnstreamer	armv7l	nnstreamer-tensorflow2-lite/usr/lib/nnstreamer/filters/libnnstreamer_filter_tensorflow2-lite.so	libtensorflow2-lite.a	file_util.cc.o	12	_ZN6tflite7xnnpack14FileDescriptor4OpenEPKcij;_ZN6tflite7xnnpack14FileDescriptor5CloseEv;_ZN6tflite7xnnpack14FileDescriptor5ResetEi;_ZN6tflite7xnnpack28CreateInMemoryFileDescriptorEPKc;_ZN6tflite7xnnpack31InMemoryFileDescriptorAvailableEv;_ZNK6tflite7xnnpack14FileDescriptor13SetPosFromEndEl;_ZNK6tflite7xnnpack14FileDescriptor4ReadEPvj;_ZNK6tflite7xnnpack14FileDescriptor5WriteEPKvj;_ZNK6tflite7xnnpack14FileDescriptor6GetPosEv;_ZNK6tflite7xnnpack14FileDescriptor6SetPosEl;_ZNK6tflite7xnnpack14FileDescriptor7MovePosEl;_ZNK6tflite7xnnpack14FileDescriptor9DuplicateEv
nnstreamer	armv7l	nnstreamer-tensorflow2-lite/usr/lib/nnstreamer/filters/libnnstreamer_filter_tensorflow2-lite.so	libtensorflow2-lite.a	fill.cc.o	4	_ZN6tflite3ops7builtin13Register_FILLEv;_ZN6tflite3ops7builtin4fill10FillStringEPK12TfLiteTensorPS3_;_ZN6tflite3ops7builtin4fill4EvalEP13TfLiteContextP10TfLiteNode;_ZN6tflite3ops7builtin4fill7PrepareEP13TfLiteContextP10TfLiteNode
nnstreamer	armv7l	nnstreamer-tensorflow2-lite/usr/lib/nnstreamer/filters/libnnstreamer_filter_tensorflow2-lite.so	libtensorflow2-lite.a	flatbuffer_conversions.cc.o	105	_ZN6tflite10ParseEqualEPKNS_8OperatorEPNS_13ErrorReporterEPNS_20BuiltinDataAllocatorEPPv;_ZN6tflite10ParseFloorEPKNS_8OperatorEPNS_13ErrorReporterEPNS_20BuiltinDataAllocatorEPPv;_ZN6tflite10ParsePadV2EPKNS_8OperatorEPNS_13ErrorReporterEPNS_20BuiltinDataAllocatorEPPv;_ZN6tflite10ParsePreluEPKNS_8OperatorEPNS_13ErrorReporterEPNS_20BuiltinDataAllocatorEPPv;_ZN6tflite10ParseRelu6EPKNS_8OperatorEPNS_13ErrorReporterEPNS_20BuiltinDataAllocatorEPPv;_ZN6tflite10ParseRoundEPKNS_8OperatorEPNS_13ErrorReporterEPNS_20BuiltinDataAllocatorEPPv;_ZN6tflite10ParseRsqrtEPKNS_8OperatorEPNS_13ErrorReporterEPNS_20BuiltinDataAllocatorEPPv;_ZN6tflite10ParseShapeEPKNS_8OperatorEPNS_13ErrorReporterEPNS_20BuiltinDataAllocatorEPPv;_ZN6tflite10ParseSliceEPKNS_8OperatorEPNS_13ErrorReporterEPNS_20BuiltinDataAllocatorEPPv;_ZN6tflite10ParseSplitEPKNS_8OperatorEPNS_13ErrorReporterEPNS_20BuiltinDataAllocatorEPPv;_ZN6tflite10ParseWhileEPKNS_8OperatorEPNS_13ErrorReporterEPNS_20BuiltinDataAllocatorEPPv;_ZN6tflite11ParseArgMaxEPKNS_8OperatorEPNS_13ErrorReporterEPNS_20BuiltinDataAllocatorEPPv;_ZN6tflite11ParseArgMinEPKNS_8OperatorEPNS_13ErrorReporterEPNS_20BuiltinDataAllocatorEPPv;_ZN6tflite11ParseConv2DEPKNS_8OperatorEPNS_13ErrorReporterEPNS_20BuiltinDataAllocatorEPPv;_ZN6tflite11ParseCumsumEPKNS_8OperatorEPNS_13ErrorReporterEPNS_20BuiltinDataAllocatorEPPv;_ZN6tflite11ParseGatherEPKNS_8OperatorEPNS_13ErrorReporterEPNS_20BuiltinDataAllocatorEPPv;_ZN6tflite11ParseOpDataEPKNS_8OperatorENS_15BuiltinOperatorEPNS_13ErrorReporterEPNS_20BuiltinDataAllocatorEPPv;_ZN6tflite11ParseSplitVEPKNS_8OperatorEPNS_13ErrorReporterEPNS_20BuiltinDataAllocatorEPPv;_ZN6tflite11ParseSquareEPKNS_8OperatorEPNS_13ErrorReporterEPNS_20BuiltinDataAllocatorEPPv;_ZN6tflite11ParseUnpackEPKNS_8OperatorEPNS_13ErrorReporterEPNS_20BuiltinDataAllocatorEPPv;_ZN6tflite12ParseGreaterEPKNS_8OperatorEPNS_13ErrorReporterEPNS_20BuiltinDataAllocatorEPPv;_ZN6tflite12ParseMaximumEPKNS_8OperatorEPNS_13ErrorReporterEPNS_20BuiltinDataAllocatorEPPv;_ZN6tflite12ParseMinimumEPKNS_8OperatorEPNS_13ErrorReporterEPNS_20BuiltinDataAllocatorEPPv;_ZN6tflite12ParseReducerEPKNS_8OperatorEPNS_13ErrorReporterEPNS_20BuiltinDataAllocatorEPPv;_ZN6tflite12ParseReshapeEPKNS_8OperatorEPNS_13ErrorReporterEPNS_20BuiltinDataAllocatorEPPv;_ZN6tflite12ParseSoftmaxEPKNS_8OperatorEPNS_13ErrorReporterEPNS_20BuiltinDataAllocatorEPPv;_ZN6tflite12ParseSqueezeEPKNS_8OperatorEPNS_13ErrorReporterEPNS_20BuiltinDataAllocatorEPPv;_ZN6tflite13ParseCallOnceEPKNS_8OperatorEPNS_13ErrorReporterEPNS_20BuiltinDataAllocatorEPPv;_ZN6tflite13ParseFloorDivEPKNS_8OperatorEPNS_13ErrorReporterEPNS_20BuiltinDataAllocatorEPPv;_ZN6tflite13ParseFloorModEPKNS_8OperatorEPNS_13ErrorReporterEPNS_20BuiltinDataAllocatorEPPv;_ZN6tflite13ParseGatherNdEPKNS_8OperatorEPNS_13ErrorReporterEPNS_20BuiltinDataAllocatorEPPv;_ZN6tflite13ParseLogisticEPKNS_8OperatorEPNS_13ErrorReporterEPNS_20BuiltinDataAllocatorEPPv;_ZN6tflite13ParseNotEqualEPKNS_8OperatorEPNS_13ErrorReporterEPNS_20BuiltinDataAllocatorEPPv;_ZN6tflite13ParseQuantizeEPKNS_8OperatorEPNS_13ErrorReporterEPNS_20BuiltinDataAllocatorEPPv;_ZN6tflite13ParseSelectV2EPKNS_8OperatorEPNS_13ErrorReporterEPNS_20BuiltinDataAllocatorEPPv;_ZN6tflite14ParseHardSwishEPKNS_8OperatorEPNS_13ErrorReporterEPNS_20BuiltinDataAllocatorEPPv;_ZN6tflite14ParseLeakyReluEPKNS_8OperatorEPNS_13ErrorReporterEPNS_20BuiltinDataAllocatorEPPv;_ZN6tflite14ParseLessEqualEPKNS_8OperatorEPNS_13ErrorReporterEPNS_20BuiltinDataAllocatorEPPv;_ZN6tflite14ParseLogicalOrEPKNS_8OperatorEPNS_13ErrorReporterEPNS_20BuiltinDataAllocatorEPPv;_ZN6tflite14ParseMirrorPadEPKNS_8OperatorEPNS_13ErrorReporterEPNS_20BuiltinDataAllocatorEPPv;_ZN6tflite14ParseTransposeEPKNS_8OperatorEPNS_13ErrorReporterEPNS_20BuiltinDataAllocatorEPPv;_ZN6tflite14ParseVarHandleEPKNS_8OperatorEPNS_13ErrorReporterEPNS_20BuiltinDataAllocatorEPPv;_ZN6tflite14ParseZerosLikeEPKNS_8OperatorEPNS_13ErrorReporterEPNS_20BuiltinDataAllocatorEPPv;_ZN6tflite15ParseBitwiseXorEPKNS_8OperatorEPNS_13ErrorReporterEPNS_20BuiltinDataAllocatorEPPv;_ZN6tflite15ParseDequantizeEPKNS_8OperatorEPNS_13ErrorReporterEPNS_20BuiltinDataAllocatorEPPv;_ZN6tflite15ParseExpandDimsEPKNS_8OperatorEPNS_13ErrorReporterEPNS_20BuiltinDataAllocatorEPPv;_ZN6tflite15ParseLogSoftmaxEPKNS_8OperatorEPNS_13ErrorReporterEPNS_20BuiltinDataAllocatorEPPv;_ZN6tflite15ParseLogicalAndEPKNS_8OperatorEPNS_13ErrorReporterEPNS_20BuiltinDataAllocatorEPPv;_ZN6tflite15ParseLogicalNotEPKNS_8OperatorEPNS_13ErrorReporterEPNS_20BuiltinDataAllocatorEPPv;_ZN6tflite15ParseRightShiftEPKNS_8OperatorEPNS_13ErrorReporterEPNS_20BuiltinDataAllocatorEPPv;_ZN6tflite16ParseBatchMatMulEPKNS_8OperatorEPNS_13ErrorReporterEPNS_20BuiltinDataAllocatorEPPv;_ZN6tflite16ParseBroadcastToEPKNS_8OperatorEPNS_13ErrorReporterEPNS_20BuiltinDataAllocatorEPPv;_ZN6tflite17ConvertTensorTypeENS_10TensorTypeEP10TfLiteTypePNS_13ErrorReporterE;_ZN6tflite17ParseDepthToSpaceEPKNS_8OperatorEPNS_13ErrorReporterEPNS_20BuiltinDataAllocatorEPPv;_ZN6tflite17ParseGreaterEqualEPKNS_8OperatorEPNS_13ErrorReporterEPNS_20BuiltinDataAllocatorEPPv;_ZN6tflite17ParseReadVariableEPKNS_8OperatorEPNS_13ErrorReporterEPNS_20BuiltinDataAllocatorEPPv;_ZN6tflite17ParseSpaceToDepthEPKNS_8OperatorEPNS_13ErrorReporterEPNS_20BuiltinDataAllocatorEPPv;_ZN6tflite17ParseStablehloPadEPKNS_8OperatorEPNS_13ErrorReporterEPNS_20BuiltinDataAllocatorEPPv;_ZN6tflite17ParseStridedSliceEPKNS_8OperatorEPNS_13ErrorReporterEPNS_20BuiltinDataAllocatorEPPv;_ZN6tflite18ParseBroadcastArgsEPKNS_8OperatorEPNS_13ErrorReporterEPNS_20BuiltinDataAllocatorEPPv;_ZN6tflite18ParseConcatenationEPKNS_8OperatorEPNS_13ErrorReporterEPNS_20BuiltinDataAllocatorEPPv;_ZN6tflite18ParseTransposeConvEPKNS_8OperatorEPNS_13ErrorReporterEPNS_20BuiltinDataAllocatorEPPv;_ZN6tflite19ParseAssignVariableEPKNS_8OperatorEPNS_13ErrorReporterEPNS_20BuiltinDataAllocatorEPPv;_ZN6tflite19ParseBatchToSpaceNdEPKNS_8OperatorEPNS_13ErrorReporterEPNS_20BuiltinDataAllocatorEPPv;_ZN6tflite19ParseFullyConnectedEPKNS_8OperatorEPNS_13ErrorReporterEPNS_20BuiltinDataAllocatorEPPv;_ZN6tflite19ParseResizeBilinearEPKNS_8OperatorEPNS_13ErrorReporterEPNS_20BuiltinDataAllocatorEPPv;_ZN6tflite19ParseSpaceToBatchNdEPKNS_8OperatorEPNS_13ErrorReporterEPNS_20BuiltinDataAllocatorEPPv;_ZN6tflite20ParseDepthwiseConv2DEPKNS_8OperatorEPNS_13ErrorReporterEPNS_20BuiltinDataAllocatorEPPv;_ZN6tflite20ParseEmbeddingLookupEPKNS_8OperatorEPNS_13ErrorReporterEPNS_20BuiltinDataAllocatorEPPv;_ZN6tflite20ParseL2NormalizationEPKNS_8OperatorEPNS_13ErrorReporterEPNS_20BuiltinDataAllocatorEPPv;_ZN6tflite20ParseStablehloGatherEPKNS_8OperatorEPNS_13ErrorReporterEPNS_20BuiltinDataAllocatorEPPv;_ZN6tflite21ParseStablehloScatterEPKNS_8OperatorEPNS_13ErrorReporterEPNS_20BuiltinDataAllocatorEPPv;_ZN6tflite22ParseSquaredDifferenceEPKNS_8OperatorEPNS_13ErrorReporterEPNS_20BuiltinDataAllocatorEPPv;_ZN6tflite23ParseStablehloCompositeEPKNS_8OperatorEPNS_13ErrorReporterEPNS_20BuiltinDataAllocatorEPPv;_ZN6tflite23ParseStablehloShiftLeftEPKNS_8OperatorEPNS_13ErrorReporterEPNS_20BuiltinDataAllocatorEPPv;_ZN6tflite26ParseResizeNearestNeighborEPKNS_8OperatorEPNS_13ErrorReporterEPNS_20BuiltinDataAllocatorEPPv;_ZN6tflite26ParseStablehloReduceWindowEPKNS_8OperatorEPNS_13ErrorReporterEPNS_20BuiltinDataAllocatorEPPv;_ZN6tflite29ParseStablehloRngBitGeneratorEPKNS_8OperatorEPNS_13ErrorReporterEPNS_20BuiltinDataAllocatorEPPv;_ZN6tflite31ParseUnidirectionalSequenceLSTMEPKNS_8OperatorEPNS_13ErrorReporterEPNS_20BuiltinDataAllocatorEPPv;_ZN6tflite7ParseIfEPKNS_8OperatorEPNS_13ErrorReporterEPNS_20BuiltinDataAllocatorEPPv;_ZN6tflite8ParseAbsEPKNS_8OperatorEPNS_13ErrorReporterEPNS_20BuiltinDataAllocatorEPPv;_ZN6tflite8ParseAddEPKNS_8OperatorEPNS_13ErrorReporterEPNS_20BuiltinDataAllocatorEPPv;_ZN6tflite8ParseCosEPKNS_8OperatorEPNS_13ErrorReporterEPNS_20BuiltinDataAllocatorEPPv;_ZN6tflite8ParseDivEPKNS_8OperatorEPNS_13ErrorReporterEPNS_20BuiltinDataAllocatorEPPv;_ZN6tflite8ParseEluEPKNS_8OperatorEPNS_13ErrorReporterEPNS_20BuiltinDataAllocatorEPPv;_ZN6tflite8ParseExpEPKNS_8OperatorEPNS_13ErrorReporterEPNS_20BuiltinDataAllocatorEPPv;_ZN6tflite8ParseLogEPKNS_8OperatorEPNS_13ErrorReporterEPNS_20BuiltinDataAllocatorEPPv;_ZN6tflite8ParseMulEPKNS_8OperatorEPNS_13ErrorReporterEPNS_20BuiltinDataAllocatorEPPv;_ZN6tflite8ParseNegEPKNS_8OperatorEPNS_13ErrorReporterEPNS_20BuiltinDataAllocatorEPPv;_ZN6tflite8ParsePadEPKNS_8OperatorEPNS_13ErrorReporterEPNS_20BuiltinDataAllocatorEPPv;_ZN6tflite8ParsePowEPKNS_8OperatorEPNS_13ErrorReporterEPNS_20BuiltinDataAllocatorEPPv;_ZN6tflite8ParseSinEPKNS_8OperatorEPNS_13ErrorReporterEPNS_20BuiltinDataAllocatorEPPv;_ZN6tflite8ParseSubEPKNS_8OperatorEPNS_13ErrorReporterEPNS_20BuiltinDataAllocatorEPPv;_ZN6tflite9ParseAddNEPKNS_8OperatorEPNS_13ErrorReporterEPNS_20BuiltinDataAllocatorEPPv;_ZN6tflite9ParseCastEPKNS_8OperatorEPNS_13ErrorReporterEPNS_20BuiltinDataAllocatorEPPv;_ZN6tflite9ParseCeilEPKNS_8OperatorEPNS_13ErrorReporterEPNS_20BuiltinDataAllocatorEPPv;_ZN6tflite9ParseFillEPKNS_8OperatorEPNS_13ErrorReporterEPNS_20BuiltinDataAllocatorEPPv;_ZN6tflite9ParseLSTMEPKNS_8OperatorEPNS_13ErrorReporterEPNS_20BuiltinDataAllocatorEPPv;_ZN6tflite9ParseLessEPKNS_8OperatorEPNS_13ErrorReporterEPNS_20BuiltinDataAllocatorEPPv;_ZN6tflite9ParsePackEPKNS_8OperatorEPNS_13ErrorReporterEPNS_20BuiltinDataAllocatorEPPv;_ZN6tflite9ParsePoolEPKNS_8OperatorEPNS_13ErrorReporterEPNS_20BuiltinDataAllocatorEPPv;_ZN6tflite9ParseReluEPKNS_8OperatorEPNS_13ErrorReporterEPNS_20BuiltinDataAllocatorEPPv;_ZN6tflite9ParseSqrtEPKNS_8OperatorEPNS_13ErrorReporterEPNS_20BuiltinDataAllocatorEPPv;_ZN6tflite9ParseSvdfEPKNS_8OperatorEPNS_13ErrorReporterEPNS_20BuiltinDataAllocatorEPPv;_ZN6tflite9ParseTanhEPKNS_8OperatorEPNS_13ErrorReporterEPNS_20BuiltinDataAllocatorEPPv
nnstreamer	armv7l	nnstreamer-tensorflow2-lite/usr/lib/nnstreamer/filters/libnnstreamer_filter_tensorflow2-lite.so	libtensorflow2-lite.a	float_conversion.cc.o	3	_ZN4absl12lts_2023080219str_format_internal16ConvertFloatImplEdRKNS1_24FormatConversionSpecImplEPNS1_14FormatSinkImplE;_ZN4absl12lts_2023080219str_format_internal16ConvertFloatImplEeRKNS1_24FormatConversionSpecImplEPNS1_14FormatSinkImplE;_ZN4absl12lts_2023080219str_format_internal16ConvertFloatImplEfRKNS1_24FormatConversionSpecImplEPNS1_14FormatSinkImplE
nnstreamer	armv7l	nnstreamer-tensorflow2-lite/usr/lib/nnstreamer/filters/libnnstreamer_filter_tensorflow2-lite.so	libtensorflow2-lite.a	floor.c.o	1	xnn_define_floor
nnstreamer	armv7l	nnstreamer-tensorflow2-lite/usr/lib/nnstreamer/filters/libnnstreamer_filter_tensorflow2-lite.so	libtensorflow2-lite.a	floor.cc.o	3	_ZN6tflite3ops7builtin14Register_FLOOREv;_ZN6tflite3ops7builtin18Register_FLOOR_REFEv;_ZN6tflite3ops7builtin5floor7PrepareEP13TfLiteContextP10TfLiteNode
nnstreamer	armv7l	nnstreamer-tensorflow2-lite/usr/lib/nnstreamer/filters/libnnstreamer_filter_tensorflow2-lite.so	libtensorflow2-lite.a	floor_div.cc.o	1	_ZN6tflite3ops7builtin18Register_FLOOR_DIVEv
nnstreamer	armv7l	nnstreamer-tensorflow2-lite/usr/lib/nnstreamer/filters/libnnstreamer_filter_tensorflow2-lite.so	libtensorflow2-lite.a	floor_mod.cc.o	1	_ZN6tflite3ops7builtin18Register_FLOOR_MODEv
nnstreamer	armv7l	nnstreamer-tensorflow2-lite/usr/lib/nnstreamer/filters/libnnstreamer_filter_tensorflow2-lite.so	libtensorflow2-lite.a	flops_util.cc.o	5	_ZN6tflite3gpu19GetConvolutionFlopsERKNS0_11StrongShapeILNS0_6LayoutE10EEERKNS1_ILS2_7EEE;_ZN6tflite3gpu22GetFullyConnectedFlopsERKNS0_11StrongShapeILNS0_6LayoutE10EEERKNS1_ILS2_7EEE;_ZN6tflite3gpu28GetDepthwiseConvolutionFlopsERKNS0_11StrongShapeILNS0_6LayoutE10EEERKNS1_ILS2_7EEE;_ZN6tflite3gpu29GetConvolutionTransposedFlopsERKNS0_11StrongShapeILNS0_6LayoutE10EEERKNS1_ILS2_7EEE;_ZN6tflite3gpu35GetConvolutionWinograd4x4To6x6FlopsERKNS0_11StrongShapeILNS0_6LayoutE10EEERKNS1_ILS2_7EEE
nnstreamer	armv7l	nnstreamer-tensorflow2-lite/usr/lib/nnstreamer/filters/libnnstreamer_filter_tensorflow2-lite.so	libtensorflow2-lite.a	frontend.cc.o	1	_ZN3ruy26MulFrontEndFromTrMulParamsEPNS_3CtxEPNS_11TrMulParamsE
nnstreamer	armv7l	nnstreamer-tensorflow2-lite/usr/lib/nnstreamer/filters/libnnstreamer_filter_tensorflow2-lite.so	libtensorflow2-lite.a	fully-connected-nc.c.o	42	xnn_create_fully_connected_nc_f16;xnn_create_fully_connected_nc_f32;xnn_create_fully_connected_nc_f32_qc4w;xnn_create_fully_connected_nc_f32_qc8w;xnn_create_fully_connected_nc_qd8_f16_qb4w;xnn_create_fully_connected_nc_qd8_f16_qc4w;xnn_create_fully_connected_nc_qd8_f16_qc8w;xnn_create_fully_connected_nc_qd8_f32_qb4w;xnn_create_fully_connected_nc_qd8_f32_qc4w;xnn_create_fully_connected_nc_qd8_f32_qc8w;xnn_create_fully_connected_nc_qp8_f32_qc4w;xnn_create_fully_connected_nc_qs8;xnn_create_fully_connected_nc_qs8_qc8w;xnn_create_fully_connected_nc_qu8;xnn_reshape_fully_connected_nc_f16;xnn_reshape_fully_connected_nc_f32;xnn_reshape_fully_connected_nc_f32_qc4w;xnn_reshape_fully_connected_nc_f32_qc8w;xnn_reshape_fully_connected_nc_qd8_f16_qb4w;xnn_reshape_fully_connected_nc_qd8_f16_qc4w;xnn_reshape_fully_connected_nc_qd8_f16_qc8w;xnn_reshape_fully_connected_nc_qd8_f32_qb4w;xnn_reshape_fully_connected_nc_qd8_f32_qc4w;xnn_reshape_fully_connected_nc_qd8_f32_qc8w;xnn_reshape_fully_connected_nc_qp8_f32_qc4w;xnn_reshape_fully_connected_nc_qs8;xnn_reshape_fully_connected_nc_qs8_qc8w;xnn_reshape_fully_connected_nc_qu8;xnn_setup_fully_connected_nc_f16;xnn_setup_fully_connected_nc_f32;xnn_setup_fully_connected_nc_f32_qc4w;xnn_setup_fully_connected_nc_f32_qc8w;xnn_setup_fully_connected_nc_qd8_f16_qb4w;xnn_setup_fully_connected_nc_qd8_f16_qc4w;xnn_setup_fully_connected_nc_qd8_f16_qc8w;xnn_setup_fully_connected_nc_qd8_f32_qb4w;xnn_setup_fully_connected_nc_qd8_f32_qc4w;xnn_setup_fully_connected_nc_qd8_f32_qc8w;xnn_setup_fully_connected_nc_qp8_f32_qc4w;xnn_setup_fully_connected_nc_qs8;xnn_setup_fully_connected_nc_qs8_qc8w;xnn_setup_fully_connected_nc_qu8
nnstreamer	armv7l	nnstreamer-tensorflow2-lite/usr/lib/nnstreamer/filters/libnnstreamer_filter_tensorflow2-lite.so	libtensorflow2-lite.a	fully-connected.c.o	2	resize_fully_connected_output_tensor;xnn_define_fully_connected
nnstreamer	armv7l	nnstreamer-tensorflow2-lite/usr/lib/nnstreamer/filters/libnnstreamer_filter_tensorflow2-lite.so	libtensorflow2-lite.a	fully_connected.cc.o	27	_ZN6tflite3gpu14FullyConnected22UploadQuantizedWeightsERKNS0_6TensorINS0_11StrongShapeILNS0_6LayoutE7EEELNS0_8DataTypeE5EEEff;_ZN6tflite3gpu14FullyConnectedC1EOS1_;_ZN6tflite3gpu14FullyConnectedC1ERKNS0_12OperationDefERKNS0_7GpuInfoE;_ZN6tflite3gpu14FullyConnectedC2EOS1_;_ZN6tflite3gpu14FullyConnectedC2ERKNS0_12OperationDefERKNS0_7GpuInfoE;_ZN6tflite3gpu14FullyConnectedaSEOS1_;_ZN6tflite3gpu20CreateFullyConnectedERKNS0_7GpuInfoERKNS0_12OperationDefERKNS0_24FullyConnectedAttributesE;_ZN6tflite3gpu20CreateFullyConnectedERKNS0_7GpuInfoERKNS0_12OperationDefERKNS0_28FullyConnectedInt8AttributesE;_ZN6tflite3ops7builtin15fully_connected10EvalHybridEP13TfLiteContextP10TfLiteNodeP26TfLiteFullyConnectedParamsPNS2_6OpDataEPK12TfLiteTensorSD_SD_PSB_SE_SE_SE_SE_SE_;_ZN6tflite3ops7builtin15fully_connected11PrepareImplEP13TfLiteContextP10TfLiteNodeNS2_10KernelTypeE;_ZN6tflite3ops7builtin15fully_connected14VerifySparsityERKNS_12RuntimeShapeES5_S5_PK14TfLiteSparsity;_ZN6tflite3ops7builtin15fully_connected15EvalHybridDenseEP13TfLiteContextP10TfLiteNodeP26TfLiteFullyConnectedParamsPNS2_6OpDataEPK12TfLiteTensorSD_SD_PSB_SE_SE_SE_SE_SE_;_ZN6tflite3ops7builtin15fully_connected15PrepareImpl4BitEP13TfLiteContextP10TfLiteNodeiiiiii;_ZN6tflite3ops7builtin15fully_connected16UpdateOutputSizeEP13TfLiteContextP26TfLiteFullyConnectedParamsPK12TfLiteTensorPS7_iii;_ZN6tflite3ops7builtin15fully_connected19EvalHybridDense4BitEP13TfLiteContextP10TfLiteNodeP26TfLiteFullyConnectedParamsPNS2_6OpDataEPK12TfLiteTensorSD_SD_PSB_SE_SE_SE_SE_;_ZN6tflite3ops7builtin15fully_connected20EvalSparseHybridImplEP13TfLiteContextP10TfLiteNodeP26TfLiteFullyConnectedParamsPNS2_6OpDataEPK12TfLiteTensorSD_SD_iiPSB_SE_SE_SE_SE_SE_;_ZN6tflite3ops7builtin15fully_connected4FreeEP13TfLiteContextPv;_ZN6tflite3ops7builtin15fully_connected4InitEP13TfLiteContextPKcj;_ZN6tflite3ops7builtin15fully_connected7EvalPieEP13TfLiteContextP10TfLiteNodeP26TfLiteFullyConnectedParamsPNS2_6OpDataEPK12TfLiteTensorSD_SD_PSB_;_ZN6tflite3ops7builtin24Register_FULLY_CONNECTEDEv;_ZN6tflite3ops7builtin28Register_FULLY_CONNECTED_PIEEv;_ZN6tflite3ops7builtin28Register_FULLY_CONNECTED_REFEv;_ZN6tflite3ops7builtin36Register_FULLY_CONNECTED_GENERIC_OPTEv;_ZNK6tflite3gpu14FullyConnected11GetGridSizeEv;_ZTIN6tflite3gpu14FullyConnectedE;_ZTSN6tflite3gpu14FullyConnectedE;_ZTVN6tflite3gpu14FullyConnectedE
nnstreamer	armv7l	nnstreamer-tensorflow2-lite/usr/lib/nnstreamer/filters/libnnstreamer_filter_tensorflow2-lite.so	libtensorflow2-lite.a	fully_connected_reference.cc.o	4	_ZN6tflite14optimized_4bit16ReferencePrepackEPhPKaiiiiii;_ZN6tflite14optimized_4bit18ReferencePackInnerEPKaPhiiiiiiii;_ZN6tflite14optimized_4bit32ReferenceBatchQuantizeFloats4BitEPKfiiPaPfiiPi;_ZN6tflite14optimized_4bit36ReferenceAssignBiasAndComputeOffsetsEPKiPKfS4_S4_Pfii
nnstreamer	armv7l	nnstreamer-tensorflow2-lite/usr/lib/nnstreamer/filters/libnnstreamer_filter_tensorflow2-lite.so	libtensorflow2-lite.a	fully_connected_selector.cc.o	2	_ZN6tflite3gpu20SelectFullyConnectedERKNS0_24FullyConnectedAttributesERKNS0_7GpuInfoERKNS0_12OperationDefEi;_ZN6tflite3gpu20SelectFullyConnectedERKNS0_28FullyConnectedInt8AttributesERKNS0_7GpuInfoERKNS0_12OperationDefE
nnstreamer	armv7l	nnstreamer-tensorflow2-lite/usr/lib/nnstreamer/filters/libnnstreamer_filter_tensorflow2-lite.so	libtensorflow2-lite.a	fuse_add_to_conv.cc.o	6	_ZN6tflite3gpu24FuseConvolution2DWithAddERKNS0_25ElementwiseAttributesBaseILNS0_8DataTypeE2EfEEPNS0_23Convolution2DAttributesE;_ZN6tflite3gpu25FuseFullyConnectedWithAddERKNS0_25ElementwiseAttributesBaseILNS0_8DataTypeE2EfEEPNS0_24FullyConnectedAttributesE;_ZN6tflite3gpu26NewMergeAddWithConvolutionEv;_ZN6tflite3gpu26NewMergeConvolutionWithAddEv;_ZN6tflite3gpu32FuseConvolutionTransposedWithAddERKNS0_25ElementwiseAttributesBaseILNS0_8DataTypeE2EfEEPNS0_31ConvolutionTransposedAttributesE;_ZN6tflite3gpu33FuseDepthwiseConvolution2DWithAddERKNS0_25ElementwiseAttributesBaseILNS0_8DataTypeE2EfEEPNS0_32DepthwiseConvolution2DAttributesE
nnstreamer	armv7l	nnstreamer-tensorflow2-lite/usr/lib/nnstreamer/filters/libnnstreamer_filter_tensorflow2-lite.so	libtensorflow2-lite.a	fuse_mul_to_conv.cc.o	10	_ZN6tflite3gpu26NewMergeConvolutionWithMulEv;_ZN6tflite3gpu26NewMergeMulWithConvolutionEv;_ZN6tflite3gpu29FuseConvolution2DWithMultiplyERKNS0_25ElementwiseAttributesBaseILNS0_8DataTypeE2EfEEPNS0_23Convolution2DAttributesE;_ZN6tflite3gpu29FuseMultiplyWithConvolution2DERKNS0_25ElementwiseAttributesBaseILNS0_8DataTypeE2EfEEPNS0_23Convolution2DAttributesE;_ZN6tflite3gpu30FuseFullyConnectedWithMultiplyERKNS0_25ElementwiseAttributesBaseILNS0_8DataTypeE2EfEEPNS0_24FullyConnectedAttributesE;_ZN6tflite3gpu30FuseMultiplyWithFullyConnectedERKNS0_25ElementwiseAttributesBaseILNS0_8DataTypeE2EfEEPNS0_24FullyConnectedAttributesE;_ZN6tflite3gpu37FuseConvolutionTransposedWithMultiplyERKNS0_25ElementwiseAttributesBaseILNS0_8DataTypeE2EfEEPNS0_31ConvolutionTransposedAttributesE;_ZN6tflite3gpu37FuseMultiplyWithConvolutionTransposedERKNS0_25ElementwiseAttributesBaseILNS0_8DataTypeE2EfEEPNS0_31ConvolutionTransposedAttributesE;_ZN6tflite3gpu38FuseDepthwiseConvolution2DWithMultiplyERKNS0_25ElementwiseAttributesBaseILNS0_8DataTypeE2EfEEPNS0_32DepthwiseConvolution2DAttributesE;_ZN6tflite3gpu38FuseMultiplyWithDepthwiseConvolution2DERKNS0_25ElementwiseAttributesBaseILNS0_8DataTypeE2EfEEPNS0_32DepthwiseConvolution2DAttributesE
nnstreamer	armv7l	nnstreamer-tensorflow2-lite/usr/lib/nnstreamer/filters/libnnstreamer_filter_tensorflow2-lite.so	libtensorflow2-lite.a	futex_waiter.cc.o	3	_ZN4absl12lts_2023080224synchronization_internal11FutexWaiter4PokeEv;_ZN4absl12lts_2023080224synchronization_internal11FutexWaiter4PostEv;_ZN4absl12lts_2023080224synchronization_internal11FutexWaiter4WaitENS1_13KernelTimeoutE
nnstreamer	armv7l	nnstreamer-tensorflow2-lite/usr/lib/nnstreamer/filters/libnnstreamer_filter_tensorflow2-lite.so	libtensorflow2-lite.a	gather.cc.o	8	_ZN6tflite3gpu12CreateGatherERKNS0_7GpuInfoERKNS0_12OperationDefERKNS0_16GatherAttributesE;_ZN6tflite3ops7builtin15Register_GATHEREv;_ZN6tflite3ops7builtin6gather24DispatchEvalPositionTypeEP13TfLiteContextPK18TfLiteGatherParamsPK12TfLiteTensorSA_PS8_;_ZN6tflite3ops7builtin6gather4EvalEP13TfLiteContextP10TfLiteNode;_ZN6tflite3ops7builtin6gather4FreeEP13TfLiteContextPv;_ZN6tflite3ops7builtin6gather4InitEP13TfLiteContextPKcj;_ZN6tflite3ops7builtin6gather7PrepareEP13TfLiteContextP10TfLiteNode;_ZN6tflite3ops7builtin6gather8EvalImplEP13TfLiteContextP10TfLiteNode
nnstreamer	armv7l	nnstreamer-tensorflow2-lite/usr/lib/nnstreamer/filters/libnnstreamer_filter_tensorflow2-lite.so	libtensorflow2-lite.a	gather_nd.cc.o	3	_ZN6tflite3ops7builtin18Register_GATHER_NDEv;_ZN6tflite3ops7builtin9gather_nd4EvalEP13TfLiteContextP10TfLiteNode;_ZN6tflite3ops7builtin9gather_nd7PrepareEP13TfLiteContextP10TfLiteNode
nnstreamer	armv7l	nnstreamer-tensorflow2-lite/usr/lib/nnstreamer/filters/libnnstreamer_filter_tensorflow2-lite.so	libtensorflow2-lite.a	gelu.c.o	1	xnn_define_gelu
nnstreamer	armv7l	nnstreamer-tensorflow2-lite/usr/lib/nnstreamer/filters/libnnstreamer_filter_tensorflow2-lite.so	libtensorflow2-lite.a	global-average-pooling-ncw.c.o	6	xnn_create_global_average_pooling_ncw_f16;xnn_create_global_average_pooling_ncw_f32;xnn_reshape_global_average_pooling_ncw_f16;xnn_reshape_global_average_pooling_ncw_f32;xnn_setup_global_average_pooling_ncw_f16;xnn_setup_global_average_pooling_ncw_f32
nnstreamer	armv7l	nnstreamer-tensorflow2-lite/usr/lib/nnstreamer/filters/libnnstreamer_filter_tensorflow2-lite.so	libtensorflow2-lite.a	global-average-pooling-nwc.c.o	18	xnn_create_global_average_pooling_nwc_f16;xnn_create_global_average_pooling_nwc_f32;xnn_create_global_average_pooling_nwc_qs8;xnn_create_global_average_pooling_nwc_qu8;xnn_create_global_sum_pooling_nwc_f16;xnn_create_global_sum_pooling_nwc_f32;xnn_reshape_global_average_pooling_nwc_f16;xnn_reshape_global_average_pooling_nwc_f32;xnn_reshape_global_average_pooling_nwc_qs8;xnn_reshape_global_average_pooling_nwc_qu8;xnn_reshape_global_sum_pooling_nwc_f16;xnn_reshape_global_sum_pooling_nwc_f32;xnn_setup_global_average_pooling_nwc_f16;xnn_setup_global_average_pooling_nwc_f32;xnn_setup_global_average_pooling_nwc_qs8;xnn_setup_global_average_pooling_nwc_qu8;xnn_setup_global_sum_pooling_nwc_f16;xnn_setup_global_sum_pooling_nwc_f32
nnstreamer	armv7l	nnstreamer-tensorflow2-lite/usr/lib/nnstreamer/filters/libnnstreamer_filter_tensorflow2-lite.so	libtensorflow2-lite.a	global-average-pooling.c.o	2	xnn_define_global_average_pooling_1d;xnn_define_global_average_pooling_2d
nnstreamer	armv7l	nnstreamer-tensorflow2-lite/usr/lib/nnstreamer/filters/libnnstreamer_filter_tensorflow2-lite.so	libtensorflow2-lite.a	global-sum-pooling.c.o	2	xnn_define_global_sum_pooling_1d;xnn_define_global_sum_pooling_2d
nnstreamer	armv7l	nnstreamer-tensorflow2-lite/usr/lib/nnstreamer/filters/libnnstreamer_filter_tensorflow2-lite.so	libtensorflow2-lite.a	global_pooling_to_reduce_op.cc.o	1	_ZN6tflite3gpu26NewGlobalPoolingToReduceOpEv
nnstreamer	armv7l	nnstreamer-tensorflow2-lite/usr/lib/nnstreamer/filters/libnnstreamer_filter_tensorflow2-lite.so	libtensorflow2-lite.a	gpu_compatibility.cc.o	3	_ZN6tflite29CheckGpuDelegateCompatibilityEPK13TfLiteContextPK10TfLiteNodePK18TfLiteRegistrationNS_21GpuCompatibilityFlagsE;_ZN6tflite29CheckGpuDelegateCompatibilityEPKNS_12OperatorCodeEPKNS_8OperatorEPKNS_8SubGraphEPKNS_5ModelE;_ZN6tflite29CheckGpuDelegateCompatibilityERKNS_11OpSignatureENS_21GpuCompatibilityFlagsE
nnstreamer	armv7l	nnstreamer-tensorflow2-lite/usr/lib/nnstreamer/filters/libnnstreamer_filter_tensorflow2-lite.so	libtensorflow2-lite.a	gpu_info.cc.o	106	_ZN6tflite3gpu9AppleInfo15SetComputeUnitsEi;_ZNK6tflite3gpu10AdrenoInfo11GetWaveSizeEb;_ZNK6tflite3gpu10AdrenoInfo11IsAdreno1xxEv;_ZNK6tflite3gpu10AdrenoInfo11IsAdreno2xxEv;_ZNK6tflite3gpu10AdrenoInfo11IsAdreno3xxEv;_ZNK6tflite3gpu10AdrenoInfo11IsAdreno4xxEv;_ZNK6tflite3gpu10AdrenoInfo11IsAdreno5xxEv;_ZNK6tflite3gpu10AdrenoInfo11IsAdreno6xxEv;_ZNK6tflite3gpu10AdrenoInfo11IsAdreno7xxEv;_ZNK6tflite3gpu10AdrenoInfo12IsBetterThanENS0_9AdrenoGpuE;_ZNK6tflite3gpu10AdrenoInfo19IsAdreno6xxOrHigherEv;_ZNK6tflite3gpu10AdrenoInfo20GetComputeUnitsCountEv;_ZNK6tflite3gpu10AdrenoInfo20GetMaximumWavesCountEib;_ZNK6tflite3gpu10AdrenoInfo20GetMaximumWavesCountEv;_ZNK6tflite3gpu10AdrenoInfo35GetRegisterMemorySizePerComputeUnitEv;_ZNK6tflite3gpu10OpenClInfo21SupportedImage2dTypes15SupportsImage2DENS0_8DataTypeEi;_ZNK6tflite3gpu10OpenClInfo28IsImage2dFromBufferSupportedEv;_ZNK6tflite3gpu10OpenGlInfo20IsApiOpenGl31OrAboveEv;_ZNK6tflite3gpu10OpenGlInfo20IsApiOpenGl32OrAboveEv;_ZNK6tflite3gpu10OpenGlInfo20SupportsExplicitFp16Ev;_ZNK6tflite3gpu10VulkanInfo20SupportsExplicitFp16Ev;_ZNK6tflite3gpu11PowerVRInfo12IsBetterThanENS0_10PowerVRGpuE;_ZNK6tflite3gpu11PowerVRInfo7IsRogueEv;_ZNK6tflite3gpu11PowerVRInfo8IsImgAxxEv;_ZNK6tflite3gpu11PowerVRInfo8IsImgBxxEv;_ZNK6tflite3gpu11PowerVRInfo8IsImgCxxEv;_ZNK6tflite3gpu11PowerVRInfo8IsImgDxxEv;_ZNK6tflite3gpu7GpuInfo10IsApiMetalEv;_ZNK6tflite3gpu7GpuInfo11IsApiOpenClEv;_ZNK6tflite3gpu7GpuInfo11IsApiOpenGlEv;_ZNK6tflite3gpu7GpuInfo11IsApiVulkanEv;_ZNK6tflite3gpu7GpuInfo12SupportsFP16Ev;_ZNK6tflite3gpu7GpuInfo14IsCL11OrHigherEv;_ZNK6tflite3gpu7GpuInfo14IsCL20OrHigherEv;_ZNK6tflite3gpu7GpuInfo14IsCL30OrHigherEv;_ZNK6tflite3gpu7GpuInfo14SupportsImagesEv;_ZNK6tflite3gpu7GpuInfo15SupportsImage3DEv;_ZNK6tflite3gpu7GpuInfo16GetMaxBufferSizeEv;_ZNK6tflite3gpu7GpuInfo18GetMaxImage2DWidthEv;_ZNK6tflite3gpu7GpuInfo18GetMaxImage3DDepthEv;_ZNK6tflite3gpu7GpuInfo18GetMaxImage3DWidthEv;_ZNK6tflite3gpu7GpuInfo18GetMinSubGroupSizeERi;_ZNK6tflite3gpu7GpuInfo19GetMaxImage2DHeightEv;_ZNK6tflite3gpu7GpuInfo19GetMaxImage3DHeightEv;_ZNK6tflite3gpu7GpuInfo19IsWaveSizeEqualTo32Ev;_ZNK6tflite3gpu7GpuInfo19SupportsImageBufferEv;_ZNK6tflite3gpu7GpuInfo20GetComputeUnitsCountEv;_ZNK6tflite3gpu7GpuInfo20GetMaxImageArgumentsEv;_ZNK6tflite3gpu7GpuInfo20IsApiOpenGl31OrAboveEv;_ZNK6tflite3gpu7GpuInfo20SupportsFloatImage2DENS0_8DataTypeEi;_ZNK6tflite3gpu7GpuInfo20SupportsTextureArrayEv;_ZNK6tflite3gpu7GpuInfo22GetMaxImageBufferWidthEv;_ZNK6tflite3gpu7GpuInfo23GetMaxWorkGroupSizeForXEv;_ZNK6tflite3gpu7GpuInfo23GetMaxWorkGroupSizeForYEv;_ZNK6tflite3gpu7GpuInfo23GetMaxWorkGroupSizeForZEv;_ZNK6tflite3gpu7GpuInfo24GetMaxImage2DArrayLayersEv;_ZNK6tflite3gpu7GpuInfo24GetMaxWorkGroupTotalSizeEv;_ZNK6tflite3gpu7GpuInfo24SupportsSubGroupWithSizeEi;_ZNK6tflite3gpu7GpuInfo25IsRoundToNearestSupportedEv;_ZNK6tflite3gpu7GpuInfo25SupportsPointersInKernelsEv;_ZNK6tflite3gpu7GpuInfo26GetMaxMemoryAllocationSizeEv;_ZNK6tflite3gpu7GpuInfo26IsGlslSupportsExplicitFp16Ev;_ZNK6tflite3gpu7GpuInfo26SupportsZeroClampForImagesEv;_ZNK6tflite3gpu7GpuInfo31SupportsZeroClampForImageBufferEv;_ZNK6tflite3gpu7GpuInfo5IsAMDEv;_ZNK6tflite3gpu7GpuInfo6IsGlslEv;_ZNK6tflite3gpu7GpuInfo6IsMaliEv;_ZNK6tflite3gpu7GpuInfo7IsAppleEv;_ZNK6tflite3gpu7GpuInfo7IsIntelEv;_ZNK6tflite3gpu7GpuInfo8IsAdrenoEv;_ZNK6tflite3gpu7GpuInfo8IsNvidiaEv;_ZNK6tflite3gpu7GpuInfo9IsPowerVREv;_ZNK6tflite3gpu8MaliInfo10IsMaliT6xxEv;_ZNK6tflite3gpu8MaliInfo10IsMaliT7xxEv;_ZNK6tflite3gpu8MaliInfo10IsMaliT8xxEv;_ZNK6tflite3gpu8MaliInfo13IsBifrostGen1Ev;_ZNK6tflite3gpu8MaliInfo13IsBifrostGen2Ev;_ZNK6tflite3gpu8MaliInfo13IsBifrostGen3Ev;_ZNK6tflite3gpu8MaliInfo13IsValhallGen1Ev;_ZNK6tflite3gpu8MaliInfo13IsValhallGen2Ev;_ZNK6tflite3gpu8MaliInfo13IsValhallGen3Ev;_ZNK6tflite3gpu8MaliInfo13IsValhallGen4Ev;_ZNK6tflite3gpu8MaliInfo31GetApproximateComputeUnitsCountEv;_ZNK6tflite3gpu8MaliInfo9IsBifrostEv;_ZNK6tflite3gpu8MaliInfo9IsMidgardEv;_ZNK6tflite3gpu8MaliInfo9IsValhallEv;_ZNK6tflite3gpu9AppleInfo10IsM1SeriesEv;_ZNK6tflite3gpu9AppleInfo12GetGpuFamilyEv;_ZNK6tflite3gpu9AppleInfo14IsFamilyApple1Ev;_ZNK6tflite3gpu9AppleInfo14IsFamilyApple2Ev;_ZNK6tflite3gpu9AppleInfo14IsFamilyApple3Ev;_ZNK6tflite3gpu9AppleInfo14IsFamilyApple4Ev;_ZNK6tflite3gpu9AppleInfo14IsFamilyApple5Ev;_ZNK6tflite3gpu9AppleInfo14IsFamilyApple6Ev;_ZNK6tflite3gpu9AppleInfo14IsFamilyApple7Ev;_ZNK6tflite3gpu9AppleInfo14IsFamilyApple8Ev;_ZNK6tflite3gpu9AppleInfo14IsFamilyApple9Ev;_ZNK6tflite3gpu9AppleInfo15IsFamilyOrLowerENS1_6FamilyE;_ZNK6tflite3gpu9AppleInfo20GetComputeUnitsCountEv;_ZNK6tflite3gpu9AppleInfo21IsSIMDMatMulSupportedEv;_ZNK6tflite3gpu9AppleInfo22IsSIMDMatMulFp32Perf2xEv;_ZNK6tflite3gpu9AppleInfo25IsRoundToNearestSupportedEv;_ZNK6tflite3gpu9AppleInfo32IsLocalMemoryPreferredOverGlobalEv;_ZNK6tflite3gpu9AppleInfo8IsBionicEv;_ZNK6tflite3gpu9MetalInfo21IsSIMDMatMulSupportedEv;_ZNK6tflite3gpu9MetalInfo25IsMslVersionEqualOrHigherEii
nnstreamer	armv7l	nnstreamer-tensorflow2-lite/usr/lib/nnstreamer/filters/libnnstreamer_filter_tensorflow2-lite.so	libtensorflow2-lite.a	gpu_model.cc.o	4	_ZN6tflite3gpu15GraphToGpuModelERKNS0_12GraphFloat32ERKNS0_18CreateGpuModelInfoERKNS0_7GpuInfoEPNS0_8GpuModelE;_ZN6tflite3gpu29RunGraphTransformsForGpuModelEPNS0_12GraphFloat32E;_ZN6tflite3gpu6DecodeEPKNS0_4data8GpuModelEPNS0_8GpuModelE;_ZN6tflite3gpu6EncodeERKNS0_8GpuModelEPN11flatbuffers21FlatBufferBuilderImplILb0EEE
nnstreamer	armv7l	nnstreamer-tensorflow2-lite/usr/lib/nnstreamer/filters/libnnstreamer_filter_tensorflow2-lite.so	libtensorflow2-lite.a	gpu_operation.cc.o	26	_ZN6tflite3gpu12GPUOperation12AddOperationERKNS0_7GpuInfoEPS1_;_ZN6tflite3gpu12GPUOperation12AssembleCodeERKNS0_7GpuInfoE;_ZN6tflite3gpu12GPUOperation22CalculateConstArgsSizeEv;_ZN6tflite3gpu12GPUOperation26RecalculateWorkGroupsCountEv;_ZN6tflite3gpu12GPUOperation29ResolveSecondElementwiseInputEv;_ZN6tflite3gpu12GPUOperation6SetDstEPNS0_16GpuSpatialTensorEi;_ZN6tflite3gpu12GPUOperation6SetSrcEPNS0_16GpuSpatialTensorEi;_ZN6tflite3gpu12GPUOperationC1EOS1_;_ZN6tflite3gpu12GPUOperationC1ERKNS0_12OperationDefE;_ZN6tflite3gpu12GPUOperationC2EOS1_;_ZN6tflite3gpu12GPUOperationC2ERKNS0_12OperationDefE;_ZN6tflite3gpu12GPUOperationaSEOS1_;_ZN6tflite3gpu18CreateGpuOperationERKNS0_12OperationDefEONS0_21ElementwiseDescriptorE;_ZN6tflite3gpu18CreateGpuOperationERKNS0_12OperationDefEONS0_21ElementwiseDescriptorERKNS0_11StrongShapeILNS0_6LayoutE10EEE;_ZN6tflite3gpu28FuseSimpleElemWithSimpleElemERKNS0_7GpuInfoEONS0_12GPUOperationES5_PS4_;_ZN6tflite3gpu29Fuse2InputElemWith2SimpleElemERKNS0_7GpuInfoEONS0_12GPUOperationES5_S5_PS4_;_ZN6tflite3gpu40Fuse2InputElemWithSimpleElemAsFirstInputERKNS0_7GpuInfoEONS0_12GPUOperationES5_PS4_;_ZN6tflite3gpu41Fuse2InputElemWithSimpleElemAsSecondInputERKNS0_7GpuInfoEONS0_12GPUOperationES5_PS4_;_ZNK6tflite3gpu12GPUOperation11GetGridSizeEv;_ZNK6tflite3gpu12OperationDef11GetDataTypeEv;_ZNK6tflite3gpu12OperationDef16IsBatchSupportedEv;_ZNK6tflite3gpu12OperationDef18GetPrimaryDataTypeEv;_ZNK6tflite3gpu12OperationDef21GetPrimaryStorageTypeEv;_ZTIN6tflite3gpu12GPUOperationE;_ZTSN6tflite3gpu12GPUOperationE;_ZTVN6tflite3gpu12GPUOperationE
nnstreamer	armv7l	nnstreamer-tensorflow2-lite/usr/lib/nnstreamer/filters/libnnstreamer_filter_tensorflow2-lite.so	libtensorflow2-lite.a	hardswish.c.o	1	xnn_define_hardswish
nnstreamer	armv7l	nnstreamer-tensorflow2-lite/usr/lib/nnstreamer/filters/libnnstreamer_filter_tensorflow2-lite.so	libtensorflow2-lite.a	hash.cc.o	4	_ZN4absl12lts_2023080213hash_internal15MixingHashState16LowLevelHashImplEPKhj;_ZN4absl12lts_2023080213hash_internal15MixingHashState28CombineLargeContiguousImpl32EyPKhj;_ZN4absl12lts_2023080213hash_internal15MixingHashState28CombineLargeContiguousImpl64EyPKhj;_ZN4absl12lts_2023080213hash_internal15MixingHashState5kSeedE
nnstreamer	armv7l	nnstreamer-tensorflow2-lite/usr/lib/nnstreamer/filters/libnnstreamer_filter_tensorflow2-lite.so	libtensorflow2-lite.a	hashtable.cc.o	3	_ZN6tflite3ops7builtin18Register_HASHTABLEEv;_ZN6tflite3ops7builtin9hashtable13EvalHashtableEP13TfLiteContextP10TfLiteNode;_ZN6tflite3ops7builtin9hashtable16PrepareHashtableEP13TfLiteContextP10TfLiteNode
nnstreamer	armv7l	nnstreamer-tensorflow2-lite/usr/lib/nnstreamer/filters/libnnstreamer_filter_tensorflow2-lite.so	libtensorflow2-lite.a	hashtable_find.cc.o	3	_ZN6tflite3ops7builtin23Register_HASHTABLE_FINDEv;_ZN6tflite3ops7builtin9hashtable17EvalHashtableFindEP13TfLiteContextP10TfLiteNode;_ZN6tflite3ops7builtin9hashtable20PrepareHashtableFindEP13TfLiteContextP10TfLiteNode
nnstreamer	armv7l	nnstreamer-tensorflow2-lite/usr/lib/nnstreamer/filters/libnnstreamer_filter_tensorflow2-lite.so	libtensorflow2-lite.a	hashtable_import.cc.o	3	_ZN6tflite3ops7builtin25Register_HASHTABLE_IMPORTEv;_ZN6tflite3ops7builtin9hashtable19EvalHashtableImportEP13TfLiteContextP10TfLiteNode;_ZN6tflite3ops7builtin9hashtable22PrepareHashtableImportEP13TfLiteContextP10TfLiteNode
nnstreamer	armv7l	nnstreamer-tensorflow2-lite/usr/lib/nnstreamer/filters/libnnstreamer_filter_tensorflow2-lite.so	libtensorflow2-lite.a	hashtable_lookup.cc.o	1	_ZN6tflite3ops7builtin25Register_HASHTABLE_LOOKUPEv
nnstreamer	armv7l	nnstreamer-tensorflow2-lite/usr/lib/nnstreamer/filters/libnnstreamer_filter_tensorflow2-lite.so	libtensorflow2-lite.a	hashtable_size.cc.o	3	_ZN6tflite3ops7builtin23Register_HASHTABLE_SIZEEv;_ZN6tflite3ops7builtin9hashtable17EvalHashtableSizeEP13TfLiteContextP10TfLiteNode;_ZN6tflite3ops7builtin9hashtable20PrepareHashtableSizeEP13TfLiteContextP10TfLiteNode
nnstreamer	armv7l	nnstreamer-tensorflow2-lite/usr/lib/nnstreamer/filters/libnnstreamer_filter_tensorflow2-lite.so	libtensorflow2-lite.a	if.cc.o	7	_ZN6tflite3ops7builtin11Register_IFEv;_ZN6tflite3ops7builtin9if_kernel11Eval_staticEP13TfLiteContextP10TfLiteNodePNS_8SubgraphE;_ZN6tflite3ops7builtin9if_kernel12Eval_dynamicEP13TfLiteContextP10TfLiteNodePNS_8SubgraphE;_ZN6tflite3ops7builtin9if_kernel4EvalEP13TfLiteContextP10TfLiteNode;_ZN6tflite3ops7builtin9if_kernel4FreeEP13TfLiteContextPv;_ZN6tflite3ops7builtin9if_kernel4InitEP13TfLiteContextPKcj;_ZN6tflite3ops7builtin9if_kernel7PrepareEP13TfLiteContextP10TfLiteNode
nnstreamer	armv7l	nnstreamer-tensorflow2-lite/usr/lib/nnstreamer/filters/libnnstreamer_filter_tensorflow2-lite.so	libtensorflow2-lite.a	inference_context.cc.o	30	_ZN6tflite3gpu2cl16InferenceContext10AddToQueueEPNS1_14CLCommandQueueE;_ZN6tflite3gpu2cl16InferenceContext10FlushQueueEPNS1_14CLCommandQueueE;_ZN6tflite3gpu2cl16InferenceContext11ProfileTimeEPNS1_21ProfilingCommandQueueEPNS0_13ProfilingInfoE;_ZN6tflite3gpu2cl16InferenceContext12UpdateParamsEv;_ZN6tflite3gpu2cl16InferenceContext14AllocateMemoryERKNS0_8GpuModelERKNS0_7GpuInfoEPKNS0_18CreateGpuModelInfoEPNS1_9CLContextE;_ZN6tflite3gpu2cl16InferenceContext14ExecutionHints4InitERKNS0_7GpuInfoE;_ZN6tflite3gpu2cl16InferenceContext14SetInputTensorEjRKNS0_6TensorINS0_11StrongShapeILNS0_6LayoutE10EEELNS0_8DataTypeE2EEEPNS1_14CLCommandQueueE;_ZN6tflite3gpu2cl16InferenceContext15GetOutputTensorEjPNS1_14CLCommandQueueEPNS0_6TensorINS0_11StrongShapeILNS0_6LayoutE10EEELNS0_8DataTypeE2EEE;_ZN6tflite3gpu2cl16InferenceContext15PrepareExternalEv;_ZN6tflite3gpu2cl16InferenceContext16InitFromGpuModelEPNS0_8GpuModelE;_ZN6tflite3gpu2cl16InferenceContext18AddToCommandBufferEP22_cl_command_buffer_khr;_ZN6tflite3gpu2cl16InferenceContext19InitRecordableQueueEPNS1_11EnvironmentE;_ZN6tflite3gpu2cl16InferenceContext19RestoreDeserializedEN4absl12lts_202308024SpanIKhEEPNS1_11EnvironmentEPNS0_18CreateGpuModelInfoE;_ZN6tflite3gpu2cl16InferenceContext20AllocateConstTensorsERKNS0_8GpuModelEPNS1_9CLContextE;_ZN6tflite3gpu2cl16InferenceContext22BindMemoryToOperationsEv;_ZN6tflite3gpu2cl16InferenceContext23AddCommandBufferToQueueEPNS1_14CLCommandQueueE;_ZN6tflite3gpu2cl16InferenceContext23AllocateVariableTensorsERKNS0_8GpuModelEPNS1_9CLContextE;_ZN6tflite3gpu2cl16InferenceContext26AllocateBufferBasedTensorsERKNS0_8GpuModelERKNS0_7GpuInfoEPKNS0_18CreateGpuModelInfoEPNS1_9CLContextE;_ZN6tflite3gpu2cl16InferenceContext26ClarifyTimeMultipleEnqueueEdiiPNS1_21ProfilingCommandQueueEPNS0_13ProfilingInfoE;_ZN6tflite3gpu2cl16InferenceContext27AllocateStrongShapesTensorsERKNS0_8GpuModelERKNS0_7GpuInfoEPKNS0_18CreateGpuModelInfoEPNS1_9CLContextE;_ZN6tflite3gpu2cl16InferenceContext28ClarifyTimeWithCommandBufferEPNS1_21ProfilingCommandQueueEPNS0_13ProfilingInfoE;_ZN6tflite3gpu2cl16InferenceContext4TuneENS0_10TuningTypeERKNS0_7GpuInfoEPNS1_21ProfilingCommandQueueE;_ZN6tflite3gpu2cl16InferenceContext6EncodeERKNS1_8CLDeviceERKNS1_12ProgramCacheEN11flatbuffers6OffsetINS0_4data8GpuModelEEEPNS9_21FlatBufferBuilderImplILb0EEE;_ZN6tflite3gpu2cl16InferenceContext7CompileERKNS1_15CreationContextE;_ZN6tflite3gpu2cl16InferenceContext7ProfileEPNS1_21ProfilingCommandQueueEPNS0_13ProfilingInfoE;_ZN6tflite3gpu2cl16InferenceContext9GetTensorEj;_ZN6tflite3gpu2cl16InferenceContext9SetTensorERKjPNS1_6TensorE;_ZN6tflite3gpu2cl28GetTotalBufferSizeForTensorsERKNS0_8GpuModelERKNS0_18CreateGpuModelInfoERKNS0_7GpuInfoEPy;_ZNK6tflite3gpu2cl16InferenceContext22GetConstantTensorsSizeEv;_ZNK6tflite3gpu2cl16InferenceContext46GetSizeOfMemoryAllocatedForIntermediateTensorsEv
nnstreamer	armv7l	nnstreamer-tensorflow2-lite/usr/lib/nnstreamer/filters/libnnstreamer_filter_tensorflow2-lite.so	libtensorflow2-lite.a	init.c.o	5	cpuinfo_deinitialize;cpuinfo_initialize;cpuinfo_isa;xnn_deinitialize;xnn_initialize
nnstreamer	armv7l	nnstreamer-tensorflow2-lite/usr/lib/nnstreamer/filters/libnnstreamer_filter_tensorflow2-lite.so	libtensorflow2-lite.a	initialization_status.cc.o	5	_ZN6tflite8resource20InitializationStatus13IsInitializedEv;_ZN6tflite8resource20InitializationStatus24MarkInitializationIsDoneEv;_ZTIN6tflite8resource20InitializationStatusE;_ZTSN6tflite8resource20InitializationStatusE;_ZTVN6tflite8resource20InitializationStatusE
nnstreamer	armv7l	nnstreamer-tensorflow2-lite/usr/lib/nnstreamer/filters/libnnstreamer_filter_tensorflow2-lite.so	libtensorflow2-lite.a	int128.cc.o	17	_ZN4absl12lts_2023080211kuint128maxE;_ZN4absl12lts_202308026int128C1Ed;_ZN4absl12lts_202308026int128C1Ee;_ZN4absl12lts_202308026int128C1Ef;_ZN4absl12lts_202308026int128C2Ed;_ZN4absl12lts_202308026int128C2Ee;_ZN4absl12lts_202308026int128C2Ef;_ZN4absl12lts_202308027uint128C1Ed;_ZN4absl12lts_202308027uint128C1Ee;_ZN4absl12lts_202308027uint128C1Ef;_ZN4absl12lts_202308027uint128C2Ed;_ZN4absl12lts_202308027uint128C2Ee;_ZN4absl12lts_202308027uint128C2Ef;_ZN4absl12lts_20230802dvENS0_6int128ES1_;_ZN4absl12lts_20230802dvENS0_7uint128ES1_;_ZN4absl12lts_20230802rmENS0_6int128ES1_;_ZN4absl12lts_20230802rmENS0_7uint128ES1_
nnstreamer	armv7l	nnstreamer-tensorflow2-lite/usr/lib/nnstreamer/filters/libnnstreamer_filter_tensorflow2-lite.so	libtensorflow2-lite.a	internal.cc.o	6	_ZN6tflite3gpu13CompareBySizeERKNS0_20TensorUsageWithIndexIjEES4_;_ZN6tflite3gpu16IsCoveringObjectERKNS0_4Vec2IjEES4_;_ZN6tflite3gpu16IsCoveringObjectERKNS0_4Vec3IjEES4_;_ZN6tflite3gpu17AbsDiffInElementsERKNS0_4Vec2IjEES4_;_ZN6tflite3gpu17AbsDiffInElementsERKNS0_4Vec3IjEES4_;_ZN6tflite3gpu17AbsDiffInElementsEjj
nnstreamer	armv7l	nnstreamer-tensorflow2-lite/usr/lib/nnstreamer/filters/libnnstreamer_filter_tensorflow2-lite.so	libtensorflow2-lite.a	interpreter.cc.o	24	_ZN6tflite4impl11Interpreter10AddTensorsEiPi;_ZN6tflite4impl11Interpreter12AddSubgraphsEiPi;_ZN6tflite4impl11Interpreter13SetNumThreadsEi;_ZN6tflite4impl11Interpreter15AllocateTensorsEv;_ZN6tflite4impl11Interpreter16ApplyOptionsImplEPNS_18InterpreterOptionsE;_ZN6tflite4impl11Interpreter18EnableCancellationEv;_ZN6tflite4impl11Interpreter18GetSignatureRunnerEPKcb;_ZN6tflite4impl11Interpreter18RemoveAllDelegatesEv;_ZN6tflite4impl11Interpreter18SetExternalContextE25TfLiteExternalContextTypeP21TfLiteExternalContext;_ZN6tflite4impl11Interpreter19SetSubgraphProfilerEv;_ZN6tflite4impl11Interpreter23ReportTelemetrySettingsEPKc;_ZN6tflite4impl11Interpreter26ApplyLazyDelegateProvidersEv;_ZN6tflite4impl11Interpreter27ModifyGraphWithDelegateImplEP14TfLiteDelegate;_ZN6tflite4impl11Interpreter27SetTensorParametersReadOnlyEi10TfLiteTypePKcjPKi24TfLiteQuantizationParamsS4_jPKNS_10AllocationE;_ZN6tflite4impl11Interpreter28SetTensorParametersReadWriteEi10TfLiteTypePKcjPKi24TfLiteQuantizationParamsbjS6_;_ZN6tflite4impl11Interpreter29CreatePlaceholderSignatureDefEv;_ZN6tflite4impl11Interpreter42ReplaceWithPlaceholderSignatureKeyIfNeededEPKc;_ZN6tflite4impl11Interpreter6CancelEv;_ZN6tflite4impl11Interpreter6InvokeEv;_ZN6tflite4impl11InterpreterC1EPNS_13ErrorReporterE;_ZN6tflite4impl11InterpreterC2EPNS_13ErrorReporterE;_ZN6tflite4impl11InterpreterD1Ev;_ZN6tflite4impl11InterpreterD2Ev;_ZNK6tflite4impl11Interpreter16IsFullyDelegatedEv
nnstreamer	armv7l	nnstreamer-tensorflow2-lite/usr/lib/nnstreamer/filters/libnnstreamer_filter_tensorflow2-lite.so	libtensorflow2-lite.a	interpreter_builder.cc.o	16	_ZN6tflite4impl18InterpreterBuilder10ParseNodesEPKN11flatbuffers6VectorINS2_6OffsetINS_8OperatorEEEjEEPNS_8SubgraphE;_ZN6tflite4impl18InterpreterBuilder11AddDelegateEP14TfLiteDelegate;_ZN6tflite4impl18InterpreterBuilder11AddDelegateEP26TfLiteOpaqueDelegateStruct;_ZN6tflite4impl18InterpreterBuilder12ParseTensorsEPKN11flatbuffers6VectorINS2_6OffsetINS_6BufferEEEjEEPKNS3_INS4_INS_6TensorEEEjEEPNS_8SubgraphEP27TfLiteTelemetrySubgraphInfo;_ZN6tflite4impl18InterpreterBuilder13ParseSparsityEPKNS_18SparsityParametersEPP14TfLiteSparsity;_ZN6tflite4impl18InterpreterBuilder13SetNumThreadsEi;_ZN6tflite4impl18InterpreterBuilder14ApplyDelegatesEPNS0_11InterpreterE;_ZN6tflite4impl18InterpreterBuilder18ParseSignatureDefsEPKN11flatbuffers6VectorINS2_6OffsetINS_12SignatureDefEEEjEEPNS0_11InterpreterE;_ZN6tflite4impl18InterpreterBuilder23ParseConversionMetadataEP34TfLiteTelemetryInterpreterSettings;_ZN6tflite4impl18InterpreterBuilder36BuildLocalIndexToRegistrationMappingEv;_ZN6tflite4impl18InterpreterBuilderC1EPKNS_5ModelERKNS_10OpResolverEPNS_13ErrorReporterEPKNS_18InterpreterOptionsEPKNS_10AllocationE;_ZN6tflite4impl18InterpreterBuilderC1ERKNS0_15FlatBufferModelERKNS_10OpResolverEPKNS_18InterpreterOptionsE;_ZN6tflite4impl18InterpreterBuilderC2EPKNS_5ModelERKNS_10OpResolverEPNS_13ErrorReporterEPKNS_18InterpreterOptionsEPKNS_10AllocationE;_ZN6tflite4impl18InterpreterBuilderC2ERKNS0_15FlatBufferModelERKNS_10OpResolverEPKNS_18InterpreterOptionsE;_ZN6tflite4impl18InterpreterBuilderD1Ev;_ZN6tflite4impl18InterpreterBuilderD2Ev
nnstreamer	armv7l	nnstreamer-tensorflow2-lite/usr/lib/nnstreamer/filters/libnnstreamer_filter_tensorflow2-lite.so	libtensorflow2-lite.a	interpreter_experimental.cc.o	17	_ZN6tflite4impl11Interpreter11AddProfilerEPNS_8ProfilerE;_ZN6tflite4impl11Interpreter11GetProfilerEv;_ZN6tflite4impl11Interpreter11IsCancelledEv;_ZN6tflite4impl11Interpreter11SetProfilerEPNS_8ProfilerE;_ZN6tflite4impl11Interpreter12ApplyOptionsEPNS_18InterpreterOptionsE;_ZN6tflite4impl11Interpreter12HasDelegatesEv;_ZN6tflite4impl11Interpreter15GetBufferHandleEiPiPP14TfLiteDelegate;_ZN6tflite4impl11Interpreter15SetBufferHandleEP12TfLiteTensoriP14TfLiteDelegate;_ZN6tflite4impl11Interpreter15SetBufferHandleEiiP14TfLiteDelegate;_ZN6tflite4impl11Interpreter20ResetVariableTensorsEv;_ZN6tflite4impl11Interpreter23GetAsyncSignatureRunnerEPKc;_ZN6tflite4impl11Interpreter23ModifyGraphWithDelegateEP14TfLiteDelegate;_ZN6tflite4impl11Interpreter23ModifyGraphWithDelegateEP26TfLiteOpaqueDelegateStruct;_ZN6tflite4impl11Interpreter23SetCancellationFunctionEPvPFbS2_E;_ZN6tflite4impl11Interpreter26ReleaseNonPersistentMemoryEv;_ZN6tflite4impl11Interpreter28SetAllowFp16PrecisionForFp32Eb;_ZN6tflite4impl11Interpreter28SetCustomAllocationForTensorEiRK22TfLiteCustomAllocationx
nnstreamer	armv7l	nnstreamer-tensorflow2-lite/usr/lib/nnstreamer/filters/libnnstreamer_filter_tensorflow2-lite.so	libtensorflow2-lite.a	kernel_arm32.cc.o	3	_ZN3ruy14Kernel8bitNeonERKNS_16KernelParams8bitILi4ELi2EEE;_ZN3ruy17KernelFloat32NeonERKNS_17KernelParamsFloatILi8ELi4EEE;_ZN3ruy18Kernel8bitNeon1ColERKNS_16KernelParams8bitILi4ELi2EEE
nnstreamer	armv7l	nnstreamer-tensorflow2-lite/usr/lib/nnstreamer/filters/libnnstreamer_filter_tensorflow2-lite.so	libtensorflow2-lite.a	kernel_timeout.cc.o	13	_ZN4absl12lts_2023080224synchronization_internal13KernelTimeout14SteadyClockNowEv;_ZN4absl12lts_2023080224synchronization_internal13KernelTimeoutC1ENS0_4TimeE;_ZN4absl12lts_2023080224synchronization_internal13KernelTimeoutC1ENS0_8DurationE;_ZN4absl12lts_2023080224synchronization_internal13KernelTimeoutC2ENS0_4TimeE;_ZN4absl12lts_2023080224synchronization_internal13KernelTimeoutC2ENS0_8DurationE;_ZNK4absl12lts_2023080224synchronization_internal13KernelTimeout12MakeAbsNanosEv;_ZNK4absl12lts_2023080224synchronization_internal13KernelTimeout15MakeAbsTimespecEv;_ZNK4absl12lts_2023080224synchronization_internal13KernelTimeout16ToChronoDurationEv;_ZNK4absl12lts_2023080224synchronization_internal13KernelTimeout17ToChronoTimePointEv;_ZNK4absl12lts_2023080224synchronization_internal13KernelTimeout20InNanosecondsFromNowEv;_ZNK4absl12lts_2023080224synchronization_internal13KernelTimeout20MakeRelativeTimespecEv;_ZNK4absl12lts_2023080224synchronization_internal13KernelTimeout21InMillisecondsFromNowEv;_ZNK4absl12lts_2023080224synchronization_internal13KernelTimeout25MakeClockAbsoluteTimespecEi
nnstreamer	armv7l	nnstreamer-tensorflow2-lite/usr/lib/nnstreamer/filters/libnnstreamer_filter_tensorflow2-lite.so	libtensorflow2-lite.a	kernel_util.cc.o	22	_ZN6tflite12GetInputSafeEPK13TfLiteContextPK10TfLiteNodeiPPK12TfLiteTensor;_ZN6tflite12GetTemporaryEP13TfLiteContextPK10TfLiteNodei;_ZN6tflite13GetOutputSafeEPK13TfLiteContextPK10TfLiteNodeiPP12TfLiteTensor;_ZN6tflite14HaveSameShapesEPK12TfLiteTensorS2_;_ZN6tflite16GetIntermediatesEP13TfLiteContextPK10TfLiteNodei;_ZN6tflite16GetTemporarySafeEPK13TfLiteContextPK10TfLiteNodeiPP12TfLiteTensor;_ZN6tflite16GetVariableInputEP13TfLiteContextPK10TfLiteNodei;_ZN6tflite16IsMobilePlatformEv;_ZN6tflite17TfLiteTypeGetSizeE10TfLiteType;_ZN6tflite20GetIntermediatesSafeEPK13TfLiteContextPK10TfLiteNodeiPP12TfLiteTensor;_ZN6tflite22GetOptionalInputTensorEPK13TfLiteContextPK10TfLiteNodei;_ZN6tflite23GetOutputShapeFromInputEP13TfLiteContextPK12TfLiteTensorPP14TfLiteIntArray;_ZN6tflite23HasUnspecifiedDimensionEPK12TfLiteTensor;_ZN6tflite26CalculateShapeForBroadcastEP13TfLiteContextPK12TfLiteTensorS4_PP14TfLiteIntArray;_ZN6tflite26CalculateShapeForBroadcastEP13TfLiteContextPK12TfLiteTensorS4_S4_PP14TfLiteIntArray;_ZN6tflite32GetQuantizedConvolutionMultiplerEP13TfLiteContextPK12TfLiteTensorS4_PS2_Pd;_ZN6tflite32GetQuantizedConvolutionMultiplerEP13TfLiteContextPK12TfLiteTensorS4_S4_PS2_Pd;_ZN6tflite33CalculateActivationRangeQuantizedEP13TfLiteContext21TfLiteFusedActivationP12TfLiteTensorPiS5_;_ZN6tflite37PopulateConvolutionQuantizationParamsEP13TfLiteContextPK12TfLiteTensorS4_S4_PS2_RK21TfLiteFusedActivationPiS9_S9_S9_S9_S9_;_ZN6tflite37PopulateConvolutionQuantizationParamsEP13TfLiteContextPK12TfLiteTensorS4_S4_PS2_RK21TfLiteFusedActivationPiS9_S9_S9_S9_S9_i;_ZN6tflite8GetInputEPK13TfLiteContextPK10TfLiteNodei;_ZN6tflite9GetOutputEP13TfLiteContextPK10TfLiteNodei
nnstreamer	armv7l	nnstreamer-tensorflow2-lite/usr/lib/nnstreamer/filters/libnnstreamer_filter_tensorflow2-lite.so	libtensorflow2-lite.a	kernel_utils.cc.o	4	_ZN6tflite12kernel_utils12RnnBatchStepEPKfPKafS2_S4_fS4_fS2_iiiii21TfLiteFusedActivationPaS6_S6_PfS7_S7_bPiS8_S8_Pb;_ZN6tflite12kernel_utils12RnnBatchStepEPKfPKafS4_fS2_iiii21TfLiteFusedActivationPaS6_PfS7_S7_bPiS8_S8_Pb;_ZN6tflite12kernel_utils12RnnBatchStepEPKfS2_S2_S2_S2_S2_iiiii21TfLiteFusedActivationPfS4_;_ZN6tflite12kernel_utils12RnnBatchStepEPKfS2_S2_S2_iiii21TfLiteFusedActivationPfS4_
nnstreamer	armv7l	nnstreamer-tensorflow2-lite/usr/lib/nnstreamer/filters/libnnstreamer_filter_tensorflow2-lite.so	libtensorflow2-lite.a	l2norm.cc.o	4	_ZN6tflite3ops7builtin19Register_L2NORM_REFEv;_ZN6tflite3ops7builtin25Register_L2_NORMALIZATIONEv;_ZN6tflite3ops7builtin27Register_L2NORM_GENERIC_OPTEv;_ZN6tflite3ops7builtin6l2norm7PrepareEP13TfLiteContextP10TfLiteNode
nnstreamer	armv7l	nnstreamer-tensorflow2-lite/usr/lib/nnstreamer/filters/libnnstreamer_filter_tensorflow2-lite.so	libtensorflow2-lite.a	leaky-relu.c.o	1	xnn_define_leaky_relu
nnstreamer	armv7l	nnstreamer-tensorflow2-lite/usr/lib/nnstreamer/filters/libnnstreamer_filter_tensorflow2-lite.so	libtensorflow2-lite.a	local_response_norm.cc.o	4	_ZN6tflite3ops7builtin19local_response_norm7PrepareEP13TfLiteContextP10TfLiteNode;_ZN6tflite3ops7builtin32Register_LOCAL_RESPONSE_NORM_REFEv;_ZN6tflite3ops7builtin37Register_LOCAL_RESPONSE_NORMALIZATIONEv;_ZN6tflite3ops7builtin40Register_LOCAL_RESPONSE_NORM_GENERIC_OPTEv
nnstreamer	armv7l	nnstreamer-tensorflow2-lite/usr/lib/nnstreamer/filters/libnnstreamer_filter_tensorflow2-lite.so	libtensorflow2-lite.a	log.c.o	2	cpuinfo_vlog_error;cpuinfo_vlog_fatal
nnstreamer	armv7l	nnstreamer-tensorflow2-lite/usr/lib/nnstreamer/filters/libnnstreamer_filter_tensorflow2-lite.so	libtensorflow2-lite.a	logical.cc.o	2	_ZN6tflite3ops7builtin19Register_LOGICAL_OREv;_ZN6tflite3ops7builtin20Register_LOGICAL_ANDEv
nnstreamer	armv7l	nnstreamer-tensorflow2-lite/usr/lib/nnstreamer/filters/libnnstreamer_filter_tensorflow2-lite.so	libtensorflow2-lite.a	low_level_alloc.cc.o	8	_ZN4absl12lts_2023080213base_internal13LowLevelAlloc11DeleteArenaEPNS2_5ArenaE;_ZN4absl12lts_2023080213base_internal13LowLevelAlloc12DefaultArenaEv;_ZN4absl12lts_2023080213base_internal13LowLevelAlloc14AllocWithArenaEjPNS2_5ArenaE;_ZN4absl12lts_2023080213base_internal13LowLevelAlloc4FreeEPv;_ZN4absl12lts_2023080213base_internal13LowLevelAlloc5AllocEj;_ZN4absl12lts_2023080213base_internal13LowLevelAlloc5ArenaC1Ej;_ZN4absl12lts_2023080213base_internal13LowLevelAlloc5ArenaC2Ej;_ZN4absl12lts_2023080213base_internal13LowLevelAlloc8NewArenaEj
nnstreamer	armv7l	nnstreamer-tensorflow2-lite/usr/lib/nnstreamer/filters/libnnstreamer_filter_tensorflow2-lite.so	libtensorflow2-lite.a	low_level_hash.cc.o	1	_ZN4absl12lts_2023080213hash_internal12LowLevelHashEPKvjyPKy
nnstreamer	armv7l	nnstreamer-tensorflow2-lite/usr/lib/nnstreamer/filters/libnnstreamer_filter_tensorflow2-lite.so	libtensorflow2-lite.a	lsh_projection.cc.o	6	_ZN6tflite3ops7builtin14lsh_projection14RunningSignBitEPK12TfLiteTensorS5_f;_ZN6tflite3ops7builtin14lsh_projection18DenseLshProjectionEPK12TfLiteTensorS5_S5_Pi;_ZN6tflite3ops7builtin14lsh_projection19SparseLshProjectionEPK12TfLiteTensorS5_S5_Pi;_ZN6tflite3ops7builtin14lsh_projection4EvalEP13TfLiteContextP10TfLiteNode;_ZN6tflite3ops7builtin14lsh_projection6ResizeEP13TfLiteContextP10TfLiteNode;_ZN6tflite3ops7builtin23Register_LSH_PROJECTIONEv
nnstreamer	armv7l	nnstreamer-tensorflow2-lite/usr/lib/nnstreamer/filters/libnnstreamer_filter_tensorflow2-lite.so	libtensorflow2-lite.a	lstm.cc.o	14	_ZN6tflite3gpu10CreateLSTMERKNS0_12OperationDefERKNS0_7GpuInfoE;_ZN6tflite3ops7builtin13Register_LSTMEv;_ZN6tflite3ops7builtin4lstm4EvalEP13TfLiteContextP10TfLiteNode;_ZN6tflite3ops7builtin4lstm4FreeEP13TfLiteContextPv;_ZN6tflite3ops7builtin4lstm4InitEP13TfLiteContextPKcj;_ZN6tflite3ops7builtin4lstm4full26CheckInputTensorDimensionsEP13TfLiteContextP10TfLiteNodeiiibb;_ZN6tflite3ops7builtin4lstm4full41PopulatePrecomputedZPTimesWeightsWithBiasEP13TfLiteContextPNS2_6OpDataEP10TfLiteNode;_ZN6tflite3ops7builtin4lstm4full4EvalEP13TfLiteContextP10TfLiteNode;_ZN6tflite3ops7builtin4lstm4full4InitEP13TfLiteContextPKcj;_ZN6tflite3ops7builtin4lstm4full7PrepareEP13TfLiteContextP10TfLiteNode;_ZN6tflite3ops7builtin4lstm5basic4EvalEP13TfLiteContextP10TfLiteNode;_ZN6tflite3ops7builtin4lstm5basic4InitEP13TfLiteContextPKcj;_ZN6tflite3ops7builtin4lstm5basic7PrepareEP13TfLiteContextP10TfLiteNode;_ZN6tflite3ops7builtin4lstm7PrepareEP13TfLiteContextP10TfLiteNode
nnstreamer	armv7l	nnstreamer-tensorflow2-lite/usr/lib/nnstreamer/filters/libnnstreamer_filter_tensorflow2-lite.so	libtensorflow2-lite.a	lstm_eval.cc.o	4	_ZN6tflite3ops7builtin9lstm_eval10EvalHybridEPK12TfLiteTensorS5_S5_S5_S5_S5_S5_S5_S5_S5_S5_S5_S5_S5_S5_S5_S5_S5_S5_S5_S5_S5_S5_S5_S5_S5_S5_S5_S5_S5_S5_S5_S5_S5_S5_S5_PK16TfLiteLSTMParamsbbiPS3_S9_S9_S9_S9_S9_S9_S9_S9_S9_S9_S9_S9_S9_S9_S9_S9_S9_iPbbbbbPNS_17CpuBackendContextE;_ZN6tflite3ops7builtin9lstm_eval16EvalInteger8x8_8EPK12TfLiteTensorS5_S5_S5_S5_S5_S5_S5_S5_S5_S5_S5_S5_S5_S5_S5_S5_S5_S5_S5_S5_S5_PK16TfLiteLSTMParamsPS3_S9_S9_PKNS2_20IntegerLstmParameterES9_S9_S9_S9_S9_S9_S9_S9_;_ZN6tflite3ops7builtin9lstm_eval17EvalInteger8x8_16EPK12TfLiteTensorS5_S5_S5_S5_S5_S5_S5_S5_S5_S5_S5_S5_S5_S5_S5_S5_S5_S5_S5_S5_S5_PK16TfLiteLSTMParamsbbPKNS2_20IntegerLstmParameterEPS3_SC_SC_SC_SC_SC_SC_SC_SC_PNS_17CpuBackendContextE;_ZN6tflite3ops7builtin9lstm_eval9EvalFloatEPK12TfLiteTensorS5_S5_S5_S5_S5_S5_S5_S5_S5_S5_S5_S5_S5_S5_S5_S5_S5_S5_S5_S5_S5_S5_S5_S5_S5_S5_PK16TfLiteLSTMParamsbbiPS3_S9_S9_S9_bbbbPNS_17CpuBackendContextE
nnstreamer	armv7l	nnstreamer-tensorflow2-lite/usr/lib/nnstreamer/filters/libnnstreamer_filter_tensorflow2-lite.so	libtensorflow2-lite.a	lut-elementwise-nc.c.o	15	xnn_create_elu_nc_qs8;xnn_create_sigmoid_nc_qs8;xnn_create_sigmoid_nc_qu8;xnn_create_tanh_nc_qs8;xnn_create_tanh_nc_qu8;xnn_reshape_elu_nc_qs8;xnn_reshape_sigmoid_nc_qs8;xnn_reshape_sigmoid_nc_qu8;xnn_reshape_tanh_nc_qs8;xnn_reshape_tanh_nc_qu8;xnn_setup_elu_nc_qs8;xnn_setup_sigmoid_nc_qs8;xnn_setup_sigmoid_nc_qu8;xnn_setup_tanh_nc_qs8;xnn_setup_tanh_nc_qu8
nnstreamer	armv7l	nnstreamer-tensorflow2-lite/usr/lib/nnstreamer/filters/libnnstreamer_filter_tensorflow2-lite.so	libtensorflow2-lite.a	make_fully_connected.cc.o	1	_ZN6tflite3gpu36NewMakeFullyConnectedFromConvolutionEv
nnstreamer	armv7l	nnstreamer-tensorflow2-lite/usr/lib/nnstreamer/filters/libnnstreamer_filter_tensorflow2-lite.so	libtensorflow2-lite.a	make_padding.cc.o	1	_ZN6tflite3gpu24NewMakePaddingFromConcatEv
nnstreamer	armv7l	nnstreamer-tensorflow2-lite/usr/lib/nnstreamer/filters/libnnstreamer_filter_tensorflow2-lite.so	libtensorflow2-lite.a	matrix_diag.cc.o	4	_ZN6tflite3ops7builtin11matrix_diag14FillDiagHelperEPK12TfLiteTensorPS3_;_ZN6tflite3ops7builtin11matrix_diag4EvalEP13TfLiteContextP10TfLiteNode;_ZN6tflite3ops7builtin11matrix_diag7PrepareEP13TfLiteContextP10TfLiteNode;_ZN6tflite3ops7builtin20Register_MATRIX_DIAGEv
nnstreamer	armv7l	nnstreamer-tensorflow2-lite/usr/lib/nnstreamer/filters/libnnstreamer_filter_tensorflow2-lite.so	libtensorflow2-lite.a	matrix_set_diag.cc.o	4	_ZN6tflite3ops7builtin15matrix_set_diag14FillDiagHelperEPK12TfLiteTensorS5_PS3_;_ZN6tflite3ops7builtin15matrix_set_diag4EvalEP13TfLiteContextP10TfLiteNode;_ZN6tflite3ops7builtin15matrix_set_diag7PrepareEP13TfLiteContextP10TfLiteNode;_ZN6tflite3ops7builtin24Register_MATRIX_SET_DIAGEv
nnstreamer	armv7l	nnstreamer-tensorflow2-lite/usr/lib/nnstreamer/filters/libnnstreamer_filter_tensorflow2-lite.so	libtensorflow2-lite.a	max-pooling-2d.c.o	1	xnn_define_max_pooling_2d
nnstreamer	armv7l	nnstreamer-tensorflow2-lite/usr/lib/nnstreamer/filters/libnnstreamer_filter_tensorflow2-lite.so	libtensorflow2-lite.a	max-pooling-nhwc.c.o	12	xnn_create_max_pooling2d_nhwc_f16;xnn_create_max_pooling2d_nhwc_f32;xnn_create_max_pooling2d_nhwc_s8;xnn_create_max_pooling2d_nhwc_u8;xnn_reshape_max_pooling2d_nhwc_f16;xnn_reshape_max_pooling2d_nhwc_f32;xnn_reshape_max_pooling2d_nhwc_s8;xnn_reshape_max_pooling2d_nhwc_u8;xnn_setup_max_pooling2d_nhwc_f16;xnn_setup_max_pooling2d_nhwc_f32;xnn_setup_max_pooling2d_nhwc_s8;xnn_setup_max_pooling2d_nhwc_u8
nnstreamer	armv7l	nnstreamer-tensorflow2-lite/usr/lib/nnstreamer/filters/libnnstreamer_filter_tensorflow2-lite.so	libtensorflow2-lite.a	max_unpooling.cc.o	2	_ZN6tflite3gpu18CreateMaxUnpoolingERKNS0_7GpuInfoERKNS0_12OperationDefERKNS0_24MaxUnpooling2DAttributesE;_ZN6tflite3gpu18CreateMaxUnpoolingERKNS0_7GpuInfoERKNS0_12OperationDefERKNS0_24MaxUnpooling3DAttributesE
nnstreamer	armv7l	nnstreamer-tensorflow2-lite/usr/lib/nnstreamer/filters/libnnstreamer_filter_tensorflow2-lite.so	libtensorflow2-lite.a	maximum2.c.o	1	xnn_define_maximum2
nnstreamer	armv7l	nnstreamer-tensorflow2-lite/usr/lib/nnstreamer/filters/libnnstreamer_filter_tensorflow2-lite.so	libtensorflow2-lite.a	maximum_minimum.cc.o	9	_ZN6tflite3ops7builtin15maximum_minimum15TFLiteOperationILNS2_10KernelTypeE1EaNS2_9MaximumOpEEEvP13TfLiteContextP10TfLiteNodeRKNS2_9OpContextE;_ZN6tflite3ops7builtin15maximum_minimum15TFLiteOperationILNS2_10KernelTypeE1EaNS2_9MinimumOpEEEvP13TfLiteContextP10TfLiteNodeRKNS2_9OpContextE;_ZN6tflite3ops7builtin15maximum_minimum7PrepareEP13TfLiteContextP10TfLiteNode;_ZN6tflite3ops7builtin16Register_MAXIMUMEv;_ZN6tflite3ops7builtin16Register_MINIMUMEv;_ZN6tflite3ops7builtin20Register_MAXIMUM_REFEv;_ZN6tflite3ops7builtin20Register_MINIMUM_REFEv;_ZN6tflite3ops7builtin28Register_MAXIMUM_GENERIC_OPTEv;_ZN6tflite3ops7builtin28Register_MINIMUM_GENERIC_OPTEv
nnstreamer	armv7l	nnstreamer-tensorflow2-lite/usr/lib/nnstreamer/filters/libnnstreamer_filter_tensorflow2-lite.so	libtensorflow2-lite.a	mean_stddev_normalization.cc.o	14	_ZN6tflite3gpu18LayerNormalizationC1ERKNS0_12OperationDefERKNS0_7GpuInfoERKNS0_11StrongShapeILNS0_6LayoutE10EEEfRKNS0_6TensorINS8_ILS9_2EEELNS0_8DataTypeE2EEESI_b;_ZN6tflite3gpu18LayerNormalizationC2ERKNS0_12OperationDefERKNS0_7GpuInfoERKNS0_11StrongShapeILNS0_6LayoutE10EEEfRKNS0_6TensorINS8_ILS9_2EEELNS0_8DataTypeE2EEESI_b;_ZN6tflite3gpu23MeanStdDevNormalizationC1ERKNS0_12OperationDefERKNS0_7GpuInfoERKNS0_11StrongShapeILNS0_6LayoutE10EEEfb;_ZN6tflite3gpu23MeanStdDevNormalizationC2ERKNS0_12OperationDefERKNS0_7GpuInfoERKNS0_11StrongShapeILNS0_6LayoutE10EEEfb;_ZN6tflite3gpu24CreateLayerNormalizationERKNS0_12OperationDefERKNS0_7GpuInfoERKNS0_11StrongShapeILNS0_6LayoutE10EEEfRKNS0_6TensorINS7_ILS8_2EEELNS0_8DataTypeE2EEESH_b;_ZN6tflite3gpu29CreateMeanStdDevNormalizationERKNS0_12OperationDefERKNS0_7GpuInfoERKNS0_11StrongShapeILNS0_6LayoutE10EEEfb;_ZNK6tflite3gpu18LayerNormalization11GetGridSizeEv;_ZNK6tflite3gpu23MeanStdDevNormalization11GetGridSizeEv;_ZTIN6tflite3gpu18LayerNormalizationE;_ZTIN6tflite3gpu23MeanStdDevNormalizationE;_ZTSN6tflite3gpu18LayerNormalizationE;_ZTSN6tflite3gpu23MeanStdDevNormalizationE;_ZTVN6tflite3gpu18LayerNormalizationE;_ZTVN6tflite3gpu23MeanStdDevNormalizationE
nnstreamer	armv7l	nnstreamer-tensorflow2-lite/usr/lib/nnstreamer/filters/libnnstreamer_filter_tensorflow2-lite.so	libtensorflow2-lite.a	memory.c.o	4	xnn_allocate_weights_memory;xnn_finalize_weights_memory;xnn_release_weights_memory;xnn_reserve_weights_memory
nnstreamer	armv7l	nnstreamer-tensorflow2-lite/usr/lib/nnstreamer/filters/libnnstreamer_filter_tensorflow2-lite.so	libtensorflow2-lite.a	memory_management.cc.o	1	_ZN6tflite3gpu16ObjectsToOffsetsERKNS0_17ObjectsAssignmentIjEE
nnstreamer	armv7l	nnstreamer-tensorflow2-lite/usr/lib/nnstreamer/filters/libnnstreamer_filter_tensorflow2-lite.so	libtensorflow2-lite.a	memutil.cc.o	1	_ZN4absl12lts_2023080216strings_internal10memcasecmpEPKcS3_j
nnstreamer	armv7l	nnstreamer-tensorflow2-lite/usr/lib/nnstreamer/filters/libnnstreamer_filter_tensorflow2-lite.so	libtensorflow2-lite.a	merge_densify.cc.o	1	_ZN6tflite3gpu15NewMergeDensifyEv
nnstreamer	armv7l	nnstreamer-tensorflow2-lite/usr/lib/nnstreamer/filters/libnnstreamer_filter_tensorflow2-lite.so	libtensorflow2-lite.a	merge_padding_with.cc.o	4	_ZN6tflite3gpu22NewMergePaddingWithAddEv;_ZN6tflite3gpu26NewMergePaddingWithPoolingEv;_ZN6tflite3gpu32NewMergePaddingWithConvolution2DEv;_ZN6tflite3gpu39NewMergePaddingWithDepthwiseConvolutionEv
nnstreamer	armv7l	nnstreamer-tensorflow2-lite/usr/lib/nnstreamer/filters/libnnstreamer_filter_tensorflow2-lite.so	libtensorflow2-lite.a	mfcc.cc.o	7	_ZN6tflite3ops6custom13Register_MFCCEv;_ZN6tflite3ops6custom4mfcc4FreeEP13TfLiteContextPv;_ZN6tflite3ops6custom4mfcc4InitEP13TfLiteContextPKcj;_ZN6tflite3ops6custom4mfcc7PrepareEP13TfLiteContextP10TfLiteNode;_ZN6tflite8internal4Mfcc10InitializeEid;_ZN6tflite8internal4MfccC1Ev;_ZN6tflite8internal4MfccC2Ev
nnstreamer	armv7l	nnstreamer-tensorflow2-lite/usr/lib/nnstreamer/filters/libnnstreamer_filter_tensorflow2-lite.so	libtensorflow2-lite.a	mfcc_dct.cc.o	3	_ZN6tflite8internal7MfccDct10InitializeEii;_ZN6tflite8internal7MfccDctC1Ev;_ZN6tflite8internal7MfccDctC2Ev
nnstreamer	armv7l	nnstreamer-tensorflow2-lite/usr/lib/nnstreamer/filters/libnnstreamer_filter_tensorflow2-lite.so	libtensorflow2-lite.a	mfcc_mel_filterbank.cc.o	4	_ZN6tflite8internal17MfccMelFilterbank10InitializeEididd;_ZN6tflite8internal17MfccMelFilterbankC1Ev;_ZN6tflite8internal17MfccMelFilterbankC2Ev;_ZNK6tflite8internal17MfccMelFilterbank9FreqToMelEd
nnstreamer	armv7l	nnstreamer-tensorflow2-lite/usr/lib/nnstreamer/filters/libnnstreamer_filter_tensorflow2-lite.so	libtensorflow2-lite.a	microkernel-utils.c.o	3	xnn_dwconv_multipass_bytes_read;xnn_dwconv_multipass_bytes_written;xnn_dwconv_multipass_weights_size
nnstreamer	armv7l	nnstreamer-tensorflow2-lite/usr/lib/nnstreamer/filters/libnnstreamer_filter_tensorflow2-lite.so	libtensorflow2-lite.a	minimal_logging.cc.o	4	_ZN6tflite16logging_internal13MinimalLogger15GetSeverityNameENS_11LogSeverityE;_ZN6tflite16logging_internal13MinimalLogger21GetMinimumLogSeverityEv;_ZN6tflite16logging_internal13MinimalLogger21SetMinimumLogSeverityENS_11LogSeverityE;_ZN6tflite16logging_internal13MinimalLogger3LogENS_11LogSeverityEPKcz
nnstreamer	armv7l	nnstreamer-tensorflow2-lite/usr/lib/nnstreamer/filters/libnnstreamer_filter_tensorflow2-lite.so	libtensorflow2-lite.a	minimal_logging_default.cc.o	2	_ZN6tflite16logging_internal13MinimalLogger12LogFormattedENS_11LogSeverityEPKcSt9__va_list;_ZN6tflite16logging_internal13MinimalLogger21minimum_log_severity_E
nnstreamer	armv7l	nnstreamer-tensorflow2-lite/usr/lib/nnstreamer/filters/libnnstreamer_filter_tensorflow2-lite.so	libtensorflow2-lite.a	minimum2.c.o	1	xnn_define_minimum2
nnstreamer	armv7l	nnstreamer-tensorflow2-lite/usr/lib/nnstreamer/filters/libnnstreamer_filter_tensorflow2-lite.so	libtensorflow2-lite.a	mirror_pad.cc.o	5	_ZN6tflite3ops7builtin10mirror_pad4EvalEP13TfLiteContextP10TfLiteNode;_ZN6tflite3ops7builtin10mirror_pad4FreeEP13TfLiteContextPv;_ZN6tflite3ops7builtin10mirror_pad4InitEP13TfLiteContextPKcj;_ZN6tflite3ops7builtin10mirror_pad7PrepareEP13TfLiteContextP10TfLiteNode;_ZN6tflite3ops7builtin19Register_MIRROR_PADEv
nnstreamer	armv7l	nnstreamer-tensorflow2-lite/usr/lib/nnstreamer/filters/libnnstreamer_filter_tensorflow2-lite.so	libtensorflow2-lite.a	mmap_allocation.cc.o	20	_ZN6tflite14MMAPAllocation11IsSupportedEv;_ZN6tflite14MMAPAllocationC1EPKcPNS_13ErrorReporterE;_ZN6tflite14MMAPAllocationC1EPNS_13ErrorReporterEi;_ZN6tflite14MMAPAllocationC1EPNS_13ErrorReporterEijj;_ZN6tflite14MMAPAllocationC1EiPNS_13ErrorReporterE;_ZN6tflite14MMAPAllocationC1EijjPNS_13ErrorReporterE;_ZN6tflite14MMAPAllocationC2EPKcPNS_13ErrorReporterE;_ZN6tflite14MMAPAllocationC2EPNS_13ErrorReporterEi;_ZN6tflite14MMAPAllocationC2EPNS_13ErrorReporterEijj;_ZN6tflite14MMAPAllocationC2EiPNS_13ErrorReporterE;_ZN6tflite14MMAPAllocationC2EijjPNS_13ErrorReporterE;_ZN6tflite14MMAPAllocationD0Ev;_ZN6tflite14MMAPAllocationD1Ev;_ZN6tflite14MMAPAllocationD2Ev;_ZNK6tflite14MMAPAllocation4baseEv;_ZNK6tflite14MMAPAllocation5bytesEv;_ZNK6tflite14MMAPAllocation5validEv;_ZTIN6tflite14MMAPAllocationE;_ZTSN6tflite14MMAPAllocationE;_ZTVN6tflite14MMAPAllocationE
nnstreamer	armv7l	nnstreamer-tensorflow2-lite/usr/lib/nnstreamer/filters/libnnstreamer_filter_tensorflow2-lite.so	libtensorflow2-lite.a	model.cc.o	34	_ZN6tflite3gpu12GraphFloat3210DeleteNodeEj;_ZN6tflite3gpu12GraphFloat3210LookupNodeEjPPNS1_7NodeDefE;_ZN6tflite3gpu12GraphFloat3211AddConsumerEjj;_ZN6tflite3gpu12GraphFloat3211DeleteValueEj;_ZN6tflite3gpu12GraphFloat3211LookupValueEjPPNS1_8ValueDefE;_ZN6tflite3gpu12GraphFloat3211SetProducerEjj;_ZN6tflite3gpu12GraphFloat3212ReplaceInputEjjj;_ZN6tflite3gpu12GraphFloat3214RemoveConsumerEjj;_ZN6tflite3gpu12GraphFloat3214RemoveProducerEj;_ZN6tflite3gpu12GraphFloat3215InsertNodeAfterEjPPNS0_4NodeE;_ZN6tflite3gpu12GraphFloat327IsInputEjj;_ZN6tflite3gpu12GraphFloat327NewNodeEv;_ZN6tflite3gpu12GraphFloat328NewValueEv;_ZN6tflite3gpu15ConnectTwoNodesEPNS0_12GraphFloat32EPKNS0_4NodeES5_PPNS0_5ValueE;_ZN6tflite3gpu19RemoveFollowingNodeEPNS0_12GraphFloat32EPKNS0_4NodeES5_;_ZN6tflite3gpu19RemovePrecedingNodeEPNS0_12GraphFloat32EPKNS0_4NodeES5_;_ZN6tflite3gpu25RemoveSimpleNodeKeepInputEPNS0_12GraphFloat32EPKNS0_4NodeE;_ZN6tflite3gpu26CheckBatchSizeForAllValuesERKNS0_12GraphFloat32E;_ZN6tflite3gpu26RemoveSimpleNodeKeepOutputEPNS0_12GraphFloat32EPKNS0_4NodeE;_ZN6tflite3gpu9AddOutputEPNS0_12GraphFloat32EPKNS0_4NodeEPPNS0_5ValueE;_ZNK6tflite3gpu12GraphFloat3210FindInputsEj;_ZNK6tflite3gpu12GraphFloat3211FindOutputsEj;_ZNK6tflite3gpu12GraphFloat3212FindProducerEj;_ZNK6tflite3gpu12GraphFloat3212IsGraphInputEj;_ZNK6tflite3gpu12GraphFloat3213FindConsumersEj;_ZNK6tflite3gpu12GraphFloat3213IsGraphOutputEj;_ZNK6tflite3gpu12GraphFloat3213MakeExactCopyEPS1_;_ZNK6tflite3gpu12GraphFloat3215variable_inputsEv;_ZNK6tflite3gpu12GraphFloat325nodesEv;_ZNK6tflite3gpu12GraphFloat326inputsEv;_ZNK6tflite3gpu12GraphFloat326valuesEv;_ZNK6tflite3gpu12GraphFloat327GetNodeEj;_ZNK6tflite3gpu12GraphFloat327outputsEv;_ZNK6tflite3gpu12GraphFloat328GetValueEj
nnstreamer	armv7l	nnstreamer-tensorflow2-lite/usr/lib/nnstreamer/filters/libnnstreamer_filter_tensorflow2-lite.so	libtensorflow2-lite.a	model_builder.cc.o	1	_ZN6tflite3gpu19BuildFromFlatBufferERKNS_4impl15FlatBufferModelERKNS_10OpResolverEPNS0_12GraphFloat32Eb
nnstreamer	armv7l	nnstreamer-tensorflow2-lite/usr/lib/nnstreamer/filters/libnnstreamer_filter_tensorflow2-lite.so	libtensorflow2-lite.a	model_builder_base.cc.o	2	_ZN6tflite21GetAllocationFromFileEPKcPNS_13ErrorReporterE;_ZN6tflite21GetAllocationFromFileEiPNS_13ErrorReporterE
nnstreamer	armv7l	nnstreamer-tensorflow2-lite/usr/lib/nnstreamer/filters/libnnstreamer_filter_tensorflow2-lite.so	libtensorflow2-lite.a	model_builder_helper.cc.o	20	_ZN6tflite3gpu10ToDataTypeE10TfLiteType;_ZN6tflite3gpu16SetAllDimensionsEPK14TfLiteIntArrayPNS0_11StrongShapeILNS0_6LayoutE10EEE;_ZN6tflite3gpu16SetAllDimensionsEPK14TfLiteIntArrayPNS0_11StrongShapeILNS0_6LayoutE1EEE;_ZN6tflite3gpu16SetAllDimensionsEPK14TfLiteIntArrayPNS0_11StrongShapeILNS0_6LayoutE2EEE;_ZN6tflite3gpu16SetAllDimensionsEPK14TfLiteIntArrayPNS0_11StrongShapeILNS0_6LayoutE3EEE;_ZN6tflite3gpu16SetAllDimensionsEPK14TfLiteIntArrayPNS0_11StrongShapeILNS0_6LayoutE5EEE;_ZN6tflite3gpu16SetAllDimensionsEPK14TfLiteIntArrayPNS0_11StrongShapeILNS0_6LayoutE7EEE;_ZN6tflite3gpu18CheckInputsOutputsEPK13TfLiteContextPK10TfLiteNodeii;_ZN6tflite3gpu18ExtractTensorShapeERK12TfLiteTensorPNS0_11StrongShapeILNS0_6LayoutE10EEE;_ZN6tflite3gpu19MaybeFuseActivationE21TfLiteFusedActivationPNS0_12GraphFloat32EPNS0_4NodeE;_ZN6tflite3gpu19PopulateQuantParamsERK12TfLiteTensorPNS0_18QuantizationParamsE;_ZN6tflite3gpu20CreateVectorCopyDataIfEEN4absl12lts_202308026StatusERK12TfLiteTensorPT_;_ZN6tflite3gpu20ExtractAxisFromIndexERK12TfLiteTensoriPNS0_4AxisE;_ZN6tflite3gpu22GetNodeAndRegistrationEP13TfLiteContextiPP10TfLiteNodePP18TfLiteRegistration;_ZN6tflite3gpu23ConvertFloat16ToFloat32EjPKtPf;_ZN6tflite3gpu24CheckIfLinearConvertibleEPK14TfLiteIntArray;_ZN6tflite3gpu24CheckInputsConstsOutputsEPK13TfLiteContextPK10TfLiteNodeiii;_ZN6tflite3gpu29GetNumberOfConstInputsForNodeEPK13TfLiteContextPK10TfLiteNode;_ZN6tflite3gpu30ConvertTfLiteTensorToTensorRefERK12TfLiteTensorPNS0_9TensorRefINS0_11StrongShapeILNS0_6LayoutE10EEEEE;_ZN6tflite3gpu31GetNumberOfRuntimeInputsForNodeEPK13TfLiteContextPK10TfLiteNode
nnstreamer	armv7l	nnstreamer-tensorflow2-lite/usr/lib/nnstreamer/filters/libnnstreamer_filter_tensorflow2-lite.so	libtensorflow2-lite.a	model_transformations.cc.o	1	_ZN6tflite3gpu25ApplyModelTransformationsEPNS0_16ModelTransformerE
nnstreamer	armv7l	nnstreamer-tensorflow2-lite/usr/lib/nnstreamer/filters/libnnstreamer_filter_tensorflow2-lite.so	libtensorflow2-lite.a	mul.cc.o	6	_ZN6tflite3ops7builtin12Register_MULEv;_ZN6tflite3ops7builtin16Register_MUL_REFEv;_ZN6tflite3ops7builtin21Register_MUL_NEON_OPTEv;_ZN6tflite3ops7builtin24Register_MUL_GENERIC_OPTEv;_ZN6tflite3ops7builtin3mul4FreeEP13TfLiteContextPv;_ZN6tflite3ops7builtin3mul4InitEP13TfLiteContextPKcj
nnstreamer	armv7l	nnstreamer-tensorflow2-lite/usr/lib/nnstreamer/filters/libnnstreamer_filter_tensorflow2-lite.so	libtensorflow2-lite.a	multiply2.c.o	3	define_multiply2;xnn_define_multiply2;xnn_define_multiply2_v2
nnstreamer	armv7l	nnstreamer-tensorflow2-lite/usr/lib/nnstreamer/filters/libnnstreamer_filter_tensorflow2-lite.so	libtensorflow2-lite.a	mutable_op_resolver.cc.o	12	_ZN6tflite17MutableOpResolver10AddBuiltinENS_15BuiltinOperatorEPK18TfLiteRegistrationi;_ZN6tflite17MutableOpResolver10AddBuiltinENS_15BuiltinOperatorEPK18TfLiteRegistrationii;_ZN6tflite17MutableOpResolver15ChainOpResolverEPKNS_10OpResolverE;_ZN6tflite17MutableOpResolver6AddAllERKS0_;_ZN6tflite17MutableOpResolver9AddCustomEPKcPK18TfLiteRegistrationi;_ZN6tflite17MutableOpResolver9AddCustomEPKcPK18TfLiteRegistrationii;_ZNK6tflite17MutableOpResolver24MayContainUserDefinedOpsEv;_ZNK6tflite17MutableOpResolver6FindOpENS_15BuiltinOperatorEi;_ZNK6tflite17MutableOpResolver6FindOpEPKci;_ZTIN6tflite17MutableOpResolverE;_ZTSN6tflite17MutableOpResolverE;_ZTVN6tflite17MutableOpResolverE
nnstreamer	armv7l	nnstreamer-tensorflow2-lite/usr/lib/nnstreamer/filters/libnnstreamer_filter_tensorflow2-lite.so	libtensorflow2-lite.a	mutex.c.o	4	xnn_mutex_destroy;xnn_mutex_init;xnn_mutex_lock;xnn_mutex_unlock
nnstreamer	armv7l	nnstreamer-tensorflow2-lite/usr/lib/nnstreamer/filters/libnnstreamer_filter_tensorflow2-lite.so	libtensorflow2-lite.a	mutex.cc.o	62	_ZN4absl12lts_2023080219RegisterMutexTracerEPFvPKcPKvxE;_ZN4absl12lts_2023080219ReleasableMutexLock7ReleaseEv;_ZN4absl12lts_2023080221RegisterCondVarTracerEPFvPKcPKvE;_ZN4absl12lts_2023080221RegisterMutexProfilerEPFvxE;_ZN4absl12lts_2023080224synchronization_internal10MutexDelayEii;_ZN4absl12lts_2023080229EnableMutexInvariantDebuggingEb;_ZN4absl12lts_2023080229SetMutexDeadlockDetectionModeENS0_15OnDeadlockCycleE;_ZN4absl12lts_202308025Mutex10ReaderLockEv;_ZN4absl12lts_202308025Mutex10UnlockSlowEPNS0_15SynchWaitParamsE;_ZN4absl12lts_202308025Mutex11AwaitCommonERKNS0_9ConditionENS0_24synchronization_internal13KernelTimeoutE;_ZN4absl12lts_202308025Mutex12LockSlowLoopEPNS0_15SynchWaitParamsEi;_ZN4absl12lts_202308025Mutex12ReaderUnlockEv;_ZN4absl12lts_202308025Mutex13ReaderTryLockEv;_ZN4absl12lts_202308025Mutex14EnableDebugLogEPKc;_ZN4absl12lts_202308025Mutex14ReaderLockWhenERKNS0_9ConditionE;_ZN4absl12lts_202308025Mutex16AwaitWithTimeoutERKNS0_9ConditionENS0_8DurationE;_ZN4absl12lts_202308025Mutex17AwaitWithDeadlineERKNS0_9ConditionENS0_4TimeE;_ZN4absl12lts_202308025Mutex17DecrementSynchSemEPS1_PNS0_13base_internal14PerThreadSynchENS0_24synchronization_internal13KernelTimeoutE;_ZN4absl12lts_202308025Mutex17IncrementSynchSemEPS1_PNS0_13base_internal14PerThreadSynchE;_ZN4absl12lts_202308025Mutex18ForgetDeadlockInfoEv;_ZN4absl12lts_202308025Mutex19LockWhenWithTimeoutERKNS0_9ConditionENS0_8DurationE;_ZN4absl12lts_202308025Mutex20LockSlowWithDeadlineEPKNS0_6MuHowSEPKNS0_9ConditionENS0_24synchronization_internal13KernelTimeoutEi;_ZN4absl12lts_202308025Mutex20LockWhenWithDeadlineERKNS0_9ConditionENS0_4TimeE;_ZN4absl12lts_202308025Mutex24EnableInvariantDebuggingEPFvPvES2_;_ZN4absl12lts_202308025Mutex25ReaderLockWhenWithTimeoutERKNS0_9ConditionENS0_8DurationE;_ZN4absl12lts_202308025Mutex26ReaderLockWhenWithDeadlineERKNS0_9ConditionENS0_4TimeE;_ZN4absl12lts_202308025Mutex3FerEPNS0_13base_internal14PerThreadSynchE;_ZN4absl12lts_202308025Mutex45InternalAttemptToUseMutexInFatalSignalHandlerEv;_ZN4absl12lts_202308025Mutex4LockEv;_ZN4absl12lts_202308025Mutex5AwaitERKNS0_9ConditionE;_ZN4absl12lts_202308025Mutex5BlockEPNS0_13base_internal14PerThreadSynchE;_ZN4absl12lts_202308025Mutex5TransEPKNS0_6MuHowSE;_ZN4absl12lts_202308025Mutex6UnlockEv;_ZN4absl12lts_202308025Mutex6WakeupEPNS0_13base_internal14PerThreadSynchE;_ZN4absl12lts_202308025Mutex7TryLockEv;_ZN4absl12lts_202308025Mutex8LockSlowEPKNS0_6MuHowSEPKNS0_9ConditionEi;_ZN4absl12lts_202308025Mutex8LockWhenERKNS0_9ConditionE;_ZN4absl12lts_202308025Mutex9TryRemoveEPNS0_13base_internal14PerThreadSynchE;_ZN4absl12lts_202308025MutexD1Ev;_ZN4absl12lts_202308025MutexD2Ev;_ZN4absl12lts_202308027CondVar10WaitCommonEPNS0_5MutexENS0_24synchronization_internal13KernelTimeoutE;_ZN4absl12lts_202308027CondVar14EnableDebugLogEPKc;_ZN4absl12lts_202308027CondVar15WaitWithTimeoutEPNS0_5MutexENS0_8DurationE;_ZN4absl12lts_202308027CondVar16WaitWithDeadlineEPNS0_5MutexENS0_4TimeE;_ZN4absl12lts_202308027CondVar4WaitEPNS0_5MutexE;_ZN4absl12lts_202308027CondVar6RemoveEPNS0_13base_internal14PerThreadSynchE;_ZN4absl12lts_202308027CondVar6SignalEv;_ZN4absl12lts_202308027CondVar6WakeupEPNS0_13base_internal14PerThreadSynchE;_ZN4absl12lts_202308027CondVar9SignalAllEv;_ZN4absl12lts_202308027CondVarD1Ev;_ZN4absl12lts_202308027CondVarD2Ev;_ZN4absl12lts_202308029Condition15GuaranteedEqualEPKS1_S3_;_ZN4absl12lts_202308029Condition19CallVoidPtrFunctionEPKS1_;_ZN4absl12lts_202308029Condition5kTrueE;_ZN4absl12lts_202308029ConditionC1EPFbPvES2_;_ZN4absl12lts_202308029ConditionC1EPKb;_ZN4absl12lts_202308029ConditionC2EPFbPvES2_;_ZN4absl12lts_202308029ConditionC2EPKb;_ZNK4absl12lts_202308025Mutex10AssertHeldEv;_ZNK4absl12lts_202308025Mutex13AssertNotHeldEv;_ZNK4absl12lts_202308025Mutex16AssertReaderHeldEv;_ZNK4absl12lts_202308029Condition4EvalEv
nnstreamer	armv7l	nnstreamer-tensorflow2-lite/usr/lib/nnstreamer/filters/libnnstreamer_filter_tensorflow2-lite.so	libtensorflow2-lite.a	neg.cc.o	3	_ZN6tflite3ops7builtin12Register_NEGEv;_ZN6tflite3ops7builtin3neg4EvalEP13TfLiteContextP10TfLiteNode;_ZN6tflite3ops7builtin3neg7PrepareEP13TfLiteContextP10TfLiteNode
nnstreamer	armv7l	nnstreamer-tensorflow2-lite/usr/lib/nnstreamer/filters/libnnstreamer_filter_tensorflow2-lite.so	libtensorflow2-lite.a	negate.c.o	1	xnn_define_negate
nnstreamer	armv7l	nnstreamer-tensorflow2-lite/usr/lib/nnstreamer/filters/libnnstreamer_filter_tensorflow2-lite.so	libtensorflow2-lite.a	neon_tensor_utils.cc.o	36	_ZN6tflite12tensor_utils12NeonCwiseAddEPKsS2_iiPs;_ZN6tflite12tensor_utils12NeonCwiseMulEPKsS2_iiiPs;_ZN6tflite12tensor_utils12NeonCwiseMulEPKsS2_iiiiiPa;_ZN6tflite12tensor_utils13NeonApplyTanhEiPKsiiPs;_ZN6tflite12tensor_utils14NeonSub1VectorEPKfiPf;_ZN6tflite12tensor_utils14NeonSub1VectorEPKsiPs;_ZN6tflite12tensor_utils16NeonApplySigmoidEPKsiiPs;_ZN6tflite12tensor_utils16NeonIsZeroVectorEPKai;_ZN6tflite12tensor_utils16NeonIsZeroVectorEPKfi;_ZN6tflite12tensor_utils17NeonCwiseClippingEPaia;_ZN6tflite12tensor_utils17NeonCwiseClippingEPfif;_ZN6tflite12tensor_utils17NeonCwiseClippingEPsis;_ZN6tflite12tensor_utils18NeonApplyLayerNormEPKsS2_PKiiiiiiPs;_ZN6tflite12tensor_utils18NeonCpuBackendGemmEPKaPKiS2_iiiiPiPNS_17CpuBackendContextE;_ZN6tflite12tensor_utils22NeonReductionSumVectorEPKaPiii;_ZN6tflite12tensor_utils22NeonReductionSumVectorEPKfPfii;_ZN6tflite12tensor_utils24NeonVectorScalarMultiplyEPKaifPf;_ZN6tflite12tensor_utils26NeonVectorVectorDotProductEPKfS2_i;_ZN6tflite12tensor_utils27NeonMeanStddevNormalizationEPKfPfii;_ZN6tflite12tensor_utils27NeonSymmetricQuantizeFloatsEPKfiPaPfS4_S4_;_ZN6tflite12tensor_utils27NeonSymmetricQuantizeFloatsEPKfiPaffPf;_ZN6tflite12tensor_utils28NeonAsymmetricQuantizeFloatsEPKfiPaPfPi;_ZN6tflite12tensor_utils33NeonMatrixBatchVectorMultiplyImplEPKaPKiS2_iiiiPi;_ZN6tflite12tensor_utils34NeonMatrixScalarMultiplyAccumulateEPKaiiiPi;_ZN6tflite12tensor_utils39NeonMatrixBatchVectorMultiplyAccumulateEPKaPKiS2_iiiiiiPiPaPNS_17CpuBackendContextE;_ZN6tflite12tensor_utils39NeonMatrixBatchVectorMultiplyAccumulateEPKaPKiS2_iiiiiiPiPsPNS_17CpuBackendContextE;_ZN6tflite12tensor_utils39NeonMatrixBatchVectorMultiplyAccumulateEPKaiiS2_PKfiPf;_ZN6tflite12tensor_utils39NeonMatrixBatchVectorMultiplyAccumulateEPKaiiS2_PKfiPfS4_PKiPiS8_PbPNS_17CpuBackendContextE;_ZN6tflite12tensor_utils39NeonMatrixBatchVectorMultiplyAccumulateEPKaiiS2_PKfiPiPfPNS_17CpuBackendContextE;_ZN6tflite12tensor_utils39NeonMatrixBatchVectorMultiplyAccumulateEPKfiiS2_iPf;_ZN6tflite12tensor_utils43NeonMatrixBatchVectorMultiplyAccumulateImplEPKaiiS2_PKfiPfS4_PKiPi;_ZN6tflite12tensor_utils43NeonVectorBatchVectorCwiseProductAccumulateEPKsiS2_iiiPs;_ZN6tflite12tensor_utils45NeonSparseMatrixBatchVectorMultiplyAccumulateEPKaPKhiiS2_PKfiPfS6_;_ZN6tflite12tensor_utils45NeonSparseMatrixBatchVectorMultiplyAccumulateEPKfPKhiiS2_iPf;_ZN6tflite12tensor_utils48NeonSparseMatrixBatchVectorMultiplyAccumulate1x4EPKfPKiS4_iiS2_iPf;_ZN6tflite12tensor_utils49NeonSparseMatrixBatchVectorMultiplyAccumulate1x16EPKaPKiS4_iiS2_S4_iiiiS4_S4_iiiPa
nnstreamer	armv7l	nnstreamer-tensorflow2-lite/usr/lib/nnstreamer/filters/libnnstreamer_filter_tensorflow2-lite.so	libtensorflow2-lite.a	nnapi_delegate_disabled.cc.o	20	_ZN6tflite13NnApiDelegateEv;_ZN6tflite21StatefulNnApiDelegate19RegisterNnapiMemoryEP21ANeuralNetworksMemoryPF12TfLiteStatusP12TfLiteTensorS2_jjPvES6_;_ZN6tflite21StatefulNnApiDelegate4Data19CacheDelegateKernelEPK20TfLiteDelegateParamsPNS_8delegate5nnapi19NNAPIDelegateKernelE;_ZN6tflite21StatefulNnApiDelegate4Data28MaybeGetCachedDelegateKernelEPK20TfLiteDelegateParams;_ZN6tflite21StatefulNnApiDelegate4DataC1EPK5NnApi;_ZN6tflite21StatefulNnApiDelegate4DataC2EPK5NnApi;_ZN6tflite21StatefulNnApiDelegate4DataD1Ev;_ZN6tflite21StatefulNnApiDelegate4DataD2Ev;_ZN6tflite21StatefulNnApiDelegate9DoPrepareEP13TfLiteContextP14TfLiteDelegate;_ZN6tflite21StatefulNnApiDelegateC1ENS0_7OptionsE;_ZN6tflite21StatefulNnApiDelegateC1EPK20NnApiSLDriverImplFL5NS0_7OptionsE;_ZN6tflite21StatefulNnApiDelegateC1EPK5NnApi;_ZN6tflite21StatefulNnApiDelegateC1EPK5NnApiNS0_7OptionsE;_ZN6tflite21StatefulNnApiDelegateC1Ev;_ZN6tflite21StatefulNnApiDelegateC2ENS0_7OptionsE;_ZN6tflite21StatefulNnApiDelegateC2EPK20NnApiSLDriverImplFL5NS0_7OptionsE;_ZN6tflite21StatefulNnApiDelegateC2EPK5NnApi;_ZN6tflite21StatefulNnApiDelegateC2EPK5NnApiNS0_7OptionsE;_ZN6tflite21StatefulNnApiDelegateC2Ev;_ZNK6tflite21StatefulNnApiDelegate13GetNnApiErrnoEv
nnstreamer	armv7l	nnstreamer-tensorflow2-lite/usr/lib/nnstreamer/filters/libnnstreamer_filter_tensorflow2-lite.so	libtensorflow2-lite.a	non_max_suppression.cc.o	6	_ZN6tflite3ops7builtin19non_max_suppression14SetTensorSizesEP13TfLiteContextP12TfLiteTensorSt16initializer_listIiE;_ZN6tflite3ops7builtin19non_max_suppression27ResetUnusedElementsToZeroesEiiPiPf;_ZN6tflite3ops7builtin19non_max_suppression4EvalEP13TfLiteContextP10TfLiteNode;_ZN6tflite3ops7builtin19non_max_suppression7PrepareEP13TfLiteContextP10TfLiteNode;_ZN6tflite3ops7builtin31Register_NON_MAX_SUPPRESSION_V4Ev;_ZN6tflite3ops7builtin31Register_NON_MAX_SUPPRESSION_V5Ev
nnstreamer	armv7l	nnstreamer-tensorflow2-lite/usr/lib/nnstreamer/filters/libnnstreamer_filter_tensorflow2-lite.so	libtensorflow2-lite.a	normalization.c.o	3	xnn_normalize_reduction;xnn_normalize_slice;xnn_normalize_transpose_permutation
nnstreamer	armv7l	nnstreamer-tensorflow2-lite/usr/lib/nnstreamer/filters/libnnstreamer_filter_tensorflow2-lite.so	libtensorflow2-lite.a	numbers.cc.o	8	_ZN4absl12lts_2023080216numbers_internal12PutTwoDigitsEjPc;_ZN4absl12lts_2023080216numbers_internal15FastIntToBufferEiPc;_ZN4absl12lts_2023080216numbers_internal15FastIntToBufferEjPc;_ZN4absl12lts_2023080216numbers_internal15FastIntToBufferExPc;_ZN4absl12lts_2023080216numbers_internal15FastIntToBufferEyPc;_ZN4absl12lts_2023080216numbers_internal17SixDigitsToBufferEdPc;_ZN4absl12lts_2023080216numbers_internal8kHexCharE;_ZN4absl12lts_2023080216numbers_internal9kHexTableE
nnstreamer	armv7l	nnstreamer-tensorflow2-lite/usr/lib/nnstreamer/filters/libnnstreamer_filter_tensorflow2-lite.so	libtensorflow2-lite.a	numeric_verify.cc.o	6	_ZN6tflite3ops6custom14numeric_verify4FreeEP13TfLiteContextPv;_ZN6tflite3ops6custom14numeric_verify4InitEP13TfLiteContextPKcj;_ZN6tflite3ops6custom14numeric_verify7PrepareEP13TfLiteContextP10TfLiteNode;_ZN6tflite3ops6custom23Register_NUMERIC_VERIFYEv;_ZN6tflite3ops6custom27Register_NUMERIC_VERIFY_OPTEv;_ZN6tflite3ops6custom27Register_NUMERIC_VERIFY_REFEv
nnstreamer	armv7l	nnstreamer-tensorflow2-lite/usr/lib/nnstreamer/filters/libnnstreamer_filter_tensorflow2-lite.so	libtensorflow2-lite.a	object_reader.cc.o	12	_ZN6tflite3gpu12ObjectReader10AddOutputsEPKNS0_4NodeE;_ZN6tflite3gpu12ObjectReader20ReadValueByTensorIdxEjPPNS0_5ValueE;_ZN6tflite3gpu12ObjectReader25VerifyInputsConstsOutputsEPK10TfLiteNodeiii;_ZN6tflite3gpu12ObjectReader8AddInputEPKNS0_4NodeEj;_ZN6tflite3gpu12ObjectReader9AddOutputEPKNS0_4NodeEi;_ZN6tflite3gpu12ObjectReader9AddUpdateEPKNS0_4NodeEj;_ZN6tflite3gpu12ObjectReader9ReadValueEjPPNS0_5ValueE;_ZNK6tflite3gpu12ObjectReader11GetTensorIdEjPi;_ZNK6tflite3gpu12ObjectReader13GetTensorDimsEjP14TfLiteIntArray;_ZNK6tflite3gpu12ObjectReader14GetInputTensorEi;_ZNK6tflite3gpu12ObjectReader15GetOutputTensorEi;_ZNK6tflite3gpu12ObjectReader24GetNumberOfRuntimeInputsEv
nnstreamer	armv7l	nnstreamer-tensorflow2-lite/usr/lib/nnstreamer/filters/libnnstreamer_filter_tensorflow2-lite.so	libtensorflow2-lite.a	one_hot.cc.o	5	_ZN6tflite3gpu12CreateOneHotERKNS0_12OperationDefERKNS0_16OneHotAttributesE;_ZN6tflite3ops7builtin16Register_ONE_HOTEv;_ZN6tflite3ops7builtin7one_hot18ResizeOutputTensorEP13TfLiteContextRKNS2_13OneHotContextE;_ZN6tflite3ops7builtin7one_hot4EvalEP13TfLiteContextP10TfLiteNode;_ZN6tflite3ops7builtin7one_hot7PrepareEP13TfLiteContextP10TfLiteNode
nnstreamer	armv7l	nnstreamer-tensorflow2-lite/usr/lib/nnstreamer/filters/libnnstreamer_filter_tensorflow2-lite.so	libtensorflow2-lite.a	op_resolver.cc.o	1	_ZN6tflite25GetRegistrationFromOpCodeEPKNS_12OperatorCodeERKNS_10OpResolverEPNS_13ErrorReporterEPPK18TfLiteRegistration
nnstreamer	armv7l	nnstreamer-tensorflow2-lite/usr/lib/nnstreamer/filters/libnnstreamer_filter_tensorflow2-lite.so	libtensorflow2-lite.a	op_signature.cc.o	2	_ZN6tflite14GetOpSignatureEPK13TfLiteContextPK10TfLiteNodePK18TfLiteRegistration;_ZN6tflite14GetOpSignatureEPKNS_12OperatorCodeEPKNS_8OperatorEPKNS_8SubGraphEPKNS_5ModelE
nnstreamer	armv7l	nnstreamer-tensorflow2-lite/usr/lib/nnstreamer/filters/libnnstreamer_filter_tensorflow2-lite.so	libtensorflow2-lite.a	opencl_wrapper.cc.o	121	_ZN6tflite3gpu2cl10LoadOpenCLEv;_ZN6tflite3gpu2cl10clSVMAllocE;_ZN6tflite3gpu2cl12clCreatePipeE;_ZN6tflite3gpu2cl13clCreateImageE;_ZN6tflite3gpu2cl13clEnqueueTaskE;_ZN6tflite3gpu2cl13clGetPipeInfoE;_ZN6tflite3gpu2cl13clLinkProgramE;_ZN6tflite3gpu2cl13clRetainEventE;_ZN6tflite3gpu2cl14clBuildProgramE;_ZN6tflite3gpu2cl14clCreateBufferE;_ZN6tflite3gpu2cl14clCreateKernelE;_ZN6tflite3gpu2cl14clGetDeviceIDsE;_ZN6tflite3gpu2cl14clGetEventInfoE;_ZN6tflite3gpu2cl14clGetImageInfoE;_ZN6tflite3gpu2cl14clReleaseEventE;_ZN6tflite3gpu2cl14clRetainDeviceE;_ZN6tflite3gpu2cl14clRetainKernelE;_ZN6tflite3gpu2cl14clSetKernelArgE;_ZN6tflite3gpu2cl15clCreateContextE;_ZN6tflite3gpu2cl15clCreateImage2DE;_ZN6tflite3gpu2cl15clCreateImage3DE;_ZN6tflite3gpu2cl15clCreateSamplerE;_ZN6tflite3gpu2cl15clEnqueueMarkerE;_ZN6tflite3gpu2cl15clEnqueueSVMMapE;_ZN6tflite3gpu2cl15clGetDeviceInfoE;_ZN6tflite3gpu2cl15clGetKernelInfoE;_ZN6tflite3gpu2cl15clReleaseDeviceE;_ZN6tflite3gpu2cl15clReleaseKernelE;_ZN6tflite3gpu2cl15clRetainContextE;_ZN6tflite3gpu2cl15clRetainProgramE;_ZN6tflite3gpu2cl15clRetainSamplerE;_ZN6tflite3gpu2cl15clWaitForEventsE;_ZN6tflite3gpu2cl16clCompileProgramE;_ZN6tflite3gpu2cl16clEnqueueBarrierE;_ZN6tflite3gpu2cl16clEnqueueSVMFreeE;_ZN6tflite3gpu2cl16clGetContextInfoE;_ZN6tflite3gpu2cl16clGetPlatformIDsE;_ZN6tflite3gpu2cl16clGetProgramInfoE;_ZN6tflite3gpu2cl16clGetSamplerInfoE;_ZN6tflite3gpu2cl16clReleaseContextE;_ZN6tflite3gpu2cl16clReleaseProgramE;_ZN6tflite3gpu2cl16clReleaseSamplerE;_ZN6tflite3gpu2cl16clUnloadCompilerE;_ZN6tflite3gpu2cl17clCreateSubBufferE;_ZN6tflite3gpu2cl17clCreateUserEventE;_ZN6tflite3gpu2cl17clEnqueueMapImageE;_ZN6tflite3gpu2cl17clEnqueueSVMUnmapE;_ZN6tflite3gpu2cl17clGetPlatformInfoE;_ZN6tflite3gpu2cl17clRetainMemObjectE;_ZN6tflite3gpu2cl18clCreateSubDevicesE;_ZN6tflite3gpu2cl18clEnqueueCopyImageE;_ZN6tflite3gpu2cl18clEnqueueFillImageE;_ZN6tflite3gpu2cl18clEnqueueMapBufferE;_ZN6tflite3gpu2cl18clEnqueueReadImageE;_ZN6tflite3gpu2cl18clEnqueueSVMMemcpyE;_ZN6tflite3gpu2cl18clGetKernelArgInfoE;_ZN6tflite3gpu2cl18clGetMemObjectInfoE;_ZN6tflite3gpu2cl18clReleaseMemObjectE;_ZN6tflite3gpu2cl18clSetEventCallbackE;_ZN6tflite3gpu2cl19CreateImage2DLegacyEP11_cl_contextyPK16_cl_image_formatPK14_cl_image_descPvPi;_ZN6tflite3gpu2cl19CreateImage3DLegacyEP11_cl_contextyPK16_cl_image_formatPK14_cl_image_descPvPi;_ZN6tflite3gpu2cl19LoadOpenCLFunctionsEPvb;_ZN6tflite3gpu2cl19clEnqueueCopyBufferE;_ZN6tflite3gpu2cl19clEnqueueFillBufferE;_ZN6tflite3gpu2cl19clEnqueueReadBufferE;_ZN6tflite3gpu2cl19clEnqueueSVMMemFillE;_ZN6tflite3gpu2cl19clEnqueueWriteImageE;_ZN6tflite3gpu2cl19clSetKernelExecInfoE;_ZN6tflite3gpu2cl20clCreateCommandQueueE;_ZN6tflite3gpu2cl20clCreateFromGLBufferE;_ZN6tflite3gpu2cl20clEnqueueWriteBufferE;_ZN6tflite3gpu2cl20clRetainCommandQueueE;_ZN6tflite3gpu2cl20clSetUserEventStatusE;_ZN6tflite3gpu2cl21clCreateFromGLTextureE;_ZN6tflite3gpu2cl21clEnqueueNativeKernelE;_ZN6tflite3gpu2cl21clGetCommandQueueInfoE;_ZN6tflite3gpu2cl21clGetProgramBuildInfoE;_ZN6tflite3gpu2cl21clReleaseCommandQueueE;_ZN6tflite3gpu2cl22clEnqueueNDRangeKernelE;_ZN6tflite3gpu2cl22clEnqueueWaitForEventsE;_ZN6tflite3gpu2cl23clCreateContextFromTypeE;_ZN6tflite3gpu2cl23clCreateFromEGLImageKHRE;_ZN6tflite3gpu2cl23clEnqueueCopyBufferRectE;_ZN6tflite3gpu2cl23clEnqueueReadBufferRectE;_ZN6tflite3gpu2cl23clEnqueueUnmapMemObjectE;_ZN6tflite3gpu2cl23clGetEventProfilingInfoE;_ZN6tflite3gpu2cl24clCreateCommandBufferKHRE;_ZN6tflite3gpu2cl24clCreateKernelsInProgramE;_ZN6tflite3gpu2cl24clEnqueueWriteBufferRectE;_ZN6tflite3gpu2cl24clGetKernelWorkGroupInfoE;_ZN6tflite3gpu2cl24clRetainCommandBufferKHRE;_ZN6tflite3gpu2cl24clSetKernelArgSVMPointerE;_ZN6tflite3gpu2cl24clUnloadPlatformCompilerE;_ZN6tflite3gpu2cl25clCommandNDRangeKernelKHRE;_ZN6tflite3gpu2cl25clCreateProgramWithBinaryE;_ZN6tflite3gpu2cl25clCreateProgramWithSourceE;_ZN6tflite3gpu2cl25clEnqueueAcquireGLObjectsE;_ZN6tflite3gpu2cl25clEnqueueCommandBufferKHRE;_ZN6tflite3gpu2cl25clEnqueueReleaseGLObjectsE;_ZN6tflite3gpu2cl25clGetCommandBufferInfoKHRE;_ZN6tflite3gpu2cl25clReleaseCommandBufferKHRE;_ZN6tflite3gpu2cl26clEnqueueCopyBufferToImageE;_ZN6tflite3gpu2cl26clEnqueueCopyImageToBufferE;_ZN6tflite3gpu2cl26clEnqueueMigrateMemObjectsE;_ZN6tflite3gpu2cl26clFinalizeCommandBufferKHRE;_ZN6tflite3gpu2cl26clGetSupportedImageFormatsE;_ZN6tflite3gpu2cl27clCreateEventFromEGLSyncKHRE;_ZN6tflite3gpu2cl27clEnqueueMarkerWithWaitListE;_ZN6tflite3gpu2cl28LoadOpenCLFunctionExtensionsEP15_cl_platform_id;_ZN6tflite3gpu2cl28clEnqueueBarrierWithWaitListE;_ZN6tflite3gpu2cl29clCreateSamplerWithPropertiesE;_ZN6tflite3gpu2cl29clEnqueueAcquireEGLObjectsKHRE;_ZN6tflite3gpu2cl29clEnqueueReleaseEGLObjectsKHRE;_ZN6tflite3gpu2cl29clGetExtensionFunctionAddressE;_ZN6tflite3gpu2cl32clSetMemObjectDestructorCallbackE;_ZN6tflite3gpu2cl33clCreateProgramWithBuiltInKernelsE;_ZN6tflite3gpu2cl34clCreateCommandQueueWithPropertiesE;_ZN6tflite3gpu2cl40clGetExtensionFunctionAddressForPlatformE;_ZN6tflite3gpu2cl7clFlushE;_ZN6tflite3gpu2cl8clFinishE;_ZN6tflite3gpu2cl9clSVMFreeE
nnstreamer	armv7l	nnstreamer-tensorflow2-lite/usr/lib/nnstreamer/filters/libnnstreamer_filter_tensorflow2-lite.so	libtensorflow2-lite.a	operation_parser.cc.o	3	_ZN6tflite3gpu22ParsePoolingAttributesEPK16TfLitePoolParamsRKNS0_11StrongShapeILNS0_6LayoutE10EEEPNS0_19Pooling2DAttributesE;_ZN6tflite3gpu26CheckMaxSupportedOpVersionEPK18TfLiteRegistrationi;_ZN6tflite3gpu4ToHWEii
nnstreamer	armv7l	nnstreamer-tensorflow2-lite/usr/lib/nnstreamer/filters/libnnstreamer_filter_tensorflow2-lite.so	libtensorflow2-lite.a	operations.cc.o	40	_ZN6tflite3gpu20CalculateOutputShapeERKNS0_11StrongShapeILNS0_6LayoutE10EEERKNS0_13PadAttributesE;_ZN6tflite3gpu20CalculateOutputShapeERKNS0_11StrongShapeILNS0_6LayoutE10EEERKNS0_14MeanAttributesE;_ZN6tflite3gpu20CalculateOutputShapeERKNS0_11StrongShapeILNS0_6LayoutE10EEERKNS0_15SliceAttributesE;_ZN6tflite3gpu20CalculateOutputShapeERKNS0_11StrongShapeILNS0_6LayoutE10EEERKNS0_18Resize2DAttributesE;_ZN6tflite3gpu20CalculateOutputShapeERKNS0_11StrongShapeILNS0_6LayoutE10EEERKNS0_19Pooling2DAttributesE;_ZN6tflite3gpu20CalculateOutputShapeERKNS0_11StrongShapeILNS0_6LayoutE10EEERKNS0_19TransposeAttributesE;_ZN6tflite3gpu20CalculateOutputShapeERKNS0_11StrongShapeILNS0_6LayoutE10EEERKNS0_23Convolution2DAttributesE;_ZN6tflite3gpu20CalculateOutputShapeERKNS0_11StrongShapeILNS0_6LayoutE10EEERKNS0_24FullyConnectedAttributesE;_ZN6tflite3gpu20CalculateOutputShapeERKNS0_11StrongShapeILNS0_6LayoutE10EEERKNS0_24MaxUnpooling2DAttributesE;_ZN6tflite3gpu20CalculateOutputShapeERKNS0_11StrongShapeILNS0_6LayoutE10EEERKNS0_31ConvolutionTransposedAttributesE;_ZN6tflite3gpu20CalculateOutputShapeERKNS0_11StrongShapeILNS0_6LayoutE10EEERKNS0_32DepthwiseConvolution2DAttributesE;_ZN6tflite3gpu20CalculateOutputShapeERKNS0_11StrongShapeILNS0_6LayoutE12EEERKNS0_14MeanAttributesE;_ZN6tflite3gpu20CalculateOutputShapeERKNS0_11StrongShapeILNS0_6LayoutE12EEERKNS0_15Pad3DAttributesE;_ZN6tflite3gpu20CalculateOutputShapeERKNS0_11StrongShapeILNS0_6LayoutE12EEERKNS0_17Slice3DAttributesE;_ZN6tflite3gpu20CalculateOutputShapeERKNS0_11StrongShapeILNS0_6LayoutE12EEERKNS0_18Resize3DAttributesE;_ZN6tflite3gpu20CalculateOutputShapeERKNS0_11StrongShapeILNS0_6LayoutE12EEERKNS0_19Pooling3DAttributesE;_ZN6tflite3gpu20CalculateOutputShapeERKNS0_11StrongShapeILNS0_6LayoutE12EEERKNS0_21Transpose3DAttributesE;_ZN6tflite3gpu20CalculateOutputShapeERKNS0_11StrongShapeILNS0_6LayoutE12EEERKNS0_23Convolution3DAttributesE;_ZN6tflite3gpu20CalculateOutputShapeERKNS0_11StrongShapeILNS0_6LayoutE12EEERKNS0_24MaxUnpooling3DAttributesE;_ZN6tflite3gpu20CalculateOutputShapeERKNS0_11StrongShapeILNS0_6LayoutE12EEERKNS0_32DepthwiseConvolution3DAttributesE;_ZN6tflite3gpu20CalculateOutputShapeERKNS0_11StrongShapeILNS0_6LayoutE12EEERKNS0_33ConvolutionTransposed3DAttributesE;_ZN6tflite3gpu20CalculateResizeScaleEiiRKNS0_18Resize2DAttributesE;_ZN6tflite3gpu20CalculateResizeScaleEiiRKNS0_18Resize3DAttributesE;_ZN6tflite3gpu20CalculateSamePaddingERKNS0_11StrongShapeILNS0_6LayoutE10EEERKNS0_19Pooling2DAttributesE;_ZN6tflite3gpu20CalculateSamePaddingERKNS0_11StrongShapeILNS0_6LayoutE10EEERKNS0_23Convolution2DAttributesE;_ZN6tflite3gpu20CalculateSamePaddingERKNS0_11StrongShapeILNS0_6LayoutE10EEERKNS0_24MaxUnpooling2DAttributesE;_ZN6tflite3gpu20CalculateSamePaddingERKNS0_11StrongShapeILNS0_6LayoutE10EEERKNS0_31ConvolutionTransposedAttributesE;_ZN6tflite3gpu20CalculateSamePaddingERKNS0_11StrongShapeILNS0_6LayoutE10EEERKNS0_32DepthwiseConvolution2DAttributesE;_ZN6tflite3gpu20CalculateSamePaddingERKNS0_11StrongShapeILNS0_6LayoutE12EEERKNS0_19Pooling3DAttributesE;_ZN6tflite3gpu20CalculateSamePaddingERKNS0_11StrongShapeILNS0_6LayoutE12EEERKNS0_23Convolution3DAttributesE;_ZN6tflite3gpu20CalculateSamePaddingERKNS0_11StrongShapeILNS0_6LayoutE12EEERKNS0_24MaxUnpooling3DAttributesE;_ZN6tflite3gpu20CalculateSamePaddingERKNS0_11StrongShapeILNS0_6LayoutE12EEERKNS0_32DepthwiseConvolution3DAttributesE;_ZN6tflite3gpu20CalculateSamePaddingERKNS0_11StrongShapeILNS0_6LayoutE12EEERKNS0_33ConvolutionTransposed3DAttributesE;_ZN6tflite3gpu27DequatizeFullyConnectedAttrERKNS0_28FullyConnectedInt8AttributesE;_ZN6tflite3gpu9Padding2DmiERKS1_;_ZN6tflite3gpu9Padding3DeqERKS1_;_ZN6tflite3gpu9Padding3DmiERKS1_;_ZN6tflite3gpu9Padding3DneERKS1_;_ZNK6tflite3gpu9Padding2DeqERKS1_;_ZNK6tflite3gpu9Padding2DneERKS1_
nnstreamer	armv7l	nnstreamer-tensorflow2-lite/usr/lib/nnstreamer/filters/libnnstreamer_filter_tensorflow2-lite.so	libtensorflow2-lite.a	operator-delete.c.o	1	xnn_delete_operator
nnstreamer	armv7l	nnstreamer-tensorflow2-lite/usr/lib/nnstreamer/filters/libnnstreamer_filter_tensorflow2-lite.so	libtensorflow2-lite.a	operator-run.c.o	1	xnn_run_operator
nnstreamer	armv7l	nnstreamer-tensorflow2-lite/usr/lib/nnstreamer/filters/libnnstreamer_filter_tensorflow2-lite.so	libtensorflow2-lite.a	pack.cc.o	1	_ZN6tflite3ops7builtin13Register_PACKEv
nnstreamer	armv7l	nnstreamer-tensorflow2-lite/usr/lib/nnstreamer/filters/libnnstreamer_filter_tensorflow2-lite.so	libtensorflow2-lite.a	pack_arm.cc.o	4	_ZN3ruy23Pack8bitRowMajorForNeonEPKhiiiiiiPaiiPiii;_ZN3ruy24PackFloatColMajorForNeonEPKfS1_S1_S1_iiPfi;_ZN3ruy28Pack8bitColMajorForNeon2ColsERKNS_14PackParams8bitE;_ZN3ruy28Pack8bitColMajorForNeon4ColsERKNS_14PackParams8bitE
nnstreamer	armv7l	nnstreamer-tensorflow2-lite/usr/lib/nnstreamer/filters/libnnstreamer_filter_tensorflow2-lite.so	libtensorflow2-lite.a	packing.cc.o	3	pack_qs8_conv_kgo_w;pack_qs8_deconv_goki_w;pack_weights_and_biases
nnstreamer	armv7l	nnstreamer-tensorflow2-lite/usr/lib/nnstreamer/filters/libnnstreamer_filter_tensorflow2-lite.so	libtensorflow2-lite.a	pad.cc.o	10	_ZN6tflite3ops7builtin12Register_PADEv;_ZN6tflite3ops7builtin14Register_PADV2Ev;_ZN6tflite3ops7builtin16Register_PAD_REFEv;_ZN6tflite3ops7builtin18Register_PADV2_REFEv;_ZN6tflite3ops7builtin24Register_PAD_GENERIC_OPTEv;_ZN6tflite3ops7builtin26Register_PADV2_GENERIC_OPTEv;_ZN6tflite3ops7builtin3pad12GetPadParamsEP13TfLiteContextRKNS2_10PadContextE;_ZN6tflite3ops7builtin3pad18ResizeOutputTensorEP13TfLiteContextPNS2_10PadContextE;_ZN6tflite3ops7builtin3pad20CheckPaddingOverflowEPNS2_10PadContextE;_ZN6tflite3ops7builtin3pad7PrepareEP13TfLiteContextP10TfLiteNode
nnstreamer	armv7l	nnstreamer-tensorflow2-lite/usr/lib/nnstreamer/filters/libnnstreamer_filter_tensorflow2-lite.so	libtensorflow2-lite.a	padding.cc.o	1	_ZN6tflite3gpu13CreatePaddingERKNS0_12OperationDefERKNS0_13PadAttributesE
nnstreamer	armv7l	nnstreamer-tensorflow2-lite/usr/lib/nnstreamer/filters/libnnstreamer_filter_tensorflow2-lite.so	libtensorflow2-lite.a	parser.cc.o	2	_ZN4absl12lts_2023080219str_format_internal32ConsumeUnboundConversionNoInlineEPKcS3_PNS1_17UnboundConversionEPi;_ZNK4absl12lts_2023080219str_format_internal16ParsedFormatBase18MatchesConversionsEbSt16initializer_listINS0_23FormatConversionCharSetEE
nnstreamer	armv7l	nnstreamer-tensorflow2-lite/usr/lib/nnstreamer/filters/libnnstreamer_filter_tensorflow2-lite.so	libtensorflow2-lite.a	per_thread_sem.cc.o	2	_ZN4absl12lts_2023080224synchronization_internal12PerThreadSem23GetThreadBlockedCounterEv;_ZN4absl12lts_2023080224synchronization_internal12PerThreadSem4TickEPNS0_13base_internal14ThreadIdentityE
nnstreamer	armv7l	nnstreamer-tensorflow2-lite/usr/lib/nnstreamer/filters/libnnstreamer_filter_tensorflow2-lite.so	libtensorflow2-lite.a	platform_profiler.cc.o	1	_ZN6tflite9profiling27MaybeCreatePlatformProfilerEv
nnstreamer	armv7l	nnstreamer-tensorflow2-lite/usr/lib/nnstreamer/filters/libnnstreamer_filter_tensorflow2-lite.so	libtensorflow2-lite.a	pooling.cc.o	13	_ZN6tflite3gpu13CreatePoolingERKNS0_12OperationDefERKNS0_7GpuInfoERKNS0_19Pooling2DAttributesE;_ZN6tflite3gpu13CreatePoolingERKNS0_12OperationDefERKNS0_7GpuInfoERKNS0_19Pooling3DAttributesE;_ZN6tflite3ops7builtin19Register_L2_POOL_2DEv;_ZN6tflite3ops7builtin20Register_L2_POOL_REFEv;_ZN6tflite3ops7builtin20Register_MAX_POOL_2DEv;_ZN6tflite3ops7builtin21Register_MAX_POOL_REFEv;_ZN6tflite3ops7builtin24Register_AVERAGE_POOL_2DEv;_ZN6tflite3ops7builtin25Register_AVERAGE_POOL_REFEv;_ZN6tflite3ops7builtin28Register_L2_POOL_GENERIC_OPTEv;_ZN6tflite3ops7builtin29Register_MAX_POOL_GENERIC_OPTEv;_ZN6tflite3ops7builtin33Register_AVERAGE_POOL_GENERIC_OPTEv;_ZN6tflite3ops7builtin7pooling4FreeEP13TfLiteContextPv;_ZN6tflite3ops7builtin7pooling4InitEP13TfLiteContextPKcj
nnstreamer	armv7l	nnstreamer-tensorflow2-lite/usr/lib/nnstreamer/filters/libnnstreamer_filter_tensorflow2-lite.so	libtensorflow2-lite.a	portable-api.c.o	29	pthreadpool_get_threads_count;pthreadpool_parallelize_1d;pthreadpool_parallelize_1d_tile_1d;pthreadpool_parallelize_1d_with_thread;pthreadpool_parallelize_1d_with_uarch;pthreadpool_parallelize_2d;pthreadpool_parallelize_2d_tile_1d;pthreadpool_parallelize_2d_tile_1d_with_uarch;pthreadpool_parallelize_2d_tile_1d_with_uarch_with_thread;pthreadpool_parallelize_2d_tile_2d;pthreadpool_parallelize_2d_tile_2d_with_uarch;pthreadpool_parallelize_2d_with_thread;pthreadpool_parallelize_3d;pthreadpool_parallelize_3d_tile_1d;pthreadpool_parallelize_3d_tile_1d_with_thread;pthreadpool_parallelize_3d_tile_1d_with_uarch;pthreadpool_parallelize_3d_tile_1d_with_uarch_with_thread;pthreadpool_parallelize_3d_tile_2d;pthreadpool_parallelize_3d_tile_2d_with_uarch;pthreadpool_parallelize_4d;pthreadpool_parallelize_4d_tile_1d;pthreadpool_parallelize_4d_tile_2d;pthreadpool_parallelize_4d_tile_2d_with_uarch;pthreadpool_parallelize_5d;pthreadpool_parallelize_5d_tile_1d;pthreadpool_parallelize_5d_tile_2d;pthreadpool_parallelize_6d;pthreadpool_parallelize_6d_tile_1d;pthreadpool_parallelize_6d_tile_2d
nnstreamer	armv7l	nnstreamer-tensorflow2-lite/usr/lib/nnstreamer/filters/libnnstreamer_filter_tensorflow2-lite.so	libtensorflow2-lite.a	portable_tensor_utils.cc.o	37	_ZN6tflite12tensor_utils16PortableCwiseAddEPKsS2_iiPs;_ZN6tflite12tensor_utils16PortableCwiseMulEPKsS2_iiiPs;_ZN6tflite12tensor_utils16PortableCwiseMulEPKsS2_iiiiiPa;_ZN6tflite12tensor_utils17ApplyReluToVectorEPKfiPf;_ZN6tflite12tensor_utils17PortableApplyTanhEiPKsiiPs;_ZN6tflite12tensor_utils18ApplyRelu1ToVectorEPKfiPf;_ZN6tflite12tensor_utils18ApplyRelu6ToVectorEPKfiPf;_ZN6tflite12tensor_utils18PortableSub1VectorEPKfiPf;_ZN6tflite12tensor_utils18PortableSub1VectorEPKsiPs;_ZN6tflite12tensor_utils20ApplySignbitToVectorEPKfiPf;_ZN6tflite12tensor_utils20PortableApplySigmoidEPKsiiPs;_ZN6tflite12tensor_utils22PortableApplyLayerNormEPKsS2_PKiiiiiiPs;_ZN6tflite12tensor_utils22PortableApplyTanhFloatEPKsiiiPs;_ZN6tflite12tensor_utils23UnpackDenseInt4IntoInt8EPKaiPa;_ZN6tflite12tensor_utils25PortableApplySigmoidFloatEPKsiiPs;_ZN6tflite12tensor_utils27PortableApplyLayerNormFloatEPKsS2_iiPKiiiPs;_ZN6tflite12tensor_utils28PortableTwoGateSaturatingAddEPKaaS2_aiiiiiiPs;_ZN6tflite12tensor_utils28PortableVectorScalarMultiplyEPKaifPf;_ZN6tflite12tensor_utils30PortableVectorVectorDotProductEPKfS2_i;_ZN6tflite12tensor_utils31PortableMeanStddevNormalizationEPKfPfii;_ZN6tflite12tensor_utils31PortableSymmetricQuantizeFloatsEPKfiPaPfS4_S4_;_ZN6tflite12tensor_utils31PortableSymmetricQuantizeFloatsEPKfiPaffPf;_ZN6tflite12tensor_utils32PortableAsymmetricQuantizeFloatsEPKfiPaPfPi;_ZN6tflite12tensor_utils33PortableMatrixBatchVectorMultiplyEPKaiS2_iiiiiPaa;_ZN6tflite12tensor_utils33PortableMatrixBatchVectorMultiplyEPKsPKaiiPKiiiiiPa;_ZN6tflite12tensor_utils38PortableMatrixScalarMultiplyAccumulateEPKaiiiPi;_ZN6tflite12tensor_utils40PortableBatchVectorBatchVectorDotProductEPKsS2_iiPi;_ZN6tflite12tensor_utils43PortableMatrixBatchVectorMultiplyAccumulateEPKaPKiS2_iiiiiiPiPaPNS_17CpuBackendContextE;_ZN6tflite12tensor_utils43PortableMatrixBatchVectorMultiplyAccumulateEPKaPKiS2_iiiiiiPiPsPNS_17CpuBackendContextE;_ZN6tflite12tensor_utils43PortableMatrixBatchVectorMultiplyAccumulateEPKaiiS2_PKfiPf;_ZN6tflite12tensor_utils43PortableMatrixBatchVectorMultiplyAccumulateEPKaiiS2_PKfiPfS4_PKiPiS8_PbPNS_17CpuBackendContextE;_ZN6tflite12tensor_utils43PortableMatrixBatchVectorMultiplyAccumulateEPKfiiS2_iPf;_ZN6tflite12tensor_utils47PortableVectorBatchVectorCwiseProductAccumulateEPKsiS2_iiiPs;_ZN6tflite12tensor_utils49PortableSparseMatrixBatchVectorMultiplyAccumulateEPKaPKhiiS2_PKfiPfS6_;_ZN6tflite12tensor_utils49PortableSparseMatrixBatchVectorMultiplyAccumulateEPKfPKhiiS2_iPf;_ZN6tflite12tensor_utils52PortableSparseMatrixBatchVectorMultiplyAccumulate1x4EPKfPKiS4_iiS2_iPf;_ZN6tflite12tensor_utils53PortableSparseMatrixBatchVectorMultiplyAccumulate1x16EPKaPKiS4_iiS2_S4_iiiiS4_S4_iiiPa
nnstreamer	armv7l	nnstreamer-tensorflow2-lite/usr/lib/nnstreamer/filters/libnnstreamer_filter_tensorflow2-lite.so	libtensorflow2-lite.a	pow.cc.o	1	_ZN6tflite3ops7builtin12Register_POWEv
nnstreamer	armv7l	nnstreamer-tensorflow2-lite/usr/lib/nnstreamer/filters/libnnstreamer_filter_tensorflow2-lite.so	libtensorflow2-lite.a	precision.cc.o	1	_ZN6tflite3gpu27DeduceDataTypeFromPrecisionENS0_21CalculationsPrecisionE
nnstreamer	armv7l	nnstreamer-tensorflow2-lite/usr/lib/nnstreamer/filters/libnnstreamer_filter_tensorflow2-lite.so	libtensorflow2-lite.a	prelu-nc.c.o	6	xnn_create_prelu_nc_f16;xnn_create_prelu_nc_f32;xnn_reshape_prelu_nc_f16;xnn_reshape_prelu_nc_f32;xnn_setup_prelu_nc_f16;xnn_setup_prelu_nc_f32
nnstreamer	armv7l	nnstreamer-tensorflow2-lite/usr/lib/nnstreamer/filters/libnnstreamer_filter_tensorflow2-lite.so	libtensorflow2-lite.a	prelu.c.o	1	xnn_define_prelu
nnstreamer	armv7l	nnstreamer-tensorflow2-lite/usr/lib/nnstreamer/filters/libnnstreamer_filter_tensorflow2-lite.so	libtensorflow2-lite.a	prelu.cc.o	2	_ZN6tflite3gpu11CreatePReLUERKNS0_15PReLUAttributesENS0_16TensorDescriptorE;_ZN6tflite3gpu11CreatePReLUERKNS0_7GpuInfoERKNS0_12OperationDefERKNS0_15PReLUAttributesE
nnstreamer	armv7l	nnstreamer-tensorflow2-lite/usr/lib/nnstreamer/filters/libnnstreamer_filter_tensorflow2-lite.so	libtensorflow2-lite.a	prepacked_cache.cc.o	6	_ZN3ruy14PrepackedCache17EjectUntilRoomForEi;_ZN3ruy14PrepackedCache3GetEPKvPNS_5PEMatE;_ZN3ruy14PrepackedCache8EjectOneEv;_ZN3ruy14PrepackedCacheD1Ev;_ZN3ruy14PrepackedCacheD2Ev;_ZNK3ruy14PrepackedCache7KeyHashclERKNS0_3KeyE
nnstreamer	armv7l	nnstreamer-tensorflow2-lite/usr/lib/nnstreamer/filters/libnnstreamer_filter_tensorflow2-lite.so	libtensorflow2-lite.a	prepare_packed_matrices.cc.o	1	_ZN3ruy21PreparePackedMatricesEPNS_3CtxEPNS_11TrMulParamsE
nnstreamer	armv7l	nnstreamer-tensorflow2-lite/usr/lib/nnstreamer/filters/libnnstreamer_filter_tensorflow2-lite.so	libtensorflow2-lite.a	program_cache.cc.o	7	_ZN6tflite3gpu2cl12ProgramCache16AddProgramBinaryERKNS1_9CLContextERKNS1_8CLDeviceEyN4absl12lts_202308024SpanIKhEE;_ZN6tflite3gpu2cl12ProgramCache17ProgramDescriptorC1Ey;_ZN6tflite3gpu2cl12ProgramCache17ProgramDescriptorC2Ey;_ZN6tflite3gpu2cl12ProgramCache18AddSerializedCacheERKNS1_9CLContextERKNS1_8CLDeviceEN4absl12lts_202308024SpanIKhEE;_ZN6tflite3gpu2cl12ProgramCacheC1EOS2_;_ZN6tflite3gpu2cl12ProgramCacheC2EOS2_;_ZN6tflite3gpu2cl12ProgramCacheaSEOS2_
nnstreamer	armv7l	nnstreamer-tensorflow2-lite/usr/lib/nnstreamer/filters/libnnstreamer_filter_tensorflow2-lite.so	libtensorflow2-lite.a	pthreads.c.o	2	pthreadpool_create;pthreadpool_destroy
nnstreamer	armv7l	nnstreamer-tensorflow2-lite/usr/lib/nnstreamer/filters/libnnstreamer_filter_tensorflow2-lite.so	libtensorflow2-lite.a	qcom_thin_filter.cc.o	12	_ZN6tflite3gpu2cl14QcomThinFilter20CreateFromDescriptorERKNS0_24QcomThinFilterDescriptorEPNS1_9CLContextE;_ZN6tflite3gpu2cl14QcomThinFilter7ReleaseEv;_ZN6tflite3gpu2cl14QcomThinFilterC1EOS2_;_ZN6tflite3gpu2cl14QcomThinFilterC2EOS2_;_ZN6tflite3gpu2cl14QcomThinFilterD0Ev;_ZN6tflite3gpu2cl14QcomThinFilterD1Ev;_ZN6tflite3gpu2cl14QcomThinFilterD2Ev;_ZN6tflite3gpu2cl14QcomThinFilteraSEOS2_;_ZNK6tflite3gpu2cl14QcomThinFilter15GetGPUResourcesEPKNS0_19GPUObjectDescriptorEPNS1_21GPUResourcesWithValueE;_ZTIN6tflite3gpu2cl14QcomThinFilterE;_ZTSN6tflite3gpu2cl14QcomThinFilterE;_ZTVN6tflite3gpu2cl14QcomThinFilterE
nnstreamer	armv7l	nnstreamer-tensorflow2-lite/usr/lib/nnstreamer/filters/libnnstreamer_filter_tensorflow2-lite.so	libtensorflow2-lite.a	qcom_thin_filter_desc.cc.o	4	_ZNK6tflite3gpu24QcomThinFilterDescriptor15GetGPUResourcesERKNS0_7GpuInfoE;_ZTIN6tflite3gpu24QcomThinFilterDescriptorE;_ZTSN6tflite3gpu24QcomThinFilterDescriptorE;_ZTVN6tflite3gpu24QcomThinFilterDescriptorE
nnstreamer	armv7l	nnstreamer-tensorflow2-lite/usr/lib/nnstreamer/filters/libnnstreamer_filter_tensorflow2-lite.so	libtensorflow2-lite.a	quantization_util.cc.o	17	_ZN6tflite11CheckedLog2EfPi;_ZN6tflite12IntegerFrExpEdPi;_ZN6tflite17FakeQuantizeArrayEfffPKfPff;_ZN6tflite18QuantizeMultiplierEdPiS0_;_ZN6tflite20CalculateInputRadiusEiii;_ZN6tflite20IntegerDoubleCompareEdd;_ZN6tflite21IntegerDoubleMultiplyEdd;_ZN6tflite22NudgeQuantizationRangeEffiiPfS0_S0_;_ZN6tflite23QuantizeMultiplierArrayEPKdjPiS2_;_ZN6tflite24PreprocessSoftmaxScalingEddiPiS0_;_ZN6tflite26DoubleFromFractionAndShiftExi;_ZN6tflite30PreprocessLogSoftmaxScalingExpEddiPiS0_S0_S0_;_ZN6tflite32QuantizeMultiplierGreaterThanOneEdPiS0_;_ZN6tflite35QuantizeMultiplierSmallerThanOneExpEdPiS0_;_ZN6tflite7xnnpack14DequantizeInt8EPKaPfRKNS_12RuntimeShapeEid;_ZN6tflite7xnnpack17DequantizeFloat16EPKtPfj;_ZN6tflite7xnnpack24PerChannelDequantizeInt8EPKaPfRKNS_12RuntimeShapeEPKiPKfi
nnstreamer	armv7l	nnstreamer-tensorflow2-lite/usr/lib/nnstreamer/filters/libnnstreamer_filter_tensorflow2-lite.so	libtensorflow2-lite.a	quantize.cc.o	6	_ZN6tflite3ops7builtin17Register_QUANTIZEEv;_ZN6tflite3ops7builtin21Register_QUANTIZE_OPTEv;_ZN6tflite3ops7builtin21Register_QUANTIZE_REFEv;_ZN6tflite3ops7builtin8quantize4FreeEP13TfLiteContextPv;_ZN6tflite3ops7builtin8quantize4InitEP13TfLiteContextPKcj;_ZN6tflite3ops7builtin8quantize7PrepareEP13TfLiteContextP10TfLiteNode
nnstreamer	armv7l	nnstreamer-tensorflow2-lite/usr/lib/nnstreamer/filters/libnnstreamer_filter_tensorflow2-lite.so	libtensorflow2-lite.a	quantize_and_dequantize.cc.o	1	_ZN6tflite3gpu27CreateQuantizeAndDequantizeERKNS0_12OperationDefERKNS0_31QuantizeAndDequantizeAttributesE
nnstreamer	armv7l	nnstreamer-tensorflow2-lite/usr/lib/nnstreamer/filters/libnnstreamer_filter_tensorflow2-lite.so	libtensorflow2-lite.a	random_ops.cc.o	8	_ZN6tflite3ops7builtin20Register_MULTINOMIALEv;_ZN6tflite3ops7builtin23Register_RANDOM_UNIFORMEv;_ZN6tflite3ops7builtin31Register_RANDOM_STANDARD_NORMALEv;_ZN6tflite3ops7builtin6random15EvalMultinomialEP13TfLiteContextP10TfLiteNode;_ZN6tflite3ops7builtin6random18PrepareMultinomialEP13TfLiteContextP10TfLiteNode;_ZN6tflite3ops7builtin6random4FreeEP13TfLiteContextPv;_ZN6tflite3ops7builtin6random4InitEP13TfLiteContextPKcj;_ZN6tflite3ops7builtin6random7PrepareEP13TfLiteContextP10TfLiteNode
nnstreamer	armv7l	nnstreamer-tensorflow2-lite/usr/lib/nnstreamer/filters/libnnstreamer_filter_tensorflow2-lite.so	libtensorflow2-lite.a	range.cc.o	1	_ZN6tflite3ops7builtin14Register_RANGEEv
nnstreamer	armv7l	nnstreamer-tensorflow2-lite/usr/lib/nnstreamer/filters/libnnstreamer_filter_tensorflow2-lite.so	libtensorflow2-lite.a	rank.cc.o	3	_ZN6tflite3ops7builtin13Register_RANKEv;_ZN6tflite3ops7builtin4rank4EvalEP13TfLiteContextP10TfLiteNode;_ZN6tflite3ops7builtin4rank7PrepareEP13TfLiteContextP10TfLiteNode
nnstreamer	armv7l	nnstreamer-tensorflow2-lite/usr/lib/nnstreamer/filters/libnnstreamer_filter_tensorflow2-lite.so	libtensorflow2-lite.a	raw_hash_set.cc.o	9	_ZN4absl12lts_2023080218container_internal11kEmptyGroupE;_ZN4absl12lts_2023080218container_internal13EraseMetaOnlyERNS1_12CommonFieldsEPNS1_6ctrl_tEj;_ZN4absl12lts_2023080218container_internal15EmptyGenerationEv;_ZN4absl12lts_2023080218container_internal17ClearBackingArrayERNS1_12CommonFieldsERKNS1_15PolicyFunctionsEb;_ZN4absl12lts_2023080218container_internal21ShouldInsertBackwardsEjPKNS1_6ctrl_tE;_ZN4absl12lts_2023080218container_internal24DropDeletesWithoutResizeERNS1_12CommonFieldsERKNS1_15PolicyFunctionsEPv;_ZN4absl12lts_2023080218container_internal29find_first_non_full_outoflineERKNS1_12CommonFieldsEj;_ZN4absl12lts_2023080218container_internal37ConvertDeletedToEmptyAndFullToDeletedEPNS1_6ctrl_tEj;_ZNK4absl12lts_2023080218container_internal33CommonFieldsGenerationInfoEnabled41should_rehash_for_bug_detection_on_insertEPKNS1_6ctrl_tEj
nnstreamer	armv7l	nnstreamer-tensorflow2-lite/usr/lib/nnstreamer/filters/libnnstreamer_filter_tensorflow2-lite.so	libtensorflow2-lite.a	raw_logging.cc.o	5	_ZN4absl12lts_2023080216raw_log_internal17RegisterAbortHookEPFvPKciS3_S3_S3_E;_ZN4absl12lts_2023080216raw_log_internal24RawLoggingFullySupportedEv;_ZN4absl12lts_2023080216raw_log_internal25AsyncSignalSafeWriteErrorEPKcj;_ZN4absl12lts_2023080216raw_log_internal30RegisterLogFilterAndPrefixHookEPFbNS0_11LogSeverityEPKciPPcPiE;_ZN4absl12lts_2023080216raw_log_internal6RawLogENS0_11LogSeverityEPKciS4_z
nnstreamer	armv7l	nnstreamer-tensorflow2-lite/usr/lib/nnstreamer/filters/libnnstreamer_filter_tensorflow2-lite.so	libtensorflow2-lite.a	read_variable.cc.o	3	_ZN6tflite3ops7builtin13read_variable4EvalEP13TfLiteContextP10TfLiteNode;_ZN6tflite3ops7builtin13read_variable7PrepareEP13TfLiteContextP10TfLiteNode;_ZN6tflite3ops7builtin22Register_READ_VARIABLEEv
nnstreamer	armv7l	nnstreamer-tensorflow2-lite/usr/lib/nnstreamer/filters/libnnstreamer_filter_tensorflow2-lite.so	libtensorflow2-lite.a	reciprocal-square-root.c.o	1	xnn_define_reciprocal_square_root
nnstreamer	armv7l	nnstreamer-tensorflow2-lite/usr/lib/nnstreamer/filters/libnnstreamer_filter_tensorflow2-lite.so	libtensorflow2-lite.a	reduce-config.c.o	2	xnn_init_qu8_rdsum_config;xnn_init_qu8_rsum_config
nnstreamer	armv7l	nnstreamer-tensorflow2-lite/usr/lib/nnstreamer/filters/libnnstreamer_filter_tensorflow2-lite.so	libtensorflow2-lite.a	reduce-nd.c.o	9	xnn_create_mean_nd_f16;xnn_create_mean_nd_f32;xnn_create_mean_nd_qs8;xnn_reshape_mean_nd_f16;xnn_reshape_mean_nd_f32;xnn_reshape_mean_nd_qs8;xnn_setup_mean_nd_f16;xnn_setup_mean_nd_f32;xnn_setup_mean_nd_qs8
nnstreamer	armv7l	nnstreamer-tensorflow2-lite/usr/lib/nnstreamer/filters/libnnstreamer_filter_tensorflow2-lite.so	libtensorflow2-lite.a	reduce.cc.o	45	_ZN6tflite3gpu6Reduce13BindArgumentsEPNS0_15ArgumentsBinderE;_ZN6tflite3gpu6ReduceC1EOS1_;_ZN6tflite3gpu6ReduceC2EOS1_;_ZN6tflite3gpu6ReduceaSEOS1_;_ZN6tflite3ops7builtin12Register_SUMEv;_ZN6tflite3ops7builtin13Register_MEANEv;_ZN6tflite3ops7builtin16Register_SUM_OPTEv;_ZN6tflite3ops7builtin16Register_SUM_REFEv;_ZN6tflite3ops7builtin17Register_MEAN_OPTEv;_ZN6tflite3ops7builtin17Register_MEAN_REFEv;_ZN6tflite3ops7builtin19Register_REDUCE_ALLEv;_ZN6tflite3ops7builtin19Register_REDUCE_ANYEv;_ZN6tflite3ops7builtin19Register_REDUCE_MAXEv;_ZN6tflite3ops7builtin19Register_REDUCE_MINEv;_ZN6tflite3ops7builtin20Register_REDUCE_PRODEv;_ZN6tflite3ops7builtin23Register_REDUCE_ALL_OPTEv;_ZN6tflite3ops7builtin23Register_REDUCE_ALL_REFEv;_ZN6tflite3ops7builtin23Register_REDUCE_ANY_OPTEv;_ZN6tflite3ops7builtin23Register_REDUCE_ANY_REFEv;_ZN6tflite3ops7builtin23Register_REDUCE_MAX_OPTEv;_ZN6tflite3ops7builtin23Register_REDUCE_MAX_REFEv;_ZN6tflite3ops7builtin23Register_REDUCE_MIN_OPTEv;_ZN6tflite3ops7builtin23Register_REDUCE_MIN_REFEv;_ZN6tflite3ops7builtin24Register_REDUCE_PROD_OPTEv;_ZN6tflite3ops7builtin24Register_REDUCE_PROD_REFEv;_ZN6tflite3ops7builtin6reduce11PrepareProdEP13TfLiteContextP10TfLiteNode;_ZN6tflite3ops7builtin6reduce11ResolveAxisEPKiiPNS_10MeanParamsE;_ZN6tflite3ops7builtin6reduce13PrepareSimpleEP13TfLiteContextP10TfLiteNode;_ZN6tflite3ops7builtin6reduce14GetOutputShapeEP13TfLiteContextPNS2_9OpContextEPP14TfLiteIntArray;_ZN6tflite3ops7builtin6reduce14ResizeTempAxisEP13TfLiteContextPNS2_9OpContextEP12TfLiteTensor;_ZN6tflite3ops7builtin6reduce14ResizeTempDimsEP13TfLiteContextPNS2_9OpContextEP12TfLiteTensor;_ZN6tflite3ops7builtin6reduce15IsReduceAllDimsEPK12TfLiteTensorii;_ZN6tflite3ops7builtin6reduce15PrepareAllOrAnyEP13TfLiteContextP10TfLiteNode;_ZN6tflite3ops7builtin6reduce15ResizeTempAccumEP13TfLiteContextPNS2_9OpContextEP12TfLiteTensor;_ZN6tflite3ops7builtin6reduce16PrepareMeanOrSumEP13TfLiteContextP10TfLiteNode;_ZN6tflite3ops7builtin6reduce18ResizeOutputTensorEP13TfLiteContextPNS2_9OpContextE;_ZN6tflite3ops7builtin6reduce19GetQuantProdScalingEddi;_ZN6tflite3ops7builtin6reduce20InitializeMeanOutputEP12TfLiteTensor;_ZN6tflite3ops7builtin6reduce21InitializeTemporariesEP13TfLiteContextP10TfLiteNodePNS2_9OpContextE;_ZN6tflite3ops7builtin6reduce4FreeEP13TfLiteContextPv;_ZN6tflite3ops7builtin6reduce4InitEP13TfLiteContextPKcj;_ZNK6tflite3gpu6Reduce11GetGridSizeEv;_ZTIN6tflite3gpu6ReduceE;_ZTSN6tflite3gpu6ReduceE;_ZTVN6tflite3gpu6ReduceE
nnstreamer	armv7l	nnstreamer-tensorflow2-lite/usr/lib/nnstreamer/filters/libnnstreamer_filter_tensorflow2-lite.so	libtensorflow2-lite.a	register.cc.o	4	_ZN6tflite3ops7builtin17BuiltinOpResolverC1Ev;_ZN6tflite3ops7builtin17BuiltinOpResolverC2Ev;_ZN6tflite3ops7builtin28BuiltinOpResolverWithXNNPACKC1Eb;_ZN6tflite3ops7builtin28BuiltinOpResolverWithXNNPACKC2Eb
nnstreamer	armv7l	nnstreamer-tensorflow2-lite/usr/lib/nnstreamer/filters/libnnstreamer_filter_tensorflow2-lite.so	libtensorflow2-lite.a	relu.cc.o	2	_ZN6tflite3gpu10CreateReLUERKNS0_12OperationDefERKNS0_14ReLUAttributesE;_ZN6tflite3gpu10CreateReLUERKNS0_14ReLUAttributesENS0_21CalculationsPrecisionE
nnstreamer	armv7l	nnstreamer-tensorflow2-lite/usr/lib/nnstreamer/filters/libnnstreamer_filter_tensorflow2-lite.so	libtensorflow2-lite.a	remove_noop.cc.o	5	_ZN6tflite3gpu23NewRemoveSingleInputAddEv;_ZN6tflite3gpu24NewRemoveIdentityReshapeEv;_ZN6tflite3gpu26NewRemoveSingleInputConcatEv;_ZN6tflite3gpu29NewRemoveDegenerateUpsamplingEv;_ZN6tflite3gpu29NewRemoveIdentityStridedSliceEv
nnstreamer	armv7l	nnstreamer-tensorflow2-lite/usr/lib/nnstreamer/filters/libnnstreamer_filter_tensorflow2-lite.so	libtensorflow2-lite.a	resampler.cc.o	1	_ZN6tflite3gpu15CreateResamplerERKNS0_7GpuInfoERKNS0_12OperationDefE
nnstreamer	armv7l	nnstreamer-tensorflow2-lite/usr/lib/nnstreamer/filters/libnnstreamer_filter_tensorflow2-lite.so	libtensorflow2-lite.a	reshape-helpers.c.o	2	resize_binary_elementwise_output_tensor;resize_unary_elementwise_output_tensor
nnstreamer	armv7l	nnstreamer-tensorflow2-lite/usr/lib/nnstreamer/filters/libnnstreamer_filter_tensorflow2-lite.so	libtensorflow2-lite.a	reshape.cc.o	8	_ZN6tflite3gpu13CreateReshapeERKNS0_12OperationDefE;_ZN6tflite3ops7builtin16Register_RESHAPEEv;_ZN6tflite3ops7builtin7reshape12ResizeOutputEP13TfLiteContextP10TfLiteNode;_ZN6tflite3ops7builtin7reshape14GetOutputShapeEP13TfLiteContextP10TfLiteNode;_ZN6tflite3ops7builtin7reshape4EvalEP13TfLiteContextP10TfLiteNode;_ZN6tflite3ops7builtin7reshape4FreeEP13TfLiteContextPv;_ZN6tflite3ops7builtin7reshape4InitEP13TfLiteContextPKcj;_ZN6tflite3ops7builtin7reshape7PrepareEP13TfLiteContextP10TfLiteNode
nnstreamer	armv7l	nnstreamer-tensorflow2-lite/usr/lib/nnstreamer/filters/libnnstreamer_filter_tensorflow2-lite.so	libtensorflow2-lite.a	reshapex4.cc.o	1	_ZN6tflite3gpu15CreateReshapex4ERKNS0_12OperationDefE
nnstreamer	armv7l	nnstreamer-tensorflow2-lite/usr/lib/nnstreamer/filters/libnnstreamer_filter_tensorflow2-lite.so	libtensorflow2-lite.a	resize-bilinear-nchw.c.o	7	create_resize_bilinear2d_nchw;xnn_create_resize_bilinear2d_nchw_f16;xnn_create_resize_bilinear2d_nchw_f32;xnn_reshape_resize_bilinear2d_nchw_f16;xnn_reshape_resize_bilinear2d_nchw_f32;xnn_setup_resize_bilinear2d_nchw_f16;xnn_setup_resize_bilinear2d_nchw_f32
nnstreamer	armv7l	nnstreamer-tensorflow2-lite/usr/lib/nnstreamer/filters/libnnstreamer_filter_tensorflow2-lite.so	libtensorflow2-lite.a	resize-bilinear-nhwc.c.o	12	xnn_create_resize_bilinear2d_nhwc_f16;xnn_create_resize_bilinear2d_nhwc_f32;xnn_create_resize_bilinear2d_nhwc_s8;xnn_create_resize_bilinear2d_nhwc_u8;xnn_reshape_resize_bilinear2d_nhwc_f16;xnn_reshape_resize_bilinear2d_nhwc_f32;xnn_reshape_resize_bilinear2d_nhwc_s8;xnn_reshape_resize_bilinear2d_nhwc_u8;xnn_setup_resize_bilinear2d_nhwc_f16;xnn_setup_resize_bilinear2d_nhwc_f32;xnn_setup_resize_bilinear2d_nhwc_s8;xnn_setup_resize_bilinear2d_nhwc_u8
nnstreamer	armv7l	nnstreamer-tensorflow2-lite/usr/lib/nnstreamer/filters/libnnstreamer_filter_tensorflow2-lite.so	libtensorflow2-lite.a	resize.cc.o	22	_ZN6tflite3gpu12CreateResizeERKNS0_12OperationDefERKNS0_18Resize2DAttributesE;_ZN6tflite3gpu14CreateResize3DERKNS0_12OperationDefERKNS0_18Resize3DAttributesE;_ZN6tflite3gpu6Resize13BindArgumentsEPNS0_15ArgumentsBinderE;_ZN6tflite3gpu6ResizeC1EOS1_;_ZN6tflite3gpu6ResizeC1ERKNS0_12OperationDefERKNS0_18Resize2DAttributesE;_ZN6tflite3gpu6ResizeC2EOS1_;_ZN6tflite3gpu6ResizeC2ERKNS0_12OperationDefERKNS0_18Resize2DAttributesE;_ZN6tflite3gpu6ResizeaSEOS1_;_ZN6tflite3gpu8Resize3D13BindArgumentsEPNS0_15ArgumentsBinderE;_ZN6tflite3gpu8Resize3DC1EOS1_;_ZN6tflite3gpu8Resize3DC1ERKNS0_12OperationDefERKNS0_18Resize3DAttributesE;_ZN6tflite3gpu8Resize3DC2EOS1_;_ZN6tflite3gpu8Resize3DC2ERKNS0_12OperationDefERKNS0_18Resize3DAttributesE;_ZN6tflite3gpu8Resize3DaSEOS1_;_ZNK6tflite3gpu6Resize11GetGridSizeEv;_ZNK6tflite3gpu8Resize3D11GetGridSizeEv;_ZTIN6tflite3gpu6ResizeE;_ZTIN6tflite3gpu8Resize3DE;_ZTSN6tflite3gpu6ResizeE;_ZTSN6tflite3gpu8Resize3DE;_ZTVN6tflite3gpu6ResizeE;_ZTVN6tflite3gpu8Resize3DE
nnstreamer	armv7l	nnstreamer-tensorflow2-lite/usr/lib/nnstreamer/filters/libnnstreamer_filter_tensorflow2-lite.so	libtensorflow2-lite.a	resize_bilinear.cc.o	4	_ZN6tflite3ops7builtin15resize_bilinear18ResizeOutputTensorEP13TfLiteContextPK12TfLiteTensorS7_PS5_;_ZN6tflite3ops7builtin15resize_bilinear7PrepareEP13TfLiteContextP10TfLiteNode;_ZN6tflite3ops7builtin24Register_RESIZE_BILINEAREv;_ZN6tflite3ops7builtin28Register_RESIZE_BILINEAR_REFEv
nnstreamer	armv7l	nnstreamer-tensorflow2-lite/usr/lib/nnstreamer/filters/libnnstreamer_filter_tensorflow2-lite.so	libtensorflow2-lite.a	resize_nearest_neighbor.cc.o	6	_ZN6tflite3ops7builtin23resize_nearest_neighbor18ResizeOutputTensorEP13TfLiteContextPK12TfLiteTensorS7_PS5_;_ZN6tflite3ops7builtin23resize_nearest_neighbor7PrepareEP13TfLiteContextP10TfLiteNode;_ZN6tflite3ops7builtin32Register_RESIZE_NEAREST_NEIGHBOREv;_ZN6tflite3ops7builtin36Register_RESIZE_NEAREST_NEIGHBOR_REFEv;_ZN6tflite3ops7builtin41Register_RESIZE_NEAREST_NEIGHBOR_NEON_OPTEv;_ZN6tflite3ops7builtin44Register_RESIZE_NEAREST_NEIGHBOR_GENERIC_OPTEv
nnstreamer	armv7l	nnstreamer-tensorflow2-lite/usr/lib/nnstreamer/filters/libnnstreamer_filter_tensorflow2-lite.so	libtensorflow2-lite.a	resource_variable.cc.o	12	_ZN6tflite8resource16ResourceVariable10AssignFromEPK12TfLiteTensor;_ZN6tflite8resource16ResourceVariableC1EOS1_;_ZN6tflite8resource16ResourceVariableC1Ev;_ZN6tflite8resource16ResourceVariableC2EOS1_;_ZN6tflite8resource16ResourceVariableC2Ev;_ZN6tflite8resource16ResourceVariableD0Ev;_ZN6tflite8resource16ResourceVariableD1Ev;_ZN6tflite8resource16ResourceVariableD2Ev;_ZN6tflite8resource17IsBuiltinResourceEPK12TfLiteTensor;_ZTIN6tflite8resource16ResourceVariableE;_ZTSN6tflite8resource16ResourceVariableE;_ZTVN6tflite8resource16ResourceVariableE
nnstreamer	armv7l	nnstreamer-tensorflow2-lite/usr/lib/nnstreamer/filters/libnnstreamer_filter_tensorflow2-lite.so	libtensorflow2-lite.a	reverse.cc.o	1	_ZN6tflite3ops7builtin19Register_REVERSE_V2Ev
nnstreamer	armv7l	nnstreamer-tensorflow2-lite/usr/lib/nnstreamer/filters/libnnstreamer_filter_tensorflow2-lite.so	libtensorflow2-lite.a	reverse_sequence.cc.o	1	_ZN6tflite3ops7builtin25Register_REVERSE_SEQUENCEEv
nnstreamer	armv7l	nnstreamer-tensorflow2-lite/usr/lib/nnstreamer/filters/libnnstreamer_filter_tensorflow2-lite.so	libtensorflow2-lite.a	rfft2d.cc.o	11	_ZN6tflite3ops7builtin15Register_RFFT2DEv;_ZN6tflite3ops7builtin6rfft2d10Rfft2dImplEiiPPdPiS3_;_ZN6tflite3ops7builtin6rfft2d12IsPowerOfTwoEj;_ZN6tflite3ops7builtin6rfft2d12Rfft2dHelperEP13TfLiteContextP10TfLiteNode;_ZN6tflite3ops7builtin6rfft2d13Rfft2dReorderEiiPPd;_ZN6tflite3ops7builtin6rfft2d18PrepareInputBufferEPKfiiiiPPd;_ZN6tflite3ops7builtin6rfft2d31ResizeOutputandTemporaryTensorsEP13TfLiteContextP10TfLiteNode;_ZN6tflite3ops7builtin6rfft2d4EvalEP13TfLiteContextP10TfLiteNode;_ZN6tflite3ops7builtin6rfft2d4FreeEP13TfLiteContextPv;_ZN6tflite3ops7builtin6rfft2d4InitEP13TfLiteContextPKcj;_ZN6tflite3ops7builtin6rfft2d7PrepareEP13TfLiteContextP10TfLiteNode
nnstreamer	armv7l	nnstreamer-tensorflow2-lite/usr/lib/nnstreamer/filters/libnnstreamer_filter_tensorflow2-lite.so	libtensorflow2-lite.a	right_shift.cc.o	5	_ZN6tflite3ops7builtin11right_shift4EvalEP13TfLiteContextP10TfLiteNode;_ZN6tflite3ops7builtin11right_shift4FreeEP13TfLiteContextPv;_ZN6tflite3ops7builtin11right_shift4InitEP13TfLiteContextPKcj;_ZN6tflite3ops7builtin11right_shift7PrepareEP13TfLiteContextP10TfLiteNode;_ZN6tflite3ops7builtin20Register_RIGHT_SHIFTEv
nnstreamer	armv7l	nnstreamer-tensorflow2-lite/usr/lib/nnstreamer/filters/libnnstreamer_filter_tensorflow2-lite.so	libtensorflow2-lite.a	rng_bit_generator.cc.o	3	_ZN6tflite3ops7builtin27stablehlo_rng_bit_generator4EvalEP13TfLiteContextP10TfLiteNode;_ZN6tflite3ops7builtin27stablehlo_rng_bit_generator7PrepareEP13TfLiteContextP10TfLiteNode;_ZN6tflite3ops7builtin36Register_STABLEHLO_RNG_BIT_GENERATOREv
nnstreamer	armv7l	nnstreamer-tensorflow2-lite/usr/lib/nnstreamer/filters/libnnstreamer_filter_tensorflow2-lite.so	libtensorflow2-lite.a	root_profiler.cc.o	10	_ZN6tflite9profiling12RootProfiler10BeginEventEPKcNS_8Profiler9EventTypeExx;_ZN6tflite9profiling12RootProfiler11AddProfilerEPNS_8ProfilerE;_ZN6tflite9profiling12RootProfiler16AddEventWithDataEPKcNS_8Profiler9EventTypeEPKv;_ZN6tflite9profiling12RootProfiler20RemoveChildProfilersEv;_ZN6tflite9profiling12RootProfiler8AddEventEPKcNS_8Profiler9EventTypeEyxx;_ZN6tflite9profiling12RootProfiler8EndEventEj;_ZN6tflite9profiling12RootProfiler8EndEventEjxx;_ZTIN6tflite9profiling12RootProfilerE;_ZTSN6tflite9profiling12RootProfilerE;_ZTVN6tflite9profiling12RootProfilerE
nnstreamer	armv7l	nnstreamer-tensorflow2-lite/usr/lib/nnstreamer/filters/libnnstreamer_filter_tensorflow2-lite.so	libtensorflow2-lite.a	round.cc.o	3	_ZN6tflite3ops7builtin14Register_ROUNDEv;_ZN6tflite3ops7builtin5round4EvalEP13TfLiteContextP10TfLiteNode;_ZN6tflite3ops7builtin5round7PrepareEP13TfLiteContextP10TfLiteNode
nnstreamer	armv7l	nnstreamer-tensorflow2-lite/usr/lib/nnstreamer/filters/libnnstreamer_filter_tensorflow2-lite.so	libtensorflow2-lite.a	runtime.c.o	18	xnn_create_runtime;xnn_create_runtime_v2;xnn_create_runtime_v3;xnn_create_runtime_v4;xnn_create_weights_cache;xnn_create_weights_cache_with_size;xnn_create_workspace;xnn_delete_runtime;xnn_delete_weights_cache;xnn_get_external_value_shape;xnn_get_runtime_profiling_info;xnn_invoke_runtime;xnn_plan_memory;xnn_release_workspace;xnn_reshape_external_value;xnn_reshape_runtime;xnn_setup_runtime;xnn_setup_runtime_v2
nnstreamer	armv7l	nnstreamer-tensorflow2-lite/usr/lib/nnstreamer/filters/libnnstreamer_filter_tensorflow2-lite.so	libtensorflow2-lite.a	runtime_shape.cc.o	5	_ZN6tflite12RuntimeShape11ReplaceWithEiPKi;_ZN6tflite12RuntimeShapeD1Ev;_ZN6tflite12RuntimeShapeD2Ev;_ZNK6tflite12RuntimeShape4DimsEi;_ZNK6tflite12RuntimeShape8FlatSizeEv
nnstreamer	armv7l	nnstreamer-tensorflow2-lite/usr/lib/nnstreamer/filters/libnnstreamer_filter_tensorflow2-lite.so	libtensorflow2-lite.a	s32-f32-vcvt-neon.c.o	3	xnn_s32_f32_vcvt_ukernel__neon_u12;xnn_s32_f32_vcvt_ukernel__neon_u4;xnn_s32_f32_vcvt_ukernel__neon_u8
nnstreamer	armv7l	nnstreamer-tensorflow2-lite/usr/lib/nnstreamer/filters/libnnstreamer_filter_tensorflow2-lite.so	libtensorflow2-lite.a	s32-f32-vcvt-scalar.c.o	3	xnn_s32_f32_vcvt_ukernel__scalar_u1;xnn_s32_f32_vcvt_ukernel__scalar_u2;xnn_s32_f32_vcvt_ukernel__scalar_u3
nnstreamer	armv7l	nnstreamer-tensorflow2-lite/usr/lib/nnstreamer/filters/libnnstreamer_filter_tensorflow2-lite.so	libtensorflow2-lite.a	s32-vmul-neon.c.o	3	xnn_s32_vmul_ukernel__neon_u12;xnn_s32_vmul_ukernel__neon_u16;xnn_s32_vmul_ukernel__neon_u4
nnstreamer	armv7l	nnstreamer-tensorflow2-lite/usr/lib/nnstreamer/filters/libnnstreamer_filter_tensorflow2-lite.so	libtensorflow2-lite.a	s32-vmul-scalar.c.o	3	xnn_s32_vmul_ukernel__scalar_u1;xnn_s32_vmul_ukernel__scalar_u4;xnn_s32_vmul_ukernel__scalar_u8
nnstreamer	armv7l	nnstreamer-tensorflow2-lite/usr/lib/nnstreamer/filters/libnnstreamer_filter_tensorflow2-lite.so	libtensorflow2-lite.a	s32-vmulc-neon.c.o	3	xnn_s32_vmulc_ukernel__neon_u12;xnn_s32_vmulc_ukernel__neon_u16;xnn_s32_vmulc_ukernel__neon_u4
nnstreamer	armv7l	nnstreamer-tensorflow2-lite/usr/lib/nnstreamer/filters/libnnstreamer_filter_tensorflow2-lite.so	libtensorflow2-lite.a	s32-vmulc-scalar.c.o	3	xnn_s32_vmulc_ukernel__scalar_u1;xnn_s32_vmulc_ukernel__scalar_u4;xnn_s32_vmulc_ukernel__scalar_u8
nnstreamer	armv7l	nnstreamer-tensorflow2-lite/usr/lib/nnstreamer/filters/libnnstreamer_filter_tensorflow2-lite.so	libtensorflow2-lite.a	scatter_nd.cc.o	3	_ZN6tflite3ops7builtin10scatter_nd4EvalEP13TfLiteContextP10TfLiteNode;_ZN6tflite3ops7builtin10scatter_nd7PrepareEP13TfLiteContextP10TfLiteNode;_ZN6tflite3ops7builtin19Register_SCATTER_NDEv
nnstreamer	armv7l	nnstreamer-tensorflow2-lite/usr/lib/nnstreamer/filters/libnnstreamer_filter_tensorflow2-lite.so	libtensorflow2-lite.a	schema_utils.cc.o	2	_ZN6tflite14GetBuiltinCodeEPKNS_12OperatorCodeE;_ZN6tflite14GetBuiltinCodeEPKNS_13OperatorCodeTE
nnstreamer	armv7l	nnstreamer-tensorflow2-lite/usr/lib/nnstreamer/filters/libnnstreamer_filter_tensorflow2-lite.so	libtensorflow2-lite.a	segment_sum.cc.o	4	_ZN6tflite3ops7builtin11segment_sum18ResizeOutputTensorEP13TfLiteContextPK12TfLiteTensorS7_PS5_;_ZN6tflite3ops7builtin11segment_sum4EvalEP13TfLiteContextP10TfLiteNode;_ZN6tflite3ops7builtin11segment_sum7PrepareEP13TfLiteContextP10TfLiteNode;_ZN6tflite3ops7builtin20Register_SEGMENT_SUMEv
nnstreamer	armv7l	nnstreamer-tensorflow2-lite/usr/lib/nnstreamer/filters/libnnstreamer_filter_tensorflow2-lite.so	libtensorflow2-lite.a	select.cc.o	5	_ZN6tflite3ops7builtin15Register_SELECTEv;_ZN6tflite3ops7builtin18Register_SELECT_V2Ev;_ZN6tflite3ops7builtin6select10SelectEvalEP13TfLiteContextP10TfLiteNode;_ZN6tflite3ops7builtin6select10SelectFreeEP13TfLiteContextPv;_ZN6tflite3ops7builtin6select10SelectInitEP13TfLiteContextPKcj
nnstreamer	armv7l	nnstreamer-tensorflow2-lite/usr/lib/nnstreamer/filters/libnnstreamer_filter_tensorflow2-lite.so	libtensorflow2-lite.a	select_v2.cc.o	1	_ZN6tflite3gpu14CreateSelectV2ERKNS0_12OperationDefERKNS0_18SelectV2AttributesE
nnstreamer	armv7l	nnstreamer-tensorflow2-lite/usr/lib/nnstreamer/filters/libnnstreamer_filter_tensorflow2-lite.so	libtensorflow2-lite.a	serialization.cc.o	1	_ZNK6tflite9delegates18SerializationEntry7SetDataEP13TfLiteContextPKcj
nnstreamer	armv7l	nnstreamer-tensorflow2-lite/usr/lib/nnstreamer/filters/libnnstreamer_filter_tensorflow2-lite.so	libtensorflow2-lite.a	serialization_base.cc.o	14	_ZN6tflite3gpu6DecodeEPKNS0_4data12GPUOperationEPNS0_12GPUOperationE;_ZN6tflite3gpu6DecodeEPKNS0_4data12OperationDefEPNS0_12OperationDefE;_ZN6tflite3gpu6DecodeEPKNS0_4data16BufferDescriptorEPNS0_16BufferDescriptorE;_ZN6tflite3gpu6DecodeEPKNS0_4data16TensorDescriptorEPNS0_16TensorDescriptorE;_ZN6tflite3gpu6DecodeEPKNS0_4data19GPUObjectDescriptorEPNS0_19GPUObjectDescriptorE;_ZN6tflite3gpu6DecodeEPKNS0_4data9ArgumentsEPNS0_9ArgumentsE;_ZN6tflite3gpu6EncodeERKNS0_12GPUOperationEPN11flatbuffers21FlatBufferBuilderImplILb0EEE;_ZN6tflite3gpu6EncodeERKNS0_12OperationDefEPN11flatbuffers21FlatBufferBuilderImplILb0EEE;_ZN6tflite3gpu6EncodeERKNS0_16BufferDescriptorEPN11flatbuffers21FlatBufferBuilderImplILb0EEE;_ZN6tflite3gpu6EncodeERKNS0_16TensorDescriptorEPN11flatbuffers21FlatBufferBuilderImplILb0EEE;_ZN6tflite3gpu6EncodeERKNS0_19GPUObjectDescriptorEPN11flatbuffers21FlatBufferBuilderImplILb0EEE;_ZN6tflite3gpu6EncodeERKNS0_4Vec2IiEEPN11flatbuffers21FlatBufferBuilderImplILb0EEE;_ZN6tflite3gpu6EncodeERKNS0_4Vec3IiEEPN11flatbuffers21FlatBufferBuilderImplILb0EEE;_ZN6tflite3gpu6EncodeERKNS0_9ArgumentsEPN11flatbuffers21FlatBufferBuilderImplILb0EEE
nnstreamer	armv7l	nnstreamer-tensorflow2-lite/usr/lib/nnstreamer/filters/libnnstreamer_filter_tensorflow2-lite.so	libtensorflow2-lite.a	shape.cc.o	7	_ZN6tflite3gpu12GetAxisIndexENS0_6LayoutENS0_4AxisE;_ZN6tflite3gpu4SizeENS0_6LayoutE;_ZN6tflite3gpu7GetAxisENS0_6LayoutEi;_ZN6tflite3gpu7HasAxisENS0_6LayoutENS0_4AxisE;_ZN6tflite3ops7builtin14Register_SHAPEEv;_ZN6tflite3ops7builtin5shape4EvalEP13TfLiteContextP10TfLiteNode;_ZN6tflite3ops7builtin5shape7PrepareEP13TfLiteContextP10TfLiteNode
nnstreamer	armv7l	nnstreamer-tensorflow2-lite/usr/lib/nnstreamer/filters/libnnstreamer_filter_tensorflow2-lite.so	libtensorflow2-lite.a	sigmoid.c.o	1	xnn_define_sigmoid
nnstreamer	armv7l	nnstreamer-tensorflow2-lite/usr/lib/nnstreamer/filters/libnnstreamer_filter_tensorflow2-lite.so	libtensorflow2-lite.a	sign.cc.o	2	_ZN6tflite3ops7builtin13Register_SIGNEv;_ZN6tflite3ops7builtin4sign23PointwiseUnaryOpPrepareEP13TfLiteContextP10TfLiteNode
nnstreamer	armv7l	nnstreamer-tensorflow2-lite/usr/lib/nnstreamer/filters/libnnstreamer_filter_tensorflow2-lite.so	libtensorflow2-lite.a	signature_runner.cc.o	9	_ZN6tflite4impl15SignatureRunner12input_tensorEPKc;_ZN6tflite4impl15SignatureRunner20SetInputBufferHandleEPKciP14TfLiteDelegateb;_ZN6tflite4impl15SignatureRunner21SetOutputBufferHandleEPKciP14TfLiteDelegateb;_ZN6tflite4impl15SignatureRunner33SetCustomAllocationForInputTensorEPKcRK22TfLiteCustomAllocationx;_ZN6tflite4impl15SignatureRunner34SetCustomAllocationForOutputTensorEPKcRK22TfLiteCustomAllocationx;_ZN6tflite4impl15SignatureRunner6InvokeEv;_ZN6tflite4impl15SignatureRunnerC1EPKNS_8internal12SignatureDefEPNS_8SubgraphE;_ZN6tflite4impl15SignatureRunnerC2EPKNS_8internal12SignatureDefEPNS_8SubgraphE;_ZNK6tflite4impl15SignatureRunner13output_tensorEPKc
nnstreamer	armv7l	nnstreamer-tensorflow2-lite/usr/lib/nnstreamer/filters/libnnstreamer_filter_tensorflow2-lite.so	libtensorflow2-lite.a	simple_memory_arena.cc.o	10	_ZN6tflite17SimpleMemoryArena10PurgeAfterEi;_ZN6tflite17SimpleMemoryArena11ResetAllocsEv;_ZN6tflite17SimpleMemoryArena12ResolveAllocEP13TfLiteContextRKNS_27ArenaAllocWithUsageIntervalEPPc;_ZN6tflite17SimpleMemoryArena13ReleaseBufferEv;_ZN6tflite17SimpleMemoryArena17PurgeActiveAllocsEi;_ZN6tflite17SimpleMemoryArena6CommitEPb;_ZN6tflite17SimpleMemoryArena8AllocateEP13TfLiteContextjjiiiPNS_27ArenaAllocWithUsageIntervalE;_ZN6tflite17SimpleMemoryArena9ClearPlanEv;_ZN6tflite22ResizableAlignedBuffer6ResizeEj;_ZN6tflite22ResizableAlignedBuffer7ReleaseEv
nnstreamer	armv7l	nnstreamer-tensorflow2-lite/usr/lib/nnstreamer/filters/libnnstreamer_filter_tensorflow2-lite.so	libtensorflow2-lite.a	simple_selectors.cc.o	11	_ZN6tflite3gpu10SelectLSTMERKNS0_12OperationDefERKNS0_7GpuInfoE;_ZN6tflite3gpu10SelectReLUERKNS0_14ReLUAttributesERKNS0_12OperationDefE;_ZN6tflite3gpu10SelectTileERKNS0_12OperationDefERKNS0_11StrongShapeILNS0_6LayoutE10EEE;_ZN6tflite3gpu11SelectPReLUERKNS0_15PReLUAttributesERKNS0_7GpuInfoERKNS0_12OperationDefE;_ZN6tflite3gpu13SelectPoolingERKNS0_19Pooling2DAttributesERKNS0_7GpuInfoERKNS0_12OperationDefE;_ZN6tflite3gpu15SelectResamplerERKNS0_12OperationDefERKNS0_7GpuInfoE;_ZN6tflite3gpu18SelectMaxUnpoolingERKNS0_24MaxUnpooling2DAttributesERKNS0_7GpuInfoERKNS0_12OperationDefE;_ZN6tflite3gpu21SelectWinograd36To4x4ERKNS0_7GpuInfoERKNS0_12OperationDefERKNS0_6TensorINS0_11StrongShapeILNS0_6LayoutE2EEELNS0_8DataTypeE2EEE;_ZN6tflite3gpu21SelectWinograd4x4To36ERKNS0_7GpuInfoERKNS0_9Padding2DERKNS0_12OperationDefE;_ZN6tflite3gpu27SelectQuantizeAndDequantizeERKNS0_31QuantizeAndDequantizeAttributesERKNS0_12OperationDefE;_ZN6tflite3gpu33SelectDWConvolutionDynamicWeightsERKNS0_32DepthwiseConvolution2DAttributesERKNS0_7GpuInfoERKNS0_12OperationDefE
nnstreamer	armv7l	nnstreamer-tensorflow2-lite/usr/lib/nnstreamer/filters/libnnstreamer_filter_tensorflow2-lite.so	libtensorflow2-lite.a	skip_gram.cc.o	1	_ZN6tflite3ops7builtin18Register_SKIP_GRAMEv
nnstreamer	armv7l	nnstreamer-tensorflow2-lite/usr/lib/nnstreamer/filters/libnnstreamer_filter_tensorflow2-lite.so	libtensorflow2-lite.a	slice-nd.c.o	10	xnn_create_slice_nd_x16;xnn_create_slice_nd_x32;xnn_create_slice_nd_x8;xnn_reshape_slice_nd_x16;xnn_reshape_slice_nd_x32;xnn_reshape_slice_nd_x8;xnn_run_slice_nd_x32;xnn_setup_slice_nd_x16;xnn_setup_slice_nd_x32;xnn_setup_slice_nd_x8
nnstreamer	armv7l	nnstreamer-tensorflow2-lite/usr/lib/nnstreamer/filters/libnnstreamer_filter_tensorflow2-lite.so	libtensorflow2-lite.a	slice.cc.o	5	_ZN6tflite3ops7builtin14Register_SLICEEv;_ZN6tflite3ops7builtin18Register_SLICE_REFEv;_ZN6tflite3ops7builtin5slice12ShapeHasRankEPK14TfLiteIntArray;_ZN6tflite3ops7builtin5slice17ResizeOutputShapeEP13TfLiteContextPK12TfLiteTensorS7_S7_PS5_;_ZN6tflite3ops7builtin5slice7PrepareEP13TfLiteContextP10TfLiteNode
nnstreamer	armv7l	nnstreamer-tensorflow2-lite/usr/lib/nnstreamer/filters/libnnstreamer_filter_tensorflow2-lite.so	libtensorflow2-lite.a	softmax-nc.c.o	9	xnn_create_softmax_nc_f16;xnn_create_softmax_nc_f32;xnn_create_softmax_nc_qu8;xnn_reshape_softmax_nc_f16;xnn_reshape_softmax_nc_f32;xnn_reshape_softmax_nc_qu8;xnn_setup_softmax_nc_f16;xnn_setup_softmax_nc_f32;xnn_setup_softmax_nc_qu8
nnstreamer	armv7l	nnstreamer-tensorflow2-lite/usr/lib/nnstreamer/filters/libnnstreamer_filter_tensorflow2-lite.so	libtensorflow2-lite.a	softmax.c.o	1	xnn_define_softmax
nnstreamer	armv7l	nnstreamer-tensorflow2-lite/usr/lib/nnstreamer/filters/libnnstreamer_filter_tensorflow2-lite.so	libtensorflow2-lite.a	softmax.cc.o	1	_ZN6tflite3gpu13CreateSoftmaxERKNS0_12OperationDefERKNS0_7GpuInfoERKNS0_11StrongShapeILNS0_6LayoutE10EEE
nnstreamer	armv7l	nnstreamer-tensorflow2-lite/usr/lib/nnstreamer/filters/libnnstreamer_filter_tensorflow2-lite.so	libtensorflow2-lite.a	softmax1x1.cc.o	11	_ZN6tflite3gpu10Softmax1x113BindArgumentsEPNS0_15ArgumentsBinderE;_ZN6tflite3gpu10Softmax1x1C1EOS1_;_ZN6tflite3gpu10Softmax1x1C1ERKNS0_12OperationDefERKNS0_7GpuInfoERKNS0_11StrongShapeILNS0_6LayoutE10EEE;_ZN6tflite3gpu10Softmax1x1C2EOS1_;_ZN6tflite3gpu10Softmax1x1C2ERKNS0_12OperationDefERKNS0_7GpuInfoERKNS0_11StrongShapeILNS0_6LayoutE10EEE;_ZN6tflite3gpu10Softmax1x1aSEOS1_;_ZN6tflite3gpu16CreateSoftmax1x1ERKNS0_12OperationDefERKNS0_7GpuInfoERKNS0_11StrongShapeILNS0_6LayoutE10EEE;_ZNK6tflite3gpu10Softmax1x111GetGridSizeEv;_ZTIN6tflite3gpu10Softmax1x1E;_ZTSN6tflite3gpu10Softmax1x1E;_ZTVN6tflite3gpu10Softmax1x1E
nnstreamer	armv7l	nnstreamer-tensorflow2-lite/usr/lib/nnstreamer/filters/libnnstreamer_filter_tensorflow2-lite.so	libtensorflow2-lite.a	space-to-depth-2d.c.o	1	xnn_define_space_to_depth_2d
nnstreamer	armv7l	nnstreamer-tensorflow2-lite/usr/lib/nnstreamer/filters/libnnstreamer_filter_tensorflow2-lite.so	libtensorflow2-lite.a	space_to_batch_nd.cc.o	5	_ZN6tflite3ops7builtin17space_to_batch_nd18ResizeOutputTensorEP13TfLiteContextPNS2_21SpaceToBatchNDContextE;_ZN6tflite3ops7builtin17space_to_batch_nd7PrepareEP13TfLiteContextP10TfLiteNode;_ZN6tflite3ops7builtin26Register_SPACE_TO_BATCH_NDEv;_ZN6tflite3ops7builtin30Register_SPACE_TO_BATCH_ND_REFEv;_ZN6tflite3ops7builtin38Register_SPACE_TO_BATCH_ND_GENERIC_OPTEv
nnstreamer	armv7l	nnstreamer-tensorflow2-lite/usr/lib/nnstreamer/filters/libnnstreamer_filter_tensorflow2-lite.so	libtensorflow2-lite.a	space_to_depth.cc.o	6	_ZN6tflite3gpu18CreateDepthToSpaceERKNS0_12OperationDefERKNS0_22SpaceToDepthAttributesE;_ZN6tflite3gpu18CreateSpaceToDepthERKNS0_12OperationDefERKNS0_22SpaceToDepthAttributesE;_ZN6tflite3ops7builtin14space_to_depth7PrepareEP13TfLiteContextP10TfLiteNode;_ZN6tflite3ops7builtin23Register_SPACE_TO_DEPTHEv;_ZN6tflite3ops7builtin27Register_SPACE_TO_DEPTH_REFEv;_ZN6tflite3ops7builtin35Register_SPACE_TO_DEPTH_GENERIC_OPTEv
nnstreamer	armv7l	nnstreamer-tensorflow2-lite/usr/lib/nnstreamer/filters/libnnstreamer_filter_tensorflow2-lite.so	libtensorflow2-lite.a	sparse_to_dense.cc.o	5	_ZN6tflite3ops7builtin15sparse_to_dense17ResizeOutputShapeEP13TfLiteContextPK12TfLiteTensorPS5_;_ZN6tflite3ops7builtin15sparse_to_dense20CheckDimensionsMatchEP13TfLiteContextPK12TfLiteTensorS7_S7_;_ZN6tflite3ops7builtin15sparse_to_dense4EvalEP13TfLiteContextP10TfLiteNode;_ZN6tflite3ops7builtin15sparse_to_dense7PrepareEP13TfLiteContextP10TfLiteNode;_ZN6tflite3ops7builtin24Register_SPARSE_TO_DENSEEv
nnstreamer	armv7l	nnstreamer-tensorflow2-lite/usr/lib/nnstreamer/filters/libnnstreamer_filter_tensorflow2-lite.so	libtensorflow2-lite.a	spectrogram.cc.o	2	_ZN6tflite8internal11Spectrogram10InitializeEii;_ZN6tflite8internal11Spectrogram14ProcessCoreFFTEv
nnstreamer	armv7l	nnstreamer-tensorflow2-lite/usr/lib/nnstreamer/filters/libnnstreamer_filter_tensorflow2-lite.so	libtensorflow2-lite.a	spinlock.cc.o	8	_ZN4absl12lts_2023080213base_internal24RegisterSpinLockProfilerEPFvPKvxE;_ZN4absl12lts_2023080213base_internal8SpinLock10SlowUnlockEj;_ZN4absl12lts_2023080213base_internal8SpinLock16DecodeWaitCyclesEj;_ZN4absl12lts_2023080213base_internal8SpinLock16EncodeWaitCyclesExx;_ZN4absl12lts_2023080213base_internal8SpinLock8SlowLockEv;_ZN4absl12lts_2023080213base_internal8SpinLock8SpinLoopEv;_ZN4absl12lts_2023080213base_internal8SpinLockC1ENS1_14SchedulingModeE;_ZN4absl12lts_2023080213base_internal8SpinLockC2ENS1_14SchedulingModeE
nnstreamer	armv7l	nnstreamer-tensorflow2-lite/usr/lib/nnstreamer/filters/libnnstreamer_filter_tensorflow2-lite.so	libtensorflow2-lite.a	spinlock_wait.cc.o	1	_ZN4absl12lts_2023080213base_internal24SpinLockSuggestedDelayNSEi
nnstreamer	armv7l	nnstreamer-tensorflow2-lite/usr/lib/nnstreamer/filters/libnnstreamer_filter_tensorflow2-lite.so	libtensorflow2-lite.a	split.cc.o	9	_ZN6tflite3ops7builtin14Register_SPLITEv;_ZN6tflite3ops7builtin5split19ResizeOutputTensorsEP13TfLiteContextP10TfLiteNodePK12TfLiteTensorS9_i;_ZN6tflite3ops7builtin5split23UseDynamicOutputTensorsEP13TfLiteContextP10TfLiteNode;_ZN6tflite3ops7builtin5split4EvalEP13TfLiteContextP10TfLiteNode;_ZN6tflite3ops7builtin5split7PrepareEP13TfLiteContextP10TfLiteNode;_ZNK6tflite3gpu5Split11GetGridSizeEv;_ZTIN6tflite3gpu5SplitE;_ZTSN6tflite3gpu5SplitE;_ZTVN6tflite3gpu5SplitE
nnstreamer	armv7l	nnstreamer-tensorflow2-lite/usr/lib/nnstreamer/filters/libnnstreamer_filter_tensorflow2-lite.so	libtensorflow2-lite.a	split_v.cc.o	5	_ZN6tflite3ops7builtin16Register_SPLIT_VEv;_ZN6tflite3ops7builtin7split_v19ResizeOutputTensorsEP13TfLiteContextP10TfLiteNodePK12TfLiteTensorS9_S9_;_ZN6tflite3ops7builtin7split_v23UseDynamicOutputTensorsEP13TfLiteContextP10TfLiteNode;_ZN6tflite3ops7builtin7split_v4EvalEP13TfLiteContextP10TfLiteNode;_ZN6tflite3ops7builtin7split_v7PrepareEP13TfLiteContextP10TfLiteNode
nnstreamer	armv7l	nnstreamer-tensorflow2-lite/usr/lib/nnstreamer/filters/libnnstreamer_filter_tensorflow2-lite.so	libtensorflow2-lite.a	square-root.c.o	1	xnn_define_square_root
nnstreamer	armv7l	nnstreamer-tensorflow2-lite/usr/lib/nnstreamer/filters/libnnstreamer_filter_tensorflow2-lite.so	libtensorflow2-lite.a	square.c.o	1	xnn_define_square
nnstreamer	armv7l	nnstreamer-tensorflow2-lite/usr/lib/nnstreamer/filters/libnnstreamer_filter_tensorflow2-lite.so	libtensorflow2-lite.a	squared-difference.c.o	1	xnn_define_squared_difference
nnstreamer	armv7l	nnstreamer-tensorflow2-lite/usr/lib/nnstreamer/filters/libnnstreamer_filter_tensorflow2-lite.so	libtensorflow2-lite.a	squared_difference.cc.o	5	_ZN6tflite3ops7builtin18squared_difference4EvalEP13TfLiteContextP10TfLiteNode;_ZN6tflite3ops7builtin18squared_difference4FreeEP13TfLiteContextPv;_ZN6tflite3ops7builtin18squared_difference4InitEP13TfLiteContextPKcj;_ZN6tflite3ops7builtin18squared_difference7PrepareEP13TfLiteContextP10TfLiteNode;_ZN6tflite3ops7builtin27Register_SQUARED_DIFFERENCEEv
nnstreamer	armv7l	nnstreamer-tensorflow2-lite/usr/lib/nnstreamer/filters/libnnstreamer_filter_tensorflow2-lite.so	libtensorflow2-lite.a	squeeze.cc.o	3	_ZN6tflite3ops7builtin16Register_SQUEEZEEv;_ZN6tflite3ops7builtin7squeeze4EvalEP13TfLiteContextP10TfLiteNode;_ZN6tflite3ops7builtin7squeeze7PrepareEP13TfLiteContextP10TfLiteNode
nnstreamer	armv7l	nnstreamer-tensorflow2-lite/usr/lib/nnstreamer/filters/libnnstreamer_filter_tensorflow2-lite.so	libtensorflow2-lite.a	stablehlo_add.cc.o	1	_ZN6tflite3ops7builtin22Register_STABLEHLO_ADDEv
nnstreamer	armv7l	nnstreamer-tensorflow2-lite/usr/lib/nnstreamer/filters/libnnstreamer_filter_tensorflow2-lite.so	libtensorflow2-lite.a	stablehlo_and.cc.o	1	_ZN6tflite3ops7builtin22Register_STABLEHLO_ANDEv
nnstreamer	armv7l	nnstreamer-tensorflow2-lite/usr/lib/nnstreamer/filters/libnnstreamer_filter_tensorflow2-lite.so	libtensorflow2-lite.a	stablehlo_composite.cc.o	7	_ZN6tflite3ops7builtin19stablehlo_composite11Eval_staticEP13TfLiteContextP10TfLiteNodePNS_8SubgraphES8_;_ZN6tflite3ops7builtin19stablehlo_composite12Eval_dynamicEP13TfLiteContextP10TfLiteNodePNS_8SubgraphES8_;_ZN6tflite3ops7builtin19stablehlo_composite4EvalEP13TfLiteContextP10TfLiteNode;_ZN6tflite3ops7builtin19stablehlo_composite4FreeEP13TfLiteContextPv;_ZN6tflite3ops7builtin19stablehlo_composite4InitEP13TfLiteContextPKcj;_ZN6tflite3ops7builtin19stablehlo_composite7PrepareEP13TfLiteContextP10TfLiteNode;_ZN6tflite3ops7builtin28Register_STABLEHLO_COMPOSITEEv
nnstreamer	armv7l	nnstreamer-tensorflow2-lite/usr/lib/nnstreamer/filters/libnnstreamer_filter_tensorflow2-lite.so	libtensorflow2-lite.a	stablehlo_elementwise.cc.o	1	_ZN6tflite3ops7builtin18ElementwisePrepareEP13TfLiteContextP10TfLiteNode
nnstreamer	armv7l	nnstreamer-tensorflow2-lite/usr/lib/nnstreamer/filters/libnnstreamer_filter_tensorflow2-lite.so	libtensorflow2-lite.a	stablehlo_gather.cc.o	3	_ZN6tflite3ops7builtin16stablehlo_gather4EvalEP13TfLiteContextP10TfLiteNode;_ZN6tflite3ops7builtin16stablehlo_gather7PrepareEP13TfLiteContextP10TfLiteNode;_ZN6tflite3ops7builtin25Register_STABLEHLO_GATHEREv
nnstreamer	armv7l	nnstreamer-tensorflow2-lite/usr/lib/nnstreamer/filters/libnnstreamer_filter_tensorflow2-lite.so	libtensorflow2-lite.a	stablehlo_min_max.cc.o	2	_ZN6tflite3ops7builtin26Register_STABLEHLO_MAXIMUMEv;_ZN6tflite3ops7builtin26Register_STABLEHLO_MINIMUMEv
nnstreamer	armv7l	nnstreamer-tensorflow2-lite/usr/lib/nnstreamer/filters/libnnstreamer_filter_tensorflow2-lite.so	libtensorflow2-lite.a	stablehlo_multiply.cc.o	1	_ZN6tflite3ops7builtin27Register_STABLEHLO_MULTIPLYEv
nnstreamer	armv7l	nnstreamer-tensorflow2-lite/usr/lib/nnstreamer/filters/libnnstreamer_filter_tensorflow2-lite.so	libtensorflow2-lite.a	stablehlo_pad.cc.o	1	_ZN6tflite3ops7builtin22Register_STABLEHLO_PADEv
nnstreamer	armv7l	nnstreamer-tensorflow2-lite/usr/lib/nnstreamer/filters/libnnstreamer_filter_tensorflow2-lite.so	libtensorflow2-lite.a	stablehlo_reduce_window.cc.o	2	_ZN6tflite3ops7builtin22Register_REDUCE_WINDOWEv;_ZN6tflite3ops7builtin32Register_STABLEHLO_REDUCE_WINDOWEv
nnstreamer	armv7l	nnstreamer-tensorflow2-lite/usr/lib/nnstreamer/filters/libnnstreamer_filter_tensorflow2-lite.so	libtensorflow2-lite.a	stablehlo_scatter.cc.o	2	_ZN6tflite3ops7builtin17stablehlo_scatter4EvalEP13TfLiteContextP10TfLiteNode;_ZN6tflite3ops7builtin26Register_STABLEHLO_SCATTEREv
nnstreamer	armv7l	nnstreamer-tensorflow2-lite/usr/lib/nnstreamer/filters/libnnstreamer_filter_tensorflow2-lite.so	libtensorflow2-lite.a	stablehlo_shift_left.cc.o	1	_ZN6tflite3ops7builtin29Register_STABLEHLO_SHIFT_LEFTEv
nnstreamer	armv7l	nnstreamer-tensorflow2-lite/usr/lib/nnstreamer/filters/libnnstreamer_filter_tensorflow2-lite.so	libtensorflow2-lite.a	stacktrace.cc.o	7	_ZN4absl12lts_2023080213GetStackTraceEPPvii;_ZN4absl12lts_2023080214GetStackFramesEPPvPiii;_ZN4absl12lts_2023080216SetStackUnwinderEPFiPPvPiiiPKvS3_E;_ZN4absl12lts_2023080218debugging_internal22StackTraceWorksForTestEv;_ZN4absl12lts_2023080220DefaultStackUnwinderEPPvPiiiPKvS3_;_ZN4absl12lts_2023080224GetStackTraceWithContextEPPviiPKvPi;_ZN4absl12lts_2023080225GetStackFramesWithContextEPPvPiiiPKvS3_
nnstreamer	armv7l	nnstreamer-tensorflow2-lite/usr/lib/nnstreamer/filters/libnnstreamer_filter_tensorflow2-lite.so	libtensorflow2-lite.a	static-constant-pad.c.o	1	xnn_define_static_constant_pad
nnstreamer	armv7l	nnstreamer-tensorflow2-lite/usr/lib/nnstreamer/filters/libnnstreamer_filter_tensorflow2-lite.so	libtensorflow2-lite.a	static-mean.c.o	1	xnn_define_static_mean
nnstreamer	armv7l	nnstreamer-tensorflow2-lite/usr/lib/nnstreamer/filters/libnnstreamer_filter_tensorflow2-lite.so	libtensorflow2-lite.a	static-resize-bilinear-2d.c.o	1	xnn_define_static_resize_bilinear_2d
nnstreamer	armv7l	nnstreamer-tensorflow2-lite/usr/lib/nnstreamer/filters/libnnstreamer_filter_tensorflow2-lite.so	libtensorflow2-lite.a	static-slice.c.o	1	xnn_define_static_slice
nnstreamer	armv7l	nnstreamer-tensorflow2-lite/usr/lib/nnstreamer/filters/libnnstreamer_filter_tensorflow2-lite.so	libtensorflow2-lite.a	static-transpose.c.o	1	xnn_define_static_transpose
nnstreamer	armv7l	nnstreamer-tensorflow2-lite/usr/lib/nnstreamer/filters/libnnstreamer_filter_tensorflow2-lite.so	libtensorflow2-lite.a	static_hashtable.cc.o	1	_ZN6tflite8resource8internal21CreateStaticHashtableE10TfLiteTypeS2_
nnstreamer	armv7l	nnstreamer-tensorflow2-lite/usr/lib/nnstreamer/filters/libnnstreamer_filter_tensorflow2-lite.so	libtensorflow2-lite.a	status.cc.o	24	_ZN4absl12lts_2023080210IsDataLossERKNS0_6StatusE;_ZN4absl12lts_2023080210IsInternalERKNS0_6StatusE;_ZN4absl12lts_2023080210IsNotFoundERKNS0_6StatusE;_ZN4absl12lts_2023080211IsCancelledERKNS0_6StatusE;_ZN4absl12lts_2023080212IsOutOfRangeERKNS0_6StatusE;_ZN4absl12lts_2023080213IsUnavailableERKNS0_6StatusE;_ZN4absl12lts_2023080215IsAlreadyExistsERKNS0_6StatusE;_ZN4absl12lts_2023080215IsUnimplementedERKNS0_6StatusE;_ZN4absl12lts_2023080215status_internal14MapToLocalCodeEi;_ZN4absl12lts_2023080217ErrnoToStatusCodeEi;_ZN4absl12lts_2023080217IsInvalidArgumentERKNS0_6StatusE;_ZN4absl12lts_2023080217IsUnauthenticatedERKNS0_6StatusE;_ZN4absl12lts_2023080218IsDeadlineExceededERKNS0_6StatusE;_ZN4absl12lts_2023080218IsPermissionDeniedERKNS0_6StatusE;_ZN4absl12lts_2023080219IsResourceExhaustedERKNS0_6StatusE;_ZN4absl12lts_2023080219StatusMessageAsCStrERKNS0_6StatusE;_ZN4absl12lts_2023080220IsFailedPreconditionERKNS0_6StatusE;_ZN4absl12lts_202308026Status10EqualsSlowERKS1_S3_;_ZN4absl12lts_202308026Status15PrepareToModifyEv;_ZN4absl12lts_202308026Status15UnrefNonInlinedEj;_ZN4absl12lts_202308029IsAbortedERKNS0_6StatusE;_ZN4absl12lts_202308029IsUnknownERKNS0_6StatusE;_ZNK4absl12lts_202308026Status4codeEv;_ZNK4absl12lts_202308026Status8raw_codeEv
nnstreamer	armv7l	nnstreamer-tensorflow2-lite/usr/lib/nnstreamer/filters/libnnstreamer_filter_tensorflow2-lite.so	libtensorflow2-lite.a	stderr_reporter.cc.o	5	_ZN6tflite14StderrReporter6ReportEPKcSt9__va_list;_ZN6tflite20DefaultErrorReporterEv;_ZTIN6tflite14StderrReporterE;_ZTSN6tflite14StderrReporterE;_ZTVN6tflite14StderrReporterE
nnstreamer	armv7l	nnstreamer-tensorflow2-lite/usr/lib/nnstreamer/filters/libnnstreamer_filter_tensorflow2-lite.so	libtensorflow2-lite.a	str_split.cc.o	2	_ZN4absl12lts_202308028ByLengthC1Ei;_ZN4absl12lts_202308028ByLengthC2Ei
nnstreamer	armv7l	nnstreamer-tensorflow2-lite/usr/lib/nnstreamer/filters/libnnstreamer_filter_tensorflow2-lite.so	libtensorflow2-lite.a	strided_slice.cc.o	18	_ZN6tflite3gpu12StridedSlice13BindArgumentsEPNS0_15ArgumentsBinderE;_ZN6tflite3gpu12StridedSliceC1EOS1_;_ZN6tflite3gpu12StridedSliceC1ERKNS0_12OperationDefERKNS0_15SliceAttributesE;_ZN6tflite3gpu12StridedSliceC2EOS1_;_ZN6tflite3gpu12StridedSliceC2ERKNS0_12OperationDefERKNS0_15SliceAttributesE;_ZN6tflite3gpu12StridedSliceaSEOS1_;_ZN6tflite3gpu18CreateStridedSliceERKNS0_12OperationDefERKNS0_15SliceAttributesE;_ZN6tflite3ops7builtin13strided_slice18ResizeOutputTensorEP13TfLiteContextPNS2_19StridedSliceContextE;_ZN6tflite3ops7builtin13strided_slice23BuildStridedSliceParamsEPNS2_19StridedSliceContextEb;_ZN6tflite3ops7builtin13strided_slice4FreeEP13TfLiteContextPv;_ZN6tflite3ops7builtin13strided_slice4InitEP13TfLiteContextPKcj;_ZN6tflite3ops7builtin13strided_slice7PrepareEP13TfLiteContextP10TfLiteNode;_ZN6tflite3ops7builtin22Register_STRIDED_SLICEEv;_ZN6tflite3ops7builtin26Register_STRIDED_SLICE_REFEv;_ZNK6tflite3gpu12StridedSlice11GetGridSizeEv;_ZTIN6tflite3gpu12StridedSliceE;_ZTSN6tflite3gpu12StridedSliceE;_ZTVN6tflite3gpu12StridedSliceE
nnstreamer	armv7l	nnstreamer-tensorflow2-lite/usr/lib/nnstreamer/filters/libnnstreamer_filter_tensorflow2-lite.so	libtensorflow2-lite.a	string_util.cc.o	4	_ZN6tflite13DynamicBuffer13WriteToTensorEP12TfLiteTensorP14TfLiteIntArray;_ZN6tflite13DynamicBuffer21WriteToTensorAsVectorEP12TfLiteTensor;_ZN6tflite13DynamicBuffer9AddStringEPKcj;_ZN6tflite13DynamicBuffer9AddStringERKN4mlir3TFL9StringRefE
nnstreamer	armv7l	nnstreamer-tensorflow2-lite/usr/lib/nnstreamer/filters/libnnstreamer_filter_tensorflow2-lite.so	libtensorflow2-lite.a	string_utils.cc.o	2	_ZN4mlir3TFL19SimpleDynamicBuffer13WriteToBufferEPPc;_ZN4mlir3TFL19SimpleDynamicBuffer9AddStringEPKcj
nnstreamer	armv7l	nnstreamer-tensorflow2-lite/usr/lib/nnstreamer/filters/libnnstreamer_filter_tensorflow2-lite.so	libtensorflow2-lite.a	stringify_sink.cc.o	1	_ZN4absl12lts_2023080216strings_internal13StringifySink6AppendEjc
nnstreamer	armv7l	nnstreamer-tensorflow2-lite/usr/lib/nnstreamer/filters/libnnstreamer_filter_tensorflow2-lite.so	libtensorflow2-lite.a	sub.cc.o	9	_ZN6tflite3ops7builtin12Register_SUBEv;_ZN6tflite3ops7builtin16Register_SUB_REFEv;_ZN6tflite3ops7builtin21Register_SUB_NEON_OPTEv;_ZN6tflite3ops7builtin24Register_SUB_GENERIC_OPTEv;_ZN6tflite3ops7builtin3sub19PrepareGeneralSubOpEP13TfLiteContextPK12TfLiteTensorS7_PS5_P15TfLiteSubParamsPNS2_6OpDataE;_ZN6tflite3ops7builtin3sub20PrepareInt16SubOpPOTEP13TfLiteContextPK12TfLiteTensorS7_PS5_P15TfLiteSubParamsPNS2_6OpDataE;_ZN6tflite3ops7builtin3sub4FreeEP13TfLiteContextPv;_ZN6tflite3ops7builtin3sub4InitEP13TfLiteContextPKcj;_ZN6tflite3ops7builtin3sub7PrepareEP13TfLiteContextP10TfLiteNode
nnstreamer	armv7l	nnstreamer-tensorflow2-lite/usr/lib/nnstreamer/filters/libnnstreamer_filter_tensorflow2-lite.so	libtensorflow2-lite.a	subgraph.c.o	15	xnn_check_nchw_compatibility;xnn_create_subgraph;xnn_delete_subgraph;xnn_insert_clamp_node;xnn_node_clear;xnn_subgraph_add_nodes;xnn_subgraph_analyze_consumers_and_producers;xnn_subgraph_fusion;xnn_subgraph_new_internal_value;xnn_subgraph_new_node;xnn_subgraph_optimize;xnn_subgraph_rewrite_for_fp16;xnn_subgraph_rewrite_for_nchw;xnn_value_clear;xnn_value_copy
nnstreamer	armv7l	nnstreamer-tensorflow2-lite/usr/lib/nnstreamer/filters/libnnstreamer_filter_tensorflow2-lite.so	libtensorflow2-lite.a	subgraph.cc.o	83	_ZN6tflite3gpu21GPUOperationsSubgraph9AddTensorERKNS0_11StrongShapeILNS0_6LayoutE10EEERKNS0_16TensorDescriptorE;_ZN6tflite3gpu21GPUOperationsSubgraph9AddTensorERKNS0_11StrongShapeILNS0_6LayoutE7EEERKNS0_16TensorDescriptorE;_ZN6tflite3gpu21GPUOperationsSubgraph9AddTensorERKNS0_16TensorDescriptorE;_ZN6tflite8Subgraph10AddTensorsEP13TfLiteContextiPi;_ZN6tflite8Subgraph10AddTensorsEiPi;_ZN6tflite8Subgraph10InvokeImplEv;_ZN6tflite8Subgraph11CleanupNodeEi;_ZN6tflite8Subgraph11IsCancelledEv;_ZN6tflite8Subgraph11ReportErrorEPKcz;_ZN6tflite8Subgraph12HasDelegatesEv;_ZN6tflite8Subgraph12ReportErrorCEP13TfLiteContextPKcz;_ZN6tflite8Subgraph12ReserveNodesEi;_ZN6tflite8Subgraph12ResizeTensorEP13TfLiteContextP12TfLiteTensorP14TfLiteIntArray;_ZN6tflite8Subgraph13ReleaseMemoryEv;_ZN6tflite8Subgraph15AllocateTensorsEv;_ZN6tflite8Subgraph15CreateGraphInfoEv;_ZN6tflite8Subgraph15ReportErrorImplEPKcSt9__va_list;_ZN6tflite8Subgraph16GetExecutionPlanEP13TfLiteContextPP14TfLiteIntArray;_ZN6tflite8Subgraph16GetExecutionPlanEPP14TfLiteIntArray;_ZN6tflite8Subgraph16GetModelMetadataEPK13TfLiteContextPKcPS5_Pj;_ZN6tflite8Subgraph16GetModelMetadataEPKcPS2_Pj;_ZN6tflite8Subgraph16RedoAllDelegatesEv;_ZN6tflite8Subgraph16ResizeTensorImplEP12TfLiteTensorP14TfLiteIntArray;_ZN6tflite8Subgraph16UndoAllDelegatesEv;_ZN6tflite8Subgraph17ResizeInputTensorEiPKii;_ZN6tflite8Subgraph18CheckTensorIndicesEPKcPKii;_ZN6tflite8Subgraph18GetExternalContextE25TfLiteExternalContextType;_ZN6tflite8Subgraph18GetExternalContextEP13TfLiteContext25TfLiteExternalContextType;_ZN6tflite8Subgraph18RemoveAllDelegatesEv;_ZN6tflite8Subgraph18RemoveUnusedInputsEv;_ZN6tflite8Subgraph18SetExternalContextE25TfLiteExternalContextTypeP21TfLiteExternalContext;_ZN6tflite8Subgraph18SetExternalContextEP13TfLiteContext25TfLiteExternalContextTypeP21TfLiteExternalContext;_ZN6tflite8Subgraph19MayAllocateOpOutputEP10TfLiteNode;_ZN6tflite8Subgraph19SetBufferHandleImplEP13TfLiteContextP12TfLiteTensoriP14TfLiteDelegateb;_ZN6tflite8Subgraph20GetInputTensorsCountEv;_ZN6tflite8Subgraph20PrepareOpsAndTensorsEv;_ZN6tflite8Subgraph20ResetVariableTensorsEv;_ZN6tflite8Subgraph21SwitchToKernelContextEv;_ZN6tflite8Subgraph22AcquireSubgraphContextEP13TfLiteContextiPS2_;_ZN6tflite8Subgraph22AcquireSubgraphContextEiPP13TfLiteContext;_ZN6tflite8Subgraph22GetNodeAndRegistrationEP13TfLiteContextiPP10TfLiteNodePP18TfLiteRegistration;_ZN6tflite8Subgraph22GetNodeAndRegistrationEiPP10TfLiteNodePP18TfLiteRegistration;_ZN6tflite8Subgraph22ReleaseSubgraphContextEP13TfLiteContexti;_ZN6tflite8Subgraph22ReleaseSubgraphContextEi;_ZN6tflite8Subgraph23EnsureMemoryAllocationsEv;_ZN6tflite8Subgraph23ModifyGraphWithDelegateEP14TfLiteDelegate;_ZN6tflite8Subgraph23SetCancellationFunctionEPvPFbS1_E;_ZN6tflite8Subgraph23SwitchToDelegateContextEv;_ZN6tflite8Subgraph26EnsureTensorDataIsReadableEi;_ZN6tflite8Subgraph26InitializeTensorReleaseMapEv;_ZN6tflite8Subgraph26MaybeReleaseDynamicTensorsERK10TfLiteNodej;_ZN6tflite8Subgraph26ReleaseNonPersistentMemoryEv;_ZN6tflite8Subgraph27EnsureTensorsVectorCapacityEv;_ZN6tflite8Subgraph27ModifyGraphWithDelegateImplEP14TfLiteDelegate;_ZN6tflite8Subgraph27PreviewDelegatePartitioningEP13TfLiteContextPK14TfLiteIntArrayPP20TfLiteDelegateParamsPi;_ZN6tflite8Subgraph27PreviewDelegatePartitioningEPK14TfLiteIntArrayPP20TfLiteDelegateParamsPi;_ZN6tflite8Subgraph27SetTensorParametersReadOnlyEi10TfLiteTypePKcjPKi18TfLiteQuantizationS3_jPKNS_10AllocationEP14TfLiteSparsityj;_ZN6tflite8Subgraph28FreeDelegatePartitioningDataEv;_ZN6tflite8Subgraph28SetCustomAllocationForTensorEiRK22TfLiteCustomAllocationx;_ZN6tflite8Subgraph28SetTensorParametersReadWriteEi10TfLiteTypePKcjPKi18TfLiteQuantizationbjS5_;_ZN6tflite8Subgraph29CheckInputAndOutputForOverlapEPKiiS2_i;_ZN6tflite8Subgraph29OptimizeMemoryForLargeTensorsEi;_ZN6tflite8Subgraph33MarkSubgraphAsDelegationSkippableEi;_ZN6tflite8Subgraph37ReplaceNodeSubsetsWithDelegateKernelsE18TfLiteRegistrationPK14TfLiteIntArrayP14TfLiteDelegate;_ZN6tflite8Subgraph37ReplaceNodeSubsetsWithDelegateKernelsEP13TfLiteContext18TfLiteRegistrationPK14TfLiteIntArrayP14TfLiteDelegate;_ZN6tflite8Subgraph6CancelEv;_ZN6tflite8Subgraph6InvokeEv;_ZN6tflite8Subgraph6OpFreeERK18TfLiteRegistrationPv;_ZN6tflite8Subgraph6OpInitERK18TfLiteRegistrationPKcj;_ZN6tflite8Subgraph7SetNameEPKc;_ZN6tflite8Subgraph8OpInvokeERK18TfLiteRegistrationP10TfLiteNode;_ZN6tflite8Subgraph9OpPrepareERK18TfLiteRegistrationP10TfLiteNode;_ZN6tflite8SubgraphD0Ev;_ZN6tflite8SubgraphD1Ev;_ZN6tflite8SubgraphD2Ev;_ZNK6tflite8Subgraph16IsFullyDelegatedEv;_ZNK6tflite8Subgraph18GetMemoryAllocInfoEPNS0_17SubgraphAllocInfoE;_ZNK6tflite8Subgraph21OpMightHaveSideEffectEPK10TfLiteNodePK18TfLiteRegistration;_ZNK6tflite8Subgraph23GetNodeInitDataMmapInfoEPK10TfLiteNodePiPxS5_;_ZNK6tflite8Subgraph26DumpMemoryPlannerDebugInfoEv;_ZTIN6tflite8SubgraphE;_ZTSN6tflite8SubgraphE;_ZTVN6tflite8SubgraphE
nnstreamer	armv7l	nnstreamer-tensorflow2-lite/usr/lib/nnstreamer/filters/libnnstreamer_filter_tensorflow2-lite.so	libtensorflow2-lite.a	substitute.cc.o	6	_ZN4absl12lts_2023080219substitute_internal3ArgC1ENS0_3DecE;_ZN4absl12lts_2023080219substitute_internal3ArgC1ENS0_3HexE;_ZN4absl12lts_2023080219substitute_internal3ArgC1EPKv;_ZN4absl12lts_2023080219substitute_internal3ArgC2ENS0_3DecE;_ZN4absl12lts_2023080219substitute_internal3ArgC2ENS0_3HexE;_ZN4absl12lts_2023080219substitute_internal3ArgC2EPKv
nnstreamer	armv7l	nnstreamer-tensorflow2-lite/usr/lib/nnstreamer/filters/libnnstreamer_filter_tensorflow2-lite.so	libtensorflow2-lite.a	subtract.c.o	1	xnn_define_subtract
nnstreamer	armv7l	nnstreamer-tensorflow2-lite/usr/lib/nnstreamer/filters/libnnstreamer_filter_tensorflow2-lite.so	libtensorflow2-lite.a	svdf.cc.o	5	_ZN6tflite3ops7builtin13Register_SVDFEv;_ZN6tflite3ops7builtin4svdf4EvalEP13TfLiteContextP10TfLiteNode;_ZN6tflite3ops7builtin4svdf4FreeEP13TfLiteContextPv;_ZN6tflite3ops7builtin4svdf4InitEP13TfLiteContextPKcj;_ZN6tflite3ops7builtin4svdf7PrepareEP13TfLiteContextP10TfLiteNode
nnstreamer	armv7l	nnstreamer-tensorflow2-lite/usr/lib/nnstreamer/filters/libnnstreamer_filter_tensorflow2-lite.so	libtensorflow2-lite.a	sysinfo.cc.o	4	_ZN4absl12lts_2023080213base_internal12GetCachedTIDEv;_ZN4absl12lts_2023080213base_internal19NominalCPUFrequencyEv;_ZN4absl12lts_2023080213base_internal6GetTIDEv;_ZN4absl12lts_2023080213base_internal7NumCPUsEv
nnstreamer	armv7l	nnstreamer-tensorflow2-lite/usr/lib/nnstreamer/filters/libnnstreamer_filter_tensorflow2-lite.so	libtensorflow2-lite.a	system_aligned_alloc.cc.o	2	_ZN3ruy6detail17SystemAlignedFreeEPv;_ZN3ruy6detail18SystemAlignedAllocEi
nnstreamer	armv7l	nnstreamer-tensorflow2-lite/usr/lib/nnstreamer/filters/libnnstreamer_filter_tensorflow2-lite.so	libtensorflow2-lite.a	tanh.c.o	1	xnn_define_tanh
nnstreamer	armv7l	nnstreamer-tensorflow2-lite/usr/lib/nnstreamer/filters/libnnstreamer_filter_tensorflow2-lite.so	libtensorflow2-lite.a	task_internal.cc.o	11	_ZN19TfLiteExecutionTaskC1Ev;_ZN19TfLiteExecutionTaskC2Ev;_ZN6tflite5async13ExecutionTask15SetBufferHandleE12TfLiteIoTypePKci;_ZN6tflite5async13ExecutionTask15SetBufferHandleEii;_ZN6tflite5async13ExecutionTask18SetSynchronizationE12TfLiteIoTypePKcP21TfLiteSynchronization;_ZN6tflite5async13ExecutionTask18SetSynchronizationEiP21TfLiteSynchronization;_ZNK6tflite5async13ExecutionTask12GetTensorIdxE12TfLiteIoTypePKcPi;_ZNK6tflite5async13ExecutionTask15GetBufferHandleE12TfLiteIoTypePKc;_ZNK6tflite5async13ExecutionTask15GetBufferHandleEi;_ZNK6tflite5async13ExecutionTask18GetSynchronizationE12TfLiteIoTypePKc;_ZNK6tflite5async13ExecutionTask18GetSynchronizationEi
nnstreamer	armv7l	nnstreamer-tensorflow2-lite/usr/lib/nnstreamer/filters/libnnstreamer_filter_tensorflow2-lite.so	libtensorflow2-lite.a	telemetry.cc.o	6	_ZN6tflite9telemetry20TelemetryReportEventEP13TfLiteContextPKc12TfLiteStatus;_ZN6tflite9telemetry22TelemetryReportOpEventEP13TfLiteContextPKcxx12TfLiteStatus;_ZN6tflite9telemetry23TelemetryReportSettingsEP13TfLiteContextPKcPK34TfLiteTelemetryInterpreterSettings;_ZN6tflite9telemetry28TelemetryReportDelegateEventEP13TfLiteContextPKcNS0_15TelemetrySourceEj;_ZN6tflite9telemetry30TelemetryReportDelegateOpEventEP13TfLiteContextPKcxxNS0_15TelemetrySourceEj;_ZN6tflite9telemetry31TelemetryReportDelegateSettingsEP13TfLiteContextPKcNS0_15TelemetrySourceEPKv
nnstreamer	armv7l	nnstreamer-tensorflow2-lite/usr/lib/nnstreamer/filters/libnnstreamer_filter_tensorflow2-lite.so	libtensorflow2-lite.a	tensor.c.o	16	xnn_define_blockwise_quantized_tensor_value;xnn_define_channelwise_quantized_tensor_value;xnn_define_channelwise_quantized_tensor_value_v2;xnn_define_dynamically_quantized_tensor_value;xnn_define_quantized_tensor_value;xnn_define_tensor_value;xnn_shape_multiply_all_dims;xnn_shape_multiply_batch_dims;xnn_shape_multiply_leading_dims;xnn_shape_multiply_non_channel_dims;xnn_shape_multiply_trailing_dims;xnn_tensor_get_dynamic_quant_param_size;xnn_tensor_get_size;xnn_tensor_get_size_by_id;xnn_validate_channelwise_quantized_tensor;xnn_validate_quantized_tensor
nnstreamer	armv7l	nnstreamer-tensorflow2-lite/usr/lib/nnstreamer/filters/libnnstreamer_filter_tensorflow2-lite.so	libtensorflow2-lite.a	tensor.cc.o	23	_ZN6tflite3gpu2cl12CreateTensorERKNS1_9CLContextERKNS0_16TensorDescriptorEPNS1_6TensorE;_ZN6tflite3gpu2cl18CreateTensorSharedERKNS1_9CLContextEP7_cl_memRKNS0_16TensorDescriptorEPNS1_6TensorE;_ZN6tflite3gpu2cl20AllocateTensorMemoryERKNS1_9CLContextERKNS0_16TensorDescriptorEPNS1_8CLMemoryE;_ZN6tflite3gpu2cl31CreateTensorSharedImage2DBufferERKNS1_9CLContextEP7_cl_memRKNS0_16TensorDescriptorEiPNS1_6TensorE;_ZN6tflite3gpu2cl6Tensor20CreateFromDescriptorERKNS0_16TensorDescriptorEPNS1_9CLContextE;_ZN6tflite3gpu2cl6Tensor20UploadDescriptorDataERKNS0_16TensorDescriptorEPNS1_14CLCommandQueueE;_ZN6tflite3gpu2cl6Tensor7ReleaseEv;_ZN6tflite3gpu2cl6Tensor9WriteDataEPKvPNS1_14CLCommandQueueE;_ZN6tflite3gpu2cl6TensorC1EOS2_;_ZN6tflite3gpu2cl6TensorC1EP7_cl_membRKNS0_16TensorDescriptorE;_ZN6tflite3gpu2cl6TensorC1EP7_cl_membS4_RKNS0_16TensorDescriptorE;_ZN6tflite3gpu2cl6TensorC2EOS2_;_ZN6tflite3gpu2cl6TensorC2EP7_cl_membRKNS0_16TensorDescriptorE;_ZN6tflite3gpu2cl6TensorC2EP7_cl_membS4_RKNS0_16TensorDescriptorE;_ZN6tflite3gpu2cl6TensoraSEOS2_;_ZNK6tflite3gpu2cl6Tensor12GetMemoryPtrEv;_ZNK6tflite3gpu2cl6Tensor12ToDescriptorEPNS0_16TensorDescriptorEPNS1_14CLCommandQueueE;_ZNK6tflite3gpu2cl6Tensor15GetGPUResourcesEPKNS0_19GPUObjectDescriptorEPNS1_21GPUResourcesWithValueE;_ZNK6tflite3gpu2cl6Tensor22GetMemoryPtrForWritingEv;_ZNK6tflite3gpu2cl6Tensor8ReadDataEPvPNS1_14CLCommandQueueE;_ZTIN6tflite3gpu2cl6TensorE;_ZTSN6tflite3gpu2cl6TensorE;_ZTVN6tflite3gpu2cl6TensorE
nnstreamer	armv7l	nnstreamer-tensorflow2-lite/usr/lib/nnstreamer/filters/libnnstreamer_filter_tensorflow2-lite.so	libtensorflow2-lite.a	tensor_ctypes.cc.o	1	_ZN6tflite14GetTensorShapeEPK12TfLiteTensor
nnstreamer	armv7l	nnstreamer-tensorflow2-lite/usr/lib/nnstreamer/filters/libnnstreamer_filter_tensorflow2-lite.so	libtensorflow2-lite.a	tensor_desc.cc.o	27	_ZN6tflite3gpu16TensorDescriptor28UpdateToSupportedStorageTypeERKNS0_7GpuInfoERKNS0_11StrongShapeILNS0_6LayoutE10EEE;_ZN6tflite3gpu16TensorDescriptorC1EOS1_;_ZN6tflite3gpu16TensorDescriptorC2EOS1_;_ZN6tflite3gpu16TensorDescriptoraSEOS1_;_ZN6tflite3gpu25CreateHwcTensorDescriptorENS0_8DataTypeENS0_17TensorStorageTypeERKNS0_11StrongShapeILNS0_6LayoutE5EEE;_ZN6tflite3gpu26CreateBhwcTensorDescriptorENS0_8DataTypeENS0_17TensorStorageTypeERKNS0_11StrongShapeILNS0_6LayoutE10EEE;_ZN6tflite3gpu29GetStorageTypeForLinearTensorERKNS0_7GpuInfoENS0_8DataTypeERKNS0_11StrongShapeILNS0_6LayoutE2EEE;_ZN6tflite3gpu36CreateConstantHWVec4TensorDescriptorENS0_8DataTypeENS0_17TensorStorageTypeEiiPKh;_ZNK6tflite3gpu16TensorDescriptor14GetElementSizeEv;_ZNK6tflite3gpu16TensorDescriptor14GetLinearIndexERKNS0_11StrongShapeILNS0_6LayoutE12EEEiiiiii;_ZNK6tflite3gpu16TensorDescriptor14GetStorageDimsEv;_ZNK6tflite3gpu16TensorDescriptor15CopyWithoutDataEPS1_;_ZNK6tflite3gpu16TensorDescriptor15GetGPUResourcesERKNS0_7GpuInfoE;_ZNK6tflite3gpu16TensorDescriptor15GetGpuResourcesERKNS0_11StrongShapeILNS0_6LayoutE12EEEPNS0_28GenericGPUResourcesWithValueE;_ZNK6tflite3gpu16TensorDescriptor17SupportsZeroClampERKNS0_4AxisERKNS0_7GpuInfoE;_ZNK6tflite3gpu16TensorDescriptor18CanReadOutOfBorderERKNS0_4AxisE;_ZNK6tflite3gpu16TensorDescriptor19GetFullTensorRegionEv;_ZNK6tflite3gpu16TensorDescriptor20GetMemorySizeInBytesEv;_ZNK6tflite3gpu16TensorDescriptor22GetSizeInBytesForShapeERKNS0_11StrongShapeILNS0_6LayoutE12EEE;_ZNK6tflite3gpu16TensorDescriptor24CanCreateTensorWithShapeERKNS0_7GpuInfoERKNS0_11StrongShapeILNS0_6LayoutE10EEE;_ZNK6tflite3gpu16TensorDescriptor24CanCreateTensorWithShapeERKNS0_7GpuInfoERKNS0_11StrongShapeILNS0_6LayoutE12EEE;_ZNK6tflite3gpu16TensorDescriptor24ReturnsZeroForNegOneReadERKNS0_7GpuInfoE;_ZNK6tflite3gpu16TensorDescriptor7HasAxisENS0_4AxisE;_ZNK6tflite3gpu16TensorDescriptor8IsLinearEv;_ZTIN6tflite3gpu16TensorDescriptorE;_ZTSN6tflite3gpu16TensorDescriptorE;_ZTVN6tflite3gpu16TensorDescriptorE
nnstreamer	armv7l	nnstreamer-tensorflow2-lite/usr/lib/nnstreamer/filters/libnnstreamer_filter_tensorflow2-lite.so	libtensorflow2-lite.a	tensor_type_util.cc.o	3	_ZN6tflite3gpu2cl12ToDataLayoutENS0_17TensorStorageTypeE;_ZN6tflite3gpu2cl12ToObjectTypeENS0_17TensorStorageTypeE;_ZN6tflite3gpu2cl19ToTensorStorageTypeENS0_10ObjectTypeENS0_10DataLayoutE
nnstreamer	armv7l	nnstreamer-tensorflow2-lite/usr/lib/nnstreamer/filters/libnnstreamer_filter_tensorflow2-lite.so	libtensorflow2-lite.a	tensor_utils.cc.o	42	_ZN6tflite12tensor_utils10Sub1VectorEPKfiPf;_ZN6tflite12tensor_utils10Sub1VectorEPKsiPs;_ZN6tflite12tensor_utils12ApplySigmoidEPKsiiPs;_ZN6tflite12tensor_utils12IsZeroVectorEPKai;_ZN6tflite12tensor_utils12IsZeroVectorEPKfi;_ZN6tflite12tensor_utils13CwiseClippingEPaia;_ZN6tflite12tensor_utils13CwiseClippingEPfif;_ZN6tflite12tensor_utils13CwiseClippingEPsis;_ZN6tflite12tensor_utils14ApplyLayerNormEPKsS2_PKiiiiiiPs;_ZN6tflite12tensor_utils14ApplyTanhFloatEPKsiiiPs;_ZN6tflite12tensor_utils17ApplySigmoidFloatEPKsiiPs;_ZN6tflite12tensor_utils18ReductionSumVectorEPKaPiii;_ZN6tflite12tensor_utils18ReductionSumVectorEPKfPfii;_ZN6tflite12tensor_utils18ReductionSumVectorEPKiPiii;_ZN6tflite12tensor_utils19ApplyLayerNormFloatEPKsS2_iiPKiiiPs;_ZN6tflite12tensor_utils20TwoGateSaturatingAddEPKaaS2_aiiiiiiPs;_ZN6tflite12tensor_utils20VectorScalarMultiplyEPKaifPf;_ZN6tflite12tensor_utils22VectorVectorDotProductEPKfS2_i;_ZN6tflite12tensor_utils23MeanStddevNormalizationEPKfPfii;_ZN6tflite12tensor_utils23SymmetricQuantizeFloatsEPKfiPaPfS4_S4_;_ZN6tflite12tensor_utils23SymmetricQuantizeFloatsEPKfiPaffPf;_ZN6tflite12tensor_utils24AsymmetricQuantizeFloatsEPKfiPaPfPi;_ZN6tflite12tensor_utils25MatrixBatchVectorMultiplyEPKaiS2_iiiiiPaa;_ZN6tflite12tensor_utils25MatrixBatchVectorMultiplyEPKsPKaiiPKiiiiiPa;_ZN6tflite12tensor_utils30MatrixScalarMultiplyAccumulateEPKaiiiPi;_ZN6tflite12tensor_utils32BatchVectorBatchVectorDotProductEPKsS2_iiPi;_ZN6tflite12tensor_utils35MatrixBatchVectorMultiplyAccumulateEPKaPKiS2_iiiiiiPiPaPNS_17CpuBackendContextE;_ZN6tflite12tensor_utils35MatrixBatchVectorMultiplyAccumulateEPKaPKiS2_iiiiiiPiPsPNS_17CpuBackendContextE;_ZN6tflite12tensor_utils35MatrixBatchVectorMultiplyAccumulateEPKaiiS2_PKfiPf;_ZN6tflite12tensor_utils35MatrixBatchVectorMultiplyAccumulateEPKaiiS2_PKfiPfS4_PKiPiS8_PbPNS_17CpuBackendContextE;_ZN6tflite12tensor_utils35MatrixBatchVectorMultiplyAccumulateEPKaiiS2_PKfiPiPfPNS_17CpuBackendContextE;_ZN6tflite12tensor_utils35MatrixBatchVectorMultiplyAccumulateEPKfiiS2_iPf;_ZN6tflite12tensor_utils39VectorBatchVectorCwiseProductAccumulateEPKsiS2_iiiPs;_ZN6tflite12tensor_utils41SparseMatrixBatchVectorMultiplyAccumulateEPKaPKhiiS2_PKfiPfS6_;_ZN6tflite12tensor_utils41SparseMatrixBatchVectorMultiplyAccumulateEPKfPKhiiS2_iPf;_ZN6tflite12tensor_utils44SparseMatrixBatchVectorMultiplyAccumulate1x4EPKfPKiS4_iiS2_iPf;_ZN6tflite12tensor_utils45SparseMatrixBatchVectorMultiplyAccumulate1x16EPKaPKiS4_iiS2_S4_iiiiS4_S4_iiiPa;_ZN6tflite12tensor_utils8CwiseAddEPKsS2_iiPs;_ZN6tflite12tensor_utils8CwiseMulEPKsS2_iiiPs;_ZN6tflite12tensor_utils8CwiseMulEPKsS2_iiiiiPa;_ZN6tflite12tensor_utils9ApplyTanhEiPKsiiPs;_ZN6tflite19ResetVariableTensorEP12TfLiteTensor
nnstreamer	armv7l	nnstreamer-tensorflow2-lite/usr/lib/nnstreamer/filters/libnnstreamer_filter_tensorflow2-lite.so	libtensorflow2-lite.a	tflite_profile.cc.o	4	_ZN6tflite3gpu17GetTfLiteProfilerEv;_ZN6tflite3gpu17SetTfLiteProfilerEPv;_ZN6tflite3gpu22IsTfLiteProfilerActiveEv;_ZN6tflite3gpu23AddTfLiteProfilerEventsEPNS0_13ProfilingInfoE
nnstreamer	armv7l	nnstreamer-tensorflow2-lite/usr/lib/nnstreamer/filters/libnnstreamer_filter_tensorflow2-lite.so	libtensorflow2-lite.a	tflite_with_xnnpack_optional.cc.o	1	_ZN6tflite26MaybeCreateXNNPACKDelegateEP13TfLiteContextNS_17XNNPackQS8OptionsE
nnstreamer	armv7l	nnstreamer-tensorflow2-lite/usr/lib/nnstreamer/filters/libnnstreamer_filter_tensorflow2-lite.so	libtensorflow2-lite.a	thin_pointwise_fuser.cc.o	21	_ZN6tflite3gpu17GetNextLinearNodeERKNS0_12GraphFloat32Ej;_ZN6tflite3gpu18ThinPointwiseFuser10AddAddNodeEj;_ZN6tflite3gpu18ThinPointwiseFuser11AddReluNodeERKNS0_14ReLUAttributesE;_ZN6tflite3gpu18ThinPointwiseFuser11ReserveNodeERKNS0_7GpuInfoEPNS0_4NodeE;_ZN6tflite3gpu18ThinPointwiseFuser12AddPreluNodeERKNS0_15PReLUAttributesE;_ZN6tflite3gpu18ThinPointwiseFuser13AddConv2dDataERKNS0_23Convolution2DAttributesE;_ZN6tflite3gpu18ThinPointwiseFuser13AddConv2dNodeERKNS0_7GpuInfoERKNS0_23Convolution2DAttributesE;_ZN6tflite3gpu18ThinPointwiseFuser14AddConv1x1DataERKNS0_23Convolution2DAttributesE;_ZN6tflite3gpu18ThinPointwiseFuser14AddConv1x1NodeERKNS0_7GpuInfoERKNS0_23Convolution2DAttributesEb;_ZN6tflite3gpu18ThinPointwiseFuser18AddElementwiseNodeEONS0_21ElementwiseDescriptorE;_ZN6tflite3gpu18ThinPointwiseFuser20AddDepthwiseConvDataERKNS0_32DepthwiseConvolution2DAttributesE;_ZN6tflite3gpu18ThinPointwiseFuser20AddDepthwiseConvNodeERKNS0_7GpuInfoERKNS0_32DepthwiseConvolution2DAttributesE;_ZN6tflite3gpu18ThinPointwiseFuser24CreateConstantsGpuBufferERKNS0_7GpuInfoE;_ZN6tflite3gpu18ThinPointwiseFuser26AddElementwiseOneInputNodeERKNS0_7GpuInfoERKNS0_13OperationTypeE;_ZN6tflite3gpu18ThinPointwiseFuser7AddNodeERKNS0_7GpuInfoEi;_ZN6tflite3gpu18ThinPointwiseFuser8FinalizeERKNS0_7GpuInfoEPNS0_21GPUOperationsSubgraphE;_ZNK6tflite3gpu18ThinPointwiseFuser10IsConvNodeEPNS0_4NodeE;_ZNK6tflite3gpu18ThinPointwiseFuser12GetNodeFlopsEPNS0_4NodeE;_ZNK6tflite3gpu18ThinPointwiseFuser12IsDwConvNodeEPNS0_4NodeE;_ZNK6tflite3gpu18ThinPointwiseFuser15IsNodeSupportedERKNS0_7GpuInfoEPNS0_4NodeE;_ZNK6tflite3gpu18ThinPointwiseFuser17IsElementwiseNodeEPNS0_4NodeE
nnstreamer	armv7l	nnstreamer-tensorflow2-lite/usr/lib/nnstreamer/filters/libnnstreamer_filter_tensorflow2-lite.so	libtensorflow2-lite.a	thread_identity.cc.o	3	_ZN4absl12lts_2023080213base_internal24SetCurrentThreadIdentityEPNS1_14ThreadIdentityEPFvPvE;_ZN4absl12lts_2023080213base_internal26ClearCurrentThreadIdentityEv;_ZN4absl12lts_2023080213base_internal30CurrentThreadIdentityIfPresentEv
nnstreamer	armv7l	nnstreamer-tensorflow2-lite/usr/lib/nnstreamer/filters/libnnstreamer_filter_tensorflow2-lite.so	libtensorflow2-lite.a	thread_pool.cc.o	4	_ZN3ruy10ThreadPool11ExecuteImplEiiPNS_4TaskE;_ZN3ruy10ThreadPool13CreateThreadsEi;_ZN3ruy10ThreadPoolD1Ev;_ZN3ruy10ThreadPoolD2Ev
nnstreamer	armv7l	nnstreamer-tensorflow2-lite/usr/lib/nnstreamer/filters/libnnstreamer_filter_tensorflow2-lite.so	libtensorflow2-lite.a	throw_delegate.cc.o	11	_ZN4absl12lts_2023080213base_internal16ThrowStdBadAllocEv;_ZN4absl12lts_2023080213base_internal18ThrowStdLogicErrorEPKc;_ZN4absl12lts_2023080213base_internal18ThrowStdOutOfRangeEPKc;_ZN4absl12lts_2023080213base_internal18ThrowStdRangeErrorEPKc;_ZN4absl12lts_2023080213base_internal19ThrowStdDomainErrorEPKc;_ZN4absl12lts_2023080213base_internal19ThrowStdLengthErrorEPKc;_ZN4absl12lts_2023080213base_internal20ThrowStdRuntimeErrorEPKc;_ZN4absl12lts_2023080213base_internal21ThrowStdOverflowErrorEPKc;_ZN4absl12lts_2023080213base_internal22ThrowStdUnderflowErrorEPKc;_ZN4absl12lts_2023080213base_internal23ThrowStdBadFunctionCallEv;_ZN4absl12lts_2023080213base_internal23ThrowStdInvalidArgumentEPKc
nnstreamer	armv7l	nnstreamer-tensorflow2-lite/usr/lib/nnstreamer/filters/libnnstreamer_filter_tensorflow2-lite.so	libtensorflow2-lite.a	tile.cc.o	7	_ZN6tflite3gpu10CreateTileERKNS0_12OperationDefEi;_ZN6tflite3ops7builtin13Register_TILEEv;_ZN6tflite3ops7builtin4tile4EvalEP13TfLiteContextP10TfLiteNode;_ZN6tflite3ops7builtin4tile4FreeEP13TfLiteContextPv;_ZN6tflite3ops7builtin4tile4InitEP13TfLiteContextPKcj;_ZN6tflite3ops7builtin4tile7PrepareEP13TfLiteContextP10TfLiteNode;_ZN6tflite3ops7builtin4tile8EvalImplEP13TfLiteContextPK12TfLiteTensorS7_PS5_
nnstreamer	armv7l	nnstreamer-tensorflow2-lite/usr/lib/nnstreamer/filters/libnnstreamer_filter_tensorflow2-lite.so	libtensorflow2-lite.a	time.cc.o	22	_ZN4absl12lts_2023080210ToTimespecENS0_4TimeE;_ZN4absl12lts_2023080211ToUniversalENS0_4TimeE;_ZN4absl12lts_2023080211ToUnixNanosENS0_4TimeE;_ZN4absl12lts_2023080212ToChronoTimeENS0_4TimeE;_ZN4absl12lts_2023080212ToUnixMicrosENS0_4TimeE;_ZN4absl12lts_2023080212ToUnixMillisENS0_4TimeE;_ZN4absl12lts_2023080213FromUniversalEx;_ZN4absl12lts_2023080213ToUnixSecondsENS0_4TimeE;_ZN4absl12lts_2023080215ConvertDateTimeExiiiiiNS0_8TimeZoneE;_ZN4absl12lts_2023080215TimeFromTimevalE7timeval;_ZN4absl12lts_2023080216TimeFromTimespecE8timespec;_ZN4absl12lts_202308024ToTMENS0_4TimeENS0_8TimeZoneE;_ZN4absl12lts_202308026FromTMERK2tmNS0_8TimeZoneE;_ZN4absl12lts_202308027ToTimeTENS0_4TimeE;_ZN4absl12lts_202308027ToUDateENS0_4TimeE;_ZN4absl12lts_202308029FromUDateEd;_ZN4absl12lts_202308029ToTimevalENS0_4TimeE;_ZNK4absl12lts_202308024Time2InENS0_8TimeZoneE;_ZNK4absl12lts_202308028TimeZone14NextTransitionENS0_4TimeEPNS1_15CivilTransitionE;_ZNK4absl12lts_202308028TimeZone14PrevTransitionENS0_4TimeEPNS1_15CivilTransitionE;_ZNK4absl12lts_202308028TimeZone2AtENS0_13time_internal4cctz6detail10civil_timeINS2_10second_tagEEE;_ZNK4absl12lts_202308028TimeZone2AtENS0_4TimeE
nnstreamer	armv7l	nnstreamer-tensorflow2-lite/usr/lib/nnstreamer/filters/libnnstreamer_filter_tensorflow2-lite.so	libtensorflow2-lite.a	time_zone_if.cc.o	7	_ZN4absl12lts_2023080213time_internal4cctz10TimeZoneIf3UTCEv;_ZN4absl12lts_2023080213time_internal4cctz10TimeZoneIfD0Ev;_ZN4absl12lts_2023080213time_internal4cctz10TimeZoneIfD1Ev;_ZN4absl12lts_2023080213time_internal4cctz10TimeZoneIfD2Ev;_ZTIN4absl12lts_2023080213time_internal4cctz10TimeZoneIfE;_ZTSN4absl12lts_2023080213time_internal4cctz10TimeZoneIfE;_ZTVN4absl12lts_2023080213time_internal4cctz10TimeZoneIfE
nnstreamer	armv7l	nnstreamer-tensorflow2-lite/usr/lib/nnstreamer/filters/libnnstreamer_filter_tensorflow2-lite.so	libtensorflow2-lite.a	time_zone_impl.cc.o	5	_ZN4absl12lts_2023080213time_internal4cctz9time_zone4Impl24ClearTimeZoneMapTestOnlyEv;_ZN4absl12lts_2023080213time_internal4cctz9time_zone4Impl3UTCEv;_ZN4absl12lts_2023080213time_internal4cctz9time_zone4Impl7UTCImplEv;_ZN4absl12lts_2023080213time_internal4cctz9time_zone4ImplC1Ev;_ZN4absl12lts_2023080213time_internal4cctz9time_zone4ImplC2Ev
nnstreamer	armv7l	nnstreamer-tensorflow2-lite/usr/lib/nnstreamer/filters/libnnstreamer_filter_tensorflow2-lite.so	libtensorflow2-lite.a	time_zone_info.cc.o	11	_ZN4absl12lts_2023080213time_internal4cctz12TimeZoneInfo17ExtendTransitionsEv;_ZN4absl12lts_2023080213time_internal4cctz12TimeZoneInfo3UTCEv;_ZN4absl12lts_2023080213time_internal4cctz12TimeZoneInfo4LoadEPNS2_14ZoneInfoSourceE;_ZNK4absl12lts_2023080213time_internal4cctz12TimeZoneInfo16EquivTransitionsEhh;_ZNK4absl12lts_2023080213time_internal4cctz12TimeZoneInfo8MakeTimeERKNS2_6detail10civil_timeINS4_10second_tagEEE;_ZNK4absl12lts_2023080213time_internal4cctz12TimeZoneInfo9LocalTimeExRKNS2_10TransitionE;_ZNK4absl12lts_2023080213time_internal4cctz12TimeZoneInfo9LocalTimeExRKNS2_14TransitionTypeE;_ZNK4absl12lts_2023080213time_internal4cctz12TimeZoneInfo9TimeLocalERKNS2_6detail10civil_timeINS4_10second_tagEEEx;_ZTIN4absl12lts_2023080213time_internal4cctz12TimeZoneInfoE;_ZTSN4absl12lts_2023080213time_internal4cctz12TimeZoneInfoE;_ZTVN4absl12lts_2023080213time_internal4cctz12TimeZoneInfoE
nnstreamer	armv7l	nnstreamer-tensorflow2-lite/usr/lib/nnstreamer/filters/libnnstreamer_filter_tensorflow2-lite.so	libtensorflow2-lite.a	time_zone_libc.cc.o	4	_ZNK4absl12lts_2023080213time_internal4cctz12TimeZoneLibC8MakeTimeERKNS2_6detail10civil_timeINS4_10second_tagEEE;_ZTIN4absl12lts_2023080213time_internal4cctz12TimeZoneLibCE;_ZTSN4absl12lts_2023080213time_internal4cctz12TimeZoneLibCE;_ZTVN4absl12lts_2023080213time_internal4cctz12TimeZoneLibCE
nnstreamer	armv7l	nnstreamer-tensorflow2-lite/usr/lib/nnstreamer/filters/libnnstreamer_filter_tensorflow2-lite.so	libtensorflow2-lite.a	time_zone_lookup.cc.o	4	_ZN4absl12lts_2023080213time_internal4cctz13utc_time_zoneEv;_ZN4absl12lts_2023080213time_internal4cctz15local_time_zoneEv;_ZNK4absl12lts_2023080213time_internal4cctz9time_zone14effective_implEv;_ZNK4absl12lts_2023080213time_internal4cctz9time_zone6lookupERKNS2_6detail10civil_timeINS4_10second_tagEEE
nnstreamer	armv7l	nnstreamer-tensorflow2-lite/usr/lib/nnstreamer/filters/libnnstreamer_filter_tensorflow2-lite.so	libtensorflow2-lite.a	topk_v2.cc.o	3	_ZN6tflite3ops7builtin16Register_TOPK_V2Ev;_ZN6tflite3ops7builtin7topk_v24EvalEP13TfLiteContextP10TfLiteNode;_ZN6tflite3ops7builtin7topk_v27PrepareEP13TfLiteContextP10TfLiteNode
nnstreamer	armv7l	nnstreamer-tensorflow2-lite/usr/lib/nnstreamer/filters/libnnstreamer_filter_tensorflow2-lite.so	libtensorflow2-lite.a	transpose-nd.c.o	44	create_depth_to_space_nchw2nhwc;reshape_depth_to_space_nchw2nhwc;run_transpose_nd;setup_depth_to_space_nchw2nhwc;xnn_create_depth_to_space_nchw2nhwc_x16;xnn_create_depth_to_space_nchw2nhwc_x32;xnn_create_depth_to_space_nhwc_x16;xnn_create_depth_to_space_nhwc_x32;xnn_create_depth_to_space_nhwc_x8;xnn_create_space_to_depth_nhwc_x16;xnn_create_space_to_depth_nhwc_x32;xnn_create_space_to_depth_nhwc_x8;xnn_create_transpose_nd_x16;xnn_create_transpose_nd_x32;xnn_create_transpose_nd_x64;xnn_create_transpose_nd_x8;xnn_reshape_depth_to_space_nchw2nhwc_x16;xnn_reshape_depth_to_space_nchw2nhwc_x32;xnn_reshape_depth_to_space_nhwc_x16;xnn_reshape_depth_to_space_nhwc_x32;xnn_reshape_depth_to_space_nhwc_x8;xnn_reshape_space_to_depth_nhwc_x16;xnn_reshape_space_to_depth_nhwc_x32;xnn_reshape_space_to_depth_nhwc_x8;xnn_reshape_transpose_nd_x16;xnn_reshape_transpose_nd_x32;xnn_reshape_transpose_nd_x64;xnn_reshape_transpose_nd_x8;xnn_run_transpose_nd_x16;xnn_run_transpose_nd_x32;xnn_run_transpose_nd_x64;xnn_run_transpose_nd_x8;xnn_setup_depth_to_space_nchw2nhwc_x16;xnn_setup_depth_to_space_nchw2nhwc_x32;xnn_setup_depth_to_space_nhwc_x16;xnn_setup_depth_to_space_nhwc_x32;xnn_setup_depth_to_space_nhwc_x8;xnn_setup_space_to_depth_nhwc_x16;xnn_setup_space_to_depth_nhwc_x32;xnn_setup_space_to_depth_nhwc_x8;xnn_setup_transpose_nd_x16;xnn_setup_transpose_nd_x32;xnn_setup_transpose_nd_x64;xnn_setup_transpose_nd_x8
nnstreamer	armv7l	nnstreamer-tensorflow2-lite/usr/lib/nnstreamer/filters/libnnstreamer_filter_tensorflow2-lite.so	libtensorflow2-lite.a	transpose.cc.o	6	_ZN6tflite3gpu15CreateTransposeERKNS0_12OperationDefERKNS0_19TransposeAttributesE;_ZN6tflite3ops7builtin18Register_TRANSPOSEEv;_ZN6tflite3ops7builtin22Register_TRANSPOSE_REFEv;_ZN6tflite3ops7builtin36Register_TRANSPOSE_GENERIC_OPTIMIZEDEv;_ZN6tflite3ops7builtin9transpose18ResizeOutputTensorEP13TfLiteContextPNS2_16TransposeContextE;_ZN6tflite3ops7builtin9transpose7PrepareEP13TfLiteContextP10TfLiteNode
nnstreamer	armv7l	nnstreamer-tensorflow2-lite/usr/lib/nnstreamer/filters/libnnstreamer_filter_tensorflow2-lite.so	libtensorflow2-lite.a	transpose_conv.cc.o	9	_ZN6tflite3ops7builtin14transpose_conv10EvalHybridEP13TfLiteContextP10TfLiteNodePK25TfLiteTransposeConvParamsPNS2_6OpDataEPK12TfLiteTensorSE_SE_PSC_;_ZN6tflite3ops7builtin14transpose_conv12ResizeTensorEP13TfLiteContextPK12TfLiteTensorPS5_;_ZN6tflite3ops7builtin14transpose_conv18ResizeCol2ImTensorEP13TfLiteContextPK12TfLiteTensorS7_S7_PS5_;_ZN6tflite3ops7builtin14transpose_conv25ResizeAndTransposeWeightsEP13TfLiteContextPK12TfLiteTensorPS5_;_ZN6tflite3ops7builtin14transpose_conv4FreeEP13TfLiteContextPv;_ZN6tflite3ops7builtin14transpose_conv4InitEP13TfLiteContextPKcj;_ZN6tflite3ops7builtin23Register_TRANSPOSE_CONVEv;_ZN6tflite3ops7builtin26Register_TRANSPOSECONV_REFEv;_ZN6tflite3ops7builtin34Register_TRANSPOSECONV_GENERIC_OPTEv
nnstreamer	armv7l	nnstreamer-tensorflow2-lite/usr/lib/nnstreamer/filters/libnnstreamer_filter_tensorflow2-lite.so	libtensorflow2-lite.a	transpose_utils.cc.o	3	_ZN6tflite15transpose_utils23IsTranspose2DApplicableERKNS_15TransposeParamsERKNS_12RuntimeShapeEPiS7_;_ZN6tflite15transpose_utils23RemoveOneSizeDimensionsEPNS_12RuntimeShapeES2_PNS_15TransposeParamsE;_ZN6tflite15transpose_utils7FlattenERKNS_12RuntimeShapeES3_RKNS_15TransposeParamsEPS1_S7_PS4_
nnstreamer	armv7l	nnstreamer-tensorflow2-lite/usr/lib/nnstreamer/filters/libnnstreamer_filter_tensorflow2-lite.so	libtensorflow2-lite.a	trmul.cc.o	1	_ZN3ruy5TrMulEPNS_3CtxEPNS_11TrMulParamsE
nnstreamer	armv7l	nnstreamer-tensorflow2-lite/usr/lib/nnstreamer/filters/libnnstreamer_filter_tensorflow2-lite.so	libtensorflow2-lite.a	tune.cc.o	4	_ZN3ruy14TuningResolver10ResolveNowEPNS_7CpuInfoE;_ZN3ruy14TuningResolver7ResolveEPNS_7CpuInfoE;_ZN3ruy14TuningResolverC1Ev;_ZN3ruy14TuningResolverC2Ev
nnstreamer	armv7l	nnstreamer-tensorflow2-lite/usr/lib/nnstreamer/filters/libnnstreamer_filter_tensorflow2-lite.so	libtensorflow2-lite.a	unary-elementwise-nc.c.o	183	xnn_create_abs_nc_f16;xnn_create_abs_nc_f32;xnn_create_bankers_rounding_nc_f16;xnn_create_bankers_rounding_nc_f32;xnn_create_ceiling_nc_f16;xnn_create_ceiling_nc_f32;xnn_create_clamp_nc_f16;xnn_create_clamp_nc_f32;xnn_create_clamp_nc_s8;xnn_create_clamp_nc_u8;xnn_create_convert_nc_f16_f32;xnn_create_convert_nc_f16_qd8;xnn_create_convert_nc_f32_f16;xnn_create_convert_nc_f32_qd8;xnn_create_convert_nc_f32_qp8;xnn_create_convert_nc_f32_qs8;xnn_create_convert_nc_f32_qu8;xnn_create_convert_nc_qs16_qs8;xnn_create_convert_nc_qs8;xnn_create_convert_nc_qs8_f16;xnn_create_convert_nc_qs8_f32;xnn_create_convert_nc_qu8;xnn_create_convert_nc_qu8_f32;xnn_create_copy_nc_x16;xnn_create_copy_nc_x32;xnn_create_copy_nc_x8;xnn_create_elu_nc_f16;xnn_create_elu_nc_f32;xnn_create_exp_nc_f32;xnn_create_floor_nc_f16;xnn_create_floor_nc_f32;xnn_create_gelu_nc_f32;xnn_create_hardswish_nc_f16;xnn_create_hardswish_nc_f32;xnn_create_leaky_relu_nc_f16;xnn_create_leaky_relu_nc_f32;xnn_create_leaky_relu_nc_qs8;xnn_create_leaky_relu_nc_qu8;xnn_create_log_nc_f32;xnn_create_negate_nc_f16;xnn_create_negate_nc_f32;xnn_create_reciprocal_square_root_nc_f16;xnn_create_reciprocal_square_root_nc_f32;xnn_create_sigmoid_nc_f16;xnn_create_sigmoid_nc_f32;xnn_create_square_nc_f16;xnn_create_square_nc_f32;xnn_create_square_root_nc_f16;xnn_create_square_root_nc_f32;xnn_create_tanh_nc_f16;xnn_create_tanh_nc_f32;xnn_create_truncation_nc_f16;xnn_create_truncation_nc_f32;xnn_reshape_abs_nc_f16;xnn_reshape_abs_nc_f32;xnn_reshape_bankers_rounding_nc_f16;xnn_reshape_bankers_rounding_nc_f32;xnn_reshape_ceiling_nc_f16;xnn_reshape_ceiling_nc_f32;xnn_reshape_clamp_nc_f16;xnn_reshape_clamp_nc_f32;xnn_reshape_clamp_nc_s8;xnn_reshape_clamp_nc_u8;xnn_reshape_convert_nc_f16_f32;xnn_reshape_convert_nc_f16_qd8;xnn_reshape_convert_nc_f32_f16;xnn_reshape_convert_nc_f32_qd8;xnn_reshape_convert_nc_f32_qp8;xnn_reshape_convert_nc_f32_qs8;xnn_reshape_convert_nc_f32_qu8;xnn_reshape_convert_nc_qs16_qs8;xnn_reshape_convert_nc_qs8;xnn_reshape_convert_nc_qs8_f16;xnn_reshape_convert_nc_qs8_f32;xnn_reshape_convert_nc_qu8;xnn_reshape_convert_nc_qu8_f32;xnn_reshape_copy_nc_x16;xnn_reshape_copy_nc_x32;xnn_reshape_copy_nc_x8;xnn_reshape_elu_nc_f16;xnn_reshape_elu_nc_f32;xnn_reshape_exp_nc_f32;xnn_reshape_floor_nc_f16;xnn_reshape_floor_nc_f32;xnn_reshape_gelu_nc_f32;xnn_reshape_hardswish_nc_f16;xnn_reshape_hardswish_nc_f32;xnn_reshape_leaky_relu_nc_f16;xnn_reshape_leaky_relu_nc_f32;xnn_reshape_leaky_relu_nc_qs8;xnn_reshape_leaky_relu_nc_qu8;xnn_reshape_log_nc_f32;xnn_reshape_negate_nc_f16;xnn_reshape_negate_nc_f32;xnn_reshape_reciprocal_square_root_nc_f16;xnn_reshape_reciprocal_square_root_nc_f32;xnn_reshape_sigmoid_nc_f16;xnn_reshape_sigmoid_nc_f32;xnn_reshape_square_nc_f16;xnn_reshape_square_nc_f32;xnn_reshape_square_root_nc_f16;xnn_reshape_square_root_nc_f32;xnn_reshape_tanh_nc_f16;xnn_reshape_tanh_nc_f32;xnn_reshape_truncation_nc_f16;xnn_reshape_truncation_nc_f32;xnn_run_abs_nc_f32;xnn_run_bankers_rounding_nc_f32;xnn_run_ceiling_nc_f32;xnn_run_clamp_nc_f32;xnn_run_convert_nc_f16_f32;xnn_run_convert_nc_f32_f16;xnn_run_convert_nc_f32_qs8;xnn_run_convert_nc_f32_qu8;xnn_run_convert_nc_qs16_qs8;xnn_run_convert_nc_qs8_f32;xnn_run_convert_nc_qu8_f32;xnn_run_copy_nc_x32;xnn_run_elu_nc_f32;xnn_run_floor_nc_f32;xnn_run_gelu_nc_f32;xnn_run_hardswish_nc_f32;xnn_run_leaky_relu_nc_f32;xnn_run_negate_nc_f32;xnn_run_reciprocal_square_root_nc_f32;xnn_run_sigmoid_nc_f32;xnn_run_square_nc_f32;xnn_run_square_root_nc_f32;xnn_run_tanh_nc_f32;xnn_run_truncation_nc_f32;xnn_setup_abs_nc_f16;xnn_setup_abs_nc_f32;xnn_setup_bankers_rounding_nc_f16;xnn_setup_bankers_rounding_nc_f32;xnn_setup_ceiling_nc_f16;xnn_setup_ceiling_nc_f32;xnn_setup_clamp_nc_f16;xnn_setup_clamp_nc_f32;xnn_setup_clamp_nc_s8;xnn_setup_clamp_nc_u8;xnn_setup_convert_nc_f16_f32;xnn_setup_convert_nc_f16_qd8;xnn_setup_convert_nc_f32_f16;xnn_setup_convert_nc_f32_qd8;xnn_setup_convert_nc_f32_qp8;xnn_setup_convert_nc_f32_qs8;xnn_setup_convert_nc_f32_qu8;xnn_setup_convert_nc_qs16_qs8;xnn_setup_convert_nc_qs8;xnn_setup_convert_nc_qs8_f16;xnn_setup_convert_nc_qs8_f32;xnn_setup_convert_nc_qu8;xnn_setup_convert_nc_qu8_f32;xnn_setup_copy_nc_x16;xnn_setup_copy_nc_x32;xnn_setup_copy_nc_x8;xnn_setup_elu_nc_f16;xnn_setup_elu_nc_f32;xnn_setup_exp_nc_f32;xnn_setup_floor_nc_f16;xnn_setup_floor_nc_f32;xnn_setup_gelu_nc_f32;xnn_setup_hardswish_nc_f16;xnn_setup_hardswish_nc_f32;xnn_setup_leaky_relu_nc_f16;xnn_setup_leaky_relu_nc_f32;xnn_setup_leaky_relu_nc_qs8;xnn_setup_leaky_relu_nc_qu8;xnn_setup_log_nc_f32;xnn_setup_negate_nc_f16;xnn_setup_negate_nc_f32;xnn_setup_reciprocal_square_root_nc_f16;xnn_setup_reciprocal_square_root_nc_f32;xnn_setup_sigmoid_nc_f16;xnn_setup_sigmoid_nc_f32;xnn_setup_square_nc_f16;xnn_setup_square_nc_f32;xnn_setup_square_root_nc_f16;xnn_setup_square_root_nc_f32;xnn_setup_tanh_nc_f16;xnn_setup_tanh_nc_f32;xnn_setup_truncation_nc_f16;xnn_setup_truncation_nc_f32
nnstreamer	armv7l	nnstreamer-tensorflow2-lite/usr/lib/nnstreamer/filters/libnnstreamer_filter_tensorflow2-lite.so	libtensorflow2-lite.a	unidirectional_sequence_lstm.cc.o	6	_ZN6tflite3ops7builtin28unidirectional_sequence_lstm26CheckInputTensorDimensionsEP13TfLiteContextP10TfLiteNodeiiibb;_ZN6tflite3ops7builtin28unidirectional_sequence_lstm4EvalEP13TfLiteContextP10TfLiteNode;_ZN6tflite3ops7builtin28unidirectional_sequence_lstm4FreeEP13TfLiteContextPv;_ZN6tflite3ops7builtin28unidirectional_sequence_lstm4InitEP13TfLiteContextPKcj;_ZN6tflite3ops7builtin28unidirectional_sequence_lstm7PrepareEP13TfLiteContextP10TfLiteNode;_ZN6tflite3ops7builtin37Register_UNIDIRECTIONAL_SEQUENCE_LSTMEv
nnstreamer	armv7l	nnstreamer-tensorflow2-lite/usr/lib/nnstreamer/filters/libnnstreamer_filter_tensorflow2-lite.so	libtensorflow2-lite.a	unidirectional_sequence_rnn.cc.o	7	_ZN6tflite3ops7builtin27unidirectional_sequence_rnn10EvalHybridEPK12TfLiteTensorS5_S5_S5_PK23TfLiteSequenceRNNParamsPS3_S9_S9_S9_S9_S9_S9_S9_Pb;_ZN6tflite3ops7builtin27unidirectional_sequence_rnn4EvalEP13TfLiteContextP10TfLiteNode;_ZN6tflite3ops7builtin27unidirectional_sequence_rnn4FreeEP13TfLiteContextPv;_ZN6tflite3ops7builtin27unidirectional_sequence_rnn4InitEP13TfLiteContextPKcj;_ZN6tflite3ops7builtin27unidirectional_sequence_rnn7PrepareEP13TfLiteContextP10TfLiteNode;_ZN6tflite3ops7builtin27unidirectional_sequence_rnn9EvalFloatEPK12TfLiteTensorS5_S5_S5_PK23TfLiteSequenceRNNParamsPS3_S9_;_ZN6tflite3ops7builtin36Register_UNIDIRECTIONAL_SEQUENCE_RNNEv
nnstreamer	armv7l	nnstreamer-tensorflow2-lite/usr/lib/nnstreamer/filters/libnnstreamer_filter_tensorflow2-lite.so	libtensorflow2-lite.a	unique.cc.o	5	_ZN6tflite3ops7builtin15Register_UNIQUEEv;_ZN6tflite3ops7builtin6unique4EvalEP13TfLiteContextP10TfLiteNode;_ZN6tflite3ops7builtin6unique4FreeEP13TfLiteContextPv;_ZN6tflite3ops7builtin6unique4InitEP13TfLiteContextPKcj;_ZN6tflite3ops7builtin6unique7PrepareEP13TfLiteContextP10TfLiteNode
nnstreamer	armv7l	nnstreamer-tensorflow2-lite/usr/lib/nnstreamer/filters/libnnstreamer_filter_tensorflow2-lite.so	libtensorflow2-lite.a	unpack.cc.o	1	_ZN6tflite3ops7builtin15Register_UNPACKEv
nnstreamer	armv7l	nnstreamer-tensorflow2-lite/usr/lib/nnstreamer/filters/libnnstreamer_filter_tensorflow2-lite.so	libtensorflow2-lite.a	unpooling-2d.c.o	1	xnn_define_unpooling_2d
nnstreamer	armv7l	nnstreamer-tensorflow2-lite/usr/lib/nnstreamer/filters/libnnstreamer_filter_tensorflow2-lite.so	libtensorflow2-lite.a	unpooling-nhwc.c.o	3	xnn_create_unpooling2d_nhwc_x32;xnn_reshape_unpooling2d_nhwc_x32;xnn_setup_unpooling2d_nhwc_x32
nnstreamer	armv7l	nnstreamer-tensorflow2-lite/usr/lib/nnstreamer/filters/libnnstreamer_filter_tensorflow2-lite.so	libtensorflow2-lite.a	unsorted_segment.cc.o	11	_ZN6tflite3ops7builtin16unsorted_segment11EvalGenericEP13TfLiteContextP10TfLiteNodeNS2_11SegmentTypeE;_ZN6tflite3ops7builtin16unsorted_segment18ResizeOutputTensorEP13TfLiteContextPK12TfLiteTensorS7_S7_PS5_;_ZN6tflite3ops7builtin16unsorted_segment7EvalMaxEP13TfLiteContextP10TfLiteNode;_ZN6tflite3ops7builtin16unsorted_segment7EvalMinEP13TfLiteContextP10TfLiteNode;_ZN6tflite3ops7builtin16unsorted_segment7EvalSumEP13TfLiteContextP10TfLiteNode;_ZN6tflite3ops7builtin16unsorted_segment7PrepareEP13TfLiteContextP10TfLiteNode;_ZN6tflite3ops7builtin16unsorted_segment8EvalProdEP13TfLiteContextP10TfLiteNode;_ZN6tflite3ops7builtin29Register_UNSORTED_SEGMENT_MAXEv;_ZN6tflite3ops7builtin29Register_UNSORTED_SEGMENT_MINEv;_ZN6tflite3ops7builtin29Register_UNSORTED_SEGMENT_SUMEv;_ZN6tflite3ops7builtin30Register_UNSORTED_SEGMENT_PRODEv
nnstreamer	armv7l	nnstreamer-tensorflow2-lite/usr/lib/nnstreamer/filters/libnnstreamer_filter_tensorflow2-lite.so	libtensorflow2-lite.a	utf8.cc.o	1	_ZN4absl12lts_2023080216strings_internal14EncodeUTF8CharEPcDi
nnstreamer	armv7l	nnstreamer-tensorflow2-lite/usr/lib/nnstreamer/filters/libnnstreamer_filter_tensorflow2-lite.so	libtensorflow2-lite.a	util.cc.o	20	_ZN6tflite13BytesRequiredE10TfLiteTypePKijPjP13TfLiteContext;_ZN6tflite13CombineHashesESt16initializer_listIjE;_ZN6tflite13GetSizeOfTypeEP13TfLiteContext10TfLiteTypePj;_ZN6tflite17BuildTfLiteTensorEv;_ZN6tflite20IsUnresolvedCustomOpERK18TfLiteRegistration;_ZN6tflite20IsValidationSubgraphEPKc;_ZN6tflite24CreateUnresolvedCustomOpEPKc;_ZN6tflite24MultiplyAndCheckOverflowEjjPj;_ZN6tflite27EqualArrayAndTfLiteIntArrayEPK14TfLiteIntArrayiPKi;_ZN6tflite28ConvertArrayToTfLiteIntArrayEiPKi;_ZN6tflite3gpu18GetWorkGroupsCountERKNS0_4Vec3IiEES4_;_ZN6tflite3gpu19GetMaskForLastPlaneEi;_ZN6tflite3gpu2cl14CreateCLBufferEP11_cl_contextibPvPP7_cl_mem;_ZN6tflite3gpu2cl15OpenCLSupportedEv;_ZN6tflite3gpu2cl17CreateCLSubBufferEP11_cl_contextP7_cl_memjjbPS5_;_ZN6tflite3gpu2cl17CreateRGBAImage2DEP11_cl_contextiijPvPP7_cl_mem;_ZN6tflite3gpu2cl24ChannelTypeToSizeInBytesEj;_ZN6tflite3gpu2cl27CreateQcomConvolutionFilterEP11_cl_contextiiPP7_cl_memPKv;_ZN6tflite3gpu30GetRecommendedBlockSizeForConvERKNS0_7GpuInfoENS0_21CalculationsPrecisionEi;_ZN6tflite8IsFlexOpEPKc
nnstreamer	armv7l	nnstreamer-tensorflow2-lite/usr/lib/nnstreamer/filters/libnnstreamer_filter_tensorflow2-lite.so	libtensorflow2-lite.a	util.cpp.o	9	_ZN11flatbuffers10FileExistsEPKc;_ZN11flatbuffers13ClassicLocale9instance_E;_ZN11flatbuffers13ClassicLocaleC1Ev;_ZN11flatbuffers13ClassicLocaleC2Ev;_ZN11flatbuffers13ClassicLocaleD1Ev;_ZN11flatbuffers13ClassicLocaleD2Ev;_ZN11flatbuffers21SetFileExistsFunctionEPFbPKcE;_ZN11flatbuffers8SaveFileEPKcS1_jb;_ZN11flatbuffers9DirExistsEPKc
nnstreamer	armv7l	nnstreamer-tensorflow2-lite/usr/lib/nnstreamer/filters/libnnstreamer_filter_tensorflow2-lite.so	libtensorflow2-lite.a	utils.cc.o	13	_ZN6tflite9delegates20GraphPartitionHelper37GetNodesOfFirstNLargestPartitionsImplEii;_ZN6tflite9delegates22AcquireSubgraphContextEPK13TfLiteContextiPPS1_;_ZN6tflite9delegates22ReleaseSubgraphContextEPK13TfLiteContexti;_ZN6tflite9delegates24FP16GraphPartitionHelper37GetNodesOfFirstNLargestPartitionsImplEii;_ZN6tflite9delegates32CreateNewTensorWithDifferentTypeEP13TfLiteContexti10TfLiteTypePP12TfLiteTensorPi;_ZN6tflite9delegates33MarkSubgraphAsDelegationSkippableEPK13TfLiteContexti;_ZNK6tflite9delegates20GraphPartitionHelper26GetFirstNLargestPartitionsEii;_ZTIN6tflite9delegates20GraphPartitionHelperE;_ZTIN6tflite9delegates24FP16GraphPartitionHelperE;_ZTSN6tflite9delegates20GraphPartitionHelperE;_ZTSN6tflite9delegates24FP16GraphPartitionHelperE;_ZTVN6tflite9delegates20GraphPartitionHelperE;_ZTVN6tflite9delegates24FP16GraphPartitionHelperE
nnstreamer	armv7l	nnstreamer-tensorflow2-lite/usr/lib/nnstreamer/filters/libnnstreamer_filter_tensorflow2-lite.so	libtensorflow2-lite.a	validation.c.o	12	xnn_subgraph_check_batch_dims_match;xnn_subgraph_check_datatype_matches;xnn_subgraph_check_datatype_matches_two_inputs;xnn_subgraph_check_input_node_id;xnn_subgraph_check_input_type_dense;xnn_subgraph_check_nth_input_node_id;xnn_subgraph_check_nth_input_type_dense;xnn_subgraph_check_output_min_max;xnn_subgraph_check_output_node_id;xnn_subgraph_check_output_type_dense;xnn_subgraph_check_quantization_parameter_matches;xnn_subgraph_check_xnnpack_initialized
nnstreamer	armv7l	nnstreamer-tensorflow2-lite/usr/lib/nnstreamer/filters/libnnstreamer_filter_tensorflow2-lite.so	libtensorflow2-lite.a	var_handle.cc.o	5	_ZN6tflite3ops7builtin10var_handle4EvalEP13TfLiteContextP10TfLiteNode;_ZN6tflite3ops7builtin10var_handle4FreeEP13TfLiteContextPv;_ZN6tflite3ops7builtin10var_handle4InitEP13TfLiteContextPKcj;_ZN6tflite3ops7builtin10var_handle7PrepareEP13TfLiteContextP10TfLiteNode;_ZN6tflite3ops7builtin19Register_VAR_HANDLEEv
nnstreamer	armv7l	nnstreamer-tensorflow2-lite/usr/lib/nnstreamer/filters/libnnstreamer_filter_tensorflow2-lite.so	libtensorflow2-lite.a	waiter_base.cc.o	1	_ZN4absl12lts_2023080224synchronization_internal10WaiterBase15MaybeBecomeIdleEv
nnstreamer	armv7l	nnstreamer-tensorflow2-lite/usr/lib/nnstreamer/filters/libnnstreamer_filter_tensorflow2-lite.so	libtensorflow2-lite.a	weight_cache.cc.o	42	_ZN6tflite7xnnpack10MMapHandle3MapEPKcj;_ZN6tflite7xnnpack10MMapHandle3MapERKNS0_14FileDescriptorEjPKc;_ZN6tflite7xnnpack10MMapHandle5UnMapEv;_ZN6tflite7xnnpack10MMapHandle6ResizeEj;_ZN6tflite7xnnpack10MMapHandleC1EOS1_;_ZN6tflite7xnnpack10MMapHandleC2EOS1_;_ZN6tflite7xnnpack10MMapHandleD1Ev;_ZN6tflite7xnnpack10MMapHandleD2Ev;_ZN6tflite7xnnpack10MMapHandleaSEOS1_;_ZN6tflite7xnnpack18WeightCacheBuilder13StopBuildStepEv;_ZN6tflite7xnnpack18WeightCacheBuilder14StartBuildStepEv;_ZN6tflite7xnnpack18WeightCacheBuilder5ResetEv;_ZN6tflite7xnnpack18WeightCacheBuilder5StartEPKc;_ZN6tflite7xnnpack18WeightCacheBuilder6AppendENS0_14PackIdentifierEPKvy;_ZN6tflite7xnnpack18WeightCacheBuilder7ReserveEj;_ZN6tflite7xnnpack18WeightCacheBuilderC1EOS1_;_ZN6tflite7xnnpack18WeightCacheBuilderC2EOS1_;_ZN6tflite7xnnpack18WeightCacheBuilderaSEOS1_;_ZN6tflite7xnnpack23MMapWeightCacheProvider10StartBuildEPKc;_ZN6tflite7xnnpack23MMapWeightCacheProvider11SetFilePathEPKc;_ZN6tflite7xnnpack23MMapWeightCacheProvider12OffsetToAddrEj;_ZN6tflite7xnnpack23MMapWeightCacheProvider12ReserveSpaceEj;_ZN6tflite7xnnpack23MMapWeightCacheProvider12delete_cacheEPv;_ZN6tflite7xnnpack23MMapWeightCacheProvider12is_finalizedEPv;_ZN6tflite7xnnpack23MMapWeightCacheProvider13StopBuildStepEv;_ZN6tflite7xnnpack23MMapWeightCacheProvider13reserve_spaceEPvj;_ZN6tflite7xnnpack23MMapWeightCacheProvider14LookUpOrInsertEPK29xnn_weights_cache_look_up_keyPvj;_ZN6tflite7xnnpack23MMapWeightCacheProvider14StartBuildStepEv;_ZN6tflite7xnnpack23MMapWeightCacheProvider14offset_to_addrEPvj;_ZN6tflite7xnnpack23MMapWeightCacheProvider15RemapDataBufferEPKvS3_;_ZN6tflite7xnnpack23MMapWeightCacheProvider16LoadOrStartBuildEPKc;_ZN6tflite7xnnpack23MMapWeightCacheProvider17LoadLastBuildStepEv;_ZN6tflite7xnnpack23MMapWeightCacheProvider17look_up_or_insertEPvPK29xnn_weights_cache_look_up_keyS2_j;_ZN6tflite7xnnpack23MMapWeightCacheProvider19BuildPackIdentifierERK29xnn_weights_cache_look_up_key;_ZN6tflite7xnnpack23MMapWeightCacheProvider4LoadEv;_ZN6tflite7xnnpack23MMapWeightCacheProvider6LookUpEPK29xnn_weights_cache_look_up_key;_ZN6tflite7xnnpack23MMapWeightCacheProvider7ReleaseEv;_ZN6tflite7xnnpack23MMapWeightCacheProvider7look_upEPvPK29xnn_weights_cache_look_up_key;_ZN6tflite7xnnpack23MMapWeightCacheProviderC1EOS1_;_ZN6tflite7xnnpack23MMapWeightCacheProviderC2EOS1_;_ZN6tflite7xnnpack23MMapWeightCacheProvideraSEOS1_;_ZN6tflite7xnnpack4swapERNS0_10MMapHandleES2_
nnstreamer	armv7l	nnstreamer-tensorflow2-lite/usr/lib/nnstreamer/filters/libnnstreamer_filter_tensorflow2-lite.so	libtensorflow2-lite.a	weights_conversion.cc.o	6	_ZN6tflite3gpu16RearrangeWeightsERKNS0_6TensorINS0_11StrongShapeILNS0_6LayoutE14EEELNS0_8DataTypeE2EEERKNS0_18WeightsDescriptionEN4absl12lts_202308024SpanIhEE;_ZN6tflite3gpu16RearrangeWeightsERKNS0_6TensorINS0_11StrongShapeILNS0_6LayoutE7EEELNS0_8DataTypeE2EEERKNS0_18WeightsDescriptionEN4absl12lts_202308024SpanIhEE;_ZN6tflite3gpu17Get2dResourceSizeERKNS0_18WeightsDescriptionERKNS0_11StrongShapeILNS0_6LayoutE14EEE;_ZN6tflite3gpu17Get2dResourceSizeERKNS0_18WeightsDescriptionERKNS0_11StrongShapeILNS0_6LayoutE7EEE;_ZN6tflite3gpu30GetTotalElementsCountForLayoutERKNS0_18WeightsDescriptionERKNS0_11StrongShapeILNS0_6LayoutE14EEE;_ZN6tflite3gpu30GetTotalElementsCountForLayoutERKNS0_18WeightsDescriptionERKNS0_11StrongShapeILNS0_6LayoutE7EEE
nnstreamer	armv7l	nnstreamer-tensorflow2-lite/usr/lib/nnstreamer/filters/libnnstreamer_filter_tensorflow2-lite.so	libtensorflow2-lite.a	weights_layout.cc.o	5	_ZNK6tflite3gpu18WeightsDescription15IsCustomSpatialEv;_ZNK6tflite3gpu18WeightsDescription18GetOutputGroupSizeEv;_ZNK6tflite3gpu18WeightsDescription6IsI4O4Ev;_ZNK6tflite3gpu18WeightsDescription6IsO4I4Ev;_ZNK6tflite3gpu18WeightsDescriptioneqERKS1_
nnstreamer	armv7l	nnstreamer-tensorflow2-lite/usr/lib/nnstreamer/filters/libnnstreamer_filter_tensorflow2-lite.so	libtensorflow2-lite.a	where.cc.o	3	_ZN6tflite3ops7builtin14Register_WHEREEv;_ZN6tflite3ops7builtin5where4EvalEP13TfLiteContextP10TfLiteNode;_ZN6tflite3ops7builtin5where7PrepareEP13TfLiteContextP10TfLiteNode
nnstreamer	armv7l	nnstreamer-tensorflow2-lite/usr/lib/nnstreamer/filters/libnnstreamer_filter_tensorflow2-lite.so	libtensorflow2-lite.a	while.cc.o	10	_ZN6tflite3ops7builtin12while_kernel11Eval_staticEP13TfLiteContextP10TfLiteNode;_ZN6tflite3ops7builtin12while_kernel12Eval_dynamicEP13TfLiteContextP10TfLiteNode;_ZN6tflite3ops7builtin12while_kernel12Prepare_implEP13TfLiteContextP10TfLiteNode;_ZN6tflite3ops7builtin12while_kernel18Eval_cond_subgraphEP13TfLiteContextPNS_8SubgraphEbPb;_ZN6tflite3ops7builtin12while_kernel22SetupUnconsumedOutputsEPK10TfLiteNodePKNS2_6OpDataEPNS_8SubgraphESA_;_ZN6tflite3ops7builtin12while_kernel4EvalEP13TfLiteContextP10TfLiteNode;_ZN6tflite3ops7builtin12while_kernel4FreeEP13TfLiteContextPv;_ZN6tflite3ops7builtin12while_kernel4InitEP13TfLiteContextPKcj;_ZN6tflite3ops7builtin12while_kernel7PrepareEP13TfLiteContextP10TfLiteNode;_ZN6tflite3ops7builtin14Register_WHILEEv
nnstreamer	armv7l	nnstreamer-tensorflow2-lite/usr/lib/nnstreamer/filters/libnnstreamer_filter_tensorflow2-lite.so	libtensorflow2-lite.a	winograd.cc.o	31	_ZN6tflite3gpu15Winograd4x4To3613BindArgumentsEPNS0_15ArgumentsBinderE;_ZN6tflite3gpu21CreateWinograd36To4x4ERKNS0_12OperationDefERKNS0_6TensorINS0_11StrongShapeILNS0_6LayoutE2EEELNS0_8DataTypeE2EEE;_ZN6tflite3gpu21CreateWinograd4x4To36ERKNS0_12OperationDefERKNS0_9Padding2DERKNS0_7GpuInfoE;_ZN6tflite3gpu21Winograd4x4To36TileX613BindArgumentsEPNS0_15ArgumentsBinderE;_ZN6tflite3gpu21Winograd4x4To36TileX68UploadBtEv;_ZN6tflite3gpu21Winograd4x4To36TileX6C1ERKNS0_12OperationDefERKNS0_9Padding2DERKNS0_7GpuInfoE;_ZN6tflite3gpu21Winograd4x4To36TileX6C2ERKNS0_12OperationDefERKNS0_9Padding2DERKNS0_7GpuInfoE;_ZN6tflite3gpu22Winograd36To4x4Tile4x113BindArgumentsEPNS0_15ArgumentsBinderE;_ZN6tflite3gpu22Winograd36To4x4Tile4x18UploadAtEv;_ZN6tflite3gpu22Winograd36To4x4Tile4x1C1ERKNS0_12OperationDefERKNS0_7GpuInfoE;_ZN6tflite3gpu22Winograd36To4x4Tile4x1C2ERKNS0_12OperationDefERKNS0_7GpuInfoE;_ZN6tflite3gpu27CreateWinograd4x4To36TileX6ERKNS0_7GpuInfoERKNS0_12OperationDefERKNS0_9Padding2DE;_ZN6tflite3gpu28CreateWinograd36To4x4Tile4x1ERKNS0_7GpuInfoERKNS0_12OperationDefERKNS0_6TensorINS0_11StrongShapeILNS0_6LayoutE2EEELNS0_8DataTypeE2EEE;_ZNK6tflite3gpu15Winograd36To4x411GetGridSizeEv;_ZNK6tflite3gpu15Winograd4x4To3611GetGridSizeEv;_ZNK6tflite3gpu21Winograd4x4To36TileX611GetGridSizeEv;_ZNK6tflite3gpu21Winograd4x4To36TileX619SelectBestWorkGroupERKNS0_10KernelInfoE;_ZNK6tflite3gpu22Winograd36To4x4Tile4x111GetGridSizeEv;_ZNK6tflite3gpu22Winograd36To4x4Tile4x119SelectBestWorkGroupERKNS0_10KernelInfoE;_ZTIN6tflite3gpu15Winograd36To4x4E;_ZTIN6tflite3gpu15Winograd4x4To36E;_ZTIN6tflite3gpu21Winograd4x4To36TileX6E;_ZTIN6tflite3gpu22Winograd36To4x4Tile4x1E;_ZTSN6tflite3gpu15Winograd36To4x4E;_ZTSN6tflite3gpu15Winograd4x4To36E;_ZTSN6tflite3gpu21Winograd4x4To36TileX6E;_ZTSN6tflite3gpu22Winograd36To4x4Tile4x1E;_ZTVN6tflite3gpu15Winograd36To4x4E;_ZTVN6tflite3gpu15Winograd4x4To36E;_ZTVN6tflite3gpu21Winograd4x4To36TileX6E;_ZTVN6tflite3gpu22Winograd36To4x4Tile4x1E
nnstreamer	armv7l	nnstreamer-tensorflow2-lite/usr/lib/nnstreamer/filters/libnnstreamer_filter_tensorflow2-lite.so	libtensorflow2-lite.a	winograd_util.cc.o	4	_ZN6tflite3gpu27AtMatrixForWinograd4x4To6x6Ev;_ZN6tflite3gpu27BtMatrixForWinograd4x4To6x6Ev;_ZN6tflite3gpu29IsSuitableForWinograd4x4To6x6ERKNS0_23Convolution2DAttributesE;_ZN6tflite3gpu41RearrangeWeightsToWinograd4x4To6x6WeightsERKNS0_6TensorINS0_11StrongShapeILNS0_6LayoutE7EEELNS0_8DataTypeE2EEEPS6_
nnstreamer	armv7l	nnstreamer-tensorflow2-lite/usr/lib/nnstreamer/filters/libnnstreamer_filter_tensorflow2-lite.so	libtensorflow2-lite.a	work_group_picking.cc.o	6	_ZN6tflite3gpu12GetWorkGroupERKNS0_4Vec3IiEEi;_ZN6tflite3gpu16GetWorkGroupConvERKNS0_4Vec3IiEEii;_ZN6tflite3gpu21GetWorkGroupXY128ConvERKNS0_4Vec3IiEE;_ZN6tflite3gpu23GetWorkGroupXY128SimpleERKNS0_4Vec3IiEE;_ZN6tflite3gpu27GetWorkGroupXY128ConvLinearERKNS0_4Vec3IiEE;_ZN6tflite3gpu42XY128RequiresMoreWorkGroupsThenXY128LinearEii
nnstreamer	armv7l	nnstreamer-tensorflow2-lite/usr/lib/nnstreamer/filters/libnnstreamer_filter_tensorflow2-lite.so	libtensorflow2-lite.a	workgroup_selection.cc.o	1	_ZN6tflite3gpu16GetPossibleSizesEiNS0_22WorkGroupSizeAlignmentE
nnstreamer	armv7l	nnstreamer-tensorflow2-lite/usr/lib/nnstreamer/filters/libnnstreamer_filter_tensorflow2-lite.so	libtensorflow2-lite.a	xnnpack_delegate.cc.o	14	TfLiteXNNPackDelegateCanUseInMemoryWeightCacheProvider;TfLiteXNNPackDelegateCreate;TfLiteXNNPackDelegateCreateWithThreadpool;TfLiteXNNPackDelegateDelete;TfLiteXNNPackDelegateGetFlags;TfLiteXNNPackDelegateGetOptions;TfLiteXNNPackDelegateGetThreadPool;TfLiteXNNPackDelegateInMemoryFilePath;TfLiteXNNPackDelegateOptionsDefault;TfLiteXNNPackDelegateWeightsCacheCreate;TfLiteXNNPackDelegateWeightsCacheCreateWithSize;TfLiteXNNPackDelegateWeightsCacheDelete;TfLiteXNNPackDelegateWeightsCacheFinalizeHard;TfLiteXNNPackDelegateWeightsCacheFinalizeSoft
nnstreamer	armv7l	nnstreamer-tensorflow2-lite/usr/lib/nnstreamer/filters/libnnstreamer_filter_tensorflow2-lite.so	libtensorflow2-lite.a	zeros_like.cc.o	3	_ZN6tflite3ops7builtin10zeros_like4EvalEP13TfLiteContextP10TfLiteNode;_ZN6tflite3ops7builtin10zeros_like7PrepareEP13TfLiteContextP10TfLiteNode;_ZN6tflite3ops7builtin19Register_ZEROS_LIKEEv
nnstreamer	armv7l	nnstreamer-tensorflow2-lite/usr/lib/nnstreamer/filters/libnnstreamer_filter_tensorflow2-lite.so	libtensorflow2-lite.a	zone_info_source.cc.o	6	_ZN4absl12lts_2023080213time_internal4cctz14ZoneInfoSourceD0Ev;_ZN4absl12lts_2023080213time_internal4cctz14ZoneInfoSourceD1Ev;_ZN4absl12lts_2023080213time_internal4cctz14ZoneInfoSourceD2Ev;_ZTIN4absl12lts_2023080213time_internal4cctz14ZoneInfoSourceE;_ZTSN4absl12lts_2023080213time_internal4cctz14ZoneInfoSourceE;_ZTVN4absl12lts_2023080213time_internal4cctz14ZoneInfoSourceE
nntrainer	armv7l	nntrainer-applications/usr/lib/nntrainer/bin/applications/knn_sample	libtensorflow2-lite.a	mutable_op_resolver.cc.o	2	_ZTIN6tflite17MutableOpResolverE;_ZTVN6tflite17MutableOpResolverE
nntrainer	armv7l	nntrainer-applications/usr/lib/nntrainer/bin/applications/nntrainer_classification	libtensorflow2-lite.a	mutable_op_resolver.cc.o	2	_ZTIN6tflite17MutableOpResolverE;_ZTVN6tflite17MutableOpResolverE
nntrainer	armv7l	nntrainer-applications/usr/lib/nntrainer/bin/applications/unittest_compiler	libtensorflow2-lite.a	mutable_op_resolver.cc.o	2	_ZTIN6tflite17MutableOpResolverE;_ZTVN6tflite17MutableOpResolverE
nntrainer	armv7l	nntrainer-core/usr/lib/libnntrainer.so	libtensorflow2-lite.a	abs.c.o	1	xnn_define_abs
nntrainer	armv7l	nntrainer-core/usr/lib/libnntrainer.so	libtensorflow2-lite.a	activations.cc.o	55	_ZN6tflite3ops7builtin11activations10EluPrepareEP13TfLiteContextP10TfLiteNode;_ZN6tflite3ops7builtin11activations11GeluPrepareEP13TfLiteContextP10TfLiteNode;_ZN6tflite3ops7builtin11activations11ReluPrepareEP13TfLiteContextP10TfLiteNode;_ZN6tflite3ops7builtin11activations11SoftmaxFreeEP13TfLiteContextPv;_ZN6tflite3ops7builtin11activations11SoftmaxInitEP13TfLiteContextPKcj;_ZN6tflite3ops7builtin11activations12PreluPrepareEP13TfLiteContextP10TfLiteNode;_ZN6tflite3ops7builtin11activations12Relu0to1EvalEP13TfLiteContextP10TfLiteNode;_ZN6tflite3ops7builtin11activations12SoftmaxFloatEP13TfLiteContextPK12TfLiteTensorPS5_P19TfLiteSoftmaxParamsNS2_10KernelTypeE;_ZN6tflite3ops7builtin11activations13HardSwishFreeEP13TfLiteContextPv;_ZN6tflite3ops7builtin11activations13HardSwishInitEP13TfLiteContextPKcj;_ZN6tflite3ops7builtin11activations13LeakyReluFreeEP13TfLiteContextPv;_ZN6tflite3ops7builtin11activations13LeakyReluInitEP13TfLiteContextPKcj;_ZN6tflite3ops7builtin11activations14GenericPrepareEP13TfLiteContextP10TfLiteNode;_ZN6tflite3ops7builtin11activations14LogSoftmaxFreeEP13TfLiteContextPv;_ZN6tflite3ops7builtin11activations14LogSoftmaxInitEP13TfLiteContextPKcj;_ZN6tflite3ops7builtin11activations16HardSwishPrepareEP13TfLiteContextP10TfLiteNode;_ZN6tflite3ops7builtin11activations16LeakyReluPrepareEP13TfLiteContextP10TfLiteNode;_ZN6tflite3ops7builtin11activations16SoftmaxQuantizedIaaEE12TfLiteStatusP13TfLiteContextPK12TfLiteTensorPS7_PNS2_13SoftmaxOpDataENS2_10KernelTypeE;_ZN6tflite3ops7builtin11activations16SoftmaxQuantizedIhhEE12TfLiteStatusP13TfLiteContextPK12TfLiteTensorPS7_PNS2_13SoftmaxOpDataENS2_10KernelTypeE;_ZN6tflite3ops7builtin11activations16SoftmaxQuantizedIssEE12TfLiteStatusP13TfLiteContextPK12TfLiteTensorPS7_PNS2_13SoftmaxOpDataENS2_10KernelTypeE;_ZN6tflite3ops7builtin11activations4FreeEP13TfLiteContextPv;_ZN6tflite3ops7builtin11activations4InitEP13TfLiteContextPKcj;_ZN6tflite3ops7builtin11activations7EluEvalEP13TfLiteContextP10TfLiteNode;_ZN6tflite3ops7builtin11activations8GeluEvalEP13TfLiteContextP10TfLiteNode;_ZN6tflite3ops7builtin11activations8ReluEvalEP13TfLiteContextP10TfLiteNode;_ZN6tflite3ops7builtin11activations8ReluFreeEP13TfLiteContextPv;_ZN6tflite3ops7builtin11activations8ReluInitEP13TfLiteContextPKcj;_ZN6tflite3ops7builtin11activations9PreluFreeEP13TfLiteContextPv;_ZN6tflite3ops7builtin11activations9PreluInitEP13TfLiteContextPKcj;_ZN6tflite3ops7builtin11activations9Relu1EvalEP13TfLiteContextP10TfLiteNode;_ZN6tflite3ops7builtin11activations9Relu6EvalEP13TfLiteContextP10TfLiteNode;_ZN6tflite3ops7builtin12Register_ELUEv;_ZN6tflite3ops7builtin13Register_GELUEv;_ZN6tflite3ops7builtin13Register_RELUEv;_ZN6tflite3ops7builtin13Register_TANHEv;_ZN6tflite3ops7builtin14Register_PRELUEv;_ZN6tflite3ops7builtin14Register_RELU6Ev;_ZN6tflite3ops7builtin16Register_SOFTMAXEv;_ZN6tflite3ops7builtin17Register_LOGISTICEv;_ZN6tflite3ops7builtin17Register_TANH_REFEv;_ZN6tflite3ops7builtin18Register_PRELU_REFEv;_ZN6tflite3ops7builtin19Register_HARD_SWISHEv;_ZN6tflite3ops7builtin19Register_LEAKY_RELUEv;_ZN6tflite3ops7builtin20Register_LOG_SOFTMAXEv;_ZN6tflite3ops7builtin20Register_RELU_0_TO_1Ev;_ZN6tflite3ops7builtin20Register_SOFTMAX_REFEv;_ZN6tflite3ops7builtin21Register_LOGISTIC_REFEv;_ZN6tflite3ops7builtin21Register_RELU_N1_TO_1Ev;_ZN6tflite3ops7builtin23Register_HARD_SWISH_REFEv;_ZN6tflite3ops7builtin23Register_LEAKY_RELU_REFEv;_ZN6tflite3ops7builtin24Register_LOG_SOFTMAX_REFEv;_ZN6tflite3ops7builtin25Register_TANH_GENERIC_OPTEv;_ZN6tflite3ops7builtin29Register_LOGISTIC_GENERIC_OPTEv;_ZN6tflite3ops7builtin29Register_TANH_FIXED_POINT_OPTEv;_ZN6tflite3ops7builtin33Register_LOGISTIC_FIXED_POINT_OPTEv
nntrainer	armv7l	nntrainer-core/usr/lib/libnntrainer.so	libtensorflow2-lite.a	add.cc.o	7	_ZN6tflite3ops7builtin12Register_ADDEv;_ZN6tflite3ops7builtin16Register_ADD_REFEv;_ZN6tflite3ops7builtin21Register_ADD_NEON_OPTEv;_ZN6tflite3ops7builtin24Register_ADD_GENERIC_OPTEv;_ZN6tflite3ops7builtin3add4FreeEP13TfLiteContextPv;_ZN6tflite3ops7builtin3add4InitEP13TfLiteContextPKcj;_ZN6tflite3ops7builtin3add7PrepareEP13TfLiteContextP10TfLiteNode
nntrainer	armv7l	nntrainer-core/usr/lib/libnntrainer.so	libtensorflow2-lite.a	add2.c.o	1	xnn_define_add2
nntrainer	armv7l	nntrainer-core/usr/lib/libnntrainer.so	libtensorflow2-lite.a	add_n.cc.o	5	_ZN6tflite3ops7builtin14Register_ADD_NEv;_ZN6tflite3ops7builtin5add_n4EvalEP13TfLiteContextP10TfLiteNode;_ZN6tflite3ops7builtin5add_n4FreeEP13TfLiteContextPv;_ZN6tflite3ops7builtin5add_n4InitEP13TfLiteContextPKcj;_ZN6tflite3ops7builtin5add_n7PrepareEP13TfLiteContextP10TfLiteNode
nntrainer	armv7l	nntrainer-core/usr/lib/libnntrainer.so	libtensorflow2-lite.a	allocation.cc.o	22	_ZN6tflite16MemoryAllocationC1EPKvjPNS_13ErrorReporterE;_ZN6tflite16MemoryAllocationC2EPKvjPNS_13ErrorReporterE;_ZN6tflite16MemoryAllocationD0Ev;_ZN6tflite16MemoryAllocationD1Ev;_ZN6tflite16MemoryAllocationD2Ev;_ZN6tflite18FileCopyAllocationC1EPKcPNS_13ErrorReporterE;_ZN6tflite18FileCopyAllocationC2EPKcPNS_13ErrorReporterE;_ZN6tflite18FileCopyAllocationD0Ev;_ZN6tflite18FileCopyAllocationD1Ev;_ZN6tflite18FileCopyAllocationD2Ev;_ZNK6tflite16MemoryAllocation4baseEv;_ZNK6tflite16MemoryAllocation5bytesEv;_ZNK6tflite16MemoryAllocation5validEv;_ZNK6tflite18FileCopyAllocation4baseEv;_ZNK6tflite18FileCopyAllocation5bytesEv;_ZNK6tflite18FileCopyAllocation5validEv;_ZTIN6tflite16MemoryAllocationE;_ZTIN6tflite18FileCopyAllocationE;_ZTSN6tflite16MemoryAllocationE;_ZTSN6tflite18FileCopyAllocationE;_ZTVN6tflite16MemoryAllocationE;_ZTVN6tflite18FileCopyAllocationE
nntrainer	armv7l	nntrainer-core/usr/lib/libnntrainer.so	libtensorflow2-lite.a	allocator.cc.o	7	_ZN3ruy9Allocator12AllocateFastEi;_ZN3ruy9Allocator12AllocateSlowEi;_ZN3ruy9Allocator13AllocateBytesEi;_ZN3ruy9Allocator33AllocateBytesAvoidingAliasingWithEiPKv;_ZN3ruy9Allocator7FreeAllEv;_ZN3ruy9AllocatorD1Ev;_ZN3ruy9AllocatorD2Ev
nntrainer	armv7l	nntrainer-core/usr/lib/libnntrainer.so	libtensorflow2-lite.a	api.c.o	35	cpuinfo_get_cluster;cpuinfo_get_clusters;cpuinfo_get_clusters_count;cpuinfo_get_core;cpuinfo_get_cores;cpuinfo_get_cores_count;cpuinfo_get_current_core;cpuinfo_get_current_processor;cpuinfo_get_current_uarch_index;cpuinfo_get_current_uarch_index_with_default;cpuinfo_get_l1d_cache;cpuinfo_get_l1d_caches;cpuinfo_get_l1d_caches_count;cpuinfo_get_l1i_cache;cpuinfo_get_l1i_caches;cpuinfo_get_l1i_caches_count;cpuinfo_get_l2_cache;cpuinfo_get_l2_caches;cpuinfo_get_l2_caches_count;cpuinfo_get_l3_cache;cpuinfo_get_l3_caches;cpuinfo_get_l3_caches_count;cpuinfo_get_l4_cache;cpuinfo_get_l4_caches;cpuinfo_get_l4_caches_count;cpuinfo_get_max_cache_size;cpuinfo_get_package;cpuinfo_get_packages;cpuinfo_get_packages_count;cpuinfo_get_processor;cpuinfo_get_processors;cpuinfo_get_processors_count;cpuinfo_get_uarch;cpuinfo_get_uarchs;cpuinfo_get_uarchs_count
nntrainer	armv7l	nntrainer-core/usr/lib/libnntrainer.so	libtensorflow2-lite.a	apply_multiplier.cc.o	1	_ZN3ruy6detail29MultiplyByQuantizedMultiplierEiii
nntrainer	armv7l	nntrainer-core/usr/lib/libnntrainer.so	libtensorflow2-lite.a	arena_planner.cc.o	22	_ZN6tflite12ArenaPlanner11BasePointerE20TfLiteAllocationType;_ZN6tflite12ArenaPlanner15PlanAllocationsEv;_ZN6tflite12ArenaPlanner16FindSharedTensorEi;_ZN6tflite12ArenaPlanner16ResetAllocationsEv;_ZN6tflite12ArenaPlanner18ExecuteAllocationsEii;_ZN6tflite12ArenaPlanner20GetTensorsToAllocateEii;_ZN6tflite12ArenaPlanner21ResetAllocationsAfterEi;_ZN6tflite12ArenaPlanner22HasNonPersistentMemoryEv;_ZN6tflite12ArenaPlanner22IdentifyInPlaceTensorsEv;_ZN6tflite12ArenaPlanner22InputTensorCanBeSharedERK12TfLiteTensorS3_iib;_ZN6tflite12ArenaPlanner23ResolveTensorAllocationEiP12TfLiteTensor;_ZN6tflite12ArenaPlanner26AcquireNonPersistentMemoryEv;_ZN6tflite12ArenaPlanner26ReleaseNonPersistentMemoryEv;_ZN6tflite12ArenaPlanner6CommitEPb;_ZN6tflite12ArenaPlannerD0Ev;_ZN6tflite12ArenaPlannerD1Ev;_ZN6tflite12ArenaPlannerD2Ev;_ZN6tflite30AreTensorsAllocatedInSameArenaEiiPK12TfLiteTensor;_ZNK6tflite12ArenaPlanner12GetAllocInfoEPjS1_;_ZTIN6tflite12ArenaPlannerE;_ZTSN6tflite12ArenaPlannerE;_ZTVN6tflite12ArenaPlannerE
nntrainer	armv7l	nntrainer-core/usr/lib/libnntrainer.so	libtensorflow2-lite.a	arg_min_max.cc.o	7	_ZN6tflite3ops7builtin11arg_min_max10ArgMaxEvalEP13TfLiteContextP10TfLiteNode;_ZN6tflite3ops7builtin11arg_min_max10ArgMinEvalEP13TfLiteContextP10TfLiteNode;_ZN6tflite3ops7builtin11arg_min_max12ResizeOutputEP13TfLiteContextPK12TfLiteTensorS7_PS5_;_ZN6tflite3ops7builtin11arg_min_max4EvalEP13TfLiteContextP10TfLiteNodeb;_ZN6tflite3ops7builtin11arg_min_max7PrepareEP13TfLiteContextP10TfLiteNode;_ZN6tflite3ops7builtin16Register_ARG_MAXEv;_ZN6tflite3ops7builtin16Register_ARG_MINEv
nntrainer	armv7l	nntrainer-core/usr/lib/libnntrainer.so	libtensorflow2-lite.a	argmax-pooling-2d.c.o	1	xnn_define_argmax_pooling_2d
nntrainer	armv7l	nntrainer-core/usr/lib/libnntrainer.so	libtensorflow2-lite.a	argmax-pooling-nhwc.c.o	3	xnn_create_argmax_pooling2d_nhwc_f32;xnn_reshape_argmax_pooling2d_nhwc_f32;xnn_setup_argmax_pooling2d_nhwc_f32
nntrainer	armv7l	nntrainer-core/usr/lib/libnntrainer.so	libtensorflow2-lite.a	array.cc.o	2	_ZN6tflite14array_internal18TfLiteArrayDeleterclEP14TfLiteIntArray;_ZN6tflite14array_internal18TfLiteArrayDeleterclEP16TfLiteFloatArray
nntrainer	armv7l	nntrainer-core/usr/lib/libnntrainer.so	libtensorflow2-lite.a	ascii.cc.o	3	_ZN4absl12lts_2023080214ascii_internal13kPropertyBitsE;_ZN4absl12lts_2023080214ascii_internal8kToLowerE;_ZN4absl12lts_2023080214ascii_internal8kToUpperE
nntrainer	armv7l	nntrainer-core/usr/lib/libnntrainer.so	libtensorflow2-lite.a	assign_variable.cc.o	3	_ZN6tflite3ops7builtin15assign_variable4EvalEP13TfLiteContextP10TfLiteNode;_ZN6tflite3ops7builtin15assign_variable7PrepareEP13TfLiteContextP10TfLiteNode;_ZN6tflite3ops7builtin24Register_ASSIGN_VARIABLEEv
nntrainer	armv7l	nntrainer-core/usr/lib/libnntrainer.so	libtensorflow2-lite.a	atan2.cc.o	4	_ZN6tflite3ops7builtin14Register_ATAN2Ev;_ZN6tflite3ops7builtin5atan212Atan2PrepareEP13TfLiteContextP10TfLiteNode;_ZN6tflite3ops7builtin5atan215EnsureSameShapeEP13TfLiteContextPK12TfLiteTensorS7_;_ZN6tflite3ops7builtin5atan29Atan2EvalEP13TfLiteContextP10TfLiteNode
nntrainer	armv7l	nntrainer-core/usr/lib/libnntrainer.so	libtensorflow2-lite.a	audio_spectrogram.cc.o	4	_ZN6tflite3ops6custom17audio_spectrogram4FreeEP13TfLiteContextPv;_ZN6tflite3ops6custom17audio_spectrogram4InitEP13TfLiteContextPKcj;_ZN6tflite3ops6custom17audio_spectrogram7PrepareEP13TfLiteContextP10TfLiteNode;_ZN6tflite3ops6custom26Register_AUDIO_SPECTROGRAMEv
nntrainer	armv7l	nntrainer-core/usr/lib/libnntrainer.so	libtensorflow2-lite.a	average-pooling-2d.c.o	1	xnn_define_average_pooling_2d
nntrainer	armv7l	nntrainer-core/usr/lib/libnntrainer.so	libtensorflow2-lite.a	average-pooling-nhwc.c.o	10	create_average_pooling2d_nhwc;xnn_create_average_pooling2d_nhwc_f16;xnn_create_average_pooling2d_nhwc_f32;xnn_create_average_pooling2d_nhwc_qu8;xnn_reshape_average_pooling2d_nhwc_f16;xnn_reshape_average_pooling2d_nhwc_f32;xnn_reshape_average_pooling2d_nhwc_qu8;xnn_setup_average_pooling2d_nhwc_f16;xnn_setup_average_pooling2d_nhwc_f32;xnn_setup_average_pooling2d_nhwc_qu8
nntrainer	armv7l	nntrainer-core/usr/lib/libnntrainer.so	libtensorflow2-lite.a	bankers-rounding.c.o	1	xnn_define_bankers_rounding
nntrainer	armv7l	nntrainer-core/usr/lib/libnntrainer.so	libtensorflow2-lite.a	basic_rnn.cc.o	7	_ZN6tflite3ops7builtin12Register_RNNEv;_ZN6tflite3ops7builtin3rnn10EvalHybridEPK12TfLiteTensorS5_S5_S5_PK15TfLiteRNNParamsPS3_S9_S9_S9_S9_S9_S9_S9_Pb;_ZN6tflite3ops7builtin3rnn4EvalEP13TfLiteContextP10TfLiteNode;_ZN6tflite3ops7builtin3rnn4FreeEP13TfLiteContextPv;_ZN6tflite3ops7builtin3rnn4InitEP13TfLiteContextPKcj;_ZN6tflite3ops7builtin3rnn7PrepareEP13TfLiteContextP10TfLiteNode;_ZN6tflite3ops7builtin3rnn9EvalFloatEPK12TfLiteTensorS5_S5_S5_PK15TfLiteRNNParamsPS3_S9_
nntrainer	armv7l	nntrainer-core/usr/lib/libnntrainer.so	libtensorflow2-lite.a	batch-matrix-multiply-nc.c.o	10	create_batch_matrix_multiply_nc;xnn_create_batch_matrix_multiply_nc_f16;xnn_create_batch_matrix_multiply_nc_f32;xnn_create_batch_matrix_multiply_nc_qd8_f32_qc8w;xnn_reshape_batch_matrix_multiply_nc_f16;xnn_reshape_batch_matrix_multiply_nc_f32;xnn_reshape_batch_matrix_multiply_nc_qd8_f32_qc8w;xnn_setup_batch_matrix_multiply_nc_f16;xnn_setup_batch_matrix_multiply_nc_f32;xnn_setup_batch_matrix_multiply_nc_qd8_f32_qc8w
nntrainer	armv7l	nntrainer-core/usr/lib/libnntrainer.so	libtensorflow2-lite.a	batch-matrix-multiply.c.o	1	xnn_define_batch_matrix_multiply
nntrainer	armv7l	nntrainer-core/usr/lib/libnntrainer.so	libtensorflow2-lite.a	batch_matmul.cc.o	13	_ZN6tflite3ops7builtin12batch_matmul10EvalHybridEP13TfLiteContextP10TfLiteNodePNS2_6OpDataERKNS_12RuntimeShapeEPK12TfLiteTensorSB_SE_PSC_SF_SF_SF_SF_SF_;_ZN6tflite3ops7builtin12batch_matmul10GetTempLhsEP13TfLiteContextP10TfLiteNodePK12TfLiteTensor;_ZN6tflite3ops7builtin12batch_matmul10GetTempRhsEP13TfLiteContextP10TfLiteNodePK12TfLiteTensor;_ZN6tflite3ops7builtin12batch_matmul17SwapRowColumnDimsERKNS_12RuntimeShapeE;_ZN6tflite3ops7builtin12batch_matmul18ResizeOutputTensorEP13TfLiteContextRKNS_12RuntimeShapeES7_bbiP12TfLiteTensor;_ZN6tflite3ops7builtin12batch_matmul20TransposeRowsColumnsEP13TfLiteContextPK12TfLiteTensorPS5_;_ZN6tflite3ops7builtin12batch_matmul21InitializeTemporariesEP13TfLiteContextP10TfLiteNodePNS2_9OpContextE;_ZN6tflite3ops7builtin12batch_matmul4FreeEP13TfLiteContextPv;_ZN6tflite3ops7builtin12batch_matmul4InitEP13TfLiteContextPKcj;_ZN6tflite3ops7builtin12batch_matmul7PrepareEP13TfLiteContextP10TfLiteNode;_ZN6tflite3ops7builtin21Register_BATCH_MATMULEv;_ZN6tflite3ops7builtin25Register_BATCH_MATMUL_REFEv;_ZN6tflite3ops7builtin39Register_BATCH_MATMUL_GENERIC_OPTIMIZEDEv
nntrainer	armv7l	nntrainer-core/usr/lib/libnntrainer.so	libtensorflow2-lite.a	batch_to_space_nd.cc.o	5	_ZN6tflite3ops7builtin17batch_to_space_nd18ResizeOutputTensorEP13TfLiteContextPNS2_21BatchToSpaceNDContextE;_ZN6tflite3ops7builtin17batch_to_space_nd7PrepareEP13TfLiteContextP10TfLiteNode;_ZN6tflite3ops7builtin26Register_BATCH_TO_SPACE_NDEv;_ZN6tflite3ops7builtin30Register_BATCH_TO_SPACE_ND_REFEv;_ZN6tflite3ops7builtin38Register_BATCH_TO_SPACE_ND_GENERIC_OPTEv
nntrainer	armv7l	nntrainer-core/usr/lib/libnntrainer.so	libtensorflow2-lite.a	bidirectional_sequence_lstm.cc.o	7	_ZN6tflite3ops7builtin27bidirectional_sequence_lstm26CheckInputTensorDimensionsEP13TfLiteContextP10TfLiteNodeiii;_ZN6tflite3ops7builtin27bidirectional_sequence_lstm33CheckLstmTensorDimensionsAndTypesEP13TfLiteContextP10TfLiteNodeiiiiiiiiiiiiiiiiiiii;_ZN6tflite3ops7builtin27bidirectional_sequence_lstm4EvalEP13TfLiteContextP10TfLiteNode;_ZN6tflite3ops7builtin27bidirectional_sequence_lstm4FreeEP13TfLiteContextPv;_ZN6tflite3ops7builtin27bidirectional_sequence_lstm4InitEP13TfLiteContextPKcj;_ZN6tflite3ops7builtin27bidirectional_sequence_lstm7PrepareEP13TfLiteContextP10TfLiteNode;_ZN6tflite3ops7builtin36Register_BIDIRECTIONAL_SEQUENCE_LSTMEv
nntrainer	armv7l	nntrainer-core/usr/lib/libnntrainer.so	libtensorflow2-lite.a	bidirectional_sequence_rnn.cc.o	7	_ZN6tflite3ops7builtin26bidirectional_sequence_rnn10EvalHybridEPK12TfLiteTensorS5_S5_S5_S5_S5_S5_S5_S5_S5_S5_PK36TfLiteBidirectionalSequenceRNNParamsPS3_S9_S9_S9_S9_S9_S9_S9_S9_S9_S9_S9_S9_PbSA_;_ZN6tflite3ops7builtin26bidirectional_sequence_rnn4EvalEP13TfLiteContextP10TfLiteNode;_ZN6tflite3ops7builtin26bidirectional_sequence_rnn4FreeEP13TfLiteContextPv;_ZN6tflite3ops7builtin26bidirectional_sequence_rnn4InitEP13TfLiteContextPKcj;_ZN6tflite3ops7builtin26bidirectional_sequence_rnn7PrepareEP13TfLiteContextP10TfLiteNode;_ZN6tflite3ops7builtin26bidirectional_sequence_rnn9EvalFloatEPK12TfLiteTensorS5_S5_S5_S5_S5_S5_S5_S5_S5_S5_PK36TfLiteBidirectionalSequenceRNNParamsPS3_S9_S9_S9_;_ZN6tflite3ops7builtin35Register_BIDIRECTIONAL_SEQUENCE_RNNEv
nntrainer	armv7l	nntrainer-core/usr/lib/libnntrainer.so	libtensorflow2-lite.a	binary-elementwise-nd.c.o	79	xnn_create_add_nd_f16;xnn_create_add_nd_f32;xnn_create_add_nd_qs8;xnn_create_add_nd_qu8;xnn_create_copysign_nd_f32;xnn_create_divide_nd_f16;xnn_create_divide_nd_f32;xnn_create_maximum_nd_f16;xnn_create_maximum_nd_f32;xnn_create_minimum_nd_f16;xnn_create_minimum_nd_f32;xnn_create_multiply_nd_f16;xnn_create_multiply_nd_f32;xnn_create_multiply_nd_qs8;xnn_create_multiply_nd_qu8;xnn_create_multiply_nd_s32;xnn_create_squared_difference_nd_f16;xnn_create_squared_difference_nd_f32;xnn_create_subtract_nd_f16;xnn_create_subtract_nd_f32;xnn_create_subtract_nd_qs8;xnn_create_subtract_nd_qu8;xnn_reshape_add_nd_f16;xnn_reshape_add_nd_f32;xnn_reshape_add_nd_qs8;xnn_reshape_add_nd_qu8;xnn_reshape_copysign_nd_f32;xnn_reshape_divide_nd_f16;xnn_reshape_divide_nd_f32;xnn_reshape_maximum_nd_f16;xnn_reshape_maximum_nd_f32;xnn_reshape_minimum_nd_f16;xnn_reshape_minimum_nd_f32;xnn_reshape_multiply_nd_f16;xnn_reshape_multiply_nd_f32;xnn_reshape_multiply_nd_qs8;xnn_reshape_multiply_nd_qu8;xnn_reshape_multiply_nd_s32;xnn_reshape_squared_difference_nd_f16;xnn_reshape_squared_difference_nd_f32;xnn_reshape_subtract_nd_f16;xnn_reshape_subtract_nd_f32;xnn_reshape_subtract_nd_qs8;xnn_reshape_subtract_nd_qu8;xnn_run_add_nd_f32;xnn_run_add_nd_qs8;xnn_run_add_nd_qu8;xnn_run_divide_nd_f32;xnn_run_maximum_nd_f32;xnn_run_minimum_nd_f32;xnn_run_multiply_nd_f32;xnn_run_multiply_nd_qs8;xnn_run_multiply_nd_qu8;xnn_run_squared_difference_nd_f32;xnn_run_subtract_nd_f32;xnn_run_subtract_nd_qs8;xnn_run_subtract_nd_qu8;xnn_setup_add_nd_f16;xnn_setup_add_nd_f32;xnn_setup_add_nd_qs8;xnn_setup_add_nd_qu8;xnn_setup_copysign_nd_f32;xnn_setup_divide_nd_f16;xnn_setup_divide_nd_f32;xnn_setup_maximum_nd_f16;xnn_setup_maximum_nd_f32;xnn_setup_minimum_nd_f16;xnn_setup_minimum_nd_f32;xnn_setup_multiply_nd_f16;xnn_setup_multiply_nd_f32;xnn_setup_multiply_nd_qs8;xnn_setup_multiply_nd_qu8;xnn_setup_multiply_nd_s32;xnn_setup_squared_difference_nd_f16;xnn_setup_squared_difference_nd_f32;xnn_setup_subtract_nd_f16;xnn_setup_subtract_nd_f32;xnn_setup_subtract_nd_qs8;xnn_setup_subtract_nd_qu8
nntrainer	armv7l	nntrainer-core/usr/lib/libnntrainer.so	libtensorflow2-lite.a	bitcast.cc.o	4	_ZN6tflite3ops7builtin16Register_BITCASTEv;_ZN6tflite3ops7builtin7bitcast14CalculateShapeEP13TfLiteContextPK12TfLiteTensorS7_PP14TfLiteIntArray;_ZN6tflite3ops7builtin7bitcast4EvalEP13TfLiteContextP10TfLiteNode;_ZN6tflite3ops7builtin7bitcast7PrepareEP13TfLiteContextP10TfLiteNode
nntrainer	armv7l	nntrainer-core/usr/lib/libnntrainer.so	libtensorflow2-lite.a	bitwise_xor.cc.o	5	_ZN6tflite3ops7builtin11bitwise_xor4EvalEP13TfLiteContextP10TfLiteNode;_ZN6tflite3ops7builtin11bitwise_xor4FreeEP13TfLiteContextPv;_ZN6tflite3ops7builtin11bitwise_xor4InitEP13TfLiteContextPKcj;_ZN6tflite3ops7builtin11bitwise_xor7PrepareEP13TfLiteContextP10TfLiteNode;_ZN6tflite3ops7builtin20Register_BITWISE_XOREv
nntrainer	armv7l	nntrainer-core/usr/lib/libnntrainer.so	libtensorflow2-lite.a	block_map.cc.o	5	_ZN3ruy12MakeBlockMapEiiiiiiiiRKNS_14CpuCacheParamsEPNS_8BlockMapE;_ZN3ruy15GetBlockByIndexERKNS_8BlockMapEiPNS_8SidePairIiEE;_ZN3ruy20GetBlockMatrixCoordsENS_4SideERKNS_8BlockMapEiPiS4_;_ZN3ruy20GetBlockMatrixCoordsERKNS_8BlockMapERKNS_8SidePairIiEEPS4_S7_;_ZN3ruy26IsObviouslyLinearTraversalEiiiiiRKNS_14CpuCacheParamsE
nntrainer	armv7l	nntrainer-core/usr/lib/libnntrainer.so	libtensorflow2-lite.a	blocking_counter.cc.o	2	_ZN3ruy15BlockingCounter14DecrementCountEv;_ZN3ruy15BlockingCounter5ResetEi
nntrainer	armv7l	nntrainer-core/usr/lib/libnntrainer.so	libtensorflow2-lite.a	broadcast_args.cc.o	4	_ZN6tflite3ops7builtin14broadcast_args4EvalEP13TfLiteContextP10TfLiteNode;_ZN6tflite3ops7builtin14broadcast_args7PrepareEP13TfLiteContextP10TfLiteNode;_ZN6tflite3ops7builtin14broadcast_args8EvalImplEP13TfLiteContextP10TfLiteNode;_ZN6tflite3ops7builtin23Register_BROADCAST_ARGSEv
nntrainer	armv7l	nntrainer-core/usr/lib/libnntrainer.so	libtensorflow2-lite.a	broadcast_to.cc.o	4	_ZN6tflite3ops7builtin11broadcastto18ResizeOutputTensorEP13TfLiteContextPNS2_18BroadcastToContextE;_ZN6tflite3ops7builtin11broadcastto4EvalEP13TfLiteContextP10TfLiteNode;_ZN6tflite3ops7builtin11broadcastto7PrepareEP13TfLiteContextP10TfLiteNode;_ZN6tflite3ops7builtin21Register_BROADCAST_TOEv
nntrainer	armv7l	nntrainer-core/usr/lib/libnntrainer.so	libtensorflow2-lite.a	bucketize.cc.o	1	_ZN6tflite3ops7builtin18Register_BUCKETIZEEv
nntrainer	armv7l	nntrainer-core/usr/lib/libnntrainer.so	libtensorflow2-lite.a	build_identifier.c.o	3	xnn_experimental_check_build_identifier;xnn_experimental_get_build_identifier_data;xnn_experimental_get_build_identifier_size
nntrainer	armv7l	nntrainer-core/usr/lib/libnntrainer.so	libtensorflow2-lite.a	cache.c.o	17	murmur_hash3;xnn_finalize_weights_cache;xnn_get_or_insert_cache;xnn_init_cache_with_size;xnn_internal_delete_weights_cache;xnn_internal_finalize_weights_cache;xnn_internal_get_or_insert_weights_cache;xnn_internal_init_weights_cache;xnn_internal_init_weights_cache_with_size;xnn_internal_release_weights_cache;xnn_internal_reserve_space_in_weights_cache;xnn_internal_weights_cache_is_finalized;xnn_internal_weights_cache_look_up;xnn_internal_weights_cache_offset_to_addr;xnn_look_up_or_insert_weights_cache;xnn_weights_cache_is_finalized;xnn_weights_cache_look_up
nntrainer	armv7l	nntrainer-core/usr/lib/libnntrainer.so	libtensorflow2-lite.a	call_once.cc.o	5	_ZN6tflite3ops7builtin16call_once_kernel4EvalEP13TfLiteContextP10TfLiteNode;_ZN6tflite3ops7builtin16call_once_kernel4FreeEP13TfLiteContextPv;_ZN6tflite3ops7builtin16call_once_kernel4InitEP13TfLiteContextPKcj;_ZN6tflite3ops7builtin16call_once_kernel7PrepareEP13TfLiteContextP10TfLiteNode;_ZN6tflite3ops7builtin18Register_CALL_ONCEEv
nntrainer	armv7l	nntrainer-core/usr/lib/libnntrainer.so	libtensorflow2-lite.a	cast.cc.o	1	_ZN6tflite3ops7builtin13Register_CASTEv
nntrainer	armv7l	nntrainer-core/usr/lib/libnntrainer.so	libtensorflow2-lite.a	ceil.cc.o	3	_ZN6tflite3ops7builtin13Register_CEILEv;_ZN6tflite3ops7builtin4ceil4EvalEP13TfLiteContextP10TfLiteNode;_ZN6tflite3ops7builtin4ceil7PrepareEP13TfLiteContextP10TfLiteNode
nntrainer	armv7l	nntrainer-core/usr/lib/libnntrainer.so	libtensorflow2-lite.a	ceiling.c.o	1	xnn_define_ceiling
nntrainer	armv7l	nntrainer-core/usr/lib/libnntrainer.so	libtensorflow2-lite.a	charconv.cc.o	2	_ZN4absl12lts_2023080210from_charsEPKcS2_RdNS0_12chars_formatE;_ZN4absl12lts_2023080210from_charsEPKcS2_RfNS0_12chars_formatE
nntrainer	armv7l	nntrainer-core/usr/lib/libnntrainer.so	libtensorflow2-lite.a	charconv_bigint.cc.o	2	_ZN4absl12lts_2023080216strings_internal10kFiveToNthE;_ZN4absl12lts_2023080216strings_internal9kTenToNthE
nntrainer	armv7l	nntrainer-core/usr/lib/libnntrainer.so	libtensorflow2-lite.a	chipset.c.o	1	cpuinfo_arm_fixup_raspberry_pi_chipset
nntrainer	armv7l	nntrainer-core/usr/lib/libnntrainer.so	libtensorflow2-lite.a	clamp.c.o	1	xnn_define_clamp
nntrainer	armv7l	nntrainer-core/usr/lib/libnntrainer.so	libtensorflow2-lite.a	clock.cc.o	2	_ZN4absl12lts_2023080219GetCurrentTimeNanosEv;_ZN4absl12lts_202308023NowEv
nntrainer	armv7l	nntrainer-core/usr/lib/libnntrainer.so	libtensorflow2-lite.a	commandlineflag.cc.o	10	_ZN4absl12lts_2023080214flags_internal18FlagStateInterfaceD0Ev;_ZN4absl12lts_2023080214flags_internal18FlagStateInterfaceD1Ev;_ZN4absl12lts_2023080214flags_internal18FlagStateInterfaceD2Ev;_ZNK4absl12lts_2023080215CommandLineFlag9IsRetiredEv;_ZTIN4absl12lts_2023080214flags_internal18FlagStateInterfaceE;_ZTIN4absl12lts_2023080215CommandLineFlagE;_ZTSN4absl12lts_2023080214flags_internal18FlagStateInterfaceE;_ZTSN4absl12lts_2023080215CommandLineFlagE;_ZTVN4absl12lts_2023080214flags_internal18FlagStateInterfaceE;_ZTVN4absl12lts_2023080215CommandLineFlagE
nntrainer	armv7l	nntrainer-core/usr/lib/libnntrainer.so	libtensorflow2-lite.a	common.cc.o	27	TfLiteDelegateCreate;TfLiteFloatArrayCopy;TfLiteFloatArrayCreate;TfLiteFloatArrayFree;TfLiteFloatArrayGetSizeInBytes;TfLiteIntArrayCopy;TfLiteIntArrayCreate;TfLiteIntArrayEqual;TfLiteIntArrayEqualsArray;TfLiteIntArrayFree;TfLiteIntArrayGetSizeInBytes;TfLiteQuantizationFree;TfLiteSparsityFree;TfLiteTensorCopy;TfLiteTensorDataFree;TfLiteTensorFree;TfLiteTensorGetAllocationStrategy;TfLiteTensorGetBufferAddressStability;TfLiteTensorGetDataKnownStep;TfLiteTensorGetDataStability;TfLiteTensorGetShapeKnownStep;TfLiteTensorRealloc;TfLiteTensorReset;TfLiteTensorResizeMaybeCopy;TfLiteTypeGetName;_ZN6tflite29MultiplyByQuantizedMultiplierEiii;_ZN6tflite29MultiplyByQuantizedMultiplierExii
nntrainer	armv7l	nntrainer-core/usr/lib/libnntrainer.so	libtensorflow2-lite.a	common_internal.cc.o	4	_Z29TfLiteDelegatePrepareInternalP13TfLiteContextP14TfLiteDelegate;_Z30TfLiteDelegateGetFlagsInternalP14TfLiteDelegate;_Z38TfLiteDelegateFreeBufferHandleInternalP13TfLiteContextP14TfLiteDelegatePi;_Z42TfLiteDelegateCopyFromBufferHandleInternalP13TfLiteContextP14TfLiteDelegateiP12TfLiteTensor
nntrainer	armv7l	nntrainer-core/usr/lib/libnntrainer.so	libtensorflow2-lite.a	comparisons.cc.o	7	_ZN6tflite13reference_ops35BroadcastComparison4DSlowPreprocessERKNS_12RuntimeShapeES3_S3_;_ZN6tflite3ops7builtin13Register_LESSEv;_ZN6tflite3ops7builtin14Register_EQUALEv;_ZN6tflite3ops7builtin16Register_GREATEREv;_ZN6tflite3ops7builtin18Register_NOT_EQUALEv;_ZN6tflite3ops7builtin19Register_LESS_EQUALEv;_ZN6tflite3ops7builtin22Register_GREATER_EQUALEv
nntrainer	armv7l	nntrainer-core/usr/lib/libnntrainer.so	libtensorflow2-lite.a	complex_support.cc.o	7	_ZN6tflite3ops7builtin13Register_IMAGEv;_ZN6tflite3ops7builtin13Register_REALEv;_ZN6tflite3ops7builtin20Register_COMPLEX_ABSEv;_ZN6tflite3ops7builtin7complex7EvalAbsEP13TfLiteContextP10TfLiteNode;_ZN6tflite3ops7builtin7complex7PrepareEP13TfLiteContextP10TfLiteNode;_ZN6tflite3ops7builtin7complex8EvalImagEP13TfLiteContextP10TfLiteNode;_ZN6tflite3ops7builtin7complex8EvalRealEP13TfLiteContextP10TfLiteNode
nntrainer	armv7l	nntrainer-core/usr/lib/libnntrainer.so	libtensorflow2-lite.a	concatenate.c.o	7	check_input_compute_type;check_input_value;xnn_define_concatenate2;xnn_define_concatenate3;xnn_define_concatenate4;xnn_define_concatenate5;xnn_define_concatenate_n
nntrainer	armv7l	nntrainer-core/usr/lib/libnntrainer.so	libtensorflow2-lite.a	concatenation.cc.o	4	_ZN6tflite3ops7builtin13concatenation7PrepareEP13TfLiteContextP10TfLiteNode;_ZN6tflite3ops7builtin22Register_CONCATENATIONEv;_ZN6tflite3ops7builtin26Register_CONCATENATION_REFEv;_ZN6tflite3ops7builtin34Register_CONCATENATION_GENERIC_OPTEv
nntrainer	armv7l	nntrainer-core/usr/lib/libnntrainer.so	libtensorflow2-lite.a	constant-pad-nd.c.o	13	run_constant_pad_nd;xnn_create_constant_pad_nd_x16;xnn_create_constant_pad_nd_x32;xnn_create_constant_pad_nd_x8;xnn_reshape_constant_pad_nd_x16;xnn_reshape_constant_pad_nd_x32;xnn_reshape_constant_pad_nd_x8;xnn_run_constant_pad_nd_x16;xnn_run_constant_pad_nd_x32;xnn_run_constant_pad_nd_x8;xnn_setup_constant_pad_nd_x16;xnn_setup_constant_pad_nd_x32;xnn_setup_constant_pad_nd_x8
nntrainer	armv7l	nntrainer-core/usr/lib/libnntrainer.so	libtensorflow2-lite.a	context.cc.o	19	_ZN3ruy7Context11mutable_ctxEv;_ZN3ruy7Context19ClearPrepackedCacheEv;_ZN3ruy7Context19mutable_thread_poolEv;_ZN3ruy7Context19set_explicit_tuningENS_6TuningE;_ZN3ruy7Context19set_max_num_threadsEi;_ZN3ruy7Context24set_num_threads_strategyENS_18NumThreadsStrategyE;_ZN3ruy7Context25get_runtime_enabled_pathsEv;_ZN3ruy7Context25set_runtime_enabled_pathsENS_4PathE;_ZN3ruy7ContextC1Ev;_ZN3ruy7ContextC2Ev;_ZN3ruy7ContextD1Ev;_ZN3ruy7ContextD2Ev;_ZNK3ruy7Context11thread_poolEv;_ZNK3ruy7Context14last_used_pathEv;_ZNK3ruy7Context15explicit_tuningEv;_ZNK3ruy7Context15max_num_threadsEv;_ZNK3ruy7Context20num_threads_strategyEv;_ZNK3ruy7Context20performance_advisoryENS_19PerformanceAdvisoryE;_ZNK3ruy7Context3ctxEv
nntrainer	armv7l	nntrainer-core/usr/lib/libnntrainer.so	libtensorflow2-lite.a	context_get_ctx.cc.o	2	_ZN3ruy7get_ctxEPKNS_7ContextE;_ZN3ruy7get_ctxEPNS_7ContextE
nntrainer	armv7l	nntrainer-core/usr/lib/libnntrainer.so	libtensorflow2-lite.a	conv.cc.o	12	_ZN6tflite3ops7builtin16Register_CONV_2DEv;_ZN6tflite3ops7builtin22Register_CONV_2D_UINT8Ev;_ZN6tflite3ops7builtin24Register_CONVOLUTION_REFEv;_ZN6tflite3ops7builtin30Register_CONVOLUTION_CBLAS_OPTEv;_ZN6tflite3ops7builtin32Register_CONVOLUTION_GENERIC_OPTEv;_ZN6tflite3ops7builtin38Register_CONVOLUTION_GENERIC_OPT_UINT8Ev;_ZN6tflite3ops7builtin38Register_CONVOLUTION_MULTITHREADED_OPTEv;_ZN6tflite3ops7builtin4conv16IsIm2ColRequiredEPK12TfLiteTensorP16TfLiteConvParamsS5_PNS2_6OpDataEbNS2_10KernelTypeE;_ZN6tflite3ops7builtin4conv20TransposeFloatTensorEPK12TfLiteTensorPS3_;_ZN6tflite3ops7builtin4conv4FreeEP13TfLiteContextPv;_ZN6tflite3ops7builtin4conv4InitEP13TfLiteContextPKcj;_ZN6tflite3ops7builtin4conv7PrepareENS2_10KernelTypeEP13TfLiteContextP10TfLiteNode
nntrainer	armv7l	nntrainer-core/usr/lib/libnntrainer.so	libtensorflow2-lite.a	conv3d.cc.o	9	_ZN6tflite3ops7builtin16Register_CONV_3DEv;_ZN6tflite3ops7builtin20Register_CONV_3D_REFEv;_ZN6tflite3ops7builtin28Register_CONV_3D_GENERIC_OPTEv;_ZN6tflite3ops7builtin6conv3d34AllocateTemporaryTensorsIfRequiredENS2_10KernelTypeEP13TfLiteContextP10TfLiteNodePNS2_6OpDataEP18TfLiteConv3DParamsPK12TfLiteTensorj;_ZN6tflite3ops7builtin6conv3d4EvalENS2_10KernelTypeEP13TfLiteContextP10TfLiteNode;_ZN6tflite3ops7builtin6conv3d4FreeEP13TfLiteContextPv;_ZN6tflite3ops7builtin6conv3d4InitEP13TfLiteContextPKcj;_ZN6tflite3ops7builtin6conv3d7PrepareENS2_10KernelTypeEP13TfLiteContextP10TfLiteNode;_ZN6tflite3ops7builtin6conv3d9EvalFloatENS2_10KernelTypeEP13TfLiteContextP10TfLiteNodeP18TfLiteConv3DParamsPNS2_6OpDataEPK12TfLiteTensorSE_SE_PSC_SF_
nntrainer	armv7l	nntrainer-core/usr/lib/libnntrainer.so	libtensorflow2-lite.a	conv3d_transpose.cc.o	9	_ZN6tflite3ops7builtin16conv3d_transpose31ResizeOutputAndTemporaryTensorsEP13TfLiteContextPNS2_6OpDataEP18TfLiteConv3DParamsPK12TfLiteTensorSB_SB_PS9_SC_;_ZN6tflite3ops7builtin16conv3d_transpose4EvalENS2_10KernelTypeEP13TfLiteContextP10TfLiteNode;_ZN6tflite3ops7builtin16conv3d_transpose4FreeEP13TfLiteContextPv;_ZN6tflite3ops7builtin16conv3d_transpose4InitEP13TfLiteContextPKcj;_ZN6tflite3ops7builtin16conv3d_transpose7PrepareENS2_10KernelTypeEP13TfLiteContextP10TfLiteNode;_ZN6tflite3ops7builtin16conv3d_transpose9EvalFloatENS2_10KernelTypeEP13TfLiteContextP10TfLiteNodeP18TfLiteConv3DParamsPNS2_6OpDataEPK12TfLiteTensorSE_SE_PSC_SF_;_ZN6tflite3ops7builtin26Register_CONV_3D_TRANSPOSEEv;_ZN6tflite3ops7builtin30Register_CONV_3D_TRANSPOSE_REFEv;_ZN6tflite3ops7builtin38Register_CONV_3D_TRANSPOSE_GENERIC_OPTEv
nntrainer	armv7l	nntrainer-core/usr/lib/libnntrainer.so	libtensorflow2-lite.a	convert.c.o	2	xnn_define_convert;xnn_init_convert_node
nntrainer	armv7l	nntrainer-core/usr/lib/libnntrainer.so	libtensorflow2-lite.a	convolution-2d.c.o	1	xnn_define_convolution_2d
nntrainer	armv7l	nntrainer-core/usr/lib/libnntrainer.so	libtensorflow2-lite.a	convolution-nchw.c.o	6	xnn_create_convolution2d_nchw_f16;xnn_create_convolution2d_nchw_f32;xnn_reshape_convolution2d_nchw_f16;xnn_reshape_convolution2d_nchw_f32;xnn_setup_convolution2d_nchw_f16;xnn_setup_convolution2d_nchw_f32
nntrainer	armv7l	nntrainer-core/usr/lib/libnntrainer.so	libtensorflow2-lite.a	convolution-nhwc.c.o	22	xnn_create_convolution2d_nhwc_f16;xnn_create_convolution2d_nhwc_f32;xnn_create_convolution2d_nhwc_qd8_f16_qc8w;xnn_create_convolution2d_nhwc_qd8_f32_qc8w;xnn_create_convolution2d_nhwc_qs8;xnn_create_convolution2d_nhwc_qs8_qc8w;xnn_create_convolution2d_nhwc_qu8;xnn_create_fused_convolution2d_nhwc_f32;xnn_reshape_convolution2d_nhwc_f16;xnn_reshape_convolution2d_nhwc_f32;xnn_reshape_convolution2d_nhwc_qd8_f16_qc8w;xnn_reshape_convolution2d_nhwc_qd8_f32_qc8w;xnn_reshape_convolution2d_nhwc_qs8;xnn_reshape_convolution2d_nhwc_qs8_qc8w;xnn_reshape_convolution2d_nhwc_qu8;xnn_setup_convolution2d_nhwc_f16;xnn_setup_convolution2d_nhwc_f32;xnn_setup_convolution2d_nhwc_qd8_f16_qc8w;xnn_setup_convolution2d_nhwc_qd8_f32_qc8w;xnn_setup_convolution2d_nhwc_qs8;xnn_setup_convolution2d_nhwc_qs8_qc8w;xnn_setup_convolution2d_nhwc_qu8
nntrainer	armv7l	nntrainer-core/usr/lib/libnntrainer.so	libtensorflow2-lite.a	copy.c.o	4	define_copy_node;xnn_define_copy;xnn_define_static_expand_dims;xnn_define_static_reshape
nntrainer	armv7l	nntrainer-core/usr/lib/libnntrainer.so	libtensorflow2-lite.a	cpu_backend_context.cc.o	20	_ZN6tflite17CpuBackendContext13SetUseCachingEb;_ZN6tflite17CpuBackendContext14GetFromContextEP13TfLiteContext;_ZN6tflite17CpuBackendContext16RuyHasAvxOrAboveEv;_ZN6tflite17CpuBackendContext16SetMaxNumThreadsEi;_ZN6tflite17CpuBackendContext19PreferGemmlowpOnX86Ev;_ZN6tflite17CpuBackendContext22get_xnnpack_threadpoolEv;_ZN6tflite17CpuBackendContext7CpuInfo17EnsureInitializedEv;_ZN6tflite17CpuBackendContext7CpuInfo3AvxEv;_ZN6tflite17CpuBackendContext7CpuInfo6Avx512Ev;_ZN6tflite17CpuBackendContext7CpuInfo7Avx2FmaEv;_ZN6tflite17CpuBackendContext7CpuInfoD1Ev;_ZN6tflite17CpuBackendContext7CpuInfoD2Ev;_ZN6tflite17CpuBackendContextC1Ev;_ZN6tflite17CpuBackendContextC2Ev;_ZN6tflite17CpuBackendContextD0Ev;_ZN6tflite17CpuBackendContextD1Ev;_ZN6tflite17CpuBackendContextD2Ev;_ZTIN6tflite17CpuBackendContextE;_ZTSN6tflite17CpuBackendContextE;_ZTVN6tflite17CpuBackendContextE
nntrainer	armv7l	nntrainer-core/usr/lib/libnntrainer.so	libtensorflow2-lite.a	cpu_backend_gemm_eigen.cc.o	1	_ZN6tflite16cpu_backend_gemm6detail18GemmImplUsingEigen3RunERKNS0_12MatrixParamsIfEEPKfS6_S8_S6_PfRKNS0_10GemmParamsIffLNS0_18QuantizationFlavorE0EEEPNS_17CpuBackendContextE
nntrainer	armv7l	nntrainer-core/usr/lib/libnntrainer.so	libtensorflow2-lite.a	cpu_check.cc.o	1	_ZN6tflite20DetectArmNeonDotprodEv
nntrainer	armv7l	nntrainer-core/usr/lib/libnntrainer.so	libtensorflow2-lite.a	cpuinfo.cc.o	13	_ZN3ruy7CpuInfo10InitializeEv;_ZN3ruy7CpuInfo11CacheParamsEv;_ZN3ruy7CpuInfo11NeonDotprodEv;_ZN3ruy7CpuInfo14CurrentCpuIsX1Ev;_ZN3ruy7CpuInfo17EnsureInitializedEv;_ZN3ruy7CpuInfo18CurrentCpuIsA55ishEv;_ZN3ruy7CpuInfo3AvxEv;_ZN3ruy7CpuInfo5Sse42Ev;_ZN3ruy7CpuInfo6Avx512Ev;_ZN3ruy7CpuInfo7Avx2FmaEv;_ZN3ruy7CpuInfo7AvxVnniEv;_ZN3ruy7CpuInfoD1Ev;_ZN3ruy7CpuInfoD2Ev
nntrainer	armv7l	nntrainer-core/usr/lib/libnntrainer.so	libtensorflow2-lite.a	create_thread_identity.cc.o	2	_ZN4absl12lts_2023080224synchronization_internal20CreateThreadIdentityEv;_ZN4absl12lts_2023080224synchronization_internal25OneTimeInitThreadIdentityEPNS0_13base_internal14ThreadIdentityE
nntrainer	armv7l	nntrainer-core/usr/lib/libnntrainer.so	libtensorflow2-lite.a	ctx.cc.o	25	_ZN3ruy3Ctx10SelectPathENS_4PathE;_ZN3ruy3Ctx12mutable_implEv;_ZN3ruy3Ctx15mutable_cpuinfoEv;_ZN3ruy3Ctx16GetMainAllocatorEv;_ZN3ruy3Ctx17GetPrepackedCacheEv;_ZN3ruy3Ctx19ClearPrepackedCacheEv;_ZN3ruy3Ctx19GetMainThreadTuningEv;_ZN3ruy3Ctx19mutable_thread_poolEv;_ZN3ruy3Ctx19set_explicit_tuningENS_6TuningE;_ZN3ruy3Ctx19set_max_num_threadsEi;_ZN3ruy3Ctx22GetRuntimeEnabledPathsEv;_ZN3ruy3Ctx22SetRuntimeEnabledPathsENS_4PathE;_ZN3ruy3Ctx24set_num_threads_strategyENS_18NumThreadsStrategyE;_ZN3ruy3Ctx24set_performance_advisoryENS_19PerformanceAdvisoryE;_ZN3ruy3Ctx28clear_performance_advisoriesEv;_ZN3ruy3Ctx29EnsureThreadSpecificResourcesEi;_ZNK3ruy3Ctx11thread_poolEv;_ZNK3ruy3Ctx14last_used_pathEv;_ZNK3ruy3Ctx15explicit_tuningEv;_ZNK3ruy3Ctx15max_num_threadsEv;_ZNK3ruy3Ctx20num_threads_strategyEv;_ZNK3ruy3Ctx20performance_advisoryENS_19PerformanceAdvisoryE;_ZNK3ruy3Ctx26GetThreadSpecificAllocatorEi;_ZNK3ruy3Ctx31GetThreadSpecificTuningResolverEi;_ZNK3ruy3Ctx4implEv
nntrainer	armv7l	nntrainer-core/usr/lib/libnntrainer.so	libtensorflow2-lite.a	cumsum.cc.o	3	_ZN6tflite3ops7builtin15Register_CUMSUMEv;_ZN6tflite3ops7builtin6cumsum4EvalEP13TfLiteContextP10TfLiteNode;_ZN6tflite3ops7builtin6cumsum7PrepareEP13TfLiteContextP10TfLiteNode
nntrainer	armv7l	nntrainer-core/usr/lib/libnntrainer.so	libtensorflow2-lite.a	cycleclock.cc.o	2	_ZN4absl12lts_2023080213base_internal10CycleClock3NowEv;_ZN4absl12lts_2023080213base_internal10CycleClock9FrequencyEv
nntrainer	armv7l	nntrainer-core/usr/lib/libnntrainer.so	libtensorflow2-lite.a	deconvolution-2d.c.o	1	xnn_define_deconvolution_2d
nntrainer	armv7l	nntrainer-core/usr/lib/libnntrainer.so	libtensorflow2-lite.a	deconvolution-nhwc.c.o	19	create_deconvolution2d_nhwc_qs8_qc8w;xnn_create_deconvolution2d_nhwc_f16;xnn_create_deconvolution2d_nhwc_f32;xnn_create_deconvolution2d_nhwc_qd8_f32_qc8w;xnn_create_deconvolution2d_nhwc_qs8;xnn_create_deconvolution2d_nhwc_qs8_qc8w;xnn_create_deconvolution2d_nhwc_qu8;xnn_reshape_deconvolution2d_nhwc_f16;xnn_reshape_deconvolution2d_nhwc_f32;xnn_reshape_deconvolution2d_nhwc_qd8_f32_qc8w;xnn_reshape_deconvolution2d_nhwc_qs8;xnn_reshape_deconvolution2d_nhwc_qs8_qc8w;xnn_reshape_deconvolution2d_nhwc_qu8;xnn_setup_deconvolution2d_nhwc_f16;xnn_setup_deconvolution2d_nhwc_f32;xnn_setup_deconvolution2d_nhwc_qd8_f32_qc8w;xnn_setup_deconvolution2d_nhwc_qs8;xnn_setup_deconvolution2d_nhwc_qs8_qc8w;xnn_setup_deconvolution2d_nhwc_qu8
nntrainer	armv7l	nntrainer-core/usr/lib/libnntrainer.so	libtensorflow2-lite.a	denormal.cc.o	4	_ZN3ruy23ScopedSuppressDenormalsC1Ev;_ZN3ruy23ScopedSuppressDenormalsC2Ev;_ZN3ruy23ScopedSuppressDenormalsD1Ev;_ZN3ruy23ScopedSuppressDenormalsD2Ev
nntrainer	armv7l	nntrainer-core/usr/lib/libnntrainer.so	libtensorflow2-lite.a	densify.cc.o	5	_ZN6tflite3ops7builtin16Register_DENSIFYEv;_ZN6tflite3ops7builtin7densify4EvalEP13TfLiteContextP10TfLiteNode;_ZN6tflite3ops7builtin7densify4FreeEP13TfLiteContextPv;_ZN6tflite3ops7builtin7densify4InitEP13TfLiteContextPKcj;_ZN6tflite3ops7builtin7densify7PrepareEP13TfLiteContextP10TfLiteNode
nntrainer	armv7l	nntrainer-core/usr/lib/libnntrainer.so	libtensorflow2-lite.a	depth-to-space-2d.c.o	2	xnn_define_depth_to_space;xnn_define_depth_to_space_2d
nntrainer	armv7l	nntrainer-core/usr/lib/libnntrainer.so	libtensorflow2-lite.a	depth_to_space.cc.o	4	_ZN6tflite3ops7builtin14depth_to_space7PrepareEP13TfLiteContextP10TfLiteNode;_ZN6tflite3ops7builtin23Register_DEPTH_TO_SPACEEv;_ZN6tflite3ops7builtin27Register_DEPTH_TO_SPACE_REFEv;_ZN6tflite3ops7builtin35Register_DEPTH_TO_SPACE_GENERIC_OPTEv
nntrainer	armv7l	nntrainer-core/usr/lib/libnntrainer.so	libtensorflow2-lite.a	depthwise-convolution-2d.c.o	1	xnn_define_depthwise_convolution_2d
nntrainer	armv7l	nntrainer-core/usr/lib/libnntrainer.so	libtensorflow2-lite.a	depthwise_conv.cc.o	11	_ZN6tflite3ops7builtin14depthwise_conv22ComputeDepthMultiplierEP13TfLiteContextPK12TfLiteTensorS7_Ps;_ZN6tflite3ops7builtin14depthwise_conv27EvalQuantizedPerChannel16x8EPK25TfLiteDepthwiseConvParamsPKNS2_6OpDataEPK12TfLiteTensorSB_SB_PS9_;_ZN6tflite3ops7builtin14depthwise_conv4FreeEP13TfLiteContextPv;_ZN6tflite3ops7builtin14depthwise_conv4InitEP13TfLiteContextPKcj;_ZN6tflite3ops7builtin14depthwise_conv7PrepareEP13TfLiteContextP10TfLiteNode;_ZN6tflite3ops7builtin26Register_DEPTHWISE_CONV_2DEv;_ZN6tflite3ops7builtin32Register_DEPTHWISE_CONV_2D_UINT8Ev;_ZN6tflite3ops7builtin34Register_DEPTHWISE_CONVOLUTION_REFEv;_ZN6tflite3ops7builtin39Register_DEPTHWISE_CONVOLUTION_NEON_OPTEv;_ZN6tflite3ops7builtin42Register_DEPTHWISE_CONVOLUTION_GENERIC_OPTEv;_ZN6tflite3ops7builtin45Register_DEPTHWISE_CONVOLUTION_NEON_OPT_UINT8Ev
nntrainer	armv7l	nntrainer-core/usr/lib/libnntrainer.so	libtensorflow2-lite.a	dequantize.cc.o	6	_ZN6tflite3ops7builtin10dequantize4FreeEP13TfLiteContextPv;_ZN6tflite3ops7builtin10dequantize4InitEP13TfLiteContextPKcj;_ZN6tflite3ops7builtin10dequantize7PrepareEP13TfLiteContextP10TfLiteNode;_ZN6tflite3ops7builtin19Register_DEQUANTIZEEv;_ZN6tflite3ops7builtin23Register_DEQUANTIZE_OPTEv;_ZN6tflite3ops7builtin23Register_DEQUANTIZE_REFEv
nntrainer	armv7l	nntrainer-core/usr/lib/libnntrainer.so	libtensorflow2-lite.a	detection_postprocess.cc.o	17	_ZN6tflite3ops6custom21detection_postprocess13ValidateBoxesEPK12TfLiteTensori;_ZN6tflite3ops6custom21detection_postprocess14SetTensorSizesEP13TfLiteContextP12TfLiteTensorSt16initializer_listIiE;_ZN6tflite3ops6custom21detection_postprocess17DecreasingArgSortEPKfiPi;_ZN6tflite3ops6custom21detection_postprocess21DecodeCenterSizeBoxesEP13TfLiteContextP10TfLiteNodePNS2_6OpDataE;_ZN6tflite3ops6custom21detection_postprocess22DequantizeBoxEncodingsEPK12TfLiteTensoriffiPNS2_18CenterSizeEncodingE;_ZN6tflite3ops6custom21detection_postprocess24DecreasingPartialArgSortEPKfiiPi;_ZN6tflite3ops6custom21detection_postprocess26DequantizeClassPredictionsEPK12TfLiteTensoriiPS3_;_ZN6tflite3ops6custom21detection_postprocess27NonMaxSuppressionMultiClassEP13TfLiteContextP10TfLiteNodePNS2_6OpDataE;_ZN6tflite3ops6custom21detection_postprocess28ComputeIntersectionOverUnionEPK12TfLiteTensorii;_ZN6tflite3ops6custom21detection_postprocess37NonMaxSuppressionMultiClassFastHelperEP13TfLiteContextP10TfLiteNodePNS2_6OpDataEPKf;_ZN6tflite3ops6custom21detection_postprocess40NonMaxSuppressionMultiClassRegularHelperEP13TfLiteContextP10TfLiteNodePNS2_6OpDataEPKf;_ZN6tflite3ops6custom21detection_postprocess4EvalEP13TfLiteContextP10TfLiteNode;_ZN6tflite3ops6custom21detection_postprocess4FreeEP13TfLiteContextPv;_ZN6tflite3ops6custom21detection_postprocess4InitEP13TfLiteContextPKcj;_ZN6tflite3ops6custom21detection_postprocess7PrepareEP13TfLiteContextP10TfLiteNode;_ZN6tflite3ops6custom30Register_DETECTION_POSTPROCESSEv;_ZN6tflite3ops6custom38Register_TFLITE_DETECTION_POST_PROCESSEv
nntrainer	armv7l	nntrainer-core/usr/lib/libnntrainer.so	libtensorflow2-lite.a	dilate.cc.o	1	_ZN6tflite3ops7builtin15Register_DILATEEv
nntrainer	armv7l	nntrainer-core/usr/lib/libnntrainer.so	libtensorflow2-lite.a	div.cc.o	7	_ZN6tflite3ops7builtin12Register_DIVEv;_ZN6tflite3ops7builtin16Register_DIV_REFEv;_ZN6tflite3ops7builtin21Register_DIV_NEON_OPTEv;_ZN6tflite3ops7builtin24Register_DIV_GENERIC_OPTEv;_ZN6tflite3ops7builtin3div4FreeEP13TfLiteContextPv;_ZN6tflite3ops7builtin3div4InitEP13TfLiteContextPKcj;_ZN6tflite3ops7builtin3div7PrepareEP13TfLiteContextP10TfLiteNode
nntrainer	armv7l	nntrainer-core/usr/lib/libnntrainer.so	libtensorflow2-lite.a	divide.c.o	1	xnn_define_divide
nntrainer	armv7l	nntrainer-core/usr/lib/libnntrainer.so	libtensorflow2-lite.a	duration.cc.o	34	_ZN4absl12lts_2023080210ToTimespecENS0_8DurationE;_ZN4absl12lts_2023080212FDivDurationENS0_8DurationES1_;_ZN4absl12lts_2023080212ToInt64HoursENS0_8DurationE;_ZN4absl12lts_2023080213ToChronoHoursENS0_8DurationE;_ZN4absl12lts_2023080213ToDoubleHoursENS0_8DurationE;_ZN4absl12lts_2023080213time_internal12IDivDurationEbNS0_8DurationES2_PS2_;_ZN4absl12lts_2023080214ToInt64MinutesENS0_8DurationE;_ZN4absl12lts_2023080214ToInt64SecondsENS0_8DurationE;_ZN4absl12lts_2023080215ToChronoMinutesENS0_8DurationE;_ZN4absl12lts_2023080215ToChronoSecondsENS0_8DurationE;_ZN4absl12lts_2023080215ToDoubleMinutesENS0_8DurationE;_ZN4absl12lts_2023080215ToDoubleSecondsENS0_8DurationE;_ZN4absl12lts_2023080218ToInt64NanosecondsENS0_8DurationE;_ZN4absl12lts_2023080219DurationFromTimevalE7timeval;_ZN4absl12lts_2023080219ToChronoNanosecondsENS0_8DurationE;_ZN4absl12lts_2023080219ToDoubleNanosecondsENS0_8DurationE;_ZN4absl12lts_2023080219ToInt64MicrosecondsENS0_8DurationE;_ZN4absl12lts_2023080219ToInt64MillisecondsENS0_8DurationE;_ZN4absl12lts_2023080220DurationFromTimespecE8timespec;_ZN4absl12lts_2023080220ToChronoMicrosecondsENS0_8DurationE;_ZN4absl12lts_2023080220ToChronoMillisecondsENS0_8DurationE;_ZN4absl12lts_2023080220ToDoubleMicrosecondsENS0_8DurationE;_ZN4absl12lts_2023080220ToDoubleMillisecondsENS0_8DurationE;_ZN4absl12lts_202308024CeilENS0_8DurationES1_;_ZN4absl12lts_202308025FloorENS0_8DurationES1_;_ZN4absl12lts_202308025TruncENS0_8DurationES1_;_ZN4absl12lts_202308028DurationdVEd;_ZN4absl12lts_202308028DurationdVEx;_ZN4absl12lts_202308028DurationmIES1_;_ZN4absl12lts_202308028DurationmLEd;_ZN4absl12lts_202308028DurationmLEx;_ZN4absl12lts_202308028DurationpLES1_;_ZN4absl12lts_202308028DurationrMES1_;_ZN4absl12lts_202308029ToTimevalENS0_8DurationE
nntrainer	armv7l	nntrainer-core/usr/lib/libnntrainer.so	libtensorflow2-lite.a	dynamic-fully-connected-nc.c.o	6	xnn_create_dynamic_fully_connected_nc_f16;xnn_create_dynamic_fully_connected_nc_f32;xnn_reshape_dynamic_fully_connected_nc_f16;xnn_reshape_dynamic_fully_connected_nc_f32;xnn_setup_dynamic_fully_connected_nc_f16;xnn_setup_dynamic_fully_connected_nc_f32
nntrainer	armv7l	nntrainer-core/usr/lib/libnntrainer.so	libtensorflow2-lite.a	dynamic_update_slice.cc.o	5	_ZN6tflite3ops7builtin20dynamic_update_slice17ClampStartIndicesEiPKxRKNS_12RuntimeShapeES7_;_ZN6tflite3ops7builtin20dynamic_update_slice17TensorIndexToFlatEPKiiRKNS_12RuntimeShapeES4_;_ZN6tflite3ops7builtin20dynamic_update_slice4EvalEP13TfLiteContextP10TfLiteNode;_ZN6tflite3ops7builtin20dynamic_update_slice7PrepareEP13TfLiteContextP10TfLiteNode;_ZN6tflite3ops7builtin29Register_DYNAMIC_UPDATE_SLICEEv
nntrainer	armv7l	nntrainer-core/usr/lib/libnntrainer.so	libtensorflow2-lite.a	eigen_support.cc.o	3	_ZN6tflite13eigen_support19GetThreadPoolDeviceEP13TfLiteContext;_ZN6tflite13eigen_support21DecrementUsageCounterEP13TfLiteContext;_ZN6tflite13eigen_support21IncrementUsageCounterEP13TfLiteContext
nntrainer	armv7l	nntrainer-core/usr/lib/libnntrainer.so	libtensorflow2-lite.a	elementwise.cc.o	8	_ZN6tflite3ops7builtin12Register_ABSEv;_ZN6tflite3ops7builtin12Register_COSEv;_ZN6tflite3ops7builtin12Register_LOGEv;_ZN6tflite3ops7builtin12Register_SINEv;_ZN6tflite3ops7builtin13Register_SQRTEv;_ZN6tflite3ops7builtin14Register_RSQRTEv;_ZN6tflite3ops7builtin15Register_SQUAREEv;_ZN6tflite3ops7builtin20Register_LOGICAL_NOTEv
nntrainer	armv7l	nntrainer-core/usr/lib/libnntrainer.so	libtensorflow2-lite.a	elu.c.o	1	xnn_define_elu
nntrainer	armv7l	nntrainer-core/usr/lib/libnntrainer.so	libtensorflow2-lite.a	embedding_lookup.cc.o	5	_ZN6tflite3ops7builtin16embedding_lookup10EvalHybridEP13TfLiteContextP10TfLiteNodePK12TfLiteTensorS9_PS7_;_ZN6tflite3ops7builtin16embedding_lookup10EvalSimpleEP13TfLiteContextP10TfLiteNodePK12TfLiteTensorS9_PS7_;_ZN6tflite3ops7builtin16embedding_lookup4EvalEP13TfLiteContextP10TfLiteNode;_ZN6tflite3ops7builtin16embedding_lookup7PrepareEP13TfLiteContextP10TfLiteNode;_ZN6tflite3ops7builtin25Register_EMBEDDING_LOOKUPEv
nntrainer	armv7l	nntrainer-core/usr/lib/libnntrainer.so	libtensorflow2-lite.a	embedding_lookup_sparse.cc.o	1	_ZN6tflite3ops7builtin32Register_EMBEDDING_LOOKUP_SPARSEEv
nntrainer	armv7l	nntrainer-core/usr/lib/libnntrainer.so	libtensorflow2-lite.a	error_reporter.cc.o	2	_ZN6tflite13ErrorReporter11ReportErrorEPvPKcz;_ZN6tflite13ErrorReporter6ReportEPKcz
nntrainer	armv7l	nntrainer-core/usr/lib/libnntrainer.so	libtensorflow2-lite.a	even-split.c.o	6	check_output_compute_type;check_output_value;xnn_define_even_split2;xnn_define_even_split3;xnn_define_even_split4;xnn_define_even_split_n
nntrainer	armv7l	nntrainer-core/usr/lib/libnntrainer.so	libtensorflow2-lite.a	exp.cc.o	5	_ZN6tflite3ops7builtin12Register_EXPEv;_ZN6tflite3ops7builtin16Register_EXP_REFEv;_ZN6tflite3ops7builtin3exp4FreeEP13TfLiteContextPv;_ZN6tflite3ops7builtin3exp4InitEP13TfLiteContextPKcj;_ZN6tflite3ops7builtin3exp7PrepareEP13TfLiteContextP10TfLiteNode
nntrainer	armv7l	nntrainer-core/usr/lib/libnntrainer.so	libtensorflow2-lite.a	expand_dims.cc.o	3	_ZN6tflite3ops7builtin11expand_dims4EvalEP13TfLiteContextP10TfLiteNode;_ZN6tflite3ops7builtin11expand_dims7PrepareEP13TfLiteContextP10TfLiteNode;_ZN6tflite3ops7builtin20Register_EXPAND_DIMSEv
nntrainer	armv7l	nntrainer-core/usr/lib/libnntrainer.so	libtensorflow2-lite.a	external_cpu_backend_context.cc.o	2	_ZN6tflite25ExternalCpuBackendContextC1Ev;_ZN6tflite25ExternalCpuBackendContextC2Ev
nntrainer	armv7l	nntrainer-core/usr/lib/libnntrainer.so	libtensorflow2-lite.a	f16-gemm-1x8-minmax-neonfp16arith-ld64.c.o	1	xnn_f16_gemm_minmax_ukernel_1x8__neonfp16arith_ld64
nntrainer	armv7l	nntrainer-core/usr/lib/libnntrainer.so	libtensorflow2-lite.a	f16-gemm-6x8-minmax-neonfp16arith-ld64.c.o	1	xnn_f16_gemm_minmax_ukernel_6x8__neonfp16arith_ld64
nntrainer	armv7l	nntrainer-core/usr/lib/libnntrainer.so	libtensorflow2-lite.a	f32-vcopysign-neon.c.o	3	xnn_f32_vcopysign_ukernel__neon_u12;xnn_f32_vcopysign_ukernel__neon_u16;xnn_f32_vcopysign_ukernel__neon_u4
nntrainer	armv7l	nntrainer-core/usr/lib/libnntrainer.so	libtensorflow2-lite.a	f32-vcopysign-scalar.c.o	3	xnn_f32_vcopysign_ukernel__scalar_u1;xnn_f32_vcopysign_ukernel__scalar_u4;xnn_f32_vcopysign_ukernel__scalar_u8
nntrainer	armv7l	nntrainer-core/usr/lib/libnntrainer.so	libtensorflow2-lite.a	f32-vcopysignc-neon.c.o	3	xnn_f32_vcopysignc_ukernel__neon_u12;xnn_f32_vcopysignc_ukernel__neon_u16;xnn_f32_vcopysignc_ukernel__neon_u4
nntrainer	armv7l	nntrainer-core/usr/lib/libnntrainer.so	libtensorflow2-lite.a	f32-vcopysignc-scalar.c.o	3	xnn_f32_vcopysignc_ukernel__scalar_u1;xnn_f32_vcopysignc_ukernel__scalar_u4;xnn_f32_vcopysignc_ukernel__scalar_u8
nntrainer	armv7l	nntrainer-core/usr/lib/libnntrainer.so	libtensorflow2-lite.a	f32-vrcopysignc-neon.c.o	3	xnn_f32_vrcopysignc_ukernel__neon_u12;xnn_f32_vrcopysignc_ukernel__neon_u16;xnn_f32_vrcopysignc_ukernel__neon_u4
nntrainer	armv7l	nntrainer-core/usr/lib/libnntrainer.so	libtensorflow2-lite.a	f32-vrcopysignc-scalar.c.o	3	xnn_f32_vrcopysignc_ukernel__scalar_u1;xnn_f32_vrcopysignc_ukernel__scalar_u4;xnn_f32_vrcopysignc_ukernel__scalar_u8
nntrainer	armv7l	nntrainer-core/usr/lib/libnntrainer.so	libtensorflow2-lite.a	fake_quant.cc.o	3	_ZN6tflite3ops7builtin10fake_quant7PrepareEP13TfLiteContextP10TfLiteNode;_ZN6tflite3ops7builtin19Register_FAKE_QUANTEv;_ZN6tflite3ops7builtin23Register_FAKE_QUANT_REFEv
nntrainer	armv7l	nntrainer-core/usr/lib/libnntrainer.so	libtensorflow2-lite.a	farmhash.cc.o	33	_ZN10farmhashcc14Fingerprint128EPKcj;_ZN10farmhashcc14Hash32WithSeedEPKcjj;_ZN10farmhashcc6Hash32EPKcj;_ZN10farmhashmk14Hash32WithSeedEPKcjj;_ZN10farmhashmk6Hash32EPKcj;_ZN10farmhashna14Hash64WithSeedEPKcjy;_ZN10farmhashna15Hash64WithSeedsEPKcjyy;_ZN10farmhashna6Hash64EPKcj;_ZN10farmhashnt14Hash32WithSeedEPKcjj;_ZN10farmhashnt6Hash32EPKcj;_ZN10farmhashsa14Hash32WithSeedEPKcjj;_ZN10farmhashsa6Hash32EPKcj;_ZN10farmhashsu14Hash32WithSeedEPKcjj;_ZN10farmhashsu6Hash32EPKcj;_ZN10farmhashte14Hash64WithSeedEPKcjy;_ZN10farmhashte15Hash64WithSeedsEPKcjyy;_ZN10farmhashte6Hash64EPKcj;_ZN10farmhashuo14Hash64WithSeedEPKcjy;_ZN10farmhashuo15Hash64WithSeedsEPKcjyy;_ZN10farmhashuo6Hash64EPKcj;_ZN10farmhashxo14Hash64WithSeedEPKcjy;_ZN10farmhashxo15Hash64WithSeedsEPKcjyy;_ZN10farmhashxo6Hash64EPKcj;_ZN4util13Fingerprint32EPKcj;_ZN4util13Fingerprint64EPKcj;_ZN4util14Fingerprint128EPKcj;_ZN4util14Hash32WithSeedEPKcjj;_ZN4util14Hash64WithSeedEPKcjy;_ZN4util15Hash64WithSeedsEPKcjyy;_ZN4util4HashEPKcj;_ZN4util6Hash32EPKcj;_ZN4util6Hash64EPKcj;_ZN4util7Hash128EPKcj
nntrainer	armv7l	nntrainer-core/usr/lib/libnntrainer.so	libtensorflow2-lite.a	fftsg.c.o	36	bitrv2;bitrv208;bitrv208neg;bitrv216;bitrv216neg;bitrv2conj;cdft;cftb040;cftb1st;cftbsub;cftf040;cftf081;cftf082;cftf161;cftf162;cftf1st;cftfsub;cftfx41;cftleaf;cftmdl1;cftmdl2;cftrec4;cfttree;cftx020;dctsub;ddct;ddst;dfct;dfst;dstsub;makect;makeipt;makewt;rdft;rftbsub;rftfsub
nntrainer	armv7l	nntrainer-core/usr/lib/libnntrainer.so	libtensorflow2-lite.a	fftsg2d.c.o	8	cdft2d;cdft2d_sub;ddct2d;ddst2d;ddxt2d_sub;rdft2d;rdft2d_sub;rdft2dsort
nntrainer	armv7l	nntrainer-core/usr/lib/libnntrainer.so	libtensorflow2-lite.a	file_util.cc.o	12	_ZN6tflite7xnnpack14FileDescriptor4OpenEPKcij;_ZN6tflite7xnnpack14FileDescriptor5CloseEv;_ZN6tflite7xnnpack14FileDescriptor5ResetEi;_ZN6tflite7xnnpack28CreateInMemoryFileDescriptorEPKc;_ZN6tflite7xnnpack31InMemoryFileDescriptorAvailableEv;_ZNK6tflite7xnnpack14FileDescriptor13SetPosFromEndEl;_ZNK6tflite7xnnpack14FileDescriptor4ReadEPvj;_ZNK6tflite7xnnpack14FileDescriptor5WriteEPKvj;_ZNK6tflite7xnnpack14FileDescriptor6GetPosEv;_ZNK6tflite7xnnpack14FileDescriptor6SetPosEl;_ZNK6tflite7xnnpack14FileDescriptor7MovePosEl;_ZNK6tflite7xnnpack14FileDescriptor9DuplicateEv
nntrainer	armv7l	nntrainer-core/usr/lib/libnntrainer.so	libtensorflow2-lite.a	fill.cc.o	4	_ZN6tflite3ops7builtin13Register_FILLEv;_ZN6tflite3ops7builtin4fill10FillStringEPK12TfLiteTensorPS3_;_ZN6tflite3ops7builtin4fill4EvalEP13TfLiteContextP10TfLiteNode;_ZN6tflite3ops7builtin4fill7PrepareEP13TfLiteContextP10TfLiteNode
nntrainer	armv7l	nntrainer-core/usr/lib/libnntrainer.so	libtensorflow2-lite.a	flag.cc.o	29	_ZN4absl12lts_2023080214flags_internal15DynValueDeleterC1EPFPvNS1_6FlagOpEPKvS3_S3_E;_ZN4absl12lts_2023080214flags_internal15DynValueDeleterC2EPFPvNS1_6FlagOpEPKvS3_S3_E;_ZN4absl12lts_2023080214flags_internal17kStrippedFlagHelpE;_ZN4absl12lts_2023080214flags_internal8FlagImpl10StoreValueEPKv;_ZN4absl12lts_2023080214flags_internal8FlagImpl11SetCallbackEPFvvE;_ZN4absl12lts_2023080214flags_internal8FlagImpl12RestoreStateERKNS1_9FlagStateE;_ZN4absl12lts_2023080214flags_internal8FlagImpl4InitEv;_ZN4absl12lts_2023080214flags_internal8FlagImpl5WriteEPKv;_ZN4absl12lts_2023080214flags_internal8FlagImpl9SaveStateEv;_ZNK4absl12lts_2023080214flags_internal15DynValueDeleterclEPv;_ZNK4absl12lts_2023080214flags_internal8FlagImpl11ReadOneBoolEv;_ZNK4absl12lts_2023080214flags_internal8FlagImpl11ReadOneWordEv;_ZNK4absl12lts_2023080214flags_internal8FlagImpl12OneWordValueEv;_ZNK4absl12lts_2023080214flags_internal8FlagImpl13MakeInitValueEv;_ZNK4absl12lts_2023080214flags_internal8FlagImpl14InvokeCallbackEv;_ZNK4absl12lts_2023080214flags_internal8FlagImpl15AssertValidTypeEPKvPFPKSt9type_infovE;_ZNK4absl12lts_2023080214flags_internal8FlagImpl17AtomicBufferValueEv;_ZNK4absl12lts_2023080214flags_internal8FlagImpl17ModificationCountEv;_ZNK4absl12lts_2023080214flags_internal8FlagImpl18AlignedBufferValueEv;_ZNK4absl12lts_2023080214flags_internal8FlagImpl22ReadSequenceLockedDataEPv;_ZNK4absl12lts_2023080214flags_internal8FlagImpl24IsSpecifiedOnCommandLineEv;_ZNK4absl12lts_2023080214flags_internal8FlagImpl33CheckDefaultValueParsingRoundtripEv;_ZNK4absl12lts_2023080214flags_internal8FlagImpl4NameEv;_ZNK4absl12lts_2023080214flags_internal8FlagImpl4ReadEPv;_ZNK4absl12lts_2023080214flags_internal8FlagImpl6TypeIdEv;_ZNK4absl12lts_2023080214flags_internal8FlagImpl9DataGuardEv;_ZTIN4absl12lts_2023080214flags_internal8FlagImplE;_ZTSN4absl12lts_2023080214flags_internal8FlagImplE;_ZTVN4absl12lts_2023080214flags_internal8FlagImplE
nntrainer	armv7l	nntrainer-core/usr/lib/libnntrainer.so	libtensorflow2-lite.a	flatbuffer_conversions.cc.o	105	_ZN6tflite10ParseEqualEPKNS_8OperatorEPNS_13ErrorReporterEPNS_20BuiltinDataAllocatorEPPv;_ZN6tflite10ParseFloorEPKNS_8OperatorEPNS_13ErrorReporterEPNS_20BuiltinDataAllocatorEPPv;_ZN6tflite10ParsePadV2EPKNS_8OperatorEPNS_13ErrorReporterEPNS_20BuiltinDataAllocatorEPPv;_ZN6tflite10ParsePreluEPKNS_8OperatorEPNS_13ErrorReporterEPNS_20BuiltinDataAllocatorEPPv;_ZN6tflite10ParseRelu6EPKNS_8OperatorEPNS_13ErrorReporterEPNS_20BuiltinDataAllocatorEPPv;_ZN6tflite10ParseRoundEPKNS_8OperatorEPNS_13ErrorReporterEPNS_20BuiltinDataAllocatorEPPv;_ZN6tflite10ParseRsqrtEPKNS_8OperatorEPNS_13ErrorReporterEPNS_20BuiltinDataAllocatorEPPv;_ZN6tflite10ParseShapeEPKNS_8OperatorEPNS_13ErrorReporterEPNS_20BuiltinDataAllocatorEPPv;_ZN6tflite10ParseSliceEPKNS_8OperatorEPNS_13ErrorReporterEPNS_20BuiltinDataAllocatorEPPv;_ZN6tflite10ParseSplitEPKNS_8OperatorEPNS_13ErrorReporterEPNS_20BuiltinDataAllocatorEPPv;_ZN6tflite10ParseWhileEPKNS_8OperatorEPNS_13ErrorReporterEPNS_20BuiltinDataAllocatorEPPv;_ZN6tflite11ParseArgMaxEPKNS_8OperatorEPNS_13ErrorReporterEPNS_20BuiltinDataAllocatorEPPv;_ZN6tflite11ParseArgMinEPKNS_8OperatorEPNS_13ErrorReporterEPNS_20BuiltinDataAllocatorEPPv;_ZN6tflite11ParseConv2DEPKNS_8OperatorEPNS_13ErrorReporterEPNS_20BuiltinDataAllocatorEPPv;_ZN6tflite11ParseCumsumEPKNS_8OperatorEPNS_13ErrorReporterEPNS_20BuiltinDataAllocatorEPPv;_ZN6tflite11ParseGatherEPKNS_8OperatorEPNS_13ErrorReporterEPNS_20BuiltinDataAllocatorEPPv;_ZN6tflite11ParseOpDataEPKNS_8OperatorENS_15BuiltinOperatorEPNS_13ErrorReporterEPNS_20BuiltinDataAllocatorEPPv;_ZN6tflite11ParseSplitVEPKNS_8OperatorEPNS_13ErrorReporterEPNS_20BuiltinDataAllocatorEPPv;_ZN6tflite11ParseSquareEPKNS_8OperatorEPNS_13ErrorReporterEPNS_20BuiltinDataAllocatorEPPv;_ZN6tflite11ParseUnpackEPKNS_8OperatorEPNS_13ErrorReporterEPNS_20BuiltinDataAllocatorEPPv;_ZN6tflite12ParseGreaterEPKNS_8OperatorEPNS_13ErrorReporterEPNS_20BuiltinDataAllocatorEPPv;_ZN6tflite12ParseMaximumEPKNS_8OperatorEPNS_13ErrorReporterEPNS_20BuiltinDataAllocatorEPPv;_ZN6tflite12ParseMinimumEPKNS_8OperatorEPNS_13ErrorReporterEPNS_20BuiltinDataAllocatorEPPv;_ZN6tflite12ParseReducerEPKNS_8OperatorEPNS_13ErrorReporterEPNS_20BuiltinDataAllocatorEPPv;_ZN6tflite12ParseReshapeEPKNS_8OperatorEPNS_13ErrorReporterEPNS_20BuiltinDataAllocatorEPPv;_ZN6tflite12ParseSoftmaxEPKNS_8OperatorEPNS_13ErrorReporterEPNS_20BuiltinDataAllocatorEPPv;_ZN6tflite12ParseSqueezeEPKNS_8OperatorEPNS_13ErrorReporterEPNS_20BuiltinDataAllocatorEPPv;_ZN6tflite13ParseCallOnceEPKNS_8OperatorEPNS_13ErrorReporterEPNS_20BuiltinDataAllocatorEPPv;_ZN6tflite13ParseFloorDivEPKNS_8OperatorEPNS_13ErrorReporterEPNS_20BuiltinDataAllocatorEPPv;_ZN6tflite13ParseFloorModEPKNS_8OperatorEPNS_13ErrorReporterEPNS_20BuiltinDataAllocatorEPPv;_ZN6tflite13ParseGatherNdEPKNS_8OperatorEPNS_13ErrorReporterEPNS_20BuiltinDataAllocatorEPPv;_ZN6tflite13ParseLogisticEPKNS_8OperatorEPNS_13ErrorReporterEPNS_20BuiltinDataAllocatorEPPv;_ZN6tflite13ParseNotEqualEPKNS_8OperatorEPNS_13ErrorReporterEPNS_20BuiltinDataAllocatorEPPv;_ZN6tflite13ParseQuantizeEPKNS_8OperatorEPNS_13ErrorReporterEPNS_20BuiltinDataAllocatorEPPv;_ZN6tflite13ParseSelectV2EPKNS_8OperatorEPNS_13ErrorReporterEPNS_20BuiltinDataAllocatorEPPv;_ZN6tflite14ParseHardSwishEPKNS_8OperatorEPNS_13ErrorReporterEPNS_20BuiltinDataAllocatorEPPv;_ZN6tflite14ParseLeakyReluEPKNS_8OperatorEPNS_13ErrorReporterEPNS_20BuiltinDataAllocatorEPPv;_ZN6tflite14ParseLessEqualEPKNS_8OperatorEPNS_13ErrorReporterEPNS_20BuiltinDataAllocatorEPPv;_ZN6tflite14ParseLogicalOrEPKNS_8OperatorEPNS_13ErrorReporterEPNS_20BuiltinDataAllocatorEPPv;_ZN6tflite14ParseMirrorPadEPKNS_8OperatorEPNS_13ErrorReporterEPNS_20BuiltinDataAllocatorEPPv;_ZN6tflite14ParseTransposeEPKNS_8OperatorEPNS_13ErrorReporterEPNS_20BuiltinDataAllocatorEPPv;_ZN6tflite14ParseVarHandleEPKNS_8OperatorEPNS_13ErrorReporterEPNS_20BuiltinDataAllocatorEPPv;_ZN6tflite14ParseZerosLikeEPKNS_8OperatorEPNS_13ErrorReporterEPNS_20BuiltinDataAllocatorEPPv;_ZN6tflite15ParseBitwiseXorEPKNS_8OperatorEPNS_13ErrorReporterEPNS_20BuiltinDataAllocatorEPPv;_ZN6tflite15ParseDequantizeEPKNS_8OperatorEPNS_13ErrorReporterEPNS_20BuiltinDataAllocatorEPPv;_ZN6tflite15ParseExpandDimsEPKNS_8OperatorEPNS_13ErrorReporterEPNS_20BuiltinDataAllocatorEPPv;_ZN6tflite15ParseLogSoftmaxEPKNS_8OperatorEPNS_13ErrorReporterEPNS_20BuiltinDataAllocatorEPPv;_ZN6tflite15ParseLogicalAndEPKNS_8OperatorEPNS_13ErrorReporterEPNS_20BuiltinDataAllocatorEPPv;_ZN6tflite15ParseLogicalNotEPKNS_8OperatorEPNS_13ErrorReporterEPNS_20BuiltinDataAllocatorEPPv;_ZN6tflite15ParseRightShiftEPKNS_8OperatorEPNS_13ErrorReporterEPNS_20BuiltinDataAllocatorEPPv;_ZN6tflite16ParseBatchMatMulEPKNS_8OperatorEPNS_13ErrorReporterEPNS_20BuiltinDataAllocatorEPPv;_ZN6tflite16ParseBroadcastToEPKNS_8OperatorEPNS_13ErrorReporterEPNS_20BuiltinDataAllocatorEPPv;_ZN6tflite17ConvertTensorTypeENS_10TensorTypeEP10TfLiteTypePNS_13ErrorReporterE;_ZN6tflite17ParseDepthToSpaceEPKNS_8OperatorEPNS_13ErrorReporterEPNS_20BuiltinDataAllocatorEPPv;_ZN6tflite17ParseGreaterEqualEPKNS_8OperatorEPNS_13ErrorReporterEPNS_20BuiltinDataAllocatorEPPv;_ZN6tflite17ParseReadVariableEPKNS_8OperatorEPNS_13ErrorReporterEPNS_20BuiltinDataAllocatorEPPv;_ZN6tflite17ParseSpaceToDepthEPKNS_8OperatorEPNS_13ErrorReporterEPNS_20BuiltinDataAllocatorEPPv;_ZN6tflite17ParseStablehloPadEPKNS_8OperatorEPNS_13ErrorReporterEPNS_20BuiltinDataAllocatorEPPv;_ZN6tflite17ParseStridedSliceEPKNS_8OperatorEPNS_13ErrorReporterEPNS_20BuiltinDataAllocatorEPPv;_ZN6tflite18ParseBroadcastArgsEPKNS_8OperatorEPNS_13ErrorReporterEPNS_20BuiltinDataAllocatorEPPv;_ZN6tflite18ParseConcatenationEPKNS_8OperatorEPNS_13ErrorReporterEPNS_20BuiltinDataAllocatorEPPv;_ZN6tflite18ParseTransposeConvEPKNS_8OperatorEPNS_13ErrorReporterEPNS_20BuiltinDataAllocatorEPPv;_ZN6tflite19ParseAssignVariableEPKNS_8OperatorEPNS_13ErrorReporterEPNS_20BuiltinDataAllocatorEPPv;_ZN6tflite19ParseBatchToSpaceNdEPKNS_8OperatorEPNS_13ErrorReporterEPNS_20BuiltinDataAllocatorEPPv;_ZN6tflite19ParseFullyConnectedEPKNS_8OperatorEPNS_13ErrorReporterEPNS_20BuiltinDataAllocatorEPPv;_ZN6tflite19ParseResizeBilinearEPKNS_8OperatorEPNS_13ErrorReporterEPNS_20BuiltinDataAllocatorEPPv;_ZN6tflite19ParseSpaceToBatchNdEPKNS_8OperatorEPNS_13ErrorReporterEPNS_20BuiltinDataAllocatorEPPv;_ZN6tflite20ParseDepthwiseConv2DEPKNS_8OperatorEPNS_13ErrorReporterEPNS_20BuiltinDataAllocatorEPPv;_ZN6tflite20ParseEmbeddingLookupEPKNS_8OperatorEPNS_13ErrorReporterEPNS_20BuiltinDataAllocatorEPPv;_ZN6tflite20ParseL2NormalizationEPKNS_8OperatorEPNS_13ErrorReporterEPNS_20BuiltinDataAllocatorEPPv;_ZN6tflite20ParseStablehloGatherEPKNS_8OperatorEPNS_13ErrorReporterEPNS_20BuiltinDataAllocatorEPPv;_ZN6tflite21ParseStablehloScatterEPKNS_8OperatorEPNS_13ErrorReporterEPNS_20BuiltinDataAllocatorEPPv;_ZN6tflite22ParseSquaredDifferenceEPKNS_8OperatorEPNS_13ErrorReporterEPNS_20BuiltinDataAllocatorEPPv;_ZN6tflite23ParseStablehloCompositeEPKNS_8OperatorEPNS_13ErrorReporterEPNS_20BuiltinDataAllocatorEPPv;_ZN6tflite23ParseStablehloShiftLeftEPKNS_8OperatorEPNS_13ErrorReporterEPNS_20BuiltinDataAllocatorEPPv;_ZN6tflite26ParseResizeNearestNeighborEPKNS_8OperatorEPNS_13ErrorReporterEPNS_20BuiltinDataAllocatorEPPv;_ZN6tflite26ParseStablehloReduceWindowEPKNS_8OperatorEPNS_13ErrorReporterEPNS_20BuiltinDataAllocatorEPPv;_ZN6tflite29ParseStablehloRngBitGeneratorEPKNS_8OperatorEPNS_13ErrorReporterEPNS_20BuiltinDataAllocatorEPPv;_ZN6tflite31ParseUnidirectionalSequenceLSTMEPKNS_8OperatorEPNS_13ErrorReporterEPNS_20BuiltinDataAllocatorEPPv;_ZN6tflite7ParseIfEPKNS_8OperatorEPNS_13ErrorReporterEPNS_20BuiltinDataAllocatorEPPv;_ZN6tflite8ParseAbsEPKNS_8OperatorEPNS_13ErrorReporterEPNS_20BuiltinDataAllocatorEPPv;_ZN6tflite8ParseAddEPKNS_8OperatorEPNS_13ErrorReporterEPNS_20BuiltinDataAllocatorEPPv;_ZN6tflite8ParseCosEPKNS_8OperatorEPNS_13ErrorReporterEPNS_20BuiltinDataAllocatorEPPv;_ZN6tflite8ParseDivEPKNS_8OperatorEPNS_13ErrorReporterEPNS_20BuiltinDataAllocatorEPPv;_ZN6tflite8ParseEluEPKNS_8OperatorEPNS_13ErrorReporterEPNS_20BuiltinDataAllocatorEPPv;_ZN6tflite8ParseExpEPKNS_8OperatorEPNS_13ErrorReporterEPNS_20BuiltinDataAllocatorEPPv;_ZN6tflite8ParseLogEPKNS_8OperatorEPNS_13ErrorReporterEPNS_20BuiltinDataAllocatorEPPv;_ZN6tflite8ParseMulEPKNS_8OperatorEPNS_13ErrorReporterEPNS_20BuiltinDataAllocatorEPPv;_ZN6tflite8ParseNegEPKNS_8OperatorEPNS_13ErrorReporterEPNS_20BuiltinDataAllocatorEPPv;_ZN6tflite8ParsePadEPKNS_8OperatorEPNS_13ErrorReporterEPNS_20BuiltinDataAllocatorEPPv;_ZN6tflite8ParsePowEPKNS_8OperatorEPNS_13ErrorReporterEPNS_20BuiltinDataAllocatorEPPv;_ZN6tflite8ParseSinEPKNS_8OperatorEPNS_13ErrorReporterEPNS_20BuiltinDataAllocatorEPPv;_ZN6tflite8ParseSubEPKNS_8OperatorEPNS_13ErrorReporterEPNS_20BuiltinDataAllocatorEPPv;_ZN6tflite9ParseAddNEPKNS_8OperatorEPNS_13ErrorReporterEPNS_20BuiltinDataAllocatorEPPv;_ZN6tflite9ParseCastEPKNS_8OperatorEPNS_13ErrorReporterEPNS_20BuiltinDataAllocatorEPPv;_ZN6tflite9ParseCeilEPKNS_8OperatorEPNS_13ErrorReporterEPNS_20BuiltinDataAllocatorEPPv;_ZN6tflite9ParseFillEPKNS_8OperatorEPNS_13ErrorReporterEPNS_20BuiltinDataAllocatorEPPv;_ZN6tflite9ParseLSTMEPKNS_8OperatorEPNS_13ErrorReporterEPNS_20BuiltinDataAllocatorEPPv;_ZN6tflite9ParseLessEPKNS_8OperatorEPNS_13ErrorReporterEPNS_20BuiltinDataAllocatorEPPv;_ZN6tflite9ParsePackEPKNS_8OperatorEPNS_13ErrorReporterEPNS_20BuiltinDataAllocatorEPPv;_ZN6tflite9ParsePoolEPKNS_8OperatorEPNS_13ErrorReporterEPNS_20BuiltinDataAllocatorEPPv;_ZN6tflite9ParseReluEPKNS_8OperatorEPNS_13ErrorReporterEPNS_20BuiltinDataAllocatorEPPv;_ZN6tflite9ParseSqrtEPKNS_8OperatorEPNS_13ErrorReporterEPNS_20BuiltinDataAllocatorEPPv;_ZN6tflite9ParseSvdfEPKNS_8OperatorEPNS_13ErrorReporterEPNS_20BuiltinDataAllocatorEPPv;_ZN6tflite9ParseTanhEPKNS_8OperatorEPNS_13ErrorReporterEPNS_20BuiltinDataAllocatorEPPv
nntrainer	armv7l	nntrainer-core/usr/lib/libnntrainer.so	libtensorflow2-lite.a	floor.c.o	1	xnn_define_floor
nntrainer	armv7l	nntrainer-core/usr/lib/libnntrainer.so	libtensorflow2-lite.a	floor.cc.o	3	_ZN6tflite3ops7builtin14Register_FLOOREv;_ZN6tflite3ops7builtin18Register_FLOOR_REFEv;_ZN6tflite3ops7builtin5floor7PrepareEP13TfLiteContextP10TfLiteNode
nntrainer	armv7l	nntrainer-core/usr/lib/libnntrainer.so	libtensorflow2-lite.a	floor_div.cc.o	1	_ZN6tflite3ops7builtin18Register_FLOOR_DIVEv
nntrainer	armv7l	nntrainer-core/usr/lib/libnntrainer.so	libtensorflow2-lite.a	floor_mod.cc.o	1	_ZN6tflite3ops7builtin18Register_FLOOR_MODEv
nntrainer	armv7l	nntrainer-core/usr/lib/libnntrainer.so	libtensorflow2-lite.a	frontend.cc.o	1	_ZN3ruy26MulFrontEndFromTrMulParamsEPNS_3CtxEPNS_11TrMulParamsE
nntrainer	armv7l	nntrainer-core/usr/lib/libnntrainer.so	libtensorflow2-lite.a	fully-connected-nc.c.o	42	xnn_create_fully_connected_nc_f16;xnn_create_fully_connected_nc_f32;xnn_create_fully_connected_nc_f32_qc4w;xnn_create_fully_connected_nc_f32_qc8w;xnn_create_fully_connected_nc_qd8_f16_qb4w;xnn_create_fully_connected_nc_qd8_f16_qc4w;xnn_create_fully_connected_nc_qd8_f16_qc8w;xnn_create_fully_connected_nc_qd8_f32_qb4w;xnn_create_fully_connected_nc_qd8_f32_qc4w;xnn_create_fully_connected_nc_qd8_f32_qc8w;xnn_create_fully_connected_nc_qp8_f32_qc4w;xnn_create_fully_connected_nc_qs8;xnn_create_fully_connected_nc_qs8_qc8w;xnn_create_fully_connected_nc_qu8;xnn_reshape_fully_connected_nc_f16;xnn_reshape_fully_connected_nc_f32;xnn_reshape_fully_connected_nc_f32_qc4w;xnn_reshape_fully_connected_nc_f32_qc8w;xnn_reshape_fully_connected_nc_qd8_f16_qb4w;xnn_reshape_fully_connected_nc_qd8_f16_qc4w;xnn_reshape_fully_connected_nc_qd8_f16_qc8w;xnn_reshape_fully_connected_nc_qd8_f32_qb4w;xnn_reshape_fully_connected_nc_qd8_f32_qc4w;xnn_reshape_fully_connected_nc_qd8_f32_qc8w;xnn_reshape_fully_connected_nc_qp8_f32_qc4w;xnn_reshape_fully_connected_nc_qs8;xnn_reshape_fully_connected_nc_qs8_qc8w;xnn_reshape_fully_connected_nc_qu8;xnn_setup_fully_connected_nc_f16;xnn_setup_fully_connected_nc_f32;xnn_setup_fully_connected_nc_f32_qc4w;xnn_setup_fully_connected_nc_f32_qc8w;xnn_setup_fully_connected_nc_qd8_f16_qb4w;xnn_setup_fully_connected_nc_qd8_f16_qc4w;xnn_setup_fully_connected_nc_qd8_f16_qc8w;xnn_setup_fully_connected_nc_qd8_f32_qb4w;xnn_setup_fully_connected_nc_qd8_f32_qc4w;xnn_setup_fully_connected_nc_qd8_f32_qc8w;xnn_setup_fully_connected_nc_qp8_f32_qc4w;xnn_setup_fully_connected_nc_qs8;xnn_setup_fully_connected_nc_qs8_qc8w;xnn_setup_fully_connected_nc_qu8
nntrainer	armv7l	nntrainer-core/usr/lib/libnntrainer.so	libtensorflow2-lite.a	fully-connected.c.o	2	resize_fully_connected_output_tensor;xnn_define_fully_connected
nntrainer	armv7l	nntrainer-core/usr/lib/libnntrainer.so	libtensorflow2-lite.a	fully_connected.cc.o	15	_ZN6tflite3ops7builtin15fully_connected10EvalHybridEP13TfLiteContextP10TfLiteNodeP26TfLiteFullyConnectedParamsPNS2_6OpDataEPK12TfLiteTensorSD_SD_PSB_SE_SE_SE_SE_SE_;_ZN6tflite3ops7builtin15fully_connected11PrepareImplEP13TfLiteContextP10TfLiteNodeNS2_10KernelTypeE;_ZN6tflite3ops7builtin15fully_connected14VerifySparsityERKNS_12RuntimeShapeES5_S5_PK14TfLiteSparsity;_ZN6tflite3ops7builtin15fully_connected15EvalHybridDenseEP13TfLiteContextP10TfLiteNodeP26TfLiteFullyConnectedParamsPNS2_6OpDataEPK12TfLiteTensorSD_SD_PSB_SE_SE_SE_SE_SE_;_ZN6tflite3ops7builtin15fully_connected15PrepareImpl4BitEP13TfLiteContextP10TfLiteNodeiiiiii;_ZN6tflite3ops7builtin15fully_connected16UpdateOutputSizeEP13TfLiteContextP26TfLiteFullyConnectedParamsPK12TfLiteTensorPS7_iii;_ZN6tflite3ops7builtin15fully_connected19EvalHybridDense4BitEP13TfLiteContextP10TfLiteNodeP26TfLiteFullyConnectedParamsPNS2_6OpDataEPK12TfLiteTensorSD_SD_PSB_SE_SE_SE_SE_;_ZN6tflite3ops7builtin15fully_connected20EvalSparseHybridImplEP13TfLiteContextP10TfLiteNodeP26TfLiteFullyConnectedParamsPNS2_6OpDataEPK12TfLiteTensorSD_SD_iiPSB_SE_SE_SE_SE_SE_;_ZN6tflite3ops7builtin15fully_connected4FreeEP13TfLiteContextPv;_ZN6tflite3ops7builtin15fully_connected4InitEP13TfLiteContextPKcj;_ZN6tflite3ops7builtin15fully_connected7EvalPieEP13TfLiteContextP10TfLiteNodeP26TfLiteFullyConnectedParamsPNS2_6OpDataEPK12TfLiteTensorSD_SD_PSB_;_ZN6tflite3ops7builtin24Register_FULLY_CONNECTEDEv;_ZN6tflite3ops7builtin28Register_FULLY_CONNECTED_PIEEv;_ZN6tflite3ops7builtin28Register_FULLY_CONNECTED_REFEv;_ZN6tflite3ops7builtin36Register_FULLY_CONNECTED_GENERIC_OPTEv
nntrainer	armv7l	nntrainer-core/usr/lib/libnntrainer.so	libtensorflow2-lite.a	fully_connected_reference.cc.o	4	_ZN6tflite14optimized_4bit16ReferencePrepackEPhPKaiiiiii;_ZN6tflite14optimized_4bit18ReferencePackInnerEPKaPhiiiiiiii;_ZN6tflite14optimized_4bit32ReferenceBatchQuantizeFloats4BitEPKfiiPaPfiiPi;_ZN6tflite14optimized_4bit36ReferenceAssignBiasAndComputeOffsetsEPKiPKfS4_S4_Pfii
nntrainer	armv7l	nntrainer-core/usr/lib/libnntrainer.so	libtensorflow2-lite.a	futex_waiter.cc.o	3	_ZN4absl12lts_2023080224synchronization_internal11FutexWaiter4PokeEv;_ZN4absl12lts_2023080224synchronization_internal11FutexWaiter4PostEv;_ZN4absl12lts_2023080224synchronization_internal11FutexWaiter4WaitENS1_13KernelTimeoutE
nntrainer	armv7l	nntrainer-core/usr/lib/libnntrainer.so	libtensorflow2-lite.a	gather.cc.o	7	_ZN6tflite3ops7builtin15Register_GATHEREv;_ZN6tflite3ops7builtin6gather24DispatchEvalPositionTypeEP13TfLiteContextPK18TfLiteGatherParamsPK12TfLiteTensorSA_PS8_;_ZN6tflite3ops7builtin6gather4EvalEP13TfLiteContextP10TfLiteNode;_ZN6tflite3ops7builtin6gather4FreeEP13TfLiteContextPv;_ZN6tflite3ops7builtin6gather4InitEP13TfLiteContextPKcj;_ZN6tflite3ops7builtin6gather7PrepareEP13TfLiteContextP10TfLiteNode;_ZN6tflite3ops7builtin6gather8EvalImplEP13TfLiteContextP10TfLiteNode
nntrainer	armv7l	nntrainer-core/usr/lib/libnntrainer.so	libtensorflow2-lite.a	gather_nd.cc.o	3	_ZN6tflite3ops7builtin18Register_GATHER_NDEv;_ZN6tflite3ops7builtin9gather_nd4EvalEP13TfLiteContextP10TfLiteNode;_ZN6tflite3ops7builtin9gather_nd7PrepareEP13TfLiteContextP10TfLiteNode
nntrainer	armv7l	nntrainer-core/usr/lib/libnntrainer.so	libtensorflow2-lite.a	gelu.c.o	1	xnn_define_gelu
nntrainer	armv7l	nntrainer-core/usr/lib/libnntrainer.so	libtensorflow2-lite.a	global-average-pooling-ncw.c.o	6	xnn_create_global_average_pooling_ncw_f16;xnn_create_global_average_pooling_ncw_f32;xnn_reshape_global_average_pooling_ncw_f16;xnn_reshape_global_average_pooling_ncw_f32;xnn_setup_global_average_pooling_ncw_f16;xnn_setup_global_average_pooling_ncw_f32
nntrainer	armv7l	nntrainer-core/usr/lib/libnntrainer.so	libtensorflow2-lite.a	global-average-pooling-nwc.c.o	18	xnn_create_global_average_pooling_nwc_f16;xnn_create_global_average_pooling_nwc_f32;xnn_create_global_average_pooling_nwc_qs8;xnn_create_global_average_pooling_nwc_qu8;xnn_create_global_sum_pooling_nwc_f16;xnn_create_global_sum_pooling_nwc_f32;xnn_reshape_global_average_pooling_nwc_f16;xnn_reshape_global_average_pooling_nwc_f32;xnn_reshape_global_average_pooling_nwc_qs8;xnn_reshape_global_average_pooling_nwc_qu8;xnn_reshape_global_sum_pooling_nwc_f16;xnn_reshape_global_sum_pooling_nwc_f32;xnn_setup_global_average_pooling_nwc_f16;xnn_setup_global_average_pooling_nwc_f32;xnn_setup_global_average_pooling_nwc_qs8;xnn_setup_global_average_pooling_nwc_qu8;xnn_setup_global_sum_pooling_nwc_f16;xnn_setup_global_sum_pooling_nwc_f32
nntrainer	armv7l	nntrainer-core/usr/lib/libnntrainer.so	libtensorflow2-lite.a	global-average-pooling.c.o	2	xnn_define_global_average_pooling_1d;xnn_define_global_average_pooling_2d
nntrainer	armv7l	nntrainer-core/usr/lib/libnntrainer.so	libtensorflow2-lite.a	global-sum-pooling.c.o	2	xnn_define_global_sum_pooling_1d;xnn_define_global_sum_pooling_2d
nntrainer	armv7l	nntrainer-core/usr/lib/libnntrainer.so	libtensorflow2-lite.a	hardswish.c.o	1	xnn_define_hardswish
nntrainer	armv7l	nntrainer-core/usr/lib/libnntrainer.so	libtensorflow2-lite.a	hashtable.cc.o	3	_ZN6tflite3ops7builtin18Register_HASHTABLEEv;_ZN6tflite3ops7builtin9hashtable13EvalHashtableEP13TfLiteContextP10TfLiteNode;_ZN6tflite3ops7builtin9hashtable16PrepareHashtableEP13TfLiteContextP10TfLiteNode
nntrainer	armv7l	nntrainer-core/usr/lib/libnntrainer.so	libtensorflow2-lite.a	hashtable_find.cc.o	3	_ZN6tflite3ops7builtin23Register_HASHTABLE_FINDEv;_ZN6tflite3ops7builtin9hashtable17EvalHashtableFindEP13TfLiteContextP10TfLiteNode;_ZN6tflite3ops7builtin9hashtable20PrepareHashtableFindEP13TfLiteContextP10TfLiteNode
nntrainer	armv7l	nntrainer-core/usr/lib/libnntrainer.so	libtensorflow2-lite.a	hashtable_import.cc.o	3	_ZN6tflite3ops7builtin25Register_HASHTABLE_IMPORTEv;_ZN6tflite3ops7builtin9hashtable19EvalHashtableImportEP13TfLiteContextP10TfLiteNode;_ZN6tflite3ops7builtin9hashtable22PrepareHashtableImportEP13TfLiteContextP10TfLiteNode
nntrainer	armv7l	nntrainer-core/usr/lib/libnntrainer.so	libtensorflow2-lite.a	hashtable_lookup.cc.o	1	_ZN6tflite3ops7builtin25Register_HASHTABLE_LOOKUPEv
nntrainer	armv7l	nntrainer-core/usr/lib/libnntrainer.so	libtensorflow2-lite.a	hashtable_size.cc.o	3	_ZN6tflite3ops7builtin23Register_HASHTABLE_SIZEEv;_ZN6tflite3ops7builtin9hashtable17EvalHashtableSizeEP13TfLiteContextP10TfLiteNode;_ZN6tflite3ops7builtin9hashtable20PrepareHashtableSizeEP13TfLiteContextP10TfLiteNode
nntrainer	armv7l	nntrainer-core/usr/lib/libnntrainer.so	libtensorflow2-lite.a	if.cc.o	7	_ZN6tflite3ops7builtin11Register_IFEv;_ZN6tflite3ops7builtin9if_kernel11Eval_staticEP13TfLiteContextP10TfLiteNodePNS_8SubgraphE;_ZN6tflite3ops7builtin9if_kernel12Eval_dynamicEP13TfLiteContextP10TfLiteNodePNS_8SubgraphE;_ZN6tflite3ops7builtin9if_kernel4EvalEP13TfLiteContextP10TfLiteNode;_ZN6tflite3ops7builtin9if_kernel4FreeEP13TfLiteContextPv;_ZN6tflite3ops7builtin9if_kernel4InitEP13TfLiteContextPKcj;_ZN6tflite3ops7builtin9if_kernel7PrepareEP13TfLiteContextP10TfLiteNode
nntrainer	armv7l	nntrainer-core/usr/lib/libnntrainer.so	libtensorflow2-lite.a	init.c.o	5	cpuinfo_deinitialize;cpuinfo_initialize;cpuinfo_isa;xnn_deinitialize;xnn_initialize
nntrainer	armv7l	nntrainer-core/usr/lib/libnntrainer.so	libtensorflow2-lite.a	initialization_status.cc.o	5	_ZN6tflite8resource20InitializationStatus13IsInitializedEv;_ZN6tflite8resource20InitializationStatus24MarkInitializationIsDoneEv;_ZTIN6tflite8resource20InitializationStatusE;_ZTSN6tflite8resource20InitializationStatusE;_ZTVN6tflite8resource20InitializationStatusE
nntrainer	armv7l	nntrainer-core/usr/lib/libnntrainer.so	libtensorflow2-lite.a	int128.cc.o	17	_ZN4absl12lts_2023080211kuint128maxE;_ZN4absl12lts_202308026int128C1Ed;_ZN4absl12lts_202308026int128C1Ee;_ZN4absl12lts_202308026int128C1Ef;_ZN4absl12lts_202308026int128C2Ed;_ZN4absl12lts_202308026int128C2Ee;_ZN4absl12lts_202308026int128C2Ef;_ZN4absl12lts_202308027uint128C1Ed;_ZN4absl12lts_202308027uint128C1Ee;_ZN4absl12lts_202308027uint128C1Ef;_ZN4absl12lts_202308027uint128C2Ed;_ZN4absl12lts_202308027uint128C2Ee;_ZN4absl12lts_202308027uint128C2Ef;_ZN4absl12lts_20230802dvENS0_6int128ES1_;_ZN4absl12lts_20230802dvENS0_7uint128ES1_;_ZN4absl12lts_20230802rmENS0_6int128ES1_;_ZN4absl12lts_20230802rmENS0_7uint128ES1_
nntrainer	armv7l	nntrainer-core/usr/lib/libnntrainer.so	libtensorflow2-lite.a	interpreter.cc.o	24	_ZN6tflite4impl11Interpreter10AddTensorsEiPi;_ZN6tflite4impl11Interpreter12AddSubgraphsEiPi;_ZN6tflite4impl11Interpreter13SetNumThreadsEi;_ZN6tflite4impl11Interpreter15AllocateTensorsEv;_ZN6tflite4impl11Interpreter16ApplyOptionsImplEPNS_18InterpreterOptionsE;_ZN6tflite4impl11Interpreter18EnableCancellationEv;_ZN6tflite4impl11Interpreter18GetSignatureRunnerEPKcb;_ZN6tflite4impl11Interpreter18RemoveAllDelegatesEv;_ZN6tflite4impl11Interpreter18SetExternalContextE25TfLiteExternalContextTypeP21TfLiteExternalContext;_ZN6tflite4impl11Interpreter19SetSubgraphProfilerEv;_ZN6tflite4impl11Interpreter23ReportTelemetrySettingsEPKc;_ZN6tflite4impl11Interpreter26ApplyLazyDelegateProvidersEv;_ZN6tflite4impl11Interpreter27ModifyGraphWithDelegateImplEP14TfLiteDelegate;_ZN6tflite4impl11Interpreter27SetTensorParametersReadOnlyEi10TfLiteTypePKcjPKi24TfLiteQuantizationParamsS4_jPKNS_10AllocationE;_ZN6tflite4impl11Interpreter28SetTensorParametersReadWriteEi10TfLiteTypePKcjPKi24TfLiteQuantizationParamsbjS6_;_ZN6tflite4impl11Interpreter29CreatePlaceholderSignatureDefEv;_ZN6tflite4impl11Interpreter42ReplaceWithPlaceholderSignatureKeyIfNeededEPKc;_ZN6tflite4impl11Interpreter6CancelEv;_ZN6tflite4impl11Interpreter6InvokeEv;_ZN6tflite4impl11InterpreterC1EPNS_13ErrorReporterE;_ZN6tflite4impl11InterpreterC2EPNS_13ErrorReporterE;_ZN6tflite4impl11InterpreterD1Ev;_ZN6tflite4impl11InterpreterD2Ev;_ZNK6tflite4impl11Interpreter16IsFullyDelegatedEv
nntrainer	armv7l	nntrainer-core/usr/lib/libnntrainer.so	libtensorflow2-lite.a	interpreter_builder.cc.o	16	_ZN6tflite4impl18InterpreterBuilder10ParseNodesEPKN11flatbuffers6VectorINS2_6OffsetINS_8OperatorEEEjEEPNS_8SubgraphE;_ZN6tflite4impl18InterpreterBuilder11AddDelegateEP14TfLiteDelegate;_ZN6tflite4impl18InterpreterBuilder11AddDelegateEP26TfLiteOpaqueDelegateStruct;_ZN6tflite4impl18InterpreterBuilder12ParseTensorsEPKN11flatbuffers6VectorINS2_6OffsetINS_6BufferEEEjEEPKNS3_INS4_INS_6TensorEEEjEEPNS_8SubgraphEP27TfLiteTelemetrySubgraphInfo;_ZN6tflite4impl18InterpreterBuilder13ParseSparsityEPKNS_18SparsityParametersEPP14TfLiteSparsity;_ZN6tflite4impl18InterpreterBuilder13SetNumThreadsEi;_ZN6tflite4impl18InterpreterBuilder14ApplyDelegatesEPNS0_11InterpreterE;_ZN6tflite4impl18InterpreterBuilder18ParseSignatureDefsEPKN11flatbuffers6VectorINS2_6OffsetINS_12SignatureDefEEEjEEPNS0_11InterpreterE;_ZN6tflite4impl18InterpreterBuilder23ParseConversionMetadataEP34TfLiteTelemetryInterpreterSettings;_ZN6tflite4impl18InterpreterBuilder36BuildLocalIndexToRegistrationMappingEv;_ZN6tflite4impl18InterpreterBuilderC1EPKNS_5ModelERKNS_10OpResolverEPNS_13ErrorReporterEPKNS_18InterpreterOptionsEPKNS_10AllocationE;_ZN6tflite4impl18InterpreterBuilderC1ERKNS0_15FlatBufferModelERKNS_10OpResolverEPKNS_18InterpreterOptionsE;_ZN6tflite4impl18InterpreterBuilderC2EPKNS_5ModelERKNS_10OpResolverEPNS_13ErrorReporterEPKNS_18InterpreterOptionsEPKNS_10AllocationE;_ZN6tflite4impl18InterpreterBuilderC2ERKNS0_15FlatBufferModelERKNS_10OpResolverEPKNS_18InterpreterOptionsE;_ZN6tflite4impl18InterpreterBuilderD1Ev;_ZN6tflite4impl18InterpreterBuilderD2Ev
nntrainer	armv7l	nntrainer-core/usr/lib/libnntrainer.so	libtensorflow2-lite.a	kernel_arm32.cc.o	3	_ZN3ruy14Kernel8bitNeonERKNS_16KernelParams8bitILi4ELi2EEE;_ZN3ruy17KernelFloat32NeonERKNS_17KernelParamsFloatILi8ELi4EEE;_ZN3ruy18Kernel8bitNeon1ColERKNS_16KernelParams8bitILi4ELi2EEE
nntrainer	armv7l	nntrainer-core/usr/lib/libnntrainer.so	libtensorflow2-lite.a	kernel_timeout.cc.o	13	_ZN4absl12lts_2023080224synchronization_internal13KernelTimeout14SteadyClockNowEv;_ZN4absl12lts_2023080224synchronization_internal13KernelTimeoutC1ENS0_4TimeE;_ZN4absl12lts_2023080224synchronization_internal13KernelTimeoutC1ENS0_8DurationE;_ZN4absl12lts_2023080224synchronization_internal13KernelTimeoutC2ENS0_4TimeE;_ZN4absl12lts_2023080224synchronization_internal13KernelTimeoutC2ENS0_8DurationE;_ZNK4absl12lts_2023080224synchronization_internal13KernelTimeout12MakeAbsNanosEv;_ZNK4absl12lts_2023080224synchronization_internal13KernelTimeout15MakeAbsTimespecEv;_ZNK4absl12lts_2023080224synchronization_internal13KernelTimeout16ToChronoDurationEv;_ZNK4absl12lts_2023080224synchronization_internal13KernelTimeout17ToChronoTimePointEv;_ZNK4absl12lts_2023080224synchronization_internal13KernelTimeout20InNanosecondsFromNowEv;_ZNK4absl12lts_2023080224synchronization_internal13KernelTimeout20MakeRelativeTimespecEv;_ZNK4absl12lts_2023080224synchronization_internal13KernelTimeout21InMillisecondsFromNowEv;_ZNK4absl12lts_2023080224synchronization_internal13KernelTimeout25MakeClockAbsoluteTimespecEi
nntrainer	armv7l	nntrainer-core/usr/lib/libnntrainer.so	libtensorflow2-lite.a	kernel_util.cc.o	22	_ZN6tflite12GetInputSafeEPK13TfLiteContextPK10TfLiteNodeiPPK12TfLiteTensor;_ZN6tflite12GetTemporaryEP13TfLiteContextPK10TfLiteNodei;_ZN6tflite13GetOutputSafeEPK13TfLiteContextPK10TfLiteNodeiPP12TfLiteTensor;_ZN6tflite14HaveSameShapesEPK12TfLiteTensorS2_;_ZN6tflite16GetIntermediatesEP13TfLiteContextPK10TfLiteNodei;_ZN6tflite16GetTemporarySafeEPK13TfLiteContextPK10TfLiteNodeiPP12TfLiteTensor;_ZN6tflite16GetVariableInputEP13TfLiteContextPK10TfLiteNodei;_ZN6tflite16IsMobilePlatformEv;_ZN6tflite17TfLiteTypeGetSizeE10TfLiteType;_ZN6tflite20GetIntermediatesSafeEPK13TfLiteContextPK10TfLiteNodeiPP12TfLiteTensor;_ZN6tflite22GetOptionalInputTensorEPK13TfLiteContextPK10TfLiteNodei;_ZN6tflite23GetOutputShapeFromInputEP13TfLiteContextPK12TfLiteTensorPP14TfLiteIntArray;_ZN6tflite23HasUnspecifiedDimensionEPK12TfLiteTensor;_ZN6tflite26CalculateShapeForBroadcastEP13TfLiteContextPK12TfLiteTensorS4_PP14TfLiteIntArray;_ZN6tflite26CalculateShapeForBroadcastEP13TfLiteContextPK12TfLiteTensorS4_S4_PP14TfLiteIntArray;_ZN6tflite32GetQuantizedConvolutionMultiplerEP13TfLiteContextPK12TfLiteTensorS4_PS2_Pd;_ZN6tflite32GetQuantizedConvolutionMultiplerEP13TfLiteContextPK12TfLiteTensorS4_S4_PS2_Pd;_ZN6tflite33CalculateActivationRangeQuantizedEP13TfLiteContext21TfLiteFusedActivationP12TfLiteTensorPiS5_;_ZN6tflite37PopulateConvolutionQuantizationParamsEP13TfLiteContextPK12TfLiteTensorS4_S4_PS2_RK21TfLiteFusedActivationPiS9_S9_S9_S9_S9_;_ZN6tflite37PopulateConvolutionQuantizationParamsEP13TfLiteContextPK12TfLiteTensorS4_S4_PS2_RK21TfLiteFusedActivationPiS9_S9_S9_S9_S9_i;_ZN6tflite8GetInputEPK13TfLiteContextPK10TfLiteNodei;_ZN6tflite9GetOutputEP13TfLiteContextPK10TfLiteNodei
nntrainer	armv7l	nntrainer-core/usr/lib/libnntrainer.so	libtensorflow2-lite.a	kernel_utils.cc.o	4	_ZN6tflite12kernel_utils12RnnBatchStepEPKfPKafS2_S4_fS4_fS2_iiiii21TfLiteFusedActivationPaS6_S6_PfS7_S7_bPiS8_S8_Pb;_ZN6tflite12kernel_utils12RnnBatchStepEPKfPKafS4_fS2_iiii21TfLiteFusedActivationPaS6_PfS7_S7_bPiS8_S8_Pb;_ZN6tflite12kernel_utils12RnnBatchStepEPKfS2_S2_S2_S2_S2_iiiii21TfLiteFusedActivationPfS4_;_ZN6tflite12kernel_utils12RnnBatchStepEPKfS2_S2_S2_iiii21TfLiteFusedActivationPfS4_
nntrainer	armv7l	nntrainer-core/usr/lib/libnntrainer.so	libtensorflow2-lite.a	l2norm.cc.o	4	_ZN6tflite3ops7builtin19Register_L2NORM_REFEv;_ZN6tflite3ops7builtin25Register_L2_NORMALIZATIONEv;_ZN6tflite3ops7builtin27Register_L2NORM_GENERIC_OPTEv;_ZN6tflite3ops7builtin6l2norm7PrepareEP13TfLiteContextP10TfLiteNode
nntrainer	armv7l	nntrainer-core/usr/lib/libnntrainer.so	libtensorflow2-lite.a	leaky-relu.c.o	1	xnn_define_leaky_relu
nntrainer	armv7l	nntrainer-core/usr/lib/libnntrainer.so	libtensorflow2-lite.a	local_response_norm.cc.o	4	_ZN6tflite3ops7builtin19local_response_norm7PrepareEP13TfLiteContextP10TfLiteNode;_ZN6tflite3ops7builtin32Register_LOCAL_RESPONSE_NORM_REFEv;_ZN6tflite3ops7builtin37Register_LOCAL_RESPONSE_NORMALIZATIONEv;_ZN6tflite3ops7builtin40Register_LOCAL_RESPONSE_NORM_GENERIC_OPTEv
nntrainer	armv7l	nntrainer-core/usr/lib/libnntrainer.so	libtensorflow2-lite.a	log.c.o	2	cpuinfo_vlog_error;cpuinfo_vlog_fatal
nntrainer	armv7l	nntrainer-core/usr/lib/libnntrainer.so	libtensorflow2-lite.a	logical.cc.o	2	_ZN6tflite3ops7builtin19Register_LOGICAL_OREv;_ZN6tflite3ops7builtin20Register_LOGICAL_ANDEv
nntrainer	armv7l	nntrainer-core/usr/lib/libnntrainer.so	libtensorflow2-lite.a	low_level_alloc.cc.o	8	_ZN4absl12lts_2023080213base_internal13LowLevelAlloc11DeleteArenaEPNS2_5ArenaE;_ZN4absl12lts_2023080213base_internal13LowLevelAlloc12DefaultArenaEv;_ZN4absl12lts_2023080213base_internal13LowLevelAlloc14AllocWithArenaEjPNS2_5ArenaE;_ZN4absl12lts_2023080213base_internal13LowLevelAlloc4FreeEPv;_ZN4absl12lts_2023080213base_internal13LowLevelAlloc5AllocEj;_ZN4absl12lts_2023080213base_internal13LowLevelAlloc5ArenaC1Ej;_ZN4absl12lts_2023080213base_internal13LowLevelAlloc5ArenaC2Ej;_ZN4absl12lts_2023080213base_internal13LowLevelAlloc8NewArenaEj
nntrainer	armv7l	nntrainer-core/usr/lib/libnntrainer.so	libtensorflow2-lite.a	lsh_projection.cc.o	6	_ZN6tflite3ops7builtin14lsh_projection14RunningSignBitEPK12TfLiteTensorS5_f;_ZN6tflite3ops7builtin14lsh_projection18DenseLshProjectionEPK12TfLiteTensorS5_S5_Pi;_ZN6tflite3ops7builtin14lsh_projection19SparseLshProjectionEPK12TfLiteTensorS5_S5_Pi;_ZN6tflite3ops7builtin14lsh_projection4EvalEP13TfLiteContextP10TfLiteNode;_ZN6tflite3ops7builtin14lsh_projection6ResizeEP13TfLiteContextP10TfLiteNode;_ZN6tflite3ops7builtin23Register_LSH_PROJECTIONEv
nntrainer	armv7l	nntrainer-core/usr/lib/libnntrainer.so	libtensorflow2-lite.a	lstm.cc.o	13	_ZN6tflite3ops7builtin13Register_LSTMEv;_ZN6tflite3ops7builtin4lstm4EvalEP13TfLiteContextP10TfLiteNode;_ZN6tflite3ops7builtin4lstm4FreeEP13TfLiteContextPv;_ZN6tflite3ops7builtin4lstm4InitEP13TfLiteContextPKcj;_ZN6tflite3ops7builtin4lstm4full26CheckInputTensorDimensionsEP13TfLiteContextP10TfLiteNodeiiibb;_ZN6tflite3ops7builtin4lstm4full41PopulatePrecomputedZPTimesWeightsWithBiasEP13TfLiteContextPNS2_6OpDataEP10TfLiteNode;_ZN6tflite3ops7builtin4lstm4full4EvalEP13TfLiteContextP10TfLiteNode;_ZN6tflite3ops7builtin4lstm4full4InitEP13TfLiteContextPKcj;_ZN6tflite3ops7builtin4lstm4full7PrepareEP13TfLiteContextP10TfLiteNode;_ZN6tflite3ops7builtin4lstm5basic4EvalEP13TfLiteContextP10TfLiteNode;_ZN6tflite3ops7builtin4lstm5basic4InitEP13TfLiteContextPKcj;_ZN6tflite3ops7builtin4lstm5basic7PrepareEP13TfLiteContextP10TfLiteNode;_ZN6tflite3ops7builtin4lstm7PrepareEP13TfLiteContextP10TfLiteNode
nntrainer	armv7l	nntrainer-core/usr/lib/libnntrainer.so	libtensorflow2-lite.a	lstm_eval.cc.o	4	_ZN6tflite3ops7builtin9lstm_eval10EvalHybridEPK12TfLiteTensorS5_S5_S5_S5_S5_S5_S5_S5_S5_S5_S5_S5_S5_S5_S5_S5_S5_S5_S5_S5_S5_S5_S5_S5_S5_S5_S5_S5_S5_S5_S5_S5_S5_S5_S5_PK16TfLiteLSTMParamsbbiPS3_S9_S9_S9_S9_S9_S9_S9_S9_S9_S9_S9_S9_S9_S9_S9_S9_S9_iPbbbbbPNS_17CpuBackendContextE;_ZN6tflite3ops7builtin9lstm_eval16EvalInteger8x8_8EPK12TfLiteTensorS5_S5_S5_S5_S5_S5_S5_S5_S5_S5_S5_S5_S5_S5_S5_S5_S5_S5_S5_S5_S5_PK16TfLiteLSTMParamsPS3_S9_S9_PKNS2_20IntegerLstmParameterES9_S9_S9_S9_S9_S9_S9_S9_;_ZN6tflite3ops7builtin9lstm_eval17EvalInteger8x8_16EPK12TfLiteTensorS5_S5_S5_S5_S5_S5_S5_S5_S5_S5_S5_S5_S5_S5_S5_S5_S5_S5_S5_S5_S5_PK16TfLiteLSTMParamsbbPKNS2_20IntegerLstmParameterEPS3_SC_SC_SC_SC_SC_SC_SC_SC_PNS_17CpuBackendContextE;_ZN6tflite3ops7builtin9lstm_eval9EvalFloatEPK12TfLiteTensorS5_S5_S5_S5_S5_S5_S5_S5_S5_S5_S5_S5_S5_S5_S5_S5_S5_S5_S5_S5_S5_S5_S5_S5_S5_S5_PK16TfLiteLSTMParamsbbiPS3_S9_S9_S9_bbbbPNS_17CpuBackendContextE
nntrainer	armv7l	nntrainer-core/usr/lib/libnntrainer.so	libtensorflow2-lite.a	lut-elementwise-nc.c.o	15	xnn_create_elu_nc_qs8;xnn_create_sigmoid_nc_qs8;xnn_create_sigmoid_nc_qu8;xnn_create_tanh_nc_qs8;xnn_create_tanh_nc_qu8;xnn_reshape_elu_nc_qs8;xnn_reshape_sigmoid_nc_qs8;xnn_reshape_sigmoid_nc_qu8;xnn_reshape_tanh_nc_qs8;xnn_reshape_tanh_nc_qu8;xnn_setup_elu_nc_qs8;xnn_setup_sigmoid_nc_qs8;xnn_setup_sigmoid_nc_qu8;xnn_setup_tanh_nc_qs8;xnn_setup_tanh_nc_qu8
nntrainer	armv7l	nntrainer-core/usr/lib/libnntrainer.so	libtensorflow2-lite.a	matrix_diag.cc.o	4	_ZN6tflite3ops7builtin11matrix_diag14FillDiagHelperEPK12TfLiteTensorPS3_;_ZN6tflite3ops7builtin11matrix_diag4EvalEP13TfLiteContextP10TfLiteNode;_ZN6tflite3ops7builtin11matrix_diag7PrepareEP13TfLiteContextP10TfLiteNode;_ZN6tflite3ops7builtin20Register_MATRIX_DIAGEv
nntrainer	armv7l	nntrainer-core/usr/lib/libnntrainer.so	libtensorflow2-lite.a	matrix_set_diag.cc.o	4	_ZN6tflite3ops7builtin15matrix_set_diag14FillDiagHelperEPK12TfLiteTensorS5_PS3_;_ZN6tflite3ops7builtin15matrix_set_diag4EvalEP13TfLiteContextP10TfLiteNode;_ZN6tflite3ops7builtin15matrix_set_diag7PrepareEP13TfLiteContextP10TfLiteNode;_ZN6tflite3ops7builtin24Register_MATRIX_SET_DIAGEv
nntrainer	armv7l	nntrainer-core/usr/lib/libnntrainer.so	libtensorflow2-lite.a	max-pooling-2d.c.o	1	xnn_define_max_pooling_2d
nntrainer	armv7l	nntrainer-core/usr/lib/libnntrainer.so	libtensorflow2-lite.a	max-pooling-nhwc.c.o	12	xnn_create_max_pooling2d_nhwc_f16;xnn_create_max_pooling2d_nhwc_f32;xnn_create_max_pooling2d_nhwc_s8;xnn_create_max_pooling2d_nhwc_u8;xnn_reshape_max_pooling2d_nhwc_f16;xnn_reshape_max_pooling2d_nhwc_f32;xnn_reshape_max_pooling2d_nhwc_s8;xnn_reshape_max_pooling2d_nhwc_u8;xnn_setup_max_pooling2d_nhwc_f16;xnn_setup_max_pooling2d_nhwc_f32;xnn_setup_max_pooling2d_nhwc_s8;xnn_setup_max_pooling2d_nhwc_u8
nntrainer	armv7l	nntrainer-core/usr/lib/libnntrainer.so	libtensorflow2-lite.a	maximum2.c.o	1	xnn_define_maximum2
nntrainer	armv7l	nntrainer-core/usr/lib/libnntrainer.so	libtensorflow2-lite.a	maximum_minimum.cc.o	9	_ZN6tflite3ops7builtin15maximum_minimum15TFLiteOperationILNS2_10KernelTypeE1EaNS2_9MaximumOpEEEvP13TfLiteContextP10TfLiteNodeRKNS2_9OpContextE;_ZN6tflite3ops7builtin15maximum_minimum15TFLiteOperationILNS2_10KernelTypeE1EaNS2_9MinimumOpEEEvP13TfLiteContextP10TfLiteNodeRKNS2_9OpContextE;_ZN6tflite3ops7builtin15maximum_minimum7PrepareEP13TfLiteContextP10TfLiteNode;_ZN6tflite3ops7builtin16Register_MAXIMUMEv;_ZN6tflite3ops7builtin16Register_MINIMUMEv;_ZN6tflite3ops7builtin20Register_MAXIMUM_REFEv;_ZN6tflite3ops7builtin20Register_MINIMUM_REFEv;_ZN6tflite3ops7builtin28Register_MAXIMUM_GENERIC_OPTEv;_ZN6tflite3ops7builtin28Register_MINIMUM_GENERIC_OPTEv
nntrainer	armv7l	nntrainer-core/usr/lib/libnntrainer.so	libtensorflow2-lite.a	memory.c.o	4	xnn_allocate_weights_memory;xnn_finalize_weights_memory;xnn_release_weights_memory;xnn_reserve_weights_memory
nntrainer	armv7l	nntrainer-core/usr/lib/libnntrainer.so	libtensorflow2-lite.a	memutil.cc.o	1	_ZN4absl12lts_2023080216strings_internal10memcasecmpEPKcS3_j
nntrainer	armv7l	nntrainer-core/usr/lib/libnntrainer.so	libtensorflow2-lite.a	mfcc.cc.o	7	_ZN6tflite3ops6custom13Register_MFCCEv;_ZN6tflite3ops6custom4mfcc4FreeEP13TfLiteContextPv;_ZN6tflite3ops6custom4mfcc4InitEP13TfLiteContextPKcj;_ZN6tflite3ops6custom4mfcc7PrepareEP13TfLiteContextP10TfLiteNode;_ZN6tflite8internal4Mfcc10InitializeEid;_ZN6tflite8internal4MfccC1Ev;_ZN6tflite8internal4MfccC2Ev
nntrainer	armv7l	nntrainer-core/usr/lib/libnntrainer.so	libtensorflow2-lite.a	mfcc_dct.cc.o	3	_ZN6tflite8internal7MfccDct10InitializeEii;_ZN6tflite8internal7MfccDctC1Ev;_ZN6tflite8internal7MfccDctC2Ev
nntrainer	armv7l	nntrainer-core/usr/lib/libnntrainer.so	libtensorflow2-lite.a	mfcc_mel_filterbank.cc.o	4	_ZN6tflite8internal17MfccMelFilterbank10InitializeEididd;_ZN6tflite8internal17MfccMelFilterbankC1Ev;_ZN6tflite8internal17MfccMelFilterbankC2Ev;_ZNK6tflite8internal17MfccMelFilterbank9FreqToMelEd
nntrainer	armv7l	nntrainer-core/usr/lib/libnntrainer.so	libtensorflow2-lite.a	microkernel-utils.c.o	3	xnn_dwconv_multipass_bytes_read;xnn_dwconv_multipass_bytes_written;xnn_dwconv_multipass_weights_size
nntrainer	armv7l	nntrainer-core/usr/lib/libnntrainer.so	libtensorflow2-lite.a	minimal_logging.cc.o	4	_ZN6tflite16logging_internal13MinimalLogger15GetSeverityNameENS_11LogSeverityE;_ZN6tflite16logging_internal13MinimalLogger21GetMinimumLogSeverityEv;_ZN6tflite16logging_internal13MinimalLogger21SetMinimumLogSeverityENS_11LogSeverityE;_ZN6tflite16logging_internal13MinimalLogger3LogENS_11LogSeverityEPKcz
nntrainer	armv7l	nntrainer-core/usr/lib/libnntrainer.so	libtensorflow2-lite.a	minimal_logging_default.cc.o	2	_ZN6tflite16logging_internal13MinimalLogger12LogFormattedENS_11LogSeverityEPKcSt9__va_list;_ZN6tflite16logging_internal13MinimalLogger21minimum_log_severity_E
nntrainer	armv7l	nntrainer-core/usr/lib/libnntrainer.so	libtensorflow2-lite.a	minimum2.c.o	1	xnn_define_minimum2
nntrainer	armv7l	nntrainer-core/usr/lib/libnntrainer.so	libtensorflow2-lite.a	mirror_pad.cc.o	5	_ZN6tflite3ops7builtin10mirror_pad4EvalEP13TfLiteContextP10TfLiteNode;_ZN6tflite3ops7builtin10mirror_pad4FreeEP13TfLiteContextPv;_ZN6tflite3ops7builtin10mirror_pad4InitEP13TfLiteContextPKcj;_ZN6tflite3ops7builtin10mirror_pad7PrepareEP13TfLiteContextP10TfLiteNode;_ZN6tflite3ops7builtin19Register_MIRROR_PADEv
nntrainer	armv7l	nntrainer-core/usr/lib/libnntrainer.so	libtensorflow2-lite.a	mmap_allocation.cc.o	20	_ZN6tflite14MMAPAllocation11IsSupportedEv;_ZN6tflite14MMAPAllocationC1EPKcPNS_13ErrorReporterE;_ZN6tflite14MMAPAllocationC1EPNS_13ErrorReporterEi;_ZN6tflite14MMAPAllocationC1EPNS_13ErrorReporterEijj;_ZN6tflite14MMAPAllocationC1EiPNS_13ErrorReporterE;_ZN6tflite14MMAPAllocationC1EijjPNS_13ErrorReporterE;_ZN6tflite14MMAPAllocationC2EPKcPNS_13ErrorReporterE;_ZN6tflite14MMAPAllocationC2EPNS_13ErrorReporterEi;_ZN6tflite14MMAPAllocationC2EPNS_13ErrorReporterEijj;_ZN6tflite14MMAPAllocationC2EiPNS_13ErrorReporterE;_ZN6tflite14MMAPAllocationC2EijjPNS_13ErrorReporterE;_ZN6tflite14MMAPAllocationD0Ev;_ZN6tflite14MMAPAllocationD1Ev;_ZN6tflite14MMAPAllocationD2Ev;_ZNK6tflite14MMAPAllocation4baseEv;_ZNK6tflite14MMAPAllocation5bytesEv;_ZNK6tflite14MMAPAllocation5validEv;_ZTIN6tflite14MMAPAllocationE;_ZTSN6tflite14MMAPAllocationE;_ZTVN6tflite14MMAPAllocationE
nntrainer	armv7l	nntrainer-core/usr/lib/libnntrainer.so	libtensorflow2-lite.a	model_builder_base.cc.o	2	_ZN6tflite21GetAllocationFromFileEPKcPNS_13ErrorReporterE;_ZN6tflite21GetAllocationFromFileEiPNS_13ErrorReporterE
nntrainer	armv7l	nntrainer-core/usr/lib/libnntrainer.so	libtensorflow2-lite.a	mul.cc.o	6	_ZN6tflite3ops7builtin12Register_MULEv;_ZN6tflite3ops7builtin16Register_MUL_REFEv;_ZN6tflite3ops7builtin21Register_MUL_NEON_OPTEv;_ZN6tflite3ops7builtin24Register_MUL_GENERIC_OPTEv;_ZN6tflite3ops7builtin3mul4FreeEP13TfLiteContextPv;_ZN6tflite3ops7builtin3mul4InitEP13TfLiteContextPKcj
nntrainer	armv7l	nntrainer-core/usr/lib/libnntrainer.so	libtensorflow2-lite.a	multiply2.c.o	3	define_multiply2;xnn_define_multiply2;xnn_define_multiply2_v2
nntrainer	armv7l	nntrainer-core/usr/lib/libnntrainer.so	libtensorflow2-lite.a	mutable_op_resolver.cc.o	12	_ZN6tflite17MutableOpResolver10AddBuiltinENS_15BuiltinOperatorEPK18TfLiteRegistrationi;_ZN6tflite17MutableOpResolver10AddBuiltinENS_15BuiltinOperatorEPK18TfLiteRegistrationii;_ZN6tflite17MutableOpResolver15ChainOpResolverEPKNS_10OpResolverE;_ZN6tflite17MutableOpResolver6AddAllERKS0_;_ZN6tflite17MutableOpResolver9AddCustomEPKcPK18TfLiteRegistrationi;_ZN6tflite17MutableOpResolver9AddCustomEPKcPK18TfLiteRegistrationii;_ZNK6tflite17MutableOpResolver24MayContainUserDefinedOpsEv;_ZNK6tflite17MutableOpResolver6FindOpENS_15BuiltinOperatorEi;_ZNK6tflite17MutableOpResolver6FindOpEPKci;_ZTIN6tflite17MutableOpResolverE;_ZTSN6tflite17MutableOpResolverE;_ZTVN6tflite17MutableOpResolverE
nntrainer	armv7l	nntrainer-core/usr/lib/libnntrainer.so	libtensorflow2-lite.a	mutex.c.o	4	xnn_mutex_destroy;xnn_mutex_init;xnn_mutex_lock;xnn_mutex_unlock
nntrainer	armv7l	nntrainer-core/usr/lib/libnntrainer.so	libtensorflow2-lite.a	mutex.cc.o	62	_ZN4absl12lts_2023080219RegisterMutexTracerEPFvPKcPKvxE;_ZN4absl12lts_2023080219ReleasableMutexLock7ReleaseEv;_ZN4absl12lts_2023080221RegisterCondVarTracerEPFvPKcPKvE;_ZN4absl12lts_2023080221RegisterMutexProfilerEPFvxE;_ZN4absl12lts_2023080224synchronization_internal10MutexDelayEii;_ZN4absl12lts_2023080229EnableMutexInvariantDebuggingEb;_ZN4absl12lts_2023080229SetMutexDeadlockDetectionModeENS0_15OnDeadlockCycleE;_ZN4absl12lts_202308025Mutex10ReaderLockEv;_ZN4absl12lts_202308025Mutex10UnlockSlowEPNS0_15SynchWaitParamsE;_ZN4absl12lts_202308025Mutex11AwaitCommonERKNS0_9ConditionENS0_24synchronization_internal13KernelTimeoutE;_ZN4absl12lts_202308025Mutex12LockSlowLoopEPNS0_15SynchWaitParamsEi;_ZN4absl12lts_202308025Mutex12ReaderUnlockEv;_ZN4absl12lts_202308025Mutex13ReaderTryLockEv;_ZN4absl12lts_202308025Mutex14EnableDebugLogEPKc;_ZN4absl12lts_202308025Mutex14ReaderLockWhenERKNS0_9ConditionE;_ZN4absl12lts_202308025Mutex16AwaitWithTimeoutERKNS0_9ConditionENS0_8DurationE;_ZN4absl12lts_202308025Mutex17AwaitWithDeadlineERKNS0_9ConditionENS0_4TimeE;_ZN4absl12lts_202308025Mutex17DecrementSynchSemEPS1_PNS0_13base_internal14PerThreadSynchENS0_24synchronization_internal13KernelTimeoutE;_ZN4absl12lts_202308025Mutex17IncrementSynchSemEPS1_PNS0_13base_internal14PerThreadSynchE;_ZN4absl12lts_202308025Mutex18ForgetDeadlockInfoEv;_ZN4absl12lts_202308025Mutex19LockWhenWithTimeoutERKNS0_9ConditionENS0_8DurationE;_ZN4absl12lts_202308025Mutex20LockSlowWithDeadlineEPKNS0_6MuHowSEPKNS0_9ConditionENS0_24synchronization_internal13KernelTimeoutEi;_ZN4absl12lts_202308025Mutex20LockWhenWithDeadlineERKNS0_9ConditionENS0_4TimeE;_ZN4absl12lts_202308025Mutex24EnableInvariantDebuggingEPFvPvES2_;_ZN4absl12lts_202308025Mutex25ReaderLockWhenWithTimeoutERKNS0_9ConditionENS0_8DurationE;_ZN4absl12lts_202308025Mutex26ReaderLockWhenWithDeadlineERKNS0_9ConditionENS0_4TimeE;_ZN4absl12lts_202308025Mutex3FerEPNS0_13base_internal14PerThreadSynchE;_ZN4absl12lts_202308025Mutex45InternalAttemptToUseMutexInFatalSignalHandlerEv;_ZN4absl12lts_202308025Mutex4LockEv;_ZN4absl12lts_202308025Mutex5AwaitERKNS0_9ConditionE;_ZN4absl12lts_202308025Mutex5BlockEPNS0_13base_internal14PerThreadSynchE;_ZN4absl12lts_202308025Mutex5TransEPKNS0_6MuHowSE;_ZN4absl12lts_202308025Mutex6UnlockEv;_ZN4absl12lts_202308025Mutex6WakeupEPNS0_13base_internal14PerThreadSynchE;_ZN4absl12lts_202308025Mutex7TryLockEv;_ZN4absl12lts_202308025Mutex8LockSlowEPKNS0_6MuHowSEPKNS0_9ConditionEi;_ZN4absl12lts_202308025Mutex8LockWhenERKNS0_9ConditionE;_ZN4absl12lts_202308025Mutex9TryRemoveEPNS0_13base_internal14PerThreadSynchE;_ZN4absl12lts_202308025MutexD1Ev;_ZN4absl12lts_202308025MutexD2Ev;_ZN4absl12lts_202308027CondVar10WaitCommonEPNS0_5MutexENS0_24synchronization_internal13KernelTimeoutE;_ZN4absl12lts_202308027CondVar14EnableDebugLogEPKc;_ZN4absl12lts_202308027CondVar15WaitWithTimeoutEPNS0_5MutexENS0_8DurationE;_ZN4absl12lts_202308027CondVar16WaitWithDeadlineEPNS0_5MutexENS0_4TimeE;_ZN4absl12lts_202308027CondVar4WaitEPNS0_5MutexE;_ZN4absl12lts_202308027CondVar6RemoveEPNS0_13base_internal14PerThreadSynchE;_ZN4absl12lts_202308027CondVar6SignalEv;_ZN4absl12lts_202308027CondVar6WakeupEPNS0_13base_internal14PerThreadSynchE;_ZN4absl12lts_202308027CondVar9SignalAllEv;_ZN4absl12lts_202308027CondVarD1Ev;_ZN4absl12lts_202308027CondVarD2Ev;_ZN4absl12lts_202308029Condition15GuaranteedEqualEPKS1_S3_;_ZN4absl12lts_202308029Condition19CallVoidPtrFunctionEPKS1_;_ZN4absl12lts_202308029Condition5kTrueE;_ZN4absl12lts_202308029ConditionC1EPFbPvES2_;_ZN4absl12lts_202308029ConditionC1EPKb;_ZN4absl12lts_202308029ConditionC2EPFbPvES2_;_ZN4absl12lts_202308029ConditionC2EPKb;_ZNK4absl12lts_202308025Mutex10AssertHeldEv;_ZNK4absl12lts_202308025Mutex13AssertNotHeldEv;_ZNK4absl12lts_202308025Mutex16AssertReaderHeldEv;_ZNK4absl12lts_202308029Condition4EvalEv
nntrainer	armv7l	nntrainer-core/usr/lib/libnntrainer.so	libtensorflow2-lite.a	neg.cc.o	3	_ZN6tflite3ops7builtin12Register_NEGEv;_ZN6tflite3ops7builtin3neg4EvalEP13TfLiteContextP10TfLiteNode;_ZN6tflite3ops7builtin3neg7PrepareEP13TfLiteContextP10TfLiteNode
nntrainer	armv7l	nntrainer-core/usr/lib/libnntrainer.so	libtensorflow2-lite.a	negate.c.o	1	xnn_define_negate
nntrainer	armv7l	nntrainer-core/usr/lib/libnntrainer.so	libtensorflow2-lite.a	neon_tensor_utils.cc.o	36	_ZN6tflite12tensor_utils12NeonCwiseAddEPKsS2_iiPs;_ZN6tflite12tensor_utils12NeonCwiseMulEPKsS2_iiiPs;_ZN6tflite12tensor_utils12NeonCwiseMulEPKsS2_iiiiiPa;_ZN6tflite12tensor_utils13NeonApplyTanhEiPKsiiPs;_ZN6tflite12tensor_utils14NeonSub1VectorEPKfiPf;_ZN6tflite12tensor_utils14NeonSub1VectorEPKsiPs;_ZN6tflite12tensor_utils16NeonApplySigmoidEPKsiiPs;_ZN6tflite12tensor_utils16NeonIsZeroVectorEPKai;_ZN6tflite12tensor_utils16NeonIsZeroVectorEPKfi;_ZN6tflite12tensor_utils17NeonCwiseClippingEPaia;_ZN6tflite12tensor_utils17NeonCwiseClippingEPfif;_ZN6tflite12tensor_utils17NeonCwiseClippingEPsis;_ZN6tflite12tensor_utils18NeonApplyLayerNormEPKsS2_PKiiiiiiPs;_ZN6tflite12tensor_utils18NeonCpuBackendGemmEPKaPKiS2_iiiiPiPNS_17CpuBackendContextE;_ZN6tflite12tensor_utils22NeonReductionSumVectorEPKaPiii;_ZN6tflite12tensor_utils22NeonReductionSumVectorEPKfPfii;_ZN6tflite12tensor_utils24NeonVectorScalarMultiplyEPKaifPf;_ZN6tflite12tensor_utils26NeonVectorVectorDotProductEPKfS2_i;_ZN6tflite12tensor_utils27NeonMeanStddevNormalizationEPKfPfii;_ZN6tflite12tensor_utils27NeonSymmetricQuantizeFloatsEPKfiPaPfS4_S4_;_ZN6tflite12tensor_utils27NeonSymmetricQuantizeFloatsEPKfiPaffPf;_ZN6tflite12tensor_utils28NeonAsymmetricQuantizeFloatsEPKfiPaPfPi;_ZN6tflite12tensor_utils33NeonMatrixBatchVectorMultiplyImplEPKaPKiS2_iiiiPi;_ZN6tflite12tensor_utils34NeonMatrixScalarMultiplyAccumulateEPKaiiiPi;_ZN6tflite12tensor_utils39NeonMatrixBatchVectorMultiplyAccumulateEPKaPKiS2_iiiiiiPiPaPNS_17CpuBackendContextE;_ZN6tflite12tensor_utils39NeonMatrixBatchVectorMultiplyAccumulateEPKaPKiS2_iiiiiiPiPsPNS_17CpuBackendContextE;_ZN6tflite12tensor_utils39NeonMatrixBatchVectorMultiplyAccumulateEPKaiiS2_PKfiPf;_ZN6tflite12tensor_utils39NeonMatrixBatchVectorMultiplyAccumulateEPKaiiS2_PKfiPfS4_PKiPiS8_PbPNS_17CpuBackendContextE;_ZN6tflite12tensor_utils39NeonMatrixBatchVectorMultiplyAccumulateEPKaiiS2_PKfiPiPfPNS_17CpuBackendContextE;_ZN6tflite12tensor_utils39NeonMatrixBatchVectorMultiplyAccumulateEPKfiiS2_iPf;_ZN6tflite12tensor_utils43NeonMatrixBatchVectorMultiplyAccumulateImplEPKaiiS2_PKfiPfS4_PKiPi;_ZN6tflite12tensor_utils43NeonVectorBatchVectorCwiseProductAccumulateEPKsiS2_iiiPs;_ZN6tflite12tensor_utils45NeonSparseMatrixBatchVectorMultiplyAccumulateEPKaPKhiiS2_PKfiPfS6_;_ZN6tflite12tensor_utils45NeonSparseMatrixBatchVectorMultiplyAccumulateEPKfPKhiiS2_iPf;_ZN6tflite12tensor_utils48NeonSparseMatrixBatchVectorMultiplyAccumulate1x4EPKfPKiS4_iiS2_iPf;_ZN6tflite12tensor_utils49NeonSparseMatrixBatchVectorMultiplyAccumulate1x16EPKaPKiS4_iiS2_S4_iiiiS4_S4_iiiPa
nntrainer	armv7l	nntrainer-core/usr/lib/libnntrainer.so	libtensorflow2-lite.a	non_max_suppression.cc.o	6	_ZN6tflite3ops7builtin19non_max_suppression14SetTensorSizesEP13TfLiteContextP12TfLiteTensorSt16initializer_listIiE;_ZN6tflite3ops7builtin19non_max_suppression27ResetUnusedElementsToZeroesEiiPiPf;_ZN6tflite3ops7builtin19non_max_suppression4EvalEP13TfLiteContextP10TfLiteNode;_ZN6tflite3ops7builtin19non_max_suppression7PrepareEP13TfLiteContextP10TfLiteNode;_ZN6tflite3ops7builtin31Register_NON_MAX_SUPPRESSION_V4Ev;_ZN6tflite3ops7builtin31Register_NON_MAX_SUPPRESSION_V5Ev
nntrainer	armv7l	nntrainer-core/usr/lib/libnntrainer.so	libtensorflow2-lite.a	normalization.c.o	3	xnn_normalize_reduction;xnn_normalize_slice;xnn_normalize_transpose_permutation
nntrainer	armv7l	nntrainer-core/usr/lib/libnntrainer.so	libtensorflow2-lite.a	numbers.cc.o	8	_ZN4absl12lts_2023080216numbers_internal12PutTwoDigitsEjPc;_ZN4absl12lts_2023080216numbers_internal15FastIntToBufferEiPc;_ZN4absl12lts_2023080216numbers_internal15FastIntToBufferEjPc;_ZN4absl12lts_2023080216numbers_internal15FastIntToBufferExPc;_ZN4absl12lts_2023080216numbers_internal15FastIntToBufferEyPc;_ZN4absl12lts_2023080216numbers_internal17SixDigitsToBufferEdPc;_ZN4absl12lts_2023080216numbers_internal8kHexCharE;_ZN4absl12lts_2023080216numbers_internal9kHexTableE
nntrainer	armv7l	nntrainer-core/usr/lib/libnntrainer.so	libtensorflow2-lite.a	numeric_verify.cc.o	6	_ZN6tflite3ops6custom14numeric_verify4FreeEP13TfLiteContextPv;_ZN6tflite3ops6custom14numeric_verify4InitEP13TfLiteContextPKcj;_ZN6tflite3ops6custom14numeric_verify7PrepareEP13TfLiteContextP10TfLiteNode;_ZN6tflite3ops6custom23Register_NUMERIC_VERIFYEv;_ZN6tflite3ops6custom27Register_NUMERIC_VERIFY_OPTEv;_ZN6tflite3ops6custom27Register_NUMERIC_VERIFY_REFEv
nntrainer	armv7l	nntrainer-core/usr/lib/libnntrainer.so	libtensorflow2-lite.a	one_hot.cc.o	4	_ZN6tflite3ops7builtin16Register_ONE_HOTEv;_ZN6tflite3ops7builtin7one_hot18ResizeOutputTensorEP13TfLiteContextRKNS2_13OneHotContextE;_ZN6tflite3ops7builtin7one_hot4EvalEP13TfLiteContextP10TfLiteNode;_ZN6tflite3ops7builtin7one_hot7PrepareEP13TfLiteContextP10TfLiteNode
nntrainer	armv7l	nntrainer-core/usr/lib/libnntrainer.so	libtensorflow2-lite.a	op_resolver.cc.o	1	_ZN6tflite25GetRegistrationFromOpCodeEPKNS_12OperatorCodeERKNS_10OpResolverEPNS_13ErrorReporterEPPK18TfLiteRegistration
nntrainer	armv7l	nntrainer-core/usr/lib/libnntrainer.so	libtensorflow2-lite.a	operator-delete.c.o	1	xnn_delete_operator
nntrainer	armv7l	nntrainer-core/usr/lib/libnntrainer.so	libtensorflow2-lite.a	operator-run.c.o	1	xnn_run_operator
nntrainer	armv7l	nntrainer-core/usr/lib/libnntrainer.so	libtensorflow2-lite.a	pack.cc.o	1	_ZN6tflite3ops7builtin13Register_PACKEv
nntrainer	armv7l	nntrainer-core/usr/lib/libnntrainer.so	libtensorflow2-lite.a	pack_arm.cc.o	4	_ZN3ruy23Pack8bitRowMajorForNeonEPKhiiiiiiPaiiPiii;_ZN3ruy24PackFloatColMajorForNeonEPKfS1_S1_S1_iiPfi;_ZN3ruy28Pack8bitColMajorForNeon2ColsERKNS_14PackParams8bitE;_ZN3ruy28Pack8bitColMajorForNeon4ColsERKNS_14PackParams8bitE
nntrainer	armv7l	nntrainer-core/usr/lib/libnntrainer.so	libtensorflow2-lite.a	packing.cc.o	3	pack_qs8_conv_kgo_w;pack_qs8_deconv_goki_w;pack_weights_and_biases
nntrainer	armv7l	nntrainer-core/usr/lib/libnntrainer.so	libtensorflow2-lite.a	pad.cc.o	10	_ZN6tflite3ops7builtin12Register_PADEv;_ZN6tflite3ops7builtin14Register_PADV2Ev;_ZN6tflite3ops7builtin16Register_PAD_REFEv;_ZN6tflite3ops7builtin18Register_PADV2_REFEv;_ZN6tflite3ops7builtin24Register_PAD_GENERIC_OPTEv;_ZN6tflite3ops7builtin26Register_PADV2_GENERIC_OPTEv;_ZN6tflite3ops7builtin3pad12GetPadParamsEP13TfLiteContextRKNS2_10PadContextE;_ZN6tflite3ops7builtin3pad18ResizeOutputTensorEP13TfLiteContextPNS2_10PadContextE;_ZN6tflite3ops7builtin3pad20CheckPaddingOverflowEPNS2_10PadContextE;_ZN6tflite3ops7builtin3pad7PrepareEP13TfLiteContextP10TfLiteNode
nntrainer	armv7l	nntrainer-core/usr/lib/libnntrainer.so	libtensorflow2-lite.a	per_thread_sem.cc.o	2	_ZN4absl12lts_2023080224synchronization_internal12PerThreadSem23GetThreadBlockedCounterEv;_ZN4absl12lts_2023080224synchronization_internal12PerThreadSem4TickEPNS0_13base_internal14ThreadIdentityE
nntrainer	armv7l	nntrainer-core/usr/lib/libnntrainer.so	libtensorflow2-lite.a	platform_profiler.cc.o	1	_ZN6tflite9profiling27MaybeCreatePlatformProfilerEv
nntrainer	armv7l	nntrainer-core/usr/lib/libnntrainer.so	libtensorflow2-lite.a	pooling.cc.o	11	_ZN6tflite3ops7builtin19Register_L2_POOL_2DEv;_ZN6tflite3ops7builtin20Register_L2_POOL_REFEv;_ZN6tflite3ops7builtin20Register_MAX_POOL_2DEv;_ZN6tflite3ops7builtin21Register_MAX_POOL_REFEv;_ZN6tflite3ops7builtin24Register_AVERAGE_POOL_2DEv;_ZN6tflite3ops7builtin25Register_AVERAGE_POOL_REFEv;_ZN6tflite3ops7builtin28Register_L2_POOL_GENERIC_OPTEv;_ZN6tflite3ops7builtin29Register_MAX_POOL_GENERIC_OPTEv;_ZN6tflite3ops7builtin33Register_AVERAGE_POOL_GENERIC_OPTEv;_ZN6tflite3ops7builtin7pooling4FreeEP13TfLiteContextPv;_ZN6tflite3ops7builtin7pooling4InitEP13TfLiteContextPKcj
nntrainer	armv7l	nntrainer-core/usr/lib/libnntrainer.so	libtensorflow2-lite.a	portable-api.c.o	29	pthreadpool_get_threads_count;pthreadpool_parallelize_1d;pthreadpool_parallelize_1d_tile_1d;pthreadpool_parallelize_1d_with_thread;pthreadpool_parallelize_1d_with_uarch;pthreadpool_parallelize_2d;pthreadpool_parallelize_2d_tile_1d;pthreadpool_parallelize_2d_tile_1d_with_uarch;pthreadpool_parallelize_2d_tile_1d_with_uarch_with_thread;pthreadpool_parallelize_2d_tile_2d;pthreadpool_parallelize_2d_tile_2d_with_uarch;pthreadpool_parallelize_2d_with_thread;pthreadpool_parallelize_3d;pthreadpool_parallelize_3d_tile_1d;pthreadpool_parallelize_3d_tile_1d_with_thread;pthreadpool_parallelize_3d_tile_1d_with_uarch;pthreadpool_parallelize_3d_tile_1d_with_uarch_with_thread;pthreadpool_parallelize_3d_tile_2d;pthreadpool_parallelize_3d_tile_2d_with_uarch;pthreadpool_parallelize_4d;pthreadpool_parallelize_4d_tile_1d;pthreadpool_parallelize_4d_tile_2d;pthreadpool_parallelize_4d_tile_2d_with_uarch;pthreadpool_parallelize_5d;pthreadpool_parallelize_5d_tile_1d;pthreadpool_parallelize_5d_tile_2d;pthreadpool_parallelize_6d;pthreadpool_parallelize_6d_tile_1d;pthreadpool_parallelize_6d_tile_2d
nntrainer	armv7l	nntrainer-core/usr/lib/libnntrainer.so	libtensorflow2-lite.a	portable_tensor_utils.cc.o	37	_ZN6tflite12tensor_utils16PortableCwiseAddEPKsS2_iiPs;_ZN6tflite12tensor_utils16PortableCwiseMulEPKsS2_iiiPs;_ZN6tflite12tensor_utils16PortableCwiseMulEPKsS2_iiiiiPa;_ZN6tflite12tensor_utils17ApplyReluToVectorEPKfiPf;_ZN6tflite12tensor_utils17PortableApplyTanhEiPKsiiPs;_ZN6tflite12tensor_utils18ApplyRelu1ToVectorEPKfiPf;_ZN6tflite12tensor_utils18ApplyRelu6ToVectorEPKfiPf;_ZN6tflite12tensor_utils18PortableSub1VectorEPKfiPf;_ZN6tflite12tensor_utils18PortableSub1VectorEPKsiPs;_ZN6tflite12tensor_utils20ApplySignbitToVectorEPKfiPf;_ZN6tflite12tensor_utils20PortableApplySigmoidEPKsiiPs;_ZN6tflite12tensor_utils22PortableApplyLayerNormEPKsS2_PKiiiiiiPs;_ZN6tflite12tensor_utils22PortableApplyTanhFloatEPKsiiiPs;_ZN6tflite12tensor_utils23UnpackDenseInt4IntoInt8EPKaiPa;_ZN6tflite12tensor_utils25PortableApplySigmoidFloatEPKsiiPs;_ZN6tflite12tensor_utils27PortableApplyLayerNormFloatEPKsS2_iiPKiiiPs;_ZN6tflite12tensor_utils28PortableTwoGateSaturatingAddEPKaaS2_aiiiiiiPs;_ZN6tflite12tensor_utils28PortableVectorScalarMultiplyEPKaifPf;_ZN6tflite12tensor_utils30PortableVectorVectorDotProductEPKfS2_i;_ZN6tflite12tensor_utils31PortableMeanStddevNormalizationEPKfPfii;_ZN6tflite12tensor_utils31PortableSymmetricQuantizeFloatsEPKfiPaPfS4_S4_;_ZN6tflite12tensor_utils31PortableSymmetricQuantizeFloatsEPKfiPaffPf;_ZN6tflite12tensor_utils32PortableAsymmetricQuantizeFloatsEPKfiPaPfPi;_ZN6tflite12tensor_utils33PortableMatrixBatchVectorMultiplyEPKaiS2_iiiiiPaa;_ZN6tflite12tensor_utils33PortableMatrixBatchVectorMultiplyEPKsPKaiiPKiiiiiPa;_ZN6tflite12tensor_utils38PortableMatrixScalarMultiplyAccumulateEPKaiiiPi;_ZN6tflite12tensor_utils40PortableBatchVectorBatchVectorDotProductEPKsS2_iiPi;_ZN6tflite12tensor_utils43PortableMatrixBatchVectorMultiplyAccumulateEPKaPKiS2_iiiiiiPiPaPNS_17CpuBackendContextE;_ZN6tflite12tensor_utils43PortableMatrixBatchVectorMultiplyAccumulateEPKaPKiS2_iiiiiiPiPsPNS_17CpuBackendContextE;_ZN6tflite12tensor_utils43PortableMatrixBatchVectorMultiplyAccumulateEPKaiiS2_PKfiPf;_ZN6tflite12tensor_utils43PortableMatrixBatchVectorMultiplyAccumulateEPKaiiS2_PKfiPfS4_PKiPiS8_PbPNS_17CpuBackendContextE;_ZN6tflite12tensor_utils43PortableMatrixBatchVectorMultiplyAccumulateEPKfiiS2_iPf;_ZN6tflite12tensor_utils47PortableVectorBatchVectorCwiseProductAccumulateEPKsiS2_iiiPs;_ZN6tflite12tensor_utils49PortableSparseMatrixBatchVectorMultiplyAccumulateEPKaPKhiiS2_PKfiPfS6_;_ZN6tflite12tensor_utils49PortableSparseMatrixBatchVectorMultiplyAccumulateEPKfPKhiiS2_iPf;_ZN6tflite12tensor_utils52PortableSparseMatrixBatchVectorMultiplyAccumulate1x4EPKfPKiS4_iiS2_iPf;_ZN6tflite12tensor_utils53PortableSparseMatrixBatchVectorMultiplyAccumulate1x16EPKaPKiS4_iiS2_S4_iiiiS4_S4_iiiPa
nntrainer	armv7l	nntrainer-core/usr/lib/libnntrainer.so	libtensorflow2-lite.a	pow.cc.o	1	_ZN6tflite3ops7builtin12Register_POWEv
nntrainer	armv7l	nntrainer-core/usr/lib/libnntrainer.so	libtensorflow2-lite.a	prelu-nc.c.o	6	xnn_create_prelu_nc_f16;xnn_create_prelu_nc_f32;xnn_reshape_prelu_nc_f16;xnn_reshape_prelu_nc_f32;xnn_setup_prelu_nc_f16;xnn_setup_prelu_nc_f32
nntrainer	armv7l	nntrainer-core/usr/lib/libnntrainer.so	libtensorflow2-lite.a	prelu.c.o	1	xnn_define_prelu
nntrainer	armv7l	nntrainer-core/usr/lib/libnntrainer.so	libtensorflow2-lite.a	prepacked_cache.cc.o	6	_ZN3ruy14PrepackedCache17EjectUntilRoomForEi;_ZN3ruy14PrepackedCache3GetEPKvPNS_5PEMatE;_ZN3ruy14PrepackedCache8EjectOneEv;_ZN3ruy14PrepackedCacheD1Ev;_ZN3ruy14PrepackedCacheD2Ev;_ZNK3ruy14PrepackedCache7KeyHashclERKNS0_3KeyE
nntrainer	armv7l	nntrainer-core/usr/lib/libnntrainer.so	libtensorflow2-lite.a	prepare_packed_matrices.cc.o	1	_ZN3ruy21PreparePackedMatricesEPNS_3CtxEPNS_11TrMulParamsE
nntrainer	armv7l	nntrainer-core/usr/lib/libnntrainer.so	libtensorflow2-lite.a	pthreads.c.o	2	pthreadpool_create;pthreadpool_destroy
nntrainer	armv7l	nntrainer-core/usr/lib/libnntrainer.so	libtensorflow2-lite.a	quantization_util.cc.o	17	_ZN6tflite11CheckedLog2EfPi;_ZN6tflite12IntegerFrExpEdPi;_ZN6tflite17FakeQuantizeArrayEfffPKfPff;_ZN6tflite18QuantizeMultiplierEdPiS0_;_ZN6tflite20CalculateInputRadiusEiii;_ZN6tflite20IntegerDoubleCompareEdd;_ZN6tflite21IntegerDoubleMultiplyEdd;_ZN6tflite22NudgeQuantizationRangeEffiiPfS0_S0_;_ZN6tflite23QuantizeMultiplierArrayEPKdjPiS2_;_ZN6tflite24PreprocessSoftmaxScalingEddiPiS0_;_ZN6tflite26DoubleFromFractionAndShiftExi;_ZN6tflite30PreprocessLogSoftmaxScalingExpEddiPiS0_S0_S0_;_ZN6tflite32QuantizeMultiplierGreaterThanOneEdPiS0_;_ZN6tflite35QuantizeMultiplierSmallerThanOneExpEdPiS0_;_ZN6tflite7xnnpack14DequantizeInt8EPKaPfRKNS_12RuntimeShapeEid;_ZN6tflite7xnnpack17DequantizeFloat16EPKtPfj;_ZN6tflite7xnnpack24PerChannelDequantizeInt8EPKaPfRKNS_12RuntimeShapeEPKiPKfi
nntrainer	armv7l	nntrainer-core/usr/lib/libnntrainer.so	libtensorflow2-lite.a	quantize.cc.o	6	_ZN6tflite3ops7builtin17Register_QUANTIZEEv;_ZN6tflite3ops7builtin21Register_QUANTIZE_OPTEv;_ZN6tflite3ops7builtin21Register_QUANTIZE_REFEv;_ZN6tflite3ops7builtin8quantize4FreeEP13TfLiteContextPv;_ZN6tflite3ops7builtin8quantize4InitEP13TfLiteContextPKcj;_ZN6tflite3ops7builtin8quantize7PrepareEP13TfLiteContextP10TfLiteNode
nntrainer	armv7l	nntrainer-core/usr/lib/libnntrainer.so	libtensorflow2-lite.a	random_ops.cc.o	8	_ZN6tflite3ops7builtin20Register_MULTINOMIALEv;_ZN6tflite3ops7builtin23Register_RANDOM_UNIFORMEv;_ZN6tflite3ops7builtin31Register_RANDOM_STANDARD_NORMALEv;_ZN6tflite3ops7builtin6random15EvalMultinomialEP13TfLiteContextP10TfLiteNode;_ZN6tflite3ops7builtin6random18PrepareMultinomialEP13TfLiteContextP10TfLiteNode;_ZN6tflite3ops7builtin6random4FreeEP13TfLiteContextPv;_ZN6tflite3ops7builtin6random4InitEP13TfLiteContextPKcj;_ZN6tflite3ops7builtin6random7PrepareEP13TfLiteContextP10TfLiteNode
nntrainer	armv7l	nntrainer-core/usr/lib/libnntrainer.so	libtensorflow2-lite.a	range.cc.o	1	_ZN6tflite3ops7builtin14Register_RANGEEv
nntrainer	armv7l	nntrainer-core/usr/lib/libnntrainer.so	libtensorflow2-lite.a	rank.cc.o	3	_ZN6tflite3ops7builtin13Register_RANKEv;_ZN6tflite3ops7builtin4rank4EvalEP13TfLiteContextP10TfLiteNode;_ZN6tflite3ops7builtin4rank7PrepareEP13TfLiteContextP10TfLiteNode
nntrainer	armv7l	nntrainer-core/usr/lib/libnntrainer.so	libtensorflow2-lite.a	raw_logging.cc.o	5	_ZN4absl12lts_2023080216raw_log_internal17RegisterAbortHookEPFvPKciS3_S3_S3_E;_ZN4absl12lts_2023080216raw_log_internal24RawLoggingFullySupportedEv;_ZN4absl12lts_2023080216raw_log_internal25AsyncSignalSafeWriteErrorEPKcj;_ZN4absl12lts_2023080216raw_log_internal30RegisterLogFilterAndPrefixHookEPFbNS0_11LogSeverityEPKciPPcPiE;_ZN4absl12lts_2023080216raw_log_internal6RawLogENS0_11LogSeverityEPKciS4_z
nntrainer	armv7l	nntrainer-core/usr/lib/libnntrainer.so	libtensorflow2-lite.a	read_variable.cc.o	3	_ZN6tflite3ops7builtin13read_variable4EvalEP13TfLiteContextP10TfLiteNode;_ZN6tflite3ops7builtin13read_variable7PrepareEP13TfLiteContextP10TfLiteNode;_ZN6tflite3ops7builtin22Register_READ_VARIABLEEv
nntrainer	armv7l	nntrainer-core/usr/lib/libnntrainer.so	libtensorflow2-lite.a	reciprocal-square-root.c.o	1	xnn_define_reciprocal_square_root
nntrainer	armv7l	nntrainer-core/usr/lib/libnntrainer.so	libtensorflow2-lite.a	reduce-config.c.o	2	xnn_init_qu8_rdsum_config;xnn_init_qu8_rsum_config
nntrainer	armv7l	nntrainer-core/usr/lib/libnntrainer.so	libtensorflow2-lite.a	reduce-nd.c.o	9	xnn_create_mean_nd_f16;xnn_create_mean_nd_f32;xnn_create_mean_nd_qs8;xnn_reshape_mean_nd_f16;xnn_reshape_mean_nd_f32;xnn_reshape_mean_nd_qs8;xnn_setup_mean_nd_f16;xnn_setup_mean_nd_f32;xnn_setup_mean_nd_qs8
nntrainer	armv7l	nntrainer-core/usr/lib/libnntrainer.so	libtensorflow2-lite.a	reduce.cc.o	37	_ZN6tflite3ops7builtin12Register_SUMEv;_ZN6tflite3ops7builtin13Register_MEANEv;_ZN6tflite3ops7builtin16Register_SUM_OPTEv;_ZN6tflite3ops7builtin16Register_SUM_REFEv;_ZN6tflite3ops7builtin17Register_MEAN_OPTEv;_ZN6tflite3ops7builtin17Register_MEAN_REFEv;_ZN6tflite3ops7builtin19Register_REDUCE_ALLEv;_ZN6tflite3ops7builtin19Register_REDUCE_ANYEv;_ZN6tflite3ops7builtin19Register_REDUCE_MAXEv;_ZN6tflite3ops7builtin19Register_REDUCE_MINEv;_ZN6tflite3ops7builtin20Register_REDUCE_PRODEv;_ZN6tflite3ops7builtin23Register_REDUCE_ALL_OPTEv;_ZN6tflite3ops7builtin23Register_REDUCE_ALL_REFEv;_ZN6tflite3ops7builtin23Register_REDUCE_ANY_OPTEv;_ZN6tflite3ops7builtin23Register_REDUCE_ANY_REFEv;_ZN6tflite3ops7builtin23Register_REDUCE_MAX_OPTEv;_ZN6tflite3ops7builtin23Register_REDUCE_MAX_REFEv;_ZN6tflite3ops7builtin23Register_REDUCE_MIN_OPTEv;_ZN6tflite3ops7builtin23Register_REDUCE_MIN_REFEv;_ZN6tflite3ops7builtin24Register_REDUCE_PROD_OPTEv;_ZN6tflite3ops7builtin24Register_REDUCE_PROD_REFEv;_ZN6tflite3ops7builtin6reduce11PrepareProdEP13TfLiteContextP10TfLiteNode;_ZN6tflite3ops7builtin6reduce11ResolveAxisEPKiiPNS_10MeanParamsE;_ZN6tflite3ops7builtin6reduce13PrepareSimpleEP13TfLiteContextP10TfLiteNode;_ZN6tflite3ops7builtin6reduce14GetOutputShapeEP13TfLiteContextPNS2_9OpContextEPP14TfLiteIntArray;_ZN6tflite3ops7builtin6reduce14ResizeTempAxisEP13TfLiteContextPNS2_9OpContextEP12TfLiteTensor;_ZN6tflite3ops7builtin6reduce14ResizeTempDimsEP13TfLiteContextPNS2_9OpContextEP12TfLiteTensor;_ZN6tflite3ops7builtin6reduce15IsReduceAllDimsEPK12TfLiteTensorii;_ZN6tflite3ops7builtin6reduce15PrepareAllOrAnyEP13TfLiteContextP10TfLiteNode;_ZN6tflite3ops7builtin6reduce15ResizeTempAccumEP13TfLiteContextPNS2_9OpContextEP12TfLiteTensor;_ZN6tflite3ops7builtin6reduce16PrepareMeanOrSumEP13TfLiteContextP10TfLiteNode;_ZN6tflite3ops7builtin6reduce18ResizeOutputTensorEP13TfLiteContextPNS2_9OpContextE;_ZN6tflite3ops7builtin6reduce19GetQuantProdScalingEddi;_ZN6tflite3ops7builtin6reduce20InitializeMeanOutputEP12TfLiteTensor;_ZN6tflite3ops7builtin6reduce21InitializeTemporariesEP13TfLiteContextP10TfLiteNodePNS2_9OpContextE;_ZN6tflite3ops7builtin6reduce4FreeEP13TfLiteContextPv;_ZN6tflite3ops7builtin6reduce4InitEP13TfLiteContextPKcj
nntrainer	armv7l	nntrainer-core/usr/lib/libnntrainer.so	libtensorflow2-lite.a	register.cc.o	4	_ZN6tflite3ops7builtin17BuiltinOpResolverC1Ev;_ZN6tflite3ops7builtin17BuiltinOpResolverC2Ev;_ZN6tflite3ops7builtin28BuiltinOpResolverWithXNNPACKC1Eb;_ZN6tflite3ops7builtin28BuiltinOpResolverWithXNNPACKC2Eb
nntrainer	armv7l	nntrainer-core/usr/lib/libnntrainer.so	libtensorflow2-lite.a	reshape-helpers.c.o	2	resize_binary_elementwise_output_tensor;resize_unary_elementwise_output_tensor
nntrainer	armv7l	nntrainer-core/usr/lib/libnntrainer.so	libtensorflow2-lite.a	reshape.cc.o	7	_ZN6tflite3ops7builtin16Register_RESHAPEEv;_ZN6tflite3ops7builtin7reshape12ResizeOutputEP13TfLiteContextP10TfLiteNode;_ZN6tflite3ops7builtin7reshape14GetOutputShapeEP13TfLiteContextP10TfLiteNode;_ZN6tflite3ops7builtin7reshape4EvalEP13TfLiteContextP10TfLiteNode;_ZN6tflite3ops7builtin7reshape4FreeEP13TfLiteContextPv;_ZN6tflite3ops7builtin7reshape4InitEP13TfLiteContextPKcj;_ZN6tflite3ops7builtin7reshape7PrepareEP13TfLiteContextP10TfLiteNode
nntrainer	armv7l	nntrainer-core/usr/lib/libnntrainer.so	libtensorflow2-lite.a	resize-bilinear-nchw.c.o	7	create_resize_bilinear2d_nchw;xnn_create_resize_bilinear2d_nchw_f16;xnn_create_resize_bilinear2d_nchw_f32;xnn_reshape_resize_bilinear2d_nchw_f16;xnn_reshape_resize_bilinear2d_nchw_f32;xnn_setup_resize_bilinear2d_nchw_f16;xnn_setup_resize_bilinear2d_nchw_f32
nntrainer	armv7l	nntrainer-core/usr/lib/libnntrainer.so	libtensorflow2-lite.a	resize-bilinear-nhwc.c.o	12	xnn_create_resize_bilinear2d_nhwc_f16;xnn_create_resize_bilinear2d_nhwc_f32;xnn_create_resize_bilinear2d_nhwc_s8;xnn_create_resize_bilinear2d_nhwc_u8;xnn_reshape_resize_bilinear2d_nhwc_f16;xnn_reshape_resize_bilinear2d_nhwc_f32;xnn_reshape_resize_bilinear2d_nhwc_s8;xnn_reshape_resize_bilinear2d_nhwc_u8;xnn_setup_resize_bilinear2d_nhwc_f16;xnn_setup_resize_bilinear2d_nhwc_f32;xnn_setup_resize_bilinear2d_nhwc_s8;xnn_setup_resize_bilinear2d_nhwc_u8
nntrainer	armv7l	nntrainer-core/usr/lib/libnntrainer.so	libtensorflow2-lite.a	resize_bilinear.cc.o	4	_ZN6tflite3ops7builtin15resize_bilinear18ResizeOutputTensorEP13TfLiteContextPK12TfLiteTensorS7_PS5_;_ZN6tflite3ops7builtin15resize_bilinear7PrepareEP13TfLiteContextP10TfLiteNode;_ZN6tflite3ops7builtin24Register_RESIZE_BILINEAREv;_ZN6tflite3ops7builtin28Register_RESIZE_BILINEAR_REFEv
nntrainer	armv7l	nntrainer-core/usr/lib/libnntrainer.so	libtensorflow2-lite.a	resize_nearest_neighbor.cc.o	6	_ZN6tflite3ops7builtin23resize_nearest_neighbor18ResizeOutputTensorEP13TfLiteContextPK12TfLiteTensorS7_PS5_;_ZN6tflite3ops7builtin23resize_nearest_neighbor7PrepareEP13TfLiteContextP10TfLiteNode;_ZN6tflite3ops7builtin32Register_RESIZE_NEAREST_NEIGHBOREv;_ZN6tflite3ops7builtin36Register_RESIZE_NEAREST_NEIGHBOR_REFEv;_ZN6tflite3ops7builtin41Register_RESIZE_NEAREST_NEIGHBOR_NEON_OPTEv;_ZN6tflite3ops7builtin44Register_RESIZE_NEAREST_NEIGHBOR_GENERIC_OPTEv
nntrainer	armv7l	nntrainer-core/usr/lib/libnntrainer.so	libtensorflow2-lite.a	resource_variable.cc.o	12	_ZN6tflite8resource16ResourceVariable10AssignFromEPK12TfLiteTensor;_ZN6tflite8resource16ResourceVariableC1EOS1_;_ZN6tflite8resource16ResourceVariableC1Ev;_ZN6tflite8resource16ResourceVariableC2EOS1_;_ZN6tflite8resource16ResourceVariableC2Ev;_ZN6tflite8resource16ResourceVariableD0Ev;_ZN6tflite8resource16ResourceVariableD1Ev;_ZN6tflite8resource16ResourceVariableD2Ev;_ZN6tflite8resource17IsBuiltinResourceEPK12TfLiteTensor;_ZTIN6tflite8resource16ResourceVariableE;_ZTSN6tflite8resource16ResourceVariableE;_ZTVN6tflite8resource16ResourceVariableE
nntrainer	armv7l	nntrainer-core/usr/lib/libnntrainer.so	libtensorflow2-lite.a	reverse.cc.o	1	_ZN6tflite3ops7builtin19Register_REVERSE_V2Ev
nntrainer	armv7l	nntrainer-core/usr/lib/libnntrainer.so	libtensorflow2-lite.a	reverse_sequence.cc.o	1	_ZN6tflite3ops7builtin25Register_REVERSE_SEQUENCEEv
nntrainer	armv7l	nntrainer-core/usr/lib/libnntrainer.so	libtensorflow2-lite.a	rfft2d.cc.o	11	_ZN6tflite3ops7builtin15Register_RFFT2DEv;_ZN6tflite3ops7builtin6rfft2d10Rfft2dImplEiiPPdPiS3_;_ZN6tflite3ops7builtin6rfft2d12IsPowerOfTwoEj;_ZN6tflite3ops7builtin6rfft2d12Rfft2dHelperEP13TfLiteContextP10TfLiteNode;_ZN6tflite3ops7builtin6rfft2d13Rfft2dReorderEiiPPd;_ZN6tflite3ops7builtin6rfft2d18PrepareInputBufferEPKfiiiiPPd;_ZN6tflite3ops7builtin6rfft2d31ResizeOutputandTemporaryTensorsEP13TfLiteContextP10TfLiteNode;_ZN6tflite3ops7builtin6rfft2d4EvalEP13TfLiteContextP10TfLiteNode;_ZN6tflite3ops7builtin6rfft2d4FreeEP13TfLiteContextPv;_ZN6tflite3ops7builtin6rfft2d4InitEP13TfLiteContextPKcj;_ZN6tflite3ops7builtin6rfft2d7PrepareEP13TfLiteContextP10TfLiteNode
nntrainer	armv7l	nntrainer-core/usr/lib/libnntrainer.so	libtensorflow2-lite.a	right_shift.cc.o	5	_ZN6tflite3ops7builtin11right_shift4EvalEP13TfLiteContextP10TfLiteNode;_ZN6tflite3ops7builtin11right_shift4FreeEP13TfLiteContextPv;_ZN6tflite3ops7builtin11right_shift4InitEP13TfLiteContextPKcj;_ZN6tflite3ops7builtin11right_shift7PrepareEP13TfLiteContextP10TfLiteNode;_ZN6tflite3ops7builtin20Register_RIGHT_SHIFTEv
nntrainer	armv7l	nntrainer-core/usr/lib/libnntrainer.so	libtensorflow2-lite.a	rng_bit_generator.cc.o	3	_ZN6tflite3ops7builtin27stablehlo_rng_bit_generator4EvalEP13TfLiteContextP10TfLiteNode;_ZN6tflite3ops7builtin27stablehlo_rng_bit_generator7PrepareEP13TfLiteContextP10TfLiteNode;_ZN6tflite3ops7builtin36Register_STABLEHLO_RNG_BIT_GENERATOREv
nntrainer	armv7l	nntrainer-core/usr/lib/libnntrainer.so	libtensorflow2-lite.a	root_profiler.cc.o	10	_ZN6tflite9profiling12RootProfiler10BeginEventEPKcNS_8Profiler9EventTypeExx;_ZN6tflite9profiling12RootProfiler11AddProfilerEPNS_8ProfilerE;_ZN6tflite9profiling12RootProfiler16AddEventWithDataEPKcNS_8Profiler9EventTypeEPKv;_ZN6tflite9profiling12RootProfiler20RemoveChildProfilersEv;_ZN6tflite9profiling12RootProfiler8AddEventEPKcNS_8Profiler9EventTypeEyxx;_ZN6tflite9profiling12RootProfiler8EndEventEj;_ZN6tflite9profiling12RootProfiler8EndEventEjxx;_ZTIN6tflite9profiling12RootProfilerE;_ZTSN6tflite9profiling12RootProfilerE;_ZTVN6tflite9profiling12RootProfilerE
nntrainer	armv7l	nntrainer-core/usr/lib/libnntrainer.so	libtensorflow2-lite.a	round.cc.o	3	_ZN6tflite3ops7builtin14Register_ROUNDEv;_ZN6tflite3ops7builtin5round4EvalEP13TfLiteContextP10TfLiteNode;_ZN6tflite3ops7builtin5round7PrepareEP13TfLiteContextP10TfLiteNode
nntrainer	armv7l	nntrainer-core/usr/lib/libnntrainer.so	libtensorflow2-lite.a	runtime.c.o	18	xnn_create_runtime;xnn_create_runtime_v2;xnn_create_runtime_v3;xnn_create_runtime_v4;xnn_create_weights_cache;xnn_create_weights_cache_with_size;xnn_create_workspace;xnn_delete_runtime;xnn_delete_weights_cache;xnn_get_external_value_shape;xnn_get_runtime_profiling_info;xnn_invoke_runtime;xnn_plan_memory;xnn_release_workspace;xnn_reshape_external_value;xnn_reshape_runtime;xnn_setup_runtime;xnn_setup_runtime_v2
nntrainer	armv7l	nntrainer-core/usr/lib/libnntrainer.so	libtensorflow2-lite.a	runtime_shape.cc.o	5	_ZN6tflite12RuntimeShape11ReplaceWithEiPKi;_ZN6tflite12RuntimeShapeD1Ev;_ZN6tflite12RuntimeShapeD2Ev;_ZNK6tflite12RuntimeShape4DimsEi;_ZNK6tflite12RuntimeShape8FlatSizeEv
nntrainer	armv7l	nntrainer-core/usr/lib/libnntrainer.so	libtensorflow2-lite.a	s32-f32-vcvt-neon.c.o	3	xnn_s32_f32_vcvt_ukernel__neon_u12;xnn_s32_f32_vcvt_ukernel__neon_u4;xnn_s32_f32_vcvt_ukernel__neon_u8
nntrainer	armv7l	nntrainer-core/usr/lib/libnntrainer.so	libtensorflow2-lite.a	s32-f32-vcvt-scalar.c.o	3	xnn_s32_f32_vcvt_ukernel__scalar_u1;xnn_s32_f32_vcvt_ukernel__scalar_u2;xnn_s32_f32_vcvt_ukernel__scalar_u3
nntrainer	armv7l	nntrainer-core/usr/lib/libnntrainer.so	libtensorflow2-lite.a	s32-vmul-neon.c.o	3	xnn_s32_vmul_ukernel__neon_u12;xnn_s32_vmul_ukernel__neon_u16;xnn_s32_vmul_ukernel__neon_u4
nntrainer	armv7l	nntrainer-core/usr/lib/libnntrainer.so	libtensorflow2-lite.a	s32-vmul-scalar.c.o	3	xnn_s32_vmul_ukernel__scalar_u1;xnn_s32_vmul_ukernel__scalar_u4;xnn_s32_vmul_ukernel__scalar_u8
nntrainer	armv7l	nntrainer-core/usr/lib/libnntrainer.so	libtensorflow2-lite.a	s32-vmulc-neon.c.o	3	xnn_s32_vmulc_ukernel__neon_u12;xnn_s32_vmulc_ukernel__neon_u16;xnn_s32_vmulc_ukernel__neon_u4
nntrainer	armv7l	nntrainer-core/usr/lib/libnntrainer.so	libtensorflow2-lite.a	s32-vmulc-scalar.c.o	3	xnn_s32_vmulc_ukernel__scalar_u1;xnn_s32_vmulc_ukernel__scalar_u4;xnn_s32_vmulc_ukernel__scalar_u8
nntrainer	armv7l	nntrainer-core/usr/lib/libnntrainer.so	libtensorflow2-lite.a	scatter_nd.cc.o	3	_ZN6tflite3ops7builtin10scatter_nd4EvalEP13TfLiteContextP10TfLiteNode;_ZN6tflite3ops7builtin10scatter_nd7PrepareEP13TfLiteContextP10TfLiteNode;_ZN6tflite3ops7builtin19Register_SCATTER_NDEv
nntrainer	armv7l	nntrainer-core/usr/lib/libnntrainer.so	libtensorflow2-lite.a	schema_utils.cc.o	2	_ZN6tflite14GetBuiltinCodeEPKNS_12OperatorCodeE;_ZN6tflite14GetBuiltinCodeEPKNS_13OperatorCodeTE
nntrainer	armv7l	nntrainer-core/usr/lib/libnntrainer.so	libtensorflow2-lite.a	segment_sum.cc.o	4	_ZN6tflite3ops7builtin11segment_sum18ResizeOutputTensorEP13TfLiteContextPK12TfLiteTensorS7_PS5_;_ZN6tflite3ops7builtin11segment_sum4EvalEP13TfLiteContextP10TfLiteNode;_ZN6tflite3ops7builtin11segment_sum7PrepareEP13TfLiteContextP10TfLiteNode;_ZN6tflite3ops7builtin20Register_SEGMENT_SUMEv
nntrainer	armv7l	nntrainer-core/usr/lib/libnntrainer.so	libtensorflow2-lite.a	select.cc.o	5	_ZN6tflite3ops7builtin15Register_SELECTEv;_ZN6tflite3ops7builtin18Register_SELECT_V2Ev;_ZN6tflite3ops7builtin6select10SelectEvalEP13TfLiteContextP10TfLiteNode;_ZN6tflite3ops7builtin6select10SelectFreeEP13TfLiteContextPv;_ZN6tflite3ops7builtin6select10SelectInitEP13TfLiteContextPKcj
nntrainer	armv7l	nntrainer-core/usr/lib/libnntrainer.so	libtensorflow2-lite.a	shape.cc.o	3	_ZN6tflite3ops7builtin14Register_SHAPEEv;_ZN6tflite3ops7builtin5shape4EvalEP13TfLiteContextP10TfLiteNode;_ZN6tflite3ops7builtin5shape7PrepareEP13TfLiteContextP10TfLiteNode
nntrainer	armv7l	nntrainer-core/usr/lib/libnntrainer.so	libtensorflow2-lite.a	sigmoid.c.o	1	xnn_define_sigmoid
nntrainer	armv7l	nntrainer-core/usr/lib/libnntrainer.so	libtensorflow2-lite.a	sign.cc.o	2	_ZN6tflite3ops7builtin13Register_SIGNEv;_ZN6tflite3ops7builtin4sign23PointwiseUnaryOpPrepareEP13TfLiteContextP10TfLiteNode
nntrainer	armv7l	nntrainer-core/usr/lib/libnntrainer.so	libtensorflow2-lite.a	signature_runner.cc.o	9	_ZN6tflite4impl15SignatureRunner12input_tensorEPKc;_ZN6tflite4impl15SignatureRunner20SetInputBufferHandleEPKciP14TfLiteDelegateb;_ZN6tflite4impl15SignatureRunner21SetOutputBufferHandleEPKciP14TfLiteDelegateb;_ZN6tflite4impl15SignatureRunner33SetCustomAllocationForInputTensorEPKcRK22TfLiteCustomAllocationx;_ZN6tflite4impl15SignatureRunner34SetCustomAllocationForOutputTensorEPKcRK22TfLiteCustomAllocationx;_ZN6tflite4impl15SignatureRunner6InvokeEv;_ZN6tflite4impl15SignatureRunnerC1EPKNS_8internal12SignatureDefEPNS_8SubgraphE;_ZN6tflite4impl15SignatureRunnerC2EPKNS_8internal12SignatureDefEPNS_8SubgraphE;_ZNK6tflite4impl15SignatureRunner13output_tensorEPKc
nntrainer	armv7l	nntrainer-core/usr/lib/libnntrainer.so	libtensorflow2-lite.a	simple_memory_arena.cc.o	10	_ZN6tflite17SimpleMemoryArena10PurgeAfterEi;_ZN6tflite17SimpleMemoryArena11ResetAllocsEv;_ZN6tflite17SimpleMemoryArena12ResolveAllocEP13TfLiteContextRKNS_27ArenaAllocWithUsageIntervalEPPc;_ZN6tflite17SimpleMemoryArena13ReleaseBufferEv;_ZN6tflite17SimpleMemoryArena17PurgeActiveAllocsEi;_ZN6tflite17SimpleMemoryArena6CommitEPb;_ZN6tflite17SimpleMemoryArena8AllocateEP13TfLiteContextjjiiiPNS_27ArenaAllocWithUsageIntervalE;_ZN6tflite17SimpleMemoryArena9ClearPlanEv;_ZN6tflite22ResizableAlignedBuffer6ResizeEj;_ZN6tflite22ResizableAlignedBuffer7ReleaseEv
nntrainer	armv7l	nntrainer-core/usr/lib/libnntrainer.so	libtensorflow2-lite.a	skip_gram.cc.o	1	_ZN6tflite3ops7builtin18Register_SKIP_GRAMEv
nntrainer	armv7l	nntrainer-core/usr/lib/libnntrainer.so	libtensorflow2-lite.a	slice-nd.c.o	10	xnn_create_slice_nd_x16;xnn_create_slice_nd_x32;xnn_create_slice_nd_x8;xnn_reshape_slice_nd_x16;xnn_reshape_slice_nd_x32;xnn_reshape_slice_nd_x8;xnn_run_slice_nd_x32;xnn_setup_slice_nd_x16;xnn_setup_slice_nd_x32;xnn_setup_slice_nd_x8
nntrainer	armv7l	nntrainer-core/usr/lib/libnntrainer.so	libtensorflow2-lite.a	slice.cc.o	5	_ZN6tflite3ops7builtin14Register_SLICEEv;_ZN6tflite3ops7builtin18Register_SLICE_REFEv;_ZN6tflite3ops7builtin5slice12ShapeHasRankEPK14TfLiteIntArray;_ZN6tflite3ops7builtin5slice17ResizeOutputShapeEP13TfLiteContextPK12TfLiteTensorS7_S7_PS5_;_ZN6tflite3ops7builtin5slice7PrepareEP13TfLiteContextP10TfLiteNode
nntrainer	armv7l	nntrainer-core/usr/lib/libnntrainer.so	libtensorflow2-lite.a	softmax-nc.c.o	9	xnn_create_softmax_nc_f16;xnn_create_softmax_nc_f32;xnn_create_softmax_nc_qu8;xnn_reshape_softmax_nc_f16;xnn_reshape_softmax_nc_f32;xnn_reshape_softmax_nc_qu8;xnn_setup_softmax_nc_f16;xnn_setup_softmax_nc_f32;xnn_setup_softmax_nc_qu8
nntrainer	armv7l	nntrainer-core/usr/lib/libnntrainer.so	libtensorflow2-lite.a	softmax.c.o	1	xnn_define_softmax
nntrainer	armv7l	nntrainer-core/usr/lib/libnntrainer.so	libtensorflow2-lite.a	space-to-depth-2d.c.o	1	xnn_define_space_to_depth_2d
nntrainer	armv7l	nntrainer-core/usr/lib/libnntrainer.so	libtensorflow2-lite.a	space_to_batch_nd.cc.o	5	_ZN6tflite3ops7builtin17space_to_batch_nd18ResizeOutputTensorEP13TfLiteContextPNS2_21SpaceToBatchNDContextE;_ZN6tflite3ops7builtin17space_to_batch_nd7PrepareEP13TfLiteContextP10TfLiteNode;_ZN6tflite3ops7builtin26Register_SPACE_TO_BATCH_NDEv;_ZN6tflite3ops7builtin30Register_SPACE_TO_BATCH_ND_REFEv;_ZN6tflite3ops7builtin38Register_SPACE_TO_BATCH_ND_GENERIC_OPTEv
nntrainer	armv7l	nntrainer-core/usr/lib/libnntrainer.so	libtensorflow2-lite.a	space_to_depth.cc.o	4	_ZN6tflite3ops7builtin14space_to_depth7PrepareEP13TfLiteContextP10TfLiteNode;_ZN6tflite3ops7builtin23Register_SPACE_TO_DEPTHEv;_ZN6tflite3ops7builtin27Register_SPACE_TO_DEPTH_REFEv;_ZN6tflite3ops7builtin35Register_SPACE_TO_DEPTH_GENERIC_OPTEv
nntrainer	armv7l	nntrainer-core/usr/lib/libnntrainer.so	libtensorflow2-lite.a	sparse_to_dense.cc.o	5	_ZN6tflite3ops7builtin15sparse_to_dense17ResizeOutputShapeEP13TfLiteContextPK12TfLiteTensorPS5_;_ZN6tflite3ops7builtin15sparse_to_dense20CheckDimensionsMatchEP13TfLiteContextPK12TfLiteTensorS7_S7_;_ZN6tflite3ops7builtin15sparse_to_dense4EvalEP13TfLiteContextP10TfLiteNode;_ZN6tflite3ops7builtin15sparse_to_dense7PrepareEP13TfLiteContextP10TfLiteNode;_ZN6tflite3ops7builtin24Register_SPARSE_TO_DENSEEv
nntrainer	armv7l	nntrainer-core/usr/lib/libnntrainer.so	libtensorflow2-lite.a	spectrogram.cc.o	2	_ZN6tflite8internal11Spectrogram10InitializeEii;_ZN6tflite8internal11Spectrogram14ProcessCoreFFTEv
nntrainer	armv7l	nntrainer-core/usr/lib/libnntrainer.so	libtensorflow2-lite.a	spinlock.cc.o	8	_ZN4absl12lts_2023080213base_internal24RegisterSpinLockProfilerEPFvPKvxE;_ZN4absl12lts_2023080213base_internal8SpinLock10SlowUnlockEj;_ZN4absl12lts_2023080213base_internal8SpinLock16DecodeWaitCyclesEj;_ZN4absl12lts_2023080213base_internal8SpinLock16EncodeWaitCyclesExx;_ZN4absl12lts_2023080213base_internal8SpinLock8SlowLockEv;_ZN4absl12lts_2023080213base_internal8SpinLock8SpinLoopEv;_ZN4absl12lts_2023080213base_internal8SpinLockC1ENS1_14SchedulingModeE;_ZN4absl12lts_2023080213base_internal8SpinLockC2ENS1_14SchedulingModeE
nntrainer	armv7l	nntrainer-core/usr/lib/libnntrainer.so	libtensorflow2-lite.a	spinlock_wait.cc.o	1	_ZN4absl12lts_2023080213base_internal24SpinLockSuggestedDelayNSEi
nntrainer	armv7l	nntrainer-core/usr/lib/libnntrainer.so	libtensorflow2-lite.a	split.cc.o	5	_ZN6tflite3ops7builtin14Register_SPLITEv;_ZN6tflite3ops7builtin5split19ResizeOutputTensorsEP13TfLiteContextP10TfLiteNodePK12TfLiteTensorS9_i;_ZN6tflite3ops7builtin5split23UseDynamicOutputTensorsEP13TfLiteContextP10TfLiteNode;_ZN6tflite3ops7builtin5split4EvalEP13TfLiteContextP10TfLiteNode;_ZN6tflite3ops7builtin5split7PrepareEP13TfLiteContextP10TfLiteNode
nntrainer	armv7l	nntrainer-core/usr/lib/libnntrainer.so	libtensorflow2-lite.a	split_v.cc.o	5	_ZN6tflite3ops7builtin16Register_SPLIT_VEv;_ZN6tflite3ops7builtin7split_v19ResizeOutputTensorsEP13TfLiteContextP10TfLiteNodePK12TfLiteTensorS9_S9_;_ZN6tflite3ops7builtin7split_v23UseDynamicOutputTensorsEP13TfLiteContextP10TfLiteNode;_ZN6tflite3ops7builtin7split_v4EvalEP13TfLiteContextP10TfLiteNode;_ZN6tflite3ops7builtin7split_v7PrepareEP13TfLiteContextP10TfLiteNode
nntrainer	armv7l	nntrainer-core/usr/lib/libnntrainer.so	libtensorflow2-lite.a	square-root.c.o	1	xnn_define_square_root
nntrainer	armv7l	nntrainer-core/usr/lib/libnntrainer.so	libtensorflow2-lite.a	square.c.o	1	xnn_define_square
nntrainer	armv7l	nntrainer-core/usr/lib/libnntrainer.so	libtensorflow2-lite.a	squared-difference.c.o	1	xnn_define_squared_difference
nntrainer	armv7l	nntrainer-core/usr/lib/libnntrainer.so	libtensorflow2-lite.a	squared_difference.cc.o	5	_ZN6tflite3ops7builtin18squared_difference4EvalEP13TfLiteContextP10TfLiteNode;_ZN6tflite3ops7builtin18squared_difference4FreeEP13TfLiteContextPv;_ZN6tflite3ops7builtin18squared_difference4InitEP13TfLiteContextPKcj;_ZN6tflite3ops7builtin18squared_difference7PrepareEP13TfLiteContextP10TfLiteNode;_ZN6tflite3ops7builtin27Register_SQUARED_DIFFERENCEEv
nntrainer	armv7l	nntrainer-core/usr/lib/libnntrainer.so	libtensorflow2-lite.a	squeeze.cc.o	3	_ZN6tflite3ops7builtin16Register_SQUEEZEEv;_ZN6tflite3ops7builtin7squeeze4EvalEP13TfLiteContextP10TfLiteNode;_ZN6tflite3ops7builtin7squeeze7PrepareEP13TfLiteContextP10TfLiteNode
nntrainer	armv7l	nntrainer-core/usr/lib/libnntrainer.so	libtensorflow2-lite.a	stablehlo_add.cc.o	1	_ZN6tflite3ops7builtin22Register_STABLEHLO_ADDEv
nntrainer	armv7l	nntrainer-core/usr/lib/libnntrainer.so	libtensorflow2-lite.a	stablehlo_and.cc.o	1	_ZN6tflite3ops7builtin22Register_STABLEHLO_ANDEv
nntrainer	armv7l	nntrainer-core/usr/lib/libnntrainer.so	libtensorflow2-lite.a	stablehlo_composite.cc.o	7	_ZN6tflite3ops7builtin19stablehlo_composite11Eval_staticEP13TfLiteContextP10TfLiteNodePNS_8SubgraphES8_;_ZN6tflite3ops7builtin19stablehlo_composite12Eval_dynamicEP13TfLiteContextP10TfLiteNodePNS_8SubgraphES8_;_ZN6tflite3ops7builtin19stablehlo_composite4EvalEP13TfLiteContextP10TfLiteNode;_ZN6tflite3ops7builtin19stablehlo_composite4FreeEP13TfLiteContextPv;_ZN6tflite3ops7builtin19stablehlo_composite4InitEP13TfLiteContextPKcj;_ZN6tflite3ops7builtin19stablehlo_composite7PrepareEP13TfLiteContextP10TfLiteNode;_ZN6tflite3ops7builtin28Register_STABLEHLO_COMPOSITEEv
nntrainer	armv7l	nntrainer-core/usr/lib/libnntrainer.so	libtensorflow2-lite.a	stablehlo_elementwise.cc.o	1	_ZN6tflite3ops7builtin18ElementwisePrepareEP13TfLiteContextP10TfLiteNode
nntrainer	armv7l	nntrainer-core/usr/lib/libnntrainer.so	libtensorflow2-lite.a	stablehlo_gather.cc.o	3	_ZN6tflite3ops7builtin16stablehlo_gather4EvalEP13TfLiteContextP10TfLiteNode;_ZN6tflite3ops7builtin16stablehlo_gather7PrepareEP13TfLiteContextP10TfLiteNode;_ZN6tflite3ops7builtin25Register_STABLEHLO_GATHEREv
nntrainer	armv7l	nntrainer-core/usr/lib/libnntrainer.so	libtensorflow2-lite.a	stablehlo_min_max.cc.o	2	_ZN6tflite3ops7builtin26Register_STABLEHLO_MAXIMUMEv;_ZN6tflite3ops7builtin26Register_STABLEHLO_MINIMUMEv
nntrainer	armv7l	nntrainer-core/usr/lib/libnntrainer.so	libtensorflow2-lite.a	stablehlo_multiply.cc.o	1	_ZN6tflite3ops7builtin27Register_STABLEHLO_MULTIPLYEv
nntrainer	armv7l	nntrainer-core/usr/lib/libnntrainer.so	libtensorflow2-lite.a	stablehlo_pad.cc.o	1	_ZN6tflite3ops7builtin22Register_STABLEHLO_PADEv
nntrainer	armv7l	nntrainer-core/usr/lib/libnntrainer.so	libtensorflow2-lite.a	stablehlo_reduce_window.cc.o	2	_ZN6tflite3ops7builtin22Register_REDUCE_WINDOWEv;_ZN6tflite3ops7builtin32Register_STABLEHLO_REDUCE_WINDOWEv
nntrainer	armv7l	nntrainer-core/usr/lib/libnntrainer.so	libtensorflow2-lite.a	stablehlo_scatter.cc.o	2	_ZN6tflite3ops7builtin17stablehlo_scatter4EvalEP13TfLiteContextP10TfLiteNode;_ZN6tflite3ops7builtin26Register_STABLEHLO_SCATTEREv
nntrainer	armv7l	nntrainer-core/usr/lib/libnntrainer.so	libtensorflow2-lite.a	stablehlo_shift_left.cc.o	1	_ZN6tflite3ops7builtin29Register_STABLEHLO_SHIFT_LEFTEv
nntrainer	armv7l	nntrainer-core/usr/lib/libnntrainer.so	libtensorflow2-lite.a	stacktrace.cc.o	7	_ZN4absl12lts_2023080213GetStackTraceEPPvii;_ZN4absl12lts_2023080214GetStackFramesEPPvPiii;_ZN4absl12lts_2023080216SetStackUnwinderEPFiPPvPiiiPKvS3_E;_ZN4absl12lts_2023080218debugging_internal22StackTraceWorksForTestEv;_ZN4absl12lts_2023080220DefaultStackUnwinderEPPvPiiiPKvS3_;_ZN4absl12lts_2023080224GetStackTraceWithContextEPPviiPKvPi;_ZN4absl12lts_2023080225GetStackFramesWithContextEPPvPiiiPKvS3_
nntrainer	armv7l	nntrainer-core/usr/lib/libnntrainer.so	libtensorflow2-lite.a	static-constant-pad.c.o	1	xnn_define_static_constant_pad
nntrainer	armv7l	nntrainer-core/usr/lib/libnntrainer.so	libtensorflow2-lite.a	static-mean.c.o	1	xnn_define_static_mean
nntrainer	armv7l	nntrainer-core/usr/lib/libnntrainer.so	libtensorflow2-lite.a	static-resize-bilinear-2d.c.o	1	xnn_define_static_resize_bilinear_2d
nntrainer	armv7l	nntrainer-core/usr/lib/libnntrainer.so	libtensorflow2-lite.a	static-slice.c.o	1	xnn_define_static_slice
nntrainer	armv7l	nntrainer-core/usr/lib/libnntrainer.so	libtensorflow2-lite.a	static-transpose.c.o	1	xnn_define_static_transpose
nntrainer	armv7l	nntrainer-core/usr/lib/libnntrainer.so	libtensorflow2-lite.a	static_hashtable.cc.o	1	_ZN6tflite8resource8internal21CreateStaticHashtableE10TfLiteTypeS2_
nntrainer	armv7l	nntrainer-core/usr/lib/libnntrainer.so	libtensorflow2-lite.a	stderr_reporter.cc.o	5	_ZN6tflite14StderrReporter6ReportEPKcSt9__va_list;_ZN6tflite20DefaultErrorReporterEv;_ZTIN6tflite14StderrReporterE;_ZTSN6tflite14StderrReporterE;_ZTVN6tflite14StderrReporterE
nntrainer	armv7l	nntrainer-core/usr/lib/libnntrainer.so	libtensorflow2-lite.a	strided_slice.cc.o	7	_ZN6tflite3ops7builtin13strided_slice18ResizeOutputTensorEP13TfLiteContextPNS2_19StridedSliceContextE;_ZN6tflite3ops7builtin13strided_slice23BuildStridedSliceParamsEPNS2_19StridedSliceContextEb;_ZN6tflite3ops7builtin13strided_slice4FreeEP13TfLiteContextPv;_ZN6tflite3ops7builtin13strided_slice4InitEP13TfLiteContextPKcj;_ZN6tflite3ops7builtin13strided_slice7PrepareEP13TfLiteContextP10TfLiteNode;_ZN6tflite3ops7builtin22Register_STRIDED_SLICEEv;_ZN6tflite3ops7builtin26Register_STRIDED_SLICE_REFEv
nntrainer	armv7l	nntrainer-core/usr/lib/libnntrainer.so	libtensorflow2-lite.a	string_util.cc.o	4	_ZN6tflite13DynamicBuffer13WriteToTensorEP12TfLiteTensorP14TfLiteIntArray;_ZN6tflite13DynamicBuffer21WriteToTensorAsVectorEP12TfLiteTensor;_ZN6tflite13DynamicBuffer9AddStringEPKcj;_ZN6tflite13DynamicBuffer9AddStringERKN4mlir3TFL9StringRefE
nntrainer	armv7l	nntrainer-core/usr/lib/libnntrainer.so	libtensorflow2-lite.a	string_utils.cc.o	2	_ZN4mlir3TFL19SimpleDynamicBuffer13WriteToBufferEPPc;_ZN4mlir3TFL19SimpleDynamicBuffer9AddStringEPKcj
nntrainer	armv7l	nntrainer-core/usr/lib/libnntrainer.so	libtensorflow2-lite.a	sub.cc.o	9	_ZN6tflite3ops7builtin12Register_SUBEv;_ZN6tflite3ops7builtin16Register_SUB_REFEv;_ZN6tflite3ops7builtin21Register_SUB_NEON_OPTEv;_ZN6tflite3ops7builtin24Register_SUB_GENERIC_OPTEv;_ZN6tflite3ops7builtin3sub19PrepareGeneralSubOpEP13TfLiteContextPK12TfLiteTensorS7_PS5_P15TfLiteSubParamsPNS2_6OpDataE;_ZN6tflite3ops7builtin3sub20PrepareInt16SubOpPOTEP13TfLiteContextPK12TfLiteTensorS7_PS5_P15TfLiteSubParamsPNS2_6OpDataE;_ZN6tflite3ops7builtin3sub4FreeEP13TfLiteContextPv;_ZN6tflite3ops7builtin3sub4InitEP13TfLiteContextPKcj;_ZN6tflite3ops7builtin3sub7PrepareEP13TfLiteContextP10TfLiteNode
nntrainer	armv7l	nntrainer-core/usr/lib/libnntrainer.so	libtensorflow2-lite.a	subgraph.c.o	15	xnn_check_nchw_compatibility;xnn_create_subgraph;xnn_delete_subgraph;xnn_insert_clamp_node;xnn_node_clear;xnn_subgraph_add_nodes;xnn_subgraph_analyze_consumers_and_producers;xnn_subgraph_fusion;xnn_subgraph_new_internal_value;xnn_subgraph_new_node;xnn_subgraph_optimize;xnn_subgraph_rewrite_for_fp16;xnn_subgraph_rewrite_for_nchw;xnn_value_clear;xnn_value_copy
nntrainer	armv7l	nntrainer-core/usr/lib/libnntrainer.so	libtensorflow2-lite.a	subgraph.cc.o	80	_ZN6tflite8Subgraph10AddTensorsEP13TfLiteContextiPi;_ZN6tflite8Subgraph10AddTensorsEiPi;_ZN6tflite8Subgraph10InvokeImplEv;_ZN6tflite8Subgraph11CleanupNodeEi;_ZN6tflite8Subgraph11IsCancelledEv;_ZN6tflite8Subgraph11ReportErrorEPKcz;_ZN6tflite8Subgraph12HasDelegatesEv;_ZN6tflite8Subgraph12ReportErrorCEP13TfLiteContextPKcz;_ZN6tflite8Subgraph12ReserveNodesEi;_ZN6tflite8Subgraph12ResizeTensorEP13TfLiteContextP12TfLiteTensorP14TfLiteIntArray;_ZN6tflite8Subgraph13ReleaseMemoryEv;_ZN6tflite8Subgraph15AllocateTensorsEv;_ZN6tflite8Subgraph15CreateGraphInfoEv;_ZN6tflite8Subgraph15ReportErrorImplEPKcSt9__va_list;_ZN6tflite8Subgraph16GetExecutionPlanEP13TfLiteContextPP14TfLiteIntArray;_ZN6tflite8Subgraph16GetExecutionPlanEPP14TfLiteIntArray;_ZN6tflite8Subgraph16GetModelMetadataEPK13TfLiteContextPKcPS5_Pj;_ZN6tflite8Subgraph16GetModelMetadataEPKcPS2_Pj;_ZN6tflite8Subgraph16RedoAllDelegatesEv;_ZN6tflite8Subgraph16ResizeTensorImplEP12TfLiteTensorP14TfLiteIntArray;_ZN6tflite8Subgraph16UndoAllDelegatesEv;_ZN6tflite8Subgraph17ResizeInputTensorEiPKii;_ZN6tflite8Subgraph18CheckTensorIndicesEPKcPKii;_ZN6tflite8Subgraph18GetExternalContextE25TfLiteExternalContextType;_ZN6tflite8Subgraph18GetExternalContextEP13TfLiteContext25TfLiteExternalContextType;_ZN6tflite8Subgraph18RemoveAllDelegatesEv;_ZN6tflite8Subgraph18RemoveUnusedInputsEv;_ZN6tflite8Subgraph18SetExternalContextE25TfLiteExternalContextTypeP21TfLiteExternalContext;_ZN6tflite8Subgraph18SetExternalContextEP13TfLiteContext25TfLiteExternalContextTypeP21TfLiteExternalContext;_ZN6tflite8Subgraph19MayAllocateOpOutputEP10TfLiteNode;_ZN6tflite8Subgraph19SetBufferHandleImplEP13TfLiteContextP12TfLiteTensoriP14TfLiteDelegateb;_ZN6tflite8Subgraph20GetInputTensorsCountEv;_ZN6tflite8Subgraph20PrepareOpsAndTensorsEv;_ZN6tflite8Subgraph20ResetVariableTensorsEv;_ZN6tflite8Subgraph21SwitchToKernelContextEv;_ZN6tflite8Subgraph22AcquireSubgraphContextEP13TfLiteContextiPS2_;_ZN6tflite8Subgraph22AcquireSubgraphContextEiPP13TfLiteContext;_ZN6tflite8Subgraph22GetNodeAndRegistrationEP13TfLiteContextiPP10TfLiteNodePP18TfLiteRegistration;_ZN6tflite8Subgraph22GetNodeAndRegistrationEiPP10TfLiteNodePP18TfLiteRegistration;_ZN6tflite8Subgraph22ReleaseSubgraphContextEP13TfLiteContexti;_ZN6tflite8Subgraph22ReleaseSubgraphContextEi;_ZN6tflite8Subgraph23EnsureMemoryAllocationsEv;_ZN6tflite8Subgraph23ModifyGraphWithDelegateEP14TfLiteDelegate;_ZN6tflite8Subgraph23SetCancellationFunctionEPvPFbS1_E;_ZN6tflite8Subgraph23SwitchToDelegateContextEv;_ZN6tflite8Subgraph26EnsureTensorDataIsReadableEi;_ZN6tflite8Subgraph26InitializeTensorReleaseMapEv;_ZN6tflite8Subgraph26MaybeReleaseDynamicTensorsERK10TfLiteNodej;_ZN6tflite8Subgraph26ReleaseNonPersistentMemoryEv;_ZN6tflite8Subgraph27EnsureTensorsVectorCapacityEv;_ZN6tflite8Subgraph27ModifyGraphWithDelegateImplEP14TfLiteDelegate;_ZN6tflite8Subgraph27PreviewDelegatePartitioningEP13TfLiteContextPK14TfLiteIntArrayPP20TfLiteDelegateParamsPi;_ZN6tflite8Subgraph27PreviewDelegatePartitioningEPK14TfLiteIntArrayPP20TfLiteDelegateParamsPi;_ZN6tflite8Subgraph27SetTensorParametersReadOnlyEi10TfLiteTypePKcjPKi18TfLiteQuantizationS3_jPKNS_10AllocationEP14TfLiteSparsityj;_ZN6tflite8Subgraph28FreeDelegatePartitioningDataEv;_ZN6tflite8Subgraph28SetCustomAllocationForTensorEiRK22TfLiteCustomAllocationx;_ZN6tflite8Subgraph28SetTensorParametersReadWriteEi10TfLiteTypePKcjPKi18TfLiteQuantizationbjS5_;_ZN6tflite8Subgraph29CheckInputAndOutputForOverlapEPKiiS2_i;_ZN6tflite8Subgraph29OptimizeMemoryForLargeTensorsEi;_ZN6tflite8Subgraph33MarkSubgraphAsDelegationSkippableEi;_ZN6tflite8Subgraph37ReplaceNodeSubsetsWithDelegateKernelsE18TfLiteRegistrationPK14TfLiteIntArrayP14TfLiteDelegate;_ZN6tflite8Subgraph37ReplaceNodeSubsetsWithDelegateKernelsEP13TfLiteContext18TfLiteRegistrationPK14TfLiteIntArrayP14TfLiteDelegate;_ZN6tflite8Subgraph6CancelEv;_ZN6tflite8Subgraph6InvokeEv;_ZN6tflite8Subgraph6OpFreeERK18TfLiteRegistrationPv;_ZN6tflite8Subgraph6OpInitERK18TfLiteRegistrationPKcj;_ZN6tflite8Subgraph7SetNameEPKc;_ZN6tflite8Subgraph8OpInvokeERK18TfLiteRegistrationP10TfLiteNode;_ZN6tflite8Subgraph9OpPrepareERK18TfLiteRegistrationP10TfLiteNode;_ZN6tflite8SubgraphD0Ev;_ZN6tflite8SubgraphD1Ev;_ZN6tflite8SubgraphD2Ev;_ZNK6tflite8Subgraph16IsFullyDelegatedEv;_ZNK6tflite8Subgraph18GetMemoryAllocInfoEPNS0_17SubgraphAllocInfoE;_ZNK6tflite8Subgraph21OpMightHaveSideEffectEPK10TfLiteNodePK18TfLiteRegistration;_ZNK6tflite8Subgraph23GetNodeInitDataMmapInfoEPK10TfLiteNodePiPxS5_;_ZNK6tflite8Subgraph26DumpMemoryPlannerDebugInfoEv;_ZTIN6tflite8SubgraphE;_ZTSN6tflite8SubgraphE;_ZTVN6tflite8SubgraphE
nntrainer	armv7l	nntrainer-core/usr/lib/libnntrainer.so	libtensorflow2-lite.a	subtract.c.o	1	xnn_define_subtract
nntrainer	armv7l	nntrainer-core/usr/lib/libnntrainer.so	libtensorflow2-lite.a	svdf.cc.o	5	_ZN6tflite3ops7builtin13Register_SVDFEv;_ZN6tflite3ops7builtin4svdf4EvalEP13TfLiteContextP10TfLiteNode;_ZN6tflite3ops7builtin4svdf4FreeEP13TfLiteContextPv;_ZN6tflite3ops7builtin4svdf4InitEP13TfLiteContextPKcj;_ZN6tflite3ops7builtin4svdf7PrepareEP13TfLiteContextP10TfLiteNode
nntrainer	armv7l	nntrainer-core/usr/lib/libnntrainer.so	libtensorflow2-lite.a	sysinfo.cc.o	4	_ZN4absl12lts_2023080213base_internal12GetCachedTIDEv;_ZN4absl12lts_2023080213base_internal19NominalCPUFrequencyEv;_ZN4absl12lts_2023080213base_internal6GetTIDEv;_ZN4absl12lts_2023080213base_internal7NumCPUsEv
nntrainer	armv7l	nntrainer-core/usr/lib/libnntrainer.so	libtensorflow2-lite.a	system_aligned_alloc.cc.o	2	_ZN3ruy6detail17SystemAlignedFreeEPv;_ZN3ruy6detail18SystemAlignedAllocEi
nntrainer	armv7l	nntrainer-core/usr/lib/libnntrainer.so	libtensorflow2-lite.a	tanh.c.o	1	xnn_define_tanh
nntrainer	armv7l	nntrainer-core/usr/lib/libnntrainer.so	libtensorflow2-lite.a	telemetry.cc.o	6	_ZN6tflite9telemetry20TelemetryReportEventEP13TfLiteContextPKc12TfLiteStatus;_ZN6tflite9telemetry22TelemetryReportOpEventEP13TfLiteContextPKcxx12TfLiteStatus;_ZN6tflite9telemetry23TelemetryReportSettingsEP13TfLiteContextPKcPK34TfLiteTelemetryInterpreterSettings;_ZN6tflite9telemetry28TelemetryReportDelegateEventEP13TfLiteContextPKcNS0_15TelemetrySourceEj;_ZN6tflite9telemetry30TelemetryReportDelegateOpEventEP13TfLiteContextPKcxxNS0_15TelemetrySourceEj;_ZN6tflite9telemetry31TelemetryReportDelegateSettingsEP13TfLiteContextPKcNS0_15TelemetrySourceEPKv
nntrainer	armv7l	nntrainer-core/usr/lib/libnntrainer.so	libtensorflow2-lite.a	tensor.c.o	16	xnn_define_blockwise_quantized_tensor_value;xnn_define_channelwise_quantized_tensor_value;xnn_define_channelwise_quantized_tensor_value_v2;xnn_define_dynamically_quantized_tensor_value;xnn_define_quantized_tensor_value;xnn_define_tensor_value;xnn_shape_multiply_all_dims;xnn_shape_multiply_batch_dims;xnn_shape_multiply_leading_dims;xnn_shape_multiply_non_channel_dims;xnn_shape_multiply_trailing_dims;xnn_tensor_get_dynamic_quant_param_size;xnn_tensor_get_size;xnn_tensor_get_size_by_id;xnn_validate_channelwise_quantized_tensor;xnn_validate_quantized_tensor
nntrainer	armv7l	nntrainer-core/usr/lib/libnntrainer.so	libtensorflow2-lite.a	tensor_ctypes.cc.o	1	_ZN6tflite14GetTensorShapeEPK12TfLiteTensor
nntrainer	armv7l	nntrainer-core/usr/lib/libnntrainer.so	libtensorflow2-lite.a	tensor_utils.cc.o	42	_ZN6tflite12tensor_utils10Sub1VectorEPKfiPf;_ZN6tflite12tensor_utils10Sub1VectorEPKsiPs;_ZN6tflite12tensor_utils12ApplySigmoidEPKsiiPs;_ZN6tflite12tensor_utils12IsZeroVectorEPKai;_ZN6tflite12tensor_utils12IsZeroVectorEPKfi;_ZN6tflite12tensor_utils13CwiseClippingEPaia;_ZN6tflite12tensor_utils13CwiseClippingEPfif;_ZN6tflite12tensor_utils13CwiseClippingEPsis;_ZN6tflite12tensor_utils14ApplyLayerNormEPKsS2_PKiiiiiiPs;_ZN6tflite12tensor_utils14ApplyTanhFloatEPKsiiiPs;_ZN6tflite12tensor_utils17ApplySigmoidFloatEPKsiiPs;_ZN6tflite12tensor_utils18ReductionSumVectorEPKaPiii;_ZN6tflite12tensor_utils18ReductionSumVectorEPKfPfii;_ZN6tflite12tensor_utils18ReductionSumVectorEPKiPiii;_ZN6tflite12tensor_utils19ApplyLayerNormFloatEPKsS2_iiPKiiiPs;_ZN6tflite12tensor_utils20TwoGateSaturatingAddEPKaaS2_aiiiiiiPs;_ZN6tflite12tensor_utils20VectorScalarMultiplyEPKaifPf;_ZN6tflite12tensor_utils22VectorVectorDotProductEPKfS2_i;_ZN6tflite12tensor_utils23MeanStddevNormalizationEPKfPfii;_ZN6tflite12tensor_utils23SymmetricQuantizeFloatsEPKfiPaPfS4_S4_;_ZN6tflite12tensor_utils23SymmetricQuantizeFloatsEPKfiPaffPf;_ZN6tflite12tensor_utils24AsymmetricQuantizeFloatsEPKfiPaPfPi;_ZN6tflite12tensor_utils25MatrixBatchVectorMultiplyEPKaiS2_iiiiiPaa;_ZN6tflite12tensor_utils25MatrixBatchVectorMultiplyEPKsPKaiiPKiiiiiPa;_ZN6tflite12tensor_utils30MatrixScalarMultiplyAccumulateEPKaiiiPi;_ZN6tflite12tensor_utils32BatchVectorBatchVectorDotProductEPKsS2_iiPi;_ZN6tflite12tensor_utils35MatrixBatchVectorMultiplyAccumulateEPKaPKiS2_iiiiiiPiPaPNS_17CpuBackendContextE;_ZN6tflite12tensor_utils35MatrixBatchVectorMultiplyAccumulateEPKaPKiS2_iiiiiiPiPsPNS_17CpuBackendContextE;_ZN6tflite12tensor_utils35MatrixBatchVectorMultiplyAccumulateEPKaiiS2_PKfiPf;_ZN6tflite12tensor_utils35MatrixBatchVectorMultiplyAccumulateEPKaiiS2_PKfiPfS4_PKiPiS8_PbPNS_17CpuBackendContextE;_ZN6tflite12tensor_utils35MatrixBatchVectorMultiplyAccumulateEPKaiiS2_PKfiPiPfPNS_17CpuBackendContextE;_ZN6tflite12tensor_utils35MatrixBatchVectorMultiplyAccumulateEPKfiiS2_iPf;_ZN6tflite12tensor_utils39VectorBatchVectorCwiseProductAccumulateEPKsiS2_iiiPs;_ZN6tflite12tensor_utils41SparseMatrixBatchVectorMultiplyAccumulateEPKaPKhiiS2_PKfiPfS6_;_ZN6tflite12tensor_utils41SparseMatrixBatchVectorMultiplyAccumulateEPKfPKhiiS2_iPf;_ZN6tflite12tensor_utils44SparseMatrixBatchVectorMultiplyAccumulate1x4EPKfPKiS4_iiS2_iPf;_ZN6tflite12tensor_utils45SparseMatrixBatchVectorMultiplyAccumulate1x16EPKaPKiS4_iiS2_S4_iiiiS4_S4_iiiPa;_ZN6tflite12tensor_utils8CwiseAddEPKsS2_iiPs;_ZN6tflite12tensor_utils8CwiseMulEPKsS2_iiiPs;_ZN6tflite12tensor_utils8CwiseMulEPKsS2_iiiiiPa;_ZN6tflite12tensor_utils9ApplyTanhEiPKsiiPs;_ZN6tflite19ResetVariableTensorEP12TfLiteTensor
nntrainer	armv7l	nntrainer-core/usr/lib/libnntrainer.so	libtensorflow2-lite.a	tflite_with_xnnpack_optional.cc.o	1	_ZN6tflite26MaybeCreateXNNPACKDelegateEP13TfLiteContextNS_17XNNPackQS8OptionsE
nntrainer	armv7l	nntrainer-core/usr/lib/libnntrainer.so	libtensorflow2-lite.a	thread_identity.cc.o	3	_ZN4absl12lts_2023080213base_internal24SetCurrentThreadIdentityEPNS1_14ThreadIdentityEPFvPvE;_ZN4absl12lts_2023080213base_internal26ClearCurrentThreadIdentityEv;_ZN4absl12lts_2023080213base_internal30CurrentThreadIdentityIfPresentEv
nntrainer	armv7l	nntrainer-core/usr/lib/libnntrainer.so	libtensorflow2-lite.a	thread_pool.cc.o	4	_ZN3ruy10ThreadPool11ExecuteImplEiiPNS_4TaskE;_ZN3ruy10ThreadPool13CreateThreadsEi;_ZN3ruy10ThreadPoolD1Ev;_ZN3ruy10ThreadPoolD2Ev
nntrainer	armv7l	nntrainer-core/usr/lib/libnntrainer.so	libtensorflow2-lite.a	tile.cc.o	6	_ZN6tflite3ops7builtin13Register_TILEEv;_ZN6tflite3ops7builtin4tile4EvalEP13TfLiteContextP10TfLiteNode;_ZN6tflite3ops7builtin4tile4FreeEP13TfLiteContextPv;_ZN6tflite3ops7builtin4tile4InitEP13TfLiteContextPKcj;_ZN6tflite3ops7builtin4tile7PrepareEP13TfLiteContextP10TfLiteNode;_ZN6tflite3ops7builtin4tile8EvalImplEP13TfLiteContextPK12TfLiteTensorS7_PS5_
nntrainer	armv7l	nntrainer-core/usr/lib/libnntrainer.so	libtensorflow2-lite.a	time.cc.o	22	_ZN4absl12lts_2023080210ToTimespecENS0_4TimeE;_ZN4absl12lts_2023080211ToUniversalENS0_4TimeE;_ZN4absl12lts_2023080211ToUnixNanosENS0_4TimeE;_ZN4absl12lts_2023080212ToChronoTimeENS0_4TimeE;_ZN4absl12lts_2023080212ToUnixMicrosENS0_4TimeE;_ZN4absl12lts_2023080212ToUnixMillisENS0_4TimeE;_ZN4absl12lts_2023080213FromUniversalEx;_ZN4absl12lts_2023080213ToUnixSecondsENS0_4TimeE;_ZN4absl12lts_2023080215ConvertDateTimeExiiiiiNS0_8TimeZoneE;_ZN4absl12lts_2023080215TimeFromTimevalE7timeval;_ZN4absl12lts_2023080216TimeFromTimespecE8timespec;_ZN4absl12lts_202308024ToTMENS0_4TimeENS0_8TimeZoneE;_ZN4absl12lts_202308026FromTMERK2tmNS0_8TimeZoneE;_ZN4absl12lts_202308027ToTimeTENS0_4TimeE;_ZN4absl12lts_202308027ToUDateENS0_4TimeE;_ZN4absl12lts_202308029FromUDateEd;_ZN4absl12lts_202308029ToTimevalENS0_4TimeE;_ZNK4absl12lts_202308024Time2InENS0_8TimeZoneE;_ZNK4absl12lts_202308028TimeZone14NextTransitionENS0_4TimeEPNS1_15CivilTransitionE;_ZNK4absl12lts_202308028TimeZone14PrevTransitionENS0_4TimeEPNS1_15CivilTransitionE;_ZNK4absl12lts_202308028TimeZone2AtENS0_13time_internal4cctz6detail10civil_timeINS2_10second_tagEEE;_ZNK4absl12lts_202308028TimeZone2AtENS0_4TimeE
nntrainer	armv7l	nntrainer-core/usr/lib/libnntrainer.so	libtensorflow2-lite.a	time_zone_if.cc.o	7	_ZN4absl12lts_2023080213time_internal4cctz10TimeZoneIf3UTCEv;_ZN4absl12lts_2023080213time_internal4cctz10TimeZoneIfD0Ev;_ZN4absl12lts_2023080213time_internal4cctz10TimeZoneIfD1Ev;_ZN4absl12lts_2023080213time_internal4cctz10TimeZoneIfD2Ev;_ZTIN4absl12lts_2023080213time_internal4cctz10TimeZoneIfE;_ZTSN4absl12lts_2023080213time_internal4cctz10TimeZoneIfE;_ZTVN4absl12lts_2023080213time_internal4cctz10TimeZoneIfE
nntrainer	armv7l	nntrainer-core/usr/lib/libnntrainer.so	libtensorflow2-lite.a	time_zone_impl.cc.o	5	_ZN4absl12lts_2023080213time_internal4cctz9time_zone4Impl24ClearTimeZoneMapTestOnlyEv;_ZN4absl12lts_2023080213time_internal4cctz9time_zone4Impl3UTCEv;_ZN4absl12lts_2023080213time_internal4cctz9time_zone4Impl7UTCImplEv;_ZN4absl12lts_2023080213time_internal4cctz9time_zone4ImplC1Ev;_ZN4absl12lts_2023080213time_internal4cctz9time_zone4ImplC2Ev
nntrainer	armv7l	nntrainer-core/usr/lib/libnntrainer.so	libtensorflow2-lite.a	time_zone_info.cc.o	11	_ZN4absl12lts_2023080213time_internal4cctz12TimeZoneInfo17ExtendTransitionsEv;_ZN4absl12lts_2023080213time_internal4cctz12TimeZoneInfo3UTCEv;_ZN4absl12lts_2023080213time_internal4cctz12TimeZoneInfo4LoadEPNS2_14ZoneInfoSourceE;_ZNK4absl12lts_2023080213time_internal4cctz12TimeZoneInfo16EquivTransitionsEhh;_ZNK4absl12lts_2023080213time_internal4cctz12TimeZoneInfo8MakeTimeERKNS2_6detail10civil_timeINS4_10second_tagEEE;_ZNK4absl12lts_2023080213time_internal4cctz12TimeZoneInfo9LocalTimeExRKNS2_10TransitionE;_ZNK4absl12lts_2023080213time_internal4cctz12TimeZoneInfo9LocalTimeExRKNS2_14TransitionTypeE;_ZNK4absl12lts_2023080213time_internal4cctz12TimeZoneInfo9TimeLocalERKNS2_6detail10civil_timeINS4_10second_tagEEEx;_ZTIN4absl12lts_2023080213time_internal4cctz12TimeZoneInfoE;_ZTSN4absl12lts_2023080213time_internal4cctz12TimeZoneInfoE;_ZTVN4absl12lts_2023080213time_internal4cctz12TimeZoneInfoE
nntrainer	armv7l	nntrainer-core/usr/lib/libnntrainer.so	libtensorflow2-lite.a	time_zone_libc.cc.o	4	_ZNK4absl12lts_2023080213time_internal4cctz12TimeZoneLibC8MakeTimeERKNS2_6detail10civil_timeINS4_10second_tagEEE;_ZTIN4absl12lts_2023080213time_internal4cctz12TimeZoneLibCE;_ZTSN4absl12lts_2023080213time_internal4cctz12TimeZoneLibCE;_ZTVN4absl12lts_2023080213time_internal4cctz12TimeZoneLibCE
nntrainer	armv7l	nntrainer-core/usr/lib/libnntrainer.so	libtensorflow2-lite.a	time_zone_lookup.cc.o	4	_ZN4absl12lts_2023080213time_internal4cctz13utc_time_zoneEv;_ZN4absl12lts_2023080213time_internal4cctz15local_time_zoneEv;_ZNK4absl12lts_2023080213time_internal4cctz9time_zone14effective_implEv;_ZNK4absl12lts_2023080213time_internal4cctz9time_zone6lookupERKNS2_6detail10civil_timeINS4_10second_tagEEE
nntrainer	armv7l	nntrainer-core/usr/lib/libnntrainer.so	libtensorflow2-lite.a	topk_v2.cc.o	3	_ZN6tflite3ops7builtin16Register_TOPK_V2Ev;_ZN6tflite3ops7builtin7topk_v24EvalEP13TfLiteContextP10TfLiteNode;_ZN6tflite3ops7builtin7topk_v27PrepareEP13TfLiteContextP10TfLiteNode
nntrainer	armv7l	nntrainer-core/usr/lib/libnntrainer.so	libtensorflow2-lite.a	transpose-nd.c.o	44	create_depth_to_space_nchw2nhwc;reshape_depth_to_space_nchw2nhwc;run_transpose_nd;setup_depth_to_space_nchw2nhwc;xnn_create_depth_to_space_nchw2nhwc_x16;xnn_create_depth_to_space_nchw2nhwc_x32;xnn_create_depth_to_space_nhwc_x16;xnn_create_depth_to_space_nhwc_x32;xnn_create_depth_to_space_nhwc_x8;xnn_create_space_to_depth_nhwc_x16;xnn_create_space_to_depth_nhwc_x32;xnn_create_space_to_depth_nhwc_x8;xnn_create_transpose_nd_x16;xnn_create_transpose_nd_x32;xnn_create_transpose_nd_x64;xnn_create_transpose_nd_x8;xnn_reshape_depth_to_space_nchw2nhwc_x16;xnn_reshape_depth_to_space_nchw2nhwc_x32;xnn_reshape_depth_to_space_nhwc_x16;xnn_reshape_depth_to_space_nhwc_x32;xnn_reshape_depth_to_space_nhwc_x8;xnn_reshape_space_to_depth_nhwc_x16;xnn_reshape_space_to_depth_nhwc_x32;xnn_reshape_space_to_depth_nhwc_x8;xnn_reshape_transpose_nd_x16;xnn_reshape_transpose_nd_x32;xnn_reshape_transpose_nd_x64;xnn_reshape_transpose_nd_x8;xnn_run_transpose_nd_x16;xnn_run_transpose_nd_x32;xnn_run_transpose_nd_x64;xnn_run_transpose_nd_x8;xnn_setup_depth_to_space_nchw2nhwc_x16;xnn_setup_depth_to_space_nchw2nhwc_x32;xnn_setup_depth_to_space_nhwc_x16;xnn_setup_depth_to_space_nhwc_x32;xnn_setup_depth_to_space_nhwc_x8;xnn_setup_space_to_depth_nhwc_x16;xnn_setup_space_to_depth_nhwc_x32;xnn_setup_space_to_depth_nhwc_x8;xnn_setup_transpose_nd_x16;xnn_setup_transpose_nd_x32;xnn_setup_transpose_nd_x64;xnn_setup_transpose_nd_x8
nntrainer	armv7l	nntrainer-core/usr/lib/libnntrainer.so	libtensorflow2-lite.a	transpose.cc.o	5	_ZN6tflite3ops7builtin18Register_TRANSPOSEEv;_ZN6tflite3ops7builtin22Register_TRANSPOSE_REFEv;_ZN6tflite3ops7builtin36Register_TRANSPOSE_GENERIC_OPTIMIZEDEv;_ZN6tflite3ops7builtin9transpose18ResizeOutputTensorEP13TfLiteContextPNS2_16TransposeContextE;_ZN6tflite3ops7builtin9transpose7PrepareEP13TfLiteContextP10TfLiteNode
nntrainer	armv7l	nntrainer-core/usr/lib/libnntrainer.so	libtensorflow2-lite.a	transpose_conv.cc.o	9	_ZN6tflite3ops7builtin14transpose_conv10EvalHybridEP13TfLiteContextP10TfLiteNodePK25TfLiteTransposeConvParamsPNS2_6OpDataEPK12TfLiteTensorSE_SE_PSC_;_ZN6tflite3ops7builtin14transpose_conv12ResizeTensorEP13TfLiteContextPK12TfLiteTensorPS5_;_ZN6tflite3ops7builtin14transpose_conv18ResizeCol2ImTensorEP13TfLiteContextPK12TfLiteTensorS7_S7_PS5_;_ZN6tflite3ops7builtin14transpose_conv25ResizeAndTransposeWeightsEP13TfLiteContextPK12TfLiteTensorPS5_;_ZN6tflite3ops7builtin14transpose_conv4FreeEP13TfLiteContextPv;_ZN6tflite3ops7builtin14transpose_conv4InitEP13TfLiteContextPKcj;_ZN6tflite3ops7builtin23Register_TRANSPOSE_CONVEv;_ZN6tflite3ops7builtin26Register_TRANSPOSECONV_REFEv;_ZN6tflite3ops7builtin34Register_TRANSPOSECONV_GENERIC_OPTEv
nntrainer	armv7l	nntrainer-core/usr/lib/libnntrainer.so	libtensorflow2-lite.a	transpose_utils.cc.o	3	_ZN6tflite15transpose_utils23IsTranspose2DApplicableERKNS_15TransposeParamsERKNS_12RuntimeShapeEPiS7_;_ZN6tflite15transpose_utils23RemoveOneSizeDimensionsEPNS_12RuntimeShapeES2_PNS_15TransposeParamsE;_ZN6tflite15transpose_utils7FlattenERKNS_12RuntimeShapeES3_RKNS_15TransposeParamsEPS1_S7_PS4_
nntrainer	armv7l	nntrainer-core/usr/lib/libnntrainer.so	libtensorflow2-lite.a	trmul.cc.o	1	_ZN3ruy5TrMulEPNS_3CtxEPNS_11TrMulParamsE
nntrainer	armv7l	nntrainer-core/usr/lib/libnntrainer.so	libtensorflow2-lite.a	tune.cc.o	4	_ZN3ruy14TuningResolver10ResolveNowEPNS_7CpuInfoE;_ZN3ruy14TuningResolver7ResolveEPNS_7CpuInfoE;_ZN3ruy14TuningResolverC1Ev;_ZN3ruy14TuningResolverC2Ev
nntrainer	armv7l	nntrainer-core/usr/lib/libnntrainer.so	libtensorflow2-lite.a	unary-elementwise-nc.c.o	183	xnn_create_abs_nc_f16;xnn_create_abs_nc_f32;xnn_create_bankers_rounding_nc_f16;xnn_create_bankers_rounding_nc_f32;xnn_create_ceiling_nc_f16;xnn_create_ceiling_nc_f32;xnn_create_clamp_nc_f16;xnn_create_clamp_nc_f32;xnn_create_clamp_nc_s8;xnn_create_clamp_nc_u8;xnn_create_convert_nc_f16_f32;xnn_create_convert_nc_f16_qd8;xnn_create_convert_nc_f32_f16;xnn_create_convert_nc_f32_qd8;xnn_create_convert_nc_f32_qp8;xnn_create_convert_nc_f32_qs8;xnn_create_convert_nc_f32_qu8;xnn_create_convert_nc_qs16_qs8;xnn_create_convert_nc_qs8;xnn_create_convert_nc_qs8_f16;xnn_create_convert_nc_qs8_f32;xnn_create_convert_nc_qu8;xnn_create_convert_nc_qu8_f32;xnn_create_copy_nc_x16;xnn_create_copy_nc_x32;xnn_create_copy_nc_x8;xnn_create_elu_nc_f16;xnn_create_elu_nc_f32;xnn_create_exp_nc_f32;xnn_create_floor_nc_f16;xnn_create_floor_nc_f32;xnn_create_gelu_nc_f32;xnn_create_hardswish_nc_f16;xnn_create_hardswish_nc_f32;xnn_create_leaky_relu_nc_f16;xnn_create_leaky_relu_nc_f32;xnn_create_leaky_relu_nc_qs8;xnn_create_leaky_relu_nc_qu8;xnn_create_log_nc_f32;xnn_create_negate_nc_f16;xnn_create_negate_nc_f32;xnn_create_reciprocal_square_root_nc_f16;xnn_create_reciprocal_square_root_nc_f32;xnn_create_sigmoid_nc_f16;xnn_create_sigmoid_nc_f32;xnn_create_square_nc_f16;xnn_create_square_nc_f32;xnn_create_square_root_nc_f16;xnn_create_square_root_nc_f32;xnn_create_tanh_nc_f16;xnn_create_tanh_nc_f32;xnn_create_truncation_nc_f16;xnn_create_truncation_nc_f32;xnn_reshape_abs_nc_f16;xnn_reshape_abs_nc_f32;xnn_reshape_bankers_rounding_nc_f16;xnn_reshape_bankers_rounding_nc_f32;xnn_reshape_ceiling_nc_f16;xnn_reshape_ceiling_nc_f32;xnn_reshape_clamp_nc_f16;xnn_reshape_clamp_nc_f32;xnn_reshape_clamp_nc_s8;xnn_reshape_clamp_nc_u8;xnn_reshape_convert_nc_f16_f32;xnn_reshape_convert_nc_f16_qd8;xnn_reshape_convert_nc_f32_f16;xnn_reshape_convert_nc_f32_qd8;xnn_reshape_convert_nc_f32_qp8;xnn_reshape_convert_nc_f32_qs8;xnn_reshape_convert_nc_f32_qu8;xnn_reshape_convert_nc_qs16_qs8;xnn_reshape_convert_nc_qs8;xnn_reshape_convert_nc_qs8_f16;xnn_reshape_convert_nc_qs8_f32;xnn_reshape_convert_nc_qu8;xnn_reshape_convert_nc_qu8_f32;xnn_reshape_copy_nc_x16;xnn_reshape_copy_nc_x32;xnn_reshape_copy_nc_x8;xnn_reshape_elu_nc_f16;xnn_reshape_elu_nc_f32;xnn_reshape_exp_nc_f32;xnn_reshape_floor_nc_f16;xnn_reshape_floor_nc_f32;xnn_reshape_gelu_nc_f32;xnn_reshape_hardswish_nc_f16;xnn_reshape_hardswish_nc_f32;xnn_reshape_leaky_relu_nc_f16;xnn_reshape_leaky_relu_nc_f32;xnn_reshape_leaky_relu_nc_qs8;xnn_reshape_leaky_relu_nc_qu8;xnn_reshape_log_nc_f32;xnn_reshape_negate_nc_f16;xnn_reshape_negate_nc_f32;xnn_reshape_reciprocal_square_root_nc_f16;xnn_reshape_reciprocal_square_root_nc_f32;xnn_reshape_sigmoid_nc_f16;xnn_reshape_sigmoid_nc_f32;xnn_reshape_square_nc_f16;xnn_reshape_square_nc_f32;xnn_reshape_square_root_nc_f16;xnn_reshape_square_root_nc_f32;xnn_reshape_tanh_nc_f16;xnn_reshape_tanh_nc_f32;xnn_reshape_truncation_nc_f16;xnn_reshape_truncation_nc_f32;xnn_run_abs_nc_f32;xnn_run_bankers_rounding_nc_f32;xnn_run_ceiling_nc_f32;xnn_run_clamp_nc_f32;xnn_run_convert_nc_f16_f32;xnn_run_convert_nc_f32_f16;xnn_run_convert_nc_f32_qs8;xnn_run_convert_nc_f32_qu8;xnn_run_convert_nc_qs16_qs8;xnn_run_convert_nc_qs8_f32;xnn_run_convert_nc_qu8_f32;xnn_run_copy_nc_x32;xnn_run_elu_nc_f32;xnn_run_floor_nc_f32;xnn_run_gelu_nc_f32;xnn_run_hardswish_nc_f32;xnn_run_leaky_relu_nc_f32;xnn_run_negate_nc_f32;xnn_run_reciprocal_square_root_nc_f32;xnn_run_sigmoid_nc_f32;xnn_run_square_nc_f32;xnn_run_square_root_nc_f32;xnn_run_tanh_nc_f32;xnn_run_truncation_nc_f32;xnn_setup_abs_nc_f16;xnn_setup_abs_nc_f32;xnn_setup_bankers_rounding_nc_f16;xnn_setup_bankers_rounding_nc_f32;xnn_setup_ceiling_nc_f16;xnn_setup_ceiling_nc_f32;xnn_setup_clamp_nc_f16;xnn_setup_clamp_nc_f32;xnn_setup_clamp_nc_s8;xnn_setup_clamp_nc_u8;xnn_setup_convert_nc_f16_f32;xnn_setup_convert_nc_f16_qd8;xnn_setup_convert_nc_f32_f16;xnn_setup_convert_nc_f32_qd8;xnn_setup_convert_nc_f32_qp8;xnn_setup_convert_nc_f32_qs8;xnn_setup_convert_nc_f32_qu8;xnn_setup_convert_nc_qs16_qs8;xnn_setup_convert_nc_qs8;xnn_setup_convert_nc_qs8_f16;xnn_setup_convert_nc_qs8_f32;xnn_setup_convert_nc_qu8;xnn_setup_convert_nc_qu8_f32;xnn_setup_copy_nc_x16;xnn_setup_copy_nc_x32;xnn_setup_copy_nc_x8;xnn_setup_elu_nc_f16;xnn_setup_elu_nc_f32;xnn_setup_exp_nc_f32;xnn_setup_floor_nc_f16;xnn_setup_floor_nc_f32;xnn_setup_gelu_nc_f32;xnn_setup_hardswish_nc_f16;xnn_setup_hardswish_nc_f32;xnn_setup_leaky_relu_nc_f16;xnn_setup_leaky_relu_nc_f32;xnn_setup_leaky_relu_nc_qs8;xnn_setup_leaky_relu_nc_qu8;xnn_setup_log_nc_f32;xnn_setup_negate_nc_f16;xnn_setup_negate_nc_f32;xnn_setup_reciprocal_square_root_nc_f16;xnn_setup_reciprocal_square_root_nc_f32;xnn_setup_sigmoid_nc_f16;xnn_setup_sigmoid_nc_f32;xnn_setup_square_nc_f16;xnn_setup_square_nc_f32;xnn_setup_square_root_nc_f16;xnn_setup_square_root_nc_f32;xnn_setup_tanh_nc_f16;xnn_setup_tanh_nc_f32;xnn_setup_truncation_nc_f16;xnn_setup_truncation_nc_f32
nntrainer	armv7l	nntrainer-core/usr/lib/libnntrainer.so	libtensorflow2-lite.a	unidirectional_sequence_lstm.cc.o	6	_ZN6tflite3ops7builtin28unidirectional_sequence_lstm26CheckInputTensorDimensionsEP13TfLiteContextP10TfLiteNodeiiibb;_ZN6tflite3ops7builtin28unidirectional_sequence_lstm4EvalEP13TfLiteContextP10TfLiteNode;_ZN6tflite3ops7builtin28unidirectional_sequence_lstm4FreeEP13TfLiteContextPv;_ZN6tflite3ops7builtin28unidirectional_sequence_lstm4InitEP13TfLiteContextPKcj;_ZN6tflite3ops7builtin28unidirectional_sequence_lstm7PrepareEP13TfLiteContextP10TfLiteNode;_ZN6tflite3ops7builtin37Register_UNIDIRECTIONAL_SEQUENCE_LSTMEv
nntrainer	armv7l	nntrainer-core/usr/lib/libnntrainer.so	libtensorflow2-lite.a	unidirectional_sequence_rnn.cc.o	7	_ZN6tflite3ops7builtin27unidirectional_sequence_rnn10EvalHybridEPK12TfLiteTensorS5_S5_S5_PK23TfLiteSequenceRNNParamsPS3_S9_S9_S9_S9_S9_S9_S9_Pb;_ZN6tflite3ops7builtin27unidirectional_sequence_rnn4EvalEP13TfLiteContextP10TfLiteNode;_ZN6tflite3ops7builtin27unidirectional_sequence_rnn4FreeEP13TfLiteContextPv;_ZN6tflite3ops7builtin27unidirectional_sequence_rnn4InitEP13TfLiteContextPKcj;_ZN6tflite3ops7builtin27unidirectional_sequence_rnn7PrepareEP13TfLiteContextP10TfLiteNode;_ZN6tflite3ops7builtin27unidirectional_sequence_rnn9EvalFloatEPK12TfLiteTensorS5_S5_S5_PK23TfLiteSequenceRNNParamsPS3_S9_;_ZN6tflite3ops7builtin36Register_UNIDIRECTIONAL_SEQUENCE_RNNEv
nntrainer	armv7l	nntrainer-core/usr/lib/libnntrainer.so	libtensorflow2-lite.a	unique.cc.o	5	_ZN6tflite3ops7builtin15Register_UNIQUEEv;_ZN6tflite3ops7builtin6unique4EvalEP13TfLiteContextP10TfLiteNode;_ZN6tflite3ops7builtin6unique4FreeEP13TfLiteContextPv;_ZN6tflite3ops7builtin6unique4InitEP13TfLiteContextPKcj;_ZN6tflite3ops7builtin6unique7PrepareEP13TfLiteContextP10TfLiteNode
nntrainer	armv7l	nntrainer-core/usr/lib/libnntrainer.so	libtensorflow2-lite.a	unpack.cc.o	1	_ZN6tflite3ops7builtin15Register_UNPACKEv
nntrainer	armv7l	nntrainer-core/usr/lib/libnntrainer.so	libtensorflow2-lite.a	unpooling-2d.c.o	1	xnn_define_unpooling_2d
nntrainer	armv7l	nntrainer-core/usr/lib/libnntrainer.so	libtensorflow2-lite.a	unpooling-nhwc.c.o	3	xnn_create_unpooling2d_nhwc_x32;xnn_reshape_unpooling2d_nhwc_x32;xnn_setup_unpooling2d_nhwc_x32
nntrainer	armv7l	nntrainer-core/usr/lib/libnntrainer.so	libtensorflow2-lite.a	unsorted_segment.cc.o	11	_ZN6tflite3ops7builtin16unsorted_segment11EvalGenericEP13TfLiteContextP10TfLiteNodeNS2_11SegmentTypeE;_ZN6tflite3ops7builtin16unsorted_segment18ResizeOutputTensorEP13TfLiteContextPK12TfLiteTensorS7_S7_PS5_;_ZN6tflite3ops7builtin16unsorted_segment7EvalMaxEP13TfLiteContextP10TfLiteNode;_ZN6tflite3ops7builtin16unsorted_segment7EvalMinEP13TfLiteContextP10TfLiteNode;_ZN6tflite3ops7builtin16unsorted_segment7EvalSumEP13TfLiteContextP10TfLiteNode;_ZN6tflite3ops7builtin16unsorted_segment7PrepareEP13TfLiteContextP10TfLiteNode;_ZN6tflite3ops7builtin16unsorted_segment8EvalProdEP13TfLiteContextP10TfLiteNode;_ZN6tflite3ops7builtin29Register_UNSORTED_SEGMENT_MAXEv;_ZN6tflite3ops7builtin29Register_UNSORTED_SEGMENT_MINEv;_ZN6tflite3ops7builtin29Register_UNSORTED_SEGMENT_SUMEv;_ZN6tflite3ops7builtin30Register_UNSORTED_SEGMENT_PRODEv
nntrainer	armv7l	nntrainer-core/usr/lib/libnntrainer.so	libtensorflow2-lite.a	usage_config.cc.o	2	_ZN4absl12lts_2023080214flags_internal14GetUsageConfigEv;_ZN4absl12lts_2023080219SetFlagsUsageConfigENS0_16FlagsUsageConfigE
nntrainer	armv7l	nntrainer-core/usr/lib/libnntrainer.so	libtensorflow2-lite.a	util.cc.o	11	_ZN6tflite13BytesRequiredE10TfLiteTypePKijPjP13TfLiteContext;_ZN6tflite13CombineHashesESt16initializer_listIjE;_ZN6tflite13GetSizeOfTypeEP13TfLiteContext10TfLiteTypePj;_ZN6tflite17BuildTfLiteTensorEv;_ZN6tflite20IsUnresolvedCustomOpERK18TfLiteRegistration;_ZN6tflite20IsValidationSubgraphEPKc;_ZN6tflite24CreateUnresolvedCustomOpEPKc;_ZN6tflite24MultiplyAndCheckOverflowEjjPj;_ZN6tflite27EqualArrayAndTfLiteIntArrayEPK14TfLiteIntArrayiPKi;_ZN6tflite28ConvertArrayToTfLiteIntArrayEiPKi;_ZN6tflite8IsFlexOpEPKc
nntrainer	armv7l	nntrainer-core/usr/lib/libnntrainer.so	libtensorflow2-lite.a	util.cpp.o	9	_ZN11flatbuffers10FileExistsEPKc;_ZN11flatbuffers13ClassicLocale9instance_E;_ZN11flatbuffers13ClassicLocaleC1Ev;_ZN11flatbuffers13ClassicLocaleC2Ev;_ZN11flatbuffers13ClassicLocaleD1Ev;_ZN11flatbuffers13ClassicLocaleD2Ev;_ZN11flatbuffers21SetFileExistsFunctionEPFbPKcE;_ZN11flatbuffers8SaveFileEPKcS1_jb;_ZN11flatbuffers9DirExistsEPKc
nntrainer	armv7l	nntrainer-core/usr/lib/libnntrainer.so	libtensorflow2-lite.a	validation.c.o	12	xnn_subgraph_check_batch_dims_match;xnn_subgraph_check_datatype_matches;xnn_subgraph_check_datatype_matches_two_inputs;xnn_subgraph_check_input_node_id;xnn_subgraph_check_input_type_dense;xnn_subgraph_check_nth_input_node_id;xnn_subgraph_check_nth_input_type_dense;xnn_subgraph_check_output_min_max;xnn_subgraph_check_output_node_id;xnn_subgraph_check_output_type_dense;xnn_subgraph_check_quantization_parameter_matches;xnn_subgraph_check_xnnpack_initialized
nntrainer	armv7l	nntrainer-core/usr/lib/libnntrainer.so	libtensorflow2-lite.a	var_handle.cc.o	5	_ZN6tflite3ops7builtin10var_handle4EvalEP13TfLiteContextP10TfLiteNode;_ZN6tflite3ops7builtin10var_handle4FreeEP13TfLiteContextPv;_ZN6tflite3ops7builtin10var_handle4InitEP13TfLiteContextPKcj;_ZN6tflite3ops7builtin10var_handle7PrepareEP13TfLiteContextP10TfLiteNode;_ZN6tflite3ops7builtin19Register_VAR_HANDLEEv
nntrainer	armv7l	nntrainer-core/usr/lib/libnntrainer.so	libtensorflow2-lite.a	waiter_base.cc.o	1	_ZN4absl12lts_2023080224synchronization_internal10WaiterBase15MaybeBecomeIdleEv
nntrainer	armv7l	nntrainer-core/usr/lib/libnntrainer.so	libtensorflow2-lite.a	weight_cache.cc.o	42	_ZN6tflite7xnnpack10MMapHandle3MapEPKcj;_ZN6tflite7xnnpack10MMapHandle3MapERKNS0_14FileDescriptorEjPKc;_ZN6tflite7xnnpack10MMapHandle5UnMapEv;_ZN6tflite7xnnpack10MMapHandle6ResizeEj;_ZN6tflite7xnnpack10MMapHandleC1EOS1_;_ZN6tflite7xnnpack10MMapHandleC2EOS1_;_ZN6tflite7xnnpack10MMapHandleD1Ev;_ZN6tflite7xnnpack10MMapHandleD2Ev;_ZN6tflite7xnnpack10MMapHandleaSEOS1_;_ZN6tflite7xnnpack18WeightCacheBuilder13StopBuildStepEv;_ZN6tflite7xnnpack18WeightCacheBuilder14StartBuildStepEv;_ZN6tflite7xnnpack18WeightCacheBuilder5ResetEv;_ZN6tflite7xnnpack18WeightCacheBuilder5StartEPKc;_ZN6tflite7xnnpack18WeightCacheBuilder6AppendENS0_14PackIdentifierEPKvy;_ZN6tflite7xnnpack18WeightCacheBuilder7ReserveEj;_ZN6tflite7xnnpack18WeightCacheBuilderC1EOS1_;_ZN6tflite7xnnpack18WeightCacheBuilderC2EOS1_;_ZN6tflite7xnnpack18WeightCacheBuilderaSEOS1_;_ZN6tflite7xnnpack23MMapWeightCacheProvider10StartBuildEPKc;_ZN6tflite7xnnpack23MMapWeightCacheProvider11SetFilePathEPKc;_ZN6tflite7xnnpack23MMapWeightCacheProvider12OffsetToAddrEj;_ZN6tflite7xnnpack23MMapWeightCacheProvider12ReserveSpaceEj;_ZN6tflite7xnnpack23MMapWeightCacheProvider12delete_cacheEPv;_ZN6tflite7xnnpack23MMapWeightCacheProvider12is_finalizedEPv;_ZN6tflite7xnnpack23MMapWeightCacheProvider13StopBuildStepEv;_ZN6tflite7xnnpack23MMapWeightCacheProvider13reserve_spaceEPvj;_ZN6tflite7xnnpack23MMapWeightCacheProvider14LookUpOrInsertEPK29xnn_weights_cache_look_up_keyPvj;_ZN6tflite7xnnpack23MMapWeightCacheProvider14StartBuildStepEv;_ZN6tflite7xnnpack23MMapWeightCacheProvider14offset_to_addrEPvj;_ZN6tflite7xnnpack23MMapWeightCacheProvider15RemapDataBufferEPKvS3_;_ZN6tflite7xnnpack23MMapWeightCacheProvider16LoadOrStartBuildEPKc;_ZN6tflite7xnnpack23MMapWeightCacheProvider17LoadLastBuildStepEv;_ZN6tflite7xnnpack23MMapWeightCacheProvider17look_up_or_insertEPvPK29xnn_weights_cache_look_up_keyS2_j;_ZN6tflite7xnnpack23MMapWeightCacheProvider19BuildPackIdentifierERK29xnn_weights_cache_look_up_key;_ZN6tflite7xnnpack23MMapWeightCacheProvider4LoadEv;_ZN6tflite7xnnpack23MMapWeightCacheProvider6LookUpEPK29xnn_weights_cache_look_up_key;_ZN6tflite7xnnpack23MMapWeightCacheProvider7ReleaseEv;_ZN6tflite7xnnpack23MMapWeightCacheProvider7look_upEPvPK29xnn_weights_cache_look_up_key;_ZN6tflite7xnnpack23MMapWeightCacheProviderC1EOS1_;_ZN6tflite7xnnpack23MMapWeightCacheProviderC2EOS1_;_ZN6tflite7xnnpack23MMapWeightCacheProvideraSEOS1_;_ZN6tflite7xnnpack4swapERNS0_10MMapHandleES2_
nntrainer	armv7l	nntrainer-core/usr/lib/libnntrainer.so	libtensorflow2-lite.a	where.cc.o	3	_ZN6tflite3ops7builtin14Register_WHEREEv;_ZN6tflite3ops7builtin5where4EvalEP13TfLiteContextP10TfLiteNode;_ZN6tflite3ops7builtin5where7PrepareEP13TfLiteContextP10TfLiteNode
nntrainer	armv7l	nntrainer-core/usr/lib/libnntrainer.so	libtensorflow2-lite.a	while.cc.o	10	_ZN6tflite3ops7builtin12while_kernel11Eval_staticEP13TfLiteContextP10TfLiteNode;_ZN6tflite3ops7builtin12while_kernel12Eval_dynamicEP13TfLiteContextP10TfLiteNode;_ZN6tflite3ops7builtin12while_kernel12Prepare_implEP13TfLiteContextP10TfLiteNode;_ZN6tflite3ops7builtin12while_kernel18Eval_cond_subgraphEP13TfLiteContextPNS_8SubgraphEbPb;_ZN6tflite3ops7builtin12while_kernel22SetupUnconsumedOutputsEPK10TfLiteNodePKNS2_6OpDataEPNS_8SubgraphESA_;_ZN6tflite3ops7builtin12while_kernel4EvalEP13TfLiteContextP10TfLiteNode;_ZN6tflite3ops7builtin12while_kernel4FreeEP13TfLiteContextPv;_ZN6tflite3ops7builtin12while_kernel4InitEP13TfLiteContextPKcj;_ZN6tflite3ops7builtin12while_kernel7PrepareEP13TfLiteContextP10TfLiteNode;_ZN6tflite3ops7builtin14Register_WHILEEv
nntrainer	armv7l	nntrainer-core/usr/lib/libnntrainer.so	libtensorflow2-lite.a	xnnpack_delegate.cc.o	14	TfLiteXNNPackDelegateCanUseInMemoryWeightCacheProvider;TfLiteXNNPackDelegateCreate;TfLiteXNNPackDelegateCreateWithThreadpool;TfLiteXNNPackDelegateDelete;TfLiteXNNPackDelegateGetFlags;TfLiteXNNPackDelegateGetOptions;TfLiteXNNPackDelegateGetThreadPool;TfLiteXNNPackDelegateInMemoryFilePath;TfLiteXNNPackDelegateOptionsDefault;TfLiteXNNPackDelegateWeightsCacheCreate;TfLiteXNNPackDelegateWeightsCacheCreateWithSize;TfLiteXNNPackDelegateWeightsCacheDelete;TfLiteXNNPackDelegateWeightsCacheFinalizeHard;TfLiteXNNPackDelegateWeightsCacheFinalizeSoft
nntrainer	armv7l	nntrainer-core/usr/lib/libnntrainer.so	libtensorflow2-lite.a	zeros_like.cc.o	3	_ZN6tflite3ops7builtin10zeros_like4EvalEP13TfLiteContextP10TfLiteNode;_ZN6tflite3ops7builtin10zeros_like7PrepareEP13TfLiteContextP10TfLiteNode;_ZN6tflite3ops7builtin19Register_ZEROS_LIKEEv
nntrainer	armv7l	nntrainer-core/usr/lib/libnntrainer.so	libtensorflow2-lite.a	zone_info_source.cc.o	6	_ZN4absl12lts_2023080213time_internal4cctz14ZoneInfoSourceD0Ev;_ZN4absl12lts_2023080213time_internal4cctz14ZoneInfoSourceD1Ev;_ZN4absl12lts_2023080213time_internal4cctz14ZoneInfoSourceD2Ev;_ZTIN4absl12lts_2023080213time_internal4cctz14ZoneInfoSourceE;_ZTSN4absl12lts_2023080213time_internal4cctz14ZoneInfoSourceE;_ZTVN4absl12lts_2023080213time_internal4cctz14ZoneInfoSourceE
