555565127000-555565250000 rw-p 00000000 00:00 0                          [heap]
78b93565d000-78b935661000 rw-p 00000000 00:00 0                          [anon:tls-mmap-allocator]
78b935661000-78b93567e000 r--p 00000000 08:01 26119271                   /home/toolchain/development/libc++_replacement/tmp/R11/extracted/75/75d15ca037cb14d1a66bf1e922149d1f83c4267311d0ad5c658919a61ea722a9/usr/lib64/libpkgmgr_installer.so.0.23.1
78b93567e000-78b9356a1000 r-xp 0001d000 08:01 26119271                   /home/toolchain/development/libc++_replacement/tmp/R11/extracted/75/75d15ca037cb14d1a66bf1e922149d1f83c4267311d0ad5c658919a61ea722a9/usr/lib64/libpkgmgr_installer.so.0.23.1
78b9356a1000-78b9356b2000 r--p 00040000 08:01 26119271                   /home/toolchain/development/libc++_replacement/tmp/R11/extracted/75/75d15ca037cb14d1a66bf1e922149d1f83c4267311d0ad5c658919a61ea722a9/usr/lib64/libpkgmgr_installer.so.0.23.1
78b9356b2000-78b9356b3000 r--p 00051000 08:01 26119271                   /home/toolchain/development/libc++_replacement/tmp/R11/extracted/75/75d15ca037cb14d1a66bf1e922149d1f83c4267311d0ad5c658919a61ea722a9/usr/lib64/libpkgmgr_installer.so.0.23.1
78b9356b3000-78b9356b5000 rw-p 00052000 08:01 26119271                   /home/toolchain/development/libc++_replacement/tmp/R11/extracted/75/75d15ca037cb14d1a66bf1e922149d1f83c4267311d0ad5c658919a61ea722a9/usr/lib64/libpkgmgr_installer.so.0.23.1
78b9356b5000-78b9356bb000 r--p 00000000 08:01 25821655                   /home/toolchain/development/libc++_replacement/tmp/R11/extracted/18/180f13f72f6a2c516c48c28353e752d4436891ce1f62cbb88bc1841657404c40/usr/lib64/libcapi-appfw-package-manager.so.0.15.3
78b9356bb000-78b9356c2000 r-xp 00006000 08:01 25821655                   /home/toolchain/development/libc++_replacement/tmp/R11/extracted/18/180f13f72f6a2c516c48c28353e752d4436891ce1f62cbb88bc1841657404c40/usr/lib64/libcapi-appfw-package-manager.so.0.15.3
78b9356c2000-78b9356c6000 r--p 0000d000 08:01 25821655                   /home/toolchain/development/libc++_replacement/tmp/R11/extracted/18/180f13f72f6a2c516c48c28353e752d4436891ce1f62cbb88bc1841657404c40/usr/lib64/libcapi-appfw-package-manager.so.0.15.3
78b9356c6000-78b9356c7000 r--p 00010000 08:01 25821655                   /home/toolchain/development/libc++_replacement/tmp/R11/extracted/18/180f13f72f6a2c516c48c28353e752d4436891ce1f62cbb88bc1841657404c40/usr/lib64/libcapi-appfw-package-manager.so.0.15.3
78b9356c7000-78b9356c8000 rw-p 00011000 08:01 25821655                   /home/toolchain/development/libc++_replacement/tmp/R11/extracted/18/180f13f72f6a2c516c48c28353e752d4436891ce1f62cbb88bc1841657404c40/usr/lib64/libcapi-appfw-package-manager.so.0.15.3
78b9356c8000-78b9356e6000 r--p 00000000 08:01 26126822                   /home/toolchain/development/libc++_replacement/tmp/R11/extracted/92/92b3926da1bfbc805b5b3d480dac7f01b1390a5ed74c07dca50e1d0e5d5d77c0/usr/lib64/libresource-information.so.0.1
78b9356e6000-78b935700000 r-xp 0001e000 08:01 26126822                   /home/toolchain/development/libc++_replacement/tmp/R11/extracted/92/92b3926da1bfbc805b5b3d480dac7f01b1390a5ed74c07dca50e1d0e5d5d77c0/usr/lib64/libresource-information.so.0.1
78b935700000-78b93570f000 r--p 00038000 08:01 26126822                   /home/toolchain/development/libc++_replacement/tmp/R11/extracted/92/92b3926da1bfbc805b5b3d480dac7f01b1390a5ed74c07dca50e1d0e5d5d77c0/usr/lib64/libresource-information.so.0.1
78b93570f000-78b935714000 r--p 00046000 08:01 26126822                   /home/toolchain/development/libc++_replacement/tmp/R11/extracted/92/92b3926da1bfbc805b5b3d480dac7f01b1390a5ed74c07dca50e1d0e5d5d77c0/usr/lib64/libresource-information.so.0.1
78b935714000-78b935715000 rw-p 0004b000 08:01 26126822                   /home/toolchain/development/libc++_replacement/tmp/R11/extracted/92/92b3926da1bfbc805b5b3d480dac7f01b1390a5ed74c07dca50e1d0e5d5d77c0/usr/lib64/libresource-information.so.0.1
78b935715000-78b935716000 rw-p 00000000 00:00 0 
78b935716000-78b935724000 r--p 00000000 08:01 25958030                   /home/toolchain/development/libc++_replacement/tmp/R11/extracted/0a/0ab9bebb936bab8dbefae5ffb0c413112d2b5d6ab922de257b6f5fe29a769b0a/usr/lib64/libgstbase-1.0.so.0.2411.0
78b935724000-78b935774000 r-xp 0000e000 08:01 25958030                   /home/toolchain/development/libc++_replacement/tmp/R11/extracted/0a/0ab9bebb936bab8dbefae5ffb0c413112d2b5d6ab922de257b6f5fe29a769b0a/usr/lib64/libgstbase-1.0.so.0.2411.0
78b935774000-78b93578b000 r--p 0005e000 08:01 25958030                   /home/toolchain/development/libc++_replacement/tmp/R11/extracted/0a/0ab9bebb936bab8dbefae5ffb0c413112d2b5d6ab922de257b6f5fe29a769b0a/usr/lib64/libgstbase-1.0.so.0.2411.0
78b93578b000-78b93578c000 r--p 00074000 08:01 25958030                   /home/toolchain/development/libc++_replacement/tmp/R11/extracted/0a/0ab9bebb936bab8dbefae5ffb0c413112d2b5d6ab922de257b6f5fe29a769b0a/usr/lib64/libgstbase-1.0.so.0.2411.0
78b93578c000-78b93578d000 rw-p 00075000 08:01 25958030                   /home/toolchain/development/libc++_replacement/tmp/R11/extracted/0a/0ab9bebb936bab8dbefae5ffb0c413112d2b5d6ab922de257b6f5fe29a769b0a/usr/lib64/libgstbase-1.0.so.0.2411.0
78b93578d000-78b93578f000 r--p 00000000 08:01 23622269                   /home/toolchain/development/libc++_replacement/tmp/R11/extracted/88/8847c67828686f6075d0df1423bf6bd8946ae0c4073599b8c7229876b45c031c/usr/lib64/libogg.so.0.8.2
78b93578f000-78b935791000 r-xp 00002000 08:01 23622269                   /home/toolchain/development/libc++_replacement/tmp/R11/extracted/88/8847c67828686f6075d0df1423bf6bd8946ae0c4073599b8c7229876b45c031c/usr/lib64/libogg.so.0.8.2
78b935791000-78b935792000 r--p 00004000 08:01 23622269                   /home/toolchain/development/libc++_replacement/tmp/R11/extracted/88/8847c67828686f6075d0df1423bf6bd8946ae0c4073599b8c7229876b45c031c/usr/lib64/libogg.so.0.8.2
78b935792000-78b935793000 r--p 00005000 08:01 23622269                   /home/toolchain/development/libc++_replacement/tmp/R11/extracted/88/8847c67828686f6075d0df1423bf6bd8946ae0c4073599b8c7229876b45c031c/usr/lib64/libogg.so.0.8.2
78b935793000-78b935794000 rw-p 00006000 08:01 23622269                   /home/toolchain/development/libc++_replacement/tmp/R11/extracted/88/8847c67828686f6075d0df1423bf6bd8946ae0c4073599b8c7229876b45c031c/usr/lib64/libogg.so.0.8.2
78b935794000-78b9357a8000 r--p 00000000 08:01 23624257                   /home/toolchain/development/libc++_replacement/tmp/R11/extracted/ee/ee143eb6c9e05ce3d57b4209dcb8e5f73a2244e679cb09773dfdcc87cd2fae6d/usr/lib64/libvorbisenc.so.2.0.12
78b9357a8000-78b9357ab000 r-xp 00014000 08:01 23624257                   /home/toolchain/development/libc++_replacement/tmp/R11/extracted/ee/ee143eb6c9e05ce3d57b4209dcb8e5f73a2244e679cb09773dfdcc87cd2fae6d/usr/lib64/libvorbisenc.so.2.0.12
78b9357ab000-78b935820000 r--p 00017000 08:01 23624257                   /home/toolchain/development/libc++_replacement/tmp/R11/extracted/ee/ee143eb6c9e05ce3d57b4209dcb8e5f73a2244e679cb09773dfdcc87cd2fae6d/usr/lib64/libvorbisenc.so.2.0.12
78b935820000-78b935837000 r--p 0008b000 08:01 23624257                   /home/toolchain/development/libc++_replacement/tmp/R11/extracted/ee/ee143eb6c9e05ce3d57b4209dcb8e5f73a2244e679cb09773dfdcc87cd2fae6d/usr/lib64/libvorbisenc.so.2.0.12
78b935837000-78b935838000 rw-p 000a2000 08:01 23624257                   /home/toolchain/development/libc++_replacement/tmp/R11/extracted/ee/ee143eb6c9e05ce3d57b4209dcb8e5f73a2244e679cb09773dfdcc87cd2fae6d/usr/lib64/libvorbisenc.so.2.0.12
78b935838000-78b93583b000 r--p 00000000 08:01 14077252                   /home/toolchain/development/libc++_replacement/tmp/R11/extracted/b5/b58982cc059bf2854f6f4b0c69562ec0dfa33e90e2cb2df875a5ca9a4156d5c4/usr/lib64/libvorbis.so.0.4.9
78b93583b000-78b93584e000 r-xp 00003000 08:01 14077252                   /home/toolchain/development/libc++_replacement/tmp/R11/extracted/b5/b58982cc059bf2854f6f4b0c69562ec0dfa33e90e2cb2df875a5ca9a4156d5c4/usr/lib64/libvorbis.so.0.4.9
78b93584e000-78b93585f000 r--p 00016000 08:01 14077252                   /home/toolchain/development/libc++_replacement/tmp/R11/extracted/b5/b58982cc059bf2854f6f4b0c69562ec0dfa33e90e2cb2df875a5ca9a4156d5c4/usr/lib64/libvorbis.so.0.4.9
78b93585f000-78b935860000 r--p 00026000 08:01 14077252                   /home/toolchain/development/libc++_replacement/tmp/R11/extracted/b5/b58982cc059bf2854f6f4b0c69562ec0dfa33e90e2cb2df875a5ca9a4156d5c4/usr/lib64/libvorbis.so.0.4.9
78b935860000-78b935861000 rw-p 00027000 08:01 14077252                   /home/toolchain/development/libc++_replacement/tmp/R11/extracted/b5/b58982cc059bf2854f6f4b0c69562ec0dfa33e90e2cb2df875a5ca9a4156d5c4/usr/lib64/libvorbis.so.0.4.9
78b935861000-78b93586b000 r--p 00000000 08:01 26095289                   /home/toolchain/development/libc++_replacement/tmp/R11/extracted/a7/a72c82e3c3025ca3a7f848e8604fe5438fcf1ebafd3e8c266bc63aedb391f71c/usr/lib64/libnotification.so.0.12.4
78b93586b000-78b9358a7000 r-xp 0000a000 08:01 26095289                   /home/toolchain/development/libc++_replacement/tmp/R11/extracted/a7/a72c82e3c3025ca3a7f848e8604fe5438fcf1ebafd3e8c266bc63aedb391f71c/usr/lib64/libnotification.so.0.12.4
78b9358a7000-78b9358ca000 r--p 00046000 08:01 26095289                   /home/toolchain/development/libc++_replacement/tmp/R11/extracted/a7/a72c82e3c3025ca3a7f848e8604fe5438fcf1ebafd3e8c266bc63aedb391f71c/usr/lib64/libnotification.so.0.12.4
78b9358ca000-78b9358cb000 r--p 00068000 08:01 26095289                   /home/toolchain/development/libc++_replacement/tmp/R11/extracted/a7/a72c82e3c3025ca3a7f848e8604fe5438fcf1ebafd3e8c266bc63aedb391f71c/usr/lib64/libnotification.so.0.12.4
78b9358cb000-78b9358cc000 rw-p 00069000 08:01 26095289                   /home/toolchain/development/libc++_replacement/tmp/R11/extracted/a7/a72c82e3c3025ca3a7f848e8604fe5438fcf1ebafd3e8c266bc63aedb391f71c/usr/lib64/libnotification.so.0.12.4
78b9358cc000-78b9358d0000 r--p 00000000 08:01 25957418                   /home/toolchain/development/libc++_replacement/tmp/R11/extracted/ba/ba1028a9e23a627371c6a8f3b14b3d661f383e495cb3c1806d0734fc21e92a3e/usr/lib64/libgstapp-1.0.so.0.2411.0
78b9358d0000-78b9358da000 r-xp 00004000 08:01 25957418                   /home/toolchain/development/libc++_replacement/tmp/R11/extracted/ba/ba1028a9e23a627371c6a8f3b14b3d661f383e495cb3c1806d0734fc21e92a3e/usr/lib64/libgstapp-1.0.so.0.2411.0
78b9358da000-78b9358de000 r--p 0000e000 08:01 25957418                   /home/toolchain/development/libc++_replacement/tmp/R11/extracted/ba/ba1028a9e23a627371c6a8f3b14b3d661f383e495cb3c1806d0734fc21e92a3e/usr/lib64/libgstapp-1.0.so.0.2411.0
78b9358de000-78b9358df000 r--p 00011000 08:01 25957418                   /home/toolchain/development/libc++_replacement/tmp/R11/extracted/ba/ba1028a9e23a627371c6a8f3b14b3d661f383e495cb3c1806d0734fc21e92a3e/usr/lib64/libgstapp-1.0.so.0.2411.0
78b9358df000-78b9358e0000 rw-p 00012000 08:01 25957418                   /home/toolchain/development/libc++_replacement/tmp/R11/extracted/ba/ba1028a9e23a627371c6a8f3b14b3d661f383e495cb3c1806d0734fc21e92a3e/usr/lib64/libgstapp-1.0.so.0.2411.0
78b9358e0000-78b9358e7000 r--p 00000000 08:01 26126757                   /home/toolchain/development/libc++_replacement/tmp/R11/extracted/53/53b3da0a627489a6a2a198f91b8bf6b7115b1d8b3c591dc5f216cbde432162e9/usr/lib64/libresource-center-api.so.0.1
78b9358e7000-78b9358ef000 r-xp 00007000 08:01 26126757                   /home/toolchain/development/libc++_replacement/tmp/R11/extracted/53/53b3da0a627489a6a2a198f91b8bf6b7115b1d8b3c591dc5f216cbde432162e9/usr/lib64/libresource-center-api.so.0.1
78b9358ef000-78b9358f4000 r--p 0000f000 08:01 26126757                   /home/toolchain/development/libc++_replacement/tmp/R11/extracted/53/53b3da0a627489a6a2a198f91b8bf6b7115b1d8b3c591dc5f216cbde432162e9/usr/lib64/libresource-center-api.so.0.1
78b9358f4000-78b9358f5000 r--p 00013000 08:01 26126757                   /home/toolchain/development/libc++_replacement/tmp/R11/extracted/53/53b3da0a627489a6a2a198f91b8bf6b7115b1d8b3c591dc5f216cbde432162e9/usr/lib64/libresource-center-api.so.0.1
78b9358f5000-78b9358f6000 rw-p 00014000 08:01 26126757                   /home/toolchain/development/libc++_replacement/tmp/R11/extracted/53/53b3da0a627489a6a2a198f91b8bf6b7115b1d8b3c591dc5f216cbde432162e9/usr/lib64/libresource-center-api.so.0.1
78b9358f6000-78b935934000 r--p 00000000 08:01 26126818                   /home/toolchain/development/libc++_replacement/tmp/R11/extracted/c5/c504a3c6c64f8d05571d18af579d5881bee14d01acfa70c054104b83adc65fa2/usr/lib64/libresource-manager.so.0.1
78b935934000-78b93598b000 r-xp 0003e000 08:01 26126818                   /home/toolchain/development/libc++_replacement/tmp/R11/extracted/c5/c504a3c6c64f8d05571d18af579d5881bee14d01acfa70c054104b83adc65fa2/usr/lib64/libresource-manager.so.0.1
78b93598b000-78b93599e000 r--p 00095000 08:01 26126818                   /home/toolchain/development/libc++_replacement/tmp/R11/extracted/c5/c504a3c6c64f8d05571d18af579d5881bee14d01acfa70c054104b83adc65fa2/usr/lib64/libresource-manager.so.0.1
78b93599e000-78b9359a1000 rw-p 000a7000 08:01 26126818                   /home/toolchain/development/libc++_replacement/tmp/R11/extracted/c5/c504a3c6c64f8d05571d18af579d5881bee14d01acfa70c054104b83adc65fa2/usr/lib64/libresource-manager.so.0.1
78b9359a1000-78b9359a2000 rw-p 00000000 00:00 0 
78b9359a2000-78b9359a5000 r--p 00000000 08:01 25957416                   /home/toolchain/development/libc++_replacement/tmp/R11/extracted/ba/ba1028a9e23a627371c6a8f3b14b3d661f383e495cb3c1806d0734fc21e92a3e/usr/lib64/libgstallocators-1.0.so.0.2411.0
78b9359a5000-78b9359ab000 r-xp 00003000 08:01 25957416                   /home/toolchain/development/libc++_replacement/tmp/R11/extracted/ba/ba1028a9e23a627371c6a8f3b14b3d661f383e495cb3c1806d0734fc21e92a3e/usr/lib64/libgstallocators-1.0.so.0.2411.0
78b9359ab000-78b9359ae000 r--p 00009000 08:01 25957416                   /home/toolchain/development/libc++_replacement/tmp/R11/extracted/ba/ba1028a9e23a627371c6a8f3b14b3d661f383e495cb3c1806d0734fc21e92a3e/usr/lib64/libgstallocators-1.0.so.0.2411.0
78b9359ae000-78b9359af000 r--p 0000b000 08:01 25957416                   /home/toolchain/development/libc++_replacement/tmp/R11/extracted/ba/ba1028a9e23a627371c6a8f3b14b3d661f383e495cb3c1806d0734fc21e92a3e/usr/lib64/libgstallocators-1.0.so.0.2411.0
78b9359af000-78b9359b0000 rw-p 0000c000 08:01 25957416                   /home/toolchain/development/libc++_replacement/tmp/R11/extracted/ba/ba1028a9e23a627371c6a8f3b14b3d661f383e495cb3c1806d0734fc21e92a3e/usr/lib64/libgstallocators-1.0.so.0.2411.0
78b9359b0000-78b9359cd000 r--p 00000000 08:01 25957439                   /home/toolchain/development/libc++_replacement/tmp/R11/extracted/ba/ba1028a9e23a627371c6a8f3b14b3d661f383e495cb3c1806d0734fc21e92a3e/usr/lib64/libgstvideo-1.0.so.0.2411.0
78b9359cd000-78b935a2e000 r-xp 0001d000 08:01 25957439                   /home/toolchain/development/libc++_replacement/tmp/R11/extracted/ba/ba1028a9e23a627371c6a8f3b14b3d661f383e495cb3c1806d0734fc21e92a3e/usr/lib64/libgstvideo-1.0.so.0.2411.0
78b935a2e000-78b935a51000 r--p 0007e000 08:01 25957439                   /home/toolchain/development/libc++_replacement/tmp/R11/extracted/ba/ba1028a9e23a627371c6a8f3b14b3d661f383e495cb3c1806d0734fc21e92a3e/usr/lib64/libgstvideo-1.0.so.0.2411.0
78b935a51000-78b935a64000 r--p 000a1000 08:01 25957439                   /home/toolchain/development/libc++_replacement/tmp/R11/extracted/ba/ba1028a9e23a627371c6a8f3b14b3d661f383e495cb3c1806d0734fc21e92a3e/usr/lib64/libgstvideo-1.0.so.0.2411.0
78b935a64000-78b935a66000 rw-p 000b4000 08:01 25957439                   /home/toolchain/development/libc++_replacement/tmp/R11/extracted/ba/ba1028a9e23a627371c6a8f3b14b3d661f383e495cb3c1806d0734fc21e92a3e/usr/lib64/libgstvideo-1.0.so.0.2411.0
78b935a66000-78b935a6c000 r--p 00000000 08:01 23622935                   /home/toolchain/development/libc++_replacement/tmp/R11/extracted/bf/bfef5e15639bc5cda56d9d96da1fb3c2b923358e5ac8e18c0d10f7afd11e290e/usr/lib64/libsndfile.so.1.0.37
78b935a6c000-78b935aa0000 r-xp 00006000 08:01 23622935                   /home/toolchain/development/libc++_replacement/tmp/R11/extracted/bf/bfef5e15639bc5cda56d9d96da1fb3c2b923358e5ac8e18c0d10f7afd11e290e/usr/lib64/libsndfile.so.1.0.37
78b935aa0000-78b935ab6000 r--p 0003a000 08:01 23622935                   /home/toolchain/development/libc++_replacement/tmp/R11/extracted/bf/bfef5e15639bc5cda56d9d96da1fb3c2b923358e5ac8e18c0d10f7afd11e290e/usr/lib64/libsndfile.so.1.0.37
78b935ab6000-78b935ab9000 rw-p 0004f000 08:01 23622935                   /home/toolchain/development/libc++_replacement/tmp/R11/extracted/bf/bfef5e15639bc5cda56d9d96da1fb3c2b923358e5ac8e18c0d10f7afd11e290e/usr/lib64/libsndfile.so.1.0.37
78b935ab9000-78b935abb000 rw-p 00000000 00:00 0 
78b935abb000-78b935abc000 r--p 00000000 08:01 23482936                   /home/toolchain/development/libc++_replacement/tmp/R11/extracted/56/568855d87febe07b42683955f6657142be4bdcfd6303b2850dd1c6731310e49b/usr/lib64/libboost_atomic.so.1.83.0
78b935abc000-78b935abd000 r-xp 00001000 08:01 23482936                   /home/toolchain/development/libc++_replacement/tmp/R11/extracted/56/568855d87febe07b42683955f6657142be4bdcfd6303b2850dd1c6731310e49b/usr/lib64/libboost_atomic.so.1.83.0
78b935abd000-78b935abe000 r--p 00002000 08:01 23482936                   /home/toolchain/development/libc++_replacement/tmp/R11/extracted/56/568855d87febe07b42683955f6657142be4bdcfd6303b2850dd1c6731310e49b/usr/lib64/libboost_atomic.so.1.83.0
78b935abe000-78b935abf000 r--p 00002000 08:01 23482936                   /home/toolchain/development/libc++_replacement/tmp/R11/extracted/56/568855d87febe07b42683955f6657142be4bdcfd6303b2850dd1c6731310e49b/usr/lib64/libboost_atomic.so.1.83.0
78b935abf000-78b935ac0000 rw-p 00003000 08:01 23482936                   /home/toolchain/development/libc++_replacement/tmp/R11/extracted/56/568855d87febe07b42683955f6657142be4bdcfd6303b2850dd1c6731310e49b/usr/lib64/libboost_atomic.so.1.83.0
78b935ac0000-78b935ac4000 rw-p 00000000 00:00 0 
78b935ac4000-78b935ac6000 r--p 00000000 08:01 23618251                   /home/toolchain/development/libc++_replacement/tmp/R11/extracted/b1/b13c62481a91537be74ed85eae5295dcd92b5878dd7c47d7e3386862aaf07ebb/usr/lib64/libattr.so.1.1.2501
78b935ac6000-78b935ac9000 r-xp 00002000 08:01 23618251                   /home/toolchain/development/libc++_replacement/tmp/R11/extracted/b1/b13c62481a91537be74ed85eae5295dcd92b5878dd7c47d7e3386862aaf07ebb/usr/lib64/libattr.so.1.1.2501
78b935ac9000-78b935aca000 r--p 00005000 08:01 23618251                   /home/toolchain/development/libc++_replacement/tmp/R11/extracted/b1/b13c62481a91537be74ed85eae5295dcd92b5878dd7c47d7e3386862aaf07ebb/usr/lib64/libattr.so.1.1.2501
78b935aca000-78b935acb000 r--p 00005000 08:01 23618251                   /home/toolchain/development/libc++_replacement/tmp/R11/extracted/b1/b13c62481a91537be74ed85eae5295dcd92b5878dd7c47d7e3386862aaf07ebb/usr/lib64/libattr.so.1.1.2501
78b935acb000-78b935acc000 rw-p 00006000 08:01 23618251                   /home/toolchain/development/libc++_replacement/tmp/R11/extracted/b1/b13c62481a91537be74ed85eae5295dcd92b5878dd7c47d7e3386862aaf07ebb/usr/lib64/libattr.so.1.1.2501
78b935acc000-78b935adf000 r--p 00000000 08:01 26083864                   /home/toolchain/development/libc++_replacement/tmp/R11/extracted/c8/c8bacdec0892151fce20caf11add70ce706e389477e74203beec2f6b651c52b8/usr/lib64/libcynara-storage.so.0.26.0
78b935adf000-78b935af7000 r-xp 00013000 08:01 26083864                   /home/toolchain/development/libc++_replacement/tmp/R11/extracted/c8/c8bacdec0892151fce20caf11add70ce706e389477e74203beec2f6b651c52b8/usr/lib64/libcynara-storage.so.0.26.0
78b935af7000-78b935afe000 r--p 0002b000 08:01 26083864                   /home/toolchain/development/libc++_replacement/tmp/R11/extracted/c8/c8bacdec0892151fce20caf11add70ce706e389477e74203beec2f6b651c52b8/usr/lib64/libcynara-storage.so.0.26.0
78b935afe000-78b935b00000 r--p 00031000 08:01 26083864                   /home/toolchain/development/libc++_replacement/tmp/R11/extracted/c8/c8bacdec0892151fce20caf11add70ce706e389477e74203beec2f6b651c52b8/usr/lib64/libcynara-storage.so.0.26.0
78b935b00000-78b935b01000 rw-p 00033000 08:01 26083864                   /home/toolchain/development/libc++_replacement/tmp/R11/extracted/c8/c8bacdec0892151fce20caf11add70ce706e389477e74203beec2f6b651c52b8/usr/lib64/libcynara-storage.so.0.26.0
78b935b01000-78b935b09000 r--p 00000000 08:01 23618453                   /home/toolchain/development/libc++_replacement/tmp/R11/extracted/7b/7be6293fc05ed8019edecff0b32ea2fabe3546ba6a4ff8b459d43df742ae07f8/usr/lib64/libblkid.so.1.1.0
78b935b09000-78b935b28000 r-xp 00008000 08:01 23618453                   /home/toolchain/development/libc++_replacement/tmp/R11/extracted/7b/7be6293fc05ed8019edecff0b32ea2fabe3546ba6a4ff8b459d43df742ae07f8/usr/lib64/libblkid.so.1.1.0
78b935b28000-78b935b32000 r--p 00027000 08:01 23618453                   /home/toolchain/development/libc++_replacement/tmp/R11/extracted/7b/7be6293fc05ed8019edecff0b32ea2fabe3546ba6a4ff8b459d43df742ae07f8/usr/lib64/libblkid.so.1.1.0
78b935b32000-78b935b37000 r--p 00031000 08:01 23618453                   /home/toolchain/development/libc++_replacement/tmp/R11/extracted/7b/7be6293fc05ed8019edecff0b32ea2fabe3546ba6a4ff8b459d43df742ae07f8/usr/lib64/libblkid.so.1.1.0
78b935b37000-78b935b38000 rw-p 00036000 08:01 23618453                   /home/toolchain/development/libc++_replacement/tmp/R11/extracted/7b/7be6293fc05ed8019edecff0b32ea2fabe3546ba6a4ff8b459d43df742ae07f8/usr/lib64/libblkid.so.1.1.0
78b935b38000-78b935b39000 r--p 00000000 08:01 26085771                   /home/toolchain/development/libc++_replacement/tmp/R11/extracted/a7/a7049a5c0f11523aadb13e3168ed813f674db1ee0ef43d82388cf66a7d6ddb07/usr/lib64/libiri.so
78b935b39000-78b935b3b000 r-xp 00001000 08:01 26085771                   /home/toolchain/development/libc++_replacement/tmp/R11/extracted/a7/a7049a5c0f11523aadb13e3168ed813f674db1ee0ef43d82388cf66a7d6ddb07/usr/lib64/libiri.so
78b935b3b000-78b935b3c000 r--p 00003000 08:01 26085771                   /home/toolchain/development/libc++_replacement/tmp/R11/extracted/a7/a7049a5c0f11523aadb13e3168ed813f674db1ee0ef43d82388cf66a7d6ddb07/usr/lib64/libiri.so
78b935b3c000-78b935b3d000 r--p 00003000 08:01 26085771                   /home/toolchain/development/libc++_replacement/tmp/R11/extracted/a7/a7049a5c0f11523aadb13e3168ed813f674db1ee0ef43d82388cf66a7d6ddb07/usr/lib64/libiri.so
78b935b3d000-78b935b3e000 rw-p 00004000 08:01 26085771                   /home/toolchain/development/libc++_replacement/tmp/R11/extracted/a7/a7049a5c0f11523aadb13e3168ed813f674db1ee0ef43d82388cf66a7d6ddb07/usr/lib64/libiri.so
78b935b3e000-78b935b75000 r--p 00000000 08:01 26002858                   /home/toolchain/development/libc++_replacement/tmp/R11/extracted/35/35ecdea30c550dffcc501eb8a958f84bb46a55b4c0a2d9125c70f52e0367a69f/usr/lib64/libscim-1.0.so.8.2.3
78b935b75000-78b935bd2000 r-xp 00037000 08:01 26002858                   /home/toolchain/development/libc++_replacement/tmp/R11/extracted/35/35ecdea30c550dffcc501eb8a958f84bb46a55b4c0a2d9125c70f52e0367a69f/usr/lib64/libscim-1.0.so.8.2.3
78b935bd2000-78b935c1d000 r--p 00094000 08:01 26002858                   /home/toolchain/development/libc++_replacement/tmp/R11/extracted/35/35ecdea30c550dffcc501eb8a958f84bb46a55b4c0a2d9125c70f52e0367a69f/usr/lib64/libscim-1.0.so.8.2.3
78b935c1d000-78b935c21000 r--p 000df000 08:01 26002858                   /home/toolchain/development/libc++_replacement/tmp/R11/extracted/35/35ecdea30c550dffcc501eb8a958f84bb46a55b4c0a2d9125c70f52e0367a69f/usr/lib64/libscim-1.0.so.8.2.3
78b935c21000-78b935c23000 rw-p 000e3000 08:01 26002858                   /home/toolchain/development/libc++_replacement/tmp/R11/extracted/35/35ecdea30c550dffcc501eb8a958f84bb46a55b4c0a2d9125c70f52e0367a69f/usr/lib64/libscim-1.0.so.8.2.3
78b935c23000-78b935c53000 r--p 00000000 08:01 26002902                   /home/toolchain/development/libc++_replacement/tmp/R11/extracted/35/35ecdea30c550dffcc501eb8a958f84bb46a55b4c0a2d9125c70f52e0367a69f/usr/lib64/libscim_imengine.so.8.2.3
78b935c53000-78b935c7c000 r-xp 00030000 08:01 26002902                   /home/toolchain/development/libc++_replacement/tmp/R11/extracted/35/35ecdea30c550dffcc501eb8a958f84bb46a55b4c0a2d9125c70f52e0367a69f/usr/lib64/libscim_imengine.so.8.2.3
78b935c7c000-78b935c92000 r--p 00059000 08:01 26002902                   /home/toolchain/development/libc++_replacement/tmp/R11/extracted/35/35ecdea30c550dffcc501eb8a958f84bb46a55b4c0a2d9125c70f52e0367a69f/usr/lib64/libscim_imengine.so.8.2.3
78b935c92000-78b935c9b000 r--p 0006f000 08:01 26002902                   /home/toolchain/development/libc++_replacement/tmp/R11/extracted/35/35ecdea30c550dffcc501eb8a958f84bb46a55b4c0a2d9125c70f52e0367a69f/usr/lib64/libscim_imengine.so.8.2.3
78b935c9b000-78b935ca9000 rw-p 00078000 08:01 26002902                   /home/toolchain/development/libc++_replacement/tmp/R11/extracted/35/35ecdea30c550dffcc501eb8a958f84bb46a55b4c0a2d9125c70f52e0367a69f/usr/lib64/libscim_imengine.so.8.2.3
78b935ca9000-78b935cab000 r--p 00000000 08:01 26089414                   /home/toolchain/development/libc++_replacement/tmp/R11/extracted/6e/6ea88a8be40d0a02d31f2d7f5b7e998e43bda209403c740d6385dc2b6b965039/usr/lib64/libtizen-remote-surface-client.so.0.0.0
78b935cab000-78b935cac000 r-xp 00002000 08:01 26089414                   /home/toolchain/development/libc++_replacement/tmp/R11/extracted/6e/6ea88a8be40d0a02d31f2d7f5b7e998e43bda209403c740d6385dc2b6b965039/usr/lib64/libtizen-remote-surface-client.so.0.0.0
78b935cac000-78b935cad000 r--p 00003000 08:01 26089414                   /home/toolchain/development/libc++_replacement/tmp/R11/extracted/6e/6ea88a8be40d0a02d31f2d7f5b7e998e43bda209403c740d6385dc2b6b965039/usr/lib64/libtizen-remote-surface-client.so.0.0.0
78b935cad000-78b935cae000 r--p 00003000 08:01 26089414                   /home/toolchain/development/libc++_replacement/tmp/R11/extracted/6e/6ea88a8be40d0a02d31f2d7f5b7e998e43bda209403c740d6385dc2b6b965039/usr/lib64/libtizen-remote-surface-client.so.0.0.0
78b935cae000-78b935caf000 rw-p 00004000 08:01 26089414                   /home/toolchain/development/libc++_replacement/tmp/R11/extracted/6e/6ea88a8be40d0a02d31f2d7f5b7e998e43bda209403c740d6385dc2b6b965039/usr/lib64/libtizen-remote-surface-client.so.0.0.0
78b935caf000-78b935cbb000 r--p 00000000 08:01 26087492                   /home/toolchain/development/libc++_replacement/tmp/R11/extracted/1b/1baf527c195ef8713c9d8a4e17c2d0f4730f9ade6d8b545410b607076971be60/usr/lib64/libscreen_connector_input.so.1.9.12
78b935cbb000-78b935cc1000 r-xp 0000c000 08:01 26087492                   /home/toolchain/development/libc++_replacement/tmp/R11/extracted/1b/1baf527c195ef8713c9d8a4e17c2d0f4730f9ade6d8b545410b607076971be60/usr/lib64/libscreen_connector_input.so.1.9.12
78b935cc1000-78b935cc4000 r--p 00012000 08:01 26087492                   /home/toolchain/development/libc++_replacement/tmp/R11/extracted/1b/1baf527c195ef8713c9d8a4e17c2d0f4730f9ade6d8b545410b607076971be60/usr/lib64/libscreen_connector_input.so.1.9.12
78b935cc4000-78b935cc5000 r--p 00015000 08:01 26087492                   /home/toolchain/development/libc++_replacement/tmp/R11/extracted/1b/1baf527c195ef8713c9d8a4e17c2d0f4730f9ade6d8b545410b607076971be60/usr/lib64/libscreen_connector_input.so.1.9.12
78b935cc5000-78b935cc6000 rw-p 00016000 08:01 26087492                   /home/toolchain/development/libc++_replacement/tmp/R11/extracted/1b/1baf527c195ef8713c9d8a4e17c2d0f4730f9ade6d8b545410b607076971be60/usr/lib64/libscreen_connector_input.so.1.9.12
78b935cc6000-78b935cc8000 r--p 00000000 08:01 25713787                   /home/toolchain/development/libc++_replacement/tmp/R11/extracted/e3/e324dc8ff4e9ae834d02077646c043da25c3cf88295dc9c550dd1028e6fda4f4/usr/lib64/libappcore-ui.so.1.27.13
78b935cc8000-78b935ccb000 r-xp 00002000 08:01 25713787                   /home/toolchain/development/libc++_replacement/tmp/R11/extracted/e3/e324dc8ff4e9ae834d02077646c043da25c3cf88295dc9c550dd1028e6fda4f4/usr/lib64/libappcore-ui.so.1.27.13
78b935ccb000-78b935ccd000 r--p 00005000 08:01 25713787                   /home/toolchain/development/libc++_replacement/tmp/R11/extracted/e3/e324dc8ff4e9ae834d02077646c043da25c3cf88295dc9c550dd1028e6fda4f4/usr/lib64/libappcore-ui.so.1.27.13
78b935ccd000-78b935cce000 r--p 00006000 08:01 25713787                   /home/toolchain/development/libc++_replacement/tmp/R11/extracted/e3/e324dc8ff4e9ae834d02077646c043da25c3cf88295dc9c550dd1028e6fda4f4/usr/lib64/libappcore-ui.so.1.27.13
78b935cce000-78b935ccf000 rw-p 00007000 08:01 25713787                   /home/toolchain/development/libc++_replacement/tmp/R11/extracted/e3/e324dc8ff4e9ae834d02077646c043da25c3cf88295dc9c550dd1028e6fda4f4/usr/lib64/libappcore-ui.so.1.27.13
78b935ccf000-78b935cd3000 r--p 00000000 08:01 25713564                   /home/toolchain/development/libc++_replacement/tmp/R11/extracted/4c/4cdb0d46f299d1d6c7581443ac1b9589318a50b4f7e8f0d97d8a693b63c43982/usr/lib64/libappcore-common.so.1.27.13
78b935cd3000-78b935cd6000 r-xp 00004000 08:01 25713564                   /home/toolchain/development/libc++_replacement/tmp/R11/extracted/4c/4cdb0d46f299d1d6c7581443ac1b9589318a50b4f7e8f0d97d8a693b63c43982/usr/lib64/libappcore-common.so.1.27.13
78b935cd6000-78b935cd8000 r--p 00007000 08:01 25713564                   /home/toolchain/development/libc++_replacement/tmp/R11/extracted/4c/4cdb0d46f299d1d6c7581443ac1b9589318a50b4f7e8f0d97d8a693b63c43982/usr/lib64/libappcore-common.so.1.27.13
78b935cd8000-78b935cd9000 r--p 00009000 08:01 25713564                   /home/toolchain/development/libc++_replacement/tmp/R11/extracted/4c/4cdb0d46f299d1d6c7581443ac1b9589318a50b4f7e8f0d97d8a693b63c43982/usr/lib64/libappcore-common.so.1.27.13
78b935cd9000-78b935cda000 rw-p 0000a000 08:01 25713564                   /home/toolchain/development/libc++_replacement/tmp/R11/extracted/4c/4cdb0d46f299d1d6c7581443ac1b9589318a50b4f7e8f0d97d8a693b63c43982/usr/lib64/libappcore-common.so.1.27.13
78b935cda000-78b935ce0000 r--p 00000000 08:01 26004415                   /home/toolchain/development/libc++_replacement/tmp/R11/extracted/e3/e38dc1675b220c1ccac99db62910936dc386b72bc076167e42867d0a07251884/usr/lib64/libalarm.so.0.14.12
78b935ce0000-78b935cf2000 r-xp 00006000 08:01 26004415                   /home/toolchain/development/libc++_replacement/tmp/R11/extracted/e3/e38dc1675b220c1ccac99db62910936dc386b72bc076167e42867d0a07251884/usr/lib64/libalarm.so.0.14.12
78b935cf2000-78b935cf9000 r--p 00018000 08:01 26004415                   /home/toolchain/development/libc++_replacement/tmp/R11/extracted/e3/e38dc1675b220c1ccac99db62910936dc386b72bc076167e42867d0a07251884/usr/lib64/libalarm.so.0.14.12
78b935cf9000-78b935cfa000 r--p 0001e000 08:01 26004415                   /home/toolchain/development/libc++_replacement/tmp/R11/extracted/e3/e38dc1675b220c1ccac99db62910936dc386b72bc076167e42867d0a07251884/usr/lib64/libalarm.so.0.14.12
78b935cfa000-78b935cfb000 rw-p 0001f000 08:01 26004415                   /home/toolchain/development/libc++_replacement/tmp/R11/extracted/e3/e38dc1675b220c1ccac99db62910936dc386b72bc076167e42867d0a07251884/usr/lib64/libalarm.so.0.14.12
78b935cfb000-78b935d0a000 r--p 00000000 08:01 26086002                   /home/toolchain/development/libc++_replacement/tmp/R11/extracted/e3/e345335eab4b258418991a13d40060b10be1c6adc8d67fbddc840960dbd3fe73/usr/lib64/libkey-manager-common.so.1.0.1
78b935d0a000-78b935d21000 r-xp 0000f000 08:01 26086002                   /home/toolchain/development/libc++_replacement/tmp/R11/extracted/e3/e345335eab4b258418991a13d40060b10be1c6adc8d67fbddc840960dbd3fe73/usr/lib64/libkey-manager-common.so.1.0.1
78b935d21000-78b935d2a000 r--p 00026000 08:01 26086002                   /home/toolchain/development/libc++_replacement/tmp/R11/extracted/e3/e345335eab4b258418991a13d40060b10be1c6adc8d67fbddc840960dbd3fe73/usr/lib64/libkey-manager-common.so.1.0.1
78b935d2a000-78b935d2c000 r--p 0002e000 08:01 26086002                   /home/toolchain/development/libc++_replacement/tmp/R11/extracted/e3/e345335eab4b258418991a13d40060b10be1c6adc8d67fbddc840960dbd3fe73/usr/lib64/libkey-manager-common.so.1.0.1
78b935d2c000-78b935d2d000 rw-p 00030000 08:01 26086002                   /home/toolchain/development/libc++_replacement/tmp/R11/extracted/e3/e345335eab4b258418991a13d40060b10be1c6adc8d67fbddc840960dbd3fe73/usr/lib64/libkey-manager-common.so.1.0.1
78b935d2d000-78b935d2f000 r--p 00000000 08:01 26084250                   /home/toolchain/development/libc++_replacement/tmp/R11/extracted/fa/fab79860adf785533087275f70711a22478a332ff778a96c7d08d725f7533551/usr/lib64/libdlog_redirect_stdout.so.0.0.0
78b935d2f000-78b935d33000 r-xp 00002000 08:01 26084250                   /home/toolchain/development/libc++_replacement/tmp/R11/extracted/fa/fab79860adf785533087275f70711a22478a332ff778a96c7d08d725f7533551/usr/lib64/libdlog_redirect_stdout.so.0.0.0
78b935d33000-78b935d35000 r--p 00006000 08:01 26084250                   /home/toolchain/development/libc++_replacement/tmp/R11/extracted/fa/fab79860adf785533087275f70711a22478a332ff778a96c7d08d725f7533551/usr/lib64/libdlog_redirect_stdout.so.0.0.0
78b935d35000-78b935d36000 r--p 00007000 08:01 26084250                   /home/toolchain/development/libc++_replacement/tmp/R11/extracted/fa/fab79860adf785533087275f70711a22478a332ff778a96c7d08d725f7533551/usr/lib64/libdlog_redirect_stdout.so.0.0.0
78b935d36000-78b935d37000 rw-p 00008000 08:01 26084250                   /home/toolchain/development/libc++_replacement/tmp/R11/extracted/fa/fab79860adf785533087275f70711a22478a332ff778a96c7d08d725f7533551/usr/lib64/libdlog_redirect_stdout.so.0.0.0
78b935d37000-78b935d4c000 r--p 00000000 08:01 26003682                   /home/toolchain/development/libc++_replacement/tmp/R11/extracted/84/841ed91284852a7efaf27e85163d40aa7b5baca1103a998b849237bf6cbfa46e/usr/lib64/libklay.so.0.0.2
78b935d4c000-78b935d6b000 r-xp 00015000 08:01 26003682                   /home/toolchain/development/libc++_replacement/tmp/R11/extracted/84/841ed91284852a7efaf27e85163d40aa7b5baca1103a998b849237bf6cbfa46e/usr/lib64/libklay.so.0.0.2
78b935d6b000-78b935d75000 r--p 00034000 08:01 26003682                   /home/toolchain/development/libc++_replacement/tmp/R11/extracted/84/841ed91284852a7efaf27e85163d40aa7b5baca1103a998b849237bf6cbfa46e/usr/lib64/libklay.so.0.0.2
78b935d75000-78b935d77000 r--p 0003d000 08:01 26003682                   /home/toolchain/development/libc++_replacement/tmp/R11/extracted/84/841ed91284852a7efaf27e85163d40aa7b5baca1103a998b849237bf6cbfa46e/usr/lib64/libklay.so.0.0.2
78b935d77000-78b935d78000 rw-p 0003f000 08:01 26003682                   /home/toolchain/development/libc++_replacement/tmp/R11/extracted/84/841ed91284852a7efaf27e85163d40aa7b5baca1103a998b849237bf6cbfa46e/usr/lib64/libklay.so.0.0.2
78b935d78000-78b935d7a000 r--p 00000000 08:01 23624164                   /home/toolchain/development/libc++_replacement/tmp/R11/extracted/1e/1ef38dd1b74597d1e4a56b8f9c786954bd0dcdebd9261f07845c7225b8027830/usr/lib64/libunwind.so.8.0.1
78b935d7a000-78b935d82000 r-xp 00002000 08:01 23624164                   /home/toolchain/development/libc++_replacement/tmp/R11/extracted/1e/1ef38dd1b74597d1e4a56b8f9c786954bd0dcdebd9261f07845c7225b8027830/usr/lib64/libunwind.so.8.0.1
78b935d82000-78b935d84000 r--p 0000a000 08:01 23624164                   /home/toolchain/development/libc++_replacement/tmp/R11/extracted/1e/1ef38dd1b74597d1e4a56b8f9c786954bd0dcdebd9261f07845c7225b8027830/usr/lib64/libunwind.so.8.0.1
78b935d84000-78b935d85000 r--p 0000b000 08:01 23624164                   /home/toolchain/development/libc++_replacement/tmp/R11/extracted/1e/1ef38dd1b74597d1e4a56b8f9c786954bd0dcdebd9261f07845c7225b8027830/usr/lib64/libunwind.so.8.0.1
78b935d85000-78b935d86000 rw-p 0000c000 08:01 23624164                   /home/toolchain/development/libc++_replacement/tmp/R11/extracted/1e/1ef38dd1b74597d1e4a56b8f9c786954bd0dcdebd9261f07845c7225b8027830/usr/lib64/libunwind.so.8.0.1
78b935d86000-78b935d90000 rw-p 00000000 00:00 0 
78b935d90000-78b935dbe000 r--p 00000000 08:01 26088914                   /home/toolchain/development/libc++_replacement/tmp/R11/extracted/0a/0a396f6f4ebeb626ec8be5cd1d59310a778e5e2282df79e602683c44a05e30ae/usr/lib64/libtrackrenderer.so
78b935dbe000-78b935df0000 r-xp 0002e000 08:01 26088914                   /home/toolchain/development/libc++_replacement/tmp/R11/extracted/0a/0a396f6f4ebeb626ec8be5cd1d59310a778e5e2282df79e602683c44a05e30ae/usr/lib64/libtrackrenderer.so
78b935df0000-78b935e08000 r--p 00060000 08:01 26088914                   /home/toolchain/development/libc++_replacement/tmp/R11/extracted/0a/0a396f6f4ebeb626ec8be5cd1d59310a778e5e2282df79e602683c44a05e30ae/usr/lib64/libtrackrenderer.so
78b935e08000-78b935e0a000 r--p 00077000 08:01 26088914                   /home/toolchain/development/libc++_replacement/tmp/R11/extracted/0a/0a396f6f4ebeb626ec8be5cd1d59310a778e5e2282df79e602683c44a05e30ae/usr/lib64/libtrackrenderer.so
78b935e0a000-78b935e0c000 rw-p 00079000 08:01 26088914                   /home/toolchain/development/libc++_replacement/tmp/R11/extracted/0a/0a396f6f4ebeb626ec8be5cd1d59310a778e5e2282df79e602683c44a05e30ae/usr/lib64/libtrackrenderer.so
78b935e0c000-78b935e20000 r--p 00000000 08:01 16961828                   /home/toolchain/development/libc++_replacement/tmp/R11/extracted/4e/4ea9cb9ada8f65fed491ea1ea3c1dff68fb2d17ab664232b15c0d7649dbb618e/usr/lib64/pulseaudio/libpulsecommon-15.0.so
78b935e20000-78b935e62000 r-xp 00014000 08:01 16961828                   /home/toolchain/development/libc++_replacement/tmp/R11/extracted/4e/4ea9cb9ada8f65fed491ea1ea3c1dff68fb2d17ab664232b15c0d7649dbb618e/usr/lib64/pulseaudio/libpulsecommon-15.0.so
78b935e62000-78b935e84000 r--p 00056000 08:01 16961828                   /home/toolchain/development/libc++_replacement/tmp/R11/extracted/4e/4ea9cb9ada8f65fed491ea1ea3c1dff68fb2d17ab664232b15c0d7649dbb618e/usr/lib64/pulseaudio/libpulsecommon-15.0.so
78b935e84000-78b935e85000 r--p 00078000 08:01 16961828                   /home/toolchain/development/libc++_replacement/tmp/R11/extracted/4e/4ea9cb9ada8f65fed491ea1ea3c1dff68fb2d17ab664232b15c0d7649dbb618e/usr/lib64/pulseaudio/libpulsecommon-15.0.so
78b935e85000-78b935e87000 rw-p 00079000 08:01 16961828                   /home/toolchain/development/libc++_replacement/tmp/R11/extracted/4e/4ea9cb9ada8f65fed491ea1ea3c1dff68fb2d17ab664232b15c0d7649dbb618e/usr/lib64/pulseaudio/libpulsecommon-15.0.so
78b935e87000-78b935e89000 r--p 00000000 08:01 16961824                   /home/toolchain/development/libc++_replacement/tmp/R11/extracted/4e/4ea9cb9ada8f65fed491ea1ea3c1dff68fb2d17ab664232b15c0d7649dbb618e/usr/lib64/libpulse-simple.so.0.1.1
78b935e89000-78b935e8b000 r-xp 00002000 08:01 16961824                   /home/toolchain/development/libc++_replacement/tmp/R11/extracted/4e/4ea9cb9ada8f65fed491ea1ea3c1dff68fb2d17ab664232b15c0d7649dbb618e/usr/lib64/libpulse-simple.so.0.1.1
78b935e8b000-78b935e8c000 r--p 00004000 08:01 16961824                   /home/toolchain/development/libc++_replacement/tmp/R11/extracted/4e/4ea9cb9ada8f65fed491ea1ea3c1dff68fb2d17ab664232b15c0d7649dbb618e/usr/lib64/libpulse-simple.so.0.1.1
78b935e8c000-78b935e8d000 r--p 00004000 08:01 16961824                   /home/toolchain/development/libc++_replacement/tmp/R11/extracted/4e/4ea9cb9ada8f65fed491ea1ea3c1dff68fb2d17ab664232b15c0d7649dbb618e/usr/lib64/libpulse-simple.so.0.1.1
78b935e8d000-78b935e8e000 rw-p 00005000 08:01 16961824                   /home/toolchain/development/libc++_replacement/tmp/R11/extracted/4e/4ea9cb9ada8f65fed491ea1ea3c1dff68fb2d17ab664232b15c0d7649dbb618e/usr/lib64/libpulse-simple.so.0.1.1
78b935e8e000-78b935e8f000 r--p 00000000 08:01 26086524                   /home/toolchain/development/libc++_replacement/tmp/R11/extracted/fc/fc8cfdc9b6706a39fe50ec8b722659ae45c9d3237d9155af55ac6d623a09b29a/usr/lib64/libmmfsoundcommon.so.0.0.0
78b935e8f000-78b935e90000 r-xp 00001000 08:01 26086524                   /home/toolchain/development/libc++_replacement/tmp/R11/extracted/fc/fc8cfdc9b6706a39fe50ec8b722659ae45c9d3237d9155af55ac6d623a09b29a/usr/lib64/libmmfsoundcommon.so.0.0.0
78b935e90000-78b935e91000 r--p 00002000 08:01 26086524                   /home/toolchain/development/libc++_replacement/tmp/R11/extracted/fc/fc8cfdc9b6706a39fe50ec8b722659ae45c9d3237d9155af55ac6d623a09b29a/usr/lib64/libmmfsoundcommon.so.0.0.0
78b935e91000-78b935e92000 r--p 00003000 08:01 26086524                   /home/toolchain/development/libc++_replacement/tmp/R11/extracted/fc/fc8cfdc9b6706a39fe50ec8b722659ae45c9d3237d9155af55ac6d623a09b29a/usr/lib64/libmmfsoundcommon.so.0.0.0
78b935e92000-78b935e93000 rw-p 00004000 08:01 26086524                   /home/toolchain/development/libc++_replacement/tmp/R11/extracted/fc/fc8cfdc9b6706a39fe50ec8b722659ae45c9d3237d9155af55ac6d623a09b29a/usr/lib64/libmmfsoundcommon.so.0.0.0
78b935e93000-78b935e94000 r--p 00000000 08:01 25713562                   /home/toolchain/development/libc++_replacement/tmp/R11/extracted/4c/4cdb0d46f299d1d6c7581443ac1b9589318a50b4f7e8f0d97d8a693b63c43982/usr/lib64/libapp-core-rotation-cpp.so.1.27.13
78b935e94000-78b935e95000 r-xp 00001000 08:01 25713562                   /home/toolchain/development/libc++_replacement/tmp/R11/extracted/4c/4cdb0d46f299d1d6c7581443ac1b9589318a50b4f7e8f0d97d8a693b63c43982/usr/lib64/libapp-core-rotation-cpp.so.1.27.13
78b935e95000-78b935e96000 r--p 00002000 08:01 25713562                   /home/toolchain/development/libc++_replacement/tmp/R11/extracted/4c/4cdb0d46f299d1d6c7581443ac1b9589318a50b4f7e8f0d97d8a693b63c43982/usr/lib64/libapp-core-rotation-cpp.so.1.27.13
78b935e96000-78b935e97000 r--p 00002000 08:01 25713562                   /home/toolchain/development/libc++_replacement/tmp/R11/extracted/4c/4cdb0d46f299d1d6c7581443ac1b9589318a50b4f7e8f0d97d8a693b63c43982/usr/lib64/libapp-core-rotation-cpp.so.1.27.13
78b935e97000-78b935e98000 rw-p 00003000 08:01 25713562                   /home/toolchain/development/libc++_replacement/tmp/R11/extracted/4c/4cdb0d46f299d1d6c7581443ac1b9589318a50b4f7e8f0d97d8a693b63c43982/usr/lib64/libapp-core-rotation-cpp.so.1.27.13
78b935e98000-78b935e9a000 r--p 00000000 08:01 23624337                   /home/toolchain/development/libc++_replacement/tmp/R11/extracted/0d/0daffe2b94bcc25cd215ac91563c50dd7f7c7206e49b3b4538a28e24a150f8b0/usr/lib64/libcrypt.so.1.1.0
78b935e9a000-78b935ead000 r-xp 00002000 08:01 23624337                   /home/toolchain/development/libc++_replacement/tmp/R11/extracted/0d/0daffe2b94bcc25cd215ac91563c50dd7f7c7206e49b3b4538a28e24a150f8b0/usr/lib64/libcrypt.so.1.1.0
78b935ead000-78b935ec7000 r--p 00015000 08:01 23624337                   /home/toolchain/development/libc++_replacement/tmp/R11/extracted/0d/0daffe2b94bcc25cd215ac91563c50dd7f7c7206e49b3b4538a28e24a150f8b0/usr/lib64/libcrypt.so.1.1.0
78b935ec7000-78b935ec8000 r--p 0002e000 08:01 23624337                   /home/toolchain/development/libc++_replacement/tmp/R11/extracted/0d/0daffe2b94bcc25cd215ac91563c50dd7f7c7206e49b3b4538a28e24a150f8b0/usr/lib64/libcrypt.so.1.1.0
78b935ec8000-78b935ec9000 rw-p 0002f000 08:01 23624337                   /home/toolchain/development/libc++_replacement/tmp/R11/extracted/0d/0daffe2b94bcc25cd215ac91563c50dd7f7c7206e49b3b4538a28e24a150f8b0/usr/lib64/libcrypt.so.1.1.0
78b935ec9000-78b935ed1000 rw-p 00000000 00:00 0 
78b935ed1000-78b935ed9000 r--p 00000000 08:01 23483789                   /home/toolchain/development/libc++_replacement/tmp/R11/extracted/94/946456d28f21263f1b1ad127c40088029cefa4bb9ae1b2d5cf21dea2aea85567/usr/lib64/libboost_filesystem.so.1.83.0
78b935ed9000-78b935ee7000 r-xp 00008000 08:01 23483789                   /home/toolchain/development/libc++_replacement/tmp/R11/extracted/94/946456d28f21263f1b1ad127c40088029cefa4bb9ae1b2d5cf21dea2aea85567/usr/lib64/libboost_filesystem.so.1.83.0
78b935ee7000-78b935eeb000 r--p 00016000 08:01 23483789                   /home/toolchain/development/libc++_replacement/tmp/R11/extracted/94/946456d28f21263f1b1ad127c40088029cefa4bb9ae1b2d5cf21dea2aea85567/usr/lib64/libboost_filesystem.so.1.83.0
78b935eeb000-78b935eec000 r--p 0001a000 08:01 23483789                   /home/toolchain/development/libc++_replacement/tmp/R11/extracted/94/946456d28f21263f1b1ad127c40088029cefa4bb9ae1b2d5cf21dea2aea85567/usr/lib64/libboost_filesystem.so.1.83.0
78b935eec000-78b935eed000 rw-p 0001b000 08:01 23483789                   /home/toolchain/development/libc++_replacement/tmp/R11/extracted/94/946456d28f21263f1b1ad127c40088029cefa4bb9ae1b2d5cf21dea2aea85567/usr/lib64/libboost_filesystem.so.1.83.0
78b935eed000-78b935eef000 r--p 00000000 08:01 23622922                   /home/toolchain/development/libc++_replacement/tmp/R11/extracted/b9/b9b53c19d3ff0229164a5ede81f5ccad44154db4b5829f9d36b69656ab45a1bc/usr/lib64/libsmack.so.1.3.1
78b935eef000-78b935ef4000 r-xp 00002000 08:01 23622922                   /home/toolchain/development/libc++_replacement/tmp/R11/extracted/b9/b9b53c19d3ff0229164a5ede81f5ccad44154db4b5829f9d36b69656ab45a1bc/usr/lib64/libsmack.so.1.3.1
78b935ef4000-78b935ef6000 r--p 00007000 08:01 23622922                   /home/toolchain/development/libc++_replacement/tmp/R11/extracted/b9/b9b53c19d3ff0229164a5ede81f5ccad44154db4b5829f9d36b69656ab45a1bc/usr/lib64/libsmack.so.1.3.1
78b935ef6000-78b935ef7000 r--p 00008000 08:01 23622922                   /home/toolchain/development/libc++_replacement/tmp/R11/extracted/b9/b9b53c19d3ff0229164a5ede81f5ccad44154db4b5829f9d36b69656ab45a1bc/usr/lib64/libsmack.so.1.3.1
78b935ef7000-78b935ef8000 rw-p 00009000 08:01 23622922                   /home/toolchain/development/libc++_replacement/tmp/R11/extracted/b9/b9b53c19d3ff0229164a5ede81f5ccad44154db4b5829f9d36b69656ab45a1bc/usr/lib64/libsmack.so.1.3.1
78b935ef8000-78b935efa000 r--p 00000000 08:01 23617398                   /home/toolchain/development/libc++_replacement/tmp/R11/extracted/1c/1ca4e9a9bfab1c73c273b7c9be71476cee9fcc58ece138684913b7c537d6f62b/usr/lib64/libacl.so.1.1.2302
78b935efa000-78b935efe000 r-xp 00002000 08:01 23617398                   /home/toolchain/development/libc++_replacement/tmp/R11/extracted/1c/1ca4e9a9bfab1c73c273b7c9be71476cee9fcc58ece138684913b7c537d6f62b/usr/lib64/libacl.so.1.1.2302
78b935efe000-78b935eff000 r--p 00006000 08:01 23617398                   /home/toolchain/development/libc++_replacement/tmp/R11/extracted/1c/1ca4e9a9bfab1c73c273b7c9be71476cee9fcc58ece138684913b7c537d6f62b/usr/lib64/libacl.so.1.1.2302
78b935eff000-78b935f00000 r--p 00007000 08:01 23617398                   /home/toolchain/development/libc++_replacement/tmp/R11/extracted/1c/1ca4e9a9bfab1c73c273b7c9be71476cee9fcc58ece138684913b7c537d6f62b/usr/lib64/libacl.so.1.1.2302
78b935f00000-78b935f01000 rw-p 00008000 08:01 23617398                   /home/toolchain/development/libc++_replacement/tmp/R11/extracted/1c/1ca4e9a9bfab1c73c273b7c9be71476cee9fcc58ece138684913b7c537d6f62b/usr/lib64/libacl.so.1.1.2302
78b935f01000-78b935f04000 r--p 00000000 08:01 15913149                   /home/toolchain/development/libc++_replacement/tmp/R11/extracted/ea/eadb82ee5ab111c27b4403cf46acaf03a22ae9a4e6b08eb3e1f74d3e300da60e/usr/lib64/libsecurity-privilege-manager.so.1.4.0
78b935f04000-78b935f0c000 r-xp 00003000 08:01 15913149                   /home/toolchain/development/libc++_replacement/tmp/R11/extracted/ea/eadb82ee5ab111c27b4403cf46acaf03a22ae9a4e6b08eb3e1f74d3e300da60e/usr/lib64/libsecurity-privilege-manager.so.1.4.0
78b935f0c000-78b935f12000 r--p 0000b000 08:01 15913149                   /home/toolchain/development/libc++_replacement/tmp/R11/extracted/ea/eadb82ee5ab111c27b4403cf46acaf03a22ae9a4e6b08eb3e1f74d3e300da60e/usr/lib64/libsecurity-privilege-manager.so.1.4.0
78b935f12000-78b935f13000 r--p 00010000 08:01 15913149                   /home/toolchain/development/libc++_replacement/tmp/R11/extracted/ea/eadb82ee5ab111c27b4403cf46acaf03a22ae9a4e6b08eb3e1f74d3e300da60e/usr/lib64/libsecurity-privilege-manager.so.1.4.0
78b935f13000-78b935f14000 rw-p 00011000 08:01 15913149                   /home/toolchain/development/libc++_replacement/tmp/R11/extracted/ea/eadb82ee5ab111c27b4403cf46acaf03a22ae9a4e6b08eb3e1f74d3e300da60e/usr/lib64/libsecurity-privilege-manager.so.1.4.0
78b935f14000-78b935f16000 r--p 00000000 08:01 26083988                   /home/toolchain/development/libc++_replacement/tmp/R11/extracted/5b/5bee7cfacc91002e3b2c0d118150dd31b007f297dc5cf9980e7b83cef38d05de/usr/lib64/libcynara-creds-socket.so.0.26.0
78b935f16000-78b935f17000 r-xp 00002000 08:01 26083988                   /home/toolchain/development/libc++_replacement/tmp/R11/extracted/5b/5bee7cfacc91002e3b2c0d118150dd31b007f297dc5cf9980e7b83cef38d05de/usr/lib64/libcynara-creds-socket.so.0.26.0
78b935f17000-78b935f18000 r--p 00003000 08:01 26083988                   /home/toolchain/development/libc++_replacement/tmp/R11/extracted/5b/5bee7cfacc91002e3b2c0d118150dd31b007f297dc5cf9980e7b83cef38d05de/usr/lib64/libcynara-creds-socket.so.0.26.0
78b935f18000-78b935f19000 r--p 00003000 08:01 26083988                   /home/toolchain/development/libc++_replacement/tmp/R11/extracted/5b/5bee7cfacc91002e3b2c0d118150dd31b007f297dc5cf9980e7b83cef38d05de/usr/lib64/libcynara-creds-socket.so.0.26.0
78b935f19000-78b935f1a000 rw-p 00004000 08:01 26083988                   /home/toolchain/development/libc++_replacement/tmp/R11/extracted/5b/5bee7cfacc91002e3b2c0d118150dd31b007f297dc5cf9980e7b83cef38d05de/usr/lib64/libcynara-creds-socket.so.0.26.0
78b935f1a000-78b935f1f000 r--p 00000000 08:01 26083812                   /home/toolchain/development/libc++_replacement/tmp/R11/extracted/36/36cc2ed94f4b909938cf4eb46680f06ee1fc00d5d6cc2a88b702217987a19cb4/usr/lib64/libcynara-admin.so.0.26.0
78b935f1f000-78b935f33000 r-xp 00005000 08:01 26083812                   /home/toolchain/development/libc++_replacement/tmp/R11/extracted/36/36cc2ed94f4b909938cf4eb46680f06ee1fc00d5d6cc2a88b702217987a19cb4/usr/lib64/libcynara-admin.so.0.26.0
78b935f33000-78b935f39000 r--p 00019000 08:01 26083812                   /home/toolchain/development/libc++_replacement/tmp/R11/extracted/36/36cc2ed94f4b909938cf4eb46680f06ee1fc00d5d6cc2a88b702217987a19cb4/usr/lib64/libcynara-admin.so.0.26.0
78b935f39000-78b935f3a000 r--p 0001f000 08:01 26083812                   /home/toolchain/development/libc++_replacement/tmp/R11/extracted/36/36cc2ed94f4b909938cf4eb46680f06ee1fc00d5d6cc2a88b702217987a19cb4/usr/lib64/libcynara-admin.so.0.26.0
78b935f3a000-78b935f3b000 rw-p 00020000 08:01 26083812                   /home/toolchain/development/libc++_replacement/tmp/R11/extracted/36/36cc2ed94f4b909938cf4eb46680f06ee1fc00d5d6cc2a88b702217987a19cb4/usr/lib64/libcynara-admin.so.0.26.0
78b935f3b000-78b935f4c000 r--p 00000000 08:01 23622994                   /home/toolchain/development/libc++_replacement/tmp/R11/extracted/59/591ccae805a0d478dfb96bca9afd6bb9620e0e4ccaed74bb63e73c1d49c1bbb8/usr/lib64/libsqlite3.so.3.51.0
78b935f4c000-78b936034000 r-xp 00011000 08:01 23622994                   /home/toolchain/development/libc++_replacement/tmp/R11/extracted/59/591ccae805a0d478dfb96bca9afd6bb9620e0e4ccaed74bb63e73c1d49c1bbb8/usr/lib64/libsqlite3.so.3.51.0
78b936034000-78b936065000 r--p 000f9000 08:01 23622994                   /home/toolchain/development/libc++_replacement/tmp/R11/extracted/59/591ccae805a0d478dfb96bca9afd6bb9620e0e4ccaed74bb63e73c1d49c1bbb8/usr/lib64/libsqlite3.so.3.51.0
78b936065000-78b936068000 r--p 0012a000 08:01 23622994                   /home/toolchain/development/libc++_replacement/tmp/R11/extracted/59/591ccae805a0d478dfb96bca9afd6bb9620e0e4ccaed74bb63e73c1d49c1bbb8/usr/lib64/libsqlite3.so.3.51.0
78b936068000-78b93606d000 rw-p 0012d000 08:01 23622994                   /home/toolchain/development/libc++_replacement/tmp/R11/extracted/59/591ccae805a0d478dfb96bca9afd6bb9620e0e4ccaed74bb63e73c1d49c1bbb8/usr/lib64/libsqlite3.so.3.51.0
78b93606d000-78b93606f000 r--p 00000000 08:01 26087801                   /home/toolchain/development/libc++_replacement/tmp/R11/extracted/36/366ed14291dbcc8c59435996fb5d0967c11cbf74e90a8186c7b2d5fc6503e39a/usr/lib64/libsessiond.so.10.6.21
78b93606f000-78b936076000 r-xp 00002000 08:01 26087801                   /home/toolchain/development/libc++_replacement/tmp/R11/extracted/36/366ed14291dbcc8c59435996fb5d0967c11cbf74e90a8186c7b2d5fc6503e39a/usr/lib64/libsessiond.so.10.6.21
78b936076000-78b936079000 r--p 00009000 08:01 26087801                   /home/toolchain/development/libc++_replacement/tmp/R11/extracted/36/366ed14291dbcc8c59435996fb5d0967c11cbf74e90a8186c7b2d5fc6503e39a/usr/lib64/libsessiond.so.10.6.21
78b936079000-78b93607a000 r--p 0000b000 08:01 26087801                   /home/toolchain/development/libc++_replacement/tmp/R11/extracted/36/366ed14291dbcc8c59435996fb5d0967c11cbf74e90a8186c7b2d5fc6503e39a/usr/lib64/libsessiond.so.10.6.21
78b93607a000-78b93607b000 rw-p 0000c000 08:01 26087801                   /home/toolchain/development/libc++_replacement/tmp/R11/extracted/36/366ed14291dbcc8c59435996fb5d0967c11cbf74e90a8186c7b2d5fc6503e39a/usr/lib64/libsessiond.so.10.6.21
78b93607b000-78b936085000 r--p 00000000 08:01 26216664                   /home/toolchain/development/libc++_replacement/tmp/R11/extracted/a8/a873bbfabe29509bf0f4360077ee38885cb185b8a0aa23619b22414eda90b560/usr/lib64/libsensord-shared.so
78b936085000-78b936090000 r-xp 0000a000 08:01 26216664                   /home/toolchain/development/libc++_replacement/tmp/R11/extracted/a8/a873bbfabe29509bf0f4360077ee38885cb185b8a0aa23619b22414eda90b560/usr/lib64/libsensord-shared.so
78b936090000-78b936097000 r--p 00015000 08:01 26216664                   /home/toolchain/development/libc++_replacement/tmp/R11/extracted/a8/a873bbfabe29509bf0f4360077ee38885cb185b8a0aa23619b22414eda90b560/usr/lib64/libsensord-shared.so
78b936097000-78b936098000 r--p 0001b000 08:01 26216664                   /home/toolchain/development/libc++_replacement/tmp/R11/extracted/a8/a873bbfabe29509bf0f4360077ee38885cb185b8a0aa23619b22414eda90b560/usr/lib64/libsensord-shared.so
78b936098000-78b936099000 rw-p 0001c000 08:01 26216664                   /home/toolchain/development/libc++_replacement/tmp/R11/extracted/a8/a873bbfabe29509bf0f4360077ee38885cb185b8a0aa23619b22414eda90b560/usr/lib64/libsensord-shared.so
78b936099000-78b9360ab000 r--p 00000000 08:01 26224946                   /home/toolchain/development/libc++_replacement/tmp/R11/extracted/d8/d8946819d273d8f923b8c9cfde28f0d1cd4905aa0387e6632210166d81cd86fa/usr/lib64/libtizen-core.so.0.4.2
78b9360ab000-78b9360b9000 r-xp 00012000 08:01 26224946                   /home/toolchain/development/libc++_replacement/tmp/R11/extracted/d8/d8946819d273d8f923b8c9cfde28f0d1cd4905aa0387e6632210166d81cd86fa/usr/lib64/libtizen-core.so.0.4.2
78b9360b9000-78b9360c1000 r--p 00020000 08:01 26224946                   /home/toolchain/development/libc++_replacement/tmp/R11/extracted/d8/d8946819d273d8f923b8c9cfde28f0d1cd4905aa0387e6632210166d81cd86fa/usr/lib64/libtizen-core.so.0.4.2
78b9360c1000-78b9360c3000 r--p 00027000 08:01 26224946                   /home/toolchain/development/libc++_replacement/tmp/R11/extracted/d8/d8946819d273d8f923b8c9cfde28f0d1cd4905aa0387e6632210166d81cd86fa/usr/lib64/libtizen-core.so.0.4.2
78b9360c3000-78b9360c4000 rw-p 00029000 08:01 26224946                   /home/toolchain/development/libc++_replacement/tmp/R11/extracted/d8/d8946819d273d8f923b8c9cfde28f0d1cd4905aa0387e6632210166d81cd86fa/usr/lib64/libtizen-core.so.0.4.2
78b9360c4000-78b9360ee000 r--p 00000000 08:01 26127552                   /home/toolchain/development/libc++_replacement/tmp/R11/extracted/6d/6d9a2599e7941f048094419a734cd6fc8e719f3f363a5488eff72edd37fd173a/usr/lib64/librpc-port.so.1.21.15
78b9360ee000-78b93611a000 r-xp 0002a000 08:01 26127552                   /home/toolchain/development/libc++_replacement/tmp/R11/extracted/6d/6d9a2599e7941f048094419a734cd6fc8e719f3f363a5488eff72edd37fd173a/usr/lib64/librpc-port.so.1.21.15
78b93611a000-78b936130000 r--p 00056000 08:01 26127552                   /home/toolchain/development/libc++_replacement/tmp/R11/extracted/6d/6d9a2599e7941f048094419a734cd6fc8e719f3f363a5488eff72edd37fd173a/usr/lib64/librpc-port.so.1.21.15
78b936130000-78b936132000 r--p 0006b000 08:01 26127552                   /home/toolchain/development/libc++_replacement/tmp/R11/extracted/6d/6d9a2599e7941f048094419a734cd6fc8e719f3f363a5488eff72edd37fd173a/usr/lib64/librpc-port.so.1.21.15
78b936132000-78b936134000 rw-p 0006d000 08:01 26127552                   /home/toolchain/development/libc++_replacement/tmp/R11/extracted/6d/6d9a2599e7941f048094419a734cd6fc8e719f3f363a5488eff72edd37fd173a/usr/lib64/librpc-port.so.1.21.15
78b936134000-78b936135000 rw-p 00000000 00:00 0 
78b936135000-78b936137000 r--p 00000000 08:01 26119134                   /home/toolchain/development/libc++_replacement/tmp/R11/extracted/51/514b200a08abbcfa93ce5bbe84d25840b4ef6f3acf77e634649df3b3f825ba1a/usr/lib64/libpkgmgr_common.so.0.23.1
78b936137000-78b936138000 r-xp 00002000 08:01 26119134                   /home/toolchain/development/libc++_replacement/tmp/R11/extracted/51/514b200a08abbcfa93ce5bbe84d25840b4ef6f3acf77e634649df3b3f825ba1a/usr/lib64/libpkgmgr_common.so.0.23.1
78b936138000-78b936139000 r--p 00003000 08:01 26119134                   /home/toolchain/development/libc++_replacement/tmp/R11/extracted/51/514b200a08abbcfa93ce5bbe84d25840b4ef6f3acf77e634649df3b3f825ba1a/usr/lib64/libpkgmgr_common.so.0.23.1
78b936139000-78b93613a000 r--p 00003000 08:01 26119134                   /home/toolchain/development/libc++_replacement/tmp/R11/extracted/51/514b200a08abbcfa93ce5bbe84d25840b4ef6f3acf77e634649df3b3f825ba1a/usr/lib64/libpkgmgr_common.so.0.23.1
78b93613a000-78b93613b000 rw-p 00004000 08:01 26119134                   /home/toolchain/development/libc++_replacement/tmp/R11/extracted/51/514b200a08abbcfa93ce5bbe84d25840b4ef6f3acf77e634649df3b3f825ba1a/usr/lib64/libpkgmgr_common.so.0.23.1
78b93613b000-78b93613f000 r--p 00000000 08:01 23621979                   /home/toolchain/development/libc++_replacement/tmp/R11/extracted/11/11b375d244963979cfea87362c172b196f78c2fe92c507c000126ba46dc84892/usr/lib64/liblzma.so.5.8.1
78b93613f000-78b936159000 r-xp 00004000 08:01 23621979                   /home/toolchain/development/libc++_replacement/tmp/R11/extracted/11/11b375d244963979cfea87362c172b196f78c2fe92c507c000126ba46dc84892/usr/lib64/liblzma.so.5.8.1
78b936159000-78b936164000 r--p 0001e000 08:01 23621979                   /home/toolchain/development/libc++_replacement/tmp/R11/extracted/11/11b375d244963979cfea87362c172b196f78c2fe92c507c000126ba46dc84892/usr/lib64/liblzma.so.5.8.1
78b936164000-78b936165000 r--p 00029000 08:01 23621979                   /home/toolchain/development/libc++_replacement/tmp/R11/extracted/11/11b375d244963979cfea87362c172b196f78c2fe92c507c000126ba46dc84892/usr/lib64/liblzma.so.5.8.1
78b936165000-78b936166000 rw-p 0002a000 08:01 23621979                   /home/toolchain/development/libc++_replacement/tmp/R11/extracted/11/11b375d244963979cfea87362c172b196f78c2fe92c507c000126ba46dc84892/usr/lib64/liblzma.so.5.8.1
78b936166000-78b93616a000 r--p 00000000 08:01 25958496                   /home/toolchain/development/libc++_replacement/tmp/R11/extracted/33/33b6f1dac23b0c1c7caf44c105c4776e8ed29d228571c894a0da9f568d100b40/usr/lib64/hal/libhal-api-common.so.0.1.0
78b93616a000-78b936172000 r-xp 00004000 08:01 25958496                   /home/toolchain/development/libc++_replacement/tmp/R11/extracted/33/33b6f1dac23b0c1c7caf44c105c4776e8ed29d228571c894a0da9f568d100b40/usr/lib64/hal/libhal-api-common.so.0.1.0
78b936172000-78b936179000 r--p 0000c000 08:01 25958496                   /home/toolchain/development/libc++_replacement/tmp/R11/extracted/33/33b6f1dac23b0c1c7caf44c105c4776e8ed29d228571c894a0da9f568d100b40/usr/lib64/hal/libhal-api-common.so.0.1.0
78b936179000-78b93617a000 r--p 00012000 08:01 25958496                   /home/toolchain/development/libc++_replacement/tmp/R11/extracted/33/33b6f1dac23b0c1c7caf44c105c4776e8ed29d228571c894a0da9f568d100b40/usr/lib64/hal/libhal-api-common.so.0.1.0
78b93617a000-78b93617c000 rw-p 00013000 08:01 25958496                   /home/toolchain/development/libc++_replacement/tmp/R11/extracted/33/33b6f1dac23b0c1c7caf44c105c4776e8ed29d228571c894a0da9f568d100b40/usr/lib64/hal/libhal-api-common.so.0.1.0
78b93617c000-78b93617f000 rw-p 00000000 00:00 0 
78b93617f000-78b936180000 r--p 00000000 08:01 23608463                   /home/toolchain/development/libc++_replacement/tmp/R11/extracted/bb/bb95acf2989fecd8ed536d259eb6ce43109882f58a219adcd440fd826537dda7/lib64/librt.so.1
78b936180000-78b936181000 r-xp 00001000 08:01 23608463                   /home/toolchain/development/libc++_replacement/tmp/R11/extracted/bb/bb95acf2989fecd8ed536d259eb6ce43109882f58a219adcd440fd826537dda7/lib64/librt.so.1
78b936181000-78b936182000 r--p 00002000 08:01 23608463                   /home/toolchain/development/libc++_replacement/tmp/R11/extracted/bb/bb95acf2989fecd8ed536d259eb6ce43109882f58a219adcd440fd826537dda7/lib64/librt.so.1
78b936182000-78b936183000 r--p 00002000 08:01 23608463                   /home/toolchain/development/libc++_replacement/tmp/R11/extracted/bb/bb95acf2989fecd8ed536d259eb6ce43109882f58a219adcd440fd826537dda7/lib64/librt.so.1
78b936183000-78b936184000 rw-p 00003000 08:01 23608463                   /home/toolchain/development/libc++_replacement/tmp/R11/extracted/bb/bb95acf2989fecd8ed536d259eb6ce43109882f58a219adcd440fd826537dda7/lib64/librt.so.1
78b936184000-78b936188000 r--p 00000000 08:01 26085865                   /home/toolchain/development/libc++_replacement/tmp/R11/extracted/35/35d1421251334850c1f3200ef1c41005cf50e082863dcbb3c891f46b95075fe8/usr/lib64/libjson-c.so.5.4.0
78b936188000-78b936190000 r-xp 00004000 08:01 26085865                   /home/toolchain/development/libc++_replacement/tmp/R11/extracted/35/35d1421251334850c1f3200ef1c41005cf50e082863dcbb3c891f46b95075fe8/usr/lib64/libjson-c.so.5.4.0
78b936190000-78b936194000 r--p 0000c000 08:01 26085865                   /home/toolchain/development/libc++_replacement/tmp/R11/extracted/35/35d1421251334850c1f3200ef1c41005cf50e082863dcbb3c891f46b95075fe8/usr/lib64/libjson-c.so.5.4.0
78b936194000-78b936195000 r--p 0000f000 08:01 26085865                   /home/toolchain/development/libc++_replacement/tmp/R11/extracted/35/35d1421251334850c1f3200ef1c41005cf50e082863dcbb3c891f46b95075fe8/usr/lib64/libjson-c.so.5.4.0
78b936195000-78b936196000 rw-p 00010000 08:01 26085865                   /home/toolchain/development/libc++_replacement/tmp/R11/extracted/35/35d1421251334850c1f3200ef1c41005cf50e082863dcbb3c891f46b95075fe8/usr/lib64/libjson-c.so.5.4.0
78b936196000-78b936198000 r--p 00000000 08:01 23612994                   /home/toolchain/development/libc++_replacement/tmp/R11/extracted/a5/a5dfb509f5f1865a7f188afd06ac61f6221bbd3260e49d16355deb9a93f9beba/usr/lib64/libiniparser.so.4.2.6
78b936198000-78b93619b000 r-xp 00002000 08:01 23612994                   /home/toolchain/development/libc++_replacement/tmp/R11/extracted/a5/a5dfb509f5f1865a7f188afd06ac61f6221bbd3260e49d16355deb9a93f9beba/usr/lib64/libiniparser.so.4.2.6
78b93619b000-78b93619c000 r--p 00005000 08:01 23612994                   /home/toolchain/development/libc++_replacement/tmp/R11/extracted/a5/a5dfb509f5f1865a7f188afd06ac61f6221bbd3260e49d16355deb9a93f9beba/usr/lib64/libiniparser.so.4.2.6
78b93619c000-78b93619d000 r--p 00005000 08:01 23612994                   /home/toolchain/development/libc++_replacement/tmp/R11/extracted/a5/a5dfb509f5f1865a7f188afd06ac61f6221bbd3260e49d16355deb9a93f9beba/usr/lib64/libiniparser.so.4.2.6
78b93619d000-78b93619e000 rw-p 00006000 08:01 23612994                   /home/toolchain/development/libc++_replacement/tmp/R11/extracted/a5/a5dfb509f5f1865a7f188afd06ac61f6221bbd3260e49d16355deb9a93f9beba/usr/lib64/libiniparser.so.4.2.6
78b93619e000-78b93619f000 r--p 00000000 08:01 26085451                   /home/toolchain/development/libc++_replacement/tmp/R11/extracted/8d/8de5de8f23a1a7a73c053f3042112220a7bc59c19153c8f43b2b49940495a259/usr/lib64/libgmodule-2.0.so.0.8000.5
78b93619f000-78b9361a1000 r-xp 00001000 08:01 26085451                   /home/toolchain/development/libc++_replacement/tmp/R11/extracted/8d/8de5de8f23a1a7a73c053f3042112220a7bc59c19153c8f43b2b49940495a259/usr/lib64/libgmodule-2.0.so.0.8000.5
78b9361a1000-78b9361a2000 r--p 00003000 08:01 26085451                   /home/toolchain/development/libc++_replacement/tmp/R11/extracted/8d/8de5de8f23a1a7a73c053f3042112220a7bc59c19153c8f43b2b49940495a259/usr/lib64/libgmodule-2.0.so.0.8000.5
78b9361a2000-78b9361a3000 r--p 00003000 08:01 26085451                   /home/toolchain/development/libc++_replacement/tmp/R11/extracted/8d/8de5de8f23a1a7a73c053f3042112220a7bc59c19153c8f43b2b49940495a259/usr/lib64/libgmodule-2.0.so.0.8000.5
78b9361a3000-78b9361a4000 rw-p 00004000 08:01 26085451                   /home/toolchain/development/libc++_replacement/tmp/R11/extracted/8d/8de5de8f23a1a7a73c053f3042112220a7bc59c19153c8f43b2b49940495a259/usr/lib64/libgmodule-2.0.so.0.8000.5
78b9361a4000-78b9361a7000 r--p 00000000 08:01 25869255                   /home/toolchain/development/libc++_replacement/tmp/R11/extracted/41/416d01db4ad75a8a452cfe82485dd4a95b731df556354dc1373b5c5653af4be8/usr/lib64/libethumb.so.1.25.1
78b9361a7000-78b9361ad000 r-xp 00003000 08:01 25869255                   /home/toolchain/development/libc++_replacement/tmp/R11/extracted/41/416d01db4ad75a8a452cfe82485dd4a95b731df556354dc1373b5c5653af4be8/usr/lib64/libethumb.so.1.25.1
78b9361ad000-78b9361b0000 r--p 00009000 08:01 25869255                   /home/toolchain/development/libc++_replacement/tmp/R11/extracted/41/416d01db4ad75a8a452cfe82485dd4a95b731df556354dc1373b5c5653af4be8/usr/lib64/libethumb.so.1.25.1
78b9361b0000-78b9361b1000 r--p 0000b000 08:01 25869255                   /home/toolchain/development/libc++_replacement/tmp/R11/extracted/41/416d01db4ad75a8a452cfe82485dd4a95b731df556354dc1373b5c5653af4be8/usr/lib64/libethumb.so.1.25.1
78b9361b1000-78b9361b2000 rw-p 0000c000 08:01 25869255                   /home/toolchain/development/libc++_replacement/tmp/R11/extracted/41/416d01db4ad75a8a452cfe82485dd4a95b731df556354dc1373b5c5653af4be8/usr/lib64/libethumb.so.1.25.1
78b9361b2000-78b9361b5000 r--p 00000000 08:01 25835168                   /home/toolchain/development/libc++_replacement/tmp/R11/extracted/d3/d3eaa599ac9efb515f4b73c56586ae7fc6d9568faf8fac749ce6ab9732b9de84/usr/lib64/libecore_ipc.so.1.25.1
78b9361b5000-78b9361ba000 r-xp 00003000 08:01 25835168                   /home/toolchain/development/libc++_replacement/tmp/R11/extracted/d3/d3eaa599ac9efb515f4b73c56586ae7fc6d9568faf8fac749ce6ab9732b9de84/usr/lib64/libecore_ipc.so.1.25.1
78b9361ba000-78b9361bc000 r--p 00008000 08:01 25835168                   /home/toolchain/development/libc++_replacement/tmp/R11/extracted/d3/d3eaa599ac9efb515f4b73c56586ae7fc6d9568faf8fac749ce6ab9732b9de84/usr/lib64/libecore_ipc.so.1.25.1
78b9361bc000-78b9361bd000 r--p 00009000 08:01 25835168                   /home/toolchain/development/libc++_replacement/tmp/R11/extracted/d3/d3eaa599ac9efb515f4b73c56586ae7fc6d9568faf8fac749ce6ab9732b9de84/usr/lib64/libecore_ipc.so.1.25.1
78b9361bd000-78b9361be000 rw-p 0000a000 08:01 25835168                   /home/toolchain/development/libc++_replacement/tmp/R11/extracted/d3/d3eaa599ac9efb515f4b73c56586ae7fc6d9568faf8fac749ce6ab9732b9de84/usr/lib64/libecore_ipc.so.1.25.1
78b9361be000-78b9361c8000 r--p 00000000 08:01 15518976                   /home/toolchain/development/libc++_replacement/tmp/R11/extracted/57/571e663a0840dab81649fc122b8c5169603af0a2ecf968ce11bc57e4240f6197/usr/lib64/libmount.so.1.1.0
78b9361c8000-78b9361f7000 r-xp 0000a000 08:01 15518976                   /home/toolchain/development/libc++_replacement/tmp/R11/extracted/57/571e663a0840dab81649fc122b8c5169603af0a2ecf968ce11bc57e4240f6197/usr/lib64/libmount.so.1.1.0
78b9361f7000-78b936205000 r--p 00039000 08:01 15518976                   /home/toolchain/development/libc++_replacement/tmp/R11/extracted/57/571e663a0840dab81649fc122b8c5169603af0a2ecf968ce11bc57e4240f6197/usr/lib64/libmount.so.1.1.0
78b936205000-78b936207000 r--p 00046000 08:01 15518976                   /home/toolchain/development/libc++_replacement/tmp/R11/extracted/57/571e663a0840dab81649fc122b8c5169603af0a2ecf968ce11bc57e4240f6197/usr/lib64/libmount.so.1.1.0
78b936207000-78b936208000 rw-p 00048000 08:01 15518976                   /home/toolchain/development/libc++_replacement/tmp/R11/extracted/57/571e663a0840dab81649fc122b8c5169603af0a2ecf968ce11bc57e4240f6197/usr/lib64/libmount.so.1.1.0
78b936208000-78b93620a000 rw-p 00000000 00:00 0 
78b93620a000-78b93620e000 r--p 00000000 08:01 23621582                   /home/toolchain/development/libc++_replacement/tmp/R11/extracted/a2/a2e41cda0fbf3cd42aec10ab4fbe8577bb34c4eed1b965ca1e4612a2a674a85c/usr/lib64/libturbojpeg.so.0.3.0
78b93620e000-78b9362d7000 r-xp 00004000 08:01 23621582                   /home/toolchain/development/libc++_replacement/tmp/R11/extracted/a2/a2e41cda0fbf3cd42aec10ab4fbe8577bb34c4eed1b965ca1e4612a2a674a85c/usr/lib64/libturbojpeg.so.0.3.0
78b9362d7000-78b936303000 r--p 000cd000 08:01 23621582                   /home/toolchain/development/libc++_replacement/tmp/R11/extracted/a2/a2e41cda0fbf3cd42aec10ab4fbe8577bb34c4eed1b965ca1e4612a2a674a85c/usr/lib64/libturbojpeg.so.0.3.0
78b936303000-78b936304000 r--p 000f9000 08:01 23621582                   /home/toolchain/development/libc++_replacement/tmp/R11/extracted/a2/a2e41cda0fbf3cd42aec10ab4fbe8577bb34c4eed1b965ca1e4612a2a674a85c/usr/lib64/libturbojpeg.so.0.3.0
78b936304000-78b936305000 rw-p 000fa000 08:01 23621582                   /home/toolchain/development/libc++_replacement/tmp/R11/extracted/a2/a2e41cda0fbf3cd42aec10ab4fbe8577bb34c4eed1b965ca1e4612a2a674a85c/usr/lib64/libturbojpeg.so.0.3.0
78b936305000-78b936327000 r--p 00000000 08:01 23622763                   /home/toolchain/development/libc++_replacement/tmp/R11/extracted/25/2512efa180fad6bcd4f6a7e8619366d56808c4e1e6632c25bc57349b6a5bf215/usr/lib64/libssl.so.3
78b936327000-78b9363aa000 r-xp 00022000 08:01 23622763                   /home/toolchain/development/libc++_replacement/tmp/R11/extracted/25/2512efa180fad6bcd4f6a7e8619366d56808c4e1e6632c25bc57349b6a5bf215/usr/lib64/libssl.so.3
78b9363aa000-78b9363d3000 r--p 000a5000 08:01 23622763                   /home/toolchain/development/libc++_replacement/tmp/R11/extracted/25/2512efa180fad6bcd4f6a7e8619366d56808c4e1e6632c25bc57349b6a5bf215/usr/lib64/libssl.so.3
78b9363d3000-78b9363dc000 r--p 000ce000 08:01 23622763                   /home/toolchain/development/libc++_replacement/tmp/R11/extracted/25/2512efa180fad6bcd4f6a7e8619366d56808c4e1e6632c25bc57349b6a5bf215/usr/lib64/libssl.so.3
78b9363dc000-78b9363e2000 rw-p 000d7000 08:01 23622763                   /home/toolchain/development/libc++_replacement/tmp/R11/extracted/25/2512efa180fad6bcd4f6a7e8619366d56808c4e1e6632c25bc57349b6a5bf215/usr/lib64/libssl.so.3
78b9363e2000-78b9363e9000 r--p 00000000 08:01 26091142                   /home/toolchain/development/libc++_replacement/tmp/R11/extracted/bb/bbe1496d756b23b9943378f63a1c4a0a262cf4c8acaa04528d2265ad2363e5ff/usr/lib64/libmanifest-parser-utils.so.1.9.0
78b9363e9000-78b9363fb000 r-xp 00007000 08:01 26091142                   /home/toolchain/development/libc++_replacement/tmp/R11/extracted/bb/bbe1496d756b23b9943378f63a1c4a0a262cf4c8acaa04528d2265ad2363e5ff/usr/lib64/libmanifest-parser-utils.so.1.9.0
78b9363fb000-78b9363fe000 r--p 00019000 08:01 26091142                   /home/toolchain/development/libc++_replacement/tmp/R11/extracted/bb/bbe1496d756b23b9943378f63a1c4a0a262cf4c8acaa04528d2265ad2363e5ff/usr/lib64/libmanifest-parser-utils.so.1.9.0
78b9363fe000-78b9363ff000 r--p 0001b000 08:01 26091142                   /home/toolchain/development/libc++_replacement/tmp/R11/extracted/bb/bbe1496d756b23b9943378f63a1c4a0a262cf4c8acaa04528d2265ad2363e5ff/usr/lib64/libmanifest-parser-utils.so.1.9.0
78b9363ff000-78b936400000 rw-p 0001c000 08:01 26091142                   /home/toolchain/development/libc++_replacement/tmp/R11/extracted/bb/bbe1496d756b23b9943378f63a1c4a0a262cf4c8acaa04528d2265ad2363e5ff/usr/lib64/libmanifest-parser-utils.so.1.9.0
78b936400000-78b9364df000 r--p 00000000 08:01 23622520                   /home/toolchain/development/libc++_replacement/tmp/R11/extracted/25/2512efa180fad6bcd4f6a7e8619366d56808c4e1e6632c25bc57349b6a5bf215/usr/lib64/libcrypto.so.3
78b9364df000-78b9367ad000 r-xp 000df000 08:01 23622520                   /home/toolchain/development/libc++_replacement/tmp/R11/extracted/25/2512efa180fad6bcd4f6a7e8619366d56808c4e1e6632c25bc57349b6a5bf215/usr/lib64/libcrypto.so.3
78b9367ad000-78b9368b7000 r--p 003ad000 08:01 23622520                   /home/toolchain/development/libc++_replacement/tmp/R11/extracted/25/2512efa180fad6bcd4f6a7e8619366d56808c4e1e6632c25bc57349b6a5bf215/usr/lib64/libcrypto.so.3
78b9368b7000-78b93692a000 r--p 004b7000 08:01 23622520                   /home/toolchain/development/libc++_replacement/tmp/R11/extracted/25/2512efa180fad6bcd4f6a7e8619366d56808c4e1e6632c25bc57349b6a5bf215/usr/lib64/libcrypto.so.3
78b93692a000-78b93692d000 rw-p 0052a000 08:01 23622520                   /home/toolchain/development/libc++_replacement/tmp/R11/extracted/25/2512efa180fad6bcd4f6a7e8619366d56808c4e1e6632c25bc57349b6a5bf215/usr/lib64/libcrypto.so.3
78b93692d000-78b936930000 rw-p 00000000 00:00 0 
78b936933000-78b936934000 r--p 00000000 08:01 26083979                   /home/toolchain/development/libc++_replacement/tmp/R11/extracted/a2/a2b87e3abccd4ac15a7adea04222a41d57d0255cc0d2d05b678a0ec91ed4a1b8/usr/lib64/libcynara-session.so.0.26.0
78b936934000-78b936935000 r-xp 00001000 08:01 26083979                   /home/toolchain/development/libc++_replacement/tmp/R11/extracted/a2/a2b87e3abccd4ac15a7adea04222a41d57d0255cc0d2d05b678a0ec91ed4a1b8/usr/lib64/libcynara-session.so.0.26.0
78b936935000-78b936936000 r--p 00002000 08:01 26083979                   /home/toolchain/development/libc++_replacement/tmp/R11/extracted/a2/a2b87e3abccd4ac15a7adea04222a41d57d0255cc0d2d05b678a0ec91ed4a1b8/usr/lib64/libcynara-session.so.0.26.0
78b936936000-78b936937000 r--p 00002000 08:01 26083979                   /home/toolchain/development/libc++_replacement/tmp/R11/extracted/a2/a2b87e3abccd4ac15a7adea04222a41d57d0255cc0d2d05b678a0ec91ed4a1b8/usr/lib64/libcynara-session.so.0.26.0
78b936937000-78b936938000 rw-p 00003000 08:01 26083979                   /home/toolchain/development/libc++_replacement/tmp/R11/extracted/a2/a2b87e3abccd4ac15a7adea04222a41d57d0255cc0d2d05b678a0ec91ed4a1b8/usr/lib64/libcynara-session.so.0.26.0
78b936938000-78b936945000 r--p 00000000 08:01 26087397                   /home/toolchain/development/libc++_replacement/tmp/R11/extracted/38/384bad753156856cc83104d0f5507ec9394ce08916f522e762bbc110ebef1191/usr/lib64/libscl-core-pure.so
78b936945000-78b936951000 r-xp 0000d000 08:01 26087397                   /home/toolchain/development/libc++_replacement/tmp/R11/extracted/38/384bad753156856cc83104d0f5507ec9394ce08916f522e762bbc110ebef1191/usr/lib64/libscl-core-pure.so
78b936951000-78b936957000 r--p 00019000 08:01 26087397                   /home/toolchain/development/libc++_replacement/tmp/R11/extracted/38/384bad753156856cc83104d0f5507ec9394ce08916f522e762bbc110ebef1191/usr/lib64/libscl-core-pure.so
78b936957000-78b936958000 r--p 0001f000 08:01 26087397                   /home/toolchain/development/libc++_replacement/tmp/R11/extracted/38/384bad753156856cc83104d0f5507ec9394ce08916f522e762bbc110ebef1191/usr/lib64/libscl-core-pure.so
78b936958000-78b936959000 rw-p 00020000 08:01 26087397                   /home/toolchain/development/libc++_replacement/tmp/R11/extracted/38/384bad753156856cc83104d0f5507ec9394ce08916f522e762bbc110ebef1191/usr/lib64/libscl-core-pure.so
78b936959000-78b93695e000 r--p 00000000 08:01 24301928                   /home/toolchain/development/libc++_replacement/tmp/R11/extracted/65/659fc8bfc2e94f4a2e33025652fed2d7bda7de13295dfc30f18f1e2c4e019181/usr/lib64/libscreen_connector_provider.so.1.9.12
78b93695e000-78b936960000 r-xp 00005000 08:01 24301928                   /home/toolchain/development/libc++_replacement/tmp/R11/extracted/65/659fc8bfc2e94f4a2e33025652fed2d7bda7de13295dfc30f18f1e2c4e019181/usr/lib64/libscreen_connector_provider.so.1.9.12
78b936960000-78b936962000 r--p 00007000 08:01 24301928                   /home/toolchain/development/libc++_replacement/tmp/R11/extracted/65/659fc8bfc2e94f4a2e33025652fed2d7bda7de13295dfc30f18f1e2c4e019181/usr/lib64/libscreen_connector_provider.so.1.9.12
78b936962000-78b936963000 r--p 00008000 08:01 24301928                   /home/toolchain/development/libc++_replacement/tmp/R11/extracted/65/659fc8bfc2e94f4a2e33025652fed2d7bda7de13295dfc30f18f1e2c4e019181/usr/lib64/libscreen_connector_provider.so.1.9.12
78b936963000-78b936964000 rw-p 00009000 08:01 24301928                   /home/toolchain/development/libc++_replacement/tmp/R11/extracted/65/659fc8bfc2e94f4a2e33025652fed2d7bda7de13295dfc30f18f1e2c4e019181/usr/lib64/libscreen_connector_provider.so.1.9.12
78b936964000-78b936967000 r--p 00000000 08:01 25714657                   /home/toolchain/development/libc++_replacement/tmp/R11/extracted/4f/4f31327e0bc6529c97098c661afc209a6fe7e421dd0e3955b0e8e74332a2c8d8/usr/lib64/libappcore-watch-base.so.1.7.25
78b936967000-78b93696b000 r-xp 00003000 08:01 25714657                   /home/toolchain/development/libc++_replacement/tmp/R11/extracted/4f/4f31327e0bc6529c97098c661afc209a6fe7e421dd0e3955b0e8e74332a2c8d8/usr/lib64/libappcore-watch-base.so.1.7.25
78b93696b000-78b93696d000 r--p 00007000 08:01 25714657                   /home/toolchain/development/libc++_replacement/tmp/R11/extracted/4f/4f31327e0bc6529c97098c661afc209a6fe7e421dd0e3955b0e8e74332a2c8d8/usr/lib64/libappcore-watch-base.so.1.7.25
78b93696d000-78b93696e000 r--p 00009000 08:01 25714657                   /home/toolchain/development/libc++_replacement/tmp/R11/extracted/4f/4f31327e0bc6529c97098c661afc209a6fe7e421dd0e3955b0e8e74332a2c8d8/usr/lib64/libappcore-watch-base.so.1.7.25
78b93696e000-78b93696f000 rw-p 0000a000 08:01 25714657                   /home/toolchain/development/libc++_replacement/tmp/R11/extracted/4f/4f31327e0bc6529c97098c661afc209a6fe7e421dd0e3955b0e8e74332a2c8d8/usr/lib64/libappcore-watch-base.so.1.7.25
78b93696f000-78b936981000 r--p 00000000 08:01 26085998                   /home/toolchain/development/libc++_replacement/tmp/R11/extracted/e2/e29572431ca7874a71930c026640e708ab48fbc4a8263013f3fa36f4b495e221/usr/lib64/libkey-manager-client.so.1.0.1
78b936981000-78b9369c5000 r-xp 00012000 08:01 26085998                   /home/toolchain/development/libc++_replacement/tmp/R11/extracted/e2/e29572431ca7874a71930c026640e708ab48fbc4a8263013f3fa36f4b495e221/usr/lib64/libkey-manager-client.so.1.0.1
78b9369c5000-78b9369d9000 r--p 00056000 08:01 26085998                   /home/toolchain/development/libc++_replacement/tmp/R11/extracted/e2/e29572431ca7874a71930c026640e708ab48fbc4a8263013f3fa36f4b495e221/usr/lib64/libkey-manager-client.so.1.0.1
78b9369d9000-78b9369db000 r--p 00069000 08:01 26085998                   /home/toolchain/development/libc++_replacement/tmp/R11/extracted/e2/e29572431ca7874a71930c026640e708ab48fbc4a8263013f3fa36f4b495e221/usr/lib64/libkey-manager-client.so.1.0.1
78b9369db000-78b9369dc000 rw-p 0006b000 08:01 26085998                   /home/toolchain/development/libc++_replacement/tmp/R11/extracted/e2/e29572431ca7874a71930c026640e708ab48fbc4a8263013f3fa36f4b495e221/usr/lib64/libkey-manager-client.so.1.0.1
78b9369dc000-78b9369e2000 r--p 00000000 08:01 26003866                   /home/toolchain/development/libc++_replacement/tmp/R11/extracted/5a/5a97d8dca1bb0c2cdad122b990baa23342fc9c207efac0dc81df57a1feaa4c12/usr/lib64/liblaunchpad-common.so.0.50.17
78b9369e2000-78b9369e8000 r-xp 00006000 08:01 26003866                   /home/toolchain/development/libc++_replacement/tmp/R11/extracted/5a/5a97d8dca1bb0c2cdad122b990baa23342fc9c207efac0dc81df57a1feaa4c12/usr/lib64/liblaunchpad-common.so.0.50.17
78b9369e8000-78b9369eb000 r--p 0000c000 08:01 26003866                   /home/toolchain/development/libc++_replacement/tmp/R11/extracted/5a/5a97d8dca1bb0c2cdad122b990baa23342fc9c207efac0dc81df57a1feaa4c12/usr/lib64/liblaunchpad-common.so.0.50.17
78b9369eb000-78b9369ec000 r--p 0000e000 08:01 26003866                   /home/toolchain/development/libc++_replacement/tmp/R11/extracted/5a/5a97d8dca1bb0c2cdad122b990baa23342fc9c207efac0dc81df57a1feaa4c12/usr/lib64/liblaunchpad-common.so.0.50.17
78b9369ec000-78b9369ed000 rw-p 0000f000 08:01 26003866                   /home/toolchain/development/libc++_replacement/tmp/R11/extracted/5a/5a97d8dca1bb0c2cdad122b990baa23342fc9c207efac0dc81df57a1feaa4c12/usr/lib64/liblaunchpad-common.so.0.50.17
78b9369ed000-78b936a0b000 r--p 00000000 08:01 26003868                   /home/toolchain/development/libc++_replacement/tmp/R11/extracted/5a/5a97d8dca1bb0c2cdad122b990baa23342fc9c207efac0dc81df57a1feaa4c12/usr/lib64/liblaunchpad-core.so.0.50.17
78b936a0b000-78b936a2e000 r-xp 0001e000 08:01 26003868                   /home/toolchain/development/libc++_replacement/tmp/R11/extracted/5a/5a97d8dca1bb0c2cdad122b990baa23342fc9c207efac0dc81df57a1feaa4c12/usr/lib64/liblaunchpad-core.so.0.50.17
78b936a2e000-78b936a3c000 r--p 00041000 08:01 26003868                   /home/toolchain/development/libc++_replacement/tmp/R11/extracted/5a/5a97d8dca1bb0c2cdad122b990baa23342fc9c207efac0dc81df57a1feaa4c12/usr/lib64/liblaunchpad-core.so.0.50.17
78b936a3c000-78b936a3d000 r--p 0004f000 08:01 26003868                   /home/toolchain/development/libc++_replacement/tmp/R11/extracted/5a/5a97d8dca1bb0c2cdad122b990baa23342fc9c207efac0dc81df57a1feaa4c12/usr/lib64/liblaunchpad-core.so.0.50.17
78b936a3d000-78b936a3f000 rw-p 00050000 08:01 26003868                   /home/toolchain/development/libc++_replacement/tmp/R11/extracted/5a/5a97d8dca1bb0c2cdad122b990baa23342fc9c207efac0dc81df57a1feaa4c12/usr/lib64/liblaunchpad-core.so.0.50.17
78b936a3f000-78b936a43000 r--p 00000000 08:01 26227755                   /home/toolchain/development/libc++_replacement/tmp/R11/extracted/48/48779668c7452fc44f8d8610b04f29a911bcba3f2954610b88ff8d9be7452910/usr/lib64/libtanchor-runtime.so.2.1.2
78b936a43000-78b936a4e000 r-xp 00004000 08:01 26227755                   /home/toolchain/development/libc++_replacement/tmp/R11/extracted/48/48779668c7452fc44f8d8610b04f29a911bcba3f2954610b88ff8d9be7452910/usr/lib64/libtanchor-runtime.so.2.1.2
78b936a4e000-78b936a51000 r--p 0000f000 08:01 26227755                   /home/toolchain/development/libc++_replacement/tmp/R11/extracted/48/48779668c7452fc44f8d8610b04f29a911bcba3f2954610b88ff8d9be7452910/usr/lib64/libtanchor-runtime.so.2.1.2
78b936a51000-78b936a52000 rw-p 00011000 08:01 26227755                   /home/toolchain/development/libc++_replacement/tmp/R11/extracted/48/48779668c7452fc44f8d8610b04f29a911bcba3f2954610b88ff8d9be7452910/usr/lib64/libtanchor-runtime.so.2.1.2
78b936a52000-78b936a55000 r--p 00000000 08:01 26083852                   /home/toolchain/development/libc++_replacement/tmp/R11/extracted/ae/ae6d59bf045464a126e47576a411ecb597b3902b4ae35fd327d0d75604a8f6b9/usr/lib64/libcynara-creds-commons.so.0.26.0
78b936a55000-78b936a59000 r-xp 00003000 08:01 26083852                   /home/toolchain/development/libc++_replacement/tmp/R11/extracted/ae/ae6d59bf045464a126e47576a411ecb597b3902b4ae35fd327d0d75604a8f6b9/usr/lib64/libcynara-creds-commons.so.0.26.0
78b936a59000-78b936a5a000 r--p 00007000 08:01 26083852                   /home/toolchain/development/libc++_replacement/tmp/R11/extracted/ae/ae6d59bf045464a126e47576a411ecb597b3902b4ae35fd327d0d75604a8f6b9/usr/lib64/libcynara-creds-commons.so.0.26.0
78b936a5a000-78b936a5b000 r--p 00008000 08:01 26083852                   /home/toolchain/development/libc++_replacement/tmp/R11/extracted/ae/ae6d59bf045464a126e47576a411ecb597b3902b4ae35fd327d0d75604a8f6b9/usr/lib64/libcynara-creds-commons.so.0.26.0
78b936a5b000-78b936a5c000 rw-p 00009000 08:01 26083852                   /home/toolchain/development/libc++_replacement/tmp/R11/extracted/ae/ae6d59bf045464a126e47576a411ecb597b3902b4ae35fd327d0d75604a8f6b9/usr/lib64/libcynara-creds-commons.so.0.26.0
78b936a5c000-78b936a5e000 r--p 00000000 08:01 26084007                   /home/toolchain/development/libc++_replacement/tmp/R11/extracted/10/102f6e6390f451cd238ea1f34257f312aca6774a938014000bb4e7c1a1cf843c/usr/lib64/libcynara-uid-creds.so..26.0
78b936a5e000-78b936a60000 r-xp 00002000 08:01 26084007                   /home/toolchain/development/libc++_replacement/tmp/R11/extracted/10/102f6e6390f451cd238ea1f34257f312aca6774a938014000bb4e7c1a1cf843c/usr/lib64/libcynara-uid-creds.so..26.0
78b936a60000-78b936a61000 r--p 00004000 08:01 26084007                   /home/toolchain/development/libc++_replacement/tmp/R11/extracted/10/102f6e6390f451cd238ea1f34257f312aca6774a938014000bb4e7c1a1cf843c/usr/lib64/libcynara-uid-creds.so..26.0
78b936a61000-78b936a62000 r--p 00004000 08:01 26084007                   /home/toolchain/development/libc++_replacement/tmp/R11/extracted/10/102f6e6390f451cd238ea1f34257f312aca6774a938014000bb4e7c1a1cf843c/usr/lib64/libcynara-uid-creds.so..26.0
78b936a62000-78b936a63000 rw-p 00005000 08:01 26084007                   /home/toolchain/development/libc++_replacement/tmp/R11/extracted/10/102f6e6390f451cd238ea1f34257f312aca6774a938014000bb4e7c1a1cf843c/usr/lib64/libcynara-uid-creds.so..26.0
78b936a63000-78b936a8b000 r--p 00000000 08:01 26083862                   /home/toolchain/development/libc++_replacement/tmp/R11/extracted/c8/c8bacdec0892151fce20caf11add70ce706e389477e74203beec2f6b651c52b8/usr/lib64/libcynara-commons.so.0.26.0
78b936a8b000-78b936abf000 r-xp 00028000 08:01 26083862                   /home/toolchain/development/libc++_replacement/tmp/R11/extracted/c8/c8bacdec0892151fce20caf11add70ce706e389477e74203beec2f6b651c52b8/usr/lib64/libcynara-commons.so.0.26.0
78b936abf000-78b936acf000 r--p 0005c000 08:01 26083862                   /home/toolchain/development/libc++_replacement/tmp/R11/extracted/c8/c8bacdec0892151fce20caf11add70ce706e389477e74203beec2f6b651c52b8/usr/lib64/libcynara-commons.so.0.26.0
78b936acf000-78b936ad3000 r--p 0006b000 08:01 26083862                   /home/toolchain/development/libc++_replacement/tmp/R11/extracted/c8/c8bacdec0892151fce20caf11add70ce706e389477e74203beec2f6b651c52b8/usr/lib64/libcynara-commons.so.0.26.0
78b936ad3000-78b936ad4000 rw-p 0006f000 08:01 26083862                   /home/toolchain/development/libc++_replacement/tmp/R11/extracted/c8/c8bacdec0892151fce20caf11add70ce706e389477e74203beec2f6b651c52b8/usr/lib64/libcynara-commons.so.0.26.0
78b936ad4000-78b936ad8000 r--p 00000000 08:01 26083837                   /home/toolchain/development/libc++_replacement/tmp/R11/extracted/95/95baaefb26a50408eb4d7f5426aa17e1af2d62788151eb7b2113e095e0adcc37/usr/lib64/libcynara-client-commons.so.0.26.0
78b936ad8000-78b936add000 r-xp 00004000 08:01 26083837                   /home/toolchain/development/libc++_replacement/tmp/R11/extracted/95/95baaefb26a50408eb4d7f5426aa17e1af2d62788151eb7b2113e095e0adcc37/usr/lib64/libcynara-client-commons.so.0.26.0
78b936add000-78b936ade000 r--p 00009000 08:01 26083837                   /home/toolchain/development/libc++_replacement/tmp/R11/extracted/95/95baaefb26a50408eb4d7f5426aa17e1af2d62788151eb7b2113e095e0adcc37/usr/lib64/libcynara-client-commons.so.0.26.0
78b936ade000-78b936adf000 r--p 0000a000 08:01 26083837                   /home/toolchain/development/libc++_replacement/tmp/R11/extracted/95/95baaefb26a50408eb4d7f5426aa17e1af2d62788151eb7b2113e095e0adcc37/usr/lib64/libcynara-client-commons.so.0.26.0
78b936adf000-78b936ae0000 rw-p 0000b000 08:01 26083837                   /home/toolchain/development/libc++_replacement/tmp/R11/extracted/95/95baaefb26a50408eb4d7f5426aa17e1af2d62788151eb7b2113e095e0adcc37/usr/lib64/libcynara-client-commons.so.0.26.0
78b936ae0000-78b936ae9000 r--p 00000000 08:01 26085907                   /home/toolchain/development/libc++_replacement/tmp/R11/extracted/d0/d0de50bf206b3d54c4d73143135d61d6a880493204c7703569193ef661265689/usr/lib64/libjson-glib-1.0.so.0.800.0
78b936ae9000-78b936afd000 r-xp 00009000 08:01 26085907                   /home/toolchain/development/libc++_replacement/tmp/R11/extracted/d0/d0de50bf206b3d54c4d73143135d61d6a880493204c7703569193ef661265689/usr/lib64/libjson-glib-1.0.so.0.800.0
78b936afd000-78b936b06000 r--p 0001d000 08:01 26085907                   /home/toolchain/development/libc++_replacement/tmp/R11/extracted/d0/d0de50bf206b3d54c4d73143135d61d6a880493204c7703569193ef661265689/usr/lib64/libjson-glib-1.0.so.0.800.0
78b936b06000-78b936b07000 r--p 00026000 08:01 26085907                   /home/toolchain/development/libc++_replacement/tmp/R11/extracted/d0/d0de50bf206b3d54c4d73143135d61d6a880493204c7703569193ef661265689/usr/lib64/libjson-glib-1.0.so.0.800.0
78b936b07000-78b936b08000 rw-p 00027000 08:01 26085907                   /home/toolchain/development/libc++_replacement/tmp/R11/extracted/d0/d0de50bf206b3d54c4d73143135d61d6a880493204c7703569193ef661265689/usr/lib64/libjson-glib-1.0.so.0.800.0
78b936b08000-78b936b09000 r--p 00000000 08:01 25716645                   /home/toolchain/development/libc++_replacement/tmp/R11/extracted/69/69a66bf21fe7e6ba583831be02eab8b25eb5b9e842da34e562195d8b1fe607ca/usr/lib64/libaul-blink.so.0.84.11
78b936b09000-78b936b0a000 r-xp 00001000 08:01 25716645                   /home/toolchain/development/libc++_replacement/tmp/R11/extracted/69/69a66bf21fe7e6ba583831be02eab8b25eb5b9e842da34e562195d8b1fe607ca/usr/lib64/libaul-blink.so.0.84.11
78b936b0a000-78b936b0b000 r--p 00002000 08:01 25716645                   /home/toolchain/development/libc++_replacement/tmp/R11/extracted/69/69a66bf21fe7e6ba583831be02eab8b25eb5b9e842da34e562195d8b1fe607ca/usr/lib64/libaul-blink.so.0.84.11
78b936b0b000-78b936b0c000 r--p 00002000 08:01 25716645                   /home/toolchain/development/libc++_replacement/tmp/R11/extracted/69/69a66bf21fe7e6ba583831be02eab8b25eb5b9e842da34e562195d8b1fe607ca/usr/lib64/libaul-blink.so.0.84.11
78b936b0c000-78b936b0d000 rw-p 00003000 08:01 25716645                   /home/toolchain/development/libc++_replacement/tmp/R11/extracted/69/69a66bf21fe7e6ba583831be02eab8b25eb5b9e842da34e562195d8b1fe607ca/usr/lib64/libaul-blink.so.0.84.11
78b936b0d000-78b936b0f000 r--p 00000000 08:01 23624162                   /home/toolchain/development/libc++_replacement/tmp/R11/extracted/1e/1ef38dd1b74597d1e4a56b8f9c786954bd0dcdebd9261f07845c7225b8027830/usr/lib64/libunwind-x86_64.so.8.0.1
78b936b0f000-78b936b1a000 r-xp 00002000 08:01 23624162                   /home/toolchain/development/libc++_replacement/tmp/R11/extracted/1e/1ef38dd1b74597d1e4a56b8f9c786954bd0dcdebd9261f07845c7225b8027830/usr/lib64/libunwind-x86_64.so.8.0.1
78b936b1a000-78b936b1c000 r--p 0000d000 08:01 23624162                   /home/toolchain/development/libc++_replacement/tmp/R11/extracted/1e/1ef38dd1b74597d1e4a56b8f9c786954bd0dcdebd9261f07845c7225b8027830/usr/lib64/libunwind-x86_64.so.8.0.1
78b936b1c000-78b936b1d000 r--p 0000e000 08:01 23624162                   /home/toolchain/development/libc++_replacement/tmp/R11/extracted/1e/1ef38dd1b74597d1e4a56b8f9c786954bd0dcdebd9261f07845c7225b8027830/usr/lib64/libunwind-x86_64.so.8.0.1
78b936b1d000-78b936b1e000 rw-p 0000f000 08:01 23624162                   /home/toolchain/development/libc++_replacement/tmp/R11/extracted/1e/1ef38dd1b74597d1e4a56b8f9c786954bd0dcdebd9261f07845c7225b8027830/usr/lib64/libunwind-x86_64.so.8.0.1
78b936b1e000-78b936b28000 rw-p 00000000 00:00 0 
78b936b28000-78b936b29000 r--p 00000000 08:01 23624158                   /home/toolchain/development/libc++_replacement/tmp/R11/extracted/1e/1ef38dd1b74597d1e4a56b8f9c786954bd0dcdebd9261f07845c7225b8027830/usr/lib64/libunwind-ptrace.so.0.0.0
78b936b29000-78b936b2a000 r-xp 00001000 08:01 23624158                   /home/toolchain/development/libc++_replacement/tmp/R11/extracted/1e/1ef38dd1b74597d1e4a56b8f9c786954bd0dcdebd9261f07845c7225b8027830/usr/lib64/libunwind-ptrace.so.0.0.0
78b936b2a000-78b936b2b000 r--p 00002000 08:01 23624158                   /home/toolchain/development/libc++_replacement/tmp/R11/extracted/1e/1ef38dd1b74597d1e4a56b8f9c786954bd0dcdebd9261f07845c7225b8027830/usr/lib64/libunwind-ptrace.so.0.0.0
78b936b2b000-78b936b2c000 r--p 00002000 08:01 23624158                   /home/toolchain/development/libc++_replacement/tmp/R11/extracted/1e/1ef38dd1b74597d1e4a56b8f9c786954bd0dcdebd9261f07845c7225b8027830/usr/lib64/libunwind-ptrace.so.0.0.0
78b936b2c000-78b936b2d000 rw-p 00003000 08:01 23624158                   /home/toolchain/development/libc++_replacement/tmp/R11/extracted/1e/1ef38dd1b74597d1e4a56b8f9c786954bd0dcdebd9261f07845c7225b8027830/usr/lib64/libunwind-ptrace.so.0.0.0
78b936b2d000-78b936b31000 r--p 00000000 08:01 15387897                   /home/toolchain/development/libc++_replacement/tmp/R11/extracted/2a/2a95dadaf5b23b0bc3e5c8608eaefd85ceb73d4c5dadb1a3abce13f4579e949e/usr/lib64/libexpat.so.1.11.1
78b936b31000-78b936b49000 r-xp 00004000 08:01 15387897                   /home/toolchain/development/libc++_replacement/tmp/R11/extracted/2a/2a95dadaf5b23b0bc3e5c8608eaefd85ceb73d4c5dadb1a3abce13f4579e949e/usr/lib64/libexpat.so.1.11.1
78b936b49000-78b936b51000 r--p 0001c000 08:01 15387897                   /home/toolchain/development/libc++_replacement/tmp/R11/extracted/2a/2a95dadaf5b23b0bc3e5c8608eaefd85ceb73d4c5dadb1a3abce13f4579e949e/usr/lib64/libexpat.so.1.11.1
78b936b51000-78b936b53000 r--p 00023000 08:01 15387897                   /home/toolchain/development/libc++_replacement/tmp/R11/extracted/2a/2a95dadaf5b23b0bc3e5c8608eaefd85ceb73d4c5dadb1a3abce13f4579e949e/usr/lib64/libexpat.so.1.11.1
78b936b53000-78b936b54000 rw-p 00025000 08:01 15387897                   /home/toolchain/development/libc++_replacement/tmp/R11/extracted/2a/2a95dadaf5b23b0bc3e5c8608eaefd85ceb73d4c5dadb1a3abce13f4579e949e/usr/lib64/libexpat.so.1.11.1
78b936b54000-78b936b83000 r--p 00000000 08:01 25958106                   /home/toolchain/development/libc++_replacement/tmp/R11/extracted/0a/0ab9bebb936bab8dbefae5ffb0c413112d2b5d6ab922de257b6f5fe29a769b0a/usr/lib64/libgstreamer-1.0.so.0.2411.0
78b936b83000-78b936c2f000 r-xp 0002f000 08:01 25958106                   /home/toolchain/development/libc++_replacement/tmp/R11/extracted/0a/0ab9bebb936bab8dbefae5ffb0c413112d2b5d6ab922de257b6f5fe29a769b0a/usr/lib64/libgstreamer-1.0.so.0.2411.0
78b936c2f000-78b936c7b000 r--p 000db000 08:01 25958106                   /home/toolchain/development/libc++_replacement/tmp/R11/extracted/0a/0ab9bebb936bab8dbefae5ffb0c413112d2b5d6ab922de257b6f5fe29a769b0a/usr/lib64/libgstreamer-1.0.so.0.2411.0
78b936c7b000-78b936c80000 r--p 00127000 08:01 25958106                   /home/toolchain/development/libc++_replacement/tmp/R11/extracted/0a/0ab9bebb936bab8dbefae5ffb0c413112d2b5d6ab922de257b6f5fe29a769b0a/usr/lib64/libgstreamer-1.0.so.0.2411.0
78b936c80000-78b936c83000 rw-p 0012c000 08:01 25958106                   /home/toolchain/development/libc++_replacement/tmp/R11/extracted/0a/0ab9bebb936bab8dbefae5ffb0c413112d2b5d6ab922de257b6f5fe29a769b0a/usr/lib64/libgstreamer-1.0.so.0.2411.0
78b936c83000-78b936c84000 rw-p 00000000 00:00 0 
78b936c84000-78b936c90000 r--p 00000000 08:01 16961826                   /home/toolchain/development/libc++_replacement/tmp/R11/extracted/4e/4ea9cb9ada8f65fed491ea1ea3c1dff68fb2d17ab664232b15c0d7649dbb618e/usr/lib64/libpulse.so.0.24.0
78b936c90000-78b936cbb000 r-xp 0000c000 08:01 16961826                   /home/toolchain/development/libc++_replacement/tmp/R11/extracted/4e/4ea9cb9ada8f65fed491ea1ea3c1dff68fb2d17ab664232b15c0d7649dbb618e/usr/lib64/libpulse.so.0.24.0
78b936cbb000-78b936ccf000 r--p 00037000 08:01 16961826                   /home/toolchain/development/libc++_replacement/tmp/R11/extracted/4e/4ea9cb9ada8f65fed491ea1ea3c1dff68fb2d17ab664232b15c0d7649dbb618e/usr/lib64/libpulse.so.0.24.0
78b936ccf000-78b936cd0000 r--p 0004b000 08:01 16961826                   /home/toolchain/development/libc++_replacement/tmp/R11/extracted/4e/4ea9cb9ada8f65fed491ea1ea3c1dff68fb2d17ab664232b15c0d7649dbb618e/usr/lib64/libpulse.so.0.24.0
78b936cd0000-78b936cd1000 rw-p 0004c000 08:01 16961826                   /home/toolchain/development/libc++_replacement/tmp/R11/extracted/4e/4ea9cb9ada8f65fed491ea1ea3c1dff68fb2d17ab664232b15c0d7649dbb618e/usr/lib64/libpulse.so.0.24.0
78b936cd1000-78b936d19000 r--p 00000000 08:01 26216520                   /home/toolchain/development/libc++_replacement/tmp/R11/extracted/45/4598648c087d443fbabb84832e2ea61178ff5005883236d4e18be71e3909e9fd/usr/lib64/libsecurity-manager-commons.so.1.0.2
78b936d19000-78b936dd0000 r-xp 00048000 08:01 26216520                   /home/toolchain/development/libc++_replacement/tmp/R11/extracted/45/4598648c087d443fbabb84832e2ea61178ff5005883236d4e18be71e3909e9fd/usr/lib64/libsecurity-manager-commons.so.1.0.2
78b936dd0000-78b936df9000 r--p 000ff000 08:01 26216520                   /home/toolchain/development/libc++_replacement/tmp/R11/extracted/45/4598648c087d443fbabb84832e2ea61178ff5005883236d4e18be71e3909e9fd/usr/lib64/libsecurity-manager-commons.so.1.0.2
78b936df9000-78b936dfd000 r--p 00127000 08:01 26216520                   /home/toolchain/development/libc++_replacement/tmp/R11/extracted/45/4598648c087d443fbabb84832e2ea61178ff5005883236d4e18be71e3909e9fd/usr/lib64/libsecurity-manager-commons.so.1.0.2
78b936dfd000-78b936e00000 rw-p 0012b000 08:01 26216520                   /home/toolchain/development/libc++_replacement/tmp/R11/extracted/45/4598648c087d443fbabb84832e2ea61178ff5005883236d4e18be71e3909e9fd/usr/lib64/libsecurity-manager-commons.so.1.0.2
78b936e00000-78b936e01000 r--p 00000000 08:01 23621923                   /home/toolchain/development/libc++_replacement/tmp/R11/extracted/84/8477c684d513edca7d64706710711e51c74cfc270048526e4cd3604d0dc19c47/usr/lib64/libicudata.so.78.1
78b936e01000-78b936e02000 r-xp 00001000 08:01 23621923                   /home/toolchain/development/libc++_replacement/tmp/R11/extracted/84/8477c684d513edca7d64706710711e51c74cfc270048526e4cd3604d0dc19c47/usr/lib64/libicudata.so.78.1
78b936e02000-78b938d95000 r--p 00002000 08:01 23621923                   /home/toolchain/development/libc++_replacement/tmp/R11/extracted/84/8477c684d513edca7d64706710711e51c74cfc270048526e4cd3604d0dc19c47/usr/lib64/libicudata.so.78.1
78b938d95000-78b938d96000 r--p 01f94000 08:01 23621923                   /home/toolchain/development/libc++_replacement/tmp/R11/extracted/84/8477c684d513edca7d64706710711e51c74cfc270048526e4cd3604d0dc19c47/usr/lib64/libicudata.so.78.1
78b938d96000-78b938d97000 rw-p 01f95000 08:01 23621923                   /home/toolchain/development/libc++_replacement/tmp/R11/extracted/84/8477c684d513edca7d64706710711e51c74cfc270048526e4cd3604d0dc19c47/usr/lib64/libicudata.so.78.1
78b938d99000-78b938d9a000 r--p 00000000 08:01 23730792                   /home/toolchain/development/libc++_replacement/tmp/R11/extracted/32/329d860de7686bbbfef78f591376fc8f38d82a65c6067d221f5543ebc3de5133/usr/lib64/libxdgmime.so.1.1.0
78b938d9a000-78b938da1000 r-xp 00001000 08:01 23730792                   /home/toolchain/development/libc++_replacement/tmp/R11/extracted/32/329d860de7686bbbfef78f591376fc8f38d82a65c6067d221f5543ebc3de5133/usr/lib64/libxdgmime.so.1.1.0
78b938da1000-78b938da3000 r--p 00008000 08:01 23730792                   /home/toolchain/development/libc++_replacement/tmp/R11/extracted/32/329d860de7686bbbfef78f591376fc8f38d82a65c6067d221f5543ebc3de5133/usr/lib64/libxdgmime.so.1.1.0
78b938da3000-78b938da4000 r--p 00009000 08:01 23730792                   /home/toolchain/development/libc++_replacement/tmp/R11/extracted/32/329d860de7686bbbfef78f591376fc8f38d82a65c6067d221f5543ebc3de5133/usr/lib64/libxdgmime.so.1.1.0
78b938da4000-78b938da5000 rw-p 0000a000 08:01 23730792                   /home/toolchain/development/libc++_replacement/tmp/R11/extracted/32/329d860de7686bbbfef78f591376fc8f38d82a65c6067d221f5543ebc3de5133/usr/lib64/libxdgmime.so.1.1.0
78b938da5000-78b938da7000 r--p 00000000 08:01 23624206                   /home/toolchain/development/libc++_replacement/tmp/R11/extracted/86/86b520ddf58ec7421d4799f0006593ddf54ecca040d5ae98b724c2199b2dabd1/usr/lib64/libuuid.so.1.3.0
78b938da7000-78b938dab000 r-xp 00002000 08:01 23624206                   /home/toolchain/development/libc++_replacement/tmp/R11/extracted/86/86b520ddf58ec7421d4799f0006593ddf54ecca040d5ae98b724c2199b2dabd1/usr/lib64/libuuid.so.1.3.0
78b938dab000-78b938dac000 r--p 00006000 08:01 23624206                   /home/toolchain/development/libc++_replacement/tmp/R11/extracted/86/86b520ddf58ec7421d4799f0006593ddf54ecca040d5ae98b724c2199b2dabd1/usr/lib64/libuuid.so.1.3.0
78b938dac000-78b938dad000 r--p 00006000 08:01 23624206                   /home/toolchain/development/libc++_replacement/tmp/R11/extracted/86/86b520ddf58ec7421d4799f0006593ddf54ecca040d5ae98b724c2199b2dabd1/usr/lib64/libuuid.so.1.3.0
78b938dad000-78b938dae000 rw-p 00007000 08:01 23624206                   /home/toolchain/development/libc++_replacement/tmp/R11/extracted/86/86b520ddf58ec7421d4799f0006593ddf54ecca040d5ae98b724c2199b2dabd1/usr/lib64/libuuid.so.1.3.0
78b938dae000-78b938dbf000 r--p 00000000 08:01 25861434                   /home/toolchain/development/libc++_replacement/tmp/R11/extracted/81/81f15d544a17a15af43bbf75dd529db933bd56a6de08c2ea5c3aa6c8b57a251c/usr/lib64/libespplayer-core.so
78b938dbf000-78b938dca000 r-xp 00011000 08:01 25861434                   /home/toolchain/development/libc++_replacement/tmp/R11/extracted/81/81f15d544a17a15af43bbf75dd529db933bd56a6de08c2ea5c3aa6c8b57a251c/usr/lib64/libespplayer-core.so
78b938dca000-78b938dd0000 r--p 0001c000 08:01 25861434                   /home/toolchain/development/libc++_replacement/tmp/R11/extracted/81/81f15d544a17a15af43bbf75dd529db933bd56a6de08c2ea5c3aa6c8b57a251c/usr/lib64/libespplayer-core.so
78b938dd0000-78b938dd1000 r--p 00022000 08:01 25861434                   /home/toolchain/development/libc++_replacement/tmp/R11/extracted/81/81f15d544a17a15af43bbf75dd529db933bd56a6de08c2ea5c3aa6c8b57a251c/usr/lib64/libespplayer-core.so
78b938dd1000-78b938dd2000 rw-p 00023000 08:01 25861434                   /home/toolchain/development/libc++_replacement/tmp/R11/extracted/81/81f15d544a17a15af43bbf75dd529db933bd56a6de08c2ea5c3aa6c8b57a251c/usr/lib64/libespplayer-core.so
78b938dd2000-78b938dd6000 r--p 00000000 08:01 26086508                   /home/toolchain/development/libc++_replacement/tmp/R11/extracted/fc/fc8cfdc9b6706a39fe50ec8b722659ae45c9d3237d9155af55ac6d623a09b29a/usr/lib64/libmmfsound.so.0.1.0
78b938dd6000-78b938de7000 r-xp 00004000 08:01 26086508                   /home/toolchain/development/libc++_replacement/tmp/R11/extracted/fc/fc8cfdc9b6706a39fe50ec8b722659ae45c9d3237d9155af55ac6d623a09b29a/usr/lib64/libmmfsound.so.0.1.0
78b938de7000-78b938def000 r--p 00015000 08:01 26086508                   /home/toolchain/development/libc++_replacement/tmp/R11/extracted/fc/fc8cfdc9b6706a39fe50ec8b722659ae45c9d3237d9155af55ac6d623a09b29a/usr/lib64/libmmfsound.so.0.1.0
78b938def000-78b938df0000 r--p 0001d000 08:01 26086508                   /home/toolchain/development/libc++_replacement/tmp/R11/extracted/fc/fc8cfdc9b6706a39fe50ec8b722659ae45c9d3237d9155af55ac6d623a09b29a/usr/lib64/libmmfsound.so.0.1.0
78b938df0000-78b938df1000 rw-p 0001e000 08:01 26086508                   /home/toolchain/development/libc++_replacement/tmp/R11/extracted/fc/fc8cfdc9b6706a39fe50ec8b722659ae45c9d3237d9155af55ac6d623a09b29a/usr/lib64/libmmfsound.so.0.1.0
78b938df1000-78b938dfd000 rw-p 00000000 00:00 0 
78b938dfd000-78b938e0b000 r--p 00000000 08:01 25713785                   /home/toolchain/development/libc++_replacement/tmp/R11/extracted/e3/e324dc8ff4e9ae834d02077646c043da25c3cf88295dc9c550dd1028e6fda4f4/usr/lib64/libapp-core-ui-cpp.so.1.27.13
78b938e0b000-78b938e17000 r-xp 0000e000 08:01 25713785                   /home/toolchain/development/libc++_replacement/tmp/R11/extracted/e3/e324dc8ff4e9ae834d02077646c043da25c3cf88295dc9c550dd1028e6fda4f4/usr/lib64/libapp-core-ui-cpp.so.1.27.13
78b938e17000-78b938e1f000 r--p 0001a000 08:01 25713785                   /home/toolchain/development/libc++_replacement/tmp/R11/extracted/e3/e324dc8ff4e9ae834d02077646c043da25c3cf88295dc9c550dd1028e6fda4f4/usr/lib64/libapp-core-ui-cpp.so.1.27.13
78b938e1f000-78b938e20000 r--p 00022000 08:01 25713785                   /home/toolchain/development/libc++_replacement/tmp/R11/extracted/e3/e324dc8ff4e9ae834d02077646c043da25c3cf88295dc9c550dd1028e6fda4f4/usr/lib64/libapp-core-ui-cpp.so.1.27.13
78b938e20000-78b938e21000 rw-p 00023000 08:01 25713785                   /home/toolchain/development/libc++_replacement/tmp/R11/extracted/e3/e324dc8ff4e9ae834d02077646c043da25c3cf88295dc9c550dd1028e6fda4f4/usr/lib64/libapp-core-ui-cpp.so.1.27.13
78b938e21000-78b938e26000 r--p 00000000 08:01 25713650                   /home/toolchain/development/libc++_replacement/tmp/R11/extracted/a1/a10e90c2730b2339da55a2e8159c5552da952a0df10949d27ad1f42496b8ca83/usr/lib64/libapp-core-efl-cpp.so.1.27.13
78b938e26000-78b938e29000 r-xp 00005000 08:01 25713650                   /home/toolchain/development/libc++_replacement/tmp/R11/extracted/a1/a10e90c2730b2339da55a2e8159c5552da952a0df10949d27ad1f42496b8ca83/usr/lib64/libapp-core-efl-cpp.so.1.27.13
78b938e29000-78b938e2b000 r--p 00008000 08:01 25713650                   /home/toolchain/development/libc++_replacement/tmp/R11/extracted/a1/a10e90c2730b2339da55a2e8159c5552da952a0df10949d27ad1f42496b8ca83/usr/lib64/libapp-core-efl-cpp.so.1.27.13
78b938e2b000-78b938e2c000 r--p 0000a000 08:01 25713650                   /home/toolchain/development/libc++_replacement/tmp/R11/extracted/a1/a10e90c2730b2339da55a2e8159c5552da952a0df10949d27ad1f42496b8ca83/usr/lib64/libapp-core-efl-cpp.so.1.27.13
78b938e2c000-78b938e2d000 rw-p 0000b000 08:01 25713650                   /home/toolchain/development/libc++_replacement/tmp/R11/extracted/a1/a10e90c2730b2339da55a2e8159c5552da952a0df10949d27ad1f42496b8ca83/usr/lib64/libapp-core-efl-cpp.so.1.27.13
78b938e2d000-78b938e30000 r--p 00000000 08:01 25821477                   /home/toolchain/development/libc++_replacement/tmp/R11/extracted/23/2374eef75f0010963c1f48deae26a5a93cfb8557d2bec6d178bdeae0d9bcf05d/usr/lib64/libcapi-appfw-app-control-uri.so.0.26.2
78b938e30000-78b938e33000 r-xp 00003000 08:01 25821477                   /home/toolchain/development/libc++_replacement/tmp/R11/extracted/23/2374eef75f0010963c1f48deae26a5a93cfb8557d2bec6d178bdeae0d9bcf05d/usr/lib64/libcapi-appfw-app-control-uri.so.0.26.2
78b938e33000-78b938e34000 r--p 00006000 08:01 25821477                   /home/toolchain/development/libc++_replacement/tmp/R11/extracted/23/2374eef75f0010963c1f48deae26a5a93cfb8557d2bec6d178bdeae0d9bcf05d/usr/lib64/libcapi-appfw-app-control-uri.so.0.26.2
78b938e34000-78b938e35000 r--p 00006000 08:01 25821477                   /home/toolchain/development/libc++_replacement/tmp/R11/extracted/23/2374eef75f0010963c1f48deae26a5a93cfb8557d2bec6d178bdeae0d9bcf05d/usr/lib64/libcapi-appfw-app-control-uri.so.0.26.2
78b938e35000-78b938e36000 rw-p 00007000 08:01 25821477                   /home/toolchain/development/libc++_replacement/tmp/R11/extracted/23/2374eef75f0010963c1f48deae26a5a93cfb8557d2bec6d178bdeae0d9bcf05d/usr/lib64/libcapi-appfw-app-control-uri.so.0.26.2
78b938e36000-78b938e3f000 r--p 00000000 08:01 25713560                   /home/toolchain/development/libc++_replacement/tmp/R11/extracted/4c/4cdb0d46f299d1d6c7581443ac1b9589318a50b4f7e8f0d97d8a693b63c43982/usr/lib64/libapp-core-cpp.so.1.27.13
78b938e3f000-78b938e49000 r-xp 00009000 08:01 25713560                   /home/toolchain/development/libc++_replacement/tmp/R11/extracted/4c/4cdb0d46f299d1d6c7581443ac1b9589318a50b4f7e8f0d97d8a693b63c43982/usr/lib64/libapp-core-cpp.so.1.27.13
78b938e49000-78b938e4e000 r--p 00013000 08:01 25713560                   /home/toolchain/development/libc++_replacement/tmp/R11/extracted/4c/4cdb0d46f299d1d6c7581443ac1b9589318a50b4f7e8f0d97d8a693b63c43982/usr/lib64/libapp-core-cpp.so.1.27.13
78b938e4e000-78b938e4f000 r--p 00017000 08:01 25713560                   /home/toolchain/development/libc++_replacement/tmp/R11/extracted/4c/4cdb0d46f299d1d6c7581443ac1b9589318a50b4f7e8f0d97d8a693b63c43982/usr/lib64/libapp-core-cpp.so.1.27.13
78b938e4f000-78b938e50000 rw-p 00018000 08:01 25713560                   /home/toolchain/development/libc++_replacement/tmp/R11/extracted/4c/4cdb0d46f299d1d6c7581443ac1b9589318a50b4f7e8f0d97d8a693b63c43982/usr/lib64/libapp-core-cpp.so.1.27.13
78b938e50000-78b938e53000 r--p 00000000 08:01 23619595                   /home/toolchain/development/libc++_replacement/tmp/R11/extracted/ec/ec3179ae94651944470bddefd2683695b1053a940c8794d882e302581b1b70b9/usr/lib64/libcap.so.2.73
78b938e53000-78b938e57000 r-xp 00003000 08:01 23619595                   /home/toolchain/development/libc++_replacement/tmp/R11/extracted/ec/ec3179ae94651944470bddefd2683695b1053a940c8794d882e302581b1b70b9/usr/lib64/libcap.so.2.73
78b938e57000-78b938e59000 r--p 00007000 08:01 23619595                   /home/toolchain/development/libc++_replacement/tmp/R11/extracted/ec/ec3179ae94651944470bddefd2683695b1053a940c8794d882e302581b1b70b9/usr/lib64/libcap.so.2.73
78b938e59000-78b938e5a000 r--p 00008000 08:01 23619595                   /home/toolchain/development/libc++_replacement/tmp/R11/extracted/ec/ec3179ae94651944470bddefd2683695b1053a940c8794d882e302581b1b70b9/usr/lib64/libcap.so.2.73
78b938e5a000-78b938e5b000 rw-p 00009000 08:01 23619595                   /home/toolchain/development/libc++_replacement/tmp/R11/extracted/ec/ec3179ae94651944470bddefd2683695b1053a940c8794d882e302581b1b70b9/usr/lib64/libcap.so.2.73
78b938e5b000-78b938e5c000 r--p 00000000 08:01 25827108                   /home/toolchain/development/libc++_replacement/tmp/R11/extracted/22/22ea91dce08a72f94e8ca1712d5180f50c3c731e75196a96a9b85ff893f0f2fc/usr/lib64/libcontext-sensor-recorder-client.so.4.0.1
78b938e5c000-78b938e5d000 r-xp 00001000 08:01 25827108                   /home/toolchain/development/libc++_replacement/tmp/R11/extracted/22/22ea91dce08a72f94e8ca1712d5180f50c3c731e75196a96a9b85ff893f0f2fc/usr/lib64/libcontext-sensor-recorder-client.so.4.0.1
78b938e5d000-78b938e5e000 r--p 00002000 08:01 25827108                   /home/toolchain/development/libc++_replacement/tmp/R11/extracted/22/22ea91dce08a72f94e8ca1712d5180f50c3c731e75196a96a9b85ff893f0f2fc/usr/lib64/libcontext-sensor-recorder-client.so.4.0.1
78b938e5e000-78b938e5f000 r--p 00002000 08:01 25827108                   /home/toolchain/development/libc++_replacement/tmp/R11/extracted/22/22ea91dce08a72f94e8ca1712d5180f50c3c731e75196a96a9b85ff893f0f2fc/usr/lib64/libcontext-sensor-recorder-client.so.4.0.1
78b938e5f000-78b938e60000 rw-p 00003000 08:01 25827108                   /home/toolchain/development/libc++_replacement/tmp/R11/extracted/22/22ea91dce08a72f94e8ca1712d5180f50c3c731e75196a96a9b85ff893f0f2fc/usr/lib64/libcontext-sensor-recorder-client.so.4.0.1
78b938e60000-78b938e6c000 r--p 00000000 08:01 26216662                   /home/toolchain/development/libc++_replacement/tmp/R11/extracted/a8/a873bbfabe29509bf0f4360077ee38885cb185b8a0aa23619b22414eda90b560/usr/lib64/libsensor.so.10.0.0
78b938e6c000-78b938e8e000 r-xp 0000c000 08:01 26216662                   /home/toolchain/development/libc++_replacement/tmp/R11/extracted/a8/a873bbfabe29509bf0f4360077ee38885cb185b8a0aa23619b22414eda90b560/usr/lib64/libsensor.so.10.0.0
78b938e8e000-78b938e99000 r--p 0002e000 08:01 26216662                   /home/toolchain/development/libc++_replacement/tmp/R11/extracted/a8/a873bbfabe29509bf0f4360077ee38885cb185b8a0aa23619b22414eda90b560/usr/lib64/libsensor.so.10.0.0
78b938e99000-78b938e9a000 r--p 00039000 08:01 26216662                   /home/toolchain/development/libc++_replacement/tmp/R11/extracted/a8/a873bbfabe29509bf0f4360077ee38885cb185b8a0aa23619b22414eda90b560/usr/lib64/libsensor.so.10.0.0
78b938e9a000-78b938e9b000 rw-p 0003a000 08:01 26216662                   /home/toolchain/development/libc++_replacement/tmp/R11/extracted/a8/a873bbfabe29509bf0f4360077ee38885cb185b8a0aa23619b22414eda90b560/usr/lib64/libsensor.so.10.0.0
78b938e9b000-78b938e9c000 r--p 00000000 08:01 23629635                   /home/toolchain/development/libc++_replacement/tmp/R11/extracted/1b/1b1e0c06f14e8cdd3e58db640159ac4e12089b52793ac3f1f73079d5be9493b5/usr/lib64/libplds4.so
78b938e9c000-78b938e9d000 r-xp 00001000 08:01 23629635                   /home/toolchain/development/libc++_replacement/tmp/R11/extracted/1b/1b1e0c06f14e8cdd3e58db640159ac4e12089b52793ac3f1f73079d5be9493b5/usr/lib64/libplds4.so
78b938e9d000-78b938e9e000 r--p 00002000 08:01 23629635                   /home/toolchain/development/libc++_replacement/tmp/R11/extracted/1b/1b1e0c06f14e8cdd3e58db640159ac4e12089b52793ac3f1f73079d5be9493b5/usr/lib64/libplds4.so
78b938e9e000-78b938e9f000 r--p 00002000 08:01 23629635                   /home/toolchain/development/libc++_replacement/tmp/R11/extracted/1b/1b1e0c06f14e8cdd3e58db640159ac4e12089b52793ac3f1f73079d5be9493b5/usr/lib64/libplds4.so
78b938e9f000-78b938ea0000 rw-p 00003000 08:01 23629635                   /home/toolchain/development/libc++_replacement/tmp/R11/extracted/1b/1b1e0c06f14e8cdd3e58db640159ac4e12089b52793ac3f1f73079d5be9493b5/usr/lib64/libplds4.so
78b938ea0000-78b938ea2000 r--p 00000000 08:01 23629634                   /home/toolchain/development/libc++_replacement/tmp/R11/extracted/1b/1b1e0c06f14e8cdd3e58db640159ac4e12089b52793ac3f1f73079d5be9493b5/usr/lib64/libplc4.so
78b938ea2000-78b938ea4000 r-xp 00002000 08:01 23629634                   /home/toolchain/development/libc++_replacement/tmp/R11/extracted/1b/1b1e0c06f14e8cdd3e58db640159ac4e12089b52793ac3f1f73079d5be9493b5/usr/lib64/libplc4.so
78b938ea4000-78b938ea5000 r--p 00004000 08:01 23629634                   /home/toolchain/development/libc++_replacement/tmp/R11/extracted/1b/1b1e0c06f14e8cdd3e58db640159ac4e12089b52793ac3f1f73079d5be9493b5/usr/lib64/libplc4.so
78b938ea5000-78b938ea6000 r--p 00004000 08:01 23629634                   /home/toolchain/development/libc++_replacement/tmp/R11/extracted/1b/1b1e0c06f14e8cdd3e58db640159ac4e12089b52793ac3f1f73079d5be9493b5/usr/lib64/libplc4.so
78b938ea6000-78b938ea7000 rw-p 00005000 08:01 23629634                   /home/toolchain/development/libc++_replacement/tmp/R11/extracted/1b/1b1e0c06f14e8cdd3e58db640159ac4e12089b52793ac3f1f73079d5be9493b5/usr/lib64/libplc4.so
78b938ea7000-78b938ea9000 r--p 00000000 08:01 23621269                   /home/toolchain/development/libc++_replacement/tmp/R11/extracted/10/108f5b4fc21dc6d5b0c38339454b4a7e9dcb88deeec25fd062d6cdad4f4a98c0/usr/lib64/libffi.so.8.1.4
78b938ea9000-78b938eb2000 r-xp 00002000 08:01 23621269                   /home/toolchain/development/libc++_replacement/tmp/R11/extracted/10/108f5b4fc21dc6d5b0c38339454b4a7e9dcb88deeec25fd062d6cdad4f4a98c0/usr/lib64/libffi.so.8.1.4
78b938eb2000-78b938eb3000 r--p 0000b000 08:01 23621269                   /home/toolchain/development/libc++_replacement/tmp/R11/extracted/10/108f5b4fc21dc6d5b0c38339454b4a7e9dcb88deeec25fd062d6cdad4f4a98c0/usr/lib64/libffi.so.8.1.4
78b938eb3000-78b938eb4000 r--p 0000c000 08:01 23621269                   /home/toolchain/development/libc++_replacement/tmp/R11/extracted/10/108f5b4fc21dc6d5b0c38339454b4a7e9dcb88deeec25fd062d6cdad4f4a98c0/usr/lib64/libffi.so.8.1.4
78b938eb4000-78b938eb5000 rw-p 0000d000 08:01 23621269                   /home/toolchain/development/libc++_replacement/tmp/R11/extracted/10/108f5b4fc21dc6d5b0c38339454b4a7e9dcb88deeec25fd062d6cdad4f4a98c0/usr/lib64/libffi.so.8.1.4
78b938eb5000-78b938eb6000 r--p 00000000 08:01 26089374                   /home/toolchain/development/libc++_replacement/tmp/R11/extracted/6e/6ea88a8be40d0a02d31f2d7f5b7e998e43bda209403c740d6385dc2b6b965039/usr/lib64/libcursor-shape-v1-client.so.0.0.0
78b938eb6000-78b938eb7000 r-xp 00001000 08:01 26089374                   /home/toolchain/development/libc++_replacement/tmp/R11/extracted/6e/6ea88a8be40d0a02d31f2d7f5b7e998e43bda209403c740d6385dc2b6b965039/usr/lib64/libcursor-shape-v1-client.so.0.0.0
78b938eb7000-78b938eb8000 r--p 00002000 08:01 26089374                   /home/toolchain/development/libc++_replacement/tmp/R11/extracted/6e/6ea88a8be40d0a02d31f2d7f5b7e998e43bda209403c740d6385dc2b6b965039/usr/lib64/libcursor-shape-v1-client.so.0.0.0
78b938eb8000-78b938eb9000 r--p 00002000 08:01 26089374                   /home/toolchain/development/libc++_replacement/tmp/R11/extracted/6e/6ea88a8be40d0a02d31f2d7f5b7e998e43bda209403c740d6385dc2b6b965039/usr/lib64/libcursor-shape-v1-client.so.0.0.0
78b938eb9000-78b938eba000 rw-p 00003000 08:01 26089374                   /home/toolchain/development/libc++_replacement/tmp/R11/extracted/6e/6ea88a8be40d0a02d31f2d7f5b7e998e43bda209403c740d6385dc2b6b965039/usr/lib64/libcursor-shape-v1-client.so.0.0.0
78b938eba000-78b938ebb000 r--p 00000000 08:01 26089388                   /home/toolchain/development/libc++_replacement/tmp/R11/extracted/6e/6ea88a8be40d0a02d31f2d7f5b7e998e43bda209403c740d6385dc2b6b965039/usr/lib64/libpointer-warp-v1-client.so.0.0.0
78b938ebb000-78b938ebc000 r-xp 00001000 08:01 26089388                   /home/toolchain/development/libc++_replacement/tmp/R11/extracted/6e/6ea88a8be40d0a02d31f2d7f5b7e998e43bda209403c740d6385dc2b6b965039/usr/lib64/libpointer-warp-v1-client.so.0.0.0
78b938ebc000-78b938ebd000 r--p 00002000 08:01 26089388                   /home/toolchain/development/libc++_replacement/tmp/R11/extracted/6e/6ea88a8be40d0a02d31f2d7f5b7e998e43bda209403c740d6385dc2b6b965039/usr/lib64/libpointer-warp-v1-client.so.0.0.0
78b938ebd000-78b938ebe000 r--p 00002000 08:01 26089388                   /home/toolchain/development/libc++_replacement/tmp/R11/extracted/6e/6ea88a8be40d0a02d31f2d7f5b7e998e43bda209403c740d6385dc2b6b965039/usr/lib64/libpointer-warp-v1-client.so.0.0.0
78b938ebe000-78b938ebf000 rw-p 00003000 08:01 26089388                   /home/toolchain/development/libc++_replacement/tmp/R11/extracted/6e/6ea88a8be40d0a02d31f2d7f5b7e998e43bda209403c740d6385dc2b6b965039/usr/lib64/libpointer-warp-v1-client.so.0.0.0
78b938ebf000-78b938ec0000 r--p 00000000 08:01 26089422                   /home/toolchain/development/libc++_replacement/tmp/R11/extracted/6e/6ea88a8be40d0a02d31f2d7f5b7e998e43bda209403c740d6385dc2b6b965039/usr/lib64/libwtz-blur-client.so.0.0.0
78b938ec0000-78b938ec1000 r-xp 00001000 08:01 26089422                   /home/toolchain/development/libc++_replacement/tmp/R11/extracted/6e/6ea88a8be40d0a02d31f2d7f5b7e998e43bda209403c740d6385dc2b6b965039/usr/lib64/libwtz-blur-client.so.0.0.0
78b938ec1000-78b938ec2000 r--p 00002000 08:01 26089422                   /home/toolchain/development/libc++_replacement/tmp/R11/extracted/6e/6ea88a8be40d0a02d31f2d7f5b7e998e43bda209403c740d6385dc2b6b965039/usr/lib64/libwtz-blur-client.so.0.0.0
78b938ec2000-78b938ec3000 r--p 00002000 08:01 26089422                   /home/toolchain/development/libc++_replacement/tmp/R11/extracted/6e/6ea88a8be40d0a02d31f2d7f5b7e998e43bda209403c740d6385dc2b6b965039/usr/lib64/libwtz-blur-client.so.0.0.0
78b938ec3000-78b938ec4000 rw-p 00003000 08:01 26089422                   /home/toolchain/development/libc++_replacement/tmp/R11/extracted/6e/6ea88a8be40d0a02d31f2d7f5b7e998e43bda209403c740d6385dc2b6b965039/usr/lib64/libwtz-blur-client.so.0.0.0
78b938ec4000-78b938ec5000 r--p 00000000 08:01 26089384                   /home/toolchain/development/libc++_replacement/tmp/R11/extracted/6e/6ea88a8be40d0a02d31f2d7f5b7e998e43bda209403c740d6385dc2b6b965039/usr/lib64/libpointer-constraints-unstable-v1-client.so.0.0.0
78b938ec5000-78b938ec6000 r-xp 00001000 08:01 26089384                   /home/toolchain/development/libc++_replacement/tmp/R11/extracted/6e/6ea88a8be40d0a02d31f2d7f5b7e998e43bda209403c740d6385dc2b6b965039/usr/lib64/libpointer-constraints-unstable-v1-client.so.0.0.0
78b938ec6000-78b938ec7000 r--p 00002000 08:01 26089384                   /home/toolchain/development/libc++_replacement/tmp/R11/extracted/6e/6ea88a8be40d0a02d31f2d7f5b7e998e43bda209403c740d6385dc2b6b965039/usr/lib64/libpointer-constraints-unstable-v1-client.so.0.0.0
78b938ec7000-78b938ec8000 r--p 00002000 08:01 26089384                   /home/toolchain/development/libc++_replacement/tmp/R11/extracted/6e/6ea88a8be40d0a02d31f2d7f5b7e998e43bda209403c740d6385dc2b6b965039/usr/lib64/libpointer-constraints-unstable-v1-client.so.0.0.0
78b938ec8000-78b938ec9000 rw-p 00003000 08:01 26089384                   /home/toolchain/development/libc++_replacement/tmp/R11/extracted/6e/6ea88a8be40d0a02d31f2d7f5b7e998e43bda209403c740d6385dc2b6b965039/usr/lib64/libpointer-constraints-unstable-v1-client.so.0.0.0
78b938ec9000-78b938eca000 r--p 00000000 08:01 26089392                   /home/toolchain/development/libc++_replacement/tmp/R11/extracted/6e/6ea88a8be40d0a02d31f2d7f5b7e998e43bda209403c740d6385dc2b6b965039/usr/lib64/librelative-pointer-unstable-v1-client.so.0.0.0
78b938eca000-78b938ecb000 r-xp 00001000 08:01 26089392                   /home/toolchain/development/libc++_replacement/tmp/R11/extracted/6e/6ea88a8be40d0a02d31f2d7f5b7e998e43bda209403c740d6385dc2b6b965039/usr/lib64/librelative-pointer-unstable-v1-client.so.0.0.0
78b938ecb000-78b938ecc000 r--p 00002000 08:01 26089392                   /home/toolchain/development/libc++_replacement/tmp/R11/extracted/6e/6ea88a8be40d0a02d31f2d7f5b7e998e43bda209403c740d6385dc2b6b965039/usr/lib64/librelative-pointer-unstable-v1-client.so.0.0.0
78b938ecc000-78b938ecd000 r--p 00002000 08:01 26089392                   /home/toolchain/development/libc++_replacement/tmp/R11/extracted/6e/6ea88a8be40d0a02d31f2d7f5b7e998e43bda209403c740d6385dc2b6b965039/usr/lib64/librelative-pointer-unstable-v1-client.so.0.0.0
78b938ecd000-78b938ece000 rw-p 00003000 08:01 26089392                   /home/toolchain/development/libc++_replacement/tmp/R11/extracted/6e/6ea88a8be40d0a02d31f2d7f5b7e998e43bda209403c740d6385dc2b6b965039/usr/lib64/librelative-pointer-unstable-v1-client.so.0.0.0
78b938ece000-78b938ecf000 r--p 00000000 08:01 26089434                   /home/toolchain/development/libc++_replacement/tmp/R11/extracted/6e/6ea88a8be40d0a02d31f2d7f5b7e998e43bda209403c740d6385dc2b6b965039/usr/lib64/libwtz-video-shell-client.so.0.0.0
78b938ecf000-78b938ed0000 r-xp 00001000 08:01 26089434                   /home/toolchain/development/libc++_replacement/tmp/R11/extracted/6e/6ea88a8be40d0a02d31f2d7f5b7e998e43bda209403c740d6385dc2b6b965039/usr/lib64/libwtz-video-shell-client.so.0.0.0
78b938ed0000-78b938ed1000 r--p 00002000 08:01 26089434                   /home/toolchain/development/libc++_replacement/tmp/R11/extracted/6e/6ea88a8be40d0a02d31f2d7f5b7e998e43bda209403c740d6385dc2b6b965039/usr/lib64/libwtz-video-shell-client.so.0.0.0
78b938ed1000-78b938ed2000 r--p 00002000 08:01 26089434                   /home/toolchain/development/libc++_replacement/tmp/R11/extracted/6e/6ea88a8be40d0a02d31f2d7f5b7e998e43bda209403c740d6385dc2b6b965039/usr/lib64/libwtz-video-shell-client.so.0.0.0
78b938ed2000-78b938ed3000 rw-p 00003000 08:01 26089434                   /home/toolchain/development/libc++_replacement/tmp/R11/extracted/6e/6ea88a8be40d0a02d31f2d7f5b7e998e43bda209403c740d6385dc2b6b965039/usr/lib64/libwtz-video-shell-client.so.0.0.0
78b938ed3000-78b938ed4000 r--p 00000000 08:01 26089428                   /home/toolchain/development/libc++_replacement/tmp/R11/extracted/6e/6ea88a8be40d0a02d31f2d7f5b7e998e43bda209403c740d6385dc2b6b965039/usr/lib64/libwtz-screen-client.so.0.0.0
78b938ed4000-78b938ed5000 r-xp 00001000 08:01 26089428                   /home/toolchain/development/libc++_replacement/tmp/R11/extracted/6e/6ea88a8be40d0a02d31f2d7f5b7e998e43bda209403c740d6385dc2b6b965039/usr/lib64/libwtz-screen-client.so.0.0.0
78b938ed5000-78b938ed6000 r--p 00002000 08:01 26089428                   /home/toolchain/development/libc++_replacement/tmp/R11/extracted/6e/6ea88a8be40d0a02d31f2d7f5b7e998e43bda209403c740d6385dc2b6b965039/usr/lib64/libwtz-screen-client.so.0.0.0
78b938ed6000-78b938ed7000 r--p 00002000 08:01 26089428                   /home/toolchain/development/libc++_replacement/tmp/R11/extracted/6e/6ea88a8be40d0a02d31f2d7f5b7e998e43bda209403c740d6385dc2b6b965039/usr/lib64/libwtz-screen-client.so.0.0.0
78b938ed7000-78b938ed8000 rw-p 00003000 08:01 26089428                   /home/toolchain/development/libc++_replacement/tmp/R11/extracted/6e/6ea88a8be40d0a02d31f2d7f5b7e998e43bda209403c740d6385dc2b6b965039/usr/lib64/libwtz-screen-client.so.0.0.0
78b938ed8000-78b938ed9000 r--p 00000000 08:01 26089430                   /home/toolchain/development/libc++_replacement/tmp/R11/extracted/6e/6ea88a8be40d0a02d31f2d7f5b7e998e43bda209403c740d6385dc2b6b965039/usr/lib64/libwtz-shell-client.so.0.0.0
78b938ed9000-78b938eda000 r-xp 00001000 08:01 26089430                   /home/toolchain/development/libc++_replacement/tmp/R11/extracted/6e/6ea88a8be40d0a02d31f2d7f5b7e998e43bda209403c740d6385dc2b6b965039/usr/lib64/libwtz-shell-client.so.0.0.0
78b938eda000-78b938edb000 r--p 00002000 08:01 26089430                   /home/toolchain/development/libc++_replacement/tmp/R11/extracted/6e/6ea88a8be40d0a02d31f2d7f5b7e998e43bda209403c740d6385dc2b6b965039/usr/lib64/libwtz-shell-client.so.0.0.0
78b938edb000-78b938edc000 r--p 00002000 08:01 26089430                   /home/toolchain/development/libc++_replacement/tmp/R11/extracted/6e/6ea88a8be40d0a02d31f2d7f5b7e998e43bda209403c740d6385dc2b6b965039/usr/lib64/libwtz-shell-client.so.0.0.0
78b938edc000-78b938edd000 rw-p 00003000 08:01 26089430                   /home/toolchain/development/libc++_replacement/tmp/R11/extracted/6e/6ea88a8be40d0a02d31f2d7f5b7e998e43bda209403c740d6385dc2b6b965039/usr/lib64/libwtz-shell-client.so.0.0.0
78b938edd000-78b938ede000 r--p 00000000 08:01 26089424                   /home/toolchain/development/libc++_replacement/tmp/R11/extracted/6e/6ea88a8be40d0a02d31f2d7f5b7e998e43bda209403c740d6385dc2b6b965039/usr/lib64/libwtz-foreign-client.so.0.0.0
78b938ede000-78b938edf000 r-xp 00001000 08:01 26089424                   /home/toolchain/development/libc++_replacement/tmp/R11/extracted/6e/6ea88a8be40d0a02d31f2d7f5b7e998e43bda209403c740d6385dc2b6b965039/usr/lib64/libwtz-foreign-client.so.0.0.0
78b938edf000-78b938ee0000 r--p 00002000 08:01 26089424                   /home/toolchain/development/libc++_replacement/tmp/R11/extracted/6e/6ea88a8be40d0a02d31f2d7f5b7e998e43bda209403c740d6385dc2b6b965039/usr/lib64/libwtz-foreign-client.so.0.0.0
78b938ee0000-78b938ee1000 r--p 00002000 08:01 26089424                   /home/toolchain/development/libc++_replacement/tmp/R11/extracted/6e/6ea88a8be40d0a02d31f2d7f5b7e998e43bda209403c740d6385dc2b6b965039/usr/lib64/libwtz-foreign-client.so.0.0.0
78b938ee1000-78b938ee2000 rw-p 00003000 08:01 26089424                   /home/toolchain/development/libc++_replacement/tmp/R11/extracted/6e/6ea88a8be40d0a02d31f2d7f5b7e998e43bda209403c740d6385dc2b6b965039/usr/lib64/libwtz-foreign-client.so.0.0.0
78b938ee2000-78b938ee3000 r--p 00000000 08:01 26089412                   /home/toolchain/development/libc++_replacement/tmp/R11/extracted/6e/6ea88a8be40d0a02d31f2d7f5b7e998e43bda209403c740d6385dc2b6b965039/usr/lib64/libtizen-policy-ext-client.so.0.0.0
78b938ee3000-78b938ee4000 r-xp 00001000 08:01 26089412                   /home/toolchain/development/libc++_replacement/tmp/R11/extracted/6e/6ea88a8be40d0a02d31f2d7f5b7e998e43bda209403c740d6385dc2b6b965039/usr/lib64/libtizen-policy-ext-client.so.0.0.0
78b938ee4000-78b938ee5000 r--p 00002000 08:01 26089412                   /home/toolchain/development/libc++_replacement/tmp/R11/extracted/6e/6ea88a8be40d0a02d31f2d7f5b7e998e43bda209403c740d6385dc2b6b965039/usr/lib64/libtizen-policy-ext-client.so.0.0.0
78b938ee5000-78b938ee6000 r--p 00002000 08:01 26089412                   /home/toolchain/development/libc++_replacement/tmp/R11/extracted/6e/6ea88a8be40d0a02d31f2d7f5b7e998e43bda209403c740d6385dc2b6b965039/usr/lib64/libtizen-policy-ext-client.so.0.0.0
78b938ee6000-78b938ee7000 rw-p 00003000 08:01 26089412                   /home/toolchain/development/libc++_replacement/tmp/R11/extracted/6e/6ea88a8be40d0a02d31f2d7f5b7e998e43bda209403c740d6385dc2b6b965039/usr/lib64/libtizen-policy-ext-client.so.0.0.0
78b938ee7000-78b938ee8000 r--p 00000000 08:01 26089347                   /home/toolchain/development/libc++_replacement/tmp/R11/extracted/5a/5afc91d7bf6c28f598db986dc9d005287aa4ceef6566dcc7a305ff1d4d5e8179/usr/lib64/libwayland-egl-tizen.so.1.1.1
78b938ee8000-78b938ee9000 r-xp 00001000 08:01 26089347                   /home/toolchain/development/libc++_replacement/tmp/R11/extracted/5a/5afc91d7bf6c28f598db986dc9d005287aa4ceef6566dcc7a305ff1d4d5e8179/usr/lib64/libwayland-egl-tizen.so.1.1.1
78b938ee9000-78b938eea000 r--p 00002000 08:01 26089347                   /home/toolchain/development/libc++_replacement/tmp/R11/extracted/5a/5afc91d7bf6c28f598db986dc9d005287aa4ceef6566dcc7a305ff1d4d5e8179/usr/lib64/libwayland-egl-tizen.so.1.1.1
78b938eea000-78b938eeb000 r--p 00002000 08:01 26089347                   /home/toolchain/development/libc++_replacement/tmp/R11/extracted/5a/5afc91d7bf6c28f598db986dc9d005287aa4ceef6566dcc7a305ff1d4d5e8179/usr/lib64/libwayland-egl-tizen.so.1.1.1
78b938eeb000-78b938eec000 rw-p 00003000 08:01 26089347                   /home/toolchain/development/libc++_replacement/tmp/R11/extracted/5a/5afc91d7bf6c28f598db986dc9d005287aa4ceef6566dcc7a305ff1d4d5e8179/usr/lib64/libwayland-egl-tizen.so.1.1.1
78b938eec000-78b938eed000 r--p 00000000 08:01 26089337                   /home/toolchain/development/libc++_replacement/tmp/R11/extracted/00/0055166e13d1118471b93865ba1b7a7f84ccae724bcdc2aef7c21f8ed77962ba/usr/lib64/libwayland-egl.so.1.23.1
78b938eed000-78b938eee000 r-xp 00001000 08:01 26089337                   /home/toolchain/development/libc++_replacement/tmp/R11/extracted/00/0055166e13d1118471b93865ba1b7a7f84ccae724bcdc2aef7c21f8ed77962ba/usr/lib64/libwayland-egl.so.1.23.1
78b938eee000-78b938eef000 r--p 00002000 08:01 26089337                   /home/toolchain/development/libc++_replacement/tmp/R11/extracted/00/0055166e13d1118471b93865ba1b7a7f84ccae724bcdc2aef7c21f8ed77962ba/usr/lib64/libwayland-egl.so.1.23.1
78b938eef000-78b938ef0000 r--p 00002000 08:01 26089337                   /home/toolchain/development/libc++_replacement/tmp/R11/extracted/00/0055166e13d1118471b93865ba1b7a7f84ccae724bcdc2aef7c21f8ed77962ba/usr/lib64/libwayland-egl.so.1.23.1
78b938ef0000-78b938ef1000 rw-p 00003000 08:01 26089337                   /home/toolchain/development/libc++_replacement/tmp/R11/extracted/00/0055166e13d1118471b93865ba1b7a7f84ccae724bcdc2aef7c21f8ed77962ba/usr/lib64/libwayland-egl.so.1.23.1
78b938ef1000-78b938ef6000 r--p 00000000 08:01 26089541                   /home/toolchain/development/libc++_replacement/tmp/R11/extracted/db/db4b966802cb3915634ae7896c081666ae9deee75235ca3ede2331e542c09dab/usr/lib64/libwayland-tbm-client.so.0.0.0
78b938ef6000-78b938efc000 r-xp 00005000 08:01 26089541                   /home/toolchain/development/libc++_replacement/tmp/R11/extracted/db/db4b966802cb3915634ae7896c081666ae9deee75235ca3ede2331e542c09dab/usr/lib64/libwayland-tbm-client.so.0.0.0
78b938efc000-78b938eff000 r--p 0000b000 08:01 26089541                   /home/toolchain/development/libc++_replacement/tmp/R11/extracted/db/db4b966802cb3915634ae7896c081666ae9deee75235ca3ede2331e542c09dab/usr/lib64/libwayland-tbm-client.so.0.0.0
78b938eff000-78b938f00000 r--p 0000d000 08:01 26089541                   /home/toolchain/development/libc++_replacement/tmp/R11/extracted/db/db4b966802cb3915634ae7896c081666ae9deee75235ca3ede2331e542c09dab/usr/lib64/libwayland-tbm-client.so.0.0.0
78b938f00000-78b938f01000 rw-p 0000e000 08:01 26089541                   /home/toolchain/development/libc++_replacement/tmp/R11/extracted/db/db4b966802cb3915634ae7896c081666ae9deee75235ca3ede2331e542c09dab/usr/lib64/libwayland-tbm-client.so.0.0.0
78b938f01000-78b938f02000 r--p 00000000 08:01 26089410                   /home/toolchain/development/libc++_replacement/tmp/R11/extracted/6e/6ea88a8be40d0a02d31f2d7f5b7e998e43bda209403c740d6385dc2b6b965039/usr/lib64/libtizen-launch-client.so.0.0.0
78b938f02000-78b938f03000 r-xp 00001000 08:01 26089410                   /home/toolchain/development/libc++_replacement/tmp/R11/extracted/6e/6ea88a8be40d0a02d31f2d7f5b7e998e43bda209403c740d6385dc2b6b965039/usr/lib64/libtizen-launch-client.so.0.0.0
78b938f03000-78b938f04000 r--p 00002000 08:01 26089410                   /home/toolchain/development/libc++_replacement/tmp/R11/extracted/6e/6ea88a8be40d0a02d31f2d7f5b7e998e43bda209403c740d6385dc2b6b965039/usr/lib64/libtizen-launch-client.so.0.0.0
78b938f04000-78b938f05000 r--p 00002000 08:01 26089410                   /home/toolchain/development/libc++_replacement/tmp/R11/extracted/6e/6ea88a8be40d0a02d31f2d7f5b7e998e43bda209403c740d6385dc2b6b965039/usr/lib64/libtizen-launch-client.so.0.0.0
78b938f05000-78b938f06000 rw-p 00003000 08:01 26089410                   /home/toolchain/development/libc++_replacement/tmp/R11/extracted/6e/6ea88a8be40d0a02d31f2d7f5b7e998e43bda209403c740d6385dc2b6b965039/usr/lib64/libtizen-launch-client.so.0.0.0
78b938f06000-78b938f08000 r--p 00000000 08:01 26089356                   /home/toolchain/development/libc++_replacement/tmp/R11/extracted/07/0767acbb2e3ddc092065b4cdd9936ac80b6f457cf3b2335e62a539e278c3ca69/usr/lib64/libwayland-cursor.so.0.23.1
78b938f08000-78b938f0a000 r-xp 00002000 08:01 26089356                   /home/toolchain/development/libc++_replacement/tmp/R11/extracted/07/0767acbb2e3ddc092065b4cdd9936ac80b6f457cf3b2335e62a539e278c3ca69/usr/lib64/libwayland-cursor.so.0.23.1
78b938f0a000-78b938f0b000 r--p 00004000 08:01 26089356                   /home/toolchain/development/libc++_replacement/tmp/R11/extracted/07/0767acbb2e3ddc092065b4cdd9936ac80b6f457cf3b2335e62a539e278c3ca69/usr/lib64/libwayland-cursor.so.0.23.1
78b938f0b000-78b938f0c000 r--p 00004000 08:01 26089356                   /home/toolchain/development/libc++_replacement/tmp/R11/extracted/07/0767acbb2e3ddc092065b4cdd9936ac80b6f457cf3b2335e62a539e278c3ca69/usr/lib64/libwayland-cursor.so.0.23.1
78b938f0c000-78b938f10000 rw-p 00005000 08:01 26089356                   /home/toolchain/development/libc++_replacement/tmp/R11/extracted/07/0767acbb2e3ddc092065b4cdd9936ac80b6f457cf3b2335e62a539e278c3ca69/usr/lib64/libwayland-cursor.so.0.23.1
78b938f10000-78b938f14000 r--p 00000000 08:01 26089881                   /home/toolchain/development/libc++_replacement/tmp/R11/extracted/f1/f1a3969d4a2882be0b61db1186a4109b8394178a1e3699d90e58cd344422a512/usr/lib64/libxkbcommon.so.0.8.0
78b938f14000-78b938f30000 r-xp 00004000 08:01 26089881                   /home/toolchain/development/libc++_replacement/tmp/R11/extracted/f1/f1a3969d4a2882be0b61db1186a4109b8394178a1e3699d90e58cd344422a512/usr/lib64/libxkbcommon.so.0.8.0
78b938f30000-78b938f54000 r--p 00020000 08:01 26089881                   /home/toolchain/development/libc++_replacement/tmp/R11/extracted/f1/f1a3969d4a2882be0b61db1186a4109b8394178a1e3699d90e58cd344422a512/usr/lib64/libxkbcommon.so.0.8.0
78b938f54000-78b938f56000 r--p 00043000 08:01 26089881                   /home/toolchain/development/libc++_replacement/tmp/R11/extracted/f1/f1a3969d4a2882be0b61db1186a4109b8394178a1e3699d90e58cd344422a512/usr/lib64/libxkbcommon.so.0.8.0
78b938f56000-78b938f57000 rw-p 00045000 08:01 26089881                   /home/toolchain/development/libc++_replacement/tmp/R11/extracted/f1/f1a3969d4a2882be0b61db1186a4109b8394178a1e3699d90e58cd344422a512/usr/lib64/libxkbcommon.so.0.8.0
78b938f57000-78b938f58000 r--p 00000000 08:01 26227807                   /home/toolchain/development/libc++_replacement/tmp/R11/extracted/4d/4da228978d81e4c19db3bf7269345aa354ab29a9666465bb5ba3dd3ad3b1eae1/usr/lib64/libttrace.so.1.1.0
78b938f58000-78b938f5a000 r-xp 00001000 08:01 26227807                   /home/toolchain/development/libc++_replacement/tmp/R11/extracted/4d/4da228978d81e4c19db3bf7269345aa354ab29a9666465bb5ba3dd3ad3b1eae1/usr/lib64/libttrace.so.1.1.0
78b938f5a000-78b938f5b000 r--p 00003000 08:01 26227807                   /home/toolchain/development/libc++_replacement/tmp/R11/extracted/4d/4da228978d81e4c19db3bf7269345aa354ab29a9666465bb5ba3dd3ad3b1eae1/usr/lib64/libttrace.so.1.1.0
78b938f5b000-78b938f5c000 r--p 00003000 08:01 26227807                   /home/toolchain/development/libc++_replacement/tmp/R11/extracted/4d/4da228978d81e4c19db3bf7269345aa354ab29a9666465bb5ba3dd3ad3b1eae1/usr/lib64/libttrace.so.1.1.0
78b938f5c000-78b938f5d000 rw-p 00004000 08:01 26227807                   /home/toolchain/development/libc++_replacement/tmp/R11/extracted/4d/4da228978d81e4c19db3bf7269345aa354ab29a9666465bb5ba3dd3ad3b1eae1/usr/lib64/libttrace.so.1.1.0
78b938f5d000-78b938f70000 r--p 00000000 08:01 15782067                   /home/toolchain/development/libc++_replacement/tmp/R11/extracted/ea/ea57516154dcd8e5d53d3897197ea0f18eec700fd0ce8dbb05d799aabb4bbd5b/usr/lib64/hal/libhal-api-device.so.1.0.0
78b938f70000-78b938fb2000 r-xp 00013000 08:01 15782067                   /home/toolchain/development/libc++_replacement/tmp/R11/extracted/ea/ea57516154dcd8e5d53d3897197ea0f18eec700fd0ce8dbb05d799aabb4bbd5b/usr/lib64/hal/libhal-api-device.so.1.0.0
78b938fb2000-78b938fce000 r--p 00055000 08:01 15782067                   /home/toolchain/development/libc++_replacement/tmp/R11/extracted/ea/ea57516154dcd8e5d53d3897197ea0f18eec700fd0ce8dbb05d799aabb4bbd5b/usr/lib64/hal/libhal-api-device.so.1.0.0
78b938fce000-78b938fcf000 r--p 00070000 08:01 15782067                   /home/toolchain/development/libc++_replacement/tmp/R11/extracted/ea/ea57516154dcd8e5d53d3897197ea0f18eec700fd0ce8dbb05d799aabb4bbd5b/usr/lib64/hal/libhal-api-device.so.1.0.0
78b938fcf000-78b938fd0000 rw-p 00071000 08:01 15782067                   /home/toolchain/development/libc++_replacement/tmp/R11/extracted/ea/ea57516154dcd8e5d53d3897197ea0f18eec700fd0ce8dbb05d799aabb4bbd5b/usr/lib64/hal/libhal-api-device.so.1.0.0
78b938fd0000-78b938fd1000 rw-p 00000000 00:00 0 
78b938fd1000-78b938fd8000 r--p 00000000 08:01 26088225                   /home/toolchain/development/libc++_replacement/tmp/R11/extracted/5b/5b6a63edf2d1d5c73e3ac3802e77f987f657f1d5b43e93bccdc78d42e2084c43/usr/lib64/libsyscommon.so.5.0.0
78b938fd8000-78b938fe2000 r-xp 00007000 08:01 26088225                   /home/toolchain/development/libc++_replacement/tmp/R11/extracted/5b/5b6a63edf2d1d5c73e3ac3802e77f987f657f1d5b43e93bccdc78d42e2084c43/usr/lib64/libsyscommon.so.5.0.0
78b938fe2000-78b938fe6000 r--p 00011000 08:01 26088225                   /home/toolchain/development/libc++_replacement/tmp/R11/extracted/5b/5b6a63edf2d1d5c73e3ac3802e77f987f657f1d5b43e93bccdc78d42e2084c43/usr/lib64/libsyscommon.so.5.0.0
78b938fe6000-78b938fe7000 r--p 00014000 08:01 26088225                   /home/toolchain/development/libc++_replacement/tmp/R11/extracted/5b/5b6a63edf2d1d5c73e3ac3802e77f987f657f1d5b43e93bccdc78d42e2084c43/usr/lib64/libsyscommon.so.5.0.0
78b938fe7000-78b938fe8000 rw-p 00015000 08:01 26088225                   /home/toolchain/development/libc++_replacement/tmp/R11/extracted/5b/5b6a63edf2d1d5c73e3ac3802e77f987f657f1d5b43e93bccdc78d42e2084c43/usr/lib64/libsyscommon.so.5.0.0
78b938fe8000-78b938fe9000 r--p 00000000 08:01 26088873                   /home/toolchain/development/libc++_replacement/tmp/R11/extracted/b8/b876fdb43f1f468c3de83a7d85402bc79395f131a169419e0cf3722fa02be367/usr/lib64/libtracker.so.1.0.1
78b938fe9000-78b938fea000 r-xp 00001000 08:01 26088873                   /home/toolchain/development/libc++_replacement/tmp/R11/extracted/b8/b876fdb43f1f468c3de83a7d85402bc79395f131a169419e0cf3722fa02be367/usr/lib64/libtracker.so.1.0.1
78b938fea000-78b938feb000 r--p 00002000 08:01 26088873                   /home/toolchain/development/libc++_replacement/tmp/R11/extracted/b8/b876fdb43f1f468c3de83a7d85402bc79395f131a169419e0cf3722fa02be367/usr/lib64/libtracker.so.1.0.1
78b938feb000-78b938fec000 r--p 00002000 08:01 26088873                   /home/toolchain/development/libc++_replacement/tmp/R11/extracted/b8/b876fdb43f1f468c3de83a7d85402bc79395f131a169419e0cf3722fa02be367/usr/lib64/libtracker.so.1.0.1
78b938fec000-78b938fed000 rw-p 00003000 08:01 26088873                   /home/toolchain/development/libc++_replacement/tmp/R11/extracted/b8/b876fdb43f1f468c3de83a7d85402bc79395f131a169419e0cf3722fa02be367/usr/lib64/libtracker.so.1.0.1
78b938fed000-78b938ff1000 r--p 00000000 08:01 26116416                   /home/toolchain/development/libc++_replacement/tmp/R11/extracted/86/86d9a9206d74a6e1dd48c0a316f39151012ac7a427cd8f40c3e0e300d67b5f3a/usr/lib64/libparcel.so.0.18.15
78b938ff1000-78b938ff4000 r-xp 00004000 08:01 26116416                   /home/toolchain/development/libc++_replacement/tmp/R11/extracted/86/86d9a9206d74a6e1dd48c0a316f39151012ac7a427cd8f40c3e0e300d67b5f3a/usr/lib64/libparcel.so.0.18.15
78b938ff4000-78b938ff6000 r--p 00007000 08:01 26116416                   /home/toolchain/development/libc++_replacement/tmp/R11/extracted/86/86d9a9206d74a6e1dd48c0a316f39151012ac7a427cd8f40c3e0e300d67b5f3a/usr/lib64/libparcel.so.0.18.15
78b938ff6000-78b938ff7000 r--p 00008000 08:01 26116416                   /home/toolchain/development/libc++_replacement/tmp/R11/extracted/86/86d9a9206d74a6e1dd48c0a316f39151012ac7a427cd8f40c3e0e300d67b5f3a/usr/lib64/libparcel.so.0.18.15
78b938ff7000-78b938ff8000 rw-p 00009000 08:01 26116416                   /home/toolchain/development/libc++_replacement/tmp/R11/extracted/86/86d9a9206d74a6e1dd48c0a316f39151012ac7a427cd8f40c3e0e300d67b5f3a/usr/lib64/libparcel.so.0.18.15
78b938ff8000-78b938ff9000 r--p 00000000 08:01 26084017                   /home/toolchain/development/libc++_replacement/tmp/R11/extracted/ab/abe64de1eaaa918ce34acbaf53c36fb29ea71258354282c23d2701519ba512f3/usr/lib64/libcynara-uid.so.0.26.0
78b938ff9000-78b938ffa000 r-xp 00001000 08:01 26084017                   /home/toolchain/development/libc++_replacement/tmp/R11/extracted/ab/abe64de1eaaa918ce34acbaf53c36fb29ea71258354282c23d2701519ba512f3/usr/lib64/libcynara-uid.so.0.26.0
78b938ffa000-78b938ffb000 r--p 00002000 08:01 26084017                   /home/toolchain/development/libc++_replacement/tmp/R11/extracted/ab/abe64de1eaaa918ce34acbaf53c36fb29ea71258354282c23d2701519ba512f3/usr/lib64/libcynara-uid.so.0.26.0
78b938ffb000-78b938ffc000 r--p 00002000 08:01 26084017                   /home/toolchain/development/libc++_replacement/tmp/R11/extracted/ab/abe64de1eaaa918ce34acbaf53c36fb29ea71258354282c23d2701519ba512f3/usr/lib64/libcynara-uid.so.0.26.0
78b938ffc000-78b938ffd000 rw-p 00003000 08:01 26084017                   /home/toolchain/development/libc++_replacement/tmp/R11/extracted/ab/abe64de1eaaa918ce34acbaf53c36fb29ea71258354282c23d2701519ba512f3/usr/lib64/libcynara-uid.so.0.26.0
78b938ffd000-78b938ffe000 r--p 00000000 08:01 25823764                   /home/toolchain/development/libc++_replacement/tmp/R11/extracted/a8/a82c4e40bb6224028e1f89107c4f86d1f45c2412a883d1146a0103833af32fd6/usr/lib64/libcapi-system-resource.so.1.0.0
78b938ffe000-78b938fff000 r-xp 00001000 08:01 25823764                   /home/toolchain/development/libc++_replacement/tmp/R11/extracted/a8/a82c4e40bb6224028e1f89107c4f86d1f45c2412a883d1146a0103833af32fd6/usr/lib64/libcapi-system-resource.so.1.0.0
78b938fff000-78b939000000 r--p 00002000 08:01 25823764                   /home/toolchain/development/libc++_replacement/tmp/R11/extracted/a8/a82c4e40bb6224028e1f89107c4f86d1f45c2412a883d1146a0103833af32fd6/usr/lib64/libcapi-system-resource.so.1.0.0
78b939000000-78b939001000 r--p 00002000 08:01 25823764                   /home/toolchain/development/libc++_replacement/tmp/R11/extracted/a8/a82c4e40bb6224028e1f89107c4f86d1f45c2412a883d1146a0103833af32fd6/usr/lib64/libcapi-system-resource.so.1.0.0
78b939001000-78b939002000 rw-p 00003000 08:01 25823764                   /home/toolchain/development/libc++_replacement/tmp/R11/extracted/a8/a82c4e40bb6224028e1f89107c4f86d1f45c2412a883d1146a0103833af32fd6/usr/lib64/libcapi-system-resource.so.1.0.0
78b939002000-78b939005000 r--p 00000000 08:01 15519039                   /home/toolchain/development/libc++_replacement/tmp/R11/extracted/7d/7d250dd65fbe312b3f97881b937acac106630317fb8241377730e8f864df8590/usr/lib64/libpcre2-8.so.0.15.0
78b939005000-78b93906a000 r-xp 00003000 08:01 15519039                   /home/toolchain/development/libc++_replacement/tmp/R11/extracted/7d/7d250dd65fbe312b3f97881b937acac106630317fb8241377730e8f864df8590/usr/lib64/libpcre2-8.so.0.15.0
78b93906a000-78b939095000 r--p 00068000 08:01 15519039                   /home/toolchain/development/libc++_replacement/tmp/R11/extracted/7d/7d250dd65fbe312b3f97881b937acac106630317fb8241377730e8f864df8590/usr/lib64/libpcre2-8.so.0.15.0
78b939095000-78b939096000 r--p 00092000 08:01 15519039                   /home/toolchain/development/libc++_replacement/tmp/R11/extracted/7d/7d250dd65fbe312b3f97881b937acac106630317fb8241377730e8f864df8590/usr/lib64/libpcre2-8.so.0.15.0
78b939096000-78b939097000 rw-p 00093000 08:01 15519039                   /home/toolchain/development/libc++_replacement/tmp/R11/extracted/7d/7d250dd65fbe312b3f97881b937acac106630317fb8241377730e8f864df8590/usr/lib64/libpcre2-8.so.0.15.0
78b939097000-78b9390a4000 r--p 00000000 08:01 26119151                   /home/toolchain/development/libc++_replacement/tmp/R11/extracted/32/32f8a5d949493eb83b9ecc4d8870197d9cfe218cec9f52a6b8da7ebc2508aad1/usr/lib64/libpkgmgr-client.so.0.23.1
78b9390a4000-78b9390c9000 r-xp 0000d000 08:01 26119151                   /home/toolchain/development/libc++_replacement/tmp/R11/extracted/32/32f8a5d949493eb83b9ecc4d8870197d9cfe218cec9f52a6b8da7ebc2508aad1/usr/lib64/libpkgmgr-client.so.0.23.1
78b9390c9000-78b9390d7000 r--p 00032000 08:01 26119151                   /home/toolchain/development/libc++_replacement/tmp/R11/extracted/32/32f8a5d949493eb83b9ecc4d8870197d9cfe218cec9f52a6b8da7ebc2508aad1/usr/lib64/libpkgmgr-client.so.0.23.1
78b9390d7000-78b9390d8000 r--p 00040000 08:01 26119151                   /home/toolchain/development/libc++_replacement/tmp/R11/extracted/32/32f8a5d949493eb83b9ecc4d8870197d9cfe218cec9f52a6b8da7ebc2508aad1/usr/lib64/libpkgmgr-client.so.0.23.1
78b9390d8000-78b9390d9000 rw-p 00041000 08:01 26119151                   /home/toolchain/development/libc++_replacement/tmp/R11/extracted/32/32f8a5d949493eb83b9ecc4d8870197d9cfe218cec9f52a6b8da7ebc2508aad1/usr/lib64/libpkgmgr-client.so.0.23.1
78b9390d9000-78b9390da000 r--p 00000000 08:01 23624262                   /home/toolchain/development/libc++_replacement/tmp/R11/extracted/ff/ff59991b5cf650e0726c6f54af329bf9fbe7fd36f9f7c42dda22ca9742225e79/usr/lib64/libsharpyuv.so.0.1.0
78b9390da000-78b9390df000 r-xp 00001000 08:01 23624262                   /home/toolchain/development/libc++_replacement/tmp/R11/extracted/ff/ff59991b5cf650e0726c6f54af329bf9fbe7fd36f9f7c42dda22ca9742225e79/usr/lib64/libsharpyuv.so.0.1.0
78b9390df000-78b9390e0000 r--p 00006000 08:01 23624262                   /home/toolchain/development/libc++_replacement/tmp/R11/extracted/ff/ff59991b5cf650e0726c6f54af329bf9fbe7fd36f9f7c42dda22ca9742225e79/usr/lib64/libsharpyuv.so.0.1.0
78b9390e0000-78b9390e1000 r--p 00006000 08:01 23624262                   /home/toolchain/development/libc++_replacement/tmp/R11/extracted/ff/ff59991b5cf650e0726c6f54af329bf9fbe7fd36f9f7c42dda22ca9742225e79/usr/lib64/libsharpyuv.so.0.1.0
78b9390e1000-78b9390e2000 rw-p 00007000 08:01 23624262                   /home/toolchain/development/libc++_replacement/tmp/R11/extracted/ff/ff59991b5cf650e0726c6f54af329bf9fbe7fd36f9f7c42dda22ca9742225e79/usr/lib64/libsharpyuv.so.0.1.0
78b9390e2000-78b9390e3000 rw-p 00000000 00:00 0 
78b9390e3000-78b9390e4000 r--p 00000000 08:01 26005200                   /home/toolchain/development/libc++_replacement/tmp/R11/extracted/9b/9b1b05c9f8128ab3b94caeec9a690f5aa7601a187ad3e19597fe69eb5fd16ed4/usr/lib64/libbrotlicommon.so.1.1.0
78b9390e4000-78b9390e5000 r-xp 00001000 08:01 26005200                   /home/toolchain/development/libc++_replacement/tmp/R11/extracted/9b/9b1b05c9f8128ab3b94caeec9a690f5aa7601a187ad3e19597fe69eb5fd16ed4/usr/lib64/libbrotlicommon.so.1.1.0
78b9390e5000-78b939104000 r--p 00002000 08:01 26005200                   /home/toolchain/development/libc++_replacement/tmp/R11/extracted/9b/9b1b05c9f8128ab3b94caeec9a690f5aa7601a187ad3e19597fe69eb5fd16ed4/usr/lib64/libbrotlicommon.so.1.1.0
78b939104000-78b939105000 r--p 00021000 08:01 26005200                   /home/toolchain/development/libc++_replacement/tmp/R11/extracted/9b/9b1b05c9f8128ab3b94caeec9a690f5aa7601a187ad3e19597fe69eb5fd16ed4/usr/lib64/libbrotlicommon.so.1.1.0
78b939105000-78b939106000 rw-p 00022000 08:01 26005200                   /home/toolchain/development/libc++_replacement/tmp/R11/extracted/9b/9b1b05c9f8128ab3b94caeec9a690f5aa7601a187ad3e19597fe69eb5fd16ed4/usr/lib64/libbrotlicommon.so.1.1.0
78b939106000-78b939117000 r--p 00000000 08:01 26088451                   /home/toolchain/development/libc++_replacement/tmp/R11/extracted/3b/3b0aaa783ede91ab165509b8c3b0c749099cd0c919cb5183731feae59edc3c57/usr/lib64/libsystemd.so.0.27.1
78b939117000-78b939185000 r-xp 00011000 08:01 26088451                   /home/toolchain/development/libc++_replacement/tmp/R11/extracted/3b/3b0aaa783ede91ab165509b8c3b0c749099cd0c919cb5183731feae59edc3c57/usr/lib64/libsystemd.so.0.27.1
78b939185000-78b9391c1000 r--p 0007f000 08:01 26088451                   /home/toolchain/development/libc++_replacement/tmp/R11/extracted/3b/3b0aaa783ede91ab165509b8c3b0c749099cd0c919cb5183731feae59edc3c57/usr/lib64/libsystemd.so.0.27.1
78b9391c1000-78b9391c5000 r--p 000ba000 08:01 26088451                   /home/toolchain/development/libc++_replacement/tmp/R11/extracted/3b/3b0aaa783ede91ab165509b8c3b0c749099cd0c919cb5183731feae59edc3c57/usr/lib64/libsystemd.so.0.27.1
78b9391c5000-78b9391c6000 rw-p 000be000 08:01 26088451                   /home/toolchain/development/libc++_replacement/tmp/R11/extracted/3b/3b0aaa783ede91ab165509b8c3b0c749099cd0c919cb5183731feae59edc3c57/usr/lib64/libsystemd.so.0.27.1
78b9391c6000-78b9391c7000 rw-p 00000000 00:00 0 
78b9391c7000-78b9391d1000 r--p 00000000 08:01 26119114                   /home/toolchain/development/libc++_replacement/tmp/R11/extracted/27/27ec88e1ca62912814cec5fd69802fced7542855d9f811b38194c0aed74c7fb4/usr/lib64/libpixman-1.so.0.38.4
78b9391d1000-78b939243000 r-xp 0000a000 08:01 26119114                   /home/toolchain/development/libc++_replacement/tmp/R11/extracted/27/27ec88e1ca62912814cec5fd69802fced7542855d9f811b38194c0aed74c7fb4/usr/lib64/libpixman-1.so.0.38.4
78b939243000-78b939251000 r--p 0007c000 08:01 26119114                   /home/toolchain/development/libc++_replacement/tmp/R11/extracted/27/27ec88e1ca62912814cec5fd69802fced7542855d9f811b38194c0aed74c7fb4/usr/lib64/libpixman-1.so.0.38.4
78b939251000-78b939259000 r--p 00089000 08:01 26119114                   /home/toolchain/development/libc++_replacement/tmp/R11/extracted/27/27ec88e1ca62912814cec5fd69802fced7542855d9f811b38194c0aed74c7fb4/usr/lib64/libpixman-1.so.0.38.4
78b939259000-78b93925a000 rw-p 00091000 08:01 26119114                   /home/toolchain/development/libc++_replacement/tmp/R11/extracted/27/27ec88e1ca62912814cec5fd69802fced7542855d9f811b38194c0aed74c7fb4/usr/lib64/libpixman-1.so.0.38.4
78b93925a000-78b939261000 r--p 00000000 08:01 26089526                   /home/toolchain/development/libc++_replacement/tmp/R11/extracted/fb/fb3083a3f30a8f2d170dd0973ba315b8405542acf7eca67e2e509d0312e63872/usr/lib64/libwayland-server.so.0.23.1
78b939261000-78b939269000 r-xp 00007000 08:01 26089526                   /home/toolchain/development/libc++_replacement/tmp/R11/extracted/fb/fb3083a3f30a8f2d170dd0973ba315b8405542acf7eca67e2e509d0312e63872/usr/lib64/libwayland-server.so.0.23.1
78b939269000-78b93926e000 r--p 0000f000 08:01 26089526                   /home/toolchain/development/libc++_replacement/tmp/R11/extracted/fb/fb3083a3f30a8f2d170dd0973ba315b8405542acf7eca67e2e509d0312e63872/usr/lib64/libwayland-server.so.0.23.1
78b93926e000-78b939270000 r--p 00013000 08:01 26089526                   /home/toolchain/development/libc++_replacement/tmp/R11/extracted/fb/fb3083a3f30a8f2d170dd0973ba315b8405542acf7eca67e2e509d0312e63872/usr/lib64/libwayland-server.so.0.23.1
78b939270000-78b939271000 rw-p 00015000 08:01 26089526                   /home/toolchain/development/libc++_replacement/tmp/R11/extracted/fb/fb3083a3f30a8f2d170dd0973ba315b8405542acf7eca67e2e509d0312e63872/usr/lib64/libwayland-server.so.0.23.1
78b939271000-78b939276000 r--p 00000000 08:01 23620893                   /home/toolchain/development/libc++_replacement/tmp/R11/extracted/27/27790395513c771a19fc9313c1b659aedfb932af999bbfa6acb65505290811fd/usr/lib64/libdrm.so.2.131.0
78b939276000-78b93927f000 r-xp 00005000 08:01 23620893                   /home/toolchain/development/libc++_replacement/tmp/R11/extracted/27/27790395513c771a19fc9313c1b659aedfb932af999bbfa6acb65505290811fd/usr/lib64/libdrm.so.2.131.0
78b93927f000-78b939283000 r--p 0000e000 08:01 23620893                   /home/toolchain/development/libc++_replacement/tmp/R11/extracted/27/27790395513c771a19fc9313c1b659aedfb932af999bbfa6acb65505290811fd/usr/lib64/libdrm.so.2.131.0
78b939283000-78b939284000 r--p 00012000 08:01 23620893                   /home/toolchain/development/libc++_replacement/tmp/R11/extracted/27/27790395513c771a19fc9313c1b659aedfb932af999bbfa6acb65505290811fd/usr/lib64/libdrm.so.2.131.0
78b939284000-78b939285000 rw-p 00013000 08:01 23620893                   /home/toolchain/development/libc++_replacement/tmp/R11/extracted/27/27790395513c771a19fc9313c1b659aedfb932af999bbfa6acb65505290811fd/usr/lib64/libdrm.so.2.131.0
78b939285000-78b939287000 r--p 00000000 08:01 25977975                   /home/toolchain/development/libc++_replacement/tmp/R11/extracted/a8/a8819aea63da55c4f0c49599f1947c129924372a67347c7bbf3dbf647a33ec09/usr/lib64/hal/libhal-api-tbm.so.1.1
78b939287000-78b93928a000 r-xp 00002000 08:01 25977975                   /home/toolchain/development/libc++_replacement/tmp/R11/extracted/a8/a8819aea63da55c4f0c49599f1947c129924372a67347c7bbf3dbf647a33ec09/usr/lib64/hal/libhal-api-tbm.so.1.1
78b93928a000-78b93928b000 r--p 00005000 08:01 25977975                   /home/toolchain/development/libc++_replacement/tmp/R11/extracted/a8/a8819aea63da55c4f0c49599f1947c129924372a67347c7bbf3dbf647a33ec09/usr/lib64/hal/libhal-api-tbm.so.1.1
78b93928b000-78b93928c000 r--p 00005000 08:01 25977975                   /home/toolchain/development/libc++_replacement/tmp/R11/extracted/a8/a8819aea63da55c4f0c49599f1947c129924372a67347c7bbf3dbf647a33ec09/usr/lib64/hal/libhal-api-tbm.so.1.1
78b93928c000-78b93928d000 rw-p 00006000 08:01 25977975                   /home/toolchain/development/libc++_replacement/tmp/R11/extracted/a8/a8819aea63da55c4f0c49599f1947c129924372a67347c7bbf3dbf647a33ec09/usr/lib64/hal/libhal-api-tbm.so.1.1
78b93928d000-78b93928e000 r--p 00000000 08:01 26086361                   /home/toolchain/development/libc++_replacement/tmp/R11/extracted/54/54cd3d5fbbf2c43d1181e14b984e9bf87fd8f50975da2a32c526bf7b99d5c317/usr/lib64/libmmfdisplay_interface.so.0.0.0
78b93928e000-78b939290000 r-xp 00001000 08:01 26086361                   /home/toolchain/development/libc++_replacement/tmp/R11/extracted/54/54cd3d5fbbf2c43d1181e14b984e9bf87fd8f50975da2a32c526bf7b99d5c317/usr/lib64/libmmfdisplay_interface.so.0.0.0
78b939290000-78b939291000 r--p 00003000 08:01 26086361                   /home/toolchain/development/libc++_replacement/tmp/R11/extracted/54/54cd3d5fbbf2c43d1181e14b984e9bf87fd8f50975da2a32c526bf7b99d5c317/usr/lib64/libmmfdisplay_interface.so.0.0.0
78b939291000-78b939292000 r--p 00003000 08:01 26086361                   /home/toolchain/development/libc++_replacement/tmp/R11/extracted/54/54cd3d5fbbf2c43d1181e14b984e9bf87fd8f50975da2a32c526bf7b99d5c317/usr/lib64/libmmfdisplay_interface.so.0.0.0
78b939292000-78b939293000 rw-p 00004000 08:01 26086361                   /home/toolchain/development/libc++_replacement/tmp/R11/extracted/54/54cd3d5fbbf2c43d1181e14b984e9bf87fd8f50975da2a32c526bf7b99d5c317/usr/lib64/libmmfdisplay_interface.so.0.0.0
78b939293000-78b939296000 r--p 00000000 08:01 26092018                   /home/toolchain/development/libc++_replacement/tmp/R11/extracted/81/810168d4f73fa589e05aeee81dc54450cbf957f7fc51c0cb5b4830a6024aa4b5/usr/lib64/libmuse-core.so.0.5.1
78b939296000-78b93929a000 r-xp 00003000 08:01 26092018                   /home/toolchain/development/libc++_replacement/tmp/R11/extracted/81/810168d4f73fa589e05aeee81dc54450cbf957f7fc51c0cb5b4830a6024aa4b5/usr/lib64/libmuse-core.so.0.5.1
78b93929a000-78b93929c000 r--p 00007000 08:01 26092018                   /home/toolchain/development/libc++_replacement/tmp/R11/extracted/81/810168d4f73fa589e05aeee81dc54450cbf957f7fc51c0cb5b4830a6024aa4b5/usr/lib64/libmuse-core.so.0.5.1
78b93929c000-78b93929d000 r--p 00008000 08:01 26092018                   /home/toolchain/development/libc++_replacement/tmp/R11/extracted/81/810168d4f73fa589e05aeee81dc54450cbf957f7fc51c0cb5b4830a6024aa4b5/usr/lib64/libmuse-core.so.0.5.1
78b93929d000-78b93929e000 rw-p 00009000 08:01 26092018                   /home/toolchain/development/libc++_replacement/tmp/R11/extracted/81/810168d4f73fa589e05aeee81dc54450cbf957f7fc51c0cb5b4830a6024aa4b5/usr/lib64/libmuse-core.so.0.5.1
78b93929e000-78b9392a0000 r--p 00000000 08:01 26092016                   /home/toolchain/development/libc++_replacement/tmp/R11/extracted/81/810168d4f73fa589e05aeee81dc54450cbf957f7fc51c0cb5b4830a6024aa4b5/usr/lib64/libmuse-client.so.0.5.1
78b9392a0000-78b9392a1000 r-xp 00002000 08:01 26092016                   /home/toolchain/development/libc++_replacement/tmp/R11/extracted/81/810168d4f73fa589e05aeee81dc54450cbf957f7fc51c0cb5b4830a6024aa4b5/usr/lib64/libmuse-client.so.0.5.1
78b9392a1000-78b9392a2000 r--p 00003000 08:01 26092016                   /home/toolchain/development/libc++_replacement/tmp/R11/extracted/81/810168d4f73fa589e05aeee81dc54450cbf957f7fc51c0cb5b4830a6024aa4b5/usr/lib64/libmuse-client.so.0.5.1
78b9392a2000-78b9392a3000 r--p 00003000 08:01 26092016                   /home/toolchain/development/libc++_replacement/tmp/R11/extracted/81/810168d4f73fa589e05aeee81dc54450cbf957f7fc51c0cb5b4830a6024aa4b5/usr/lib64/libmuse-client.so.0.5.1
78b9392a3000-78b9392a4000 rw-p 00004000 08:01 26092016                   /home/toolchain/development/libc++_replacement/tmp/R11/extracted/81/810168d4f73fa589e05aeee81dc54450cbf957f7fc51c0cb5b4830a6024aa4b5/usr/lib64/libmuse-client.so.0.5.1
78b9392a4000-78b9392e1000 r--p 00000000 08:01 26085380                   /home/toolchain/development/libc++_replacement/tmp/R11/extracted/e9/e940e836ede47e0ddf93cf6964e9ecf1f0b4ce7c35fa42fa15644c6cabac385d/usr/lib64/libgio-2.0.so.0.8000.5
78b9392e1000-78b9393d0000 r-xp 0003d000 08:01 26085380                   /home/toolchain/development/libc++_replacement/tmp/R11/extracted/e9/e940e836ede47e0ddf93cf6964e9ecf1f0b4ce7c35fa42fa15644c6cabac385d/usr/lib64/libgio-2.0.so.0.8000.5
78b9393d0000-78b939443000 r--p 0012c000 08:01 26085380                   /home/toolchain/development/libc++_replacement/tmp/R11/extracted/e9/e940e836ede47e0ddf93cf6964e9ecf1f0b4ce7c35fa42fa15644c6cabac385d/usr/lib64/libgio-2.0.so.0.8000.5
78b939443000-78b93944a000 r--p 0019f000 08:01 26085380                   /home/toolchain/development/libc++_replacement/tmp/R11/extracted/e9/e940e836ede47e0ddf93cf6964e9ecf1f0b4ce7c35fa42fa15644c6cabac385d/usr/lib64/libgio-2.0.so.0.8000.5
78b93944a000-78b93944d000 rw-p 001a6000 08:01 26085380                   /home/toolchain/development/libc++_replacement/tmp/R11/extracted/e9/e940e836ede47e0ddf93cf6964e9ecf1f0b4ce7c35fa42fa15644c6cabac385d/usr/lib64/libgio-2.0.so.0.8000.5
78b93944d000-78b93944e000 rw-p 00000000 00:00 0 
78b93944e000-78b939451000 r--p 00000000 08:01 25821235                   /home/toolchain/development/libc++_replacement/tmp/R11/extracted/1e/1eaf1a7cdd2450d7f7700221f3735cb6d7872050657f731a8fe3a9915b225563/usr/lib64/libbuxton2.so.1.9.14
78b939451000-78b939459000 r-xp 00003000 08:01 25821235                   /home/toolchain/development/libc++_replacement/tmp/R11/extracted/1e/1eaf1a7cdd2450d7f7700221f3735cb6d7872050657f731a8fe3a9915b225563/usr/lib64/libbuxton2.so.1.9.14
78b939459000-78b93945c000 r--p 0000b000 08:01 25821235                   /home/toolchain/development/libc++_replacement/tmp/R11/extracted/1e/1eaf1a7cdd2450d7f7700221f3735cb6d7872050657f731a8fe3a9915b225563/usr/lib64/libbuxton2.so.1.9.14
78b93945c000-78b93945d000 r--p 0000d000 08:01 25821235                   /home/toolchain/development/libc++_replacement/tmp/R11/extracted/1e/1eaf1a7cdd2450d7f7700221f3735cb6d7872050657f731a8fe3a9915b225563/usr/lib64/libbuxton2.so.1.9.14
78b93945d000-78b93945e000 rw-p 0000e000 08:01 25821235                   /home/toolchain/development/libc++_replacement/tmp/R11/extracted/1e/1eaf1a7cdd2450d7f7700221f3735cb6d7872050657f731a8fe3a9915b225563/usr/lib64/libbuxton2.so.1.9.14
78b93945e000-78b939466000 r--p 00000000 08:01 25839020                   /home/toolchain/development/libc++_replacement/tmp/R11/extracted/4a/4a4b557807fc34798ad0cd03cbf25933efbbd20adbbd8a5e1b38326251eef356/usr/lib64/libeio.so.1.25.1
78b939466000-78b939476000 r-xp 00008000 08:01 25839020                   /home/toolchain/development/libc++_replacement/tmp/R11/extracted/4a/4a4b557807fc34798ad0cd03cbf25933efbbd20adbbd8a5e1b38326251eef356/usr/lib64/libeio.so.1.25.1
78b939476000-78b93947c000 r--p 00018000 08:01 25839020                   /home/toolchain/development/libc++_replacement/tmp/R11/extracted/4a/4a4b557807fc34798ad0cd03cbf25933efbbd20adbbd8a5e1b38326251eef356/usr/lib64/libeio.so.1.25.1
78b93947c000-78b93947d000 r--p 0001d000 08:01 25839020                   /home/toolchain/development/libc++_replacement/tmp/R11/extracted/4a/4a4b557807fc34798ad0cd03cbf25933efbbd20adbbd8a5e1b38326251eef356/usr/lib64/libeio.so.1.25.1
78b93947d000-78b93947e000 rw-p 0001e000 08:01 25839020                   /home/toolchain/development/libc++_replacement/tmp/R11/extracted/4a/4a4b557807fc34798ad0cd03cbf25933efbbd20adbbd8a5e1b38326251eef356/usr/lib64/libeio.so.1.25.1
78b93947e000-78b939485000 r--p 00000000 08:01 25841991                   /home/toolchain/development/libc++_replacement/tmp/R11/extracted/85/8593668a2047d3875440ac697a9504b995034fbbf6617f9ac8baf46212921460/usr/lib64/libemotion.so.1.25.1
78b939485000-78b93948f000 r-xp 00007000 08:01 25841991                   /home/toolchain/development/libc++_replacement/tmp/R11/extracted/85/8593668a2047d3875440ac697a9504b995034fbbf6617f9ac8baf46212921460/usr/lib64/libemotion.so.1.25.1
78b93948f000-78b939495000 r--p 00011000 08:01 25841991                   /home/toolchain/development/libc++_replacement/tmp/R11/extracted/85/8593668a2047d3875440ac697a9504b995034fbbf6617f9ac8baf46212921460/usr/lib64/libemotion.so.1.25.1
78b939495000-78b939496000 r--p 00017000 08:01 25841991                   /home/toolchain/development/libc++_replacement/tmp/R11/extracted/85/8593668a2047d3875440ac697a9504b995034fbbf6617f9ac8baf46212921460/usr/lib64/libemotion.so.1.25.1
78b939496000-78b939497000 rw-p 00018000 08:01 25841991                   /home/toolchain/development/libc++_replacement/tmp/R11/extracted/85/8593668a2047d3875440ac697a9504b995034fbbf6617f9ac8baf46212921460/usr/lib64/libemotion.so.1.25.1
78b939497000-78b93949a000 r--p 00000000 08:01 25869257                   /home/toolchain/development/libc++_replacement/tmp/R11/extracted/41/416d01db4ad75a8a452cfe82485dd4a95b731df556354dc1373b5c5653af4be8/usr/lib64/libethumb_client.so.1.25.1
78b93949a000-78b93949e000 r-xp 00003000 08:01 25869257                   /home/toolchain/development/libc++_replacement/tmp/R11/extracted/41/416d01db4ad75a8a452cfe82485dd4a95b731df556354dc1373b5c5653af4be8/usr/lib64/libethumb_client.so.1.25.1
78b93949e000-78b9394a0000 r--p 00007000 08:01 25869257                   /home/toolchain/development/libc++_replacement/tmp/R11/extracted/41/416d01db4ad75a8a452cfe82485dd4a95b731df556354dc1373b5c5653af4be8/usr/lib64/libethumb_client.so.1.25.1
78b9394a0000-78b9394a1000 r--p 00008000 08:01 25869257                   /home/toolchain/development/libc++_replacement/tmp/R11/extracted/41/416d01db4ad75a8a452cfe82485dd4a95b731df556354dc1373b5c5653af4be8/usr/lib64/libethumb_client.so.1.25.1
78b9394a1000-78b9394a2000 rw-p 00009000 08:01 25869257                   /home/toolchain/development/libc++_replacement/tmp/R11/extracted/41/416d01db4ad75a8a452cfe82485dd4a95b731df556354dc1373b5c5653af4be8/usr/lib64/libethumb_client.so.1.25.1
78b9394a2000-78b9394be000 r--p 00000000 08:01 25834962                   /home/toolchain/development/libc++_replacement/tmp/R11/extracted/f8/f8e22b05dba8a911adfe63a87320d40944eb87aebc4fd1f1a24350bad3463285/usr/lib64/libecore_con.so.1.25.1
78b9394be000-78b939505000 r-xp 0001c000 08:01 25834962                   /home/toolchain/development/libc++_replacement/tmp/R11/extracted/f8/f8e22b05dba8a911adfe63a87320d40944eb87aebc4fd1f1a24350bad3463285/usr/lib64/libecore_con.so.1.25.1
78b939505000-78b939525000 r--p 00063000 08:01 25834962                   /home/toolchain/development/libc++_replacement/tmp/R11/extracted/f8/f8e22b05dba8a911adfe63a87320d40944eb87aebc4fd1f1a24350bad3463285/usr/lib64/libecore_con.so.1.25.1
78b939525000-78b93952a000 r--p 00082000 08:01 25834962                   /home/toolchain/development/libc++_replacement/tmp/R11/extracted/f8/f8e22b05dba8a911adfe63a87320d40944eb87aebc4fd1f1a24350bad3463285/usr/lib64/libecore_con.so.1.25.1
78b93952a000-78b93952b000 rw-p 00087000 08:01 25834962                   /home/toolchain/development/libc++_replacement/tmp/R11/extracted/f8/f8e22b05dba8a911adfe63a87320d40944eb87aebc4fd1f1a24350bad3463285/usr/lib64/libecore_con.so.1.25.1
78b93952b000-78b93952c000 rw-p 00000000 00:00 0 
78b93952c000-78b939530000 r--p 00000000 08:01 25834877                   /home/toolchain/development/libc++_replacement/tmp/R11/extracted/97/9717950ffaa8d6903b969c62e88c9d346585aed2321c2406293e8d512b454aec/usr/lib64/libecore_audio.so.1.25.1
78b939530000-78b939536000 r-xp 00004000 08:01 25834877                   /home/toolchain/development/libc++_replacement/tmp/R11/extracted/97/9717950ffaa8d6903b969c62e88c9d346585aed2321c2406293e8d512b454aec/usr/lib64/libecore_audio.so.1.25.1
78b939536000-78b939539000 r--p 0000a000 08:01 25834877                   /home/toolchain/development/libc++_replacement/tmp/R11/extracted/97/9717950ffaa8d6903b969c62e88c9d346585aed2321c2406293e8d512b454aec/usr/lib64/libecore_audio.so.1.25.1
78b939539000-78b93953a000 r--p 0000d000 08:01 25834877                   /home/toolchain/development/libc++_replacement/tmp/R11/extracted/97/9717950ffaa8d6903b969c62e88c9d346585aed2321c2406293e8d512b454aec/usr/lib64/libecore_audio.so.1.25.1
78b93953a000-78b93953b000 rw-p 0000e000 08:01 25834877                   /home/toolchain/development/libc++_replacement/tmp/R11/extracted/97/9717950ffaa8d6903b969c62e88c9d346585aed2321c2406293e8d512b454aec/usr/lib64/libecore_audio.so.1.25.1
78b93953b000-78b939542000 r--p 00000000 08:01 25838718                   /home/toolchain/development/libc++_replacement/tmp/R11/extracted/1c/1c018d0d6c83eff939ad61b356cb8c4e1fbbc5aa92fa3fb7940ba9b4e2ea74bc/usr/lib64/libefreet.so.1.25.1
78b939542000-78b939558000 r-xp 00007000 08:01 25838718                   /home/toolchain/development/libc++_replacement/tmp/R11/extracted/1c/1c018d0d6c83eff939ad61b356cb8c4e1fbbc5aa92fa3fb7940ba9b4e2ea74bc/usr/lib64/libefreet.so.1.25.1
78b939558000-78b93955f000 r--p 0001d000 08:01 25838718                   /home/toolchain/development/libc++_replacement/tmp/R11/extracted/1c/1c018d0d6c83eff939ad61b356cb8c4e1fbbc5aa92fa3fb7940ba9b4e2ea74bc/usr/lib64/libefreet.so.1.25.1
78b93955f000-78b939560000 r--p 00024000 08:01 25838718                   /home/toolchain/development/libc++_replacement/tmp/R11/extracted/1c/1c018d0d6c83eff939ad61b356cb8c4e1fbbc5aa92fa3fb7940ba9b4e2ea74bc/usr/lib64/libefreet.so.1.25.1
78b939560000-78b939561000 rw-p 00025000 08:01 25838718                   /home/toolchain/development/libc++_replacement/tmp/R11/extracted/1c/1c018d0d6c83eff939ad61b356cb8c4e1fbbc5aa92fa3fb7940ba9b4e2ea74bc/usr/lib64/libefreet.so.1.25.1
78b939561000-78b939562000 rw-p 00000000 00:00 0 
78b939562000-78b939566000 r--p 00000000 08:01 25841874                   /home/toolchain/development/libc++_replacement/tmp/R11/extracted/93/937dff2a3aa0bd0389e3bef9adaa4b76950cd5d5253233517084cebf801a3893/usr/lib64/libembryo.so.1.25.1
78b939566000-78b93956b000 r-xp 00004000 08:01 25841874                   /home/toolchain/development/libc++_replacement/tmp/R11/extracted/93/937dff2a3aa0bd0389e3bef9adaa4b76950cd5d5253233517084cebf801a3893/usr/lib64/libembryo.so.1.25.1
78b93956b000-78b93956d000 r--p 00009000 08:01 25841874                   /home/toolchain/development/libc++_replacement/tmp/R11/extracted/93/937dff2a3aa0bd0389e3bef9adaa4b76950cd5d5253233517084cebf801a3893/usr/lib64/libembryo.so.1.25.1
78b93956d000-78b93956e000 r--p 0000b000 08:01 25841874                   /home/toolchain/development/libc++_replacement/tmp/R11/extracted/93/937dff2a3aa0bd0389e3bef9adaa4b76950cd5d5253233517084cebf801a3893/usr/lib64/libembryo.so.1.25.1
78b93956e000-78b93956f000 rw-p 0000c000 08:01 25841874                   /home/toolchain/development/libc++_replacement/tmp/R11/extracted/93/937dff2a3aa0bd0389e3bef9adaa4b76950cd5d5253233517084cebf801a3893/usr/lib64/libembryo.so.1.25.1
78b93956f000-78b939570000 r--p 00000000 08:01 25345794                   /home/toolchain/development/libc++_replacement/tmp/R11/extracted/f1/f17d337c85addd0a99315e1cbb6a1af911fdd00bcc7bcb50fa5cdb35ae488e02/usr/lib64/libecore_imf_evas.so.1.25.1
78b939570000-78b939571000 r-xp 00001000 08:01 25345794                   /home/toolchain/development/libc++_replacement/tmp/R11/extracted/f1/f17d337c85addd0a99315e1cbb6a1af911fdd00bcc7bcb50fa5cdb35ae488e02/usr/lib64/libecore_imf_evas.so.1.25.1
78b939571000-78b939572000 r--p 00002000 08:01 25345794                   /home/toolchain/development/libc++_replacement/tmp/R11/extracted/f1/f17d337c85addd0a99315e1cbb6a1af911fdd00bcc7bcb50fa5cdb35ae488e02/usr/lib64/libecore_imf_evas.so.1.25.1
78b939572000-78b939573000 r--p 00002000 08:01 25345794                   /home/toolchain/development/libc++_replacement/tmp/R11/extracted/f1/f17d337c85addd0a99315e1cbb6a1af911fdd00bcc7bcb50fa5cdb35ae488e02/usr/lib64/libecore_imf_evas.so.1.25.1
78b939573000-78b939574000 rw-p 00003000 08:01 25345794                   /home/toolchain/development/libc++_replacement/tmp/R11/extracted/f1/f17d337c85addd0a99315e1cbb6a1af911fdd00bcc7bcb50fa5cdb35ae488e02/usr/lib64/libecore_imf_evas.so.1.25.1
78b939574000-78b939577000 r--p 00000000 08:01 25835076                   /home/toolchain/development/libc++_replacement/tmp/R11/extracted/e4/e450587a399727062221f9af6565fea508840d1dc24dbbb5b5d685ad726d617e/usr/lib64/libecore_file.so.1.25.1
78b939577000-78b93957a000 r-xp 00003000 08:01 25835076                   /home/toolchain/development/libc++_replacement/tmp/R11/extracted/e4/e450587a399727062221f9af6565fea508840d1dc24dbbb5b5d685ad726d617e/usr/lib64/libecore_file.so.1.25.1
78b93957a000-78b93957c000 r--p 00006000 08:01 25835076                   /home/toolchain/development/libc++_replacement/tmp/R11/extracted/e4/e450587a399727062221f9af6565fea508840d1dc24dbbb5b5d685ad726d617e/usr/lib64/libecore_file.so.1.25.1
78b93957c000-78b93957d000 r--p 00007000 08:01 25835076                   /home/toolchain/development/libc++_replacement/tmp/R11/extracted/e4/e450587a399727062221f9af6565fea508840d1dc24dbbb5b5d685ad726d617e/usr/lib64/libecore_file.so.1.25.1
78b93957d000-78b93957e000 rw-p 00008000 08:01 25835076                   /home/toolchain/development/libc++_replacement/tmp/R11/extracted/e4/e450587a399727062221f9af6565fea508840d1dc24dbbb5b5d685ad726d617e/usr/lib64/libecore_file.so.1.25.1
78b93957e000-78b939583000 r--p 00000000 08:01 25837082                   /home/toolchain/development/libc++_replacement/tmp/R11/extracted/a1/a1e1bb605d98f60d10bc89df35f4aec65e772e1795e21b84692cc87bfb934f22/usr/lib64/libeeze.so.1.25.1
78b939583000-78b93958a000 r-xp 00005000 08:01 25837082                   /home/toolchain/development/libc++_replacement/tmp/R11/extracted/a1/a1e1bb605d98f60d10bc89df35f4aec65e772e1795e21b84692cc87bfb934f22/usr/lib64/libeeze.so.1.25.1
78b93958a000-78b93958d000 r--p 0000c000 08:01 25837082                   /home/toolchain/development/libc++_replacement/tmp/R11/extracted/a1/a1e1bb605d98f60d10bc89df35f4aec65e772e1795e21b84692cc87bfb934f22/usr/lib64/libeeze.so.1.25.1
78b93958d000-78b93958e000 r--p 0000f000 08:01 25837082                   /home/toolchain/development/libc++_replacement/tmp/R11/extracted/a1/a1e1bb605d98f60d10bc89df35f4aec65e772e1795e21b84692cc87bfb934f22/usr/lib64/libeeze.so.1.25.1
78b93958e000-78b93958f000 rw-p 00010000 08:01 25837082                   /home/toolchain/development/libc++_replacement/tmp/R11/extracted/a1/a1e1bb605d98f60d10bc89df35f4aec65e772e1795e21b84692cc87bfb934f22/usr/lib64/libeeze.so.1.25.1
78b93958f000-78b939592000 r--p 00000000 08:01 25835143                   /home/toolchain/development/libc++_replacement/tmp/R11/extracted/02/0245c6c3ad3344a194507d791061f62240be372ab249331fa7edd20e4215040a/usr/lib64/libecore_input_evas.so.1.25.1
78b939592000-78b939594000 r-xp 00003000 08:01 25835143                   /home/toolchain/development/libc++_replacement/tmp/R11/extracted/02/0245c6c3ad3344a194507d791061f62240be372ab249331fa7edd20e4215040a/usr/lib64/libecore_input_evas.so.1.25.1
78b939594000-78b939595000 r--p 00005000 08:01 25835143                   /home/toolchain/development/libc++_replacement/tmp/R11/extracted/02/0245c6c3ad3344a194507d791061f62240be372ab249331fa7edd20e4215040a/usr/lib64/libecore_input_evas.so.1.25.1
78b939595000-78b939596000 r--p 00005000 08:01 25835143                   /home/toolchain/development/libc++_replacement/tmp/R11/extracted/02/0245c6c3ad3344a194507d791061f62240be372ab249331fa7edd20e4215040a/usr/lib64/libecore_input_evas.so.1.25.1
78b939596000-78b939597000 rw-p 00006000 08:01 25835143                   /home/toolchain/development/libc++_replacement/tmp/R11/extracted/02/0245c6c3ad3344a194507d791061f62240be372ab249331fa7edd20e4215040a/usr/lib64/libecore_input_evas.so.1.25.1
78b939597000-78b9395a2000 r--p 00000000 08:01 26085642                   /home/toolchain/development/libc++_replacement/tmp/R11/extracted/4c/4ccd3f58cfedc62bfefbd09c834da30f55b9c7dc09f1e8e9a2ad70ce96c68026/usr/lib64/libharfbuzz.so.0.60822.0
78b9395a2000-78b93962e000 r-xp 0000b000 08:01 26085642                   /home/toolchain/development/libc++_replacement/tmp/R11/extracted/4c/4ccd3f58cfedc62bfefbd09c834da30f55b9c7dc09f1e8e9a2ad70ce96c68026/usr/lib64/libharfbuzz.so.0.60822.0
78b93962e000-78b93966e000 r--p 00097000 08:01 26085642                   /home/toolchain/development/libc++_replacement/tmp/R11/extracted/4c/4ccd3f58cfedc62bfefbd09c834da30f55b9c7dc09f1e8e9a2ad70ce96c68026/usr/lib64/libharfbuzz.so.0.60822.0
78b93966e000-78b93966f000 r--p 000d7000 08:01 26085642                   /home/toolchain/development/libc++_replacement/tmp/R11/extracted/4c/4ccd3f58cfedc62bfefbd09c834da30f55b9c7dc09f1e8e9a2ad70ce96c68026/usr/lib64/libharfbuzz.so.0.60822.0
78b93966f000-78b939670000 rw-p 000d8000 08:01 26085642                   /home/toolchain/development/libc++_replacement/tmp/R11/extracted/4c/4ccd3f58cfedc62bfefbd09c834da30f55b9c7dc09f1e8e9a2ad70ce96c68026/usr/lib64/libharfbuzz.so.0.60822.0
78b939670000-78b939671000 rw-p 00000000 00:00 0 
78b939671000-78b939672000 r--p 00000000 08:01 26085747                   /home/toolchain/development/libc++_replacement/tmp/R11/extracted/43/43f64317f522937911b8338c4a359fcae003597542cab1b4275cdfd7db444c7f/usr/lib64/libhyphen.so.0.3.0
78b939672000-78b939675000 r-xp 00001000 08:01 26085747                   /home/toolchain/development/libc++_replacement/tmp/R11/extracted/43/43f64317f522937911b8338c4a359fcae003597542cab1b4275cdfd7db444c7f/usr/lib64/libhyphen.so.0.3.0
78b939675000-78b939676000 r--p 00004000 08:01 26085747                   /home/toolchain/development/libc++_replacement/tmp/R11/extracted/43/43f64317f522937911b8338c4a359fcae003597542cab1b4275cdfd7db444c7f/usr/lib64/libhyphen.so.0.3.0
78b939676000-78b939677000 r--p 00004000 08:01 26085747                   /home/toolchain/development/libc++_replacement/tmp/R11/extracted/43/43f64317f522937911b8338c4a359fcae003597542cab1b4275cdfd7db444c7f/usr/lib64/libhyphen.so.0.3.0
78b939677000-78b939678000 rw-p 00005000 08:01 26085747                   /home/toolchain/development/libc++_replacement/tmp/R11/extracted/43/43f64317f522937911b8338c4a359fcae003597542cab1b4275cdfd7db444c7f/usr/lib64/libhyphen.so.0.3.0
78b939678000-78b93967a000 r--p 00000000 08:01 23598645                   /home/toolchain/development/libc++_replacement/tmp/R11/extracted/e8/e83a03d6c8a40e2e653dac1f944c39a08aca9a1e5dfa36547af2ba04fd76a584/usr/lib64/libfribidi.so.0.4.0
78b93967a000-78b93967e000 r-xp 00002000 08:01 23598645                   /home/toolchain/development/libc++_replacement/tmp/R11/extracted/e8/e83a03d6c8a40e2e653dac1f944c39a08aca9a1e5dfa36547af2ba04fd76a584/usr/lib64/libfribidi.so.0.4.0
78b93967e000-78b939693000 r--p 00006000 08:01 23598645                   /home/toolchain/development/libc++_replacement/tmp/R11/extracted/e8/e83a03d6c8a40e2e653dac1f944c39a08aca9a1e5dfa36547af2ba04fd76a584/usr/lib64/libfribidi.so.0.4.0
78b939693000-78b939694000 r--p 0001a000 08:01 23598645                   /home/toolchain/development/libc++_replacement/tmp/R11/extracted/e8/e83a03d6c8a40e2e653dac1f944c39a08aca9a1e5dfa36547af2ba04fd76a584/usr/lib64/libfribidi.so.0.4.0
78b939694000-78b939695000 rw-p 0001b000 08:01 23598645                   /home/toolchain/development/libc++_replacement/tmp/R11/extracted/e8/e83a03d6c8a40e2e653dac1f944c39a08aca9a1e5dfa36547af2ba04fd76a584/usr/lib64/libfribidi.so.0.4.0
78b939695000-78b93969a000 r--p 00000000 08:01 26090887                   /home/toolchain/development/libc++_replacement/tmp/R11/extracted/ad/adf4ec7a2b42179c08787df29643b76959484fb2d8082da784c557f760ff1e30/usr/lib64/librlottie.so.0.2
78b93969a000-78b9396c8000 r-xp 00005000 08:01 26090887                   /home/toolchain/development/libc++_replacement/tmp/R11/extracted/ad/adf4ec7a2b42179c08787df29643b76959484fb2d8082da784c557f760ff1e30/usr/lib64/librlottie.so.0.2
78b9396c8000-78b9396ce000 r--p 00033000 08:01 26090887                   /home/toolchain/development/libc++_replacement/tmp/R11/extracted/ad/adf4ec7a2b42179c08787df29643b76959484fb2d8082da784c557f760ff1e30/usr/lib64/librlottie.so.0.2
78b9396ce000-78b9396cf000 r--p 00038000 08:01 26090887                   /home/toolchain/development/libc++_replacement/tmp/R11/extracted/ad/adf4ec7a2b42179c08787df29643b76959484fb2d8082da784c557f760ff1e30/usr/lib64/librlottie.so.0.2
78b9396cf000-78b9396d0000 rw-p 00039000 08:01 26090887                   /home/toolchain/development/libc++_replacement/tmp/R11/extracted/ad/adf4ec7a2b42179c08787df29643b76959484fb2d8082da784c557f760ff1e30/usr/lib64/librlottie.so.0.2
78b9396d0000-78b9396e0000 r--p 00000000 08:01 26224767                   /home/toolchain/development/libc++_replacement/tmp/R11/extracted/6c/6c6e8d30039b7d845b2318486eeea4958f7c78c8fe906eac647084f14b01b688/usr/lib64/libthorvg.so.1.0.7
78b9396e0000-78b939733000 r-xp 00010000 08:01 26224767                   /home/toolchain/development/libc++_replacement/tmp/R11/extracted/6c/6c6e8d30039b7d845b2318486eeea4958f7c78c8fe906eac647084f14b01b688/usr/lib64/libthorvg.so.1.0.7
78b939733000-78b939736000 r--p 00063000 08:01 26224767                   /home/toolchain/development/libc++_replacement/tmp/R11/extracted/6c/6c6e8d30039b7d845b2318486eeea4958f7c78c8fe906eac647084f14b01b688/usr/lib64/libthorvg.so.1.0.7
78b939736000-78b939739000 r--p 00066000 08:01 26224767                   /home/toolchain/development/libc++_replacement/tmp/R11/extracted/6c/6c6e8d30039b7d845b2318486eeea4958f7c78c8fe906eac647084f14b01b688/usr/lib64/libthorvg.so.1.0.7
78b939739000-78b93973a000 rw-p 00069000 08:01 26224767                   /home/toolchain/development/libc++_replacement/tmp/R11/extracted/6c/6c6e8d30039b7d845b2318486eeea4958f7c78c8fe906eac647084f14b01b688/usr/lib64/libthorvg.so.1.0.7
78b93973a000-78b939743000 r--p 00000000 08:01 14724237                   /home/toolchain/development/libc++_replacement/tmp/R11/extracted/82/829c76f2244979cbaeed773d878d05c7a4bbb9bef3bb9bea5b5ec0be035af892/usr/lib64/liblua.so.5.1
78b939743000-78b93975b000 r-xp 00009000 08:01 14724237                   /home/toolchain/development/libc++_replacement/tmp/R11/extracted/82/829c76f2244979cbaeed773d878d05c7a4bbb9bef3bb9bea5b5ec0be035af892/usr/lib64/liblua.so.5.1
78b93975b000-78b939764000 r--p 00021000 08:01 14724237                   /home/toolchain/development/libc++_replacement/tmp/R11/extracted/82/829c76f2244979cbaeed773d878d05c7a4bbb9bef3bb9bea5b5ec0be035af892/usr/lib64/liblua.so.5.1
78b939764000-78b939766000 r--p 00029000 08:01 14724237                   /home/toolchain/development/libc++_replacement/tmp/R11/extracted/82/829c76f2244979cbaeed773d878d05c7a4bbb9bef3bb9bea5b5ec0be035af892/usr/lib64/liblua.so.5.1
78b939766000-78b939767000 rw-p 0002b000 08:01 14724237                   /home/toolchain/development/libc++_replacement/tmp/R11/extracted/82/829c76f2244979cbaeed773d878d05c7a4bbb9bef3bb9bea5b5ec0be035af892/usr/lib64/liblua.so.5.1
78b939767000-78b93976d000 r--p 00000000 08:01 25837053                   /home/toolchain/development/libc++_replacement/tmp/R11/extracted/46/4697dee8ce7cddc6b73f6fd60e00ed6cf4a2722bf9a73aa23dcb348203114846/usr/lib64/libeet.so.1.25.1
78b93976d000-78b939782000 r-xp 00006000 08:01 25837053                   /home/toolchain/development/libc++_replacement/tmp/R11/extracted/46/4697dee8ce7cddc6b73f6fd60e00ed6cf4a2722bf9a73aa23dcb348203114846/usr/lib64/libeet.so.1.25.1
78b939782000-78b939789000 r--p 0001b000 08:01 25837053                   /home/toolchain/development/libc++_replacement/tmp/R11/extracted/46/4697dee8ce7cddc6b73f6fd60e00ed6cf4a2722bf9a73aa23dcb348203114846/usr/lib64/libeet.so.1.25.1
78b939789000-78b93978a000 r--p 00021000 08:01 25837053                   /home/toolchain/development/libc++_replacement/tmp/R11/extracted/46/4697dee8ce7cddc6b73f6fd60e00ed6cf4a2722bf9a73aa23dcb348203114846/usr/lib64/libeet.so.1.25.1
78b93978a000-78b93978b000 rw-p 00022000 08:01 25837053                   /home/toolchain/development/libc++_replacement/tmp/R11/extracted/46/4697dee8ce7cddc6b73f6fd60e00ed6cf4a2722bf9a73aa23dcb348203114846/usr/lib64/libeet.so.1.25.1
78b93978b000-78b939793000 rw-p 00000000 00:00 0 
78b939793000-78b939798000 r--p 00000000 08:01 25841955                   /home/toolchain/development/libc++_replacement/tmp/R11/extracted/a0/a00aee94db4dfdda09717ca195e67c5cfba7caae0932ccf6c4df97efa6615010/usr/lib64/libemile.so.1.25.1
78b939798000-78b9397bb000 r-xp 00005000 08:01 25841955                   /home/toolchain/development/libc++_replacement/tmp/R11/extracted/a0/a00aee94db4dfdda09717ca195e67c5cfba7caae0932ccf6c4df97efa6615010/usr/lib64/libemile.so.1.25.1
78b9397bb000-78b9397c1000 r--p 00028000 08:01 25841955                   /home/toolchain/development/libc++_replacement/tmp/R11/extracted/a0/a00aee94db4dfdda09717ca195e67c5cfba7caae0932ccf6c4df97efa6615010/usr/lib64/libemile.so.1.25.1
78b9397c1000-78b9397c2000 r--p 0002d000 08:01 25841955                   /home/toolchain/development/libc++_replacement/tmp/R11/extracted/a0/a00aee94db4dfdda09717ca195e67c5cfba7caae0932ccf6c4df97efa6615010/usr/lib64/libemile.so.1.25.1
78b9397c2000-78b9397c3000 rw-p 0002e000 08:01 25841955                   /home/toolchain/development/libc++_replacement/tmp/R11/extracted/a0/a00aee94db4dfdda09717ca195e67c5cfba7caae0932ccf6c4df97efa6615010/usr/lib64/libemile.so.1.25.1
78b9397c3000-78b9397cb000 rw-p 00000000 00:00 0 
78b9397cb000-78b9397cd000 r--p 00000000 08:01 25836061                   /home/toolchain/development/libc++_replacement/tmp/R11/extracted/89/89f50617a349ff4bd32cbbf2cbf74fdddff1140aaff38e26154ed17667ad4a01/usr/lib64/libector.so.1.25.1
78b9397cd000-78b9397d6000 r-xp 00002000 08:01 25836061                   /home/toolchain/development/libc++_replacement/tmp/R11/extracted/89/89f50617a349ff4bd32cbbf2cbf74fdddff1140aaff38e26154ed17667ad4a01/usr/lib64/libector.so.1.25.1
78b9397d6000-78b9397da000 r--p 0000b000 08:01 25836061                   /home/toolchain/development/libc++_replacement/tmp/R11/extracted/89/89f50617a349ff4bd32cbbf2cbf74fdddff1140aaff38e26154ed17667ad4a01/usr/lib64/libector.so.1.25.1
78b9397da000-78b9397db000 r--p 0000e000 08:01 25836061                   /home/toolchain/development/libc++_replacement/tmp/R11/extracted/89/89f50617a349ff4bd32cbbf2cbf74fdddff1140aaff38e26154ed17667ad4a01/usr/lib64/libector.so.1.25.1
78b9397db000-78b9397dc000 rw-p 0000f000 08:01 25836061                   /home/toolchain/development/libc++_replacement/tmp/R11/extracted/89/89f50617a349ff4bd32cbbf2cbf74fdddff1140aaff38e26154ed17667ad4a01/usr/lib64/libector.so.1.25.1
78b9397dc000-78b9397e4000 rw-p 00000000 00:00 0 
78b9397e4000-78b9397fc000 r--p 00000000 08:01 25837129                   /home/toolchain/development/libc++_replacement/tmp/R11/extracted/8d/8d0ef0801e89c4a4abf0bb15318bae80a14e648bb2e5a4d6554c9de752d628c2/usr/lib64/libefl.so.1.25.1
78b9397fc000-78b93982a000 r-xp 00018000 08:01 25837129                   /home/toolchain/development/libc++_replacement/tmp/R11/extracted/8d/8d0ef0801e89c4a4abf0bb15318bae80a14e648bb2e5a4d6554c9de752d628c2/usr/lib64/libefl.so.1.25.1
78b93982a000-78b93983e000 r--p 00046000 08:01 25837129                   /home/toolchain/development/libc++_replacement/tmp/R11/extracted/8d/8d0ef0801e89c4a4abf0bb15318bae80a14e648bb2e5a4d6554c9de752d628c2/usr/lib64/libefl.so.1.25.1
78b93983e000-78b939844000 r--p 00059000 08:01 25837129                   /home/toolchain/development/libc++_replacement/tmp/R11/extracted/8d/8d0ef0801e89c4a4abf0bb15318bae80a14e648bb2e5a4d6554c9de752d628c2/usr/lib64/libefl.so.1.25.1
78b939844000-78b939845000 rw-p 0005f000 08:01 25837129                   /home/toolchain/development/libc++_replacement/tmp/R11/extracted/8d/8d0ef0801e89c4a4abf0bb15318bae80a14e648bb2e5a4d6554c9de752d628c2/usr/lib64/libefl.so.1.25.1
78b939845000-78b939846000 rw-p 00000000 00:00 0 
78b939846000-78b93984c000 r--p 00000000 08:01 25844052                   /home/toolchain/development/libc++_replacement/tmp/R11/extracted/f1/f1dcf451e8f2e546cadcdfb1ff56e27d70bc7bba08da957752cf3586f98b980c/usr/lib64/libeo.so.1.25.1
78b93984c000-78b93985c000 r-xp 00006000 08:01 25844052                   /home/toolchain/development/libc++_replacement/tmp/R11/extracted/f1/f1dcf451e8f2e546cadcdfb1ff56e27d70bc7bba08da957752cf3586f98b980c/usr/lib64/libeo.so.1.25.1
78b93985c000-78b939862000 r--p 00016000 08:01 25844052                   /home/toolchain/development/libc++_replacement/tmp/R11/extracted/f1/f1dcf451e8f2e546cadcdfb1ff56e27d70bc7bba08da957752cf3586f98b980c/usr/lib64/libeo.so.1.25.1
78b939862000-78b939863000 r--p 0001c000 08:01 25844052                   /home/toolchain/development/libc++_replacement/tmp/R11/extracted/f1/f1dcf451e8f2e546cadcdfb1ff56e27d70bc7bba08da957752cf3586f98b980c/usr/lib64/libeo.so.1.25.1
78b939863000-78b939864000 rw-p 0001d000 08:01 25844052                   /home/toolchain/development/libc++_replacement/tmp/R11/extracted/f1/f1dcf451e8f2e546cadcdfb1ff56e27d70bc7bba08da957752cf3586f98b980c/usr/lib64/libeo.so.1.25.1
78b939864000-78b93989e000 r--p 00000000 08:01 26231355                   /home/toolchain/development/libc++_replacement/tmp/R11/extracted/d3/d3b3b800db11b0a27151bb3236d9c9f59bc7fb8dfc914eb769dc2b943f665518/usr/lib64/libwgt-manifest-handlers.so.1.11.1
78b93989e000-78b9398f9000 r-xp 0003a000 08:01 26231355                   /home/toolchain/development/libc++_replacement/tmp/R11/extracted/d3/d3b3b800db11b0a27151bb3236d9c9f59bc7fb8dfc914eb769dc2b943f665518/usr/lib64/libwgt-manifest-handlers.so.1.11.1
78b9398f9000-78b93990e000 r--p 00095000 08:01 26231355                   /home/toolchain/development/libc++_replacement/tmp/R11/extracted/d3/d3b3b800db11b0a27151bb3236d9c9f59bc7fb8dfc914eb769dc2b943f665518/usr/lib64/libwgt-manifest-handlers.so.1.11.1
78b93990e000-78b939911000 r--p 000aa000 08:01 26231355                   /home/toolchain/development/libc++_replacement/tmp/R11/extracted/d3/d3b3b800db11b0a27151bb3236d9c9f59bc7fb8dfc914eb769dc2b943f665518/usr/lib64/libwgt-manifest-handlers.so.1.11.1
78b939911000-78b939913000 rw-p 000ad000 08:01 26231355                   /home/toolchain/development/libc++_replacement/tmp/R11/extracted/d3/d3b3b800db11b0a27151bb3236d9c9f59bc7fb8dfc914eb769dc2b943f665518/usr/lib64/libwgt-manifest-handlers.so.1.11.1
78b939913000-78b93992d000 r--p 00000000 08:01 26091145                   /home/toolchain/development/libc++_replacement/tmp/R11/extracted/bb/bbe1496d756b23b9943378f63a1c4a0a262cf4c8acaa04528d2265ad2363e5ff/usr/lib64/libmanifest-parser.so.1.9.0
78b93992d000-78b939957000 r-xp 0001a000 08:01 26091145                   /home/toolchain/development/libc++_replacement/tmp/R11/extracted/bb/bbe1496d756b23b9943378f63a1c4a0a262cf4c8acaa04528d2265ad2363e5ff/usr/lib64/libmanifest-parser.so.1.9.0
78b939957000-78b939961000 r--p 00044000 08:01 26091145                   /home/toolchain/development/libc++_replacement/tmp/R11/extracted/bb/bbe1496d756b23b9943378f63a1c4a0a262cf4c8acaa04528d2265ad2363e5ff/usr/lib64/libmanifest-parser.so.1.9.0
78b939961000-78b939962000 r--p 0004d000 08:01 26091145                   /home/toolchain/development/libc++_replacement/tmp/R11/extracted/bb/bbe1496d756b23b9943378f63a1c4a0a262cf4c8acaa04528d2265ad2363e5ff/usr/lib64/libmanifest-parser.so.1.9.0
78b939962000-78b939963000 rw-p 0004e000 08:01 26091145                   /home/toolchain/development/libc++_replacement/tmp/R11/extracted/bb/bbe1496d756b23b9943378f63a1c4a0a262cf4c8acaa04528d2265ad2363e5ff/usr/lib64/libmanifest-parser.so.1.9.0
78b939963000-78b939964000 rw-p 00000000 00:00 0 
78b939964000-78b93996d000 r--p 00000000 08:01 23624441                   /home/toolchain/development/libc++_replacement/tmp/R11/extracted/bf/bf0691c7c485397598852c384d9ed50c95a619dc3c243b3f68effa5512019232/usr/lib64/libxslt.so.1.1.43
78b93996d000-78b93998d000 r-xp 00009000 08:01 23624441                   /home/toolchain/development/libc++_replacement/tmp/R11/extracted/bf/bf0691c7c485397598852c384d9ed50c95a619dc3c243b3f68effa5512019232/usr/lib64/libxslt.so.1.1.43
78b93998d000-78b939998000 r--p 00029000 08:01 23624441                   /home/toolchain/development/libc++_replacement/tmp/R11/extracted/bf/bf0691c7c485397598852c384d9ed50c95a619dc3c243b3f68effa5512019232/usr/lib64/libxslt.so.1.1.43
78b939998000-78b939999000 r--p 00033000 08:01 23624441                   /home/toolchain/development/libc++_replacement/tmp/R11/extracted/bf/bf0691c7c485397598852c384d9ed50c95a619dc3c243b3f68effa5512019232/usr/lib64/libxslt.so.1.1.43
78b939999000-78b93999a000 rw-p 00034000 08:01 23624441                   /home/toolchain/development/libc++_replacement/tmp/R11/extracted/bf/bf0691c7c485397598852c384d9ed50c95a619dc3c243b3f68effa5512019232/usr/lib64/libxslt.so.1.1.43
78b93999a000-78b93999c000 r--p 00000000 08:01 23629326                   /home/toolchain/development/libc++_replacement/tmp/R11/extracted/1c/1c5831047bcd841e76d29b05c6ca3ac18b028e7fcfadb8e4f824129cbf0a9f25/usr/lib64/libminizip.so.1.0.0
78b93999c000-78b9399a3000 r-xp 00002000 08:01 23629326                   /home/toolchain/development/libc++_replacement/tmp/R11/extracted/1c/1c5831047bcd841e76d29b05c6ca3ac18b028e7fcfadb8e4f824129cbf0a9f25/usr/lib64/libminizip.so.1.0.0
78b9399a3000-78b9399a4000 r--p 00009000 08:01 23629326                   /home/toolchain/development/libc++_replacement/tmp/R11/extracted/1c/1c5831047bcd841e76d29b05c6ca3ac18b028e7fcfadb8e4f824129cbf0a9f25/usr/lib64/libminizip.so.1.0.0
78b9399a4000-78b9399a5000 r--p 0000a000 08:01 23629326                   /home/toolchain/development/libc++_replacement/tmp/R11/extracted/1c/1c5831047bcd841e76d29b05c6ca3ac18b028e7fcfadb8e4f824129cbf0a9f25/usr/lib64/libminizip.so.1.0.0
78b9399a5000-78b9399a6000 rw-p 0000b000 08:01 23629326                   /home/toolchain/development/libc++_replacement/tmp/R11/extracted/1c/1c5831047bcd841e76d29b05c6ca3ac18b028e7fcfadb8e4f824129cbf0a9f25/usr/lib64/libminizip.so.1.0.0
78b9399a6000-78b9399b6000 r--p 00000000 08:01 26004892                   /home/toolchain/development/libc++_replacement/tmp/R11/extracted/e6/e6eb0652568058c701ca1f100777b051e7a22d7acf570beb0f63a47b7e33887a/usr/lib64/libatspi.so.0.0.1
78b9399b6000-78b9399ca000 r-xp 00010000 08:01 26004892                   /home/toolchain/development/libc++_replacement/tmp/R11/extracted/e6/e6eb0652568058c701ca1f100777b051e7a22d7acf570beb0f63a47b7e33887a/usr/lib64/libatspi.so.0.0.1
78b9399ca000-78b9399d7000 r--p 00024000 08:01 26004892                   /home/toolchain/development/libc++_replacement/tmp/R11/extracted/e6/e6eb0652568058c701ca1f100777b051e7a22d7acf570beb0f63a47b7e33887a/usr/lib64/libatspi.so.0.0.1
78b9399d7000-78b9399da000 r--p 00030000 08:01 26004892                   /home/toolchain/development/libc++_replacement/tmp/R11/extracted/e6/e6eb0652568058c701ca1f100777b051e7a22d7acf570beb0f63a47b7e33887a/usr/lib64/libatspi.so.0.0.1
78b9399da000-78b9399db000 rw-p 00033000 08:01 26004892                   /home/toolchain/development/libc++_replacement/tmp/R11/extracted/e6/e6eb0652568058c701ca1f100777b051e7a22d7acf570beb0f63a47b7e33887a/usr/lib64/libatspi.so.0.0.1
78b9399db000-78b9399e0000 r--p 00000000 08:01 26088453                   /home/toolchain/development/libc++_replacement/tmp/R11/extracted/3b/3b0aaa783ede91ab165509b8c3b0c749099cd0c919cb5183731feae59edc3c57/usr/lib64/libudev.so.1.6.16
78b9399e0000-78b9399fa000 r-xp 00005000 08:01 26088453                   /home/toolchain/development/libc++_replacement/tmp/R11/extracted/3b/3b0aaa783ede91ab165509b8c3b0c749099cd0c919cb5183731feae59edc3c57/usr/lib64/libudev.so.1.6.16
78b9399fa000-78b939a0e000 r--p 0001f000 08:01 26088453                   /home/toolchain/development/libc++_replacement/tmp/R11/extracted/3b/3b0aaa783ede91ab165509b8c3b0c749099cd0c919cb5183731feae59edc3c57/usr/lib64/libudev.so.1.6.16
78b939a0e000-78b939a0f000 r--p 00033000 08:01 26088453                   /home/toolchain/development/libc++_replacement/tmp/R11/extracted/3b/3b0aaa783ede91ab165509b8c3b0c749099cd0c919cb5183731feae59edc3c57/usr/lib64/libudev.so.1.6.16
78b939a0f000-78b939a10000 rw-p 00034000 08:01 26088453                   /home/toolchain/development/libc++_replacement/tmp/R11/extracted/3b/3b0aaa783ede91ab165509b8c3b0c749099cd0c919cb5183731feae59edc3c57/usr/lib64/libudev.so.1.6.16
78b939a10000-78b939a34000 r--p 00000000 08:01 23624402                   /home/toolchain/development/libc++_replacement/tmp/R11/extracted/02/02045876526d4f0f5d219b4e9d291f3597e85c0fceeca1b7663d25492e3298d3/usr/lib64/libxml2.so.16.1.1
78b939a34000-78b939b0c000 r-xp 00024000 08:01 23624402                   /home/toolchain/development/libc++_replacement/tmp/R11/extracted/02/02045876526d4f0f5d219b4e9d291f3597e85c0fceeca1b7663d25492e3298d3/usr/lib64/libxml2.so.16.1.1
78b939b0c000-78b939b49000 r--p 000fc000 08:01 23624402                   /home/toolchain/development/libc++_replacement/tmp/R11/extracted/02/02045876526d4f0f5d219b4e9d291f3597e85c0fceeca1b7663d25492e3298d3/usr/lib64/libxml2.so.16.1.1
78b939b49000-78b939b51000 r--p 00138000 08:01 23624402                   /home/toolchain/development/libc++_replacement/tmp/R11/extracted/02/02045876526d4f0f5d219b4e9d291f3597e85c0fceeca1b7663d25492e3298d3/usr/lib64/libxml2.so.16.1.1
78b939b51000-78b939b53000 rw-p 00140000 08:01 23624402                   /home/toolchain/development/libc++_replacement/tmp/R11/extracted/02/02045876526d4f0f5d219b4e9d291f3597e85c0fceeca1b7663d25492e3298d3/usr/lib64/libxml2.so.16.1.1
78b939b53000-78b939b54000 rw-p 00000000 00:00 0 
78b939b54000-78b939b56000 r--p 00000000 08:01 23624302                   /home/toolchain/development/libc++_replacement/tmp/R11/extracted/ff/ff59991b5cf650e0726c6f54af329bf9fbe7fd36f9f7c42dda22ca9742225e79/usr/lib64/libwebpmux.so.3.1.0
78b939b56000-78b939b5e000 r-xp 00002000 08:01 23624302                   /home/toolchain/development/libc++_replacement/tmp/R11/extracted/ff/ff59991b5cf650e0726c6f54af329bf9fbe7fd36f9f7c42dda22ca9742225e79/usr/lib64/libwebpmux.so.3.1.0
78b939b5e000-78b939b60000 r--p 0000a000 08:01 23624302                   /home/toolchain/development/libc++_replacement/tmp/R11/extracted/ff/ff59991b5cf650e0726c6f54af329bf9fbe7fd36f9f7c42dda22ca9742225e79/usr/lib64/libwebpmux.so.3.1.0
78b939b60000-78b939b61000 r--p 0000b000 08:01 23624302                   /home/toolchain/development/libc++_replacement/tmp/R11/extracted/ff/ff59991b5cf650e0726c6f54af329bf9fbe7fd36f9f7c42dda22ca9742225e79/usr/lib64/libwebpmux.so.3.1.0
78b939b61000-78b939b62000 rw-p 0000c000 08:01 23624302                   /home/toolchain/development/libc++_replacement/tmp/R11/extracted/ff/ff59991b5cf650e0726c6f54af329bf9fbe7fd36f9f7c42dda22ca9742225e79/usr/lib64/libwebpmux.so.3.1.0
78b939b62000-78b939b63000 r--p 00000000 08:01 23624300                   /home/toolchain/development/libc++_replacement/tmp/R11/extracted/ff/ff59991b5cf650e0726c6f54af329bf9fbe7fd36f9f7c42dda22ca9742225e79/usr/lib64/libwebpdemux.so.2.0.15
78b939b63000-78b939b65000 r-xp 00001000 08:01 23624300                   /home/toolchain/development/libc++_replacement/tmp/R11/extracted/ff/ff59991b5cf650e0726c6f54af329bf9fbe7fd36f9f7c42dda22ca9742225e79/usr/lib64/libwebpdemux.so.2.0.15
78b939b65000-78b939b66000 r--p 00003000 08:01 23624300                   /home/toolchain/development/libc++_replacement/tmp/R11/extracted/ff/ff59991b5cf650e0726c6f54af329bf9fbe7fd36f9f7c42dda22ca9742225e79/usr/lib64/libwebpdemux.so.2.0.15
78b939b66000-78b939b67000 r--p 00003000 08:01 23624300                   /home/toolchain/development/libc++_replacement/tmp/R11/extracted/ff/ff59991b5cf650e0726c6f54af329bf9fbe7fd36f9f7c42dda22ca9742225e79/usr/lib64/libwebpdemux.so.2.0.15
78b939b67000-78b939b68000 rw-p 00004000 08:01 23624300                   /home/toolchain/development/libc++_replacement/tmp/R11/extracted/ff/ff59991b5cf650e0726c6f54af329bf9fbe7fd36f9f7c42dda22ca9742225e79/usr/lib64/libwebpdemux.so.2.0.15
78b939b68000-78b939b6e000 r--p 00000000 08:01 23621510                   /home/toolchain/development/libc++_replacement/tmp/R11/extracted/a2/a2e41cda0fbf3cd42aec10ab4fbe8577bb34c4eed1b965ca1e4612a2a674a85c/usr/lib64/libjpeg.so.8.3.2
78b939b6e000-78b939c0d000 r-xp 00006000 08:01 23621510                   /home/toolchain/development/libc++_replacement/tmp/R11/extracted/a2/a2e41cda0fbf3cd42aec10ab4fbe8577bb34c4eed1b965ca1e4612a2a674a85c/usr/lib64/libjpeg.so.8.3.2
78b939c0d000-78b939c34000 r--p 000a5000 08:01 23621510                   /home/toolchain/development/libc++_replacement/tmp/R11/extracted/a2/a2e41cda0fbf3cd42aec10ab4fbe8577bb34c4eed1b965ca1e4612a2a674a85c/usr/lib64/libjpeg.so.8.3.2
78b939c34000-78b939c35000 r--p 000cc000 08:01 23621510                   /home/toolchain/development/libc++_replacement/tmp/R11/extracted/a2/a2e41cda0fbf3cd42aec10ab4fbe8577bb34c4eed1b965ca1e4612a2a674a85c/usr/lib64/libjpeg.so.8.3.2
78b939c35000-78b939c36000 rw-p 000cd000 08:01 23621510                   /home/toolchain/development/libc++_replacement/tmp/R11/extracted/a2/a2e41cda0fbf3cd42aec10ab4fbe8577bb34c4eed1b965ca1e4612a2a674a85c/usr/lib64/libjpeg.so.8.3.2
78b939c36000-78b939c39000 r--p 00000000 08:01 23731623                   /home/toolchain/development/libc++_replacement/tmp/R11/extracted/12/12fb34fcc40539710ebe3ed74d9b66fa0f02a1bb0e154e5d8ddc395c04466364/lib64/libz.so.1.3.1
78b939c39000-78b939c45000 r-xp 00003000 08:01 23731623                   /home/toolchain/development/libc++_replacement/tmp/R11/extracted/12/12fb34fcc40539710ebe3ed74d9b66fa0f02a1bb0e154e5d8ddc395c04466364/lib64/libz.so.1.3.1
78b939c45000-78b939c4b000 r--p 0000f000 08:01 23731623                   /home/toolchain/development/libc++_replacement/tmp/R11/extracted/12/12fb34fcc40539710ebe3ed74d9b66fa0f02a1bb0e154e5d8ddc395c04466364/lib64/libz.so.1.3.1
78b939c4b000-78b939c4c000 r--p 00015000 08:01 23731623                   /home/toolchain/development/libc++_replacement/tmp/R11/extracted/12/12fb34fcc40539710ebe3ed74d9b66fa0f02a1bb0e154e5d8ddc395c04466364/lib64/libz.so.1.3.1
78b939c4c000-78b939c4d000 rw-p 00016000 08:01 23731623                   /home/toolchain/development/libc++_replacement/tmp/R11/extracted/12/12fb34fcc40539710ebe3ed74d9b66fa0f02a1bb0e154e5d8ddc395c04466364/lib64/libz.so.1.3.1
78b939c4d000-78b939c52000 r--p 00000000 08:01 25824127                   /home/toolchain/development/libc++_replacement/tmp/R11/extracted/25/25dd2cce533e0ffc534108bdfc41f63c6c7ba6fbce3928dd549a82a2599b4a19/usr/lib64/libcapi-ui-inputmethod.so.0.11.6
78b939c52000-78b939c58000 r-xp 00005000 08:01 25824127                   /home/toolchain/development/libc++_replacement/tmp/R11/extracted/25/25dd2cce533e0ffc534108bdfc41f63c6c7ba6fbce3928dd549a82a2599b4a19/usr/lib64/libcapi-ui-inputmethod.so.0.11.6
78b939c58000-78b939c5c000 r--p 0000b000 08:01 25824127                   /home/toolchain/development/libc++_replacement/tmp/R11/extracted/25/25dd2cce533e0ffc534108bdfc41f63c6c7ba6fbce3928dd549a82a2599b4a19/usr/lib64/libcapi-ui-inputmethod.so.0.11.6
78b939c5c000-78b939c5d000 r--p 0000e000 08:01 25824127                   /home/toolchain/development/libc++_replacement/tmp/R11/extracted/25/25dd2cce533e0ffc534108bdfc41f63c6c7ba6fbce3928dd549a82a2599b4a19/usr/lib64/libcapi-ui-inputmethod.so.0.11.6
78b939c5d000-78b939c5e000 rw-p 0000f000 08:01 25824127                   /home/toolchain/development/libc++_replacement/tmp/R11/extracted/25/25dd2cce533e0ffc534108bdfc41f63c6c7ba6fbce3928dd549a82a2599b4a19/usr/lib64/libcapi-ui-inputmethod.so.0.11.6
78b939c5e000-78b939c60000 r--p 00000000 08:01 25714621                   /home/toolchain/development/libc++_replacement/tmp/R11/extracted/a2/a22eb8a32030f593796a558ab14cd9ba62b401ec24e52390615c9046c8ce0bdb/usr/lib64/libappcore-watch.so.1.7.25
78b939c60000-78b939c62000 r-xp 00002000 08:01 25714621                   /home/toolchain/development/libc++_replacement/tmp/R11/extracted/a2/a22eb8a32030f593796a558ab14cd9ba62b401ec24e52390615c9046c8ce0bdb/usr/lib64/libappcore-watch.so.1.7.25
78b939c62000-78b939c64000 r--p 00004000 08:01 25714621                   /home/toolchain/development/libc++_replacement/tmp/R11/extracted/a2/a22eb8a32030f593796a558ab14cd9ba62b401ec24e52390615c9046c8ce0bdb/usr/lib64/libappcore-watch.so.1.7.25
78b939c64000-78b939c65000 r--p 00005000 08:01 25714621                   /home/toolchain/development/libc++_replacement/tmp/R11/extracted/a2/a22eb8a32030f593796a558ab14cd9ba62b401ec24e52390615c9046c8ce0bdb/usr/lib64/libappcore-watch.so.1.7.25
78b939c65000-78b939c66000 rw-p 00006000 08:01 25714621                   /home/toolchain/development/libc++_replacement/tmp/R11/extracted/a2/a22eb8a32030f593796a558ab14cd9ba62b401ec24e52390615c9046c8ce0bdb/usr/lib64/libappcore-watch.so.1.7.25
78b939c66000-78b939c6c000 r--p 00000000 08:01 26089310                   /home/toolchain/development/libc++_replacement/tmp/R11/extracted/62/626d64e7b0eea393d3afc64b3eea36a95207cd50cbb65b6e841e28736734c70a/usr/lib64/libwayland-client.so.0.23.1
78b939c6c000-78b939c73000 r-xp 00006000 08:01 26089310                   /home/toolchain/development/libc++_replacement/tmp/R11/extracted/62/626d64e7b0eea393d3afc64b3eea36a95207cd50cbb65b6e841e28736734c70a/usr/lib64/libwayland-client.so.0.23.1
78b939c73000-78b939c77000 r--p 0000d000 08:01 26089310                   /home/toolchain/development/libc++_replacement/tmp/R11/extracted/62/626d64e7b0eea393d3afc64b3eea36a95207cd50cbb65b6e841e28736734c70a/usr/lib64/libwayland-client.so.0.23.1
78b939c77000-78b939c79000 r--p 00010000 08:01 26089310                   /home/toolchain/development/libc++_replacement/tmp/R11/extracted/62/626d64e7b0eea393d3afc64b3eea36a95207cd50cbb65b6e841e28736734c70a/usr/lib64/libwayland-client.so.0.23.1
78b939c79000-78b939c7a000 rw-p 00012000 08:01 26089310                   /home/toolchain/development/libc++_replacement/tmp/R11/extracted/62/626d64e7b0eea393d3afc64b3eea36a95207cd50cbb65b6e841e28736734c70a/usr/lib64/libwayland-client.so.0.23.1
78b939c7a000-78b939c80000 r--p 00000000 08:01 26089406                   /home/toolchain/development/libc++_replacement/tmp/R11/extracted/6e/6ea88a8be40d0a02d31f2d7f5b7e998e43bda209403c740d6385dc2b6b965039/usr/lib64/libtizen-extension-client.so.0.0.0
78b939c80000-78b939c81000 r-xp 00006000 08:01 26089406                   /home/toolchain/development/libc++_replacement/tmp/R11/extracted/6e/6ea88a8be40d0a02d31f2d7f5b7e998e43bda209403c740d6385dc2b6b965039/usr/lib64/libtizen-extension-client.so.0.0.0
78b939c81000-78b939c82000 r--p 00007000 08:01 26089406                   /home/toolchain/development/libc++_replacement/tmp/R11/extracted/6e/6ea88a8be40d0a02d31f2d7f5b7e998e43bda209403c740d6385dc2b6b965039/usr/lib64/libtizen-extension-client.so.0.0.0
78b939c82000-78b939c84000 r--p 00008000 08:01 26089406                   /home/toolchain/development/libc++_replacement/tmp/R11/extracted/6e/6ea88a8be40d0a02d31f2d7f5b7e998e43bda209403c740d6385dc2b6b965039/usr/lib64/libtizen-extension-client.so.0.0.0
78b939c84000-78b939c85000 rw-p 0000a000 08:01 26089406                   /home/toolchain/development/libc++_replacement/tmp/R11/extracted/6e/6ea88a8be40d0a02d31f2d7f5b7e998e43bda209403c740d6385dc2b6b965039/usr/lib64/libtizen-extension-client.so.0.0.0
78b939c85000-78b939c88000 r--p 00000000 08:01 26089603                   /home/toolchain/development/libc++_replacement/tmp/R11/extracted/dc/dc8ad77d22cf9c9fd9268ad47f9c05af5298090bd485f043ef8f08f2f15444df/usr/lib64/libwebappenc.so.1.0.0
78b939c88000-78b939c8d000 r-xp 00003000 08:01 26089603                   /home/toolchain/development/libc++_replacement/tmp/R11/extracted/dc/dc8ad77d22cf9c9fd9268ad47f9c05af5298090bd485f043ef8f08f2f15444df/usr/lib64/libwebappenc.so.1.0.0
78b939c8d000-78b939c90000 r--p 00008000 08:01 26089603                   /home/toolchain/development/libc++_replacement/tmp/R11/extracted/dc/dc8ad77d22cf9c9fd9268ad47f9c05af5298090bd485f043ef8f08f2f15444df/usr/lib64/libwebappenc.so.1.0.0
78b939c90000-78b939c91000 r--p 0000a000 08:01 26089603                   /home/toolchain/development/libc++_replacement/tmp/R11/extracted/dc/dc8ad77d22cf9c9fd9268ad47f9c05af5298090bd485f043ef8f08f2f15444df/usr/lib64/libwebappenc.so.1.0.0
78b939c91000-78b939c92000 rw-p 0000b000 08:01 26089603                   /home/toolchain/development/libc++_replacement/tmp/R11/extracted/dc/dc8ad77d22cf9c9fd9268ad47f9c05af5298090bd485f043ef8f08f2f15444df/usr/lib64/libwebappenc.so.1.0.0
78b939c92000-78b939c99000 r--p 00000000 08:01 26086057                   /home/toolchain/development/libc++_replacement/tmp/R11/extracted/0e/0efe61aee8b21b7428b6e9450634250a37528da99fe5adccaaf1b4e7430ae291/usr/lib64/liblaunchpad.so.0.50.17
78b939c99000-78b939ca0000 r-xp 00007000 08:01 26086057                   /home/toolchain/development/libc++_replacement/tmp/R11/extracted/0e/0efe61aee8b21b7428b6e9450634250a37528da99fe5adccaaf1b4e7430ae291/usr/lib64/liblaunchpad.so.0.50.17
78b939ca0000-78b939ca4000 r--p 0000e000 08:01 26086057                   /home/toolchain/development/libc++_replacement/tmp/R11/extracted/0e/0efe61aee8b21b7428b6e9450634250a37528da99fe5adccaaf1b4e7430ae291/usr/lib64/liblaunchpad.so.0.50.17
78b939ca4000-78b939ca5000 r--p 00011000 08:01 26086057                   /home/toolchain/development/libc++_replacement/tmp/R11/extracted/0e/0efe61aee8b21b7428b6e9450634250a37528da99fe5adccaaf1b4e7430ae291/usr/lib64/liblaunchpad.so.0.50.17
78b939ca5000-78b939ca6000 rw-p 00012000 08:01 26086057                   /home/toolchain/development/libc++_replacement/tmp/R11/extracted/0e/0efe61aee8b21b7428b6e9450634250a37528da99fe5adccaaf1b4e7430ae291/usr/lib64/liblaunchpad.so.0.50.17
78b939ca6000-78b939ca8000 r--p 00000000 08:01 26083925                   /home/toolchain/development/libc++_replacement/tmp/R11/extracted/56/566dfdf8a9cfe95434b1b1ea5ee3d54a86da7d6a465cb718cac7ff698b15aacc/usr/lib64/libcynara-creds-pid.so.0.26.0
78b939ca8000-78b939cab000 r-xp 00002000 08:01 26083925                   /home/toolchain/development/libc++_replacement/tmp/R11/extracted/56/566dfdf8a9cfe95434b1b1ea5ee3d54a86da7d6a465cb718cac7ff698b15aacc/usr/lib64/libcynara-creds-pid.so.0.26.0
78b939cab000-78b939cac000 r--p 00005000 08:01 26083925                   /home/toolchain/development/libc++_replacement/tmp/R11/extracted/56/566dfdf8a9cfe95434b1b1ea5ee3d54a86da7d6a465cb718cac7ff698b15aacc/usr/lib64/libcynara-creds-pid.so.0.26.0
78b939cac000-78b939cad000 r--p 00005000 08:01 26083925                   /home/toolchain/development/libc++_replacement/tmp/R11/extracted/56/566dfdf8a9cfe95434b1b1ea5ee3d54a86da7d6a465cb718cac7ff698b15aacc/usr/lib64/libcynara-creds-pid.so.0.26.0
78b939cad000-78b939cae000 rw-p 00006000 08:01 26083925                   /home/toolchain/development/libc++_replacement/tmp/R11/extracted/56/566dfdf8a9cfe95434b1b1ea5ee3d54a86da7d6a465cb718cac7ff698b15aacc/usr/lib64/libcynara-creds-pid.so.0.26.0
78b939cae000-78b939cb1000 r--p 00000000 08:01 26083839                   /home/toolchain/development/libc++_replacement/tmp/R11/extracted/95/95baaefb26a50408eb4d7f5426aa17e1af2d62788151eb7b2113e095e0adcc37/usr/lib64/libcynara-client.so.0.26.0
78b939cb1000-78b939cb8000 r-xp 00003000 08:01 26083839                   /home/toolchain/development/libc++_replacement/tmp/R11/extracted/95/95baaefb26a50408eb4d7f5426aa17e1af2d62788151eb7b2113e095e0adcc37/usr/lib64/libcynara-client.so.0.26.0
78b939cb8000-78b939cba000 r--p 0000a000 08:01 26083839                   /home/toolchain/development/libc++_replacement/tmp/R11/extracted/95/95baaefb26a50408eb4d7f5426aa17e1af2d62788151eb7b2113e095e0adcc37/usr/lib64/libcynara-client.so.0.26.0
78b939cba000-78b939cbb000 r--p 0000c000 08:01 26083839                   /home/toolchain/development/libc++_replacement/tmp/R11/extracted/95/95baaefb26a50408eb4d7f5426aa17e1af2d62788151eb7b2113e095e0adcc37/usr/lib64/libcynara-client.so.0.26.0
78b939cbb000-78b939cbc000 rw-p 0000d000 08:01 26083839                   /home/toolchain/development/libc++_replacement/tmp/R11/extracted/95/95baaefb26a50408eb4d7f5426aa17e1af2d62788151eb7b2113e095e0adcc37/usr/lib64/libcynara-client.so.0.26.0
78b939cbc000-78b939cc8000 r--p 00000000 08:01 25821195                   /home/toolchain/development/libc++_replacement/tmp/R11/extracted/e6/e6a861fe4b11824bcdfe69c7461bc524938667ca3a03897418ee4e4554a3886e/usr/lib64/libbundle.so.0.18.15
78b939cc8000-78b939cd7000 r-xp 0000c000 08:01 25821195                   /home/toolchain/development/libc++_replacement/tmp/R11/extracted/e6/e6a861fe4b11824bcdfe69c7461bc524938667ca3a03897418ee4e4554a3886e/usr/lib64/libbundle.so.0.18.15
78b939cd7000-78b939cdd000 r--p 0001b000 08:01 25821195                   /home/toolchain/development/libc++_replacement/tmp/R11/extracted/e6/e6a861fe4b11824bcdfe69c7461bc524938667ca3a03897418ee4e4554a3886e/usr/lib64/libbundle.so.0.18.15
78b939cdd000-78b939cde000 r--p 00020000 08:01 25821195                   /home/toolchain/development/libc++_replacement/tmp/R11/extracted/e6/e6a861fe4b11824bcdfe69c7461bc524938667ca3a03897418ee4e4554a3886e/usr/lib64/libbundle.so.0.18.15
78b939cde000-78b939cdf000 rw-p 00021000 08:01 25821195                   /home/toolchain/development/libc++_replacement/tmp/R11/extracted/e6/e6a861fe4b11824bcdfe69c7461bc524938667ca3a03897418ee4e4554a3886e/usr/lib64/libbundle.so.0.18.15
78b939cdf000-78b939d11000 r--p 00000000 08:01 25716647                   /home/toolchain/development/libc++_replacement/tmp/R11/extracted/69/69a66bf21fe7e6ba583831be02eab8b25eb5b9e842da34e562195d8b1fe607ca/usr/lib64/libaul.so.0.84.11
78b939d11000-78b939d75000 r-xp 00032000 08:01 25716647                   /home/toolchain/development/libc++_replacement/tmp/R11/extracted/69/69a66bf21fe7e6ba583831be02eab8b25eb5b9e842da34e562195d8b1fe607ca/usr/lib64/libaul.so.0.84.11
78b939d75000-78b939d9f000 r--p 00096000 08:01 25716647                   /home/toolchain/development/libc++_replacement/tmp/R11/extracted/69/69a66bf21fe7e6ba583831be02eab8b25eb5b9e842da34e562195d8b1fe607ca/usr/lib64/libaul.so.0.84.11
78b939d9f000-78b939da1000 r--p 000bf000 08:01 25716647                   /home/toolchain/development/libc++_replacement/tmp/R11/extracted/69/69a66bf21fe7e6ba583831be02eab8b25eb5b9e842da34e562195d8b1fe607ca/usr/lib64/libaul.so.0.84.11
78b939da1000-78b939da4000 rw-p 000c1000 08:01 25716647                   /home/toolchain/development/libc++_replacement/tmp/R11/extracted/69/69a66bf21fe7e6ba583831be02eab8b25eb5b9e842da34e562195d8b1fe607ca/usr/lib64/libaul.so.0.84.11
78b939da4000-78b939dab000 r--p 00000000 08:01 25954518                   /home/toolchain/development/libc++_replacement/tmp/R11/extracted/a4/a475207de28a5a6071d20b4b2a8fd1d70012dca57ce0e81108e8011301462a91/usr/lib64/libfontconfig.so.1.12.0
78b939dab000-78b939dcc000 r-xp 00007000 08:01 25954518                   /home/toolchain/development/libc++_replacement/tmp/R11/extracted/a4/a475207de28a5a6071d20b4b2a8fd1d70012dca57ce0e81108e8011301462a91/usr/lib64/libfontconfig.so.1.12.0
78b939dcc000-78b939de3000 r--p 00028000 08:01 25954518                   /home/toolchain/development/libc++_replacement/tmp/R11/extracted/a4/a475207de28a5a6071d20b4b2a8fd1d70012dca57ce0e81108e8011301462a91/usr/lib64/libfontconfig.so.1.12.0
78b939de3000-78b939de5000 r--p 0003f000 08:01 25954518                   /home/toolchain/development/libc++_replacement/tmp/R11/extracted/a4/a475207de28a5a6071d20b4b2a8fd1d70012dca57ce0e81108e8011301462a91/usr/lib64/libfontconfig.so.1.12.0
78b939de5000-78b939de6000 rw-p 00041000 08:01 25954518                   /home/toolchain/development/libc++_replacement/tmp/R11/extracted/a4/a475207de28a5a6071d20b4b2a8fd1d70012dca57ce0e81108e8011301462a91/usr/lib64/libfontconfig.so.1.12.0
78b939de6000-78b939df3000 r--p 00000000 08:01 25833205                   /home/toolchain/development/libc++_replacement/tmp/R11/extracted/60/601387b7ea2bd783c17c7d962709c8135ce3517374d8c92302b0d0bfefba4836/usr/lib64/libdbus-1.so.3.19.13
78b939df3000-78b939e1d000 r-xp 0000d000 08:01 25833205                   /home/toolchain/development/libc++_replacement/tmp/R11/extracted/60/601387b7ea2bd783c17c7d962709c8135ce3517374d8c92302b0d0bfefba4836/usr/lib64/libdbus-1.so.3.19.13
78b939e1d000-78b939e2f000 r--p 00037000 08:01 25833205                   /home/toolchain/development/libc++_replacement/tmp/R11/extracted/60/601387b7ea2bd783c17c7d962709c8135ce3517374d8c92302b0d0bfefba4836/usr/lib64/libdbus-1.so.3.19.13
78b939e2f000-78b939e31000 rw-p 00049000 08:01 25833205                   /home/toolchain/development/libc++_replacement/tmp/R11/extracted/60/601387b7ea2bd783c17c7d962709c8135ce3517374d8c92302b0d0bfefba4836/usr/lib64/libdbus-1.so.3.19.13
78b939e31000-78b939e73000 r--p 00000000 08:01 25861320                   /home/toolchain/development/libc++_replacement/tmp/R11/extracted/81/81f15d544a17a15af43bbf75dd529db933bd56a6de08c2ea5c3aa6c8b57a251c/usr/lib64/libesplusplayer.so
78b939e73000-78b939e9f000 r-xp 00042000 08:01 25861320                   /home/toolchain/development/libc++_replacement/tmp/R11/extracted/81/81f15d544a17a15af43bbf75dd529db933bd56a6de08c2ea5c3aa6c8b57a251c/usr/lib64/libesplusplayer.so
78b939e9f000-78b939eba000 r--p 0006e000 08:01 25861320                   /home/toolchain/development/libc++_replacement/tmp/R11/extracted/81/81f15d544a17a15af43bbf75dd529db933bd56a6de08c2ea5c3aa6c8b57a251c/usr/lib64/libesplusplayer.so
78b939eba000-78b939ebd000 r--p 00088000 08:01 25861320                   /home/toolchain/development/libc++_replacement/tmp/R11/extracted/81/81f15d544a17a15af43bbf75dd529db933bd56a6de08c2ea5c3aa6c8b57a251c/usr/lib64/libesplusplayer.so
78b939ebd000-78b939ebf000 rw-p 0008b000 08:01 25861320                   /home/toolchain/development/libc++_replacement/tmp/R11/extracted/81/81f15d544a17a15af43bbf75dd529db933bd56a6de08c2ea5c3aa6c8b57a251c/usr/lib64/libesplusplayer.so
78b939ebf000-78b939ec6000 r--p 00000000 08:01 25822423                   /home/toolchain/development/libc++_replacement/tmp/R11/extracted/47/47581cd3d3b281f80d3b6829bd7c19f01e4dfd169d4352f350554d3a8146c771/usr/lib64/libcapi-media-sound-manager.so.0.7.19
78b939ec6000-78b939edc000 r-xp 00007000 08:01 25822423                   /home/toolchain/development/libc++_replacement/tmp/R11/extracted/47/47581cd3d3b281f80d3b6829bd7c19f01e4dfd169d4352f350554d3a8146c771/usr/lib64/libcapi-media-sound-manager.so.0.7.19
78b939edc000-78b939ee6000 r--p 0001d000 08:01 25822423                   /home/toolchain/development/libc++_replacement/tmp/R11/extracted/47/47581cd3d3b281f80d3b6829bd7c19f01e4dfd169d4352f350554d3a8146c771/usr/lib64/libcapi-media-sound-manager.so.0.7.19
78b939ee6000-78b939ee7000 r--p 00026000 08:01 25822423                   /home/toolchain/development/libc++_replacement/tmp/R11/extracted/47/47581cd3d3b281f80d3b6829bd7c19f01e4dfd169d4352f350554d3a8146c771/usr/lib64/libcapi-media-sound-manager.so.0.7.19
78b939ee7000-78b939ee8000 rw-p 00027000 08:01 25822423                   /home/toolchain/development/libc++_replacement/tmp/R11/extracted/47/47581cd3d3b281f80d3b6829bd7c19f01e4dfd169d4352f350554d3a8146c771/usr/lib64/libcapi-media-sound-manager.so.0.7.19
78b939ee8000-78b939ee9000 rw-p 00000000 00:00 0 
78b939ee9000-78b939eeb000 r--p 00000000 08:01 26088966                   /home/toolchain/development/libc++_replacement/tmp/R11/extracted/ad/ad4af909f8d8f80ae029d0a9b0e88624ebca01155a39579ff7422012cd9f472c/usr/lib64/libtzplatform-config-2.0.so.2.0.0
78b939eeb000-78b939eee000 r-xp 00002000 08:01 26088966                   /home/toolchain/development/libc++_replacement/tmp/R11/extracted/ad/ad4af909f8d8f80ae029d0a9b0e88624ebca01155a39579ff7422012cd9f472c/usr/lib64/libtzplatform-config-2.0.so.2.0.0
78b939eee000-78b939ef1000 r--p 00005000 08:01 26088966                   /home/toolchain/development/libc++_replacement/tmp/R11/extracted/ad/ad4af909f8d8f80ae029d0a9b0e88624ebca01155a39579ff7422012cd9f472c/usr/lib64/libtzplatform-config-2.0.so.2.0.0
78b939ef1000-78b939ef2000 r--p 00007000 08:01 26088966                   /home/toolchain/development/libc++_replacement/tmp/R11/extracted/ad/ad4af909f8d8f80ae029d0a9b0e88624ebca01155a39579ff7422012cd9f472c/usr/lib64/libtzplatform-config-2.0.so.2.0.0
78b939ef2000-78b939ef3000 rw-p 00008000 08:01 26088966                   /home/toolchain/development/libc++_replacement/tmp/R11/extracted/ad/ad4af909f8d8f80ae029d0a9b0e88624ebca01155a39579ff7422012cd9f472c/usr/lib64/libtzplatform-config-2.0.so.2.0.0
78b939ef3000-78b939efd000 rw-p 00000000 00:00 0 
78b939efd000-78b939f0a000 r--p 00000000 08:01 25821479                   /home/toolchain/development/libc++_replacement/tmp/R11/extracted/23/2374eef75f0010963c1f48deae26a5a93cfb8557d2bec6d178bdeae0d9bcf05d/usr/lib64/libcapi-appfw-app-control.so.0.26.2
78b939f0a000-78b939f18000 r-xp 0000d000 08:01 25821479                   /home/toolchain/development/libc++_replacement/tmp/R11/extracted/23/2374eef75f0010963c1f48deae26a5a93cfb8557d2bec6d178bdeae0d9bcf05d/usr/lib64/libcapi-appfw-app-control.so.0.26.2
78b939f18000-78b939f1f000 r--p 0001b000 08:01 25821479                   /home/toolchain/development/libc++_replacement/tmp/R11/extracted/23/2374eef75f0010963c1f48deae26a5a93cfb8557d2bec6d178bdeae0d9bcf05d/usr/lib64/libcapi-appfw-app-control.so.0.26.2
78b939f1f000-78b939f20000 r--p 00021000 08:01 25821479                   /home/toolchain/development/libc++_replacement/tmp/R11/extracted/23/2374eef75f0010963c1f48deae26a5a93cfb8557d2bec6d178bdeae0d9bcf05d/usr/lib64/libcapi-appfw-app-control.so.0.26.2
78b939f20000-78b939f21000 rw-p 00022000 08:01 25821479                   /home/toolchain/development/libc++_replacement/tmp/R11/extracted/23/2374eef75f0010963c1f48deae26a5a93cfb8557d2bec6d178bdeae0d9bcf05d/usr/lib64/libcapi-appfw-app-control.so.0.26.2
78b939f21000-78b939f3b000 r--p 00000000 08:01 23629698                   /home/toolchain/development/libc++_replacement/tmp/R11/extracted/e2/e222622001e775e93cf6c80877dbf05524a7b18c411a4ec94cab6ab5026a00e6/usr/lib64/libnss3.so
78b939f3b000-78b939fe8000 r-xp 0001a000 08:01 23629698                   /home/toolchain/development/libc++_replacement/tmp/R11/extracted/e2/e222622001e775e93cf6c80877dbf05524a7b18c411a4ec94cab6ab5026a00e6/usr/lib64/libnss3.so
78b939fe8000-78b93a017000 r--p 000c7000 08:01 23629698                   /home/toolchain/development/libc++_replacement/tmp/R11/extracted/e2/e222622001e775e93cf6c80877dbf05524a7b18c411a4ec94cab6ab5026a00e6/usr/lib64/libnss3.so
78b93a017000-78b93a01e000 r--p 000f6000 08:01 23629698                   /home/toolchain/development/libc++_replacement/tmp/R11/extracted/e2/e222622001e775e93cf6c80877dbf05524a7b18c411a4ec94cab6ab5026a00e6/usr/lib64/libnss3.so
78b93a01e000-78b93a01f000 rw-p 000fd000 08:01 23629698                   /home/toolchain/development/libc++_replacement/tmp/R11/extracted/e2/e222622001e775e93cf6c80877dbf05524a7b18c411a4ec94cab6ab5026a00e6/usr/lib64/libnss3.so
78b93a01f000-78b93a021000 rw-p 00000000 00:00 0 
78b93a021000-78b93a08e000 r--p 00000000 08:01 23622770                   /home/toolchain/development/libc++_replacement/tmp/R11/extracted/84/8477c684d513edca7d64706710711e51c74cfc270048526e4cd3604d0dc19c47/usr/lib64/libicuuc.so.78.1
78b93a08e000-78b93a159000 r-xp 0006d000 08:01 23622770                   /home/toolchain/development/libc++_replacement/tmp/R11/extracted/84/8477c684d513edca7d64706710711e51c74cfc270048526e4cd3604d0dc19c47/usr/lib64/libicuuc.so.78.1
78b93a159000-78b93a1e8000 r--p 00138000 08:01 23622770                   /home/toolchain/development/libc++_replacement/tmp/R11/extracted/84/8477c684d513edca7d64706710711e51c74cfc270048526e4cd3604d0dc19c47/usr/lib64/libicuuc.so.78.1
78b93a1e8000-78b93a1fb000 r--p 001c6000 08:01 23622770                   /home/toolchain/development/libc++_replacement/tmp/R11/extracted/84/8477c684d513edca7d64706710711e51c74cfc270048526e4cd3604d0dc19c47/usr/lib64/libicuuc.so.78.1
78b93a1fb000-78b93a1fc000 rw-p 001d9000 08:01 23622770                   /home/toolchain/development/libc++_replacement/tmp/R11/extracted/84/8477c684d513edca7d64706710711e51c74cfc270048526e4cd3604d0dc19c47/usr/lib64/libicuuc.so.78.1
78b93a1fc000-78b93a200000 rw-p 00000000 00:00 0 
78b93a200000-78b93a315000 r--p 00000000 08:01 23622633                   /home/toolchain/development/libc++_replacement/tmp/R11/extracted/84/8477c684d513edca7d64706710711e51c74cfc270048526e4cd3604d0dc19c47/usr/lib64/libicui18n.so.78.1
78b93a315000-78b93a481000 r-xp 00115000 08:01 23622633                   /home/toolchain/development/libc++_replacement/tmp/R11/extracted/84/8477c684d513edca7d64706710711e51c74cfc270048526e4cd3604d0dc19c47/usr/lib64/libicui18n.so.78.1
78b93a481000-78b93a502000 r--p 00281000 08:01 23622633                   /home/toolchain/development/libc++_replacement/tmp/R11/extracted/84/8477c684d513edca7d64706710711e51c74cfc270048526e4cd3604d0dc19c47/usr/lib64/libicui18n.so.78.1
78b93a502000-78b93a513000 r--p 00302000 08:01 23622633                   /home/toolchain/development/libc++_replacement/tmp/R11/extracted/84/8477c684d513edca7d64706710711e51c74cfc270048526e4cd3604d0dc19c47/usr/lib64/libicui18n.so.78.1
78b93a513000-78b93a515000 rw-p 00313000 08:01 23622633                   /home/toolchain/development/libc++_replacement/tmp/R11/extracted/84/8477c684d513edca7d64706710711e51c74cfc270048526e4cd3604d0dc19c47/usr/lib64/libicui18n.so.78.1
78b93a515000-78b93a516000 rw-p 00000000 00:00 0 
78b93a516000-78b93a518000 r--p 00000000 08:01 26083945                   /home/toolchain/development/libc++_replacement/tmp/R11/extracted/d8/d8a6c8aea987eb4dd144cea29aa6edf069e6f7048e0d464aeee0819d8984767d/usr/lib64/libcynara-creds-self.so.0.26.0
78b93a518000-78b93a51a000 r-xp 00002000 08:01 26083945                   /home/toolchain/development/libc++_replacement/tmp/R11/extracted/d8/d8a6c8aea987eb4dd144cea29aa6edf069e6f7048e0d464aeee0819d8984767d/usr/lib64/libcynara-creds-self.so.0.26.0
78b93a51a000-78b93a51b000 r--p 00004000 08:01 26083945                   /home/toolchain/development/libc++_replacement/tmp/R11/extracted/d8/d8a6c8aea987eb4dd144cea29aa6edf069e6f7048e0d464aeee0819d8984767d/usr/lib64/libcynara-creds-self.so.0.26.0
78b93a51b000-78b93a51c000 r--p 00004000 08:01 26083945                   /home/toolchain/development/libc++_replacement/tmp/R11/extracted/d8/d8a6c8aea987eb4dd144cea29aa6edf069e6f7048e0d464aeee0819d8984767d/usr/lib64/libcynara-creds-self.so.0.26.0
78b93a51c000-78b93a51d000 rw-p 00005000 08:01 26083945                   /home/toolchain/development/libc++_replacement/tmp/R11/extracted/d8/d8a6c8aea987eb4dd144cea29aa6edf069e6f7048e0d464aeee0819d8984767d/usr/lib64/libcynara-creds-self.so.0.26.0
78b93a51d000-78b93a521000 r--p 00000000 08:01 25821439                   /home/toolchain/development/libc++_replacement/tmp/R11/extracted/2d/2db93a11342170ce85b76bc63395af906a97a6b30562d002075f95355fb45b9b/usr/lib64/libcapi-appfw-app-common.so.0.16.3
78b93a521000-78b93a524000 r-xp 00004000 08:01 25821439                   /home/toolchain/development/libc++_replacement/tmp/R11/extracted/2d/2db93a11342170ce85b76bc63395af906a97a6b30562d002075f95355fb45b9b/usr/lib64/libcapi-appfw-app-common.so.0.16.3
78b93a524000-78b93a526000 r--p 00007000 08:01 25821439                   /home/toolchain/development/libc++_replacement/tmp/R11/extracted/2d/2db93a11342170ce85b76bc63395af906a97a6b30562d002075f95355fb45b9b/usr/lib64/libcapi-appfw-app-common.so.0.16.3
78b93a526000-78b93a527000 r--p 00008000 08:01 25821439                   /home/toolchain/development/libc++_replacement/tmp/R11/extracted/2d/2db93a11342170ce85b76bc63395af906a97a6b30562d002075f95355fb45b9b/usr/lib64/libcapi-appfw-app-common.so.0.16.3
78b93a527000-78b93a528000 rw-p 00009000 08:01 25821439                   /home/toolchain/development/libc++_replacement/tmp/R11/extracted/2d/2db93a11342170ce85b76bc63395af906a97a6b30562d002075f95355fb45b9b/usr/lib64/libcapi-appfw-app-common.so.0.16.3
78b93a528000-78b93a530000 r--p 00000000 08:01 26087789                   /home/toolchain/development/libc++_replacement/tmp/R11/extracted/a7/a7847b1b255ad6080ab6100e9e7cc1fdf9c01a347c867e4ed41d109d7d61db75/usr/lib64/libsecurity-manager-client.so.3.0.0
78b93a530000-78b93a562000 r-xp 00008000 08:01 26087789                   /home/toolchain/development/libc++_replacement/tmp/R11/extracted/a7/a7847b1b255ad6080ab6100e9e7cc1fdf9c01a347c867e4ed41d109d7d61db75/usr/lib64/libsecurity-manager-client.so.3.0.0
78b93a562000-78b93a56e000 r--p 0003a000 08:01 26087789                   /home/toolchain/development/libc++_replacement/tmp/R11/extracted/a7/a7847b1b255ad6080ab6100e9e7cc1fdf9c01a347c867e4ed41d109d7d61db75/usr/lib64/libsecurity-manager-client.so.3.0.0
78b93a56e000-78b93a56f000 r--p 00045000 08:01 26087789                   /home/toolchain/development/libc++_replacement/tmp/R11/extracted/a7/a7847b1b255ad6080ab6100e9e7cc1fdf9c01a347c867e4ed41d109d7d61db75/usr/lib64/libsecurity-manager-client.so.3.0.0
78b93a56f000-78b93a570000 rw-p 00046000 08:01 26087789                   /home/toolchain/development/libc++_replacement/tmp/R11/extracted/a7/a7847b1b255ad6080ab6100e9e7cc1fdf9c01a347c867e4ed41d109d7d61db75/usr/lib64/libsecurity-manager-client.so.3.0.0
78b93a570000-78b93a572000 rw-p 00000000 00:00 0 
78b93a572000-78b93a579000 r--p 00000000 08:01 25823869                   /home/toolchain/development/libc++_replacement/tmp/R11/extracted/2e/2efdc4af985c3e3c7079941938cbddcdb89a13aefeb09446cdfb03a07d1a6100/usr/lib64/libcapi-system-sensor.so.0.2.5
78b93a579000-78b93a580000 r-xp 00007000 08:01 25823869                   /home/toolchain/development/libc++_replacement/tmp/R11/extracted/2e/2efdc4af985c3e3c7079941938cbddcdb89a13aefeb09446cdfb03a07d1a6100/usr/lib64/libcapi-system-sensor.so.0.2.5
78b93a580000-78b93a584000 r--p 0000e000 08:01 25823869                   /home/toolchain/development/libc++_replacement/tmp/R11/extracted/2e/2efdc4af985c3e3c7079941938cbddcdb89a13aefeb09446cdfb03a07d1a6100/usr/lib64/libcapi-system-sensor.so.0.2.5
78b93a584000-78b93a585000 r--p 00011000 08:01 25823869                   /home/toolchain/development/libc++_replacement/tmp/R11/extracted/2e/2efdc4af985c3e3c7079941938cbddcdb89a13aefeb09446cdfb03a07d1a6100/usr/lib64/libcapi-system-sensor.so.0.2.5
78b93a585000-78b93a586000 rw-p 00012000 08:01 25823869                   /home/toolchain/development/libc++_replacement/tmp/R11/extracted/2e/2efdc4af985c3e3c7079941938cbddcdb89a13aefeb09446cdfb03a07d1a6100/usr/lib64/libcapi-system-sensor.so.0.2.5
78b93a586000-78b93a587000 rw-p 00000000 00:00 0 
78b93a587000-78b93a590000 r--p 00000000 08:01 23629702                   /home/toolchain/development/libc++_replacement/tmp/R11/extracted/e2/e222622001e775e93cf6c80877dbf05524a7b18c411a4ec94cab6ab5026a00e6/usr/lib64/libsmime3.so
78b93a590000-78b93a5a5000 r-xp 00009000 08:01 23629702                   /home/toolchain/development/libc++_replacement/tmp/R11/extracted/e2/e222622001e775e93cf6c80877dbf05524a7b18c411a4ec94cab6ab5026a00e6/usr/lib64/libsmime3.so
78b93a5a5000-78b93a5ab000 r--p 0001e000 08:01 23629702                   /home/toolchain/development/libc++_replacement/tmp/R11/extracted/e2/e222622001e775e93cf6c80877dbf05524a7b18c411a4ec94cab6ab5026a00e6/usr/lib64/libsmime3.so
78b93a5ab000-78b93a5ae000 r--p 00023000 08:01 23629702                   /home/toolchain/development/libc++_replacement/tmp/R11/extracted/e2/e222622001e775e93cf6c80877dbf05524a7b18c411a4ec94cab6ab5026a00e6/usr/lib64/libsmime3.so
78b93a5ae000-78b93a5af000 rw-p 00026000 08:01 23629702                   /home/toolchain/development/libc++_replacement/tmp/R11/extracted/e2/e222622001e775e93cf6c80877dbf05524a7b18c411a4ec94cab6ab5026a00e6/usr/lib64/libsmime3.so
78b93a5af000-78b93a5bc000 r--p 00000000 08:01 23629701                   /home/toolchain/development/libc++_replacement/tmp/R11/extracted/e2/e222622001e775e93cf6c80877dbf05524a7b18c411a4ec94cab6ab5026a00e6/usr/lib64/libnssutil3.so
78b93a5bc000-78b93a5cb000 r-xp 0000d000 08:01 23629701                   /home/toolchain/development/libc++_replacement/tmp/R11/extracted/e2/e222622001e775e93cf6c80877dbf05524a7b18c411a4ec94cab6ab5026a00e6/usr/lib64/libnssutil3.so
78b93a5cb000-78b93a5d6000 r--p 0001c000 08:01 23629701                   /home/toolchain/development/libc++_replacement/tmp/R11/extracted/e2/e222622001e775e93cf6c80877dbf05524a7b18c411a4ec94cab6ab5026a00e6/usr/lib64/libnssutil3.so
78b93a5d6000-78b93a5dd000 r--p 00027000 08:01 23629701                   /home/toolchain/development/libc++_replacement/tmp/R11/extracted/e2/e222622001e775e93cf6c80877dbf05524a7b18c411a4ec94cab6ab5026a00e6/usr/lib64/libnssutil3.so
78b93a5dd000-78b93a5de000 rw-p 0002e000 08:01 23629701                   /home/toolchain/development/libc++_replacement/tmp/R11/extracted/e2/e222622001e775e93cf6c80877dbf05524a7b18c411a4ec94cab6ab5026a00e6/usr/lib64/libnssutil3.so
78b93a5de000-78b93a5ea000 r--p 00000000 08:01 23629631                   /home/toolchain/development/libc++_replacement/tmp/R11/extracted/1b/1b1e0c06f14e8cdd3e58db640159ac4e12089b52793ac3f1f73079d5be9493b5/usr/lib64/libnspr4.so
78b93a5ea000-78b93a606000 r-xp 0000c000 08:01 23629631                   /home/toolchain/development/libc++_replacement/tmp/R11/extracted/1b/1b1e0c06f14e8cdd3e58db640159ac4e12089b52793ac3f1f73079d5be9493b5/usr/lib64/libnspr4.so
78b93a606000-78b93a611000 r--p 00028000 08:01 23629631                   /home/toolchain/development/libc++_replacement/tmp/R11/extracted/1b/1b1e0c06f14e8cdd3e58db640159ac4e12089b52793ac3f1f73079d5be9493b5/usr/lib64/libnspr4.so
78b93a611000-78b93a613000 r--p 00032000 08:01 23629631                   /home/toolchain/development/libc++_replacement/tmp/R11/extracted/1b/1b1e0c06f14e8cdd3e58db640159ac4e12089b52793ac3f1f73079d5be9493b5/usr/lib64/libnspr4.so
78b93a613000-78b93a614000 rw-p 00034000 08:01 23629631                   /home/toolchain/development/libc++_replacement/tmp/R11/extracted/1b/1b1e0c06f14e8cdd3e58db640159ac4e12089b52793ac3f1f73079d5be9493b5/usr/lib64/libnspr4.so
78b93a614000-78b93a617000 rw-p 00000000 00:00 0 
78b93a617000-78b93a623000 r--p 00000000 08:01 26004566                   /home/toolchain/development/libc++_replacement/tmp/R11/extracted/13/130cb9ce0ab2b3bfe89db04629e44f7b9d35ca038c71c00198b93c379a23795e/usr/lib64/libatk-bridge-2.0.so.0.0.0
78b93a623000-78b93a638000 r-xp 0000c000 08:01 26004566                   /home/toolchain/development/libc++_replacement/tmp/R11/extracted/13/130cb9ce0ab2b3bfe89db04629e44f7b9d35ca038c71c00198b93c379a23795e/usr/lib64/libatk-bridge-2.0.so.0.0.0
78b93a638000-78b93a645000 r--p 00021000 08:01 26004566                   /home/toolchain/development/libc++_replacement/tmp/R11/extracted/13/130cb9ce0ab2b3bfe89db04629e44f7b9d35ca038c71c00198b93c379a23795e/usr/lib64/libatk-bridge-2.0.so.0.0.0
78b93a645000-78b93a646000 r--p 0002e000 08:01 26004566                   /home/toolchain/development/libc++_replacement/tmp/R11/extracted/13/130cb9ce0ab2b3bfe89db04629e44f7b9d35ca038c71c00198b93c379a23795e/usr/lib64/libatk-bridge-2.0.so.0.0.0
78b93a646000-78b93a648000 rw-p 0002f000 08:01 26004566                   /home/toolchain/development/libc++_replacement/tmp/R11/extracted/13/130cb9ce0ab2b3bfe89db04629e44f7b9d35ca038c71c00198b93c379a23795e/usr/lib64/libatk-bridge-2.0.so.0.0.0
78b93a648000-78b93a649000 rw-p 00000000 00:00 0 
78b93a649000-78b93a658000 r--p 00000000 08:01 26085460                   /home/toolchain/development/libc++_replacement/tmp/R11/extracted/e4/e41cd6fb69e5ce4b5df0549d05d30debb1bb74f0bb9e6f16412063a99dd31b6a/usr/lib64/libgobject-2.0.so.0.8000.5
78b93a658000-78b93a682000 r-xp 0000f000 08:01 26085460                   /home/toolchain/development/libc++_replacement/tmp/R11/extracted/e4/e41cd6fb69e5ce4b5df0549d05d30debb1bb74f0bb9e6f16412063a99dd31b6a/usr/lib64/libgobject-2.0.so.0.8000.5
78b93a682000-78b93a699000 r--p 00039000 08:01 26085460                   /home/toolchain/development/libc++_replacement/tmp/R11/extracted/e4/e41cd6fb69e5ce4b5df0549d05d30debb1bb74f0bb9e6f16412063a99dd31b6a/usr/lib64/libgobject-2.0.so.0.8000.5
78b93a699000-78b93a69c000 r--p 00050000 08:01 26085460                   /home/toolchain/development/libc++_replacement/tmp/R11/extracted/e4/e41cd6fb69e5ce4b5df0549d05d30debb1bb74f0bb9e6f16412063a99dd31b6a/usr/lib64/libgobject-2.0.so.0.8000.5
78b93a69c000-78b93a69d000 rw-p 00053000 08:01 26085460                   /home/toolchain/development/libc++_replacement/tmp/R11/extracted/e4/e41cd6fb69e5ce4b5df0549d05d30debb1bb74f0bb9e6f16412063a99dd31b6a/usr/lib64/libgobject-2.0.so.0.8000.5
78b93a69d000-78b93a69e000 rw-p 00000000 00:00 0 
78b93a69e000-78b93a6a8000 r--p 00000000 08:01 26004572                   /home/toolchain/development/libc++_replacement/tmp/R11/extracted/a5/a57456a2a67f4376afe8451360488853610e4d3240787426245471b660b35c57/usr/lib64/libatk-1.0.so.0.23609.1
78b93a6a8000-78b93a6b7000 r-xp 0000a000 08:01 26004572                   /home/toolchain/development/libc++_replacement/tmp/R11/extracted/a5/a57456a2a67f4376afe8451360488853610e4d3240787426245471b660b35c57/usr/lib64/libatk-1.0.so.0.23609.1
78b93a6b7000-78b93a6c1000 r--p 00019000 08:01 26004572                   /home/toolchain/development/libc++_replacement/tmp/R11/extracted/a5/a57456a2a67f4376afe8451360488853610e4d3240787426245471b660b35c57/usr/lib64/libatk-1.0.so.0.23609.1
78b93a6c1000-78b93a6c4000 r--p 00023000 08:01 26004572                   /home/toolchain/development/libc++_replacement/tmp/R11/extracted/a5/a57456a2a67f4376afe8451360488853610e4d3240787426245471b660b35c57/usr/lib64/libatk-1.0.so.0.23609.1
78b93a6c4000-78b93a6c5000 rw-p 00026000 08:01 26004572                   /home/toolchain/development/libc++_replacement/tmp/R11/extracted/a5/a57456a2a67f4376afe8451360488853610e4d3240787426245471b660b35c57/usr/lib64/libatk-1.0.so.0.23609.1
78b93a6c5000-78b93a6d7000 r--p 00000000 08:01 25835259                   /home/toolchain/development/libc++_replacement/tmp/R11/extracted/a5/a563335a2be3f46293082fd3f9c05ccc99a459c6d964a2f7158e4560e7300812/usr/lib64/libecore_wl2.so.1.25.1
78b93a6d7000-78b93a6f8000 r-xp 00012000 08:01 25835259                   /home/toolchain/development/libc++_replacement/tmp/R11/extracted/a5/a563335a2be3f46293082fd3f9c05ccc99a459c6d964a2f7158e4560e7300812/usr/lib64/libecore_wl2.so.1.25.1
78b93a6f8000-78b93a708000 r--p 00033000 08:01 25835259                   /home/toolchain/development/libc++_replacement/tmp/R11/extracted/a5/a563335a2be3f46293082fd3f9c05ccc99a459c6d964a2f7158e4560e7300812/usr/lib64/libecore_wl2.so.1.25.1
78b93a708000-78b93a70a000 r--p 00042000 08:01 25835259                   /home/toolchain/development/libc++_replacement/tmp/R11/extracted/a5/a563335a2be3f46293082fd3f9c05ccc99a459c6d964a2f7158e4560e7300812/usr/lib64/libecore_wl2.so.1.25.1
78b93a70a000-78b93a70b000 rw-p 00044000 08:01 25835259                   /home/toolchain/development/libc++_replacement/tmp/R11/extracted/a5/a563335a2be3f46293082fd3f9c05ccc99a459c6d964a2f7158e4560e7300812/usr/lib64/libecore_wl2.so.1.25.1
78b93a70b000-78b93a70c000 rw-p 00000000 00:00 0 
78b93a70c000-78b93a710000 r--p 00000000 08:01 25823603                   /home/toolchain/development/libc++_replacement/tmp/R11/extracted/73/7389dc2a0cf611d5228582c536c8dfcc5b713015f88abc7cdc0b836cadad8d24/usr/lib64/libcapi-system-device.so.0.1.0
78b93a710000-78b93a718000 r-xp 00004000 08:01 25823603                   /home/toolchain/development/libc++_replacement/tmp/R11/extracted/73/7389dc2a0cf611d5228582c536c8dfcc5b713015f88abc7cdc0b836cadad8d24/usr/lib64/libcapi-system-device.so.0.1.0
78b93a718000-78b93a71c000 r--p 0000c000 08:01 25823603                   /home/toolchain/development/libc++_replacement/tmp/R11/extracted/73/7389dc2a0cf611d5228582c536c8dfcc5b713015f88abc7cdc0b836cadad8d24/usr/lib64/libcapi-system-device.so.0.1.0
78b93a71c000-78b93a71d000 r--p 00010000 08:01 25823603                   /home/toolchain/development/libc++_replacement/tmp/R11/extracted/73/7389dc2a0cf611d5228582c536c8dfcc5b713015f88abc7cdc0b836cadad8d24/usr/lib64/libcapi-system-device.so.0.1.0
78b93a71d000-78b93a71e000 rw-p 00011000 08:01 25823603                   /home/toolchain/development/libc++_replacement/tmp/R11/extracted/73/7389dc2a0cf611d5228582c536c8dfcc5b713015f88abc7cdc0b836cadad8d24/usr/lib64/libcapi-system-device.so.0.1.0
78b93a71e000-78b93a74f000 r--p 00000000 08:01 26119199                   /home/toolchain/development/libc++_replacement/tmp/R11/extracted/63/63f3107f2d3f9333d95eed1ad3840b72879e1ce80f0d2733eee0dad23df67730/usr/lib64/libpkgmgr-info.so.0.37.2
78b93a74f000-78b93a7b2000 r-xp 00031000 08:01 26119199                   /home/toolchain/development/libc++_replacement/tmp/R11/extracted/63/63f3107f2d3f9333d95eed1ad3840b72879e1ce80f0d2733eee0dad23df67730/usr/lib64/libpkgmgr-info.so.0.37.2
78b93a7b2000-78b93a7d0000 r--p 00094000 08:01 26119199                   /home/toolchain/development/libc++_replacement/tmp/R11/extracted/63/63f3107f2d3f9333d95eed1ad3840b72879e1ce80f0d2733eee0dad23df67730/usr/lib64/libpkgmgr-info.so.0.37.2
78b93a7d0000-78b93a7d2000 r--p 000b2000 08:01 26119199                   /home/toolchain/development/libc++_replacement/tmp/R11/extracted/63/63f3107f2d3f9333d95eed1ad3840b72879e1ce80f0d2733eee0dad23df67730/usr/lib64/libpkgmgr-info.so.0.37.2
78b93a7d2000-78b93a7d4000 rw-p 000b4000 08:01 26119199                   /home/toolchain/development/libc++_replacement/tmp/R11/extracted/63/63f3107f2d3f9333d95eed1ad3840b72879e1ce80f0d2733eee0dad23df67730/usr/lib64/libpkgmgr-info.so.0.37.2
78b93a7d4000-78b93a7f3000 r--p 00000000 08:01 26085410                   /home/toolchain/development/libc++_replacement/tmp/R11/extracted/ec/eca90911031c2fc0795fbe9127f5ec74db9a8ecd85c3abd6b83ec36678f94fa3/usr/lib64/libglib-2.0.so.0.8000.5
78b93a7f3000-78b93a873000 r-xp 0001f000 08:01 26085410                   /home/toolchain/development/libc++_replacement/tmp/R11/extracted/ec/eca90911031c2fc0795fbe9127f5ec74db9a8ecd85c3abd6b83ec36678f94fa3/usr/lib64/libglib-2.0.so.0.8000.5
78b93a873000-78b93a8f6000 r--p 0009f000 08:01 26085410                   /home/toolchain/development/libc++_replacement/tmp/R11/extracted/ec/eca90911031c2fc0795fbe9127f5ec74db9a8ecd85c3abd6b83ec36678f94fa3/usr/lib64/libglib-2.0.so.0.8000.5
78b93a8f6000-78b93a8f7000 r--p 00122000 08:01 26085410                   /home/toolchain/development/libc++_replacement/tmp/R11/extracted/ec/eca90911031c2fc0795fbe9127f5ec74db9a8ecd85c3abd6b83ec36678f94fa3/usr/lib64/libglib-2.0.so.0.8000.5
78b93a8f7000-78b93a8f8000 rw-p 00123000 08:01 26085410                   /home/toolchain/development/libc++_replacement/tmp/R11/extracted/ec/eca90911031c2fc0795fbe9127f5ec74db9a8ecd85c3abd6b83ec36678f94fa3/usr/lib64/libglib-2.0.so.0.8000.5
78b93a8f8000-78b93a8f9000 rw-p 00000000 00:00 0 
78b93a8f9000-78b93a8fd000 r--p 00000000 08:01 25821510                   /home/toolchain/development/libc++_replacement/tmp/R11/extracted/7e/7e4c7702044c8792a86f16197c61585906a66f691e42da9407066821195e5e51/usr/lib64/libcapi-appfw-app-manager.so.0.18.0
78b93a8fd000-78b93a903000 r-xp 00004000 08:01 25821510                   /home/toolchain/development/libc++_replacement/tmp/R11/extracted/7e/7e4c7702044c8792a86f16197c61585906a66f691e42da9407066821195e5e51/usr/lib64/libcapi-appfw-app-manager.so.0.18.0
78b93a903000-78b93a906000 r--p 0000a000 08:01 25821510                   /home/toolchain/development/libc++_replacement/tmp/R11/extracted/7e/7e4c7702044c8792a86f16197c61585906a66f691e42da9407066821195e5e51/usr/lib64/libcapi-appfw-app-manager.so.0.18.0
78b93a906000-78b93a907000 r--p 0000d000 08:01 25821510                   /home/toolchain/development/libc++_replacement/tmp/R11/extracted/7e/7e4c7702044c8792a86f16197c61585906a66f691e42da9407066821195e5e51/usr/lib64/libcapi-appfw-app-manager.so.0.18.0
78b93a907000-78b93a908000 rw-p 0000e000 08:01 25821510                   /home/toolchain/development/libc++_replacement/tmp/R11/extracted/7e/7e4c7702044c8792a86f16197c61585906a66f691e42da9407066821195e5e51/usr/lib64/libcapi-appfw-app-manager.so.0.18.0
78b93a908000-78b93a90d000 r--p 00000000 08:01 14340278                   /home/toolchain/development/libc++_replacement/tmp/R11/extracted/cc/cc61b523b97fab0d551409676b06bed8e12ec94f045f9b61db47341ba32e8390/usr/lib64/libpng16.so.16.44.0
78b93a90d000-78b93a92c000 r-xp 00005000 08:01 14340278                   /home/toolchain/development/libc++_replacement/tmp/R11/extracted/cc/cc61b523b97fab0d551409676b06bed8e12ec94f045f9b61db47341ba32e8390/usr/lib64/libpng16.so.16.44.0
78b93a92c000-78b93a935000 r--p 00024000 08:01 14340278                   /home/toolchain/development/libc++_replacement/tmp/R11/extracted/cc/cc61b523b97fab0d551409676b06bed8e12ec94f045f9b61db47341ba32e8390/usr/lib64/libpng16.so.16.44.0
78b93a935000-78b93a936000 r--p 0002c000 08:01 14340278                   /home/toolchain/development/libc++_replacement/tmp/R11/extracted/cc/cc61b523b97fab0d551409676b06bed8e12ec94f045f9b61db47341ba32e8390/usr/lib64/libpng16.so.16.44.0
78b93a936000-78b93a937000 rw-p 0002d000 08:01 14340278                   /home/toolchain/development/libc++_replacement/tmp/R11/extracted/cc/cc61b523b97fab0d551409676b06bed8e12ec94f045f9b61db47341ba32e8390/usr/lib64/libpng16.so.16.44.0
78b93a937000-78b93a945000 r--p 00000000 08:01 23615903                   /home/toolchain/development/libc++_replacement/tmp/R11/extracted/bb/bba8a544f407a9da42ee4e785c5ef8a48024d1a094bbe35fef027b62aa9712a4/usr/lib64/libjsoncpp.so.1.9.6
78b93a945000-78b93a966000 r-xp 0000e000 08:01 23615903                   /home/toolchain/development/libc++_replacement/tmp/R11/extracted/bb/bba8a544f407a9da42ee4e785c5ef8a48024d1a094bbe35fef027b62aa9712a4/usr/lib64/libjsoncpp.so.1.9.6
78b93a966000-78b93a96f000 r--p 0002f000 08:01 23615903                   /home/toolchain/development/libc++_replacement/tmp/R11/extracted/bb/bba8a544f407a9da42ee4e785c5ef8a48024d1a094bbe35fef027b62aa9712a4/usr/lib64/libjsoncpp.so.1.9.6
78b93a96f000-78b93a970000 r--p 00037000 08:01 23615903                   /home/toolchain/development/libc++_replacement/tmp/R11/extracted/bb/bba8a544f407a9da42ee4e785c5ef8a48024d1a094bbe35fef027b62aa9712a4/usr/lib64/libjsoncpp.so.1.9.6
78b93a970000-78b93a971000 rw-p 00038000 08:01 23615903                   /home/toolchain/development/libc++_replacement/tmp/R11/extracted/bb/bba8a544f407a9da42ee4e785c5ef8a48024d1a094bbe35fef027b62aa9712a4/usr/lib64/libjsoncpp.so.1.9.6
78b93a971000-78b93a974000 r--p 00000000 08:01 23624264                   /home/toolchain/development/libc++_replacement/tmp/R11/extracted/ff/ff59991b5cf650e0726c6f54af329bf9fbe7fd36f9f7c42dda22ca9742225e79/usr/lib64/libwebp.so.7.1.9
78b93a974000-78b93a9f1000 r-xp 00003000 08:01 23624264                   /home/toolchain/development/libc++_replacement/tmp/R11/extracted/ff/ff59991b5cf650e0726c6f54af329bf9fbe7fd36f9f7c42dda22ca9742225e79/usr/lib64/libwebp.so.7.1.9
78b93a9f1000-78b93aa03000 r--p 00080000 08:01 23624264                   /home/toolchain/development/libc++_replacement/tmp/R11/extracted/ff/ff59991b5cf650e0726c6f54af329bf9fbe7fd36f9f7c42dda22ca9742225e79/usr/lib64/libwebp.so.7.1.9
78b93aa03000-78b93aa04000 r--p 00091000 08:01 23624264                   /home/toolchain/development/libc++_replacement/tmp/R11/extracted/ff/ff59991b5cf650e0726c6f54af329bf9fbe7fd36f9f7c42dda22ca9742225e79/usr/lib64/libwebp.so.7.1.9
78b93aa04000-78b93aa05000 rw-p 00092000 08:01 23624264                   /home/toolchain/development/libc++_replacement/tmp/R11/extracted/ff/ff59991b5cf650e0726c6f54af329bf9fbe7fd36f9f7c42dda22ca9742225e79/usr/lib64/libwebp.so.7.1.9
78b93aa05000-78b93aa06000 rw-p 00000000 00:00 0 
78b93aa06000-78b93aa0b000 r--p 00000000 08:01 26089189                   /home/toolchain/development/libc++_replacement/tmp/R11/extracted/5e/5e2848d0eb014068cd5d1076d87e6102f81218748a8e789f7870121e883bef28/usr/lib64/libvpx.so.7.1.0
78b93aa0b000-78b93abbc000 r-xp 00005000 08:01 26089189                   /home/toolchain/development/libc++_replacement/tmp/R11/extracted/5e/5e2848d0eb014068cd5d1076d87e6102f81218748a8e789f7870121e883bef28/usr/lib64/libvpx.so.7.1.0
78b93abbc000-78b93abf9000 r--p 001b6000 08:01 26089189                   /home/toolchain/development/libc++_replacement/tmp/R11/extracted/5e/5e2848d0eb014068cd5d1076d87e6102f81218748a8e789f7870121e883bef28/usr/lib64/libvpx.so.7.1.0
78b93abf9000-78b93abfc000 r--p 001f2000 08:01 26089189                   /home/toolchain/development/libc++_replacement/tmp/R11/extracted/5e/5e2848d0eb014068cd5d1076d87e6102f81218748a8e789f7870121e883bef28/usr/lib64/libvpx.so.7.1.0
78b93abfc000-78b93abfd000 rw-p 001f5000 08:01 26089189                   /home/toolchain/development/libc++_replacement/tmp/R11/extracted/5e/5e2848d0eb014068cd5d1076d87e6102f81218748a8e789f7870121e883bef28/usr/lib64/libvpx.so.7.1.0
78b93abfd000-78b93ac00000 rw-p 00000000 00:00 0 
78b93ac00000-78b93ace0000 r--p 00000000 08:01 25840623                   /home/toolchain/development/libc++_replacement/tmp/R11/extracted/f2/f2982b49e6ba19cfead18c936203b5e4cd0c621ee9d935f14c44519a24279330/usr/lib64/libelementary.so.1.25.100
78b93ace0000-78b93af21000 r-xp 000e0000 08:01 25840623                   /home/toolchain/development/libc++_replacement/tmp/R11/extracted/f2/f2982b49e6ba19cfead18c936203b5e4cd0c621ee9d935f14c44519a24279330/usr/lib64/libelementary.so.1.25.100
78b93af21000-78b93b01a000 r--p 00321000 08:01 25840623                   /home/toolchain/development/libc++_replacement/tmp/R11/extracted/f2/f2982b49e6ba19cfead18c936203b5e4cd0c621ee9d935f14c44519a24279330/usr/lib64/libelementary.so.1.25.100
78b93b01a000-78b93b043000 r--p 00419000 08:01 25840623                   /home/toolchain/development/libc++_replacement/tmp/R11/extracted/f2/f2982b49e6ba19cfead18c936203b5e4cd0c621ee9d935f14c44519a24279330/usr/lib64/libelementary.so.1.25.100
78b93b043000-78b93b04c000 rw-p 00442000 08:01 25840623                   /home/toolchain/development/libc++_replacement/tmp/R11/extracted/f2/f2982b49e6ba19cfead18c936203b5e4cd0c621ee9d935f14c44519a24279330/usr/lib64/libelementary.so.1.25.100
78b93b04c000-78b93b053000 rw-p 00000000 00:00 0 
78b93b053000-78b93b056000 r--p 00000000 08:01 23630178                   /home/toolchain/development/libc++_replacement/tmp/R11/extracted/39/39631b4325f25a57ea755287cd25a33df04a2c912baeea2286e8d08352dd9da2/usr/lib64/libopus.so.0.8.0
78b93b056000-78b93b093000 r-xp 00003000 08:01 23630178                   /home/toolchain/development/libc++_replacement/tmp/R11/extracted/39/39631b4325f25a57ea755287cd25a33df04a2c912baeea2286e8d08352dd9da2/usr/lib64/libopus.so.0.8.0
78b93b093000-78b93b0a5000 r--p 00040000 08:01 23630178                   /home/toolchain/development/libc++_replacement/tmp/R11/extracted/39/39631b4325f25a57ea755287cd25a33df04a2c912baeea2286e8d08352dd9da2/usr/lib64/libopus.so.0.8.0
78b93b0a5000-78b93b0a6000 r--p 00051000 08:01 23630178                   /home/toolchain/development/libc++_replacement/tmp/R11/extracted/39/39631b4325f25a57ea755287cd25a33df04a2c912baeea2286e8d08352dd9da2/usr/lib64/libopus.so.0.8.0
78b93b0a6000-78b93b0a7000 rw-p 00052000 08:01 23630178                   /home/toolchain/development/libc++_replacement/tmp/R11/extracted/39/39631b4325f25a57ea755287cd25a33df04a2c912baeea2286e8d08352dd9da2/usr/lib64/libopus.so.0.8.0
78b93b0a7000-78b93b0b4000 r--p 00000000 08:01 26085350                   /home/toolchain/development/libc++_replacement/tmp/R11/extracted/5d/5da96fd7373ad9d27edc2a431f5ff807e2f3520f4eaa363097d1154205e6c7f9/usr/lib64/libfreetype.so.6.20.1
78b93b0b4000-78b93b11f000 r-xp 0000d000 08:01 26085350                   /home/toolchain/development/libc++_replacement/tmp/R11/extracted/5d/5da96fd7373ad9d27edc2a431f5ff807e2f3520f4eaa363097d1154205e6c7f9/usr/lib64/libfreetype.so.6.20.1
78b93b11f000-78b93b144000 r--p 00078000 08:01 26085350                   /home/toolchain/development/libc++_replacement/tmp/R11/extracted/5d/5da96fd7373ad9d27edc2a431f5ff807e2f3520f4eaa363097d1154205e6c7f9/usr/lib64/libfreetype.so.6.20.1
78b93b144000-78b93b14b000 r--p 0009c000 08:01 26085350                   /home/toolchain/development/libc++_replacement/tmp/R11/extracted/5d/5da96fd7373ad9d27edc2a431f5ff807e2f3520f4eaa363097d1154205e6c7f9/usr/lib64/libfreetype.so.6.20.1
78b93b14b000-78b93b14c000 rw-p 000a3000 08:01 26085350                   /home/toolchain/development/libc++_replacement/tmp/R11/extracted/5d/5da96fd7373ad9d27edc2a431f5ff807e2f3520f4eaa363097d1154205e6c7f9/usr/lib64/libfreetype.so.6.20.1
78b93b14c000-78b93b14d000 r--p 00000000 08:01 26005323                   /home/toolchain/development/libc++_replacement/tmp/R11/extracted/40/40787e08879d9a4270a3f1dc44aeed01ed9200a88d2f6edf884de751ed6a2b6e/usr/lib64/libbrotlienc.so.1.1.0
78b93b14d000-78b93b1ac000 r-xp 00001000 08:01 26005323                   /home/toolchain/development/libc++_replacement/tmp/R11/extracted/40/40787e08879d9a4270a3f1dc44aeed01ed9200a88d2f6edf884de751ed6a2b6e/usr/lib64/libbrotlienc.so.1.1.0
78b93b1ac000-78b93b1fe000 r--p 00060000 08:01 26005323                   /home/toolchain/development/libc++_replacement/tmp/R11/extracted/40/40787e08879d9a4270a3f1dc44aeed01ed9200a88d2f6edf884de751ed6a2b6e/usr/lib64/libbrotlienc.so.1.1.0
78b93b1fe000-78b93b1ff000 r--p 000b1000 08:01 26005323                   /home/toolchain/development/libc++_replacement/tmp/R11/extracted/40/40787e08879d9a4270a3f1dc44aeed01ed9200a88d2f6edf884de751ed6a2b6e/usr/lib64/libbrotlienc.so.1.1.0
78b93b1ff000-78b93b200000 rw-p 000b2000 08:01 26005323                   /home/toolchain/development/libc++_replacement/tmp/R11/extracted/40/40787e08879d9a4270a3f1dc44aeed01ed9200a88d2f6edf884de751ed6a2b6e/usr/lib64/libbrotlienc.so.1.1.0
78b93b200000-78b93b252000 r--p 00000000 08:01 25869998                   /home/toolchain/development/libc++_replacement/tmp/R11/extracted/85/8593c4710f8f264ca986b59d3fd51c77821e9addb2add1d80d42a5177206711f/usr/lib64/libevas.so.1.25.1
78b93b252000-78b93b397000 r-xp 00052000 08:01 25869998                   /home/toolchain/development/libc++_replacement/tmp/R11/extracted/85/8593c4710f8f264ca986b59d3fd51c77821e9addb2add1d80d42a5177206711f/usr/lib64/libevas.so.1.25.1
78b93b397000-78b93b408000 r--p 00197000 08:01 25869998                   /home/toolchain/development/libc++_replacement/tmp/R11/extracted/85/8593c4710f8f264ca986b59d3fd51c77821e9addb2add1d80d42a5177206711f/usr/lib64/libevas.so.1.25.1
78b93b408000-78b93b417000 r--p 00207000 08:01 25869998                   /home/toolchain/development/libc++_replacement/tmp/R11/extracted/85/8593c4710f8f264ca986b59d3fd51c77821e9addb2add1d80d42a5177206711f/usr/lib64/libevas.so.1.25.1
78b93b417000-78b93b41b000 rw-p 00216000 08:01 25869998                   /home/toolchain/development/libc++_replacement/tmp/R11/extracted/85/8593c4710f8f264ca986b59d3fd51c77821e9addb2add1d80d42a5177206711f/usr/lib64/libevas.so.1.25.1
78b93b41b000-78b93b44c000 rw-p 00000000 00:00 0 
78b93b44d000-78b93b44f000 r--p 00000000 08:01 25714424                   /home/toolchain/development/libc++_replacement/tmp/R11/extracted/c3/c3d22a505a18075e3ffa2d8906fbef5244a37495d1b4b4d03c0fd415e1a5fbfc/usr/lib64/libappsvc.so.0.1.0
78b93b44f000-78b93b450000 r-xp 00002000 08:01 25714424                   /home/toolchain/development/libc++_replacement/tmp/R11/extracted/c3/c3d22a505a18075e3ffa2d8906fbef5244a37495d1b4b4d03c0fd415e1a5fbfc/usr/lib64/libappsvc.so.0.1.0
78b93b450000-78b93b451000 r--p 00003000 08:01 25714424                   /home/toolchain/development/libc++_replacement/tmp/R11/extracted/c3/c3d22a505a18075e3ffa2d8906fbef5244a37495d1b4b4d03c0fd415e1a5fbfc/usr/lib64/libappsvc.so.0.1.0
78b93b451000-78b93b452000 r--p 00003000 08:01 25714424                   /home/toolchain/development/libc++_replacement/tmp/R11/extracted/c3/c3d22a505a18075e3ffa2d8906fbef5244a37495d1b4b4d03c0fd415e1a5fbfc/usr/lib64/libappsvc.so.0.1.0
78b93b452000-78b93b453000 rw-p 00004000 08:01 25714424                   /home/toolchain/development/libc++_replacement/tmp/R11/extracted/c3/c3d22a505a18075e3ffa2d8906fbef5244a37495d1b4b4d03c0fd415e1a5fbfc/usr/lib64/libappsvc.so.0.1.0
78b93b453000-78b93b454000 r--p 00000000 08:01 26005292                   /home/toolchain/development/libc++_replacement/tmp/R11/extracted/99/993ff54f3fb96f75f5699b6ea45f092ab218ba388985cf52e743d4bdac6bfa6b/usr/lib64/libbrotlidec.so.1.1.0
78b93b454000-78b93b45c000 r-xp 00001000 08:01 26005292                   /home/toolchain/development/libc++_replacement/tmp/R11/extracted/99/993ff54f3fb96f75f5699b6ea45f092ab218ba388985cf52e743d4bdac6bfa6b/usr/lib64/libbrotlidec.so.1.1.0
78b93b45c000-78b93b45f000 r--p 00009000 08:01 26005292                   /home/toolchain/development/libc++_replacement/tmp/R11/extracted/99/993ff54f3fb96f75f5699b6ea45f092ab218ba388985cf52e743d4bdac6bfa6b/usr/lib64/libbrotlidec.so.1.1.0
78b93b45f000-78b93b460000 r--p 0000b000 08:01 26005292                   /home/toolchain/development/libc++_replacement/tmp/R11/extracted/99/993ff54f3fb96f75f5699b6ea45f092ab218ba388985cf52e743d4bdac6bfa6b/usr/lib64/libbrotlidec.so.1.1.0
78b93b460000-78b93b461000 rw-p 0000c000 08:01 26005292                   /home/toolchain/development/libc++_replacement/tmp/R11/extracted/99/993ff54f3fb96f75f5699b6ea45f092ab218ba388985cf52e743d4bdac6bfa6b/usr/lib64/libbrotlidec.so.1.1.0
78b93b461000-78b93b469000 r--p 00000000 08:01 26088542                   /home/toolchain/development/libc++_replacement/tmp/R11/extracted/d8/d8e2121c8cdef0174f29ad288a339a127aa9bc15ea05f4b0682df2513302045d/usr/lib64/libtbm.so.1.0.0
78b93b469000-78b93b48c000 r-xp 00008000 08:01 26088542                   /home/toolchain/development/libc++_replacement/tmp/R11/extracted/d8/d8e2121c8cdef0174f29ad288a339a127aa9bc15ea05f4b0682df2513302045d/usr/lib64/libtbm.so.1.0.0
78b93b48c000-78b93b496000 r--p 0002b000 08:01 26088542                   /home/toolchain/development/libc++_replacement/tmp/R11/extracted/d8/d8e2121c8cdef0174f29ad288a339a127aa9bc15ea05f4b0682df2513302045d/usr/lib64/libtbm.so.1.0.0
78b93b496000-78b93b497000 r--p 00035000 08:01 26088542                   /home/toolchain/development/libc++_replacement/tmp/R11/extracted/d8/d8e2121c8cdef0174f29ad288a339a127aa9bc15ea05f4b0682df2513302045d/usr/lib64/libtbm.so.1.0.0
78b93b497000-78b93b498000 rw-p 00036000 08:01 26088542                   /home/toolchain/development/libc++_replacement/tmp/R11/extracted/d8/d8e2121c8cdef0174f29ad288a339a127aa9bc15ea05f4b0682df2513302045d/usr/lib64/libtbm.so.1.0.0
78b93b498000-78b93b49b000 r--p 00000000 08:01 25822515                   /home/toolchain/development/libc++_replacement/tmp/R11/extracted/bb/bb8ca49407c7f8b0468e21eee66d8c3ad842eed82b47d34b2c34c0d55c02a2d0/usr/lib64/libcapi-media-tool.so.0.2.0
78b93b49b000-78b93b4a5000 r-xp 00003000 08:01 25822515                   /home/toolchain/development/libc++_replacement/tmp/R11/extracted/bb/bb8ca49407c7f8b0468e21eee66d8c3ad842eed82b47d34b2c34c0d55c02a2d0/usr/lib64/libcapi-media-tool.so.0.2.0
78b93b4a5000-78b93b4aa000 r--p 0000d000 08:01 25822515                   /home/toolchain/development/libc++_replacement/tmp/R11/extracted/bb/bb8ca49407c7f8b0468e21eee66d8c3ad842eed82b47d34b2c34c0d55c02a2d0/usr/lib64/libcapi-media-tool.so.0.2.0
78b93b4aa000-78b93b4ab000 r--p 00011000 08:01 25822515                   /home/toolchain/development/libc++_replacement/tmp/R11/extracted/bb/bb8ca49407c7f8b0468e21eee66d8c3ad842eed82b47d34b2c34c0d55c02a2d0/usr/lib64/libcapi-media-tool.so.0.2.0
78b93b4ab000-78b93b4ac000 rw-p 00012000 08:01 25822515                   /home/toolchain/development/libc++_replacement/tmp/R11/extracted/bb/bb8ca49407c7f8b0468e21eee66d8c3ad842eed82b47d34b2c34c0d55c02a2d0/usr/lib64/libcapi-media-tool.so.0.2.0
78b93b4ac000-78b93b4b2000 r--p 00000000 08:01 25822140                   /home/toolchain/development/libc++_replacement/tmp/R11/extracted/f6/f674d45d74803f2f61b07eddfb8b444936d1afc407b46e2442d314bc78ea7b40/usr/lib64/libcapi-media-camera.so.0.5.0
78b93b4b2000-78b93b4c9000 r-xp 00006000 08:01 25822140                   /home/toolchain/development/libc++_replacement/tmp/R11/extracted/f6/f674d45d74803f2f61b07eddfb8b444936d1afc407b46e2442d314bc78ea7b40/usr/lib64/libcapi-media-camera.so.0.5.0
78b93b4c9000-78b93b4d2000 r--p 0001d000 08:01 25822140                   /home/toolchain/development/libc++_replacement/tmp/R11/extracted/f6/f674d45d74803f2f61b07eddfb8b444936d1afc407b46e2442d314bc78ea7b40/usr/lib64/libcapi-media-camera.so.0.5.0
78b93b4d2000-78b93b4d3000 r--p 00025000 08:01 25822140                   /home/toolchain/development/libc++_replacement/tmp/R11/extracted/f6/f674d45d74803f2f61b07eddfb8b444936d1afc407b46e2442d314bc78ea7b40/usr/lib64/libcapi-media-camera.so.0.5.0
78b93b4d3000-78b93b4d4000 rw-p 00026000 08:01 25822140                   /home/toolchain/development/libc++_replacement/tmp/R11/extracted/f6/f674d45d74803f2f61b07eddfb8b444936d1afc407b46e2442d314bc78ea7b40/usr/lib64/libcapi-media-camera.so.0.5.0
78b93b4d4000-78b93b4dd000 r--p 00000000 08:01 25821789                   /home/toolchain/development/libc++_replacement/tmp/R11/extracted/78/78f6ddb4273a7c65f897bdd8f1fdc0b0b773f261c44fb7a482e4e4e6661f2fc4/usr/lib64/libcapi-base-common.so.0.4.82
78b93b4dd000-78b93b4de000 r-xp 00009000 08:01 25821789                   /home/toolchain/development/libc++_replacement/tmp/R11/extracted/78/78f6ddb4273a7c65f897bdd8f1fdc0b0b773f261c44fb7a482e4e4e6661f2fc4/usr/lib64/libcapi-base-common.so.0.4.82
78b93b4de000-78b93b4e7000 r--p 0000a000 08:01 25821789                   /home/toolchain/development/libc++_replacement/tmp/R11/extracted/78/78f6ddb4273a7c65f897bdd8f1fdc0b0b773f261c44fb7a482e4e4e6661f2fc4/usr/lib64/libcapi-base-common.so.0.4.82
78b93b4e7000-78b93b4ec000 r--p 00012000 08:01 25821789                   /home/toolchain/development/libc++_replacement/tmp/R11/extracted/78/78f6ddb4273a7c65f897bdd8f1fdc0b0b773f261c44fb7a482e4e4e6661f2fc4/usr/lib64/libcapi-base-common.so.0.4.82
78b93b4ec000-78b93b4ed000 rw-p 00017000 08:01 25821789                   /home/toolchain/development/libc++_replacement/tmp/R11/extracted/78/78f6ddb4273a7c65f897bdd8f1fdc0b0b773f261c44fb7a482e4e4e6661f2fc4/usr/lib64/libcapi-base-common.so.0.4.82
78b93b4ed000-78b93b4f7000 r--p 00000000 08:01 25839054                   /home/toolchain/development/libc++_replacement/tmp/R11/extracted/64/641236184aba59194f38bf60271a2f3c1da2a68d097739a39f3f485da0549be4/usr/lib64/libeldbus.so.1.25.1
78b93b4f7000-78b93b514000 r-xp 0000a000 08:01 25839054                   /home/toolchain/development/libc++_replacement/tmp/R11/extracted/64/641236184aba59194f38bf60271a2f3c1da2a68d097739a39f3f485da0549be4/usr/lib64/libeldbus.so.1.25.1
78b93b514000-78b93b520000 r--p 00027000 08:01 25839054                   /home/toolchain/development/libc++_replacement/tmp/R11/extracted/64/641236184aba59194f38bf60271a2f3c1da2a68d097739a39f3f485da0549be4/usr/lib64/libeldbus.so.1.25.1
78b93b520000-78b93b521000 r--p 00033000 08:01 25839054                   /home/toolchain/development/libc++_replacement/tmp/R11/extracted/64/641236184aba59194f38bf60271a2f3c1da2a68d097739a39f3f485da0549be4/usr/lib64/libeldbus.so.1.25.1
78b93b521000-78b93b522000 rw-p 00034000 08:01 25839054                   /home/toolchain/development/libc++_replacement/tmp/R11/extracted/64/641236184aba59194f38bf60271a2f3c1da2a68d097739a39f3f485da0549be4/usr/lib64/libeldbus.so.1.25.1
78b93b522000-78b93b549000 r--p 00000000 08:01 25836852                   /home/toolchain/development/libc++_replacement/tmp/R11/extracted/d5/d55bb7a3c85a721c363b2ea9214da3f8f62f669984649f672bb4dc1d341a00f6/usr/lib64/libedje.so.1.25.1
78b93b549000-78b93b5d5000 r-xp 00027000 08:01 25836852                   /home/toolchain/development/libc++_replacement/tmp/R11/extracted/d5/d55bb7a3c85a721c363b2ea9214da3f8f62f669984649f672bb4dc1d341a00f6/usr/lib64/libedje.so.1.25.1
78b93b5d5000-78b93b5fa000 r--p 000b3000 08:01 25836852                   /home/toolchain/development/libc++_replacement/tmp/R11/extracted/d5/d55bb7a3c85a721c363b2ea9214da3f8f62f669984649f672bb4dc1d341a00f6/usr/lib64/libedje.so.1.25.1
78b93b5fa000-78b93b5fd000 r--p 000d8000 08:01 25836852                   /home/toolchain/development/libc++_replacement/tmp/R11/extracted/d5/d55bb7a3c85a721c363b2ea9214da3f8f62f669984649f672bb4dc1d341a00f6/usr/lib64/libedje.so.1.25.1
78b93b5fd000-78b93b600000 rw-p 000db000 08:01 25836852                   /home/toolchain/development/libc++_replacement/tmp/R11/extracted/d5/d55bb7a3c85a721c363b2ea9214da3f8f62f669984649f672bb4dc1d341a00f6/usr/lib64/libedje.so.1.25.1
78b93b600000-78b941220000 r--p 00000000 08:01 68884754                   /home/toolchain/development/libcxx_runtime_validation/tmp/API_0911/W1/chromium_image/lib/libchromium-impl.so
78b941220000-78b949bb2000 r-xp 05c1f000 08:01 68884754                   /home/toolchain/development/libcxx_runtime_validation/tmp/API_0911/W1/chromium_image/lib/libchromium-impl.so
78b949bb2000-78b94a4e0000 r--p 0e5b0000 08:01 68884754                   /home/toolchain/development/libcxx_runtime_validation/tmp/API_0911/W1/chromium_image/lib/libchromium-impl.so
78b94a4e0000-78b94a603000 rw-p 0eedd000 08:01 68884754                   /home/toolchain/development/libcxx_runtime_validation/tmp/API_0911/W1/chromium_image/lib/libchromium-impl.so
78b94a603000-78b94a8a6000 rw-p 00000000 00:00 0 
78b94a8a8000-78b94a8ad000 r--p 00000000 08:01 25609282                   /home/toolchain/development/libc++_replacement/tmp/R11/extracted/bf/bfc2d54a1096eeb34ae4eeaf9deca21b3b845c0d207a5bdeb6cba97524ad4dbb/usr/lib64/libefl-extension.so.0.1.0
78b94a8ad000-78b94a8b2000 r-xp 00005000 08:01 25609282                   /home/toolchain/development/libc++_replacement/tmp/R11/extracted/bf/bfc2d54a1096eeb34ae4eeaf9deca21b3b845c0d207a5bdeb6cba97524ad4dbb/usr/lib64/libefl-extension.so.0.1.0
78b94a8b2000-78b94a8b4000 r--p 0000a000 08:01 25609282                   /home/toolchain/development/libc++_replacement/tmp/R11/extracted/bf/bfc2d54a1096eeb34ae4eeaf9deca21b3b845c0d207a5bdeb6cba97524ad4dbb/usr/lib64/libefl-extension.so.0.1.0
78b94a8b4000-78b94a8b5000 r--p 0000c000 08:01 25609282                   /home/toolchain/development/libc++_replacement/tmp/R11/extracted/bf/bfc2d54a1096eeb34ae4eeaf9deca21b3b845c0d207a5bdeb6cba97524ad4dbb/usr/lib64/libefl-extension.so.0.1.0
78b94a8b5000-78b94a8b6000 rw-p 0000d000 08:01 25609282                   /home/toolchain/development/libc++_replacement/tmp/R11/extracted/bf/bfc2d54a1096eeb34ae4eeaf9deca21b3b845c0d207a5bdeb6cba97524ad4dbb/usr/lib64/libefl-extension.so.0.1.0
78b94a8b6000-78b94a8b8000 r--p 00000000 08:01 26229356                   /home/toolchain/development/libc++_replacement/tmp/R11/extracted/37/37a89977df6d4ce294dcaa14f951155ccb94da72164a482ddb082b019c0ff252/usr/lib64/libvconf.so.0.3.1
78b94a8b8000-78b94a8bd000 r-xp 00002000 08:01 26229356                   /home/toolchain/development/libc++_replacement/tmp/R11/extracted/37/37a89977df6d4ce294dcaa14f951155ccb94da72164a482ddb082b019c0ff252/usr/lib64/libvconf.so.0.3.1
78b94a8bd000-78b94a8bf000 r--p 00007000 08:01 26229356                   /home/toolchain/development/libc++_replacement/tmp/R11/extracted/37/37a89977df6d4ce294dcaa14f951155ccb94da72164a482ddb082b019c0ff252/usr/lib64/libvconf.so.0.3.1
78b94a8bf000-78b94a8c0000 r--p 00008000 08:01 26229356                   /home/toolchain/development/libc++_replacement/tmp/R11/extracted/37/37a89977df6d4ce294dcaa14f951155ccb94da72164a482ddb082b019c0ff252/usr/lib64/libvconf.so.0.3.1
78b94a8c0000-78b94a8c1000 rw-p 00009000 08:01 26229356                   /home/toolchain/development/libc++_replacement/tmp/R11/extracted/37/37a89977df6d4ce294dcaa14f951155ccb94da72164a482ddb082b019c0ff252/usr/lib64/libvconf.so.0.3.1
78b94a8c1000-78b94a8c3000 r--p 00000000 08:01 25835129                   /home/toolchain/development/libc++_replacement/tmp/R11/extracted/2d/2dbc4d5269a3823621335b4a396b9613c9d5680881d19668c7701c42a163a632/usr/lib64/libecore_input.so.1.25.1
78b94a8c3000-78b94a8c5000 r-xp 00002000 08:01 25835129                   /home/toolchain/development/libc++_replacement/tmp/R11/extracted/2d/2dbc4d5269a3823621335b4a396b9613c9d5680881d19668c7701c42a163a632/usr/lib64/libecore_input.so.1.25.1
78b94a8c5000-78b94a8d5000 r--p 00004000 08:01 25835129                   /home/toolchain/development/libc++_replacement/tmp/R11/extracted/2d/2dbc4d5269a3823621335b4a396b9613c9d5680881d19668c7701c42a163a632/usr/lib64/libecore_input.so.1.25.1
78b94a8d5000-78b94a8d6000 r--p 00014000 08:01 25835129                   /home/toolchain/development/libc++_replacement/tmp/R11/extracted/2d/2dbc4d5269a3823621335b4a396b9613c9d5680881d19668c7701c42a163a632/usr/lib64/libecore_input.so.1.25.1
78b94a8d6000-78b94a8d7000 rw-p 00015000 08:01 25835129                   /home/toolchain/development/libc++_replacement/tmp/R11/extracted/2d/2dbc4d5269a3823621335b4a396b9613c9d5680881d19668c7701c42a163a632/usr/lib64/libecore_input.so.1.25.1
78b94a8d7000-78b94a8da000 r--p 00000000 08:01 25835089                   /home/toolchain/development/libc++_replacement/tmp/R11/extracted/58/586534b7f03c86fd8b4cd92c882aab12ab0f404d48977f6f9b565fcb15c15df5/usr/lib64/libecore_imf.so.1.25.1
78b94a8da000-78b94a8dd000 r-xp 00003000 08:01 25835089                   /home/toolchain/development/libc++_replacement/tmp/R11/extracted/58/586534b7f03c86fd8b4cd92c882aab12ab0f404d48977f6f9b565fcb15c15df5/usr/lib64/libecore_imf.so.1.25.1
78b94a8dd000-78b94a8e0000 r--p 00006000 08:01 25835089                   /home/toolchain/development/libc++_replacement/tmp/R11/extracted/58/586534b7f03c86fd8b4cd92c882aab12ab0f404d48977f6f9b565fcb15c15df5/usr/lib64/libecore_imf.so.1.25.1
78b94a8e0000-78b94a8e1000 r--p 00008000 08:01 25835089                   /home/toolchain/development/libc++_replacement/tmp/R11/extracted/58/586534b7f03c86fd8b4cd92c882aab12ab0f404d48977f6f9b565fcb15c15df5/usr/lib64/libecore_imf.so.1.25.1
78b94a8e1000-78b94a8e2000 rw-p 00009000 08:01 25835089                   /home/toolchain/development/libc++_replacement/tmp/R11/extracted/58/586534b7f03c86fd8b4cd92c882aab12ab0f404d48977f6f9b565fcb15c15df5/usr/lib64/libecore_imf.so.1.25.1
78b94a8e2000-78b94a8ef000 r--p 00000000 08:01 25835072                   /home/toolchain/development/libc++_replacement/tmp/R11/extracted/24/24e22d535c938ae12384734503c34d242f2b623cd8ad8e99b3b663f84e8175fc/usr/lib64/libecore_evas.so.1.25.1
78b94a8ef000-78b94a904000 r-xp 0000d000 08:01 25835072                   /home/toolchain/development/libc++_replacement/tmp/R11/extracted/24/24e22d535c938ae12384734503c34d242f2b623cd8ad8e99b3b663f84e8175fc/usr/lib64/libecore_evas.so.1.25.1
78b94a904000-78b94a90e000 r--p 00022000 08:01 25835072                   /home/toolchain/development/libc++_replacement/tmp/R11/extracted/24/24e22d535c938ae12384734503c34d242f2b623cd8ad8e99b3b663f84e8175fc/usr/lib64/libecore_evas.so.1.25.1
78b94a90e000-78b94a90f000 r--p 0002b000 08:01 25835072                   /home/toolchain/development/libc++_replacement/tmp/R11/extracted/24/24e22d535c938ae12384734503c34d242f2b623cd8ad8e99b3b663f84e8175fc/usr/lib64/libecore_evas.so.1.25.1
78b94a90f000-78b94a910000 rw-p 0002c000 08:01 25835072                   /home/toolchain/development/libc++_replacement/tmp/R11/extracted/24/24e22d535c938ae12384734503c34d242f2b623cd8ad8e99b3b663f84e8175fc/usr/lib64/libecore_evas.so.1.25.1
78b94a910000-78b94a925000 r--p 00000000 08:01 25838751                   /home/toolchain/development/libc++_replacement/tmp/R11/extracted/a5/a5600e4ac0d26cb46758edcf47008d44534047bf1e063dd6c9427684a3c45ef5/usr/lib64/libeina.so.1.25.1
78b94a925000-78b94a969000 r-xp 00015000 08:01 25838751                   /home/toolchain/development/libc++_replacement/tmp/R11/extracted/a5/a5600e4ac0d26cb46758edcf47008d44534047bf1e063dd6c9427684a3c45ef5/usr/lib64/libeina.so.1.25.1
78b94a969000-78b94a988000 r--p 00059000 08:01 25838751                   /home/toolchain/development/libc++_replacement/tmp/R11/extracted/a5/a5600e4ac0d26cb46758edcf47008d44534047bf1e063dd6c9427684a3c45ef5/usr/lib64/libeina.so.1.25.1
78b94a988000-78b94a98a000 r--p 00078000 08:01 25838751                   /home/toolchain/development/libc++_replacement/tmp/R11/extracted/a5/a5600e4ac0d26cb46758edcf47008d44534047bf1e063dd6c9427684a3c45ef5/usr/lib64/libeina.so.1.25.1
78b94a98a000-78b94a98c000 rw-p 0007a000 08:01 25838751                   /home/toolchain/development/libc++_replacement/tmp/R11/extracted/a5/a5600e4ac0d26cb46758edcf47008d44534047bf1e063dd6c9427684a3c45ef5/usr/lib64/libeina.so.1.25.1
78b94a98c000-78b94a991000 rw-p 00000000 00:00 0 
78b94a991000-78b94a9a9000 r--p 00000000 08:01 25835027                   /home/toolchain/development/libc++_replacement/tmp/R11/extracted/ad/adf05bf3157829f0a4cea8688c730b3a433d9ae6027810b74f12da3d84778642/usr/lib64/libecore.so.1.25.1
78b94a9a9000-78b94a9ed000 r-xp 00018000 08:01 25835027                   /home/toolchain/development/libc++_replacement/tmp/R11/extracted/ad/adf05bf3157829f0a4cea8688c730b3a433d9ae6027810b74f12da3d84778642/usr/lib64/libecore.so.1.25.1
78b94a9ed000-78b94aa05000 r--p 0005c000 08:01 25835027                   /home/toolchain/development/libc++_replacement/tmp/R11/extracted/ad/adf05bf3157829f0a4cea8688c730b3a433d9ae6027810b74f12da3d84778642/usr/lib64/libecore.so.1.25.1
78b94aa05000-78b94aa09000 r--p 00074000 08:01 25835027                   /home/toolchain/development/libc++_replacement/tmp/R11/extracted/ad/adf05bf3157829f0a4cea8688c730b3a433d9ae6027810b74f12da3d84778642/usr/lib64/libecore.so.1.25.1
78b94aa09000-78b94aa0b000 rw-p 00078000 08:01 25835027                   /home/toolchain/development/libc++_replacement/tmp/R11/extracted/ad/adf05bf3157829f0a4cea8688c730b3a433d9ae6027810b74f12da3d84778642/usr/lib64/libecore.so.1.25.1
78b94aa0b000-78b94aa0c000 rw-p 00000000 00:00 0 
78b94aa0c000-78b94aa0e000 r--p 00000000 08:01 26084248                   /home/toolchain/development/libc++_replacement/tmp/R11/extracted/fa/fab79860adf785533087275f70711a22478a332ff778a96c7d08d725f7533551/usr/lib64/libdlog.so.0.0.0
78b94aa0e000-78b94aa18000 r-xp 00002000 08:01 26084248                   /home/toolchain/development/libc++_replacement/tmp/R11/extracted/fa/fab79860adf785533087275f70711a22478a332ff778a96c7d08d725f7533551/usr/lib64/libdlog.so.0.0.0
78b94aa18000-78b94aa1c000 r--p 0000c000 08:01 26084248                   /home/toolchain/development/libc++_replacement/tmp/R11/extracted/fa/fab79860adf785533087275f70711a22478a332ff778a96c7d08d725f7533551/usr/lib64/libdlog.so.0.0.0
78b94aa1c000-78b94aa1d000 r--p 00010000 08:01 26084248                   /home/toolchain/development/libc++_replacement/tmp/R11/extracted/fa/fab79860adf785533087275f70711a22478a332ff778a96c7d08d725f7533551/usr/lib64/libdlog.so.0.0.0
78b94aa1d000-78b94aa1e000 rw-p 00011000 08:01 26084248                   /home/toolchain/development/libc++_replacement/tmp/R11/extracted/fa/fab79860adf785533087275f70711a22478a332ff778a96c7d08d725f7533551/usr/lib64/libdlog.so.0.0.0
78b94aa1e000-78b94aa24000 rw-p 00000000 00:00 0 
78b94aa24000-78b94aa4c000 r--p 00000000 08:01 23608330                   /home/toolchain/development/libc++_replacement/tmp/R11/extracted/bb/bb95acf2989fecd8ed536d259eb6ce43109882f58a219adcd440fd826537dda7/lib64/libc.so.6
78b94aa4c000-78b94ab9c000 r-xp 00028000 08:01 23608330                   /home/toolchain/development/libc++_replacement/tmp/R11/extracted/bb/bb95acf2989fecd8ed536d259eb6ce43109882f58a219adcd440fd826537dda7/lib64/libc.so.6
78b94ab9c000-78b94abf2000 r--p 00178000 08:01 23608330                   /home/toolchain/development/libc++_replacement/tmp/R11/extracted/bb/bb95acf2989fecd8ed536d259eb6ce43109882f58a219adcd440fd826537dda7/lib64/libc.so.6
78b94abf2000-78b94abf6000 r--p 001ce000 08:01 23608330                   /home/toolchain/development/libc++_replacement/tmp/R11/extracted/bb/bb95acf2989fecd8ed536d259eb6ce43109882f58a219adcd440fd826537dda7/lib64/libc.so.6
78b94abf6000-78b94abf8000 rw-p 001d2000 08:01 23608330                   /home/toolchain/development/libc++_replacement/tmp/R11/extracted/bb/bb95acf2989fecd8ed536d259eb6ce43109882f58a219adcd440fd826537dda7/lib64/libc.so.6
78b94abf8000-78b94ac00000 rw-p 00000000 00:00 0 
78b94ac00000-78b94aca5000 r--p 00000000 08:01 23622988                   /home/toolchain/development/libc++_replacement/tmp/R11/extracted/b8/b8155206a459a575f0f701c66a553cd2029728963fa3938768131e9028e4ee6b/usr/lib64/libstdc++.so.6.0.33
78b94aca5000-78b94adcd000 r-xp 000a5000 08:01 23622988                   /home/toolchain/development/libc++_replacement/tmp/R11/extracted/b8/b8155206a459a575f0f701c66a553cd2029728963fa3938768131e9028e4ee6b/usr/lib64/libstdc++.so.6.0.33
78b94adcd000-78b94ae54000 r--p 001cd000 08:01 23622988                   /home/toolchain/development/libc++_replacement/tmp/R11/extracted/b8/b8155206a459a575f0f701c66a553cd2029728963fa3938768131e9028e4ee6b/usr/lib64/libstdc++.so.6.0.33
78b94ae54000-78b94ae5f000 r--p 00254000 08:01 23622988                   /home/toolchain/development/libc++_replacement/tmp/R11/extracted/b8/b8155206a459a575f0f701c66a553cd2029728963fa3938768131e9028e4ee6b/usr/lib64/libstdc++.so.6.0.33
78b94ae5f000-78b94ae62000 rw-p 0025f000 08:01 23622988                   /home/toolchain/development/libc++_replacement/tmp/R11/extracted/b8/b8155206a459a575f0f701c66a553cd2029728963fa3938768131e9028e4ee6b/usr/lib64/libstdc++.so.6.0.33
78b94ae62000-78b94ae66000 rw-p 00000000 00:00 0 
78b94ae66000-78b94ae69000 r--p 00000000 08:01 25821531                   /home/toolchain/development/libc++_replacement/tmp/R11/extracted/04/0479582cf854b1e79cb313ce7fd578827584ea85f8f71ffadd3e1d12128c8a91/usr/lib64/libcapi-appfw-application.so.0.10.2
78b94ae69000-78b94ae6b000 r-xp 00003000 08:01 25821531                   /home/toolchain/development/libc++_replacement/tmp/R11/extracted/04/0479582cf854b1e79cb313ce7fd578827584ea85f8f71ffadd3e1d12128c8a91/usr/lib64/libcapi-appfw-application.so.0.10.2
78b94ae6b000-78b94ae6c000 r--p 00005000 08:01 25821531                   /home/toolchain/development/libc++_replacement/tmp/R11/extracted/04/0479582cf854b1e79cb313ce7fd578827584ea85f8f71ffadd3e1d12128c8a91/usr/lib64/libcapi-appfw-application.so.0.10.2
78b94ae6c000-78b94ae6d000 r--p 00005000 08:01 25821531                   /home/toolchain/development/libc++_replacement/tmp/R11/extracted/04/0479582cf854b1e79cb313ce7fd578827584ea85f8f71ffadd3e1d12128c8a91/usr/lib64/libcapi-appfw-application.so.0.10.2
78b94ae6d000-78b94ae6e000 rw-p 00006000 08:01 25821531                   /home/toolchain/development/libc++_replacement/tmp/R11/extracted/04/0479582cf854b1e79cb313ce7fd578827584ea85f8f71ffadd3e1d12128c8a91/usr/lib64/libcapi-appfw-application.so.0.10.2
78b94ae6e000-78b94aea4000 r-xp 00000000 08:01 68734958                   /home/toolchain/development/libcxx_runtime_validation/tmp/P12/build_P13/forwarder_separate.so
78b94aea4000-78b94aea5000 ---p 00036000 08:01 68734958                   /home/toolchain/development/libcxx_runtime_validation/tmp/P12/build_P13/forwarder_separate.so
78b94aea5000-78b94aea6000 r--p 00036000 08:01 68734958                   /home/toolchain/development/libcxx_runtime_validation/tmp/P12/build_P13/forwarder_separate.so
78b94aea6000-78b94aea7000 rw-p 00037000 08:01 68734958                   /home/toolchain/development/libcxx_runtime_validation/tmp/P12/build_P13/forwarder_separate.so
78b94aea7000-78b94aeba000 rw-p 00000000 00:00 0 
78b94aeba000-78b94aebc000 r--p 00000000 103:01 24643894                  /usr/lib/x86_64-linux-gnu/libatomic.so.1.2.0
78b94aebc000-78b94aec0000 r-xp 00002000 103:01 24643894                  /usr/lib/x86_64-linux-gnu/libatomic.so.1.2.0
78b94aec0000-78b94aec2000 r--p 00006000 103:01 24643894                  /usr/lib/x86_64-linux-gnu/libatomic.so.1.2.0
78b94aec2000-78b94aec3000 r--p 00007000 103:01 24643894                  /usr/lib/x86_64-linux-gnu/libatomic.so.1.2.0
78b94aec3000-78b94aec4000 rw-p 00008000 103:01 24643894                  /usr/lib/x86_64-linux-gnu/libatomic.so.1.2.0
78b94aec4000-78b94aec7000 rw-p 00000000 00:00 0 
78b94aec7000-78b94aec8000 r--p 00000000 103:01 24641948                  /usr/lib/locale/C.utf8/LC_MESSAGES/SYS_LC_MESSAGES
78b94aec8000-78b94aeca000 r--p 00000000 08:01 25823631                   /home/toolchain/development/libc++_replacement/tmp/R11/extracted/58/58b5b4e8edc37e770743aa26322ac9098f19d1b63b26a9cfd6d11ddef864084d/usr/lib64/libcapi-system-info.so.0.5.2
78b94aeca000-78b94aecd000 r-xp 00002000 08:01 25823631                   /home/toolchain/development/libc++_replacement/tmp/R11/extracted/58/58b5b4e8edc37e770743aa26322ac9098f19d1b63b26a9cfd6d11ddef864084d/usr/lib64/libcapi-system-info.so.0.5.2
78b94aecd000-78b94aece000 r--p 00005000 08:01 25823631                   /home/toolchain/development/libc++_replacement/tmp/R11/extracted/58/58b5b4e8edc37e770743aa26322ac9098f19d1b63b26a9cfd6d11ddef864084d/usr/lib64/libcapi-system-info.so.0.5.2
78b94aece000-78b94aecf000 r--p 00006000 08:01 25823631                   /home/toolchain/development/libc++_replacement/tmp/R11/extracted/58/58b5b4e8edc37e770743aa26322ac9098f19d1b63b26a9cfd6d11ddef864084d/usr/lib64/libcapi-system-info.so.0.5.2
78b94aecf000-78b94aed0000 rw-p 00007000 08:01 25823631                   /home/toolchain/development/libc++_replacement/tmp/R11/extracted/58/58b5b4e8edc37e770743aa26322ac9098f19d1b63b26a9cfd6d11ddef864084d/usr/lib64/libcapi-system-info.so.0.5.2
78b94aed0000-78b94aed4000 r-xp 00000000 08:01 68734948                   /home/toolchain/development/libcxx_runtime_validation/tmp/P12/build_P13/ewk_adaptor_reverse.so
78b94aed4000-78b94aed5000 r--p 00003000 08:01 68734948                   /home/toolchain/development/libcxx_runtime_validation/tmp/P12/build_P13/ewk_adaptor_reverse.so
78b94aed5000-78b94aed6000 rw-p 00004000 08:01 68734948                   /home/toolchain/development/libcxx_runtime_validation/tmp/P12/build_P13/ewk_adaptor_reverse.so
78b94aed6000-78b94aed8000 rw-p 00000000 00:00 0 
78b94aed8000-78b94aed9000 r--p 00000000 08:01 23608461                   /home/toolchain/development/libc++_replacement/tmp/R11/extracted/bb/bb95acf2989fecd8ed536d259eb6ce43109882f58a219adcd440fd826537dda7/lib64/libpthread.so.0
78b94aed9000-78b94aeda000 r-xp 00001000 08:01 23608461                   /home/toolchain/development/libc++_replacement/tmp/R11/extracted/bb/bb95acf2989fecd8ed536d259eb6ce43109882f58a219adcd440fd826537dda7/lib64/libpthread.so.0
78b94aeda000-78b94aedb000 r--p 00002000 08:01 23608461                   /home/toolchain/development/libc++_replacement/tmp/R11/extracted/bb/bb95acf2989fecd8ed536d259eb6ce43109882f58a219adcd440fd826537dda7/lib64/libpthread.so.0
78b94aedb000-78b94aedc000 r--p 00002000 08:01 23608461                   /home/toolchain/development/libc++_replacement/tmp/R11/extracted/bb/bb95acf2989fecd8ed536d259eb6ce43109882f58a219adcd440fd826537dda7/lib64/libpthread.so.0
78b94aedc000-78b94aedd000 rw-p 00003000 08:01 23608461                   /home/toolchain/development/libc++_replacement/tmp/R11/extracted/bb/bb95acf2989fecd8ed536d259eb6ce43109882f58a219adcd440fd826537dda7/lib64/libpthread.so.0
78b94aedd000-78b94aee1000 r--p 00000000 08:01 23621385                   /home/toolchain/development/libc++_replacement/tmp/R11/extracted/fe/fe622fb74e245c939c61ea5cca98dcbfc342fa7e12b1de0d8602be19ed35c441/usr/lib64/libgcc_s.so.1
78b94aee1000-78b94af04000 r-xp 00004000 08:01 23621385                   /home/toolchain/development/libc++_replacement/tmp/R11/extracted/fe/fe622fb74e245c939c61ea5cca98dcbfc342fa7e12b1de0d8602be19ed35c441/usr/lib64/libgcc_s.so.1
78b94af04000-78b94af08000 r--p 00027000 08:01 23621385                   /home/toolchain/development/libc++_replacement/tmp/R11/extracted/fe/fe622fb74e245c939c61ea5cca98dcbfc342fa7e12b1de0d8602be19ed35c441/usr/lib64/libgcc_s.so.1
78b94af08000-78b94af09000 rw-p 0002b000 08:01 23621385                   /home/toolchain/development/libc++_replacement/tmp/R11/extracted/fe/fe622fb74e245c939c61ea5cca98dcbfc342fa7e12b1de0d8602be19ed35c441/usr/lib64/libgcc_s.so.1
78b94af09000-78b94af19000 r--p 00000000 08:01 23608339                   /home/toolchain/development/libc++_replacement/tmp/R11/extracted/bb/bb95acf2989fecd8ed536d259eb6ce43109882f58a219adcd440fd826537dda7/lib64/libm.so.6
78b94af19000-78b94af8f000 r-xp 00010000 08:01 23608339                   /home/toolchain/development/libc++_replacement/tmp/R11/extracted/bb/bb95acf2989fecd8ed536d259eb6ce43109882f58a219adcd440fd826537dda7/lib64/libm.so.6
78b94af8f000-78b94afea000 r--p 00086000 08:01 23608339                   /home/toolchain/development/libc++_replacement/tmp/R11/extracted/bb/bb95acf2989fecd8ed536d259eb6ce43109882f58a219adcd440fd826537dda7/lib64/libm.so.6
78b94afea000-78b94afeb000 r--p 000e0000 08:01 23608339                   /home/toolchain/development/libc++_replacement/tmp/R11/extracted/bb/bb95acf2989fecd8ed536d259eb6ce43109882f58a219adcd440fd826537dda7/lib64/libm.so.6
78b94afeb000-78b94afec000 rw-p 000e1000 08:01 23608339                   /home/toolchain/development/libc++_replacement/tmp/R11/extracted/bb/bb95acf2989fecd8ed536d259eb6ce43109882f58a219adcd440fd826537dda7/lib64/libm.so.6
78b94afec000-78b94afed000 r--p 00000000 08:01 23608338                   /home/toolchain/development/libc++_replacement/tmp/R11/extracted/bb/bb95acf2989fecd8ed536d259eb6ce43109882f58a219adcd440fd826537dda7/lib64/libdl.so.2
78b94afed000-78b94afee000 r-xp 00001000 08:01 23608338                   /home/toolchain/development/libc++_replacement/tmp/R11/extracted/bb/bb95acf2989fecd8ed536d259eb6ce43109882f58a219adcd440fd826537dda7/lib64/libdl.so.2
78b94afee000-78b94afef000 r--p 00002000 08:01 23608338                   /home/toolchain/development/libc++_replacement/tmp/R11/extracted/bb/bb95acf2989fecd8ed536d259eb6ce43109882f58a219adcd440fd826537dda7/lib64/libdl.so.2
78b94afef000-78b94aff0000 r--p 00002000 08:01 23608338                   /home/toolchain/development/libc++_replacement/tmp/R11/extracted/bb/bb95acf2989fecd8ed536d259eb6ce43109882f58a219adcd440fd826537dda7/lib64/libdl.so.2
78b94aff0000-78b94aff1000 rw-p 00003000 08:01 23608338                   /home/toolchain/development/libc++_replacement/tmp/R11/extracted/bb/bb95acf2989fecd8ed536d259eb6ce43109882f58a219adcd440fd826537dda7/lib64/libdl.so.2
78b94aff1000-78b94aff3000 rw-p 00000000 00:00 0 
78b94aff3000-78b94b004000 r--p 00000000 08:01 72160044                   /home/toolchain/development/libcxx_runtime_validation/tmp/IMPL_0908/build-native/lib/libc++abi.so.1.0
78b94b004000-78b94b021000 r-xp 00011000 08:01 72160044                   /home/toolchain/development/libcxx_runtime_validation/tmp/IMPL_0908/build-native/lib/libc++abi.so.1.0
78b94b021000-78b94b02b000 r--p 0002e000 08:01 72160044                   /home/toolchain/development/libcxx_runtime_validation/tmp/IMPL_0908/build-native/lib/libc++abi.so.1.0
78b94b02b000-78b94b030000 r--p 00038000 08:01 72160044                   /home/toolchain/development/libcxx_runtime_validation/tmp/IMPL_0908/build-native/lib/libc++abi.so.1.0
78b94b030000-78b94b031000 rw-p 0003d000 08:01 72160044                   /home/toolchain/development/libcxx_runtime_validation/tmp/IMPL_0908/build-native/lib/libc++abi.so.1.0
78b94b031000-78b94b06d000 r--p 00000000 08:01 72160099                   /home/toolchain/development/libcxx_runtime_validation/tmp/IMPL_0908/build-native/lib/libc++.so.1.0
78b94b06d000-78b94b0e7000 r-xp 0003c000 08:01 72160099                   /home/toolchain/development/libcxx_runtime_validation/tmp/IMPL_0908/build-native/lib/libc++.so.1.0
78b94b0e7000-78b94b12a000 r--p 000b6000 08:01 72160099                   /home/toolchain/development/libcxx_runtime_validation/tmp/IMPL_0908/build-native/lib/libc++.so.1.0
78b94b12a000-78b94b131000 r--p 000f8000 08:01 72160099                   /home/toolchain/development/libcxx_runtime_validation/tmp/IMPL_0908/build-native/lib/libc++.so.1.0
78b94b131000-78b94b132000 rw-p 000ff000 08:01 72160099                   /home/toolchain/development/libcxx_runtime_validation/tmp/IMPL_0908/build-native/lib/libc++.so.1.0
78b94b132000-78b94b13d000 rw-p 00000000 00:00 0 
78b94b13d000-78b94b13e000 r--p 00000000 08:01 68734998                   /home/toolchain/development/libcxx_runtime_validation/tmp/P12/build_P13/p13_alloc_observer.so
78b94b13e000-78b94b13f000 r-xp 00001000 08:01 68734998                   /home/toolchain/development/libcxx_runtime_validation/tmp/P12/build_P13/p13_alloc_observer.so
78b94b13f000-78b94b140000 r--p 00002000 08:01 68734998                   /home/toolchain/development/libcxx_runtime_validation/tmp/P12/build_P13/p13_alloc_observer.so
78b94b140000-78b94b141000 r--p 00002000 08:01 68734998                   /home/toolchain/development/libcxx_runtime_validation/tmp/P12/build_P13/p13_alloc_observer.so
78b94b141000-78b94b142000 rw-p 00003000 08:01 68734998                   /home/toolchain/development/libcxx_runtime_validation/tmp/P12/build_P13/p13_alloc_observer.so
78b94b142000-78b94b144000 rw-p 00000000 00:00 0 
78b94b144000-78b94b147000 r-xp 00000000 08:01 68734999                   /home/toolchain/development/libcxx_runtime_validation/tmp/P12/build_P13/p13_observed_error_app
78b94b147000-78b94b148000 ---p 00003000 08:01 68734999                   /home/toolchain/development/libcxx_runtime_validation/tmp/P12/build_P13/p13_observed_error_app
78b94b148000-78b94b149000 r--p 00003000 08:01 68734999                   /home/toolchain/development/libcxx_runtime_validation/tmp/P12/build_P13/p13_observed_error_app
78b94b149000-78b94b14a000 rw-p 00004000 08:01 68734999                   /home/toolchain/development/libcxx_runtime_validation/tmp/P12/build_P13/p13_observed_error_app
78b94b14a000-78b94b14e000 r--p 00000000 00:00 0                          [vvar]
78b94b14e000-78b94b150000 r--p 00000000 00:00 0                          [vvar_vclock]
78b94b150000-78b94b152000 r-xp 00000000 00:00 0                          [vdso]
78b94b152000-78b94b153000 r--p 00000000 08:01 23608327                   /home/toolchain/development/libc++_replacement/tmp/R11/extracted/bb/bb95acf2989fecd8ed536d259eb6ce43109882f58a219adcd440fd826537dda7/lib64/ld-linux-x86-64.so.2
78b94b153000-78b94b180000 r-xp 00001000 08:01 23608327                   /home/toolchain/development/libc++_replacement/tmp/R11/extracted/bb/bb95acf2989fecd8ed536d259eb6ce43109882f58a219adcd440fd826537dda7/lib64/ld-linux-x86-64.so.2
78b94b180000-78b94b18c000 r--p 0002e000 08:01 23608327                   /home/toolchain/development/libc++_replacement/tmp/R11/extracted/bb/bb95acf2989fecd8ed536d259eb6ce43109882f58a219adcd440fd826537dda7/lib64/ld-linux-x86-64.so.2
78b94b18c000-78b94b18e000 r--p 0003a000 08:01 23608327                   /home/toolchain/development/libc++_replacement/tmp/R11/extracted/bb/bb95acf2989fecd8ed536d259eb6ce43109882f58a219adcd440fd826537dda7/lib64/ld-linux-x86-64.so.2
78b94b18e000-78b94b190000 rw-p 0003c000 08:01 23608327                   /home/toolchain/development/libc++_replacement/tmp/R11/extracted/bb/bb95acf2989fecd8ed536d259eb6ce43109882f58a219adcd440fd826537dda7/lib64/ld-linux-x86-64.so.2
7ffcd5ce7000-7ffcd5d09000 rw-p 00000000 00:00 0                          [stack]
ffffffffff600000-ffffffffff601000 --xp 00000000 00:00 0                  [vsyscall]
MAP_ASSERT gnu=1 cxx=1 entry=1 provider=1
ALLOC_OBSERVER_CONTROL deliberate_live=1 bytes=37 balanced=1 live=0
ERROR kind=5 phase=2 accepted=0 errno=5 expected=5 unchanged=1 created=1 destroyed=1 last=2 nested=0
ALLOC allocations=4 frees=4 live=0 bytes=0 overflow=0
RECOVERY=PASS OUTPUT_UNCHANGED=PASS CLEANUP_SCOPES=1/1
