55557361f000-555573748000 rw-p 00000000 00:00 0                          [heap]
787635bbe000-787635bc2000 rw-p 00000000 00:00 0                          [anon:tls-mmap-allocator]
787635bc2000-787635bdf000 r--p 00000000 08:01 26119271                   /home/toolchain/development/libc++_replacement/tmp/R11/extracted/75/75d15ca037cb14d1a66bf1e922149d1f83c4267311d0ad5c658919a61ea722a9/usr/lib64/libpkgmgr_installer.so.0.23.1
787635bdf000-787635c02000 r-xp 0001d000 08:01 26119271                   /home/toolchain/development/libc++_replacement/tmp/R11/extracted/75/75d15ca037cb14d1a66bf1e922149d1f83c4267311d0ad5c658919a61ea722a9/usr/lib64/libpkgmgr_installer.so.0.23.1
787635c02000-787635c13000 r--p 00040000 08:01 26119271                   /home/toolchain/development/libc++_replacement/tmp/R11/extracted/75/75d15ca037cb14d1a66bf1e922149d1f83c4267311d0ad5c658919a61ea722a9/usr/lib64/libpkgmgr_installer.so.0.23.1
787635c13000-787635c14000 r--p 00051000 08:01 26119271                   /home/toolchain/development/libc++_replacement/tmp/R11/extracted/75/75d15ca037cb14d1a66bf1e922149d1f83c4267311d0ad5c658919a61ea722a9/usr/lib64/libpkgmgr_installer.so.0.23.1
787635c14000-787635c16000 rw-p 00052000 08:01 26119271                   /home/toolchain/development/libc++_replacement/tmp/R11/extracted/75/75d15ca037cb14d1a66bf1e922149d1f83c4267311d0ad5c658919a61ea722a9/usr/lib64/libpkgmgr_installer.so.0.23.1
787635c16000-787635c1c000 r--p 00000000 08:01 25821655                   /home/toolchain/development/libc++_replacement/tmp/R11/extracted/18/180f13f72f6a2c516c48c28353e752d4436891ce1f62cbb88bc1841657404c40/usr/lib64/libcapi-appfw-package-manager.so.0.15.3
787635c1c000-787635c23000 r-xp 00006000 08:01 25821655                   /home/toolchain/development/libc++_replacement/tmp/R11/extracted/18/180f13f72f6a2c516c48c28353e752d4436891ce1f62cbb88bc1841657404c40/usr/lib64/libcapi-appfw-package-manager.so.0.15.3
787635c23000-787635c27000 r--p 0000d000 08:01 25821655                   /home/toolchain/development/libc++_replacement/tmp/R11/extracted/18/180f13f72f6a2c516c48c28353e752d4436891ce1f62cbb88bc1841657404c40/usr/lib64/libcapi-appfw-package-manager.so.0.15.3
787635c27000-787635c28000 r--p 00010000 08:01 25821655                   /home/toolchain/development/libc++_replacement/tmp/R11/extracted/18/180f13f72f6a2c516c48c28353e752d4436891ce1f62cbb88bc1841657404c40/usr/lib64/libcapi-appfw-package-manager.so.0.15.3
787635c28000-787635c29000 rw-p 00011000 08:01 25821655                   /home/toolchain/development/libc++_replacement/tmp/R11/extracted/18/180f13f72f6a2c516c48c28353e752d4436891ce1f62cbb88bc1841657404c40/usr/lib64/libcapi-appfw-package-manager.so.0.15.3
787635c29000-787635c47000 r--p 00000000 08:01 26126822                   /home/toolchain/development/libc++_replacement/tmp/R11/extracted/92/92b3926da1bfbc805b5b3d480dac7f01b1390a5ed74c07dca50e1d0e5d5d77c0/usr/lib64/libresource-information.so.0.1
787635c47000-787635c61000 r-xp 0001e000 08:01 26126822                   /home/toolchain/development/libc++_replacement/tmp/R11/extracted/92/92b3926da1bfbc805b5b3d480dac7f01b1390a5ed74c07dca50e1d0e5d5d77c0/usr/lib64/libresource-information.so.0.1
787635c61000-787635c70000 r--p 00038000 08:01 26126822                   /home/toolchain/development/libc++_replacement/tmp/R11/extracted/92/92b3926da1bfbc805b5b3d480dac7f01b1390a5ed74c07dca50e1d0e5d5d77c0/usr/lib64/libresource-information.so.0.1
787635c70000-787635c75000 r--p 00046000 08:01 26126822                   /home/toolchain/development/libc++_replacement/tmp/R11/extracted/92/92b3926da1bfbc805b5b3d480dac7f01b1390a5ed74c07dca50e1d0e5d5d77c0/usr/lib64/libresource-information.so.0.1
787635c75000-787635c76000 rw-p 0004b000 08:01 26126822                   /home/toolchain/development/libc++_replacement/tmp/R11/extracted/92/92b3926da1bfbc805b5b3d480dac7f01b1390a5ed74c07dca50e1d0e5d5d77c0/usr/lib64/libresource-information.so.0.1
787635c76000-787635c77000 rw-p 00000000 00:00 0 
787635c77000-787635c85000 r--p 00000000 08:01 25958030                   /home/toolchain/development/libc++_replacement/tmp/R11/extracted/0a/0ab9bebb936bab8dbefae5ffb0c413112d2b5d6ab922de257b6f5fe29a769b0a/usr/lib64/libgstbase-1.0.so.0.2411.0
787635c85000-787635cd5000 r-xp 0000e000 08:01 25958030                   /home/toolchain/development/libc++_replacement/tmp/R11/extracted/0a/0ab9bebb936bab8dbefae5ffb0c413112d2b5d6ab922de257b6f5fe29a769b0a/usr/lib64/libgstbase-1.0.so.0.2411.0
787635cd5000-787635cec000 r--p 0005e000 08:01 25958030                   /home/toolchain/development/libc++_replacement/tmp/R11/extracted/0a/0ab9bebb936bab8dbefae5ffb0c413112d2b5d6ab922de257b6f5fe29a769b0a/usr/lib64/libgstbase-1.0.so.0.2411.0
787635cec000-787635ced000 r--p 00074000 08:01 25958030                   /home/toolchain/development/libc++_replacement/tmp/R11/extracted/0a/0ab9bebb936bab8dbefae5ffb0c413112d2b5d6ab922de257b6f5fe29a769b0a/usr/lib64/libgstbase-1.0.so.0.2411.0
787635ced000-787635cee000 rw-p 00075000 08:01 25958030                   /home/toolchain/development/libc++_replacement/tmp/R11/extracted/0a/0ab9bebb936bab8dbefae5ffb0c413112d2b5d6ab922de257b6f5fe29a769b0a/usr/lib64/libgstbase-1.0.so.0.2411.0
787635cee000-787635cf0000 r--p 00000000 08:01 23622269                   /home/toolchain/development/libc++_replacement/tmp/R11/extracted/88/8847c67828686f6075d0df1423bf6bd8946ae0c4073599b8c7229876b45c031c/usr/lib64/libogg.so.0.8.2
787635cf0000-787635cf2000 r-xp 00002000 08:01 23622269                   /home/toolchain/development/libc++_replacement/tmp/R11/extracted/88/8847c67828686f6075d0df1423bf6bd8946ae0c4073599b8c7229876b45c031c/usr/lib64/libogg.so.0.8.2
787635cf2000-787635cf3000 r--p 00004000 08:01 23622269                   /home/toolchain/development/libc++_replacement/tmp/R11/extracted/88/8847c67828686f6075d0df1423bf6bd8946ae0c4073599b8c7229876b45c031c/usr/lib64/libogg.so.0.8.2
787635cf3000-787635cf4000 r--p 00005000 08:01 23622269                   /home/toolchain/development/libc++_replacement/tmp/R11/extracted/88/8847c67828686f6075d0df1423bf6bd8946ae0c4073599b8c7229876b45c031c/usr/lib64/libogg.so.0.8.2
787635cf4000-787635cf5000 rw-p 00006000 08:01 23622269                   /home/toolchain/development/libc++_replacement/tmp/R11/extracted/88/8847c67828686f6075d0df1423bf6bd8946ae0c4073599b8c7229876b45c031c/usr/lib64/libogg.so.0.8.2
787635cf5000-787635d09000 r--p 00000000 08:01 23624257                   /home/toolchain/development/libc++_replacement/tmp/R11/extracted/ee/ee143eb6c9e05ce3d57b4209dcb8e5f73a2244e679cb09773dfdcc87cd2fae6d/usr/lib64/libvorbisenc.so.2.0.12
787635d09000-787635d0c000 r-xp 00014000 08:01 23624257                   /home/toolchain/development/libc++_replacement/tmp/R11/extracted/ee/ee143eb6c9e05ce3d57b4209dcb8e5f73a2244e679cb09773dfdcc87cd2fae6d/usr/lib64/libvorbisenc.so.2.0.12
787635d0c000-787635d81000 r--p 00017000 08:01 23624257                   /home/toolchain/development/libc++_replacement/tmp/R11/extracted/ee/ee143eb6c9e05ce3d57b4209dcb8e5f73a2244e679cb09773dfdcc87cd2fae6d/usr/lib64/libvorbisenc.so.2.0.12
787635d81000-787635d98000 r--p 0008b000 08:01 23624257                   /home/toolchain/development/libc++_replacement/tmp/R11/extracted/ee/ee143eb6c9e05ce3d57b4209dcb8e5f73a2244e679cb09773dfdcc87cd2fae6d/usr/lib64/libvorbisenc.so.2.0.12
787635d98000-787635d99000 rw-p 000a2000 08:01 23624257                   /home/toolchain/development/libc++_replacement/tmp/R11/extracted/ee/ee143eb6c9e05ce3d57b4209dcb8e5f73a2244e679cb09773dfdcc87cd2fae6d/usr/lib64/libvorbisenc.so.2.0.12
787635d99000-787635d9c000 r--p 00000000 08:01 14077252                   /home/toolchain/development/libc++_replacement/tmp/R11/extracted/b5/b58982cc059bf2854f6f4b0c69562ec0dfa33e90e2cb2df875a5ca9a4156d5c4/usr/lib64/libvorbis.so.0.4.9
787635d9c000-787635daf000 r-xp 00003000 08:01 14077252                   /home/toolchain/development/libc++_replacement/tmp/R11/extracted/b5/b58982cc059bf2854f6f4b0c69562ec0dfa33e90e2cb2df875a5ca9a4156d5c4/usr/lib64/libvorbis.so.0.4.9
787635daf000-787635dc0000 r--p 00016000 08:01 14077252                   /home/toolchain/development/libc++_replacement/tmp/R11/extracted/b5/b58982cc059bf2854f6f4b0c69562ec0dfa33e90e2cb2df875a5ca9a4156d5c4/usr/lib64/libvorbis.so.0.4.9
787635dc0000-787635dc1000 r--p 00026000 08:01 14077252                   /home/toolchain/development/libc++_replacement/tmp/R11/extracted/b5/b58982cc059bf2854f6f4b0c69562ec0dfa33e90e2cb2df875a5ca9a4156d5c4/usr/lib64/libvorbis.so.0.4.9
787635dc1000-787635dc2000 rw-p 00027000 08:01 14077252                   /home/toolchain/development/libc++_replacement/tmp/R11/extracted/b5/b58982cc059bf2854f6f4b0c69562ec0dfa33e90e2cb2df875a5ca9a4156d5c4/usr/lib64/libvorbis.so.0.4.9
787635dc2000-787635dcc000 r--p 00000000 08:01 26095289                   /home/toolchain/development/libc++_replacement/tmp/R11/extracted/a7/a72c82e3c3025ca3a7f848e8604fe5438fcf1ebafd3e8c266bc63aedb391f71c/usr/lib64/libnotification.so.0.12.4
787635dcc000-787635e08000 r-xp 0000a000 08:01 26095289                   /home/toolchain/development/libc++_replacement/tmp/R11/extracted/a7/a72c82e3c3025ca3a7f848e8604fe5438fcf1ebafd3e8c266bc63aedb391f71c/usr/lib64/libnotification.so.0.12.4
787635e08000-787635e2b000 r--p 00046000 08:01 26095289                   /home/toolchain/development/libc++_replacement/tmp/R11/extracted/a7/a72c82e3c3025ca3a7f848e8604fe5438fcf1ebafd3e8c266bc63aedb391f71c/usr/lib64/libnotification.so.0.12.4
787635e2b000-787635e2c000 r--p 00068000 08:01 26095289                   /home/toolchain/development/libc++_replacement/tmp/R11/extracted/a7/a72c82e3c3025ca3a7f848e8604fe5438fcf1ebafd3e8c266bc63aedb391f71c/usr/lib64/libnotification.so.0.12.4
787635e2c000-787635e2d000 rw-p 00069000 08:01 26095289                   /home/toolchain/development/libc++_replacement/tmp/R11/extracted/a7/a72c82e3c3025ca3a7f848e8604fe5438fcf1ebafd3e8c266bc63aedb391f71c/usr/lib64/libnotification.so.0.12.4
787635e2d000-787635e31000 r--p 00000000 08:01 25957418                   /home/toolchain/development/libc++_replacement/tmp/R11/extracted/ba/ba1028a9e23a627371c6a8f3b14b3d661f383e495cb3c1806d0734fc21e92a3e/usr/lib64/libgstapp-1.0.so.0.2411.0
787635e31000-787635e3b000 r-xp 00004000 08:01 25957418                   /home/toolchain/development/libc++_replacement/tmp/R11/extracted/ba/ba1028a9e23a627371c6a8f3b14b3d661f383e495cb3c1806d0734fc21e92a3e/usr/lib64/libgstapp-1.0.so.0.2411.0
787635e3b000-787635e3f000 r--p 0000e000 08:01 25957418                   /home/toolchain/development/libc++_replacement/tmp/R11/extracted/ba/ba1028a9e23a627371c6a8f3b14b3d661f383e495cb3c1806d0734fc21e92a3e/usr/lib64/libgstapp-1.0.so.0.2411.0
787635e3f000-787635e40000 r--p 00011000 08:01 25957418                   /home/toolchain/development/libc++_replacement/tmp/R11/extracted/ba/ba1028a9e23a627371c6a8f3b14b3d661f383e495cb3c1806d0734fc21e92a3e/usr/lib64/libgstapp-1.0.so.0.2411.0
787635e40000-787635e41000 rw-p 00012000 08:01 25957418                   /home/toolchain/development/libc++_replacement/tmp/R11/extracted/ba/ba1028a9e23a627371c6a8f3b14b3d661f383e495cb3c1806d0734fc21e92a3e/usr/lib64/libgstapp-1.0.so.0.2411.0
787635e41000-787635e48000 r--p 00000000 08:01 26126757                   /home/toolchain/development/libc++_replacement/tmp/R11/extracted/53/53b3da0a627489a6a2a198f91b8bf6b7115b1d8b3c591dc5f216cbde432162e9/usr/lib64/libresource-center-api.so.0.1
787635e48000-787635e50000 r-xp 00007000 08:01 26126757                   /home/toolchain/development/libc++_replacement/tmp/R11/extracted/53/53b3da0a627489a6a2a198f91b8bf6b7115b1d8b3c591dc5f216cbde432162e9/usr/lib64/libresource-center-api.so.0.1
787635e50000-787635e55000 r--p 0000f000 08:01 26126757                   /home/toolchain/development/libc++_replacement/tmp/R11/extracted/53/53b3da0a627489a6a2a198f91b8bf6b7115b1d8b3c591dc5f216cbde432162e9/usr/lib64/libresource-center-api.so.0.1
787635e55000-787635e56000 r--p 00013000 08:01 26126757                   /home/toolchain/development/libc++_replacement/tmp/R11/extracted/53/53b3da0a627489a6a2a198f91b8bf6b7115b1d8b3c591dc5f216cbde432162e9/usr/lib64/libresource-center-api.so.0.1
787635e56000-787635e57000 rw-p 00014000 08:01 26126757                   /home/toolchain/development/libc++_replacement/tmp/R11/extracted/53/53b3da0a627489a6a2a198f91b8bf6b7115b1d8b3c591dc5f216cbde432162e9/usr/lib64/libresource-center-api.so.0.1
787635e57000-787635e95000 r--p 00000000 08:01 26126818                   /home/toolchain/development/libc++_replacement/tmp/R11/extracted/c5/c504a3c6c64f8d05571d18af579d5881bee14d01acfa70c054104b83adc65fa2/usr/lib64/libresource-manager.so.0.1
787635e95000-787635eec000 r-xp 0003e000 08:01 26126818                   /home/toolchain/development/libc++_replacement/tmp/R11/extracted/c5/c504a3c6c64f8d05571d18af579d5881bee14d01acfa70c054104b83adc65fa2/usr/lib64/libresource-manager.so.0.1
787635eec000-787635eff000 r--p 00095000 08:01 26126818                   /home/toolchain/development/libc++_replacement/tmp/R11/extracted/c5/c504a3c6c64f8d05571d18af579d5881bee14d01acfa70c054104b83adc65fa2/usr/lib64/libresource-manager.so.0.1
787635eff000-787635f02000 rw-p 000a7000 08:01 26126818                   /home/toolchain/development/libc++_replacement/tmp/R11/extracted/c5/c504a3c6c64f8d05571d18af579d5881bee14d01acfa70c054104b83adc65fa2/usr/lib64/libresource-manager.so.0.1
787635f02000-787635f03000 rw-p 00000000 00:00 0 
787635f03000-787635f06000 r--p 00000000 08:01 25957416                   /home/toolchain/development/libc++_replacement/tmp/R11/extracted/ba/ba1028a9e23a627371c6a8f3b14b3d661f383e495cb3c1806d0734fc21e92a3e/usr/lib64/libgstallocators-1.0.so.0.2411.0
787635f06000-787635f0c000 r-xp 00003000 08:01 25957416                   /home/toolchain/development/libc++_replacement/tmp/R11/extracted/ba/ba1028a9e23a627371c6a8f3b14b3d661f383e495cb3c1806d0734fc21e92a3e/usr/lib64/libgstallocators-1.0.so.0.2411.0
787635f0c000-787635f0f000 r--p 00009000 08:01 25957416                   /home/toolchain/development/libc++_replacement/tmp/R11/extracted/ba/ba1028a9e23a627371c6a8f3b14b3d661f383e495cb3c1806d0734fc21e92a3e/usr/lib64/libgstallocators-1.0.so.0.2411.0
787635f0f000-787635f10000 r--p 0000b000 08:01 25957416                   /home/toolchain/development/libc++_replacement/tmp/R11/extracted/ba/ba1028a9e23a627371c6a8f3b14b3d661f383e495cb3c1806d0734fc21e92a3e/usr/lib64/libgstallocators-1.0.so.0.2411.0
787635f10000-787635f11000 rw-p 0000c000 08:01 25957416                   /home/toolchain/development/libc++_replacement/tmp/R11/extracted/ba/ba1028a9e23a627371c6a8f3b14b3d661f383e495cb3c1806d0734fc21e92a3e/usr/lib64/libgstallocators-1.0.so.0.2411.0
787635f11000-787635f2e000 r--p 00000000 08:01 25957439                   /home/toolchain/development/libc++_replacement/tmp/R11/extracted/ba/ba1028a9e23a627371c6a8f3b14b3d661f383e495cb3c1806d0734fc21e92a3e/usr/lib64/libgstvideo-1.0.so.0.2411.0
787635f2e000-787635f8f000 r-xp 0001d000 08:01 25957439                   /home/toolchain/development/libc++_replacement/tmp/R11/extracted/ba/ba1028a9e23a627371c6a8f3b14b3d661f383e495cb3c1806d0734fc21e92a3e/usr/lib64/libgstvideo-1.0.so.0.2411.0
787635f8f000-787635fb2000 r--p 0007e000 08:01 25957439                   /home/toolchain/development/libc++_replacement/tmp/R11/extracted/ba/ba1028a9e23a627371c6a8f3b14b3d661f383e495cb3c1806d0734fc21e92a3e/usr/lib64/libgstvideo-1.0.so.0.2411.0
787635fb2000-787635fc5000 r--p 000a1000 08:01 25957439                   /home/toolchain/development/libc++_replacement/tmp/R11/extracted/ba/ba1028a9e23a627371c6a8f3b14b3d661f383e495cb3c1806d0734fc21e92a3e/usr/lib64/libgstvideo-1.0.so.0.2411.0
787635fc5000-787635fc7000 rw-p 000b4000 08:01 25957439                   /home/toolchain/development/libc++_replacement/tmp/R11/extracted/ba/ba1028a9e23a627371c6a8f3b14b3d661f383e495cb3c1806d0734fc21e92a3e/usr/lib64/libgstvideo-1.0.so.0.2411.0
787635fc7000-787635fcd000 r--p 00000000 08:01 23622935                   /home/toolchain/development/libc++_replacement/tmp/R11/extracted/bf/bfef5e15639bc5cda56d9d96da1fb3c2b923358e5ac8e18c0d10f7afd11e290e/usr/lib64/libsndfile.so.1.0.37
787635fcd000-787636001000 r-xp 00006000 08:01 23622935                   /home/toolchain/development/libc++_replacement/tmp/R11/extracted/bf/bfef5e15639bc5cda56d9d96da1fb3c2b923358e5ac8e18c0d10f7afd11e290e/usr/lib64/libsndfile.so.1.0.37
787636001000-787636017000 r--p 0003a000 08:01 23622935                   /home/toolchain/development/libc++_replacement/tmp/R11/extracted/bf/bfef5e15639bc5cda56d9d96da1fb3c2b923358e5ac8e18c0d10f7afd11e290e/usr/lib64/libsndfile.so.1.0.37
787636017000-78763601a000 rw-p 0004f000 08:01 23622935                   /home/toolchain/development/libc++_replacement/tmp/R11/extracted/bf/bfef5e15639bc5cda56d9d96da1fb3c2b923358e5ac8e18c0d10f7afd11e290e/usr/lib64/libsndfile.so.1.0.37
78763601a000-78763601c000 rw-p 00000000 00:00 0 
78763601c000-78763601d000 r--p 00000000 08:01 23482936                   /home/toolchain/development/libc++_replacement/tmp/R11/extracted/56/568855d87febe07b42683955f6657142be4bdcfd6303b2850dd1c6731310e49b/usr/lib64/libboost_atomic.so.1.83.0
78763601d000-78763601e000 r-xp 00001000 08:01 23482936                   /home/toolchain/development/libc++_replacement/tmp/R11/extracted/56/568855d87febe07b42683955f6657142be4bdcfd6303b2850dd1c6731310e49b/usr/lib64/libboost_atomic.so.1.83.0
78763601e000-78763601f000 r--p 00002000 08:01 23482936                   /home/toolchain/development/libc++_replacement/tmp/R11/extracted/56/568855d87febe07b42683955f6657142be4bdcfd6303b2850dd1c6731310e49b/usr/lib64/libboost_atomic.so.1.83.0
78763601f000-787636020000 r--p 00002000 08:01 23482936                   /home/toolchain/development/libc++_replacement/tmp/R11/extracted/56/568855d87febe07b42683955f6657142be4bdcfd6303b2850dd1c6731310e49b/usr/lib64/libboost_atomic.so.1.83.0
787636020000-787636021000 rw-p 00003000 08:01 23482936                   /home/toolchain/development/libc++_replacement/tmp/R11/extracted/56/568855d87febe07b42683955f6657142be4bdcfd6303b2850dd1c6731310e49b/usr/lib64/libboost_atomic.so.1.83.0
787636021000-787636025000 rw-p 00000000 00:00 0 
787636025000-787636027000 r--p 00000000 08:01 23618251                   /home/toolchain/development/libc++_replacement/tmp/R11/extracted/b1/b13c62481a91537be74ed85eae5295dcd92b5878dd7c47d7e3386862aaf07ebb/usr/lib64/libattr.so.1.1.2501
787636027000-78763602a000 r-xp 00002000 08:01 23618251                   /home/toolchain/development/libc++_replacement/tmp/R11/extracted/b1/b13c62481a91537be74ed85eae5295dcd92b5878dd7c47d7e3386862aaf07ebb/usr/lib64/libattr.so.1.1.2501
78763602a000-78763602b000 r--p 00005000 08:01 23618251                   /home/toolchain/development/libc++_replacement/tmp/R11/extracted/b1/b13c62481a91537be74ed85eae5295dcd92b5878dd7c47d7e3386862aaf07ebb/usr/lib64/libattr.so.1.1.2501
78763602b000-78763602c000 r--p 00005000 08:01 23618251                   /home/toolchain/development/libc++_replacement/tmp/R11/extracted/b1/b13c62481a91537be74ed85eae5295dcd92b5878dd7c47d7e3386862aaf07ebb/usr/lib64/libattr.so.1.1.2501
78763602c000-78763602d000 rw-p 00006000 08:01 23618251                   /home/toolchain/development/libc++_replacement/tmp/R11/extracted/b1/b13c62481a91537be74ed85eae5295dcd92b5878dd7c47d7e3386862aaf07ebb/usr/lib64/libattr.so.1.1.2501
78763602d000-787636040000 r--p 00000000 08:01 26083864                   /home/toolchain/development/libc++_replacement/tmp/R11/extracted/c8/c8bacdec0892151fce20caf11add70ce706e389477e74203beec2f6b651c52b8/usr/lib64/libcynara-storage.so.0.26.0
787636040000-787636058000 r-xp 00013000 08:01 26083864                   /home/toolchain/development/libc++_replacement/tmp/R11/extracted/c8/c8bacdec0892151fce20caf11add70ce706e389477e74203beec2f6b651c52b8/usr/lib64/libcynara-storage.so.0.26.0
787636058000-78763605f000 r--p 0002b000 08:01 26083864                   /home/toolchain/development/libc++_replacement/tmp/R11/extracted/c8/c8bacdec0892151fce20caf11add70ce706e389477e74203beec2f6b651c52b8/usr/lib64/libcynara-storage.so.0.26.0
78763605f000-787636061000 r--p 00031000 08:01 26083864                   /home/toolchain/development/libc++_replacement/tmp/R11/extracted/c8/c8bacdec0892151fce20caf11add70ce706e389477e74203beec2f6b651c52b8/usr/lib64/libcynara-storage.so.0.26.0
787636061000-787636062000 rw-p 00033000 08:01 26083864                   /home/toolchain/development/libc++_replacement/tmp/R11/extracted/c8/c8bacdec0892151fce20caf11add70ce706e389477e74203beec2f6b651c52b8/usr/lib64/libcynara-storage.so.0.26.0
787636062000-78763606a000 r--p 00000000 08:01 23618453                   /home/toolchain/development/libc++_replacement/tmp/R11/extracted/7b/7be6293fc05ed8019edecff0b32ea2fabe3546ba6a4ff8b459d43df742ae07f8/usr/lib64/libblkid.so.1.1.0
78763606a000-787636089000 r-xp 00008000 08:01 23618453                   /home/toolchain/development/libc++_replacement/tmp/R11/extracted/7b/7be6293fc05ed8019edecff0b32ea2fabe3546ba6a4ff8b459d43df742ae07f8/usr/lib64/libblkid.so.1.1.0
787636089000-787636093000 r--p 00027000 08:01 23618453                   /home/toolchain/development/libc++_replacement/tmp/R11/extracted/7b/7be6293fc05ed8019edecff0b32ea2fabe3546ba6a4ff8b459d43df742ae07f8/usr/lib64/libblkid.so.1.1.0
787636093000-787636098000 r--p 00031000 08:01 23618453                   /home/toolchain/development/libc++_replacement/tmp/R11/extracted/7b/7be6293fc05ed8019edecff0b32ea2fabe3546ba6a4ff8b459d43df742ae07f8/usr/lib64/libblkid.so.1.1.0
787636098000-787636099000 rw-p 00036000 08:01 23618453                   /home/toolchain/development/libc++_replacement/tmp/R11/extracted/7b/7be6293fc05ed8019edecff0b32ea2fabe3546ba6a4ff8b459d43df742ae07f8/usr/lib64/libblkid.so.1.1.0
787636099000-78763609a000 r--p 00000000 08:01 26085771                   /home/toolchain/development/libc++_replacement/tmp/R11/extracted/a7/a7049a5c0f11523aadb13e3168ed813f674db1ee0ef43d82388cf66a7d6ddb07/usr/lib64/libiri.so
78763609a000-78763609c000 r-xp 00001000 08:01 26085771                   /home/toolchain/development/libc++_replacement/tmp/R11/extracted/a7/a7049a5c0f11523aadb13e3168ed813f674db1ee0ef43d82388cf66a7d6ddb07/usr/lib64/libiri.so
78763609c000-78763609d000 r--p 00003000 08:01 26085771                   /home/toolchain/development/libc++_replacement/tmp/R11/extracted/a7/a7049a5c0f11523aadb13e3168ed813f674db1ee0ef43d82388cf66a7d6ddb07/usr/lib64/libiri.so
78763609d000-78763609e000 r--p 00003000 08:01 26085771                   /home/toolchain/development/libc++_replacement/tmp/R11/extracted/a7/a7049a5c0f11523aadb13e3168ed813f674db1ee0ef43d82388cf66a7d6ddb07/usr/lib64/libiri.so
78763609e000-78763609f000 rw-p 00004000 08:01 26085771                   /home/toolchain/development/libc++_replacement/tmp/R11/extracted/a7/a7049a5c0f11523aadb13e3168ed813f674db1ee0ef43d82388cf66a7d6ddb07/usr/lib64/libiri.so
78763609f000-7876360d6000 r--p 00000000 08:01 26002858                   /home/toolchain/development/libc++_replacement/tmp/R11/extracted/35/35ecdea30c550dffcc501eb8a958f84bb46a55b4c0a2d9125c70f52e0367a69f/usr/lib64/libscim-1.0.so.8.2.3
7876360d6000-787636133000 r-xp 00037000 08:01 26002858                   /home/toolchain/development/libc++_replacement/tmp/R11/extracted/35/35ecdea30c550dffcc501eb8a958f84bb46a55b4c0a2d9125c70f52e0367a69f/usr/lib64/libscim-1.0.so.8.2.3
787636133000-78763617e000 r--p 00094000 08:01 26002858                   /home/toolchain/development/libc++_replacement/tmp/R11/extracted/35/35ecdea30c550dffcc501eb8a958f84bb46a55b4c0a2d9125c70f52e0367a69f/usr/lib64/libscim-1.0.so.8.2.3
78763617e000-787636182000 r--p 000df000 08:01 26002858                   /home/toolchain/development/libc++_replacement/tmp/R11/extracted/35/35ecdea30c550dffcc501eb8a958f84bb46a55b4c0a2d9125c70f52e0367a69f/usr/lib64/libscim-1.0.so.8.2.3
787636182000-787636184000 rw-p 000e3000 08:01 26002858                   /home/toolchain/development/libc++_replacement/tmp/R11/extracted/35/35ecdea30c550dffcc501eb8a958f84bb46a55b4c0a2d9125c70f52e0367a69f/usr/lib64/libscim-1.0.so.8.2.3
787636184000-7876361b4000 r--p 00000000 08:01 26002902                   /home/toolchain/development/libc++_replacement/tmp/R11/extracted/35/35ecdea30c550dffcc501eb8a958f84bb46a55b4c0a2d9125c70f52e0367a69f/usr/lib64/libscim_imengine.so.8.2.3
7876361b4000-7876361dd000 r-xp 00030000 08:01 26002902                   /home/toolchain/development/libc++_replacement/tmp/R11/extracted/35/35ecdea30c550dffcc501eb8a958f84bb46a55b4c0a2d9125c70f52e0367a69f/usr/lib64/libscim_imengine.so.8.2.3
7876361dd000-7876361f3000 r--p 00059000 08:01 26002902                   /home/toolchain/development/libc++_replacement/tmp/R11/extracted/35/35ecdea30c550dffcc501eb8a958f84bb46a55b4c0a2d9125c70f52e0367a69f/usr/lib64/libscim_imengine.so.8.2.3
7876361f3000-7876361fc000 r--p 0006f000 08:01 26002902                   /home/toolchain/development/libc++_replacement/tmp/R11/extracted/35/35ecdea30c550dffcc501eb8a958f84bb46a55b4c0a2d9125c70f52e0367a69f/usr/lib64/libscim_imengine.so.8.2.3
7876361fc000-78763620a000 rw-p 00078000 08:01 26002902                   /home/toolchain/development/libc++_replacement/tmp/R11/extracted/35/35ecdea30c550dffcc501eb8a958f84bb46a55b4c0a2d9125c70f52e0367a69f/usr/lib64/libscim_imengine.so.8.2.3
78763620a000-78763620c000 r--p 00000000 08:01 26089414                   /home/toolchain/development/libc++_replacement/tmp/R11/extracted/6e/6ea88a8be40d0a02d31f2d7f5b7e998e43bda209403c740d6385dc2b6b965039/usr/lib64/libtizen-remote-surface-client.so.0.0.0
78763620c000-78763620d000 r-xp 00002000 08:01 26089414                   /home/toolchain/development/libc++_replacement/tmp/R11/extracted/6e/6ea88a8be40d0a02d31f2d7f5b7e998e43bda209403c740d6385dc2b6b965039/usr/lib64/libtizen-remote-surface-client.so.0.0.0
78763620d000-78763620e000 r--p 00003000 08:01 26089414                   /home/toolchain/development/libc++_replacement/tmp/R11/extracted/6e/6ea88a8be40d0a02d31f2d7f5b7e998e43bda209403c740d6385dc2b6b965039/usr/lib64/libtizen-remote-surface-client.so.0.0.0
78763620e000-78763620f000 r--p 00003000 08:01 26089414                   /home/toolchain/development/libc++_replacement/tmp/R11/extracted/6e/6ea88a8be40d0a02d31f2d7f5b7e998e43bda209403c740d6385dc2b6b965039/usr/lib64/libtizen-remote-surface-client.so.0.0.0
78763620f000-787636210000 rw-p 00004000 08:01 26089414                   /home/toolchain/development/libc++_replacement/tmp/R11/extracted/6e/6ea88a8be40d0a02d31f2d7f5b7e998e43bda209403c740d6385dc2b6b965039/usr/lib64/libtizen-remote-surface-client.so.0.0.0
787636210000-78763621c000 r--p 00000000 08:01 26087492                   /home/toolchain/development/libc++_replacement/tmp/R11/extracted/1b/1baf527c195ef8713c9d8a4e17c2d0f4730f9ade6d8b545410b607076971be60/usr/lib64/libscreen_connector_input.so.1.9.12
78763621c000-787636222000 r-xp 0000c000 08:01 26087492                   /home/toolchain/development/libc++_replacement/tmp/R11/extracted/1b/1baf527c195ef8713c9d8a4e17c2d0f4730f9ade6d8b545410b607076971be60/usr/lib64/libscreen_connector_input.so.1.9.12
787636222000-787636225000 r--p 00012000 08:01 26087492                   /home/toolchain/development/libc++_replacement/tmp/R11/extracted/1b/1baf527c195ef8713c9d8a4e17c2d0f4730f9ade6d8b545410b607076971be60/usr/lib64/libscreen_connector_input.so.1.9.12
787636225000-787636226000 r--p 00015000 08:01 26087492                   /home/toolchain/development/libc++_replacement/tmp/R11/extracted/1b/1baf527c195ef8713c9d8a4e17c2d0f4730f9ade6d8b545410b607076971be60/usr/lib64/libscreen_connector_input.so.1.9.12
787636226000-787636227000 rw-p 00016000 08:01 26087492                   /home/toolchain/development/libc++_replacement/tmp/R11/extracted/1b/1baf527c195ef8713c9d8a4e17c2d0f4730f9ade6d8b545410b607076971be60/usr/lib64/libscreen_connector_input.so.1.9.12
787636227000-787636229000 r--p 00000000 08:01 25713787                   /home/toolchain/development/libc++_replacement/tmp/R11/extracted/e3/e324dc8ff4e9ae834d02077646c043da25c3cf88295dc9c550dd1028e6fda4f4/usr/lib64/libappcore-ui.so.1.27.13
787636229000-78763622c000 r-xp 00002000 08:01 25713787                   /home/toolchain/development/libc++_replacement/tmp/R11/extracted/e3/e324dc8ff4e9ae834d02077646c043da25c3cf88295dc9c550dd1028e6fda4f4/usr/lib64/libappcore-ui.so.1.27.13
78763622c000-78763622e000 r--p 00005000 08:01 25713787                   /home/toolchain/development/libc++_replacement/tmp/R11/extracted/e3/e324dc8ff4e9ae834d02077646c043da25c3cf88295dc9c550dd1028e6fda4f4/usr/lib64/libappcore-ui.so.1.27.13
78763622e000-78763622f000 r--p 00006000 08:01 25713787                   /home/toolchain/development/libc++_replacement/tmp/R11/extracted/e3/e324dc8ff4e9ae834d02077646c043da25c3cf88295dc9c550dd1028e6fda4f4/usr/lib64/libappcore-ui.so.1.27.13
78763622f000-787636230000 rw-p 00007000 08:01 25713787                   /home/toolchain/development/libc++_replacement/tmp/R11/extracted/e3/e324dc8ff4e9ae834d02077646c043da25c3cf88295dc9c550dd1028e6fda4f4/usr/lib64/libappcore-ui.so.1.27.13
787636230000-787636234000 r--p 00000000 08:01 25713564                   /home/toolchain/development/libc++_replacement/tmp/R11/extracted/4c/4cdb0d46f299d1d6c7581443ac1b9589318a50b4f7e8f0d97d8a693b63c43982/usr/lib64/libappcore-common.so.1.27.13
787636234000-787636237000 r-xp 00004000 08:01 25713564                   /home/toolchain/development/libc++_replacement/tmp/R11/extracted/4c/4cdb0d46f299d1d6c7581443ac1b9589318a50b4f7e8f0d97d8a693b63c43982/usr/lib64/libappcore-common.so.1.27.13
787636237000-787636239000 r--p 00007000 08:01 25713564                   /home/toolchain/development/libc++_replacement/tmp/R11/extracted/4c/4cdb0d46f299d1d6c7581443ac1b9589318a50b4f7e8f0d97d8a693b63c43982/usr/lib64/libappcore-common.so.1.27.13
787636239000-78763623a000 r--p 00009000 08:01 25713564                   /home/toolchain/development/libc++_replacement/tmp/R11/extracted/4c/4cdb0d46f299d1d6c7581443ac1b9589318a50b4f7e8f0d97d8a693b63c43982/usr/lib64/libappcore-common.so.1.27.13
78763623a000-78763623b000 rw-p 0000a000 08:01 25713564                   /home/toolchain/development/libc++_replacement/tmp/R11/extracted/4c/4cdb0d46f299d1d6c7581443ac1b9589318a50b4f7e8f0d97d8a693b63c43982/usr/lib64/libappcore-common.so.1.27.13
78763623b000-787636241000 r--p 00000000 08:01 26004415                   /home/toolchain/development/libc++_replacement/tmp/R11/extracted/e3/e38dc1675b220c1ccac99db62910936dc386b72bc076167e42867d0a07251884/usr/lib64/libalarm.so.0.14.12
787636241000-787636253000 r-xp 00006000 08:01 26004415                   /home/toolchain/development/libc++_replacement/tmp/R11/extracted/e3/e38dc1675b220c1ccac99db62910936dc386b72bc076167e42867d0a07251884/usr/lib64/libalarm.so.0.14.12
787636253000-78763625a000 r--p 00018000 08:01 26004415                   /home/toolchain/development/libc++_replacement/tmp/R11/extracted/e3/e38dc1675b220c1ccac99db62910936dc386b72bc076167e42867d0a07251884/usr/lib64/libalarm.so.0.14.12
78763625a000-78763625b000 r--p 0001e000 08:01 26004415                   /home/toolchain/development/libc++_replacement/tmp/R11/extracted/e3/e38dc1675b220c1ccac99db62910936dc386b72bc076167e42867d0a07251884/usr/lib64/libalarm.so.0.14.12
78763625b000-78763625c000 rw-p 0001f000 08:01 26004415                   /home/toolchain/development/libc++_replacement/tmp/R11/extracted/e3/e38dc1675b220c1ccac99db62910936dc386b72bc076167e42867d0a07251884/usr/lib64/libalarm.so.0.14.12
78763625c000-78763626b000 r--p 00000000 08:01 26086002                   /home/toolchain/development/libc++_replacement/tmp/R11/extracted/e3/e345335eab4b258418991a13d40060b10be1c6adc8d67fbddc840960dbd3fe73/usr/lib64/libkey-manager-common.so.1.0.1
78763626b000-787636282000 r-xp 0000f000 08:01 26086002                   /home/toolchain/development/libc++_replacement/tmp/R11/extracted/e3/e345335eab4b258418991a13d40060b10be1c6adc8d67fbddc840960dbd3fe73/usr/lib64/libkey-manager-common.so.1.0.1
787636282000-78763628b000 r--p 00026000 08:01 26086002                   /home/toolchain/development/libc++_replacement/tmp/R11/extracted/e3/e345335eab4b258418991a13d40060b10be1c6adc8d67fbddc840960dbd3fe73/usr/lib64/libkey-manager-common.so.1.0.1
78763628b000-78763628d000 r--p 0002e000 08:01 26086002                   /home/toolchain/development/libc++_replacement/tmp/R11/extracted/e3/e345335eab4b258418991a13d40060b10be1c6adc8d67fbddc840960dbd3fe73/usr/lib64/libkey-manager-common.so.1.0.1
78763628d000-78763628e000 rw-p 00030000 08:01 26086002                   /home/toolchain/development/libc++_replacement/tmp/R11/extracted/e3/e345335eab4b258418991a13d40060b10be1c6adc8d67fbddc840960dbd3fe73/usr/lib64/libkey-manager-common.so.1.0.1
78763628e000-787636290000 r--p 00000000 08:01 26084250                   /home/toolchain/development/libc++_replacement/tmp/R11/extracted/fa/fab79860adf785533087275f70711a22478a332ff778a96c7d08d725f7533551/usr/lib64/libdlog_redirect_stdout.so.0.0.0
787636290000-787636294000 r-xp 00002000 08:01 26084250                   /home/toolchain/development/libc++_replacement/tmp/R11/extracted/fa/fab79860adf785533087275f70711a22478a332ff778a96c7d08d725f7533551/usr/lib64/libdlog_redirect_stdout.so.0.0.0
787636294000-787636296000 r--p 00006000 08:01 26084250                   /home/toolchain/development/libc++_replacement/tmp/R11/extracted/fa/fab79860adf785533087275f70711a22478a332ff778a96c7d08d725f7533551/usr/lib64/libdlog_redirect_stdout.so.0.0.0
787636296000-787636297000 r--p 00007000 08:01 26084250                   /home/toolchain/development/libc++_replacement/tmp/R11/extracted/fa/fab79860adf785533087275f70711a22478a332ff778a96c7d08d725f7533551/usr/lib64/libdlog_redirect_stdout.so.0.0.0
787636297000-787636298000 rw-p 00008000 08:01 26084250                   /home/toolchain/development/libc++_replacement/tmp/R11/extracted/fa/fab79860adf785533087275f70711a22478a332ff778a96c7d08d725f7533551/usr/lib64/libdlog_redirect_stdout.so.0.0.0
787636298000-7876362ad000 r--p 00000000 08:01 26003682                   /home/toolchain/development/libc++_replacement/tmp/R11/extracted/84/841ed91284852a7efaf27e85163d40aa7b5baca1103a998b849237bf6cbfa46e/usr/lib64/libklay.so.0.0.2
7876362ad000-7876362cc000 r-xp 00015000 08:01 26003682                   /home/toolchain/development/libc++_replacement/tmp/R11/extracted/84/841ed91284852a7efaf27e85163d40aa7b5baca1103a998b849237bf6cbfa46e/usr/lib64/libklay.so.0.0.2
7876362cc000-7876362d6000 r--p 00034000 08:01 26003682                   /home/toolchain/development/libc++_replacement/tmp/R11/extracted/84/841ed91284852a7efaf27e85163d40aa7b5baca1103a998b849237bf6cbfa46e/usr/lib64/libklay.so.0.0.2
7876362d6000-7876362d8000 r--p 0003d000 08:01 26003682                   /home/toolchain/development/libc++_replacement/tmp/R11/extracted/84/841ed91284852a7efaf27e85163d40aa7b5baca1103a998b849237bf6cbfa46e/usr/lib64/libklay.so.0.0.2
7876362d8000-7876362d9000 rw-p 0003f000 08:01 26003682                   /home/toolchain/development/libc++_replacement/tmp/R11/extracted/84/841ed91284852a7efaf27e85163d40aa7b5baca1103a998b849237bf6cbfa46e/usr/lib64/libklay.so.0.0.2
7876362d9000-7876362db000 r--p 00000000 08:01 23624164                   /home/toolchain/development/libc++_replacement/tmp/R11/extracted/1e/1ef38dd1b74597d1e4a56b8f9c786954bd0dcdebd9261f07845c7225b8027830/usr/lib64/libunwind.so.8.0.1
7876362db000-7876362e3000 r-xp 00002000 08:01 23624164                   /home/toolchain/development/libc++_replacement/tmp/R11/extracted/1e/1ef38dd1b74597d1e4a56b8f9c786954bd0dcdebd9261f07845c7225b8027830/usr/lib64/libunwind.so.8.0.1
7876362e3000-7876362e5000 r--p 0000a000 08:01 23624164                   /home/toolchain/development/libc++_replacement/tmp/R11/extracted/1e/1ef38dd1b74597d1e4a56b8f9c786954bd0dcdebd9261f07845c7225b8027830/usr/lib64/libunwind.so.8.0.1
7876362e5000-7876362e6000 r--p 0000b000 08:01 23624164                   /home/toolchain/development/libc++_replacement/tmp/R11/extracted/1e/1ef38dd1b74597d1e4a56b8f9c786954bd0dcdebd9261f07845c7225b8027830/usr/lib64/libunwind.so.8.0.1
7876362e6000-7876362e7000 rw-p 0000c000 08:01 23624164                   /home/toolchain/development/libc++_replacement/tmp/R11/extracted/1e/1ef38dd1b74597d1e4a56b8f9c786954bd0dcdebd9261f07845c7225b8027830/usr/lib64/libunwind.so.8.0.1
7876362e7000-7876362f1000 rw-p 00000000 00:00 0 
7876362f1000-78763631f000 r--p 00000000 08:01 26088914                   /home/toolchain/development/libc++_replacement/tmp/R11/extracted/0a/0a396f6f4ebeb626ec8be5cd1d59310a778e5e2282df79e602683c44a05e30ae/usr/lib64/libtrackrenderer.so
78763631f000-787636351000 r-xp 0002e000 08:01 26088914                   /home/toolchain/development/libc++_replacement/tmp/R11/extracted/0a/0a396f6f4ebeb626ec8be5cd1d59310a778e5e2282df79e602683c44a05e30ae/usr/lib64/libtrackrenderer.so
787636351000-787636369000 r--p 00060000 08:01 26088914                   /home/toolchain/development/libc++_replacement/tmp/R11/extracted/0a/0a396f6f4ebeb626ec8be5cd1d59310a778e5e2282df79e602683c44a05e30ae/usr/lib64/libtrackrenderer.so
787636369000-78763636b000 r--p 00077000 08:01 26088914                   /home/toolchain/development/libc++_replacement/tmp/R11/extracted/0a/0a396f6f4ebeb626ec8be5cd1d59310a778e5e2282df79e602683c44a05e30ae/usr/lib64/libtrackrenderer.so
78763636b000-78763636d000 rw-p 00079000 08:01 26088914                   /home/toolchain/development/libc++_replacement/tmp/R11/extracted/0a/0a396f6f4ebeb626ec8be5cd1d59310a778e5e2282df79e602683c44a05e30ae/usr/lib64/libtrackrenderer.so
78763636d000-787636381000 r--p 00000000 08:01 16961828                   /home/toolchain/development/libc++_replacement/tmp/R11/extracted/4e/4ea9cb9ada8f65fed491ea1ea3c1dff68fb2d17ab664232b15c0d7649dbb618e/usr/lib64/pulseaudio/libpulsecommon-15.0.so
787636381000-7876363c3000 r-xp 00014000 08:01 16961828                   /home/toolchain/development/libc++_replacement/tmp/R11/extracted/4e/4ea9cb9ada8f65fed491ea1ea3c1dff68fb2d17ab664232b15c0d7649dbb618e/usr/lib64/pulseaudio/libpulsecommon-15.0.so
7876363c3000-7876363e5000 r--p 00056000 08:01 16961828                   /home/toolchain/development/libc++_replacement/tmp/R11/extracted/4e/4ea9cb9ada8f65fed491ea1ea3c1dff68fb2d17ab664232b15c0d7649dbb618e/usr/lib64/pulseaudio/libpulsecommon-15.0.so
7876363e5000-7876363e6000 r--p 00078000 08:01 16961828                   /home/toolchain/development/libc++_replacement/tmp/R11/extracted/4e/4ea9cb9ada8f65fed491ea1ea3c1dff68fb2d17ab664232b15c0d7649dbb618e/usr/lib64/pulseaudio/libpulsecommon-15.0.so
7876363e6000-7876363e8000 rw-p 00079000 08:01 16961828                   /home/toolchain/development/libc++_replacement/tmp/R11/extracted/4e/4ea9cb9ada8f65fed491ea1ea3c1dff68fb2d17ab664232b15c0d7649dbb618e/usr/lib64/pulseaudio/libpulsecommon-15.0.so
7876363e8000-7876363ea000 r--p 00000000 08:01 16961824                   /home/toolchain/development/libc++_replacement/tmp/R11/extracted/4e/4ea9cb9ada8f65fed491ea1ea3c1dff68fb2d17ab664232b15c0d7649dbb618e/usr/lib64/libpulse-simple.so.0.1.1
7876363ea000-7876363ec000 r-xp 00002000 08:01 16961824                   /home/toolchain/development/libc++_replacement/tmp/R11/extracted/4e/4ea9cb9ada8f65fed491ea1ea3c1dff68fb2d17ab664232b15c0d7649dbb618e/usr/lib64/libpulse-simple.so.0.1.1
7876363ec000-7876363ed000 r--p 00004000 08:01 16961824                   /home/toolchain/development/libc++_replacement/tmp/R11/extracted/4e/4ea9cb9ada8f65fed491ea1ea3c1dff68fb2d17ab664232b15c0d7649dbb618e/usr/lib64/libpulse-simple.so.0.1.1
7876363ed000-7876363ee000 r--p 00004000 08:01 16961824                   /home/toolchain/development/libc++_replacement/tmp/R11/extracted/4e/4ea9cb9ada8f65fed491ea1ea3c1dff68fb2d17ab664232b15c0d7649dbb618e/usr/lib64/libpulse-simple.so.0.1.1
7876363ee000-7876363ef000 rw-p 00005000 08:01 16961824                   /home/toolchain/development/libc++_replacement/tmp/R11/extracted/4e/4ea9cb9ada8f65fed491ea1ea3c1dff68fb2d17ab664232b15c0d7649dbb618e/usr/lib64/libpulse-simple.so.0.1.1
7876363ef000-7876363f0000 r--p 00000000 08:01 26086524                   /home/toolchain/development/libc++_replacement/tmp/R11/extracted/fc/fc8cfdc9b6706a39fe50ec8b722659ae45c9d3237d9155af55ac6d623a09b29a/usr/lib64/libmmfsoundcommon.so.0.0.0
7876363f0000-7876363f1000 r-xp 00001000 08:01 26086524                   /home/toolchain/development/libc++_replacement/tmp/R11/extracted/fc/fc8cfdc9b6706a39fe50ec8b722659ae45c9d3237d9155af55ac6d623a09b29a/usr/lib64/libmmfsoundcommon.so.0.0.0
7876363f1000-7876363f2000 r--p 00002000 08:01 26086524                   /home/toolchain/development/libc++_replacement/tmp/R11/extracted/fc/fc8cfdc9b6706a39fe50ec8b722659ae45c9d3237d9155af55ac6d623a09b29a/usr/lib64/libmmfsoundcommon.so.0.0.0
7876363f2000-7876363f3000 r--p 00003000 08:01 26086524                   /home/toolchain/development/libc++_replacement/tmp/R11/extracted/fc/fc8cfdc9b6706a39fe50ec8b722659ae45c9d3237d9155af55ac6d623a09b29a/usr/lib64/libmmfsoundcommon.so.0.0.0
7876363f3000-7876363f4000 rw-p 00004000 08:01 26086524                   /home/toolchain/development/libc++_replacement/tmp/R11/extracted/fc/fc8cfdc9b6706a39fe50ec8b722659ae45c9d3237d9155af55ac6d623a09b29a/usr/lib64/libmmfsoundcommon.so.0.0.0
7876363f4000-7876363f5000 r--p 00000000 08:01 25713562                   /home/toolchain/development/libc++_replacement/tmp/R11/extracted/4c/4cdb0d46f299d1d6c7581443ac1b9589318a50b4f7e8f0d97d8a693b63c43982/usr/lib64/libapp-core-rotation-cpp.so.1.27.13
7876363f5000-7876363f6000 r-xp 00001000 08:01 25713562                   /home/toolchain/development/libc++_replacement/tmp/R11/extracted/4c/4cdb0d46f299d1d6c7581443ac1b9589318a50b4f7e8f0d97d8a693b63c43982/usr/lib64/libapp-core-rotation-cpp.so.1.27.13
7876363f6000-7876363f7000 r--p 00002000 08:01 25713562                   /home/toolchain/development/libc++_replacement/tmp/R11/extracted/4c/4cdb0d46f299d1d6c7581443ac1b9589318a50b4f7e8f0d97d8a693b63c43982/usr/lib64/libapp-core-rotation-cpp.so.1.27.13
7876363f7000-7876363f8000 r--p 00002000 08:01 25713562                   /home/toolchain/development/libc++_replacement/tmp/R11/extracted/4c/4cdb0d46f299d1d6c7581443ac1b9589318a50b4f7e8f0d97d8a693b63c43982/usr/lib64/libapp-core-rotation-cpp.so.1.27.13
7876363f8000-7876363f9000 rw-p 00003000 08:01 25713562                   /home/toolchain/development/libc++_replacement/tmp/R11/extracted/4c/4cdb0d46f299d1d6c7581443ac1b9589318a50b4f7e8f0d97d8a693b63c43982/usr/lib64/libapp-core-rotation-cpp.so.1.27.13
7876363f9000-7876363fb000 r--p 00000000 08:01 23624337                   /home/toolchain/development/libc++_replacement/tmp/R11/extracted/0d/0daffe2b94bcc25cd215ac91563c50dd7f7c7206e49b3b4538a28e24a150f8b0/usr/lib64/libcrypt.so.1.1.0
7876363fb000-78763640e000 r-xp 00002000 08:01 23624337                   /home/toolchain/development/libc++_replacement/tmp/R11/extracted/0d/0daffe2b94bcc25cd215ac91563c50dd7f7c7206e49b3b4538a28e24a150f8b0/usr/lib64/libcrypt.so.1.1.0
78763640e000-787636428000 r--p 00015000 08:01 23624337                   /home/toolchain/development/libc++_replacement/tmp/R11/extracted/0d/0daffe2b94bcc25cd215ac91563c50dd7f7c7206e49b3b4538a28e24a150f8b0/usr/lib64/libcrypt.so.1.1.0
787636428000-787636429000 r--p 0002e000 08:01 23624337                   /home/toolchain/development/libc++_replacement/tmp/R11/extracted/0d/0daffe2b94bcc25cd215ac91563c50dd7f7c7206e49b3b4538a28e24a150f8b0/usr/lib64/libcrypt.so.1.1.0
787636429000-78763642a000 rw-p 0002f000 08:01 23624337                   /home/toolchain/development/libc++_replacement/tmp/R11/extracted/0d/0daffe2b94bcc25cd215ac91563c50dd7f7c7206e49b3b4538a28e24a150f8b0/usr/lib64/libcrypt.so.1.1.0
78763642a000-787636432000 rw-p 00000000 00:00 0 
787636432000-78763643a000 r--p 00000000 08:01 23483789                   /home/toolchain/development/libc++_replacement/tmp/R11/extracted/94/946456d28f21263f1b1ad127c40088029cefa4bb9ae1b2d5cf21dea2aea85567/usr/lib64/libboost_filesystem.so.1.83.0
78763643a000-787636448000 r-xp 00008000 08:01 23483789                   /home/toolchain/development/libc++_replacement/tmp/R11/extracted/94/946456d28f21263f1b1ad127c40088029cefa4bb9ae1b2d5cf21dea2aea85567/usr/lib64/libboost_filesystem.so.1.83.0
787636448000-78763644c000 r--p 00016000 08:01 23483789                   /home/toolchain/development/libc++_replacement/tmp/R11/extracted/94/946456d28f21263f1b1ad127c40088029cefa4bb9ae1b2d5cf21dea2aea85567/usr/lib64/libboost_filesystem.so.1.83.0
78763644c000-78763644d000 r--p 0001a000 08:01 23483789                   /home/toolchain/development/libc++_replacement/tmp/R11/extracted/94/946456d28f21263f1b1ad127c40088029cefa4bb9ae1b2d5cf21dea2aea85567/usr/lib64/libboost_filesystem.so.1.83.0
78763644d000-78763644e000 rw-p 0001b000 08:01 23483789                   /home/toolchain/development/libc++_replacement/tmp/R11/extracted/94/946456d28f21263f1b1ad127c40088029cefa4bb9ae1b2d5cf21dea2aea85567/usr/lib64/libboost_filesystem.so.1.83.0
78763644e000-787636450000 r--p 00000000 08:01 23622922                   /home/toolchain/development/libc++_replacement/tmp/R11/extracted/b9/b9b53c19d3ff0229164a5ede81f5ccad44154db4b5829f9d36b69656ab45a1bc/usr/lib64/libsmack.so.1.3.1
787636450000-787636455000 r-xp 00002000 08:01 23622922                   /home/toolchain/development/libc++_replacement/tmp/R11/extracted/b9/b9b53c19d3ff0229164a5ede81f5ccad44154db4b5829f9d36b69656ab45a1bc/usr/lib64/libsmack.so.1.3.1
787636455000-787636457000 r--p 00007000 08:01 23622922                   /home/toolchain/development/libc++_replacement/tmp/R11/extracted/b9/b9b53c19d3ff0229164a5ede81f5ccad44154db4b5829f9d36b69656ab45a1bc/usr/lib64/libsmack.so.1.3.1
787636457000-787636458000 r--p 00008000 08:01 23622922                   /home/toolchain/development/libc++_replacement/tmp/R11/extracted/b9/b9b53c19d3ff0229164a5ede81f5ccad44154db4b5829f9d36b69656ab45a1bc/usr/lib64/libsmack.so.1.3.1
787636458000-787636459000 rw-p 00009000 08:01 23622922                   /home/toolchain/development/libc++_replacement/tmp/R11/extracted/b9/b9b53c19d3ff0229164a5ede81f5ccad44154db4b5829f9d36b69656ab45a1bc/usr/lib64/libsmack.so.1.3.1
787636459000-78763645b000 r--p 00000000 08:01 23617398                   /home/toolchain/development/libc++_replacement/tmp/R11/extracted/1c/1ca4e9a9bfab1c73c273b7c9be71476cee9fcc58ece138684913b7c537d6f62b/usr/lib64/libacl.so.1.1.2302
78763645b000-78763645f000 r-xp 00002000 08:01 23617398                   /home/toolchain/development/libc++_replacement/tmp/R11/extracted/1c/1ca4e9a9bfab1c73c273b7c9be71476cee9fcc58ece138684913b7c537d6f62b/usr/lib64/libacl.so.1.1.2302
78763645f000-787636460000 r--p 00006000 08:01 23617398                   /home/toolchain/development/libc++_replacement/tmp/R11/extracted/1c/1ca4e9a9bfab1c73c273b7c9be71476cee9fcc58ece138684913b7c537d6f62b/usr/lib64/libacl.so.1.1.2302
787636460000-787636461000 r--p 00007000 08:01 23617398                   /home/toolchain/development/libc++_replacement/tmp/R11/extracted/1c/1ca4e9a9bfab1c73c273b7c9be71476cee9fcc58ece138684913b7c537d6f62b/usr/lib64/libacl.so.1.1.2302
787636461000-787636462000 rw-p 00008000 08:01 23617398                   /home/toolchain/development/libc++_replacement/tmp/R11/extracted/1c/1ca4e9a9bfab1c73c273b7c9be71476cee9fcc58ece138684913b7c537d6f62b/usr/lib64/libacl.so.1.1.2302
787636462000-787636465000 r--p 00000000 08:01 15913149                   /home/toolchain/development/libc++_replacement/tmp/R11/extracted/ea/eadb82ee5ab111c27b4403cf46acaf03a22ae9a4e6b08eb3e1f74d3e300da60e/usr/lib64/libsecurity-privilege-manager.so.1.4.0
787636465000-78763646d000 r-xp 00003000 08:01 15913149                   /home/toolchain/development/libc++_replacement/tmp/R11/extracted/ea/eadb82ee5ab111c27b4403cf46acaf03a22ae9a4e6b08eb3e1f74d3e300da60e/usr/lib64/libsecurity-privilege-manager.so.1.4.0
78763646d000-787636473000 r--p 0000b000 08:01 15913149                   /home/toolchain/development/libc++_replacement/tmp/R11/extracted/ea/eadb82ee5ab111c27b4403cf46acaf03a22ae9a4e6b08eb3e1f74d3e300da60e/usr/lib64/libsecurity-privilege-manager.so.1.4.0
787636473000-787636474000 r--p 00010000 08:01 15913149                   /home/toolchain/development/libc++_replacement/tmp/R11/extracted/ea/eadb82ee5ab111c27b4403cf46acaf03a22ae9a4e6b08eb3e1f74d3e300da60e/usr/lib64/libsecurity-privilege-manager.so.1.4.0
787636474000-787636475000 rw-p 00011000 08:01 15913149                   /home/toolchain/development/libc++_replacement/tmp/R11/extracted/ea/eadb82ee5ab111c27b4403cf46acaf03a22ae9a4e6b08eb3e1f74d3e300da60e/usr/lib64/libsecurity-privilege-manager.so.1.4.0
787636475000-787636477000 r--p 00000000 08:01 26083988                   /home/toolchain/development/libc++_replacement/tmp/R11/extracted/5b/5bee7cfacc91002e3b2c0d118150dd31b007f297dc5cf9980e7b83cef38d05de/usr/lib64/libcynara-creds-socket.so.0.26.0
787636477000-787636478000 r-xp 00002000 08:01 26083988                   /home/toolchain/development/libc++_replacement/tmp/R11/extracted/5b/5bee7cfacc91002e3b2c0d118150dd31b007f297dc5cf9980e7b83cef38d05de/usr/lib64/libcynara-creds-socket.so.0.26.0
787636478000-787636479000 r--p 00003000 08:01 26083988                   /home/toolchain/development/libc++_replacement/tmp/R11/extracted/5b/5bee7cfacc91002e3b2c0d118150dd31b007f297dc5cf9980e7b83cef38d05de/usr/lib64/libcynara-creds-socket.so.0.26.0
787636479000-78763647a000 r--p 00003000 08:01 26083988                   /home/toolchain/development/libc++_replacement/tmp/R11/extracted/5b/5bee7cfacc91002e3b2c0d118150dd31b007f297dc5cf9980e7b83cef38d05de/usr/lib64/libcynara-creds-socket.so.0.26.0
78763647a000-78763647b000 rw-p 00004000 08:01 26083988                   /home/toolchain/development/libc++_replacement/tmp/R11/extracted/5b/5bee7cfacc91002e3b2c0d118150dd31b007f297dc5cf9980e7b83cef38d05de/usr/lib64/libcynara-creds-socket.so.0.26.0
78763647b000-787636480000 r--p 00000000 08:01 26083812                   /home/toolchain/development/libc++_replacement/tmp/R11/extracted/36/36cc2ed94f4b909938cf4eb46680f06ee1fc00d5d6cc2a88b702217987a19cb4/usr/lib64/libcynara-admin.so.0.26.0
787636480000-787636494000 r-xp 00005000 08:01 26083812                   /home/toolchain/development/libc++_replacement/tmp/R11/extracted/36/36cc2ed94f4b909938cf4eb46680f06ee1fc00d5d6cc2a88b702217987a19cb4/usr/lib64/libcynara-admin.so.0.26.0
787636494000-78763649a000 r--p 00019000 08:01 26083812                   /home/toolchain/development/libc++_replacement/tmp/R11/extracted/36/36cc2ed94f4b909938cf4eb46680f06ee1fc00d5d6cc2a88b702217987a19cb4/usr/lib64/libcynara-admin.so.0.26.0
78763649a000-78763649b000 r--p 0001f000 08:01 26083812                   /home/toolchain/development/libc++_replacement/tmp/R11/extracted/36/36cc2ed94f4b909938cf4eb46680f06ee1fc00d5d6cc2a88b702217987a19cb4/usr/lib64/libcynara-admin.so.0.26.0
78763649b000-78763649c000 rw-p 00020000 08:01 26083812                   /home/toolchain/development/libc++_replacement/tmp/R11/extracted/36/36cc2ed94f4b909938cf4eb46680f06ee1fc00d5d6cc2a88b702217987a19cb4/usr/lib64/libcynara-admin.so.0.26.0
78763649c000-7876364ad000 r--p 00000000 08:01 23622994                   /home/toolchain/development/libc++_replacement/tmp/R11/extracted/59/591ccae805a0d478dfb96bca9afd6bb9620e0e4ccaed74bb63e73c1d49c1bbb8/usr/lib64/libsqlite3.so.3.51.0
7876364ad000-787636595000 r-xp 00011000 08:01 23622994                   /home/toolchain/development/libc++_replacement/tmp/R11/extracted/59/591ccae805a0d478dfb96bca9afd6bb9620e0e4ccaed74bb63e73c1d49c1bbb8/usr/lib64/libsqlite3.so.3.51.0
787636595000-7876365c6000 r--p 000f9000 08:01 23622994                   /home/toolchain/development/libc++_replacement/tmp/R11/extracted/59/591ccae805a0d478dfb96bca9afd6bb9620e0e4ccaed74bb63e73c1d49c1bbb8/usr/lib64/libsqlite3.so.3.51.0
7876365c6000-7876365c9000 r--p 0012a000 08:01 23622994                   /home/toolchain/development/libc++_replacement/tmp/R11/extracted/59/591ccae805a0d478dfb96bca9afd6bb9620e0e4ccaed74bb63e73c1d49c1bbb8/usr/lib64/libsqlite3.so.3.51.0
7876365c9000-7876365ce000 rw-p 0012d000 08:01 23622994                   /home/toolchain/development/libc++_replacement/tmp/R11/extracted/59/591ccae805a0d478dfb96bca9afd6bb9620e0e4ccaed74bb63e73c1d49c1bbb8/usr/lib64/libsqlite3.so.3.51.0
7876365ce000-7876365d0000 r--p 00000000 08:01 26087801                   /home/toolchain/development/libc++_replacement/tmp/R11/extracted/36/366ed14291dbcc8c59435996fb5d0967c11cbf74e90a8186c7b2d5fc6503e39a/usr/lib64/libsessiond.so.10.6.21
7876365d0000-7876365d7000 r-xp 00002000 08:01 26087801                   /home/toolchain/development/libc++_replacement/tmp/R11/extracted/36/366ed14291dbcc8c59435996fb5d0967c11cbf74e90a8186c7b2d5fc6503e39a/usr/lib64/libsessiond.so.10.6.21
7876365d7000-7876365da000 r--p 00009000 08:01 26087801                   /home/toolchain/development/libc++_replacement/tmp/R11/extracted/36/366ed14291dbcc8c59435996fb5d0967c11cbf74e90a8186c7b2d5fc6503e39a/usr/lib64/libsessiond.so.10.6.21
7876365da000-7876365db000 r--p 0000b000 08:01 26087801                   /home/toolchain/development/libc++_replacement/tmp/R11/extracted/36/366ed14291dbcc8c59435996fb5d0967c11cbf74e90a8186c7b2d5fc6503e39a/usr/lib64/libsessiond.so.10.6.21
7876365db000-7876365dc000 rw-p 0000c000 08:01 26087801                   /home/toolchain/development/libc++_replacement/tmp/R11/extracted/36/366ed14291dbcc8c59435996fb5d0967c11cbf74e90a8186c7b2d5fc6503e39a/usr/lib64/libsessiond.so.10.6.21
7876365dc000-7876365e6000 r--p 00000000 08:01 26216664                   /home/toolchain/development/libc++_replacement/tmp/R11/extracted/a8/a873bbfabe29509bf0f4360077ee38885cb185b8a0aa23619b22414eda90b560/usr/lib64/libsensord-shared.so
7876365e6000-7876365f1000 r-xp 0000a000 08:01 26216664                   /home/toolchain/development/libc++_replacement/tmp/R11/extracted/a8/a873bbfabe29509bf0f4360077ee38885cb185b8a0aa23619b22414eda90b560/usr/lib64/libsensord-shared.so
7876365f1000-7876365f8000 r--p 00015000 08:01 26216664                   /home/toolchain/development/libc++_replacement/tmp/R11/extracted/a8/a873bbfabe29509bf0f4360077ee38885cb185b8a0aa23619b22414eda90b560/usr/lib64/libsensord-shared.so
7876365f8000-7876365f9000 r--p 0001b000 08:01 26216664                   /home/toolchain/development/libc++_replacement/tmp/R11/extracted/a8/a873bbfabe29509bf0f4360077ee38885cb185b8a0aa23619b22414eda90b560/usr/lib64/libsensord-shared.so
7876365f9000-7876365fa000 rw-p 0001c000 08:01 26216664                   /home/toolchain/development/libc++_replacement/tmp/R11/extracted/a8/a873bbfabe29509bf0f4360077ee38885cb185b8a0aa23619b22414eda90b560/usr/lib64/libsensord-shared.so
7876365fa000-78763660c000 r--p 00000000 08:01 26224946                   /home/toolchain/development/libc++_replacement/tmp/R11/extracted/d8/d8946819d273d8f923b8c9cfde28f0d1cd4905aa0387e6632210166d81cd86fa/usr/lib64/libtizen-core.so.0.4.2
78763660c000-78763661a000 r-xp 00012000 08:01 26224946                   /home/toolchain/development/libc++_replacement/tmp/R11/extracted/d8/d8946819d273d8f923b8c9cfde28f0d1cd4905aa0387e6632210166d81cd86fa/usr/lib64/libtizen-core.so.0.4.2
78763661a000-787636622000 r--p 00020000 08:01 26224946                   /home/toolchain/development/libc++_replacement/tmp/R11/extracted/d8/d8946819d273d8f923b8c9cfde28f0d1cd4905aa0387e6632210166d81cd86fa/usr/lib64/libtizen-core.so.0.4.2
787636622000-787636624000 r--p 00027000 08:01 26224946                   /home/toolchain/development/libc++_replacement/tmp/R11/extracted/d8/d8946819d273d8f923b8c9cfde28f0d1cd4905aa0387e6632210166d81cd86fa/usr/lib64/libtizen-core.so.0.4.2
787636624000-787636625000 rw-p 00029000 08:01 26224946                   /home/toolchain/development/libc++_replacement/tmp/R11/extracted/d8/d8946819d273d8f923b8c9cfde28f0d1cd4905aa0387e6632210166d81cd86fa/usr/lib64/libtizen-core.so.0.4.2
787636625000-78763664f000 r--p 00000000 08:01 26127552                   /home/toolchain/development/libc++_replacement/tmp/R11/extracted/6d/6d9a2599e7941f048094419a734cd6fc8e719f3f363a5488eff72edd37fd173a/usr/lib64/librpc-port.so.1.21.15
78763664f000-78763667b000 r-xp 0002a000 08:01 26127552                   /home/toolchain/development/libc++_replacement/tmp/R11/extracted/6d/6d9a2599e7941f048094419a734cd6fc8e719f3f363a5488eff72edd37fd173a/usr/lib64/librpc-port.so.1.21.15
78763667b000-787636691000 r--p 00056000 08:01 26127552                   /home/toolchain/development/libc++_replacement/tmp/R11/extracted/6d/6d9a2599e7941f048094419a734cd6fc8e719f3f363a5488eff72edd37fd173a/usr/lib64/librpc-port.so.1.21.15
787636691000-787636693000 r--p 0006b000 08:01 26127552                   /home/toolchain/development/libc++_replacement/tmp/R11/extracted/6d/6d9a2599e7941f048094419a734cd6fc8e719f3f363a5488eff72edd37fd173a/usr/lib64/librpc-port.so.1.21.15
787636693000-787636695000 rw-p 0006d000 08:01 26127552                   /home/toolchain/development/libc++_replacement/tmp/R11/extracted/6d/6d9a2599e7941f048094419a734cd6fc8e719f3f363a5488eff72edd37fd173a/usr/lib64/librpc-port.so.1.21.15
787636695000-787636696000 rw-p 00000000 00:00 0 
787636696000-787636698000 r--p 00000000 08:01 26119134                   /home/toolchain/development/libc++_replacement/tmp/R11/extracted/51/514b200a08abbcfa93ce5bbe84d25840b4ef6f3acf77e634649df3b3f825ba1a/usr/lib64/libpkgmgr_common.so.0.23.1
787636698000-787636699000 r-xp 00002000 08:01 26119134                   /home/toolchain/development/libc++_replacement/tmp/R11/extracted/51/514b200a08abbcfa93ce5bbe84d25840b4ef6f3acf77e634649df3b3f825ba1a/usr/lib64/libpkgmgr_common.so.0.23.1
787636699000-78763669a000 r--p 00003000 08:01 26119134                   /home/toolchain/development/libc++_replacement/tmp/R11/extracted/51/514b200a08abbcfa93ce5bbe84d25840b4ef6f3acf77e634649df3b3f825ba1a/usr/lib64/libpkgmgr_common.so.0.23.1
78763669a000-78763669b000 r--p 00003000 08:01 26119134                   /home/toolchain/development/libc++_replacement/tmp/R11/extracted/51/514b200a08abbcfa93ce5bbe84d25840b4ef6f3acf77e634649df3b3f825ba1a/usr/lib64/libpkgmgr_common.so.0.23.1
78763669b000-78763669c000 rw-p 00004000 08:01 26119134                   /home/toolchain/development/libc++_replacement/tmp/R11/extracted/51/514b200a08abbcfa93ce5bbe84d25840b4ef6f3acf77e634649df3b3f825ba1a/usr/lib64/libpkgmgr_common.so.0.23.1
78763669c000-7876366a0000 r--p 00000000 08:01 23621979                   /home/toolchain/development/libc++_replacement/tmp/R11/extracted/11/11b375d244963979cfea87362c172b196f78c2fe92c507c000126ba46dc84892/usr/lib64/liblzma.so.5.8.1
7876366a0000-7876366ba000 r-xp 00004000 08:01 23621979                   /home/toolchain/development/libc++_replacement/tmp/R11/extracted/11/11b375d244963979cfea87362c172b196f78c2fe92c507c000126ba46dc84892/usr/lib64/liblzma.so.5.8.1
7876366ba000-7876366c5000 r--p 0001e000 08:01 23621979                   /home/toolchain/development/libc++_replacement/tmp/R11/extracted/11/11b375d244963979cfea87362c172b196f78c2fe92c507c000126ba46dc84892/usr/lib64/liblzma.so.5.8.1
7876366c5000-7876366c6000 r--p 00029000 08:01 23621979                   /home/toolchain/development/libc++_replacement/tmp/R11/extracted/11/11b375d244963979cfea87362c172b196f78c2fe92c507c000126ba46dc84892/usr/lib64/liblzma.so.5.8.1
7876366c6000-7876366c7000 rw-p 0002a000 08:01 23621979                   /home/toolchain/development/libc++_replacement/tmp/R11/extracted/11/11b375d244963979cfea87362c172b196f78c2fe92c507c000126ba46dc84892/usr/lib64/liblzma.so.5.8.1
7876366c7000-7876366cb000 r--p 00000000 08:01 25958496                   /home/toolchain/development/libc++_replacement/tmp/R11/extracted/33/33b6f1dac23b0c1c7caf44c105c4776e8ed29d228571c894a0da9f568d100b40/usr/lib64/hal/libhal-api-common.so.0.1.0
7876366cb000-7876366d3000 r-xp 00004000 08:01 25958496                   /home/toolchain/development/libc++_replacement/tmp/R11/extracted/33/33b6f1dac23b0c1c7caf44c105c4776e8ed29d228571c894a0da9f568d100b40/usr/lib64/hal/libhal-api-common.so.0.1.0
7876366d3000-7876366da000 r--p 0000c000 08:01 25958496                   /home/toolchain/development/libc++_replacement/tmp/R11/extracted/33/33b6f1dac23b0c1c7caf44c105c4776e8ed29d228571c894a0da9f568d100b40/usr/lib64/hal/libhal-api-common.so.0.1.0
7876366da000-7876366db000 r--p 00012000 08:01 25958496                   /home/toolchain/development/libc++_replacement/tmp/R11/extracted/33/33b6f1dac23b0c1c7caf44c105c4776e8ed29d228571c894a0da9f568d100b40/usr/lib64/hal/libhal-api-common.so.0.1.0
7876366db000-7876366dd000 rw-p 00013000 08:01 25958496                   /home/toolchain/development/libc++_replacement/tmp/R11/extracted/33/33b6f1dac23b0c1c7caf44c105c4776e8ed29d228571c894a0da9f568d100b40/usr/lib64/hal/libhal-api-common.so.0.1.0
7876366dd000-7876366e0000 rw-p 00000000 00:00 0 
7876366e0000-7876366e4000 r--p 00000000 08:01 26085865                   /home/toolchain/development/libc++_replacement/tmp/R11/extracted/35/35d1421251334850c1f3200ef1c41005cf50e082863dcbb3c891f46b95075fe8/usr/lib64/libjson-c.so.5.4.0
7876366e4000-7876366ec000 r-xp 00004000 08:01 26085865                   /home/toolchain/development/libc++_replacement/tmp/R11/extracted/35/35d1421251334850c1f3200ef1c41005cf50e082863dcbb3c891f46b95075fe8/usr/lib64/libjson-c.so.5.4.0
7876366ec000-7876366f0000 r--p 0000c000 08:01 26085865                   /home/toolchain/development/libc++_replacement/tmp/R11/extracted/35/35d1421251334850c1f3200ef1c41005cf50e082863dcbb3c891f46b95075fe8/usr/lib64/libjson-c.so.5.4.0
7876366f0000-7876366f1000 r--p 0000f000 08:01 26085865                   /home/toolchain/development/libc++_replacement/tmp/R11/extracted/35/35d1421251334850c1f3200ef1c41005cf50e082863dcbb3c891f46b95075fe8/usr/lib64/libjson-c.so.5.4.0
7876366f1000-7876366f2000 rw-p 00010000 08:01 26085865                   /home/toolchain/development/libc++_replacement/tmp/R11/extracted/35/35d1421251334850c1f3200ef1c41005cf50e082863dcbb3c891f46b95075fe8/usr/lib64/libjson-c.so.5.4.0
7876366f2000-7876366f4000 r--p 00000000 08:01 23612994                   /home/toolchain/development/libc++_replacement/tmp/R11/extracted/a5/a5dfb509f5f1865a7f188afd06ac61f6221bbd3260e49d16355deb9a93f9beba/usr/lib64/libiniparser.so.4.2.6
7876366f4000-7876366f7000 r-xp 00002000 08:01 23612994                   /home/toolchain/development/libc++_replacement/tmp/R11/extracted/a5/a5dfb509f5f1865a7f188afd06ac61f6221bbd3260e49d16355deb9a93f9beba/usr/lib64/libiniparser.so.4.2.6
7876366f7000-7876366f8000 r--p 00005000 08:01 23612994                   /home/toolchain/development/libc++_replacement/tmp/R11/extracted/a5/a5dfb509f5f1865a7f188afd06ac61f6221bbd3260e49d16355deb9a93f9beba/usr/lib64/libiniparser.so.4.2.6
7876366f8000-7876366f9000 r--p 00005000 08:01 23612994                   /home/toolchain/development/libc++_replacement/tmp/R11/extracted/a5/a5dfb509f5f1865a7f188afd06ac61f6221bbd3260e49d16355deb9a93f9beba/usr/lib64/libiniparser.so.4.2.6
7876366f9000-7876366fa000 rw-p 00006000 08:01 23612994                   /home/toolchain/development/libc++_replacement/tmp/R11/extracted/a5/a5dfb509f5f1865a7f188afd06ac61f6221bbd3260e49d16355deb9a93f9beba/usr/lib64/libiniparser.so.4.2.6
7876366fa000-7876366fb000 r--p 00000000 08:01 26085451                   /home/toolchain/development/libc++_replacement/tmp/R11/extracted/8d/8de5de8f23a1a7a73c053f3042112220a7bc59c19153c8f43b2b49940495a259/usr/lib64/libgmodule-2.0.so.0.8000.5
7876366fb000-7876366fd000 r-xp 00001000 08:01 26085451                   /home/toolchain/development/libc++_replacement/tmp/R11/extracted/8d/8de5de8f23a1a7a73c053f3042112220a7bc59c19153c8f43b2b49940495a259/usr/lib64/libgmodule-2.0.so.0.8000.5
7876366fd000-7876366fe000 r--p 00003000 08:01 26085451                   /home/toolchain/development/libc++_replacement/tmp/R11/extracted/8d/8de5de8f23a1a7a73c053f3042112220a7bc59c19153c8f43b2b49940495a259/usr/lib64/libgmodule-2.0.so.0.8000.5
7876366fe000-7876366ff000 r--p 00003000 08:01 26085451                   /home/toolchain/development/libc++_replacement/tmp/R11/extracted/8d/8de5de8f23a1a7a73c053f3042112220a7bc59c19153c8f43b2b49940495a259/usr/lib64/libgmodule-2.0.so.0.8000.5
7876366ff000-787636700000 rw-p 00004000 08:01 26085451                   /home/toolchain/development/libc++_replacement/tmp/R11/extracted/8d/8de5de8f23a1a7a73c053f3042112220a7bc59c19153c8f43b2b49940495a259/usr/lib64/libgmodule-2.0.so.0.8000.5
787636700000-787636703000 r--p 00000000 08:01 25869255                   /home/toolchain/development/libc++_replacement/tmp/R11/extracted/41/416d01db4ad75a8a452cfe82485dd4a95b731df556354dc1373b5c5653af4be8/usr/lib64/libethumb.so.1.25.1
787636703000-787636709000 r-xp 00003000 08:01 25869255                   /home/toolchain/development/libc++_replacement/tmp/R11/extracted/41/416d01db4ad75a8a452cfe82485dd4a95b731df556354dc1373b5c5653af4be8/usr/lib64/libethumb.so.1.25.1
787636709000-78763670c000 r--p 00009000 08:01 25869255                   /home/toolchain/development/libc++_replacement/tmp/R11/extracted/41/416d01db4ad75a8a452cfe82485dd4a95b731df556354dc1373b5c5653af4be8/usr/lib64/libethumb.so.1.25.1
78763670c000-78763670d000 r--p 0000b000 08:01 25869255                   /home/toolchain/development/libc++_replacement/tmp/R11/extracted/41/416d01db4ad75a8a452cfe82485dd4a95b731df556354dc1373b5c5653af4be8/usr/lib64/libethumb.so.1.25.1
78763670d000-78763670e000 rw-p 0000c000 08:01 25869255                   /home/toolchain/development/libc++_replacement/tmp/R11/extracted/41/416d01db4ad75a8a452cfe82485dd4a95b731df556354dc1373b5c5653af4be8/usr/lib64/libethumb.so.1.25.1
78763670e000-787636711000 r--p 00000000 08:01 25835168                   /home/toolchain/development/libc++_replacement/tmp/R11/extracted/d3/d3eaa599ac9efb515f4b73c56586ae7fc6d9568faf8fac749ce6ab9732b9de84/usr/lib64/libecore_ipc.so.1.25.1
787636711000-787636716000 r-xp 00003000 08:01 25835168                   /home/toolchain/development/libc++_replacement/tmp/R11/extracted/d3/d3eaa599ac9efb515f4b73c56586ae7fc6d9568faf8fac749ce6ab9732b9de84/usr/lib64/libecore_ipc.so.1.25.1
787636716000-787636718000 r--p 00008000 08:01 25835168                   /home/toolchain/development/libc++_replacement/tmp/R11/extracted/d3/d3eaa599ac9efb515f4b73c56586ae7fc6d9568faf8fac749ce6ab9732b9de84/usr/lib64/libecore_ipc.so.1.25.1
787636718000-787636719000 r--p 00009000 08:01 25835168                   /home/toolchain/development/libc++_replacement/tmp/R11/extracted/d3/d3eaa599ac9efb515f4b73c56586ae7fc6d9568faf8fac749ce6ab9732b9de84/usr/lib64/libecore_ipc.so.1.25.1
787636719000-78763671a000 rw-p 0000a000 08:01 25835168                   /home/toolchain/development/libc++_replacement/tmp/R11/extracted/d3/d3eaa599ac9efb515f4b73c56586ae7fc6d9568faf8fac749ce6ab9732b9de84/usr/lib64/libecore_ipc.so.1.25.1
78763671a000-787636724000 r--p 00000000 08:01 15518976                   /home/toolchain/development/libc++_replacement/tmp/R11/extracted/57/571e663a0840dab81649fc122b8c5169603af0a2ecf968ce11bc57e4240f6197/usr/lib64/libmount.so.1.1.0
787636724000-787636753000 r-xp 0000a000 08:01 15518976                   /home/toolchain/development/libc++_replacement/tmp/R11/extracted/57/571e663a0840dab81649fc122b8c5169603af0a2ecf968ce11bc57e4240f6197/usr/lib64/libmount.so.1.1.0
787636753000-787636761000 r--p 00039000 08:01 15518976                   /home/toolchain/development/libc++_replacement/tmp/R11/extracted/57/571e663a0840dab81649fc122b8c5169603af0a2ecf968ce11bc57e4240f6197/usr/lib64/libmount.so.1.1.0
787636761000-787636763000 r--p 00046000 08:01 15518976                   /home/toolchain/development/libc++_replacement/tmp/R11/extracted/57/571e663a0840dab81649fc122b8c5169603af0a2ecf968ce11bc57e4240f6197/usr/lib64/libmount.so.1.1.0
787636763000-787636764000 rw-p 00048000 08:01 15518976                   /home/toolchain/development/libc++_replacement/tmp/R11/extracted/57/571e663a0840dab81649fc122b8c5169603af0a2ecf968ce11bc57e4240f6197/usr/lib64/libmount.so.1.1.0
787636764000-787636766000 rw-p 00000000 00:00 0 
787636766000-78763676a000 r--p 00000000 08:01 23621582                   /home/toolchain/development/libc++_replacement/tmp/R11/extracted/a2/a2e41cda0fbf3cd42aec10ab4fbe8577bb34c4eed1b965ca1e4612a2a674a85c/usr/lib64/libturbojpeg.so.0.3.0
78763676a000-787636833000 r-xp 00004000 08:01 23621582                   /home/toolchain/development/libc++_replacement/tmp/R11/extracted/a2/a2e41cda0fbf3cd42aec10ab4fbe8577bb34c4eed1b965ca1e4612a2a674a85c/usr/lib64/libturbojpeg.so.0.3.0
787636833000-78763685f000 r--p 000cd000 08:01 23621582                   /home/toolchain/development/libc++_replacement/tmp/R11/extracted/a2/a2e41cda0fbf3cd42aec10ab4fbe8577bb34c4eed1b965ca1e4612a2a674a85c/usr/lib64/libturbojpeg.so.0.3.0
78763685f000-787636860000 r--p 000f9000 08:01 23621582                   /home/toolchain/development/libc++_replacement/tmp/R11/extracted/a2/a2e41cda0fbf3cd42aec10ab4fbe8577bb34c4eed1b965ca1e4612a2a674a85c/usr/lib64/libturbojpeg.so.0.3.0
787636860000-787636861000 rw-p 000fa000 08:01 23621582                   /home/toolchain/development/libc++_replacement/tmp/R11/extracted/a2/a2e41cda0fbf3cd42aec10ab4fbe8577bb34c4eed1b965ca1e4612a2a674a85c/usr/lib64/libturbojpeg.so.0.3.0
787636861000-787636883000 r--p 00000000 08:01 23622763                   /home/toolchain/development/libc++_replacement/tmp/R11/extracted/25/2512efa180fad6bcd4f6a7e8619366d56808c4e1e6632c25bc57349b6a5bf215/usr/lib64/libssl.so.3
787636883000-787636906000 r-xp 00022000 08:01 23622763                   /home/toolchain/development/libc++_replacement/tmp/R11/extracted/25/2512efa180fad6bcd4f6a7e8619366d56808c4e1e6632c25bc57349b6a5bf215/usr/lib64/libssl.so.3
787636906000-78763692f000 r--p 000a5000 08:01 23622763                   /home/toolchain/development/libc++_replacement/tmp/R11/extracted/25/2512efa180fad6bcd4f6a7e8619366d56808c4e1e6632c25bc57349b6a5bf215/usr/lib64/libssl.so.3
78763692f000-787636938000 r--p 000ce000 08:01 23622763                   /home/toolchain/development/libc++_replacement/tmp/R11/extracted/25/2512efa180fad6bcd4f6a7e8619366d56808c4e1e6632c25bc57349b6a5bf215/usr/lib64/libssl.so.3
787636938000-78763693e000 rw-p 000d7000 08:01 23622763                   /home/toolchain/development/libc++_replacement/tmp/R11/extracted/25/2512efa180fad6bcd4f6a7e8619366d56808c4e1e6632c25bc57349b6a5bf215/usr/lib64/libssl.so.3
78763693e000-787636945000 r--p 00000000 08:01 26091142                   /home/toolchain/development/libc++_replacement/tmp/R11/extracted/bb/bbe1496d756b23b9943378f63a1c4a0a262cf4c8acaa04528d2265ad2363e5ff/usr/lib64/libmanifest-parser-utils.so.1.9.0
787636945000-787636957000 r-xp 00007000 08:01 26091142                   /home/toolchain/development/libc++_replacement/tmp/R11/extracted/bb/bbe1496d756b23b9943378f63a1c4a0a262cf4c8acaa04528d2265ad2363e5ff/usr/lib64/libmanifest-parser-utils.so.1.9.0
787636957000-78763695a000 r--p 00019000 08:01 26091142                   /home/toolchain/development/libc++_replacement/tmp/R11/extracted/bb/bbe1496d756b23b9943378f63a1c4a0a262cf4c8acaa04528d2265ad2363e5ff/usr/lib64/libmanifest-parser-utils.so.1.9.0
78763695a000-78763695b000 r--p 0001b000 08:01 26091142                   /home/toolchain/development/libc++_replacement/tmp/R11/extracted/bb/bbe1496d756b23b9943378f63a1c4a0a262cf4c8acaa04528d2265ad2363e5ff/usr/lib64/libmanifest-parser-utils.so.1.9.0
78763695b000-78763695c000 rw-p 0001c000 08:01 26091142                   /home/toolchain/development/libc++_replacement/tmp/R11/extracted/bb/bbe1496d756b23b9943378f63a1c4a0a262cf4c8acaa04528d2265ad2363e5ff/usr/lib64/libmanifest-parser-utils.so.1.9.0
78763695c000-787636969000 r--p 00000000 08:01 26087397                   /home/toolchain/development/libc++_replacement/tmp/R11/extracted/38/384bad753156856cc83104d0f5507ec9394ce08916f522e762bbc110ebef1191/usr/lib64/libscl-core-pure.so
787636969000-787636975000 r-xp 0000d000 08:01 26087397                   /home/toolchain/development/libc++_replacement/tmp/R11/extracted/38/384bad753156856cc83104d0f5507ec9394ce08916f522e762bbc110ebef1191/usr/lib64/libscl-core-pure.so
787636975000-78763697b000 r--p 00019000 08:01 26087397                   /home/toolchain/development/libc++_replacement/tmp/R11/extracted/38/384bad753156856cc83104d0f5507ec9394ce08916f522e762bbc110ebef1191/usr/lib64/libscl-core-pure.so
78763697b000-78763697c000 r--p 0001f000 08:01 26087397                   /home/toolchain/development/libc++_replacement/tmp/R11/extracted/38/384bad753156856cc83104d0f5507ec9394ce08916f522e762bbc110ebef1191/usr/lib64/libscl-core-pure.so
78763697c000-78763697d000 rw-p 00020000 08:01 26087397                   /home/toolchain/development/libc++_replacement/tmp/R11/extracted/38/384bad753156856cc83104d0f5507ec9394ce08916f522e762bbc110ebef1191/usr/lib64/libscl-core-pure.so
78763697d000-787636982000 r--p 00000000 08:01 24301928                   /home/toolchain/development/libc++_replacement/tmp/R11/extracted/65/659fc8bfc2e94f4a2e33025652fed2d7bda7de13295dfc30f18f1e2c4e019181/usr/lib64/libscreen_connector_provider.so.1.9.12
787636982000-787636984000 r-xp 00005000 08:01 24301928                   /home/toolchain/development/libc++_replacement/tmp/R11/extracted/65/659fc8bfc2e94f4a2e33025652fed2d7bda7de13295dfc30f18f1e2c4e019181/usr/lib64/libscreen_connector_provider.so.1.9.12
787636984000-787636986000 r--p 00007000 08:01 24301928                   /home/toolchain/development/libc++_replacement/tmp/R11/extracted/65/659fc8bfc2e94f4a2e33025652fed2d7bda7de13295dfc30f18f1e2c4e019181/usr/lib64/libscreen_connector_provider.so.1.9.12
787636986000-787636987000 r--p 00008000 08:01 24301928                   /home/toolchain/development/libc++_replacement/tmp/R11/extracted/65/659fc8bfc2e94f4a2e33025652fed2d7bda7de13295dfc30f18f1e2c4e019181/usr/lib64/libscreen_connector_provider.so.1.9.12
787636987000-787636988000 rw-p 00009000 08:01 24301928                   /home/toolchain/development/libc++_replacement/tmp/R11/extracted/65/659fc8bfc2e94f4a2e33025652fed2d7bda7de13295dfc30f18f1e2c4e019181/usr/lib64/libscreen_connector_provider.so.1.9.12
787636988000-78763698b000 r--p 00000000 08:01 25714657                   /home/toolchain/development/libc++_replacement/tmp/R11/extracted/4f/4f31327e0bc6529c97098c661afc209a6fe7e421dd0e3955b0e8e74332a2c8d8/usr/lib64/libappcore-watch-base.so.1.7.25
78763698b000-78763698f000 r-xp 00003000 08:01 25714657                   /home/toolchain/development/libc++_replacement/tmp/R11/extracted/4f/4f31327e0bc6529c97098c661afc209a6fe7e421dd0e3955b0e8e74332a2c8d8/usr/lib64/libappcore-watch-base.so.1.7.25
78763698f000-787636991000 r--p 00007000 08:01 25714657                   /home/toolchain/development/libc++_replacement/tmp/R11/extracted/4f/4f31327e0bc6529c97098c661afc209a6fe7e421dd0e3955b0e8e74332a2c8d8/usr/lib64/libappcore-watch-base.so.1.7.25
787636991000-787636992000 r--p 00009000 08:01 25714657                   /home/toolchain/development/libc++_replacement/tmp/R11/extracted/4f/4f31327e0bc6529c97098c661afc209a6fe7e421dd0e3955b0e8e74332a2c8d8/usr/lib64/libappcore-watch-base.so.1.7.25
787636992000-787636993000 rw-p 0000a000 08:01 25714657                   /home/toolchain/development/libc++_replacement/tmp/R11/extracted/4f/4f31327e0bc6529c97098c661afc209a6fe7e421dd0e3955b0e8e74332a2c8d8/usr/lib64/libappcore-watch-base.so.1.7.25
787636993000-7876369a5000 r--p 00000000 08:01 26085998                   /home/toolchain/development/libc++_replacement/tmp/R11/extracted/e2/e29572431ca7874a71930c026640e708ab48fbc4a8263013f3fa36f4b495e221/usr/lib64/libkey-manager-client.so.1.0.1
7876369a5000-7876369e9000 r-xp 00012000 08:01 26085998                   /home/toolchain/development/libc++_replacement/tmp/R11/extracted/e2/e29572431ca7874a71930c026640e708ab48fbc4a8263013f3fa36f4b495e221/usr/lib64/libkey-manager-client.so.1.0.1
7876369e9000-7876369fd000 r--p 00056000 08:01 26085998                   /home/toolchain/development/libc++_replacement/tmp/R11/extracted/e2/e29572431ca7874a71930c026640e708ab48fbc4a8263013f3fa36f4b495e221/usr/lib64/libkey-manager-client.so.1.0.1
7876369fd000-7876369ff000 r--p 00069000 08:01 26085998                   /home/toolchain/development/libc++_replacement/tmp/R11/extracted/e2/e29572431ca7874a71930c026640e708ab48fbc4a8263013f3fa36f4b495e221/usr/lib64/libkey-manager-client.so.1.0.1
7876369ff000-787636a00000 rw-p 0006b000 08:01 26085998                   /home/toolchain/development/libc++_replacement/tmp/R11/extracted/e2/e29572431ca7874a71930c026640e708ab48fbc4a8263013f3fa36f4b495e221/usr/lib64/libkey-manager-client.so.1.0.1
787636a00000-787636adf000 r--p 00000000 08:01 23622520                   /home/toolchain/development/libc++_replacement/tmp/R11/extracted/25/2512efa180fad6bcd4f6a7e8619366d56808c4e1e6632c25bc57349b6a5bf215/usr/lib64/libcrypto.so.3
787636adf000-787636dad000 r-xp 000df000 08:01 23622520                   /home/toolchain/development/libc++_replacement/tmp/R11/extracted/25/2512efa180fad6bcd4f6a7e8619366d56808c4e1e6632c25bc57349b6a5bf215/usr/lib64/libcrypto.so.3
787636dad000-787636eb7000 r--p 003ad000 08:01 23622520                   /home/toolchain/development/libc++_replacement/tmp/R11/extracted/25/2512efa180fad6bcd4f6a7e8619366d56808c4e1e6632c25bc57349b6a5bf215/usr/lib64/libcrypto.so.3
787636eb7000-787636f2a000 r--p 004b7000 08:01 23622520                   /home/toolchain/development/libc++_replacement/tmp/R11/extracted/25/2512efa180fad6bcd4f6a7e8619366d56808c4e1e6632c25bc57349b6a5bf215/usr/lib64/libcrypto.so.3
787636f2a000-787636f2d000 rw-p 0052a000 08:01 23622520                   /home/toolchain/development/libc++_replacement/tmp/R11/extracted/25/2512efa180fad6bcd4f6a7e8619366d56808c4e1e6632c25bc57349b6a5bf215/usr/lib64/libcrypto.so.3
787636f2d000-787636f30000 rw-p 00000000 00:00 0 
787636f30000-787636f31000 r--p 00000000 08:01 23608463                   /home/toolchain/development/libc++_replacement/tmp/R11/extracted/bb/bb95acf2989fecd8ed536d259eb6ce43109882f58a219adcd440fd826537dda7/lib64/librt.so.1
787636f31000-787636f32000 r-xp 00001000 08:01 23608463                   /home/toolchain/development/libc++_replacement/tmp/R11/extracted/bb/bb95acf2989fecd8ed536d259eb6ce43109882f58a219adcd440fd826537dda7/lib64/librt.so.1
787636f32000-787636f33000 r--p 00002000 08:01 23608463                   /home/toolchain/development/libc++_replacement/tmp/R11/extracted/bb/bb95acf2989fecd8ed536d259eb6ce43109882f58a219adcd440fd826537dda7/lib64/librt.so.1
787636f33000-787636f34000 r--p 00002000 08:01 23608463                   /home/toolchain/development/libc++_replacement/tmp/R11/extracted/bb/bb95acf2989fecd8ed536d259eb6ce43109882f58a219adcd440fd826537dda7/lib64/librt.so.1
787636f34000-787636f35000 rw-p 00003000 08:01 23608463                   /home/toolchain/development/libc++_replacement/tmp/R11/extracted/bb/bb95acf2989fecd8ed536d259eb6ce43109882f58a219adcd440fd826537dda7/lib64/librt.so.1
787636f35000-787636f36000 r--p 00000000 08:01 26083979                   /home/toolchain/development/libc++_replacement/tmp/R11/extracted/a2/a2b87e3abccd4ac15a7adea04222a41d57d0255cc0d2d05b678a0ec91ed4a1b8/usr/lib64/libcynara-session.so.0.26.0
787636f36000-787636f37000 r-xp 00001000 08:01 26083979                   /home/toolchain/development/libc++_replacement/tmp/R11/extracted/a2/a2b87e3abccd4ac15a7adea04222a41d57d0255cc0d2d05b678a0ec91ed4a1b8/usr/lib64/libcynara-session.so.0.26.0
787636f37000-787636f38000 r--p 00002000 08:01 26083979                   /home/toolchain/development/libc++_replacement/tmp/R11/extracted/a2/a2b87e3abccd4ac15a7adea04222a41d57d0255cc0d2d05b678a0ec91ed4a1b8/usr/lib64/libcynara-session.so.0.26.0
787636f38000-787636f39000 r--p 00002000 08:01 26083979                   /home/toolchain/development/libc++_replacement/tmp/R11/extracted/a2/a2b87e3abccd4ac15a7adea04222a41d57d0255cc0d2d05b678a0ec91ed4a1b8/usr/lib64/libcynara-session.so.0.26.0
787636f39000-787636f3a000 rw-p 00003000 08:01 26083979                   /home/toolchain/development/libc++_replacement/tmp/R11/extracted/a2/a2b87e3abccd4ac15a7adea04222a41d57d0255cc0d2d05b678a0ec91ed4a1b8/usr/lib64/libcynara-session.so.0.26.0
787636f3a000-787636f40000 r--p 00000000 08:01 26003866                   /home/toolchain/development/libc++_replacement/tmp/R11/extracted/5a/5a97d8dca1bb0c2cdad122b990baa23342fc9c207efac0dc81df57a1feaa4c12/usr/lib64/liblaunchpad-common.so.0.50.17
787636f40000-787636f46000 r-xp 00006000 08:01 26003866                   /home/toolchain/development/libc++_replacement/tmp/R11/extracted/5a/5a97d8dca1bb0c2cdad122b990baa23342fc9c207efac0dc81df57a1feaa4c12/usr/lib64/liblaunchpad-common.so.0.50.17
787636f46000-787636f49000 r--p 0000c000 08:01 26003866                   /home/toolchain/development/libc++_replacement/tmp/R11/extracted/5a/5a97d8dca1bb0c2cdad122b990baa23342fc9c207efac0dc81df57a1feaa4c12/usr/lib64/liblaunchpad-common.so.0.50.17
787636f49000-787636f4a000 r--p 0000e000 08:01 26003866                   /home/toolchain/development/libc++_replacement/tmp/R11/extracted/5a/5a97d8dca1bb0c2cdad122b990baa23342fc9c207efac0dc81df57a1feaa4c12/usr/lib64/liblaunchpad-common.so.0.50.17
787636f4a000-787636f4b000 rw-p 0000f000 08:01 26003866                   /home/toolchain/development/libc++_replacement/tmp/R11/extracted/5a/5a97d8dca1bb0c2cdad122b990baa23342fc9c207efac0dc81df57a1feaa4c12/usr/lib64/liblaunchpad-common.so.0.50.17
787636f4b000-787636f69000 r--p 00000000 08:01 26003868                   /home/toolchain/development/libc++_replacement/tmp/R11/extracted/5a/5a97d8dca1bb0c2cdad122b990baa23342fc9c207efac0dc81df57a1feaa4c12/usr/lib64/liblaunchpad-core.so.0.50.17
787636f69000-787636f8c000 r-xp 0001e000 08:01 26003868                   /home/toolchain/development/libc++_replacement/tmp/R11/extracted/5a/5a97d8dca1bb0c2cdad122b990baa23342fc9c207efac0dc81df57a1feaa4c12/usr/lib64/liblaunchpad-core.so.0.50.17
787636f8c000-787636f9a000 r--p 00041000 08:01 26003868                   /home/toolchain/development/libc++_replacement/tmp/R11/extracted/5a/5a97d8dca1bb0c2cdad122b990baa23342fc9c207efac0dc81df57a1feaa4c12/usr/lib64/liblaunchpad-core.so.0.50.17
787636f9a000-787636f9b000 r--p 0004f000 08:01 26003868                   /home/toolchain/development/libc++_replacement/tmp/R11/extracted/5a/5a97d8dca1bb0c2cdad122b990baa23342fc9c207efac0dc81df57a1feaa4c12/usr/lib64/liblaunchpad-core.so.0.50.17
787636f9b000-787636f9d000 rw-p 00050000 08:01 26003868                   /home/toolchain/development/libc++_replacement/tmp/R11/extracted/5a/5a97d8dca1bb0c2cdad122b990baa23342fc9c207efac0dc81df57a1feaa4c12/usr/lib64/liblaunchpad-core.so.0.50.17
787636f9d000-787636fa1000 r--p 00000000 08:01 26227755                   /home/toolchain/development/libc++_replacement/tmp/R11/extracted/48/48779668c7452fc44f8d8610b04f29a911bcba3f2954610b88ff8d9be7452910/usr/lib64/libtanchor-runtime.so.2.1.2
787636fa1000-787636fac000 r-xp 00004000 08:01 26227755                   /home/toolchain/development/libc++_replacement/tmp/R11/extracted/48/48779668c7452fc44f8d8610b04f29a911bcba3f2954610b88ff8d9be7452910/usr/lib64/libtanchor-runtime.so.2.1.2
787636fac000-787636faf000 r--p 0000f000 08:01 26227755                   /home/toolchain/development/libc++_replacement/tmp/R11/extracted/48/48779668c7452fc44f8d8610b04f29a911bcba3f2954610b88ff8d9be7452910/usr/lib64/libtanchor-runtime.so.2.1.2
787636faf000-787636fb0000 rw-p 00011000 08:01 26227755                   /home/toolchain/development/libc++_replacement/tmp/R11/extracted/48/48779668c7452fc44f8d8610b04f29a911bcba3f2954610b88ff8d9be7452910/usr/lib64/libtanchor-runtime.so.2.1.2
787636fb0000-787636fb3000 r--p 00000000 08:01 26083852                   /home/toolchain/development/libc++_replacement/tmp/R11/extracted/ae/ae6d59bf045464a126e47576a411ecb597b3902b4ae35fd327d0d75604a8f6b9/usr/lib64/libcynara-creds-commons.so.0.26.0
787636fb3000-787636fb7000 r-xp 00003000 08:01 26083852                   /home/toolchain/development/libc++_replacement/tmp/R11/extracted/ae/ae6d59bf045464a126e47576a411ecb597b3902b4ae35fd327d0d75604a8f6b9/usr/lib64/libcynara-creds-commons.so.0.26.0
787636fb7000-787636fb8000 r--p 00007000 08:01 26083852                   /home/toolchain/development/libc++_replacement/tmp/R11/extracted/ae/ae6d59bf045464a126e47576a411ecb597b3902b4ae35fd327d0d75604a8f6b9/usr/lib64/libcynara-creds-commons.so.0.26.0
787636fb8000-787636fb9000 r--p 00008000 08:01 26083852                   /home/toolchain/development/libc++_replacement/tmp/R11/extracted/ae/ae6d59bf045464a126e47576a411ecb597b3902b4ae35fd327d0d75604a8f6b9/usr/lib64/libcynara-creds-commons.so.0.26.0
787636fb9000-787636fba000 rw-p 00009000 08:01 26083852                   /home/toolchain/development/libc++_replacement/tmp/R11/extracted/ae/ae6d59bf045464a126e47576a411ecb597b3902b4ae35fd327d0d75604a8f6b9/usr/lib64/libcynara-creds-commons.so.0.26.0
787636fba000-787636fbc000 r--p 00000000 08:01 26084007                   /home/toolchain/development/libc++_replacement/tmp/R11/extracted/10/102f6e6390f451cd238ea1f34257f312aca6774a938014000bb4e7c1a1cf843c/usr/lib64/libcynara-uid-creds.so..26.0
787636fbc000-787636fbe000 r-xp 00002000 08:01 26084007                   /home/toolchain/development/libc++_replacement/tmp/R11/extracted/10/102f6e6390f451cd238ea1f34257f312aca6774a938014000bb4e7c1a1cf843c/usr/lib64/libcynara-uid-creds.so..26.0
787636fbe000-787636fbf000 r--p 00004000 08:01 26084007                   /home/toolchain/development/libc++_replacement/tmp/R11/extracted/10/102f6e6390f451cd238ea1f34257f312aca6774a938014000bb4e7c1a1cf843c/usr/lib64/libcynara-uid-creds.so..26.0
787636fbf000-787636fc0000 r--p 00004000 08:01 26084007                   /home/toolchain/development/libc++_replacement/tmp/R11/extracted/10/102f6e6390f451cd238ea1f34257f312aca6774a938014000bb4e7c1a1cf843c/usr/lib64/libcynara-uid-creds.so..26.0
787636fc0000-787636fc1000 rw-p 00005000 08:01 26084007                   /home/toolchain/development/libc++_replacement/tmp/R11/extracted/10/102f6e6390f451cd238ea1f34257f312aca6774a938014000bb4e7c1a1cf843c/usr/lib64/libcynara-uid-creds.so..26.0
787636fc1000-787636fe9000 r--p 00000000 08:01 26083862                   /home/toolchain/development/libc++_replacement/tmp/R11/extracted/c8/c8bacdec0892151fce20caf11add70ce706e389477e74203beec2f6b651c52b8/usr/lib64/libcynara-commons.so.0.26.0
787636fe9000-78763701d000 r-xp 00028000 08:01 26083862                   /home/toolchain/development/libc++_replacement/tmp/R11/extracted/c8/c8bacdec0892151fce20caf11add70ce706e389477e74203beec2f6b651c52b8/usr/lib64/libcynara-commons.so.0.26.0
78763701d000-78763702d000 r--p 0005c000 08:01 26083862                   /home/toolchain/development/libc++_replacement/tmp/R11/extracted/c8/c8bacdec0892151fce20caf11add70ce706e389477e74203beec2f6b651c52b8/usr/lib64/libcynara-commons.so.0.26.0
78763702d000-787637031000 r--p 0006b000 08:01 26083862                   /home/toolchain/development/libc++_replacement/tmp/R11/extracted/c8/c8bacdec0892151fce20caf11add70ce706e389477e74203beec2f6b651c52b8/usr/lib64/libcynara-commons.so.0.26.0
787637031000-787637032000 rw-p 0006f000 08:01 26083862                   /home/toolchain/development/libc++_replacement/tmp/R11/extracted/c8/c8bacdec0892151fce20caf11add70ce706e389477e74203beec2f6b651c52b8/usr/lib64/libcynara-commons.so.0.26.0
787637032000-787637036000 r--p 00000000 08:01 26083837                   /home/toolchain/development/libc++_replacement/tmp/R11/extracted/95/95baaefb26a50408eb4d7f5426aa17e1af2d62788151eb7b2113e095e0adcc37/usr/lib64/libcynara-client-commons.so.0.26.0
787637036000-78763703b000 r-xp 00004000 08:01 26083837                   /home/toolchain/development/libc++_replacement/tmp/R11/extracted/95/95baaefb26a50408eb4d7f5426aa17e1af2d62788151eb7b2113e095e0adcc37/usr/lib64/libcynara-client-commons.so.0.26.0
78763703b000-78763703c000 r--p 00009000 08:01 26083837                   /home/toolchain/development/libc++_replacement/tmp/R11/extracted/95/95baaefb26a50408eb4d7f5426aa17e1af2d62788151eb7b2113e095e0adcc37/usr/lib64/libcynara-client-commons.so.0.26.0
78763703c000-78763703d000 r--p 0000a000 08:01 26083837                   /home/toolchain/development/libc++_replacement/tmp/R11/extracted/95/95baaefb26a50408eb4d7f5426aa17e1af2d62788151eb7b2113e095e0adcc37/usr/lib64/libcynara-client-commons.so.0.26.0
78763703d000-78763703e000 rw-p 0000b000 08:01 26083837                   /home/toolchain/development/libc++_replacement/tmp/R11/extracted/95/95baaefb26a50408eb4d7f5426aa17e1af2d62788151eb7b2113e095e0adcc37/usr/lib64/libcynara-client-commons.so.0.26.0
78763703e000-787637047000 r--p 00000000 08:01 26085907                   /home/toolchain/development/libc++_replacement/tmp/R11/extracted/d0/d0de50bf206b3d54c4d73143135d61d6a880493204c7703569193ef661265689/usr/lib64/libjson-glib-1.0.so.0.800.0
787637047000-78763705b000 r-xp 00009000 08:01 26085907                   /home/toolchain/development/libc++_replacement/tmp/R11/extracted/d0/d0de50bf206b3d54c4d73143135d61d6a880493204c7703569193ef661265689/usr/lib64/libjson-glib-1.0.so.0.800.0
78763705b000-787637064000 r--p 0001d000 08:01 26085907                   /home/toolchain/development/libc++_replacement/tmp/R11/extracted/d0/d0de50bf206b3d54c4d73143135d61d6a880493204c7703569193ef661265689/usr/lib64/libjson-glib-1.0.so.0.800.0
787637064000-787637065000 r--p 00026000 08:01 26085907                   /home/toolchain/development/libc++_replacement/tmp/R11/extracted/d0/d0de50bf206b3d54c4d73143135d61d6a880493204c7703569193ef661265689/usr/lib64/libjson-glib-1.0.so.0.800.0
787637065000-787637066000 rw-p 00027000 08:01 26085907                   /home/toolchain/development/libc++_replacement/tmp/R11/extracted/d0/d0de50bf206b3d54c4d73143135d61d6a880493204c7703569193ef661265689/usr/lib64/libjson-glib-1.0.so.0.800.0
787637066000-787637067000 r--p 00000000 08:01 25716645                   /home/toolchain/development/libc++_replacement/tmp/R11/extracted/69/69a66bf21fe7e6ba583831be02eab8b25eb5b9e842da34e562195d8b1fe607ca/usr/lib64/libaul-blink.so.0.84.11
787637067000-787637068000 r-xp 00001000 08:01 25716645                   /home/toolchain/development/libc++_replacement/tmp/R11/extracted/69/69a66bf21fe7e6ba583831be02eab8b25eb5b9e842da34e562195d8b1fe607ca/usr/lib64/libaul-blink.so.0.84.11
787637068000-787637069000 r--p 00002000 08:01 25716645                   /home/toolchain/development/libc++_replacement/tmp/R11/extracted/69/69a66bf21fe7e6ba583831be02eab8b25eb5b9e842da34e562195d8b1fe607ca/usr/lib64/libaul-blink.so.0.84.11
787637069000-78763706a000 r--p 00002000 08:01 25716645                   /home/toolchain/development/libc++_replacement/tmp/R11/extracted/69/69a66bf21fe7e6ba583831be02eab8b25eb5b9e842da34e562195d8b1fe607ca/usr/lib64/libaul-blink.so.0.84.11
78763706a000-78763706b000 rw-p 00003000 08:01 25716645                   /home/toolchain/development/libc++_replacement/tmp/R11/extracted/69/69a66bf21fe7e6ba583831be02eab8b25eb5b9e842da34e562195d8b1fe607ca/usr/lib64/libaul-blink.so.0.84.11
78763706b000-78763706d000 r--p 00000000 08:01 23624162                   /home/toolchain/development/libc++_replacement/tmp/R11/extracted/1e/1ef38dd1b74597d1e4a56b8f9c786954bd0dcdebd9261f07845c7225b8027830/usr/lib64/libunwind-x86_64.so.8.0.1
78763706d000-787637078000 r-xp 00002000 08:01 23624162                   /home/toolchain/development/libc++_replacement/tmp/R11/extracted/1e/1ef38dd1b74597d1e4a56b8f9c786954bd0dcdebd9261f07845c7225b8027830/usr/lib64/libunwind-x86_64.so.8.0.1
787637078000-78763707a000 r--p 0000d000 08:01 23624162                   /home/toolchain/development/libc++_replacement/tmp/R11/extracted/1e/1ef38dd1b74597d1e4a56b8f9c786954bd0dcdebd9261f07845c7225b8027830/usr/lib64/libunwind-x86_64.so.8.0.1
78763707a000-78763707b000 r--p 0000e000 08:01 23624162                   /home/toolchain/development/libc++_replacement/tmp/R11/extracted/1e/1ef38dd1b74597d1e4a56b8f9c786954bd0dcdebd9261f07845c7225b8027830/usr/lib64/libunwind-x86_64.so.8.0.1
78763707b000-78763707c000 rw-p 0000f000 08:01 23624162                   /home/toolchain/development/libc++_replacement/tmp/R11/extracted/1e/1ef38dd1b74597d1e4a56b8f9c786954bd0dcdebd9261f07845c7225b8027830/usr/lib64/libunwind-x86_64.so.8.0.1
78763707c000-787637086000 rw-p 00000000 00:00 0 
787637086000-787637087000 r--p 00000000 08:01 23624158                   /home/toolchain/development/libc++_replacement/tmp/R11/extracted/1e/1ef38dd1b74597d1e4a56b8f9c786954bd0dcdebd9261f07845c7225b8027830/usr/lib64/libunwind-ptrace.so.0.0.0
787637087000-787637088000 r-xp 00001000 08:01 23624158                   /home/toolchain/development/libc++_replacement/tmp/R11/extracted/1e/1ef38dd1b74597d1e4a56b8f9c786954bd0dcdebd9261f07845c7225b8027830/usr/lib64/libunwind-ptrace.so.0.0.0
787637088000-787637089000 r--p 00002000 08:01 23624158                   /home/toolchain/development/libc++_replacement/tmp/R11/extracted/1e/1ef38dd1b74597d1e4a56b8f9c786954bd0dcdebd9261f07845c7225b8027830/usr/lib64/libunwind-ptrace.so.0.0.0
787637089000-78763708a000 r--p 00002000 08:01 23624158                   /home/toolchain/development/libc++_replacement/tmp/R11/extracted/1e/1ef38dd1b74597d1e4a56b8f9c786954bd0dcdebd9261f07845c7225b8027830/usr/lib64/libunwind-ptrace.so.0.0.0
78763708a000-78763708b000 rw-p 00003000 08:01 23624158                   /home/toolchain/development/libc++_replacement/tmp/R11/extracted/1e/1ef38dd1b74597d1e4a56b8f9c786954bd0dcdebd9261f07845c7225b8027830/usr/lib64/libunwind-ptrace.so.0.0.0
78763708b000-78763708c000 r--p 00000000 08:01 23730792                   /home/toolchain/development/libc++_replacement/tmp/R11/extracted/32/329d860de7686bbbfef78f591376fc8f38d82a65c6067d221f5543ebc3de5133/usr/lib64/libxdgmime.so.1.1.0
78763708c000-787637093000 r-xp 00001000 08:01 23730792                   /home/toolchain/development/libc++_replacement/tmp/R11/extracted/32/329d860de7686bbbfef78f591376fc8f38d82a65c6067d221f5543ebc3de5133/usr/lib64/libxdgmime.so.1.1.0
787637093000-787637095000 r--p 00008000 08:01 23730792                   /home/toolchain/development/libc++_replacement/tmp/R11/extracted/32/329d860de7686bbbfef78f591376fc8f38d82a65c6067d221f5543ebc3de5133/usr/lib64/libxdgmime.so.1.1.0
787637095000-787637096000 r--p 00009000 08:01 23730792                   /home/toolchain/development/libc++_replacement/tmp/R11/extracted/32/329d860de7686bbbfef78f591376fc8f38d82a65c6067d221f5543ebc3de5133/usr/lib64/libxdgmime.so.1.1.0
787637096000-787637097000 rw-p 0000a000 08:01 23730792                   /home/toolchain/development/libc++_replacement/tmp/R11/extracted/32/329d860de7686bbbfef78f591376fc8f38d82a65c6067d221f5543ebc3de5133/usr/lib64/libxdgmime.so.1.1.0
787637097000-787637099000 r--p 00000000 08:01 23624206                   /home/toolchain/development/libc++_replacement/tmp/R11/extracted/86/86b520ddf58ec7421d4799f0006593ddf54ecca040d5ae98b724c2199b2dabd1/usr/lib64/libuuid.so.1.3.0
787637099000-78763709d000 r-xp 00002000 08:01 23624206                   /home/toolchain/development/libc++_replacement/tmp/R11/extracted/86/86b520ddf58ec7421d4799f0006593ddf54ecca040d5ae98b724c2199b2dabd1/usr/lib64/libuuid.so.1.3.0
78763709d000-78763709e000 r--p 00006000 08:01 23624206                   /home/toolchain/development/libc++_replacement/tmp/R11/extracted/86/86b520ddf58ec7421d4799f0006593ddf54ecca040d5ae98b724c2199b2dabd1/usr/lib64/libuuid.so.1.3.0
78763709e000-78763709f000 r--p 00006000 08:01 23624206                   /home/toolchain/development/libc++_replacement/tmp/R11/extracted/86/86b520ddf58ec7421d4799f0006593ddf54ecca040d5ae98b724c2199b2dabd1/usr/lib64/libuuid.so.1.3.0
78763709f000-7876370a0000 rw-p 00007000 08:01 23624206                   /home/toolchain/development/libc++_replacement/tmp/R11/extracted/86/86b520ddf58ec7421d4799f0006593ddf54ecca040d5ae98b724c2199b2dabd1/usr/lib64/libuuid.so.1.3.0
7876370a0000-7876370a4000 r--p 00000000 08:01 15387897                   /home/toolchain/development/libc++_replacement/tmp/R11/extracted/2a/2a95dadaf5b23b0bc3e5c8608eaefd85ceb73d4c5dadb1a3abce13f4579e949e/usr/lib64/libexpat.so.1.11.1
7876370a4000-7876370bc000 r-xp 00004000 08:01 15387897                   /home/toolchain/development/libc++_replacement/tmp/R11/extracted/2a/2a95dadaf5b23b0bc3e5c8608eaefd85ceb73d4c5dadb1a3abce13f4579e949e/usr/lib64/libexpat.so.1.11.1
7876370bc000-7876370c4000 r--p 0001c000 08:01 15387897                   /home/toolchain/development/libc++_replacement/tmp/R11/extracted/2a/2a95dadaf5b23b0bc3e5c8608eaefd85ceb73d4c5dadb1a3abce13f4579e949e/usr/lib64/libexpat.so.1.11.1
7876370c4000-7876370c6000 r--p 00023000 08:01 15387897                   /home/toolchain/development/libc++_replacement/tmp/R11/extracted/2a/2a95dadaf5b23b0bc3e5c8608eaefd85ceb73d4c5dadb1a3abce13f4579e949e/usr/lib64/libexpat.so.1.11.1
7876370c6000-7876370c7000 rw-p 00025000 08:01 15387897                   /home/toolchain/development/libc++_replacement/tmp/R11/extracted/2a/2a95dadaf5b23b0bc3e5c8608eaefd85ceb73d4c5dadb1a3abce13f4579e949e/usr/lib64/libexpat.so.1.11.1
7876370c7000-7876370d8000 r--p 00000000 08:01 25861434                   /home/toolchain/development/libc++_replacement/tmp/R11/extracted/81/81f15d544a17a15af43bbf75dd529db933bd56a6de08c2ea5c3aa6c8b57a251c/usr/lib64/libespplayer-core.so
7876370d8000-7876370e3000 r-xp 00011000 08:01 25861434                   /home/toolchain/development/libc++_replacement/tmp/R11/extracted/81/81f15d544a17a15af43bbf75dd529db933bd56a6de08c2ea5c3aa6c8b57a251c/usr/lib64/libespplayer-core.so
7876370e3000-7876370e9000 r--p 0001c000 08:01 25861434                   /home/toolchain/development/libc++_replacement/tmp/R11/extracted/81/81f15d544a17a15af43bbf75dd529db933bd56a6de08c2ea5c3aa6c8b57a251c/usr/lib64/libespplayer-core.so
7876370e9000-7876370ea000 r--p 00022000 08:01 25861434                   /home/toolchain/development/libc++_replacement/tmp/R11/extracted/81/81f15d544a17a15af43bbf75dd529db933bd56a6de08c2ea5c3aa6c8b57a251c/usr/lib64/libespplayer-core.so
7876370ea000-7876370eb000 rw-p 00023000 08:01 25861434                   /home/toolchain/development/libc++_replacement/tmp/R11/extracted/81/81f15d544a17a15af43bbf75dd529db933bd56a6de08c2ea5c3aa6c8b57a251c/usr/lib64/libespplayer-core.so
7876370eb000-78763711a000 r--p 00000000 08:01 25958106                   /home/toolchain/development/libc++_replacement/tmp/R11/extracted/0a/0ab9bebb936bab8dbefae5ffb0c413112d2b5d6ab922de257b6f5fe29a769b0a/usr/lib64/libgstreamer-1.0.so.0.2411.0
78763711a000-7876371c6000 r-xp 0002f000 08:01 25958106                   /home/toolchain/development/libc++_replacement/tmp/R11/extracted/0a/0ab9bebb936bab8dbefae5ffb0c413112d2b5d6ab922de257b6f5fe29a769b0a/usr/lib64/libgstreamer-1.0.so.0.2411.0
7876371c6000-787637212000 r--p 000db000 08:01 25958106                   /home/toolchain/development/libc++_replacement/tmp/R11/extracted/0a/0ab9bebb936bab8dbefae5ffb0c413112d2b5d6ab922de257b6f5fe29a769b0a/usr/lib64/libgstreamer-1.0.so.0.2411.0
787637212000-787637217000 r--p 00127000 08:01 25958106                   /home/toolchain/development/libc++_replacement/tmp/R11/extracted/0a/0ab9bebb936bab8dbefae5ffb0c413112d2b5d6ab922de257b6f5fe29a769b0a/usr/lib64/libgstreamer-1.0.so.0.2411.0
787637217000-78763721a000 rw-p 0012c000 08:01 25958106                   /home/toolchain/development/libc++_replacement/tmp/R11/extracted/0a/0ab9bebb936bab8dbefae5ffb0c413112d2b5d6ab922de257b6f5fe29a769b0a/usr/lib64/libgstreamer-1.0.so.0.2411.0
78763721a000-78763721b000 rw-p 00000000 00:00 0 
78763721b000-787637227000 r--p 00000000 08:01 16961826                   /home/toolchain/development/libc++_replacement/tmp/R11/extracted/4e/4ea9cb9ada8f65fed491ea1ea3c1dff68fb2d17ab664232b15c0d7649dbb618e/usr/lib64/libpulse.so.0.24.0
787637227000-787637252000 r-xp 0000c000 08:01 16961826                   /home/toolchain/development/libc++_replacement/tmp/R11/extracted/4e/4ea9cb9ada8f65fed491ea1ea3c1dff68fb2d17ab664232b15c0d7649dbb618e/usr/lib64/libpulse.so.0.24.0
787637252000-787637266000 r--p 00037000 08:01 16961826                   /home/toolchain/development/libc++_replacement/tmp/R11/extracted/4e/4ea9cb9ada8f65fed491ea1ea3c1dff68fb2d17ab664232b15c0d7649dbb618e/usr/lib64/libpulse.so.0.24.0
787637266000-787637267000 r--p 0004b000 08:01 16961826                   /home/toolchain/development/libc++_replacement/tmp/R11/extracted/4e/4ea9cb9ada8f65fed491ea1ea3c1dff68fb2d17ab664232b15c0d7649dbb618e/usr/lib64/libpulse.so.0.24.0
787637267000-787637268000 rw-p 0004c000 08:01 16961826                   /home/toolchain/development/libc++_replacement/tmp/R11/extracted/4e/4ea9cb9ada8f65fed491ea1ea3c1dff68fb2d17ab664232b15c0d7649dbb618e/usr/lib64/libpulse.so.0.24.0
787637268000-78763726c000 r--p 00000000 08:01 26086508                   /home/toolchain/development/libc++_replacement/tmp/R11/extracted/fc/fc8cfdc9b6706a39fe50ec8b722659ae45c9d3237d9155af55ac6d623a09b29a/usr/lib64/libmmfsound.so.0.1.0
78763726c000-78763727d000 r-xp 00004000 08:01 26086508                   /home/toolchain/development/libc++_replacement/tmp/R11/extracted/fc/fc8cfdc9b6706a39fe50ec8b722659ae45c9d3237d9155af55ac6d623a09b29a/usr/lib64/libmmfsound.so.0.1.0
78763727d000-787637285000 r--p 00015000 08:01 26086508                   /home/toolchain/development/libc++_replacement/tmp/R11/extracted/fc/fc8cfdc9b6706a39fe50ec8b722659ae45c9d3237d9155af55ac6d623a09b29a/usr/lib64/libmmfsound.so.0.1.0
787637285000-787637286000 r--p 0001d000 08:01 26086508                   /home/toolchain/development/libc++_replacement/tmp/R11/extracted/fc/fc8cfdc9b6706a39fe50ec8b722659ae45c9d3237d9155af55ac6d623a09b29a/usr/lib64/libmmfsound.so.0.1.0
787637286000-787637287000 rw-p 0001e000 08:01 26086508                   /home/toolchain/development/libc++_replacement/tmp/R11/extracted/fc/fc8cfdc9b6706a39fe50ec8b722659ae45c9d3237d9155af55ac6d623a09b29a/usr/lib64/libmmfsound.so.0.1.0
787637287000-787637293000 rw-p 00000000 00:00 0 
787637293000-7876372a1000 r--p 00000000 08:01 25713785                   /home/toolchain/development/libc++_replacement/tmp/R11/extracted/e3/e324dc8ff4e9ae834d02077646c043da25c3cf88295dc9c550dd1028e6fda4f4/usr/lib64/libapp-core-ui-cpp.so.1.27.13
7876372a1000-7876372ad000 r-xp 0000e000 08:01 25713785                   /home/toolchain/development/libc++_replacement/tmp/R11/extracted/e3/e324dc8ff4e9ae834d02077646c043da25c3cf88295dc9c550dd1028e6fda4f4/usr/lib64/libapp-core-ui-cpp.so.1.27.13
7876372ad000-7876372b5000 r--p 0001a000 08:01 25713785                   /home/toolchain/development/libc++_replacement/tmp/R11/extracted/e3/e324dc8ff4e9ae834d02077646c043da25c3cf88295dc9c550dd1028e6fda4f4/usr/lib64/libapp-core-ui-cpp.so.1.27.13
7876372b5000-7876372b6000 r--p 00022000 08:01 25713785                   /home/toolchain/development/libc++_replacement/tmp/R11/extracted/e3/e324dc8ff4e9ae834d02077646c043da25c3cf88295dc9c550dd1028e6fda4f4/usr/lib64/libapp-core-ui-cpp.so.1.27.13
7876372b6000-7876372b7000 rw-p 00023000 08:01 25713785                   /home/toolchain/development/libc++_replacement/tmp/R11/extracted/e3/e324dc8ff4e9ae834d02077646c043da25c3cf88295dc9c550dd1028e6fda4f4/usr/lib64/libapp-core-ui-cpp.so.1.27.13
7876372b7000-7876372c0000 r--p 00000000 08:01 25713560                   /home/toolchain/development/libc++_replacement/tmp/R11/extracted/4c/4cdb0d46f299d1d6c7581443ac1b9589318a50b4f7e8f0d97d8a693b63c43982/usr/lib64/libapp-core-cpp.so.1.27.13
7876372c0000-7876372ca000 r-xp 00009000 08:01 25713560                   /home/toolchain/development/libc++_replacement/tmp/R11/extracted/4c/4cdb0d46f299d1d6c7581443ac1b9589318a50b4f7e8f0d97d8a693b63c43982/usr/lib64/libapp-core-cpp.so.1.27.13
7876372ca000-7876372cf000 r--p 00013000 08:01 25713560                   /home/toolchain/development/libc++_replacement/tmp/R11/extracted/4c/4cdb0d46f299d1d6c7581443ac1b9589318a50b4f7e8f0d97d8a693b63c43982/usr/lib64/libapp-core-cpp.so.1.27.13
7876372cf000-7876372d0000 r--p 00017000 08:01 25713560                   /home/toolchain/development/libc++_replacement/tmp/R11/extracted/4c/4cdb0d46f299d1d6c7581443ac1b9589318a50b4f7e8f0d97d8a693b63c43982/usr/lib64/libapp-core-cpp.so.1.27.13
7876372d0000-7876372d1000 rw-p 00018000 08:01 25713560                   /home/toolchain/development/libc++_replacement/tmp/R11/extracted/4c/4cdb0d46f299d1d6c7581443ac1b9589318a50b4f7e8f0d97d8a693b63c43982/usr/lib64/libapp-core-cpp.so.1.27.13
7876372d1000-787637319000 r--p 00000000 08:01 26216520                   /home/toolchain/development/libc++_replacement/tmp/R11/extracted/45/4598648c087d443fbabb84832e2ea61178ff5005883236d4e18be71e3909e9fd/usr/lib64/libsecurity-manager-commons.so.1.0.2
787637319000-7876373d0000 r-xp 00048000 08:01 26216520                   /home/toolchain/development/libc++_replacement/tmp/R11/extracted/45/4598648c087d443fbabb84832e2ea61178ff5005883236d4e18be71e3909e9fd/usr/lib64/libsecurity-manager-commons.so.1.0.2
7876373d0000-7876373f9000 r--p 000ff000 08:01 26216520                   /home/toolchain/development/libc++_replacement/tmp/R11/extracted/45/4598648c087d443fbabb84832e2ea61178ff5005883236d4e18be71e3909e9fd/usr/lib64/libsecurity-manager-commons.so.1.0.2
7876373f9000-7876373fd000 r--p 00127000 08:01 26216520                   /home/toolchain/development/libc++_replacement/tmp/R11/extracted/45/4598648c087d443fbabb84832e2ea61178ff5005883236d4e18be71e3909e9fd/usr/lib64/libsecurity-manager-commons.so.1.0.2
7876373fd000-787637400000 rw-p 0012b000 08:01 26216520                   /home/toolchain/development/libc++_replacement/tmp/R11/extracted/45/4598648c087d443fbabb84832e2ea61178ff5005883236d4e18be71e3909e9fd/usr/lib64/libsecurity-manager-commons.so.1.0.2
787637400000-787637401000 r--p 00000000 08:01 23621923                   /home/toolchain/development/libc++_replacement/tmp/R11/extracted/84/8477c684d513edca7d64706710711e51c74cfc270048526e4cd3604d0dc19c47/usr/lib64/libicudata.so.78.1
787637401000-787637402000 r-xp 00001000 08:01 23621923                   /home/toolchain/development/libc++_replacement/tmp/R11/extracted/84/8477c684d513edca7d64706710711e51c74cfc270048526e4cd3604d0dc19c47/usr/lib64/libicudata.so.78.1
787637402000-787639395000 r--p 00002000 08:01 23621923                   /home/toolchain/development/libc++_replacement/tmp/R11/extracted/84/8477c684d513edca7d64706710711e51c74cfc270048526e4cd3604d0dc19c47/usr/lib64/libicudata.so.78.1
787639395000-787639396000 r--p 01f94000 08:01 23621923                   /home/toolchain/development/libc++_replacement/tmp/R11/extracted/84/8477c684d513edca7d64706710711e51c74cfc270048526e4cd3604d0dc19c47/usr/lib64/libicudata.so.78.1
787639396000-787639397000 rw-p 01f95000 08:01 23621923                   /home/toolchain/development/libc++_replacement/tmp/R11/extracted/84/8477c684d513edca7d64706710711e51c74cfc270048526e4cd3604d0dc19c47/usr/lib64/libicudata.so.78.1
78763939a000-78763939f000 r--p 00000000 08:01 25713650                   /home/toolchain/development/libc++_replacement/tmp/R11/extracted/a1/a10e90c2730b2339da55a2e8159c5552da952a0df10949d27ad1f42496b8ca83/usr/lib64/libapp-core-efl-cpp.so.1.27.13
78763939f000-7876393a2000 r-xp 00005000 08:01 25713650                   /home/toolchain/development/libc++_replacement/tmp/R11/extracted/a1/a10e90c2730b2339da55a2e8159c5552da952a0df10949d27ad1f42496b8ca83/usr/lib64/libapp-core-efl-cpp.so.1.27.13
7876393a2000-7876393a4000 r--p 00008000 08:01 25713650                   /home/toolchain/development/libc++_replacement/tmp/R11/extracted/a1/a10e90c2730b2339da55a2e8159c5552da952a0df10949d27ad1f42496b8ca83/usr/lib64/libapp-core-efl-cpp.so.1.27.13
7876393a4000-7876393a5000 r--p 0000a000 08:01 25713650                   /home/toolchain/development/libc++_replacement/tmp/R11/extracted/a1/a10e90c2730b2339da55a2e8159c5552da952a0df10949d27ad1f42496b8ca83/usr/lib64/libapp-core-efl-cpp.so.1.27.13
7876393a5000-7876393a6000 rw-p 0000b000 08:01 25713650                   /home/toolchain/development/libc++_replacement/tmp/R11/extracted/a1/a10e90c2730b2339da55a2e8159c5552da952a0df10949d27ad1f42496b8ca83/usr/lib64/libapp-core-efl-cpp.so.1.27.13
7876393a6000-7876393a9000 r--p 00000000 08:01 25821477                   /home/toolchain/development/libc++_replacement/tmp/R11/extracted/23/2374eef75f0010963c1f48deae26a5a93cfb8557d2bec6d178bdeae0d9bcf05d/usr/lib64/libcapi-appfw-app-control-uri.so.0.26.2
7876393a9000-7876393ac000 r-xp 00003000 08:01 25821477                   /home/toolchain/development/libc++_replacement/tmp/R11/extracted/23/2374eef75f0010963c1f48deae26a5a93cfb8557d2bec6d178bdeae0d9bcf05d/usr/lib64/libcapi-appfw-app-control-uri.so.0.26.2
7876393ac000-7876393ad000 r--p 00006000 08:01 25821477                   /home/toolchain/development/libc++_replacement/tmp/R11/extracted/23/2374eef75f0010963c1f48deae26a5a93cfb8557d2bec6d178bdeae0d9bcf05d/usr/lib64/libcapi-appfw-app-control-uri.so.0.26.2
7876393ad000-7876393ae000 r--p 00006000 08:01 25821477                   /home/toolchain/development/libc++_replacement/tmp/R11/extracted/23/2374eef75f0010963c1f48deae26a5a93cfb8557d2bec6d178bdeae0d9bcf05d/usr/lib64/libcapi-appfw-app-control-uri.so.0.26.2
7876393ae000-7876393af000 rw-p 00007000 08:01 25821477                   /home/toolchain/development/libc++_replacement/tmp/R11/extracted/23/2374eef75f0010963c1f48deae26a5a93cfb8557d2bec6d178bdeae0d9bcf05d/usr/lib64/libcapi-appfw-app-control-uri.so.0.26.2
7876393af000-7876393b2000 r--p 00000000 08:01 23619595                   /home/toolchain/development/libc++_replacement/tmp/R11/extracted/ec/ec3179ae94651944470bddefd2683695b1053a940c8794d882e302581b1b70b9/usr/lib64/libcap.so.2.73
7876393b2000-7876393b6000 r-xp 00003000 08:01 23619595                   /home/toolchain/development/libc++_replacement/tmp/R11/extracted/ec/ec3179ae94651944470bddefd2683695b1053a940c8794d882e302581b1b70b9/usr/lib64/libcap.so.2.73
7876393b6000-7876393b8000 r--p 00007000 08:01 23619595                   /home/toolchain/development/libc++_replacement/tmp/R11/extracted/ec/ec3179ae94651944470bddefd2683695b1053a940c8794d882e302581b1b70b9/usr/lib64/libcap.so.2.73
7876393b8000-7876393b9000 r--p 00008000 08:01 23619595                   /home/toolchain/development/libc++_replacement/tmp/R11/extracted/ec/ec3179ae94651944470bddefd2683695b1053a940c8794d882e302581b1b70b9/usr/lib64/libcap.so.2.73
7876393b9000-7876393ba000 rw-p 00009000 08:01 23619595                   /home/toolchain/development/libc++_replacement/tmp/R11/extracted/ec/ec3179ae94651944470bddefd2683695b1053a940c8794d882e302581b1b70b9/usr/lib64/libcap.so.2.73
7876393ba000-7876393bb000 r--p 00000000 08:01 25827108                   /home/toolchain/development/libc++_replacement/tmp/R11/extracted/22/22ea91dce08a72f94e8ca1712d5180f50c3c731e75196a96a9b85ff893f0f2fc/usr/lib64/libcontext-sensor-recorder-client.so.4.0.1
7876393bb000-7876393bc000 r-xp 00001000 08:01 25827108                   /home/toolchain/development/libc++_replacement/tmp/R11/extracted/22/22ea91dce08a72f94e8ca1712d5180f50c3c731e75196a96a9b85ff893f0f2fc/usr/lib64/libcontext-sensor-recorder-client.so.4.0.1
7876393bc000-7876393bd000 r--p 00002000 08:01 25827108                   /home/toolchain/development/libc++_replacement/tmp/R11/extracted/22/22ea91dce08a72f94e8ca1712d5180f50c3c731e75196a96a9b85ff893f0f2fc/usr/lib64/libcontext-sensor-recorder-client.so.4.0.1
7876393bd000-7876393be000 r--p 00002000 08:01 25827108                   /home/toolchain/development/libc++_replacement/tmp/R11/extracted/22/22ea91dce08a72f94e8ca1712d5180f50c3c731e75196a96a9b85ff893f0f2fc/usr/lib64/libcontext-sensor-recorder-client.so.4.0.1
7876393be000-7876393bf000 rw-p 00003000 08:01 25827108                   /home/toolchain/development/libc++_replacement/tmp/R11/extracted/22/22ea91dce08a72f94e8ca1712d5180f50c3c731e75196a96a9b85ff893f0f2fc/usr/lib64/libcontext-sensor-recorder-client.so.4.0.1
7876393bf000-7876393cb000 r--p 00000000 08:01 26216662                   /home/toolchain/development/libc++_replacement/tmp/R11/extracted/a8/a873bbfabe29509bf0f4360077ee38885cb185b8a0aa23619b22414eda90b560/usr/lib64/libsensor.so.10.0.0
7876393cb000-7876393ed000 r-xp 0000c000 08:01 26216662                   /home/toolchain/development/libc++_replacement/tmp/R11/extracted/a8/a873bbfabe29509bf0f4360077ee38885cb185b8a0aa23619b22414eda90b560/usr/lib64/libsensor.so.10.0.0
7876393ed000-7876393f8000 r--p 0002e000 08:01 26216662                   /home/toolchain/development/libc++_replacement/tmp/R11/extracted/a8/a873bbfabe29509bf0f4360077ee38885cb185b8a0aa23619b22414eda90b560/usr/lib64/libsensor.so.10.0.0
7876393f8000-7876393f9000 r--p 00039000 08:01 26216662                   /home/toolchain/development/libc++_replacement/tmp/R11/extracted/a8/a873bbfabe29509bf0f4360077ee38885cb185b8a0aa23619b22414eda90b560/usr/lib64/libsensor.so.10.0.0
7876393f9000-7876393fa000 rw-p 0003a000 08:01 26216662                   /home/toolchain/development/libc++_replacement/tmp/R11/extracted/a8/a873bbfabe29509bf0f4360077ee38885cb185b8a0aa23619b22414eda90b560/usr/lib64/libsensor.so.10.0.0
7876393fa000-7876393fb000 r--p 00000000 08:01 23629635                   /home/toolchain/development/libc++_replacement/tmp/R11/extracted/1b/1b1e0c06f14e8cdd3e58db640159ac4e12089b52793ac3f1f73079d5be9493b5/usr/lib64/libplds4.so
7876393fb000-7876393fc000 r-xp 00001000 08:01 23629635                   /home/toolchain/development/libc++_replacement/tmp/R11/extracted/1b/1b1e0c06f14e8cdd3e58db640159ac4e12089b52793ac3f1f73079d5be9493b5/usr/lib64/libplds4.so
7876393fc000-7876393fd000 r--p 00002000 08:01 23629635                   /home/toolchain/development/libc++_replacement/tmp/R11/extracted/1b/1b1e0c06f14e8cdd3e58db640159ac4e12089b52793ac3f1f73079d5be9493b5/usr/lib64/libplds4.so
7876393fd000-7876393fe000 r--p 00002000 08:01 23629635                   /home/toolchain/development/libc++_replacement/tmp/R11/extracted/1b/1b1e0c06f14e8cdd3e58db640159ac4e12089b52793ac3f1f73079d5be9493b5/usr/lib64/libplds4.so
7876393fe000-7876393ff000 rw-p 00003000 08:01 23629635                   /home/toolchain/development/libc++_replacement/tmp/R11/extracted/1b/1b1e0c06f14e8cdd3e58db640159ac4e12089b52793ac3f1f73079d5be9493b5/usr/lib64/libplds4.so
7876393ff000-787639401000 r--p 00000000 08:01 23629634                   /home/toolchain/development/libc++_replacement/tmp/R11/extracted/1b/1b1e0c06f14e8cdd3e58db640159ac4e12089b52793ac3f1f73079d5be9493b5/usr/lib64/libplc4.so
787639401000-787639403000 r-xp 00002000 08:01 23629634                   /home/toolchain/development/libc++_replacement/tmp/R11/extracted/1b/1b1e0c06f14e8cdd3e58db640159ac4e12089b52793ac3f1f73079d5be9493b5/usr/lib64/libplc4.so
787639403000-787639404000 r--p 00004000 08:01 23629634                   /home/toolchain/development/libc++_replacement/tmp/R11/extracted/1b/1b1e0c06f14e8cdd3e58db640159ac4e12089b52793ac3f1f73079d5be9493b5/usr/lib64/libplc4.so
787639404000-787639405000 r--p 00004000 08:01 23629634                   /home/toolchain/development/libc++_replacement/tmp/R11/extracted/1b/1b1e0c06f14e8cdd3e58db640159ac4e12089b52793ac3f1f73079d5be9493b5/usr/lib64/libplc4.so
787639405000-787639406000 rw-p 00005000 08:01 23629634                   /home/toolchain/development/libc++_replacement/tmp/R11/extracted/1b/1b1e0c06f14e8cdd3e58db640159ac4e12089b52793ac3f1f73079d5be9493b5/usr/lib64/libplc4.so
787639406000-787639408000 r--p 00000000 08:01 23621269                   /home/toolchain/development/libc++_replacement/tmp/R11/extracted/10/108f5b4fc21dc6d5b0c38339454b4a7e9dcb88deeec25fd062d6cdad4f4a98c0/usr/lib64/libffi.so.8.1.4
787639408000-787639411000 r-xp 00002000 08:01 23621269                   /home/toolchain/development/libc++_replacement/tmp/R11/extracted/10/108f5b4fc21dc6d5b0c38339454b4a7e9dcb88deeec25fd062d6cdad4f4a98c0/usr/lib64/libffi.so.8.1.4
787639411000-787639412000 r--p 0000b000 08:01 23621269                   /home/toolchain/development/libc++_replacement/tmp/R11/extracted/10/108f5b4fc21dc6d5b0c38339454b4a7e9dcb88deeec25fd062d6cdad4f4a98c0/usr/lib64/libffi.so.8.1.4
787639412000-787639413000 r--p 0000c000 08:01 23621269                   /home/toolchain/development/libc++_replacement/tmp/R11/extracted/10/108f5b4fc21dc6d5b0c38339454b4a7e9dcb88deeec25fd062d6cdad4f4a98c0/usr/lib64/libffi.so.8.1.4
787639413000-787639414000 rw-p 0000d000 08:01 23621269                   /home/toolchain/development/libc++_replacement/tmp/R11/extracted/10/108f5b4fc21dc6d5b0c38339454b4a7e9dcb88deeec25fd062d6cdad4f4a98c0/usr/lib64/libffi.so.8.1.4
787639414000-787639415000 r--p 00000000 08:01 26089374                   /home/toolchain/development/libc++_replacement/tmp/R11/extracted/6e/6ea88a8be40d0a02d31f2d7f5b7e998e43bda209403c740d6385dc2b6b965039/usr/lib64/libcursor-shape-v1-client.so.0.0.0
787639415000-787639416000 r-xp 00001000 08:01 26089374                   /home/toolchain/development/libc++_replacement/tmp/R11/extracted/6e/6ea88a8be40d0a02d31f2d7f5b7e998e43bda209403c740d6385dc2b6b965039/usr/lib64/libcursor-shape-v1-client.so.0.0.0
787639416000-787639417000 r--p 00002000 08:01 26089374                   /home/toolchain/development/libc++_replacement/tmp/R11/extracted/6e/6ea88a8be40d0a02d31f2d7f5b7e998e43bda209403c740d6385dc2b6b965039/usr/lib64/libcursor-shape-v1-client.so.0.0.0
787639417000-787639418000 r--p 00002000 08:01 26089374                   /home/toolchain/development/libc++_replacement/tmp/R11/extracted/6e/6ea88a8be40d0a02d31f2d7f5b7e998e43bda209403c740d6385dc2b6b965039/usr/lib64/libcursor-shape-v1-client.so.0.0.0
787639418000-787639419000 rw-p 00003000 08:01 26089374                   /home/toolchain/development/libc++_replacement/tmp/R11/extracted/6e/6ea88a8be40d0a02d31f2d7f5b7e998e43bda209403c740d6385dc2b6b965039/usr/lib64/libcursor-shape-v1-client.so.0.0.0
787639419000-78763941a000 r--p 00000000 08:01 26089388                   /home/toolchain/development/libc++_replacement/tmp/R11/extracted/6e/6ea88a8be40d0a02d31f2d7f5b7e998e43bda209403c740d6385dc2b6b965039/usr/lib64/libpointer-warp-v1-client.so.0.0.0
78763941a000-78763941b000 r-xp 00001000 08:01 26089388                   /home/toolchain/development/libc++_replacement/tmp/R11/extracted/6e/6ea88a8be40d0a02d31f2d7f5b7e998e43bda209403c740d6385dc2b6b965039/usr/lib64/libpointer-warp-v1-client.so.0.0.0
78763941b000-78763941c000 r--p 00002000 08:01 26089388                   /home/toolchain/development/libc++_replacement/tmp/R11/extracted/6e/6ea88a8be40d0a02d31f2d7f5b7e998e43bda209403c740d6385dc2b6b965039/usr/lib64/libpointer-warp-v1-client.so.0.0.0
78763941c000-78763941d000 r--p 00002000 08:01 26089388                   /home/toolchain/development/libc++_replacement/tmp/R11/extracted/6e/6ea88a8be40d0a02d31f2d7f5b7e998e43bda209403c740d6385dc2b6b965039/usr/lib64/libpointer-warp-v1-client.so.0.0.0
78763941d000-78763941e000 rw-p 00003000 08:01 26089388                   /home/toolchain/development/libc++_replacement/tmp/R11/extracted/6e/6ea88a8be40d0a02d31f2d7f5b7e998e43bda209403c740d6385dc2b6b965039/usr/lib64/libpointer-warp-v1-client.so.0.0.0
78763941e000-78763941f000 r--p 00000000 08:01 26089422                   /home/toolchain/development/libc++_replacement/tmp/R11/extracted/6e/6ea88a8be40d0a02d31f2d7f5b7e998e43bda209403c740d6385dc2b6b965039/usr/lib64/libwtz-blur-client.so.0.0.0
78763941f000-787639420000 r-xp 00001000 08:01 26089422                   /home/toolchain/development/libc++_replacement/tmp/R11/extracted/6e/6ea88a8be40d0a02d31f2d7f5b7e998e43bda209403c740d6385dc2b6b965039/usr/lib64/libwtz-blur-client.so.0.0.0
787639420000-787639421000 r--p 00002000 08:01 26089422                   /home/toolchain/development/libc++_replacement/tmp/R11/extracted/6e/6ea88a8be40d0a02d31f2d7f5b7e998e43bda209403c740d6385dc2b6b965039/usr/lib64/libwtz-blur-client.so.0.0.0
787639421000-787639422000 r--p 00002000 08:01 26089422                   /home/toolchain/development/libc++_replacement/tmp/R11/extracted/6e/6ea88a8be40d0a02d31f2d7f5b7e998e43bda209403c740d6385dc2b6b965039/usr/lib64/libwtz-blur-client.so.0.0.0
787639422000-787639423000 rw-p 00003000 08:01 26089422                   /home/toolchain/development/libc++_replacement/tmp/R11/extracted/6e/6ea88a8be40d0a02d31f2d7f5b7e998e43bda209403c740d6385dc2b6b965039/usr/lib64/libwtz-blur-client.so.0.0.0
787639423000-787639424000 r--p 00000000 08:01 26089384                   /home/toolchain/development/libc++_replacement/tmp/R11/extracted/6e/6ea88a8be40d0a02d31f2d7f5b7e998e43bda209403c740d6385dc2b6b965039/usr/lib64/libpointer-constraints-unstable-v1-client.so.0.0.0
787639424000-787639425000 r-xp 00001000 08:01 26089384                   /home/toolchain/development/libc++_replacement/tmp/R11/extracted/6e/6ea88a8be40d0a02d31f2d7f5b7e998e43bda209403c740d6385dc2b6b965039/usr/lib64/libpointer-constraints-unstable-v1-client.so.0.0.0
787639425000-787639426000 r--p 00002000 08:01 26089384                   /home/toolchain/development/libc++_replacement/tmp/R11/extracted/6e/6ea88a8be40d0a02d31f2d7f5b7e998e43bda209403c740d6385dc2b6b965039/usr/lib64/libpointer-constraints-unstable-v1-client.so.0.0.0
787639426000-787639427000 r--p 00002000 08:01 26089384                   /home/toolchain/development/libc++_replacement/tmp/R11/extracted/6e/6ea88a8be40d0a02d31f2d7f5b7e998e43bda209403c740d6385dc2b6b965039/usr/lib64/libpointer-constraints-unstable-v1-client.so.0.0.0
787639427000-787639428000 rw-p 00003000 08:01 26089384                   /home/toolchain/development/libc++_replacement/tmp/R11/extracted/6e/6ea88a8be40d0a02d31f2d7f5b7e998e43bda209403c740d6385dc2b6b965039/usr/lib64/libpointer-constraints-unstable-v1-client.so.0.0.0
787639428000-787639429000 r--p 00000000 08:01 26089392                   /home/toolchain/development/libc++_replacement/tmp/R11/extracted/6e/6ea88a8be40d0a02d31f2d7f5b7e998e43bda209403c740d6385dc2b6b965039/usr/lib64/librelative-pointer-unstable-v1-client.so.0.0.0
787639429000-78763942a000 r-xp 00001000 08:01 26089392                   /home/toolchain/development/libc++_replacement/tmp/R11/extracted/6e/6ea88a8be40d0a02d31f2d7f5b7e998e43bda209403c740d6385dc2b6b965039/usr/lib64/librelative-pointer-unstable-v1-client.so.0.0.0
78763942a000-78763942b000 r--p 00002000 08:01 26089392                   /home/toolchain/development/libc++_replacement/tmp/R11/extracted/6e/6ea88a8be40d0a02d31f2d7f5b7e998e43bda209403c740d6385dc2b6b965039/usr/lib64/librelative-pointer-unstable-v1-client.so.0.0.0
78763942b000-78763942c000 r--p 00002000 08:01 26089392                   /home/toolchain/development/libc++_replacement/tmp/R11/extracted/6e/6ea88a8be40d0a02d31f2d7f5b7e998e43bda209403c740d6385dc2b6b965039/usr/lib64/librelative-pointer-unstable-v1-client.so.0.0.0
78763942c000-78763942d000 rw-p 00003000 08:01 26089392                   /home/toolchain/development/libc++_replacement/tmp/R11/extracted/6e/6ea88a8be40d0a02d31f2d7f5b7e998e43bda209403c740d6385dc2b6b965039/usr/lib64/librelative-pointer-unstable-v1-client.so.0.0.0
78763942d000-78763942e000 r--p 00000000 08:01 26089434                   /home/toolchain/development/libc++_replacement/tmp/R11/extracted/6e/6ea88a8be40d0a02d31f2d7f5b7e998e43bda209403c740d6385dc2b6b965039/usr/lib64/libwtz-video-shell-client.so.0.0.0
78763942e000-78763942f000 r-xp 00001000 08:01 26089434                   /home/toolchain/development/libc++_replacement/tmp/R11/extracted/6e/6ea88a8be40d0a02d31f2d7f5b7e998e43bda209403c740d6385dc2b6b965039/usr/lib64/libwtz-video-shell-client.so.0.0.0
78763942f000-787639430000 r--p 00002000 08:01 26089434                   /home/toolchain/development/libc++_replacement/tmp/R11/extracted/6e/6ea88a8be40d0a02d31f2d7f5b7e998e43bda209403c740d6385dc2b6b965039/usr/lib64/libwtz-video-shell-client.so.0.0.0
787639430000-787639431000 r--p 00002000 08:01 26089434                   /home/toolchain/development/libc++_replacement/tmp/R11/extracted/6e/6ea88a8be40d0a02d31f2d7f5b7e998e43bda209403c740d6385dc2b6b965039/usr/lib64/libwtz-video-shell-client.so.0.0.0
787639431000-787639432000 rw-p 00003000 08:01 26089434                   /home/toolchain/development/libc++_replacement/tmp/R11/extracted/6e/6ea88a8be40d0a02d31f2d7f5b7e998e43bda209403c740d6385dc2b6b965039/usr/lib64/libwtz-video-shell-client.so.0.0.0
787639432000-787639433000 r--p 00000000 08:01 26089428                   /home/toolchain/development/libc++_replacement/tmp/R11/extracted/6e/6ea88a8be40d0a02d31f2d7f5b7e998e43bda209403c740d6385dc2b6b965039/usr/lib64/libwtz-screen-client.so.0.0.0
787639433000-787639434000 r-xp 00001000 08:01 26089428                   /home/toolchain/development/libc++_replacement/tmp/R11/extracted/6e/6ea88a8be40d0a02d31f2d7f5b7e998e43bda209403c740d6385dc2b6b965039/usr/lib64/libwtz-screen-client.so.0.0.0
787639434000-787639435000 r--p 00002000 08:01 26089428                   /home/toolchain/development/libc++_replacement/tmp/R11/extracted/6e/6ea88a8be40d0a02d31f2d7f5b7e998e43bda209403c740d6385dc2b6b965039/usr/lib64/libwtz-screen-client.so.0.0.0
787639435000-787639436000 r--p 00002000 08:01 26089428                   /home/toolchain/development/libc++_replacement/tmp/R11/extracted/6e/6ea88a8be40d0a02d31f2d7f5b7e998e43bda209403c740d6385dc2b6b965039/usr/lib64/libwtz-screen-client.so.0.0.0
787639436000-787639437000 rw-p 00003000 08:01 26089428                   /home/toolchain/development/libc++_replacement/tmp/R11/extracted/6e/6ea88a8be40d0a02d31f2d7f5b7e998e43bda209403c740d6385dc2b6b965039/usr/lib64/libwtz-screen-client.so.0.0.0
787639437000-787639438000 r--p 00000000 08:01 26089430                   /home/toolchain/development/libc++_replacement/tmp/R11/extracted/6e/6ea88a8be40d0a02d31f2d7f5b7e998e43bda209403c740d6385dc2b6b965039/usr/lib64/libwtz-shell-client.so.0.0.0
787639438000-787639439000 r-xp 00001000 08:01 26089430                   /home/toolchain/development/libc++_replacement/tmp/R11/extracted/6e/6ea88a8be40d0a02d31f2d7f5b7e998e43bda209403c740d6385dc2b6b965039/usr/lib64/libwtz-shell-client.so.0.0.0
787639439000-78763943a000 r--p 00002000 08:01 26089430                   /home/toolchain/development/libc++_replacement/tmp/R11/extracted/6e/6ea88a8be40d0a02d31f2d7f5b7e998e43bda209403c740d6385dc2b6b965039/usr/lib64/libwtz-shell-client.so.0.0.0
78763943a000-78763943b000 r--p 00002000 08:01 26089430                   /home/toolchain/development/libc++_replacement/tmp/R11/extracted/6e/6ea88a8be40d0a02d31f2d7f5b7e998e43bda209403c740d6385dc2b6b965039/usr/lib64/libwtz-shell-client.so.0.0.0
78763943b000-78763943c000 rw-p 00003000 08:01 26089430                   /home/toolchain/development/libc++_replacement/tmp/R11/extracted/6e/6ea88a8be40d0a02d31f2d7f5b7e998e43bda209403c740d6385dc2b6b965039/usr/lib64/libwtz-shell-client.so.0.0.0
78763943c000-78763943d000 r--p 00000000 08:01 26089424                   /home/toolchain/development/libc++_replacement/tmp/R11/extracted/6e/6ea88a8be40d0a02d31f2d7f5b7e998e43bda209403c740d6385dc2b6b965039/usr/lib64/libwtz-foreign-client.so.0.0.0
78763943d000-78763943e000 r-xp 00001000 08:01 26089424                   /home/toolchain/development/libc++_replacement/tmp/R11/extracted/6e/6ea88a8be40d0a02d31f2d7f5b7e998e43bda209403c740d6385dc2b6b965039/usr/lib64/libwtz-foreign-client.so.0.0.0
78763943e000-78763943f000 r--p 00002000 08:01 26089424                   /home/toolchain/development/libc++_replacement/tmp/R11/extracted/6e/6ea88a8be40d0a02d31f2d7f5b7e998e43bda209403c740d6385dc2b6b965039/usr/lib64/libwtz-foreign-client.so.0.0.0
78763943f000-787639440000 r--p 00002000 08:01 26089424                   /home/toolchain/development/libc++_replacement/tmp/R11/extracted/6e/6ea88a8be40d0a02d31f2d7f5b7e998e43bda209403c740d6385dc2b6b965039/usr/lib64/libwtz-foreign-client.so.0.0.0
787639440000-787639441000 rw-p 00003000 08:01 26089424                   /home/toolchain/development/libc++_replacement/tmp/R11/extracted/6e/6ea88a8be40d0a02d31f2d7f5b7e998e43bda209403c740d6385dc2b6b965039/usr/lib64/libwtz-foreign-client.so.0.0.0
787639441000-787639442000 r--p 00000000 08:01 26089412                   /home/toolchain/development/libc++_replacement/tmp/R11/extracted/6e/6ea88a8be40d0a02d31f2d7f5b7e998e43bda209403c740d6385dc2b6b965039/usr/lib64/libtizen-policy-ext-client.so.0.0.0
787639442000-787639443000 r-xp 00001000 08:01 26089412                   /home/toolchain/development/libc++_replacement/tmp/R11/extracted/6e/6ea88a8be40d0a02d31f2d7f5b7e998e43bda209403c740d6385dc2b6b965039/usr/lib64/libtizen-policy-ext-client.so.0.0.0
787639443000-787639444000 r--p 00002000 08:01 26089412                   /home/toolchain/development/libc++_replacement/tmp/R11/extracted/6e/6ea88a8be40d0a02d31f2d7f5b7e998e43bda209403c740d6385dc2b6b965039/usr/lib64/libtizen-policy-ext-client.so.0.0.0
787639444000-787639445000 r--p 00002000 08:01 26089412                   /home/toolchain/development/libc++_replacement/tmp/R11/extracted/6e/6ea88a8be40d0a02d31f2d7f5b7e998e43bda209403c740d6385dc2b6b965039/usr/lib64/libtizen-policy-ext-client.so.0.0.0
787639445000-787639446000 rw-p 00003000 08:01 26089412                   /home/toolchain/development/libc++_replacement/tmp/R11/extracted/6e/6ea88a8be40d0a02d31f2d7f5b7e998e43bda209403c740d6385dc2b6b965039/usr/lib64/libtizen-policy-ext-client.so.0.0.0
787639446000-787639447000 r--p 00000000 08:01 26089347                   /home/toolchain/development/libc++_replacement/tmp/R11/extracted/5a/5afc91d7bf6c28f598db986dc9d005287aa4ceef6566dcc7a305ff1d4d5e8179/usr/lib64/libwayland-egl-tizen.so.1.1.1
787639447000-787639448000 r-xp 00001000 08:01 26089347                   /home/toolchain/development/libc++_replacement/tmp/R11/extracted/5a/5afc91d7bf6c28f598db986dc9d005287aa4ceef6566dcc7a305ff1d4d5e8179/usr/lib64/libwayland-egl-tizen.so.1.1.1
787639448000-787639449000 r--p 00002000 08:01 26089347                   /home/toolchain/development/libc++_replacement/tmp/R11/extracted/5a/5afc91d7bf6c28f598db986dc9d005287aa4ceef6566dcc7a305ff1d4d5e8179/usr/lib64/libwayland-egl-tizen.so.1.1.1
787639449000-78763944a000 r--p 00002000 08:01 26089347                   /home/toolchain/development/libc++_replacement/tmp/R11/extracted/5a/5afc91d7bf6c28f598db986dc9d005287aa4ceef6566dcc7a305ff1d4d5e8179/usr/lib64/libwayland-egl-tizen.so.1.1.1
78763944a000-78763944b000 rw-p 00003000 08:01 26089347                   /home/toolchain/development/libc++_replacement/tmp/R11/extracted/5a/5afc91d7bf6c28f598db986dc9d005287aa4ceef6566dcc7a305ff1d4d5e8179/usr/lib64/libwayland-egl-tizen.so.1.1.1
78763944b000-78763944c000 r--p 00000000 08:01 26089337                   /home/toolchain/development/libc++_replacement/tmp/R11/extracted/00/0055166e13d1118471b93865ba1b7a7f84ccae724bcdc2aef7c21f8ed77962ba/usr/lib64/libwayland-egl.so.1.23.1
78763944c000-78763944d000 r-xp 00001000 08:01 26089337                   /home/toolchain/development/libc++_replacement/tmp/R11/extracted/00/0055166e13d1118471b93865ba1b7a7f84ccae724bcdc2aef7c21f8ed77962ba/usr/lib64/libwayland-egl.so.1.23.1
78763944d000-78763944e000 r--p 00002000 08:01 26089337                   /home/toolchain/development/libc++_replacement/tmp/R11/extracted/00/0055166e13d1118471b93865ba1b7a7f84ccae724bcdc2aef7c21f8ed77962ba/usr/lib64/libwayland-egl.so.1.23.1
78763944e000-78763944f000 r--p 00002000 08:01 26089337                   /home/toolchain/development/libc++_replacement/tmp/R11/extracted/00/0055166e13d1118471b93865ba1b7a7f84ccae724bcdc2aef7c21f8ed77962ba/usr/lib64/libwayland-egl.so.1.23.1
78763944f000-787639450000 rw-p 00003000 08:01 26089337                   /home/toolchain/development/libc++_replacement/tmp/R11/extracted/00/0055166e13d1118471b93865ba1b7a7f84ccae724bcdc2aef7c21f8ed77962ba/usr/lib64/libwayland-egl.so.1.23.1
787639450000-787639455000 r--p 00000000 08:01 26089541                   /home/toolchain/development/libc++_replacement/tmp/R11/extracted/db/db4b966802cb3915634ae7896c081666ae9deee75235ca3ede2331e542c09dab/usr/lib64/libwayland-tbm-client.so.0.0.0
787639455000-78763945b000 r-xp 00005000 08:01 26089541                   /home/toolchain/development/libc++_replacement/tmp/R11/extracted/db/db4b966802cb3915634ae7896c081666ae9deee75235ca3ede2331e542c09dab/usr/lib64/libwayland-tbm-client.so.0.0.0
78763945b000-78763945e000 r--p 0000b000 08:01 26089541                   /home/toolchain/development/libc++_replacement/tmp/R11/extracted/db/db4b966802cb3915634ae7896c081666ae9deee75235ca3ede2331e542c09dab/usr/lib64/libwayland-tbm-client.so.0.0.0
78763945e000-78763945f000 r--p 0000d000 08:01 26089541                   /home/toolchain/development/libc++_replacement/tmp/R11/extracted/db/db4b966802cb3915634ae7896c081666ae9deee75235ca3ede2331e542c09dab/usr/lib64/libwayland-tbm-client.so.0.0.0
78763945f000-787639460000 rw-p 0000e000 08:01 26089541                   /home/toolchain/development/libc++_replacement/tmp/R11/extracted/db/db4b966802cb3915634ae7896c081666ae9deee75235ca3ede2331e542c09dab/usr/lib64/libwayland-tbm-client.so.0.0.0
787639460000-787639461000 r--p 00000000 08:01 26089410                   /home/toolchain/development/libc++_replacement/tmp/R11/extracted/6e/6ea88a8be40d0a02d31f2d7f5b7e998e43bda209403c740d6385dc2b6b965039/usr/lib64/libtizen-launch-client.so.0.0.0
787639461000-787639462000 r-xp 00001000 08:01 26089410                   /home/toolchain/development/libc++_replacement/tmp/R11/extracted/6e/6ea88a8be40d0a02d31f2d7f5b7e998e43bda209403c740d6385dc2b6b965039/usr/lib64/libtizen-launch-client.so.0.0.0
787639462000-787639463000 r--p 00002000 08:01 26089410                   /home/toolchain/development/libc++_replacement/tmp/R11/extracted/6e/6ea88a8be40d0a02d31f2d7f5b7e998e43bda209403c740d6385dc2b6b965039/usr/lib64/libtizen-launch-client.so.0.0.0
787639463000-787639464000 r--p 00002000 08:01 26089410                   /home/toolchain/development/libc++_replacement/tmp/R11/extracted/6e/6ea88a8be40d0a02d31f2d7f5b7e998e43bda209403c740d6385dc2b6b965039/usr/lib64/libtizen-launch-client.so.0.0.0
787639464000-787639465000 rw-p 00003000 08:01 26089410                   /home/toolchain/development/libc++_replacement/tmp/R11/extracted/6e/6ea88a8be40d0a02d31f2d7f5b7e998e43bda209403c740d6385dc2b6b965039/usr/lib64/libtizen-launch-client.so.0.0.0
787639465000-787639467000 r--p 00000000 08:01 26089356                   /home/toolchain/development/libc++_replacement/tmp/R11/extracted/07/0767acbb2e3ddc092065b4cdd9936ac80b6f457cf3b2335e62a539e278c3ca69/usr/lib64/libwayland-cursor.so.0.23.1
787639467000-787639469000 r-xp 00002000 08:01 26089356                   /home/toolchain/development/libc++_replacement/tmp/R11/extracted/07/0767acbb2e3ddc092065b4cdd9936ac80b6f457cf3b2335e62a539e278c3ca69/usr/lib64/libwayland-cursor.so.0.23.1
787639469000-78763946a000 r--p 00004000 08:01 26089356                   /home/toolchain/development/libc++_replacement/tmp/R11/extracted/07/0767acbb2e3ddc092065b4cdd9936ac80b6f457cf3b2335e62a539e278c3ca69/usr/lib64/libwayland-cursor.so.0.23.1
78763946a000-78763946b000 r--p 00004000 08:01 26089356                   /home/toolchain/development/libc++_replacement/tmp/R11/extracted/07/0767acbb2e3ddc092065b4cdd9936ac80b6f457cf3b2335e62a539e278c3ca69/usr/lib64/libwayland-cursor.so.0.23.1
78763946b000-78763946f000 rw-p 00005000 08:01 26089356                   /home/toolchain/development/libc++_replacement/tmp/R11/extracted/07/0767acbb2e3ddc092065b4cdd9936ac80b6f457cf3b2335e62a539e278c3ca69/usr/lib64/libwayland-cursor.so.0.23.1
78763946f000-787639473000 r--p 00000000 08:01 26089881                   /home/toolchain/development/libc++_replacement/tmp/R11/extracted/f1/f1a3969d4a2882be0b61db1186a4109b8394178a1e3699d90e58cd344422a512/usr/lib64/libxkbcommon.so.0.8.0
787639473000-78763948f000 r-xp 00004000 08:01 26089881                   /home/toolchain/development/libc++_replacement/tmp/R11/extracted/f1/f1a3969d4a2882be0b61db1186a4109b8394178a1e3699d90e58cd344422a512/usr/lib64/libxkbcommon.so.0.8.0
78763948f000-7876394b3000 r--p 00020000 08:01 26089881                   /home/toolchain/development/libc++_replacement/tmp/R11/extracted/f1/f1a3969d4a2882be0b61db1186a4109b8394178a1e3699d90e58cd344422a512/usr/lib64/libxkbcommon.so.0.8.0
7876394b3000-7876394b5000 r--p 00043000 08:01 26089881                   /home/toolchain/development/libc++_replacement/tmp/R11/extracted/f1/f1a3969d4a2882be0b61db1186a4109b8394178a1e3699d90e58cd344422a512/usr/lib64/libxkbcommon.so.0.8.0
7876394b5000-7876394b6000 rw-p 00045000 08:01 26089881                   /home/toolchain/development/libc++_replacement/tmp/R11/extracted/f1/f1a3969d4a2882be0b61db1186a4109b8394178a1e3699d90e58cd344422a512/usr/lib64/libxkbcommon.so.0.8.0
7876394b6000-7876394b7000 r--p 00000000 08:01 26227807                   /home/toolchain/development/libc++_replacement/tmp/R11/extracted/4d/4da228978d81e4c19db3bf7269345aa354ab29a9666465bb5ba3dd3ad3b1eae1/usr/lib64/libttrace.so.1.1.0
7876394b7000-7876394b9000 r-xp 00001000 08:01 26227807                   /home/toolchain/development/libc++_replacement/tmp/R11/extracted/4d/4da228978d81e4c19db3bf7269345aa354ab29a9666465bb5ba3dd3ad3b1eae1/usr/lib64/libttrace.so.1.1.0
7876394b9000-7876394ba000 r--p 00003000 08:01 26227807                   /home/toolchain/development/libc++_replacement/tmp/R11/extracted/4d/4da228978d81e4c19db3bf7269345aa354ab29a9666465bb5ba3dd3ad3b1eae1/usr/lib64/libttrace.so.1.1.0
7876394ba000-7876394bb000 r--p 00003000 08:01 26227807                   /home/toolchain/development/libc++_replacement/tmp/R11/extracted/4d/4da228978d81e4c19db3bf7269345aa354ab29a9666465bb5ba3dd3ad3b1eae1/usr/lib64/libttrace.so.1.1.0
7876394bb000-7876394bc000 rw-p 00004000 08:01 26227807                   /home/toolchain/development/libc++_replacement/tmp/R11/extracted/4d/4da228978d81e4c19db3bf7269345aa354ab29a9666465bb5ba3dd3ad3b1eae1/usr/lib64/libttrace.so.1.1.0
7876394bc000-7876394cf000 r--p 00000000 08:01 15782067                   /home/toolchain/development/libc++_replacement/tmp/R11/extracted/ea/ea57516154dcd8e5d53d3897197ea0f18eec700fd0ce8dbb05d799aabb4bbd5b/usr/lib64/hal/libhal-api-device.so.1.0.0
7876394cf000-787639511000 r-xp 00013000 08:01 15782067                   /home/toolchain/development/libc++_replacement/tmp/R11/extracted/ea/ea57516154dcd8e5d53d3897197ea0f18eec700fd0ce8dbb05d799aabb4bbd5b/usr/lib64/hal/libhal-api-device.so.1.0.0
787639511000-78763952d000 r--p 00055000 08:01 15782067                   /home/toolchain/development/libc++_replacement/tmp/R11/extracted/ea/ea57516154dcd8e5d53d3897197ea0f18eec700fd0ce8dbb05d799aabb4bbd5b/usr/lib64/hal/libhal-api-device.so.1.0.0
78763952d000-78763952e000 r--p 00070000 08:01 15782067                   /home/toolchain/development/libc++_replacement/tmp/R11/extracted/ea/ea57516154dcd8e5d53d3897197ea0f18eec700fd0ce8dbb05d799aabb4bbd5b/usr/lib64/hal/libhal-api-device.so.1.0.0
78763952e000-78763952f000 rw-p 00071000 08:01 15782067                   /home/toolchain/development/libc++_replacement/tmp/R11/extracted/ea/ea57516154dcd8e5d53d3897197ea0f18eec700fd0ce8dbb05d799aabb4bbd5b/usr/lib64/hal/libhal-api-device.so.1.0.0
78763952f000-787639530000 rw-p 00000000 00:00 0 
787639530000-787639537000 r--p 00000000 08:01 26088225                   /home/toolchain/development/libc++_replacement/tmp/R11/extracted/5b/5b6a63edf2d1d5c73e3ac3802e77f987f657f1d5b43e93bccdc78d42e2084c43/usr/lib64/libsyscommon.so.5.0.0
787639537000-787639541000 r-xp 00007000 08:01 26088225                   /home/toolchain/development/libc++_replacement/tmp/R11/extracted/5b/5b6a63edf2d1d5c73e3ac3802e77f987f657f1d5b43e93bccdc78d42e2084c43/usr/lib64/libsyscommon.so.5.0.0
787639541000-787639545000 r--p 00011000 08:01 26088225                   /home/toolchain/development/libc++_replacement/tmp/R11/extracted/5b/5b6a63edf2d1d5c73e3ac3802e77f987f657f1d5b43e93bccdc78d42e2084c43/usr/lib64/libsyscommon.so.5.0.0
787639545000-787639546000 r--p 00014000 08:01 26088225                   /home/toolchain/development/libc++_replacement/tmp/R11/extracted/5b/5b6a63edf2d1d5c73e3ac3802e77f987f657f1d5b43e93bccdc78d42e2084c43/usr/lib64/libsyscommon.so.5.0.0
787639546000-787639547000 rw-p 00015000 08:01 26088225                   /home/toolchain/development/libc++_replacement/tmp/R11/extracted/5b/5b6a63edf2d1d5c73e3ac3802e77f987f657f1d5b43e93bccdc78d42e2084c43/usr/lib64/libsyscommon.so.5.0.0
787639547000-787639548000 r--p 00000000 08:01 26088873                   /home/toolchain/development/libc++_replacement/tmp/R11/extracted/b8/b876fdb43f1f468c3de83a7d85402bc79395f131a169419e0cf3722fa02be367/usr/lib64/libtracker.so.1.0.1
787639548000-787639549000 r-xp 00001000 08:01 26088873                   /home/toolchain/development/libc++_replacement/tmp/R11/extracted/b8/b876fdb43f1f468c3de83a7d85402bc79395f131a169419e0cf3722fa02be367/usr/lib64/libtracker.so.1.0.1
787639549000-78763954a000 r--p 00002000 08:01 26088873                   /home/toolchain/development/libc++_replacement/tmp/R11/extracted/b8/b876fdb43f1f468c3de83a7d85402bc79395f131a169419e0cf3722fa02be367/usr/lib64/libtracker.so.1.0.1
78763954a000-78763954b000 r--p 00002000 08:01 26088873                   /home/toolchain/development/libc++_replacement/tmp/R11/extracted/b8/b876fdb43f1f468c3de83a7d85402bc79395f131a169419e0cf3722fa02be367/usr/lib64/libtracker.so.1.0.1
78763954b000-78763954c000 rw-p 00003000 08:01 26088873                   /home/toolchain/development/libc++_replacement/tmp/R11/extracted/b8/b876fdb43f1f468c3de83a7d85402bc79395f131a169419e0cf3722fa02be367/usr/lib64/libtracker.so.1.0.1
78763954c000-787639550000 r--p 00000000 08:01 26116416                   /home/toolchain/development/libc++_replacement/tmp/R11/extracted/86/86d9a9206d74a6e1dd48c0a316f39151012ac7a427cd8f40c3e0e300d67b5f3a/usr/lib64/libparcel.so.0.18.15
787639550000-787639553000 r-xp 00004000 08:01 26116416                   /home/toolchain/development/libc++_replacement/tmp/R11/extracted/86/86d9a9206d74a6e1dd48c0a316f39151012ac7a427cd8f40c3e0e300d67b5f3a/usr/lib64/libparcel.so.0.18.15
787639553000-787639555000 r--p 00007000 08:01 26116416                   /home/toolchain/development/libc++_replacement/tmp/R11/extracted/86/86d9a9206d74a6e1dd48c0a316f39151012ac7a427cd8f40c3e0e300d67b5f3a/usr/lib64/libparcel.so.0.18.15
787639555000-787639556000 r--p 00008000 08:01 26116416                   /home/toolchain/development/libc++_replacement/tmp/R11/extracted/86/86d9a9206d74a6e1dd48c0a316f39151012ac7a427cd8f40c3e0e300d67b5f3a/usr/lib64/libparcel.so.0.18.15
787639556000-787639557000 rw-p 00009000 08:01 26116416                   /home/toolchain/development/libc++_replacement/tmp/R11/extracted/86/86d9a9206d74a6e1dd48c0a316f39151012ac7a427cd8f40c3e0e300d67b5f3a/usr/lib64/libparcel.so.0.18.15
787639557000-787639558000 r--p 00000000 08:01 26084017                   /home/toolchain/development/libc++_replacement/tmp/R11/extracted/ab/abe64de1eaaa918ce34acbaf53c36fb29ea71258354282c23d2701519ba512f3/usr/lib64/libcynara-uid.so.0.26.0
787639558000-787639559000 r-xp 00001000 08:01 26084017                   /home/toolchain/development/libc++_replacement/tmp/R11/extracted/ab/abe64de1eaaa918ce34acbaf53c36fb29ea71258354282c23d2701519ba512f3/usr/lib64/libcynara-uid.so.0.26.0
787639559000-78763955a000 r--p 00002000 08:01 26084017                   /home/toolchain/development/libc++_replacement/tmp/R11/extracted/ab/abe64de1eaaa918ce34acbaf53c36fb29ea71258354282c23d2701519ba512f3/usr/lib64/libcynara-uid.so.0.26.0
78763955a000-78763955b000 r--p 00002000 08:01 26084017                   /home/toolchain/development/libc++_replacement/tmp/R11/extracted/ab/abe64de1eaaa918ce34acbaf53c36fb29ea71258354282c23d2701519ba512f3/usr/lib64/libcynara-uid.so.0.26.0
78763955b000-78763955c000 rw-p 00003000 08:01 26084017                   /home/toolchain/development/libc++_replacement/tmp/R11/extracted/ab/abe64de1eaaa918ce34acbaf53c36fb29ea71258354282c23d2701519ba512f3/usr/lib64/libcynara-uid.so.0.26.0
78763955c000-78763955d000 r--p 00000000 08:01 25823764                   /home/toolchain/development/libc++_replacement/tmp/R11/extracted/a8/a82c4e40bb6224028e1f89107c4f86d1f45c2412a883d1146a0103833af32fd6/usr/lib64/libcapi-system-resource.so.1.0.0
78763955d000-78763955e000 r-xp 00001000 08:01 25823764                   /home/toolchain/development/libc++_replacement/tmp/R11/extracted/a8/a82c4e40bb6224028e1f89107c4f86d1f45c2412a883d1146a0103833af32fd6/usr/lib64/libcapi-system-resource.so.1.0.0
78763955e000-78763955f000 r--p 00002000 08:01 25823764                   /home/toolchain/development/libc++_replacement/tmp/R11/extracted/a8/a82c4e40bb6224028e1f89107c4f86d1f45c2412a883d1146a0103833af32fd6/usr/lib64/libcapi-system-resource.so.1.0.0
78763955f000-787639560000 r--p 00002000 08:01 25823764                   /home/toolchain/development/libc++_replacement/tmp/R11/extracted/a8/a82c4e40bb6224028e1f89107c4f86d1f45c2412a883d1146a0103833af32fd6/usr/lib64/libcapi-system-resource.so.1.0.0
787639560000-787639561000 rw-p 00003000 08:01 25823764                   /home/toolchain/development/libc++_replacement/tmp/R11/extracted/a8/a82c4e40bb6224028e1f89107c4f86d1f45c2412a883d1146a0103833af32fd6/usr/lib64/libcapi-system-resource.so.1.0.0
787639561000-787639564000 r--p 00000000 08:01 15519039                   /home/toolchain/development/libc++_replacement/tmp/R11/extracted/7d/7d250dd65fbe312b3f97881b937acac106630317fb8241377730e8f864df8590/usr/lib64/libpcre2-8.so.0.15.0
787639564000-7876395c9000 r-xp 00003000 08:01 15519039                   /home/toolchain/development/libc++_replacement/tmp/R11/extracted/7d/7d250dd65fbe312b3f97881b937acac106630317fb8241377730e8f864df8590/usr/lib64/libpcre2-8.so.0.15.0
7876395c9000-7876395f4000 r--p 00068000 08:01 15519039                   /home/toolchain/development/libc++_replacement/tmp/R11/extracted/7d/7d250dd65fbe312b3f97881b937acac106630317fb8241377730e8f864df8590/usr/lib64/libpcre2-8.so.0.15.0
7876395f4000-7876395f5000 r--p 00092000 08:01 15519039                   /home/toolchain/development/libc++_replacement/tmp/R11/extracted/7d/7d250dd65fbe312b3f97881b937acac106630317fb8241377730e8f864df8590/usr/lib64/libpcre2-8.so.0.15.0
7876395f5000-7876395f6000 rw-p 00093000 08:01 15519039                   /home/toolchain/development/libc++_replacement/tmp/R11/extracted/7d/7d250dd65fbe312b3f97881b937acac106630317fb8241377730e8f864df8590/usr/lib64/libpcre2-8.so.0.15.0
7876395f6000-787639603000 r--p 00000000 08:01 26119151                   /home/toolchain/development/libc++_replacement/tmp/R11/extracted/32/32f8a5d949493eb83b9ecc4d8870197d9cfe218cec9f52a6b8da7ebc2508aad1/usr/lib64/libpkgmgr-client.so.0.23.1
787639603000-787639628000 r-xp 0000d000 08:01 26119151                   /home/toolchain/development/libc++_replacement/tmp/R11/extracted/32/32f8a5d949493eb83b9ecc4d8870197d9cfe218cec9f52a6b8da7ebc2508aad1/usr/lib64/libpkgmgr-client.so.0.23.1
787639628000-787639636000 r--p 00032000 08:01 26119151                   /home/toolchain/development/libc++_replacement/tmp/R11/extracted/32/32f8a5d949493eb83b9ecc4d8870197d9cfe218cec9f52a6b8da7ebc2508aad1/usr/lib64/libpkgmgr-client.so.0.23.1
787639636000-787639637000 r--p 00040000 08:01 26119151                   /home/toolchain/development/libc++_replacement/tmp/R11/extracted/32/32f8a5d949493eb83b9ecc4d8870197d9cfe218cec9f52a6b8da7ebc2508aad1/usr/lib64/libpkgmgr-client.so.0.23.1
787639637000-787639638000 rw-p 00041000 08:01 26119151                   /home/toolchain/development/libc++_replacement/tmp/R11/extracted/32/32f8a5d949493eb83b9ecc4d8870197d9cfe218cec9f52a6b8da7ebc2508aad1/usr/lib64/libpkgmgr-client.so.0.23.1
787639638000-787639639000 r--p 00000000 08:01 23624262                   /home/toolchain/development/libc++_replacement/tmp/R11/extracted/ff/ff59991b5cf650e0726c6f54af329bf9fbe7fd36f9f7c42dda22ca9742225e79/usr/lib64/libsharpyuv.so.0.1.0
787639639000-78763963e000 r-xp 00001000 08:01 23624262                   /home/toolchain/development/libc++_replacement/tmp/R11/extracted/ff/ff59991b5cf650e0726c6f54af329bf9fbe7fd36f9f7c42dda22ca9742225e79/usr/lib64/libsharpyuv.so.0.1.0
78763963e000-78763963f000 r--p 00006000 08:01 23624262                   /home/toolchain/development/libc++_replacement/tmp/R11/extracted/ff/ff59991b5cf650e0726c6f54af329bf9fbe7fd36f9f7c42dda22ca9742225e79/usr/lib64/libsharpyuv.so.0.1.0
78763963f000-787639640000 r--p 00006000 08:01 23624262                   /home/toolchain/development/libc++_replacement/tmp/R11/extracted/ff/ff59991b5cf650e0726c6f54af329bf9fbe7fd36f9f7c42dda22ca9742225e79/usr/lib64/libsharpyuv.so.0.1.0
787639640000-787639641000 rw-p 00007000 08:01 23624262                   /home/toolchain/development/libc++_replacement/tmp/R11/extracted/ff/ff59991b5cf650e0726c6f54af329bf9fbe7fd36f9f7c42dda22ca9742225e79/usr/lib64/libsharpyuv.so.0.1.0
787639641000-787639642000 rw-p 00000000 00:00 0 
787639642000-787639643000 r--p 00000000 08:01 26005200                   /home/toolchain/development/libc++_replacement/tmp/R11/extracted/9b/9b1b05c9f8128ab3b94caeec9a690f5aa7601a187ad3e19597fe69eb5fd16ed4/usr/lib64/libbrotlicommon.so.1.1.0
787639643000-787639644000 r-xp 00001000 08:01 26005200                   /home/toolchain/development/libc++_replacement/tmp/R11/extracted/9b/9b1b05c9f8128ab3b94caeec9a690f5aa7601a187ad3e19597fe69eb5fd16ed4/usr/lib64/libbrotlicommon.so.1.1.0
787639644000-787639663000 r--p 00002000 08:01 26005200                   /home/toolchain/development/libc++_replacement/tmp/R11/extracted/9b/9b1b05c9f8128ab3b94caeec9a690f5aa7601a187ad3e19597fe69eb5fd16ed4/usr/lib64/libbrotlicommon.so.1.1.0
787639663000-787639664000 r--p 00021000 08:01 26005200                   /home/toolchain/development/libc++_replacement/tmp/R11/extracted/9b/9b1b05c9f8128ab3b94caeec9a690f5aa7601a187ad3e19597fe69eb5fd16ed4/usr/lib64/libbrotlicommon.so.1.1.0
787639664000-787639665000 rw-p 00022000 08:01 26005200                   /home/toolchain/development/libc++_replacement/tmp/R11/extracted/9b/9b1b05c9f8128ab3b94caeec9a690f5aa7601a187ad3e19597fe69eb5fd16ed4/usr/lib64/libbrotlicommon.so.1.1.0
787639665000-787639676000 r--p 00000000 08:01 26088451                   /home/toolchain/development/libc++_replacement/tmp/R11/extracted/3b/3b0aaa783ede91ab165509b8c3b0c749099cd0c919cb5183731feae59edc3c57/usr/lib64/libsystemd.so.0.27.1
787639676000-7876396e4000 r-xp 00011000 08:01 26088451                   /home/toolchain/development/libc++_replacement/tmp/R11/extracted/3b/3b0aaa783ede91ab165509b8c3b0c749099cd0c919cb5183731feae59edc3c57/usr/lib64/libsystemd.so.0.27.1
7876396e4000-787639720000 r--p 0007f000 08:01 26088451                   /home/toolchain/development/libc++_replacement/tmp/R11/extracted/3b/3b0aaa783ede91ab165509b8c3b0c749099cd0c919cb5183731feae59edc3c57/usr/lib64/libsystemd.so.0.27.1
787639720000-787639724000 r--p 000ba000 08:01 26088451                   /home/toolchain/development/libc++_replacement/tmp/R11/extracted/3b/3b0aaa783ede91ab165509b8c3b0c749099cd0c919cb5183731feae59edc3c57/usr/lib64/libsystemd.so.0.27.1
787639724000-787639725000 rw-p 000be000 08:01 26088451                   /home/toolchain/development/libc++_replacement/tmp/R11/extracted/3b/3b0aaa783ede91ab165509b8c3b0c749099cd0c919cb5183731feae59edc3c57/usr/lib64/libsystemd.so.0.27.1
787639725000-787639726000 rw-p 00000000 00:00 0 
787639726000-787639730000 r--p 00000000 08:01 26119114                   /home/toolchain/development/libc++_replacement/tmp/R11/extracted/27/27ec88e1ca62912814cec5fd69802fced7542855d9f811b38194c0aed74c7fb4/usr/lib64/libpixman-1.so.0.38.4
787639730000-7876397a2000 r-xp 0000a000 08:01 26119114                   /home/toolchain/development/libc++_replacement/tmp/R11/extracted/27/27ec88e1ca62912814cec5fd69802fced7542855d9f811b38194c0aed74c7fb4/usr/lib64/libpixman-1.so.0.38.4
7876397a2000-7876397b0000 r--p 0007c000 08:01 26119114                   /home/toolchain/development/libc++_replacement/tmp/R11/extracted/27/27ec88e1ca62912814cec5fd69802fced7542855d9f811b38194c0aed74c7fb4/usr/lib64/libpixman-1.so.0.38.4
7876397b0000-7876397b8000 r--p 00089000 08:01 26119114                   /home/toolchain/development/libc++_replacement/tmp/R11/extracted/27/27ec88e1ca62912814cec5fd69802fced7542855d9f811b38194c0aed74c7fb4/usr/lib64/libpixman-1.so.0.38.4
7876397b8000-7876397b9000 rw-p 00091000 08:01 26119114                   /home/toolchain/development/libc++_replacement/tmp/R11/extracted/27/27ec88e1ca62912814cec5fd69802fced7542855d9f811b38194c0aed74c7fb4/usr/lib64/libpixman-1.so.0.38.4
7876397b9000-7876397c0000 r--p 00000000 08:01 26089526                   /home/toolchain/development/libc++_replacement/tmp/R11/extracted/fb/fb3083a3f30a8f2d170dd0973ba315b8405542acf7eca67e2e509d0312e63872/usr/lib64/libwayland-server.so.0.23.1
7876397c0000-7876397c8000 r-xp 00007000 08:01 26089526                   /home/toolchain/development/libc++_replacement/tmp/R11/extracted/fb/fb3083a3f30a8f2d170dd0973ba315b8405542acf7eca67e2e509d0312e63872/usr/lib64/libwayland-server.so.0.23.1
7876397c8000-7876397cd000 r--p 0000f000 08:01 26089526                   /home/toolchain/development/libc++_replacement/tmp/R11/extracted/fb/fb3083a3f30a8f2d170dd0973ba315b8405542acf7eca67e2e509d0312e63872/usr/lib64/libwayland-server.so.0.23.1
7876397cd000-7876397cf000 r--p 00013000 08:01 26089526                   /home/toolchain/development/libc++_replacement/tmp/R11/extracted/fb/fb3083a3f30a8f2d170dd0973ba315b8405542acf7eca67e2e509d0312e63872/usr/lib64/libwayland-server.so.0.23.1
7876397cf000-7876397d0000 rw-p 00015000 08:01 26089526                   /home/toolchain/development/libc++_replacement/tmp/R11/extracted/fb/fb3083a3f30a8f2d170dd0973ba315b8405542acf7eca67e2e509d0312e63872/usr/lib64/libwayland-server.so.0.23.1
7876397d0000-7876397d5000 r--p 00000000 08:01 23620893                   /home/toolchain/development/libc++_replacement/tmp/R11/extracted/27/27790395513c771a19fc9313c1b659aedfb932af999bbfa6acb65505290811fd/usr/lib64/libdrm.so.2.131.0
7876397d5000-7876397de000 r-xp 00005000 08:01 23620893                   /home/toolchain/development/libc++_replacement/tmp/R11/extracted/27/27790395513c771a19fc9313c1b659aedfb932af999bbfa6acb65505290811fd/usr/lib64/libdrm.so.2.131.0
7876397de000-7876397e2000 r--p 0000e000 08:01 23620893                   /home/toolchain/development/libc++_replacement/tmp/R11/extracted/27/27790395513c771a19fc9313c1b659aedfb932af999bbfa6acb65505290811fd/usr/lib64/libdrm.so.2.131.0
7876397e2000-7876397e3000 r--p 00012000 08:01 23620893                   /home/toolchain/development/libc++_replacement/tmp/R11/extracted/27/27790395513c771a19fc9313c1b659aedfb932af999bbfa6acb65505290811fd/usr/lib64/libdrm.so.2.131.0
7876397e3000-7876397e4000 rw-p 00013000 08:01 23620893                   /home/toolchain/development/libc++_replacement/tmp/R11/extracted/27/27790395513c771a19fc9313c1b659aedfb932af999bbfa6acb65505290811fd/usr/lib64/libdrm.so.2.131.0
7876397e4000-7876397e6000 r--p 00000000 08:01 25977975                   /home/toolchain/development/libc++_replacement/tmp/R11/extracted/a8/a8819aea63da55c4f0c49599f1947c129924372a67347c7bbf3dbf647a33ec09/usr/lib64/hal/libhal-api-tbm.so.1.1
7876397e6000-7876397e9000 r-xp 00002000 08:01 25977975                   /home/toolchain/development/libc++_replacement/tmp/R11/extracted/a8/a8819aea63da55c4f0c49599f1947c129924372a67347c7bbf3dbf647a33ec09/usr/lib64/hal/libhal-api-tbm.so.1.1
7876397e9000-7876397ea000 r--p 00005000 08:01 25977975                   /home/toolchain/development/libc++_replacement/tmp/R11/extracted/a8/a8819aea63da55c4f0c49599f1947c129924372a67347c7bbf3dbf647a33ec09/usr/lib64/hal/libhal-api-tbm.so.1.1
7876397ea000-7876397eb000 r--p 00005000 08:01 25977975                   /home/toolchain/development/libc++_replacement/tmp/R11/extracted/a8/a8819aea63da55c4f0c49599f1947c129924372a67347c7bbf3dbf647a33ec09/usr/lib64/hal/libhal-api-tbm.so.1.1
7876397eb000-7876397ec000 rw-p 00006000 08:01 25977975                   /home/toolchain/development/libc++_replacement/tmp/R11/extracted/a8/a8819aea63da55c4f0c49599f1947c129924372a67347c7bbf3dbf647a33ec09/usr/lib64/hal/libhal-api-tbm.so.1.1
7876397ec000-7876397ed000 r--p 00000000 08:01 26086361                   /home/toolchain/development/libc++_replacement/tmp/R11/extracted/54/54cd3d5fbbf2c43d1181e14b984e9bf87fd8f50975da2a32c526bf7b99d5c317/usr/lib64/libmmfdisplay_interface.so.0.0.0
7876397ed000-7876397ef000 r-xp 00001000 08:01 26086361                   /home/toolchain/development/libc++_replacement/tmp/R11/extracted/54/54cd3d5fbbf2c43d1181e14b984e9bf87fd8f50975da2a32c526bf7b99d5c317/usr/lib64/libmmfdisplay_interface.so.0.0.0
7876397ef000-7876397f0000 r--p 00003000 08:01 26086361                   /home/toolchain/development/libc++_replacement/tmp/R11/extracted/54/54cd3d5fbbf2c43d1181e14b984e9bf87fd8f50975da2a32c526bf7b99d5c317/usr/lib64/libmmfdisplay_interface.so.0.0.0
7876397f0000-7876397f1000 r--p 00003000 08:01 26086361                   /home/toolchain/development/libc++_replacement/tmp/R11/extracted/54/54cd3d5fbbf2c43d1181e14b984e9bf87fd8f50975da2a32c526bf7b99d5c317/usr/lib64/libmmfdisplay_interface.so.0.0.0
7876397f1000-7876397f2000 rw-p 00004000 08:01 26086361                   /home/toolchain/development/libc++_replacement/tmp/R11/extracted/54/54cd3d5fbbf2c43d1181e14b984e9bf87fd8f50975da2a32c526bf7b99d5c317/usr/lib64/libmmfdisplay_interface.so.0.0.0
7876397f2000-7876397f5000 r--p 00000000 08:01 26092018                   /home/toolchain/development/libc++_replacement/tmp/R11/extracted/81/810168d4f73fa589e05aeee81dc54450cbf957f7fc51c0cb5b4830a6024aa4b5/usr/lib64/libmuse-core.so.0.5.1
7876397f5000-7876397f9000 r-xp 00003000 08:01 26092018                   /home/toolchain/development/libc++_replacement/tmp/R11/extracted/81/810168d4f73fa589e05aeee81dc54450cbf957f7fc51c0cb5b4830a6024aa4b5/usr/lib64/libmuse-core.so.0.5.1
7876397f9000-7876397fb000 r--p 00007000 08:01 26092018                   /home/toolchain/development/libc++_replacement/tmp/R11/extracted/81/810168d4f73fa589e05aeee81dc54450cbf957f7fc51c0cb5b4830a6024aa4b5/usr/lib64/libmuse-core.so.0.5.1
7876397fb000-7876397fc000 r--p 00008000 08:01 26092018                   /home/toolchain/development/libc++_replacement/tmp/R11/extracted/81/810168d4f73fa589e05aeee81dc54450cbf957f7fc51c0cb5b4830a6024aa4b5/usr/lib64/libmuse-core.so.0.5.1
7876397fc000-7876397fd000 rw-p 00009000 08:01 26092018                   /home/toolchain/development/libc++_replacement/tmp/R11/extracted/81/810168d4f73fa589e05aeee81dc54450cbf957f7fc51c0cb5b4830a6024aa4b5/usr/lib64/libmuse-core.so.0.5.1
7876397fd000-7876397ff000 r--p 00000000 08:01 26092016                   /home/toolchain/development/libc++_replacement/tmp/R11/extracted/81/810168d4f73fa589e05aeee81dc54450cbf957f7fc51c0cb5b4830a6024aa4b5/usr/lib64/libmuse-client.so.0.5.1
7876397ff000-787639800000 r-xp 00002000 08:01 26092016                   /home/toolchain/development/libc++_replacement/tmp/R11/extracted/81/810168d4f73fa589e05aeee81dc54450cbf957f7fc51c0cb5b4830a6024aa4b5/usr/lib64/libmuse-client.so.0.5.1
787639800000-787639801000 r--p 00003000 08:01 26092016                   /home/toolchain/development/libc++_replacement/tmp/R11/extracted/81/810168d4f73fa589e05aeee81dc54450cbf957f7fc51c0cb5b4830a6024aa4b5/usr/lib64/libmuse-client.so.0.5.1
787639801000-787639802000 r--p 00003000 08:01 26092016                   /home/toolchain/development/libc++_replacement/tmp/R11/extracted/81/810168d4f73fa589e05aeee81dc54450cbf957f7fc51c0cb5b4830a6024aa4b5/usr/lib64/libmuse-client.so.0.5.1
787639802000-787639803000 rw-p 00004000 08:01 26092016                   /home/toolchain/development/libc++_replacement/tmp/R11/extracted/81/810168d4f73fa589e05aeee81dc54450cbf957f7fc51c0cb5b4830a6024aa4b5/usr/lib64/libmuse-client.so.0.5.1
787639803000-787639840000 r--p 00000000 08:01 26085380                   /home/toolchain/development/libc++_replacement/tmp/R11/extracted/e9/e940e836ede47e0ddf93cf6964e9ecf1f0b4ce7c35fa42fa15644c6cabac385d/usr/lib64/libgio-2.0.so.0.8000.5
787639840000-78763992f000 r-xp 0003d000 08:01 26085380                   /home/toolchain/development/libc++_replacement/tmp/R11/extracted/e9/e940e836ede47e0ddf93cf6964e9ecf1f0b4ce7c35fa42fa15644c6cabac385d/usr/lib64/libgio-2.0.so.0.8000.5
78763992f000-7876399a2000 r--p 0012c000 08:01 26085380                   /home/toolchain/development/libc++_replacement/tmp/R11/extracted/e9/e940e836ede47e0ddf93cf6964e9ecf1f0b4ce7c35fa42fa15644c6cabac385d/usr/lib64/libgio-2.0.so.0.8000.5
7876399a2000-7876399a9000 r--p 0019f000 08:01 26085380                   /home/toolchain/development/libc++_replacement/tmp/R11/extracted/e9/e940e836ede47e0ddf93cf6964e9ecf1f0b4ce7c35fa42fa15644c6cabac385d/usr/lib64/libgio-2.0.so.0.8000.5
7876399a9000-7876399ac000 rw-p 001a6000 08:01 26085380                   /home/toolchain/development/libc++_replacement/tmp/R11/extracted/e9/e940e836ede47e0ddf93cf6964e9ecf1f0b4ce7c35fa42fa15644c6cabac385d/usr/lib64/libgio-2.0.so.0.8000.5
7876399ac000-7876399ad000 rw-p 00000000 00:00 0 
7876399ad000-7876399b0000 r--p 00000000 08:01 25821235                   /home/toolchain/development/libc++_replacement/tmp/R11/extracted/1e/1eaf1a7cdd2450d7f7700221f3735cb6d7872050657f731a8fe3a9915b225563/usr/lib64/libbuxton2.so.1.9.14
7876399b0000-7876399b8000 r-xp 00003000 08:01 25821235                   /home/toolchain/development/libc++_replacement/tmp/R11/extracted/1e/1eaf1a7cdd2450d7f7700221f3735cb6d7872050657f731a8fe3a9915b225563/usr/lib64/libbuxton2.so.1.9.14
7876399b8000-7876399bb000 r--p 0000b000 08:01 25821235                   /home/toolchain/development/libc++_replacement/tmp/R11/extracted/1e/1eaf1a7cdd2450d7f7700221f3735cb6d7872050657f731a8fe3a9915b225563/usr/lib64/libbuxton2.so.1.9.14
7876399bb000-7876399bc000 r--p 0000d000 08:01 25821235                   /home/toolchain/development/libc++_replacement/tmp/R11/extracted/1e/1eaf1a7cdd2450d7f7700221f3735cb6d7872050657f731a8fe3a9915b225563/usr/lib64/libbuxton2.so.1.9.14
7876399bc000-7876399bd000 rw-p 0000e000 08:01 25821235                   /home/toolchain/development/libc++_replacement/tmp/R11/extracted/1e/1eaf1a7cdd2450d7f7700221f3735cb6d7872050657f731a8fe3a9915b225563/usr/lib64/libbuxton2.so.1.9.14
7876399bd000-7876399c5000 r--p 00000000 08:01 25839020                   /home/toolchain/development/libc++_replacement/tmp/R11/extracted/4a/4a4b557807fc34798ad0cd03cbf25933efbbd20adbbd8a5e1b38326251eef356/usr/lib64/libeio.so.1.25.1
7876399c5000-7876399d5000 r-xp 00008000 08:01 25839020                   /home/toolchain/development/libc++_replacement/tmp/R11/extracted/4a/4a4b557807fc34798ad0cd03cbf25933efbbd20adbbd8a5e1b38326251eef356/usr/lib64/libeio.so.1.25.1
7876399d5000-7876399db000 r--p 00018000 08:01 25839020                   /home/toolchain/development/libc++_replacement/tmp/R11/extracted/4a/4a4b557807fc34798ad0cd03cbf25933efbbd20adbbd8a5e1b38326251eef356/usr/lib64/libeio.so.1.25.1
7876399db000-7876399dc000 r--p 0001d000 08:01 25839020                   /home/toolchain/development/libc++_replacement/tmp/R11/extracted/4a/4a4b557807fc34798ad0cd03cbf25933efbbd20adbbd8a5e1b38326251eef356/usr/lib64/libeio.so.1.25.1
7876399dc000-7876399dd000 rw-p 0001e000 08:01 25839020                   /home/toolchain/development/libc++_replacement/tmp/R11/extracted/4a/4a4b557807fc34798ad0cd03cbf25933efbbd20adbbd8a5e1b38326251eef356/usr/lib64/libeio.so.1.25.1
7876399dd000-7876399e4000 r--p 00000000 08:01 25841991                   /home/toolchain/development/libc++_replacement/tmp/R11/extracted/85/8593668a2047d3875440ac697a9504b995034fbbf6617f9ac8baf46212921460/usr/lib64/libemotion.so.1.25.1
7876399e4000-7876399ee000 r-xp 00007000 08:01 25841991                   /home/toolchain/development/libc++_replacement/tmp/R11/extracted/85/8593668a2047d3875440ac697a9504b995034fbbf6617f9ac8baf46212921460/usr/lib64/libemotion.so.1.25.1
7876399ee000-7876399f4000 r--p 00011000 08:01 25841991                   /home/toolchain/development/libc++_replacement/tmp/R11/extracted/85/8593668a2047d3875440ac697a9504b995034fbbf6617f9ac8baf46212921460/usr/lib64/libemotion.so.1.25.1
7876399f4000-7876399f5000 r--p 00017000 08:01 25841991                   /home/toolchain/development/libc++_replacement/tmp/R11/extracted/85/8593668a2047d3875440ac697a9504b995034fbbf6617f9ac8baf46212921460/usr/lib64/libemotion.so.1.25.1
7876399f5000-7876399f6000 rw-p 00018000 08:01 25841991                   /home/toolchain/development/libc++_replacement/tmp/R11/extracted/85/8593668a2047d3875440ac697a9504b995034fbbf6617f9ac8baf46212921460/usr/lib64/libemotion.so.1.25.1
7876399f6000-7876399f9000 r--p 00000000 08:01 25869257                   /home/toolchain/development/libc++_replacement/tmp/R11/extracted/41/416d01db4ad75a8a452cfe82485dd4a95b731df556354dc1373b5c5653af4be8/usr/lib64/libethumb_client.so.1.25.1
7876399f9000-7876399fd000 r-xp 00003000 08:01 25869257                   /home/toolchain/development/libc++_replacement/tmp/R11/extracted/41/416d01db4ad75a8a452cfe82485dd4a95b731df556354dc1373b5c5653af4be8/usr/lib64/libethumb_client.so.1.25.1
7876399fd000-7876399ff000 r--p 00007000 08:01 25869257                   /home/toolchain/development/libc++_replacement/tmp/R11/extracted/41/416d01db4ad75a8a452cfe82485dd4a95b731df556354dc1373b5c5653af4be8/usr/lib64/libethumb_client.so.1.25.1
7876399ff000-787639a00000 r--p 00008000 08:01 25869257                   /home/toolchain/development/libc++_replacement/tmp/R11/extracted/41/416d01db4ad75a8a452cfe82485dd4a95b731df556354dc1373b5c5653af4be8/usr/lib64/libethumb_client.so.1.25.1
787639a00000-787639a01000 rw-p 00009000 08:01 25869257                   /home/toolchain/development/libc++_replacement/tmp/R11/extracted/41/416d01db4ad75a8a452cfe82485dd4a95b731df556354dc1373b5c5653af4be8/usr/lib64/libethumb_client.so.1.25.1
787639a01000-787639a1d000 r--p 00000000 08:01 25834962                   /home/toolchain/development/libc++_replacement/tmp/R11/extracted/f8/f8e22b05dba8a911adfe63a87320d40944eb87aebc4fd1f1a24350bad3463285/usr/lib64/libecore_con.so.1.25.1
787639a1d000-787639a64000 r-xp 0001c000 08:01 25834962                   /home/toolchain/development/libc++_replacement/tmp/R11/extracted/f8/f8e22b05dba8a911adfe63a87320d40944eb87aebc4fd1f1a24350bad3463285/usr/lib64/libecore_con.so.1.25.1
787639a64000-787639a84000 r--p 00063000 08:01 25834962                   /home/toolchain/development/libc++_replacement/tmp/R11/extracted/f8/f8e22b05dba8a911adfe63a87320d40944eb87aebc4fd1f1a24350bad3463285/usr/lib64/libecore_con.so.1.25.1
787639a84000-787639a89000 r--p 00082000 08:01 25834962                   /home/toolchain/development/libc++_replacement/tmp/R11/extracted/f8/f8e22b05dba8a911adfe63a87320d40944eb87aebc4fd1f1a24350bad3463285/usr/lib64/libecore_con.so.1.25.1
787639a89000-787639a8a000 rw-p 00087000 08:01 25834962                   /home/toolchain/development/libc++_replacement/tmp/R11/extracted/f8/f8e22b05dba8a911adfe63a87320d40944eb87aebc4fd1f1a24350bad3463285/usr/lib64/libecore_con.so.1.25.1
787639a8a000-787639a8b000 rw-p 00000000 00:00 0 
787639a8b000-787639a8f000 r--p 00000000 08:01 25834877                   /home/toolchain/development/libc++_replacement/tmp/R11/extracted/97/9717950ffaa8d6903b969c62e88c9d346585aed2321c2406293e8d512b454aec/usr/lib64/libecore_audio.so.1.25.1
787639a8f000-787639a95000 r-xp 00004000 08:01 25834877                   /home/toolchain/development/libc++_replacement/tmp/R11/extracted/97/9717950ffaa8d6903b969c62e88c9d346585aed2321c2406293e8d512b454aec/usr/lib64/libecore_audio.so.1.25.1
787639a95000-787639a98000 r--p 0000a000 08:01 25834877                   /home/toolchain/development/libc++_replacement/tmp/R11/extracted/97/9717950ffaa8d6903b969c62e88c9d346585aed2321c2406293e8d512b454aec/usr/lib64/libecore_audio.so.1.25.1
787639a98000-787639a99000 r--p 0000d000 08:01 25834877                   /home/toolchain/development/libc++_replacement/tmp/R11/extracted/97/9717950ffaa8d6903b969c62e88c9d346585aed2321c2406293e8d512b454aec/usr/lib64/libecore_audio.so.1.25.1
787639a99000-787639a9a000 rw-p 0000e000 08:01 25834877                   /home/toolchain/development/libc++_replacement/tmp/R11/extracted/97/9717950ffaa8d6903b969c62e88c9d346585aed2321c2406293e8d512b454aec/usr/lib64/libecore_audio.so.1.25.1
787639a9a000-787639aa1000 r--p 00000000 08:01 25838718                   /home/toolchain/development/libc++_replacement/tmp/R11/extracted/1c/1c018d0d6c83eff939ad61b356cb8c4e1fbbc5aa92fa3fb7940ba9b4e2ea74bc/usr/lib64/libefreet.so.1.25.1
787639aa1000-787639ab7000 r-xp 00007000 08:01 25838718                   /home/toolchain/development/libc++_replacement/tmp/R11/extracted/1c/1c018d0d6c83eff939ad61b356cb8c4e1fbbc5aa92fa3fb7940ba9b4e2ea74bc/usr/lib64/libefreet.so.1.25.1
787639ab7000-787639abe000 r--p 0001d000 08:01 25838718                   /home/toolchain/development/libc++_replacement/tmp/R11/extracted/1c/1c018d0d6c83eff939ad61b356cb8c4e1fbbc5aa92fa3fb7940ba9b4e2ea74bc/usr/lib64/libefreet.so.1.25.1
787639abe000-787639abf000 r--p 00024000 08:01 25838718                   /home/toolchain/development/libc++_replacement/tmp/R11/extracted/1c/1c018d0d6c83eff939ad61b356cb8c4e1fbbc5aa92fa3fb7940ba9b4e2ea74bc/usr/lib64/libefreet.so.1.25.1
787639abf000-787639ac0000 rw-p 00025000 08:01 25838718                   /home/toolchain/development/libc++_replacement/tmp/R11/extracted/1c/1c018d0d6c83eff939ad61b356cb8c4e1fbbc5aa92fa3fb7940ba9b4e2ea74bc/usr/lib64/libefreet.so.1.25.1
787639ac0000-787639ac1000 rw-p 00000000 00:00 0 
787639ac1000-787639ac5000 r--p 00000000 08:01 25841874                   /home/toolchain/development/libc++_replacement/tmp/R11/extracted/93/937dff2a3aa0bd0389e3bef9adaa4b76950cd5d5253233517084cebf801a3893/usr/lib64/libembryo.so.1.25.1
787639ac5000-787639aca000 r-xp 00004000 08:01 25841874                   /home/toolchain/development/libc++_replacement/tmp/R11/extracted/93/937dff2a3aa0bd0389e3bef9adaa4b76950cd5d5253233517084cebf801a3893/usr/lib64/libembryo.so.1.25.1
787639aca000-787639acc000 r--p 00009000 08:01 25841874                   /home/toolchain/development/libc++_replacement/tmp/R11/extracted/93/937dff2a3aa0bd0389e3bef9adaa4b76950cd5d5253233517084cebf801a3893/usr/lib64/libembryo.so.1.25.1
787639acc000-787639acd000 r--p 0000b000 08:01 25841874                   /home/toolchain/development/libc++_replacement/tmp/R11/extracted/93/937dff2a3aa0bd0389e3bef9adaa4b76950cd5d5253233517084cebf801a3893/usr/lib64/libembryo.so.1.25.1
787639acd000-787639ace000 rw-p 0000c000 08:01 25841874                   /home/toolchain/development/libc++_replacement/tmp/R11/extracted/93/937dff2a3aa0bd0389e3bef9adaa4b76950cd5d5253233517084cebf801a3893/usr/lib64/libembryo.so.1.25.1
787639ace000-787639acf000 r--p 00000000 08:01 25345794                   /home/toolchain/development/libc++_replacement/tmp/R11/extracted/f1/f17d337c85addd0a99315e1cbb6a1af911fdd00bcc7bcb50fa5cdb35ae488e02/usr/lib64/libecore_imf_evas.so.1.25.1
787639acf000-787639ad0000 r-xp 00001000 08:01 25345794                   /home/toolchain/development/libc++_replacement/tmp/R11/extracted/f1/f17d337c85addd0a99315e1cbb6a1af911fdd00bcc7bcb50fa5cdb35ae488e02/usr/lib64/libecore_imf_evas.so.1.25.1
787639ad0000-787639ad1000 r--p 00002000 08:01 25345794                   /home/toolchain/development/libc++_replacement/tmp/R11/extracted/f1/f17d337c85addd0a99315e1cbb6a1af911fdd00bcc7bcb50fa5cdb35ae488e02/usr/lib64/libecore_imf_evas.so.1.25.1
787639ad1000-787639ad2000 r--p 00002000 08:01 25345794                   /home/toolchain/development/libc++_replacement/tmp/R11/extracted/f1/f17d337c85addd0a99315e1cbb6a1af911fdd00bcc7bcb50fa5cdb35ae488e02/usr/lib64/libecore_imf_evas.so.1.25.1
787639ad2000-787639ad3000 rw-p 00003000 08:01 25345794                   /home/toolchain/development/libc++_replacement/tmp/R11/extracted/f1/f17d337c85addd0a99315e1cbb6a1af911fdd00bcc7bcb50fa5cdb35ae488e02/usr/lib64/libecore_imf_evas.so.1.25.1
787639ad3000-787639ad6000 r--p 00000000 08:01 25835076                   /home/toolchain/development/libc++_replacement/tmp/R11/extracted/e4/e450587a399727062221f9af6565fea508840d1dc24dbbb5b5d685ad726d617e/usr/lib64/libecore_file.so.1.25.1
787639ad6000-787639ad9000 r-xp 00003000 08:01 25835076                   /home/toolchain/development/libc++_replacement/tmp/R11/extracted/e4/e450587a399727062221f9af6565fea508840d1dc24dbbb5b5d685ad726d617e/usr/lib64/libecore_file.so.1.25.1
787639ad9000-787639adb000 r--p 00006000 08:01 25835076                   /home/toolchain/development/libc++_replacement/tmp/R11/extracted/e4/e450587a399727062221f9af6565fea508840d1dc24dbbb5b5d685ad726d617e/usr/lib64/libecore_file.so.1.25.1
787639adb000-787639adc000 r--p 00007000 08:01 25835076                   /home/toolchain/development/libc++_replacement/tmp/R11/extracted/e4/e450587a399727062221f9af6565fea508840d1dc24dbbb5b5d685ad726d617e/usr/lib64/libecore_file.so.1.25.1
787639adc000-787639add000 rw-p 00008000 08:01 25835076                   /home/toolchain/development/libc++_replacement/tmp/R11/extracted/e4/e450587a399727062221f9af6565fea508840d1dc24dbbb5b5d685ad726d617e/usr/lib64/libecore_file.so.1.25.1
787639add000-787639ae2000 r--p 00000000 08:01 25837082                   /home/toolchain/development/libc++_replacement/tmp/R11/extracted/a1/a1e1bb605d98f60d10bc89df35f4aec65e772e1795e21b84692cc87bfb934f22/usr/lib64/libeeze.so.1.25.1
787639ae2000-787639ae9000 r-xp 00005000 08:01 25837082                   /home/toolchain/development/libc++_replacement/tmp/R11/extracted/a1/a1e1bb605d98f60d10bc89df35f4aec65e772e1795e21b84692cc87bfb934f22/usr/lib64/libeeze.so.1.25.1
787639ae9000-787639aec000 r--p 0000c000 08:01 25837082                   /home/toolchain/development/libc++_replacement/tmp/R11/extracted/a1/a1e1bb605d98f60d10bc89df35f4aec65e772e1795e21b84692cc87bfb934f22/usr/lib64/libeeze.so.1.25.1
787639aec000-787639aed000 r--p 0000f000 08:01 25837082                   /home/toolchain/development/libc++_replacement/tmp/R11/extracted/a1/a1e1bb605d98f60d10bc89df35f4aec65e772e1795e21b84692cc87bfb934f22/usr/lib64/libeeze.so.1.25.1
787639aed000-787639aee000 rw-p 00010000 08:01 25837082                   /home/toolchain/development/libc++_replacement/tmp/R11/extracted/a1/a1e1bb605d98f60d10bc89df35f4aec65e772e1795e21b84692cc87bfb934f22/usr/lib64/libeeze.so.1.25.1
787639aee000-787639af1000 r--p 00000000 08:01 25835143                   /home/toolchain/development/libc++_replacement/tmp/R11/extracted/02/0245c6c3ad3344a194507d791061f62240be372ab249331fa7edd20e4215040a/usr/lib64/libecore_input_evas.so.1.25.1
787639af1000-787639af3000 r-xp 00003000 08:01 25835143                   /home/toolchain/development/libc++_replacement/tmp/R11/extracted/02/0245c6c3ad3344a194507d791061f62240be372ab249331fa7edd20e4215040a/usr/lib64/libecore_input_evas.so.1.25.1
787639af3000-787639af4000 r--p 00005000 08:01 25835143                   /home/toolchain/development/libc++_replacement/tmp/R11/extracted/02/0245c6c3ad3344a194507d791061f62240be372ab249331fa7edd20e4215040a/usr/lib64/libecore_input_evas.so.1.25.1
787639af4000-787639af5000 r--p 00005000 08:01 25835143                   /home/toolchain/development/libc++_replacement/tmp/R11/extracted/02/0245c6c3ad3344a194507d791061f62240be372ab249331fa7edd20e4215040a/usr/lib64/libecore_input_evas.so.1.25.1
787639af5000-787639af6000 rw-p 00006000 08:01 25835143                   /home/toolchain/development/libc++_replacement/tmp/R11/extracted/02/0245c6c3ad3344a194507d791061f62240be372ab249331fa7edd20e4215040a/usr/lib64/libecore_input_evas.so.1.25.1
787639af6000-787639b01000 r--p 00000000 08:01 26085642                   /home/toolchain/development/libc++_replacement/tmp/R11/extracted/4c/4ccd3f58cfedc62bfefbd09c834da30f55b9c7dc09f1e8e9a2ad70ce96c68026/usr/lib64/libharfbuzz.so.0.60822.0
787639b01000-787639b8d000 r-xp 0000b000 08:01 26085642                   /home/toolchain/development/libc++_replacement/tmp/R11/extracted/4c/4ccd3f58cfedc62bfefbd09c834da30f55b9c7dc09f1e8e9a2ad70ce96c68026/usr/lib64/libharfbuzz.so.0.60822.0
787639b8d000-787639bcd000 r--p 00097000 08:01 26085642                   /home/toolchain/development/libc++_replacement/tmp/R11/extracted/4c/4ccd3f58cfedc62bfefbd09c834da30f55b9c7dc09f1e8e9a2ad70ce96c68026/usr/lib64/libharfbuzz.so.0.60822.0
787639bcd000-787639bce000 r--p 000d7000 08:01 26085642                   /home/toolchain/development/libc++_replacement/tmp/R11/extracted/4c/4ccd3f58cfedc62bfefbd09c834da30f55b9c7dc09f1e8e9a2ad70ce96c68026/usr/lib64/libharfbuzz.so.0.60822.0
787639bce000-787639bcf000 rw-p 000d8000 08:01 26085642                   /home/toolchain/development/libc++_replacement/tmp/R11/extracted/4c/4ccd3f58cfedc62bfefbd09c834da30f55b9c7dc09f1e8e9a2ad70ce96c68026/usr/lib64/libharfbuzz.so.0.60822.0
787639bcf000-787639bd0000 rw-p 00000000 00:00 0 
787639bd0000-787639bd1000 r--p 00000000 08:01 26085747                   /home/toolchain/development/libc++_replacement/tmp/R11/extracted/43/43f64317f522937911b8338c4a359fcae003597542cab1b4275cdfd7db444c7f/usr/lib64/libhyphen.so.0.3.0
787639bd1000-787639bd4000 r-xp 00001000 08:01 26085747                   /home/toolchain/development/libc++_replacement/tmp/R11/extracted/43/43f64317f522937911b8338c4a359fcae003597542cab1b4275cdfd7db444c7f/usr/lib64/libhyphen.so.0.3.0
787639bd4000-787639bd5000 r--p 00004000 08:01 26085747                   /home/toolchain/development/libc++_replacement/tmp/R11/extracted/43/43f64317f522937911b8338c4a359fcae003597542cab1b4275cdfd7db444c7f/usr/lib64/libhyphen.so.0.3.0
787639bd5000-787639bd6000 r--p 00004000 08:01 26085747                   /home/toolchain/development/libc++_replacement/tmp/R11/extracted/43/43f64317f522937911b8338c4a359fcae003597542cab1b4275cdfd7db444c7f/usr/lib64/libhyphen.so.0.3.0
787639bd6000-787639bd7000 rw-p 00005000 08:01 26085747                   /home/toolchain/development/libc++_replacement/tmp/R11/extracted/43/43f64317f522937911b8338c4a359fcae003597542cab1b4275cdfd7db444c7f/usr/lib64/libhyphen.so.0.3.0
787639bd7000-787639bd9000 r--p 00000000 08:01 23598645                   /home/toolchain/development/libc++_replacement/tmp/R11/extracted/e8/e83a03d6c8a40e2e653dac1f944c39a08aca9a1e5dfa36547af2ba04fd76a584/usr/lib64/libfribidi.so.0.4.0
787639bd9000-787639bdd000 r-xp 00002000 08:01 23598645                   /home/toolchain/development/libc++_replacement/tmp/R11/extracted/e8/e83a03d6c8a40e2e653dac1f944c39a08aca9a1e5dfa36547af2ba04fd76a584/usr/lib64/libfribidi.so.0.4.0
787639bdd000-787639bf2000 r--p 00006000 08:01 23598645                   /home/toolchain/development/libc++_replacement/tmp/R11/extracted/e8/e83a03d6c8a40e2e653dac1f944c39a08aca9a1e5dfa36547af2ba04fd76a584/usr/lib64/libfribidi.so.0.4.0
787639bf2000-787639bf3000 r--p 0001a000 08:01 23598645                   /home/toolchain/development/libc++_replacement/tmp/R11/extracted/e8/e83a03d6c8a40e2e653dac1f944c39a08aca9a1e5dfa36547af2ba04fd76a584/usr/lib64/libfribidi.so.0.4.0
787639bf3000-787639bf4000 rw-p 0001b000 08:01 23598645                   /home/toolchain/development/libc++_replacement/tmp/R11/extracted/e8/e83a03d6c8a40e2e653dac1f944c39a08aca9a1e5dfa36547af2ba04fd76a584/usr/lib64/libfribidi.so.0.4.0
787639bf4000-787639bf9000 r--p 00000000 08:01 26090887                   /home/toolchain/development/libc++_replacement/tmp/R11/extracted/ad/adf4ec7a2b42179c08787df29643b76959484fb2d8082da784c557f760ff1e30/usr/lib64/librlottie.so.0.2
787639bf9000-787639c27000 r-xp 00005000 08:01 26090887                   /home/toolchain/development/libc++_replacement/tmp/R11/extracted/ad/adf4ec7a2b42179c08787df29643b76959484fb2d8082da784c557f760ff1e30/usr/lib64/librlottie.so.0.2
787639c27000-787639c2d000 r--p 00033000 08:01 26090887                   /home/toolchain/development/libc++_replacement/tmp/R11/extracted/ad/adf4ec7a2b42179c08787df29643b76959484fb2d8082da784c557f760ff1e30/usr/lib64/librlottie.so.0.2
787639c2d000-787639c2e000 r--p 00038000 08:01 26090887                   /home/toolchain/development/libc++_replacement/tmp/R11/extracted/ad/adf4ec7a2b42179c08787df29643b76959484fb2d8082da784c557f760ff1e30/usr/lib64/librlottie.so.0.2
787639c2e000-787639c2f000 rw-p 00039000 08:01 26090887                   /home/toolchain/development/libc++_replacement/tmp/R11/extracted/ad/adf4ec7a2b42179c08787df29643b76959484fb2d8082da784c557f760ff1e30/usr/lib64/librlottie.so.0.2
787639c2f000-787639c3f000 r--p 00000000 08:01 26224767                   /home/toolchain/development/libc++_replacement/tmp/R11/extracted/6c/6c6e8d30039b7d845b2318486eeea4958f7c78c8fe906eac647084f14b01b688/usr/lib64/libthorvg.so.1.0.7
787639c3f000-787639c92000 r-xp 00010000 08:01 26224767                   /home/toolchain/development/libc++_replacement/tmp/R11/extracted/6c/6c6e8d30039b7d845b2318486eeea4958f7c78c8fe906eac647084f14b01b688/usr/lib64/libthorvg.so.1.0.7
787639c92000-787639c95000 r--p 00063000 08:01 26224767                   /home/toolchain/development/libc++_replacement/tmp/R11/extracted/6c/6c6e8d30039b7d845b2318486eeea4958f7c78c8fe906eac647084f14b01b688/usr/lib64/libthorvg.so.1.0.7
787639c95000-787639c98000 r--p 00066000 08:01 26224767                   /home/toolchain/development/libc++_replacement/tmp/R11/extracted/6c/6c6e8d30039b7d845b2318486eeea4958f7c78c8fe906eac647084f14b01b688/usr/lib64/libthorvg.so.1.0.7
787639c98000-787639c99000 rw-p 00069000 08:01 26224767                   /home/toolchain/development/libc++_replacement/tmp/R11/extracted/6c/6c6e8d30039b7d845b2318486eeea4958f7c78c8fe906eac647084f14b01b688/usr/lib64/libthorvg.so.1.0.7
787639c99000-787639ca2000 r--p 00000000 08:01 14724237                   /home/toolchain/development/libc++_replacement/tmp/R11/extracted/82/829c76f2244979cbaeed773d878d05c7a4bbb9bef3bb9bea5b5ec0be035af892/usr/lib64/liblua.so.5.1
787639ca2000-787639cba000 r-xp 00009000 08:01 14724237                   /home/toolchain/development/libc++_replacement/tmp/R11/extracted/82/829c76f2244979cbaeed773d878d05c7a4bbb9bef3bb9bea5b5ec0be035af892/usr/lib64/liblua.so.5.1
787639cba000-787639cc3000 r--p 00021000 08:01 14724237                   /home/toolchain/development/libc++_replacement/tmp/R11/extracted/82/829c76f2244979cbaeed773d878d05c7a4bbb9bef3bb9bea5b5ec0be035af892/usr/lib64/liblua.so.5.1
787639cc3000-787639cc5000 r--p 00029000 08:01 14724237                   /home/toolchain/development/libc++_replacement/tmp/R11/extracted/82/829c76f2244979cbaeed773d878d05c7a4bbb9bef3bb9bea5b5ec0be035af892/usr/lib64/liblua.so.5.1
787639cc5000-787639cc6000 rw-p 0002b000 08:01 14724237                   /home/toolchain/development/libc++_replacement/tmp/R11/extracted/82/829c76f2244979cbaeed773d878d05c7a4bbb9bef3bb9bea5b5ec0be035af892/usr/lib64/liblua.so.5.1
787639cc6000-787639ccc000 r--p 00000000 08:01 25837053                   /home/toolchain/development/libc++_replacement/tmp/R11/extracted/46/4697dee8ce7cddc6b73f6fd60e00ed6cf4a2722bf9a73aa23dcb348203114846/usr/lib64/libeet.so.1.25.1
787639ccc000-787639ce1000 r-xp 00006000 08:01 25837053                   /home/toolchain/development/libc++_replacement/tmp/R11/extracted/46/4697dee8ce7cddc6b73f6fd60e00ed6cf4a2722bf9a73aa23dcb348203114846/usr/lib64/libeet.so.1.25.1
787639ce1000-787639ce8000 r--p 0001b000 08:01 25837053                   /home/toolchain/development/libc++_replacement/tmp/R11/extracted/46/4697dee8ce7cddc6b73f6fd60e00ed6cf4a2722bf9a73aa23dcb348203114846/usr/lib64/libeet.so.1.25.1
787639ce8000-787639ce9000 r--p 00021000 08:01 25837053                   /home/toolchain/development/libc++_replacement/tmp/R11/extracted/46/4697dee8ce7cddc6b73f6fd60e00ed6cf4a2722bf9a73aa23dcb348203114846/usr/lib64/libeet.so.1.25.1
787639ce9000-787639cea000 rw-p 00022000 08:01 25837053                   /home/toolchain/development/libc++_replacement/tmp/R11/extracted/46/4697dee8ce7cddc6b73f6fd60e00ed6cf4a2722bf9a73aa23dcb348203114846/usr/lib64/libeet.so.1.25.1
787639cea000-787639cf2000 rw-p 00000000 00:00 0 
787639cf2000-787639cf7000 r--p 00000000 08:01 25841955                   /home/toolchain/development/libc++_replacement/tmp/R11/extracted/a0/a00aee94db4dfdda09717ca195e67c5cfba7caae0932ccf6c4df97efa6615010/usr/lib64/libemile.so.1.25.1
787639cf7000-787639d1a000 r-xp 00005000 08:01 25841955                   /home/toolchain/development/libc++_replacement/tmp/R11/extracted/a0/a00aee94db4dfdda09717ca195e67c5cfba7caae0932ccf6c4df97efa6615010/usr/lib64/libemile.so.1.25.1
787639d1a000-787639d20000 r--p 00028000 08:01 25841955                   /home/toolchain/development/libc++_replacement/tmp/R11/extracted/a0/a00aee94db4dfdda09717ca195e67c5cfba7caae0932ccf6c4df97efa6615010/usr/lib64/libemile.so.1.25.1
787639d20000-787639d21000 r--p 0002d000 08:01 25841955                   /home/toolchain/development/libc++_replacement/tmp/R11/extracted/a0/a00aee94db4dfdda09717ca195e67c5cfba7caae0932ccf6c4df97efa6615010/usr/lib64/libemile.so.1.25.1
787639d21000-787639d22000 rw-p 0002e000 08:01 25841955                   /home/toolchain/development/libc++_replacement/tmp/R11/extracted/a0/a00aee94db4dfdda09717ca195e67c5cfba7caae0932ccf6c4df97efa6615010/usr/lib64/libemile.so.1.25.1
787639d22000-787639d2a000 rw-p 00000000 00:00 0 
787639d2a000-787639d2c000 r--p 00000000 08:01 25836061                   /home/toolchain/development/libc++_replacement/tmp/R11/extracted/89/89f50617a349ff4bd32cbbf2cbf74fdddff1140aaff38e26154ed17667ad4a01/usr/lib64/libector.so.1.25.1
787639d2c000-787639d35000 r-xp 00002000 08:01 25836061                   /home/toolchain/development/libc++_replacement/tmp/R11/extracted/89/89f50617a349ff4bd32cbbf2cbf74fdddff1140aaff38e26154ed17667ad4a01/usr/lib64/libector.so.1.25.1
787639d35000-787639d39000 r--p 0000b000 08:01 25836061                   /home/toolchain/development/libc++_replacement/tmp/R11/extracted/89/89f50617a349ff4bd32cbbf2cbf74fdddff1140aaff38e26154ed17667ad4a01/usr/lib64/libector.so.1.25.1
787639d39000-787639d3a000 r--p 0000e000 08:01 25836061                   /home/toolchain/development/libc++_replacement/tmp/R11/extracted/89/89f50617a349ff4bd32cbbf2cbf74fdddff1140aaff38e26154ed17667ad4a01/usr/lib64/libector.so.1.25.1
787639d3a000-787639d3b000 rw-p 0000f000 08:01 25836061                   /home/toolchain/development/libc++_replacement/tmp/R11/extracted/89/89f50617a349ff4bd32cbbf2cbf74fdddff1140aaff38e26154ed17667ad4a01/usr/lib64/libector.so.1.25.1
787639d3b000-787639d43000 rw-p 00000000 00:00 0 
787639d43000-787639d5b000 r--p 00000000 08:01 25837129                   /home/toolchain/development/libc++_replacement/tmp/R11/extracted/8d/8d0ef0801e89c4a4abf0bb15318bae80a14e648bb2e5a4d6554c9de752d628c2/usr/lib64/libefl.so.1.25.1
787639d5b000-787639d89000 r-xp 00018000 08:01 25837129                   /home/toolchain/development/libc++_replacement/tmp/R11/extracted/8d/8d0ef0801e89c4a4abf0bb15318bae80a14e648bb2e5a4d6554c9de752d628c2/usr/lib64/libefl.so.1.25.1
787639d89000-787639d9d000 r--p 00046000 08:01 25837129                   /home/toolchain/development/libc++_replacement/tmp/R11/extracted/8d/8d0ef0801e89c4a4abf0bb15318bae80a14e648bb2e5a4d6554c9de752d628c2/usr/lib64/libefl.so.1.25.1
787639d9d000-787639da3000 r--p 00059000 08:01 25837129                   /home/toolchain/development/libc++_replacement/tmp/R11/extracted/8d/8d0ef0801e89c4a4abf0bb15318bae80a14e648bb2e5a4d6554c9de752d628c2/usr/lib64/libefl.so.1.25.1
787639da3000-787639da4000 rw-p 0005f000 08:01 25837129                   /home/toolchain/development/libc++_replacement/tmp/R11/extracted/8d/8d0ef0801e89c4a4abf0bb15318bae80a14e648bb2e5a4d6554c9de752d628c2/usr/lib64/libefl.so.1.25.1
787639da4000-787639da5000 rw-p 00000000 00:00 0 
787639da5000-787639dab000 r--p 00000000 08:01 25844052                   /home/toolchain/development/libc++_replacement/tmp/R11/extracted/f1/f1dcf451e8f2e546cadcdfb1ff56e27d70bc7bba08da957752cf3586f98b980c/usr/lib64/libeo.so.1.25.1
787639dab000-787639dbb000 r-xp 00006000 08:01 25844052                   /home/toolchain/development/libc++_replacement/tmp/R11/extracted/f1/f1dcf451e8f2e546cadcdfb1ff56e27d70bc7bba08da957752cf3586f98b980c/usr/lib64/libeo.so.1.25.1
787639dbb000-787639dc1000 r--p 00016000 08:01 25844052                   /home/toolchain/development/libc++_replacement/tmp/R11/extracted/f1/f1dcf451e8f2e546cadcdfb1ff56e27d70bc7bba08da957752cf3586f98b980c/usr/lib64/libeo.so.1.25.1
787639dc1000-787639dc2000 r--p 0001c000 08:01 25844052                   /home/toolchain/development/libc++_replacement/tmp/R11/extracted/f1/f1dcf451e8f2e546cadcdfb1ff56e27d70bc7bba08da957752cf3586f98b980c/usr/lib64/libeo.so.1.25.1
787639dc2000-787639dc3000 rw-p 0001d000 08:01 25844052                   /home/toolchain/development/libc++_replacement/tmp/R11/extracted/f1/f1dcf451e8f2e546cadcdfb1ff56e27d70bc7bba08da957752cf3586f98b980c/usr/lib64/libeo.so.1.25.1
787639dc3000-787639dfd000 r--p 00000000 08:01 26231355                   /home/toolchain/development/libc++_replacement/tmp/R11/extracted/d3/d3b3b800db11b0a27151bb3236d9c9f59bc7fb8dfc914eb769dc2b943f665518/usr/lib64/libwgt-manifest-handlers.so.1.11.1
787639dfd000-787639e58000 r-xp 0003a000 08:01 26231355                   /home/toolchain/development/libc++_replacement/tmp/R11/extracted/d3/d3b3b800db11b0a27151bb3236d9c9f59bc7fb8dfc914eb769dc2b943f665518/usr/lib64/libwgt-manifest-handlers.so.1.11.1
787639e58000-787639e6d000 r--p 00095000 08:01 26231355                   /home/toolchain/development/libc++_replacement/tmp/R11/extracted/d3/d3b3b800db11b0a27151bb3236d9c9f59bc7fb8dfc914eb769dc2b943f665518/usr/lib64/libwgt-manifest-handlers.so.1.11.1
787639e6d000-787639e70000 r--p 000aa000 08:01 26231355                   /home/toolchain/development/libc++_replacement/tmp/R11/extracted/d3/d3b3b800db11b0a27151bb3236d9c9f59bc7fb8dfc914eb769dc2b943f665518/usr/lib64/libwgt-manifest-handlers.so.1.11.1
787639e70000-787639e72000 rw-p 000ad000 08:01 26231355                   /home/toolchain/development/libc++_replacement/tmp/R11/extracted/d3/d3b3b800db11b0a27151bb3236d9c9f59bc7fb8dfc914eb769dc2b943f665518/usr/lib64/libwgt-manifest-handlers.so.1.11.1
787639e72000-787639e8c000 r--p 00000000 08:01 26091145                   /home/toolchain/development/libc++_replacement/tmp/R11/extracted/bb/bbe1496d756b23b9943378f63a1c4a0a262cf4c8acaa04528d2265ad2363e5ff/usr/lib64/libmanifest-parser.so.1.9.0
787639e8c000-787639eb6000 r-xp 0001a000 08:01 26091145                   /home/toolchain/development/libc++_replacement/tmp/R11/extracted/bb/bbe1496d756b23b9943378f63a1c4a0a262cf4c8acaa04528d2265ad2363e5ff/usr/lib64/libmanifest-parser.so.1.9.0
787639eb6000-787639ec0000 r--p 00044000 08:01 26091145                   /home/toolchain/development/libc++_replacement/tmp/R11/extracted/bb/bbe1496d756b23b9943378f63a1c4a0a262cf4c8acaa04528d2265ad2363e5ff/usr/lib64/libmanifest-parser.so.1.9.0
787639ec0000-787639ec1000 r--p 0004d000 08:01 26091145                   /home/toolchain/development/libc++_replacement/tmp/R11/extracted/bb/bbe1496d756b23b9943378f63a1c4a0a262cf4c8acaa04528d2265ad2363e5ff/usr/lib64/libmanifest-parser.so.1.9.0
787639ec1000-787639ec2000 rw-p 0004e000 08:01 26091145                   /home/toolchain/development/libc++_replacement/tmp/R11/extracted/bb/bbe1496d756b23b9943378f63a1c4a0a262cf4c8acaa04528d2265ad2363e5ff/usr/lib64/libmanifest-parser.so.1.9.0
787639ec2000-787639ec3000 rw-p 00000000 00:00 0 
787639ec3000-787639ecc000 r--p 00000000 08:01 23624441                   /home/toolchain/development/libc++_replacement/tmp/R11/extracted/bf/bf0691c7c485397598852c384d9ed50c95a619dc3c243b3f68effa5512019232/usr/lib64/libxslt.so.1.1.43
787639ecc000-787639eec000 r-xp 00009000 08:01 23624441                   /home/toolchain/development/libc++_replacement/tmp/R11/extracted/bf/bf0691c7c485397598852c384d9ed50c95a619dc3c243b3f68effa5512019232/usr/lib64/libxslt.so.1.1.43
787639eec000-787639ef7000 r--p 00029000 08:01 23624441                   /home/toolchain/development/libc++_replacement/tmp/R11/extracted/bf/bf0691c7c485397598852c384d9ed50c95a619dc3c243b3f68effa5512019232/usr/lib64/libxslt.so.1.1.43
787639ef7000-787639ef8000 r--p 00033000 08:01 23624441                   /home/toolchain/development/libc++_replacement/tmp/R11/extracted/bf/bf0691c7c485397598852c384d9ed50c95a619dc3c243b3f68effa5512019232/usr/lib64/libxslt.so.1.1.43
787639ef8000-787639ef9000 rw-p 00034000 08:01 23624441                   /home/toolchain/development/libc++_replacement/tmp/R11/extracted/bf/bf0691c7c485397598852c384d9ed50c95a619dc3c243b3f68effa5512019232/usr/lib64/libxslt.so.1.1.43
787639ef9000-787639efb000 r--p 00000000 08:01 23629326                   /home/toolchain/development/libc++_replacement/tmp/R11/extracted/1c/1c5831047bcd841e76d29b05c6ca3ac18b028e7fcfadb8e4f824129cbf0a9f25/usr/lib64/libminizip.so.1.0.0
787639efb000-787639f02000 r-xp 00002000 08:01 23629326                   /home/toolchain/development/libc++_replacement/tmp/R11/extracted/1c/1c5831047bcd841e76d29b05c6ca3ac18b028e7fcfadb8e4f824129cbf0a9f25/usr/lib64/libminizip.so.1.0.0
787639f02000-787639f03000 r--p 00009000 08:01 23629326                   /home/toolchain/development/libc++_replacement/tmp/R11/extracted/1c/1c5831047bcd841e76d29b05c6ca3ac18b028e7fcfadb8e4f824129cbf0a9f25/usr/lib64/libminizip.so.1.0.0
787639f03000-787639f04000 r--p 0000a000 08:01 23629326                   /home/toolchain/development/libc++_replacement/tmp/R11/extracted/1c/1c5831047bcd841e76d29b05c6ca3ac18b028e7fcfadb8e4f824129cbf0a9f25/usr/lib64/libminizip.so.1.0.0
787639f04000-787639f05000 rw-p 0000b000 08:01 23629326                   /home/toolchain/development/libc++_replacement/tmp/R11/extracted/1c/1c5831047bcd841e76d29b05c6ca3ac18b028e7fcfadb8e4f824129cbf0a9f25/usr/lib64/libminizip.so.1.0.0
787639f05000-787639f15000 r--p 00000000 08:01 26004892                   /home/toolchain/development/libc++_replacement/tmp/R11/extracted/e6/e6eb0652568058c701ca1f100777b051e7a22d7acf570beb0f63a47b7e33887a/usr/lib64/libatspi.so.0.0.1
787639f15000-787639f29000 r-xp 00010000 08:01 26004892                   /home/toolchain/development/libc++_replacement/tmp/R11/extracted/e6/e6eb0652568058c701ca1f100777b051e7a22d7acf570beb0f63a47b7e33887a/usr/lib64/libatspi.so.0.0.1
787639f29000-787639f36000 r--p 00024000 08:01 26004892                   /home/toolchain/development/libc++_replacement/tmp/R11/extracted/e6/e6eb0652568058c701ca1f100777b051e7a22d7acf570beb0f63a47b7e33887a/usr/lib64/libatspi.so.0.0.1
787639f36000-787639f39000 r--p 00030000 08:01 26004892                   /home/toolchain/development/libc++_replacement/tmp/R11/extracted/e6/e6eb0652568058c701ca1f100777b051e7a22d7acf570beb0f63a47b7e33887a/usr/lib64/libatspi.so.0.0.1
787639f39000-787639f3a000 rw-p 00033000 08:01 26004892                   /home/toolchain/development/libc++_replacement/tmp/R11/extracted/e6/e6eb0652568058c701ca1f100777b051e7a22d7acf570beb0f63a47b7e33887a/usr/lib64/libatspi.so.0.0.1
787639f3a000-787639f3f000 r--p 00000000 08:01 26088453                   /home/toolchain/development/libc++_replacement/tmp/R11/extracted/3b/3b0aaa783ede91ab165509b8c3b0c749099cd0c919cb5183731feae59edc3c57/usr/lib64/libudev.so.1.6.16
787639f3f000-787639f59000 r-xp 00005000 08:01 26088453                   /home/toolchain/development/libc++_replacement/tmp/R11/extracted/3b/3b0aaa783ede91ab165509b8c3b0c749099cd0c919cb5183731feae59edc3c57/usr/lib64/libudev.so.1.6.16
787639f59000-787639f6d000 r--p 0001f000 08:01 26088453                   /home/toolchain/development/libc++_replacement/tmp/R11/extracted/3b/3b0aaa783ede91ab165509b8c3b0c749099cd0c919cb5183731feae59edc3c57/usr/lib64/libudev.so.1.6.16
787639f6d000-787639f6e000 r--p 00033000 08:01 26088453                   /home/toolchain/development/libc++_replacement/tmp/R11/extracted/3b/3b0aaa783ede91ab165509b8c3b0c749099cd0c919cb5183731feae59edc3c57/usr/lib64/libudev.so.1.6.16
787639f6e000-787639f6f000 rw-p 00034000 08:01 26088453                   /home/toolchain/development/libc++_replacement/tmp/R11/extracted/3b/3b0aaa783ede91ab165509b8c3b0c749099cd0c919cb5183731feae59edc3c57/usr/lib64/libudev.so.1.6.16
787639f6f000-787639f93000 r--p 00000000 08:01 23624402                   /home/toolchain/development/libc++_replacement/tmp/R11/extracted/02/02045876526d4f0f5d219b4e9d291f3597e85c0fceeca1b7663d25492e3298d3/usr/lib64/libxml2.so.16.1.1
787639f93000-78763a06b000 r-xp 00024000 08:01 23624402                   /home/toolchain/development/libc++_replacement/tmp/R11/extracted/02/02045876526d4f0f5d219b4e9d291f3597e85c0fceeca1b7663d25492e3298d3/usr/lib64/libxml2.so.16.1.1
78763a06b000-78763a0a8000 r--p 000fc000 08:01 23624402                   /home/toolchain/development/libc++_replacement/tmp/R11/extracted/02/02045876526d4f0f5d219b4e9d291f3597e85c0fceeca1b7663d25492e3298d3/usr/lib64/libxml2.so.16.1.1
78763a0a8000-78763a0b0000 r--p 00138000 08:01 23624402                   /home/toolchain/development/libc++_replacement/tmp/R11/extracted/02/02045876526d4f0f5d219b4e9d291f3597e85c0fceeca1b7663d25492e3298d3/usr/lib64/libxml2.so.16.1.1
78763a0b0000-78763a0b2000 rw-p 00140000 08:01 23624402                   /home/toolchain/development/libc++_replacement/tmp/R11/extracted/02/02045876526d4f0f5d219b4e9d291f3597e85c0fceeca1b7663d25492e3298d3/usr/lib64/libxml2.so.16.1.1
78763a0b2000-78763a0b3000 rw-p 00000000 00:00 0 
78763a0b3000-78763a0b5000 r--p 00000000 08:01 23624302                   /home/toolchain/development/libc++_replacement/tmp/R11/extracted/ff/ff59991b5cf650e0726c6f54af329bf9fbe7fd36f9f7c42dda22ca9742225e79/usr/lib64/libwebpmux.so.3.1.0
78763a0b5000-78763a0bd000 r-xp 00002000 08:01 23624302                   /home/toolchain/development/libc++_replacement/tmp/R11/extracted/ff/ff59991b5cf650e0726c6f54af329bf9fbe7fd36f9f7c42dda22ca9742225e79/usr/lib64/libwebpmux.so.3.1.0
78763a0bd000-78763a0bf000 r--p 0000a000 08:01 23624302                   /home/toolchain/development/libc++_replacement/tmp/R11/extracted/ff/ff59991b5cf650e0726c6f54af329bf9fbe7fd36f9f7c42dda22ca9742225e79/usr/lib64/libwebpmux.so.3.1.0
78763a0bf000-78763a0c0000 r--p 0000b000 08:01 23624302                   /home/toolchain/development/libc++_replacement/tmp/R11/extracted/ff/ff59991b5cf650e0726c6f54af329bf9fbe7fd36f9f7c42dda22ca9742225e79/usr/lib64/libwebpmux.so.3.1.0
78763a0c0000-78763a0c1000 rw-p 0000c000 08:01 23624302                   /home/toolchain/development/libc++_replacement/tmp/R11/extracted/ff/ff59991b5cf650e0726c6f54af329bf9fbe7fd36f9f7c42dda22ca9742225e79/usr/lib64/libwebpmux.so.3.1.0
78763a0c1000-78763a0c2000 r--p 00000000 08:01 23624300                   /home/toolchain/development/libc++_replacement/tmp/R11/extracted/ff/ff59991b5cf650e0726c6f54af329bf9fbe7fd36f9f7c42dda22ca9742225e79/usr/lib64/libwebpdemux.so.2.0.15
78763a0c2000-78763a0c4000 r-xp 00001000 08:01 23624300                   /home/toolchain/development/libc++_replacement/tmp/R11/extracted/ff/ff59991b5cf650e0726c6f54af329bf9fbe7fd36f9f7c42dda22ca9742225e79/usr/lib64/libwebpdemux.so.2.0.15
78763a0c4000-78763a0c5000 r--p 00003000 08:01 23624300                   /home/toolchain/development/libc++_replacement/tmp/R11/extracted/ff/ff59991b5cf650e0726c6f54af329bf9fbe7fd36f9f7c42dda22ca9742225e79/usr/lib64/libwebpdemux.so.2.0.15
78763a0c5000-78763a0c6000 r--p 00003000 08:01 23624300                   /home/toolchain/development/libc++_replacement/tmp/R11/extracted/ff/ff59991b5cf650e0726c6f54af329bf9fbe7fd36f9f7c42dda22ca9742225e79/usr/lib64/libwebpdemux.so.2.0.15
78763a0c6000-78763a0c7000 rw-p 00004000 08:01 23624300                   /home/toolchain/development/libc++_replacement/tmp/R11/extracted/ff/ff59991b5cf650e0726c6f54af329bf9fbe7fd36f9f7c42dda22ca9742225e79/usr/lib64/libwebpdemux.so.2.0.15
78763a0c7000-78763a0cd000 r--p 00000000 08:01 23621510                   /home/toolchain/development/libc++_replacement/tmp/R11/extracted/a2/a2e41cda0fbf3cd42aec10ab4fbe8577bb34c4eed1b965ca1e4612a2a674a85c/usr/lib64/libjpeg.so.8.3.2
78763a0cd000-78763a16c000 r-xp 00006000 08:01 23621510                   /home/toolchain/development/libc++_replacement/tmp/R11/extracted/a2/a2e41cda0fbf3cd42aec10ab4fbe8577bb34c4eed1b965ca1e4612a2a674a85c/usr/lib64/libjpeg.so.8.3.2
78763a16c000-78763a193000 r--p 000a5000 08:01 23621510                   /home/toolchain/development/libc++_replacement/tmp/R11/extracted/a2/a2e41cda0fbf3cd42aec10ab4fbe8577bb34c4eed1b965ca1e4612a2a674a85c/usr/lib64/libjpeg.so.8.3.2
78763a193000-78763a194000 r--p 000cc000 08:01 23621510                   /home/toolchain/development/libc++_replacement/tmp/R11/extracted/a2/a2e41cda0fbf3cd42aec10ab4fbe8577bb34c4eed1b965ca1e4612a2a674a85c/usr/lib64/libjpeg.so.8.3.2
78763a194000-78763a195000 rw-p 000cd000 08:01 23621510                   /home/toolchain/development/libc++_replacement/tmp/R11/extracted/a2/a2e41cda0fbf3cd42aec10ab4fbe8577bb34c4eed1b965ca1e4612a2a674a85c/usr/lib64/libjpeg.so.8.3.2
78763a195000-78763a198000 r--p 00000000 08:01 23731623                   /home/toolchain/development/libc++_replacement/tmp/R11/extracted/12/12fb34fcc40539710ebe3ed74d9b66fa0f02a1bb0e154e5d8ddc395c04466364/lib64/libz.so.1.3.1
78763a198000-78763a1a4000 r-xp 00003000 08:01 23731623                   /home/toolchain/development/libc++_replacement/tmp/R11/extracted/12/12fb34fcc40539710ebe3ed74d9b66fa0f02a1bb0e154e5d8ddc395c04466364/lib64/libz.so.1.3.1
78763a1a4000-78763a1aa000 r--p 0000f000 08:01 23731623                   /home/toolchain/development/libc++_replacement/tmp/R11/extracted/12/12fb34fcc40539710ebe3ed74d9b66fa0f02a1bb0e154e5d8ddc395c04466364/lib64/libz.so.1.3.1
78763a1aa000-78763a1ab000 r--p 00015000 08:01 23731623                   /home/toolchain/development/libc++_replacement/tmp/R11/extracted/12/12fb34fcc40539710ebe3ed74d9b66fa0f02a1bb0e154e5d8ddc395c04466364/lib64/libz.so.1.3.1
78763a1ab000-78763a1ac000 rw-p 00016000 08:01 23731623                   /home/toolchain/development/libc++_replacement/tmp/R11/extracted/12/12fb34fcc40539710ebe3ed74d9b66fa0f02a1bb0e154e5d8ddc395c04466364/lib64/libz.so.1.3.1
78763a1ac000-78763a1b1000 r--p 00000000 08:01 25824127                   /home/toolchain/development/libc++_replacement/tmp/R11/extracted/25/25dd2cce533e0ffc534108bdfc41f63c6c7ba6fbce3928dd549a82a2599b4a19/usr/lib64/libcapi-ui-inputmethod.so.0.11.6
78763a1b1000-78763a1b7000 r-xp 00005000 08:01 25824127                   /home/toolchain/development/libc++_replacement/tmp/R11/extracted/25/25dd2cce533e0ffc534108bdfc41f63c6c7ba6fbce3928dd549a82a2599b4a19/usr/lib64/libcapi-ui-inputmethod.so.0.11.6
78763a1b7000-78763a1bb000 r--p 0000b000 08:01 25824127                   /home/toolchain/development/libc++_replacement/tmp/R11/extracted/25/25dd2cce533e0ffc534108bdfc41f63c6c7ba6fbce3928dd549a82a2599b4a19/usr/lib64/libcapi-ui-inputmethod.so.0.11.6
78763a1bb000-78763a1bc000 r--p 0000e000 08:01 25824127                   /home/toolchain/development/libc++_replacement/tmp/R11/extracted/25/25dd2cce533e0ffc534108bdfc41f63c6c7ba6fbce3928dd549a82a2599b4a19/usr/lib64/libcapi-ui-inputmethod.so.0.11.6
78763a1bc000-78763a1bd000 rw-p 0000f000 08:01 25824127                   /home/toolchain/development/libc++_replacement/tmp/R11/extracted/25/25dd2cce533e0ffc534108bdfc41f63c6c7ba6fbce3928dd549a82a2599b4a19/usr/lib64/libcapi-ui-inputmethod.so.0.11.6
78763a1bd000-78763a1bf000 r--p 00000000 08:01 25714621                   /home/toolchain/development/libc++_replacement/tmp/R11/extracted/a2/a22eb8a32030f593796a558ab14cd9ba62b401ec24e52390615c9046c8ce0bdb/usr/lib64/libappcore-watch.so.1.7.25
78763a1bf000-78763a1c1000 r-xp 00002000 08:01 25714621                   /home/toolchain/development/libc++_replacement/tmp/R11/extracted/a2/a22eb8a32030f593796a558ab14cd9ba62b401ec24e52390615c9046c8ce0bdb/usr/lib64/libappcore-watch.so.1.7.25
78763a1c1000-78763a1c3000 r--p 00004000 08:01 25714621                   /home/toolchain/development/libc++_replacement/tmp/R11/extracted/a2/a22eb8a32030f593796a558ab14cd9ba62b401ec24e52390615c9046c8ce0bdb/usr/lib64/libappcore-watch.so.1.7.25
78763a1c3000-78763a1c4000 r--p 00005000 08:01 25714621                   /home/toolchain/development/libc++_replacement/tmp/R11/extracted/a2/a22eb8a32030f593796a558ab14cd9ba62b401ec24e52390615c9046c8ce0bdb/usr/lib64/libappcore-watch.so.1.7.25
78763a1c4000-78763a1c5000 rw-p 00006000 08:01 25714621                   /home/toolchain/development/libc++_replacement/tmp/R11/extracted/a2/a22eb8a32030f593796a558ab14cd9ba62b401ec24e52390615c9046c8ce0bdb/usr/lib64/libappcore-watch.so.1.7.25
78763a1c5000-78763a1cb000 r--p 00000000 08:01 26089310                   /home/toolchain/development/libc++_replacement/tmp/R11/extracted/62/626d64e7b0eea393d3afc64b3eea36a95207cd50cbb65b6e841e28736734c70a/usr/lib64/libwayland-client.so.0.23.1
78763a1cb000-78763a1d2000 r-xp 00006000 08:01 26089310                   /home/toolchain/development/libc++_replacement/tmp/R11/extracted/62/626d64e7b0eea393d3afc64b3eea36a95207cd50cbb65b6e841e28736734c70a/usr/lib64/libwayland-client.so.0.23.1
78763a1d2000-78763a1d6000 r--p 0000d000 08:01 26089310                   /home/toolchain/development/libc++_replacement/tmp/R11/extracted/62/626d64e7b0eea393d3afc64b3eea36a95207cd50cbb65b6e841e28736734c70a/usr/lib64/libwayland-client.so.0.23.1
78763a1d6000-78763a1d8000 r--p 00010000 08:01 26089310                   /home/toolchain/development/libc++_replacement/tmp/R11/extracted/62/626d64e7b0eea393d3afc64b3eea36a95207cd50cbb65b6e841e28736734c70a/usr/lib64/libwayland-client.so.0.23.1
78763a1d8000-78763a1d9000 rw-p 00012000 08:01 26089310                   /home/toolchain/development/libc++_replacement/tmp/R11/extracted/62/626d64e7b0eea393d3afc64b3eea36a95207cd50cbb65b6e841e28736734c70a/usr/lib64/libwayland-client.so.0.23.1
78763a1d9000-78763a1df000 r--p 00000000 08:01 26089406                   /home/toolchain/development/libc++_replacement/tmp/R11/extracted/6e/6ea88a8be40d0a02d31f2d7f5b7e998e43bda209403c740d6385dc2b6b965039/usr/lib64/libtizen-extension-client.so.0.0.0
78763a1df000-78763a1e0000 r-xp 00006000 08:01 26089406                   /home/toolchain/development/libc++_replacement/tmp/R11/extracted/6e/6ea88a8be40d0a02d31f2d7f5b7e998e43bda209403c740d6385dc2b6b965039/usr/lib64/libtizen-extension-client.so.0.0.0
78763a1e0000-78763a1e1000 r--p 00007000 08:01 26089406                   /home/toolchain/development/libc++_replacement/tmp/R11/extracted/6e/6ea88a8be40d0a02d31f2d7f5b7e998e43bda209403c740d6385dc2b6b965039/usr/lib64/libtizen-extension-client.so.0.0.0
78763a1e1000-78763a1e3000 r--p 00008000 08:01 26089406                   /home/toolchain/development/libc++_replacement/tmp/R11/extracted/6e/6ea88a8be40d0a02d31f2d7f5b7e998e43bda209403c740d6385dc2b6b965039/usr/lib64/libtizen-extension-client.so.0.0.0
78763a1e3000-78763a1e4000 rw-p 0000a000 08:01 26089406                   /home/toolchain/development/libc++_replacement/tmp/R11/extracted/6e/6ea88a8be40d0a02d31f2d7f5b7e998e43bda209403c740d6385dc2b6b965039/usr/lib64/libtizen-extension-client.so.0.0.0
78763a1e4000-78763a1e7000 r--p 00000000 08:01 26089603                   /home/toolchain/development/libc++_replacement/tmp/R11/extracted/dc/dc8ad77d22cf9c9fd9268ad47f9c05af5298090bd485f043ef8f08f2f15444df/usr/lib64/libwebappenc.so.1.0.0
78763a1e7000-78763a1ec000 r-xp 00003000 08:01 26089603                   /home/toolchain/development/libc++_replacement/tmp/R11/extracted/dc/dc8ad77d22cf9c9fd9268ad47f9c05af5298090bd485f043ef8f08f2f15444df/usr/lib64/libwebappenc.so.1.0.0
78763a1ec000-78763a1ef000 r--p 00008000 08:01 26089603                   /home/toolchain/development/libc++_replacement/tmp/R11/extracted/dc/dc8ad77d22cf9c9fd9268ad47f9c05af5298090bd485f043ef8f08f2f15444df/usr/lib64/libwebappenc.so.1.0.0
78763a1ef000-78763a1f0000 r--p 0000a000 08:01 26089603                   /home/toolchain/development/libc++_replacement/tmp/R11/extracted/dc/dc8ad77d22cf9c9fd9268ad47f9c05af5298090bd485f043ef8f08f2f15444df/usr/lib64/libwebappenc.so.1.0.0
78763a1f0000-78763a1f1000 rw-p 0000b000 08:01 26089603                   /home/toolchain/development/libc++_replacement/tmp/R11/extracted/dc/dc8ad77d22cf9c9fd9268ad47f9c05af5298090bd485f043ef8f08f2f15444df/usr/lib64/libwebappenc.so.1.0.0
78763a1f1000-78763a1f8000 r--p 00000000 08:01 26086057                   /home/toolchain/development/libc++_replacement/tmp/R11/extracted/0e/0efe61aee8b21b7428b6e9450634250a37528da99fe5adccaaf1b4e7430ae291/usr/lib64/liblaunchpad.so.0.50.17
78763a1f8000-78763a1ff000 r-xp 00007000 08:01 26086057                   /home/toolchain/development/libc++_replacement/tmp/R11/extracted/0e/0efe61aee8b21b7428b6e9450634250a37528da99fe5adccaaf1b4e7430ae291/usr/lib64/liblaunchpad.so.0.50.17
78763a1ff000-78763a203000 r--p 0000e000 08:01 26086057                   /home/toolchain/development/libc++_replacement/tmp/R11/extracted/0e/0efe61aee8b21b7428b6e9450634250a37528da99fe5adccaaf1b4e7430ae291/usr/lib64/liblaunchpad.so.0.50.17
78763a203000-78763a204000 r--p 00011000 08:01 26086057                   /home/toolchain/development/libc++_replacement/tmp/R11/extracted/0e/0efe61aee8b21b7428b6e9450634250a37528da99fe5adccaaf1b4e7430ae291/usr/lib64/liblaunchpad.so.0.50.17
78763a204000-78763a205000 rw-p 00012000 08:01 26086057                   /home/toolchain/development/libc++_replacement/tmp/R11/extracted/0e/0efe61aee8b21b7428b6e9450634250a37528da99fe5adccaaf1b4e7430ae291/usr/lib64/liblaunchpad.so.0.50.17
78763a205000-78763a207000 r--p 00000000 08:01 26083945                   /home/toolchain/development/libc++_replacement/tmp/R11/extracted/d8/d8a6c8aea987eb4dd144cea29aa6edf069e6f7048e0d464aeee0819d8984767d/usr/lib64/libcynara-creds-self.so.0.26.0
78763a207000-78763a209000 r-xp 00002000 08:01 26083945                   /home/toolchain/development/libc++_replacement/tmp/R11/extracted/d8/d8a6c8aea987eb4dd144cea29aa6edf069e6f7048e0d464aeee0819d8984767d/usr/lib64/libcynara-creds-self.so.0.26.0
78763a209000-78763a20a000 r--p 00004000 08:01 26083945                   /home/toolchain/development/libc++_replacement/tmp/R11/extracted/d8/d8a6c8aea987eb4dd144cea29aa6edf069e6f7048e0d464aeee0819d8984767d/usr/lib64/libcynara-creds-self.so.0.26.0
78763a20a000-78763a20b000 r--p 00004000 08:01 26083945                   /home/toolchain/development/libc++_replacement/tmp/R11/extracted/d8/d8a6c8aea987eb4dd144cea29aa6edf069e6f7048e0d464aeee0819d8984767d/usr/lib64/libcynara-creds-self.so.0.26.0
78763a20b000-78763a20c000 rw-p 00005000 08:01 26083945                   /home/toolchain/development/libc++_replacement/tmp/R11/extracted/d8/d8a6c8aea987eb4dd144cea29aa6edf069e6f7048e0d464aeee0819d8984767d/usr/lib64/libcynara-creds-self.so.0.26.0
78763a20c000-78763a20e000 r--p 00000000 08:01 26083925                   /home/toolchain/development/libc++_replacement/tmp/R11/extracted/56/566dfdf8a9cfe95434b1b1ea5ee3d54a86da7d6a465cb718cac7ff698b15aacc/usr/lib64/libcynara-creds-pid.so.0.26.0
78763a20e000-78763a211000 r-xp 00002000 08:01 26083925                   /home/toolchain/development/libc++_replacement/tmp/R11/extracted/56/566dfdf8a9cfe95434b1b1ea5ee3d54a86da7d6a465cb718cac7ff698b15aacc/usr/lib64/libcynara-creds-pid.so.0.26.0
78763a211000-78763a212000 r--p 00005000 08:01 26083925                   /home/toolchain/development/libc++_replacement/tmp/R11/extracted/56/566dfdf8a9cfe95434b1b1ea5ee3d54a86da7d6a465cb718cac7ff698b15aacc/usr/lib64/libcynara-creds-pid.so.0.26.0
78763a212000-78763a213000 r--p 00005000 08:01 26083925                   /home/toolchain/development/libc++_replacement/tmp/R11/extracted/56/566dfdf8a9cfe95434b1b1ea5ee3d54a86da7d6a465cb718cac7ff698b15aacc/usr/lib64/libcynara-creds-pid.so.0.26.0
78763a213000-78763a214000 rw-p 00006000 08:01 26083925                   /home/toolchain/development/libc++_replacement/tmp/R11/extracted/56/566dfdf8a9cfe95434b1b1ea5ee3d54a86da7d6a465cb718cac7ff698b15aacc/usr/lib64/libcynara-creds-pid.so.0.26.0
78763a214000-78763a217000 r--p 00000000 08:01 26083839                   /home/toolchain/development/libc++_replacement/tmp/R11/extracted/95/95baaefb26a50408eb4d7f5426aa17e1af2d62788151eb7b2113e095e0adcc37/usr/lib64/libcynara-client.so.0.26.0
78763a217000-78763a21e000 r-xp 00003000 08:01 26083839                   /home/toolchain/development/libc++_replacement/tmp/R11/extracted/95/95baaefb26a50408eb4d7f5426aa17e1af2d62788151eb7b2113e095e0adcc37/usr/lib64/libcynara-client.so.0.26.0
78763a21e000-78763a220000 r--p 0000a000 08:01 26083839                   /home/toolchain/development/libc++_replacement/tmp/R11/extracted/95/95baaefb26a50408eb4d7f5426aa17e1af2d62788151eb7b2113e095e0adcc37/usr/lib64/libcynara-client.so.0.26.0
78763a220000-78763a221000 r--p 0000c000 08:01 26083839                   /home/toolchain/development/libc++_replacement/tmp/R11/extracted/95/95baaefb26a50408eb4d7f5426aa17e1af2d62788151eb7b2113e095e0adcc37/usr/lib64/libcynara-client.so.0.26.0
78763a221000-78763a222000 rw-p 0000d000 08:01 26083839                   /home/toolchain/development/libc++_replacement/tmp/R11/extracted/95/95baaefb26a50408eb4d7f5426aa17e1af2d62788151eb7b2113e095e0adcc37/usr/lib64/libcynara-client.so.0.26.0
78763a222000-78763a22e000 r--p 00000000 08:01 25821195                   /home/toolchain/development/libc++_replacement/tmp/R11/extracted/e6/e6a861fe4b11824bcdfe69c7461bc524938667ca3a03897418ee4e4554a3886e/usr/lib64/libbundle.so.0.18.15
78763a22e000-78763a23d000 r-xp 0000c000 08:01 25821195                   /home/toolchain/development/libc++_replacement/tmp/R11/extracted/e6/e6a861fe4b11824bcdfe69c7461bc524938667ca3a03897418ee4e4554a3886e/usr/lib64/libbundle.so.0.18.15
78763a23d000-78763a243000 r--p 0001b000 08:01 25821195                   /home/toolchain/development/libc++_replacement/tmp/R11/extracted/e6/e6a861fe4b11824bcdfe69c7461bc524938667ca3a03897418ee4e4554a3886e/usr/lib64/libbundle.so.0.18.15
78763a243000-78763a244000 r--p 00020000 08:01 25821195                   /home/toolchain/development/libc++_replacement/tmp/R11/extracted/e6/e6a861fe4b11824bcdfe69c7461bc524938667ca3a03897418ee4e4554a3886e/usr/lib64/libbundle.so.0.18.15
78763a244000-78763a245000 rw-p 00021000 08:01 25821195                   /home/toolchain/development/libc++_replacement/tmp/R11/extracted/e6/e6a861fe4b11824bcdfe69c7461bc524938667ca3a03897418ee4e4554a3886e/usr/lib64/libbundle.so.0.18.15
78763a245000-78763a277000 r--p 00000000 08:01 25716647                   /home/toolchain/development/libc++_replacement/tmp/R11/extracted/69/69a66bf21fe7e6ba583831be02eab8b25eb5b9e842da34e562195d8b1fe607ca/usr/lib64/libaul.so.0.84.11
78763a277000-78763a2db000 r-xp 00032000 08:01 25716647                   /home/toolchain/development/libc++_replacement/tmp/R11/extracted/69/69a66bf21fe7e6ba583831be02eab8b25eb5b9e842da34e562195d8b1fe607ca/usr/lib64/libaul.so.0.84.11
78763a2db000-78763a305000 r--p 00096000 08:01 25716647                   /home/toolchain/development/libc++_replacement/tmp/R11/extracted/69/69a66bf21fe7e6ba583831be02eab8b25eb5b9e842da34e562195d8b1fe607ca/usr/lib64/libaul.so.0.84.11
78763a305000-78763a307000 r--p 000bf000 08:01 25716647                   /home/toolchain/development/libc++_replacement/tmp/R11/extracted/69/69a66bf21fe7e6ba583831be02eab8b25eb5b9e842da34e562195d8b1fe607ca/usr/lib64/libaul.so.0.84.11
78763a307000-78763a30a000 rw-p 000c1000 08:01 25716647                   /home/toolchain/development/libc++_replacement/tmp/R11/extracted/69/69a66bf21fe7e6ba583831be02eab8b25eb5b9e842da34e562195d8b1fe607ca/usr/lib64/libaul.so.0.84.11
78763a30a000-78763a311000 r--p 00000000 08:01 25954518                   /home/toolchain/development/libc++_replacement/tmp/R11/extracted/a4/a475207de28a5a6071d20b4b2a8fd1d70012dca57ce0e81108e8011301462a91/usr/lib64/libfontconfig.so.1.12.0
78763a311000-78763a332000 r-xp 00007000 08:01 25954518                   /home/toolchain/development/libc++_replacement/tmp/R11/extracted/a4/a475207de28a5a6071d20b4b2a8fd1d70012dca57ce0e81108e8011301462a91/usr/lib64/libfontconfig.so.1.12.0
78763a332000-78763a349000 r--p 00028000 08:01 25954518                   /home/toolchain/development/libc++_replacement/tmp/R11/extracted/a4/a475207de28a5a6071d20b4b2a8fd1d70012dca57ce0e81108e8011301462a91/usr/lib64/libfontconfig.so.1.12.0
78763a349000-78763a34b000 r--p 0003f000 08:01 25954518                   /home/toolchain/development/libc++_replacement/tmp/R11/extracted/a4/a475207de28a5a6071d20b4b2a8fd1d70012dca57ce0e81108e8011301462a91/usr/lib64/libfontconfig.so.1.12.0
78763a34b000-78763a34c000 rw-p 00041000 08:01 25954518                   /home/toolchain/development/libc++_replacement/tmp/R11/extracted/a4/a475207de28a5a6071d20b4b2a8fd1d70012dca57ce0e81108e8011301462a91/usr/lib64/libfontconfig.so.1.12.0
78763a34c000-78763a359000 r--p 00000000 08:01 25833205                   /home/toolchain/development/libc++_replacement/tmp/R11/extracted/60/601387b7ea2bd783c17c7d962709c8135ce3517374d8c92302b0d0bfefba4836/usr/lib64/libdbus-1.so.3.19.13
78763a359000-78763a383000 r-xp 0000d000 08:01 25833205                   /home/toolchain/development/libc++_replacement/tmp/R11/extracted/60/601387b7ea2bd783c17c7d962709c8135ce3517374d8c92302b0d0bfefba4836/usr/lib64/libdbus-1.so.3.19.13
78763a383000-78763a395000 r--p 00037000 08:01 25833205                   /home/toolchain/development/libc++_replacement/tmp/R11/extracted/60/601387b7ea2bd783c17c7d962709c8135ce3517374d8c92302b0d0bfefba4836/usr/lib64/libdbus-1.so.3.19.13
78763a395000-78763a397000 rw-p 00049000 08:01 25833205                   /home/toolchain/development/libc++_replacement/tmp/R11/extracted/60/601387b7ea2bd783c17c7d962709c8135ce3517374d8c92302b0d0bfefba4836/usr/lib64/libdbus-1.so.3.19.13
78763a397000-78763a3d9000 r--p 00000000 08:01 25861320                   /home/toolchain/development/libc++_replacement/tmp/R11/extracted/81/81f15d544a17a15af43bbf75dd529db933bd56a6de08c2ea5c3aa6c8b57a251c/usr/lib64/libesplusplayer.so
78763a3d9000-78763a405000 r-xp 00042000 08:01 25861320                   /home/toolchain/development/libc++_replacement/tmp/R11/extracted/81/81f15d544a17a15af43bbf75dd529db933bd56a6de08c2ea5c3aa6c8b57a251c/usr/lib64/libesplusplayer.so
78763a405000-78763a420000 r--p 0006e000 08:01 25861320                   /home/toolchain/development/libc++_replacement/tmp/R11/extracted/81/81f15d544a17a15af43bbf75dd529db933bd56a6de08c2ea5c3aa6c8b57a251c/usr/lib64/libesplusplayer.so
78763a420000-78763a423000 r--p 00088000 08:01 25861320                   /home/toolchain/development/libc++_replacement/tmp/R11/extracted/81/81f15d544a17a15af43bbf75dd529db933bd56a6de08c2ea5c3aa6c8b57a251c/usr/lib64/libesplusplayer.so
78763a423000-78763a425000 rw-p 0008b000 08:01 25861320                   /home/toolchain/development/libc++_replacement/tmp/R11/extracted/81/81f15d544a17a15af43bbf75dd529db933bd56a6de08c2ea5c3aa6c8b57a251c/usr/lib64/libesplusplayer.so
78763a425000-78763a42c000 r--p 00000000 08:01 25822423                   /home/toolchain/development/libc++_replacement/tmp/R11/extracted/47/47581cd3d3b281f80d3b6829bd7c19f01e4dfd169d4352f350554d3a8146c771/usr/lib64/libcapi-media-sound-manager.so.0.7.19
78763a42c000-78763a442000 r-xp 00007000 08:01 25822423                   /home/toolchain/development/libc++_replacement/tmp/R11/extracted/47/47581cd3d3b281f80d3b6829bd7c19f01e4dfd169d4352f350554d3a8146c771/usr/lib64/libcapi-media-sound-manager.so.0.7.19
78763a442000-78763a44c000 r--p 0001d000 08:01 25822423                   /home/toolchain/development/libc++_replacement/tmp/R11/extracted/47/47581cd3d3b281f80d3b6829bd7c19f01e4dfd169d4352f350554d3a8146c771/usr/lib64/libcapi-media-sound-manager.so.0.7.19
78763a44c000-78763a44d000 r--p 00026000 08:01 25822423                   /home/toolchain/development/libc++_replacement/tmp/R11/extracted/47/47581cd3d3b281f80d3b6829bd7c19f01e4dfd169d4352f350554d3a8146c771/usr/lib64/libcapi-media-sound-manager.so.0.7.19
78763a44d000-78763a44e000 rw-p 00027000 08:01 25822423                   /home/toolchain/development/libc++_replacement/tmp/R11/extracted/47/47581cd3d3b281f80d3b6829bd7c19f01e4dfd169d4352f350554d3a8146c771/usr/lib64/libcapi-media-sound-manager.so.0.7.19
78763a44e000-78763a44f000 rw-p 00000000 00:00 0 
78763a44f000-78763a451000 r--p 00000000 08:01 26088966                   /home/toolchain/development/libc++_replacement/tmp/R11/extracted/ad/ad4af909f8d8f80ae029d0a9b0e88624ebca01155a39579ff7422012cd9f472c/usr/lib64/libtzplatform-config-2.0.so.2.0.0
78763a451000-78763a454000 r-xp 00002000 08:01 26088966                   /home/toolchain/development/libc++_replacement/tmp/R11/extracted/ad/ad4af909f8d8f80ae029d0a9b0e88624ebca01155a39579ff7422012cd9f472c/usr/lib64/libtzplatform-config-2.0.so.2.0.0
78763a454000-78763a457000 r--p 00005000 08:01 26088966                   /home/toolchain/development/libc++_replacement/tmp/R11/extracted/ad/ad4af909f8d8f80ae029d0a9b0e88624ebca01155a39579ff7422012cd9f472c/usr/lib64/libtzplatform-config-2.0.so.2.0.0
78763a457000-78763a458000 r--p 00007000 08:01 26088966                   /home/toolchain/development/libc++_replacement/tmp/R11/extracted/ad/ad4af909f8d8f80ae029d0a9b0e88624ebca01155a39579ff7422012cd9f472c/usr/lib64/libtzplatform-config-2.0.so.2.0.0
78763a458000-78763a459000 rw-p 00008000 08:01 26088966                   /home/toolchain/development/libc++_replacement/tmp/R11/extracted/ad/ad4af909f8d8f80ae029d0a9b0e88624ebca01155a39579ff7422012cd9f472c/usr/lib64/libtzplatform-config-2.0.so.2.0.0
78763a459000-78763a463000 rw-p 00000000 00:00 0 
78763a463000-78763a466000 r--p 00000000 08:01 25821531                   /home/toolchain/development/libc++_replacement/tmp/R11/extracted/04/0479582cf854b1e79cb313ce7fd578827584ea85f8f71ffadd3e1d12128c8a91/usr/lib64/libcapi-appfw-application.so.0.10.2
78763a466000-78763a468000 r-xp 00003000 08:01 25821531                   /home/toolchain/development/libc++_replacement/tmp/R11/extracted/04/0479582cf854b1e79cb313ce7fd578827584ea85f8f71ffadd3e1d12128c8a91/usr/lib64/libcapi-appfw-application.so.0.10.2
78763a468000-78763a469000 r--p 00005000 08:01 25821531                   /home/toolchain/development/libc++_replacement/tmp/R11/extracted/04/0479582cf854b1e79cb313ce7fd578827584ea85f8f71ffadd3e1d12128c8a91/usr/lib64/libcapi-appfw-application.so.0.10.2
78763a469000-78763a46a000 r--p 00005000 08:01 25821531                   /home/toolchain/development/libc++_replacement/tmp/R11/extracted/04/0479582cf854b1e79cb313ce7fd578827584ea85f8f71ffadd3e1d12128c8a91/usr/lib64/libcapi-appfw-application.so.0.10.2
78763a46a000-78763a46b000 rw-p 00006000 08:01 25821531                   /home/toolchain/development/libc++_replacement/tmp/R11/extracted/04/0479582cf854b1e79cb313ce7fd578827584ea85f8f71ffadd3e1d12128c8a91/usr/lib64/libcapi-appfw-application.so.0.10.2
78763a46b000-78763a478000 r--p 00000000 08:01 25821479                   /home/toolchain/development/libc++_replacement/tmp/R11/extracted/23/2374eef75f0010963c1f48deae26a5a93cfb8557d2bec6d178bdeae0d9bcf05d/usr/lib64/libcapi-appfw-app-control.so.0.26.2
78763a478000-78763a486000 r-xp 0000d000 08:01 25821479                   /home/toolchain/development/libc++_replacement/tmp/R11/extracted/23/2374eef75f0010963c1f48deae26a5a93cfb8557d2bec6d178bdeae0d9bcf05d/usr/lib64/libcapi-appfw-app-control.so.0.26.2
78763a486000-78763a48d000 r--p 0001b000 08:01 25821479                   /home/toolchain/development/libc++_replacement/tmp/R11/extracted/23/2374eef75f0010963c1f48deae26a5a93cfb8557d2bec6d178bdeae0d9bcf05d/usr/lib64/libcapi-appfw-app-control.so.0.26.2
78763a48d000-78763a48e000 r--p 00021000 08:01 25821479                   /home/toolchain/development/libc++_replacement/tmp/R11/extracted/23/2374eef75f0010963c1f48deae26a5a93cfb8557d2bec6d178bdeae0d9bcf05d/usr/lib64/libcapi-appfw-app-control.so.0.26.2
78763a48e000-78763a48f000 rw-p 00022000 08:01 25821479                   /home/toolchain/development/libc++_replacement/tmp/R11/extracted/23/2374eef75f0010963c1f48deae26a5a93cfb8557d2bec6d178bdeae0d9bcf05d/usr/lib64/libcapi-appfw-app-control.so.0.26.2
78763a48f000-78763a493000 r--p 00000000 08:01 25821439                   /home/toolchain/development/libc++_replacement/tmp/R11/extracted/2d/2db93a11342170ce85b76bc63395af906a97a6b30562d002075f95355fb45b9b/usr/lib64/libcapi-appfw-app-common.so.0.16.3
78763a493000-78763a496000 r-xp 00004000 08:01 25821439                   /home/toolchain/development/libc++_replacement/tmp/R11/extracted/2d/2db93a11342170ce85b76bc63395af906a97a6b30562d002075f95355fb45b9b/usr/lib64/libcapi-appfw-app-common.so.0.16.3
78763a496000-78763a498000 r--p 00007000 08:01 25821439                   /home/toolchain/development/libc++_replacement/tmp/R11/extracted/2d/2db93a11342170ce85b76bc63395af906a97a6b30562d002075f95355fb45b9b/usr/lib64/libcapi-appfw-app-common.so.0.16.3
78763a498000-78763a499000 r--p 00008000 08:01 25821439                   /home/toolchain/development/libc++_replacement/tmp/R11/extracted/2d/2db93a11342170ce85b76bc63395af906a97a6b30562d002075f95355fb45b9b/usr/lib64/libcapi-appfw-app-common.so.0.16.3
78763a499000-78763a49a000 rw-p 00009000 08:01 25821439                   /home/toolchain/development/libc++_replacement/tmp/R11/extracted/2d/2db93a11342170ce85b76bc63395af906a97a6b30562d002075f95355fb45b9b/usr/lib64/libcapi-appfw-app-common.so.0.16.3
78763a49a000-78763a4a2000 r--p 00000000 08:01 26087789                   /home/toolchain/development/libc++_replacement/tmp/R11/extracted/a7/a7847b1b255ad6080ab6100e9e7cc1fdf9c01a347c867e4ed41d109d7d61db75/usr/lib64/libsecurity-manager-client.so.3.0.0
78763a4a2000-78763a4d4000 r-xp 00008000 08:01 26087789                   /home/toolchain/development/libc++_replacement/tmp/R11/extracted/a7/a7847b1b255ad6080ab6100e9e7cc1fdf9c01a347c867e4ed41d109d7d61db75/usr/lib64/libsecurity-manager-client.so.3.0.0
78763a4d4000-78763a4e0000 r--p 0003a000 08:01 26087789                   /home/toolchain/development/libc++_replacement/tmp/R11/extracted/a7/a7847b1b255ad6080ab6100e9e7cc1fdf9c01a347c867e4ed41d109d7d61db75/usr/lib64/libsecurity-manager-client.so.3.0.0
78763a4e0000-78763a4e1000 r--p 00045000 08:01 26087789                   /home/toolchain/development/libc++_replacement/tmp/R11/extracted/a7/a7847b1b255ad6080ab6100e9e7cc1fdf9c01a347c867e4ed41d109d7d61db75/usr/lib64/libsecurity-manager-client.so.3.0.0
78763a4e1000-78763a4e2000 rw-p 00046000 08:01 26087789                   /home/toolchain/development/libc++_replacement/tmp/R11/extracted/a7/a7847b1b255ad6080ab6100e9e7cc1fdf9c01a347c867e4ed41d109d7d61db75/usr/lib64/libsecurity-manager-client.so.3.0.0
78763a4e2000-78763a4e4000 rw-p 00000000 00:00 0 
78763a4e4000-78763a4eb000 r--p 00000000 08:01 25823869                   /home/toolchain/development/libc++_replacement/tmp/R11/extracted/2e/2efdc4af985c3e3c7079941938cbddcdb89a13aefeb09446cdfb03a07d1a6100/usr/lib64/libcapi-system-sensor.so.0.2.5
78763a4eb000-78763a4f2000 r-xp 00007000 08:01 25823869                   /home/toolchain/development/libc++_replacement/tmp/R11/extracted/2e/2efdc4af985c3e3c7079941938cbddcdb89a13aefeb09446cdfb03a07d1a6100/usr/lib64/libcapi-system-sensor.so.0.2.5
78763a4f2000-78763a4f6000 r--p 0000e000 08:01 25823869                   /home/toolchain/development/libc++_replacement/tmp/R11/extracted/2e/2efdc4af985c3e3c7079941938cbddcdb89a13aefeb09446cdfb03a07d1a6100/usr/lib64/libcapi-system-sensor.so.0.2.5
78763a4f6000-78763a4f7000 r--p 00011000 08:01 25823869                   /home/toolchain/development/libc++_replacement/tmp/R11/extracted/2e/2efdc4af985c3e3c7079941938cbddcdb89a13aefeb09446cdfb03a07d1a6100/usr/lib64/libcapi-system-sensor.so.0.2.5
78763a4f7000-78763a4f8000 rw-p 00012000 08:01 25823869                   /home/toolchain/development/libc++_replacement/tmp/R11/extracted/2e/2efdc4af985c3e3c7079941938cbddcdb89a13aefeb09446cdfb03a07d1a6100/usr/lib64/libcapi-system-sensor.so.0.2.5
78763a4f8000-78763a4f9000 rw-p 00000000 00:00 0 
78763a4f9000-78763a502000 r--p 00000000 08:01 23629702                   /home/toolchain/development/libc++_replacement/tmp/R11/extracted/e2/e222622001e775e93cf6c80877dbf05524a7b18c411a4ec94cab6ab5026a00e6/usr/lib64/libsmime3.so
78763a502000-78763a517000 r-xp 00009000 08:01 23629702                   /home/toolchain/development/libc++_replacement/tmp/R11/extracted/e2/e222622001e775e93cf6c80877dbf05524a7b18c411a4ec94cab6ab5026a00e6/usr/lib64/libsmime3.so
78763a517000-78763a51d000 r--p 0001e000 08:01 23629702                   /home/toolchain/development/libc++_replacement/tmp/R11/extracted/e2/e222622001e775e93cf6c80877dbf05524a7b18c411a4ec94cab6ab5026a00e6/usr/lib64/libsmime3.so
78763a51d000-78763a520000 r--p 00023000 08:01 23629702                   /home/toolchain/development/libc++_replacement/tmp/R11/extracted/e2/e222622001e775e93cf6c80877dbf05524a7b18c411a4ec94cab6ab5026a00e6/usr/lib64/libsmime3.so
78763a520000-78763a521000 rw-p 00026000 08:01 23629702                   /home/toolchain/development/libc++_replacement/tmp/R11/extracted/e2/e222622001e775e93cf6c80877dbf05524a7b18c411a4ec94cab6ab5026a00e6/usr/lib64/libsmime3.so
78763a521000-78763a53b000 r--p 00000000 08:01 23629698                   /home/toolchain/development/libc++_replacement/tmp/R11/extracted/e2/e222622001e775e93cf6c80877dbf05524a7b18c411a4ec94cab6ab5026a00e6/usr/lib64/libnss3.so
78763a53b000-78763a5e8000 r-xp 0001a000 08:01 23629698                   /home/toolchain/development/libc++_replacement/tmp/R11/extracted/e2/e222622001e775e93cf6c80877dbf05524a7b18c411a4ec94cab6ab5026a00e6/usr/lib64/libnss3.so
78763a5e8000-78763a617000 r--p 000c7000 08:01 23629698                   /home/toolchain/development/libc++_replacement/tmp/R11/extracted/e2/e222622001e775e93cf6c80877dbf05524a7b18c411a4ec94cab6ab5026a00e6/usr/lib64/libnss3.so
78763a617000-78763a61e000 r--p 000f6000 08:01 23629698                   /home/toolchain/development/libc++_replacement/tmp/R11/extracted/e2/e222622001e775e93cf6c80877dbf05524a7b18c411a4ec94cab6ab5026a00e6/usr/lib64/libnss3.so
78763a61e000-78763a61f000 rw-p 000fd000 08:01 23629698                   /home/toolchain/development/libc++_replacement/tmp/R11/extracted/e2/e222622001e775e93cf6c80877dbf05524a7b18c411a4ec94cab6ab5026a00e6/usr/lib64/libnss3.so
78763a61f000-78763a621000 rw-p 00000000 00:00 0 
78763a621000-78763a68e000 r--p 00000000 08:01 23622770                   /home/toolchain/development/libc++_replacement/tmp/R11/extracted/84/8477c684d513edca7d64706710711e51c74cfc270048526e4cd3604d0dc19c47/usr/lib64/libicuuc.so.78.1
78763a68e000-78763a759000 r-xp 0006d000 08:01 23622770                   /home/toolchain/development/libc++_replacement/tmp/R11/extracted/84/8477c684d513edca7d64706710711e51c74cfc270048526e4cd3604d0dc19c47/usr/lib64/libicuuc.so.78.1
78763a759000-78763a7e8000 r--p 00138000 08:01 23622770                   /home/toolchain/development/libc++_replacement/tmp/R11/extracted/84/8477c684d513edca7d64706710711e51c74cfc270048526e4cd3604d0dc19c47/usr/lib64/libicuuc.so.78.1
78763a7e8000-78763a7fb000 r--p 001c6000 08:01 23622770                   /home/toolchain/development/libc++_replacement/tmp/R11/extracted/84/8477c684d513edca7d64706710711e51c74cfc270048526e4cd3604d0dc19c47/usr/lib64/libicuuc.so.78.1
78763a7fb000-78763a7fc000 rw-p 001d9000 08:01 23622770                   /home/toolchain/development/libc++_replacement/tmp/R11/extracted/84/8477c684d513edca7d64706710711e51c74cfc270048526e4cd3604d0dc19c47/usr/lib64/libicuuc.so.78.1
78763a7fc000-78763a800000 rw-p 00000000 00:00 0 
78763a800000-78763a915000 r--p 00000000 08:01 23622633                   /home/toolchain/development/libc++_replacement/tmp/R11/extracted/84/8477c684d513edca7d64706710711e51c74cfc270048526e4cd3604d0dc19c47/usr/lib64/libicui18n.so.78.1
78763a915000-78763aa81000 r-xp 00115000 08:01 23622633                   /home/toolchain/development/libc++_replacement/tmp/R11/extracted/84/8477c684d513edca7d64706710711e51c74cfc270048526e4cd3604d0dc19c47/usr/lib64/libicui18n.so.78.1
78763aa81000-78763ab02000 r--p 00281000 08:01 23622633                   /home/toolchain/development/libc++_replacement/tmp/R11/extracted/84/8477c684d513edca7d64706710711e51c74cfc270048526e4cd3604d0dc19c47/usr/lib64/libicui18n.so.78.1
78763ab02000-78763ab13000 r--p 00302000 08:01 23622633                   /home/toolchain/development/libc++_replacement/tmp/R11/extracted/84/8477c684d513edca7d64706710711e51c74cfc270048526e4cd3604d0dc19c47/usr/lib64/libicui18n.so.78.1
78763ab13000-78763ab15000 rw-p 00313000 08:01 23622633                   /home/toolchain/development/libc++_replacement/tmp/R11/extracted/84/8477c684d513edca7d64706710711e51c74cfc270048526e4cd3604d0dc19c47/usr/lib64/libicui18n.so.78.1
78763ab15000-78763ab16000 rw-p 00000000 00:00 0 
78763ab19000-78763ab26000 r--p 00000000 08:01 23629701                   /home/toolchain/development/libc++_replacement/tmp/R11/extracted/e2/e222622001e775e93cf6c80877dbf05524a7b18c411a4ec94cab6ab5026a00e6/usr/lib64/libnssutil3.so
78763ab26000-78763ab35000 r-xp 0000d000 08:01 23629701                   /home/toolchain/development/libc++_replacement/tmp/R11/extracted/e2/e222622001e775e93cf6c80877dbf05524a7b18c411a4ec94cab6ab5026a00e6/usr/lib64/libnssutil3.so
78763ab35000-78763ab40000 r--p 0001c000 08:01 23629701                   /home/toolchain/development/libc++_replacement/tmp/R11/extracted/e2/e222622001e775e93cf6c80877dbf05524a7b18c411a4ec94cab6ab5026a00e6/usr/lib64/libnssutil3.so
78763ab40000-78763ab47000 r--p 00027000 08:01 23629701                   /home/toolchain/development/libc++_replacement/tmp/R11/extracted/e2/e222622001e775e93cf6c80877dbf05524a7b18c411a4ec94cab6ab5026a00e6/usr/lib64/libnssutil3.so
78763ab47000-78763ab48000 rw-p 0002e000 08:01 23629701                   /home/toolchain/development/libc++_replacement/tmp/R11/extracted/e2/e222622001e775e93cf6c80877dbf05524a7b18c411a4ec94cab6ab5026a00e6/usr/lib64/libnssutil3.so
78763ab48000-78763ab54000 r--p 00000000 08:01 23629631                   /home/toolchain/development/libc++_replacement/tmp/R11/extracted/1b/1b1e0c06f14e8cdd3e58db640159ac4e12089b52793ac3f1f73079d5be9493b5/usr/lib64/libnspr4.so
78763ab54000-78763ab70000 r-xp 0000c000 08:01 23629631                   /home/toolchain/development/libc++_replacement/tmp/R11/extracted/1b/1b1e0c06f14e8cdd3e58db640159ac4e12089b52793ac3f1f73079d5be9493b5/usr/lib64/libnspr4.so
78763ab70000-78763ab7b000 r--p 00028000 08:01 23629631                   /home/toolchain/development/libc++_replacement/tmp/R11/extracted/1b/1b1e0c06f14e8cdd3e58db640159ac4e12089b52793ac3f1f73079d5be9493b5/usr/lib64/libnspr4.so
78763ab7b000-78763ab7d000 r--p 00032000 08:01 23629631                   /home/toolchain/development/libc++_replacement/tmp/R11/extracted/1b/1b1e0c06f14e8cdd3e58db640159ac4e12089b52793ac3f1f73079d5be9493b5/usr/lib64/libnspr4.so
78763ab7d000-78763ab7e000 rw-p 00034000 08:01 23629631                   /home/toolchain/development/libc++_replacement/tmp/R11/extracted/1b/1b1e0c06f14e8cdd3e58db640159ac4e12089b52793ac3f1f73079d5be9493b5/usr/lib64/libnspr4.so
78763ab7e000-78763ab81000 rw-p 00000000 00:00 0 
78763ab81000-78763ab8d000 r--p 00000000 08:01 26004566                   /home/toolchain/development/libc++_replacement/tmp/R11/extracted/13/130cb9ce0ab2b3bfe89db04629e44f7b9d35ca038c71c00198b93c379a23795e/usr/lib64/libatk-bridge-2.0.so.0.0.0
78763ab8d000-78763aba2000 r-xp 0000c000 08:01 26004566                   /home/toolchain/development/libc++_replacement/tmp/R11/extracted/13/130cb9ce0ab2b3bfe89db04629e44f7b9d35ca038c71c00198b93c379a23795e/usr/lib64/libatk-bridge-2.0.so.0.0.0
78763aba2000-78763abaf000 r--p 00021000 08:01 26004566                   /home/toolchain/development/libc++_replacement/tmp/R11/extracted/13/130cb9ce0ab2b3bfe89db04629e44f7b9d35ca038c71c00198b93c379a23795e/usr/lib64/libatk-bridge-2.0.so.0.0.0
78763abaf000-78763abb0000 r--p 0002e000 08:01 26004566                   /home/toolchain/development/libc++_replacement/tmp/R11/extracted/13/130cb9ce0ab2b3bfe89db04629e44f7b9d35ca038c71c00198b93c379a23795e/usr/lib64/libatk-bridge-2.0.so.0.0.0
78763abb0000-78763abb2000 rw-p 0002f000 08:01 26004566                   /home/toolchain/development/libc++_replacement/tmp/R11/extracted/13/130cb9ce0ab2b3bfe89db04629e44f7b9d35ca038c71c00198b93c379a23795e/usr/lib64/libatk-bridge-2.0.so.0.0.0
78763abb2000-78763abb3000 rw-p 00000000 00:00 0 
78763abb3000-78763abc2000 r--p 00000000 08:01 26085460                   /home/toolchain/development/libc++_replacement/tmp/R11/extracted/e4/e41cd6fb69e5ce4b5df0549d05d30debb1bb74f0bb9e6f16412063a99dd31b6a/usr/lib64/libgobject-2.0.so.0.8000.5
78763abc2000-78763abec000 r-xp 0000f000 08:01 26085460                   /home/toolchain/development/libc++_replacement/tmp/R11/extracted/e4/e41cd6fb69e5ce4b5df0549d05d30debb1bb74f0bb9e6f16412063a99dd31b6a/usr/lib64/libgobject-2.0.so.0.8000.5
78763abec000-78763ac03000 r--p 00039000 08:01 26085460                   /home/toolchain/development/libc++_replacement/tmp/R11/extracted/e4/e41cd6fb69e5ce4b5df0549d05d30debb1bb74f0bb9e6f16412063a99dd31b6a/usr/lib64/libgobject-2.0.so.0.8000.5
78763ac03000-78763ac06000 r--p 00050000 08:01 26085460                   /home/toolchain/development/libc++_replacement/tmp/R11/extracted/e4/e41cd6fb69e5ce4b5df0549d05d30debb1bb74f0bb9e6f16412063a99dd31b6a/usr/lib64/libgobject-2.0.so.0.8000.5
78763ac06000-78763ac07000 rw-p 00053000 08:01 26085460                   /home/toolchain/development/libc++_replacement/tmp/R11/extracted/e4/e41cd6fb69e5ce4b5df0549d05d30debb1bb74f0bb9e6f16412063a99dd31b6a/usr/lib64/libgobject-2.0.so.0.8000.5
78763ac07000-78763ac08000 rw-p 00000000 00:00 0 
78763ac08000-78763ac12000 r--p 00000000 08:01 26004572                   /home/toolchain/development/libc++_replacement/tmp/R11/extracted/a5/a57456a2a67f4376afe8451360488853610e4d3240787426245471b660b35c57/usr/lib64/libatk-1.0.so.0.23609.1
78763ac12000-78763ac21000 r-xp 0000a000 08:01 26004572                   /home/toolchain/development/libc++_replacement/tmp/R11/extracted/a5/a57456a2a67f4376afe8451360488853610e4d3240787426245471b660b35c57/usr/lib64/libatk-1.0.so.0.23609.1
78763ac21000-78763ac2b000 r--p 00019000 08:01 26004572                   /home/toolchain/development/libc++_replacement/tmp/R11/extracted/a5/a57456a2a67f4376afe8451360488853610e4d3240787426245471b660b35c57/usr/lib64/libatk-1.0.so.0.23609.1
78763ac2b000-78763ac2e000 r--p 00023000 08:01 26004572                   /home/toolchain/development/libc++_replacement/tmp/R11/extracted/a5/a57456a2a67f4376afe8451360488853610e4d3240787426245471b660b35c57/usr/lib64/libatk-1.0.so.0.23609.1
78763ac2e000-78763ac2f000 rw-p 00026000 08:01 26004572                   /home/toolchain/development/libc++_replacement/tmp/R11/extracted/a5/a57456a2a67f4376afe8451360488853610e4d3240787426245471b660b35c57/usr/lib64/libatk-1.0.so.0.23609.1
78763ac2f000-78763ac41000 r--p 00000000 08:01 25835259                   /home/toolchain/development/libc++_replacement/tmp/R11/extracted/a5/a563335a2be3f46293082fd3f9c05ccc99a459c6d964a2f7158e4560e7300812/usr/lib64/libecore_wl2.so.1.25.1
78763ac41000-78763ac62000 r-xp 00012000 08:01 25835259                   /home/toolchain/development/libc++_replacement/tmp/R11/extracted/a5/a563335a2be3f46293082fd3f9c05ccc99a459c6d964a2f7158e4560e7300812/usr/lib64/libecore_wl2.so.1.25.1
78763ac62000-78763ac72000 r--p 00033000 08:01 25835259                   /home/toolchain/development/libc++_replacement/tmp/R11/extracted/a5/a563335a2be3f46293082fd3f9c05ccc99a459c6d964a2f7158e4560e7300812/usr/lib64/libecore_wl2.so.1.25.1
78763ac72000-78763ac74000 r--p 00042000 08:01 25835259                   /home/toolchain/development/libc++_replacement/tmp/R11/extracted/a5/a563335a2be3f46293082fd3f9c05ccc99a459c6d964a2f7158e4560e7300812/usr/lib64/libecore_wl2.so.1.25.1
78763ac74000-78763ac75000 rw-p 00044000 08:01 25835259                   /home/toolchain/development/libc++_replacement/tmp/R11/extracted/a5/a563335a2be3f46293082fd3f9c05ccc99a459c6d964a2f7158e4560e7300812/usr/lib64/libecore_wl2.so.1.25.1
78763ac75000-78763ac76000 rw-p 00000000 00:00 0 
78763ac76000-78763ac7a000 r--p 00000000 08:01 25823603                   /home/toolchain/development/libc++_replacement/tmp/R11/extracted/73/7389dc2a0cf611d5228582c536c8dfcc5b713015f88abc7cdc0b836cadad8d24/usr/lib64/libcapi-system-device.so.0.1.0
78763ac7a000-78763ac82000 r-xp 00004000 08:01 25823603                   /home/toolchain/development/libc++_replacement/tmp/R11/extracted/73/7389dc2a0cf611d5228582c536c8dfcc5b713015f88abc7cdc0b836cadad8d24/usr/lib64/libcapi-system-device.so.0.1.0
78763ac82000-78763ac86000 r--p 0000c000 08:01 25823603                   /home/toolchain/development/libc++_replacement/tmp/R11/extracted/73/7389dc2a0cf611d5228582c536c8dfcc5b713015f88abc7cdc0b836cadad8d24/usr/lib64/libcapi-system-device.so.0.1.0
78763ac86000-78763ac87000 r--p 00010000 08:01 25823603                   /home/toolchain/development/libc++_replacement/tmp/R11/extracted/73/7389dc2a0cf611d5228582c536c8dfcc5b713015f88abc7cdc0b836cadad8d24/usr/lib64/libcapi-system-device.so.0.1.0
78763ac87000-78763ac88000 rw-p 00011000 08:01 25823603                   /home/toolchain/development/libc++_replacement/tmp/R11/extracted/73/7389dc2a0cf611d5228582c536c8dfcc5b713015f88abc7cdc0b836cadad8d24/usr/lib64/libcapi-system-device.so.0.1.0
78763ac88000-78763acb9000 r--p 00000000 08:01 26119199                   /home/toolchain/development/libc++_replacement/tmp/R11/extracted/63/63f3107f2d3f9333d95eed1ad3840b72879e1ce80f0d2733eee0dad23df67730/usr/lib64/libpkgmgr-info.so.0.37.2
78763acb9000-78763ad1c000 r-xp 00031000 08:01 26119199                   /home/toolchain/development/libc++_replacement/tmp/R11/extracted/63/63f3107f2d3f9333d95eed1ad3840b72879e1ce80f0d2733eee0dad23df67730/usr/lib64/libpkgmgr-info.so.0.37.2
78763ad1c000-78763ad3a000 r--p 00094000 08:01 26119199                   /home/toolchain/development/libc++_replacement/tmp/R11/extracted/63/63f3107f2d3f9333d95eed1ad3840b72879e1ce80f0d2733eee0dad23df67730/usr/lib64/libpkgmgr-info.so.0.37.2
78763ad3a000-78763ad3c000 r--p 000b2000 08:01 26119199                   /home/toolchain/development/libc++_replacement/tmp/R11/extracted/63/63f3107f2d3f9333d95eed1ad3840b72879e1ce80f0d2733eee0dad23df67730/usr/lib64/libpkgmgr-info.so.0.37.2
78763ad3c000-78763ad3e000 rw-p 000b4000 08:01 26119199                   /home/toolchain/development/libc++_replacement/tmp/R11/extracted/63/63f3107f2d3f9333d95eed1ad3840b72879e1ce80f0d2733eee0dad23df67730/usr/lib64/libpkgmgr-info.so.0.37.2
78763ad3e000-78763ad5d000 r--p 00000000 08:01 26085410                   /home/toolchain/development/libc++_replacement/tmp/R11/extracted/ec/eca90911031c2fc0795fbe9127f5ec74db9a8ecd85c3abd6b83ec36678f94fa3/usr/lib64/libglib-2.0.so.0.8000.5
78763ad5d000-78763addd000 r-xp 0001f000 08:01 26085410                   /home/toolchain/development/libc++_replacement/tmp/R11/extracted/ec/eca90911031c2fc0795fbe9127f5ec74db9a8ecd85c3abd6b83ec36678f94fa3/usr/lib64/libglib-2.0.so.0.8000.5
78763addd000-78763ae60000 r--p 0009f000 08:01 26085410                   /home/toolchain/development/libc++_replacement/tmp/R11/extracted/ec/eca90911031c2fc0795fbe9127f5ec74db9a8ecd85c3abd6b83ec36678f94fa3/usr/lib64/libglib-2.0.so.0.8000.5
78763ae60000-78763ae61000 r--p 00122000 08:01 26085410                   /home/toolchain/development/libc++_replacement/tmp/R11/extracted/ec/eca90911031c2fc0795fbe9127f5ec74db9a8ecd85c3abd6b83ec36678f94fa3/usr/lib64/libglib-2.0.so.0.8000.5
78763ae61000-78763ae62000 rw-p 00123000 08:01 26085410                   /home/toolchain/development/libc++_replacement/tmp/R11/extracted/ec/eca90911031c2fc0795fbe9127f5ec74db9a8ecd85c3abd6b83ec36678f94fa3/usr/lib64/libglib-2.0.so.0.8000.5
78763ae62000-78763ae63000 rw-p 00000000 00:00 0 
78763ae63000-78763ae68000 r--p 00000000 08:01 14340278                   /home/toolchain/development/libc++_replacement/tmp/R11/extracted/cc/cc61b523b97fab0d551409676b06bed8e12ec94f045f9b61db47341ba32e8390/usr/lib64/libpng16.so.16.44.0
78763ae68000-78763ae87000 r-xp 00005000 08:01 14340278                   /home/toolchain/development/libc++_replacement/tmp/R11/extracted/cc/cc61b523b97fab0d551409676b06bed8e12ec94f045f9b61db47341ba32e8390/usr/lib64/libpng16.so.16.44.0
78763ae87000-78763ae90000 r--p 00024000 08:01 14340278                   /home/toolchain/development/libc++_replacement/tmp/R11/extracted/cc/cc61b523b97fab0d551409676b06bed8e12ec94f045f9b61db47341ba32e8390/usr/lib64/libpng16.so.16.44.0
78763ae90000-78763ae91000 r--p 0002c000 08:01 14340278                   /home/toolchain/development/libc++_replacement/tmp/R11/extracted/cc/cc61b523b97fab0d551409676b06bed8e12ec94f045f9b61db47341ba32e8390/usr/lib64/libpng16.so.16.44.0
78763ae91000-78763ae92000 rw-p 0002d000 08:01 14340278                   /home/toolchain/development/libc++_replacement/tmp/R11/extracted/cc/cc61b523b97fab0d551409676b06bed8e12ec94f045f9b61db47341ba32e8390/usr/lib64/libpng16.so.16.44.0
78763ae92000-78763aea0000 r--p 00000000 08:01 23615903                   /home/toolchain/development/libc++_replacement/tmp/R11/extracted/bb/bba8a544f407a9da42ee4e785c5ef8a48024d1a094bbe35fef027b62aa9712a4/usr/lib64/libjsoncpp.so.1.9.6
78763aea0000-78763aec1000 r-xp 0000e000 08:01 23615903                   /home/toolchain/development/libc++_replacement/tmp/R11/extracted/bb/bba8a544f407a9da42ee4e785c5ef8a48024d1a094bbe35fef027b62aa9712a4/usr/lib64/libjsoncpp.so.1.9.6
78763aec1000-78763aeca000 r--p 0002f000 08:01 23615903                   /home/toolchain/development/libc++_replacement/tmp/R11/extracted/bb/bba8a544f407a9da42ee4e785c5ef8a48024d1a094bbe35fef027b62aa9712a4/usr/lib64/libjsoncpp.so.1.9.6
78763aeca000-78763aecb000 r--p 00037000 08:01 23615903                   /home/toolchain/development/libc++_replacement/tmp/R11/extracted/bb/bba8a544f407a9da42ee4e785c5ef8a48024d1a094bbe35fef027b62aa9712a4/usr/lib64/libjsoncpp.so.1.9.6
78763aecb000-78763aecc000 rw-p 00038000 08:01 23615903                   /home/toolchain/development/libc++_replacement/tmp/R11/extracted/bb/bba8a544f407a9da42ee4e785c5ef8a48024d1a094bbe35fef027b62aa9712a4/usr/lib64/libjsoncpp.so.1.9.6
78763aecc000-78763aecf000 r--p 00000000 08:01 23624264                   /home/toolchain/development/libc++_replacement/tmp/R11/extracted/ff/ff59991b5cf650e0726c6f54af329bf9fbe7fd36f9f7c42dda22ca9742225e79/usr/lib64/libwebp.so.7.1.9
78763aecf000-78763af4c000 r-xp 00003000 08:01 23624264                   /home/toolchain/development/libc++_replacement/tmp/R11/extracted/ff/ff59991b5cf650e0726c6f54af329bf9fbe7fd36f9f7c42dda22ca9742225e79/usr/lib64/libwebp.so.7.1.9
78763af4c000-78763af5e000 r--p 00080000 08:01 23624264                   /home/toolchain/development/libc++_replacement/tmp/R11/extracted/ff/ff59991b5cf650e0726c6f54af329bf9fbe7fd36f9f7c42dda22ca9742225e79/usr/lib64/libwebp.so.7.1.9
78763af5e000-78763af5f000 r--p 00091000 08:01 23624264                   /home/toolchain/development/libc++_replacement/tmp/R11/extracted/ff/ff59991b5cf650e0726c6f54af329bf9fbe7fd36f9f7c42dda22ca9742225e79/usr/lib64/libwebp.so.7.1.9
78763af5f000-78763af60000 rw-p 00092000 08:01 23624264                   /home/toolchain/development/libc++_replacement/tmp/R11/extracted/ff/ff59991b5cf650e0726c6f54af329bf9fbe7fd36f9f7c42dda22ca9742225e79/usr/lib64/libwebp.so.7.1.9
78763af60000-78763af61000 rw-p 00000000 00:00 0 
78763af61000-78763af66000 r--p 00000000 08:01 26089189                   /home/toolchain/development/libc++_replacement/tmp/R11/extracted/5e/5e2848d0eb014068cd5d1076d87e6102f81218748a8e789f7870121e883bef28/usr/lib64/libvpx.so.7.1.0
78763af66000-78763b117000 r-xp 00005000 08:01 26089189                   /home/toolchain/development/libc++_replacement/tmp/R11/extracted/5e/5e2848d0eb014068cd5d1076d87e6102f81218748a8e789f7870121e883bef28/usr/lib64/libvpx.so.7.1.0
78763b117000-78763b154000 r--p 001b6000 08:01 26089189                   /home/toolchain/development/libc++_replacement/tmp/R11/extracted/5e/5e2848d0eb014068cd5d1076d87e6102f81218748a8e789f7870121e883bef28/usr/lib64/libvpx.so.7.1.0
78763b154000-78763b157000 r--p 001f2000 08:01 26089189                   /home/toolchain/development/libc++_replacement/tmp/R11/extracted/5e/5e2848d0eb014068cd5d1076d87e6102f81218748a8e789f7870121e883bef28/usr/lib64/libvpx.so.7.1.0
78763b157000-78763b158000 rw-p 001f5000 08:01 26089189                   /home/toolchain/development/libc++_replacement/tmp/R11/extracted/5e/5e2848d0eb014068cd5d1076d87e6102f81218748a8e789f7870121e883bef28/usr/lib64/libvpx.so.7.1.0
78763b158000-78763b15b000 rw-p 00000000 00:00 0 
78763b15b000-78763b168000 r--p 00000000 08:01 26085350                   /home/toolchain/development/libc++_replacement/tmp/R11/extracted/5d/5da96fd7373ad9d27edc2a431f5ff807e2f3520f4eaa363097d1154205e6c7f9/usr/lib64/libfreetype.so.6.20.1
78763b168000-78763b1d3000 r-xp 0000d000 08:01 26085350                   /home/toolchain/development/libc++_replacement/tmp/R11/extracted/5d/5da96fd7373ad9d27edc2a431f5ff807e2f3520f4eaa363097d1154205e6c7f9/usr/lib64/libfreetype.so.6.20.1
78763b1d3000-78763b1f8000 r--p 00078000 08:01 26085350                   /home/toolchain/development/libc++_replacement/tmp/R11/extracted/5d/5da96fd7373ad9d27edc2a431f5ff807e2f3520f4eaa363097d1154205e6c7f9/usr/lib64/libfreetype.so.6.20.1
78763b1f8000-78763b1ff000 r--p 0009c000 08:01 26085350                   /home/toolchain/development/libc++_replacement/tmp/R11/extracted/5d/5da96fd7373ad9d27edc2a431f5ff807e2f3520f4eaa363097d1154205e6c7f9/usr/lib64/libfreetype.so.6.20.1
78763b1ff000-78763b200000 rw-p 000a3000 08:01 26085350                   /home/toolchain/development/libc++_replacement/tmp/R11/extracted/5d/5da96fd7373ad9d27edc2a431f5ff807e2f3520f4eaa363097d1154205e6c7f9/usr/lib64/libfreetype.so.6.20.1
78763b200000-78763b2e0000 r--p 00000000 08:01 25840623                   /home/toolchain/development/libc++_replacement/tmp/R11/extracted/f2/f2982b49e6ba19cfead18c936203b5e4cd0c621ee9d935f14c44519a24279330/usr/lib64/libelementary.so.1.25.100
78763b2e0000-78763b521000 r-xp 000e0000 08:01 25840623                   /home/toolchain/development/libc++_replacement/tmp/R11/extracted/f2/f2982b49e6ba19cfead18c936203b5e4cd0c621ee9d935f14c44519a24279330/usr/lib64/libelementary.so.1.25.100
78763b521000-78763b61a000 r--p 00321000 08:01 25840623                   /home/toolchain/development/libc++_replacement/tmp/R11/extracted/f2/f2982b49e6ba19cfead18c936203b5e4cd0c621ee9d935f14c44519a24279330/usr/lib64/libelementary.so.1.25.100
78763b61a000-78763b643000 r--p 00419000 08:01 25840623                   /home/toolchain/development/libc++_replacement/tmp/R11/extracted/f2/f2982b49e6ba19cfead18c936203b5e4cd0c621ee9d935f14c44519a24279330/usr/lib64/libelementary.so.1.25.100
78763b643000-78763b64c000 rw-p 00442000 08:01 25840623                   /home/toolchain/development/libc++_replacement/tmp/R11/extracted/f2/f2982b49e6ba19cfead18c936203b5e4cd0c621ee9d935f14c44519a24279330/usr/lib64/libelementary.so.1.25.100
78763b64c000-78763b653000 rw-p 00000000 00:00 0 
78763b655000-78763b659000 r--p 00000000 08:01 25821510                   /home/toolchain/development/libc++_replacement/tmp/R11/extracted/7e/7e4c7702044c8792a86f16197c61585906a66f691e42da9407066821195e5e51/usr/lib64/libcapi-appfw-app-manager.so.0.18.0
78763b659000-78763b65f000 r-xp 00004000 08:01 25821510                   /home/toolchain/development/libc++_replacement/tmp/R11/extracted/7e/7e4c7702044c8792a86f16197c61585906a66f691e42da9407066821195e5e51/usr/lib64/libcapi-appfw-app-manager.so.0.18.0
78763b65f000-78763b662000 r--p 0000a000 08:01 25821510                   /home/toolchain/development/libc++_replacement/tmp/R11/extracted/7e/7e4c7702044c8792a86f16197c61585906a66f691e42da9407066821195e5e51/usr/lib64/libcapi-appfw-app-manager.so.0.18.0
78763b662000-78763b663000 r--p 0000d000 08:01 25821510                   /home/toolchain/development/libc++_replacement/tmp/R11/extracted/7e/7e4c7702044c8792a86f16197c61585906a66f691e42da9407066821195e5e51/usr/lib64/libcapi-appfw-app-manager.so.0.18.0
78763b663000-78763b664000 rw-p 0000e000 08:01 25821510                   /home/toolchain/development/libc++_replacement/tmp/R11/extracted/7e/7e4c7702044c8792a86f16197c61585906a66f691e42da9407066821195e5e51/usr/lib64/libcapi-appfw-app-manager.so.0.18.0
78763b664000-78763b667000 r--p 00000000 08:01 23630178                   /home/toolchain/development/libc++_replacement/tmp/R11/extracted/39/39631b4325f25a57ea755287cd25a33df04a2c912baeea2286e8d08352dd9da2/usr/lib64/libopus.so.0.8.0
78763b667000-78763b6a4000 r-xp 00003000 08:01 23630178                   /home/toolchain/development/libc++_replacement/tmp/R11/extracted/39/39631b4325f25a57ea755287cd25a33df04a2c912baeea2286e8d08352dd9da2/usr/lib64/libopus.so.0.8.0
78763b6a4000-78763b6b6000 r--p 00040000 08:01 23630178                   /home/toolchain/development/libc++_replacement/tmp/R11/extracted/39/39631b4325f25a57ea755287cd25a33df04a2c912baeea2286e8d08352dd9da2/usr/lib64/libopus.so.0.8.0
78763b6b6000-78763b6b7000 r--p 00051000 08:01 23630178                   /home/toolchain/development/libc++_replacement/tmp/R11/extracted/39/39631b4325f25a57ea755287cd25a33df04a2c912baeea2286e8d08352dd9da2/usr/lib64/libopus.so.0.8.0
78763b6b7000-78763b6b8000 rw-p 00052000 08:01 23630178                   /home/toolchain/development/libc++_replacement/tmp/R11/extracted/39/39631b4325f25a57ea755287cd25a33df04a2c912baeea2286e8d08352dd9da2/usr/lib64/libopus.so.0.8.0
78763b6b8000-78763b6b9000 r--p 00000000 08:01 26005323                   /home/toolchain/development/libc++_replacement/tmp/R11/extracted/40/40787e08879d9a4270a3f1dc44aeed01ed9200a88d2f6edf884de751ed6a2b6e/usr/lib64/libbrotlienc.so.1.1.0
78763b6b9000-78763b718000 r-xp 00001000 08:01 26005323                   /home/toolchain/development/libc++_replacement/tmp/R11/extracted/40/40787e08879d9a4270a3f1dc44aeed01ed9200a88d2f6edf884de751ed6a2b6e/usr/lib64/libbrotlienc.so.1.1.0
78763b718000-78763b76a000 r--p 00060000 08:01 26005323                   /home/toolchain/development/libc++_replacement/tmp/R11/extracted/40/40787e08879d9a4270a3f1dc44aeed01ed9200a88d2f6edf884de751ed6a2b6e/usr/lib64/libbrotlienc.so.1.1.0
78763b76a000-78763b76b000 r--p 000b1000 08:01 26005323                   /home/toolchain/development/libc++_replacement/tmp/R11/extracted/40/40787e08879d9a4270a3f1dc44aeed01ed9200a88d2f6edf884de751ed6a2b6e/usr/lib64/libbrotlienc.so.1.1.0
78763b76b000-78763b76c000 rw-p 000b2000 08:01 26005323                   /home/toolchain/development/libc++_replacement/tmp/R11/extracted/40/40787e08879d9a4270a3f1dc44aeed01ed9200a88d2f6edf884de751ed6a2b6e/usr/lib64/libbrotlienc.so.1.1.0
78763b76c000-78763b76d000 r--p 00000000 08:01 26005292                   /home/toolchain/development/libc++_replacement/tmp/R11/extracted/99/993ff54f3fb96f75f5699b6ea45f092ab218ba388985cf52e743d4bdac6bfa6b/usr/lib64/libbrotlidec.so.1.1.0
78763b76d000-78763b775000 r-xp 00001000 08:01 26005292                   /home/toolchain/development/libc++_replacement/tmp/R11/extracted/99/993ff54f3fb96f75f5699b6ea45f092ab218ba388985cf52e743d4bdac6bfa6b/usr/lib64/libbrotlidec.so.1.1.0
78763b775000-78763b778000 r--p 00009000 08:01 26005292                   /home/toolchain/development/libc++_replacement/tmp/R11/extracted/99/993ff54f3fb96f75f5699b6ea45f092ab218ba388985cf52e743d4bdac6bfa6b/usr/lib64/libbrotlidec.so.1.1.0
78763b778000-78763b779000 r--p 0000b000 08:01 26005292                   /home/toolchain/development/libc++_replacement/tmp/R11/extracted/99/993ff54f3fb96f75f5699b6ea45f092ab218ba388985cf52e743d4bdac6bfa6b/usr/lib64/libbrotlidec.so.1.1.0
78763b779000-78763b77a000 rw-p 0000c000 08:01 26005292                   /home/toolchain/development/libc++_replacement/tmp/R11/extracted/99/993ff54f3fb96f75f5699b6ea45f092ab218ba388985cf52e743d4bdac6bfa6b/usr/lib64/libbrotlidec.so.1.1.0
78763b77a000-78763b77f000 r--p 00000000 08:01 25609282                   /home/toolchain/development/libc++_replacement/tmp/R11/extracted/bf/bfc2d54a1096eeb34ae4eeaf9deca21b3b845c0d207a5bdeb6cba97524ad4dbb/usr/lib64/libefl-extension.so.0.1.0
78763b77f000-78763b784000 r-xp 00005000 08:01 25609282                   /home/toolchain/development/libc++_replacement/tmp/R11/extracted/bf/bfc2d54a1096eeb34ae4eeaf9deca21b3b845c0d207a5bdeb6cba97524ad4dbb/usr/lib64/libefl-extension.so.0.1.0
78763b784000-78763b786000 r--p 0000a000 08:01 25609282                   /home/toolchain/development/libc++_replacement/tmp/R11/extracted/bf/bfc2d54a1096eeb34ae4eeaf9deca21b3b845c0d207a5bdeb6cba97524ad4dbb/usr/lib64/libefl-extension.so.0.1.0
78763b786000-78763b787000 r--p 0000c000 08:01 25609282                   /home/toolchain/development/libc++_replacement/tmp/R11/extracted/bf/bfc2d54a1096eeb34ae4eeaf9deca21b3b845c0d207a5bdeb6cba97524ad4dbb/usr/lib64/libefl-extension.so.0.1.0
78763b787000-78763b788000 rw-p 0000d000 08:01 25609282                   /home/toolchain/development/libc++_replacement/tmp/R11/extracted/bf/bfc2d54a1096eeb34ae4eeaf9deca21b3b845c0d207a5bdeb6cba97524ad4dbb/usr/lib64/libefl-extension.so.0.1.0
78763b788000-78763b790000 r--p 00000000 08:01 26088542                   /home/toolchain/development/libc++_replacement/tmp/R11/extracted/d8/d8e2121c8cdef0174f29ad288a339a127aa9bc15ea05f4b0682df2513302045d/usr/lib64/libtbm.so.1.0.0
78763b790000-78763b7b3000 r-xp 00008000 08:01 26088542                   /home/toolchain/development/libc++_replacement/tmp/R11/extracted/d8/d8e2121c8cdef0174f29ad288a339a127aa9bc15ea05f4b0682df2513302045d/usr/lib64/libtbm.so.1.0.0
78763b7b3000-78763b7bd000 r--p 0002b000 08:01 26088542                   /home/toolchain/development/libc++_replacement/tmp/R11/extracted/d8/d8e2121c8cdef0174f29ad288a339a127aa9bc15ea05f4b0682df2513302045d/usr/lib64/libtbm.so.1.0.0
78763b7bd000-78763b7be000 r--p 00035000 08:01 26088542                   /home/toolchain/development/libc++_replacement/tmp/R11/extracted/d8/d8e2121c8cdef0174f29ad288a339a127aa9bc15ea05f4b0682df2513302045d/usr/lib64/libtbm.so.1.0.0
78763b7be000-78763b7bf000 rw-p 00036000 08:01 26088542                   /home/toolchain/development/libc++_replacement/tmp/R11/extracted/d8/d8e2121c8cdef0174f29ad288a339a127aa9bc15ea05f4b0682df2513302045d/usr/lib64/libtbm.so.1.0.0
78763b7bf000-78763b7c5000 r--p 00000000 08:01 25822140                   /home/toolchain/development/libc++_replacement/tmp/R11/extracted/f6/f674d45d74803f2f61b07eddfb8b444936d1afc407b46e2442d314bc78ea7b40/usr/lib64/libcapi-media-camera.so.0.5.0
78763b7c5000-78763b7dc000 r-xp 00006000 08:01 25822140                   /home/toolchain/development/libc++_replacement/tmp/R11/extracted/f6/f674d45d74803f2f61b07eddfb8b444936d1afc407b46e2442d314bc78ea7b40/usr/lib64/libcapi-media-camera.so.0.5.0
78763b7dc000-78763b7e5000 r--p 0001d000 08:01 25822140                   /home/toolchain/development/libc++_replacement/tmp/R11/extracted/f6/f674d45d74803f2f61b07eddfb8b444936d1afc407b46e2442d314bc78ea7b40/usr/lib64/libcapi-media-camera.so.0.5.0
78763b7e5000-78763b7e6000 r--p 00025000 08:01 25822140                   /home/toolchain/development/libc++_replacement/tmp/R11/extracted/f6/f674d45d74803f2f61b07eddfb8b444936d1afc407b46e2442d314bc78ea7b40/usr/lib64/libcapi-media-camera.so.0.5.0
78763b7e6000-78763b7e7000 rw-p 00026000 08:01 25822140                   /home/toolchain/development/libc++_replacement/tmp/R11/extracted/f6/f674d45d74803f2f61b07eddfb8b444936d1afc407b46e2442d314bc78ea7b40/usr/lib64/libcapi-media-camera.so.0.5.0
78763b7e7000-78763b7f0000 r--p 00000000 08:01 25821789                   /home/toolchain/development/libc++_replacement/tmp/R11/extracted/78/78f6ddb4273a7c65f897bdd8f1fdc0b0b773f261c44fb7a482e4e4e6661f2fc4/usr/lib64/libcapi-base-common.so.0.4.82
78763b7f0000-78763b7f1000 r-xp 00009000 08:01 25821789                   /home/toolchain/development/libc++_replacement/tmp/R11/extracted/78/78f6ddb4273a7c65f897bdd8f1fdc0b0b773f261c44fb7a482e4e4e6661f2fc4/usr/lib64/libcapi-base-common.so.0.4.82
78763b7f1000-78763b7fa000 r--p 0000a000 08:01 25821789                   /home/toolchain/development/libc++_replacement/tmp/R11/extracted/78/78f6ddb4273a7c65f897bdd8f1fdc0b0b773f261c44fb7a482e4e4e6661f2fc4/usr/lib64/libcapi-base-common.so.0.4.82
78763b7fa000-78763b7ff000 r--p 00012000 08:01 25821789                   /home/toolchain/development/libc++_replacement/tmp/R11/extracted/78/78f6ddb4273a7c65f897bdd8f1fdc0b0b773f261c44fb7a482e4e4e6661f2fc4/usr/lib64/libcapi-base-common.so.0.4.82
78763b7ff000-78763b800000 rw-p 00017000 08:01 25821789                   /home/toolchain/development/libc++_replacement/tmp/R11/extracted/78/78f6ddb4273a7c65f897bdd8f1fdc0b0b773f261c44fb7a482e4e4e6661f2fc4/usr/lib64/libcapi-base-common.so.0.4.82
78763b800000-78763b852000 r--p 00000000 08:01 25869998                   /home/toolchain/development/libc++_replacement/tmp/R11/extracted/85/8593c4710f8f264ca986b59d3fd51c77821e9addb2add1d80d42a5177206711f/usr/lib64/libevas.so.1.25.1
78763b852000-78763b997000 r-xp 00052000 08:01 25869998                   /home/toolchain/development/libc++_replacement/tmp/R11/extracted/85/8593c4710f8f264ca986b59d3fd51c77821e9addb2add1d80d42a5177206711f/usr/lib64/libevas.so.1.25.1
78763b997000-78763ba08000 r--p 00197000 08:01 25869998                   /home/toolchain/development/libc++_replacement/tmp/R11/extracted/85/8593c4710f8f264ca986b59d3fd51c77821e9addb2add1d80d42a5177206711f/usr/lib64/libevas.so.1.25.1
78763ba08000-78763ba17000 r--p 00207000 08:01 25869998                   /home/toolchain/development/libc++_replacement/tmp/R11/extracted/85/8593c4710f8f264ca986b59d3fd51c77821e9addb2add1d80d42a5177206711f/usr/lib64/libevas.so.1.25.1
78763ba17000-78763ba1b000 rw-p 00216000 08:01 25869998                   /home/toolchain/development/libc++_replacement/tmp/R11/extracted/85/8593c4710f8f264ca986b59d3fd51c77821e9addb2add1d80d42a5177206711f/usr/lib64/libevas.so.1.25.1
78763ba1b000-78763ba4c000 rw-p 00000000 00:00 0 
78763ba4d000-78763ba50000 r--p 00000000 08:01 25822515                   /home/toolchain/development/libc++_replacement/tmp/R11/extracted/bb/bb8ca49407c7f8b0468e21eee66d8c3ad842eed82b47d34b2c34c0d55c02a2d0/usr/lib64/libcapi-media-tool.so.0.2.0
78763ba50000-78763ba5a000 r-xp 00003000 08:01 25822515                   /home/toolchain/development/libc++_replacement/tmp/R11/extracted/bb/bb8ca49407c7f8b0468e21eee66d8c3ad842eed82b47d34b2c34c0d55c02a2d0/usr/lib64/libcapi-media-tool.so.0.2.0
78763ba5a000-78763ba5f000 r--p 0000d000 08:01 25822515                   /home/toolchain/development/libc++_replacement/tmp/R11/extracted/bb/bb8ca49407c7f8b0468e21eee66d8c3ad842eed82b47d34b2c34c0d55c02a2d0/usr/lib64/libcapi-media-tool.so.0.2.0
78763ba5f000-78763ba60000 r--p 00011000 08:01 25822515                   /home/toolchain/development/libc++_replacement/tmp/R11/extracted/bb/bb8ca49407c7f8b0468e21eee66d8c3ad842eed82b47d34b2c34c0d55c02a2d0/usr/lib64/libcapi-media-tool.so.0.2.0
78763ba60000-78763ba61000 rw-p 00012000 08:01 25822515                   /home/toolchain/development/libc++_replacement/tmp/R11/extracted/bb/bb8ca49407c7f8b0468e21eee66d8c3ad842eed82b47d34b2c34c0d55c02a2d0/usr/lib64/libcapi-media-tool.so.0.2.0
78763ba61000-78763ba63000 r--p 00000000 08:01 26229356                   /home/toolchain/development/libc++_replacement/tmp/R11/extracted/37/37a89977df6d4ce294dcaa14f951155ccb94da72164a482ddb082b019c0ff252/usr/lib64/libvconf.so.0.3.1
78763ba63000-78763ba68000 r-xp 00002000 08:01 26229356                   /home/toolchain/development/libc++_replacement/tmp/R11/extracted/37/37a89977df6d4ce294dcaa14f951155ccb94da72164a482ddb082b019c0ff252/usr/lib64/libvconf.so.0.3.1
78763ba68000-78763ba6a000 r--p 00007000 08:01 26229356                   /home/toolchain/development/libc++_replacement/tmp/R11/extracted/37/37a89977df6d4ce294dcaa14f951155ccb94da72164a482ddb082b019c0ff252/usr/lib64/libvconf.so.0.3.1
78763ba6a000-78763ba6b000 r--p 00008000 08:01 26229356                   /home/toolchain/development/libc++_replacement/tmp/R11/extracted/37/37a89977df6d4ce294dcaa14f951155ccb94da72164a482ddb082b019c0ff252/usr/lib64/libvconf.so.0.3.1
78763ba6b000-78763ba6c000 rw-p 00009000 08:01 26229356                   /home/toolchain/development/libc++_replacement/tmp/R11/extracted/37/37a89977df6d4ce294dcaa14f951155ccb94da72164a482ddb082b019c0ff252/usr/lib64/libvconf.so.0.3.1
78763ba6c000-78763ba76000 r--p 00000000 08:01 25839054                   /home/toolchain/development/libc++_replacement/tmp/R11/extracted/64/641236184aba59194f38bf60271a2f3c1da2a68d097739a39f3f485da0549be4/usr/lib64/libeldbus.so.1.25.1
78763ba76000-78763ba93000 r-xp 0000a000 08:01 25839054                   /home/toolchain/development/libc++_replacement/tmp/R11/extracted/64/641236184aba59194f38bf60271a2f3c1da2a68d097739a39f3f485da0549be4/usr/lib64/libeldbus.so.1.25.1
78763ba93000-78763ba9f000 r--p 00027000 08:01 25839054                   /home/toolchain/development/libc++_replacement/tmp/R11/extracted/64/641236184aba59194f38bf60271a2f3c1da2a68d097739a39f3f485da0549be4/usr/lib64/libeldbus.so.1.25.1
78763ba9f000-78763baa0000 r--p 00033000 08:01 25839054                   /home/toolchain/development/libc++_replacement/tmp/R11/extracted/64/641236184aba59194f38bf60271a2f3c1da2a68d097739a39f3f485da0549be4/usr/lib64/libeldbus.so.1.25.1
78763baa0000-78763baa1000 rw-p 00034000 08:01 25839054                   /home/toolchain/development/libc++_replacement/tmp/R11/extracted/64/641236184aba59194f38bf60271a2f3c1da2a68d097739a39f3f485da0549be4/usr/lib64/libeldbus.so.1.25.1
78763baa1000-78763bac8000 r--p 00000000 08:01 25836852                   /home/toolchain/development/libc++_replacement/tmp/R11/extracted/d5/d55bb7a3c85a721c363b2ea9214da3f8f62f669984649f672bb4dc1d341a00f6/usr/lib64/libedje.so.1.25.1
78763bac8000-78763bb54000 r-xp 00027000 08:01 25836852                   /home/toolchain/development/libc++_replacement/tmp/R11/extracted/d5/d55bb7a3c85a721c363b2ea9214da3f8f62f669984649f672bb4dc1d341a00f6/usr/lib64/libedje.so.1.25.1
78763bb54000-78763bb79000 r--p 000b3000 08:01 25836852                   /home/toolchain/development/libc++_replacement/tmp/R11/extracted/d5/d55bb7a3c85a721c363b2ea9214da3f8f62f669984649f672bb4dc1d341a00f6/usr/lib64/libedje.so.1.25.1
78763bb79000-78763bb7c000 r--p 000d8000 08:01 25836852                   /home/toolchain/development/libc++_replacement/tmp/R11/extracted/d5/d55bb7a3c85a721c363b2ea9214da3f8f62f669984649f672bb4dc1d341a00f6/usr/lib64/libedje.so.1.25.1
78763bb7c000-78763bb7f000 rw-p 000db000 08:01 25836852                   /home/toolchain/development/libc++_replacement/tmp/R11/extracted/d5/d55bb7a3c85a721c363b2ea9214da3f8f62f669984649f672bb4dc1d341a00f6/usr/lib64/libedje.so.1.25.1
78763bb7f000-78763bb94000 r--p 00000000 08:01 25838751                   /home/toolchain/development/libc++_replacement/tmp/R11/extracted/a5/a5600e4ac0d26cb46758edcf47008d44534047bf1e063dd6c9427684a3c45ef5/usr/lib64/libeina.so.1.25.1
78763bb94000-78763bbd8000 r-xp 00015000 08:01 25838751                   /home/toolchain/development/libc++_replacement/tmp/R11/extracted/a5/a5600e4ac0d26cb46758edcf47008d44534047bf1e063dd6c9427684a3c45ef5/usr/lib64/libeina.so.1.25.1
78763bbd8000-78763bbf7000 r--p 00059000 08:01 25838751                   /home/toolchain/development/libc++_replacement/tmp/R11/extracted/a5/a5600e4ac0d26cb46758edcf47008d44534047bf1e063dd6c9427684a3c45ef5/usr/lib64/libeina.so.1.25.1
78763bbf7000-78763bbf9000 r--p 00078000 08:01 25838751                   /home/toolchain/development/libc++_replacement/tmp/R11/extracted/a5/a5600e4ac0d26cb46758edcf47008d44534047bf1e063dd6c9427684a3c45ef5/usr/lib64/libeina.so.1.25.1
78763bbf9000-78763bbfb000 rw-p 0007a000 08:01 25838751                   /home/toolchain/development/libc++_replacement/tmp/R11/extracted/a5/a5600e4ac0d26cb46758edcf47008d44534047bf1e063dd6c9427684a3c45ef5/usr/lib64/libeina.so.1.25.1
78763bbfb000-78763bc00000 rw-p 00000000 00:00 0 
78763bc00000-787641820000 r--p 00000000 08:01 68884754                   /home/toolchain/development/libcxx_runtime_validation/tmp/API_0911/W1/chromium_image/lib/libchromium-impl.so
787641820000-78764a1b2000 r-xp 05c1f000 08:01 68884754                   /home/toolchain/development/libcxx_runtime_validation/tmp/API_0911/W1/chromium_image/lib/libchromium-impl.so
78764a1b2000-78764aae0000 r--p 0e5b0000 08:01 68884754                   /home/toolchain/development/libcxx_runtime_validation/tmp/API_0911/W1/chromium_image/lib/libchromium-impl.so
78764aae0000-78764ac03000 rw-p 0eedd000 08:01 68884754                   /home/toolchain/development/libcxx_runtime_validation/tmp/API_0911/W1/chromium_image/lib/libchromium-impl.so
78764ac03000-78764aea6000 rw-p 00000000 00:00 0 
78764aea6000-78764aea8000 r--p 00000000 08:01 25714424                   /home/toolchain/development/libc++_replacement/tmp/R11/extracted/c3/c3d22a505a18075e3ffa2d8906fbef5244a37495d1b4b4d03c0fd415e1a5fbfc/usr/lib64/libappsvc.so.0.1.0
78764aea8000-78764aea9000 r-xp 00002000 08:01 25714424                   /home/toolchain/development/libc++_replacement/tmp/R11/extracted/c3/c3d22a505a18075e3ffa2d8906fbef5244a37495d1b4b4d03c0fd415e1a5fbfc/usr/lib64/libappsvc.so.0.1.0
78764aea9000-78764aeaa000 r--p 00003000 08:01 25714424                   /home/toolchain/development/libc++_replacement/tmp/R11/extracted/c3/c3d22a505a18075e3ffa2d8906fbef5244a37495d1b4b4d03c0fd415e1a5fbfc/usr/lib64/libappsvc.so.0.1.0
78764aeaa000-78764aeab000 r--p 00003000 08:01 25714424                   /home/toolchain/development/libc++_replacement/tmp/R11/extracted/c3/c3d22a505a18075e3ffa2d8906fbef5244a37495d1b4b4d03c0fd415e1a5fbfc/usr/lib64/libappsvc.so.0.1.0
78764aeab000-78764aeac000 rw-p 00004000 08:01 25714424                   /home/toolchain/development/libc++_replacement/tmp/R11/extracted/c3/c3d22a505a18075e3ffa2d8906fbef5244a37495d1b4b4d03c0fd415e1a5fbfc/usr/lib64/libappsvc.so.0.1.0
78764aeac000-78764aeae000 r--p 00000000 08:01 25835129                   /home/toolchain/development/libc++_replacement/tmp/R11/extracted/2d/2dbc4d5269a3823621335b4a396b9613c9d5680881d19668c7701c42a163a632/usr/lib64/libecore_input.so.1.25.1
78764aeae000-78764aeb0000 r-xp 00002000 08:01 25835129                   /home/toolchain/development/libc++_replacement/tmp/R11/extracted/2d/2dbc4d5269a3823621335b4a396b9613c9d5680881d19668c7701c42a163a632/usr/lib64/libecore_input.so.1.25.1
78764aeb0000-78764aec0000 r--p 00004000 08:01 25835129                   /home/toolchain/development/libc++_replacement/tmp/R11/extracted/2d/2dbc4d5269a3823621335b4a396b9613c9d5680881d19668c7701c42a163a632/usr/lib64/libecore_input.so.1.25.1
78764aec0000-78764aec1000 r--p 00014000 08:01 25835129                   /home/toolchain/development/libc++_replacement/tmp/R11/extracted/2d/2dbc4d5269a3823621335b4a396b9613c9d5680881d19668c7701c42a163a632/usr/lib64/libecore_input.so.1.25.1
78764aec1000-78764aec2000 rw-p 00015000 08:01 25835129                   /home/toolchain/development/libc++_replacement/tmp/R11/extracted/2d/2dbc4d5269a3823621335b4a396b9613c9d5680881d19668c7701c42a163a632/usr/lib64/libecore_input.so.1.25.1
78764aec2000-78764aec5000 r--p 00000000 08:01 25835089                   /home/toolchain/development/libc++_replacement/tmp/R11/extracted/58/586534b7f03c86fd8b4cd92c882aab12ab0f404d48977f6f9b565fcb15c15df5/usr/lib64/libecore_imf.so.1.25.1
78764aec5000-78764aec8000 r-xp 00003000 08:01 25835089                   /home/toolchain/development/libc++_replacement/tmp/R11/extracted/58/586534b7f03c86fd8b4cd92c882aab12ab0f404d48977f6f9b565fcb15c15df5/usr/lib64/libecore_imf.so.1.25.1
78764aec8000-78764aecb000 r--p 00006000 08:01 25835089                   /home/toolchain/development/libc++_replacement/tmp/R11/extracted/58/586534b7f03c86fd8b4cd92c882aab12ab0f404d48977f6f9b565fcb15c15df5/usr/lib64/libecore_imf.so.1.25.1
78764aecb000-78764aecc000 r--p 00008000 08:01 25835089                   /home/toolchain/development/libc++_replacement/tmp/R11/extracted/58/586534b7f03c86fd8b4cd92c882aab12ab0f404d48977f6f9b565fcb15c15df5/usr/lib64/libecore_imf.so.1.25.1
78764aecc000-78764aecd000 rw-p 00009000 08:01 25835089                   /home/toolchain/development/libc++_replacement/tmp/R11/extracted/58/586534b7f03c86fd8b4cd92c882aab12ab0f404d48977f6f9b565fcb15c15df5/usr/lib64/libecore_imf.so.1.25.1
78764aecd000-78764aeda000 r--p 00000000 08:01 25835072                   /home/toolchain/development/libc++_replacement/tmp/R11/extracted/24/24e22d535c938ae12384734503c34d242f2b623cd8ad8e99b3b663f84e8175fc/usr/lib64/libecore_evas.so.1.25.1
78764aeda000-78764aeef000 r-xp 0000d000 08:01 25835072                   /home/toolchain/development/libc++_replacement/tmp/R11/extracted/24/24e22d535c938ae12384734503c34d242f2b623cd8ad8e99b3b663f84e8175fc/usr/lib64/libecore_evas.so.1.25.1
78764aeef000-78764aef9000 r--p 00022000 08:01 25835072                   /home/toolchain/development/libc++_replacement/tmp/R11/extracted/24/24e22d535c938ae12384734503c34d242f2b623cd8ad8e99b3b663f84e8175fc/usr/lib64/libecore_evas.so.1.25.1
78764aef9000-78764aefa000 r--p 0002b000 08:01 25835072                   /home/toolchain/development/libc++_replacement/tmp/R11/extracted/24/24e22d535c938ae12384734503c34d242f2b623cd8ad8e99b3b663f84e8175fc/usr/lib64/libecore_evas.so.1.25.1
78764aefa000-78764aefb000 rw-p 0002c000 08:01 25835072                   /home/toolchain/development/libc++_replacement/tmp/R11/extracted/24/24e22d535c938ae12384734503c34d242f2b623cd8ad8e99b3b663f84e8175fc/usr/lib64/libecore_evas.so.1.25.1
78764aefb000-78764af13000 r--p 00000000 08:01 25835027                   /home/toolchain/development/libc++_replacement/tmp/R11/extracted/ad/adf05bf3157829f0a4cea8688c730b3a433d9ae6027810b74f12da3d84778642/usr/lib64/libecore.so.1.25.1
78764af13000-78764af57000 r-xp 00018000 08:01 25835027                   /home/toolchain/development/libc++_replacement/tmp/R11/extracted/ad/adf05bf3157829f0a4cea8688c730b3a433d9ae6027810b74f12da3d84778642/usr/lib64/libecore.so.1.25.1
78764af57000-78764af6f000 r--p 0005c000 08:01 25835027                   /home/toolchain/development/libc++_replacement/tmp/R11/extracted/ad/adf05bf3157829f0a4cea8688c730b3a433d9ae6027810b74f12da3d84778642/usr/lib64/libecore.so.1.25.1
78764af6f000-78764af73000 r--p 00074000 08:01 25835027                   /home/toolchain/development/libc++_replacement/tmp/R11/extracted/ad/adf05bf3157829f0a4cea8688c730b3a433d9ae6027810b74f12da3d84778642/usr/lib64/libecore.so.1.25.1
78764af73000-78764af75000 rw-p 00078000 08:01 25835027                   /home/toolchain/development/libc++_replacement/tmp/R11/extracted/ad/adf05bf3157829f0a4cea8688c730b3a433d9ae6027810b74f12da3d84778642/usr/lib64/libecore.so.1.25.1
78764af75000-78764af76000 rw-p 00000000 00:00 0 
78764af76000-78764af78000 r--p 00000000 08:01 26084248                   /home/toolchain/development/libc++_replacement/tmp/R11/extracted/fa/fab79860adf785533087275f70711a22478a332ff778a96c7d08d725f7533551/usr/lib64/libdlog.so.0.0.0
78764af78000-78764af82000 r-xp 00002000 08:01 26084248                   /home/toolchain/development/libc++_replacement/tmp/R11/extracted/fa/fab79860adf785533087275f70711a22478a332ff778a96c7d08d725f7533551/usr/lib64/libdlog.so.0.0.0
78764af82000-78764af86000 r--p 0000c000 08:01 26084248                   /home/toolchain/development/libc++_replacement/tmp/R11/extracted/fa/fab79860adf785533087275f70711a22478a332ff778a96c7d08d725f7533551/usr/lib64/libdlog.so.0.0.0
78764af86000-78764af87000 r--p 00010000 08:01 26084248                   /home/toolchain/development/libc++_replacement/tmp/R11/extracted/fa/fab79860adf785533087275f70711a22478a332ff778a96c7d08d725f7533551/usr/lib64/libdlog.so.0.0.0
78764af87000-78764af88000 rw-p 00011000 08:01 26084248                   /home/toolchain/development/libc++_replacement/tmp/R11/extracted/fa/fab79860adf785533087275f70711a22478a332ff778a96c7d08d725f7533551/usr/lib64/libdlog.so.0.0.0
78764af88000-78764af8e000 rw-p 00000000 00:00 0 
78764af8e000-78764afc4000 r-xp 00000000 08:01 68734958                   /home/toolchain/development/libcxx_runtime_validation/tmp/P12/build_P13/forwarder_separate.so
78764afc4000-78764afc5000 ---p 00036000 08:01 68734958                   /home/toolchain/development/libcxx_runtime_validation/tmp/P12/build_P13/forwarder_separate.so
78764afc5000-78764afc6000 r--p 00036000 08:01 68734958                   /home/toolchain/development/libcxx_runtime_validation/tmp/P12/build_P13/forwarder_separate.so
78764afc6000-78764afc7000 rw-p 00037000 08:01 68734958                   /home/toolchain/development/libcxx_runtime_validation/tmp/P12/build_P13/forwarder_separate.so
78764afc7000-78764afda000 rw-p 00000000 00:00 0 
78764afda000-78764afdc000 r--p 00000000 103:01 24643894                  /usr/lib/x86_64-linux-gnu/libatomic.so.1.2.0
78764afdc000-78764afe0000 r-xp 00002000 103:01 24643894                  /usr/lib/x86_64-linux-gnu/libatomic.so.1.2.0
78764afe0000-78764afe2000 r--p 00006000 103:01 24643894                  /usr/lib/x86_64-linux-gnu/libatomic.so.1.2.0
78764afe2000-78764afe3000 r--p 00007000 103:01 24643894                  /usr/lib/x86_64-linux-gnu/libatomic.so.1.2.0
78764afe3000-78764afe4000 rw-p 00008000 103:01 24643894                  /usr/lib/x86_64-linux-gnu/libatomic.so.1.2.0
78764afe4000-78764afe7000 rw-p 00000000 00:00 0 
78764afe8000-78764afea000 r--p 00000000 08:01 25823631                   /home/toolchain/development/libc++_replacement/tmp/R11/extracted/58/58b5b4e8edc37e770743aa26322ac9098f19d1b63b26a9cfd6d11ddef864084d/usr/lib64/libcapi-system-info.so.0.5.2
78764afea000-78764afed000 r-xp 00002000 08:01 25823631                   /home/toolchain/development/libc++_replacement/tmp/R11/extracted/58/58b5b4e8edc37e770743aa26322ac9098f19d1b63b26a9cfd6d11ddef864084d/usr/lib64/libcapi-system-info.so.0.5.2
78764afed000-78764afee000 r--p 00005000 08:01 25823631                   /home/toolchain/development/libc++_replacement/tmp/R11/extracted/58/58b5b4e8edc37e770743aa26322ac9098f19d1b63b26a9cfd6d11ddef864084d/usr/lib64/libcapi-system-info.so.0.5.2
78764afee000-78764afef000 r--p 00006000 08:01 25823631                   /home/toolchain/development/libc++_replacement/tmp/R11/extracted/58/58b5b4e8edc37e770743aa26322ac9098f19d1b63b26a9cfd6d11ddef864084d/usr/lib64/libcapi-system-info.so.0.5.2
78764afef000-78764aff0000 rw-p 00007000 08:01 25823631                   /home/toolchain/development/libc++_replacement/tmp/R11/extracted/58/58b5b4e8edc37e770743aa26322ac9098f19d1b63b26a9cfd6d11ddef864084d/usr/lib64/libcapi-system-info.so.0.5.2
78764aff0000-78764aff4000 r-xp 00000000 08:01 68734948                   /home/toolchain/development/libcxx_runtime_validation/tmp/P12/build_P13/ewk_adaptor_reverse.so
78764aff4000-78764aff5000 r--p 00003000 08:01 68734948                   /home/toolchain/development/libcxx_runtime_validation/tmp/P12/build_P13/ewk_adaptor_reverse.so
78764aff5000-78764aff6000 rw-p 00004000 08:01 68734948                   /home/toolchain/development/libcxx_runtime_validation/tmp/P12/build_P13/ewk_adaptor_reverse.so
78764aff6000-78764aff8000 rw-p 00000000 00:00 0 
78764aff8000-78764b020000 r--p 00000000 08:01 23608330                   /home/toolchain/development/libc++_replacement/tmp/R11/extracted/bb/bb95acf2989fecd8ed536d259eb6ce43109882f58a219adcd440fd826537dda7/lib64/libc.so.6
78764b020000-78764b170000 r-xp 00028000 08:01 23608330                   /home/toolchain/development/libc++_replacement/tmp/R11/extracted/bb/bb95acf2989fecd8ed536d259eb6ce43109882f58a219adcd440fd826537dda7/lib64/libc.so.6
78764b170000-78764b1c6000 r--p 00178000 08:01 23608330                   /home/toolchain/development/libc++_replacement/tmp/R11/extracted/bb/bb95acf2989fecd8ed536d259eb6ce43109882f58a219adcd440fd826537dda7/lib64/libc.so.6
78764b1c6000-78764b1ca000 r--p 001ce000 08:01 23608330                   /home/toolchain/development/libc++_replacement/tmp/R11/extracted/bb/bb95acf2989fecd8ed536d259eb6ce43109882f58a219adcd440fd826537dda7/lib64/libc.so.6
78764b1ca000-78764b1cc000 rw-p 001d2000 08:01 23608330                   /home/toolchain/development/libc++_replacement/tmp/R11/extracted/bb/bb95acf2989fecd8ed536d259eb6ce43109882f58a219adcd440fd826537dda7/lib64/libc.so.6
78764b1cc000-78764b1d4000 rw-p 00000000 00:00 0 
78764b1d4000-78764b1d8000 r--p 00000000 08:01 23621385                   /home/toolchain/development/libc++_replacement/tmp/R11/extracted/fe/fe622fb74e245c939c61ea5cca98dcbfc342fa7e12b1de0d8602be19ed35c441/usr/lib64/libgcc_s.so.1
78764b1d8000-78764b1fb000 r-xp 00004000 08:01 23621385                   /home/toolchain/development/libc++_replacement/tmp/R11/extracted/fe/fe622fb74e245c939c61ea5cca98dcbfc342fa7e12b1de0d8602be19ed35c441/usr/lib64/libgcc_s.so.1
78764b1fb000-78764b1ff000 r--p 00027000 08:01 23621385                   /home/toolchain/development/libc++_replacement/tmp/R11/extracted/fe/fe622fb74e245c939c61ea5cca98dcbfc342fa7e12b1de0d8602be19ed35c441/usr/lib64/libgcc_s.so.1
78764b1ff000-78764b200000 rw-p 0002b000 08:01 23621385                   /home/toolchain/development/libc++_replacement/tmp/R11/extracted/fe/fe622fb74e245c939c61ea5cca98dcbfc342fa7e12b1de0d8602be19ed35c441/usr/lib64/libgcc_s.so.1
78764b200000-78764b2a5000 r--p 00000000 08:01 23622988                   /home/toolchain/development/libc++_replacement/tmp/R11/extracted/b8/b8155206a459a575f0f701c66a553cd2029728963fa3938768131e9028e4ee6b/usr/lib64/libstdc++.so.6.0.33
78764b2a5000-78764b3cd000 r-xp 000a5000 08:01 23622988                   /home/toolchain/development/libc++_replacement/tmp/R11/extracted/b8/b8155206a459a575f0f701c66a553cd2029728963fa3938768131e9028e4ee6b/usr/lib64/libstdc++.so.6.0.33
78764b3cd000-78764b454000 r--p 001cd000 08:01 23622988                   /home/toolchain/development/libc++_replacement/tmp/R11/extracted/b8/b8155206a459a575f0f701c66a553cd2029728963fa3938768131e9028e4ee6b/usr/lib64/libstdc++.so.6.0.33
78764b454000-78764b45f000 r--p 00254000 08:01 23622988                   /home/toolchain/development/libc++_replacement/tmp/R11/extracted/b8/b8155206a459a575f0f701c66a553cd2029728963fa3938768131e9028e4ee6b/usr/lib64/libstdc++.so.6.0.33
78764b45f000-78764b462000 rw-p 0025f000 08:01 23622988                   /home/toolchain/development/libc++_replacement/tmp/R11/extracted/b8/b8155206a459a575f0f701c66a553cd2029728963fa3938768131e9028e4ee6b/usr/lib64/libstdc++.so.6.0.33
78764b462000-78764b466000 rw-p 00000000 00:00 0 
78764b466000-78764b467000 r--p 00000000 103:01 24641948                  /usr/lib/locale/C.utf8/LC_MESSAGES/SYS_LC_MESSAGES
78764b467000-78764b468000 r--p 00000000 08:01 23608461                   /home/toolchain/development/libc++_replacement/tmp/R11/extracted/bb/bb95acf2989fecd8ed536d259eb6ce43109882f58a219adcd440fd826537dda7/lib64/libpthread.so.0
78764b468000-78764b469000 r-xp 00001000 08:01 23608461                   /home/toolchain/development/libc++_replacement/tmp/R11/extracted/bb/bb95acf2989fecd8ed536d259eb6ce43109882f58a219adcd440fd826537dda7/lib64/libpthread.so.0
78764b469000-78764b46a000 r--p 00002000 08:01 23608461                   /home/toolchain/development/libc++_replacement/tmp/R11/extracted/bb/bb95acf2989fecd8ed536d259eb6ce43109882f58a219adcd440fd826537dda7/lib64/libpthread.so.0
78764b46a000-78764b46b000 r--p 00002000 08:01 23608461                   /home/toolchain/development/libc++_replacement/tmp/R11/extracted/bb/bb95acf2989fecd8ed536d259eb6ce43109882f58a219adcd440fd826537dda7/lib64/libpthread.so.0
78764b46b000-78764b46c000 rw-p 00003000 08:01 23608461                   /home/toolchain/development/libc++_replacement/tmp/R11/extracted/bb/bb95acf2989fecd8ed536d259eb6ce43109882f58a219adcd440fd826537dda7/lib64/libpthread.so.0
78764b46c000-78764b47c000 r--p 00000000 08:01 23608339                   /home/toolchain/development/libc++_replacement/tmp/R11/extracted/bb/bb95acf2989fecd8ed536d259eb6ce43109882f58a219adcd440fd826537dda7/lib64/libm.so.6
78764b47c000-78764b4f2000 r-xp 00010000 08:01 23608339                   /home/toolchain/development/libc++_replacement/tmp/R11/extracted/bb/bb95acf2989fecd8ed536d259eb6ce43109882f58a219adcd440fd826537dda7/lib64/libm.so.6
78764b4f2000-78764b54d000 r--p 00086000 08:01 23608339                   /home/toolchain/development/libc++_replacement/tmp/R11/extracted/bb/bb95acf2989fecd8ed536d259eb6ce43109882f58a219adcd440fd826537dda7/lib64/libm.so.6
78764b54d000-78764b54e000 r--p 000e0000 08:01 23608339                   /home/toolchain/development/libc++_replacement/tmp/R11/extracted/bb/bb95acf2989fecd8ed536d259eb6ce43109882f58a219adcd440fd826537dda7/lib64/libm.so.6
78764b54e000-78764b54f000 rw-p 000e1000 08:01 23608339                   /home/toolchain/development/libc++_replacement/tmp/R11/extracted/bb/bb95acf2989fecd8ed536d259eb6ce43109882f58a219adcd440fd826537dda7/lib64/libm.so.6
78764b54f000-78764b550000 r--p 00000000 08:01 23608338                   /home/toolchain/development/libc++_replacement/tmp/R11/extracted/bb/bb95acf2989fecd8ed536d259eb6ce43109882f58a219adcd440fd826537dda7/lib64/libdl.so.2
78764b550000-78764b551000 r-xp 00001000 08:01 23608338                   /home/toolchain/development/libc++_replacement/tmp/R11/extracted/bb/bb95acf2989fecd8ed536d259eb6ce43109882f58a219adcd440fd826537dda7/lib64/libdl.so.2
78764b551000-78764b552000 r--p 00002000 08:01 23608338                   /home/toolchain/development/libc++_replacement/tmp/R11/extracted/bb/bb95acf2989fecd8ed536d259eb6ce43109882f58a219adcd440fd826537dda7/lib64/libdl.so.2
78764b552000-78764b553000 r--p 00002000 08:01 23608338                   /home/toolchain/development/libc++_replacement/tmp/R11/extracted/bb/bb95acf2989fecd8ed536d259eb6ce43109882f58a219adcd440fd826537dda7/lib64/libdl.so.2
78764b553000-78764b554000 rw-p 00003000 08:01 23608338                   /home/toolchain/development/libc++_replacement/tmp/R11/extracted/bb/bb95acf2989fecd8ed536d259eb6ce43109882f58a219adcd440fd826537dda7/lib64/libdl.so.2
78764b554000-78764b556000 rw-p 00000000 00:00 0 
78764b556000-78764b567000 r--p 00000000 08:01 72160044                   /home/toolchain/development/libcxx_runtime_validation/tmp/IMPL_0908/build-native/lib/libc++abi.so.1.0
78764b567000-78764b584000 r-xp 00011000 08:01 72160044                   /home/toolchain/development/libcxx_runtime_validation/tmp/IMPL_0908/build-native/lib/libc++abi.so.1.0
78764b584000-78764b58e000 r--p 0002e000 08:01 72160044                   /home/toolchain/development/libcxx_runtime_validation/tmp/IMPL_0908/build-native/lib/libc++abi.so.1.0
78764b58e000-78764b593000 r--p 00038000 08:01 72160044                   /home/toolchain/development/libcxx_runtime_validation/tmp/IMPL_0908/build-native/lib/libc++abi.so.1.0
78764b593000-78764b594000 rw-p 0003d000 08:01 72160044                   /home/toolchain/development/libcxx_runtime_validation/tmp/IMPL_0908/build-native/lib/libc++abi.so.1.0
78764b594000-78764b5d0000 r--p 00000000 08:01 72160099                   /home/toolchain/development/libcxx_runtime_validation/tmp/IMPL_0908/build-native/lib/libc++.so.1.0
78764b5d0000-78764b64a000 r-xp 0003c000 08:01 72160099                   /home/toolchain/development/libcxx_runtime_validation/tmp/IMPL_0908/build-native/lib/libc++.so.1.0
78764b64a000-78764b68d000 r--p 000b6000 08:01 72160099                   /home/toolchain/development/libcxx_runtime_validation/tmp/IMPL_0908/build-native/lib/libc++.so.1.0
78764b68d000-78764b694000 r--p 000f8000 08:01 72160099                   /home/toolchain/development/libcxx_runtime_validation/tmp/IMPL_0908/build-native/lib/libc++.so.1.0
78764b694000-78764b695000 rw-p 000ff000 08:01 72160099                   /home/toolchain/development/libcxx_runtime_validation/tmp/IMPL_0908/build-native/lib/libc++.so.1.0
78764b695000-78764b6a0000 rw-p 00000000 00:00 0 
78764b6a0000-78764b6a1000 r--p 00000000 08:01 68734998                   /home/toolchain/development/libcxx_runtime_validation/tmp/P12/build_P13/p13_alloc_observer.so
78764b6a1000-78764b6a2000 r-xp 00001000 08:01 68734998                   /home/toolchain/development/libcxx_runtime_validation/tmp/P12/build_P13/p13_alloc_observer.so
78764b6a2000-78764b6a3000 r--p 00002000 08:01 68734998                   /home/toolchain/development/libcxx_runtime_validation/tmp/P12/build_P13/p13_alloc_observer.so
78764b6a3000-78764b6a4000 r--p 00002000 08:01 68734998                   /home/toolchain/development/libcxx_runtime_validation/tmp/P12/build_P13/p13_alloc_observer.so
78764b6a4000-78764b6a5000 rw-p 00003000 08:01 68734998                   /home/toolchain/development/libcxx_runtime_validation/tmp/P12/build_P13/p13_alloc_observer.so
78764b6a5000-78764b6a7000 rw-p 00000000 00:00 0 
78764b6a7000-78764b6aa000 r-xp 00000000 08:01 68734999                   /home/toolchain/development/libcxx_runtime_validation/tmp/P12/build_P13/p13_observed_error_app
78764b6aa000-78764b6ab000 ---p 00003000 08:01 68734999                   /home/toolchain/development/libcxx_runtime_validation/tmp/P12/build_P13/p13_observed_error_app
78764b6ab000-78764b6ac000 r--p 00003000 08:01 68734999                   /home/toolchain/development/libcxx_runtime_validation/tmp/P12/build_P13/p13_observed_error_app
78764b6ac000-78764b6ad000 rw-p 00004000 08:01 68734999                   /home/toolchain/development/libcxx_runtime_validation/tmp/P12/build_P13/p13_observed_error_app
78764b6ad000-78764b6b1000 r--p 00000000 00:00 0                          [vvar]
78764b6b1000-78764b6b3000 r--p 00000000 00:00 0                          [vvar_vclock]
78764b6b3000-78764b6b5000 r-xp 00000000 00:00 0                          [vdso]
78764b6b5000-78764b6b6000 r--p 00000000 08:01 23608327                   /home/toolchain/development/libc++_replacement/tmp/R11/extracted/bb/bb95acf2989fecd8ed536d259eb6ce43109882f58a219adcd440fd826537dda7/lib64/ld-linux-x86-64.so.2
78764b6b6000-78764b6e3000 r-xp 00001000 08:01 23608327                   /home/toolchain/development/libc++_replacement/tmp/R11/extracted/bb/bb95acf2989fecd8ed536d259eb6ce43109882f58a219adcd440fd826537dda7/lib64/ld-linux-x86-64.so.2
78764b6e3000-78764b6ef000 r--p 0002e000 08:01 23608327                   /home/toolchain/development/libc++_replacement/tmp/R11/extracted/bb/bb95acf2989fecd8ed536d259eb6ce43109882f58a219adcd440fd826537dda7/lib64/ld-linux-x86-64.so.2
78764b6ef000-78764b6f1000 r--p 0003a000 08:01 23608327                   /home/toolchain/development/libc++_replacement/tmp/R11/extracted/bb/bb95acf2989fecd8ed536d259eb6ce43109882f58a219adcd440fd826537dda7/lib64/ld-linux-x86-64.so.2
78764b6f1000-78764b6f3000 rw-p 0003c000 08:01 23608327                   /home/toolchain/development/libc++_replacement/tmp/R11/extracted/bb/bb95acf2989fecd8ed536d259eb6ce43109882f58a219adcd440fd826537dda7/lib64/ld-linux-x86-64.so.2
7ffecd221000-7ffecd243000 rw-p 00000000 00:00 0                          [stack]
ffffffffff600000-ffffffffff601000 --xp 00000000 00:00 0                  [vsyscall]
MAP_ASSERT gnu=1 cxx=1 entry=1 provider=1
ALLOC_OBSERVER_CONTROL deliberate_live=1 bytes=37 balanced=1 live=0
ERROR kind=6 phase=2 accepted=0 errno=12 expected=12 unchanged=1 created=1 destroyed=1 last=2 nested=1
ALLOC allocations=4 frees=4 live=0 bytes=0 overflow=0
RECOVERY=PASS OUTPUT_UNCHANGED=PASS CLEANUP_SCOPES=1/1
