555569e37000-555569f60000 rw-p 00000000 00:00 0                          [heap]
7a61ce916000-7a61ce933000 r--p 00000000 08:01 26119271                   /home/toolchain/development/libc++_replacement/tmp/R11/extracted/75/75d15ca037cb14d1a66bf1e922149d1f83c4267311d0ad5c658919a61ea722a9/usr/lib64/libpkgmgr_installer.so.0.23.1
7a61ce933000-7a61ce956000 r-xp 0001d000 08:01 26119271                   /home/toolchain/development/libc++_replacement/tmp/R11/extracted/75/75d15ca037cb14d1a66bf1e922149d1f83c4267311d0ad5c658919a61ea722a9/usr/lib64/libpkgmgr_installer.so.0.23.1
7a61ce956000-7a61ce967000 r--p 00040000 08:01 26119271                   /home/toolchain/development/libc++_replacement/tmp/R11/extracted/75/75d15ca037cb14d1a66bf1e922149d1f83c4267311d0ad5c658919a61ea722a9/usr/lib64/libpkgmgr_installer.so.0.23.1
7a61ce967000-7a61ce968000 r--p 00051000 08:01 26119271                   /home/toolchain/development/libc++_replacement/tmp/R11/extracted/75/75d15ca037cb14d1a66bf1e922149d1f83c4267311d0ad5c658919a61ea722a9/usr/lib64/libpkgmgr_installer.so.0.23.1
7a61ce968000-7a61ce96a000 rw-p 00052000 08:01 26119271                   /home/toolchain/development/libc++_replacement/tmp/R11/extracted/75/75d15ca037cb14d1a66bf1e922149d1f83c4267311d0ad5c658919a61ea722a9/usr/lib64/libpkgmgr_installer.so.0.23.1
7a61ce96a000-7a61ce970000 r--p 00000000 08:01 25821655                   /home/toolchain/development/libc++_replacement/tmp/R11/extracted/18/180f13f72f6a2c516c48c28353e752d4436891ce1f62cbb88bc1841657404c40/usr/lib64/libcapi-appfw-package-manager.so.0.15.3
7a61ce970000-7a61ce977000 r-xp 00006000 08:01 25821655                   /home/toolchain/development/libc++_replacement/tmp/R11/extracted/18/180f13f72f6a2c516c48c28353e752d4436891ce1f62cbb88bc1841657404c40/usr/lib64/libcapi-appfw-package-manager.so.0.15.3
7a61ce977000-7a61ce97b000 r--p 0000d000 08:01 25821655                   /home/toolchain/development/libc++_replacement/tmp/R11/extracted/18/180f13f72f6a2c516c48c28353e752d4436891ce1f62cbb88bc1841657404c40/usr/lib64/libcapi-appfw-package-manager.so.0.15.3
7a61ce97b000-7a61ce97c000 r--p 00010000 08:01 25821655                   /home/toolchain/development/libc++_replacement/tmp/R11/extracted/18/180f13f72f6a2c516c48c28353e752d4436891ce1f62cbb88bc1841657404c40/usr/lib64/libcapi-appfw-package-manager.so.0.15.3
7a61ce97c000-7a61ce97d000 rw-p 00011000 08:01 25821655                   /home/toolchain/development/libc++_replacement/tmp/R11/extracted/18/180f13f72f6a2c516c48c28353e752d4436891ce1f62cbb88bc1841657404c40/usr/lib64/libcapi-appfw-package-manager.so.0.15.3
7a61ce97d000-7a61ce99b000 r--p 00000000 08:01 26126822                   /home/toolchain/development/libc++_replacement/tmp/R11/extracted/92/92b3926da1bfbc805b5b3d480dac7f01b1390a5ed74c07dca50e1d0e5d5d77c0/usr/lib64/libresource-information.so.0.1
7a61ce99b000-7a61ce9b5000 r-xp 0001e000 08:01 26126822                   /home/toolchain/development/libc++_replacement/tmp/R11/extracted/92/92b3926da1bfbc805b5b3d480dac7f01b1390a5ed74c07dca50e1d0e5d5d77c0/usr/lib64/libresource-information.so.0.1
7a61ce9b5000-7a61ce9c4000 r--p 00038000 08:01 26126822                   /home/toolchain/development/libc++_replacement/tmp/R11/extracted/92/92b3926da1bfbc805b5b3d480dac7f01b1390a5ed74c07dca50e1d0e5d5d77c0/usr/lib64/libresource-information.so.0.1
7a61ce9c4000-7a61ce9c9000 r--p 00046000 08:01 26126822                   /home/toolchain/development/libc++_replacement/tmp/R11/extracted/92/92b3926da1bfbc805b5b3d480dac7f01b1390a5ed74c07dca50e1d0e5d5d77c0/usr/lib64/libresource-information.so.0.1
7a61ce9c9000-7a61ce9ca000 rw-p 0004b000 08:01 26126822                   /home/toolchain/development/libc++_replacement/tmp/R11/extracted/92/92b3926da1bfbc805b5b3d480dac7f01b1390a5ed74c07dca50e1d0e5d5d77c0/usr/lib64/libresource-information.so.0.1
7a61ce9ca000-7a61ce9cb000 rw-p 00000000 00:00 0 
7a61ce9cb000-7a61ce9d9000 r--p 00000000 08:01 25958030                   /home/toolchain/development/libc++_replacement/tmp/R11/extracted/0a/0ab9bebb936bab8dbefae5ffb0c413112d2b5d6ab922de257b6f5fe29a769b0a/usr/lib64/libgstbase-1.0.so.0.2411.0
7a61ce9d9000-7a61cea29000 r-xp 0000e000 08:01 25958030                   /home/toolchain/development/libc++_replacement/tmp/R11/extracted/0a/0ab9bebb936bab8dbefae5ffb0c413112d2b5d6ab922de257b6f5fe29a769b0a/usr/lib64/libgstbase-1.0.so.0.2411.0
7a61cea29000-7a61cea40000 r--p 0005e000 08:01 25958030                   /home/toolchain/development/libc++_replacement/tmp/R11/extracted/0a/0ab9bebb936bab8dbefae5ffb0c413112d2b5d6ab922de257b6f5fe29a769b0a/usr/lib64/libgstbase-1.0.so.0.2411.0
7a61cea40000-7a61cea41000 r--p 00074000 08:01 25958030                   /home/toolchain/development/libc++_replacement/tmp/R11/extracted/0a/0ab9bebb936bab8dbefae5ffb0c413112d2b5d6ab922de257b6f5fe29a769b0a/usr/lib64/libgstbase-1.0.so.0.2411.0
7a61cea41000-7a61cea42000 rw-p 00075000 08:01 25958030                   /home/toolchain/development/libc++_replacement/tmp/R11/extracted/0a/0ab9bebb936bab8dbefae5ffb0c413112d2b5d6ab922de257b6f5fe29a769b0a/usr/lib64/libgstbase-1.0.so.0.2411.0
7a61cea42000-7a61cea44000 r--p 00000000 08:01 23622269                   /home/toolchain/development/libc++_replacement/tmp/R11/extracted/88/8847c67828686f6075d0df1423bf6bd8946ae0c4073599b8c7229876b45c031c/usr/lib64/libogg.so.0.8.2
7a61cea44000-7a61cea46000 r-xp 00002000 08:01 23622269                   /home/toolchain/development/libc++_replacement/tmp/R11/extracted/88/8847c67828686f6075d0df1423bf6bd8946ae0c4073599b8c7229876b45c031c/usr/lib64/libogg.so.0.8.2
7a61cea46000-7a61cea47000 r--p 00004000 08:01 23622269                   /home/toolchain/development/libc++_replacement/tmp/R11/extracted/88/8847c67828686f6075d0df1423bf6bd8946ae0c4073599b8c7229876b45c031c/usr/lib64/libogg.so.0.8.2
7a61cea47000-7a61cea48000 r--p 00005000 08:01 23622269                   /home/toolchain/development/libc++_replacement/tmp/R11/extracted/88/8847c67828686f6075d0df1423bf6bd8946ae0c4073599b8c7229876b45c031c/usr/lib64/libogg.so.0.8.2
7a61cea48000-7a61cea49000 rw-p 00006000 08:01 23622269                   /home/toolchain/development/libc++_replacement/tmp/R11/extracted/88/8847c67828686f6075d0df1423bf6bd8946ae0c4073599b8c7229876b45c031c/usr/lib64/libogg.so.0.8.2
7a61cea49000-7a61cea5d000 r--p 00000000 08:01 23624257                   /home/toolchain/development/libc++_replacement/tmp/R11/extracted/ee/ee143eb6c9e05ce3d57b4209dcb8e5f73a2244e679cb09773dfdcc87cd2fae6d/usr/lib64/libvorbisenc.so.2.0.12
7a61cea5d000-7a61cea60000 r-xp 00014000 08:01 23624257                   /home/toolchain/development/libc++_replacement/tmp/R11/extracted/ee/ee143eb6c9e05ce3d57b4209dcb8e5f73a2244e679cb09773dfdcc87cd2fae6d/usr/lib64/libvorbisenc.so.2.0.12
7a61cea60000-7a61cead5000 r--p 00017000 08:01 23624257                   /home/toolchain/development/libc++_replacement/tmp/R11/extracted/ee/ee143eb6c9e05ce3d57b4209dcb8e5f73a2244e679cb09773dfdcc87cd2fae6d/usr/lib64/libvorbisenc.so.2.0.12
7a61cead5000-7a61ceaec000 r--p 0008b000 08:01 23624257                   /home/toolchain/development/libc++_replacement/tmp/R11/extracted/ee/ee143eb6c9e05ce3d57b4209dcb8e5f73a2244e679cb09773dfdcc87cd2fae6d/usr/lib64/libvorbisenc.so.2.0.12
7a61ceaec000-7a61ceaed000 rw-p 000a2000 08:01 23624257                   /home/toolchain/development/libc++_replacement/tmp/R11/extracted/ee/ee143eb6c9e05ce3d57b4209dcb8e5f73a2244e679cb09773dfdcc87cd2fae6d/usr/lib64/libvorbisenc.so.2.0.12
7a61ceaed000-7a61ceaf0000 r--p 00000000 08:01 14077252                   /home/toolchain/development/libc++_replacement/tmp/R11/extracted/b5/b58982cc059bf2854f6f4b0c69562ec0dfa33e90e2cb2df875a5ca9a4156d5c4/usr/lib64/libvorbis.so.0.4.9
7a61ceaf0000-7a61ceb03000 r-xp 00003000 08:01 14077252                   /home/toolchain/development/libc++_replacement/tmp/R11/extracted/b5/b58982cc059bf2854f6f4b0c69562ec0dfa33e90e2cb2df875a5ca9a4156d5c4/usr/lib64/libvorbis.so.0.4.9
7a61ceb03000-7a61ceb14000 r--p 00016000 08:01 14077252                   /home/toolchain/development/libc++_replacement/tmp/R11/extracted/b5/b58982cc059bf2854f6f4b0c69562ec0dfa33e90e2cb2df875a5ca9a4156d5c4/usr/lib64/libvorbis.so.0.4.9
7a61ceb14000-7a61ceb15000 r--p 00026000 08:01 14077252                   /home/toolchain/development/libc++_replacement/tmp/R11/extracted/b5/b58982cc059bf2854f6f4b0c69562ec0dfa33e90e2cb2df875a5ca9a4156d5c4/usr/lib64/libvorbis.so.0.4.9
7a61ceb15000-7a61ceb16000 rw-p 00027000 08:01 14077252                   /home/toolchain/development/libc++_replacement/tmp/R11/extracted/b5/b58982cc059bf2854f6f4b0c69562ec0dfa33e90e2cb2df875a5ca9a4156d5c4/usr/lib64/libvorbis.so.0.4.9
7a61ceb16000-7a61ceb20000 r--p 00000000 08:01 26095289                   /home/toolchain/development/libc++_replacement/tmp/R11/extracted/a7/a72c82e3c3025ca3a7f848e8604fe5438fcf1ebafd3e8c266bc63aedb391f71c/usr/lib64/libnotification.so.0.12.4
7a61ceb20000-7a61ceb5c000 r-xp 0000a000 08:01 26095289                   /home/toolchain/development/libc++_replacement/tmp/R11/extracted/a7/a72c82e3c3025ca3a7f848e8604fe5438fcf1ebafd3e8c266bc63aedb391f71c/usr/lib64/libnotification.so.0.12.4
7a61ceb5c000-7a61ceb7f000 r--p 00046000 08:01 26095289                   /home/toolchain/development/libc++_replacement/tmp/R11/extracted/a7/a72c82e3c3025ca3a7f848e8604fe5438fcf1ebafd3e8c266bc63aedb391f71c/usr/lib64/libnotification.so.0.12.4
7a61ceb7f000-7a61ceb80000 r--p 00068000 08:01 26095289                   /home/toolchain/development/libc++_replacement/tmp/R11/extracted/a7/a72c82e3c3025ca3a7f848e8604fe5438fcf1ebafd3e8c266bc63aedb391f71c/usr/lib64/libnotification.so.0.12.4
7a61ceb80000-7a61ceb81000 rw-p 00069000 08:01 26095289                   /home/toolchain/development/libc++_replacement/tmp/R11/extracted/a7/a72c82e3c3025ca3a7f848e8604fe5438fcf1ebafd3e8c266bc63aedb391f71c/usr/lib64/libnotification.so.0.12.4
7a61ceb81000-7a61ceb85000 r--p 00000000 08:01 25957418                   /home/toolchain/development/libc++_replacement/tmp/R11/extracted/ba/ba1028a9e23a627371c6a8f3b14b3d661f383e495cb3c1806d0734fc21e92a3e/usr/lib64/libgstapp-1.0.so.0.2411.0
7a61ceb85000-7a61ceb8f000 r-xp 00004000 08:01 25957418                   /home/toolchain/development/libc++_replacement/tmp/R11/extracted/ba/ba1028a9e23a627371c6a8f3b14b3d661f383e495cb3c1806d0734fc21e92a3e/usr/lib64/libgstapp-1.0.so.0.2411.0
7a61ceb8f000-7a61ceb93000 r--p 0000e000 08:01 25957418                   /home/toolchain/development/libc++_replacement/tmp/R11/extracted/ba/ba1028a9e23a627371c6a8f3b14b3d661f383e495cb3c1806d0734fc21e92a3e/usr/lib64/libgstapp-1.0.so.0.2411.0
7a61ceb93000-7a61ceb94000 r--p 00011000 08:01 25957418                   /home/toolchain/development/libc++_replacement/tmp/R11/extracted/ba/ba1028a9e23a627371c6a8f3b14b3d661f383e495cb3c1806d0734fc21e92a3e/usr/lib64/libgstapp-1.0.so.0.2411.0
7a61ceb94000-7a61ceb95000 rw-p 00012000 08:01 25957418                   /home/toolchain/development/libc++_replacement/tmp/R11/extracted/ba/ba1028a9e23a627371c6a8f3b14b3d661f383e495cb3c1806d0734fc21e92a3e/usr/lib64/libgstapp-1.0.so.0.2411.0
7a61ceb95000-7a61ceb9c000 r--p 00000000 08:01 26126757                   /home/toolchain/development/libc++_replacement/tmp/R11/extracted/53/53b3da0a627489a6a2a198f91b8bf6b7115b1d8b3c591dc5f216cbde432162e9/usr/lib64/libresource-center-api.so.0.1
7a61ceb9c000-7a61ceba4000 r-xp 00007000 08:01 26126757                   /home/toolchain/development/libc++_replacement/tmp/R11/extracted/53/53b3da0a627489a6a2a198f91b8bf6b7115b1d8b3c591dc5f216cbde432162e9/usr/lib64/libresource-center-api.so.0.1
7a61ceba4000-7a61ceba9000 r--p 0000f000 08:01 26126757                   /home/toolchain/development/libc++_replacement/tmp/R11/extracted/53/53b3da0a627489a6a2a198f91b8bf6b7115b1d8b3c591dc5f216cbde432162e9/usr/lib64/libresource-center-api.so.0.1
7a61ceba9000-7a61cebaa000 r--p 00013000 08:01 26126757                   /home/toolchain/development/libc++_replacement/tmp/R11/extracted/53/53b3da0a627489a6a2a198f91b8bf6b7115b1d8b3c591dc5f216cbde432162e9/usr/lib64/libresource-center-api.so.0.1
7a61cebaa000-7a61cebab000 rw-p 00014000 08:01 26126757                   /home/toolchain/development/libc++_replacement/tmp/R11/extracted/53/53b3da0a627489a6a2a198f91b8bf6b7115b1d8b3c591dc5f216cbde432162e9/usr/lib64/libresource-center-api.so.0.1
7a61cebab000-7a61cebe9000 r--p 00000000 08:01 26126818                   /home/toolchain/development/libc++_replacement/tmp/R11/extracted/c5/c504a3c6c64f8d05571d18af579d5881bee14d01acfa70c054104b83adc65fa2/usr/lib64/libresource-manager.so.0.1
7a61cebe9000-7a61cec40000 r-xp 0003e000 08:01 26126818                   /home/toolchain/development/libc++_replacement/tmp/R11/extracted/c5/c504a3c6c64f8d05571d18af579d5881bee14d01acfa70c054104b83adc65fa2/usr/lib64/libresource-manager.so.0.1
7a61cec40000-7a61cec53000 r--p 00095000 08:01 26126818                   /home/toolchain/development/libc++_replacement/tmp/R11/extracted/c5/c504a3c6c64f8d05571d18af579d5881bee14d01acfa70c054104b83adc65fa2/usr/lib64/libresource-manager.so.0.1
7a61cec53000-7a61cec56000 rw-p 000a7000 08:01 26126818                   /home/toolchain/development/libc++_replacement/tmp/R11/extracted/c5/c504a3c6c64f8d05571d18af579d5881bee14d01acfa70c054104b83adc65fa2/usr/lib64/libresource-manager.so.0.1
7a61cec56000-7a61cec57000 rw-p 00000000 00:00 0 
7a61cec57000-7a61cec5a000 r--p 00000000 08:01 25957416                   /home/toolchain/development/libc++_replacement/tmp/R11/extracted/ba/ba1028a9e23a627371c6a8f3b14b3d661f383e495cb3c1806d0734fc21e92a3e/usr/lib64/libgstallocators-1.0.so.0.2411.0
7a61cec5a000-7a61cec60000 r-xp 00003000 08:01 25957416                   /home/toolchain/development/libc++_replacement/tmp/R11/extracted/ba/ba1028a9e23a627371c6a8f3b14b3d661f383e495cb3c1806d0734fc21e92a3e/usr/lib64/libgstallocators-1.0.so.0.2411.0
7a61cec60000-7a61cec63000 r--p 00009000 08:01 25957416                   /home/toolchain/development/libc++_replacement/tmp/R11/extracted/ba/ba1028a9e23a627371c6a8f3b14b3d661f383e495cb3c1806d0734fc21e92a3e/usr/lib64/libgstallocators-1.0.so.0.2411.0
7a61cec63000-7a61cec64000 r--p 0000b000 08:01 25957416                   /home/toolchain/development/libc++_replacement/tmp/R11/extracted/ba/ba1028a9e23a627371c6a8f3b14b3d661f383e495cb3c1806d0734fc21e92a3e/usr/lib64/libgstallocators-1.0.so.0.2411.0
7a61cec64000-7a61cec65000 rw-p 0000c000 08:01 25957416                   /home/toolchain/development/libc++_replacement/tmp/R11/extracted/ba/ba1028a9e23a627371c6a8f3b14b3d661f383e495cb3c1806d0734fc21e92a3e/usr/lib64/libgstallocators-1.0.so.0.2411.0
7a61cec65000-7a61cec82000 r--p 00000000 08:01 25957439                   /home/toolchain/development/libc++_replacement/tmp/R11/extracted/ba/ba1028a9e23a627371c6a8f3b14b3d661f383e495cb3c1806d0734fc21e92a3e/usr/lib64/libgstvideo-1.0.so.0.2411.0
7a61cec82000-7a61cece3000 r-xp 0001d000 08:01 25957439                   /home/toolchain/development/libc++_replacement/tmp/R11/extracted/ba/ba1028a9e23a627371c6a8f3b14b3d661f383e495cb3c1806d0734fc21e92a3e/usr/lib64/libgstvideo-1.0.so.0.2411.0
7a61cece3000-7a61ced06000 r--p 0007e000 08:01 25957439                   /home/toolchain/development/libc++_replacement/tmp/R11/extracted/ba/ba1028a9e23a627371c6a8f3b14b3d661f383e495cb3c1806d0734fc21e92a3e/usr/lib64/libgstvideo-1.0.so.0.2411.0
7a61ced06000-7a61ced19000 r--p 000a1000 08:01 25957439                   /home/toolchain/development/libc++_replacement/tmp/R11/extracted/ba/ba1028a9e23a627371c6a8f3b14b3d661f383e495cb3c1806d0734fc21e92a3e/usr/lib64/libgstvideo-1.0.so.0.2411.0
7a61ced19000-7a61ced1b000 rw-p 000b4000 08:01 25957439                   /home/toolchain/development/libc++_replacement/tmp/R11/extracted/ba/ba1028a9e23a627371c6a8f3b14b3d661f383e495cb3c1806d0734fc21e92a3e/usr/lib64/libgstvideo-1.0.so.0.2411.0
7a61ced1b000-7a61ced21000 r--p 00000000 08:01 23622935                   /home/toolchain/development/libc++_replacement/tmp/R11/extracted/bf/bfef5e15639bc5cda56d9d96da1fb3c2b923358e5ac8e18c0d10f7afd11e290e/usr/lib64/libsndfile.so.1.0.37
7a61ced21000-7a61ced55000 r-xp 00006000 08:01 23622935                   /home/toolchain/development/libc++_replacement/tmp/R11/extracted/bf/bfef5e15639bc5cda56d9d96da1fb3c2b923358e5ac8e18c0d10f7afd11e290e/usr/lib64/libsndfile.so.1.0.37
7a61ced55000-7a61ced6b000 r--p 0003a000 08:01 23622935                   /home/toolchain/development/libc++_replacement/tmp/R11/extracted/bf/bfef5e15639bc5cda56d9d96da1fb3c2b923358e5ac8e18c0d10f7afd11e290e/usr/lib64/libsndfile.so.1.0.37
7a61ced6b000-7a61ced6e000 rw-p 0004f000 08:01 23622935                   /home/toolchain/development/libc++_replacement/tmp/R11/extracted/bf/bfef5e15639bc5cda56d9d96da1fb3c2b923358e5ac8e18c0d10f7afd11e290e/usr/lib64/libsndfile.so.1.0.37
7a61ced6e000-7a61ced70000 rw-p 00000000 00:00 0 
7a61ced70000-7a61ced71000 r--p 00000000 08:01 23482936                   /home/toolchain/development/libc++_replacement/tmp/R11/extracted/56/568855d87febe07b42683955f6657142be4bdcfd6303b2850dd1c6731310e49b/usr/lib64/libboost_atomic.so.1.83.0
7a61ced71000-7a61ced72000 r-xp 00001000 08:01 23482936                   /home/toolchain/development/libc++_replacement/tmp/R11/extracted/56/568855d87febe07b42683955f6657142be4bdcfd6303b2850dd1c6731310e49b/usr/lib64/libboost_atomic.so.1.83.0
7a61ced72000-7a61ced73000 r--p 00002000 08:01 23482936                   /home/toolchain/development/libc++_replacement/tmp/R11/extracted/56/568855d87febe07b42683955f6657142be4bdcfd6303b2850dd1c6731310e49b/usr/lib64/libboost_atomic.so.1.83.0
7a61ced73000-7a61ced74000 r--p 00002000 08:01 23482936                   /home/toolchain/development/libc++_replacement/tmp/R11/extracted/56/568855d87febe07b42683955f6657142be4bdcfd6303b2850dd1c6731310e49b/usr/lib64/libboost_atomic.so.1.83.0
7a61ced74000-7a61ced75000 rw-p 00003000 08:01 23482936                   /home/toolchain/development/libc++_replacement/tmp/R11/extracted/56/568855d87febe07b42683955f6657142be4bdcfd6303b2850dd1c6731310e49b/usr/lib64/libboost_atomic.so.1.83.0
7a61ced75000-7a61ced79000 rw-p 00000000 00:00 0 
7a61ced79000-7a61ced7b000 r--p 00000000 08:01 23618251                   /home/toolchain/development/libc++_replacement/tmp/R11/extracted/b1/b13c62481a91537be74ed85eae5295dcd92b5878dd7c47d7e3386862aaf07ebb/usr/lib64/libattr.so.1.1.2501
7a61ced7b000-7a61ced7e000 r-xp 00002000 08:01 23618251                   /home/toolchain/development/libc++_replacement/tmp/R11/extracted/b1/b13c62481a91537be74ed85eae5295dcd92b5878dd7c47d7e3386862aaf07ebb/usr/lib64/libattr.so.1.1.2501
7a61ced7e000-7a61ced7f000 r--p 00005000 08:01 23618251                   /home/toolchain/development/libc++_replacement/tmp/R11/extracted/b1/b13c62481a91537be74ed85eae5295dcd92b5878dd7c47d7e3386862aaf07ebb/usr/lib64/libattr.so.1.1.2501
7a61ced7f000-7a61ced80000 r--p 00005000 08:01 23618251                   /home/toolchain/development/libc++_replacement/tmp/R11/extracted/b1/b13c62481a91537be74ed85eae5295dcd92b5878dd7c47d7e3386862aaf07ebb/usr/lib64/libattr.so.1.1.2501
7a61ced80000-7a61ced81000 rw-p 00006000 08:01 23618251                   /home/toolchain/development/libc++_replacement/tmp/R11/extracted/b1/b13c62481a91537be74ed85eae5295dcd92b5878dd7c47d7e3386862aaf07ebb/usr/lib64/libattr.so.1.1.2501
7a61ced81000-7a61ced94000 r--p 00000000 08:01 26083864                   /home/toolchain/development/libc++_replacement/tmp/R11/extracted/c8/c8bacdec0892151fce20caf11add70ce706e389477e74203beec2f6b651c52b8/usr/lib64/libcynara-storage.so.0.26.0
7a61ced94000-7a61cedac000 r-xp 00013000 08:01 26083864                   /home/toolchain/development/libc++_replacement/tmp/R11/extracted/c8/c8bacdec0892151fce20caf11add70ce706e389477e74203beec2f6b651c52b8/usr/lib64/libcynara-storage.so.0.26.0
7a61cedac000-7a61cedb3000 r--p 0002b000 08:01 26083864                   /home/toolchain/development/libc++_replacement/tmp/R11/extracted/c8/c8bacdec0892151fce20caf11add70ce706e389477e74203beec2f6b651c52b8/usr/lib64/libcynara-storage.so.0.26.0
7a61cedb3000-7a61cedb5000 r--p 00031000 08:01 26083864                   /home/toolchain/development/libc++_replacement/tmp/R11/extracted/c8/c8bacdec0892151fce20caf11add70ce706e389477e74203beec2f6b651c52b8/usr/lib64/libcynara-storage.so.0.26.0
7a61cedb5000-7a61cedb6000 rw-p 00033000 08:01 26083864                   /home/toolchain/development/libc++_replacement/tmp/R11/extracted/c8/c8bacdec0892151fce20caf11add70ce706e389477e74203beec2f6b651c52b8/usr/lib64/libcynara-storage.so.0.26.0
7a61cedb6000-7a61cedbe000 r--p 00000000 08:01 23618453                   /home/toolchain/development/libc++_replacement/tmp/R11/extracted/7b/7be6293fc05ed8019edecff0b32ea2fabe3546ba6a4ff8b459d43df742ae07f8/usr/lib64/libblkid.so.1.1.0
7a61cedbe000-7a61ceddd000 r-xp 00008000 08:01 23618453                   /home/toolchain/development/libc++_replacement/tmp/R11/extracted/7b/7be6293fc05ed8019edecff0b32ea2fabe3546ba6a4ff8b459d43df742ae07f8/usr/lib64/libblkid.so.1.1.0
7a61ceddd000-7a61cede7000 r--p 00027000 08:01 23618453                   /home/toolchain/development/libc++_replacement/tmp/R11/extracted/7b/7be6293fc05ed8019edecff0b32ea2fabe3546ba6a4ff8b459d43df742ae07f8/usr/lib64/libblkid.so.1.1.0
7a61cede7000-7a61cedec000 r--p 00031000 08:01 23618453                   /home/toolchain/development/libc++_replacement/tmp/R11/extracted/7b/7be6293fc05ed8019edecff0b32ea2fabe3546ba6a4ff8b459d43df742ae07f8/usr/lib64/libblkid.so.1.1.0
7a61cedec000-7a61ceded000 rw-p 00036000 08:01 23618453                   /home/toolchain/development/libc++_replacement/tmp/R11/extracted/7b/7be6293fc05ed8019edecff0b32ea2fabe3546ba6a4ff8b459d43df742ae07f8/usr/lib64/libblkid.so.1.1.0
7a61ceded000-7a61cedee000 r--p 00000000 08:01 26085771                   /home/toolchain/development/libc++_replacement/tmp/R11/extracted/a7/a7049a5c0f11523aadb13e3168ed813f674db1ee0ef43d82388cf66a7d6ddb07/usr/lib64/libiri.so
7a61cedee000-7a61cedf0000 r-xp 00001000 08:01 26085771                   /home/toolchain/development/libc++_replacement/tmp/R11/extracted/a7/a7049a5c0f11523aadb13e3168ed813f674db1ee0ef43d82388cf66a7d6ddb07/usr/lib64/libiri.so
7a61cedf0000-7a61cedf1000 r--p 00003000 08:01 26085771                   /home/toolchain/development/libc++_replacement/tmp/R11/extracted/a7/a7049a5c0f11523aadb13e3168ed813f674db1ee0ef43d82388cf66a7d6ddb07/usr/lib64/libiri.so
7a61cedf1000-7a61cedf2000 r--p 00003000 08:01 26085771                   /home/toolchain/development/libc++_replacement/tmp/R11/extracted/a7/a7049a5c0f11523aadb13e3168ed813f674db1ee0ef43d82388cf66a7d6ddb07/usr/lib64/libiri.so
7a61cedf2000-7a61cedf3000 rw-p 00004000 08:01 26085771                   /home/toolchain/development/libc++_replacement/tmp/R11/extracted/a7/a7049a5c0f11523aadb13e3168ed813f674db1ee0ef43d82388cf66a7d6ddb07/usr/lib64/libiri.so
7a61cedf3000-7a61cee2a000 r--p 00000000 08:01 26002858                   /home/toolchain/development/libc++_replacement/tmp/R11/extracted/35/35ecdea30c550dffcc501eb8a958f84bb46a55b4c0a2d9125c70f52e0367a69f/usr/lib64/libscim-1.0.so.8.2.3
7a61cee2a000-7a61cee87000 r-xp 00037000 08:01 26002858                   /home/toolchain/development/libc++_replacement/tmp/R11/extracted/35/35ecdea30c550dffcc501eb8a958f84bb46a55b4c0a2d9125c70f52e0367a69f/usr/lib64/libscim-1.0.so.8.2.3
7a61cee87000-7a61ceed2000 r--p 00094000 08:01 26002858                   /home/toolchain/development/libc++_replacement/tmp/R11/extracted/35/35ecdea30c550dffcc501eb8a958f84bb46a55b4c0a2d9125c70f52e0367a69f/usr/lib64/libscim-1.0.so.8.2.3
7a61ceed2000-7a61ceed6000 r--p 000df000 08:01 26002858                   /home/toolchain/development/libc++_replacement/tmp/R11/extracted/35/35ecdea30c550dffcc501eb8a958f84bb46a55b4c0a2d9125c70f52e0367a69f/usr/lib64/libscim-1.0.so.8.2.3
7a61ceed6000-7a61ceed8000 rw-p 000e3000 08:01 26002858                   /home/toolchain/development/libc++_replacement/tmp/R11/extracted/35/35ecdea30c550dffcc501eb8a958f84bb46a55b4c0a2d9125c70f52e0367a69f/usr/lib64/libscim-1.0.so.8.2.3
7a61ceed8000-7a61cef08000 r--p 00000000 08:01 26002902                   /home/toolchain/development/libc++_replacement/tmp/R11/extracted/35/35ecdea30c550dffcc501eb8a958f84bb46a55b4c0a2d9125c70f52e0367a69f/usr/lib64/libscim_imengine.so.8.2.3
7a61cef08000-7a61cef31000 r-xp 00030000 08:01 26002902                   /home/toolchain/development/libc++_replacement/tmp/R11/extracted/35/35ecdea30c550dffcc501eb8a958f84bb46a55b4c0a2d9125c70f52e0367a69f/usr/lib64/libscim_imengine.so.8.2.3
7a61cef31000-7a61cef47000 r--p 00059000 08:01 26002902                   /home/toolchain/development/libc++_replacement/tmp/R11/extracted/35/35ecdea30c550dffcc501eb8a958f84bb46a55b4c0a2d9125c70f52e0367a69f/usr/lib64/libscim_imengine.so.8.2.3
7a61cef47000-7a61cef50000 r--p 0006f000 08:01 26002902                   /home/toolchain/development/libc++_replacement/tmp/R11/extracted/35/35ecdea30c550dffcc501eb8a958f84bb46a55b4c0a2d9125c70f52e0367a69f/usr/lib64/libscim_imengine.so.8.2.3
7a61cef50000-7a61cef5e000 rw-p 00078000 08:01 26002902                   /home/toolchain/development/libc++_replacement/tmp/R11/extracted/35/35ecdea30c550dffcc501eb8a958f84bb46a55b4c0a2d9125c70f52e0367a69f/usr/lib64/libscim_imengine.so.8.2.3
7a61cef5e000-7a61cef60000 r--p 00000000 08:01 26089414                   /home/toolchain/development/libc++_replacement/tmp/R11/extracted/6e/6ea88a8be40d0a02d31f2d7f5b7e998e43bda209403c740d6385dc2b6b965039/usr/lib64/libtizen-remote-surface-client.so.0.0.0
7a61cef60000-7a61cef61000 r-xp 00002000 08:01 26089414                   /home/toolchain/development/libc++_replacement/tmp/R11/extracted/6e/6ea88a8be40d0a02d31f2d7f5b7e998e43bda209403c740d6385dc2b6b965039/usr/lib64/libtizen-remote-surface-client.so.0.0.0
7a61cef61000-7a61cef62000 r--p 00003000 08:01 26089414                   /home/toolchain/development/libc++_replacement/tmp/R11/extracted/6e/6ea88a8be40d0a02d31f2d7f5b7e998e43bda209403c740d6385dc2b6b965039/usr/lib64/libtizen-remote-surface-client.so.0.0.0
7a61cef62000-7a61cef63000 r--p 00003000 08:01 26089414                   /home/toolchain/development/libc++_replacement/tmp/R11/extracted/6e/6ea88a8be40d0a02d31f2d7f5b7e998e43bda209403c740d6385dc2b6b965039/usr/lib64/libtizen-remote-surface-client.so.0.0.0
7a61cef63000-7a61cef64000 rw-p 00004000 08:01 26089414                   /home/toolchain/development/libc++_replacement/tmp/R11/extracted/6e/6ea88a8be40d0a02d31f2d7f5b7e998e43bda209403c740d6385dc2b6b965039/usr/lib64/libtizen-remote-surface-client.so.0.0.0
7a61cef64000-7a61cef70000 r--p 00000000 08:01 26087492                   /home/toolchain/development/libc++_replacement/tmp/R11/extracted/1b/1baf527c195ef8713c9d8a4e17c2d0f4730f9ade6d8b545410b607076971be60/usr/lib64/libscreen_connector_input.so.1.9.12
7a61cef70000-7a61cef76000 r-xp 0000c000 08:01 26087492                   /home/toolchain/development/libc++_replacement/tmp/R11/extracted/1b/1baf527c195ef8713c9d8a4e17c2d0f4730f9ade6d8b545410b607076971be60/usr/lib64/libscreen_connector_input.so.1.9.12
7a61cef76000-7a61cef79000 r--p 00012000 08:01 26087492                   /home/toolchain/development/libc++_replacement/tmp/R11/extracted/1b/1baf527c195ef8713c9d8a4e17c2d0f4730f9ade6d8b545410b607076971be60/usr/lib64/libscreen_connector_input.so.1.9.12
7a61cef79000-7a61cef7a000 r--p 00015000 08:01 26087492                   /home/toolchain/development/libc++_replacement/tmp/R11/extracted/1b/1baf527c195ef8713c9d8a4e17c2d0f4730f9ade6d8b545410b607076971be60/usr/lib64/libscreen_connector_input.so.1.9.12
7a61cef7a000-7a61cef7b000 rw-p 00016000 08:01 26087492                   /home/toolchain/development/libc++_replacement/tmp/R11/extracted/1b/1baf527c195ef8713c9d8a4e17c2d0f4730f9ade6d8b545410b607076971be60/usr/lib64/libscreen_connector_input.so.1.9.12
7a61cef7b000-7a61cef7d000 r--p 00000000 08:01 25713787                   /home/toolchain/development/libc++_replacement/tmp/R11/extracted/e3/e324dc8ff4e9ae834d02077646c043da25c3cf88295dc9c550dd1028e6fda4f4/usr/lib64/libappcore-ui.so.1.27.13
7a61cef7d000-7a61cef80000 r-xp 00002000 08:01 25713787                   /home/toolchain/development/libc++_replacement/tmp/R11/extracted/e3/e324dc8ff4e9ae834d02077646c043da25c3cf88295dc9c550dd1028e6fda4f4/usr/lib64/libappcore-ui.so.1.27.13
7a61cef80000-7a61cef82000 r--p 00005000 08:01 25713787                   /home/toolchain/development/libc++_replacement/tmp/R11/extracted/e3/e324dc8ff4e9ae834d02077646c043da25c3cf88295dc9c550dd1028e6fda4f4/usr/lib64/libappcore-ui.so.1.27.13
7a61cef82000-7a61cef83000 r--p 00006000 08:01 25713787                   /home/toolchain/development/libc++_replacement/tmp/R11/extracted/e3/e324dc8ff4e9ae834d02077646c043da25c3cf88295dc9c550dd1028e6fda4f4/usr/lib64/libappcore-ui.so.1.27.13
7a61cef83000-7a61cef84000 rw-p 00007000 08:01 25713787                   /home/toolchain/development/libc++_replacement/tmp/R11/extracted/e3/e324dc8ff4e9ae834d02077646c043da25c3cf88295dc9c550dd1028e6fda4f4/usr/lib64/libappcore-ui.so.1.27.13
7a61cef84000-7a61cef88000 r--p 00000000 08:01 25713564                   /home/toolchain/development/libc++_replacement/tmp/R11/extracted/4c/4cdb0d46f299d1d6c7581443ac1b9589318a50b4f7e8f0d97d8a693b63c43982/usr/lib64/libappcore-common.so.1.27.13
7a61cef88000-7a61cef8b000 r-xp 00004000 08:01 25713564                   /home/toolchain/development/libc++_replacement/tmp/R11/extracted/4c/4cdb0d46f299d1d6c7581443ac1b9589318a50b4f7e8f0d97d8a693b63c43982/usr/lib64/libappcore-common.so.1.27.13
7a61cef8b000-7a61cef8d000 r--p 00007000 08:01 25713564                   /home/toolchain/development/libc++_replacement/tmp/R11/extracted/4c/4cdb0d46f299d1d6c7581443ac1b9589318a50b4f7e8f0d97d8a693b63c43982/usr/lib64/libappcore-common.so.1.27.13
7a61cef8d000-7a61cef8e000 r--p 00009000 08:01 25713564                   /home/toolchain/development/libc++_replacement/tmp/R11/extracted/4c/4cdb0d46f299d1d6c7581443ac1b9589318a50b4f7e8f0d97d8a693b63c43982/usr/lib64/libappcore-common.so.1.27.13
7a61cef8e000-7a61cef8f000 rw-p 0000a000 08:01 25713564                   /home/toolchain/development/libc++_replacement/tmp/R11/extracted/4c/4cdb0d46f299d1d6c7581443ac1b9589318a50b4f7e8f0d97d8a693b63c43982/usr/lib64/libappcore-common.so.1.27.13
7a61cef8f000-7a61cef95000 r--p 00000000 08:01 26004415                   /home/toolchain/development/libc++_replacement/tmp/R11/extracted/e3/e38dc1675b220c1ccac99db62910936dc386b72bc076167e42867d0a07251884/usr/lib64/libalarm.so.0.14.12
7a61cef95000-7a61cefa7000 r-xp 00006000 08:01 26004415                   /home/toolchain/development/libc++_replacement/tmp/R11/extracted/e3/e38dc1675b220c1ccac99db62910936dc386b72bc076167e42867d0a07251884/usr/lib64/libalarm.so.0.14.12
7a61cefa7000-7a61cefae000 r--p 00018000 08:01 26004415                   /home/toolchain/development/libc++_replacement/tmp/R11/extracted/e3/e38dc1675b220c1ccac99db62910936dc386b72bc076167e42867d0a07251884/usr/lib64/libalarm.so.0.14.12
7a61cefae000-7a61cefaf000 r--p 0001e000 08:01 26004415                   /home/toolchain/development/libc++_replacement/tmp/R11/extracted/e3/e38dc1675b220c1ccac99db62910936dc386b72bc076167e42867d0a07251884/usr/lib64/libalarm.so.0.14.12
7a61cefaf000-7a61cefb0000 rw-p 0001f000 08:01 26004415                   /home/toolchain/development/libc++_replacement/tmp/R11/extracted/e3/e38dc1675b220c1ccac99db62910936dc386b72bc076167e42867d0a07251884/usr/lib64/libalarm.so.0.14.12
7a61cefb0000-7a61cefbf000 r--p 00000000 08:01 26086002                   /home/toolchain/development/libc++_replacement/tmp/R11/extracted/e3/e345335eab4b258418991a13d40060b10be1c6adc8d67fbddc840960dbd3fe73/usr/lib64/libkey-manager-common.so.1.0.1
7a61cefbf000-7a61cefd6000 r-xp 0000f000 08:01 26086002                   /home/toolchain/development/libc++_replacement/tmp/R11/extracted/e3/e345335eab4b258418991a13d40060b10be1c6adc8d67fbddc840960dbd3fe73/usr/lib64/libkey-manager-common.so.1.0.1
7a61cefd6000-7a61cefdf000 r--p 00026000 08:01 26086002                   /home/toolchain/development/libc++_replacement/tmp/R11/extracted/e3/e345335eab4b258418991a13d40060b10be1c6adc8d67fbddc840960dbd3fe73/usr/lib64/libkey-manager-common.so.1.0.1
7a61cefdf000-7a61cefe1000 r--p 0002e000 08:01 26086002                   /home/toolchain/development/libc++_replacement/tmp/R11/extracted/e3/e345335eab4b258418991a13d40060b10be1c6adc8d67fbddc840960dbd3fe73/usr/lib64/libkey-manager-common.so.1.0.1
7a61cefe1000-7a61cefe2000 rw-p 00030000 08:01 26086002                   /home/toolchain/development/libc++_replacement/tmp/R11/extracted/e3/e345335eab4b258418991a13d40060b10be1c6adc8d67fbddc840960dbd3fe73/usr/lib64/libkey-manager-common.so.1.0.1
7a61cefe2000-7a61cefe4000 r--p 00000000 08:01 26084250                   /home/toolchain/development/libc++_replacement/tmp/R11/extracted/fa/fab79860adf785533087275f70711a22478a332ff778a96c7d08d725f7533551/usr/lib64/libdlog_redirect_stdout.so.0.0.0
7a61cefe4000-7a61cefe8000 r-xp 00002000 08:01 26084250                   /home/toolchain/development/libc++_replacement/tmp/R11/extracted/fa/fab79860adf785533087275f70711a22478a332ff778a96c7d08d725f7533551/usr/lib64/libdlog_redirect_stdout.so.0.0.0
7a61cefe8000-7a61cefea000 r--p 00006000 08:01 26084250                   /home/toolchain/development/libc++_replacement/tmp/R11/extracted/fa/fab79860adf785533087275f70711a22478a332ff778a96c7d08d725f7533551/usr/lib64/libdlog_redirect_stdout.so.0.0.0
7a61cefea000-7a61cefeb000 r--p 00007000 08:01 26084250                   /home/toolchain/development/libc++_replacement/tmp/R11/extracted/fa/fab79860adf785533087275f70711a22478a332ff778a96c7d08d725f7533551/usr/lib64/libdlog_redirect_stdout.so.0.0.0
7a61cefeb000-7a61cefec000 rw-p 00008000 08:01 26084250                   /home/toolchain/development/libc++_replacement/tmp/R11/extracted/fa/fab79860adf785533087275f70711a22478a332ff778a96c7d08d725f7533551/usr/lib64/libdlog_redirect_stdout.so.0.0.0
7a61cefec000-7a61cf001000 r--p 00000000 08:01 26003682                   /home/toolchain/development/libc++_replacement/tmp/R11/extracted/84/841ed91284852a7efaf27e85163d40aa7b5baca1103a998b849237bf6cbfa46e/usr/lib64/libklay.so.0.0.2
7a61cf001000-7a61cf020000 r-xp 00015000 08:01 26003682                   /home/toolchain/development/libc++_replacement/tmp/R11/extracted/84/841ed91284852a7efaf27e85163d40aa7b5baca1103a998b849237bf6cbfa46e/usr/lib64/libklay.so.0.0.2
7a61cf020000-7a61cf02a000 r--p 00034000 08:01 26003682                   /home/toolchain/development/libc++_replacement/tmp/R11/extracted/84/841ed91284852a7efaf27e85163d40aa7b5baca1103a998b849237bf6cbfa46e/usr/lib64/libklay.so.0.0.2
7a61cf02a000-7a61cf02c000 r--p 0003d000 08:01 26003682                   /home/toolchain/development/libc++_replacement/tmp/R11/extracted/84/841ed91284852a7efaf27e85163d40aa7b5baca1103a998b849237bf6cbfa46e/usr/lib64/libklay.so.0.0.2
7a61cf02c000-7a61cf02d000 rw-p 0003f000 08:01 26003682                   /home/toolchain/development/libc++_replacement/tmp/R11/extracted/84/841ed91284852a7efaf27e85163d40aa7b5baca1103a998b849237bf6cbfa46e/usr/lib64/libklay.so.0.0.2
7a61cf02d000-7a61cf02f000 r--p 00000000 08:01 23624164                   /home/toolchain/development/libc++_replacement/tmp/R11/extracted/1e/1ef38dd1b74597d1e4a56b8f9c786954bd0dcdebd9261f07845c7225b8027830/usr/lib64/libunwind.so.8.0.1
7a61cf02f000-7a61cf037000 r-xp 00002000 08:01 23624164                   /home/toolchain/development/libc++_replacement/tmp/R11/extracted/1e/1ef38dd1b74597d1e4a56b8f9c786954bd0dcdebd9261f07845c7225b8027830/usr/lib64/libunwind.so.8.0.1
7a61cf037000-7a61cf039000 r--p 0000a000 08:01 23624164                   /home/toolchain/development/libc++_replacement/tmp/R11/extracted/1e/1ef38dd1b74597d1e4a56b8f9c786954bd0dcdebd9261f07845c7225b8027830/usr/lib64/libunwind.so.8.0.1
7a61cf039000-7a61cf03a000 r--p 0000b000 08:01 23624164                   /home/toolchain/development/libc++_replacement/tmp/R11/extracted/1e/1ef38dd1b74597d1e4a56b8f9c786954bd0dcdebd9261f07845c7225b8027830/usr/lib64/libunwind.so.8.0.1
7a61cf03a000-7a61cf03b000 rw-p 0000c000 08:01 23624164                   /home/toolchain/development/libc++_replacement/tmp/R11/extracted/1e/1ef38dd1b74597d1e4a56b8f9c786954bd0dcdebd9261f07845c7225b8027830/usr/lib64/libunwind.so.8.0.1
7a61cf03b000-7a61cf045000 rw-p 00000000 00:00 0 
7a61cf045000-7a61cf073000 r--p 00000000 08:01 26088914                   /home/toolchain/development/libc++_replacement/tmp/R11/extracted/0a/0a396f6f4ebeb626ec8be5cd1d59310a778e5e2282df79e602683c44a05e30ae/usr/lib64/libtrackrenderer.so
7a61cf073000-7a61cf0a5000 r-xp 0002e000 08:01 26088914                   /home/toolchain/development/libc++_replacement/tmp/R11/extracted/0a/0a396f6f4ebeb626ec8be5cd1d59310a778e5e2282df79e602683c44a05e30ae/usr/lib64/libtrackrenderer.so
7a61cf0a5000-7a61cf0bd000 r--p 00060000 08:01 26088914                   /home/toolchain/development/libc++_replacement/tmp/R11/extracted/0a/0a396f6f4ebeb626ec8be5cd1d59310a778e5e2282df79e602683c44a05e30ae/usr/lib64/libtrackrenderer.so
7a61cf0bd000-7a61cf0bf000 r--p 00077000 08:01 26088914                   /home/toolchain/development/libc++_replacement/tmp/R11/extracted/0a/0a396f6f4ebeb626ec8be5cd1d59310a778e5e2282df79e602683c44a05e30ae/usr/lib64/libtrackrenderer.so
7a61cf0bf000-7a61cf0c1000 rw-p 00079000 08:01 26088914                   /home/toolchain/development/libc++_replacement/tmp/R11/extracted/0a/0a396f6f4ebeb626ec8be5cd1d59310a778e5e2282df79e602683c44a05e30ae/usr/lib64/libtrackrenderer.so
7a61cf0c1000-7a61cf0d5000 r--p 00000000 08:01 16961828                   /home/toolchain/development/libc++_replacement/tmp/R11/extracted/4e/4ea9cb9ada8f65fed491ea1ea3c1dff68fb2d17ab664232b15c0d7649dbb618e/usr/lib64/pulseaudio/libpulsecommon-15.0.so
7a61cf0d5000-7a61cf117000 r-xp 00014000 08:01 16961828                   /home/toolchain/development/libc++_replacement/tmp/R11/extracted/4e/4ea9cb9ada8f65fed491ea1ea3c1dff68fb2d17ab664232b15c0d7649dbb618e/usr/lib64/pulseaudio/libpulsecommon-15.0.so
7a61cf117000-7a61cf139000 r--p 00056000 08:01 16961828                   /home/toolchain/development/libc++_replacement/tmp/R11/extracted/4e/4ea9cb9ada8f65fed491ea1ea3c1dff68fb2d17ab664232b15c0d7649dbb618e/usr/lib64/pulseaudio/libpulsecommon-15.0.so
7a61cf139000-7a61cf13a000 r--p 00078000 08:01 16961828                   /home/toolchain/development/libc++_replacement/tmp/R11/extracted/4e/4ea9cb9ada8f65fed491ea1ea3c1dff68fb2d17ab664232b15c0d7649dbb618e/usr/lib64/pulseaudio/libpulsecommon-15.0.so
7a61cf13a000-7a61cf13c000 rw-p 00079000 08:01 16961828                   /home/toolchain/development/libc++_replacement/tmp/R11/extracted/4e/4ea9cb9ada8f65fed491ea1ea3c1dff68fb2d17ab664232b15c0d7649dbb618e/usr/lib64/pulseaudio/libpulsecommon-15.0.so
7a61cf13c000-7a61cf13e000 r--p 00000000 08:01 16961824                   /home/toolchain/development/libc++_replacement/tmp/R11/extracted/4e/4ea9cb9ada8f65fed491ea1ea3c1dff68fb2d17ab664232b15c0d7649dbb618e/usr/lib64/libpulse-simple.so.0.1.1
7a61cf13e000-7a61cf140000 r-xp 00002000 08:01 16961824                   /home/toolchain/development/libc++_replacement/tmp/R11/extracted/4e/4ea9cb9ada8f65fed491ea1ea3c1dff68fb2d17ab664232b15c0d7649dbb618e/usr/lib64/libpulse-simple.so.0.1.1
7a61cf140000-7a61cf141000 r--p 00004000 08:01 16961824                   /home/toolchain/development/libc++_replacement/tmp/R11/extracted/4e/4ea9cb9ada8f65fed491ea1ea3c1dff68fb2d17ab664232b15c0d7649dbb618e/usr/lib64/libpulse-simple.so.0.1.1
7a61cf141000-7a61cf142000 r--p 00004000 08:01 16961824                   /home/toolchain/development/libc++_replacement/tmp/R11/extracted/4e/4ea9cb9ada8f65fed491ea1ea3c1dff68fb2d17ab664232b15c0d7649dbb618e/usr/lib64/libpulse-simple.so.0.1.1
7a61cf142000-7a61cf143000 rw-p 00005000 08:01 16961824                   /home/toolchain/development/libc++_replacement/tmp/R11/extracted/4e/4ea9cb9ada8f65fed491ea1ea3c1dff68fb2d17ab664232b15c0d7649dbb618e/usr/lib64/libpulse-simple.so.0.1.1
7a61cf143000-7a61cf144000 r--p 00000000 08:01 26086524                   /home/toolchain/development/libc++_replacement/tmp/R11/extracted/fc/fc8cfdc9b6706a39fe50ec8b722659ae45c9d3237d9155af55ac6d623a09b29a/usr/lib64/libmmfsoundcommon.so.0.0.0
7a61cf144000-7a61cf145000 r-xp 00001000 08:01 26086524                   /home/toolchain/development/libc++_replacement/tmp/R11/extracted/fc/fc8cfdc9b6706a39fe50ec8b722659ae45c9d3237d9155af55ac6d623a09b29a/usr/lib64/libmmfsoundcommon.so.0.0.0
7a61cf145000-7a61cf146000 r--p 00002000 08:01 26086524                   /home/toolchain/development/libc++_replacement/tmp/R11/extracted/fc/fc8cfdc9b6706a39fe50ec8b722659ae45c9d3237d9155af55ac6d623a09b29a/usr/lib64/libmmfsoundcommon.so.0.0.0
7a61cf146000-7a61cf147000 r--p 00003000 08:01 26086524                   /home/toolchain/development/libc++_replacement/tmp/R11/extracted/fc/fc8cfdc9b6706a39fe50ec8b722659ae45c9d3237d9155af55ac6d623a09b29a/usr/lib64/libmmfsoundcommon.so.0.0.0
7a61cf147000-7a61cf148000 rw-p 00004000 08:01 26086524                   /home/toolchain/development/libc++_replacement/tmp/R11/extracted/fc/fc8cfdc9b6706a39fe50ec8b722659ae45c9d3237d9155af55ac6d623a09b29a/usr/lib64/libmmfsoundcommon.so.0.0.0
7a61cf148000-7a61cf149000 r--p 00000000 08:01 25713562                   /home/toolchain/development/libc++_replacement/tmp/R11/extracted/4c/4cdb0d46f299d1d6c7581443ac1b9589318a50b4f7e8f0d97d8a693b63c43982/usr/lib64/libapp-core-rotation-cpp.so.1.27.13
7a61cf149000-7a61cf14a000 r-xp 00001000 08:01 25713562                   /home/toolchain/development/libc++_replacement/tmp/R11/extracted/4c/4cdb0d46f299d1d6c7581443ac1b9589318a50b4f7e8f0d97d8a693b63c43982/usr/lib64/libapp-core-rotation-cpp.so.1.27.13
7a61cf14a000-7a61cf14b000 r--p 00002000 08:01 25713562                   /home/toolchain/development/libc++_replacement/tmp/R11/extracted/4c/4cdb0d46f299d1d6c7581443ac1b9589318a50b4f7e8f0d97d8a693b63c43982/usr/lib64/libapp-core-rotation-cpp.so.1.27.13
7a61cf14b000-7a61cf14c000 r--p 00002000 08:01 25713562                   /home/toolchain/development/libc++_replacement/tmp/R11/extracted/4c/4cdb0d46f299d1d6c7581443ac1b9589318a50b4f7e8f0d97d8a693b63c43982/usr/lib64/libapp-core-rotation-cpp.so.1.27.13
7a61cf14c000-7a61cf14d000 rw-p 00003000 08:01 25713562                   /home/toolchain/development/libc++_replacement/tmp/R11/extracted/4c/4cdb0d46f299d1d6c7581443ac1b9589318a50b4f7e8f0d97d8a693b63c43982/usr/lib64/libapp-core-rotation-cpp.so.1.27.13
7a61cf14d000-7a61cf14f000 r--p 00000000 08:01 23624337                   /home/toolchain/development/libc++_replacement/tmp/R11/extracted/0d/0daffe2b94bcc25cd215ac91563c50dd7f7c7206e49b3b4538a28e24a150f8b0/usr/lib64/libcrypt.so.1.1.0
7a61cf14f000-7a61cf162000 r-xp 00002000 08:01 23624337                   /home/toolchain/development/libc++_replacement/tmp/R11/extracted/0d/0daffe2b94bcc25cd215ac91563c50dd7f7c7206e49b3b4538a28e24a150f8b0/usr/lib64/libcrypt.so.1.1.0
7a61cf162000-7a61cf17c000 r--p 00015000 08:01 23624337                   /home/toolchain/development/libc++_replacement/tmp/R11/extracted/0d/0daffe2b94bcc25cd215ac91563c50dd7f7c7206e49b3b4538a28e24a150f8b0/usr/lib64/libcrypt.so.1.1.0
7a61cf17c000-7a61cf17d000 r--p 0002e000 08:01 23624337                   /home/toolchain/development/libc++_replacement/tmp/R11/extracted/0d/0daffe2b94bcc25cd215ac91563c50dd7f7c7206e49b3b4538a28e24a150f8b0/usr/lib64/libcrypt.so.1.1.0
7a61cf17d000-7a61cf17e000 rw-p 0002f000 08:01 23624337                   /home/toolchain/development/libc++_replacement/tmp/R11/extracted/0d/0daffe2b94bcc25cd215ac91563c50dd7f7c7206e49b3b4538a28e24a150f8b0/usr/lib64/libcrypt.so.1.1.0
7a61cf17e000-7a61cf186000 rw-p 00000000 00:00 0 
7a61cf186000-7a61cf18e000 r--p 00000000 08:01 23483789                   /home/toolchain/development/libc++_replacement/tmp/R11/extracted/94/946456d28f21263f1b1ad127c40088029cefa4bb9ae1b2d5cf21dea2aea85567/usr/lib64/libboost_filesystem.so.1.83.0
7a61cf18e000-7a61cf19c000 r-xp 00008000 08:01 23483789                   /home/toolchain/development/libc++_replacement/tmp/R11/extracted/94/946456d28f21263f1b1ad127c40088029cefa4bb9ae1b2d5cf21dea2aea85567/usr/lib64/libboost_filesystem.so.1.83.0
7a61cf19c000-7a61cf1a0000 r--p 00016000 08:01 23483789                   /home/toolchain/development/libc++_replacement/tmp/R11/extracted/94/946456d28f21263f1b1ad127c40088029cefa4bb9ae1b2d5cf21dea2aea85567/usr/lib64/libboost_filesystem.so.1.83.0
7a61cf1a0000-7a61cf1a1000 r--p 0001a000 08:01 23483789                   /home/toolchain/development/libc++_replacement/tmp/R11/extracted/94/946456d28f21263f1b1ad127c40088029cefa4bb9ae1b2d5cf21dea2aea85567/usr/lib64/libboost_filesystem.so.1.83.0
7a61cf1a1000-7a61cf1a2000 rw-p 0001b000 08:01 23483789                   /home/toolchain/development/libc++_replacement/tmp/R11/extracted/94/946456d28f21263f1b1ad127c40088029cefa4bb9ae1b2d5cf21dea2aea85567/usr/lib64/libboost_filesystem.so.1.83.0
7a61cf1a2000-7a61cf1a4000 r--p 00000000 08:01 23622922                   /home/toolchain/development/libc++_replacement/tmp/R11/extracted/b9/b9b53c19d3ff0229164a5ede81f5ccad44154db4b5829f9d36b69656ab45a1bc/usr/lib64/libsmack.so.1.3.1
7a61cf1a4000-7a61cf1a9000 r-xp 00002000 08:01 23622922                   /home/toolchain/development/libc++_replacement/tmp/R11/extracted/b9/b9b53c19d3ff0229164a5ede81f5ccad44154db4b5829f9d36b69656ab45a1bc/usr/lib64/libsmack.so.1.3.1
7a61cf1a9000-7a61cf1ab000 r--p 00007000 08:01 23622922                   /home/toolchain/development/libc++_replacement/tmp/R11/extracted/b9/b9b53c19d3ff0229164a5ede81f5ccad44154db4b5829f9d36b69656ab45a1bc/usr/lib64/libsmack.so.1.3.1
7a61cf1ab000-7a61cf1ac000 r--p 00008000 08:01 23622922                   /home/toolchain/development/libc++_replacement/tmp/R11/extracted/b9/b9b53c19d3ff0229164a5ede81f5ccad44154db4b5829f9d36b69656ab45a1bc/usr/lib64/libsmack.so.1.3.1
7a61cf1ac000-7a61cf1ad000 rw-p 00009000 08:01 23622922                   /home/toolchain/development/libc++_replacement/tmp/R11/extracted/b9/b9b53c19d3ff0229164a5ede81f5ccad44154db4b5829f9d36b69656ab45a1bc/usr/lib64/libsmack.so.1.3.1
7a61cf1ad000-7a61cf1af000 r--p 00000000 08:01 23617398                   /home/toolchain/development/libc++_replacement/tmp/R11/extracted/1c/1ca4e9a9bfab1c73c273b7c9be71476cee9fcc58ece138684913b7c537d6f62b/usr/lib64/libacl.so.1.1.2302
7a61cf1af000-7a61cf1b3000 r-xp 00002000 08:01 23617398                   /home/toolchain/development/libc++_replacement/tmp/R11/extracted/1c/1ca4e9a9bfab1c73c273b7c9be71476cee9fcc58ece138684913b7c537d6f62b/usr/lib64/libacl.so.1.1.2302
7a61cf1b3000-7a61cf1b4000 r--p 00006000 08:01 23617398                   /home/toolchain/development/libc++_replacement/tmp/R11/extracted/1c/1ca4e9a9bfab1c73c273b7c9be71476cee9fcc58ece138684913b7c537d6f62b/usr/lib64/libacl.so.1.1.2302
7a61cf1b4000-7a61cf1b5000 r--p 00007000 08:01 23617398                   /home/toolchain/development/libc++_replacement/tmp/R11/extracted/1c/1ca4e9a9bfab1c73c273b7c9be71476cee9fcc58ece138684913b7c537d6f62b/usr/lib64/libacl.so.1.1.2302
7a61cf1b5000-7a61cf1b6000 rw-p 00008000 08:01 23617398                   /home/toolchain/development/libc++_replacement/tmp/R11/extracted/1c/1ca4e9a9bfab1c73c273b7c9be71476cee9fcc58ece138684913b7c537d6f62b/usr/lib64/libacl.so.1.1.2302
7a61cf1b6000-7a61cf1b9000 r--p 00000000 08:01 15913149                   /home/toolchain/development/libc++_replacement/tmp/R11/extracted/ea/eadb82ee5ab111c27b4403cf46acaf03a22ae9a4e6b08eb3e1f74d3e300da60e/usr/lib64/libsecurity-privilege-manager.so.1.4.0
7a61cf1b9000-7a61cf1c1000 r-xp 00003000 08:01 15913149                   /home/toolchain/development/libc++_replacement/tmp/R11/extracted/ea/eadb82ee5ab111c27b4403cf46acaf03a22ae9a4e6b08eb3e1f74d3e300da60e/usr/lib64/libsecurity-privilege-manager.so.1.4.0
7a61cf1c1000-7a61cf1c7000 r--p 0000b000 08:01 15913149                   /home/toolchain/development/libc++_replacement/tmp/R11/extracted/ea/eadb82ee5ab111c27b4403cf46acaf03a22ae9a4e6b08eb3e1f74d3e300da60e/usr/lib64/libsecurity-privilege-manager.so.1.4.0
7a61cf1c7000-7a61cf1c8000 r--p 00010000 08:01 15913149                   /home/toolchain/development/libc++_replacement/tmp/R11/extracted/ea/eadb82ee5ab111c27b4403cf46acaf03a22ae9a4e6b08eb3e1f74d3e300da60e/usr/lib64/libsecurity-privilege-manager.so.1.4.0
7a61cf1c8000-7a61cf1c9000 rw-p 00011000 08:01 15913149                   /home/toolchain/development/libc++_replacement/tmp/R11/extracted/ea/eadb82ee5ab111c27b4403cf46acaf03a22ae9a4e6b08eb3e1f74d3e300da60e/usr/lib64/libsecurity-privilege-manager.so.1.4.0
7a61cf1c9000-7a61cf1ce000 r--p 00000000 08:01 26083812                   /home/toolchain/development/libc++_replacement/tmp/R11/extracted/36/36cc2ed94f4b909938cf4eb46680f06ee1fc00d5d6cc2a88b702217987a19cb4/usr/lib64/libcynara-admin.so.0.26.0
7a61cf1ce000-7a61cf1e2000 r-xp 00005000 08:01 26083812                   /home/toolchain/development/libc++_replacement/tmp/R11/extracted/36/36cc2ed94f4b909938cf4eb46680f06ee1fc00d5d6cc2a88b702217987a19cb4/usr/lib64/libcynara-admin.so.0.26.0
7a61cf1e2000-7a61cf1e8000 r--p 00019000 08:01 26083812                   /home/toolchain/development/libc++_replacement/tmp/R11/extracted/36/36cc2ed94f4b909938cf4eb46680f06ee1fc00d5d6cc2a88b702217987a19cb4/usr/lib64/libcynara-admin.so.0.26.0
7a61cf1e8000-7a61cf1e9000 r--p 0001f000 08:01 26083812                   /home/toolchain/development/libc++_replacement/tmp/R11/extracted/36/36cc2ed94f4b909938cf4eb46680f06ee1fc00d5d6cc2a88b702217987a19cb4/usr/lib64/libcynara-admin.so.0.26.0
7a61cf1e9000-7a61cf1ea000 rw-p 00020000 08:01 26083812                   /home/toolchain/development/libc++_replacement/tmp/R11/extracted/36/36cc2ed94f4b909938cf4eb46680f06ee1fc00d5d6cc2a88b702217987a19cb4/usr/lib64/libcynara-admin.so.0.26.0
7a61cf1ea000-7a61cf1fb000 r--p 00000000 08:01 23622994                   /home/toolchain/development/libc++_replacement/tmp/R11/extracted/59/591ccae805a0d478dfb96bca9afd6bb9620e0e4ccaed74bb63e73c1d49c1bbb8/usr/lib64/libsqlite3.so.3.51.0
7a61cf1fb000-7a61cf2e3000 r-xp 00011000 08:01 23622994                   /home/toolchain/development/libc++_replacement/tmp/R11/extracted/59/591ccae805a0d478dfb96bca9afd6bb9620e0e4ccaed74bb63e73c1d49c1bbb8/usr/lib64/libsqlite3.so.3.51.0
7a61cf2e3000-7a61cf314000 r--p 000f9000 08:01 23622994                   /home/toolchain/development/libc++_replacement/tmp/R11/extracted/59/591ccae805a0d478dfb96bca9afd6bb9620e0e4ccaed74bb63e73c1d49c1bbb8/usr/lib64/libsqlite3.so.3.51.0
7a61cf314000-7a61cf317000 r--p 0012a000 08:01 23622994                   /home/toolchain/development/libc++_replacement/tmp/R11/extracted/59/591ccae805a0d478dfb96bca9afd6bb9620e0e4ccaed74bb63e73c1d49c1bbb8/usr/lib64/libsqlite3.so.3.51.0
7a61cf317000-7a61cf31c000 rw-p 0012d000 08:01 23622994                   /home/toolchain/development/libc++_replacement/tmp/R11/extracted/59/591ccae805a0d478dfb96bca9afd6bb9620e0e4ccaed74bb63e73c1d49c1bbb8/usr/lib64/libsqlite3.so.3.51.0
7a61cf31c000-7a61cf31e000 r--p 00000000 08:01 26087801                   /home/toolchain/development/libc++_replacement/tmp/R11/extracted/36/366ed14291dbcc8c59435996fb5d0967c11cbf74e90a8186c7b2d5fc6503e39a/usr/lib64/libsessiond.so.10.6.21
7a61cf31e000-7a61cf325000 r-xp 00002000 08:01 26087801                   /home/toolchain/development/libc++_replacement/tmp/R11/extracted/36/366ed14291dbcc8c59435996fb5d0967c11cbf74e90a8186c7b2d5fc6503e39a/usr/lib64/libsessiond.so.10.6.21
7a61cf325000-7a61cf328000 r--p 00009000 08:01 26087801                   /home/toolchain/development/libc++_replacement/tmp/R11/extracted/36/366ed14291dbcc8c59435996fb5d0967c11cbf74e90a8186c7b2d5fc6503e39a/usr/lib64/libsessiond.so.10.6.21
7a61cf328000-7a61cf329000 r--p 0000b000 08:01 26087801                   /home/toolchain/development/libc++_replacement/tmp/R11/extracted/36/366ed14291dbcc8c59435996fb5d0967c11cbf74e90a8186c7b2d5fc6503e39a/usr/lib64/libsessiond.so.10.6.21
7a61cf329000-7a61cf32a000 rw-p 0000c000 08:01 26087801                   /home/toolchain/development/libc++_replacement/tmp/R11/extracted/36/366ed14291dbcc8c59435996fb5d0967c11cbf74e90a8186c7b2d5fc6503e39a/usr/lib64/libsessiond.so.10.6.21
7a61cf32a000-7a61cf334000 r--p 00000000 08:01 26216664                   /home/toolchain/development/libc++_replacement/tmp/R11/extracted/a8/a873bbfabe29509bf0f4360077ee38885cb185b8a0aa23619b22414eda90b560/usr/lib64/libsensord-shared.so
7a61cf334000-7a61cf33f000 r-xp 0000a000 08:01 26216664                   /home/toolchain/development/libc++_replacement/tmp/R11/extracted/a8/a873bbfabe29509bf0f4360077ee38885cb185b8a0aa23619b22414eda90b560/usr/lib64/libsensord-shared.so
7a61cf33f000-7a61cf346000 r--p 00015000 08:01 26216664                   /home/toolchain/development/libc++_replacement/tmp/R11/extracted/a8/a873bbfabe29509bf0f4360077ee38885cb185b8a0aa23619b22414eda90b560/usr/lib64/libsensord-shared.so
7a61cf346000-7a61cf347000 r--p 0001b000 08:01 26216664                   /home/toolchain/development/libc++_replacement/tmp/R11/extracted/a8/a873bbfabe29509bf0f4360077ee38885cb185b8a0aa23619b22414eda90b560/usr/lib64/libsensord-shared.so
7a61cf347000-7a61cf348000 rw-p 0001c000 08:01 26216664                   /home/toolchain/development/libc++_replacement/tmp/R11/extracted/a8/a873bbfabe29509bf0f4360077ee38885cb185b8a0aa23619b22414eda90b560/usr/lib64/libsensord-shared.so
7a61cf348000-7a61cf35a000 r--p 00000000 08:01 26224946                   /home/toolchain/development/libc++_replacement/tmp/R11/extracted/d8/d8946819d273d8f923b8c9cfde28f0d1cd4905aa0387e6632210166d81cd86fa/usr/lib64/libtizen-core.so.0.4.2
7a61cf35a000-7a61cf368000 r-xp 00012000 08:01 26224946                   /home/toolchain/development/libc++_replacement/tmp/R11/extracted/d8/d8946819d273d8f923b8c9cfde28f0d1cd4905aa0387e6632210166d81cd86fa/usr/lib64/libtizen-core.so.0.4.2
7a61cf368000-7a61cf370000 r--p 00020000 08:01 26224946                   /home/toolchain/development/libc++_replacement/tmp/R11/extracted/d8/d8946819d273d8f923b8c9cfde28f0d1cd4905aa0387e6632210166d81cd86fa/usr/lib64/libtizen-core.so.0.4.2
7a61cf370000-7a61cf372000 r--p 00027000 08:01 26224946                   /home/toolchain/development/libc++_replacement/tmp/R11/extracted/d8/d8946819d273d8f923b8c9cfde28f0d1cd4905aa0387e6632210166d81cd86fa/usr/lib64/libtizen-core.so.0.4.2
7a61cf372000-7a61cf373000 rw-p 00029000 08:01 26224946                   /home/toolchain/development/libc++_replacement/tmp/R11/extracted/d8/d8946819d273d8f923b8c9cfde28f0d1cd4905aa0387e6632210166d81cd86fa/usr/lib64/libtizen-core.so.0.4.2
7a61cf373000-7a61cf39d000 r--p 00000000 08:01 26127552                   /home/toolchain/development/libc++_replacement/tmp/R11/extracted/6d/6d9a2599e7941f048094419a734cd6fc8e719f3f363a5488eff72edd37fd173a/usr/lib64/librpc-port.so.1.21.15
7a61cf39d000-7a61cf3c9000 r-xp 0002a000 08:01 26127552                   /home/toolchain/development/libc++_replacement/tmp/R11/extracted/6d/6d9a2599e7941f048094419a734cd6fc8e719f3f363a5488eff72edd37fd173a/usr/lib64/librpc-port.so.1.21.15
7a61cf3c9000-7a61cf3df000 r--p 00056000 08:01 26127552                   /home/toolchain/development/libc++_replacement/tmp/R11/extracted/6d/6d9a2599e7941f048094419a734cd6fc8e719f3f363a5488eff72edd37fd173a/usr/lib64/librpc-port.so.1.21.15
7a61cf3df000-7a61cf3e1000 r--p 0006b000 08:01 26127552                   /home/toolchain/development/libc++_replacement/tmp/R11/extracted/6d/6d9a2599e7941f048094419a734cd6fc8e719f3f363a5488eff72edd37fd173a/usr/lib64/librpc-port.so.1.21.15
7a61cf3e1000-7a61cf3e3000 rw-p 0006d000 08:01 26127552                   /home/toolchain/development/libc++_replacement/tmp/R11/extracted/6d/6d9a2599e7941f048094419a734cd6fc8e719f3f363a5488eff72edd37fd173a/usr/lib64/librpc-port.so.1.21.15
7a61cf3e3000-7a61cf3e4000 rw-p 00000000 00:00 0 
7a61cf3e4000-7a61cf3e8000 r--p 00000000 08:01 23621979                   /home/toolchain/development/libc++_replacement/tmp/R11/extracted/11/11b375d244963979cfea87362c172b196f78c2fe92c507c000126ba46dc84892/usr/lib64/liblzma.so.5.8.1
7a61cf3e8000-7a61cf402000 r-xp 00004000 08:01 23621979                   /home/toolchain/development/libc++_replacement/tmp/R11/extracted/11/11b375d244963979cfea87362c172b196f78c2fe92c507c000126ba46dc84892/usr/lib64/liblzma.so.5.8.1
7a61cf402000-7a61cf40d000 r--p 0001e000 08:01 23621979                   /home/toolchain/development/libc++_replacement/tmp/R11/extracted/11/11b375d244963979cfea87362c172b196f78c2fe92c507c000126ba46dc84892/usr/lib64/liblzma.so.5.8.1
7a61cf40d000-7a61cf40e000 r--p 00029000 08:01 23621979                   /home/toolchain/development/libc++_replacement/tmp/R11/extracted/11/11b375d244963979cfea87362c172b196f78c2fe92c507c000126ba46dc84892/usr/lib64/liblzma.so.5.8.1
7a61cf40e000-7a61cf40f000 rw-p 0002a000 08:01 23621979                   /home/toolchain/development/libc++_replacement/tmp/R11/extracted/11/11b375d244963979cfea87362c172b196f78c2fe92c507c000126ba46dc84892/usr/lib64/liblzma.so.5.8.1
7a61cf40f000-7a61cf413000 r--p 00000000 08:01 25958496                   /home/toolchain/development/libc++_replacement/tmp/R11/extracted/33/33b6f1dac23b0c1c7caf44c105c4776e8ed29d228571c894a0da9f568d100b40/usr/lib64/hal/libhal-api-common.so.0.1.0
7a61cf413000-7a61cf41b000 r-xp 00004000 08:01 25958496                   /home/toolchain/development/libc++_replacement/tmp/R11/extracted/33/33b6f1dac23b0c1c7caf44c105c4776e8ed29d228571c894a0da9f568d100b40/usr/lib64/hal/libhal-api-common.so.0.1.0
7a61cf41b000-7a61cf422000 r--p 0000c000 08:01 25958496                   /home/toolchain/development/libc++_replacement/tmp/R11/extracted/33/33b6f1dac23b0c1c7caf44c105c4776e8ed29d228571c894a0da9f568d100b40/usr/lib64/hal/libhal-api-common.so.0.1.0
7a61cf422000-7a61cf423000 r--p 00012000 08:01 25958496                   /home/toolchain/development/libc++_replacement/tmp/R11/extracted/33/33b6f1dac23b0c1c7caf44c105c4776e8ed29d228571c894a0da9f568d100b40/usr/lib64/hal/libhal-api-common.so.0.1.0
7a61cf423000-7a61cf425000 rw-p 00013000 08:01 25958496                   /home/toolchain/development/libc++_replacement/tmp/R11/extracted/33/33b6f1dac23b0c1c7caf44c105c4776e8ed29d228571c894a0da9f568d100b40/usr/lib64/hal/libhal-api-common.so.0.1.0
7a61cf425000-7a61cf428000 rw-p 00000000 00:00 0 
7a61cf428000-7a61cf42c000 r--p 00000000 08:01 23621582                   /home/toolchain/development/libc++_replacement/tmp/R11/extracted/a2/a2e41cda0fbf3cd42aec10ab4fbe8577bb34c4eed1b965ca1e4612a2a674a85c/usr/lib64/libturbojpeg.so.0.3.0
7a61cf42c000-7a61cf4f5000 r-xp 00004000 08:01 23621582                   /home/toolchain/development/libc++_replacement/tmp/R11/extracted/a2/a2e41cda0fbf3cd42aec10ab4fbe8577bb34c4eed1b965ca1e4612a2a674a85c/usr/lib64/libturbojpeg.so.0.3.0
7a61cf4f5000-7a61cf521000 r--p 000cd000 08:01 23621582                   /home/toolchain/development/libc++_replacement/tmp/R11/extracted/a2/a2e41cda0fbf3cd42aec10ab4fbe8577bb34c4eed1b965ca1e4612a2a674a85c/usr/lib64/libturbojpeg.so.0.3.0
7a61cf521000-7a61cf522000 r--p 000f9000 08:01 23621582                   /home/toolchain/development/libc++_replacement/tmp/R11/extracted/a2/a2e41cda0fbf3cd42aec10ab4fbe8577bb34c4eed1b965ca1e4612a2a674a85c/usr/lib64/libturbojpeg.so.0.3.0
7a61cf522000-7a61cf523000 rw-p 000fa000 08:01 23621582                   /home/toolchain/development/libc++_replacement/tmp/R11/extracted/a2/a2e41cda0fbf3cd42aec10ab4fbe8577bb34c4eed1b965ca1e4612a2a674a85c/usr/lib64/libturbojpeg.so.0.3.0
7a61cf523000-7a61cf545000 r--p 00000000 08:01 23622763                   /home/toolchain/development/libc++_replacement/tmp/R11/extracted/25/2512efa180fad6bcd4f6a7e8619366d56808c4e1e6632c25bc57349b6a5bf215/usr/lib64/libssl.so.3
7a61cf545000-7a61cf5c8000 r-xp 00022000 08:01 23622763                   /home/toolchain/development/libc++_replacement/tmp/R11/extracted/25/2512efa180fad6bcd4f6a7e8619366d56808c4e1e6632c25bc57349b6a5bf215/usr/lib64/libssl.so.3
7a61cf5c8000-7a61cf5f1000 r--p 000a5000 08:01 23622763                   /home/toolchain/development/libc++_replacement/tmp/R11/extracted/25/2512efa180fad6bcd4f6a7e8619366d56808c4e1e6632c25bc57349b6a5bf215/usr/lib64/libssl.so.3
7a61cf5f1000-7a61cf5fa000 r--p 000ce000 08:01 23622763                   /home/toolchain/development/libc++_replacement/tmp/R11/extracted/25/2512efa180fad6bcd4f6a7e8619366d56808c4e1e6632c25bc57349b6a5bf215/usr/lib64/libssl.so.3
7a61cf5fa000-7a61cf600000 rw-p 000d7000 08:01 23622763                   /home/toolchain/development/libc++_replacement/tmp/R11/extracted/25/2512efa180fad6bcd4f6a7e8619366d56808c4e1e6632c25bc57349b6a5bf215/usr/lib64/libssl.so.3
7a61cf600000-7a61cf6df000 r--p 00000000 08:01 23622520                   /home/toolchain/development/libc++_replacement/tmp/R11/extracted/25/2512efa180fad6bcd4f6a7e8619366d56808c4e1e6632c25bc57349b6a5bf215/usr/lib64/libcrypto.so.3
7a61cf6df000-7a61cf9ad000 r-xp 000df000 08:01 23622520                   /home/toolchain/development/libc++_replacement/tmp/R11/extracted/25/2512efa180fad6bcd4f6a7e8619366d56808c4e1e6632c25bc57349b6a5bf215/usr/lib64/libcrypto.so.3
7a61cf9ad000-7a61cfab7000 r--p 003ad000 08:01 23622520                   /home/toolchain/development/libc++_replacement/tmp/R11/extracted/25/2512efa180fad6bcd4f6a7e8619366d56808c4e1e6632c25bc57349b6a5bf215/usr/lib64/libcrypto.so.3
7a61cfab7000-7a61cfb2a000 r--p 004b7000 08:01 23622520                   /home/toolchain/development/libc++_replacement/tmp/R11/extracted/25/2512efa180fad6bcd4f6a7e8619366d56808c4e1e6632c25bc57349b6a5bf215/usr/lib64/libcrypto.so.3
7a61cfb2a000-7a61cfb2d000 rw-p 0052a000 08:01 23622520                   /home/toolchain/development/libc++_replacement/tmp/R11/extracted/25/2512efa180fad6bcd4f6a7e8619366d56808c4e1e6632c25bc57349b6a5bf215/usr/lib64/libcrypto.so.3
7a61cfb2d000-7a61cfb30000 rw-p 00000000 00:00 0 
7a61cfb33000-7a61cfb35000 r--p 00000000 08:01 26083988                   /home/toolchain/development/libc++_replacement/tmp/R11/extracted/5b/5bee7cfacc91002e3b2c0d118150dd31b007f297dc5cf9980e7b83cef38d05de/usr/lib64/libcynara-creds-socket.so.0.26.0
7a61cfb35000-7a61cfb36000 r-xp 00002000 08:01 26083988                   /home/toolchain/development/libc++_replacement/tmp/R11/extracted/5b/5bee7cfacc91002e3b2c0d118150dd31b007f297dc5cf9980e7b83cef38d05de/usr/lib64/libcynara-creds-socket.so.0.26.0
7a61cfb36000-7a61cfb37000 r--p 00003000 08:01 26083988                   /home/toolchain/development/libc++_replacement/tmp/R11/extracted/5b/5bee7cfacc91002e3b2c0d118150dd31b007f297dc5cf9980e7b83cef38d05de/usr/lib64/libcynara-creds-socket.so.0.26.0
7a61cfb37000-7a61cfb38000 r--p 00003000 08:01 26083988                   /home/toolchain/development/libc++_replacement/tmp/R11/extracted/5b/5bee7cfacc91002e3b2c0d118150dd31b007f297dc5cf9980e7b83cef38d05de/usr/lib64/libcynara-creds-socket.so.0.26.0
7a61cfb38000-7a61cfb39000 rw-p 00004000 08:01 26083988                   /home/toolchain/development/libc++_replacement/tmp/R11/extracted/5b/5bee7cfacc91002e3b2c0d118150dd31b007f297dc5cf9980e7b83cef38d05de/usr/lib64/libcynara-creds-socket.so.0.26.0
7a61cfb39000-7a61cfb3b000 r--p 00000000 08:01 26119134                   /home/toolchain/development/libc++_replacement/tmp/R11/extracted/51/514b200a08abbcfa93ce5bbe84d25840b4ef6f3acf77e634649df3b3f825ba1a/usr/lib64/libpkgmgr_common.so.0.23.1
7a61cfb3b000-7a61cfb3c000 r-xp 00002000 08:01 26119134                   /home/toolchain/development/libc++_replacement/tmp/R11/extracted/51/514b200a08abbcfa93ce5bbe84d25840b4ef6f3acf77e634649df3b3f825ba1a/usr/lib64/libpkgmgr_common.so.0.23.1
7a61cfb3c000-7a61cfb3d000 r--p 00003000 08:01 26119134                   /home/toolchain/development/libc++_replacement/tmp/R11/extracted/51/514b200a08abbcfa93ce5bbe84d25840b4ef6f3acf77e634649df3b3f825ba1a/usr/lib64/libpkgmgr_common.so.0.23.1
7a61cfb3d000-7a61cfb3e000 r--p 00003000 08:01 26119134                   /home/toolchain/development/libc++_replacement/tmp/R11/extracted/51/514b200a08abbcfa93ce5bbe84d25840b4ef6f3acf77e634649df3b3f825ba1a/usr/lib64/libpkgmgr_common.so.0.23.1
7a61cfb3e000-7a61cfb3f000 rw-p 00004000 08:01 26119134                   /home/toolchain/development/libc++_replacement/tmp/R11/extracted/51/514b200a08abbcfa93ce5bbe84d25840b4ef6f3acf77e634649df3b3f825ba1a/usr/lib64/libpkgmgr_common.so.0.23.1
7a61cfb3f000-7a61cfb40000 r--p 00000000 08:01 23608463                   /home/toolchain/development/libc++_replacement/tmp/R11/extracted/bb/bb95acf2989fecd8ed536d259eb6ce43109882f58a219adcd440fd826537dda7/lib64/librt.so.1
7a61cfb40000-7a61cfb41000 r-xp 00001000 08:01 23608463                   /home/toolchain/development/libc++_replacement/tmp/R11/extracted/bb/bb95acf2989fecd8ed536d259eb6ce43109882f58a219adcd440fd826537dda7/lib64/librt.so.1
7a61cfb41000-7a61cfb42000 r--p 00002000 08:01 23608463                   /home/toolchain/development/libc++_replacement/tmp/R11/extracted/bb/bb95acf2989fecd8ed536d259eb6ce43109882f58a219adcd440fd826537dda7/lib64/librt.so.1
7a61cfb42000-7a61cfb43000 r--p 00002000 08:01 23608463                   /home/toolchain/development/libc++_replacement/tmp/R11/extracted/bb/bb95acf2989fecd8ed536d259eb6ce43109882f58a219adcd440fd826537dda7/lib64/librt.so.1
7a61cfb43000-7a61cfb44000 rw-p 00003000 08:01 23608463                   /home/toolchain/development/libc++_replacement/tmp/R11/extracted/bb/bb95acf2989fecd8ed536d259eb6ce43109882f58a219adcd440fd826537dda7/lib64/librt.so.1
7a61cfb44000-7a61cfb48000 r--p 00000000 08:01 26085865                   /home/toolchain/development/libc++_replacement/tmp/R11/extracted/35/35d1421251334850c1f3200ef1c41005cf50e082863dcbb3c891f46b95075fe8/usr/lib64/libjson-c.so.5.4.0
7a61cfb48000-7a61cfb50000 r-xp 00004000 08:01 26085865                   /home/toolchain/development/libc++_replacement/tmp/R11/extracted/35/35d1421251334850c1f3200ef1c41005cf50e082863dcbb3c891f46b95075fe8/usr/lib64/libjson-c.so.5.4.0
7a61cfb50000-7a61cfb54000 r--p 0000c000 08:01 26085865                   /home/toolchain/development/libc++_replacement/tmp/R11/extracted/35/35d1421251334850c1f3200ef1c41005cf50e082863dcbb3c891f46b95075fe8/usr/lib64/libjson-c.so.5.4.0
7a61cfb54000-7a61cfb55000 r--p 0000f000 08:01 26085865                   /home/toolchain/development/libc++_replacement/tmp/R11/extracted/35/35d1421251334850c1f3200ef1c41005cf50e082863dcbb3c891f46b95075fe8/usr/lib64/libjson-c.so.5.4.0
7a61cfb55000-7a61cfb56000 rw-p 00010000 08:01 26085865                   /home/toolchain/development/libc++_replacement/tmp/R11/extracted/35/35d1421251334850c1f3200ef1c41005cf50e082863dcbb3c891f46b95075fe8/usr/lib64/libjson-c.so.5.4.0
7a61cfb56000-7a61cfb58000 r--p 00000000 08:01 23612994                   /home/toolchain/development/libc++_replacement/tmp/R11/extracted/a5/a5dfb509f5f1865a7f188afd06ac61f6221bbd3260e49d16355deb9a93f9beba/usr/lib64/libiniparser.so.4.2.6
7a61cfb58000-7a61cfb5b000 r-xp 00002000 08:01 23612994                   /home/toolchain/development/libc++_replacement/tmp/R11/extracted/a5/a5dfb509f5f1865a7f188afd06ac61f6221bbd3260e49d16355deb9a93f9beba/usr/lib64/libiniparser.so.4.2.6
7a61cfb5b000-7a61cfb5c000 r--p 00005000 08:01 23612994                   /home/toolchain/development/libc++_replacement/tmp/R11/extracted/a5/a5dfb509f5f1865a7f188afd06ac61f6221bbd3260e49d16355deb9a93f9beba/usr/lib64/libiniparser.so.4.2.6
7a61cfb5c000-7a61cfb5d000 r--p 00005000 08:01 23612994                   /home/toolchain/development/libc++_replacement/tmp/R11/extracted/a5/a5dfb509f5f1865a7f188afd06ac61f6221bbd3260e49d16355deb9a93f9beba/usr/lib64/libiniparser.so.4.2.6
7a61cfb5d000-7a61cfb5e000 rw-p 00006000 08:01 23612994                   /home/toolchain/development/libc++_replacement/tmp/R11/extracted/a5/a5dfb509f5f1865a7f188afd06ac61f6221bbd3260e49d16355deb9a93f9beba/usr/lib64/libiniparser.so.4.2.6
7a61cfb5e000-7a61cfb5f000 r--p 00000000 08:01 26085451                   /home/toolchain/development/libc++_replacement/tmp/R11/extracted/8d/8de5de8f23a1a7a73c053f3042112220a7bc59c19153c8f43b2b49940495a259/usr/lib64/libgmodule-2.0.so.0.8000.5
7a61cfb5f000-7a61cfb61000 r-xp 00001000 08:01 26085451                   /home/toolchain/development/libc++_replacement/tmp/R11/extracted/8d/8de5de8f23a1a7a73c053f3042112220a7bc59c19153c8f43b2b49940495a259/usr/lib64/libgmodule-2.0.so.0.8000.5
7a61cfb61000-7a61cfb62000 r--p 00003000 08:01 26085451                   /home/toolchain/development/libc++_replacement/tmp/R11/extracted/8d/8de5de8f23a1a7a73c053f3042112220a7bc59c19153c8f43b2b49940495a259/usr/lib64/libgmodule-2.0.so.0.8000.5
7a61cfb62000-7a61cfb63000 r--p 00003000 08:01 26085451                   /home/toolchain/development/libc++_replacement/tmp/R11/extracted/8d/8de5de8f23a1a7a73c053f3042112220a7bc59c19153c8f43b2b49940495a259/usr/lib64/libgmodule-2.0.so.0.8000.5
7a61cfb63000-7a61cfb64000 rw-p 00004000 08:01 26085451                   /home/toolchain/development/libc++_replacement/tmp/R11/extracted/8d/8de5de8f23a1a7a73c053f3042112220a7bc59c19153c8f43b2b49940495a259/usr/lib64/libgmodule-2.0.so.0.8000.5
7a61cfb64000-7a61cfb67000 r--p 00000000 08:01 25869255                   /home/toolchain/development/libc++_replacement/tmp/R11/extracted/41/416d01db4ad75a8a452cfe82485dd4a95b731df556354dc1373b5c5653af4be8/usr/lib64/libethumb.so.1.25.1
7a61cfb67000-7a61cfb6d000 r-xp 00003000 08:01 25869255                   /home/toolchain/development/libc++_replacement/tmp/R11/extracted/41/416d01db4ad75a8a452cfe82485dd4a95b731df556354dc1373b5c5653af4be8/usr/lib64/libethumb.so.1.25.1
7a61cfb6d000-7a61cfb70000 r--p 00009000 08:01 25869255                   /home/toolchain/development/libc++_replacement/tmp/R11/extracted/41/416d01db4ad75a8a452cfe82485dd4a95b731df556354dc1373b5c5653af4be8/usr/lib64/libethumb.so.1.25.1
7a61cfb70000-7a61cfb71000 r--p 0000b000 08:01 25869255                   /home/toolchain/development/libc++_replacement/tmp/R11/extracted/41/416d01db4ad75a8a452cfe82485dd4a95b731df556354dc1373b5c5653af4be8/usr/lib64/libethumb.so.1.25.1
7a61cfb71000-7a61cfb72000 rw-p 0000c000 08:01 25869255                   /home/toolchain/development/libc++_replacement/tmp/R11/extracted/41/416d01db4ad75a8a452cfe82485dd4a95b731df556354dc1373b5c5653af4be8/usr/lib64/libethumb.so.1.25.1
7a61cfb72000-7a61cfb75000 r--p 00000000 08:01 25835168                   /home/toolchain/development/libc++_replacement/tmp/R11/extracted/d3/d3eaa599ac9efb515f4b73c56586ae7fc6d9568faf8fac749ce6ab9732b9de84/usr/lib64/libecore_ipc.so.1.25.1
7a61cfb75000-7a61cfb7a000 r-xp 00003000 08:01 25835168                   /home/toolchain/development/libc++_replacement/tmp/R11/extracted/d3/d3eaa599ac9efb515f4b73c56586ae7fc6d9568faf8fac749ce6ab9732b9de84/usr/lib64/libecore_ipc.so.1.25.1
7a61cfb7a000-7a61cfb7c000 r--p 00008000 08:01 25835168                   /home/toolchain/development/libc++_replacement/tmp/R11/extracted/d3/d3eaa599ac9efb515f4b73c56586ae7fc6d9568faf8fac749ce6ab9732b9de84/usr/lib64/libecore_ipc.so.1.25.1
7a61cfb7c000-7a61cfb7d000 r--p 00009000 08:01 25835168                   /home/toolchain/development/libc++_replacement/tmp/R11/extracted/d3/d3eaa599ac9efb515f4b73c56586ae7fc6d9568faf8fac749ce6ab9732b9de84/usr/lib64/libecore_ipc.so.1.25.1
7a61cfb7d000-7a61cfb7e000 rw-p 0000a000 08:01 25835168                   /home/toolchain/development/libc++_replacement/tmp/R11/extracted/d3/d3eaa599ac9efb515f4b73c56586ae7fc6d9568faf8fac749ce6ab9732b9de84/usr/lib64/libecore_ipc.so.1.25.1
7a61cfb7e000-7a61cfb88000 r--p 00000000 08:01 15518976                   /home/toolchain/development/libc++_replacement/tmp/R11/extracted/57/571e663a0840dab81649fc122b8c5169603af0a2ecf968ce11bc57e4240f6197/usr/lib64/libmount.so.1.1.0
7a61cfb88000-7a61cfbb7000 r-xp 0000a000 08:01 15518976                   /home/toolchain/development/libc++_replacement/tmp/R11/extracted/57/571e663a0840dab81649fc122b8c5169603af0a2ecf968ce11bc57e4240f6197/usr/lib64/libmount.so.1.1.0
7a61cfbb7000-7a61cfbc5000 r--p 00039000 08:01 15518976                   /home/toolchain/development/libc++_replacement/tmp/R11/extracted/57/571e663a0840dab81649fc122b8c5169603af0a2ecf968ce11bc57e4240f6197/usr/lib64/libmount.so.1.1.0
7a61cfbc5000-7a61cfbc7000 r--p 00046000 08:01 15518976                   /home/toolchain/development/libc++_replacement/tmp/R11/extracted/57/571e663a0840dab81649fc122b8c5169603af0a2ecf968ce11bc57e4240f6197/usr/lib64/libmount.so.1.1.0
7a61cfbc7000-7a61cfbc8000 rw-p 00048000 08:01 15518976                   /home/toolchain/development/libc++_replacement/tmp/R11/extracted/57/571e663a0840dab81649fc122b8c5169603af0a2ecf968ce11bc57e4240f6197/usr/lib64/libmount.so.1.1.0
7a61cfbc8000-7a61cfbca000 rw-p 00000000 00:00 0 
7a61cfbca000-7a61cfbd1000 r--p 00000000 08:01 26091142                   /home/toolchain/development/libc++_replacement/tmp/R11/extracted/bb/bbe1496d756b23b9943378f63a1c4a0a262cf4c8acaa04528d2265ad2363e5ff/usr/lib64/libmanifest-parser-utils.so.1.9.0
7a61cfbd1000-7a61cfbe3000 r-xp 00007000 08:01 26091142                   /home/toolchain/development/libc++_replacement/tmp/R11/extracted/bb/bbe1496d756b23b9943378f63a1c4a0a262cf4c8acaa04528d2265ad2363e5ff/usr/lib64/libmanifest-parser-utils.so.1.9.0
7a61cfbe3000-7a61cfbe6000 r--p 00019000 08:01 26091142                   /home/toolchain/development/libc++_replacement/tmp/R11/extracted/bb/bbe1496d756b23b9943378f63a1c4a0a262cf4c8acaa04528d2265ad2363e5ff/usr/lib64/libmanifest-parser-utils.so.1.9.0
7a61cfbe6000-7a61cfbe7000 r--p 0001b000 08:01 26091142                   /home/toolchain/development/libc++_replacement/tmp/R11/extracted/bb/bbe1496d756b23b9943378f63a1c4a0a262cf4c8acaa04528d2265ad2363e5ff/usr/lib64/libmanifest-parser-utils.so.1.9.0
7a61cfbe7000-7a61cfbe8000 rw-p 0001c000 08:01 26091142                   /home/toolchain/development/libc++_replacement/tmp/R11/extracted/bb/bbe1496d756b23b9943378f63a1c4a0a262cf4c8acaa04528d2265ad2363e5ff/usr/lib64/libmanifest-parser-utils.so.1.9.0
7a61cfbe8000-7a61cfbe9000 r--p 00000000 08:01 26083979                   /home/toolchain/development/libc++_replacement/tmp/R11/extracted/a2/a2b87e3abccd4ac15a7adea04222a41d57d0255cc0d2d05b678a0ec91ed4a1b8/usr/lib64/libcynara-session.so.0.26.0
7a61cfbe9000-7a61cfbea000 r-xp 00001000 08:01 26083979                   /home/toolchain/development/libc++_replacement/tmp/R11/extracted/a2/a2b87e3abccd4ac15a7adea04222a41d57d0255cc0d2d05b678a0ec91ed4a1b8/usr/lib64/libcynara-session.so.0.26.0
7a61cfbea000-7a61cfbeb000 r--p 00002000 08:01 26083979                   /home/toolchain/development/libc++_replacement/tmp/R11/extracted/a2/a2b87e3abccd4ac15a7adea04222a41d57d0255cc0d2d05b678a0ec91ed4a1b8/usr/lib64/libcynara-session.so.0.26.0
7a61cfbeb000-7a61cfbec000 r--p 00002000 08:01 26083979                   /home/toolchain/development/libc++_replacement/tmp/R11/extracted/a2/a2b87e3abccd4ac15a7adea04222a41d57d0255cc0d2d05b678a0ec91ed4a1b8/usr/lib64/libcynara-session.so.0.26.0
7a61cfbec000-7a61cfbed000 rw-p 00003000 08:01 26083979                   /home/toolchain/development/libc++_replacement/tmp/R11/extracted/a2/a2b87e3abccd4ac15a7adea04222a41d57d0255cc0d2d05b678a0ec91ed4a1b8/usr/lib64/libcynara-session.so.0.26.0
7a61cfbed000-7a61cfbfa000 r--p 00000000 08:01 26087397                   /home/toolchain/development/libc++_replacement/tmp/R11/extracted/38/384bad753156856cc83104d0f5507ec9394ce08916f522e762bbc110ebef1191/usr/lib64/libscl-core-pure.so
7a61cfbfa000-7a61cfc06000 r-xp 0000d000 08:01 26087397                   /home/toolchain/development/libc++_replacement/tmp/R11/extracted/38/384bad753156856cc83104d0f5507ec9394ce08916f522e762bbc110ebef1191/usr/lib64/libscl-core-pure.so
7a61cfc06000-7a61cfc0c000 r--p 00019000 08:01 26087397                   /home/toolchain/development/libc++_replacement/tmp/R11/extracted/38/384bad753156856cc83104d0f5507ec9394ce08916f522e762bbc110ebef1191/usr/lib64/libscl-core-pure.so
7a61cfc0c000-7a61cfc0d000 r--p 0001f000 08:01 26087397                   /home/toolchain/development/libc++_replacement/tmp/R11/extracted/38/384bad753156856cc83104d0f5507ec9394ce08916f522e762bbc110ebef1191/usr/lib64/libscl-core-pure.so
7a61cfc0d000-7a61cfc0e000 rw-p 00020000 08:01 26087397                   /home/toolchain/development/libc++_replacement/tmp/R11/extracted/38/384bad753156856cc83104d0f5507ec9394ce08916f522e762bbc110ebef1191/usr/lib64/libscl-core-pure.so
7a61cfc0e000-7a61cfc13000 r--p 00000000 08:01 24301928                   /home/toolchain/development/libc++_replacement/tmp/R11/extracted/65/659fc8bfc2e94f4a2e33025652fed2d7bda7de13295dfc30f18f1e2c4e019181/usr/lib64/libscreen_connector_provider.so.1.9.12
7a61cfc13000-7a61cfc15000 r-xp 00005000 08:01 24301928                   /home/toolchain/development/libc++_replacement/tmp/R11/extracted/65/659fc8bfc2e94f4a2e33025652fed2d7bda7de13295dfc30f18f1e2c4e019181/usr/lib64/libscreen_connector_provider.so.1.9.12
7a61cfc15000-7a61cfc17000 r--p 00007000 08:01 24301928                   /home/toolchain/development/libc++_replacement/tmp/R11/extracted/65/659fc8bfc2e94f4a2e33025652fed2d7bda7de13295dfc30f18f1e2c4e019181/usr/lib64/libscreen_connector_provider.so.1.9.12
7a61cfc17000-7a61cfc18000 r--p 00008000 08:01 24301928                   /home/toolchain/development/libc++_replacement/tmp/R11/extracted/65/659fc8bfc2e94f4a2e33025652fed2d7bda7de13295dfc30f18f1e2c4e019181/usr/lib64/libscreen_connector_provider.so.1.9.12
7a61cfc18000-7a61cfc19000 rw-p 00009000 08:01 24301928                   /home/toolchain/development/libc++_replacement/tmp/R11/extracted/65/659fc8bfc2e94f4a2e33025652fed2d7bda7de13295dfc30f18f1e2c4e019181/usr/lib64/libscreen_connector_provider.so.1.9.12
7a61cfc19000-7a61cfc1c000 r--p 00000000 08:01 25714657                   /home/toolchain/development/libc++_replacement/tmp/R11/extracted/4f/4f31327e0bc6529c97098c661afc209a6fe7e421dd0e3955b0e8e74332a2c8d8/usr/lib64/libappcore-watch-base.so.1.7.25
7a61cfc1c000-7a61cfc20000 r-xp 00003000 08:01 25714657                   /home/toolchain/development/libc++_replacement/tmp/R11/extracted/4f/4f31327e0bc6529c97098c661afc209a6fe7e421dd0e3955b0e8e74332a2c8d8/usr/lib64/libappcore-watch-base.so.1.7.25
7a61cfc20000-7a61cfc22000 r--p 00007000 08:01 25714657                   /home/toolchain/development/libc++_replacement/tmp/R11/extracted/4f/4f31327e0bc6529c97098c661afc209a6fe7e421dd0e3955b0e8e74332a2c8d8/usr/lib64/libappcore-watch-base.so.1.7.25
7a61cfc22000-7a61cfc23000 r--p 00009000 08:01 25714657                   /home/toolchain/development/libc++_replacement/tmp/R11/extracted/4f/4f31327e0bc6529c97098c661afc209a6fe7e421dd0e3955b0e8e74332a2c8d8/usr/lib64/libappcore-watch-base.so.1.7.25
7a61cfc23000-7a61cfc24000 rw-p 0000a000 08:01 25714657                   /home/toolchain/development/libc++_replacement/tmp/R11/extracted/4f/4f31327e0bc6529c97098c661afc209a6fe7e421dd0e3955b0e8e74332a2c8d8/usr/lib64/libappcore-watch-base.so.1.7.25
7a61cfc24000-7a61cfc36000 r--p 00000000 08:01 26085998                   /home/toolchain/development/libc++_replacement/tmp/R11/extracted/e2/e29572431ca7874a71930c026640e708ab48fbc4a8263013f3fa36f4b495e221/usr/lib64/libkey-manager-client.so.1.0.1
7a61cfc36000-7a61cfc7a000 r-xp 00012000 08:01 26085998                   /home/toolchain/development/libc++_replacement/tmp/R11/extracted/e2/e29572431ca7874a71930c026640e708ab48fbc4a8263013f3fa36f4b495e221/usr/lib64/libkey-manager-client.so.1.0.1
7a61cfc7a000-7a61cfc8e000 r--p 00056000 08:01 26085998                   /home/toolchain/development/libc++_replacement/tmp/R11/extracted/e2/e29572431ca7874a71930c026640e708ab48fbc4a8263013f3fa36f4b495e221/usr/lib64/libkey-manager-client.so.1.0.1
7a61cfc8e000-7a61cfc90000 r--p 00069000 08:01 26085998                   /home/toolchain/development/libc++_replacement/tmp/R11/extracted/e2/e29572431ca7874a71930c026640e708ab48fbc4a8263013f3fa36f4b495e221/usr/lib64/libkey-manager-client.so.1.0.1
7a61cfc90000-7a61cfc91000 rw-p 0006b000 08:01 26085998                   /home/toolchain/development/libc++_replacement/tmp/R11/extracted/e2/e29572431ca7874a71930c026640e708ab48fbc4a8263013f3fa36f4b495e221/usr/lib64/libkey-manager-client.so.1.0.1
7a61cfc91000-7a61cfc97000 r--p 00000000 08:01 26003866                   /home/toolchain/development/libc++_replacement/tmp/R11/extracted/5a/5a97d8dca1bb0c2cdad122b990baa23342fc9c207efac0dc81df57a1feaa4c12/usr/lib64/liblaunchpad-common.so.0.50.17
7a61cfc97000-7a61cfc9d000 r-xp 00006000 08:01 26003866                   /home/toolchain/development/libc++_replacement/tmp/R11/extracted/5a/5a97d8dca1bb0c2cdad122b990baa23342fc9c207efac0dc81df57a1feaa4c12/usr/lib64/liblaunchpad-common.so.0.50.17
7a61cfc9d000-7a61cfca0000 r--p 0000c000 08:01 26003866                   /home/toolchain/development/libc++_replacement/tmp/R11/extracted/5a/5a97d8dca1bb0c2cdad122b990baa23342fc9c207efac0dc81df57a1feaa4c12/usr/lib64/liblaunchpad-common.so.0.50.17
7a61cfca0000-7a61cfca1000 r--p 0000e000 08:01 26003866                   /home/toolchain/development/libc++_replacement/tmp/R11/extracted/5a/5a97d8dca1bb0c2cdad122b990baa23342fc9c207efac0dc81df57a1feaa4c12/usr/lib64/liblaunchpad-common.so.0.50.17
7a61cfca1000-7a61cfca2000 rw-p 0000f000 08:01 26003866                   /home/toolchain/development/libc++_replacement/tmp/R11/extracted/5a/5a97d8dca1bb0c2cdad122b990baa23342fc9c207efac0dc81df57a1feaa4c12/usr/lib64/liblaunchpad-common.so.0.50.17
7a61cfca2000-7a61cfcc0000 r--p 00000000 08:01 26003868                   /home/toolchain/development/libc++_replacement/tmp/R11/extracted/5a/5a97d8dca1bb0c2cdad122b990baa23342fc9c207efac0dc81df57a1feaa4c12/usr/lib64/liblaunchpad-core.so.0.50.17
7a61cfcc0000-7a61cfce3000 r-xp 0001e000 08:01 26003868                   /home/toolchain/development/libc++_replacement/tmp/R11/extracted/5a/5a97d8dca1bb0c2cdad122b990baa23342fc9c207efac0dc81df57a1feaa4c12/usr/lib64/liblaunchpad-core.so.0.50.17
7a61cfce3000-7a61cfcf1000 r--p 00041000 08:01 26003868                   /home/toolchain/development/libc++_replacement/tmp/R11/extracted/5a/5a97d8dca1bb0c2cdad122b990baa23342fc9c207efac0dc81df57a1feaa4c12/usr/lib64/liblaunchpad-core.so.0.50.17
7a61cfcf1000-7a61cfcf2000 r--p 0004f000 08:01 26003868                   /home/toolchain/development/libc++_replacement/tmp/R11/extracted/5a/5a97d8dca1bb0c2cdad122b990baa23342fc9c207efac0dc81df57a1feaa4c12/usr/lib64/liblaunchpad-core.so.0.50.17
7a61cfcf2000-7a61cfcf4000 rw-p 00050000 08:01 26003868                   /home/toolchain/development/libc++_replacement/tmp/R11/extracted/5a/5a97d8dca1bb0c2cdad122b990baa23342fc9c207efac0dc81df57a1feaa4c12/usr/lib64/liblaunchpad-core.so.0.50.17
7a61cfcf4000-7a61cfcf8000 r--p 00000000 08:01 26227755                   /home/toolchain/development/libc++_replacement/tmp/R11/extracted/48/48779668c7452fc44f8d8610b04f29a911bcba3f2954610b88ff8d9be7452910/usr/lib64/libtanchor-runtime.so.2.1.2
7a61cfcf8000-7a61cfd03000 r-xp 00004000 08:01 26227755                   /home/toolchain/development/libc++_replacement/tmp/R11/extracted/48/48779668c7452fc44f8d8610b04f29a911bcba3f2954610b88ff8d9be7452910/usr/lib64/libtanchor-runtime.so.2.1.2
7a61cfd03000-7a61cfd06000 r--p 0000f000 08:01 26227755                   /home/toolchain/development/libc++_replacement/tmp/R11/extracted/48/48779668c7452fc44f8d8610b04f29a911bcba3f2954610b88ff8d9be7452910/usr/lib64/libtanchor-runtime.so.2.1.2
7a61cfd06000-7a61cfd07000 rw-p 00011000 08:01 26227755                   /home/toolchain/development/libc++_replacement/tmp/R11/extracted/48/48779668c7452fc44f8d8610b04f29a911bcba3f2954610b88ff8d9be7452910/usr/lib64/libtanchor-runtime.so.2.1.2
7a61cfd07000-7a61cfd0a000 r--p 00000000 08:01 26083852                   /home/toolchain/development/libc++_replacement/tmp/R11/extracted/ae/ae6d59bf045464a126e47576a411ecb597b3902b4ae35fd327d0d75604a8f6b9/usr/lib64/libcynara-creds-commons.so.0.26.0
7a61cfd0a000-7a61cfd0e000 r-xp 00003000 08:01 26083852                   /home/toolchain/development/libc++_replacement/tmp/R11/extracted/ae/ae6d59bf045464a126e47576a411ecb597b3902b4ae35fd327d0d75604a8f6b9/usr/lib64/libcynara-creds-commons.so.0.26.0
7a61cfd0e000-7a61cfd0f000 r--p 00007000 08:01 26083852                   /home/toolchain/development/libc++_replacement/tmp/R11/extracted/ae/ae6d59bf045464a126e47576a411ecb597b3902b4ae35fd327d0d75604a8f6b9/usr/lib64/libcynara-creds-commons.so.0.26.0
7a61cfd0f000-7a61cfd10000 r--p 00008000 08:01 26083852                   /home/toolchain/development/libc++_replacement/tmp/R11/extracted/ae/ae6d59bf045464a126e47576a411ecb597b3902b4ae35fd327d0d75604a8f6b9/usr/lib64/libcynara-creds-commons.so.0.26.0
7a61cfd10000-7a61cfd11000 rw-p 00009000 08:01 26083852                   /home/toolchain/development/libc++_replacement/tmp/R11/extracted/ae/ae6d59bf045464a126e47576a411ecb597b3902b4ae35fd327d0d75604a8f6b9/usr/lib64/libcynara-creds-commons.so.0.26.0
7a61cfd11000-7a61cfd13000 r--p 00000000 08:01 26084007                   /home/toolchain/development/libc++_replacement/tmp/R11/extracted/10/102f6e6390f451cd238ea1f34257f312aca6774a938014000bb4e7c1a1cf843c/usr/lib64/libcynara-uid-creds.so..26.0
7a61cfd13000-7a61cfd15000 r-xp 00002000 08:01 26084007                   /home/toolchain/development/libc++_replacement/tmp/R11/extracted/10/102f6e6390f451cd238ea1f34257f312aca6774a938014000bb4e7c1a1cf843c/usr/lib64/libcynara-uid-creds.so..26.0
7a61cfd15000-7a61cfd16000 r--p 00004000 08:01 26084007                   /home/toolchain/development/libc++_replacement/tmp/R11/extracted/10/102f6e6390f451cd238ea1f34257f312aca6774a938014000bb4e7c1a1cf843c/usr/lib64/libcynara-uid-creds.so..26.0
7a61cfd16000-7a61cfd17000 r--p 00004000 08:01 26084007                   /home/toolchain/development/libc++_replacement/tmp/R11/extracted/10/102f6e6390f451cd238ea1f34257f312aca6774a938014000bb4e7c1a1cf843c/usr/lib64/libcynara-uid-creds.so..26.0
7a61cfd17000-7a61cfd18000 rw-p 00005000 08:01 26084007                   /home/toolchain/development/libc++_replacement/tmp/R11/extracted/10/102f6e6390f451cd238ea1f34257f312aca6774a938014000bb4e7c1a1cf843c/usr/lib64/libcynara-uid-creds.so..26.0
7a61cfd18000-7a61cfd40000 r--p 00000000 08:01 26083862                   /home/toolchain/development/libc++_replacement/tmp/R11/extracted/c8/c8bacdec0892151fce20caf11add70ce706e389477e74203beec2f6b651c52b8/usr/lib64/libcynara-commons.so.0.26.0
7a61cfd40000-7a61cfd74000 r-xp 00028000 08:01 26083862                   /home/toolchain/development/libc++_replacement/tmp/R11/extracted/c8/c8bacdec0892151fce20caf11add70ce706e389477e74203beec2f6b651c52b8/usr/lib64/libcynara-commons.so.0.26.0
7a61cfd74000-7a61cfd84000 r--p 0005c000 08:01 26083862                   /home/toolchain/development/libc++_replacement/tmp/R11/extracted/c8/c8bacdec0892151fce20caf11add70ce706e389477e74203beec2f6b651c52b8/usr/lib64/libcynara-commons.so.0.26.0
7a61cfd84000-7a61cfd88000 r--p 0006b000 08:01 26083862                   /home/toolchain/development/libc++_replacement/tmp/R11/extracted/c8/c8bacdec0892151fce20caf11add70ce706e389477e74203beec2f6b651c52b8/usr/lib64/libcynara-commons.so.0.26.0
7a61cfd88000-7a61cfd89000 rw-p 0006f000 08:01 26083862                   /home/toolchain/development/libc++_replacement/tmp/R11/extracted/c8/c8bacdec0892151fce20caf11add70ce706e389477e74203beec2f6b651c52b8/usr/lib64/libcynara-commons.so.0.26.0
7a61cfd89000-7a61cfd8d000 r--p 00000000 08:01 26083837                   /home/toolchain/development/libc++_replacement/tmp/R11/extracted/95/95baaefb26a50408eb4d7f5426aa17e1af2d62788151eb7b2113e095e0adcc37/usr/lib64/libcynara-client-commons.so.0.26.0
7a61cfd8d000-7a61cfd92000 r-xp 00004000 08:01 26083837                   /home/toolchain/development/libc++_replacement/tmp/R11/extracted/95/95baaefb26a50408eb4d7f5426aa17e1af2d62788151eb7b2113e095e0adcc37/usr/lib64/libcynara-client-commons.so.0.26.0
7a61cfd92000-7a61cfd93000 r--p 00009000 08:01 26083837                   /home/toolchain/development/libc++_replacement/tmp/R11/extracted/95/95baaefb26a50408eb4d7f5426aa17e1af2d62788151eb7b2113e095e0adcc37/usr/lib64/libcynara-client-commons.so.0.26.0
7a61cfd93000-7a61cfd94000 r--p 0000a000 08:01 26083837                   /home/toolchain/development/libc++_replacement/tmp/R11/extracted/95/95baaefb26a50408eb4d7f5426aa17e1af2d62788151eb7b2113e095e0adcc37/usr/lib64/libcynara-client-commons.so.0.26.0
7a61cfd94000-7a61cfd95000 rw-p 0000b000 08:01 26083837                   /home/toolchain/development/libc++_replacement/tmp/R11/extracted/95/95baaefb26a50408eb4d7f5426aa17e1af2d62788151eb7b2113e095e0adcc37/usr/lib64/libcynara-client-commons.so.0.26.0
7a61cfd95000-7a61cfd9e000 r--p 00000000 08:01 26085907                   /home/toolchain/development/libc++_replacement/tmp/R11/extracted/d0/d0de50bf206b3d54c4d73143135d61d6a880493204c7703569193ef661265689/usr/lib64/libjson-glib-1.0.so.0.800.0
7a61cfd9e000-7a61cfdb2000 r-xp 00009000 08:01 26085907                   /home/toolchain/development/libc++_replacement/tmp/R11/extracted/d0/d0de50bf206b3d54c4d73143135d61d6a880493204c7703569193ef661265689/usr/lib64/libjson-glib-1.0.so.0.800.0
7a61cfdb2000-7a61cfdbb000 r--p 0001d000 08:01 26085907                   /home/toolchain/development/libc++_replacement/tmp/R11/extracted/d0/d0de50bf206b3d54c4d73143135d61d6a880493204c7703569193ef661265689/usr/lib64/libjson-glib-1.0.so.0.800.0
7a61cfdbb000-7a61cfdbc000 r--p 00026000 08:01 26085907                   /home/toolchain/development/libc++_replacement/tmp/R11/extracted/d0/d0de50bf206b3d54c4d73143135d61d6a880493204c7703569193ef661265689/usr/lib64/libjson-glib-1.0.so.0.800.0
7a61cfdbc000-7a61cfdbd000 rw-p 00027000 08:01 26085907                   /home/toolchain/development/libc++_replacement/tmp/R11/extracted/d0/d0de50bf206b3d54c4d73143135d61d6a880493204c7703569193ef661265689/usr/lib64/libjson-glib-1.0.so.0.800.0
7a61cfdbd000-7a61cfdbe000 r--p 00000000 08:01 25716645                   /home/toolchain/development/libc++_replacement/tmp/R11/extracted/69/69a66bf21fe7e6ba583831be02eab8b25eb5b9e842da34e562195d8b1fe607ca/usr/lib64/libaul-blink.so.0.84.11
7a61cfdbe000-7a61cfdbf000 r-xp 00001000 08:01 25716645                   /home/toolchain/development/libc++_replacement/tmp/R11/extracted/69/69a66bf21fe7e6ba583831be02eab8b25eb5b9e842da34e562195d8b1fe607ca/usr/lib64/libaul-blink.so.0.84.11
7a61cfdbf000-7a61cfdc0000 r--p 00002000 08:01 25716645                   /home/toolchain/development/libc++_replacement/tmp/R11/extracted/69/69a66bf21fe7e6ba583831be02eab8b25eb5b9e842da34e562195d8b1fe607ca/usr/lib64/libaul-blink.so.0.84.11
7a61cfdc0000-7a61cfdc1000 r--p 00002000 08:01 25716645                   /home/toolchain/development/libc++_replacement/tmp/R11/extracted/69/69a66bf21fe7e6ba583831be02eab8b25eb5b9e842da34e562195d8b1fe607ca/usr/lib64/libaul-blink.so.0.84.11
7a61cfdc1000-7a61cfdc2000 rw-p 00003000 08:01 25716645                   /home/toolchain/development/libc++_replacement/tmp/R11/extracted/69/69a66bf21fe7e6ba583831be02eab8b25eb5b9e842da34e562195d8b1fe607ca/usr/lib64/libaul-blink.so.0.84.11
7a61cfdc2000-7a61cfdc4000 r--p 00000000 08:01 23624162                   /home/toolchain/development/libc++_replacement/tmp/R11/extracted/1e/1ef38dd1b74597d1e4a56b8f9c786954bd0dcdebd9261f07845c7225b8027830/usr/lib64/libunwind-x86_64.so.8.0.1
7a61cfdc4000-7a61cfdcf000 r-xp 00002000 08:01 23624162                   /home/toolchain/development/libc++_replacement/tmp/R11/extracted/1e/1ef38dd1b74597d1e4a56b8f9c786954bd0dcdebd9261f07845c7225b8027830/usr/lib64/libunwind-x86_64.so.8.0.1
7a61cfdcf000-7a61cfdd1000 r--p 0000d000 08:01 23624162                   /home/toolchain/development/libc++_replacement/tmp/R11/extracted/1e/1ef38dd1b74597d1e4a56b8f9c786954bd0dcdebd9261f07845c7225b8027830/usr/lib64/libunwind-x86_64.so.8.0.1
7a61cfdd1000-7a61cfdd2000 r--p 0000e000 08:01 23624162                   /home/toolchain/development/libc++_replacement/tmp/R11/extracted/1e/1ef38dd1b74597d1e4a56b8f9c786954bd0dcdebd9261f07845c7225b8027830/usr/lib64/libunwind-x86_64.so.8.0.1
7a61cfdd2000-7a61cfdd3000 rw-p 0000f000 08:01 23624162                   /home/toolchain/development/libc++_replacement/tmp/R11/extracted/1e/1ef38dd1b74597d1e4a56b8f9c786954bd0dcdebd9261f07845c7225b8027830/usr/lib64/libunwind-x86_64.so.8.0.1
7a61cfdd3000-7a61cfddd000 rw-p 00000000 00:00 0 
7a61cfddd000-7a61cfdde000 r--p 00000000 08:01 23730792                   /home/toolchain/development/libc++_replacement/tmp/R11/extracted/32/329d860de7686bbbfef78f591376fc8f38d82a65c6067d221f5543ebc3de5133/usr/lib64/libxdgmime.so.1.1.0
7a61cfdde000-7a61cfde5000 r-xp 00001000 08:01 23730792                   /home/toolchain/development/libc++_replacement/tmp/R11/extracted/32/329d860de7686bbbfef78f591376fc8f38d82a65c6067d221f5543ebc3de5133/usr/lib64/libxdgmime.so.1.1.0
7a61cfde5000-7a61cfde7000 r--p 00008000 08:01 23730792                   /home/toolchain/development/libc++_replacement/tmp/R11/extracted/32/329d860de7686bbbfef78f591376fc8f38d82a65c6067d221f5543ebc3de5133/usr/lib64/libxdgmime.so.1.1.0
7a61cfde7000-7a61cfde8000 r--p 00009000 08:01 23730792                   /home/toolchain/development/libc++_replacement/tmp/R11/extracted/32/329d860de7686bbbfef78f591376fc8f38d82a65c6067d221f5543ebc3de5133/usr/lib64/libxdgmime.so.1.1.0
7a61cfde8000-7a61cfde9000 rw-p 0000a000 08:01 23730792                   /home/toolchain/development/libc++_replacement/tmp/R11/extracted/32/329d860de7686bbbfef78f591376fc8f38d82a65c6067d221f5543ebc3de5133/usr/lib64/libxdgmime.so.1.1.0
7a61cfde9000-7a61cfded000 r--p 00000000 08:01 15387897                   /home/toolchain/development/libc++_replacement/tmp/R11/extracted/2a/2a95dadaf5b23b0bc3e5c8608eaefd85ceb73d4c5dadb1a3abce13f4579e949e/usr/lib64/libexpat.so.1.11.1
7a61cfded000-7a61cfe05000 r-xp 00004000 08:01 15387897                   /home/toolchain/development/libc++_replacement/tmp/R11/extracted/2a/2a95dadaf5b23b0bc3e5c8608eaefd85ceb73d4c5dadb1a3abce13f4579e949e/usr/lib64/libexpat.so.1.11.1
7a61cfe05000-7a61cfe0d000 r--p 0001c000 08:01 15387897                   /home/toolchain/development/libc++_replacement/tmp/R11/extracted/2a/2a95dadaf5b23b0bc3e5c8608eaefd85ceb73d4c5dadb1a3abce13f4579e949e/usr/lib64/libexpat.so.1.11.1
7a61cfe0d000-7a61cfe0f000 r--p 00023000 08:01 15387897                   /home/toolchain/development/libc++_replacement/tmp/R11/extracted/2a/2a95dadaf5b23b0bc3e5c8608eaefd85ceb73d4c5dadb1a3abce13f4579e949e/usr/lib64/libexpat.so.1.11.1
7a61cfe0f000-7a61cfe10000 rw-p 00025000 08:01 15387897                   /home/toolchain/development/libc++_replacement/tmp/R11/extracted/2a/2a95dadaf5b23b0bc3e5c8608eaefd85ceb73d4c5dadb1a3abce13f4579e949e/usr/lib64/libexpat.so.1.11.1
7a61cfe10000-7a61cfe21000 r--p 00000000 08:01 25861434                   /home/toolchain/development/libc++_replacement/tmp/R11/extracted/81/81f15d544a17a15af43bbf75dd529db933bd56a6de08c2ea5c3aa6c8b57a251c/usr/lib64/libespplayer-core.so
7a61cfe21000-7a61cfe2c000 r-xp 00011000 08:01 25861434                   /home/toolchain/development/libc++_replacement/tmp/R11/extracted/81/81f15d544a17a15af43bbf75dd529db933bd56a6de08c2ea5c3aa6c8b57a251c/usr/lib64/libespplayer-core.so
7a61cfe2c000-7a61cfe32000 r--p 0001c000 08:01 25861434                   /home/toolchain/development/libc++_replacement/tmp/R11/extracted/81/81f15d544a17a15af43bbf75dd529db933bd56a6de08c2ea5c3aa6c8b57a251c/usr/lib64/libespplayer-core.so
7a61cfe32000-7a61cfe33000 r--p 00022000 08:01 25861434                   /home/toolchain/development/libc++_replacement/tmp/R11/extracted/81/81f15d544a17a15af43bbf75dd529db933bd56a6de08c2ea5c3aa6c8b57a251c/usr/lib64/libespplayer-core.so
7a61cfe33000-7a61cfe34000 rw-p 00023000 08:01 25861434                   /home/toolchain/development/libc++_replacement/tmp/R11/extracted/81/81f15d544a17a15af43bbf75dd529db933bd56a6de08c2ea5c3aa6c8b57a251c/usr/lib64/libespplayer-core.so
7a61cfe34000-7a61cfe63000 r--p 00000000 08:01 25958106                   /home/toolchain/development/libc++_replacement/tmp/R11/extracted/0a/0ab9bebb936bab8dbefae5ffb0c413112d2b5d6ab922de257b6f5fe29a769b0a/usr/lib64/libgstreamer-1.0.so.0.2411.0
7a61cfe63000-7a61cff0f000 r-xp 0002f000 08:01 25958106                   /home/toolchain/development/libc++_replacement/tmp/R11/extracted/0a/0ab9bebb936bab8dbefae5ffb0c413112d2b5d6ab922de257b6f5fe29a769b0a/usr/lib64/libgstreamer-1.0.so.0.2411.0
7a61cff0f000-7a61cff5b000 r--p 000db000 08:01 25958106                   /home/toolchain/development/libc++_replacement/tmp/R11/extracted/0a/0ab9bebb936bab8dbefae5ffb0c413112d2b5d6ab922de257b6f5fe29a769b0a/usr/lib64/libgstreamer-1.0.so.0.2411.0
7a61cff5b000-7a61cff60000 r--p 00127000 08:01 25958106                   /home/toolchain/development/libc++_replacement/tmp/R11/extracted/0a/0ab9bebb936bab8dbefae5ffb0c413112d2b5d6ab922de257b6f5fe29a769b0a/usr/lib64/libgstreamer-1.0.so.0.2411.0
7a61cff60000-7a61cff63000 rw-p 0012c000 08:01 25958106                   /home/toolchain/development/libc++_replacement/tmp/R11/extracted/0a/0ab9bebb936bab8dbefae5ffb0c413112d2b5d6ab922de257b6f5fe29a769b0a/usr/lib64/libgstreamer-1.0.so.0.2411.0
7a61cff63000-7a61cff64000 rw-p 00000000 00:00 0 
7a61cff64000-7a61cff70000 r--p 00000000 08:01 16961826                   /home/toolchain/development/libc++_replacement/tmp/R11/extracted/4e/4ea9cb9ada8f65fed491ea1ea3c1dff68fb2d17ab664232b15c0d7649dbb618e/usr/lib64/libpulse.so.0.24.0
7a61cff70000-7a61cff9b000 r-xp 0000c000 08:01 16961826                   /home/toolchain/development/libc++_replacement/tmp/R11/extracted/4e/4ea9cb9ada8f65fed491ea1ea3c1dff68fb2d17ab664232b15c0d7649dbb618e/usr/lib64/libpulse.so.0.24.0
7a61cff9b000-7a61cffaf000 r--p 00037000 08:01 16961826                   /home/toolchain/development/libc++_replacement/tmp/R11/extracted/4e/4ea9cb9ada8f65fed491ea1ea3c1dff68fb2d17ab664232b15c0d7649dbb618e/usr/lib64/libpulse.so.0.24.0
7a61cffaf000-7a61cffb0000 r--p 0004b000 08:01 16961826                   /home/toolchain/development/libc++_replacement/tmp/R11/extracted/4e/4ea9cb9ada8f65fed491ea1ea3c1dff68fb2d17ab664232b15c0d7649dbb618e/usr/lib64/libpulse.so.0.24.0
7a61cffb0000-7a61cffb1000 rw-p 0004c000 08:01 16961826                   /home/toolchain/development/libc++_replacement/tmp/R11/extracted/4e/4ea9cb9ada8f65fed491ea1ea3c1dff68fb2d17ab664232b15c0d7649dbb618e/usr/lib64/libpulse.so.0.24.0
7a61cffb1000-7a61cffb5000 r--p 00000000 08:01 26086508                   /home/toolchain/development/libc++_replacement/tmp/R11/extracted/fc/fc8cfdc9b6706a39fe50ec8b722659ae45c9d3237d9155af55ac6d623a09b29a/usr/lib64/libmmfsound.so.0.1.0
7a61cffb5000-7a61cffc6000 r-xp 00004000 08:01 26086508                   /home/toolchain/development/libc++_replacement/tmp/R11/extracted/fc/fc8cfdc9b6706a39fe50ec8b722659ae45c9d3237d9155af55ac6d623a09b29a/usr/lib64/libmmfsound.so.0.1.0
7a61cffc6000-7a61cffce000 r--p 00015000 08:01 26086508                   /home/toolchain/development/libc++_replacement/tmp/R11/extracted/fc/fc8cfdc9b6706a39fe50ec8b722659ae45c9d3237d9155af55ac6d623a09b29a/usr/lib64/libmmfsound.so.0.1.0
7a61cffce000-7a61cffcf000 r--p 0001d000 08:01 26086508                   /home/toolchain/development/libc++_replacement/tmp/R11/extracted/fc/fc8cfdc9b6706a39fe50ec8b722659ae45c9d3237d9155af55ac6d623a09b29a/usr/lib64/libmmfsound.so.0.1.0
7a61cffcf000-7a61cffd0000 rw-p 0001e000 08:01 26086508                   /home/toolchain/development/libc++_replacement/tmp/R11/extracted/fc/fc8cfdc9b6706a39fe50ec8b722659ae45c9d3237d9155af55ac6d623a09b29a/usr/lib64/libmmfsound.so.0.1.0
7a61cffd0000-7a61cffdc000 rw-p 00000000 00:00 0 
7a61cffdc000-7a61cffea000 r--p 00000000 08:01 25713785                   /home/toolchain/development/libc++_replacement/tmp/R11/extracted/e3/e324dc8ff4e9ae834d02077646c043da25c3cf88295dc9c550dd1028e6fda4f4/usr/lib64/libapp-core-ui-cpp.so.1.27.13
7a61cffea000-7a61cfff6000 r-xp 0000e000 08:01 25713785                   /home/toolchain/development/libc++_replacement/tmp/R11/extracted/e3/e324dc8ff4e9ae834d02077646c043da25c3cf88295dc9c550dd1028e6fda4f4/usr/lib64/libapp-core-ui-cpp.so.1.27.13
7a61cfff6000-7a61cfffe000 r--p 0001a000 08:01 25713785                   /home/toolchain/development/libc++_replacement/tmp/R11/extracted/e3/e324dc8ff4e9ae834d02077646c043da25c3cf88295dc9c550dd1028e6fda4f4/usr/lib64/libapp-core-ui-cpp.so.1.27.13
7a61cfffe000-7a61cffff000 r--p 00022000 08:01 25713785                   /home/toolchain/development/libc++_replacement/tmp/R11/extracted/e3/e324dc8ff4e9ae834d02077646c043da25c3cf88295dc9c550dd1028e6fda4f4/usr/lib64/libapp-core-ui-cpp.so.1.27.13
7a61cffff000-7a61d0000000 rw-p 00023000 08:01 25713785                   /home/toolchain/development/libc++_replacement/tmp/R11/extracted/e3/e324dc8ff4e9ae834d02077646c043da25c3cf88295dc9c550dd1028e6fda4f4/usr/lib64/libapp-core-ui-cpp.so.1.27.13
7a61d0000000-7a61d0001000 r--p 00000000 08:01 23621923                   /home/toolchain/development/libc++_replacement/tmp/R11/extracted/84/8477c684d513edca7d64706710711e51c74cfc270048526e4cd3604d0dc19c47/usr/lib64/libicudata.so.78.1
7a61d0001000-7a61d0002000 r-xp 00001000 08:01 23621923                   /home/toolchain/development/libc++_replacement/tmp/R11/extracted/84/8477c684d513edca7d64706710711e51c74cfc270048526e4cd3604d0dc19c47/usr/lib64/libicudata.so.78.1
7a61d0002000-7a61d1f95000 r--p 00002000 08:01 23621923                   /home/toolchain/development/libc++_replacement/tmp/R11/extracted/84/8477c684d513edca7d64706710711e51c74cfc270048526e4cd3604d0dc19c47/usr/lib64/libicudata.so.78.1
7a61d1f95000-7a61d1f96000 r--p 01f94000 08:01 23621923                   /home/toolchain/development/libc++_replacement/tmp/R11/extracted/84/8477c684d513edca7d64706710711e51c74cfc270048526e4cd3604d0dc19c47/usr/lib64/libicudata.so.78.1
7a61d1f96000-7a61d1f97000 rw-p 01f95000 08:01 23621923                   /home/toolchain/development/libc++_replacement/tmp/R11/extracted/84/8477c684d513edca7d64706710711e51c74cfc270048526e4cd3604d0dc19c47/usr/lib64/libicudata.so.78.1
7a61d1f97000-7a61d1f9b000 rw-p 00000000 00:00 0                          [anon:tls-mmap-allocator]
7a61d1f9b000-7a61d1f9c000 r--p 00000000 08:01 23624158                   /home/toolchain/development/libc++_replacement/tmp/R11/extracted/1e/1ef38dd1b74597d1e4a56b8f9c786954bd0dcdebd9261f07845c7225b8027830/usr/lib64/libunwind-ptrace.so.0.0.0
7a61d1f9c000-7a61d1f9d000 r-xp 00001000 08:01 23624158                   /home/toolchain/development/libc++_replacement/tmp/R11/extracted/1e/1ef38dd1b74597d1e4a56b8f9c786954bd0dcdebd9261f07845c7225b8027830/usr/lib64/libunwind-ptrace.so.0.0.0
7a61d1f9d000-7a61d1f9e000 r--p 00002000 08:01 23624158                   /home/toolchain/development/libc++_replacement/tmp/R11/extracted/1e/1ef38dd1b74597d1e4a56b8f9c786954bd0dcdebd9261f07845c7225b8027830/usr/lib64/libunwind-ptrace.so.0.0.0
7a61d1f9e000-7a61d1f9f000 r--p 00002000 08:01 23624158                   /home/toolchain/development/libc++_replacement/tmp/R11/extracted/1e/1ef38dd1b74597d1e4a56b8f9c786954bd0dcdebd9261f07845c7225b8027830/usr/lib64/libunwind-ptrace.so.0.0.0
7a61d1f9f000-7a61d1fa0000 rw-p 00003000 08:01 23624158                   /home/toolchain/development/libc++_replacement/tmp/R11/extracted/1e/1ef38dd1b74597d1e4a56b8f9c786954bd0dcdebd9261f07845c7225b8027830/usr/lib64/libunwind-ptrace.so.0.0.0
7a61d1fa0000-7a61d1fa2000 r--p 00000000 08:01 23624206                   /home/toolchain/development/libc++_replacement/tmp/R11/extracted/86/86b520ddf58ec7421d4799f0006593ddf54ecca040d5ae98b724c2199b2dabd1/usr/lib64/libuuid.so.1.3.0
7a61d1fa2000-7a61d1fa6000 r-xp 00002000 08:01 23624206                   /home/toolchain/development/libc++_replacement/tmp/R11/extracted/86/86b520ddf58ec7421d4799f0006593ddf54ecca040d5ae98b724c2199b2dabd1/usr/lib64/libuuid.so.1.3.0
7a61d1fa6000-7a61d1fa7000 r--p 00006000 08:01 23624206                   /home/toolchain/development/libc++_replacement/tmp/R11/extracted/86/86b520ddf58ec7421d4799f0006593ddf54ecca040d5ae98b724c2199b2dabd1/usr/lib64/libuuid.so.1.3.0
7a61d1fa7000-7a61d1fa8000 r--p 00006000 08:01 23624206                   /home/toolchain/development/libc++_replacement/tmp/R11/extracted/86/86b520ddf58ec7421d4799f0006593ddf54ecca040d5ae98b724c2199b2dabd1/usr/lib64/libuuid.so.1.3.0
7a61d1fa8000-7a61d1fa9000 rw-p 00007000 08:01 23624206                   /home/toolchain/development/libc++_replacement/tmp/R11/extracted/86/86b520ddf58ec7421d4799f0006593ddf54ecca040d5ae98b724c2199b2dabd1/usr/lib64/libuuid.so.1.3.0
7a61d1fa9000-7a61d1fae000 r--p 00000000 08:01 25713650                   /home/toolchain/development/libc++_replacement/tmp/R11/extracted/a1/a10e90c2730b2339da55a2e8159c5552da952a0df10949d27ad1f42496b8ca83/usr/lib64/libapp-core-efl-cpp.so.1.27.13
7a61d1fae000-7a61d1fb1000 r-xp 00005000 08:01 25713650                   /home/toolchain/development/libc++_replacement/tmp/R11/extracted/a1/a10e90c2730b2339da55a2e8159c5552da952a0df10949d27ad1f42496b8ca83/usr/lib64/libapp-core-efl-cpp.so.1.27.13
7a61d1fb1000-7a61d1fb3000 r--p 00008000 08:01 25713650                   /home/toolchain/development/libc++_replacement/tmp/R11/extracted/a1/a10e90c2730b2339da55a2e8159c5552da952a0df10949d27ad1f42496b8ca83/usr/lib64/libapp-core-efl-cpp.so.1.27.13
7a61d1fb3000-7a61d1fb4000 r--p 0000a000 08:01 25713650                   /home/toolchain/development/libc++_replacement/tmp/R11/extracted/a1/a10e90c2730b2339da55a2e8159c5552da952a0df10949d27ad1f42496b8ca83/usr/lib64/libapp-core-efl-cpp.so.1.27.13
7a61d1fb4000-7a61d1fb5000 rw-p 0000b000 08:01 25713650                   /home/toolchain/development/libc++_replacement/tmp/R11/extracted/a1/a10e90c2730b2339da55a2e8159c5552da952a0df10949d27ad1f42496b8ca83/usr/lib64/libapp-core-efl-cpp.so.1.27.13
7a61d1fb5000-7a61d1fb8000 r--p 00000000 08:01 25821477                   /home/toolchain/development/libc++_replacement/tmp/R11/extracted/23/2374eef75f0010963c1f48deae26a5a93cfb8557d2bec6d178bdeae0d9bcf05d/usr/lib64/libcapi-appfw-app-control-uri.so.0.26.2
7a61d1fb8000-7a61d1fbb000 r-xp 00003000 08:01 25821477                   /home/toolchain/development/libc++_replacement/tmp/R11/extracted/23/2374eef75f0010963c1f48deae26a5a93cfb8557d2bec6d178bdeae0d9bcf05d/usr/lib64/libcapi-appfw-app-control-uri.so.0.26.2
7a61d1fbb000-7a61d1fbc000 r--p 00006000 08:01 25821477                   /home/toolchain/development/libc++_replacement/tmp/R11/extracted/23/2374eef75f0010963c1f48deae26a5a93cfb8557d2bec6d178bdeae0d9bcf05d/usr/lib64/libcapi-appfw-app-control-uri.so.0.26.2
7a61d1fbc000-7a61d1fbd000 r--p 00006000 08:01 25821477                   /home/toolchain/development/libc++_replacement/tmp/R11/extracted/23/2374eef75f0010963c1f48deae26a5a93cfb8557d2bec6d178bdeae0d9bcf05d/usr/lib64/libcapi-appfw-app-control-uri.so.0.26.2
7a61d1fbd000-7a61d1fbe000 rw-p 00007000 08:01 25821477                   /home/toolchain/development/libc++_replacement/tmp/R11/extracted/23/2374eef75f0010963c1f48deae26a5a93cfb8557d2bec6d178bdeae0d9bcf05d/usr/lib64/libcapi-appfw-app-control-uri.so.0.26.2
7a61d1fbe000-7a61d1fc7000 r--p 00000000 08:01 25713560                   /home/toolchain/development/libc++_replacement/tmp/R11/extracted/4c/4cdb0d46f299d1d6c7581443ac1b9589318a50b4f7e8f0d97d8a693b63c43982/usr/lib64/libapp-core-cpp.so.1.27.13
7a61d1fc7000-7a61d1fd1000 r-xp 00009000 08:01 25713560                   /home/toolchain/development/libc++_replacement/tmp/R11/extracted/4c/4cdb0d46f299d1d6c7581443ac1b9589318a50b4f7e8f0d97d8a693b63c43982/usr/lib64/libapp-core-cpp.so.1.27.13
7a61d1fd1000-7a61d1fd6000 r--p 00013000 08:01 25713560                   /home/toolchain/development/libc++_replacement/tmp/R11/extracted/4c/4cdb0d46f299d1d6c7581443ac1b9589318a50b4f7e8f0d97d8a693b63c43982/usr/lib64/libapp-core-cpp.so.1.27.13
7a61d1fd6000-7a61d1fd7000 r--p 00017000 08:01 25713560                   /home/toolchain/development/libc++_replacement/tmp/R11/extracted/4c/4cdb0d46f299d1d6c7581443ac1b9589318a50b4f7e8f0d97d8a693b63c43982/usr/lib64/libapp-core-cpp.so.1.27.13
7a61d1fd7000-7a61d1fd8000 rw-p 00018000 08:01 25713560                   /home/toolchain/development/libc++_replacement/tmp/R11/extracted/4c/4cdb0d46f299d1d6c7581443ac1b9589318a50b4f7e8f0d97d8a693b63c43982/usr/lib64/libapp-core-cpp.so.1.27.13
7a61d1fd8000-7a61d1fdb000 r--p 00000000 08:01 23619595                   /home/toolchain/development/libc++_replacement/tmp/R11/extracted/ec/ec3179ae94651944470bddefd2683695b1053a940c8794d882e302581b1b70b9/usr/lib64/libcap.so.2.73
7a61d1fdb000-7a61d1fdf000 r-xp 00003000 08:01 23619595                   /home/toolchain/development/libc++_replacement/tmp/R11/extracted/ec/ec3179ae94651944470bddefd2683695b1053a940c8794d882e302581b1b70b9/usr/lib64/libcap.so.2.73
7a61d1fdf000-7a61d1fe1000 r--p 00007000 08:01 23619595                   /home/toolchain/development/libc++_replacement/tmp/R11/extracted/ec/ec3179ae94651944470bddefd2683695b1053a940c8794d882e302581b1b70b9/usr/lib64/libcap.so.2.73
7a61d1fe1000-7a61d1fe2000 r--p 00008000 08:01 23619595                   /home/toolchain/development/libc++_replacement/tmp/R11/extracted/ec/ec3179ae94651944470bddefd2683695b1053a940c8794d882e302581b1b70b9/usr/lib64/libcap.so.2.73
7a61d1fe2000-7a61d1fe3000 rw-p 00009000 08:01 23619595                   /home/toolchain/development/libc++_replacement/tmp/R11/extracted/ec/ec3179ae94651944470bddefd2683695b1053a940c8794d882e302581b1b70b9/usr/lib64/libcap.so.2.73
7a61d1fe3000-7a61d202b000 r--p 00000000 08:01 26216520                   /home/toolchain/development/libc++_replacement/tmp/R11/extracted/45/4598648c087d443fbabb84832e2ea61178ff5005883236d4e18be71e3909e9fd/usr/lib64/libsecurity-manager-commons.so.1.0.2
7a61d202b000-7a61d20e2000 r-xp 00048000 08:01 26216520                   /home/toolchain/development/libc++_replacement/tmp/R11/extracted/45/4598648c087d443fbabb84832e2ea61178ff5005883236d4e18be71e3909e9fd/usr/lib64/libsecurity-manager-commons.so.1.0.2
7a61d20e2000-7a61d210b000 r--p 000ff000 08:01 26216520                   /home/toolchain/development/libc++_replacement/tmp/R11/extracted/45/4598648c087d443fbabb84832e2ea61178ff5005883236d4e18be71e3909e9fd/usr/lib64/libsecurity-manager-commons.so.1.0.2
7a61d210b000-7a61d210f000 r--p 00127000 08:01 26216520                   /home/toolchain/development/libc++_replacement/tmp/R11/extracted/45/4598648c087d443fbabb84832e2ea61178ff5005883236d4e18be71e3909e9fd/usr/lib64/libsecurity-manager-commons.so.1.0.2
7a61d210f000-7a61d2112000 rw-p 0012b000 08:01 26216520                   /home/toolchain/development/libc++_replacement/tmp/R11/extracted/45/4598648c087d443fbabb84832e2ea61178ff5005883236d4e18be71e3909e9fd/usr/lib64/libsecurity-manager-commons.so.1.0.2
7a61d2112000-7a61d2113000 r--p 00000000 08:01 25827108                   /home/toolchain/development/libc++_replacement/tmp/R11/extracted/22/22ea91dce08a72f94e8ca1712d5180f50c3c731e75196a96a9b85ff893f0f2fc/usr/lib64/libcontext-sensor-recorder-client.so.4.0.1
7a61d2113000-7a61d2114000 r-xp 00001000 08:01 25827108                   /home/toolchain/development/libc++_replacement/tmp/R11/extracted/22/22ea91dce08a72f94e8ca1712d5180f50c3c731e75196a96a9b85ff893f0f2fc/usr/lib64/libcontext-sensor-recorder-client.so.4.0.1
7a61d2114000-7a61d2115000 r--p 00002000 08:01 25827108                   /home/toolchain/development/libc++_replacement/tmp/R11/extracted/22/22ea91dce08a72f94e8ca1712d5180f50c3c731e75196a96a9b85ff893f0f2fc/usr/lib64/libcontext-sensor-recorder-client.so.4.0.1
7a61d2115000-7a61d2116000 r--p 00002000 08:01 25827108                   /home/toolchain/development/libc++_replacement/tmp/R11/extracted/22/22ea91dce08a72f94e8ca1712d5180f50c3c731e75196a96a9b85ff893f0f2fc/usr/lib64/libcontext-sensor-recorder-client.so.4.0.1
7a61d2116000-7a61d2117000 rw-p 00003000 08:01 25827108                   /home/toolchain/development/libc++_replacement/tmp/R11/extracted/22/22ea91dce08a72f94e8ca1712d5180f50c3c731e75196a96a9b85ff893f0f2fc/usr/lib64/libcontext-sensor-recorder-client.so.4.0.1
7a61d2117000-7a61d2123000 r--p 00000000 08:01 26216662                   /home/toolchain/development/libc++_replacement/tmp/R11/extracted/a8/a873bbfabe29509bf0f4360077ee38885cb185b8a0aa23619b22414eda90b560/usr/lib64/libsensor.so.10.0.0
7a61d2123000-7a61d2145000 r-xp 0000c000 08:01 26216662                   /home/toolchain/development/libc++_replacement/tmp/R11/extracted/a8/a873bbfabe29509bf0f4360077ee38885cb185b8a0aa23619b22414eda90b560/usr/lib64/libsensor.so.10.0.0
7a61d2145000-7a61d2150000 r--p 0002e000 08:01 26216662                   /home/toolchain/development/libc++_replacement/tmp/R11/extracted/a8/a873bbfabe29509bf0f4360077ee38885cb185b8a0aa23619b22414eda90b560/usr/lib64/libsensor.so.10.0.0
7a61d2150000-7a61d2151000 r--p 00039000 08:01 26216662                   /home/toolchain/development/libc++_replacement/tmp/R11/extracted/a8/a873bbfabe29509bf0f4360077ee38885cb185b8a0aa23619b22414eda90b560/usr/lib64/libsensor.so.10.0.0
7a61d2151000-7a61d2152000 rw-p 0003a000 08:01 26216662                   /home/toolchain/development/libc++_replacement/tmp/R11/extracted/a8/a873bbfabe29509bf0f4360077ee38885cb185b8a0aa23619b22414eda90b560/usr/lib64/libsensor.so.10.0.0
7a61d2152000-7a61d2153000 r--p 00000000 08:01 23629635                   /home/toolchain/development/libc++_replacement/tmp/R11/extracted/1b/1b1e0c06f14e8cdd3e58db640159ac4e12089b52793ac3f1f73079d5be9493b5/usr/lib64/libplds4.so
7a61d2153000-7a61d2154000 r-xp 00001000 08:01 23629635                   /home/toolchain/development/libc++_replacement/tmp/R11/extracted/1b/1b1e0c06f14e8cdd3e58db640159ac4e12089b52793ac3f1f73079d5be9493b5/usr/lib64/libplds4.so
7a61d2154000-7a61d2155000 r--p 00002000 08:01 23629635                   /home/toolchain/development/libc++_replacement/tmp/R11/extracted/1b/1b1e0c06f14e8cdd3e58db640159ac4e12089b52793ac3f1f73079d5be9493b5/usr/lib64/libplds4.so
7a61d2155000-7a61d2156000 r--p 00002000 08:01 23629635                   /home/toolchain/development/libc++_replacement/tmp/R11/extracted/1b/1b1e0c06f14e8cdd3e58db640159ac4e12089b52793ac3f1f73079d5be9493b5/usr/lib64/libplds4.so
7a61d2156000-7a61d2157000 rw-p 00003000 08:01 23629635                   /home/toolchain/development/libc++_replacement/tmp/R11/extracted/1b/1b1e0c06f14e8cdd3e58db640159ac4e12089b52793ac3f1f73079d5be9493b5/usr/lib64/libplds4.so
7a61d2157000-7a61d2159000 r--p 00000000 08:01 23629634                   /home/toolchain/development/libc++_replacement/tmp/R11/extracted/1b/1b1e0c06f14e8cdd3e58db640159ac4e12089b52793ac3f1f73079d5be9493b5/usr/lib64/libplc4.so
7a61d2159000-7a61d215b000 r-xp 00002000 08:01 23629634                   /home/toolchain/development/libc++_replacement/tmp/R11/extracted/1b/1b1e0c06f14e8cdd3e58db640159ac4e12089b52793ac3f1f73079d5be9493b5/usr/lib64/libplc4.so
7a61d215b000-7a61d215c000 r--p 00004000 08:01 23629634                   /home/toolchain/development/libc++_replacement/tmp/R11/extracted/1b/1b1e0c06f14e8cdd3e58db640159ac4e12089b52793ac3f1f73079d5be9493b5/usr/lib64/libplc4.so
7a61d215c000-7a61d215d000 r--p 00004000 08:01 23629634                   /home/toolchain/development/libc++_replacement/tmp/R11/extracted/1b/1b1e0c06f14e8cdd3e58db640159ac4e12089b52793ac3f1f73079d5be9493b5/usr/lib64/libplc4.so
7a61d215d000-7a61d215e000 rw-p 00005000 08:01 23629634                   /home/toolchain/development/libc++_replacement/tmp/R11/extracted/1b/1b1e0c06f14e8cdd3e58db640159ac4e12089b52793ac3f1f73079d5be9493b5/usr/lib64/libplc4.so
7a61d215e000-7a61d2160000 r--p 00000000 08:01 23621269                   /home/toolchain/development/libc++_replacement/tmp/R11/extracted/10/108f5b4fc21dc6d5b0c38339454b4a7e9dcb88deeec25fd062d6cdad4f4a98c0/usr/lib64/libffi.so.8.1.4
7a61d2160000-7a61d2169000 r-xp 00002000 08:01 23621269                   /home/toolchain/development/libc++_replacement/tmp/R11/extracted/10/108f5b4fc21dc6d5b0c38339454b4a7e9dcb88deeec25fd062d6cdad4f4a98c0/usr/lib64/libffi.so.8.1.4
7a61d2169000-7a61d216a000 r--p 0000b000 08:01 23621269                   /home/toolchain/development/libc++_replacement/tmp/R11/extracted/10/108f5b4fc21dc6d5b0c38339454b4a7e9dcb88deeec25fd062d6cdad4f4a98c0/usr/lib64/libffi.so.8.1.4
7a61d216a000-7a61d216b000 r--p 0000c000 08:01 23621269                   /home/toolchain/development/libc++_replacement/tmp/R11/extracted/10/108f5b4fc21dc6d5b0c38339454b4a7e9dcb88deeec25fd062d6cdad4f4a98c0/usr/lib64/libffi.so.8.1.4
7a61d216b000-7a61d216c000 rw-p 0000d000 08:01 23621269                   /home/toolchain/development/libc++_replacement/tmp/R11/extracted/10/108f5b4fc21dc6d5b0c38339454b4a7e9dcb88deeec25fd062d6cdad4f4a98c0/usr/lib64/libffi.so.8.1.4
7a61d216c000-7a61d216d000 r--p 00000000 08:01 26089374                   /home/toolchain/development/libc++_replacement/tmp/R11/extracted/6e/6ea88a8be40d0a02d31f2d7f5b7e998e43bda209403c740d6385dc2b6b965039/usr/lib64/libcursor-shape-v1-client.so.0.0.0
7a61d216d000-7a61d216e000 r-xp 00001000 08:01 26089374                   /home/toolchain/development/libc++_replacement/tmp/R11/extracted/6e/6ea88a8be40d0a02d31f2d7f5b7e998e43bda209403c740d6385dc2b6b965039/usr/lib64/libcursor-shape-v1-client.so.0.0.0
7a61d216e000-7a61d216f000 r--p 00002000 08:01 26089374                   /home/toolchain/development/libc++_replacement/tmp/R11/extracted/6e/6ea88a8be40d0a02d31f2d7f5b7e998e43bda209403c740d6385dc2b6b965039/usr/lib64/libcursor-shape-v1-client.so.0.0.0
7a61d216f000-7a61d2170000 r--p 00002000 08:01 26089374                   /home/toolchain/development/libc++_replacement/tmp/R11/extracted/6e/6ea88a8be40d0a02d31f2d7f5b7e998e43bda209403c740d6385dc2b6b965039/usr/lib64/libcursor-shape-v1-client.so.0.0.0
7a61d2170000-7a61d2171000 rw-p 00003000 08:01 26089374                   /home/toolchain/development/libc++_replacement/tmp/R11/extracted/6e/6ea88a8be40d0a02d31f2d7f5b7e998e43bda209403c740d6385dc2b6b965039/usr/lib64/libcursor-shape-v1-client.so.0.0.0
7a61d2171000-7a61d2172000 r--p 00000000 08:01 26089388                   /home/toolchain/development/libc++_replacement/tmp/R11/extracted/6e/6ea88a8be40d0a02d31f2d7f5b7e998e43bda209403c740d6385dc2b6b965039/usr/lib64/libpointer-warp-v1-client.so.0.0.0
7a61d2172000-7a61d2173000 r-xp 00001000 08:01 26089388                   /home/toolchain/development/libc++_replacement/tmp/R11/extracted/6e/6ea88a8be40d0a02d31f2d7f5b7e998e43bda209403c740d6385dc2b6b965039/usr/lib64/libpointer-warp-v1-client.so.0.0.0
7a61d2173000-7a61d2174000 r--p 00002000 08:01 26089388                   /home/toolchain/development/libc++_replacement/tmp/R11/extracted/6e/6ea88a8be40d0a02d31f2d7f5b7e998e43bda209403c740d6385dc2b6b965039/usr/lib64/libpointer-warp-v1-client.so.0.0.0
7a61d2174000-7a61d2175000 r--p 00002000 08:01 26089388                   /home/toolchain/development/libc++_replacement/tmp/R11/extracted/6e/6ea88a8be40d0a02d31f2d7f5b7e998e43bda209403c740d6385dc2b6b965039/usr/lib64/libpointer-warp-v1-client.so.0.0.0
7a61d2175000-7a61d2176000 rw-p 00003000 08:01 26089388                   /home/toolchain/development/libc++_replacement/tmp/R11/extracted/6e/6ea88a8be40d0a02d31f2d7f5b7e998e43bda209403c740d6385dc2b6b965039/usr/lib64/libpointer-warp-v1-client.so.0.0.0
7a61d2176000-7a61d2177000 r--p 00000000 08:01 26089422                   /home/toolchain/development/libc++_replacement/tmp/R11/extracted/6e/6ea88a8be40d0a02d31f2d7f5b7e998e43bda209403c740d6385dc2b6b965039/usr/lib64/libwtz-blur-client.so.0.0.0
7a61d2177000-7a61d2178000 r-xp 00001000 08:01 26089422                   /home/toolchain/development/libc++_replacement/tmp/R11/extracted/6e/6ea88a8be40d0a02d31f2d7f5b7e998e43bda209403c740d6385dc2b6b965039/usr/lib64/libwtz-blur-client.so.0.0.0
7a61d2178000-7a61d2179000 r--p 00002000 08:01 26089422                   /home/toolchain/development/libc++_replacement/tmp/R11/extracted/6e/6ea88a8be40d0a02d31f2d7f5b7e998e43bda209403c740d6385dc2b6b965039/usr/lib64/libwtz-blur-client.so.0.0.0
7a61d2179000-7a61d217a000 r--p 00002000 08:01 26089422                   /home/toolchain/development/libc++_replacement/tmp/R11/extracted/6e/6ea88a8be40d0a02d31f2d7f5b7e998e43bda209403c740d6385dc2b6b965039/usr/lib64/libwtz-blur-client.so.0.0.0
7a61d217a000-7a61d217b000 rw-p 00003000 08:01 26089422                   /home/toolchain/development/libc++_replacement/tmp/R11/extracted/6e/6ea88a8be40d0a02d31f2d7f5b7e998e43bda209403c740d6385dc2b6b965039/usr/lib64/libwtz-blur-client.so.0.0.0
7a61d217b000-7a61d217c000 r--p 00000000 08:01 26089384                   /home/toolchain/development/libc++_replacement/tmp/R11/extracted/6e/6ea88a8be40d0a02d31f2d7f5b7e998e43bda209403c740d6385dc2b6b965039/usr/lib64/libpointer-constraints-unstable-v1-client.so.0.0.0
7a61d217c000-7a61d217d000 r-xp 00001000 08:01 26089384                   /home/toolchain/development/libc++_replacement/tmp/R11/extracted/6e/6ea88a8be40d0a02d31f2d7f5b7e998e43bda209403c740d6385dc2b6b965039/usr/lib64/libpointer-constraints-unstable-v1-client.so.0.0.0
7a61d217d000-7a61d217e000 r--p 00002000 08:01 26089384                   /home/toolchain/development/libc++_replacement/tmp/R11/extracted/6e/6ea88a8be40d0a02d31f2d7f5b7e998e43bda209403c740d6385dc2b6b965039/usr/lib64/libpointer-constraints-unstable-v1-client.so.0.0.0
7a61d217e000-7a61d217f000 r--p 00002000 08:01 26089384                   /home/toolchain/development/libc++_replacement/tmp/R11/extracted/6e/6ea88a8be40d0a02d31f2d7f5b7e998e43bda209403c740d6385dc2b6b965039/usr/lib64/libpointer-constraints-unstable-v1-client.so.0.0.0
7a61d217f000-7a61d2180000 rw-p 00003000 08:01 26089384                   /home/toolchain/development/libc++_replacement/tmp/R11/extracted/6e/6ea88a8be40d0a02d31f2d7f5b7e998e43bda209403c740d6385dc2b6b965039/usr/lib64/libpointer-constraints-unstable-v1-client.so.0.0.0
7a61d2180000-7a61d2181000 r--p 00000000 08:01 26089392                   /home/toolchain/development/libc++_replacement/tmp/R11/extracted/6e/6ea88a8be40d0a02d31f2d7f5b7e998e43bda209403c740d6385dc2b6b965039/usr/lib64/librelative-pointer-unstable-v1-client.so.0.0.0
7a61d2181000-7a61d2182000 r-xp 00001000 08:01 26089392                   /home/toolchain/development/libc++_replacement/tmp/R11/extracted/6e/6ea88a8be40d0a02d31f2d7f5b7e998e43bda209403c740d6385dc2b6b965039/usr/lib64/librelative-pointer-unstable-v1-client.so.0.0.0
7a61d2182000-7a61d2183000 r--p 00002000 08:01 26089392                   /home/toolchain/development/libc++_replacement/tmp/R11/extracted/6e/6ea88a8be40d0a02d31f2d7f5b7e998e43bda209403c740d6385dc2b6b965039/usr/lib64/librelative-pointer-unstable-v1-client.so.0.0.0
7a61d2183000-7a61d2184000 r--p 00002000 08:01 26089392                   /home/toolchain/development/libc++_replacement/tmp/R11/extracted/6e/6ea88a8be40d0a02d31f2d7f5b7e998e43bda209403c740d6385dc2b6b965039/usr/lib64/librelative-pointer-unstable-v1-client.so.0.0.0
7a61d2184000-7a61d2185000 rw-p 00003000 08:01 26089392                   /home/toolchain/development/libc++_replacement/tmp/R11/extracted/6e/6ea88a8be40d0a02d31f2d7f5b7e998e43bda209403c740d6385dc2b6b965039/usr/lib64/librelative-pointer-unstable-v1-client.so.0.0.0
7a61d2185000-7a61d2186000 r--p 00000000 08:01 26089434                   /home/toolchain/development/libc++_replacement/tmp/R11/extracted/6e/6ea88a8be40d0a02d31f2d7f5b7e998e43bda209403c740d6385dc2b6b965039/usr/lib64/libwtz-video-shell-client.so.0.0.0
7a61d2186000-7a61d2187000 r-xp 00001000 08:01 26089434                   /home/toolchain/development/libc++_replacement/tmp/R11/extracted/6e/6ea88a8be40d0a02d31f2d7f5b7e998e43bda209403c740d6385dc2b6b965039/usr/lib64/libwtz-video-shell-client.so.0.0.0
7a61d2187000-7a61d2188000 r--p 00002000 08:01 26089434                   /home/toolchain/development/libc++_replacement/tmp/R11/extracted/6e/6ea88a8be40d0a02d31f2d7f5b7e998e43bda209403c740d6385dc2b6b965039/usr/lib64/libwtz-video-shell-client.so.0.0.0
7a61d2188000-7a61d2189000 r--p 00002000 08:01 26089434                   /home/toolchain/development/libc++_replacement/tmp/R11/extracted/6e/6ea88a8be40d0a02d31f2d7f5b7e998e43bda209403c740d6385dc2b6b965039/usr/lib64/libwtz-video-shell-client.so.0.0.0
7a61d2189000-7a61d218a000 rw-p 00003000 08:01 26089434                   /home/toolchain/development/libc++_replacement/tmp/R11/extracted/6e/6ea88a8be40d0a02d31f2d7f5b7e998e43bda209403c740d6385dc2b6b965039/usr/lib64/libwtz-video-shell-client.so.0.0.0
7a61d218a000-7a61d218b000 r--p 00000000 08:01 26089428                   /home/toolchain/development/libc++_replacement/tmp/R11/extracted/6e/6ea88a8be40d0a02d31f2d7f5b7e998e43bda209403c740d6385dc2b6b965039/usr/lib64/libwtz-screen-client.so.0.0.0
7a61d218b000-7a61d218c000 r-xp 00001000 08:01 26089428                   /home/toolchain/development/libc++_replacement/tmp/R11/extracted/6e/6ea88a8be40d0a02d31f2d7f5b7e998e43bda209403c740d6385dc2b6b965039/usr/lib64/libwtz-screen-client.so.0.0.0
7a61d218c000-7a61d218d000 r--p 00002000 08:01 26089428                   /home/toolchain/development/libc++_replacement/tmp/R11/extracted/6e/6ea88a8be40d0a02d31f2d7f5b7e998e43bda209403c740d6385dc2b6b965039/usr/lib64/libwtz-screen-client.so.0.0.0
7a61d218d000-7a61d218e000 r--p 00002000 08:01 26089428                   /home/toolchain/development/libc++_replacement/tmp/R11/extracted/6e/6ea88a8be40d0a02d31f2d7f5b7e998e43bda209403c740d6385dc2b6b965039/usr/lib64/libwtz-screen-client.so.0.0.0
7a61d218e000-7a61d218f000 rw-p 00003000 08:01 26089428                   /home/toolchain/development/libc++_replacement/tmp/R11/extracted/6e/6ea88a8be40d0a02d31f2d7f5b7e998e43bda209403c740d6385dc2b6b965039/usr/lib64/libwtz-screen-client.so.0.0.0
7a61d218f000-7a61d2190000 r--p 00000000 08:01 26089430                   /home/toolchain/development/libc++_replacement/tmp/R11/extracted/6e/6ea88a8be40d0a02d31f2d7f5b7e998e43bda209403c740d6385dc2b6b965039/usr/lib64/libwtz-shell-client.so.0.0.0
7a61d2190000-7a61d2191000 r-xp 00001000 08:01 26089430                   /home/toolchain/development/libc++_replacement/tmp/R11/extracted/6e/6ea88a8be40d0a02d31f2d7f5b7e998e43bda209403c740d6385dc2b6b965039/usr/lib64/libwtz-shell-client.so.0.0.0
7a61d2191000-7a61d2192000 r--p 00002000 08:01 26089430                   /home/toolchain/development/libc++_replacement/tmp/R11/extracted/6e/6ea88a8be40d0a02d31f2d7f5b7e998e43bda209403c740d6385dc2b6b965039/usr/lib64/libwtz-shell-client.so.0.0.0
7a61d2192000-7a61d2193000 r--p 00002000 08:01 26089430                   /home/toolchain/development/libc++_replacement/tmp/R11/extracted/6e/6ea88a8be40d0a02d31f2d7f5b7e998e43bda209403c740d6385dc2b6b965039/usr/lib64/libwtz-shell-client.so.0.0.0
7a61d2193000-7a61d2194000 rw-p 00003000 08:01 26089430                   /home/toolchain/development/libc++_replacement/tmp/R11/extracted/6e/6ea88a8be40d0a02d31f2d7f5b7e998e43bda209403c740d6385dc2b6b965039/usr/lib64/libwtz-shell-client.so.0.0.0
7a61d2194000-7a61d2195000 r--p 00000000 08:01 26089424                   /home/toolchain/development/libc++_replacement/tmp/R11/extracted/6e/6ea88a8be40d0a02d31f2d7f5b7e998e43bda209403c740d6385dc2b6b965039/usr/lib64/libwtz-foreign-client.so.0.0.0
7a61d2195000-7a61d2196000 r-xp 00001000 08:01 26089424                   /home/toolchain/development/libc++_replacement/tmp/R11/extracted/6e/6ea88a8be40d0a02d31f2d7f5b7e998e43bda209403c740d6385dc2b6b965039/usr/lib64/libwtz-foreign-client.so.0.0.0
7a61d2196000-7a61d2197000 r--p 00002000 08:01 26089424                   /home/toolchain/development/libc++_replacement/tmp/R11/extracted/6e/6ea88a8be40d0a02d31f2d7f5b7e998e43bda209403c740d6385dc2b6b965039/usr/lib64/libwtz-foreign-client.so.0.0.0
7a61d2197000-7a61d2198000 r--p 00002000 08:01 26089424                   /home/toolchain/development/libc++_replacement/tmp/R11/extracted/6e/6ea88a8be40d0a02d31f2d7f5b7e998e43bda209403c740d6385dc2b6b965039/usr/lib64/libwtz-foreign-client.so.0.0.0
7a61d2198000-7a61d2199000 rw-p 00003000 08:01 26089424                   /home/toolchain/development/libc++_replacement/tmp/R11/extracted/6e/6ea88a8be40d0a02d31f2d7f5b7e998e43bda209403c740d6385dc2b6b965039/usr/lib64/libwtz-foreign-client.so.0.0.0
7a61d2199000-7a61d219a000 r--p 00000000 08:01 26089412                   /home/toolchain/development/libc++_replacement/tmp/R11/extracted/6e/6ea88a8be40d0a02d31f2d7f5b7e998e43bda209403c740d6385dc2b6b965039/usr/lib64/libtizen-policy-ext-client.so.0.0.0
7a61d219a000-7a61d219b000 r-xp 00001000 08:01 26089412                   /home/toolchain/development/libc++_replacement/tmp/R11/extracted/6e/6ea88a8be40d0a02d31f2d7f5b7e998e43bda209403c740d6385dc2b6b965039/usr/lib64/libtizen-policy-ext-client.so.0.0.0
7a61d219b000-7a61d219c000 r--p 00002000 08:01 26089412                   /home/toolchain/development/libc++_replacement/tmp/R11/extracted/6e/6ea88a8be40d0a02d31f2d7f5b7e998e43bda209403c740d6385dc2b6b965039/usr/lib64/libtizen-policy-ext-client.so.0.0.0
7a61d219c000-7a61d219d000 r--p 00002000 08:01 26089412                   /home/toolchain/development/libc++_replacement/tmp/R11/extracted/6e/6ea88a8be40d0a02d31f2d7f5b7e998e43bda209403c740d6385dc2b6b965039/usr/lib64/libtizen-policy-ext-client.so.0.0.0
7a61d219d000-7a61d219e000 rw-p 00003000 08:01 26089412                   /home/toolchain/development/libc++_replacement/tmp/R11/extracted/6e/6ea88a8be40d0a02d31f2d7f5b7e998e43bda209403c740d6385dc2b6b965039/usr/lib64/libtizen-policy-ext-client.so.0.0.0
7a61d219e000-7a61d219f000 r--p 00000000 08:01 26089347                   /home/toolchain/development/libc++_replacement/tmp/R11/extracted/5a/5afc91d7bf6c28f598db986dc9d005287aa4ceef6566dcc7a305ff1d4d5e8179/usr/lib64/libwayland-egl-tizen.so.1.1.1
7a61d219f000-7a61d21a0000 r-xp 00001000 08:01 26089347                   /home/toolchain/development/libc++_replacement/tmp/R11/extracted/5a/5afc91d7bf6c28f598db986dc9d005287aa4ceef6566dcc7a305ff1d4d5e8179/usr/lib64/libwayland-egl-tizen.so.1.1.1
7a61d21a0000-7a61d21a1000 r--p 00002000 08:01 26089347                   /home/toolchain/development/libc++_replacement/tmp/R11/extracted/5a/5afc91d7bf6c28f598db986dc9d005287aa4ceef6566dcc7a305ff1d4d5e8179/usr/lib64/libwayland-egl-tizen.so.1.1.1
7a61d21a1000-7a61d21a2000 r--p 00002000 08:01 26089347                   /home/toolchain/development/libc++_replacement/tmp/R11/extracted/5a/5afc91d7bf6c28f598db986dc9d005287aa4ceef6566dcc7a305ff1d4d5e8179/usr/lib64/libwayland-egl-tizen.so.1.1.1
7a61d21a2000-7a61d21a3000 rw-p 00003000 08:01 26089347                   /home/toolchain/development/libc++_replacement/tmp/R11/extracted/5a/5afc91d7bf6c28f598db986dc9d005287aa4ceef6566dcc7a305ff1d4d5e8179/usr/lib64/libwayland-egl-tizen.so.1.1.1
7a61d21a3000-7a61d21a4000 r--p 00000000 08:01 26089337                   /home/toolchain/development/libc++_replacement/tmp/R11/extracted/00/0055166e13d1118471b93865ba1b7a7f84ccae724bcdc2aef7c21f8ed77962ba/usr/lib64/libwayland-egl.so.1.23.1
7a61d21a4000-7a61d21a5000 r-xp 00001000 08:01 26089337                   /home/toolchain/development/libc++_replacement/tmp/R11/extracted/00/0055166e13d1118471b93865ba1b7a7f84ccae724bcdc2aef7c21f8ed77962ba/usr/lib64/libwayland-egl.so.1.23.1
7a61d21a5000-7a61d21a6000 r--p 00002000 08:01 26089337                   /home/toolchain/development/libc++_replacement/tmp/R11/extracted/00/0055166e13d1118471b93865ba1b7a7f84ccae724bcdc2aef7c21f8ed77962ba/usr/lib64/libwayland-egl.so.1.23.1
7a61d21a6000-7a61d21a7000 r--p 00002000 08:01 26089337                   /home/toolchain/development/libc++_replacement/tmp/R11/extracted/00/0055166e13d1118471b93865ba1b7a7f84ccae724bcdc2aef7c21f8ed77962ba/usr/lib64/libwayland-egl.so.1.23.1
7a61d21a7000-7a61d21a8000 rw-p 00003000 08:01 26089337                   /home/toolchain/development/libc++_replacement/tmp/R11/extracted/00/0055166e13d1118471b93865ba1b7a7f84ccae724bcdc2aef7c21f8ed77962ba/usr/lib64/libwayland-egl.so.1.23.1
7a61d21a8000-7a61d21ad000 r--p 00000000 08:01 26089541                   /home/toolchain/development/libc++_replacement/tmp/R11/extracted/db/db4b966802cb3915634ae7896c081666ae9deee75235ca3ede2331e542c09dab/usr/lib64/libwayland-tbm-client.so.0.0.0
7a61d21ad000-7a61d21b3000 r-xp 00005000 08:01 26089541                   /home/toolchain/development/libc++_replacement/tmp/R11/extracted/db/db4b966802cb3915634ae7896c081666ae9deee75235ca3ede2331e542c09dab/usr/lib64/libwayland-tbm-client.so.0.0.0
7a61d21b3000-7a61d21b6000 r--p 0000b000 08:01 26089541                   /home/toolchain/development/libc++_replacement/tmp/R11/extracted/db/db4b966802cb3915634ae7896c081666ae9deee75235ca3ede2331e542c09dab/usr/lib64/libwayland-tbm-client.so.0.0.0
7a61d21b6000-7a61d21b7000 r--p 0000d000 08:01 26089541                   /home/toolchain/development/libc++_replacement/tmp/R11/extracted/db/db4b966802cb3915634ae7896c081666ae9deee75235ca3ede2331e542c09dab/usr/lib64/libwayland-tbm-client.so.0.0.0
7a61d21b7000-7a61d21b8000 rw-p 0000e000 08:01 26089541                   /home/toolchain/development/libc++_replacement/tmp/R11/extracted/db/db4b966802cb3915634ae7896c081666ae9deee75235ca3ede2331e542c09dab/usr/lib64/libwayland-tbm-client.so.0.0.0
7a61d21b8000-7a61d21b9000 r--p 00000000 08:01 26089410                   /home/toolchain/development/libc++_replacement/tmp/R11/extracted/6e/6ea88a8be40d0a02d31f2d7f5b7e998e43bda209403c740d6385dc2b6b965039/usr/lib64/libtizen-launch-client.so.0.0.0
7a61d21b9000-7a61d21ba000 r-xp 00001000 08:01 26089410                   /home/toolchain/development/libc++_replacement/tmp/R11/extracted/6e/6ea88a8be40d0a02d31f2d7f5b7e998e43bda209403c740d6385dc2b6b965039/usr/lib64/libtizen-launch-client.so.0.0.0
7a61d21ba000-7a61d21bb000 r--p 00002000 08:01 26089410                   /home/toolchain/development/libc++_replacement/tmp/R11/extracted/6e/6ea88a8be40d0a02d31f2d7f5b7e998e43bda209403c740d6385dc2b6b965039/usr/lib64/libtizen-launch-client.so.0.0.0
7a61d21bb000-7a61d21bc000 r--p 00002000 08:01 26089410                   /home/toolchain/development/libc++_replacement/tmp/R11/extracted/6e/6ea88a8be40d0a02d31f2d7f5b7e998e43bda209403c740d6385dc2b6b965039/usr/lib64/libtizen-launch-client.so.0.0.0
7a61d21bc000-7a61d21bd000 rw-p 00003000 08:01 26089410                   /home/toolchain/development/libc++_replacement/tmp/R11/extracted/6e/6ea88a8be40d0a02d31f2d7f5b7e998e43bda209403c740d6385dc2b6b965039/usr/lib64/libtizen-launch-client.so.0.0.0
7a61d21bd000-7a61d21bf000 r--p 00000000 08:01 26089356                   /home/toolchain/development/libc++_replacement/tmp/R11/extracted/07/0767acbb2e3ddc092065b4cdd9936ac80b6f457cf3b2335e62a539e278c3ca69/usr/lib64/libwayland-cursor.so.0.23.1
7a61d21bf000-7a61d21c1000 r-xp 00002000 08:01 26089356                   /home/toolchain/development/libc++_replacement/tmp/R11/extracted/07/0767acbb2e3ddc092065b4cdd9936ac80b6f457cf3b2335e62a539e278c3ca69/usr/lib64/libwayland-cursor.so.0.23.1
7a61d21c1000-7a61d21c2000 r--p 00004000 08:01 26089356                   /home/toolchain/development/libc++_replacement/tmp/R11/extracted/07/0767acbb2e3ddc092065b4cdd9936ac80b6f457cf3b2335e62a539e278c3ca69/usr/lib64/libwayland-cursor.so.0.23.1
7a61d21c2000-7a61d21c3000 r--p 00004000 08:01 26089356                   /home/toolchain/development/libc++_replacement/tmp/R11/extracted/07/0767acbb2e3ddc092065b4cdd9936ac80b6f457cf3b2335e62a539e278c3ca69/usr/lib64/libwayland-cursor.so.0.23.1
7a61d21c3000-7a61d21c7000 rw-p 00005000 08:01 26089356                   /home/toolchain/development/libc++_replacement/tmp/R11/extracted/07/0767acbb2e3ddc092065b4cdd9936ac80b6f457cf3b2335e62a539e278c3ca69/usr/lib64/libwayland-cursor.so.0.23.1
7a61d21c7000-7a61d21cb000 r--p 00000000 08:01 26089881                   /home/toolchain/development/libc++_replacement/tmp/R11/extracted/f1/f1a3969d4a2882be0b61db1186a4109b8394178a1e3699d90e58cd344422a512/usr/lib64/libxkbcommon.so.0.8.0
7a61d21cb000-7a61d21e7000 r-xp 00004000 08:01 26089881                   /home/toolchain/development/libc++_replacement/tmp/R11/extracted/f1/f1a3969d4a2882be0b61db1186a4109b8394178a1e3699d90e58cd344422a512/usr/lib64/libxkbcommon.so.0.8.0
7a61d21e7000-7a61d220b000 r--p 00020000 08:01 26089881                   /home/toolchain/development/libc++_replacement/tmp/R11/extracted/f1/f1a3969d4a2882be0b61db1186a4109b8394178a1e3699d90e58cd344422a512/usr/lib64/libxkbcommon.so.0.8.0
7a61d220b000-7a61d220d000 r--p 00043000 08:01 26089881                   /home/toolchain/development/libc++_replacement/tmp/R11/extracted/f1/f1a3969d4a2882be0b61db1186a4109b8394178a1e3699d90e58cd344422a512/usr/lib64/libxkbcommon.so.0.8.0
7a61d220d000-7a61d220e000 rw-p 00045000 08:01 26089881                   /home/toolchain/development/libc++_replacement/tmp/R11/extracted/f1/f1a3969d4a2882be0b61db1186a4109b8394178a1e3699d90e58cd344422a512/usr/lib64/libxkbcommon.so.0.8.0
7a61d220e000-7a61d220f000 r--p 00000000 08:01 26227807                   /home/toolchain/development/libc++_replacement/tmp/R11/extracted/4d/4da228978d81e4c19db3bf7269345aa354ab29a9666465bb5ba3dd3ad3b1eae1/usr/lib64/libttrace.so.1.1.0
7a61d220f000-7a61d2211000 r-xp 00001000 08:01 26227807                   /home/toolchain/development/libc++_replacement/tmp/R11/extracted/4d/4da228978d81e4c19db3bf7269345aa354ab29a9666465bb5ba3dd3ad3b1eae1/usr/lib64/libttrace.so.1.1.0
7a61d2211000-7a61d2212000 r--p 00003000 08:01 26227807                   /home/toolchain/development/libc++_replacement/tmp/R11/extracted/4d/4da228978d81e4c19db3bf7269345aa354ab29a9666465bb5ba3dd3ad3b1eae1/usr/lib64/libttrace.so.1.1.0
7a61d2212000-7a61d2213000 r--p 00003000 08:01 26227807                   /home/toolchain/development/libc++_replacement/tmp/R11/extracted/4d/4da228978d81e4c19db3bf7269345aa354ab29a9666465bb5ba3dd3ad3b1eae1/usr/lib64/libttrace.so.1.1.0
7a61d2213000-7a61d2214000 rw-p 00004000 08:01 26227807                   /home/toolchain/development/libc++_replacement/tmp/R11/extracted/4d/4da228978d81e4c19db3bf7269345aa354ab29a9666465bb5ba3dd3ad3b1eae1/usr/lib64/libttrace.so.1.1.0
7a61d2214000-7a61d2227000 r--p 00000000 08:01 15782067                   /home/toolchain/development/libc++_replacement/tmp/R11/extracted/ea/ea57516154dcd8e5d53d3897197ea0f18eec700fd0ce8dbb05d799aabb4bbd5b/usr/lib64/hal/libhal-api-device.so.1.0.0
7a61d2227000-7a61d2269000 r-xp 00013000 08:01 15782067                   /home/toolchain/development/libc++_replacement/tmp/R11/extracted/ea/ea57516154dcd8e5d53d3897197ea0f18eec700fd0ce8dbb05d799aabb4bbd5b/usr/lib64/hal/libhal-api-device.so.1.0.0
7a61d2269000-7a61d2285000 r--p 00055000 08:01 15782067                   /home/toolchain/development/libc++_replacement/tmp/R11/extracted/ea/ea57516154dcd8e5d53d3897197ea0f18eec700fd0ce8dbb05d799aabb4bbd5b/usr/lib64/hal/libhal-api-device.so.1.0.0
7a61d2285000-7a61d2286000 r--p 00070000 08:01 15782067                   /home/toolchain/development/libc++_replacement/tmp/R11/extracted/ea/ea57516154dcd8e5d53d3897197ea0f18eec700fd0ce8dbb05d799aabb4bbd5b/usr/lib64/hal/libhal-api-device.so.1.0.0
7a61d2286000-7a61d2287000 rw-p 00071000 08:01 15782067                   /home/toolchain/development/libc++_replacement/tmp/R11/extracted/ea/ea57516154dcd8e5d53d3897197ea0f18eec700fd0ce8dbb05d799aabb4bbd5b/usr/lib64/hal/libhal-api-device.so.1.0.0
7a61d2287000-7a61d2288000 rw-p 00000000 00:00 0 
7a61d2288000-7a61d228f000 r--p 00000000 08:01 26088225                   /home/toolchain/development/libc++_replacement/tmp/R11/extracted/5b/5b6a63edf2d1d5c73e3ac3802e77f987f657f1d5b43e93bccdc78d42e2084c43/usr/lib64/libsyscommon.so.5.0.0
7a61d228f000-7a61d2299000 r-xp 00007000 08:01 26088225                   /home/toolchain/development/libc++_replacement/tmp/R11/extracted/5b/5b6a63edf2d1d5c73e3ac3802e77f987f657f1d5b43e93bccdc78d42e2084c43/usr/lib64/libsyscommon.so.5.0.0
7a61d2299000-7a61d229d000 r--p 00011000 08:01 26088225                   /home/toolchain/development/libc++_replacement/tmp/R11/extracted/5b/5b6a63edf2d1d5c73e3ac3802e77f987f657f1d5b43e93bccdc78d42e2084c43/usr/lib64/libsyscommon.so.5.0.0
7a61d229d000-7a61d229e000 r--p 00014000 08:01 26088225                   /home/toolchain/development/libc++_replacement/tmp/R11/extracted/5b/5b6a63edf2d1d5c73e3ac3802e77f987f657f1d5b43e93bccdc78d42e2084c43/usr/lib64/libsyscommon.so.5.0.0
7a61d229e000-7a61d229f000 rw-p 00015000 08:01 26088225                   /home/toolchain/development/libc++_replacement/tmp/R11/extracted/5b/5b6a63edf2d1d5c73e3ac3802e77f987f657f1d5b43e93bccdc78d42e2084c43/usr/lib64/libsyscommon.so.5.0.0
7a61d229f000-7a61d22a0000 r--p 00000000 08:01 26088873                   /home/toolchain/development/libc++_replacement/tmp/R11/extracted/b8/b876fdb43f1f468c3de83a7d85402bc79395f131a169419e0cf3722fa02be367/usr/lib64/libtracker.so.1.0.1
7a61d22a0000-7a61d22a1000 r-xp 00001000 08:01 26088873                   /home/toolchain/development/libc++_replacement/tmp/R11/extracted/b8/b876fdb43f1f468c3de83a7d85402bc79395f131a169419e0cf3722fa02be367/usr/lib64/libtracker.so.1.0.1
7a61d22a1000-7a61d22a2000 r--p 00002000 08:01 26088873                   /home/toolchain/development/libc++_replacement/tmp/R11/extracted/b8/b876fdb43f1f468c3de83a7d85402bc79395f131a169419e0cf3722fa02be367/usr/lib64/libtracker.so.1.0.1
7a61d22a2000-7a61d22a3000 r--p 00002000 08:01 26088873                   /home/toolchain/development/libc++_replacement/tmp/R11/extracted/b8/b876fdb43f1f468c3de83a7d85402bc79395f131a169419e0cf3722fa02be367/usr/lib64/libtracker.so.1.0.1
7a61d22a3000-7a61d22a4000 rw-p 00003000 08:01 26088873                   /home/toolchain/development/libc++_replacement/tmp/R11/extracted/b8/b876fdb43f1f468c3de83a7d85402bc79395f131a169419e0cf3722fa02be367/usr/lib64/libtracker.so.1.0.1
7a61d22a4000-7a61d22a8000 r--p 00000000 08:01 26116416                   /home/toolchain/development/libc++_replacement/tmp/R11/extracted/86/86d9a9206d74a6e1dd48c0a316f39151012ac7a427cd8f40c3e0e300d67b5f3a/usr/lib64/libparcel.so.0.18.15
7a61d22a8000-7a61d22ab000 r-xp 00004000 08:01 26116416                   /home/toolchain/development/libc++_replacement/tmp/R11/extracted/86/86d9a9206d74a6e1dd48c0a316f39151012ac7a427cd8f40c3e0e300d67b5f3a/usr/lib64/libparcel.so.0.18.15
7a61d22ab000-7a61d22ad000 r--p 00007000 08:01 26116416                   /home/toolchain/development/libc++_replacement/tmp/R11/extracted/86/86d9a9206d74a6e1dd48c0a316f39151012ac7a427cd8f40c3e0e300d67b5f3a/usr/lib64/libparcel.so.0.18.15
7a61d22ad000-7a61d22ae000 r--p 00008000 08:01 26116416                   /home/toolchain/development/libc++_replacement/tmp/R11/extracted/86/86d9a9206d74a6e1dd48c0a316f39151012ac7a427cd8f40c3e0e300d67b5f3a/usr/lib64/libparcel.so.0.18.15
7a61d22ae000-7a61d22af000 rw-p 00009000 08:01 26116416                   /home/toolchain/development/libc++_replacement/tmp/R11/extracted/86/86d9a9206d74a6e1dd48c0a316f39151012ac7a427cd8f40c3e0e300d67b5f3a/usr/lib64/libparcel.so.0.18.15
7a61d22af000-7a61d22b0000 r--p 00000000 08:01 26084017                   /home/toolchain/development/libc++_replacement/tmp/R11/extracted/ab/abe64de1eaaa918ce34acbaf53c36fb29ea71258354282c23d2701519ba512f3/usr/lib64/libcynara-uid.so.0.26.0
7a61d22b0000-7a61d22b1000 r-xp 00001000 08:01 26084017                   /home/toolchain/development/libc++_replacement/tmp/R11/extracted/ab/abe64de1eaaa918ce34acbaf53c36fb29ea71258354282c23d2701519ba512f3/usr/lib64/libcynara-uid.so.0.26.0
7a61d22b1000-7a61d22b2000 r--p 00002000 08:01 26084017                   /home/toolchain/development/libc++_replacement/tmp/R11/extracted/ab/abe64de1eaaa918ce34acbaf53c36fb29ea71258354282c23d2701519ba512f3/usr/lib64/libcynara-uid.so.0.26.0
7a61d22b2000-7a61d22b3000 r--p 00002000 08:01 26084017                   /home/toolchain/development/libc++_replacement/tmp/R11/extracted/ab/abe64de1eaaa918ce34acbaf53c36fb29ea71258354282c23d2701519ba512f3/usr/lib64/libcynara-uid.so.0.26.0
7a61d22b3000-7a61d22b4000 rw-p 00003000 08:01 26084017                   /home/toolchain/development/libc++_replacement/tmp/R11/extracted/ab/abe64de1eaaa918ce34acbaf53c36fb29ea71258354282c23d2701519ba512f3/usr/lib64/libcynara-uid.so.0.26.0
7a61d22b4000-7a61d22b5000 r--p 00000000 08:01 25823764                   /home/toolchain/development/libc++_replacement/tmp/R11/extracted/a8/a82c4e40bb6224028e1f89107c4f86d1f45c2412a883d1146a0103833af32fd6/usr/lib64/libcapi-system-resource.so.1.0.0
7a61d22b5000-7a61d22b6000 r-xp 00001000 08:01 25823764                   /home/toolchain/development/libc++_replacement/tmp/R11/extracted/a8/a82c4e40bb6224028e1f89107c4f86d1f45c2412a883d1146a0103833af32fd6/usr/lib64/libcapi-system-resource.so.1.0.0
7a61d22b6000-7a61d22b7000 r--p 00002000 08:01 25823764                   /home/toolchain/development/libc++_replacement/tmp/R11/extracted/a8/a82c4e40bb6224028e1f89107c4f86d1f45c2412a883d1146a0103833af32fd6/usr/lib64/libcapi-system-resource.so.1.0.0
7a61d22b7000-7a61d22b8000 r--p 00002000 08:01 25823764                   /home/toolchain/development/libc++_replacement/tmp/R11/extracted/a8/a82c4e40bb6224028e1f89107c4f86d1f45c2412a883d1146a0103833af32fd6/usr/lib64/libcapi-system-resource.so.1.0.0
7a61d22b8000-7a61d22b9000 rw-p 00003000 08:01 25823764                   /home/toolchain/development/libc++_replacement/tmp/R11/extracted/a8/a82c4e40bb6224028e1f89107c4f86d1f45c2412a883d1146a0103833af32fd6/usr/lib64/libcapi-system-resource.so.1.0.0
7a61d22b9000-7a61d22bc000 r--p 00000000 08:01 15519039                   /home/toolchain/development/libc++_replacement/tmp/R11/extracted/7d/7d250dd65fbe312b3f97881b937acac106630317fb8241377730e8f864df8590/usr/lib64/libpcre2-8.so.0.15.0
7a61d22bc000-7a61d2321000 r-xp 00003000 08:01 15519039                   /home/toolchain/development/libc++_replacement/tmp/R11/extracted/7d/7d250dd65fbe312b3f97881b937acac106630317fb8241377730e8f864df8590/usr/lib64/libpcre2-8.so.0.15.0
7a61d2321000-7a61d234c000 r--p 00068000 08:01 15519039                   /home/toolchain/development/libc++_replacement/tmp/R11/extracted/7d/7d250dd65fbe312b3f97881b937acac106630317fb8241377730e8f864df8590/usr/lib64/libpcre2-8.so.0.15.0
7a61d234c000-7a61d234d000 r--p 00092000 08:01 15519039                   /home/toolchain/development/libc++_replacement/tmp/R11/extracted/7d/7d250dd65fbe312b3f97881b937acac106630317fb8241377730e8f864df8590/usr/lib64/libpcre2-8.so.0.15.0
7a61d234d000-7a61d234e000 rw-p 00093000 08:01 15519039                   /home/toolchain/development/libc++_replacement/tmp/R11/extracted/7d/7d250dd65fbe312b3f97881b937acac106630317fb8241377730e8f864df8590/usr/lib64/libpcre2-8.so.0.15.0
7a61d234e000-7a61d235b000 r--p 00000000 08:01 26119151                   /home/toolchain/development/libc++_replacement/tmp/R11/extracted/32/32f8a5d949493eb83b9ecc4d8870197d9cfe218cec9f52a6b8da7ebc2508aad1/usr/lib64/libpkgmgr-client.so.0.23.1
7a61d235b000-7a61d2380000 r-xp 0000d000 08:01 26119151                   /home/toolchain/development/libc++_replacement/tmp/R11/extracted/32/32f8a5d949493eb83b9ecc4d8870197d9cfe218cec9f52a6b8da7ebc2508aad1/usr/lib64/libpkgmgr-client.so.0.23.1
7a61d2380000-7a61d238e000 r--p 00032000 08:01 26119151                   /home/toolchain/development/libc++_replacement/tmp/R11/extracted/32/32f8a5d949493eb83b9ecc4d8870197d9cfe218cec9f52a6b8da7ebc2508aad1/usr/lib64/libpkgmgr-client.so.0.23.1
7a61d238e000-7a61d238f000 r--p 00040000 08:01 26119151                   /home/toolchain/development/libc++_replacement/tmp/R11/extracted/32/32f8a5d949493eb83b9ecc4d8870197d9cfe218cec9f52a6b8da7ebc2508aad1/usr/lib64/libpkgmgr-client.so.0.23.1
7a61d238f000-7a61d2390000 rw-p 00041000 08:01 26119151                   /home/toolchain/development/libc++_replacement/tmp/R11/extracted/32/32f8a5d949493eb83b9ecc4d8870197d9cfe218cec9f52a6b8da7ebc2508aad1/usr/lib64/libpkgmgr-client.so.0.23.1
7a61d2390000-7a61d2391000 r--p 00000000 08:01 23624262                   /home/toolchain/development/libc++_replacement/tmp/R11/extracted/ff/ff59991b5cf650e0726c6f54af329bf9fbe7fd36f9f7c42dda22ca9742225e79/usr/lib64/libsharpyuv.so.0.1.0
7a61d2391000-7a61d2396000 r-xp 00001000 08:01 23624262                   /home/toolchain/development/libc++_replacement/tmp/R11/extracted/ff/ff59991b5cf650e0726c6f54af329bf9fbe7fd36f9f7c42dda22ca9742225e79/usr/lib64/libsharpyuv.so.0.1.0
7a61d2396000-7a61d2397000 r--p 00006000 08:01 23624262                   /home/toolchain/development/libc++_replacement/tmp/R11/extracted/ff/ff59991b5cf650e0726c6f54af329bf9fbe7fd36f9f7c42dda22ca9742225e79/usr/lib64/libsharpyuv.so.0.1.0
7a61d2397000-7a61d2398000 r--p 00006000 08:01 23624262                   /home/toolchain/development/libc++_replacement/tmp/R11/extracted/ff/ff59991b5cf650e0726c6f54af329bf9fbe7fd36f9f7c42dda22ca9742225e79/usr/lib64/libsharpyuv.so.0.1.0
7a61d2398000-7a61d2399000 rw-p 00007000 08:01 23624262                   /home/toolchain/development/libc++_replacement/tmp/R11/extracted/ff/ff59991b5cf650e0726c6f54af329bf9fbe7fd36f9f7c42dda22ca9742225e79/usr/lib64/libsharpyuv.so.0.1.0
7a61d2399000-7a61d239a000 rw-p 00000000 00:00 0 
7a61d239a000-7a61d239b000 r--p 00000000 08:01 26005200                   /home/toolchain/development/libc++_replacement/tmp/R11/extracted/9b/9b1b05c9f8128ab3b94caeec9a690f5aa7601a187ad3e19597fe69eb5fd16ed4/usr/lib64/libbrotlicommon.so.1.1.0
7a61d239b000-7a61d239c000 r-xp 00001000 08:01 26005200                   /home/toolchain/development/libc++_replacement/tmp/R11/extracted/9b/9b1b05c9f8128ab3b94caeec9a690f5aa7601a187ad3e19597fe69eb5fd16ed4/usr/lib64/libbrotlicommon.so.1.1.0
7a61d239c000-7a61d23bb000 r--p 00002000 08:01 26005200                   /home/toolchain/development/libc++_replacement/tmp/R11/extracted/9b/9b1b05c9f8128ab3b94caeec9a690f5aa7601a187ad3e19597fe69eb5fd16ed4/usr/lib64/libbrotlicommon.so.1.1.0
7a61d23bb000-7a61d23bc000 r--p 00021000 08:01 26005200                   /home/toolchain/development/libc++_replacement/tmp/R11/extracted/9b/9b1b05c9f8128ab3b94caeec9a690f5aa7601a187ad3e19597fe69eb5fd16ed4/usr/lib64/libbrotlicommon.so.1.1.0
7a61d23bc000-7a61d23bd000 rw-p 00022000 08:01 26005200                   /home/toolchain/development/libc++_replacement/tmp/R11/extracted/9b/9b1b05c9f8128ab3b94caeec9a690f5aa7601a187ad3e19597fe69eb5fd16ed4/usr/lib64/libbrotlicommon.so.1.1.0
7a61d23bd000-7a61d23ce000 r--p 00000000 08:01 26088451                   /home/toolchain/development/libc++_replacement/tmp/R11/extracted/3b/3b0aaa783ede91ab165509b8c3b0c749099cd0c919cb5183731feae59edc3c57/usr/lib64/libsystemd.so.0.27.1
7a61d23ce000-7a61d243c000 r-xp 00011000 08:01 26088451                   /home/toolchain/development/libc++_replacement/tmp/R11/extracted/3b/3b0aaa783ede91ab165509b8c3b0c749099cd0c919cb5183731feae59edc3c57/usr/lib64/libsystemd.so.0.27.1
7a61d243c000-7a61d2478000 r--p 0007f000 08:01 26088451                   /home/toolchain/development/libc++_replacement/tmp/R11/extracted/3b/3b0aaa783ede91ab165509b8c3b0c749099cd0c919cb5183731feae59edc3c57/usr/lib64/libsystemd.so.0.27.1
7a61d2478000-7a61d247c000 r--p 000ba000 08:01 26088451                   /home/toolchain/development/libc++_replacement/tmp/R11/extracted/3b/3b0aaa783ede91ab165509b8c3b0c749099cd0c919cb5183731feae59edc3c57/usr/lib64/libsystemd.so.0.27.1
7a61d247c000-7a61d247d000 rw-p 000be000 08:01 26088451                   /home/toolchain/development/libc++_replacement/tmp/R11/extracted/3b/3b0aaa783ede91ab165509b8c3b0c749099cd0c919cb5183731feae59edc3c57/usr/lib64/libsystemd.so.0.27.1
7a61d247d000-7a61d247e000 rw-p 00000000 00:00 0 
7a61d247e000-7a61d2488000 r--p 00000000 08:01 26119114                   /home/toolchain/development/libc++_replacement/tmp/R11/extracted/27/27ec88e1ca62912814cec5fd69802fced7542855d9f811b38194c0aed74c7fb4/usr/lib64/libpixman-1.so.0.38.4
7a61d2488000-7a61d24fa000 r-xp 0000a000 08:01 26119114                   /home/toolchain/development/libc++_replacement/tmp/R11/extracted/27/27ec88e1ca62912814cec5fd69802fced7542855d9f811b38194c0aed74c7fb4/usr/lib64/libpixman-1.so.0.38.4
7a61d24fa000-7a61d2508000 r--p 0007c000 08:01 26119114                   /home/toolchain/development/libc++_replacement/tmp/R11/extracted/27/27ec88e1ca62912814cec5fd69802fced7542855d9f811b38194c0aed74c7fb4/usr/lib64/libpixman-1.so.0.38.4
7a61d2508000-7a61d2510000 r--p 00089000 08:01 26119114                   /home/toolchain/development/libc++_replacement/tmp/R11/extracted/27/27ec88e1ca62912814cec5fd69802fced7542855d9f811b38194c0aed74c7fb4/usr/lib64/libpixman-1.so.0.38.4
7a61d2510000-7a61d2511000 rw-p 00091000 08:01 26119114                   /home/toolchain/development/libc++_replacement/tmp/R11/extracted/27/27ec88e1ca62912814cec5fd69802fced7542855d9f811b38194c0aed74c7fb4/usr/lib64/libpixman-1.so.0.38.4
7a61d2511000-7a61d2518000 r--p 00000000 08:01 26089526                   /home/toolchain/development/libc++_replacement/tmp/R11/extracted/fb/fb3083a3f30a8f2d170dd0973ba315b8405542acf7eca67e2e509d0312e63872/usr/lib64/libwayland-server.so.0.23.1
7a61d2518000-7a61d2520000 r-xp 00007000 08:01 26089526                   /home/toolchain/development/libc++_replacement/tmp/R11/extracted/fb/fb3083a3f30a8f2d170dd0973ba315b8405542acf7eca67e2e509d0312e63872/usr/lib64/libwayland-server.so.0.23.1
7a61d2520000-7a61d2525000 r--p 0000f000 08:01 26089526                   /home/toolchain/development/libc++_replacement/tmp/R11/extracted/fb/fb3083a3f30a8f2d170dd0973ba315b8405542acf7eca67e2e509d0312e63872/usr/lib64/libwayland-server.so.0.23.1
7a61d2525000-7a61d2527000 r--p 00013000 08:01 26089526                   /home/toolchain/development/libc++_replacement/tmp/R11/extracted/fb/fb3083a3f30a8f2d170dd0973ba315b8405542acf7eca67e2e509d0312e63872/usr/lib64/libwayland-server.so.0.23.1
7a61d2527000-7a61d2528000 rw-p 00015000 08:01 26089526                   /home/toolchain/development/libc++_replacement/tmp/R11/extracted/fb/fb3083a3f30a8f2d170dd0973ba315b8405542acf7eca67e2e509d0312e63872/usr/lib64/libwayland-server.so.0.23.1
7a61d2528000-7a61d252d000 r--p 00000000 08:01 23620893                   /home/toolchain/development/libc++_replacement/tmp/R11/extracted/27/27790395513c771a19fc9313c1b659aedfb932af999bbfa6acb65505290811fd/usr/lib64/libdrm.so.2.131.0
7a61d252d000-7a61d2536000 r-xp 00005000 08:01 23620893                   /home/toolchain/development/libc++_replacement/tmp/R11/extracted/27/27790395513c771a19fc9313c1b659aedfb932af999bbfa6acb65505290811fd/usr/lib64/libdrm.so.2.131.0
7a61d2536000-7a61d253a000 r--p 0000e000 08:01 23620893                   /home/toolchain/development/libc++_replacement/tmp/R11/extracted/27/27790395513c771a19fc9313c1b659aedfb932af999bbfa6acb65505290811fd/usr/lib64/libdrm.so.2.131.0
7a61d253a000-7a61d253b000 r--p 00012000 08:01 23620893                   /home/toolchain/development/libc++_replacement/tmp/R11/extracted/27/27790395513c771a19fc9313c1b659aedfb932af999bbfa6acb65505290811fd/usr/lib64/libdrm.so.2.131.0
7a61d253b000-7a61d253c000 rw-p 00013000 08:01 23620893                   /home/toolchain/development/libc++_replacement/tmp/R11/extracted/27/27790395513c771a19fc9313c1b659aedfb932af999bbfa6acb65505290811fd/usr/lib64/libdrm.so.2.131.0
7a61d253c000-7a61d253e000 r--p 00000000 08:01 25977975                   /home/toolchain/development/libc++_replacement/tmp/R11/extracted/a8/a8819aea63da55c4f0c49599f1947c129924372a67347c7bbf3dbf647a33ec09/usr/lib64/hal/libhal-api-tbm.so.1.1
7a61d253e000-7a61d2541000 r-xp 00002000 08:01 25977975                   /home/toolchain/development/libc++_replacement/tmp/R11/extracted/a8/a8819aea63da55c4f0c49599f1947c129924372a67347c7bbf3dbf647a33ec09/usr/lib64/hal/libhal-api-tbm.so.1.1
7a61d2541000-7a61d2542000 r--p 00005000 08:01 25977975                   /home/toolchain/development/libc++_replacement/tmp/R11/extracted/a8/a8819aea63da55c4f0c49599f1947c129924372a67347c7bbf3dbf647a33ec09/usr/lib64/hal/libhal-api-tbm.so.1.1
7a61d2542000-7a61d2543000 r--p 00005000 08:01 25977975                   /home/toolchain/development/libc++_replacement/tmp/R11/extracted/a8/a8819aea63da55c4f0c49599f1947c129924372a67347c7bbf3dbf647a33ec09/usr/lib64/hal/libhal-api-tbm.so.1.1
7a61d2543000-7a61d2544000 rw-p 00006000 08:01 25977975                   /home/toolchain/development/libc++_replacement/tmp/R11/extracted/a8/a8819aea63da55c4f0c49599f1947c129924372a67347c7bbf3dbf647a33ec09/usr/lib64/hal/libhal-api-tbm.so.1.1
7a61d2544000-7a61d2545000 r--p 00000000 08:01 26086361                   /home/toolchain/development/libc++_replacement/tmp/R11/extracted/54/54cd3d5fbbf2c43d1181e14b984e9bf87fd8f50975da2a32c526bf7b99d5c317/usr/lib64/libmmfdisplay_interface.so.0.0.0
7a61d2545000-7a61d2547000 r-xp 00001000 08:01 26086361                   /home/toolchain/development/libc++_replacement/tmp/R11/extracted/54/54cd3d5fbbf2c43d1181e14b984e9bf87fd8f50975da2a32c526bf7b99d5c317/usr/lib64/libmmfdisplay_interface.so.0.0.0
7a61d2547000-7a61d2548000 r--p 00003000 08:01 26086361                   /home/toolchain/development/libc++_replacement/tmp/R11/extracted/54/54cd3d5fbbf2c43d1181e14b984e9bf87fd8f50975da2a32c526bf7b99d5c317/usr/lib64/libmmfdisplay_interface.so.0.0.0
7a61d2548000-7a61d2549000 r--p 00003000 08:01 26086361                   /home/toolchain/development/libc++_replacement/tmp/R11/extracted/54/54cd3d5fbbf2c43d1181e14b984e9bf87fd8f50975da2a32c526bf7b99d5c317/usr/lib64/libmmfdisplay_interface.so.0.0.0
7a61d2549000-7a61d254a000 rw-p 00004000 08:01 26086361                   /home/toolchain/development/libc++_replacement/tmp/R11/extracted/54/54cd3d5fbbf2c43d1181e14b984e9bf87fd8f50975da2a32c526bf7b99d5c317/usr/lib64/libmmfdisplay_interface.so.0.0.0
7a61d254a000-7a61d254d000 r--p 00000000 08:01 26092018                   /home/toolchain/development/libc++_replacement/tmp/R11/extracted/81/810168d4f73fa589e05aeee81dc54450cbf957f7fc51c0cb5b4830a6024aa4b5/usr/lib64/libmuse-core.so.0.5.1
7a61d254d000-7a61d2551000 r-xp 00003000 08:01 26092018                   /home/toolchain/development/libc++_replacement/tmp/R11/extracted/81/810168d4f73fa589e05aeee81dc54450cbf957f7fc51c0cb5b4830a6024aa4b5/usr/lib64/libmuse-core.so.0.5.1
7a61d2551000-7a61d2553000 r--p 00007000 08:01 26092018                   /home/toolchain/development/libc++_replacement/tmp/R11/extracted/81/810168d4f73fa589e05aeee81dc54450cbf957f7fc51c0cb5b4830a6024aa4b5/usr/lib64/libmuse-core.so.0.5.1
7a61d2553000-7a61d2554000 r--p 00008000 08:01 26092018                   /home/toolchain/development/libc++_replacement/tmp/R11/extracted/81/810168d4f73fa589e05aeee81dc54450cbf957f7fc51c0cb5b4830a6024aa4b5/usr/lib64/libmuse-core.so.0.5.1
7a61d2554000-7a61d2555000 rw-p 00009000 08:01 26092018                   /home/toolchain/development/libc++_replacement/tmp/R11/extracted/81/810168d4f73fa589e05aeee81dc54450cbf957f7fc51c0cb5b4830a6024aa4b5/usr/lib64/libmuse-core.so.0.5.1
7a61d2555000-7a61d2557000 r--p 00000000 08:01 26092016                   /home/toolchain/development/libc++_replacement/tmp/R11/extracted/81/810168d4f73fa589e05aeee81dc54450cbf957f7fc51c0cb5b4830a6024aa4b5/usr/lib64/libmuse-client.so.0.5.1
7a61d2557000-7a61d2558000 r-xp 00002000 08:01 26092016                   /home/toolchain/development/libc++_replacement/tmp/R11/extracted/81/810168d4f73fa589e05aeee81dc54450cbf957f7fc51c0cb5b4830a6024aa4b5/usr/lib64/libmuse-client.so.0.5.1
7a61d2558000-7a61d2559000 r--p 00003000 08:01 26092016                   /home/toolchain/development/libc++_replacement/tmp/R11/extracted/81/810168d4f73fa589e05aeee81dc54450cbf957f7fc51c0cb5b4830a6024aa4b5/usr/lib64/libmuse-client.so.0.5.1
7a61d2559000-7a61d255a000 r--p 00003000 08:01 26092016                   /home/toolchain/development/libc++_replacement/tmp/R11/extracted/81/810168d4f73fa589e05aeee81dc54450cbf957f7fc51c0cb5b4830a6024aa4b5/usr/lib64/libmuse-client.so.0.5.1
7a61d255a000-7a61d255b000 rw-p 00004000 08:01 26092016                   /home/toolchain/development/libc++_replacement/tmp/R11/extracted/81/810168d4f73fa589e05aeee81dc54450cbf957f7fc51c0cb5b4830a6024aa4b5/usr/lib64/libmuse-client.so.0.5.1
7a61d255b000-7a61d2598000 r--p 00000000 08:01 26085380                   /home/toolchain/development/libc++_replacement/tmp/R11/extracted/e9/e940e836ede47e0ddf93cf6964e9ecf1f0b4ce7c35fa42fa15644c6cabac385d/usr/lib64/libgio-2.0.so.0.8000.5
7a61d2598000-7a61d2687000 r-xp 0003d000 08:01 26085380                   /home/toolchain/development/libc++_replacement/tmp/R11/extracted/e9/e940e836ede47e0ddf93cf6964e9ecf1f0b4ce7c35fa42fa15644c6cabac385d/usr/lib64/libgio-2.0.so.0.8000.5
7a61d2687000-7a61d26fa000 r--p 0012c000 08:01 26085380                   /home/toolchain/development/libc++_replacement/tmp/R11/extracted/e9/e940e836ede47e0ddf93cf6964e9ecf1f0b4ce7c35fa42fa15644c6cabac385d/usr/lib64/libgio-2.0.so.0.8000.5
7a61d26fa000-7a61d2701000 r--p 0019f000 08:01 26085380                   /home/toolchain/development/libc++_replacement/tmp/R11/extracted/e9/e940e836ede47e0ddf93cf6964e9ecf1f0b4ce7c35fa42fa15644c6cabac385d/usr/lib64/libgio-2.0.so.0.8000.5
7a61d2701000-7a61d2704000 rw-p 001a6000 08:01 26085380                   /home/toolchain/development/libc++_replacement/tmp/R11/extracted/e9/e940e836ede47e0ddf93cf6964e9ecf1f0b4ce7c35fa42fa15644c6cabac385d/usr/lib64/libgio-2.0.so.0.8000.5
7a61d2704000-7a61d2705000 rw-p 00000000 00:00 0 
7a61d2705000-7a61d2708000 r--p 00000000 08:01 25821235                   /home/toolchain/development/libc++_replacement/tmp/R11/extracted/1e/1eaf1a7cdd2450d7f7700221f3735cb6d7872050657f731a8fe3a9915b225563/usr/lib64/libbuxton2.so.1.9.14
7a61d2708000-7a61d2710000 r-xp 00003000 08:01 25821235                   /home/toolchain/development/libc++_replacement/tmp/R11/extracted/1e/1eaf1a7cdd2450d7f7700221f3735cb6d7872050657f731a8fe3a9915b225563/usr/lib64/libbuxton2.so.1.9.14
7a61d2710000-7a61d2713000 r--p 0000b000 08:01 25821235                   /home/toolchain/development/libc++_replacement/tmp/R11/extracted/1e/1eaf1a7cdd2450d7f7700221f3735cb6d7872050657f731a8fe3a9915b225563/usr/lib64/libbuxton2.so.1.9.14
7a61d2713000-7a61d2714000 r--p 0000d000 08:01 25821235                   /home/toolchain/development/libc++_replacement/tmp/R11/extracted/1e/1eaf1a7cdd2450d7f7700221f3735cb6d7872050657f731a8fe3a9915b225563/usr/lib64/libbuxton2.so.1.9.14
7a61d2714000-7a61d2715000 rw-p 0000e000 08:01 25821235                   /home/toolchain/development/libc++_replacement/tmp/R11/extracted/1e/1eaf1a7cdd2450d7f7700221f3735cb6d7872050657f731a8fe3a9915b225563/usr/lib64/libbuxton2.so.1.9.14
7a61d2715000-7a61d271d000 r--p 00000000 08:01 25839020                   /home/toolchain/development/libc++_replacement/tmp/R11/extracted/4a/4a4b557807fc34798ad0cd03cbf25933efbbd20adbbd8a5e1b38326251eef356/usr/lib64/libeio.so.1.25.1
7a61d271d000-7a61d272d000 r-xp 00008000 08:01 25839020                   /home/toolchain/development/libc++_replacement/tmp/R11/extracted/4a/4a4b557807fc34798ad0cd03cbf25933efbbd20adbbd8a5e1b38326251eef356/usr/lib64/libeio.so.1.25.1
7a61d272d000-7a61d2733000 r--p 00018000 08:01 25839020                   /home/toolchain/development/libc++_replacement/tmp/R11/extracted/4a/4a4b557807fc34798ad0cd03cbf25933efbbd20adbbd8a5e1b38326251eef356/usr/lib64/libeio.so.1.25.1
7a61d2733000-7a61d2734000 r--p 0001d000 08:01 25839020                   /home/toolchain/development/libc++_replacement/tmp/R11/extracted/4a/4a4b557807fc34798ad0cd03cbf25933efbbd20adbbd8a5e1b38326251eef356/usr/lib64/libeio.so.1.25.1
7a61d2734000-7a61d2735000 rw-p 0001e000 08:01 25839020                   /home/toolchain/development/libc++_replacement/tmp/R11/extracted/4a/4a4b557807fc34798ad0cd03cbf25933efbbd20adbbd8a5e1b38326251eef356/usr/lib64/libeio.so.1.25.1
7a61d2735000-7a61d273c000 r--p 00000000 08:01 25841991                   /home/toolchain/development/libc++_replacement/tmp/R11/extracted/85/8593668a2047d3875440ac697a9504b995034fbbf6617f9ac8baf46212921460/usr/lib64/libemotion.so.1.25.1
7a61d273c000-7a61d2746000 r-xp 00007000 08:01 25841991                   /home/toolchain/development/libc++_replacement/tmp/R11/extracted/85/8593668a2047d3875440ac697a9504b995034fbbf6617f9ac8baf46212921460/usr/lib64/libemotion.so.1.25.1
7a61d2746000-7a61d274c000 r--p 00011000 08:01 25841991                   /home/toolchain/development/libc++_replacement/tmp/R11/extracted/85/8593668a2047d3875440ac697a9504b995034fbbf6617f9ac8baf46212921460/usr/lib64/libemotion.so.1.25.1
7a61d274c000-7a61d274d000 r--p 00017000 08:01 25841991                   /home/toolchain/development/libc++_replacement/tmp/R11/extracted/85/8593668a2047d3875440ac697a9504b995034fbbf6617f9ac8baf46212921460/usr/lib64/libemotion.so.1.25.1
7a61d274d000-7a61d274e000 rw-p 00018000 08:01 25841991                   /home/toolchain/development/libc++_replacement/tmp/R11/extracted/85/8593668a2047d3875440ac697a9504b995034fbbf6617f9ac8baf46212921460/usr/lib64/libemotion.so.1.25.1
7a61d274e000-7a61d2751000 r--p 00000000 08:01 25869257                   /home/toolchain/development/libc++_replacement/tmp/R11/extracted/41/416d01db4ad75a8a452cfe82485dd4a95b731df556354dc1373b5c5653af4be8/usr/lib64/libethumb_client.so.1.25.1
7a61d2751000-7a61d2755000 r-xp 00003000 08:01 25869257                   /home/toolchain/development/libc++_replacement/tmp/R11/extracted/41/416d01db4ad75a8a452cfe82485dd4a95b731df556354dc1373b5c5653af4be8/usr/lib64/libethumb_client.so.1.25.1
7a61d2755000-7a61d2757000 r--p 00007000 08:01 25869257                   /home/toolchain/development/libc++_replacement/tmp/R11/extracted/41/416d01db4ad75a8a452cfe82485dd4a95b731df556354dc1373b5c5653af4be8/usr/lib64/libethumb_client.so.1.25.1
7a61d2757000-7a61d2758000 r--p 00008000 08:01 25869257                   /home/toolchain/development/libc++_replacement/tmp/R11/extracted/41/416d01db4ad75a8a452cfe82485dd4a95b731df556354dc1373b5c5653af4be8/usr/lib64/libethumb_client.so.1.25.1
7a61d2758000-7a61d2759000 rw-p 00009000 08:01 25869257                   /home/toolchain/development/libc++_replacement/tmp/R11/extracted/41/416d01db4ad75a8a452cfe82485dd4a95b731df556354dc1373b5c5653af4be8/usr/lib64/libethumb_client.so.1.25.1
7a61d2759000-7a61d2775000 r--p 00000000 08:01 25834962                   /home/toolchain/development/libc++_replacement/tmp/R11/extracted/f8/f8e22b05dba8a911adfe63a87320d40944eb87aebc4fd1f1a24350bad3463285/usr/lib64/libecore_con.so.1.25.1
7a61d2775000-7a61d27bc000 r-xp 0001c000 08:01 25834962                   /home/toolchain/development/libc++_replacement/tmp/R11/extracted/f8/f8e22b05dba8a911adfe63a87320d40944eb87aebc4fd1f1a24350bad3463285/usr/lib64/libecore_con.so.1.25.1
7a61d27bc000-7a61d27dc000 r--p 00063000 08:01 25834962                   /home/toolchain/development/libc++_replacement/tmp/R11/extracted/f8/f8e22b05dba8a911adfe63a87320d40944eb87aebc4fd1f1a24350bad3463285/usr/lib64/libecore_con.so.1.25.1
7a61d27dc000-7a61d27e1000 r--p 00082000 08:01 25834962                   /home/toolchain/development/libc++_replacement/tmp/R11/extracted/f8/f8e22b05dba8a911adfe63a87320d40944eb87aebc4fd1f1a24350bad3463285/usr/lib64/libecore_con.so.1.25.1
7a61d27e1000-7a61d27e2000 rw-p 00087000 08:01 25834962                   /home/toolchain/development/libc++_replacement/tmp/R11/extracted/f8/f8e22b05dba8a911adfe63a87320d40944eb87aebc4fd1f1a24350bad3463285/usr/lib64/libecore_con.so.1.25.1
7a61d27e2000-7a61d27e3000 rw-p 00000000 00:00 0 
7a61d27e3000-7a61d27e7000 r--p 00000000 08:01 25834877                   /home/toolchain/development/libc++_replacement/tmp/R11/extracted/97/9717950ffaa8d6903b969c62e88c9d346585aed2321c2406293e8d512b454aec/usr/lib64/libecore_audio.so.1.25.1
7a61d27e7000-7a61d27ed000 r-xp 00004000 08:01 25834877                   /home/toolchain/development/libc++_replacement/tmp/R11/extracted/97/9717950ffaa8d6903b969c62e88c9d346585aed2321c2406293e8d512b454aec/usr/lib64/libecore_audio.so.1.25.1
7a61d27ed000-7a61d27f0000 r--p 0000a000 08:01 25834877                   /home/toolchain/development/libc++_replacement/tmp/R11/extracted/97/9717950ffaa8d6903b969c62e88c9d346585aed2321c2406293e8d512b454aec/usr/lib64/libecore_audio.so.1.25.1
7a61d27f0000-7a61d27f1000 r--p 0000d000 08:01 25834877                   /home/toolchain/development/libc++_replacement/tmp/R11/extracted/97/9717950ffaa8d6903b969c62e88c9d346585aed2321c2406293e8d512b454aec/usr/lib64/libecore_audio.so.1.25.1
7a61d27f1000-7a61d27f2000 rw-p 0000e000 08:01 25834877                   /home/toolchain/development/libc++_replacement/tmp/R11/extracted/97/9717950ffaa8d6903b969c62e88c9d346585aed2321c2406293e8d512b454aec/usr/lib64/libecore_audio.so.1.25.1
7a61d27f2000-7a61d27f9000 r--p 00000000 08:01 25838718                   /home/toolchain/development/libc++_replacement/tmp/R11/extracted/1c/1c018d0d6c83eff939ad61b356cb8c4e1fbbc5aa92fa3fb7940ba9b4e2ea74bc/usr/lib64/libefreet.so.1.25.1
7a61d27f9000-7a61d280f000 r-xp 00007000 08:01 25838718                   /home/toolchain/development/libc++_replacement/tmp/R11/extracted/1c/1c018d0d6c83eff939ad61b356cb8c4e1fbbc5aa92fa3fb7940ba9b4e2ea74bc/usr/lib64/libefreet.so.1.25.1
7a61d280f000-7a61d2816000 r--p 0001d000 08:01 25838718                   /home/toolchain/development/libc++_replacement/tmp/R11/extracted/1c/1c018d0d6c83eff939ad61b356cb8c4e1fbbc5aa92fa3fb7940ba9b4e2ea74bc/usr/lib64/libefreet.so.1.25.1
7a61d2816000-7a61d2817000 r--p 00024000 08:01 25838718                   /home/toolchain/development/libc++_replacement/tmp/R11/extracted/1c/1c018d0d6c83eff939ad61b356cb8c4e1fbbc5aa92fa3fb7940ba9b4e2ea74bc/usr/lib64/libefreet.so.1.25.1
7a61d2817000-7a61d2818000 rw-p 00025000 08:01 25838718                   /home/toolchain/development/libc++_replacement/tmp/R11/extracted/1c/1c018d0d6c83eff939ad61b356cb8c4e1fbbc5aa92fa3fb7940ba9b4e2ea74bc/usr/lib64/libefreet.so.1.25.1
7a61d2818000-7a61d2819000 rw-p 00000000 00:00 0 
7a61d2819000-7a61d281d000 r--p 00000000 08:01 25841874                   /home/toolchain/development/libc++_replacement/tmp/R11/extracted/93/937dff2a3aa0bd0389e3bef9adaa4b76950cd5d5253233517084cebf801a3893/usr/lib64/libembryo.so.1.25.1
7a61d281d000-7a61d2822000 r-xp 00004000 08:01 25841874                   /home/toolchain/development/libc++_replacement/tmp/R11/extracted/93/937dff2a3aa0bd0389e3bef9adaa4b76950cd5d5253233517084cebf801a3893/usr/lib64/libembryo.so.1.25.1
7a61d2822000-7a61d2824000 r--p 00009000 08:01 25841874                   /home/toolchain/development/libc++_replacement/tmp/R11/extracted/93/937dff2a3aa0bd0389e3bef9adaa4b76950cd5d5253233517084cebf801a3893/usr/lib64/libembryo.so.1.25.1
7a61d2824000-7a61d2825000 r--p 0000b000 08:01 25841874                   /home/toolchain/development/libc++_replacement/tmp/R11/extracted/93/937dff2a3aa0bd0389e3bef9adaa4b76950cd5d5253233517084cebf801a3893/usr/lib64/libembryo.so.1.25.1
7a61d2825000-7a61d2826000 rw-p 0000c000 08:01 25841874                   /home/toolchain/development/libc++_replacement/tmp/R11/extracted/93/937dff2a3aa0bd0389e3bef9adaa4b76950cd5d5253233517084cebf801a3893/usr/lib64/libembryo.so.1.25.1
7a61d2826000-7a61d2827000 r--p 00000000 08:01 25345794                   /home/toolchain/development/libc++_replacement/tmp/R11/extracted/f1/f17d337c85addd0a99315e1cbb6a1af911fdd00bcc7bcb50fa5cdb35ae488e02/usr/lib64/libecore_imf_evas.so.1.25.1
7a61d2827000-7a61d2828000 r-xp 00001000 08:01 25345794                   /home/toolchain/development/libc++_replacement/tmp/R11/extracted/f1/f17d337c85addd0a99315e1cbb6a1af911fdd00bcc7bcb50fa5cdb35ae488e02/usr/lib64/libecore_imf_evas.so.1.25.1
7a61d2828000-7a61d2829000 r--p 00002000 08:01 25345794                   /home/toolchain/development/libc++_replacement/tmp/R11/extracted/f1/f17d337c85addd0a99315e1cbb6a1af911fdd00bcc7bcb50fa5cdb35ae488e02/usr/lib64/libecore_imf_evas.so.1.25.1
7a61d2829000-7a61d282a000 r--p 00002000 08:01 25345794                   /home/toolchain/development/libc++_replacement/tmp/R11/extracted/f1/f17d337c85addd0a99315e1cbb6a1af911fdd00bcc7bcb50fa5cdb35ae488e02/usr/lib64/libecore_imf_evas.so.1.25.1
7a61d282a000-7a61d282b000 rw-p 00003000 08:01 25345794                   /home/toolchain/development/libc++_replacement/tmp/R11/extracted/f1/f17d337c85addd0a99315e1cbb6a1af911fdd00bcc7bcb50fa5cdb35ae488e02/usr/lib64/libecore_imf_evas.so.1.25.1
7a61d282b000-7a61d282e000 r--p 00000000 08:01 25835076                   /home/toolchain/development/libc++_replacement/tmp/R11/extracted/e4/e450587a399727062221f9af6565fea508840d1dc24dbbb5b5d685ad726d617e/usr/lib64/libecore_file.so.1.25.1
7a61d282e000-7a61d2831000 r-xp 00003000 08:01 25835076                   /home/toolchain/development/libc++_replacement/tmp/R11/extracted/e4/e450587a399727062221f9af6565fea508840d1dc24dbbb5b5d685ad726d617e/usr/lib64/libecore_file.so.1.25.1
7a61d2831000-7a61d2833000 r--p 00006000 08:01 25835076                   /home/toolchain/development/libc++_replacement/tmp/R11/extracted/e4/e450587a399727062221f9af6565fea508840d1dc24dbbb5b5d685ad726d617e/usr/lib64/libecore_file.so.1.25.1
7a61d2833000-7a61d2834000 r--p 00007000 08:01 25835076                   /home/toolchain/development/libc++_replacement/tmp/R11/extracted/e4/e450587a399727062221f9af6565fea508840d1dc24dbbb5b5d685ad726d617e/usr/lib64/libecore_file.so.1.25.1
7a61d2834000-7a61d2835000 rw-p 00008000 08:01 25835076                   /home/toolchain/development/libc++_replacement/tmp/R11/extracted/e4/e450587a399727062221f9af6565fea508840d1dc24dbbb5b5d685ad726d617e/usr/lib64/libecore_file.so.1.25.1
7a61d2835000-7a61d283a000 r--p 00000000 08:01 25837082                   /home/toolchain/development/libc++_replacement/tmp/R11/extracted/a1/a1e1bb605d98f60d10bc89df35f4aec65e772e1795e21b84692cc87bfb934f22/usr/lib64/libeeze.so.1.25.1
7a61d283a000-7a61d2841000 r-xp 00005000 08:01 25837082                   /home/toolchain/development/libc++_replacement/tmp/R11/extracted/a1/a1e1bb605d98f60d10bc89df35f4aec65e772e1795e21b84692cc87bfb934f22/usr/lib64/libeeze.so.1.25.1
7a61d2841000-7a61d2844000 r--p 0000c000 08:01 25837082                   /home/toolchain/development/libc++_replacement/tmp/R11/extracted/a1/a1e1bb605d98f60d10bc89df35f4aec65e772e1795e21b84692cc87bfb934f22/usr/lib64/libeeze.so.1.25.1
7a61d2844000-7a61d2845000 r--p 0000f000 08:01 25837082                   /home/toolchain/development/libc++_replacement/tmp/R11/extracted/a1/a1e1bb605d98f60d10bc89df35f4aec65e772e1795e21b84692cc87bfb934f22/usr/lib64/libeeze.so.1.25.1
7a61d2845000-7a61d2846000 rw-p 00010000 08:01 25837082                   /home/toolchain/development/libc++_replacement/tmp/R11/extracted/a1/a1e1bb605d98f60d10bc89df35f4aec65e772e1795e21b84692cc87bfb934f22/usr/lib64/libeeze.so.1.25.1
7a61d2846000-7a61d2849000 r--p 00000000 08:01 25835143                   /home/toolchain/development/libc++_replacement/tmp/R11/extracted/02/0245c6c3ad3344a194507d791061f62240be372ab249331fa7edd20e4215040a/usr/lib64/libecore_input_evas.so.1.25.1
7a61d2849000-7a61d284b000 r-xp 00003000 08:01 25835143                   /home/toolchain/development/libc++_replacement/tmp/R11/extracted/02/0245c6c3ad3344a194507d791061f62240be372ab249331fa7edd20e4215040a/usr/lib64/libecore_input_evas.so.1.25.1
7a61d284b000-7a61d284c000 r--p 00005000 08:01 25835143                   /home/toolchain/development/libc++_replacement/tmp/R11/extracted/02/0245c6c3ad3344a194507d791061f62240be372ab249331fa7edd20e4215040a/usr/lib64/libecore_input_evas.so.1.25.1
7a61d284c000-7a61d284d000 r--p 00005000 08:01 25835143                   /home/toolchain/development/libc++_replacement/tmp/R11/extracted/02/0245c6c3ad3344a194507d791061f62240be372ab249331fa7edd20e4215040a/usr/lib64/libecore_input_evas.so.1.25.1
7a61d284d000-7a61d284e000 rw-p 00006000 08:01 25835143                   /home/toolchain/development/libc++_replacement/tmp/R11/extracted/02/0245c6c3ad3344a194507d791061f62240be372ab249331fa7edd20e4215040a/usr/lib64/libecore_input_evas.so.1.25.1
7a61d284e000-7a61d2859000 r--p 00000000 08:01 26085642                   /home/toolchain/development/libc++_replacement/tmp/R11/extracted/4c/4ccd3f58cfedc62bfefbd09c834da30f55b9c7dc09f1e8e9a2ad70ce96c68026/usr/lib64/libharfbuzz.so.0.60822.0
7a61d2859000-7a61d28e5000 r-xp 0000b000 08:01 26085642                   /home/toolchain/development/libc++_replacement/tmp/R11/extracted/4c/4ccd3f58cfedc62bfefbd09c834da30f55b9c7dc09f1e8e9a2ad70ce96c68026/usr/lib64/libharfbuzz.so.0.60822.0
7a61d28e5000-7a61d2925000 r--p 00097000 08:01 26085642                   /home/toolchain/development/libc++_replacement/tmp/R11/extracted/4c/4ccd3f58cfedc62bfefbd09c834da30f55b9c7dc09f1e8e9a2ad70ce96c68026/usr/lib64/libharfbuzz.so.0.60822.0
7a61d2925000-7a61d2926000 r--p 000d7000 08:01 26085642                   /home/toolchain/development/libc++_replacement/tmp/R11/extracted/4c/4ccd3f58cfedc62bfefbd09c834da30f55b9c7dc09f1e8e9a2ad70ce96c68026/usr/lib64/libharfbuzz.so.0.60822.0
7a61d2926000-7a61d2927000 rw-p 000d8000 08:01 26085642                   /home/toolchain/development/libc++_replacement/tmp/R11/extracted/4c/4ccd3f58cfedc62bfefbd09c834da30f55b9c7dc09f1e8e9a2ad70ce96c68026/usr/lib64/libharfbuzz.so.0.60822.0
7a61d2927000-7a61d2928000 rw-p 00000000 00:00 0 
7a61d2928000-7a61d2929000 r--p 00000000 08:01 26085747                   /home/toolchain/development/libc++_replacement/tmp/R11/extracted/43/43f64317f522937911b8338c4a359fcae003597542cab1b4275cdfd7db444c7f/usr/lib64/libhyphen.so.0.3.0
7a61d2929000-7a61d292c000 r-xp 00001000 08:01 26085747                   /home/toolchain/development/libc++_replacement/tmp/R11/extracted/43/43f64317f522937911b8338c4a359fcae003597542cab1b4275cdfd7db444c7f/usr/lib64/libhyphen.so.0.3.0
7a61d292c000-7a61d292d000 r--p 00004000 08:01 26085747                   /home/toolchain/development/libc++_replacement/tmp/R11/extracted/43/43f64317f522937911b8338c4a359fcae003597542cab1b4275cdfd7db444c7f/usr/lib64/libhyphen.so.0.3.0
7a61d292d000-7a61d292e000 r--p 00004000 08:01 26085747                   /home/toolchain/development/libc++_replacement/tmp/R11/extracted/43/43f64317f522937911b8338c4a359fcae003597542cab1b4275cdfd7db444c7f/usr/lib64/libhyphen.so.0.3.0
7a61d292e000-7a61d292f000 rw-p 00005000 08:01 26085747                   /home/toolchain/development/libc++_replacement/tmp/R11/extracted/43/43f64317f522937911b8338c4a359fcae003597542cab1b4275cdfd7db444c7f/usr/lib64/libhyphen.so.0.3.0
7a61d292f000-7a61d2931000 r--p 00000000 08:01 23598645                   /home/toolchain/development/libc++_replacement/tmp/R11/extracted/e8/e83a03d6c8a40e2e653dac1f944c39a08aca9a1e5dfa36547af2ba04fd76a584/usr/lib64/libfribidi.so.0.4.0
7a61d2931000-7a61d2935000 r-xp 00002000 08:01 23598645                   /home/toolchain/development/libc++_replacement/tmp/R11/extracted/e8/e83a03d6c8a40e2e653dac1f944c39a08aca9a1e5dfa36547af2ba04fd76a584/usr/lib64/libfribidi.so.0.4.0
7a61d2935000-7a61d294a000 r--p 00006000 08:01 23598645                   /home/toolchain/development/libc++_replacement/tmp/R11/extracted/e8/e83a03d6c8a40e2e653dac1f944c39a08aca9a1e5dfa36547af2ba04fd76a584/usr/lib64/libfribidi.so.0.4.0
7a61d294a000-7a61d294b000 r--p 0001a000 08:01 23598645                   /home/toolchain/development/libc++_replacement/tmp/R11/extracted/e8/e83a03d6c8a40e2e653dac1f944c39a08aca9a1e5dfa36547af2ba04fd76a584/usr/lib64/libfribidi.so.0.4.0
7a61d294b000-7a61d294c000 rw-p 0001b000 08:01 23598645                   /home/toolchain/development/libc++_replacement/tmp/R11/extracted/e8/e83a03d6c8a40e2e653dac1f944c39a08aca9a1e5dfa36547af2ba04fd76a584/usr/lib64/libfribidi.so.0.4.0
7a61d294c000-7a61d2951000 r--p 00000000 08:01 26090887                   /home/toolchain/development/libc++_replacement/tmp/R11/extracted/ad/adf4ec7a2b42179c08787df29643b76959484fb2d8082da784c557f760ff1e30/usr/lib64/librlottie.so.0.2
7a61d2951000-7a61d297f000 r-xp 00005000 08:01 26090887                   /home/toolchain/development/libc++_replacement/tmp/R11/extracted/ad/adf4ec7a2b42179c08787df29643b76959484fb2d8082da784c557f760ff1e30/usr/lib64/librlottie.so.0.2
7a61d297f000-7a61d2985000 r--p 00033000 08:01 26090887                   /home/toolchain/development/libc++_replacement/tmp/R11/extracted/ad/adf4ec7a2b42179c08787df29643b76959484fb2d8082da784c557f760ff1e30/usr/lib64/librlottie.so.0.2
7a61d2985000-7a61d2986000 r--p 00038000 08:01 26090887                   /home/toolchain/development/libc++_replacement/tmp/R11/extracted/ad/adf4ec7a2b42179c08787df29643b76959484fb2d8082da784c557f760ff1e30/usr/lib64/librlottie.so.0.2
7a61d2986000-7a61d2987000 rw-p 00039000 08:01 26090887                   /home/toolchain/development/libc++_replacement/tmp/R11/extracted/ad/adf4ec7a2b42179c08787df29643b76959484fb2d8082da784c557f760ff1e30/usr/lib64/librlottie.so.0.2
7a61d2987000-7a61d2997000 r--p 00000000 08:01 26224767                   /home/toolchain/development/libc++_replacement/tmp/R11/extracted/6c/6c6e8d30039b7d845b2318486eeea4958f7c78c8fe906eac647084f14b01b688/usr/lib64/libthorvg.so.1.0.7
7a61d2997000-7a61d29ea000 r-xp 00010000 08:01 26224767                   /home/toolchain/development/libc++_replacement/tmp/R11/extracted/6c/6c6e8d30039b7d845b2318486eeea4958f7c78c8fe906eac647084f14b01b688/usr/lib64/libthorvg.so.1.0.7
7a61d29ea000-7a61d29ed000 r--p 00063000 08:01 26224767                   /home/toolchain/development/libc++_replacement/tmp/R11/extracted/6c/6c6e8d30039b7d845b2318486eeea4958f7c78c8fe906eac647084f14b01b688/usr/lib64/libthorvg.so.1.0.7
7a61d29ed000-7a61d29f0000 r--p 00066000 08:01 26224767                   /home/toolchain/development/libc++_replacement/tmp/R11/extracted/6c/6c6e8d30039b7d845b2318486eeea4958f7c78c8fe906eac647084f14b01b688/usr/lib64/libthorvg.so.1.0.7
7a61d29f0000-7a61d29f1000 rw-p 00069000 08:01 26224767                   /home/toolchain/development/libc++_replacement/tmp/R11/extracted/6c/6c6e8d30039b7d845b2318486eeea4958f7c78c8fe906eac647084f14b01b688/usr/lib64/libthorvg.so.1.0.7
7a61d29f1000-7a61d29fa000 r--p 00000000 08:01 14724237                   /home/toolchain/development/libc++_replacement/tmp/R11/extracted/82/829c76f2244979cbaeed773d878d05c7a4bbb9bef3bb9bea5b5ec0be035af892/usr/lib64/liblua.so.5.1
7a61d29fa000-7a61d2a12000 r-xp 00009000 08:01 14724237                   /home/toolchain/development/libc++_replacement/tmp/R11/extracted/82/829c76f2244979cbaeed773d878d05c7a4bbb9bef3bb9bea5b5ec0be035af892/usr/lib64/liblua.so.5.1
7a61d2a12000-7a61d2a1b000 r--p 00021000 08:01 14724237                   /home/toolchain/development/libc++_replacement/tmp/R11/extracted/82/829c76f2244979cbaeed773d878d05c7a4bbb9bef3bb9bea5b5ec0be035af892/usr/lib64/liblua.so.5.1
7a61d2a1b000-7a61d2a1d000 r--p 00029000 08:01 14724237                   /home/toolchain/development/libc++_replacement/tmp/R11/extracted/82/829c76f2244979cbaeed773d878d05c7a4bbb9bef3bb9bea5b5ec0be035af892/usr/lib64/liblua.so.5.1
7a61d2a1d000-7a61d2a1e000 rw-p 0002b000 08:01 14724237                   /home/toolchain/development/libc++_replacement/tmp/R11/extracted/82/829c76f2244979cbaeed773d878d05c7a4bbb9bef3bb9bea5b5ec0be035af892/usr/lib64/liblua.so.5.1
7a61d2a1e000-7a61d2a24000 r--p 00000000 08:01 25837053                   /home/toolchain/development/libc++_replacement/tmp/R11/extracted/46/4697dee8ce7cddc6b73f6fd60e00ed6cf4a2722bf9a73aa23dcb348203114846/usr/lib64/libeet.so.1.25.1
7a61d2a24000-7a61d2a39000 r-xp 00006000 08:01 25837053                   /home/toolchain/development/libc++_replacement/tmp/R11/extracted/46/4697dee8ce7cddc6b73f6fd60e00ed6cf4a2722bf9a73aa23dcb348203114846/usr/lib64/libeet.so.1.25.1
7a61d2a39000-7a61d2a40000 r--p 0001b000 08:01 25837053                   /home/toolchain/development/libc++_replacement/tmp/R11/extracted/46/4697dee8ce7cddc6b73f6fd60e00ed6cf4a2722bf9a73aa23dcb348203114846/usr/lib64/libeet.so.1.25.1
7a61d2a40000-7a61d2a41000 r--p 00021000 08:01 25837053                   /home/toolchain/development/libc++_replacement/tmp/R11/extracted/46/4697dee8ce7cddc6b73f6fd60e00ed6cf4a2722bf9a73aa23dcb348203114846/usr/lib64/libeet.so.1.25.1
7a61d2a41000-7a61d2a42000 rw-p 00022000 08:01 25837053                   /home/toolchain/development/libc++_replacement/tmp/R11/extracted/46/4697dee8ce7cddc6b73f6fd60e00ed6cf4a2722bf9a73aa23dcb348203114846/usr/lib64/libeet.so.1.25.1
7a61d2a42000-7a61d2a4a000 rw-p 00000000 00:00 0 
7a61d2a4a000-7a61d2a4f000 r--p 00000000 08:01 25841955                   /home/toolchain/development/libc++_replacement/tmp/R11/extracted/a0/a00aee94db4dfdda09717ca195e67c5cfba7caae0932ccf6c4df97efa6615010/usr/lib64/libemile.so.1.25.1
7a61d2a4f000-7a61d2a72000 r-xp 00005000 08:01 25841955                   /home/toolchain/development/libc++_replacement/tmp/R11/extracted/a0/a00aee94db4dfdda09717ca195e67c5cfba7caae0932ccf6c4df97efa6615010/usr/lib64/libemile.so.1.25.1
7a61d2a72000-7a61d2a78000 r--p 00028000 08:01 25841955                   /home/toolchain/development/libc++_replacement/tmp/R11/extracted/a0/a00aee94db4dfdda09717ca195e67c5cfba7caae0932ccf6c4df97efa6615010/usr/lib64/libemile.so.1.25.1
7a61d2a78000-7a61d2a79000 r--p 0002d000 08:01 25841955                   /home/toolchain/development/libc++_replacement/tmp/R11/extracted/a0/a00aee94db4dfdda09717ca195e67c5cfba7caae0932ccf6c4df97efa6615010/usr/lib64/libemile.so.1.25.1
7a61d2a79000-7a61d2a7a000 rw-p 0002e000 08:01 25841955                   /home/toolchain/development/libc++_replacement/tmp/R11/extracted/a0/a00aee94db4dfdda09717ca195e67c5cfba7caae0932ccf6c4df97efa6615010/usr/lib64/libemile.so.1.25.1
7a61d2a7a000-7a61d2a82000 rw-p 00000000 00:00 0 
7a61d2a82000-7a61d2a84000 r--p 00000000 08:01 25836061                   /home/toolchain/development/libc++_replacement/tmp/R11/extracted/89/89f50617a349ff4bd32cbbf2cbf74fdddff1140aaff38e26154ed17667ad4a01/usr/lib64/libector.so.1.25.1
7a61d2a84000-7a61d2a8d000 r-xp 00002000 08:01 25836061                   /home/toolchain/development/libc++_replacement/tmp/R11/extracted/89/89f50617a349ff4bd32cbbf2cbf74fdddff1140aaff38e26154ed17667ad4a01/usr/lib64/libector.so.1.25.1
7a61d2a8d000-7a61d2a91000 r--p 0000b000 08:01 25836061                   /home/toolchain/development/libc++_replacement/tmp/R11/extracted/89/89f50617a349ff4bd32cbbf2cbf74fdddff1140aaff38e26154ed17667ad4a01/usr/lib64/libector.so.1.25.1
7a61d2a91000-7a61d2a92000 r--p 0000e000 08:01 25836061                   /home/toolchain/development/libc++_replacement/tmp/R11/extracted/89/89f50617a349ff4bd32cbbf2cbf74fdddff1140aaff38e26154ed17667ad4a01/usr/lib64/libector.so.1.25.1
7a61d2a92000-7a61d2a93000 rw-p 0000f000 08:01 25836061                   /home/toolchain/development/libc++_replacement/tmp/R11/extracted/89/89f50617a349ff4bd32cbbf2cbf74fdddff1140aaff38e26154ed17667ad4a01/usr/lib64/libector.so.1.25.1
7a61d2a93000-7a61d2a9b000 rw-p 00000000 00:00 0 
7a61d2a9b000-7a61d2ab3000 r--p 00000000 08:01 25837129                   /home/toolchain/development/libc++_replacement/tmp/R11/extracted/8d/8d0ef0801e89c4a4abf0bb15318bae80a14e648bb2e5a4d6554c9de752d628c2/usr/lib64/libefl.so.1.25.1
7a61d2ab3000-7a61d2ae1000 r-xp 00018000 08:01 25837129                   /home/toolchain/development/libc++_replacement/tmp/R11/extracted/8d/8d0ef0801e89c4a4abf0bb15318bae80a14e648bb2e5a4d6554c9de752d628c2/usr/lib64/libefl.so.1.25.1
7a61d2ae1000-7a61d2af5000 r--p 00046000 08:01 25837129                   /home/toolchain/development/libc++_replacement/tmp/R11/extracted/8d/8d0ef0801e89c4a4abf0bb15318bae80a14e648bb2e5a4d6554c9de752d628c2/usr/lib64/libefl.so.1.25.1
7a61d2af5000-7a61d2afb000 r--p 00059000 08:01 25837129                   /home/toolchain/development/libc++_replacement/tmp/R11/extracted/8d/8d0ef0801e89c4a4abf0bb15318bae80a14e648bb2e5a4d6554c9de752d628c2/usr/lib64/libefl.so.1.25.1
7a61d2afb000-7a61d2afc000 rw-p 0005f000 08:01 25837129                   /home/toolchain/development/libc++_replacement/tmp/R11/extracted/8d/8d0ef0801e89c4a4abf0bb15318bae80a14e648bb2e5a4d6554c9de752d628c2/usr/lib64/libefl.so.1.25.1
7a61d2afc000-7a61d2afd000 rw-p 00000000 00:00 0 
7a61d2afd000-7a61d2b03000 r--p 00000000 08:01 25844052                   /home/toolchain/development/libc++_replacement/tmp/R11/extracted/f1/f1dcf451e8f2e546cadcdfb1ff56e27d70bc7bba08da957752cf3586f98b980c/usr/lib64/libeo.so.1.25.1
7a61d2b03000-7a61d2b13000 r-xp 00006000 08:01 25844052                   /home/toolchain/development/libc++_replacement/tmp/R11/extracted/f1/f1dcf451e8f2e546cadcdfb1ff56e27d70bc7bba08da957752cf3586f98b980c/usr/lib64/libeo.so.1.25.1
7a61d2b13000-7a61d2b19000 r--p 00016000 08:01 25844052                   /home/toolchain/development/libc++_replacement/tmp/R11/extracted/f1/f1dcf451e8f2e546cadcdfb1ff56e27d70bc7bba08da957752cf3586f98b980c/usr/lib64/libeo.so.1.25.1
7a61d2b19000-7a61d2b1a000 r--p 0001c000 08:01 25844052                   /home/toolchain/development/libc++_replacement/tmp/R11/extracted/f1/f1dcf451e8f2e546cadcdfb1ff56e27d70bc7bba08da957752cf3586f98b980c/usr/lib64/libeo.so.1.25.1
7a61d2b1a000-7a61d2b1b000 rw-p 0001d000 08:01 25844052                   /home/toolchain/development/libc++_replacement/tmp/R11/extracted/f1/f1dcf451e8f2e546cadcdfb1ff56e27d70bc7bba08da957752cf3586f98b980c/usr/lib64/libeo.so.1.25.1
7a61d2b1b000-7a61d2b55000 r--p 00000000 08:01 26231355                   /home/toolchain/development/libc++_replacement/tmp/R11/extracted/d3/d3b3b800db11b0a27151bb3236d9c9f59bc7fb8dfc914eb769dc2b943f665518/usr/lib64/libwgt-manifest-handlers.so.1.11.1
7a61d2b55000-7a61d2bb0000 r-xp 0003a000 08:01 26231355                   /home/toolchain/development/libc++_replacement/tmp/R11/extracted/d3/d3b3b800db11b0a27151bb3236d9c9f59bc7fb8dfc914eb769dc2b943f665518/usr/lib64/libwgt-manifest-handlers.so.1.11.1
7a61d2bb0000-7a61d2bc5000 r--p 00095000 08:01 26231355                   /home/toolchain/development/libc++_replacement/tmp/R11/extracted/d3/d3b3b800db11b0a27151bb3236d9c9f59bc7fb8dfc914eb769dc2b943f665518/usr/lib64/libwgt-manifest-handlers.so.1.11.1
7a61d2bc5000-7a61d2bc8000 r--p 000aa000 08:01 26231355                   /home/toolchain/development/libc++_replacement/tmp/R11/extracted/d3/d3b3b800db11b0a27151bb3236d9c9f59bc7fb8dfc914eb769dc2b943f665518/usr/lib64/libwgt-manifest-handlers.so.1.11.1
7a61d2bc8000-7a61d2bca000 rw-p 000ad000 08:01 26231355                   /home/toolchain/development/libc++_replacement/tmp/R11/extracted/d3/d3b3b800db11b0a27151bb3236d9c9f59bc7fb8dfc914eb769dc2b943f665518/usr/lib64/libwgt-manifest-handlers.so.1.11.1
7a61d2bca000-7a61d2be4000 r--p 00000000 08:01 26091145                   /home/toolchain/development/libc++_replacement/tmp/R11/extracted/bb/bbe1496d756b23b9943378f63a1c4a0a262cf4c8acaa04528d2265ad2363e5ff/usr/lib64/libmanifest-parser.so.1.9.0
7a61d2be4000-7a61d2c0e000 r-xp 0001a000 08:01 26091145                   /home/toolchain/development/libc++_replacement/tmp/R11/extracted/bb/bbe1496d756b23b9943378f63a1c4a0a262cf4c8acaa04528d2265ad2363e5ff/usr/lib64/libmanifest-parser.so.1.9.0
7a61d2c0e000-7a61d2c18000 r--p 00044000 08:01 26091145                   /home/toolchain/development/libc++_replacement/tmp/R11/extracted/bb/bbe1496d756b23b9943378f63a1c4a0a262cf4c8acaa04528d2265ad2363e5ff/usr/lib64/libmanifest-parser.so.1.9.0
7a61d2c18000-7a61d2c19000 r--p 0004d000 08:01 26091145                   /home/toolchain/development/libc++_replacement/tmp/R11/extracted/bb/bbe1496d756b23b9943378f63a1c4a0a262cf4c8acaa04528d2265ad2363e5ff/usr/lib64/libmanifest-parser.so.1.9.0
7a61d2c19000-7a61d2c1a000 rw-p 0004e000 08:01 26091145                   /home/toolchain/development/libc++_replacement/tmp/R11/extracted/bb/bbe1496d756b23b9943378f63a1c4a0a262cf4c8acaa04528d2265ad2363e5ff/usr/lib64/libmanifest-parser.so.1.9.0
7a61d2c1a000-7a61d2c1b000 rw-p 00000000 00:00 0 
7a61d2c1b000-7a61d2c24000 r--p 00000000 08:01 23624441                   /home/toolchain/development/libc++_replacement/tmp/R11/extracted/bf/bf0691c7c485397598852c384d9ed50c95a619dc3c243b3f68effa5512019232/usr/lib64/libxslt.so.1.1.43
7a61d2c24000-7a61d2c44000 r-xp 00009000 08:01 23624441                   /home/toolchain/development/libc++_replacement/tmp/R11/extracted/bf/bf0691c7c485397598852c384d9ed50c95a619dc3c243b3f68effa5512019232/usr/lib64/libxslt.so.1.1.43
7a61d2c44000-7a61d2c4f000 r--p 00029000 08:01 23624441                   /home/toolchain/development/libc++_replacement/tmp/R11/extracted/bf/bf0691c7c485397598852c384d9ed50c95a619dc3c243b3f68effa5512019232/usr/lib64/libxslt.so.1.1.43
7a61d2c4f000-7a61d2c50000 r--p 00033000 08:01 23624441                   /home/toolchain/development/libc++_replacement/tmp/R11/extracted/bf/bf0691c7c485397598852c384d9ed50c95a619dc3c243b3f68effa5512019232/usr/lib64/libxslt.so.1.1.43
7a61d2c50000-7a61d2c51000 rw-p 00034000 08:01 23624441                   /home/toolchain/development/libc++_replacement/tmp/R11/extracted/bf/bf0691c7c485397598852c384d9ed50c95a619dc3c243b3f68effa5512019232/usr/lib64/libxslt.so.1.1.43
7a61d2c51000-7a61d2c53000 r--p 00000000 08:01 23629326                   /home/toolchain/development/libc++_replacement/tmp/R11/extracted/1c/1c5831047bcd841e76d29b05c6ca3ac18b028e7fcfadb8e4f824129cbf0a9f25/usr/lib64/libminizip.so.1.0.0
7a61d2c53000-7a61d2c5a000 r-xp 00002000 08:01 23629326                   /home/toolchain/development/libc++_replacement/tmp/R11/extracted/1c/1c5831047bcd841e76d29b05c6ca3ac18b028e7fcfadb8e4f824129cbf0a9f25/usr/lib64/libminizip.so.1.0.0
7a61d2c5a000-7a61d2c5b000 r--p 00009000 08:01 23629326                   /home/toolchain/development/libc++_replacement/tmp/R11/extracted/1c/1c5831047bcd841e76d29b05c6ca3ac18b028e7fcfadb8e4f824129cbf0a9f25/usr/lib64/libminizip.so.1.0.0
7a61d2c5b000-7a61d2c5c000 r--p 0000a000 08:01 23629326                   /home/toolchain/development/libc++_replacement/tmp/R11/extracted/1c/1c5831047bcd841e76d29b05c6ca3ac18b028e7fcfadb8e4f824129cbf0a9f25/usr/lib64/libminizip.so.1.0.0
7a61d2c5c000-7a61d2c5d000 rw-p 0000b000 08:01 23629326                   /home/toolchain/development/libc++_replacement/tmp/R11/extracted/1c/1c5831047bcd841e76d29b05c6ca3ac18b028e7fcfadb8e4f824129cbf0a9f25/usr/lib64/libminizip.so.1.0.0
7a61d2c5d000-7a61d2c6d000 r--p 00000000 08:01 26004892                   /home/toolchain/development/libc++_replacement/tmp/R11/extracted/e6/e6eb0652568058c701ca1f100777b051e7a22d7acf570beb0f63a47b7e33887a/usr/lib64/libatspi.so.0.0.1
7a61d2c6d000-7a61d2c81000 r-xp 00010000 08:01 26004892                   /home/toolchain/development/libc++_replacement/tmp/R11/extracted/e6/e6eb0652568058c701ca1f100777b051e7a22d7acf570beb0f63a47b7e33887a/usr/lib64/libatspi.so.0.0.1
7a61d2c81000-7a61d2c8e000 r--p 00024000 08:01 26004892                   /home/toolchain/development/libc++_replacement/tmp/R11/extracted/e6/e6eb0652568058c701ca1f100777b051e7a22d7acf570beb0f63a47b7e33887a/usr/lib64/libatspi.so.0.0.1
7a61d2c8e000-7a61d2c91000 r--p 00030000 08:01 26004892                   /home/toolchain/development/libc++_replacement/tmp/R11/extracted/e6/e6eb0652568058c701ca1f100777b051e7a22d7acf570beb0f63a47b7e33887a/usr/lib64/libatspi.so.0.0.1
7a61d2c91000-7a61d2c92000 rw-p 00033000 08:01 26004892                   /home/toolchain/development/libc++_replacement/tmp/R11/extracted/e6/e6eb0652568058c701ca1f100777b051e7a22d7acf570beb0f63a47b7e33887a/usr/lib64/libatspi.so.0.0.1
7a61d2c92000-7a61d2c97000 r--p 00000000 08:01 26088453                   /home/toolchain/development/libc++_replacement/tmp/R11/extracted/3b/3b0aaa783ede91ab165509b8c3b0c749099cd0c919cb5183731feae59edc3c57/usr/lib64/libudev.so.1.6.16
7a61d2c97000-7a61d2cb1000 r-xp 00005000 08:01 26088453                   /home/toolchain/development/libc++_replacement/tmp/R11/extracted/3b/3b0aaa783ede91ab165509b8c3b0c749099cd0c919cb5183731feae59edc3c57/usr/lib64/libudev.so.1.6.16
7a61d2cb1000-7a61d2cc5000 r--p 0001f000 08:01 26088453                   /home/toolchain/development/libc++_replacement/tmp/R11/extracted/3b/3b0aaa783ede91ab165509b8c3b0c749099cd0c919cb5183731feae59edc3c57/usr/lib64/libudev.so.1.6.16
7a61d2cc5000-7a61d2cc6000 r--p 00033000 08:01 26088453                   /home/toolchain/development/libc++_replacement/tmp/R11/extracted/3b/3b0aaa783ede91ab165509b8c3b0c749099cd0c919cb5183731feae59edc3c57/usr/lib64/libudev.so.1.6.16
7a61d2cc6000-7a61d2cc7000 rw-p 00034000 08:01 26088453                   /home/toolchain/development/libc++_replacement/tmp/R11/extracted/3b/3b0aaa783ede91ab165509b8c3b0c749099cd0c919cb5183731feae59edc3c57/usr/lib64/libudev.so.1.6.16
7a61d2cc7000-7a61d2ceb000 r--p 00000000 08:01 23624402                   /home/toolchain/development/libc++_replacement/tmp/R11/extracted/02/02045876526d4f0f5d219b4e9d291f3597e85c0fceeca1b7663d25492e3298d3/usr/lib64/libxml2.so.16.1.1
7a61d2ceb000-7a61d2dc3000 r-xp 00024000 08:01 23624402                   /home/toolchain/development/libc++_replacement/tmp/R11/extracted/02/02045876526d4f0f5d219b4e9d291f3597e85c0fceeca1b7663d25492e3298d3/usr/lib64/libxml2.so.16.1.1
7a61d2dc3000-7a61d2e00000 r--p 000fc000 08:01 23624402                   /home/toolchain/development/libc++_replacement/tmp/R11/extracted/02/02045876526d4f0f5d219b4e9d291f3597e85c0fceeca1b7663d25492e3298d3/usr/lib64/libxml2.so.16.1.1
7a61d2e00000-7a61d2e08000 r--p 00138000 08:01 23624402                   /home/toolchain/development/libc++_replacement/tmp/R11/extracted/02/02045876526d4f0f5d219b4e9d291f3597e85c0fceeca1b7663d25492e3298d3/usr/lib64/libxml2.so.16.1.1
7a61d2e08000-7a61d2e0a000 rw-p 00140000 08:01 23624402                   /home/toolchain/development/libc++_replacement/tmp/R11/extracted/02/02045876526d4f0f5d219b4e9d291f3597e85c0fceeca1b7663d25492e3298d3/usr/lib64/libxml2.so.16.1.1
7a61d2e0a000-7a61d2e0b000 rw-p 00000000 00:00 0 
7a61d2e0b000-7a61d2e0d000 r--p 00000000 08:01 23624302                   /home/toolchain/development/libc++_replacement/tmp/R11/extracted/ff/ff59991b5cf650e0726c6f54af329bf9fbe7fd36f9f7c42dda22ca9742225e79/usr/lib64/libwebpmux.so.3.1.0
7a61d2e0d000-7a61d2e15000 r-xp 00002000 08:01 23624302                   /home/toolchain/development/libc++_replacement/tmp/R11/extracted/ff/ff59991b5cf650e0726c6f54af329bf9fbe7fd36f9f7c42dda22ca9742225e79/usr/lib64/libwebpmux.so.3.1.0
7a61d2e15000-7a61d2e17000 r--p 0000a000 08:01 23624302                   /home/toolchain/development/libc++_replacement/tmp/R11/extracted/ff/ff59991b5cf650e0726c6f54af329bf9fbe7fd36f9f7c42dda22ca9742225e79/usr/lib64/libwebpmux.so.3.1.0
7a61d2e17000-7a61d2e18000 r--p 0000b000 08:01 23624302                   /home/toolchain/development/libc++_replacement/tmp/R11/extracted/ff/ff59991b5cf650e0726c6f54af329bf9fbe7fd36f9f7c42dda22ca9742225e79/usr/lib64/libwebpmux.so.3.1.0
7a61d2e18000-7a61d2e19000 rw-p 0000c000 08:01 23624302                   /home/toolchain/development/libc++_replacement/tmp/R11/extracted/ff/ff59991b5cf650e0726c6f54af329bf9fbe7fd36f9f7c42dda22ca9742225e79/usr/lib64/libwebpmux.so.3.1.0
7a61d2e19000-7a61d2e1a000 r--p 00000000 08:01 23624300                   /home/toolchain/development/libc++_replacement/tmp/R11/extracted/ff/ff59991b5cf650e0726c6f54af329bf9fbe7fd36f9f7c42dda22ca9742225e79/usr/lib64/libwebpdemux.so.2.0.15
7a61d2e1a000-7a61d2e1c000 r-xp 00001000 08:01 23624300                   /home/toolchain/development/libc++_replacement/tmp/R11/extracted/ff/ff59991b5cf650e0726c6f54af329bf9fbe7fd36f9f7c42dda22ca9742225e79/usr/lib64/libwebpdemux.so.2.0.15
7a61d2e1c000-7a61d2e1d000 r--p 00003000 08:01 23624300                   /home/toolchain/development/libc++_replacement/tmp/R11/extracted/ff/ff59991b5cf650e0726c6f54af329bf9fbe7fd36f9f7c42dda22ca9742225e79/usr/lib64/libwebpdemux.so.2.0.15
7a61d2e1d000-7a61d2e1e000 r--p 00003000 08:01 23624300                   /home/toolchain/development/libc++_replacement/tmp/R11/extracted/ff/ff59991b5cf650e0726c6f54af329bf9fbe7fd36f9f7c42dda22ca9742225e79/usr/lib64/libwebpdemux.so.2.0.15
7a61d2e1e000-7a61d2e1f000 rw-p 00004000 08:01 23624300                   /home/toolchain/development/libc++_replacement/tmp/R11/extracted/ff/ff59991b5cf650e0726c6f54af329bf9fbe7fd36f9f7c42dda22ca9742225e79/usr/lib64/libwebpdemux.so.2.0.15
7a61d2e1f000-7a61d2e25000 r--p 00000000 08:01 23621510                   /home/toolchain/development/libc++_replacement/tmp/R11/extracted/a2/a2e41cda0fbf3cd42aec10ab4fbe8577bb34c4eed1b965ca1e4612a2a674a85c/usr/lib64/libjpeg.so.8.3.2
7a61d2e25000-7a61d2ec4000 r-xp 00006000 08:01 23621510                   /home/toolchain/development/libc++_replacement/tmp/R11/extracted/a2/a2e41cda0fbf3cd42aec10ab4fbe8577bb34c4eed1b965ca1e4612a2a674a85c/usr/lib64/libjpeg.so.8.3.2
7a61d2ec4000-7a61d2eeb000 r--p 000a5000 08:01 23621510                   /home/toolchain/development/libc++_replacement/tmp/R11/extracted/a2/a2e41cda0fbf3cd42aec10ab4fbe8577bb34c4eed1b965ca1e4612a2a674a85c/usr/lib64/libjpeg.so.8.3.2
7a61d2eeb000-7a61d2eec000 r--p 000cc000 08:01 23621510                   /home/toolchain/development/libc++_replacement/tmp/R11/extracted/a2/a2e41cda0fbf3cd42aec10ab4fbe8577bb34c4eed1b965ca1e4612a2a674a85c/usr/lib64/libjpeg.so.8.3.2
7a61d2eec000-7a61d2eed000 rw-p 000cd000 08:01 23621510                   /home/toolchain/development/libc++_replacement/tmp/R11/extracted/a2/a2e41cda0fbf3cd42aec10ab4fbe8577bb34c4eed1b965ca1e4612a2a674a85c/usr/lib64/libjpeg.so.8.3.2
7a61d2eed000-7a61d2ef0000 r--p 00000000 08:01 23731623                   /home/toolchain/development/libc++_replacement/tmp/R11/extracted/12/12fb34fcc40539710ebe3ed74d9b66fa0f02a1bb0e154e5d8ddc395c04466364/lib64/libz.so.1.3.1
7a61d2ef0000-7a61d2efc000 r-xp 00003000 08:01 23731623                   /home/toolchain/development/libc++_replacement/tmp/R11/extracted/12/12fb34fcc40539710ebe3ed74d9b66fa0f02a1bb0e154e5d8ddc395c04466364/lib64/libz.so.1.3.1
7a61d2efc000-7a61d2f02000 r--p 0000f000 08:01 23731623                   /home/toolchain/development/libc++_replacement/tmp/R11/extracted/12/12fb34fcc40539710ebe3ed74d9b66fa0f02a1bb0e154e5d8ddc395c04466364/lib64/libz.so.1.3.1
7a61d2f02000-7a61d2f03000 r--p 00015000 08:01 23731623                   /home/toolchain/development/libc++_replacement/tmp/R11/extracted/12/12fb34fcc40539710ebe3ed74d9b66fa0f02a1bb0e154e5d8ddc395c04466364/lib64/libz.so.1.3.1
7a61d2f03000-7a61d2f04000 rw-p 00016000 08:01 23731623                   /home/toolchain/development/libc++_replacement/tmp/R11/extracted/12/12fb34fcc40539710ebe3ed74d9b66fa0f02a1bb0e154e5d8ddc395c04466364/lib64/libz.so.1.3.1
7a61d2f04000-7a61d2f09000 r--p 00000000 08:01 25824127                   /home/toolchain/development/libc++_replacement/tmp/R11/extracted/25/25dd2cce533e0ffc534108bdfc41f63c6c7ba6fbce3928dd549a82a2599b4a19/usr/lib64/libcapi-ui-inputmethod.so.0.11.6
7a61d2f09000-7a61d2f0f000 r-xp 00005000 08:01 25824127                   /home/toolchain/development/libc++_replacement/tmp/R11/extracted/25/25dd2cce533e0ffc534108bdfc41f63c6c7ba6fbce3928dd549a82a2599b4a19/usr/lib64/libcapi-ui-inputmethod.so.0.11.6
7a61d2f0f000-7a61d2f13000 r--p 0000b000 08:01 25824127                   /home/toolchain/development/libc++_replacement/tmp/R11/extracted/25/25dd2cce533e0ffc534108bdfc41f63c6c7ba6fbce3928dd549a82a2599b4a19/usr/lib64/libcapi-ui-inputmethod.so.0.11.6
7a61d2f13000-7a61d2f14000 r--p 0000e000 08:01 25824127                   /home/toolchain/development/libc++_replacement/tmp/R11/extracted/25/25dd2cce533e0ffc534108bdfc41f63c6c7ba6fbce3928dd549a82a2599b4a19/usr/lib64/libcapi-ui-inputmethod.so.0.11.6
7a61d2f14000-7a61d2f15000 rw-p 0000f000 08:01 25824127                   /home/toolchain/development/libc++_replacement/tmp/R11/extracted/25/25dd2cce533e0ffc534108bdfc41f63c6c7ba6fbce3928dd549a82a2599b4a19/usr/lib64/libcapi-ui-inputmethod.so.0.11.6
7a61d2f15000-7a61d2f17000 r--p 00000000 08:01 25714621                   /home/toolchain/development/libc++_replacement/tmp/R11/extracted/a2/a22eb8a32030f593796a558ab14cd9ba62b401ec24e52390615c9046c8ce0bdb/usr/lib64/libappcore-watch.so.1.7.25
7a61d2f17000-7a61d2f19000 r-xp 00002000 08:01 25714621                   /home/toolchain/development/libc++_replacement/tmp/R11/extracted/a2/a22eb8a32030f593796a558ab14cd9ba62b401ec24e52390615c9046c8ce0bdb/usr/lib64/libappcore-watch.so.1.7.25
7a61d2f19000-7a61d2f1b000 r--p 00004000 08:01 25714621                   /home/toolchain/development/libc++_replacement/tmp/R11/extracted/a2/a22eb8a32030f593796a558ab14cd9ba62b401ec24e52390615c9046c8ce0bdb/usr/lib64/libappcore-watch.so.1.7.25
7a61d2f1b000-7a61d2f1c000 r--p 00005000 08:01 25714621                   /home/toolchain/development/libc++_replacement/tmp/R11/extracted/a2/a22eb8a32030f593796a558ab14cd9ba62b401ec24e52390615c9046c8ce0bdb/usr/lib64/libappcore-watch.so.1.7.25
7a61d2f1c000-7a61d2f1d000 rw-p 00006000 08:01 25714621                   /home/toolchain/development/libc++_replacement/tmp/R11/extracted/a2/a22eb8a32030f593796a558ab14cd9ba62b401ec24e52390615c9046c8ce0bdb/usr/lib64/libappcore-watch.so.1.7.25
7a61d2f1d000-7a61d2f23000 r--p 00000000 08:01 26089310                   /home/toolchain/development/libc++_replacement/tmp/R11/extracted/62/626d64e7b0eea393d3afc64b3eea36a95207cd50cbb65b6e841e28736734c70a/usr/lib64/libwayland-client.so.0.23.1
7a61d2f23000-7a61d2f2a000 r-xp 00006000 08:01 26089310                   /home/toolchain/development/libc++_replacement/tmp/R11/extracted/62/626d64e7b0eea393d3afc64b3eea36a95207cd50cbb65b6e841e28736734c70a/usr/lib64/libwayland-client.so.0.23.1
7a61d2f2a000-7a61d2f2e000 r--p 0000d000 08:01 26089310                   /home/toolchain/development/libc++_replacement/tmp/R11/extracted/62/626d64e7b0eea393d3afc64b3eea36a95207cd50cbb65b6e841e28736734c70a/usr/lib64/libwayland-client.so.0.23.1
7a61d2f2e000-7a61d2f30000 r--p 00010000 08:01 26089310                   /home/toolchain/development/libc++_replacement/tmp/R11/extracted/62/626d64e7b0eea393d3afc64b3eea36a95207cd50cbb65b6e841e28736734c70a/usr/lib64/libwayland-client.so.0.23.1
7a61d2f30000-7a61d2f31000 rw-p 00012000 08:01 26089310                   /home/toolchain/development/libc++_replacement/tmp/R11/extracted/62/626d64e7b0eea393d3afc64b3eea36a95207cd50cbb65b6e841e28736734c70a/usr/lib64/libwayland-client.so.0.23.1
7a61d2f31000-7a61d2f37000 r--p 00000000 08:01 26089406                   /home/toolchain/development/libc++_replacement/tmp/R11/extracted/6e/6ea88a8be40d0a02d31f2d7f5b7e998e43bda209403c740d6385dc2b6b965039/usr/lib64/libtizen-extension-client.so.0.0.0
7a61d2f37000-7a61d2f38000 r-xp 00006000 08:01 26089406                   /home/toolchain/development/libc++_replacement/tmp/R11/extracted/6e/6ea88a8be40d0a02d31f2d7f5b7e998e43bda209403c740d6385dc2b6b965039/usr/lib64/libtizen-extension-client.so.0.0.0
7a61d2f38000-7a61d2f39000 r--p 00007000 08:01 26089406                   /home/toolchain/development/libc++_replacement/tmp/R11/extracted/6e/6ea88a8be40d0a02d31f2d7f5b7e998e43bda209403c740d6385dc2b6b965039/usr/lib64/libtizen-extension-client.so.0.0.0
7a61d2f39000-7a61d2f3b000 r--p 00008000 08:01 26089406                   /home/toolchain/development/libc++_replacement/tmp/R11/extracted/6e/6ea88a8be40d0a02d31f2d7f5b7e998e43bda209403c740d6385dc2b6b965039/usr/lib64/libtizen-extension-client.so.0.0.0
7a61d2f3b000-7a61d2f3c000 rw-p 0000a000 08:01 26089406                   /home/toolchain/development/libc++_replacement/tmp/R11/extracted/6e/6ea88a8be40d0a02d31f2d7f5b7e998e43bda209403c740d6385dc2b6b965039/usr/lib64/libtizen-extension-client.so.0.0.0
7a61d2f3c000-7a61d2f3f000 r--p 00000000 08:01 26089603                   /home/toolchain/development/libc++_replacement/tmp/R11/extracted/dc/dc8ad77d22cf9c9fd9268ad47f9c05af5298090bd485f043ef8f08f2f15444df/usr/lib64/libwebappenc.so.1.0.0
7a61d2f3f000-7a61d2f44000 r-xp 00003000 08:01 26089603                   /home/toolchain/development/libc++_replacement/tmp/R11/extracted/dc/dc8ad77d22cf9c9fd9268ad47f9c05af5298090bd485f043ef8f08f2f15444df/usr/lib64/libwebappenc.so.1.0.0
7a61d2f44000-7a61d2f47000 r--p 00008000 08:01 26089603                   /home/toolchain/development/libc++_replacement/tmp/R11/extracted/dc/dc8ad77d22cf9c9fd9268ad47f9c05af5298090bd485f043ef8f08f2f15444df/usr/lib64/libwebappenc.so.1.0.0
7a61d2f47000-7a61d2f48000 r--p 0000a000 08:01 26089603                   /home/toolchain/development/libc++_replacement/tmp/R11/extracted/dc/dc8ad77d22cf9c9fd9268ad47f9c05af5298090bd485f043ef8f08f2f15444df/usr/lib64/libwebappenc.so.1.0.0
7a61d2f48000-7a61d2f49000 rw-p 0000b000 08:01 26089603                   /home/toolchain/development/libc++_replacement/tmp/R11/extracted/dc/dc8ad77d22cf9c9fd9268ad47f9c05af5298090bd485f043ef8f08f2f15444df/usr/lib64/libwebappenc.so.1.0.0
7a61d2f49000-7a61d2f50000 r--p 00000000 08:01 26086057                   /home/toolchain/development/libc++_replacement/tmp/R11/extracted/0e/0efe61aee8b21b7428b6e9450634250a37528da99fe5adccaaf1b4e7430ae291/usr/lib64/liblaunchpad.so.0.50.17
7a61d2f50000-7a61d2f57000 r-xp 00007000 08:01 26086057                   /home/toolchain/development/libc++_replacement/tmp/R11/extracted/0e/0efe61aee8b21b7428b6e9450634250a37528da99fe5adccaaf1b4e7430ae291/usr/lib64/liblaunchpad.so.0.50.17
7a61d2f57000-7a61d2f5b000 r--p 0000e000 08:01 26086057                   /home/toolchain/development/libc++_replacement/tmp/R11/extracted/0e/0efe61aee8b21b7428b6e9450634250a37528da99fe5adccaaf1b4e7430ae291/usr/lib64/liblaunchpad.so.0.50.17
7a61d2f5b000-7a61d2f5c000 r--p 00011000 08:01 26086057                   /home/toolchain/development/libc++_replacement/tmp/R11/extracted/0e/0efe61aee8b21b7428b6e9450634250a37528da99fe5adccaaf1b4e7430ae291/usr/lib64/liblaunchpad.so.0.50.17
7a61d2f5c000-7a61d2f5d000 rw-p 00012000 08:01 26086057                   /home/toolchain/development/libc++_replacement/tmp/R11/extracted/0e/0efe61aee8b21b7428b6e9450634250a37528da99fe5adccaaf1b4e7430ae291/usr/lib64/liblaunchpad.so.0.50.17
7a61d2f5d000-7a61d2f5f000 r--p 00000000 08:01 26083945                   /home/toolchain/development/libc++_replacement/tmp/R11/extracted/d8/d8a6c8aea987eb4dd144cea29aa6edf069e6f7048e0d464aeee0819d8984767d/usr/lib64/libcynara-creds-self.so.0.26.0
7a61d2f5f000-7a61d2f61000 r-xp 00002000 08:01 26083945                   /home/toolchain/development/libc++_replacement/tmp/R11/extracted/d8/d8a6c8aea987eb4dd144cea29aa6edf069e6f7048e0d464aeee0819d8984767d/usr/lib64/libcynara-creds-self.so.0.26.0
7a61d2f61000-7a61d2f62000 r--p 00004000 08:01 26083945                   /home/toolchain/development/libc++_replacement/tmp/R11/extracted/d8/d8a6c8aea987eb4dd144cea29aa6edf069e6f7048e0d464aeee0819d8984767d/usr/lib64/libcynara-creds-self.so.0.26.0
7a61d2f62000-7a61d2f63000 r--p 00004000 08:01 26083945                   /home/toolchain/development/libc++_replacement/tmp/R11/extracted/d8/d8a6c8aea987eb4dd144cea29aa6edf069e6f7048e0d464aeee0819d8984767d/usr/lib64/libcynara-creds-self.so.0.26.0
7a61d2f63000-7a61d2f64000 rw-p 00005000 08:01 26083945                   /home/toolchain/development/libc++_replacement/tmp/R11/extracted/d8/d8a6c8aea987eb4dd144cea29aa6edf069e6f7048e0d464aeee0819d8984767d/usr/lib64/libcynara-creds-self.so.0.26.0
7a61d2f64000-7a61d2f67000 r--p 00000000 08:01 26083839                   /home/toolchain/development/libc++_replacement/tmp/R11/extracted/95/95baaefb26a50408eb4d7f5426aa17e1af2d62788151eb7b2113e095e0adcc37/usr/lib64/libcynara-client.so.0.26.0
7a61d2f67000-7a61d2f6e000 r-xp 00003000 08:01 26083839                   /home/toolchain/development/libc++_replacement/tmp/R11/extracted/95/95baaefb26a50408eb4d7f5426aa17e1af2d62788151eb7b2113e095e0adcc37/usr/lib64/libcynara-client.so.0.26.0
7a61d2f6e000-7a61d2f70000 r--p 0000a000 08:01 26083839                   /home/toolchain/development/libc++_replacement/tmp/R11/extracted/95/95baaefb26a50408eb4d7f5426aa17e1af2d62788151eb7b2113e095e0adcc37/usr/lib64/libcynara-client.so.0.26.0
7a61d2f70000-7a61d2f71000 r--p 0000c000 08:01 26083839                   /home/toolchain/development/libc++_replacement/tmp/R11/extracted/95/95baaefb26a50408eb4d7f5426aa17e1af2d62788151eb7b2113e095e0adcc37/usr/lib64/libcynara-client.so.0.26.0
7a61d2f71000-7a61d2f72000 rw-p 0000d000 08:01 26083839                   /home/toolchain/development/libc++_replacement/tmp/R11/extracted/95/95baaefb26a50408eb4d7f5426aa17e1af2d62788151eb7b2113e095e0adcc37/usr/lib64/libcynara-client.so.0.26.0
7a61d2f72000-7a61d2f7e000 r--p 00000000 08:01 25821195                   /home/toolchain/development/libc++_replacement/tmp/R11/extracted/e6/e6a861fe4b11824bcdfe69c7461bc524938667ca3a03897418ee4e4554a3886e/usr/lib64/libbundle.so.0.18.15
7a61d2f7e000-7a61d2f8d000 r-xp 0000c000 08:01 25821195                   /home/toolchain/development/libc++_replacement/tmp/R11/extracted/e6/e6a861fe4b11824bcdfe69c7461bc524938667ca3a03897418ee4e4554a3886e/usr/lib64/libbundle.so.0.18.15
7a61d2f8d000-7a61d2f93000 r--p 0001b000 08:01 25821195                   /home/toolchain/development/libc++_replacement/tmp/R11/extracted/e6/e6a861fe4b11824bcdfe69c7461bc524938667ca3a03897418ee4e4554a3886e/usr/lib64/libbundle.so.0.18.15
7a61d2f93000-7a61d2f94000 r--p 00020000 08:01 25821195                   /home/toolchain/development/libc++_replacement/tmp/R11/extracted/e6/e6a861fe4b11824bcdfe69c7461bc524938667ca3a03897418ee4e4554a3886e/usr/lib64/libbundle.so.0.18.15
7a61d2f94000-7a61d2f95000 rw-p 00021000 08:01 25821195                   /home/toolchain/development/libc++_replacement/tmp/R11/extracted/e6/e6a861fe4b11824bcdfe69c7461bc524938667ca3a03897418ee4e4554a3886e/usr/lib64/libbundle.so.0.18.15
7a61d2f95000-7a61d2fc7000 r--p 00000000 08:01 25716647                   /home/toolchain/development/libc++_replacement/tmp/R11/extracted/69/69a66bf21fe7e6ba583831be02eab8b25eb5b9e842da34e562195d8b1fe607ca/usr/lib64/libaul.so.0.84.11
7a61d2fc7000-7a61d302b000 r-xp 00032000 08:01 25716647                   /home/toolchain/development/libc++_replacement/tmp/R11/extracted/69/69a66bf21fe7e6ba583831be02eab8b25eb5b9e842da34e562195d8b1fe607ca/usr/lib64/libaul.so.0.84.11
7a61d302b000-7a61d3055000 r--p 00096000 08:01 25716647                   /home/toolchain/development/libc++_replacement/tmp/R11/extracted/69/69a66bf21fe7e6ba583831be02eab8b25eb5b9e842da34e562195d8b1fe607ca/usr/lib64/libaul.so.0.84.11
7a61d3055000-7a61d3057000 r--p 000bf000 08:01 25716647                   /home/toolchain/development/libc++_replacement/tmp/R11/extracted/69/69a66bf21fe7e6ba583831be02eab8b25eb5b9e842da34e562195d8b1fe607ca/usr/lib64/libaul.so.0.84.11
7a61d3057000-7a61d305a000 rw-p 000c1000 08:01 25716647                   /home/toolchain/development/libc++_replacement/tmp/R11/extracted/69/69a66bf21fe7e6ba583831be02eab8b25eb5b9e842da34e562195d8b1fe607ca/usr/lib64/libaul.so.0.84.11
7a61d305a000-7a61d3061000 r--p 00000000 08:01 25954518                   /home/toolchain/development/libc++_replacement/tmp/R11/extracted/a4/a475207de28a5a6071d20b4b2a8fd1d70012dca57ce0e81108e8011301462a91/usr/lib64/libfontconfig.so.1.12.0
7a61d3061000-7a61d3082000 r-xp 00007000 08:01 25954518                   /home/toolchain/development/libc++_replacement/tmp/R11/extracted/a4/a475207de28a5a6071d20b4b2a8fd1d70012dca57ce0e81108e8011301462a91/usr/lib64/libfontconfig.so.1.12.0
7a61d3082000-7a61d3099000 r--p 00028000 08:01 25954518                   /home/toolchain/development/libc++_replacement/tmp/R11/extracted/a4/a475207de28a5a6071d20b4b2a8fd1d70012dca57ce0e81108e8011301462a91/usr/lib64/libfontconfig.so.1.12.0
7a61d3099000-7a61d309b000 r--p 0003f000 08:01 25954518                   /home/toolchain/development/libc++_replacement/tmp/R11/extracted/a4/a475207de28a5a6071d20b4b2a8fd1d70012dca57ce0e81108e8011301462a91/usr/lib64/libfontconfig.so.1.12.0
7a61d309b000-7a61d309c000 rw-p 00041000 08:01 25954518                   /home/toolchain/development/libc++_replacement/tmp/R11/extracted/a4/a475207de28a5a6071d20b4b2a8fd1d70012dca57ce0e81108e8011301462a91/usr/lib64/libfontconfig.so.1.12.0
7a61d309c000-7a61d30a9000 r--p 00000000 08:01 25833205                   /home/toolchain/development/libc++_replacement/tmp/R11/extracted/60/601387b7ea2bd783c17c7d962709c8135ce3517374d8c92302b0d0bfefba4836/usr/lib64/libdbus-1.so.3.19.13
7a61d30a9000-7a61d30d3000 r-xp 0000d000 08:01 25833205                   /home/toolchain/development/libc++_replacement/tmp/R11/extracted/60/601387b7ea2bd783c17c7d962709c8135ce3517374d8c92302b0d0bfefba4836/usr/lib64/libdbus-1.so.3.19.13
7a61d30d3000-7a61d30e5000 r--p 00037000 08:01 25833205                   /home/toolchain/development/libc++_replacement/tmp/R11/extracted/60/601387b7ea2bd783c17c7d962709c8135ce3517374d8c92302b0d0bfefba4836/usr/lib64/libdbus-1.so.3.19.13
7a61d30e5000-7a61d30e7000 rw-p 00049000 08:01 25833205                   /home/toolchain/development/libc++_replacement/tmp/R11/extracted/60/601387b7ea2bd783c17c7d962709c8135ce3517374d8c92302b0d0bfefba4836/usr/lib64/libdbus-1.so.3.19.13
7a61d30e7000-7a61d3129000 r--p 00000000 08:01 25861320                   /home/toolchain/development/libc++_replacement/tmp/R11/extracted/81/81f15d544a17a15af43bbf75dd529db933bd56a6de08c2ea5c3aa6c8b57a251c/usr/lib64/libesplusplayer.so
7a61d3129000-7a61d3155000 r-xp 00042000 08:01 25861320                   /home/toolchain/development/libc++_replacement/tmp/R11/extracted/81/81f15d544a17a15af43bbf75dd529db933bd56a6de08c2ea5c3aa6c8b57a251c/usr/lib64/libesplusplayer.so
7a61d3155000-7a61d3170000 r--p 0006e000 08:01 25861320                   /home/toolchain/development/libc++_replacement/tmp/R11/extracted/81/81f15d544a17a15af43bbf75dd529db933bd56a6de08c2ea5c3aa6c8b57a251c/usr/lib64/libesplusplayer.so
7a61d3170000-7a61d3173000 r--p 00088000 08:01 25861320                   /home/toolchain/development/libc++_replacement/tmp/R11/extracted/81/81f15d544a17a15af43bbf75dd529db933bd56a6de08c2ea5c3aa6c8b57a251c/usr/lib64/libesplusplayer.so
7a61d3173000-7a61d3175000 rw-p 0008b000 08:01 25861320                   /home/toolchain/development/libc++_replacement/tmp/R11/extracted/81/81f15d544a17a15af43bbf75dd529db933bd56a6de08c2ea5c3aa6c8b57a251c/usr/lib64/libesplusplayer.so
7a61d3175000-7a61d317c000 r--p 00000000 08:01 25822423                   /home/toolchain/development/libc++_replacement/tmp/R11/extracted/47/47581cd3d3b281f80d3b6829bd7c19f01e4dfd169d4352f350554d3a8146c771/usr/lib64/libcapi-media-sound-manager.so.0.7.19
7a61d317c000-7a61d3192000 r-xp 00007000 08:01 25822423                   /home/toolchain/development/libc++_replacement/tmp/R11/extracted/47/47581cd3d3b281f80d3b6829bd7c19f01e4dfd169d4352f350554d3a8146c771/usr/lib64/libcapi-media-sound-manager.so.0.7.19
7a61d3192000-7a61d319c000 r--p 0001d000 08:01 25822423                   /home/toolchain/development/libc++_replacement/tmp/R11/extracted/47/47581cd3d3b281f80d3b6829bd7c19f01e4dfd169d4352f350554d3a8146c771/usr/lib64/libcapi-media-sound-manager.so.0.7.19
7a61d319c000-7a61d319d000 r--p 00026000 08:01 25822423                   /home/toolchain/development/libc++_replacement/tmp/R11/extracted/47/47581cd3d3b281f80d3b6829bd7c19f01e4dfd169d4352f350554d3a8146c771/usr/lib64/libcapi-media-sound-manager.so.0.7.19
7a61d319d000-7a61d319e000 rw-p 00027000 08:01 25822423                   /home/toolchain/development/libc++_replacement/tmp/R11/extracted/47/47581cd3d3b281f80d3b6829bd7c19f01e4dfd169d4352f350554d3a8146c771/usr/lib64/libcapi-media-sound-manager.so.0.7.19
7a61d319e000-7a61d319f000 rw-p 00000000 00:00 0 
7a61d319f000-7a61d31a1000 r--p 00000000 08:01 26088966                   /home/toolchain/development/libc++_replacement/tmp/R11/extracted/ad/ad4af909f8d8f80ae029d0a9b0e88624ebca01155a39579ff7422012cd9f472c/usr/lib64/libtzplatform-config-2.0.so.2.0.0
7a61d31a1000-7a61d31a4000 r-xp 00002000 08:01 26088966                   /home/toolchain/development/libc++_replacement/tmp/R11/extracted/ad/ad4af909f8d8f80ae029d0a9b0e88624ebca01155a39579ff7422012cd9f472c/usr/lib64/libtzplatform-config-2.0.so.2.0.0
7a61d31a4000-7a61d31a7000 r--p 00005000 08:01 26088966                   /home/toolchain/development/libc++_replacement/tmp/R11/extracted/ad/ad4af909f8d8f80ae029d0a9b0e88624ebca01155a39579ff7422012cd9f472c/usr/lib64/libtzplatform-config-2.0.so.2.0.0
7a61d31a7000-7a61d31a8000 r--p 00007000 08:01 26088966                   /home/toolchain/development/libc++_replacement/tmp/R11/extracted/ad/ad4af909f8d8f80ae029d0a9b0e88624ebca01155a39579ff7422012cd9f472c/usr/lib64/libtzplatform-config-2.0.so.2.0.0
7a61d31a8000-7a61d31a9000 rw-p 00008000 08:01 26088966                   /home/toolchain/development/libc++_replacement/tmp/R11/extracted/ad/ad4af909f8d8f80ae029d0a9b0e88624ebca01155a39579ff7422012cd9f472c/usr/lib64/libtzplatform-config-2.0.so.2.0.0
7a61d31a9000-7a61d31b3000 rw-p 00000000 00:00 0 
7a61d31b3000-7a61d31c0000 r--p 00000000 08:01 25821479                   /home/toolchain/development/libc++_replacement/tmp/R11/extracted/23/2374eef75f0010963c1f48deae26a5a93cfb8557d2bec6d178bdeae0d9bcf05d/usr/lib64/libcapi-appfw-app-control.so.0.26.2
7a61d31c0000-7a61d31ce000 r-xp 0000d000 08:01 25821479                   /home/toolchain/development/libc++_replacement/tmp/R11/extracted/23/2374eef75f0010963c1f48deae26a5a93cfb8557d2bec6d178bdeae0d9bcf05d/usr/lib64/libcapi-appfw-app-control.so.0.26.2
7a61d31ce000-7a61d31d5000 r--p 0001b000 08:01 25821479                   /home/toolchain/development/libc++_replacement/tmp/R11/extracted/23/2374eef75f0010963c1f48deae26a5a93cfb8557d2bec6d178bdeae0d9bcf05d/usr/lib64/libcapi-appfw-app-control.so.0.26.2
7a61d31d5000-7a61d31d6000 r--p 00021000 08:01 25821479                   /home/toolchain/development/libc++_replacement/tmp/R11/extracted/23/2374eef75f0010963c1f48deae26a5a93cfb8557d2bec6d178bdeae0d9bcf05d/usr/lib64/libcapi-appfw-app-control.so.0.26.2
7a61d31d6000-7a61d31d7000 rw-p 00022000 08:01 25821479                   /home/toolchain/development/libc++_replacement/tmp/R11/extracted/23/2374eef75f0010963c1f48deae26a5a93cfb8557d2bec6d178bdeae0d9bcf05d/usr/lib64/libcapi-appfw-app-control.so.0.26.2
7a61d31d7000-7a61d31df000 r--p 00000000 08:01 26087789                   /home/toolchain/development/libc++_replacement/tmp/R11/extracted/a7/a7847b1b255ad6080ab6100e9e7cc1fdf9c01a347c867e4ed41d109d7d61db75/usr/lib64/libsecurity-manager-client.so.3.0.0
7a61d31df000-7a61d3211000 r-xp 00008000 08:01 26087789                   /home/toolchain/development/libc++_replacement/tmp/R11/extracted/a7/a7847b1b255ad6080ab6100e9e7cc1fdf9c01a347c867e4ed41d109d7d61db75/usr/lib64/libsecurity-manager-client.so.3.0.0
7a61d3211000-7a61d321d000 r--p 0003a000 08:01 26087789                   /home/toolchain/development/libc++_replacement/tmp/R11/extracted/a7/a7847b1b255ad6080ab6100e9e7cc1fdf9c01a347c867e4ed41d109d7d61db75/usr/lib64/libsecurity-manager-client.so.3.0.0
7a61d321d000-7a61d321e000 r--p 00045000 08:01 26087789                   /home/toolchain/development/libc++_replacement/tmp/R11/extracted/a7/a7847b1b255ad6080ab6100e9e7cc1fdf9c01a347c867e4ed41d109d7d61db75/usr/lib64/libsecurity-manager-client.so.3.0.0
7a61d321e000-7a61d321f000 rw-p 00046000 08:01 26087789                   /home/toolchain/development/libc++_replacement/tmp/R11/extracted/a7/a7847b1b255ad6080ab6100e9e7cc1fdf9c01a347c867e4ed41d109d7d61db75/usr/lib64/libsecurity-manager-client.so.3.0.0
7a61d321f000-7a61d3221000 rw-p 00000000 00:00 0 
7a61d3221000-7a61d328e000 r--p 00000000 08:01 23622770                   /home/toolchain/development/libc++_replacement/tmp/R11/extracted/84/8477c684d513edca7d64706710711e51c74cfc270048526e4cd3604d0dc19c47/usr/lib64/libicuuc.so.78.1
7a61d328e000-7a61d3359000 r-xp 0006d000 08:01 23622770                   /home/toolchain/development/libc++_replacement/tmp/R11/extracted/84/8477c684d513edca7d64706710711e51c74cfc270048526e4cd3604d0dc19c47/usr/lib64/libicuuc.so.78.1
7a61d3359000-7a61d33e8000 r--p 00138000 08:01 23622770                   /home/toolchain/development/libc++_replacement/tmp/R11/extracted/84/8477c684d513edca7d64706710711e51c74cfc270048526e4cd3604d0dc19c47/usr/lib64/libicuuc.so.78.1
7a61d33e8000-7a61d33fb000 r--p 001c6000 08:01 23622770                   /home/toolchain/development/libc++_replacement/tmp/R11/extracted/84/8477c684d513edca7d64706710711e51c74cfc270048526e4cd3604d0dc19c47/usr/lib64/libicuuc.so.78.1
7a61d33fb000-7a61d33fc000 rw-p 001d9000 08:01 23622770                   /home/toolchain/development/libc++_replacement/tmp/R11/extracted/84/8477c684d513edca7d64706710711e51c74cfc270048526e4cd3604d0dc19c47/usr/lib64/libicuuc.so.78.1
7a61d33fc000-7a61d3400000 rw-p 00000000 00:00 0 
7a61d3400000-7a61d3515000 r--p 00000000 08:01 23622633                   /home/toolchain/development/libc++_replacement/tmp/R11/extracted/84/8477c684d513edca7d64706710711e51c74cfc270048526e4cd3604d0dc19c47/usr/lib64/libicui18n.so.78.1
7a61d3515000-7a61d3681000 r-xp 00115000 08:01 23622633                   /home/toolchain/development/libc++_replacement/tmp/R11/extracted/84/8477c684d513edca7d64706710711e51c74cfc270048526e4cd3604d0dc19c47/usr/lib64/libicui18n.so.78.1
7a61d3681000-7a61d3702000 r--p 00281000 08:01 23622633                   /home/toolchain/development/libc++_replacement/tmp/R11/extracted/84/8477c684d513edca7d64706710711e51c74cfc270048526e4cd3604d0dc19c47/usr/lib64/libicui18n.so.78.1
7a61d3702000-7a61d3713000 r--p 00302000 08:01 23622633                   /home/toolchain/development/libc++_replacement/tmp/R11/extracted/84/8477c684d513edca7d64706710711e51c74cfc270048526e4cd3604d0dc19c47/usr/lib64/libicui18n.so.78.1
7a61d3713000-7a61d3715000 rw-p 00313000 08:01 23622633                   /home/toolchain/development/libc++_replacement/tmp/R11/extracted/84/8477c684d513edca7d64706710711e51c74cfc270048526e4cd3604d0dc19c47/usr/lib64/libicui18n.so.78.1
7a61d3715000-7a61d3716000 rw-p 00000000 00:00 0 
7a61d3719000-7a61d371b000 r--p 00000000 08:01 26083925                   /home/toolchain/development/libc++_replacement/tmp/R11/extracted/56/566dfdf8a9cfe95434b1b1ea5ee3d54a86da7d6a465cb718cac7ff698b15aacc/usr/lib64/libcynara-creds-pid.so.0.26.0
7a61d371b000-7a61d371e000 r-xp 00002000 08:01 26083925                   /home/toolchain/development/libc++_replacement/tmp/R11/extracted/56/566dfdf8a9cfe95434b1b1ea5ee3d54a86da7d6a465cb718cac7ff698b15aacc/usr/lib64/libcynara-creds-pid.so.0.26.0
7a61d371e000-7a61d371f000 r--p 00005000 08:01 26083925                   /home/toolchain/development/libc++_replacement/tmp/R11/extracted/56/566dfdf8a9cfe95434b1b1ea5ee3d54a86da7d6a465cb718cac7ff698b15aacc/usr/lib64/libcynara-creds-pid.so.0.26.0
7a61d371f000-7a61d3720000 r--p 00005000 08:01 26083925                   /home/toolchain/development/libc++_replacement/tmp/R11/extracted/56/566dfdf8a9cfe95434b1b1ea5ee3d54a86da7d6a465cb718cac7ff698b15aacc/usr/lib64/libcynara-creds-pid.so.0.26.0
7a61d3720000-7a61d3721000 rw-p 00006000 08:01 26083925                   /home/toolchain/development/libc++_replacement/tmp/R11/extracted/56/566dfdf8a9cfe95434b1b1ea5ee3d54a86da7d6a465cb718cac7ff698b15aacc/usr/lib64/libcynara-creds-pid.so.0.26.0
7a61d3721000-7a61d3723000 r--p 00000000 08:01 25714424                   /home/toolchain/development/libc++_replacement/tmp/R11/extracted/c3/c3d22a505a18075e3ffa2d8906fbef5244a37495d1b4b4d03c0fd415e1a5fbfc/usr/lib64/libappsvc.so.0.1.0
7a61d3723000-7a61d3724000 r-xp 00002000 08:01 25714424                   /home/toolchain/development/libc++_replacement/tmp/R11/extracted/c3/c3d22a505a18075e3ffa2d8906fbef5244a37495d1b4b4d03c0fd415e1a5fbfc/usr/lib64/libappsvc.so.0.1.0
7a61d3724000-7a61d3725000 r--p 00003000 08:01 25714424                   /home/toolchain/development/libc++_replacement/tmp/R11/extracted/c3/c3d22a505a18075e3ffa2d8906fbef5244a37495d1b4b4d03c0fd415e1a5fbfc/usr/lib64/libappsvc.so.0.1.0
7a61d3725000-7a61d3726000 r--p 00003000 08:01 25714424                   /home/toolchain/development/libc++_replacement/tmp/R11/extracted/c3/c3d22a505a18075e3ffa2d8906fbef5244a37495d1b4b4d03c0fd415e1a5fbfc/usr/lib64/libappsvc.so.0.1.0
7a61d3726000-7a61d3727000 rw-p 00004000 08:01 25714424                   /home/toolchain/development/libc++_replacement/tmp/R11/extracted/c3/c3d22a505a18075e3ffa2d8906fbef5244a37495d1b4b4d03c0fd415e1a5fbfc/usr/lib64/libappsvc.so.0.1.0
7a61d3727000-7a61d372a000 r--p 00000000 08:01 25821531                   /home/toolchain/development/libc++_replacement/tmp/R11/extracted/04/0479582cf854b1e79cb313ce7fd578827584ea85f8f71ffadd3e1d12128c8a91/usr/lib64/libcapi-appfw-application.so.0.10.2
7a61d372a000-7a61d372c000 r-xp 00003000 08:01 25821531                   /home/toolchain/development/libc++_replacement/tmp/R11/extracted/04/0479582cf854b1e79cb313ce7fd578827584ea85f8f71ffadd3e1d12128c8a91/usr/lib64/libcapi-appfw-application.so.0.10.2
7a61d372c000-7a61d372d000 r--p 00005000 08:01 25821531                   /home/toolchain/development/libc++_replacement/tmp/R11/extracted/04/0479582cf854b1e79cb313ce7fd578827584ea85f8f71ffadd3e1d12128c8a91/usr/lib64/libcapi-appfw-application.so.0.10.2
7a61d372d000-7a61d372e000 r--p 00005000 08:01 25821531                   /home/toolchain/development/libc++_replacement/tmp/R11/extracted/04/0479582cf854b1e79cb313ce7fd578827584ea85f8f71ffadd3e1d12128c8a91/usr/lib64/libcapi-appfw-application.so.0.10.2
7a61d372e000-7a61d372f000 rw-p 00006000 08:01 25821531                   /home/toolchain/development/libc++_replacement/tmp/R11/extracted/04/0479582cf854b1e79cb313ce7fd578827584ea85f8f71ffadd3e1d12128c8a91/usr/lib64/libcapi-appfw-application.so.0.10.2
7a61d372f000-7a61d3733000 r--p 00000000 08:01 25821439                   /home/toolchain/development/libc++_replacement/tmp/R11/extracted/2d/2db93a11342170ce85b76bc63395af906a97a6b30562d002075f95355fb45b9b/usr/lib64/libcapi-appfw-app-common.so.0.16.3
7a61d3733000-7a61d3736000 r-xp 00004000 08:01 25821439                   /home/toolchain/development/libc++_replacement/tmp/R11/extracted/2d/2db93a11342170ce85b76bc63395af906a97a6b30562d002075f95355fb45b9b/usr/lib64/libcapi-appfw-app-common.so.0.16.3
7a61d3736000-7a61d3738000 r--p 00007000 08:01 25821439                   /home/toolchain/development/libc++_replacement/tmp/R11/extracted/2d/2db93a11342170ce85b76bc63395af906a97a6b30562d002075f95355fb45b9b/usr/lib64/libcapi-appfw-app-common.so.0.16.3
7a61d3738000-7a61d3739000 r--p 00008000 08:01 25821439                   /home/toolchain/development/libc++_replacement/tmp/R11/extracted/2d/2db93a11342170ce85b76bc63395af906a97a6b30562d002075f95355fb45b9b/usr/lib64/libcapi-appfw-app-common.so.0.16.3
7a61d3739000-7a61d373a000 rw-p 00009000 08:01 25821439                   /home/toolchain/development/libc++_replacement/tmp/R11/extracted/2d/2db93a11342170ce85b76bc63395af906a97a6b30562d002075f95355fb45b9b/usr/lib64/libcapi-appfw-app-common.so.0.16.3
7a61d373a000-7a61d3741000 r--p 00000000 08:01 25823869                   /home/toolchain/development/libc++_replacement/tmp/R11/extracted/2e/2efdc4af985c3e3c7079941938cbddcdb89a13aefeb09446cdfb03a07d1a6100/usr/lib64/libcapi-system-sensor.so.0.2.5
7a61d3741000-7a61d3748000 r-xp 00007000 08:01 25823869                   /home/toolchain/development/libc++_replacement/tmp/R11/extracted/2e/2efdc4af985c3e3c7079941938cbddcdb89a13aefeb09446cdfb03a07d1a6100/usr/lib64/libcapi-system-sensor.so.0.2.5
7a61d3748000-7a61d374c000 r--p 0000e000 08:01 25823869                   /home/toolchain/development/libc++_replacement/tmp/R11/extracted/2e/2efdc4af985c3e3c7079941938cbddcdb89a13aefeb09446cdfb03a07d1a6100/usr/lib64/libcapi-system-sensor.so.0.2.5
7a61d374c000-7a61d374d000 r--p 00011000 08:01 25823869                   /home/toolchain/development/libc++_replacement/tmp/R11/extracted/2e/2efdc4af985c3e3c7079941938cbddcdb89a13aefeb09446cdfb03a07d1a6100/usr/lib64/libcapi-system-sensor.so.0.2.5
7a61d374d000-7a61d374e000 rw-p 00012000 08:01 25823869                   /home/toolchain/development/libc++_replacement/tmp/R11/extracted/2e/2efdc4af985c3e3c7079941938cbddcdb89a13aefeb09446cdfb03a07d1a6100/usr/lib64/libcapi-system-sensor.so.0.2.5
7a61d374e000-7a61d374f000 rw-p 00000000 00:00 0 
7a61d374f000-7a61d3758000 r--p 00000000 08:01 23629702                   /home/toolchain/development/libc++_replacement/tmp/R11/extracted/e2/e222622001e775e93cf6c80877dbf05524a7b18c411a4ec94cab6ab5026a00e6/usr/lib64/libsmime3.so
7a61d3758000-7a61d376d000 r-xp 00009000 08:01 23629702                   /home/toolchain/development/libc++_replacement/tmp/R11/extracted/e2/e222622001e775e93cf6c80877dbf05524a7b18c411a4ec94cab6ab5026a00e6/usr/lib64/libsmime3.so
7a61d376d000-7a61d3773000 r--p 0001e000 08:01 23629702                   /home/toolchain/development/libc++_replacement/tmp/R11/extracted/e2/e222622001e775e93cf6c80877dbf05524a7b18c411a4ec94cab6ab5026a00e6/usr/lib64/libsmime3.so
7a61d3773000-7a61d3776000 r--p 00023000 08:01 23629702                   /home/toolchain/development/libc++_replacement/tmp/R11/extracted/e2/e222622001e775e93cf6c80877dbf05524a7b18c411a4ec94cab6ab5026a00e6/usr/lib64/libsmime3.so
7a61d3776000-7a61d3777000 rw-p 00026000 08:01 23629702                   /home/toolchain/development/libc++_replacement/tmp/R11/extracted/e2/e222622001e775e93cf6c80877dbf05524a7b18c411a4ec94cab6ab5026a00e6/usr/lib64/libsmime3.so
7a61d3777000-7a61d3784000 r--p 00000000 08:01 23629701                   /home/toolchain/development/libc++_replacement/tmp/R11/extracted/e2/e222622001e775e93cf6c80877dbf05524a7b18c411a4ec94cab6ab5026a00e6/usr/lib64/libnssutil3.so
7a61d3784000-7a61d3793000 r-xp 0000d000 08:01 23629701                   /home/toolchain/development/libc++_replacement/tmp/R11/extracted/e2/e222622001e775e93cf6c80877dbf05524a7b18c411a4ec94cab6ab5026a00e6/usr/lib64/libnssutil3.so
7a61d3793000-7a61d379e000 r--p 0001c000 08:01 23629701                   /home/toolchain/development/libc++_replacement/tmp/R11/extracted/e2/e222622001e775e93cf6c80877dbf05524a7b18c411a4ec94cab6ab5026a00e6/usr/lib64/libnssutil3.so
7a61d379e000-7a61d37a5000 r--p 00027000 08:01 23629701                   /home/toolchain/development/libc++_replacement/tmp/R11/extracted/e2/e222622001e775e93cf6c80877dbf05524a7b18c411a4ec94cab6ab5026a00e6/usr/lib64/libnssutil3.so
7a61d37a5000-7a61d37a6000 rw-p 0002e000 08:01 23629701                   /home/toolchain/development/libc++_replacement/tmp/R11/extracted/e2/e222622001e775e93cf6c80877dbf05524a7b18c411a4ec94cab6ab5026a00e6/usr/lib64/libnssutil3.so
7a61d37a6000-7a61d37c0000 r--p 00000000 08:01 23629698                   /home/toolchain/development/libc++_replacement/tmp/R11/extracted/e2/e222622001e775e93cf6c80877dbf05524a7b18c411a4ec94cab6ab5026a00e6/usr/lib64/libnss3.so
7a61d37c0000-7a61d386d000 r-xp 0001a000 08:01 23629698                   /home/toolchain/development/libc++_replacement/tmp/R11/extracted/e2/e222622001e775e93cf6c80877dbf05524a7b18c411a4ec94cab6ab5026a00e6/usr/lib64/libnss3.so
7a61d386d000-7a61d389c000 r--p 000c7000 08:01 23629698                   /home/toolchain/development/libc++_replacement/tmp/R11/extracted/e2/e222622001e775e93cf6c80877dbf05524a7b18c411a4ec94cab6ab5026a00e6/usr/lib64/libnss3.so
7a61d389c000-7a61d38a3000 r--p 000f6000 08:01 23629698                   /home/toolchain/development/libc++_replacement/tmp/R11/extracted/e2/e222622001e775e93cf6c80877dbf05524a7b18c411a4ec94cab6ab5026a00e6/usr/lib64/libnss3.so
7a61d38a3000-7a61d38a4000 rw-p 000fd000 08:01 23629698                   /home/toolchain/development/libc++_replacement/tmp/R11/extracted/e2/e222622001e775e93cf6c80877dbf05524a7b18c411a4ec94cab6ab5026a00e6/usr/lib64/libnss3.so
7a61d38a4000-7a61d38a6000 rw-p 00000000 00:00 0 
7a61d38a6000-7a61d38b2000 r--p 00000000 08:01 23629631                   /home/toolchain/development/libc++_replacement/tmp/R11/extracted/1b/1b1e0c06f14e8cdd3e58db640159ac4e12089b52793ac3f1f73079d5be9493b5/usr/lib64/libnspr4.so
7a61d38b2000-7a61d38ce000 r-xp 0000c000 08:01 23629631                   /home/toolchain/development/libc++_replacement/tmp/R11/extracted/1b/1b1e0c06f14e8cdd3e58db640159ac4e12089b52793ac3f1f73079d5be9493b5/usr/lib64/libnspr4.so
7a61d38ce000-7a61d38d9000 r--p 00028000 08:01 23629631                   /home/toolchain/development/libc++_replacement/tmp/R11/extracted/1b/1b1e0c06f14e8cdd3e58db640159ac4e12089b52793ac3f1f73079d5be9493b5/usr/lib64/libnspr4.so
7a61d38d9000-7a61d38db000 r--p 00032000 08:01 23629631                   /home/toolchain/development/libc++_replacement/tmp/R11/extracted/1b/1b1e0c06f14e8cdd3e58db640159ac4e12089b52793ac3f1f73079d5be9493b5/usr/lib64/libnspr4.so
7a61d38db000-7a61d38dc000 rw-p 00034000 08:01 23629631                   /home/toolchain/development/libc++_replacement/tmp/R11/extracted/1b/1b1e0c06f14e8cdd3e58db640159ac4e12089b52793ac3f1f73079d5be9493b5/usr/lib64/libnspr4.so
7a61d38dc000-7a61d38df000 rw-p 00000000 00:00 0 
7a61d38df000-7a61d38eb000 r--p 00000000 08:01 26004566                   /home/toolchain/development/libc++_replacement/tmp/R11/extracted/13/130cb9ce0ab2b3bfe89db04629e44f7b9d35ca038c71c00198b93c379a23795e/usr/lib64/libatk-bridge-2.0.so.0.0.0
7a61d38eb000-7a61d3900000 r-xp 0000c000 08:01 26004566                   /home/toolchain/development/libc++_replacement/tmp/R11/extracted/13/130cb9ce0ab2b3bfe89db04629e44f7b9d35ca038c71c00198b93c379a23795e/usr/lib64/libatk-bridge-2.0.so.0.0.0
7a61d3900000-7a61d390d000 r--p 00021000 08:01 26004566                   /home/toolchain/development/libc++_replacement/tmp/R11/extracted/13/130cb9ce0ab2b3bfe89db04629e44f7b9d35ca038c71c00198b93c379a23795e/usr/lib64/libatk-bridge-2.0.so.0.0.0
7a61d390d000-7a61d390e000 r--p 0002e000 08:01 26004566                   /home/toolchain/development/libc++_replacement/tmp/R11/extracted/13/130cb9ce0ab2b3bfe89db04629e44f7b9d35ca038c71c00198b93c379a23795e/usr/lib64/libatk-bridge-2.0.so.0.0.0
7a61d390e000-7a61d3910000 rw-p 0002f000 08:01 26004566                   /home/toolchain/development/libc++_replacement/tmp/R11/extracted/13/130cb9ce0ab2b3bfe89db04629e44f7b9d35ca038c71c00198b93c379a23795e/usr/lib64/libatk-bridge-2.0.so.0.0.0
7a61d3910000-7a61d3911000 rw-p 00000000 00:00 0 
7a61d3911000-7a61d3920000 r--p 00000000 08:01 26085460                   /home/toolchain/development/libc++_replacement/tmp/R11/extracted/e4/e41cd6fb69e5ce4b5df0549d05d30debb1bb74f0bb9e6f16412063a99dd31b6a/usr/lib64/libgobject-2.0.so.0.8000.5
7a61d3920000-7a61d394a000 r-xp 0000f000 08:01 26085460                   /home/toolchain/development/libc++_replacement/tmp/R11/extracted/e4/e41cd6fb69e5ce4b5df0549d05d30debb1bb74f0bb9e6f16412063a99dd31b6a/usr/lib64/libgobject-2.0.so.0.8000.5
7a61d394a000-7a61d3961000 r--p 00039000 08:01 26085460                   /home/toolchain/development/libc++_replacement/tmp/R11/extracted/e4/e41cd6fb69e5ce4b5df0549d05d30debb1bb74f0bb9e6f16412063a99dd31b6a/usr/lib64/libgobject-2.0.so.0.8000.5
7a61d3961000-7a61d3964000 r--p 00050000 08:01 26085460                   /home/toolchain/development/libc++_replacement/tmp/R11/extracted/e4/e41cd6fb69e5ce4b5df0549d05d30debb1bb74f0bb9e6f16412063a99dd31b6a/usr/lib64/libgobject-2.0.so.0.8000.5
7a61d3964000-7a61d3965000 rw-p 00053000 08:01 26085460                   /home/toolchain/development/libc++_replacement/tmp/R11/extracted/e4/e41cd6fb69e5ce4b5df0549d05d30debb1bb74f0bb9e6f16412063a99dd31b6a/usr/lib64/libgobject-2.0.so.0.8000.5
7a61d3965000-7a61d3966000 rw-p 00000000 00:00 0 
7a61d3966000-7a61d3970000 r--p 00000000 08:01 26004572                   /home/toolchain/development/libc++_replacement/tmp/R11/extracted/a5/a57456a2a67f4376afe8451360488853610e4d3240787426245471b660b35c57/usr/lib64/libatk-1.0.so.0.23609.1
7a61d3970000-7a61d397f000 r-xp 0000a000 08:01 26004572                   /home/toolchain/development/libc++_replacement/tmp/R11/extracted/a5/a57456a2a67f4376afe8451360488853610e4d3240787426245471b660b35c57/usr/lib64/libatk-1.0.so.0.23609.1
7a61d397f000-7a61d3989000 r--p 00019000 08:01 26004572                   /home/toolchain/development/libc++_replacement/tmp/R11/extracted/a5/a57456a2a67f4376afe8451360488853610e4d3240787426245471b660b35c57/usr/lib64/libatk-1.0.so.0.23609.1
7a61d3989000-7a61d398c000 r--p 00023000 08:01 26004572                   /home/toolchain/development/libc++_replacement/tmp/R11/extracted/a5/a57456a2a67f4376afe8451360488853610e4d3240787426245471b660b35c57/usr/lib64/libatk-1.0.so.0.23609.1
7a61d398c000-7a61d398d000 rw-p 00026000 08:01 26004572                   /home/toolchain/development/libc++_replacement/tmp/R11/extracted/a5/a57456a2a67f4376afe8451360488853610e4d3240787426245471b660b35c57/usr/lib64/libatk-1.0.so.0.23609.1
7a61d398d000-7a61d399f000 r--p 00000000 08:01 25835259                   /home/toolchain/development/libc++_replacement/tmp/R11/extracted/a5/a563335a2be3f46293082fd3f9c05ccc99a459c6d964a2f7158e4560e7300812/usr/lib64/libecore_wl2.so.1.25.1
7a61d399f000-7a61d39c0000 r-xp 00012000 08:01 25835259                   /home/toolchain/development/libc++_replacement/tmp/R11/extracted/a5/a563335a2be3f46293082fd3f9c05ccc99a459c6d964a2f7158e4560e7300812/usr/lib64/libecore_wl2.so.1.25.1
7a61d39c0000-7a61d39d0000 r--p 00033000 08:01 25835259                   /home/toolchain/development/libc++_replacement/tmp/R11/extracted/a5/a563335a2be3f46293082fd3f9c05ccc99a459c6d964a2f7158e4560e7300812/usr/lib64/libecore_wl2.so.1.25.1
7a61d39d0000-7a61d39d2000 r--p 00042000 08:01 25835259                   /home/toolchain/development/libc++_replacement/tmp/R11/extracted/a5/a563335a2be3f46293082fd3f9c05ccc99a459c6d964a2f7158e4560e7300812/usr/lib64/libecore_wl2.so.1.25.1
7a61d39d2000-7a61d39d3000 rw-p 00044000 08:01 25835259                   /home/toolchain/development/libc++_replacement/tmp/R11/extracted/a5/a563335a2be3f46293082fd3f9c05ccc99a459c6d964a2f7158e4560e7300812/usr/lib64/libecore_wl2.so.1.25.1
7a61d39d3000-7a61d39d4000 rw-p 00000000 00:00 0 
7a61d39d4000-7a61d3a05000 r--p 00000000 08:01 26119199                   /home/toolchain/development/libc++_replacement/tmp/R11/extracted/63/63f3107f2d3f9333d95eed1ad3840b72879e1ce80f0d2733eee0dad23df67730/usr/lib64/libpkgmgr-info.so.0.37.2
7a61d3a05000-7a61d3a68000 r-xp 00031000 08:01 26119199                   /home/toolchain/development/libc++_replacement/tmp/R11/extracted/63/63f3107f2d3f9333d95eed1ad3840b72879e1ce80f0d2733eee0dad23df67730/usr/lib64/libpkgmgr-info.so.0.37.2
7a61d3a68000-7a61d3a86000 r--p 00094000 08:01 26119199                   /home/toolchain/development/libc++_replacement/tmp/R11/extracted/63/63f3107f2d3f9333d95eed1ad3840b72879e1ce80f0d2733eee0dad23df67730/usr/lib64/libpkgmgr-info.so.0.37.2
7a61d3a86000-7a61d3a88000 r--p 000b2000 08:01 26119199                   /home/toolchain/development/libc++_replacement/tmp/R11/extracted/63/63f3107f2d3f9333d95eed1ad3840b72879e1ce80f0d2733eee0dad23df67730/usr/lib64/libpkgmgr-info.so.0.37.2
7a61d3a88000-7a61d3a8a000 rw-p 000b4000 08:01 26119199                   /home/toolchain/development/libc++_replacement/tmp/R11/extracted/63/63f3107f2d3f9333d95eed1ad3840b72879e1ce80f0d2733eee0dad23df67730/usr/lib64/libpkgmgr-info.so.0.37.2
7a61d3a8a000-7a61d3aa9000 r--p 00000000 08:01 26085410                   /home/toolchain/development/libc++_replacement/tmp/R11/extracted/ec/eca90911031c2fc0795fbe9127f5ec74db9a8ecd85c3abd6b83ec36678f94fa3/usr/lib64/libglib-2.0.so.0.8000.5
7a61d3aa9000-7a61d3b29000 r-xp 0001f000 08:01 26085410                   /home/toolchain/development/libc++_replacement/tmp/R11/extracted/ec/eca90911031c2fc0795fbe9127f5ec74db9a8ecd85c3abd6b83ec36678f94fa3/usr/lib64/libglib-2.0.so.0.8000.5
7a61d3b29000-7a61d3bac000 r--p 0009f000 08:01 26085410                   /home/toolchain/development/libc++_replacement/tmp/R11/extracted/ec/eca90911031c2fc0795fbe9127f5ec74db9a8ecd85c3abd6b83ec36678f94fa3/usr/lib64/libglib-2.0.so.0.8000.5
7a61d3bac000-7a61d3bad000 r--p 00122000 08:01 26085410                   /home/toolchain/development/libc++_replacement/tmp/R11/extracted/ec/eca90911031c2fc0795fbe9127f5ec74db9a8ecd85c3abd6b83ec36678f94fa3/usr/lib64/libglib-2.0.so.0.8000.5
7a61d3bad000-7a61d3bae000 rw-p 00123000 08:01 26085410                   /home/toolchain/development/libc++_replacement/tmp/R11/extracted/ec/eca90911031c2fc0795fbe9127f5ec74db9a8ecd85c3abd6b83ec36678f94fa3/usr/lib64/libglib-2.0.so.0.8000.5
7a61d3bae000-7a61d3baf000 rw-p 00000000 00:00 0 
7a61d3baf000-7a61d3bb4000 r--p 00000000 08:01 14340278                   /home/toolchain/development/libc++_replacement/tmp/R11/extracted/cc/cc61b523b97fab0d551409676b06bed8e12ec94f045f9b61db47341ba32e8390/usr/lib64/libpng16.so.16.44.0
7a61d3bb4000-7a61d3bd3000 r-xp 00005000 08:01 14340278                   /home/toolchain/development/libc++_replacement/tmp/R11/extracted/cc/cc61b523b97fab0d551409676b06bed8e12ec94f045f9b61db47341ba32e8390/usr/lib64/libpng16.so.16.44.0
7a61d3bd3000-7a61d3bdc000 r--p 00024000 08:01 14340278                   /home/toolchain/development/libc++_replacement/tmp/R11/extracted/cc/cc61b523b97fab0d551409676b06bed8e12ec94f045f9b61db47341ba32e8390/usr/lib64/libpng16.so.16.44.0
7a61d3bdc000-7a61d3bdd000 r--p 0002c000 08:01 14340278                   /home/toolchain/development/libc++_replacement/tmp/R11/extracted/cc/cc61b523b97fab0d551409676b06bed8e12ec94f045f9b61db47341ba32e8390/usr/lib64/libpng16.so.16.44.0
7a61d3bdd000-7a61d3bde000 rw-p 0002d000 08:01 14340278                   /home/toolchain/development/libc++_replacement/tmp/R11/extracted/cc/cc61b523b97fab0d551409676b06bed8e12ec94f045f9b61db47341ba32e8390/usr/lib64/libpng16.so.16.44.0
7a61d3bde000-7a61d3bec000 r--p 00000000 08:01 23615903                   /home/toolchain/development/libc++_replacement/tmp/R11/extracted/bb/bba8a544f407a9da42ee4e785c5ef8a48024d1a094bbe35fef027b62aa9712a4/usr/lib64/libjsoncpp.so.1.9.6
7a61d3bec000-7a61d3c0d000 r-xp 0000e000 08:01 23615903                   /home/toolchain/development/libc++_replacement/tmp/R11/extracted/bb/bba8a544f407a9da42ee4e785c5ef8a48024d1a094bbe35fef027b62aa9712a4/usr/lib64/libjsoncpp.so.1.9.6
7a61d3c0d000-7a61d3c16000 r--p 0002f000 08:01 23615903                   /home/toolchain/development/libc++_replacement/tmp/R11/extracted/bb/bba8a544f407a9da42ee4e785c5ef8a48024d1a094bbe35fef027b62aa9712a4/usr/lib64/libjsoncpp.so.1.9.6
7a61d3c16000-7a61d3c17000 r--p 00037000 08:01 23615903                   /home/toolchain/development/libc++_replacement/tmp/R11/extracted/bb/bba8a544f407a9da42ee4e785c5ef8a48024d1a094bbe35fef027b62aa9712a4/usr/lib64/libjsoncpp.so.1.9.6
7a61d3c17000-7a61d3c18000 rw-p 00038000 08:01 23615903                   /home/toolchain/development/libc++_replacement/tmp/R11/extracted/bb/bba8a544f407a9da42ee4e785c5ef8a48024d1a094bbe35fef027b62aa9712a4/usr/lib64/libjsoncpp.so.1.9.6
7a61d3c18000-7a61d3c1b000 r--p 00000000 08:01 23624264                   /home/toolchain/development/libc++_replacement/tmp/R11/extracted/ff/ff59991b5cf650e0726c6f54af329bf9fbe7fd36f9f7c42dda22ca9742225e79/usr/lib64/libwebp.so.7.1.9
7a61d3c1b000-7a61d3c98000 r-xp 00003000 08:01 23624264                   /home/toolchain/development/libc++_replacement/tmp/R11/extracted/ff/ff59991b5cf650e0726c6f54af329bf9fbe7fd36f9f7c42dda22ca9742225e79/usr/lib64/libwebp.so.7.1.9
7a61d3c98000-7a61d3caa000 r--p 00080000 08:01 23624264                   /home/toolchain/development/libc++_replacement/tmp/R11/extracted/ff/ff59991b5cf650e0726c6f54af329bf9fbe7fd36f9f7c42dda22ca9742225e79/usr/lib64/libwebp.so.7.1.9
7a61d3caa000-7a61d3cab000 r--p 00091000 08:01 23624264                   /home/toolchain/development/libc++_replacement/tmp/R11/extracted/ff/ff59991b5cf650e0726c6f54af329bf9fbe7fd36f9f7c42dda22ca9742225e79/usr/lib64/libwebp.so.7.1.9
7a61d3cab000-7a61d3cac000 rw-p 00092000 08:01 23624264                   /home/toolchain/development/libc++_replacement/tmp/R11/extracted/ff/ff59991b5cf650e0726c6f54af329bf9fbe7fd36f9f7c42dda22ca9742225e79/usr/lib64/libwebp.so.7.1.9
7a61d3cac000-7a61d3cad000 rw-p 00000000 00:00 0 
7a61d3cad000-7a61d3cb2000 r--p 00000000 08:01 26089189                   /home/toolchain/development/libc++_replacement/tmp/R11/extracted/5e/5e2848d0eb014068cd5d1076d87e6102f81218748a8e789f7870121e883bef28/usr/lib64/libvpx.so.7.1.0
7a61d3cb2000-7a61d3e63000 r-xp 00005000 08:01 26089189                   /home/toolchain/development/libc++_replacement/tmp/R11/extracted/5e/5e2848d0eb014068cd5d1076d87e6102f81218748a8e789f7870121e883bef28/usr/lib64/libvpx.so.7.1.0
7a61d3e63000-7a61d3ea0000 r--p 001b6000 08:01 26089189                   /home/toolchain/development/libc++_replacement/tmp/R11/extracted/5e/5e2848d0eb014068cd5d1076d87e6102f81218748a8e789f7870121e883bef28/usr/lib64/libvpx.so.7.1.0
7a61d3ea0000-7a61d3ea3000 r--p 001f2000 08:01 26089189                   /home/toolchain/development/libc++_replacement/tmp/R11/extracted/5e/5e2848d0eb014068cd5d1076d87e6102f81218748a8e789f7870121e883bef28/usr/lib64/libvpx.so.7.1.0
7a61d3ea3000-7a61d3ea4000 rw-p 001f5000 08:01 26089189                   /home/toolchain/development/libc++_replacement/tmp/R11/extracted/5e/5e2848d0eb014068cd5d1076d87e6102f81218748a8e789f7870121e883bef28/usr/lib64/libvpx.so.7.1.0
7a61d3ea4000-7a61d3ea7000 rw-p 00000000 00:00 0 
7a61d3ea7000-7a61d3eb4000 r--p 00000000 08:01 26085350                   /home/toolchain/development/libc++_replacement/tmp/R11/extracted/5d/5da96fd7373ad9d27edc2a431f5ff807e2f3520f4eaa363097d1154205e6c7f9/usr/lib64/libfreetype.so.6.20.1
7a61d3eb4000-7a61d3f1f000 r-xp 0000d000 08:01 26085350                   /home/toolchain/development/libc++_replacement/tmp/R11/extracted/5d/5da96fd7373ad9d27edc2a431f5ff807e2f3520f4eaa363097d1154205e6c7f9/usr/lib64/libfreetype.so.6.20.1
7a61d3f1f000-7a61d3f44000 r--p 00078000 08:01 26085350                   /home/toolchain/development/libc++_replacement/tmp/R11/extracted/5d/5da96fd7373ad9d27edc2a431f5ff807e2f3520f4eaa363097d1154205e6c7f9/usr/lib64/libfreetype.so.6.20.1
7a61d3f44000-7a61d3f4b000 r--p 0009c000 08:01 26085350                   /home/toolchain/development/libc++_replacement/tmp/R11/extracted/5d/5da96fd7373ad9d27edc2a431f5ff807e2f3520f4eaa363097d1154205e6c7f9/usr/lib64/libfreetype.so.6.20.1
7a61d3f4b000-7a61d3f4c000 rw-p 000a3000 08:01 26085350                   /home/toolchain/development/libc++_replacement/tmp/R11/extracted/5d/5da96fd7373ad9d27edc2a431f5ff807e2f3520f4eaa363097d1154205e6c7f9/usr/lib64/libfreetype.so.6.20.1
7a61d3f4c000-7a61d3f4d000 r--p 00000000 08:01 26005323                   /home/toolchain/development/libc++_replacement/tmp/R11/extracted/40/40787e08879d9a4270a3f1dc44aeed01ed9200a88d2f6edf884de751ed6a2b6e/usr/lib64/libbrotlienc.so.1.1.0
7a61d3f4d000-7a61d3fac000 r-xp 00001000 08:01 26005323                   /home/toolchain/development/libc++_replacement/tmp/R11/extracted/40/40787e08879d9a4270a3f1dc44aeed01ed9200a88d2f6edf884de751ed6a2b6e/usr/lib64/libbrotlienc.so.1.1.0
7a61d3fac000-7a61d3ffe000 r--p 00060000 08:01 26005323                   /home/toolchain/development/libc++_replacement/tmp/R11/extracted/40/40787e08879d9a4270a3f1dc44aeed01ed9200a88d2f6edf884de751ed6a2b6e/usr/lib64/libbrotlienc.so.1.1.0
7a61d3ffe000-7a61d3fff000 r--p 000b1000 08:01 26005323                   /home/toolchain/development/libc++_replacement/tmp/R11/extracted/40/40787e08879d9a4270a3f1dc44aeed01ed9200a88d2f6edf884de751ed6a2b6e/usr/lib64/libbrotlienc.so.1.1.0
7a61d3fff000-7a61d4000000 rw-p 000b2000 08:01 26005323                   /home/toolchain/development/libc++_replacement/tmp/R11/extracted/40/40787e08879d9a4270a3f1dc44aeed01ed9200a88d2f6edf884de751ed6a2b6e/usr/lib64/libbrotlienc.so.1.1.0
7a61d4000000-7a61d40e0000 r--p 00000000 08:01 25840623                   /home/toolchain/development/libc++_replacement/tmp/R11/extracted/f2/f2982b49e6ba19cfead18c936203b5e4cd0c621ee9d935f14c44519a24279330/usr/lib64/libelementary.so.1.25.100
7a61d40e0000-7a61d4321000 r-xp 000e0000 08:01 25840623                   /home/toolchain/development/libc++_replacement/tmp/R11/extracted/f2/f2982b49e6ba19cfead18c936203b5e4cd0c621ee9d935f14c44519a24279330/usr/lib64/libelementary.so.1.25.100
7a61d4321000-7a61d441a000 r--p 00321000 08:01 25840623                   /home/toolchain/development/libc++_replacement/tmp/R11/extracted/f2/f2982b49e6ba19cfead18c936203b5e4cd0c621ee9d935f14c44519a24279330/usr/lib64/libelementary.so.1.25.100
7a61d441a000-7a61d4443000 r--p 00419000 08:01 25840623                   /home/toolchain/development/libc++_replacement/tmp/R11/extracted/f2/f2982b49e6ba19cfead18c936203b5e4cd0c621ee9d935f14c44519a24279330/usr/lib64/libelementary.so.1.25.100
7a61d4443000-7a61d444c000 rw-p 00442000 08:01 25840623                   /home/toolchain/development/libc++_replacement/tmp/R11/extracted/f2/f2982b49e6ba19cfead18c936203b5e4cd0c621ee9d935f14c44519a24279330/usr/lib64/libelementary.so.1.25.100
7a61d444c000-7a61d4453000 rw-p 00000000 00:00 0 
7a61d4454000-7a61d4458000 r--p 00000000 08:01 25823603                   /home/toolchain/development/libc++_replacement/tmp/R11/extracted/73/7389dc2a0cf611d5228582c536c8dfcc5b713015f88abc7cdc0b836cadad8d24/usr/lib64/libcapi-system-device.so.0.1.0
7a61d4458000-7a61d4460000 r-xp 00004000 08:01 25823603                   /home/toolchain/development/libc++_replacement/tmp/R11/extracted/73/7389dc2a0cf611d5228582c536c8dfcc5b713015f88abc7cdc0b836cadad8d24/usr/lib64/libcapi-system-device.so.0.1.0
7a61d4460000-7a61d4464000 r--p 0000c000 08:01 25823603                   /home/toolchain/development/libc++_replacement/tmp/R11/extracted/73/7389dc2a0cf611d5228582c536c8dfcc5b713015f88abc7cdc0b836cadad8d24/usr/lib64/libcapi-system-device.so.0.1.0
7a61d4464000-7a61d4465000 r--p 00010000 08:01 25823603                   /home/toolchain/development/libc++_replacement/tmp/R11/extracted/73/7389dc2a0cf611d5228582c536c8dfcc5b713015f88abc7cdc0b836cadad8d24/usr/lib64/libcapi-system-device.so.0.1.0
7a61d4465000-7a61d4466000 rw-p 00011000 08:01 25823603                   /home/toolchain/development/libc++_replacement/tmp/R11/extracted/73/7389dc2a0cf611d5228582c536c8dfcc5b713015f88abc7cdc0b836cadad8d24/usr/lib64/libcapi-system-device.so.0.1.0
7a61d4466000-7a61d446a000 r--p 00000000 08:01 25821510                   /home/toolchain/development/libc++_replacement/tmp/R11/extracted/7e/7e4c7702044c8792a86f16197c61585906a66f691e42da9407066821195e5e51/usr/lib64/libcapi-appfw-app-manager.so.0.18.0
7a61d446a000-7a61d4470000 r-xp 00004000 08:01 25821510                   /home/toolchain/development/libc++_replacement/tmp/R11/extracted/7e/7e4c7702044c8792a86f16197c61585906a66f691e42da9407066821195e5e51/usr/lib64/libcapi-appfw-app-manager.so.0.18.0
7a61d4470000-7a61d4473000 r--p 0000a000 08:01 25821510                   /home/toolchain/development/libc++_replacement/tmp/R11/extracted/7e/7e4c7702044c8792a86f16197c61585906a66f691e42da9407066821195e5e51/usr/lib64/libcapi-appfw-app-manager.so.0.18.0
7a61d4473000-7a61d4474000 r--p 0000d000 08:01 25821510                   /home/toolchain/development/libc++_replacement/tmp/R11/extracted/7e/7e4c7702044c8792a86f16197c61585906a66f691e42da9407066821195e5e51/usr/lib64/libcapi-appfw-app-manager.so.0.18.0
7a61d4474000-7a61d4475000 rw-p 0000e000 08:01 25821510                   /home/toolchain/development/libc++_replacement/tmp/R11/extracted/7e/7e4c7702044c8792a86f16197c61585906a66f691e42da9407066821195e5e51/usr/lib64/libcapi-appfw-app-manager.so.0.18.0
7a61d4475000-7a61d4478000 r--p 00000000 08:01 23630178                   /home/toolchain/development/libc++_replacement/tmp/R11/extracted/39/39631b4325f25a57ea755287cd25a33df04a2c912baeea2286e8d08352dd9da2/usr/lib64/libopus.so.0.8.0
7a61d4478000-7a61d44b5000 r-xp 00003000 08:01 23630178                   /home/toolchain/development/libc++_replacement/tmp/R11/extracted/39/39631b4325f25a57ea755287cd25a33df04a2c912baeea2286e8d08352dd9da2/usr/lib64/libopus.so.0.8.0
7a61d44b5000-7a61d44c7000 r--p 00040000 08:01 23630178                   /home/toolchain/development/libc++_replacement/tmp/R11/extracted/39/39631b4325f25a57ea755287cd25a33df04a2c912baeea2286e8d08352dd9da2/usr/lib64/libopus.so.0.8.0
7a61d44c7000-7a61d44c8000 r--p 00051000 08:01 23630178                   /home/toolchain/development/libc++_replacement/tmp/R11/extracted/39/39631b4325f25a57ea755287cd25a33df04a2c912baeea2286e8d08352dd9da2/usr/lib64/libopus.so.0.8.0
7a61d44c8000-7a61d44c9000 rw-p 00052000 08:01 23630178                   /home/toolchain/development/libc++_replacement/tmp/R11/extracted/39/39631b4325f25a57ea755287cd25a33df04a2c912baeea2286e8d08352dd9da2/usr/lib64/libopus.so.0.8.0
7a61d44c9000-7a61d44ca000 r--p 00000000 08:01 26005292                   /home/toolchain/development/libc++_replacement/tmp/R11/extracted/99/993ff54f3fb96f75f5699b6ea45f092ab218ba388985cf52e743d4bdac6bfa6b/usr/lib64/libbrotlidec.so.1.1.0
7a61d44ca000-7a61d44d2000 r-xp 00001000 08:01 26005292                   /home/toolchain/development/libc++_replacement/tmp/R11/extracted/99/993ff54f3fb96f75f5699b6ea45f092ab218ba388985cf52e743d4bdac6bfa6b/usr/lib64/libbrotlidec.so.1.1.0
7a61d44d2000-7a61d44d5000 r--p 00009000 08:01 26005292                   /home/toolchain/development/libc++_replacement/tmp/R11/extracted/99/993ff54f3fb96f75f5699b6ea45f092ab218ba388985cf52e743d4bdac6bfa6b/usr/lib64/libbrotlidec.so.1.1.0
7a61d44d5000-7a61d44d6000 r--p 0000b000 08:01 26005292                   /home/toolchain/development/libc++_replacement/tmp/R11/extracted/99/993ff54f3fb96f75f5699b6ea45f092ab218ba388985cf52e743d4bdac6bfa6b/usr/lib64/libbrotlidec.so.1.1.0
7a61d44d6000-7a61d44d7000 rw-p 0000c000 08:01 26005292                   /home/toolchain/development/libc++_replacement/tmp/R11/extracted/99/993ff54f3fb96f75f5699b6ea45f092ab218ba388985cf52e743d4bdac6bfa6b/usr/lib64/libbrotlidec.so.1.1.0
7a61d44d7000-7a61d44df000 r--p 00000000 08:01 26088542                   /home/toolchain/development/libc++_replacement/tmp/R11/extracted/d8/d8e2121c8cdef0174f29ad288a339a127aa9bc15ea05f4b0682df2513302045d/usr/lib64/libtbm.so.1.0.0
7a61d44df000-7a61d4502000 r-xp 00008000 08:01 26088542                   /home/toolchain/development/libc++_replacement/tmp/R11/extracted/d8/d8e2121c8cdef0174f29ad288a339a127aa9bc15ea05f4b0682df2513302045d/usr/lib64/libtbm.so.1.0.0
7a61d4502000-7a61d450c000 r--p 0002b000 08:01 26088542                   /home/toolchain/development/libc++_replacement/tmp/R11/extracted/d8/d8e2121c8cdef0174f29ad288a339a127aa9bc15ea05f4b0682df2513302045d/usr/lib64/libtbm.so.1.0.0
7a61d450c000-7a61d450d000 r--p 00035000 08:01 26088542                   /home/toolchain/development/libc++_replacement/tmp/R11/extracted/d8/d8e2121c8cdef0174f29ad288a339a127aa9bc15ea05f4b0682df2513302045d/usr/lib64/libtbm.so.1.0.0
7a61d450d000-7a61d450e000 rw-p 00036000 08:01 26088542                   /home/toolchain/development/libc++_replacement/tmp/R11/extracted/d8/d8e2121c8cdef0174f29ad288a339a127aa9bc15ea05f4b0682df2513302045d/usr/lib64/libtbm.so.1.0.0
7a61d450e000-7a61d4511000 r--p 00000000 08:01 25822515                   /home/toolchain/development/libc++_replacement/tmp/R11/extracted/bb/bb8ca49407c7f8b0468e21eee66d8c3ad842eed82b47d34b2c34c0d55c02a2d0/usr/lib64/libcapi-media-tool.so.0.2.0
7a61d4511000-7a61d451b000 r-xp 00003000 08:01 25822515                   /home/toolchain/development/libc++_replacement/tmp/R11/extracted/bb/bb8ca49407c7f8b0468e21eee66d8c3ad842eed82b47d34b2c34c0d55c02a2d0/usr/lib64/libcapi-media-tool.so.0.2.0
7a61d451b000-7a61d4520000 r--p 0000d000 08:01 25822515                   /home/toolchain/development/libc++_replacement/tmp/R11/extracted/bb/bb8ca49407c7f8b0468e21eee66d8c3ad842eed82b47d34b2c34c0d55c02a2d0/usr/lib64/libcapi-media-tool.so.0.2.0
7a61d4520000-7a61d4521000 r--p 00011000 08:01 25822515                   /home/toolchain/development/libc++_replacement/tmp/R11/extracted/bb/bb8ca49407c7f8b0468e21eee66d8c3ad842eed82b47d34b2c34c0d55c02a2d0/usr/lib64/libcapi-media-tool.so.0.2.0
7a61d4521000-7a61d4522000 rw-p 00012000 08:01 25822515                   /home/toolchain/development/libc++_replacement/tmp/R11/extracted/bb/bb8ca49407c7f8b0468e21eee66d8c3ad842eed82b47d34b2c34c0d55c02a2d0/usr/lib64/libcapi-media-tool.so.0.2.0
7a61d4522000-7a61d4549000 r--p 00000000 08:01 25836852                   /home/toolchain/development/libc++_replacement/tmp/R11/extracted/d5/d55bb7a3c85a721c363b2ea9214da3f8f62f669984649f672bb4dc1d341a00f6/usr/lib64/libedje.so.1.25.1
7a61d4549000-7a61d45d5000 r-xp 00027000 08:01 25836852                   /home/toolchain/development/libc++_replacement/tmp/R11/extracted/d5/d55bb7a3c85a721c363b2ea9214da3f8f62f669984649f672bb4dc1d341a00f6/usr/lib64/libedje.so.1.25.1
7a61d45d5000-7a61d45fa000 r--p 000b3000 08:01 25836852                   /home/toolchain/development/libc++_replacement/tmp/R11/extracted/d5/d55bb7a3c85a721c363b2ea9214da3f8f62f669984649f672bb4dc1d341a00f6/usr/lib64/libedje.so.1.25.1
7a61d45fa000-7a61d45fd000 r--p 000d8000 08:01 25836852                   /home/toolchain/development/libc++_replacement/tmp/R11/extracted/d5/d55bb7a3c85a721c363b2ea9214da3f8f62f669984649f672bb4dc1d341a00f6/usr/lib64/libedje.so.1.25.1
7a61d45fd000-7a61d4600000 rw-p 000db000 08:01 25836852                   /home/toolchain/development/libc++_replacement/tmp/R11/extracted/d5/d55bb7a3c85a721c363b2ea9214da3f8f62f669984649f672bb4dc1d341a00f6/usr/lib64/libedje.so.1.25.1
7a61d4600000-7a61d4652000 r--p 00000000 08:01 25869998                   /home/toolchain/development/libc++_replacement/tmp/R11/extracted/85/8593c4710f8f264ca986b59d3fd51c77821e9addb2add1d80d42a5177206711f/usr/lib64/libevas.so.1.25.1
7a61d4652000-7a61d4797000 r-xp 00052000 08:01 25869998                   /home/toolchain/development/libc++_replacement/tmp/R11/extracted/85/8593c4710f8f264ca986b59d3fd51c77821e9addb2add1d80d42a5177206711f/usr/lib64/libevas.so.1.25.1
7a61d4797000-7a61d4808000 r--p 00197000 08:01 25869998                   /home/toolchain/development/libc++_replacement/tmp/R11/extracted/85/8593c4710f8f264ca986b59d3fd51c77821e9addb2add1d80d42a5177206711f/usr/lib64/libevas.so.1.25.1
7a61d4808000-7a61d4817000 r--p 00207000 08:01 25869998                   /home/toolchain/development/libc++_replacement/tmp/R11/extracted/85/8593c4710f8f264ca986b59d3fd51c77821e9addb2add1d80d42a5177206711f/usr/lib64/libevas.so.1.25.1
7a61d4817000-7a61d481b000 rw-p 00216000 08:01 25869998                   /home/toolchain/development/libc++_replacement/tmp/R11/extracted/85/8593c4710f8f264ca986b59d3fd51c77821e9addb2add1d80d42a5177206711f/usr/lib64/libevas.so.1.25.1
7a61d481b000-7a61d484c000 rw-p 00000000 00:00 0 
7a61d484c000-7a61d4851000 r--p 00000000 08:01 25609282                   /home/toolchain/development/libc++_replacement/tmp/R11/extracted/bf/bfc2d54a1096eeb34ae4eeaf9deca21b3b845c0d207a5bdeb6cba97524ad4dbb/usr/lib64/libefl-extension.so.0.1.0
7a61d4851000-7a61d4856000 r-xp 00005000 08:01 25609282                   /home/toolchain/development/libc++_replacement/tmp/R11/extracted/bf/bfc2d54a1096eeb34ae4eeaf9deca21b3b845c0d207a5bdeb6cba97524ad4dbb/usr/lib64/libefl-extension.so.0.1.0
7a61d4856000-7a61d4858000 r--p 0000a000 08:01 25609282                   /home/toolchain/development/libc++_replacement/tmp/R11/extracted/bf/bfc2d54a1096eeb34ae4eeaf9deca21b3b845c0d207a5bdeb6cba97524ad4dbb/usr/lib64/libefl-extension.so.0.1.0
7a61d4858000-7a61d4859000 r--p 0000c000 08:01 25609282                   /home/toolchain/development/libc++_replacement/tmp/R11/extracted/bf/bfc2d54a1096eeb34ae4eeaf9deca21b3b845c0d207a5bdeb6cba97524ad4dbb/usr/lib64/libefl-extension.so.0.1.0
7a61d4859000-7a61d485a000 rw-p 0000d000 08:01 25609282                   /home/toolchain/development/libc++_replacement/tmp/R11/extracted/bf/bfc2d54a1096eeb34ae4eeaf9deca21b3b845c0d207a5bdeb6cba97524ad4dbb/usr/lib64/libefl-extension.so.0.1.0
7a61d485a000-7a61d4860000 r--p 00000000 08:01 25822140                   /home/toolchain/development/libc++_replacement/tmp/R11/extracted/f6/f674d45d74803f2f61b07eddfb8b444936d1afc407b46e2442d314bc78ea7b40/usr/lib64/libcapi-media-camera.so.0.5.0
7a61d4860000-7a61d4877000 r-xp 00006000 08:01 25822140                   /home/toolchain/development/libc++_replacement/tmp/R11/extracted/f6/f674d45d74803f2f61b07eddfb8b444936d1afc407b46e2442d314bc78ea7b40/usr/lib64/libcapi-media-camera.so.0.5.0
7a61d4877000-7a61d4880000 r--p 0001d000 08:01 25822140                   /home/toolchain/development/libc++_replacement/tmp/R11/extracted/f6/f674d45d74803f2f61b07eddfb8b444936d1afc407b46e2442d314bc78ea7b40/usr/lib64/libcapi-media-camera.so.0.5.0
7a61d4880000-7a61d4881000 r--p 00025000 08:01 25822140                   /home/toolchain/development/libc++_replacement/tmp/R11/extracted/f6/f674d45d74803f2f61b07eddfb8b444936d1afc407b46e2442d314bc78ea7b40/usr/lib64/libcapi-media-camera.so.0.5.0
7a61d4881000-7a61d4882000 rw-p 00026000 08:01 25822140                   /home/toolchain/development/libc++_replacement/tmp/R11/extracted/f6/f674d45d74803f2f61b07eddfb8b444936d1afc407b46e2442d314bc78ea7b40/usr/lib64/libcapi-media-camera.so.0.5.0
7a61d4882000-7a61d4884000 r--p 00000000 08:01 25823631                   /home/toolchain/development/libc++_replacement/tmp/R11/extracted/58/58b5b4e8edc37e770743aa26322ac9098f19d1b63b26a9cfd6d11ddef864084d/usr/lib64/libcapi-system-info.so.0.5.2
7a61d4884000-7a61d4887000 r-xp 00002000 08:01 25823631                   /home/toolchain/development/libc++_replacement/tmp/R11/extracted/58/58b5b4e8edc37e770743aa26322ac9098f19d1b63b26a9cfd6d11ddef864084d/usr/lib64/libcapi-system-info.so.0.5.2
7a61d4887000-7a61d4888000 r--p 00005000 08:01 25823631                   /home/toolchain/development/libc++_replacement/tmp/R11/extracted/58/58b5b4e8edc37e770743aa26322ac9098f19d1b63b26a9cfd6d11ddef864084d/usr/lib64/libcapi-system-info.so.0.5.2
7a61d4888000-7a61d4889000 r--p 00006000 08:01 25823631                   /home/toolchain/development/libc++_replacement/tmp/R11/extracted/58/58b5b4e8edc37e770743aa26322ac9098f19d1b63b26a9cfd6d11ddef864084d/usr/lib64/libcapi-system-info.so.0.5.2
7a61d4889000-7a61d488a000 rw-p 00007000 08:01 25823631                   /home/toolchain/development/libc++_replacement/tmp/R11/extracted/58/58b5b4e8edc37e770743aa26322ac9098f19d1b63b26a9cfd6d11ddef864084d/usr/lib64/libcapi-system-info.so.0.5.2
7a61d488a000-7a61d4893000 r--p 00000000 08:01 25821789                   /home/toolchain/development/libc++_replacement/tmp/R11/extracted/78/78f6ddb4273a7c65f897bdd8f1fdc0b0b773f261c44fb7a482e4e4e6661f2fc4/usr/lib64/libcapi-base-common.so.0.4.82
7a61d4893000-7a61d4894000 r-xp 00009000 08:01 25821789                   /home/toolchain/development/libc++_replacement/tmp/R11/extracted/78/78f6ddb4273a7c65f897bdd8f1fdc0b0b773f261c44fb7a482e4e4e6661f2fc4/usr/lib64/libcapi-base-common.so.0.4.82
7a61d4894000-7a61d489d000 r--p 0000a000 08:01 25821789                   /home/toolchain/development/libc++_replacement/tmp/R11/extracted/78/78f6ddb4273a7c65f897bdd8f1fdc0b0b773f261c44fb7a482e4e4e6661f2fc4/usr/lib64/libcapi-base-common.so.0.4.82
7a61d489d000-7a61d48a2000 r--p 00012000 08:01 25821789                   /home/toolchain/development/libc++_replacement/tmp/R11/extracted/78/78f6ddb4273a7c65f897bdd8f1fdc0b0b773f261c44fb7a482e4e4e6661f2fc4/usr/lib64/libcapi-base-common.so.0.4.82
7a61d48a2000-7a61d48a3000 rw-p 00017000 08:01 25821789                   /home/toolchain/development/libc++_replacement/tmp/R11/extracted/78/78f6ddb4273a7c65f897bdd8f1fdc0b0b773f261c44fb7a482e4e4e6661f2fc4/usr/lib64/libcapi-base-common.so.0.4.82
7a61d48a3000-7a61d48a5000 r--p 00000000 08:01 26229356                   /home/toolchain/development/libc++_replacement/tmp/R11/extracted/37/37a89977df6d4ce294dcaa14f951155ccb94da72164a482ddb082b019c0ff252/usr/lib64/libvconf.so.0.3.1
7a61d48a5000-7a61d48aa000 r-xp 00002000 08:01 26229356                   /home/toolchain/development/libc++_replacement/tmp/R11/extracted/37/37a89977df6d4ce294dcaa14f951155ccb94da72164a482ddb082b019c0ff252/usr/lib64/libvconf.so.0.3.1
7a61d48aa000-7a61d48ac000 r--p 00007000 08:01 26229356                   /home/toolchain/development/libc++_replacement/tmp/R11/extracted/37/37a89977df6d4ce294dcaa14f951155ccb94da72164a482ddb082b019c0ff252/usr/lib64/libvconf.so.0.3.1
7a61d48ac000-7a61d48ad000 r--p 00008000 08:01 26229356                   /home/toolchain/development/libc++_replacement/tmp/R11/extracted/37/37a89977df6d4ce294dcaa14f951155ccb94da72164a482ddb082b019c0ff252/usr/lib64/libvconf.so.0.3.1
7a61d48ad000-7a61d48ae000 rw-p 00009000 08:01 26229356                   /home/toolchain/development/libc++_replacement/tmp/R11/extracted/37/37a89977df6d4ce294dcaa14f951155ccb94da72164a482ddb082b019c0ff252/usr/lib64/libvconf.so.0.3.1
7a61d48ae000-7a61d48b8000 r--p 00000000 08:01 25839054                   /home/toolchain/development/libc++_replacement/tmp/R11/extracted/64/641236184aba59194f38bf60271a2f3c1da2a68d097739a39f3f485da0549be4/usr/lib64/libeldbus.so.1.25.1
7a61d48b8000-7a61d48d5000 r-xp 0000a000 08:01 25839054                   /home/toolchain/development/libc++_replacement/tmp/R11/extracted/64/641236184aba59194f38bf60271a2f3c1da2a68d097739a39f3f485da0549be4/usr/lib64/libeldbus.so.1.25.1
7a61d48d5000-7a61d48e1000 r--p 00027000 08:01 25839054                   /home/toolchain/development/libc++_replacement/tmp/R11/extracted/64/641236184aba59194f38bf60271a2f3c1da2a68d097739a39f3f485da0549be4/usr/lib64/libeldbus.so.1.25.1
7a61d48e1000-7a61d48e2000 r--p 00033000 08:01 25839054                   /home/toolchain/development/libc++_replacement/tmp/R11/extracted/64/641236184aba59194f38bf60271a2f3c1da2a68d097739a39f3f485da0549be4/usr/lib64/libeldbus.so.1.25.1
7a61d48e2000-7a61d48e3000 rw-p 00034000 08:01 25839054                   /home/toolchain/development/libc++_replacement/tmp/R11/extracted/64/641236184aba59194f38bf60271a2f3c1da2a68d097739a39f3f485da0549be4/usr/lib64/libeldbus.so.1.25.1
7a61d48e3000-7a61d48e5000 r--p 00000000 08:01 25835129                   /home/toolchain/development/libc++_replacement/tmp/R11/extracted/2d/2dbc4d5269a3823621335b4a396b9613c9d5680881d19668c7701c42a163a632/usr/lib64/libecore_input.so.1.25.1
7a61d48e5000-7a61d48e7000 r-xp 00002000 08:01 25835129                   /home/toolchain/development/libc++_replacement/tmp/R11/extracted/2d/2dbc4d5269a3823621335b4a396b9613c9d5680881d19668c7701c42a163a632/usr/lib64/libecore_input.so.1.25.1
7a61d48e7000-7a61d48f7000 r--p 00004000 08:01 25835129                   /home/toolchain/development/libc++_replacement/tmp/R11/extracted/2d/2dbc4d5269a3823621335b4a396b9613c9d5680881d19668c7701c42a163a632/usr/lib64/libecore_input.so.1.25.1
7a61d48f7000-7a61d48f8000 r--p 00014000 08:01 25835129                   /home/toolchain/development/libc++_replacement/tmp/R11/extracted/2d/2dbc4d5269a3823621335b4a396b9613c9d5680881d19668c7701c42a163a632/usr/lib64/libecore_input.so.1.25.1
7a61d48f8000-7a61d48f9000 rw-p 00015000 08:01 25835129                   /home/toolchain/development/libc++_replacement/tmp/R11/extracted/2d/2dbc4d5269a3823621335b4a396b9613c9d5680881d19668c7701c42a163a632/usr/lib64/libecore_input.so.1.25.1
7a61d48f9000-7a61d48fc000 r--p 00000000 08:01 25835089                   /home/toolchain/development/libc++_replacement/tmp/R11/extracted/58/586534b7f03c86fd8b4cd92c882aab12ab0f404d48977f6f9b565fcb15c15df5/usr/lib64/libecore_imf.so.1.25.1
7a61d48fc000-7a61d48ff000 r-xp 00003000 08:01 25835089                   /home/toolchain/development/libc++_replacement/tmp/R11/extracted/58/586534b7f03c86fd8b4cd92c882aab12ab0f404d48977f6f9b565fcb15c15df5/usr/lib64/libecore_imf.so.1.25.1
7a61d48ff000-7a61d4902000 r--p 00006000 08:01 25835089                   /home/toolchain/development/libc++_replacement/tmp/R11/extracted/58/586534b7f03c86fd8b4cd92c882aab12ab0f404d48977f6f9b565fcb15c15df5/usr/lib64/libecore_imf.so.1.25.1
7a61d4902000-7a61d4903000 r--p 00008000 08:01 25835089                   /home/toolchain/development/libc++_replacement/tmp/R11/extracted/58/586534b7f03c86fd8b4cd92c882aab12ab0f404d48977f6f9b565fcb15c15df5/usr/lib64/libecore_imf.so.1.25.1
7a61d4903000-7a61d4904000 rw-p 00009000 08:01 25835089                   /home/toolchain/development/libc++_replacement/tmp/R11/extracted/58/586534b7f03c86fd8b4cd92c882aab12ab0f404d48977f6f9b565fcb15c15df5/usr/lib64/libecore_imf.so.1.25.1
7a61d4904000-7a61d4919000 r--p 00000000 08:01 25838751                   /home/toolchain/development/libc++_replacement/tmp/R11/extracted/a5/a5600e4ac0d26cb46758edcf47008d44534047bf1e063dd6c9427684a3c45ef5/usr/lib64/libeina.so.1.25.1
7a61d4919000-7a61d495d000 r-xp 00015000 08:01 25838751                   /home/toolchain/development/libc++_replacement/tmp/R11/extracted/a5/a5600e4ac0d26cb46758edcf47008d44534047bf1e063dd6c9427684a3c45ef5/usr/lib64/libeina.so.1.25.1
7a61d495d000-7a61d497c000 r--p 00059000 08:01 25838751                   /home/toolchain/development/libc++_replacement/tmp/R11/extracted/a5/a5600e4ac0d26cb46758edcf47008d44534047bf1e063dd6c9427684a3c45ef5/usr/lib64/libeina.so.1.25.1
7a61d497c000-7a61d497e000 r--p 00078000 08:01 25838751                   /home/toolchain/development/libc++_replacement/tmp/R11/extracted/a5/a5600e4ac0d26cb46758edcf47008d44534047bf1e063dd6c9427684a3c45ef5/usr/lib64/libeina.so.1.25.1
7a61d497e000-7a61d4980000 rw-p 0007a000 08:01 25838751                   /home/toolchain/development/libc++_replacement/tmp/R11/extracted/a5/a5600e4ac0d26cb46758edcf47008d44534047bf1e063dd6c9427684a3c45ef5/usr/lib64/libeina.so.1.25.1
7a61d4980000-7a61d4985000 rw-p 00000000 00:00 0 
7a61d4985000-7a61d499d000 r--p 00000000 08:01 25835027                   /home/toolchain/development/libc++_replacement/tmp/R11/extracted/ad/adf05bf3157829f0a4cea8688c730b3a433d9ae6027810b74f12da3d84778642/usr/lib64/libecore.so.1.25.1
7a61d499d000-7a61d49e1000 r-xp 00018000 08:01 25835027                   /home/toolchain/development/libc++_replacement/tmp/R11/extracted/ad/adf05bf3157829f0a4cea8688c730b3a433d9ae6027810b74f12da3d84778642/usr/lib64/libecore.so.1.25.1
7a61d49e1000-7a61d49f9000 r--p 0005c000 08:01 25835027                   /home/toolchain/development/libc++_replacement/tmp/R11/extracted/ad/adf05bf3157829f0a4cea8688c730b3a433d9ae6027810b74f12da3d84778642/usr/lib64/libecore.so.1.25.1
7a61d49f9000-7a61d49fd000 r--p 00074000 08:01 25835027                   /home/toolchain/development/libc++_replacement/tmp/R11/extracted/ad/adf05bf3157829f0a4cea8688c730b3a433d9ae6027810b74f12da3d84778642/usr/lib64/libecore.so.1.25.1
7a61d49fd000-7a61d49ff000 rw-p 00078000 08:01 25835027                   /home/toolchain/development/libc++_replacement/tmp/R11/extracted/ad/adf05bf3157829f0a4cea8688c730b3a433d9ae6027810b74f12da3d84778642/usr/lib64/libecore.so.1.25.1
7a61d49ff000-7a61d4a00000 rw-p 00000000 00:00 0 
7a61d4a00000-7a61da620000 r--p 00000000 08:01 68884754                   /home/toolchain/development/libcxx_runtime_validation/tmp/API_0911/W1/chromium_image/lib/libchromium-impl.so
7a61da620000-7a61e2fb2000 r-xp 05c1f000 08:01 68884754                   /home/toolchain/development/libcxx_runtime_validation/tmp/API_0911/W1/chromium_image/lib/libchromium-impl.so
7a61e2fb2000-7a61e38e0000 r--p 0e5b0000 08:01 68884754                   /home/toolchain/development/libcxx_runtime_validation/tmp/API_0911/W1/chromium_image/lib/libchromium-impl.so
7a61e38e0000-7a61e3a03000 rw-p 0eedd000 08:01 68884754                   /home/toolchain/development/libcxx_runtime_validation/tmp/API_0911/W1/chromium_image/lib/libchromium-impl.so
7a61e3a03000-7a61e3ca6000 rw-p 00000000 00:00 0 
7a61e3ca9000-7a61e3cb6000 r--p 00000000 08:01 25835072                   /home/toolchain/development/libc++_replacement/tmp/R11/extracted/24/24e22d535c938ae12384734503c34d242f2b623cd8ad8e99b3b663f84e8175fc/usr/lib64/libecore_evas.so.1.25.1
7a61e3cb6000-7a61e3ccb000 r-xp 0000d000 08:01 25835072                   /home/toolchain/development/libc++_replacement/tmp/R11/extracted/24/24e22d535c938ae12384734503c34d242f2b623cd8ad8e99b3b663f84e8175fc/usr/lib64/libecore_evas.so.1.25.1
7a61e3ccb000-7a61e3cd5000 r--p 00022000 08:01 25835072                   /home/toolchain/development/libc++_replacement/tmp/R11/extracted/24/24e22d535c938ae12384734503c34d242f2b623cd8ad8e99b3b663f84e8175fc/usr/lib64/libecore_evas.so.1.25.1
7a61e3cd5000-7a61e3cd6000 r--p 0002b000 08:01 25835072                   /home/toolchain/development/libc++_replacement/tmp/R11/extracted/24/24e22d535c938ae12384734503c34d242f2b623cd8ad8e99b3b663f84e8175fc/usr/lib64/libecore_evas.so.1.25.1
7a61e3cd6000-7a61e3cd7000 rw-p 0002c000 08:01 25835072                   /home/toolchain/development/libc++_replacement/tmp/R11/extracted/24/24e22d535c938ae12384734503c34d242f2b623cd8ad8e99b3b663f84e8175fc/usr/lib64/libecore_evas.so.1.25.1
7a61e3cd7000-7a61e3cd9000 r--p 00000000 08:01 26084248                   /home/toolchain/development/libc++_replacement/tmp/R11/extracted/fa/fab79860adf785533087275f70711a22478a332ff778a96c7d08d725f7533551/usr/lib64/libdlog.so.0.0.0
7a61e3cd9000-7a61e3ce3000 r-xp 00002000 08:01 26084248                   /home/toolchain/development/libc++_replacement/tmp/R11/extracted/fa/fab79860adf785533087275f70711a22478a332ff778a96c7d08d725f7533551/usr/lib64/libdlog.so.0.0.0
7a61e3ce3000-7a61e3ce7000 r--p 0000c000 08:01 26084248                   /home/toolchain/development/libc++_replacement/tmp/R11/extracted/fa/fab79860adf785533087275f70711a22478a332ff778a96c7d08d725f7533551/usr/lib64/libdlog.so.0.0.0
7a61e3ce7000-7a61e3ce8000 r--p 00010000 08:01 26084248                   /home/toolchain/development/libc++_replacement/tmp/R11/extracted/fa/fab79860adf785533087275f70711a22478a332ff778a96c7d08d725f7533551/usr/lib64/libdlog.so.0.0.0
7a61e3ce8000-7a61e3ce9000 rw-p 00011000 08:01 26084248                   /home/toolchain/development/libc++_replacement/tmp/R11/extracted/fa/fab79860adf785533087275f70711a22478a332ff778a96c7d08d725f7533551/usr/lib64/libdlog.so.0.0.0
7a61e3ce9000-7a61e3cef000 rw-p 00000000 00:00 0 
7a61e3cef000-7a61e3cf3000 r-xp 00000000 08:01 68734948                   /home/toolchain/development/libcxx_runtime_validation/tmp/P12/build_P13/ewk_adaptor_reverse.so
7a61e3cf3000-7a61e3cf4000 r--p 00003000 08:01 68734948                   /home/toolchain/development/libcxx_runtime_validation/tmp/P12/build_P13/ewk_adaptor_reverse.so
7a61e3cf4000-7a61e3cf5000 rw-p 00004000 08:01 68734948                   /home/toolchain/development/libcxx_runtime_validation/tmp/P12/build_P13/ewk_adaptor_reverse.so
7a61e3cf5000-7a61e3d2b000 r-xp 00000000 08:01 68734958                   /home/toolchain/development/libcxx_runtime_validation/tmp/P12/build_P13/forwarder_separate.so
7a61e3d2b000-7a61e3d2c000 ---p 00036000 08:01 68734958                   /home/toolchain/development/libcxx_runtime_validation/tmp/P12/build_P13/forwarder_separate.so
7a61e3d2c000-7a61e3d2d000 r--p 00036000 08:01 68734958                   /home/toolchain/development/libcxx_runtime_validation/tmp/P12/build_P13/forwarder_separate.so
7a61e3d2d000-7a61e3d2e000 rw-p 00037000 08:01 68734958                   /home/toolchain/development/libcxx_runtime_validation/tmp/P12/build_P13/forwarder_separate.so
7a61e3d2e000-7a61e3d41000 rw-p 00000000 00:00 0 
7a61e3d41000-7a61e3d69000 r--p 00000000 08:01 23608330                   /home/toolchain/development/libc++_replacement/tmp/R11/extracted/bb/bb95acf2989fecd8ed536d259eb6ce43109882f58a219adcd440fd826537dda7/lib64/libc.so.6
7a61e3d69000-7a61e3eb9000 r-xp 00028000 08:01 23608330                   /home/toolchain/development/libc++_replacement/tmp/R11/extracted/bb/bb95acf2989fecd8ed536d259eb6ce43109882f58a219adcd440fd826537dda7/lib64/libc.so.6
7a61e3eb9000-7a61e3f0f000 r--p 00178000 08:01 23608330                   /home/toolchain/development/libc++_replacement/tmp/R11/extracted/bb/bb95acf2989fecd8ed536d259eb6ce43109882f58a219adcd440fd826537dda7/lib64/libc.so.6
7a61e3f0f000-7a61e3f13000 r--p 001ce000 08:01 23608330                   /home/toolchain/development/libc++_replacement/tmp/R11/extracted/bb/bb95acf2989fecd8ed536d259eb6ce43109882f58a219adcd440fd826537dda7/lib64/libc.so.6
7a61e3f13000-7a61e3f15000 rw-p 001d2000 08:01 23608330                   /home/toolchain/development/libc++_replacement/tmp/R11/extracted/bb/bb95acf2989fecd8ed536d259eb6ce43109882f58a219adcd440fd826537dda7/lib64/libc.so.6
7a61e3f15000-7a61e3f1d000 rw-p 00000000 00:00 0 
7a61e3f1d000-7a61e3f2d000 r--p 00000000 08:01 23608339                   /home/toolchain/development/libc++_replacement/tmp/R11/extracted/bb/bb95acf2989fecd8ed536d259eb6ce43109882f58a219adcd440fd826537dda7/lib64/libm.so.6
7a61e3f2d000-7a61e3fa3000 r-xp 00010000 08:01 23608339                   /home/toolchain/development/libc++_replacement/tmp/R11/extracted/bb/bb95acf2989fecd8ed536d259eb6ce43109882f58a219adcd440fd826537dda7/lib64/libm.so.6
7a61e3fa3000-7a61e3ffe000 r--p 00086000 08:01 23608339                   /home/toolchain/development/libc++_replacement/tmp/R11/extracted/bb/bb95acf2989fecd8ed536d259eb6ce43109882f58a219adcd440fd826537dda7/lib64/libm.so.6
7a61e3ffe000-7a61e3fff000 r--p 000e0000 08:01 23608339                   /home/toolchain/development/libc++_replacement/tmp/R11/extracted/bb/bb95acf2989fecd8ed536d259eb6ce43109882f58a219adcd440fd826537dda7/lib64/libm.so.6
7a61e3fff000-7a61e4000000 rw-p 000e1000 08:01 23608339                   /home/toolchain/development/libc++_replacement/tmp/R11/extracted/bb/bb95acf2989fecd8ed536d259eb6ce43109882f58a219adcd440fd826537dda7/lib64/libm.so.6
7a61e4000000-7a61e40a5000 r--p 00000000 08:01 23622988                   /home/toolchain/development/libc++_replacement/tmp/R11/extracted/b8/b8155206a459a575f0f701c66a553cd2029728963fa3938768131e9028e4ee6b/usr/lib64/libstdc++.so.6.0.33
7a61e40a5000-7a61e41cd000 r-xp 000a5000 08:01 23622988                   /home/toolchain/development/libc++_replacement/tmp/R11/extracted/b8/b8155206a459a575f0f701c66a553cd2029728963fa3938768131e9028e4ee6b/usr/lib64/libstdc++.so.6.0.33
7a61e41cd000-7a61e4254000 r--p 001cd000 08:01 23622988                   /home/toolchain/development/libc++_replacement/tmp/R11/extracted/b8/b8155206a459a575f0f701c66a553cd2029728963fa3938768131e9028e4ee6b/usr/lib64/libstdc++.so.6.0.33
7a61e4254000-7a61e425f000 r--p 00254000 08:01 23622988                   /home/toolchain/development/libc++_replacement/tmp/R11/extracted/b8/b8155206a459a575f0f701c66a553cd2029728963fa3938768131e9028e4ee6b/usr/lib64/libstdc++.so.6.0.33
7a61e425f000-7a61e4262000 rw-p 0025f000 08:01 23622988                   /home/toolchain/development/libc++_replacement/tmp/R11/extracted/b8/b8155206a459a575f0f701c66a553cd2029728963fa3938768131e9028e4ee6b/usr/lib64/libstdc++.so.6.0.33
7a61e4262000-7a61e4266000 rw-p 00000000 00:00 0 
7a61e4266000-7a61e4267000 r--p 00000000 103:01 24641948                  /usr/lib/locale/C.utf8/LC_MESSAGES/SYS_LC_MESSAGES
7a61e4267000-7a61e4269000 rw-p 00000000 00:00 0 
7a61e4269000-7a61e426b000 r--p 00000000 103:01 24643894                  /usr/lib/x86_64-linux-gnu/libatomic.so.1.2.0
7a61e426b000-7a61e426f000 r-xp 00002000 103:01 24643894                  /usr/lib/x86_64-linux-gnu/libatomic.so.1.2.0
7a61e426f000-7a61e4271000 r--p 00006000 103:01 24643894                  /usr/lib/x86_64-linux-gnu/libatomic.so.1.2.0
7a61e4271000-7a61e4272000 r--p 00007000 103:01 24643894                  /usr/lib/x86_64-linux-gnu/libatomic.so.1.2.0
7a61e4272000-7a61e4273000 rw-p 00008000 103:01 24643894                  /usr/lib/x86_64-linux-gnu/libatomic.so.1.2.0
7a61e4273000-7a61e4276000 rw-p 00000000 00:00 0 
7a61e4276000-7a61e4277000 r--p 00000000 08:01 23608461                   /home/toolchain/development/libc++_replacement/tmp/R11/extracted/bb/bb95acf2989fecd8ed536d259eb6ce43109882f58a219adcd440fd826537dda7/lib64/libpthread.so.0
7a61e4277000-7a61e4278000 r-xp 00001000 08:01 23608461                   /home/toolchain/development/libc++_replacement/tmp/R11/extracted/bb/bb95acf2989fecd8ed536d259eb6ce43109882f58a219adcd440fd826537dda7/lib64/libpthread.so.0
7a61e4278000-7a61e4279000 r--p 00002000 08:01 23608461                   /home/toolchain/development/libc++_replacement/tmp/R11/extracted/bb/bb95acf2989fecd8ed536d259eb6ce43109882f58a219adcd440fd826537dda7/lib64/libpthread.so.0
7a61e4279000-7a61e427a000 r--p 00002000 08:01 23608461                   /home/toolchain/development/libc++_replacement/tmp/R11/extracted/bb/bb95acf2989fecd8ed536d259eb6ce43109882f58a219adcd440fd826537dda7/lib64/libpthread.so.0
7a61e427a000-7a61e427b000 rw-p 00003000 08:01 23608461                   /home/toolchain/development/libc++_replacement/tmp/R11/extracted/bb/bb95acf2989fecd8ed536d259eb6ce43109882f58a219adcd440fd826537dda7/lib64/libpthread.so.0
7a61e427b000-7a61e427f000 r--p 00000000 08:01 23621385                   /home/toolchain/development/libc++_replacement/tmp/R11/extracted/fe/fe622fb74e245c939c61ea5cca98dcbfc342fa7e12b1de0d8602be19ed35c441/usr/lib64/libgcc_s.so.1
7a61e427f000-7a61e42a2000 r-xp 00004000 08:01 23621385                   /home/toolchain/development/libc++_replacement/tmp/R11/extracted/fe/fe622fb74e245c939c61ea5cca98dcbfc342fa7e12b1de0d8602be19ed35c441/usr/lib64/libgcc_s.so.1
7a61e42a2000-7a61e42a6000 r--p 00027000 08:01 23621385                   /home/toolchain/development/libc++_replacement/tmp/R11/extracted/fe/fe622fb74e245c939c61ea5cca98dcbfc342fa7e12b1de0d8602be19ed35c441/usr/lib64/libgcc_s.so.1
7a61e42a6000-7a61e42a7000 rw-p 0002b000 08:01 23621385                   /home/toolchain/development/libc++_replacement/tmp/R11/extracted/fe/fe622fb74e245c939c61ea5cca98dcbfc342fa7e12b1de0d8602be19ed35c441/usr/lib64/libgcc_s.so.1
7a61e42a7000-7a61e42a8000 r--p 00000000 08:01 23608338                   /home/toolchain/development/libc++_replacement/tmp/R11/extracted/bb/bb95acf2989fecd8ed536d259eb6ce43109882f58a219adcd440fd826537dda7/lib64/libdl.so.2
7a61e42a8000-7a61e42a9000 r-xp 00001000 08:01 23608338                   /home/toolchain/development/libc++_replacement/tmp/R11/extracted/bb/bb95acf2989fecd8ed536d259eb6ce43109882f58a219adcd440fd826537dda7/lib64/libdl.so.2
7a61e42a9000-7a61e42aa000 r--p 00002000 08:01 23608338                   /home/toolchain/development/libc++_replacement/tmp/R11/extracted/bb/bb95acf2989fecd8ed536d259eb6ce43109882f58a219adcd440fd826537dda7/lib64/libdl.so.2
7a61e42aa000-7a61e42ab000 r--p 00002000 08:01 23608338                   /home/toolchain/development/libc++_replacement/tmp/R11/extracted/bb/bb95acf2989fecd8ed536d259eb6ce43109882f58a219adcd440fd826537dda7/lib64/libdl.so.2
7a61e42ab000-7a61e42ac000 rw-p 00003000 08:01 23608338                   /home/toolchain/development/libc++_replacement/tmp/R11/extracted/bb/bb95acf2989fecd8ed536d259eb6ce43109882f58a219adcd440fd826537dda7/lib64/libdl.so.2
7a61e42ac000-7a61e42ae000 rw-p 00000000 00:00 0 
7a61e42ae000-7a61e42bf000 r--p 00000000 08:01 72160044                   /home/toolchain/development/libcxx_runtime_validation/tmp/IMPL_0908/build-native/lib/libc++abi.so.1.0
7a61e42bf000-7a61e42dc000 r-xp 00011000 08:01 72160044                   /home/toolchain/development/libcxx_runtime_validation/tmp/IMPL_0908/build-native/lib/libc++abi.so.1.0
7a61e42dc000-7a61e42e6000 r--p 0002e000 08:01 72160044                   /home/toolchain/development/libcxx_runtime_validation/tmp/IMPL_0908/build-native/lib/libc++abi.so.1.0
7a61e42e6000-7a61e42eb000 r--p 00038000 08:01 72160044                   /home/toolchain/development/libcxx_runtime_validation/tmp/IMPL_0908/build-native/lib/libc++abi.so.1.0
7a61e42eb000-7a61e42ec000 rw-p 0003d000 08:01 72160044                   /home/toolchain/development/libcxx_runtime_validation/tmp/IMPL_0908/build-native/lib/libc++abi.so.1.0
7a61e42ec000-7a61e4328000 r--p 00000000 08:01 72160099                   /home/toolchain/development/libcxx_runtime_validation/tmp/IMPL_0908/build-native/lib/libc++.so.1.0
7a61e4328000-7a61e43a2000 r-xp 0003c000 08:01 72160099                   /home/toolchain/development/libcxx_runtime_validation/tmp/IMPL_0908/build-native/lib/libc++.so.1.0
7a61e43a2000-7a61e43e5000 r--p 000b6000 08:01 72160099                   /home/toolchain/development/libcxx_runtime_validation/tmp/IMPL_0908/build-native/lib/libc++.so.1.0
7a61e43e5000-7a61e43ec000 r--p 000f8000 08:01 72160099                   /home/toolchain/development/libcxx_runtime_validation/tmp/IMPL_0908/build-native/lib/libc++.so.1.0
7a61e43ec000-7a61e43ed000 rw-p 000ff000 08:01 72160099                   /home/toolchain/development/libcxx_runtime_validation/tmp/IMPL_0908/build-native/lib/libc++.so.1.0
7a61e43ed000-7a61e43f8000 rw-p 00000000 00:00 0 
7a61e43f8000-7a61e43f9000 r--p 00000000 08:01 68734998                   /home/toolchain/development/libcxx_runtime_validation/tmp/P12/build_P13/p13_alloc_observer.so
7a61e43f9000-7a61e43fa000 r-xp 00001000 08:01 68734998                   /home/toolchain/development/libcxx_runtime_validation/tmp/P12/build_P13/p13_alloc_observer.so
7a61e43fa000-7a61e43fb000 r--p 00002000 08:01 68734998                   /home/toolchain/development/libcxx_runtime_validation/tmp/P12/build_P13/p13_alloc_observer.so
7a61e43fb000-7a61e43fc000 r--p 00002000 08:01 68734998                   /home/toolchain/development/libcxx_runtime_validation/tmp/P12/build_P13/p13_alloc_observer.so
7a61e43fc000-7a61e43fd000 rw-p 00003000 08:01 68734998                   /home/toolchain/development/libcxx_runtime_validation/tmp/P12/build_P13/p13_alloc_observer.so
7a61e43fd000-7a61e43ff000 rw-p 00000000 00:00 0 
7a61e43ff000-7a61e4402000 r-xp 00000000 08:01 68734999                   /home/toolchain/development/libcxx_runtime_validation/tmp/P12/build_P13/p13_observed_error_app
7a61e4402000-7a61e4403000 ---p 00003000 08:01 68734999                   /home/toolchain/development/libcxx_runtime_validation/tmp/P12/build_P13/p13_observed_error_app
7a61e4403000-7a61e4404000 r--p 00003000 08:01 68734999                   /home/toolchain/development/libcxx_runtime_validation/tmp/P12/build_P13/p13_observed_error_app
7a61e4404000-7a61e4405000 rw-p 00004000 08:01 68734999                   /home/toolchain/development/libcxx_runtime_validation/tmp/P12/build_P13/p13_observed_error_app
7a61e4405000-7a61e4409000 r--p 00000000 00:00 0                          [vvar]
7a61e4409000-7a61e440b000 r--p 00000000 00:00 0                          [vvar_vclock]
7a61e440b000-7a61e440d000 r-xp 00000000 00:00 0                          [vdso]
7a61e440d000-7a61e440e000 r--p 00000000 08:01 23608327                   /home/toolchain/development/libc++_replacement/tmp/R11/extracted/bb/bb95acf2989fecd8ed536d259eb6ce43109882f58a219adcd440fd826537dda7/lib64/ld-linux-x86-64.so.2
7a61e440e000-7a61e443b000 r-xp 00001000 08:01 23608327                   /home/toolchain/development/libc++_replacement/tmp/R11/extracted/bb/bb95acf2989fecd8ed536d259eb6ce43109882f58a219adcd440fd826537dda7/lib64/ld-linux-x86-64.so.2
7a61e443b000-7a61e4447000 r--p 0002e000 08:01 23608327                   /home/toolchain/development/libc++_replacement/tmp/R11/extracted/bb/bb95acf2989fecd8ed536d259eb6ce43109882f58a219adcd440fd826537dda7/lib64/ld-linux-x86-64.so.2
7a61e4447000-7a61e4449000 r--p 0003a000 08:01 23608327                   /home/toolchain/development/libc++_replacement/tmp/R11/extracted/bb/bb95acf2989fecd8ed536d259eb6ce43109882f58a219adcd440fd826537dda7/lib64/ld-linux-x86-64.so.2
7a61e4449000-7a61e444b000 rw-p 0003c000 08:01 23608327                   /home/toolchain/development/libc++_replacement/tmp/R11/extracted/bb/bb95acf2989fecd8ed536d259eb6ce43109882f58a219adcd440fd826537dda7/lib64/ld-linux-x86-64.so.2
7ffcec426000-7ffcec448000 rw-p 00000000 00:00 0                          [stack]
ffffffffff600000-ffffffffff601000 --xp 00000000 00:00 0                  [vsyscall]
MAP_ASSERT gnu=1 cxx=1 entry=1 provider=1
ALLOC_OBSERVER_CONTROL deliberate_live=1 bytes=37 balanced=1 live=0
ERROR kind=5 phase=2 accepted=0 errno=5 expected=5 unchanged=1 created=1 destroyed=1 last=2 nested=0
ALLOC allocations=4 frees=4 live=0 bytes=0 overflow=0
RECOVERY=PASS OUTPUT_UNCHANGED=PASS CLEANUP_SCOPES=1/1
