55556396d000-555563a96000 rw-p 00000000 00:00 0                          [heap]
7af758785000-7af758789000 rw-p 00000000 00:00 0                          [anon:tls-mmap-allocator]
7af758789000-7af7587a6000 r--p 00000000 08:01 26119271                   /home/toolchain/development/libc++_replacement/tmp/R11/extracted/75/75d15ca037cb14d1a66bf1e922149d1f83c4267311d0ad5c658919a61ea722a9/usr/lib64/libpkgmgr_installer.so.0.23.1
7af7587a6000-7af7587c9000 r-xp 0001d000 08:01 26119271                   /home/toolchain/development/libc++_replacement/tmp/R11/extracted/75/75d15ca037cb14d1a66bf1e922149d1f83c4267311d0ad5c658919a61ea722a9/usr/lib64/libpkgmgr_installer.so.0.23.1
7af7587c9000-7af7587da000 r--p 00040000 08:01 26119271                   /home/toolchain/development/libc++_replacement/tmp/R11/extracted/75/75d15ca037cb14d1a66bf1e922149d1f83c4267311d0ad5c658919a61ea722a9/usr/lib64/libpkgmgr_installer.so.0.23.1
7af7587da000-7af7587db000 r--p 00051000 08:01 26119271                   /home/toolchain/development/libc++_replacement/tmp/R11/extracted/75/75d15ca037cb14d1a66bf1e922149d1f83c4267311d0ad5c658919a61ea722a9/usr/lib64/libpkgmgr_installer.so.0.23.1
7af7587db000-7af7587dd000 rw-p 00052000 08:01 26119271                   /home/toolchain/development/libc++_replacement/tmp/R11/extracted/75/75d15ca037cb14d1a66bf1e922149d1f83c4267311d0ad5c658919a61ea722a9/usr/lib64/libpkgmgr_installer.so.0.23.1
7af7587dd000-7af7587e3000 r--p 00000000 08:01 25821655                   /home/toolchain/development/libc++_replacement/tmp/R11/extracted/18/180f13f72f6a2c516c48c28353e752d4436891ce1f62cbb88bc1841657404c40/usr/lib64/libcapi-appfw-package-manager.so.0.15.3
7af7587e3000-7af7587ea000 r-xp 00006000 08:01 25821655                   /home/toolchain/development/libc++_replacement/tmp/R11/extracted/18/180f13f72f6a2c516c48c28353e752d4436891ce1f62cbb88bc1841657404c40/usr/lib64/libcapi-appfw-package-manager.so.0.15.3
7af7587ea000-7af7587ee000 r--p 0000d000 08:01 25821655                   /home/toolchain/development/libc++_replacement/tmp/R11/extracted/18/180f13f72f6a2c516c48c28353e752d4436891ce1f62cbb88bc1841657404c40/usr/lib64/libcapi-appfw-package-manager.so.0.15.3
7af7587ee000-7af7587ef000 r--p 00010000 08:01 25821655                   /home/toolchain/development/libc++_replacement/tmp/R11/extracted/18/180f13f72f6a2c516c48c28353e752d4436891ce1f62cbb88bc1841657404c40/usr/lib64/libcapi-appfw-package-manager.so.0.15.3
7af7587ef000-7af7587f0000 rw-p 00011000 08:01 25821655                   /home/toolchain/development/libc++_replacement/tmp/R11/extracted/18/180f13f72f6a2c516c48c28353e752d4436891ce1f62cbb88bc1841657404c40/usr/lib64/libcapi-appfw-package-manager.so.0.15.3
7af7587f0000-7af75880e000 r--p 00000000 08:01 26126822                   /home/toolchain/development/libc++_replacement/tmp/R11/extracted/92/92b3926da1bfbc805b5b3d480dac7f01b1390a5ed74c07dca50e1d0e5d5d77c0/usr/lib64/libresource-information.so.0.1
7af75880e000-7af758828000 r-xp 0001e000 08:01 26126822                   /home/toolchain/development/libc++_replacement/tmp/R11/extracted/92/92b3926da1bfbc805b5b3d480dac7f01b1390a5ed74c07dca50e1d0e5d5d77c0/usr/lib64/libresource-information.so.0.1
7af758828000-7af758837000 r--p 00038000 08:01 26126822                   /home/toolchain/development/libc++_replacement/tmp/R11/extracted/92/92b3926da1bfbc805b5b3d480dac7f01b1390a5ed74c07dca50e1d0e5d5d77c0/usr/lib64/libresource-information.so.0.1
7af758837000-7af75883c000 r--p 00046000 08:01 26126822                   /home/toolchain/development/libc++_replacement/tmp/R11/extracted/92/92b3926da1bfbc805b5b3d480dac7f01b1390a5ed74c07dca50e1d0e5d5d77c0/usr/lib64/libresource-information.so.0.1
7af75883c000-7af75883d000 rw-p 0004b000 08:01 26126822                   /home/toolchain/development/libc++_replacement/tmp/R11/extracted/92/92b3926da1bfbc805b5b3d480dac7f01b1390a5ed74c07dca50e1d0e5d5d77c0/usr/lib64/libresource-information.so.0.1
7af75883d000-7af75883e000 rw-p 00000000 00:00 0 
7af75883e000-7af75884c000 r--p 00000000 08:01 25958030                   /home/toolchain/development/libc++_replacement/tmp/R11/extracted/0a/0ab9bebb936bab8dbefae5ffb0c413112d2b5d6ab922de257b6f5fe29a769b0a/usr/lib64/libgstbase-1.0.so.0.2411.0
7af75884c000-7af75889c000 r-xp 0000e000 08:01 25958030                   /home/toolchain/development/libc++_replacement/tmp/R11/extracted/0a/0ab9bebb936bab8dbefae5ffb0c413112d2b5d6ab922de257b6f5fe29a769b0a/usr/lib64/libgstbase-1.0.so.0.2411.0
7af75889c000-7af7588b3000 r--p 0005e000 08:01 25958030                   /home/toolchain/development/libc++_replacement/tmp/R11/extracted/0a/0ab9bebb936bab8dbefae5ffb0c413112d2b5d6ab922de257b6f5fe29a769b0a/usr/lib64/libgstbase-1.0.so.0.2411.0
7af7588b3000-7af7588b4000 r--p 00074000 08:01 25958030                   /home/toolchain/development/libc++_replacement/tmp/R11/extracted/0a/0ab9bebb936bab8dbefae5ffb0c413112d2b5d6ab922de257b6f5fe29a769b0a/usr/lib64/libgstbase-1.0.so.0.2411.0
7af7588b4000-7af7588b5000 rw-p 00075000 08:01 25958030                   /home/toolchain/development/libc++_replacement/tmp/R11/extracted/0a/0ab9bebb936bab8dbefae5ffb0c413112d2b5d6ab922de257b6f5fe29a769b0a/usr/lib64/libgstbase-1.0.so.0.2411.0
7af7588b5000-7af7588b7000 r--p 00000000 08:01 23622269                   /home/toolchain/development/libc++_replacement/tmp/R11/extracted/88/8847c67828686f6075d0df1423bf6bd8946ae0c4073599b8c7229876b45c031c/usr/lib64/libogg.so.0.8.2
7af7588b7000-7af7588b9000 r-xp 00002000 08:01 23622269                   /home/toolchain/development/libc++_replacement/tmp/R11/extracted/88/8847c67828686f6075d0df1423bf6bd8946ae0c4073599b8c7229876b45c031c/usr/lib64/libogg.so.0.8.2
7af7588b9000-7af7588ba000 r--p 00004000 08:01 23622269                   /home/toolchain/development/libc++_replacement/tmp/R11/extracted/88/8847c67828686f6075d0df1423bf6bd8946ae0c4073599b8c7229876b45c031c/usr/lib64/libogg.so.0.8.2
7af7588ba000-7af7588bb000 r--p 00005000 08:01 23622269                   /home/toolchain/development/libc++_replacement/tmp/R11/extracted/88/8847c67828686f6075d0df1423bf6bd8946ae0c4073599b8c7229876b45c031c/usr/lib64/libogg.so.0.8.2
7af7588bb000-7af7588bc000 rw-p 00006000 08:01 23622269                   /home/toolchain/development/libc++_replacement/tmp/R11/extracted/88/8847c67828686f6075d0df1423bf6bd8946ae0c4073599b8c7229876b45c031c/usr/lib64/libogg.so.0.8.2
7af7588bc000-7af7588d0000 r--p 00000000 08:01 23624257                   /home/toolchain/development/libc++_replacement/tmp/R11/extracted/ee/ee143eb6c9e05ce3d57b4209dcb8e5f73a2244e679cb09773dfdcc87cd2fae6d/usr/lib64/libvorbisenc.so.2.0.12
7af7588d0000-7af7588d3000 r-xp 00014000 08:01 23624257                   /home/toolchain/development/libc++_replacement/tmp/R11/extracted/ee/ee143eb6c9e05ce3d57b4209dcb8e5f73a2244e679cb09773dfdcc87cd2fae6d/usr/lib64/libvorbisenc.so.2.0.12
7af7588d3000-7af758948000 r--p 00017000 08:01 23624257                   /home/toolchain/development/libc++_replacement/tmp/R11/extracted/ee/ee143eb6c9e05ce3d57b4209dcb8e5f73a2244e679cb09773dfdcc87cd2fae6d/usr/lib64/libvorbisenc.so.2.0.12
7af758948000-7af75895f000 r--p 0008b000 08:01 23624257                   /home/toolchain/development/libc++_replacement/tmp/R11/extracted/ee/ee143eb6c9e05ce3d57b4209dcb8e5f73a2244e679cb09773dfdcc87cd2fae6d/usr/lib64/libvorbisenc.so.2.0.12
7af75895f000-7af758960000 rw-p 000a2000 08:01 23624257                   /home/toolchain/development/libc++_replacement/tmp/R11/extracted/ee/ee143eb6c9e05ce3d57b4209dcb8e5f73a2244e679cb09773dfdcc87cd2fae6d/usr/lib64/libvorbisenc.so.2.0.12
7af758960000-7af758963000 r--p 00000000 08:01 14077252                   /home/toolchain/development/libc++_replacement/tmp/R11/extracted/b5/b58982cc059bf2854f6f4b0c69562ec0dfa33e90e2cb2df875a5ca9a4156d5c4/usr/lib64/libvorbis.so.0.4.9
7af758963000-7af758976000 r-xp 00003000 08:01 14077252                   /home/toolchain/development/libc++_replacement/tmp/R11/extracted/b5/b58982cc059bf2854f6f4b0c69562ec0dfa33e90e2cb2df875a5ca9a4156d5c4/usr/lib64/libvorbis.so.0.4.9
7af758976000-7af758987000 r--p 00016000 08:01 14077252                   /home/toolchain/development/libc++_replacement/tmp/R11/extracted/b5/b58982cc059bf2854f6f4b0c69562ec0dfa33e90e2cb2df875a5ca9a4156d5c4/usr/lib64/libvorbis.so.0.4.9
7af758987000-7af758988000 r--p 00026000 08:01 14077252                   /home/toolchain/development/libc++_replacement/tmp/R11/extracted/b5/b58982cc059bf2854f6f4b0c69562ec0dfa33e90e2cb2df875a5ca9a4156d5c4/usr/lib64/libvorbis.so.0.4.9
7af758988000-7af758989000 rw-p 00027000 08:01 14077252                   /home/toolchain/development/libc++_replacement/tmp/R11/extracted/b5/b58982cc059bf2854f6f4b0c69562ec0dfa33e90e2cb2df875a5ca9a4156d5c4/usr/lib64/libvorbis.so.0.4.9
7af758989000-7af758993000 r--p 00000000 08:01 26095289                   /home/toolchain/development/libc++_replacement/tmp/R11/extracted/a7/a72c82e3c3025ca3a7f848e8604fe5438fcf1ebafd3e8c266bc63aedb391f71c/usr/lib64/libnotification.so.0.12.4
7af758993000-7af7589cf000 r-xp 0000a000 08:01 26095289                   /home/toolchain/development/libc++_replacement/tmp/R11/extracted/a7/a72c82e3c3025ca3a7f848e8604fe5438fcf1ebafd3e8c266bc63aedb391f71c/usr/lib64/libnotification.so.0.12.4
7af7589cf000-7af7589f2000 r--p 00046000 08:01 26095289                   /home/toolchain/development/libc++_replacement/tmp/R11/extracted/a7/a72c82e3c3025ca3a7f848e8604fe5438fcf1ebafd3e8c266bc63aedb391f71c/usr/lib64/libnotification.so.0.12.4
7af7589f2000-7af7589f3000 r--p 00068000 08:01 26095289                   /home/toolchain/development/libc++_replacement/tmp/R11/extracted/a7/a72c82e3c3025ca3a7f848e8604fe5438fcf1ebafd3e8c266bc63aedb391f71c/usr/lib64/libnotification.so.0.12.4
7af7589f3000-7af7589f4000 rw-p 00069000 08:01 26095289                   /home/toolchain/development/libc++_replacement/tmp/R11/extracted/a7/a72c82e3c3025ca3a7f848e8604fe5438fcf1ebafd3e8c266bc63aedb391f71c/usr/lib64/libnotification.so.0.12.4
7af7589f4000-7af7589f8000 r--p 00000000 08:01 25957418                   /home/toolchain/development/libc++_replacement/tmp/R11/extracted/ba/ba1028a9e23a627371c6a8f3b14b3d661f383e495cb3c1806d0734fc21e92a3e/usr/lib64/libgstapp-1.0.so.0.2411.0
7af7589f8000-7af758a02000 r-xp 00004000 08:01 25957418                   /home/toolchain/development/libc++_replacement/tmp/R11/extracted/ba/ba1028a9e23a627371c6a8f3b14b3d661f383e495cb3c1806d0734fc21e92a3e/usr/lib64/libgstapp-1.0.so.0.2411.0
7af758a02000-7af758a06000 r--p 0000e000 08:01 25957418                   /home/toolchain/development/libc++_replacement/tmp/R11/extracted/ba/ba1028a9e23a627371c6a8f3b14b3d661f383e495cb3c1806d0734fc21e92a3e/usr/lib64/libgstapp-1.0.so.0.2411.0
7af758a06000-7af758a07000 r--p 00011000 08:01 25957418                   /home/toolchain/development/libc++_replacement/tmp/R11/extracted/ba/ba1028a9e23a627371c6a8f3b14b3d661f383e495cb3c1806d0734fc21e92a3e/usr/lib64/libgstapp-1.0.so.0.2411.0
7af758a07000-7af758a08000 rw-p 00012000 08:01 25957418                   /home/toolchain/development/libc++_replacement/tmp/R11/extracted/ba/ba1028a9e23a627371c6a8f3b14b3d661f383e495cb3c1806d0734fc21e92a3e/usr/lib64/libgstapp-1.0.so.0.2411.0
7af758a08000-7af758a0f000 r--p 00000000 08:01 26126757                   /home/toolchain/development/libc++_replacement/tmp/R11/extracted/53/53b3da0a627489a6a2a198f91b8bf6b7115b1d8b3c591dc5f216cbde432162e9/usr/lib64/libresource-center-api.so.0.1
7af758a0f000-7af758a17000 r-xp 00007000 08:01 26126757                   /home/toolchain/development/libc++_replacement/tmp/R11/extracted/53/53b3da0a627489a6a2a198f91b8bf6b7115b1d8b3c591dc5f216cbde432162e9/usr/lib64/libresource-center-api.so.0.1
7af758a17000-7af758a1c000 r--p 0000f000 08:01 26126757                   /home/toolchain/development/libc++_replacement/tmp/R11/extracted/53/53b3da0a627489a6a2a198f91b8bf6b7115b1d8b3c591dc5f216cbde432162e9/usr/lib64/libresource-center-api.so.0.1
7af758a1c000-7af758a1d000 r--p 00013000 08:01 26126757                   /home/toolchain/development/libc++_replacement/tmp/R11/extracted/53/53b3da0a627489a6a2a198f91b8bf6b7115b1d8b3c591dc5f216cbde432162e9/usr/lib64/libresource-center-api.so.0.1
7af758a1d000-7af758a1e000 rw-p 00014000 08:01 26126757                   /home/toolchain/development/libc++_replacement/tmp/R11/extracted/53/53b3da0a627489a6a2a198f91b8bf6b7115b1d8b3c591dc5f216cbde432162e9/usr/lib64/libresource-center-api.so.0.1
7af758a1e000-7af758a5c000 r--p 00000000 08:01 26126818                   /home/toolchain/development/libc++_replacement/tmp/R11/extracted/c5/c504a3c6c64f8d05571d18af579d5881bee14d01acfa70c054104b83adc65fa2/usr/lib64/libresource-manager.so.0.1
7af758a5c000-7af758ab3000 r-xp 0003e000 08:01 26126818                   /home/toolchain/development/libc++_replacement/tmp/R11/extracted/c5/c504a3c6c64f8d05571d18af579d5881bee14d01acfa70c054104b83adc65fa2/usr/lib64/libresource-manager.so.0.1
7af758ab3000-7af758ac6000 r--p 00095000 08:01 26126818                   /home/toolchain/development/libc++_replacement/tmp/R11/extracted/c5/c504a3c6c64f8d05571d18af579d5881bee14d01acfa70c054104b83adc65fa2/usr/lib64/libresource-manager.so.0.1
7af758ac6000-7af758ac9000 rw-p 000a7000 08:01 26126818                   /home/toolchain/development/libc++_replacement/tmp/R11/extracted/c5/c504a3c6c64f8d05571d18af579d5881bee14d01acfa70c054104b83adc65fa2/usr/lib64/libresource-manager.so.0.1
7af758ac9000-7af758aca000 rw-p 00000000 00:00 0 
7af758aca000-7af758acd000 r--p 00000000 08:01 25957416                   /home/toolchain/development/libc++_replacement/tmp/R11/extracted/ba/ba1028a9e23a627371c6a8f3b14b3d661f383e495cb3c1806d0734fc21e92a3e/usr/lib64/libgstallocators-1.0.so.0.2411.0
7af758acd000-7af758ad3000 r-xp 00003000 08:01 25957416                   /home/toolchain/development/libc++_replacement/tmp/R11/extracted/ba/ba1028a9e23a627371c6a8f3b14b3d661f383e495cb3c1806d0734fc21e92a3e/usr/lib64/libgstallocators-1.0.so.0.2411.0
7af758ad3000-7af758ad6000 r--p 00009000 08:01 25957416                   /home/toolchain/development/libc++_replacement/tmp/R11/extracted/ba/ba1028a9e23a627371c6a8f3b14b3d661f383e495cb3c1806d0734fc21e92a3e/usr/lib64/libgstallocators-1.0.so.0.2411.0
7af758ad6000-7af758ad7000 r--p 0000b000 08:01 25957416                   /home/toolchain/development/libc++_replacement/tmp/R11/extracted/ba/ba1028a9e23a627371c6a8f3b14b3d661f383e495cb3c1806d0734fc21e92a3e/usr/lib64/libgstallocators-1.0.so.0.2411.0
7af758ad7000-7af758ad8000 rw-p 0000c000 08:01 25957416                   /home/toolchain/development/libc++_replacement/tmp/R11/extracted/ba/ba1028a9e23a627371c6a8f3b14b3d661f383e495cb3c1806d0734fc21e92a3e/usr/lib64/libgstallocators-1.0.so.0.2411.0
7af758ad8000-7af758af5000 r--p 00000000 08:01 25957439                   /home/toolchain/development/libc++_replacement/tmp/R11/extracted/ba/ba1028a9e23a627371c6a8f3b14b3d661f383e495cb3c1806d0734fc21e92a3e/usr/lib64/libgstvideo-1.0.so.0.2411.0
7af758af5000-7af758b56000 r-xp 0001d000 08:01 25957439                   /home/toolchain/development/libc++_replacement/tmp/R11/extracted/ba/ba1028a9e23a627371c6a8f3b14b3d661f383e495cb3c1806d0734fc21e92a3e/usr/lib64/libgstvideo-1.0.so.0.2411.0
7af758b56000-7af758b79000 r--p 0007e000 08:01 25957439                   /home/toolchain/development/libc++_replacement/tmp/R11/extracted/ba/ba1028a9e23a627371c6a8f3b14b3d661f383e495cb3c1806d0734fc21e92a3e/usr/lib64/libgstvideo-1.0.so.0.2411.0
7af758b79000-7af758b8c000 r--p 000a1000 08:01 25957439                   /home/toolchain/development/libc++_replacement/tmp/R11/extracted/ba/ba1028a9e23a627371c6a8f3b14b3d661f383e495cb3c1806d0734fc21e92a3e/usr/lib64/libgstvideo-1.0.so.0.2411.0
7af758b8c000-7af758b8e000 rw-p 000b4000 08:01 25957439                   /home/toolchain/development/libc++_replacement/tmp/R11/extracted/ba/ba1028a9e23a627371c6a8f3b14b3d661f383e495cb3c1806d0734fc21e92a3e/usr/lib64/libgstvideo-1.0.so.0.2411.0
7af758b8e000-7af758b94000 r--p 00000000 08:01 23622935                   /home/toolchain/development/libc++_replacement/tmp/R11/extracted/bf/bfef5e15639bc5cda56d9d96da1fb3c2b923358e5ac8e18c0d10f7afd11e290e/usr/lib64/libsndfile.so.1.0.37
7af758b94000-7af758bc8000 r-xp 00006000 08:01 23622935                   /home/toolchain/development/libc++_replacement/tmp/R11/extracted/bf/bfef5e15639bc5cda56d9d96da1fb3c2b923358e5ac8e18c0d10f7afd11e290e/usr/lib64/libsndfile.so.1.0.37
7af758bc8000-7af758bde000 r--p 0003a000 08:01 23622935                   /home/toolchain/development/libc++_replacement/tmp/R11/extracted/bf/bfef5e15639bc5cda56d9d96da1fb3c2b923358e5ac8e18c0d10f7afd11e290e/usr/lib64/libsndfile.so.1.0.37
7af758bde000-7af758be1000 rw-p 0004f000 08:01 23622935                   /home/toolchain/development/libc++_replacement/tmp/R11/extracted/bf/bfef5e15639bc5cda56d9d96da1fb3c2b923358e5ac8e18c0d10f7afd11e290e/usr/lib64/libsndfile.so.1.0.37
7af758be1000-7af758be3000 rw-p 00000000 00:00 0 
7af758be3000-7af758be4000 r--p 00000000 08:01 23482936                   /home/toolchain/development/libc++_replacement/tmp/R11/extracted/56/568855d87febe07b42683955f6657142be4bdcfd6303b2850dd1c6731310e49b/usr/lib64/libboost_atomic.so.1.83.0
7af758be4000-7af758be5000 r-xp 00001000 08:01 23482936                   /home/toolchain/development/libc++_replacement/tmp/R11/extracted/56/568855d87febe07b42683955f6657142be4bdcfd6303b2850dd1c6731310e49b/usr/lib64/libboost_atomic.so.1.83.0
7af758be5000-7af758be6000 r--p 00002000 08:01 23482936                   /home/toolchain/development/libc++_replacement/tmp/R11/extracted/56/568855d87febe07b42683955f6657142be4bdcfd6303b2850dd1c6731310e49b/usr/lib64/libboost_atomic.so.1.83.0
7af758be6000-7af758be7000 r--p 00002000 08:01 23482936                   /home/toolchain/development/libc++_replacement/tmp/R11/extracted/56/568855d87febe07b42683955f6657142be4bdcfd6303b2850dd1c6731310e49b/usr/lib64/libboost_atomic.so.1.83.0
7af758be7000-7af758be8000 rw-p 00003000 08:01 23482936                   /home/toolchain/development/libc++_replacement/tmp/R11/extracted/56/568855d87febe07b42683955f6657142be4bdcfd6303b2850dd1c6731310e49b/usr/lib64/libboost_atomic.so.1.83.0
7af758be8000-7af758bec000 rw-p 00000000 00:00 0 
7af758bec000-7af758bee000 r--p 00000000 08:01 23618251                   /home/toolchain/development/libc++_replacement/tmp/R11/extracted/b1/b13c62481a91537be74ed85eae5295dcd92b5878dd7c47d7e3386862aaf07ebb/usr/lib64/libattr.so.1.1.2501
7af758bee000-7af758bf1000 r-xp 00002000 08:01 23618251                   /home/toolchain/development/libc++_replacement/tmp/R11/extracted/b1/b13c62481a91537be74ed85eae5295dcd92b5878dd7c47d7e3386862aaf07ebb/usr/lib64/libattr.so.1.1.2501
7af758bf1000-7af758bf2000 r--p 00005000 08:01 23618251                   /home/toolchain/development/libc++_replacement/tmp/R11/extracted/b1/b13c62481a91537be74ed85eae5295dcd92b5878dd7c47d7e3386862aaf07ebb/usr/lib64/libattr.so.1.1.2501
7af758bf2000-7af758bf3000 r--p 00005000 08:01 23618251                   /home/toolchain/development/libc++_replacement/tmp/R11/extracted/b1/b13c62481a91537be74ed85eae5295dcd92b5878dd7c47d7e3386862aaf07ebb/usr/lib64/libattr.so.1.1.2501
7af758bf3000-7af758bf4000 rw-p 00006000 08:01 23618251                   /home/toolchain/development/libc++_replacement/tmp/R11/extracted/b1/b13c62481a91537be74ed85eae5295dcd92b5878dd7c47d7e3386862aaf07ebb/usr/lib64/libattr.so.1.1.2501
7af758bf4000-7af758c07000 r--p 00000000 08:01 26083864                   /home/toolchain/development/libc++_replacement/tmp/R11/extracted/c8/c8bacdec0892151fce20caf11add70ce706e389477e74203beec2f6b651c52b8/usr/lib64/libcynara-storage.so.0.26.0
7af758c07000-7af758c1f000 r-xp 00013000 08:01 26083864                   /home/toolchain/development/libc++_replacement/tmp/R11/extracted/c8/c8bacdec0892151fce20caf11add70ce706e389477e74203beec2f6b651c52b8/usr/lib64/libcynara-storage.so.0.26.0
7af758c1f000-7af758c26000 r--p 0002b000 08:01 26083864                   /home/toolchain/development/libc++_replacement/tmp/R11/extracted/c8/c8bacdec0892151fce20caf11add70ce706e389477e74203beec2f6b651c52b8/usr/lib64/libcynara-storage.so.0.26.0
7af758c26000-7af758c28000 r--p 00031000 08:01 26083864                   /home/toolchain/development/libc++_replacement/tmp/R11/extracted/c8/c8bacdec0892151fce20caf11add70ce706e389477e74203beec2f6b651c52b8/usr/lib64/libcynara-storage.so.0.26.0
7af758c28000-7af758c29000 rw-p 00033000 08:01 26083864                   /home/toolchain/development/libc++_replacement/tmp/R11/extracted/c8/c8bacdec0892151fce20caf11add70ce706e389477e74203beec2f6b651c52b8/usr/lib64/libcynara-storage.so.0.26.0
7af758c29000-7af758c31000 r--p 00000000 08:01 23618453                   /home/toolchain/development/libc++_replacement/tmp/R11/extracted/7b/7be6293fc05ed8019edecff0b32ea2fabe3546ba6a4ff8b459d43df742ae07f8/usr/lib64/libblkid.so.1.1.0
7af758c31000-7af758c50000 r-xp 00008000 08:01 23618453                   /home/toolchain/development/libc++_replacement/tmp/R11/extracted/7b/7be6293fc05ed8019edecff0b32ea2fabe3546ba6a4ff8b459d43df742ae07f8/usr/lib64/libblkid.so.1.1.0
7af758c50000-7af758c5a000 r--p 00027000 08:01 23618453                   /home/toolchain/development/libc++_replacement/tmp/R11/extracted/7b/7be6293fc05ed8019edecff0b32ea2fabe3546ba6a4ff8b459d43df742ae07f8/usr/lib64/libblkid.so.1.1.0
7af758c5a000-7af758c5f000 r--p 00031000 08:01 23618453                   /home/toolchain/development/libc++_replacement/tmp/R11/extracted/7b/7be6293fc05ed8019edecff0b32ea2fabe3546ba6a4ff8b459d43df742ae07f8/usr/lib64/libblkid.so.1.1.0
7af758c5f000-7af758c60000 rw-p 00036000 08:01 23618453                   /home/toolchain/development/libc++_replacement/tmp/R11/extracted/7b/7be6293fc05ed8019edecff0b32ea2fabe3546ba6a4ff8b459d43df742ae07f8/usr/lib64/libblkid.so.1.1.0
7af758c60000-7af758c61000 r--p 00000000 08:01 26085771                   /home/toolchain/development/libc++_replacement/tmp/R11/extracted/a7/a7049a5c0f11523aadb13e3168ed813f674db1ee0ef43d82388cf66a7d6ddb07/usr/lib64/libiri.so
7af758c61000-7af758c63000 r-xp 00001000 08:01 26085771                   /home/toolchain/development/libc++_replacement/tmp/R11/extracted/a7/a7049a5c0f11523aadb13e3168ed813f674db1ee0ef43d82388cf66a7d6ddb07/usr/lib64/libiri.so
7af758c63000-7af758c64000 r--p 00003000 08:01 26085771                   /home/toolchain/development/libc++_replacement/tmp/R11/extracted/a7/a7049a5c0f11523aadb13e3168ed813f674db1ee0ef43d82388cf66a7d6ddb07/usr/lib64/libiri.so
7af758c64000-7af758c65000 r--p 00003000 08:01 26085771                   /home/toolchain/development/libc++_replacement/tmp/R11/extracted/a7/a7049a5c0f11523aadb13e3168ed813f674db1ee0ef43d82388cf66a7d6ddb07/usr/lib64/libiri.so
7af758c65000-7af758c66000 rw-p 00004000 08:01 26085771                   /home/toolchain/development/libc++_replacement/tmp/R11/extracted/a7/a7049a5c0f11523aadb13e3168ed813f674db1ee0ef43d82388cf66a7d6ddb07/usr/lib64/libiri.so
7af758c66000-7af758c9d000 r--p 00000000 08:01 26002858                   /home/toolchain/development/libc++_replacement/tmp/R11/extracted/35/35ecdea30c550dffcc501eb8a958f84bb46a55b4c0a2d9125c70f52e0367a69f/usr/lib64/libscim-1.0.so.8.2.3
7af758c9d000-7af758cfa000 r-xp 00037000 08:01 26002858                   /home/toolchain/development/libc++_replacement/tmp/R11/extracted/35/35ecdea30c550dffcc501eb8a958f84bb46a55b4c0a2d9125c70f52e0367a69f/usr/lib64/libscim-1.0.so.8.2.3
7af758cfa000-7af758d45000 r--p 00094000 08:01 26002858                   /home/toolchain/development/libc++_replacement/tmp/R11/extracted/35/35ecdea30c550dffcc501eb8a958f84bb46a55b4c0a2d9125c70f52e0367a69f/usr/lib64/libscim-1.0.so.8.2.3
7af758d45000-7af758d49000 r--p 000df000 08:01 26002858                   /home/toolchain/development/libc++_replacement/tmp/R11/extracted/35/35ecdea30c550dffcc501eb8a958f84bb46a55b4c0a2d9125c70f52e0367a69f/usr/lib64/libscim-1.0.so.8.2.3
7af758d49000-7af758d4b000 rw-p 000e3000 08:01 26002858                   /home/toolchain/development/libc++_replacement/tmp/R11/extracted/35/35ecdea30c550dffcc501eb8a958f84bb46a55b4c0a2d9125c70f52e0367a69f/usr/lib64/libscim-1.0.so.8.2.3
7af758d4b000-7af758d7b000 r--p 00000000 08:01 26002902                   /home/toolchain/development/libc++_replacement/tmp/R11/extracted/35/35ecdea30c550dffcc501eb8a958f84bb46a55b4c0a2d9125c70f52e0367a69f/usr/lib64/libscim_imengine.so.8.2.3
7af758d7b000-7af758da4000 r-xp 00030000 08:01 26002902                   /home/toolchain/development/libc++_replacement/tmp/R11/extracted/35/35ecdea30c550dffcc501eb8a958f84bb46a55b4c0a2d9125c70f52e0367a69f/usr/lib64/libscim_imengine.so.8.2.3
7af758da4000-7af758dba000 r--p 00059000 08:01 26002902                   /home/toolchain/development/libc++_replacement/tmp/R11/extracted/35/35ecdea30c550dffcc501eb8a958f84bb46a55b4c0a2d9125c70f52e0367a69f/usr/lib64/libscim_imengine.so.8.2.3
7af758dba000-7af758dc3000 r--p 0006f000 08:01 26002902                   /home/toolchain/development/libc++_replacement/tmp/R11/extracted/35/35ecdea30c550dffcc501eb8a958f84bb46a55b4c0a2d9125c70f52e0367a69f/usr/lib64/libscim_imengine.so.8.2.3
7af758dc3000-7af758dd1000 rw-p 00078000 08:01 26002902                   /home/toolchain/development/libc++_replacement/tmp/R11/extracted/35/35ecdea30c550dffcc501eb8a958f84bb46a55b4c0a2d9125c70f52e0367a69f/usr/lib64/libscim_imengine.so.8.2.3
7af758dd1000-7af758dd3000 r--p 00000000 08:01 26089414                   /home/toolchain/development/libc++_replacement/tmp/R11/extracted/6e/6ea88a8be40d0a02d31f2d7f5b7e998e43bda209403c740d6385dc2b6b965039/usr/lib64/libtizen-remote-surface-client.so.0.0.0
7af758dd3000-7af758dd4000 r-xp 00002000 08:01 26089414                   /home/toolchain/development/libc++_replacement/tmp/R11/extracted/6e/6ea88a8be40d0a02d31f2d7f5b7e998e43bda209403c740d6385dc2b6b965039/usr/lib64/libtizen-remote-surface-client.so.0.0.0
7af758dd4000-7af758dd5000 r--p 00003000 08:01 26089414                   /home/toolchain/development/libc++_replacement/tmp/R11/extracted/6e/6ea88a8be40d0a02d31f2d7f5b7e998e43bda209403c740d6385dc2b6b965039/usr/lib64/libtizen-remote-surface-client.so.0.0.0
7af758dd5000-7af758dd6000 r--p 00003000 08:01 26089414                   /home/toolchain/development/libc++_replacement/tmp/R11/extracted/6e/6ea88a8be40d0a02d31f2d7f5b7e998e43bda209403c740d6385dc2b6b965039/usr/lib64/libtizen-remote-surface-client.so.0.0.0
7af758dd6000-7af758dd7000 rw-p 00004000 08:01 26089414                   /home/toolchain/development/libc++_replacement/tmp/R11/extracted/6e/6ea88a8be40d0a02d31f2d7f5b7e998e43bda209403c740d6385dc2b6b965039/usr/lib64/libtizen-remote-surface-client.so.0.0.0
7af758dd7000-7af758de3000 r--p 00000000 08:01 26087492                   /home/toolchain/development/libc++_replacement/tmp/R11/extracted/1b/1baf527c195ef8713c9d8a4e17c2d0f4730f9ade6d8b545410b607076971be60/usr/lib64/libscreen_connector_input.so.1.9.12
7af758de3000-7af758de9000 r-xp 0000c000 08:01 26087492                   /home/toolchain/development/libc++_replacement/tmp/R11/extracted/1b/1baf527c195ef8713c9d8a4e17c2d0f4730f9ade6d8b545410b607076971be60/usr/lib64/libscreen_connector_input.so.1.9.12
7af758de9000-7af758dec000 r--p 00012000 08:01 26087492                   /home/toolchain/development/libc++_replacement/tmp/R11/extracted/1b/1baf527c195ef8713c9d8a4e17c2d0f4730f9ade6d8b545410b607076971be60/usr/lib64/libscreen_connector_input.so.1.9.12
7af758dec000-7af758ded000 r--p 00015000 08:01 26087492                   /home/toolchain/development/libc++_replacement/tmp/R11/extracted/1b/1baf527c195ef8713c9d8a4e17c2d0f4730f9ade6d8b545410b607076971be60/usr/lib64/libscreen_connector_input.so.1.9.12
7af758ded000-7af758dee000 rw-p 00016000 08:01 26087492                   /home/toolchain/development/libc++_replacement/tmp/R11/extracted/1b/1baf527c195ef8713c9d8a4e17c2d0f4730f9ade6d8b545410b607076971be60/usr/lib64/libscreen_connector_input.so.1.9.12
7af758dee000-7af758df0000 r--p 00000000 08:01 25713787                   /home/toolchain/development/libc++_replacement/tmp/R11/extracted/e3/e324dc8ff4e9ae834d02077646c043da25c3cf88295dc9c550dd1028e6fda4f4/usr/lib64/libappcore-ui.so.1.27.13
7af758df0000-7af758df3000 r-xp 00002000 08:01 25713787                   /home/toolchain/development/libc++_replacement/tmp/R11/extracted/e3/e324dc8ff4e9ae834d02077646c043da25c3cf88295dc9c550dd1028e6fda4f4/usr/lib64/libappcore-ui.so.1.27.13
7af758df3000-7af758df5000 r--p 00005000 08:01 25713787                   /home/toolchain/development/libc++_replacement/tmp/R11/extracted/e3/e324dc8ff4e9ae834d02077646c043da25c3cf88295dc9c550dd1028e6fda4f4/usr/lib64/libappcore-ui.so.1.27.13
7af758df5000-7af758df6000 r--p 00006000 08:01 25713787                   /home/toolchain/development/libc++_replacement/tmp/R11/extracted/e3/e324dc8ff4e9ae834d02077646c043da25c3cf88295dc9c550dd1028e6fda4f4/usr/lib64/libappcore-ui.so.1.27.13
7af758df6000-7af758df7000 rw-p 00007000 08:01 25713787                   /home/toolchain/development/libc++_replacement/tmp/R11/extracted/e3/e324dc8ff4e9ae834d02077646c043da25c3cf88295dc9c550dd1028e6fda4f4/usr/lib64/libappcore-ui.so.1.27.13
7af758df7000-7af758dfb000 r--p 00000000 08:01 25713564                   /home/toolchain/development/libc++_replacement/tmp/R11/extracted/4c/4cdb0d46f299d1d6c7581443ac1b9589318a50b4f7e8f0d97d8a693b63c43982/usr/lib64/libappcore-common.so.1.27.13
7af758dfb000-7af758dfe000 r-xp 00004000 08:01 25713564                   /home/toolchain/development/libc++_replacement/tmp/R11/extracted/4c/4cdb0d46f299d1d6c7581443ac1b9589318a50b4f7e8f0d97d8a693b63c43982/usr/lib64/libappcore-common.so.1.27.13
7af758dfe000-7af758e00000 r--p 00007000 08:01 25713564                   /home/toolchain/development/libc++_replacement/tmp/R11/extracted/4c/4cdb0d46f299d1d6c7581443ac1b9589318a50b4f7e8f0d97d8a693b63c43982/usr/lib64/libappcore-common.so.1.27.13
7af758e00000-7af758e01000 r--p 00009000 08:01 25713564                   /home/toolchain/development/libc++_replacement/tmp/R11/extracted/4c/4cdb0d46f299d1d6c7581443ac1b9589318a50b4f7e8f0d97d8a693b63c43982/usr/lib64/libappcore-common.so.1.27.13
7af758e01000-7af758e02000 rw-p 0000a000 08:01 25713564                   /home/toolchain/development/libc++_replacement/tmp/R11/extracted/4c/4cdb0d46f299d1d6c7581443ac1b9589318a50b4f7e8f0d97d8a693b63c43982/usr/lib64/libappcore-common.so.1.27.13
7af758e02000-7af758e08000 r--p 00000000 08:01 26004415                   /home/toolchain/development/libc++_replacement/tmp/R11/extracted/e3/e38dc1675b220c1ccac99db62910936dc386b72bc076167e42867d0a07251884/usr/lib64/libalarm.so.0.14.12
7af758e08000-7af758e1a000 r-xp 00006000 08:01 26004415                   /home/toolchain/development/libc++_replacement/tmp/R11/extracted/e3/e38dc1675b220c1ccac99db62910936dc386b72bc076167e42867d0a07251884/usr/lib64/libalarm.so.0.14.12
7af758e1a000-7af758e21000 r--p 00018000 08:01 26004415                   /home/toolchain/development/libc++_replacement/tmp/R11/extracted/e3/e38dc1675b220c1ccac99db62910936dc386b72bc076167e42867d0a07251884/usr/lib64/libalarm.so.0.14.12
7af758e21000-7af758e22000 r--p 0001e000 08:01 26004415                   /home/toolchain/development/libc++_replacement/tmp/R11/extracted/e3/e38dc1675b220c1ccac99db62910936dc386b72bc076167e42867d0a07251884/usr/lib64/libalarm.so.0.14.12
7af758e22000-7af758e23000 rw-p 0001f000 08:01 26004415                   /home/toolchain/development/libc++_replacement/tmp/R11/extracted/e3/e38dc1675b220c1ccac99db62910936dc386b72bc076167e42867d0a07251884/usr/lib64/libalarm.so.0.14.12
7af758e23000-7af758e32000 r--p 00000000 08:01 26086002                   /home/toolchain/development/libc++_replacement/tmp/R11/extracted/e3/e345335eab4b258418991a13d40060b10be1c6adc8d67fbddc840960dbd3fe73/usr/lib64/libkey-manager-common.so.1.0.1
7af758e32000-7af758e49000 r-xp 0000f000 08:01 26086002                   /home/toolchain/development/libc++_replacement/tmp/R11/extracted/e3/e345335eab4b258418991a13d40060b10be1c6adc8d67fbddc840960dbd3fe73/usr/lib64/libkey-manager-common.so.1.0.1
7af758e49000-7af758e52000 r--p 00026000 08:01 26086002                   /home/toolchain/development/libc++_replacement/tmp/R11/extracted/e3/e345335eab4b258418991a13d40060b10be1c6adc8d67fbddc840960dbd3fe73/usr/lib64/libkey-manager-common.so.1.0.1
7af758e52000-7af758e54000 r--p 0002e000 08:01 26086002                   /home/toolchain/development/libc++_replacement/tmp/R11/extracted/e3/e345335eab4b258418991a13d40060b10be1c6adc8d67fbddc840960dbd3fe73/usr/lib64/libkey-manager-common.so.1.0.1
7af758e54000-7af758e55000 rw-p 00030000 08:01 26086002                   /home/toolchain/development/libc++_replacement/tmp/R11/extracted/e3/e345335eab4b258418991a13d40060b10be1c6adc8d67fbddc840960dbd3fe73/usr/lib64/libkey-manager-common.so.1.0.1
7af758e55000-7af758e57000 r--p 00000000 08:01 26084250                   /home/toolchain/development/libc++_replacement/tmp/R11/extracted/fa/fab79860adf785533087275f70711a22478a332ff778a96c7d08d725f7533551/usr/lib64/libdlog_redirect_stdout.so.0.0.0
7af758e57000-7af758e5b000 r-xp 00002000 08:01 26084250                   /home/toolchain/development/libc++_replacement/tmp/R11/extracted/fa/fab79860adf785533087275f70711a22478a332ff778a96c7d08d725f7533551/usr/lib64/libdlog_redirect_stdout.so.0.0.0
7af758e5b000-7af758e5d000 r--p 00006000 08:01 26084250                   /home/toolchain/development/libc++_replacement/tmp/R11/extracted/fa/fab79860adf785533087275f70711a22478a332ff778a96c7d08d725f7533551/usr/lib64/libdlog_redirect_stdout.so.0.0.0
7af758e5d000-7af758e5e000 r--p 00007000 08:01 26084250                   /home/toolchain/development/libc++_replacement/tmp/R11/extracted/fa/fab79860adf785533087275f70711a22478a332ff778a96c7d08d725f7533551/usr/lib64/libdlog_redirect_stdout.so.0.0.0
7af758e5e000-7af758e5f000 rw-p 00008000 08:01 26084250                   /home/toolchain/development/libc++_replacement/tmp/R11/extracted/fa/fab79860adf785533087275f70711a22478a332ff778a96c7d08d725f7533551/usr/lib64/libdlog_redirect_stdout.so.0.0.0
7af758e5f000-7af758e74000 r--p 00000000 08:01 26003682                   /home/toolchain/development/libc++_replacement/tmp/R11/extracted/84/841ed91284852a7efaf27e85163d40aa7b5baca1103a998b849237bf6cbfa46e/usr/lib64/libklay.so.0.0.2
7af758e74000-7af758e93000 r-xp 00015000 08:01 26003682                   /home/toolchain/development/libc++_replacement/tmp/R11/extracted/84/841ed91284852a7efaf27e85163d40aa7b5baca1103a998b849237bf6cbfa46e/usr/lib64/libklay.so.0.0.2
7af758e93000-7af758e9d000 r--p 00034000 08:01 26003682                   /home/toolchain/development/libc++_replacement/tmp/R11/extracted/84/841ed91284852a7efaf27e85163d40aa7b5baca1103a998b849237bf6cbfa46e/usr/lib64/libklay.so.0.0.2
7af758e9d000-7af758e9f000 r--p 0003d000 08:01 26003682                   /home/toolchain/development/libc++_replacement/tmp/R11/extracted/84/841ed91284852a7efaf27e85163d40aa7b5baca1103a998b849237bf6cbfa46e/usr/lib64/libklay.so.0.0.2
7af758e9f000-7af758ea0000 rw-p 0003f000 08:01 26003682                   /home/toolchain/development/libc++_replacement/tmp/R11/extracted/84/841ed91284852a7efaf27e85163d40aa7b5baca1103a998b849237bf6cbfa46e/usr/lib64/libklay.so.0.0.2
7af758ea0000-7af758ea2000 r--p 00000000 08:01 23624164                   /home/toolchain/development/libc++_replacement/tmp/R11/extracted/1e/1ef38dd1b74597d1e4a56b8f9c786954bd0dcdebd9261f07845c7225b8027830/usr/lib64/libunwind.so.8.0.1
7af758ea2000-7af758eaa000 r-xp 00002000 08:01 23624164                   /home/toolchain/development/libc++_replacement/tmp/R11/extracted/1e/1ef38dd1b74597d1e4a56b8f9c786954bd0dcdebd9261f07845c7225b8027830/usr/lib64/libunwind.so.8.0.1
7af758eaa000-7af758eac000 r--p 0000a000 08:01 23624164                   /home/toolchain/development/libc++_replacement/tmp/R11/extracted/1e/1ef38dd1b74597d1e4a56b8f9c786954bd0dcdebd9261f07845c7225b8027830/usr/lib64/libunwind.so.8.0.1
7af758eac000-7af758ead000 r--p 0000b000 08:01 23624164                   /home/toolchain/development/libc++_replacement/tmp/R11/extracted/1e/1ef38dd1b74597d1e4a56b8f9c786954bd0dcdebd9261f07845c7225b8027830/usr/lib64/libunwind.so.8.0.1
7af758ead000-7af758eae000 rw-p 0000c000 08:01 23624164                   /home/toolchain/development/libc++_replacement/tmp/R11/extracted/1e/1ef38dd1b74597d1e4a56b8f9c786954bd0dcdebd9261f07845c7225b8027830/usr/lib64/libunwind.so.8.0.1
7af758eae000-7af758eb8000 rw-p 00000000 00:00 0 
7af758eb8000-7af758ee6000 r--p 00000000 08:01 26088914                   /home/toolchain/development/libc++_replacement/tmp/R11/extracted/0a/0a396f6f4ebeb626ec8be5cd1d59310a778e5e2282df79e602683c44a05e30ae/usr/lib64/libtrackrenderer.so
7af758ee6000-7af758f18000 r-xp 0002e000 08:01 26088914                   /home/toolchain/development/libc++_replacement/tmp/R11/extracted/0a/0a396f6f4ebeb626ec8be5cd1d59310a778e5e2282df79e602683c44a05e30ae/usr/lib64/libtrackrenderer.so
7af758f18000-7af758f30000 r--p 00060000 08:01 26088914                   /home/toolchain/development/libc++_replacement/tmp/R11/extracted/0a/0a396f6f4ebeb626ec8be5cd1d59310a778e5e2282df79e602683c44a05e30ae/usr/lib64/libtrackrenderer.so
7af758f30000-7af758f32000 r--p 00077000 08:01 26088914                   /home/toolchain/development/libc++_replacement/tmp/R11/extracted/0a/0a396f6f4ebeb626ec8be5cd1d59310a778e5e2282df79e602683c44a05e30ae/usr/lib64/libtrackrenderer.so
7af758f32000-7af758f34000 rw-p 00079000 08:01 26088914                   /home/toolchain/development/libc++_replacement/tmp/R11/extracted/0a/0a396f6f4ebeb626ec8be5cd1d59310a778e5e2282df79e602683c44a05e30ae/usr/lib64/libtrackrenderer.so
7af758f34000-7af758f48000 r--p 00000000 08:01 16961828                   /home/toolchain/development/libc++_replacement/tmp/R11/extracted/4e/4ea9cb9ada8f65fed491ea1ea3c1dff68fb2d17ab664232b15c0d7649dbb618e/usr/lib64/pulseaudio/libpulsecommon-15.0.so
7af758f48000-7af758f8a000 r-xp 00014000 08:01 16961828                   /home/toolchain/development/libc++_replacement/tmp/R11/extracted/4e/4ea9cb9ada8f65fed491ea1ea3c1dff68fb2d17ab664232b15c0d7649dbb618e/usr/lib64/pulseaudio/libpulsecommon-15.0.so
7af758f8a000-7af758fac000 r--p 00056000 08:01 16961828                   /home/toolchain/development/libc++_replacement/tmp/R11/extracted/4e/4ea9cb9ada8f65fed491ea1ea3c1dff68fb2d17ab664232b15c0d7649dbb618e/usr/lib64/pulseaudio/libpulsecommon-15.0.so
7af758fac000-7af758fad000 r--p 00078000 08:01 16961828                   /home/toolchain/development/libc++_replacement/tmp/R11/extracted/4e/4ea9cb9ada8f65fed491ea1ea3c1dff68fb2d17ab664232b15c0d7649dbb618e/usr/lib64/pulseaudio/libpulsecommon-15.0.so
7af758fad000-7af758faf000 rw-p 00079000 08:01 16961828                   /home/toolchain/development/libc++_replacement/tmp/R11/extracted/4e/4ea9cb9ada8f65fed491ea1ea3c1dff68fb2d17ab664232b15c0d7649dbb618e/usr/lib64/pulseaudio/libpulsecommon-15.0.so
7af758faf000-7af758fb1000 r--p 00000000 08:01 16961824                   /home/toolchain/development/libc++_replacement/tmp/R11/extracted/4e/4ea9cb9ada8f65fed491ea1ea3c1dff68fb2d17ab664232b15c0d7649dbb618e/usr/lib64/libpulse-simple.so.0.1.1
7af758fb1000-7af758fb3000 r-xp 00002000 08:01 16961824                   /home/toolchain/development/libc++_replacement/tmp/R11/extracted/4e/4ea9cb9ada8f65fed491ea1ea3c1dff68fb2d17ab664232b15c0d7649dbb618e/usr/lib64/libpulse-simple.so.0.1.1
7af758fb3000-7af758fb4000 r--p 00004000 08:01 16961824                   /home/toolchain/development/libc++_replacement/tmp/R11/extracted/4e/4ea9cb9ada8f65fed491ea1ea3c1dff68fb2d17ab664232b15c0d7649dbb618e/usr/lib64/libpulse-simple.so.0.1.1
7af758fb4000-7af758fb5000 r--p 00004000 08:01 16961824                   /home/toolchain/development/libc++_replacement/tmp/R11/extracted/4e/4ea9cb9ada8f65fed491ea1ea3c1dff68fb2d17ab664232b15c0d7649dbb618e/usr/lib64/libpulse-simple.so.0.1.1
7af758fb5000-7af758fb6000 rw-p 00005000 08:01 16961824                   /home/toolchain/development/libc++_replacement/tmp/R11/extracted/4e/4ea9cb9ada8f65fed491ea1ea3c1dff68fb2d17ab664232b15c0d7649dbb618e/usr/lib64/libpulse-simple.so.0.1.1
7af758fb6000-7af758fb7000 r--p 00000000 08:01 26086524                   /home/toolchain/development/libc++_replacement/tmp/R11/extracted/fc/fc8cfdc9b6706a39fe50ec8b722659ae45c9d3237d9155af55ac6d623a09b29a/usr/lib64/libmmfsoundcommon.so.0.0.0
7af758fb7000-7af758fb8000 r-xp 00001000 08:01 26086524                   /home/toolchain/development/libc++_replacement/tmp/R11/extracted/fc/fc8cfdc9b6706a39fe50ec8b722659ae45c9d3237d9155af55ac6d623a09b29a/usr/lib64/libmmfsoundcommon.so.0.0.0
7af758fb8000-7af758fb9000 r--p 00002000 08:01 26086524                   /home/toolchain/development/libc++_replacement/tmp/R11/extracted/fc/fc8cfdc9b6706a39fe50ec8b722659ae45c9d3237d9155af55ac6d623a09b29a/usr/lib64/libmmfsoundcommon.so.0.0.0
7af758fb9000-7af758fba000 r--p 00003000 08:01 26086524                   /home/toolchain/development/libc++_replacement/tmp/R11/extracted/fc/fc8cfdc9b6706a39fe50ec8b722659ae45c9d3237d9155af55ac6d623a09b29a/usr/lib64/libmmfsoundcommon.so.0.0.0
7af758fba000-7af758fbb000 rw-p 00004000 08:01 26086524                   /home/toolchain/development/libc++_replacement/tmp/R11/extracted/fc/fc8cfdc9b6706a39fe50ec8b722659ae45c9d3237d9155af55ac6d623a09b29a/usr/lib64/libmmfsoundcommon.so.0.0.0
7af758fbb000-7af758fbc000 r--p 00000000 08:01 25713562                   /home/toolchain/development/libc++_replacement/tmp/R11/extracted/4c/4cdb0d46f299d1d6c7581443ac1b9589318a50b4f7e8f0d97d8a693b63c43982/usr/lib64/libapp-core-rotation-cpp.so.1.27.13
7af758fbc000-7af758fbd000 r-xp 00001000 08:01 25713562                   /home/toolchain/development/libc++_replacement/tmp/R11/extracted/4c/4cdb0d46f299d1d6c7581443ac1b9589318a50b4f7e8f0d97d8a693b63c43982/usr/lib64/libapp-core-rotation-cpp.so.1.27.13
7af758fbd000-7af758fbe000 r--p 00002000 08:01 25713562                   /home/toolchain/development/libc++_replacement/tmp/R11/extracted/4c/4cdb0d46f299d1d6c7581443ac1b9589318a50b4f7e8f0d97d8a693b63c43982/usr/lib64/libapp-core-rotation-cpp.so.1.27.13
7af758fbe000-7af758fbf000 r--p 00002000 08:01 25713562                   /home/toolchain/development/libc++_replacement/tmp/R11/extracted/4c/4cdb0d46f299d1d6c7581443ac1b9589318a50b4f7e8f0d97d8a693b63c43982/usr/lib64/libapp-core-rotation-cpp.so.1.27.13
7af758fbf000-7af758fc0000 rw-p 00003000 08:01 25713562                   /home/toolchain/development/libc++_replacement/tmp/R11/extracted/4c/4cdb0d46f299d1d6c7581443ac1b9589318a50b4f7e8f0d97d8a693b63c43982/usr/lib64/libapp-core-rotation-cpp.so.1.27.13
7af758fc0000-7af758fc2000 r--p 00000000 08:01 23624337                   /home/toolchain/development/libc++_replacement/tmp/R11/extracted/0d/0daffe2b94bcc25cd215ac91563c50dd7f7c7206e49b3b4538a28e24a150f8b0/usr/lib64/libcrypt.so.1.1.0
7af758fc2000-7af758fd5000 r-xp 00002000 08:01 23624337                   /home/toolchain/development/libc++_replacement/tmp/R11/extracted/0d/0daffe2b94bcc25cd215ac91563c50dd7f7c7206e49b3b4538a28e24a150f8b0/usr/lib64/libcrypt.so.1.1.0
7af758fd5000-7af758fef000 r--p 00015000 08:01 23624337                   /home/toolchain/development/libc++_replacement/tmp/R11/extracted/0d/0daffe2b94bcc25cd215ac91563c50dd7f7c7206e49b3b4538a28e24a150f8b0/usr/lib64/libcrypt.so.1.1.0
7af758fef000-7af758ff0000 r--p 0002e000 08:01 23624337                   /home/toolchain/development/libc++_replacement/tmp/R11/extracted/0d/0daffe2b94bcc25cd215ac91563c50dd7f7c7206e49b3b4538a28e24a150f8b0/usr/lib64/libcrypt.so.1.1.0
7af758ff0000-7af758ff1000 rw-p 0002f000 08:01 23624337                   /home/toolchain/development/libc++_replacement/tmp/R11/extracted/0d/0daffe2b94bcc25cd215ac91563c50dd7f7c7206e49b3b4538a28e24a150f8b0/usr/lib64/libcrypt.so.1.1.0
7af758ff1000-7af758ff9000 rw-p 00000000 00:00 0 
7af758ff9000-7af759001000 r--p 00000000 08:01 23483789                   /home/toolchain/development/libc++_replacement/tmp/R11/extracted/94/946456d28f21263f1b1ad127c40088029cefa4bb9ae1b2d5cf21dea2aea85567/usr/lib64/libboost_filesystem.so.1.83.0
7af759001000-7af75900f000 r-xp 00008000 08:01 23483789                   /home/toolchain/development/libc++_replacement/tmp/R11/extracted/94/946456d28f21263f1b1ad127c40088029cefa4bb9ae1b2d5cf21dea2aea85567/usr/lib64/libboost_filesystem.so.1.83.0
7af75900f000-7af759013000 r--p 00016000 08:01 23483789                   /home/toolchain/development/libc++_replacement/tmp/R11/extracted/94/946456d28f21263f1b1ad127c40088029cefa4bb9ae1b2d5cf21dea2aea85567/usr/lib64/libboost_filesystem.so.1.83.0
7af759013000-7af759014000 r--p 0001a000 08:01 23483789                   /home/toolchain/development/libc++_replacement/tmp/R11/extracted/94/946456d28f21263f1b1ad127c40088029cefa4bb9ae1b2d5cf21dea2aea85567/usr/lib64/libboost_filesystem.so.1.83.0
7af759014000-7af759015000 rw-p 0001b000 08:01 23483789                   /home/toolchain/development/libc++_replacement/tmp/R11/extracted/94/946456d28f21263f1b1ad127c40088029cefa4bb9ae1b2d5cf21dea2aea85567/usr/lib64/libboost_filesystem.so.1.83.0
7af759015000-7af759017000 r--p 00000000 08:01 23622922                   /home/toolchain/development/libc++_replacement/tmp/R11/extracted/b9/b9b53c19d3ff0229164a5ede81f5ccad44154db4b5829f9d36b69656ab45a1bc/usr/lib64/libsmack.so.1.3.1
7af759017000-7af75901c000 r-xp 00002000 08:01 23622922                   /home/toolchain/development/libc++_replacement/tmp/R11/extracted/b9/b9b53c19d3ff0229164a5ede81f5ccad44154db4b5829f9d36b69656ab45a1bc/usr/lib64/libsmack.so.1.3.1
7af75901c000-7af75901e000 r--p 00007000 08:01 23622922                   /home/toolchain/development/libc++_replacement/tmp/R11/extracted/b9/b9b53c19d3ff0229164a5ede81f5ccad44154db4b5829f9d36b69656ab45a1bc/usr/lib64/libsmack.so.1.3.1
7af75901e000-7af75901f000 r--p 00008000 08:01 23622922                   /home/toolchain/development/libc++_replacement/tmp/R11/extracted/b9/b9b53c19d3ff0229164a5ede81f5ccad44154db4b5829f9d36b69656ab45a1bc/usr/lib64/libsmack.so.1.3.1
7af75901f000-7af759020000 rw-p 00009000 08:01 23622922                   /home/toolchain/development/libc++_replacement/tmp/R11/extracted/b9/b9b53c19d3ff0229164a5ede81f5ccad44154db4b5829f9d36b69656ab45a1bc/usr/lib64/libsmack.so.1.3.1
7af759020000-7af759022000 r--p 00000000 08:01 23617398                   /home/toolchain/development/libc++_replacement/tmp/R11/extracted/1c/1ca4e9a9bfab1c73c273b7c9be71476cee9fcc58ece138684913b7c537d6f62b/usr/lib64/libacl.so.1.1.2302
7af759022000-7af759026000 r-xp 00002000 08:01 23617398                   /home/toolchain/development/libc++_replacement/tmp/R11/extracted/1c/1ca4e9a9bfab1c73c273b7c9be71476cee9fcc58ece138684913b7c537d6f62b/usr/lib64/libacl.so.1.1.2302
7af759026000-7af759027000 r--p 00006000 08:01 23617398                   /home/toolchain/development/libc++_replacement/tmp/R11/extracted/1c/1ca4e9a9bfab1c73c273b7c9be71476cee9fcc58ece138684913b7c537d6f62b/usr/lib64/libacl.so.1.1.2302
7af759027000-7af759028000 r--p 00007000 08:01 23617398                   /home/toolchain/development/libc++_replacement/tmp/R11/extracted/1c/1ca4e9a9bfab1c73c273b7c9be71476cee9fcc58ece138684913b7c537d6f62b/usr/lib64/libacl.so.1.1.2302
7af759028000-7af759029000 rw-p 00008000 08:01 23617398                   /home/toolchain/development/libc++_replacement/tmp/R11/extracted/1c/1ca4e9a9bfab1c73c273b7c9be71476cee9fcc58ece138684913b7c537d6f62b/usr/lib64/libacl.so.1.1.2302
7af759029000-7af75902c000 r--p 00000000 08:01 15913149                   /home/toolchain/development/libc++_replacement/tmp/R11/extracted/ea/eadb82ee5ab111c27b4403cf46acaf03a22ae9a4e6b08eb3e1f74d3e300da60e/usr/lib64/libsecurity-privilege-manager.so.1.4.0
7af75902c000-7af759034000 r-xp 00003000 08:01 15913149                   /home/toolchain/development/libc++_replacement/tmp/R11/extracted/ea/eadb82ee5ab111c27b4403cf46acaf03a22ae9a4e6b08eb3e1f74d3e300da60e/usr/lib64/libsecurity-privilege-manager.so.1.4.0
7af759034000-7af75903a000 r--p 0000b000 08:01 15913149                   /home/toolchain/development/libc++_replacement/tmp/R11/extracted/ea/eadb82ee5ab111c27b4403cf46acaf03a22ae9a4e6b08eb3e1f74d3e300da60e/usr/lib64/libsecurity-privilege-manager.so.1.4.0
7af75903a000-7af75903b000 r--p 00010000 08:01 15913149                   /home/toolchain/development/libc++_replacement/tmp/R11/extracted/ea/eadb82ee5ab111c27b4403cf46acaf03a22ae9a4e6b08eb3e1f74d3e300da60e/usr/lib64/libsecurity-privilege-manager.so.1.4.0
7af75903b000-7af75903c000 rw-p 00011000 08:01 15913149                   /home/toolchain/development/libc++_replacement/tmp/R11/extracted/ea/eadb82ee5ab111c27b4403cf46acaf03a22ae9a4e6b08eb3e1f74d3e300da60e/usr/lib64/libsecurity-privilege-manager.so.1.4.0
7af75903c000-7af75903e000 r--p 00000000 08:01 26083988                   /home/toolchain/development/libc++_replacement/tmp/R11/extracted/5b/5bee7cfacc91002e3b2c0d118150dd31b007f297dc5cf9980e7b83cef38d05de/usr/lib64/libcynara-creds-socket.so.0.26.0
7af75903e000-7af75903f000 r-xp 00002000 08:01 26083988                   /home/toolchain/development/libc++_replacement/tmp/R11/extracted/5b/5bee7cfacc91002e3b2c0d118150dd31b007f297dc5cf9980e7b83cef38d05de/usr/lib64/libcynara-creds-socket.so.0.26.0
7af75903f000-7af759040000 r--p 00003000 08:01 26083988                   /home/toolchain/development/libc++_replacement/tmp/R11/extracted/5b/5bee7cfacc91002e3b2c0d118150dd31b007f297dc5cf9980e7b83cef38d05de/usr/lib64/libcynara-creds-socket.so.0.26.0
7af759040000-7af759041000 r--p 00003000 08:01 26083988                   /home/toolchain/development/libc++_replacement/tmp/R11/extracted/5b/5bee7cfacc91002e3b2c0d118150dd31b007f297dc5cf9980e7b83cef38d05de/usr/lib64/libcynara-creds-socket.so.0.26.0
7af759041000-7af759042000 rw-p 00004000 08:01 26083988                   /home/toolchain/development/libc++_replacement/tmp/R11/extracted/5b/5bee7cfacc91002e3b2c0d118150dd31b007f297dc5cf9980e7b83cef38d05de/usr/lib64/libcynara-creds-socket.so.0.26.0
7af759042000-7af759047000 r--p 00000000 08:01 26083812                   /home/toolchain/development/libc++_replacement/tmp/R11/extracted/36/36cc2ed94f4b909938cf4eb46680f06ee1fc00d5d6cc2a88b702217987a19cb4/usr/lib64/libcynara-admin.so.0.26.0
7af759047000-7af75905b000 r-xp 00005000 08:01 26083812                   /home/toolchain/development/libc++_replacement/tmp/R11/extracted/36/36cc2ed94f4b909938cf4eb46680f06ee1fc00d5d6cc2a88b702217987a19cb4/usr/lib64/libcynara-admin.so.0.26.0
7af75905b000-7af759061000 r--p 00019000 08:01 26083812                   /home/toolchain/development/libc++_replacement/tmp/R11/extracted/36/36cc2ed94f4b909938cf4eb46680f06ee1fc00d5d6cc2a88b702217987a19cb4/usr/lib64/libcynara-admin.so.0.26.0
7af759061000-7af759062000 r--p 0001f000 08:01 26083812                   /home/toolchain/development/libc++_replacement/tmp/R11/extracted/36/36cc2ed94f4b909938cf4eb46680f06ee1fc00d5d6cc2a88b702217987a19cb4/usr/lib64/libcynara-admin.so.0.26.0
7af759062000-7af759063000 rw-p 00020000 08:01 26083812                   /home/toolchain/development/libc++_replacement/tmp/R11/extracted/36/36cc2ed94f4b909938cf4eb46680f06ee1fc00d5d6cc2a88b702217987a19cb4/usr/lib64/libcynara-admin.so.0.26.0
7af759063000-7af759074000 r--p 00000000 08:01 23622994                   /home/toolchain/development/libc++_replacement/tmp/R11/extracted/59/591ccae805a0d478dfb96bca9afd6bb9620e0e4ccaed74bb63e73c1d49c1bbb8/usr/lib64/libsqlite3.so.3.51.0
7af759074000-7af75915c000 r-xp 00011000 08:01 23622994                   /home/toolchain/development/libc++_replacement/tmp/R11/extracted/59/591ccae805a0d478dfb96bca9afd6bb9620e0e4ccaed74bb63e73c1d49c1bbb8/usr/lib64/libsqlite3.so.3.51.0
7af75915c000-7af75918d000 r--p 000f9000 08:01 23622994                   /home/toolchain/development/libc++_replacement/tmp/R11/extracted/59/591ccae805a0d478dfb96bca9afd6bb9620e0e4ccaed74bb63e73c1d49c1bbb8/usr/lib64/libsqlite3.so.3.51.0
7af75918d000-7af759190000 r--p 0012a000 08:01 23622994                   /home/toolchain/development/libc++_replacement/tmp/R11/extracted/59/591ccae805a0d478dfb96bca9afd6bb9620e0e4ccaed74bb63e73c1d49c1bbb8/usr/lib64/libsqlite3.so.3.51.0
7af759190000-7af759195000 rw-p 0012d000 08:01 23622994                   /home/toolchain/development/libc++_replacement/tmp/R11/extracted/59/591ccae805a0d478dfb96bca9afd6bb9620e0e4ccaed74bb63e73c1d49c1bbb8/usr/lib64/libsqlite3.so.3.51.0
7af759195000-7af759197000 r--p 00000000 08:01 26087801                   /home/toolchain/development/libc++_replacement/tmp/R11/extracted/36/366ed14291dbcc8c59435996fb5d0967c11cbf74e90a8186c7b2d5fc6503e39a/usr/lib64/libsessiond.so.10.6.21
7af759197000-7af75919e000 r-xp 00002000 08:01 26087801                   /home/toolchain/development/libc++_replacement/tmp/R11/extracted/36/366ed14291dbcc8c59435996fb5d0967c11cbf74e90a8186c7b2d5fc6503e39a/usr/lib64/libsessiond.so.10.6.21
7af75919e000-7af7591a1000 r--p 00009000 08:01 26087801                   /home/toolchain/development/libc++_replacement/tmp/R11/extracted/36/366ed14291dbcc8c59435996fb5d0967c11cbf74e90a8186c7b2d5fc6503e39a/usr/lib64/libsessiond.so.10.6.21
7af7591a1000-7af7591a2000 r--p 0000b000 08:01 26087801                   /home/toolchain/development/libc++_replacement/tmp/R11/extracted/36/366ed14291dbcc8c59435996fb5d0967c11cbf74e90a8186c7b2d5fc6503e39a/usr/lib64/libsessiond.so.10.6.21
7af7591a2000-7af7591a3000 rw-p 0000c000 08:01 26087801                   /home/toolchain/development/libc++_replacement/tmp/R11/extracted/36/366ed14291dbcc8c59435996fb5d0967c11cbf74e90a8186c7b2d5fc6503e39a/usr/lib64/libsessiond.so.10.6.21
7af7591a3000-7af7591ad000 r--p 00000000 08:01 26216664                   /home/toolchain/development/libc++_replacement/tmp/R11/extracted/a8/a873bbfabe29509bf0f4360077ee38885cb185b8a0aa23619b22414eda90b560/usr/lib64/libsensord-shared.so
7af7591ad000-7af7591b8000 r-xp 0000a000 08:01 26216664                   /home/toolchain/development/libc++_replacement/tmp/R11/extracted/a8/a873bbfabe29509bf0f4360077ee38885cb185b8a0aa23619b22414eda90b560/usr/lib64/libsensord-shared.so
7af7591b8000-7af7591bf000 r--p 00015000 08:01 26216664                   /home/toolchain/development/libc++_replacement/tmp/R11/extracted/a8/a873bbfabe29509bf0f4360077ee38885cb185b8a0aa23619b22414eda90b560/usr/lib64/libsensord-shared.so
7af7591bf000-7af7591c0000 r--p 0001b000 08:01 26216664                   /home/toolchain/development/libc++_replacement/tmp/R11/extracted/a8/a873bbfabe29509bf0f4360077ee38885cb185b8a0aa23619b22414eda90b560/usr/lib64/libsensord-shared.so
7af7591c0000-7af7591c1000 rw-p 0001c000 08:01 26216664                   /home/toolchain/development/libc++_replacement/tmp/R11/extracted/a8/a873bbfabe29509bf0f4360077ee38885cb185b8a0aa23619b22414eda90b560/usr/lib64/libsensord-shared.so
7af7591c1000-7af7591d3000 r--p 00000000 08:01 26224946                   /home/toolchain/development/libc++_replacement/tmp/R11/extracted/d8/d8946819d273d8f923b8c9cfde28f0d1cd4905aa0387e6632210166d81cd86fa/usr/lib64/libtizen-core.so.0.4.2
7af7591d3000-7af7591e1000 r-xp 00012000 08:01 26224946                   /home/toolchain/development/libc++_replacement/tmp/R11/extracted/d8/d8946819d273d8f923b8c9cfde28f0d1cd4905aa0387e6632210166d81cd86fa/usr/lib64/libtizen-core.so.0.4.2
7af7591e1000-7af7591e9000 r--p 00020000 08:01 26224946                   /home/toolchain/development/libc++_replacement/tmp/R11/extracted/d8/d8946819d273d8f923b8c9cfde28f0d1cd4905aa0387e6632210166d81cd86fa/usr/lib64/libtizen-core.so.0.4.2
7af7591e9000-7af7591eb000 r--p 00027000 08:01 26224946                   /home/toolchain/development/libc++_replacement/tmp/R11/extracted/d8/d8946819d273d8f923b8c9cfde28f0d1cd4905aa0387e6632210166d81cd86fa/usr/lib64/libtizen-core.so.0.4.2
7af7591eb000-7af7591ec000 rw-p 00029000 08:01 26224946                   /home/toolchain/development/libc++_replacement/tmp/R11/extracted/d8/d8946819d273d8f923b8c9cfde28f0d1cd4905aa0387e6632210166d81cd86fa/usr/lib64/libtizen-core.so.0.4.2
7af7591ec000-7af759216000 r--p 00000000 08:01 26127552                   /home/toolchain/development/libc++_replacement/tmp/R11/extracted/6d/6d9a2599e7941f048094419a734cd6fc8e719f3f363a5488eff72edd37fd173a/usr/lib64/librpc-port.so.1.21.15
7af759216000-7af759242000 r-xp 0002a000 08:01 26127552                   /home/toolchain/development/libc++_replacement/tmp/R11/extracted/6d/6d9a2599e7941f048094419a734cd6fc8e719f3f363a5488eff72edd37fd173a/usr/lib64/librpc-port.so.1.21.15
7af759242000-7af759258000 r--p 00056000 08:01 26127552                   /home/toolchain/development/libc++_replacement/tmp/R11/extracted/6d/6d9a2599e7941f048094419a734cd6fc8e719f3f363a5488eff72edd37fd173a/usr/lib64/librpc-port.so.1.21.15
7af759258000-7af75925a000 r--p 0006b000 08:01 26127552                   /home/toolchain/development/libc++_replacement/tmp/R11/extracted/6d/6d9a2599e7941f048094419a734cd6fc8e719f3f363a5488eff72edd37fd173a/usr/lib64/librpc-port.so.1.21.15
7af75925a000-7af75925c000 rw-p 0006d000 08:01 26127552                   /home/toolchain/development/libc++_replacement/tmp/R11/extracted/6d/6d9a2599e7941f048094419a734cd6fc8e719f3f363a5488eff72edd37fd173a/usr/lib64/librpc-port.so.1.21.15
7af75925c000-7af75925d000 rw-p 00000000 00:00 0 
7af75925d000-7af75925f000 r--p 00000000 08:01 26119134                   /home/toolchain/development/libc++_replacement/tmp/R11/extracted/51/514b200a08abbcfa93ce5bbe84d25840b4ef6f3acf77e634649df3b3f825ba1a/usr/lib64/libpkgmgr_common.so.0.23.1
7af75925f000-7af759260000 r-xp 00002000 08:01 26119134                   /home/toolchain/development/libc++_replacement/tmp/R11/extracted/51/514b200a08abbcfa93ce5bbe84d25840b4ef6f3acf77e634649df3b3f825ba1a/usr/lib64/libpkgmgr_common.so.0.23.1
7af759260000-7af759261000 r--p 00003000 08:01 26119134                   /home/toolchain/development/libc++_replacement/tmp/R11/extracted/51/514b200a08abbcfa93ce5bbe84d25840b4ef6f3acf77e634649df3b3f825ba1a/usr/lib64/libpkgmgr_common.so.0.23.1
7af759261000-7af759262000 r--p 00003000 08:01 26119134                   /home/toolchain/development/libc++_replacement/tmp/R11/extracted/51/514b200a08abbcfa93ce5bbe84d25840b4ef6f3acf77e634649df3b3f825ba1a/usr/lib64/libpkgmgr_common.so.0.23.1
7af759262000-7af759263000 rw-p 00004000 08:01 26119134                   /home/toolchain/development/libc++_replacement/tmp/R11/extracted/51/514b200a08abbcfa93ce5bbe84d25840b4ef6f3acf77e634649df3b3f825ba1a/usr/lib64/libpkgmgr_common.so.0.23.1
7af759263000-7af759267000 r--p 00000000 08:01 23621979                   /home/toolchain/development/libc++_replacement/tmp/R11/extracted/11/11b375d244963979cfea87362c172b196f78c2fe92c507c000126ba46dc84892/usr/lib64/liblzma.so.5.8.1
7af759267000-7af759281000 r-xp 00004000 08:01 23621979                   /home/toolchain/development/libc++_replacement/tmp/R11/extracted/11/11b375d244963979cfea87362c172b196f78c2fe92c507c000126ba46dc84892/usr/lib64/liblzma.so.5.8.1
7af759281000-7af75928c000 r--p 0001e000 08:01 23621979                   /home/toolchain/development/libc++_replacement/tmp/R11/extracted/11/11b375d244963979cfea87362c172b196f78c2fe92c507c000126ba46dc84892/usr/lib64/liblzma.so.5.8.1
7af75928c000-7af75928d000 r--p 00029000 08:01 23621979                   /home/toolchain/development/libc++_replacement/tmp/R11/extracted/11/11b375d244963979cfea87362c172b196f78c2fe92c507c000126ba46dc84892/usr/lib64/liblzma.so.5.8.1
7af75928d000-7af75928e000 rw-p 0002a000 08:01 23621979                   /home/toolchain/development/libc++_replacement/tmp/R11/extracted/11/11b375d244963979cfea87362c172b196f78c2fe92c507c000126ba46dc84892/usr/lib64/liblzma.so.5.8.1
7af75928e000-7af759292000 r--p 00000000 08:01 25958496                   /home/toolchain/development/libc++_replacement/tmp/R11/extracted/33/33b6f1dac23b0c1c7caf44c105c4776e8ed29d228571c894a0da9f568d100b40/usr/lib64/hal/libhal-api-common.so.0.1.0
7af759292000-7af75929a000 r-xp 00004000 08:01 25958496                   /home/toolchain/development/libc++_replacement/tmp/R11/extracted/33/33b6f1dac23b0c1c7caf44c105c4776e8ed29d228571c894a0da9f568d100b40/usr/lib64/hal/libhal-api-common.so.0.1.0
7af75929a000-7af7592a1000 r--p 0000c000 08:01 25958496                   /home/toolchain/development/libc++_replacement/tmp/R11/extracted/33/33b6f1dac23b0c1c7caf44c105c4776e8ed29d228571c894a0da9f568d100b40/usr/lib64/hal/libhal-api-common.so.0.1.0
7af7592a1000-7af7592a2000 r--p 00012000 08:01 25958496                   /home/toolchain/development/libc++_replacement/tmp/R11/extracted/33/33b6f1dac23b0c1c7caf44c105c4776e8ed29d228571c894a0da9f568d100b40/usr/lib64/hal/libhal-api-common.so.0.1.0
7af7592a2000-7af7592a4000 rw-p 00013000 08:01 25958496                   /home/toolchain/development/libc++_replacement/tmp/R11/extracted/33/33b6f1dac23b0c1c7caf44c105c4776e8ed29d228571c894a0da9f568d100b40/usr/lib64/hal/libhal-api-common.so.0.1.0
7af7592a4000-7af7592a7000 rw-p 00000000 00:00 0 
7af7592a7000-7af7592ab000 r--p 00000000 08:01 26085865                   /home/toolchain/development/libc++_replacement/tmp/R11/extracted/35/35d1421251334850c1f3200ef1c41005cf50e082863dcbb3c891f46b95075fe8/usr/lib64/libjson-c.so.5.4.0
7af7592ab000-7af7592b3000 r-xp 00004000 08:01 26085865                   /home/toolchain/development/libc++_replacement/tmp/R11/extracted/35/35d1421251334850c1f3200ef1c41005cf50e082863dcbb3c891f46b95075fe8/usr/lib64/libjson-c.so.5.4.0
7af7592b3000-7af7592b7000 r--p 0000c000 08:01 26085865                   /home/toolchain/development/libc++_replacement/tmp/R11/extracted/35/35d1421251334850c1f3200ef1c41005cf50e082863dcbb3c891f46b95075fe8/usr/lib64/libjson-c.so.5.4.0
7af7592b7000-7af7592b8000 r--p 0000f000 08:01 26085865                   /home/toolchain/development/libc++_replacement/tmp/R11/extracted/35/35d1421251334850c1f3200ef1c41005cf50e082863dcbb3c891f46b95075fe8/usr/lib64/libjson-c.so.5.4.0
7af7592b8000-7af7592b9000 rw-p 00010000 08:01 26085865                   /home/toolchain/development/libc++_replacement/tmp/R11/extracted/35/35d1421251334850c1f3200ef1c41005cf50e082863dcbb3c891f46b95075fe8/usr/lib64/libjson-c.so.5.4.0
7af7592b9000-7af7592c3000 r--p 00000000 08:01 15518976                   /home/toolchain/development/libc++_replacement/tmp/R11/extracted/57/571e663a0840dab81649fc122b8c5169603af0a2ecf968ce11bc57e4240f6197/usr/lib64/libmount.so.1.1.0
7af7592c3000-7af7592f2000 r-xp 0000a000 08:01 15518976                   /home/toolchain/development/libc++_replacement/tmp/R11/extracted/57/571e663a0840dab81649fc122b8c5169603af0a2ecf968ce11bc57e4240f6197/usr/lib64/libmount.so.1.1.0
7af7592f2000-7af759300000 r--p 00039000 08:01 15518976                   /home/toolchain/development/libc++_replacement/tmp/R11/extracted/57/571e663a0840dab81649fc122b8c5169603af0a2ecf968ce11bc57e4240f6197/usr/lib64/libmount.so.1.1.0
7af759300000-7af759302000 r--p 00046000 08:01 15518976                   /home/toolchain/development/libc++_replacement/tmp/R11/extracted/57/571e663a0840dab81649fc122b8c5169603af0a2ecf968ce11bc57e4240f6197/usr/lib64/libmount.so.1.1.0
7af759302000-7af759303000 rw-p 00048000 08:01 15518976                   /home/toolchain/development/libc++_replacement/tmp/R11/extracted/57/571e663a0840dab81649fc122b8c5169603af0a2ecf968ce11bc57e4240f6197/usr/lib64/libmount.so.1.1.0
7af759303000-7af759305000 rw-p 00000000 00:00 0 
7af759305000-7af759309000 r--p 00000000 08:01 23621582                   /home/toolchain/development/libc++_replacement/tmp/R11/extracted/a2/a2e41cda0fbf3cd42aec10ab4fbe8577bb34c4eed1b965ca1e4612a2a674a85c/usr/lib64/libturbojpeg.so.0.3.0
7af759309000-7af7593d2000 r-xp 00004000 08:01 23621582                   /home/toolchain/development/libc++_replacement/tmp/R11/extracted/a2/a2e41cda0fbf3cd42aec10ab4fbe8577bb34c4eed1b965ca1e4612a2a674a85c/usr/lib64/libturbojpeg.so.0.3.0
7af7593d2000-7af7593fe000 r--p 000cd000 08:01 23621582                   /home/toolchain/development/libc++_replacement/tmp/R11/extracted/a2/a2e41cda0fbf3cd42aec10ab4fbe8577bb34c4eed1b965ca1e4612a2a674a85c/usr/lib64/libturbojpeg.so.0.3.0
7af7593fe000-7af7593ff000 r--p 000f9000 08:01 23621582                   /home/toolchain/development/libc++_replacement/tmp/R11/extracted/a2/a2e41cda0fbf3cd42aec10ab4fbe8577bb34c4eed1b965ca1e4612a2a674a85c/usr/lib64/libturbojpeg.so.0.3.0
7af7593ff000-7af759400000 rw-p 000fa000 08:01 23621582                   /home/toolchain/development/libc++_replacement/tmp/R11/extracted/a2/a2e41cda0fbf3cd42aec10ab4fbe8577bb34c4eed1b965ca1e4612a2a674a85c/usr/lib64/libturbojpeg.so.0.3.0
7af759400000-7af7594df000 r--p 00000000 08:01 23622520                   /home/toolchain/development/libc++_replacement/tmp/R11/extracted/25/2512efa180fad6bcd4f6a7e8619366d56808c4e1e6632c25bc57349b6a5bf215/usr/lib64/libcrypto.so.3
7af7594df000-7af7597ad000 r-xp 000df000 08:01 23622520                   /home/toolchain/development/libc++_replacement/tmp/R11/extracted/25/2512efa180fad6bcd4f6a7e8619366d56808c4e1e6632c25bc57349b6a5bf215/usr/lib64/libcrypto.so.3
7af7597ad000-7af7598b7000 r--p 003ad000 08:01 23622520                   /home/toolchain/development/libc++_replacement/tmp/R11/extracted/25/2512efa180fad6bcd4f6a7e8619366d56808c4e1e6632c25bc57349b6a5bf215/usr/lib64/libcrypto.so.3
7af7598b7000-7af75992a000 r--p 004b7000 08:01 23622520                   /home/toolchain/development/libc++_replacement/tmp/R11/extracted/25/2512efa180fad6bcd4f6a7e8619366d56808c4e1e6632c25bc57349b6a5bf215/usr/lib64/libcrypto.so.3
7af75992a000-7af75992d000 rw-p 0052a000 08:01 23622520                   /home/toolchain/development/libc++_replacement/tmp/R11/extracted/25/2512efa180fad6bcd4f6a7e8619366d56808c4e1e6632c25bc57349b6a5bf215/usr/lib64/libcrypto.so.3
7af75992d000-7af759930000 rw-p 00000000 00:00 0 
7af759933000-7af759934000 r--p 00000000 08:01 23608463                   /home/toolchain/development/libc++_replacement/tmp/R11/extracted/bb/bb95acf2989fecd8ed536d259eb6ce43109882f58a219adcd440fd826537dda7/lib64/librt.so.1
7af759934000-7af759935000 r-xp 00001000 08:01 23608463                   /home/toolchain/development/libc++_replacement/tmp/R11/extracted/bb/bb95acf2989fecd8ed536d259eb6ce43109882f58a219adcd440fd826537dda7/lib64/librt.so.1
7af759935000-7af759936000 r--p 00002000 08:01 23608463                   /home/toolchain/development/libc++_replacement/tmp/R11/extracted/bb/bb95acf2989fecd8ed536d259eb6ce43109882f58a219adcd440fd826537dda7/lib64/librt.so.1
7af759936000-7af759937000 r--p 00002000 08:01 23608463                   /home/toolchain/development/libc++_replacement/tmp/R11/extracted/bb/bb95acf2989fecd8ed536d259eb6ce43109882f58a219adcd440fd826537dda7/lib64/librt.so.1
7af759937000-7af759938000 rw-p 00003000 08:01 23608463                   /home/toolchain/development/libc++_replacement/tmp/R11/extracted/bb/bb95acf2989fecd8ed536d259eb6ce43109882f58a219adcd440fd826537dda7/lib64/librt.so.1
7af759938000-7af75993a000 r--p 00000000 08:01 23612994                   /home/toolchain/development/libc++_replacement/tmp/R11/extracted/a5/a5dfb509f5f1865a7f188afd06ac61f6221bbd3260e49d16355deb9a93f9beba/usr/lib64/libiniparser.so.4.2.6
7af75993a000-7af75993d000 r-xp 00002000 08:01 23612994                   /home/toolchain/development/libc++_replacement/tmp/R11/extracted/a5/a5dfb509f5f1865a7f188afd06ac61f6221bbd3260e49d16355deb9a93f9beba/usr/lib64/libiniparser.so.4.2.6
7af75993d000-7af75993e000 r--p 00005000 08:01 23612994                   /home/toolchain/development/libc++_replacement/tmp/R11/extracted/a5/a5dfb509f5f1865a7f188afd06ac61f6221bbd3260e49d16355deb9a93f9beba/usr/lib64/libiniparser.so.4.2.6
7af75993e000-7af75993f000 r--p 00005000 08:01 23612994                   /home/toolchain/development/libc++_replacement/tmp/R11/extracted/a5/a5dfb509f5f1865a7f188afd06ac61f6221bbd3260e49d16355deb9a93f9beba/usr/lib64/libiniparser.so.4.2.6
7af75993f000-7af759940000 rw-p 00006000 08:01 23612994                   /home/toolchain/development/libc++_replacement/tmp/R11/extracted/a5/a5dfb509f5f1865a7f188afd06ac61f6221bbd3260e49d16355deb9a93f9beba/usr/lib64/libiniparser.so.4.2.6
7af759940000-7af759941000 r--p 00000000 08:01 26085451                   /home/toolchain/development/libc++_replacement/tmp/R11/extracted/8d/8de5de8f23a1a7a73c053f3042112220a7bc59c19153c8f43b2b49940495a259/usr/lib64/libgmodule-2.0.so.0.8000.5
7af759941000-7af759943000 r-xp 00001000 08:01 26085451                   /home/toolchain/development/libc++_replacement/tmp/R11/extracted/8d/8de5de8f23a1a7a73c053f3042112220a7bc59c19153c8f43b2b49940495a259/usr/lib64/libgmodule-2.0.so.0.8000.5
7af759943000-7af759944000 r--p 00003000 08:01 26085451                   /home/toolchain/development/libc++_replacement/tmp/R11/extracted/8d/8de5de8f23a1a7a73c053f3042112220a7bc59c19153c8f43b2b49940495a259/usr/lib64/libgmodule-2.0.so.0.8000.5
7af759944000-7af759945000 r--p 00003000 08:01 26085451                   /home/toolchain/development/libc++_replacement/tmp/R11/extracted/8d/8de5de8f23a1a7a73c053f3042112220a7bc59c19153c8f43b2b49940495a259/usr/lib64/libgmodule-2.0.so.0.8000.5
7af759945000-7af759946000 rw-p 00004000 08:01 26085451                   /home/toolchain/development/libc++_replacement/tmp/R11/extracted/8d/8de5de8f23a1a7a73c053f3042112220a7bc59c19153c8f43b2b49940495a259/usr/lib64/libgmodule-2.0.so.0.8000.5
7af759946000-7af759949000 r--p 00000000 08:01 25869255                   /home/toolchain/development/libc++_replacement/tmp/R11/extracted/41/416d01db4ad75a8a452cfe82485dd4a95b731df556354dc1373b5c5653af4be8/usr/lib64/libethumb.so.1.25.1
7af759949000-7af75994f000 r-xp 00003000 08:01 25869255                   /home/toolchain/development/libc++_replacement/tmp/R11/extracted/41/416d01db4ad75a8a452cfe82485dd4a95b731df556354dc1373b5c5653af4be8/usr/lib64/libethumb.so.1.25.1
7af75994f000-7af759952000 r--p 00009000 08:01 25869255                   /home/toolchain/development/libc++_replacement/tmp/R11/extracted/41/416d01db4ad75a8a452cfe82485dd4a95b731df556354dc1373b5c5653af4be8/usr/lib64/libethumb.so.1.25.1
7af759952000-7af759953000 r--p 0000b000 08:01 25869255                   /home/toolchain/development/libc++_replacement/tmp/R11/extracted/41/416d01db4ad75a8a452cfe82485dd4a95b731df556354dc1373b5c5653af4be8/usr/lib64/libethumb.so.1.25.1
7af759953000-7af759954000 rw-p 0000c000 08:01 25869255                   /home/toolchain/development/libc++_replacement/tmp/R11/extracted/41/416d01db4ad75a8a452cfe82485dd4a95b731df556354dc1373b5c5653af4be8/usr/lib64/libethumb.so.1.25.1
7af759954000-7af759957000 r--p 00000000 08:01 25835168                   /home/toolchain/development/libc++_replacement/tmp/R11/extracted/d3/d3eaa599ac9efb515f4b73c56586ae7fc6d9568faf8fac749ce6ab9732b9de84/usr/lib64/libecore_ipc.so.1.25.1
7af759957000-7af75995c000 r-xp 00003000 08:01 25835168                   /home/toolchain/development/libc++_replacement/tmp/R11/extracted/d3/d3eaa599ac9efb515f4b73c56586ae7fc6d9568faf8fac749ce6ab9732b9de84/usr/lib64/libecore_ipc.so.1.25.1
7af75995c000-7af75995e000 r--p 00008000 08:01 25835168                   /home/toolchain/development/libc++_replacement/tmp/R11/extracted/d3/d3eaa599ac9efb515f4b73c56586ae7fc6d9568faf8fac749ce6ab9732b9de84/usr/lib64/libecore_ipc.so.1.25.1
7af75995e000-7af75995f000 r--p 00009000 08:01 25835168                   /home/toolchain/development/libc++_replacement/tmp/R11/extracted/d3/d3eaa599ac9efb515f4b73c56586ae7fc6d9568faf8fac749ce6ab9732b9de84/usr/lib64/libecore_ipc.so.1.25.1
7af75995f000-7af759960000 rw-p 0000a000 08:01 25835168                   /home/toolchain/development/libc++_replacement/tmp/R11/extracted/d3/d3eaa599ac9efb515f4b73c56586ae7fc6d9568faf8fac749ce6ab9732b9de84/usr/lib64/libecore_ipc.so.1.25.1
7af759960000-7af759982000 r--p 00000000 08:01 23622763                   /home/toolchain/development/libc++_replacement/tmp/R11/extracted/25/2512efa180fad6bcd4f6a7e8619366d56808c4e1e6632c25bc57349b6a5bf215/usr/lib64/libssl.so.3
7af759982000-7af759a05000 r-xp 00022000 08:01 23622763                   /home/toolchain/development/libc++_replacement/tmp/R11/extracted/25/2512efa180fad6bcd4f6a7e8619366d56808c4e1e6632c25bc57349b6a5bf215/usr/lib64/libssl.so.3
7af759a05000-7af759a2e000 r--p 000a5000 08:01 23622763                   /home/toolchain/development/libc++_replacement/tmp/R11/extracted/25/2512efa180fad6bcd4f6a7e8619366d56808c4e1e6632c25bc57349b6a5bf215/usr/lib64/libssl.so.3
7af759a2e000-7af759a37000 r--p 000ce000 08:01 23622763                   /home/toolchain/development/libc++_replacement/tmp/R11/extracted/25/2512efa180fad6bcd4f6a7e8619366d56808c4e1e6632c25bc57349b6a5bf215/usr/lib64/libssl.so.3
7af759a37000-7af759a3d000 rw-p 000d7000 08:01 23622763                   /home/toolchain/development/libc++_replacement/tmp/R11/extracted/25/2512efa180fad6bcd4f6a7e8619366d56808c4e1e6632c25bc57349b6a5bf215/usr/lib64/libssl.so.3
7af759a3d000-7af759a44000 r--p 00000000 08:01 26091142                   /home/toolchain/development/libc++_replacement/tmp/R11/extracted/bb/bbe1496d756b23b9943378f63a1c4a0a262cf4c8acaa04528d2265ad2363e5ff/usr/lib64/libmanifest-parser-utils.so.1.9.0
7af759a44000-7af759a56000 r-xp 00007000 08:01 26091142                   /home/toolchain/development/libc++_replacement/tmp/R11/extracted/bb/bbe1496d756b23b9943378f63a1c4a0a262cf4c8acaa04528d2265ad2363e5ff/usr/lib64/libmanifest-parser-utils.so.1.9.0
7af759a56000-7af759a59000 r--p 00019000 08:01 26091142                   /home/toolchain/development/libc++_replacement/tmp/R11/extracted/bb/bbe1496d756b23b9943378f63a1c4a0a262cf4c8acaa04528d2265ad2363e5ff/usr/lib64/libmanifest-parser-utils.so.1.9.0
7af759a59000-7af759a5a000 r--p 0001b000 08:01 26091142                   /home/toolchain/development/libc++_replacement/tmp/R11/extracted/bb/bbe1496d756b23b9943378f63a1c4a0a262cf4c8acaa04528d2265ad2363e5ff/usr/lib64/libmanifest-parser-utils.so.1.9.0
7af759a5a000-7af759a5b000 rw-p 0001c000 08:01 26091142                   /home/toolchain/development/libc++_replacement/tmp/R11/extracted/bb/bbe1496d756b23b9943378f63a1c4a0a262cf4c8acaa04528d2265ad2363e5ff/usr/lib64/libmanifest-parser-utils.so.1.9.0
7af759a5b000-7af759a5c000 r--p 00000000 08:01 26083979                   /home/toolchain/development/libc++_replacement/tmp/R11/extracted/a2/a2b87e3abccd4ac15a7adea04222a41d57d0255cc0d2d05b678a0ec91ed4a1b8/usr/lib64/libcynara-session.so.0.26.0
7af759a5c000-7af759a5d000 r-xp 00001000 08:01 26083979                   /home/toolchain/development/libc++_replacement/tmp/R11/extracted/a2/a2b87e3abccd4ac15a7adea04222a41d57d0255cc0d2d05b678a0ec91ed4a1b8/usr/lib64/libcynara-session.so.0.26.0
7af759a5d000-7af759a5e000 r--p 00002000 08:01 26083979                   /home/toolchain/development/libc++_replacement/tmp/R11/extracted/a2/a2b87e3abccd4ac15a7adea04222a41d57d0255cc0d2d05b678a0ec91ed4a1b8/usr/lib64/libcynara-session.so.0.26.0
7af759a5e000-7af759a5f000 r--p 00002000 08:01 26083979                   /home/toolchain/development/libc++_replacement/tmp/R11/extracted/a2/a2b87e3abccd4ac15a7adea04222a41d57d0255cc0d2d05b678a0ec91ed4a1b8/usr/lib64/libcynara-session.so.0.26.0
7af759a5f000-7af759a60000 rw-p 00003000 08:01 26083979                   /home/toolchain/development/libc++_replacement/tmp/R11/extracted/a2/a2b87e3abccd4ac15a7adea04222a41d57d0255cc0d2d05b678a0ec91ed4a1b8/usr/lib64/libcynara-session.so.0.26.0
7af759a60000-7af759a6d000 r--p 00000000 08:01 26087397                   /home/toolchain/development/libc++_replacement/tmp/R11/extracted/38/384bad753156856cc83104d0f5507ec9394ce08916f522e762bbc110ebef1191/usr/lib64/libscl-core-pure.so
7af759a6d000-7af759a79000 r-xp 0000d000 08:01 26087397                   /home/toolchain/development/libc++_replacement/tmp/R11/extracted/38/384bad753156856cc83104d0f5507ec9394ce08916f522e762bbc110ebef1191/usr/lib64/libscl-core-pure.so
7af759a79000-7af759a7f000 r--p 00019000 08:01 26087397                   /home/toolchain/development/libc++_replacement/tmp/R11/extracted/38/384bad753156856cc83104d0f5507ec9394ce08916f522e762bbc110ebef1191/usr/lib64/libscl-core-pure.so
7af759a7f000-7af759a80000 r--p 0001f000 08:01 26087397                   /home/toolchain/development/libc++_replacement/tmp/R11/extracted/38/384bad753156856cc83104d0f5507ec9394ce08916f522e762bbc110ebef1191/usr/lib64/libscl-core-pure.so
7af759a80000-7af759a81000 rw-p 00020000 08:01 26087397                   /home/toolchain/development/libc++_replacement/tmp/R11/extracted/38/384bad753156856cc83104d0f5507ec9394ce08916f522e762bbc110ebef1191/usr/lib64/libscl-core-pure.so
7af759a81000-7af759a86000 r--p 00000000 08:01 24301928                   /home/toolchain/development/libc++_replacement/tmp/R11/extracted/65/659fc8bfc2e94f4a2e33025652fed2d7bda7de13295dfc30f18f1e2c4e019181/usr/lib64/libscreen_connector_provider.so.1.9.12
7af759a86000-7af759a88000 r-xp 00005000 08:01 24301928                   /home/toolchain/development/libc++_replacement/tmp/R11/extracted/65/659fc8bfc2e94f4a2e33025652fed2d7bda7de13295dfc30f18f1e2c4e019181/usr/lib64/libscreen_connector_provider.so.1.9.12
7af759a88000-7af759a8a000 r--p 00007000 08:01 24301928                   /home/toolchain/development/libc++_replacement/tmp/R11/extracted/65/659fc8bfc2e94f4a2e33025652fed2d7bda7de13295dfc30f18f1e2c4e019181/usr/lib64/libscreen_connector_provider.so.1.9.12
7af759a8a000-7af759a8b000 r--p 00008000 08:01 24301928                   /home/toolchain/development/libc++_replacement/tmp/R11/extracted/65/659fc8bfc2e94f4a2e33025652fed2d7bda7de13295dfc30f18f1e2c4e019181/usr/lib64/libscreen_connector_provider.so.1.9.12
7af759a8b000-7af759a8c000 rw-p 00009000 08:01 24301928                   /home/toolchain/development/libc++_replacement/tmp/R11/extracted/65/659fc8bfc2e94f4a2e33025652fed2d7bda7de13295dfc30f18f1e2c4e019181/usr/lib64/libscreen_connector_provider.so.1.9.12
7af759a8c000-7af759a8f000 r--p 00000000 08:01 25714657                   /home/toolchain/development/libc++_replacement/tmp/R11/extracted/4f/4f31327e0bc6529c97098c661afc209a6fe7e421dd0e3955b0e8e74332a2c8d8/usr/lib64/libappcore-watch-base.so.1.7.25
7af759a8f000-7af759a93000 r-xp 00003000 08:01 25714657                   /home/toolchain/development/libc++_replacement/tmp/R11/extracted/4f/4f31327e0bc6529c97098c661afc209a6fe7e421dd0e3955b0e8e74332a2c8d8/usr/lib64/libappcore-watch-base.so.1.7.25
7af759a93000-7af759a95000 r--p 00007000 08:01 25714657                   /home/toolchain/development/libc++_replacement/tmp/R11/extracted/4f/4f31327e0bc6529c97098c661afc209a6fe7e421dd0e3955b0e8e74332a2c8d8/usr/lib64/libappcore-watch-base.so.1.7.25
7af759a95000-7af759a96000 r--p 00009000 08:01 25714657                   /home/toolchain/development/libc++_replacement/tmp/R11/extracted/4f/4f31327e0bc6529c97098c661afc209a6fe7e421dd0e3955b0e8e74332a2c8d8/usr/lib64/libappcore-watch-base.so.1.7.25
7af759a96000-7af759a97000 rw-p 0000a000 08:01 25714657                   /home/toolchain/development/libc++_replacement/tmp/R11/extracted/4f/4f31327e0bc6529c97098c661afc209a6fe7e421dd0e3955b0e8e74332a2c8d8/usr/lib64/libappcore-watch-base.so.1.7.25
7af759a97000-7af759aa9000 r--p 00000000 08:01 26085998                   /home/toolchain/development/libc++_replacement/tmp/R11/extracted/e2/e29572431ca7874a71930c026640e708ab48fbc4a8263013f3fa36f4b495e221/usr/lib64/libkey-manager-client.so.1.0.1
7af759aa9000-7af759aed000 r-xp 00012000 08:01 26085998                   /home/toolchain/development/libc++_replacement/tmp/R11/extracted/e2/e29572431ca7874a71930c026640e708ab48fbc4a8263013f3fa36f4b495e221/usr/lib64/libkey-manager-client.so.1.0.1
7af759aed000-7af759b01000 r--p 00056000 08:01 26085998                   /home/toolchain/development/libc++_replacement/tmp/R11/extracted/e2/e29572431ca7874a71930c026640e708ab48fbc4a8263013f3fa36f4b495e221/usr/lib64/libkey-manager-client.so.1.0.1
7af759b01000-7af759b03000 r--p 00069000 08:01 26085998                   /home/toolchain/development/libc++_replacement/tmp/R11/extracted/e2/e29572431ca7874a71930c026640e708ab48fbc4a8263013f3fa36f4b495e221/usr/lib64/libkey-manager-client.so.1.0.1
7af759b03000-7af759b04000 rw-p 0006b000 08:01 26085998                   /home/toolchain/development/libc++_replacement/tmp/R11/extracted/e2/e29572431ca7874a71930c026640e708ab48fbc4a8263013f3fa36f4b495e221/usr/lib64/libkey-manager-client.so.1.0.1
7af759b04000-7af759b0a000 r--p 00000000 08:01 26003866                   /home/toolchain/development/libc++_replacement/tmp/R11/extracted/5a/5a97d8dca1bb0c2cdad122b990baa23342fc9c207efac0dc81df57a1feaa4c12/usr/lib64/liblaunchpad-common.so.0.50.17
7af759b0a000-7af759b10000 r-xp 00006000 08:01 26003866                   /home/toolchain/development/libc++_replacement/tmp/R11/extracted/5a/5a97d8dca1bb0c2cdad122b990baa23342fc9c207efac0dc81df57a1feaa4c12/usr/lib64/liblaunchpad-common.so.0.50.17
7af759b10000-7af759b13000 r--p 0000c000 08:01 26003866                   /home/toolchain/development/libc++_replacement/tmp/R11/extracted/5a/5a97d8dca1bb0c2cdad122b990baa23342fc9c207efac0dc81df57a1feaa4c12/usr/lib64/liblaunchpad-common.so.0.50.17
7af759b13000-7af759b14000 r--p 0000e000 08:01 26003866                   /home/toolchain/development/libc++_replacement/tmp/R11/extracted/5a/5a97d8dca1bb0c2cdad122b990baa23342fc9c207efac0dc81df57a1feaa4c12/usr/lib64/liblaunchpad-common.so.0.50.17
7af759b14000-7af759b15000 rw-p 0000f000 08:01 26003866                   /home/toolchain/development/libc++_replacement/tmp/R11/extracted/5a/5a97d8dca1bb0c2cdad122b990baa23342fc9c207efac0dc81df57a1feaa4c12/usr/lib64/liblaunchpad-common.so.0.50.17
7af759b15000-7af759b33000 r--p 00000000 08:01 26003868                   /home/toolchain/development/libc++_replacement/tmp/R11/extracted/5a/5a97d8dca1bb0c2cdad122b990baa23342fc9c207efac0dc81df57a1feaa4c12/usr/lib64/liblaunchpad-core.so.0.50.17
7af759b33000-7af759b56000 r-xp 0001e000 08:01 26003868                   /home/toolchain/development/libc++_replacement/tmp/R11/extracted/5a/5a97d8dca1bb0c2cdad122b990baa23342fc9c207efac0dc81df57a1feaa4c12/usr/lib64/liblaunchpad-core.so.0.50.17
7af759b56000-7af759b64000 r--p 00041000 08:01 26003868                   /home/toolchain/development/libc++_replacement/tmp/R11/extracted/5a/5a97d8dca1bb0c2cdad122b990baa23342fc9c207efac0dc81df57a1feaa4c12/usr/lib64/liblaunchpad-core.so.0.50.17
7af759b64000-7af759b65000 r--p 0004f000 08:01 26003868                   /home/toolchain/development/libc++_replacement/tmp/R11/extracted/5a/5a97d8dca1bb0c2cdad122b990baa23342fc9c207efac0dc81df57a1feaa4c12/usr/lib64/liblaunchpad-core.so.0.50.17
7af759b65000-7af759b67000 rw-p 00050000 08:01 26003868                   /home/toolchain/development/libc++_replacement/tmp/R11/extracted/5a/5a97d8dca1bb0c2cdad122b990baa23342fc9c207efac0dc81df57a1feaa4c12/usr/lib64/liblaunchpad-core.so.0.50.17
7af759b67000-7af759b6b000 r--p 00000000 08:01 26227755                   /home/toolchain/development/libc++_replacement/tmp/R11/extracted/48/48779668c7452fc44f8d8610b04f29a911bcba3f2954610b88ff8d9be7452910/usr/lib64/libtanchor-runtime.so.2.1.2
7af759b6b000-7af759b76000 r-xp 00004000 08:01 26227755                   /home/toolchain/development/libc++_replacement/tmp/R11/extracted/48/48779668c7452fc44f8d8610b04f29a911bcba3f2954610b88ff8d9be7452910/usr/lib64/libtanchor-runtime.so.2.1.2
7af759b76000-7af759b79000 r--p 0000f000 08:01 26227755                   /home/toolchain/development/libc++_replacement/tmp/R11/extracted/48/48779668c7452fc44f8d8610b04f29a911bcba3f2954610b88ff8d9be7452910/usr/lib64/libtanchor-runtime.so.2.1.2
7af759b79000-7af759b7a000 rw-p 00011000 08:01 26227755                   /home/toolchain/development/libc++_replacement/tmp/R11/extracted/48/48779668c7452fc44f8d8610b04f29a911bcba3f2954610b88ff8d9be7452910/usr/lib64/libtanchor-runtime.so.2.1.2
7af759b7a000-7af759b7d000 r--p 00000000 08:01 26083852                   /home/toolchain/development/libc++_replacement/tmp/R11/extracted/ae/ae6d59bf045464a126e47576a411ecb597b3902b4ae35fd327d0d75604a8f6b9/usr/lib64/libcynara-creds-commons.so.0.26.0
7af759b7d000-7af759b81000 r-xp 00003000 08:01 26083852                   /home/toolchain/development/libc++_replacement/tmp/R11/extracted/ae/ae6d59bf045464a126e47576a411ecb597b3902b4ae35fd327d0d75604a8f6b9/usr/lib64/libcynara-creds-commons.so.0.26.0
7af759b81000-7af759b82000 r--p 00007000 08:01 26083852                   /home/toolchain/development/libc++_replacement/tmp/R11/extracted/ae/ae6d59bf045464a126e47576a411ecb597b3902b4ae35fd327d0d75604a8f6b9/usr/lib64/libcynara-creds-commons.so.0.26.0
7af759b82000-7af759b83000 r--p 00008000 08:01 26083852                   /home/toolchain/development/libc++_replacement/tmp/R11/extracted/ae/ae6d59bf045464a126e47576a411ecb597b3902b4ae35fd327d0d75604a8f6b9/usr/lib64/libcynara-creds-commons.so.0.26.0
7af759b83000-7af759b84000 rw-p 00009000 08:01 26083852                   /home/toolchain/development/libc++_replacement/tmp/R11/extracted/ae/ae6d59bf045464a126e47576a411ecb597b3902b4ae35fd327d0d75604a8f6b9/usr/lib64/libcynara-creds-commons.so.0.26.0
7af759b84000-7af759b86000 r--p 00000000 08:01 26084007                   /home/toolchain/development/libc++_replacement/tmp/R11/extracted/10/102f6e6390f451cd238ea1f34257f312aca6774a938014000bb4e7c1a1cf843c/usr/lib64/libcynara-uid-creds.so..26.0
7af759b86000-7af759b88000 r-xp 00002000 08:01 26084007                   /home/toolchain/development/libc++_replacement/tmp/R11/extracted/10/102f6e6390f451cd238ea1f34257f312aca6774a938014000bb4e7c1a1cf843c/usr/lib64/libcynara-uid-creds.so..26.0
7af759b88000-7af759b89000 r--p 00004000 08:01 26084007                   /home/toolchain/development/libc++_replacement/tmp/R11/extracted/10/102f6e6390f451cd238ea1f34257f312aca6774a938014000bb4e7c1a1cf843c/usr/lib64/libcynara-uid-creds.so..26.0
7af759b89000-7af759b8a000 r--p 00004000 08:01 26084007                   /home/toolchain/development/libc++_replacement/tmp/R11/extracted/10/102f6e6390f451cd238ea1f34257f312aca6774a938014000bb4e7c1a1cf843c/usr/lib64/libcynara-uid-creds.so..26.0
7af759b8a000-7af759b8b000 rw-p 00005000 08:01 26084007                   /home/toolchain/development/libc++_replacement/tmp/R11/extracted/10/102f6e6390f451cd238ea1f34257f312aca6774a938014000bb4e7c1a1cf843c/usr/lib64/libcynara-uid-creds.so..26.0
7af759b8b000-7af759bb3000 r--p 00000000 08:01 26083862                   /home/toolchain/development/libc++_replacement/tmp/R11/extracted/c8/c8bacdec0892151fce20caf11add70ce706e389477e74203beec2f6b651c52b8/usr/lib64/libcynara-commons.so.0.26.0
7af759bb3000-7af759be7000 r-xp 00028000 08:01 26083862                   /home/toolchain/development/libc++_replacement/tmp/R11/extracted/c8/c8bacdec0892151fce20caf11add70ce706e389477e74203beec2f6b651c52b8/usr/lib64/libcynara-commons.so.0.26.0
7af759be7000-7af759bf7000 r--p 0005c000 08:01 26083862                   /home/toolchain/development/libc++_replacement/tmp/R11/extracted/c8/c8bacdec0892151fce20caf11add70ce706e389477e74203beec2f6b651c52b8/usr/lib64/libcynara-commons.so.0.26.0
7af759bf7000-7af759bfb000 r--p 0006b000 08:01 26083862                   /home/toolchain/development/libc++_replacement/tmp/R11/extracted/c8/c8bacdec0892151fce20caf11add70ce706e389477e74203beec2f6b651c52b8/usr/lib64/libcynara-commons.so.0.26.0
7af759bfb000-7af759bfc000 rw-p 0006f000 08:01 26083862                   /home/toolchain/development/libc++_replacement/tmp/R11/extracted/c8/c8bacdec0892151fce20caf11add70ce706e389477e74203beec2f6b651c52b8/usr/lib64/libcynara-commons.so.0.26.0
7af759bfc000-7af759c00000 r--p 00000000 08:01 26083837                   /home/toolchain/development/libc++_replacement/tmp/R11/extracted/95/95baaefb26a50408eb4d7f5426aa17e1af2d62788151eb7b2113e095e0adcc37/usr/lib64/libcynara-client-commons.so.0.26.0
7af759c00000-7af759c05000 r-xp 00004000 08:01 26083837                   /home/toolchain/development/libc++_replacement/tmp/R11/extracted/95/95baaefb26a50408eb4d7f5426aa17e1af2d62788151eb7b2113e095e0adcc37/usr/lib64/libcynara-client-commons.so.0.26.0
7af759c05000-7af759c06000 r--p 00009000 08:01 26083837                   /home/toolchain/development/libc++_replacement/tmp/R11/extracted/95/95baaefb26a50408eb4d7f5426aa17e1af2d62788151eb7b2113e095e0adcc37/usr/lib64/libcynara-client-commons.so.0.26.0
7af759c06000-7af759c07000 r--p 0000a000 08:01 26083837                   /home/toolchain/development/libc++_replacement/tmp/R11/extracted/95/95baaefb26a50408eb4d7f5426aa17e1af2d62788151eb7b2113e095e0adcc37/usr/lib64/libcynara-client-commons.so.0.26.0
7af759c07000-7af759c08000 rw-p 0000b000 08:01 26083837                   /home/toolchain/development/libc++_replacement/tmp/R11/extracted/95/95baaefb26a50408eb4d7f5426aa17e1af2d62788151eb7b2113e095e0adcc37/usr/lib64/libcynara-client-commons.so.0.26.0
7af759c08000-7af759c11000 r--p 00000000 08:01 26085907                   /home/toolchain/development/libc++_replacement/tmp/R11/extracted/d0/d0de50bf206b3d54c4d73143135d61d6a880493204c7703569193ef661265689/usr/lib64/libjson-glib-1.0.so.0.800.0
7af759c11000-7af759c25000 r-xp 00009000 08:01 26085907                   /home/toolchain/development/libc++_replacement/tmp/R11/extracted/d0/d0de50bf206b3d54c4d73143135d61d6a880493204c7703569193ef661265689/usr/lib64/libjson-glib-1.0.so.0.800.0
7af759c25000-7af759c2e000 r--p 0001d000 08:01 26085907                   /home/toolchain/development/libc++_replacement/tmp/R11/extracted/d0/d0de50bf206b3d54c4d73143135d61d6a880493204c7703569193ef661265689/usr/lib64/libjson-glib-1.0.so.0.800.0
7af759c2e000-7af759c2f000 r--p 00026000 08:01 26085907                   /home/toolchain/development/libc++_replacement/tmp/R11/extracted/d0/d0de50bf206b3d54c4d73143135d61d6a880493204c7703569193ef661265689/usr/lib64/libjson-glib-1.0.so.0.800.0
7af759c2f000-7af759c30000 rw-p 00027000 08:01 26085907                   /home/toolchain/development/libc++_replacement/tmp/R11/extracted/d0/d0de50bf206b3d54c4d73143135d61d6a880493204c7703569193ef661265689/usr/lib64/libjson-glib-1.0.so.0.800.0
7af759c30000-7af759c31000 r--p 00000000 08:01 25716645                   /home/toolchain/development/libc++_replacement/tmp/R11/extracted/69/69a66bf21fe7e6ba583831be02eab8b25eb5b9e842da34e562195d8b1fe607ca/usr/lib64/libaul-blink.so.0.84.11
7af759c31000-7af759c32000 r-xp 00001000 08:01 25716645                   /home/toolchain/development/libc++_replacement/tmp/R11/extracted/69/69a66bf21fe7e6ba583831be02eab8b25eb5b9e842da34e562195d8b1fe607ca/usr/lib64/libaul-blink.so.0.84.11
7af759c32000-7af759c33000 r--p 00002000 08:01 25716645                   /home/toolchain/development/libc++_replacement/tmp/R11/extracted/69/69a66bf21fe7e6ba583831be02eab8b25eb5b9e842da34e562195d8b1fe607ca/usr/lib64/libaul-blink.so.0.84.11
7af759c33000-7af759c34000 r--p 00002000 08:01 25716645                   /home/toolchain/development/libc++_replacement/tmp/R11/extracted/69/69a66bf21fe7e6ba583831be02eab8b25eb5b9e842da34e562195d8b1fe607ca/usr/lib64/libaul-blink.so.0.84.11
7af759c34000-7af759c35000 rw-p 00003000 08:01 25716645                   /home/toolchain/development/libc++_replacement/tmp/R11/extracted/69/69a66bf21fe7e6ba583831be02eab8b25eb5b9e842da34e562195d8b1fe607ca/usr/lib64/libaul-blink.so.0.84.11
7af759c35000-7af759c37000 r--p 00000000 08:01 23624162                   /home/toolchain/development/libc++_replacement/tmp/R11/extracted/1e/1ef38dd1b74597d1e4a56b8f9c786954bd0dcdebd9261f07845c7225b8027830/usr/lib64/libunwind-x86_64.so.8.0.1
7af759c37000-7af759c42000 r-xp 00002000 08:01 23624162                   /home/toolchain/development/libc++_replacement/tmp/R11/extracted/1e/1ef38dd1b74597d1e4a56b8f9c786954bd0dcdebd9261f07845c7225b8027830/usr/lib64/libunwind-x86_64.so.8.0.1
7af759c42000-7af759c44000 r--p 0000d000 08:01 23624162                   /home/toolchain/development/libc++_replacement/tmp/R11/extracted/1e/1ef38dd1b74597d1e4a56b8f9c786954bd0dcdebd9261f07845c7225b8027830/usr/lib64/libunwind-x86_64.so.8.0.1
7af759c44000-7af759c45000 r--p 0000e000 08:01 23624162                   /home/toolchain/development/libc++_replacement/tmp/R11/extracted/1e/1ef38dd1b74597d1e4a56b8f9c786954bd0dcdebd9261f07845c7225b8027830/usr/lib64/libunwind-x86_64.so.8.0.1
7af759c45000-7af759c46000 rw-p 0000f000 08:01 23624162                   /home/toolchain/development/libc++_replacement/tmp/R11/extracted/1e/1ef38dd1b74597d1e4a56b8f9c786954bd0dcdebd9261f07845c7225b8027830/usr/lib64/libunwind-x86_64.so.8.0.1
7af759c46000-7af759c50000 rw-p 00000000 00:00 0 
7af759c50000-7af759c51000 r--p 00000000 08:01 23624158                   /home/toolchain/development/libc++_replacement/tmp/R11/extracted/1e/1ef38dd1b74597d1e4a56b8f9c786954bd0dcdebd9261f07845c7225b8027830/usr/lib64/libunwind-ptrace.so.0.0.0
7af759c51000-7af759c52000 r-xp 00001000 08:01 23624158                   /home/toolchain/development/libc++_replacement/tmp/R11/extracted/1e/1ef38dd1b74597d1e4a56b8f9c786954bd0dcdebd9261f07845c7225b8027830/usr/lib64/libunwind-ptrace.so.0.0.0
7af759c52000-7af759c53000 r--p 00002000 08:01 23624158                   /home/toolchain/development/libc++_replacement/tmp/R11/extracted/1e/1ef38dd1b74597d1e4a56b8f9c786954bd0dcdebd9261f07845c7225b8027830/usr/lib64/libunwind-ptrace.so.0.0.0
7af759c53000-7af759c54000 r--p 00002000 08:01 23624158                   /home/toolchain/development/libc++_replacement/tmp/R11/extracted/1e/1ef38dd1b74597d1e4a56b8f9c786954bd0dcdebd9261f07845c7225b8027830/usr/lib64/libunwind-ptrace.so.0.0.0
7af759c54000-7af759c55000 rw-p 00003000 08:01 23624158                   /home/toolchain/development/libc++_replacement/tmp/R11/extracted/1e/1ef38dd1b74597d1e4a56b8f9c786954bd0dcdebd9261f07845c7225b8027830/usr/lib64/libunwind-ptrace.so.0.0.0
7af759c55000-7af759c56000 r--p 00000000 08:01 23730792                   /home/toolchain/development/libc++_replacement/tmp/R11/extracted/32/329d860de7686bbbfef78f591376fc8f38d82a65c6067d221f5543ebc3de5133/usr/lib64/libxdgmime.so.1.1.0
7af759c56000-7af759c5d000 r-xp 00001000 08:01 23730792                   /home/toolchain/development/libc++_replacement/tmp/R11/extracted/32/329d860de7686bbbfef78f591376fc8f38d82a65c6067d221f5543ebc3de5133/usr/lib64/libxdgmime.so.1.1.0
7af759c5d000-7af759c5f000 r--p 00008000 08:01 23730792                   /home/toolchain/development/libc++_replacement/tmp/R11/extracted/32/329d860de7686bbbfef78f591376fc8f38d82a65c6067d221f5543ebc3de5133/usr/lib64/libxdgmime.so.1.1.0
7af759c5f000-7af759c60000 r--p 00009000 08:01 23730792                   /home/toolchain/development/libc++_replacement/tmp/R11/extracted/32/329d860de7686bbbfef78f591376fc8f38d82a65c6067d221f5543ebc3de5133/usr/lib64/libxdgmime.so.1.1.0
7af759c60000-7af759c61000 rw-p 0000a000 08:01 23730792                   /home/toolchain/development/libc++_replacement/tmp/R11/extracted/32/329d860de7686bbbfef78f591376fc8f38d82a65c6067d221f5543ebc3de5133/usr/lib64/libxdgmime.so.1.1.0
7af759c61000-7af759c63000 r--p 00000000 08:01 23624206                   /home/toolchain/development/libc++_replacement/tmp/R11/extracted/86/86b520ddf58ec7421d4799f0006593ddf54ecca040d5ae98b724c2199b2dabd1/usr/lib64/libuuid.so.1.3.0
7af759c63000-7af759c67000 r-xp 00002000 08:01 23624206                   /home/toolchain/development/libc++_replacement/tmp/R11/extracted/86/86b520ddf58ec7421d4799f0006593ddf54ecca040d5ae98b724c2199b2dabd1/usr/lib64/libuuid.so.1.3.0
7af759c67000-7af759c68000 r--p 00006000 08:01 23624206                   /home/toolchain/development/libc++_replacement/tmp/R11/extracted/86/86b520ddf58ec7421d4799f0006593ddf54ecca040d5ae98b724c2199b2dabd1/usr/lib64/libuuid.so.1.3.0
7af759c68000-7af759c69000 r--p 00006000 08:01 23624206                   /home/toolchain/development/libc++_replacement/tmp/R11/extracted/86/86b520ddf58ec7421d4799f0006593ddf54ecca040d5ae98b724c2199b2dabd1/usr/lib64/libuuid.so.1.3.0
7af759c69000-7af759c6a000 rw-p 00007000 08:01 23624206                   /home/toolchain/development/libc++_replacement/tmp/R11/extracted/86/86b520ddf58ec7421d4799f0006593ddf54ecca040d5ae98b724c2199b2dabd1/usr/lib64/libuuid.so.1.3.0
7af759c6a000-7af759c6e000 r--p 00000000 08:01 15387897                   /home/toolchain/development/libc++_replacement/tmp/R11/extracted/2a/2a95dadaf5b23b0bc3e5c8608eaefd85ceb73d4c5dadb1a3abce13f4579e949e/usr/lib64/libexpat.so.1.11.1
7af759c6e000-7af759c86000 r-xp 00004000 08:01 15387897                   /home/toolchain/development/libc++_replacement/tmp/R11/extracted/2a/2a95dadaf5b23b0bc3e5c8608eaefd85ceb73d4c5dadb1a3abce13f4579e949e/usr/lib64/libexpat.so.1.11.1
7af759c86000-7af759c8e000 r--p 0001c000 08:01 15387897                   /home/toolchain/development/libc++_replacement/tmp/R11/extracted/2a/2a95dadaf5b23b0bc3e5c8608eaefd85ceb73d4c5dadb1a3abce13f4579e949e/usr/lib64/libexpat.so.1.11.1
7af759c8e000-7af759c90000 r--p 00023000 08:01 15387897                   /home/toolchain/development/libc++_replacement/tmp/R11/extracted/2a/2a95dadaf5b23b0bc3e5c8608eaefd85ceb73d4c5dadb1a3abce13f4579e949e/usr/lib64/libexpat.so.1.11.1
7af759c90000-7af759c91000 rw-p 00025000 08:01 15387897                   /home/toolchain/development/libc++_replacement/tmp/R11/extracted/2a/2a95dadaf5b23b0bc3e5c8608eaefd85ceb73d4c5dadb1a3abce13f4579e949e/usr/lib64/libexpat.so.1.11.1
7af759c91000-7af759ca2000 r--p 00000000 08:01 25861434                   /home/toolchain/development/libc++_replacement/tmp/R11/extracted/81/81f15d544a17a15af43bbf75dd529db933bd56a6de08c2ea5c3aa6c8b57a251c/usr/lib64/libespplayer-core.so
7af759ca2000-7af759cad000 r-xp 00011000 08:01 25861434                   /home/toolchain/development/libc++_replacement/tmp/R11/extracted/81/81f15d544a17a15af43bbf75dd529db933bd56a6de08c2ea5c3aa6c8b57a251c/usr/lib64/libespplayer-core.so
7af759cad000-7af759cb3000 r--p 0001c000 08:01 25861434                   /home/toolchain/development/libc++_replacement/tmp/R11/extracted/81/81f15d544a17a15af43bbf75dd529db933bd56a6de08c2ea5c3aa6c8b57a251c/usr/lib64/libespplayer-core.so
7af759cb3000-7af759cb4000 r--p 00022000 08:01 25861434                   /home/toolchain/development/libc++_replacement/tmp/R11/extracted/81/81f15d544a17a15af43bbf75dd529db933bd56a6de08c2ea5c3aa6c8b57a251c/usr/lib64/libespplayer-core.so
7af759cb4000-7af759cb5000 rw-p 00023000 08:01 25861434                   /home/toolchain/development/libc++_replacement/tmp/R11/extracted/81/81f15d544a17a15af43bbf75dd529db933bd56a6de08c2ea5c3aa6c8b57a251c/usr/lib64/libespplayer-core.so
7af759cb5000-7af759ce4000 r--p 00000000 08:01 25958106                   /home/toolchain/development/libc++_replacement/tmp/R11/extracted/0a/0ab9bebb936bab8dbefae5ffb0c413112d2b5d6ab922de257b6f5fe29a769b0a/usr/lib64/libgstreamer-1.0.so.0.2411.0
7af759ce4000-7af759d90000 r-xp 0002f000 08:01 25958106                   /home/toolchain/development/libc++_replacement/tmp/R11/extracted/0a/0ab9bebb936bab8dbefae5ffb0c413112d2b5d6ab922de257b6f5fe29a769b0a/usr/lib64/libgstreamer-1.0.so.0.2411.0
7af759d90000-7af759ddc000 r--p 000db000 08:01 25958106                   /home/toolchain/development/libc++_replacement/tmp/R11/extracted/0a/0ab9bebb936bab8dbefae5ffb0c413112d2b5d6ab922de257b6f5fe29a769b0a/usr/lib64/libgstreamer-1.0.so.0.2411.0
7af759ddc000-7af759de1000 r--p 00127000 08:01 25958106                   /home/toolchain/development/libc++_replacement/tmp/R11/extracted/0a/0ab9bebb936bab8dbefae5ffb0c413112d2b5d6ab922de257b6f5fe29a769b0a/usr/lib64/libgstreamer-1.0.so.0.2411.0
7af759de1000-7af759de4000 rw-p 0012c000 08:01 25958106                   /home/toolchain/development/libc++_replacement/tmp/R11/extracted/0a/0ab9bebb936bab8dbefae5ffb0c413112d2b5d6ab922de257b6f5fe29a769b0a/usr/lib64/libgstreamer-1.0.so.0.2411.0
7af759de4000-7af759de5000 rw-p 00000000 00:00 0 
7af759de5000-7af759df1000 r--p 00000000 08:01 16961826                   /home/toolchain/development/libc++_replacement/tmp/R11/extracted/4e/4ea9cb9ada8f65fed491ea1ea3c1dff68fb2d17ab664232b15c0d7649dbb618e/usr/lib64/libpulse.so.0.24.0
7af759df1000-7af759e1c000 r-xp 0000c000 08:01 16961826                   /home/toolchain/development/libc++_replacement/tmp/R11/extracted/4e/4ea9cb9ada8f65fed491ea1ea3c1dff68fb2d17ab664232b15c0d7649dbb618e/usr/lib64/libpulse.so.0.24.0
7af759e1c000-7af759e30000 r--p 00037000 08:01 16961826                   /home/toolchain/development/libc++_replacement/tmp/R11/extracted/4e/4ea9cb9ada8f65fed491ea1ea3c1dff68fb2d17ab664232b15c0d7649dbb618e/usr/lib64/libpulse.so.0.24.0
7af759e30000-7af759e31000 r--p 0004b000 08:01 16961826                   /home/toolchain/development/libc++_replacement/tmp/R11/extracted/4e/4ea9cb9ada8f65fed491ea1ea3c1dff68fb2d17ab664232b15c0d7649dbb618e/usr/lib64/libpulse.so.0.24.0
7af759e31000-7af759e32000 rw-p 0004c000 08:01 16961826                   /home/toolchain/development/libc++_replacement/tmp/R11/extracted/4e/4ea9cb9ada8f65fed491ea1ea3c1dff68fb2d17ab664232b15c0d7649dbb618e/usr/lib64/libpulse.so.0.24.0
7af759e32000-7af759e36000 r--p 00000000 08:01 26086508                   /home/toolchain/development/libc++_replacement/tmp/R11/extracted/fc/fc8cfdc9b6706a39fe50ec8b722659ae45c9d3237d9155af55ac6d623a09b29a/usr/lib64/libmmfsound.so.0.1.0
7af759e36000-7af759e47000 r-xp 00004000 08:01 26086508                   /home/toolchain/development/libc++_replacement/tmp/R11/extracted/fc/fc8cfdc9b6706a39fe50ec8b722659ae45c9d3237d9155af55ac6d623a09b29a/usr/lib64/libmmfsound.so.0.1.0
7af759e47000-7af759e4f000 r--p 00015000 08:01 26086508                   /home/toolchain/development/libc++_replacement/tmp/R11/extracted/fc/fc8cfdc9b6706a39fe50ec8b722659ae45c9d3237d9155af55ac6d623a09b29a/usr/lib64/libmmfsound.so.0.1.0
7af759e4f000-7af759e50000 r--p 0001d000 08:01 26086508                   /home/toolchain/development/libc++_replacement/tmp/R11/extracted/fc/fc8cfdc9b6706a39fe50ec8b722659ae45c9d3237d9155af55ac6d623a09b29a/usr/lib64/libmmfsound.so.0.1.0
7af759e50000-7af759e51000 rw-p 0001e000 08:01 26086508                   /home/toolchain/development/libc++_replacement/tmp/R11/extracted/fc/fc8cfdc9b6706a39fe50ec8b722659ae45c9d3237d9155af55ac6d623a09b29a/usr/lib64/libmmfsound.so.0.1.0
7af759e51000-7af759e5d000 rw-p 00000000 00:00 0 
7af759e5d000-7af759e6b000 r--p 00000000 08:01 25713785                   /home/toolchain/development/libc++_replacement/tmp/R11/extracted/e3/e324dc8ff4e9ae834d02077646c043da25c3cf88295dc9c550dd1028e6fda4f4/usr/lib64/libapp-core-ui-cpp.so.1.27.13
7af759e6b000-7af759e77000 r-xp 0000e000 08:01 25713785                   /home/toolchain/development/libc++_replacement/tmp/R11/extracted/e3/e324dc8ff4e9ae834d02077646c043da25c3cf88295dc9c550dd1028e6fda4f4/usr/lib64/libapp-core-ui-cpp.so.1.27.13
7af759e77000-7af759e7f000 r--p 0001a000 08:01 25713785                   /home/toolchain/development/libc++_replacement/tmp/R11/extracted/e3/e324dc8ff4e9ae834d02077646c043da25c3cf88295dc9c550dd1028e6fda4f4/usr/lib64/libapp-core-ui-cpp.so.1.27.13
7af759e7f000-7af759e80000 r--p 00022000 08:01 25713785                   /home/toolchain/development/libc++_replacement/tmp/R11/extracted/e3/e324dc8ff4e9ae834d02077646c043da25c3cf88295dc9c550dd1028e6fda4f4/usr/lib64/libapp-core-ui-cpp.so.1.27.13
7af759e80000-7af759e81000 rw-p 00023000 08:01 25713785                   /home/toolchain/development/libc++_replacement/tmp/R11/extracted/e3/e324dc8ff4e9ae834d02077646c043da25c3cf88295dc9c550dd1028e6fda4f4/usr/lib64/libapp-core-ui-cpp.so.1.27.13
7af759e81000-7af759e86000 r--p 00000000 08:01 25713650                   /home/toolchain/development/libc++_replacement/tmp/R11/extracted/a1/a10e90c2730b2339da55a2e8159c5552da952a0df10949d27ad1f42496b8ca83/usr/lib64/libapp-core-efl-cpp.so.1.27.13
7af759e86000-7af759e89000 r-xp 00005000 08:01 25713650                   /home/toolchain/development/libc++_replacement/tmp/R11/extracted/a1/a10e90c2730b2339da55a2e8159c5552da952a0df10949d27ad1f42496b8ca83/usr/lib64/libapp-core-efl-cpp.so.1.27.13
7af759e89000-7af759e8b000 r--p 00008000 08:01 25713650                   /home/toolchain/development/libc++_replacement/tmp/R11/extracted/a1/a10e90c2730b2339da55a2e8159c5552da952a0df10949d27ad1f42496b8ca83/usr/lib64/libapp-core-efl-cpp.so.1.27.13
7af759e8b000-7af759e8c000 r--p 0000a000 08:01 25713650                   /home/toolchain/development/libc++_replacement/tmp/R11/extracted/a1/a10e90c2730b2339da55a2e8159c5552da952a0df10949d27ad1f42496b8ca83/usr/lib64/libapp-core-efl-cpp.so.1.27.13
7af759e8c000-7af759e8d000 rw-p 0000b000 08:01 25713650                   /home/toolchain/development/libc++_replacement/tmp/R11/extracted/a1/a10e90c2730b2339da55a2e8159c5552da952a0df10949d27ad1f42496b8ca83/usr/lib64/libapp-core-efl-cpp.so.1.27.13
7af759e8d000-7af759e90000 r--p 00000000 08:01 25821477                   /home/toolchain/development/libc++_replacement/tmp/R11/extracted/23/2374eef75f0010963c1f48deae26a5a93cfb8557d2bec6d178bdeae0d9bcf05d/usr/lib64/libcapi-appfw-app-control-uri.so.0.26.2
7af759e90000-7af759e93000 r-xp 00003000 08:01 25821477                   /home/toolchain/development/libc++_replacement/tmp/R11/extracted/23/2374eef75f0010963c1f48deae26a5a93cfb8557d2bec6d178bdeae0d9bcf05d/usr/lib64/libcapi-appfw-app-control-uri.so.0.26.2
7af759e93000-7af759e94000 r--p 00006000 08:01 25821477                   /home/toolchain/development/libc++_replacement/tmp/R11/extracted/23/2374eef75f0010963c1f48deae26a5a93cfb8557d2bec6d178bdeae0d9bcf05d/usr/lib64/libcapi-appfw-app-control-uri.so.0.26.2
7af759e94000-7af759e95000 r--p 00006000 08:01 25821477                   /home/toolchain/development/libc++_replacement/tmp/R11/extracted/23/2374eef75f0010963c1f48deae26a5a93cfb8557d2bec6d178bdeae0d9bcf05d/usr/lib64/libcapi-appfw-app-control-uri.so.0.26.2
7af759e95000-7af759e96000 rw-p 00007000 08:01 25821477                   /home/toolchain/development/libc++_replacement/tmp/R11/extracted/23/2374eef75f0010963c1f48deae26a5a93cfb8557d2bec6d178bdeae0d9bcf05d/usr/lib64/libcapi-appfw-app-control-uri.so.0.26.2
7af759e96000-7af759ede000 r--p 00000000 08:01 26216520                   /home/toolchain/development/libc++_replacement/tmp/R11/extracted/45/4598648c087d443fbabb84832e2ea61178ff5005883236d4e18be71e3909e9fd/usr/lib64/libsecurity-manager-commons.so.1.0.2
7af759ede000-7af759f95000 r-xp 00048000 08:01 26216520                   /home/toolchain/development/libc++_replacement/tmp/R11/extracted/45/4598648c087d443fbabb84832e2ea61178ff5005883236d4e18be71e3909e9fd/usr/lib64/libsecurity-manager-commons.so.1.0.2
7af759f95000-7af759fbe000 r--p 000ff000 08:01 26216520                   /home/toolchain/development/libc++_replacement/tmp/R11/extracted/45/4598648c087d443fbabb84832e2ea61178ff5005883236d4e18be71e3909e9fd/usr/lib64/libsecurity-manager-commons.so.1.0.2
7af759fbe000-7af759fc2000 r--p 00127000 08:01 26216520                   /home/toolchain/development/libc++_replacement/tmp/R11/extracted/45/4598648c087d443fbabb84832e2ea61178ff5005883236d4e18be71e3909e9fd/usr/lib64/libsecurity-manager-commons.so.1.0.2
7af759fc2000-7af759fc5000 rw-p 0012b000 08:01 26216520                   /home/toolchain/development/libc++_replacement/tmp/R11/extracted/45/4598648c087d443fbabb84832e2ea61178ff5005883236d4e18be71e3909e9fd/usr/lib64/libsecurity-manager-commons.so.1.0.2
7af759fc5000-7af759fd1000 r--p 00000000 08:01 26216662                   /home/toolchain/development/libc++_replacement/tmp/R11/extracted/a8/a873bbfabe29509bf0f4360077ee38885cb185b8a0aa23619b22414eda90b560/usr/lib64/libsensor.so.10.0.0
7af759fd1000-7af759ff3000 r-xp 0000c000 08:01 26216662                   /home/toolchain/development/libc++_replacement/tmp/R11/extracted/a8/a873bbfabe29509bf0f4360077ee38885cb185b8a0aa23619b22414eda90b560/usr/lib64/libsensor.so.10.0.0
7af759ff3000-7af759ffe000 r--p 0002e000 08:01 26216662                   /home/toolchain/development/libc++_replacement/tmp/R11/extracted/a8/a873bbfabe29509bf0f4360077ee38885cb185b8a0aa23619b22414eda90b560/usr/lib64/libsensor.so.10.0.0
7af759ffe000-7af759fff000 r--p 00039000 08:01 26216662                   /home/toolchain/development/libc++_replacement/tmp/R11/extracted/a8/a873bbfabe29509bf0f4360077ee38885cb185b8a0aa23619b22414eda90b560/usr/lib64/libsensor.so.10.0.0
7af759fff000-7af75a000000 rw-p 0003a000 08:01 26216662                   /home/toolchain/development/libc++_replacement/tmp/R11/extracted/a8/a873bbfabe29509bf0f4360077ee38885cb185b8a0aa23619b22414eda90b560/usr/lib64/libsensor.so.10.0.0
7af75a000000-7af75a001000 r--p 00000000 08:01 23621923                   /home/toolchain/development/libc++_replacement/tmp/R11/extracted/84/8477c684d513edca7d64706710711e51c74cfc270048526e4cd3604d0dc19c47/usr/lib64/libicudata.so.78.1
7af75a001000-7af75a002000 r-xp 00001000 08:01 23621923                   /home/toolchain/development/libc++_replacement/tmp/R11/extracted/84/8477c684d513edca7d64706710711e51c74cfc270048526e4cd3604d0dc19c47/usr/lib64/libicudata.so.78.1
7af75a002000-7af75bf95000 r--p 00002000 08:01 23621923                   /home/toolchain/development/libc++_replacement/tmp/R11/extracted/84/8477c684d513edca7d64706710711e51c74cfc270048526e4cd3604d0dc19c47/usr/lib64/libicudata.so.78.1
7af75bf95000-7af75bf96000 r--p 01f94000 08:01 23621923                   /home/toolchain/development/libc++_replacement/tmp/R11/extracted/84/8477c684d513edca7d64706710711e51c74cfc270048526e4cd3604d0dc19c47/usr/lib64/libicudata.so.78.1
7af75bf96000-7af75bf97000 rw-p 01f95000 08:01 23621923                   /home/toolchain/development/libc++_replacement/tmp/R11/extracted/84/8477c684d513edca7d64706710711e51c74cfc270048526e4cd3604d0dc19c47/usr/lib64/libicudata.so.78.1
7af75bf98000-7af75bfa1000 r--p 00000000 08:01 25713560                   /home/toolchain/development/libc++_replacement/tmp/R11/extracted/4c/4cdb0d46f299d1d6c7581443ac1b9589318a50b4f7e8f0d97d8a693b63c43982/usr/lib64/libapp-core-cpp.so.1.27.13
7af75bfa1000-7af75bfab000 r-xp 00009000 08:01 25713560                   /home/toolchain/development/libc++_replacement/tmp/R11/extracted/4c/4cdb0d46f299d1d6c7581443ac1b9589318a50b4f7e8f0d97d8a693b63c43982/usr/lib64/libapp-core-cpp.so.1.27.13
7af75bfab000-7af75bfb0000 r--p 00013000 08:01 25713560                   /home/toolchain/development/libc++_replacement/tmp/R11/extracted/4c/4cdb0d46f299d1d6c7581443ac1b9589318a50b4f7e8f0d97d8a693b63c43982/usr/lib64/libapp-core-cpp.so.1.27.13
7af75bfb0000-7af75bfb1000 r--p 00017000 08:01 25713560                   /home/toolchain/development/libc++_replacement/tmp/R11/extracted/4c/4cdb0d46f299d1d6c7581443ac1b9589318a50b4f7e8f0d97d8a693b63c43982/usr/lib64/libapp-core-cpp.so.1.27.13
7af75bfb1000-7af75bfb2000 rw-p 00018000 08:01 25713560                   /home/toolchain/development/libc++_replacement/tmp/R11/extracted/4c/4cdb0d46f299d1d6c7581443ac1b9589318a50b4f7e8f0d97d8a693b63c43982/usr/lib64/libapp-core-cpp.so.1.27.13
7af75bfb2000-7af75bfb5000 r--p 00000000 08:01 23619595                   /home/toolchain/development/libc++_replacement/tmp/R11/extracted/ec/ec3179ae94651944470bddefd2683695b1053a940c8794d882e302581b1b70b9/usr/lib64/libcap.so.2.73
7af75bfb5000-7af75bfb9000 r-xp 00003000 08:01 23619595                   /home/toolchain/development/libc++_replacement/tmp/R11/extracted/ec/ec3179ae94651944470bddefd2683695b1053a940c8794d882e302581b1b70b9/usr/lib64/libcap.so.2.73
7af75bfb9000-7af75bfbb000 r--p 00007000 08:01 23619595                   /home/toolchain/development/libc++_replacement/tmp/R11/extracted/ec/ec3179ae94651944470bddefd2683695b1053a940c8794d882e302581b1b70b9/usr/lib64/libcap.so.2.73
7af75bfbb000-7af75bfbc000 r--p 00008000 08:01 23619595                   /home/toolchain/development/libc++_replacement/tmp/R11/extracted/ec/ec3179ae94651944470bddefd2683695b1053a940c8794d882e302581b1b70b9/usr/lib64/libcap.so.2.73
7af75bfbc000-7af75bfbd000 rw-p 00009000 08:01 23619595                   /home/toolchain/development/libc++_replacement/tmp/R11/extracted/ec/ec3179ae94651944470bddefd2683695b1053a940c8794d882e302581b1b70b9/usr/lib64/libcap.so.2.73
7af75bfbd000-7af75bfbe000 r--p 00000000 08:01 25827108                   /home/toolchain/development/libc++_replacement/tmp/R11/extracted/22/22ea91dce08a72f94e8ca1712d5180f50c3c731e75196a96a9b85ff893f0f2fc/usr/lib64/libcontext-sensor-recorder-client.so.4.0.1
7af75bfbe000-7af75bfbf000 r-xp 00001000 08:01 25827108                   /home/toolchain/development/libc++_replacement/tmp/R11/extracted/22/22ea91dce08a72f94e8ca1712d5180f50c3c731e75196a96a9b85ff893f0f2fc/usr/lib64/libcontext-sensor-recorder-client.so.4.0.1
7af75bfbf000-7af75bfc0000 r--p 00002000 08:01 25827108                   /home/toolchain/development/libc++_replacement/tmp/R11/extracted/22/22ea91dce08a72f94e8ca1712d5180f50c3c731e75196a96a9b85ff893f0f2fc/usr/lib64/libcontext-sensor-recorder-client.so.4.0.1
7af75bfc0000-7af75bfc1000 r--p 00002000 08:01 25827108                   /home/toolchain/development/libc++_replacement/tmp/R11/extracted/22/22ea91dce08a72f94e8ca1712d5180f50c3c731e75196a96a9b85ff893f0f2fc/usr/lib64/libcontext-sensor-recorder-client.so.4.0.1
7af75bfc1000-7af75bfc2000 rw-p 00003000 08:01 25827108                   /home/toolchain/development/libc++_replacement/tmp/R11/extracted/22/22ea91dce08a72f94e8ca1712d5180f50c3c731e75196a96a9b85ff893f0f2fc/usr/lib64/libcontext-sensor-recorder-client.so.4.0.1
7af75bfc2000-7af75bfc3000 r--p 00000000 08:01 23629635                   /home/toolchain/development/libc++_replacement/tmp/R11/extracted/1b/1b1e0c06f14e8cdd3e58db640159ac4e12089b52793ac3f1f73079d5be9493b5/usr/lib64/libplds4.so
7af75bfc3000-7af75bfc4000 r-xp 00001000 08:01 23629635                   /home/toolchain/development/libc++_replacement/tmp/R11/extracted/1b/1b1e0c06f14e8cdd3e58db640159ac4e12089b52793ac3f1f73079d5be9493b5/usr/lib64/libplds4.so
7af75bfc4000-7af75bfc5000 r--p 00002000 08:01 23629635                   /home/toolchain/development/libc++_replacement/tmp/R11/extracted/1b/1b1e0c06f14e8cdd3e58db640159ac4e12089b52793ac3f1f73079d5be9493b5/usr/lib64/libplds4.so
7af75bfc5000-7af75bfc6000 r--p 00002000 08:01 23629635                   /home/toolchain/development/libc++_replacement/tmp/R11/extracted/1b/1b1e0c06f14e8cdd3e58db640159ac4e12089b52793ac3f1f73079d5be9493b5/usr/lib64/libplds4.so
7af75bfc6000-7af75bfc7000 rw-p 00003000 08:01 23629635                   /home/toolchain/development/libc++_replacement/tmp/R11/extracted/1b/1b1e0c06f14e8cdd3e58db640159ac4e12089b52793ac3f1f73079d5be9493b5/usr/lib64/libplds4.so
7af75bfc7000-7af75bfc9000 r--p 00000000 08:01 23629634                   /home/toolchain/development/libc++_replacement/tmp/R11/extracted/1b/1b1e0c06f14e8cdd3e58db640159ac4e12089b52793ac3f1f73079d5be9493b5/usr/lib64/libplc4.so
7af75bfc9000-7af75bfcb000 r-xp 00002000 08:01 23629634                   /home/toolchain/development/libc++_replacement/tmp/R11/extracted/1b/1b1e0c06f14e8cdd3e58db640159ac4e12089b52793ac3f1f73079d5be9493b5/usr/lib64/libplc4.so
7af75bfcb000-7af75bfcc000 r--p 00004000 08:01 23629634                   /home/toolchain/development/libc++_replacement/tmp/R11/extracted/1b/1b1e0c06f14e8cdd3e58db640159ac4e12089b52793ac3f1f73079d5be9493b5/usr/lib64/libplc4.so
7af75bfcc000-7af75bfcd000 r--p 00004000 08:01 23629634                   /home/toolchain/development/libc++_replacement/tmp/R11/extracted/1b/1b1e0c06f14e8cdd3e58db640159ac4e12089b52793ac3f1f73079d5be9493b5/usr/lib64/libplc4.so
7af75bfcd000-7af75bfce000 rw-p 00005000 08:01 23629634                   /home/toolchain/development/libc++_replacement/tmp/R11/extracted/1b/1b1e0c06f14e8cdd3e58db640159ac4e12089b52793ac3f1f73079d5be9493b5/usr/lib64/libplc4.so
7af75bfce000-7af75bfd0000 r--p 00000000 08:01 23621269                   /home/toolchain/development/libc++_replacement/tmp/R11/extracted/10/108f5b4fc21dc6d5b0c38339454b4a7e9dcb88deeec25fd062d6cdad4f4a98c0/usr/lib64/libffi.so.8.1.4
7af75bfd0000-7af75bfd9000 r-xp 00002000 08:01 23621269                   /home/toolchain/development/libc++_replacement/tmp/R11/extracted/10/108f5b4fc21dc6d5b0c38339454b4a7e9dcb88deeec25fd062d6cdad4f4a98c0/usr/lib64/libffi.so.8.1.4
7af75bfd9000-7af75bfda000 r--p 0000b000 08:01 23621269                   /home/toolchain/development/libc++_replacement/tmp/R11/extracted/10/108f5b4fc21dc6d5b0c38339454b4a7e9dcb88deeec25fd062d6cdad4f4a98c0/usr/lib64/libffi.so.8.1.4
7af75bfda000-7af75bfdb000 r--p 0000c000 08:01 23621269                   /home/toolchain/development/libc++_replacement/tmp/R11/extracted/10/108f5b4fc21dc6d5b0c38339454b4a7e9dcb88deeec25fd062d6cdad4f4a98c0/usr/lib64/libffi.so.8.1.4
7af75bfdb000-7af75bfdc000 rw-p 0000d000 08:01 23621269                   /home/toolchain/development/libc++_replacement/tmp/R11/extracted/10/108f5b4fc21dc6d5b0c38339454b4a7e9dcb88deeec25fd062d6cdad4f4a98c0/usr/lib64/libffi.so.8.1.4
7af75bfdc000-7af75bfdd000 r--p 00000000 08:01 26089374                   /home/toolchain/development/libc++_replacement/tmp/R11/extracted/6e/6ea88a8be40d0a02d31f2d7f5b7e998e43bda209403c740d6385dc2b6b965039/usr/lib64/libcursor-shape-v1-client.so.0.0.0
7af75bfdd000-7af75bfde000 r-xp 00001000 08:01 26089374                   /home/toolchain/development/libc++_replacement/tmp/R11/extracted/6e/6ea88a8be40d0a02d31f2d7f5b7e998e43bda209403c740d6385dc2b6b965039/usr/lib64/libcursor-shape-v1-client.so.0.0.0
7af75bfde000-7af75bfdf000 r--p 00002000 08:01 26089374                   /home/toolchain/development/libc++_replacement/tmp/R11/extracted/6e/6ea88a8be40d0a02d31f2d7f5b7e998e43bda209403c740d6385dc2b6b965039/usr/lib64/libcursor-shape-v1-client.so.0.0.0
7af75bfdf000-7af75bfe0000 r--p 00002000 08:01 26089374                   /home/toolchain/development/libc++_replacement/tmp/R11/extracted/6e/6ea88a8be40d0a02d31f2d7f5b7e998e43bda209403c740d6385dc2b6b965039/usr/lib64/libcursor-shape-v1-client.so.0.0.0
7af75bfe0000-7af75bfe1000 rw-p 00003000 08:01 26089374                   /home/toolchain/development/libc++_replacement/tmp/R11/extracted/6e/6ea88a8be40d0a02d31f2d7f5b7e998e43bda209403c740d6385dc2b6b965039/usr/lib64/libcursor-shape-v1-client.so.0.0.0
7af75bfe1000-7af75bfe2000 r--p 00000000 08:01 26089388                   /home/toolchain/development/libc++_replacement/tmp/R11/extracted/6e/6ea88a8be40d0a02d31f2d7f5b7e998e43bda209403c740d6385dc2b6b965039/usr/lib64/libpointer-warp-v1-client.so.0.0.0
7af75bfe2000-7af75bfe3000 r-xp 00001000 08:01 26089388                   /home/toolchain/development/libc++_replacement/tmp/R11/extracted/6e/6ea88a8be40d0a02d31f2d7f5b7e998e43bda209403c740d6385dc2b6b965039/usr/lib64/libpointer-warp-v1-client.so.0.0.0
7af75bfe3000-7af75bfe4000 r--p 00002000 08:01 26089388                   /home/toolchain/development/libc++_replacement/tmp/R11/extracted/6e/6ea88a8be40d0a02d31f2d7f5b7e998e43bda209403c740d6385dc2b6b965039/usr/lib64/libpointer-warp-v1-client.so.0.0.0
7af75bfe4000-7af75bfe5000 r--p 00002000 08:01 26089388                   /home/toolchain/development/libc++_replacement/tmp/R11/extracted/6e/6ea88a8be40d0a02d31f2d7f5b7e998e43bda209403c740d6385dc2b6b965039/usr/lib64/libpointer-warp-v1-client.so.0.0.0
7af75bfe5000-7af75bfe6000 rw-p 00003000 08:01 26089388                   /home/toolchain/development/libc++_replacement/tmp/R11/extracted/6e/6ea88a8be40d0a02d31f2d7f5b7e998e43bda209403c740d6385dc2b6b965039/usr/lib64/libpointer-warp-v1-client.so.0.0.0
7af75bfe6000-7af75bfe7000 r--p 00000000 08:01 26089422                   /home/toolchain/development/libc++_replacement/tmp/R11/extracted/6e/6ea88a8be40d0a02d31f2d7f5b7e998e43bda209403c740d6385dc2b6b965039/usr/lib64/libwtz-blur-client.so.0.0.0
7af75bfe7000-7af75bfe8000 r-xp 00001000 08:01 26089422                   /home/toolchain/development/libc++_replacement/tmp/R11/extracted/6e/6ea88a8be40d0a02d31f2d7f5b7e998e43bda209403c740d6385dc2b6b965039/usr/lib64/libwtz-blur-client.so.0.0.0
7af75bfe8000-7af75bfe9000 r--p 00002000 08:01 26089422                   /home/toolchain/development/libc++_replacement/tmp/R11/extracted/6e/6ea88a8be40d0a02d31f2d7f5b7e998e43bda209403c740d6385dc2b6b965039/usr/lib64/libwtz-blur-client.so.0.0.0
7af75bfe9000-7af75bfea000 r--p 00002000 08:01 26089422                   /home/toolchain/development/libc++_replacement/tmp/R11/extracted/6e/6ea88a8be40d0a02d31f2d7f5b7e998e43bda209403c740d6385dc2b6b965039/usr/lib64/libwtz-blur-client.so.0.0.0
7af75bfea000-7af75bfeb000 rw-p 00003000 08:01 26089422                   /home/toolchain/development/libc++_replacement/tmp/R11/extracted/6e/6ea88a8be40d0a02d31f2d7f5b7e998e43bda209403c740d6385dc2b6b965039/usr/lib64/libwtz-blur-client.so.0.0.0
7af75bfeb000-7af75bfec000 r--p 00000000 08:01 26089384                   /home/toolchain/development/libc++_replacement/tmp/R11/extracted/6e/6ea88a8be40d0a02d31f2d7f5b7e998e43bda209403c740d6385dc2b6b965039/usr/lib64/libpointer-constraints-unstable-v1-client.so.0.0.0
7af75bfec000-7af75bfed000 r-xp 00001000 08:01 26089384                   /home/toolchain/development/libc++_replacement/tmp/R11/extracted/6e/6ea88a8be40d0a02d31f2d7f5b7e998e43bda209403c740d6385dc2b6b965039/usr/lib64/libpointer-constraints-unstable-v1-client.so.0.0.0
7af75bfed000-7af75bfee000 r--p 00002000 08:01 26089384                   /home/toolchain/development/libc++_replacement/tmp/R11/extracted/6e/6ea88a8be40d0a02d31f2d7f5b7e998e43bda209403c740d6385dc2b6b965039/usr/lib64/libpointer-constraints-unstable-v1-client.so.0.0.0
7af75bfee000-7af75bfef000 r--p 00002000 08:01 26089384                   /home/toolchain/development/libc++_replacement/tmp/R11/extracted/6e/6ea88a8be40d0a02d31f2d7f5b7e998e43bda209403c740d6385dc2b6b965039/usr/lib64/libpointer-constraints-unstable-v1-client.so.0.0.0
7af75bfef000-7af75bff0000 rw-p 00003000 08:01 26089384                   /home/toolchain/development/libc++_replacement/tmp/R11/extracted/6e/6ea88a8be40d0a02d31f2d7f5b7e998e43bda209403c740d6385dc2b6b965039/usr/lib64/libpointer-constraints-unstable-v1-client.so.0.0.0
7af75bff0000-7af75bff1000 r--p 00000000 08:01 26089392                   /home/toolchain/development/libc++_replacement/tmp/R11/extracted/6e/6ea88a8be40d0a02d31f2d7f5b7e998e43bda209403c740d6385dc2b6b965039/usr/lib64/librelative-pointer-unstable-v1-client.so.0.0.0
7af75bff1000-7af75bff2000 r-xp 00001000 08:01 26089392                   /home/toolchain/development/libc++_replacement/tmp/R11/extracted/6e/6ea88a8be40d0a02d31f2d7f5b7e998e43bda209403c740d6385dc2b6b965039/usr/lib64/librelative-pointer-unstable-v1-client.so.0.0.0
7af75bff2000-7af75bff3000 r--p 00002000 08:01 26089392                   /home/toolchain/development/libc++_replacement/tmp/R11/extracted/6e/6ea88a8be40d0a02d31f2d7f5b7e998e43bda209403c740d6385dc2b6b965039/usr/lib64/librelative-pointer-unstable-v1-client.so.0.0.0
7af75bff3000-7af75bff4000 r--p 00002000 08:01 26089392                   /home/toolchain/development/libc++_replacement/tmp/R11/extracted/6e/6ea88a8be40d0a02d31f2d7f5b7e998e43bda209403c740d6385dc2b6b965039/usr/lib64/librelative-pointer-unstable-v1-client.so.0.0.0
7af75bff4000-7af75bff5000 rw-p 00003000 08:01 26089392                   /home/toolchain/development/libc++_replacement/tmp/R11/extracted/6e/6ea88a8be40d0a02d31f2d7f5b7e998e43bda209403c740d6385dc2b6b965039/usr/lib64/librelative-pointer-unstable-v1-client.so.0.0.0
7af75bff5000-7af75bff6000 r--p 00000000 08:01 26089434                   /home/toolchain/development/libc++_replacement/tmp/R11/extracted/6e/6ea88a8be40d0a02d31f2d7f5b7e998e43bda209403c740d6385dc2b6b965039/usr/lib64/libwtz-video-shell-client.so.0.0.0
7af75bff6000-7af75bff7000 r-xp 00001000 08:01 26089434                   /home/toolchain/development/libc++_replacement/tmp/R11/extracted/6e/6ea88a8be40d0a02d31f2d7f5b7e998e43bda209403c740d6385dc2b6b965039/usr/lib64/libwtz-video-shell-client.so.0.0.0
7af75bff7000-7af75bff8000 r--p 00002000 08:01 26089434                   /home/toolchain/development/libc++_replacement/tmp/R11/extracted/6e/6ea88a8be40d0a02d31f2d7f5b7e998e43bda209403c740d6385dc2b6b965039/usr/lib64/libwtz-video-shell-client.so.0.0.0
7af75bff8000-7af75bff9000 r--p 00002000 08:01 26089434                   /home/toolchain/development/libc++_replacement/tmp/R11/extracted/6e/6ea88a8be40d0a02d31f2d7f5b7e998e43bda209403c740d6385dc2b6b965039/usr/lib64/libwtz-video-shell-client.so.0.0.0
7af75bff9000-7af75bffa000 rw-p 00003000 08:01 26089434                   /home/toolchain/development/libc++_replacement/tmp/R11/extracted/6e/6ea88a8be40d0a02d31f2d7f5b7e998e43bda209403c740d6385dc2b6b965039/usr/lib64/libwtz-video-shell-client.so.0.0.0
7af75bffa000-7af75bffb000 r--p 00000000 08:01 26089428                   /home/toolchain/development/libc++_replacement/tmp/R11/extracted/6e/6ea88a8be40d0a02d31f2d7f5b7e998e43bda209403c740d6385dc2b6b965039/usr/lib64/libwtz-screen-client.so.0.0.0
7af75bffb000-7af75bffc000 r-xp 00001000 08:01 26089428                   /home/toolchain/development/libc++_replacement/tmp/R11/extracted/6e/6ea88a8be40d0a02d31f2d7f5b7e998e43bda209403c740d6385dc2b6b965039/usr/lib64/libwtz-screen-client.so.0.0.0
7af75bffc000-7af75bffd000 r--p 00002000 08:01 26089428                   /home/toolchain/development/libc++_replacement/tmp/R11/extracted/6e/6ea88a8be40d0a02d31f2d7f5b7e998e43bda209403c740d6385dc2b6b965039/usr/lib64/libwtz-screen-client.so.0.0.0
7af75bffd000-7af75bffe000 r--p 00002000 08:01 26089428                   /home/toolchain/development/libc++_replacement/tmp/R11/extracted/6e/6ea88a8be40d0a02d31f2d7f5b7e998e43bda209403c740d6385dc2b6b965039/usr/lib64/libwtz-screen-client.so.0.0.0
7af75bffe000-7af75bfff000 rw-p 00003000 08:01 26089428                   /home/toolchain/development/libc++_replacement/tmp/R11/extracted/6e/6ea88a8be40d0a02d31f2d7f5b7e998e43bda209403c740d6385dc2b6b965039/usr/lib64/libwtz-screen-client.so.0.0.0
7af75bfff000-7af75c000000 r--p 00000000 08:01 26089430                   /home/toolchain/development/libc++_replacement/tmp/R11/extracted/6e/6ea88a8be40d0a02d31f2d7f5b7e998e43bda209403c740d6385dc2b6b965039/usr/lib64/libwtz-shell-client.so.0.0.0
7af75c000000-7af75c001000 r-xp 00001000 08:01 26089430                   /home/toolchain/development/libc++_replacement/tmp/R11/extracted/6e/6ea88a8be40d0a02d31f2d7f5b7e998e43bda209403c740d6385dc2b6b965039/usr/lib64/libwtz-shell-client.so.0.0.0
7af75c001000-7af75c002000 r--p 00002000 08:01 26089430                   /home/toolchain/development/libc++_replacement/tmp/R11/extracted/6e/6ea88a8be40d0a02d31f2d7f5b7e998e43bda209403c740d6385dc2b6b965039/usr/lib64/libwtz-shell-client.so.0.0.0
7af75c002000-7af75c003000 r--p 00002000 08:01 26089430                   /home/toolchain/development/libc++_replacement/tmp/R11/extracted/6e/6ea88a8be40d0a02d31f2d7f5b7e998e43bda209403c740d6385dc2b6b965039/usr/lib64/libwtz-shell-client.so.0.0.0
7af75c003000-7af75c004000 rw-p 00003000 08:01 26089430                   /home/toolchain/development/libc++_replacement/tmp/R11/extracted/6e/6ea88a8be40d0a02d31f2d7f5b7e998e43bda209403c740d6385dc2b6b965039/usr/lib64/libwtz-shell-client.so.0.0.0
7af75c004000-7af75c005000 r--p 00000000 08:01 26089424                   /home/toolchain/development/libc++_replacement/tmp/R11/extracted/6e/6ea88a8be40d0a02d31f2d7f5b7e998e43bda209403c740d6385dc2b6b965039/usr/lib64/libwtz-foreign-client.so.0.0.0
7af75c005000-7af75c006000 r-xp 00001000 08:01 26089424                   /home/toolchain/development/libc++_replacement/tmp/R11/extracted/6e/6ea88a8be40d0a02d31f2d7f5b7e998e43bda209403c740d6385dc2b6b965039/usr/lib64/libwtz-foreign-client.so.0.0.0
7af75c006000-7af75c007000 r--p 00002000 08:01 26089424                   /home/toolchain/development/libc++_replacement/tmp/R11/extracted/6e/6ea88a8be40d0a02d31f2d7f5b7e998e43bda209403c740d6385dc2b6b965039/usr/lib64/libwtz-foreign-client.so.0.0.0
7af75c007000-7af75c008000 r--p 00002000 08:01 26089424                   /home/toolchain/development/libc++_replacement/tmp/R11/extracted/6e/6ea88a8be40d0a02d31f2d7f5b7e998e43bda209403c740d6385dc2b6b965039/usr/lib64/libwtz-foreign-client.so.0.0.0
7af75c008000-7af75c009000 rw-p 00003000 08:01 26089424                   /home/toolchain/development/libc++_replacement/tmp/R11/extracted/6e/6ea88a8be40d0a02d31f2d7f5b7e998e43bda209403c740d6385dc2b6b965039/usr/lib64/libwtz-foreign-client.so.0.0.0
7af75c009000-7af75c00a000 r--p 00000000 08:01 26089412                   /home/toolchain/development/libc++_replacement/tmp/R11/extracted/6e/6ea88a8be40d0a02d31f2d7f5b7e998e43bda209403c740d6385dc2b6b965039/usr/lib64/libtizen-policy-ext-client.so.0.0.0
7af75c00a000-7af75c00b000 r-xp 00001000 08:01 26089412                   /home/toolchain/development/libc++_replacement/tmp/R11/extracted/6e/6ea88a8be40d0a02d31f2d7f5b7e998e43bda209403c740d6385dc2b6b965039/usr/lib64/libtizen-policy-ext-client.so.0.0.0
7af75c00b000-7af75c00c000 r--p 00002000 08:01 26089412                   /home/toolchain/development/libc++_replacement/tmp/R11/extracted/6e/6ea88a8be40d0a02d31f2d7f5b7e998e43bda209403c740d6385dc2b6b965039/usr/lib64/libtizen-policy-ext-client.so.0.0.0
7af75c00c000-7af75c00d000 r--p 00002000 08:01 26089412                   /home/toolchain/development/libc++_replacement/tmp/R11/extracted/6e/6ea88a8be40d0a02d31f2d7f5b7e998e43bda209403c740d6385dc2b6b965039/usr/lib64/libtizen-policy-ext-client.so.0.0.0
7af75c00d000-7af75c00e000 rw-p 00003000 08:01 26089412                   /home/toolchain/development/libc++_replacement/tmp/R11/extracted/6e/6ea88a8be40d0a02d31f2d7f5b7e998e43bda209403c740d6385dc2b6b965039/usr/lib64/libtizen-policy-ext-client.so.0.0.0
7af75c00e000-7af75c00f000 r--p 00000000 08:01 26089347                   /home/toolchain/development/libc++_replacement/tmp/R11/extracted/5a/5afc91d7bf6c28f598db986dc9d005287aa4ceef6566dcc7a305ff1d4d5e8179/usr/lib64/libwayland-egl-tizen.so.1.1.1
7af75c00f000-7af75c010000 r-xp 00001000 08:01 26089347                   /home/toolchain/development/libc++_replacement/tmp/R11/extracted/5a/5afc91d7bf6c28f598db986dc9d005287aa4ceef6566dcc7a305ff1d4d5e8179/usr/lib64/libwayland-egl-tizen.so.1.1.1
7af75c010000-7af75c011000 r--p 00002000 08:01 26089347                   /home/toolchain/development/libc++_replacement/tmp/R11/extracted/5a/5afc91d7bf6c28f598db986dc9d005287aa4ceef6566dcc7a305ff1d4d5e8179/usr/lib64/libwayland-egl-tizen.so.1.1.1
7af75c011000-7af75c012000 r--p 00002000 08:01 26089347                   /home/toolchain/development/libc++_replacement/tmp/R11/extracted/5a/5afc91d7bf6c28f598db986dc9d005287aa4ceef6566dcc7a305ff1d4d5e8179/usr/lib64/libwayland-egl-tizen.so.1.1.1
7af75c012000-7af75c013000 rw-p 00003000 08:01 26089347                   /home/toolchain/development/libc++_replacement/tmp/R11/extracted/5a/5afc91d7bf6c28f598db986dc9d005287aa4ceef6566dcc7a305ff1d4d5e8179/usr/lib64/libwayland-egl-tizen.so.1.1.1
7af75c013000-7af75c014000 r--p 00000000 08:01 26089337                   /home/toolchain/development/libc++_replacement/tmp/R11/extracted/00/0055166e13d1118471b93865ba1b7a7f84ccae724bcdc2aef7c21f8ed77962ba/usr/lib64/libwayland-egl.so.1.23.1
7af75c014000-7af75c015000 r-xp 00001000 08:01 26089337                   /home/toolchain/development/libc++_replacement/tmp/R11/extracted/00/0055166e13d1118471b93865ba1b7a7f84ccae724bcdc2aef7c21f8ed77962ba/usr/lib64/libwayland-egl.so.1.23.1
7af75c015000-7af75c016000 r--p 00002000 08:01 26089337                   /home/toolchain/development/libc++_replacement/tmp/R11/extracted/00/0055166e13d1118471b93865ba1b7a7f84ccae724bcdc2aef7c21f8ed77962ba/usr/lib64/libwayland-egl.so.1.23.1
7af75c016000-7af75c017000 r--p 00002000 08:01 26089337                   /home/toolchain/development/libc++_replacement/tmp/R11/extracted/00/0055166e13d1118471b93865ba1b7a7f84ccae724bcdc2aef7c21f8ed77962ba/usr/lib64/libwayland-egl.so.1.23.1
7af75c017000-7af75c018000 rw-p 00003000 08:01 26089337                   /home/toolchain/development/libc++_replacement/tmp/R11/extracted/00/0055166e13d1118471b93865ba1b7a7f84ccae724bcdc2aef7c21f8ed77962ba/usr/lib64/libwayland-egl.so.1.23.1
7af75c018000-7af75c01d000 r--p 00000000 08:01 26089541                   /home/toolchain/development/libc++_replacement/tmp/R11/extracted/db/db4b966802cb3915634ae7896c081666ae9deee75235ca3ede2331e542c09dab/usr/lib64/libwayland-tbm-client.so.0.0.0
7af75c01d000-7af75c023000 r-xp 00005000 08:01 26089541                   /home/toolchain/development/libc++_replacement/tmp/R11/extracted/db/db4b966802cb3915634ae7896c081666ae9deee75235ca3ede2331e542c09dab/usr/lib64/libwayland-tbm-client.so.0.0.0
7af75c023000-7af75c026000 r--p 0000b000 08:01 26089541                   /home/toolchain/development/libc++_replacement/tmp/R11/extracted/db/db4b966802cb3915634ae7896c081666ae9deee75235ca3ede2331e542c09dab/usr/lib64/libwayland-tbm-client.so.0.0.0
7af75c026000-7af75c027000 r--p 0000d000 08:01 26089541                   /home/toolchain/development/libc++_replacement/tmp/R11/extracted/db/db4b966802cb3915634ae7896c081666ae9deee75235ca3ede2331e542c09dab/usr/lib64/libwayland-tbm-client.so.0.0.0
7af75c027000-7af75c028000 rw-p 0000e000 08:01 26089541                   /home/toolchain/development/libc++_replacement/tmp/R11/extracted/db/db4b966802cb3915634ae7896c081666ae9deee75235ca3ede2331e542c09dab/usr/lib64/libwayland-tbm-client.so.0.0.0
7af75c028000-7af75c029000 r--p 00000000 08:01 26089410                   /home/toolchain/development/libc++_replacement/tmp/R11/extracted/6e/6ea88a8be40d0a02d31f2d7f5b7e998e43bda209403c740d6385dc2b6b965039/usr/lib64/libtizen-launch-client.so.0.0.0
7af75c029000-7af75c02a000 r-xp 00001000 08:01 26089410                   /home/toolchain/development/libc++_replacement/tmp/R11/extracted/6e/6ea88a8be40d0a02d31f2d7f5b7e998e43bda209403c740d6385dc2b6b965039/usr/lib64/libtizen-launch-client.so.0.0.0
7af75c02a000-7af75c02b000 r--p 00002000 08:01 26089410                   /home/toolchain/development/libc++_replacement/tmp/R11/extracted/6e/6ea88a8be40d0a02d31f2d7f5b7e998e43bda209403c740d6385dc2b6b965039/usr/lib64/libtizen-launch-client.so.0.0.0
7af75c02b000-7af75c02c000 r--p 00002000 08:01 26089410                   /home/toolchain/development/libc++_replacement/tmp/R11/extracted/6e/6ea88a8be40d0a02d31f2d7f5b7e998e43bda209403c740d6385dc2b6b965039/usr/lib64/libtizen-launch-client.so.0.0.0
7af75c02c000-7af75c02d000 rw-p 00003000 08:01 26089410                   /home/toolchain/development/libc++_replacement/tmp/R11/extracted/6e/6ea88a8be40d0a02d31f2d7f5b7e998e43bda209403c740d6385dc2b6b965039/usr/lib64/libtizen-launch-client.so.0.0.0
7af75c02d000-7af75c02f000 r--p 00000000 08:01 26089356                   /home/toolchain/development/libc++_replacement/tmp/R11/extracted/07/0767acbb2e3ddc092065b4cdd9936ac80b6f457cf3b2335e62a539e278c3ca69/usr/lib64/libwayland-cursor.so.0.23.1
7af75c02f000-7af75c031000 r-xp 00002000 08:01 26089356                   /home/toolchain/development/libc++_replacement/tmp/R11/extracted/07/0767acbb2e3ddc092065b4cdd9936ac80b6f457cf3b2335e62a539e278c3ca69/usr/lib64/libwayland-cursor.so.0.23.1
7af75c031000-7af75c032000 r--p 00004000 08:01 26089356                   /home/toolchain/development/libc++_replacement/tmp/R11/extracted/07/0767acbb2e3ddc092065b4cdd9936ac80b6f457cf3b2335e62a539e278c3ca69/usr/lib64/libwayland-cursor.so.0.23.1
7af75c032000-7af75c033000 r--p 00004000 08:01 26089356                   /home/toolchain/development/libc++_replacement/tmp/R11/extracted/07/0767acbb2e3ddc092065b4cdd9936ac80b6f457cf3b2335e62a539e278c3ca69/usr/lib64/libwayland-cursor.so.0.23.1
7af75c033000-7af75c037000 rw-p 00005000 08:01 26089356                   /home/toolchain/development/libc++_replacement/tmp/R11/extracted/07/0767acbb2e3ddc092065b4cdd9936ac80b6f457cf3b2335e62a539e278c3ca69/usr/lib64/libwayland-cursor.so.0.23.1
7af75c037000-7af75c03b000 r--p 00000000 08:01 26089881                   /home/toolchain/development/libc++_replacement/tmp/R11/extracted/f1/f1a3969d4a2882be0b61db1186a4109b8394178a1e3699d90e58cd344422a512/usr/lib64/libxkbcommon.so.0.8.0
7af75c03b000-7af75c057000 r-xp 00004000 08:01 26089881                   /home/toolchain/development/libc++_replacement/tmp/R11/extracted/f1/f1a3969d4a2882be0b61db1186a4109b8394178a1e3699d90e58cd344422a512/usr/lib64/libxkbcommon.so.0.8.0
7af75c057000-7af75c07b000 r--p 00020000 08:01 26089881                   /home/toolchain/development/libc++_replacement/tmp/R11/extracted/f1/f1a3969d4a2882be0b61db1186a4109b8394178a1e3699d90e58cd344422a512/usr/lib64/libxkbcommon.so.0.8.0
7af75c07b000-7af75c07d000 r--p 00043000 08:01 26089881                   /home/toolchain/development/libc++_replacement/tmp/R11/extracted/f1/f1a3969d4a2882be0b61db1186a4109b8394178a1e3699d90e58cd344422a512/usr/lib64/libxkbcommon.so.0.8.0
7af75c07d000-7af75c07e000 rw-p 00045000 08:01 26089881                   /home/toolchain/development/libc++_replacement/tmp/R11/extracted/f1/f1a3969d4a2882be0b61db1186a4109b8394178a1e3699d90e58cd344422a512/usr/lib64/libxkbcommon.so.0.8.0
7af75c07e000-7af75c07f000 r--p 00000000 08:01 26227807                   /home/toolchain/development/libc++_replacement/tmp/R11/extracted/4d/4da228978d81e4c19db3bf7269345aa354ab29a9666465bb5ba3dd3ad3b1eae1/usr/lib64/libttrace.so.1.1.0
7af75c07f000-7af75c081000 r-xp 00001000 08:01 26227807                   /home/toolchain/development/libc++_replacement/tmp/R11/extracted/4d/4da228978d81e4c19db3bf7269345aa354ab29a9666465bb5ba3dd3ad3b1eae1/usr/lib64/libttrace.so.1.1.0
7af75c081000-7af75c082000 r--p 00003000 08:01 26227807                   /home/toolchain/development/libc++_replacement/tmp/R11/extracted/4d/4da228978d81e4c19db3bf7269345aa354ab29a9666465bb5ba3dd3ad3b1eae1/usr/lib64/libttrace.so.1.1.0
7af75c082000-7af75c083000 r--p 00003000 08:01 26227807                   /home/toolchain/development/libc++_replacement/tmp/R11/extracted/4d/4da228978d81e4c19db3bf7269345aa354ab29a9666465bb5ba3dd3ad3b1eae1/usr/lib64/libttrace.so.1.1.0
7af75c083000-7af75c084000 rw-p 00004000 08:01 26227807                   /home/toolchain/development/libc++_replacement/tmp/R11/extracted/4d/4da228978d81e4c19db3bf7269345aa354ab29a9666465bb5ba3dd3ad3b1eae1/usr/lib64/libttrace.so.1.1.0
7af75c084000-7af75c097000 r--p 00000000 08:01 15782067                   /home/toolchain/development/libc++_replacement/tmp/R11/extracted/ea/ea57516154dcd8e5d53d3897197ea0f18eec700fd0ce8dbb05d799aabb4bbd5b/usr/lib64/hal/libhal-api-device.so.1.0.0
7af75c097000-7af75c0d9000 r-xp 00013000 08:01 15782067                   /home/toolchain/development/libc++_replacement/tmp/R11/extracted/ea/ea57516154dcd8e5d53d3897197ea0f18eec700fd0ce8dbb05d799aabb4bbd5b/usr/lib64/hal/libhal-api-device.so.1.0.0
7af75c0d9000-7af75c0f5000 r--p 00055000 08:01 15782067                   /home/toolchain/development/libc++_replacement/tmp/R11/extracted/ea/ea57516154dcd8e5d53d3897197ea0f18eec700fd0ce8dbb05d799aabb4bbd5b/usr/lib64/hal/libhal-api-device.so.1.0.0
7af75c0f5000-7af75c0f6000 r--p 00070000 08:01 15782067                   /home/toolchain/development/libc++_replacement/tmp/R11/extracted/ea/ea57516154dcd8e5d53d3897197ea0f18eec700fd0ce8dbb05d799aabb4bbd5b/usr/lib64/hal/libhal-api-device.so.1.0.0
7af75c0f6000-7af75c0f7000 rw-p 00071000 08:01 15782067                   /home/toolchain/development/libc++_replacement/tmp/R11/extracted/ea/ea57516154dcd8e5d53d3897197ea0f18eec700fd0ce8dbb05d799aabb4bbd5b/usr/lib64/hal/libhal-api-device.so.1.0.0
7af75c0f7000-7af75c0f8000 rw-p 00000000 00:00 0 
7af75c0f8000-7af75c0ff000 r--p 00000000 08:01 26088225                   /home/toolchain/development/libc++_replacement/tmp/R11/extracted/5b/5b6a63edf2d1d5c73e3ac3802e77f987f657f1d5b43e93bccdc78d42e2084c43/usr/lib64/libsyscommon.so.5.0.0
7af75c0ff000-7af75c109000 r-xp 00007000 08:01 26088225                   /home/toolchain/development/libc++_replacement/tmp/R11/extracted/5b/5b6a63edf2d1d5c73e3ac3802e77f987f657f1d5b43e93bccdc78d42e2084c43/usr/lib64/libsyscommon.so.5.0.0
7af75c109000-7af75c10d000 r--p 00011000 08:01 26088225                   /home/toolchain/development/libc++_replacement/tmp/R11/extracted/5b/5b6a63edf2d1d5c73e3ac3802e77f987f657f1d5b43e93bccdc78d42e2084c43/usr/lib64/libsyscommon.so.5.0.0
7af75c10d000-7af75c10e000 r--p 00014000 08:01 26088225                   /home/toolchain/development/libc++_replacement/tmp/R11/extracted/5b/5b6a63edf2d1d5c73e3ac3802e77f987f657f1d5b43e93bccdc78d42e2084c43/usr/lib64/libsyscommon.so.5.0.0
7af75c10e000-7af75c10f000 rw-p 00015000 08:01 26088225                   /home/toolchain/development/libc++_replacement/tmp/R11/extracted/5b/5b6a63edf2d1d5c73e3ac3802e77f987f657f1d5b43e93bccdc78d42e2084c43/usr/lib64/libsyscommon.so.5.0.0
7af75c10f000-7af75c110000 r--p 00000000 08:01 26088873                   /home/toolchain/development/libc++_replacement/tmp/R11/extracted/b8/b876fdb43f1f468c3de83a7d85402bc79395f131a169419e0cf3722fa02be367/usr/lib64/libtracker.so.1.0.1
7af75c110000-7af75c111000 r-xp 00001000 08:01 26088873                   /home/toolchain/development/libc++_replacement/tmp/R11/extracted/b8/b876fdb43f1f468c3de83a7d85402bc79395f131a169419e0cf3722fa02be367/usr/lib64/libtracker.so.1.0.1
7af75c111000-7af75c112000 r--p 00002000 08:01 26088873                   /home/toolchain/development/libc++_replacement/tmp/R11/extracted/b8/b876fdb43f1f468c3de83a7d85402bc79395f131a169419e0cf3722fa02be367/usr/lib64/libtracker.so.1.0.1
7af75c112000-7af75c113000 r--p 00002000 08:01 26088873                   /home/toolchain/development/libc++_replacement/tmp/R11/extracted/b8/b876fdb43f1f468c3de83a7d85402bc79395f131a169419e0cf3722fa02be367/usr/lib64/libtracker.so.1.0.1
7af75c113000-7af75c114000 rw-p 00003000 08:01 26088873                   /home/toolchain/development/libc++_replacement/tmp/R11/extracted/b8/b876fdb43f1f468c3de83a7d85402bc79395f131a169419e0cf3722fa02be367/usr/lib64/libtracker.so.1.0.1
7af75c114000-7af75c118000 r--p 00000000 08:01 26116416                   /home/toolchain/development/libc++_replacement/tmp/R11/extracted/86/86d9a9206d74a6e1dd48c0a316f39151012ac7a427cd8f40c3e0e300d67b5f3a/usr/lib64/libparcel.so.0.18.15
7af75c118000-7af75c11b000 r-xp 00004000 08:01 26116416                   /home/toolchain/development/libc++_replacement/tmp/R11/extracted/86/86d9a9206d74a6e1dd48c0a316f39151012ac7a427cd8f40c3e0e300d67b5f3a/usr/lib64/libparcel.so.0.18.15
7af75c11b000-7af75c11d000 r--p 00007000 08:01 26116416                   /home/toolchain/development/libc++_replacement/tmp/R11/extracted/86/86d9a9206d74a6e1dd48c0a316f39151012ac7a427cd8f40c3e0e300d67b5f3a/usr/lib64/libparcel.so.0.18.15
7af75c11d000-7af75c11e000 r--p 00008000 08:01 26116416                   /home/toolchain/development/libc++_replacement/tmp/R11/extracted/86/86d9a9206d74a6e1dd48c0a316f39151012ac7a427cd8f40c3e0e300d67b5f3a/usr/lib64/libparcel.so.0.18.15
7af75c11e000-7af75c11f000 rw-p 00009000 08:01 26116416                   /home/toolchain/development/libc++_replacement/tmp/R11/extracted/86/86d9a9206d74a6e1dd48c0a316f39151012ac7a427cd8f40c3e0e300d67b5f3a/usr/lib64/libparcel.so.0.18.15
7af75c11f000-7af75c120000 r--p 00000000 08:01 26084017                   /home/toolchain/development/libc++_replacement/tmp/R11/extracted/ab/abe64de1eaaa918ce34acbaf53c36fb29ea71258354282c23d2701519ba512f3/usr/lib64/libcynara-uid.so.0.26.0
7af75c120000-7af75c121000 r-xp 00001000 08:01 26084017                   /home/toolchain/development/libc++_replacement/tmp/R11/extracted/ab/abe64de1eaaa918ce34acbaf53c36fb29ea71258354282c23d2701519ba512f3/usr/lib64/libcynara-uid.so.0.26.0
7af75c121000-7af75c122000 r--p 00002000 08:01 26084017                   /home/toolchain/development/libc++_replacement/tmp/R11/extracted/ab/abe64de1eaaa918ce34acbaf53c36fb29ea71258354282c23d2701519ba512f3/usr/lib64/libcynara-uid.so.0.26.0
7af75c122000-7af75c123000 r--p 00002000 08:01 26084017                   /home/toolchain/development/libc++_replacement/tmp/R11/extracted/ab/abe64de1eaaa918ce34acbaf53c36fb29ea71258354282c23d2701519ba512f3/usr/lib64/libcynara-uid.so.0.26.0
7af75c123000-7af75c124000 rw-p 00003000 08:01 26084017                   /home/toolchain/development/libc++_replacement/tmp/R11/extracted/ab/abe64de1eaaa918ce34acbaf53c36fb29ea71258354282c23d2701519ba512f3/usr/lib64/libcynara-uid.so.0.26.0
7af75c124000-7af75c125000 r--p 00000000 08:01 25823764                   /home/toolchain/development/libc++_replacement/tmp/R11/extracted/a8/a82c4e40bb6224028e1f89107c4f86d1f45c2412a883d1146a0103833af32fd6/usr/lib64/libcapi-system-resource.so.1.0.0
7af75c125000-7af75c126000 r-xp 00001000 08:01 25823764                   /home/toolchain/development/libc++_replacement/tmp/R11/extracted/a8/a82c4e40bb6224028e1f89107c4f86d1f45c2412a883d1146a0103833af32fd6/usr/lib64/libcapi-system-resource.so.1.0.0
7af75c126000-7af75c127000 r--p 00002000 08:01 25823764                   /home/toolchain/development/libc++_replacement/tmp/R11/extracted/a8/a82c4e40bb6224028e1f89107c4f86d1f45c2412a883d1146a0103833af32fd6/usr/lib64/libcapi-system-resource.so.1.0.0
7af75c127000-7af75c128000 r--p 00002000 08:01 25823764                   /home/toolchain/development/libc++_replacement/tmp/R11/extracted/a8/a82c4e40bb6224028e1f89107c4f86d1f45c2412a883d1146a0103833af32fd6/usr/lib64/libcapi-system-resource.so.1.0.0
7af75c128000-7af75c129000 rw-p 00003000 08:01 25823764                   /home/toolchain/development/libc++_replacement/tmp/R11/extracted/a8/a82c4e40bb6224028e1f89107c4f86d1f45c2412a883d1146a0103833af32fd6/usr/lib64/libcapi-system-resource.so.1.0.0
7af75c129000-7af75c12c000 r--p 00000000 08:01 15519039                   /home/toolchain/development/libc++_replacement/tmp/R11/extracted/7d/7d250dd65fbe312b3f97881b937acac106630317fb8241377730e8f864df8590/usr/lib64/libpcre2-8.so.0.15.0
7af75c12c000-7af75c191000 r-xp 00003000 08:01 15519039                   /home/toolchain/development/libc++_replacement/tmp/R11/extracted/7d/7d250dd65fbe312b3f97881b937acac106630317fb8241377730e8f864df8590/usr/lib64/libpcre2-8.so.0.15.0
7af75c191000-7af75c1bc000 r--p 00068000 08:01 15519039                   /home/toolchain/development/libc++_replacement/tmp/R11/extracted/7d/7d250dd65fbe312b3f97881b937acac106630317fb8241377730e8f864df8590/usr/lib64/libpcre2-8.so.0.15.0
7af75c1bc000-7af75c1bd000 r--p 00092000 08:01 15519039                   /home/toolchain/development/libc++_replacement/tmp/R11/extracted/7d/7d250dd65fbe312b3f97881b937acac106630317fb8241377730e8f864df8590/usr/lib64/libpcre2-8.so.0.15.0
7af75c1bd000-7af75c1be000 rw-p 00093000 08:01 15519039                   /home/toolchain/development/libc++_replacement/tmp/R11/extracted/7d/7d250dd65fbe312b3f97881b937acac106630317fb8241377730e8f864df8590/usr/lib64/libpcre2-8.so.0.15.0
7af75c1be000-7af75c1cb000 r--p 00000000 08:01 26119151                   /home/toolchain/development/libc++_replacement/tmp/R11/extracted/32/32f8a5d949493eb83b9ecc4d8870197d9cfe218cec9f52a6b8da7ebc2508aad1/usr/lib64/libpkgmgr-client.so.0.23.1
7af75c1cb000-7af75c1f0000 r-xp 0000d000 08:01 26119151                   /home/toolchain/development/libc++_replacement/tmp/R11/extracted/32/32f8a5d949493eb83b9ecc4d8870197d9cfe218cec9f52a6b8da7ebc2508aad1/usr/lib64/libpkgmgr-client.so.0.23.1
7af75c1f0000-7af75c1fe000 r--p 00032000 08:01 26119151                   /home/toolchain/development/libc++_replacement/tmp/R11/extracted/32/32f8a5d949493eb83b9ecc4d8870197d9cfe218cec9f52a6b8da7ebc2508aad1/usr/lib64/libpkgmgr-client.so.0.23.1
7af75c1fe000-7af75c1ff000 r--p 00040000 08:01 26119151                   /home/toolchain/development/libc++_replacement/tmp/R11/extracted/32/32f8a5d949493eb83b9ecc4d8870197d9cfe218cec9f52a6b8da7ebc2508aad1/usr/lib64/libpkgmgr-client.so.0.23.1
7af75c1ff000-7af75c200000 rw-p 00041000 08:01 26119151                   /home/toolchain/development/libc++_replacement/tmp/R11/extracted/32/32f8a5d949493eb83b9ecc4d8870197d9cfe218cec9f52a6b8da7ebc2508aad1/usr/lib64/libpkgmgr-client.so.0.23.1
7af75c200000-7af75c201000 r--p 00000000 08:01 23624262                   /home/toolchain/development/libc++_replacement/tmp/R11/extracted/ff/ff59991b5cf650e0726c6f54af329bf9fbe7fd36f9f7c42dda22ca9742225e79/usr/lib64/libsharpyuv.so.0.1.0
7af75c201000-7af75c206000 r-xp 00001000 08:01 23624262                   /home/toolchain/development/libc++_replacement/tmp/R11/extracted/ff/ff59991b5cf650e0726c6f54af329bf9fbe7fd36f9f7c42dda22ca9742225e79/usr/lib64/libsharpyuv.so.0.1.0
7af75c206000-7af75c207000 r--p 00006000 08:01 23624262                   /home/toolchain/development/libc++_replacement/tmp/R11/extracted/ff/ff59991b5cf650e0726c6f54af329bf9fbe7fd36f9f7c42dda22ca9742225e79/usr/lib64/libsharpyuv.so.0.1.0
7af75c207000-7af75c208000 r--p 00006000 08:01 23624262                   /home/toolchain/development/libc++_replacement/tmp/R11/extracted/ff/ff59991b5cf650e0726c6f54af329bf9fbe7fd36f9f7c42dda22ca9742225e79/usr/lib64/libsharpyuv.so.0.1.0
7af75c208000-7af75c209000 rw-p 00007000 08:01 23624262                   /home/toolchain/development/libc++_replacement/tmp/R11/extracted/ff/ff59991b5cf650e0726c6f54af329bf9fbe7fd36f9f7c42dda22ca9742225e79/usr/lib64/libsharpyuv.so.0.1.0
7af75c209000-7af75c20a000 rw-p 00000000 00:00 0 
7af75c20a000-7af75c20b000 r--p 00000000 08:01 26005200                   /home/toolchain/development/libc++_replacement/tmp/R11/extracted/9b/9b1b05c9f8128ab3b94caeec9a690f5aa7601a187ad3e19597fe69eb5fd16ed4/usr/lib64/libbrotlicommon.so.1.1.0
7af75c20b000-7af75c20c000 r-xp 00001000 08:01 26005200                   /home/toolchain/development/libc++_replacement/tmp/R11/extracted/9b/9b1b05c9f8128ab3b94caeec9a690f5aa7601a187ad3e19597fe69eb5fd16ed4/usr/lib64/libbrotlicommon.so.1.1.0
7af75c20c000-7af75c22b000 r--p 00002000 08:01 26005200                   /home/toolchain/development/libc++_replacement/tmp/R11/extracted/9b/9b1b05c9f8128ab3b94caeec9a690f5aa7601a187ad3e19597fe69eb5fd16ed4/usr/lib64/libbrotlicommon.so.1.1.0
7af75c22b000-7af75c22c000 r--p 00021000 08:01 26005200                   /home/toolchain/development/libc++_replacement/tmp/R11/extracted/9b/9b1b05c9f8128ab3b94caeec9a690f5aa7601a187ad3e19597fe69eb5fd16ed4/usr/lib64/libbrotlicommon.so.1.1.0
7af75c22c000-7af75c22d000 rw-p 00022000 08:01 26005200                   /home/toolchain/development/libc++_replacement/tmp/R11/extracted/9b/9b1b05c9f8128ab3b94caeec9a690f5aa7601a187ad3e19597fe69eb5fd16ed4/usr/lib64/libbrotlicommon.so.1.1.0
7af75c22d000-7af75c23e000 r--p 00000000 08:01 26088451                   /home/toolchain/development/libc++_replacement/tmp/R11/extracted/3b/3b0aaa783ede91ab165509b8c3b0c749099cd0c919cb5183731feae59edc3c57/usr/lib64/libsystemd.so.0.27.1
7af75c23e000-7af75c2ac000 r-xp 00011000 08:01 26088451                   /home/toolchain/development/libc++_replacement/tmp/R11/extracted/3b/3b0aaa783ede91ab165509b8c3b0c749099cd0c919cb5183731feae59edc3c57/usr/lib64/libsystemd.so.0.27.1
7af75c2ac000-7af75c2e8000 r--p 0007f000 08:01 26088451                   /home/toolchain/development/libc++_replacement/tmp/R11/extracted/3b/3b0aaa783ede91ab165509b8c3b0c749099cd0c919cb5183731feae59edc3c57/usr/lib64/libsystemd.so.0.27.1
7af75c2e8000-7af75c2ec000 r--p 000ba000 08:01 26088451                   /home/toolchain/development/libc++_replacement/tmp/R11/extracted/3b/3b0aaa783ede91ab165509b8c3b0c749099cd0c919cb5183731feae59edc3c57/usr/lib64/libsystemd.so.0.27.1
7af75c2ec000-7af75c2ed000 rw-p 000be000 08:01 26088451                   /home/toolchain/development/libc++_replacement/tmp/R11/extracted/3b/3b0aaa783ede91ab165509b8c3b0c749099cd0c919cb5183731feae59edc3c57/usr/lib64/libsystemd.so.0.27.1
7af75c2ed000-7af75c2ee000 rw-p 00000000 00:00 0 
7af75c2ee000-7af75c2f8000 r--p 00000000 08:01 26119114                   /home/toolchain/development/libc++_replacement/tmp/R11/extracted/27/27ec88e1ca62912814cec5fd69802fced7542855d9f811b38194c0aed74c7fb4/usr/lib64/libpixman-1.so.0.38.4
7af75c2f8000-7af75c36a000 r-xp 0000a000 08:01 26119114                   /home/toolchain/development/libc++_replacement/tmp/R11/extracted/27/27ec88e1ca62912814cec5fd69802fced7542855d9f811b38194c0aed74c7fb4/usr/lib64/libpixman-1.so.0.38.4
7af75c36a000-7af75c378000 r--p 0007c000 08:01 26119114                   /home/toolchain/development/libc++_replacement/tmp/R11/extracted/27/27ec88e1ca62912814cec5fd69802fced7542855d9f811b38194c0aed74c7fb4/usr/lib64/libpixman-1.so.0.38.4
7af75c378000-7af75c380000 r--p 00089000 08:01 26119114                   /home/toolchain/development/libc++_replacement/tmp/R11/extracted/27/27ec88e1ca62912814cec5fd69802fced7542855d9f811b38194c0aed74c7fb4/usr/lib64/libpixman-1.so.0.38.4
7af75c380000-7af75c381000 rw-p 00091000 08:01 26119114                   /home/toolchain/development/libc++_replacement/tmp/R11/extracted/27/27ec88e1ca62912814cec5fd69802fced7542855d9f811b38194c0aed74c7fb4/usr/lib64/libpixman-1.so.0.38.4
7af75c381000-7af75c388000 r--p 00000000 08:01 26089526                   /home/toolchain/development/libc++_replacement/tmp/R11/extracted/fb/fb3083a3f30a8f2d170dd0973ba315b8405542acf7eca67e2e509d0312e63872/usr/lib64/libwayland-server.so.0.23.1
7af75c388000-7af75c390000 r-xp 00007000 08:01 26089526                   /home/toolchain/development/libc++_replacement/tmp/R11/extracted/fb/fb3083a3f30a8f2d170dd0973ba315b8405542acf7eca67e2e509d0312e63872/usr/lib64/libwayland-server.so.0.23.1
7af75c390000-7af75c395000 r--p 0000f000 08:01 26089526                   /home/toolchain/development/libc++_replacement/tmp/R11/extracted/fb/fb3083a3f30a8f2d170dd0973ba315b8405542acf7eca67e2e509d0312e63872/usr/lib64/libwayland-server.so.0.23.1
7af75c395000-7af75c397000 r--p 00013000 08:01 26089526                   /home/toolchain/development/libc++_replacement/tmp/R11/extracted/fb/fb3083a3f30a8f2d170dd0973ba315b8405542acf7eca67e2e509d0312e63872/usr/lib64/libwayland-server.so.0.23.1
7af75c397000-7af75c398000 rw-p 00015000 08:01 26089526                   /home/toolchain/development/libc++_replacement/tmp/R11/extracted/fb/fb3083a3f30a8f2d170dd0973ba315b8405542acf7eca67e2e509d0312e63872/usr/lib64/libwayland-server.so.0.23.1
7af75c398000-7af75c39d000 r--p 00000000 08:01 23620893                   /home/toolchain/development/libc++_replacement/tmp/R11/extracted/27/27790395513c771a19fc9313c1b659aedfb932af999bbfa6acb65505290811fd/usr/lib64/libdrm.so.2.131.0
7af75c39d000-7af75c3a6000 r-xp 00005000 08:01 23620893                   /home/toolchain/development/libc++_replacement/tmp/R11/extracted/27/27790395513c771a19fc9313c1b659aedfb932af999bbfa6acb65505290811fd/usr/lib64/libdrm.so.2.131.0
7af75c3a6000-7af75c3aa000 r--p 0000e000 08:01 23620893                   /home/toolchain/development/libc++_replacement/tmp/R11/extracted/27/27790395513c771a19fc9313c1b659aedfb932af999bbfa6acb65505290811fd/usr/lib64/libdrm.so.2.131.0
7af75c3aa000-7af75c3ab000 r--p 00012000 08:01 23620893                   /home/toolchain/development/libc++_replacement/tmp/R11/extracted/27/27790395513c771a19fc9313c1b659aedfb932af999bbfa6acb65505290811fd/usr/lib64/libdrm.so.2.131.0
7af75c3ab000-7af75c3ac000 rw-p 00013000 08:01 23620893                   /home/toolchain/development/libc++_replacement/tmp/R11/extracted/27/27790395513c771a19fc9313c1b659aedfb932af999bbfa6acb65505290811fd/usr/lib64/libdrm.so.2.131.0
7af75c3ac000-7af75c3ae000 r--p 00000000 08:01 25977975                   /home/toolchain/development/libc++_replacement/tmp/R11/extracted/a8/a8819aea63da55c4f0c49599f1947c129924372a67347c7bbf3dbf647a33ec09/usr/lib64/hal/libhal-api-tbm.so.1.1
7af75c3ae000-7af75c3b1000 r-xp 00002000 08:01 25977975                   /home/toolchain/development/libc++_replacement/tmp/R11/extracted/a8/a8819aea63da55c4f0c49599f1947c129924372a67347c7bbf3dbf647a33ec09/usr/lib64/hal/libhal-api-tbm.so.1.1
7af75c3b1000-7af75c3b2000 r--p 00005000 08:01 25977975                   /home/toolchain/development/libc++_replacement/tmp/R11/extracted/a8/a8819aea63da55c4f0c49599f1947c129924372a67347c7bbf3dbf647a33ec09/usr/lib64/hal/libhal-api-tbm.so.1.1
7af75c3b2000-7af75c3b3000 r--p 00005000 08:01 25977975                   /home/toolchain/development/libc++_replacement/tmp/R11/extracted/a8/a8819aea63da55c4f0c49599f1947c129924372a67347c7bbf3dbf647a33ec09/usr/lib64/hal/libhal-api-tbm.so.1.1
7af75c3b3000-7af75c3b4000 rw-p 00006000 08:01 25977975                   /home/toolchain/development/libc++_replacement/tmp/R11/extracted/a8/a8819aea63da55c4f0c49599f1947c129924372a67347c7bbf3dbf647a33ec09/usr/lib64/hal/libhal-api-tbm.so.1.1
7af75c3b4000-7af75c3b5000 r--p 00000000 08:01 26086361                   /home/toolchain/development/libc++_replacement/tmp/R11/extracted/54/54cd3d5fbbf2c43d1181e14b984e9bf87fd8f50975da2a32c526bf7b99d5c317/usr/lib64/libmmfdisplay_interface.so.0.0.0
7af75c3b5000-7af75c3b7000 r-xp 00001000 08:01 26086361                   /home/toolchain/development/libc++_replacement/tmp/R11/extracted/54/54cd3d5fbbf2c43d1181e14b984e9bf87fd8f50975da2a32c526bf7b99d5c317/usr/lib64/libmmfdisplay_interface.so.0.0.0
7af75c3b7000-7af75c3b8000 r--p 00003000 08:01 26086361                   /home/toolchain/development/libc++_replacement/tmp/R11/extracted/54/54cd3d5fbbf2c43d1181e14b984e9bf87fd8f50975da2a32c526bf7b99d5c317/usr/lib64/libmmfdisplay_interface.so.0.0.0
7af75c3b8000-7af75c3b9000 r--p 00003000 08:01 26086361                   /home/toolchain/development/libc++_replacement/tmp/R11/extracted/54/54cd3d5fbbf2c43d1181e14b984e9bf87fd8f50975da2a32c526bf7b99d5c317/usr/lib64/libmmfdisplay_interface.so.0.0.0
7af75c3b9000-7af75c3ba000 rw-p 00004000 08:01 26086361                   /home/toolchain/development/libc++_replacement/tmp/R11/extracted/54/54cd3d5fbbf2c43d1181e14b984e9bf87fd8f50975da2a32c526bf7b99d5c317/usr/lib64/libmmfdisplay_interface.so.0.0.0
7af75c3ba000-7af75c3bd000 r--p 00000000 08:01 26092018                   /home/toolchain/development/libc++_replacement/tmp/R11/extracted/81/810168d4f73fa589e05aeee81dc54450cbf957f7fc51c0cb5b4830a6024aa4b5/usr/lib64/libmuse-core.so.0.5.1
7af75c3bd000-7af75c3c1000 r-xp 00003000 08:01 26092018                   /home/toolchain/development/libc++_replacement/tmp/R11/extracted/81/810168d4f73fa589e05aeee81dc54450cbf957f7fc51c0cb5b4830a6024aa4b5/usr/lib64/libmuse-core.so.0.5.1
7af75c3c1000-7af75c3c3000 r--p 00007000 08:01 26092018                   /home/toolchain/development/libc++_replacement/tmp/R11/extracted/81/810168d4f73fa589e05aeee81dc54450cbf957f7fc51c0cb5b4830a6024aa4b5/usr/lib64/libmuse-core.so.0.5.1
7af75c3c3000-7af75c3c4000 r--p 00008000 08:01 26092018                   /home/toolchain/development/libc++_replacement/tmp/R11/extracted/81/810168d4f73fa589e05aeee81dc54450cbf957f7fc51c0cb5b4830a6024aa4b5/usr/lib64/libmuse-core.so.0.5.1
7af75c3c4000-7af75c3c5000 rw-p 00009000 08:01 26092018                   /home/toolchain/development/libc++_replacement/tmp/R11/extracted/81/810168d4f73fa589e05aeee81dc54450cbf957f7fc51c0cb5b4830a6024aa4b5/usr/lib64/libmuse-core.so.0.5.1
7af75c3c5000-7af75c3c7000 r--p 00000000 08:01 26092016                   /home/toolchain/development/libc++_replacement/tmp/R11/extracted/81/810168d4f73fa589e05aeee81dc54450cbf957f7fc51c0cb5b4830a6024aa4b5/usr/lib64/libmuse-client.so.0.5.1
7af75c3c7000-7af75c3c8000 r-xp 00002000 08:01 26092016                   /home/toolchain/development/libc++_replacement/tmp/R11/extracted/81/810168d4f73fa589e05aeee81dc54450cbf957f7fc51c0cb5b4830a6024aa4b5/usr/lib64/libmuse-client.so.0.5.1
7af75c3c8000-7af75c3c9000 r--p 00003000 08:01 26092016                   /home/toolchain/development/libc++_replacement/tmp/R11/extracted/81/810168d4f73fa589e05aeee81dc54450cbf957f7fc51c0cb5b4830a6024aa4b5/usr/lib64/libmuse-client.so.0.5.1
7af75c3c9000-7af75c3ca000 r--p 00003000 08:01 26092016                   /home/toolchain/development/libc++_replacement/tmp/R11/extracted/81/810168d4f73fa589e05aeee81dc54450cbf957f7fc51c0cb5b4830a6024aa4b5/usr/lib64/libmuse-client.so.0.5.1
7af75c3ca000-7af75c3cb000 rw-p 00004000 08:01 26092016                   /home/toolchain/development/libc++_replacement/tmp/R11/extracted/81/810168d4f73fa589e05aeee81dc54450cbf957f7fc51c0cb5b4830a6024aa4b5/usr/lib64/libmuse-client.so.0.5.1
7af75c3cb000-7af75c408000 r--p 00000000 08:01 26085380                   /home/toolchain/development/libc++_replacement/tmp/R11/extracted/e9/e940e836ede47e0ddf93cf6964e9ecf1f0b4ce7c35fa42fa15644c6cabac385d/usr/lib64/libgio-2.0.so.0.8000.5
7af75c408000-7af75c4f7000 r-xp 0003d000 08:01 26085380                   /home/toolchain/development/libc++_replacement/tmp/R11/extracted/e9/e940e836ede47e0ddf93cf6964e9ecf1f0b4ce7c35fa42fa15644c6cabac385d/usr/lib64/libgio-2.0.so.0.8000.5
7af75c4f7000-7af75c56a000 r--p 0012c000 08:01 26085380                   /home/toolchain/development/libc++_replacement/tmp/R11/extracted/e9/e940e836ede47e0ddf93cf6964e9ecf1f0b4ce7c35fa42fa15644c6cabac385d/usr/lib64/libgio-2.0.so.0.8000.5
7af75c56a000-7af75c571000 r--p 0019f000 08:01 26085380                   /home/toolchain/development/libc++_replacement/tmp/R11/extracted/e9/e940e836ede47e0ddf93cf6964e9ecf1f0b4ce7c35fa42fa15644c6cabac385d/usr/lib64/libgio-2.0.so.0.8000.5
7af75c571000-7af75c574000 rw-p 001a6000 08:01 26085380                   /home/toolchain/development/libc++_replacement/tmp/R11/extracted/e9/e940e836ede47e0ddf93cf6964e9ecf1f0b4ce7c35fa42fa15644c6cabac385d/usr/lib64/libgio-2.0.so.0.8000.5
7af75c574000-7af75c575000 rw-p 00000000 00:00 0 
7af75c575000-7af75c578000 r--p 00000000 08:01 25821235                   /home/toolchain/development/libc++_replacement/tmp/R11/extracted/1e/1eaf1a7cdd2450d7f7700221f3735cb6d7872050657f731a8fe3a9915b225563/usr/lib64/libbuxton2.so.1.9.14
7af75c578000-7af75c580000 r-xp 00003000 08:01 25821235                   /home/toolchain/development/libc++_replacement/tmp/R11/extracted/1e/1eaf1a7cdd2450d7f7700221f3735cb6d7872050657f731a8fe3a9915b225563/usr/lib64/libbuxton2.so.1.9.14
7af75c580000-7af75c583000 r--p 0000b000 08:01 25821235                   /home/toolchain/development/libc++_replacement/tmp/R11/extracted/1e/1eaf1a7cdd2450d7f7700221f3735cb6d7872050657f731a8fe3a9915b225563/usr/lib64/libbuxton2.so.1.9.14
7af75c583000-7af75c584000 r--p 0000d000 08:01 25821235                   /home/toolchain/development/libc++_replacement/tmp/R11/extracted/1e/1eaf1a7cdd2450d7f7700221f3735cb6d7872050657f731a8fe3a9915b225563/usr/lib64/libbuxton2.so.1.9.14
7af75c584000-7af75c585000 rw-p 0000e000 08:01 25821235                   /home/toolchain/development/libc++_replacement/tmp/R11/extracted/1e/1eaf1a7cdd2450d7f7700221f3735cb6d7872050657f731a8fe3a9915b225563/usr/lib64/libbuxton2.so.1.9.14
7af75c585000-7af75c58d000 r--p 00000000 08:01 25839020                   /home/toolchain/development/libc++_replacement/tmp/R11/extracted/4a/4a4b557807fc34798ad0cd03cbf25933efbbd20adbbd8a5e1b38326251eef356/usr/lib64/libeio.so.1.25.1
7af75c58d000-7af75c59d000 r-xp 00008000 08:01 25839020                   /home/toolchain/development/libc++_replacement/tmp/R11/extracted/4a/4a4b557807fc34798ad0cd03cbf25933efbbd20adbbd8a5e1b38326251eef356/usr/lib64/libeio.so.1.25.1
7af75c59d000-7af75c5a3000 r--p 00018000 08:01 25839020                   /home/toolchain/development/libc++_replacement/tmp/R11/extracted/4a/4a4b557807fc34798ad0cd03cbf25933efbbd20adbbd8a5e1b38326251eef356/usr/lib64/libeio.so.1.25.1
7af75c5a3000-7af75c5a4000 r--p 0001d000 08:01 25839020                   /home/toolchain/development/libc++_replacement/tmp/R11/extracted/4a/4a4b557807fc34798ad0cd03cbf25933efbbd20adbbd8a5e1b38326251eef356/usr/lib64/libeio.so.1.25.1
7af75c5a4000-7af75c5a5000 rw-p 0001e000 08:01 25839020                   /home/toolchain/development/libc++_replacement/tmp/R11/extracted/4a/4a4b557807fc34798ad0cd03cbf25933efbbd20adbbd8a5e1b38326251eef356/usr/lib64/libeio.so.1.25.1
7af75c5a5000-7af75c5ac000 r--p 00000000 08:01 25841991                   /home/toolchain/development/libc++_replacement/tmp/R11/extracted/85/8593668a2047d3875440ac697a9504b995034fbbf6617f9ac8baf46212921460/usr/lib64/libemotion.so.1.25.1
7af75c5ac000-7af75c5b6000 r-xp 00007000 08:01 25841991                   /home/toolchain/development/libc++_replacement/tmp/R11/extracted/85/8593668a2047d3875440ac697a9504b995034fbbf6617f9ac8baf46212921460/usr/lib64/libemotion.so.1.25.1
7af75c5b6000-7af75c5bc000 r--p 00011000 08:01 25841991                   /home/toolchain/development/libc++_replacement/tmp/R11/extracted/85/8593668a2047d3875440ac697a9504b995034fbbf6617f9ac8baf46212921460/usr/lib64/libemotion.so.1.25.1
7af75c5bc000-7af75c5bd000 r--p 00017000 08:01 25841991                   /home/toolchain/development/libc++_replacement/tmp/R11/extracted/85/8593668a2047d3875440ac697a9504b995034fbbf6617f9ac8baf46212921460/usr/lib64/libemotion.so.1.25.1
7af75c5bd000-7af75c5be000 rw-p 00018000 08:01 25841991                   /home/toolchain/development/libc++_replacement/tmp/R11/extracted/85/8593668a2047d3875440ac697a9504b995034fbbf6617f9ac8baf46212921460/usr/lib64/libemotion.so.1.25.1
7af75c5be000-7af75c5c1000 r--p 00000000 08:01 25869257                   /home/toolchain/development/libc++_replacement/tmp/R11/extracted/41/416d01db4ad75a8a452cfe82485dd4a95b731df556354dc1373b5c5653af4be8/usr/lib64/libethumb_client.so.1.25.1
7af75c5c1000-7af75c5c5000 r-xp 00003000 08:01 25869257                   /home/toolchain/development/libc++_replacement/tmp/R11/extracted/41/416d01db4ad75a8a452cfe82485dd4a95b731df556354dc1373b5c5653af4be8/usr/lib64/libethumb_client.so.1.25.1
7af75c5c5000-7af75c5c7000 r--p 00007000 08:01 25869257                   /home/toolchain/development/libc++_replacement/tmp/R11/extracted/41/416d01db4ad75a8a452cfe82485dd4a95b731df556354dc1373b5c5653af4be8/usr/lib64/libethumb_client.so.1.25.1
7af75c5c7000-7af75c5c8000 r--p 00008000 08:01 25869257                   /home/toolchain/development/libc++_replacement/tmp/R11/extracted/41/416d01db4ad75a8a452cfe82485dd4a95b731df556354dc1373b5c5653af4be8/usr/lib64/libethumb_client.so.1.25.1
7af75c5c8000-7af75c5c9000 rw-p 00009000 08:01 25869257                   /home/toolchain/development/libc++_replacement/tmp/R11/extracted/41/416d01db4ad75a8a452cfe82485dd4a95b731df556354dc1373b5c5653af4be8/usr/lib64/libethumb_client.so.1.25.1
7af75c5c9000-7af75c5e5000 r--p 00000000 08:01 25834962                   /home/toolchain/development/libc++_replacement/tmp/R11/extracted/f8/f8e22b05dba8a911adfe63a87320d40944eb87aebc4fd1f1a24350bad3463285/usr/lib64/libecore_con.so.1.25.1
7af75c5e5000-7af75c62c000 r-xp 0001c000 08:01 25834962                   /home/toolchain/development/libc++_replacement/tmp/R11/extracted/f8/f8e22b05dba8a911adfe63a87320d40944eb87aebc4fd1f1a24350bad3463285/usr/lib64/libecore_con.so.1.25.1
7af75c62c000-7af75c64c000 r--p 00063000 08:01 25834962                   /home/toolchain/development/libc++_replacement/tmp/R11/extracted/f8/f8e22b05dba8a911adfe63a87320d40944eb87aebc4fd1f1a24350bad3463285/usr/lib64/libecore_con.so.1.25.1
7af75c64c000-7af75c651000 r--p 00082000 08:01 25834962                   /home/toolchain/development/libc++_replacement/tmp/R11/extracted/f8/f8e22b05dba8a911adfe63a87320d40944eb87aebc4fd1f1a24350bad3463285/usr/lib64/libecore_con.so.1.25.1
7af75c651000-7af75c652000 rw-p 00087000 08:01 25834962                   /home/toolchain/development/libc++_replacement/tmp/R11/extracted/f8/f8e22b05dba8a911adfe63a87320d40944eb87aebc4fd1f1a24350bad3463285/usr/lib64/libecore_con.so.1.25.1
7af75c652000-7af75c653000 rw-p 00000000 00:00 0 
7af75c653000-7af75c657000 r--p 00000000 08:01 25834877                   /home/toolchain/development/libc++_replacement/tmp/R11/extracted/97/9717950ffaa8d6903b969c62e88c9d346585aed2321c2406293e8d512b454aec/usr/lib64/libecore_audio.so.1.25.1
7af75c657000-7af75c65d000 r-xp 00004000 08:01 25834877                   /home/toolchain/development/libc++_replacement/tmp/R11/extracted/97/9717950ffaa8d6903b969c62e88c9d346585aed2321c2406293e8d512b454aec/usr/lib64/libecore_audio.so.1.25.1
7af75c65d000-7af75c660000 r--p 0000a000 08:01 25834877                   /home/toolchain/development/libc++_replacement/tmp/R11/extracted/97/9717950ffaa8d6903b969c62e88c9d346585aed2321c2406293e8d512b454aec/usr/lib64/libecore_audio.so.1.25.1
7af75c660000-7af75c661000 r--p 0000d000 08:01 25834877                   /home/toolchain/development/libc++_replacement/tmp/R11/extracted/97/9717950ffaa8d6903b969c62e88c9d346585aed2321c2406293e8d512b454aec/usr/lib64/libecore_audio.so.1.25.1
7af75c661000-7af75c662000 rw-p 0000e000 08:01 25834877                   /home/toolchain/development/libc++_replacement/tmp/R11/extracted/97/9717950ffaa8d6903b969c62e88c9d346585aed2321c2406293e8d512b454aec/usr/lib64/libecore_audio.so.1.25.1
7af75c662000-7af75c669000 r--p 00000000 08:01 25838718                   /home/toolchain/development/libc++_replacement/tmp/R11/extracted/1c/1c018d0d6c83eff939ad61b356cb8c4e1fbbc5aa92fa3fb7940ba9b4e2ea74bc/usr/lib64/libefreet.so.1.25.1
7af75c669000-7af75c67f000 r-xp 00007000 08:01 25838718                   /home/toolchain/development/libc++_replacement/tmp/R11/extracted/1c/1c018d0d6c83eff939ad61b356cb8c4e1fbbc5aa92fa3fb7940ba9b4e2ea74bc/usr/lib64/libefreet.so.1.25.1
7af75c67f000-7af75c686000 r--p 0001d000 08:01 25838718                   /home/toolchain/development/libc++_replacement/tmp/R11/extracted/1c/1c018d0d6c83eff939ad61b356cb8c4e1fbbc5aa92fa3fb7940ba9b4e2ea74bc/usr/lib64/libefreet.so.1.25.1
7af75c686000-7af75c687000 r--p 00024000 08:01 25838718                   /home/toolchain/development/libc++_replacement/tmp/R11/extracted/1c/1c018d0d6c83eff939ad61b356cb8c4e1fbbc5aa92fa3fb7940ba9b4e2ea74bc/usr/lib64/libefreet.so.1.25.1
7af75c687000-7af75c688000 rw-p 00025000 08:01 25838718                   /home/toolchain/development/libc++_replacement/tmp/R11/extracted/1c/1c018d0d6c83eff939ad61b356cb8c4e1fbbc5aa92fa3fb7940ba9b4e2ea74bc/usr/lib64/libefreet.so.1.25.1
7af75c688000-7af75c689000 rw-p 00000000 00:00 0 
7af75c689000-7af75c68d000 r--p 00000000 08:01 25841874                   /home/toolchain/development/libc++_replacement/tmp/R11/extracted/93/937dff2a3aa0bd0389e3bef9adaa4b76950cd5d5253233517084cebf801a3893/usr/lib64/libembryo.so.1.25.1
7af75c68d000-7af75c692000 r-xp 00004000 08:01 25841874                   /home/toolchain/development/libc++_replacement/tmp/R11/extracted/93/937dff2a3aa0bd0389e3bef9adaa4b76950cd5d5253233517084cebf801a3893/usr/lib64/libembryo.so.1.25.1
7af75c692000-7af75c694000 r--p 00009000 08:01 25841874                   /home/toolchain/development/libc++_replacement/tmp/R11/extracted/93/937dff2a3aa0bd0389e3bef9adaa4b76950cd5d5253233517084cebf801a3893/usr/lib64/libembryo.so.1.25.1
7af75c694000-7af75c695000 r--p 0000b000 08:01 25841874                   /home/toolchain/development/libc++_replacement/tmp/R11/extracted/93/937dff2a3aa0bd0389e3bef9adaa4b76950cd5d5253233517084cebf801a3893/usr/lib64/libembryo.so.1.25.1
7af75c695000-7af75c696000 rw-p 0000c000 08:01 25841874                   /home/toolchain/development/libc++_replacement/tmp/R11/extracted/93/937dff2a3aa0bd0389e3bef9adaa4b76950cd5d5253233517084cebf801a3893/usr/lib64/libembryo.so.1.25.1
7af75c696000-7af75c697000 r--p 00000000 08:01 25345794                   /home/toolchain/development/libc++_replacement/tmp/R11/extracted/f1/f17d337c85addd0a99315e1cbb6a1af911fdd00bcc7bcb50fa5cdb35ae488e02/usr/lib64/libecore_imf_evas.so.1.25.1
7af75c697000-7af75c698000 r-xp 00001000 08:01 25345794                   /home/toolchain/development/libc++_replacement/tmp/R11/extracted/f1/f17d337c85addd0a99315e1cbb6a1af911fdd00bcc7bcb50fa5cdb35ae488e02/usr/lib64/libecore_imf_evas.so.1.25.1
7af75c698000-7af75c699000 r--p 00002000 08:01 25345794                   /home/toolchain/development/libc++_replacement/tmp/R11/extracted/f1/f17d337c85addd0a99315e1cbb6a1af911fdd00bcc7bcb50fa5cdb35ae488e02/usr/lib64/libecore_imf_evas.so.1.25.1
7af75c699000-7af75c69a000 r--p 00002000 08:01 25345794                   /home/toolchain/development/libc++_replacement/tmp/R11/extracted/f1/f17d337c85addd0a99315e1cbb6a1af911fdd00bcc7bcb50fa5cdb35ae488e02/usr/lib64/libecore_imf_evas.so.1.25.1
7af75c69a000-7af75c69b000 rw-p 00003000 08:01 25345794                   /home/toolchain/development/libc++_replacement/tmp/R11/extracted/f1/f17d337c85addd0a99315e1cbb6a1af911fdd00bcc7bcb50fa5cdb35ae488e02/usr/lib64/libecore_imf_evas.so.1.25.1
7af75c69b000-7af75c69e000 r--p 00000000 08:01 25835076                   /home/toolchain/development/libc++_replacement/tmp/R11/extracted/e4/e450587a399727062221f9af6565fea508840d1dc24dbbb5b5d685ad726d617e/usr/lib64/libecore_file.so.1.25.1
7af75c69e000-7af75c6a1000 r-xp 00003000 08:01 25835076                   /home/toolchain/development/libc++_replacement/tmp/R11/extracted/e4/e450587a399727062221f9af6565fea508840d1dc24dbbb5b5d685ad726d617e/usr/lib64/libecore_file.so.1.25.1
7af75c6a1000-7af75c6a3000 r--p 00006000 08:01 25835076                   /home/toolchain/development/libc++_replacement/tmp/R11/extracted/e4/e450587a399727062221f9af6565fea508840d1dc24dbbb5b5d685ad726d617e/usr/lib64/libecore_file.so.1.25.1
7af75c6a3000-7af75c6a4000 r--p 00007000 08:01 25835076                   /home/toolchain/development/libc++_replacement/tmp/R11/extracted/e4/e450587a399727062221f9af6565fea508840d1dc24dbbb5b5d685ad726d617e/usr/lib64/libecore_file.so.1.25.1
7af75c6a4000-7af75c6a5000 rw-p 00008000 08:01 25835076                   /home/toolchain/development/libc++_replacement/tmp/R11/extracted/e4/e450587a399727062221f9af6565fea508840d1dc24dbbb5b5d685ad726d617e/usr/lib64/libecore_file.so.1.25.1
7af75c6a5000-7af75c6aa000 r--p 00000000 08:01 25837082                   /home/toolchain/development/libc++_replacement/tmp/R11/extracted/a1/a1e1bb605d98f60d10bc89df35f4aec65e772e1795e21b84692cc87bfb934f22/usr/lib64/libeeze.so.1.25.1
7af75c6aa000-7af75c6b1000 r-xp 00005000 08:01 25837082                   /home/toolchain/development/libc++_replacement/tmp/R11/extracted/a1/a1e1bb605d98f60d10bc89df35f4aec65e772e1795e21b84692cc87bfb934f22/usr/lib64/libeeze.so.1.25.1
7af75c6b1000-7af75c6b4000 r--p 0000c000 08:01 25837082                   /home/toolchain/development/libc++_replacement/tmp/R11/extracted/a1/a1e1bb605d98f60d10bc89df35f4aec65e772e1795e21b84692cc87bfb934f22/usr/lib64/libeeze.so.1.25.1
7af75c6b4000-7af75c6b5000 r--p 0000f000 08:01 25837082                   /home/toolchain/development/libc++_replacement/tmp/R11/extracted/a1/a1e1bb605d98f60d10bc89df35f4aec65e772e1795e21b84692cc87bfb934f22/usr/lib64/libeeze.so.1.25.1
7af75c6b5000-7af75c6b6000 rw-p 00010000 08:01 25837082                   /home/toolchain/development/libc++_replacement/tmp/R11/extracted/a1/a1e1bb605d98f60d10bc89df35f4aec65e772e1795e21b84692cc87bfb934f22/usr/lib64/libeeze.so.1.25.1
7af75c6b6000-7af75c6b9000 r--p 00000000 08:01 25835143                   /home/toolchain/development/libc++_replacement/tmp/R11/extracted/02/0245c6c3ad3344a194507d791061f62240be372ab249331fa7edd20e4215040a/usr/lib64/libecore_input_evas.so.1.25.1
7af75c6b9000-7af75c6bb000 r-xp 00003000 08:01 25835143                   /home/toolchain/development/libc++_replacement/tmp/R11/extracted/02/0245c6c3ad3344a194507d791061f62240be372ab249331fa7edd20e4215040a/usr/lib64/libecore_input_evas.so.1.25.1
7af75c6bb000-7af75c6bc000 r--p 00005000 08:01 25835143                   /home/toolchain/development/libc++_replacement/tmp/R11/extracted/02/0245c6c3ad3344a194507d791061f62240be372ab249331fa7edd20e4215040a/usr/lib64/libecore_input_evas.so.1.25.1
7af75c6bc000-7af75c6bd000 r--p 00005000 08:01 25835143                   /home/toolchain/development/libc++_replacement/tmp/R11/extracted/02/0245c6c3ad3344a194507d791061f62240be372ab249331fa7edd20e4215040a/usr/lib64/libecore_input_evas.so.1.25.1
7af75c6bd000-7af75c6be000 rw-p 00006000 08:01 25835143                   /home/toolchain/development/libc++_replacement/tmp/R11/extracted/02/0245c6c3ad3344a194507d791061f62240be372ab249331fa7edd20e4215040a/usr/lib64/libecore_input_evas.so.1.25.1
7af75c6be000-7af75c6c9000 r--p 00000000 08:01 26085642                   /home/toolchain/development/libc++_replacement/tmp/R11/extracted/4c/4ccd3f58cfedc62bfefbd09c834da30f55b9c7dc09f1e8e9a2ad70ce96c68026/usr/lib64/libharfbuzz.so.0.60822.0
7af75c6c9000-7af75c755000 r-xp 0000b000 08:01 26085642                   /home/toolchain/development/libc++_replacement/tmp/R11/extracted/4c/4ccd3f58cfedc62bfefbd09c834da30f55b9c7dc09f1e8e9a2ad70ce96c68026/usr/lib64/libharfbuzz.so.0.60822.0
7af75c755000-7af75c795000 r--p 00097000 08:01 26085642                   /home/toolchain/development/libc++_replacement/tmp/R11/extracted/4c/4ccd3f58cfedc62bfefbd09c834da30f55b9c7dc09f1e8e9a2ad70ce96c68026/usr/lib64/libharfbuzz.so.0.60822.0
7af75c795000-7af75c796000 r--p 000d7000 08:01 26085642                   /home/toolchain/development/libc++_replacement/tmp/R11/extracted/4c/4ccd3f58cfedc62bfefbd09c834da30f55b9c7dc09f1e8e9a2ad70ce96c68026/usr/lib64/libharfbuzz.so.0.60822.0
7af75c796000-7af75c797000 rw-p 000d8000 08:01 26085642                   /home/toolchain/development/libc++_replacement/tmp/R11/extracted/4c/4ccd3f58cfedc62bfefbd09c834da30f55b9c7dc09f1e8e9a2ad70ce96c68026/usr/lib64/libharfbuzz.so.0.60822.0
7af75c797000-7af75c798000 rw-p 00000000 00:00 0 
7af75c798000-7af75c799000 r--p 00000000 08:01 26085747                   /home/toolchain/development/libc++_replacement/tmp/R11/extracted/43/43f64317f522937911b8338c4a359fcae003597542cab1b4275cdfd7db444c7f/usr/lib64/libhyphen.so.0.3.0
7af75c799000-7af75c79c000 r-xp 00001000 08:01 26085747                   /home/toolchain/development/libc++_replacement/tmp/R11/extracted/43/43f64317f522937911b8338c4a359fcae003597542cab1b4275cdfd7db444c7f/usr/lib64/libhyphen.so.0.3.0
7af75c79c000-7af75c79d000 r--p 00004000 08:01 26085747                   /home/toolchain/development/libc++_replacement/tmp/R11/extracted/43/43f64317f522937911b8338c4a359fcae003597542cab1b4275cdfd7db444c7f/usr/lib64/libhyphen.so.0.3.0
7af75c79d000-7af75c79e000 r--p 00004000 08:01 26085747                   /home/toolchain/development/libc++_replacement/tmp/R11/extracted/43/43f64317f522937911b8338c4a359fcae003597542cab1b4275cdfd7db444c7f/usr/lib64/libhyphen.so.0.3.0
7af75c79e000-7af75c79f000 rw-p 00005000 08:01 26085747                   /home/toolchain/development/libc++_replacement/tmp/R11/extracted/43/43f64317f522937911b8338c4a359fcae003597542cab1b4275cdfd7db444c7f/usr/lib64/libhyphen.so.0.3.0
7af75c79f000-7af75c7a1000 r--p 00000000 08:01 23598645                   /home/toolchain/development/libc++_replacement/tmp/R11/extracted/e8/e83a03d6c8a40e2e653dac1f944c39a08aca9a1e5dfa36547af2ba04fd76a584/usr/lib64/libfribidi.so.0.4.0
7af75c7a1000-7af75c7a5000 r-xp 00002000 08:01 23598645                   /home/toolchain/development/libc++_replacement/tmp/R11/extracted/e8/e83a03d6c8a40e2e653dac1f944c39a08aca9a1e5dfa36547af2ba04fd76a584/usr/lib64/libfribidi.so.0.4.0
7af75c7a5000-7af75c7ba000 r--p 00006000 08:01 23598645                   /home/toolchain/development/libc++_replacement/tmp/R11/extracted/e8/e83a03d6c8a40e2e653dac1f944c39a08aca9a1e5dfa36547af2ba04fd76a584/usr/lib64/libfribidi.so.0.4.0
7af75c7ba000-7af75c7bb000 r--p 0001a000 08:01 23598645                   /home/toolchain/development/libc++_replacement/tmp/R11/extracted/e8/e83a03d6c8a40e2e653dac1f944c39a08aca9a1e5dfa36547af2ba04fd76a584/usr/lib64/libfribidi.so.0.4.0
7af75c7bb000-7af75c7bc000 rw-p 0001b000 08:01 23598645                   /home/toolchain/development/libc++_replacement/tmp/R11/extracted/e8/e83a03d6c8a40e2e653dac1f944c39a08aca9a1e5dfa36547af2ba04fd76a584/usr/lib64/libfribidi.so.0.4.0
7af75c7bc000-7af75c7c1000 r--p 00000000 08:01 26090887                   /home/toolchain/development/libc++_replacement/tmp/R11/extracted/ad/adf4ec7a2b42179c08787df29643b76959484fb2d8082da784c557f760ff1e30/usr/lib64/librlottie.so.0.2
7af75c7c1000-7af75c7ef000 r-xp 00005000 08:01 26090887                   /home/toolchain/development/libc++_replacement/tmp/R11/extracted/ad/adf4ec7a2b42179c08787df29643b76959484fb2d8082da784c557f760ff1e30/usr/lib64/librlottie.so.0.2
7af75c7ef000-7af75c7f5000 r--p 00033000 08:01 26090887                   /home/toolchain/development/libc++_replacement/tmp/R11/extracted/ad/adf4ec7a2b42179c08787df29643b76959484fb2d8082da784c557f760ff1e30/usr/lib64/librlottie.so.0.2
7af75c7f5000-7af75c7f6000 r--p 00038000 08:01 26090887                   /home/toolchain/development/libc++_replacement/tmp/R11/extracted/ad/adf4ec7a2b42179c08787df29643b76959484fb2d8082da784c557f760ff1e30/usr/lib64/librlottie.so.0.2
7af75c7f6000-7af75c7f7000 rw-p 00039000 08:01 26090887                   /home/toolchain/development/libc++_replacement/tmp/R11/extracted/ad/adf4ec7a2b42179c08787df29643b76959484fb2d8082da784c557f760ff1e30/usr/lib64/librlottie.so.0.2
7af75c7f7000-7af75c807000 r--p 00000000 08:01 26224767                   /home/toolchain/development/libc++_replacement/tmp/R11/extracted/6c/6c6e8d30039b7d845b2318486eeea4958f7c78c8fe906eac647084f14b01b688/usr/lib64/libthorvg.so.1.0.7
7af75c807000-7af75c85a000 r-xp 00010000 08:01 26224767                   /home/toolchain/development/libc++_replacement/tmp/R11/extracted/6c/6c6e8d30039b7d845b2318486eeea4958f7c78c8fe906eac647084f14b01b688/usr/lib64/libthorvg.so.1.0.7
7af75c85a000-7af75c85d000 r--p 00063000 08:01 26224767                   /home/toolchain/development/libc++_replacement/tmp/R11/extracted/6c/6c6e8d30039b7d845b2318486eeea4958f7c78c8fe906eac647084f14b01b688/usr/lib64/libthorvg.so.1.0.7
7af75c85d000-7af75c860000 r--p 00066000 08:01 26224767                   /home/toolchain/development/libc++_replacement/tmp/R11/extracted/6c/6c6e8d30039b7d845b2318486eeea4958f7c78c8fe906eac647084f14b01b688/usr/lib64/libthorvg.so.1.0.7
7af75c860000-7af75c861000 rw-p 00069000 08:01 26224767                   /home/toolchain/development/libc++_replacement/tmp/R11/extracted/6c/6c6e8d30039b7d845b2318486eeea4958f7c78c8fe906eac647084f14b01b688/usr/lib64/libthorvg.so.1.0.7
7af75c861000-7af75c86a000 r--p 00000000 08:01 14724237                   /home/toolchain/development/libc++_replacement/tmp/R11/extracted/82/829c76f2244979cbaeed773d878d05c7a4bbb9bef3bb9bea5b5ec0be035af892/usr/lib64/liblua.so.5.1
7af75c86a000-7af75c882000 r-xp 00009000 08:01 14724237                   /home/toolchain/development/libc++_replacement/tmp/R11/extracted/82/829c76f2244979cbaeed773d878d05c7a4bbb9bef3bb9bea5b5ec0be035af892/usr/lib64/liblua.so.5.1
7af75c882000-7af75c88b000 r--p 00021000 08:01 14724237                   /home/toolchain/development/libc++_replacement/tmp/R11/extracted/82/829c76f2244979cbaeed773d878d05c7a4bbb9bef3bb9bea5b5ec0be035af892/usr/lib64/liblua.so.5.1
7af75c88b000-7af75c88d000 r--p 00029000 08:01 14724237                   /home/toolchain/development/libc++_replacement/tmp/R11/extracted/82/829c76f2244979cbaeed773d878d05c7a4bbb9bef3bb9bea5b5ec0be035af892/usr/lib64/liblua.so.5.1
7af75c88d000-7af75c88e000 rw-p 0002b000 08:01 14724237                   /home/toolchain/development/libc++_replacement/tmp/R11/extracted/82/829c76f2244979cbaeed773d878d05c7a4bbb9bef3bb9bea5b5ec0be035af892/usr/lib64/liblua.so.5.1
7af75c88e000-7af75c894000 r--p 00000000 08:01 25837053                   /home/toolchain/development/libc++_replacement/tmp/R11/extracted/46/4697dee8ce7cddc6b73f6fd60e00ed6cf4a2722bf9a73aa23dcb348203114846/usr/lib64/libeet.so.1.25.1
7af75c894000-7af75c8a9000 r-xp 00006000 08:01 25837053                   /home/toolchain/development/libc++_replacement/tmp/R11/extracted/46/4697dee8ce7cddc6b73f6fd60e00ed6cf4a2722bf9a73aa23dcb348203114846/usr/lib64/libeet.so.1.25.1
7af75c8a9000-7af75c8b0000 r--p 0001b000 08:01 25837053                   /home/toolchain/development/libc++_replacement/tmp/R11/extracted/46/4697dee8ce7cddc6b73f6fd60e00ed6cf4a2722bf9a73aa23dcb348203114846/usr/lib64/libeet.so.1.25.1
7af75c8b0000-7af75c8b1000 r--p 00021000 08:01 25837053                   /home/toolchain/development/libc++_replacement/tmp/R11/extracted/46/4697dee8ce7cddc6b73f6fd60e00ed6cf4a2722bf9a73aa23dcb348203114846/usr/lib64/libeet.so.1.25.1
7af75c8b1000-7af75c8b2000 rw-p 00022000 08:01 25837053                   /home/toolchain/development/libc++_replacement/tmp/R11/extracted/46/4697dee8ce7cddc6b73f6fd60e00ed6cf4a2722bf9a73aa23dcb348203114846/usr/lib64/libeet.so.1.25.1
7af75c8b2000-7af75c8ba000 rw-p 00000000 00:00 0 
7af75c8ba000-7af75c8bf000 r--p 00000000 08:01 25841955                   /home/toolchain/development/libc++_replacement/tmp/R11/extracted/a0/a00aee94db4dfdda09717ca195e67c5cfba7caae0932ccf6c4df97efa6615010/usr/lib64/libemile.so.1.25.1
7af75c8bf000-7af75c8e2000 r-xp 00005000 08:01 25841955                   /home/toolchain/development/libc++_replacement/tmp/R11/extracted/a0/a00aee94db4dfdda09717ca195e67c5cfba7caae0932ccf6c4df97efa6615010/usr/lib64/libemile.so.1.25.1
7af75c8e2000-7af75c8e8000 r--p 00028000 08:01 25841955                   /home/toolchain/development/libc++_replacement/tmp/R11/extracted/a0/a00aee94db4dfdda09717ca195e67c5cfba7caae0932ccf6c4df97efa6615010/usr/lib64/libemile.so.1.25.1
7af75c8e8000-7af75c8e9000 r--p 0002d000 08:01 25841955                   /home/toolchain/development/libc++_replacement/tmp/R11/extracted/a0/a00aee94db4dfdda09717ca195e67c5cfba7caae0932ccf6c4df97efa6615010/usr/lib64/libemile.so.1.25.1
7af75c8e9000-7af75c8ea000 rw-p 0002e000 08:01 25841955                   /home/toolchain/development/libc++_replacement/tmp/R11/extracted/a0/a00aee94db4dfdda09717ca195e67c5cfba7caae0932ccf6c4df97efa6615010/usr/lib64/libemile.so.1.25.1
7af75c8ea000-7af75c8f2000 rw-p 00000000 00:00 0 
7af75c8f2000-7af75c8f4000 r--p 00000000 08:01 25836061                   /home/toolchain/development/libc++_replacement/tmp/R11/extracted/89/89f50617a349ff4bd32cbbf2cbf74fdddff1140aaff38e26154ed17667ad4a01/usr/lib64/libector.so.1.25.1
7af75c8f4000-7af75c8fd000 r-xp 00002000 08:01 25836061                   /home/toolchain/development/libc++_replacement/tmp/R11/extracted/89/89f50617a349ff4bd32cbbf2cbf74fdddff1140aaff38e26154ed17667ad4a01/usr/lib64/libector.so.1.25.1
7af75c8fd000-7af75c901000 r--p 0000b000 08:01 25836061                   /home/toolchain/development/libc++_replacement/tmp/R11/extracted/89/89f50617a349ff4bd32cbbf2cbf74fdddff1140aaff38e26154ed17667ad4a01/usr/lib64/libector.so.1.25.1
7af75c901000-7af75c902000 r--p 0000e000 08:01 25836061                   /home/toolchain/development/libc++_replacement/tmp/R11/extracted/89/89f50617a349ff4bd32cbbf2cbf74fdddff1140aaff38e26154ed17667ad4a01/usr/lib64/libector.so.1.25.1
7af75c902000-7af75c903000 rw-p 0000f000 08:01 25836061                   /home/toolchain/development/libc++_replacement/tmp/R11/extracted/89/89f50617a349ff4bd32cbbf2cbf74fdddff1140aaff38e26154ed17667ad4a01/usr/lib64/libector.so.1.25.1
7af75c903000-7af75c90b000 rw-p 00000000 00:00 0 
7af75c90b000-7af75c923000 r--p 00000000 08:01 25837129                   /home/toolchain/development/libc++_replacement/tmp/R11/extracted/8d/8d0ef0801e89c4a4abf0bb15318bae80a14e648bb2e5a4d6554c9de752d628c2/usr/lib64/libefl.so.1.25.1
7af75c923000-7af75c951000 r-xp 00018000 08:01 25837129                   /home/toolchain/development/libc++_replacement/tmp/R11/extracted/8d/8d0ef0801e89c4a4abf0bb15318bae80a14e648bb2e5a4d6554c9de752d628c2/usr/lib64/libefl.so.1.25.1
7af75c951000-7af75c965000 r--p 00046000 08:01 25837129                   /home/toolchain/development/libc++_replacement/tmp/R11/extracted/8d/8d0ef0801e89c4a4abf0bb15318bae80a14e648bb2e5a4d6554c9de752d628c2/usr/lib64/libefl.so.1.25.1
7af75c965000-7af75c96b000 r--p 00059000 08:01 25837129                   /home/toolchain/development/libc++_replacement/tmp/R11/extracted/8d/8d0ef0801e89c4a4abf0bb15318bae80a14e648bb2e5a4d6554c9de752d628c2/usr/lib64/libefl.so.1.25.1
7af75c96b000-7af75c96c000 rw-p 0005f000 08:01 25837129                   /home/toolchain/development/libc++_replacement/tmp/R11/extracted/8d/8d0ef0801e89c4a4abf0bb15318bae80a14e648bb2e5a4d6554c9de752d628c2/usr/lib64/libefl.so.1.25.1
7af75c96c000-7af75c96d000 rw-p 00000000 00:00 0 
7af75c96d000-7af75c973000 r--p 00000000 08:01 25844052                   /home/toolchain/development/libc++_replacement/tmp/R11/extracted/f1/f1dcf451e8f2e546cadcdfb1ff56e27d70bc7bba08da957752cf3586f98b980c/usr/lib64/libeo.so.1.25.1
7af75c973000-7af75c983000 r-xp 00006000 08:01 25844052                   /home/toolchain/development/libc++_replacement/tmp/R11/extracted/f1/f1dcf451e8f2e546cadcdfb1ff56e27d70bc7bba08da957752cf3586f98b980c/usr/lib64/libeo.so.1.25.1
7af75c983000-7af75c989000 r--p 00016000 08:01 25844052                   /home/toolchain/development/libc++_replacement/tmp/R11/extracted/f1/f1dcf451e8f2e546cadcdfb1ff56e27d70bc7bba08da957752cf3586f98b980c/usr/lib64/libeo.so.1.25.1
7af75c989000-7af75c98a000 r--p 0001c000 08:01 25844052                   /home/toolchain/development/libc++_replacement/tmp/R11/extracted/f1/f1dcf451e8f2e546cadcdfb1ff56e27d70bc7bba08da957752cf3586f98b980c/usr/lib64/libeo.so.1.25.1
7af75c98a000-7af75c98b000 rw-p 0001d000 08:01 25844052                   /home/toolchain/development/libc++_replacement/tmp/R11/extracted/f1/f1dcf451e8f2e546cadcdfb1ff56e27d70bc7bba08da957752cf3586f98b980c/usr/lib64/libeo.so.1.25.1
7af75c98b000-7af75c9c5000 r--p 00000000 08:01 26231355                   /home/toolchain/development/libc++_replacement/tmp/R11/extracted/d3/d3b3b800db11b0a27151bb3236d9c9f59bc7fb8dfc914eb769dc2b943f665518/usr/lib64/libwgt-manifest-handlers.so.1.11.1
7af75c9c5000-7af75ca20000 r-xp 0003a000 08:01 26231355                   /home/toolchain/development/libc++_replacement/tmp/R11/extracted/d3/d3b3b800db11b0a27151bb3236d9c9f59bc7fb8dfc914eb769dc2b943f665518/usr/lib64/libwgt-manifest-handlers.so.1.11.1
7af75ca20000-7af75ca35000 r--p 00095000 08:01 26231355                   /home/toolchain/development/libc++_replacement/tmp/R11/extracted/d3/d3b3b800db11b0a27151bb3236d9c9f59bc7fb8dfc914eb769dc2b943f665518/usr/lib64/libwgt-manifest-handlers.so.1.11.1
7af75ca35000-7af75ca38000 r--p 000aa000 08:01 26231355                   /home/toolchain/development/libc++_replacement/tmp/R11/extracted/d3/d3b3b800db11b0a27151bb3236d9c9f59bc7fb8dfc914eb769dc2b943f665518/usr/lib64/libwgt-manifest-handlers.so.1.11.1
7af75ca38000-7af75ca3a000 rw-p 000ad000 08:01 26231355                   /home/toolchain/development/libc++_replacement/tmp/R11/extracted/d3/d3b3b800db11b0a27151bb3236d9c9f59bc7fb8dfc914eb769dc2b943f665518/usr/lib64/libwgt-manifest-handlers.so.1.11.1
7af75ca3a000-7af75ca54000 r--p 00000000 08:01 26091145                   /home/toolchain/development/libc++_replacement/tmp/R11/extracted/bb/bbe1496d756b23b9943378f63a1c4a0a262cf4c8acaa04528d2265ad2363e5ff/usr/lib64/libmanifest-parser.so.1.9.0
7af75ca54000-7af75ca7e000 r-xp 0001a000 08:01 26091145                   /home/toolchain/development/libc++_replacement/tmp/R11/extracted/bb/bbe1496d756b23b9943378f63a1c4a0a262cf4c8acaa04528d2265ad2363e5ff/usr/lib64/libmanifest-parser.so.1.9.0
7af75ca7e000-7af75ca88000 r--p 00044000 08:01 26091145                   /home/toolchain/development/libc++_replacement/tmp/R11/extracted/bb/bbe1496d756b23b9943378f63a1c4a0a262cf4c8acaa04528d2265ad2363e5ff/usr/lib64/libmanifest-parser.so.1.9.0
7af75ca88000-7af75ca89000 r--p 0004d000 08:01 26091145                   /home/toolchain/development/libc++_replacement/tmp/R11/extracted/bb/bbe1496d756b23b9943378f63a1c4a0a262cf4c8acaa04528d2265ad2363e5ff/usr/lib64/libmanifest-parser.so.1.9.0
7af75ca89000-7af75ca8a000 rw-p 0004e000 08:01 26091145                   /home/toolchain/development/libc++_replacement/tmp/R11/extracted/bb/bbe1496d756b23b9943378f63a1c4a0a262cf4c8acaa04528d2265ad2363e5ff/usr/lib64/libmanifest-parser.so.1.9.0
7af75ca8a000-7af75ca8b000 rw-p 00000000 00:00 0 
7af75ca8b000-7af75ca94000 r--p 00000000 08:01 23624441                   /home/toolchain/development/libc++_replacement/tmp/R11/extracted/bf/bf0691c7c485397598852c384d9ed50c95a619dc3c243b3f68effa5512019232/usr/lib64/libxslt.so.1.1.43
7af75ca94000-7af75cab4000 r-xp 00009000 08:01 23624441                   /home/toolchain/development/libc++_replacement/tmp/R11/extracted/bf/bf0691c7c485397598852c384d9ed50c95a619dc3c243b3f68effa5512019232/usr/lib64/libxslt.so.1.1.43
7af75cab4000-7af75cabf000 r--p 00029000 08:01 23624441                   /home/toolchain/development/libc++_replacement/tmp/R11/extracted/bf/bf0691c7c485397598852c384d9ed50c95a619dc3c243b3f68effa5512019232/usr/lib64/libxslt.so.1.1.43
7af75cabf000-7af75cac0000 r--p 00033000 08:01 23624441                   /home/toolchain/development/libc++_replacement/tmp/R11/extracted/bf/bf0691c7c485397598852c384d9ed50c95a619dc3c243b3f68effa5512019232/usr/lib64/libxslt.so.1.1.43
7af75cac0000-7af75cac1000 rw-p 00034000 08:01 23624441                   /home/toolchain/development/libc++_replacement/tmp/R11/extracted/bf/bf0691c7c485397598852c384d9ed50c95a619dc3c243b3f68effa5512019232/usr/lib64/libxslt.so.1.1.43
7af75cac1000-7af75cac3000 r--p 00000000 08:01 23629326                   /home/toolchain/development/libc++_replacement/tmp/R11/extracted/1c/1c5831047bcd841e76d29b05c6ca3ac18b028e7fcfadb8e4f824129cbf0a9f25/usr/lib64/libminizip.so.1.0.0
7af75cac3000-7af75caca000 r-xp 00002000 08:01 23629326                   /home/toolchain/development/libc++_replacement/tmp/R11/extracted/1c/1c5831047bcd841e76d29b05c6ca3ac18b028e7fcfadb8e4f824129cbf0a9f25/usr/lib64/libminizip.so.1.0.0
7af75caca000-7af75cacb000 r--p 00009000 08:01 23629326                   /home/toolchain/development/libc++_replacement/tmp/R11/extracted/1c/1c5831047bcd841e76d29b05c6ca3ac18b028e7fcfadb8e4f824129cbf0a9f25/usr/lib64/libminizip.so.1.0.0
7af75cacb000-7af75cacc000 r--p 0000a000 08:01 23629326                   /home/toolchain/development/libc++_replacement/tmp/R11/extracted/1c/1c5831047bcd841e76d29b05c6ca3ac18b028e7fcfadb8e4f824129cbf0a9f25/usr/lib64/libminizip.so.1.0.0
7af75cacc000-7af75cacd000 rw-p 0000b000 08:01 23629326                   /home/toolchain/development/libc++_replacement/tmp/R11/extracted/1c/1c5831047bcd841e76d29b05c6ca3ac18b028e7fcfadb8e4f824129cbf0a9f25/usr/lib64/libminizip.so.1.0.0
7af75cacd000-7af75cadd000 r--p 00000000 08:01 26004892                   /home/toolchain/development/libc++_replacement/tmp/R11/extracted/e6/e6eb0652568058c701ca1f100777b051e7a22d7acf570beb0f63a47b7e33887a/usr/lib64/libatspi.so.0.0.1
7af75cadd000-7af75caf1000 r-xp 00010000 08:01 26004892                   /home/toolchain/development/libc++_replacement/tmp/R11/extracted/e6/e6eb0652568058c701ca1f100777b051e7a22d7acf570beb0f63a47b7e33887a/usr/lib64/libatspi.so.0.0.1
7af75caf1000-7af75cafe000 r--p 00024000 08:01 26004892                   /home/toolchain/development/libc++_replacement/tmp/R11/extracted/e6/e6eb0652568058c701ca1f100777b051e7a22d7acf570beb0f63a47b7e33887a/usr/lib64/libatspi.so.0.0.1
7af75cafe000-7af75cb01000 r--p 00030000 08:01 26004892                   /home/toolchain/development/libc++_replacement/tmp/R11/extracted/e6/e6eb0652568058c701ca1f100777b051e7a22d7acf570beb0f63a47b7e33887a/usr/lib64/libatspi.so.0.0.1
7af75cb01000-7af75cb02000 rw-p 00033000 08:01 26004892                   /home/toolchain/development/libc++_replacement/tmp/R11/extracted/e6/e6eb0652568058c701ca1f100777b051e7a22d7acf570beb0f63a47b7e33887a/usr/lib64/libatspi.so.0.0.1
7af75cb02000-7af75cb07000 r--p 00000000 08:01 26088453                   /home/toolchain/development/libc++_replacement/tmp/R11/extracted/3b/3b0aaa783ede91ab165509b8c3b0c749099cd0c919cb5183731feae59edc3c57/usr/lib64/libudev.so.1.6.16
7af75cb07000-7af75cb21000 r-xp 00005000 08:01 26088453                   /home/toolchain/development/libc++_replacement/tmp/R11/extracted/3b/3b0aaa783ede91ab165509b8c3b0c749099cd0c919cb5183731feae59edc3c57/usr/lib64/libudev.so.1.6.16
7af75cb21000-7af75cb35000 r--p 0001f000 08:01 26088453                   /home/toolchain/development/libc++_replacement/tmp/R11/extracted/3b/3b0aaa783ede91ab165509b8c3b0c749099cd0c919cb5183731feae59edc3c57/usr/lib64/libudev.so.1.6.16
7af75cb35000-7af75cb36000 r--p 00033000 08:01 26088453                   /home/toolchain/development/libc++_replacement/tmp/R11/extracted/3b/3b0aaa783ede91ab165509b8c3b0c749099cd0c919cb5183731feae59edc3c57/usr/lib64/libudev.so.1.6.16
7af75cb36000-7af75cb37000 rw-p 00034000 08:01 26088453                   /home/toolchain/development/libc++_replacement/tmp/R11/extracted/3b/3b0aaa783ede91ab165509b8c3b0c749099cd0c919cb5183731feae59edc3c57/usr/lib64/libudev.so.1.6.16
7af75cb37000-7af75cb5b000 r--p 00000000 08:01 23624402                   /home/toolchain/development/libc++_replacement/tmp/R11/extracted/02/02045876526d4f0f5d219b4e9d291f3597e85c0fceeca1b7663d25492e3298d3/usr/lib64/libxml2.so.16.1.1
7af75cb5b000-7af75cc33000 r-xp 00024000 08:01 23624402                   /home/toolchain/development/libc++_replacement/tmp/R11/extracted/02/02045876526d4f0f5d219b4e9d291f3597e85c0fceeca1b7663d25492e3298d3/usr/lib64/libxml2.so.16.1.1
7af75cc33000-7af75cc70000 r--p 000fc000 08:01 23624402                   /home/toolchain/development/libc++_replacement/tmp/R11/extracted/02/02045876526d4f0f5d219b4e9d291f3597e85c0fceeca1b7663d25492e3298d3/usr/lib64/libxml2.so.16.1.1
7af75cc70000-7af75cc78000 r--p 00138000 08:01 23624402                   /home/toolchain/development/libc++_replacement/tmp/R11/extracted/02/02045876526d4f0f5d219b4e9d291f3597e85c0fceeca1b7663d25492e3298d3/usr/lib64/libxml2.so.16.1.1
7af75cc78000-7af75cc7a000 rw-p 00140000 08:01 23624402                   /home/toolchain/development/libc++_replacement/tmp/R11/extracted/02/02045876526d4f0f5d219b4e9d291f3597e85c0fceeca1b7663d25492e3298d3/usr/lib64/libxml2.so.16.1.1
7af75cc7a000-7af75cc7b000 rw-p 00000000 00:00 0 
7af75cc7b000-7af75cc7d000 r--p 00000000 08:01 23624302                   /home/toolchain/development/libc++_replacement/tmp/R11/extracted/ff/ff59991b5cf650e0726c6f54af329bf9fbe7fd36f9f7c42dda22ca9742225e79/usr/lib64/libwebpmux.so.3.1.0
7af75cc7d000-7af75cc85000 r-xp 00002000 08:01 23624302                   /home/toolchain/development/libc++_replacement/tmp/R11/extracted/ff/ff59991b5cf650e0726c6f54af329bf9fbe7fd36f9f7c42dda22ca9742225e79/usr/lib64/libwebpmux.so.3.1.0
7af75cc85000-7af75cc87000 r--p 0000a000 08:01 23624302                   /home/toolchain/development/libc++_replacement/tmp/R11/extracted/ff/ff59991b5cf650e0726c6f54af329bf9fbe7fd36f9f7c42dda22ca9742225e79/usr/lib64/libwebpmux.so.3.1.0
7af75cc87000-7af75cc88000 r--p 0000b000 08:01 23624302                   /home/toolchain/development/libc++_replacement/tmp/R11/extracted/ff/ff59991b5cf650e0726c6f54af329bf9fbe7fd36f9f7c42dda22ca9742225e79/usr/lib64/libwebpmux.so.3.1.0
7af75cc88000-7af75cc89000 rw-p 0000c000 08:01 23624302                   /home/toolchain/development/libc++_replacement/tmp/R11/extracted/ff/ff59991b5cf650e0726c6f54af329bf9fbe7fd36f9f7c42dda22ca9742225e79/usr/lib64/libwebpmux.so.3.1.0
7af75cc89000-7af75cc8a000 r--p 00000000 08:01 23624300                   /home/toolchain/development/libc++_replacement/tmp/R11/extracted/ff/ff59991b5cf650e0726c6f54af329bf9fbe7fd36f9f7c42dda22ca9742225e79/usr/lib64/libwebpdemux.so.2.0.15
7af75cc8a000-7af75cc8c000 r-xp 00001000 08:01 23624300                   /home/toolchain/development/libc++_replacement/tmp/R11/extracted/ff/ff59991b5cf650e0726c6f54af329bf9fbe7fd36f9f7c42dda22ca9742225e79/usr/lib64/libwebpdemux.so.2.0.15
7af75cc8c000-7af75cc8d000 r--p 00003000 08:01 23624300                   /home/toolchain/development/libc++_replacement/tmp/R11/extracted/ff/ff59991b5cf650e0726c6f54af329bf9fbe7fd36f9f7c42dda22ca9742225e79/usr/lib64/libwebpdemux.so.2.0.15
7af75cc8d000-7af75cc8e000 r--p 00003000 08:01 23624300                   /home/toolchain/development/libc++_replacement/tmp/R11/extracted/ff/ff59991b5cf650e0726c6f54af329bf9fbe7fd36f9f7c42dda22ca9742225e79/usr/lib64/libwebpdemux.so.2.0.15
7af75cc8e000-7af75cc8f000 rw-p 00004000 08:01 23624300                   /home/toolchain/development/libc++_replacement/tmp/R11/extracted/ff/ff59991b5cf650e0726c6f54af329bf9fbe7fd36f9f7c42dda22ca9742225e79/usr/lib64/libwebpdemux.so.2.0.15
7af75cc8f000-7af75cc95000 r--p 00000000 08:01 23621510                   /home/toolchain/development/libc++_replacement/tmp/R11/extracted/a2/a2e41cda0fbf3cd42aec10ab4fbe8577bb34c4eed1b965ca1e4612a2a674a85c/usr/lib64/libjpeg.so.8.3.2
7af75cc95000-7af75cd34000 r-xp 00006000 08:01 23621510                   /home/toolchain/development/libc++_replacement/tmp/R11/extracted/a2/a2e41cda0fbf3cd42aec10ab4fbe8577bb34c4eed1b965ca1e4612a2a674a85c/usr/lib64/libjpeg.so.8.3.2
7af75cd34000-7af75cd5b000 r--p 000a5000 08:01 23621510                   /home/toolchain/development/libc++_replacement/tmp/R11/extracted/a2/a2e41cda0fbf3cd42aec10ab4fbe8577bb34c4eed1b965ca1e4612a2a674a85c/usr/lib64/libjpeg.so.8.3.2
7af75cd5b000-7af75cd5c000 r--p 000cc000 08:01 23621510                   /home/toolchain/development/libc++_replacement/tmp/R11/extracted/a2/a2e41cda0fbf3cd42aec10ab4fbe8577bb34c4eed1b965ca1e4612a2a674a85c/usr/lib64/libjpeg.so.8.3.2
7af75cd5c000-7af75cd5d000 rw-p 000cd000 08:01 23621510                   /home/toolchain/development/libc++_replacement/tmp/R11/extracted/a2/a2e41cda0fbf3cd42aec10ab4fbe8577bb34c4eed1b965ca1e4612a2a674a85c/usr/lib64/libjpeg.so.8.3.2
7af75cd5d000-7af75cd60000 r--p 00000000 08:01 23731623                   /home/toolchain/development/libc++_replacement/tmp/R11/extracted/12/12fb34fcc40539710ebe3ed74d9b66fa0f02a1bb0e154e5d8ddc395c04466364/lib64/libz.so.1.3.1
7af75cd60000-7af75cd6c000 r-xp 00003000 08:01 23731623                   /home/toolchain/development/libc++_replacement/tmp/R11/extracted/12/12fb34fcc40539710ebe3ed74d9b66fa0f02a1bb0e154e5d8ddc395c04466364/lib64/libz.so.1.3.1
7af75cd6c000-7af75cd72000 r--p 0000f000 08:01 23731623                   /home/toolchain/development/libc++_replacement/tmp/R11/extracted/12/12fb34fcc40539710ebe3ed74d9b66fa0f02a1bb0e154e5d8ddc395c04466364/lib64/libz.so.1.3.1
7af75cd72000-7af75cd73000 r--p 00015000 08:01 23731623                   /home/toolchain/development/libc++_replacement/tmp/R11/extracted/12/12fb34fcc40539710ebe3ed74d9b66fa0f02a1bb0e154e5d8ddc395c04466364/lib64/libz.so.1.3.1
7af75cd73000-7af75cd74000 rw-p 00016000 08:01 23731623                   /home/toolchain/development/libc++_replacement/tmp/R11/extracted/12/12fb34fcc40539710ebe3ed74d9b66fa0f02a1bb0e154e5d8ddc395c04466364/lib64/libz.so.1.3.1
7af75cd74000-7af75cd79000 r--p 00000000 08:01 25824127                   /home/toolchain/development/libc++_replacement/tmp/R11/extracted/25/25dd2cce533e0ffc534108bdfc41f63c6c7ba6fbce3928dd549a82a2599b4a19/usr/lib64/libcapi-ui-inputmethod.so.0.11.6
7af75cd79000-7af75cd7f000 r-xp 00005000 08:01 25824127                   /home/toolchain/development/libc++_replacement/tmp/R11/extracted/25/25dd2cce533e0ffc534108bdfc41f63c6c7ba6fbce3928dd549a82a2599b4a19/usr/lib64/libcapi-ui-inputmethod.so.0.11.6
7af75cd7f000-7af75cd83000 r--p 0000b000 08:01 25824127                   /home/toolchain/development/libc++_replacement/tmp/R11/extracted/25/25dd2cce533e0ffc534108bdfc41f63c6c7ba6fbce3928dd549a82a2599b4a19/usr/lib64/libcapi-ui-inputmethod.so.0.11.6
7af75cd83000-7af75cd84000 r--p 0000e000 08:01 25824127                   /home/toolchain/development/libc++_replacement/tmp/R11/extracted/25/25dd2cce533e0ffc534108bdfc41f63c6c7ba6fbce3928dd549a82a2599b4a19/usr/lib64/libcapi-ui-inputmethod.so.0.11.6
7af75cd84000-7af75cd85000 rw-p 0000f000 08:01 25824127                   /home/toolchain/development/libc++_replacement/tmp/R11/extracted/25/25dd2cce533e0ffc534108bdfc41f63c6c7ba6fbce3928dd549a82a2599b4a19/usr/lib64/libcapi-ui-inputmethod.so.0.11.6
7af75cd85000-7af75cd87000 r--p 00000000 08:01 25714621                   /home/toolchain/development/libc++_replacement/tmp/R11/extracted/a2/a22eb8a32030f593796a558ab14cd9ba62b401ec24e52390615c9046c8ce0bdb/usr/lib64/libappcore-watch.so.1.7.25
7af75cd87000-7af75cd89000 r-xp 00002000 08:01 25714621                   /home/toolchain/development/libc++_replacement/tmp/R11/extracted/a2/a22eb8a32030f593796a558ab14cd9ba62b401ec24e52390615c9046c8ce0bdb/usr/lib64/libappcore-watch.so.1.7.25
7af75cd89000-7af75cd8b000 r--p 00004000 08:01 25714621                   /home/toolchain/development/libc++_replacement/tmp/R11/extracted/a2/a22eb8a32030f593796a558ab14cd9ba62b401ec24e52390615c9046c8ce0bdb/usr/lib64/libappcore-watch.so.1.7.25
7af75cd8b000-7af75cd8c000 r--p 00005000 08:01 25714621                   /home/toolchain/development/libc++_replacement/tmp/R11/extracted/a2/a22eb8a32030f593796a558ab14cd9ba62b401ec24e52390615c9046c8ce0bdb/usr/lib64/libappcore-watch.so.1.7.25
7af75cd8c000-7af75cd8d000 rw-p 00006000 08:01 25714621                   /home/toolchain/development/libc++_replacement/tmp/R11/extracted/a2/a22eb8a32030f593796a558ab14cd9ba62b401ec24e52390615c9046c8ce0bdb/usr/lib64/libappcore-watch.so.1.7.25
7af75cd8d000-7af75cd93000 r--p 00000000 08:01 26089310                   /home/toolchain/development/libc++_replacement/tmp/R11/extracted/62/626d64e7b0eea393d3afc64b3eea36a95207cd50cbb65b6e841e28736734c70a/usr/lib64/libwayland-client.so.0.23.1
7af75cd93000-7af75cd9a000 r-xp 00006000 08:01 26089310                   /home/toolchain/development/libc++_replacement/tmp/R11/extracted/62/626d64e7b0eea393d3afc64b3eea36a95207cd50cbb65b6e841e28736734c70a/usr/lib64/libwayland-client.so.0.23.1
7af75cd9a000-7af75cd9e000 r--p 0000d000 08:01 26089310                   /home/toolchain/development/libc++_replacement/tmp/R11/extracted/62/626d64e7b0eea393d3afc64b3eea36a95207cd50cbb65b6e841e28736734c70a/usr/lib64/libwayland-client.so.0.23.1
7af75cd9e000-7af75cda0000 r--p 00010000 08:01 26089310                   /home/toolchain/development/libc++_replacement/tmp/R11/extracted/62/626d64e7b0eea393d3afc64b3eea36a95207cd50cbb65b6e841e28736734c70a/usr/lib64/libwayland-client.so.0.23.1
7af75cda0000-7af75cda1000 rw-p 00012000 08:01 26089310                   /home/toolchain/development/libc++_replacement/tmp/R11/extracted/62/626d64e7b0eea393d3afc64b3eea36a95207cd50cbb65b6e841e28736734c70a/usr/lib64/libwayland-client.so.0.23.1
7af75cda1000-7af75cda7000 r--p 00000000 08:01 26089406                   /home/toolchain/development/libc++_replacement/tmp/R11/extracted/6e/6ea88a8be40d0a02d31f2d7f5b7e998e43bda209403c740d6385dc2b6b965039/usr/lib64/libtizen-extension-client.so.0.0.0
7af75cda7000-7af75cda8000 r-xp 00006000 08:01 26089406                   /home/toolchain/development/libc++_replacement/tmp/R11/extracted/6e/6ea88a8be40d0a02d31f2d7f5b7e998e43bda209403c740d6385dc2b6b965039/usr/lib64/libtizen-extension-client.so.0.0.0
7af75cda8000-7af75cda9000 r--p 00007000 08:01 26089406                   /home/toolchain/development/libc++_replacement/tmp/R11/extracted/6e/6ea88a8be40d0a02d31f2d7f5b7e998e43bda209403c740d6385dc2b6b965039/usr/lib64/libtizen-extension-client.so.0.0.0
7af75cda9000-7af75cdab000 r--p 00008000 08:01 26089406                   /home/toolchain/development/libc++_replacement/tmp/R11/extracted/6e/6ea88a8be40d0a02d31f2d7f5b7e998e43bda209403c740d6385dc2b6b965039/usr/lib64/libtizen-extension-client.so.0.0.0
7af75cdab000-7af75cdac000 rw-p 0000a000 08:01 26089406                   /home/toolchain/development/libc++_replacement/tmp/R11/extracted/6e/6ea88a8be40d0a02d31f2d7f5b7e998e43bda209403c740d6385dc2b6b965039/usr/lib64/libtizen-extension-client.so.0.0.0
7af75cdac000-7af75cdaf000 r--p 00000000 08:01 26089603                   /home/toolchain/development/libc++_replacement/tmp/R11/extracted/dc/dc8ad77d22cf9c9fd9268ad47f9c05af5298090bd485f043ef8f08f2f15444df/usr/lib64/libwebappenc.so.1.0.0
7af75cdaf000-7af75cdb4000 r-xp 00003000 08:01 26089603                   /home/toolchain/development/libc++_replacement/tmp/R11/extracted/dc/dc8ad77d22cf9c9fd9268ad47f9c05af5298090bd485f043ef8f08f2f15444df/usr/lib64/libwebappenc.so.1.0.0
7af75cdb4000-7af75cdb7000 r--p 00008000 08:01 26089603                   /home/toolchain/development/libc++_replacement/tmp/R11/extracted/dc/dc8ad77d22cf9c9fd9268ad47f9c05af5298090bd485f043ef8f08f2f15444df/usr/lib64/libwebappenc.so.1.0.0
7af75cdb7000-7af75cdb8000 r--p 0000a000 08:01 26089603                   /home/toolchain/development/libc++_replacement/tmp/R11/extracted/dc/dc8ad77d22cf9c9fd9268ad47f9c05af5298090bd485f043ef8f08f2f15444df/usr/lib64/libwebappenc.so.1.0.0
7af75cdb8000-7af75cdb9000 rw-p 0000b000 08:01 26089603                   /home/toolchain/development/libc++_replacement/tmp/R11/extracted/dc/dc8ad77d22cf9c9fd9268ad47f9c05af5298090bd485f043ef8f08f2f15444df/usr/lib64/libwebappenc.so.1.0.0
7af75cdb9000-7af75cdc0000 r--p 00000000 08:01 26086057                   /home/toolchain/development/libc++_replacement/tmp/R11/extracted/0e/0efe61aee8b21b7428b6e9450634250a37528da99fe5adccaaf1b4e7430ae291/usr/lib64/liblaunchpad.so.0.50.17
7af75cdc0000-7af75cdc7000 r-xp 00007000 08:01 26086057                   /home/toolchain/development/libc++_replacement/tmp/R11/extracted/0e/0efe61aee8b21b7428b6e9450634250a37528da99fe5adccaaf1b4e7430ae291/usr/lib64/liblaunchpad.so.0.50.17
7af75cdc7000-7af75cdcb000 r--p 0000e000 08:01 26086057                   /home/toolchain/development/libc++_replacement/tmp/R11/extracted/0e/0efe61aee8b21b7428b6e9450634250a37528da99fe5adccaaf1b4e7430ae291/usr/lib64/liblaunchpad.so.0.50.17
7af75cdcb000-7af75cdcc000 r--p 00011000 08:01 26086057                   /home/toolchain/development/libc++_replacement/tmp/R11/extracted/0e/0efe61aee8b21b7428b6e9450634250a37528da99fe5adccaaf1b4e7430ae291/usr/lib64/liblaunchpad.so.0.50.17
7af75cdcc000-7af75cdcd000 rw-p 00012000 08:01 26086057                   /home/toolchain/development/libc++_replacement/tmp/R11/extracted/0e/0efe61aee8b21b7428b6e9450634250a37528da99fe5adccaaf1b4e7430ae291/usr/lib64/liblaunchpad.so.0.50.17
7af75cdcd000-7af75cdcf000 r--p 00000000 08:01 26083945                   /home/toolchain/development/libc++_replacement/tmp/R11/extracted/d8/d8a6c8aea987eb4dd144cea29aa6edf069e6f7048e0d464aeee0819d8984767d/usr/lib64/libcynara-creds-self.so.0.26.0
7af75cdcf000-7af75cdd1000 r-xp 00002000 08:01 26083945                   /home/toolchain/development/libc++_replacement/tmp/R11/extracted/d8/d8a6c8aea987eb4dd144cea29aa6edf069e6f7048e0d464aeee0819d8984767d/usr/lib64/libcynara-creds-self.so.0.26.0
7af75cdd1000-7af75cdd2000 r--p 00004000 08:01 26083945                   /home/toolchain/development/libc++_replacement/tmp/R11/extracted/d8/d8a6c8aea987eb4dd144cea29aa6edf069e6f7048e0d464aeee0819d8984767d/usr/lib64/libcynara-creds-self.so.0.26.0
7af75cdd2000-7af75cdd3000 r--p 00004000 08:01 26083945                   /home/toolchain/development/libc++_replacement/tmp/R11/extracted/d8/d8a6c8aea987eb4dd144cea29aa6edf069e6f7048e0d464aeee0819d8984767d/usr/lib64/libcynara-creds-self.so.0.26.0
7af75cdd3000-7af75cdd4000 rw-p 00005000 08:01 26083945                   /home/toolchain/development/libc++_replacement/tmp/R11/extracted/d8/d8a6c8aea987eb4dd144cea29aa6edf069e6f7048e0d464aeee0819d8984767d/usr/lib64/libcynara-creds-self.so.0.26.0
7af75cdd4000-7af75cdd6000 r--p 00000000 08:01 26083925                   /home/toolchain/development/libc++_replacement/tmp/R11/extracted/56/566dfdf8a9cfe95434b1b1ea5ee3d54a86da7d6a465cb718cac7ff698b15aacc/usr/lib64/libcynara-creds-pid.so.0.26.0
7af75cdd6000-7af75cdd9000 r-xp 00002000 08:01 26083925                   /home/toolchain/development/libc++_replacement/tmp/R11/extracted/56/566dfdf8a9cfe95434b1b1ea5ee3d54a86da7d6a465cb718cac7ff698b15aacc/usr/lib64/libcynara-creds-pid.so.0.26.0
7af75cdd9000-7af75cdda000 r--p 00005000 08:01 26083925                   /home/toolchain/development/libc++_replacement/tmp/R11/extracted/56/566dfdf8a9cfe95434b1b1ea5ee3d54a86da7d6a465cb718cac7ff698b15aacc/usr/lib64/libcynara-creds-pid.so.0.26.0
7af75cdda000-7af75cddb000 r--p 00005000 08:01 26083925                   /home/toolchain/development/libc++_replacement/tmp/R11/extracted/56/566dfdf8a9cfe95434b1b1ea5ee3d54a86da7d6a465cb718cac7ff698b15aacc/usr/lib64/libcynara-creds-pid.so.0.26.0
7af75cddb000-7af75cddc000 rw-p 00006000 08:01 26083925                   /home/toolchain/development/libc++_replacement/tmp/R11/extracted/56/566dfdf8a9cfe95434b1b1ea5ee3d54a86da7d6a465cb718cac7ff698b15aacc/usr/lib64/libcynara-creds-pid.so.0.26.0
7af75cddc000-7af75cddf000 r--p 00000000 08:01 26083839                   /home/toolchain/development/libc++_replacement/tmp/R11/extracted/95/95baaefb26a50408eb4d7f5426aa17e1af2d62788151eb7b2113e095e0adcc37/usr/lib64/libcynara-client.so.0.26.0
7af75cddf000-7af75cde6000 r-xp 00003000 08:01 26083839                   /home/toolchain/development/libc++_replacement/tmp/R11/extracted/95/95baaefb26a50408eb4d7f5426aa17e1af2d62788151eb7b2113e095e0adcc37/usr/lib64/libcynara-client.so.0.26.0
7af75cde6000-7af75cde8000 r--p 0000a000 08:01 26083839                   /home/toolchain/development/libc++_replacement/tmp/R11/extracted/95/95baaefb26a50408eb4d7f5426aa17e1af2d62788151eb7b2113e095e0adcc37/usr/lib64/libcynara-client.so.0.26.0
7af75cde8000-7af75cde9000 r--p 0000c000 08:01 26083839                   /home/toolchain/development/libc++_replacement/tmp/R11/extracted/95/95baaefb26a50408eb4d7f5426aa17e1af2d62788151eb7b2113e095e0adcc37/usr/lib64/libcynara-client.so.0.26.0
7af75cde9000-7af75cdea000 rw-p 0000d000 08:01 26083839                   /home/toolchain/development/libc++_replacement/tmp/R11/extracted/95/95baaefb26a50408eb4d7f5426aa17e1af2d62788151eb7b2113e095e0adcc37/usr/lib64/libcynara-client.so.0.26.0
7af75cdea000-7af75cdf6000 r--p 00000000 08:01 25821195                   /home/toolchain/development/libc++_replacement/tmp/R11/extracted/e6/e6a861fe4b11824bcdfe69c7461bc524938667ca3a03897418ee4e4554a3886e/usr/lib64/libbundle.so.0.18.15
7af75cdf6000-7af75ce05000 r-xp 0000c000 08:01 25821195                   /home/toolchain/development/libc++_replacement/tmp/R11/extracted/e6/e6a861fe4b11824bcdfe69c7461bc524938667ca3a03897418ee4e4554a3886e/usr/lib64/libbundle.so.0.18.15
7af75ce05000-7af75ce0b000 r--p 0001b000 08:01 25821195                   /home/toolchain/development/libc++_replacement/tmp/R11/extracted/e6/e6a861fe4b11824bcdfe69c7461bc524938667ca3a03897418ee4e4554a3886e/usr/lib64/libbundle.so.0.18.15
7af75ce0b000-7af75ce0c000 r--p 00020000 08:01 25821195                   /home/toolchain/development/libc++_replacement/tmp/R11/extracted/e6/e6a861fe4b11824bcdfe69c7461bc524938667ca3a03897418ee4e4554a3886e/usr/lib64/libbundle.so.0.18.15
7af75ce0c000-7af75ce0d000 rw-p 00021000 08:01 25821195                   /home/toolchain/development/libc++_replacement/tmp/R11/extracted/e6/e6a861fe4b11824bcdfe69c7461bc524938667ca3a03897418ee4e4554a3886e/usr/lib64/libbundle.so.0.18.15
7af75ce0d000-7af75ce3f000 r--p 00000000 08:01 25716647                   /home/toolchain/development/libc++_replacement/tmp/R11/extracted/69/69a66bf21fe7e6ba583831be02eab8b25eb5b9e842da34e562195d8b1fe607ca/usr/lib64/libaul.so.0.84.11
7af75ce3f000-7af75cea3000 r-xp 00032000 08:01 25716647                   /home/toolchain/development/libc++_replacement/tmp/R11/extracted/69/69a66bf21fe7e6ba583831be02eab8b25eb5b9e842da34e562195d8b1fe607ca/usr/lib64/libaul.so.0.84.11
7af75cea3000-7af75cecd000 r--p 00096000 08:01 25716647                   /home/toolchain/development/libc++_replacement/tmp/R11/extracted/69/69a66bf21fe7e6ba583831be02eab8b25eb5b9e842da34e562195d8b1fe607ca/usr/lib64/libaul.so.0.84.11
7af75cecd000-7af75cecf000 r--p 000bf000 08:01 25716647                   /home/toolchain/development/libc++_replacement/tmp/R11/extracted/69/69a66bf21fe7e6ba583831be02eab8b25eb5b9e842da34e562195d8b1fe607ca/usr/lib64/libaul.so.0.84.11
7af75cecf000-7af75ced2000 rw-p 000c1000 08:01 25716647                   /home/toolchain/development/libc++_replacement/tmp/R11/extracted/69/69a66bf21fe7e6ba583831be02eab8b25eb5b9e842da34e562195d8b1fe607ca/usr/lib64/libaul.so.0.84.11
7af75ced2000-7af75ced9000 r--p 00000000 08:01 25954518                   /home/toolchain/development/libc++_replacement/tmp/R11/extracted/a4/a475207de28a5a6071d20b4b2a8fd1d70012dca57ce0e81108e8011301462a91/usr/lib64/libfontconfig.so.1.12.0
7af75ced9000-7af75cefa000 r-xp 00007000 08:01 25954518                   /home/toolchain/development/libc++_replacement/tmp/R11/extracted/a4/a475207de28a5a6071d20b4b2a8fd1d70012dca57ce0e81108e8011301462a91/usr/lib64/libfontconfig.so.1.12.0
7af75cefa000-7af75cf11000 r--p 00028000 08:01 25954518                   /home/toolchain/development/libc++_replacement/tmp/R11/extracted/a4/a475207de28a5a6071d20b4b2a8fd1d70012dca57ce0e81108e8011301462a91/usr/lib64/libfontconfig.so.1.12.0
7af75cf11000-7af75cf13000 r--p 0003f000 08:01 25954518                   /home/toolchain/development/libc++_replacement/tmp/R11/extracted/a4/a475207de28a5a6071d20b4b2a8fd1d70012dca57ce0e81108e8011301462a91/usr/lib64/libfontconfig.so.1.12.0
7af75cf13000-7af75cf14000 rw-p 00041000 08:01 25954518                   /home/toolchain/development/libc++_replacement/tmp/R11/extracted/a4/a475207de28a5a6071d20b4b2a8fd1d70012dca57ce0e81108e8011301462a91/usr/lib64/libfontconfig.so.1.12.0
7af75cf14000-7af75cf21000 r--p 00000000 08:01 25833205                   /home/toolchain/development/libc++_replacement/tmp/R11/extracted/60/601387b7ea2bd783c17c7d962709c8135ce3517374d8c92302b0d0bfefba4836/usr/lib64/libdbus-1.so.3.19.13
7af75cf21000-7af75cf4b000 r-xp 0000d000 08:01 25833205                   /home/toolchain/development/libc++_replacement/tmp/R11/extracted/60/601387b7ea2bd783c17c7d962709c8135ce3517374d8c92302b0d0bfefba4836/usr/lib64/libdbus-1.so.3.19.13
7af75cf4b000-7af75cf5d000 r--p 00037000 08:01 25833205                   /home/toolchain/development/libc++_replacement/tmp/R11/extracted/60/601387b7ea2bd783c17c7d962709c8135ce3517374d8c92302b0d0bfefba4836/usr/lib64/libdbus-1.so.3.19.13
7af75cf5d000-7af75cf5f000 rw-p 00049000 08:01 25833205                   /home/toolchain/development/libc++_replacement/tmp/R11/extracted/60/601387b7ea2bd783c17c7d962709c8135ce3517374d8c92302b0d0bfefba4836/usr/lib64/libdbus-1.so.3.19.13
7af75cf5f000-7af75cfa1000 r--p 00000000 08:01 25861320                   /home/toolchain/development/libc++_replacement/tmp/R11/extracted/81/81f15d544a17a15af43bbf75dd529db933bd56a6de08c2ea5c3aa6c8b57a251c/usr/lib64/libesplusplayer.so
7af75cfa1000-7af75cfcd000 r-xp 00042000 08:01 25861320                   /home/toolchain/development/libc++_replacement/tmp/R11/extracted/81/81f15d544a17a15af43bbf75dd529db933bd56a6de08c2ea5c3aa6c8b57a251c/usr/lib64/libesplusplayer.so
7af75cfcd000-7af75cfe8000 r--p 0006e000 08:01 25861320                   /home/toolchain/development/libc++_replacement/tmp/R11/extracted/81/81f15d544a17a15af43bbf75dd529db933bd56a6de08c2ea5c3aa6c8b57a251c/usr/lib64/libesplusplayer.so
7af75cfe8000-7af75cfeb000 r--p 00088000 08:01 25861320                   /home/toolchain/development/libc++_replacement/tmp/R11/extracted/81/81f15d544a17a15af43bbf75dd529db933bd56a6de08c2ea5c3aa6c8b57a251c/usr/lib64/libesplusplayer.so
7af75cfeb000-7af75cfed000 rw-p 0008b000 08:01 25861320                   /home/toolchain/development/libc++_replacement/tmp/R11/extracted/81/81f15d544a17a15af43bbf75dd529db933bd56a6de08c2ea5c3aa6c8b57a251c/usr/lib64/libesplusplayer.so
7af75cfed000-7af75cff4000 r--p 00000000 08:01 25822423                   /home/toolchain/development/libc++_replacement/tmp/R11/extracted/47/47581cd3d3b281f80d3b6829bd7c19f01e4dfd169d4352f350554d3a8146c771/usr/lib64/libcapi-media-sound-manager.so.0.7.19
7af75cff4000-7af75d00a000 r-xp 00007000 08:01 25822423                   /home/toolchain/development/libc++_replacement/tmp/R11/extracted/47/47581cd3d3b281f80d3b6829bd7c19f01e4dfd169d4352f350554d3a8146c771/usr/lib64/libcapi-media-sound-manager.so.0.7.19
7af75d00a000-7af75d014000 r--p 0001d000 08:01 25822423                   /home/toolchain/development/libc++_replacement/tmp/R11/extracted/47/47581cd3d3b281f80d3b6829bd7c19f01e4dfd169d4352f350554d3a8146c771/usr/lib64/libcapi-media-sound-manager.so.0.7.19
7af75d014000-7af75d015000 r--p 00026000 08:01 25822423                   /home/toolchain/development/libc++_replacement/tmp/R11/extracted/47/47581cd3d3b281f80d3b6829bd7c19f01e4dfd169d4352f350554d3a8146c771/usr/lib64/libcapi-media-sound-manager.so.0.7.19
7af75d015000-7af75d016000 rw-p 00027000 08:01 25822423                   /home/toolchain/development/libc++_replacement/tmp/R11/extracted/47/47581cd3d3b281f80d3b6829bd7c19f01e4dfd169d4352f350554d3a8146c771/usr/lib64/libcapi-media-sound-manager.so.0.7.19
7af75d016000-7af75d017000 rw-p 00000000 00:00 0 
7af75d017000-7af75d019000 r--p 00000000 08:01 26088966                   /home/toolchain/development/libc++_replacement/tmp/R11/extracted/ad/ad4af909f8d8f80ae029d0a9b0e88624ebca01155a39579ff7422012cd9f472c/usr/lib64/libtzplatform-config-2.0.so.2.0.0
7af75d019000-7af75d01c000 r-xp 00002000 08:01 26088966                   /home/toolchain/development/libc++_replacement/tmp/R11/extracted/ad/ad4af909f8d8f80ae029d0a9b0e88624ebca01155a39579ff7422012cd9f472c/usr/lib64/libtzplatform-config-2.0.so.2.0.0
7af75d01c000-7af75d01f000 r--p 00005000 08:01 26088966                   /home/toolchain/development/libc++_replacement/tmp/R11/extracted/ad/ad4af909f8d8f80ae029d0a9b0e88624ebca01155a39579ff7422012cd9f472c/usr/lib64/libtzplatform-config-2.0.so.2.0.0
7af75d01f000-7af75d020000 r--p 00007000 08:01 26088966                   /home/toolchain/development/libc++_replacement/tmp/R11/extracted/ad/ad4af909f8d8f80ae029d0a9b0e88624ebca01155a39579ff7422012cd9f472c/usr/lib64/libtzplatform-config-2.0.so.2.0.0
7af75d020000-7af75d021000 rw-p 00008000 08:01 26088966                   /home/toolchain/development/libc++_replacement/tmp/R11/extracted/ad/ad4af909f8d8f80ae029d0a9b0e88624ebca01155a39579ff7422012cd9f472c/usr/lib64/libtzplatform-config-2.0.so.2.0.0
7af75d021000-7af75d02b000 rw-p 00000000 00:00 0 
7af75d02b000-7af75d038000 r--p 00000000 08:01 25821479                   /home/toolchain/development/libc++_replacement/tmp/R11/extracted/23/2374eef75f0010963c1f48deae26a5a93cfb8557d2bec6d178bdeae0d9bcf05d/usr/lib64/libcapi-appfw-app-control.so.0.26.2
7af75d038000-7af75d046000 r-xp 0000d000 08:01 25821479                   /home/toolchain/development/libc++_replacement/tmp/R11/extracted/23/2374eef75f0010963c1f48deae26a5a93cfb8557d2bec6d178bdeae0d9bcf05d/usr/lib64/libcapi-appfw-app-control.so.0.26.2
7af75d046000-7af75d04d000 r--p 0001b000 08:01 25821479                   /home/toolchain/development/libc++_replacement/tmp/R11/extracted/23/2374eef75f0010963c1f48deae26a5a93cfb8557d2bec6d178bdeae0d9bcf05d/usr/lib64/libcapi-appfw-app-control.so.0.26.2
7af75d04d000-7af75d04e000 r--p 00021000 08:01 25821479                   /home/toolchain/development/libc++_replacement/tmp/R11/extracted/23/2374eef75f0010963c1f48deae26a5a93cfb8557d2bec6d178bdeae0d9bcf05d/usr/lib64/libcapi-appfw-app-control.so.0.26.2
7af75d04e000-7af75d04f000 rw-p 00022000 08:01 25821479                   /home/toolchain/development/libc++_replacement/tmp/R11/extracted/23/2374eef75f0010963c1f48deae26a5a93cfb8557d2bec6d178bdeae0d9bcf05d/usr/lib64/libcapi-appfw-app-control.so.0.26.2
7af75d04f000-7af75d053000 r--p 00000000 08:01 25821439                   /home/toolchain/development/libc++_replacement/tmp/R11/extracted/2d/2db93a11342170ce85b76bc63395af906a97a6b30562d002075f95355fb45b9b/usr/lib64/libcapi-appfw-app-common.so.0.16.3
7af75d053000-7af75d056000 r-xp 00004000 08:01 25821439                   /home/toolchain/development/libc++_replacement/tmp/R11/extracted/2d/2db93a11342170ce85b76bc63395af906a97a6b30562d002075f95355fb45b9b/usr/lib64/libcapi-appfw-app-common.so.0.16.3
7af75d056000-7af75d058000 r--p 00007000 08:01 25821439                   /home/toolchain/development/libc++_replacement/tmp/R11/extracted/2d/2db93a11342170ce85b76bc63395af906a97a6b30562d002075f95355fb45b9b/usr/lib64/libcapi-appfw-app-common.so.0.16.3
7af75d058000-7af75d059000 r--p 00008000 08:01 25821439                   /home/toolchain/development/libc++_replacement/tmp/R11/extracted/2d/2db93a11342170ce85b76bc63395af906a97a6b30562d002075f95355fb45b9b/usr/lib64/libcapi-appfw-app-common.so.0.16.3
7af75d059000-7af75d05a000 rw-p 00009000 08:01 25821439                   /home/toolchain/development/libc++_replacement/tmp/R11/extracted/2d/2db93a11342170ce85b76bc63395af906a97a6b30562d002075f95355fb45b9b/usr/lib64/libcapi-appfw-app-common.so.0.16.3
7af75d05a000-7af75d062000 r--p 00000000 08:01 26087789                   /home/toolchain/development/libc++_replacement/tmp/R11/extracted/a7/a7847b1b255ad6080ab6100e9e7cc1fdf9c01a347c867e4ed41d109d7d61db75/usr/lib64/libsecurity-manager-client.so.3.0.0
7af75d062000-7af75d094000 r-xp 00008000 08:01 26087789                   /home/toolchain/development/libc++_replacement/tmp/R11/extracted/a7/a7847b1b255ad6080ab6100e9e7cc1fdf9c01a347c867e4ed41d109d7d61db75/usr/lib64/libsecurity-manager-client.so.3.0.0
7af75d094000-7af75d0a0000 r--p 0003a000 08:01 26087789                   /home/toolchain/development/libc++_replacement/tmp/R11/extracted/a7/a7847b1b255ad6080ab6100e9e7cc1fdf9c01a347c867e4ed41d109d7d61db75/usr/lib64/libsecurity-manager-client.so.3.0.0
7af75d0a0000-7af75d0a1000 r--p 00045000 08:01 26087789                   /home/toolchain/development/libc++_replacement/tmp/R11/extracted/a7/a7847b1b255ad6080ab6100e9e7cc1fdf9c01a347c867e4ed41d109d7d61db75/usr/lib64/libsecurity-manager-client.so.3.0.0
7af75d0a1000-7af75d0a2000 rw-p 00046000 08:01 26087789                   /home/toolchain/development/libc++_replacement/tmp/R11/extracted/a7/a7847b1b255ad6080ab6100e9e7cc1fdf9c01a347c867e4ed41d109d7d61db75/usr/lib64/libsecurity-manager-client.so.3.0.0
7af75d0a2000-7af75d0a4000 rw-p 00000000 00:00 0 
7af75d0a4000-7af75d0ab000 r--p 00000000 08:01 25823869                   /home/toolchain/development/libc++_replacement/tmp/R11/extracted/2e/2efdc4af985c3e3c7079941938cbddcdb89a13aefeb09446cdfb03a07d1a6100/usr/lib64/libcapi-system-sensor.so.0.2.5
7af75d0ab000-7af75d0b2000 r-xp 00007000 08:01 25823869                   /home/toolchain/development/libc++_replacement/tmp/R11/extracted/2e/2efdc4af985c3e3c7079941938cbddcdb89a13aefeb09446cdfb03a07d1a6100/usr/lib64/libcapi-system-sensor.so.0.2.5
7af75d0b2000-7af75d0b6000 r--p 0000e000 08:01 25823869                   /home/toolchain/development/libc++_replacement/tmp/R11/extracted/2e/2efdc4af985c3e3c7079941938cbddcdb89a13aefeb09446cdfb03a07d1a6100/usr/lib64/libcapi-system-sensor.so.0.2.5
7af75d0b6000-7af75d0b7000 r--p 00011000 08:01 25823869                   /home/toolchain/development/libc++_replacement/tmp/R11/extracted/2e/2efdc4af985c3e3c7079941938cbddcdb89a13aefeb09446cdfb03a07d1a6100/usr/lib64/libcapi-system-sensor.so.0.2.5
7af75d0b7000-7af75d0b8000 rw-p 00012000 08:01 25823869                   /home/toolchain/development/libc++_replacement/tmp/R11/extracted/2e/2efdc4af985c3e3c7079941938cbddcdb89a13aefeb09446cdfb03a07d1a6100/usr/lib64/libcapi-system-sensor.so.0.2.5
7af75d0b8000-7af75d0b9000 rw-p 00000000 00:00 0 
7af75d0b9000-7af75d0c6000 r--p 00000000 08:01 23629701                   /home/toolchain/development/libc++_replacement/tmp/R11/extracted/e2/e222622001e775e93cf6c80877dbf05524a7b18c411a4ec94cab6ab5026a00e6/usr/lib64/libnssutil3.so
7af75d0c6000-7af75d0d5000 r-xp 0000d000 08:01 23629701                   /home/toolchain/development/libc++_replacement/tmp/R11/extracted/e2/e222622001e775e93cf6c80877dbf05524a7b18c411a4ec94cab6ab5026a00e6/usr/lib64/libnssutil3.so
7af75d0d5000-7af75d0e0000 r--p 0001c000 08:01 23629701                   /home/toolchain/development/libc++_replacement/tmp/R11/extracted/e2/e222622001e775e93cf6c80877dbf05524a7b18c411a4ec94cab6ab5026a00e6/usr/lib64/libnssutil3.so
7af75d0e0000-7af75d0e7000 r--p 00027000 08:01 23629701                   /home/toolchain/development/libc++_replacement/tmp/R11/extracted/e2/e222622001e775e93cf6c80877dbf05524a7b18c411a4ec94cab6ab5026a00e6/usr/lib64/libnssutil3.so
7af75d0e7000-7af75d0e8000 rw-p 0002e000 08:01 23629701                   /home/toolchain/development/libc++_replacement/tmp/R11/extracted/e2/e222622001e775e93cf6c80877dbf05524a7b18c411a4ec94cab6ab5026a00e6/usr/lib64/libnssutil3.so
7af75d0e8000-7af75d102000 r--p 00000000 08:01 23629698                   /home/toolchain/development/libc++_replacement/tmp/R11/extracted/e2/e222622001e775e93cf6c80877dbf05524a7b18c411a4ec94cab6ab5026a00e6/usr/lib64/libnss3.so
7af75d102000-7af75d1af000 r-xp 0001a000 08:01 23629698                   /home/toolchain/development/libc++_replacement/tmp/R11/extracted/e2/e222622001e775e93cf6c80877dbf05524a7b18c411a4ec94cab6ab5026a00e6/usr/lib64/libnss3.so
7af75d1af000-7af75d1de000 r--p 000c7000 08:01 23629698                   /home/toolchain/development/libc++_replacement/tmp/R11/extracted/e2/e222622001e775e93cf6c80877dbf05524a7b18c411a4ec94cab6ab5026a00e6/usr/lib64/libnss3.so
7af75d1de000-7af75d1e5000 r--p 000f6000 08:01 23629698                   /home/toolchain/development/libc++_replacement/tmp/R11/extracted/e2/e222622001e775e93cf6c80877dbf05524a7b18c411a4ec94cab6ab5026a00e6/usr/lib64/libnss3.so
7af75d1e5000-7af75d1e6000 rw-p 000fd000 08:01 23629698                   /home/toolchain/development/libc++_replacement/tmp/R11/extracted/e2/e222622001e775e93cf6c80877dbf05524a7b18c411a4ec94cab6ab5026a00e6/usr/lib64/libnss3.so
7af75d1e6000-7af75d1e8000 rw-p 00000000 00:00 0 
7af75d1e8000-7af75d1f4000 r--p 00000000 08:01 23629631                   /home/toolchain/development/libc++_replacement/tmp/R11/extracted/1b/1b1e0c06f14e8cdd3e58db640159ac4e12089b52793ac3f1f73079d5be9493b5/usr/lib64/libnspr4.so
7af75d1f4000-7af75d210000 r-xp 0000c000 08:01 23629631                   /home/toolchain/development/libc++_replacement/tmp/R11/extracted/1b/1b1e0c06f14e8cdd3e58db640159ac4e12089b52793ac3f1f73079d5be9493b5/usr/lib64/libnspr4.so
7af75d210000-7af75d21b000 r--p 00028000 08:01 23629631                   /home/toolchain/development/libc++_replacement/tmp/R11/extracted/1b/1b1e0c06f14e8cdd3e58db640159ac4e12089b52793ac3f1f73079d5be9493b5/usr/lib64/libnspr4.so
7af75d21b000-7af75d21d000 r--p 00032000 08:01 23629631                   /home/toolchain/development/libc++_replacement/tmp/R11/extracted/1b/1b1e0c06f14e8cdd3e58db640159ac4e12089b52793ac3f1f73079d5be9493b5/usr/lib64/libnspr4.so
7af75d21d000-7af75d21e000 rw-p 00034000 08:01 23629631                   /home/toolchain/development/libc++_replacement/tmp/R11/extracted/1b/1b1e0c06f14e8cdd3e58db640159ac4e12089b52793ac3f1f73079d5be9493b5/usr/lib64/libnspr4.so
7af75d21e000-7af75d221000 rw-p 00000000 00:00 0 
7af75d221000-7af75d28e000 r--p 00000000 08:01 23622770                   /home/toolchain/development/libc++_replacement/tmp/R11/extracted/84/8477c684d513edca7d64706710711e51c74cfc270048526e4cd3604d0dc19c47/usr/lib64/libicuuc.so.78.1
7af75d28e000-7af75d359000 r-xp 0006d000 08:01 23622770                   /home/toolchain/development/libc++_replacement/tmp/R11/extracted/84/8477c684d513edca7d64706710711e51c74cfc270048526e4cd3604d0dc19c47/usr/lib64/libicuuc.so.78.1
7af75d359000-7af75d3e8000 r--p 00138000 08:01 23622770                   /home/toolchain/development/libc++_replacement/tmp/R11/extracted/84/8477c684d513edca7d64706710711e51c74cfc270048526e4cd3604d0dc19c47/usr/lib64/libicuuc.so.78.1
7af75d3e8000-7af75d3fb000 r--p 001c6000 08:01 23622770                   /home/toolchain/development/libc++_replacement/tmp/R11/extracted/84/8477c684d513edca7d64706710711e51c74cfc270048526e4cd3604d0dc19c47/usr/lib64/libicuuc.so.78.1
7af75d3fb000-7af75d3fc000 rw-p 001d9000 08:01 23622770                   /home/toolchain/development/libc++_replacement/tmp/R11/extracted/84/8477c684d513edca7d64706710711e51c74cfc270048526e4cd3604d0dc19c47/usr/lib64/libicuuc.so.78.1
7af75d3fc000-7af75d400000 rw-p 00000000 00:00 0 
7af75d400000-7af75d515000 r--p 00000000 08:01 23622633                   /home/toolchain/development/libc++_replacement/tmp/R11/extracted/84/8477c684d513edca7d64706710711e51c74cfc270048526e4cd3604d0dc19c47/usr/lib64/libicui18n.so.78.1
7af75d515000-7af75d681000 r-xp 00115000 08:01 23622633                   /home/toolchain/development/libc++_replacement/tmp/R11/extracted/84/8477c684d513edca7d64706710711e51c74cfc270048526e4cd3604d0dc19c47/usr/lib64/libicui18n.so.78.1
7af75d681000-7af75d702000 r--p 00281000 08:01 23622633                   /home/toolchain/development/libc++_replacement/tmp/R11/extracted/84/8477c684d513edca7d64706710711e51c74cfc270048526e4cd3604d0dc19c47/usr/lib64/libicui18n.so.78.1
7af75d702000-7af75d713000 r--p 00302000 08:01 23622633                   /home/toolchain/development/libc++_replacement/tmp/R11/extracted/84/8477c684d513edca7d64706710711e51c74cfc270048526e4cd3604d0dc19c47/usr/lib64/libicui18n.so.78.1
7af75d713000-7af75d715000 rw-p 00313000 08:01 23622633                   /home/toolchain/development/libc++_replacement/tmp/R11/extracted/84/8477c684d513edca7d64706710711e51c74cfc270048526e4cd3604d0dc19c47/usr/lib64/libicui18n.so.78.1
7af75d715000-7af75d716000 rw-p 00000000 00:00 0 
7af75d717000-7af75d720000 r--p 00000000 08:01 23629702                   /home/toolchain/development/libc++_replacement/tmp/R11/extracted/e2/e222622001e775e93cf6c80877dbf05524a7b18c411a4ec94cab6ab5026a00e6/usr/lib64/libsmime3.so
7af75d720000-7af75d735000 r-xp 00009000 08:01 23629702                   /home/toolchain/development/libc++_replacement/tmp/R11/extracted/e2/e222622001e775e93cf6c80877dbf05524a7b18c411a4ec94cab6ab5026a00e6/usr/lib64/libsmime3.so
7af75d735000-7af75d73b000 r--p 0001e000 08:01 23629702                   /home/toolchain/development/libc++_replacement/tmp/R11/extracted/e2/e222622001e775e93cf6c80877dbf05524a7b18c411a4ec94cab6ab5026a00e6/usr/lib64/libsmime3.so
7af75d73b000-7af75d73e000 r--p 00023000 08:01 23629702                   /home/toolchain/development/libc++_replacement/tmp/R11/extracted/e2/e222622001e775e93cf6c80877dbf05524a7b18c411a4ec94cab6ab5026a00e6/usr/lib64/libsmime3.so
7af75d73e000-7af75d73f000 rw-p 00026000 08:01 23629702                   /home/toolchain/development/libc++_replacement/tmp/R11/extracted/e2/e222622001e775e93cf6c80877dbf05524a7b18c411a4ec94cab6ab5026a00e6/usr/lib64/libsmime3.so
7af75d73f000-7af75d74b000 r--p 00000000 08:01 26004566                   /home/toolchain/development/libc++_replacement/tmp/R11/extracted/13/130cb9ce0ab2b3bfe89db04629e44f7b9d35ca038c71c00198b93c379a23795e/usr/lib64/libatk-bridge-2.0.so.0.0.0
7af75d74b000-7af75d760000 r-xp 0000c000 08:01 26004566                   /home/toolchain/development/libc++_replacement/tmp/R11/extracted/13/130cb9ce0ab2b3bfe89db04629e44f7b9d35ca038c71c00198b93c379a23795e/usr/lib64/libatk-bridge-2.0.so.0.0.0
7af75d760000-7af75d76d000 r--p 00021000 08:01 26004566                   /home/toolchain/development/libc++_replacement/tmp/R11/extracted/13/130cb9ce0ab2b3bfe89db04629e44f7b9d35ca038c71c00198b93c379a23795e/usr/lib64/libatk-bridge-2.0.so.0.0.0
7af75d76d000-7af75d76e000 r--p 0002e000 08:01 26004566                   /home/toolchain/development/libc++_replacement/tmp/R11/extracted/13/130cb9ce0ab2b3bfe89db04629e44f7b9d35ca038c71c00198b93c379a23795e/usr/lib64/libatk-bridge-2.0.so.0.0.0
7af75d76e000-7af75d770000 rw-p 0002f000 08:01 26004566                   /home/toolchain/development/libc++_replacement/tmp/R11/extracted/13/130cb9ce0ab2b3bfe89db04629e44f7b9d35ca038c71c00198b93c379a23795e/usr/lib64/libatk-bridge-2.0.so.0.0.0
7af75d770000-7af75d771000 rw-p 00000000 00:00 0 
7af75d771000-7af75d780000 r--p 00000000 08:01 26085460                   /home/toolchain/development/libc++_replacement/tmp/R11/extracted/e4/e41cd6fb69e5ce4b5df0549d05d30debb1bb74f0bb9e6f16412063a99dd31b6a/usr/lib64/libgobject-2.0.so.0.8000.5
7af75d780000-7af75d7aa000 r-xp 0000f000 08:01 26085460                   /home/toolchain/development/libc++_replacement/tmp/R11/extracted/e4/e41cd6fb69e5ce4b5df0549d05d30debb1bb74f0bb9e6f16412063a99dd31b6a/usr/lib64/libgobject-2.0.so.0.8000.5
7af75d7aa000-7af75d7c1000 r--p 00039000 08:01 26085460                   /home/toolchain/development/libc++_replacement/tmp/R11/extracted/e4/e41cd6fb69e5ce4b5df0549d05d30debb1bb74f0bb9e6f16412063a99dd31b6a/usr/lib64/libgobject-2.0.so.0.8000.5
7af75d7c1000-7af75d7c4000 r--p 00050000 08:01 26085460                   /home/toolchain/development/libc++_replacement/tmp/R11/extracted/e4/e41cd6fb69e5ce4b5df0549d05d30debb1bb74f0bb9e6f16412063a99dd31b6a/usr/lib64/libgobject-2.0.so.0.8000.5
7af75d7c4000-7af75d7c5000 rw-p 00053000 08:01 26085460                   /home/toolchain/development/libc++_replacement/tmp/R11/extracted/e4/e41cd6fb69e5ce4b5df0549d05d30debb1bb74f0bb9e6f16412063a99dd31b6a/usr/lib64/libgobject-2.0.so.0.8000.5
7af75d7c5000-7af75d7c6000 rw-p 00000000 00:00 0 
7af75d7c6000-7af75d7d0000 r--p 00000000 08:01 26004572                   /home/toolchain/development/libc++_replacement/tmp/R11/extracted/a5/a57456a2a67f4376afe8451360488853610e4d3240787426245471b660b35c57/usr/lib64/libatk-1.0.so.0.23609.1
7af75d7d0000-7af75d7df000 r-xp 0000a000 08:01 26004572                   /home/toolchain/development/libc++_replacement/tmp/R11/extracted/a5/a57456a2a67f4376afe8451360488853610e4d3240787426245471b660b35c57/usr/lib64/libatk-1.0.so.0.23609.1
7af75d7df000-7af75d7e9000 r--p 00019000 08:01 26004572                   /home/toolchain/development/libc++_replacement/tmp/R11/extracted/a5/a57456a2a67f4376afe8451360488853610e4d3240787426245471b660b35c57/usr/lib64/libatk-1.0.so.0.23609.1
7af75d7e9000-7af75d7ec000 r--p 00023000 08:01 26004572                   /home/toolchain/development/libc++_replacement/tmp/R11/extracted/a5/a57456a2a67f4376afe8451360488853610e4d3240787426245471b660b35c57/usr/lib64/libatk-1.0.so.0.23609.1
7af75d7ec000-7af75d7ed000 rw-p 00026000 08:01 26004572                   /home/toolchain/development/libc++_replacement/tmp/R11/extracted/a5/a57456a2a67f4376afe8451360488853610e4d3240787426245471b660b35c57/usr/lib64/libatk-1.0.so.0.23609.1
7af75d7ed000-7af75d7ff000 r--p 00000000 08:01 25835259                   /home/toolchain/development/libc++_replacement/tmp/R11/extracted/a5/a563335a2be3f46293082fd3f9c05ccc99a459c6d964a2f7158e4560e7300812/usr/lib64/libecore_wl2.so.1.25.1
7af75d7ff000-7af75d820000 r-xp 00012000 08:01 25835259                   /home/toolchain/development/libc++_replacement/tmp/R11/extracted/a5/a563335a2be3f46293082fd3f9c05ccc99a459c6d964a2f7158e4560e7300812/usr/lib64/libecore_wl2.so.1.25.1
7af75d820000-7af75d830000 r--p 00033000 08:01 25835259                   /home/toolchain/development/libc++_replacement/tmp/R11/extracted/a5/a563335a2be3f46293082fd3f9c05ccc99a459c6d964a2f7158e4560e7300812/usr/lib64/libecore_wl2.so.1.25.1
7af75d830000-7af75d832000 r--p 00042000 08:01 25835259                   /home/toolchain/development/libc++_replacement/tmp/R11/extracted/a5/a563335a2be3f46293082fd3f9c05ccc99a459c6d964a2f7158e4560e7300812/usr/lib64/libecore_wl2.so.1.25.1
7af75d832000-7af75d833000 rw-p 00044000 08:01 25835259                   /home/toolchain/development/libc++_replacement/tmp/R11/extracted/a5/a563335a2be3f46293082fd3f9c05ccc99a459c6d964a2f7158e4560e7300812/usr/lib64/libecore_wl2.so.1.25.1
7af75d833000-7af75d834000 rw-p 00000000 00:00 0 
7af75d834000-7af75d865000 r--p 00000000 08:01 26119199                   /home/toolchain/development/libc++_replacement/tmp/R11/extracted/63/63f3107f2d3f9333d95eed1ad3840b72879e1ce80f0d2733eee0dad23df67730/usr/lib64/libpkgmgr-info.so.0.37.2
7af75d865000-7af75d8c8000 r-xp 00031000 08:01 26119199                   /home/toolchain/development/libc++_replacement/tmp/R11/extracted/63/63f3107f2d3f9333d95eed1ad3840b72879e1ce80f0d2733eee0dad23df67730/usr/lib64/libpkgmgr-info.so.0.37.2
7af75d8c8000-7af75d8e6000 r--p 00094000 08:01 26119199                   /home/toolchain/development/libc++_replacement/tmp/R11/extracted/63/63f3107f2d3f9333d95eed1ad3840b72879e1ce80f0d2733eee0dad23df67730/usr/lib64/libpkgmgr-info.so.0.37.2
7af75d8e6000-7af75d8e8000 r--p 000b2000 08:01 26119199                   /home/toolchain/development/libc++_replacement/tmp/R11/extracted/63/63f3107f2d3f9333d95eed1ad3840b72879e1ce80f0d2733eee0dad23df67730/usr/lib64/libpkgmgr-info.so.0.37.2
7af75d8e8000-7af75d8ea000 rw-p 000b4000 08:01 26119199                   /home/toolchain/development/libc++_replacement/tmp/R11/extracted/63/63f3107f2d3f9333d95eed1ad3840b72879e1ce80f0d2733eee0dad23df67730/usr/lib64/libpkgmgr-info.so.0.37.2
7af75d8ea000-7af75d909000 r--p 00000000 08:01 26085410                   /home/toolchain/development/libc++_replacement/tmp/R11/extracted/ec/eca90911031c2fc0795fbe9127f5ec74db9a8ecd85c3abd6b83ec36678f94fa3/usr/lib64/libglib-2.0.so.0.8000.5
7af75d909000-7af75d989000 r-xp 0001f000 08:01 26085410                   /home/toolchain/development/libc++_replacement/tmp/R11/extracted/ec/eca90911031c2fc0795fbe9127f5ec74db9a8ecd85c3abd6b83ec36678f94fa3/usr/lib64/libglib-2.0.so.0.8000.5
7af75d989000-7af75da0c000 r--p 0009f000 08:01 26085410                   /home/toolchain/development/libc++_replacement/tmp/R11/extracted/ec/eca90911031c2fc0795fbe9127f5ec74db9a8ecd85c3abd6b83ec36678f94fa3/usr/lib64/libglib-2.0.so.0.8000.5
7af75da0c000-7af75da0d000 r--p 00122000 08:01 26085410                   /home/toolchain/development/libc++_replacement/tmp/R11/extracted/ec/eca90911031c2fc0795fbe9127f5ec74db9a8ecd85c3abd6b83ec36678f94fa3/usr/lib64/libglib-2.0.so.0.8000.5
7af75da0d000-7af75da0e000 rw-p 00123000 08:01 26085410                   /home/toolchain/development/libc++_replacement/tmp/R11/extracted/ec/eca90911031c2fc0795fbe9127f5ec74db9a8ecd85c3abd6b83ec36678f94fa3/usr/lib64/libglib-2.0.so.0.8000.5
7af75da0e000-7af75da0f000 rw-p 00000000 00:00 0 
7af75da0f000-7af75da14000 r--p 00000000 08:01 14340278                   /home/toolchain/development/libc++_replacement/tmp/R11/extracted/cc/cc61b523b97fab0d551409676b06bed8e12ec94f045f9b61db47341ba32e8390/usr/lib64/libpng16.so.16.44.0
7af75da14000-7af75da33000 r-xp 00005000 08:01 14340278                   /home/toolchain/development/libc++_replacement/tmp/R11/extracted/cc/cc61b523b97fab0d551409676b06bed8e12ec94f045f9b61db47341ba32e8390/usr/lib64/libpng16.so.16.44.0
7af75da33000-7af75da3c000 r--p 00024000 08:01 14340278                   /home/toolchain/development/libc++_replacement/tmp/R11/extracted/cc/cc61b523b97fab0d551409676b06bed8e12ec94f045f9b61db47341ba32e8390/usr/lib64/libpng16.so.16.44.0
7af75da3c000-7af75da3d000 r--p 0002c000 08:01 14340278                   /home/toolchain/development/libc++_replacement/tmp/R11/extracted/cc/cc61b523b97fab0d551409676b06bed8e12ec94f045f9b61db47341ba32e8390/usr/lib64/libpng16.so.16.44.0
7af75da3d000-7af75da3e000 rw-p 0002d000 08:01 14340278                   /home/toolchain/development/libc++_replacement/tmp/R11/extracted/cc/cc61b523b97fab0d551409676b06bed8e12ec94f045f9b61db47341ba32e8390/usr/lib64/libpng16.so.16.44.0
7af75da3e000-7af75da4c000 r--p 00000000 08:01 23615903                   /home/toolchain/development/libc++_replacement/tmp/R11/extracted/bb/bba8a544f407a9da42ee4e785c5ef8a48024d1a094bbe35fef027b62aa9712a4/usr/lib64/libjsoncpp.so.1.9.6
7af75da4c000-7af75da6d000 r-xp 0000e000 08:01 23615903                   /home/toolchain/development/libc++_replacement/tmp/R11/extracted/bb/bba8a544f407a9da42ee4e785c5ef8a48024d1a094bbe35fef027b62aa9712a4/usr/lib64/libjsoncpp.so.1.9.6
7af75da6d000-7af75da76000 r--p 0002f000 08:01 23615903                   /home/toolchain/development/libc++_replacement/tmp/R11/extracted/bb/bba8a544f407a9da42ee4e785c5ef8a48024d1a094bbe35fef027b62aa9712a4/usr/lib64/libjsoncpp.so.1.9.6
7af75da76000-7af75da77000 r--p 00037000 08:01 23615903                   /home/toolchain/development/libc++_replacement/tmp/R11/extracted/bb/bba8a544f407a9da42ee4e785c5ef8a48024d1a094bbe35fef027b62aa9712a4/usr/lib64/libjsoncpp.so.1.9.6
7af75da77000-7af75da78000 rw-p 00038000 08:01 23615903                   /home/toolchain/development/libc++_replacement/tmp/R11/extracted/bb/bba8a544f407a9da42ee4e785c5ef8a48024d1a094bbe35fef027b62aa9712a4/usr/lib64/libjsoncpp.so.1.9.6
7af75da78000-7af75da7b000 r--p 00000000 08:01 23630178                   /home/toolchain/development/libc++_replacement/tmp/R11/extracted/39/39631b4325f25a57ea755287cd25a33df04a2c912baeea2286e8d08352dd9da2/usr/lib64/libopus.so.0.8.0
7af75da7b000-7af75dab8000 r-xp 00003000 08:01 23630178                   /home/toolchain/development/libc++_replacement/tmp/R11/extracted/39/39631b4325f25a57ea755287cd25a33df04a2c912baeea2286e8d08352dd9da2/usr/lib64/libopus.so.0.8.0
7af75dab8000-7af75daca000 r--p 00040000 08:01 23630178                   /home/toolchain/development/libc++_replacement/tmp/R11/extracted/39/39631b4325f25a57ea755287cd25a33df04a2c912baeea2286e8d08352dd9da2/usr/lib64/libopus.so.0.8.0
7af75daca000-7af75dacb000 r--p 00051000 08:01 23630178                   /home/toolchain/development/libc++_replacement/tmp/R11/extracted/39/39631b4325f25a57ea755287cd25a33df04a2c912baeea2286e8d08352dd9da2/usr/lib64/libopus.so.0.8.0
7af75dacb000-7af75dacc000 rw-p 00052000 08:01 23630178                   /home/toolchain/development/libc++_replacement/tmp/R11/extracted/39/39631b4325f25a57ea755287cd25a33df04a2c912baeea2286e8d08352dd9da2/usr/lib64/libopus.so.0.8.0
7af75dacc000-7af75dacf000 r--p 00000000 08:01 23624264                   /home/toolchain/development/libc++_replacement/tmp/R11/extracted/ff/ff59991b5cf650e0726c6f54af329bf9fbe7fd36f9f7c42dda22ca9742225e79/usr/lib64/libwebp.so.7.1.9
7af75dacf000-7af75db4c000 r-xp 00003000 08:01 23624264                   /home/toolchain/development/libc++_replacement/tmp/R11/extracted/ff/ff59991b5cf650e0726c6f54af329bf9fbe7fd36f9f7c42dda22ca9742225e79/usr/lib64/libwebp.so.7.1.9
7af75db4c000-7af75db5e000 r--p 00080000 08:01 23624264                   /home/toolchain/development/libc++_replacement/tmp/R11/extracted/ff/ff59991b5cf650e0726c6f54af329bf9fbe7fd36f9f7c42dda22ca9742225e79/usr/lib64/libwebp.so.7.1.9
7af75db5e000-7af75db5f000 r--p 00091000 08:01 23624264                   /home/toolchain/development/libc++_replacement/tmp/R11/extracted/ff/ff59991b5cf650e0726c6f54af329bf9fbe7fd36f9f7c42dda22ca9742225e79/usr/lib64/libwebp.so.7.1.9
7af75db5f000-7af75db60000 rw-p 00092000 08:01 23624264                   /home/toolchain/development/libc++_replacement/tmp/R11/extracted/ff/ff59991b5cf650e0726c6f54af329bf9fbe7fd36f9f7c42dda22ca9742225e79/usr/lib64/libwebp.so.7.1.9
7af75db60000-7af75db61000 rw-p 00000000 00:00 0 
7af75db61000-7af75db66000 r--p 00000000 08:01 26089189                   /home/toolchain/development/libc++_replacement/tmp/R11/extracted/5e/5e2848d0eb014068cd5d1076d87e6102f81218748a8e789f7870121e883bef28/usr/lib64/libvpx.so.7.1.0
7af75db66000-7af75dd17000 r-xp 00005000 08:01 26089189                   /home/toolchain/development/libc++_replacement/tmp/R11/extracted/5e/5e2848d0eb014068cd5d1076d87e6102f81218748a8e789f7870121e883bef28/usr/lib64/libvpx.so.7.1.0
7af75dd17000-7af75dd54000 r--p 001b6000 08:01 26089189                   /home/toolchain/development/libc++_replacement/tmp/R11/extracted/5e/5e2848d0eb014068cd5d1076d87e6102f81218748a8e789f7870121e883bef28/usr/lib64/libvpx.so.7.1.0
7af75dd54000-7af75dd57000 r--p 001f2000 08:01 26089189                   /home/toolchain/development/libc++_replacement/tmp/R11/extracted/5e/5e2848d0eb014068cd5d1076d87e6102f81218748a8e789f7870121e883bef28/usr/lib64/libvpx.so.7.1.0
7af75dd57000-7af75dd58000 rw-p 001f5000 08:01 26089189                   /home/toolchain/development/libc++_replacement/tmp/R11/extracted/5e/5e2848d0eb014068cd5d1076d87e6102f81218748a8e789f7870121e883bef28/usr/lib64/libvpx.so.7.1.0
7af75dd58000-7af75dd5b000 rw-p 00000000 00:00 0 
7af75dd5b000-7af75dd68000 r--p 00000000 08:01 26085350                   /home/toolchain/development/libc++_replacement/tmp/R11/extracted/5d/5da96fd7373ad9d27edc2a431f5ff807e2f3520f4eaa363097d1154205e6c7f9/usr/lib64/libfreetype.so.6.20.1
7af75dd68000-7af75ddd3000 r-xp 0000d000 08:01 26085350                   /home/toolchain/development/libc++_replacement/tmp/R11/extracted/5d/5da96fd7373ad9d27edc2a431f5ff807e2f3520f4eaa363097d1154205e6c7f9/usr/lib64/libfreetype.so.6.20.1
7af75ddd3000-7af75ddf8000 r--p 00078000 08:01 26085350                   /home/toolchain/development/libc++_replacement/tmp/R11/extracted/5d/5da96fd7373ad9d27edc2a431f5ff807e2f3520f4eaa363097d1154205e6c7f9/usr/lib64/libfreetype.so.6.20.1
7af75ddf8000-7af75ddff000 r--p 0009c000 08:01 26085350                   /home/toolchain/development/libc++_replacement/tmp/R11/extracted/5d/5da96fd7373ad9d27edc2a431f5ff807e2f3520f4eaa363097d1154205e6c7f9/usr/lib64/libfreetype.so.6.20.1
7af75ddff000-7af75de00000 rw-p 000a3000 08:01 26085350                   /home/toolchain/development/libc++_replacement/tmp/R11/extracted/5d/5da96fd7373ad9d27edc2a431f5ff807e2f3520f4eaa363097d1154205e6c7f9/usr/lib64/libfreetype.so.6.20.1
7af75de00000-7af75dee0000 r--p 00000000 08:01 25840623                   /home/toolchain/development/libc++_replacement/tmp/R11/extracted/f2/f2982b49e6ba19cfead18c936203b5e4cd0c621ee9d935f14c44519a24279330/usr/lib64/libelementary.so.1.25.100
7af75dee0000-7af75e121000 r-xp 000e0000 08:01 25840623                   /home/toolchain/development/libc++_replacement/tmp/R11/extracted/f2/f2982b49e6ba19cfead18c936203b5e4cd0c621ee9d935f14c44519a24279330/usr/lib64/libelementary.so.1.25.100
7af75e121000-7af75e21a000 r--p 00321000 08:01 25840623                   /home/toolchain/development/libc++_replacement/tmp/R11/extracted/f2/f2982b49e6ba19cfead18c936203b5e4cd0c621ee9d935f14c44519a24279330/usr/lib64/libelementary.so.1.25.100
7af75e21a000-7af75e243000 r--p 00419000 08:01 25840623                   /home/toolchain/development/libc++_replacement/tmp/R11/extracted/f2/f2982b49e6ba19cfead18c936203b5e4cd0c621ee9d935f14c44519a24279330/usr/lib64/libelementary.so.1.25.100
7af75e243000-7af75e24c000 rw-p 00442000 08:01 25840623                   /home/toolchain/development/libc++_replacement/tmp/R11/extracted/f2/f2982b49e6ba19cfead18c936203b5e4cd0c621ee9d935f14c44519a24279330/usr/lib64/libelementary.so.1.25.100
7af75e24c000-7af75e253000 rw-p 00000000 00:00 0 
7af75e256000-7af75e258000 r--p 00000000 08:01 25714424                   /home/toolchain/development/libc++_replacement/tmp/R11/extracted/c3/c3d22a505a18075e3ffa2d8906fbef5244a37495d1b4b4d03c0fd415e1a5fbfc/usr/lib64/libappsvc.so.0.1.0
7af75e258000-7af75e259000 r-xp 00002000 08:01 25714424                   /home/toolchain/development/libc++_replacement/tmp/R11/extracted/c3/c3d22a505a18075e3ffa2d8906fbef5244a37495d1b4b4d03c0fd415e1a5fbfc/usr/lib64/libappsvc.so.0.1.0
7af75e259000-7af75e25a000 r--p 00003000 08:01 25714424                   /home/toolchain/development/libc++_replacement/tmp/R11/extracted/c3/c3d22a505a18075e3ffa2d8906fbef5244a37495d1b4b4d03c0fd415e1a5fbfc/usr/lib64/libappsvc.so.0.1.0
7af75e25a000-7af75e25b000 r--p 00003000 08:01 25714424                   /home/toolchain/development/libc++_replacement/tmp/R11/extracted/c3/c3d22a505a18075e3ffa2d8906fbef5244a37495d1b4b4d03c0fd415e1a5fbfc/usr/lib64/libappsvc.so.0.1.0
7af75e25b000-7af75e25c000 rw-p 00004000 08:01 25714424                   /home/toolchain/development/libc++_replacement/tmp/R11/extracted/c3/c3d22a505a18075e3ffa2d8906fbef5244a37495d1b4b4d03c0fd415e1a5fbfc/usr/lib64/libappsvc.so.0.1.0
7af75e25c000-7af75e260000 r--p 00000000 08:01 25823603                   /home/toolchain/development/libc++_replacement/tmp/R11/extracted/73/7389dc2a0cf611d5228582c536c8dfcc5b713015f88abc7cdc0b836cadad8d24/usr/lib64/libcapi-system-device.so.0.1.0
7af75e260000-7af75e268000 r-xp 00004000 08:01 25823603                   /home/toolchain/development/libc++_replacement/tmp/R11/extracted/73/7389dc2a0cf611d5228582c536c8dfcc5b713015f88abc7cdc0b836cadad8d24/usr/lib64/libcapi-system-device.so.0.1.0
7af75e268000-7af75e26c000 r--p 0000c000 08:01 25823603                   /home/toolchain/development/libc++_replacement/tmp/R11/extracted/73/7389dc2a0cf611d5228582c536c8dfcc5b713015f88abc7cdc0b836cadad8d24/usr/lib64/libcapi-system-device.so.0.1.0
7af75e26c000-7af75e26d000 r--p 00010000 08:01 25823603                   /home/toolchain/development/libc++_replacement/tmp/R11/extracted/73/7389dc2a0cf611d5228582c536c8dfcc5b713015f88abc7cdc0b836cadad8d24/usr/lib64/libcapi-system-device.so.0.1.0
7af75e26d000-7af75e26e000 rw-p 00011000 08:01 25823603                   /home/toolchain/development/libc++_replacement/tmp/R11/extracted/73/7389dc2a0cf611d5228582c536c8dfcc5b713015f88abc7cdc0b836cadad8d24/usr/lib64/libcapi-system-device.so.0.1.0
7af75e26e000-7af75e272000 r--p 00000000 08:01 25821510                   /home/toolchain/development/libc++_replacement/tmp/R11/extracted/7e/7e4c7702044c8792a86f16197c61585906a66f691e42da9407066821195e5e51/usr/lib64/libcapi-appfw-app-manager.so.0.18.0
7af75e272000-7af75e278000 r-xp 00004000 08:01 25821510                   /home/toolchain/development/libc++_replacement/tmp/R11/extracted/7e/7e4c7702044c8792a86f16197c61585906a66f691e42da9407066821195e5e51/usr/lib64/libcapi-appfw-app-manager.so.0.18.0
7af75e278000-7af75e27b000 r--p 0000a000 08:01 25821510                   /home/toolchain/development/libc++_replacement/tmp/R11/extracted/7e/7e4c7702044c8792a86f16197c61585906a66f691e42da9407066821195e5e51/usr/lib64/libcapi-appfw-app-manager.so.0.18.0
7af75e27b000-7af75e27c000 r--p 0000d000 08:01 25821510                   /home/toolchain/development/libc++_replacement/tmp/R11/extracted/7e/7e4c7702044c8792a86f16197c61585906a66f691e42da9407066821195e5e51/usr/lib64/libcapi-appfw-app-manager.so.0.18.0
7af75e27c000-7af75e27d000 rw-p 0000e000 08:01 25821510                   /home/toolchain/development/libc++_replacement/tmp/R11/extracted/7e/7e4c7702044c8792a86f16197c61585906a66f691e42da9407066821195e5e51/usr/lib64/libcapi-appfw-app-manager.so.0.18.0
7af75e27d000-7af75e27e000 r--p 00000000 08:01 26005323                   /home/toolchain/development/libc++_replacement/tmp/R11/extracted/40/40787e08879d9a4270a3f1dc44aeed01ed9200a88d2f6edf884de751ed6a2b6e/usr/lib64/libbrotlienc.so.1.1.0
7af75e27e000-7af75e2dd000 r-xp 00001000 08:01 26005323                   /home/toolchain/development/libc++_replacement/tmp/R11/extracted/40/40787e08879d9a4270a3f1dc44aeed01ed9200a88d2f6edf884de751ed6a2b6e/usr/lib64/libbrotlienc.so.1.1.0
7af75e2dd000-7af75e32f000 r--p 00060000 08:01 26005323                   /home/toolchain/development/libc++_replacement/tmp/R11/extracted/40/40787e08879d9a4270a3f1dc44aeed01ed9200a88d2f6edf884de751ed6a2b6e/usr/lib64/libbrotlienc.so.1.1.0
7af75e32f000-7af75e330000 r--p 000b1000 08:01 26005323                   /home/toolchain/development/libc++_replacement/tmp/R11/extracted/40/40787e08879d9a4270a3f1dc44aeed01ed9200a88d2f6edf884de751ed6a2b6e/usr/lib64/libbrotlienc.so.1.1.0
7af75e330000-7af75e331000 rw-p 000b2000 08:01 26005323                   /home/toolchain/development/libc++_replacement/tmp/R11/extracted/40/40787e08879d9a4270a3f1dc44aeed01ed9200a88d2f6edf884de751ed6a2b6e/usr/lib64/libbrotlienc.so.1.1.0
7af75e331000-7af75e332000 r--p 00000000 08:01 26005292                   /home/toolchain/development/libc++_replacement/tmp/R11/extracted/99/993ff54f3fb96f75f5699b6ea45f092ab218ba388985cf52e743d4bdac6bfa6b/usr/lib64/libbrotlidec.so.1.1.0
7af75e332000-7af75e33a000 r-xp 00001000 08:01 26005292                   /home/toolchain/development/libc++_replacement/tmp/R11/extracted/99/993ff54f3fb96f75f5699b6ea45f092ab218ba388985cf52e743d4bdac6bfa6b/usr/lib64/libbrotlidec.so.1.1.0
7af75e33a000-7af75e33d000 r--p 00009000 08:01 26005292                   /home/toolchain/development/libc++_replacement/tmp/R11/extracted/99/993ff54f3fb96f75f5699b6ea45f092ab218ba388985cf52e743d4bdac6bfa6b/usr/lib64/libbrotlidec.so.1.1.0
7af75e33d000-7af75e33e000 r--p 0000b000 08:01 26005292                   /home/toolchain/development/libc++_replacement/tmp/R11/extracted/99/993ff54f3fb96f75f5699b6ea45f092ab218ba388985cf52e743d4bdac6bfa6b/usr/lib64/libbrotlidec.so.1.1.0
7af75e33e000-7af75e33f000 rw-p 0000c000 08:01 26005292                   /home/toolchain/development/libc++_replacement/tmp/R11/extracted/99/993ff54f3fb96f75f5699b6ea45f092ab218ba388985cf52e743d4bdac6bfa6b/usr/lib64/libbrotlidec.so.1.1.0
7af75e33f000-7af75e347000 r--p 00000000 08:01 26088542                   /home/toolchain/development/libc++_replacement/tmp/R11/extracted/d8/d8e2121c8cdef0174f29ad288a339a127aa9bc15ea05f4b0682df2513302045d/usr/lib64/libtbm.so.1.0.0
7af75e347000-7af75e36a000 r-xp 00008000 08:01 26088542                   /home/toolchain/development/libc++_replacement/tmp/R11/extracted/d8/d8e2121c8cdef0174f29ad288a339a127aa9bc15ea05f4b0682df2513302045d/usr/lib64/libtbm.so.1.0.0
7af75e36a000-7af75e374000 r--p 0002b000 08:01 26088542                   /home/toolchain/development/libc++_replacement/tmp/R11/extracted/d8/d8e2121c8cdef0174f29ad288a339a127aa9bc15ea05f4b0682df2513302045d/usr/lib64/libtbm.so.1.0.0
7af75e374000-7af75e375000 r--p 00035000 08:01 26088542                   /home/toolchain/development/libc++_replacement/tmp/R11/extracted/d8/d8e2121c8cdef0174f29ad288a339a127aa9bc15ea05f4b0682df2513302045d/usr/lib64/libtbm.so.1.0.0
7af75e375000-7af75e376000 rw-p 00036000 08:01 26088542                   /home/toolchain/development/libc++_replacement/tmp/R11/extracted/d8/d8e2121c8cdef0174f29ad288a339a127aa9bc15ea05f4b0682df2513302045d/usr/lib64/libtbm.so.1.0.0
7af75e376000-7af75e379000 r--p 00000000 08:01 25822515                   /home/toolchain/development/libc++_replacement/tmp/R11/extracted/bb/bb8ca49407c7f8b0468e21eee66d8c3ad842eed82b47d34b2c34c0d55c02a2d0/usr/lib64/libcapi-media-tool.so.0.2.0
7af75e379000-7af75e383000 r-xp 00003000 08:01 25822515                   /home/toolchain/development/libc++_replacement/tmp/R11/extracted/bb/bb8ca49407c7f8b0468e21eee66d8c3ad842eed82b47d34b2c34c0d55c02a2d0/usr/lib64/libcapi-media-tool.so.0.2.0
7af75e383000-7af75e388000 r--p 0000d000 08:01 25822515                   /home/toolchain/development/libc++_replacement/tmp/R11/extracted/bb/bb8ca49407c7f8b0468e21eee66d8c3ad842eed82b47d34b2c34c0d55c02a2d0/usr/lib64/libcapi-media-tool.so.0.2.0
7af75e388000-7af75e389000 r--p 00011000 08:01 25822515                   /home/toolchain/development/libc++_replacement/tmp/R11/extracted/bb/bb8ca49407c7f8b0468e21eee66d8c3ad842eed82b47d34b2c34c0d55c02a2d0/usr/lib64/libcapi-media-tool.so.0.2.0
7af75e389000-7af75e38a000 rw-p 00012000 08:01 25822515                   /home/toolchain/development/libc++_replacement/tmp/R11/extracted/bb/bb8ca49407c7f8b0468e21eee66d8c3ad842eed82b47d34b2c34c0d55c02a2d0/usr/lib64/libcapi-media-tool.so.0.2.0
7af75e38a000-7af75e390000 r--p 00000000 08:01 25822140                   /home/toolchain/development/libc++_replacement/tmp/R11/extracted/f6/f674d45d74803f2f61b07eddfb8b444936d1afc407b46e2442d314bc78ea7b40/usr/lib64/libcapi-media-camera.so.0.5.0
7af75e390000-7af75e3a7000 r-xp 00006000 08:01 25822140                   /home/toolchain/development/libc++_replacement/tmp/R11/extracted/f6/f674d45d74803f2f61b07eddfb8b444936d1afc407b46e2442d314bc78ea7b40/usr/lib64/libcapi-media-camera.so.0.5.0
7af75e3a7000-7af75e3b0000 r--p 0001d000 08:01 25822140                   /home/toolchain/development/libc++_replacement/tmp/R11/extracted/f6/f674d45d74803f2f61b07eddfb8b444936d1afc407b46e2442d314bc78ea7b40/usr/lib64/libcapi-media-camera.so.0.5.0
7af75e3b0000-7af75e3b1000 r--p 00025000 08:01 25822140                   /home/toolchain/development/libc++_replacement/tmp/R11/extracted/f6/f674d45d74803f2f61b07eddfb8b444936d1afc407b46e2442d314bc78ea7b40/usr/lib64/libcapi-media-camera.so.0.5.0
7af75e3b1000-7af75e3b2000 rw-p 00026000 08:01 25822140                   /home/toolchain/development/libc++_replacement/tmp/R11/extracted/f6/f674d45d74803f2f61b07eddfb8b444936d1afc407b46e2442d314bc78ea7b40/usr/lib64/libcapi-media-camera.so.0.5.0
7af75e3b2000-7af75e3bb000 r--p 00000000 08:01 25821789                   /home/toolchain/development/libc++_replacement/tmp/R11/extracted/78/78f6ddb4273a7c65f897bdd8f1fdc0b0b773f261c44fb7a482e4e4e6661f2fc4/usr/lib64/libcapi-base-common.so.0.4.82
7af75e3bb000-7af75e3bc000 r-xp 00009000 08:01 25821789                   /home/toolchain/development/libc++_replacement/tmp/R11/extracted/78/78f6ddb4273a7c65f897bdd8f1fdc0b0b773f261c44fb7a482e4e4e6661f2fc4/usr/lib64/libcapi-base-common.so.0.4.82
7af75e3bc000-7af75e3c5000 r--p 0000a000 08:01 25821789                   /home/toolchain/development/libc++_replacement/tmp/R11/extracted/78/78f6ddb4273a7c65f897bdd8f1fdc0b0b773f261c44fb7a482e4e4e6661f2fc4/usr/lib64/libcapi-base-common.so.0.4.82
7af75e3c5000-7af75e3ca000 r--p 00012000 08:01 25821789                   /home/toolchain/development/libc++_replacement/tmp/R11/extracted/78/78f6ddb4273a7c65f897bdd8f1fdc0b0b773f261c44fb7a482e4e4e6661f2fc4/usr/lib64/libcapi-base-common.so.0.4.82
7af75e3ca000-7af75e3cb000 rw-p 00017000 08:01 25821789                   /home/toolchain/development/libc++_replacement/tmp/R11/extracted/78/78f6ddb4273a7c65f897bdd8f1fdc0b0b773f261c44fb7a482e4e4e6661f2fc4/usr/lib64/libcapi-base-common.so.0.4.82
7af75e3cb000-7af75e3d5000 r--p 00000000 08:01 25839054                   /home/toolchain/development/libc++_replacement/tmp/R11/extracted/64/641236184aba59194f38bf60271a2f3c1da2a68d097739a39f3f485da0549be4/usr/lib64/libeldbus.so.1.25.1
7af75e3d5000-7af75e3f2000 r-xp 0000a000 08:01 25839054                   /home/toolchain/development/libc++_replacement/tmp/R11/extracted/64/641236184aba59194f38bf60271a2f3c1da2a68d097739a39f3f485da0549be4/usr/lib64/libeldbus.so.1.25.1
7af75e3f2000-7af75e3fe000 r--p 00027000 08:01 25839054                   /home/toolchain/development/libc++_replacement/tmp/R11/extracted/64/641236184aba59194f38bf60271a2f3c1da2a68d097739a39f3f485da0549be4/usr/lib64/libeldbus.so.1.25.1
7af75e3fe000-7af75e3ff000 r--p 00033000 08:01 25839054                   /home/toolchain/development/libc++_replacement/tmp/R11/extracted/64/641236184aba59194f38bf60271a2f3c1da2a68d097739a39f3f485da0549be4/usr/lib64/libeldbus.so.1.25.1
7af75e3ff000-7af75e400000 rw-p 00034000 08:01 25839054                   /home/toolchain/development/libc++_replacement/tmp/R11/extracted/64/641236184aba59194f38bf60271a2f3c1da2a68d097739a39f3f485da0549be4/usr/lib64/libeldbus.so.1.25.1
7af75e400000-7af75e452000 r--p 00000000 08:01 25869998                   /home/toolchain/development/libc++_replacement/tmp/R11/extracted/85/8593c4710f8f264ca986b59d3fd51c77821e9addb2add1d80d42a5177206711f/usr/lib64/libevas.so.1.25.1
7af75e452000-7af75e597000 r-xp 00052000 08:01 25869998                   /home/toolchain/development/libc++_replacement/tmp/R11/extracted/85/8593c4710f8f264ca986b59d3fd51c77821e9addb2add1d80d42a5177206711f/usr/lib64/libevas.so.1.25.1
7af75e597000-7af75e608000 r--p 00197000 08:01 25869998                   /home/toolchain/development/libc++_replacement/tmp/R11/extracted/85/8593c4710f8f264ca986b59d3fd51c77821e9addb2add1d80d42a5177206711f/usr/lib64/libevas.so.1.25.1
7af75e608000-7af75e617000 r--p 00207000 08:01 25869998                   /home/toolchain/development/libc++_replacement/tmp/R11/extracted/85/8593c4710f8f264ca986b59d3fd51c77821e9addb2add1d80d42a5177206711f/usr/lib64/libevas.so.1.25.1
7af75e617000-7af75e61b000 rw-p 00216000 08:01 25869998                   /home/toolchain/development/libc++_replacement/tmp/R11/extracted/85/8593c4710f8f264ca986b59d3fd51c77821e9addb2add1d80d42a5177206711f/usr/lib64/libevas.so.1.25.1
7af75e61b000-7af75e64c000 rw-p 00000000 00:00 0 
7af75e64f000-7af75e654000 r--p 00000000 08:01 25609282                   /home/toolchain/development/libc++_replacement/tmp/R11/extracted/bf/bfc2d54a1096eeb34ae4eeaf9deca21b3b845c0d207a5bdeb6cba97524ad4dbb/usr/lib64/libefl-extension.so.0.1.0
7af75e654000-7af75e659000 r-xp 00005000 08:01 25609282                   /home/toolchain/development/libc++_replacement/tmp/R11/extracted/bf/bfc2d54a1096eeb34ae4eeaf9deca21b3b845c0d207a5bdeb6cba97524ad4dbb/usr/lib64/libefl-extension.so.0.1.0
7af75e659000-7af75e65b000 r--p 0000a000 08:01 25609282                   /home/toolchain/development/libc++_replacement/tmp/R11/extracted/bf/bfc2d54a1096eeb34ae4eeaf9deca21b3b845c0d207a5bdeb6cba97524ad4dbb/usr/lib64/libefl-extension.so.0.1.0
7af75e65b000-7af75e65c000 r--p 0000c000 08:01 25609282                   /home/toolchain/development/libc++_replacement/tmp/R11/extracted/bf/bfc2d54a1096eeb34ae4eeaf9deca21b3b845c0d207a5bdeb6cba97524ad4dbb/usr/lib64/libefl-extension.so.0.1.0
7af75e65c000-7af75e65d000 rw-p 0000d000 08:01 25609282                   /home/toolchain/development/libc++_replacement/tmp/R11/extracted/bf/bfc2d54a1096eeb34ae4eeaf9deca21b3b845c0d207a5bdeb6cba97524ad4dbb/usr/lib64/libefl-extension.so.0.1.0
7af75e65d000-7af75e684000 r--p 00000000 08:01 25836852                   /home/toolchain/development/libc++_replacement/tmp/R11/extracted/d5/d55bb7a3c85a721c363b2ea9214da3f8f62f669984649f672bb4dc1d341a00f6/usr/lib64/libedje.so.1.25.1
7af75e684000-7af75e710000 r-xp 00027000 08:01 25836852                   /home/toolchain/development/libc++_replacement/tmp/R11/extracted/d5/d55bb7a3c85a721c363b2ea9214da3f8f62f669984649f672bb4dc1d341a00f6/usr/lib64/libedje.so.1.25.1
7af75e710000-7af75e735000 r--p 000b3000 08:01 25836852                   /home/toolchain/development/libc++_replacement/tmp/R11/extracted/d5/d55bb7a3c85a721c363b2ea9214da3f8f62f669984649f672bb4dc1d341a00f6/usr/lib64/libedje.so.1.25.1
7af75e735000-7af75e738000 r--p 000d8000 08:01 25836852                   /home/toolchain/development/libc++_replacement/tmp/R11/extracted/d5/d55bb7a3c85a721c363b2ea9214da3f8f62f669984649f672bb4dc1d341a00f6/usr/lib64/libedje.so.1.25.1
7af75e738000-7af75e73b000 rw-p 000db000 08:01 25836852                   /home/toolchain/development/libc++_replacement/tmp/R11/extracted/d5/d55bb7a3c85a721c363b2ea9214da3f8f62f669984649f672bb4dc1d341a00f6/usr/lib64/libedje.so.1.25.1
7af75e73b000-7af75e73d000 r--p 00000000 08:01 25835129                   /home/toolchain/development/libc++_replacement/tmp/R11/extracted/2d/2dbc4d5269a3823621335b4a396b9613c9d5680881d19668c7701c42a163a632/usr/lib64/libecore_input.so.1.25.1
7af75e73d000-7af75e73f000 r-xp 00002000 08:01 25835129                   /home/toolchain/development/libc++_replacement/tmp/R11/extracted/2d/2dbc4d5269a3823621335b4a396b9613c9d5680881d19668c7701c42a163a632/usr/lib64/libecore_input.so.1.25.1
7af75e73f000-7af75e74f000 r--p 00004000 08:01 25835129                   /home/toolchain/development/libc++_replacement/tmp/R11/extracted/2d/2dbc4d5269a3823621335b4a396b9613c9d5680881d19668c7701c42a163a632/usr/lib64/libecore_input.so.1.25.1
7af75e74f000-7af75e750000 r--p 00014000 08:01 25835129                   /home/toolchain/development/libc++_replacement/tmp/R11/extracted/2d/2dbc4d5269a3823621335b4a396b9613c9d5680881d19668c7701c42a163a632/usr/lib64/libecore_input.so.1.25.1
7af75e750000-7af75e751000 rw-p 00015000 08:01 25835129                   /home/toolchain/development/libc++_replacement/tmp/R11/extracted/2d/2dbc4d5269a3823621335b4a396b9613c9d5680881d19668c7701c42a163a632/usr/lib64/libecore_input.so.1.25.1
7af75e751000-7af75e75e000 r--p 00000000 08:01 25835072                   /home/toolchain/development/libc++_replacement/tmp/R11/extracted/24/24e22d535c938ae12384734503c34d242f2b623cd8ad8e99b3b663f84e8175fc/usr/lib64/libecore_evas.so.1.25.1
7af75e75e000-7af75e773000 r-xp 0000d000 08:01 25835072                   /home/toolchain/development/libc++_replacement/tmp/R11/extracted/24/24e22d535c938ae12384734503c34d242f2b623cd8ad8e99b3b663f84e8175fc/usr/lib64/libecore_evas.so.1.25.1
7af75e773000-7af75e77d000 r--p 00022000 08:01 25835072                   /home/toolchain/development/libc++_replacement/tmp/R11/extracted/24/24e22d535c938ae12384734503c34d242f2b623cd8ad8e99b3b663f84e8175fc/usr/lib64/libecore_evas.so.1.25.1
7af75e77d000-7af75e77e000 r--p 0002b000 08:01 25835072                   /home/toolchain/development/libc++_replacement/tmp/R11/extracted/24/24e22d535c938ae12384734503c34d242f2b623cd8ad8e99b3b663f84e8175fc/usr/lib64/libecore_evas.so.1.25.1
7af75e77e000-7af75e77f000 rw-p 0002c000 08:01 25835072                   /home/toolchain/development/libc++_replacement/tmp/R11/extracted/24/24e22d535c938ae12384734503c34d242f2b623cd8ad8e99b3b663f84e8175fc/usr/lib64/libecore_evas.so.1.25.1
7af75e77f000-7af75e794000 r--p 00000000 08:01 25838751                   /home/toolchain/development/libc++_replacement/tmp/R11/extracted/a5/a5600e4ac0d26cb46758edcf47008d44534047bf1e063dd6c9427684a3c45ef5/usr/lib64/libeina.so.1.25.1
7af75e794000-7af75e7d8000 r-xp 00015000 08:01 25838751                   /home/toolchain/development/libc++_replacement/tmp/R11/extracted/a5/a5600e4ac0d26cb46758edcf47008d44534047bf1e063dd6c9427684a3c45ef5/usr/lib64/libeina.so.1.25.1
7af75e7d8000-7af75e7f7000 r--p 00059000 08:01 25838751                   /home/toolchain/development/libc++_replacement/tmp/R11/extracted/a5/a5600e4ac0d26cb46758edcf47008d44534047bf1e063dd6c9427684a3c45ef5/usr/lib64/libeina.so.1.25.1
7af75e7f7000-7af75e7f9000 r--p 00078000 08:01 25838751                   /home/toolchain/development/libc++_replacement/tmp/R11/extracted/a5/a5600e4ac0d26cb46758edcf47008d44534047bf1e063dd6c9427684a3c45ef5/usr/lib64/libeina.so.1.25.1
7af75e7f9000-7af75e7fb000 rw-p 0007a000 08:01 25838751                   /home/toolchain/development/libc++_replacement/tmp/R11/extracted/a5/a5600e4ac0d26cb46758edcf47008d44534047bf1e063dd6c9427684a3c45ef5/usr/lib64/libeina.so.1.25.1
7af75e7fb000-7af75e800000 rw-p 00000000 00:00 0 
7af75e800000-7af764420000 r--p 00000000 08:01 68884754                   /home/toolchain/development/libcxx_runtime_validation/tmp/API_0911/W1/chromium_image/lib/libchromium-impl.so
7af764420000-7af76cdb2000 r-xp 05c1f000 08:01 68884754                   /home/toolchain/development/libcxx_runtime_validation/tmp/API_0911/W1/chromium_image/lib/libchromium-impl.so
7af76cdb2000-7af76d6e0000 r--p 0e5b0000 08:01 68884754                   /home/toolchain/development/libcxx_runtime_validation/tmp/API_0911/W1/chromium_image/lib/libchromium-impl.so
7af76d6e0000-7af76d803000 rw-p 0eedd000 08:01 68884754                   /home/toolchain/development/libcxx_runtime_validation/tmp/API_0911/W1/chromium_image/lib/libchromium-impl.so
7af76d803000-7af76daa6000 rw-p 00000000 00:00 0 
7af76daa7000-7af76daa8000 r--p 00000000 103:01 24641948                  /usr/lib/locale/C.utf8/LC_MESSAGES/SYS_LC_MESSAGES
7af76daa8000-7af76daab000 r--p 00000000 08:01 25821531                   /home/toolchain/development/libc++_replacement/tmp/R11/extracted/04/0479582cf854b1e79cb313ce7fd578827584ea85f8f71ffadd3e1d12128c8a91/usr/lib64/libcapi-appfw-application.so.0.10.2
7af76daab000-7af76daad000 r-xp 00003000 08:01 25821531                   /home/toolchain/development/libc++_replacement/tmp/R11/extracted/04/0479582cf854b1e79cb313ce7fd578827584ea85f8f71ffadd3e1d12128c8a91/usr/lib64/libcapi-appfw-application.so.0.10.2
7af76daad000-7af76daae000 r--p 00005000 08:01 25821531                   /home/toolchain/development/libc++_replacement/tmp/R11/extracted/04/0479582cf854b1e79cb313ce7fd578827584ea85f8f71ffadd3e1d12128c8a91/usr/lib64/libcapi-appfw-application.so.0.10.2
7af76daae000-7af76daaf000 r--p 00005000 08:01 25821531                   /home/toolchain/development/libc++_replacement/tmp/R11/extracted/04/0479582cf854b1e79cb313ce7fd578827584ea85f8f71ffadd3e1d12128c8a91/usr/lib64/libcapi-appfw-application.so.0.10.2
7af76daaf000-7af76dab0000 rw-p 00006000 08:01 25821531                   /home/toolchain/development/libc++_replacement/tmp/R11/extracted/04/0479582cf854b1e79cb313ce7fd578827584ea85f8f71ffadd3e1d12128c8a91/usr/lib64/libcapi-appfw-application.so.0.10.2
7af76dab0000-7af76dab2000 r--p 00000000 08:01 26229356                   /home/toolchain/development/libc++_replacement/tmp/R11/extracted/37/37a89977df6d4ce294dcaa14f951155ccb94da72164a482ddb082b019c0ff252/usr/lib64/libvconf.so.0.3.1
7af76dab2000-7af76dab7000 r-xp 00002000 08:01 26229356                   /home/toolchain/development/libc++_replacement/tmp/R11/extracted/37/37a89977df6d4ce294dcaa14f951155ccb94da72164a482ddb082b019c0ff252/usr/lib64/libvconf.so.0.3.1
7af76dab7000-7af76dab9000 r--p 00007000 08:01 26229356                   /home/toolchain/development/libc++_replacement/tmp/R11/extracted/37/37a89977df6d4ce294dcaa14f951155ccb94da72164a482ddb082b019c0ff252/usr/lib64/libvconf.so.0.3.1
7af76dab9000-7af76daba000 r--p 00008000 08:01 26229356                   /home/toolchain/development/libc++_replacement/tmp/R11/extracted/37/37a89977df6d4ce294dcaa14f951155ccb94da72164a482ddb082b019c0ff252/usr/lib64/libvconf.so.0.3.1
7af76daba000-7af76dabb000 rw-p 00009000 08:01 26229356                   /home/toolchain/development/libc++_replacement/tmp/R11/extracted/37/37a89977df6d4ce294dcaa14f951155ccb94da72164a482ddb082b019c0ff252/usr/lib64/libvconf.so.0.3.1
7af76dabb000-7af76dabe000 r--p 00000000 08:01 25835089                   /home/toolchain/development/libc++_replacement/tmp/R11/extracted/58/586534b7f03c86fd8b4cd92c882aab12ab0f404d48977f6f9b565fcb15c15df5/usr/lib64/libecore_imf.so.1.25.1
7af76dabe000-7af76dac1000 r-xp 00003000 08:01 25835089                   /home/toolchain/development/libc++_replacement/tmp/R11/extracted/58/586534b7f03c86fd8b4cd92c882aab12ab0f404d48977f6f9b565fcb15c15df5/usr/lib64/libecore_imf.so.1.25.1
7af76dac1000-7af76dac4000 r--p 00006000 08:01 25835089                   /home/toolchain/development/libc++_replacement/tmp/R11/extracted/58/586534b7f03c86fd8b4cd92c882aab12ab0f404d48977f6f9b565fcb15c15df5/usr/lib64/libecore_imf.so.1.25.1
7af76dac4000-7af76dac5000 r--p 00008000 08:01 25835089                   /home/toolchain/development/libc++_replacement/tmp/R11/extracted/58/586534b7f03c86fd8b4cd92c882aab12ab0f404d48977f6f9b565fcb15c15df5/usr/lib64/libecore_imf.so.1.25.1
7af76dac5000-7af76dac6000 rw-p 00009000 08:01 25835089                   /home/toolchain/development/libc++_replacement/tmp/R11/extracted/58/586534b7f03c86fd8b4cd92c882aab12ab0f404d48977f6f9b565fcb15c15df5/usr/lib64/libecore_imf.so.1.25.1
7af76dac6000-7af76dade000 r--p 00000000 08:01 25835027                   /home/toolchain/development/libc++_replacement/tmp/R11/extracted/ad/adf05bf3157829f0a4cea8688c730b3a433d9ae6027810b74f12da3d84778642/usr/lib64/libecore.so.1.25.1
7af76dade000-7af76db22000 r-xp 00018000 08:01 25835027                   /home/toolchain/development/libc++_replacement/tmp/R11/extracted/ad/adf05bf3157829f0a4cea8688c730b3a433d9ae6027810b74f12da3d84778642/usr/lib64/libecore.so.1.25.1
7af76db22000-7af76db3a000 r--p 0005c000 08:01 25835027                   /home/toolchain/development/libc++_replacement/tmp/R11/extracted/ad/adf05bf3157829f0a4cea8688c730b3a433d9ae6027810b74f12da3d84778642/usr/lib64/libecore.so.1.25.1
7af76db3a000-7af76db3e000 r--p 00074000 08:01 25835027                   /home/toolchain/development/libc++_replacement/tmp/R11/extracted/ad/adf05bf3157829f0a4cea8688c730b3a433d9ae6027810b74f12da3d84778642/usr/lib64/libecore.so.1.25.1
7af76db3e000-7af76db40000 rw-p 00078000 08:01 25835027                   /home/toolchain/development/libc++_replacement/tmp/R11/extracted/ad/adf05bf3157829f0a4cea8688c730b3a433d9ae6027810b74f12da3d84778642/usr/lib64/libecore.so.1.25.1
7af76db40000-7af76db41000 rw-p 00000000 00:00 0 
7af76db41000-7af76db69000 r--p 00000000 08:01 23608330                   /home/toolchain/development/libc++_replacement/tmp/R11/extracted/bb/bb95acf2989fecd8ed536d259eb6ce43109882f58a219adcd440fd826537dda7/lib64/libc.so.6
7af76db69000-7af76dcb9000 r-xp 00028000 08:01 23608330                   /home/toolchain/development/libc++_replacement/tmp/R11/extracted/bb/bb95acf2989fecd8ed536d259eb6ce43109882f58a219adcd440fd826537dda7/lib64/libc.so.6
7af76dcb9000-7af76dd0f000 r--p 00178000 08:01 23608330                   /home/toolchain/development/libc++_replacement/tmp/R11/extracted/bb/bb95acf2989fecd8ed536d259eb6ce43109882f58a219adcd440fd826537dda7/lib64/libc.so.6
7af76dd0f000-7af76dd13000 r--p 001ce000 08:01 23608330                   /home/toolchain/development/libc++_replacement/tmp/R11/extracted/bb/bb95acf2989fecd8ed536d259eb6ce43109882f58a219adcd440fd826537dda7/lib64/libc.so.6
7af76dd13000-7af76dd15000 rw-p 001d2000 08:01 23608330                   /home/toolchain/development/libc++_replacement/tmp/R11/extracted/bb/bb95acf2989fecd8ed536d259eb6ce43109882f58a219adcd440fd826537dda7/lib64/libc.so.6
7af76dd15000-7af76dd1d000 rw-p 00000000 00:00 0 
7af76dd1d000-7af76dd2d000 r--p 00000000 08:01 23608339                   /home/toolchain/development/libc++_replacement/tmp/R11/extracted/bb/bb95acf2989fecd8ed536d259eb6ce43109882f58a219adcd440fd826537dda7/lib64/libm.so.6
7af76dd2d000-7af76dda3000 r-xp 00010000 08:01 23608339                   /home/toolchain/development/libc++_replacement/tmp/R11/extracted/bb/bb95acf2989fecd8ed536d259eb6ce43109882f58a219adcd440fd826537dda7/lib64/libm.so.6
7af76dda3000-7af76ddfe000 r--p 00086000 08:01 23608339                   /home/toolchain/development/libc++_replacement/tmp/R11/extracted/bb/bb95acf2989fecd8ed536d259eb6ce43109882f58a219adcd440fd826537dda7/lib64/libm.so.6
7af76ddfe000-7af76ddff000 r--p 000e0000 08:01 23608339                   /home/toolchain/development/libc++_replacement/tmp/R11/extracted/bb/bb95acf2989fecd8ed536d259eb6ce43109882f58a219adcd440fd826537dda7/lib64/libm.so.6
7af76ddff000-7af76de00000 rw-p 000e1000 08:01 23608339                   /home/toolchain/development/libc++_replacement/tmp/R11/extracted/bb/bb95acf2989fecd8ed536d259eb6ce43109882f58a219adcd440fd826537dda7/lib64/libm.so.6
7af76de00000-7af76dea5000 r--p 00000000 08:01 23622988                   /home/toolchain/development/libc++_replacement/tmp/R11/extracted/b8/b8155206a459a575f0f701c66a553cd2029728963fa3938768131e9028e4ee6b/usr/lib64/libstdc++.so.6.0.33
7af76dea5000-7af76dfcd000 r-xp 000a5000 08:01 23622988                   /home/toolchain/development/libc++_replacement/tmp/R11/extracted/b8/b8155206a459a575f0f701c66a553cd2029728963fa3938768131e9028e4ee6b/usr/lib64/libstdc++.so.6.0.33
7af76dfcd000-7af76e054000 r--p 001cd000 08:01 23622988                   /home/toolchain/development/libc++_replacement/tmp/R11/extracted/b8/b8155206a459a575f0f701c66a553cd2029728963fa3938768131e9028e4ee6b/usr/lib64/libstdc++.so.6.0.33
7af76e054000-7af76e05f000 r--p 00254000 08:01 23622988                   /home/toolchain/development/libc++_replacement/tmp/R11/extracted/b8/b8155206a459a575f0f701c66a553cd2029728963fa3938768131e9028e4ee6b/usr/lib64/libstdc++.so.6.0.33
7af76e05f000-7af76e062000 rw-p 0025f000 08:01 23622988                   /home/toolchain/development/libc++_replacement/tmp/R11/extracted/b8/b8155206a459a575f0f701c66a553cd2029728963fa3938768131e9028e4ee6b/usr/lib64/libstdc++.so.6.0.33
7af76e062000-7af76e066000 rw-p 00000000 00:00 0 
7af76e066000-7af76e068000 r--p 00000000 08:01 26084248                   /home/toolchain/development/libc++_replacement/tmp/R11/extracted/fa/fab79860adf785533087275f70711a22478a332ff778a96c7d08d725f7533551/usr/lib64/libdlog.so.0.0.0
7af76e068000-7af76e072000 r-xp 00002000 08:01 26084248                   /home/toolchain/development/libc++_replacement/tmp/R11/extracted/fa/fab79860adf785533087275f70711a22478a332ff778a96c7d08d725f7533551/usr/lib64/libdlog.so.0.0.0
7af76e072000-7af76e076000 r--p 0000c000 08:01 26084248                   /home/toolchain/development/libc++_replacement/tmp/R11/extracted/fa/fab79860adf785533087275f70711a22478a332ff778a96c7d08d725f7533551/usr/lib64/libdlog.so.0.0.0
7af76e076000-7af76e077000 r--p 00010000 08:01 26084248                   /home/toolchain/development/libc++_replacement/tmp/R11/extracted/fa/fab79860adf785533087275f70711a22478a332ff778a96c7d08d725f7533551/usr/lib64/libdlog.so.0.0.0
7af76e077000-7af76e078000 rw-p 00011000 08:01 26084248                   /home/toolchain/development/libc++_replacement/tmp/R11/extracted/fa/fab79860adf785533087275f70711a22478a332ff778a96c7d08d725f7533551/usr/lib64/libdlog.so.0.0.0
7af76e078000-7af76e07e000 rw-p 00000000 00:00 0 
7af76e07e000-7af76e0b4000 r-xp 00000000 08:01 68734958                   /home/toolchain/development/libcxx_runtime_validation/tmp/P12/build_P13/forwarder_separate.so
7af76e0b4000-7af76e0b5000 ---p 00036000 08:01 68734958                   /home/toolchain/development/libcxx_runtime_validation/tmp/P12/build_P13/forwarder_separate.so
7af76e0b5000-7af76e0b6000 r--p 00036000 08:01 68734958                   /home/toolchain/development/libcxx_runtime_validation/tmp/P12/build_P13/forwarder_separate.so
7af76e0b6000-7af76e0b7000 rw-p 00037000 08:01 68734958                   /home/toolchain/development/libcxx_runtime_validation/tmp/P12/build_P13/forwarder_separate.so
7af76e0b7000-7af76e0b9000 rw-p 00000000 00:00 0 
7af76e0b9000-7af76e0bb000 r--p 00000000 103:01 24643894                  /usr/lib/x86_64-linux-gnu/libatomic.so.1.2.0
7af76e0bb000-7af76e0bf000 r-xp 00002000 103:01 24643894                  /usr/lib/x86_64-linux-gnu/libatomic.so.1.2.0
7af76e0bf000-7af76e0c1000 r--p 00006000 103:01 24643894                  /usr/lib/x86_64-linux-gnu/libatomic.so.1.2.0
7af76e0c1000-7af76e0c2000 r--p 00007000 103:01 24643894                  /usr/lib/x86_64-linux-gnu/libatomic.so.1.2.0
7af76e0c2000-7af76e0c3000 rw-p 00008000 103:01 24643894                  /usr/lib/x86_64-linux-gnu/libatomic.so.1.2.0
7af76e0c3000-7af76e0c4000 rw-p 00000000 00:00 0 
7af76e0c4000-7af76e0c6000 r--p 00000000 08:01 25823631                   /home/toolchain/development/libc++_replacement/tmp/R11/extracted/58/58b5b4e8edc37e770743aa26322ac9098f19d1b63b26a9cfd6d11ddef864084d/usr/lib64/libcapi-system-info.so.0.5.2
7af76e0c6000-7af76e0c9000 r-xp 00002000 08:01 25823631                   /home/toolchain/development/libc++_replacement/tmp/R11/extracted/58/58b5b4e8edc37e770743aa26322ac9098f19d1b63b26a9cfd6d11ddef864084d/usr/lib64/libcapi-system-info.so.0.5.2
7af76e0c9000-7af76e0ca000 r--p 00005000 08:01 25823631                   /home/toolchain/development/libc++_replacement/tmp/R11/extracted/58/58b5b4e8edc37e770743aa26322ac9098f19d1b63b26a9cfd6d11ddef864084d/usr/lib64/libcapi-system-info.so.0.5.2
7af76e0ca000-7af76e0cb000 r--p 00006000 08:01 25823631                   /home/toolchain/development/libc++_replacement/tmp/R11/extracted/58/58b5b4e8edc37e770743aa26322ac9098f19d1b63b26a9cfd6d11ddef864084d/usr/lib64/libcapi-system-info.so.0.5.2
7af76e0cb000-7af76e0cc000 rw-p 00007000 08:01 25823631                   /home/toolchain/development/libc++_replacement/tmp/R11/extracted/58/58b5b4e8edc37e770743aa26322ac9098f19d1b63b26a9cfd6d11ddef864084d/usr/lib64/libcapi-system-info.so.0.5.2
7af76e0cc000-7af76e0d0000 r-xp 00000000 08:01 68734948                   /home/toolchain/development/libcxx_runtime_validation/tmp/P12/build_P13/ewk_adaptor_reverse.so
7af76e0d0000-7af76e0d1000 r--p 00003000 08:01 68734948                   /home/toolchain/development/libcxx_runtime_validation/tmp/P12/build_P13/ewk_adaptor_reverse.so
7af76e0d1000-7af76e0d2000 rw-p 00004000 08:01 68734948                   /home/toolchain/development/libcxx_runtime_validation/tmp/P12/build_P13/ewk_adaptor_reverse.so
7af76e0d2000-7af76e0d5000 rw-p 00000000 00:00 0 
7af76e0d5000-7af76e0d6000 r--p 00000000 08:01 23608461                   /home/toolchain/development/libc++_replacement/tmp/R11/extracted/bb/bb95acf2989fecd8ed536d259eb6ce43109882f58a219adcd440fd826537dda7/lib64/libpthread.so.0
7af76e0d6000-7af76e0d7000 r-xp 00001000 08:01 23608461                   /home/toolchain/development/libc++_replacement/tmp/R11/extracted/bb/bb95acf2989fecd8ed536d259eb6ce43109882f58a219adcd440fd826537dda7/lib64/libpthread.so.0
7af76e0d7000-7af76e0d8000 r--p 00002000 08:01 23608461                   /home/toolchain/development/libc++_replacement/tmp/R11/extracted/bb/bb95acf2989fecd8ed536d259eb6ce43109882f58a219adcd440fd826537dda7/lib64/libpthread.so.0
7af76e0d8000-7af76e0d9000 r--p 00002000 08:01 23608461                   /home/toolchain/development/libc++_replacement/tmp/R11/extracted/bb/bb95acf2989fecd8ed536d259eb6ce43109882f58a219adcd440fd826537dda7/lib64/libpthread.so.0
7af76e0d9000-7af76e0da000 rw-p 00003000 08:01 23608461                   /home/toolchain/development/libc++_replacement/tmp/R11/extracted/bb/bb95acf2989fecd8ed536d259eb6ce43109882f58a219adcd440fd826537dda7/lib64/libpthread.so.0
7af76e0da000-7af76e0de000 r--p 00000000 08:01 23621385                   /home/toolchain/development/libc++_replacement/tmp/R11/extracted/fe/fe622fb74e245c939c61ea5cca98dcbfc342fa7e12b1de0d8602be19ed35c441/usr/lib64/libgcc_s.so.1
7af76e0de000-7af76e101000 r-xp 00004000 08:01 23621385                   /home/toolchain/development/libc++_replacement/tmp/R11/extracted/fe/fe622fb74e245c939c61ea5cca98dcbfc342fa7e12b1de0d8602be19ed35c441/usr/lib64/libgcc_s.so.1
7af76e101000-7af76e105000 r--p 00027000 08:01 23621385                   /home/toolchain/development/libc++_replacement/tmp/R11/extracted/fe/fe622fb74e245c939c61ea5cca98dcbfc342fa7e12b1de0d8602be19ed35c441/usr/lib64/libgcc_s.so.1
7af76e105000-7af76e106000 rw-p 0002b000 08:01 23621385                   /home/toolchain/development/libc++_replacement/tmp/R11/extracted/fe/fe622fb74e245c939c61ea5cca98dcbfc342fa7e12b1de0d8602be19ed35c441/usr/lib64/libgcc_s.so.1
7af76e106000-7af76e108000 rw-p 00000000 00:00 0 
7af76e108000-7af76e109000 r--p 00000000 08:01 23608338                   /home/toolchain/development/libc++_replacement/tmp/R11/extracted/bb/bb95acf2989fecd8ed536d259eb6ce43109882f58a219adcd440fd826537dda7/lib64/libdl.so.2
7af76e109000-7af76e10a000 r-xp 00001000 08:01 23608338                   /home/toolchain/development/libc++_replacement/tmp/R11/extracted/bb/bb95acf2989fecd8ed536d259eb6ce43109882f58a219adcd440fd826537dda7/lib64/libdl.so.2
7af76e10a000-7af76e10b000 r--p 00002000 08:01 23608338                   /home/toolchain/development/libc++_replacement/tmp/R11/extracted/bb/bb95acf2989fecd8ed536d259eb6ce43109882f58a219adcd440fd826537dda7/lib64/libdl.so.2
7af76e10b000-7af76e10c000 r--p 00002000 08:01 23608338                   /home/toolchain/development/libc++_replacement/tmp/R11/extracted/bb/bb95acf2989fecd8ed536d259eb6ce43109882f58a219adcd440fd826537dda7/lib64/libdl.so.2
7af76e10c000-7af76e10d000 rw-p 00003000 08:01 23608338                   /home/toolchain/development/libc++_replacement/tmp/R11/extracted/bb/bb95acf2989fecd8ed536d259eb6ce43109882f58a219adcd440fd826537dda7/lib64/libdl.so.2
7af76e10d000-7af76e11e000 r--p 00000000 08:01 72160044                   /home/toolchain/development/libcxx_runtime_validation/tmp/IMPL_0908/build-native/lib/libc++abi.so.1.0
7af76e11e000-7af76e13b000 r-xp 00011000 08:01 72160044                   /home/toolchain/development/libcxx_runtime_validation/tmp/IMPL_0908/build-native/lib/libc++abi.so.1.0
7af76e13b000-7af76e145000 r--p 0002e000 08:01 72160044                   /home/toolchain/development/libcxx_runtime_validation/tmp/IMPL_0908/build-native/lib/libc++abi.so.1.0
7af76e145000-7af76e14a000 r--p 00038000 08:01 72160044                   /home/toolchain/development/libcxx_runtime_validation/tmp/IMPL_0908/build-native/lib/libc++abi.so.1.0
7af76e14a000-7af76e14b000 rw-p 0003d000 08:01 72160044                   /home/toolchain/development/libcxx_runtime_validation/tmp/IMPL_0908/build-native/lib/libc++abi.so.1.0
7af76e14b000-7af76e187000 r--p 00000000 08:01 72160099                   /home/toolchain/development/libcxx_runtime_validation/tmp/IMPL_0908/build-native/lib/libc++.so.1.0
7af76e187000-7af76e201000 r-xp 0003c000 08:01 72160099                   /home/toolchain/development/libcxx_runtime_validation/tmp/IMPL_0908/build-native/lib/libc++.so.1.0
7af76e201000-7af76e244000 r--p 000b6000 08:01 72160099                   /home/toolchain/development/libcxx_runtime_validation/tmp/IMPL_0908/build-native/lib/libc++.so.1.0
7af76e244000-7af76e24b000 r--p 000f8000 08:01 72160099                   /home/toolchain/development/libcxx_runtime_validation/tmp/IMPL_0908/build-native/lib/libc++.so.1.0
7af76e24b000-7af76e24c000 rw-p 000ff000 08:01 72160099                   /home/toolchain/development/libcxx_runtime_validation/tmp/IMPL_0908/build-native/lib/libc++.so.1.0
7af76e24c000-7af76e259000 rw-p 00000000 00:00 0 
7af76e259000-7af76e25c000 r-xp 00000000 08:01 68734963                   /home/toolchain/development/libcxx_runtime_validation/tmp/P12/build_P13/p13_error_app
7af76e25c000-7af76e25d000 ---p 00003000 08:01 68734963                   /home/toolchain/development/libcxx_runtime_validation/tmp/P12/build_P13/p13_error_app
7af76e25d000-7af76e25e000 r--p 00003000 08:01 68734963                   /home/toolchain/development/libcxx_runtime_validation/tmp/P12/build_P13/p13_error_app
7af76e25e000-7af76e25f000 rw-p 00004000 08:01 68734963                   /home/toolchain/development/libcxx_runtime_validation/tmp/P12/build_P13/p13_error_app
7af76e25f000-7af76e263000 r--p 00000000 00:00 0                          [vvar]
7af76e263000-7af76e265000 r--p 00000000 00:00 0                          [vvar_vclock]
7af76e265000-7af76e267000 r-xp 00000000 00:00 0                          [vdso]
7af76e267000-7af76e268000 r--p 00000000 08:01 23608327                   /home/toolchain/development/libc++_replacement/tmp/R11/extracted/bb/bb95acf2989fecd8ed536d259eb6ce43109882f58a219adcd440fd826537dda7/lib64/ld-linux-x86-64.so.2
7af76e268000-7af76e295000 r-xp 00001000 08:01 23608327                   /home/toolchain/development/libc++_replacement/tmp/R11/extracted/bb/bb95acf2989fecd8ed536d259eb6ce43109882f58a219adcd440fd826537dda7/lib64/ld-linux-x86-64.so.2
7af76e295000-7af76e2a1000 r--p 0002e000 08:01 23608327                   /home/toolchain/development/libc++_replacement/tmp/R11/extracted/bb/bb95acf2989fecd8ed536d259eb6ce43109882f58a219adcd440fd826537dda7/lib64/ld-linux-x86-64.so.2
7af76e2a1000-7af76e2a3000 r--p 0003a000 08:01 23608327                   /home/toolchain/development/libc++_replacement/tmp/R11/extracted/bb/bb95acf2989fecd8ed536d259eb6ce43109882f58a219adcd440fd826537dda7/lib64/ld-linux-x86-64.so.2
7af76e2a3000-7af76e2a5000 rw-p 0003c000 08:01 23608327                   /home/toolchain/development/libc++_replacement/tmp/R11/extracted/bb/bb95acf2989fecd8ed536d259eb6ce43109882f58a219adcd440fd826537dda7/lib64/ld-linux-x86-64.so.2
7fff7c922000-7fff7c944000 rw-p 00000000 00:00 0                          [stack]
ffffffffff600000-ffffffffff601000 --xp 00000000 00:00 0                  [vsyscall]
MAP_ASSERT gnu=1 cxx=1 entry=1 provider=1
ERROR kind=6 phase=5 accepted=0 errno=12 expected=12 unchanged=1 created=1 destroyed=1 last=5 nested=1
RECOVERY=PASS OUTPUT_UNCHANGED=PASS CLEANUP_SCOPES=1/1
