5555874e8000-555587611000 rw-p 00000000 00:00 0                          [heap]
7fed0a230000-7fed0a24d000 r--p 00000000 08:01 26119271                   /home/toolchain/development/libc++_replacement/tmp/R11/extracted/75/75d15ca037cb14d1a66bf1e922149d1f83c4267311d0ad5c658919a61ea722a9/usr/lib64/libpkgmgr_installer.so.0.23.1
7fed0a24d000-7fed0a270000 r-xp 0001d000 08:01 26119271                   /home/toolchain/development/libc++_replacement/tmp/R11/extracted/75/75d15ca037cb14d1a66bf1e922149d1f83c4267311d0ad5c658919a61ea722a9/usr/lib64/libpkgmgr_installer.so.0.23.1
7fed0a270000-7fed0a281000 r--p 00040000 08:01 26119271                   /home/toolchain/development/libc++_replacement/tmp/R11/extracted/75/75d15ca037cb14d1a66bf1e922149d1f83c4267311d0ad5c658919a61ea722a9/usr/lib64/libpkgmgr_installer.so.0.23.1
7fed0a281000-7fed0a282000 r--p 00051000 08:01 26119271                   /home/toolchain/development/libc++_replacement/tmp/R11/extracted/75/75d15ca037cb14d1a66bf1e922149d1f83c4267311d0ad5c658919a61ea722a9/usr/lib64/libpkgmgr_installer.so.0.23.1
7fed0a282000-7fed0a284000 rw-p 00052000 08:01 26119271                   /home/toolchain/development/libc++_replacement/tmp/R11/extracted/75/75d15ca037cb14d1a66bf1e922149d1f83c4267311d0ad5c658919a61ea722a9/usr/lib64/libpkgmgr_installer.so.0.23.1
7fed0a284000-7fed0a28a000 r--p 00000000 08:01 25821655                   /home/toolchain/development/libc++_replacement/tmp/R11/extracted/18/180f13f72f6a2c516c48c28353e752d4436891ce1f62cbb88bc1841657404c40/usr/lib64/libcapi-appfw-package-manager.so.0.15.3
7fed0a28a000-7fed0a291000 r-xp 00006000 08:01 25821655                   /home/toolchain/development/libc++_replacement/tmp/R11/extracted/18/180f13f72f6a2c516c48c28353e752d4436891ce1f62cbb88bc1841657404c40/usr/lib64/libcapi-appfw-package-manager.so.0.15.3
7fed0a291000-7fed0a295000 r--p 0000d000 08:01 25821655                   /home/toolchain/development/libc++_replacement/tmp/R11/extracted/18/180f13f72f6a2c516c48c28353e752d4436891ce1f62cbb88bc1841657404c40/usr/lib64/libcapi-appfw-package-manager.so.0.15.3
7fed0a295000-7fed0a296000 r--p 00010000 08:01 25821655                   /home/toolchain/development/libc++_replacement/tmp/R11/extracted/18/180f13f72f6a2c516c48c28353e752d4436891ce1f62cbb88bc1841657404c40/usr/lib64/libcapi-appfw-package-manager.so.0.15.3
7fed0a296000-7fed0a297000 rw-p 00011000 08:01 25821655                   /home/toolchain/development/libc++_replacement/tmp/R11/extracted/18/180f13f72f6a2c516c48c28353e752d4436891ce1f62cbb88bc1841657404c40/usr/lib64/libcapi-appfw-package-manager.so.0.15.3
7fed0a297000-7fed0a2b5000 r--p 00000000 08:01 26126822                   /home/toolchain/development/libc++_replacement/tmp/R11/extracted/92/92b3926da1bfbc805b5b3d480dac7f01b1390a5ed74c07dca50e1d0e5d5d77c0/usr/lib64/libresource-information.so.0.1
7fed0a2b5000-7fed0a2cf000 r-xp 0001e000 08:01 26126822                   /home/toolchain/development/libc++_replacement/tmp/R11/extracted/92/92b3926da1bfbc805b5b3d480dac7f01b1390a5ed74c07dca50e1d0e5d5d77c0/usr/lib64/libresource-information.so.0.1
7fed0a2cf000-7fed0a2de000 r--p 00038000 08:01 26126822                   /home/toolchain/development/libc++_replacement/tmp/R11/extracted/92/92b3926da1bfbc805b5b3d480dac7f01b1390a5ed74c07dca50e1d0e5d5d77c0/usr/lib64/libresource-information.so.0.1
7fed0a2de000-7fed0a2e3000 r--p 00046000 08:01 26126822                   /home/toolchain/development/libc++_replacement/tmp/R11/extracted/92/92b3926da1bfbc805b5b3d480dac7f01b1390a5ed74c07dca50e1d0e5d5d77c0/usr/lib64/libresource-information.so.0.1
7fed0a2e3000-7fed0a2e4000 rw-p 0004b000 08:01 26126822                   /home/toolchain/development/libc++_replacement/tmp/R11/extracted/92/92b3926da1bfbc805b5b3d480dac7f01b1390a5ed74c07dca50e1d0e5d5d77c0/usr/lib64/libresource-information.so.0.1
7fed0a2e4000-7fed0a2e5000 rw-p 00000000 00:00 0 
7fed0a2e5000-7fed0a2f3000 r--p 00000000 08:01 25958030                   /home/toolchain/development/libc++_replacement/tmp/R11/extracted/0a/0ab9bebb936bab8dbefae5ffb0c413112d2b5d6ab922de257b6f5fe29a769b0a/usr/lib64/libgstbase-1.0.so.0.2411.0
7fed0a2f3000-7fed0a343000 r-xp 0000e000 08:01 25958030                   /home/toolchain/development/libc++_replacement/tmp/R11/extracted/0a/0ab9bebb936bab8dbefae5ffb0c413112d2b5d6ab922de257b6f5fe29a769b0a/usr/lib64/libgstbase-1.0.so.0.2411.0
7fed0a343000-7fed0a35a000 r--p 0005e000 08:01 25958030                   /home/toolchain/development/libc++_replacement/tmp/R11/extracted/0a/0ab9bebb936bab8dbefae5ffb0c413112d2b5d6ab922de257b6f5fe29a769b0a/usr/lib64/libgstbase-1.0.so.0.2411.0
7fed0a35a000-7fed0a35b000 r--p 00074000 08:01 25958030                   /home/toolchain/development/libc++_replacement/tmp/R11/extracted/0a/0ab9bebb936bab8dbefae5ffb0c413112d2b5d6ab922de257b6f5fe29a769b0a/usr/lib64/libgstbase-1.0.so.0.2411.0
7fed0a35b000-7fed0a35c000 rw-p 00075000 08:01 25958030                   /home/toolchain/development/libc++_replacement/tmp/R11/extracted/0a/0ab9bebb936bab8dbefae5ffb0c413112d2b5d6ab922de257b6f5fe29a769b0a/usr/lib64/libgstbase-1.0.so.0.2411.0
7fed0a35c000-7fed0a35e000 r--p 00000000 08:01 23622269                   /home/toolchain/development/libc++_replacement/tmp/R11/extracted/88/8847c67828686f6075d0df1423bf6bd8946ae0c4073599b8c7229876b45c031c/usr/lib64/libogg.so.0.8.2
7fed0a35e000-7fed0a360000 r-xp 00002000 08:01 23622269                   /home/toolchain/development/libc++_replacement/tmp/R11/extracted/88/8847c67828686f6075d0df1423bf6bd8946ae0c4073599b8c7229876b45c031c/usr/lib64/libogg.so.0.8.2
7fed0a360000-7fed0a361000 r--p 00004000 08:01 23622269                   /home/toolchain/development/libc++_replacement/tmp/R11/extracted/88/8847c67828686f6075d0df1423bf6bd8946ae0c4073599b8c7229876b45c031c/usr/lib64/libogg.so.0.8.2
7fed0a361000-7fed0a362000 r--p 00005000 08:01 23622269                   /home/toolchain/development/libc++_replacement/tmp/R11/extracted/88/8847c67828686f6075d0df1423bf6bd8946ae0c4073599b8c7229876b45c031c/usr/lib64/libogg.so.0.8.2
7fed0a362000-7fed0a363000 rw-p 00006000 08:01 23622269                   /home/toolchain/development/libc++_replacement/tmp/R11/extracted/88/8847c67828686f6075d0df1423bf6bd8946ae0c4073599b8c7229876b45c031c/usr/lib64/libogg.so.0.8.2
7fed0a363000-7fed0a377000 r--p 00000000 08:01 23624257                   /home/toolchain/development/libc++_replacement/tmp/R11/extracted/ee/ee143eb6c9e05ce3d57b4209dcb8e5f73a2244e679cb09773dfdcc87cd2fae6d/usr/lib64/libvorbisenc.so.2.0.12
7fed0a377000-7fed0a37a000 r-xp 00014000 08:01 23624257                   /home/toolchain/development/libc++_replacement/tmp/R11/extracted/ee/ee143eb6c9e05ce3d57b4209dcb8e5f73a2244e679cb09773dfdcc87cd2fae6d/usr/lib64/libvorbisenc.so.2.0.12
7fed0a37a000-7fed0a3ef000 r--p 00017000 08:01 23624257                   /home/toolchain/development/libc++_replacement/tmp/R11/extracted/ee/ee143eb6c9e05ce3d57b4209dcb8e5f73a2244e679cb09773dfdcc87cd2fae6d/usr/lib64/libvorbisenc.so.2.0.12
7fed0a3ef000-7fed0a406000 r--p 0008b000 08:01 23624257                   /home/toolchain/development/libc++_replacement/tmp/R11/extracted/ee/ee143eb6c9e05ce3d57b4209dcb8e5f73a2244e679cb09773dfdcc87cd2fae6d/usr/lib64/libvorbisenc.so.2.0.12
7fed0a406000-7fed0a407000 rw-p 000a2000 08:01 23624257                   /home/toolchain/development/libc++_replacement/tmp/R11/extracted/ee/ee143eb6c9e05ce3d57b4209dcb8e5f73a2244e679cb09773dfdcc87cd2fae6d/usr/lib64/libvorbisenc.so.2.0.12
7fed0a407000-7fed0a40a000 r--p 00000000 08:01 14077252                   /home/toolchain/development/libc++_replacement/tmp/R11/extracted/b5/b58982cc059bf2854f6f4b0c69562ec0dfa33e90e2cb2df875a5ca9a4156d5c4/usr/lib64/libvorbis.so.0.4.9
7fed0a40a000-7fed0a41d000 r-xp 00003000 08:01 14077252                   /home/toolchain/development/libc++_replacement/tmp/R11/extracted/b5/b58982cc059bf2854f6f4b0c69562ec0dfa33e90e2cb2df875a5ca9a4156d5c4/usr/lib64/libvorbis.so.0.4.9
7fed0a41d000-7fed0a42e000 r--p 00016000 08:01 14077252                   /home/toolchain/development/libc++_replacement/tmp/R11/extracted/b5/b58982cc059bf2854f6f4b0c69562ec0dfa33e90e2cb2df875a5ca9a4156d5c4/usr/lib64/libvorbis.so.0.4.9
7fed0a42e000-7fed0a42f000 r--p 00026000 08:01 14077252                   /home/toolchain/development/libc++_replacement/tmp/R11/extracted/b5/b58982cc059bf2854f6f4b0c69562ec0dfa33e90e2cb2df875a5ca9a4156d5c4/usr/lib64/libvorbis.so.0.4.9
7fed0a42f000-7fed0a430000 rw-p 00027000 08:01 14077252                   /home/toolchain/development/libc++_replacement/tmp/R11/extracted/b5/b58982cc059bf2854f6f4b0c69562ec0dfa33e90e2cb2df875a5ca9a4156d5c4/usr/lib64/libvorbis.so.0.4.9
7fed0a430000-7fed0a43a000 r--p 00000000 08:01 26095289                   /home/toolchain/development/libc++_replacement/tmp/R11/extracted/a7/a72c82e3c3025ca3a7f848e8604fe5438fcf1ebafd3e8c266bc63aedb391f71c/usr/lib64/libnotification.so.0.12.4
7fed0a43a000-7fed0a476000 r-xp 0000a000 08:01 26095289                   /home/toolchain/development/libc++_replacement/tmp/R11/extracted/a7/a72c82e3c3025ca3a7f848e8604fe5438fcf1ebafd3e8c266bc63aedb391f71c/usr/lib64/libnotification.so.0.12.4
7fed0a476000-7fed0a499000 r--p 00046000 08:01 26095289                   /home/toolchain/development/libc++_replacement/tmp/R11/extracted/a7/a72c82e3c3025ca3a7f848e8604fe5438fcf1ebafd3e8c266bc63aedb391f71c/usr/lib64/libnotification.so.0.12.4
7fed0a499000-7fed0a49a000 r--p 00068000 08:01 26095289                   /home/toolchain/development/libc++_replacement/tmp/R11/extracted/a7/a72c82e3c3025ca3a7f848e8604fe5438fcf1ebafd3e8c266bc63aedb391f71c/usr/lib64/libnotification.so.0.12.4
7fed0a49a000-7fed0a49b000 rw-p 00069000 08:01 26095289                   /home/toolchain/development/libc++_replacement/tmp/R11/extracted/a7/a72c82e3c3025ca3a7f848e8604fe5438fcf1ebafd3e8c266bc63aedb391f71c/usr/lib64/libnotification.so.0.12.4
7fed0a49b000-7fed0a49f000 r--p 00000000 08:01 25957418                   /home/toolchain/development/libc++_replacement/tmp/R11/extracted/ba/ba1028a9e23a627371c6a8f3b14b3d661f383e495cb3c1806d0734fc21e92a3e/usr/lib64/libgstapp-1.0.so.0.2411.0
7fed0a49f000-7fed0a4a9000 r-xp 00004000 08:01 25957418                   /home/toolchain/development/libc++_replacement/tmp/R11/extracted/ba/ba1028a9e23a627371c6a8f3b14b3d661f383e495cb3c1806d0734fc21e92a3e/usr/lib64/libgstapp-1.0.so.0.2411.0
7fed0a4a9000-7fed0a4ad000 r--p 0000e000 08:01 25957418                   /home/toolchain/development/libc++_replacement/tmp/R11/extracted/ba/ba1028a9e23a627371c6a8f3b14b3d661f383e495cb3c1806d0734fc21e92a3e/usr/lib64/libgstapp-1.0.so.0.2411.0
7fed0a4ad000-7fed0a4ae000 r--p 00011000 08:01 25957418                   /home/toolchain/development/libc++_replacement/tmp/R11/extracted/ba/ba1028a9e23a627371c6a8f3b14b3d661f383e495cb3c1806d0734fc21e92a3e/usr/lib64/libgstapp-1.0.so.0.2411.0
7fed0a4ae000-7fed0a4af000 rw-p 00012000 08:01 25957418                   /home/toolchain/development/libc++_replacement/tmp/R11/extracted/ba/ba1028a9e23a627371c6a8f3b14b3d661f383e495cb3c1806d0734fc21e92a3e/usr/lib64/libgstapp-1.0.so.0.2411.0
7fed0a4af000-7fed0a4b6000 r--p 00000000 08:01 26126757                   /home/toolchain/development/libc++_replacement/tmp/R11/extracted/53/53b3da0a627489a6a2a198f91b8bf6b7115b1d8b3c591dc5f216cbde432162e9/usr/lib64/libresource-center-api.so.0.1
7fed0a4b6000-7fed0a4be000 r-xp 00007000 08:01 26126757                   /home/toolchain/development/libc++_replacement/tmp/R11/extracted/53/53b3da0a627489a6a2a198f91b8bf6b7115b1d8b3c591dc5f216cbde432162e9/usr/lib64/libresource-center-api.so.0.1
7fed0a4be000-7fed0a4c3000 r--p 0000f000 08:01 26126757                   /home/toolchain/development/libc++_replacement/tmp/R11/extracted/53/53b3da0a627489a6a2a198f91b8bf6b7115b1d8b3c591dc5f216cbde432162e9/usr/lib64/libresource-center-api.so.0.1
7fed0a4c3000-7fed0a4c4000 r--p 00013000 08:01 26126757                   /home/toolchain/development/libc++_replacement/tmp/R11/extracted/53/53b3da0a627489a6a2a198f91b8bf6b7115b1d8b3c591dc5f216cbde432162e9/usr/lib64/libresource-center-api.so.0.1
7fed0a4c4000-7fed0a4c5000 rw-p 00014000 08:01 26126757                   /home/toolchain/development/libc++_replacement/tmp/R11/extracted/53/53b3da0a627489a6a2a198f91b8bf6b7115b1d8b3c591dc5f216cbde432162e9/usr/lib64/libresource-center-api.so.0.1
7fed0a4c5000-7fed0a503000 r--p 00000000 08:01 26126818                   /home/toolchain/development/libc++_replacement/tmp/R11/extracted/c5/c504a3c6c64f8d05571d18af579d5881bee14d01acfa70c054104b83adc65fa2/usr/lib64/libresource-manager.so.0.1
7fed0a503000-7fed0a55a000 r-xp 0003e000 08:01 26126818                   /home/toolchain/development/libc++_replacement/tmp/R11/extracted/c5/c504a3c6c64f8d05571d18af579d5881bee14d01acfa70c054104b83adc65fa2/usr/lib64/libresource-manager.so.0.1
7fed0a55a000-7fed0a56d000 r--p 00095000 08:01 26126818                   /home/toolchain/development/libc++_replacement/tmp/R11/extracted/c5/c504a3c6c64f8d05571d18af579d5881bee14d01acfa70c054104b83adc65fa2/usr/lib64/libresource-manager.so.0.1
7fed0a56d000-7fed0a570000 rw-p 000a7000 08:01 26126818                   /home/toolchain/development/libc++_replacement/tmp/R11/extracted/c5/c504a3c6c64f8d05571d18af579d5881bee14d01acfa70c054104b83adc65fa2/usr/lib64/libresource-manager.so.0.1
7fed0a570000-7fed0a571000 rw-p 00000000 00:00 0 
7fed0a571000-7fed0a574000 r--p 00000000 08:01 25957416                   /home/toolchain/development/libc++_replacement/tmp/R11/extracted/ba/ba1028a9e23a627371c6a8f3b14b3d661f383e495cb3c1806d0734fc21e92a3e/usr/lib64/libgstallocators-1.0.so.0.2411.0
7fed0a574000-7fed0a57a000 r-xp 00003000 08:01 25957416                   /home/toolchain/development/libc++_replacement/tmp/R11/extracted/ba/ba1028a9e23a627371c6a8f3b14b3d661f383e495cb3c1806d0734fc21e92a3e/usr/lib64/libgstallocators-1.0.so.0.2411.0
7fed0a57a000-7fed0a57d000 r--p 00009000 08:01 25957416                   /home/toolchain/development/libc++_replacement/tmp/R11/extracted/ba/ba1028a9e23a627371c6a8f3b14b3d661f383e495cb3c1806d0734fc21e92a3e/usr/lib64/libgstallocators-1.0.so.0.2411.0
7fed0a57d000-7fed0a57e000 r--p 0000b000 08:01 25957416                   /home/toolchain/development/libc++_replacement/tmp/R11/extracted/ba/ba1028a9e23a627371c6a8f3b14b3d661f383e495cb3c1806d0734fc21e92a3e/usr/lib64/libgstallocators-1.0.so.0.2411.0
7fed0a57e000-7fed0a57f000 rw-p 0000c000 08:01 25957416                   /home/toolchain/development/libc++_replacement/tmp/R11/extracted/ba/ba1028a9e23a627371c6a8f3b14b3d661f383e495cb3c1806d0734fc21e92a3e/usr/lib64/libgstallocators-1.0.so.0.2411.0
7fed0a57f000-7fed0a59c000 r--p 00000000 08:01 25957439                   /home/toolchain/development/libc++_replacement/tmp/R11/extracted/ba/ba1028a9e23a627371c6a8f3b14b3d661f383e495cb3c1806d0734fc21e92a3e/usr/lib64/libgstvideo-1.0.so.0.2411.0
7fed0a59c000-7fed0a5fd000 r-xp 0001d000 08:01 25957439                   /home/toolchain/development/libc++_replacement/tmp/R11/extracted/ba/ba1028a9e23a627371c6a8f3b14b3d661f383e495cb3c1806d0734fc21e92a3e/usr/lib64/libgstvideo-1.0.so.0.2411.0
7fed0a5fd000-7fed0a620000 r--p 0007e000 08:01 25957439                   /home/toolchain/development/libc++_replacement/tmp/R11/extracted/ba/ba1028a9e23a627371c6a8f3b14b3d661f383e495cb3c1806d0734fc21e92a3e/usr/lib64/libgstvideo-1.0.so.0.2411.0
7fed0a620000-7fed0a633000 r--p 000a1000 08:01 25957439                   /home/toolchain/development/libc++_replacement/tmp/R11/extracted/ba/ba1028a9e23a627371c6a8f3b14b3d661f383e495cb3c1806d0734fc21e92a3e/usr/lib64/libgstvideo-1.0.so.0.2411.0
7fed0a633000-7fed0a635000 rw-p 000b4000 08:01 25957439                   /home/toolchain/development/libc++_replacement/tmp/R11/extracted/ba/ba1028a9e23a627371c6a8f3b14b3d661f383e495cb3c1806d0734fc21e92a3e/usr/lib64/libgstvideo-1.0.so.0.2411.0
7fed0a635000-7fed0a63b000 r--p 00000000 08:01 23622935                   /home/toolchain/development/libc++_replacement/tmp/R11/extracted/bf/bfef5e15639bc5cda56d9d96da1fb3c2b923358e5ac8e18c0d10f7afd11e290e/usr/lib64/libsndfile.so.1.0.37
7fed0a63b000-7fed0a66f000 r-xp 00006000 08:01 23622935                   /home/toolchain/development/libc++_replacement/tmp/R11/extracted/bf/bfef5e15639bc5cda56d9d96da1fb3c2b923358e5ac8e18c0d10f7afd11e290e/usr/lib64/libsndfile.so.1.0.37
7fed0a66f000-7fed0a685000 r--p 0003a000 08:01 23622935                   /home/toolchain/development/libc++_replacement/tmp/R11/extracted/bf/bfef5e15639bc5cda56d9d96da1fb3c2b923358e5ac8e18c0d10f7afd11e290e/usr/lib64/libsndfile.so.1.0.37
7fed0a685000-7fed0a688000 rw-p 0004f000 08:01 23622935                   /home/toolchain/development/libc++_replacement/tmp/R11/extracted/bf/bfef5e15639bc5cda56d9d96da1fb3c2b923358e5ac8e18c0d10f7afd11e290e/usr/lib64/libsndfile.so.1.0.37
7fed0a688000-7fed0a68a000 rw-p 00000000 00:00 0 
7fed0a68a000-7fed0a68b000 r--p 00000000 08:01 23482936                   /home/toolchain/development/libc++_replacement/tmp/R11/extracted/56/568855d87febe07b42683955f6657142be4bdcfd6303b2850dd1c6731310e49b/usr/lib64/libboost_atomic.so.1.83.0
7fed0a68b000-7fed0a68c000 r-xp 00001000 08:01 23482936                   /home/toolchain/development/libc++_replacement/tmp/R11/extracted/56/568855d87febe07b42683955f6657142be4bdcfd6303b2850dd1c6731310e49b/usr/lib64/libboost_atomic.so.1.83.0
7fed0a68c000-7fed0a68d000 r--p 00002000 08:01 23482936                   /home/toolchain/development/libc++_replacement/tmp/R11/extracted/56/568855d87febe07b42683955f6657142be4bdcfd6303b2850dd1c6731310e49b/usr/lib64/libboost_atomic.so.1.83.0
7fed0a68d000-7fed0a68e000 r--p 00002000 08:01 23482936                   /home/toolchain/development/libc++_replacement/tmp/R11/extracted/56/568855d87febe07b42683955f6657142be4bdcfd6303b2850dd1c6731310e49b/usr/lib64/libboost_atomic.so.1.83.0
7fed0a68e000-7fed0a68f000 rw-p 00003000 08:01 23482936                   /home/toolchain/development/libc++_replacement/tmp/R11/extracted/56/568855d87febe07b42683955f6657142be4bdcfd6303b2850dd1c6731310e49b/usr/lib64/libboost_atomic.so.1.83.0
7fed0a68f000-7fed0a693000 rw-p 00000000 00:00 0 
7fed0a693000-7fed0a695000 r--p 00000000 08:01 23618251                   /home/toolchain/development/libc++_replacement/tmp/R11/extracted/b1/b13c62481a91537be74ed85eae5295dcd92b5878dd7c47d7e3386862aaf07ebb/usr/lib64/libattr.so.1.1.2501
7fed0a695000-7fed0a698000 r-xp 00002000 08:01 23618251                   /home/toolchain/development/libc++_replacement/tmp/R11/extracted/b1/b13c62481a91537be74ed85eae5295dcd92b5878dd7c47d7e3386862aaf07ebb/usr/lib64/libattr.so.1.1.2501
7fed0a698000-7fed0a699000 r--p 00005000 08:01 23618251                   /home/toolchain/development/libc++_replacement/tmp/R11/extracted/b1/b13c62481a91537be74ed85eae5295dcd92b5878dd7c47d7e3386862aaf07ebb/usr/lib64/libattr.so.1.1.2501
7fed0a699000-7fed0a69a000 r--p 00005000 08:01 23618251                   /home/toolchain/development/libc++_replacement/tmp/R11/extracted/b1/b13c62481a91537be74ed85eae5295dcd92b5878dd7c47d7e3386862aaf07ebb/usr/lib64/libattr.so.1.1.2501
7fed0a69a000-7fed0a69b000 rw-p 00006000 08:01 23618251                   /home/toolchain/development/libc++_replacement/tmp/R11/extracted/b1/b13c62481a91537be74ed85eae5295dcd92b5878dd7c47d7e3386862aaf07ebb/usr/lib64/libattr.so.1.1.2501
7fed0a69b000-7fed0a6ae000 r--p 00000000 08:01 26083864                   /home/toolchain/development/libc++_replacement/tmp/R11/extracted/c8/c8bacdec0892151fce20caf11add70ce706e389477e74203beec2f6b651c52b8/usr/lib64/libcynara-storage.so.0.26.0
7fed0a6ae000-7fed0a6c6000 r-xp 00013000 08:01 26083864                   /home/toolchain/development/libc++_replacement/tmp/R11/extracted/c8/c8bacdec0892151fce20caf11add70ce706e389477e74203beec2f6b651c52b8/usr/lib64/libcynara-storage.so.0.26.0
7fed0a6c6000-7fed0a6cd000 r--p 0002b000 08:01 26083864                   /home/toolchain/development/libc++_replacement/tmp/R11/extracted/c8/c8bacdec0892151fce20caf11add70ce706e389477e74203beec2f6b651c52b8/usr/lib64/libcynara-storage.so.0.26.0
7fed0a6cd000-7fed0a6cf000 r--p 00031000 08:01 26083864                   /home/toolchain/development/libc++_replacement/tmp/R11/extracted/c8/c8bacdec0892151fce20caf11add70ce706e389477e74203beec2f6b651c52b8/usr/lib64/libcynara-storage.so.0.26.0
7fed0a6cf000-7fed0a6d0000 rw-p 00033000 08:01 26083864                   /home/toolchain/development/libc++_replacement/tmp/R11/extracted/c8/c8bacdec0892151fce20caf11add70ce706e389477e74203beec2f6b651c52b8/usr/lib64/libcynara-storage.so.0.26.0
7fed0a6d0000-7fed0a6d8000 r--p 00000000 08:01 23618453                   /home/toolchain/development/libc++_replacement/tmp/R11/extracted/7b/7be6293fc05ed8019edecff0b32ea2fabe3546ba6a4ff8b459d43df742ae07f8/usr/lib64/libblkid.so.1.1.0
7fed0a6d8000-7fed0a6f7000 r-xp 00008000 08:01 23618453                   /home/toolchain/development/libc++_replacement/tmp/R11/extracted/7b/7be6293fc05ed8019edecff0b32ea2fabe3546ba6a4ff8b459d43df742ae07f8/usr/lib64/libblkid.so.1.1.0
7fed0a6f7000-7fed0a701000 r--p 00027000 08:01 23618453                   /home/toolchain/development/libc++_replacement/tmp/R11/extracted/7b/7be6293fc05ed8019edecff0b32ea2fabe3546ba6a4ff8b459d43df742ae07f8/usr/lib64/libblkid.so.1.1.0
7fed0a701000-7fed0a706000 r--p 00031000 08:01 23618453                   /home/toolchain/development/libc++_replacement/tmp/R11/extracted/7b/7be6293fc05ed8019edecff0b32ea2fabe3546ba6a4ff8b459d43df742ae07f8/usr/lib64/libblkid.so.1.1.0
7fed0a706000-7fed0a707000 rw-p 00036000 08:01 23618453                   /home/toolchain/development/libc++_replacement/tmp/R11/extracted/7b/7be6293fc05ed8019edecff0b32ea2fabe3546ba6a4ff8b459d43df742ae07f8/usr/lib64/libblkid.so.1.1.0
7fed0a707000-7fed0a708000 r--p 00000000 08:01 26085771                   /home/toolchain/development/libc++_replacement/tmp/R11/extracted/a7/a7049a5c0f11523aadb13e3168ed813f674db1ee0ef43d82388cf66a7d6ddb07/usr/lib64/libiri.so
7fed0a708000-7fed0a70a000 r-xp 00001000 08:01 26085771                   /home/toolchain/development/libc++_replacement/tmp/R11/extracted/a7/a7049a5c0f11523aadb13e3168ed813f674db1ee0ef43d82388cf66a7d6ddb07/usr/lib64/libiri.so
7fed0a70a000-7fed0a70b000 r--p 00003000 08:01 26085771                   /home/toolchain/development/libc++_replacement/tmp/R11/extracted/a7/a7049a5c0f11523aadb13e3168ed813f674db1ee0ef43d82388cf66a7d6ddb07/usr/lib64/libiri.so
7fed0a70b000-7fed0a70c000 r--p 00003000 08:01 26085771                   /home/toolchain/development/libc++_replacement/tmp/R11/extracted/a7/a7049a5c0f11523aadb13e3168ed813f674db1ee0ef43d82388cf66a7d6ddb07/usr/lib64/libiri.so
7fed0a70c000-7fed0a70d000 rw-p 00004000 08:01 26085771                   /home/toolchain/development/libc++_replacement/tmp/R11/extracted/a7/a7049a5c0f11523aadb13e3168ed813f674db1ee0ef43d82388cf66a7d6ddb07/usr/lib64/libiri.so
7fed0a70d000-7fed0a744000 r--p 00000000 08:01 26002858                   /home/toolchain/development/libc++_replacement/tmp/R11/extracted/35/35ecdea30c550dffcc501eb8a958f84bb46a55b4c0a2d9125c70f52e0367a69f/usr/lib64/libscim-1.0.so.8.2.3
7fed0a744000-7fed0a7a1000 r-xp 00037000 08:01 26002858                   /home/toolchain/development/libc++_replacement/tmp/R11/extracted/35/35ecdea30c550dffcc501eb8a958f84bb46a55b4c0a2d9125c70f52e0367a69f/usr/lib64/libscim-1.0.so.8.2.3
7fed0a7a1000-7fed0a7ec000 r--p 00094000 08:01 26002858                   /home/toolchain/development/libc++_replacement/tmp/R11/extracted/35/35ecdea30c550dffcc501eb8a958f84bb46a55b4c0a2d9125c70f52e0367a69f/usr/lib64/libscim-1.0.so.8.2.3
7fed0a7ec000-7fed0a7f0000 r--p 000df000 08:01 26002858                   /home/toolchain/development/libc++_replacement/tmp/R11/extracted/35/35ecdea30c550dffcc501eb8a958f84bb46a55b4c0a2d9125c70f52e0367a69f/usr/lib64/libscim-1.0.so.8.2.3
7fed0a7f0000-7fed0a7f2000 rw-p 000e3000 08:01 26002858                   /home/toolchain/development/libc++_replacement/tmp/R11/extracted/35/35ecdea30c550dffcc501eb8a958f84bb46a55b4c0a2d9125c70f52e0367a69f/usr/lib64/libscim-1.0.so.8.2.3
7fed0a7f2000-7fed0a822000 r--p 00000000 08:01 26002902                   /home/toolchain/development/libc++_replacement/tmp/R11/extracted/35/35ecdea30c550dffcc501eb8a958f84bb46a55b4c0a2d9125c70f52e0367a69f/usr/lib64/libscim_imengine.so.8.2.3
7fed0a822000-7fed0a84b000 r-xp 00030000 08:01 26002902                   /home/toolchain/development/libc++_replacement/tmp/R11/extracted/35/35ecdea30c550dffcc501eb8a958f84bb46a55b4c0a2d9125c70f52e0367a69f/usr/lib64/libscim_imengine.so.8.2.3
7fed0a84b000-7fed0a861000 r--p 00059000 08:01 26002902                   /home/toolchain/development/libc++_replacement/tmp/R11/extracted/35/35ecdea30c550dffcc501eb8a958f84bb46a55b4c0a2d9125c70f52e0367a69f/usr/lib64/libscim_imengine.so.8.2.3
7fed0a861000-7fed0a86a000 r--p 0006f000 08:01 26002902                   /home/toolchain/development/libc++_replacement/tmp/R11/extracted/35/35ecdea30c550dffcc501eb8a958f84bb46a55b4c0a2d9125c70f52e0367a69f/usr/lib64/libscim_imengine.so.8.2.3
7fed0a86a000-7fed0a878000 rw-p 00078000 08:01 26002902                   /home/toolchain/development/libc++_replacement/tmp/R11/extracted/35/35ecdea30c550dffcc501eb8a958f84bb46a55b4c0a2d9125c70f52e0367a69f/usr/lib64/libscim_imengine.so.8.2.3
7fed0a878000-7fed0a87a000 r--p 00000000 08:01 26089414                   /home/toolchain/development/libc++_replacement/tmp/R11/extracted/6e/6ea88a8be40d0a02d31f2d7f5b7e998e43bda209403c740d6385dc2b6b965039/usr/lib64/libtizen-remote-surface-client.so.0.0.0
7fed0a87a000-7fed0a87b000 r-xp 00002000 08:01 26089414                   /home/toolchain/development/libc++_replacement/tmp/R11/extracted/6e/6ea88a8be40d0a02d31f2d7f5b7e998e43bda209403c740d6385dc2b6b965039/usr/lib64/libtizen-remote-surface-client.so.0.0.0
7fed0a87b000-7fed0a87c000 r--p 00003000 08:01 26089414                   /home/toolchain/development/libc++_replacement/tmp/R11/extracted/6e/6ea88a8be40d0a02d31f2d7f5b7e998e43bda209403c740d6385dc2b6b965039/usr/lib64/libtizen-remote-surface-client.so.0.0.0
7fed0a87c000-7fed0a87d000 r--p 00003000 08:01 26089414                   /home/toolchain/development/libc++_replacement/tmp/R11/extracted/6e/6ea88a8be40d0a02d31f2d7f5b7e998e43bda209403c740d6385dc2b6b965039/usr/lib64/libtizen-remote-surface-client.so.0.0.0
7fed0a87d000-7fed0a87e000 rw-p 00004000 08:01 26089414                   /home/toolchain/development/libc++_replacement/tmp/R11/extracted/6e/6ea88a8be40d0a02d31f2d7f5b7e998e43bda209403c740d6385dc2b6b965039/usr/lib64/libtizen-remote-surface-client.so.0.0.0
7fed0a87e000-7fed0a88a000 r--p 00000000 08:01 26087492                   /home/toolchain/development/libc++_replacement/tmp/R11/extracted/1b/1baf527c195ef8713c9d8a4e17c2d0f4730f9ade6d8b545410b607076971be60/usr/lib64/libscreen_connector_input.so.1.9.12
7fed0a88a000-7fed0a890000 r-xp 0000c000 08:01 26087492                   /home/toolchain/development/libc++_replacement/tmp/R11/extracted/1b/1baf527c195ef8713c9d8a4e17c2d0f4730f9ade6d8b545410b607076971be60/usr/lib64/libscreen_connector_input.so.1.9.12
7fed0a890000-7fed0a893000 r--p 00012000 08:01 26087492                   /home/toolchain/development/libc++_replacement/tmp/R11/extracted/1b/1baf527c195ef8713c9d8a4e17c2d0f4730f9ade6d8b545410b607076971be60/usr/lib64/libscreen_connector_input.so.1.9.12
7fed0a893000-7fed0a894000 r--p 00015000 08:01 26087492                   /home/toolchain/development/libc++_replacement/tmp/R11/extracted/1b/1baf527c195ef8713c9d8a4e17c2d0f4730f9ade6d8b545410b607076971be60/usr/lib64/libscreen_connector_input.so.1.9.12
7fed0a894000-7fed0a895000 rw-p 00016000 08:01 26087492                   /home/toolchain/development/libc++_replacement/tmp/R11/extracted/1b/1baf527c195ef8713c9d8a4e17c2d0f4730f9ade6d8b545410b607076971be60/usr/lib64/libscreen_connector_input.so.1.9.12
7fed0a895000-7fed0a897000 r--p 00000000 08:01 25713787                   /home/toolchain/development/libc++_replacement/tmp/R11/extracted/e3/e324dc8ff4e9ae834d02077646c043da25c3cf88295dc9c550dd1028e6fda4f4/usr/lib64/libappcore-ui.so.1.27.13
7fed0a897000-7fed0a89a000 r-xp 00002000 08:01 25713787                   /home/toolchain/development/libc++_replacement/tmp/R11/extracted/e3/e324dc8ff4e9ae834d02077646c043da25c3cf88295dc9c550dd1028e6fda4f4/usr/lib64/libappcore-ui.so.1.27.13
7fed0a89a000-7fed0a89c000 r--p 00005000 08:01 25713787                   /home/toolchain/development/libc++_replacement/tmp/R11/extracted/e3/e324dc8ff4e9ae834d02077646c043da25c3cf88295dc9c550dd1028e6fda4f4/usr/lib64/libappcore-ui.so.1.27.13
7fed0a89c000-7fed0a89d000 r--p 00006000 08:01 25713787                   /home/toolchain/development/libc++_replacement/tmp/R11/extracted/e3/e324dc8ff4e9ae834d02077646c043da25c3cf88295dc9c550dd1028e6fda4f4/usr/lib64/libappcore-ui.so.1.27.13
7fed0a89d000-7fed0a89e000 rw-p 00007000 08:01 25713787                   /home/toolchain/development/libc++_replacement/tmp/R11/extracted/e3/e324dc8ff4e9ae834d02077646c043da25c3cf88295dc9c550dd1028e6fda4f4/usr/lib64/libappcore-ui.so.1.27.13
7fed0a89e000-7fed0a8a2000 r--p 00000000 08:01 25713564                   /home/toolchain/development/libc++_replacement/tmp/R11/extracted/4c/4cdb0d46f299d1d6c7581443ac1b9589318a50b4f7e8f0d97d8a693b63c43982/usr/lib64/libappcore-common.so.1.27.13
7fed0a8a2000-7fed0a8a5000 r-xp 00004000 08:01 25713564                   /home/toolchain/development/libc++_replacement/tmp/R11/extracted/4c/4cdb0d46f299d1d6c7581443ac1b9589318a50b4f7e8f0d97d8a693b63c43982/usr/lib64/libappcore-common.so.1.27.13
7fed0a8a5000-7fed0a8a7000 r--p 00007000 08:01 25713564                   /home/toolchain/development/libc++_replacement/tmp/R11/extracted/4c/4cdb0d46f299d1d6c7581443ac1b9589318a50b4f7e8f0d97d8a693b63c43982/usr/lib64/libappcore-common.so.1.27.13
7fed0a8a7000-7fed0a8a8000 r--p 00009000 08:01 25713564                   /home/toolchain/development/libc++_replacement/tmp/R11/extracted/4c/4cdb0d46f299d1d6c7581443ac1b9589318a50b4f7e8f0d97d8a693b63c43982/usr/lib64/libappcore-common.so.1.27.13
7fed0a8a8000-7fed0a8a9000 rw-p 0000a000 08:01 25713564                   /home/toolchain/development/libc++_replacement/tmp/R11/extracted/4c/4cdb0d46f299d1d6c7581443ac1b9589318a50b4f7e8f0d97d8a693b63c43982/usr/lib64/libappcore-common.so.1.27.13
7fed0a8a9000-7fed0a8af000 r--p 00000000 08:01 26004415                   /home/toolchain/development/libc++_replacement/tmp/R11/extracted/e3/e38dc1675b220c1ccac99db62910936dc386b72bc076167e42867d0a07251884/usr/lib64/libalarm.so.0.14.12
7fed0a8af000-7fed0a8c1000 r-xp 00006000 08:01 26004415                   /home/toolchain/development/libc++_replacement/tmp/R11/extracted/e3/e38dc1675b220c1ccac99db62910936dc386b72bc076167e42867d0a07251884/usr/lib64/libalarm.so.0.14.12
7fed0a8c1000-7fed0a8c8000 r--p 00018000 08:01 26004415                   /home/toolchain/development/libc++_replacement/tmp/R11/extracted/e3/e38dc1675b220c1ccac99db62910936dc386b72bc076167e42867d0a07251884/usr/lib64/libalarm.so.0.14.12
7fed0a8c8000-7fed0a8c9000 r--p 0001e000 08:01 26004415                   /home/toolchain/development/libc++_replacement/tmp/R11/extracted/e3/e38dc1675b220c1ccac99db62910936dc386b72bc076167e42867d0a07251884/usr/lib64/libalarm.so.0.14.12
7fed0a8c9000-7fed0a8ca000 rw-p 0001f000 08:01 26004415                   /home/toolchain/development/libc++_replacement/tmp/R11/extracted/e3/e38dc1675b220c1ccac99db62910936dc386b72bc076167e42867d0a07251884/usr/lib64/libalarm.so.0.14.12
7fed0a8ca000-7fed0a8d9000 r--p 00000000 08:01 26086002                   /home/toolchain/development/libc++_replacement/tmp/R11/extracted/e3/e345335eab4b258418991a13d40060b10be1c6adc8d67fbddc840960dbd3fe73/usr/lib64/libkey-manager-common.so.1.0.1
7fed0a8d9000-7fed0a8f0000 r-xp 0000f000 08:01 26086002                   /home/toolchain/development/libc++_replacement/tmp/R11/extracted/e3/e345335eab4b258418991a13d40060b10be1c6adc8d67fbddc840960dbd3fe73/usr/lib64/libkey-manager-common.so.1.0.1
7fed0a8f0000-7fed0a8f9000 r--p 00026000 08:01 26086002                   /home/toolchain/development/libc++_replacement/tmp/R11/extracted/e3/e345335eab4b258418991a13d40060b10be1c6adc8d67fbddc840960dbd3fe73/usr/lib64/libkey-manager-common.so.1.0.1
7fed0a8f9000-7fed0a8fb000 r--p 0002e000 08:01 26086002                   /home/toolchain/development/libc++_replacement/tmp/R11/extracted/e3/e345335eab4b258418991a13d40060b10be1c6adc8d67fbddc840960dbd3fe73/usr/lib64/libkey-manager-common.so.1.0.1
7fed0a8fb000-7fed0a8fc000 rw-p 00030000 08:01 26086002                   /home/toolchain/development/libc++_replacement/tmp/R11/extracted/e3/e345335eab4b258418991a13d40060b10be1c6adc8d67fbddc840960dbd3fe73/usr/lib64/libkey-manager-common.so.1.0.1
7fed0a8fc000-7fed0a8fe000 r--p 00000000 08:01 26084250                   /home/toolchain/development/libc++_replacement/tmp/R11/extracted/fa/fab79860adf785533087275f70711a22478a332ff778a96c7d08d725f7533551/usr/lib64/libdlog_redirect_stdout.so.0.0.0
7fed0a8fe000-7fed0a902000 r-xp 00002000 08:01 26084250                   /home/toolchain/development/libc++_replacement/tmp/R11/extracted/fa/fab79860adf785533087275f70711a22478a332ff778a96c7d08d725f7533551/usr/lib64/libdlog_redirect_stdout.so.0.0.0
7fed0a902000-7fed0a904000 r--p 00006000 08:01 26084250                   /home/toolchain/development/libc++_replacement/tmp/R11/extracted/fa/fab79860adf785533087275f70711a22478a332ff778a96c7d08d725f7533551/usr/lib64/libdlog_redirect_stdout.so.0.0.0
7fed0a904000-7fed0a905000 r--p 00007000 08:01 26084250                   /home/toolchain/development/libc++_replacement/tmp/R11/extracted/fa/fab79860adf785533087275f70711a22478a332ff778a96c7d08d725f7533551/usr/lib64/libdlog_redirect_stdout.so.0.0.0
7fed0a905000-7fed0a906000 rw-p 00008000 08:01 26084250                   /home/toolchain/development/libc++_replacement/tmp/R11/extracted/fa/fab79860adf785533087275f70711a22478a332ff778a96c7d08d725f7533551/usr/lib64/libdlog_redirect_stdout.so.0.0.0
7fed0a906000-7fed0a91b000 r--p 00000000 08:01 26003682                   /home/toolchain/development/libc++_replacement/tmp/R11/extracted/84/841ed91284852a7efaf27e85163d40aa7b5baca1103a998b849237bf6cbfa46e/usr/lib64/libklay.so.0.0.2
7fed0a91b000-7fed0a93a000 r-xp 00015000 08:01 26003682                   /home/toolchain/development/libc++_replacement/tmp/R11/extracted/84/841ed91284852a7efaf27e85163d40aa7b5baca1103a998b849237bf6cbfa46e/usr/lib64/libklay.so.0.0.2
7fed0a93a000-7fed0a944000 r--p 00034000 08:01 26003682                   /home/toolchain/development/libc++_replacement/tmp/R11/extracted/84/841ed91284852a7efaf27e85163d40aa7b5baca1103a998b849237bf6cbfa46e/usr/lib64/libklay.so.0.0.2
7fed0a944000-7fed0a946000 r--p 0003d000 08:01 26003682                   /home/toolchain/development/libc++_replacement/tmp/R11/extracted/84/841ed91284852a7efaf27e85163d40aa7b5baca1103a998b849237bf6cbfa46e/usr/lib64/libklay.so.0.0.2
7fed0a946000-7fed0a947000 rw-p 0003f000 08:01 26003682                   /home/toolchain/development/libc++_replacement/tmp/R11/extracted/84/841ed91284852a7efaf27e85163d40aa7b5baca1103a998b849237bf6cbfa46e/usr/lib64/libklay.so.0.0.2
7fed0a947000-7fed0a949000 r--p 00000000 08:01 23624164                   /home/toolchain/development/libc++_replacement/tmp/R11/extracted/1e/1ef38dd1b74597d1e4a56b8f9c786954bd0dcdebd9261f07845c7225b8027830/usr/lib64/libunwind.so.8.0.1
7fed0a949000-7fed0a951000 r-xp 00002000 08:01 23624164                   /home/toolchain/development/libc++_replacement/tmp/R11/extracted/1e/1ef38dd1b74597d1e4a56b8f9c786954bd0dcdebd9261f07845c7225b8027830/usr/lib64/libunwind.so.8.0.1
7fed0a951000-7fed0a953000 r--p 0000a000 08:01 23624164                   /home/toolchain/development/libc++_replacement/tmp/R11/extracted/1e/1ef38dd1b74597d1e4a56b8f9c786954bd0dcdebd9261f07845c7225b8027830/usr/lib64/libunwind.so.8.0.1
7fed0a953000-7fed0a954000 r--p 0000b000 08:01 23624164                   /home/toolchain/development/libc++_replacement/tmp/R11/extracted/1e/1ef38dd1b74597d1e4a56b8f9c786954bd0dcdebd9261f07845c7225b8027830/usr/lib64/libunwind.so.8.0.1
7fed0a954000-7fed0a955000 rw-p 0000c000 08:01 23624164                   /home/toolchain/development/libc++_replacement/tmp/R11/extracted/1e/1ef38dd1b74597d1e4a56b8f9c786954bd0dcdebd9261f07845c7225b8027830/usr/lib64/libunwind.so.8.0.1
7fed0a955000-7fed0a95f000 rw-p 00000000 00:00 0 
7fed0a95f000-7fed0a98d000 r--p 00000000 08:01 26088914                   /home/toolchain/development/libc++_replacement/tmp/R11/extracted/0a/0a396f6f4ebeb626ec8be5cd1d59310a778e5e2282df79e602683c44a05e30ae/usr/lib64/libtrackrenderer.so
7fed0a98d000-7fed0a9bf000 r-xp 0002e000 08:01 26088914                   /home/toolchain/development/libc++_replacement/tmp/R11/extracted/0a/0a396f6f4ebeb626ec8be5cd1d59310a778e5e2282df79e602683c44a05e30ae/usr/lib64/libtrackrenderer.so
7fed0a9bf000-7fed0a9d7000 r--p 00060000 08:01 26088914                   /home/toolchain/development/libc++_replacement/tmp/R11/extracted/0a/0a396f6f4ebeb626ec8be5cd1d59310a778e5e2282df79e602683c44a05e30ae/usr/lib64/libtrackrenderer.so
7fed0a9d7000-7fed0a9d9000 r--p 00077000 08:01 26088914                   /home/toolchain/development/libc++_replacement/tmp/R11/extracted/0a/0a396f6f4ebeb626ec8be5cd1d59310a778e5e2282df79e602683c44a05e30ae/usr/lib64/libtrackrenderer.so
7fed0a9d9000-7fed0a9db000 rw-p 00079000 08:01 26088914                   /home/toolchain/development/libc++_replacement/tmp/R11/extracted/0a/0a396f6f4ebeb626ec8be5cd1d59310a778e5e2282df79e602683c44a05e30ae/usr/lib64/libtrackrenderer.so
7fed0a9db000-7fed0a9ef000 r--p 00000000 08:01 16961828                   /home/toolchain/development/libc++_replacement/tmp/R11/extracted/4e/4ea9cb9ada8f65fed491ea1ea3c1dff68fb2d17ab664232b15c0d7649dbb618e/usr/lib64/pulseaudio/libpulsecommon-15.0.so
7fed0a9ef000-7fed0aa31000 r-xp 00014000 08:01 16961828                   /home/toolchain/development/libc++_replacement/tmp/R11/extracted/4e/4ea9cb9ada8f65fed491ea1ea3c1dff68fb2d17ab664232b15c0d7649dbb618e/usr/lib64/pulseaudio/libpulsecommon-15.0.so
7fed0aa31000-7fed0aa53000 r--p 00056000 08:01 16961828                   /home/toolchain/development/libc++_replacement/tmp/R11/extracted/4e/4ea9cb9ada8f65fed491ea1ea3c1dff68fb2d17ab664232b15c0d7649dbb618e/usr/lib64/pulseaudio/libpulsecommon-15.0.so
7fed0aa53000-7fed0aa54000 r--p 00078000 08:01 16961828                   /home/toolchain/development/libc++_replacement/tmp/R11/extracted/4e/4ea9cb9ada8f65fed491ea1ea3c1dff68fb2d17ab664232b15c0d7649dbb618e/usr/lib64/pulseaudio/libpulsecommon-15.0.so
7fed0aa54000-7fed0aa56000 rw-p 00079000 08:01 16961828                   /home/toolchain/development/libc++_replacement/tmp/R11/extracted/4e/4ea9cb9ada8f65fed491ea1ea3c1dff68fb2d17ab664232b15c0d7649dbb618e/usr/lib64/pulseaudio/libpulsecommon-15.0.so
7fed0aa56000-7fed0aa58000 r--p 00000000 08:01 16961824                   /home/toolchain/development/libc++_replacement/tmp/R11/extracted/4e/4ea9cb9ada8f65fed491ea1ea3c1dff68fb2d17ab664232b15c0d7649dbb618e/usr/lib64/libpulse-simple.so.0.1.1
7fed0aa58000-7fed0aa5a000 r-xp 00002000 08:01 16961824                   /home/toolchain/development/libc++_replacement/tmp/R11/extracted/4e/4ea9cb9ada8f65fed491ea1ea3c1dff68fb2d17ab664232b15c0d7649dbb618e/usr/lib64/libpulse-simple.so.0.1.1
7fed0aa5a000-7fed0aa5b000 r--p 00004000 08:01 16961824                   /home/toolchain/development/libc++_replacement/tmp/R11/extracted/4e/4ea9cb9ada8f65fed491ea1ea3c1dff68fb2d17ab664232b15c0d7649dbb618e/usr/lib64/libpulse-simple.so.0.1.1
7fed0aa5b000-7fed0aa5c000 r--p 00004000 08:01 16961824                   /home/toolchain/development/libc++_replacement/tmp/R11/extracted/4e/4ea9cb9ada8f65fed491ea1ea3c1dff68fb2d17ab664232b15c0d7649dbb618e/usr/lib64/libpulse-simple.so.0.1.1
7fed0aa5c000-7fed0aa5d000 rw-p 00005000 08:01 16961824                   /home/toolchain/development/libc++_replacement/tmp/R11/extracted/4e/4ea9cb9ada8f65fed491ea1ea3c1dff68fb2d17ab664232b15c0d7649dbb618e/usr/lib64/libpulse-simple.so.0.1.1
7fed0aa5d000-7fed0aa5e000 r--p 00000000 08:01 26086524                   /home/toolchain/development/libc++_replacement/tmp/R11/extracted/fc/fc8cfdc9b6706a39fe50ec8b722659ae45c9d3237d9155af55ac6d623a09b29a/usr/lib64/libmmfsoundcommon.so.0.0.0
7fed0aa5e000-7fed0aa5f000 r-xp 00001000 08:01 26086524                   /home/toolchain/development/libc++_replacement/tmp/R11/extracted/fc/fc8cfdc9b6706a39fe50ec8b722659ae45c9d3237d9155af55ac6d623a09b29a/usr/lib64/libmmfsoundcommon.so.0.0.0
7fed0aa5f000-7fed0aa60000 r--p 00002000 08:01 26086524                   /home/toolchain/development/libc++_replacement/tmp/R11/extracted/fc/fc8cfdc9b6706a39fe50ec8b722659ae45c9d3237d9155af55ac6d623a09b29a/usr/lib64/libmmfsoundcommon.so.0.0.0
7fed0aa60000-7fed0aa61000 r--p 00003000 08:01 26086524                   /home/toolchain/development/libc++_replacement/tmp/R11/extracted/fc/fc8cfdc9b6706a39fe50ec8b722659ae45c9d3237d9155af55ac6d623a09b29a/usr/lib64/libmmfsoundcommon.so.0.0.0
7fed0aa61000-7fed0aa62000 rw-p 00004000 08:01 26086524                   /home/toolchain/development/libc++_replacement/tmp/R11/extracted/fc/fc8cfdc9b6706a39fe50ec8b722659ae45c9d3237d9155af55ac6d623a09b29a/usr/lib64/libmmfsoundcommon.so.0.0.0
7fed0aa62000-7fed0aa63000 r--p 00000000 08:01 25713562                   /home/toolchain/development/libc++_replacement/tmp/R11/extracted/4c/4cdb0d46f299d1d6c7581443ac1b9589318a50b4f7e8f0d97d8a693b63c43982/usr/lib64/libapp-core-rotation-cpp.so.1.27.13
7fed0aa63000-7fed0aa64000 r-xp 00001000 08:01 25713562                   /home/toolchain/development/libc++_replacement/tmp/R11/extracted/4c/4cdb0d46f299d1d6c7581443ac1b9589318a50b4f7e8f0d97d8a693b63c43982/usr/lib64/libapp-core-rotation-cpp.so.1.27.13
7fed0aa64000-7fed0aa65000 r--p 00002000 08:01 25713562                   /home/toolchain/development/libc++_replacement/tmp/R11/extracted/4c/4cdb0d46f299d1d6c7581443ac1b9589318a50b4f7e8f0d97d8a693b63c43982/usr/lib64/libapp-core-rotation-cpp.so.1.27.13
7fed0aa65000-7fed0aa66000 r--p 00002000 08:01 25713562                   /home/toolchain/development/libc++_replacement/tmp/R11/extracted/4c/4cdb0d46f299d1d6c7581443ac1b9589318a50b4f7e8f0d97d8a693b63c43982/usr/lib64/libapp-core-rotation-cpp.so.1.27.13
7fed0aa66000-7fed0aa67000 rw-p 00003000 08:01 25713562                   /home/toolchain/development/libc++_replacement/tmp/R11/extracted/4c/4cdb0d46f299d1d6c7581443ac1b9589318a50b4f7e8f0d97d8a693b63c43982/usr/lib64/libapp-core-rotation-cpp.so.1.27.13
7fed0aa67000-7fed0aa69000 r--p 00000000 08:01 23624337                   /home/toolchain/development/libc++_replacement/tmp/R11/extracted/0d/0daffe2b94bcc25cd215ac91563c50dd7f7c7206e49b3b4538a28e24a150f8b0/usr/lib64/libcrypt.so.1.1.0
7fed0aa69000-7fed0aa7c000 r-xp 00002000 08:01 23624337                   /home/toolchain/development/libc++_replacement/tmp/R11/extracted/0d/0daffe2b94bcc25cd215ac91563c50dd7f7c7206e49b3b4538a28e24a150f8b0/usr/lib64/libcrypt.so.1.1.0
7fed0aa7c000-7fed0aa96000 r--p 00015000 08:01 23624337                   /home/toolchain/development/libc++_replacement/tmp/R11/extracted/0d/0daffe2b94bcc25cd215ac91563c50dd7f7c7206e49b3b4538a28e24a150f8b0/usr/lib64/libcrypt.so.1.1.0
7fed0aa96000-7fed0aa97000 r--p 0002e000 08:01 23624337                   /home/toolchain/development/libc++_replacement/tmp/R11/extracted/0d/0daffe2b94bcc25cd215ac91563c50dd7f7c7206e49b3b4538a28e24a150f8b0/usr/lib64/libcrypt.so.1.1.0
7fed0aa97000-7fed0aa98000 rw-p 0002f000 08:01 23624337                   /home/toolchain/development/libc++_replacement/tmp/R11/extracted/0d/0daffe2b94bcc25cd215ac91563c50dd7f7c7206e49b3b4538a28e24a150f8b0/usr/lib64/libcrypt.so.1.1.0
7fed0aa98000-7fed0aaa0000 rw-p 00000000 00:00 0 
7fed0aaa0000-7fed0aaa8000 r--p 00000000 08:01 23483789                   /home/toolchain/development/libc++_replacement/tmp/R11/extracted/94/946456d28f21263f1b1ad127c40088029cefa4bb9ae1b2d5cf21dea2aea85567/usr/lib64/libboost_filesystem.so.1.83.0
7fed0aaa8000-7fed0aab6000 r-xp 00008000 08:01 23483789                   /home/toolchain/development/libc++_replacement/tmp/R11/extracted/94/946456d28f21263f1b1ad127c40088029cefa4bb9ae1b2d5cf21dea2aea85567/usr/lib64/libboost_filesystem.so.1.83.0
7fed0aab6000-7fed0aaba000 r--p 00016000 08:01 23483789                   /home/toolchain/development/libc++_replacement/tmp/R11/extracted/94/946456d28f21263f1b1ad127c40088029cefa4bb9ae1b2d5cf21dea2aea85567/usr/lib64/libboost_filesystem.so.1.83.0
7fed0aaba000-7fed0aabb000 r--p 0001a000 08:01 23483789                   /home/toolchain/development/libc++_replacement/tmp/R11/extracted/94/946456d28f21263f1b1ad127c40088029cefa4bb9ae1b2d5cf21dea2aea85567/usr/lib64/libboost_filesystem.so.1.83.0
7fed0aabb000-7fed0aabc000 rw-p 0001b000 08:01 23483789                   /home/toolchain/development/libc++_replacement/tmp/R11/extracted/94/946456d28f21263f1b1ad127c40088029cefa4bb9ae1b2d5cf21dea2aea85567/usr/lib64/libboost_filesystem.so.1.83.0
7fed0aabc000-7fed0aabe000 r--p 00000000 08:01 23622922                   /home/toolchain/development/libc++_replacement/tmp/R11/extracted/b9/b9b53c19d3ff0229164a5ede81f5ccad44154db4b5829f9d36b69656ab45a1bc/usr/lib64/libsmack.so.1.3.1
7fed0aabe000-7fed0aac3000 r-xp 00002000 08:01 23622922                   /home/toolchain/development/libc++_replacement/tmp/R11/extracted/b9/b9b53c19d3ff0229164a5ede81f5ccad44154db4b5829f9d36b69656ab45a1bc/usr/lib64/libsmack.so.1.3.1
7fed0aac3000-7fed0aac5000 r--p 00007000 08:01 23622922                   /home/toolchain/development/libc++_replacement/tmp/R11/extracted/b9/b9b53c19d3ff0229164a5ede81f5ccad44154db4b5829f9d36b69656ab45a1bc/usr/lib64/libsmack.so.1.3.1
7fed0aac5000-7fed0aac6000 r--p 00008000 08:01 23622922                   /home/toolchain/development/libc++_replacement/tmp/R11/extracted/b9/b9b53c19d3ff0229164a5ede81f5ccad44154db4b5829f9d36b69656ab45a1bc/usr/lib64/libsmack.so.1.3.1
7fed0aac6000-7fed0aac7000 rw-p 00009000 08:01 23622922                   /home/toolchain/development/libc++_replacement/tmp/R11/extracted/b9/b9b53c19d3ff0229164a5ede81f5ccad44154db4b5829f9d36b69656ab45a1bc/usr/lib64/libsmack.so.1.3.1
7fed0aac7000-7fed0aac9000 r--p 00000000 08:01 23617398                   /home/toolchain/development/libc++_replacement/tmp/R11/extracted/1c/1ca4e9a9bfab1c73c273b7c9be71476cee9fcc58ece138684913b7c537d6f62b/usr/lib64/libacl.so.1.1.2302
7fed0aac9000-7fed0aacd000 r-xp 00002000 08:01 23617398                   /home/toolchain/development/libc++_replacement/tmp/R11/extracted/1c/1ca4e9a9bfab1c73c273b7c9be71476cee9fcc58ece138684913b7c537d6f62b/usr/lib64/libacl.so.1.1.2302
7fed0aacd000-7fed0aace000 r--p 00006000 08:01 23617398                   /home/toolchain/development/libc++_replacement/tmp/R11/extracted/1c/1ca4e9a9bfab1c73c273b7c9be71476cee9fcc58ece138684913b7c537d6f62b/usr/lib64/libacl.so.1.1.2302
7fed0aace000-7fed0aacf000 r--p 00007000 08:01 23617398                   /home/toolchain/development/libc++_replacement/tmp/R11/extracted/1c/1ca4e9a9bfab1c73c273b7c9be71476cee9fcc58ece138684913b7c537d6f62b/usr/lib64/libacl.so.1.1.2302
7fed0aacf000-7fed0aad0000 rw-p 00008000 08:01 23617398                   /home/toolchain/development/libc++_replacement/tmp/R11/extracted/1c/1ca4e9a9bfab1c73c273b7c9be71476cee9fcc58ece138684913b7c537d6f62b/usr/lib64/libacl.so.1.1.2302
7fed0aad0000-7fed0aad3000 r--p 00000000 08:01 15913149                   /home/toolchain/development/libc++_replacement/tmp/R11/extracted/ea/eadb82ee5ab111c27b4403cf46acaf03a22ae9a4e6b08eb3e1f74d3e300da60e/usr/lib64/libsecurity-privilege-manager.so.1.4.0
7fed0aad3000-7fed0aadb000 r-xp 00003000 08:01 15913149                   /home/toolchain/development/libc++_replacement/tmp/R11/extracted/ea/eadb82ee5ab111c27b4403cf46acaf03a22ae9a4e6b08eb3e1f74d3e300da60e/usr/lib64/libsecurity-privilege-manager.so.1.4.0
7fed0aadb000-7fed0aae1000 r--p 0000b000 08:01 15913149                   /home/toolchain/development/libc++_replacement/tmp/R11/extracted/ea/eadb82ee5ab111c27b4403cf46acaf03a22ae9a4e6b08eb3e1f74d3e300da60e/usr/lib64/libsecurity-privilege-manager.so.1.4.0
7fed0aae1000-7fed0aae2000 r--p 00010000 08:01 15913149                   /home/toolchain/development/libc++_replacement/tmp/R11/extracted/ea/eadb82ee5ab111c27b4403cf46acaf03a22ae9a4e6b08eb3e1f74d3e300da60e/usr/lib64/libsecurity-privilege-manager.so.1.4.0
7fed0aae2000-7fed0aae3000 rw-p 00011000 08:01 15913149                   /home/toolchain/development/libc++_replacement/tmp/R11/extracted/ea/eadb82ee5ab111c27b4403cf46acaf03a22ae9a4e6b08eb3e1f74d3e300da60e/usr/lib64/libsecurity-privilege-manager.so.1.4.0
7fed0aae3000-7fed0aae5000 r--p 00000000 08:01 26083988                   /home/toolchain/development/libc++_replacement/tmp/R11/extracted/5b/5bee7cfacc91002e3b2c0d118150dd31b007f297dc5cf9980e7b83cef38d05de/usr/lib64/libcynara-creds-socket.so.0.26.0
7fed0aae5000-7fed0aae6000 r-xp 00002000 08:01 26083988                   /home/toolchain/development/libc++_replacement/tmp/R11/extracted/5b/5bee7cfacc91002e3b2c0d118150dd31b007f297dc5cf9980e7b83cef38d05de/usr/lib64/libcynara-creds-socket.so.0.26.0
7fed0aae6000-7fed0aae7000 r--p 00003000 08:01 26083988                   /home/toolchain/development/libc++_replacement/tmp/R11/extracted/5b/5bee7cfacc91002e3b2c0d118150dd31b007f297dc5cf9980e7b83cef38d05de/usr/lib64/libcynara-creds-socket.so.0.26.0
7fed0aae7000-7fed0aae8000 r--p 00003000 08:01 26083988                   /home/toolchain/development/libc++_replacement/tmp/R11/extracted/5b/5bee7cfacc91002e3b2c0d118150dd31b007f297dc5cf9980e7b83cef38d05de/usr/lib64/libcynara-creds-socket.so.0.26.0
7fed0aae8000-7fed0aae9000 rw-p 00004000 08:01 26083988                   /home/toolchain/development/libc++_replacement/tmp/R11/extracted/5b/5bee7cfacc91002e3b2c0d118150dd31b007f297dc5cf9980e7b83cef38d05de/usr/lib64/libcynara-creds-socket.so.0.26.0
7fed0aae9000-7fed0aaee000 r--p 00000000 08:01 26083812                   /home/toolchain/development/libc++_replacement/tmp/R11/extracted/36/36cc2ed94f4b909938cf4eb46680f06ee1fc00d5d6cc2a88b702217987a19cb4/usr/lib64/libcynara-admin.so.0.26.0
7fed0aaee000-7fed0ab02000 r-xp 00005000 08:01 26083812                   /home/toolchain/development/libc++_replacement/tmp/R11/extracted/36/36cc2ed94f4b909938cf4eb46680f06ee1fc00d5d6cc2a88b702217987a19cb4/usr/lib64/libcynara-admin.so.0.26.0
7fed0ab02000-7fed0ab08000 r--p 00019000 08:01 26083812                   /home/toolchain/development/libc++_replacement/tmp/R11/extracted/36/36cc2ed94f4b909938cf4eb46680f06ee1fc00d5d6cc2a88b702217987a19cb4/usr/lib64/libcynara-admin.so.0.26.0
7fed0ab08000-7fed0ab09000 r--p 0001f000 08:01 26083812                   /home/toolchain/development/libc++_replacement/tmp/R11/extracted/36/36cc2ed94f4b909938cf4eb46680f06ee1fc00d5d6cc2a88b702217987a19cb4/usr/lib64/libcynara-admin.so.0.26.0
7fed0ab09000-7fed0ab0a000 rw-p 00020000 08:01 26083812                   /home/toolchain/development/libc++_replacement/tmp/R11/extracted/36/36cc2ed94f4b909938cf4eb46680f06ee1fc00d5d6cc2a88b702217987a19cb4/usr/lib64/libcynara-admin.so.0.26.0
7fed0ab0a000-7fed0ab1b000 r--p 00000000 08:01 23622994                   /home/toolchain/development/libc++_replacement/tmp/R11/extracted/59/591ccae805a0d478dfb96bca9afd6bb9620e0e4ccaed74bb63e73c1d49c1bbb8/usr/lib64/libsqlite3.so.3.51.0
7fed0ab1b000-7fed0ac03000 r-xp 00011000 08:01 23622994                   /home/toolchain/development/libc++_replacement/tmp/R11/extracted/59/591ccae805a0d478dfb96bca9afd6bb9620e0e4ccaed74bb63e73c1d49c1bbb8/usr/lib64/libsqlite3.so.3.51.0
7fed0ac03000-7fed0ac34000 r--p 000f9000 08:01 23622994                   /home/toolchain/development/libc++_replacement/tmp/R11/extracted/59/591ccae805a0d478dfb96bca9afd6bb9620e0e4ccaed74bb63e73c1d49c1bbb8/usr/lib64/libsqlite3.so.3.51.0
7fed0ac34000-7fed0ac37000 r--p 0012a000 08:01 23622994                   /home/toolchain/development/libc++_replacement/tmp/R11/extracted/59/591ccae805a0d478dfb96bca9afd6bb9620e0e4ccaed74bb63e73c1d49c1bbb8/usr/lib64/libsqlite3.so.3.51.0
7fed0ac37000-7fed0ac3c000 rw-p 0012d000 08:01 23622994                   /home/toolchain/development/libc++_replacement/tmp/R11/extracted/59/591ccae805a0d478dfb96bca9afd6bb9620e0e4ccaed74bb63e73c1d49c1bbb8/usr/lib64/libsqlite3.so.3.51.0
7fed0ac3c000-7fed0ac3e000 r--p 00000000 08:01 26087801                   /home/toolchain/development/libc++_replacement/tmp/R11/extracted/36/366ed14291dbcc8c59435996fb5d0967c11cbf74e90a8186c7b2d5fc6503e39a/usr/lib64/libsessiond.so.10.6.21
7fed0ac3e000-7fed0ac45000 r-xp 00002000 08:01 26087801                   /home/toolchain/development/libc++_replacement/tmp/R11/extracted/36/366ed14291dbcc8c59435996fb5d0967c11cbf74e90a8186c7b2d5fc6503e39a/usr/lib64/libsessiond.so.10.6.21
7fed0ac45000-7fed0ac48000 r--p 00009000 08:01 26087801                   /home/toolchain/development/libc++_replacement/tmp/R11/extracted/36/366ed14291dbcc8c59435996fb5d0967c11cbf74e90a8186c7b2d5fc6503e39a/usr/lib64/libsessiond.so.10.6.21
7fed0ac48000-7fed0ac49000 r--p 0000b000 08:01 26087801                   /home/toolchain/development/libc++_replacement/tmp/R11/extracted/36/366ed14291dbcc8c59435996fb5d0967c11cbf74e90a8186c7b2d5fc6503e39a/usr/lib64/libsessiond.so.10.6.21
7fed0ac49000-7fed0ac4a000 rw-p 0000c000 08:01 26087801                   /home/toolchain/development/libc++_replacement/tmp/R11/extracted/36/366ed14291dbcc8c59435996fb5d0967c11cbf74e90a8186c7b2d5fc6503e39a/usr/lib64/libsessiond.so.10.6.21
7fed0ac4a000-7fed0ac54000 r--p 00000000 08:01 26216664                   /home/toolchain/development/libc++_replacement/tmp/R11/extracted/a8/a873bbfabe29509bf0f4360077ee38885cb185b8a0aa23619b22414eda90b560/usr/lib64/libsensord-shared.so
7fed0ac54000-7fed0ac5f000 r-xp 0000a000 08:01 26216664                   /home/toolchain/development/libc++_replacement/tmp/R11/extracted/a8/a873bbfabe29509bf0f4360077ee38885cb185b8a0aa23619b22414eda90b560/usr/lib64/libsensord-shared.so
7fed0ac5f000-7fed0ac66000 r--p 00015000 08:01 26216664                   /home/toolchain/development/libc++_replacement/tmp/R11/extracted/a8/a873bbfabe29509bf0f4360077ee38885cb185b8a0aa23619b22414eda90b560/usr/lib64/libsensord-shared.so
7fed0ac66000-7fed0ac67000 r--p 0001b000 08:01 26216664                   /home/toolchain/development/libc++_replacement/tmp/R11/extracted/a8/a873bbfabe29509bf0f4360077ee38885cb185b8a0aa23619b22414eda90b560/usr/lib64/libsensord-shared.so
7fed0ac67000-7fed0ac68000 rw-p 0001c000 08:01 26216664                   /home/toolchain/development/libc++_replacement/tmp/R11/extracted/a8/a873bbfabe29509bf0f4360077ee38885cb185b8a0aa23619b22414eda90b560/usr/lib64/libsensord-shared.so
7fed0ac68000-7fed0ac7a000 r--p 00000000 08:01 26224946                   /home/toolchain/development/libc++_replacement/tmp/R11/extracted/d8/d8946819d273d8f923b8c9cfde28f0d1cd4905aa0387e6632210166d81cd86fa/usr/lib64/libtizen-core.so.0.4.2
7fed0ac7a000-7fed0ac88000 r-xp 00012000 08:01 26224946                   /home/toolchain/development/libc++_replacement/tmp/R11/extracted/d8/d8946819d273d8f923b8c9cfde28f0d1cd4905aa0387e6632210166d81cd86fa/usr/lib64/libtizen-core.so.0.4.2
7fed0ac88000-7fed0ac90000 r--p 00020000 08:01 26224946                   /home/toolchain/development/libc++_replacement/tmp/R11/extracted/d8/d8946819d273d8f923b8c9cfde28f0d1cd4905aa0387e6632210166d81cd86fa/usr/lib64/libtizen-core.so.0.4.2
7fed0ac90000-7fed0ac92000 r--p 00027000 08:01 26224946                   /home/toolchain/development/libc++_replacement/tmp/R11/extracted/d8/d8946819d273d8f923b8c9cfde28f0d1cd4905aa0387e6632210166d81cd86fa/usr/lib64/libtizen-core.so.0.4.2
7fed0ac92000-7fed0ac93000 rw-p 00029000 08:01 26224946                   /home/toolchain/development/libc++_replacement/tmp/R11/extracted/d8/d8946819d273d8f923b8c9cfde28f0d1cd4905aa0387e6632210166d81cd86fa/usr/lib64/libtizen-core.so.0.4.2
7fed0ac93000-7fed0acbd000 r--p 00000000 08:01 26127552                   /home/toolchain/development/libc++_replacement/tmp/R11/extracted/6d/6d9a2599e7941f048094419a734cd6fc8e719f3f363a5488eff72edd37fd173a/usr/lib64/librpc-port.so.1.21.15
7fed0acbd000-7fed0ace9000 r-xp 0002a000 08:01 26127552                   /home/toolchain/development/libc++_replacement/tmp/R11/extracted/6d/6d9a2599e7941f048094419a734cd6fc8e719f3f363a5488eff72edd37fd173a/usr/lib64/librpc-port.so.1.21.15
7fed0ace9000-7fed0acff000 r--p 00056000 08:01 26127552                   /home/toolchain/development/libc++_replacement/tmp/R11/extracted/6d/6d9a2599e7941f048094419a734cd6fc8e719f3f363a5488eff72edd37fd173a/usr/lib64/librpc-port.so.1.21.15
7fed0acff000-7fed0ad01000 r--p 0006b000 08:01 26127552                   /home/toolchain/development/libc++_replacement/tmp/R11/extracted/6d/6d9a2599e7941f048094419a734cd6fc8e719f3f363a5488eff72edd37fd173a/usr/lib64/librpc-port.so.1.21.15
7fed0ad01000-7fed0ad03000 rw-p 0006d000 08:01 26127552                   /home/toolchain/development/libc++_replacement/tmp/R11/extracted/6d/6d9a2599e7941f048094419a734cd6fc8e719f3f363a5488eff72edd37fd173a/usr/lib64/librpc-port.so.1.21.15
7fed0ad03000-7fed0ad04000 rw-p 00000000 00:00 0 
7fed0ad04000-7fed0ad06000 r--p 00000000 08:01 26119134                   /home/toolchain/development/libc++_replacement/tmp/R11/extracted/51/514b200a08abbcfa93ce5bbe84d25840b4ef6f3acf77e634649df3b3f825ba1a/usr/lib64/libpkgmgr_common.so.0.23.1
7fed0ad06000-7fed0ad07000 r-xp 00002000 08:01 26119134                   /home/toolchain/development/libc++_replacement/tmp/R11/extracted/51/514b200a08abbcfa93ce5bbe84d25840b4ef6f3acf77e634649df3b3f825ba1a/usr/lib64/libpkgmgr_common.so.0.23.1
7fed0ad07000-7fed0ad08000 r--p 00003000 08:01 26119134                   /home/toolchain/development/libc++_replacement/tmp/R11/extracted/51/514b200a08abbcfa93ce5bbe84d25840b4ef6f3acf77e634649df3b3f825ba1a/usr/lib64/libpkgmgr_common.so.0.23.1
7fed0ad08000-7fed0ad09000 r--p 00003000 08:01 26119134                   /home/toolchain/development/libc++_replacement/tmp/R11/extracted/51/514b200a08abbcfa93ce5bbe84d25840b4ef6f3acf77e634649df3b3f825ba1a/usr/lib64/libpkgmgr_common.so.0.23.1
7fed0ad09000-7fed0ad0a000 rw-p 00004000 08:01 26119134                   /home/toolchain/development/libc++_replacement/tmp/R11/extracted/51/514b200a08abbcfa93ce5bbe84d25840b4ef6f3acf77e634649df3b3f825ba1a/usr/lib64/libpkgmgr_common.so.0.23.1
7fed0ad0a000-7fed0ad0e000 r--p 00000000 08:01 23621979                   /home/toolchain/development/libc++_replacement/tmp/R11/extracted/11/11b375d244963979cfea87362c172b196f78c2fe92c507c000126ba46dc84892/usr/lib64/liblzma.so.5.8.1
7fed0ad0e000-7fed0ad28000 r-xp 00004000 08:01 23621979                   /home/toolchain/development/libc++_replacement/tmp/R11/extracted/11/11b375d244963979cfea87362c172b196f78c2fe92c507c000126ba46dc84892/usr/lib64/liblzma.so.5.8.1
7fed0ad28000-7fed0ad33000 r--p 0001e000 08:01 23621979                   /home/toolchain/development/libc++_replacement/tmp/R11/extracted/11/11b375d244963979cfea87362c172b196f78c2fe92c507c000126ba46dc84892/usr/lib64/liblzma.so.5.8.1
7fed0ad33000-7fed0ad34000 r--p 00029000 08:01 23621979                   /home/toolchain/development/libc++_replacement/tmp/R11/extracted/11/11b375d244963979cfea87362c172b196f78c2fe92c507c000126ba46dc84892/usr/lib64/liblzma.so.5.8.1
7fed0ad34000-7fed0ad35000 rw-p 0002a000 08:01 23621979                   /home/toolchain/development/libc++_replacement/tmp/R11/extracted/11/11b375d244963979cfea87362c172b196f78c2fe92c507c000126ba46dc84892/usr/lib64/liblzma.so.5.8.1
7fed0ad35000-7fed0ad39000 r--p 00000000 08:01 25958496                   /home/toolchain/development/libc++_replacement/tmp/R11/extracted/33/33b6f1dac23b0c1c7caf44c105c4776e8ed29d228571c894a0da9f568d100b40/usr/lib64/hal/libhal-api-common.so.0.1.0
7fed0ad39000-7fed0ad41000 r-xp 00004000 08:01 25958496                   /home/toolchain/development/libc++_replacement/tmp/R11/extracted/33/33b6f1dac23b0c1c7caf44c105c4776e8ed29d228571c894a0da9f568d100b40/usr/lib64/hal/libhal-api-common.so.0.1.0
7fed0ad41000-7fed0ad48000 r--p 0000c000 08:01 25958496                   /home/toolchain/development/libc++_replacement/tmp/R11/extracted/33/33b6f1dac23b0c1c7caf44c105c4776e8ed29d228571c894a0da9f568d100b40/usr/lib64/hal/libhal-api-common.so.0.1.0
7fed0ad48000-7fed0ad49000 r--p 00012000 08:01 25958496                   /home/toolchain/development/libc++_replacement/tmp/R11/extracted/33/33b6f1dac23b0c1c7caf44c105c4776e8ed29d228571c894a0da9f568d100b40/usr/lib64/hal/libhal-api-common.so.0.1.0
7fed0ad49000-7fed0ad4b000 rw-p 00013000 08:01 25958496                   /home/toolchain/development/libc++_replacement/tmp/R11/extracted/33/33b6f1dac23b0c1c7caf44c105c4776e8ed29d228571c894a0da9f568d100b40/usr/lib64/hal/libhal-api-common.so.0.1.0
7fed0ad4b000-7fed0ad4e000 rw-p 00000000 00:00 0 
7fed0ad4e000-7fed0ad4f000 r--p 00000000 08:01 23608463                   /home/toolchain/development/libc++_replacement/tmp/R11/extracted/bb/bb95acf2989fecd8ed536d259eb6ce43109882f58a219adcd440fd826537dda7/lib64/librt.so.1
7fed0ad4f000-7fed0ad50000 r-xp 00001000 08:01 23608463                   /home/toolchain/development/libc++_replacement/tmp/R11/extracted/bb/bb95acf2989fecd8ed536d259eb6ce43109882f58a219adcd440fd826537dda7/lib64/librt.so.1
7fed0ad50000-7fed0ad51000 r--p 00002000 08:01 23608463                   /home/toolchain/development/libc++_replacement/tmp/R11/extracted/bb/bb95acf2989fecd8ed536d259eb6ce43109882f58a219adcd440fd826537dda7/lib64/librt.so.1
7fed0ad51000-7fed0ad52000 r--p 00002000 08:01 23608463                   /home/toolchain/development/libc++_replacement/tmp/R11/extracted/bb/bb95acf2989fecd8ed536d259eb6ce43109882f58a219adcd440fd826537dda7/lib64/librt.so.1
7fed0ad52000-7fed0ad53000 rw-p 00003000 08:01 23608463                   /home/toolchain/development/libc++_replacement/tmp/R11/extracted/bb/bb95acf2989fecd8ed536d259eb6ce43109882f58a219adcd440fd826537dda7/lib64/librt.so.1
7fed0ad53000-7fed0ad57000 r--p 00000000 08:01 26085865                   /home/toolchain/development/libc++_replacement/tmp/R11/extracted/35/35d1421251334850c1f3200ef1c41005cf50e082863dcbb3c891f46b95075fe8/usr/lib64/libjson-c.so.5.4.0
7fed0ad57000-7fed0ad5f000 r-xp 00004000 08:01 26085865                   /home/toolchain/development/libc++_replacement/tmp/R11/extracted/35/35d1421251334850c1f3200ef1c41005cf50e082863dcbb3c891f46b95075fe8/usr/lib64/libjson-c.so.5.4.0
7fed0ad5f000-7fed0ad63000 r--p 0000c000 08:01 26085865                   /home/toolchain/development/libc++_replacement/tmp/R11/extracted/35/35d1421251334850c1f3200ef1c41005cf50e082863dcbb3c891f46b95075fe8/usr/lib64/libjson-c.so.5.4.0
7fed0ad63000-7fed0ad64000 r--p 0000f000 08:01 26085865                   /home/toolchain/development/libc++_replacement/tmp/R11/extracted/35/35d1421251334850c1f3200ef1c41005cf50e082863dcbb3c891f46b95075fe8/usr/lib64/libjson-c.so.5.4.0
7fed0ad64000-7fed0ad65000 rw-p 00010000 08:01 26085865                   /home/toolchain/development/libc++_replacement/tmp/R11/extracted/35/35d1421251334850c1f3200ef1c41005cf50e082863dcbb3c891f46b95075fe8/usr/lib64/libjson-c.so.5.4.0
7fed0ad65000-7fed0ad67000 r--p 00000000 08:01 23612994                   /home/toolchain/development/libc++_replacement/tmp/R11/extracted/a5/a5dfb509f5f1865a7f188afd06ac61f6221bbd3260e49d16355deb9a93f9beba/usr/lib64/libiniparser.so.4.2.6
7fed0ad67000-7fed0ad6a000 r-xp 00002000 08:01 23612994                   /home/toolchain/development/libc++_replacement/tmp/R11/extracted/a5/a5dfb509f5f1865a7f188afd06ac61f6221bbd3260e49d16355deb9a93f9beba/usr/lib64/libiniparser.so.4.2.6
7fed0ad6a000-7fed0ad6b000 r--p 00005000 08:01 23612994                   /home/toolchain/development/libc++_replacement/tmp/R11/extracted/a5/a5dfb509f5f1865a7f188afd06ac61f6221bbd3260e49d16355deb9a93f9beba/usr/lib64/libiniparser.so.4.2.6
7fed0ad6b000-7fed0ad6c000 r--p 00005000 08:01 23612994                   /home/toolchain/development/libc++_replacement/tmp/R11/extracted/a5/a5dfb509f5f1865a7f188afd06ac61f6221bbd3260e49d16355deb9a93f9beba/usr/lib64/libiniparser.so.4.2.6
7fed0ad6c000-7fed0ad6d000 rw-p 00006000 08:01 23612994                   /home/toolchain/development/libc++_replacement/tmp/R11/extracted/a5/a5dfb509f5f1865a7f188afd06ac61f6221bbd3260e49d16355deb9a93f9beba/usr/lib64/libiniparser.so.4.2.6
7fed0ad6d000-7fed0ad6e000 r--p 00000000 08:01 26085451                   /home/toolchain/development/libc++_replacement/tmp/R11/extracted/8d/8de5de8f23a1a7a73c053f3042112220a7bc59c19153c8f43b2b49940495a259/usr/lib64/libgmodule-2.0.so.0.8000.5
7fed0ad6e000-7fed0ad70000 r-xp 00001000 08:01 26085451                   /home/toolchain/development/libc++_replacement/tmp/R11/extracted/8d/8de5de8f23a1a7a73c053f3042112220a7bc59c19153c8f43b2b49940495a259/usr/lib64/libgmodule-2.0.so.0.8000.5
7fed0ad70000-7fed0ad71000 r--p 00003000 08:01 26085451                   /home/toolchain/development/libc++_replacement/tmp/R11/extracted/8d/8de5de8f23a1a7a73c053f3042112220a7bc59c19153c8f43b2b49940495a259/usr/lib64/libgmodule-2.0.so.0.8000.5
7fed0ad71000-7fed0ad72000 r--p 00003000 08:01 26085451                   /home/toolchain/development/libc++_replacement/tmp/R11/extracted/8d/8de5de8f23a1a7a73c053f3042112220a7bc59c19153c8f43b2b49940495a259/usr/lib64/libgmodule-2.0.so.0.8000.5
7fed0ad72000-7fed0ad73000 rw-p 00004000 08:01 26085451                   /home/toolchain/development/libc++_replacement/tmp/R11/extracted/8d/8de5de8f23a1a7a73c053f3042112220a7bc59c19153c8f43b2b49940495a259/usr/lib64/libgmodule-2.0.so.0.8000.5
7fed0ad73000-7fed0ad76000 r--p 00000000 08:01 25869255                   /home/toolchain/development/libc++_replacement/tmp/R11/extracted/41/416d01db4ad75a8a452cfe82485dd4a95b731df556354dc1373b5c5653af4be8/usr/lib64/libethumb.so.1.25.1
7fed0ad76000-7fed0ad7c000 r-xp 00003000 08:01 25869255                   /home/toolchain/development/libc++_replacement/tmp/R11/extracted/41/416d01db4ad75a8a452cfe82485dd4a95b731df556354dc1373b5c5653af4be8/usr/lib64/libethumb.so.1.25.1
7fed0ad7c000-7fed0ad7f000 r--p 00009000 08:01 25869255                   /home/toolchain/development/libc++_replacement/tmp/R11/extracted/41/416d01db4ad75a8a452cfe82485dd4a95b731df556354dc1373b5c5653af4be8/usr/lib64/libethumb.so.1.25.1
7fed0ad7f000-7fed0ad80000 r--p 0000b000 08:01 25869255                   /home/toolchain/development/libc++_replacement/tmp/R11/extracted/41/416d01db4ad75a8a452cfe82485dd4a95b731df556354dc1373b5c5653af4be8/usr/lib64/libethumb.so.1.25.1
7fed0ad80000-7fed0ad81000 rw-p 0000c000 08:01 25869255                   /home/toolchain/development/libc++_replacement/tmp/R11/extracted/41/416d01db4ad75a8a452cfe82485dd4a95b731df556354dc1373b5c5653af4be8/usr/lib64/libethumb.so.1.25.1
7fed0ad81000-7fed0ad84000 r--p 00000000 08:01 25835168                   /home/toolchain/development/libc++_replacement/tmp/R11/extracted/d3/d3eaa599ac9efb515f4b73c56586ae7fc6d9568faf8fac749ce6ab9732b9de84/usr/lib64/libecore_ipc.so.1.25.1
7fed0ad84000-7fed0ad89000 r-xp 00003000 08:01 25835168                   /home/toolchain/development/libc++_replacement/tmp/R11/extracted/d3/d3eaa599ac9efb515f4b73c56586ae7fc6d9568faf8fac749ce6ab9732b9de84/usr/lib64/libecore_ipc.so.1.25.1
7fed0ad89000-7fed0ad8b000 r--p 00008000 08:01 25835168                   /home/toolchain/development/libc++_replacement/tmp/R11/extracted/d3/d3eaa599ac9efb515f4b73c56586ae7fc6d9568faf8fac749ce6ab9732b9de84/usr/lib64/libecore_ipc.so.1.25.1
7fed0ad8b000-7fed0ad8c000 r--p 00009000 08:01 25835168                   /home/toolchain/development/libc++_replacement/tmp/R11/extracted/d3/d3eaa599ac9efb515f4b73c56586ae7fc6d9568faf8fac749ce6ab9732b9de84/usr/lib64/libecore_ipc.so.1.25.1
7fed0ad8c000-7fed0ad8d000 rw-p 0000a000 08:01 25835168                   /home/toolchain/development/libc++_replacement/tmp/R11/extracted/d3/d3eaa599ac9efb515f4b73c56586ae7fc6d9568faf8fac749ce6ab9732b9de84/usr/lib64/libecore_ipc.so.1.25.1
7fed0ad8d000-7fed0ad97000 r--p 00000000 08:01 15518976                   /home/toolchain/development/libc++_replacement/tmp/R11/extracted/57/571e663a0840dab81649fc122b8c5169603af0a2ecf968ce11bc57e4240f6197/usr/lib64/libmount.so.1.1.0
7fed0ad97000-7fed0adc6000 r-xp 0000a000 08:01 15518976                   /home/toolchain/development/libc++_replacement/tmp/R11/extracted/57/571e663a0840dab81649fc122b8c5169603af0a2ecf968ce11bc57e4240f6197/usr/lib64/libmount.so.1.1.0
7fed0adc6000-7fed0add4000 r--p 00039000 08:01 15518976                   /home/toolchain/development/libc++_replacement/tmp/R11/extracted/57/571e663a0840dab81649fc122b8c5169603af0a2ecf968ce11bc57e4240f6197/usr/lib64/libmount.so.1.1.0
7fed0add4000-7fed0add6000 r--p 00046000 08:01 15518976                   /home/toolchain/development/libc++_replacement/tmp/R11/extracted/57/571e663a0840dab81649fc122b8c5169603af0a2ecf968ce11bc57e4240f6197/usr/lib64/libmount.so.1.1.0
7fed0add6000-7fed0add7000 rw-p 00048000 08:01 15518976                   /home/toolchain/development/libc++_replacement/tmp/R11/extracted/57/571e663a0840dab81649fc122b8c5169603af0a2ecf968ce11bc57e4240f6197/usr/lib64/libmount.so.1.1.0
7fed0add7000-7fed0add9000 rw-p 00000000 00:00 0 
7fed0add9000-7fed0addd000 r--p 00000000 08:01 23621582                   /home/toolchain/development/libc++_replacement/tmp/R11/extracted/a2/a2e41cda0fbf3cd42aec10ab4fbe8577bb34c4eed1b965ca1e4612a2a674a85c/usr/lib64/libturbojpeg.so.0.3.0
7fed0addd000-7fed0aea6000 r-xp 00004000 08:01 23621582                   /home/toolchain/development/libc++_replacement/tmp/R11/extracted/a2/a2e41cda0fbf3cd42aec10ab4fbe8577bb34c4eed1b965ca1e4612a2a674a85c/usr/lib64/libturbojpeg.so.0.3.0
7fed0aea6000-7fed0aed2000 r--p 000cd000 08:01 23621582                   /home/toolchain/development/libc++_replacement/tmp/R11/extracted/a2/a2e41cda0fbf3cd42aec10ab4fbe8577bb34c4eed1b965ca1e4612a2a674a85c/usr/lib64/libturbojpeg.so.0.3.0
7fed0aed2000-7fed0aed3000 r--p 000f9000 08:01 23621582                   /home/toolchain/development/libc++_replacement/tmp/R11/extracted/a2/a2e41cda0fbf3cd42aec10ab4fbe8577bb34c4eed1b965ca1e4612a2a674a85c/usr/lib64/libturbojpeg.so.0.3.0
7fed0aed3000-7fed0aed4000 rw-p 000fa000 08:01 23621582                   /home/toolchain/development/libc++_replacement/tmp/R11/extracted/a2/a2e41cda0fbf3cd42aec10ab4fbe8577bb34c4eed1b965ca1e4612a2a674a85c/usr/lib64/libturbojpeg.so.0.3.0
7fed0aed4000-7fed0aef6000 r--p 00000000 08:01 23622763                   /home/toolchain/development/libc++_replacement/tmp/R11/extracted/25/2512efa180fad6bcd4f6a7e8619366d56808c4e1e6632c25bc57349b6a5bf215/usr/lib64/libssl.so.3
7fed0aef6000-7fed0af79000 r-xp 00022000 08:01 23622763                   /home/toolchain/development/libc++_replacement/tmp/R11/extracted/25/2512efa180fad6bcd4f6a7e8619366d56808c4e1e6632c25bc57349b6a5bf215/usr/lib64/libssl.so.3
7fed0af79000-7fed0afa2000 r--p 000a5000 08:01 23622763                   /home/toolchain/development/libc++_replacement/tmp/R11/extracted/25/2512efa180fad6bcd4f6a7e8619366d56808c4e1e6632c25bc57349b6a5bf215/usr/lib64/libssl.so.3
7fed0afa2000-7fed0afab000 r--p 000ce000 08:01 23622763                   /home/toolchain/development/libc++_replacement/tmp/R11/extracted/25/2512efa180fad6bcd4f6a7e8619366d56808c4e1e6632c25bc57349b6a5bf215/usr/lib64/libssl.so.3
7fed0afab000-7fed0afb1000 rw-p 000d7000 08:01 23622763                   /home/toolchain/development/libc++_replacement/tmp/R11/extracted/25/2512efa180fad6bcd4f6a7e8619366d56808c4e1e6632c25bc57349b6a5bf215/usr/lib64/libssl.so.3
7fed0afb1000-7fed0afb8000 r--p 00000000 08:01 26091142                   /home/toolchain/development/libc++_replacement/tmp/R11/extracted/bb/bbe1496d756b23b9943378f63a1c4a0a262cf4c8acaa04528d2265ad2363e5ff/usr/lib64/libmanifest-parser-utils.so.1.9.0
7fed0afb8000-7fed0afca000 r-xp 00007000 08:01 26091142                   /home/toolchain/development/libc++_replacement/tmp/R11/extracted/bb/bbe1496d756b23b9943378f63a1c4a0a262cf4c8acaa04528d2265ad2363e5ff/usr/lib64/libmanifest-parser-utils.so.1.9.0
7fed0afca000-7fed0afcd000 r--p 00019000 08:01 26091142                   /home/toolchain/development/libc++_replacement/tmp/R11/extracted/bb/bbe1496d756b23b9943378f63a1c4a0a262cf4c8acaa04528d2265ad2363e5ff/usr/lib64/libmanifest-parser-utils.so.1.9.0
7fed0afcd000-7fed0afce000 r--p 0001b000 08:01 26091142                   /home/toolchain/development/libc++_replacement/tmp/R11/extracted/bb/bbe1496d756b23b9943378f63a1c4a0a262cf4c8acaa04528d2265ad2363e5ff/usr/lib64/libmanifest-parser-utils.so.1.9.0
7fed0afce000-7fed0afcf000 rw-p 0001c000 08:01 26091142                   /home/toolchain/development/libc++_replacement/tmp/R11/extracted/bb/bbe1496d756b23b9943378f63a1c4a0a262cf4c8acaa04528d2265ad2363e5ff/usr/lib64/libmanifest-parser-utils.so.1.9.0
7fed0afcf000-7fed0afd0000 r--p 00000000 08:01 26083979                   /home/toolchain/development/libc++_replacement/tmp/R11/extracted/a2/a2b87e3abccd4ac15a7adea04222a41d57d0255cc0d2d05b678a0ec91ed4a1b8/usr/lib64/libcynara-session.so.0.26.0
7fed0afd0000-7fed0afd1000 r-xp 00001000 08:01 26083979                   /home/toolchain/development/libc++_replacement/tmp/R11/extracted/a2/a2b87e3abccd4ac15a7adea04222a41d57d0255cc0d2d05b678a0ec91ed4a1b8/usr/lib64/libcynara-session.so.0.26.0
7fed0afd1000-7fed0afd2000 r--p 00002000 08:01 26083979                   /home/toolchain/development/libc++_replacement/tmp/R11/extracted/a2/a2b87e3abccd4ac15a7adea04222a41d57d0255cc0d2d05b678a0ec91ed4a1b8/usr/lib64/libcynara-session.so.0.26.0
7fed0afd2000-7fed0afd3000 r--p 00002000 08:01 26083979                   /home/toolchain/development/libc++_replacement/tmp/R11/extracted/a2/a2b87e3abccd4ac15a7adea04222a41d57d0255cc0d2d05b678a0ec91ed4a1b8/usr/lib64/libcynara-session.so.0.26.0
7fed0afd3000-7fed0afd4000 rw-p 00003000 08:01 26083979                   /home/toolchain/development/libc++_replacement/tmp/R11/extracted/a2/a2b87e3abccd4ac15a7adea04222a41d57d0255cc0d2d05b678a0ec91ed4a1b8/usr/lib64/libcynara-session.so.0.26.0
7fed0afd4000-7fed0afe1000 r--p 00000000 08:01 26087397                   /home/toolchain/development/libc++_replacement/tmp/R11/extracted/38/384bad753156856cc83104d0f5507ec9394ce08916f522e762bbc110ebef1191/usr/lib64/libscl-core-pure.so
7fed0afe1000-7fed0afed000 r-xp 0000d000 08:01 26087397                   /home/toolchain/development/libc++_replacement/tmp/R11/extracted/38/384bad753156856cc83104d0f5507ec9394ce08916f522e762bbc110ebef1191/usr/lib64/libscl-core-pure.so
7fed0afed000-7fed0aff3000 r--p 00019000 08:01 26087397                   /home/toolchain/development/libc++_replacement/tmp/R11/extracted/38/384bad753156856cc83104d0f5507ec9394ce08916f522e762bbc110ebef1191/usr/lib64/libscl-core-pure.so
7fed0aff3000-7fed0aff4000 r--p 0001f000 08:01 26087397                   /home/toolchain/development/libc++_replacement/tmp/R11/extracted/38/384bad753156856cc83104d0f5507ec9394ce08916f522e762bbc110ebef1191/usr/lib64/libscl-core-pure.so
7fed0aff4000-7fed0aff5000 rw-p 00020000 08:01 26087397                   /home/toolchain/development/libc++_replacement/tmp/R11/extracted/38/384bad753156856cc83104d0f5507ec9394ce08916f522e762bbc110ebef1191/usr/lib64/libscl-core-pure.so
7fed0aff5000-7fed0affa000 r--p 00000000 08:01 24301928                   /home/toolchain/development/libc++_replacement/tmp/R11/extracted/65/659fc8bfc2e94f4a2e33025652fed2d7bda7de13295dfc30f18f1e2c4e019181/usr/lib64/libscreen_connector_provider.so.1.9.12
7fed0affa000-7fed0affc000 r-xp 00005000 08:01 24301928                   /home/toolchain/development/libc++_replacement/tmp/R11/extracted/65/659fc8bfc2e94f4a2e33025652fed2d7bda7de13295dfc30f18f1e2c4e019181/usr/lib64/libscreen_connector_provider.so.1.9.12
7fed0affc000-7fed0affe000 r--p 00007000 08:01 24301928                   /home/toolchain/development/libc++_replacement/tmp/R11/extracted/65/659fc8bfc2e94f4a2e33025652fed2d7bda7de13295dfc30f18f1e2c4e019181/usr/lib64/libscreen_connector_provider.so.1.9.12
7fed0affe000-7fed0afff000 r--p 00008000 08:01 24301928                   /home/toolchain/development/libc++_replacement/tmp/R11/extracted/65/659fc8bfc2e94f4a2e33025652fed2d7bda7de13295dfc30f18f1e2c4e019181/usr/lib64/libscreen_connector_provider.so.1.9.12
7fed0afff000-7fed0b000000 rw-p 00009000 08:01 24301928                   /home/toolchain/development/libc++_replacement/tmp/R11/extracted/65/659fc8bfc2e94f4a2e33025652fed2d7bda7de13295dfc30f18f1e2c4e019181/usr/lib64/libscreen_connector_provider.so.1.9.12
7fed0b000000-7fed0b0df000 r--p 00000000 08:01 23622520                   /home/toolchain/development/libc++_replacement/tmp/R11/extracted/25/2512efa180fad6bcd4f6a7e8619366d56808c4e1e6632c25bc57349b6a5bf215/usr/lib64/libcrypto.so.3
7fed0b0df000-7fed0b3ad000 r-xp 000df000 08:01 23622520                   /home/toolchain/development/libc++_replacement/tmp/R11/extracted/25/2512efa180fad6bcd4f6a7e8619366d56808c4e1e6632c25bc57349b6a5bf215/usr/lib64/libcrypto.so.3
7fed0b3ad000-7fed0b4b7000 r--p 003ad000 08:01 23622520                   /home/toolchain/development/libc++_replacement/tmp/R11/extracted/25/2512efa180fad6bcd4f6a7e8619366d56808c4e1e6632c25bc57349b6a5bf215/usr/lib64/libcrypto.so.3
7fed0b4b7000-7fed0b52a000 r--p 004b7000 08:01 23622520                   /home/toolchain/development/libc++_replacement/tmp/R11/extracted/25/2512efa180fad6bcd4f6a7e8619366d56808c4e1e6632c25bc57349b6a5bf215/usr/lib64/libcrypto.so.3
7fed0b52a000-7fed0b52d000 rw-p 0052a000 08:01 23622520                   /home/toolchain/development/libc++_replacement/tmp/R11/extracted/25/2512efa180fad6bcd4f6a7e8619366d56808c4e1e6632c25bc57349b6a5bf215/usr/lib64/libcrypto.so.3
7fed0b52d000-7fed0b530000 rw-p 00000000 00:00 0 
7fed0b534000-7fed0b537000 r--p 00000000 08:01 25714657                   /home/toolchain/development/libc++_replacement/tmp/R11/extracted/4f/4f31327e0bc6529c97098c661afc209a6fe7e421dd0e3955b0e8e74332a2c8d8/usr/lib64/libappcore-watch-base.so.1.7.25
7fed0b537000-7fed0b53b000 r-xp 00003000 08:01 25714657                   /home/toolchain/development/libc++_replacement/tmp/R11/extracted/4f/4f31327e0bc6529c97098c661afc209a6fe7e421dd0e3955b0e8e74332a2c8d8/usr/lib64/libappcore-watch-base.so.1.7.25
7fed0b53b000-7fed0b53d000 r--p 00007000 08:01 25714657                   /home/toolchain/development/libc++_replacement/tmp/R11/extracted/4f/4f31327e0bc6529c97098c661afc209a6fe7e421dd0e3955b0e8e74332a2c8d8/usr/lib64/libappcore-watch-base.so.1.7.25
7fed0b53d000-7fed0b53e000 r--p 00009000 08:01 25714657                   /home/toolchain/development/libc++_replacement/tmp/R11/extracted/4f/4f31327e0bc6529c97098c661afc209a6fe7e421dd0e3955b0e8e74332a2c8d8/usr/lib64/libappcore-watch-base.so.1.7.25
7fed0b53e000-7fed0b53f000 rw-p 0000a000 08:01 25714657                   /home/toolchain/development/libc++_replacement/tmp/R11/extracted/4f/4f31327e0bc6529c97098c661afc209a6fe7e421dd0e3955b0e8e74332a2c8d8/usr/lib64/libappcore-watch-base.so.1.7.25
7fed0b53f000-7fed0b551000 r--p 00000000 08:01 26085998                   /home/toolchain/development/libc++_replacement/tmp/R11/extracted/e2/e29572431ca7874a71930c026640e708ab48fbc4a8263013f3fa36f4b495e221/usr/lib64/libkey-manager-client.so.1.0.1
7fed0b551000-7fed0b595000 r-xp 00012000 08:01 26085998                   /home/toolchain/development/libc++_replacement/tmp/R11/extracted/e2/e29572431ca7874a71930c026640e708ab48fbc4a8263013f3fa36f4b495e221/usr/lib64/libkey-manager-client.so.1.0.1
7fed0b595000-7fed0b5a9000 r--p 00056000 08:01 26085998                   /home/toolchain/development/libc++_replacement/tmp/R11/extracted/e2/e29572431ca7874a71930c026640e708ab48fbc4a8263013f3fa36f4b495e221/usr/lib64/libkey-manager-client.so.1.0.1
7fed0b5a9000-7fed0b5ab000 r--p 00069000 08:01 26085998                   /home/toolchain/development/libc++_replacement/tmp/R11/extracted/e2/e29572431ca7874a71930c026640e708ab48fbc4a8263013f3fa36f4b495e221/usr/lib64/libkey-manager-client.so.1.0.1
7fed0b5ab000-7fed0b5ac000 rw-p 0006b000 08:01 26085998                   /home/toolchain/development/libc++_replacement/tmp/R11/extracted/e2/e29572431ca7874a71930c026640e708ab48fbc4a8263013f3fa36f4b495e221/usr/lib64/libkey-manager-client.so.1.0.1
7fed0b5ac000-7fed0b5b2000 r--p 00000000 08:01 26003866                   /home/toolchain/development/libc++_replacement/tmp/R11/extracted/5a/5a97d8dca1bb0c2cdad122b990baa23342fc9c207efac0dc81df57a1feaa4c12/usr/lib64/liblaunchpad-common.so.0.50.17
7fed0b5b2000-7fed0b5b8000 r-xp 00006000 08:01 26003866                   /home/toolchain/development/libc++_replacement/tmp/R11/extracted/5a/5a97d8dca1bb0c2cdad122b990baa23342fc9c207efac0dc81df57a1feaa4c12/usr/lib64/liblaunchpad-common.so.0.50.17
7fed0b5b8000-7fed0b5bb000 r--p 0000c000 08:01 26003866                   /home/toolchain/development/libc++_replacement/tmp/R11/extracted/5a/5a97d8dca1bb0c2cdad122b990baa23342fc9c207efac0dc81df57a1feaa4c12/usr/lib64/liblaunchpad-common.so.0.50.17
7fed0b5bb000-7fed0b5bc000 r--p 0000e000 08:01 26003866                   /home/toolchain/development/libc++_replacement/tmp/R11/extracted/5a/5a97d8dca1bb0c2cdad122b990baa23342fc9c207efac0dc81df57a1feaa4c12/usr/lib64/liblaunchpad-common.so.0.50.17
7fed0b5bc000-7fed0b5bd000 rw-p 0000f000 08:01 26003866                   /home/toolchain/development/libc++_replacement/tmp/R11/extracted/5a/5a97d8dca1bb0c2cdad122b990baa23342fc9c207efac0dc81df57a1feaa4c12/usr/lib64/liblaunchpad-common.so.0.50.17
7fed0b5bd000-7fed0b5db000 r--p 00000000 08:01 26003868                   /home/toolchain/development/libc++_replacement/tmp/R11/extracted/5a/5a97d8dca1bb0c2cdad122b990baa23342fc9c207efac0dc81df57a1feaa4c12/usr/lib64/liblaunchpad-core.so.0.50.17
7fed0b5db000-7fed0b5fe000 r-xp 0001e000 08:01 26003868                   /home/toolchain/development/libc++_replacement/tmp/R11/extracted/5a/5a97d8dca1bb0c2cdad122b990baa23342fc9c207efac0dc81df57a1feaa4c12/usr/lib64/liblaunchpad-core.so.0.50.17
7fed0b5fe000-7fed0b60c000 r--p 00041000 08:01 26003868                   /home/toolchain/development/libc++_replacement/tmp/R11/extracted/5a/5a97d8dca1bb0c2cdad122b990baa23342fc9c207efac0dc81df57a1feaa4c12/usr/lib64/liblaunchpad-core.so.0.50.17
7fed0b60c000-7fed0b60d000 r--p 0004f000 08:01 26003868                   /home/toolchain/development/libc++_replacement/tmp/R11/extracted/5a/5a97d8dca1bb0c2cdad122b990baa23342fc9c207efac0dc81df57a1feaa4c12/usr/lib64/liblaunchpad-core.so.0.50.17
7fed0b60d000-7fed0b60f000 rw-p 00050000 08:01 26003868                   /home/toolchain/development/libc++_replacement/tmp/R11/extracted/5a/5a97d8dca1bb0c2cdad122b990baa23342fc9c207efac0dc81df57a1feaa4c12/usr/lib64/liblaunchpad-core.so.0.50.17
7fed0b60f000-7fed0b613000 r--p 00000000 08:01 26227755                   /home/toolchain/development/libc++_replacement/tmp/R11/extracted/48/48779668c7452fc44f8d8610b04f29a911bcba3f2954610b88ff8d9be7452910/usr/lib64/libtanchor-runtime.so.2.1.2
7fed0b613000-7fed0b61e000 r-xp 00004000 08:01 26227755                   /home/toolchain/development/libc++_replacement/tmp/R11/extracted/48/48779668c7452fc44f8d8610b04f29a911bcba3f2954610b88ff8d9be7452910/usr/lib64/libtanchor-runtime.so.2.1.2
7fed0b61e000-7fed0b621000 r--p 0000f000 08:01 26227755                   /home/toolchain/development/libc++_replacement/tmp/R11/extracted/48/48779668c7452fc44f8d8610b04f29a911bcba3f2954610b88ff8d9be7452910/usr/lib64/libtanchor-runtime.so.2.1.2
7fed0b621000-7fed0b622000 rw-p 00011000 08:01 26227755                   /home/toolchain/development/libc++_replacement/tmp/R11/extracted/48/48779668c7452fc44f8d8610b04f29a911bcba3f2954610b88ff8d9be7452910/usr/lib64/libtanchor-runtime.so.2.1.2
7fed0b622000-7fed0b625000 r--p 00000000 08:01 26083852                   /home/toolchain/development/libc++_replacement/tmp/R11/extracted/ae/ae6d59bf045464a126e47576a411ecb597b3902b4ae35fd327d0d75604a8f6b9/usr/lib64/libcynara-creds-commons.so.0.26.0
7fed0b625000-7fed0b629000 r-xp 00003000 08:01 26083852                   /home/toolchain/development/libc++_replacement/tmp/R11/extracted/ae/ae6d59bf045464a126e47576a411ecb597b3902b4ae35fd327d0d75604a8f6b9/usr/lib64/libcynara-creds-commons.so.0.26.0
7fed0b629000-7fed0b62a000 r--p 00007000 08:01 26083852                   /home/toolchain/development/libc++_replacement/tmp/R11/extracted/ae/ae6d59bf045464a126e47576a411ecb597b3902b4ae35fd327d0d75604a8f6b9/usr/lib64/libcynara-creds-commons.so.0.26.0
7fed0b62a000-7fed0b62b000 r--p 00008000 08:01 26083852                   /home/toolchain/development/libc++_replacement/tmp/R11/extracted/ae/ae6d59bf045464a126e47576a411ecb597b3902b4ae35fd327d0d75604a8f6b9/usr/lib64/libcynara-creds-commons.so.0.26.0
7fed0b62b000-7fed0b62c000 rw-p 00009000 08:01 26083852                   /home/toolchain/development/libc++_replacement/tmp/R11/extracted/ae/ae6d59bf045464a126e47576a411ecb597b3902b4ae35fd327d0d75604a8f6b9/usr/lib64/libcynara-creds-commons.so.0.26.0
7fed0b62c000-7fed0b62e000 r--p 00000000 08:01 26084007                   /home/toolchain/development/libc++_replacement/tmp/R11/extracted/10/102f6e6390f451cd238ea1f34257f312aca6774a938014000bb4e7c1a1cf843c/usr/lib64/libcynara-uid-creds.so..26.0
7fed0b62e000-7fed0b630000 r-xp 00002000 08:01 26084007                   /home/toolchain/development/libc++_replacement/tmp/R11/extracted/10/102f6e6390f451cd238ea1f34257f312aca6774a938014000bb4e7c1a1cf843c/usr/lib64/libcynara-uid-creds.so..26.0
7fed0b630000-7fed0b631000 r--p 00004000 08:01 26084007                   /home/toolchain/development/libc++_replacement/tmp/R11/extracted/10/102f6e6390f451cd238ea1f34257f312aca6774a938014000bb4e7c1a1cf843c/usr/lib64/libcynara-uid-creds.so..26.0
7fed0b631000-7fed0b632000 r--p 00004000 08:01 26084007                   /home/toolchain/development/libc++_replacement/tmp/R11/extracted/10/102f6e6390f451cd238ea1f34257f312aca6774a938014000bb4e7c1a1cf843c/usr/lib64/libcynara-uid-creds.so..26.0
7fed0b632000-7fed0b633000 rw-p 00005000 08:01 26084007                   /home/toolchain/development/libc++_replacement/tmp/R11/extracted/10/102f6e6390f451cd238ea1f34257f312aca6774a938014000bb4e7c1a1cf843c/usr/lib64/libcynara-uid-creds.so..26.0
7fed0b633000-7fed0b65b000 r--p 00000000 08:01 26083862                   /home/toolchain/development/libc++_replacement/tmp/R11/extracted/c8/c8bacdec0892151fce20caf11add70ce706e389477e74203beec2f6b651c52b8/usr/lib64/libcynara-commons.so.0.26.0
7fed0b65b000-7fed0b68f000 r-xp 00028000 08:01 26083862                   /home/toolchain/development/libc++_replacement/tmp/R11/extracted/c8/c8bacdec0892151fce20caf11add70ce706e389477e74203beec2f6b651c52b8/usr/lib64/libcynara-commons.so.0.26.0
7fed0b68f000-7fed0b69f000 r--p 0005c000 08:01 26083862                   /home/toolchain/development/libc++_replacement/tmp/R11/extracted/c8/c8bacdec0892151fce20caf11add70ce706e389477e74203beec2f6b651c52b8/usr/lib64/libcynara-commons.so.0.26.0
7fed0b69f000-7fed0b6a3000 r--p 0006b000 08:01 26083862                   /home/toolchain/development/libc++_replacement/tmp/R11/extracted/c8/c8bacdec0892151fce20caf11add70ce706e389477e74203beec2f6b651c52b8/usr/lib64/libcynara-commons.so.0.26.0
7fed0b6a3000-7fed0b6a4000 rw-p 0006f000 08:01 26083862                   /home/toolchain/development/libc++_replacement/tmp/R11/extracted/c8/c8bacdec0892151fce20caf11add70ce706e389477e74203beec2f6b651c52b8/usr/lib64/libcynara-commons.so.0.26.0
7fed0b6a4000-7fed0b6a8000 r--p 00000000 08:01 26083837                   /home/toolchain/development/libc++_replacement/tmp/R11/extracted/95/95baaefb26a50408eb4d7f5426aa17e1af2d62788151eb7b2113e095e0adcc37/usr/lib64/libcynara-client-commons.so.0.26.0
7fed0b6a8000-7fed0b6ad000 r-xp 00004000 08:01 26083837                   /home/toolchain/development/libc++_replacement/tmp/R11/extracted/95/95baaefb26a50408eb4d7f5426aa17e1af2d62788151eb7b2113e095e0adcc37/usr/lib64/libcynara-client-commons.so.0.26.0
7fed0b6ad000-7fed0b6ae000 r--p 00009000 08:01 26083837                   /home/toolchain/development/libc++_replacement/tmp/R11/extracted/95/95baaefb26a50408eb4d7f5426aa17e1af2d62788151eb7b2113e095e0adcc37/usr/lib64/libcynara-client-commons.so.0.26.0
7fed0b6ae000-7fed0b6af000 r--p 0000a000 08:01 26083837                   /home/toolchain/development/libc++_replacement/tmp/R11/extracted/95/95baaefb26a50408eb4d7f5426aa17e1af2d62788151eb7b2113e095e0adcc37/usr/lib64/libcynara-client-commons.so.0.26.0
7fed0b6af000-7fed0b6b0000 rw-p 0000b000 08:01 26083837                   /home/toolchain/development/libc++_replacement/tmp/R11/extracted/95/95baaefb26a50408eb4d7f5426aa17e1af2d62788151eb7b2113e095e0adcc37/usr/lib64/libcynara-client-commons.so.0.26.0
7fed0b6b0000-7fed0b6b9000 r--p 00000000 08:01 26085907                   /home/toolchain/development/libc++_replacement/tmp/R11/extracted/d0/d0de50bf206b3d54c4d73143135d61d6a880493204c7703569193ef661265689/usr/lib64/libjson-glib-1.0.so.0.800.0
7fed0b6b9000-7fed0b6cd000 r-xp 00009000 08:01 26085907                   /home/toolchain/development/libc++_replacement/tmp/R11/extracted/d0/d0de50bf206b3d54c4d73143135d61d6a880493204c7703569193ef661265689/usr/lib64/libjson-glib-1.0.so.0.800.0
7fed0b6cd000-7fed0b6d6000 r--p 0001d000 08:01 26085907                   /home/toolchain/development/libc++_replacement/tmp/R11/extracted/d0/d0de50bf206b3d54c4d73143135d61d6a880493204c7703569193ef661265689/usr/lib64/libjson-glib-1.0.so.0.800.0
7fed0b6d6000-7fed0b6d7000 r--p 00026000 08:01 26085907                   /home/toolchain/development/libc++_replacement/tmp/R11/extracted/d0/d0de50bf206b3d54c4d73143135d61d6a880493204c7703569193ef661265689/usr/lib64/libjson-glib-1.0.so.0.800.0
7fed0b6d7000-7fed0b6d8000 rw-p 00027000 08:01 26085907                   /home/toolchain/development/libc++_replacement/tmp/R11/extracted/d0/d0de50bf206b3d54c4d73143135d61d6a880493204c7703569193ef661265689/usr/lib64/libjson-glib-1.0.so.0.800.0
7fed0b6d8000-7fed0b6d9000 r--p 00000000 08:01 25716645                   /home/toolchain/development/libc++_replacement/tmp/R11/extracted/69/69a66bf21fe7e6ba583831be02eab8b25eb5b9e842da34e562195d8b1fe607ca/usr/lib64/libaul-blink.so.0.84.11
7fed0b6d9000-7fed0b6da000 r-xp 00001000 08:01 25716645                   /home/toolchain/development/libc++_replacement/tmp/R11/extracted/69/69a66bf21fe7e6ba583831be02eab8b25eb5b9e842da34e562195d8b1fe607ca/usr/lib64/libaul-blink.so.0.84.11
7fed0b6da000-7fed0b6db000 r--p 00002000 08:01 25716645                   /home/toolchain/development/libc++_replacement/tmp/R11/extracted/69/69a66bf21fe7e6ba583831be02eab8b25eb5b9e842da34e562195d8b1fe607ca/usr/lib64/libaul-blink.so.0.84.11
7fed0b6db000-7fed0b6dc000 r--p 00002000 08:01 25716645                   /home/toolchain/development/libc++_replacement/tmp/R11/extracted/69/69a66bf21fe7e6ba583831be02eab8b25eb5b9e842da34e562195d8b1fe607ca/usr/lib64/libaul-blink.so.0.84.11
7fed0b6dc000-7fed0b6dd000 rw-p 00003000 08:01 25716645                   /home/toolchain/development/libc++_replacement/tmp/R11/extracted/69/69a66bf21fe7e6ba583831be02eab8b25eb5b9e842da34e562195d8b1fe607ca/usr/lib64/libaul-blink.so.0.84.11
7fed0b6dd000-7fed0b6df000 r--p 00000000 08:01 23624162                   /home/toolchain/development/libc++_replacement/tmp/R11/extracted/1e/1ef38dd1b74597d1e4a56b8f9c786954bd0dcdebd9261f07845c7225b8027830/usr/lib64/libunwind-x86_64.so.8.0.1
7fed0b6df000-7fed0b6ea000 r-xp 00002000 08:01 23624162                   /home/toolchain/development/libc++_replacement/tmp/R11/extracted/1e/1ef38dd1b74597d1e4a56b8f9c786954bd0dcdebd9261f07845c7225b8027830/usr/lib64/libunwind-x86_64.so.8.0.1
7fed0b6ea000-7fed0b6ec000 r--p 0000d000 08:01 23624162                   /home/toolchain/development/libc++_replacement/tmp/R11/extracted/1e/1ef38dd1b74597d1e4a56b8f9c786954bd0dcdebd9261f07845c7225b8027830/usr/lib64/libunwind-x86_64.so.8.0.1
7fed0b6ec000-7fed0b6ed000 r--p 0000e000 08:01 23624162                   /home/toolchain/development/libc++_replacement/tmp/R11/extracted/1e/1ef38dd1b74597d1e4a56b8f9c786954bd0dcdebd9261f07845c7225b8027830/usr/lib64/libunwind-x86_64.so.8.0.1
7fed0b6ed000-7fed0b6ee000 rw-p 0000f000 08:01 23624162                   /home/toolchain/development/libc++_replacement/tmp/R11/extracted/1e/1ef38dd1b74597d1e4a56b8f9c786954bd0dcdebd9261f07845c7225b8027830/usr/lib64/libunwind-x86_64.so.8.0.1
7fed0b6ee000-7fed0b6f8000 rw-p 00000000 00:00 0 
7fed0b6f8000-7fed0b6f9000 r--p 00000000 08:01 23624158                   /home/toolchain/development/libc++_replacement/tmp/R11/extracted/1e/1ef38dd1b74597d1e4a56b8f9c786954bd0dcdebd9261f07845c7225b8027830/usr/lib64/libunwind-ptrace.so.0.0.0
7fed0b6f9000-7fed0b6fa000 r-xp 00001000 08:01 23624158                   /home/toolchain/development/libc++_replacement/tmp/R11/extracted/1e/1ef38dd1b74597d1e4a56b8f9c786954bd0dcdebd9261f07845c7225b8027830/usr/lib64/libunwind-ptrace.so.0.0.0
7fed0b6fa000-7fed0b6fb000 r--p 00002000 08:01 23624158                   /home/toolchain/development/libc++_replacement/tmp/R11/extracted/1e/1ef38dd1b74597d1e4a56b8f9c786954bd0dcdebd9261f07845c7225b8027830/usr/lib64/libunwind-ptrace.so.0.0.0
7fed0b6fb000-7fed0b6fc000 r--p 00002000 08:01 23624158                   /home/toolchain/development/libc++_replacement/tmp/R11/extracted/1e/1ef38dd1b74597d1e4a56b8f9c786954bd0dcdebd9261f07845c7225b8027830/usr/lib64/libunwind-ptrace.so.0.0.0
7fed0b6fc000-7fed0b6fd000 rw-p 00003000 08:01 23624158                   /home/toolchain/development/libc++_replacement/tmp/R11/extracted/1e/1ef38dd1b74597d1e4a56b8f9c786954bd0dcdebd9261f07845c7225b8027830/usr/lib64/libunwind-ptrace.so.0.0.0
7fed0b6fd000-7fed0b6fe000 r--p 00000000 08:01 23730792                   /home/toolchain/development/libc++_replacement/tmp/R11/extracted/32/329d860de7686bbbfef78f591376fc8f38d82a65c6067d221f5543ebc3de5133/usr/lib64/libxdgmime.so.1.1.0
7fed0b6fe000-7fed0b705000 r-xp 00001000 08:01 23730792                   /home/toolchain/development/libc++_replacement/tmp/R11/extracted/32/329d860de7686bbbfef78f591376fc8f38d82a65c6067d221f5543ebc3de5133/usr/lib64/libxdgmime.so.1.1.0
7fed0b705000-7fed0b707000 r--p 00008000 08:01 23730792                   /home/toolchain/development/libc++_replacement/tmp/R11/extracted/32/329d860de7686bbbfef78f591376fc8f38d82a65c6067d221f5543ebc3de5133/usr/lib64/libxdgmime.so.1.1.0
7fed0b707000-7fed0b708000 r--p 00009000 08:01 23730792                   /home/toolchain/development/libc++_replacement/tmp/R11/extracted/32/329d860de7686bbbfef78f591376fc8f38d82a65c6067d221f5543ebc3de5133/usr/lib64/libxdgmime.so.1.1.0
7fed0b708000-7fed0b709000 rw-p 0000a000 08:01 23730792                   /home/toolchain/development/libc++_replacement/tmp/R11/extracted/32/329d860de7686bbbfef78f591376fc8f38d82a65c6067d221f5543ebc3de5133/usr/lib64/libxdgmime.so.1.1.0
7fed0b709000-7fed0b70d000 r--p 00000000 08:01 15387897                   /home/toolchain/development/libc++_replacement/tmp/R11/extracted/2a/2a95dadaf5b23b0bc3e5c8608eaefd85ceb73d4c5dadb1a3abce13f4579e949e/usr/lib64/libexpat.so.1.11.1
7fed0b70d000-7fed0b725000 r-xp 00004000 08:01 15387897                   /home/toolchain/development/libc++_replacement/tmp/R11/extracted/2a/2a95dadaf5b23b0bc3e5c8608eaefd85ceb73d4c5dadb1a3abce13f4579e949e/usr/lib64/libexpat.so.1.11.1
7fed0b725000-7fed0b72d000 r--p 0001c000 08:01 15387897                   /home/toolchain/development/libc++_replacement/tmp/R11/extracted/2a/2a95dadaf5b23b0bc3e5c8608eaefd85ceb73d4c5dadb1a3abce13f4579e949e/usr/lib64/libexpat.so.1.11.1
7fed0b72d000-7fed0b72f000 r--p 00023000 08:01 15387897                   /home/toolchain/development/libc++_replacement/tmp/R11/extracted/2a/2a95dadaf5b23b0bc3e5c8608eaefd85ceb73d4c5dadb1a3abce13f4579e949e/usr/lib64/libexpat.so.1.11.1
7fed0b72f000-7fed0b730000 rw-p 00025000 08:01 15387897                   /home/toolchain/development/libc++_replacement/tmp/R11/extracted/2a/2a95dadaf5b23b0bc3e5c8608eaefd85ceb73d4c5dadb1a3abce13f4579e949e/usr/lib64/libexpat.so.1.11.1
7fed0b730000-7fed0b741000 r--p 00000000 08:01 25861434                   /home/toolchain/development/libc++_replacement/tmp/R11/extracted/81/81f15d544a17a15af43bbf75dd529db933bd56a6de08c2ea5c3aa6c8b57a251c/usr/lib64/libespplayer-core.so
7fed0b741000-7fed0b74c000 r-xp 00011000 08:01 25861434                   /home/toolchain/development/libc++_replacement/tmp/R11/extracted/81/81f15d544a17a15af43bbf75dd529db933bd56a6de08c2ea5c3aa6c8b57a251c/usr/lib64/libespplayer-core.so
7fed0b74c000-7fed0b752000 r--p 0001c000 08:01 25861434                   /home/toolchain/development/libc++_replacement/tmp/R11/extracted/81/81f15d544a17a15af43bbf75dd529db933bd56a6de08c2ea5c3aa6c8b57a251c/usr/lib64/libespplayer-core.so
7fed0b752000-7fed0b753000 r--p 00022000 08:01 25861434                   /home/toolchain/development/libc++_replacement/tmp/R11/extracted/81/81f15d544a17a15af43bbf75dd529db933bd56a6de08c2ea5c3aa6c8b57a251c/usr/lib64/libespplayer-core.so
7fed0b753000-7fed0b754000 rw-p 00023000 08:01 25861434                   /home/toolchain/development/libc++_replacement/tmp/R11/extracted/81/81f15d544a17a15af43bbf75dd529db933bd56a6de08c2ea5c3aa6c8b57a251c/usr/lib64/libespplayer-core.so
7fed0b754000-7fed0b783000 r--p 00000000 08:01 25958106                   /home/toolchain/development/libc++_replacement/tmp/R11/extracted/0a/0ab9bebb936bab8dbefae5ffb0c413112d2b5d6ab922de257b6f5fe29a769b0a/usr/lib64/libgstreamer-1.0.so.0.2411.0
7fed0b783000-7fed0b82f000 r-xp 0002f000 08:01 25958106                   /home/toolchain/development/libc++_replacement/tmp/R11/extracted/0a/0ab9bebb936bab8dbefae5ffb0c413112d2b5d6ab922de257b6f5fe29a769b0a/usr/lib64/libgstreamer-1.0.so.0.2411.0
7fed0b82f000-7fed0b87b000 r--p 000db000 08:01 25958106                   /home/toolchain/development/libc++_replacement/tmp/R11/extracted/0a/0ab9bebb936bab8dbefae5ffb0c413112d2b5d6ab922de257b6f5fe29a769b0a/usr/lib64/libgstreamer-1.0.so.0.2411.0
7fed0b87b000-7fed0b880000 r--p 00127000 08:01 25958106                   /home/toolchain/development/libc++_replacement/tmp/R11/extracted/0a/0ab9bebb936bab8dbefae5ffb0c413112d2b5d6ab922de257b6f5fe29a769b0a/usr/lib64/libgstreamer-1.0.so.0.2411.0
7fed0b880000-7fed0b883000 rw-p 0012c000 08:01 25958106                   /home/toolchain/development/libc++_replacement/tmp/R11/extracted/0a/0ab9bebb936bab8dbefae5ffb0c413112d2b5d6ab922de257b6f5fe29a769b0a/usr/lib64/libgstreamer-1.0.so.0.2411.0
7fed0b883000-7fed0b884000 rw-p 00000000 00:00 0 
7fed0b884000-7fed0b890000 r--p 00000000 08:01 16961826                   /home/toolchain/development/libc++_replacement/tmp/R11/extracted/4e/4ea9cb9ada8f65fed491ea1ea3c1dff68fb2d17ab664232b15c0d7649dbb618e/usr/lib64/libpulse.so.0.24.0
7fed0b890000-7fed0b8bb000 r-xp 0000c000 08:01 16961826                   /home/toolchain/development/libc++_replacement/tmp/R11/extracted/4e/4ea9cb9ada8f65fed491ea1ea3c1dff68fb2d17ab664232b15c0d7649dbb618e/usr/lib64/libpulse.so.0.24.0
7fed0b8bb000-7fed0b8cf000 r--p 00037000 08:01 16961826                   /home/toolchain/development/libc++_replacement/tmp/R11/extracted/4e/4ea9cb9ada8f65fed491ea1ea3c1dff68fb2d17ab664232b15c0d7649dbb618e/usr/lib64/libpulse.so.0.24.0
7fed0b8cf000-7fed0b8d0000 r--p 0004b000 08:01 16961826                   /home/toolchain/development/libc++_replacement/tmp/R11/extracted/4e/4ea9cb9ada8f65fed491ea1ea3c1dff68fb2d17ab664232b15c0d7649dbb618e/usr/lib64/libpulse.so.0.24.0
7fed0b8d0000-7fed0b8d1000 rw-p 0004c000 08:01 16961826                   /home/toolchain/development/libc++_replacement/tmp/R11/extracted/4e/4ea9cb9ada8f65fed491ea1ea3c1dff68fb2d17ab664232b15c0d7649dbb618e/usr/lib64/libpulse.so.0.24.0
7fed0b8d1000-7fed0b919000 r--p 00000000 08:01 26216520                   /home/toolchain/development/libc++_replacement/tmp/R11/extracted/45/4598648c087d443fbabb84832e2ea61178ff5005883236d4e18be71e3909e9fd/usr/lib64/libsecurity-manager-commons.so.1.0.2
7fed0b919000-7fed0b9d0000 r-xp 00048000 08:01 26216520                   /home/toolchain/development/libc++_replacement/tmp/R11/extracted/45/4598648c087d443fbabb84832e2ea61178ff5005883236d4e18be71e3909e9fd/usr/lib64/libsecurity-manager-commons.so.1.0.2
7fed0b9d0000-7fed0b9f9000 r--p 000ff000 08:01 26216520                   /home/toolchain/development/libc++_replacement/tmp/R11/extracted/45/4598648c087d443fbabb84832e2ea61178ff5005883236d4e18be71e3909e9fd/usr/lib64/libsecurity-manager-commons.so.1.0.2
7fed0b9f9000-7fed0b9fd000 r--p 00127000 08:01 26216520                   /home/toolchain/development/libc++_replacement/tmp/R11/extracted/45/4598648c087d443fbabb84832e2ea61178ff5005883236d4e18be71e3909e9fd/usr/lib64/libsecurity-manager-commons.so.1.0.2
7fed0b9fd000-7fed0ba00000 rw-p 0012b000 08:01 26216520                   /home/toolchain/development/libc++_replacement/tmp/R11/extracted/45/4598648c087d443fbabb84832e2ea61178ff5005883236d4e18be71e3909e9fd/usr/lib64/libsecurity-manager-commons.so.1.0.2
7fed0ba00000-7fed0ba01000 r--p 00000000 08:01 23621923                   /home/toolchain/development/libc++_replacement/tmp/R11/extracted/84/8477c684d513edca7d64706710711e51c74cfc270048526e4cd3604d0dc19c47/usr/lib64/libicudata.so.78.1
7fed0ba01000-7fed0ba02000 r-xp 00001000 08:01 23621923                   /home/toolchain/development/libc++_replacement/tmp/R11/extracted/84/8477c684d513edca7d64706710711e51c74cfc270048526e4cd3604d0dc19c47/usr/lib64/libicudata.so.78.1
7fed0ba02000-7fed0d995000 r--p 00002000 08:01 23621923                   /home/toolchain/development/libc++_replacement/tmp/R11/extracted/84/8477c684d513edca7d64706710711e51c74cfc270048526e4cd3604d0dc19c47/usr/lib64/libicudata.so.78.1
7fed0d995000-7fed0d996000 r--p 01f94000 08:01 23621923                   /home/toolchain/development/libc++_replacement/tmp/R11/extracted/84/8477c684d513edca7d64706710711e51c74cfc270048526e4cd3604d0dc19c47/usr/lib64/libicudata.so.78.1
7fed0d996000-7fed0d997000 rw-p 01f95000 08:01 23621923                   /home/toolchain/development/libc++_replacement/tmp/R11/extracted/84/8477c684d513edca7d64706710711e51c74cfc270048526e4cd3604d0dc19c47/usr/lib64/libicudata.so.78.1
7fed0d997000-7fed0d99b000 rw-p 00000000 00:00 0                          [anon:tls-mmap-allocator]
7fed0d99b000-7fed0d99d000 r--p 00000000 08:01 23624206                   /home/toolchain/development/libc++_replacement/tmp/R11/extracted/86/86b520ddf58ec7421d4799f0006593ddf54ecca040d5ae98b724c2199b2dabd1/usr/lib64/libuuid.so.1.3.0
7fed0d99d000-7fed0d9a1000 r-xp 00002000 08:01 23624206                   /home/toolchain/development/libc++_replacement/tmp/R11/extracted/86/86b520ddf58ec7421d4799f0006593ddf54ecca040d5ae98b724c2199b2dabd1/usr/lib64/libuuid.so.1.3.0
7fed0d9a1000-7fed0d9a2000 r--p 00006000 08:01 23624206                   /home/toolchain/development/libc++_replacement/tmp/R11/extracted/86/86b520ddf58ec7421d4799f0006593ddf54ecca040d5ae98b724c2199b2dabd1/usr/lib64/libuuid.so.1.3.0
7fed0d9a2000-7fed0d9a3000 r--p 00006000 08:01 23624206                   /home/toolchain/development/libc++_replacement/tmp/R11/extracted/86/86b520ddf58ec7421d4799f0006593ddf54ecca040d5ae98b724c2199b2dabd1/usr/lib64/libuuid.so.1.3.0
7fed0d9a3000-7fed0d9a4000 rw-p 00007000 08:01 23624206                   /home/toolchain/development/libc++_replacement/tmp/R11/extracted/86/86b520ddf58ec7421d4799f0006593ddf54ecca040d5ae98b724c2199b2dabd1/usr/lib64/libuuid.so.1.3.0
7fed0d9a4000-7fed0d9a8000 r--p 00000000 08:01 26086508                   /home/toolchain/development/libc++_replacement/tmp/R11/extracted/fc/fc8cfdc9b6706a39fe50ec8b722659ae45c9d3237d9155af55ac6d623a09b29a/usr/lib64/libmmfsound.so.0.1.0
7fed0d9a8000-7fed0d9b9000 r-xp 00004000 08:01 26086508                   /home/toolchain/development/libc++_replacement/tmp/R11/extracted/fc/fc8cfdc9b6706a39fe50ec8b722659ae45c9d3237d9155af55ac6d623a09b29a/usr/lib64/libmmfsound.so.0.1.0
7fed0d9b9000-7fed0d9c1000 r--p 00015000 08:01 26086508                   /home/toolchain/development/libc++_replacement/tmp/R11/extracted/fc/fc8cfdc9b6706a39fe50ec8b722659ae45c9d3237d9155af55ac6d623a09b29a/usr/lib64/libmmfsound.so.0.1.0
7fed0d9c1000-7fed0d9c2000 r--p 0001d000 08:01 26086508                   /home/toolchain/development/libc++_replacement/tmp/R11/extracted/fc/fc8cfdc9b6706a39fe50ec8b722659ae45c9d3237d9155af55ac6d623a09b29a/usr/lib64/libmmfsound.so.0.1.0
7fed0d9c2000-7fed0d9c3000 rw-p 0001e000 08:01 26086508                   /home/toolchain/development/libc++_replacement/tmp/R11/extracted/fc/fc8cfdc9b6706a39fe50ec8b722659ae45c9d3237d9155af55ac6d623a09b29a/usr/lib64/libmmfsound.so.0.1.0
7fed0d9c3000-7fed0d9cf000 rw-p 00000000 00:00 0 
7fed0d9cf000-7fed0d9dd000 r--p 00000000 08:01 25713785                   /home/toolchain/development/libc++_replacement/tmp/R11/extracted/e3/e324dc8ff4e9ae834d02077646c043da25c3cf88295dc9c550dd1028e6fda4f4/usr/lib64/libapp-core-ui-cpp.so.1.27.13
7fed0d9dd000-7fed0d9e9000 r-xp 0000e000 08:01 25713785                   /home/toolchain/development/libc++_replacement/tmp/R11/extracted/e3/e324dc8ff4e9ae834d02077646c043da25c3cf88295dc9c550dd1028e6fda4f4/usr/lib64/libapp-core-ui-cpp.so.1.27.13
7fed0d9e9000-7fed0d9f1000 r--p 0001a000 08:01 25713785                   /home/toolchain/development/libc++_replacement/tmp/R11/extracted/e3/e324dc8ff4e9ae834d02077646c043da25c3cf88295dc9c550dd1028e6fda4f4/usr/lib64/libapp-core-ui-cpp.so.1.27.13
7fed0d9f1000-7fed0d9f2000 r--p 00022000 08:01 25713785                   /home/toolchain/development/libc++_replacement/tmp/R11/extracted/e3/e324dc8ff4e9ae834d02077646c043da25c3cf88295dc9c550dd1028e6fda4f4/usr/lib64/libapp-core-ui-cpp.so.1.27.13
7fed0d9f2000-7fed0d9f3000 rw-p 00023000 08:01 25713785                   /home/toolchain/development/libc++_replacement/tmp/R11/extracted/e3/e324dc8ff4e9ae834d02077646c043da25c3cf88295dc9c550dd1028e6fda4f4/usr/lib64/libapp-core-ui-cpp.so.1.27.13
7fed0d9f3000-7fed0d9f8000 r--p 00000000 08:01 25713650                   /home/toolchain/development/libc++_replacement/tmp/R11/extracted/a1/a10e90c2730b2339da55a2e8159c5552da952a0df10949d27ad1f42496b8ca83/usr/lib64/libapp-core-efl-cpp.so.1.27.13
7fed0d9f8000-7fed0d9fb000 r-xp 00005000 08:01 25713650                   /home/toolchain/development/libc++_replacement/tmp/R11/extracted/a1/a10e90c2730b2339da55a2e8159c5552da952a0df10949d27ad1f42496b8ca83/usr/lib64/libapp-core-efl-cpp.so.1.27.13
7fed0d9fb000-7fed0d9fd000 r--p 00008000 08:01 25713650                   /home/toolchain/development/libc++_replacement/tmp/R11/extracted/a1/a10e90c2730b2339da55a2e8159c5552da952a0df10949d27ad1f42496b8ca83/usr/lib64/libapp-core-efl-cpp.so.1.27.13
7fed0d9fd000-7fed0d9fe000 r--p 0000a000 08:01 25713650                   /home/toolchain/development/libc++_replacement/tmp/R11/extracted/a1/a10e90c2730b2339da55a2e8159c5552da952a0df10949d27ad1f42496b8ca83/usr/lib64/libapp-core-efl-cpp.so.1.27.13
7fed0d9fe000-7fed0d9ff000 rw-p 0000b000 08:01 25713650                   /home/toolchain/development/libc++_replacement/tmp/R11/extracted/a1/a10e90c2730b2339da55a2e8159c5552da952a0df10949d27ad1f42496b8ca83/usr/lib64/libapp-core-efl-cpp.so.1.27.13
7fed0d9ff000-7fed0da02000 r--p 00000000 08:01 25821477                   /home/toolchain/development/libc++_replacement/tmp/R11/extracted/23/2374eef75f0010963c1f48deae26a5a93cfb8557d2bec6d178bdeae0d9bcf05d/usr/lib64/libcapi-appfw-app-control-uri.so.0.26.2
7fed0da02000-7fed0da05000 r-xp 00003000 08:01 25821477                   /home/toolchain/development/libc++_replacement/tmp/R11/extracted/23/2374eef75f0010963c1f48deae26a5a93cfb8557d2bec6d178bdeae0d9bcf05d/usr/lib64/libcapi-appfw-app-control-uri.so.0.26.2
7fed0da05000-7fed0da06000 r--p 00006000 08:01 25821477                   /home/toolchain/development/libc++_replacement/tmp/R11/extracted/23/2374eef75f0010963c1f48deae26a5a93cfb8557d2bec6d178bdeae0d9bcf05d/usr/lib64/libcapi-appfw-app-control-uri.so.0.26.2
7fed0da06000-7fed0da07000 r--p 00006000 08:01 25821477                   /home/toolchain/development/libc++_replacement/tmp/R11/extracted/23/2374eef75f0010963c1f48deae26a5a93cfb8557d2bec6d178bdeae0d9bcf05d/usr/lib64/libcapi-appfw-app-control-uri.so.0.26.2
7fed0da07000-7fed0da08000 rw-p 00007000 08:01 25821477                   /home/toolchain/development/libc++_replacement/tmp/R11/extracted/23/2374eef75f0010963c1f48deae26a5a93cfb8557d2bec6d178bdeae0d9bcf05d/usr/lib64/libcapi-appfw-app-control-uri.so.0.26.2
7fed0da08000-7fed0da11000 r--p 00000000 08:01 25713560                   /home/toolchain/development/libc++_replacement/tmp/R11/extracted/4c/4cdb0d46f299d1d6c7581443ac1b9589318a50b4f7e8f0d97d8a693b63c43982/usr/lib64/libapp-core-cpp.so.1.27.13
7fed0da11000-7fed0da1b000 r-xp 00009000 08:01 25713560                   /home/toolchain/development/libc++_replacement/tmp/R11/extracted/4c/4cdb0d46f299d1d6c7581443ac1b9589318a50b4f7e8f0d97d8a693b63c43982/usr/lib64/libapp-core-cpp.so.1.27.13
7fed0da1b000-7fed0da20000 r--p 00013000 08:01 25713560                   /home/toolchain/development/libc++_replacement/tmp/R11/extracted/4c/4cdb0d46f299d1d6c7581443ac1b9589318a50b4f7e8f0d97d8a693b63c43982/usr/lib64/libapp-core-cpp.so.1.27.13
7fed0da20000-7fed0da21000 r--p 00017000 08:01 25713560                   /home/toolchain/development/libc++_replacement/tmp/R11/extracted/4c/4cdb0d46f299d1d6c7581443ac1b9589318a50b4f7e8f0d97d8a693b63c43982/usr/lib64/libapp-core-cpp.so.1.27.13
7fed0da21000-7fed0da22000 rw-p 00018000 08:01 25713560                   /home/toolchain/development/libc++_replacement/tmp/R11/extracted/4c/4cdb0d46f299d1d6c7581443ac1b9589318a50b4f7e8f0d97d8a693b63c43982/usr/lib64/libapp-core-cpp.so.1.27.13
7fed0da22000-7fed0da25000 r--p 00000000 08:01 23619595                   /home/toolchain/development/libc++_replacement/tmp/R11/extracted/ec/ec3179ae94651944470bddefd2683695b1053a940c8794d882e302581b1b70b9/usr/lib64/libcap.so.2.73
7fed0da25000-7fed0da29000 r-xp 00003000 08:01 23619595                   /home/toolchain/development/libc++_replacement/tmp/R11/extracted/ec/ec3179ae94651944470bddefd2683695b1053a940c8794d882e302581b1b70b9/usr/lib64/libcap.so.2.73
7fed0da29000-7fed0da2b000 r--p 00007000 08:01 23619595                   /home/toolchain/development/libc++_replacement/tmp/R11/extracted/ec/ec3179ae94651944470bddefd2683695b1053a940c8794d882e302581b1b70b9/usr/lib64/libcap.so.2.73
7fed0da2b000-7fed0da2c000 r--p 00008000 08:01 23619595                   /home/toolchain/development/libc++_replacement/tmp/R11/extracted/ec/ec3179ae94651944470bddefd2683695b1053a940c8794d882e302581b1b70b9/usr/lib64/libcap.so.2.73
7fed0da2c000-7fed0da2d000 rw-p 00009000 08:01 23619595                   /home/toolchain/development/libc++_replacement/tmp/R11/extracted/ec/ec3179ae94651944470bddefd2683695b1053a940c8794d882e302581b1b70b9/usr/lib64/libcap.so.2.73
7fed0da2d000-7fed0da2e000 r--p 00000000 08:01 25827108                   /home/toolchain/development/libc++_replacement/tmp/R11/extracted/22/22ea91dce08a72f94e8ca1712d5180f50c3c731e75196a96a9b85ff893f0f2fc/usr/lib64/libcontext-sensor-recorder-client.so.4.0.1
7fed0da2e000-7fed0da2f000 r-xp 00001000 08:01 25827108                   /home/toolchain/development/libc++_replacement/tmp/R11/extracted/22/22ea91dce08a72f94e8ca1712d5180f50c3c731e75196a96a9b85ff893f0f2fc/usr/lib64/libcontext-sensor-recorder-client.so.4.0.1
7fed0da2f000-7fed0da30000 r--p 00002000 08:01 25827108                   /home/toolchain/development/libc++_replacement/tmp/R11/extracted/22/22ea91dce08a72f94e8ca1712d5180f50c3c731e75196a96a9b85ff893f0f2fc/usr/lib64/libcontext-sensor-recorder-client.so.4.0.1
7fed0da30000-7fed0da31000 r--p 00002000 08:01 25827108                   /home/toolchain/development/libc++_replacement/tmp/R11/extracted/22/22ea91dce08a72f94e8ca1712d5180f50c3c731e75196a96a9b85ff893f0f2fc/usr/lib64/libcontext-sensor-recorder-client.so.4.0.1
7fed0da31000-7fed0da32000 rw-p 00003000 08:01 25827108                   /home/toolchain/development/libc++_replacement/tmp/R11/extracted/22/22ea91dce08a72f94e8ca1712d5180f50c3c731e75196a96a9b85ff893f0f2fc/usr/lib64/libcontext-sensor-recorder-client.so.4.0.1
7fed0da32000-7fed0da3e000 r--p 00000000 08:01 26216662                   /home/toolchain/development/libc++_replacement/tmp/R11/extracted/a8/a873bbfabe29509bf0f4360077ee38885cb185b8a0aa23619b22414eda90b560/usr/lib64/libsensor.so.10.0.0
7fed0da3e000-7fed0da60000 r-xp 0000c000 08:01 26216662                   /home/toolchain/development/libc++_replacement/tmp/R11/extracted/a8/a873bbfabe29509bf0f4360077ee38885cb185b8a0aa23619b22414eda90b560/usr/lib64/libsensor.so.10.0.0
7fed0da60000-7fed0da6b000 r--p 0002e000 08:01 26216662                   /home/toolchain/development/libc++_replacement/tmp/R11/extracted/a8/a873bbfabe29509bf0f4360077ee38885cb185b8a0aa23619b22414eda90b560/usr/lib64/libsensor.so.10.0.0
7fed0da6b000-7fed0da6c000 r--p 00039000 08:01 26216662                   /home/toolchain/development/libc++_replacement/tmp/R11/extracted/a8/a873bbfabe29509bf0f4360077ee38885cb185b8a0aa23619b22414eda90b560/usr/lib64/libsensor.so.10.0.0
7fed0da6c000-7fed0da6d000 rw-p 0003a000 08:01 26216662                   /home/toolchain/development/libc++_replacement/tmp/R11/extracted/a8/a873bbfabe29509bf0f4360077ee38885cb185b8a0aa23619b22414eda90b560/usr/lib64/libsensor.so.10.0.0
7fed0da6d000-7fed0da6e000 r--p 00000000 08:01 23629635                   /home/toolchain/development/libc++_replacement/tmp/R11/extracted/1b/1b1e0c06f14e8cdd3e58db640159ac4e12089b52793ac3f1f73079d5be9493b5/usr/lib64/libplds4.so
7fed0da6e000-7fed0da6f000 r-xp 00001000 08:01 23629635                   /home/toolchain/development/libc++_replacement/tmp/R11/extracted/1b/1b1e0c06f14e8cdd3e58db640159ac4e12089b52793ac3f1f73079d5be9493b5/usr/lib64/libplds4.so
7fed0da6f000-7fed0da70000 r--p 00002000 08:01 23629635                   /home/toolchain/development/libc++_replacement/tmp/R11/extracted/1b/1b1e0c06f14e8cdd3e58db640159ac4e12089b52793ac3f1f73079d5be9493b5/usr/lib64/libplds4.so
7fed0da70000-7fed0da71000 r--p 00002000 08:01 23629635                   /home/toolchain/development/libc++_replacement/tmp/R11/extracted/1b/1b1e0c06f14e8cdd3e58db640159ac4e12089b52793ac3f1f73079d5be9493b5/usr/lib64/libplds4.so
7fed0da71000-7fed0da72000 rw-p 00003000 08:01 23629635                   /home/toolchain/development/libc++_replacement/tmp/R11/extracted/1b/1b1e0c06f14e8cdd3e58db640159ac4e12089b52793ac3f1f73079d5be9493b5/usr/lib64/libplds4.so
7fed0da72000-7fed0da74000 r--p 00000000 08:01 23629634                   /home/toolchain/development/libc++_replacement/tmp/R11/extracted/1b/1b1e0c06f14e8cdd3e58db640159ac4e12089b52793ac3f1f73079d5be9493b5/usr/lib64/libplc4.so
7fed0da74000-7fed0da76000 r-xp 00002000 08:01 23629634                   /home/toolchain/development/libc++_replacement/tmp/R11/extracted/1b/1b1e0c06f14e8cdd3e58db640159ac4e12089b52793ac3f1f73079d5be9493b5/usr/lib64/libplc4.so
7fed0da76000-7fed0da77000 r--p 00004000 08:01 23629634                   /home/toolchain/development/libc++_replacement/tmp/R11/extracted/1b/1b1e0c06f14e8cdd3e58db640159ac4e12089b52793ac3f1f73079d5be9493b5/usr/lib64/libplc4.so
7fed0da77000-7fed0da78000 r--p 00004000 08:01 23629634                   /home/toolchain/development/libc++_replacement/tmp/R11/extracted/1b/1b1e0c06f14e8cdd3e58db640159ac4e12089b52793ac3f1f73079d5be9493b5/usr/lib64/libplc4.so
7fed0da78000-7fed0da79000 rw-p 00005000 08:01 23629634                   /home/toolchain/development/libc++_replacement/tmp/R11/extracted/1b/1b1e0c06f14e8cdd3e58db640159ac4e12089b52793ac3f1f73079d5be9493b5/usr/lib64/libplc4.so
7fed0da79000-7fed0da7b000 r--p 00000000 08:01 23621269                   /home/toolchain/development/libc++_replacement/tmp/R11/extracted/10/108f5b4fc21dc6d5b0c38339454b4a7e9dcb88deeec25fd062d6cdad4f4a98c0/usr/lib64/libffi.so.8.1.4
7fed0da7b000-7fed0da84000 r-xp 00002000 08:01 23621269                   /home/toolchain/development/libc++_replacement/tmp/R11/extracted/10/108f5b4fc21dc6d5b0c38339454b4a7e9dcb88deeec25fd062d6cdad4f4a98c0/usr/lib64/libffi.so.8.1.4
7fed0da84000-7fed0da85000 r--p 0000b000 08:01 23621269                   /home/toolchain/development/libc++_replacement/tmp/R11/extracted/10/108f5b4fc21dc6d5b0c38339454b4a7e9dcb88deeec25fd062d6cdad4f4a98c0/usr/lib64/libffi.so.8.1.4
7fed0da85000-7fed0da86000 r--p 0000c000 08:01 23621269                   /home/toolchain/development/libc++_replacement/tmp/R11/extracted/10/108f5b4fc21dc6d5b0c38339454b4a7e9dcb88deeec25fd062d6cdad4f4a98c0/usr/lib64/libffi.so.8.1.4
7fed0da86000-7fed0da87000 rw-p 0000d000 08:01 23621269                   /home/toolchain/development/libc++_replacement/tmp/R11/extracted/10/108f5b4fc21dc6d5b0c38339454b4a7e9dcb88deeec25fd062d6cdad4f4a98c0/usr/lib64/libffi.so.8.1.4
7fed0da87000-7fed0da88000 r--p 00000000 08:01 26089374                   /home/toolchain/development/libc++_replacement/tmp/R11/extracted/6e/6ea88a8be40d0a02d31f2d7f5b7e998e43bda209403c740d6385dc2b6b965039/usr/lib64/libcursor-shape-v1-client.so.0.0.0
7fed0da88000-7fed0da89000 r-xp 00001000 08:01 26089374                   /home/toolchain/development/libc++_replacement/tmp/R11/extracted/6e/6ea88a8be40d0a02d31f2d7f5b7e998e43bda209403c740d6385dc2b6b965039/usr/lib64/libcursor-shape-v1-client.so.0.0.0
7fed0da89000-7fed0da8a000 r--p 00002000 08:01 26089374                   /home/toolchain/development/libc++_replacement/tmp/R11/extracted/6e/6ea88a8be40d0a02d31f2d7f5b7e998e43bda209403c740d6385dc2b6b965039/usr/lib64/libcursor-shape-v1-client.so.0.0.0
7fed0da8a000-7fed0da8b000 r--p 00002000 08:01 26089374                   /home/toolchain/development/libc++_replacement/tmp/R11/extracted/6e/6ea88a8be40d0a02d31f2d7f5b7e998e43bda209403c740d6385dc2b6b965039/usr/lib64/libcursor-shape-v1-client.so.0.0.0
7fed0da8b000-7fed0da8c000 rw-p 00003000 08:01 26089374                   /home/toolchain/development/libc++_replacement/tmp/R11/extracted/6e/6ea88a8be40d0a02d31f2d7f5b7e998e43bda209403c740d6385dc2b6b965039/usr/lib64/libcursor-shape-v1-client.so.0.0.0
7fed0da8c000-7fed0da8d000 r--p 00000000 08:01 26089388                   /home/toolchain/development/libc++_replacement/tmp/R11/extracted/6e/6ea88a8be40d0a02d31f2d7f5b7e998e43bda209403c740d6385dc2b6b965039/usr/lib64/libpointer-warp-v1-client.so.0.0.0
7fed0da8d000-7fed0da8e000 r-xp 00001000 08:01 26089388                   /home/toolchain/development/libc++_replacement/tmp/R11/extracted/6e/6ea88a8be40d0a02d31f2d7f5b7e998e43bda209403c740d6385dc2b6b965039/usr/lib64/libpointer-warp-v1-client.so.0.0.0
7fed0da8e000-7fed0da8f000 r--p 00002000 08:01 26089388                   /home/toolchain/development/libc++_replacement/tmp/R11/extracted/6e/6ea88a8be40d0a02d31f2d7f5b7e998e43bda209403c740d6385dc2b6b965039/usr/lib64/libpointer-warp-v1-client.so.0.0.0
7fed0da8f000-7fed0da90000 r--p 00002000 08:01 26089388                   /home/toolchain/development/libc++_replacement/tmp/R11/extracted/6e/6ea88a8be40d0a02d31f2d7f5b7e998e43bda209403c740d6385dc2b6b965039/usr/lib64/libpointer-warp-v1-client.so.0.0.0
7fed0da90000-7fed0da91000 rw-p 00003000 08:01 26089388                   /home/toolchain/development/libc++_replacement/tmp/R11/extracted/6e/6ea88a8be40d0a02d31f2d7f5b7e998e43bda209403c740d6385dc2b6b965039/usr/lib64/libpointer-warp-v1-client.so.0.0.0
7fed0da91000-7fed0da92000 r--p 00000000 08:01 26089422                   /home/toolchain/development/libc++_replacement/tmp/R11/extracted/6e/6ea88a8be40d0a02d31f2d7f5b7e998e43bda209403c740d6385dc2b6b965039/usr/lib64/libwtz-blur-client.so.0.0.0
7fed0da92000-7fed0da93000 r-xp 00001000 08:01 26089422                   /home/toolchain/development/libc++_replacement/tmp/R11/extracted/6e/6ea88a8be40d0a02d31f2d7f5b7e998e43bda209403c740d6385dc2b6b965039/usr/lib64/libwtz-blur-client.so.0.0.0
7fed0da93000-7fed0da94000 r--p 00002000 08:01 26089422                   /home/toolchain/development/libc++_replacement/tmp/R11/extracted/6e/6ea88a8be40d0a02d31f2d7f5b7e998e43bda209403c740d6385dc2b6b965039/usr/lib64/libwtz-blur-client.so.0.0.0
7fed0da94000-7fed0da95000 r--p 00002000 08:01 26089422                   /home/toolchain/development/libc++_replacement/tmp/R11/extracted/6e/6ea88a8be40d0a02d31f2d7f5b7e998e43bda209403c740d6385dc2b6b965039/usr/lib64/libwtz-blur-client.so.0.0.0
7fed0da95000-7fed0da96000 rw-p 00003000 08:01 26089422                   /home/toolchain/development/libc++_replacement/tmp/R11/extracted/6e/6ea88a8be40d0a02d31f2d7f5b7e998e43bda209403c740d6385dc2b6b965039/usr/lib64/libwtz-blur-client.so.0.0.0
7fed0da96000-7fed0da97000 r--p 00000000 08:01 26089384                   /home/toolchain/development/libc++_replacement/tmp/R11/extracted/6e/6ea88a8be40d0a02d31f2d7f5b7e998e43bda209403c740d6385dc2b6b965039/usr/lib64/libpointer-constraints-unstable-v1-client.so.0.0.0
7fed0da97000-7fed0da98000 r-xp 00001000 08:01 26089384                   /home/toolchain/development/libc++_replacement/tmp/R11/extracted/6e/6ea88a8be40d0a02d31f2d7f5b7e998e43bda209403c740d6385dc2b6b965039/usr/lib64/libpointer-constraints-unstable-v1-client.so.0.0.0
7fed0da98000-7fed0da99000 r--p 00002000 08:01 26089384                   /home/toolchain/development/libc++_replacement/tmp/R11/extracted/6e/6ea88a8be40d0a02d31f2d7f5b7e998e43bda209403c740d6385dc2b6b965039/usr/lib64/libpointer-constraints-unstable-v1-client.so.0.0.0
7fed0da99000-7fed0da9a000 r--p 00002000 08:01 26089384                   /home/toolchain/development/libc++_replacement/tmp/R11/extracted/6e/6ea88a8be40d0a02d31f2d7f5b7e998e43bda209403c740d6385dc2b6b965039/usr/lib64/libpointer-constraints-unstable-v1-client.so.0.0.0
7fed0da9a000-7fed0da9b000 rw-p 00003000 08:01 26089384                   /home/toolchain/development/libc++_replacement/tmp/R11/extracted/6e/6ea88a8be40d0a02d31f2d7f5b7e998e43bda209403c740d6385dc2b6b965039/usr/lib64/libpointer-constraints-unstable-v1-client.so.0.0.0
7fed0da9b000-7fed0da9c000 r--p 00000000 08:01 26089392                   /home/toolchain/development/libc++_replacement/tmp/R11/extracted/6e/6ea88a8be40d0a02d31f2d7f5b7e998e43bda209403c740d6385dc2b6b965039/usr/lib64/librelative-pointer-unstable-v1-client.so.0.0.0
7fed0da9c000-7fed0da9d000 r-xp 00001000 08:01 26089392                   /home/toolchain/development/libc++_replacement/tmp/R11/extracted/6e/6ea88a8be40d0a02d31f2d7f5b7e998e43bda209403c740d6385dc2b6b965039/usr/lib64/librelative-pointer-unstable-v1-client.so.0.0.0
7fed0da9d000-7fed0da9e000 r--p 00002000 08:01 26089392                   /home/toolchain/development/libc++_replacement/tmp/R11/extracted/6e/6ea88a8be40d0a02d31f2d7f5b7e998e43bda209403c740d6385dc2b6b965039/usr/lib64/librelative-pointer-unstable-v1-client.so.0.0.0
7fed0da9e000-7fed0da9f000 r--p 00002000 08:01 26089392                   /home/toolchain/development/libc++_replacement/tmp/R11/extracted/6e/6ea88a8be40d0a02d31f2d7f5b7e998e43bda209403c740d6385dc2b6b965039/usr/lib64/librelative-pointer-unstable-v1-client.so.0.0.0
7fed0da9f000-7fed0daa0000 rw-p 00003000 08:01 26089392                   /home/toolchain/development/libc++_replacement/tmp/R11/extracted/6e/6ea88a8be40d0a02d31f2d7f5b7e998e43bda209403c740d6385dc2b6b965039/usr/lib64/librelative-pointer-unstable-v1-client.so.0.0.0
7fed0daa0000-7fed0daa1000 r--p 00000000 08:01 26089434                   /home/toolchain/development/libc++_replacement/tmp/R11/extracted/6e/6ea88a8be40d0a02d31f2d7f5b7e998e43bda209403c740d6385dc2b6b965039/usr/lib64/libwtz-video-shell-client.so.0.0.0
7fed0daa1000-7fed0daa2000 r-xp 00001000 08:01 26089434                   /home/toolchain/development/libc++_replacement/tmp/R11/extracted/6e/6ea88a8be40d0a02d31f2d7f5b7e998e43bda209403c740d6385dc2b6b965039/usr/lib64/libwtz-video-shell-client.so.0.0.0
7fed0daa2000-7fed0daa3000 r--p 00002000 08:01 26089434                   /home/toolchain/development/libc++_replacement/tmp/R11/extracted/6e/6ea88a8be40d0a02d31f2d7f5b7e998e43bda209403c740d6385dc2b6b965039/usr/lib64/libwtz-video-shell-client.so.0.0.0
7fed0daa3000-7fed0daa4000 r--p 00002000 08:01 26089434                   /home/toolchain/development/libc++_replacement/tmp/R11/extracted/6e/6ea88a8be40d0a02d31f2d7f5b7e998e43bda209403c740d6385dc2b6b965039/usr/lib64/libwtz-video-shell-client.so.0.0.0
7fed0daa4000-7fed0daa5000 rw-p 00003000 08:01 26089434                   /home/toolchain/development/libc++_replacement/tmp/R11/extracted/6e/6ea88a8be40d0a02d31f2d7f5b7e998e43bda209403c740d6385dc2b6b965039/usr/lib64/libwtz-video-shell-client.so.0.0.0
7fed0daa5000-7fed0daa6000 r--p 00000000 08:01 26089428                   /home/toolchain/development/libc++_replacement/tmp/R11/extracted/6e/6ea88a8be40d0a02d31f2d7f5b7e998e43bda209403c740d6385dc2b6b965039/usr/lib64/libwtz-screen-client.so.0.0.0
7fed0daa6000-7fed0daa7000 r-xp 00001000 08:01 26089428                   /home/toolchain/development/libc++_replacement/tmp/R11/extracted/6e/6ea88a8be40d0a02d31f2d7f5b7e998e43bda209403c740d6385dc2b6b965039/usr/lib64/libwtz-screen-client.so.0.0.0
7fed0daa7000-7fed0daa8000 r--p 00002000 08:01 26089428                   /home/toolchain/development/libc++_replacement/tmp/R11/extracted/6e/6ea88a8be40d0a02d31f2d7f5b7e998e43bda209403c740d6385dc2b6b965039/usr/lib64/libwtz-screen-client.so.0.0.0
7fed0daa8000-7fed0daa9000 r--p 00002000 08:01 26089428                   /home/toolchain/development/libc++_replacement/tmp/R11/extracted/6e/6ea88a8be40d0a02d31f2d7f5b7e998e43bda209403c740d6385dc2b6b965039/usr/lib64/libwtz-screen-client.so.0.0.0
7fed0daa9000-7fed0daaa000 rw-p 00003000 08:01 26089428                   /home/toolchain/development/libc++_replacement/tmp/R11/extracted/6e/6ea88a8be40d0a02d31f2d7f5b7e998e43bda209403c740d6385dc2b6b965039/usr/lib64/libwtz-screen-client.so.0.0.0
7fed0daaa000-7fed0daab000 r--p 00000000 08:01 26089430                   /home/toolchain/development/libc++_replacement/tmp/R11/extracted/6e/6ea88a8be40d0a02d31f2d7f5b7e998e43bda209403c740d6385dc2b6b965039/usr/lib64/libwtz-shell-client.so.0.0.0
7fed0daab000-7fed0daac000 r-xp 00001000 08:01 26089430                   /home/toolchain/development/libc++_replacement/tmp/R11/extracted/6e/6ea88a8be40d0a02d31f2d7f5b7e998e43bda209403c740d6385dc2b6b965039/usr/lib64/libwtz-shell-client.so.0.0.0
7fed0daac000-7fed0daad000 r--p 00002000 08:01 26089430                   /home/toolchain/development/libc++_replacement/tmp/R11/extracted/6e/6ea88a8be40d0a02d31f2d7f5b7e998e43bda209403c740d6385dc2b6b965039/usr/lib64/libwtz-shell-client.so.0.0.0
7fed0daad000-7fed0daae000 r--p 00002000 08:01 26089430                   /home/toolchain/development/libc++_replacement/tmp/R11/extracted/6e/6ea88a8be40d0a02d31f2d7f5b7e998e43bda209403c740d6385dc2b6b965039/usr/lib64/libwtz-shell-client.so.0.0.0
7fed0daae000-7fed0daaf000 rw-p 00003000 08:01 26089430                   /home/toolchain/development/libc++_replacement/tmp/R11/extracted/6e/6ea88a8be40d0a02d31f2d7f5b7e998e43bda209403c740d6385dc2b6b965039/usr/lib64/libwtz-shell-client.so.0.0.0
7fed0daaf000-7fed0dab0000 r--p 00000000 08:01 26089424                   /home/toolchain/development/libc++_replacement/tmp/R11/extracted/6e/6ea88a8be40d0a02d31f2d7f5b7e998e43bda209403c740d6385dc2b6b965039/usr/lib64/libwtz-foreign-client.so.0.0.0
7fed0dab0000-7fed0dab1000 r-xp 00001000 08:01 26089424                   /home/toolchain/development/libc++_replacement/tmp/R11/extracted/6e/6ea88a8be40d0a02d31f2d7f5b7e998e43bda209403c740d6385dc2b6b965039/usr/lib64/libwtz-foreign-client.so.0.0.0
7fed0dab1000-7fed0dab2000 r--p 00002000 08:01 26089424                   /home/toolchain/development/libc++_replacement/tmp/R11/extracted/6e/6ea88a8be40d0a02d31f2d7f5b7e998e43bda209403c740d6385dc2b6b965039/usr/lib64/libwtz-foreign-client.so.0.0.0
7fed0dab2000-7fed0dab3000 r--p 00002000 08:01 26089424                   /home/toolchain/development/libc++_replacement/tmp/R11/extracted/6e/6ea88a8be40d0a02d31f2d7f5b7e998e43bda209403c740d6385dc2b6b965039/usr/lib64/libwtz-foreign-client.so.0.0.0
7fed0dab3000-7fed0dab4000 rw-p 00003000 08:01 26089424                   /home/toolchain/development/libc++_replacement/tmp/R11/extracted/6e/6ea88a8be40d0a02d31f2d7f5b7e998e43bda209403c740d6385dc2b6b965039/usr/lib64/libwtz-foreign-client.so.0.0.0
7fed0dab4000-7fed0dab5000 r--p 00000000 08:01 26089412                   /home/toolchain/development/libc++_replacement/tmp/R11/extracted/6e/6ea88a8be40d0a02d31f2d7f5b7e998e43bda209403c740d6385dc2b6b965039/usr/lib64/libtizen-policy-ext-client.so.0.0.0
7fed0dab5000-7fed0dab6000 r-xp 00001000 08:01 26089412                   /home/toolchain/development/libc++_replacement/tmp/R11/extracted/6e/6ea88a8be40d0a02d31f2d7f5b7e998e43bda209403c740d6385dc2b6b965039/usr/lib64/libtizen-policy-ext-client.so.0.0.0
7fed0dab6000-7fed0dab7000 r--p 00002000 08:01 26089412                   /home/toolchain/development/libc++_replacement/tmp/R11/extracted/6e/6ea88a8be40d0a02d31f2d7f5b7e998e43bda209403c740d6385dc2b6b965039/usr/lib64/libtizen-policy-ext-client.so.0.0.0
7fed0dab7000-7fed0dab8000 r--p 00002000 08:01 26089412                   /home/toolchain/development/libc++_replacement/tmp/R11/extracted/6e/6ea88a8be40d0a02d31f2d7f5b7e998e43bda209403c740d6385dc2b6b965039/usr/lib64/libtizen-policy-ext-client.so.0.0.0
7fed0dab8000-7fed0dab9000 rw-p 00003000 08:01 26089412                   /home/toolchain/development/libc++_replacement/tmp/R11/extracted/6e/6ea88a8be40d0a02d31f2d7f5b7e998e43bda209403c740d6385dc2b6b965039/usr/lib64/libtizen-policy-ext-client.so.0.0.0
7fed0dab9000-7fed0daba000 r--p 00000000 08:01 26089347                   /home/toolchain/development/libc++_replacement/tmp/R11/extracted/5a/5afc91d7bf6c28f598db986dc9d005287aa4ceef6566dcc7a305ff1d4d5e8179/usr/lib64/libwayland-egl-tizen.so.1.1.1
7fed0daba000-7fed0dabb000 r-xp 00001000 08:01 26089347                   /home/toolchain/development/libc++_replacement/tmp/R11/extracted/5a/5afc91d7bf6c28f598db986dc9d005287aa4ceef6566dcc7a305ff1d4d5e8179/usr/lib64/libwayland-egl-tizen.so.1.1.1
7fed0dabb000-7fed0dabc000 r--p 00002000 08:01 26089347                   /home/toolchain/development/libc++_replacement/tmp/R11/extracted/5a/5afc91d7bf6c28f598db986dc9d005287aa4ceef6566dcc7a305ff1d4d5e8179/usr/lib64/libwayland-egl-tizen.so.1.1.1
7fed0dabc000-7fed0dabd000 r--p 00002000 08:01 26089347                   /home/toolchain/development/libc++_replacement/tmp/R11/extracted/5a/5afc91d7bf6c28f598db986dc9d005287aa4ceef6566dcc7a305ff1d4d5e8179/usr/lib64/libwayland-egl-tizen.so.1.1.1
7fed0dabd000-7fed0dabe000 rw-p 00003000 08:01 26089347                   /home/toolchain/development/libc++_replacement/tmp/R11/extracted/5a/5afc91d7bf6c28f598db986dc9d005287aa4ceef6566dcc7a305ff1d4d5e8179/usr/lib64/libwayland-egl-tizen.so.1.1.1
7fed0dabe000-7fed0dabf000 r--p 00000000 08:01 26089337                   /home/toolchain/development/libc++_replacement/tmp/R11/extracted/00/0055166e13d1118471b93865ba1b7a7f84ccae724bcdc2aef7c21f8ed77962ba/usr/lib64/libwayland-egl.so.1.23.1
7fed0dabf000-7fed0dac0000 r-xp 00001000 08:01 26089337                   /home/toolchain/development/libc++_replacement/tmp/R11/extracted/00/0055166e13d1118471b93865ba1b7a7f84ccae724bcdc2aef7c21f8ed77962ba/usr/lib64/libwayland-egl.so.1.23.1
7fed0dac0000-7fed0dac1000 r--p 00002000 08:01 26089337                   /home/toolchain/development/libc++_replacement/tmp/R11/extracted/00/0055166e13d1118471b93865ba1b7a7f84ccae724bcdc2aef7c21f8ed77962ba/usr/lib64/libwayland-egl.so.1.23.1
7fed0dac1000-7fed0dac2000 r--p 00002000 08:01 26089337                   /home/toolchain/development/libc++_replacement/tmp/R11/extracted/00/0055166e13d1118471b93865ba1b7a7f84ccae724bcdc2aef7c21f8ed77962ba/usr/lib64/libwayland-egl.so.1.23.1
7fed0dac2000-7fed0dac3000 rw-p 00003000 08:01 26089337                   /home/toolchain/development/libc++_replacement/tmp/R11/extracted/00/0055166e13d1118471b93865ba1b7a7f84ccae724bcdc2aef7c21f8ed77962ba/usr/lib64/libwayland-egl.so.1.23.1
7fed0dac3000-7fed0dac8000 r--p 00000000 08:01 26089541                   /home/toolchain/development/libc++_replacement/tmp/R11/extracted/db/db4b966802cb3915634ae7896c081666ae9deee75235ca3ede2331e542c09dab/usr/lib64/libwayland-tbm-client.so.0.0.0
7fed0dac8000-7fed0dace000 r-xp 00005000 08:01 26089541                   /home/toolchain/development/libc++_replacement/tmp/R11/extracted/db/db4b966802cb3915634ae7896c081666ae9deee75235ca3ede2331e542c09dab/usr/lib64/libwayland-tbm-client.so.0.0.0
7fed0dace000-7fed0dad1000 r--p 0000b000 08:01 26089541                   /home/toolchain/development/libc++_replacement/tmp/R11/extracted/db/db4b966802cb3915634ae7896c081666ae9deee75235ca3ede2331e542c09dab/usr/lib64/libwayland-tbm-client.so.0.0.0
7fed0dad1000-7fed0dad2000 r--p 0000d000 08:01 26089541                   /home/toolchain/development/libc++_replacement/tmp/R11/extracted/db/db4b966802cb3915634ae7896c081666ae9deee75235ca3ede2331e542c09dab/usr/lib64/libwayland-tbm-client.so.0.0.0
7fed0dad2000-7fed0dad3000 rw-p 0000e000 08:01 26089541                   /home/toolchain/development/libc++_replacement/tmp/R11/extracted/db/db4b966802cb3915634ae7896c081666ae9deee75235ca3ede2331e542c09dab/usr/lib64/libwayland-tbm-client.so.0.0.0
7fed0dad3000-7fed0dad4000 r--p 00000000 08:01 26089410                   /home/toolchain/development/libc++_replacement/tmp/R11/extracted/6e/6ea88a8be40d0a02d31f2d7f5b7e998e43bda209403c740d6385dc2b6b965039/usr/lib64/libtizen-launch-client.so.0.0.0
7fed0dad4000-7fed0dad5000 r-xp 00001000 08:01 26089410                   /home/toolchain/development/libc++_replacement/tmp/R11/extracted/6e/6ea88a8be40d0a02d31f2d7f5b7e998e43bda209403c740d6385dc2b6b965039/usr/lib64/libtizen-launch-client.so.0.0.0
7fed0dad5000-7fed0dad6000 r--p 00002000 08:01 26089410                   /home/toolchain/development/libc++_replacement/tmp/R11/extracted/6e/6ea88a8be40d0a02d31f2d7f5b7e998e43bda209403c740d6385dc2b6b965039/usr/lib64/libtizen-launch-client.so.0.0.0
7fed0dad6000-7fed0dad7000 r--p 00002000 08:01 26089410                   /home/toolchain/development/libc++_replacement/tmp/R11/extracted/6e/6ea88a8be40d0a02d31f2d7f5b7e998e43bda209403c740d6385dc2b6b965039/usr/lib64/libtizen-launch-client.so.0.0.0
7fed0dad7000-7fed0dad8000 rw-p 00003000 08:01 26089410                   /home/toolchain/development/libc++_replacement/tmp/R11/extracted/6e/6ea88a8be40d0a02d31f2d7f5b7e998e43bda209403c740d6385dc2b6b965039/usr/lib64/libtizen-launch-client.so.0.0.0
7fed0dad8000-7fed0dada000 r--p 00000000 08:01 26089356                   /home/toolchain/development/libc++_replacement/tmp/R11/extracted/07/0767acbb2e3ddc092065b4cdd9936ac80b6f457cf3b2335e62a539e278c3ca69/usr/lib64/libwayland-cursor.so.0.23.1
7fed0dada000-7fed0dadc000 r-xp 00002000 08:01 26089356                   /home/toolchain/development/libc++_replacement/tmp/R11/extracted/07/0767acbb2e3ddc092065b4cdd9936ac80b6f457cf3b2335e62a539e278c3ca69/usr/lib64/libwayland-cursor.so.0.23.1
7fed0dadc000-7fed0dadd000 r--p 00004000 08:01 26089356                   /home/toolchain/development/libc++_replacement/tmp/R11/extracted/07/0767acbb2e3ddc092065b4cdd9936ac80b6f457cf3b2335e62a539e278c3ca69/usr/lib64/libwayland-cursor.so.0.23.1
7fed0dadd000-7fed0dade000 r--p 00004000 08:01 26089356                   /home/toolchain/development/libc++_replacement/tmp/R11/extracted/07/0767acbb2e3ddc092065b4cdd9936ac80b6f457cf3b2335e62a539e278c3ca69/usr/lib64/libwayland-cursor.so.0.23.1
7fed0dade000-7fed0dae2000 rw-p 00005000 08:01 26089356                   /home/toolchain/development/libc++_replacement/tmp/R11/extracted/07/0767acbb2e3ddc092065b4cdd9936ac80b6f457cf3b2335e62a539e278c3ca69/usr/lib64/libwayland-cursor.so.0.23.1
7fed0dae2000-7fed0dae6000 r--p 00000000 08:01 26089881                   /home/toolchain/development/libc++_replacement/tmp/R11/extracted/f1/f1a3969d4a2882be0b61db1186a4109b8394178a1e3699d90e58cd344422a512/usr/lib64/libxkbcommon.so.0.8.0
7fed0dae6000-7fed0db02000 r-xp 00004000 08:01 26089881                   /home/toolchain/development/libc++_replacement/tmp/R11/extracted/f1/f1a3969d4a2882be0b61db1186a4109b8394178a1e3699d90e58cd344422a512/usr/lib64/libxkbcommon.so.0.8.0
7fed0db02000-7fed0db26000 r--p 00020000 08:01 26089881                   /home/toolchain/development/libc++_replacement/tmp/R11/extracted/f1/f1a3969d4a2882be0b61db1186a4109b8394178a1e3699d90e58cd344422a512/usr/lib64/libxkbcommon.so.0.8.0
7fed0db26000-7fed0db28000 r--p 00043000 08:01 26089881                   /home/toolchain/development/libc++_replacement/tmp/R11/extracted/f1/f1a3969d4a2882be0b61db1186a4109b8394178a1e3699d90e58cd344422a512/usr/lib64/libxkbcommon.so.0.8.0
7fed0db28000-7fed0db29000 rw-p 00045000 08:01 26089881                   /home/toolchain/development/libc++_replacement/tmp/R11/extracted/f1/f1a3969d4a2882be0b61db1186a4109b8394178a1e3699d90e58cd344422a512/usr/lib64/libxkbcommon.so.0.8.0
7fed0db29000-7fed0db2a000 r--p 00000000 08:01 26227807                   /home/toolchain/development/libc++_replacement/tmp/R11/extracted/4d/4da228978d81e4c19db3bf7269345aa354ab29a9666465bb5ba3dd3ad3b1eae1/usr/lib64/libttrace.so.1.1.0
7fed0db2a000-7fed0db2c000 r-xp 00001000 08:01 26227807                   /home/toolchain/development/libc++_replacement/tmp/R11/extracted/4d/4da228978d81e4c19db3bf7269345aa354ab29a9666465bb5ba3dd3ad3b1eae1/usr/lib64/libttrace.so.1.1.0
7fed0db2c000-7fed0db2d000 r--p 00003000 08:01 26227807                   /home/toolchain/development/libc++_replacement/tmp/R11/extracted/4d/4da228978d81e4c19db3bf7269345aa354ab29a9666465bb5ba3dd3ad3b1eae1/usr/lib64/libttrace.so.1.1.0
7fed0db2d000-7fed0db2e000 r--p 00003000 08:01 26227807                   /home/toolchain/development/libc++_replacement/tmp/R11/extracted/4d/4da228978d81e4c19db3bf7269345aa354ab29a9666465bb5ba3dd3ad3b1eae1/usr/lib64/libttrace.so.1.1.0
7fed0db2e000-7fed0db2f000 rw-p 00004000 08:01 26227807                   /home/toolchain/development/libc++_replacement/tmp/R11/extracted/4d/4da228978d81e4c19db3bf7269345aa354ab29a9666465bb5ba3dd3ad3b1eae1/usr/lib64/libttrace.so.1.1.0
7fed0db2f000-7fed0db42000 r--p 00000000 08:01 15782067                   /home/toolchain/development/libc++_replacement/tmp/R11/extracted/ea/ea57516154dcd8e5d53d3897197ea0f18eec700fd0ce8dbb05d799aabb4bbd5b/usr/lib64/hal/libhal-api-device.so.1.0.0
7fed0db42000-7fed0db84000 r-xp 00013000 08:01 15782067                   /home/toolchain/development/libc++_replacement/tmp/R11/extracted/ea/ea57516154dcd8e5d53d3897197ea0f18eec700fd0ce8dbb05d799aabb4bbd5b/usr/lib64/hal/libhal-api-device.so.1.0.0
7fed0db84000-7fed0dba0000 r--p 00055000 08:01 15782067                   /home/toolchain/development/libc++_replacement/tmp/R11/extracted/ea/ea57516154dcd8e5d53d3897197ea0f18eec700fd0ce8dbb05d799aabb4bbd5b/usr/lib64/hal/libhal-api-device.so.1.0.0
7fed0dba0000-7fed0dba1000 r--p 00070000 08:01 15782067                   /home/toolchain/development/libc++_replacement/tmp/R11/extracted/ea/ea57516154dcd8e5d53d3897197ea0f18eec700fd0ce8dbb05d799aabb4bbd5b/usr/lib64/hal/libhal-api-device.so.1.0.0
7fed0dba1000-7fed0dba2000 rw-p 00071000 08:01 15782067                   /home/toolchain/development/libc++_replacement/tmp/R11/extracted/ea/ea57516154dcd8e5d53d3897197ea0f18eec700fd0ce8dbb05d799aabb4bbd5b/usr/lib64/hal/libhal-api-device.so.1.0.0
7fed0dba2000-7fed0dba3000 rw-p 00000000 00:00 0 
7fed0dba3000-7fed0dbaa000 r--p 00000000 08:01 26088225                   /home/toolchain/development/libc++_replacement/tmp/R11/extracted/5b/5b6a63edf2d1d5c73e3ac3802e77f987f657f1d5b43e93bccdc78d42e2084c43/usr/lib64/libsyscommon.so.5.0.0
7fed0dbaa000-7fed0dbb4000 r-xp 00007000 08:01 26088225                   /home/toolchain/development/libc++_replacement/tmp/R11/extracted/5b/5b6a63edf2d1d5c73e3ac3802e77f987f657f1d5b43e93bccdc78d42e2084c43/usr/lib64/libsyscommon.so.5.0.0
7fed0dbb4000-7fed0dbb8000 r--p 00011000 08:01 26088225                   /home/toolchain/development/libc++_replacement/tmp/R11/extracted/5b/5b6a63edf2d1d5c73e3ac3802e77f987f657f1d5b43e93bccdc78d42e2084c43/usr/lib64/libsyscommon.so.5.0.0
7fed0dbb8000-7fed0dbb9000 r--p 00014000 08:01 26088225                   /home/toolchain/development/libc++_replacement/tmp/R11/extracted/5b/5b6a63edf2d1d5c73e3ac3802e77f987f657f1d5b43e93bccdc78d42e2084c43/usr/lib64/libsyscommon.so.5.0.0
7fed0dbb9000-7fed0dbba000 rw-p 00015000 08:01 26088225                   /home/toolchain/development/libc++_replacement/tmp/R11/extracted/5b/5b6a63edf2d1d5c73e3ac3802e77f987f657f1d5b43e93bccdc78d42e2084c43/usr/lib64/libsyscommon.so.5.0.0
7fed0dbba000-7fed0dbbb000 r--p 00000000 08:01 26088873                   /home/toolchain/development/libc++_replacement/tmp/R11/extracted/b8/b876fdb43f1f468c3de83a7d85402bc79395f131a169419e0cf3722fa02be367/usr/lib64/libtracker.so.1.0.1
7fed0dbbb000-7fed0dbbc000 r-xp 00001000 08:01 26088873                   /home/toolchain/development/libc++_replacement/tmp/R11/extracted/b8/b876fdb43f1f468c3de83a7d85402bc79395f131a169419e0cf3722fa02be367/usr/lib64/libtracker.so.1.0.1
7fed0dbbc000-7fed0dbbd000 r--p 00002000 08:01 26088873                   /home/toolchain/development/libc++_replacement/tmp/R11/extracted/b8/b876fdb43f1f468c3de83a7d85402bc79395f131a169419e0cf3722fa02be367/usr/lib64/libtracker.so.1.0.1
7fed0dbbd000-7fed0dbbe000 r--p 00002000 08:01 26088873                   /home/toolchain/development/libc++_replacement/tmp/R11/extracted/b8/b876fdb43f1f468c3de83a7d85402bc79395f131a169419e0cf3722fa02be367/usr/lib64/libtracker.so.1.0.1
7fed0dbbe000-7fed0dbbf000 rw-p 00003000 08:01 26088873                   /home/toolchain/development/libc++_replacement/tmp/R11/extracted/b8/b876fdb43f1f468c3de83a7d85402bc79395f131a169419e0cf3722fa02be367/usr/lib64/libtracker.so.1.0.1
7fed0dbbf000-7fed0dbc3000 r--p 00000000 08:01 26116416                   /home/toolchain/development/libc++_replacement/tmp/R11/extracted/86/86d9a9206d74a6e1dd48c0a316f39151012ac7a427cd8f40c3e0e300d67b5f3a/usr/lib64/libparcel.so.0.18.15
7fed0dbc3000-7fed0dbc6000 r-xp 00004000 08:01 26116416                   /home/toolchain/development/libc++_replacement/tmp/R11/extracted/86/86d9a9206d74a6e1dd48c0a316f39151012ac7a427cd8f40c3e0e300d67b5f3a/usr/lib64/libparcel.so.0.18.15
7fed0dbc6000-7fed0dbc8000 r--p 00007000 08:01 26116416                   /home/toolchain/development/libc++_replacement/tmp/R11/extracted/86/86d9a9206d74a6e1dd48c0a316f39151012ac7a427cd8f40c3e0e300d67b5f3a/usr/lib64/libparcel.so.0.18.15
7fed0dbc8000-7fed0dbc9000 r--p 00008000 08:01 26116416                   /home/toolchain/development/libc++_replacement/tmp/R11/extracted/86/86d9a9206d74a6e1dd48c0a316f39151012ac7a427cd8f40c3e0e300d67b5f3a/usr/lib64/libparcel.so.0.18.15
7fed0dbc9000-7fed0dbca000 rw-p 00009000 08:01 26116416                   /home/toolchain/development/libc++_replacement/tmp/R11/extracted/86/86d9a9206d74a6e1dd48c0a316f39151012ac7a427cd8f40c3e0e300d67b5f3a/usr/lib64/libparcel.so.0.18.15
7fed0dbca000-7fed0dbcb000 r--p 00000000 08:01 26084017                   /home/toolchain/development/libc++_replacement/tmp/R11/extracted/ab/abe64de1eaaa918ce34acbaf53c36fb29ea71258354282c23d2701519ba512f3/usr/lib64/libcynara-uid.so.0.26.0
7fed0dbcb000-7fed0dbcc000 r-xp 00001000 08:01 26084017                   /home/toolchain/development/libc++_replacement/tmp/R11/extracted/ab/abe64de1eaaa918ce34acbaf53c36fb29ea71258354282c23d2701519ba512f3/usr/lib64/libcynara-uid.so.0.26.0
7fed0dbcc000-7fed0dbcd000 r--p 00002000 08:01 26084017                   /home/toolchain/development/libc++_replacement/tmp/R11/extracted/ab/abe64de1eaaa918ce34acbaf53c36fb29ea71258354282c23d2701519ba512f3/usr/lib64/libcynara-uid.so.0.26.0
7fed0dbcd000-7fed0dbce000 r--p 00002000 08:01 26084017                   /home/toolchain/development/libc++_replacement/tmp/R11/extracted/ab/abe64de1eaaa918ce34acbaf53c36fb29ea71258354282c23d2701519ba512f3/usr/lib64/libcynara-uid.so.0.26.0
7fed0dbce000-7fed0dbcf000 rw-p 00003000 08:01 26084017                   /home/toolchain/development/libc++_replacement/tmp/R11/extracted/ab/abe64de1eaaa918ce34acbaf53c36fb29ea71258354282c23d2701519ba512f3/usr/lib64/libcynara-uid.so.0.26.0
7fed0dbcf000-7fed0dbd0000 r--p 00000000 08:01 25823764                   /home/toolchain/development/libc++_replacement/tmp/R11/extracted/a8/a82c4e40bb6224028e1f89107c4f86d1f45c2412a883d1146a0103833af32fd6/usr/lib64/libcapi-system-resource.so.1.0.0
7fed0dbd0000-7fed0dbd1000 r-xp 00001000 08:01 25823764                   /home/toolchain/development/libc++_replacement/tmp/R11/extracted/a8/a82c4e40bb6224028e1f89107c4f86d1f45c2412a883d1146a0103833af32fd6/usr/lib64/libcapi-system-resource.so.1.0.0
7fed0dbd1000-7fed0dbd2000 r--p 00002000 08:01 25823764                   /home/toolchain/development/libc++_replacement/tmp/R11/extracted/a8/a82c4e40bb6224028e1f89107c4f86d1f45c2412a883d1146a0103833af32fd6/usr/lib64/libcapi-system-resource.so.1.0.0
7fed0dbd2000-7fed0dbd3000 r--p 00002000 08:01 25823764                   /home/toolchain/development/libc++_replacement/tmp/R11/extracted/a8/a82c4e40bb6224028e1f89107c4f86d1f45c2412a883d1146a0103833af32fd6/usr/lib64/libcapi-system-resource.so.1.0.0
7fed0dbd3000-7fed0dbd4000 rw-p 00003000 08:01 25823764                   /home/toolchain/development/libc++_replacement/tmp/R11/extracted/a8/a82c4e40bb6224028e1f89107c4f86d1f45c2412a883d1146a0103833af32fd6/usr/lib64/libcapi-system-resource.so.1.0.0
7fed0dbd4000-7fed0dbd7000 r--p 00000000 08:01 15519039                   /home/toolchain/development/libc++_replacement/tmp/R11/extracted/7d/7d250dd65fbe312b3f97881b937acac106630317fb8241377730e8f864df8590/usr/lib64/libpcre2-8.so.0.15.0
7fed0dbd7000-7fed0dc3c000 r-xp 00003000 08:01 15519039                   /home/toolchain/development/libc++_replacement/tmp/R11/extracted/7d/7d250dd65fbe312b3f97881b937acac106630317fb8241377730e8f864df8590/usr/lib64/libpcre2-8.so.0.15.0
7fed0dc3c000-7fed0dc67000 r--p 00068000 08:01 15519039                   /home/toolchain/development/libc++_replacement/tmp/R11/extracted/7d/7d250dd65fbe312b3f97881b937acac106630317fb8241377730e8f864df8590/usr/lib64/libpcre2-8.so.0.15.0
7fed0dc67000-7fed0dc68000 r--p 00092000 08:01 15519039                   /home/toolchain/development/libc++_replacement/tmp/R11/extracted/7d/7d250dd65fbe312b3f97881b937acac106630317fb8241377730e8f864df8590/usr/lib64/libpcre2-8.so.0.15.0
7fed0dc68000-7fed0dc69000 rw-p 00093000 08:01 15519039                   /home/toolchain/development/libc++_replacement/tmp/R11/extracted/7d/7d250dd65fbe312b3f97881b937acac106630317fb8241377730e8f864df8590/usr/lib64/libpcre2-8.so.0.15.0
7fed0dc69000-7fed0dc76000 r--p 00000000 08:01 26119151                   /home/toolchain/development/libc++_replacement/tmp/R11/extracted/32/32f8a5d949493eb83b9ecc4d8870197d9cfe218cec9f52a6b8da7ebc2508aad1/usr/lib64/libpkgmgr-client.so.0.23.1
7fed0dc76000-7fed0dc9b000 r-xp 0000d000 08:01 26119151                   /home/toolchain/development/libc++_replacement/tmp/R11/extracted/32/32f8a5d949493eb83b9ecc4d8870197d9cfe218cec9f52a6b8da7ebc2508aad1/usr/lib64/libpkgmgr-client.so.0.23.1
7fed0dc9b000-7fed0dca9000 r--p 00032000 08:01 26119151                   /home/toolchain/development/libc++_replacement/tmp/R11/extracted/32/32f8a5d949493eb83b9ecc4d8870197d9cfe218cec9f52a6b8da7ebc2508aad1/usr/lib64/libpkgmgr-client.so.0.23.1
7fed0dca9000-7fed0dcaa000 r--p 00040000 08:01 26119151                   /home/toolchain/development/libc++_replacement/tmp/R11/extracted/32/32f8a5d949493eb83b9ecc4d8870197d9cfe218cec9f52a6b8da7ebc2508aad1/usr/lib64/libpkgmgr-client.so.0.23.1
7fed0dcaa000-7fed0dcab000 rw-p 00041000 08:01 26119151                   /home/toolchain/development/libc++_replacement/tmp/R11/extracted/32/32f8a5d949493eb83b9ecc4d8870197d9cfe218cec9f52a6b8da7ebc2508aad1/usr/lib64/libpkgmgr-client.so.0.23.1
7fed0dcab000-7fed0dcac000 r--p 00000000 08:01 23624262                   /home/toolchain/development/libc++_replacement/tmp/R11/extracted/ff/ff59991b5cf650e0726c6f54af329bf9fbe7fd36f9f7c42dda22ca9742225e79/usr/lib64/libsharpyuv.so.0.1.0
7fed0dcac000-7fed0dcb1000 r-xp 00001000 08:01 23624262                   /home/toolchain/development/libc++_replacement/tmp/R11/extracted/ff/ff59991b5cf650e0726c6f54af329bf9fbe7fd36f9f7c42dda22ca9742225e79/usr/lib64/libsharpyuv.so.0.1.0
7fed0dcb1000-7fed0dcb2000 r--p 00006000 08:01 23624262                   /home/toolchain/development/libc++_replacement/tmp/R11/extracted/ff/ff59991b5cf650e0726c6f54af329bf9fbe7fd36f9f7c42dda22ca9742225e79/usr/lib64/libsharpyuv.so.0.1.0
7fed0dcb2000-7fed0dcb3000 r--p 00006000 08:01 23624262                   /home/toolchain/development/libc++_replacement/tmp/R11/extracted/ff/ff59991b5cf650e0726c6f54af329bf9fbe7fd36f9f7c42dda22ca9742225e79/usr/lib64/libsharpyuv.so.0.1.0
7fed0dcb3000-7fed0dcb4000 rw-p 00007000 08:01 23624262                   /home/toolchain/development/libc++_replacement/tmp/R11/extracted/ff/ff59991b5cf650e0726c6f54af329bf9fbe7fd36f9f7c42dda22ca9742225e79/usr/lib64/libsharpyuv.so.0.1.0
7fed0dcb4000-7fed0dcb5000 rw-p 00000000 00:00 0 
7fed0dcb5000-7fed0dcb6000 r--p 00000000 08:01 26005200                   /home/toolchain/development/libc++_replacement/tmp/R11/extracted/9b/9b1b05c9f8128ab3b94caeec9a690f5aa7601a187ad3e19597fe69eb5fd16ed4/usr/lib64/libbrotlicommon.so.1.1.0
7fed0dcb6000-7fed0dcb7000 r-xp 00001000 08:01 26005200                   /home/toolchain/development/libc++_replacement/tmp/R11/extracted/9b/9b1b05c9f8128ab3b94caeec9a690f5aa7601a187ad3e19597fe69eb5fd16ed4/usr/lib64/libbrotlicommon.so.1.1.0
7fed0dcb7000-7fed0dcd6000 r--p 00002000 08:01 26005200                   /home/toolchain/development/libc++_replacement/tmp/R11/extracted/9b/9b1b05c9f8128ab3b94caeec9a690f5aa7601a187ad3e19597fe69eb5fd16ed4/usr/lib64/libbrotlicommon.so.1.1.0
7fed0dcd6000-7fed0dcd7000 r--p 00021000 08:01 26005200                   /home/toolchain/development/libc++_replacement/tmp/R11/extracted/9b/9b1b05c9f8128ab3b94caeec9a690f5aa7601a187ad3e19597fe69eb5fd16ed4/usr/lib64/libbrotlicommon.so.1.1.0
7fed0dcd7000-7fed0dcd8000 rw-p 00022000 08:01 26005200                   /home/toolchain/development/libc++_replacement/tmp/R11/extracted/9b/9b1b05c9f8128ab3b94caeec9a690f5aa7601a187ad3e19597fe69eb5fd16ed4/usr/lib64/libbrotlicommon.so.1.1.0
7fed0dcd8000-7fed0dce9000 r--p 00000000 08:01 26088451                   /home/toolchain/development/libc++_replacement/tmp/R11/extracted/3b/3b0aaa783ede91ab165509b8c3b0c749099cd0c919cb5183731feae59edc3c57/usr/lib64/libsystemd.so.0.27.1
7fed0dce9000-7fed0dd57000 r-xp 00011000 08:01 26088451                   /home/toolchain/development/libc++_replacement/tmp/R11/extracted/3b/3b0aaa783ede91ab165509b8c3b0c749099cd0c919cb5183731feae59edc3c57/usr/lib64/libsystemd.so.0.27.1
7fed0dd57000-7fed0dd93000 r--p 0007f000 08:01 26088451                   /home/toolchain/development/libc++_replacement/tmp/R11/extracted/3b/3b0aaa783ede91ab165509b8c3b0c749099cd0c919cb5183731feae59edc3c57/usr/lib64/libsystemd.so.0.27.1
7fed0dd93000-7fed0dd97000 r--p 000ba000 08:01 26088451                   /home/toolchain/development/libc++_replacement/tmp/R11/extracted/3b/3b0aaa783ede91ab165509b8c3b0c749099cd0c919cb5183731feae59edc3c57/usr/lib64/libsystemd.so.0.27.1
7fed0dd97000-7fed0dd98000 rw-p 000be000 08:01 26088451                   /home/toolchain/development/libc++_replacement/tmp/R11/extracted/3b/3b0aaa783ede91ab165509b8c3b0c749099cd0c919cb5183731feae59edc3c57/usr/lib64/libsystemd.so.0.27.1
7fed0dd98000-7fed0dd99000 rw-p 00000000 00:00 0 
7fed0dd99000-7fed0dda3000 r--p 00000000 08:01 26119114                   /home/toolchain/development/libc++_replacement/tmp/R11/extracted/27/27ec88e1ca62912814cec5fd69802fced7542855d9f811b38194c0aed74c7fb4/usr/lib64/libpixman-1.so.0.38.4
7fed0dda3000-7fed0de15000 r-xp 0000a000 08:01 26119114                   /home/toolchain/development/libc++_replacement/tmp/R11/extracted/27/27ec88e1ca62912814cec5fd69802fced7542855d9f811b38194c0aed74c7fb4/usr/lib64/libpixman-1.so.0.38.4
7fed0de15000-7fed0de23000 r--p 0007c000 08:01 26119114                   /home/toolchain/development/libc++_replacement/tmp/R11/extracted/27/27ec88e1ca62912814cec5fd69802fced7542855d9f811b38194c0aed74c7fb4/usr/lib64/libpixman-1.so.0.38.4
7fed0de23000-7fed0de2b000 r--p 00089000 08:01 26119114                   /home/toolchain/development/libc++_replacement/tmp/R11/extracted/27/27ec88e1ca62912814cec5fd69802fced7542855d9f811b38194c0aed74c7fb4/usr/lib64/libpixman-1.so.0.38.4
7fed0de2b000-7fed0de2c000 rw-p 00091000 08:01 26119114                   /home/toolchain/development/libc++_replacement/tmp/R11/extracted/27/27ec88e1ca62912814cec5fd69802fced7542855d9f811b38194c0aed74c7fb4/usr/lib64/libpixman-1.so.0.38.4
7fed0de2c000-7fed0de33000 r--p 00000000 08:01 26089526                   /home/toolchain/development/libc++_replacement/tmp/R11/extracted/fb/fb3083a3f30a8f2d170dd0973ba315b8405542acf7eca67e2e509d0312e63872/usr/lib64/libwayland-server.so.0.23.1
7fed0de33000-7fed0de3b000 r-xp 00007000 08:01 26089526                   /home/toolchain/development/libc++_replacement/tmp/R11/extracted/fb/fb3083a3f30a8f2d170dd0973ba315b8405542acf7eca67e2e509d0312e63872/usr/lib64/libwayland-server.so.0.23.1
7fed0de3b000-7fed0de40000 r--p 0000f000 08:01 26089526                   /home/toolchain/development/libc++_replacement/tmp/R11/extracted/fb/fb3083a3f30a8f2d170dd0973ba315b8405542acf7eca67e2e509d0312e63872/usr/lib64/libwayland-server.so.0.23.1
7fed0de40000-7fed0de42000 r--p 00013000 08:01 26089526                   /home/toolchain/development/libc++_replacement/tmp/R11/extracted/fb/fb3083a3f30a8f2d170dd0973ba315b8405542acf7eca67e2e509d0312e63872/usr/lib64/libwayland-server.so.0.23.1
7fed0de42000-7fed0de43000 rw-p 00015000 08:01 26089526                   /home/toolchain/development/libc++_replacement/tmp/R11/extracted/fb/fb3083a3f30a8f2d170dd0973ba315b8405542acf7eca67e2e509d0312e63872/usr/lib64/libwayland-server.so.0.23.1
7fed0de43000-7fed0de48000 r--p 00000000 08:01 23620893                   /home/toolchain/development/libc++_replacement/tmp/R11/extracted/27/27790395513c771a19fc9313c1b659aedfb932af999bbfa6acb65505290811fd/usr/lib64/libdrm.so.2.131.0
7fed0de48000-7fed0de51000 r-xp 00005000 08:01 23620893                   /home/toolchain/development/libc++_replacement/tmp/R11/extracted/27/27790395513c771a19fc9313c1b659aedfb932af999bbfa6acb65505290811fd/usr/lib64/libdrm.so.2.131.0
7fed0de51000-7fed0de55000 r--p 0000e000 08:01 23620893                   /home/toolchain/development/libc++_replacement/tmp/R11/extracted/27/27790395513c771a19fc9313c1b659aedfb932af999bbfa6acb65505290811fd/usr/lib64/libdrm.so.2.131.0
7fed0de55000-7fed0de56000 r--p 00012000 08:01 23620893                   /home/toolchain/development/libc++_replacement/tmp/R11/extracted/27/27790395513c771a19fc9313c1b659aedfb932af999bbfa6acb65505290811fd/usr/lib64/libdrm.so.2.131.0
7fed0de56000-7fed0de57000 rw-p 00013000 08:01 23620893                   /home/toolchain/development/libc++_replacement/tmp/R11/extracted/27/27790395513c771a19fc9313c1b659aedfb932af999bbfa6acb65505290811fd/usr/lib64/libdrm.so.2.131.0
7fed0de57000-7fed0de59000 r--p 00000000 08:01 25977975                   /home/toolchain/development/libc++_replacement/tmp/R11/extracted/a8/a8819aea63da55c4f0c49599f1947c129924372a67347c7bbf3dbf647a33ec09/usr/lib64/hal/libhal-api-tbm.so.1.1
7fed0de59000-7fed0de5c000 r-xp 00002000 08:01 25977975                   /home/toolchain/development/libc++_replacement/tmp/R11/extracted/a8/a8819aea63da55c4f0c49599f1947c129924372a67347c7bbf3dbf647a33ec09/usr/lib64/hal/libhal-api-tbm.so.1.1
7fed0de5c000-7fed0de5d000 r--p 00005000 08:01 25977975                   /home/toolchain/development/libc++_replacement/tmp/R11/extracted/a8/a8819aea63da55c4f0c49599f1947c129924372a67347c7bbf3dbf647a33ec09/usr/lib64/hal/libhal-api-tbm.so.1.1
7fed0de5d000-7fed0de5e000 r--p 00005000 08:01 25977975                   /home/toolchain/development/libc++_replacement/tmp/R11/extracted/a8/a8819aea63da55c4f0c49599f1947c129924372a67347c7bbf3dbf647a33ec09/usr/lib64/hal/libhal-api-tbm.so.1.1
7fed0de5e000-7fed0de5f000 rw-p 00006000 08:01 25977975                   /home/toolchain/development/libc++_replacement/tmp/R11/extracted/a8/a8819aea63da55c4f0c49599f1947c129924372a67347c7bbf3dbf647a33ec09/usr/lib64/hal/libhal-api-tbm.so.1.1
7fed0de5f000-7fed0de60000 r--p 00000000 08:01 26086361                   /home/toolchain/development/libc++_replacement/tmp/R11/extracted/54/54cd3d5fbbf2c43d1181e14b984e9bf87fd8f50975da2a32c526bf7b99d5c317/usr/lib64/libmmfdisplay_interface.so.0.0.0
7fed0de60000-7fed0de62000 r-xp 00001000 08:01 26086361                   /home/toolchain/development/libc++_replacement/tmp/R11/extracted/54/54cd3d5fbbf2c43d1181e14b984e9bf87fd8f50975da2a32c526bf7b99d5c317/usr/lib64/libmmfdisplay_interface.so.0.0.0
7fed0de62000-7fed0de63000 r--p 00003000 08:01 26086361                   /home/toolchain/development/libc++_replacement/tmp/R11/extracted/54/54cd3d5fbbf2c43d1181e14b984e9bf87fd8f50975da2a32c526bf7b99d5c317/usr/lib64/libmmfdisplay_interface.so.0.0.0
7fed0de63000-7fed0de64000 r--p 00003000 08:01 26086361                   /home/toolchain/development/libc++_replacement/tmp/R11/extracted/54/54cd3d5fbbf2c43d1181e14b984e9bf87fd8f50975da2a32c526bf7b99d5c317/usr/lib64/libmmfdisplay_interface.so.0.0.0
7fed0de64000-7fed0de65000 rw-p 00004000 08:01 26086361                   /home/toolchain/development/libc++_replacement/tmp/R11/extracted/54/54cd3d5fbbf2c43d1181e14b984e9bf87fd8f50975da2a32c526bf7b99d5c317/usr/lib64/libmmfdisplay_interface.so.0.0.0
7fed0de65000-7fed0de68000 r--p 00000000 08:01 26092018                   /home/toolchain/development/libc++_replacement/tmp/R11/extracted/81/810168d4f73fa589e05aeee81dc54450cbf957f7fc51c0cb5b4830a6024aa4b5/usr/lib64/libmuse-core.so.0.5.1
7fed0de68000-7fed0de6c000 r-xp 00003000 08:01 26092018                   /home/toolchain/development/libc++_replacement/tmp/R11/extracted/81/810168d4f73fa589e05aeee81dc54450cbf957f7fc51c0cb5b4830a6024aa4b5/usr/lib64/libmuse-core.so.0.5.1
7fed0de6c000-7fed0de6e000 r--p 00007000 08:01 26092018                   /home/toolchain/development/libc++_replacement/tmp/R11/extracted/81/810168d4f73fa589e05aeee81dc54450cbf957f7fc51c0cb5b4830a6024aa4b5/usr/lib64/libmuse-core.so.0.5.1
7fed0de6e000-7fed0de6f000 r--p 00008000 08:01 26092018                   /home/toolchain/development/libc++_replacement/tmp/R11/extracted/81/810168d4f73fa589e05aeee81dc54450cbf957f7fc51c0cb5b4830a6024aa4b5/usr/lib64/libmuse-core.so.0.5.1
7fed0de6f000-7fed0de70000 rw-p 00009000 08:01 26092018                   /home/toolchain/development/libc++_replacement/tmp/R11/extracted/81/810168d4f73fa589e05aeee81dc54450cbf957f7fc51c0cb5b4830a6024aa4b5/usr/lib64/libmuse-core.so.0.5.1
7fed0de70000-7fed0de72000 r--p 00000000 08:01 26092016                   /home/toolchain/development/libc++_replacement/tmp/R11/extracted/81/810168d4f73fa589e05aeee81dc54450cbf957f7fc51c0cb5b4830a6024aa4b5/usr/lib64/libmuse-client.so.0.5.1
7fed0de72000-7fed0de73000 r-xp 00002000 08:01 26092016                   /home/toolchain/development/libc++_replacement/tmp/R11/extracted/81/810168d4f73fa589e05aeee81dc54450cbf957f7fc51c0cb5b4830a6024aa4b5/usr/lib64/libmuse-client.so.0.5.1
7fed0de73000-7fed0de74000 r--p 00003000 08:01 26092016                   /home/toolchain/development/libc++_replacement/tmp/R11/extracted/81/810168d4f73fa589e05aeee81dc54450cbf957f7fc51c0cb5b4830a6024aa4b5/usr/lib64/libmuse-client.so.0.5.1
7fed0de74000-7fed0de75000 r--p 00003000 08:01 26092016                   /home/toolchain/development/libc++_replacement/tmp/R11/extracted/81/810168d4f73fa589e05aeee81dc54450cbf957f7fc51c0cb5b4830a6024aa4b5/usr/lib64/libmuse-client.so.0.5.1
7fed0de75000-7fed0de76000 rw-p 00004000 08:01 26092016                   /home/toolchain/development/libc++_replacement/tmp/R11/extracted/81/810168d4f73fa589e05aeee81dc54450cbf957f7fc51c0cb5b4830a6024aa4b5/usr/lib64/libmuse-client.so.0.5.1
7fed0de76000-7fed0deb3000 r--p 00000000 08:01 26085380                   /home/toolchain/development/libc++_replacement/tmp/R11/extracted/e9/e940e836ede47e0ddf93cf6964e9ecf1f0b4ce7c35fa42fa15644c6cabac385d/usr/lib64/libgio-2.0.so.0.8000.5
7fed0deb3000-7fed0dfa2000 r-xp 0003d000 08:01 26085380                   /home/toolchain/development/libc++_replacement/tmp/R11/extracted/e9/e940e836ede47e0ddf93cf6964e9ecf1f0b4ce7c35fa42fa15644c6cabac385d/usr/lib64/libgio-2.0.so.0.8000.5
7fed0dfa2000-7fed0e015000 r--p 0012c000 08:01 26085380                   /home/toolchain/development/libc++_replacement/tmp/R11/extracted/e9/e940e836ede47e0ddf93cf6964e9ecf1f0b4ce7c35fa42fa15644c6cabac385d/usr/lib64/libgio-2.0.so.0.8000.5
7fed0e015000-7fed0e01c000 r--p 0019f000 08:01 26085380                   /home/toolchain/development/libc++_replacement/tmp/R11/extracted/e9/e940e836ede47e0ddf93cf6964e9ecf1f0b4ce7c35fa42fa15644c6cabac385d/usr/lib64/libgio-2.0.so.0.8000.5
7fed0e01c000-7fed0e01f000 rw-p 001a6000 08:01 26085380                   /home/toolchain/development/libc++_replacement/tmp/R11/extracted/e9/e940e836ede47e0ddf93cf6964e9ecf1f0b4ce7c35fa42fa15644c6cabac385d/usr/lib64/libgio-2.0.so.0.8000.5
7fed0e01f000-7fed0e020000 rw-p 00000000 00:00 0 
7fed0e020000-7fed0e023000 r--p 00000000 08:01 25821235                   /home/toolchain/development/libc++_replacement/tmp/R11/extracted/1e/1eaf1a7cdd2450d7f7700221f3735cb6d7872050657f731a8fe3a9915b225563/usr/lib64/libbuxton2.so.1.9.14
7fed0e023000-7fed0e02b000 r-xp 00003000 08:01 25821235                   /home/toolchain/development/libc++_replacement/tmp/R11/extracted/1e/1eaf1a7cdd2450d7f7700221f3735cb6d7872050657f731a8fe3a9915b225563/usr/lib64/libbuxton2.so.1.9.14
7fed0e02b000-7fed0e02e000 r--p 0000b000 08:01 25821235                   /home/toolchain/development/libc++_replacement/tmp/R11/extracted/1e/1eaf1a7cdd2450d7f7700221f3735cb6d7872050657f731a8fe3a9915b225563/usr/lib64/libbuxton2.so.1.9.14
7fed0e02e000-7fed0e02f000 r--p 0000d000 08:01 25821235                   /home/toolchain/development/libc++_replacement/tmp/R11/extracted/1e/1eaf1a7cdd2450d7f7700221f3735cb6d7872050657f731a8fe3a9915b225563/usr/lib64/libbuxton2.so.1.9.14
7fed0e02f000-7fed0e030000 rw-p 0000e000 08:01 25821235                   /home/toolchain/development/libc++_replacement/tmp/R11/extracted/1e/1eaf1a7cdd2450d7f7700221f3735cb6d7872050657f731a8fe3a9915b225563/usr/lib64/libbuxton2.so.1.9.14
7fed0e030000-7fed0e038000 r--p 00000000 08:01 25839020                   /home/toolchain/development/libc++_replacement/tmp/R11/extracted/4a/4a4b557807fc34798ad0cd03cbf25933efbbd20adbbd8a5e1b38326251eef356/usr/lib64/libeio.so.1.25.1
7fed0e038000-7fed0e048000 r-xp 00008000 08:01 25839020                   /home/toolchain/development/libc++_replacement/tmp/R11/extracted/4a/4a4b557807fc34798ad0cd03cbf25933efbbd20adbbd8a5e1b38326251eef356/usr/lib64/libeio.so.1.25.1
7fed0e048000-7fed0e04e000 r--p 00018000 08:01 25839020                   /home/toolchain/development/libc++_replacement/tmp/R11/extracted/4a/4a4b557807fc34798ad0cd03cbf25933efbbd20adbbd8a5e1b38326251eef356/usr/lib64/libeio.so.1.25.1
7fed0e04e000-7fed0e04f000 r--p 0001d000 08:01 25839020                   /home/toolchain/development/libc++_replacement/tmp/R11/extracted/4a/4a4b557807fc34798ad0cd03cbf25933efbbd20adbbd8a5e1b38326251eef356/usr/lib64/libeio.so.1.25.1
7fed0e04f000-7fed0e050000 rw-p 0001e000 08:01 25839020                   /home/toolchain/development/libc++_replacement/tmp/R11/extracted/4a/4a4b557807fc34798ad0cd03cbf25933efbbd20adbbd8a5e1b38326251eef356/usr/lib64/libeio.so.1.25.1
7fed0e050000-7fed0e057000 r--p 00000000 08:01 25841991                   /home/toolchain/development/libc++_replacement/tmp/R11/extracted/85/8593668a2047d3875440ac697a9504b995034fbbf6617f9ac8baf46212921460/usr/lib64/libemotion.so.1.25.1
7fed0e057000-7fed0e061000 r-xp 00007000 08:01 25841991                   /home/toolchain/development/libc++_replacement/tmp/R11/extracted/85/8593668a2047d3875440ac697a9504b995034fbbf6617f9ac8baf46212921460/usr/lib64/libemotion.so.1.25.1
7fed0e061000-7fed0e067000 r--p 00011000 08:01 25841991                   /home/toolchain/development/libc++_replacement/tmp/R11/extracted/85/8593668a2047d3875440ac697a9504b995034fbbf6617f9ac8baf46212921460/usr/lib64/libemotion.so.1.25.1
7fed0e067000-7fed0e068000 r--p 00017000 08:01 25841991                   /home/toolchain/development/libc++_replacement/tmp/R11/extracted/85/8593668a2047d3875440ac697a9504b995034fbbf6617f9ac8baf46212921460/usr/lib64/libemotion.so.1.25.1
7fed0e068000-7fed0e069000 rw-p 00018000 08:01 25841991                   /home/toolchain/development/libc++_replacement/tmp/R11/extracted/85/8593668a2047d3875440ac697a9504b995034fbbf6617f9ac8baf46212921460/usr/lib64/libemotion.so.1.25.1
7fed0e069000-7fed0e06c000 r--p 00000000 08:01 25869257                   /home/toolchain/development/libc++_replacement/tmp/R11/extracted/41/416d01db4ad75a8a452cfe82485dd4a95b731df556354dc1373b5c5653af4be8/usr/lib64/libethumb_client.so.1.25.1
7fed0e06c000-7fed0e070000 r-xp 00003000 08:01 25869257                   /home/toolchain/development/libc++_replacement/tmp/R11/extracted/41/416d01db4ad75a8a452cfe82485dd4a95b731df556354dc1373b5c5653af4be8/usr/lib64/libethumb_client.so.1.25.1
7fed0e070000-7fed0e072000 r--p 00007000 08:01 25869257                   /home/toolchain/development/libc++_replacement/tmp/R11/extracted/41/416d01db4ad75a8a452cfe82485dd4a95b731df556354dc1373b5c5653af4be8/usr/lib64/libethumb_client.so.1.25.1
7fed0e072000-7fed0e073000 r--p 00008000 08:01 25869257                   /home/toolchain/development/libc++_replacement/tmp/R11/extracted/41/416d01db4ad75a8a452cfe82485dd4a95b731df556354dc1373b5c5653af4be8/usr/lib64/libethumb_client.so.1.25.1
7fed0e073000-7fed0e074000 rw-p 00009000 08:01 25869257                   /home/toolchain/development/libc++_replacement/tmp/R11/extracted/41/416d01db4ad75a8a452cfe82485dd4a95b731df556354dc1373b5c5653af4be8/usr/lib64/libethumb_client.so.1.25.1
7fed0e074000-7fed0e090000 r--p 00000000 08:01 25834962                   /home/toolchain/development/libc++_replacement/tmp/R11/extracted/f8/f8e22b05dba8a911adfe63a87320d40944eb87aebc4fd1f1a24350bad3463285/usr/lib64/libecore_con.so.1.25.1
7fed0e090000-7fed0e0d7000 r-xp 0001c000 08:01 25834962                   /home/toolchain/development/libc++_replacement/tmp/R11/extracted/f8/f8e22b05dba8a911adfe63a87320d40944eb87aebc4fd1f1a24350bad3463285/usr/lib64/libecore_con.so.1.25.1
7fed0e0d7000-7fed0e0f7000 r--p 00063000 08:01 25834962                   /home/toolchain/development/libc++_replacement/tmp/R11/extracted/f8/f8e22b05dba8a911adfe63a87320d40944eb87aebc4fd1f1a24350bad3463285/usr/lib64/libecore_con.so.1.25.1
7fed0e0f7000-7fed0e0fc000 r--p 00082000 08:01 25834962                   /home/toolchain/development/libc++_replacement/tmp/R11/extracted/f8/f8e22b05dba8a911adfe63a87320d40944eb87aebc4fd1f1a24350bad3463285/usr/lib64/libecore_con.so.1.25.1
7fed0e0fc000-7fed0e0fd000 rw-p 00087000 08:01 25834962                   /home/toolchain/development/libc++_replacement/tmp/R11/extracted/f8/f8e22b05dba8a911adfe63a87320d40944eb87aebc4fd1f1a24350bad3463285/usr/lib64/libecore_con.so.1.25.1
7fed0e0fd000-7fed0e0fe000 rw-p 00000000 00:00 0 
7fed0e0fe000-7fed0e102000 r--p 00000000 08:01 25834877                   /home/toolchain/development/libc++_replacement/tmp/R11/extracted/97/9717950ffaa8d6903b969c62e88c9d346585aed2321c2406293e8d512b454aec/usr/lib64/libecore_audio.so.1.25.1
7fed0e102000-7fed0e108000 r-xp 00004000 08:01 25834877                   /home/toolchain/development/libc++_replacement/tmp/R11/extracted/97/9717950ffaa8d6903b969c62e88c9d346585aed2321c2406293e8d512b454aec/usr/lib64/libecore_audio.so.1.25.1
7fed0e108000-7fed0e10b000 r--p 0000a000 08:01 25834877                   /home/toolchain/development/libc++_replacement/tmp/R11/extracted/97/9717950ffaa8d6903b969c62e88c9d346585aed2321c2406293e8d512b454aec/usr/lib64/libecore_audio.so.1.25.1
7fed0e10b000-7fed0e10c000 r--p 0000d000 08:01 25834877                   /home/toolchain/development/libc++_replacement/tmp/R11/extracted/97/9717950ffaa8d6903b969c62e88c9d346585aed2321c2406293e8d512b454aec/usr/lib64/libecore_audio.so.1.25.1
7fed0e10c000-7fed0e10d000 rw-p 0000e000 08:01 25834877                   /home/toolchain/development/libc++_replacement/tmp/R11/extracted/97/9717950ffaa8d6903b969c62e88c9d346585aed2321c2406293e8d512b454aec/usr/lib64/libecore_audio.so.1.25.1
7fed0e10d000-7fed0e114000 r--p 00000000 08:01 25838718                   /home/toolchain/development/libc++_replacement/tmp/R11/extracted/1c/1c018d0d6c83eff939ad61b356cb8c4e1fbbc5aa92fa3fb7940ba9b4e2ea74bc/usr/lib64/libefreet.so.1.25.1
7fed0e114000-7fed0e12a000 r-xp 00007000 08:01 25838718                   /home/toolchain/development/libc++_replacement/tmp/R11/extracted/1c/1c018d0d6c83eff939ad61b356cb8c4e1fbbc5aa92fa3fb7940ba9b4e2ea74bc/usr/lib64/libefreet.so.1.25.1
7fed0e12a000-7fed0e131000 r--p 0001d000 08:01 25838718                   /home/toolchain/development/libc++_replacement/tmp/R11/extracted/1c/1c018d0d6c83eff939ad61b356cb8c4e1fbbc5aa92fa3fb7940ba9b4e2ea74bc/usr/lib64/libefreet.so.1.25.1
7fed0e131000-7fed0e132000 r--p 00024000 08:01 25838718                   /home/toolchain/development/libc++_replacement/tmp/R11/extracted/1c/1c018d0d6c83eff939ad61b356cb8c4e1fbbc5aa92fa3fb7940ba9b4e2ea74bc/usr/lib64/libefreet.so.1.25.1
7fed0e132000-7fed0e133000 rw-p 00025000 08:01 25838718                   /home/toolchain/development/libc++_replacement/tmp/R11/extracted/1c/1c018d0d6c83eff939ad61b356cb8c4e1fbbc5aa92fa3fb7940ba9b4e2ea74bc/usr/lib64/libefreet.so.1.25.1
7fed0e133000-7fed0e134000 rw-p 00000000 00:00 0 
7fed0e134000-7fed0e138000 r--p 00000000 08:01 25841874                   /home/toolchain/development/libc++_replacement/tmp/R11/extracted/93/937dff2a3aa0bd0389e3bef9adaa4b76950cd5d5253233517084cebf801a3893/usr/lib64/libembryo.so.1.25.1
7fed0e138000-7fed0e13d000 r-xp 00004000 08:01 25841874                   /home/toolchain/development/libc++_replacement/tmp/R11/extracted/93/937dff2a3aa0bd0389e3bef9adaa4b76950cd5d5253233517084cebf801a3893/usr/lib64/libembryo.so.1.25.1
7fed0e13d000-7fed0e13f000 r--p 00009000 08:01 25841874                   /home/toolchain/development/libc++_replacement/tmp/R11/extracted/93/937dff2a3aa0bd0389e3bef9adaa4b76950cd5d5253233517084cebf801a3893/usr/lib64/libembryo.so.1.25.1
7fed0e13f000-7fed0e140000 r--p 0000b000 08:01 25841874                   /home/toolchain/development/libc++_replacement/tmp/R11/extracted/93/937dff2a3aa0bd0389e3bef9adaa4b76950cd5d5253233517084cebf801a3893/usr/lib64/libembryo.so.1.25.1
7fed0e140000-7fed0e141000 rw-p 0000c000 08:01 25841874                   /home/toolchain/development/libc++_replacement/tmp/R11/extracted/93/937dff2a3aa0bd0389e3bef9adaa4b76950cd5d5253233517084cebf801a3893/usr/lib64/libembryo.so.1.25.1
7fed0e141000-7fed0e144000 r--p 00000000 08:01 25835076                   /home/toolchain/development/libc++_replacement/tmp/R11/extracted/e4/e450587a399727062221f9af6565fea508840d1dc24dbbb5b5d685ad726d617e/usr/lib64/libecore_file.so.1.25.1
7fed0e144000-7fed0e147000 r-xp 00003000 08:01 25835076                   /home/toolchain/development/libc++_replacement/tmp/R11/extracted/e4/e450587a399727062221f9af6565fea508840d1dc24dbbb5b5d685ad726d617e/usr/lib64/libecore_file.so.1.25.1
7fed0e147000-7fed0e149000 r--p 00006000 08:01 25835076                   /home/toolchain/development/libc++_replacement/tmp/R11/extracted/e4/e450587a399727062221f9af6565fea508840d1dc24dbbb5b5d685ad726d617e/usr/lib64/libecore_file.so.1.25.1
7fed0e149000-7fed0e14a000 r--p 00007000 08:01 25835076                   /home/toolchain/development/libc++_replacement/tmp/R11/extracted/e4/e450587a399727062221f9af6565fea508840d1dc24dbbb5b5d685ad726d617e/usr/lib64/libecore_file.so.1.25.1
7fed0e14a000-7fed0e14b000 rw-p 00008000 08:01 25835076                   /home/toolchain/development/libc++_replacement/tmp/R11/extracted/e4/e450587a399727062221f9af6565fea508840d1dc24dbbb5b5d685ad726d617e/usr/lib64/libecore_file.so.1.25.1
7fed0e14b000-7fed0e150000 r--p 00000000 08:01 25837082                   /home/toolchain/development/libc++_replacement/tmp/R11/extracted/a1/a1e1bb605d98f60d10bc89df35f4aec65e772e1795e21b84692cc87bfb934f22/usr/lib64/libeeze.so.1.25.1
7fed0e150000-7fed0e157000 r-xp 00005000 08:01 25837082                   /home/toolchain/development/libc++_replacement/tmp/R11/extracted/a1/a1e1bb605d98f60d10bc89df35f4aec65e772e1795e21b84692cc87bfb934f22/usr/lib64/libeeze.so.1.25.1
7fed0e157000-7fed0e15a000 r--p 0000c000 08:01 25837082                   /home/toolchain/development/libc++_replacement/tmp/R11/extracted/a1/a1e1bb605d98f60d10bc89df35f4aec65e772e1795e21b84692cc87bfb934f22/usr/lib64/libeeze.so.1.25.1
7fed0e15a000-7fed0e15b000 r--p 0000f000 08:01 25837082                   /home/toolchain/development/libc++_replacement/tmp/R11/extracted/a1/a1e1bb605d98f60d10bc89df35f4aec65e772e1795e21b84692cc87bfb934f22/usr/lib64/libeeze.so.1.25.1
7fed0e15b000-7fed0e15c000 rw-p 00010000 08:01 25837082                   /home/toolchain/development/libc++_replacement/tmp/R11/extracted/a1/a1e1bb605d98f60d10bc89df35f4aec65e772e1795e21b84692cc87bfb934f22/usr/lib64/libeeze.so.1.25.1
7fed0e15c000-7fed0e15f000 r--p 00000000 08:01 25835143                   /home/toolchain/development/libc++_replacement/tmp/R11/extracted/02/0245c6c3ad3344a194507d791061f62240be372ab249331fa7edd20e4215040a/usr/lib64/libecore_input_evas.so.1.25.1
7fed0e15f000-7fed0e161000 r-xp 00003000 08:01 25835143                   /home/toolchain/development/libc++_replacement/tmp/R11/extracted/02/0245c6c3ad3344a194507d791061f62240be372ab249331fa7edd20e4215040a/usr/lib64/libecore_input_evas.so.1.25.1
7fed0e161000-7fed0e162000 r--p 00005000 08:01 25835143                   /home/toolchain/development/libc++_replacement/tmp/R11/extracted/02/0245c6c3ad3344a194507d791061f62240be372ab249331fa7edd20e4215040a/usr/lib64/libecore_input_evas.so.1.25.1
7fed0e162000-7fed0e163000 r--p 00005000 08:01 25835143                   /home/toolchain/development/libc++_replacement/tmp/R11/extracted/02/0245c6c3ad3344a194507d791061f62240be372ab249331fa7edd20e4215040a/usr/lib64/libecore_input_evas.so.1.25.1
7fed0e163000-7fed0e164000 rw-p 00006000 08:01 25835143                   /home/toolchain/development/libc++_replacement/tmp/R11/extracted/02/0245c6c3ad3344a194507d791061f62240be372ab249331fa7edd20e4215040a/usr/lib64/libecore_input_evas.so.1.25.1
7fed0e164000-7fed0e16f000 r--p 00000000 08:01 26085642                   /home/toolchain/development/libc++_replacement/tmp/R11/extracted/4c/4ccd3f58cfedc62bfefbd09c834da30f55b9c7dc09f1e8e9a2ad70ce96c68026/usr/lib64/libharfbuzz.so.0.60822.0
7fed0e16f000-7fed0e1fb000 r-xp 0000b000 08:01 26085642                   /home/toolchain/development/libc++_replacement/tmp/R11/extracted/4c/4ccd3f58cfedc62bfefbd09c834da30f55b9c7dc09f1e8e9a2ad70ce96c68026/usr/lib64/libharfbuzz.so.0.60822.0
7fed0e1fb000-7fed0e23b000 r--p 00097000 08:01 26085642                   /home/toolchain/development/libc++_replacement/tmp/R11/extracted/4c/4ccd3f58cfedc62bfefbd09c834da30f55b9c7dc09f1e8e9a2ad70ce96c68026/usr/lib64/libharfbuzz.so.0.60822.0
7fed0e23b000-7fed0e23c000 r--p 000d7000 08:01 26085642                   /home/toolchain/development/libc++_replacement/tmp/R11/extracted/4c/4ccd3f58cfedc62bfefbd09c834da30f55b9c7dc09f1e8e9a2ad70ce96c68026/usr/lib64/libharfbuzz.so.0.60822.0
7fed0e23c000-7fed0e23d000 rw-p 000d8000 08:01 26085642                   /home/toolchain/development/libc++_replacement/tmp/R11/extracted/4c/4ccd3f58cfedc62bfefbd09c834da30f55b9c7dc09f1e8e9a2ad70ce96c68026/usr/lib64/libharfbuzz.so.0.60822.0
7fed0e23d000-7fed0e23e000 rw-p 00000000 00:00 0 
7fed0e23e000-7fed0e23f000 r--p 00000000 08:01 26085747                   /home/toolchain/development/libc++_replacement/tmp/R11/extracted/43/43f64317f522937911b8338c4a359fcae003597542cab1b4275cdfd7db444c7f/usr/lib64/libhyphen.so.0.3.0
7fed0e23f000-7fed0e242000 r-xp 00001000 08:01 26085747                   /home/toolchain/development/libc++_replacement/tmp/R11/extracted/43/43f64317f522937911b8338c4a359fcae003597542cab1b4275cdfd7db444c7f/usr/lib64/libhyphen.so.0.3.0
7fed0e242000-7fed0e243000 r--p 00004000 08:01 26085747                   /home/toolchain/development/libc++_replacement/tmp/R11/extracted/43/43f64317f522937911b8338c4a359fcae003597542cab1b4275cdfd7db444c7f/usr/lib64/libhyphen.so.0.3.0
7fed0e243000-7fed0e244000 r--p 00004000 08:01 26085747                   /home/toolchain/development/libc++_replacement/tmp/R11/extracted/43/43f64317f522937911b8338c4a359fcae003597542cab1b4275cdfd7db444c7f/usr/lib64/libhyphen.so.0.3.0
7fed0e244000-7fed0e245000 rw-p 00005000 08:01 26085747                   /home/toolchain/development/libc++_replacement/tmp/R11/extracted/43/43f64317f522937911b8338c4a359fcae003597542cab1b4275cdfd7db444c7f/usr/lib64/libhyphen.so.0.3.0
7fed0e245000-7fed0e247000 r--p 00000000 08:01 23598645                   /home/toolchain/development/libc++_replacement/tmp/R11/extracted/e8/e83a03d6c8a40e2e653dac1f944c39a08aca9a1e5dfa36547af2ba04fd76a584/usr/lib64/libfribidi.so.0.4.0
7fed0e247000-7fed0e24b000 r-xp 00002000 08:01 23598645                   /home/toolchain/development/libc++_replacement/tmp/R11/extracted/e8/e83a03d6c8a40e2e653dac1f944c39a08aca9a1e5dfa36547af2ba04fd76a584/usr/lib64/libfribidi.so.0.4.0
7fed0e24b000-7fed0e260000 r--p 00006000 08:01 23598645                   /home/toolchain/development/libc++_replacement/tmp/R11/extracted/e8/e83a03d6c8a40e2e653dac1f944c39a08aca9a1e5dfa36547af2ba04fd76a584/usr/lib64/libfribidi.so.0.4.0
7fed0e260000-7fed0e261000 r--p 0001a000 08:01 23598645                   /home/toolchain/development/libc++_replacement/tmp/R11/extracted/e8/e83a03d6c8a40e2e653dac1f944c39a08aca9a1e5dfa36547af2ba04fd76a584/usr/lib64/libfribidi.so.0.4.0
7fed0e261000-7fed0e262000 rw-p 0001b000 08:01 23598645                   /home/toolchain/development/libc++_replacement/tmp/R11/extracted/e8/e83a03d6c8a40e2e653dac1f944c39a08aca9a1e5dfa36547af2ba04fd76a584/usr/lib64/libfribidi.so.0.4.0
7fed0e262000-7fed0e267000 r--p 00000000 08:01 26090887                   /home/toolchain/development/libc++_replacement/tmp/R11/extracted/ad/adf4ec7a2b42179c08787df29643b76959484fb2d8082da784c557f760ff1e30/usr/lib64/librlottie.so.0.2
7fed0e267000-7fed0e295000 r-xp 00005000 08:01 26090887                   /home/toolchain/development/libc++_replacement/tmp/R11/extracted/ad/adf4ec7a2b42179c08787df29643b76959484fb2d8082da784c557f760ff1e30/usr/lib64/librlottie.so.0.2
7fed0e295000-7fed0e29b000 r--p 00033000 08:01 26090887                   /home/toolchain/development/libc++_replacement/tmp/R11/extracted/ad/adf4ec7a2b42179c08787df29643b76959484fb2d8082da784c557f760ff1e30/usr/lib64/librlottie.so.0.2
7fed0e29b000-7fed0e29c000 r--p 00038000 08:01 26090887                   /home/toolchain/development/libc++_replacement/tmp/R11/extracted/ad/adf4ec7a2b42179c08787df29643b76959484fb2d8082da784c557f760ff1e30/usr/lib64/librlottie.so.0.2
7fed0e29c000-7fed0e29d000 rw-p 00039000 08:01 26090887                   /home/toolchain/development/libc++_replacement/tmp/R11/extracted/ad/adf4ec7a2b42179c08787df29643b76959484fb2d8082da784c557f760ff1e30/usr/lib64/librlottie.so.0.2
7fed0e29d000-7fed0e2ad000 r--p 00000000 08:01 26224767                   /home/toolchain/development/libc++_replacement/tmp/R11/extracted/6c/6c6e8d30039b7d845b2318486eeea4958f7c78c8fe906eac647084f14b01b688/usr/lib64/libthorvg.so.1.0.7
7fed0e2ad000-7fed0e300000 r-xp 00010000 08:01 26224767                   /home/toolchain/development/libc++_replacement/tmp/R11/extracted/6c/6c6e8d30039b7d845b2318486eeea4958f7c78c8fe906eac647084f14b01b688/usr/lib64/libthorvg.so.1.0.7
7fed0e300000-7fed0e303000 r--p 00063000 08:01 26224767                   /home/toolchain/development/libc++_replacement/tmp/R11/extracted/6c/6c6e8d30039b7d845b2318486eeea4958f7c78c8fe906eac647084f14b01b688/usr/lib64/libthorvg.so.1.0.7
7fed0e303000-7fed0e306000 r--p 00066000 08:01 26224767                   /home/toolchain/development/libc++_replacement/tmp/R11/extracted/6c/6c6e8d30039b7d845b2318486eeea4958f7c78c8fe906eac647084f14b01b688/usr/lib64/libthorvg.so.1.0.7
7fed0e306000-7fed0e307000 rw-p 00069000 08:01 26224767                   /home/toolchain/development/libc++_replacement/tmp/R11/extracted/6c/6c6e8d30039b7d845b2318486eeea4958f7c78c8fe906eac647084f14b01b688/usr/lib64/libthorvg.so.1.0.7
7fed0e307000-7fed0e310000 r--p 00000000 08:01 14724237                   /home/toolchain/development/libc++_replacement/tmp/R11/extracted/82/829c76f2244979cbaeed773d878d05c7a4bbb9bef3bb9bea5b5ec0be035af892/usr/lib64/liblua.so.5.1
7fed0e310000-7fed0e328000 r-xp 00009000 08:01 14724237                   /home/toolchain/development/libc++_replacement/tmp/R11/extracted/82/829c76f2244979cbaeed773d878d05c7a4bbb9bef3bb9bea5b5ec0be035af892/usr/lib64/liblua.so.5.1
7fed0e328000-7fed0e331000 r--p 00021000 08:01 14724237                   /home/toolchain/development/libc++_replacement/tmp/R11/extracted/82/829c76f2244979cbaeed773d878d05c7a4bbb9bef3bb9bea5b5ec0be035af892/usr/lib64/liblua.so.5.1
7fed0e331000-7fed0e333000 r--p 00029000 08:01 14724237                   /home/toolchain/development/libc++_replacement/tmp/R11/extracted/82/829c76f2244979cbaeed773d878d05c7a4bbb9bef3bb9bea5b5ec0be035af892/usr/lib64/liblua.so.5.1
7fed0e333000-7fed0e334000 rw-p 0002b000 08:01 14724237                   /home/toolchain/development/libc++_replacement/tmp/R11/extracted/82/829c76f2244979cbaeed773d878d05c7a4bbb9bef3bb9bea5b5ec0be035af892/usr/lib64/liblua.so.5.1
7fed0e334000-7fed0e33a000 r--p 00000000 08:01 25837053                   /home/toolchain/development/libc++_replacement/tmp/R11/extracted/46/4697dee8ce7cddc6b73f6fd60e00ed6cf4a2722bf9a73aa23dcb348203114846/usr/lib64/libeet.so.1.25.1
7fed0e33a000-7fed0e34f000 r-xp 00006000 08:01 25837053                   /home/toolchain/development/libc++_replacement/tmp/R11/extracted/46/4697dee8ce7cddc6b73f6fd60e00ed6cf4a2722bf9a73aa23dcb348203114846/usr/lib64/libeet.so.1.25.1
7fed0e34f000-7fed0e356000 r--p 0001b000 08:01 25837053                   /home/toolchain/development/libc++_replacement/tmp/R11/extracted/46/4697dee8ce7cddc6b73f6fd60e00ed6cf4a2722bf9a73aa23dcb348203114846/usr/lib64/libeet.so.1.25.1
7fed0e356000-7fed0e357000 r--p 00021000 08:01 25837053                   /home/toolchain/development/libc++_replacement/tmp/R11/extracted/46/4697dee8ce7cddc6b73f6fd60e00ed6cf4a2722bf9a73aa23dcb348203114846/usr/lib64/libeet.so.1.25.1
7fed0e357000-7fed0e358000 rw-p 00022000 08:01 25837053                   /home/toolchain/development/libc++_replacement/tmp/R11/extracted/46/4697dee8ce7cddc6b73f6fd60e00ed6cf4a2722bf9a73aa23dcb348203114846/usr/lib64/libeet.so.1.25.1
7fed0e358000-7fed0e360000 rw-p 00000000 00:00 0 
7fed0e360000-7fed0e365000 r--p 00000000 08:01 25841955                   /home/toolchain/development/libc++_replacement/tmp/R11/extracted/a0/a00aee94db4dfdda09717ca195e67c5cfba7caae0932ccf6c4df97efa6615010/usr/lib64/libemile.so.1.25.1
7fed0e365000-7fed0e388000 r-xp 00005000 08:01 25841955                   /home/toolchain/development/libc++_replacement/tmp/R11/extracted/a0/a00aee94db4dfdda09717ca195e67c5cfba7caae0932ccf6c4df97efa6615010/usr/lib64/libemile.so.1.25.1
7fed0e388000-7fed0e38e000 r--p 00028000 08:01 25841955                   /home/toolchain/development/libc++_replacement/tmp/R11/extracted/a0/a00aee94db4dfdda09717ca195e67c5cfba7caae0932ccf6c4df97efa6615010/usr/lib64/libemile.so.1.25.1
7fed0e38e000-7fed0e38f000 r--p 0002d000 08:01 25841955                   /home/toolchain/development/libc++_replacement/tmp/R11/extracted/a0/a00aee94db4dfdda09717ca195e67c5cfba7caae0932ccf6c4df97efa6615010/usr/lib64/libemile.so.1.25.1
7fed0e38f000-7fed0e390000 rw-p 0002e000 08:01 25841955                   /home/toolchain/development/libc++_replacement/tmp/R11/extracted/a0/a00aee94db4dfdda09717ca195e67c5cfba7caae0932ccf6c4df97efa6615010/usr/lib64/libemile.so.1.25.1
7fed0e390000-7fed0e398000 rw-p 00000000 00:00 0 
7fed0e398000-7fed0e39a000 r--p 00000000 08:01 25836061                   /home/toolchain/development/libc++_replacement/tmp/R11/extracted/89/89f50617a349ff4bd32cbbf2cbf74fdddff1140aaff38e26154ed17667ad4a01/usr/lib64/libector.so.1.25.1
7fed0e39a000-7fed0e3a3000 r-xp 00002000 08:01 25836061                   /home/toolchain/development/libc++_replacement/tmp/R11/extracted/89/89f50617a349ff4bd32cbbf2cbf74fdddff1140aaff38e26154ed17667ad4a01/usr/lib64/libector.so.1.25.1
7fed0e3a3000-7fed0e3a7000 r--p 0000b000 08:01 25836061                   /home/toolchain/development/libc++_replacement/tmp/R11/extracted/89/89f50617a349ff4bd32cbbf2cbf74fdddff1140aaff38e26154ed17667ad4a01/usr/lib64/libector.so.1.25.1
7fed0e3a7000-7fed0e3a8000 r--p 0000e000 08:01 25836061                   /home/toolchain/development/libc++_replacement/tmp/R11/extracted/89/89f50617a349ff4bd32cbbf2cbf74fdddff1140aaff38e26154ed17667ad4a01/usr/lib64/libector.so.1.25.1
7fed0e3a8000-7fed0e3a9000 rw-p 0000f000 08:01 25836061                   /home/toolchain/development/libc++_replacement/tmp/R11/extracted/89/89f50617a349ff4bd32cbbf2cbf74fdddff1140aaff38e26154ed17667ad4a01/usr/lib64/libector.so.1.25.1
7fed0e3a9000-7fed0e3b1000 rw-p 00000000 00:00 0 
7fed0e3b1000-7fed0e3c9000 r--p 00000000 08:01 25837129                   /home/toolchain/development/libc++_replacement/tmp/R11/extracted/8d/8d0ef0801e89c4a4abf0bb15318bae80a14e648bb2e5a4d6554c9de752d628c2/usr/lib64/libefl.so.1.25.1
7fed0e3c9000-7fed0e3f7000 r-xp 00018000 08:01 25837129                   /home/toolchain/development/libc++_replacement/tmp/R11/extracted/8d/8d0ef0801e89c4a4abf0bb15318bae80a14e648bb2e5a4d6554c9de752d628c2/usr/lib64/libefl.so.1.25.1
7fed0e3f7000-7fed0e40b000 r--p 00046000 08:01 25837129                   /home/toolchain/development/libc++_replacement/tmp/R11/extracted/8d/8d0ef0801e89c4a4abf0bb15318bae80a14e648bb2e5a4d6554c9de752d628c2/usr/lib64/libefl.so.1.25.1
7fed0e40b000-7fed0e411000 r--p 00059000 08:01 25837129                   /home/toolchain/development/libc++_replacement/tmp/R11/extracted/8d/8d0ef0801e89c4a4abf0bb15318bae80a14e648bb2e5a4d6554c9de752d628c2/usr/lib64/libefl.so.1.25.1
7fed0e411000-7fed0e412000 rw-p 0005f000 08:01 25837129                   /home/toolchain/development/libc++_replacement/tmp/R11/extracted/8d/8d0ef0801e89c4a4abf0bb15318bae80a14e648bb2e5a4d6554c9de752d628c2/usr/lib64/libefl.so.1.25.1
7fed0e412000-7fed0e413000 rw-p 00000000 00:00 0 
7fed0e413000-7fed0e419000 r--p 00000000 08:01 25844052                   /home/toolchain/development/libc++_replacement/tmp/R11/extracted/f1/f1dcf451e8f2e546cadcdfb1ff56e27d70bc7bba08da957752cf3586f98b980c/usr/lib64/libeo.so.1.25.1
7fed0e419000-7fed0e429000 r-xp 00006000 08:01 25844052                   /home/toolchain/development/libc++_replacement/tmp/R11/extracted/f1/f1dcf451e8f2e546cadcdfb1ff56e27d70bc7bba08da957752cf3586f98b980c/usr/lib64/libeo.so.1.25.1
7fed0e429000-7fed0e42f000 r--p 00016000 08:01 25844052                   /home/toolchain/development/libc++_replacement/tmp/R11/extracted/f1/f1dcf451e8f2e546cadcdfb1ff56e27d70bc7bba08da957752cf3586f98b980c/usr/lib64/libeo.so.1.25.1
7fed0e42f000-7fed0e430000 r--p 0001c000 08:01 25844052                   /home/toolchain/development/libc++_replacement/tmp/R11/extracted/f1/f1dcf451e8f2e546cadcdfb1ff56e27d70bc7bba08da957752cf3586f98b980c/usr/lib64/libeo.so.1.25.1
7fed0e430000-7fed0e431000 rw-p 0001d000 08:01 25844052                   /home/toolchain/development/libc++_replacement/tmp/R11/extracted/f1/f1dcf451e8f2e546cadcdfb1ff56e27d70bc7bba08da957752cf3586f98b980c/usr/lib64/libeo.so.1.25.1
7fed0e431000-7fed0e46b000 r--p 00000000 08:01 26231355                   /home/toolchain/development/libc++_replacement/tmp/R11/extracted/d3/d3b3b800db11b0a27151bb3236d9c9f59bc7fb8dfc914eb769dc2b943f665518/usr/lib64/libwgt-manifest-handlers.so.1.11.1
7fed0e46b000-7fed0e4c6000 r-xp 0003a000 08:01 26231355                   /home/toolchain/development/libc++_replacement/tmp/R11/extracted/d3/d3b3b800db11b0a27151bb3236d9c9f59bc7fb8dfc914eb769dc2b943f665518/usr/lib64/libwgt-manifest-handlers.so.1.11.1
7fed0e4c6000-7fed0e4db000 r--p 00095000 08:01 26231355                   /home/toolchain/development/libc++_replacement/tmp/R11/extracted/d3/d3b3b800db11b0a27151bb3236d9c9f59bc7fb8dfc914eb769dc2b943f665518/usr/lib64/libwgt-manifest-handlers.so.1.11.1
7fed0e4db000-7fed0e4de000 r--p 000aa000 08:01 26231355                   /home/toolchain/development/libc++_replacement/tmp/R11/extracted/d3/d3b3b800db11b0a27151bb3236d9c9f59bc7fb8dfc914eb769dc2b943f665518/usr/lib64/libwgt-manifest-handlers.so.1.11.1
7fed0e4de000-7fed0e4e0000 rw-p 000ad000 08:01 26231355                   /home/toolchain/development/libc++_replacement/tmp/R11/extracted/d3/d3b3b800db11b0a27151bb3236d9c9f59bc7fb8dfc914eb769dc2b943f665518/usr/lib64/libwgt-manifest-handlers.so.1.11.1
7fed0e4e0000-7fed0e4fa000 r--p 00000000 08:01 26091145                   /home/toolchain/development/libc++_replacement/tmp/R11/extracted/bb/bbe1496d756b23b9943378f63a1c4a0a262cf4c8acaa04528d2265ad2363e5ff/usr/lib64/libmanifest-parser.so.1.9.0
7fed0e4fa000-7fed0e524000 r-xp 0001a000 08:01 26091145                   /home/toolchain/development/libc++_replacement/tmp/R11/extracted/bb/bbe1496d756b23b9943378f63a1c4a0a262cf4c8acaa04528d2265ad2363e5ff/usr/lib64/libmanifest-parser.so.1.9.0
7fed0e524000-7fed0e52e000 r--p 00044000 08:01 26091145                   /home/toolchain/development/libc++_replacement/tmp/R11/extracted/bb/bbe1496d756b23b9943378f63a1c4a0a262cf4c8acaa04528d2265ad2363e5ff/usr/lib64/libmanifest-parser.so.1.9.0
7fed0e52e000-7fed0e52f000 r--p 0004d000 08:01 26091145                   /home/toolchain/development/libc++_replacement/tmp/R11/extracted/bb/bbe1496d756b23b9943378f63a1c4a0a262cf4c8acaa04528d2265ad2363e5ff/usr/lib64/libmanifest-parser.so.1.9.0
7fed0e52f000-7fed0e530000 rw-p 0004e000 08:01 26091145                   /home/toolchain/development/libc++_replacement/tmp/R11/extracted/bb/bbe1496d756b23b9943378f63a1c4a0a262cf4c8acaa04528d2265ad2363e5ff/usr/lib64/libmanifest-parser.so.1.9.0
7fed0e530000-7fed0e531000 rw-p 00000000 00:00 0 
7fed0e531000-7fed0e53a000 r--p 00000000 08:01 23624441                   /home/toolchain/development/libc++_replacement/tmp/R11/extracted/bf/bf0691c7c485397598852c384d9ed50c95a619dc3c243b3f68effa5512019232/usr/lib64/libxslt.so.1.1.43
7fed0e53a000-7fed0e55a000 r-xp 00009000 08:01 23624441                   /home/toolchain/development/libc++_replacement/tmp/R11/extracted/bf/bf0691c7c485397598852c384d9ed50c95a619dc3c243b3f68effa5512019232/usr/lib64/libxslt.so.1.1.43
7fed0e55a000-7fed0e565000 r--p 00029000 08:01 23624441                   /home/toolchain/development/libc++_replacement/tmp/R11/extracted/bf/bf0691c7c485397598852c384d9ed50c95a619dc3c243b3f68effa5512019232/usr/lib64/libxslt.so.1.1.43
7fed0e565000-7fed0e566000 r--p 00033000 08:01 23624441                   /home/toolchain/development/libc++_replacement/tmp/R11/extracted/bf/bf0691c7c485397598852c384d9ed50c95a619dc3c243b3f68effa5512019232/usr/lib64/libxslt.so.1.1.43
7fed0e566000-7fed0e567000 rw-p 00034000 08:01 23624441                   /home/toolchain/development/libc++_replacement/tmp/R11/extracted/bf/bf0691c7c485397598852c384d9ed50c95a619dc3c243b3f68effa5512019232/usr/lib64/libxslt.so.1.1.43
7fed0e567000-7fed0e569000 r--p 00000000 08:01 23629326                   /home/toolchain/development/libc++_replacement/tmp/R11/extracted/1c/1c5831047bcd841e76d29b05c6ca3ac18b028e7fcfadb8e4f824129cbf0a9f25/usr/lib64/libminizip.so.1.0.0
7fed0e569000-7fed0e570000 r-xp 00002000 08:01 23629326                   /home/toolchain/development/libc++_replacement/tmp/R11/extracted/1c/1c5831047bcd841e76d29b05c6ca3ac18b028e7fcfadb8e4f824129cbf0a9f25/usr/lib64/libminizip.so.1.0.0
7fed0e570000-7fed0e571000 r--p 00009000 08:01 23629326                   /home/toolchain/development/libc++_replacement/tmp/R11/extracted/1c/1c5831047bcd841e76d29b05c6ca3ac18b028e7fcfadb8e4f824129cbf0a9f25/usr/lib64/libminizip.so.1.0.0
7fed0e571000-7fed0e572000 r--p 0000a000 08:01 23629326                   /home/toolchain/development/libc++_replacement/tmp/R11/extracted/1c/1c5831047bcd841e76d29b05c6ca3ac18b028e7fcfadb8e4f824129cbf0a9f25/usr/lib64/libminizip.so.1.0.0
7fed0e572000-7fed0e573000 rw-p 0000b000 08:01 23629326                   /home/toolchain/development/libc++_replacement/tmp/R11/extracted/1c/1c5831047bcd841e76d29b05c6ca3ac18b028e7fcfadb8e4f824129cbf0a9f25/usr/lib64/libminizip.so.1.0.0
7fed0e573000-7fed0e583000 r--p 00000000 08:01 26004892                   /home/toolchain/development/libc++_replacement/tmp/R11/extracted/e6/e6eb0652568058c701ca1f100777b051e7a22d7acf570beb0f63a47b7e33887a/usr/lib64/libatspi.so.0.0.1
7fed0e583000-7fed0e597000 r-xp 00010000 08:01 26004892                   /home/toolchain/development/libc++_replacement/tmp/R11/extracted/e6/e6eb0652568058c701ca1f100777b051e7a22d7acf570beb0f63a47b7e33887a/usr/lib64/libatspi.so.0.0.1
7fed0e597000-7fed0e5a4000 r--p 00024000 08:01 26004892                   /home/toolchain/development/libc++_replacement/tmp/R11/extracted/e6/e6eb0652568058c701ca1f100777b051e7a22d7acf570beb0f63a47b7e33887a/usr/lib64/libatspi.so.0.0.1
7fed0e5a4000-7fed0e5a7000 r--p 00030000 08:01 26004892                   /home/toolchain/development/libc++_replacement/tmp/R11/extracted/e6/e6eb0652568058c701ca1f100777b051e7a22d7acf570beb0f63a47b7e33887a/usr/lib64/libatspi.so.0.0.1
7fed0e5a7000-7fed0e5a8000 rw-p 00033000 08:01 26004892                   /home/toolchain/development/libc++_replacement/tmp/R11/extracted/e6/e6eb0652568058c701ca1f100777b051e7a22d7acf570beb0f63a47b7e33887a/usr/lib64/libatspi.so.0.0.1
7fed0e5a8000-7fed0e5ad000 r--p 00000000 08:01 26088453                   /home/toolchain/development/libc++_replacement/tmp/R11/extracted/3b/3b0aaa783ede91ab165509b8c3b0c749099cd0c919cb5183731feae59edc3c57/usr/lib64/libudev.so.1.6.16
7fed0e5ad000-7fed0e5c7000 r-xp 00005000 08:01 26088453                   /home/toolchain/development/libc++_replacement/tmp/R11/extracted/3b/3b0aaa783ede91ab165509b8c3b0c749099cd0c919cb5183731feae59edc3c57/usr/lib64/libudev.so.1.6.16
7fed0e5c7000-7fed0e5db000 r--p 0001f000 08:01 26088453                   /home/toolchain/development/libc++_replacement/tmp/R11/extracted/3b/3b0aaa783ede91ab165509b8c3b0c749099cd0c919cb5183731feae59edc3c57/usr/lib64/libudev.so.1.6.16
7fed0e5db000-7fed0e5dc000 r--p 00033000 08:01 26088453                   /home/toolchain/development/libc++_replacement/tmp/R11/extracted/3b/3b0aaa783ede91ab165509b8c3b0c749099cd0c919cb5183731feae59edc3c57/usr/lib64/libudev.so.1.6.16
7fed0e5dc000-7fed0e5dd000 rw-p 00034000 08:01 26088453                   /home/toolchain/development/libc++_replacement/tmp/R11/extracted/3b/3b0aaa783ede91ab165509b8c3b0c749099cd0c919cb5183731feae59edc3c57/usr/lib64/libudev.so.1.6.16
7fed0e5dd000-7fed0e601000 r--p 00000000 08:01 23624402                   /home/toolchain/development/libc++_replacement/tmp/R11/extracted/02/02045876526d4f0f5d219b4e9d291f3597e85c0fceeca1b7663d25492e3298d3/usr/lib64/libxml2.so.16.1.1
7fed0e601000-7fed0e6d9000 r-xp 00024000 08:01 23624402                   /home/toolchain/development/libc++_replacement/tmp/R11/extracted/02/02045876526d4f0f5d219b4e9d291f3597e85c0fceeca1b7663d25492e3298d3/usr/lib64/libxml2.so.16.1.1
7fed0e6d9000-7fed0e716000 r--p 000fc000 08:01 23624402                   /home/toolchain/development/libc++_replacement/tmp/R11/extracted/02/02045876526d4f0f5d219b4e9d291f3597e85c0fceeca1b7663d25492e3298d3/usr/lib64/libxml2.so.16.1.1
7fed0e716000-7fed0e71e000 r--p 00138000 08:01 23624402                   /home/toolchain/development/libc++_replacement/tmp/R11/extracted/02/02045876526d4f0f5d219b4e9d291f3597e85c0fceeca1b7663d25492e3298d3/usr/lib64/libxml2.so.16.1.1
7fed0e71e000-7fed0e720000 rw-p 00140000 08:01 23624402                   /home/toolchain/development/libc++_replacement/tmp/R11/extracted/02/02045876526d4f0f5d219b4e9d291f3597e85c0fceeca1b7663d25492e3298d3/usr/lib64/libxml2.so.16.1.1
7fed0e720000-7fed0e721000 rw-p 00000000 00:00 0 
7fed0e721000-7fed0e723000 r--p 00000000 08:01 23624302                   /home/toolchain/development/libc++_replacement/tmp/R11/extracted/ff/ff59991b5cf650e0726c6f54af329bf9fbe7fd36f9f7c42dda22ca9742225e79/usr/lib64/libwebpmux.so.3.1.0
7fed0e723000-7fed0e72b000 r-xp 00002000 08:01 23624302                   /home/toolchain/development/libc++_replacement/tmp/R11/extracted/ff/ff59991b5cf650e0726c6f54af329bf9fbe7fd36f9f7c42dda22ca9742225e79/usr/lib64/libwebpmux.so.3.1.0
7fed0e72b000-7fed0e72d000 r--p 0000a000 08:01 23624302                   /home/toolchain/development/libc++_replacement/tmp/R11/extracted/ff/ff59991b5cf650e0726c6f54af329bf9fbe7fd36f9f7c42dda22ca9742225e79/usr/lib64/libwebpmux.so.3.1.0
7fed0e72d000-7fed0e72e000 r--p 0000b000 08:01 23624302                   /home/toolchain/development/libc++_replacement/tmp/R11/extracted/ff/ff59991b5cf650e0726c6f54af329bf9fbe7fd36f9f7c42dda22ca9742225e79/usr/lib64/libwebpmux.so.3.1.0
7fed0e72e000-7fed0e72f000 rw-p 0000c000 08:01 23624302                   /home/toolchain/development/libc++_replacement/tmp/R11/extracted/ff/ff59991b5cf650e0726c6f54af329bf9fbe7fd36f9f7c42dda22ca9742225e79/usr/lib64/libwebpmux.so.3.1.0
7fed0e72f000-7fed0e730000 r--p 00000000 08:01 23624300                   /home/toolchain/development/libc++_replacement/tmp/R11/extracted/ff/ff59991b5cf650e0726c6f54af329bf9fbe7fd36f9f7c42dda22ca9742225e79/usr/lib64/libwebpdemux.so.2.0.15
7fed0e730000-7fed0e732000 r-xp 00001000 08:01 23624300                   /home/toolchain/development/libc++_replacement/tmp/R11/extracted/ff/ff59991b5cf650e0726c6f54af329bf9fbe7fd36f9f7c42dda22ca9742225e79/usr/lib64/libwebpdemux.so.2.0.15
7fed0e732000-7fed0e733000 r--p 00003000 08:01 23624300                   /home/toolchain/development/libc++_replacement/tmp/R11/extracted/ff/ff59991b5cf650e0726c6f54af329bf9fbe7fd36f9f7c42dda22ca9742225e79/usr/lib64/libwebpdemux.so.2.0.15
7fed0e733000-7fed0e734000 r--p 00003000 08:01 23624300                   /home/toolchain/development/libc++_replacement/tmp/R11/extracted/ff/ff59991b5cf650e0726c6f54af329bf9fbe7fd36f9f7c42dda22ca9742225e79/usr/lib64/libwebpdemux.so.2.0.15
7fed0e734000-7fed0e735000 rw-p 00004000 08:01 23624300                   /home/toolchain/development/libc++_replacement/tmp/R11/extracted/ff/ff59991b5cf650e0726c6f54af329bf9fbe7fd36f9f7c42dda22ca9742225e79/usr/lib64/libwebpdemux.so.2.0.15
7fed0e735000-7fed0e73b000 r--p 00000000 08:01 23621510                   /home/toolchain/development/libc++_replacement/tmp/R11/extracted/a2/a2e41cda0fbf3cd42aec10ab4fbe8577bb34c4eed1b965ca1e4612a2a674a85c/usr/lib64/libjpeg.so.8.3.2
7fed0e73b000-7fed0e7da000 r-xp 00006000 08:01 23621510                   /home/toolchain/development/libc++_replacement/tmp/R11/extracted/a2/a2e41cda0fbf3cd42aec10ab4fbe8577bb34c4eed1b965ca1e4612a2a674a85c/usr/lib64/libjpeg.so.8.3.2
7fed0e7da000-7fed0e801000 r--p 000a5000 08:01 23621510                   /home/toolchain/development/libc++_replacement/tmp/R11/extracted/a2/a2e41cda0fbf3cd42aec10ab4fbe8577bb34c4eed1b965ca1e4612a2a674a85c/usr/lib64/libjpeg.so.8.3.2
7fed0e801000-7fed0e802000 r--p 000cc000 08:01 23621510                   /home/toolchain/development/libc++_replacement/tmp/R11/extracted/a2/a2e41cda0fbf3cd42aec10ab4fbe8577bb34c4eed1b965ca1e4612a2a674a85c/usr/lib64/libjpeg.so.8.3.2
7fed0e802000-7fed0e803000 rw-p 000cd000 08:01 23621510                   /home/toolchain/development/libc++_replacement/tmp/R11/extracted/a2/a2e41cda0fbf3cd42aec10ab4fbe8577bb34c4eed1b965ca1e4612a2a674a85c/usr/lib64/libjpeg.so.8.3.2
7fed0e803000-7fed0e806000 r--p 00000000 08:01 23731623                   /home/toolchain/development/libc++_replacement/tmp/R11/extracted/12/12fb34fcc40539710ebe3ed74d9b66fa0f02a1bb0e154e5d8ddc395c04466364/lib64/libz.so.1.3.1
7fed0e806000-7fed0e812000 r-xp 00003000 08:01 23731623                   /home/toolchain/development/libc++_replacement/tmp/R11/extracted/12/12fb34fcc40539710ebe3ed74d9b66fa0f02a1bb0e154e5d8ddc395c04466364/lib64/libz.so.1.3.1
7fed0e812000-7fed0e818000 r--p 0000f000 08:01 23731623                   /home/toolchain/development/libc++_replacement/tmp/R11/extracted/12/12fb34fcc40539710ebe3ed74d9b66fa0f02a1bb0e154e5d8ddc395c04466364/lib64/libz.so.1.3.1
7fed0e818000-7fed0e819000 r--p 00015000 08:01 23731623                   /home/toolchain/development/libc++_replacement/tmp/R11/extracted/12/12fb34fcc40539710ebe3ed74d9b66fa0f02a1bb0e154e5d8ddc395c04466364/lib64/libz.so.1.3.1
7fed0e819000-7fed0e81a000 rw-p 00016000 08:01 23731623                   /home/toolchain/development/libc++_replacement/tmp/R11/extracted/12/12fb34fcc40539710ebe3ed74d9b66fa0f02a1bb0e154e5d8ddc395c04466364/lib64/libz.so.1.3.1
7fed0e81a000-7fed0e81f000 r--p 00000000 08:01 25824127                   /home/toolchain/development/libc++_replacement/tmp/R11/extracted/25/25dd2cce533e0ffc534108bdfc41f63c6c7ba6fbce3928dd549a82a2599b4a19/usr/lib64/libcapi-ui-inputmethod.so.0.11.6
7fed0e81f000-7fed0e825000 r-xp 00005000 08:01 25824127                   /home/toolchain/development/libc++_replacement/tmp/R11/extracted/25/25dd2cce533e0ffc534108bdfc41f63c6c7ba6fbce3928dd549a82a2599b4a19/usr/lib64/libcapi-ui-inputmethod.so.0.11.6
7fed0e825000-7fed0e829000 r--p 0000b000 08:01 25824127                   /home/toolchain/development/libc++_replacement/tmp/R11/extracted/25/25dd2cce533e0ffc534108bdfc41f63c6c7ba6fbce3928dd549a82a2599b4a19/usr/lib64/libcapi-ui-inputmethod.so.0.11.6
7fed0e829000-7fed0e82a000 r--p 0000e000 08:01 25824127                   /home/toolchain/development/libc++_replacement/tmp/R11/extracted/25/25dd2cce533e0ffc534108bdfc41f63c6c7ba6fbce3928dd549a82a2599b4a19/usr/lib64/libcapi-ui-inputmethod.so.0.11.6
7fed0e82a000-7fed0e82b000 rw-p 0000f000 08:01 25824127                   /home/toolchain/development/libc++_replacement/tmp/R11/extracted/25/25dd2cce533e0ffc534108bdfc41f63c6c7ba6fbce3928dd549a82a2599b4a19/usr/lib64/libcapi-ui-inputmethod.so.0.11.6
7fed0e82b000-7fed0e82d000 r--p 00000000 08:01 25714621                   /home/toolchain/development/libc++_replacement/tmp/R11/extracted/a2/a22eb8a32030f593796a558ab14cd9ba62b401ec24e52390615c9046c8ce0bdb/usr/lib64/libappcore-watch.so.1.7.25
7fed0e82d000-7fed0e82f000 r-xp 00002000 08:01 25714621                   /home/toolchain/development/libc++_replacement/tmp/R11/extracted/a2/a22eb8a32030f593796a558ab14cd9ba62b401ec24e52390615c9046c8ce0bdb/usr/lib64/libappcore-watch.so.1.7.25
7fed0e82f000-7fed0e831000 r--p 00004000 08:01 25714621                   /home/toolchain/development/libc++_replacement/tmp/R11/extracted/a2/a22eb8a32030f593796a558ab14cd9ba62b401ec24e52390615c9046c8ce0bdb/usr/lib64/libappcore-watch.so.1.7.25
7fed0e831000-7fed0e832000 r--p 00005000 08:01 25714621                   /home/toolchain/development/libc++_replacement/tmp/R11/extracted/a2/a22eb8a32030f593796a558ab14cd9ba62b401ec24e52390615c9046c8ce0bdb/usr/lib64/libappcore-watch.so.1.7.25
7fed0e832000-7fed0e833000 rw-p 00006000 08:01 25714621                   /home/toolchain/development/libc++_replacement/tmp/R11/extracted/a2/a22eb8a32030f593796a558ab14cd9ba62b401ec24e52390615c9046c8ce0bdb/usr/lib64/libappcore-watch.so.1.7.25
7fed0e833000-7fed0e839000 r--p 00000000 08:01 26089310                   /home/toolchain/development/libc++_replacement/tmp/R11/extracted/62/626d64e7b0eea393d3afc64b3eea36a95207cd50cbb65b6e841e28736734c70a/usr/lib64/libwayland-client.so.0.23.1
7fed0e839000-7fed0e840000 r-xp 00006000 08:01 26089310                   /home/toolchain/development/libc++_replacement/tmp/R11/extracted/62/626d64e7b0eea393d3afc64b3eea36a95207cd50cbb65b6e841e28736734c70a/usr/lib64/libwayland-client.so.0.23.1
7fed0e840000-7fed0e844000 r--p 0000d000 08:01 26089310                   /home/toolchain/development/libc++_replacement/tmp/R11/extracted/62/626d64e7b0eea393d3afc64b3eea36a95207cd50cbb65b6e841e28736734c70a/usr/lib64/libwayland-client.so.0.23.1
7fed0e844000-7fed0e846000 r--p 00010000 08:01 26089310                   /home/toolchain/development/libc++_replacement/tmp/R11/extracted/62/626d64e7b0eea393d3afc64b3eea36a95207cd50cbb65b6e841e28736734c70a/usr/lib64/libwayland-client.so.0.23.1
7fed0e846000-7fed0e847000 rw-p 00012000 08:01 26089310                   /home/toolchain/development/libc++_replacement/tmp/R11/extracted/62/626d64e7b0eea393d3afc64b3eea36a95207cd50cbb65b6e841e28736734c70a/usr/lib64/libwayland-client.so.0.23.1
7fed0e847000-7fed0e84d000 r--p 00000000 08:01 26089406                   /home/toolchain/development/libc++_replacement/tmp/R11/extracted/6e/6ea88a8be40d0a02d31f2d7f5b7e998e43bda209403c740d6385dc2b6b965039/usr/lib64/libtizen-extension-client.so.0.0.0
7fed0e84d000-7fed0e84e000 r-xp 00006000 08:01 26089406                   /home/toolchain/development/libc++_replacement/tmp/R11/extracted/6e/6ea88a8be40d0a02d31f2d7f5b7e998e43bda209403c740d6385dc2b6b965039/usr/lib64/libtizen-extension-client.so.0.0.0
7fed0e84e000-7fed0e84f000 r--p 00007000 08:01 26089406                   /home/toolchain/development/libc++_replacement/tmp/R11/extracted/6e/6ea88a8be40d0a02d31f2d7f5b7e998e43bda209403c740d6385dc2b6b965039/usr/lib64/libtizen-extension-client.so.0.0.0
7fed0e84f000-7fed0e851000 r--p 00008000 08:01 26089406                   /home/toolchain/development/libc++_replacement/tmp/R11/extracted/6e/6ea88a8be40d0a02d31f2d7f5b7e998e43bda209403c740d6385dc2b6b965039/usr/lib64/libtizen-extension-client.so.0.0.0
7fed0e851000-7fed0e852000 rw-p 0000a000 08:01 26089406                   /home/toolchain/development/libc++_replacement/tmp/R11/extracted/6e/6ea88a8be40d0a02d31f2d7f5b7e998e43bda209403c740d6385dc2b6b965039/usr/lib64/libtizen-extension-client.so.0.0.0
7fed0e852000-7fed0e855000 r--p 00000000 08:01 26089603                   /home/toolchain/development/libc++_replacement/tmp/R11/extracted/dc/dc8ad77d22cf9c9fd9268ad47f9c05af5298090bd485f043ef8f08f2f15444df/usr/lib64/libwebappenc.so.1.0.0
7fed0e855000-7fed0e85a000 r-xp 00003000 08:01 26089603                   /home/toolchain/development/libc++_replacement/tmp/R11/extracted/dc/dc8ad77d22cf9c9fd9268ad47f9c05af5298090bd485f043ef8f08f2f15444df/usr/lib64/libwebappenc.so.1.0.0
7fed0e85a000-7fed0e85d000 r--p 00008000 08:01 26089603                   /home/toolchain/development/libc++_replacement/tmp/R11/extracted/dc/dc8ad77d22cf9c9fd9268ad47f9c05af5298090bd485f043ef8f08f2f15444df/usr/lib64/libwebappenc.so.1.0.0
7fed0e85d000-7fed0e85e000 r--p 0000a000 08:01 26089603                   /home/toolchain/development/libc++_replacement/tmp/R11/extracted/dc/dc8ad77d22cf9c9fd9268ad47f9c05af5298090bd485f043ef8f08f2f15444df/usr/lib64/libwebappenc.so.1.0.0
7fed0e85e000-7fed0e85f000 rw-p 0000b000 08:01 26089603                   /home/toolchain/development/libc++_replacement/tmp/R11/extracted/dc/dc8ad77d22cf9c9fd9268ad47f9c05af5298090bd485f043ef8f08f2f15444df/usr/lib64/libwebappenc.so.1.0.0
7fed0e85f000-7fed0e866000 r--p 00000000 08:01 26086057                   /home/toolchain/development/libc++_replacement/tmp/R11/extracted/0e/0efe61aee8b21b7428b6e9450634250a37528da99fe5adccaaf1b4e7430ae291/usr/lib64/liblaunchpad.so.0.50.17
7fed0e866000-7fed0e86d000 r-xp 00007000 08:01 26086057                   /home/toolchain/development/libc++_replacement/tmp/R11/extracted/0e/0efe61aee8b21b7428b6e9450634250a37528da99fe5adccaaf1b4e7430ae291/usr/lib64/liblaunchpad.so.0.50.17
7fed0e86d000-7fed0e871000 r--p 0000e000 08:01 26086057                   /home/toolchain/development/libc++_replacement/tmp/R11/extracted/0e/0efe61aee8b21b7428b6e9450634250a37528da99fe5adccaaf1b4e7430ae291/usr/lib64/liblaunchpad.so.0.50.17
7fed0e871000-7fed0e872000 r--p 00011000 08:01 26086057                   /home/toolchain/development/libc++_replacement/tmp/R11/extracted/0e/0efe61aee8b21b7428b6e9450634250a37528da99fe5adccaaf1b4e7430ae291/usr/lib64/liblaunchpad.so.0.50.17
7fed0e872000-7fed0e873000 rw-p 00012000 08:01 26086057                   /home/toolchain/development/libc++_replacement/tmp/R11/extracted/0e/0efe61aee8b21b7428b6e9450634250a37528da99fe5adccaaf1b4e7430ae291/usr/lib64/liblaunchpad.so.0.50.17
7fed0e873000-7fed0e875000 r--p 00000000 08:01 26083945                   /home/toolchain/development/libc++_replacement/tmp/R11/extracted/d8/d8a6c8aea987eb4dd144cea29aa6edf069e6f7048e0d464aeee0819d8984767d/usr/lib64/libcynara-creds-self.so.0.26.0
7fed0e875000-7fed0e877000 r-xp 00002000 08:01 26083945                   /home/toolchain/development/libc++_replacement/tmp/R11/extracted/d8/d8a6c8aea987eb4dd144cea29aa6edf069e6f7048e0d464aeee0819d8984767d/usr/lib64/libcynara-creds-self.so.0.26.0
7fed0e877000-7fed0e878000 r--p 00004000 08:01 26083945                   /home/toolchain/development/libc++_replacement/tmp/R11/extracted/d8/d8a6c8aea987eb4dd144cea29aa6edf069e6f7048e0d464aeee0819d8984767d/usr/lib64/libcynara-creds-self.so.0.26.0
7fed0e878000-7fed0e879000 r--p 00004000 08:01 26083945                   /home/toolchain/development/libc++_replacement/tmp/R11/extracted/d8/d8a6c8aea987eb4dd144cea29aa6edf069e6f7048e0d464aeee0819d8984767d/usr/lib64/libcynara-creds-self.so.0.26.0
7fed0e879000-7fed0e87a000 rw-p 00005000 08:01 26083945                   /home/toolchain/development/libc++_replacement/tmp/R11/extracted/d8/d8a6c8aea987eb4dd144cea29aa6edf069e6f7048e0d464aeee0819d8984767d/usr/lib64/libcynara-creds-self.so.0.26.0
7fed0e87a000-7fed0e87c000 r--p 00000000 08:01 26083925                   /home/toolchain/development/libc++_replacement/tmp/R11/extracted/56/566dfdf8a9cfe95434b1b1ea5ee3d54a86da7d6a465cb718cac7ff698b15aacc/usr/lib64/libcynara-creds-pid.so.0.26.0
7fed0e87c000-7fed0e87f000 r-xp 00002000 08:01 26083925                   /home/toolchain/development/libc++_replacement/tmp/R11/extracted/56/566dfdf8a9cfe95434b1b1ea5ee3d54a86da7d6a465cb718cac7ff698b15aacc/usr/lib64/libcynara-creds-pid.so.0.26.0
7fed0e87f000-7fed0e880000 r--p 00005000 08:01 26083925                   /home/toolchain/development/libc++_replacement/tmp/R11/extracted/56/566dfdf8a9cfe95434b1b1ea5ee3d54a86da7d6a465cb718cac7ff698b15aacc/usr/lib64/libcynara-creds-pid.so.0.26.0
7fed0e880000-7fed0e881000 r--p 00005000 08:01 26083925                   /home/toolchain/development/libc++_replacement/tmp/R11/extracted/56/566dfdf8a9cfe95434b1b1ea5ee3d54a86da7d6a465cb718cac7ff698b15aacc/usr/lib64/libcynara-creds-pid.so.0.26.0
7fed0e881000-7fed0e882000 rw-p 00006000 08:01 26083925                   /home/toolchain/development/libc++_replacement/tmp/R11/extracted/56/566dfdf8a9cfe95434b1b1ea5ee3d54a86da7d6a465cb718cac7ff698b15aacc/usr/lib64/libcynara-creds-pid.so.0.26.0
7fed0e882000-7fed0e885000 r--p 00000000 08:01 26083839                   /home/toolchain/development/libc++_replacement/tmp/R11/extracted/95/95baaefb26a50408eb4d7f5426aa17e1af2d62788151eb7b2113e095e0adcc37/usr/lib64/libcynara-client.so.0.26.0
7fed0e885000-7fed0e88c000 r-xp 00003000 08:01 26083839                   /home/toolchain/development/libc++_replacement/tmp/R11/extracted/95/95baaefb26a50408eb4d7f5426aa17e1af2d62788151eb7b2113e095e0adcc37/usr/lib64/libcynara-client.so.0.26.0
7fed0e88c000-7fed0e88e000 r--p 0000a000 08:01 26083839                   /home/toolchain/development/libc++_replacement/tmp/R11/extracted/95/95baaefb26a50408eb4d7f5426aa17e1af2d62788151eb7b2113e095e0adcc37/usr/lib64/libcynara-client.so.0.26.0
7fed0e88e000-7fed0e88f000 r--p 0000c000 08:01 26083839                   /home/toolchain/development/libc++_replacement/tmp/R11/extracted/95/95baaefb26a50408eb4d7f5426aa17e1af2d62788151eb7b2113e095e0adcc37/usr/lib64/libcynara-client.so.0.26.0
7fed0e88f000-7fed0e890000 rw-p 0000d000 08:01 26083839                   /home/toolchain/development/libc++_replacement/tmp/R11/extracted/95/95baaefb26a50408eb4d7f5426aa17e1af2d62788151eb7b2113e095e0adcc37/usr/lib64/libcynara-client.so.0.26.0
7fed0e890000-7fed0e89c000 r--p 00000000 08:01 25821195                   /home/toolchain/development/libc++_replacement/tmp/R11/extracted/e6/e6a861fe4b11824bcdfe69c7461bc524938667ca3a03897418ee4e4554a3886e/usr/lib64/libbundle.so.0.18.15
7fed0e89c000-7fed0e8ab000 r-xp 0000c000 08:01 25821195                   /home/toolchain/development/libc++_replacement/tmp/R11/extracted/e6/e6a861fe4b11824bcdfe69c7461bc524938667ca3a03897418ee4e4554a3886e/usr/lib64/libbundle.so.0.18.15
7fed0e8ab000-7fed0e8b1000 r--p 0001b000 08:01 25821195                   /home/toolchain/development/libc++_replacement/tmp/R11/extracted/e6/e6a861fe4b11824bcdfe69c7461bc524938667ca3a03897418ee4e4554a3886e/usr/lib64/libbundle.so.0.18.15
7fed0e8b1000-7fed0e8b2000 r--p 00020000 08:01 25821195                   /home/toolchain/development/libc++_replacement/tmp/R11/extracted/e6/e6a861fe4b11824bcdfe69c7461bc524938667ca3a03897418ee4e4554a3886e/usr/lib64/libbundle.so.0.18.15
7fed0e8b2000-7fed0e8b3000 rw-p 00021000 08:01 25821195                   /home/toolchain/development/libc++_replacement/tmp/R11/extracted/e6/e6a861fe4b11824bcdfe69c7461bc524938667ca3a03897418ee4e4554a3886e/usr/lib64/libbundle.so.0.18.15
7fed0e8b3000-7fed0e8e5000 r--p 00000000 08:01 25716647                   /home/toolchain/development/libc++_replacement/tmp/R11/extracted/69/69a66bf21fe7e6ba583831be02eab8b25eb5b9e842da34e562195d8b1fe607ca/usr/lib64/libaul.so.0.84.11
7fed0e8e5000-7fed0e949000 r-xp 00032000 08:01 25716647                   /home/toolchain/development/libc++_replacement/tmp/R11/extracted/69/69a66bf21fe7e6ba583831be02eab8b25eb5b9e842da34e562195d8b1fe607ca/usr/lib64/libaul.so.0.84.11
7fed0e949000-7fed0e973000 r--p 00096000 08:01 25716647                   /home/toolchain/development/libc++_replacement/tmp/R11/extracted/69/69a66bf21fe7e6ba583831be02eab8b25eb5b9e842da34e562195d8b1fe607ca/usr/lib64/libaul.so.0.84.11
7fed0e973000-7fed0e975000 r--p 000bf000 08:01 25716647                   /home/toolchain/development/libc++_replacement/tmp/R11/extracted/69/69a66bf21fe7e6ba583831be02eab8b25eb5b9e842da34e562195d8b1fe607ca/usr/lib64/libaul.so.0.84.11
7fed0e975000-7fed0e978000 rw-p 000c1000 08:01 25716647                   /home/toolchain/development/libc++_replacement/tmp/R11/extracted/69/69a66bf21fe7e6ba583831be02eab8b25eb5b9e842da34e562195d8b1fe607ca/usr/lib64/libaul.so.0.84.11
7fed0e978000-7fed0e97a000 r--p 00000000 08:01 25714424                   /home/toolchain/development/libc++_replacement/tmp/R11/extracted/c3/c3d22a505a18075e3ffa2d8906fbef5244a37495d1b4b4d03c0fd415e1a5fbfc/usr/lib64/libappsvc.so.0.1.0
7fed0e97a000-7fed0e97b000 r-xp 00002000 08:01 25714424                   /home/toolchain/development/libc++_replacement/tmp/R11/extracted/c3/c3d22a505a18075e3ffa2d8906fbef5244a37495d1b4b4d03c0fd415e1a5fbfc/usr/lib64/libappsvc.so.0.1.0
7fed0e97b000-7fed0e97c000 r--p 00003000 08:01 25714424                   /home/toolchain/development/libc++_replacement/tmp/R11/extracted/c3/c3d22a505a18075e3ffa2d8906fbef5244a37495d1b4b4d03c0fd415e1a5fbfc/usr/lib64/libappsvc.so.0.1.0
7fed0e97c000-7fed0e97d000 r--p 00003000 08:01 25714424                   /home/toolchain/development/libc++_replacement/tmp/R11/extracted/c3/c3d22a505a18075e3ffa2d8906fbef5244a37495d1b4b4d03c0fd415e1a5fbfc/usr/lib64/libappsvc.so.0.1.0
7fed0e97d000-7fed0e97e000 rw-p 00004000 08:01 25714424                   /home/toolchain/development/libc++_replacement/tmp/R11/extracted/c3/c3d22a505a18075e3ffa2d8906fbef5244a37495d1b4b4d03c0fd415e1a5fbfc/usr/lib64/libappsvc.so.0.1.0
7fed0e97e000-7fed0e985000 r--p 00000000 08:01 25954518                   /home/toolchain/development/libc++_replacement/tmp/R11/extracted/a4/a475207de28a5a6071d20b4b2a8fd1d70012dca57ce0e81108e8011301462a91/usr/lib64/libfontconfig.so.1.12.0
7fed0e985000-7fed0e9a6000 r-xp 00007000 08:01 25954518                   /home/toolchain/development/libc++_replacement/tmp/R11/extracted/a4/a475207de28a5a6071d20b4b2a8fd1d70012dca57ce0e81108e8011301462a91/usr/lib64/libfontconfig.so.1.12.0
7fed0e9a6000-7fed0e9bd000 r--p 00028000 08:01 25954518                   /home/toolchain/development/libc++_replacement/tmp/R11/extracted/a4/a475207de28a5a6071d20b4b2a8fd1d70012dca57ce0e81108e8011301462a91/usr/lib64/libfontconfig.so.1.12.0
7fed0e9bd000-7fed0e9bf000 r--p 0003f000 08:01 25954518                   /home/toolchain/development/libc++_replacement/tmp/R11/extracted/a4/a475207de28a5a6071d20b4b2a8fd1d70012dca57ce0e81108e8011301462a91/usr/lib64/libfontconfig.so.1.12.0
7fed0e9bf000-7fed0e9c0000 rw-p 00041000 08:01 25954518                   /home/toolchain/development/libc++_replacement/tmp/R11/extracted/a4/a475207de28a5a6071d20b4b2a8fd1d70012dca57ce0e81108e8011301462a91/usr/lib64/libfontconfig.so.1.12.0
7fed0e9c0000-7fed0e9cd000 r--p 00000000 08:01 25833205                   /home/toolchain/development/libc++_replacement/tmp/R11/extracted/60/601387b7ea2bd783c17c7d962709c8135ce3517374d8c92302b0d0bfefba4836/usr/lib64/libdbus-1.so.3.19.13
7fed0e9cd000-7fed0e9f7000 r-xp 0000d000 08:01 25833205                   /home/toolchain/development/libc++_replacement/tmp/R11/extracted/60/601387b7ea2bd783c17c7d962709c8135ce3517374d8c92302b0d0bfefba4836/usr/lib64/libdbus-1.so.3.19.13
7fed0e9f7000-7fed0ea09000 r--p 00037000 08:01 25833205                   /home/toolchain/development/libc++_replacement/tmp/R11/extracted/60/601387b7ea2bd783c17c7d962709c8135ce3517374d8c92302b0d0bfefba4836/usr/lib64/libdbus-1.so.3.19.13
7fed0ea09000-7fed0ea0b000 rw-p 00049000 08:01 25833205                   /home/toolchain/development/libc++_replacement/tmp/R11/extracted/60/601387b7ea2bd783c17c7d962709c8135ce3517374d8c92302b0d0bfefba4836/usr/lib64/libdbus-1.so.3.19.13
7fed0ea0b000-7fed0ea4d000 r--p 00000000 08:01 25861320                   /home/toolchain/development/libc++_replacement/tmp/R11/extracted/81/81f15d544a17a15af43bbf75dd529db933bd56a6de08c2ea5c3aa6c8b57a251c/usr/lib64/libesplusplayer.so
7fed0ea4d000-7fed0ea79000 r-xp 00042000 08:01 25861320                   /home/toolchain/development/libc++_replacement/tmp/R11/extracted/81/81f15d544a17a15af43bbf75dd529db933bd56a6de08c2ea5c3aa6c8b57a251c/usr/lib64/libesplusplayer.so
7fed0ea79000-7fed0ea94000 r--p 0006e000 08:01 25861320                   /home/toolchain/development/libc++_replacement/tmp/R11/extracted/81/81f15d544a17a15af43bbf75dd529db933bd56a6de08c2ea5c3aa6c8b57a251c/usr/lib64/libesplusplayer.so
7fed0ea94000-7fed0ea97000 r--p 00088000 08:01 25861320                   /home/toolchain/development/libc++_replacement/tmp/R11/extracted/81/81f15d544a17a15af43bbf75dd529db933bd56a6de08c2ea5c3aa6c8b57a251c/usr/lib64/libesplusplayer.so
7fed0ea97000-7fed0ea99000 rw-p 0008b000 08:01 25861320                   /home/toolchain/development/libc++_replacement/tmp/R11/extracted/81/81f15d544a17a15af43bbf75dd529db933bd56a6de08c2ea5c3aa6c8b57a251c/usr/lib64/libesplusplayer.so
7fed0ea99000-7fed0eaa0000 r--p 00000000 08:01 25822423                   /home/toolchain/development/libc++_replacement/tmp/R11/extracted/47/47581cd3d3b281f80d3b6829bd7c19f01e4dfd169d4352f350554d3a8146c771/usr/lib64/libcapi-media-sound-manager.so.0.7.19
7fed0eaa0000-7fed0eab6000 r-xp 00007000 08:01 25822423                   /home/toolchain/development/libc++_replacement/tmp/R11/extracted/47/47581cd3d3b281f80d3b6829bd7c19f01e4dfd169d4352f350554d3a8146c771/usr/lib64/libcapi-media-sound-manager.so.0.7.19
7fed0eab6000-7fed0eac0000 r--p 0001d000 08:01 25822423                   /home/toolchain/development/libc++_replacement/tmp/R11/extracted/47/47581cd3d3b281f80d3b6829bd7c19f01e4dfd169d4352f350554d3a8146c771/usr/lib64/libcapi-media-sound-manager.so.0.7.19
7fed0eac0000-7fed0eac1000 r--p 00026000 08:01 25822423                   /home/toolchain/development/libc++_replacement/tmp/R11/extracted/47/47581cd3d3b281f80d3b6829bd7c19f01e4dfd169d4352f350554d3a8146c771/usr/lib64/libcapi-media-sound-manager.so.0.7.19
7fed0eac1000-7fed0eac2000 rw-p 00027000 08:01 25822423                   /home/toolchain/development/libc++_replacement/tmp/R11/extracted/47/47581cd3d3b281f80d3b6829bd7c19f01e4dfd169d4352f350554d3a8146c771/usr/lib64/libcapi-media-sound-manager.so.0.7.19
7fed0eac2000-7fed0eac3000 rw-p 00000000 00:00 0 
7fed0eac3000-7fed0eac5000 r--p 00000000 08:01 26088966                   /home/toolchain/development/libc++_replacement/tmp/R11/extracted/ad/ad4af909f8d8f80ae029d0a9b0e88624ebca01155a39579ff7422012cd9f472c/usr/lib64/libtzplatform-config-2.0.so.2.0.0
7fed0eac5000-7fed0eac8000 r-xp 00002000 08:01 26088966                   /home/toolchain/development/libc++_replacement/tmp/R11/extracted/ad/ad4af909f8d8f80ae029d0a9b0e88624ebca01155a39579ff7422012cd9f472c/usr/lib64/libtzplatform-config-2.0.so.2.0.0
7fed0eac8000-7fed0eacb000 r--p 00005000 08:01 26088966                   /home/toolchain/development/libc++_replacement/tmp/R11/extracted/ad/ad4af909f8d8f80ae029d0a9b0e88624ebca01155a39579ff7422012cd9f472c/usr/lib64/libtzplatform-config-2.0.so.2.0.0
7fed0eacb000-7fed0eacc000 r--p 00007000 08:01 26088966                   /home/toolchain/development/libc++_replacement/tmp/R11/extracted/ad/ad4af909f8d8f80ae029d0a9b0e88624ebca01155a39579ff7422012cd9f472c/usr/lib64/libtzplatform-config-2.0.so.2.0.0
7fed0eacc000-7fed0eacd000 rw-p 00008000 08:01 26088966                   /home/toolchain/development/libc++_replacement/tmp/R11/extracted/ad/ad4af909f8d8f80ae029d0a9b0e88624ebca01155a39579ff7422012cd9f472c/usr/lib64/libtzplatform-config-2.0.so.2.0.0
7fed0eacd000-7fed0ead7000 rw-p 00000000 00:00 0 
7fed0ead7000-7fed0eadf000 r--p 00000000 08:01 26087789                   /home/toolchain/development/libc++_replacement/tmp/R11/extracted/a7/a7847b1b255ad6080ab6100e9e7cc1fdf9c01a347c867e4ed41d109d7d61db75/usr/lib64/libsecurity-manager-client.so.3.0.0
7fed0eadf000-7fed0eb11000 r-xp 00008000 08:01 26087789                   /home/toolchain/development/libc++_replacement/tmp/R11/extracted/a7/a7847b1b255ad6080ab6100e9e7cc1fdf9c01a347c867e4ed41d109d7d61db75/usr/lib64/libsecurity-manager-client.so.3.0.0
7fed0eb11000-7fed0eb1d000 r--p 0003a000 08:01 26087789                   /home/toolchain/development/libc++_replacement/tmp/R11/extracted/a7/a7847b1b255ad6080ab6100e9e7cc1fdf9c01a347c867e4ed41d109d7d61db75/usr/lib64/libsecurity-manager-client.so.3.0.0
7fed0eb1d000-7fed0eb1e000 r--p 00045000 08:01 26087789                   /home/toolchain/development/libc++_replacement/tmp/R11/extracted/a7/a7847b1b255ad6080ab6100e9e7cc1fdf9c01a347c867e4ed41d109d7d61db75/usr/lib64/libsecurity-manager-client.so.3.0.0
7fed0eb1e000-7fed0eb1f000 rw-p 00046000 08:01 26087789                   /home/toolchain/development/libc++_replacement/tmp/R11/extracted/a7/a7847b1b255ad6080ab6100e9e7cc1fdf9c01a347c867e4ed41d109d7d61db75/usr/lib64/libsecurity-manager-client.so.3.0.0
7fed0eb1f000-7fed0eb21000 rw-p 00000000 00:00 0 
7fed0eb21000-7fed0eb3b000 r--p 00000000 08:01 23629698                   /home/toolchain/development/libc++_replacement/tmp/R11/extracted/e2/e222622001e775e93cf6c80877dbf05524a7b18c411a4ec94cab6ab5026a00e6/usr/lib64/libnss3.so
7fed0eb3b000-7fed0ebe8000 r-xp 0001a000 08:01 23629698                   /home/toolchain/development/libc++_replacement/tmp/R11/extracted/e2/e222622001e775e93cf6c80877dbf05524a7b18c411a4ec94cab6ab5026a00e6/usr/lib64/libnss3.so
7fed0ebe8000-7fed0ec17000 r--p 000c7000 08:01 23629698                   /home/toolchain/development/libc++_replacement/tmp/R11/extracted/e2/e222622001e775e93cf6c80877dbf05524a7b18c411a4ec94cab6ab5026a00e6/usr/lib64/libnss3.so
7fed0ec17000-7fed0ec1e000 r--p 000f6000 08:01 23629698                   /home/toolchain/development/libc++_replacement/tmp/R11/extracted/e2/e222622001e775e93cf6c80877dbf05524a7b18c411a4ec94cab6ab5026a00e6/usr/lib64/libnss3.so
7fed0ec1e000-7fed0ec1f000 rw-p 000fd000 08:01 23629698                   /home/toolchain/development/libc++_replacement/tmp/R11/extracted/e2/e222622001e775e93cf6c80877dbf05524a7b18c411a4ec94cab6ab5026a00e6/usr/lib64/libnss3.so
7fed0ec1f000-7fed0ec21000 rw-p 00000000 00:00 0 
7fed0ec21000-7fed0ec8e000 r--p 00000000 08:01 23622770                   /home/toolchain/development/libc++_replacement/tmp/R11/extracted/84/8477c684d513edca7d64706710711e51c74cfc270048526e4cd3604d0dc19c47/usr/lib64/libicuuc.so.78.1
7fed0ec8e000-7fed0ed59000 r-xp 0006d000 08:01 23622770                   /home/toolchain/development/libc++_replacement/tmp/R11/extracted/84/8477c684d513edca7d64706710711e51c74cfc270048526e4cd3604d0dc19c47/usr/lib64/libicuuc.so.78.1
7fed0ed59000-7fed0ede8000 r--p 00138000 08:01 23622770                   /home/toolchain/development/libc++_replacement/tmp/R11/extracted/84/8477c684d513edca7d64706710711e51c74cfc270048526e4cd3604d0dc19c47/usr/lib64/libicuuc.so.78.1
7fed0ede8000-7fed0edfb000 r--p 001c6000 08:01 23622770                   /home/toolchain/development/libc++_replacement/tmp/R11/extracted/84/8477c684d513edca7d64706710711e51c74cfc270048526e4cd3604d0dc19c47/usr/lib64/libicuuc.so.78.1
7fed0edfb000-7fed0edfc000 rw-p 001d9000 08:01 23622770                   /home/toolchain/development/libc++_replacement/tmp/R11/extracted/84/8477c684d513edca7d64706710711e51c74cfc270048526e4cd3604d0dc19c47/usr/lib64/libicuuc.so.78.1
7fed0edfc000-7fed0ee00000 rw-p 00000000 00:00 0 
7fed0ee00000-7fed0ef15000 r--p 00000000 08:01 23622633                   /home/toolchain/development/libc++_replacement/tmp/R11/extracted/84/8477c684d513edca7d64706710711e51c74cfc270048526e4cd3604d0dc19c47/usr/lib64/libicui18n.so.78.1
7fed0ef15000-7fed0f081000 r-xp 00115000 08:01 23622633                   /home/toolchain/development/libc++_replacement/tmp/R11/extracted/84/8477c684d513edca7d64706710711e51c74cfc270048526e4cd3604d0dc19c47/usr/lib64/libicui18n.so.78.1
7fed0f081000-7fed0f102000 r--p 00281000 08:01 23622633                   /home/toolchain/development/libc++_replacement/tmp/R11/extracted/84/8477c684d513edca7d64706710711e51c74cfc270048526e4cd3604d0dc19c47/usr/lib64/libicui18n.so.78.1
7fed0f102000-7fed0f113000 r--p 00302000 08:01 23622633                   /home/toolchain/development/libc++_replacement/tmp/R11/extracted/84/8477c684d513edca7d64706710711e51c74cfc270048526e4cd3604d0dc19c47/usr/lib64/libicui18n.so.78.1
7fed0f113000-7fed0f115000 rw-p 00313000 08:01 23622633                   /home/toolchain/development/libc++_replacement/tmp/R11/extracted/84/8477c684d513edca7d64706710711e51c74cfc270048526e4cd3604d0dc19c47/usr/lib64/libicui18n.so.78.1
7fed0f115000-7fed0f116000 rw-p 00000000 00:00 0 
7fed0f116000-7fed0f117000 r--p 00000000 08:01 25345794                   /home/toolchain/development/libc++_replacement/tmp/R11/extracted/f1/f17d337c85addd0a99315e1cbb6a1af911fdd00bcc7bcb50fa5cdb35ae488e02/usr/lib64/libecore_imf_evas.so.1.25.1
7fed0f117000-7fed0f118000 r-xp 00001000 08:01 25345794                   /home/toolchain/development/libc++_replacement/tmp/R11/extracted/f1/f17d337c85addd0a99315e1cbb6a1af911fdd00bcc7bcb50fa5cdb35ae488e02/usr/lib64/libecore_imf_evas.so.1.25.1
7fed0f118000-7fed0f119000 r--p 00002000 08:01 25345794                   /home/toolchain/development/libc++_replacement/tmp/R11/extracted/f1/f17d337c85addd0a99315e1cbb6a1af911fdd00bcc7bcb50fa5cdb35ae488e02/usr/lib64/libecore_imf_evas.so.1.25.1
7fed0f119000-7fed0f11a000 r--p 00002000 08:01 25345794                   /home/toolchain/development/libc++_replacement/tmp/R11/extracted/f1/f17d337c85addd0a99315e1cbb6a1af911fdd00bcc7bcb50fa5cdb35ae488e02/usr/lib64/libecore_imf_evas.so.1.25.1
7fed0f11a000-7fed0f11b000 rw-p 00003000 08:01 25345794                   /home/toolchain/development/libc++_replacement/tmp/R11/extracted/f1/f17d337c85addd0a99315e1cbb6a1af911fdd00bcc7bcb50fa5cdb35ae488e02/usr/lib64/libecore_imf_evas.so.1.25.1
7fed0f11b000-7fed0f128000 r--p 00000000 08:01 25821479                   /home/toolchain/development/libc++_replacement/tmp/R11/extracted/23/2374eef75f0010963c1f48deae26a5a93cfb8557d2bec6d178bdeae0d9bcf05d/usr/lib64/libcapi-appfw-app-control.so.0.26.2
7fed0f128000-7fed0f136000 r-xp 0000d000 08:01 25821479                   /home/toolchain/development/libc++_replacement/tmp/R11/extracted/23/2374eef75f0010963c1f48deae26a5a93cfb8557d2bec6d178bdeae0d9bcf05d/usr/lib64/libcapi-appfw-app-control.so.0.26.2
7fed0f136000-7fed0f13d000 r--p 0001b000 08:01 25821479                   /home/toolchain/development/libc++_replacement/tmp/R11/extracted/23/2374eef75f0010963c1f48deae26a5a93cfb8557d2bec6d178bdeae0d9bcf05d/usr/lib64/libcapi-appfw-app-control.so.0.26.2
7fed0f13d000-7fed0f13e000 r--p 00021000 08:01 25821479                   /home/toolchain/development/libc++_replacement/tmp/R11/extracted/23/2374eef75f0010963c1f48deae26a5a93cfb8557d2bec6d178bdeae0d9bcf05d/usr/lib64/libcapi-appfw-app-control.so.0.26.2
7fed0f13e000-7fed0f13f000 rw-p 00022000 08:01 25821479                   /home/toolchain/development/libc++_replacement/tmp/R11/extracted/23/2374eef75f0010963c1f48deae26a5a93cfb8557d2bec6d178bdeae0d9bcf05d/usr/lib64/libcapi-appfw-app-control.so.0.26.2
7fed0f13f000-7fed0f146000 r--p 00000000 08:01 25823869                   /home/toolchain/development/libc++_replacement/tmp/R11/extracted/2e/2efdc4af985c3e3c7079941938cbddcdb89a13aefeb09446cdfb03a07d1a6100/usr/lib64/libcapi-system-sensor.so.0.2.5
7fed0f146000-7fed0f14d000 r-xp 00007000 08:01 25823869                   /home/toolchain/development/libc++_replacement/tmp/R11/extracted/2e/2efdc4af985c3e3c7079941938cbddcdb89a13aefeb09446cdfb03a07d1a6100/usr/lib64/libcapi-system-sensor.so.0.2.5
7fed0f14d000-7fed0f151000 r--p 0000e000 08:01 25823869                   /home/toolchain/development/libc++_replacement/tmp/R11/extracted/2e/2efdc4af985c3e3c7079941938cbddcdb89a13aefeb09446cdfb03a07d1a6100/usr/lib64/libcapi-system-sensor.so.0.2.5
7fed0f151000-7fed0f152000 r--p 00011000 08:01 25823869                   /home/toolchain/development/libc++_replacement/tmp/R11/extracted/2e/2efdc4af985c3e3c7079941938cbddcdb89a13aefeb09446cdfb03a07d1a6100/usr/lib64/libcapi-system-sensor.so.0.2.5
7fed0f152000-7fed0f153000 rw-p 00012000 08:01 25823869                   /home/toolchain/development/libc++_replacement/tmp/R11/extracted/2e/2efdc4af985c3e3c7079941938cbddcdb89a13aefeb09446cdfb03a07d1a6100/usr/lib64/libcapi-system-sensor.so.0.2.5
7fed0f153000-7fed0f154000 rw-p 00000000 00:00 0 
7fed0f154000-7fed0f15d000 r--p 00000000 08:01 23629702                   /home/toolchain/development/libc++_replacement/tmp/R11/extracted/e2/e222622001e775e93cf6c80877dbf05524a7b18c411a4ec94cab6ab5026a00e6/usr/lib64/libsmime3.so
7fed0f15d000-7fed0f172000 r-xp 00009000 08:01 23629702                   /home/toolchain/development/libc++_replacement/tmp/R11/extracted/e2/e222622001e775e93cf6c80877dbf05524a7b18c411a4ec94cab6ab5026a00e6/usr/lib64/libsmime3.so
7fed0f172000-7fed0f178000 r--p 0001e000 08:01 23629702                   /home/toolchain/development/libc++_replacement/tmp/R11/extracted/e2/e222622001e775e93cf6c80877dbf05524a7b18c411a4ec94cab6ab5026a00e6/usr/lib64/libsmime3.so
7fed0f178000-7fed0f17b000 r--p 00023000 08:01 23629702                   /home/toolchain/development/libc++_replacement/tmp/R11/extracted/e2/e222622001e775e93cf6c80877dbf05524a7b18c411a4ec94cab6ab5026a00e6/usr/lib64/libsmime3.so
7fed0f17b000-7fed0f17c000 rw-p 00026000 08:01 23629702                   /home/toolchain/development/libc++_replacement/tmp/R11/extracted/e2/e222622001e775e93cf6c80877dbf05524a7b18c411a4ec94cab6ab5026a00e6/usr/lib64/libsmime3.so
7fed0f17c000-7fed0f189000 r--p 00000000 08:01 23629701                   /home/toolchain/development/libc++_replacement/tmp/R11/extracted/e2/e222622001e775e93cf6c80877dbf05524a7b18c411a4ec94cab6ab5026a00e6/usr/lib64/libnssutil3.so
7fed0f189000-7fed0f198000 r-xp 0000d000 08:01 23629701                   /home/toolchain/development/libc++_replacement/tmp/R11/extracted/e2/e222622001e775e93cf6c80877dbf05524a7b18c411a4ec94cab6ab5026a00e6/usr/lib64/libnssutil3.so
7fed0f198000-7fed0f1a3000 r--p 0001c000 08:01 23629701                   /home/toolchain/development/libc++_replacement/tmp/R11/extracted/e2/e222622001e775e93cf6c80877dbf05524a7b18c411a4ec94cab6ab5026a00e6/usr/lib64/libnssutil3.so
7fed0f1a3000-7fed0f1aa000 r--p 00027000 08:01 23629701                   /home/toolchain/development/libc++_replacement/tmp/R11/extracted/e2/e222622001e775e93cf6c80877dbf05524a7b18c411a4ec94cab6ab5026a00e6/usr/lib64/libnssutil3.so
7fed0f1aa000-7fed0f1ab000 rw-p 0002e000 08:01 23629701                   /home/toolchain/development/libc++_replacement/tmp/R11/extracted/e2/e222622001e775e93cf6c80877dbf05524a7b18c411a4ec94cab6ab5026a00e6/usr/lib64/libnssutil3.so
7fed0f1ab000-7fed0f1b7000 r--p 00000000 08:01 23629631                   /home/toolchain/development/libc++_replacement/tmp/R11/extracted/1b/1b1e0c06f14e8cdd3e58db640159ac4e12089b52793ac3f1f73079d5be9493b5/usr/lib64/libnspr4.so
7fed0f1b7000-7fed0f1d3000 r-xp 0000c000 08:01 23629631                   /home/toolchain/development/libc++_replacement/tmp/R11/extracted/1b/1b1e0c06f14e8cdd3e58db640159ac4e12089b52793ac3f1f73079d5be9493b5/usr/lib64/libnspr4.so
7fed0f1d3000-7fed0f1de000 r--p 00028000 08:01 23629631                   /home/toolchain/development/libc++_replacement/tmp/R11/extracted/1b/1b1e0c06f14e8cdd3e58db640159ac4e12089b52793ac3f1f73079d5be9493b5/usr/lib64/libnspr4.so
7fed0f1de000-7fed0f1e0000 r--p 00032000 08:01 23629631                   /home/toolchain/development/libc++_replacement/tmp/R11/extracted/1b/1b1e0c06f14e8cdd3e58db640159ac4e12089b52793ac3f1f73079d5be9493b5/usr/lib64/libnspr4.so
7fed0f1e0000-7fed0f1e1000 rw-p 00034000 08:01 23629631                   /home/toolchain/development/libc++_replacement/tmp/R11/extracted/1b/1b1e0c06f14e8cdd3e58db640159ac4e12089b52793ac3f1f73079d5be9493b5/usr/lib64/libnspr4.so
7fed0f1e1000-7fed0f1e4000 rw-p 00000000 00:00 0 
7fed0f1e4000-7fed0f1f0000 r--p 00000000 08:01 26004566                   /home/toolchain/development/libc++_replacement/tmp/R11/extracted/13/130cb9ce0ab2b3bfe89db04629e44f7b9d35ca038c71c00198b93c379a23795e/usr/lib64/libatk-bridge-2.0.so.0.0.0
7fed0f1f0000-7fed0f205000 r-xp 0000c000 08:01 26004566                   /home/toolchain/development/libc++_replacement/tmp/R11/extracted/13/130cb9ce0ab2b3bfe89db04629e44f7b9d35ca038c71c00198b93c379a23795e/usr/lib64/libatk-bridge-2.0.so.0.0.0
7fed0f205000-7fed0f212000 r--p 00021000 08:01 26004566                   /home/toolchain/development/libc++_replacement/tmp/R11/extracted/13/130cb9ce0ab2b3bfe89db04629e44f7b9d35ca038c71c00198b93c379a23795e/usr/lib64/libatk-bridge-2.0.so.0.0.0
7fed0f212000-7fed0f213000 r--p 0002e000 08:01 26004566                   /home/toolchain/development/libc++_replacement/tmp/R11/extracted/13/130cb9ce0ab2b3bfe89db04629e44f7b9d35ca038c71c00198b93c379a23795e/usr/lib64/libatk-bridge-2.0.so.0.0.0
7fed0f213000-7fed0f215000 rw-p 0002f000 08:01 26004566                   /home/toolchain/development/libc++_replacement/tmp/R11/extracted/13/130cb9ce0ab2b3bfe89db04629e44f7b9d35ca038c71c00198b93c379a23795e/usr/lib64/libatk-bridge-2.0.so.0.0.0
7fed0f215000-7fed0f216000 rw-p 00000000 00:00 0 
7fed0f216000-7fed0f225000 r--p 00000000 08:01 26085460                   /home/toolchain/development/libc++_replacement/tmp/R11/extracted/e4/e41cd6fb69e5ce4b5df0549d05d30debb1bb74f0bb9e6f16412063a99dd31b6a/usr/lib64/libgobject-2.0.so.0.8000.5
7fed0f225000-7fed0f24f000 r-xp 0000f000 08:01 26085460                   /home/toolchain/development/libc++_replacement/tmp/R11/extracted/e4/e41cd6fb69e5ce4b5df0549d05d30debb1bb74f0bb9e6f16412063a99dd31b6a/usr/lib64/libgobject-2.0.so.0.8000.5
7fed0f24f000-7fed0f266000 r--p 00039000 08:01 26085460                   /home/toolchain/development/libc++_replacement/tmp/R11/extracted/e4/e41cd6fb69e5ce4b5df0549d05d30debb1bb74f0bb9e6f16412063a99dd31b6a/usr/lib64/libgobject-2.0.so.0.8000.5
7fed0f266000-7fed0f269000 r--p 00050000 08:01 26085460                   /home/toolchain/development/libc++_replacement/tmp/R11/extracted/e4/e41cd6fb69e5ce4b5df0549d05d30debb1bb74f0bb9e6f16412063a99dd31b6a/usr/lib64/libgobject-2.0.so.0.8000.5
7fed0f269000-7fed0f26a000 rw-p 00053000 08:01 26085460                   /home/toolchain/development/libc++_replacement/tmp/R11/extracted/e4/e41cd6fb69e5ce4b5df0549d05d30debb1bb74f0bb9e6f16412063a99dd31b6a/usr/lib64/libgobject-2.0.so.0.8000.5
7fed0f26a000-7fed0f26b000 rw-p 00000000 00:00 0 
7fed0f26b000-7fed0f275000 r--p 00000000 08:01 26004572                   /home/toolchain/development/libc++_replacement/tmp/R11/extracted/a5/a57456a2a67f4376afe8451360488853610e4d3240787426245471b660b35c57/usr/lib64/libatk-1.0.so.0.23609.1
7fed0f275000-7fed0f284000 r-xp 0000a000 08:01 26004572                   /home/toolchain/development/libc++_replacement/tmp/R11/extracted/a5/a57456a2a67f4376afe8451360488853610e4d3240787426245471b660b35c57/usr/lib64/libatk-1.0.so.0.23609.1
7fed0f284000-7fed0f28e000 r--p 00019000 08:01 26004572                   /home/toolchain/development/libc++_replacement/tmp/R11/extracted/a5/a57456a2a67f4376afe8451360488853610e4d3240787426245471b660b35c57/usr/lib64/libatk-1.0.so.0.23609.1
7fed0f28e000-7fed0f291000 r--p 00023000 08:01 26004572                   /home/toolchain/development/libc++_replacement/tmp/R11/extracted/a5/a57456a2a67f4376afe8451360488853610e4d3240787426245471b660b35c57/usr/lib64/libatk-1.0.so.0.23609.1
7fed0f291000-7fed0f292000 rw-p 00026000 08:01 26004572                   /home/toolchain/development/libc++_replacement/tmp/R11/extracted/a5/a57456a2a67f4376afe8451360488853610e4d3240787426245471b660b35c57/usr/lib64/libatk-1.0.so.0.23609.1
7fed0f292000-7fed0f2a4000 r--p 00000000 08:01 25835259                   /home/toolchain/development/libc++_replacement/tmp/R11/extracted/a5/a563335a2be3f46293082fd3f9c05ccc99a459c6d964a2f7158e4560e7300812/usr/lib64/libecore_wl2.so.1.25.1
7fed0f2a4000-7fed0f2c5000 r-xp 00012000 08:01 25835259                   /home/toolchain/development/libc++_replacement/tmp/R11/extracted/a5/a563335a2be3f46293082fd3f9c05ccc99a459c6d964a2f7158e4560e7300812/usr/lib64/libecore_wl2.so.1.25.1
7fed0f2c5000-7fed0f2d5000 r--p 00033000 08:01 25835259                   /home/toolchain/development/libc++_replacement/tmp/R11/extracted/a5/a563335a2be3f46293082fd3f9c05ccc99a459c6d964a2f7158e4560e7300812/usr/lib64/libecore_wl2.so.1.25.1
7fed0f2d5000-7fed0f2d7000 r--p 00042000 08:01 25835259                   /home/toolchain/development/libc++_replacement/tmp/R11/extracted/a5/a563335a2be3f46293082fd3f9c05ccc99a459c6d964a2f7158e4560e7300812/usr/lib64/libecore_wl2.so.1.25.1
7fed0f2d7000-7fed0f2d8000 rw-p 00044000 08:01 25835259                   /home/toolchain/development/libc++_replacement/tmp/R11/extracted/a5/a563335a2be3f46293082fd3f9c05ccc99a459c6d964a2f7158e4560e7300812/usr/lib64/libecore_wl2.so.1.25.1
7fed0f2d8000-7fed0f2d9000 rw-p 00000000 00:00 0 
7fed0f2d9000-7fed0f30a000 r--p 00000000 08:01 26119199                   /home/toolchain/development/libc++_replacement/tmp/R11/extracted/63/63f3107f2d3f9333d95eed1ad3840b72879e1ce80f0d2733eee0dad23df67730/usr/lib64/libpkgmgr-info.so.0.37.2
7fed0f30a000-7fed0f36d000 r-xp 00031000 08:01 26119199                   /home/toolchain/development/libc++_replacement/tmp/R11/extracted/63/63f3107f2d3f9333d95eed1ad3840b72879e1ce80f0d2733eee0dad23df67730/usr/lib64/libpkgmgr-info.so.0.37.2
7fed0f36d000-7fed0f38b000 r--p 00094000 08:01 26119199                   /home/toolchain/development/libc++_replacement/tmp/R11/extracted/63/63f3107f2d3f9333d95eed1ad3840b72879e1ce80f0d2733eee0dad23df67730/usr/lib64/libpkgmgr-info.so.0.37.2
7fed0f38b000-7fed0f38d000 r--p 000b2000 08:01 26119199                   /home/toolchain/development/libc++_replacement/tmp/R11/extracted/63/63f3107f2d3f9333d95eed1ad3840b72879e1ce80f0d2733eee0dad23df67730/usr/lib64/libpkgmgr-info.so.0.37.2
7fed0f38d000-7fed0f38f000 rw-p 000b4000 08:01 26119199                   /home/toolchain/development/libc++_replacement/tmp/R11/extracted/63/63f3107f2d3f9333d95eed1ad3840b72879e1ce80f0d2733eee0dad23df67730/usr/lib64/libpkgmgr-info.so.0.37.2
7fed0f38f000-7fed0f3ae000 r--p 00000000 08:01 26085410                   /home/toolchain/development/libc++_replacement/tmp/R11/extracted/ec/eca90911031c2fc0795fbe9127f5ec74db9a8ecd85c3abd6b83ec36678f94fa3/usr/lib64/libglib-2.0.so.0.8000.5
7fed0f3ae000-7fed0f42e000 r-xp 0001f000 08:01 26085410                   /home/toolchain/development/libc++_replacement/tmp/R11/extracted/ec/eca90911031c2fc0795fbe9127f5ec74db9a8ecd85c3abd6b83ec36678f94fa3/usr/lib64/libglib-2.0.so.0.8000.5
7fed0f42e000-7fed0f4b1000 r--p 0009f000 08:01 26085410                   /home/toolchain/development/libc++_replacement/tmp/R11/extracted/ec/eca90911031c2fc0795fbe9127f5ec74db9a8ecd85c3abd6b83ec36678f94fa3/usr/lib64/libglib-2.0.so.0.8000.5
7fed0f4b1000-7fed0f4b2000 r--p 00122000 08:01 26085410                   /home/toolchain/development/libc++_replacement/tmp/R11/extracted/ec/eca90911031c2fc0795fbe9127f5ec74db9a8ecd85c3abd6b83ec36678f94fa3/usr/lib64/libglib-2.0.so.0.8000.5
7fed0f4b2000-7fed0f4b3000 rw-p 00123000 08:01 26085410                   /home/toolchain/development/libc++_replacement/tmp/R11/extracted/ec/eca90911031c2fc0795fbe9127f5ec74db9a8ecd85c3abd6b83ec36678f94fa3/usr/lib64/libglib-2.0.so.0.8000.5
7fed0f4b3000-7fed0f4b4000 rw-p 00000000 00:00 0 
7fed0f4b4000-7fed0f4b9000 r--p 00000000 08:01 14340278                   /home/toolchain/development/libc++_replacement/tmp/R11/extracted/cc/cc61b523b97fab0d551409676b06bed8e12ec94f045f9b61db47341ba32e8390/usr/lib64/libpng16.so.16.44.0
7fed0f4b9000-7fed0f4d8000 r-xp 00005000 08:01 14340278                   /home/toolchain/development/libc++_replacement/tmp/R11/extracted/cc/cc61b523b97fab0d551409676b06bed8e12ec94f045f9b61db47341ba32e8390/usr/lib64/libpng16.so.16.44.0
7fed0f4d8000-7fed0f4e1000 r--p 00024000 08:01 14340278                   /home/toolchain/development/libc++_replacement/tmp/R11/extracted/cc/cc61b523b97fab0d551409676b06bed8e12ec94f045f9b61db47341ba32e8390/usr/lib64/libpng16.so.16.44.0
7fed0f4e1000-7fed0f4e2000 r--p 0002c000 08:01 14340278                   /home/toolchain/development/libc++_replacement/tmp/R11/extracted/cc/cc61b523b97fab0d551409676b06bed8e12ec94f045f9b61db47341ba32e8390/usr/lib64/libpng16.so.16.44.0
7fed0f4e2000-7fed0f4e3000 rw-p 0002d000 08:01 14340278                   /home/toolchain/development/libc++_replacement/tmp/R11/extracted/cc/cc61b523b97fab0d551409676b06bed8e12ec94f045f9b61db47341ba32e8390/usr/lib64/libpng16.so.16.44.0
7fed0f4e3000-7fed0f4f1000 r--p 00000000 08:01 23615903                   /home/toolchain/development/libc++_replacement/tmp/R11/extracted/bb/bba8a544f407a9da42ee4e785c5ef8a48024d1a094bbe35fef027b62aa9712a4/usr/lib64/libjsoncpp.so.1.9.6
7fed0f4f1000-7fed0f512000 r-xp 0000e000 08:01 23615903                   /home/toolchain/development/libc++_replacement/tmp/R11/extracted/bb/bba8a544f407a9da42ee4e785c5ef8a48024d1a094bbe35fef027b62aa9712a4/usr/lib64/libjsoncpp.so.1.9.6
7fed0f512000-7fed0f51b000 r--p 0002f000 08:01 23615903                   /home/toolchain/development/libc++_replacement/tmp/R11/extracted/bb/bba8a544f407a9da42ee4e785c5ef8a48024d1a094bbe35fef027b62aa9712a4/usr/lib64/libjsoncpp.so.1.9.6
7fed0f51b000-7fed0f51c000 r--p 00037000 08:01 23615903                   /home/toolchain/development/libc++_replacement/tmp/R11/extracted/bb/bba8a544f407a9da42ee4e785c5ef8a48024d1a094bbe35fef027b62aa9712a4/usr/lib64/libjsoncpp.so.1.9.6
7fed0f51c000-7fed0f51d000 rw-p 00038000 08:01 23615903                   /home/toolchain/development/libc++_replacement/tmp/R11/extracted/bb/bba8a544f407a9da42ee4e785c5ef8a48024d1a094bbe35fef027b62aa9712a4/usr/lib64/libjsoncpp.so.1.9.6
7fed0f51d000-7fed0f520000 r--p 00000000 08:01 23630178                   /home/toolchain/development/libc++_replacement/tmp/R11/extracted/39/39631b4325f25a57ea755287cd25a33df04a2c912baeea2286e8d08352dd9da2/usr/lib64/libopus.so.0.8.0
7fed0f520000-7fed0f55d000 r-xp 00003000 08:01 23630178                   /home/toolchain/development/libc++_replacement/tmp/R11/extracted/39/39631b4325f25a57ea755287cd25a33df04a2c912baeea2286e8d08352dd9da2/usr/lib64/libopus.so.0.8.0
7fed0f55d000-7fed0f56f000 r--p 00040000 08:01 23630178                   /home/toolchain/development/libc++_replacement/tmp/R11/extracted/39/39631b4325f25a57ea755287cd25a33df04a2c912baeea2286e8d08352dd9da2/usr/lib64/libopus.so.0.8.0
7fed0f56f000-7fed0f570000 r--p 00051000 08:01 23630178                   /home/toolchain/development/libc++_replacement/tmp/R11/extracted/39/39631b4325f25a57ea755287cd25a33df04a2c912baeea2286e8d08352dd9da2/usr/lib64/libopus.so.0.8.0
7fed0f570000-7fed0f571000 rw-p 00052000 08:01 23630178                   /home/toolchain/development/libc++_replacement/tmp/R11/extracted/39/39631b4325f25a57ea755287cd25a33df04a2c912baeea2286e8d08352dd9da2/usr/lib64/libopus.so.0.8.0
7fed0f571000-7fed0f574000 r--p 00000000 08:01 23624264                   /home/toolchain/development/libc++_replacement/tmp/R11/extracted/ff/ff59991b5cf650e0726c6f54af329bf9fbe7fd36f9f7c42dda22ca9742225e79/usr/lib64/libwebp.so.7.1.9
7fed0f574000-7fed0f5f1000 r-xp 00003000 08:01 23624264                   /home/toolchain/development/libc++_replacement/tmp/R11/extracted/ff/ff59991b5cf650e0726c6f54af329bf9fbe7fd36f9f7c42dda22ca9742225e79/usr/lib64/libwebp.so.7.1.9
7fed0f5f1000-7fed0f603000 r--p 00080000 08:01 23624264                   /home/toolchain/development/libc++_replacement/tmp/R11/extracted/ff/ff59991b5cf650e0726c6f54af329bf9fbe7fd36f9f7c42dda22ca9742225e79/usr/lib64/libwebp.so.7.1.9
7fed0f603000-7fed0f604000 r--p 00091000 08:01 23624264                   /home/toolchain/development/libc++_replacement/tmp/R11/extracted/ff/ff59991b5cf650e0726c6f54af329bf9fbe7fd36f9f7c42dda22ca9742225e79/usr/lib64/libwebp.so.7.1.9
7fed0f604000-7fed0f605000 rw-p 00092000 08:01 23624264                   /home/toolchain/development/libc++_replacement/tmp/R11/extracted/ff/ff59991b5cf650e0726c6f54af329bf9fbe7fd36f9f7c42dda22ca9742225e79/usr/lib64/libwebp.so.7.1.9
7fed0f605000-7fed0f606000 rw-p 00000000 00:00 0 
7fed0f606000-7fed0f60b000 r--p 00000000 08:01 26089189                   /home/toolchain/development/libc++_replacement/tmp/R11/extracted/5e/5e2848d0eb014068cd5d1076d87e6102f81218748a8e789f7870121e883bef28/usr/lib64/libvpx.so.7.1.0
7fed0f60b000-7fed0f7bc000 r-xp 00005000 08:01 26089189                   /home/toolchain/development/libc++_replacement/tmp/R11/extracted/5e/5e2848d0eb014068cd5d1076d87e6102f81218748a8e789f7870121e883bef28/usr/lib64/libvpx.so.7.1.0
7fed0f7bc000-7fed0f7f9000 r--p 001b6000 08:01 26089189                   /home/toolchain/development/libc++_replacement/tmp/R11/extracted/5e/5e2848d0eb014068cd5d1076d87e6102f81218748a8e789f7870121e883bef28/usr/lib64/libvpx.so.7.1.0
7fed0f7f9000-7fed0f7fc000 r--p 001f2000 08:01 26089189                   /home/toolchain/development/libc++_replacement/tmp/R11/extracted/5e/5e2848d0eb014068cd5d1076d87e6102f81218748a8e789f7870121e883bef28/usr/lib64/libvpx.so.7.1.0
7fed0f7fc000-7fed0f7fd000 rw-p 001f5000 08:01 26089189                   /home/toolchain/development/libc++_replacement/tmp/R11/extracted/5e/5e2848d0eb014068cd5d1076d87e6102f81218748a8e789f7870121e883bef28/usr/lib64/libvpx.so.7.1.0
7fed0f7fd000-7fed0f800000 rw-p 00000000 00:00 0 
7fed0f800000-7fed0f8e0000 r--p 00000000 08:01 25840623                   /home/toolchain/development/libc++_replacement/tmp/R11/extracted/f2/f2982b49e6ba19cfead18c936203b5e4cd0c621ee9d935f14c44519a24279330/usr/lib64/libelementary.so.1.25.100
7fed0f8e0000-7fed0fb21000 r-xp 000e0000 08:01 25840623                   /home/toolchain/development/libc++_replacement/tmp/R11/extracted/f2/f2982b49e6ba19cfead18c936203b5e4cd0c621ee9d935f14c44519a24279330/usr/lib64/libelementary.so.1.25.100
7fed0fb21000-7fed0fc1a000 r--p 00321000 08:01 25840623                   /home/toolchain/development/libc++_replacement/tmp/R11/extracted/f2/f2982b49e6ba19cfead18c936203b5e4cd0c621ee9d935f14c44519a24279330/usr/lib64/libelementary.so.1.25.100
7fed0fc1a000-7fed0fc43000 r--p 00419000 08:01 25840623                   /home/toolchain/development/libc++_replacement/tmp/R11/extracted/f2/f2982b49e6ba19cfead18c936203b5e4cd0c621ee9d935f14c44519a24279330/usr/lib64/libelementary.so.1.25.100
7fed0fc43000-7fed0fc4c000 rw-p 00442000 08:01 25840623                   /home/toolchain/development/libc++_replacement/tmp/R11/extracted/f2/f2982b49e6ba19cfead18c936203b5e4cd0c621ee9d935f14c44519a24279330/usr/lib64/libelementary.so.1.25.100
7fed0fc4c000-7fed0fc53000 rw-p 00000000 00:00 0 
7fed0fc53000-7fed0fc57000 r--p 00000000 08:01 25821439                   /home/toolchain/development/libc++_replacement/tmp/R11/extracted/2d/2db93a11342170ce85b76bc63395af906a97a6b30562d002075f95355fb45b9b/usr/lib64/libcapi-appfw-app-common.so.0.16.3
7fed0fc57000-7fed0fc5a000 r-xp 00004000 08:01 25821439                   /home/toolchain/development/libc++_replacement/tmp/R11/extracted/2d/2db93a11342170ce85b76bc63395af906a97a6b30562d002075f95355fb45b9b/usr/lib64/libcapi-appfw-app-common.so.0.16.3
7fed0fc5a000-7fed0fc5c000 r--p 00007000 08:01 25821439                   /home/toolchain/development/libc++_replacement/tmp/R11/extracted/2d/2db93a11342170ce85b76bc63395af906a97a6b30562d002075f95355fb45b9b/usr/lib64/libcapi-appfw-app-common.so.0.16.3
7fed0fc5c000-7fed0fc5d000 r--p 00008000 08:01 25821439                   /home/toolchain/development/libc++_replacement/tmp/R11/extracted/2d/2db93a11342170ce85b76bc63395af906a97a6b30562d002075f95355fb45b9b/usr/lib64/libcapi-appfw-app-common.so.0.16.3
7fed0fc5d000-7fed0fc5e000 rw-p 00009000 08:01 25821439                   /home/toolchain/development/libc++_replacement/tmp/R11/extracted/2d/2db93a11342170ce85b76bc63395af906a97a6b30562d002075f95355fb45b9b/usr/lib64/libcapi-appfw-app-common.so.0.16.3
7fed0fc5e000-7fed0fc62000 r--p 00000000 08:01 25823603                   /home/toolchain/development/libc++_replacement/tmp/R11/extracted/73/7389dc2a0cf611d5228582c536c8dfcc5b713015f88abc7cdc0b836cadad8d24/usr/lib64/libcapi-system-device.so.0.1.0
7fed0fc62000-7fed0fc6a000 r-xp 00004000 08:01 25823603                   /home/toolchain/development/libc++_replacement/tmp/R11/extracted/73/7389dc2a0cf611d5228582c536c8dfcc5b713015f88abc7cdc0b836cadad8d24/usr/lib64/libcapi-system-device.so.0.1.0
7fed0fc6a000-7fed0fc6e000 r--p 0000c000 08:01 25823603                   /home/toolchain/development/libc++_replacement/tmp/R11/extracted/73/7389dc2a0cf611d5228582c536c8dfcc5b713015f88abc7cdc0b836cadad8d24/usr/lib64/libcapi-system-device.so.0.1.0
7fed0fc6e000-7fed0fc6f000 r--p 00010000 08:01 25823603                   /home/toolchain/development/libc++_replacement/tmp/R11/extracted/73/7389dc2a0cf611d5228582c536c8dfcc5b713015f88abc7cdc0b836cadad8d24/usr/lib64/libcapi-system-device.so.0.1.0
7fed0fc6f000-7fed0fc70000 rw-p 00011000 08:01 25823603                   /home/toolchain/development/libc++_replacement/tmp/R11/extracted/73/7389dc2a0cf611d5228582c536c8dfcc5b713015f88abc7cdc0b836cadad8d24/usr/lib64/libcapi-system-device.so.0.1.0
7fed0fc70000-7fed0fc7d000 r--p 00000000 08:01 26085350                   /home/toolchain/development/libc++_replacement/tmp/R11/extracted/5d/5da96fd7373ad9d27edc2a431f5ff807e2f3520f4eaa363097d1154205e6c7f9/usr/lib64/libfreetype.so.6.20.1
7fed0fc7d000-7fed0fce8000 r-xp 0000d000 08:01 26085350                   /home/toolchain/development/libc++_replacement/tmp/R11/extracted/5d/5da96fd7373ad9d27edc2a431f5ff807e2f3520f4eaa363097d1154205e6c7f9/usr/lib64/libfreetype.so.6.20.1
7fed0fce8000-7fed0fd0d000 r--p 00078000 08:01 26085350                   /home/toolchain/development/libc++_replacement/tmp/R11/extracted/5d/5da96fd7373ad9d27edc2a431f5ff807e2f3520f4eaa363097d1154205e6c7f9/usr/lib64/libfreetype.so.6.20.1
7fed0fd0d000-7fed0fd14000 r--p 0009c000 08:01 26085350                   /home/toolchain/development/libc++_replacement/tmp/R11/extracted/5d/5da96fd7373ad9d27edc2a431f5ff807e2f3520f4eaa363097d1154205e6c7f9/usr/lib64/libfreetype.so.6.20.1
7fed0fd14000-7fed0fd15000 rw-p 000a3000 08:01 26085350                   /home/toolchain/development/libc++_replacement/tmp/R11/extracted/5d/5da96fd7373ad9d27edc2a431f5ff807e2f3520f4eaa363097d1154205e6c7f9/usr/lib64/libfreetype.so.6.20.1
7fed0fd15000-7fed0fd16000 r--p 00000000 08:01 26005323                   /home/toolchain/development/libc++_replacement/tmp/R11/extracted/40/40787e08879d9a4270a3f1dc44aeed01ed9200a88d2f6edf884de751ed6a2b6e/usr/lib64/libbrotlienc.so.1.1.0
7fed0fd16000-7fed0fd75000 r-xp 00001000 08:01 26005323                   /home/toolchain/development/libc++_replacement/tmp/R11/extracted/40/40787e08879d9a4270a3f1dc44aeed01ed9200a88d2f6edf884de751ed6a2b6e/usr/lib64/libbrotlienc.so.1.1.0
7fed0fd75000-7fed0fdc7000 r--p 00060000 08:01 26005323                   /home/toolchain/development/libc++_replacement/tmp/R11/extracted/40/40787e08879d9a4270a3f1dc44aeed01ed9200a88d2f6edf884de751ed6a2b6e/usr/lib64/libbrotlienc.so.1.1.0
7fed0fdc7000-7fed0fdc8000 r--p 000b1000 08:01 26005323                   /home/toolchain/development/libc++_replacement/tmp/R11/extracted/40/40787e08879d9a4270a3f1dc44aeed01ed9200a88d2f6edf884de751ed6a2b6e/usr/lib64/libbrotlienc.so.1.1.0
7fed0fdc8000-7fed0fdc9000 rw-p 000b2000 08:01 26005323                   /home/toolchain/development/libc++_replacement/tmp/R11/extracted/40/40787e08879d9a4270a3f1dc44aeed01ed9200a88d2f6edf884de751ed6a2b6e/usr/lib64/libbrotlienc.so.1.1.0
7fed0fdc9000-7fed0fdd1000 r--p 00000000 08:01 26088542                   /home/toolchain/development/libc++_replacement/tmp/R11/extracted/d8/d8e2121c8cdef0174f29ad288a339a127aa9bc15ea05f4b0682df2513302045d/usr/lib64/libtbm.so.1.0.0
7fed0fdd1000-7fed0fdf4000 r-xp 00008000 08:01 26088542                   /home/toolchain/development/libc++_replacement/tmp/R11/extracted/d8/d8e2121c8cdef0174f29ad288a339a127aa9bc15ea05f4b0682df2513302045d/usr/lib64/libtbm.so.1.0.0
7fed0fdf4000-7fed0fdfe000 r--p 0002b000 08:01 26088542                   /home/toolchain/development/libc++_replacement/tmp/R11/extracted/d8/d8e2121c8cdef0174f29ad288a339a127aa9bc15ea05f4b0682df2513302045d/usr/lib64/libtbm.so.1.0.0
7fed0fdfe000-7fed0fdff000 r--p 00035000 08:01 26088542                   /home/toolchain/development/libc++_replacement/tmp/R11/extracted/d8/d8e2121c8cdef0174f29ad288a339a127aa9bc15ea05f4b0682df2513302045d/usr/lib64/libtbm.so.1.0.0
7fed0fdff000-7fed0fe00000 rw-p 00036000 08:01 26088542                   /home/toolchain/development/libc++_replacement/tmp/R11/extracted/d8/d8e2121c8cdef0174f29ad288a339a127aa9bc15ea05f4b0682df2513302045d/usr/lib64/libtbm.so.1.0.0
7fed0fe00000-7fed0fe52000 r--p 00000000 08:01 25869998                   /home/toolchain/development/libc++_replacement/tmp/R11/extracted/85/8593c4710f8f264ca986b59d3fd51c77821e9addb2add1d80d42a5177206711f/usr/lib64/libevas.so.1.25.1
7fed0fe52000-7fed0ff97000 r-xp 00052000 08:01 25869998                   /home/toolchain/development/libc++_replacement/tmp/R11/extracted/85/8593c4710f8f264ca986b59d3fd51c77821e9addb2add1d80d42a5177206711f/usr/lib64/libevas.so.1.25.1
7fed0ff97000-7fed10008000 r--p 00197000 08:01 25869998                   /home/toolchain/development/libc++_replacement/tmp/R11/extracted/85/8593c4710f8f264ca986b59d3fd51c77821e9addb2add1d80d42a5177206711f/usr/lib64/libevas.so.1.25.1
7fed10008000-7fed10017000 r--p 00207000 08:01 25869998                   /home/toolchain/development/libc++_replacement/tmp/R11/extracted/85/8593c4710f8f264ca986b59d3fd51c77821e9addb2add1d80d42a5177206711f/usr/lib64/libevas.so.1.25.1
7fed10017000-7fed1001b000 rw-p 00216000 08:01 25869998                   /home/toolchain/development/libc++_replacement/tmp/R11/extracted/85/8593c4710f8f264ca986b59d3fd51c77821e9addb2add1d80d42a5177206711f/usr/lib64/libevas.so.1.25.1
7fed1001b000-7fed1004c000 rw-p 00000000 00:00 0 
7fed1004c000-7fed10050000 r--p 00000000 08:01 25821510                   /home/toolchain/development/libc++_replacement/tmp/R11/extracted/7e/7e4c7702044c8792a86f16197c61585906a66f691e42da9407066821195e5e51/usr/lib64/libcapi-appfw-app-manager.so.0.18.0
7fed10050000-7fed10056000 r-xp 00004000 08:01 25821510                   /home/toolchain/development/libc++_replacement/tmp/R11/extracted/7e/7e4c7702044c8792a86f16197c61585906a66f691e42da9407066821195e5e51/usr/lib64/libcapi-appfw-app-manager.so.0.18.0
7fed10056000-7fed10059000 r--p 0000a000 08:01 25821510                   /home/toolchain/development/libc++_replacement/tmp/R11/extracted/7e/7e4c7702044c8792a86f16197c61585906a66f691e42da9407066821195e5e51/usr/lib64/libcapi-appfw-app-manager.so.0.18.0
7fed10059000-7fed1005a000 r--p 0000d000 08:01 25821510                   /home/toolchain/development/libc++_replacement/tmp/R11/extracted/7e/7e4c7702044c8792a86f16197c61585906a66f691e42da9407066821195e5e51/usr/lib64/libcapi-appfw-app-manager.so.0.18.0
7fed1005a000-7fed1005b000 rw-p 0000e000 08:01 25821510                   /home/toolchain/development/libc++_replacement/tmp/R11/extracted/7e/7e4c7702044c8792a86f16197c61585906a66f691e42da9407066821195e5e51/usr/lib64/libcapi-appfw-app-manager.so.0.18.0
7fed1005b000-7fed1005c000 r--p 00000000 08:01 26005292                   /home/toolchain/development/libc++_replacement/tmp/R11/extracted/99/993ff54f3fb96f75f5699b6ea45f092ab218ba388985cf52e743d4bdac6bfa6b/usr/lib64/libbrotlidec.so.1.1.0
7fed1005c000-7fed10064000 r-xp 00001000 08:01 26005292                   /home/toolchain/development/libc++_replacement/tmp/R11/extracted/99/993ff54f3fb96f75f5699b6ea45f092ab218ba388985cf52e743d4bdac6bfa6b/usr/lib64/libbrotlidec.so.1.1.0
7fed10064000-7fed10067000 r--p 00009000 08:01 26005292                   /home/toolchain/development/libc++_replacement/tmp/R11/extracted/99/993ff54f3fb96f75f5699b6ea45f092ab218ba388985cf52e743d4bdac6bfa6b/usr/lib64/libbrotlidec.so.1.1.0
7fed10067000-7fed10068000 r--p 0000b000 08:01 26005292                   /home/toolchain/development/libc++_replacement/tmp/R11/extracted/99/993ff54f3fb96f75f5699b6ea45f092ab218ba388985cf52e743d4bdac6bfa6b/usr/lib64/libbrotlidec.so.1.1.0
7fed10068000-7fed10069000 rw-p 0000c000 08:01 26005292                   /home/toolchain/development/libc++_replacement/tmp/R11/extracted/99/993ff54f3fb96f75f5699b6ea45f092ab218ba388985cf52e743d4bdac6bfa6b/usr/lib64/libbrotlidec.so.1.1.0
7fed10069000-7fed1006e000 r--p 00000000 08:01 25609282                   /home/toolchain/development/libc++_replacement/tmp/R11/extracted/bf/bfc2d54a1096eeb34ae4eeaf9deca21b3b845c0d207a5bdeb6cba97524ad4dbb/usr/lib64/libefl-extension.so.0.1.0
7fed1006e000-7fed10073000 r-xp 00005000 08:01 25609282                   /home/toolchain/development/libc++_replacement/tmp/R11/extracted/bf/bfc2d54a1096eeb34ae4eeaf9deca21b3b845c0d207a5bdeb6cba97524ad4dbb/usr/lib64/libefl-extension.so.0.1.0
7fed10073000-7fed10075000 r--p 0000a000 08:01 25609282                   /home/toolchain/development/libc++_replacement/tmp/R11/extracted/bf/bfc2d54a1096eeb34ae4eeaf9deca21b3b845c0d207a5bdeb6cba97524ad4dbb/usr/lib64/libefl-extension.so.0.1.0
7fed10075000-7fed10076000 r--p 0000c000 08:01 25609282                   /home/toolchain/development/libc++_replacement/tmp/R11/extracted/bf/bfc2d54a1096eeb34ae4eeaf9deca21b3b845c0d207a5bdeb6cba97524ad4dbb/usr/lib64/libefl-extension.so.0.1.0
7fed10076000-7fed10077000 rw-p 0000d000 08:01 25609282                   /home/toolchain/development/libc++_replacement/tmp/R11/extracted/bf/bfc2d54a1096eeb34ae4eeaf9deca21b3b845c0d207a5bdeb6cba97524ad4dbb/usr/lib64/libefl-extension.so.0.1.0
7fed10077000-7fed1007a000 r--p 00000000 08:01 25822515                   /home/toolchain/development/libc++_replacement/tmp/R11/extracted/bb/bb8ca49407c7f8b0468e21eee66d8c3ad842eed82b47d34b2c34c0d55c02a2d0/usr/lib64/libcapi-media-tool.so.0.2.0
7fed1007a000-7fed10084000 r-xp 00003000 08:01 25822515                   /home/toolchain/development/libc++_replacement/tmp/R11/extracted/bb/bb8ca49407c7f8b0468e21eee66d8c3ad842eed82b47d34b2c34c0d55c02a2d0/usr/lib64/libcapi-media-tool.so.0.2.0
7fed10084000-7fed10089000 r--p 0000d000 08:01 25822515                   /home/toolchain/development/libc++_replacement/tmp/R11/extracted/bb/bb8ca49407c7f8b0468e21eee66d8c3ad842eed82b47d34b2c34c0d55c02a2d0/usr/lib64/libcapi-media-tool.so.0.2.0
7fed10089000-7fed1008a000 r--p 00011000 08:01 25822515                   /home/toolchain/development/libc++_replacement/tmp/R11/extracted/bb/bb8ca49407c7f8b0468e21eee66d8c3ad842eed82b47d34b2c34c0d55c02a2d0/usr/lib64/libcapi-media-tool.so.0.2.0
7fed1008a000-7fed1008b000 rw-p 00012000 08:01 25822515                   /home/toolchain/development/libc++_replacement/tmp/R11/extracted/bb/bb8ca49407c7f8b0468e21eee66d8c3ad842eed82b47d34b2c34c0d55c02a2d0/usr/lib64/libcapi-media-tool.so.0.2.0
7fed1008b000-7fed10091000 r--p 00000000 08:01 25822140                   /home/toolchain/development/libc++_replacement/tmp/R11/extracted/f6/f674d45d74803f2f61b07eddfb8b444936d1afc407b46e2442d314bc78ea7b40/usr/lib64/libcapi-media-camera.so.0.5.0
7fed10091000-7fed100a8000 r-xp 00006000 08:01 25822140                   /home/toolchain/development/libc++_replacement/tmp/R11/extracted/f6/f674d45d74803f2f61b07eddfb8b444936d1afc407b46e2442d314bc78ea7b40/usr/lib64/libcapi-media-camera.so.0.5.0
7fed100a8000-7fed100b1000 r--p 0001d000 08:01 25822140                   /home/toolchain/development/libc++_replacement/tmp/R11/extracted/f6/f674d45d74803f2f61b07eddfb8b444936d1afc407b46e2442d314bc78ea7b40/usr/lib64/libcapi-media-camera.so.0.5.0
7fed100b1000-7fed100b2000 r--p 00025000 08:01 25822140                   /home/toolchain/development/libc++_replacement/tmp/R11/extracted/f6/f674d45d74803f2f61b07eddfb8b444936d1afc407b46e2442d314bc78ea7b40/usr/lib64/libcapi-media-camera.so.0.5.0
7fed100b2000-7fed100b3000 rw-p 00026000 08:01 25822140                   /home/toolchain/development/libc++_replacement/tmp/R11/extracted/f6/f674d45d74803f2f61b07eddfb8b444936d1afc407b46e2442d314bc78ea7b40/usr/lib64/libcapi-media-camera.so.0.5.0
7fed100b3000-7fed100bc000 r--p 00000000 08:01 25821789                   /home/toolchain/development/libc++_replacement/tmp/R11/extracted/78/78f6ddb4273a7c65f897bdd8f1fdc0b0b773f261c44fb7a482e4e4e6661f2fc4/usr/lib64/libcapi-base-common.so.0.4.82
7fed100bc000-7fed100bd000 r-xp 00009000 08:01 25821789                   /home/toolchain/development/libc++_replacement/tmp/R11/extracted/78/78f6ddb4273a7c65f897bdd8f1fdc0b0b773f261c44fb7a482e4e4e6661f2fc4/usr/lib64/libcapi-base-common.so.0.4.82
7fed100bd000-7fed100c6000 r--p 0000a000 08:01 25821789                   /home/toolchain/development/libc++_replacement/tmp/R11/extracted/78/78f6ddb4273a7c65f897bdd8f1fdc0b0b773f261c44fb7a482e4e4e6661f2fc4/usr/lib64/libcapi-base-common.so.0.4.82
7fed100c6000-7fed100cb000 r--p 00012000 08:01 25821789                   /home/toolchain/development/libc++_replacement/tmp/R11/extracted/78/78f6ddb4273a7c65f897bdd8f1fdc0b0b773f261c44fb7a482e4e4e6661f2fc4/usr/lib64/libcapi-base-common.so.0.4.82
7fed100cb000-7fed100cc000 rw-p 00017000 08:01 25821789                   /home/toolchain/development/libc++_replacement/tmp/R11/extracted/78/78f6ddb4273a7c65f897bdd8f1fdc0b0b773f261c44fb7a482e4e4e6661f2fc4/usr/lib64/libcapi-base-common.so.0.4.82
7fed100cc000-7fed100ce000 r--p 00000000 08:01 26229356                   /home/toolchain/development/libc++_replacement/tmp/R11/extracted/37/37a89977df6d4ce294dcaa14f951155ccb94da72164a482ddb082b019c0ff252/usr/lib64/libvconf.so.0.3.1
7fed100ce000-7fed100d3000 r-xp 00002000 08:01 26229356                   /home/toolchain/development/libc++_replacement/tmp/R11/extracted/37/37a89977df6d4ce294dcaa14f951155ccb94da72164a482ddb082b019c0ff252/usr/lib64/libvconf.so.0.3.1
7fed100d3000-7fed100d5000 r--p 00007000 08:01 26229356                   /home/toolchain/development/libc++_replacement/tmp/R11/extracted/37/37a89977df6d4ce294dcaa14f951155ccb94da72164a482ddb082b019c0ff252/usr/lib64/libvconf.so.0.3.1
7fed100d5000-7fed100d6000 r--p 00008000 08:01 26229356                   /home/toolchain/development/libc++_replacement/tmp/R11/extracted/37/37a89977df6d4ce294dcaa14f951155ccb94da72164a482ddb082b019c0ff252/usr/lib64/libvconf.so.0.3.1
7fed100d6000-7fed100d7000 rw-p 00009000 08:01 26229356                   /home/toolchain/development/libc++_replacement/tmp/R11/extracted/37/37a89977df6d4ce294dcaa14f951155ccb94da72164a482ddb082b019c0ff252/usr/lib64/libvconf.so.0.3.1
7fed100d7000-7fed100e1000 r--p 00000000 08:01 25839054                   /home/toolchain/development/libc++_replacement/tmp/R11/extracted/64/641236184aba59194f38bf60271a2f3c1da2a68d097739a39f3f485da0549be4/usr/lib64/libeldbus.so.1.25.1
7fed100e1000-7fed100fe000 r-xp 0000a000 08:01 25839054                   /home/toolchain/development/libc++_replacement/tmp/R11/extracted/64/641236184aba59194f38bf60271a2f3c1da2a68d097739a39f3f485da0549be4/usr/lib64/libeldbus.so.1.25.1
7fed100fe000-7fed1010a000 r--p 00027000 08:01 25839054                   /home/toolchain/development/libc++_replacement/tmp/R11/extracted/64/641236184aba59194f38bf60271a2f3c1da2a68d097739a39f3f485da0549be4/usr/lib64/libeldbus.so.1.25.1
7fed1010a000-7fed1010b000 r--p 00033000 08:01 25839054                   /home/toolchain/development/libc++_replacement/tmp/R11/extracted/64/641236184aba59194f38bf60271a2f3c1da2a68d097739a39f3f485da0549be4/usr/lib64/libeldbus.so.1.25.1
7fed1010b000-7fed1010c000 rw-p 00034000 08:01 25839054                   /home/toolchain/development/libc++_replacement/tmp/R11/extracted/64/641236184aba59194f38bf60271a2f3c1da2a68d097739a39f3f485da0549be4/usr/lib64/libeldbus.so.1.25.1
7fed1010c000-7fed10133000 r--p 00000000 08:01 25836852                   /home/toolchain/development/libc++_replacement/tmp/R11/extracted/d5/d55bb7a3c85a721c363b2ea9214da3f8f62f669984649f672bb4dc1d341a00f6/usr/lib64/libedje.so.1.25.1
7fed10133000-7fed101bf000 r-xp 00027000 08:01 25836852                   /home/toolchain/development/libc++_replacement/tmp/R11/extracted/d5/d55bb7a3c85a721c363b2ea9214da3f8f62f669984649f672bb4dc1d341a00f6/usr/lib64/libedje.so.1.25.1
7fed101bf000-7fed101e4000 r--p 000b3000 08:01 25836852                   /home/toolchain/development/libc++_replacement/tmp/R11/extracted/d5/d55bb7a3c85a721c363b2ea9214da3f8f62f669984649f672bb4dc1d341a00f6/usr/lib64/libedje.so.1.25.1
7fed101e4000-7fed101e7000 r--p 000d8000 08:01 25836852                   /home/toolchain/development/libc++_replacement/tmp/R11/extracted/d5/d55bb7a3c85a721c363b2ea9214da3f8f62f669984649f672bb4dc1d341a00f6/usr/lib64/libedje.so.1.25.1
7fed101e7000-7fed101ea000 rw-p 000db000 08:01 25836852                   /home/toolchain/development/libc++_replacement/tmp/R11/extracted/d5/d55bb7a3c85a721c363b2ea9214da3f8f62f669984649f672bb4dc1d341a00f6/usr/lib64/libedje.so.1.25.1
7fed101ea000-7fed101ec000 r--p 00000000 08:01 25835129                   /home/toolchain/development/libc++_replacement/tmp/R11/extracted/2d/2dbc4d5269a3823621335b4a396b9613c9d5680881d19668c7701c42a163a632/usr/lib64/libecore_input.so.1.25.1
7fed101ec000-7fed101ee000 r-xp 00002000 08:01 25835129                   /home/toolchain/development/libc++_replacement/tmp/R11/extracted/2d/2dbc4d5269a3823621335b4a396b9613c9d5680881d19668c7701c42a163a632/usr/lib64/libecore_input.so.1.25.1
7fed101ee000-7fed101fe000 r--p 00004000 08:01 25835129                   /home/toolchain/development/libc++_replacement/tmp/R11/extracted/2d/2dbc4d5269a3823621335b4a396b9613c9d5680881d19668c7701c42a163a632/usr/lib64/libecore_input.so.1.25.1
7fed101fe000-7fed101ff000 r--p 00014000 08:01 25835129                   /home/toolchain/development/libc++_replacement/tmp/R11/extracted/2d/2dbc4d5269a3823621335b4a396b9613c9d5680881d19668c7701c42a163a632/usr/lib64/libecore_input.so.1.25.1
7fed101ff000-7fed10200000 rw-p 00015000 08:01 25835129                   /home/toolchain/development/libc++_replacement/tmp/R11/extracted/2d/2dbc4d5269a3823621335b4a396b9613c9d5680881d19668c7701c42a163a632/usr/lib64/libecore_input.so.1.25.1
7fed10200000-7fed15e20000 r--p 00000000 08:01 68884754                   /home/toolchain/development/libcxx_runtime_validation/tmp/API_0911/W1/chromium_image/lib/libchromium-impl.so
7fed15e20000-7fed1e7b2000 r-xp 05c1f000 08:01 68884754                   /home/toolchain/development/libcxx_runtime_validation/tmp/API_0911/W1/chromium_image/lib/libchromium-impl.so
7fed1e7b2000-7fed1f0e0000 r--p 0e5b0000 08:01 68884754                   /home/toolchain/development/libcxx_runtime_validation/tmp/API_0911/W1/chromium_image/lib/libchromium-impl.so
7fed1f0e0000-7fed1f203000 rw-p 0eedd000 08:01 68884754                   /home/toolchain/development/libcxx_runtime_validation/tmp/API_0911/W1/chromium_image/lib/libchromium-impl.so
7fed1f203000-7fed1f4a6000 rw-p 00000000 00:00 0 
7fed1f4a9000-7fed1f4b6000 r--p 00000000 08:01 25835072                   /home/toolchain/development/libc++_replacement/tmp/R11/extracted/24/24e22d535c938ae12384734503c34d242f2b623cd8ad8e99b3b663f84e8175fc/usr/lib64/libecore_evas.so.1.25.1
7fed1f4b6000-7fed1f4cb000 r-xp 0000d000 08:01 25835072                   /home/toolchain/development/libc++_replacement/tmp/R11/extracted/24/24e22d535c938ae12384734503c34d242f2b623cd8ad8e99b3b663f84e8175fc/usr/lib64/libecore_evas.so.1.25.1
7fed1f4cb000-7fed1f4d5000 r--p 00022000 08:01 25835072                   /home/toolchain/development/libc++_replacement/tmp/R11/extracted/24/24e22d535c938ae12384734503c34d242f2b623cd8ad8e99b3b663f84e8175fc/usr/lib64/libecore_evas.so.1.25.1
7fed1f4d5000-7fed1f4d6000 r--p 0002b000 08:01 25835072                   /home/toolchain/development/libc++_replacement/tmp/R11/extracted/24/24e22d535c938ae12384734503c34d242f2b623cd8ad8e99b3b663f84e8175fc/usr/lib64/libecore_evas.so.1.25.1
7fed1f4d6000-7fed1f4d7000 rw-p 0002c000 08:01 25835072                   /home/toolchain/development/libc++_replacement/tmp/R11/extracted/24/24e22d535c938ae12384734503c34d242f2b623cd8ad8e99b3b663f84e8175fc/usr/lib64/libecore_evas.so.1.25.1
7fed1f4d7000-7fed1f4ec000 r--p 00000000 08:01 25838751                   /home/toolchain/development/libc++_replacement/tmp/R11/extracted/a5/a5600e4ac0d26cb46758edcf47008d44534047bf1e063dd6c9427684a3c45ef5/usr/lib64/libeina.so.1.25.1
7fed1f4ec000-7fed1f530000 r-xp 00015000 08:01 25838751                   /home/toolchain/development/libc++_replacement/tmp/R11/extracted/a5/a5600e4ac0d26cb46758edcf47008d44534047bf1e063dd6c9427684a3c45ef5/usr/lib64/libeina.so.1.25.1
7fed1f530000-7fed1f54f000 r--p 00059000 08:01 25838751                   /home/toolchain/development/libc++_replacement/tmp/R11/extracted/a5/a5600e4ac0d26cb46758edcf47008d44534047bf1e063dd6c9427684a3c45ef5/usr/lib64/libeina.so.1.25.1
7fed1f54f000-7fed1f551000 r--p 00078000 08:01 25838751                   /home/toolchain/development/libc++_replacement/tmp/R11/extracted/a5/a5600e4ac0d26cb46758edcf47008d44534047bf1e063dd6c9427684a3c45ef5/usr/lib64/libeina.so.1.25.1
7fed1f551000-7fed1f553000 rw-p 0007a000 08:01 25838751                   /home/toolchain/development/libc++_replacement/tmp/R11/extracted/a5/a5600e4ac0d26cb46758edcf47008d44534047bf1e063dd6c9427684a3c45ef5/usr/lib64/libeina.so.1.25.1
7fed1f553000-7fed1f558000 rw-p 00000000 00:00 0 
7fed1f558000-7fed1f570000 r--p 00000000 08:01 25835027                   /home/toolchain/development/libc++_replacement/tmp/R11/extracted/ad/adf05bf3157829f0a4cea8688c730b3a433d9ae6027810b74f12da3d84778642/usr/lib64/libecore.so.1.25.1
7fed1f570000-7fed1f5b4000 r-xp 00018000 08:01 25835027                   /home/toolchain/development/libc++_replacement/tmp/R11/extracted/ad/adf05bf3157829f0a4cea8688c730b3a433d9ae6027810b74f12da3d84778642/usr/lib64/libecore.so.1.25.1
7fed1f5b4000-7fed1f5cc000 r--p 0005c000 08:01 25835027                   /home/toolchain/development/libc++_replacement/tmp/R11/extracted/ad/adf05bf3157829f0a4cea8688c730b3a433d9ae6027810b74f12da3d84778642/usr/lib64/libecore.so.1.25.1
7fed1f5cc000-7fed1f5d0000 r--p 00074000 08:01 25835027                   /home/toolchain/development/libc++_replacement/tmp/R11/extracted/ad/adf05bf3157829f0a4cea8688c730b3a433d9ae6027810b74f12da3d84778642/usr/lib64/libecore.so.1.25.1
7fed1f5d0000-7fed1f5d2000 rw-p 00078000 08:01 25835027                   /home/toolchain/development/libc++_replacement/tmp/R11/extracted/ad/adf05bf3157829f0a4cea8688c730b3a433d9ae6027810b74f12da3d84778642/usr/lib64/libecore.so.1.25.1
7fed1f5d2000-7fed1f5d3000 rw-p 00000000 00:00 0 
7fed1f5d3000-7fed1f5d5000 r--p 00000000 08:01 26084248                   /home/toolchain/development/libc++_replacement/tmp/R11/extracted/fa/fab79860adf785533087275f70711a22478a332ff778a96c7d08d725f7533551/usr/lib64/libdlog.so.0.0.0
7fed1f5d5000-7fed1f5df000 r-xp 00002000 08:01 26084248                   /home/toolchain/development/libc++_replacement/tmp/R11/extracted/fa/fab79860adf785533087275f70711a22478a332ff778a96c7d08d725f7533551/usr/lib64/libdlog.so.0.0.0
7fed1f5df000-7fed1f5e3000 r--p 0000c000 08:01 26084248                   /home/toolchain/development/libc++_replacement/tmp/R11/extracted/fa/fab79860adf785533087275f70711a22478a332ff778a96c7d08d725f7533551/usr/lib64/libdlog.so.0.0.0
7fed1f5e3000-7fed1f5e4000 r--p 00010000 08:01 26084248                   /home/toolchain/development/libc++_replacement/tmp/R11/extracted/fa/fab79860adf785533087275f70711a22478a332ff778a96c7d08d725f7533551/usr/lib64/libdlog.so.0.0.0
7fed1f5e4000-7fed1f5e5000 rw-p 00011000 08:01 26084248                   /home/toolchain/development/libc++_replacement/tmp/R11/extracted/fa/fab79860adf785533087275f70711a22478a332ff778a96c7d08d725f7533551/usr/lib64/libdlog.so.0.0.0
7fed1f5e5000-7fed1f5eb000 rw-p 00000000 00:00 0 
7fed1f5eb000-7fed1f621000 r-xp 00000000 08:01 68734958                   /home/toolchain/development/libcxx_runtime_validation/tmp/P12/build_P13/forwarder_separate.so
7fed1f621000-7fed1f622000 ---p 00036000 08:01 68734958                   /home/toolchain/development/libcxx_runtime_validation/tmp/P12/build_P13/forwarder_separate.so
7fed1f622000-7fed1f623000 r--p 00036000 08:01 68734958                   /home/toolchain/development/libcxx_runtime_validation/tmp/P12/build_P13/forwarder_separate.so
7fed1f623000-7fed1f624000 rw-p 00037000 08:01 68734958                   /home/toolchain/development/libcxx_runtime_validation/tmp/P12/build_P13/forwarder_separate.so
7fed1f624000-7fed1f64c000 r--p 00000000 08:01 23608330                   /home/toolchain/development/libc++_replacement/tmp/R11/extracted/bb/bb95acf2989fecd8ed536d259eb6ce43109882f58a219adcd440fd826537dda7/lib64/libc.so.6
7fed1f64c000-7fed1f79c000 r-xp 00028000 08:01 23608330                   /home/toolchain/development/libc++_replacement/tmp/R11/extracted/bb/bb95acf2989fecd8ed536d259eb6ce43109882f58a219adcd440fd826537dda7/lib64/libc.so.6
7fed1f79c000-7fed1f7f2000 r--p 00178000 08:01 23608330                   /home/toolchain/development/libc++_replacement/tmp/R11/extracted/bb/bb95acf2989fecd8ed536d259eb6ce43109882f58a219adcd440fd826537dda7/lib64/libc.so.6
7fed1f7f2000-7fed1f7f6000 r--p 001ce000 08:01 23608330                   /home/toolchain/development/libc++_replacement/tmp/R11/extracted/bb/bb95acf2989fecd8ed536d259eb6ce43109882f58a219adcd440fd826537dda7/lib64/libc.so.6
7fed1f7f6000-7fed1f7f8000 rw-p 001d2000 08:01 23608330                   /home/toolchain/development/libc++_replacement/tmp/R11/extracted/bb/bb95acf2989fecd8ed536d259eb6ce43109882f58a219adcd440fd826537dda7/lib64/libc.so.6
7fed1f7f8000-7fed1f800000 rw-p 00000000 00:00 0 
7fed1f800000-7fed1f8a5000 r--p 00000000 08:01 23622988                   /home/toolchain/development/libc++_replacement/tmp/R11/extracted/b8/b8155206a459a575f0f701c66a553cd2029728963fa3938768131e9028e4ee6b/usr/lib64/libstdc++.so.6.0.33
7fed1f8a5000-7fed1f9cd000 r-xp 000a5000 08:01 23622988                   /home/toolchain/development/libc++_replacement/tmp/R11/extracted/b8/b8155206a459a575f0f701c66a553cd2029728963fa3938768131e9028e4ee6b/usr/lib64/libstdc++.so.6.0.33
7fed1f9cd000-7fed1fa54000 r--p 001cd000 08:01 23622988                   /home/toolchain/development/libc++_replacement/tmp/R11/extracted/b8/b8155206a459a575f0f701c66a553cd2029728963fa3938768131e9028e4ee6b/usr/lib64/libstdc++.so.6.0.33
7fed1fa54000-7fed1fa5f000 r--p 00254000 08:01 23622988                   /home/toolchain/development/libc++_replacement/tmp/R11/extracted/b8/b8155206a459a575f0f701c66a553cd2029728963fa3938768131e9028e4ee6b/usr/lib64/libstdc++.so.6.0.33
7fed1fa5f000-7fed1fa62000 rw-p 0025f000 08:01 23622988                   /home/toolchain/development/libc++_replacement/tmp/R11/extracted/b8/b8155206a459a575f0f701c66a553cd2029728963fa3938768131e9028e4ee6b/usr/lib64/libstdc++.so.6.0.33
7fed1fa62000-7fed1fa66000 rw-p 00000000 00:00 0 
7fed1fa66000-7fed1fa69000 r--p 00000000 08:01 25821531                   /home/toolchain/development/libc++_replacement/tmp/R11/extracted/04/0479582cf854b1e79cb313ce7fd578827584ea85f8f71ffadd3e1d12128c8a91/usr/lib64/libcapi-appfw-application.so.0.10.2
7fed1fa69000-7fed1fa6b000 r-xp 00003000 08:01 25821531                   /home/toolchain/development/libc++_replacement/tmp/R11/extracted/04/0479582cf854b1e79cb313ce7fd578827584ea85f8f71ffadd3e1d12128c8a91/usr/lib64/libcapi-appfw-application.so.0.10.2
7fed1fa6b000-7fed1fa6c000 r--p 00005000 08:01 25821531                   /home/toolchain/development/libc++_replacement/tmp/R11/extracted/04/0479582cf854b1e79cb313ce7fd578827584ea85f8f71ffadd3e1d12128c8a91/usr/lib64/libcapi-appfw-application.so.0.10.2
7fed1fa6c000-7fed1fa6d000 r--p 00005000 08:01 25821531                   /home/toolchain/development/libc++_replacement/tmp/R11/extracted/04/0479582cf854b1e79cb313ce7fd578827584ea85f8f71ffadd3e1d12128c8a91/usr/lib64/libcapi-appfw-application.so.0.10.2
7fed1fa6d000-7fed1fa6e000 rw-p 00006000 08:01 25821531                   /home/toolchain/development/libc++_replacement/tmp/R11/extracted/04/0479582cf854b1e79cb313ce7fd578827584ea85f8f71ffadd3e1d12128c8a91/usr/lib64/libcapi-appfw-application.so.0.10.2
7fed1fa6e000-7fed1fa71000 r--p 00000000 08:01 25835089                   /home/toolchain/development/libc++_replacement/tmp/R11/extracted/58/586534b7f03c86fd8b4cd92c882aab12ab0f404d48977f6f9b565fcb15c15df5/usr/lib64/libecore_imf.so.1.25.1
7fed1fa71000-7fed1fa74000 r-xp 00003000 08:01 25835089                   /home/toolchain/development/libc++_replacement/tmp/R11/extracted/58/586534b7f03c86fd8b4cd92c882aab12ab0f404d48977f6f9b565fcb15c15df5/usr/lib64/libecore_imf.so.1.25.1
7fed1fa74000-7fed1fa77000 r--p 00006000 08:01 25835089                   /home/toolchain/development/libc++_replacement/tmp/R11/extracted/58/586534b7f03c86fd8b4cd92c882aab12ab0f404d48977f6f9b565fcb15c15df5/usr/lib64/libecore_imf.so.1.25.1
7fed1fa77000-7fed1fa78000 r--p 00008000 08:01 25835089                   /home/toolchain/development/libc++_replacement/tmp/R11/extracted/58/586534b7f03c86fd8b4cd92c882aab12ab0f404d48977f6f9b565fcb15c15df5/usr/lib64/libecore_imf.so.1.25.1
7fed1fa78000-7fed1fa79000 rw-p 00009000 08:01 25835089                   /home/toolchain/development/libc++_replacement/tmp/R11/extracted/58/586534b7f03c86fd8b4cd92c882aab12ab0f404d48977f6f9b565fcb15c15df5/usr/lib64/libecore_imf.so.1.25.1
7fed1fa79000-7fed1fa8c000 rw-p 00000000 00:00 0 
7fed1fa8c000-7fed1fa8e000 r--p 00000000 103:01 24643894                  /usr/lib/x86_64-linux-gnu/libatomic.so.1.2.0
7fed1fa8e000-7fed1fa92000 r-xp 00002000 103:01 24643894                  /usr/lib/x86_64-linux-gnu/libatomic.so.1.2.0
7fed1fa92000-7fed1fa94000 r--p 00006000 103:01 24643894                  /usr/lib/x86_64-linux-gnu/libatomic.so.1.2.0
7fed1fa94000-7fed1fa95000 r--p 00007000 103:01 24643894                  /usr/lib/x86_64-linux-gnu/libatomic.so.1.2.0
7fed1fa95000-7fed1fa96000 rw-p 00008000 103:01 24643894                  /usr/lib/x86_64-linux-gnu/libatomic.so.1.2.0
7fed1fa96000-7fed1fa99000 rw-p 00000000 00:00 0 
7fed1fa99000-7fed1fa9a000 r--p 00000000 103:01 24641948                  /usr/lib/locale/C.utf8/LC_MESSAGES/SYS_LC_MESSAGES
7fed1fa9a000-7fed1fa9c000 r--p 00000000 08:01 25823631                   /home/toolchain/development/libc++_replacement/tmp/R11/extracted/58/58b5b4e8edc37e770743aa26322ac9098f19d1b63b26a9cfd6d11ddef864084d/usr/lib64/libcapi-system-info.so.0.5.2
7fed1fa9c000-7fed1fa9f000 r-xp 00002000 08:01 25823631                   /home/toolchain/development/libc++_replacement/tmp/R11/extracted/58/58b5b4e8edc37e770743aa26322ac9098f19d1b63b26a9cfd6d11ddef864084d/usr/lib64/libcapi-system-info.so.0.5.2
7fed1fa9f000-7fed1faa0000 r--p 00005000 08:01 25823631                   /home/toolchain/development/libc++_replacement/tmp/R11/extracted/58/58b5b4e8edc37e770743aa26322ac9098f19d1b63b26a9cfd6d11ddef864084d/usr/lib64/libcapi-system-info.so.0.5.2
7fed1faa0000-7fed1faa1000 r--p 00006000 08:01 25823631                   /home/toolchain/development/libc++_replacement/tmp/R11/extracted/58/58b5b4e8edc37e770743aa26322ac9098f19d1b63b26a9cfd6d11ddef864084d/usr/lib64/libcapi-system-info.so.0.5.2
7fed1faa1000-7fed1faa2000 rw-p 00007000 08:01 25823631                   /home/toolchain/development/libc++_replacement/tmp/R11/extracted/58/58b5b4e8edc37e770743aa26322ac9098f19d1b63b26a9cfd6d11ddef864084d/usr/lib64/libcapi-system-info.so.0.5.2
7fed1faa2000-7fed1faa6000 r-xp 00000000 08:01 68734948                   /home/toolchain/development/libcxx_runtime_validation/tmp/P12/build_P13/ewk_adaptor_reverse.so
7fed1faa6000-7fed1faa7000 r--p 00003000 08:01 68734948                   /home/toolchain/development/libcxx_runtime_validation/tmp/P12/build_P13/ewk_adaptor_reverse.so
7fed1faa7000-7fed1faa8000 rw-p 00004000 08:01 68734948                   /home/toolchain/development/libcxx_runtime_validation/tmp/P12/build_P13/ewk_adaptor_reverse.so
7fed1faa8000-7fed1faaa000 rw-p 00000000 00:00 0 
7fed1faaa000-7fed1faab000 r--p 00000000 08:01 23608461                   /home/toolchain/development/libc++_replacement/tmp/R11/extracted/bb/bb95acf2989fecd8ed536d259eb6ce43109882f58a219adcd440fd826537dda7/lib64/libpthread.so.0
7fed1faab000-7fed1faac000 r-xp 00001000 08:01 23608461                   /home/toolchain/development/libc++_replacement/tmp/R11/extracted/bb/bb95acf2989fecd8ed536d259eb6ce43109882f58a219adcd440fd826537dda7/lib64/libpthread.so.0
7fed1faac000-7fed1faad000 r--p 00002000 08:01 23608461                   /home/toolchain/development/libc++_replacement/tmp/R11/extracted/bb/bb95acf2989fecd8ed536d259eb6ce43109882f58a219adcd440fd826537dda7/lib64/libpthread.so.0
7fed1faad000-7fed1faae000 r--p 00002000 08:01 23608461                   /home/toolchain/development/libc++_replacement/tmp/R11/extracted/bb/bb95acf2989fecd8ed536d259eb6ce43109882f58a219adcd440fd826537dda7/lib64/libpthread.so.0
7fed1faae000-7fed1faaf000 rw-p 00003000 08:01 23608461                   /home/toolchain/development/libc++_replacement/tmp/R11/extracted/bb/bb95acf2989fecd8ed536d259eb6ce43109882f58a219adcd440fd826537dda7/lib64/libpthread.so.0
7fed1faaf000-7fed1fab3000 r--p 00000000 08:01 23621385                   /home/toolchain/development/libc++_replacement/tmp/R11/extracted/fe/fe622fb74e245c939c61ea5cca98dcbfc342fa7e12b1de0d8602be19ed35c441/usr/lib64/libgcc_s.so.1
7fed1fab3000-7fed1fad6000 r-xp 00004000 08:01 23621385                   /home/toolchain/development/libc++_replacement/tmp/R11/extracted/fe/fe622fb74e245c939c61ea5cca98dcbfc342fa7e12b1de0d8602be19ed35c441/usr/lib64/libgcc_s.so.1
7fed1fad6000-7fed1fada000 r--p 00027000 08:01 23621385                   /home/toolchain/development/libc++_replacement/tmp/R11/extracted/fe/fe622fb74e245c939c61ea5cca98dcbfc342fa7e12b1de0d8602be19ed35c441/usr/lib64/libgcc_s.so.1
7fed1fada000-7fed1fadb000 rw-p 0002b000 08:01 23621385                   /home/toolchain/development/libc++_replacement/tmp/R11/extracted/fe/fe622fb74e245c939c61ea5cca98dcbfc342fa7e12b1de0d8602be19ed35c441/usr/lib64/libgcc_s.so.1
7fed1fadb000-7fed1faeb000 r--p 00000000 08:01 23608339                   /home/toolchain/development/libc++_replacement/tmp/R11/extracted/bb/bb95acf2989fecd8ed536d259eb6ce43109882f58a219adcd440fd826537dda7/lib64/libm.so.6
7fed1faeb000-7fed1fb61000 r-xp 00010000 08:01 23608339                   /home/toolchain/development/libc++_replacement/tmp/R11/extracted/bb/bb95acf2989fecd8ed536d259eb6ce43109882f58a219adcd440fd826537dda7/lib64/libm.so.6
7fed1fb61000-7fed1fbbc000 r--p 00086000 08:01 23608339                   /home/toolchain/development/libc++_replacement/tmp/R11/extracted/bb/bb95acf2989fecd8ed536d259eb6ce43109882f58a219adcd440fd826537dda7/lib64/libm.so.6
7fed1fbbc000-7fed1fbbd000 r--p 000e0000 08:01 23608339                   /home/toolchain/development/libc++_replacement/tmp/R11/extracted/bb/bb95acf2989fecd8ed536d259eb6ce43109882f58a219adcd440fd826537dda7/lib64/libm.so.6
7fed1fbbd000-7fed1fbbe000 rw-p 000e1000 08:01 23608339                   /home/toolchain/development/libc++_replacement/tmp/R11/extracted/bb/bb95acf2989fecd8ed536d259eb6ce43109882f58a219adcd440fd826537dda7/lib64/libm.so.6
7fed1fbbe000-7fed1fbbf000 r--p 00000000 08:01 23608338                   /home/toolchain/development/libc++_replacement/tmp/R11/extracted/bb/bb95acf2989fecd8ed536d259eb6ce43109882f58a219adcd440fd826537dda7/lib64/libdl.so.2
7fed1fbbf000-7fed1fbc0000 r-xp 00001000 08:01 23608338                   /home/toolchain/development/libc++_replacement/tmp/R11/extracted/bb/bb95acf2989fecd8ed536d259eb6ce43109882f58a219adcd440fd826537dda7/lib64/libdl.so.2
7fed1fbc0000-7fed1fbc1000 r--p 00002000 08:01 23608338                   /home/toolchain/development/libc++_replacement/tmp/R11/extracted/bb/bb95acf2989fecd8ed536d259eb6ce43109882f58a219adcd440fd826537dda7/lib64/libdl.so.2
7fed1fbc1000-7fed1fbc2000 r--p 00002000 08:01 23608338                   /home/toolchain/development/libc++_replacement/tmp/R11/extracted/bb/bb95acf2989fecd8ed536d259eb6ce43109882f58a219adcd440fd826537dda7/lib64/libdl.so.2
7fed1fbc2000-7fed1fbc3000 rw-p 00003000 08:01 23608338                   /home/toolchain/development/libc++_replacement/tmp/R11/extracted/bb/bb95acf2989fecd8ed536d259eb6ce43109882f58a219adcd440fd826537dda7/lib64/libdl.so.2
7fed1fbc3000-7fed1fbc5000 rw-p 00000000 00:00 0 
7fed1fbc5000-7fed1fbd6000 r--p 00000000 08:01 72160044                   /home/toolchain/development/libcxx_runtime_validation/tmp/IMPL_0908/build-native/lib/libc++abi.so.1.0
7fed1fbd6000-7fed1fbf3000 r-xp 00011000 08:01 72160044                   /home/toolchain/development/libcxx_runtime_validation/tmp/IMPL_0908/build-native/lib/libc++abi.so.1.0
7fed1fbf3000-7fed1fbfd000 r--p 0002e000 08:01 72160044                   /home/toolchain/development/libcxx_runtime_validation/tmp/IMPL_0908/build-native/lib/libc++abi.so.1.0
7fed1fbfd000-7fed1fc02000 r--p 00038000 08:01 72160044                   /home/toolchain/development/libcxx_runtime_validation/tmp/IMPL_0908/build-native/lib/libc++abi.so.1.0
7fed1fc02000-7fed1fc03000 rw-p 0003d000 08:01 72160044                   /home/toolchain/development/libcxx_runtime_validation/tmp/IMPL_0908/build-native/lib/libc++abi.so.1.0
7fed1fc03000-7fed1fc3f000 r--p 00000000 08:01 72160099                   /home/toolchain/development/libcxx_runtime_validation/tmp/IMPL_0908/build-native/lib/libc++.so.1.0
7fed1fc3f000-7fed1fcb9000 r-xp 0003c000 08:01 72160099                   /home/toolchain/development/libcxx_runtime_validation/tmp/IMPL_0908/build-native/lib/libc++.so.1.0
7fed1fcb9000-7fed1fcfc000 r--p 000b6000 08:01 72160099                   /home/toolchain/development/libcxx_runtime_validation/tmp/IMPL_0908/build-native/lib/libc++.so.1.0
7fed1fcfc000-7fed1fd03000 r--p 000f8000 08:01 72160099                   /home/toolchain/development/libcxx_runtime_validation/tmp/IMPL_0908/build-native/lib/libc++.so.1.0
7fed1fd03000-7fed1fd04000 rw-p 000ff000 08:01 72160099                   /home/toolchain/development/libcxx_runtime_validation/tmp/IMPL_0908/build-native/lib/libc++.so.1.0
7fed1fd04000-7fed1fd0f000 rw-p 00000000 00:00 0 
7fed1fd0f000-7fed1fd10000 r--p 00000000 08:01 68735000                   /home/toolchain/development/libcxx_runtime_validation/tmp/P12/build_P13/p13_fault_allocator.so
7fed1fd10000-7fed1fd11000 r-xp 00001000 08:01 68735000                   /home/toolchain/development/libcxx_runtime_validation/tmp/P12/build_P13/p13_fault_allocator.so
7fed1fd11000-7fed1fd12000 r--p 00002000 08:01 68735000                   /home/toolchain/development/libcxx_runtime_validation/tmp/P12/build_P13/p13_fault_allocator.so
7fed1fd12000-7fed1fd13000 r--p 00002000 08:01 68735000                   /home/toolchain/development/libcxx_runtime_validation/tmp/P12/build_P13/p13_fault_allocator.so
7fed1fd13000-7fed1fd14000 rw-p 00003000 08:01 68735000                   /home/toolchain/development/libcxx_runtime_validation/tmp/P12/build_P13/p13_fault_allocator.so
7fed1fd14000-7fed1fd16000 rw-p 00000000 00:00 0 
7fed1fd16000-7fed1fd19000 r-xp 00000000 08:01 68735002                   /home/toolchain/development/libcxx_runtime_validation/tmp/P12/build_P13/contract_cxx
7fed1fd19000-7fed1fd1a000 ---p 00003000 08:01 68735002                   /home/toolchain/development/libcxx_runtime_validation/tmp/P12/build_P13/contract_cxx
7fed1fd1a000-7fed1fd1b000 r--p 00003000 08:01 68735002                   /home/toolchain/development/libcxx_runtime_validation/tmp/P12/build_P13/contract_cxx
7fed1fd1b000-7fed1fd1c000 rw-p 00004000 08:01 68735002                   /home/toolchain/development/libcxx_runtime_validation/tmp/P12/build_P13/contract_cxx
7fed1fd1c000-7fed1fd20000 r--p 00000000 00:00 0                          [vvar]
7fed1fd20000-7fed1fd22000 r--p 00000000 00:00 0                          [vvar_vclock]
7fed1fd22000-7fed1fd24000 r-xp 00000000 00:00 0                          [vdso]
7fed1fd24000-7fed1fd25000 r--p 00000000 08:01 23608327                   /home/toolchain/development/libc++_replacement/tmp/R11/extracted/bb/bb95acf2989fecd8ed536d259eb6ce43109882f58a219adcd440fd826537dda7/lib64/ld-linux-x86-64.so.2
7fed1fd25000-7fed1fd52000 r-xp 00001000 08:01 23608327                   /home/toolchain/development/libc++_replacement/tmp/R11/extracted/bb/bb95acf2989fecd8ed536d259eb6ce43109882f58a219adcd440fd826537dda7/lib64/ld-linux-x86-64.so.2
7fed1fd52000-7fed1fd5e000 r--p 0002e000 08:01 23608327                   /home/toolchain/development/libc++_replacement/tmp/R11/extracted/bb/bb95acf2989fecd8ed536d259eb6ce43109882f58a219adcd440fd826537dda7/lib64/ld-linux-x86-64.so.2
7fed1fd5e000-7fed1fd60000 r--p 0003a000 08:01 23608327                   /home/toolchain/development/libc++_replacement/tmp/R11/extracted/bb/bb95acf2989fecd8ed536d259eb6ce43109882f58a219adcd440fd826537dda7/lib64/ld-linux-x86-64.so.2
7fed1fd60000-7fed1fd62000 rw-p 0003c000 08:01 23608327                   /home/toolchain/development/libc++_replacement/tmp/R11/extracted/bb/bb95acf2989fecd8ed536d259eb6ce43109882f58a219adcd440fd826537dda7/lib64/ld-linux-x86-64.so.2
7fffbb619000-7fffbb63b000 rw-p 00000000 00:00 0                          [stack]
ffffffffff600000-ffffffffff601000 --xp 00000000 00:00 0                  [vsyscall]
MAP_ASSERT gnu=1 cxx=1 entry=1 provider=1 original=0
CONTRACT original=0 nth=1 injected=1 returned=1 valid=0 caught=0 errno=12 unchanged=1 success_exact=0 allocations=1 frees=1 live=0 bytes=0
FIELDS name_length=3 value_length=8 domain=keep path=/keep expiry=123
