--- prior reports and raw evidence references ---
docs/progress/R112/REPORT.md-41-推理中并非必然的环节是：“旧头把目标调用编成普通 `call`”不能单独推出“该次
docs/progress/R112/REPORT.md-42-展开必定跳过整个旧帧的清理”。最终 IP 被哪条 LSDA 区间覆盖还取决于同一函数
docs/progress/R112/REPORT.md-43-附近的其他调用、代码生成和布局。实测恰好观察到两种结果。
docs/progress/R112/REPORT.md-44-
docs/progress/R112/REPORT.md-45-### 2.2 实测设计
docs/progress/R112/REPORT.md-46-
docs/progress/R112/REPORT.md:47:探针使用裸 `pthread_create`、延迟取消和真实 `condition_variable::wait`。
docs/progress/R112/REPORT.md-48-解除规格组链接解除规格的实现，但旧调用方仍用带 `noexcept` 的旧头编译。
docs/progress/R112/REPORT.md-49-探针分别记录：
docs/progress/R112/REPORT.md-50-
docs/progress/R112/REPORT.md-51-- 帧内清理对象的析构是否执行；
docs/progress/R112/REPORT.md-52-- `unique_lock` 析构引发的目标 mutex 解锁次数；
docs/progress/R112/REPORT.md-53-- `pthread_mutex_trylock` 所见底层所有权状态；
--
docs/progress/R112/raw/054_inspect_item5_source_claims.stdout-362-    46	    ):
docs/progress/R112/raw/054_inspect_item5_source_claims.stdout-363-    47	        count = header.count(old)
docs/progress/R112/raw/054_inspect_item5_source_claims.stdout-364-    48	        header_replacements += count
docs/progress/R112/raw/054_inspect_item5_source_claims.stdout-365-    49	        header = header.replace(old, new)
docs/progress/R112/raw/054_inspect_item5_source_claims.stdout-366-    50	    for old, new in (
docs/progress/R112/raw/054_inspect_item5_source_claims.stdout-367-    51	        (
docs/progress/R112/raw/054_inspect_item5_source_claims.stdout:368:    52	            "void condition_variable::wait(unique_lock<mutex>& lk) noexcept {",
docs/progress/R112/raw/054_inspect_item5_source_claims.stdout:369:    53	            "void condition_variable::wait(unique_lock<mutex>& lk) {",
docs/progress/R112/raw/054_inspect_item5_source_claims.stdout-370-    54	        ),
docs/progress/R112/raw/054_inspect_item5_source_claims.stdout-371-    55	        (
docs/progress/R112/raw/054_inspect_item5_source_claims.stdout-372-    56	            "chrono::time_point<chrono::system_clock, chrono::nanoseconds> tp) noexcept {",
docs/progress/R112/raw/054_inspect_item5_source_claims.stdout-373-    57	            "chrono::time_point<chrono::system_clock, chrono::nanoseconds> tp) {",
docs/progress/R112/raw/054_inspect_item5_source_claims.stdout-374-    58	        ),
docs/progress/R112/raw/054_inspect_item5_source_claims.stdout-375-    59	    ):
--
docs/progress/R112/raw/021_inspect_item2_symbols_and_archive_scope_retry.stdout-37-   313	        _LIBCPP_VERSION)
docs/progress/R112/raw/021_inspect_item2_symbols_and_archive_scope_retry.stdout-38-   314	
docs/progress/R112/raw/021_inspect_item2_symbols_and_archive_scope_retry.stdout-39-   315	// This macro marks a symbol as being hidden from libc++'s ABI. This is achieved
docs/progress/R112/raw/021_inspect_item2_symbols_and_archive_scope_retry.stdout-40-   316	// on two levels:
docs/progress/R112/raw/021_inspect_item2_symbols_and_archive_scope_retry.stdout-41-OBJECT_SYMBOLS
docs/progress/R112/raw/021_inspect_item2_symbols_and_archive_scope_retry.stdout-42-FILE=docs/progress/R112/build/item2/old_tu.o
docs/progress/R112/raw/021_inspect_item2_symbols_and_archive_scope_retry.stdout:43:0000000000000000 W std::__1::cv_status std::__1::condition_variable::wait_until[abi:nqe220108]<std::__1::chrono::steady_clock, std::__1::chrono::duration<long long, std::__1::ratio<1l, 1000000000l> > >(std::__1::unique_lock<std::__1::mutex>&, std::__1::chrono::time_point<std::__1::chrono::steady_clock, std::__1::chrono::duration<long long, std::__1::ratio<1l, 1000000000l> > > const&)
docs/progress/R112/raw/021_inspect_item2_symbols_and_archive_scope_retry.stdout-44-0000000000000000 W std::__1::condition_variable::__do_timed_wait[abi:nqe220108](std::__1::unique_lock<std::__1::mutex>&, std::__1::chrono::time_point<std::__1::chrono::steady_clock, std::__1::chrono::duration<long long, std::__1::ratio<1l, 1000000000l> > >)
docs/progress/R112/raw/021_inspect_item2_symbols_and_archive_scope_retry.stdout-45-   [   13]   .text._ZNSt3__111unique_lockINS_5mutexEEC2B9nqe220108ERS1_NS_12defer_lock_tE
docs/progress/R112/raw/021_inspect_item2_symbols_and_archive_scope_retry.stdout-46-
docs/progress/R112/raw/021_inspect_item2_symbols_and_archive_scope_retry.stdout-47-COMDAT group section [   14] `.group' [_ZNSt3__118condition_variable10wait_untilB9nqe220108INS_6chrono12steady_clockENS2_8durationIxNS_5ratioILl1ELl1000000000EEEEEEENS_9cv_statusERNS_11unique_lockINS_5mutexEEERKNS2_10time_pointIT_T0_EE] contains 2 sections:
docs/progress/R112/raw/021_inspect_item2_symbols_and_archive_scope_retry.stdout-48-   [Index]    Name
docs/progress/R112/raw/021_inspect_item2_symbols_and_archive_scope_retry.stdout-49-   [   15]   .text._ZNSt3__118condition_variable10wait_untilB9nqe220108INS_6chrono12steady_clockENS2_8durationIxNS_5ratioILl1ELl1000000000EEEEEEENS_9cv_statusERNS_11unique_lockINS_5mutexEEERKNS2_10time_pointIT_T0_EE
--
docs/progress/R112/raw/021_inspect_item2_symbols_and_archive_scope_retry.stdout-64-
docs/progress/R112/raw/021_inspect_item2_symbols_and_archive_scope_retry.stdout-65-COMDAT group section [   66] `.group' [_ZNSt3__1ltB9nqe220108ENS_15strong_orderingENS_20_CmpUnspecifiedParamE] contains 1 sections:
docs/progress/R112/raw/021_inspect_item2_symbols_and_archive_scope_retry.stdout-66-   [Index]    Name
docs/progress/R112/raw/021_inspect_item2_symbols_and_archive_scope_retry.stdout-67-   [   67]   .text._ZNSt3__1ltB9nqe220108ENS_15strong_orderingENS_20_CmpUnspecifiedParamE
docs/progress/R112/raw/021_inspect_item2_symbols_and_archive_scope_retry.stdout-68-
docs/progress/R112/raw/021_inspect_item2_symbols_and_archive_scope_retry.stdout-69-FILE=docs/progress/R112/build/item2/new_tu.o
docs/progress/R112/raw/021_inspect_item2_symbols_and_archive_scope_retry.stdout:70:0000000000000000 W std::__1::cv_status std::__1::condition_variable::wait_until[abi:nqe220108]<std::__1::chrono::steady_clock, std::__1::chrono::duration<long long, std::__1::ratio<1l, 1000000000l> > >(std::__1::unique_lock<std::__1::mutex>&, std::__1::chrono::time_point<std::__1::chrono::steady_clock, std::__1::chrono::duration<long long, std::__1::ratio<1l, 1000000000l> > > const&)
docs/progress/R112/raw/021_inspect_item2_symbols_and_archive_scope_retry.stdout-71-0000000000000000 W std::__1::condition_variable::__do_timed_wait[abi:nqe220108](std::__1::unique_lock<std::__1::mutex>&, std::__1::chrono::time_point<std::__1::chrono::steady_clock, std::__1::chrono::duration<long long, std::__1::ratio<1l, 1000000000l> > >)
docs/progress/R112/raw/021_inspect_item2_symbols_and_archive_scope_retry.stdout-72-   [   13]   .text._ZNSt3__111unique_lockINS_5mutexEEC2B9nqe220108ERS1_NS_12defer_lock_tE
docs/progress/R112/raw/021_inspect_item2_symbols_and_archive_scope_retry.stdout-73-
docs/progress/R112/raw/021_inspect_item2_symbols_and_archive_scope_retry.stdout-74-COMDAT group section [   14] `.group' [_ZNSt3__118condition_variable10wait_untilB9nqe220108INS_6chrono12steady_clockENS2_8durationIxNS_5ratioILl1ELl1000000000EEEEEEENS_9cv_statusERNS_11unique_lockINS_5mutexEEERKNS2_10time_pointIT_T0_EE] contains 2 sections:
docs/progress/R112/raw/021_inspect_item2_symbols_and_archive_scope_retry.stdout-75-   [Index]    Name
docs/progress/R112/raw/021_inspect_item2_symbols_and_archive_scope_retry.stdout-76-   [   15]   .text._ZNSt3__118condition_variable10wait_untilB9nqe220108INS_6chrono12steady_clockENS2_8durationIxNS_5ratioILl1ELl1000000000EEEEEEENS_9cv_statusERNS_11unique_lockINS_5mutexEEERKNS2_10time_pointIT_T0_EE
--
docs/progress/R112/raw/021_inspect_item2_symbols_and_archive_scope_retry.stdout-91-COMDAT group section [   65] `.group' [_ZNSt3__1ltB9nqe220108ENS_15strong_orderingENS_20_CmpUnspecifiedParamE] contains 1 sections:
docs/progress/R112/raw/021_inspect_item2_symbols_and_archive_scope_retry.stdout-92-   [Index]    Name
docs/progress/R112/raw/021_inspect_item2_symbols_and_archive_scope_retry.stdout-93-   [   66]   .text._ZNSt3__1ltB9nqe220108ENS_15strong_orderingENS_20_CmpUnspecifiedParamE
docs/progress/R112/raw/021_inspect_item2_symbols_and_archive_scope_retry.stdout-94-
docs/progress/R112/raw/021_inspect_item2_symbols_and_archive_scope_retry.stdout-95-FINAL_SYMBOLS
docs/progress/R112/raw/021_inspect_item2_symbols_and_archive_scope_retry.stdout-96-FILE=old_first
docs/progress/R112/raw/021_inspect_item2_symbols_and_archive_scope_retry.stdout:97:00000000000015e0 t std::__1::cv_status std::__1::condition_variable::wait_until[abi:nqe220108]<std::__1::chrono::steady_clock, std::__1::chrono::duration<long long, std::__1::ratio<1l, 1000000000l> > >(std::__1::unique_lock<std::__1::mutex>&, std::__1::chrono::time_point<std::__1::chrono::steady_clock, std::__1::chrono::duration<long long, std::__1::ratio<1l, 1000000000l> > > const&)
docs/progress/R112/raw/021_inspect_item2_symbols_and_archive_scope_retry.stdout-98-0000000000001ae0 t std::__1::condition_variable::__do_timed_wait[abi:nqe220108](std::__1::unique_lock<std::__1::mutex>&, std::__1::chrono::time_point<std::__1::chrono::steady_clock, std::__1::chrono::duration<long long, std::__1::ratio<1l, 1000000000l> > >)
docs/progress/R112/raw/021_inspect_item2_symbols_and_archive_scope_retry.stdout-99-FILE=new_first
docs/progress/R112/raw/021_inspect_item2_symbols_and_archive_scope_retry.stdout:100:00000000000015e0 t std::__1::cv_status std::__1::condition_variable::wait_until[abi:nqe220108]<std::__1::chrono::steady_clock, std::__1::chrono::duration<long long, std::__1::ratio<1l, 1000000000l> > >(std::__1::unique_lock<std::__1::mutex>&, std::__1::chrono::time_point<std::__1::chrono::steady_clock, std::__1::chrono::duration<long long, std::__1::ratio<1l, 1000000000l> > > const&)
docs/progress/R112/raw/021_inspect_item2_symbols_and_archive_scope_retry.stdout-101-0000000000001ae0 t std::__1::condition_variable::__do_timed_wait[abi:nqe220108](std::__1::unique_lock<std::__1::mutex>&, std::__1::chrono::time_point<std::__1::chrono::steady_clock, std::__1::chrono::duration<long long, std::__1::ratio<1l, 1000000000l> > >)
docs/progress/R112/raw/021_inspect_item2_symbols_and_archive_scope_retry.stdout-102-FILE=archive_old_first
docs/progress/R112/raw/021_inspect_item2_symbols_and_archive_scope_retry.stdout:103:00000000000015e0 t std::__1::cv_status std::__1::condition_variable::wait_until[abi:nqe220108]<std::__1::chrono::steady_clock, std::__1::chrono::duration<long long, std::__1::ratio<1l, 1000000000l> > >(std::__1::unique_lock<std::__1::mutex>&, std::__1::chrono::time_point<std::__1::chrono::steady_clock, std::__1::chrono::duration<long long, std::__1::ratio<1l, 1000000000l> > > const&)
docs/progress/R112/raw/021_inspect_item2_symbols_and_archive_scope_retry.stdout-104-0000000000001ae0 t std::__1::condition_variable::__do_timed_wait[abi:nqe220108](std::__1::unique_lock<std::__1::mutex>&, std::__1::chrono::time_point<std::__1::chrono::steady_clock, std::__1::chrono::duration<long long, std::__1::ratio<1l, 1000000000l> > >)
docs/progress/R112/raw/021_inspect_item2_symbols_and_archive_scope_retry.stdout-105-MAP_SELECTION
docs/progress/R112/raw/021_inspect_item2_symbols_and_archive_scope_retry.stdout-106-FILE=docs/progress/R112/build/item2/archive_old_first.map
docs/progress/R112/raw/021_inspect_item2_symbols_and_archive_scope_retry.stdout-107-                0x0000000000000000      0x11a /home/toolchain/development/libcxx_runtime_validation/docs/progress/R112/build/item2/mixed_old_new.a(new_tu.o)
docs/progress/R112/raw/021_inspect_item2_symbols_and_archive_scope_retry.stdout-108- .group         0x0000000000000000        0xc /home/toolchain/development/libcxx_runtime_validation/docs/progress/R112/build/item2/mixed_old_new.a(new_tu.o)
docs/progress/R112/raw/021_inspect_item2_symbols_and_archive_scope_retry.stdout-109- .text._ZNSt3__118condition_variable15__do_timed_waitB9nqe220108ERNS_11unique_lockINS_5mutexEEENS_6chrono10time_pointINS5_12steady_clockENS5_8durationIxNS_5ratioILl1ELl1000000000EEEEEEE
--
docs/progress/R112/raw/057_inspect_item5_scope_and_prior_runtime_probes.stdout-18-    79	
docs/progress/R112/raw/057_inspect_item5_scope_and_prior_runtime_probes.stdout-19-    80	## 6. 缺口与证据索引
docs/progress/R112/raw/057_inspect_item5_scope_and_prior_runtime_probes.stdout-20-    81	
docs/progress/R112/raw/057_inspect_item5_scope_and_prior_runtime_probes.stdout-21-    82	缺口：外部产品/应用 BOM、最终 ELF 和重编声明 `NOT_AVAILABLE`；D03/D04 内联实例的全平台语义消费面 `NOT_AVAILABLE`；通过复杂宏、模板或跨文件别名形成的 311 条源码候选为 `NOT_DETERMINABLE`；自然底层错误在平台产品运行中的发生率为 `NOT_OBSERVED`。
docs/progress/R112/raw/057_inspect_item5_scope_and_prior_runtime_probes.stdout-22-    83	
docs/progress/R112/raw/057_inspect_item5_scope_and_prior_runtime_probes.stdout-23-    45	- **静态核查**：在 371 个既有源码包的条件变量专项扫描中，92 处调用可直接
docs/progress/R112/raw/057_inspect_item5_scope_and_prior_runtime_probes.stdout:24:    46	  归属于 `std::condition_variable`；其中生产代码或交付头文件 8 处，源码均表明
docs/progress/R112/raw/057_inspect_item5_scope_and_prior_runtime_probes.stdout-25-    47	  等待时持锁。另有 311 条词法候选不能只凭现有材料确认对象类型，不能据此判断
docs/progress/R112/raw/057_inspect_item5_scope_and_prior_runtime_probes.stdout-26-    48	  锁状态。
docs/progress/R112/raw/057_inspect_item5_scope_and_prior_runtime_probes.stdout-27-    49	- **静态核查**：冻结发布仓中 11,332 个包记录、39,166 个 ELF 均完成符号解析，
docs/progress/R112/raw/057_inspect_item5_scope_and_prior_runtime_probes.stdout-28-    50	  正向对照命中预期符号。普通和 system-clock 等待得到 601 个消费记录，全部映射
docs/progress/R112/raw/057_inspect_item5_scope_and_prior_runtime_probes.stdout-29-    51	  到既定迁移重编计划。头文件内联路径和外部产品/应用不在这个分母内。
docs/progress/R112/raw/057_inspect_item5_scope_and_prior_runtime_probes.stdout-30-    52	- **实测，x86_64**：保留异常规格时，未持锁和受控注入的 `EINVAL` 各 5/5 进入
--
docs/progress/R112/raw/055_inspect_item5_prior_scope_and_static_packaging.stdout-1-601_SCOPE_REPORTS
docs/progress/R112/raw/055_inspect_item5_prior_scope_and_static_packaging.stdout-2-    20	
docs/progress/R112/raw/055_inspect_item5_prior_scope_and_static_packaging.stdout:3:    21	宽收集表中另有 311 条不能仅凭词法把对象归属于 `std::condition_variable` 的候选。这些行保留为 `UNRESOLVED_CANDIDATE`，不计入 92 条，也不据此推断其锁状态。源码结论是“直接可归因的现有调用未发现违规”，不是语义完备证明。
docs/progress/R112/raw/055_inspect_item5_prior_scope_and_static_packaging.stdout-4-    22	
docs/progress/R112/raw/055_inspect_item5_prior_scope_and_static_packaging.stdout-5-    23	### 1.2 已发布 ELF 调用
docs/progress/R112/raw/055_inspect_item5_prior_scope_and_static_packaging.stdout-6-    24	
docs/progress/R112/raw/055_inspect_item5_prior_scope_and_static_packaging.stdout-7-    25	对 R11 的 11,332 个包记录、39,166 个 ELF 逐个解析符号表，解析失败 0；正向对照同时命中 D01/D02 两个预期符号。平台侧得到：
docs/progress/R112/raw/055_inspect_item5_prior_scope_and_static_packaging.stdout-8-    26	
docs/progress/R112/raw/055_inspect_item5_prior_scope_and_static_packaging.stdout-9-    27	- 612 条未定义符号记录；
--
docs/progress/R112/raw/055_inspect_item5_prior_scope_and_static_packaging.stdout-34-    83	
docs/progress/R112/raw/055_inspect_item5_prior_scope_and_static_packaging.stdout-35-    84	主要证据：
docs/progress/R112/raw/055_inspect_item5_prior_scope_and_static_packaging.stdout-36-    85	
docs/progress/R112/raw/055_inspect_item5_prior_scope_and_static_packaging.stdout-37-    86	- `tables/w1_source_callers.tsv`、`w1_source_callers_summary.tsv`：92 条直接调用及逐条锁状态复核；
docs/progress/R112/raw/055_inspect_item5_prior_scope_and_static_packaging.stdout-38-    44	  和底层故障仍可能触发；产品中的自然发生率为 `NOT_OBSERVED`。
docs/progress/R112/raw/055_inspect_item5_prior_scope_and_static_packaging.stdout-39-    45	- **静态核查**：在 371 个既有源码包的条件变量专项扫描中，92 处调用可直接
docs/progress/R112/raw/055_inspect_item5_prior_scope_and_static_packaging.stdout:40:    46	  归属于 `std::condition_variable`；其中生产代码或交付头文件 8 处，源码均表明
docs/progress/R112/raw/055_inspect_item5_prior_scope_and_static_packaging.stdout-41-    47	  等待时持锁。另有 311 条词法候选不能只凭现有材料确认对象类型，不能据此判断
docs/progress/R112/raw/055_inspect_item5_prior_scope_and_static_packaging.stdout-42-    48	  锁状态。
docs/progress/R112/raw/055_inspect_item5_prior_scope_and_static_packaging.stdout-43-    49	- **静态核查**：冻结发布仓中 11,332 个包记录、39,166 个 ELF 均完成符号解析，
docs/progress/R112/raw/055_inspect_item5_prior_scope_and_static_packaging.stdout-44-    50	  正向对照命中预期符号。普通和 system-clock 等待得到 601 个消费记录，全部映射
docs/progress/R112/raw/055_inspect_item5_prior_scope_and_static_packaging.stdout-45-    51	  到既定迁移重编计划。头文件内联路径和外部产品/应用不在这个分母内。
docs/progress/R112/raw/055_inspect_item5_prior_scope_and_static_packaging.stdout-46-    52	- **实测，x86_64**：保留异常规格时，未持锁和受控注入的 `EINVAL` 各 5/5 进入
--
docs/progress/R109/tables/w1_implementation_evidence.tsv-1-path	sha256	line_start	line_end	excerpt
docs/progress/R109/tables/w1_implementation_evidence.tsv-2-codes/llvm/libcxx/src/condition_variable.cpp	60f9ac564007c3b0b2e6d667fc5d72990f6ba79eed6d199600930a86291a0be5	29	63	"29: void condition_variable::notify_one() noexcept { __libcpp_condvar_signal(&__cv_); }
docs/progress/R109/tables/w1_implementation_evidence.tsv-3-30: 
docs/progress/R109/tables/w1_implementation_evidence.tsv-4-31: void condition_variable::notify_all() noexcept { __libcpp_condvar_broadcast(&__cv_); }
docs/progress/R109/tables/w1_implementation_evidence.tsv-5-32: 
docs/progress/R109/tables/w1_implementation_evidence.tsv:6:33: void condition_variable::wait(unique_lock<mutex>& lk) noexcept {
docs/progress/R109/tables/w1_implementation_evidence.tsv-7-34:   if (!lk.owns_lock())
docs/progress/R109/tables/w1_implementation_evidence.tsv:8:35:     std::__throw_system_error(EPERM, ""condition_variable::wait: mutex not locked"");
docs/progress/R109/tables/w1_implementation_evidence.tsv-9-36:   int ec = __libcpp_condvar_wait(&__cv_, lk.mutex()->native_handle());
docs/progress/R109/tables/w1_implementation_evidence.tsv-10-37:   if (ec)
docs/progress/R109/tables/w1_implementation_evidence.tsv-11-38:     std::__throw_system_error(ec, ""condition_variable wait failed"");
docs/progress/R109/tables/w1_implementation_evidence.tsv-12-39: }
docs/progress/R109/tables/w1_implementation_evidence.tsv-13-40: 
docs/progress/R109/tables/w1_implementation_evidence.tsv-14-41: void condition_variable::__do_timed_wait(unique_lock<mutex>& lk,
--
docs/progress/R109/tables/w1_caller_candidates.tsv-2330-  cv.wait_for(lock, std::chrono::milliseconds(100), []{ return false; });
docs/progress/R109/tables/w1_caller_candidates.tsv-2331-  // read data
docs/progress/R109/tables/w1_caller_candidates.tsv-2332-}"
docs/progress/R109/tables/w1_caller_candidates.tsv-2333-gcc-14.2.0-1.12.src.rpm	/home/toolchain/development/libc++_replacement/tmp/corpus/extracted/gcc-14.2.0-1.12.src.rpm/unpacked/gcc-14.2.0.tar.bz2/gcc-14.2.0/libstdc++-v3/testsuite/30_threads/condition_variable/members/53841.cc	47	cv	wait_until	l	LIKELY_HELD	unique_lock constructed from mutex without defer_lock	"{
docs/progress/R109/tables/w1_caller_candidates.tsv-2334-    std::mutex mx;
docs/progress/R109/tables/w1_caller_candidates.tsv-2335-    std::unique_lock<std::mutex> l(mx);
docs/progress/R109/tables/w1_caller_candidates.tsv:2336:    std::condition_variable cv;
docs/progress/R109/tables/w1_caller_candidates.tsv-2337-    cv.wait_until(l, FPClock::now());
docs/progress/R109/tables/w1_caller_candidates.tsv-2338-}"
docs/progress/R109/tables/w1_caller_candidates.tsv-2339-gcc-14.2.0-1.12.src.rpm	/home/toolchain/development/libc++_replacement/tmp/corpus/extracted/gcc-14.2.0-1.12.src.rpm/unpacked/gcc-14.2.0.tar.bz2/gcc-14.2.0/libstdc++-v3/testsuite/30_threads/condition_variable/members/103382.cc	47	cv	wait	l	NOT_DETERMINABLE	lock declaration not found in local window	"int main()
docs/progress/R109/tables/w1_caller_candidates.tsv-2340-{
docs/progress/R109/tables/w1_caller_candidates.tsv-2341-  test_cancel(
docs/progress/R109/tables/w1_caller_candidates.tsv:2342:      [](std::condition_variable& cv, std::unique_lock<std::mutex>& l) {
docs/progress/R109/tables/w1_caller_candidates.tsv-2343-	cv.wait(l);
docs/progress/R109/tables/w1_caller_candidates.tsv-2344-      });
docs/progress/R109/tables/w1_caller_candidates.tsv-2345-"
docs/progress/R109/tables/w1_caller_candidates.tsv-2346-gcc-14.2.0-1.12.src.rpm	/home/toolchain/development/libc++_replacement/tmp/corpus/extracted/gcc-14.2.0-1.12.src.rpm/unpacked/gcc-14.2.0.tar.bz2/gcc-14.2.0/libstdc++-v3/testsuite/30_threads/condition_variable/members/103382.cc	52	cv	wait	l	NOT_DETERMINABLE	lock declaration not found in local window	"      });
docs/progress/R109/tables/w1_caller_candidates.tsv-2347-
docs/progress/R109/tables/w1_caller_candidates.tsv-2348-  test_cancel(
docs/progress/R109/tables/w1_caller_candidates.tsv:2349:      [](std::condition_variable& cv, std::unique_lock<std::mutex>& l) {
docs/progress/R109/tables/w1_caller_candidates.tsv-2350-	cv.wait(l, []{ return false; });
docs/progress/R109/tables/w1_caller_candidates.tsv-2351-      });
docs/progress/R109/tables/w1_caller_candidates.tsv-2352-"
docs/progress/R109/tables/w1_caller_candidates.tsv-2353-gcc-14.2.0-1.12.src.rpm	/home/toolchain/development/libc++_replacement/tmp/corpus/extracted/gcc-14.2.0-1.12.src.rpm/unpacked/gcc-14.2.0.tar.bz2/gcc-14.2.0/libstdc++-v3/testsuite/30_threads/condition_variable/members/103382.cc	59	cv	wait_for	l	NOT_DETERMINABLE	lock declaration not found in local window	"  using mins = std::chrono::minutes;
docs/progress/R109/tables/w1_caller_candidates.tsv-2354-
docs/progress/R109/tables/w1_caller_candidates.tsv-2355-  test_cancel(
docs/progress/R109/tables/w1_caller_candidates.tsv:2356:      [](std::condition_variable& cv, std::unique_lock<std::mutex>& l) {
docs/progress/R109/tables/w1_caller_candidates.tsv-2357-	cv.wait_for(l, mins(1));
docs/progress/R109/tables/w1_caller_candidates.tsv-2358-      });
docs/progress/R109/tables/w1_caller_candidates.tsv-2359-"
docs/progress/R109/tables/w1_caller_candidates.tsv-2360-gcc-14.2.0-1.12.src.rpm	/home/toolchain/development/libc++_replacement/tmp/corpus/extracted/gcc-14.2.0-1.12.src.rpm/unpacked/gcc-14.2.0.tar.bz2/gcc-14.2.0/libstdc++-v3/testsuite/30_threads/condition_variable/members/103382.cc	64	cv	wait_until	l	NOT_DETERMINABLE	lock declaration not found in local window	"      });
docs/progress/R109/tables/w1_caller_candidates.tsv-2361-
docs/progress/R109/tables/w1_caller_candidates.tsv-2362-  test_cancel(
docs/progress/R109/tables/w1_caller_candidates.tsv:2363:      [](std::condition_variable& cv, std::unique_lock<std::mutex>& l) {
docs/progress/R109/tables/w1_caller_candidates.tsv-2364-	cv.wait_until(l, std::chrono::system_clock::now() + mins(1));
docs/progress/R109/tables/w1_caller_candidates.tsv-2365-      });
docs/progress/R109/tables/w1_caller_candidates.tsv-2366-}"
docs/progress/R109/tables/w1_caller_candidates.tsv-2367-gcc-14.2.0-1.12.src.rpm	/home/toolchain/development/libc++_replacement/tmp/corpus/extracted/gcc-14.2.0-1.12.src.rpm/unpacked/gcc-14.2.0.tar.bz2/gcc-14.2.0/libstdc++-v3/testsuite/30_threads/condition_variable/members/68519.cc	38	cv	wait_for	l	LIKELY_HELD	unique_lock constructed from mutex without defer_lock	"  for (int i = 0; i < 3; ++i)
docs/progress/R109/tables/w1_caller_candidates.tsv-2368-  {
docs/progress/R109/tables/w1_caller_candidates.tsv-2369-    std::unique_lock<std::mutex> l(mx);
--
docs/progress/R109/tables/w1_caller_candidates.tsv-2399-  cv.wait(lock, [&]{ return counter == 2; });
docs/progress/R109/tables/w1_caller_candidates.tsv-2400-  t.join();
docs/progress/R109/tables/w1_caller_candidates.tsv-2401-}"
docs/progress/R109/tables/w1_caller_candidates.tsv-2402-gcc-14.2.0-1.12.src.rpm	/home/toolchain/development/libc++_replacement/tmp/corpus/extracted/gcc-14.2.0-1.12.src.rpm/unpacked/gcc-14.2.0.tar.bz2/gcc-14.2.0/libstdc++-v3/testsuite/30_threads/condition_variable/members/clock_neg.cc	37	cv	wait_until	l	LIKELY_HELD	unique_lock constructed from mutex without defer_lock	"{
docs/progress/R109/tables/w1_caller_candidates.tsv-2403-  std::mutex m;
docs/progress/R109/tables/w1_caller_candidates.tsv-2404-  std::unique_lock<std::mutex> l(m);
docs/progress/R109/tables/w1_caller_candidates.tsv:2405:  std::condition_variable cv;
docs/progress/R109/tables/w1_caller_candidates.tsv-2406-  cv.wait_until(l, clok::now()); // { dg-error ""here"" }
docs/progress/R109/tables/w1_caller_candidates.tsv-2407-}
docs/progress/R109/tables/w1_caller_candidates.tsv-2408-"
docs/progress/R109/tables/w1_caller_candidates.tsv-2409-gcc-14.2.0-1.12.src.rpm	/home/toolchain/development/libc++_replacement/tmp/corpus/extracted/gcc-14.2.0-1.12.src.rpm/unpacked/gcc-14.2.0.tar.bz2/gcc-14.2.0/libstdc++-v3/testsuite/30_threads/condition_variable/members/clock_neg.cc	57	cv	wait_until	l	LIKELY_HELD	unique_lock constructed from mutex without defer_lock	"{
docs/progress/R109/tables/w1_caller_candidates.tsv-2410-  std::mutex m;
docs/progress/R109/tables/w1_caller_candidates.tsv-2411-  std::unique_lock<std::mutex> l(m);
docs/progress/R109/tables/w1_caller_candidates.tsv:2412:  std::condition_variable cv;
docs/progress/R109/tables/w1_caller_candidates.tsv-2413-  cv.wait_until(l, cloc::now()); // { dg-error ""here"" }
docs/progress/R109/tables/w1_caller_candidates.tsv-2414-}
docs/progress/R109/tables/w1_caller_candidates.tsv-2415-"
docs/progress/R109/tables/w1_caller_candidates.tsv-2416-gcc-14.2.0-1.12.src.rpm	/home/toolchain/development/libc++_replacement/tmp/corpus/extracted/gcc-14.2.0-1.12.src.rpm/unpacked/gcc-14.2.0.tar.bz2/gcc-14.2.0/libstdc++-v3/testsuite/30_threads/condition_variable/members/1.cc	38	c1	wait_for	l	LIKELY_HELD	unique_lock constructed from mutex without defer_lock	"      std::mutex m;
docs/progress/R109/tables/w1_caller_candidates.tsv-2417-      std::unique_lock<std::mutex> l(m);
docs/progress/R109/tables/w1_caller_candidates.tsv-2418-
--
docs/progress/R109/tables/w1_caller_candidates.tsv-2427-      std::cv_status result = c1.wait_until(m, then + ms);
docs/progress/R109/tables/w1_caller_candidates.tsv-2428-      VERIFY( result == std::cv_status::timeout );
docs/progress/R109/tables/w1_caller_candidates.tsv-2429-      VERIFY( (ClockType::now() - then) >= ms );"
docs/progress/R109/tables/w1_caller_candidates.tsv-2430-gcc-14.2.0-1.12.src.rpm	/home/toolchain/development/libc++_replacement/tmp/corpus/extracted/gcc-14.2.0-1.12.src.rpm/unpacked/gcc-14.2.0.tar.bz2/gcc-14.2.0/libstdc++-v3/testsuite/30_threads/condition_variable_any/members/clock_neg.cc	37	cv	wait_until	l	LIKELY_HELD	unique_lock constructed from mutex without defer_lock	"{
docs/progress/R109/tables/w1_caller_candidates.tsv-2431-  std::mutex m;
docs/progress/R109/tables/w1_caller_candidates.tsv-2432-  std::unique_lock<std::mutex> l(m);
docs/progress/R109/tables/w1_caller_candidates.tsv:2433:  std::condition_variable_any cv;
docs/progress/R109/tables/w1_caller_candidates.tsv-2434-  cv.wait_until(l, clok::now()); // { dg-error ""here"" }
docs/progress/R109/tables/w1_caller_candidates.tsv-2435-}
docs/progress/R109/tables/w1_caller_candidates.tsv-2436-"
docs/progress/R109/tables/w1_caller_candidates.tsv-2437-gcc-14.2.0-1.12.src.rpm	/home/toolchain/development/libc++_replacement/tmp/corpus/extracted/gcc-14.2.0-1.12.src.rpm/unpacked/gcc-14.2.0.tar.bz2/gcc-14.2.0/libstdc++-v3/testsuite/30_threads/condition_variable_any/members/clock_neg.cc	57	cv	wait_until	l	LIKELY_HELD	unique_lock constructed from mutex without defer_lock	"{
docs/progress/R109/tables/w1_caller_candidates.tsv-2438-  std::mutex m;
docs/progress/R109/tables/w1_caller_candidates.tsv-2439-  std::unique_lock<std::mutex> l(m);
docs/progress/R109/tables/w1_caller_candidates.tsv:2440:  std::condition_variable_any cv;
docs/progress/R109/tables/w1_caller_candidates.tsv-2441-  cv.wait_until(l, cloc::now()); // { dg-error ""here"" }
docs/progress/R109/tables/w1_caller_candidates.tsv-2442-}
docs/progress/R109/tables/w1_caller_candidates.tsv-2443-"
docs/progress/R109/tables/w1_caller_candidates.tsv-2444-gcc-14.2.0-1.12.src.rpm	/home/toolchain/development/libc++_replacement/tmp/corpus/extracted/gcc-14.2.0-1.12.src.rpm/unpacked/gcc-14.2.0.tar.bz2/gcc-14.2.0/libstdc++-v3/testsuite/30_threads/condition_variable_any/members/1.cc	62	c1	wait_for	m	NOT_DETERMINABLE	lock declaration not found in local window	"      Mutex m;
docs/progress/R109/tables/w1_caller_candidates.tsv-2445-      m.lock();
docs/progress/R109/tables/w1_caller_candidates.tsv-2446-
--
docs/progress/R109/tables/w1_caller_candidates.tsv-2581-  cv.wait_for(lock, std::chrono::milliseconds(100), []{ return false; });
docs/progress/R109/tables/w1_caller_candidates.tsv-2582-  // read data
docs/progress/R109/tables/w1_caller_candidates.tsv-2583-}"
docs/progress/R109/tables/w1_caller_candidates.tsv-2584-gcc-14.2.0-1.14.src.rpm	/home/toolchain/development/libc++_replacement/tmp/corpus/extracted/gcc-14.2.0-1.14.src.rpm/unpacked/gcc-14.2.0.tar.bz2/gcc-14.2.0/libstdc++-v3/testsuite/30_threads/condition_variable/members/53841.cc	47	cv	wait_until	l	LIKELY_HELD	unique_lock constructed from mutex without defer_lock	"{
docs/progress/R109/tables/w1_caller_candidates.tsv-2585-    std::mutex mx;
docs/progress/R109/tables/w1_caller_candidates.tsv-2586-    std::unique_lock<std::mutex> l(mx);
docs/progress/R109/tables/w1_caller_candidates.tsv:2587:    std::condition_variable cv;
docs/progress/R109/tables/w1_caller_candidates.tsv-2588-    cv.wait_until(l, FPClock::now());
docs/progress/R109/tables/w1_caller_candidates.tsv-2589-}"
docs/progress/R109/tables/w1_caller_candidates.tsv-2590-gcc-14.2.0-1.14.src.rpm	/home/toolchain/development/libc++_replacement/tmp/corpus/extracted/gcc-14.2.0-1.14.src.rpm/unpacked/gcc-14.2.0.tar.bz2/gcc-14.2.0/libstdc++-v3/testsuite/30_threads/condition_variable/members/103382.cc	47	cv	wait	l	NOT_DETERMINABLE	lock declaration not found in local window	"int main()
docs/progress/R109/tables/w1_caller_candidates.tsv-2591-{
docs/progress/R109/tables/w1_caller_candidates.tsv-2592-  test_cancel(
docs/progress/R109/tables/w1_caller_candidates.tsv:2593:      [](std::condition_variable& cv, std::unique_lock<std::mutex>& l) {
docs/progress/R109/tables/w1_caller_candidates.tsv-2594-	cv.wait(l);
docs/progress/R109/tables/w1_caller_candidates.tsv-2595-      });
docs/progress/R109/tables/w1_caller_candidates.tsv-2596-"
docs/progress/R109/tables/w1_caller_candidates.tsv-2597-gcc-14.2.0-1.14.src.rpm	/home/toolchain/development/libc++_replacement/tmp/corpus/extracted/gcc-14.2.0-1.14.src.rpm/unpacked/gcc-14.2.0.tar.bz2/gcc-14.2.0/libstdc++-v3/testsuite/30_threads/condition_variable/members/103382.cc	52	cv	wait	l	NOT_DETERMINABLE	lock declaration not found in local window	"      });
docs/progress/R109/tables/w1_caller_candidates.tsv-2598-
docs/progress/R109/tables/w1_caller_candidates.tsv-2599-  test_cancel(
docs/progress/R109/tables/w1_caller_candidates.tsv:2600:      [](std::condition_variable& cv, std::unique_lock<std::mutex>& l) {
docs/progress/R109/tables/w1_caller_candidates.tsv-2601-	cv.wait(l, []{ return false; });
docs/progress/R109/tables/w1_caller_candidates.tsv-2602-      });
docs/progress/R109/tables/w1_caller_candidates.tsv-2603-"
docs/progress/R109/tables/w1_caller_candidates.tsv-2604-gcc-14.2.0-1.14.src.rpm	/home/toolchain/development/libc++_replacement/tmp/corpus/extracted/gcc-14.2.0-1.14.src.rpm/unpacked/gcc-14.2.0.tar.bz2/gcc-14.2.0/libstdc++-v3/testsuite/30_threads/condition_variable/members/103382.cc	59	cv	wait_for	l	NOT_DETERMINABLE	lock declaration not found in local window	"  using mins = std::chrono::minutes;
docs/progress/R109/tables/w1_caller_candidates.tsv-2605-
docs/progress/R109/tables/w1_caller_candidates.tsv-2606-  test_cancel(
docs/progress/R109/tables/w1_caller_candidates.tsv:2607:      [](std::condition_variable& cv, std::unique_lock<std::mutex>& l) {
docs/progress/R109/tables/w1_caller_candidates.tsv-2608-	cv.wait_for(l, mins(1));
docs/progress/R109/tables/w1_caller_candidates.tsv-2609-      });
docs/progress/R109/tables/w1_caller_candidates.tsv-2610-"
docs/progress/R109/tables/w1_caller_candidates.tsv-2611-gcc-14.2.0-1.14.src.rpm	/home/toolchain/development/libc++_replacement/tmp/corpus/extracted/gcc-14.2.0-1.14.src.rpm/unpacked/gcc-14.2.0.tar.bz2/gcc-14.2.0/libstdc++-v3/testsuite/30_threads/condition_variable/members/103382.cc	64	cv	wait_until	l	NOT_DETERMINABLE	lock declaration not found in local window	"      });
docs/progress/R109/tables/w1_caller_candidates.tsv-2612-
docs/progress/R109/tables/w1_caller_candidates.tsv-2613-  test_cancel(
docs/progress/R109/tables/w1_caller_candidates.tsv:2614:      [](std::condition_variable& cv, std::unique_lock<std::mutex>& l) {
docs/progress/R109/tables/w1_caller_candidates.tsv-2615-	cv.wait_until(l, std::chrono::system_clock::now() + mins(1));
docs/progress/R109/tables/w1_caller_candidates.tsv-2616-      });
docs/progress/R109/tables/w1_caller_candidates.tsv-2617-}"
docs/progress/R109/tables/w1_caller_candidates.tsv-2618-gcc-14.2.0-1.14.src.rpm	/home/toolchain/development/libc++_replacement/tmp/corpus/extracted/gcc-14.2.0-1.14.src.rpm/unpacked/gcc-14.2.0.tar.bz2/gcc-14.2.0/libstdc++-v3/testsuite/30_threads/condition_variable/members/68519.cc	38	cv	wait_for	l	LIKELY_HELD	unique_lock constructed from mutex without defer_lock	"  for (int i = 0; i < 3; ++i)
docs/progress/R109/tables/w1_caller_candidates.tsv-2619-  {
docs/progress/R109/tables/w1_caller_candidates.tsv-2620-    std::unique_lock<std::mutex> l(mx);
--
docs/progress/R109/tables/w1_caller_candidates.tsv-2650-  cv.wait(lock, [&]{ return counter == 2; });
docs/progress/R109/tables/w1_caller_candidates.tsv-2651-  t.join();
docs/progress/R109/tables/w1_caller_candidates.tsv-2652-}"
docs/progress/R109/tables/w1_caller_candidates.tsv-2653-gcc-14.2.0-1.14.src.rpm	/home/toolchain/development/libc++_replacement/tmp/corpus/extracted/gcc-14.2.0-1.14.src.rpm/unpacked/gcc-14.2.0.tar.bz2/gcc-14.2.0/libstdc++-v3/testsuite/30_threads/condition_variable/members/clock_neg.cc	37	cv	wait_until	l	LIKELY_HELD	unique_lock constructed from mutex without defer_lock	"{
docs/progress/R109/tables/w1_caller_candidates.tsv-2654-  std::mutex m;
docs/progress/R109/tables/w1_caller_candidates.tsv-2655-  std::unique_lock<std::mutex> l(m);
docs/progress/R109/tables/w1_caller_candidates.tsv:2656:  std::condition_variable cv;
docs/progress/R109/tables/w1_caller_candidates.tsv-2657-  cv.wait_until(l, clok::now()); // { dg-error ""here"" }
docs/progress/R109/tables/w1_caller_candidates.tsv-2658-}
docs/progress/R109/tables/w1_caller_candidates.tsv-2659-"
docs/progress/R109/tables/w1_caller_candidates.tsv-2660-gcc-14.2.0-1.14.src.rpm	/home/toolchain/development/libc++_replacement/tmp/corpus/extracted/gcc-14.2.0-1.14.src.rpm/unpacked/gcc-14.2.0.tar.bz2/gcc-14.2.0/libstdc++-v3/testsuite/30_threads/condition_variable/members/clock_neg.cc	57	cv	wait_until	l	LIKELY_HELD	unique_lock constructed from mutex without defer_lock	"{
docs/progress/R109/tables/w1_caller_candidates.tsv-2661-  std::mutex m;
docs/progress/R109/tables/w1_caller_candidates.tsv-2662-  std::unique_lock<std::mutex> l(m);
docs/progress/R109/tables/w1_caller_candidates.tsv:2663:  std::condition_variable cv;
docs/progress/R109/tables/w1_caller_candidates.tsv-2664-  cv.wait_until(l, cloc::now()); // { dg-error ""here"" }
docs/progress/R109/tables/w1_caller_candidates.tsv-2665-}
docs/progress/R109/tables/w1_caller_candidates.tsv-2666-"
docs/progress/R109/tables/w1_caller_candidates.tsv-2667-gcc-14.2.0-1.14.src.rpm	/home/toolchain/development/libc++_replacement/tmp/corpus/extracted/gcc-14.2.0-1.14.src.rpm/unpacked/gcc-14.2.0.tar.bz2/gcc-14.2.0/libstdc++-v3/testsuite/30_threads/condition_variable/members/1.cc	38	c1	wait_for	l	LIKELY_HELD	unique_lock constructed from mutex without defer_lock	"      std::mutex m;
docs/progress/R109/tables/w1_caller_candidates.tsv-2668-      std::unique_lock<std::mutex> l(m);
docs/progress/R109/tables/w1_caller_candidates.tsv-2669-
--
docs/progress/R109/tables/w1_caller_candidates.tsv-2678-      std::cv_status result = c1.wait_until(m, then + ms);
docs/progress/R109/tables/w1_caller_candidates.tsv-2679-      VERIFY( result == std::cv_status::timeout );
docs/progress/R109/tables/w1_caller_candidates.tsv-2680-      VERIFY( (ClockType::now() - then) >= ms );"
docs/progress/R109/tables/w1_caller_candidates.tsv-2681-gcc-14.2.0-1.14.src.rpm	/home/toolchain/development/libc++_replacement/tmp/corpus/extracted/gcc-14.2.0-1.14.src.rpm/unpacked/gcc-14.2.0.tar.bz2/gcc-14.2.0/libstdc++-v3/testsuite/30_threads/condition_variable_any/members/clock_neg.cc	37	cv	wait_until	l	LIKELY_HELD	unique_lock constructed from mutex without defer_lock	"{
docs/progress/R109/tables/w1_caller_candidates.tsv-2682-  std::mutex m;
docs/progress/R109/tables/w1_caller_candidates.tsv-2683-  std::unique_lock<std::mutex> l(m);
docs/progress/R109/tables/w1_caller_candidates.tsv:2684:  std::condition_variable_any cv;
docs/progress/R109/tables/w1_caller_candidates.tsv-2685-  cv.wait_until(l, clok::now()); // { dg-error ""here"" }
docs/progress/R109/tables/w1_caller_candidates.tsv-2686-}
docs/progress/R109/tables/w1_caller_candidates.tsv-2687-"
docs/progress/R109/tables/w1_caller_candidates.tsv-2688-gcc-14.2.0-1.14.src.rpm	/home/toolchain/development/libc++_replacement/tmp/corpus/extracted/gcc-14.2.0-1.14.src.rpm/unpacked/gcc-14.2.0.tar.bz2/gcc-14.2.0/libstdc++-v3/testsuite/30_threads/condition_variable_any/members/clock_neg.cc	57	cv	wait_until	l	LIKELY_HELD	unique_lock constructed from mutex without defer_lock	"{
docs/progress/R109/tables/w1_caller_candidates.tsv-2689-  std::mutex m;
docs/progress/R109/tables/w1_caller_candidates.tsv-2690-  std::unique_lock<std::mutex> l(m);
docs/progress/R109/tables/w1_caller_candidates.tsv:2691:  std::condition_variable_any cv;
docs/progress/R109/tables/w1_caller_candidates.tsv-2692-  cv.wait_until(l, cloc::now()); // { dg-error ""here"" }
docs/progress/R109/tables/w1_caller_candidates.tsv-2693-}
docs/progress/R109/tables/w1_caller_candidates.tsv-2694-"
docs/progress/R109/tables/w1_caller_candidates.tsv-2695-gcc-14.2.0-1.14.src.rpm	/home/toolchain/development/libc++_replacement/tmp/corpus/extracted/gcc-14.2.0-1.14.src.rpm/unpacked/gcc-14.2.0.tar.bz2/gcc-14.2.0/libstdc++-v3/testsuite/30_threads/condition_variable_any/members/1.cc	62	c1	wait_for	m	NOT_DETERMINABLE	lock declaration not found in local window	"      Mutex m;
docs/progress/R109/tables/w1_caller_candidates.tsv-2696-      m.lock();
docs/progress/R109/tables/w1_caller_candidates.tsv-2697-
--
docs/progress/R109/tables/w1_caller_candidates.tsv-2822-    condition.notify_one();
docs/progress/R109/tables/w1_caller_candidates.tsv-2823-  });
docs/progress/R109/tables/w1_caller_candidates.tsv-2824-  try {
docs/progress/R109/tables/w1_caller_candidates.tsv-2825-    condition.wait(lock);
docs/progress/R109/tables/w1_caller_candidates.tsv-2826-    notifier.join();
docs/progress/R109/tables/w1_caller_candidates.tsv-2827-    const bool library_claims_ownership = lock.owns_lock();"
docs/progress/R109/tables/w1_caller_candidates.tsv:2828:POSITIVE_CONTROL	docs/progress/R109/code/w1_behavior_probe.cpp	63	condition	wait	lock	LIKELY_HELD	unique_lock constructed from mutex without defer_lock	"  std::condition_variable condition;
docs/progress/R109/tables/w1_caller_candidates.tsv-2829-  std::mutex mutex;
docs/progress/R109/tables/w1_caller_candidates.tsv-2830-  std::unique_lock<std::mutex> lock(mutex);
docs/progress/R109/tables/w1_caller_candidates.tsv-2831-  try {
docs/progress/R109/tables/w1_caller_candidates.tsv-2832-    condition.wait(lock);
docs/progress/R109/tables/w1_caller_candidates.tsv-2833-    std::printf(""event=returned owns_lock=%d\n"", lock.owns_lock() ? 1 : 0);
docs/progress/R109/tables/w1_caller_candidates.tsv-2834-    return 0;"
docs/progress/R109/tables/w1_caller_candidates.tsv-2835-POSITIVE_CONTROL	docs/progress/R109/code/w1_caller_control.cpp	6	condition	wait	held	LIKELY_HELD	unique_lock constructed from mutex without defer_lock	"#include <mutex>
docs/progress/R109/tables/w1_caller_candidates.tsv-2836-
docs/progress/R109/tables/w1_caller_candidates.tsv:2837:void control(std::condition_variable& condition, std::mutex& mutex) {
docs/progress/R109/tables/w1_caller_candidates.tsv-2838-  std::unique_lock<std::mutex> held(mutex);
docs/progress/R109/tables/w1_caller_candidates.tsv-2839-  condition.wait(held);
docs/progress/R109/tables/w1_caller_candidates.tsv-2840-  std::unique_lock<std::mutex> unheld(mutex, std::defer_lock);
docs/progress/R109/tables/w1_caller_candidates.tsv-2841-  condition.wait(unheld);"
docs/progress/R109/tables/w1_caller_candidates.tsv:2842:POSITIVE_CONTROL	docs/progress/R109/code/w1_caller_control.cpp	8	condition	wait	unheld	POSSIBLY_NOT_HELD	constructed with defer_lock and no local lock() found	"void control(std::condition_variable& condition, std::mutex& mutex) {
docs/progress/R109/tables/w1_caller_candidates.tsv-2843-  std::unique_lock<std::mutex> held(mutex);
docs/progress/R109/tables/w1_caller_candidates.tsv-2844-  condition.wait(held);
docs/progress/R109/tables/w1_caller_candidates.tsv-2845-  std::unique_lock<std::mutex> unheld(mutex, std::defer_lock);
docs/progress/R109/tables/w1_caller_candidates.tsv-2846-  condition.wait(unheld);
docs/progress/R109/tables/w1_caller_candidates.tsv-2847-}"
--
docs/progress/R110/DECISION_BACKGROUND.md-20-边界，不只是符号能否链接。
docs/progress/R110/DECISION_BACKGROUND.md-21-
docs/progress/R110/DECISION_BACKGROUND.md-22-## 是否允许条件变量的普通错误作为异常传播
docs/progress/R110/DECISION_BACKGROUND.md-23-
docs/progress/R110/DECISION_BACKGROUND.md-24-### 要决定的是什么
docs/progress/R110/DECISION_BACKGROUND.md-25-
docs/progress/R110/DECISION_BACKGROUND.md:26:当前 libc++ 的 `condition_variable::wait` 及相关定时等待虽然在实现内生成
docs/progress/R110/DECISION_BACKGROUND.md-27-`system_error`，其外层异常规格却会把该异常转成进程终止。待决定的是：保留
docs/progress/R110/DECISION_BACKGROUND.md-28-这一行为，还是解除相应异常规格，使重新编译的调用方在“未持锁调用”或底层等待
docs/progress/R110/DECISION_BACKGROUND.md-29-返回普通错误时能够观察到 `system_error`。
docs/progress/R110/DECISION_BACKGROUND.md-30-
docs/progress/R110/DECISION_BACKGROUND.md-31-这不是只影响线程取消的改动。即使没有任何取消，两个普通错误入口也存在可观察
docs/progress/R110/DECISION_BACKGROUND.md-32-差异。
--
docs/progress/R110/DECISION_BACKGROUND.md-40-  `EOWNERDEAD`、`ENOTRECOVERABLE` 和优先级保护相关错误；定时入口还可能因非法
docs/progress/R110/DECISION_BACKGROUND.md-41-  纳秒或不支持的时钟得到 `EINVAL`。
docs/progress/R110/DECISION_BACKGROUND.md-42-- **推断**：标准、未被篡改的 `std::mutex` 和 libc++ 自身生成的时间值没有已知
docs/progress/R110/DECISION_BACKGROUND.md-43-  合规路径自然触发上述错误。通过 `native_handle()` 重建或篡改互斥量、对象损坏
docs/progress/R110/DECISION_BACKGROUND.md-44-  和底层故障仍可能触发；产品中的自然发生率为 `NOT_OBSERVED`。
docs/progress/R110/DECISION_BACKGROUND.md-45-- **静态核查**：在 371 个既有源码包的条件变量专项扫描中，92 处调用可直接
docs/progress/R110/DECISION_BACKGROUND.md:46:  归属于 `std::condition_variable`；其中生产代码或交付头文件 8 处，源码均表明
docs/progress/R110/DECISION_BACKGROUND.md-47-  等待时持锁。另有 311 条词法候选不能只凭现有材料确认对象类型，不能据此判断
docs/progress/R110/DECISION_BACKGROUND.md-48-  锁状态。
docs/progress/R110/DECISION_BACKGROUND.md-49-- **静态核查**：冻结发布仓中 11,332 个包记录、39,166 个 ELF 均完成符号解析，
docs/progress/R110/DECISION_BACKGROUND.md-50-  正向对照命中预期符号。普通和 system-clock 等待得到 601 个消费记录，全部映射
docs/progress/R110/DECISION_BACKGROUND.md-51-  到既定迁移重编计划。头文件内联路径和外部产品/应用不在这个分母内。
docs/progress/R110/DECISION_BACKGROUND.md-52-- **实测，x86_64**：保留异常规格时，未持锁和受控注入的 `EINVAL` 各 5/5 进入
--
docs/progress/R110/DECISION_BACKGROUND.md-59-- **实测，x86_64**：持锁且底层成功、以及正常超时的样本没有观察到行为变化。
docs/progress/R110/DECISION_BACKGROUND.md-60-  这只证明所测成功路径，不证明所有时序和互斥量属性组合均无差异。
docs/progress/R110/DECISION_BACKGROUND.md-61-
docs/progress/R110/DECISION_BACKGROUND.md-62-### libstdc++ 的对应行为
docs/progress/R110/DECISION_BACKGROUND.md-63-
docs/progress/R110/DECISION_BACKGROUND.md-64-- **静态核查**：GCC 曾为线程取消解除公开普通等待和内部普通/定时等待的
docs/progress/R110/DECISION_BACKGROUND.md:65:  `noexcept`；只有公开的 out-of-line `condition_variable::wait` 保留旧、新两个
docs/progress/R110/DECISION_BACKGROUND.md-66-  符号版本。这一上游改动主要解决强制展开。
docs/progress/R110/DECISION_BACKGROUND.md-67-- **静态核查**：libstdc++ 对 libc++ 的两条普通错误路径没有对应检查，也不把
docs/progress/R110/DECISION_BACKGROUND.md-68-  底层错误码转换成 `system_error`。因此 GCC 解除异常规格时没有引入 libc++ 这里
docs/progress/R110/DECISION_BACKGROUND.md-69-  的“终止变为普通异常”策略变化；平台必须独立决定该策略。
docs/progress/R110/DECISION_BACKGROUND.md-70-- **实测，x86_64**：libstdc++ 未持锁格 5/5 返回，但返回后
docs/progress/R110/DECISION_BACKGROUND.md-71-  `unique_lock::owns_lock()==false`，native mutex 的 `try_lock` 仍报告 busy；库层
--
docs/progress/R109/tables/w1_source_callers.tsv-321-    condition_.wait(lock, [this]{ return !message_queue_.empty(); });
docs/progress/R109/tables/w1_source_callers.tsv-322-    Message msg(std::move(message_queue_.front()));
docs/progress/R109/tables/w1_source_callers.tsv-323-    message_queue_.pop_front();"	DIRECT_STD_DECLARATION	TEST_EXAMPLE_BENCH	SOURCE_INDICATES_HELD	unique_lock constructed from mutex without defer_lock
docs/progress/R109/tables/w1_source_callers.tsv-324-gcc-14.2.0-1.12.src.rpm	/home/toolchain/development/libc++_replacement/tmp/corpus/extracted/gcc-14.2.0-1.12.src.rpm/unpacked/gcc-14.2.0.tar.bz2/gcc-14.2.0/libstdc++-v3/testsuite/30_threads/condition_variable/members/53841.cc	47	cv	wait_until	l	LIKELY_HELD	unique_lock constructed from mutex without defer_lock	"{
docs/progress/R109/tables/w1_source_callers.tsv-325-    std::mutex mx;
docs/progress/R109/tables/w1_source_callers.tsv-326-    std::unique_lock<std::mutex> l(mx);
docs/progress/R109/tables/w1_source_callers.tsv:327:    std::condition_variable cv;
docs/progress/R109/tables/w1_source_callers.tsv-328-    cv.wait_until(l, FPClock::now());
docs/progress/R109/tables/w1_source_callers.tsv-329-}"	DIRECT_STD_DECLARATION	TEST_EXAMPLE_BENCH	SOURCE_INDICATES_HELD	unique_lock constructed from mutex without defer_lock
docs/progress/R109/tables/w1_source_callers.tsv-330-gcc-14.2.0-1.12.src.rpm	/home/toolchain/development/libc++_replacement/tmp/corpus/extracted/gcc-14.2.0-1.12.src.rpm/unpacked/gcc-14.2.0.tar.bz2/gcc-14.2.0/libstdc++-v3/testsuite/30_threads/condition_variable/members/103382.cc	47	cv	wait	l	NOT_DETERMINABLE	lock declaration not found in local window	"int main()
docs/progress/R109/tables/w1_source_callers.tsv-331-{
docs/progress/R109/tables/w1_source_callers.tsv-332-  test_cancel(
docs/progress/R109/tables/w1_source_callers.tsv:333:      [](std::condition_variable& cv, std::unique_lock<std::mutex>& l) {
docs/progress/R109/tables/w1_source_callers.tsv-334-	cv.wait(l);
docs/progress/R109/tables/w1_source_callers.tsv-335-      });
docs/progress/R109/tables/w1_source_callers.tsv-336-"	DIRECT_STD_DECLARATION	TEST_EXAMPLE_BENCH	SOURCE_INDICATES_HELD	manual control-flow review found direct owning unique_lock construction before wait
docs/progress/R109/tables/w1_source_callers.tsv-337-gcc-14.2.0-1.12.src.rpm	/home/toolchain/development/libc++_replacement/tmp/corpus/extracted/gcc-14.2.0-1.12.src.rpm/unpacked/gcc-14.2.0.tar.bz2/gcc-14.2.0/libstdc++-v3/testsuite/30_threads/condition_variable/members/103382.cc	52	cv	wait	l	NOT_DETERMINABLE	lock declaration not found in local window	"      });
docs/progress/R109/tables/w1_source_callers.tsv-338-
docs/progress/R109/tables/w1_source_callers.tsv-339-  test_cancel(
docs/progress/R109/tables/w1_source_callers.tsv:340:      [](std::condition_variable& cv, std::unique_lock<std::mutex>& l) {
docs/progress/R109/tables/w1_source_callers.tsv-341-	cv.wait(l, []{ return false; });
docs/progress/R109/tables/w1_source_callers.tsv-342-      });
docs/progress/R109/tables/w1_source_callers.tsv-343-"	DIRECT_STD_DECLARATION	TEST_EXAMPLE_BENCH	SOURCE_INDICATES_HELD	manual control-flow review found direct owning unique_lock construction before wait
docs/progress/R109/tables/w1_source_callers.tsv-344-gcc-14.2.0-1.12.src.rpm	/home/toolchain/development/libc++_replacement/tmp/corpus/extracted/gcc-14.2.0-1.12.src.rpm/unpacked/gcc-14.2.0.tar.bz2/gcc-14.2.0/libstdc++-v3/testsuite/30_threads/condition_variable/members/103382.cc	59	cv	wait_for	l	NOT_DETERMINABLE	lock declaration not found in local window	"  using mins = std::chrono::minutes;
docs/progress/R109/tables/w1_source_callers.tsv-345-
docs/progress/R109/tables/w1_source_callers.tsv-346-  test_cancel(
docs/progress/R109/tables/w1_source_callers.tsv:347:      [](std::condition_variable& cv, std::unique_lock<std::mutex>& l) {
docs/progress/R109/tables/w1_source_callers.tsv-348-	cv.wait_for(l, mins(1));
docs/progress/R109/tables/w1_source_callers.tsv-349-      });
docs/progress/R109/tables/w1_source_callers.tsv-350-"	DIRECT_STD_DECLARATION	TEST_EXAMPLE_BENCH	SOURCE_INDICATES_HELD	manual control-flow review found direct owning unique_lock construction before wait
docs/progress/R109/tables/w1_source_callers.tsv-351-gcc-14.2.0-1.12.src.rpm	/home/toolchain/development/libc++_replacement/tmp/corpus/extracted/gcc-14.2.0-1.12.src.rpm/unpacked/gcc-14.2.0.tar.bz2/gcc-14.2.0/libstdc++-v3/testsuite/30_threads/condition_variable/members/103382.cc	64	cv	wait_until	l	NOT_DETERMINABLE	lock declaration not found in local window	"      });
docs/progress/R109/tables/w1_source_callers.tsv-352-
docs/progress/R109/tables/w1_source_callers.tsv-353-  test_cancel(
docs/progress/R109/tables/w1_source_callers.tsv:354:      [](std::condition_variable& cv, std::unique_lock<std::mutex>& l) {
docs/progress/R109/tables/w1_source_callers.tsv-355-	cv.wait_until(l, std::chrono::system_clock::now() + mins(1));
docs/progress/R109/tables/w1_source_callers.tsv-356-      });
docs/progress/R109/tables/w1_source_callers.tsv-357-}"	DIRECT_STD_DECLARATION	TEST_EXAMPLE_BENCH	SOURCE_INDICATES_HELD	manual control-flow review found direct owning unique_lock construction before wait
docs/progress/R109/tables/w1_source_callers.tsv-358-gcc-14.2.0-1.12.src.rpm	/home/toolchain/development/libc++_replacement/tmp/corpus/extracted/gcc-14.2.0-1.12.src.rpm/unpacked/gcc-14.2.0.tar.bz2/gcc-14.2.0/libstdc++-v3/testsuite/30_threads/condition_variable/members/68519.cc	38	cv	wait_for	l	LIKELY_HELD	unique_lock constructed from mutex without defer_lock	"  for (int i = 0; i < 3; ++i)
docs/progress/R109/tables/w1_source_callers.tsv-359-  {
docs/progress/R109/tables/w1_source_callers.tsv-360-    std::unique_lock<std::mutex> l(mx);
--
docs/progress/R109/tables/w1_source_callers.tsv-390-  cv.wait(lock, [&]{ return counter == 2; });
docs/progress/R109/tables/w1_source_callers.tsv-391-  t.join();
docs/progress/R109/tables/w1_source_callers.tsv-392-}"	DIRECT_STD_DECLARATION	TEST_EXAMPLE_BENCH	SOURCE_INDICATES_HELD	manual control-flow review found direct owning unique_lock construction before wait
docs/progress/R109/tables/w1_source_callers.tsv-393-gcc-14.2.0-1.12.src.rpm	/home/toolchain/development/libc++_replacement/tmp/corpus/extracted/gcc-14.2.0-1.12.src.rpm/unpacked/gcc-14.2.0.tar.bz2/gcc-14.2.0/libstdc++-v3/testsuite/30_threads/condition_variable/members/clock_neg.cc	37	cv	wait_until	l	LIKELY_HELD	unique_lock constructed from mutex without defer_lock	"{
docs/progress/R109/tables/w1_source_callers.tsv-394-  std::mutex m;
docs/progress/R109/tables/w1_source_callers.tsv-395-  std::unique_lock<std::mutex> l(m);
docs/progress/R109/tables/w1_source_callers.tsv:396:  std::condition_variable cv;
docs/progress/R109/tables/w1_source_callers.tsv-397-  cv.wait_until(l, clok::now()); // { dg-error ""here"" }
docs/progress/R109/tables/w1_source_callers.tsv-398-}
docs/progress/R109/tables/w1_source_callers.tsv-399-"	DIRECT_STD_DECLARATION	TEST_EXAMPLE_BENCH	SOURCE_INDICATES_HELD	unique_lock constructed from mutex without defer_lock
docs/progress/R109/tables/w1_source_callers.tsv-400-gcc-14.2.0-1.12.src.rpm	/home/toolchain/development/libc++_replacement/tmp/corpus/extracted/gcc-14.2.0-1.12.src.rpm/unpacked/gcc-14.2.0.tar.bz2/gcc-14.2.0/libstdc++-v3/testsuite/30_threads/condition_variable/members/clock_neg.cc	57	cv	wait_until	l	LIKELY_HELD	unique_lock constructed from mutex without defer_lock	"{
docs/progress/R109/tables/w1_source_callers.tsv-401-  std::mutex m;
docs/progress/R109/tables/w1_source_callers.tsv-402-  std::unique_lock<std::mutex> l(m);
docs/progress/R109/tables/w1_source_callers.tsv:403:  std::condition_variable cv;
docs/progress/R109/tables/w1_source_callers.tsv-404-  cv.wait_until(l, cloc::now()); // { dg-error ""here"" }
docs/progress/R109/tables/w1_source_callers.tsv-405-}
docs/progress/R109/tables/w1_source_callers.tsv-406-"	DIRECT_STD_DECLARATION	TEST_EXAMPLE_BENCH	SOURCE_INDICATES_HELD	unique_lock constructed from mutex without defer_lock
docs/progress/R109/tables/w1_source_callers.tsv-407-gcc-14.2.0-1.12.src.rpm	/home/toolchain/development/libc++_replacement/tmp/corpus/extracted/gcc-14.2.0-1.12.src.rpm/unpacked/gcc-14.2.0.tar.bz2/gcc-14.2.0/libstdc++-v3/testsuite/30_threads/condition_variable/members/1.cc	38	c1	wait_for	l	LIKELY_HELD	unique_lock constructed from mutex without defer_lock	"      std::mutex m;
docs/progress/R109/tables/w1_source_callers.tsv-408-      std::unique_lock<std::mutex> l(m);
docs/progress/R109/tables/w1_source_callers.tsv-409-
--
docs/progress/R109/tables/w1_source_callers.tsv-467-  cv.wait(l);
docs/progress/R109/tables/w1_source_callers.tsv-468-  std::this_thread::sleep_for(100ms);
docs/progress/R109/tables/w1_source_callers.tsv-469-  a.store(val2);"	DIRECT_STD_DECLARATION	TEST_EXAMPLE_BENCH	SOURCE_INDICATES_HELD	unique_lock constructed from mutex without defer_lock
docs/progress/R109/tables/w1_source_callers.tsv-470-gcc-14.2.0-1.14.src.rpm	/home/toolchain/development/libc++_replacement/tmp/corpus/extracted/gcc-14.2.0-1.14.src.rpm/unpacked/gcc-14.2.0.tar.bz2/gcc-14.2.0/libstdc++-v3/testsuite/30_threads/condition_variable/members/53841.cc	47	cv	wait_until	l	LIKELY_HELD	unique_lock constructed from mutex without defer_lock	"{
docs/progress/R109/tables/w1_source_callers.tsv-471-    std::mutex mx;
docs/progress/R109/tables/w1_source_callers.tsv-472-    std::unique_lock<std::mutex> l(mx);
docs/progress/R109/tables/w1_source_callers.tsv:473:    std::condition_variable cv;
docs/progress/R109/tables/w1_source_callers.tsv-474-    cv.wait_until(l, FPClock::now());
docs/progress/R109/tables/w1_source_callers.tsv-475-}"	DIRECT_STD_DECLARATION	TEST_EXAMPLE_BENCH	SOURCE_INDICATES_HELD	unique_lock constructed from mutex without defer_lock
docs/progress/R109/tables/w1_source_callers.tsv-476-gcc-14.2.0-1.14.src.rpm	/home/toolchain/development/libc++_replacement/tmp/corpus/extracted/gcc-14.2.0-1.14.src.rpm/unpacked/gcc-14.2.0.tar.bz2/gcc-14.2.0/libstdc++-v3/testsuite/30_threads/condition_variable/members/103382.cc	47	cv	wait	l	NOT_DETERMINABLE	lock declaration not found in local window	"int main()
docs/progress/R109/tables/w1_source_callers.tsv-477-{
docs/progress/R109/tables/w1_source_callers.tsv-478-  test_cancel(
docs/progress/R109/tables/w1_source_callers.tsv:479:      [](std::condition_variable& cv, std::unique_lock<std::mutex>& l) {
docs/progress/R109/tables/w1_source_callers.tsv-480-	cv.wait(l);
docs/progress/R109/tables/w1_source_callers.tsv-481-      });
docs/progress/R109/tables/w1_source_callers.tsv-482-"	DIRECT_STD_DECLARATION	TEST_EXAMPLE_BENCH	SOURCE_INDICATES_HELD	manual control-flow review found direct owning unique_lock construction before wait
docs/progress/R109/tables/w1_source_callers.tsv-483-gcc-14.2.0-1.14.src.rpm	/home/toolchain/development/libc++_replacement/tmp/corpus/extracted/gcc-14.2.0-1.14.src.rpm/unpacked/gcc-14.2.0.tar.bz2/gcc-14.2.0/libstdc++-v3/testsuite/30_threads/condition_variable/members/103382.cc	52	cv	wait	l	NOT_DETERMINABLE	lock declaration not found in local window	"      });
docs/progress/R109/tables/w1_source_callers.tsv-484-
docs/progress/R109/tables/w1_source_callers.tsv-485-  test_cancel(
docs/progress/R109/tables/w1_source_callers.tsv:486:      [](std::condition_variable& cv, std::unique_lock<std::mutex>& l) {
docs/progress/R109/tables/w1_source_callers.tsv-487-	cv.wait(l, []{ return false; });
docs/progress/R109/tables/w1_source_callers.tsv-488-      });
docs/progress/R109/tables/w1_source_callers.tsv-489-"	DIRECT_STD_DECLARATION	TEST_EXAMPLE_BENCH	SOURCE_INDICATES_HELD	manual control-flow review found direct owning unique_lock construction before wait
docs/progress/R109/tables/w1_source_callers.tsv-490-gcc-14.2.0-1.14.src.rpm	/home/toolchain/development/libc++_replacement/tmp/corpus/extracted/gcc-14.2.0-1.14.src.rpm/unpacked/gcc-14.2.0.tar.bz2/gcc-14.2.0/libstdc++-v3/testsuite/30_threads/condition_variable/members/103382.cc	59	cv	wait_for	l	NOT_DETERMINABLE	lock declaration not found in local window	"  using mins = std::chrono::minutes;
docs/progress/R109/tables/w1_source_callers.tsv-491-
docs/progress/R109/tables/w1_source_callers.tsv-492-  test_cancel(
docs/progress/R109/tables/w1_source_callers.tsv:493:      [](std::condition_variable& cv, std::unique_lock<std::mutex>& l) {
docs/progress/R109/tables/w1_source_callers.tsv-494-	cv.wait_for(l, mins(1));
docs/progress/R109/tables/w1_source_callers.tsv-495-      });
docs/progress/R109/tables/w1_source_callers.tsv-496-"	DIRECT_STD_DECLARATION	TEST_EXAMPLE_BENCH	SOURCE_INDICATES_HELD	manual control-flow review found direct owning unique_lock construction before wait
docs/progress/R109/tables/w1_source_callers.tsv-497-gcc-14.2.0-1.14.src.rpm	/home/toolchain/development/libc++_replacement/tmp/corpus/extracted/gcc-14.2.0-1.14.src.rpm/unpacked/gcc-14.2.0.tar.bz2/gcc-14.2.0/libstdc++-v3/testsuite/30_threads/condition_variable/members/103382.cc	64	cv	wait_until	l	NOT_DETERMINABLE	lock declaration not found in local window	"      });
docs/progress/R109/tables/w1_source_callers.tsv-498-
docs/progress/R109/tables/w1_source_callers.tsv-499-  test_cancel(
docs/progress/R109/tables/w1_source_callers.tsv:500:      [](std::condition_variable& cv, std::unique_lock<std::mutex>& l) {
docs/progress/R109/tables/w1_source_callers.tsv-501-	cv.wait_until(l, std::chrono::system_clock::now() + mins(1));
docs/progress/R109/tables/w1_source_callers.tsv-502-      });
docs/progress/R109/tables/w1_source_callers.tsv-503-}"	DIRECT_STD_DECLARATION	TEST_EXAMPLE_BENCH	SOURCE_INDICATES_HELD	manual control-flow review found direct owning unique_lock construction before wait
docs/progress/R109/tables/w1_source_callers.tsv-504-gcc-14.2.0-1.14.src.rpm	/home/toolchain/development/libc++_replacement/tmp/corpus/extracted/gcc-14.2.0-1.14.src.rpm/unpacked/gcc-14.2.0.tar.bz2/gcc-14.2.0/libstdc++-v3/testsuite/30_threads/condition_variable/members/68519.cc	38	cv	wait_for	l	LIKELY_HELD	unique_lock constructed from mutex without defer_lock	"  for (int i = 0; i < 3; ++i)
docs/progress/R109/tables/w1_source_callers.tsv-505-  {
docs/progress/R109/tables/w1_source_callers.tsv-506-    std::unique_lock<std::mutex> l(mx);
--
docs/progress/R109/tables/w1_source_callers.tsv-536-  cv.wait(lock, [&]{ return counter == 2; });
docs/progress/R109/tables/w1_source_callers.tsv-537-  t.join();
docs/progress/R109/tables/w1_source_callers.tsv-538-}"	DIRECT_STD_DECLARATION	TEST_EXAMPLE_BENCH	SOURCE_INDICATES_HELD	manual control-flow review found direct owning unique_lock construction before wait
docs/progress/R109/tables/w1_source_callers.tsv-539-gcc-14.2.0-1.14.src.rpm	/home/toolchain/development/libc++_replacement/tmp/corpus/extracted/gcc-14.2.0-1.14.src.rpm/unpacked/gcc-14.2.0.tar.bz2/gcc-14.2.0/libstdc++-v3/testsuite/30_threads/condition_variable/members/clock_neg.cc	37	cv	wait_until	l	LIKELY_HELD	unique_lock constructed from mutex without defer_lock	"{
docs/progress/R109/tables/w1_source_callers.tsv-540-  std::mutex m;
docs/progress/R109/tables/w1_source_callers.tsv-541-  std::unique_lock<std::mutex> l(m);
docs/progress/R109/tables/w1_source_callers.tsv:542:  std::condition_variable cv;
docs/progress/R109/tables/w1_source_callers.tsv-543-  cv.wait_until(l, clok::now()); // { dg-error ""here"" }
docs/progress/R109/tables/w1_source_callers.tsv-544-}
docs/progress/R109/tables/w1_source_callers.tsv-545-"	DIRECT_STD_DECLARATION	TEST_EXAMPLE_BENCH	SOURCE_INDICATES_HELD	unique_lock constructed from mutex without defer_lock
docs/progress/R109/tables/w1_source_callers.tsv-546-gcc-14.2.0-1.14.src.rpm	/home/toolchain/development/libc++_replacement/tmp/corpus/extracted/gcc-14.2.0-1.14.src.rpm/unpacked/gcc-14.2.0.tar.bz2/gcc-14.2.0/libstdc++-v3/testsuite/30_threads/condition_variable/members/clock_neg.cc	57	cv	wait_until	l	LIKELY_HELD	unique_lock constructed from mutex without defer_lock	"{
docs/progress/R109/tables/w1_source_callers.tsv-547-  std::mutex m;
docs/progress/R109/tables/w1_source_callers.tsv-548-  std::unique_lock<std::mutex> l(m);
docs/progress/R109/tables/w1_source_callers.tsv:549:  std::condition_variable cv;
docs/progress/R109/tables/w1_source_callers.tsv-550-  cv.wait_until(l, cloc::now()); // { dg-error ""here"" }
docs/progress/R109/tables/w1_source_callers.tsv-551-}
docs/progress/R109/tables/w1_source_callers.tsv-552-"	DIRECT_STD_DECLARATION	TEST_EXAMPLE_BENCH	SOURCE_INDICATES_HELD	unique_lock constructed from mutex without defer_lock
docs/progress/R109/tables/w1_source_callers.tsv-553-gcc-14.2.0-1.14.src.rpm	/home/toolchain/development/libc++_replacement/tmp/corpus/extracted/gcc-14.2.0-1.14.src.rpm/unpacked/gcc-14.2.0.tar.bz2/gcc-14.2.0/libstdc++-v3/testsuite/30_threads/condition_variable/members/1.cc	38	c1	wait_for	l	LIKELY_HELD	unique_lock constructed from mutex without defer_lock	"      std::mutex m;
docs/progress/R109/tables/w1_source_callers.tsv-554-      std::unique_lock<std::mutex> l(m);
docs/progress/R109/tables/w1_source_callers.tsv-555-
--
docs/progress/R109/tables/w1_caller_refined.tsv-2330-  cv.wait_for(lock, std::chrono::milliseconds(100), []{ return false; });
docs/progress/R109/tables/w1_caller_refined.tsv-2331-  // read data
docs/progress/R109/tables/w1_caller_refined.tsv-2332-}"	UNRESOLVED_CANDIDATE
docs/progress/R109/tables/w1_caller_refined.tsv-2333-gcc-14.2.0-1.12.src.rpm	/home/toolchain/development/libc++_replacement/tmp/corpus/extracted/gcc-14.2.0-1.12.src.rpm/unpacked/gcc-14.2.0.tar.bz2/gcc-14.2.0/libstdc++-v3/testsuite/30_threads/condition_variable/members/53841.cc	47	cv	wait_until	l	LIKELY_HELD	unique_lock constructed from mutex without defer_lock	"{
docs/progress/R109/tables/w1_caller_refined.tsv-2334-    std::mutex mx;
docs/progress/R109/tables/w1_caller_refined.tsv-2335-    std::unique_lock<std::mutex> l(mx);
docs/progress/R109/tables/w1_caller_refined.tsv:2336:    std::condition_variable cv;
docs/progress/R109/tables/w1_caller_refined.tsv-2337-    cv.wait_until(l, FPClock::now());
docs/progress/R109/tables/w1_caller_refined.tsv-2338-}"	DIRECT_STD_DECLARATION
docs/progress/R109/tables/w1_caller_refined.tsv-2339-gcc-14.2.0-1.12.src.rpm	/home/toolchain/development/libc++_replacement/tmp/corpus/extracted/gcc-14.2.0-1.12.src.rpm/unpacked/gcc-14.2.0.tar.bz2/gcc-14.2.0/libstdc++-v3/testsuite/30_threads/condition_variable/members/103382.cc	47	cv	wait	l	NOT_DETERMINABLE	lock declaration not found in local window	"int main()
docs/progress/R109/tables/w1_caller_refined.tsv-2340-{
docs/progress/R109/tables/w1_caller_refined.tsv-2341-  test_cancel(
docs/progress/R109/tables/w1_caller_refined.tsv:2342:      [](std::condition_variable& cv, std::unique_lock<std::mutex>& l) {
docs/progress/R109/tables/w1_caller_refined.tsv-2343-	cv.wait(l);
docs/progress/R109/tables/w1_caller_refined.tsv-2344-      });
docs/progress/R109/tables/w1_caller_refined.tsv-2345-"	DIRECT_STD_DECLARATION
docs/progress/R109/tables/w1_caller_refined.tsv-2346-gcc-14.2.0-1.12.src.rpm	/home/toolchain/development/libc++_replacement/tmp/corpus/extracted/gcc-14.2.0-1.12.src.rpm/unpacked/gcc-14.2.0.tar.bz2/gcc-14.2.0/libstdc++-v3/testsuite/30_threads/condition_variable/members/103382.cc	52	cv	wait	l	NOT_DETERMINABLE	lock declaration not found in local window	"      });
docs/progress/R109/tables/w1_caller_refined.tsv-2347-
docs/progress/R109/tables/w1_caller_refined.tsv-2348-  test_cancel(
docs/progress/R109/tables/w1_caller_refined.tsv:2349:      [](std::condition_variable& cv, std::unique_lock<std::mutex>& l) {
docs/progress/R109/tables/w1_caller_refined.tsv-2350-	cv.wait(l, []{ return false; });
docs/progress/R109/tables/w1_caller_refined.tsv-2351-      });
docs/progress/R109/tables/w1_caller_refined.tsv-2352-"	DIRECT_STD_DECLARATION
docs/progress/R109/tables/w1_caller_refined.tsv-2353-gcc-14.2.0-1.12.src.rpm	/home/toolchain/development/libc++_replacement/tmp/corpus/extracted/gcc-14.2.0-1.12.src.rpm/unpacked/gcc-14.2.0.tar.bz2/gcc-14.2.0/libstdc++-v3/testsuite/30_threads/condition_variable/members/103382.cc	59	cv	wait_for	l	NOT_DETERMINABLE	lock declaration not found in local window	"  using mins = std::chrono::minutes;
docs/progress/R109/tables/w1_caller_refined.tsv-2354-
docs/progress/R109/tables/w1_caller_refined.tsv-2355-  test_cancel(
docs/progress/R109/tables/w1_caller_refined.tsv:2356:      [](std::condition_variable& cv, std::unique_lock<std::mutex>& l) {
docs/progress/R109/tables/w1_caller_refined.tsv-2357-	cv.wait_for(l, mins(1));
docs/progress/R109/tables/w1_caller_refined.tsv-2358-      });
docs/progress/R109/tables/w1_caller_refined.tsv-2359-"	DIRECT_STD_DECLARATION
docs/progress/R109/tables/w1_caller_refined.tsv-2360-gcc-14.2.0-1.12.src.rpm	/home/toolchain/development/libc++_replacement/tmp/corpus/extracted/gcc-14.2.0-1.12.src.rpm/unpacked/gcc-14.2.0.tar.bz2/gcc-14.2.0/libstdc++-v3/testsuite/30_threads/condition_variable/members/103382.cc	64	cv	wait_until	l	NOT_DETERMINABLE	lock declaration not found in local window	"      });
docs/progress/R109/tables/w1_caller_refined.tsv-2361-
docs/progress/R109/tables/w1_caller_refined.tsv-2362-  test_cancel(
docs/progress/R109/tables/w1_caller_refined.tsv:2363:      [](std::condition_variable& cv, std::unique_lock<std::mutex>& l) {
docs/progress/R109/tables/w1_caller_refined.tsv-2364-	cv.wait_until(l, std::chrono::system_clock::now() + mins(1));
docs/progress/R109/tables/w1_caller_refined.tsv-2365-      });
docs/progress/R109/tables/w1_caller_refined.tsv-2366-}"	DIRECT_STD_DECLARATION
docs/progress/R109/tables/w1_caller_refined.tsv-2367-gcc-14.2.0-1.12.src.rpm	/home/toolchain/development/libc++_replacement/tmp/corpus/extracted/gcc-14.2.0-1.12.src.rpm/unpacked/gcc-14.2.0.tar.bz2/gcc-14.2.0/libstdc++-v3/testsuite/30_threads/condition_variable/members/68519.cc	38	cv	wait_for	l	LIKELY_HELD	unique_lock constructed from mutex without defer_lock	"  for (int i = 0; i < 3; ++i)
docs/progress/R109/tables/w1_caller_refined.tsv-2368-  {
docs/progress/R109/tables/w1_caller_refined.tsv-2369-    std::unique_lock<std::mutex> l(mx);
--
docs/progress/R109/tables/w1_caller_refined.tsv-2399-  cv.wait(lock, [&]{ return counter == 2; });
docs/progress/R109/tables/w1_caller_refined.tsv-2400-  t.join();
docs/progress/R109/tables/w1_caller_refined.tsv-2401-}"	DIRECT_STD_DECLARATION
docs/progress/R109/tables/w1_caller_refined.tsv-2402-gcc-14.2.0-1.12.src.rpm	/home/toolchain/development/libc++_replacement/tmp/corpus/extracted/gcc-14.2.0-1.12.src.rpm/unpacked/gcc-14.2.0.tar.bz2/gcc-14.2.0/libstdc++-v3/testsuite/30_threads/condition_variable/members/clock_neg.cc	37	cv	wait_until	l	LIKELY_HELD	unique_lock constructed from mutex without defer_lock	"{
docs/progress/R109/tables/w1_caller_refined.tsv-2403-  std::mutex m;
docs/progress/R109/tables/w1_caller_refined.tsv-2404-  std::unique_lock<std::mutex> l(m);
docs/progress/R109/tables/w1_caller_refined.tsv:2405:  std::condition_variable cv;
docs/progress/R109/tables/w1_caller_refined.tsv-2406-  cv.wait_until(l, clok::now()); // { dg-error ""here"" }
docs/progress/R109/tables/w1_caller_refined.tsv-2407-}
docs/progress/R109/tables/w1_caller_refined.tsv-2408-"	DIRECT_STD_DECLARATION
docs/progress/R109/tables/w1_caller_refined.tsv-2409-gcc-14.2.0-1.12.src.rpm	/home/toolchain/development/libc++_replacement/tmp/corpus/extracted/gcc-14.2.0-1.12.src.rpm/unpacked/gcc-14.2.0.tar.bz2/gcc-14.2.0/libstdc++-v3/testsuite/30_threads/condition_variable/members/clock_neg.cc	57	cv	wait_until	l	LIKELY_HELD	unique_lock constructed from mutex without defer_lock	"{
docs/progress/R109/tables/w1_caller_refined.tsv-2410-  std::mutex m;
docs/progress/R109/tables/w1_caller_refined.tsv-2411-  std::unique_lock<std::mutex> l(m);
docs/progress/R109/tables/w1_caller_refined.tsv:2412:  std::condition_variable cv;
docs/progress/R109/tables/w1_caller_refined.tsv-2413-  cv.wait_until(l, cloc::now()); // { dg-error ""here"" }
docs/progress/R109/tables/w1_caller_refined.tsv-2414-}
docs/progress/R109/tables/w1_caller_refined.tsv-2415-"	DIRECT_STD_DECLARATION
docs/progress/R109/tables/w1_caller_refined.tsv-2416-gcc-14.2.0-1.12.src.rpm	/home/toolchain/development/libc++_replacement/tmp/corpus/extracted/gcc-14.2.0-1.12.src.rpm/unpacked/gcc-14.2.0.tar.bz2/gcc-14.2.0/libstdc++-v3/testsuite/30_threads/condition_variable/members/1.cc	38	c1	wait_for	l	LIKELY_HELD	unique_lock constructed from mutex without defer_lock	"      std::mutex m;
docs/progress/R109/tables/w1_caller_refined.tsv-2417-      std::unique_lock<std::mutex> l(m);
docs/progress/R109/tables/w1_caller_refined.tsv-2418-
--
docs/progress/R109/tables/w1_caller_refined.tsv-2427-      std::cv_status result = c1.wait_until(m, then + ms);
docs/progress/R109/tables/w1_caller_refined.tsv-2428-      VERIFY( result == std::cv_status::timeout );
docs/progress/R109/tables/w1_caller_refined.tsv-2429-      VERIFY( (ClockType::now() - then) >= ms );"	UNRESOLVED_CANDIDATE
docs/progress/R109/tables/w1_caller_refined.tsv-2430-gcc-14.2.0-1.12.src.rpm	/home/toolchain/development/libc++_replacement/tmp/corpus/extracted/gcc-14.2.0-1.12.src.rpm/unpacked/gcc-14.2.0.tar.bz2/gcc-14.2.0/libstdc++-v3/testsuite/30_threads/condition_variable_any/members/clock_neg.cc	37	cv	wait_until	l	LIKELY_HELD	unique_lock constructed from mutex without defer_lock	"{
docs/progress/R109/tables/w1_caller_refined.tsv-2431-  std::mutex m;
docs/progress/R109/tables/w1_caller_refined.tsv-2432-  std::unique_lock<std::mutex> l(m);
docs/progress/R109/tables/w1_caller_refined.tsv:2433:  std::condition_variable_any cv;
docs/progress/R109/tables/w1_caller_refined.tsv-2434-  cv.wait_until(l, clok::now()); // { dg-error ""here"" }
docs/progress/R109/tables/w1_caller_refined.tsv-2435-}
docs/progress/R109/tables/w1_caller_refined.tsv-2436-"	UNRESOLVED_CANDIDATE
docs/progress/R109/tables/w1_caller_refined.tsv-2437-gcc-14.2.0-1.12.src.rpm	/home/toolchain/development/libc++_replacement/tmp/corpus/extracted/gcc-14.2.0-1.12.src.rpm/unpacked/gcc-14.2.0.tar.bz2/gcc-14.2.0/libstdc++-v3/testsuite/30_threads/condition_variable_any/members/clock_neg.cc	57	cv	wait_until	l	LIKELY_HELD	unique_lock constructed from mutex without defer_lock	"{
docs/progress/R109/tables/w1_caller_refined.tsv-2438-  std::mutex m;
docs/progress/R109/tables/w1_caller_refined.tsv-2439-  std::unique_lock<std::mutex> l(m);
docs/progress/R109/tables/w1_caller_refined.tsv:2440:  std::condition_variable_any cv;
docs/progress/R109/tables/w1_caller_refined.tsv-2441-  cv.wait_until(l, cloc::now()); // { dg-error ""here"" }
docs/progress/R109/tables/w1_caller_refined.tsv-2442-}
docs/progress/R109/tables/w1_caller_refined.tsv-2443-"	UNRESOLVED_CANDIDATE
docs/progress/R109/tables/w1_caller_refined.tsv-2444-gcc-14.2.0-1.12.src.rpm	/home/toolchain/development/libc++_replacement/tmp/corpus/extracted/gcc-14.2.0-1.12.src.rpm/unpacked/gcc-14.2.0.tar.bz2/gcc-14.2.0/libstdc++-v3/testsuite/30_threads/condition_variable_any/members/1.cc	62	c1	wait_for	m	NOT_DETERMINABLE	lock declaration not found in local window	"      Mutex m;
docs/progress/R109/tables/w1_caller_refined.tsv-2445-      m.lock();
docs/progress/R109/tables/w1_caller_refined.tsv-2446-
--
docs/progress/R109/tables/w1_caller_refined.tsv-2581-  cv.wait_for(lock, std::chrono::milliseconds(100), []{ return false; });
docs/progress/R109/tables/w1_caller_refined.tsv-2582-  // read data
docs/progress/R109/tables/w1_caller_refined.tsv-2583-}"	UNRESOLVED_CANDIDATE
docs/progress/R109/tables/w1_caller_refined.tsv-2584-gcc-14.2.0-1.14.src.rpm	/home/toolchain/development/libc++_replacement/tmp/corpus/extracted/gcc-14.2.0-1.14.src.rpm/unpacked/gcc-14.2.0.tar.bz2/gcc-14.2.0/libstdc++-v3/testsuite/30_threads/condition_variable/members/53841.cc	47	cv	wait_until	l	LIKELY_HELD	unique_lock constructed from mutex without defer_lock	"{
docs/progress/R109/tables/w1_caller_refined.tsv-2585-    std::mutex mx;
docs/progress/R109/tables/w1_caller_refined.tsv-2586-    std::unique_lock<std::mutex> l(mx);
docs/progress/R109/tables/w1_caller_refined.tsv:2587:    std::condition_variable cv;
docs/progress/R109/tables/w1_caller_refined.tsv-2588-    cv.wait_until(l, FPClock::now());
docs/progress/R109/tables/w1_caller_refined.tsv-2589-}"	DIRECT_STD_DECLARATION
docs/progress/R109/tables/w1_caller_refined.tsv-2590-gcc-14.2.0-1.14.src.rpm	/home/toolchain/development/libc++_replacement/tmp/corpus/extracted/gcc-14.2.0-1.14.src.rpm/unpacked/gcc-14.2.0.tar.bz2/gcc-14.2.0/libstdc++-v3/testsuite/30_threads/condition_variable/members/103382.cc	47	cv	wait	l	NOT_DETERMINABLE	lock declaration not found in local window	"int main()
docs/progress/R109/tables/w1_caller_refined.tsv-2591-{
docs/progress/R109/tables/w1_caller_refined.tsv-2592-  test_cancel(
docs/progress/R109/tables/w1_caller_refined.tsv:2593:      [](std::condition_variable& cv, std::unique_lock<std::mutex>& l) {
docs/progress/R109/tables/w1_caller_refined.tsv-2594-	cv.wait(l);
docs/progress/R109/tables/w1_caller_refined.tsv-2595-      });
docs/progress/R109/tables/w1_caller_refined.tsv-2596-"	DIRECT_STD_DECLARATION
docs/progress/R109/tables/w1_caller_refined.tsv-2597-gcc-14.2.0-1.14.src.rpm	/home/toolchain/development/libc++_replacement/tmp/corpus/extracted/gcc-14.2.0-1.14.src.rpm/unpacked/gcc-14.2.0.tar.bz2/gcc-14.2.0/libstdc++-v3/testsuite/30_threads/condition_variable/members/103382.cc	52	cv	wait	l	NOT_DETERMINABLE	lock declaration not found in local window	"      });
docs/progress/R109/tables/w1_caller_refined.tsv-2598-
docs/progress/R109/tables/w1_caller_refined.tsv-2599-  test_cancel(
docs/progress/R109/tables/w1_caller_refined.tsv:2600:      [](std::condition_variable& cv, std::unique_lock<std::mutex>& l) {
docs/progress/R109/tables/w1_caller_refined.tsv-2601-	cv.wait(l, []{ return false; });
docs/progress/R109/tables/w1_caller_refined.tsv-2602-      });
docs/progress/R109/tables/w1_caller_refined.tsv-2603-"	DIRECT_STD_DECLARATION
docs/progress/R109/tables/w1_caller_refined.tsv-2604-gcc-14.2.0-1.14.src.rpm	/home/toolchain/development/libc++_replacement/tmp/corpus/extracted/gcc-14.2.0-1.14.src.rpm/unpacked/gcc-14.2.0.tar.bz2/gcc-14.2.0/libstdc++-v3/testsuite/30_threads/condition_variable/members/103382.cc	59	cv	wait_for	l	NOT_DETERMINABLE	lock declaration not found in local window	"  using mins = std::chrono::minutes;
docs/progress/R109/tables/w1_caller_refined.tsv-2605-
docs/progress/R109/tables/w1_caller_refined.tsv-2606-  test_cancel(
docs/progress/R109/tables/w1_caller_refined.tsv:2607:      [](std::condition_variable& cv, std::unique_lock<std::mutex>& l) {
docs/progress/R109/tables/w1_caller_refined.tsv-2608-	cv.wait_for(l, mins(1));
docs/progress/R109/tables/w1_caller_refined.tsv-2609-      });
docs/progress/R109/tables/w1_caller_refined.tsv-2610-"	DIRECT_STD_DECLARATION
docs/progress/R109/tables/w1_caller_refined.tsv-2611-gcc-14.2.0-1.14.src.rpm	/home/toolchain/development/libc++_replacement/tmp/corpus/extracted/gcc-14.2.0-1.14.src.rpm/unpacked/gcc-14.2.0.tar.bz2/gcc-14.2.0/libstdc++-v3/testsuite/30_threads/condition_variable/members/103382.cc	64	cv	wait_until	l	NOT_DETERMINABLE	lock declaration not found in local window	"      });
docs/progress/R109/tables/w1_caller_refined.tsv-2612-
docs/progress/R109/tables/w1_caller_refined.tsv-2613-  test_cancel(
docs/progress/R109/tables/w1_caller_refined.tsv:2614:      [](std::condition_variable& cv, std::unique_lock<std::mutex>& l) {
docs/progress/R109/tables/w1_caller_refined.tsv-2615-	cv.wait_until(l, std::chrono::system_clock::now() + mins(1));
docs/progress/R109/tables/w1_caller_refined.tsv-2616-      });
docs/progress/R109/tables/w1_caller_refined.tsv-2617-}"	DIRECT_STD_DECLARATION
docs/progress/R109/tables/w1_caller_refined.tsv-2618-gcc-14.2.0-1.14.src.rpm	/home/toolchain/development/libc++_replacement/tmp/corpus/extracted/gcc-14.2.0-1.14.src.rpm/unpacked/gcc-14.2.0.tar.bz2/gcc-14.2.0/libstdc++-v3/testsuite/30_threads/condition_variable/members/68519.cc	38	cv	wait_for	l	LIKELY_HELD	unique_lock constructed from mutex without defer_lock	"  for (int i = 0; i < 3; ++i)
docs/progress/R109/tables/w1_caller_refined.tsv-2619-  {
docs/progress/R109/tables/w1_caller_refined.tsv-2620-    std::unique_lock<std::mutex> l(mx);
--
docs/progress/R109/tables/w1_caller_refined.tsv-2650-  cv.wait(lock, [&]{ return counter == 2; });
docs/progress/R109/tables/w1_caller_refined.tsv-2651-  t.join();
docs/progress/R109/tables/w1_caller_refined.tsv-2652-}"	DIRECT_STD_DECLARATION
docs/progress/R109/tables/w1_caller_refined.tsv-2653-gcc-14.2.0-1.14.src.rpm	/home/toolchain/development/libc++_replacement/tmp/corpus/extracted/gcc-14.2.0-1.14.src.rpm/unpacked/gcc-14.2.0.tar.bz2/gcc-14.2.0/libstdc++-v3/testsuite/30_threads/condition_variable/members/clock_neg.cc	37	cv	wait_until	l	LIKELY_HELD	unique_lock constructed from mutex without defer_lock	"{
docs/progress/R109/tables/w1_caller_refined.tsv-2654-  std::mutex m;
docs/progress/R109/tables/w1_caller_refined.tsv-2655-  std::unique_lock<std::mutex> l(m);
docs/progress/R109/tables/w1_caller_refined.tsv:2656:  std::condition_variable cv;
docs/progress/R109/tables/w1_caller_refined.tsv-2657-  cv.wait_until(l, clok::now()); // { dg-error ""here"" }
docs/progress/R109/tables/w1_caller_refined.tsv-2658-}
docs/progress/R109/tables/w1_caller_refined.tsv-2659-"	DIRECT_STD_DECLARATION
docs/progress/R109/tables/w1_caller_refined.tsv-2660-gcc-14.2.0-1.14.src.rpm	/home/toolchain/development/libc++_replacement/tmp/corpus/extracted/gcc-14.2.0-1.14.src.rpm/unpacked/gcc-14.2.0.tar.bz2/gcc-14.2.0/libstdc++-v3/testsuite/30_threads/condition_variable/members/clock_neg.cc	57	cv	wait_until	l	LIKELY_HELD	unique_lock constructed from mutex without defer_lock	"{
docs/progress/R109/tables/w1_caller_refined.tsv-2661-  std::mutex m;
docs/progress/R109/tables/w1_caller_refined.tsv-2662-  std::unique_lock<std::mutex> l(m);
docs/progress/R109/tables/w1_caller_refined.tsv:2663:  std::condition_variable cv;
docs/progress/R109/tables/w1_caller_refined.tsv-2664-  cv.wait_until(l, cloc::now()); // { dg-error ""here"" }
docs/progress/R109/tables/w1_caller_refined.tsv-2665-}
docs/progress/R109/tables/w1_caller_refined.tsv-2666-"	DIRECT_STD_DECLARATION
docs/progress/R109/tables/w1_caller_refined.tsv-2667-gcc-14.2.0-1.14.src.rpm	/home/toolchain/development/libc++_replacement/tmp/corpus/extracted/gcc-14.2.0-1.14.src.rpm/unpacked/gcc-14.2.0.tar.bz2/gcc-14.2.0/libstdc++-v3/testsuite/30_threads/condition_variable/members/1.cc	38	c1	wait_for	l	LIKELY_HELD	unique_lock constructed from mutex without defer_lock	"      std::mutex m;
docs/progress/R109/tables/w1_caller_refined.tsv-2668-      std::unique_lock<std::mutex> l(m);
docs/progress/R109/tables/w1_caller_refined.tsv-2669-
--
docs/progress/R109/tables/w1_caller_refined.tsv-2678-      std::cv_status result = c1.wait_until(m, then + ms);
docs/progress/R109/tables/w1_caller_refined.tsv-2679-      VERIFY( result == std::cv_status::timeout );
docs/progress/R109/tables/w1_caller_refined.tsv-2680-      VERIFY( (ClockType::now() - then) >= ms );"	UNRESOLVED_CANDIDATE
docs/progress/R109/tables/w1_caller_refined.tsv-2681-gcc-14.2.0-1.14.src.rpm	/home/toolchain/development/libc++_replacement/tmp/corpus/extracted/gcc-14.2.0-1.14.src.rpm/unpacked/gcc-14.2.0.tar.bz2/gcc-14.2.0/libstdc++-v3/testsuite/30_threads/condition_variable_any/members/clock_neg.cc	37	cv	wait_until	l	LIKELY_HELD	unique_lock constructed from mutex without defer_lock	"{
docs/progress/R109/tables/w1_caller_refined.tsv-2682-  std::mutex m;
docs/progress/R109/tables/w1_caller_refined.tsv-2683-  std::unique_lock<std::mutex> l(m);
docs/progress/R109/tables/w1_caller_refined.tsv:2684:  std::condition_variable_any cv;
docs/progress/R109/tables/w1_caller_refined.tsv-2685-  cv.wait_until(l, clok::now()); // { dg-error ""here"" }
docs/progress/R109/tables/w1_caller_refined.tsv-2686-}
docs/progress/R109/tables/w1_caller_refined.tsv-2687-"	UNRESOLVED_CANDIDATE
docs/progress/R109/tables/w1_caller_refined.tsv-2688-gcc-14.2.0-1.14.src.rpm	/home/toolchain/development/libc++_replacement/tmp/corpus/extracted/gcc-14.2.0-1.14.src.rpm/unpacked/gcc-14.2.0.tar.bz2/gcc-14.2.0/libstdc++-v3/testsuite/30_threads/condition_variable_any/members/clock_neg.cc	57	cv	wait_until	l	LIKELY_HELD	unique_lock constructed from mutex without defer_lock	"{
docs/progress/R109/tables/w1_caller_refined.tsv-2689-  std::mutex m;
docs/progress/R109/tables/w1_caller_refined.tsv-2690-  std::unique_lock<std::mutex> l(m);
docs/progress/R109/tables/w1_caller_refined.tsv:2691:  std::condition_variable_any cv;
docs/progress/R109/tables/w1_caller_refined.tsv-2692-  cv.wait_until(l, cloc::now()); // { dg-error ""here"" }
docs/progress/R109/tables/w1_caller_refined.tsv-2693-}
docs/progress/R109/tables/w1_caller_refined.tsv-2694-"	UNRESOLVED_CANDIDATE
docs/progress/R109/tables/w1_caller_refined.tsv-2695-gcc-14.2.0-1.14.src.rpm	/home/toolchain/development/libc++_replacement/tmp/corpus/extracted/gcc-14.2.0-1.14.src.rpm/unpacked/gcc-14.2.0.tar.bz2/gcc-14.2.0/libstdc++-v3/testsuite/30_threads/condition_variable_any/members/1.cc	62	c1	wait_for	m	NOT_DETERMINABLE	lock declaration not found in local window	"      Mutex m;
docs/progress/R109/tables/w1_caller_refined.tsv-2696-      m.lock();
docs/progress/R109/tables/w1_caller_refined.tsv-2697-
--
docs/progress/R109/tables/w1_caller_refined.tsv-2822-    condition.notify_one();
docs/progress/R109/tables/w1_caller_refined.tsv-2823-  });
docs/progress/R109/tables/w1_caller_refined.tsv-2824-  try {
docs/progress/R109/tables/w1_caller_refined.tsv-2825-    condition.wait(lock);
docs/progress/R109/tables/w1_caller_refined.tsv-2826-    notifier.join();
docs/progress/R109/tables/w1_caller_refined.tsv-2827-    const bool library_claims_ownership = lock.owns_lock();"	DIRECT_STD_DECLARATION
docs/progress/R109/tables/w1_caller_refined.tsv:2828:POSITIVE_CONTROL	docs/progress/R109/code/w1_behavior_probe.cpp	63	condition	wait	lock	LIKELY_HELD	unique_lock constructed from mutex without defer_lock	"  std::condition_variable condition;
docs/progress/R109/tables/w1_caller_refined.tsv-2829-  std::mutex mutex;
docs/progress/R109/tables/w1_caller_refined.tsv-2830-  std::unique_lock<std::mutex> lock(mutex);
docs/progress/R109/tables/w1_caller_refined.tsv-2831-  try {
docs/progress/R109/tables/w1_caller_refined.tsv-2832-    condition.wait(lock);
docs/progress/R109/tables/w1_caller_refined.tsv-2833-    std::printf(""event=returned owns_lock=%d\n"", lock.owns_lock() ? 1 : 0);
docs/progress/R109/tables/w1_caller_refined.tsv-2834-    return 0;"	DIRECT_STD_DECLARATION
docs/progress/R109/tables/w1_caller_refined.tsv-2835-POSITIVE_CONTROL	docs/progress/R109/code/w1_caller_control.cpp	6	condition	wait	held	LIKELY_HELD	unique_lock constructed from mutex without defer_lock	"#include <mutex>
docs/progress/R109/tables/w1_caller_refined.tsv-2836-
docs/progress/R109/tables/w1_caller_refined.tsv:2837:void control(std::condition_variable& condition, std::mutex& mutex) {
docs/progress/R109/tables/w1_caller_refined.tsv-2838-  std::unique_lock<std::mutex> held(mutex);
docs/progress/R109/tables/w1_caller_refined.tsv-2839-  condition.wait(held);
docs/progress/R109/tables/w1_caller_refined.tsv-2840-  std::unique_lock<std::mutex> unheld(mutex, std::defer_lock);
docs/progress/R109/tables/w1_caller_refined.tsv-2841-  condition.wait(unheld);"	DIRECT_STD_DECLARATION
docs/progress/R109/tables/w1_caller_refined.tsv:2842:POSITIVE_CONTROL	docs/progress/R109/code/w1_caller_control.cpp	8	condition	wait	unheld	POSSIBLY_NOT_HELD	constructed with defer_lock and no local lock() found	"void control(std::condition_variable& condition, std::mutex& mutex) {
docs/progress/R109/tables/w1_caller_refined.tsv-2843-  std::unique_lock<std::mutex> held(mutex);
docs/progress/R109/tables/w1_caller_refined.tsv-2844-  condition.wait(held);
docs/progress/R109/tables/w1_caller_refined.tsv-2845-  std::unique_lock<std::mutex> unheld(mutex, std::defer_lock);
docs/progress/R109/tables/w1_caller_refined.tsv-2846-  condition.wait(unheld);
docs/progress/R109/tables/w1_caller_refined.tsv-2847-}"	DIRECT_STD_DECLARATION
--
docs/progress/R109/tables/w1_binary_consumers.tsv-1-repo	package	arch	elf	source_rpm	source_result	rebuild_class	migration_stage	vendor_prebuilt	symbols	symbol_tables
docs/progress/R109/tables/w1_binary_consumers.tsv:2:base_binary	abseil-cpp	aarch64	/usr/lib64/libabsl_synchronization.so.2508.0.0	abseil-cpp-20250814.1-1.2.src.rpm	PASS	R24_REBUILD_PLAN	PHASE2	NO	std::condition_variable::wait(std::unique_lock<std::mutex>&)	DYNSYM
docs/progress/R109/tables/w1_binary_consumers.tsv:3:base_binary	abseil-cpp	armv7l	/usr/lib/libabsl_synchronization.so.2508.0.0	abseil-cpp-20250814.1-1.2.src.rpm	PASS	R24_REBUILD_PLAN	PHASE2	NO	std::condition_variable::wait(std::unique_lock<std::mutex>&)	DYNSYM
docs/progress/R109/tables/w1_binary_consumers.tsv:4:base_binary	abseil-cpp	x86_64	/usr/lib64/libabsl_synchronization.so.2508.0.0	abseil-cpp-20250814.1-1.2.src.rpm	PASS	R24_REBUILD_PLAN	PHASE2	NO	std::condition_variable::wait(std::unique_lock<std::mutex>&)	DYNSYM
docs/progress/R109/tables/w1_binary_consumers.tsv:5:base_binary	boost-fiber	armv7l	/usr/lib/libboost_fiber.so.1.83.0	boost-1.83.0-2.2.src.rpm	PASS	R24_REBUILD_PLAN	PHASE1	NO	std::condition_variable::wait(std::unique_lock<std::mutex>&)	DYNSYM
docs/progress/R109/tables/w1_binary_consumers.tsv:6:base_binary	boost-fiber	x86_64	/usr/lib64/libboost_fiber.so.1.83.0	boost-1.83.0-2.2.src.rpm	PASS	R24_REBUILD_PLAN	PHASE1	NO	std::condition_variable::wait(std::unique_lock<std::mutex>&)	DYNSYM
docs/progress/R109/tables/w1_binary_consumers.tsv:7:base_binary	ccache	aarch64	/usr/bin/ccache	ccache-4.12.1-2.2.src.rpm	PASS	R24_REBUILD_PLAN	PHASE2	NO	std::condition_variable::wait(std::unique_lock<std::mutex>&)	DYNSYM
docs/progress/R109/tables/w1_binary_consumers.tsv:8:base_binary	ccache	armv7l	/usr/bin/ccache	ccache-4.12.1-2.2.src.rpm	PASS	R24_REBUILD_PLAN	PHASE2	NO	std::condition_variable::wait(std::unique_lock<std::mutex>&)	DYNSYM
docs/progress/R109/tables/w1_binary_consumers.tsv:9:base_binary	ccache	x86_64	/usr/bin/ccache	ccache-4.12.1-2.2.src.rpm	PASS	R24_REBUILD_PLAN	PHASE2	NO	std::condition_variable::wait(std::unique_lock<std::mutex>&)	DYNSYM
docs/progress/R109/tables/w1_binary_consumers.tsv:10:base_binary	clang	aarch64	/usr/bin/clangd	llvm-22.1.8-19.1.src.rpm	PASS	R24_REBUILD_PLAN	PHASE2	NO	std::condition_variable::wait(std::unique_lock<std::mutex>&)	DYNSYM
docs/progress/R109/tables/w1_binary_consumers.tsv:11:base_binary	clang	aarch64	/usr/lib64/libclang-cpp.so.22.1	llvm-22.1.8-19.1.src.rpm	PASS	R24_REBUILD_PLAN	PHASE2	NO	std::condition_variable::wait(std::unique_lock<std::mutex>&)	DYNSYM
docs/progress/R109/tables/w1_binary_consumers.tsv:12:base_binary	clang	armv7l	/usr/bin/clangd	llvm-22.1.8-19.1.src.rpm	PASS	R24_REBUILD_PLAN	PHASE2	NO	std::condition_variable::wait(std::unique_lock<std::mutex>&)	DYNSYM
docs/progress/R109/tables/w1_binary_consumers.tsv:13:base_binary	clang	armv7l	/usr/lib/libclang-cpp.so.22.1	llvm-22.1.8-19.1.src.rpm	PASS	R24_REBUILD_PLAN	PHASE2	NO	std::condition_variable::wait(std::unique_lock<std::mutex>&)	DYNSYM
docs/progress/R109/tables/w1_binary_consumers.tsv:14:base_binary	clang	x86_64	/usr/bin/clangd	llvm-22.1.8-19.1.src.rpm	PASS	R24_REBUILD_PLAN	PHASE2	NO	std::condition_variable::wait(std::unique_lock<std::mutex>&)	DYNSYM
docs/progress/R109/tables/w1_binary_consumers.tsv:15:base_binary	clang	x86_64	/usr/lib64/libclang-cpp.so.22.1	llvm-22.1.8-19.1.src.rpm	PASS	R24_REBUILD_PLAN	PHASE2	NO	std::condition_variable::wait(std::unique_lock<std::mutex>&)	DYNSYM
docs/progress/R109/tables/w1_binary_consumers.tsv:16:base_binary	clang-accel	x86_64	/emul/usr/bin/llvm-debuginfod	qemu-accel-0.4-1.4.src.rpm	PASS	R24_REBUILD_PLAN	PHASE2	NO	std::condition_variable::wait(std::unique_lock<std::mutex>&)	DYNSYM
docs/progress/R109/tables/w1_binary_consumers.tsv:17:base_binary	clang-accel	x86_64	/emul/usr/bin/llvm-exegesis	qemu-accel-0.4-1.4.src.rpm	PASS	R24_REBUILD_PLAN	PHASE2	NO	std::condition_variable::wait(std::unique_lock<std::mutex>&)	DYNSYM
docs/progress/R109/tables/w1_binary_consumers.tsv:18:base_binary	clang-accel	x86_64	/emul/usr/bin/llvm-jitlink	qemu-accel-0.4-1.4.src.rpm	PASS	R24_REBUILD_PLAN	PHASE2	NO	std::condition_variable::wait(std::unique_lock<std::mutex>&)	DYNSYM
docs/progress/R109/tables/w1_binary_consumers.tsv:19:base_binary	clang-accel	x86_64	/emul/usr/lib64/libLLVM.so.22.1	qemu-accel-0.4-1.4.src.rpm	PASS	R24_REBUILD_PLAN	PHASE2	NO	std::condition_variable::wait(std::unique_lock<std::mutex>&)	DYNSYM
docs/progress/R109/tables/w1_binary_consumers.tsv:20:base_binary	clang-accel	x86_64	/emul/usr/lib64/libclang-cpp.so.22.1	qemu-accel-0.4-1.4.src.rpm	PASS	R24_REBUILD_PLAN	PHASE2	NO	std::condition_variable::wait(std::unique_lock<std::mutex>&)	DYNSYM
docs/progress/R109/tables/w1_binary_consumers.tsv:21:base_binary	clang-accel-aarch64	aarch64	/emul/usr/bin/llvm-debuginfod	qemu-accel-0.4-1.4.src.rpm	PASS	R24_REBUILD_PLAN	PHASE2	NO	std::condition_variable::wait(std::unique_lock<std::mutex>&)	DYNSYM
docs/progress/R109/tables/w1_binary_consumers.tsv:22:base_binary	clang-accel-aarch64	aarch64	/emul/usr/bin/llvm-exegesis	qemu-accel-0.4-1.4.src.rpm	PASS	R24_REBUILD_PLAN	PHASE2	NO	std::condition_variable::wait(std::unique_lock<std::mutex>&)	DYNSYM
docs/progress/R109/tables/w1_binary_consumers.tsv:23:base_binary	clang-accel-aarch64	aarch64	/emul/usr/bin/llvm-jitlink	qemu-accel-0.4-1.4.src.rpm	PASS	R24_REBUILD_PLAN	PHASE2	NO	std::condition_variable::wait(std::unique_lock<std::mutex>&)	DYNSYM
docs/progress/R109/tables/w1_binary_consumers.tsv:24:base_binary	clang-accel-aarch64	aarch64	/emul/usr/lib64/libLLVM.so.22.1	qemu-accel-0.4-1.4.src.rpm	PASS	R24_REBUILD_PLAN	PHASE2	NO	std::condition_variable::wait(std::unique_lock<std::mutex>&)	DYNSYM
docs/progress/R109/tables/w1_binary_consumers.tsv:25:base_binary	clang-accel-aarch64	aarch64	/emul/usr/lib64/libclang-cpp.so.22.1	qemu-accel-0.4-1.4.src.rpm	PASS	R24_REBUILD_PLAN	PHASE2	NO	std::condition_variable::wait(std::unique_lock<std::mutex>&)	DYNSYM
docs/progress/R109/tables/w1_binary_consumers.tsv:26:base_binary	clang-accel-armv7l	armv7l	/emul/usr/bin/llvm-debuginfod	qemu-accel-0.4-1.4.src.rpm	PASS	R24_REBUILD_PLAN	PHASE2	NO	std::condition_variable::wait(std::unique_lock<std::mutex>&)	DYNSYM
docs/progress/R109/tables/w1_binary_consumers.tsv:27:base_binary	clang-accel-armv7l	armv7l	/emul/usr/bin/llvm-exegesis	qemu-accel-0.4-1.4.src.rpm	PASS	R24_REBUILD_PLAN	PHASE2	NO	std::condition_variable::wait(std::unique_lock<std::mutex>&)	DYNSYM
docs/progress/R109/tables/w1_binary_consumers.tsv:28:base_binary	clang-accel-armv7l	armv7l	/emul/usr/bin/llvm-jitlink	qemu-accel-0.4-1.4.src.rpm	PASS	R24_REBUILD_PLAN	PHASE2	NO	std::condition_variable::wait(std::unique_lock<std::mutex>&)	DYNSYM
docs/progress/R109/tables/w1_binary_consumers.tsv:29:base_binary	clang-accel-armv7l	armv7l	/emul/usr/lib64/libLLVM.so.22.1	qemu-accel-0.4-1.4.src.rpm	PASS	R24_REBUILD_PLAN	PHASE2	NO	std::condition_variable::wait(std::unique_lock<std::mutex>&)	DYNSYM
docs/progress/R109/tables/w1_binary_consumers.tsv:30:base_binary	clang-accel-armv7l	armv7l	/emul/usr/lib64/libclang-cpp.so.22.1	qemu-accel-0.4-1.4.src.rpm	PASS	R24_REBUILD_PLAN	PHASE2	NO	std::condition_variable::wait(std::unique_lock<std::mutex>&)	DYNSYM
docs/progress/R109/tables/w1_binary_consumers.tsv:31:base_binary	clang-accel-riscv64	riscv64	/emul/usr/bin/llvm-debuginfod	qemu-accel-0.4-1.4.src.rpm	PASS	R24_REBUILD_PLAN	PHASE2	NO	std::condition_variable::wait(std::unique_lock<std::mutex>&)	DYNSYM
docs/progress/R109/tables/w1_binary_consumers.tsv:32:base_binary	clang-accel-riscv64	riscv64	/emul/usr/bin/llvm-exegesis	qemu-accel-0.4-1.4.src.rpm	PASS	R24_REBUILD_PLAN	PHASE2	NO	std::condition_variable::wait(std::unique_lock<std::mutex>&)	DYNSYM
docs/progress/R109/tables/w1_binary_consumers.tsv:33:base_binary	clang-accel-riscv64	riscv64	/emul/usr/bin/llvm-jitlink	qemu-accel-0.4-1.4.src.rpm	PASS	R24_REBUILD_PLAN	PHASE2	NO	std::condition_variable::wait(std::unique_lock<std::mutex>&)	DYNSYM
docs/progress/R109/tables/w1_binary_consumers.tsv:34:base_binary	clang-accel-riscv64	riscv64	/emul/usr/lib64/libLLVM.so.22.1	qemu-accel-0.4-1.4.src.rpm	PASS	R24_REBUILD_PLAN	PHASE2	NO	std::condition_variable::wait(std::unique_lock<std::mutex>&)	DYNSYM
docs/progress/R109/tables/w1_binary_consumers.tsv:35:base_binary	clang-accel-riscv64	riscv64	/emul/usr/lib64/libclang-cpp.so.22.1	qemu-accel-0.4-1.4.src.rpm	PASS	R24_REBUILD_PLAN	PHASE2	NO	std::condition_variable::wait(std::unique_lock<std::mutex>&)	DYNSYM
docs/progress/R109/tables/w1_binary_consumers.tsv:36:base_binary	clang-accel-x86_64-aarch64	aarch64	/emul/usr/bin/llvm-debuginfod	qemu-accel-0.4-1.4.src.rpm	PASS	R24_REBUILD_PLAN	PHASE2	NO	std::condition_variable::wait(std::unique_lock<std::mutex>&)	DYNSYM
docs/progress/R109/tables/w1_binary_consumers.tsv:37:base_binary	clang-accel-x86_64-aarch64	aarch64	/emul/usr/bin/llvm-exegesis	qemu-accel-0.4-1.4.src.rpm	PASS	R24_REBUILD_PLAN	PHASE2	NO	std::condition_variable::wait(std::unique_lock<std::mutex>&)	DYNSYM
docs/progress/R109/tables/w1_binary_consumers.tsv:38:base_binary	clang-accel-x86_64-aarch64	aarch64	/emul/usr/bin/llvm-jitlink	qemu-accel-0.4-1.4.src.rpm	PASS	R24_REBUILD_PLAN	PHASE2	NO	std::condition_variable::wait(std::unique_lock<std::mutex>&)	DYNSYM
docs/progress/R109/tables/w1_binary_consumers.tsv:39:base_binary	clang-accel-x86_64-aarch64	aarch64	/emul/usr/lib64/libLLVM.so.22.1	qemu-accel-0.4-1.4.src.rpm	PASS	R24_REBUILD_PLAN	PHASE2	NO	std::condition_variable::wait(std::unique_lock<std::mutex>&)	DYNSYM
docs/progress/R109/tables/w1_binary_consumers.tsv:40:base_binary	clang-accel-x86_64-aarch64	aarch64	/emul/usr/lib64/libclang-cpp.so.22.1	qemu-accel-0.4-1.4.src.rpm	PASS	R24_REBUILD_PLAN	PHASE2	NO	std::condition_variable::wait(std::unique_lock<std::mutex>&)	DYNSYM
docs/progress/R109/tables/w1_binary_consumers.tsv:41:base_binary	clang-accel-x86_64-armv7l	armv7l	/emul/usr/bin/llvm-debuginfod	qemu-accel-0.4-1.4.src.rpm	PASS	R24_REBUILD_PLAN	PHASE2	NO	std::condition_variable::wait(std::unique_lock<std::mutex>&)	DYNSYM
docs/progress/R109/tables/w1_binary_consumers.tsv:42:base_binary	clang-accel-x86_64-armv7l	armv7l	/emul/usr/bin/llvm-exegesis	qemu-accel-0.4-1.4.src.rpm	PASS	R24_REBUILD_PLAN	PHASE2	NO	std::condition_variable::wait(std::unique_lock<std::mutex>&)	DYNSYM
docs/progress/R109/tables/w1_binary_consumers.tsv:43:base_binary	clang-accel-x86_64-armv7l	armv7l	/emul/usr/bin/llvm-jitlink	qemu-accel-0.4-1.4.src.rpm	PASS	R24_REBUILD_PLAN	PHASE2	NO	std::condition_variable::wait(std::unique_lock<std::mutex>&)	DYNSYM
docs/progress/R109/tables/w1_binary_consumers.tsv:44:base_binary	clang-accel-x86_64-armv7l	armv7l	/emul/usr/lib64/libLLVM.so.22.1	qemu-accel-0.4-1.4.src.rpm	PASS	R24_REBUILD_PLAN	PHASE2	NO	std::condition_variable::wait(std::unique_lock<std::mutex>&)	DYNSYM
docs/progress/R109/tables/w1_binary_consumers.tsv:45:base_binary	clang-accel-x86_64-armv7l	armv7l	/emul/usr/lib64/libclang-cpp.so.22.1	qemu-accel-0.4-1.4.src.rpm	PASS	R24_REBUILD_PLAN	PHASE2	NO	std::condition_variable::wait(std::unique_lock<std::mutex>&)	DYNSYM
docs/progress/R109/tables/w1_binary_consumers.tsv:46:base_binary	clang-accel-x86_64-riscv64	riscv64	/emul/usr/bin/llvm-debuginfod	qemu-accel-0.4-1.4.src.rpm	PASS	R24_REBUILD_PLAN	PHASE2	NO	std::condition_variable::wait(std::unique_lock<std::mutex>&)	DYNSYM
docs/progress/R109/tables/w1_binary_consumers.tsv:47:base_binary	clang-accel-x86_64-riscv64	riscv64	/emul/usr/bin/llvm-exegesis	qemu-accel-0.4-1.4.src.rpm	PASS	R24_REBUILD_PLAN	PHASE2	NO	std::condition_variable::wait(std::unique_lock<std::mutex>&)	DYNSYM
docs/progress/R109/tables/w1_binary_consumers.tsv:48:base_binary	clang-accel-x86_64-riscv64	riscv64	/emul/usr/bin/llvm-jitlink	qemu-accel-0.4-1.4.src.rpm	PASS	R24_REBUILD_PLAN	PHASE2	NO	std::condition_variable::wait(std::unique_lock<std::mutex>&)	DYNSYM
docs/progress/R109/tables/w1_binary_consumers.tsv:49:base_binary	clang-accel-x86_64-riscv64	riscv64	/emul/usr/lib64/libLLVM.so.22.1	qemu-accel-0.4-1.4.src.rpm	PASS	R24_REBUILD_PLAN	PHASE2	NO	std::condition_variable::wait(std::unique_lock<std::mutex>&)	DYNSYM
docs/progress/R109/tables/w1_binary_consumers.tsv:50:base_binary	clang-accel-x86_64-riscv64	riscv64	/emul/usr/lib64/libclang-cpp.so.22.1	qemu-accel-0.4-1.4.src.rpm	PASS	R24_REBUILD_PLAN	PHASE2	NO	std::condition_variable::wait(std::unique_lock<std::mutex>&)	DYNSYM
docs/progress/R109/tables/w1_binary_consumers.tsv:51:base_binary	cmake	aarch64	/usr/bin/ccmake	cmake-3.31.2-1.15.src.rpm	PASS	R24_REBUILD_PLAN	PHASE2	NO	std::condition_variable::wait(std::unique_lock<std::mutex>&)	DYNSYM
docs/progress/R109/tables/w1_binary_consumers.tsv:52:base_binary	cmake	aarch64	/usr/bin/cmake	cmake-3.31.2-1.15.src.rpm	PASS	R24_REBUILD_PLAN	PHASE2	NO	std::condition_variable::wait(std::unique_lock<std::mutex>&)	DYNSYM
docs/progress/R109/tables/w1_binary_consumers.tsv:53:base_binary	cmake	aarch64	/usr/bin/cpack	cmake-3.31.2-1.15.src.rpm	PASS	R24_REBUILD_PLAN	PHASE2	NO	std::condition_variable::wait(std::unique_lock<std::mutex>&)	DYNSYM
docs/progress/R109/tables/w1_binary_consumers.tsv:54:base_binary	cmake	aarch64	/usr/bin/ctest	cmake-3.31.2-1.15.src.rpm	PASS	R24_REBUILD_PLAN	PHASE2	NO	std::condition_variable::wait(std::unique_lock<std::mutex>&)	DYNSYM
docs/progress/R109/tables/w1_binary_consumers.tsv:55:base_binary	cmake	armv7l	/usr/bin/ccmake	cmake-3.31.2-1.15.src.rpm	PASS	R24_REBUILD_PLAN	PHASE2	NO	std::condition_variable::wait(std::unique_lock<std::mutex>&)	DYNSYM
docs/progress/R109/tables/w1_binary_consumers.tsv:56:base_binary	cmake	armv7l	/usr/bin/cmake	cmake-3.31.2-1.15.src.rpm	PASS	R24_REBUILD_PLAN	PHASE2	NO	std::condition_variable::wait(std::unique_lock<std::mutex>&)	DYNSYM
docs/progress/R109/tables/w1_binary_consumers.tsv:57:base_binary	cmake	armv7l	/usr/bin/cpack	cmake-3.31.2-1.15.src.rpm	PASS	R24_REBUILD_PLAN	PHASE2	NO	std::condition_variable::wait(std::unique_lock<std::mutex>&)	DYNSYM
docs/progress/R109/tables/w1_binary_consumers.tsv:58:base_binary	cmake	armv7l	/usr/bin/ctest	cmake-3.31.2-1.15.src.rpm	PASS	R24_REBUILD_PLAN	PHASE2	NO	std::condition_variable::wait(std::unique_lock<std::mutex>&)	DYNSYM
docs/progress/R109/tables/w1_binary_consumers.tsv:59:base_binary	cmake	x86_64	/usr/bin/ccmake	cmake-3.31.2-1.13.src.rpm	PASS	R24_REBUILD_PLAN	PHASE2	NO	std::condition_variable::wait(std::unique_lock<std::mutex>&)	DYNSYM
docs/progress/R109/tables/w1_binary_consumers.tsv:60:base_binary	cmake	x86_64	/usr/bin/cmake	cmake-3.31.2-1.13.src.rpm	PASS	R24_REBUILD_PLAN	PHASE2	NO	std::condition_variable::wait(std::unique_lock<std::mutex>&)	DYNSYM
docs/progress/R109/tables/w1_binary_consumers.tsv:61:base_binary	cmake	x86_64	/usr/bin/cpack	cmake-3.31.2-1.13.src.rpm	PASS	R24_REBUILD_PLAN	PHASE2	NO	std::condition_variable::wait(std::unique_lock<std::mutex>&)	DYNSYM
docs/progress/R109/tables/w1_binary_consumers.tsv:62:base_binary	cmake	x86_64	/usr/bin/ctest	cmake-3.31.2-1.13.src.rpm	PASS	R24_REBUILD_PLAN	PHASE2	NO	std::condition_variable::wait(std::unique_lock<std::mutex>&)	DYNSYM
docs/progress/R109/tables/w1_binary_consumers.tsv:63:base_binary	doxygen	aarch64	/usr/bin/doxygen	doxygen-1.14.0-2.2.src.rpm	PASS	R24_REBUILD_PLAN	PHASE2	NO	std::condition_variable::wait(std::unique_lock<std::mutex>&)	DYNSYM
docs/progress/R109/tables/w1_binary_consumers.tsv:64:base_binary	doxygen	armv7l	/usr/bin/doxygen	doxygen-1.14.0-2.2.src.rpm	PASS	R24_REBUILD_PLAN	PHASE2	NO	std::condition_variable::wait(std::unique_lock<std::mutex>&)	DYNSYM
docs/progress/R109/tables/w1_binary_consumers.tsv:65:base_binary	doxygen	x86_64	/usr/bin/doxygen	doxygen-1.14.0-2.2.src.rpm	PASS	R24_REBUILD_PLAN	PHASE2	NO	std::condition_variable::wait(std::unique_lock<std::mutex>&)	DYNSYM
docs/progress/R109/tables/w1_binary_consumers.tsv:66:base_binary	gdb	aarch64	/usr/bin/gdb	gdb-16.3-1.3.src.rpm	PASS	R24_REBUILD_PLAN	PHASE2	NO	std::condition_variable::wait(std::unique_lock<std::mutex>&)	DYNSYM
docs/progress/R109/tables/w1_binary_consumers.tsv:67:base_binary	gdb	armv7l	/usr/bin/gdb	gdb-16.3-1.3.src.rpm	PASS	R24_REBUILD_PLAN	PHASE2	NO	std::condition_variable::wait(std::unique_lock<std::mutex>&)	DYNSYM
docs/progress/R109/tables/w1_binary_consumers.tsv:68:base_binary	gdb	x86_64	/usr/bin/gdb	gdb-16.3-1.3.src.rpm	PASS	R24_REBUILD_PLAN	PHASE2	NO	std::condition_variable::wait(std::unique_lock<std::mutex>&)	DYNSYM
docs/progress/R109/tables/w1_binary_consumers.tsv:69:base_binary	gn	aarch64	/usr/bin/gn	gn-20210313-1.2.src.rpm	PASS	R24_REBUILD_PLAN	PHASE2	NO	std::condition_variable::wait(std::unique_lock<std::mutex>&)	DYNSYM
docs/progress/R109/tables/w1_binary_consumers.tsv:70:base_binary	gn	armv7l	/usr/bin/gn	gn-20210313-1.3.src.rpm	PASS	R24_REBUILD_PLAN	PHASE2	NO	std::condition_variable::wait(std::unique_lock<std::mutex>&)	DYNSYM
docs/progress/R109/tables/w1_binary_consumers.tsv:71:base_binary	gn	x86_64	/usr/bin/gn	gn-20210313-1.2.src.rpm	PASS	R24_REBUILD_PLAN	PHASE2	NO	std::condition_variable::wait(std::unique_lock<std::mutex>&)	DYNSYM
docs/progress/R109/tables/w1_binary_consumers.tsv:72:base_binary	libicu	aarch64	/usr/lib64/libicuuc.so.78.1	icu-78.1-1.5.src.rpm	PASS	R24_REBUILD_PLAN	PHASE1	NO	std::condition_variable::wait(std::unique_lock<std::mutex>&)	DYNSYM
docs/progress/R109/tables/w1_binary_consumers.tsv:73:base_binary	libicu	armv7l	/usr/lib/libicuuc.so.78.1	icu-78.1-1.5.src.rpm	PASS	R24_REBUILD_PLAN	PHASE1	NO	std::condition_variable::wait(std::unique_lock<std::mutex>&)	DYNSYM
docs/progress/R109/tables/w1_binary_consumers.tsv:74:base_binary	libicu	x86_64	/usr/lib64/libicuuc.so.78.1	icu-78.1-1.4.src.rpm	PASS	R24_REBUILD_PLAN	PHASE1	NO	std::condition_variable::wait(std::unique_lock<std::mutex>&)	DYNSYM
docs/progress/R109/tables/w1_binary_consumers.tsv:75:base_binary	libllvm	aarch64	/usr/lib64/libLLVM.so.22.1	llvm-22.1.8-19.1.src.rpm	PASS	R24_REBUILD_PLAN	PHASE2	NO	std::condition_variable::wait(std::unique_lock<std::mutex>&)	DYNSYM
docs/progress/R109/tables/w1_binary_consumers.tsv:76:base_binary	libllvm	armv7l	/usr/lib/libLLVM.so.22.1	llvm-22.1.8-19.1.src.rpm	PASS	R24_REBUILD_PLAN	PHASE2	NO	std::condition_variable::wait(std::unique_lock<std::mutex>&)	DYNSYM
docs/progress/R109/tables/w1_binary_consumers.tsv:77:base_binary	libllvm	x86_64	/usr/lib64/libLLVM.so.22.1	llvm-22.1.8-19.1.src.rpm	PASS	R24_REBUILD_PLAN	PHASE2	NO	std::condition_variable::wait(std::unique_lock<std::mutex>&)	DYNSYM
docs/progress/R109/tables/w1_binary_consumers.tsv:78:base_binary	lldb	aarch64	/home/owner/share/tmp/sdk_tools/lldb/bin/lldb-server	llvm-22.1.8-19.1.src.rpm	PASS	R24_REBUILD_PLAN	PHASE2	NO	std::condition_variable::wait(std::unique_lock<std::mutex>&)	DYNSYM
docs/progress/R109/tables/w1_binary_consumers.tsv:79:base_binary	lldb	aarch64	/home/owner/share/tmp/sdk_tools/lldb/lib64/liblldb.so.22.1.8	llvm-22.1.8-19.1.src.rpm	PASS	R24_REBUILD_PLAN	PHASE2	NO	std::condition_variable::wait(std::unique_lock<std::mutex>&)	DYNSYM
docs/progress/R109/tables/w1_binary_consumers.tsv:80:base_binary	lldb	armv7l	/home/owner/share/tmp/sdk_tools/lldb/bin/lldb-server	llvm-22.1.8-19.1.src.rpm	PASS	R24_REBUILD_PLAN	PHASE2	NO	std::condition_variable::wait(std::unique_lock<std::mutex>&)	DYNSYM
docs/progress/R109/tables/w1_binary_consumers.tsv:81:base_binary	lldb	armv7l	/home/owner/share/tmp/sdk_tools/lldb/lib/liblldb.so.22.1.8	llvm-22.1.8-19.1.src.rpm	PASS	R24_REBUILD_PLAN	PHASE2	NO	std::condition_variable::wait(std::unique_lock<std::mutex>&)	DYNSYM
docs/progress/R109/tables/w1_binary_consumers.tsv:82:base_binary	lldb	x86_64	/home/owner/share/tmp/sdk_tools/lldb/bin/lldb-server	llvm-22.1.8-19.1.src.rpm	PASS	R24_REBUILD_PLAN	PHASE2	NO	std::condition_variable::wait(std::unique_lock<std::mutex>&)	DYNSYM
docs/progress/R109/tables/w1_binary_consumers.tsv:83:base_binary	lldb	x86_64	/home/owner/share/tmp/sdk_tools/lldb/lib64/liblldb.so.22.1.8	llvm-22.1.8-19.1.src.rpm	PASS	R24_REBUILD_PLAN	PHASE2	NO	std::condition_variable::wait(std::unique_lock<std::mutex>&)	DYNSYM
docs/progress/R109/tables/w1_binary_consumers.tsv:84:base_binary	lldb-devel	aarch64	/usr/lib64/liblldb.so.22.1.8	llvm-22.1.8-19.1.src.rpm	PASS	R24_REBUILD_PLAN	PHASE2	NO	std::condition_variable::wait(std::unique_lock<std::mutex>&)	DYNSYM
docs/progress/R109/tables/w1_binary_consumers.tsv:85:base_binary	lldb-devel	armv7l	/usr/lib/liblldb.so.22.1.8	llvm-22.1.8-19.1.src.rpm	PASS	R24_REBUILD_PLAN	PHASE2	NO	std::condition_variable::wait(std::unique_lock<std::mutex>&)	DYNSYM
docs/progress/R109/tables/w1_binary_consumers.tsv:86:base_binary	lldb-devel	x86_64	/usr/lib64/liblldb.so.22.1.8	llvm-22.1.8-19.1.src.rpm	PASS	R24_REBUILD_PLAN	PHASE2	NO	std::condition_variable::wait(std::unique_lock<std::mutex>&)	DYNSYM
docs/progress/R109/tables/w1_binary_consumers.tsv:87:base_binary	llvm	aarch64	/usr/bin/lld	llvm-22.1.8-19.1.src.rpm	PASS	R24_REBUILD_PLAN	PHASE2	NO	std::condition_variable::wait(std::unique_lock<std::mutex>&)	DYNSYM
docs/progress/R109/tables/w1_binary_consumers.tsv:88:base_binary	llvm	aarch64	/usr/bin/lldb-dap	llvm-22.1.8-19.1.src.rpm	PASS	R24_REBUILD_PLAN	PHASE2	NO	std::condition_variable::wait(std::unique_lock<std::mutex>&)	DYNSYM
docs/progress/R109/tables/w1_binary_consumers.tsv:89:base_binary	llvm	aarch64	/usr/bin/llvm-debuginfod	llvm-22.1.8-19.1.src.rpm	PASS	R24_REBUILD_PLAN	PHASE2	NO	std::condition_variable::wait(std::unique_lock<std::mutex>&)	DYNSYM
docs/progress/R109/tables/w1_binary_consumers.tsv:90:base_binary	llvm	aarch64	/usr/bin/llvm-exegesis	llvm-22.1.8-19.1.src.rpm	PASS	R24_REBUILD_PLAN	PHASE2	NO	std::condition_variable::wait(std::unique_lock<std::mutex>&)	DYNSYM
docs/progress/R109/tables/w1_binary_consumers.tsv:91:base_binary	llvm	aarch64	/usr/bin/llvm-jitlink	llvm-22.1.8-19.1.src.rpm	PASS	R24_REBUILD_PLAN	PHASE2	NO	std::condition_variable::wait(std::unique_lock<std::mutex>&)	DYNSYM
docs/progress/R109/tables/w1_binary_consumers.tsv:92:base_binary	llvm	armv7l	/usr/bin/lld	llvm-22.1.8-19.1.src.rpm	PASS	R24_REBUILD_PLAN	PHASE2	NO	std::condition_variable::wait(std::unique_lock<std::mutex>&)	DYNSYM
docs/progress/R109/tables/w1_binary_consumers.tsv:93:base_binary	llvm	armv7l	/usr/bin/lldb-dap	llvm-22.1.8-19.1.src.rpm	PASS	R24_REBUILD_PLAN	PHASE2	NO	std::condition_variable::wait(std::unique_lock<std::mutex>&)	DYNSYM
docs/progress/R109/tables/w1_binary_consumers.tsv:94:base_binary	llvm	armv7l	/usr/bin/llvm-debuginfod	llvm-22.1.8-19.1.src.rpm	PASS	R24_REBUILD_PLAN	PHASE2	NO	std::condition_variable::wait(std::unique_lock<std::mutex>&)	DYNSYM
docs/progress/R109/tables/w1_binary_consumers.tsv:95:base_binary	llvm	armv7l	/usr/bin/llvm-exegesis	llvm-22.1.8-19.1.src.rpm	PASS	R24_REBUILD_PLAN	PHASE2	NO	std::condition_variable::wait(std::unique_lock<std::mutex>&)	DYNSYM
docs/progress/R109/tables/w1_binary_consumers.tsv:96:base_binary	llvm	armv7l	/usr/bin/llvm-jitlink	llvm-22.1.8-19.1.src.rpm	PASS	R24_REBUILD_PLAN	PHASE2	NO	std::condition_variable::wait(std::unique_lock<std::mutex>&)	DYNSYM
docs/progress/R109/tables/w1_binary_consumers.tsv:97:base_binary	llvm	x86_64	/usr/bin/lld	llvm-22.1.8-19.1.src.rpm	PASS	R24_REBUILD_PLAN	PHASE2	NO	std::condition_variable::wait(std::unique_lock<std::mutex>&)	DYNSYM
docs/progress/R109/tables/w1_binary_consumers.tsv:98:base_binary	llvm	x86_64	/usr/bin/lldb-dap	llvm-22.1.8-19.1.src.rpm	PASS	R24_REBUILD_PLAN	PHASE2	NO	std::condition_variable::wait(std::unique_lock<std::mutex>&)	DYNSYM
docs/progress/R109/tables/w1_binary_consumers.tsv:99:base_binary	llvm	x86_64	/usr/bin/llvm-debuginfod	llvm-22.1.8-19.1.src.rpm	PASS	R24_REBUILD_PLAN	PHASE2	NO	std::condition_variable::wait(std::unique_lock<std::mutex>&)	DYNSYM
docs/progress/R109/tables/w1_binary_consumers.tsv:100:base_binary	llvm	x86_64	/usr/bin/llvm-exegesis	llvm-22.1.8-19.1.src.rpm	PASS	R24_REBUILD_PLAN	PHASE2	NO	std::condition_variable::wait(std::unique_lock<std::mutex>&)	DYNSYM
docs/progress/R109/tables/w1_binary_consumers.tsv:101:base_binary	llvm	x86_64	/usr/bin/llvm-jitlink	llvm-22.1.8-19.1.src.rpm	PASS	R24_REBUILD_PLAN	PHASE2	NO	std::condition_variable::wait(std::unique_lock<std::mutex>&)	DYNSYM
docs/progress/R109/tables/w1_binary_consumers.tsv:102:base_binary	qemu-accel	x86_64	/emul/usr/bin/ccmake	qemu-accel-0.4-1.4.src.rpm	PASS	R24_REBUILD_PLAN	PHASE2	NO	std::condition_variable::wait(std::unique_lock<std::mutex>&)	DYNSYM
docs/progress/R109/tables/w1_binary_consumers.tsv:103:base_binary	qemu-accel	x86_64	/emul/usr/bin/cmake	qemu-accel-0.4-1.4.src.rpm	PASS	R24_REBUILD_PLAN	PHASE2	NO	std::condition_variable::wait(std::unique_lock<std::mutex>&)	DYNSYM
docs/progress/R109/tables/w1_binary_consumers.tsv:104:base_binary	qemu-accel	x86_64	/emul/usr/bin/cpack	qemu-accel-0.4-1.4.src.rpm	PASS	R24_REBUILD_PLAN	PHASE2	NO	std::condition_variable::wait(std::unique_lock<std::mutex>&)	DYNSYM
docs/progress/R109/tables/w1_binary_consumers.tsv:105:base_binary	qemu-accel	x86_64	/emul/usr/bin/ctest	qemu-accel-0.4-1.4.src.rpm	PASS	R24_REBUILD_PLAN	PHASE2	NO	std::condition_variable::wait(std::unique_lock<std::mutex>&)	DYNSYM
docs/progress/R109/tables/w1_binary_consumers.tsv:106:base_binary	qemu-accel-aarch64	aarch64	/emul/usr/bin/ccmake	qemu-accel-0.4-1.4.src.rpm	PASS	R24_REBUILD_PLAN	PHASE2	NO	std::condition_variable::wait(std::unique_lock<std::mutex>&)	DYNSYM
docs/progress/R109/tables/w1_binary_consumers.tsv:107:base_binary	qemu-accel-aarch64	aarch64	/emul/usr/bin/cmake	qemu-accel-0.4-1.4.src.rpm	PASS	R24_REBUILD_PLAN	PHASE2	NO	std::condition_variable::wait(std::unique_lock<std::mutex>&)	DYNSYM
docs/progress/R109/tables/w1_binary_consumers.tsv:108:base_binary	qemu-accel-aarch64	aarch64	/emul/usr/bin/cpack	qemu-accel-0.4-1.4.src.rpm	PASS	R24_REBUILD_PLAN	PHASE2	NO	std::condition_variable::wait(std::unique_lock<std::mutex>&)	DYNSYM
docs/progress/R109/tables/w1_binary_consumers.tsv:109:base_binary	qemu-accel-aarch64	aarch64	/emul/usr/bin/ctest	qemu-accel-0.4-1.4.src.rpm	PASS	R24_REBUILD_PLAN	PHASE2	NO	std::condition_variable::wait(std::unique_lock<std::mutex>&)	DYNSYM
docs/progress/R109/tables/w1_binary_consumers.tsv:110:base_binary	qemu-accel-armv7l	armv7l	/emul/usr/bin/ccmake	qemu-accel-0.4-1.4.src.rpm	PASS	R24_REBUILD_PLAN	PHASE2	NO	std::condition_variable::wait(std::unique_lock<std::mutex>&)	DYNSYM
docs/progress/R109/tables/w1_binary_consumers.tsv:111:base_binary	qemu-accel-armv7l	armv7l	/emul/usr/bin/cmake	qemu-accel-0.4-1.4.src.rpm	PASS	R24_REBUILD_PLAN	PHASE2	NO	std::condition_variable::wait(std::unique_lock<std::mutex>&)	DYNSYM
docs/progress/R109/tables/w1_binary_consumers.tsv:112:base_binary	qemu-accel-armv7l	armv7l	/emul/usr/bin/cpack	qemu-accel-0.4-1.4.src.rpm	PASS	R24_REBUILD_PLAN	PHASE2	NO	std::condition_variable::wait(std::unique_lock<std::mutex>&)	DYNSYM
docs/progress/R109/tables/w1_binary_consumers.tsv:113:base_binary	qemu-accel-armv7l	armv7l	/emul/usr/bin/ctest	qemu-accel-0.4-1.4.src.rpm	PASS	R24_REBUILD_PLAN	PHASE2	NO	std::condition_variable::wait(std::unique_lock<std::mutex>&)	DYNSYM
docs/progress/R109/tables/w1_binary_consumers.tsv:114:base_binary	qemu-accel-riscv64	riscv64	/emul/usr/bin/ccmake	qemu-accel-0.4-1.4.src.rpm	PASS	R24_REBUILD_PLAN	PHASE2	NO	std::condition_variable::wait(std::unique_lock<std::mutex>&)	DYNSYM
docs/progress/R109/tables/w1_binary_consumers.tsv:115:base_binary	qemu-accel-riscv64	riscv64	/emul/usr/bin/cmake	qemu-accel-0.4-1.4.src.rpm	PASS	R24_REBUILD_PLAN	PHASE2	NO	std::condition_variable::wait(std::unique_lock<std::mutex>&)	DYNSYM
docs/progress/R109/tables/w1_binary_consumers.tsv:116:base_binary	qemu-accel-riscv64	riscv64	/emul/usr/bin/cpack	qemu-accel-0.4-1.4.src.rpm	PASS	R24_REBUILD_PLAN	PHASE2	NO	std::condition_variable::wait(std::unique_lock<std::mutex>&)	DYNSYM
docs/progress/R109/tables/w1_binary_consumers.tsv:117:base_binary	qemu-accel-riscv64	riscv64	/emul/usr/bin/ctest	qemu-accel-0.4-1.4.src.rpm	PASS	R24_REBUILD_PLAN	PHASE2	NO	std::condition_variable::wait(std::unique_lock<std::mutex>&)	DYNSYM
docs/progress/R109/tables/w1_binary_consumers.tsv:118:base_binary	qemu-accel-x86_64-aarch64	aarch64	/emul/usr/bin/ccmake	qemu-accel-0.4-1.4.src.rpm	PASS	R24_REBUILD_PLAN	PHASE2	NO	std::condition_variable::wait(std::unique_lock<std::mutex>&)	DYNSYM
--- actual Boost header/source search ---
codes/R104/boost/boost/fiber/cuda/waitfor.hpp:65:        cv_.wait( lk, [this]{ return done_; });
codes/R104/boost/boost/fiber/cuda/waitfor.hpp:71:    condition_variable  cv_{};
codes/R104/boost/boost/fiber/cuda/waitfor.hpp:105:        cv_.wait( lk, [this]{ return stx_.empty(); });
codes/R104/boost/boost/fiber/cuda/waitfor.hpp:111:    condition_variable                                      cv_{};
codes/R104/boost/boost/fiber/cuda/waitfor.hpp:123:    return rendezvous.wait();
codes/R104/boost/boost/fiber/cuda/waitfor.hpp:130:    return rendezvous.wait();
codes/R104/boost/boost/fiber/numa/algo/work_stealing.hpp:52:    std::condition_variable                                 cnd_{};
codes/R104/boost/boost/fiber/detail/thread_barrier.hpp:33:    std::condition_variable cond_{};
codes/R104/boost/boost/fiber/detail/thread_barrier.hpp:55:        cond_.wait( lk, [&](){ return cycle != cycle_; });
codes/R104/boost/boost/fiber/barrier.hpp:31:    condition_variable  cond_{};
codes/R104/boost/boost/fiber/condition_variable.hpp:58:    condition_variable_any( condition_variable_any const&) = delete;
codes/R104/boost/boost/fiber/condition_variable.hpp:59:    condition_variable_any & operator=( condition_variable_any const&) = delete;
codes/R104/boost/boost/fiber/condition_variable.hpp:146:    condition_variable_any      cnd_;
codes/R104/boost/boost/fiber/condition_variable.hpp:151:    condition_variable( condition_variable const&) = delete;
codes/R104/boost/boost/fiber/condition_variable.hpp:152:    condition_variable & operator=( condition_variable const&) = delete;
codes/R104/boost/boost/fiber/condition_variable.hpp:166:        cnd_.wait( lt);
codes/R104/boost/boost/fiber/condition_variable.hpp:177:        cnd_.wait( lt, pred);
codes/R104/boost/boost/fiber/condition_variable.hpp:189:        cv_status result = cnd_.wait_until( lt, timeout_time);
codes/R104/boost/boost/fiber/condition_variable.hpp:202:        bool result = cnd_.wait_until( lt, timeout_time, pred);
codes/R104/boost/boost/fiber/condition_variable.hpp:215:        cv_status result = cnd_.wait_for( lt, timeout_duration);
codes/R104/boost/boost/fiber/condition_variable.hpp:228:        bool result = cnd_.wait_for( lt, timeout_duration, pred);
codes/R104/boost/boost/fiber/hip/waitfor.hpp:65:        cv_.wait( lk, [this]{ return done_; });
codes/R104/boost/boost/fiber/hip/waitfor.hpp:71:    condition_variable  cv_{};
codes/R104/boost/boost/fiber/hip/waitfor.hpp:105:        cv_.wait( lk, [this]{ return stx_.empty(); });
codes/R104/boost/boost/fiber/hip/waitfor.hpp:111:    condition_variable                                      cv_{};
codes/R104/boost/boost/fiber/hip/waitfor.hpp:123:    return rendezvous.wait();
codes/R104/boost/boost/fiber/hip/waitfor.hpp:130:    return rendezvous.wait();
codes/R104/boost/boost/fiber/algo/shared_work.hpp:45:    std::condition_variable cnd_{};
codes/R104/boost/boost/fiber/algo/round_robin.hpp:39:    std::condition_variable     cnd_{};
codes/R104/boost/boost/fiber/algo/work_stealing.hpp:50:    std::condition_variable                                 cnd_{};
codes/R104/boost/boost/fiber/future/detail/shared_state.hpp:40:    mutable condition_variable  waiters_{};
codes/R104/boost/boost/fiber/future/detail/shared_state.hpp:80:        waiters_.wait( lk, [this](){ return ready_; });
codes/R104/boost/boost/fiber/future/detail/shared_state.hpp:87:        return waiters_.wait_for( lk, timeout_duration, [this](){ return ready_; })
codes/R104/boost/boost/fiber/future/detail/shared_state.hpp:96:        return waiters_.wait_until( lk, timeout_time, [this](){ return ready_; })
codes/R104/boost/boost/thread/latch.hpp:77:      cond_.wait(lk, detail::not_equal(generation, generation_));
codes/R104/boost/boost/thread/latch.hpp:95:      return cond_.wait_for(lk, rel_time, detail::not_equal(generation, generation_))
codes/R104/boost/boost/thread/latch.hpp:108:      return cond_.wait_until(lk, abs_time, detail::not_equal(generation, generation_))
codes/R104/boost/boost/thread/latch.hpp:143:      cond_.wait(lk, detail::not_equal(generation, generation_));
codes/R104/boost/boost/thread/latch.hpp:161:    condition_variable cond_;
codes/R104/boost/boost/interprocess/detail/windows_intermodule_singleton.hpp:225:      m_sem_count.wait();
codes/R104/boost/boost/interprocess/ipc/message_queue.hpp:258:   {  cond.wait(lock); return true;  }
codes/R104/boost/boost/thread/concurrent_queues/detail/sync_queue_base.hpp:66:    condition_variable cond_;
codes/R104/boost/boost/thread/concurrent_queues/detail/sync_queue_base.hpp:190:    cond_.wait(lk, boost::bind(&sync_queue_base<ValueType, Queue>::not_empty_or_closed, boost::ref(*this), boost::ref(lk)));
codes/R104/boost/boost/thread/concurrent_queues/detail/sync_queue_base.hpp:199:    if (! cond_.wait_until(lk, tp, boost::bind(&sync_queue_base<ValueType, Queue>::not_empty_or_closed, boost::ref(*this), boost::ref(lk))))
codes/R104/boost/boost/thread/concurrent_queues/detail/sync_deque_base.hpp:66:    condition_variable cond_;
codes/R104/boost/boost/thread/concurrent_queues/detail/sync_deque_base.hpp:190:    cond_.wait(lk, boost::bind(&sync_deque_base<ValueType, Queue>::not_empty_or_closed, boost::ref(*this), boost::ref(lk)));
codes/R104/boost/boost/thread/concurrent_queues/detail/sync_deque_base.hpp:199:    if (! cond_.wait_until(lk, tp, boost::bind(&sync_deque_base<ValueType, Queue>::not_empty_or_closed, boost::ref(*this), boost::ref(lk))))
codes/R104/boost/boost/thread/concurrent_queues/sync_bounded_queue.hpp:92:    condition_variable not_empty_;
codes/R104/boost/boost/thread/concurrent_queues/sync_bounded_queue.hpp:93:    condition_variable not_full_;
codes/R104/boost/boost/thread/concurrent_queues/sync_bounded_queue.hpp:416:      not_empty_.wait(lk);
codes/R104/boost/boost/thread/concurrent_queues/sync_bounded_queue.hpp:427:      not_empty_.wait(lk);
codes/R104/boost/boost/thread/concurrent_queues/sync_bounded_queue.hpp:587:      not_full_.wait(lk);
codes/R104/boost/boost/thread/concurrent_queues/sync_timed_queue.hpp:274:      super::cond_.wait_until(lk, tpmin);
codes/R104/boost/boost/thread/concurrent_queues/sync_timed_queue.hpp:294:      super::cond_.wait_until(lk, tpmin);
codes/R104/boost/boost/thread/concurrent_queues/sync_timed_queue.hpp:316:      super::cond_.wait_until(lk, tpmin);
codes/R104/boost/boost/thread/executors/serial_executor.hpp:85:          p.get_future().wait();
codes/R104/boost/boost/thread/condition.hpp:17:    typedef condition_variable_any condition;
codes/R104/boost/boost/thread/completion_latch.hpp:54:        that_.leavers_.cond_.wait(lk, detail::counter_is_zero(that_.leavers_));
codes/R104/boost/boost/thread/completion_latch.hpp:56:        that_.leavers_.cond_.wait(lk, detail::counter_is_not_zero(that_.leavers_));
codes/R104/boost/boost/thread/completion_latch.hpp:69:        waiters_.cond_.wait(lk, detail::counter_is_not_zero(waiters_));
codes/R104/boost/boost/thread/completion_latch.hpp:72:        waiters_.cond_.wait(lk, detail::counter_is_zero(waiters_));
codes/R104/boost/boost/thread/completion_latch.hpp:114:      count_.cond_.wait(lk, detail::counter_is_zero(count_));
codes/R104/boost/boost/thread/completion_latch.hpp:132:      return count_.cond_.wait_for(lk, rel_time, detail::counter_is_zero(count_))
codes/R104/boost/boost/thread/completion_latch.hpp:144:      return count_.cond_.wait_until(lk, abs_time, detail::counter_is_zero(count_))
codes/R104/boost/boost/thread/completion_latch.hpp:172:      count_.cond_.wait(lk, detail::counter_is_zero(count_));
codes/R104/boost/boost/log/detail/event.hpp:134:    boost::condition_variable m_cond;
codes/R104/boost/boost/interprocess/sync/interprocess_sharable_mutex.hpp:258:      this->m_first_gate.wait(lck);
codes/R104/boost/boost/interprocess/sync/interprocess_sharable_mutex.hpp:269:      this->m_second_gate.wait(lck);
codes/R104/boost/boost/interprocess/sync/interprocess_sharable_mutex.hpp:348:      this->m_first_gate.wait(lck);
codes/R104/boost/boost/interprocess/sync/detail/condition_algorithm_8a.hpp:203:      data.get_sem_block_lock().wait();
codes/R104/boost/boost/interprocess/sync/detail/condition_algorithm_8a.hpp:236:            data.get_sem_block_lock().wait();
codes/R104/boost/boost/interprocess/sync/detail/condition_algorithm_8a.hpp:248:               data.get_sem_block_queue().wait();       // better now than spurious later
codes/R104/boost/boost/interprocess/sync/detail/condition_algorithm_8a.hpp:282:            data.get_sem_block_lock().wait();                      // close the gate
codes/R104/boost/boost/interprocess/sync/detail/condition_algorithm_8a.hpp:312:   {  sem.wait();  return true;  }
codes/R104/boost/boost/interprocess/sync/detail/condition_any_algorithm.hpp:83:            data.get_condvar().wait(internal_unlock);
codes/R104/boost/boost/thread/detail/counter.hpp:26:      condition_variable cond_;
codes/R104/boost/boost/interprocess/sync/detail/locks.hpp:96:   BOOST_INTERPROCESS_FORCEINLINE void lock()     {  l_.wait();     }
codes/R104/boost/boost/interprocess/sync/named_semaphore.hpp:209:{  m_sem.wait();  }
codes/R104/boost/boost/interprocess/sync/named_condition.hpp:250:   m_cond.wait(internal_lock);
codes/R104/boost/boost/interprocess/sync/named_condition.hpp:257:   m_cond.wait(internal_lock, pred);
codes/R104/boost/boost/interprocess/sync/interprocess_upgradable_mutex.hpp:391:      this->m_first_gate.wait(lck);
codes/R104/boost/boost/interprocess/sync/interprocess_upgradable_mutex.hpp:402:      this->m_second_gate.wait(lck);
codes/R104/boost/boost/interprocess/sync/interprocess_upgradable_mutex.hpp:478:      this->m_first_gate.wait(lck);
codes/R104/boost/boost/interprocess/sync/interprocess_upgradable_mutex.hpp:560:      this->m_first_gate.wait(lck);
codes/R104/boost/boost/interprocess/sync/interprocess_upgradable_mutex.hpp:678:      this->m_second_gate.wait(lck);
codes/R104/boost/boost/interprocess/sync/posix/named_mutex.hpp:103:{  m_sem.wait();  }
codes/R104/boost/boost/interprocess/sync/interprocess_condition_any.hpp:49://!Unlike std::condition_variable_any in C++11, it is NOT safe to invoke the destructor if all
codes/R104/boost/boost/interprocess/sync/interprocess_condition_any.hpp:99:   {  m_cond.wait(lock);  }
codes/R104/boost/boost/interprocess/sync/interprocess_condition_any.hpp:105:   {  m_cond.wait(lock, pred);  }
codes/R104/boost/boost/interprocess/sync/windows/condition.hpp:63:   {  m_condition_data.wait(lock);   }
codes/R104/boost/boost/interprocess/sync/windows/condition.hpp:67:   {  m_condition_data.wait(lock, pred);   }
codes/R104/boost/boost/log/sinks/unbounded_ordering_queue.hpp:87:    condition_variable m_cond;
codes/R104/boost/boost/log/sinks/unbounded_ordering_queue.hpp:210:                m_cond.wait(lock);
codes/R104/boost/boost/interprocess/sync/windows/semaphore.hpp:82:   sem.wait();
codes/R104/boost/boost/interprocess/sync/windows/named_semaphore.hpp:200:   m_sem_wrapper.wait();
codes/R104/boost/boost/log/sinks/async_frontend.hpp:248:    condition_variable_any m_BlockCond;
codes/R104/boost/boost/log/sinks/async_frontend.hpp:351:                m_BlockCond.wait(lock);
codes/R104/boost/boost/log/sinks/async_frontend.hpp:479:                    m_BlockCond.wait(lock);
codes/R104/boost/boost/log/sinks/async_frontend.hpp:518:            m_BlockCond.wait(lock);
codes/R104/boost/boost/log/sinks/bounded_ordering_queue.hpp:91:    condition_variable m_cond;
codes/R104/boost/boost/log/sinks/bounded_ordering_queue.hpp:236:                m_cond.wait(lock);
codes/R104/boost/boost/interprocess/sync/windows/named_condition_any.hpp:155:   {  m_condition_data.wait(lock);   }
codes/R104/boost/boost/interprocess/sync/windows/named_condition_any.hpp:159:   {  m_condition_data.wait(lock, pred);   }
codes/R104/boost/boost/log/sinks/block_on_overflow.hpp:61:        condition_variable cond;
codes/R104/boost/boost/log/sinks/block_on_overflow.hpp:98:            context.cond.wait(lock);
codes/R104/boost/boost/log/sinks/unbounded_fifo_queue.hpp:117:            m_event.wait();
codes/R104/boost/boost/log/sinks/bounded_fifo_queue.hpp:73:    condition_variable m_cond;
codes/R104/boost/boost/log/sinks/bounded_fifo_queue.hpp:166:                m_cond.wait(lock);
codes/R104/boost/boost/interprocess/sync/shm/named_condition.hpp:312:{  this->internal_cond().wait(lock); }
codes/R104/boost/boost/interprocess/sync/shm/named_condition.hpp:316:{  this->internal_cond().wait(lock, pred); }
codes/R104/boost/boost/interprocess/sync/shm/named_condition_any.hpp:131:   {  this->internal_cond().wait(lock); }
codes/R104/boost/boost/interprocess/sync/shm/named_condition_any.hpp:137:   {  this->internal_cond().wait(lock, pred); }
codes/R104/boost/boost/thread/barrier.hpp:234:        m_cond.wait(lock);
codes/R104/boost/boost/thread/barrier.hpp:245:    condition_variable m_cond;
codes/R104/boost/boost/interprocess/sync/named_condition_any.hpp:144:   {  return m_cond.wait(lock); }
codes/R104/boost/boost/interprocess/sync/named_condition_any.hpp:150:   {  return m_cond.wait(lock, pred); }
codes/R104/boost/boost/interprocess/sync/interprocess_condition.hpp:58://!Destroys the object of type std::condition_variable_any
codes/R104/boost/boost/interprocess/sync/interprocess_condition.hpp:60://!Unlike std::condition_variable in C++11, it is NOT safe to invoke the destructor if all
codes/R104/boost/boost/interprocess/sync/interprocess_condition.hpp:99:      m_condition.wait(internal_lock);
codes/R104/boost/boost/interprocess/sync/interprocess_condition.hpp:108:      m_condition.wait(internal_lock, pred);
codes/R104/boost/boost/thread/v2/shared_mutex.hpp:169:      typedef boost::condition_variable cond_t;
codes/R104/boost/boost/thread/v2/shared_mutex.hpp:278:      gate1_.wait(lk, boost::bind(&shared_mutex::no_writer, boost::ref(*this)));
codes/R104/boost/boost/thread/v2/shared_mutex.hpp:280:      gate2_.wait(lk, boost::bind(&shared_mutex::no_readers, boost::ref(*this)));
codes/R104/boost/boost/thread/v2/shared_mutex.hpp:300:      if (!gate1_.wait_until(lk, abs_time, boost::bind(
codes/R104/boost/boost/thread/v2/shared_mutex.hpp:306:      if (!gate2_.wait_until(lk, abs_time, boost::bind(
codes/R104/boost/boost/thread/v2/shared_mutex.hpp:353:      gate1_.wait(lk, boost::bind(&shared_mutex::no_writer_no_max_readers, boost::ref(*this)));
codes/R104/boost/boost/thread/v2/shared_mutex.hpp:378:      if (!gate1_.wait_until(lk, abs_time, boost::bind(
codes/R104/boost/boost/thread/v2/shared_mutex.hpp:435:      typedef boost::condition_variable cond_t;
codes/R104/boost/boost/thread/v2/shared_mutex.hpp:656:      gate1_.wait(lk, boost::bind(&upgrade_mutex::no_writer_no_upgrader, boost::ref(*this)));
codes/R104/boost/boost/thread/v2/shared_mutex.hpp:658:      gate2_.wait(lk, boost::bind(&upgrade_mutex::no_readers, boost::ref(*this)));
codes/R104/boost/boost/thread/v2/shared_mutex.hpp:678:      if (!gate1_.wait_until(lk, abs_time, boost::bind(
codes/R104/boost/boost/thread/v2/shared_mutex.hpp:684:      if (!gate2_.wait_until(lk, abs_time, boost::bind(
codes/R104/boost/boost/thread/v2/shared_mutex.hpp:732:      gate1_.wait(lk, boost::bind(&upgrade_mutex::no_writer_no_max_readers, boost::ref(*this)));
codes/R104/boost/boost/thread/v2/shared_mutex.hpp:757:      if (!gate1_.wait_until(lk, abs_time, boost::bind(
codes/R104/boost/boost/thread/v2/shared_mutex.hpp:810:      gate1_.wait(lk, boost::bind(&upgrade_mutex::no_writer_no_upgrader_no_max_readers, boost::ref(*this)));
codes/R104/boost/boost/thread/v2/shared_mutex.hpp:835:      if (!gate1_.wait_until(lk, abs_time, boost::bind(
codes/R104/boost/boost/thread/v2/shared_mutex.hpp:900:      if (!gate1_.wait_until(lk, abs_time, boost::bind(
codes/R104/boost/boost/thread/v2/shared_mutex.hpp:908:      if (!gate2_.wait_until(lk, abs_time, boost::bind(
codes/R104/boost/boost/thread/v2/shared_mutex.hpp:955:      if (!gate1_.wait_until(lk, abs_time, boost::bind(
codes/R104/boost/boost/thread/v2/shared_mutex.hpp:990:      gate2_.wait(lk, boost::bind(&upgrade_mutex::no_readers, boost::ref(*this)));
codes/R104/boost/boost/thread/v2/shared_mutex.hpp:1019:      if (!gate2_.wait_until(lk, abs_time, boost::bind(
codes/R104/boost/boost/interprocess/sync/spin/interprocess_barrier.hpp:47:      m_cond.wait(lock);
codes/R104/boost/boost/thread/futures/wait_for_all.hpp:31:        f1.wait();
codes/R104/boost/boost/thread/futures/wait_for_all.hpp:32:        f2.wait();
codes/R104/boost/boost/thread/futures/wait_for_all.hpp:38:        f1.wait();
codes/R104/boost/boost/thread/futures/wait_for_all.hpp:39:        f2.wait();
codes/R104/boost/boost/thread/futures/wait_for_all.hpp:40:        f3.wait();
codes/R104/boost/boost/thread/futures/wait_for_all.hpp:46:        f1.wait();
codes/R104/boost/boost/thread/futures/wait_for_all.hpp:47:        f2.wait();
codes/R104/boost/boost/thread/futures/wait_for_all.hpp:48:        f3.wait();
codes/R104/boost/boost/thread/futures/wait_for_all.hpp:49:        f4.wait();
codes/R104/boost/boost/thread/futures/wait_for_all.hpp:55:        f1.wait();
codes/R104/boost/boost/thread/futures/wait_for_all.hpp:56:        f2.wait();
codes/R104/boost/boost/thread/futures/wait_for_all.hpp:57:        f3.wait();
codes/R104/boost/boost/thread/futures/wait_for_all.hpp:58:        f4.wait();
codes/R104/boost/boost/thread/futures/wait_for_all.hpp:59:        f5.wait();
codes/R104/boost/boost/thread/futures/wait_for_all.hpp:65:        bool dummy[] = { (f1.wait(), true), (fs.wait(), true)... };
codes/R104/boost/boost/thread/futures/wait_for_any.hpp:84:      boost::condition_variable_any cv;
codes/R104/boost/boost/thread/futures/wait_for_any.hpp:134:          cv.wait(lk);
codes/R104/boost/boost/thread/futures/wait_for_any.hpp:158:    return boost::next(begin, waiter.wait());
codes/R104/boost/boost/thread/pthread/thread_data.hpp:118:            boost::condition_variable done_condition;
codes/R104/boost/boost/thread/pthread/thread_data.hpp:270:          condition_variable cond;
codes/R104/boost/boost/thread/pthread/thread_data.hpp:279:          condition_variable cond;
codes/R104/boost/boost/thread/pthread/thread_data.hpp:290:          condition_variable cv;
codes/R104/boost/boost/thread/pthread/thread_data.hpp:291:          cv.wait_until(lk, t, hidden::always_false);
codes/R104/boost/boost/thread/pthread/thread_data.hpp:299:          condition_variable cv;
codes/R104/boost/boost/thread/pthread/thread_data.hpp:300:          cv.wait_for(lk, d, hidden::always_false);
codes/R104/boost/boost/atomic/detail/wait_ops_generic.hpp:62:                wait_state.wait();
codes/R104/boost/boost/thread/pthread/shared_mutex.hpp:146:        boost::condition_variable shared_cond;
codes/R104/boost/boost/thread/pthread/shared_mutex.hpp:147:        boost::condition_variable exclusive_cond;
codes/R104/boost/boost/thread/pthread/shared_mutex.hpp:148:        boost::condition_variable upgrade_cond;
codes/R104/boost/boost/thread/pthread/shared_mutex.hpp:174:            shared_cond.wait(lk, boost::bind(&state_data::can_lock_shared, boost::ref(state)));
codes/R104/boost/boost/thread/pthread/shared_mutex.hpp:233:          if(!shared_cond.wait_until(lk, abs_time, boost::bind(&state_data::can_lock_shared, boost::ref(state))))
codes/R104/boost/boost/thread/pthread/shared_mutex.hpp:273:            exclusive_cond.wait(lk, boost::bind(&state_data::can_lock, boost::ref(state)));
codes/R104/boost/boost/thread/pthread/shared_mutex.hpp:327:          if(!exclusive_cond.wait_until(lk, abs_time, boost::bind(&state_data::can_lock, boost::ref(state))))
codes/R104/boost/boost/thread/pthread/shared_mutex.hpp:365:            shared_cond.wait(lk, boost::bind(&state_data::can_lock_upgrade, boost::ref(state)));
codes/R104/boost/boost/thread/pthread/shared_mutex.hpp:415:          if(!shared_cond.wait_until(lk, abs_time, boost::bind(&state_data::can_lock_upgrade, boost::ref(state))))
codes/R104/boost/boost/thread/pthread/shared_mutex.hpp:460:            upgrade_cond.wait(lk, boost::bind(&state_data::no_shared, boost::ref(state)));
codes/R104/boost/boost/thread/pthread/shared_mutex.hpp:514:          if(!shared_cond.wait_until(lk, abs_time, boost::bind(&state_data::one_shared, boost::ref(state))))
codes/R104/boost/boost/thread/pthread/shared_mutex.hpp:572:          if(!shared_cond.wait_until(lk, abs_time, boost::bind(&state_data::one_shared, boost::ref(state))))
codes/R104/boost/boost/thread/pthread/shared_mutex.hpp:626:          if(!exclusive_cond.wait_until(lk, abs_time, boost::bind(&state_data::can_lock_upgrade, boost::ref(state))))
codes/R104/boost/boost/thread/future.hpp:167:            boost::condition_variable waiters;
codes/R104/boost/boost/thread/future.hpp:396:              waiters.wait(lk, boost::bind(&shared_state_base::is_done, boost::ref(*this)));
codes/R104/boost/boost/thread/future.hpp:446:              if(!waiters.wait_until(lock, abs_time, boost::bind(&shared_state_base::is_done, boost::ref(*this))))
codes/R104/boost/boost/thread/future.hpp:943:            this->waiters.wait(lk, boost::bind(&shared_state_base::is_done, boost::ref(*this)));
codes/R104/boost/boost/thread/future.hpp:1172:            boost::condition_variable_any cv;
codes/R104/boost/boost/thread/future.hpp:1217:                    cv.wait(lk);
codes/R104/boost/boost/thread/future.hpp:1259://        return boost::next(begin,waiter.wait());
codes/R104/boost/boost/thread/future.hpp:1269:        return waiter.wait();
codes/R104/boost/boost/thread/future.hpp:1279:        return waiter.wait();
codes/R104/boost/boost/thread/future.hpp:1290:        return waiter.wait();
codes/R104/boost/boost/thread/future.hpp:1302:        return waiter.wait();
codes/R104/boost/boost/thread/future.hpp:1311:      return waiter.wait();
codes/R104/boost/boost/thread/future.hpp:4812:      this->parent.wait();
codes/R104/boost/boost/thread/future.hpp:4835:      this->parent.wait();
codes/R104/boost/boost/atomic/detail/wait_ops_emulated.hpp:63:            wait_state.wait();
codes/R104/boost/boost/compat/latch.hpp:24:  mutable std::condition_variable cv_;
codes/R104/boost/boost/compat/latch.hpp:79:    cv_.wait(lk, [this] { return this->is_ready(); });
codes/R104/boost/boost/asio/detail/conditionally_enabled_event.hpp:97:      event_.wait(lock);
codes/R104/boost/boost/asio/detail/conditionally_enabled_event.hpp:99:      null_event().wait(lock);
codes/R104/boost/boost/asio/detail/impl/scheduler.ipp:502:      wakeup_event_.wait(lock);
codes/R104/boost/boost/asio/detail/event.hpp:29:# error Only Windows, POSIX and std::condition_variable are supported!
codes/R104/boost/boost/asio/detail/winrt_async_manager.hpp:64:      f.wait();
codes/R104/boost/boost/asio/detail/blocking_executor_op.hpp:45:      event_.wait(lock);
codes/R104/boost/boost/asio/detail/std_event.hpp:122:      cond_.wait(u_lock.unique_lock_);
codes/R104/boost/boost/asio/detail/std_event.hpp:135:      cond_.wait_for(u_lock.unique_lock_, std::chrono::microseconds(usec));
codes/R104/boost/boost/asio/detail/std_event.hpp:142:  // it can be passed to std::condition_variable::wait().
codes/R104/boost/boost/asio/detail/std_event.hpp:178:  std::condition_variable cond_;
codes/R104/boost/boost/asio/execution/blocking_adaptation.hpp:775:      event_.wait(lock);
codes/R104/boost/boost/asio/basic_socket_acceptor.hpp:1166:   * acceptor.wait(boost::asio::ip::tcp::acceptor::wait_read);
codes/R104/boost/boost/asio/basic_socket_acceptor.hpp:1172:    impl_.get_service().wait(impl_.get_implementation(), w, ec);
codes/R104/boost/boost/asio/basic_socket_acceptor.hpp:1192:   * acceptor.wait(boost::asio::ip::tcp::acceptor::wait_read, ec);
codes/R104/boost/boost/asio/basic_socket_acceptor.hpp:1197:    impl_.get_service().wait(impl_.get_implementation(), w, ec);
codes/R104/boost/boost/asio/posix/basic_descriptor.hpp:613:   * descriptor.wait(boost::asio::posix::stream_descriptor::wait_read);
codes/R104/boost/boost/asio/posix/basic_descriptor.hpp:619:    impl_.get_service().wait(impl_.get_implementation(), w, ec);
codes/R104/boost/boost/asio/posix/basic_descriptor.hpp:639:   * descriptor.wait(boost::asio::posix::stream_descriptor::wait_read, ec);
codes/R104/boost/boost/asio/posix/basic_descriptor.hpp:644:    impl_.get_service().wait(impl_.get_implementation(), w, ec);
codes/R104/boost/boost/asio/windows/basic_object_handle.hpp:390:    impl_.get_service().wait(impl_.get_implementation(), ec);
codes/R104/boost/boost/asio/windows/basic_object_handle.hpp:404:    impl_.get_service().wait(impl_.get_implementation(), ec);
codes/R104/boost/boost/asio/basic_waitable_timer.hpp:79: * timer.wait();
codes/R104/boost/boost/asio/basic_waitable_timer.hpp:714:    impl_.get_service().wait(impl_.get_implementation(), ec);
codes/R104/boost/boost/asio/basic_waitable_timer.hpp:727:    impl_.get_service().wait(impl_.get_implementation(), ec);
codes/R104/boost/boost/asio/basic_socket.hpp:1735:   * socket.wait(boost::asio::ip::tcp::socket::wait_read);
codes/R104/boost/boost/asio/basic_socket.hpp:1741:    impl_.get_service().wait(impl_.get_implementation(), w, ec);
codes/R104/boost/boost/asio/basic_socket.hpp:1761:   * socket.wait(boost::asio::ip::tcp::socket::wait_read, ec);
codes/R104/boost/boost/asio/basic_socket.hpp:1766:    impl_.get_service().wait(impl_.get_implementation(), w, ec);
codes/R104/boost/boost/asio/basic_deadline_timer.hpp:64: * timer.wait();
codes/R104/boost/boost/asio/basic_deadline_timer.hpp:595:    impl_.get_service().wait(impl_.get_implementation(), ec);
codes/R104/boost/boost/asio/basic_deadline_timer.hpp:608:    impl_.get_service().wait(impl_.get_implementation(), ec);
codes/R104/boost/boost/asio/impl/thread_pool.hpp:193:  op.wait();
codes/R104/boost/boost/process/v2/process.hpp:258:      process_handle_.wait(exit_status_, ec);
codes/R104/boost/boost/process/v2/process.hpp:267:        process_handle_.wait(exit_status_, ec);
codes/R104/boost/boost/process/v2/error.hpp:33: *     proc.wait();
codes/R104/boost/boost/process/v2/detail/process_handle_windows.hpp:136:        handle_.wait(ec);
codes/R104/boost/boost/process/v2/execute.hpp:30:    return proc.wait();
codes/R104/boost/boost/process/v2/execute.hpp:37:    return proc.wait(ec);
codes/R104/boost/boost/process/system.hpp:90:        c.wait();
codes/R104/boost/boost/process/system.hpp:104:    c.wait();
codes/R104/boost/boost/process/system.hpp:121:    c.wait();
codes/R104/boost/boost/statechart/fifo_worker.hpp:155:        queueNotEmpty_.wait( lock );
codes/R104/boost/boost/compute/async/wait_guard.hpp:34:/// // call e.wait() upon exiting the current scope
codes/R104/boost/boost/compute/async/wait_guard.hpp:53:        m_waitable.wait();
codes/R104/boost/boost/compute/async/wait.hpp:49:    l.wait();
codes/R104/boost/boost/compute/async/future.hpp:76:        m_event.wait();
codes/R104/boost/boost/compute/async/future.hpp:159:        m_event.wait();
codes/R104/boost/boost/compute/algorithm/detail/copy_to_host.hpp:100:    unmap_event.wait();
codes/R104/boost/boost/compute/algorithm/detail/copy_to_host.hpp:197:    queue.enqueue_svm_unmap(first.get()).wait();
codes/R104/boost/boost/compute/algorithm/detail/copy_to_device.hpp:97:    unmap_event.wait();
codes/R104/boost/boost/compute/algorithm/detail/copy_to_device.hpp:194:    queue.enqueue_svm_unmap(result.get()).wait();
codes/R104/boost/boost/compute/detail/buffer_value.hpp:129:            ).wait();
codes/R104/boost/boost/compute/memory/svm_ptr.hpp:63:        queue.enqueue_svm_unmap(static_cast<void*>(ptr)).wait();
codes/R104/boost/boost/beast/_experimental/test/detail/stream_state.hpp:92:    std::condition_variable cv;
codes/R104/boost/boost/beast/_experimental/test/impl/stream.hpp:306:    in_->cv.wait(lock,
--- positive-control header search ---
codes/R104/boost/boost/thread/latch.hpp:15:#include <boost/thread/condition_variable.hpp>
codes/R104/boost/boost/thread/latch.hpp:161:    condition_variable cond_;
codes/R104/boost/boost/thread/concurrent_queues/sync_priority_queue.hpp:15:#include <boost/thread/condition_variable.hpp>
codes/R104/boost/boost/thread/concurrent_queues/detail/sync_queue_base.hpp:17:#include <boost/thread/condition_variable.hpp>
codes/R104/boost/boost/thread/concurrent_queues/detail/sync_queue_base.hpp:66:    condition_variable cond_;
codes/R104/boost/boost/thread/concurrent_queues/detail/sync_deque_base.hpp:17:#include <boost/thread/condition_variable.hpp>
codes/R104/boost/boost/thread/concurrent_queues/detail/sync_deque_base.hpp:66:    condition_variable cond_;
codes/R104/boost/boost/thread/concurrent_queues/sync_bounded_queue.hpp:15:#include <boost/thread/condition_variable.hpp>
codes/R104/boost/boost/thread/concurrent_queues/sync_bounded_queue.hpp:92:    condition_variable not_empty_;
codes/R104/boost/boost/thread/concurrent_queues/sync_bounded_queue.hpp:93:    condition_variable not_full_;
codes/R104/boost/boost/thread/concurrent_queues/sync_queue.hpp:17:#include <boost/thread/condition_variable.hpp>
codes/R104/boost/boost/thread/concurrent_queues/sync_deque.hpp:17:#include <boost/thread/condition_variable.hpp>
codes/R104/boost/boost/thread/completion_latch.hpp:15:#include <boost/thread/condition_variable.hpp>
codes/R104/boost/boost/thread/v2/shared_mutex.hpp:154:#include <boost/thread/condition_variable.hpp>
codes/R104/boost/boost/thread/v2/shared_mutex.hpp:169:      typedef boost::condition_variable cond_t;
codes/R104/boost/boost/thread/v2/shared_mutex.hpp:435:      typedef boost::condition_variable cond_t;
codes/R104/boost/boost/thread/condition_variable.hpp:4://  condition_variable.hpp
codes/R104/boost/boost/thread/condition_variable.hpp:14:#include <boost/thread/win32/condition_variable.hpp>
codes/R104/boost/boost/thread/condition_variable.hpp:16:#include <boost/thread/pthread/condition_variable.hpp>
codes/R104/boost/boost/thread/pthread/thread_data.hpp:14:#include <boost/thread/pthread/condition_variable_fwd.hpp>
codes/R104/boost/boost/thread/pthread/thread_data.hpp:118:            boost::condition_variable done_condition;
codes/R104/boost/boost/thread/pthread/thread_data.hpp:132:            typedef std::vector<std::pair<condition_variable*, mutex*>
codes/R104/boost/boost/thread/pthread/thread_data.hpp:133:            //, hidden_allocator<std::pair<condition_variable*, mutex*> >
codes/R104/boost/boost/thread/pthread/thread_data.hpp:170:            virtual void notify_all_at_thread_exit(condition_variable* cv, mutex* m)
codes/R104/boost/boost/thread/pthread/thread_data.hpp:172:              notify.push_back(std::pair<condition_variable*, mutex*>(cv, m));
codes/R104/boost/boost/thread/pthread/thread_data.hpp:270:          condition_variable cond;
codes/R104/boost/boost/thread/pthread/thread_data.hpp:279:          condition_variable cond;
codes/R104/boost/boost/thread/pthread/thread_data.hpp:290:          condition_variable cv;
codes/R104/boost/boost/thread/pthread/thread_data.hpp:299:          condition_variable cv;
codes/R104/boost/boost/thread/pthread/shared_mutex.hpp:15:#include <boost/thread/condition_variable.hpp>
codes/R104/boost/boost/thread/pthread/shared_mutex.hpp:146:        boost::condition_variable shared_cond;
codes/R104/boost/boost/thread/pthread/shared_mutex.hpp:147:        boost::condition_variable exclusive_cond;
codes/R104/boost/boost/thread/pthread/shared_mutex.hpp:148:        boost::condition_variable upgrade_cond;
codes/R104/boost/boost/thread/thread_only.hpp:26:#include <boost/thread/condition_variable.hpp>
codes/R104/boost/boost/thread/future.hpp:29:#include <boost/thread/condition_variable.hpp>
codes/R104/boost/boost/thread/future.hpp:154:            typedef std::list<boost::condition_variable_any*> waiter_list;
codes/R104/boost/boost/thread/future.hpp:167:            boost::condition_variable waiters;
codes/R104/boost/boost/thread/future.hpp:268:            notify_when_ready_handle notify_when_ready(boost::condition_variable_any& cv)
codes/R104/boost/boost/thread/future.hpp:1172:            boost::condition_variable_any cv;
codes/R104/boost/boost/thread/future.hpp:1464:        notify_when_ready_handle notify_when_ready(boost::condition_variable_any& cv)
codes/R104/boost/boost/thread/pthread/condition_variable_fwd.hpp:36:    class condition_variable
codes/R104/boost/boost/thread/pthread/condition_variable_fwd.hpp:52:      BOOST_THREAD_NO_COPYABLE(condition_variable)
codes/R104/boost/boost/thread/pthread/condition_variable_fwd.hpp:53:        condition_variable()
codes/R104/boost/boost/thread/pthread/condition_variable_fwd.hpp:64:                boost::throw_exception(thread_resource_error(res, "boost::condition_variable::condition_variable() constructor failed in pthread_mutex_init"));
codes/R104/boost/boost/thread/pthread/condition_variable_fwd.hpp:74:                boost::throw_exception(thread_resource_error(res, "boost::condition_variable::condition_variable() constructor failed in pthread_cond_init"));
codes/R104/boost/boost/thread/pthread/condition_variable_fwd.hpp:77:        ~condition_variable()
codes/R104/boost/boost/thread/pthread/condition_variable_fwd.hpp:336:    BOOST_THREAD_DECL void notify_all_at_thread_exit(condition_variable& cond, unique_lock<mutex> lk);
codes/R104/boost/boost/thread/win32/thread_data.hpp:35:  class condition_variable;
codes/R104/boost/boost/thread/win32/thread_data.hpp:114:            typedef std::vector<std::pair<condition_variable*, mutex*>
codes/R104/boost/boost/thread/win32/thread_data.hpp:115:            //, hidden_allocator<std::pair<condition_variable*, mutex*> >
codes/R104/boost/boost/thread/win32/thread_data.hpp:180:            virtual void notify_all_at_thread_exit(condition_variable* cv, mutex* m)
codes/R104/boost/boost/thread/win32/thread_data.hpp:182:              notify.push_back(std::pair<condition_variable*, mutex*>(cv, m));
codes/R104/boost/boost/thread/pthread/condition_variable.hpp:17:#include <boost/thread/pthread/condition_variable_fwd.hpp>
codes/R104/boost/boost/thread/pthread/condition_variable.hpp:64:    inline void condition_variable::wait(unique_lock<mutex>& m)
codes/R104/boost/boost/thread/pthread/condition_variable.hpp:69:            boost::throw_exception(condition_error(-1, "boost::condition_variable::wait() failed precondition mutex not owned"));
codes/R104/boost/boost/thread/pthread/condition_variable.hpp:92:            boost::throw_exception(condition_error(res, "boost::condition_variable::wait failed in pthread_cond_wait"));
codes/R104/boost/boost/thread/pthread/condition_variable.hpp:105:    inline bool condition_variable::do_wait_until(
codes/R104/boost/boost/thread/pthread/condition_variable.hpp:112:            boost::throw_exception(condition_error(EPERM, "boost::condition_variable::do_wait_until() failed precondition mutex not owned"));
codes/R104/boost/boost/thread/pthread/condition_variable.hpp:139:            boost::throw_exception(condition_error(cond_res, "boost::condition_variable::do_wait_until failed in pthread_cond_timedwait"));
codes/R104/boost/boost/thread/pthread/condition_variable.hpp:144:    inline void condition_variable::notify_one() BOOST_NOEXCEPT
codes/R104/boost/boost/thread/pthread/condition_variable.hpp:152:    inline void condition_variable::notify_all() BOOST_NOEXCEPT
codes/R104/boost/boost/thread/pthread/condition_variable.hpp:160:    class condition_variable_any
codes/R104/boost/boost/thread/pthread/condition_variable.hpp:166:        BOOST_THREAD_NO_COPYABLE(condition_variable_any)
codes/R104/boost/boost/thread/pthread/condition_variable.hpp:167:        condition_variable_any()
codes/R104/boost/boost/thread/pthread/condition_variable.hpp:172:                boost::throw_exception(thread_resource_error(res, "boost::condition_variable_any::condition_variable_any() failed in pthread_mutex_init"));
codes/R104/boost/boost/thread/pthread/condition_variable.hpp:178:                boost::throw_exception(thread_resource_error(res2, "boost::condition_variable_any::condition_variable_any() failed in pthread_cond_init"));
codes/R104/boost/boost/thread/pthread/condition_variable.hpp:181:        ~condition_variable_any()
codes/R104/boost/boost/thread/pthread/condition_variable.hpp:208:                boost::throw_exception(condition_error(res, "boost::condition_variable_any::wait() failed in pthread_cond_wait"));
codes/R104/boost/boost/thread/pthread/condition_variable.hpp:487:              boost::throw_exception(condition_error(res, "boost::condition_variable_any::do_wait_until() failed in pthread_cond_timedwait"));
codes/R104/boost/boost/thread/futures/wait_for_any.hpp:17:#include <boost/thread/condition_variable.hpp>
codes/R104/boost/boost/thread/futures/wait_for_any.hpp:84:      boost::condition_variable_any cv;
codes/R104/boost/boost/thread/win32/condition_variable.hpp:122:        class basic_condition_variable
codes/R104/boost/boost/thread/win32/condition_variable.hpp:235:            basic_condition_variable(const basic_condition_variable& other);
codes/R104/boost/boost/thread/win32/condition_variable.hpp:236:            basic_condition_variable& operator=(const basic_condition_variable& other);
codes/R104/boost/boost/thread/win32/condition_variable.hpp:239:            basic_condition_variable():
codes/R104/boost/boost/thread/win32/condition_variable.hpp:243:            ~basic_condition_variable()
codes/R104/boost/boost/thread/win32/condition_variable.hpp:323:    class condition_variable:
codes/R104/boost/boost/thread/win32/condition_variable.hpp:324:        private detail::basic_condition_variable
codes/R104/boost/boost/thread/win32/condition_variable.hpp:327:        BOOST_THREAD_NO_COPYABLE(condition_variable)
codes/R104/boost/boost/thread/win32/condition_variable.hpp:328:        condition_variable()
