arch	path	rpm	rpm_sha256	requires
armv7l	libcxx	/home/toolchain/development/libc++_replacement/tmp/BPF_W1_0921/rpm-bpf-armv7l-libcxx/RPMS/armv7l/bpftrace-0.24.2-1.armv7l.rpm	bfb90dfc923d0e9e45fcac9e2e6a611ebe7c63758b33a68a1d86ccf511d32d29	ld-linux.so.3
armv7l	libcxx	/home/toolchain/development/libc++_replacement/tmp/BPF_W1_0921/rpm-bpf-armv7l-libcxx/RPMS/armv7l/bpftrace-0.24.2-1.armv7l.rpm	bfb90dfc923d0e9e45fcac9e2e6a611ebe7c63758b33a68a1d86ccf511d32d29	ld-linux.so.3(GLIBC_2.4)
armv7l	libcxx	/home/toolchain/development/libc++_replacement/tmp/BPF_W1_0921/rpm-bpf-armv7l-libcxx/RPMS/armv7l/bpftrace-0.24.2-1.armv7l.rpm	bfb90dfc923d0e9e45fcac9e2e6a611ebe7c63758b33a68a1d86ccf511d32d29	libLLVM.so.22.1
armv7l	libcxx	/home/toolchain/development/libc++_replacement/tmp/BPF_W1_0921/rpm-bpf-armv7l-libcxx/RPMS/armv7l/bpftrace-0.24.2-1.armv7l.rpm	bfb90dfc923d0e9e45fcac9e2e6a611ebe7c63758b33a68a1d86ccf511d32d29	libLLVM.so.22.1(LLVM_22.1)
armv7l	libcxx	/home/toolchain/development/libc++_replacement/tmp/BPF_W1_0921/rpm-bpf-armv7l-libcxx/RPMS/armv7l/bpftrace-0.24.2-1.armv7l.rpm	bfb90dfc923d0e9e45fcac9e2e6a611ebe7c63758b33a68a1d86ccf511d32d29	libbcc_bpf.so.0
armv7l	libcxx	/home/toolchain/development/libc++_replacement/tmp/BPF_W1_0921/rpm-bpf-armv7l-libcxx/RPMS/armv7l/bpftrace-0.24.2-1.armv7l.rpm	bfb90dfc923d0e9e45fcac9e2e6a611ebe7c63758b33a68a1d86ccf511d32d29	libbpf.so.1
armv7l	libcxx	/home/toolchain/development/libc++_replacement/tmp/BPF_W1_0921/rpm-bpf-armv7l-libcxx/RPMS/armv7l/bpftrace-0.24.2-1.armv7l.rpm	bfb90dfc923d0e9e45fcac9e2e6a611ebe7c63758b33a68a1d86ccf511d32d29	libbpf.so.1(LIBBPF_0.0.1)
armv7l	libcxx	/home/toolchain/development/libc++_replacement/tmp/BPF_W1_0921/rpm-bpf-armv7l-libcxx/RPMS/armv7l/bpftrace-0.24.2-1.armv7l.rpm	bfb90dfc923d0e9e45fcac9e2e6a611ebe7c63758b33a68a1d86ccf511d32d29	libbpf.so.1(LIBBPF_0.0.2)
armv7l	libcxx	/home/toolchain/development/libc++_replacement/tmp/BPF_W1_0921/rpm-bpf-armv7l-libcxx/RPMS/armv7l/bpftrace-0.24.2-1.armv7l.rpm	bfb90dfc923d0e9e45fcac9e2e6a611ebe7c63758b33a68a1d86ccf511d32d29	libbpf.so.1(LIBBPF_0.0.4)
armv7l	libcxx	/home/toolchain/development/libc++_replacement/tmp/BPF_W1_0921/rpm-bpf-armv7l-libcxx/RPMS/armv7l/bpftrace-0.24.2-1.armv7l.rpm	bfb90dfc923d0e9e45fcac9e2e6a611ebe7c63758b33a68a1d86ccf511d32d29	libbpf.so.1(LIBBPF_0.0.5)
armv7l	libcxx	/home/toolchain/development/libc++_replacement/tmp/BPF_W1_0921/rpm-bpf-armv7l-libcxx/RPMS/armv7l/bpftrace-0.24.2-1.armv7l.rpm	bfb90dfc923d0e9e45fcac9e2e6a611ebe7c63758b33a68a1d86ccf511d32d29	libbpf.so.1(LIBBPF_0.0.6)
armv7l	libcxx	/home/toolchain/development/libc++_replacement/tmp/BPF_W1_0921/rpm-bpf-armv7l-libcxx/RPMS/armv7l/bpftrace-0.24.2-1.armv7l.rpm	bfb90dfc923d0e9e45fcac9e2e6a611ebe7c63758b33a68a1d86ccf511d32d29	libbpf.so.1(LIBBPF_0.0.7)
armv7l	libcxx	/home/toolchain/development/libc++_replacement/tmp/BPF_W1_0921/rpm-bpf-armv7l-libcxx/RPMS/armv7l/bpftrace-0.24.2-1.armv7l.rpm	bfb90dfc923d0e9e45fcac9e2e6a611ebe7c63758b33a68a1d86ccf511d32d29	libbpf.so.1(LIBBPF_0.0.8)
armv7l	libcxx	/home/toolchain/development/libc++_replacement/tmp/BPF_W1_0921/rpm-bpf-armv7l-libcxx/RPMS/armv7l/bpftrace-0.24.2-1.armv7l.rpm	bfb90dfc923d0e9e45fcac9e2e6a611ebe7c63758b33a68a1d86ccf511d32d29	libbpf.so.1(LIBBPF_0.0.9)
armv7l	libcxx	/home/toolchain/development/libc++_replacement/tmp/BPF_W1_0921/rpm-bpf-armv7l-libcxx/RPMS/armv7l/bpftrace-0.24.2-1.armv7l.rpm	bfb90dfc923d0e9e45fcac9e2e6a611ebe7c63758b33a68a1d86ccf511d32d29	libbpf.so.1(LIBBPF_0.1.0)
armv7l	libcxx	/home/toolchain/development/libc++_replacement/tmp/BPF_W1_0921/rpm-bpf-armv7l-libcxx/RPMS/armv7l/bpftrace-0.24.2-1.armv7l.rpm	bfb90dfc923d0e9e45fcac9e2e6a611ebe7c63758b33a68a1d86ccf511d32d29	libbpf.so.1(LIBBPF_0.2.0)
armv7l	libcxx	/home/toolchain/development/libc++_replacement/tmp/BPF_W1_0921/rpm-bpf-armv7l-libcxx/RPMS/armv7l/bpftrace-0.24.2-1.armv7l.rpm	bfb90dfc923d0e9e45fcac9e2e6a611ebe7c63758b33a68a1d86ccf511d32d29	libbpf.so.1(LIBBPF_0.3.0)
armv7l	libcxx	/home/toolchain/development/libc++_replacement/tmp/BPF_W1_0921/rpm-bpf-armv7l-libcxx/RPMS/armv7l/bpftrace-0.24.2-1.armv7l.rpm	bfb90dfc923d0e9e45fcac9e2e6a611ebe7c63758b33a68a1d86ccf511d32d29	libbpf.so.1(LIBBPF_0.4.0)
armv7l	libcxx	/home/toolchain/development/libc++_replacement/tmp/BPF_W1_0921/rpm-bpf-armv7l-libcxx/RPMS/armv7l/bpftrace-0.24.2-1.armv7l.rpm	bfb90dfc923d0e9e45fcac9e2e6a611ebe7c63758b33a68a1d86ccf511d32d29	libbpf.so.1(LIBBPF_0.5.0)
armv7l	libcxx	/home/toolchain/development/libc++_replacement/tmp/BPF_W1_0921/rpm-bpf-armv7l-libcxx/RPMS/armv7l/bpftrace-0.24.2-1.armv7l.rpm	bfb90dfc923d0e9e45fcac9e2e6a611ebe7c63758b33a68a1d86ccf511d32d29	libbpf.so.1(LIBBPF_0.6.0)
armv7l	libcxx	/home/toolchain/development/libc++_replacement/tmp/BPF_W1_0921/rpm-bpf-armv7l-libcxx/RPMS/armv7l/bpftrace-0.24.2-1.armv7l.rpm	bfb90dfc923d0e9e45fcac9e2e6a611ebe7c63758b33a68a1d86ccf511d32d29	libbpf.so.1(LIBBPF_0.7.0)
armv7l	libcxx	/home/toolchain/development/libc++_replacement/tmp/BPF_W1_0921/rpm-bpf-armv7l-libcxx/RPMS/armv7l/bpftrace-0.24.2-1.armv7l.rpm	bfb90dfc923d0e9e45fcac9e2e6a611ebe7c63758b33a68a1d86ccf511d32d29	libbpf.so.1(LIBBPF_1.0.0)
armv7l	libcxx	/home/toolchain/development/libc++_replacement/tmp/BPF_W1_0921/rpm-bpf-armv7l-libcxx/RPMS/armv7l/bpftrace-0.24.2-1.armv7l.rpm	bfb90dfc923d0e9e45fcac9e2e6a611ebe7c63758b33a68a1d86ccf511d32d29	libbpf.so.1(LIBBPF_1.2.0)
armv7l	libcxx	/home/toolchain/development/libc++_replacement/tmp/BPF_W1_0921/rpm-bpf-armv7l-libcxx/RPMS/armv7l/bpftrace-0.24.2-1.armv7l.rpm	bfb90dfc923d0e9e45fcac9e2e6a611ebe7c63758b33a68a1d86ccf511d32d29	libbpf.so.1(LIBBPF_1.5.0)
armv7l	libcxx	/home/toolchain/development/libc++_replacement/tmp/BPF_W1_0921/rpm-bpf-armv7l-libcxx/RPMS/armv7l/bpftrace-0.24.2-1.armv7l.rpm	bfb90dfc923d0e9e45fcac9e2e6a611ebe7c63758b33a68a1d86ccf511d32d29	libc++.so.1
armv7l	libcxx	/home/toolchain/development/libc++_replacement/tmp/BPF_W1_0921/rpm-bpf-armv7l-libcxx/RPMS/armv7l/bpftrace-0.24.2-1.armv7l.rpm	bfb90dfc923d0e9e45fcac9e2e6a611ebe7c63758b33a68a1d86ccf511d32d29	libc++.so.1(LLVM_22)
armv7l	libcxx	/home/toolchain/development/libc++_replacement/tmp/BPF_W1_0921/rpm-bpf-armv7l-libcxx/RPMS/armv7l/bpftrace-0.24.2-1.armv7l.rpm	bfb90dfc923d0e9e45fcac9e2e6a611ebe7c63758b33a68a1d86ccf511d32d29	libc++abi.so.1
armv7l	libcxx	/home/toolchain/development/libc++_replacement/tmp/BPF_W1_0921/rpm-bpf-armv7l-libcxx/RPMS/armv7l/bpftrace-0.24.2-1.armv7l.rpm	bfb90dfc923d0e9e45fcac9e2e6a611ebe7c63758b33a68a1d86ccf511d32d29	libc++abi.so.1(LLVM_22)
armv7l	libcxx	/home/toolchain/development/libc++_replacement/tmp/BPF_W1_0921/rpm-bpf-armv7l-libcxx/RPMS/armv7l/bpftrace-0.24.2-1.armv7l.rpm	bfb90dfc923d0e9e45fcac9e2e6a611ebe7c63758b33a68a1d86ccf511d32d29	libc.so.6
armv7l	libcxx	/home/toolchain/development/libc++_replacement/tmp/BPF_W1_0921/rpm-bpf-armv7l-libcxx/RPMS/armv7l/bpftrace-0.24.2-1.armv7l.rpm	bfb90dfc923d0e9e45fcac9e2e6a611ebe7c63758b33a68a1d86ccf511d32d29	libc.so.6(GLIBC_2.16)
armv7l	libcxx	/home/toolchain/development/libc++_replacement/tmp/BPF_W1_0921/rpm-bpf-armv7l-libcxx/RPMS/armv7l/bpftrace-0.24.2-1.armv7l.rpm	bfb90dfc923d0e9e45fcac9e2e6a611ebe7c63758b33a68a1d86ccf511d32d29	libc.so.6(GLIBC_2.17)
armv7l	libcxx	/home/toolchain/development/libc++_replacement/tmp/BPF_W1_0921/rpm-bpf-armv7l-libcxx/RPMS/armv7l/bpftrace-0.24.2-1.armv7l.rpm	bfb90dfc923d0e9e45fcac9e2e6a611ebe7c63758b33a68a1d86ccf511d32d29	libc.so.6(GLIBC_2.27)
armv7l	libcxx	/home/toolchain/development/libc++_replacement/tmp/BPF_W1_0921/rpm-bpf-armv7l-libcxx/RPMS/armv7l/bpftrace-0.24.2-1.armv7l.rpm	bfb90dfc923d0e9e45fcac9e2e6a611ebe7c63758b33a68a1d86ccf511d32d29	libc.so.6(GLIBC_2.33)
armv7l	libcxx	/home/toolchain/development/libc++_replacement/tmp/BPF_W1_0921/rpm-bpf-armv7l-libcxx/RPMS/armv7l/bpftrace-0.24.2-1.armv7l.rpm	bfb90dfc923d0e9e45fcac9e2e6a611ebe7c63758b33a68a1d86ccf511d32d29	libc.so.6(GLIBC_2.34)
armv7l	libcxx	/home/toolchain/development/libc++_replacement/tmp/BPF_W1_0921/rpm-bpf-armv7l-libcxx/RPMS/armv7l/bpftrace-0.24.2-1.armv7l.rpm	bfb90dfc923d0e9e45fcac9e2e6a611ebe7c63758b33a68a1d86ccf511d32d29	libc.so.6(GLIBC_2.38)
armv7l	libcxx	/home/toolchain/development/libc++_replacement/tmp/BPF_W1_0921/rpm-bpf-armv7l-libcxx/RPMS/armv7l/bpftrace-0.24.2-1.armv7l.rpm	bfb90dfc923d0e9e45fcac9e2e6a611ebe7c63758b33a68a1d86ccf511d32d29	libc.so.6(GLIBC_2.4)
armv7l	libcxx	/home/toolchain/development/libc++_replacement/tmp/BPF_W1_0921/rpm-bpf-armv7l-libcxx/RPMS/armv7l/bpftrace-0.24.2-1.armv7l.rpm	bfb90dfc923d0e9e45fcac9e2e6a611ebe7c63758b33a68a1d86ccf511d32d29	libc.so.6(GLIBC_2.7)
armv7l	libcxx	/home/toolchain/development/libc++_replacement/tmp/BPF_W1_0921/rpm-bpf-armv7l-libcxx/RPMS/armv7l/bpftrace-0.24.2-1.armv7l.rpm	bfb90dfc923d0e9e45fcac9e2e6a611ebe7c63758b33a68a1d86ccf511d32d29	libc.so.6(GLIBC_2.8)
armv7l	libcxx	/home/toolchain/development/libc++_replacement/tmp/BPF_W1_0921/rpm-bpf-armv7l-libcxx/RPMS/armv7l/bpftrace-0.24.2-1.armv7l.rpm	bfb90dfc923d0e9e45fcac9e2e6a611ebe7c63758b33a68a1d86ccf511d32d29	libc.so.6(GLIBC_2.9)
armv7l	libcxx	/home/toolchain/development/libc++_replacement/tmp/BPF_W1_0921/rpm-bpf-armv7l-libcxx/RPMS/armv7l/bpftrace-0.24.2-1.armv7l.rpm	bfb90dfc923d0e9e45fcac9e2e6a611ebe7c63758b33a68a1d86ccf511d32d29	libclang-cpp.so.22.1
armv7l	libcxx	/home/toolchain/development/libc++_replacement/tmp/BPF_W1_0921/rpm-bpf-armv7l-libcxx/RPMS/armv7l/bpftrace-0.24.2-1.armv7l.rpm	bfb90dfc923d0e9e45fcac9e2e6a611ebe7c63758b33a68a1d86ccf511d32d29	libclang-cpp.so.22.1(LLVM_22.1)
armv7l	libcxx	/home/toolchain/development/libc++_replacement/tmp/BPF_W1_0921/rpm-bpf-armv7l-libcxx/RPMS/armv7l/bpftrace-0.24.2-1.armv7l.rpm	bfb90dfc923d0e9e45fcac9e2e6a611ebe7c63758b33a68a1d86ccf511d32d29	libclang.so.22.1
armv7l	libcxx	/home/toolchain/development/libc++_replacement/tmp/BPF_W1_0921/rpm-bpf-armv7l-libcxx/RPMS/armv7l/bpftrace-0.24.2-1.armv7l.rpm	bfb90dfc923d0e9e45fcac9e2e6a611ebe7c63758b33a68a1d86ccf511d32d29	libclang.so.22.1(LLVM_13)
armv7l	libcxx	/home/toolchain/development/libc++_replacement/tmp/BPF_W1_0921/rpm-bpf-armv7l-libcxx/RPMS/armv7l/bpftrace-0.24.2-1.armv7l.rpm	bfb90dfc923d0e9e45fcac9e2e6a611ebe7c63758b33a68a1d86ccf511d32d29	libelf.so.1
armv7l	libcxx	/home/toolchain/development/libc++_replacement/tmp/BPF_W1_0921/rpm-bpf-armv7l-libcxx/RPMS/armv7l/bpftrace-0.24.2-1.armv7l.rpm	bfb90dfc923d0e9e45fcac9e2e6a611ebe7c63758b33a68a1d86ccf511d32d29	libelf.so.1(ELFUTILS_1.0)
armv7l	libcxx	/home/toolchain/development/libc++_replacement/tmp/BPF_W1_0921/rpm-bpf-armv7l-libcxx/RPMS/armv7l/bpftrace-0.24.2-1.armv7l.rpm	bfb90dfc923d0e9e45fcac9e2e6a611ebe7c63758b33a68a1d86ccf511d32d29	libelf.so.1(ELFUTILS_1.5)
armv7l	libcxx	/home/toolchain/development/libc++_replacement/tmp/BPF_W1_0921/rpm-bpf-armv7l-libcxx/RPMS/armv7l/bpftrace-0.24.2-1.armv7l.rpm	bfb90dfc923d0e9e45fcac9e2e6a611ebe7c63758b33a68a1d86ccf511d32d29	libgcc_s.so.1
armv7l	libcxx	/home/toolchain/development/libc++_replacement/tmp/BPF_W1_0921/rpm-bpf-armv7l-libcxx/RPMS/armv7l/bpftrace-0.24.2-1.armv7l.rpm	bfb90dfc923d0e9e45fcac9e2e6a611ebe7c63758b33a68a1d86ccf511d32d29	libgcc_s.so.1(GCC_3.5)
armv7l	libcxx	/home/toolchain/development/libc++_replacement/tmp/BPF_W1_0921/rpm-bpf-armv7l-libcxx/RPMS/armv7l/bpftrace-0.24.2-1.armv7l.rpm	bfb90dfc923d0e9e45fcac9e2e6a611ebe7c63758b33a68a1d86ccf511d32d29	libm.so.6
armv7l	libcxx	/home/toolchain/development/libc++_replacement/tmp/BPF_W1_0921/rpm-bpf-armv7l-libcxx/RPMS/armv7l/bpftrace-0.24.2-1.armv7l.rpm	bfb90dfc923d0e9e45fcac9e2e6a611ebe7c63758b33a68a1d86ccf511d32d29	libm.so.6(GLIBC_2.4)
armv7l	libcxx	/home/toolchain/development/libc++_replacement/tmp/BPF_W1_0921/rpm-bpf-armv7l-libcxx/RPMS/armv7l/bpftrace-0.24.2-1.armv7l.rpm	bfb90dfc923d0e9e45fcac9e2e6a611ebe7c63758b33a68a1d86ccf511d32d29	libz.so.1
armv7l	libcxx	/home/toolchain/development/libc++_replacement/tmp/BPF_W1_0921/rpm-bpf-armv7l-libcxx/RPMS/armv7l/bpftrace-0.24.2-1.armv7l.rpm	bfb90dfc923d0e9e45fcac9e2e6a611ebe7c63758b33a68a1d86ccf511d32d29	libz.so.1(ZLIB_1.2.3.3)
armv7l	libcxx	/home/toolchain/development/libc++_replacement/tmp/BPF_W1_0921/rpm-bpf-armv7l-libcxx/RPMS/armv7l/bpftrace-0.24.2-1.armv7l.rpm	bfb90dfc923d0e9e45fcac9e2e6a611ebe7c63758b33a68a1d86ccf511d32d29	rpmlib(CompressedFileNames) <= 3.0.4-1
armv7l	libcxx	/home/toolchain/development/libc++_replacement/tmp/BPF_W1_0921/rpm-bpf-armv7l-libcxx/RPMS/armv7l/bpftrace-0.24.2-1.armv7l.rpm	bfb90dfc923d0e9e45fcac9e2e6a611ebe7c63758b33a68a1d86ccf511d32d29	rpmlib(FileDigests) <= 4.6.0-1
armv7l	libcxx	/home/toolchain/development/libc++_replacement/tmp/BPF_W1_0921/rpm-bpf-armv7l-libcxx/RPMS/armv7l/bpftrace-0.24.2-1.armv7l.rpm	bfb90dfc923d0e9e45fcac9e2e6a611ebe7c63758b33a68a1d86ccf511d32d29	rpmlib(PayloadFilesHavePrefix) <= 4.0-1
armv7l	libcxx	/home/toolchain/development/libc++_replacement/tmp/BPF_W1_0921/rpm-bpf-armv7l-libcxx/RPMS/armv7l/bpftrace-0.24.2-1.armv7l.rpm	bfb90dfc923d0e9e45fcac9e2e6a611ebe7c63758b33a68a1d86ccf511d32d29	rpmlib(PayloadIsXz) <= 5.2-1
armv7l	libcxx	/home/toolchain/development/libc++_replacement/tmp/BPF_W1_0921/rpm-bpf-armv7l-libcxx/RPMS/armv7l/bpftrace-0.24.2-1.armv7l.rpm	bfb90dfc923d0e9e45fcac9e2e6a611ebe7c63758b33a68a1d86ccf511d32d29	rtld(GNU_HASH)
armv7l	libcxx	/home/toolchain/development/libc++_replacement/tmp/BPF_W1_0921/rpm-bpf-armv7l-libcxx/RPMS/armv7l/bpftrace-common-0.24.2-1.armv7l.rpm	4d10b2895a53eaec8472025769bf707015a118450ab2de97390f5ccba740b1c2	/usr/bin/env
armv7l	libcxx	/home/toolchain/development/libc++_replacement/tmp/BPF_W1_0921/rpm-bpf-armv7l-libcxx/RPMS/armv7l/bpftrace-common-0.24.2-1.armv7l.rpm	4d10b2895a53eaec8472025769bf707015a118450ab2de97390f5ccba740b1c2	rpmlib(CompressedFileNames) <= 3.0.4-1
armv7l	libcxx	/home/toolchain/development/libc++_replacement/tmp/BPF_W1_0921/rpm-bpf-armv7l-libcxx/RPMS/armv7l/bpftrace-common-0.24.2-1.armv7l.rpm	4d10b2895a53eaec8472025769bf707015a118450ab2de97390f5ccba740b1c2	rpmlib(FileDigests) <= 4.6.0-1
armv7l	libcxx	/home/toolchain/development/libc++_replacement/tmp/BPF_W1_0921/rpm-bpf-armv7l-libcxx/RPMS/armv7l/bpftrace-common-0.24.2-1.armv7l.rpm	4d10b2895a53eaec8472025769bf707015a118450ab2de97390f5ccba740b1c2	rpmlib(PayloadFilesHavePrefix) <= 4.0-1
armv7l	libcxx	/home/toolchain/development/libc++_replacement/tmp/BPF_W1_0921/rpm-bpf-armv7l-libcxx/RPMS/armv7l/bpftrace-common-0.24.2-1.armv7l.rpm	4d10b2895a53eaec8472025769bf707015a118450ab2de97390f5ccba740b1c2	rpmlib(PayloadIsXz) <= 5.2-1
armv7l	libcxx	/home/toolchain/development/libc++_replacement/tmp/BPF_W1_0921/rpm-bpf-armv7l-libcxx/RPMS/armv7l/bpftrace-static-0.24.2-1.armv7l.rpm	2015c3351dad45fd36e4f78412778c52d2db6e301c8bf254e179f788b72fadac	/bin/sh
armv7l	libcxx	/home/toolchain/development/libc++_replacement/tmp/BPF_W1_0921/rpm-bpf-armv7l-libcxx/RPMS/armv7l/bpftrace-static-0.24.2-1.armv7l.rpm	2015c3351dad45fd36e4f78412778c52d2db6e301c8bf254e179f788b72fadac	/bin/sh
armv7l	libcxx	/home/toolchain/development/libc++_replacement/tmp/BPF_W1_0921/rpm-bpf-armv7l-libcxx/RPMS/armv7l/bpftrace-static-0.24.2-1.armv7l.rpm	2015c3351dad45fd36e4f78412778c52d2db6e301c8bf254e179f788b72fadac	ld-linux.so.3
armv7l	libcxx	/home/toolchain/development/libc++_replacement/tmp/BPF_W1_0921/rpm-bpf-armv7l-libcxx/RPMS/armv7l/bpftrace-static-0.24.2-1.armv7l.rpm	2015c3351dad45fd36e4f78412778c52d2db6e301c8bf254e179f788b72fadac	ld-linux.so.3(GLIBC_2.4)
armv7l	libcxx	/home/toolchain/development/libc++_replacement/tmp/BPF_W1_0921/rpm-bpf-armv7l-libcxx/RPMS/armv7l/bpftrace-static-0.24.2-1.armv7l.rpm	2015c3351dad45fd36e4f78412778c52d2db6e301c8bf254e179f788b72fadac	libbpf.so.1
armv7l	libcxx	/home/toolchain/development/libc++_replacement/tmp/BPF_W1_0921/rpm-bpf-armv7l-libcxx/RPMS/armv7l/bpftrace-static-0.24.2-1.armv7l.rpm	2015c3351dad45fd36e4f78412778c52d2db6e301c8bf254e179f788b72fadac	libbpf.so.1(LIBBPF_0.4.0)
armv7l	libcxx	/home/toolchain/development/libc++_replacement/tmp/BPF_W1_0921/rpm-bpf-armv7l-libcxx/RPMS/armv7l/bpftrace-static-0.24.2-1.armv7l.rpm	2015c3351dad45fd36e4f78412778c52d2db6e301c8bf254e179f788b72fadac	libc.so.6
armv7l	libcxx	/home/toolchain/development/libc++_replacement/tmp/BPF_W1_0921/rpm-bpf-armv7l-libcxx/RPMS/armv7l/bpftrace-static-0.24.2-1.armv7l.rpm	2015c3351dad45fd36e4f78412778c52d2db6e301c8bf254e179f788b72fadac	libc.so.6(GLIBC_2.11)
armv7l	libcxx	/home/toolchain/development/libc++_replacement/tmp/BPF_W1_0921/rpm-bpf-armv7l-libcxx/RPMS/armv7l/bpftrace-static-0.24.2-1.armv7l.rpm	2015c3351dad45fd36e4f78412778c52d2db6e301c8bf254e179f788b72fadac	libc.so.6(GLIBC_2.15)
armv7l	libcxx	/home/toolchain/development/libc++_replacement/tmp/BPF_W1_0921/rpm-bpf-armv7l-libcxx/RPMS/armv7l/bpftrace-static-0.24.2-1.armv7l.rpm	2015c3351dad45fd36e4f78412778c52d2db6e301c8bf254e179f788b72fadac	libc.so.6(GLIBC_2.16)
armv7l	libcxx	/home/toolchain/development/libc++_replacement/tmp/BPF_W1_0921/rpm-bpf-armv7l-libcxx/RPMS/armv7l/bpftrace-static-0.24.2-1.armv7l.rpm	2015c3351dad45fd36e4f78412778c52d2db6e301c8bf254e179f788b72fadac	libc.so.6(GLIBC_2.17)
armv7l	libcxx	/home/toolchain/development/libc++_replacement/tmp/BPF_W1_0921/rpm-bpf-armv7l-libcxx/RPMS/armv7l/bpftrace-static-0.24.2-1.armv7l.rpm	2015c3351dad45fd36e4f78412778c52d2db6e301c8bf254e179f788b72fadac	libc.so.6(GLIBC_2.18)
armv7l	libcxx	/home/toolchain/development/libc++_replacement/tmp/BPF_W1_0921/rpm-bpf-armv7l-libcxx/RPMS/armv7l/bpftrace-static-0.24.2-1.armv7l.rpm	2015c3351dad45fd36e4f78412778c52d2db6e301c8bf254e179f788b72fadac	libc.so.6(GLIBC_2.22)
armv7l	libcxx	/home/toolchain/development/libc++_replacement/tmp/BPF_W1_0921/rpm-bpf-armv7l-libcxx/RPMS/armv7l/bpftrace-static-0.24.2-1.armv7l.rpm	2015c3351dad45fd36e4f78412778c52d2db6e301c8bf254e179f788b72fadac	libc.so.6(GLIBC_2.27)
armv7l	libcxx	/home/toolchain/development/libc++_replacement/tmp/BPF_W1_0921/rpm-bpf-armv7l-libcxx/RPMS/armv7l/bpftrace-static-0.24.2-1.armv7l.rpm	2015c3351dad45fd36e4f78412778c52d2db6e301c8bf254e179f788b72fadac	libc.so.6(GLIBC_2.28)
armv7l	libcxx	/home/toolchain/development/libc++_replacement/tmp/BPF_W1_0921/rpm-bpf-armv7l-libcxx/RPMS/armv7l/bpftrace-static-0.24.2-1.armv7l.rpm	2015c3351dad45fd36e4f78412778c52d2db6e301c8bf254e179f788b72fadac	libc.so.6(GLIBC_2.32)
armv7l	libcxx	/home/toolchain/development/libc++_replacement/tmp/BPF_W1_0921/rpm-bpf-armv7l-libcxx/RPMS/armv7l/bpftrace-static-0.24.2-1.armv7l.rpm	2015c3351dad45fd36e4f78412778c52d2db6e301c8bf254e179f788b72fadac	libc.so.6(GLIBC_2.33)
armv7l	libcxx	/home/toolchain/development/libc++_replacement/tmp/BPF_W1_0921/rpm-bpf-armv7l-libcxx/RPMS/armv7l/bpftrace-static-0.24.2-1.armv7l.rpm	2015c3351dad45fd36e4f78412778c52d2db6e301c8bf254e179f788b72fadac	libc.so.6(GLIBC_2.34)
armv7l	libcxx	/home/toolchain/development/libc++_replacement/tmp/BPF_W1_0921/rpm-bpf-armv7l-libcxx/RPMS/armv7l/bpftrace-static-0.24.2-1.armv7l.rpm	2015c3351dad45fd36e4f78412778c52d2db6e301c8bf254e179f788b72fadac	libc.so.6(GLIBC_2.36)
armv7l	libcxx	/home/toolchain/development/libc++_replacement/tmp/BPF_W1_0921/rpm-bpf-armv7l-libcxx/RPMS/armv7l/bpftrace-static-0.24.2-1.armv7l.rpm	2015c3351dad45fd36e4f78412778c52d2db6e301c8bf254e179f788b72fadac	libc.so.6(GLIBC_2.38)
armv7l	libcxx	/home/toolchain/development/libc++_replacement/tmp/BPF_W1_0921/rpm-bpf-armv7l-libcxx/RPMS/armv7l/bpftrace-static-0.24.2-1.armv7l.rpm	2015c3351dad45fd36e4f78412778c52d2db6e301c8bf254e179f788b72fadac	libc.so.6(GLIBC_2.4)
armv7l	libcxx	/home/toolchain/development/libc++_replacement/tmp/BPF_W1_0921/rpm-bpf-armv7l-libcxx/RPMS/armv7l/bpftrace-static-0.24.2-1.armv7l.rpm	2015c3351dad45fd36e4f78412778c52d2db6e301c8bf254e179f788b72fadac	libc.so.6(GLIBC_2.6)
armv7l	libcxx	/home/toolchain/development/libc++_replacement/tmp/BPF_W1_0921/rpm-bpf-armv7l-libcxx/RPMS/armv7l/bpftrace-static-0.24.2-1.armv7l.rpm	2015c3351dad45fd36e4f78412778c52d2db6e301c8bf254e179f788b72fadac	libc.so.6(GLIBC_2.7)
armv7l	libcxx	/home/toolchain/development/libc++_replacement/tmp/BPF_W1_0921/rpm-bpf-armv7l-libcxx/RPMS/armv7l/bpftrace-static-0.24.2-1.armv7l.rpm	2015c3351dad45fd36e4f78412778c52d2db6e301c8bf254e179f788b72fadac	libc.so.6(GLIBC_2.8)
armv7l	libcxx	/home/toolchain/development/libc++_replacement/tmp/BPF_W1_0921/rpm-bpf-armv7l-libcxx/RPMS/armv7l/bpftrace-static-0.24.2-1.armv7l.rpm	2015c3351dad45fd36e4f78412778c52d2db6e301c8bf254e179f788b72fadac	libc.so.6(GLIBC_2.9)
armv7l	libcxx	/home/toolchain/development/libc++_replacement/tmp/BPF_W1_0921/rpm-bpf-armv7l-libcxx/RPMS/armv7l/bpftrace-static-0.24.2-1.armv7l.rpm	2015c3351dad45fd36e4f78412778c52d2db6e301c8bf254e179f788b72fadac	libgcc_s.so.1
armv7l	libcxx	/home/toolchain/development/libc++_replacement/tmp/BPF_W1_0921/rpm-bpf-armv7l-libcxx/RPMS/armv7l/bpftrace-static-0.24.2-1.armv7l.rpm	2015c3351dad45fd36e4f78412778c52d2db6e301c8bf254e179f788b72fadac	libgcc_s.so.1(GCC_3.0)
armv7l	libcxx	/home/toolchain/development/libc++_replacement/tmp/BPF_W1_0921/rpm-bpf-armv7l-libcxx/RPMS/armv7l/bpftrace-static-0.24.2-1.armv7l.rpm	2015c3351dad45fd36e4f78412778c52d2db6e301c8bf254e179f788b72fadac	libgcc_s.so.1(GCC_3.3)
armv7l	libcxx	/home/toolchain/development/libc++_replacement/tmp/BPF_W1_0921/rpm-bpf-armv7l-libcxx/RPMS/armv7l/bpftrace-static-0.24.2-1.armv7l.rpm	2015c3351dad45fd36e4f78412778c52d2db6e301c8bf254e179f788b72fadac	libgcc_s.so.1(GCC_3.5)
armv7l	libcxx	/home/toolchain/development/libc++_replacement/tmp/BPF_W1_0921/rpm-bpf-armv7l-libcxx/RPMS/armv7l/bpftrace-static-0.24.2-1.armv7l.rpm	2015c3351dad45fd36e4f78412778c52d2db6e301c8bf254e179f788b72fadac	libgcc_s.so.1(GCC_4.3.0)
armv7l	libcxx	/home/toolchain/development/libc++_replacement/tmp/BPF_W1_0921/rpm-bpf-armv7l-libcxx/RPMS/armv7l/bpftrace-static-0.24.2-1.armv7l.rpm	2015c3351dad45fd36e4f78412778c52d2db6e301c8bf254e179f788b72fadac	libm.so.6
armv7l	libcxx	/home/toolchain/development/libc++_replacement/tmp/BPF_W1_0921/rpm-bpf-armv7l-libcxx/RPMS/armv7l/bpftrace-static-0.24.2-1.armv7l.rpm	2015c3351dad45fd36e4f78412778c52d2db6e301c8bf254e179f788b72fadac	libm.so.6(GLIBC_2.27)
armv7l	libcxx	/home/toolchain/development/libc++_replacement/tmp/BPF_W1_0921/rpm-bpf-armv7l-libcxx/RPMS/armv7l/bpftrace-static-0.24.2-1.armv7l.rpm	2015c3351dad45fd36e4f78412778c52d2db6e301c8bf254e179f788b72fadac	libm.so.6(GLIBC_2.29)
armv7l	libcxx	/home/toolchain/development/libc++_replacement/tmp/BPF_W1_0921/rpm-bpf-armv7l-libcxx/RPMS/armv7l/bpftrace-static-0.24.2-1.armv7l.rpm	2015c3351dad45fd36e4f78412778c52d2db6e301c8bf254e179f788b72fadac	libm.so.6(GLIBC_2.38)
armv7l	libcxx	/home/toolchain/development/libc++_replacement/tmp/BPF_W1_0921/rpm-bpf-armv7l-libcxx/RPMS/armv7l/bpftrace-static-0.24.2-1.armv7l.rpm	2015c3351dad45fd36e4f78412778c52d2db6e301c8bf254e179f788b72fadac	libm.so.6(GLIBC_2.4)
armv7l	libcxx	/home/toolchain/development/libc++_replacement/tmp/BPF_W1_0921/rpm-bpf-armv7l-libcxx/RPMS/armv7l/bpftrace-static-0.24.2-1.armv7l.rpm	2015c3351dad45fd36e4f78412778c52d2db6e301c8bf254e179f788b72fadac	rpmlib(CompressedFileNames) <= 3.0.4-1
armv7l	libcxx	/home/toolchain/development/libc++_replacement/tmp/BPF_W1_0921/rpm-bpf-armv7l-libcxx/RPMS/armv7l/bpftrace-static-0.24.2-1.armv7l.rpm	2015c3351dad45fd36e4f78412778c52d2db6e301c8bf254e179f788b72fadac	rpmlib(FileDigests) <= 4.6.0-1
armv7l	libcxx	/home/toolchain/development/libc++_replacement/tmp/BPF_W1_0921/rpm-bpf-armv7l-libcxx/RPMS/armv7l/bpftrace-static-0.24.2-1.armv7l.rpm	2015c3351dad45fd36e4f78412778c52d2db6e301c8bf254e179f788b72fadac	rpmlib(PayloadFilesHavePrefix) <= 4.0-1
armv7l	libcxx	/home/toolchain/development/libc++_replacement/tmp/BPF_W1_0921/rpm-bpf-armv7l-libcxx/RPMS/armv7l/bpftrace-static-0.24.2-1.armv7l.rpm	2015c3351dad45fd36e4f78412778c52d2db6e301c8bf254e179f788b72fadac	rpmlib(PayloadIsXz) <= 5.2-1
armv7l	libcxx	/home/toolchain/development/libc++_replacement/tmp/BPF_W1_0921/rpm-bpf-armv7l-libcxx/RPMS/armv7l/bpftrace-static-0.24.2-1.armv7l.rpm	2015c3351dad45fd36e4f78412778c52d2db6e301c8bf254e179f788b72fadac	rtld(GNU_HASH)
armv7l	gcc	/home/toolchain/development/libc++_replacement/tmp/BPF_W1_0921/rpm-bpf-armv7l-gcc/RPMS/armv7l/bpftrace-0.24.2-1.armv7l.rpm	8b3297d1fe41e06a10d1ef9cd576c714282a89e9806249b1eefdc3c7347aaf99	ld-linux.so.3
armv7l	gcc	/home/toolchain/development/libc++_replacement/tmp/BPF_W1_0921/rpm-bpf-armv7l-gcc/RPMS/armv7l/bpftrace-0.24.2-1.armv7l.rpm	8b3297d1fe41e06a10d1ef9cd576c714282a89e9806249b1eefdc3c7347aaf99	ld-linux.so.3(GLIBC_2.4)
armv7l	gcc	/home/toolchain/development/libc++_replacement/tmp/BPF_W1_0921/rpm-bpf-armv7l-gcc/RPMS/armv7l/bpftrace-0.24.2-1.armv7l.rpm	8b3297d1fe41e06a10d1ef9cd576c714282a89e9806249b1eefdc3c7347aaf99	libLLVM.so.22.1
armv7l	gcc	/home/toolchain/development/libc++_replacement/tmp/BPF_W1_0921/rpm-bpf-armv7l-gcc/RPMS/armv7l/bpftrace-0.24.2-1.armv7l.rpm	8b3297d1fe41e06a10d1ef9cd576c714282a89e9806249b1eefdc3c7347aaf99	libLLVM.so.22.1(LLVM_22.1)
armv7l	gcc	/home/toolchain/development/libc++_replacement/tmp/BPF_W1_0921/rpm-bpf-armv7l-gcc/RPMS/armv7l/bpftrace-0.24.2-1.armv7l.rpm	8b3297d1fe41e06a10d1ef9cd576c714282a89e9806249b1eefdc3c7347aaf99	libbcc_bpf.so.0
armv7l	gcc	/home/toolchain/development/libc++_replacement/tmp/BPF_W1_0921/rpm-bpf-armv7l-gcc/RPMS/armv7l/bpftrace-0.24.2-1.armv7l.rpm	8b3297d1fe41e06a10d1ef9cd576c714282a89e9806249b1eefdc3c7347aaf99	libbpf.so.1
armv7l	gcc	/home/toolchain/development/libc++_replacement/tmp/BPF_W1_0921/rpm-bpf-armv7l-gcc/RPMS/armv7l/bpftrace-0.24.2-1.armv7l.rpm	8b3297d1fe41e06a10d1ef9cd576c714282a89e9806249b1eefdc3c7347aaf99	libbpf.so.1(LIBBPF_0.0.1)
armv7l	gcc	/home/toolchain/development/libc++_replacement/tmp/BPF_W1_0921/rpm-bpf-armv7l-gcc/RPMS/armv7l/bpftrace-0.24.2-1.armv7l.rpm	8b3297d1fe41e06a10d1ef9cd576c714282a89e9806249b1eefdc3c7347aaf99	libbpf.so.1(LIBBPF_0.0.2)
armv7l	gcc	/home/toolchain/development/libc++_replacement/tmp/BPF_W1_0921/rpm-bpf-armv7l-gcc/RPMS/armv7l/bpftrace-0.24.2-1.armv7l.rpm	8b3297d1fe41e06a10d1ef9cd576c714282a89e9806249b1eefdc3c7347aaf99	libbpf.so.1(LIBBPF_0.0.4)
armv7l	gcc	/home/toolchain/development/libc++_replacement/tmp/BPF_W1_0921/rpm-bpf-armv7l-gcc/RPMS/armv7l/bpftrace-0.24.2-1.armv7l.rpm	8b3297d1fe41e06a10d1ef9cd576c714282a89e9806249b1eefdc3c7347aaf99	libbpf.so.1(LIBBPF_0.0.5)
armv7l	gcc	/home/toolchain/development/libc++_replacement/tmp/BPF_W1_0921/rpm-bpf-armv7l-gcc/RPMS/armv7l/bpftrace-0.24.2-1.armv7l.rpm	8b3297d1fe41e06a10d1ef9cd576c714282a89e9806249b1eefdc3c7347aaf99	libbpf.so.1(LIBBPF_0.0.6)
armv7l	gcc	/home/toolchain/development/libc++_replacement/tmp/BPF_W1_0921/rpm-bpf-armv7l-gcc/RPMS/armv7l/bpftrace-0.24.2-1.armv7l.rpm	8b3297d1fe41e06a10d1ef9cd576c714282a89e9806249b1eefdc3c7347aaf99	libbpf.so.1(LIBBPF_0.0.7)
armv7l	gcc	/home/toolchain/development/libc++_replacement/tmp/BPF_W1_0921/rpm-bpf-armv7l-gcc/RPMS/armv7l/bpftrace-0.24.2-1.armv7l.rpm	8b3297d1fe41e06a10d1ef9cd576c714282a89e9806249b1eefdc3c7347aaf99	libbpf.so.1(LIBBPF_0.0.8)
armv7l	gcc	/home/toolchain/development/libc++_replacement/tmp/BPF_W1_0921/rpm-bpf-armv7l-gcc/RPMS/armv7l/bpftrace-0.24.2-1.armv7l.rpm	8b3297d1fe41e06a10d1ef9cd576c714282a89e9806249b1eefdc3c7347aaf99	libbpf.so.1(LIBBPF_0.0.9)
armv7l	gcc	/home/toolchain/development/libc++_replacement/tmp/BPF_W1_0921/rpm-bpf-armv7l-gcc/RPMS/armv7l/bpftrace-0.24.2-1.armv7l.rpm	8b3297d1fe41e06a10d1ef9cd576c714282a89e9806249b1eefdc3c7347aaf99	libbpf.so.1(LIBBPF_0.1.0)
armv7l	gcc	/home/toolchain/development/libc++_replacement/tmp/BPF_W1_0921/rpm-bpf-armv7l-gcc/RPMS/armv7l/bpftrace-0.24.2-1.armv7l.rpm	8b3297d1fe41e06a10d1ef9cd576c714282a89e9806249b1eefdc3c7347aaf99	libbpf.so.1(LIBBPF_0.2.0)
armv7l	gcc	/home/toolchain/development/libc++_replacement/tmp/BPF_W1_0921/rpm-bpf-armv7l-gcc/RPMS/armv7l/bpftrace-0.24.2-1.armv7l.rpm	8b3297d1fe41e06a10d1ef9cd576c714282a89e9806249b1eefdc3c7347aaf99	libbpf.so.1(LIBBPF_0.3.0)
armv7l	gcc	/home/toolchain/development/libc++_replacement/tmp/BPF_W1_0921/rpm-bpf-armv7l-gcc/RPMS/armv7l/bpftrace-0.24.2-1.armv7l.rpm	8b3297d1fe41e06a10d1ef9cd576c714282a89e9806249b1eefdc3c7347aaf99	libbpf.so.1(LIBBPF_0.4.0)
armv7l	gcc	/home/toolchain/development/libc++_replacement/tmp/BPF_W1_0921/rpm-bpf-armv7l-gcc/RPMS/armv7l/bpftrace-0.24.2-1.armv7l.rpm	8b3297d1fe41e06a10d1ef9cd576c714282a89e9806249b1eefdc3c7347aaf99	libbpf.so.1(LIBBPF_0.5.0)
armv7l	gcc	/home/toolchain/development/libc++_replacement/tmp/BPF_W1_0921/rpm-bpf-armv7l-gcc/RPMS/armv7l/bpftrace-0.24.2-1.armv7l.rpm	8b3297d1fe41e06a10d1ef9cd576c714282a89e9806249b1eefdc3c7347aaf99	libbpf.so.1(LIBBPF_0.6.0)
armv7l	gcc	/home/toolchain/development/libc++_replacement/tmp/BPF_W1_0921/rpm-bpf-armv7l-gcc/RPMS/armv7l/bpftrace-0.24.2-1.armv7l.rpm	8b3297d1fe41e06a10d1ef9cd576c714282a89e9806249b1eefdc3c7347aaf99	libbpf.so.1(LIBBPF_0.7.0)
armv7l	gcc	/home/toolchain/development/libc++_replacement/tmp/BPF_W1_0921/rpm-bpf-armv7l-gcc/RPMS/armv7l/bpftrace-0.24.2-1.armv7l.rpm	8b3297d1fe41e06a10d1ef9cd576c714282a89e9806249b1eefdc3c7347aaf99	libbpf.so.1(LIBBPF_1.0.0)
armv7l	gcc	/home/toolchain/development/libc++_replacement/tmp/BPF_W1_0921/rpm-bpf-armv7l-gcc/RPMS/armv7l/bpftrace-0.24.2-1.armv7l.rpm	8b3297d1fe41e06a10d1ef9cd576c714282a89e9806249b1eefdc3c7347aaf99	libbpf.so.1(LIBBPF_1.2.0)
armv7l	gcc	/home/toolchain/development/libc++_replacement/tmp/BPF_W1_0921/rpm-bpf-armv7l-gcc/RPMS/armv7l/bpftrace-0.24.2-1.armv7l.rpm	8b3297d1fe41e06a10d1ef9cd576c714282a89e9806249b1eefdc3c7347aaf99	libbpf.so.1(LIBBPF_1.5.0)
armv7l	gcc	/home/toolchain/development/libc++_replacement/tmp/BPF_W1_0921/rpm-bpf-armv7l-gcc/RPMS/armv7l/bpftrace-0.24.2-1.armv7l.rpm	8b3297d1fe41e06a10d1ef9cd576c714282a89e9806249b1eefdc3c7347aaf99	libc.so.6
armv7l	gcc	/home/toolchain/development/libc++_replacement/tmp/BPF_W1_0921/rpm-bpf-armv7l-gcc/RPMS/armv7l/bpftrace-0.24.2-1.armv7l.rpm	8b3297d1fe41e06a10d1ef9cd576c714282a89e9806249b1eefdc3c7347aaf99	libc.so.6(GLIBC_2.16)
armv7l	gcc	/home/toolchain/development/libc++_replacement/tmp/BPF_W1_0921/rpm-bpf-armv7l-gcc/RPMS/armv7l/bpftrace-0.24.2-1.armv7l.rpm	8b3297d1fe41e06a10d1ef9cd576c714282a89e9806249b1eefdc3c7347aaf99	libc.so.6(GLIBC_2.17)
armv7l	gcc	/home/toolchain/development/libc++_replacement/tmp/BPF_W1_0921/rpm-bpf-armv7l-gcc/RPMS/armv7l/bpftrace-0.24.2-1.armv7l.rpm	8b3297d1fe41e06a10d1ef9cd576c714282a89e9806249b1eefdc3c7347aaf99	libc.so.6(GLIBC_2.27)
armv7l	gcc	/home/toolchain/development/libc++_replacement/tmp/BPF_W1_0921/rpm-bpf-armv7l-gcc/RPMS/armv7l/bpftrace-0.24.2-1.armv7l.rpm	8b3297d1fe41e06a10d1ef9cd576c714282a89e9806249b1eefdc3c7347aaf99	libc.so.6(GLIBC_2.32)
armv7l	gcc	/home/toolchain/development/libc++_replacement/tmp/BPF_W1_0921/rpm-bpf-armv7l-gcc/RPMS/armv7l/bpftrace-0.24.2-1.armv7l.rpm	8b3297d1fe41e06a10d1ef9cd576c714282a89e9806249b1eefdc3c7347aaf99	libc.so.6(GLIBC_2.33)
armv7l	gcc	/home/toolchain/development/libc++_replacement/tmp/BPF_W1_0921/rpm-bpf-armv7l-gcc/RPMS/armv7l/bpftrace-0.24.2-1.armv7l.rpm	8b3297d1fe41e06a10d1ef9cd576c714282a89e9806249b1eefdc3c7347aaf99	libc.so.6(GLIBC_2.34)
armv7l	gcc	/home/toolchain/development/libc++_replacement/tmp/BPF_W1_0921/rpm-bpf-armv7l-gcc/RPMS/armv7l/bpftrace-0.24.2-1.armv7l.rpm	8b3297d1fe41e06a10d1ef9cd576c714282a89e9806249b1eefdc3c7347aaf99	libc.so.6(GLIBC_2.38)
armv7l	gcc	/home/toolchain/development/libc++_replacement/tmp/BPF_W1_0921/rpm-bpf-armv7l-gcc/RPMS/armv7l/bpftrace-0.24.2-1.armv7l.rpm	8b3297d1fe41e06a10d1ef9cd576c714282a89e9806249b1eefdc3c7347aaf99	libc.so.6(GLIBC_2.4)
armv7l	gcc	/home/toolchain/development/libc++_replacement/tmp/BPF_W1_0921/rpm-bpf-armv7l-gcc/RPMS/armv7l/bpftrace-0.24.2-1.armv7l.rpm	8b3297d1fe41e06a10d1ef9cd576c714282a89e9806249b1eefdc3c7347aaf99	libc.so.6(GLIBC_2.7)
armv7l	gcc	/home/toolchain/development/libc++_replacement/tmp/BPF_W1_0921/rpm-bpf-armv7l-gcc/RPMS/armv7l/bpftrace-0.24.2-1.armv7l.rpm	8b3297d1fe41e06a10d1ef9cd576c714282a89e9806249b1eefdc3c7347aaf99	libc.so.6(GLIBC_2.8)
armv7l	gcc	/home/toolchain/development/libc++_replacement/tmp/BPF_W1_0921/rpm-bpf-armv7l-gcc/RPMS/armv7l/bpftrace-0.24.2-1.armv7l.rpm	8b3297d1fe41e06a10d1ef9cd576c714282a89e9806249b1eefdc3c7347aaf99	libc.so.6(GLIBC_2.9)
armv7l	gcc	/home/toolchain/development/libc++_replacement/tmp/BPF_W1_0921/rpm-bpf-armv7l-gcc/RPMS/armv7l/bpftrace-0.24.2-1.armv7l.rpm	8b3297d1fe41e06a10d1ef9cd576c714282a89e9806249b1eefdc3c7347aaf99	libclang-cpp.so.22.1
armv7l	gcc	/home/toolchain/development/libc++_replacement/tmp/BPF_W1_0921/rpm-bpf-armv7l-gcc/RPMS/armv7l/bpftrace-0.24.2-1.armv7l.rpm	8b3297d1fe41e06a10d1ef9cd576c714282a89e9806249b1eefdc3c7347aaf99	libclang-cpp.so.22.1(LLVM_22.1)
armv7l	gcc	/home/toolchain/development/libc++_replacement/tmp/BPF_W1_0921/rpm-bpf-armv7l-gcc/RPMS/armv7l/bpftrace-0.24.2-1.armv7l.rpm	8b3297d1fe41e06a10d1ef9cd576c714282a89e9806249b1eefdc3c7347aaf99	libclang.so.22.1
armv7l	gcc	/home/toolchain/development/libc++_replacement/tmp/BPF_W1_0921/rpm-bpf-armv7l-gcc/RPMS/armv7l/bpftrace-0.24.2-1.armv7l.rpm	8b3297d1fe41e06a10d1ef9cd576c714282a89e9806249b1eefdc3c7347aaf99	libclang.so.22.1(LLVM_13)
armv7l	gcc	/home/toolchain/development/libc++_replacement/tmp/BPF_W1_0921/rpm-bpf-armv7l-gcc/RPMS/armv7l/bpftrace-0.24.2-1.armv7l.rpm	8b3297d1fe41e06a10d1ef9cd576c714282a89e9806249b1eefdc3c7347aaf99	libelf.so.1
armv7l	gcc	/home/toolchain/development/libc++_replacement/tmp/BPF_W1_0921/rpm-bpf-armv7l-gcc/RPMS/armv7l/bpftrace-0.24.2-1.armv7l.rpm	8b3297d1fe41e06a10d1ef9cd576c714282a89e9806249b1eefdc3c7347aaf99	libelf.so.1(ELFUTILS_1.0)
armv7l	gcc	/home/toolchain/development/libc++_replacement/tmp/BPF_W1_0921/rpm-bpf-armv7l-gcc/RPMS/armv7l/bpftrace-0.24.2-1.armv7l.rpm	8b3297d1fe41e06a10d1ef9cd576c714282a89e9806249b1eefdc3c7347aaf99	libelf.so.1(ELFUTILS_1.5)
armv7l	gcc	/home/toolchain/development/libc++_replacement/tmp/BPF_W1_0921/rpm-bpf-armv7l-gcc/RPMS/armv7l/bpftrace-0.24.2-1.armv7l.rpm	8b3297d1fe41e06a10d1ef9cd576c714282a89e9806249b1eefdc3c7347aaf99	libgcc_s.so.1
armv7l	gcc	/home/toolchain/development/libc++_replacement/tmp/BPF_W1_0921/rpm-bpf-armv7l-gcc/RPMS/armv7l/bpftrace-0.24.2-1.armv7l.rpm	8b3297d1fe41e06a10d1ef9cd576c714282a89e9806249b1eefdc3c7347aaf99	libgcc_s.so.1(GCC_3.5)
armv7l	gcc	/home/toolchain/development/libc++_replacement/tmp/BPF_W1_0921/rpm-bpf-armv7l-gcc/RPMS/armv7l/bpftrace-0.24.2-1.armv7l.rpm	8b3297d1fe41e06a10d1ef9cd576c714282a89e9806249b1eefdc3c7347aaf99	libm.so.6
armv7l	gcc	/home/toolchain/development/libc++_replacement/tmp/BPF_W1_0921/rpm-bpf-armv7l-gcc/RPMS/armv7l/bpftrace-0.24.2-1.armv7l.rpm	8b3297d1fe41e06a10d1ef9cd576c714282a89e9806249b1eefdc3c7347aaf99	libm.so.6(GLIBC_2.4)
armv7l	gcc	/home/toolchain/development/libc++_replacement/tmp/BPF_W1_0921/rpm-bpf-armv7l-gcc/RPMS/armv7l/bpftrace-0.24.2-1.armv7l.rpm	8b3297d1fe41e06a10d1ef9cd576c714282a89e9806249b1eefdc3c7347aaf99	libstdc++.so.6
armv7l	gcc	/home/toolchain/development/libc++_replacement/tmp/BPF_W1_0921/rpm-bpf-armv7l-gcc/RPMS/armv7l/bpftrace-0.24.2-1.armv7l.rpm	8b3297d1fe41e06a10d1ef9cd576c714282a89e9806249b1eefdc3c7347aaf99	libstdc++.so.6(CXXABI_1.3)
armv7l	gcc	/home/toolchain/development/libc++_replacement/tmp/BPF_W1_0921/rpm-bpf-armv7l-gcc/RPMS/armv7l/bpftrace-0.24.2-1.armv7l.rpm	8b3297d1fe41e06a10d1ef9cd576c714282a89e9806249b1eefdc3c7347aaf99	libstdc++.so.6(CXXABI_1.3.15)
armv7l	gcc	/home/toolchain/development/libc++_replacement/tmp/BPF_W1_0921/rpm-bpf-armv7l-gcc/RPMS/armv7l/bpftrace-0.24.2-1.armv7l.rpm	8b3297d1fe41e06a10d1ef9cd576c714282a89e9806249b1eefdc3c7347aaf99	libstdc++.so.6(CXXABI_1.3.2)
armv7l	gcc	/home/toolchain/development/libc++_replacement/tmp/BPF_W1_0921/rpm-bpf-armv7l-gcc/RPMS/armv7l/bpftrace-0.24.2-1.armv7l.rpm	8b3297d1fe41e06a10d1ef9cd576c714282a89e9806249b1eefdc3c7347aaf99	libstdc++.so.6(CXXABI_1.3.5)
armv7l	gcc	/home/toolchain/development/libc++_replacement/tmp/BPF_W1_0921/rpm-bpf-armv7l-gcc/RPMS/armv7l/bpftrace-0.24.2-1.armv7l.rpm	8b3297d1fe41e06a10d1ef9cd576c714282a89e9806249b1eefdc3c7347aaf99	libstdc++.so.6(CXXABI_1.3.9)
armv7l	gcc	/home/toolchain/development/libc++_replacement/tmp/BPF_W1_0921/rpm-bpf-armv7l-gcc/RPMS/armv7l/bpftrace-0.24.2-1.armv7l.rpm	8b3297d1fe41e06a10d1ef9cd576c714282a89e9806249b1eefdc3c7347aaf99	libstdc++.so.6(CXXABI_ARM_1.3.3)
armv7l	gcc	/home/toolchain/development/libc++_replacement/tmp/BPF_W1_0921/rpm-bpf-armv7l-gcc/RPMS/armv7l/bpftrace-0.24.2-1.armv7l.rpm	8b3297d1fe41e06a10d1ef9cd576c714282a89e9806249b1eefdc3c7347aaf99	libstdc++.so.6(GLIBCXX_3.4)
armv7l	gcc	/home/toolchain/development/libc++_replacement/tmp/BPF_W1_0921/rpm-bpf-armv7l-gcc/RPMS/armv7l/bpftrace-0.24.2-1.armv7l.rpm	8b3297d1fe41e06a10d1ef9cd576c714282a89e9806249b1eefdc3c7347aaf99	libstdc++.so.6(GLIBCXX_3.4.11)
armv7l	gcc	/home/toolchain/development/libc++_replacement/tmp/BPF_W1_0921/rpm-bpf-armv7l-gcc/RPMS/armv7l/bpftrace-0.24.2-1.armv7l.rpm	8b3297d1fe41e06a10d1ef9cd576c714282a89e9806249b1eefdc3c7347aaf99	libstdc++.so.6(GLIBCXX_3.4.14)
armv7l	gcc	/home/toolchain/development/libc++_replacement/tmp/BPF_W1_0921/rpm-bpf-armv7l-gcc/RPMS/armv7l/bpftrace-0.24.2-1.armv7l.rpm	8b3297d1fe41e06a10d1ef9cd576c714282a89e9806249b1eefdc3c7347aaf99	libstdc++.so.6(GLIBCXX_3.4.15)
armv7l	gcc	/home/toolchain/development/libc++_replacement/tmp/BPF_W1_0921/rpm-bpf-armv7l-gcc/RPMS/armv7l/bpftrace-0.24.2-1.armv7l.rpm	8b3297d1fe41e06a10d1ef9cd576c714282a89e9806249b1eefdc3c7347aaf99	libstdc++.so.6(GLIBCXX_3.4.18)
armv7l	gcc	/home/toolchain/development/libc++_replacement/tmp/BPF_W1_0921/rpm-bpf-armv7l-gcc/RPMS/armv7l/bpftrace-0.24.2-1.armv7l.rpm	8b3297d1fe41e06a10d1ef9cd576c714282a89e9806249b1eefdc3c7347aaf99	libstdc++.so.6(GLIBCXX_3.4.20)
armv7l	gcc	/home/toolchain/development/libc++_replacement/tmp/BPF_W1_0921/rpm-bpf-armv7l-gcc/RPMS/armv7l/bpftrace-0.24.2-1.armv7l.rpm	8b3297d1fe41e06a10d1ef9cd576c714282a89e9806249b1eefdc3c7347aaf99	libstdc++.so.6(GLIBCXX_3.4.21)
armv7l	gcc	/home/toolchain/development/libc++_replacement/tmp/BPF_W1_0921/rpm-bpf-armv7l-gcc/RPMS/armv7l/bpftrace-0.24.2-1.armv7l.rpm	8b3297d1fe41e06a10d1ef9cd576c714282a89e9806249b1eefdc3c7347aaf99	libstdc++.so.6(GLIBCXX_3.4.26)
armv7l	gcc	/home/toolchain/development/libc++_replacement/tmp/BPF_W1_0921/rpm-bpf-armv7l-gcc/RPMS/armv7l/bpftrace-0.24.2-1.armv7l.rpm	8b3297d1fe41e06a10d1ef9cd576c714282a89e9806249b1eefdc3c7347aaf99	libstdc++.so.6(GLIBCXX_3.4.29)
armv7l	gcc	/home/toolchain/development/libc++_replacement/tmp/BPF_W1_0921/rpm-bpf-armv7l-gcc/RPMS/armv7l/bpftrace-0.24.2-1.armv7l.rpm	8b3297d1fe41e06a10d1ef9cd576c714282a89e9806249b1eefdc3c7347aaf99	libstdc++.so.6(GLIBCXX_3.4.31)
armv7l	gcc	/home/toolchain/development/libc++_replacement/tmp/BPF_W1_0921/rpm-bpf-armv7l-gcc/RPMS/armv7l/bpftrace-0.24.2-1.armv7l.rpm	8b3297d1fe41e06a10d1ef9cd576c714282a89e9806249b1eefdc3c7347aaf99	libstdc++.so.6(GLIBCXX_3.4.32)
armv7l	gcc	/home/toolchain/development/libc++_replacement/tmp/BPF_W1_0921/rpm-bpf-armv7l-gcc/RPMS/armv7l/bpftrace-0.24.2-1.armv7l.rpm	8b3297d1fe41e06a10d1ef9cd576c714282a89e9806249b1eefdc3c7347aaf99	libstdc++.so.6(GLIBCXX_3.4.9)
armv7l	gcc	/home/toolchain/development/libc++_replacement/tmp/BPF_W1_0921/rpm-bpf-armv7l-gcc/RPMS/armv7l/bpftrace-0.24.2-1.armv7l.rpm	8b3297d1fe41e06a10d1ef9cd576c714282a89e9806249b1eefdc3c7347aaf99	libz.so.1
armv7l	gcc	/home/toolchain/development/libc++_replacement/tmp/BPF_W1_0921/rpm-bpf-armv7l-gcc/RPMS/armv7l/bpftrace-0.24.2-1.armv7l.rpm	8b3297d1fe41e06a10d1ef9cd576c714282a89e9806249b1eefdc3c7347aaf99	libz.so.1(ZLIB_1.2.3.3)
armv7l	gcc	/home/toolchain/development/libc++_replacement/tmp/BPF_W1_0921/rpm-bpf-armv7l-gcc/RPMS/armv7l/bpftrace-0.24.2-1.armv7l.rpm	8b3297d1fe41e06a10d1ef9cd576c714282a89e9806249b1eefdc3c7347aaf99	rpmlib(CompressedFileNames) <= 3.0.4-1
armv7l	gcc	/home/toolchain/development/libc++_replacement/tmp/BPF_W1_0921/rpm-bpf-armv7l-gcc/RPMS/armv7l/bpftrace-0.24.2-1.armv7l.rpm	8b3297d1fe41e06a10d1ef9cd576c714282a89e9806249b1eefdc3c7347aaf99	rpmlib(FileDigests) <= 4.6.0-1
armv7l	gcc	/home/toolchain/development/libc++_replacement/tmp/BPF_W1_0921/rpm-bpf-armv7l-gcc/RPMS/armv7l/bpftrace-0.24.2-1.armv7l.rpm	8b3297d1fe41e06a10d1ef9cd576c714282a89e9806249b1eefdc3c7347aaf99	rpmlib(PayloadFilesHavePrefix) <= 4.0-1
armv7l	gcc	/home/toolchain/development/libc++_replacement/tmp/BPF_W1_0921/rpm-bpf-armv7l-gcc/RPMS/armv7l/bpftrace-0.24.2-1.armv7l.rpm	8b3297d1fe41e06a10d1ef9cd576c714282a89e9806249b1eefdc3c7347aaf99	rpmlib(PayloadIsXz) <= 5.2-1
armv7l	gcc	/home/toolchain/development/libc++_replacement/tmp/BPF_W1_0921/rpm-bpf-armv7l-gcc/RPMS/armv7l/bpftrace-0.24.2-1.armv7l.rpm	8b3297d1fe41e06a10d1ef9cd576c714282a89e9806249b1eefdc3c7347aaf99	rtld(GNU_HASH)
armv7l	gcc	/home/toolchain/development/libc++_replacement/tmp/BPF_W1_0921/rpm-bpf-armv7l-gcc/RPMS/armv7l/bpftrace-common-0.24.2-1.armv7l.rpm	3507fb81ea6b8bbf75623a736e3586c325de4135e2114bfb872ba8d229ccd95f	/usr/bin/env
armv7l	gcc	/home/toolchain/development/libc++_replacement/tmp/BPF_W1_0921/rpm-bpf-armv7l-gcc/RPMS/armv7l/bpftrace-common-0.24.2-1.armv7l.rpm	3507fb81ea6b8bbf75623a736e3586c325de4135e2114bfb872ba8d229ccd95f	rpmlib(CompressedFileNames) <= 3.0.4-1
armv7l	gcc	/home/toolchain/development/libc++_replacement/tmp/BPF_W1_0921/rpm-bpf-armv7l-gcc/RPMS/armv7l/bpftrace-common-0.24.2-1.armv7l.rpm	3507fb81ea6b8bbf75623a736e3586c325de4135e2114bfb872ba8d229ccd95f	rpmlib(FileDigests) <= 4.6.0-1
armv7l	gcc	/home/toolchain/development/libc++_replacement/tmp/BPF_W1_0921/rpm-bpf-armv7l-gcc/RPMS/armv7l/bpftrace-common-0.24.2-1.armv7l.rpm	3507fb81ea6b8bbf75623a736e3586c325de4135e2114bfb872ba8d229ccd95f	rpmlib(PayloadFilesHavePrefix) <= 4.0-1
armv7l	gcc	/home/toolchain/development/libc++_replacement/tmp/BPF_W1_0921/rpm-bpf-armv7l-gcc/RPMS/armv7l/bpftrace-common-0.24.2-1.armv7l.rpm	3507fb81ea6b8bbf75623a736e3586c325de4135e2114bfb872ba8d229ccd95f	rpmlib(PayloadIsXz) <= 5.2-1
armv7l	gcc	/home/toolchain/development/libc++_replacement/tmp/BPF_W1_0921/rpm-bpf-armv7l-gcc/RPMS/armv7l/bpftrace-static-0.24.2-1.armv7l.rpm	2c73cf784adadeb81668cdb19a5847d2077c26615bba2f8ac1c7c1809c7abd0c	/bin/sh
armv7l	gcc	/home/toolchain/development/libc++_replacement/tmp/BPF_W1_0921/rpm-bpf-armv7l-gcc/RPMS/armv7l/bpftrace-static-0.24.2-1.armv7l.rpm	2c73cf784adadeb81668cdb19a5847d2077c26615bba2f8ac1c7c1809c7abd0c	/bin/sh
armv7l	gcc	/home/toolchain/development/libc++_replacement/tmp/BPF_W1_0921/rpm-bpf-armv7l-gcc/RPMS/armv7l/bpftrace-static-0.24.2-1.armv7l.rpm	2c73cf784adadeb81668cdb19a5847d2077c26615bba2f8ac1c7c1809c7abd0c	ld-linux.so.3
armv7l	gcc	/home/toolchain/development/libc++_replacement/tmp/BPF_W1_0921/rpm-bpf-armv7l-gcc/RPMS/armv7l/bpftrace-static-0.24.2-1.armv7l.rpm	2c73cf784adadeb81668cdb19a5847d2077c26615bba2f8ac1c7c1809c7abd0c	ld-linux.so.3(GLIBC_2.4)
armv7l	gcc	/home/toolchain/development/libc++_replacement/tmp/BPF_W1_0921/rpm-bpf-armv7l-gcc/RPMS/armv7l/bpftrace-static-0.24.2-1.armv7l.rpm	2c73cf784adadeb81668cdb19a5847d2077c26615bba2f8ac1c7c1809c7abd0c	libc.so.6
armv7l	gcc	/home/toolchain/development/libc++_replacement/tmp/BPF_W1_0921/rpm-bpf-armv7l-gcc/RPMS/armv7l/bpftrace-static-0.24.2-1.armv7l.rpm	2c73cf784adadeb81668cdb19a5847d2077c26615bba2f8ac1c7c1809c7abd0c	libc.so.6(GLIBC_2.11)
armv7l	gcc	/home/toolchain/development/libc++_replacement/tmp/BPF_W1_0921/rpm-bpf-armv7l-gcc/RPMS/armv7l/bpftrace-static-0.24.2-1.armv7l.rpm	2c73cf784adadeb81668cdb19a5847d2077c26615bba2f8ac1c7c1809c7abd0c	libc.so.6(GLIBC_2.15)
armv7l	gcc	/home/toolchain/development/libc++_replacement/tmp/BPF_W1_0921/rpm-bpf-armv7l-gcc/RPMS/armv7l/bpftrace-static-0.24.2-1.armv7l.rpm	2c73cf784adadeb81668cdb19a5847d2077c26615bba2f8ac1c7c1809c7abd0c	libc.so.6(GLIBC_2.16)
armv7l	gcc	/home/toolchain/development/libc++_replacement/tmp/BPF_W1_0921/rpm-bpf-armv7l-gcc/RPMS/armv7l/bpftrace-static-0.24.2-1.armv7l.rpm	2c73cf784adadeb81668cdb19a5847d2077c26615bba2f8ac1c7c1809c7abd0c	libc.so.6(GLIBC_2.17)
armv7l	gcc	/home/toolchain/development/libc++_replacement/tmp/BPF_W1_0921/rpm-bpf-armv7l-gcc/RPMS/armv7l/bpftrace-static-0.24.2-1.armv7l.rpm	2c73cf784adadeb81668cdb19a5847d2077c26615bba2f8ac1c7c1809c7abd0c	libc.so.6(GLIBC_2.22)
armv7l	gcc	/home/toolchain/development/libc++_replacement/tmp/BPF_W1_0921/rpm-bpf-armv7l-gcc/RPMS/armv7l/bpftrace-static-0.24.2-1.armv7l.rpm	2c73cf784adadeb81668cdb19a5847d2077c26615bba2f8ac1c7c1809c7abd0c	libc.so.6(GLIBC_2.25)
armv7l	gcc	/home/toolchain/development/libc++_replacement/tmp/BPF_W1_0921/rpm-bpf-armv7l-gcc/RPMS/armv7l/bpftrace-static-0.24.2-1.armv7l.rpm	2c73cf784adadeb81668cdb19a5847d2077c26615bba2f8ac1c7c1809c7abd0c	libc.so.6(GLIBC_2.27)
armv7l	gcc	/home/toolchain/development/libc++_replacement/tmp/BPF_W1_0921/rpm-bpf-armv7l-gcc/RPMS/armv7l/bpftrace-static-0.24.2-1.armv7l.rpm	2c73cf784adadeb81668cdb19a5847d2077c26615bba2f8ac1c7c1809c7abd0c	libc.so.6(GLIBC_2.28)
armv7l	gcc	/home/toolchain/development/libc++_replacement/tmp/BPF_W1_0921/rpm-bpf-armv7l-gcc/RPMS/armv7l/bpftrace-static-0.24.2-1.armv7l.rpm	2c73cf784adadeb81668cdb19a5847d2077c26615bba2f8ac1c7c1809c7abd0c	libc.so.6(GLIBC_2.32)
armv7l	gcc	/home/toolchain/development/libc++_replacement/tmp/BPF_W1_0921/rpm-bpf-armv7l-gcc/RPMS/armv7l/bpftrace-static-0.24.2-1.armv7l.rpm	2c73cf784adadeb81668cdb19a5847d2077c26615bba2f8ac1c7c1809c7abd0c	libc.so.6(GLIBC_2.33)
armv7l	gcc	/home/toolchain/development/libc++_replacement/tmp/BPF_W1_0921/rpm-bpf-armv7l-gcc/RPMS/armv7l/bpftrace-static-0.24.2-1.armv7l.rpm	2c73cf784adadeb81668cdb19a5847d2077c26615bba2f8ac1c7c1809c7abd0c	libc.so.6(GLIBC_2.34)
armv7l	gcc	/home/toolchain/development/libc++_replacement/tmp/BPF_W1_0921/rpm-bpf-armv7l-gcc/RPMS/armv7l/bpftrace-static-0.24.2-1.armv7l.rpm	2c73cf784adadeb81668cdb19a5847d2077c26615bba2f8ac1c7c1809c7abd0c	libc.so.6(GLIBC_2.36)
armv7l	gcc	/home/toolchain/development/libc++_replacement/tmp/BPF_W1_0921/rpm-bpf-armv7l-gcc/RPMS/armv7l/bpftrace-static-0.24.2-1.armv7l.rpm	2c73cf784adadeb81668cdb19a5847d2077c26615bba2f8ac1c7c1809c7abd0c	libc.so.6(GLIBC_2.38)
armv7l	gcc	/home/toolchain/development/libc++_replacement/tmp/BPF_W1_0921/rpm-bpf-armv7l-gcc/RPMS/armv7l/bpftrace-static-0.24.2-1.armv7l.rpm	2c73cf784adadeb81668cdb19a5847d2077c26615bba2f8ac1c7c1809c7abd0c	libc.so.6(GLIBC_2.4)
armv7l	gcc	/home/toolchain/development/libc++_replacement/tmp/BPF_W1_0921/rpm-bpf-armv7l-gcc/RPMS/armv7l/bpftrace-static-0.24.2-1.armv7l.rpm	2c73cf784adadeb81668cdb19a5847d2077c26615bba2f8ac1c7c1809c7abd0c	libc.so.6(GLIBC_2.6)
armv7l	gcc	/home/toolchain/development/libc++_replacement/tmp/BPF_W1_0921/rpm-bpf-armv7l-gcc/RPMS/armv7l/bpftrace-static-0.24.2-1.armv7l.rpm	2c73cf784adadeb81668cdb19a5847d2077c26615bba2f8ac1c7c1809c7abd0c	libc.so.6(GLIBC_2.7)
armv7l	gcc	/home/toolchain/development/libc++_replacement/tmp/BPF_W1_0921/rpm-bpf-armv7l-gcc/RPMS/armv7l/bpftrace-static-0.24.2-1.armv7l.rpm	2c73cf784adadeb81668cdb19a5847d2077c26615bba2f8ac1c7c1809c7abd0c	libc.so.6(GLIBC_2.8)
armv7l	gcc	/home/toolchain/development/libc++_replacement/tmp/BPF_W1_0921/rpm-bpf-armv7l-gcc/RPMS/armv7l/bpftrace-static-0.24.2-1.armv7l.rpm	2c73cf784adadeb81668cdb19a5847d2077c26615bba2f8ac1c7c1809c7abd0c	libc.so.6(GLIBC_2.9)
armv7l	gcc	/home/toolchain/development/libc++_replacement/tmp/BPF_W1_0921/rpm-bpf-armv7l-gcc/RPMS/armv7l/bpftrace-static-0.24.2-1.armv7l.rpm	2c73cf784adadeb81668cdb19a5847d2077c26615bba2f8ac1c7c1809c7abd0c	libm.so.6
armv7l	gcc	/home/toolchain/development/libc++_replacement/tmp/BPF_W1_0921/rpm-bpf-armv7l-gcc/RPMS/armv7l/bpftrace-static-0.24.2-1.armv7l.rpm	2c73cf784adadeb81668cdb19a5847d2077c26615bba2f8ac1c7c1809c7abd0c	libm.so.6(GLIBC_2.27)
armv7l	gcc	/home/toolchain/development/libc++_replacement/tmp/BPF_W1_0921/rpm-bpf-armv7l-gcc/RPMS/armv7l/bpftrace-static-0.24.2-1.armv7l.rpm	2c73cf784adadeb81668cdb19a5847d2077c26615bba2f8ac1c7c1809c7abd0c	libm.so.6(GLIBC_2.29)
armv7l	gcc	/home/toolchain/development/libc++_replacement/tmp/BPF_W1_0921/rpm-bpf-armv7l-gcc/RPMS/armv7l/bpftrace-static-0.24.2-1.armv7l.rpm	2c73cf784adadeb81668cdb19a5847d2077c26615bba2f8ac1c7c1809c7abd0c	libm.so.6(GLIBC_2.4)
armv7l	gcc	/home/toolchain/development/libc++_replacement/tmp/BPF_W1_0921/rpm-bpf-armv7l-gcc/RPMS/armv7l/bpftrace-static-0.24.2-1.armv7l.rpm	2c73cf784adadeb81668cdb19a5847d2077c26615bba2f8ac1c7c1809c7abd0c	rpmlib(CompressedFileNames) <= 3.0.4-1
armv7l	gcc	/home/toolchain/development/libc++_replacement/tmp/BPF_W1_0921/rpm-bpf-armv7l-gcc/RPMS/armv7l/bpftrace-static-0.24.2-1.armv7l.rpm	2c73cf784adadeb81668cdb19a5847d2077c26615bba2f8ac1c7c1809c7abd0c	rpmlib(FileDigests) <= 4.6.0-1
armv7l	gcc	/home/toolchain/development/libc++_replacement/tmp/BPF_W1_0921/rpm-bpf-armv7l-gcc/RPMS/armv7l/bpftrace-static-0.24.2-1.armv7l.rpm	2c73cf784adadeb81668cdb19a5847d2077c26615bba2f8ac1c7c1809c7abd0c	rpmlib(PayloadFilesHavePrefix) <= 4.0-1
armv7l	gcc	/home/toolchain/development/libc++_replacement/tmp/BPF_W1_0921/rpm-bpf-armv7l-gcc/RPMS/armv7l/bpftrace-static-0.24.2-1.armv7l.rpm	2c73cf784adadeb81668cdb19a5847d2077c26615bba2f8ac1c7c1809c7abd0c	rpmlib(PayloadIsXz) <= 5.2-1
armv7l	gcc	/home/toolchain/development/libc++_replacement/tmp/BPF_W1_0921/rpm-bpf-armv7l-gcc/RPMS/armv7l/bpftrace-static-0.24.2-1.armv7l.rpm	2c73cf784adadeb81668cdb19a5847d2077c26615bba2f8ac1c7c1809c7abd0c	rtld(GNU_HASH)
armv7l	undefined	/home/toolchain/development/libc++_replacement/tmp/BPF_W1_0921/rpm-bpf-armv7l-undefined/RPMS/armv7l/bpftrace-0.24.2-1.armv7l.rpm	48012c531100bb23f7904f8bafce945054e39a7d09369e2e0d870d09b53b0784	ld-linux.so.3
armv7l	undefined	/home/toolchain/development/libc++_replacement/tmp/BPF_W1_0921/rpm-bpf-armv7l-undefined/RPMS/armv7l/bpftrace-0.24.2-1.armv7l.rpm	48012c531100bb23f7904f8bafce945054e39a7d09369e2e0d870d09b53b0784	ld-linux.so.3(GLIBC_2.4)
armv7l	undefined	/home/toolchain/development/libc++_replacement/tmp/BPF_W1_0921/rpm-bpf-armv7l-undefined/RPMS/armv7l/bpftrace-0.24.2-1.armv7l.rpm	48012c531100bb23f7904f8bafce945054e39a7d09369e2e0d870d09b53b0784	libLLVM.so.22.1
armv7l	undefined	/home/toolchain/development/libc++_replacement/tmp/BPF_W1_0921/rpm-bpf-armv7l-undefined/RPMS/armv7l/bpftrace-0.24.2-1.armv7l.rpm	48012c531100bb23f7904f8bafce945054e39a7d09369e2e0d870d09b53b0784	libLLVM.so.22.1(LLVM_22.1)
armv7l	undefined	/home/toolchain/development/libc++_replacement/tmp/BPF_W1_0921/rpm-bpf-armv7l-undefined/RPMS/armv7l/bpftrace-0.24.2-1.armv7l.rpm	48012c531100bb23f7904f8bafce945054e39a7d09369e2e0d870d09b53b0784	libbcc_bpf.so.0
armv7l	undefined	/home/toolchain/development/libc++_replacement/tmp/BPF_W1_0921/rpm-bpf-armv7l-undefined/RPMS/armv7l/bpftrace-0.24.2-1.armv7l.rpm	48012c531100bb23f7904f8bafce945054e39a7d09369e2e0d870d09b53b0784	libbpf.so.1
armv7l	undefined	/home/toolchain/development/libc++_replacement/tmp/BPF_W1_0921/rpm-bpf-armv7l-undefined/RPMS/armv7l/bpftrace-0.24.2-1.armv7l.rpm	48012c531100bb23f7904f8bafce945054e39a7d09369e2e0d870d09b53b0784	libbpf.so.1(LIBBPF_0.0.1)
armv7l	undefined	/home/toolchain/development/libc++_replacement/tmp/BPF_W1_0921/rpm-bpf-armv7l-undefined/RPMS/armv7l/bpftrace-0.24.2-1.armv7l.rpm	48012c531100bb23f7904f8bafce945054e39a7d09369e2e0d870d09b53b0784	libbpf.so.1(LIBBPF_0.0.2)
armv7l	undefined	/home/toolchain/development/libc++_replacement/tmp/BPF_W1_0921/rpm-bpf-armv7l-undefined/RPMS/armv7l/bpftrace-0.24.2-1.armv7l.rpm	48012c531100bb23f7904f8bafce945054e39a7d09369e2e0d870d09b53b0784	libbpf.so.1(LIBBPF_0.0.4)
armv7l	undefined	/home/toolchain/development/libc++_replacement/tmp/BPF_W1_0921/rpm-bpf-armv7l-undefined/RPMS/armv7l/bpftrace-0.24.2-1.armv7l.rpm	48012c531100bb23f7904f8bafce945054e39a7d09369e2e0d870d09b53b0784	libbpf.so.1(LIBBPF_0.0.5)
armv7l	undefined	/home/toolchain/development/libc++_replacement/tmp/BPF_W1_0921/rpm-bpf-armv7l-undefined/RPMS/armv7l/bpftrace-0.24.2-1.armv7l.rpm	48012c531100bb23f7904f8bafce945054e39a7d09369e2e0d870d09b53b0784	libbpf.so.1(LIBBPF_0.0.6)
armv7l	undefined	/home/toolchain/development/libc++_replacement/tmp/BPF_W1_0921/rpm-bpf-armv7l-undefined/RPMS/armv7l/bpftrace-0.24.2-1.armv7l.rpm	48012c531100bb23f7904f8bafce945054e39a7d09369e2e0d870d09b53b0784	libbpf.so.1(LIBBPF_0.0.7)
armv7l	undefined	/home/toolchain/development/libc++_replacement/tmp/BPF_W1_0921/rpm-bpf-armv7l-undefined/RPMS/armv7l/bpftrace-0.24.2-1.armv7l.rpm	48012c531100bb23f7904f8bafce945054e39a7d09369e2e0d870d09b53b0784	libbpf.so.1(LIBBPF_0.0.8)
armv7l	undefined	/home/toolchain/development/libc++_replacement/tmp/BPF_W1_0921/rpm-bpf-armv7l-undefined/RPMS/armv7l/bpftrace-0.24.2-1.armv7l.rpm	48012c531100bb23f7904f8bafce945054e39a7d09369e2e0d870d09b53b0784	libbpf.so.1(LIBBPF_0.0.9)
armv7l	undefined	/home/toolchain/development/libc++_replacement/tmp/BPF_W1_0921/rpm-bpf-armv7l-undefined/RPMS/armv7l/bpftrace-0.24.2-1.armv7l.rpm	48012c531100bb23f7904f8bafce945054e39a7d09369e2e0d870d09b53b0784	libbpf.so.1(LIBBPF_0.1.0)
armv7l	undefined	/home/toolchain/development/libc++_replacement/tmp/BPF_W1_0921/rpm-bpf-armv7l-undefined/RPMS/armv7l/bpftrace-0.24.2-1.armv7l.rpm	48012c531100bb23f7904f8bafce945054e39a7d09369e2e0d870d09b53b0784	libbpf.so.1(LIBBPF_0.2.0)
armv7l	undefined	/home/toolchain/development/libc++_replacement/tmp/BPF_W1_0921/rpm-bpf-armv7l-undefined/RPMS/armv7l/bpftrace-0.24.2-1.armv7l.rpm	48012c531100bb23f7904f8bafce945054e39a7d09369e2e0d870d09b53b0784	libbpf.so.1(LIBBPF_0.3.0)
armv7l	undefined	/home/toolchain/development/libc++_replacement/tmp/BPF_W1_0921/rpm-bpf-armv7l-undefined/RPMS/armv7l/bpftrace-0.24.2-1.armv7l.rpm	48012c531100bb23f7904f8bafce945054e39a7d09369e2e0d870d09b53b0784	libbpf.so.1(LIBBPF_0.4.0)
armv7l	undefined	/home/toolchain/development/libc++_replacement/tmp/BPF_W1_0921/rpm-bpf-armv7l-undefined/RPMS/armv7l/bpftrace-0.24.2-1.armv7l.rpm	48012c531100bb23f7904f8bafce945054e39a7d09369e2e0d870d09b53b0784	libbpf.so.1(LIBBPF_0.5.0)
armv7l	undefined	/home/toolchain/development/libc++_replacement/tmp/BPF_W1_0921/rpm-bpf-armv7l-undefined/RPMS/armv7l/bpftrace-0.24.2-1.armv7l.rpm	48012c531100bb23f7904f8bafce945054e39a7d09369e2e0d870d09b53b0784	libbpf.so.1(LIBBPF_0.6.0)
armv7l	undefined	/home/toolchain/development/libc++_replacement/tmp/BPF_W1_0921/rpm-bpf-armv7l-undefined/RPMS/armv7l/bpftrace-0.24.2-1.armv7l.rpm	48012c531100bb23f7904f8bafce945054e39a7d09369e2e0d870d09b53b0784	libbpf.so.1(LIBBPF_0.7.0)
armv7l	undefined	/home/toolchain/development/libc++_replacement/tmp/BPF_W1_0921/rpm-bpf-armv7l-undefined/RPMS/armv7l/bpftrace-0.24.2-1.armv7l.rpm	48012c531100bb23f7904f8bafce945054e39a7d09369e2e0d870d09b53b0784	libbpf.so.1(LIBBPF_1.0.0)
armv7l	undefined	/home/toolchain/development/libc++_replacement/tmp/BPF_W1_0921/rpm-bpf-armv7l-undefined/RPMS/armv7l/bpftrace-0.24.2-1.armv7l.rpm	48012c531100bb23f7904f8bafce945054e39a7d09369e2e0d870d09b53b0784	libbpf.so.1(LIBBPF_1.2.0)
armv7l	undefined	/home/toolchain/development/libc++_replacement/tmp/BPF_W1_0921/rpm-bpf-armv7l-undefined/RPMS/armv7l/bpftrace-0.24.2-1.armv7l.rpm	48012c531100bb23f7904f8bafce945054e39a7d09369e2e0d870d09b53b0784	libbpf.so.1(LIBBPF_1.5.0)
armv7l	undefined	/home/toolchain/development/libc++_replacement/tmp/BPF_W1_0921/rpm-bpf-armv7l-undefined/RPMS/armv7l/bpftrace-0.24.2-1.armv7l.rpm	48012c531100bb23f7904f8bafce945054e39a7d09369e2e0d870d09b53b0784	libc.so.6
armv7l	undefined	/home/toolchain/development/libc++_replacement/tmp/BPF_W1_0921/rpm-bpf-armv7l-undefined/RPMS/armv7l/bpftrace-0.24.2-1.armv7l.rpm	48012c531100bb23f7904f8bafce945054e39a7d09369e2e0d870d09b53b0784	libc.so.6(GLIBC_2.16)
armv7l	undefined	/home/toolchain/development/libc++_replacement/tmp/BPF_W1_0921/rpm-bpf-armv7l-undefined/RPMS/armv7l/bpftrace-0.24.2-1.armv7l.rpm	48012c531100bb23f7904f8bafce945054e39a7d09369e2e0d870d09b53b0784	libc.so.6(GLIBC_2.17)
armv7l	undefined	/home/toolchain/development/libc++_replacement/tmp/BPF_W1_0921/rpm-bpf-armv7l-undefined/RPMS/armv7l/bpftrace-0.24.2-1.armv7l.rpm	48012c531100bb23f7904f8bafce945054e39a7d09369e2e0d870d09b53b0784	libc.so.6(GLIBC_2.27)
armv7l	undefined	/home/toolchain/development/libc++_replacement/tmp/BPF_W1_0921/rpm-bpf-armv7l-undefined/RPMS/armv7l/bpftrace-0.24.2-1.armv7l.rpm	48012c531100bb23f7904f8bafce945054e39a7d09369e2e0d870d09b53b0784	libc.so.6(GLIBC_2.32)
armv7l	undefined	/home/toolchain/development/libc++_replacement/tmp/BPF_W1_0921/rpm-bpf-armv7l-undefined/RPMS/armv7l/bpftrace-0.24.2-1.armv7l.rpm	48012c531100bb23f7904f8bafce945054e39a7d09369e2e0d870d09b53b0784	libc.so.6(GLIBC_2.33)
armv7l	undefined	/home/toolchain/development/libc++_replacement/tmp/BPF_W1_0921/rpm-bpf-armv7l-undefined/RPMS/armv7l/bpftrace-0.24.2-1.armv7l.rpm	48012c531100bb23f7904f8bafce945054e39a7d09369e2e0d870d09b53b0784	libc.so.6(GLIBC_2.34)
armv7l	undefined	/home/toolchain/development/libc++_replacement/tmp/BPF_W1_0921/rpm-bpf-armv7l-undefined/RPMS/armv7l/bpftrace-0.24.2-1.armv7l.rpm	48012c531100bb23f7904f8bafce945054e39a7d09369e2e0d870d09b53b0784	libc.so.6(GLIBC_2.38)
armv7l	undefined	/home/toolchain/development/libc++_replacement/tmp/BPF_W1_0921/rpm-bpf-armv7l-undefined/RPMS/armv7l/bpftrace-0.24.2-1.armv7l.rpm	48012c531100bb23f7904f8bafce945054e39a7d09369e2e0d870d09b53b0784	libc.so.6(GLIBC_2.4)
armv7l	undefined	/home/toolchain/development/libc++_replacement/tmp/BPF_W1_0921/rpm-bpf-armv7l-undefined/RPMS/armv7l/bpftrace-0.24.2-1.armv7l.rpm	48012c531100bb23f7904f8bafce945054e39a7d09369e2e0d870d09b53b0784	libc.so.6(GLIBC_2.7)
armv7l	undefined	/home/toolchain/development/libc++_replacement/tmp/BPF_W1_0921/rpm-bpf-armv7l-undefined/RPMS/armv7l/bpftrace-0.24.2-1.armv7l.rpm	48012c531100bb23f7904f8bafce945054e39a7d09369e2e0d870d09b53b0784	libc.so.6(GLIBC_2.8)
armv7l	undefined	/home/toolchain/development/libc++_replacement/tmp/BPF_W1_0921/rpm-bpf-armv7l-undefined/RPMS/armv7l/bpftrace-0.24.2-1.armv7l.rpm	48012c531100bb23f7904f8bafce945054e39a7d09369e2e0d870d09b53b0784	libc.so.6(GLIBC_2.9)
armv7l	undefined	/home/toolchain/development/libc++_replacement/tmp/BPF_W1_0921/rpm-bpf-armv7l-undefined/RPMS/armv7l/bpftrace-0.24.2-1.armv7l.rpm	48012c531100bb23f7904f8bafce945054e39a7d09369e2e0d870d09b53b0784	libclang-cpp.so.22.1
armv7l	undefined	/home/toolchain/development/libc++_replacement/tmp/BPF_W1_0921/rpm-bpf-armv7l-undefined/RPMS/armv7l/bpftrace-0.24.2-1.armv7l.rpm	48012c531100bb23f7904f8bafce945054e39a7d09369e2e0d870d09b53b0784	libclang-cpp.so.22.1(LLVM_22.1)
armv7l	undefined	/home/toolchain/development/libc++_replacement/tmp/BPF_W1_0921/rpm-bpf-armv7l-undefined/RPMS/armv7l/bpftrace-0.24.2-1.armv7l.rpm	48012c531100bb23f7904f8bafce945054e39a7d09369e2e0d870d09b53b0784	libclang.so.22.1
armv7l	undefined	/home/toolchain/development/libc++_replacement/tmp/BPF_W1_0921/rpm-bpf-armv7l-undefined/RPMS/armv7l/bpftrace-0.24.2-1.armv7l.rpm	48012c531100bb23f7904f8bafce945054e39a7d09369e2e0d870d09b53b0784	libclang.so.22.1(LLVM_13)
armv7l	undefined	/home/toolchain/development/libc++_replacement/tmp/BPF_W1_0921/rpm-bpf-armv7l-undefined/RPMS/armv7l/bpftrace-0.24.2-1.armv7l.rpm	48012c531100bb23f7904f8bafce945054e39a7d09369e2e0d870d09b53b0784	libelf.so.1
armv7l	undefined	/home/toolchain/development/libc++_replacement/tmp/BPF_W1_0921/rpm-bpf-armv7l-undefined/RPMS/armv7l/bpftrace-0.24.2-1.armv7l.rpm	48012c531100bb23f7904f8bafce945054e39a7d09369e2e0d870d09b53b0784	libelf.so.1(ELFUTILS_1.0)
armv7l	undefined	/home/toolchain/development/libc++_replacement/tmp/BPF_W1_0921/rpm-bpf-armv7l-undefined/RPMS/armv7l/bpftrace-0.24.2-1.armv7l.rpm	48012c531100bb23f7904f8bafce945054e39a7d09369e2e0d870d09b53b0784	libelf.so.1(ELFUTILS_1.5)
armv7l	undefined	/home/toolchain/development/libc++_replacement/tmp/BPF_W1_0921/rpm-bpf-armv7l-undefined/RPMS/armv7l/bpftrace-0.24.2-1.armv7l.rpm	48012c531100bb23f7904f8bafce945054e39a7d09369e2e0d870d09b53b0784	libgcc_s.so.1
armv7l	undefined	/home/toolchain/development/libc++_replacement/tmp/BPF_W1_0921/rpm-bpf-armv7l-undefined/RPMS/armv7l/bpftrace-0.24.2-1.armv7l.rpm	48012c531100bb23f7904f8bafce945054e39a7d09369e2e0d870d09b53b0784	libgcc_s.so.1(GCC_3.5)
armv7l	undefined	/home/toolchain/development/libc++_replacement/tmp/BPF_W1_0921/rpm-bpf-armv7l-undefined/RPMS/armv7l/bpftrace-0.24.2-1.armv7l.rpm	48012c531100bb23f7904f8bafce945054e39a7d09369e2e0d870d09b53b0784	libm.so.6
armv7l	undefined	/home/toolchain/development/libc++_replacement/tmp/BPF_W1_0921/rpm-bpf-armv7l-undefined/RPMS/armv7l/bpftrace-0.24.2-1.armv7l.rpm	48012c531100bb23f7904f8bafce945054e39a7d09369e2e0d870d09b53b0784	libm.so.6(GLIBC_2.4)
armv7l	undefined	/home/toolchain/development/libc++_replacement/tmp/BPF_W1_0921/rpm-bpf-armv7l-undefined/RPMS/armv7l/bpftrace-0.24.2-1.armv7l.rpm	48012c531100bb23f7904f8bafce945054e39a7d09369e2e0d870d09b53b0784	libstdc++.so.6
armv7l	undefined	/home/toolchain/development/libc++_replacement/tmp/BPF_W1_0921/rpm-bpf-armv7l-undefined/RPMS/armv7l/bpftrace-0.24.2-1.armv7l.rpm	48012c531100bb23f7904f8bafce945054e39a7d09369e2e0d870d09b53b0784	libstdc++.so.6(CXXABI_1.3)
armv7l	undefined	/home/toolchain/development/libc++_replacement/tmp/BPF_W1_0921/rpm-bpf-armv7l-undefined/RPMS/armv7l/bpftrace-0.24.2-1.armv7l.rpm	48012c531100bb23f7904f8bafce945054e39a7d09369e2e0d870d09b53b0784	libstdc++.so.6(CXXABI_1.3.15)
armv7l	undefined	/home/toolchain/development/libc++_replacement/tmp/BPF_W1_0921/rpm-bpf-armv7l-undefined/RPMS/armv7l/bpftrace-0.24.2-1.armv7l.rpm	48012c531100bb23f7904f8bafce945054e39a7d09369e2e0d870d09b53b0784	libstdc++.so.6(CXXABI_1.3.2)
armv7l	undefined	/home/toolchain/development/libc++_replacement/tmp/BPF_W1_0921/rpm-bpf-armv7l-undefined/RPMS/armv7l/bpftrace-0.24.2-1.armv7l.rpm	48012c531100bb23f7904f8bafce945054e39a7d09369e2e0d870d09b53b0784	libstdc++.so.6(CXXABI_1.3.5)
armv7l	undefined	/home/toolchain/development/libc++_replacement/tmp/BPF_W1_0921/rpm-bpf-armv7l-undefined/RPMS/armv7l/bpftrace-0.24.2-1.armv7l.rpm	48012c531100bb23f7904f8bafce945054e39a7d09369e2e0d870d09b53b0784	libstdc++.so.6(CXXABI_1.3.9)
armv7l	undefined	/home/toolchain/development/libc++_replacement/tmp/BPF_W1_0921/rpm-bpf-armv7l-undefined/RPMS/armv7l/bpftrace-0.24.2-1.armv7l.rpm	48012c531100bb23f7904f8bafce945054e39a7d09369e2e0d870d09b53b0784	libstdc++.so.6(CXXABI_ARM_1.3.3)
armv7l	undefined	/home/toolchain/development/libc++_replacement/tmp/BPF_W1_0921/rpm-bpf-armv7l-undefined/RPMS/armv7l/bpftrace-0.24.2-1.armv7l.rpm	48012c531100bb23f7904f8bafce945054e39a7d09369e2e0d870d09b53b0784	libstdc++.so.6(GLIBCXX_3.4)
armv7l	undefined	/home/toolchain/development/libc++_replacement/tmp/BPF_W1_0921/rpm-bpf-armv7l-undefined/RPMS/armv7l/bpftrace-0.24.2-1.armv7l.rpm	48012c531100bb23f7904f8bafce945054e39a7d09369e2e0d870d09b53b0784	libstdc++.so.6(GLIBCXX_3.4.11)
armv7l	undefined	/home/toolchain/development/libc++_replacement/tmp/BPF_W1_0921/rpm-bpf-armv7l-undefined/RPMS/armv7l/bpftrace-0.24.2-1.armv7l.rpm	48012c531100bb23f7904f8bafce945054e39a7d09369e2e0d870d09b53b0784	libstdc++.so.6(GLIBCXX_3.4.14)
armv7l	undefined	/home/toolchain/development/libc++_replacement/tmp/BPF_W1_0921/rpm-bpf-armv7l-undefined/RPMS/armv7l/bpftrace-0.24.2-1.armv7l.rpm	48012c531100bb23f7904f8bafce945054e39a7d09369e2e0d870d09b53b0784	libstdc++.so.6(GLIBCXX_3.4.15)
armv7l	undefined	/home/toolchain/development/libc++_replacement/tmp/BPF_W1_0921/rpm-bpf-armv7l-undefined/RPMS/armv7l/bpftrace-0.24.2-1.armv7l.rpm	48012c531100bb23f7904f8bafce945054e39a7d09369e2e0d870d09b53b0784	libstdc++.so.6(GLIBCXX_3.4.18)
armv7l	undefined	/home/toolchain/development/libc++_replacement/tmp/BPF_W1_0921/rpm-bpf-armv7l-undefined/RPMS/armv7l/bpftrace-0.24.2-1.armv7l.rpm	48012c531100bb23f7904f8bafce945054e39a7d09369e2e0d870d09b53b0784	libstdc++.so.6(GLIBCXX_3.4.20)
armv7l	undefined	/home/toolchain/development/libc++_replacement/tmp/BPF_W1_0921/rpm-bpf-armv7l-undefined/RPMS/armv7l/bpftrace-0.24.2-1.armv7l.rpm	48012c531100bb23f7904f8bafce945054e39a7d09369e2e0d870d09b53b0784	libstdc++.so.6(GLIBCXX_3.4.21)
armv7l	undefined	/home/toolchain/development/libc++_replacement/tmp/BPF_W1_0921/rpm-bpf-armv7l-undefined/RPMS/armv7l/bpftrace-0.24.2-1.armv7l.rpm	48012c531100bb23f7904f8bafce945054e39a7d09369e2e0d870d09b53b0784	libstdc++.so.6(GLIBCXX_3.4.26)
armv7l	undefined	/home/toolchain/development/libc++_replacement/tmp/BPF_W1_0921/rpm-bpf-armv7l-undefined/RPMS/armv7l/bpftrace-0.24.2-1.armv7l.rpm	48012c531100bb23f7904f8bafce945054e39a7d09369e2e0d870d09b53b0784	libstdc++.so.6(GLIBCXX_3.4.29)
armv7l	undefined	/home/toolchain/development/libc++_replacement/tmp/BPF_W1_0921/rpm-bpf-armv7l-undefined/RPMS/armv7l/bpftrace-0.24.2-1.armv7l.rpm	48012c531100bb23f7904f8bafce945054e39a7d09369e2e0d870d09b53b0784	libstdc++.so.6(GLIBCXX_3.4.31)
armv7l	undefined	/home/toolchain/development/libc++_replacement/tmp/BPF_W1_0921/rpm-bpf-armv7l-undefined/RPMS/armv7l/bpftrace-0.24.2-1.armv7l.rpm	48012c531100bb23f7904f8bafce945054e39a7d09369e2e0d870d09b53b0784	libstdc++.so.6(GLIBCXX_3.4.32)
armv7l	undefined	/home/toolchain/development/libc++_replacement/tmp/BPF_W1_0921/rpm-bpf-armv7l-undefined/RPMS/armv7l/bpftrace-0.24.2-1.armv7l.rpm	48012c531100bb23f7904f8bafce945054e39a7d09369e2e0d870d09b53b0784	libstdc++.so.6(GLIBCXX_3.4.9)
armv7l	undefined	/home/toolchain/development/libc++_replacement/tmp/BPF_W1_0921/rpm-bpf-armv7l-undefined/RPMS/armv7l/bpftrace-0.24.2-1.armv7l.rpm	48012c531100bb23f7904f8bafce945054e39a7d09369e2e0d870d09b53b0784	libz.so.1
armv7l	undefined	/home/toolchain/development/libc++_replacement/tmp/BPF_W1_0921/rpm-bpf-armv7l-undefined/RPMS/armv7l/bpftrace-0.24.2-1.armv7l.rpm	48012c531100bb23f7904f8bafce945054e39a7d09369e2e0d870d09b53b0784	libz.so.1(ZLIB_1.2.3.3)
armv7l	undefined	/home/toolchain/development/libc++_replacement/tmp/BPF_W1_0921/rpm-bpf-armv7l-undefined/RPMS/armv7l/bpftrace-0.24.2-1.armv7l.rpm	48012c531100bb23f7904f8bafce945054e39a7d09369e2e0d870d09b53b0784	rpmlib(CompressedFileNames) <= 3.0.4-1
armv7l	undefined	/home/toolchain/development/libc++_replacement/tmp/BPF_W1_0921/rpm-bpf-armv7l-undefined/RPMS/armv7l/bpftrace-0.24.2-1.armv7l.rpm	48012c531100bb23f7904f8bafce945054e39a7d09369e2e0d870d09b53b0784	rpmlib(FileDigests) <= 4.6.0-1
armv7l	undefined	/home/toolchain/development/libc++_replacement/tmp/BPF_W1_0921/rpm-bpf-armv7l-undefined/RPMS/armv7l/bpftrace-0.24.2-1.armv7l.rpm	48012c531100bb23f7904f8bafce945054e39a7d09369e2e0d870d09b53b0784	rpmlib(PayloadFilesHavePrefix) <= 4.0-1
armv7l	undefined	/home/toolchain/development/libc++_replacement/tmp/BPF_W1_0921/rpm-bpf-armv7l-undefined/RPMS/armv7l/bpftrace-0.24.2-1.armv7l.rpm	48012c531100bb23f7904f8bafce945054e39a7d09369e2e0d870d09b53b0784	rpmlib(PayloadIsXz) <= 5.2-1
armv7l	undefined	/home/toolchain/development/libc++_replacement/tmp/BPF_W1_0921/rpm-bpf-armv7l-undefined/RPMS/armv7l/bpftrace-0.24.2-1.armv7l.rpm	48012c531100bb23f7904f8bafce945054e39a7d09369e2e0d870d09b53b0784	rtld(GNU_HASH)
armv7l	undefined	/home/toolchain/development/libc++_replacement/tmp/BPF_W1_0921/rpm-bpf-armv7l-undefined/RPMS/armv7l/bpftrace-common-0.24.2-1.armv7l.rpm	1f3b9509a296eac55dc8361e16e7caf66ccae5912624e062ec5d350cefa6f1fc	/usr/bin/env
armv7l	undefined	/home/toolchain/development/libc++_replacement/tmp/BPF_W1_0921/rpm-bpf-armv7l-undefined/RPMS/armv7l/bpftrace-common-0.24.2-1.armv7l.rpm	1f3b9509a296eac55dc8361e16e7caf66ccae5912624e062ec5d350cefa6f1fc	rpmlib(CompressedFileNames) <= 3.0.4-1
armv7l	undefined	/home/toolchain/development/libc++_replacement/tmp/BPF_W1_0921/rpm-bpf-armv7l-undefined/RPMS/armv7l/bpftrace-common-0.24.2-1.armv7l.rpm	1f3b9509a296eac55dc8361e16e7caf66ccae5912624e062ec5d350cefa6f1fc	rpmlib(FileDigests) <= 4.6.0-1
armv7l	undefined	/home/toolchain/development/libc++_replacement/tmp/BPF_W1_0921/rpm-bpf-armv7l-undefined/RPMS/armv7l/bpftrace-common-0.24.2-1.armv7l.rpm	1f3b9509a296eac55dc8361e16e7caf66ccae5912624e062ec5d350cefa6f1fc	rpmlib(PayloadFilesHavePrefix) <= 4.0-1
armv7l	undefined	/home/toolchain/development/libc++_replacement/tmp/BPF_W1_0921/rpm-bpf-armv7l-undefined/RPMS/armv7l/bpftrace-common-0.24.2-1.armv7l.rpm	1f3b9509a296eac55dc8361e16e7caf66ccae5912624e062ec5d350cefa6f1fc	rpmlib(PayloadIsXz) <= 5.2-1
armv7l	undefined	/home/toolchain/development/libc++_replacement/tmp/BPF_W1_0921/rpm-bpf-armv7l-undefined/RPMS/armv7l/bpftrace-static-0.24.2-1.armv7l.rpm	76832a92c379fd420c97acd3d7d3ce149ec0fa5b5cb7d88a94c031ffbc337f4d	/bin/sh
armv7l	undefined	/home/toolchain/development/libc++_replacement/tmp/BPF_W1_0921/rpm-bpf-armv7l-undefined/RPMS/armv7l/bpftrace-static-0.24.2-1.armv7l.rpm	76832a92c379fd420c97acd3d7d3ce149ec0fa5b5cb7d88a94c031ffbc337f4d	/bin/sh
armv7l	undefined	/home/toolchain/development/libc++_replacement/tmp/BPF_W1_0921/rpm-bpf-armv7l-undefined/RPMS/armv7l/bpftrace-static-0.24.2-1.armv7l.rpm	76832a92c379fd420c97acd3d7d3ce149ec0fa5b5cb7d88a94c031ffbc337f4d	ld-linux.so.3
armv7l	undefined	/home/toolchain/development/libc++_replacement/tmp/BPF_W1_0921/rpm-bpf-armv7l-undefined/RPMS/armv7l/bpftrace-static-0.24.2-1.armv7l.rpm	76832a92c379fd420c97acd3d7d3ce149ec0fa5b5cb7d88a94c031ffbc337f4d	ld-linux.so.3(GLIBC_2.4)
armv7l	undefined	/home/toolchain/development/libc++_replacement/tmp/BPF_W1_0921/rpm-bpf-armv7l-undefined/RPMS/armv7l/bpftrace-static-0.24.2-1.armv7l.rpm	76832a92c379fd420c97acd3d7d3ce149ec0fa5b5cb7d88a94c031ffbc337f4d	libc.so.6
armv7l	undefined	/home/toolchain/development/libc++_replacement/tmp/BPF_W1_0921/rpm-bpf-armv7l-undefined/RPMS/armv7l/bpftrace-static-0.24.2-1.armv7l.rpm	76832a92c379fd420c97acd3d7d3ce149ec0fa5b5cb7d88a94c031ffbc337f4d	libc.so.6(GLIBC_2.11)
armv7l	undefined	/home/toolchain/development/libc++_replacement/tmp/BPF_W1_0921/rpm-bpf-armv7l-undefined/RPMS/armv7l/bpftrace-static-0.24.2-1.armv7l.rpm	76832a92c379fd420c97acd3d7d3ce149ec0fa5b5cb7d88a94c031ffbc337f4d	libc.so.6(GLIBC_2.15)
armv7l	undefined	/home/toolchain/development/libc++_replacement/tmp/BPF_W1_0921/rpm-bpf-armv7l-undefined/RPMS/armv7l/bpftrace-static-0.24.2-1.armv7l.rpm	76832a92c379fd420c97acd3d7d3ce149ec0fa5b5cb7d88a94c031ffbc337f4d	libc.so.6(GLIBC_2.16)
armv7l	undefined	/home/toolchain/development/libc++_replacement/tmp/BPF_W1_0921/rpm-bpf-armv7l-undefined/RPMS/armv7l/bpftrace-static-0.24.2-1.armv7l.rpm	76832a92c379fd420c97acd3d7d3ce149ec0fa5b5cb7d88a94c031ffbc337f4d	libc.so.6(GLIBC_2.17)
armv7l	undefined	/home/toolchain/development/libc++_replacement/tmp/BPF_W1_0921/rpm-bpf-armv7l-undefined/RPMS/armv7l/bpftrace-static-0.24.2-1.armv7l.rpm	76832a92c379fd420c97acd3d7d3ce149ec0fa5b5cb7d88a94c031ffbc337f4d	libc.so.6(GLIBC_2.22)
armv7l	undefined	/home/toolchain/development/libc++_replacement/tmp/BPF_W1_0921/rpm-bpf-armv7l-undefined/RPMS/armv7l/bpftrace-static-0.24.2-1.armv7l.rpm	76832a92c379fd420c97acd3d7d3ce149ec0fa5b5cb7d88a94c031ffbc337f4d	libc.so.6(GLIBC_2.25)
armv7l	undefined	/home/toolchain/development/libc++_replacement/tmp/BPF_W1_0921/rpm-bpf-armv7l-undefined/RPMS/armv7l/bpftrace-static-0.24.2-1.armv7l.rpm	76832a92c379fd420c97acd3d7d3ce149ec0fa5b5cb7d88a94c031ffbc337f4d	libc.so.6(GLIBC_2.27)
armv7l	undefined	/home/toolchain/development/libc++_replacement/tmp/BPF_W1_0921/rpm-bpf-armv7l-undefined/RPMS/armv7l/bpftrace-static-0.24.2-1.armv7l.rpm	76832a92c379fd420c97acd3d7d3ce149ec0fa5b5cb7d88a94c031ffbc337f4d	libc.so.6(GLIBC_2.28)
armv7l	undefined	/home/toolchain/development/libc++_replacement/tmp/BPF_W1_0921/rpm-bpf-armv7l-undefined/RPMS/armv7l/bpftrace-static-0.24.2-1.armv7l.rpm	76832a92c379fd420c97acd3d7d3ce149ec0fa5b5cb7d88a94c031ffbc337f4d	libc.so.6(GLIBC_2.32)
armv7l	undefined	/home/toolchain/development/libc++_replacement/tmp/BPF_W1_0921/rpm-bpf-armv7l-undefined/RPMS/armv7l/bpftrace-static-0.24.2-1.armv7l.rpm	76832a92c379fd420c97acd3d7d3ce149ec0fa5b5cb7d88a94c031ffbc337f4d	libc.so.6(GLIBC_2.33)
armv7l	undefined	/home/toolchain/development/libc++_replacement/tmp/BPF_W1_0921/rpm-bpf-armv7l-undefined/RPMS/armv7l/bpftrace-static-0.24.2-1.armv7l.rpm	76832a92c379fd420c97acd3d7d3ce149ec0fa5b5cb7d88a94c031ffbc337f4d	libc.so.6(GLIBC_2.34)
armv7l	undefined	/home/toolchain/development/libc++_replacement/tmp/BPF_W1_0921/rpm-bpf-armv7l-undefined/RPMS/armv7l/bpftrace-static-0.24.2-1.armv7l.rpm	76832a92c379fd420c97acd3d7d3ce149ec0fa5b5cb7d88a94c031ffbc337f4d	libc.so.6(GLIBC_2.36)
armv7l	undefined	/home/toolchain/development/libc++_replacement/tmp/BPF_W1_0921/rpm-bpf-armv7l-undefined/RPMS/armv7l/bpftrace-static-0.24.2-1.armv7l.rpm	76832a92c379fd420c97acd3d7d3ce149ec0fa5b5cb7d88a94c031ffbc337f4d	libc.so.6(GLIBC_2.38)
armv7l	undefined	/home/toolchain/development/libc++_replacement/tmp/BPF_W1_0921/rpm-bpf-armv7l-undefined/RPMS/armv7l/bpftrace-static-0.24.2-1.armv7l.rpm	76832a92c379fd420c97acd3d7d3ce149ec0fa5b5cb7d88a94c031ffbc337f4d	libc.so.6(GLIBC_2.4)
armv7l	undefined	/home/toolchain/development/libc++_replacement/tmp/BPF_W1_0921/rpm-bpf-armv7l-undefined/RPMS/armv7l/bpftrace-static-0.24.2-1.armv7l.rpm	76832a92c379fd420c97acd3d7d3ce149ec0fa5b5cb7d88a94c031ffbc337f4d	libc.so.6(GLIBC_2.6)
armv7l	undefined	/home/toolchain/development/libc++_replacement/tmp/BPF_W1_0921/rpm-bpf-armv7l-undefined/RPMS/armv7l/bpftrace-static-0.24.2-1.armv7l.rpm	76832a92c379fd420c97acd3d7d3ce149ec0fa5b5cb7d88a94c031ffbc337f4d	libc.so.6(GLIBC_2.7)
armv7l	undefined	/home/toolchain/development/libc++_replacement/tmp/BPF_W1_0921/rpm-bpf-armv7l-undefined/RPMS/armv7l/bpftrace-static-0.24.2-1.armv7l.rpm	76832a92c379fd420c97acd3d7d3ce149ec0fa5b5cb7d88a94c031ffbc337f4d	libc.so.6(GLIBC_2.8)
armv7l	undefined	/home/toolchain/development/libc++_replacement/tmp/BPF_W1_0921/rpm-bpf-armv7l-undefined/RPMS/armv7l/bpftrace-static-0.24.2-1.armv7l.rpm	76832a92c379fd420c97acd3d7d3ce149ec0fa5b5cb7d88a94c031ffbc337f4d	libc.so.6(GLIBC_2.9)
armv7l	undefined	/home/toolchain/development/libc++_replacement/tmp/BPF_W1_0921/rpm-bpf-armv7l-undefined/RPMS/armv7l/bpftrace-static-0.24.2-1.armv7l.rpm	76832a92c379fd420c97acd3d7d3ce149ec0fa5b5cb7d88a94c031ffbc337f4d	libm.so.6
armv7l	undefined	/home/toolchain/development/libc++_replacement/tmp/BPF_W1_0921/rpm-bpf-armv7l-undefined/RPMS/armv7l/bpftrace-static-0.24.2-1.armv7l.rpm	76832a92c379fd420c97acd3d7d3ce149ec0fa5b5cb7d88a94c031ffbc337f4d	libm.so.6(GLIBC_2.27)
armv7l	undefined	/home/toolchain/development/libc++_replacement/tmp/BPF_W1_0921/rpm-bpf-armv7l-undefined/RPMS/armv7l/bpftrace-static-0.24.2-1.armv7l.rpm	76832a92c379fd420c97acd3d7d3ce149ec0fa5b5cb7d88a94c031ffbc337f4d	libm.so.6(GLIBC_2.29)
armv7l	undefined	/home/toolchain/development/libc++_replacement/tmp/BPF_W1_0921/rpm-bpf-armv7l-undefined/RPMS/armv7l/bpftrace-static-0.24.2-1.armv7l.rpm	76832a92c379fd420c97acd3d7d3ce149ec0fa5b5cb7d88a94c031ffbc337f4d	libm.so.6(GLIBC_2.4)
armv7l	undefined	/home/toolchain/development/libc++_replacement/tmp/BPF_W1_0921/rpm-bpf-armv7l-undefined/RPMS/armv7l/bpftrace-static-0.24.2-1.armv7l.rpm	76832a92c379fd420c97acd3d7d3ce149ec0fa5b5cb7d88a94c031ffbc337f4d	rpmlib(CompressedFileNames) <= 3.0.4-1
armv7l	undefined	/home/toolchain/development/libc++_replacement/tmp/BPF_W1_0921/rpm-bpf-armv7l-undefined/RPMS/armv7l/bpftrace-static-0.24.2-1.armv7l.rpm	76832a92c379fd420c97acd3d7d3ce149ec0fa5b5cb7d88a94c031ffbc337f4d	rpmlib(FileDigests) <= 4.6.0-1
armv7l	undefined	/home/toolchain/development/libc++_replacement/tmp/BPF_W1_0921/rpm-bpf-armv7l-undefined/RPMS/armv7l/bpftrace-static-0.24.2-1.armv7l.rpm	76832a92c379fd420c97acd3d7d3ce149ec0fa5b5cb7d88a94c031ffbc337f4d	rpmlib(PayloadFilesHavePrefix) <= 4.0-1
armv7l	undefined	/home/toolchain/development/libc++_replacement/tmp/BPF_W1_0921/rpm-bpf-armv7l-undefined/RPMS/armv7l/bpftrace-static-0.24.2-1.armv7l.rpm	76832a92c379fd420c97acd3d7d3ce149ec0fa5b5cb7d88a94c031ffbc337f4d	rpmlib(PayloadIsXz) <= 5.2-1
armv7l	undefined	/home/toolchain/development/libc++_replacement/tmp/BPF_W1_0921/rpm-bpf-armv7l-undefined/RPMS/armv7l/bpftrace-static-0.24.2-1.armv7l.rpm	76832a92c379fd420c97acd3d7d3ce149ec0fa5b5cb7d88a94c031ffbc337f4d	rtld(GNU_HASH)
aarch64	libcxx	/home/toolchain/development/libc++_replacement/tmp/BPF_W1_0921/rpm-bpf-aarch64-libcxx/RPMS/aarch64/bpftrace-0.24.2-1.aarch64.rpm	df465538e7635dfcf359a8ab759e8be7bed8f8ed949981938e2a3aec4f5c4fd0	ld-linux-aarch64.so.1()(64bit)
aarch64	libcxx	/home/toolchain/development/libc++_replacement/tmp/BPF_W1_0921/rpm-bpf-aarch64-libcxx/RPMS/aarch64/bpftrace-0.24.2-1.aarch64.rpm	df465538e7635dfcf359a8ab759e8be7bed8f8ed949981938e2a3aec4f5c4fd0	ld-linux-aarch64.so.1(GLIBC_2.17)(64bit)
aarch64	libcxx	/home/toolchain/development/libc++_replacement/tmp/BPF_W1_0921/rpm-bpf-aarch64-libcxx/RPMS/aarch64/bpftrace-0.24.2-1.aarch64.rpm	df465538e7635dfcf359a8ab759e8be7bed8f8ed949981938e2a3aec4f5c4fd0	libLLVM.so.22.1()(64bit)
aarch64	libcxx	/home/toolchain/development/libc++_replacement/tmp/BPF_W1_0921/rpm-bpf-aarch64-libcxx/RPMS/aarch64/bpftrace-0.24.2-1.aarch64.rpm	df465538e7635dfcf359a8ab759e8be7bed8f8ed949981938e2a3aec4f5c4fd0	libLLVM.so.22.1(LLVM_22.1)(64bit)
aarch64	libcxx	/home/toolchain/development/libc++_replacement/tmp/BPF_W1_0921/rpm-bpf-aarch64-libcxx/RPMS/aarch64/bpftrace-0.24.2-1.aarch64.rpm	df465538e7635dfcf359a8ab759e8be7bed8f8ed949981938e2a3aec4f5c4fd0	libbcc_bpf.so.0()(64bit)
aarch64	libcxx	/home/toolchain/development/libc++_replacement/tmp/BPF_W1_0921/rpm-bpf-aarch64-libcxx/RPMS/aarch64/bpftrace-0.24.2-1.aarch64.rpm	df465538e7635dfcf359a8ab759e8be7bed8f8ed949981938e2a3aec4f5c4fd0	libbpf.so.1()(64bit)
aarch64	libcxx	/home/toolchain/development/libc++_replacement/tmp/BPF_W1_0921/rpm-bpf-aarch64-libcxx/RPMS/aarch64/bpftrace-0.24.2-1.aarch64.rpm	df465538e7635dfcf359a8ab759e8be7bed8f8ed949981938e2a3aec4f5c4fd0	libbpf.so.1(LIBBPF_0.0.1)(64bit)
aarch64	libcxx	/home/toolchain/development/libc++_replacement/tmp/BPF_W1_0921/rpm-bpf-aarch64-libcxx/RPMS/aarch64/bpftrace-0.24.2-1.aarch64.rpm	df465538e7635dfcf359a8ab759e8be7bed8f8ed949981938e2a3aec4f5c4fd0	libbpf.so.1(LIBBPF_0.0.2)(64bit)
aarch64	libcxx	/home/toolchain/development/libc++_replacement/tmp/BPF_W1_0921/rpm-bpf-aarch64-libcxx/RPMS/aarch64/bpftrace-0.24.2-1.aarch64.rpm	df465538e7635dfcf359a8ab759e8be7bed8f8ed949981938e2a3aec4f5c4fd0	libbpf.so.1(LIBBPF_0.0.4)(64bit)
aarch64	libcxx	/home/toolchain/development/libc++_replacement/tmp/BPF_W1_0921/rpm-bpf-aarch64-libcxx/RPMS/aarch64/bpftrace-0.24.2-1.aarch64.rpm	df465538e7635dfcf359a8ab759e8be7bed8f8ed949981938e2a3aec4f5c4fd0	libbpf.so.1(LIBBPF_0.0.5)(64bit)
aarch64	libcxx	/home/toolchain/development/libc++_replacement/tmp/BPF_W1_0921/rpm-bpf-aarch64-libcxx/RPMS/aarch64/bpftrace-0.24.2-1.aarch64.rpm	df465538e7635dfcf359a8ab759e8be7bed8f8ed949981938e2a3aec4f5c4fd0	libbpf.so.1(LIBBPF_0.0.6)(64bit)
aarch64	libcxx	/home/toolchain/development/libc++_replacement/tmp/BPF_W1_0921/rpm-bpf-aarch64-libcxx/RPMS/aarch64/bpftrace-0.24.2-1.aarch64.rpm	df465538e7635dfcf359a8ab759e8be7bed8f8ed949981938e2a3aec4f5c4fd0	libbpf.so.1(LIBBPF_0.0.7)(64bit)
aarch64	libcxx	/home/toolchain/development/libc++_replacement/tmp/BPF_W1_0921/rpm-bpf-aarch64-libcxx/RPMS/aarch64/bpftrace-0.24.2-1.aarch64.rpm	df465538e7635dfcf359a8ab759e8be7bed8f8ed949981938e2a3aec4f5c4fd0	libbpf.so.1(LIBBPF_0.0.8)(64bit)
aarch64	libcxx	/home/toolchain/development/libc++_replacement/tmp/BPF_W1_0921/rpm-bpf-aarch64-libcxx/RPMS/aarch64/bpftrace-0.24.2-1.aarch64.rpm	df465538e7635dfcf359a8ab759e8be7bed8f8ed949981938e2a3aec4f5c4fd0	libbpf.so.1(LIBBPF_0.0.9)(64bit)
aarch64	libcxx	/home/toolchain/development/libc++_replacement/tmp/BPF_W1_0921/rpm-bpf-aarch64-libcxx/RPMS/aarch64/bpftrace-0.24.2-1.aarch64.rpm	df465538e7635dfcf359a8ab759e8be7bed8f8ed949981938e2a3aec4f5c4fd0	libbpf.so.1(LIBBPF_0.1.0)(64bit)
aarch64	libcxx	/home/toolchain/development/libc++_replacement/tmp/BPF_W1_0921/rpm-bpf-aarch64-libcxx/RPMS/aarch64/bpftrace-0.24.2-1.aarch64.rpm	df465538e7635dfcf359a8ab759e8be7bed8f8ed949981938e2a3aec4f5c4fd0	libbpf.so.1(LIBBPF_0.2.0)(64bit)
aarch64	libcxx	/home/toolchain/development/libc++_replacement/tmp/BPF_W1_0921/rpm-bpf-aarch64-libcxx/RPMS/aarch64/bpftrace-0.24.2-1.aarch64.rpm	df465538e7635dfcf359a8ab759e8be7bed8f8ed949981938e2a3aec4f5c4fd0	libbpf.so.1(LIBBPF_0.3.0)(64bit)
aarch64	libcxx	/home/toolchain/development/libc++_replacement/tmp/BPF_W1_0921/rpm-bpf-aarch64-libcxx/RPMS/aarch64/bpftrace-0.24.2-1.aarch64.rpm	df465538e7635dfcf359a8ab759e8be7bed8f8ed949981938e2a3aec4f5c4fd0	libbpf.so.1(LIBBPF_0.4.0)(64bit)
aarch64	libcxx	/home/toolchain/development/libc++_replacement/tmp/BPF_W1_0921/rpm-bpf-aarch64-libcxx/RPMS/aarch64/bpftrace-0.24.2-1.aarch64.rpm	df465538e7635dfcf359a8ab759e8be7bed8f8ed949981938e2a3aec4f5c4fd0	libbpf.so.1(LIBBPF_0.5.0)(64bit)
aarch64	libcxx	/home/toolchain/development/libc++_replacement/tmp/BPF_W1_0921/rpm-bpf-aarch64-libcxx/RPMS/aarch64/bpftrace-0.24.2-1.aarch64.rpm	df465538e7635dfcf359a8ab759e8be7bed8f8ed949981938e2a3aec4f5c4fd0	libbpf.so.1(LIBBPF_0.6.0)(64bit)
aarch64	libcxx	/home/toolchain/development/libc++_replacement/tmp/BPF_W1_0921/rpm-bpf-aarch64-libcxx/RPMS/aarch64/bpftrace-0.24.2-1.aarch64.rpm	df465538e7635dfcf359a8ab759e8be7bed8f8ed949981938e2a3aec4f5c4fd0	libbpf.so.1(LIBBPF_0.7.0)(64bit)
aarch64	libcxx	/home/toolchain/development/libc++_replacement/tmp/BPF_W1_0921/rpm-bpf-aarch64-libcxx/RPMS/aarch64/bpftrace-0.24.2-1.aarch64.rpm	df465538e7635dfcf359a8ab759e8be7bed8f8ed949981938e2a3aec4f5c4fd0	libbpf.so.1(LIBBPF_1.0.0)(64bit)
aarch64	libcxx	/home/toolchain/development/libc++_replacement/tmp/BPF_W1_0921/rpm-bpf-aarch64-libcxx/RPMS/aarch64/bpftrace-0.24.2-1.aarch64.rpm	df465538e7635dfcf359a8ab759e8be7bed8f8ed949981938e2a3aec4f5c4fd0	libbpf.so.1(LIBBPF_1.2.0)(64bit)
aarch64	libcxx	/home/toolchain/development/libc++_replacement/tmp/BPF_W1_0921/rpm-bpf-aarch64-libcxx/RPMS/aarch64/bpftrace-0.24.2-1.aarch64.rpm	df465538e7635dfcf359a8ab759e8be7bed8f8ed949981938e2a3aec4f5c4fd0	libbpf.so.1(LIBBPF_1.5.0)(64bit)
aarch64	libcxx	/home/toolchain/development/libc++_replacement/tmp/BPF_W1_0921/rpm-bpf-aarch64-libcxx/RPMS/aarch64/bpftrace-0.24.2-1.aarch64.rpm	df465538e7635dfcf359a8ab759e8be7bed8f8ed949981938e2a3aec4f5c4fd0	libc++.so.1()(64bit)
aarch64	libcxx	/home/toolchain/development/libc++_replacement/tmp/BPF_W1_0921/rpm-bpf-aarch64-libcxx/RPMS/aarch64/bpftrace-0.24.2-1.aarch64.rpm	df465538e7635dfcf359a8ab759e8be7bed8f8ed949981938e2a3aec4f5c4fd0	libc++.so.1(LLVM_22)(64bit)
aarch64	libcxx	/home/toolchain/development/libc++_replacement/tmp/BPF_W1_0921/rpm-bpf-aarch64-libcxx/RPMS/aarch64/bpftrace-0.24.2-1.aarch64.rpm	df465538e7635dfcf359a8ab759e8be7bed8f8ed949981938e2a3aec4f5c4fd0	libc++abi.so.1()(64bit)
aarch64	libcxx	/home/toolchain/development/libc++_replacement/tmp/BPF_W1_0921/rpm-bpf-aarch64-libcxx/RPMS/aarch64/bpftrace-0.24.2-1.aarch64.rpm	df465538e7635dfcf359a8ab759e8be7bed8f8ed949981938e2a3aec4f5c4fd0	libc++abi.so.1(LLVM_22)(64bit)
aarch64	libcxx	/home/toolchain/development/libc++_replacement/tmp/BPF_W1_0921/rpm-bpf-aarch64-libcxx/RPMS/aarch64/bpftrace-0.24.2-1.aarch64.rpm	df465538e7635dfcf359a8ab759e8be7bed8f8ed949981938e2a3aec4f5c4fd0	libc.so.6()(64bit)
aarch64	libcxx	/home/toolchain/development/libc++_replacement/tmp/BPF_W1_0921/rpm-bpf-aarch64-libcxx/RPMS/aarch64/bpftrace-0.24.2-1.aarch64.rpm	df465538e7635dfcf359a8ab759e8be7bed8f8ed949981938e2a3aec4f5c4fd0	libc.so.6(GLIBC_2.17)(64bit)
aarch64	libcxx	/home/toolchain/development/libc++_replacement/tmp/BPF_W1_0921/rpm-bpf-aarch64-libcxx/RPMS/aarch64/bpftrace-0.24.2-1.aarch64.rpm	df465538e7635dfcf359a8ab759e8be7bed8f8ed949981938e2a3aec4f5c4fd0	libc.so.6(GLIBC_2.27)(64bit)
aarch64	libcxx	/home/toolchain/development/libc++_replacement/tmp/BPF_W1_0921/rpm-bpf-aarch64-libcxx/RPMS/aarch64/bpftrace-0.24.2-1.aarch64.rpm	df465538e7635dfcf359a8ab759e8be7bed8f8ed949981938e2a3aec4f5c4fd0	libc.so.6(GLIBC_2.33)(64bit)
aarch64	libcxx	/home/toolchain/development/libc++_replacement/tmp/BPF_W1_0921/rpm-bpf-aarch64-libcxx/RPMS/aarch64/bpftrace-0.24.2-1.aarch64.rpm	df465538e7635dfcf359a8ab759e8be7bed8f8ed949981938e2a3aec4f5c4fd0	libc.so.6(GLIBC_2.34)(64bit)
aarch64	libcxx	/home/toolchain/development/libc++_replacement/tmp/BPF_W1_0921/rpm-bpf-aarch64-libcxx/RPMS/aarch64/bpftrace-0.24.2-1.aarch64.rpm	df465538e7635dfcf359a8ab759e8be7bed8f8ed949981938e2a3aec4f5c4fd0	libc.so.6(GLIBC_2.38)(64bit)
aarch64	libcxx	/home/toolchain/development/libc++_replacement/tmp/BPF_W1_0921/rpm-bpf-aarch64-libcxx/RPMS/aarch64/bpftrace-0.24.2-1.aarch64.rpm	df465538e7635dfcf359a8ab759e8be7bed8f8ed949981938e2a3aec4f5c4fd0	libclang-cpp.so.22.1()(64bit)
aarch64	libcxx	/home/toolchain/development/libc++_replacement/tmp/BPF_W1_0921/rpm-bpf-aarch64-libcxx/RPMS/aarch64/bpftrace-0.24.2-1.aarch64.rpm	df465538e7635dfcf359a8ab759e8be7bed8f8ed949981938e2a3aec4f5c4fd0	libclang-cpp.so.22.1(LLVM_22.1)(64bit)
aarch64	libcxx	/home/toolchain/development/libc++_replacement/tmp/BPF_W1_0921/rpm-bpf-aarch64-libcxx/RPMS/aarch64/bpftrace-0.24.2-1.aarch64.rpm	df465538e7635dfcf359a8ab759e8be7bed8f8ed949981938e2a3aec4f5c4fd0	libclang.so.22.1()(64bit)
aarch64	libcxx	/home/toolchain/development/libc++_replacement/tmp/BPF_W1_0921/rpm-bpf-aarch64-libcxx/RPMS/aarch64/bpftrace-0.24.2-1.aarch64.rpm	df465538e7635dfcf359a8ab759e8be7bed8f8ed949981938e2a3aec4f5c4fd0	libclang.so.22.1(LLVM_13)(64bit)
aarch64	libcxx	/home/toolchain/development/libc++_replacement/tmp/BPF_W1_0921/rpm-bpf-aarch64-libcxx/RPMS/aarch64/bpftrace-0.24.2-1.aarch64.rpm	df465538e7635dfcf359a8ab759e8be7bed8f8ed949981938e2a3aec4f5c4fd0	libelf.so.1()(64bit)
aarch64	libcxx	/home/toolchain/development/libc++_replacement/tmp/BPF_W1_0921/rpm-bpf-aarch64-libcxx/RPMS/aarch64/bpftrace-0.24.2-1.aarch64.rpm	df465538e7635dfcf359a8ab759e8be7bed8f8ed949981938e2a3aec4f5c4fd0	libelf.so.1(ELFUTILS_1.0)(64bit)
aarch64	libcxx	/home/toolchain/development/libc++_replacement/tmp/BPF_W1_0921/rpm-bpf-aarch64-libcxx/RPMS/aarch64/bpftrace-0.24.2-1.aarch64.rpm	df465538e7635dfcf359a8ab759e8be7bed8f8ed949981938e2a3aec4f5c4fd0	libelf.so.1(ELFUTILS_1.5)(64bit)
aarch64	libcxx	/home/toolchain/development/libc++_replacement/tmp/BPF_W1_0921/rpm-bpf-aarch64-libcxx/RPMS/aarch64/bpftrace-0.24.2-1.aarch64.rpm	df465538e7635dfcf359a8ab759e8be7bed8f8ed949981938e2a3aec4f5c4fd0	libgcc_s.so.1()(64bit)
aarch64	libcxx	/home/toolchain/development/libc++_replacement/tmp/BPF_W1_0921/rpm-bpf-aarch64-libcxx/RPMS/aarch64/bpftrace-0.24.2-1.aarch64.rpm	df465538e7635dfcf359a8ab759e8be7bed8f8ed949981938e2a3aec4f5c4fd0	libgcc_s.so.1(GCC_3.0)(64bit)
aarch64	libcxx	/home/toolchain/development/libc++_replacement/tmp/BPF_W1_0921/rpm-bpf-aarch64-libcxx/RPMS/aarch64/bpftrace-0.24.2-1.aarch64.rpm	df465538e7635dfcf359a8ab759e8be7bed8f8ed949981938e2a3aec4f5c4fd0	libgcc_s.so.1(GCC_4.2.0)(64bit)
aarch64	libcxx	/home/toolchain/development/libc++_replacement/tmp/BPF_W1_0921/rpm-bpf-aarch64-libcxx/RPMS/aarch64/bpftrace-0.24.2-1.aarch64.rpm	df465538e7635dfcf359a8ab759e8be7bed8f8ed949981938e2a3aec4f5c4fd0	libgcc_s.so.1(GCC_4.5.0)(64bit)
aarch64	libcxx	/home/toolchain/development/libc++_replacement/tmp/BPF_W1_0921/rpm-bpf-aarch64-libcxx/RPMS/aarch64/bpftrace-0.24.2-1.aarch64.rpm	df465538e7635dfcf359a8ab759e8be7bed8f8ed949981938e2a3aec4f5c4fd0	libm.so.6()(64bit)
aarch64	libcxx	/home/toolchain/development/libc++_replacement/tmp/BPF_W1_0921/rpm-bpf-aarch64-libcxx/RPMS/aarch64/bpftrace-0.24.2-1.aarch64.rpm	df465538e7635dfcf359a8ab759e8be7bed8f8ed949981938e2a3aec4f5c4fd0	libm.so.6(GLIBC_2.17)(64bit)
aarch64	libcxx	/home/toolchain/development/libc++_replacement/tmp/BPF_W1_0921/rpm-bpf-aarch64-libcxx/RPMS/aarch64/bpftrace-0.24.2-1.aarch64.rpm	df465538e7635dfcf359a8ab759e8be7bed8f8ed949981938e2a3aec4f5c4fd0	libz.so.1()(64bit)
aarch64	libcxx	/home/toolchain/development/libc++_replacement/tmp/BPF_W1_0921/rpm-bpf-aarch64-libcxx/RPMS/aarch64/bpftrace-0.24.2-1.aarch64.rpm	df465538e7635dfcf359a8ab759e8be7bed8f8ed949981938e2a3aec4f5c4fd0	rpmlib(CompressedFileNames) <= 3.0.4-1
aarch64	libcxx	/home/toolchain/development/libc++_replacement/tmp/BPF_W1_0921/rpm-bpf-aarch64-libcxx/RPMS/aarch64/bpftrace-0.24.2-1.aarch64.rpm	df465538e7635dfcf359a8ab759e8be7bed8f8ed949981938e2a3aec4f5c4fd0	rpmlib(FileDigests) <= 4.6.0-1
aarch64	libcxx	/home/toolchain/development/libc++_replacement/tmp/BPF_W1_0921/rpm-bpf-aarch64-libcxx/RPMS/aarch64/bpftrace-0.24.2-1.aarch64.rpm	df465538e7635dfcf359a8ab759e8be7bed8f8ed949981938e2a3aec4f5c4fd0	rpmlib(PayloadFilesHavePrefix) <= 4.0-1
aarch64	libcxx	/home/toolchain/development/libc++_replacement/tmp/BPF_W1_0921/rpm-bpf-aarch64-libcxx/RPMS/aarch64/bpftrace-0.24.2-1.aarch64.rpm	df465538e7635dfcf359a8ab759e8be7bed8f8ed949981938e2a3aec4f5c4fd0	rpmlib(PayloadIsXz) <= 5.2-1
aarch64	libcxx	/home/toolchain/development/libc++_replacement/tmp/BPF_W1_0921/rpm-bpf-aarch64-libcxx/RPMS/aarch64/bpftrace-0.24.2-1.aarch64.rpm	df465538e7635dfcf359a8ab759e8be7bed8f8ed949981938e2a3aec4f5c4fd0	rtld(GNU_HASH)
aarch64	libcxx	/home/toolchain/development/libc++_replacement/tmp/BPF_W1_0921/rpm-bpf-aarch64-libcxx/RPMS/aarch64/bpftrace-common-0.24.2-1.aarch64.rpm	eb21715f8289cdd20c6598cd6ff364cb26af97aaa81e6dc41810e8a7c3e81826	/usr/bin/env
aarch64	libcxx	/home/toolchain/development/libc++_replacement/tmp/BPF_W1_0921/rpm-bpf-aarch64-libcxx/RPMS/aarch64/bpftrace-common-0.24.2-1.aarch64.rpm	eb21715f8289cdd20c6598cd6ff364cb26af97aaa81e6dc41810e8a7c3e81826	rpmlib(CompressedFileNames) <= 3.0.4-1
aarch64	libcxx	/home/toolchain/development/libc++_replacement/tmp/BPF_W1_0921/rpm-bpf-aarch64-libcxx/RPMS/aarch64/bpftrace-common-0.24.2-1.aarch64.rpm	eb21715f8289cdd20c6598cd6ff364cb26af97aaa81e6dc41810e8a7c3e81826	rpmlib(FileDigests) <= 4.6.0-1
aarch64	libcxx	/home/toolchain/development/libc++_replacement/tmp/BPF_W1_0921/rpm-bpf-aarch64-libcxx/RPMS/aarch64/bpftrace-common-0.24.2-1.aarch64.rpm	eb21715f8289cdd20c6598cd6ff364cb26af97aaa81e6dc41810e8a7c3e81826	rpmlib(PayloadFilesHavePrefix) <= 4.0-1
aarch64	libcxx	/home/toolchain/development/libc++_replacement/tmp/BPF_W1_0921/rpm-bpf-aarch64-libcxx/RPMS/aarch64/bpftrace-common-0.24.2-1.aarch64.rpm	eb21715f8289cdd20c6598cd6ff364cb26af97aaa81e6dc41810e8a7c3e81826	rpmlib(PayloadIsXz) <= 5.2-1
aarch64	libcxx	/home/toolchain/development/libc++_replacement/tmp/BPF_W1_0921/rpm-bpf-aarch64-libcxx/RPMS/aarch64/bpftrace-static-0.24.2-1.aarch64.rpm	7f29a29a21c7f00fb7cb731500c0a7760ef163e80f784b7063f54fe4aeb84901	/bin/sh
aarch64	libcxx	/home/toolchain/development/libc++_replacement/tmp/BPF_W1_0921/rpm-bpf-aarch64-libcxx/RPMS/aarch64/bpftrace-static-0.24.2-1.aarch64.rpm	7f29a29a21c7f00fb7cb731500c0a7760ef163e80f784b7063f54fe4aeb84901	/bin/sh
aarch64	libcxx	/home/toolchain/development/libc++_replacement/tmp/BPF_W1_0921/rpm-bpf-aarch64-libcxx/RPMS/aarch64/bpftrace-static-0.24.2-1.aarch64.rpm	7f29a29a21c7f00fb7cb731500c0a7760ef163e80f784b7063f54fe4aeb84901	ld-linux-aarch64.so.1()(64bit)
aarch64	libcxx	/home/toolchain/development/libc++_replacement/tmp/BPF_W1_0921/rpm-bpf-aarch64-libcxx/RPMS/aarch64/bpftrace-static-0.24.2-1.aarch64.rpm	7f29a29a21c7f00fb7cb731500c0a7760ef163e80f784b7063f54fe4aeb84901	ld-linux-aarch64.so.1(GLIBC_2.17)(64bit)
aarch64	libcxx	/home/toolchain/development/libc++_replacement/tmp/BPF_W1_0921/rpm-bpf-aarch64-libcxx/RPMS/aarch64/bpftrace-static-0.24.2-1.aarch64.rpm	7f29a29a21c7f00fb7cb731500c0a7760ef163e80f784b7063f54fe4aeb84901	libbpf.so.1()(64bit)
aarch64	libcxx	/home/toolchain/development/libc++_replacement/tmp/BPF_W1_0921/rpm-bpf-aarch64-libcxx/RPMS/aarch64/bpftrace-static-0.24.2-1.aarch64.rpm	7f29a29a21c7f00fb7cb731500c0a7760ef163e80f784b7063f54fe4aeb84901	libbpf.so.1(LIBBPF_0.4.0)(64bit)
aarch64	libcxx	/home/toolchain/development/libc++_replacement/tmp/BPF_W1_0921/rpm-bpf-aarch64-libcxx/RPMS/aarch64/bpftrace-static-0.24.2-1.aarch64.rpm	7f29a29a21c7f00fb7cb731500c0a7760ef163e80f784b7063f54fe4aeb84901	libc.so.6()(64bit)
aarch64	libcxx	/home/toolchain/development/libc++_replacement/tmp/BPF_W1_0921/rpm-bpf-aarch64-libcxx/RPMS/aarch64/bpftrace-static-0.24.2-1.aarch64.rpm	7f29a29a21c7f00fb7cb731500c0a7760ef163e80f784b7063f54fe4aeb84901	libc.so.6(GLIBC_2.17)(64bit)
aarch64	libcxx	/home/toolchain/development/libc++_replacement/tmp/BPF_W1_0921/rpm-bpf-aarch64-libcxx/RPMS/aarch64/bpftrace-static-0.24.2-1.aarch64.rpm	7f29a29a21c7f00fb7cb731500c0a7760ef163e80f784b7063f54fe4aeb84901	libc.so.6(GLIBC_2.18)(64bit)
aarch64	libcxx	/home/toolchain/development/libc++_replacement/tmp/BPF_W1_0921/rpm-bpf-aarch64-libcxx/RPMS/aarch64/bpftrace-static-0.24.2-1.aarch64.rpm	7f29a29a21c7f00fb7cb731500c0a7760ef163e80f784b7063f54fe4aeb84901	libc.so.6(GLIBC_2.22)(64bit)
aarch64	libcxx	/home/toolchain/development/libc++_replacement/tmp/BPF_W1_0921/rpm-bpf-aarch64-libcxx/RPMS/aarch64/bpftrace-static-0.24.2-1.aarch64.rpm	7f29a29a21c7f00fb7cb731500c0a7760ef163e80f784b7063f54fe4aeb84901	libc.so.6(GLIBC_2.27)(64bit)
aarch64	libcxx	/home/toolchain/development/libc++_replacement/tmp/BPF_W1_0921/rpm-bpf-aarch64-libcxx/RPMS/aarch64/bpftrace-static-0.24.2-1.aarch64.rpm	7f29a29a21c7f00fb7cb731500c0a7760ef163e80f784b7063f54fe4aeb84901	libc.so.6(GLIBC_2.28)(64bit)
aarch64	libcxx	/home/toolchain/development/libc++_replacement/tmp/BPF_W1_0921/rpm-bpf-aarch64-libcxx/RPMS/aarch64/bpftrace-static-0.24.2-1.aarch64.rpm	7f29a29a21c7f00fb7cb731500c0a7760ef163e80f784b7063f54fe4aeb84901	libc.so.6(GLIBC_2.32)(64bit)
aarch64	libcxx	/home/toolchain/development/libc++_replacement/tmp/BPF_W1_0921/rpm-bpf-aarch64-libcxx/RPMS/aarch64/bpftrace-static-0.24.2-1.aarch64.rpm	7f29a29a21c7f00fb7cb731500c0a7760ef163e80f784b7063f54fe4aeb84901	libc.so.6(GLIBC_2.33)(64bit)
aarch64	libcxx	/home/toolchain/development/libc++_replacement/tmp/BPF_W1_0921/rpm-bpf-aarch64-libcxx/RPMS/aarch64/bpftrace-static-0.24.2-1.aarch64.rpm	7f29a29a21c7f00fb7cb731500c0a7760ef163e80f784b7063f54fe4aeb84901	libc.so.6(GLIBC_2.34)(64bit)
aarch64	libcxx	/home/toolchain/development/libc++_replacement/tmp/BPF_W1_0921/rpm-bpf-aarch64-libcxx/RPMS/aarch64/bpftrace-static-0.24.2-1.aarch64.rpm	7f29a29a21c7f00fb7cb731500c0a7760ef163e80f784b7063f54fe4aeb84901	libc.so.6(GLIBC_2.36)(64bit)
aarch64	libcxx	/home/toolchain/development/libc++_replacement/tmp/BPF_W1_0921/rpm-bpf-aarch64-libcxx/RPMS/aarch64/bpftrace-static-0.24.2-1.aarch64.rpm	7f29a29a21c7f00fb7cb731500c0a7760ef163e80f784b7063f54fe4aeb84901	libc.so.6(GLIBC_2.38)(64bit)
aarch64	libcxx	/home/toolchain/development/libc++_replacement/tmp/BPF_W1_0921/rpm-bpf-aarch64-libcxx/RPMS/aarch64/bpftrace-static-0.24.2-1.aarch64.rpm	7f29a29a21c7f00fb7cb731500c0a7760ef163e80f784b7063f54fe4aeb84901	libgcc_s.so.1()(64bit)
aarch64	libcxx	/home/toolchain/development/libc++_replacement/tmp/BPF_W1_0921/rpm-bpf-aarch64-libcxx/RPMS/aarch64/bpftrace-static-0.24.2-1.aarch64.rpm	7f29a29a21c7f00fb7cb731500c0a7760ef163e80f784b7063f54fe4aeb84901	libgcc_s.so.1(GCC_3.0)(64bit)
aarch64	libcxx	/home/toolchain/development/libc++_replacement/tmp/BPF_W1_0921/rpm-bpf-aarch64-libcxx/RPMS/aarch64/bpftrace-static-0.24.2-1.aarch64.rpm	7f29a29a21c7f00fb7cb731500c0a7760ef163e80f784b7063f54fe4aeb84901	libgcc_s.so.1(GCC_3.3)(64bit)
aarch64	libcxx	/home/toolchain/development/libc++_replacement/tmp/BPF_W1_0921/rpm-bpf-aarch64-libcxx/RPMS/aarch64/bpftrace-static-0.24.2-1.aarch64.rpm	7f29a29a21c7f00fb7cb731500c0a7760ef163e80f784b7063f54fe4aeb84901	libgcc_s.so.1(GCC_4.2.0)(64bit)
aarch64	libcxx	/home/toolchain/development/libc++_replacement/tmp/BPF_W1_0921/rpm-bpf-aarch64-libcxx/RPMS/aarch64/bpftrace-static-0.24.2-1.aarch64.rpm	7f29a29a21c7f00fb7cb731500c0a7760ef163e80f784b7063f54fe4aeb84901	libgcc_s.so.1(GCC_4.5.0)(64bit)
aarch64	libcxx	/home/toolchain/development/libc++_replacement/tmp/BPF_W1_0921/rpm-bpf-aarch64-libcxx/RPMS/aarch64/bpftrace-static-0.24.2-1.aarch64.rpm	7f29a29a21c7f00fb7cb731500c0a7760ef163e80f784b7063f54fe4aeb84901	libgcc_s.so.1(GLIBC_2.0)(64bit)
aarch64	libcxx	/home/toolchain/development/libc++_replacement/tmp/BPF_W1_0921/rpm-bpf-aarch64-libcxx/RPMS/aarch64/bpftrace-static-0.24.2-1.aarch64.rpm	7f29a29a21c7f00fb7cb731500c0a7760ef163e80f784b7063f54fe4aeb84901	libm.so.6()(64bit)
aarch64	libcxx	/home/toolchain/development/libc++_replacement/tmp/BPF_W1_0921/rpm-bpf-aarch64-libcxx/RPMS/aarch64/bpftrace-static-0.24.2-1.aarch64.rpm	7f29a29a21c7f00fb7cb731500c0a7760ef163e80f784b7063f54fe4aeb84901	libm.so.6(GLIBC_2.17)(64bit)
aarch64	libcxx	/home/toolchain/development/libc++_replacement/tmp/BPF_W1_0921/rpm-bpf-aarch64-libcxx/RPMS/aarch64/bpftrace-static-0.24.2-1.aarch64.rpm	7f29a29a21c7f00fb7cb731500c0a7760ef163e80f784b7063f54fe4aeb84901	libm.so.6(GLIBC_2.27)(64bit)
aarch64	libcxx	/home/toolchain/development/libc++_replacement/tmp/BPF_W1_0921/rpm-bpf-aarch64-libcxx/RPMS/aarch64/bpftrace-static-0.24.2-1.aarch64.rpm	7f29a29a21c7f00fb7cb731500c0a7760ef163e80f784b7063f54fe4aeb84901	libm.so.6(GLIBC_2.29)(64bit)
aarch64	libcxx	/home/toolchain/development/libc++_replacement/tmp/BPF_W1_0921/rpm-bpf-aarch64-libcxx/RPMS/aarch64/bpftrace-static-0.24.2-1.aarch64.rpm	7f29a29a21c7f00fb7cb731500c0a7760ef163e80f784b7063f54fe4aeb84901	libm.so.6(GLIBC_2.38)(64bit)
aarch64	libcxx	/home/toolchain/development/libc++_replacement/tmp/BPF_W1_0921/rpm-bpf-aarch64-libcxx/RPMS/aarch64/bpftrace-static-0.24.2-1.aarch64.rpm	7f29a29a21c7f00fb7cb731500c0a7760ef163e80f784b7063f54fe4aeb84901	rpmlib(CompressedFileNames) <= 3.0.4-1
aarch64	libcxx	/home/toolchain/development/libc++_replacement/tmp/BPF_W1_0921/rpm-bpf-aarch64-libcxx/RPMS/aarch64/bpftrace-static-0.24.2-1.aarch64.rpm	7f29a29a21c7f00fb7cb731500c0a7760ef163e80f784b7063f54fe4aeb84901	rpmlib(FileDigests) <= 4.6.0-1
aarch64	libcxx	/home/toolchain/development/libc++_replacement/tmp/BPF_W1_0921/rpm-bpf-aarch64-libcxx/RPMS/aarch64/bpftrace-static-0.24.2-1.aarch64.rpm	7f29a29a21c7f00fb7cb731500c0a7760ef163e80f784b7063f54fe4aeb84901	rpmlib(PayloadFilesHavePrefix) <= 4.0-1
aarch64	libcxx	/home/toolchain/development/libc++_replacement/tmp/BPF_W1_0921/rpm-bpf-aarch64-libcxx/RPMS/aarch64/bpftrace-static-0.24.2-1.aarch64.rpm	7f29a29a21c7f00fb7cb731500c0a7760ef163e80f784b7063f54fe4aeb84901	rpmlib(PayloadIsXz) <= 5.2-1
aarch64	libcxx	/home/toolchain/development/libc++_replacement/tmp/BPF_W1_0921/rpm-bpf-aarch64-libcxx/RPMS/aarch64/bpftrace-static-0.24.2-1.aarch64.rpm	7f29a29a21c7f00fb7cb731500c0a7760ef163e80f784b7063f54fe4aeb84901	rtld(GNU_HASH)
aarch64	gcc	/home/toolchain/development/libc++_replacement/tmp/BPF_W1_0921/rpm-bpf-aarch64-gcc/RPMS/aarch64/bpftrace-0.24.2-1.aarch64.rpm	62797eede75e9176fe22820e55a640585c4211268d0b61ab6c46af44e1a6508b	ld-linux-aarch64.so.1()(64bit)
aarch64	gcc	/home/toolchain/development/libc++_replacement/tmp/BPF_W1_0921/rpm-bpf-aarch64-gcc/RPMS/aarch64/bpftrace-0.24.2-1.aarch64.rpm	62797eede75e9176fe22820e55a640585c4211268d0b61ab6c46af44e1a6508b	ld-linux-aarch64.so.1(GLIBC_2.17)(64bit)
aarch64	gcc	/home/toolchain/development/libc++_replacement/tmp/BPF_W1_0921/rpm-bpf-aarch64-gcc/RPMS/aarch64/bpftrace-0.24.2-1.aarch64.rpm	62797eede75e9176fe22820e55a640585c4211268d0b61ab6c46af44e1a6508b	libLLVM.so.22.1()(64bit)
aarch64	gcc	/home/toolchain/development/libc++_replacement/tmp/BPF_W1_0921/rpm-bpf-aarch64-gcc/RPMS/aarch64/bpftrace-0.24.2-1.aarch64.rpm	62797eede75e9176fe22820e55a640585c4211268d0b61ab6c46af44e1a6508b	libLLVM.so.22.1(LLVM_22.1)(64bit)
aarch64	gcc	/home/toolchain/development/libc++_replacement/tmp/BPF_W1_0921/rpm-bpf-aarch64-gcc/RPMS/aarch64/bpftrace-0.24.2-1.aarch64.rpm	62797eede75e9176fe22820e55a640585c4211268d0b61ab6c46af44e1a6508b	libbcc_bpf.so.0()(64bit)
aarch64	gcc	/home/toolchain/development/libc++_replacement/tmp/BPF_W1_0921/rpm-bpf-aarch64-gcc/RPMS/aarch64/bpftrace-0.24.2-1.aarch64.rpm	62797eede75e9176fe22820e55a640585c4211268d0b61ab6c46af44e1a6508b	libbpf.so.1()(64bit)
aarch64	gcc	/home/toolchain/development/libc++_replacement/tmp/BPF_W1_0921/rpm-bpf-aarch64-gcc/RPMS/aarch64/bpftrace-0.24.2-1.aarch64.rpm	62797eede75e9176fe22820e55a640585c4211268d0b61ab6c46af44e1a6508b	libbpf.so.1(LIBBPF_0.0.1)(64bit)
aarch64	gcc	/home/toolchain/development/libc++_replacement/tmp/BPF_W1_0921/rpm-bpf-aarch64-gcc/RPMS/aarch64/bpftrace-0.24.2-1.aarch64.rpm	62797eede75e9176fe22820e55a640585c4211268d0b61ab6c46af44e1a6508b	libbpf.so.1(LIBBPF_0.0.2)(64bit)
aarch64	gcc	/home/toolchain/development/libc++_replacement/tmp/BPF_W1_0921/rpm-bpf-aarch64-gcc/RPMS/aarch64/bpftrace-0.24.2-1.aarch64.rpm	62797eede75e9176fe22820e55a640585c4211268d0b61ab6c46af44e1a6508b	libbpf.so.1(LIBBPF_0.0.4)(64bit)
aarch64	gcc	/home/toolchain/development/libc++_replacement/tmp/BPF_W1_0921/rpm-bpf-aarch64-gcc/RPMS/aarch64/bpftrace-0.24.2-1.aarch64.rpm	62797eede75e9176fe22820e55a640585c4211268d0b61ab6c46af44e1a6508b	libbpf.so.1(LIBBPF_0.0.5)(64bit)
aarch64	gcc	/home/toolchain/development/libc++_replacement/tmp/BPF_W1_0921/rpm-bpf-aarch64-gcc/RPMS/aarch64/bpftrace-0.24.2-1.aarch64.rpm	62797eede75e9176fe22820e55a640585c4211268d0b61ab6c46af44e1a6508b	libbpf.so.1(LIBBPF_0.0.6)(64bit)
aarch64	gcc	/home/toolchain/development/libc++_replacement/tmp/BPF_W1_0921/rpm-bpf-aarch64-gcc/RPMS/aarch64/bpftrace-0.24.2-1.aarch64.rpm	62797eede75e9176fe22820e55a640585c4211268d0b61ab6c46af44e1a6508b	libbpf.so.1(LIBBPF_0.0.7)(64bit)
aarch64	gcc	/home/toolchain/development/libc++_replacement/tmp/BPF_W1_0921/rpm-bpf-aarch64-gcc/RPMS/aarch64/bpftrace-0.24.2-1.aarch64.rpm	62797eede75e9176fe22820e55a640585c4211268d0b61ab6c46af44e1a6508b	libbpf.so.1(LIBBPF_0.0.8)(64bit)
aarch64	gcc	/home/toolchain/development/libc++_replacement/tmp/BPF_W1_0921/rpm-bpf-aarch64-gcc/RPMS/aarch64/bpftrace-0.24.2-1.aarch64.rpm	62797eede75e9176fe22820e55a640585c4211268d0b61ab6c46af44e1a6508b	libbpf.so.1(LIBBPF_0.0.9)(64bit)
aarch64	gcc	/home/toolchain/development/libc++_replacement/tmp/BPF_W1_0921/rpm-bpf-aarch64-gcc/RPMS/aarch64/bpftrace-0.24.2-1.aarch64.rpm	62797eede75e9176fe22820e55a640585c4211268d0b61ab6c46af44e1a6508b	libbpf.so.1(LIBBPF_0.1.0)(64bit)
aarch64	gcc	/home/toolchain/development/libc++_replacement/tmp/BPF_W1_0921/rpm-bpf-aarch64-gcc/RPMS/aarch64/bpftrace-0.24.2-1.aarch64.rpm	62797eede75e9176fe22820e55a640585c4211268d0b61ab6c46af44e1a6508b	libbpf.so.1(LIBBPF_0.2.0)(64bit)
aarch64	gcc	/home/toolchain/development/libc++_replacement/tmp/BPF_W1_0921/rpm-bpf-aarch64-gcc/RPMS/aarch64/bpftrace-0.24.2-1.aarch64.rpm	62797eede75e9176fe22820e55a640585c4211268d0b61ab6c46af44e1a6508b	libbpf.so.1(LIBBPF_0.3.0)(64bit)
aarch64	gcc	/home/toolchain/development/libc++_replacement/tmp/BPF_W1_0921/rpm-bpf-aarch64-gcc/RPMS/aarch64/bpftrace-0.24.2-1.aarch64.rpm	62797eede75e9176fe22820e55a640585c4211268d0b61ab6c46af44e1a6508b	libbpf.so.1(LIBBPF_0.4.0)(64bit)
aarch64	gcc	/home/toolchain/development/libc++_replacement/tmp/BPF_W1_0921/rpm-bpf-aarch64-gcc/RPMS/aarch64/bpftrace-0.24.2-1.aarch64.rpm	62797eede75e9176fe22820e55a640585c4211268d0b61ab6c46af44e1a6508b	libbpf.so.1(LIBBPF_0.5.0)(64bit)
aarch64	gcc	/home/toolchain/development/libc++_replacement/tmp/BPF_W1_0921/rpm-bpf-aarch64-gcc/RPMS/aarch64/bpftrace-0.24.2-1.aarch64.rpm	62797eede75e9176fe22820e55a640585c4211268d0b61ab6c46af44e1a6508b	libbpf.so.1(LIBBPF_0.6.0)(64bit)
aarch64	gcc	/home/toolchain/development/libc++_replacement/tmp/BPF_W1_0921/rpm-bpf-aarch64-gcc/RPMS/aarch64/bpftrace-0.24.2-1.aarch64.rpm	62797eede75e9176fe22820e55a640585c4211268d0b61ab6c46af44e1a6508b	libbpf.so.1(LIBBPF_0.7.0)(64bit)
aarch64	gcc	/home/toolchain/development/libc++_replacement/tmp/BPF_W1_0921/rpm-bpf-aarch64-gcc/RPMS/aarch64/bpftrace-0.24.2-1.aarch64.rpm	62797eede75e9176fe22820e55a640585c4211268d0b61ab6c46af44e1a6508b	libbpf.so.1(LIBBPF_1.0.0)(64bit)
aarch64	gcc	/home/toolchain/development/libc++_replacement/tmp/BPF_W1_0921/rpm-bpf-aarch64-gcc/RPMS/aarch64/bpftrace-0.24.2-1.aarch64.rpm	62797eede75e9176fe22820e55a640585c4211268d0b61ab6c46af44e1a6508b	libbpf.so.1(LIBBPF_1.2.0)(64bit)
aarch64	gcc	/home/toolchain/development/libc++_replacement/tmp/BPF_W1_0921/rpm-bpf-aarch64-gcc/RPMS/aarch64/bpftrace-0.24.2-1.aarch64.rpm	62797eede75e9176fe22820e55a640585c4211268d0b61ab6c46af44e1a6508b	libbpf.so.1(LIBBPF_1.5.0)(64bit)
aarch64	gcc	/home/toolchain/development/libc++_replacement/tmp/BPF_W1_0921/rpm-bpf-aarch64-gcc/RPMS/aarch64/bpftrace-0.24.2-1.aarch64.rpm	62797eede75e9176fe22820e55a640585c4211268d0b61ab6c46af44e1a6508b	libc.so.6()(64bit)
aarch64	gcc	/home/toolchain/development/libc++_replacement/tmp/BPF_W1_0921/rpm-bpf-aarch64-gcc/RPMS/aarch64/bpftrace-0.24.2-1.aarch64.rpm	62797eede75e9176fe22820e55a640585c4211268d0b61ab6c46af44e1a6508b	libc.so.6(GLIBC_2.17)(64bit)
aarch64	gcc	/home/toolchain/development/libc++_replacement/tmp/BPF_W1_0921/rpm-bpf-aarch64-gcc/RPMS/aarch64/bpftrace-0.24.2-1.aarch64.rpm	62797eede75e9176fe22820e55a640585c4211268d0b61ab6c46af44e1a6508b	libc.so.6(GLIBC_2.27)(64bit)
aarch64	gcc	/home/toolchain/development/libc++_replacement/tmp/BPF_W1_0921/rpm-bpf-aarch64-gcc/RPMS/aarch64/bpftrace-0.24.2-1.aarch64.rpm	62797eede75e9176fe22820e55a640585c4211268d0b61ab6c46af44e1a6508b	libc.so.6(GLIBC_2.32)(64bit)
aarch64	gcc	/home/toolchain/development/libc++_replacement/tmp/BPF_W1_0921/rpm-bpf-aarch64-gcc/RPMS/aarch64/bpftrace-0.24.2-1.aarch64.rpm	62797eede75e9176fe22820e55a640585c4211268d0b61ab6c46af44e1a6508b	libc.so.6(GLIBC_2.33)(64bit)
aarch64	gcc	/home/toolchain/development/libc++_replacement/tmp/BPF_W1_0921/rpm-bpf-aarch64-gcc/RPMS/aarch64/bpftrace-0.24.2-1.aarch64.rpm	62797eede75e9176fe22820e55a640585c4211268d0b61ab6c46af44e1a6508b	libc.so.6(GLIBC_2.34)(64bit)
aarch64	gcc	/home/toolchain/development/libc++_replacement/tmp/BPF_W1_0921/rpm-bpf-aarch64-gcc/RPMS/aarch64/bpftrace-0.24.2-1.aarch64.rpm	62797eede75e9176fe22820e55a640585c4211268d0b61ab6c46af44e1a6508b	libc.so.6(GLIBC_2.38)(64bit)
aarch64	gcc	/home/toolchain/development/libc++_replacement/tmp/BPF_W1_0921/rpm-bpf-aarch64-gcc/RPMS/aarch64/bpftrace-0.24.2-1.aarch64.rpm	62797eede75e9176fe22820e55a640585c4211268d0b61ab6c46af44e1a6508b	libclang-cpp.so.22.1()(64bit)
aarch64	gcc	/home/toolchain/development/libc++_replacement/tmp/BPF_W1_0921/rpm-bpf-aarch64-gcc/RPMS/aarch64/bpftrace-0.24.2-1.aarch64.rpm	62797eede75e9176fe22820e55a640585c4211268d0b61ab6c46af44e1a6508b	libclang-cpp.so.22.1(LLVM_22.1)(64bit)
aarch64	gcc	/home/toolchain/development/libc++_replacement/tmp/BPF_W1_0921/rpm-bpf-aarch64-gcc/RPMS/aarch64/bpftrace-0.24.2-1.aarch64.rpm	62797eede75e9176fe22820e55a640585c4211268d0b61ab6c46af44e1a6508b	libclang.so.22.1()(64bit)
aarch64	gcc	/home/toolchain/development/libc++_replacement/tmp/BPF_W1_0921/rpm-bpf-aarch64-gcc/RPMS/aarch64/bpftrace-0.24.2-1.aarch64.rpm	62797eede75e9176fe22820e55a640585c4211268d0b61ab6c46af44e1a6508b	libclang.so.22.1(LLVM_13)(64bit)
aarch64	gcc	/home/toolchain/development/libc++_replacement/tmp/BPF_W1_0921/rpm-bpf-aarch64-gcc/RPMS/aarch64/bpftrace-0.24.2-1.aarch64.rpm	62797eede75e9176fe22820e55a640585c4211268d0b61ab6c46af44e1a6508b	libelf.so.1()(64bit)
aarch64	gcc	/home/toolchain/development/libc++_replacement/tmp/BPF_W1_0921/rpm-bpf-aarch64-gcc/RPMS/aarch64/bpftrace-0.24.2-1.aarch64.rpm	62797eede75e9176fe22820e55a640585c4211268d0b61ab6c46af44e1a6508b	libelf.so.1(ELFUTILS_1.0)(64bit)
aarch64	gcc	/home/toolchain/development/libc++_replacement/tmp/BPF_W1_0921/rpm-bpf-aarch64-gcc/RPMS/aarch64/bpftrace-0.24.2-1.aarch64.rpm	62797eede75e9176fe22820e55a640585c4211268d0b61ab6c46af44e1a6508b	libelf.so.1(ELFUTILS_1.5)(64bit)
aarch64	gcc	/home/toolchain/development/libc++_replacement/tmp/BPF_W1_0921/rpm-bpf-aarch64-gcc/RPMS/aarch64/bpftrace-0.24.2-1.aarch64.rpm	62797eede75e9176fe22820e55a640585c4211268d0b61ab6c46af44e1a6508b	libgcc_s.so.1()(64bit)
aarch64	gcc	/home/toolchain/development/libc++_replacement/tmp/BPF_W1_0921/rpm-bpf-aarch64-gcc/RPMS/aarch64/bpftrace-0.24.2-1.aarch64.rpm	62797eede75e9176fe22820e55a640585c4211268d0b61ab6c46af44e1a6508b	libgcc_s.so.1(GCC_3.0)(64bit)
aarch64	gcc	/home/toolchain/development/libc++_replacement/tmp/BPF_W1_0921/rpm-bpf-aarch64-gcc/RPMS/aarch64/bpftrace-0.24.2-1.aarch64.rpm	62797eede75e9176fe22820e55a640585c4211268d0b61ab6c46af44e1a6508b	libgcc_s.so.1(GCC_4.2.0)(64bit)
aarch64	gcc	/home/toolchain/development/libc++_replacement/tmp/BPF_W1_0921/rpm-bpf-aarch64-gcc/RPMS/aarch64/bpftrace-0.24.2-1.aarch64.rpm	62797eede75e9176fe22820e55a640585c4211268d0b61ab6c46af44e1a6508b	libgcc_s.so.1(GCC_4.5.0)(64bit)
aarch64	gcc	/home/toolchain/development/libc++_replacement/tmp/BPF_W1_0921/rpm-bpf-aarch64-gcc/RPMS/aarch64/bpftrace-0.24.2-1.aarch64.rpm	62797eede75e9176fe22820e55a640585c4211268d0b61ab6c46af44e1a6508b	libm.so.6()(64bit)
aarch64	gcc	/home/toolchain/development/libc++_replacement/tmp/BPF_W1_0921/rpm-bpf-aarch64-gcc/RPMS/aarch64/bpftrace-0.24.2-1.aarch64.rpm	62797eede75e9176fe22820e55a640585c4211268d0b61ab6c46af44e1a6508b	libm.so.6(GLIBC_2.17)(64bit)
aarch64	gcc	/home/toolchain/development/libc++_replacement/tmp/BPF_W1_0921/rpm-bpf-aarch64-gcc/RPMS/aarch64/bpftrace-0.24.2-1.aarch64.rpm	62797eede75e9176fe22820e55a640585c4211268d0b61ab6c46af44e1a6508b	libstdc++.so.6()(64bit)
aarch64	gcc	/home/toolchain/development/libc++_replacement/tmp/BPF_W1_0921/rpm-bpf-aarch64-gcc/RPMS/aarch64/bpftrace-0.24.2-1.aarch64.rpm	62797eede75e9176fe22820e55a640585c4211268d0b61ab6c46af44e1a6508b	libstdc++.so.6(CXXABI_1.3)(64bit)
aarch64	gcc	/home/toolchain/development/libc++_replacement/tmp/BPF_W1_0921/rpm-bpf-aarch64-gcc/RPMS/aarch64/bpftrace-0.24.2-1.aarch64.rpm	62797eede75e9176fe22820e55a640585c4211268d0b61ab6c46af44e1a6508b	libstdc++.so.6(CXXABI_1.3.15)(64bit)
aarch64	gcc	/home/toolchain/development/libc++_replacement/tmp/BPF_W1_0921/rpm-bpf-aarch64-gcc/RPMS/aarch64/bpftrace-0.24.2-1.aarch64.rpm	62797eede75e9176fe22820e55a640585c4211268d0b61ab6c46af44e1a6508b	libstdc++.so.6(CXXABI_1.3.2)(64bit)
aarch64	gcc	/home/toolchain/development/libc++_replacement/tmp/BPF_W1_0921/rpm-bpf-aarch64-gcc/RPMS/aarch64/bpftrace-0.24.2-1.aarch64.rpm	62797eede75e9176fe22820e55a640585c4211268d0b61ab6c46af44e1a6508b	libstdc++.so.6(CXXABI_1.3.5)(64bit)
aarch64	gcc	/home/toolchain/development/libc++_replacement/tmp/BPF_W1_0921/rpm-bpf-aarch64-gcc/RPMS/aarch64/bpftrace-0.24.2-1.aarch64.rpm	62797eede75e9176fe22820e55a640585c4211268d0b61ab6c46af44e1a6508b	libstdc++.so.6(CXXABI_1.3.9)(64bit)
aarch64	gcc	/home/toolchain/development/libc++_replacement/tmp/BPF_W1_0921/rpm-bpf-aarch64-gcc/RPMS/aarch64/bpftrace-0.24.2-1.aarch64.rpm	62797eede75e9176fe22820e55a640585c4211268d0b61ab6c46af44e1a6508b	libstdc++.so.6(GLIBCXX_3.4)(64bit)
aarch64	gcc	/home/toolchain/development/libc++_replacement/tmp/BPF_W1_0921/rpm-bpf-aarch64-gcc/RPMS/aarch64/bpftrace-0.24.2-1.aarch64.rpm	62797eede75e9176fe22820e55a640585c4211268d0b61ab6c46af44e1a6508b	libstdc++.so.6(GLIBCXX_3.4.11)(64bit)
aarch64	gcc	/home/toolchain/development/libc++_replacement/tmp/BPF_W1_0921/rpm-bpf-aarch64-gcc/RPMS/aarch64/bpftrace-0.24.2-1.aarch64.rpm	62797eede75e9176fe22820e55a640585c4211268d0b61ab6c46af44e1a6508b	libstdc++.so.6(GLIBCXX_3.4.14)(64bit)
aarch64	gcc	/home/toolchain/development/libc++_replacement/tmp/BPF_W1_0921/rpm-bpf-aarch64-gcc/RPMS/aarch64/bpftrace-0.24.2-1.aarch64.rpm	62797eede75e9176fe22820e55a640585c4211268d0b61ab6c46af44e1a6508b	libstdc++.so.6(GLIBCXX_3.4.15)(64bit)
aarch64	gcc	/home/toolchain/development/libc++_replacement/tmp/BPF_W1_0921/rpm-bpf-aarch64-gcc/RPMS/aarch64/bpftrace-0.24.2-1.aarch64.rpm	62797eede75e9176fe22820e55a640585c4211268d0b61ab6c46af44e1a6508b	libstdc++.so.6(GLIBCXX_3.4.18)(64bit)
aarch64	gcc	/home/toolchain/development/libc++_replacement/tmp/BPF_W1_0921/rpm-bpf-aarch64-gcc/RPMS/aarch64/bpftrace-0.24.2-1.aarch64.rpm	62797eede75e9176fe22820e55a640585c4211268d0b61ab6c46af44e1a6508b	libstdc++.so.6(GLIBCXX_3.4.20)(64bit)
aarch64	gcc	/home/toolchain/development/libc++_replacement/tmp/BPF_W1_0921/rpm-bpf-aarch64-gcc/RPMS/aarch64/bpftrace-0.24.2-1.aarch64.rpm	62797eede75e9176fe22820e55a640585c4211268d0b61ab6c46af44e1a6508b	libstdc++.so.6(GLIBCXX_3.4.21)(64bit)
aarch64	gcc	/home/toolchain/development/libc++_replacement/tmp/BPF_W1_0921/rpm-bpf-aarch64-gcc/RPMS/aarch64/bpftrace-0.24.2-1.aarch64.rpm	62797eede75e9176fe22820e55a640585c4211268d0b61ab6c46af44e1a6508b	libstdc++.so.6(GLIBCXX_3.4.26)(64bit)
aarch64	gcc	/home/toolchain/development/libc++_replacement/tmp/BPF_W1_0921/rpm-bpf-aarch64-gcc/RPMS/aarch64/bpftrace-0.24.2-1.aarch64.rpm	62797eede75e9176fe22820e55a640585c4211268d0b61ab6c46af44e1a6508b	libstdc++.so.6(GLIBCXX_3.4.29)(64bit)
aarch64	gcc	/home/toolchain/development/libc++_replacement/tmp/BPF_W1_0921/rpm-bpf-aarch64-gcc/RPMS/aarch64/bpftrace-0.24.2-1.aarch64.rpm	62797eede75e9176fe22820e55a640585c4211268d0b61ab6c46af44e1a6508b	libstdc++.so.6(GLIBCXX_3.4.31)(64bit)
aarch64	gcc	/home/toolchain/development/libc++_replacement/tmp/BPF_W1_0921/rpm-bpf-aarch64-gcc/RPMS/aarch64/bpftrace-0.24.2-1.aarch64.rpm	62797eede75e9176fe22820e55a640585c4211268d0b61ab6c46af44e1a6508b	libstdc++.so.6(GLIBCXX_3.4.32)(64bit)
aarch64	gcc	/home/toolchain/development/libc++_replacement/tmp/BPF_W1_0921/rpm-bpf-aarch64-gcc/RPMS/aarch64/bpftrace-0.24.2-1.aarch64.rpm	62797eede75e9176fe22820e55a640585c4211268d0b61ab6c46af44e1a6508b	libstdc++.so.6(GLIBCXX_3.4.9)(64bit)
aarch64	gcc	/home/toolchain/development/libc++_replacement/tmp/BPF_W1_0921/rpm-bpf-aarch64-gcc/RPMS/aarch64/bpftrace-0.24.2-1.aarch64.rpm	62797eede75e9176fe22820e55a640585c4211268d0b61ab6c46af44e1a6508b	libz.so.1()(64bit)
aarch64	gcc	/home/toolchain/development/libc++_replacement/tmp/BPF_W1_0921/rpm-bpf-aarch64-gcc/RPMS/aarch64/bpftrace-0.24.2-1.aarch64.rpm	62797eede75e9176fe22820e55a640585c4211268d0b61ab6c46af44e1a6508b	libz.so.1(ZLIB_1.2.3.3)(64bit)
aarch64	gcc	/home/toolchain/development/libc++_replacement/tmp/BPF_W1_0921/rpm-bpf-aarch64-gcc/RPMS/aarch64/bpftrace-0.24.2-1.aarch64.rpm	62797eede75e9176fe22820e55a640585c4211268d0b61ab6c46af44e1a6508b	rpmlib(CompressedFileNames) <= 3.0.4-1
aarch64	gcc	/home/toolchain/development/libc++_replacement/tmp/BPF_W1_0921/rpm-bpf-aarch64-gcc/RPMS/aarch64/bpftrace-0.24.2-1.aarch64.rpm	62797eede75e9176fe22820e55a640585c4211268d0b61ab6c46af44e1a6508b	rpmlib(FileDigests) <= 4.6.0-1
aarch64	gcc	/home/toolchain/development/libc++_replacement/tmp/BPF_W1_0921/rpm-bpf-aarch64-gcc/RPMS/aarch64/bpftrace-0.24.2-1.aarch64.rpm	62797eede75e9176fe22820e55a640585c4211268d0b61ab6c46af44e1a6508b	rpmlib(PayloadFilesHavePrefix) <= 4.0-1
aarch64	gcc	/home/toolchain/development/libc++_replacement/tmp/BPF_W1_0921/rpm-bpf-aarch64-gcc/RPMS/aarch64/bpftrace-0.24.2-1.aarch64.rpm	62797eede75e9176fe22820e55a640585c4211268d0b61ab6c46af44e1a6508b	rpmlib(PayloadIsXz) <= 5.2-1
aarch64	gcc	/home/toolchain/development/libc++_replacement/tmp/BPF_W1_0921/rpm-bpf-aarch64-gcc/RPMS/aarch64/bpftrace-common-0.24.2-1.aarch64.rpm	9e3ba4dee151c38395a5ad636bd0420325283e08bdb81312db9ef2996908f59f	/usr/bin/env
aarch64	gcc	/home/toolchain/development/libc++_replacement/tmp/BPF_W1_0921/rpm-bpf-aarch64-gcc/RPMS/aarch64/bpftrace-common-0.24.2-1.aarch64.rpm	9e3ba4dee151c38395a5ad636bd0420325283e08bdb81312db9ef2996908f59f	rpmlib(CompressedFileNames) <= 3.0.4-1
aarch64	gcc	/home/toolchain/development/libc++_replacement/tmp/BPF_W1_0921/rpm-bpf-aarch64-gcc/RPMS/aarch64/bpftrace-common-0.24.2-1.aarch64.rpm	9e3ba4dee151c38395a5ad636bd0420325283e08bdb81312db9ef2996908f59f	rpmlib(FileDigests) <= 4.6.0-1
aarch64	gcc	/home/toolchain/development/libc++_replacement/tmp/BPF_W1_0921/rpm-bpf-aarch64-gcc/RPMS/aarch64/bpftrace-common-0.24.2-1.aarch64.rpm	9e3ba4dee151c38395a5ad636bd0420325283e08bdb81312db9ef2996908f59f	rpmlib(PayloadFilesHavePrefix) <= 4.0-1
aarch64	gcc	/home/toolchain/development/libc++_replacement/tmp/BPF_W1_0921/rpm-bpf-aarch64-gcc/RPMS/aarch64/bpftrace-common-0.24.2-1.aarch64.rpm	9e3ba4dee151c38395a5ad636bd0420325283e08bdb81312db9ef2996908f59f	rpmlib(PayloadIsXz) <= 5.2-1
aarch64	gcc	/home/toolchain/development/libc++_replacement/tmp/BPF_W1_0921/rpm-bpf-aarch64-gcc/RPMS/aarch64/bpftrace-static-0.24.2-1.aarch64.rpm	819a091fd802622cda316b73808ef6f6267b67a75a09619a16c32914a27e5676	/bin/sh
aarch64	gcc	/home/toolchain/development/libc++_replacement/tmp/BPF_W1_0921/rpm-bpf-aarch64-gcc/RPMS/aarch64/bpftrace-static-0.24.2-1.aarch64.rpm	819a091fd802622cda316b73808ef6f6267b67a75a09619a16c32914a27e5676	/bin/sh
aarch64	gcc	/home/toolchain/development/libc++_replacement/tmp/BPF_W1_0921/rpm-bpf-aarch64-gcc/RPMS/aarch64/bpftrace-static-0.24.2-1.aarch64.rpm	819a091fd802622cda316b73808ef6f6267b67a75a09619a16c32914a27e5676	ld-linux-aarch64.so.1()(64bit)
aarch64	gcc	/home/toolchain/development/libc++_replacement/tmp/BPF_W1_0921/rpm-bpf-aarch64-gcc/RPMS/aarch64/bpftrace-static-0.24.2-1.aarch64.rpm	819a091fd802622cda316b73808ef6f6267b67a75a09619a16c32914a27e5676	ld-linux-aarch64.so.1(GLIBC_2.17)(64bit)
aarch64	gcc	/home/toolchain/development/libc++_replacement/tmp/BPF_W1_0921/rpm-bpf-aarch64-gcc/RPMS/aarch64/bpftrace-static-0.24.2-1.aarch64.rpm	819a091fd802622cda316b73808ef6f6267b67a75a09619a16c32914a27e5676	libc.so.6()(64bit)
aarch64	gcc	/home/toolchain/development/libc++_replacement/tmp/BPF_W1_0921/rpm-bpf-aarch64-gcc/RPMS/aarch64/bpftrace-static-0.24.2-1.aarch64.rpm	819a091fd802622cda316b73808ef6f6267b67a75a09619a16c32914a27e5676	libc.so.6(GLIBC_2.17)(64bit)
aarch64	gcc	/home/toolchain/development/libc++_replacement/tmp/BPF_W1_0921/rpm-bpf-aarch64-gcc/RPMS/aarch64/bpftrace-static-0.24.2-1.aarch64.rpm	819a091fd802622cda316b73808ef6f6267b67a75a09619a16c32914a27e5676	libc.so.6(GLIBC_2.22)(64bit)
aarch64	gcc	/home/toolchain/development/libc++_replacement/tmp/BPF_W1_0921/rpm-bpf-aarch64-gcc/RPMS/aarch64/bpftrace-static-0.24.2-1.aarch64.rpm	819a091fd802622cda316b73808ef6f6267b67a75a09619a16c32914a27e5676	libc.so.6(GLIBC_2.25)(64bit)
aarch64	gcc	/home/toolchain/development/libc++_replacement/tmp/BPF_W1_0921/rpm-bpf-aarch64-gcc/RPMS/aarch64/bpftrace-static-0.24.2-1.aarch64.rpm	819a091fd802622cda316b73808ef6f6267b67a75a09619a16c32914a27e5676	libc.so.6(GLIBC_2.27)(64bit)
aarch64	gcc	/home/toolchain/development/libc++_replacement/tmp/BPF_W1_0921/rpm-bpf-aarch64-gcc/RPMS/aarch64/bpftrace-static-0.24.2-1.aarch64.rpm	819a091fd802622cda316b73808ef6f6267b67a75a09619a16c32914a27e5676	libc.so.6(GLIBC_2.28)(64bit)
aarch64	gcc	/home/toolchain/development/libc++_replacement/tmp/BPF_W1_0921/rpm-bpf-aarch64-gcc/RPMS/aarch64/bpftrace-static-0.24.2-1.aarch64.rpm	819a091fd802622cda316b73808ef6f6267b67a75a09619a16c32914a27e5676	libc.so.6(GLIBC_2.32)(64bit)
aarch64	gcc	/home/toolchain/development/libc++_replacement/tmp/BPF_W1_0921/rpm-bpf-aarch64-gcc/RPMS/aarch64/bpftrace-static-0.24.2-1.aarch64.rpm	819a091fd802622cda316b73808ef6f6267b67a75a09619a16c32914a27e5676	libc.so.6(GLIBC_2.33)(64bit)
aarch64	gcc	/home/toolchain/development/libc++_replacement/tmp/BPF_W1_0921/rpm-bpf-aarch64-gcc/RPMS/aarch64/bpftrace-static-0.24.2-1.aarch64.rpm	819a091fd802622cda316b73808ef6f6267b67a75a09619a16c32914a27e5676	libc.so.6(GLIBC_2.34)(64bit)
aarch64	gcc	/home/toolchain/development/libc++_replacement/tmp/BPF_W1_0921/rpm-bpf-aarch64-gcc/RPMS/aarch64/bpftrace-static-0.24.2-1.aarch64.rpm	819a091fd802622cda316b73808ef6f6267b67a75a09619a16c32914a27e5676	libc.so.6(GLIBC_2.35)(64bit)
aarch64	gcc	/home/toolchain/development/libc++_replacement/tmp/BPF_W1_0921/rpm-bpf-aarch64-gcc/RPMS/aarch64/bpftrace-static-0.24.2-1.aarch64.rpm	819a091fd802622cda316b73808ef6f6267b67a75a09619a16c32914a27e5676	libc.so.6(GLIBC_2.36)(64bit)
aarch64	gcc	/home/toolchain/development/libc++_replacement/tmp/BPF_W1_0921/rpm-bpf-aarch64-gcc/RPMS/aarch64/bpftrace-static-0.24.2-1.aarch64.rpm	819a091fd802622cda316b73808ef6f6267b67a75a09619a16c32914a27e5676	libc.so.6(GLIBC_2.38)(64bit)
aarch64	gcc	/home/toolchain/development/libc++_replacement/tmp/BPF_W1_0921/rpm-bpf-aarch64-gcc/RPMS/aarch64/bpftrace-static-0.24.2-1.aarch64.rpm	819a091fd802622cda316b73808ef6f6267b67a75a09619a16c32914a27e5676	libm.so.6()(64bit)
aarch64	gcc	/home/toolchain/development/libc++_replacement/tmp/BPF_W1_0921/rpm-bpf-aarch64-gcc/RPMS/aarch64/bpftrace-static-0.24.2-1.aarch64.rpm	819a091fd802622cda316b73808ef6f6267b67a75a09619a16c32914a27e5676	libm.so.6(GLIBC_2.17)(64bit)
aarch64	gcc	/home/toolchain/development/libc++_replacement/tmp/BPF_W1_0921/rpm-bpf-aarch64-gcc/RPMS/aarch64/bpftrace-static-0.24.2-1.aarch64.rpm	819a091fd802622cda316b73808ef6f6267b67a75a09619a16c32914a27e5676	libm.so.6(GLIBC_2.27)(64bit)
aarch64	gcc	/home/toolchain/development/libc++_replacement/tmp/BPF_W1_0921/rpm-bpf-aarch64-gcc/RPMS/aarch64/bpftrace-static-0.24.2-1.aarch64.rpm	819a091fd802622cda316b73808ef6f6267b67a75a09619a16c32914a27e5676	libm.so.6(GLIBC_2.29)(64bit)
aarch64	gcc	/home/toolchain/development/libc++_replacement/tmp/BPF_W1_0921/rpm-bpf-aarch64-gcc/RPMS/aarch64/bpftrace-static-0.24.2-1.aarch64.rpm	819a091fd802622cda316b73808ef6f6267b67a75a09619a16c32914a27e5676	rpmlib(CompressedFileNames) <= 3.0.4-1
aarch64	gcc	/home/toolchain/development/libc++_replacement/tmp/BPF_W1_0921/rpm-bpf-aarch64-gcc/RPMS/aarch64/bpftrace-static-0.24.2-1.aarch64.rpm	819a091fd802622cda316b73808ef6f6267b67a75a09619a16c32914a27e5676	rpmlib(FileDigests) <= 4.6.0-1
aarch64	gcc	/home/toolchain/development/libc++_replacement/tmp/BPF_W1_0921/rpm-bpf-aarch64-gcc/RPMS/aarch64/bpftrace-static-0.24.2-1.aarch64.rpm	819a091fd802622cda316b73808ef6f6267b67a75a09619a16c32914a27e5676	rpmlib(PayloadFilesHavePrefix) <= 4.0-1
aarch64	gcc	/home/toolchain/development/libc++_replacement/tmp/BPF_W1_0921/rpm-bpf-aarch64-gcc/RPMS/aarch64/bpftrace-static-0.24.2-1.aarch64.rpm	819a091fd802622cda316b73808ef6f6267b67a75a09619a16c32914a27e5676	rpmlib(PayloadIsXz) <= 5.2-1
aarch64	undefined	/home/toolchain/development/libc++_replacement/tmp/BPF_W1_0921/rpm-bpf-aarch64-undefined/RPMS/aarch64/bpftrace-0.24.2-1.aarch64.rpm	512246fab3e62b917b71efcdfa59089d1c1d664e80ce85b5f3e7e12ebb04f69c	ld-linux-aarch64.so.1()(64bit)
aarch64	undefined	/home/toolchain/development/libc++_replacement/tmp/BPF_W1_0921/rpm-bpf-aarch64-undefined/RPMS/aarch64/bpftrace-0.24.2-1.aarch64.rpm	512246fab3e62b917b71efcdfa59089d1c1d664e80ce85b5f3e7e12ebb04f69c	ld-linux-aarch64.so.1(GLIBC_2.17)(64bit)
aarch64	undefined	/home/toolchain/development/libc++_replacement/tmp/BPF_W1_0921/rpm-bpf-aarch64-undefined/RPMS/aarch64/bpftrace-0.24.2-1.aarch64.rpm	512246fab3e62b917b71efcdfa59089d1c1d664e80ce85b5f3e7e12ebb04f69c	libLLVM.so.22.1()(64bit)
aarch64	undefined	/home/toolchain/development/libc++_replacement/tmp/BPF_W1_0921/rpm-bpf-aarch64-undefined/RPMS/aarch64/bpftrace-0.24.2-1.aarch64.rpm	512246fab3e62b917b71efcdfa59089d1c1d664e80ce85b5f3e7e12ebb04f69c	libLLVM.so.22.1(LLVM_22.1)(64bit)
aarch64	undefined	/home/toolchain/development/libc++_replacement/tmp/BPF_W1_0921/rpm-bpf-aarch64-undefined/RPMS/aarch64/bpftrace-0.24.2-1.aarch64.rpm	512246fab3e62b917b71efcdfa59089d1c1d664e80ce85b5f3e7e12ebb04f69c	libbcc_bpf.so.0()(64bit)
aarch64	undefined	/home/toolchain/development/libc++_replacement/tmp/BPF_W1_0921/rpm-bpf-aarch64-undefined/RPMS/aarch64/bpftrace-0.24.2-1.aarch64.rpm	512246fab3e62b917b71efcdfa59089d1c1d664e80ce85b5f3e7e12ebb04f69c	libbpf.so.1()(64bit)
aarch64	undefined	/home/toolchain/development/libc++_replacement/tmp/BPF_W1_0921/rpm-bpf-aarch64-undefined/RPMS/aarch64/bpftrace-0.24.2-1.aarch64.rpm	512246fab3e62b917b71efcdfa59089d1c1d664e80ce85b5f3e7e12ebb04f69c	libbpf.so.1(LIBBPF_0.0.1)(64bit)
aarch64	undefined	/home/toolchain/development/libc++_replacement/tmp/BPF_W1_0921/rpm-bpf-aarch64-undefined/RPMS/aarch64/bpftrace-0.24.2-1.aarch64.rpm	512246fab3e62b917b71efcdfa59089d1c1d664e80ce85b5f3e7e12ebb04f69c	libbpf.so.1(LIBBPF_0.0.2)(64bit)
aarch64	undefined	/home/toolchain/development/libc++_replacement/tmp/BPF_W1_0921/rpm-bpf-aarch64-undefined/RPMS/aarch64/bpftrace-0.24.2-1.aarch64.rpm	512246fab3e62b917b71efcdfa59089d1c1d664e80ce85b5f3e7e12ebb04f69c	libbpf.so.1(LIBBPF_0.0.4)(64bit)
aarch64	undefined	/home/toolchain/development/libc++_replacement/tmp/BPF_W1_0921/rpm-bpf-aarch64-undefined/RPMS/aarch64/bpftrace-0.24.2-1.aarch64.rpm	512246fab3e62b917b71efcdfa59089d1c1d664e80ce85b5f3e7e12ebb04f69c	libbpf.so.1(LIBBPF_0.0.5)(64bit)
aarch64	undefined	/home/toolchain/development/libc++_replacement/tmp/BPF_W1_0921/rpm-bpf-aarch64-undefined/RPMS/aarch64/bpftrace-0.24.2-1.aarch64.rpm	512246fab3e62b917b71efcdfa59089d1c1d664e80ce85b5f3e7e12ebb04f69c	libbpf.so.1(LIBBPF_0.0.6)(64bit)
aarch64	undefined	/home/toolchain/development/libc++_replacement/tmp/BPF_W1_0921/rpm-bpf-aarch64-undefined/RPMS/aarch64/bpftrace-0.24.2-1.aarch64.rpm	512246fab3e62b917b71efcdfa59089d1c1d664e80ce85b5f3e7e12ebb04f69c	libbpf.so.1(LIBBPF_0.0.7)(64bit)
aarch64	undefined	/home/toolchain/development/libc++_replacement/tmp/BPF_W1_0921/rpm-bpf-aarch64-undefined/RPMS/aarch64/bpftrace-0.24.2-1.aarch64.rpm	512246fab3e62b917b71efcdfa59089d1c1d664e80ce85b5f3e7e12ebb04f69c	libbpf.so.1(LIBBPF_0.0.8)(64bit)
aarch64	undefined	/home/toolchain/development/libc++_replacement/tmp/BPF_W1_0921/rpm-bpf-aarch64-undefined/RPMS/aarch64/bpftrace-0.24.2-1.aarch64.rpm	512246fab3e62b917b71efcdfa59089d1c1d664e80ce85b5f3e7e12ebb04f69c	libbpf.so.1(LIBBPF_0.0.9)(64bit)
aarch64	undefined	/home/toolchain/development/libc++_replacement/tmp/BPF_W1_0921/rpm-bpf-aarch64-undefined/RPMS/aarch64/bpftrace-0.24.2-1.aarch64.rpm	512246fab3e62b917b71efcdfa59089d1c1d664e80ce85b5f3e7e12ebb04f69c	libbpf.so.1(LIBBPF_0.1.0)(64bit)
aarch64	undefined	/home/toolchain/development/libc++_replacement/tmp/BPF_W1_0921/rpm-bpf-aarch64-undefined/RPMS/aarch64/bpftrace-0.24.2-1.aarch64.rpm	512246fab3e62b917b71efcdfa59089d1c1d664e80ce85b5f3e7e12ebb04f69c	libbpf.so.1(LIBBPF_0.2.0)(64bit)
aarch64	undefined	/home/toolchain/development/libc++_replacement/tmp/BPF_W1_0921/rpm-bpf-aarch64-undefined/RPMS/aarch64/bpftrace-0.24.2-1.aarch64.rpm	512246fab3e62b917b71efcdfa59089d1c1d664e80ce85b5f3e7e12ebb04f69c	libbpf.so.1(LIBBPF_0.3.0)(64bit)
aarch64	undefined	/home/toolchain/development/libc++_replacement/tmp/BPF_W1_0921/rpm-bpf-aarch64-undefined/RPMS/aarch64/bpftrace-0.24.2-1.aarch64.rpm	512246fab3e62b917b71efcdfa59089d1c1d664e80ce85b5f3e7e12ebb04f69c	libbpf.so.1(LIBBPF_0.4.0)(64bit)
aarch64	undefined	/home/toolchain/development/libc++_replacement/tmp/BPF_W1_0921/rpm-bpf-aarch64-undefined/RPMS/aarch64/bpftrace-0.24.2-1.aarch64.rpm	512246fab3e62b917b71efcdfa59089d1c1d664e80ce85b5f3e7e12ebb04f69c	libbpf.so.1(LIBBPF_0.5.0)(64bit)
aarch64	undefined	/home/toolchain/development/libc++_replacement/tmp/BPF_W1_0921/rpm-bpf-aarch64-undefined/RPMS/aarch64/bpftrace-0.24.2-1.aarch64.rpm	512246fab3e62b917b71efcdfa59089d1c1d664e80ce85b5f3e7e12ebb04f69c	libbpf.so.1(LIBBPF_0.6.0)(64bit)
aarch64	undefined	/home/toolchain/development/libc++_replacement/tmp/BPF_W1_0921/rpm-bpf-aarch64-undefined/RPMS/aarch64/bpftrace-0.24.2-1.aarch64.rpm	512246fab3e62b917b71efcdfa59089d1c1d664e80ce85b5f3e7e12ebb04f69c	libbpf.so.1(LIBBPF_0.7.0)(64bit)
aarch64	undefined	/home/toolchain/development/libc++_replacement/tmp/BPF_W1_0921/rpm-bpf-aarch64-undefined/RPMS/aarch64/bpftrace-0.24.2-1.aarch64.rpm	512246fab3e62b917b71efcdfa59089d1c1d664e80ce85b5f3e7e12ebb04f69c	libbpf.so.1(LIBBPF_1.0.0)(64bit)
aarch64	undefined	/home/toolchain/development/libc++_replacement/tmp/BPF_W1_0921/rpm-bpf-aarch64-undefined/RPMS/aarch64/bpftrace-0.24.2-1.aarch64.rpm	512246fab3e62b917b71efcdfa59089d1c1d664e80ce85b5f3e7e12ebb04f69c	libbpf.so.1(LIBBPF_1.2.0)(64bit)
aarch64	undefined	/home/toolchain/development/libc++_replacement/tmp/BPF_W1_0921/rpm-bpf-aarch64-undefined/RPMS/aarch64/bpftrace-0.24.2-1.aarch64.rpm	512246fab3e62b917b71efcdfa59089d1c1d664e80ce85b5f3e7e12ebb04f69c	libbpf.so.1(LIBBPF_1.5.0)(64bit)
aarch64	undefined	/home/toolchain/development/libc++_replacement/tmp/BPF_W1_0921/rpm-bpf-aarch64-undefined/RPMS/aarch64/bpftrace-0.24.2-1.aarch64.rpm	512246fab3e62b917b71efcdfa59089d1c1d664e80ce85b5f3e7e12ebb04f69c	libc.so.6()(64bit)
aarch64	undefined	/home/toolchain/development/libc++_replacement/tmp/BPF_W1_0921/rpm-bpf-aarch64-undefined/RPMS/aarch64/bpftrace-0.24.2-1.aarch64.rpm	512246fab3e62b917b71efcdfa59089d1c1d664e80ce85b5f3e7e12ebb04f69c	libc.so.6(GLIBC_2.17)(64bit)
aarch64	undefined	/home/toolchain/development/libc++_replacement/tmp/BPF_W1_0921/rpm-bpf-aarch64-undefined/RPMS/aarch64/bpftrace-0.24.2-1.aarch64.rpm	512246fab3e62b917b71efcdfa59089d1c1d664e80ce85b5f3e7e12ebb04f69c	libc.so.6(GLIBC_2.27)(64bit)
aarch64	undefined	/home/toolchain/development/libc++_replacement/tmp/BPF_W1_0921/rpm-bpf-aarch64-undefined/RPMS/aarch64/bpftrace-0.24.2-1.aarch64.rpm	512246fab3e62b917b71efcdfa59089d1c1d664e80ce85b5f3e7e12ebb04f69c	libc.so.6(GLIBC_2.32)(64bit)
aarch64	undefined	/home/toolchain/development/libc++_replacement/tmp/BPF_W1_0921/rpm-bpf-aarch64-undefined/RPMS/aarch64/bpftrace-0.24.2-1.aarch64.rpm	512246fab3e62b917b71efcdfa59089d1c1d664e80ce85b5f3e7e12ebb04f69c	libc.so.6(GLIBC_2.33)(64bit)
aarch64	undefined	/home/toolchain/development/libc++_replacement/tmp/BPF_W1_0921/rpm-bpf-aarch64-undefined/RPMS/aarch64/bpftrace-0.24.2-1.aarch64.rpm	512246fab3e62b917b71efcdfa59089d1c1d664e80ce85b5f3e7e12ebb04f69c	libc.so.6(GLIBC_2.34)(64bit)
aarch64	undefined	/home/toolchain/development/libc++_replacement/tmp/BPF_W1_0921/rpm-bpf-aarch64-undefined/RPMS/aarch64/bpftrace-0.24.2-1.aarch64.rpm	512246fab3e62b917b71efcdfa59089d1c1d664e80ce85b5f3e7e12ebb04f69c	libc.so.6(GLIBC_2.38)(64bit)
aarch64	undefined	/home/toolchain/development/libc++_replacement/tmp/BPF_W1_0921/rpm-bpf-aarch64-undefined/RPMS/aarch64/bpftrace-0.24.2-1.aarch64.rpm	512246fab3e62b917b71efcdfa59089d1c1d664e80ce85b5f3e7e12ebb04f69c	libclang-cpp.so.22.1()(64bit)
aarch64	undefined	/home/toolchain/development/libc++_replacement/tmp/BPF_W1_0921/rpm-bpf-aarch64-undefined/RPMS/aarch64/bpftrace-0.24.2-1.aarch64.rpm	512246fab3e62b917b71efcdfa59089d1c1d664e80ce85b5f3e7e12ebb04f69c	libclang-cpp.so.22.1(LLVM_22.1)(64bit)
aarch64	undefined	/home/toolchain/development/libc++_replacement/tmp/BPF_W1_0921/rpm-bpf-aarch64-undefined/RPMS/aarch64/bpftrace-0.24.2-1.aarch64.rpm	512246fab3e62b917b71efcdfa59089d1c1d664e80ce85b5f3e7e12ebb04f69c	libclang.so.22.1()(64bit)
aarch64	undefined	/home/toolchain/development/libc++_replacement/tmp/BPF_W1_0921/rpm-bpf-aarch64-undefined/RPMS/aarch64/bpftrace-0.24.2-1.aarch64.rpm	512246fab3e62b917b71efcdfa59089d1c1d664e80ce85b5f3e7e12ebb04f69c	libclang.so.22.1(LLVM_13)(64bit)
aarch64	undefined	/home/toolchain/development/libc++_replacement/tmp/BPF_W1_0921/rpm-bpf-aarch64-undefined/RPMS/aarch64/bpftrace-0.24.2-1.aarch64.rpm	512246fab3e62b917b71efcdfa59089d1c1d664e80ce85b5f3e7e12ebb04f69c	libelf.so.1()(64bit)
aarch64	undefined	/home/toolchain/development/libc++_replacement/tmp/BPF_W1_0921/rpm-bpf-aarch64-undefined/RPMS/aarch64/bpftrace-0.24.2-1.aarch64.rpm	512246fab3e62b917b71efcdfa59089d1c1d664e80ce85b5f3e7e12ebb04f69c	libelf.so.1(ELFUTILS_1.0)(64bit)
aarch64	undefined	/home/toolchain/development/libc++_replacement/tmp/BPF_W1_0921/rpm-bpf-aarch64-undefined/RPMS/aarch64/bpftrace-0.24.2-1.aarch64.rpm	512246fab3e62b917b71efcdfa59089d1c1d664e80ce85b5f3e7e12ebb04f69c	libelf.so.1(ELFUTILS_1.5)(64bit)
aarch64	undefined	/home/toolchain/development/libc++_replacement/tmp/BPF_W1_0921/rpm-bpf-aarch64-undefined/RPMS/aarch64/bpftrace-0.24.2-1.aarch64.rpm	512246fab3e62b917b71efcdfa59089d1c1d664e80ce85b5f3e7e12ebb04f69c	libgcc_s.so.1()(64bit)
aarch64	undefined	/home/toolchain/development/libc++_replacement/tmp/BPF_W1_0921/rpm-bpf-aarch64-undefined/RPMS/aarch64/bpftrace-0.24.2-1.aarch64.rpm	512246fab3e62b917b71efcdfa59089d1c1d664e80ce85b5f3e7e12ebb04f69c	libgcc_s.so.1(GCC_3.0)(64bit)
aarch64	undefined	/home/toolchain/development/libc++_replacement/tmp/BPF_W1_0921/rpm-bpf-aarch64-undefined/RPMS/aarch64/bpftrace-0.24.2-1.aarch64.rpm	512246fab3e62b917b71efcdfa59089d1c1d664e80ce85b5f3e7e12ebb04f69c	libgcc_s.so.1(GCC_4.2.0)(64bit)
aarch64	undefined	/home/toolchain/development/libc++_replacement/tmp/BPF_W1_0921/rpm-bpf-aarch64-undefined/RPMS/aarch64/bpftrace-0.24.2-1.aarch64.rpm	512246fab3e62b917b71efcdfa59089d1c1d664e80ce85b5f3e7e12ebb04f69c	libgcc_s.so.1(GCC_4.5.0)(64bit)
aarch64	undefined	/home/toolchain/development/libc++_replacement/tmp/BPF_W1_0921/rpm-bpf-aarch64-undefined/RPMS/aarch64/bpftrace-0.24.2-1.aarch64.rpm	512246fab3e62b917b71efcdfa59089d1c1d664e80ce85b5f3e7e12ebb04f69c	libm.so.6()(64bit)
aarch64	undefined	/home/toolchain/development/libc++_replacement/tmp/BPF_W1_0921/rpm-bpf-aarch64-undefined/RPMS/aarch64/bpftrace-0.24.2-1.aarch64.rpm	512246fab3e62b917b71efcdfa59089d1c1d664e80ce85b5f3e7e12ebb04f69c	libm.so.6(GLIBC_2.17)(64bit)
aarch64	undefined	/home/toolchain/development/libc++_replacement/tmp/BPF_W1_0921/rpm-bpf-aarch64-undefined/RPMS/aarch64/bpftrace-0.24.2-1.aarch64.rpm	512246fab3e62b917b71efcdfa59089d1c1d664e80ce85b5f3e7e12ebb04f69c	libstdc++.so.6()(64bit)
aarch64	undefined	/home/toolchain/development/libc++_replacement/tmp/BPF_W1_0921/rpm-bpf-aarch64-undefined/RPMS/aarch64/bpftrace-0.24.2-1.aarch64.rpm	512246fab3e62b917b71efcdfa59089d1c1d664e80ce85b5f3e7e12ebb04f69c	libstdc++.so.6(CXXABI_1.3)(64bit)
aarch64	undefined	/home/toolchain/development/libc++_replacement/tmp/BPF_W1_0921/rpm-bpf-aarch64-undefined/RPMS/aarch64/bpftrace-0.24.2-1.aarch64.rpm	512246fab3e62b917b71efcdfa59089d1c1d664e80ce85b5f3e7e12ebb04f69c	libstdc++.so.6(CXXABI_1.3.15)(64bit)
aarch64	undefined	/home/toolchain/development/libc++_replacement/tmp/BPF_W1_0921/rpm-bpf-aarch64-undefined/RPMS/aarch64/bpftrace-0.24.2-1.aarch64.rpm	512246fab3e62b917b71efcdfa59089d1c1d664e80ce85b5f3e7e12ebb04f69c	libstdc++.so.6(CXXABI_1.3.2)(64bit)
aarch64	undefined	/home/toolchain/development/libc++_replacement/tmp/BPF_W1_0921/rpm-bpf-aarch64-undefined/RPMS/aarch64/bpftrace-0.24.2-1.aarch64.rpm	512246fab3e62b917b71efcdfa59089d1c1d664e80ce85b5f3e7e12ebb04f69c	libstdc++.so.6(CXXABI_1.3.5)(64bit)
aarch64	undefined	/home/toolchain/development/libc++_replacement/tmp/BPF_W1_0921/rpm-bpf-aarch64-undefined/RPMS/aarch64/bpftrace-0.24.2-1.aarch64.rpm	512246fab3e62b917b71efcdfa59089d1c1d664e80ce85b5f3e7e12ebb04f69c	libstdc++.so.6(CXXABI_1.3.9)(64bit)
aarch64	undefined	/home/toolchain/development/libc++_replacement/tmp/BPF_W1_0921/rpm-bpf-aarch64-undefined/RPMS/aarch64/bpftrace-0.24.2-1.aarch64.rpm	512246fab3e62b917b71efcdfa59089d1c1d664e80ce85b5f3e7e12ebb04f69c	libstdc++.so.6(GLIBCXX_3.4)(64bit)
aarch64	undefined	/home/toolchain/development/libc++_replacement/tmp/BPF_W1_0921/rpm-bpf-aarch64-undefined/RPMS/aarch64/bpftrace-0.24.2-1.aarch64.rpm	512246fab3e62b917b71efcdfa59089d1c1d664e80ce85b5f3e7e12ebb04f69c	libstdc++.so.6(GLIBCXX_3.4.11)(64bit)
aarch64	undefined	/home/toolchain/development/libc++_replacement/tmp/BPF_W1_0921/rpm-bpf-aarch64-undefined/RPMS/aarch64/bpftrace-0.24.2-1.aarch64.rpm	512246fab3e62b917b71efcdfa59089d1c1d664e80ce85b5f3e7e12ebb04f69c	libstdc++.so.6(GLIBCXX_3.4.14)(64bit)
aarch64	undefined	/home/toolchain/development/libc++_replacement/tmp/BPF_W1_0921/rpm-bpf-aarch64-undefined/RPMS/aarch64/bpftrace-0.24.2-1.aarch64.rpm	512246fab3e62b917b71efcdfa59089d1c1d664e80ce85b5f3e7e12ebb04f69c	libstdc++.so.6(GLIBCXX_3.4.15)(64bit)
aarch64	undefined	/home/toolchain/development/libc++_replacement/tmp/BPF_W1_0921/rpm-bpf-aarch64-undefined/RPMS/aarch64/bpftrace-0.24.2-1.aarch64.rpm	512246fab3e62b917b71efcdfa59089d1c1d664e80ce85b5f3e7e12ebb04f69c	libstdc++.so.6(GLIBCXX_3.4.18)(64bit)
aarch64	undefined	/home/toolchain/development/libc++_replacement/tmp/BPF_W1_0921/rpm-bpf-aarch64-undefined/RPMS/aarch64/bpftrace-0.24.2-1.aarch64.rpm	512246fab3e62b917b71efcdfa59089d1c1d664e80ce85b5f3e7e12ebb04f69c	libstdc++.so.6(GLIBCXX_3.4.20)(64bit)
aarch64	undefined	/home/toolchain/development/libc++_replacement/tmp/BPF_W1_0921/rpm-bpf-aarch64-undefined/RPMS/aarch64/bpftrace-0.24.2-1.aarch64.rpm	512246fab3e62b917b71efcdfa59089d1c1d664e80ce85b5f3e7e12ebb04f69c	libstdc++.so.6(GLIBCXX_3.4.21)(64bit)
aarch64	undefined	/home/toolchain/development/libc++_replacement/tmp/BPF_W1_0921/rpm-bpf-aarch64-undefined/RPMS/aarch64/bpftrace-0.24.2-1.aarch64.rpm	512246fab3e62b917b71efcdfa59089d1c1d664e80ce85b5f3e7e12ebb04f69c	libstdc++.so.6(GLIBCXX_3.4.26)(64bit)
aarch64	undefined	/home/toolchain/development/libc++_replacement/tmp/BPF_W1_0921/rpm-bpf-aarch64-undefined/RPMS/aarch64/bpftrace-0.24.2-1.aarch64.rpm	512246fab3e62b917b71efcdfa59089d1c1d664e80ce85b5f3e7e12ebb04f69c	libstdc++.so.6(GLIBCXX_3.4.29)(64bit)
aarch64	undefined	/home/toolchain/development/libc++_replacement/tmp/BPF_W1_0921/rpm-bpf-aarch64-undefined/RPMS/aarch64/bpftrace-0.24.2-1.aarch64.rpm	512246fab3e62b917b71efcdfa59089d1c1d664e80ce85b5f3e7e12ebb04f69c	libstdc++.so.6(GLIBCXX_3.4.31)(64bit)
aarch64	undefined	/home/toolchain/development/libc++_replacement/tmp/BPF_W1_0921/rpm-bpf-aarch64-undefined/RPMS/aarch64/bpftrace-0.24.2-1.aarch64.rpm	512246fab3e62b917b71efcdfa59089d1c1d664e80ce85b5f3e7e12ebb04f69c	libstdc++.so.6(GLIBCXX_3.4.32)(64bit)
aarch64	undefined	/home/toolchain/development/libc++_replacement/tmp/BPF_W1_0921/rpm-bpf-aarch64-undefined/RPMS/aarch64/bpftrace-0.24.2-1.aarch64.rpm	512246fab3e62b917b71efcdfa59089d1c1d664e80ce85b5f3e7e12ebb04f69c	libstdc++.so.6(GLIBCXX_3.4.9)(64bit)
aarch64	undefined	/home/toolchain/development/libc++_replacement/tmp/BPF_W1_0921/rpm-bpf-aarch64-undefined/RPMS/aarch64/bpftrace-0.24.2-1.aarch64.rpm	512246fab3e62b917b71efcdfa59089d1c1d664e80ce85b5f3e7e12ebb04f69c	libz.so.1()(64bit)
aarch64	undefined	/home/toolchain/development/libc++_replacement/tmp/BPF_W1_0921/rpm-bpf-aarch64-undefined/RPMS/aarch64/bpftrace-0.24.2-1.aarch64.rpm	512246fab3e62b917b71efcdfa59089d1c1d664e80ce85b5f3e7e12ebb04f69c	libz.so.1(ZLIB_1.2.3.3)(64bit)
aarch64	undefined	/home/toolchain/development/libc++_replacement/tmp/BPF_W1_0921/rpm-bpf-aarch64-undefined/RPMS/aarch64/bpftrace-0.24.2-1.aarch64.rpm	512246fab3e62b917b71efcdfa59089d1c1d664e80ce85b5f3e7e12ebb04f69c	rpmlib(CompressedFileNames) <= 3.0.4-1
aarch64	undefined	/home/toolchain/development/libc++_replacement/tmp/BPF_W1_0921/rpm-bpf-aarch64-undefined/RPMS/aarch64/bpftrace-0.24.2-1.aarch64.rpm	512246fab3e62b917b71efcdfa59089d1c1d664e80ce85b5f3e7e12ebb04f69c	rpmlib(FileDigests) <= 4.6.0-1
aarch64	undefined	/home/toolchain/development/libc++_replacement/tmp/BPF_W1_0921/rpm-bpf-aarch64-undefined/RPMS/aarch64/bpftrace-0.24.2-1.aarch64.rpm	512246fab3e62b917b71efcdfa59089d1c1d664e80ce85b5f3e7e12ebb04f69c	rpmlib(PayloadFilesHavePrefix) <= 4.0-1
aarch64	undefined	/home/toolchain/development/libc++_replacement/tmp/BPF_W1_0921/rpm-bpf-aarch64-undefined/RPMS/aarch64/bpftrace-0.24.2-1.aarch64.rpm	512246fab3e62b917b71efcdfa59089d1c1d664e80ce85b5f3e7e12ebb04f69c	rpmlib(PayloadIsXz) <= 5.2-1
aarch64	undefined	/home/toolchain/development/libc++_replacement/tmp/BPF_W1_0921/rpm-bpf-aarch64-undefined/RPMS/aarch64/bpftrace-common-0.24.2-1.aarch64.rpm	14ad1b24a42878d004e839552da2ae5fb39c67ce6af5b46476f62c07795835ec	/usr/bin/env
aarch64	undefined	/home/toolchain/development/libc++_replacement/tmp/BPF_W1_0921/rpm-bpf-aarch64-undefined/RPMS/aarch64/bpftrace-common-0.24.2-1.aarch64.rpm	14ad1b24a42878d004e839552da2ae5fb39c67ce6af5b46476f62c07795835ec	rpmlib(CompressedFileNames) <= 3.0.4-1
aarch64	undefined	/home/toolchain/development/libc++_replacement/tmp/BPF_W1_0921/rpm-bpf-aarch64-undefined/RPMS/aarch64/bpftrace-common-0.24.2-1.aarch64.rpm	14ad1b24a42878d004e839552da2ae5fb39c67ce6af5b46476f62c07795835ec	rpmlib(FileDigests) <= 4.6.0-1
aarch64	undefined	/home/toolchain/development/libc++_replacement/tmp/BPF_W1_0921/rpm-bpf-aarch64-undefined/RPMS/aarch64/bpftrace-common-0.24.2-1.aarch64.rpm	14ad1b24a42878d004e839552da2ae5fb39c67ce6af5b46476f62c07795835ec	rpmlib(PayloadFilesHavePrefix) <= 4.0-1
aarch64	undefined	/home/toolchain/development/libc++_replacement/tmp/BPF_W1_0921/rpm-bpf-aarch64-undefined/RPMS/aarch64/bpftrace-common-0.24.2-1.aarch64.rpm	14ad1b24a42878d004e839552da2ae5fb39c67ce6af5b46476f62c07795835ec	rpmlib(PayloadIsXz) <= 5.2-1
aarch64	undefined	/home/toolchain/development/libc++_replacement/tmp/BPF_W1_0921/rpm-bpf-aarch64-undefined/RPMS/aarch64/bpftrace-static-0.24.2-1.aarch64.rpm	f3e706679925f3027a0b1109269b3c97c26883ce94b9a4cb4b9326c8111bc822	/bin/sh
aarch64	undefined	/home/toolchain/development/libc++_replacement/tmp/BPF_W1_0921/rpm-bpf-aarch64-undefined/RPMS/aarch64/bpftrace-static-0.24.2-1.aarch64.rpm	f3e706679925f3027a0b1109269b3c97c26883ce94b9a4cb4b9326c8111bc822	/bin/sh
aarch64	undefined	/home/toolchain/development/libc++_replacement/tmp/BPF_W1_0921/rpm-bpf-aarch64-undefined/RPMS/aarch64/bpftrace-static-0.24.2-1.aarch64.rpm	f3e706679925f3027a0b1109269b3c97c26883ce94b9a4cb4b9326c8111bc822	ld-linux-aarch64.so.1()(64bit)
aarch64	undefined	/home/toolchain/development/libc++_replacement/tmp/BPF_W1_0921/rpm-bpf-aarch64-undefined/RPMS/aarch64/bpftrace-static-0.24.2-1.aarch64.rpm	f3e706679925f3027a0b1109269b3c97c26883ce94b9a4cb4b9326c8111bc822	ld-linux-aarch64.so.1(GLIBC_2.17)(64bit)
aarch64	undefined	/home/toolchain/development/libc++_replacement/tmp/BPF_W1_0921/rpm-bpf-aarch64-undefined/RPMS/aarch64/bpftrace-static-0.24.2-1.aarch64.rpm	f3e706679925f3027a0b1109269b3c97c26883ce94b9a4cb4b9326c8111bc822	libc.so.6()(64bit)
aarch64	undefined	/home/toolchain/development/libc++_replacement/tmp/BPF_W1_0921/rpm-bpf-aarch64-undefined/RPMS/aarch64/bpftrace-static-0.24.2-1.aarch64.rpm	f3e706679925f3027a0b1109269b3c97c26883ce94b9a4cb4b9326c8111bc822	libc.so.6(GLIBC_2.17)(64bit)
aarch64	undefined	/home/toolchain/development/libc++_replacement/tmp/BPF_W1_0921/rpm-bpf-aarch64-undefined/RPMS/aarch64/bpftrace-static-0.24.2-1.aarch64.rpm	f3e706679925f3027a0b1109269b3c97c26883ce94b9a4cb4b9326c8111bc822	libc.so.6(GLIBC_2.22)(64bit)
aarch64	undefined	/home/toolchain/development/libc++_replacement/tmp/BPF_W1_0921/rpm-bpf-aarch64-undefined/RPMS/aarch64/bpftrace-static-0.24.2-1.aarch64.rpm	f3e706679925f3027a0b1109269b3c97c26883ce94b9a4cb4b9326c8111bc822	libc.so.6(GLIBC_2.25)(64bit)
aarch64	undefined	/home/toolchain/development/libc++_replacement/tmp/BPF_W1_0921/rpm-bpf-aarch64-undefined/RPMS/aarch64/bpftrace-static-0.24.2-1.aarch64.rpm	f3e706679925f3027a0b1109269b3c97c26883ce94b9a4cb4b9326c8111bc822	libc.so.6(GLIBC_2.27)(64bit)
aarch64	undefined	/home/toolchain/development/libc++_replacement/tmp/BPF_W1_0921/rpm-bpf-aarch64-undefined/RPMS/aarch64/bpftrace-static-0.24.2-1.aarch64.rpm	f3e706679925f3027a0b1109269b3c97c26883ce94b9a4cb4b9326c8111bc822	libc.so.6(GLIBC_2.28)(64bit)
aarch64	undefined	/home/toolchain/development/libc++_replacement/tmp/BPF_W1_0921/rpm-bpf-aarch64-undefined/RPMS/aarch64/bpftrace-static-0.24.2-1.aarch64.rpm	f3e706679925f3027a0b1109269b3c97c26883ce94b9a4cb4b9326c8111bc822	libc.so.6(GLIBC_2.32)(64bit)
aarch64	undefined	/home/toolchain/development/libc++_replacement/tmp/BPF_W1_0921/rpm-bpf-aarch64-undefined/RPMS/aarch64/bpftrace-static-0.24.2-1.aarch64.rpm	f3e706679925f3027a0b1109269b3c97c26883ce94b9a4cb4b9326c8111bc822	libc.so.6(GLIBC_2.33)(64bit)
aarch64	undefined	/home/toolchain/development/libc++_replacement/tmp/BPF_W1_0921/rpm-bpf-aarch64-undefined/RPMS/aarch64/bpftrace-static-0.24.2-1.aarch64.rpm	f3e706679925f3027a0b1109269b3c97c26883ce94b9a4cb4b9326c8111bc822	libc.so.6(GLIBC_2.34)(64bit)
aarch64	undefined	/home/toolchain/development/libc++_replacement/tmp/BPF_W1_0921/rpm-bpf-aarch64-undefined/RPMS/aarch64/bpftrace-static-0.24.2-1.aarch64.rpm	f3e706679925f3027a0b1109269b3c97c26883ce94b9a4cb4b9326c8111bc822	libc.so.6(GLIBC_2.35)(64bit)
aarch64	undefined	/home/toolchain/development/libc++_replacement/tmp/BPF_W1_0921/rpm-bpf-aarch64-undefined/RPMS/aarch64/bpftrace-static-0.24.2-1.aarch64.rpm	f3e706679925f3027a0b1109269b3c97c26883ce94b9a4cb4b9326c8111bc822	libc.so.6(GLIBC_2.36)(64bit)
aarch64	undefined	/home/toolchain/development/libc++_replacement/tmp/BPF_W1_0921/rpm-bpf-aarch64-undefined/RPMS/aarch64/bpftrace-static-0.24.2-1.aarch64.rpm	f3e706679925f3027a0b1109269b3c97c26883ce94b9a4cb4b9326c8111bc822	libc.so.6(GLIBC_2.38)(64bit)
aarch64	undefined	/home/toolchain/development/libc++_replacement/tmp/BPF_W1_0921/rpm-bpf-aarch64-undefined/RPMS/aarch64/bpftrace-static-0.24.2-1.aarch64.rpm	f3e706679925f3027a0b1109269b3c97c26883ce94b9a4cb4b9326c8111bc822	libm.so.6()(64bit)
aarch64	undefined	/home/toolchain/development/libc++_replacement/tmp/BPF_W1_0921/rpm-bpf-aarch64-undefined/RPMS/aarch64/bpftrace-static-0.24.2-1.aarch64.rpm	f3e706679925f3027a0b1109269b3c97c26883ce94b9a4cb4b9326c8111bc822	libm.so.6(GLIBC_2.17)(64bit)
aarch64	undefined	/home/toolchain/development/libc++_replacement/tmp/BPF_W1_0921/rpm-bpf-aarch64-undefined/RPMS/aarch64/bpftrace-static-0.24.2-1.aarch64.rpm	f3e706679925f3027a0b1109269b3c97c26883ce94b9a4cb4b9326c8111bc822	libm.so.6(GLIBC_2.27)(64bit)
aarch64	undefined	/home/toolchain/development/libc++_replacement/tmp/BPF_W1_0921/rpm-bpf-aarch64-undefined/RPMS/aarch64/bpftrace-static-0.24.2-1.aarch64.rpm	f3e706679925f3027a0b1109269b3c97c26883ce94b9a4cb4b9326c8111bc822	libm.so.6(GLIBC_2.29)(64bit)
aarch64	undefined	/home/toolchain/development/libc++_replacement/tmp/BPF_W1_0921/rpm-bpf-aarch64-undefined/RPMS/aarch64/bpftrace-static-0.24.2-1.aarch64.rpm	f3e706679925f3027a0b1109269b3c97c26883ce94b9a4cb4b9326c8111bc822	rpmlib(CompressedFileNames) <= 3.0.4-1
aarch64	undefined	/home/toolchain/development/libc++_replacement/tmp/BPF_W1_0921/rpm-bpf-aarch64-undefined/RPMS/aarch64/bpftrace-static-0.24.2-1.aarch64.rpm	f3e706679925f3027a0b1109269b3c97c26883ce94b9a4cb4b9326c8111bc822	rpmlib(FileDigests) <= 4.6.0-1
aarch64	undefined	/home/toolchain/development/libc++_replacement/tmp/BPF_W1_0921/rpm-bpf-aarch64-undefined/RPMS/aarch64/bpftrace-static-0.24.2-1.aarch64.rpm	f3e706679925f3027a0b1109269b3c97c26883ce94b9a4cb4b9326c8111bc822	rpmlib(PayloadFilesHavePrefix) <= 4.0-1
aarch64	undefined	/home/toolchain/development/libc++_replacement/tmp/BPF_W1_0921/rpm-bpf-aarch64-undefined/RPMS/aarch64/bpftrace-static-0.24.2-1.aarch64.rpm	f3e706679925f3027a0b1109269b3c97c26883ce94b9a4cb4b9326c8111bc822	rpmlib(PayloadIsXz) <= 5.2-1
