test	patched	baseline	relation
benchmarks/adjacent_view_begin.bench.cpp	UNSUPPORTED	UNSUPPORTED	SAME
benchmarks/algorithms/lexicographical_compare.bench.cpp	UNSUPPORTED	UNSUPPORTED	SAME
benchmarks/algorithms/lexicographical_compare_three_way.bench.cpp	UNSUPPORTED	UNSUPPORTED	SAME
benchmarks/algorithms/lower_bound.bench.cpp	UNSUPPORTED	UNSUPPORTED	SAME
benchmarks/algorithms/make_heap.bench.cpp	UNSUPPORTED	UNSUPPORTED	SAME
benchmarks/algorithms/make_heap_then_sort_heap.bench.cpp	UNSUPPORTED	UNSUPPORTED	SAME
benchmarks/algorithms/min.bench.cpp	UNSUPPORTED	UNSUPPORTED	SAME
benchmarks/algorithms/min_max_element.bench.cpp	UNSUPPORTED	UNSUPPORTED	SAME
benchmarks/algorithms/minmax.bench.cpp	UNSUPPORTED	UNSUPPORTED	SAME
benchmarks/algorithms/modifying/copy.bench.cpp	UNSUPPORTED	UNSUPPORTED	SAME
benchmarks/algorithms/modifying/copy_backward.bench.cpp	UNSUPPORTED	UNSUPPORTED	SAME
benchmarks/algorithms/modifying/copy_if.bench.cpp	UNSUPPORTED	UNSUPPORTED	SAME
benchmarks/algorithms/modifying/copy_n.bench.cpp	UNSUPPORTED	UNSUPPORTED	SAME
benchmarks/algorithms/modifying/fill.bench.cpp	UNSUPPORTED	UNSUPPORTED	SAME
benchmarks/algorithms/modifying/fill_n.bench.cpp	UNSUPPORTED	UNSUPPORTED	SAME
benchmarks/algorithms/modifying/generate.bench.cpp	UNSUPPORTED	UNSUPPORTED	SAME
benchmarks/algorithms/modifying/generate_n.bench.cpp	UNSUPPORTED	UNSUPPORTED	SAME
benchmarks/algorithms/modifying/move.bench.cpp	UNSUPPORTED	UNSUPPORTED	SAME
benchmarks/algorithms/modifying/move_backward.bench.cpp	UNSUPPORTED	UNSUPPORTED	SAME
benchmarks/algorithms/modifying/remove.bench.cpp	UNSUPPORTED	UNSUPPORTED	SAME
benchmarks/algorithms/modifying/remove_copy.bench.cpp	UNSUPPORTED	UNSUPPORTED	SAME
benchmarks/algorithms/modifying/replace.bench.cpp	UNSUPPORTED	UNSUPPORTED	SAME
benchmarks/algorithms/modifying/reverse.bench.cpp	UNSUPPORTED	UNSUPPORTED	SAME
benchmarks/algorithms/modifying/reverse_copy.bench.cpp	UNSUPPORTED	UNSUPPORTED	SAME
benchmarks/algorithms/modifying/rotate.bench.cpp	UNSUPPORTED	UNSUPPORTED	SAME
benchmarks/algorithms/modifying/rotate_copy.bench.cpp	UNSUPPORTED	UNSUPPORTED	SAME
benchmarks/algorithms/modifying/sample.bench.cpp	UNSUPPORTED	UNSUPPORTED	SAME
benchmarks/algorithms/modifying/shift_left.bench.cpp	UNSUPPORTED	UNSUPPORTED	SAME
benchmarks/algorithms/modifying/shift_right.bench.cpp	UNSUPPORTED	UNSUPPORTED	SAME
benchmarks/algorithms/modifying/shuffle.bench.cpp	UNSUPPORTED	UNSUPPORTED	SAME
benchmarks/algorithms/modifying/swap_ranges.bench.cpp	UNSUPPORTED	UNSUPPORTED	SAME
benchmarks/algorithms/modifying/transform.binary.bench.cpp	UNSUPPORTED	UNSUPPORTED	SAME
benchmarks/algorithms/modifying/transform.unary.bench.cpp	UNSUPPORTED	UNSUPPORTED	SAME
benchmarks/algorithms/modifying/unique.bench.cpp	UNSUPPORTED	UNSUPPORTED	SAME
benchmarks/algorithms/modifying/unique_copy.bench.cpp	UNSUPPORTED	UNSUPPORTED	SAME
benchmarks/algorithms/nonmodifying/adjacent_find.bench.cpp	UNSUPPORTED	UNSUPPORTED	SAME
benchmarks/algorithms/nonmodifying/any_all_none_of.bench.cpp	UNSUPPORTED	UNSUPPORTED	SAME
benchmarks/algorithms/nonmodifying/contains.bench.cpp	UNSUPPORTED	UNSUPPORTED	SAME
benchmarks/algorithms/nonmodifying/contains_subrange.bench.cpp	UNSUPPORTED	UNSUPPORTED	SAME
benchmarks/algorithms/nonmodifying/count.bench.cpp	UNSUPPORTED	UNSUPPORTED	SAME
benchmarks/algorithms/nonmodifying/ends_with.bench.cpp	UNSUPPORTED	UNSUPPORTED	SAME
benchmarks/algorithms/nonmodifying/equal.bench.cpp	UNSUPPORTED	UNSUPPORTED	SAME
benchmarks/algorithms/nonmodifying/find.bench.cpp	UNSUPPORTED	UNSUPPORTED	SAME
benchmarks/algorithms/nonmodifying/find_end.bench.cpp	UNSUPPORTED	UNSUPPORTED	SAME
benchmarks/algorithms/nonmodifying/find_first_of.bench.cpp	UNSUPPORTED	UNSUPPORTED	SAME
benchmarks/algorithms/nonmodifying/find_last.bench.cpp	UNSUPPORTED	UNSUPPORTED	SAME
benchmarks/algorithms/nonmodifying/fold.bench.cpp	UNSUPPORTED	UNSUPPORTED	SAME
benchmarks/algorithms/nonmodifying/for_each.bench.cpp	UNSUPPORTED	UNSUPPORTED	SAME
benchmarks/algorithms/nonmodifying/for_each_n.bench.cpp	UNSUPPORTED	UNSUPPORTED	SAME
benchmarks/algorithms/nonmodifying/is_permutation.bench.cpp	UNSUPPORTED	UNSUPPORTED	SAME
benchmarks/algorithms/nonmodifying/mismatch.bench.cpp	UNSUPPORTED	UNSUPPORTED	SAME
benchmarks/algorithms/nonmodifying/search.bench.cpp	UNSUPPORTED	UNSUPPORTED	SAME
benchmarks/algorithms/nonmodifying/search_n.bench.cpp	UNSUPPORTED	UNSUPPORTED	SAME
benchmarks/algorithms/nonmodifying/starts_with.bench.cpp	UNSUPPORTED	UNSUPPORTED	SAME
benchmarks/algorithms/partitions/is_partitioned.bench.cpp	UNSUPPORTED	UNSUPPORTED	SAME
benchmarks/algorithms/partitions/partition.bench.cpp	UNSUPPORTED	UNSUPPORTED	SAME
benchmarks/algorithms/partitions/partition_copy.bench.cpp	UNSUPPORTED	UNSUPPORTED	SAME
benchmarks/algorithms/partitions/partition_point.bench.cpp	UNSUPPORTED	UNSUPPORTED	SAME
benchmarks/algorithms/partitions/stable_partition.bench.cpp	UNSUPPORTED	UNSUPPORTED	SAME
benchmarks/algorithms/pop_heap.bench.cpp	UNSUPPORTED	UNSUPPORTED	SAME
benchmarks/algorithms/push_heap.bench.cpp	UNSUPPORTED	UNSUPPORTED	SAME
benchmarks/algorithms/ranges_make_heap.bench.cpp	UNSUPPORTED	UNSUPPORTED	SAME
benchmarks/algorithms/ranges_make_heap_then_sort_heap.bench.cpp	UNSUPPORTED	UNSUPPORTED	SAME
benchmarks/algorithms/ranges_pop_heap.bench.cpp	UNSUPPORTED	UNSUPPORTED	SAME
benchmarks/algorithms/ranges_push_heap.bench.cpp	UNSUPPORTED	UNSUPPORTED	SAME
benchmarks/algorithms/ranges_sort_heap.bench.cpp	UNSUPPORTED	UNSUPPORTED	SAME
benchmarks/algorithms/set_intersection.bench.cpp	UNSUPPORTED	UNSUPPORTED	SAME
benchmarks/algorithms/sort_heap.bench.cpp	UNSUPPORTED	UNSUPPORTED	SAME
benchmarks/algorithms/sorting/is_sorted.bench.cpp	UNSUPPORTED	UNSUPPORTED	SAME
benchmarks/algorithms/sorting/is_sorted_until.bench.cpp	UNSUPPORTED	UNSUPPORTED	SAME
benchmarks/algorithms/sorting/partial_sort.bench.cpp	UNSUPPORTED	UNSUPPORTED	SAME
benchmarks/algorithms/sorting/partial_sort_copy.bench.cpp	UNSUPPORTED	UNSUPPORTED	SAME
benchmarks/algorithms/sorting/sort.bench.cpp	UNSUPPORTED	UNSUPPORTED	SAME
benchmarks/algorithms/sorting/stable_sort.bench.cpp	UNSUPPORTED	UNSUPPORTED	SAME
benchmarks/algorithms/swap_ranges.bench.cpp	UNSUPPORTED	UNSUPPORTED	SAME
benchmarks/atomic_wait_1_waiter_1_notifier.bench.cpp	UNSUPPORTED	UNSUPPORTED	SAME
benchmarks/atomic_wait_N_waiter_N_notifier.bench.cpp	UNSUPPORTED	UNSUPPORTED	SAME
benchmarks/atomic_wait_multi_waiter_1_notifier.bench.cpp	UNSUPPORTED	UNSUPPORTED	SAME
benchmarks/atomic_wait_vs_mutex_lock.bench.cpp	UNSUPPORTED	UNSUPPORTED	SAME
benchmarks/bitset.bench.cpp	UNSUPPORTED	UNSUPPORTED	SAME
benchmarks/containers/associative/flat_map.bench.cpp	UNSUPPORTED	UNSUPPORTED	SAME
benchmarks/containers/associative/flat_multimap.bench.cpp	UNSUPPORTED	UNSUPPORTED	SAME
benchmarks/containers/associative/map.bench.cpp	UNSUPPORTED	UNSUPPORTED	SAME
benchmarks/containers/associative/multimap.bench.cpp	UNSUPPORTED	UNSUPPORTED	SAME
benchmarks/containers/associative/multiset.bench.cpp	UNSUPPORTED	UNSUPPORTED	SAME
benchmarks/containers/associative/set.bench.cpp	UNSUPPORTED	UNSUPPORTED	SAME
benchmarks/containers/associative/unordered_map.bench.cpp	UNSUPPORTED	UNSUPPORTED	SAME
benchmarks/containers/associative/unordered_multimap.bench.cpp	UNSUPPORTED	UNSUPPORTED	SAME
benchmarks/containers/associative/unordered_multiset.bench.cpp	UNSUPPORTED	UNSUPPORTED	SAME
benchmarks/containers/associative/unordered_set.bench.cpp	UNSUPPORTED	UNSUPPORTED	SAME
benchmarks/containers/deque_iterator.bench.cpp	UNSUPPORTED	UNSUPPORTED	SAME
benchmarks/containers/sequence/deque.bench.cpp	UNSUPPORTED	UNSUPPORTED	SAME
benchmarks/containers/sequence/list.bench.cpp	UNSUPPORTED	UNSUPPORTED	SAME
benchmarks/containers/sequence/vector.bench.cpp	UNSUPPORTED	UNSUPPORTED	SAME
benchmarks/containers/sequence/vector_bool.bench.cpp	UNSUPPORTED	UNSUPPORTED	SAME
benchmarks/containers/string.bench.cpp	UNSUPPORTED	UNSUPPORTED	SAME
benchmarks/exception_ptr.bench.cpp	UNSUPPORTED	UNSUPPORTED	SAME
benchmarks/filesystem.bench.cpp	UNSUPPORTED	UNSUPPORTED	SAME
benchmarks/format/format.bench.cpp	UNSUPPORTED	UNSUPPORTED	SAME
benchmarks/format/format_to.bench.cpp	UNSUPPORTED	UNSUPPORTED	SAME
benchmarks/format/format_to_n.bench.cpp	UNSUPPORTED	UNSUPPORTED	SAME
benchmarks/format/formatted_size.bench.cpp	UNSUPPORTED	UNSUPPORTED	SAME
benchmarks/format/formatter_float.bench.cpp	UNSUPPORTED	UNSUPPORTED	SAME
benchmarks/format/formatter_int.bench.cpp	UNSUPPORTED	UNSUPPORTED	SAME
benchmarks/format/std_format_spec_string_unicode.bench.cpp	UNSUPPORTED	UNSUPPORTED	SAME
benchmarks/format/std_format_spec_string_unicode_escape.bench.cpp	UNSUPPORTED	UNSUPPORTED	SAME
benchmarks/format/write_double_comparison.bench.cpp	UNSUPPORTED	UNSUPPORTED	SAME
benchmarks/format/write_int_comparison.bench.cpp	UNSUPPORTED	UNSUPPORTED	SAME
benchmarks/format/write_string_comparison.bench.cpp	UNSUPPORTED	UNSUPPORTED	SAME
benchmarks/function.bench.cpp	UNSUPPORTED	UNSUPPORTED	SAME
benchmarks/hash.bench.cpp	UNSUPPORTED	UNSUPPORTED	SAME
benchmarks/iterators/distance.bench.cpp	UNSUPPORTED	UNSUPPORTED	SAME
benchmarks/join_view.bench.cpp	UNSUPPORTED	UNSUPPORTED	SAME
benchmarks/libcxxabi/dynamic_cast.bench.cpp	UNSUPPORTED	UNSUPPORTED	SAME
benchmarks/libcxxabi/dynamic_cast_old_stress.bench.cpp	UNSUPPORTED	UNSUPPORTED	SAME
benchmarks/locale/ctype.bench.cpp	UNSUPPORTED	UNSUPPORTED	SAME
benchmarks/locale/num_get.bench.cpp	UNSUPPORTED	UNSUPPORTED	SAME
benchmarks/locale/num_put.bench.cpp	UNSUPPORTED	UNSUPPORTED	SAME
benchmarks/memory/align.bench.cpp	UNSUPPORTED	UNSUPPORTED	SAME
benchmarks/monotonic_buffer.bench.cpp	UNSUPPORTED	UNSUPPORTED	SAME
benchmarks/numeric/gcd.bench.cpp	UNSUPPORTED	UNSUPPORTED	SAME
benchmarks/random.bench.cpp	UNSUPPORTED	UNSUPPORTED	SAME
benchmarks/shared_mutex_vs_mutex.bench.cpp	UNSUPPORTED	UNSUPPORTED	SAME
benchmarks/spec.gen.py	UNSUPPORTED	UNSUPPORTED	SAME
benchmarks/stop_token.bench.cpp	UNSUPPORTED	UNSUPPORTED	SAME
benchmarks/streams/getline.bench.cpp	UNSUPPORTED	UNSUPPORTED	SAME
benchmarks/streams/ofstream.bench.cpp	UNSUPPORTED	UNSUPPORTED	SAME
benchmarks/stringstream.bench.cpp	UNSUPPORTED	UNSUPPORTED	SAME
benchmarks/system_error.bench.cpp	UNSUPPORTED	UNSUPPORTED	SAME
benchmarks/to_chars.bench.cpp	UNSUPPORTED	UNSUPPORTED	SAME
benchmarks/utc_clock.bench.cpp	UNSUPPORTED	UNSUPPORTED	SAME
benchmarks/util_smartptr.bench.cpp	UNSUPPORTED	UNSUPPORTED	SAME
benchmarks/utility/cmp.bench.cpp	UNSUPPORTED	UNSUPPORTED	SAME
benchmarks/variant.bench.cpp	UNSUPPORTED	UNSUPPORTED	SAME
extensions/all/cstddef.compile.pass.cpp	PASS	PASS	SAME
extensions/clang/clang_modules_include.gen.py/algorithm.compile.pass.cpp	FAIL	FAIL	SAME
extensions/clang/clang_modules_include.gen.py/any.compile.pass.cpp	FAIL	FAIL	SAME
extensions/clang/clang_modules_include.gen.py/array.compile.pass.cpp	FAIL	FAIL	SAME
extensions/clang/clang_modules_include.gen.py/atomic.compile.pass.cpp	FAIL	FAIL	SAME
extensions/clang/clang_modules_include.gen.py/barrier.compile.pass.cpp	FAIL	FAIL	SAME
extensions/clang/clang_modules_include.gen.py/bit.compile.pass.cpp	FAIL	FAIL	SAME
extensions/clang/clang_modules_include.gen.py/bitset.compile.pass.cpp	FAIL	FAIL	SAME
extensions/clang/clang_modules_include.gen.py/cassert.compile.pass.cpp	PASS	PASS	SAME
extensions/clang/clang_modules_include.gen.py/ccomplex.compile.pass.cpp	FAIL	FAIL	SAME
extensions/clang/clang_modules_include.gen.py/cctype.compile.pass.cpp	FAIL	FAIL	SAME
extensions/clang/clang_modules_include.gen.py/cerrno.compile.pass.cpp	FAIL	FAIL	SAME
extensions/clang/clang_modules_include.gen.py/cfenv.compile.pass.cpp	FAIL	FAIL	SAME
extensions/clang/clang_modules_include.gen.py/cfloat.compile.pass.cpp	FAIL	FAIL	SAME
extensions/clang/clang_modules_include.gen.py/charconv.compile.pass.cpp	FAIL	FAIL	SAME
extensions/clang/clang_modules_include.gen.py/chrono.compile.pass.cpp	FAIL	FAIL	SAME
extensions/clang/clang_modules_include.gen.py/cinttypes.compile.pass.cpp	FAIL	FAIL	SAME
extensions/clang/clang_modules_include.gen.py/ciso646.compile.pass.cpp	FAIL	FAIL	SAME
extensions/clang/clang_modules_include.gen.py/climits.compile.pass.cpp	FAIL	FAIL	SAME
extensions/clang/clang_modules_include.gen.py/clocale.compile.pass.cpp	FAIL	FAIL	SAME
extensions/clang/clang_modules_include.gen.py/cmath.compile.pass.cpp	FAIL	FAIL	SAME
extensions/clang/clang_modules_include.gen.py/codecvt.compile.pass.cpp	FAIL	FAIL	SAME
extensions/clang/clang_modules_include.gen.py/compare.compile.pass.cpp	FAIL	FAIL	SAME
extensions/clang/clang_modules_include.gen.py/complex.compile.pass.cpp	FAIL	FAIL	SAME
extensions/clang/clang_modules_include.gen.py/complex.h.compile.pass.cpp	FAIL	FAIL	SAME
extensions/clang/clang_modules_include.gen.py/concepts.compile.pass.cpp	FAIL	FAIL	SAME
extensions/clang/clang_modules_include.gen.py/condition_variable.compile.pass.cpp	FAIL	FAIL	SAME
extensions/clang/clang_modules_include.gen.py/coroutine.compile.pass.cpp	FAIL	FAIL	SAME
extensions/clang/clang_modules_include.gen.py/csetjmp.compile.pass.cpp	PASS	PASS	SAME
extensions/clang/clang_modules_include.gen.py/csignal.compile.pass.cpp	FAIL	FAIL	SAME
extensions/clang/clang_modules_include.gen.py/cstdalign.compile.pass.cpp	FAIL	FAIL	SAME
extensions/clang/clang_modules_include.gen.py/cstdarg.compile.pass.cpp	FAIL	FAIL	SAME
extensions/clang/clang_modules_include.gen.py/cstdbool.compile.pass.cpp	FAIL	FAIL	SAME
extensions/clang/clang_modules_include.gen.py/cstddef.compile.pass.cpp	FAIL	FAIL	SAME
extensions/clang/clang_modules_include.gen.py/cstdint.compile.pass.cpp	FAIL	FAIL	SAME
extensions/clang/clang_modules_include.gen.py/cstdio.compile.pass.cpp	FAIL	FAIL	SAME
extensions/clang/clang_modules_include.gen.py/cstdlib.compile.pass.cpp	FAIL	FAIL	SAME
extensions/clang/clang_modules_include.gen.py/cstring.compile.pass.cpp	FAIL	FAIL	SAME
extensions/clang/clang_modules_include.gen.py/ctgmath.compile.pass.cpp	FAIL	FAIL	SAME
extensions/clang/clang_modules_include.gen.py/ctime.compile.pass.cpp	FAIL	FAIL	SAME
extensions/clang/clang_modules_include.gen.py/ctype.h.compile.pass.cpp	FAIL	FAIL	SAME
extensions/clang/clang_modules_include.gen.py/cuchar.compile.pass.cpp	FAIL	FAIL	SAME
extensions/clang/clang_modules_include.gen.py/cwchar.compile.pass.cpp	FAIL	FAIL	SAME
extensions/clang/clang_modules_include.gen.py/cwctype.compile.pass.cpp	FAIL	FAIL	SAME
extensions/clang/clang_modules_include.gen.py/deque.compile.pass.cpp	FAIL	FAIL	SAME
extensions/clang/clang_modules_include.gen.py/errno.h.compile.pass.cpp	FAIL	FAIL	SAME
extensions/clang/clang_modules_include.gen.py/exception.compile.pass.cpp	FAIL	FAIL	SAME
extensions/clang/clang_modules_include.gen.py/execution.compile.pass.cpp	FAIL	FAIL	SAME
extensions/clang/clang_modules_include.gen.py/expected.compile.pass.cpp	FAIL	FAIL	SAME
extensions/clang/clang_modules_include.gen.py/experimental/iterator.compile.pass.cpp	FAIL	FAIL	SAME
extensions/clang/clang_modules_include.gen.py/experimental/memory.compile.pass.cpp	FAIL	FAIL	SAME
extensions/clang/clang_modules_include.gen.py/experimental/propagate_const.compile.pass.cpp	FAIL	FAIL	SAME
extensions/clang/clang_modules_include.gen.py/experimental/simd.compile.pass.cpp	FAIL	FAIL	SAME
extensions/clang/clang_modules_include.gen.py/experimental/type_traits.compile.pass.cpp	FAIL	FAIL	SAME
extensions/clang/clang_modules_include.gen.py/experimental/utility.compile.pass.cpp	FAIL	FAIL	SAME
extensions/clang/clang_modules_include.gen.py/fenv.h.compile.pass.cpp	FAIL	FAIL	SAME
extensions/clang/clang_modules_include.gen.py/filesystem.compile.pass.cpp	FAIL	FAIL	SAME
extensions/clang/clang_modules_include.gen.py/flat_map.compile.pass.cpp	FAIL	FAIL	SAME
extensions/clang/clang_modules_include.gen.py/flat_set.compile.pass.cpp	FAIL	FAIL	SAME
extensions/clang/clang_modules_include.gen.py/float.h.compile.pass.cpp	FAIL	FAIL	SAME
extensions/clang/clang_modules_include.gen.py/format.compile.pass.cpp	FAIL	FAIL	SAME
extensions/clang/clang_modules_include.gen.py/forward_list.compile.pass.cpp	FAIL	FAIL	SAME
extensions/clang/clang_modules_include.gen.py/fstream.compile.pass.cpp	FAIL	FAIL	SAME
extensions/clang/clang_modules_include.gen.py/functional.compile.pass.cpp	FAIL	FAIL	SAME
extensions/clang/clang_modules_include.gen.py/future.compile.pass.cpp	FAIL	FAIL	SAME
extensions/clang/clang_modules_include.gen.py/import_std.compile.pass.mm	UNSUPPORTED	UNSUPPORTED	SAME
extensions/clang/clang_modules_include.gen.py/initializer_list.compile.pass.cpp	FAIL	FAIL	SAME
extensions/clang/clang_modules_include.gen.py/inttypes.h.compile.pass.cpp	FAIL	FAIL	SAME
extensions/clang/clang_modules_include.gen.py/iomanip.compile.pass.cpp	FAIL	FAIL	SAME
extensions/clang/clang_modules_include.gen.py/ios.compile.pass.cpp	FAIL	FAIL	SAME
extensions/clang/clang_modules_include.gen.py/iosfwd.compile.pass.cpp	FAIL	FAIL	SAME
extensions/clang/clang_modules_include.gen.py/iostream.compile.pass.cpp	FAIL	FAIL	SAME
extensions/clang/clang_modules_include.gen.py/istream.compile.pass.cpp	FAIL	FAIL	SAME
extensions/clang/clang_modules_include.gen.py/iterator.compile.pass.cpp	FAIL	FAIL	SAME
extensions/clang/clang_modules_include.gen.py/latch.compile.pass.cpp	FAIL	FAIL	SAME
extensions/clang/clang_modules_include.gen.py/limits.compile.pass.cpp	FAIL	FAIL	SAME
extensions/clang/clang_modules_include.gen.py/list.compile.pass.cpp	FAIL	FAIL	SAME
extensions/clang/clang_modules_include.gen.py/locale.compile.pass.cpp	FAIL	FAIL	SAME
extensions/clang/clang_modules_include.gen.py/map.compile.pass.cpp	FAIL	FAIL	SAME
extensions/clang/clang_modules_include.gen.py/math.h.compile.pass.cpp	FAIL	FAIL	SAME
extensions/clang/clang_modules_include.gen.py/mdspan.compile.pass.cpp	FAIL	FAIL	SAME
extensions/clang/clang_modules_include.gen.py/memory.compile.pass.cpp	FAIL	FAIL	SAME
extensions/clang/clang_modules_include.gen.py/memory_resource.compile.pass.cpp	FAIL	FAIL	SAME
extensions/clang/clang_modules_include.gen.py/mutex.compile.pass.cpp	FAIL	FAIL	SAME
extensions/clang/clang_modules_include.gen.py/new.compile.pass.cpp	FAIL	FAIL	SAME
extensions/clang/clang_modules_include.gen.py/numbers.compile.pass.cpp	FAIL	FAIL	SAME
extensions/clang/clang_modules_include.gen.py/numeric.compile.pass.cpp	FAIL	FAIL	SAME
extensions/clang/clang_modules_include.gen.py/optional.compile.pass.cpp	FAIL	FAIL	SAME
extensions/clang/clang_modules_include.gen.py/ostream.compile.pass.cpp	FAIL	FAIL	SAME
extensions/clang/clang_modules_include.gen.py/print.compile.pass.cpp	FAIL	FAIL	SAME
extensions/clang/clang_modules_include.gen.py/queue.compile.pass.cpp	FAIL	FAIL	SAME
extensions/clang/clang_modules_include.gen.py/random.compile.pass.cpp	FAIL	FAIL	SAME
extensions/clang/clang_modules_include.gen.py/ranges.compile.pass.cpp	FAIL	FAIL	SAME
extensions/clang/clang_modules_include.gen.py/ratio.compile.pass.cpp	FAIL	FAIL	SAME
extensions/clang/clang_modules_include.gen.py/regex.compile.pass.cpp	FAIL	FAIL	SAME
extensions/clang/clang_modules_include.gen.py/scoped_allocator.compile.pass.cpp	FAIL	FAIL	SAME
extensions/clang/clang_modules_include.gen.py/semaphore.compile.pass.cpp	FAIL	FAIL	SAME
extensions/clang/clang_modules_include.gen.py/set.compile.pass.cpp	FAIL	FAIL	SAME
extensions/clang/clang_modules_include.gen.py/shared_mutex.compile.pass.cpp	FAIL	FAIL	SAME
extensions/clang/clang_modules_include.gen.py/source_location.compile.pass.cpp	FAIL	FAIL	SAME
extensions/clang/clang_modules_include.gen.py/span.compile.pass.cpp	FAIL	FAIL	SAME
extensions/clang/clang_modules_include.gen.py/sstream.compile.pass.cpp	FAIL	FAIL	SAME
extensions/clang/clang_modules_include.gen.py/stack.compile.pass.cpp	FAIL	FAIL	SAME
extensions/clang/clang_modules_include.gen.py/stdatomic.h.compile.pass.cpp	FAIL	FAIL	SAME
extensions/clang/clang_modules_include.gen.py/stddef.h.compile.pass.cpp	FAIL	FAIL	SAME
extensions/clang/clang_modules_include.gen.py/stdexcept.compile.pass.cpp	FAIL	FAIL	SAME
extensions/clang/clang_modules_include.gen.py/stdio.h.compile.pass.cpp	FAIL	FAIL	SAME
extensions/clang/clang_modules_include.gen.py/stdlib.h.compile.pass.cpp	FAIL	FAIL	SAME
extensions/clang/clang_modules_include.gen.py/stop_token.compile.pass.cpp	FAIL	FAIL	SAME
extensions/clang/clang_modules_include.gen.py/streambuf.compile.pass.cpp	FAIL	FAIL	SAME
extensions/clang/clang_modules_include.gen.py/string.compile.pass.cpp	FAIL	FAIL	SAME
extensions/clang/clang_modules_include.gen.py/string.h.compile.pass.cpp	FAIL	FAIL	SAME
extensions/clang/clang_modules_include.gen.py/string_view.compile.pass.cpp	FAIL	FAIL	SAME
extensions/clang/clang_modules_include.gen.py/strstream.compile.pass.cpp	FAIL	FAIL	SAME
extensions/clang/clang_modules_include.gen.py/syncstream.compile.pass.cpp	FAIL	FAIL	SAME
extensions/clang/clang_modules_include.gen.py/system_error.compile.pass.cpp	FAIL	FAIL	SAME
extensions/clang/clang_modules_include.gen.py/tgmath.h.compile.pass.cpp	FAIL	FAIL	SAME
extensions/clang/clang_modules_include.gen.py/thread.compile.pass.cpp	FAIL	FAIL	SAME
extensions/clang/clang_modules_include.gen.py/tuple.compile.pass.cpp	FAIL	FAIL	SAME
extensions/clang/clang_modules_include.gen.py/type_traits.compile.pass.cpp	FAIL	FAIL	SAME
extensions/clang/clang_modules_include.gen.py/typeindex.compile.pass.cpp	FAIL	FAIL	SAME
extensions/clang/clang_modules_include.gen.py/typeinfo.compile.pass.cpp	FAIL	FAIL	SAME
extensions/clang/clang_modules_include.gen.py/uchar.h.compile.pass.cpp	FAIL	FAIL	SAME
extensions/clang/clang_modules_include.gen.py/unordered_map.compile.pass.cpp	FAIL	FAIL	SAME
extensions/clang/clang_modules_include.gen.py/unordered_set.compile.pass.cpp	FAIL	FAIL	SAME
extensions/clang/clang_modules_include.gen.py/utility.compile.pass.cpp	FAIL	FAIL	SAME
extensions/clang/clang_modules_include.gen.py/valarray.compile.pass.cpp	FAIL	FAIL	SAME
extensions/clang/clang_modules_include.gen.py/variant.compile.pass.cpp	FAIL	FAIL	SAME
extensions/clang/clang_modules_include.gen.py/vector.compile.pass.cpp	FAIL	FAIL	SAME
extensions/clang/clang_modules_include.gen.py/version.compile.pass.cpp	PASS	PASS	SAME
extensions/clang/clang_modules_include.gen.py/wchar.h.compile.pass.cpp	FAIL	FAIL	SAME
extensions/clang/clang_modules_include.gen.py/wctype.h.compile.pass.cpp	FAIL	FAIL	SAME
extensions/clang/thread/thread.mutex/lock.verify.cpp	PASS	PASS	SAME
extensions/clang/thread/thread.mutex/thread_safety_annotations_not_enabled.pass.cpp	PASS	PASS	SAME
extensions/clang/thread/thread.mutex/thread_safety_lock_guard.pass.cpp	PASS	PASS	SAME
extensions/clang/thread/thread.mutex/thread_safety_lock_unlock.pass.cpp	PASS	PASS	SAME
extensions/clang/thread/thread.mutex/thread_safety_missing_unlock.verify.cpp	PASS	PASS	SAME
extensions/clang/thread/thread.mutex/thread_safety_requires_capability.pass.cpp	PASS	PASS	SAME
extensions/gnu/hash/specializations.pass.cpp	PASS	PASS	SAME
extensions/gnu/hash/specializations.verify.cpp	PASS	PASS	SAME
extensions/gnu/hash_map/const_iterator.verify.cpp	PASS	PASS	SAME
extensions/gnu/hash_map/copy.pass.cpp	PASS	PASS	SAME
extensions/gnu/hash_map/hash_map.pass.cpp	PASS	PASS	SAME
extensions/gnu/hash_map/hash_map_name_lookup.pass.cpp	PASS	PASS	SAME
extensions/gnu/hash_multimap/copy.pass.cpp	PASS	PASS	SAME
extensions/gnu/hash_multimap/insert.pass.cpp	PASS	PASS	SAME
extensions/gnu/hash_multiset/copy.pass.cpp	PASS	PASS	SAME
extensions/gnu/hash_multiset/insert.pass.cpp	PASS	PASS	SAME
extensions/gnu/hash_set/copy.pass.cpp	PASS	PASS	SAME
extensions/gnu/hash_set/hash_set.pass.cpp	PASS	PASS	SAME
extensions/gnu/hash_set/hash_set_name_lookup.pass.cpp	PASS	PASS	SAME
extensions/libcxx/always_initialize_iterators.pass.cpp	PASS	PASS	SAME
extensions/libcxx/atomics/atomics.flag/init_bool.pass.cpp	PASS	PASS	SAME
extensions/libcxx/containers/associative/map/scary.compile.pass.cpp	PASS	PASS	SAME
extensions/libcxx/containers/associative/set/scary.compile.pass.cpp	PASS	PASS	SAME
extensions/libcxx/containers/associative/unord.map/scary.compile.pass.cpp	PASS	PASS	SAME
extensions/libcxx/containers/associative/unord.set/scary.compile.pass.cpp	PASS	PASS	SAME
extensions/libcxx/containers/sequences/deque/incomplete.pass.cpp	PASS	PASS	SAME
extensions/libcxx/depr/depr.c.headers/extern_c.pass.cpp	PASS	PASS	SAME
extensions/libcxx/depr/depr.c.headers/include_as_c.sh.cpp	PASS	PASS	SAME
extensions/libcxx/depr/depr.c.headers/stdint_h.std_types_t.compile.pass.cpp	PASS	PASS	SAME
extensions/libcxx/depr/depr.c.headers/stdint_h.xopen_source.compile.pass.cpp	PASS	PASS	SAME
extensions/libcxx/input.output/file.streams/fstreams/filebuf.members/close.dont-get-rid-of-buffer.pass.cpp	PASS	PASS	SAME
extensions/libcxx/input.output/file.streams/fstreams/fstream.cons/wchar_pointer.pass.cpp	UNSUPPORTED	UNSUPPORTED	SAME
extensions/libcxx/input.output/file.streams/fstreams/fstream.members/open_wchar_pointer.pass.cpp	UNSUPPORTED	UNSUPPORTED	SAME
extensions/libcxx/input.output/file.streams/fstreams/ifstream.cons/wchar_pointer.pass.cpp	UNSUPPORTED	UNSUPPORTED	SAME
extensions/libcxx/input.output/file.streams/fstreams/ifstream.members/open_wchar_pointer.pass.cpp	UNSUPPORTED	UNSUPPORTED	SAME
extensions/libcxx/input.output/file.streams/fstreams/ofstream.cons/wchar_pointer.pass.cpp	UNSUPPORTED	UNSUPPORTED	SAME
extensions/libcxx/input.output/file.streams/fstreams/ofstream.members/open_wchar_pointer.pass.cpp	UNSUPPORTED	UNSUPPORTED	SAME
extensions/libcxx/iterators/stream.iterators/ostreambuf.iterator/ostreambuf.iter.ops/failed.pass.cpp	PASS	PASS	SAME
extensions/libcxx/libcpp_version.gen.py/algorithm.compile.pass.cpp	PASS	PASS	SAME
extensions/libcxx/libcpp_version.gen.py/any.compile.pass.cpp	PASS	PASS	SAME
extensions/libcxx/libcpp_version.gen.py/array.compile.pass.cpp	PASS	PASS	SAME
extensions/libcxx/libcpp_version.gen.py/atomic.compile.pass.cpp	PASS	PASS	SAME
extensions/libcxx/libcpp_version.gen.py/barrier.compile.pass.cpp	PASS	PASS	SAME
extensions/libcxx/libcpp_version.gen.py/bit.compile.pass.cpp	PASS	PASS	SAME
extensions/libcxx/libcpp_version.gen.py/bitset.compile.pass.cpp	PASS	PASS	SAME
extensions/libcxx/libcpp_version.gen.py/cassert.compile.pass.cpp	PASS	PASS	SAME
extensions/libcxx/libcpp_version.gen.py/ccomplex.compile.pass.cpp	PASS	PASS	SAME
extensions/libcxx/libcpp_version.gen.py/cctype.compile.pass.cpp	PASS	PASS	SAME
extensions/libcxx/libcpp_version.gen.py/cerrno.compile.pass.cpp	PASS	PASS	SAME
extensions/libcxx/libcpp_version.gen.py/cfenv.compile.pass.cpp	PASS	PASS	SAME
extensions/libcxx/libcpp_version.gen.py/cfloat.compile.pass.cpp	PASS	PASS	SAME
extensions/libcxx/libcpp_version.gen.py/charconv.compile.pass.cpp	PASS	PASS	SAME
extensions/libcxx/libcpp_version.gen.py/chrono.compile.pass.cpp	PASS	PASS	SAME
extensions/libcxx/libcpp_version.gen.py/cinttypes.compile.pass.cpp	PASS	PASS	SAME
extensions/libcxx/libcpp_version.gen.py/ciso646.compile.pass.cpp	PASS	PASS	SAME
extensions/libcxx/libcpp_version.gen.py/climits.compile.pass.cpp	PASS	PASS	SAME
extensions/libcxx/libcpp_version.gen.py/clocale.compile.pass.cpp	PASS	PASS	SAME
extensions/libcxx/libcpp_version.gen.py/cmath.compile.pass.cpp	PASS	PASS	SAME
extensions/libcxx/libcpp_version.gen.py/codecvt.compile.pass.cpp	PASS	PASS	SAME
extensions/libcxx/libcpp_version.gen.py/compare.compile.pass.cpp	PASS	PASS	SAME
extensions/libcxx/libcpp_version.gen.py/complex.compile.pass.cpp	PASS	PASS	SAME
extensions/libcxx/libcpp_version.gen.py/complex.h.compile.pass.cpp	PASS	PASS	SAME
extensions/libcxx/libcpp_version.gen.py/concepts.compile.pass.cpp	PASS	PASS	SAME
extensions/libcxx/libcpp_version.gen.py/condition_variable.compile.pass.cpp	PASS	PASS	SAME
extensions/libcxx/libcpp_version.gen.py/coroutine.compile.pass.cpp	PASS	PASS	SAME
extensions/libcxx/libcpp_version.gen.py/csetjmp.compile.pass.cpp	PASS	PASS	SAME
extensions/libcxx/libcpp_version.gen.py/csignal.compile.pass.cpp	PASS	PASS	SAME
extensions/libcxx/libcpp_version.gen.py/cstdalign.compile.pass.cpp	PASS	PASS	SAME
extensions/libcxx/libcpp_version.gen.py/cstdarg.compile.pass.cpp	PASS	PASS	SAME
extensions/libcxx/libcpp_version.gen.py/cstdbool.compile.pass.cpp	PASS	PASS	SAME
extensions/libcxx/libcpp_version.gen.py/cstddef.compile.pass.cpp	PASS	PASS	SAME
extensions/libcxx/libcpp_version.gen.py/cstdint.compile.pass.cpp	PASS	PASS	SAME
extensions/libcxx/libcpp_version.gen.py/cstdio.compile.pass.cpp	PASS	PASS	SAME
extensions/libcxx/libcpp_version.gen.py/cstdlib.compile.pass.cpp	PASS	PASS	SAME
extensions/libcxx/libcpp_version.gen.py/cstring.compile.pass.cpp	PASS	PASS	SAME
extensions/libcxx/libcpp_version.gen.py/ctgmath.compile.pass.cpp	PASS	PASS	SAME
extensions/libcxx/libcpp_version.gen.py/ctime.compile.pass.cpp	PASS	PASS	SAME
extensions/libcxx/libcpp_version.gen.py/ctype.h.compile.pass.cpp	PASS	PASS	SAME
extensions/libcxx/libcpp_version.gen.py/cuchar.compile.pass.cpp	PASS	PASS	SAME
extensions/libcxx/libcpp_version.gen.py/cwchar.compile.pass.cpp	PASS	PASS	SAME
extensions/libcxx/libcpp_version.gen.py/cwctype.compile.pass.cpp	PASS	PASS	SAME
extensions/libcxx/libcpp_version.gen.py/deque.compile.pass.cpp	PASS	PASS	SAME
extensions/libcxx/libcpp_version.gen.py/errno.h.compile.pass.cpp	PASS	PASS	SAME
extensions/libcxx/libcpp_version.gen.py/exception.compile.pass.cpp	PASS	PASS	SAME
extensions/libcxx/libcpp_version.gen.py/execution.compile.pass.cpp	PASS	PASS	SAME
extensions/libcxx/libcpp_version.gen.py/expected.compile.pass.cpp	PASS	PASS	SAME
extensions/libcxx/libcpp_version.gen.py/experimental/iterator.compile.pass.cpp	PASS	PASS	SAME
extensions/libcxx/libcpp_version.gen.py/experimental/memory.compile.pass.cpp	PASS	PASS	SAME
extensions/libcxx/libcpp_version.gen.py/experimental/propagate_const.compile.pass.cpp	PASS	PASS	SAME
extensions/libcxx/libcpp_version.gen.py/experimental/simd.compile.pass.cpp	PASS	PASS	SAME
extensions/libcxx/libcpp_version.gen.py/experimental/type_traits.compile.pass.cpp	PASS	PASS	SAME
extensions/libcxx/libcpp_version.gen.py/experimental/utility.compile.pass.cpp	PASS	PASS	SAME
extensions/libcxx/libcpp_version.gen.py/fenv.h.compile.pass.cpp	PASS	PASS	SAME
extensions/libcxx/libcpp_version.gen.py/filesystem.compile.pass.cpp	PASS	PASS	SAME
extensions/libcxx/libcpp_version.gen.py/flat_map.compile.pass.cpp	PASS	PASS	SAME
extensions/libcxx/libcpp_version.gen.py/flat_set.compile.pass.cpp	PASS	PASS	SAME
extensions/libcxx/libcpp_version.gen.py/float.h.compile.pass.cpp	PASS	PASS	SAME
extensions/libcxx/libcpp_version.gen.py/format.compile.pass.cpp	PASS	PASS	SAME
extensions/libcxx/libcpp_version.gen.py/forward_list.compile.pass.cpp	PASS	PASS	SAME
extensions/libcxx/libcpp_version.gen.py/fstream.compile.pass.cpp	PASS	PASS	SAME
extensions/libcxx/libcpp_version.gen.py/functional.compile.pass.cpp	PASS	PASS	SAME
extensions/libcxx/libcpp_version.gen.py/future.compile.pass.cpp	PASS	PASS	SAME
extensions/libcxx/libcpp_version.gen.py/initializer_list.compile.pass.cpp	PASS	PASS	SAME
extensions/libcxx/libcpp_version.gen.py/inttypes.h.compile.pass.cpp	PASS	PASS	SAME
extensions/libcxx/libcpp_version.gen.py/iomanip.compile.pass.cpp	PASS	PASS	SAME
extensions/libcxx/libcpp_version.gen.py/ios.compile.pass.cpp	PASS	PASS	SAME
extensions/libcxx/libcpp_version.gen.py/iosfwd.compile.pass.cpp	PASS	PASS	SAME
extensions/libcxx/libcpp_version.gen.py/iostream.compile.pass.cpp	PASS	PASS	SAME
extensions/libcxx/libcpp_version.gen.py/istream.compile.pass.cpp	PASS	PASS	SAME
extensions/libcxx/libcpp_version.gen.py/iterator.compile.pass.cpp	PASS	PASS	SAME
extensions/libcxx/libcpp_version.gen.py/latch.compile.pass.cpp	PASS	PASS	SAME
extensions/libcxx/libcpp_version.gen.py/limits.compile.pass.cpp	PASS	PASS	SAME
extensions/libcxx/libcpp_version.gen.py/list.compile.pass.cpp	PASS	PASS	SAME
extensions/libcxx/libcpp_version.gen.py/locale.compile.pass.cpp	PASS	PASS	SAME
extensions/libcxx/libcpp_version.gen.py/map.compile.pass.cpp	PASS	PASS	SAME
extensions/libcxx/libcpp_version.gen.py/math.h.compile.pass.cpp	PASS	PASS	SAME
extensions/libcxx/libcpp_version.gen.py/mdspan.compile.pass.cpp	PASS	PASS	SAME
extensions/libcxx/libcpp_version.gen.py/memory.compile.pass.cpp	PASS	PASS	SAME
extensions/libcxx/libcpp_version.gen.py/memory_resource.compile.pass.cpp	PASS	PASS	SAME
extensions/libcxx/libcpp_version.gen.py/mutex.compile.pass.cpp	PASS	PASS	SAME
extensions/libcxx/libcpp_version.gen.py/new.compile.pass.cpp	PASS	PASS	SAME
extensions/libcxx/libcpp_version.gen.py/numbers.compile.pass.cpp	PASS	PASS	SAME
extensions/libcxx/libcpp_version.gen.py/numeric.compile.pass.cpp	PASS	PASS	SAME
extensions/libcxx/libcpp_version.gen.py/optional.compile.pass.cpp	PASS	PASS	SAME
extensions/libcxx/libcpp_version.gen.py/ostream.compile.pass.cpp	PASS	PASS	SAME
extensions/libcxx/libcpp_version.gen.py/print.compile.pass.cpp	PASS	PASS	SAME
extensions/libcxx/libcpp_version.gen.py/queue.compile.pass.cpp	PASS	PASS	SAME
extensions/libcxx/libcpp_version.gen.py/random.compile.pass.cpp	PASS	PASS	SAME
extensions/libcxx/libcpp_version.gen.py/ranges.compile.pass.cpp	PASS	PASS	SAME
extensions/libcxx/libcpp_version.gen.py/ratio.compile.pass.cpp	PASS	PASS	SAME
extensions/libcxx/libcpp_version.gen.py/regex.compile.pass.cpp	PASS	PASS	SAME
extensions/libcxx/libcpp_version.gen.py/scoped_allocator.compile.pass.cpp	PASS	PASS	SAME
extensions/libcxx/libcpp_version.gen.py/semaphore.compile.pass.cpp	PASS	PASS	SAME
extensions/libcxx/libcpp_version.gen.py/set.compile.pass.cpp	PASS	PASS	SAME
extensions/libcxx/libcpp_version.gen.py/shared_mutex.compile.pass.cpp	PASS	PASS	SAME
extensions/libcxx/libcpp_version.gen.py/source_location.compile.pass.cpp	PASS	PASS	SAME
extensions/libcxx/libcpp_version.gen.py/span.compile.pass.cpp	PASS	PASS	SAME
extensions/libcxx/libcpp_version.gen.py/sstream.compile.pass.cpp	PASS	PASS	SAME
extensions/libcxx/libcpp_version.gen.py/stack.compile.pass.cpp	PASS	PASS	SAME
extensions/libcxx/libcpp_version.gen.py/stdatomic.h.compile.pass.cpp	PASS	PASS	SAME
extensions/libcxx/libcpp_version.gen.py/stddef.h.compile.pass.cpp	PASS	PASS	SAME
extensions/libcxx/libcpp_version.gen.py/stdexcept.compile.pass.cpp	PASS	PASS	SAME
extensions/libcxx/libcpp_version.gen.py/stdio.h.compile.pass.cpp	PASS	PASS	SAME
extensions/libcxx/libcpp_version.gen.py/stdlib.h.compile.pass.cpp	PASS	PASS	SAME
extensions/libcxx/libcpp_version.gen.py/stop_token.compile.pass.cpp	PASS	PASS	SAME
extensions/libcxx/libcpp_version.gen.py/streambuf.compile.pass.cpp	PASS	PASS	SAME
extensions/libcxx/libcpp_version.gen.py/string.compile.pass.cpp	PASS	PASS	SAME
extensions/libcxx/libcpp_version.gen.py/string.h.compile.pass.cpp	PASS	PASS	SAME
extensions/libcxx/libcpp_version.gen.py/string_view.compile.pass.cpp	PASS	PASS	SAME
extensions/libcxx/libcpp_version.gen.py/strstream.compile.pass.cpp	PASS	PASS	SAME
extensions/libcxx/libcpp_version.gen.py/syncstream.compile.pass.cpp	PASS	PASS	SAME
extensions/libcxx/libcpp_version.gen.py/system_error.compile.pass.cpp	PASS	PASS	SAME
extensions/libcxx/libcpp_version.gen.py/tgmath.h.compile.pass.cpp	PASS	PASS	SAME
extensions/libcxx/libcpp_version.gen.py/thread.compile.pass.cpp	PASS	PASS	SAME
extensions/libcxx/libcpp_version.gen.py/tuple.compile.pass.cpp	PASS	PASS	SAME
extensions/libcxx/libcpp_version.gen.py/type_traits.compile.pass.cpp	PASS	PASS	SAME
extensions/libcxx/libcpp_version.gen.py/typeindex.compile.pass.cpp	PASS	PASS	SAME
extensions/libcxx/libcpp_version.gen.py/typeinfo.compile.pass.cpp	PASS	PASS	SAME
extensions/libcxx/libcpp_version.gen.py/uchar.h.compile.pass.cpp	PASS	PASS	SAME
extensions/libcxx/libcpp_version.gen.py/unordered_map.compile.pass.cpp	PASS	PASS	SAME
extensions/libcxx/libcpp_version.gen.py/unordered_set.compile.pass.cpp	PASS	PASS	SAME
extensions/libcxx/libcpp_version.gen.py/utility.compile.pass.cpp	PASS	PASS	SAME
extensions/libcxx/libcpp_version.gen.py/valarray.compile.pass.cpp	PASS	PASS	SAME
extensions/libcxx/libcpp_version.gen.py/variant.compile.pass.cpp	PASS	PASS	SAME
extensions/libcxx/libcpp_version.gen.py/vector.compile.pass.cpp	PASS	PASS	SAME
extensions/libcxx/libcpp_version.gen.py/version.compile.pass.cpp	PASS	PASS	SAME
extensions/libcxx/libcpp_version.gen.py/wchar.h.compile.pass.cpp	PASS	PASS	SAME
extensions/libcxx/libcpp_version.gen.py/wctype.h.compile.pass.cpp	PASS	PASS	SAME
extensions/libcxx/localization/locale.convenience/conversions/conversions.string/ctor_move.pass.cpp	PASS	PASS	SAME
extensions/libcxx/no_assert_include.gen.py/algorithm.compile.pass.cpp	PASS	PASS	SAME
extensions/libcxx/no_assert_include.gen.py/any.compile.pass.cpp	PASS	PASS	SAME
extensions/libcxx/no_assert_include.gen.py/array.compile.pass.cpp	PASS	PASS	SAME
extensions/libcxx/no_assert_include.gen.py/atomic.compile.pass.cpp	PASS	PASS	SAME
extensions/libcxx/no_assert_include.gen.py/barrier.compile.pass.cpp	PASS	PASS	SAME
extensions/libcxx/no_assert_include.gen.py/bit.compile.pass.cpp	PASS	PASS	SAME
extensions/libcxx/no_assert_include.gen.py/bitset.compile.pass.cpp	PASS	PASS	SAME
extensions/libcxx/no_assert_include.gen.py/ccomplex.compile.pass.cpp	PASS	PASS	SAME
extensions/libcxx/no_assert_include.gen.py/cctype.compile.pass.cpp	PASS	PASS	SAME
extensions/libcxx/no_assert_include.gen.py/cerrno.compile.pass.cpp	PASS	PASS	SAME
extensions/libcxx/no_assert_include.gen.py/cfenv.compile.pass.cpp	PASS	PASS	SAME
extensions/libcxx/no_assert_include.gen.py/cfloat.compile.pass.cpp	PASS	PASS	SAME
extensions/libcxx/no_assert_include.gen.py/charconv.compile.pass.cpp	PASS	PASS	SAME
extensions/libcxx/no_assert_include.gen.py/chrono.compile.pass.cpp	PASS	PASS	SAME
extensions/libcxx/no_assert_include.gen.py/cinttypes.compile.pass.cpp	PASS	PASS	SAME
extensions/libcxx/no_assert_include.gen.py/ciso646.compile.pass.cpp	PASS	PASS	SAME
extensions/libcxx/no_assert_include.gen.py/climits.compile.pass.cpp	PASS	PASS	SAME
extensions/libcxx/no_assert_include.gen.py/clocale.compile.pass.cpp	PASS	PASS	SAME
extensions/libcxx/no_assert_include.gen.py/cmath.compile.pass.cpp	PASS	PASS	SAME
extensions/libcxx/no_assert_include.gen.py/codecvt.compile.pass.cpp	PASS	PASS	SAME
extensions/libcxx/no_assert_include.gen.py/compare.compile.pass.cpp	PASS	PASS	SAME
extensions/libcxx/no_assert_include.gen.py/complex.compile.pass.cpp	PASS	PASS	SAME
extensions/libcxx/no_assert_include.gen.py/complex.h.compile.pass.cpp	PASS	PASS	SAME
extensions/libcxx/no_assert_include.gen.py/concepts.compile.pass.cpp	PASS	PASS	SAME
extensions/libcxx/no_assert_include.gen.py/condition_variable.compile.pass.cpp	PASS	PASS	SAME
extensions/libcxx/no_assert_include.gen.py/coroutine.compile.pass.cpp	PASS	PASS	SAME
extensions/libcxx/no_assert_include.gen.py/csetjmp.compile.pass.cpp	PASS	PASS	SAME
extensions/libcxx/no_assert_include.gen.py/csignal.compile.pass.cpp	PASS	PASS	SAME
extensions/libcxx/no_assert_include.gen.py/cstdalign.compile.pass.cpp	PASS	PASS	SAME
extensions/libcxx/no_assert_include.gen.py/cstdarg.compile.pass.cpp	PASS	PASS	SAME
extensions/libcxx/no_assert_include.gen.py/cstdbool.compile.pass.cpp	PASS	PASS	SAME
extensions/libcxx/no_assert_include.gen.py/cstddef.compile.pass.cpp	PASS	PASS	SAME
extensions/libcxx/no_assert_include.gen.py/cstdint.compile.pass.cpp	PASS	PASS	SAME
extensions/libcxx/no_assert_include.gen.py/cstdio.compile.pass.cpp	PASS	PASS	SAME
extensions/libcxx/no_assert_include.gen.py/cstdlib.compile.pass.cpp	PASS	PASS	SAME
extensions/libcxx/no_assert_include.gen.py/cstring.compile.pass.cpp	PASS	PASS	SAME
extensions/libcxx/no_assert_include.gen.py/ctgmath.compile.pass.cpp	PASS	PASS	SAME
extensions/libcxx/no_assert_include.gen.py/ctime.compile.pass.cpp	PASS	PASS	SAME
extensions/libcxx/no_assert_include.gen.py/ctype.h.compile.pass.cpp	PASS	PASS	SAME
extensions/libcxx/no_assert_include.gen.py/cuchar.compile.pass.cpp	PASS	PASS	SAME
extensions/libcxx/no_assert_include.gen.py/cwchar.compile.pass.cpp	PASS	PASS	SAME
extensions/libcxx/no_assert_include.gen.py/cwctype.compile.pass.cpp	PASS	PASS	SAME
extensions/libcxx/no_assert_include.gen.py/deque.compile.pass.cpp	PASS	PASS	SAME
extensions/libcxx/no_assert_include.gen.py/errno.h.compile.pass.cpp	PASS	PASS	SAME
extensions/libcxx/no_assert_include.gen.py/exception.compile.pass.cpp	PASS	PASS	SAME
extensions/libcxx/no_assert_include.gen.py/execution.compile.pass.cpp	PASS	PASS	SAME
extensions/libcxx/no_assert_include.gen.py/expected.compile.pass.cpp	PASS	PASS	SAME
extensions/libcxx/no_assert_include.gen.py/experimental/iterator.compile.pass.cpp	PASS	PASS	SAME
extensions/libcxx/no_assert_include.gen.py/experimental/memory.compile.pass.cpp	PASS	PASS	SAME
extensions/libcxx/no_assert_include.gen.py/experimental/propagate_const.compile.pass.cpp	PASS	PASS	SAME
extensions/libcxx/no_assert_include.gen.py/experimental/simd.compile.pass.cpp	PASS	PASS	SAME
extensions/libcxx/no_assert_include.gen.py/experimental/type_traits.compile.pass.cpp	PASS	PASS	SAME
extensions/libcxx/no_assert_include.gen.py/experimental/utility.compile.pass.cpp	PASS	PASS	SAME
extensions/libcxx/no_assert_include.gen.py/fenv.h.compile.pass.cpp	PASS	PASS	SAME
extensions/libcxx/no_assert_include.gen.py/filesystem.compile.pass.cpp	PASS	PASS	SAME
extensions/libcxx/no_assert_include.gen.py/flat_map.compile.pass.cpp	PASS	PASS	SAME
extensions/libcxx/no_assert_include.gen.py/flat_set.compile.pass.cpp	PASS	PASS	SAME
extensions/libcxx/no_assert_include.gen.py/float.h.compile.pass.cpp	PASS	PASS	SAME
extensions/libcxx/no_assert_include.gen.py/format.compile.pass.cpp	PASS	PASS	SAME
extensions/libcxx/no_assert_include.gen.py/forward_list.compile.pass.cpp	PASS	PASS	SAME
extensions/libcxx/no_assert_include.gen.py/fstream.compile.pass.cpp	PASS	PASS	SAME
extensions/libcxx/no_assert_include.gen.py/functional.compile.pass.cpp	PASS	PASS	SAME
extensions/libcxx/no_assert_include.gen.py/future.compile.pass.cpp	PASS	PASS	SAME
extensions/libcxx/no_assert_include.gen.py/initializer_list.compile.pass.cpp	PASS	PASS	SAME
extensions/libcxx/no_assert_include.gen.py/inttypes.h.compile.pass.cpp	PASS	PASS	SAME
extensions/libcxx/no_assert_include.gen.py/iomanip.compile.pass.cpp	PASS	PASS	SAME
extensions/libcxx/no_assert_include.gen.py/ios.compile.pass.cpp	PASS	PASS	SAME
extensions/libcxx/no_assert_include.gen.py/iosfwd.compile.pass.cpp	PASS	PASS	SAME
extensions/libcxx/no_assert_include.gen.py/iostream.compile.pass.cpp	PASS	PASS	SAME
extensions/libcxx/no_assert_include.gen.py/istream.compile.pass.cpp	PASS	PASS	SAME
extensions/libcxx/no_assert_include.gen.py/iterator.compile.pass.cpp	PASS	PASS	SAME
extensions/libcxx/no_assert_include.gen.py/latch.compile.pass.cpp	PASS	PASS	SAME
extensions/libcxx/no_assert_include.gen.py/limits.compile.pass.cpp	PASS	PASS	SAME
extensions/libcxx/no_assert_include.gen.py/list.compile.pass.cpp	PASS	PASS	SAME
extensions/libcxx/no_assert_include.gen.py/locale.compile.pass.cpp	PASS	PASS	SAME
extensions/libcxx/no_assert_include.gen.py/map.compile.pass.cpp	PASS	PASS	SAME
extensions/libcxx/no_assert_include.gen.py/math.h.compile.pass.cpp	PASS	PASS	SAME
extensions/libcxx/no_assert_include.gen.py/mdspan.compile.pass.cpp	PASS	PASS	SAME
extensions/libcxx/no_assert_include.gen.py/memory.compile.pass.cpp	PASS	PASS	SAME
extensions/libcxx/no_assert_include.gen.py/memory_resource.compile.pass.cpp	PASS	PASS	SAME
extensions/libcxx/no_assert_include.gen.py/mutex.compile.pass.cpp	PASS	PASS	SAME
extensions/libcxx/no_assert_include.gen.py/new.compile.pass.cpp	PASS	PASS	SAME
extensions/libcxx/no_assert_include.gen.py/numbers.compile.pass.cpp	PASS	PASS	SAME
extensions/libcxx/no_assert_include.gen.py/numeric.compile.pass.cpp	PASS	PASS	SAME
extensions/libcxx/no_assert_include.gen.py/optional.compile.pass.cpp	PASS	PASS	SAME
extensions/libcxx/no_assert_include.gen.py/ostream.compile.pass.cpp	PASS	PASS	SAME
extensions/libcxx/no_assert_include.gen.py/print.compile.pass.cpp	PASS	PASS	SAME
extensions/libcxx/no_assert_include.gen.py/queue.compile.pass.cpp	PASS	PASS	SAME
extensions/libcxx/no_assert_include.gen.py/random.compile.pass.cpp	PASS	PASS	SAME
extensions/libcxx/no_assert_include.gen.py/ranges.compile.pass.cpp	PASS	PASS	SAME
extensions/libcxx/no_assert_include.gen.py/ratio.compile.pass.cpp	PASS	PASS	SAME
extensions/libcxx/no_assert_include.gen.py/regex.compile.pass.cpp	PASS	PASS	SAME
extensions/libcxx/no_assert_include.gen.py/scoped_allocator.compile.pass.cpp	PASS	PASS	SAME
extensions/libcxx/no_assert_include.gen.py/semaphore.compile.pass.cpp	PASS	PASS	SAME
extensions/libcxx/no_assert_include.gen.py/set.compile.pass.cpp	PASS	PASS	SAME
extensions/libcxx/no_assert_include.gen.py/shared_mutex.compile.pass.cpp	PASS	PASS	SAME
extensions/libcxx/no_assert_include.gen.py/source_location.compile.pass.cpp	PASS	PASS	SAME
extensions/libcxx/no_assert_include.gen.py/span.compile.pass.cpp	PASS	PASS	SAME
extensions/libcxx/no_assert_include.gen.py/sstream.compile.pass.cpp	PASS	PASS	SAME
extensions/libcxx/no_assert_include.gen.py/stack.compile.pass.cpp	PASS	PASS	SAME
extensions/libcxx/no_assert_include.gen.py/stdatomic.h.compile.pass.cpp	PASS	PASS	SAME
extensions/libcxx/no_assert_include.gen.py/stddef.h.compile.pass.cpp	PASS	PASS	SAME
extensions/libcxx/no_assert_include.gen.py/stdexcept.compile.pass.cpp	PASS	PASS	SAME
extensions/libcxx/no_assert_include.gen.py/stdio.h.compile.pass.cpp	PASS	PASS	SAME
extensions/libcxx/no_assert_include.gen.py/stdlib.h.compile.pass.cpp	PASS	PASS	SAME
extensions/libcxx/no_assert_include.gen.py/stop_token.compile.pass.cpp	PASS	PASS	SAME
extensions/libcxx/no_assert_include.gen.py/streambuf.compile.pass.cpp	PASS	PASS	SAME
extensions/libcxx/no_assert_include.gen.py/string.compile.pass.cpp	PASS	PASS	SAME
extensions/libcxx/no_assert_include.gen.py/string.h.compile.pass.cpp	PASS	PASS	SAME
extensions/libcxx/no_assert_include.gen.py/string_view.compile.pass.cpp	PASS	PASS	SAME
extensions/libcxx/no_assert_include.gen.py/strstream.compile.pass.cpp	PASS	PASS	SAME
extensions/libcxx/no_assert_include.gen.py/syncstream.compile.pass.cpp	PASS	PASS	SAME
extensions/libcxx/no_assert_include.gen.py/system_error.compile.pass.cpp	PASS	PASS	SAME
extensions/libcxx/no_assert_include.gen.py/tgmath.h.compile.pass.cpp	PASS	PASS	SAME
extensions/libcxx/no_assert_include.gen.py/thread.compile.pass.cpp	PASS	PASS	SAME
extensions/libcxx/no_assert_include.gen.py/tuple.compile.pass.cpp	PASS	PASS	SAME
extensions/libcxx/no_assert_include.gen.py/type_traits.compile.pass.cpp	PASS	PASS	SAME
extensions/libcxx/no_assert_include.gen.py/typeindex.compile.pass.cpp	PASS	PASS	SAME
extensions/libcxx/no_assert_include.gen.py/typeinfo.compile.pass.cpp	PASS	PASS	SAME
extensions/libcxx/no_assert_include.gen.py/uchar.h.compile.pass.cpp	PASS	PASS	SAME
extensions/libcxx/no_assert_include.gen.py/unordered_map.compile.pass.cpp	PASS	PASS	SAME
extensions/libcxx/no_assert_include.gen.py/unordered_set.compile.pass.cpp	PASS	PASS	SAME
extensions/libcxx/no_assert_include.gen.py/utility.compile.pass.cpp	PASS	PASS	SAME
extensions/libcxx/no_assert_include.gen.py/valarray.compile.pass.cpp	PASS	PASS	SAME
extensions/libcxx/no_assert_include.gen.py/variant.compile.pass.cpp	PASS	PASS	SAME
extensions/libcxx/no_assert_include.gen.py/vector.compile.pass.cpp	PASS	PASS	SAME
extensions/libcxx/no_assert_include.gen.py/version.compile.pass.cpp	PASS	PASS	SAME
extensions/libcxx/no_assert_include.gen.py/wchar.h.compile.pass.cpp	PASS	PASS	SAME
extensions/libcxx/no_assert_include.gen.py/wctype.h.compile.pass.cpp	PASS	PASS	SAME
extensions/libcxx/odr_signature.assertion_semantics.sh.cpp	PASS	PASS	SAME
extensions/libcxx/odr_signature.exceptions.sh.cpp	PASS	PASS	SAME
extensions/libcxx/odr_signature.hardening.sh.cpp	PASS	PASS	SAME
extensions/libcxx/strings/basic.string/string.capacity/PR53170.pass.cpp	PASS	PASS	SAME
extensions/msvc/math_h.compile.pass.cpp	PASS	PASS	SAME
extensions/posix/xopen_source.gen.py/algorithm.xopen_source_500.compile.pass.cpp	PASS	PASS	SAME
extensions/posix/xopen_source.gen.py/algorithm.xopen_source_600.compile.pass.cpp	PASS	PASS	SAME
extensions/posix/xopen_source.gen.py/algorithm.xopen_source_700.compile.pass.cpp	PASS	PASS	SAME
extensions/posix/xopen_source.gen.py/any.xopen_source_500.compile.pass.cpp	PASS	PASS	SAME
extensions/posix/xopen_source.gen.py/any.xopen_source_600.compile.pass.cpp	PASS	PASS	SAME
extensions/posix/xopen_source.gen.py/any.xopen_source_700.compile.pass.cpp	PASS	PASS	SAME
extensions/posix/xopen_source.gen.py/array.xopen_source_500.compile.pass.cpp	PASS	PASS	SAME
extensions/posix/xopen_source.gen.py/array.xopen_source_600.compile.pass.cpp	PASS	PASS	SAME
extensions/posix/xopen_source.gen.py/array.xopen_source_700.compile.pass.cpp	PASS	PASS	SAME
extensions/posix/xopen_source.gen.py/atomic.xopen_source_500.compile.pass.cpp	PASS	PASS	SAME
extensions/posix/xopen_source.gen.py/atomic.xopen_source_600.compile.pass.cpp	PASS	PASS	SAME
extensions/posix/xopen_source.gen.py/atomic.xopen_source_700.compile.pass.cpp	PASS	PASS	SAME
extensions/posix/xopen_source.gen.py/barrier.xopen_source_500.compile.pass.cpp	PASS	PASS	SAME
extensions/posix/xopen_source.gen.py/barrier.xopen_source_600.compile.pass.cpp	PASS	PASS	SAME
extensions/posix/xopen_source.gen.py/barrier.xopen_source_700.compile.pass.cpp	PASS	PASS	SAME
extensions/posix/xopen_source.gen.py/bit.xopen_source_500.compile.pass.cpp	PASS	PASS	SAME
extensions/posix/xopen_source.gen.py/bit.xopen_source_600.compile.pass.cpp	PASS	PASS	SAME
extensions/posix/xopen_source.gen.py/bit.xopen_source_700.compile.pass.cpp	PASS	PASS	SAME
extensions/posix/xopen_source.gen.py/bitset.xopen_source_500.compile.pass.cpp	PASS	PASS	SAME
extensions/posix/xopen_source.gen.py/bitset.xopen_source_600.compile.pass.cpp	PASS	PASS	SAME
extensions/posix/xopen_source.gen.py/bitset.xopen_source_700.compile.pass.cpp	PASS	PASS	SAME
extensions/posix/xopen_source.gen.py/cassert.xopen_source_500.compile.pass.cpp	PASS	PASS	SAME
extensions/posix/xopen_source.gen.py/cassert.xopen_source_600.compile.pass.cpp	PASS	PASS	SAME
extensions/posix/xopen_source.gen.py/cassert.xopen_source_700.compile.pass.cpp	PASS	PASS	SAME
extensions/posix/xopen_source.gen.py/ccomplex.xopen_source_500.compile.pass.cpp	PASS	PASS	SAME
extensions/posix/xopen_source.gen.py/ccomplex.xopen_source_600.compile.pass.cpp	PASS	PASS	SAME
extensions/posix/xopen_source.gen.py/ccomplex.xopen_source_700.compile.pass.cpp	PASS	PASS	SAME
extensions/posix/xopen_source.gen.py/cctype.xopen_source_500.compile.pass.cpp	PASS	PASS	SAME
extensions/posix/xopen_source.gen.py/cctype.xopen_source_600.compile.pass.cpp	PASS	PASS	SAME
extensions/posix/xopen_source.gen.py/cctype.xopen_source_700.compile.pass.cpp	PASS	PASS	SAME
extensions/posix/xopen_source.gen.py/cerrno.xopen_source_500.compile.pass.cpp	PASS	PASS	SAME
extensions/posix/xopen_source.gen.py/cerrno.xopen_source_600.compile.pass.cpp	PASS	PASS	SAME
extensions/posix/xopen_source.gen.py/cerrno.xopen_source_700.compile.pass.cpp	PASS	PASS	SAME
extensions/posix/xopen_source.gen.py/cfenv.xopen_source_500.compile.pass.cpp	PASS	PASS	SAME
extensions/posix/xopen_source.gen.py/cfenv.xopen_source_600.compile.pass.cpp	PASS	PASS	SAME
extensions/posix/xopen_source.gen.py/cfenv.xopen_source_700.compile.pass.cpp	PASS	PASS	SAME
extensions/posix/xopen_source.gen.py/cfloat.xopen_source_500.compile.pass.cpp	PASS	PASS	SAME
extensions/posix/xopen_source.gen.py/cfloat.xopen_source_600.compile.pass.cpp	PASS	PASS	SAME
extensions/posix/xopen_source.gen.py/cfloat.xopen_source_700.compile.pass.cpp	PASS	PASS	SAME
extensions/posix/xopen_source.gen.py/charconv.xopen_source_500.compile.pass.cpp	PASS	PASS	SAME
extensions/posix/xopen_source.gen.py/charconv.xopen_source_600.compile.pass.cpp	PASS	PASS	SAME
extensions/posix/xopen_source.gen.py/charconv.xopen_source_700.compile.pass.cpp	PASS	PASS	SAME
extensions/posix/xopen_source.gen.py/chrono.xopen_source_500.compile.pass.cpp	PASS	PASS	SAME
extensions/posix/xopen_source.gen.py/chrono.xopen_source_600.compile.pass.cpp	PASS	PASS	SAME
extensions/posix/xopen_source.gen.py/chrono.xopen_source_700.compile.pass.cpp	PASS	PASS	SAME
extensions/posix/xopen_source.gen.py/cinttypes.xopen_source_500.compile.pass.cpp	PASS	PASS	SAME
extensions/posix/xopen_source.gen.py/cinttypes.xopen_source_600.compile.pass.cpp	PASS	PASS	SAME
extensions/posix/xopen_source.gen.py/cinttypes.xopen_source_700.compile.pass.cpp	PASS	PASS	SAME
extensions/posix/xopen_source.gen.py/ciso646.xopen_source_500.compile.pass.cpp	PASS	PASS	SAME
extensions/posix/xopen_source.gen.py/ciso646.xopen_source_600.compile.pass.cpp	PASS	PASS	SAME
extensions/posix/xopen_source.gen.py/ciso646.xopen_source_700.compile.pass.cpp	PASS	PASS	SAME
extensions/posix/xopen_source.gen.py/climits.xopen_source_500.compile.pass.cpp	PASS	PASS	SAME
extensions/posix/xopen_source.gen.py/climits.xopen_source_600.compile.pass.cpp	PASS	PASS	SAME
extensions/posix/xopen_source.gen.py/climits.xopen_source_700.compile.pass.cpp	PASS	PASS	SAME
extensions/posix/xopen_source.gen.py/clocale.xopen_source_500.compile.pass.cpp	PASS	PASS	SAME
extensions/posix/xopen_source.gen.py/clocale.xopen_source_600.compile.pass.cpp	PASS	PASS	SAME
extensions/posix/xopen_source.gen.py/clocale.xopen_source_700.compile.pass.cpp	PASS	PASS	SAME
extensions/posix/xopen_source.gen.py/cmath.xopen_source_500.compile.pass.cpp	PASS	PASS	SAME
extensions/posix/xopen_source.gen.py/cmath.xopen_source_600.compile.pass.cpp	PASS	PASS	SAME
extensions/posix/xopen_source.gen.py/cmath.xopen_source_700.compile.pass.cpp	PASS	PASS	SAME
extensions/posix/xopen_source.gen.py/codecvt.xopen_source_500.compile.pass.cpp	PASS	PASS	SAME
extensions/posix/xopen_source.gen.py/codecvt.xopen_source_600.compile.pass.cpp	PASS	PASS	SAME
extensions/posix/xopen_source.gen.py/codecvt.xopen_source_700.compile.pass.cpp	PASS	PASS	SAME
extensions/posix/xopen_source.gen.py/compare.xopen_source_500.compile.pass.cpp	PASS	PASS	SAME
extensions/posix/xopen_source.gen.py/compare.xopen_source_600.compile.pass.cpp	PASS	PASS	SAME
extensions/posix/xopen_source.gen.py/compare.xopen_source_700.compile.pass.cpp	PASS	PASS	SAME
extensions/posix/xopen_source.gen.py/complex.h.xopen_source_500.compile.pass.cpp	PASS	PASS	SAME
extensions/posix/xopen_source.gen.py/complex.h.xopen_source_600.compile.pass.cpp	PASS	PASS	SAME
extensions/posix/xopen_source.gen.py/complex.h.xopen_source_700.compile.pass.cpp	PASS	PASS	SAME
extensions/posix/xopen_source.gen.py/complex.xopen_source_500.compile.pass.cpp	PASS	PASS	SAME
extensions/posix/xopen_source.gen.py/complex.xopen_source_600.compile.pass.cpp	PASS	PASS	SAME
extensions/posix/xopen_source.gen.py/complex.xopen_source_700.compile.pass.cpp	PASS	PASS	SAME
extensions/posix/xopen_source.gen.py/concepts.xopen_source_500.compile.pass.cpp	PASS	PASS	SAME
extensions/posix/xopen_source.gen.py/concepts.xopen_source_600.compile.pass.cpp	PASS	PASS	SAME
extensions/posix/xopen_source.gen.py/concepts.xopen_source_700.compile.pass.cpp	PASS	PASS	SAME
extensions/posix/xopen_source.gen.py/condition_variable.xopen_source_500.compile.pass.cpp	PASS	PASS	SAME
extensions/posix/xopen_source.gen.py/condition_variable.xopen_source_600.compile.pass.cpp	PASS	PASS	SAME
extensions/posix/xopen_source.gen.py/condition_variable.xopen_source_700.compile.pass.cpp	PASS	PASS	SAME
extensions/posix/xopen_source.gen.py/coroutine.xopen_source_500.compile.pass.cpp	PASS	PASS	SAME
extensions/posix/xopen_source.gen.py/coroutine.xopen_source_600.compile.pass.cpp	PASS	PASS	SAME
extensions/posix/xopen_source.gen.py/coroutine.xopen_source_700.compile.pass.cpp	PASS	PASS	SAME
extensions/posix/xopen_source.gen.py/csetjmp.xopen_source_500.compile.pass.cpp	PASS	PASS	SAME
extensions/posix/xopen_source.gen.py/csetjmp.xopen_source_600.compile.pass.cpp	PASS	PASS	SAME
extensions/posix/xopen_source.gen.py/csetjmp.xopen_source_700.compile.pass.cpp	PASS	PASS	SAME
extensions/posix/xopen_source.gen.py/csignal.xopen_source_500.compile.pass.cpp	PASS	PASS	SAME
extensions/posix/xopen_source.gen.py/csignal.xopen_source_600.compile.pass.cpp	PASS	PASS	SAME
extensions/posix/xopen_source.gen.py/csignal.xopen_source_700.compile.pass.cpp	PASS	PASS	SAME
extensions/posix/xopen_source.gen.py/cstdalign.xopen_source_500.compile.pass.cpp	PASS	PASS	SAME
extensions/posix/xopen_source.gen.py/cstdalign.xopen_source_600.compile.pass.cpp	PASS	PASS	SAME
extensions/posix/xopen_source.gen.py/cstdalign.xopen_source_700.compile.pass.cpp	PASS	PASS	SAME
extensions/posix/xopen_source.gen.py/cstdarg.xopen_source_500.compile.pass.cpp	PASS	PASS	SAME
extensions/posix/xopen_source.gen.py/cstdarg.xopen_source_600.compile.pass.cpp	PASS	PASS	SAME
extensions/posix/xopen_source.gen.py/cstdarg.xopen_source_700.compile.pass.cpp	PASS	PASS	SAME
extensions/posix/xopen_source.gen.py/cstdbool.xopen_source_500.compile.pass.cpp	PASS	PASS	SAME
extensions/posix/xopen_source.gen.py/cstdbool.xopen_source_600.compile.pass.cpp	PASS	PASS	SAME
extensions/posix/xopen_source.gen.py/cstdbool.xopen_source_700.compile.pass.cpp	PASS	PASS	SAME
extensions/posix/xopen_source.gen.py/cstddef.xopen_source_500.compile.pass.cpp	PASS	PASS	SAME
extensions/posix/xopen_source.gen.py/cstddef.xopen_source_600.compile.pass.cpp	PASS	PASS	SAME
extensions/posix/xopen_source.gen.py/cstddef.xopen_source_700.compile.pass.cpp	PASS	PASS	SAME
extensions/posix/xopen_source.gen.py/cstdint.xopen_source_500.compile.pass.cpp	PASS	PASS	SAME
extensions/posix/xopen_source.gen.py/cstdint.xopen_source_600.compile.pass.cpp	PASS	PASS	SAME
extensions/posix/xopen_source.gen.py/cstdint.xopen_source_700.compile.pass.cpp	PASS	PASS	SAME
extensions/posix/xopen_source.gen.py/cstdio.xopen_source_500.compile.pass.cpp	PASS	PASS	SAME
extensions/posix/xopen_source.gen.py/cstdio.xopen_source_600.compile.pass.cpp	PASS	PASS	SAME
extensions/posix/xopen_source.gen.py/cstdio.xopen_source_700.compile.pass.cpp	PASS	PASS	SAME
extensions/posix/xopen_source.gen.py/cstdlib.xopen_source_500.compile.pass.cpp	PASS	PASS	SAME
extensions/posix/xopen_source.gen.py/cstdlib.xopen_source_600.compile.pass.cpp	PASS	PASS	SAME
extensions/posix/xopen_source.gen.py/cstdlib.xopen_source_700.compile.pass.cpp	PASS	PASS	SAME
extensions/posix/xopen_source.gen.py/cstring.xopen_source_500.compile.pass.cpp	PASS	PASS	SAME
extensions/posix/xopen_source.gen.py/cstring.xopen_source_600.compile.pass.cpp	PASS	PASS	SAME
extensions/posix/xopen_source.gen.py/cstring.xopen_source_700.compile.pass.cpp	PASS	PASS	SAME
extensions/posix/xopen_source.gen.py/ctgmath.xopen_source_500.compile.pass.cpp	PASS	PASS	SAME
extensions/posix/xopen_source.gen.py/ctgmath.xopen_source_600.compile.pass.cpp	PASS	PASS	SAME
extensions/posix/xopen_source.gen.py/ctgmath.xopen_source_700.compile.pass.cpp	PASS	PASS	SAME
extensions/posix/xopen_source.gen.py/ctime.xopen_source_500.compile.pass.cpp	PASS	PASS	SAME
extensions/posix/xopen_source.gen.py/ctime.xopen_source_600.compile.pass.cpp	PASS	PASS	SAME
extensions/posix/xopen_source.gen.py/ctime.xopen_source_700.compile.pass.cpp	PASS	PASS	SAME
extensions/posix/xopen_source.gen.py/ctype.h.xopen_source_500.compile.pass.cpp	PASS	PASS	SAME
extensions/posix/xopen_source.gen.py/ctype.h.xopen_source_600.compile.pass.cpp	PASS	PASS	SAME
extensions/posix/xopen_source.gen.py/ctype.h.xopen_source_700.compile.pass.cpp	PASS	PASS	SAME
extensions/posix/xopen_source.gen.py/cuchar.xopen_source_500.compile.pass.cpp	PASS	PASS	SAME
extensions/posix/xopen_source.gen.py/cuchar.xopen_source_600.compile.pass.cpp	PASS	PASS	SAME
extensions/posix/xopen_source.gen.py/cuchar.xopen_source_700.compile.pass.cpp	PASS	PASS	SAME
extensions/posix/xopen_source.gen.py/cwchar.xopen_source_500.compile.pass.cpp	PASS	PASS	SAME
extensions/posix/xopen_source.gen.py/cwchar.xopen_source_600.compile.pass.cpp	PASS	PASS	SAME
extensions/posix/xopen_source.gen.py/cwchar.xopen_source_700.compile.pass.cpp	PASS	PASS	SAME
extensions/posix/xopen_source.gen.py/cwctype.xopen_source_500.compile.pass.cpp	PASS	PASS	SAME
extensions/posix/xopen_source.gen.py/cwctype.xopen_source_600.compile.pass.cpp	PASS	PASS	SAME
extensions/posix/xopen_source.gen.py/cwctype.xopen_source_700.compile.pass.cpp	PASS	PASS	SAME
extensions/posix/xopen_source.gen.py/deque.xopen_source_500.compile.pass.cpp	PASS	PASS	SAME
extensions/posix/xopen_source.gen.py/deque.xopen_source_600.compile.pass.cpp	PASS	PASS	SAME
extensions/posix/xopen_source.gen.py/deque.xopen_source_700.compile.pass.cpp	PASS	PASS	SAME
extensions/posix/xopen_source.gen.py/errno.h.xopen_source_500.compile.pass.cpp	PASS	PASS	SAME
extensions/posix/xopen_source.gen.py/errno.h.xopen_source_600.compile.pass.cpp	PASS	PASS	SAME
extensions/posix/xopen_source.gen.py/errno.h.xopen_source_700.compile.pass.cpp	PASS	PASS	SAME
extensions/posix/xopen_source.gen.py/exception.xopen_source_500.compile.pass.cpp	PASS	PASS	SAME
extensions/posix/xopen_source.gen.py/exception.xopen_source_600.compile.pass.cpp	PASS	PASS	SAME
extensions/posix/xopen_source.gen.py/exception.xopen_source_700.compile.pass.cpp	PASS	PASS	SAME
extensions/posix/xopen_source.gen.py/execution.xopen_source_500.compile.pass.cpp	PASS	PASS	SAME
extensions/posix/xopen_source.gen.py/execution.xopen_source_600.compile.pass.cpp	PASS	PASS	SAME
extensions/posix/xopen_source.gen.py/execution.xopen_source_700.compile.pass.cpp	PASS	PASS	SAME
extensions/posix/xopen_source.gen.py/expected.xopen_source_500.compile.pass.cpp	PASS	PASS	SAME
extensions/posix/xopen_source.gen.py/expected.xopen_source_600.compile.pass.cpp	PASS	PASS	SAME
extensions/posix/xopen_source.gen.py/expected.xopen_source_700.compile.pass.cpp	PASS	PASS	SAME
extensions/posix/xopen_source.gen.py/experimental/iterator.xopen_source_500.compile.pass.cpp	PASS	PASS	SAME
extensions/posix/xopen_source.gen.py/experimental/iterator.xopen_source_600.compile.pass.cpp	PASS	PASS	SAME
extensions/posix/xopen_source.gen.py/experimental/iterator.xopen_source_700.compile.pass.cpp	PASS	PASS	SAME
extensions/posix/xopen_source.gen.py/experimental/memory.xopen_source_500.compile.pass.cpp	PASS	PASS	SAME
extensions/posix/xopen_source.gen.py/experimental/memory.xopen_source_600.compile.pass.cpp	PASS	PASS	SAME
extensions/posix/xopen_source.gen.py/experimental/memory.xopen_source_700.compile.pass.cpp	PASS	PASS	SAME
extensions/posix/xopen_source.gen.py/experimental/propagate_const.xopen_source_500.compile.pass.cpp	PASS	PASS	SAME
extensions/posix/xopen_source.gen.py/experimental/propagate_const.xopen_source_600.compile.pass.cpp	PASS	PASS	SAME
extensions/posix/xopen_source.gen.py/experimental/propagate_const.xopen_source_700.compile.pass.cpp	PASS	PASS	SAME
extensions/posix/xopen_source.gen.py/experimental/simd.xopen_source_500.compile.pass.cpp	PASS	PASS	SAME
extensions/posix/xopen_source.gen.py/experimental/simd.xopen_source_600.compile.pass.cpp	PASS	PASS	SAME
extensions/posix/xopen_source.gen.py/experimental/simd.xopen_source_700.compile.pass.cpp	PASS	PASS	SAME
extensions/posix/xopen_source.gen.py/experimental/type_traits.xopen_source_500.compile.pass.cpp	PASS	PASS	SAME
extensions/posix/xopen_source.gen.py/experimental/type_traits.xopen_source_600.compile.pass.cpp	PASS	PASS	SAME
extensions/posix/xopen_source.gen.py/experimental/type_traits.xopen_source_700.compile.pass.cpp	PASS	PASS	SAME
extensions/posix/xopen_source.gen.py/experimental/utility.xopen_source_500.compile.pass.cpp	PASS	PASS	SAME
extensions/posix/xopen_source.gen.py/experimental/utility.xopen_source_600.compile.pass.cpp	PASS	PASS	SAME
extensions/posix/xopen_source.gen.py/experimental/utility.xopen_source_700.compile.pass.cpp	PASS	PASS	SAME
extensions/posix/xopen_source.gen.py/fenv.h.xopen_source_500.compile.pass.cpp	PASS	PASS	SAME
extensions/posix/xopen_source.gen.py/fenv.h.xopen_source_600.compile.pass.cpp	PASS	PASS	SAME
extensions/posix/xopen_source.gen.py/fenv.h.xopen_source_700.compile.pass.cpp	PASS	PASS	SAME
extensions/posix/xopen_source.gen.py/filesystem.xopen_source_500.compile.pass.cpp	PASS	PASS	SAME
extensions/posix/xopen_source.gen.py/filesystem.xopen_source_600.compile.pass.cpp	PASS	PASS	SAME
extensions/posix/xopen_source.gen.py/filesystem.xopen_source_700.compile.pass.cpp	PASS	PASS	SAME
extensions/posix/xopen_source.gen.py/flat_map.xopen_source_500.compile.pass.cpp	PASS	PASS	SAME
extensions/posix/xopen_source.gen.py/flat_map.xopen_source_600.compile.pass.cpp	PASS	PASS	SAME
extensions/posix/xopen_source.gen.py/flat_map.xopen_source_700.compile.pass.cpp	PASS	PASS	SAME
extensions/posix/xopen_source.gen.py/flat_set.xopen_source_500.compile.pass.cpp	PASS	PASS	SAME
extensions/posix/xopen_source.gen.py/flat_set.xopen_source_600.compile.pass.cpp	PASS	PASS	SAME
extensions/posix/xopen_source.gen.py/flat_set.xopen_source_700.compile.pass.cpp	PASS	PASS	SAME
extensions/posix/xopen_source.gen.py/float.h.xopen_source_500.compile.pass.cpp	PASS	PASS	SAME
extensions/posix/xopen_source.gen.py/float.h.xopen_source_600.compile.pass.cpp	PASS	PASS	SAME
extensions/posix/xopen_source.gen.py/float.h.xopen_source_700.compile.pass.cpp	PASS	PASS	SAME
extensions/posix/xopen_source.gen.py/format.xopen_source_500.compile.pass.cpp	PASS	PASS	SAME
extensions/posix/xopen_source.gen.py/format.xopen_source_600.compile.pass.cpp	PASS	PASS	SAME
extensions/posix/xopen_source.gen.py/format.xopen_source_700.compile.pass.cpp	PASS	PASS	SAME
extensions/posix/xopen_source.gen.py/forward_list.xopen_source_500.compile.pass.cpp	PASS	PASS	SAME
extensions/posix/xopen_source.gen.py/forward_list.xopen_source_600.compile.pass.cpp	PASS	PASS	SAME
extensions/posix/xopen_source.gen.py/forward_list.xopen_source_700.compile.pass.cpp	PASS	PASS	SAME
extensions/posix/xopen_source.gen.py/fstream.xopen_source_600.compile.pass.cpp	PASS	PASS	SAME
extensions/posix/xopen_source.gen.py/fstream.xopen_source_700.compile.pass.cpp	PASS	PASS	SAME
extensions/posix/xopen_source.gen.py/functional.xopen_source_500.compile.pass.cpp	PASS	PASS	SAME
extensions/posix/xopen_source.gen.py/functional.xopen_source_600.compile.pass.cpp	PASS	PASS	SAME
extensions/posix/xopen_source.gen.py/functional.xopen_source_700.compile.pass.cpp	PASS	PASS	SAME
extensions/posix/xopen_source.gen.py/future.xopen_source_500.compile.pass.cpp	PASS	PASS	SAME
extensions/posix/xopen_source.gen.py/future.xopen_source_600.compile.pass.cpp	PASS	PASS	SAME
extensions/posix/xopen_source.gen.py/future.xopen_source_700.compile.pass.cpp	PASS	PASS	SAME
extensions/posix/xopen_source.gen.py/initializer_list.xopen_source_500.compile.pass.cpp	PASS	PASS	SAME
extensions/posix/xopen_source.gen.py/initializer_list.xopen_source_600.compile.pass.cpp	PASS	PASS	SAME
extensions/posix/xopen_source.gen.py/initializer_list.xopen_source_700.compile.pass.cpp	PASS	PASS	SAME
extensions/posix/xopen_source.gen.py/inttypes.h.xopen_source_500.compile.pass.cpp	PASS	PASS	SAME
extensions/posix/xopen_source.gen.py/inttypes.h.xopen_source_600.compile.pass.cpp	PASS	PASS	SAME
extensions/posix/xopen_source.gen.py/inttypes.h.xopen_source_700.compile.pass.cpp	PASS	PASS	SAME
extensions/posix/xopen_source.gen.py/iomanip.xopen_source_500.compile.pass.cpp	PASS	PASS	SAME
extensions/posix/xopen_source.gen.py/iomanip.xopen_source_600.compile.pass.cpp	PASS	PASS	SAME
extensions/posix/xopen_source.gen.py/iomanip.xopen_source_700.compile.pass.cpp	PASS	PASS	SAME
extensions/posix/xopen_source.gen.py/ios.xopen_source_500.compile.pass.cpp	PASS	PASS	SAME
extensions/posix/xopen_source.gen.py/ios.xopen_source_600.compile.pass.cpp	PASS	PASS	SAME
extensions/posix/xopen_source.gen.py/ios.xopen_source_700.compile.pass.cpp	PASS	PASS	SAME
extensions/posix/xopen_source.gen.py/iosfwd.xopen_source_500.compile.pass.cpp	PASS	PASS	SAME
extensions/posix/xopen_source.gen.py/iosfwd.xopen_source_600.compile.pass.cpp	PASS	PASS	SAME
extensions/posix/xopen_source.gen.py/iosfwd.xopen_source_700.compile.pass.cpp	PASS	PASS	SAME
extensions/posix/xopen_source.gen.py/iostream.xopen_source_500.compile.pass.cpp	PASS	PASS	SAME
extensions/posix/xopen_source.gen.py/iostream.xopen_source_600.compile.pass.cpp	PASS	PASS	SAME
extensions/posix/xopen_source.gen.py/iostream.xopen_source_700.compile.pass.cpp	PASS	PASS	SAME
extensions/posix/xopen_source.gen.py/istream.xopen_source_500.compile.pass.cpp	PASS	PASS	SAME
extensions/posix/xopen_source.gen.py/istream.xopen_source_600.compile.pass.cpp	PASS	PASS	SAME
extensions/posix/xopen_source.gen.py/istream.xopen_source_700.compile.pass.cpp	PASS	PASS	SAME
extensions/posix/xopen_source.gen.py/iterator.xopen_source_500.compile.pass.cpp	PASS	PASS	SAME
extensions/posix/xopen_source.gen.py/iterator.xopen_source_600.compile.pass.cpp	PASS	PASS	SAME
extensions/posix/xopen_source.gen.py/iterator.xopen_source_700.compile.pass.cpp	PASS	PASS	SAME
extensions/posix/xopen_source.gen.py/latch.xopen_source_500.compile.pass.cpp	PASS	PASS	SAME
extensions/posix/xopen_source.gen.py/latch.xopen_source_600.compile.pass.cpp	PASS	PASS	SAME
extensions/posix/xopen_source.gen.py/latch.xopen_source_700.compile.pass.cpp	PASS	PASS	SAME
extensions/posix/xopen_source.gen.py/limits.xopen_source_500.compile.pass.cpp	PASS	PASS	SAME
extensions/posix/xopen_source.gen.py/limits.xopen_source_600.compile.pass.cpp	PASS	PASS	SAME
extensions/posix/xopen_source.gen.py/limits.xopen_source_700.compile.pass.cpp	PASS	PASS	SAME
extensions/posix/xopen_source.gen.py/list.xopen_source_500.compile.pass.cpp	PASS	PASS	SAME
extensions/posix/xopen_source.gen.py/list.xopen_source_600.compile.pass.cpp	PASS	PASS	SAME
extensions/posix/xopen_source.gen.py/list.xopen_source_700.compile.pass.cpp	PASS	PASS	SAME
extensions/posix/xopen_source.gen.py/locale.xopen_source_500.compile.pass.cpp	PASS	PASS	SAME
extensions/posix/xopen_source.gen.py/locale.xopen_source_600.compile.pass.cpp	PASS	PASS	SAME
extensions/posix/xopen_source.gen.py/locale.xopen_source_700.compile.pass.cpp	PASS	PASS	SAME
extensions/posix/xopen_source.gen.py/map.xopen_source_500.compile.pass.cpp	PASS	PASS	SAME
extensions/posix/xopen_source.gen.py/map.xopen_source_600.compile.pass.cpp	PASS	PASS	SAME
extensions/posix/xopen_source.gen.py/map.xopen_source_700.compile.pass.cpp	PASS	PASS	SAME
extensions/posix/xopen_source.gen.py/math.h.xopen_source_500.compile.pass.cpp	PASS	PASS	SAME
extensions/posix/xopen_source.gen.py/math.h.xopen_source_600.compile.pass.cpp	PASS	PASS	SAME
extensions/posix/xopen_source.gen.py/math.h.xopen_source_700.compile.pass.cpp	PASS	PASS	SAME
extensions/posix/xopen_source.gen.py/mdspan.xopen_source_500.compile.pass.cpp	PASS	PASS	SAME
extensions/posix/xopen_source.gen.py/mdspan.xopen_source_600.compile.pass.cpp	PASS	PASS	SAME
extensions/posix/xopen_source.gen.py/mdspan.xopen_source_700.compile.pass.cpp	PASS	PASS	SAME
extensions/posix/xopen_source.gen.py/memory.xopen_source_500.compile.pass.cpp	PASS	PASS	SAME
extensions/posix/xopen_source.gen.py/memory.xopen_source_600.compile.pass.cpp	PASS	PASS	SAME
extensions/posix/xopen_source.gen.py/memory.xopen_source_700.compile.pass.cpp	PASS	PASS	SAME
extensions/posix/xopen_source.gen.py/memory_resource.xopen_source_500.compile.pass.cpp	PASS	PASS	SAME
extensions/posix/xopen_source.gen.py/memory_resource.xopen_source_600.compile.pass.cpp	PASS	PASS	SAME
extensions/posix/xopen_source.gen.py/memory_resource.xopen_source_700.compile.pass.cpp	PASS	PASS	SAME
extensions/posix/xopen_source.gen.py/mutex.xopen_source_500.compile.pass.cpp	PASS	PASS	SAME
extensions/posix/xopen_source.gen.py/mutex.xopen_source_600.compile.pass.cpp	PASS	PASS	SAME
extensions/posix/xopen_source.gen.py/mutex.xopen_source_700.compile.pass.cpp	PASS	PASS	SAME
extensions/posix/xopen_source.gen.py/new.xopen_source_500.compile.pass.cpp	PASS	PASS	SAME
extensions/posix/xopen_source.gen.py/new.xopen_source_600.compile.pass.cpp	PASS	PASS	SAME
extensions/posix/xopen_source.gen.py/new.xopen_source_700.compile.pass.cpp	PASS	PASS	SAME
extensions/posix/xopen_source.gen.py/numbers.xopen_source_500.compile.pass.cpp	PASS	PASS	SAME
extensions/posix/xopen_source.gen.py/numbers.xopen_source_600.compile.pass.cpp	PASS	PASS	SAME
extensions/posix/xopen_source.gen.py/numbers.xopen_source_700.compile.pass.cpp	PASS	PASS	SAME
extensions/posix/xopen_source.gen.py/numeric.xopen_source_500.compile.pass.cpp	PASS	PASS	SAME
extensions/posix/xopen_source.gen.py/numeric.xopen_source_600.compile.pass.cpp	PASS	PASS	SAME
extensions/posix/xopen_source.gen.py/numeric.xopen_source_700.compile.pass.cpp	PASS	PASS	SAME
extensions/posix/xopen_source.gen.py/optional.xopen_source_500.compile.pass.cpp	PASS	PASS	SAME
extensions/posix/xopen_source.gen.py/optional.xopen_source_600.compile.pass.cpp	PASS	PASS	SAME
extensions/posix/xopen_source.gen.py/optional.xopen_source_700.compile.pass.cpp	PASS	PASS	SAME
extensions/posix/xopen_source.gen.py/ostream.xopen_source_500.compile.pass.cpp	PASS	PASS	SAME
extensions/posix/xopen_source.gen.py/ostream.xopen_source_600.compile.pass.cpp	PASS	PASS	SAME
extensions/posix/xopen_source.gen.py/ostream.xopen_source_700.compile.pass.cpp	PASS	PASS	SAME
extensions/posix/xopen_source.gen.py/print.xopen_source_500.compile.pass.cpp	PASS	PASS	SAME
extensions/posix/xopen_source.gen.py/print.xopen_source_600.compile.pass.cpp	PASS	PASS	SAME
extensions/posix/xopen_source.gen.py/print.xopen_source_700.compile.pass.cpp	PASS	PASS	SAME
extensions/posix/xopen_source.gen.py/queue.xopen_source_500.compile.pass.cpp	PASS	PASS	SAME
extensions/posix/xopen_source.gen.py/queue.xopen_source_600.compile.pass.cpp	PASS	PASS	SAME
extensions/posix/xopen_source.gen.py/queue.xopen_source_700.compile.pass.cpp	PASS	PASS	SAME
extensions/posix/xopen_source.gen.py/random.xopen_source_500.compile.pass.cpp	PASS	PASS	SAME
extensions/posix/xopen_source.gen.py/random.xopen_source_600.compile.pass.cpp	PASS	PASS	SAME
extensions/posix/xopen_source.gen.py/random.xopen_source_700.compile.pass.cpp	PASS	PASS	SAME
extensions/posix/xopen_source.gen.py/ranges.xopen_source_500.compile.pass.cpp	PASS	PASS	SAME
extensions/posix/xopen_source.gen.py/ranges.xopen_source_600.compile.pass.cpp	PASS	PASS	SAME
extensions/posix/xopen_source.gen.py/ranges.xopen_source_700.compile.pass.cpp	PASS	PASS	SAME
extensions/posix/xopen_source.gen.py/ratio.xopen_source_500.compile.pass.cpp	PASS	PASS	SAME
extensions/posix/xopen_source.gen.py/ratio.xopen_source_600.compile.pass.cpp	PASS	PASS	SAME
extensions/posix/xopen_source.gen.py/ratio.xopen_source_700.compile.pass.cpp	PASS	PASS	SAME
extensions/posix/xopen_source.gen.py/regex.xopen_source_500.compile.pass.cpp	PASS	PASS	SAME
extensions/posix/xopen_source.gen.py/regex.xopen_source_600.compile.pass.cpp	PASS	PASS	SAME
extensions/posix/xopen_source.gen.py/regex.xopen_source_700.compile.pass.cpp	PASS	PASS	SAME
extensions/posix/xopen_source.gen.py/scoped_allocator.xopen_source_500.compile.pass.cpp	PASS	PASS	SAME
extensions/posix/xopen_source.gen.py/scoped_allocator.xopen_source_600.compile.pass.cpp	PASS	PASS	SAME
extensions/posix/xopen_source.gen.py/scoped_allocator.xopen_source_700.compile.pass.cpp	PASS	PASS	SAME
extensions/posix/xopen_source.gen.py/semaphore.xopen_source_500.compile.pass.cpp	PASS	PASS	SAME
extensions/posix/xopen_source.gen.py/semaphore.xopen_source_600.compile.pass.cpp	PASS	PASS	SAME
extensions/posix/xopen_source.gen.py/semaphore.xopen_source_700.compile.pass.cpp	PASS	PASS	SAME
extensions/posix/xopen_source.gen.py/set.xopen_source_500.compile.pass.cpp	PASS	PASS	SAME
extensions/posix/xopen_source.gen.py/set.xopen_source_600.compile.pass.cpp	PASS	PASS	SAME
extensions/posix/xopen_source.gen.py/set.xopen_source_700.compile.pass.cpp	PASS	PASS	SAME
extensions/posix/xopen_source.gen.py/shared_mutex.xopen_source_500.compile.pass.cpp	PASS	PASS	SAME
extensions/posix/xopen_source.gen.py/shared_mutex.xopen_source_600.compile.pass.cpp	PASS	PASS	SAME
extensions/posix/xopen_source.gen.py/shared_mutex.xopen_source_700.compile.pass.cpp	PASS	PASS	SAME
extensions/posix/xopen_source.gen.py/source_location.xopen_source_500.compile.pass.cpp	PASS	PASS	SAME
extensions/posix/xopen_source.gen.py/source_location.xopen_source_600.compile.pass.cpp	PASS	PASS	SAME
extensions/posix/xopen_source.gen.py/source_location.xopen_source_700.compile.pass.cpp	PASS	PASS	SAME
extensions/posix/xopen_source.gen.py/span.xopen_source_500.compile.pass.cpp	PASS	PASS	SAME
extensions/posix/xopen_source.gen.py/span.xopen_source_600.compile.pass.cpp	PASS	PASS	SAME
extensions/posix/xopen_source.gen.py/span.xopen_source_700.compile.pass.cpp	PASS	PASS	SAME
extensions/posix/xopen_source.gen.py/sstream.xopen_source_500.compile.pass.cpp	PASS	PASS	SAME
extensions/posix/xopen_source.gen.py/sstream.xopen_source_600.compile.pass.cpp	PASS	PASS	SAME
extensions/posix/xopen_source.gen.py/sstream.xopen_source_700.compile.pass.cpp	PASS	PASS	SAME
extensions/posix/xopen_source.gen.py/stack.xopen_source_500.compile.pass.cpp	PASS	PASS	SAME
extensions/posix/xopen_source.gen.py/stack.xopen_source_600.compile.pass.cpp	PASS	PASS	SAME
extensions/posix/xopen_source.gen.py/stack.xopen_source_700.compile.pass.cpp	PASS	PASS	SAME
extensions/posix/xopen_source.gen.py/stdatomic.h.xopen_source_500.compile.pass.cpp	PASS	PASS	SAME
extensions/posix/xopen_source.gen.py/stdatomic.h.xopen_source_600.compile.pass.cpp	PASS	PASS	SAME
extensions/posix/xopen_source.gen.py/stdatomic.h.xopen_source_700.compile.pass.cpp	PASS	PASS	SAME
extensions/posix/xopen_source.gen.py/stddef.h.xopen_source_500.compile.pass.cpp	PASS	PASS	SAME
extensions/posix/xopen_source.gen.py/stddef.h.xopen_source_600.compile.pass.cpp	PASS	PASS	SAME
extensions/posix/xopen_source.gen.py/stddef.h.xopen_source_700.compile.pass.cpp	PASS	PASS	SAME
extensions/posix/xopen_source.gen.py/stdexcept.xopen_source_500.compile.pass.cpp	PASS	PASS	SAME
extensions/posix/xopen_source.gen.py/stdexcept.xopen_source_600.compile.pass.cpp	PASS	PASS	SAME
extensions/posix/xopen_source.gen.py/stdexcept.xopen_source_700.compile.pass.cpp	PASS	PASS	SAME
extensions/posix/xopen_source.gen.py/stdio.h.xopen_source_500.compile.pass.cpp	PASS	PASS	SAME
extensions/posix/xopen_source.gen.py/stdio.h.xopen_source_600.compile.pass.cpp	PASS	PASS	SAME
extensions/posix/xopen_source.gen.py/stdio.h.xopen_source_700.compile.pass.cpp	PASS	PASS	SAME
extensions/posix/xopen_source.gen.py/stdlib.h.xopen_source_500.compile.pass.cpp	PASS	PASS	SAME
extensions/posix/xopen_source.gen.py/stdlib.h.xopen_source_600.compile.pass.cpp	PASS	PASS	SAME
extensions/posix/xopen_source.gen.py/stdlib.h.xopen_source_700.compile.pass.cpp	PASS	PASS	SAME
extensions/posix/xopen_source.gen.py/stop_token.xopen_source_500.compile.pass.cpp	PASS	PASS	SAME
extensions/posix/xopen_source.gen.py/stop_token.xopen_source_600.compile.pass.cpp	PASS	PASS	SAME
extensions/posix/xopen_source.gen.py/stop_token.xopen_source_700.compile.pass.cpp	PASS	PASS	SAME
extensions/posix/xopen_source.gen.py/streambuf.xopen_source_500.compile.pass.cpp	PASS	PASS	SAME
extensions/posix/xopen_source.gen.py/streambuf.xopen_source_600.compile.pass.cpp	PASS	PASS	SAME
extensions/posix/xopen_source.gen.py/streambuf.xopen_source_700.compile.pass.cpp	PASS	PASS	SAME
extensions/posix/xopen_source.gen.py/string.h.xopen_source_500.compile.pass.cpp	PASS	PASS	SAME
extensions/posix/xopen_source.gen.py/string.h.xopen_source_600.compile.pass.cpp	PASS	PASS	SAME
extensions/posix/xopen_source.gen.py/string.h.xopen_source_700.compile.pass.cpp	PASS	PASS	SAME
extensions/posix/xopen_source.gen.py/string.xopen_source_500.compile.pass.cpp	PASS	PASS	SAME
extensions/posix/xopen_source.gen.py/string.xopen_source_600.compile.pass.cpp	PASS	PASS	SAME
extensions/posix/xopen_source.gen.py/string.xopen_source_700.compile.pass.cpp	PASS	PASS	SAME
extensions/posix/xopen_source.gen.py/string_view.xopen_source_500.compile.pass.cpp	PASS	PASS	SAME
extensions/posix/xopen_source.gen.py/string_view.xopen_source_600.compile.pass.cpp	PASS	PASS	SAME
extensions/posix/xopen_source.gen.py/string_view.xopen_source_700.compile.pass.cpp	PASS	PASS	SAME
extensions/posix/xopen_source.gen.py/strstream.xopen_source_500.compile.pass.cpp	PASS	PASS	SAME
extensions/posix/xopen_source.gen.py/strstream.xopen_source_600.compile.pass.cpp	PASS	PASS	SAME
extensions/posix/xopen_source.gen.py/strstream.xopen_source_700.compile.pass.cpp	PASS	PASS	SAME
extensions/posix/xopen_source.gen.py/syncstream.xopen_source_500.compile.pass.cpp	PASS	PASS	SAME
extensions/posix/xopen_source.gen.py/syncstream.xopen_source_600.compile.pass.cpp	PASS	PASS	SAME
extensions/posix/xopen_source.gen.py/syncstream.xopen_source_700.compile.pass.cpp	PASS	PASS	SAME
extensions/posix/xopen_source.gen.py/system_error.xopen_source_500.compile.pass.cpp	PASS	PASS	SAME
extensions/posix/xopen_source.gen.py/system_error.xopen_source_600.compile.pass.cpp	PASS	PASS	SAME
extensions/posix/xopen_source.gen.py/system_error.xopen_source_700.compile.pass.cpp	PASS	PASS	SAME
extensions/posix/xopen_source.gen.py/tgmath.h.xopen_source_500.compile.pass.cpp	PASS	PASS	SAME
extensions/posix/xopen_source.gen.py/tgmath.h.xopen_source_600.compile.pass.cpp	PASS	PASS	SAME
extensions/posix/xopen_source.gen.py/tgmath.h.xopen_source_700.compile.pass.cpp	PASS	PASS	SAME
extensions/posix/xopen_source.gen.py/thread.xopen_source_500.compile.pass.cpp	PASS	PASS	SAME
extensions/posix/xopen_source.gen.py/thread.xopen_source_600.compile.pass.cpp	PASS	PASS	SAME
extensions/posix/xopen_source.gen.py/thread.xopen_source_700.compile.pass.cpp	PASS	PASS	SAME
extensions/posix/xopen_source.gen.py/tuple.xopen_source_500.compile.pass.cpp	PASS	PASS	SAME
extensions/posix/xopen_source.gen.py/tuple.xopen_source_600.compile.pass.cpp	PASS	PASS	SAME
extensions/posix/xopen_source.gen.py/tuple.xopen_source_700.compile.pass.cpp	PASS	PASS	SAME
extensions/posix/xopen_source.gen.py/type_traits.xopen_source_500.compile.pass.cpp	PASS	PASS	SAME
extensions/posix/xopen_source.gen.py/type_traits.xopen_source_600.compile.pass.cpp	PASS	PASS	SAME
extensions/posix/xopen_source.gen.py/type_traits.xopen_source_700.compile.pass.cpp	PASS	PASS	SAME
extensions/posix/xopen_source.gen.py/typeindex.xopen_source_500.compile.pass.cpp	PASS	PASS	SAME
extensions/posix/xopen_source.gen.py/typeindex.xopen_source_600.compile.pass.cpp	PASS	PASS	SAME
extensions/posix/xopen_source.gen.py/typeindex.xopen_source_700.compile.pass.cpp	PASS	PASS	SAME
extensions/posix/xopen_source.gen.py/typeinfo.xopen_source_500.compile.pass.cpp	PASS	PASS	SAME
extensions/posix/xopen_source.gen.py/typeinfo.xopen_source_600.compile.pass.cpp	PASS	PASS	SAME
extensions/posix/xopen_source.gen.py/typeinfo.xopen_source_700.compile.pass.cpp	PASS	PASS	SAME
extensions/posix/xopen_source.gen.py/uchar.h.xopen_source_500.compile.pass.cpp	PASS	PASS	SAME
extensions/posix/xopen_source.gen.py/uchar.h.xopen_source_600.compile.pass.cpp	PASS	PASS	SAME
extensions/posix/xopen_source.gen.py/uchar.h.xopen_source_700.compile.pass.cpp	PASS	PASS	SAME
extensions/posix/xopen_source.gen.py/unordered_map.xopen_source_500.compile.pass.cpp	PASS	PASS	SAME
extensions/posix/xopen_source.gen.py/unordered_map.xopen_source_600.compile.pass.cpp	PASS	PASS	SAME
extensions/posix/xopen_source.gen.py/unordered_map.xopen_source_700.compile.pass.cpp	PASS	PASS	SAME
extensions/posix/xopen_source.gen.py/unordered_set.xopen_source_500.compile.pass.cpp	PASS	PASS	SAME
extensions/posix/xopen_source.gen.py/unordered_set.xopen_source_600.compile.pass.cpp	PASS	PASS	SAME
extensions/posix/xopen_source.gen.py/unordered_set.xopen_source_700.compile.pass.cpp	PASS	PASS	SAME
extensions/posix/xopen_source.gen.py/utility.xopen_source_500.compile.pass.cpp	PASS	PASS	SAME
extensions/posix/xopen_source.gen.py/utility.xopen_source_600.compile.pass.cpp	PASS	PASS	SAME
extensions/posix/xopen_source.gen.py/utility.xopen_source_700.compile.pass.cpp	PASS	PASS	SAME
extensions/posix/xopen_source.gen.py/valarray.xopen_source_500.compile.pass.cpp	PASS	PASS	SAME
extensions/posix/xopen_source.gen.py/valarray.xopen_source_600.compile.pass.cpp	PASS	PASS	SAME
extensions/posix/xopen_source.gen.py/valarray.xopen_source_700.compile.pass.cpp	PASS	PASS	SAME
extensions/posix/xopen_source.gen.py/variant.xopen_source_500.compile.pass.cpp	PASS	PASS	SAME
extensions/posix/xopen_source.gen.py/variant.xopen_source_600.compile.pass.cpp	PASS	PASS	SAME
extensions/posix/xopen_source.gen.py/variant.xopen_source_700.compile.pass.cpp	PASS	PASS	SAME
extensions/posix/xopen_source.gen.py/vector.xopen_source_500.compile.pass.cpp	PASS	PASS	SAME
extensions/posix/xopen_source.gen.py/vector.xopen_source_600.compile.pass.cpp	PASS	PASS	SAME
extensions/posix/xopen_source.gen.py/vector.xopen_source_700.compile.pass.cpp	PASS	PASS	SAME
extensions/posix/xopen_source.gen.py/version.xopen_source_500.compile.pass.cpp	PASS	PASS	SAME
extensions/posix/xopen_source.gen.py/version.xopen_source_600.compile.pass.cpp	PASS	PASS	SAME
extensions/posix/xopen_source.gen.py/version.xopen_source_700.compile.pass.cpp	PASS	PASS	SAME
extensions/posix/xopen_source.gen.py/wchar.h.xopen_source_500.compile.pass.cpp	PASS	PASS	SAME
extensions/posix/xopen_source.gen.py/wchar.h.xopen_source_600.compile.pass.cpp	PASS	PASS	SAME
extensions/posix/xopen_source.gen.py/wchar.h.xopen_source_700.compile.pass.cpp	PASS	PASS	SAME
extensions/posix/xopen_source.gen.py/wctype.h.xopen_source_500.compile.pass.cpp	PASS	PASS	SAME
extensions/posix/xopen_source.gen.py/wctype.h.xopen_source_600.compile.pass.cpp	PASS	PASS	SAME
extensions/posix/xopen_source.gen.py/wctype.h.xopen_source_700.compile.pass.cpp	PASS	PASS	SAME
libcxx-03/algorithms/alg.modifying.operations/alg.random.shuffle/random_shuffle.cxx1z.pass.cpp	UNSUPPORTED	UNSUPPORTED	SAME
libcxx-03/algorithms/bad_iterator_traits.verify.cpp	UNSUPPORTED	UNSUPPORTED	SAME
libcxx-03/algorithms/half_positive.pass.cpp	UNSUPPORTED	UNSUPPORTED	SAME
libcxx-03/algorithms/pstl.libdispatch.chunk_partitions.pass.cpp	UNSUPPORTED	UNSUPPORTED	SAME
libcxx-03/algorithms/robust_against_copying_comparators.pass.cpp	UNSUPPORTED	UNSUPPORTED	SAME
libcxx-03/algorithms/robust_against_cpp20_hostile_iterators.compile.pass.cpp	UNSUPPORTED	UNSUPPORTED	SAME
libcxx-03/algorithms/robust_against_using_non_transparent_comparators.pass.cpp	UNSUPPORTED	UNSUPPORTED	SAME
libcxx-03/assertions/customize_verbose_abort.compile-time.pass.cpp	UNSUPPORTED	UNSUPPORTED	SAME
libcxx-03/assertions/customize_verbose_abort.link-time.pass.cpp	UNSUPPORTED	UNSUPPORTED	SAME
libcxx-03/assertions/default_verbose_abort.pass.cpp	UNSUPPORTED	UNSUPPORTED	SAME
libcxx-03/assertions/modes/hardening_mode_incorrect_value.sh.cpp	UNSUPPORTED	UNSUPPORTED	SAME
libcxx-03/assertions/modes/none.pass.cpp	UNSUPPORTED	UNSUPPORTED	SAME
libcxx-03/assertions/single_expression.pass.cpp	UNSUPPORTED	UNSUPPORTED	SAME
libcxx-03/atomics/atomics.order/memory_order.underlying_type.pass.cpp	UNSUPPORTED	UNSUPPORTED	SAME
libcxx-03/atomics/atomics.syn/incompatible_with_stdatomic.verify.cpp	UNSUPPORTED	UNSUPPORTED	SAME
libcxx-03/atomics/atomics.types.operations/atomics.types.operations.req/atomic_fetch_add.verify.cpp	UNSUPPORTED	UNSUPPORTED	SAME
libcxx-03/atomics/atomics.types.operations/atomics.types.operations.req/atomic_fetch_add_explicit.verify.cpp	UNSUPPORTED	UNSUPPORTED	SAME
libcxx-03/atomics/atomics.types.operations/atomics.types.operations.req/atomic_fetch_sub.verify.cpp	UNSUPPORTED	UNSUPPORTED	SAME
libcxx-03/atomics/atomics.types.operations/atomics.types.operations.req/atomic_fetch_sub_explicit.verify.cpp	UNSUPPORTED	UNSUPPORTED	SAME
libcxx-03/atomics/diagnose_invalid_memory_order.verify.cpp	UNSUPPORTED	UNSUPPORTED	SAME
libcxx-03/atomics/stdatomic.h.syn/dont_hijack_header.compile.pass.cpp	UNSUPPORTED	UNSUPPORTED	SAME
libcxx-03/atomics/stdatomic.h.syn/dont_hijack_header.cxx23.compile.pass.cpp	UNSUPPORTED	UNSUPPORTED	SAME
libcxx-03/clang_tidy.gen.py	UNSUPPORTED	UNSUPPORTED	SAME
libcxx-03/containers/associative/map/at.abort.pass.cpp	UNSUPPORTED	UNSUPPORTED	SAME
libcxx-03/containers/associative/map/at.const.abort.pass.cpp	UNSUPPORTED	UNSUPPORTED	SAME
libcxx-03/containers/associative/reference_comparator_abi.compile.pass.cpp	UNSUPPORTED	UNSUPPORTED	SAME
libcxx-03/containers/associative/tree_balance_after_insert.pass.cpp	UNSUPPORTED	UNSUPPORTED	SAME
libcxx-03/containers/associative/tree_key_value_traits.pass.cpp	UNSUPPORTED	UNSUPPORTED	SAME
libcxx-03/containers/associative/tree_left_rotate.pass.cpp	UNSUPPORTED	UNSUPPORTED	SAME
libcxx-03/containers/associative/tree_remove.pass.cpp	UNSUPPORTED	UNSUPPORTED	SAME
libcxx-03/containers/associative/tree_right_rotate.pass.cpp	UNSUPPORTED	UNSUPPORTED	SAME
libcxx-03/containers/associative/unord.map/abi.compile.pass.cpp	UNSUPPORTED	UNSUPPORTED	SAME
libcxx-03/containers/associative/unord.set/abi.compile.pass.cpp	UNSUPPORTED	UNSUPPORTED	SAME
libcxx-03/containers/sequences/array/triviality.pass.cpp	UNSUPPORTED	UNSUPPORTED	SAME
libcxx-03/containers/sequences/deque/abi.compile.pass.cpp	UNSUPPORTED	UNSUPPORTED	SAME
libcxx-03/containers/sequences/deque/asan.pass.cpp	UNSUPPORTED	UNSUPPORTED	SAME
libcxx-03/containers/sequences/deque/asan_caterpillar.pass.cpp	UNSUPPORTED	UNSUPPORTED	SAME
libcxx-03/containers/sequences/deque/segmented_iterator.compile.pass.cpp	UNSUPPORTED	UNSUPPORTED	SAME
libcxx-03/containers/sequences/list/abi.compile.pass.cpp	UNSUPPORTED	UNSUPPORTED	SAME
libcxx-03/containers/sequences/vector.bool/abi.compile.pass.cpp	UNSUPPORTED	UNSUPPORTED	SAME
libcxx-03/containers/sequences/vector/abi.compile.pass.cpp	UNSUPPORTED	UNSUPPORTED	SAME
libcxx-03/containers/sequences/vector/asan.pass.cpp	UNSUPPORTED	UNSUPPORTED	SAME
libcxx-03/containers/sequences/vector/asan_throw.pass.cpp	UNSUPPORTED	UNSUPPORTED	SAME
libcxx-03/containers/sequences/vector/invalid_allocator.verify.cpp	UNSUPPORTED	UNSUPPORTED	SAME
libcxx-03/containers/unord/key_value_traits.pass.cpp	UNSUPPORTED	UNSUPPORTED	SAME
libcxx-03/containers/unord/next_prime.pass.cpp	UNSUPPORTED	UNSUPPORTED	SAME
libcxx-03/depr/depr.auto.ptr/auto.ptr/auto_ptr.cxx1z.pass.cpp	UNSUPPORTED	UNSUPPORTED	SAME
libcxx-03/depr/depr.default.allocator/allocator.members/address.cxx20.pass.cpp	UNSUPPORTED	UNSUPPORTED	SAME
libcxx-03/depr/depr.default.allocator/allocator.members/allocate.cxx20.pass.cpp	UNSUPPORTED	UNSUPPORTED	SAME
libcxx-03/depr/depr.default.allocator/allocator.members/construct.cxx20.pass.cpp	UNSUPPORTED	UNSUPPORTED	SAME
libcxx-03/depr/depr.default.allocator/allocator.members/max_size.cxx20.pass.cpp	UNSUPPORTED	UNSUPPORTED	SAME
libcxx-03/depr/depr.default.allocator/allocator_types.cxx20.pass.cpp	UNSUPPORTED	UNSUPPORTED	SAME
libcxx-03/depr/depr.function.objects/depr.adaptors.cxx1z.pass.cpp	UNSUPPORTED	UNSUPPORTED	SAME
libcxx-03/depr/exception.unexpected/get_unexpected.pass.cpp	UNSUPPORTED	UNSUPPORTED	SAME
libcxx-03/depr/exception.unexpected/set_unexpected.pass.cpp	UNSUPPORTED	UNSUPPORTED	SAME
libcxx-03/depr/exception.unexpected/unexpected.pass.cpp	UNSUPPORTED	UNSUPPORTED	SAME
libcxx-03/diagnostics/system_error_win_codes.pass.cpp	UNSUPPORTED	UNSUPPORTED	SAME
libcxx-03/input.output/file.streams/fstreams/filebuf/traits_mismatch.verify.cpp	UNSUPPORTED	UNSUPPORTED	SAME
libcxx-03/input.output/file.streams/fstreams/fstream.close.pass.cpp	UNSUPPORTED	UNSUPPORTED	SAME
libcxx-03/input.output/file.streams/fstreams/traits_mismatch.verify.cpp	UNSUPPORTED	UNSUPPORTED	SAME
libcxx-03/input.output/iostream.format/input.streams/traits_mismatch.verify.cpp	UNSUPPORTED	UNSUPPORTED	SAME
libcxx-03/input.output/iostream.format/output.streams/traits_mismatch.verify.cpp	UNSUPPORTED	UNSUPPORTED	SAME
libcxx-03/input.output/iostreams.base/ios.base/ios.base.cons/dtor.uninitialized.pass.cpp	UNSUPPORTED	UNSUPPORTED	SAME
libcxx-03/input.output/iostreams.base/ios/iostate.flags/clear.abort.pass.cpp	UNSUPPORTED	UNSUPPORTED	SAME
libcxx-03/input.output/string.streams/stringbuf/const_sso_buffer.pass.cpp	UNSUPPORTED	UNSUPPORTED	SAME
libcxx-03/input.output/string.streams/traits_mismatch.verify.cpp	UNSUPPORTED	UNSUPPORTED	SAME
libcxx-03/iterators/aliasing_iterator.pass.cpp	UNSUPPORTED	UNSUPPORTED	SAME
libcxx-03/iterators/bounded_iter/arithmetic.pass.cpp	UNSUPPORTED	UNSUPPORTED	SAME
libcxx-03/iterators/bounded_iter/comparison.pass.cpp	UNSUPPORTED	UNSUPPORTED	SAME
libcxx-03/iterators/bounded_iter/pointer_traits.pass.cpp	UNSUPPORTED	UNSUPPORTED	SAME
libcxx-03/iterators/bounded_iter/types.compile.pass.cpp	UNSUPPORTED	UNSUPPORTED	SAME
libcxx-03/iterators/contiguous_iterators.conv.compile.pass.cpp	UNSUPPORTED	UNSUPPORTED	SAME
libcxx-03/iterators/contiguous_iterators.pass.cpp	UNSUPPORTED	UNSUPPORTED	SAME
libcxx-03/iterators/contiguous_iterators.verify.cpp	UNSUPPORTED	UNSUPPORTED	SAME
libcxx-03/iterators/iterator.primitives/iterator.operations/prev.verify.cpp	UNSUPPORTED	UNSUPPORTED	SAME
libcxx-03/iterators/predef.iterators/insert.iterators/back.insert.iter.ops/get_container.pass.cpp	UNSUPPORTED	UNSUPPORTED	SAME
libcxx-03/iterators/unwrap_iter.pass.cpp	UNSUPPORTED	UNSUPPORTED	SAME
libcxx-03/language.support/support.dynamic/libcpp_deallocate.sh.cpp	UNSUPPORTED	UNSUPPORTED	SAME
libcxx-03/language.support/support.rtti/type.info/type_info.comparison.apple.compile.pass.cpp	UNSUPPORTED	UNSUPPORTED	SAME
libcxx-03/language.support/support.rtti/type.info/type_info.comparison.merged.sh.cpp	UNSUPPORTED	UNSUPPORTED	SAME
libcxx-03/language.support/support.rtti/type.info/type_info.comparison.unmerged.sh.cpp	UNSUPPORTED	UNSUPPORTED	SAME
libcxx-03/libcpp_alignof.pass.cpp	UNSUPPORTED	UNSUPPORTED	SAME
libcxx-03/libcpp_freestanding.sh.cpp	UNSUPPORTED	UNSUPPORTED	SAME
libcxx-03/lint/lint_headers.sh.py	UNSUPPORTED	UNSUPPORTED	SAME
libcxx-03/localization/locale.categories/__scan_keyword.pass.cpp	UNSUPPORTED	UNSUPPORTED	SAME
libcxx-03/localization/locales/locale.abort.pass.cpp	UNSUPPORTED	UNSUPPORTED	SAME
libcxx-03/localization/locales/locale.category.abort.pass.cpp	UNSUPPORTED	UNSUPPORTED	SAME
libcxx-03/localization/locales/locale/locale.types/locale.facet/facet.pass.cpp	UNSUPPORTED	UNSUPPORTED	SAME
libcxx-03/localization/locales/locale/locale.types/locale.facet/no_allocation.pass.cpp	UNSUPPORTED	UNSUPPORTED	SAME
libcxx-03/localization/locales/locale/locale.types/locale.id/id.pass.cpp	UNSUPPORTED	UNSUPPORTED	SAME
libcxx-03/localization/locales/use_facet.abort.pass.cpp	UNSUPPORTED	UNSUPPORTED	SAME
libcxx-03/memory/allocation_guard.pass.cpp	UNSUPPORTED	UNSUPPORTED	SAME
libcxx-03/memory/allocator_void.trivial.compile.pass.cpp	UNSUPPORTED	UNSUPPORTED	SAME
libcxx-03/memory/allocator_volatile.verify.cpp	UNSUPPORTED	UNSUPPORTED	SAME
libcxx-03/memory/is_allocator.pass.cpp	UNSUPPORTED	UNSUPPORTED	SAME
libcxx-03/memory/swap_allocator.pass.cpp	UNSUPPORTED	UNSUPPORTED	SAME
libcxx-03/memory/trivial_abi/unique_ptr_arg.pass.cpp	UNSUPPORTED	UNSUPPORTED	SAME
libcxx-03/memory/trivial_abi/unique_ptr_destruction_order.pass.cpp	UNSUPPORTED	UNSUPPORTED	SAME
libcxx-03/memory/trivial_abi/unique_ptr_ret.pass.cpp	UNSUPPORTED	UNSUPPORTED	SAME
libcxx-03/memory/trivial_abi/weak_ptr_ret.pass.cpp	UNSUPPORTED	UNSUPPORTED	SAME
libcxx-03/memory/uninitialized_allocator_copy.pass.cpp	UNSUPPORTED	UNSUPPORTED	SAME
libcxx-03/module_std.gen.py/module_std.sh.cpp	UNSUPPORTED	UNSUPPORTED	SAME
libcxx-03/module_std_compat.gen.py/module_std_compat.sh.cpp	UNSUPPORTED	UNSUPPORTED	SAME
libcxx-03/no_assert_include.gen.py/algorithm.compile.pass.cpp	UNSUPPORTED	UNSUPPORTED	SAME
libcxx-03/no_assert_include.gen.py/any.compile.pass.cpp	UNSUPPORTED	UNSUPPORTED	SAME
libcxx-03/no_assert_include.gen.py/array.compile.pass.cpp	UNSUPPORTED	UNSUPPORTED	SAME
libcxx-03/no_assert_include.gen.py/atomic.compile.pass.cpp	UNSUPPORTED	UNSUPPORTED	SAME
libcxx-03/no_assert_include.gen.py/barrier.compile.pass.cpp	UNSUPPORTED	UNSUPPORTED	SAME
libcxx-03/no_assert_include.gen.py/bit.compile.pass.cpp	UNSUPPORTED	UNSUPPORTED	SAME
libcxx-03/no_assert_include.gen.py/bitset.compile.pass.cpp	UNSUPPORTED	UNSUPPORTED	SAME
libcxx-03/no_assert_include.gen.py/ccomplex.compile.pass.cpp	UNSUPPORTED	UNSUPPORTED	SAME
libcxx-03/no_assert_include.gen.py/cctype.compile.pass.cpp	UNSUPPORTED	UNSUPPORTED	SAME
libcxx-03/no_assert_include.gen.py/cerrno.compile.pass.cpp	UNSUPPORTED	UNSUPPORTED	SAME
libcxx-03/no_assert_include.gen.py/cfenv.compile.pass.cpp	UNSUPPORTED	UNSUPPORTED	SAME
libcxx-03/no_assert_include.gen.py/cfloat.compile.pass.cpp	UNSUPPORTED	UNSUPPORTED	SAME
libcxx-03/no_assert_include.gen.py/charconv.compile.pass.cpp	UNSUPPORTED	UNSUPPORTED	SAME
libcxx-03/no_assert_include.gen.py/chrono.compile.pass.cpp	UNSUPPORTED	UNSUPPORTED	SAME
libcxx-03/no_assert_include.gen.py/cinttypes.compile.pass.cpp	UNSUPPORTED	UNSUPPORTED	SAME
libcxx-03/no_assert_include.gen.py/ciso646.compile.pass.cpp	UNSUPPORTED	UNSUPPORTED	SAME
libcxx-03/no_assert_include.gen.py/climits.compile.pass.cpp	UNSUPPORTED	UNSUPPORTED	SAME
libcxx-03/no_assert_include.gen.py/clocale.compile.pass.cpp	UNSUPPORTED	UNSUPPORTED	SAME
libcxx-03/no_assert_include.gen.py/cmath.compile.pass.cpp	UNSUPPORTED	UNSUPPORTED	SAME
libcxx-03/no_assert_include.gen.py/codecvt.compile.pass.cpp	UNSUPPORTED	UNSUPPORTED	SAME
libcxx-03/no_assert_include.gen.py/compare.compile.pass.cpp	UNSUPPORTED	UNSUPPORTED	SAME
libcxx-03/no_assert_include.gen.py/complex.compile.pass.cpp	UNSUPPORTED	UNSUPPORTED	SAME
libcxx-03/no_assert_include.gen.py/complex.h.compile.pass.cpp	UNSUPPORTED	UNSUPPORTED	SAME
libcxx-03/no_assert_include.gen.py/concepts.compile.pass.cpp	UNSUPPORTED	UNSUPPORTED	SAME
libcxx-03/no_assert_include.gen.py/condition_variable.compile.pass.cpp	UNSUPPORTED	UNSUPPORTED	SAME
libcxx-03/no_assert_include.gen.py/coroutine.compile.pass.cpp	UNSUPPORTED	UNSUPPORTED	SAME
libcxx-03/no_assert_include.gen.py/csetjmp.compile.pass.cpp	UNSUPPORTED	UNSUPPORTED	SAME
libcxx-03/no_assert_include.gen.py/csignal.compile.pass.cpp	UNSUPPORTED	UNSUPPORTED	SAME
libcxx-03/no_assert_include.gen.py/cstdalign.compile.pass.cpp	UNSUPPORTED	UNSUPPORTED	SAME
libcxx-03/no_assert_include.gen.py/cstdarg.compile.pass.cpp	UNSUPPORTED	UNSUPPORTED	SAME
libcxx-03/no_assert_include.gen.py/cstdbool.compile.pass.cpp	UNSUPPORTED	UNSUPPORTED	SAME
libcxx-03/no_assert_include.gen.py/cstddef.compile.pass.cpp	UNSUPPORTED	UNSUPPORTED	SAME
libcxx-03/no_assert_include.gen.py/cstdint.compile.pass.cpp	UNSUPPORTED	UNSUPPORTED	SAME
libcxx-03/no_assert_include.gen.py/cstdio.compile.pass.cpp	UNSUPPORTED	UNSUPPORTED	SAME
libcxx-03/no_assert_include.gen.py/cstdlib.compile.pass.cpp	UNSUPPORTED	UNSUPPORTED	SAME
libcxx-03/no_assert_include.gen.py/cstring.compile.pass.cpp	UNSUPPORTED	UNSUPPORTED	SAME
libcxx-03/no_assert_include.gen.py/ctgmath.compile.pass.cpp	UNSUPPORTED	UNSUPPORTED	SAME
libcxx-03/no_assert_include.gen.py/ctime.compile.pass.cpp	UNSUPPORTED	UNSUPPORTED	SAME
libcxx-03/no_assert_include.gen.py/ctype.h.compile.pass.cpp	UNSUPPORTED	UNSUPPORTED	SAME
libcxx-03/no_assert_include.gen.py/cuchar.compile.pass.cpp	UNSUPPORTED	UNSUPPORTED	SAME
libcxx-03/no_assert_include.gen.py/cwchar.compile.pass.cpp	UNSUPPORTED	UNSUPPORTED	SAME
libcxx-03/no_assert_include.gen.py/cwctype.compile.pass.cpp	UNSUPPORTED	UNSUPPORTED	SAME
libcxx-03/no_assert_include.gen.py/deque.compile.pass.cpp	UNSUPPORTED	UNSUPPORTED	SAME
libcxx-03/no_assert_include.gen.py/errno.h.compile.pass.cpp	UNSUPPORTED	UNSUPPORTED	SAME
libcxx-03/no_assert_include.gen.py/exception.compile.pass.cpp	UNSUPPORTED	UNSUPPORTED	SAME
libcxx-03/no_assert_include.gen.py/execution.compile.pass.cpp	UNSUPPORTED	UNSUPPORTED	SAME
libcxx-03/no_assert_include.gen.py/expected.compile.pass.cpp	UNSUPPORTED	UNSUPPORTED	SAME
libcxx-03/no_assert_include.gen.py/experimental/iterator.compile.pass.cpp	UNSUPPORTED	UNSUPPORTED	SAME
libcxx-03/no_assert_include.gen.py/experimental/memory.compile.pass.cpp	UNSUPPORTED	UNSUPPORTED	SAME
libcxx-03/no_assert_include.gen.py/experimental/propagate_const.compile.pass.cpp	UNSUPPORTED	UNSUPPORTED	SAME
libcxx-03/no_assert_include.gen.py/experimental/simd.compile.pass.cpp	UNSUPPORTED	UNSUPPORTED	SAME
libcxx-03/no_assert_include.gen.py/experimental/type_traits.compile.pass.cpp	UNSUPPORTED	UNSUPPORTED	SAME
libcxx-03/no_assert_include.gen.py/experimental/utility.compile.pass.cpp	UNSUPPORTED	UNSUPPORTED	SAME
libcxx-03/no_assert_include.gen.py/fenv.h.compile.pass.cpp	UNSUPPORTED	UNSUPPORTED	SAME
libcxx-03/no_assert_include.gen.py/filesystem.compile.pass.cpp	UNSUPPORTED	UNSUPPORTED	SAME
libcxx-03/no_assert_include.gen.py/flat_map.compile.pass.cpp	UNSUPPORTED	UNSUPPORTED	SAME
libcxx-03/no_assert_include.gen.py/flat_set.compile.pass.cpp	UNSUPPORTED	UNSUPPORTED	SAME
libcxx-03/no_assert_include.gen.py/float.h.compile.pass.cpp	UNSUPPORTED	UNSUPPORTED	SAME
libcxx-03/no_assert_include.gen.py/format.compile.pass.cpp	UNSUPPORTED	UNSUPPORTED	SAME
libcxx-03/no_assert_include.gen.py/forward_list.compile.pass.cpp	UNSUPPORTED	UNSUPPORTED	SAME
libcxx-03/no_assert_include.gen.py/fstream.compile.pass.cpp	UNSUPPORTED	UNSUPPORTED	SAME
libcxx-03/no_assert_include.gen.py/functional.compile.pass.cpp	UNSUPPORTED	UNSUPPORTED	SAME
libcxx-03/no_assert_include.gen.py/future.compile.pass.cpp	UNSUPPORTED	UNSUPPORTED	SAME
libcxx-03/no_assert_include.gen.py/initializer_list.compile.pass.cpp	UNSUPPORTED	UNSUPPORTED	SAME
libcxx-03/no_assert_include.gen.py/inttypes.h.compile.pass.cpp	UNSUPPORTED	UNSUPPORTED	SAME
libcxx-03/no_assert_include.gen.py/iomanip.compile.pass.cpp	UNSUPPORTED	UNSUPPORTED	SAME
libcxx-03/no_assert_include.gen.py/ios.compile.pass.cpp	UNSUPPORTED	UNSUPPORTED	SAME
libcxx-03/no_assert_include.gen.py/iosfwd.compile.pass.cpp	UNSUPPORTED	UNSUPPORTED	SAME
libcxx-03/no_assert_include.gen.py/iostream.compile.pass.cpp	UNSUPPORTED	UNSUPPORTED	SAME
libcxx-03/no_assert_include.gen.py/istream.compile.pass.cpp	UNSUPPORTED	UNSUPPORTED	SAME
libcxx-03/no_assert_include.gen.py/iterator.compile.pass.cpp	UNSUPPORTED	UNSUPPORTED	SAME
libcxx-03/no_assert_include.gen.py/latch.compile.pass.cpp	UNSUPPORTED	UNSUPPORTED	SAME
libcxx-03/no_assert_include.gen.py/limits.compile.pass.cpp	UNSUPPORTED	UNSUPPORTED	SAME
libcxx-03/no_assert_include.gen.py/list.compile.pass.cpp	UNSUPPORTED	UNSUPPORTED	SAME
libcxx-03/no_assert_include.gen.py/locale.compile.pass.cpp	UNSUPPORTED	UNSUPPORTED	SAME
libcxx-03/no_assert_include.gen.py/map.compile.pass.cpp	UNSUPPORTED	UNSUPPORTED	SAME
libcxx-03/no_assert_include.gen.py/math.h.compile.pass.cpp	UNSUPPORTED	UNSUPPORTED	SAME
libcxx-03/no_assert_include.gen.py/mdspan.compile.pass.cpp	UNSUPPORTED	UNSUPPORTED	SAME
libcxx-03/no_assert_include.gen.py/memory.compile.pass.cpp	UNSUPPORTED	UNSUPPORTED	SAME
libcxx-03/no_assert_include.gen.py/memory_resource.compile.pass.cpp	UNSUPPORTED	UNSUPPORTED	SAME
libcxx-03/no_assert_include.gen.py/mutex.compile.pass.cpp	UNSUPPORTED	UNSUPPORTED	SAME
libcxx-03/no_assert_include.gen.py/new.compile.pass.cpp	UNSUPPORTED	UNSUPPORTED	SAME
libcxx-03/no_assert_include.gen.py/numbers.compile.pass.cpp	UNSUPPORTED	UNSUPPORTED	SAME
libcxx-03/no_assert_include.gen.py/numeric.compile.pass.cpp	UNSUPPORTED	UNSUPPORTED	SAME
libcxx-03/no_assert_include.gen.py/optional.compile.pass.cpp	UNSUPPORTED	UNSUPPORTED	SAME
libcxx-03/no_assert_include.gen.py/ostream.compile.pass.cpp	UNSUPPORTED	UNSUPPORTED	SAME
libcxx-03/no_assert_include.gen.py/print.compile.pass.cpp	UNSUPPORTED	UNSUPPORTED	SAME
libcxx-03/no_assert_include.gen.py/queue.compile.pass.cpp	UNSUPPORTED	UNSUPPORTED	SAME
libcxx-03/no_assert_include.gen.py/random.compile.pass.cpp	UNSUPPORTED	UNSUPPORTED	SAME
libcxx-03/no_assert_include.gen.py/ranges.compile.pass.cpp	UNSUPPORTED	UNSUPPORTED	SAME
libcxx-03/no_assert_include.gen.py/ratio.compile.pass.cpp	UNSUPPORTED	UNSUPPORTED	SAME
libcxx-03/no_assert_include.gen.py/regex.compile.pass.cpp	UNSUPPORTED	UNSUPPORTED	SAME
libcxx-03/no_assert_include.gen.py/scoped_allocator.compile.pass.cpp	UNSUPPORTED	UNSUPPORTED	SAME
libcxx-03/no_assert_include.gen.py/semaphore.compile.pass.cpp	UNSUPPORTED	UNSUPPORTED	SAME
libcxx-03/no_assert_include.gen.py/set.compile.pass.cpp	UNSUPPORTED	UNSUPPORTED	SAME
libcxx-03/no_assert_include.gen.py/shared_mutex.compile.pass.cpp	UNSUPPORTED	UNSUPPORTED	SAME
libcxx-03/no_assert_include.gen.py/source_location.compile.pass.cpp	UNSUPPORTED	UNSUPPORTED	SAME
libcxx-03/no_assert_include.gen.py/span.compile.pass.cpp	UNSUPPORTED	UNSUPPORTED	SAME
libcxx-03/no_assert_include.gen.py/sstream.compile.pass.cpp	UNSUPPORTED	UNSUPPORTED	SAME
libcxx-03/no_assert_include.gen.py/stack.compile.pass.cpp	UNSUPPORTED	UNSUPPORTED	SAME
libcxx-03/no_assert_include.gen.py/stdatomic.h.compile.pass.cpp	UNSUPPORTED	UNSUPPORTED	SAME
libcxx-03/no_assert_include.gen.py/stddef.h.compile.pass.cpp	UNSUPPORTED	UNSUPPORTED	SAME
libcxx-03/no_assert_include.gen.py/stdexcept.compile.pass.cpp	UNSUPPORTED	UNSUPPORTED	SAME
libcxx-03/no_assert_include.gen.py/stdio.h.compile.pass.cpp	UNSUPPORTED	UNSUPPORTED	SAME
libcxx-03/no_assert_include.gen.py/stdlib.h.compile.pass.cpp	UNSUPPORTED	UNSUPPORTED	SAME
libcxx-03/no_assert_include.gen.py/stop_token.compile.pass.cpp	UNSUPPORTED	UNSUPPORTED	SAME
libcxx-03/no_assert_include.gen.py/streambuf.compile.pass.cpp	UNSUPPORTED	UNSUPPORTED	SAME
libcxx-03/no_assert_include.gen.py/string.compile.pass.cpp	UNSUPPORTED	UNSUPPORTED	SAME
libcxx-03/no_assert_include.gen.py/string.h.compile.pass.cpp	UNSUPPORTED	UNSUPPORTED	SAME
libcxx-03/no_assert_include.gen.py/string_view.compile.pass.cpp	UNSUPPORTED	UNSUPPORTED	SAME
libcxx-03/no_assert_include.gen.py/strstream.compile.pass.cpp	UNSUPPORTED	UNSUPPORTED	SAME
libcxx-03/no_assert_include.gen.py/syncstream.compile.pass.cpp	UNSUPPORTED	UNSUPPORTED	SAME
libcxx-03/no_assert_include.gen.py/system_error.compile.pass.cpp	UNSUPPORTED	UNSUPPORTED	SAME
libcxx-03/no_assert_include.gen.py/tgmath.h.compile.pass.cpp	UNSUPPORTED	UNSUPPORTED	SAME
libcxx-03/no_assert_include.gen.py/thread.compile.pass.cpp	UNSUPPORTED	UNSUPPORTED	SAME
libcxx-03/no_assert_include.gen.py/tuple.compile.pass.cpp	UNSUPPORTED	UNSUPPORTED	SAME
libcxx-03/no_assert_include.gen.py/type_traits.compile.pass.cpp	UNSUPPORTED	UNSUPPORTED	SAME
libcxx-03/no_assert_include.gen.py/typeindex.compile.pass.cpp	UNSUPPORTED	UNSUPPORTED	SAME
libcxx-03/no_assert_include.gen.py/typeinfo.compile.pass.cpp	UNSUPPORTED	UNSUPPORTED	SAME
libcxx-03/no_assert_include.gen.py/uchar.h.compile.pass.cpp	UNSUPPORTED	UNSUPPORTED	SAME
libcxx-03/no_assert_include.gen.py/unordered_map.compile.pass.cpp	UNSUPPORTED	UNSUPPORTED	SAME
libcxx-03/no_assert_include.gen.py/unordered_set.compile.pass.cpp	UNSUPPORTED	UNSUPPORTED	SAME
libcxx-03/no_assert_include.gen.py/utility.compile.pass.cpp	UNSUPPORTED	UNSUPPORTED	SAME
libcxx-03/no_assert_include.gen.py/valarray.compile.pass.cpp	UNSUPPORTED	UNSUPPORTED	SAME
libcxx-03/no_assert_include.gen.py/variant.compile.pass.cpp	UNSUPPORTED	UNSUPPORTED	SAME
libcxx-03/no_assert_include.gen.py/vector.compile.pass.cpp	UNSUPPORTED	UNSUPPORTED	SAME
libcxx-03/no_assert_include.gen.py/version.compile.pass.cpp	UNSUPPORTED	UNSUPPORTED	SAME
libcxx-03/no_assert_include.gen.py/wchar.h.compile.pass.cpp	UNSUPPORTED	UNSUPPORTED	SAME
libcxx-03/no_assert_include.gen.py/wctype.h.compile.pass.cpp	UNSUPPORTED	UNSUPPORTED	SAME
libcxx-03/numerics/bit.ops.pass.cpp	UNSUPPORTED	UNSUPPORTED	SAME
libcxx-03/numerics/clamp_to_integral.pass.cpp	UNSUPPORTED	UNSUPPORTED	SAME
libcxx-03/numerics/complex.number/__sqr.pass.cpp	UNSUPPORTED	UNSUPPORTED	SAME
libcxx-03/numerics/complex.number/cmplx.over.pow.pass.cpp	UNSUPPORTED	UNSUPPORTED	SAME
libcxx-03/numerics/numarray/class.gslice.array/get.pass.cpp	UNSUPPORTED	UNSUPPORTED	SAME
libcxx-03/numerics/numarray/class.indirect.array/get.pass.cpp	UNSUPPORTED	UNSUPPORTED	SAME
libcxx-03/numerics/numarray/class.mask.array/get.pass.cpp	UNSUPPORTED	UNSUPPORTED	SAME
libcxx-03/numerics/numarray/class.slice.array/get.pass.cpp	UNSUPPORTED	UNSUPPORTED	SAME
libcxx-03/numerics/rand/rand.device/has-no-random-device.verify.cpp	UNSUPPORTED	UNSUPPORTED	SAME
libcxx-03/strings/basic.string/sizeof.compile.pass.cpp	UNSUPPORTED	UNSUPPORTED	SAME
libcxx-03/strings/basic.string/string.capacity/allocation_size.pass.cpp	UNSUPPORTED	UNSUPPORTED	SAME
libcxx-03/strings/basic.string/string.capacity/max_size.pass.cpp	UNSUPPORTED	UNSUPPORTED	SAME
libcxx-03/strings/basic.string/string.cons/copy_shrunk_long.pass.cpp	UNSUPPORTED	UNSUPPORTED	SAME
libcxx-03/strings/c.strings/constexpr_memmove.pass.cpp	UNSUPPORTED	UNSUPPORTED	SAME
libcxx-03/strings/string.view/string.view.iterators/assert.iterator-indexing.pass.cpp	UNSUPPORTED	UNSUPPORTED	SAME
libcxx-03/system_reserved_names.gen.py/algorithm.compile.pass.cpp	UNSUPPORTED	UNSUPPORTED	SAME
libcxx-03/system_reserved_names.gen.py/any.compile.pass.cpp	UNSUPPORTED	UNSUPPORTED	SAME
libcxx-03/system_reserved_names.gen.py/array.compile.pass.cpp	UNSUPPORTED	UNSUPPORTED	SAME
libcxx-03/system_reserved_names.gen.py/atomic.compile.pass.cpp	UNSUPPORTED	UNSUPPORTED	SAME
libcxx-03/system_reserved_names.gen.py/barrier.compile.pass.cpp	UNSUPPORTED	UNSUPPORTED	SAME
libcxx-03/system_reserved_names.gen.py/bit.compile.pass.cpp	UNSUPPORTED	UNSUPPORTED	SAME
libcxx-03/system_reserved_names.gen.py/bitset.compile.pass.cpp	UNSUPPORTED	UNSUPPORTED	SAME
libcxx-03/system_reserved_names.gen.py/cassert.compile.pass.cpp	UNSUPPORTED	UNSUPPORTED	SAME
libcxx-03/system_reserved_names.gen.py/ccomplex.compile.pass.cpp	UNSUPPORTED	UNSUPPORTED	SAME
libcxx-03/system_reserved_names.gen.py/cctype.compile.pass.cpp	UNSUPPORTED	UNSUPPORTED	SAME
libcxx-03/system_reserved_names.gen.py/cerrno.compile.pass.cpp	UNSUPPORTED	UNSUPPORTED	SAME
libcxx-03/system_reserved_names.gen.py/cfenv.compile.pass.cpp	UNSUPPORTED	UNSUPPORTED	SAME
libcxx-03/system_reserved_names.gen.py/cfloat.compile.pass.cpp	UNSUPPORTED	UNSUPPORTED	SAME
libcxx-03/system_reserved_names.gen.py/charconv.compile.pass.cpp	UNSUPPORTED	UNSUPPORTED	SAME
libcxx-03/system_reserved_names.gen.py/chrono.compile.pass.cpp	UNSUPPORTED	UNSUPPORTED	SAME
libcxx-03/system_reserved_names.gen.py/cinttypes.compile.pass.cpp	UNSUPPORTED	UNSUPPORTED	SAME
libcxx-03/system_reserved_names.gen.py/ciso646.compile.pass.cpp	UNSUPPORTED	UNSUPPORTED	SAME
libcxx-03/system_reserved_names.gen.py/climits.compile.pass.cpp	UNSUPPORTED	UNSUPPORTED	SAME
libcxx-03/system_reserved_names.gen.py/clocale.compile.pass.cpp	UNSUPPORTED	UNSUPPORTED	SAME
libcxx-03/system_reserved_names.gen.py/cmath.compile.pass.cpp	UNSUPPORTED	UNSUPPORTED	SAME
libcxx-03/system_reserved_names.gen.py/codecvt.compile.pass.cpp	UNSUPPORTED	UNSUPPORTED	SAME
libcxx-03/system_reserved_names.gen.py/compare.compile.pass.cpp	UNSUPPORTED	UNSUPPORTED	SAME
libcxx-03/system_reserved_names.gen.py/complex.compile.pass.cpp	UNSUPPORTED	UNSUPPORTED	SAME
libcxx-03/system_reserved_names.gen.py/complex.h.compile.pass.cpp	UNSUPPORTED	UNSUPPORTED	SAME
libcxx-03/system_reserved_names.gen.py/concepts.compile.pass.cpp	UNSUPPORTED	UNSUPPORTED	SAME
libcxx-03/system_reserved_names.gen.py/condition_variable.compile.pass.cpp	UNSUPPORTED	UNSUPPORTED	SAME
libcxx-03/system_reserved_names.gen.py/coroutine.compile.pass.cpp	UNSUPPORTED	UNSUPPORTED	SAME
libcxx-03/system_reserved_names.gen.py/csetjmp.compile.pass.cpp	UNSUPPORTED	UNSUPPORTED	SAME
libcxx-03/system_reserved_names.gen.py/csignal.compile.pass.cpp	UNSUPPORTED	UNSUPPORTED	SAME
libcxx-03/system_reserved_names.gen.py/cstdalign.compile.pass.cpp	UNSUPPORTED	UNSUPPORTED	SAME
libcxx-03/system_reserved_names.gen.py/cstdarg.compile.pass.cpp	UNSUPPORTED	UNSUPPORTED	SAME
libcxx-03/system_reserved_names.gen.py/cstdbool.compile.pass.cpp	UNSUPPORTED	UNSUPPORTED	SAME
libcxx-03/system_reserved_names.gen.py/cstddef.compile.pass.cpp	UNSUPPORTED	UNSUPPORTED	SAME
libcxx-03/system_reserved_names.gen.py/cstdint.compile.pass.cpp	UNSUPPORTED	UNSUPPORTED	SAME
libcxx-03/system_reserved_names.gen.py/cstdio.compile.pass.cpp	UNSUPPORTED	UNSUPPORTED	SAME
libcxx-03/system_reserved_names.gen.py/cstdlib.compile.pass.cpp	UNSUPPORTED	UNSUPPORTED	SAME
libcxx-03/system_reserved_names.gen.py/cstring.compile.pass.cpp	UNSUPPORTED	UNSUPPORTED	SAME
libcxx-03/system_reserved_names.gen.py/ctgmath.compile.pass.cpp	UNSUPPORTED	UNSUPPORTED	SAME
libcxx-03/system_reserved_names.gen.py/ctime.compile.pass.cpp	UNSUPPORTED	UNSUPPORTED	SAME
libcxx-03/system_reserved_names.gen.py/ctype.h.compile.pass.cpp	UNSUPPORTED	UNSUPPORTED	SAME
libcxx-03/system_reserved_names.gen.py/cuchar.compile.pass.cpp	UNSUPPORTED	UNSUPPORTED	SAME
libcxx-03/system_reserved_names.gen.py/cwchar.compile.pass.cpp	UNSUPPORTED	UNSUPPORTED	SAME
libcxx-03/system_reserved_names.gen.py/cwctype.compile.pass.cpp	UNSUPPORTED	UNSUPPORTED	SAME
libcxx-03/system_reserved_names.gen.py/deque.compile.pass.cpp	UNSUPPORTED	UNSUPPORTED	SAME
libcxx-03/system_reserved_names.gen.py/errno.h.compile.pass.cpp	UNSUPPORTED	UNSUPPORTED	SAME
libcxx-03/system_reserved_names.gen.py/exception.compile.pass.cpp	UNSUPPORTED	UNSUPPORTED	SAME
libcxx-03/system_reserved_names.gen.py/execution.compile.pass.cpp	UNSUPPORTED	UNSUPPORTED	SAME
libcxx-03/system_reserved_names.gen.py/expected.compile.pass.cpp	UNSUPPORTED	UNSUPPORTED	SAME
libcxx-03/system_reserved_names.gen.py/experimental/iterator.compile.pass.cpp	UNSUPPORTED	UNSUPPORTED	SAME
libcxx-03/system_reserved_names.gen.py/experimental/memory.compile.pass.cpp	UNSUPPORTED	UNSUPPORTED	SAME
libcxx-03/system_reserved_names.gen.py/experimental/propagate_const.compile.pass.cpp	UNSUPPORTED	UNSUPPORTED	SAME
libcxx-03/system_reserved_names.gen.py/experimental/simd.compile.pass.cpp	UNSUPPORTED	UNSUPPORTED	SAME
libcxx-03/system_reserved_names.gen.py/experimental/type_traits.compile.pass.cpp	UNSUPPORTED	UNSUPPORTED	SAME
libcxx-03/system_reserved_names.gen.py/experimental/utility.compile.pass.cpp	UNSUPPORTED	UNSUPPORTED	SAME
libcxx-03/system_reserved_names.gen.py/fenv.h.compile.pass.cpp	UNSUPPORTED	UNSUPPORTED	SAME
libcxx-03/system_reserved_names.gen.py/filesystem.compile.pass.cpp	UNSUPPORTED	UNSUPPORTED	SAME
libcxx-03/system_reserved_names.gen.py/flat_map.compile.pass.cpp	UNSUPPORTED	UNSUPPORTED	SAME
libcxx-03/system_reserved_names.gen.py/flat_set.compile.pass.cpp	UNSUPPORTED	UNSUPPORTED	SAME
libcxx-03/system_reserved_names.gen.py/float.h.compile.pass.cpp	UNSUPPORTED	UNSUPPORTED	SAME
libcxx-03/system_reserved_names.gen.py/format.compile.pass.cpp	UNSUPPORTED	UNSUPPORTED	SAME
libcxx-03/system_reserved_names.gen.py/forward_list.compile.pass.cpp	UNSUPPORTED	UNSUPPORTED	SAME
libcxx-03/system_reserved_names.gen.py/fstream.compile.pass.cpp	UNSUPPORTED	UNSUPPORTED	SAME
libcxx-03/system_reserved_names.gen.py/functional.compile.pass.cpp	UNSUPPORTED	UNSUPPORTED	SAME
libcxx-03/system_reserved_names.gen.py/future.compile.pass.cpp	UNSUPPORTED	UNSUPPORTED	SAME
libcxx-03/system_reserved_names.gen.py/initializer_list.compile.pass.cpp	UNSUPPORTED	UNSUPPORTED	SAME
libcxx-03/system_reserved_names.gen.py/inttypes.h.compile.pass.cpp	UNSUPPORTED	UNSUPPORTED	SAME
libcxx-03/system_reserved_names.gen.py/iomanip.compile.pass.cpp	UNSUPPORTED	UNSUPPORTED	SAME
libcxx-03/system_reserved_names.gen.py/ios.compile.pass.cpp	UNSUPPORTED	UNSUPPORTED	SAME
libcxx-03/system_reserved_names.gen.py/iosfwd.compile.pass.cpp	UNSUPPORTED	UNSUPPORTED	SAME
libcxx-03/system_reserved_names.gen.py/iostream.compile.pass.cpp	UNSUPPORTED	UNSUPPORTED	SAME
libcxx-03/system_reserved_names.gen.py/istream.compile.pass.cpp	UNSUPPORTED	UNSUPPORTED	SAME
libcxx-03/system_reserved_names.gen.py/iterator.compile.pass.cpp	UNSUPPORTED	UNSUPPORTED	SAME
libcxx-03/system_reserved_names.gen.py/latch.compile.pass.cpp	UNSUPPORTED	UNSUPPORTED	SAME
libcxx-03/system_reserved_names.gen.py/limits.compile.pass.cpp	UNSUPPORTED	UNSUPPORTED	SAME
libcxx-03/system_reserved_names.gen.py/list.compile.pass.cpp	UNSUPPORTED	UNSUPPORTED	SAME
libcxx-03/system_reserved_names.gen.py/locale.compile.pass.cpp	UNSUPPORTED	UNSUPPORTED	SAME
libcxx-03/system_reserved_names.gen.py/map.compile.pass.cpp	UNSUPPORTED	UNSUPPORTED	SAME
libcxx-03/system_reserved_names.gen.py/math.h.compile.pass.cpp	UNSUPPORTED	UNSUPPORTED	SAME
libcxx-03/system_reserved_names.gen.py/mdspan.compile.pass.cpp	UNSUPPORTED	UNSUPPORTED	SAME
libcxx-03/system_reserved_names.gen.py/memory.compile.pass.cpp	UNSUPPORTED	UNSUPPORTED	SAME
libcxx-03/system_reserved_names.gen.py/memory_resource.compile.pass.cpp	UNSUPPORTED	UNSUPPORTED	SAME
libcxx-03/system_reserved_names.gen.py/mutex.compile.pass.cpp	UNSUPPORTED	UNSUPPORTED	SAME
libcxx-03/system_reserved_names.gen.py/new.compile.pass.cpp	UNSUPPORTED	UNSUPPORTED	SAME
libcxx-03/system_reserved_names.gen.py/numbers.compile.pass.cpp	UNSUPPORTED	UNSUPPORTED	SAME
libcxx-03/system_reserved_names.gen.py/numeric.compile.pass.cpp	UNSUPPORTED	UNSUPPORTED	SAME
libcxx-03/system_reserved_names.gen.py/optional.compile.pass.cpp	UNSUPPORTED	UNSUPPORTED	SAME
libcxx-03/system_reserved_names.gen.py/ostream.compile.pass.cpp	UNSUPPORTED	UNSUPPORTED	SAME
libcxx-03/system_reserved_names.gen.py/print.compile.pass.cpp	UNSUPPORTED	UNSUPPORTED	SAME
libcxx-03/system_reserved_names.gen.py/queue.compile.pass.cpp	UNSUPPORTED	UNSUPPORTED	SAME
libcxx-03/system_reserved_names.gen.py/random.compile.pass.cpp	UNSUPPORTED	UNSUPPORTED	SAME
libcxx-03/system_reserved_names.gen.py/ranges.compile.pass.cpp	UNSUPPORTED	UNSUPPORTED	SAME
libcxx-03/system_reserved_names.gen.py/ratio.compile.pass.cpp	UNSUPPORTED	UNSUPPORTED	SAME
libcxx-03/system_reserved_names.gen.py/regex.compile.pass.cpp	UNSUPPORTED	UNSUPPORTED	SAME
libcxx-03/system_reserved_names.gen.py/scoped_allocator.compile.pass.cpp	UNSUPPORTED	UNSUPPORTED	SAME
libcxx-03/system_reserved_names.gen.py/semaphore.compile.pass.cpp	UNSUPPORTED	UNSUPPORTED	SAME
libcxx-03/system_reserved_names.gen.py/set.compile.pass.cpp	UNSUPPORTED	UNSUPPORTED	SAME
libcxx-03/system_reserved_names.gen.py/shared_mutex.compile.pass.cpp	UNSUPPORTED	UNSUPPORTED	SAME
libcxx-03/system_reserved_names.gen.py/source_location.compile.pass.cpp	UNSUPPORTED	UNSUPPORTED	SAME
libcxx-03/system_reserved_names.gen.py/span.compile.pass.cpp	UNSUPPORTED	UNSUPPORTED	SAME
libcxx-03/system_reserved_names.gen.py/sstream.compile.pass.cpp	UNSUPPORTED	UNSUPPORTED	SAME
libcxx-03/system_reserved_names.gen.py/stack.compile.pass.cpp	UNSUPPORTED	UNSUPPORTED	SAME
libcxx-03/system_reserved_names.gen.py/stdatomic.h.compile.pass.cpp	UNSUPPORTED	UNSUPPORTED	SAME
libcxx-03/system_reserved_names.gen.py/stddef.h.compile.pass.cpp	UNSUPPORTED	UNSUPPORTED	SAME
libcxx-03/system_reserved_names.gen.py/stdexcept.compile.pass.cpp	UNSUPPORTED	UNSUPPORTED	SAME
libcxx-03/system_reserved_names.gen.py/stdio.h.compile.pass.cpp	UNSUPPORTED	UNSUPPORTED	SAME
libcxx-03/system_reserved_names.gen.py/stdlib.h.compile.pass.cpp	UNSUPPORTED	UNSUPPORTED	SAME
libcxx-03/system_reserved_names.gen.py/stop_token.compile.pass.cpp	UNSUPPORTED	UNSUPPORTED	SAME
libcxx-03/system_reserved_names.gen.py/streambuf.compile.pass.cpp	UNSUPPORTED	UNSUPPORTED	SAME
libcxx-03/system_reserved_names.gen.py/string.compile.pass.cpp	UNSUPPORTED	UNSUPPORTED	SAME
libcxx-03/system_reserved_names.gen.py/string.h.compile.pass.cpp	UNSUPPORTED	UNSUPPORTED	SAME
libcxx-03/system_reserved_names.gen.py/string_view.compile.pass.cpp	UNSUPPORTED	UNSUPPORTED	SAME
libcxx-03/system_reserved_names.gen.py/strstream.compile.pass.cpp	UNSUPPORTED	UNSUPPORTED	SAME
libcxx-03/system_reserved_names.gen.py/syncstream.compile.pass.cpp	UNSUPPORTED	UNSUPPORTED	SAME
libcxx-03/system_reserved_names.gen.py/system_error.compile.pass.cpp	UNSUPPORTED	UNSUPPORTED	SAME
libcxx-03/system_reserved_names.gen.py/tgmath.h.compile.pass.cpp	UNSUPPORTED	UNSUPPORTED	SAME
libcxx-03/system_reserved_names.gen.py/thread.compile.pass.cpp	UNSUPPORTED	UNSUPPORTED	SAME
libcxx-03/system_reserved_names.gen.py/tuple.compile.pass.cpp	UNSUPPORTED	UNSUPPORTED	SAME
libcxx-03/system_reserved_names.gen.py/type_traits.compile.pass.cpp	UNSUPPORTED	UNSUPPORTED	SAME
libcxx-03/system_reserved_names.gen.py/typeindex.compile.pass.cpp	UNSUPPORTED	UNSUPPORTED	SAME
libcxx-03/system_reserved_names.gen.py/typeinfo.compile.pass.cpp	UNSUPPORTED	UNSUPPORTED	SAME
libcxx-03/system_reserved_names.gen.py/uchar.h.compile.pass.cpp	UNSUPPORTED	UNSUPPORTED	SAME
libcxx-03/system_reserved_names.gen.py/unordered_map.compile.pass.cpp	UNSUPPORTED	UNSUPPORTED	SAME
libcxx-03/system_reserved_names.gen.py/unordered_set.compile.pass.cpp	UNSUPPORTED	UNSUPPORTED	SAME
libcxx-03/system_reserved_names.gen.py/utility.compile.pass.cpp	UNSUPPORTED	UNSUPPORTED	SAME
libcxx-03/system_reserved_names.gen.py/valarray.compile.pass.cpp	UNSUPPORTED	UNSUPPORTED	SAME
libcxx-03/system_reserved_names.gen.py/variant.compile.pass.cpp	UNSUPPORTED	UNSUPPORTED	SAME
libcxx-03/system_reserved_names.gen.py/vector.compile.pass.cpp	UNSUPPORTED	UNSUPPORTED	SAME
libcxx-03/system_reserved_names.gen.py/version.compile.pass.cpp	UNSUPPORTED	UNSUPPORTED	SAME
libcxx-03/system_reserved_names.gen.py/wchar.h.compile.pass.cpp	UNSUPPORTED	UNSUPPORTED	SAME
libcxx-03/system_reserved_names.gen.py/wctype.h.compile.pass.cpp	UNSUPPORTED	UNSUPPORTED	SAME
libcxx-03/thread/thread.condition/thread.condition.condvar/native_handle.pass.cpp	UNSUPPORTED	UNSUPPORTED	SAME
libcxx-03/thread/thread.mutex/thread.mutex.requirements/thread.mutex.requirements.mutex/thread.mutex.class/native_handle.pass.cpp	UNSUPPORTED	UNSUPPORTED	SAME
libcxx-03/thread/thread.mutex/thread.mutex.requirements/thread.mutex.requirements.mutex/thread.mutex.recursive/native_handle.pass.cpp	UNSUPPORTED	UNSUPPORTED	SAME
libcxx-03/thread/thread.threads/thread.thread.class/thread.thread.member/native_handle.pass.cpp	UNSUPPORTED	UNSUPPORTED	SAME
libcxx-03/thread/thread.threads/thread.thread.class/types.pass.cpp	UNSUPPORTED	UNSUPPORTED	SAME
libcxx-03/transitive_includes.gen.py/algorithm.sh.cpp	UNSUPPORTED	UNSUPPORTED	SAME
libcxx-03/transitive_includes.gen.py/any.sh.cpp	UNSUPPORTED	UNSUPPORTED	SAME
libcxx-03/transitive_includes.gen.py/array.sh.cpp	UNSUPPORTED	UNSUPPORTED	SAME
libcxx-03/transitive_includes.gen.py/atomic.sh.cpp	UNSUPPORTED	UNSUPPORTED	SAME
libcxx-03/transitive_includes.gen.py/barrier.sh.cpp	UNSUPPORTED	UNSUPPORTED	SAME
libcxx-03/transitive_includes.gen.py/bit.sh.cpp	UNSUPPORTED	UNSUPPORTED	SAME
libcxx-03/transitive_includes.gen.py/bitset.sh.cpp	UNSUPPORTED	UNSUPPORTED	SAME
libcxx-03/transitive_includes.gen.py/cassert.sh.cpp	UNSUPPORTED	UNSUPPORTED	SAME
libcxx-03/transitive_includes.gen.py/ccomplex.sh.cpp	UNSUPPORTED	UNSUPPORTED	SAME
libcxx-03/transitive_includes.gen.py/cctype.sh.cpp	UNSUPPORTED	UNSUPPORTED	SAME
libcxx-03/transitive_includes.gen.py/cerrno.sh.cpp	UNSUPPORTED	UNSUPPORTED	SAME
libcxx-03/transitive_includes.gen.py/cfenv.sh.cpp	UNSUPPORTED	UNSUPPORTED	SAME
libcxx-03/transitive_includes.gen.py/cfloat.sh.cpp	UNSUPPORTED	UNSUPPORTED	SAME
libcxx-03/transitive_includes.gen.py/charconv.sh.cpp	UNSUPPORTED	UNSUPPORTED	SAME
libcxx-03/transitive_includes.gen.py/chrono.sh.cpp	UNSUPPORTED	UNSUPPORTED	SAME
libcxx-03/transitive_includes.gen.py/cinttypes.sh.cpp	UNSUPPORTED	UNSUPPORTED	SAME
libcxx-03/transitive_includes.gen.py/ciso646.sh.cpp	UNSUPPORTED	UNSUPPORTED	SAME
libcxx-03/transitive_includes.gen.py/climits.sh.cpp	UNSUPPORTED	UNSUPPORTED	SAME
libcxx-03/transitive_includes.gen.py/clocale.sh.cpp	UNSUPPORTED	UNSUPPORTED	SAME
libcxx-03/transitive_includes.gen.py/cmath.sh.cpp	UNSUPPORTED	UNSUPPORTED	SAME
libcxx-03/transitive_includes.gen.py/codecvt.sh.cpp	UNSUPPORTED	UNSUPPORTED	SAME
libcxx-03/transitive_includes.gen.py/compare.sh.cpp	UNSUPPORTED	UNSUPPORTED	SAME
libcxx-03/transitive_includes.gen.py/complex.sh.cpp	UNSUPPORTED	UNSUPPORTED	SAME
libcxx-03/transitive_includes.gen.py/concepts.sh.cpp	UNSUPPORTED	UNSUPPORTED	SAME
libcxx-03/transitive_includes.gen.py/condition_variable.sh.cpp	UNSUPPORTED	UNSUPPORTED	SAME
libcxx-03/transitive_includes.gen.py/coroutine.sh.cpp	UNSUPPORTED	UNSUPPORTED	SAME
libcxx-03/transitive_includes.gen.py/csetjmp.sh.cpp	UNSUPPORTED	UNSUPPORTED	SAME
libcxx-03/transitive_includes.gen.py/csignal.sh.cpp	UNSUPPORTED	UNSUPPORTED	SAME
libcxx-03/transitive_includes.gen.py/cstdalign.sh.cpp	UNSUPPORTED	UNSUPPORTED	SAME
libcxx-03/transitive_includes.gen.py/cstdarg.sh.cpp	UNSUPPORTED	UNSUPPORTED	SAME
libcxx-03/transitive_includes.gen.py/cstdbool.sh.cpp	UNSUPPORTED	UNSUPPORTED	SAME
libcxx-03/transitive_includes.gen.py/cstddef.sh.cpp	UNSUPPORTED	UNSUPPORTED	SAME
libcxx-03/transitive_includes.gen.py/cstdint.sh.cpp	UNSUPPORTED	UNSUPPORTED	SAME
libcxx-03/transitive_includes.gen.py/cstdio.sh.cpp	UNSUPPORTED	UNSUPPORTED	SAME
libcxx-03/transitive_includes.gen.py/cstdlib.sh.cpp	UNSUPPORTED	UNSUPPORTED	SAME
libcxx-03/transitive_includes.gen.py/cstring.sh.cpp	UNSUPPORTED	UNSUPPORTED	SAME
libcxx-03/transitive_includes.gen.py/ctgmath.sh.cpp	UNSUPPORTED	UNSUPPORTED	SAME
libcxx-03/transitive_includes.gen.py/ctime.sh.cpp	UNSUPPORTED	UNSUPPORTED	SAME
libcxx-03/transitive_includes.gen.py/cuchar.sh.cpp	UNSUPPORTED	UNSUPPORTED	SAME
libcxx-03/transitive_includes.gen.py/cwchar.sh.cpp	UNSUPPORTED	UNSUPPORTED	SAME
libcxx-03/transitive_includes.gen.py/cwctype.sh.cpp	UNSUPPORTED	UNSUPPORTED	SAME
libcxx-03/transitive_includes.gen.py/deque.sh.cpp	UNSUPPORTED	UNSUPPORTED	SAME
libcxx-03/transitive_includes.gen.py/exception.sh.cpp	UNSUPPORTED	UNSUPPORTED	SAME
libcxx-03/transitive_includes.gen.py/execution.sh.cpp	UNSUPPORTED	UNSUPPORTED	SAME
libcxx-03/transitive_includes.gen.py/expected.sh.cpp	UNSUPPORTED	UNSUPPORTED	SAME
libcxx-03/transitive_includes.gen.py/experimental/iterator.sh.cpp	UNSUPPORTED	UNSUPPORTED	SAME
libcxx-03/transitive_includes.gen.py/experimental/memory.sh.cpp	UNSUPPORTED	UNSUPPORTED	SAME
libcxx-03/transitive_includes.gen.py/experimental/propagate_const.sh.cpp	UNSUPPORTED	UNSUPPORTED	SAME
libcxx-03/transitive_includes.gen.py/experimental/simd.sh.cpp	UNSUPPORTED	UNSUPPORTED	SAME
libcxx-03/transitive_includes.gen.py/experimental/type_traits.sh.cpp	UNSUPPORTED	UNSUPPORTED	SAME
libcxx-03/transitive_includes.gen.py/experimental/utility.sh.cpp	UNSUPPORTED	UNSUPPORTED	SAME
libcxx-03/transitive_includes.gen.py/filesystem.sh.cpp	UNSUPPORTED	UNSUPPORTED	SAME
libcxx-03/transitive_includes.gen.py/flat_map.sh.cpp	UNSUPPORTED	UNSUPPORTED	SAME
libcxx-03/transitive_includes.gen.py/flat_set.sh.cpp	UNSUPPORTED	UNSUPPORTED	SAME
libcxx-03/transitive_includes.gen.py/format.sh.cpp	UNSUPPORTED	UNSUPPORTED	SAME
libcxx-03/transitive_includes.gen.py/forward_list.sh.cpp	UNSUPPORTED	UNSUPPORTED	SAME
libcxx-03/transitive_includes.gen.py/fstream.sh.cpp	UNSUPPORTED	UNSUPPORTED	SAME
libcxx-03/transitive_includes.gen.py/functional.sh.cpp	UNSUPPORTED	UNSUPPORTED	SAME
libcxx-03/transitive_includes.gen.py/future.sh.cpp	UNSUPPORTED	UNSUPPORTED	SAME
libcxx-03/transitive_includes.gen.py/initializer_list.sh.cpp	UNSUPPORTED	UNSUPPORTED	SAME
libcxx-03/transitive_includes.gen.py/iomanip.sh.cpp	UNSUPPORTED	UNSUPPORTED	SAME
libcxx-03/transitive_includes.gen.py/ios.sh.cpp	UNSUPPORTED	UNSUPPORTED	SAME
libcxx-03/transitive_includes.gen.py/iosfwd.sh.cpp	UNSUPPORTED	UNSUPPORTED	SAME
libcxx-03/transitive_includes.gen.py/iostream.sh.cpp	UNSUPPORTED	UNSUPPORTED	SAME
libcxx-03/transitive_includes.gen.py/istream.sh.cpp	UNSUPPORTED	UNSUPPORTED	SAME
libcxx-03/transitive_includes.gen.py/iterator.sh.cpp	UNSUPPORTED	UNSUPPORTED	SAME
libcxx-03/transitive_includes.gen.py/latch.sh.cpp	UNSUPPORTED	UNSUPPORTED	SAME
libcxx-03/transitive_includes.gen.py/limits.sh.cpp	UNSUPPORTED	UNSUPPORTED	SAME
libcxx-03/transitive_includes.gen.py/list.sh.cpp	UNSUPPORTED	UNSUPPORTED	SAME
libcxx-03/transitive_includes.gen.py/locale.sh.cpp	UNSUPPORTED	UNSUPPORTED	SAME
libcxx-03/transitive_includes.gen.py/map.sh.cpp	UNSUPPORTED	UNSUPPORTED	SAME
libcxx-03/transitive_includes.gen.py/mdspan.sh.cpp	UNSUPPORTED	UNSUPPORTED	SAME
libcxx-03/transitive_includes.gen.py/memory.sh.cpp	UNSUPPORTED	UNSUPPORTED	SAME
libcxx-03/transitive_includes.gen.py/memory_resource.sh.cpp	UNSUPPORTED	UNSUPPORTED	SAME
libcxx-03/transitive_includes.gen.py/mutex.sh.cpp	UNSUPPORTED	UNSUPPORTED	SAME
libcxx-03/transitive_includes.gen.py/new.sh.cpp	UNSUPPORTED	UNSUPPORTED	SAME
libcxx-03/transitive_includes.gen.py/numbers.sh.cpp	UNSUPPORTED	UNSUPPORTED	SAME
libcxx-03/transitive_includes.gen.py/numeric.sh.cpp	UNSUPPORTED	UNSUPPORTED	SAME
libcxx-03/transitive_includes.gen.py/optional.sh.cpp	UNSUPPORTED	UNSUPPORTED	SAME
libcxx-03/transitive_includes.gen.py/ostream.sh.cpp	UNSUPPORTED	UNSUPPORTED	SAME
libcxx-03/transitive_includes.gen.py/print.sh.cpp	UNSUPPORTED	UNSUPPORTED	SAME
libcxx-03/transitive_includes.gen.py/queue.sh.cpp	UNSUPPORTED	UNSUPPORTED	SAME
libcxx-03/transitive_includes.gen.py/random.sh.cpp	UNSUPPORTED	UNSUPPORTED	SAME
libcxx-03/transitive_includes.gen.py/ranges.sh.cpp	UNSUPPORTED	UNSUPPORTED	SAME
libcxx-03/transitive_includes.gen.py/ratio.sh.cpp	UNSUPPORTED	UNSUPPORTED	SAME
libcxx-03/transitive_includes.gen.py/regex.sh.cpp	UNSUPPORTED	UNSUPPORTED	SAME
libcxx-03/transitive_includes.gen.py/scoped_allocator.sh.cpp	UNSUPPORTED	UNSUPPORTED	SAME
libcxx-03/transitive_includes.gen.py/semaphore.sh.cpp	UNSUPPORTED	UNSUPPORTED	SAME
libcxx-03/transitive_includes.gen.py/set.sh.cpp	UNSUPPORTED	UNSUPPORTED	SAME
libcxx-03/transitive_includes.gen.py/shared_mutex.sh.cpp	UNSUPPORTED	UNSUPPORTED	SAME
libcxx-03/transitive_includes.gen.py/source_location.sh.cpp	UNSUPPORTED	UNSUPPORTED	SAME
libcxx-03/transitive_includes.gen.py/span.sh.cpp	UNSUPPORTED	UNSUPPORTED	SAME
libcxx-03/transitive_includes.gen.py/sstream.sh.cpp	UNSUPPORTED	UNSUPPORTED	SAME
libcxx-03/transitive_includes.gen.py/stack.sh.cpp	UNSUPPORTED	UNSUPPORTED	SAME
libcxx-03/transitive_includes.gen.py/stdexcept.sh.cpp	UNSUPPORTED	UNSUPPORTED	SAME
libcxx-03/transitive_includes.gen.py/stop_token.sh.cpp	UNSUPPORTED	UNSUPPORTED	SAME
libcxx-03/transitive_includes.gen.py/streambuf.sh.cpp	UNSUPPORTED	UNSUPPORTED	SAME
libcxx-03/transitive_includes.gen.py/string.sh.cpp	UNSUPPORTED	UNSUPPORTED	SAME
libcxx-03/transitive_includes.gen.py/string_view.sh.cpp	UNSUPPORTED	UNSUPPORTED	SAME
libcxx-03/transitive_includes.gen.py/strstream.sh.cpp	UNSUPPORTED	UNSUPPORTED	SAME
libcxx-03/transitive_includes.gen.py/syncstream.sh.cpp	UNSUPPORTED	UNSUPPORTED	SAME
libcxx-03/transitive_includes.gen.py/system_error.sh.cpp	UNSUPPORTED	UNSUPPORTED	SAME
libcxx-03/transitive_includes.gen.py/thread.sh.cpp	UNSUPPORTED	UNSUPPORTED	SAME
libcxx-03/transitive_includes.gen.py/tuple.sh.cpp	UNSUPPORTED	UNSUPPORTED	SAME
libcxx-03/transitive_includes.gen.py/type_traits.sh.cpp	UNSUPPORTED	UNSUPPORTED	SAME
libcxx-03/transitive_includes.gen.py/typeindex.sh.cpp	UNSUPPORTED	UNSUPPORTED	SAME
libcxx-03/transitive_includes.gen.py/typeinfo.sh.cpp	UNSUPPORTED	UNSUPPORTED	SAME
libcxx-03/transitive_includes.gen.py/unordered_map.sh.cpp	UNSUPPORTED	UNSUPPORTED	SAME
libcxx-03/transitive_includes.gen.py/unordered_set.sh.cpp	UNSUPPORTED	UNSUPPORTED	SAME
libcxx-03/transitive_includes.gen.py/utility.sh.cpp	UNSUPPORTED	UNSUPPORTED	SAME
libcxx-03/transitive_includes.gen.py/valarray.sh.cpp	UNSUPPORTED	UNSUPPORTED	SAME
libcxx-03/transitive_includes.gen.py/variant.sh.cpp	UNSUPPORTED	UNSUPPORTED	SAME
libcxx-03/transitive_includes.gen.py/vector.sh.cpp	UNSUPPORTED	UNSUPPORTED	SAME
libcxx-03/transitive_includes.gen.py/version.sh.cpp	UNSUPPORTED	UNSUPPORTED	SAME
libcxx-03/type_traits/convert_to_integral.pass.cpp	UNSUPPORTED	UNSUPPORTED	SAME
libcxx-03/type_traits/datasizeof.compile.pass.cpp	UNSUPPORTED	UNSUPPORTED	SAME
libcxx-03/type_traits/is_callable.compile.pass.cpp	UNSUPPORTED	UNSUPPORTED	SAME
libcxx-03/type_traits/is_constant_evaluated.pass.cpp	UNSUPPORTED	UNSUPPORTED	SAME
libcxx-03/type_traits/is_trivially_comparable.compile.pass.cpp	UNSUPPORTED	UNSUPPORTED	SAME
libcxx-03/type_traits/is_trivially_relocatable.compile.pass.cpp	UNSUPPORTED	UNSUPPORTED	SAME
libcxx-03/utilities/exception_guard.odr.sh.cpp	UNSUPPORTED	UNSUPPORTED	SAME
libcxx-03/utilities/function.objects/func.require/bullet_1_2_3.pass.cpp	UNSUPPORTED	UNSUPPORTED	SAME
libcxx-03/utilities/function.objects/func.require/bullet_4_5_6.pass.cpp	UNSUPPORTED	UNSUPPORTED	SAME
libcxx-03/utilities/function.objects/func.require/bullet_7.pass.cpp	UNSUPPORTED	UNSUPPORTED	SAME
libcxx-03/utilities/function.objects/func.require/invoke.pass.cpp	UNSUPPORTED	UNSUPPORTED	SAME
libcxx-03/utilities/function.objects/refwrap/layout.binary.compile.pass.cpp	UNSUPPORTED	UNSUPPORTED	SAME
libcxx-03/utilities/function.objects/unord.hash/murmur2_or_cityhash_ubsan_unsigned_overflow_ignored.pass.cpp	UNSUPPORTED	UNSUPPORTED	SAME
libcxx-03/utilities/is_pointer_in_range.pass.cpp	UNSUPPORTED	UNSUPPORTED	SAME
libcxx-03/utilities/is_valid_range.pass.cpp	UNSUPPORTED	UNSUPPORTED	SAME
libcxx-03/utilities/memory/pointer.conversion/to_address.pass.cpp	UNSUPPORTED	UNSUPPORTED	SAME
libcxx-03/utilities/memory/pointer.conversion/to_address_on_funcptr.verify.cpp	UNSUPPORTED	UNSUPPORTED	SAME
libcxx-03/utilities/memory/pointer.conversion/to_address_on_function.verify.cpp	UNSUPPORTED	UNSUPPORTED	SAME
libcxx-03/utilities/memory/pointer.conversion/to_address_std_iterators.pass.cpp	UNSUPPORTED	UNSUPPORTED	SAME
libcxx-03/utilities/meta/is_referenceable.compile.pass.cpp	UNSUPPORTED	UNSUPPORTED	SAME
libcxx-03/utilities/meta/meta_base.pass.cpp	UNSUPPORTED	UNSUPPORTED	SAME
libcxx-03/utilities/no_destroy.pass.cpp	UNSUPPORTED	UNSUPPORTED	SAME
libcxx-03/utilities/utility/pairs/pairs.pair/abi.non_trivial_copy_move.pass.cpp	UNSUPPORTED	UNSUPPORTED	SAME
libcxx-03/utilities/utility/pairs/pairs.pair/abi.trivial_copy_move.pass.cpp	UNSUPPORTED	UNSUPPORTED	SAME
libcxx-03/utilities/utility/pairs/pairs.pair/abi.trivially_copyable.compile.pass.cpp	UNSUPPORTED	UNSUPPORTED	SAME
libcxx-03/utilities/utility/pairs/pairs.pair/pair.incomplete.compile.pass.cpp	UNSUPPORTED	UNSUPPORTED	SAME
libcxx-03/utilities/utility/pairs/pairs.pair/pair.tuple_element.verify.cpp	UNSUPPORTED	UNSUPPORTED	SAME
libcxx-03/utilities/utility/private_constructor_tag.compile.pass.cpp	UNSUPPORTED	UNSUPPORTED	SAME
libcxx-03/vendor/apple/availability-with-pedantic-errors.compile.pass.cpp	UNSUPPORTED	UNSUPPORTED	SAME
libcxx-03/vendor/apple/disable-availability.sh.cpp	UNSUPPORTED	UNSUPPORTED	SAME
libcxx-03/vendor/apple/system-install-properties.sh.cpp	UNSUPPORTED	UNSUPPORTED	SAME
libcxx-03/vendor/clang-cl/static-lib-exports.sh.cpp	UNSUPPORTED	UNSUPPORTED	SAME
libcxx-03/vendor/mingw/static-lib-exports.sh.cpp	UNSUPPORTED	UNSUPPORTED	SAME
libcxx/Wnon_modular_include_in_module.compile.pass.cpp	UNSUPPORTED	UNSUPPORTED	SAME
libcxx/algorithms/alg.modifying.operations/alg.random.shuffle/random_shuffle.cxx1z.pass.cpp	PASS	PASS	SAME
libcxx/algorithms/alg.modifying.operations/alg.random.shuffle/random_shuffle.depr_in_cxx14.verify.cpp	PASS	PASS	SAME
libcxx/algorithms/alg.modifying.operations/copy_move_nontrivial.pass.cpp	PASS	PASS	SAME
libcxx/algorithms/alg.modifying.operations/copy_move_trivial.pass.cpp	PASS	PASS	SAME
libcxx/algorithms/alg.modifying.operations/copy_move_unwrap_reverse.pass.cpp	PASS	PASS	SAME
libcxx/algorithms/alg.sorting/alg.heap.operations/make.heap/complexity.pass.cpp	PASS	PASS	SAME
libcxx/algorithms/alg.sorting/assert.min.max.pass.cpp	UNSUPPORTED	UNSUPPORTED	SAME
libcxx/algorithms/alg.sorting/assert.sort.invalid_comparator/assert.sort.invalid_comparator.oob.pass.cpp	UNSUPPORTED	UNSUPPORTED	SAME
libcxx/algorithms/alg.sorting/assert.sort.invalid_comparator/assert.sort.invalid_comparator.pass.cpp	UNSUPPORTED	UNSUPPORTED	SAME
libcxx/algorithms/alg.sorting/pstl.is_partitioned.pass.cpp	PASS	PASS	SAME
libcxx/algorithms/bad_iterator_traits.verify.cpp	PASS	PASS	SAME
libcxx/algorithms/callable-requirements-rvalue.compile.pass.cpp	PASS	PASS	SAME
libcxx/algorithms/callable-requirements.verify.cpp	PASS	PASS	SAME
libcxx/algorithms/cpp17_iterator_concepts.verify.cpp	PASS	PASS	SAME
libcxx/algorithms/debug_less.inconsistent.pass.cpp	UNSUPPORTED	UNSUPPORTED	SAME
libcxx/algorithms/debug_less.pass.cpp	UNSUPPORTED	UNSUPPORTED	SAME
libcxx/algorithms/debug_three_way_comp.inconsistent.pass.cpp	UNSUPPORTED	UNSUPPORTED	SAME
libcxx/algorithms/half_positive.pass.cpp	PASS	PASS	SAME
libcxx/algorithms/lifetimebound.verify.cpp	PASS	PASS	SAME
libcxx/algorithms/no_specializations.verify.cpp	PASS	PASS	SAME
libcxx/algorithms/nodiscard.verify.cpp	PASS	PASS	SAME
libcxx/algorithms/nth_element_stability.pass.cpp	PASS	PASS	SAME
libcxx/algorithms/partial_sort_stability.pass.cpp	PASS	PASS	SAME
libcxx/algorithms/pstl.iterator-requirements.verify.cpp	PASS	PASS	SAME
libcxx/algorithms/pstl.libdispatch.chunk_partitions.pass.cpp	UNSUPPORTED	UNSUPPORTED	SAME
libcxx/algorithms/pstl.nodiscard.verify.cpp	PASS	PASS	SAME
libcxx/algorithms/ranges_robust_against_copying_comparators.pass.cpp	PASS	PASS	SAME
libcxx/algorithms/ranges_robust_against_copying_projections.pass.cpp	PASS	PASS	SAME
libcxx/algorithms/robust_against_copying_comparators.pass.cpp	PASS	PASS	SAME
libcxx/algorithms/robust_against_cpp20_hostile_iterators.compile.pass.cpp	PASS	PASS	SAME
libcxx/algorithms/robust_against_using_non_transparent_comparators.pass.cpp	PASS	PASS	SAME
libcxx/algorithms/sort_stability.pass.cpp	PASS	PASS	SAME
libcxx/algorithms/specialized.algorithms/nonnull.verify.cpp	PASS	PASS	SAME
libcxx/algorithms/specialized.algorithms/special.mem.concepts/nothrow_forward_iterator.compile.pass.cpp	PASS	PASS	SAME
libcxx/algorithms/specialized.algorithms/special.mem.concepts/nothrow_forward_range.compile.pass.cpp	PASS	PASS	SAME
libcxx/algorithms/specialized.algorithms/special.mem.concepts/nothrow_input_iterator.compile.pass.cpp	PASS	PASS	SAME
libcxx/algorithms/specialized.algorithms/special.mem.concepts/nothrow_input_range.compile.pass.cpp	PASS	PASS	SAME
libcxx/algorithms/specialized.algorithms/special.mem.concepts/nothrow_sentinel_for.compile.pass.cpp	PASS	PASS	SAME
libcxx/algorithms/vectorization.compile.pass.cpp	PASS	PASS	SAME
libcxx/assertions/customize_verbose_abort.compile-time.pass.cpp	PASS	PASS	SAME
libcxx/assertions/customize_verbose_abort.link-time.pass.cpp	PASS	PASS	SAME
libcxx/assertions/default_verbose_abort.pass.cpp	PASS	PASS	SAME
libcxx/assertions/log_hardening_failure.pass.cpp	PASS	PASS	SAME
libcxx/assertions/modes/debug.pass.cpp	UNSUPPORTED	UNSUPPORTED	SAME
libcxx/assertions/modes/extensive.pass.cpp	UNSUPPORTED	UNSUPPORTED	SAME
libcxx/assertions/modes/fast.pass.cpp	UNSUPPORTED	UNSUPPORTED	SAME
libcxx/assertions/modes/hardening_mode_incorrect_value.sh.cpp	PASS	PASS	SAME
libcxx/assertions/modes/none.pass.cpp	PASS	PASS	SAME
libcxx/assertions/modes/override_with_debug_mode.pass.cpp	PASS	PASS	SAME
libcxx/assertions/modes/override_with_extensive_mode.pass.cpp	PASS	PASS	SAME
libcxx/assertions/modes/override_with_fast_mode.pass.cpp	PASS	PASS	SAME
libcxx/assertions/modes/override_with_unchecked_mode.pass.cpp	PASS	PASS	SAME
libcxx/assertions/semantics/assertion_semantic_incorrect_value.sh.cpp	PASS	PASS	SAME
libcxx/assertions/semantics/override_with_enforce_semantic.pass.cpp	UNSUPPORTED	UNSUPPORTED	SAME
libcxx/assertions/semantics/override_with_ignore_semantic.pass.cpp	PASS	PASS	SAME
libcxx/assertions/semantics/override_with_observe_semantic.pass.cpp	UNSUPPORTED	UNSUPPORTED	SAME
libcxx/assertions/semantics/override_with_quick_enforce_semantic.pass.cpp	UNSUPPORTED	UNSUPPORTED	SAME
libcxx/assertions/single_expression.pass.cpp	PASS	PASS	SAME
libcxx/atomics/atomics.align/align.pass.cpp	PASS	PASS	SAME
libcxx/atomics/atomics.order/memory_order.underlying_type.pass.cpp	PASS	PASS	SAME
libcxx/atomics/atomics.ref/assert.compare_exchange_strong.pass.cpp	UNSUPPORTED	UNSUPPORTED	SAME
libcxx/atomics/atomics.ref/assert.compare_exchange_weak.pass.cpp	UNSUPPORTED	UNSUPPORTED	SAME
libcxx/atomics/atomics.ref/assert.ctor.pass.cpp	UNSUPPORTED	UNSUPPORTED	SAME
libcxx/atomics/atomics.ref/assert.load.pass.cpp	UNSUPPORTED	UNSUPPORTED	SAME
libcxx/atomics/atomics.ref/assert.store.pass.cpp	UNSUPPORTED	UNSUPPORTED	SAME
libcxx/atomics/atomics.ref/assert.wait.pass.cpp	UNSUPPORTED	UNSUPPORTED	SAME
libcxx/atomics/atomics.ref/compare_exchange_strong.verify.cpp	PASS	PASS	SAME
libcxx/atomics/atomics.ref/compare_exchange_weak.verify.cpp	PASS	PASS	SAME
libcxx/atomics/atomics.ref/load.verify.cpp	PASS	PASS	SAME
libcxx/atomics/atomics.ref/store.verify.cpp	PASS	PASS	SAME
libcxx/atomics/atomics.ref/wait.verify.cpp	PASS	PASS	SAME
libcxx/atomics/atomics.syn/compatible_with_stdatomic.compile.pass.cpp	PASS	PASS	SAME
libcxx/atomics/atomics.syn/incompatible_with_stdatomic.verify.cpp	UNSUPPORTED	UNSUPPORTED	SAME
libcxx/atomics/atomics.syn/wait.issue_85107.pass.cpp	PASS	PASS	SAME
libcxx/atomics/atomics.syn/wait.native.compile.pass.cpp	PASS	PASS	SAME
libcxx/atomics/atomics.types.generic/atomics.types.float/lockfree.pass.cpp	PASS	PASS	SAME
libcxx/atomics/atomics.types.operations/atomics.types.operations.req/atomic_fetch_add.verify.cpp	PASS	PASS	SAME
libcxx/atomics/atomics.types.operations/atomics.types.operations.req/atomic_fetch_add_explicit.verify.cpp	PASS	PASS	SAME
libcxx/atomics/atomics.types.operations/atomics.types.operations.req/atomic_fetch_sub.verify.cpp	PASS	PASS	SAME
libcxx/atomics/atomics.types.operations/atomics.types.operations.req/atomic_fetch_sub_explicit.verify.cpp	PASS	PASS	SAME
libcxx/atomics/bit-int.verify.cpp	PASS	PASS	SAME
libcxx/atomics/diagnose_invalid_memory_order.verify.cpp	PASS	PASS	SAME
libcxx/atomics/nodiscard.verify.cpp	PASS	PASS	SAME
libcxx/atomics/stdatomic.h.syn/dont_hijack_header.compile.pass.cpp	PASS	PASS	SAME
libcxx/atomics/stdatomic.h.syn/dont_hijack_header.cxx23.compile.pass.cpp	UNSUPPORTED	UNSUPPORTED	SAME
libcxx/clang_tidy.gen.py	UNSUPPORTED	UNSUPPORTED	SAME
libcxx/clang_tidy.sh.py	UNSUPPORTED	UNSUPPORTED	SAME
libcxx/concepts/concepts.arithmetic/__libcpp_integer.compile.pass.cpp	PASS	PASS	SAME
libcxx/concepts/concepts.arithmetic/__libcpp_signed_integer.compile.pass.cpp	PASS	PASS	SAME
libcxx/concepts/concepts.arithmetic/__libcpp_unsigned_integer.compile.pass.cpp	PASS	PASS	SAME
libcxx/containers/associative/debug.non-strict-weak-ordering.pass.cpp	UNSUPPORTED	UNSUPPORTED	SAME
libcxx/containers/associative/lower_upper_bound_non_strict_weak_order.pass.cpp	PASS	PASS	SAME
libcxx/containers/associative/map/abi.compile.pass.cpp	PASS	PASS	SAME
libcxx/containers/associative/map/at.abort.pass.cpp	UNSUPPORTED	UNSUPPORTED	SAME
libcxx/containers/associative/map/at.const.abort.pass.cpp	UNSUPPORTED	UNSUPPORTED	SAME
libcxx/containers/associative/map/map.nodiscard.verify.cpp	PASS	PASS	SAME
libcxx/containers/associative/map/multimap.nodiscard.verify.cpp	PASS	PASS	SAME
libcxx/containers/associative/non_const_comparator.incomplete.verify.cpp	PASS	PASS	SAME
libcxx/containers/associative/non_const_comparator.verify.cpp	PASS	PASS	SAME
libcxx/containers/associative/reference_comparator_abi.compile.pass.cpp	PASS	PASS	SAME
libcxx/containers/associative/set/abi.compile.pass.cpp	PASS	PASS	SAME
libcxx/containers/associative/set/multiset.nodiscard.verify.cpp	PASS	PASS	SAME
libcxx/containers/associative/set/set.nodiscard.verify.cpp	PASS	PASS	SAME
libcxx/containers/associative/tree_balance_after_insert.pass.cpp	PASS	PASS	SAME
libcxx/containers/associative/tree_left_rotate.pass.cpp	PASS	PASS	SAME
libcxx/containers/associative/tree_remove.pass.cpp	PASS	PASS	SAME
libcxx/containers/associative/tree_right_rotate.pass.cpp	PASS	PASS	SAME
libcxx/containers/associative/unord.map/abi.compile.pass.cpp	PASS	PASS	SAME
libcxx/containers/associative/unord.set/abi.compile.pass.cpp	PASS	PASS	SAME
libcxx/containers/container.adaptors/flat.map/assert.input_range.pass.cpp	UNSUPPORTED	UNSUPPORTED	SAME
libcxx/containers/container.adaptors/flat.map/assert.sorted_unique.pass.cpp	UNSUPPORTED	UNSUPPORTED	SAME
libcxx/containers/container.adaptors/flat.map/nodiscard.verify.cpp	PASS	PASS	SAME
libcxx/containers/container.adaptors/flat.map/scary.compile.pass.cpp	PASS	PASS	SAME
libcxx/containers/container.adaptors/flat.multimap/assert.input_range.pass.cpp	UNSUPPORTED	UNSUPPORTED	SAME
libcxx/containers/container.adaptors/flat.multimap/assert.sorted_equivalent.pass.cpp	UNSUPPORTED	UNSUPPORTED	SAME
libcxx/containers/container.adaptors/flat.multimap/nodiscard.verify.cpp	PASS	PASS	SAME
libcxx/containers/container.adaptors/flat.multiset/assert.sorted_unique.pass.cpp	UNSUPPORTED	UNSUPPORTED	SAME
libcxx/containers/container.adaptors/flat.multiset/insert.temporary.pass.cpp	PASS	PASS	SAME
libcxx/containers/container.adaptors/flat.multiset/insert_range.pass.cpp	PASS	PASS	SAME
libcxx/containers/container.adaptors/flat.multiset/iterator.compile.pass.cpp	PASS	PASS	SAME
libcxx/containers/container.adaptors/flat.multiset/nodiscard.verify.cpp	PASS	PASS	SAME
libcxx/containers/container.adaptors/flat.set/assert.sorted_unique.pass.cpp	UNSUPPORTED	UNSUPPORTED	SAME
libcxx/containers/container.adaptors/flat.set/insert.temporary.pass.cpp	PASS	PASS	SAME
libcxx/containers/container.adaptors/flat.set/insert_range.pass.cpp	PASS	PASS	SAME
libcxx/containers/container.adaptors/flat.set/iterator.compile.pass.cpp	PASS	PASS	SAME
libcxx/containers/container.adaptors/flat.set/nodiscard.verify.cpp	PASS	PASS	SAME
libcxx/containers/container.adaptors/flat.set/scary.compile.pass.cpp	PASS	PASS	SAME
libcxx/containers/container.adaptors/queue/nodiscard.verify.cpp	PASS	PASS	SAME
libcxx/containers/container.adaptors/stack/nodiscard.verify.cpp	PASS	PASS	SAME
libcxx/containers/container.node/node_handle.nodiscard.verify.cpp	PASS	PASS	SAME
libcxx/containers/container_traits.compile.pass.cpp	PASS	PASS	SAME
libcxx/containers/sequences/array/nodiscard.verify.cpp	PASS	PASS	SAME
libcxx/containers/sequences/array/triviality.pass.cpp	PASS	PASS	SAME
libcxx/containers/sequences/deque/abi.compile.pass.cpp	PASS	PASS	SAME
libcxx/containers/sequences/deque/asan.pass.cpp	UNSUPPORTED	UNSUPPORTED	SAME
libcxx/containers/sequences/deque/asan_caterpillar.pass.cpp	PASS	PASS	SAME
libcxx/containers/sequences/deque/asan_turning_off.pass.cpp	PASS	PASS	SAME
libcxx/containers/sequences/deque/assert.pass.cpp	UNSUPPORTED	UNSUPPORTED	SAME
libcxx/containers/sequences/deque/assert.pop_back.empty.pass.cpp	UNSUPPORTED	UNSUPPORTED	SAME
libcxx/containers/sequences/deque/nodiscard.verify.cpp	PASS	PASS	SAME
libcxx/containers/sequences/deque/segmented_iterator.compile.pass.cpp	PASS	PASS	SAME
libcxx/containers/sequences/deque/spare_block_handling.pass.cpp	PASS	PASS	SAME
libcxx/containers/sequences/forwardlist/abi.compile.pass.cpp	PASS	PASS	SAME
libcxx/containers/sequences/forwardlist/assert.pass.cpp	UNSUPPORTED	UNSUPPORTED	SAME
libcxx/containers/sequences/forwardlist/nodiscard.verify.cpp	PASS	PASS	SAME
libcxx/containers/sequences/list/abi.compile.pass.cpp	PASS	PASS	SAME
libcxx/containers/sequences/list/list.cons/debug.copy.pass.cpp	UNSUPPORTED	UNSUPPORTED	SAME
libcxx/containers/sequences/list/list.modifiers/assert.erase_iter.end.pass.cpp	UNSUPPORTED	UNSUPPORTED	SAME
libcxx/containers/sequences/list/list.modifiers/assert.pop_back.empty.pass.cpp	UNSUPPORTED	UNSUPPORTED	SAME
libcxx/containers/sequences/list/list.modifiers/bool-conversion.pass.cpp	PASS	PASS	SAME
libcxx/containers/sequences/list/list.modifiers/debug.emplace.pass.cpp	UNSUPPORTED	UNSUPPORTED	SAME
libcxx/containers/sequences/list/list.modifiers/debug.erase.iter.pass.cpp	UNSUPPORTED	UNSUPPORTED	SAME
libcxx/containers/sequences/list/list.modifiers/debug.erase.iter_iter.pass.cpp	UNSUPPORTED	UNSUPPORTED	SAME
libcxx/containers/sequences/list/list.modifiers/debug.insert.iter_iter_iter.pass.cpp	UNSUPPORTED	UNSUPPORTED	SAME
libcxx/containers/sequences/list/list.modifiers/debug.insert.iter_rvalue.pass.cpp	UNSUPPORTED	UNSUPPORTED	SAME
libcxx/containers/sequences/list/list.modifiers/debug.insert.iter_size_value.pass.cpp	UNSUPPORTED	UNSUPPORTED	SAME
libcxx/containers/sequences/list/list.modifiers/debug.insert.iter_value.pass.cpp	UNSUPPORTED	UNSUPPORTED	SAME
libcxx/containers/sequences/list/list.ops/debug.splice.pos_list.pass.cpp	UNSUPPORTED	UNSUPPORTED	SAME
libcxx/containers/sequences/list/list.ops/debug.splice.pos_list_iter.pass.cpp	UNSUPPORTED	UNSUPPORTED	SAME
libcxx/containers/sequences/list/list.ops/debug.splice.pos_list_iter_iter.pass.cpp	UNSUPPORTED	UNSUPPORTED	SAME
libcxx/containers/sequences/list/nodiscard.verify.cpp	PASS	PASS	SAME
libcxx/containers/sequences/vector.bool/abi.compile.pass.cpp	PASS	PASS	SAME
libcxx/containers/sequences/vector.bool/assert.pass.cpp	UNSUPPORTED	UNSUPPORTED	SAME
libcxx/containers/sequences/vector.bool/trivialty.compile.pass.cpp	PASS	PASS	SAME
libcxx/containers/sequences/vector/abi.compile.pass.cpp	PASS	PASS	SAME
libcxx/containers/sequences/vector/asan.pass.cpp	UNSUPPORTED	UNSUPPORTED	SAME
libcxx/containers/sequences/vector/asan_throw.pass.cpp	PASS	PASS	SAME
libcxx/containers/sequences/vector/asan_turning_off.pass.cpp	PASS	PASS	SAME
libcxx/containers/sequences/vector/assert.back.empty.pass.cpp	UNSUPPORTED	UNSUPPORTED	SAME
libcxx/containers/sequences/vector/assert.cback.empty.pass.cpp	UNSUPPORTED	UNSUPPORTED	SAME
libcxx/containers/sequences/vector/assert.cfront.empty.pass.cpp	UNSUPPORTED	UNSUPPORTED	SAME
libcxx/containers/sequences/vector/assert.cindex.oob.pass.cpp	UNSUPPORTED	UNSUPPORTED	SAME
libcxx/containers/sequences/vector/assert.front.empty.pass.cpp	UNSUPPORTED	UNSUPPORTED	SAME
libcxx/containers/sequences/vector/assert.index.oob.pass.cpp	UNSUPPORTED	UNSUPPORTED	SAME
libcxx/containers/sequences/vector/assert.iterator.add.pass.cpp	UNSUPPORTED	UNSUPPORTED	SAME
libcxx/containers/sequences/vector/assert.iterator.decrement.pass.cpp	UNSUPPORTED	UNSUPPORTED	SAME
libcxx/containers/sequences/vector/assert.iterator.dereference.pass.cpp	UNSUPPORTED	UNSUPPORTED	SAME
libcxx/containers/sequences/vector/assert.iterator.increment.pass.cpp	UNSUPPORTED	UNSUPPORTED	SAME
libcxx/containers/sequences/vector/assert.iterator.index.pass.cpp	UNSUPPORTED	UNSUPPORTED	SAME
libcxx/containers/sequences/vector/assert.pop_back.empty.pass.cpp	UNSUPPORTED	UNSUPPORTED	SAME
libcxx/containers/sequences/vector/debug.iterator.compare.pass.cpp	UNSUPPORTED	UNSUPPORTED	SAME
libcxx/containers/sequences/vector/debug.iterator.subtract.pass.cpp	UNSUPPORTED	UNSUPPORTED	SAME
libcxx/containers/sequences/vector/exception_safety_exceptions_disabled.pass.cpp	PASS	PASS	SAME
libcxx/containers/sequences/vector/invalid_allocator.verify.cpp	PASS	PASS	SAME
libcxx/containers/sequences/vector/nodiscard.verify.cpp	PASS	PASS	SAME
libcxx/containers/sequences/vector/robust_against_adl.pass.cpp	PASS	PASS	SAME
libcxx/containers/strings/basic.string/abi.compile.pass.cpp	PASS	PASS	SAME
libcxx/containers/strings/basic.string/asan.pass.cpp	UNSUPPORTED	UNSUPPORTED	SAME
libcxx/containers/strings/basic.string/asan_deque_integration.pass.cpp	UNSUPPORTED	UNSUPPORTED	SAME
libcxx/containers/strings/basic.string/asan_short.pass.cpp	UNSUPPORTED	UNSUPPORTED	SAME
libcxx/containers/strings/basic.string/asan_turning_off.pass.cpp	UNSUPPORTED	UNSUPPORTED	SAME
libcxx/containers/strings/basic.string/asan_vector_integration.pass.cpp	UNSUPPORTED	UNSUPPORTED	SAME
libcxx/containers/unord/next_pow2.pass.cpp	PASS	PASS	SAME
libcxx/containers/unord/next_prime.pass.cpp	PASS	PASS	SAME
libcxx/containers/unord/non_const_comparator.incomplete.verify.cpp	PASS	PASS	SAME
libcxx/containers/unord/non_const_comparator.verify.cpp	PASS	PASS	SAME
libcxx/containers/unord/unord.map/assert.bucket.pass.cpp	UNSUPPORTED	UNSUPPORTED	SAME
libcxx/containers/unord/unord.map/assert.bucket_size.pass.cpp	UNSUPPORTED	UNSUPPORTED	SAME
libcxx/containers/unord/unord.map/assert.iterator.dereference.pass.cpp	UNSUPPORTED	UNSUPPORTED	SAME
libcxx/containers/unord/unord.map/assert.iterator.increment.pass.cpp	UNSUPPORTED	UNSUPPORTED	SAME
libcxx/containers/unord/unord.map/assert.local_iterator.dereference.pass.cpp	UNSUPPORTED	UNSUPPORTED	SAME
libcxx/containers/unord/unord.map/assert.local_iterator.increment.pass.cpp	UNSUPPORTED	UNSUPPORTED	SAME
libcxx/containers/unord/unord.map/assert.max_load_factor.pass.cpp	UNSUPPORTED	UNSUPPORTED	SAME
libcxx/containers/unord/unord.map/at.abort.pass.cpp	UNSUPPORTED	UNSUPPORTED	SAME
libcxx/containers/unord/unord.map/at.const.abort.pass.cpp	UNSUPPORTED	UNSUPPORTED	SAME
libcxx/containers/unord/unord.map/debug.insert.hint_const_lvalue.pass.cpp	UNSUPPORTED	UNSUPPORTED	SAME
libcxx/containers/unord/unord.map/debug.insert.hint_rvalue.pass.cpp	UNSUPPORTED	UNSUPPORTED	SAME
libcxx/containers/unord/unord.map/debug.swap.pass.cpp	UNSUPPORTED	UNSUPPORTED	SAME
libcxx/containers/unord/unord.map/nodiscard.verify.cpp	PASS	PASS	SAME
libcxx/containers/unord/unord.map/unord.map.modifiers/debug.erase.iter.pass.cpp	UNSUPPORTED	UNSUPPORTED	SAME
libcxx/containers/unord/unord.map/unord.map.modifiers/debug.erase.iter_iter.pass.cpp	UNSUPPORTED	UNSUPPORTED	SAME
libcxx/containers/unord/unord.multimap/assert.bucket.pass.cpp	UNSUPPORTED	UNSUPPORTED	SAME
libcxx/containers/unord/unord.multimap/assert.bucket_size.pass.cpp	UNSUPPORTED	UNSUPPORTED	SAME
libcxx/containers/unord/unord.multimap/assert.iterator.dereference.pass.cpp	UNSUPPORTED	UNSUPPORTED	SAME
libcxx/containers/unord/unord.multimap/assert.iterator.increment.pass.cpp	UNSUPPORTED	UNSUPPORTED	SAME
libcxx/containers/unord/unord.multimap/assert.local_iterator.dereference.pass.cpp	UNSUPPORTED	UNSUPPORTED	SAME
libcxx/containers/unord/unord.multimap/assert.local_iterator.increment.pass.cpp	UNSUPPORTED	UNSUPPORTED	SAME
libcxx/containers/unord/unord.multimap/assert.max_load_factor.pass.cpp	UNSUPPORTED	UNSUPPORTED	SAME
libcxx/containers/unord/unord.multimap/debug.insert.hint_const_lvalue.pass.cpp	UNSUPPORTED	UNSUPPORTED	SAME
libcxx/containers/unord/unord.multimap/debug.insert.hint_rvalue.pass.cpp	UNSUPPORTED	UNSUPPORTED	SAME
libcxx/containers/unord/unord.multimap/debug.swap.pass.cpp	UNSUPPORTED	UNSUPPORTED	SAME
libcxx/containers/unord/unord.multimap/nodiscard.verify.cpp	PASS	PASS	SAME
libcxx/containers/unord/unord.multimap/unord.multimap.modifiers/debug.erase.iter.pass.cpp	UNSUPPORTED	UNSUPPORTED	SAME
libcxx/containers/unord/unord.multimap/unord.multimap.modifiers/debug.erase.iter_iter.pass.cpp	UNSUPPORTED	UNSUPPORTED	SAME
libcxx/containers/unord/unord.multiset/assert.bucket.pass.cpp	UNSUPPORTED	UNSUPPORTED	SAME
libcxx/containers/unord/unord.multiset/assert.bucket_size.pass.cpp	UNSUPPORTED	UNSUPPORTED	SAME
libcxx/containers/unord/unord.multiset/assert.iterator.dereference.pass.cpp	UNSUPPORTED	UNSUPPORTED	SAME
libcxx/containers/unord/unord.multiset/assert.iterator.increment.pass.cpp	UNSUPPORTED	UNSUPPORTED	SAME
libcxx/containers/unord/unord.multiset/assert.local_iterator.dereference.pass.cpp	UNSUPPORTED	UNSUPPORTED	SAME
libcxx/containers/unord/unord.multiset/assert.local_iterator.increment.pass.cpp	UNSUPPORTED	UNSUPPORTED	SAME
libcxx/containers/unord/unord.multiset/assert.max_load_factor.pass.cpp	UNSUPPORTED	UNSUPPORTED	SAME
libcxx/containers/unord/unord.multiset/debug.erase.iter.pass.cpp	UNSUPPORTED	UNSUPPORTED	SAME
libcxx/containers/unord/unord.multiset/debug.erase.iter_iter.pass.cpp	UNSUPPORTED	UNSUPPORTED	SAME
libcxx/containers/unord/unord.multiset/debug.insert.hint_const_lvalue.pass.cpp	UNSUPPORTED	UNSUPPORTED	SAME
libcxx/containers/unord/unord.multiset/debug.swap.pass.cpp	UNSUPPORTED	UNSUPPORTED	SAME
libcxx/containers/unord/unord.multiset/nodiscard.verify.cpp	PASS	PASS	SAME
libcxx/containers/unord/unord.set/assert.bucket.pass.cpp	UNSUPPORTED	UNSUPPORTED	SAME
libcxx/containers/unord/unord.set/assert.bucket_size.pass.cpp	UNSUPPORTED	UNSUPPORTED	SAME
libcxx/containers/unord/unord.set/assert.iterator.dereference.pass.cpp	UNSUPPORTED	UNSUPPORTED	SAME
libcxx/containers/unord/unord.set/assert.iterator.increment.pass.cpp	UNSUPPORTED	UNSUPPORTED	SAME
libcxx/containers/unord/unord.set/assert.local_iterator.dereference.pass.cpp	UNSUPPORTED	UNSUPPORTED	SAME
libcxx/containers/unord/unord.set/assert.local_iterator.increment.pass.cpp	UNSUPPORTED	UNSUPPORTED	SAME
libcxx/containers/unord/unord.set/assert.max_load_factor.pass.cpp	UNSUPPORTED	UNSUPPORTED	SAME
libcxx/containers/unord/unord.set/debug.erase.iter.pass.cpp	UNSUPPORTED	UNSUPPORTED	SAME
libcxx/containers/unord/unord.set/debug.erase.iter_iter.pass.cpp	UNSUPPORTED	UNSUPPORTED	SAME
libcxx/containers/unord/unord.set/debug.insert.hint_const_lvalue.pass.cpp	UNSUPPORTED	UNSUPPORTED	SAME
libcxx/containers/unord/unord.set/debug.swap.pass.cpp	UNSUPPORTED	UNSUPPORTED	SAME
libcxx/containers/unord/unord.set/missing_hash_specialization.verify.cpp	PASS	PASS	SAME
libcxx/containers/unord/unord.set/nodiscard.verify.cpp	PASS	PASS	SAME
libcxx/containers/views/mdspan/aligned_accessor/byte_alignment.verify.cpp	PASS	PASS	SAME
libcxx/containers/views/mdspan/aligned_accessor/element_type.verify.cpp	PASS	PASS	SAME
libcxx/containers/views/mdspan/extents/assert.conversion.pass.cpp	UNSUPPORTED	UNSUPPORTED	SAME
libcxx/containers/views/mdspan/extents/assert.ctor_from_array.pass.cpp	UNSUPPORTED	UNSUPPORTED	SAME
libcxx/containers/views/mdspan/extents/assert.ctor_from_integral.pass.cpp	UNSUPPORTED	UNSUPPORTED	SAME
libcxx/containers/views/mdspan/extents/assert.ctor_from_span.pass.cpp	UNSUPPORTED	UNSUPPORTED	SAME
libcxx/containers/views/mdspan/extents/assert.obs.pass.cpp	UNSUPPORTED	UNSUPPORTED	SAME
libcxx/containers/views/mdspan/layout_left/assert.conversion.pass.cpp	UNSUPPORTED	UNSUPPORTED	SAME
libcxx/containers/views/mdspan/layout_left/assert.ctor.extents.pass.cpp	UNSUPPORTED	UNSUPPORTED	SAME
libcxx/containers/views/mdspan/layout_left/assert.ctor.layout_right.pass.cpp	UNSUPPORTED	UNSUPPORTED	SAME
libcxx/containers/views/mdspan/layout_left/assert.ctor.layout_stride.pass.cpp	UNSUPPORTED	UNSUPPORTED	SAME
libcxx/containers/views/mdspan/layout_left/assert.index_operator.pass.cpp	UNSUPPORTED	UNSUPPORTED	SAME
libcxx/containers/views/mdspan/layout_left/assert.stride.pass.cpp	UNSUPPORTED	UNSUPPORTED	SAME
libcxx/containers/views/mdspan/layout_right/assert.conversion.pass.cpp	UNSUPPORTED	UNSUPPORTED	SAME
libcxx/containers/views/mdspan/layout_right/assert.ctor.extents.pass.cpp	UNSUPPORTED	UNSUPPORTED	SAME
libcxx/containers/views/mdspan/layout_right/assert.ctor.layout_left.pass.cpp	UNSUPPORTED	UNSUPPORTED	SAME
libcxx/containers/views/mdspan/layout_right/assert.ctor.layout_stride.pass.cpp	UNSUPPORTED	UNSUPPORTED	SAME
libcxx/containers/views/mdspan/layout_right/assert.index_operator.pass.cpp	UNSUPPORTED	UNSUPPORTED	SAME
libcxx/containers/views/mdspan/layout_right/assert.stride.pass.cpp	UNSUPPORTED	UNSUPPORTED	SAME
libcxx/containers/views/mdspan/layout_stride/assert.conversion.pass.cpp	UNSUPPORTED	UNSUPPORTED	SAME
libcxx/containers/views/mdspan/layout_stride/assert.ctor.extents_array.non_unique.pass.cpp	UNSUPPORTED	UNSUPPORTED	SAME
libcxx/containers/views/mdspan/layout_stride/assert.ctor.extents_array.pass.cpp	UNSUPPORTED	UNSUPPORTED	SAME
libcxx/containers/views/mdspan/layout_stride/assert.ctor.extents_span.non_unique.pass.cpp	UNSUPPORTED	UNSUPPORTED	SAME
libcxx/containers/views/mdspan/layout_stride/assert.ctor.extents_span.pass.cpp	UNSUPPORTED	UNSUPPORTED	SAME
libcxx/containers/views/mdspan/layout_stride/assert.index_operator.pass.cpp	UNSUPPORTED	UNSUPPORTED	SAME
libcxx/containers/views/mdspan/layout_stride/assert.stride.pass.cpp	UNSUPPORTED	UNSUPPORTED	SAME
libcxx/containers/views/mdspan/mdspan/assert.conversion.pass.cpp	UNSUPPORTED	UNSUPPORTED	SAME
libcxx/containers/views/mdspan/mdspan/assert.index_operator.pass.cpp	UNSUPPORTED	UNSUPPORTED	SAME
libcxx/containers/views/mdspan/mdspan/assert.size.pass.cpp	UNSUPPORTED	UNSUPPORTED	SAME
libcxx/containers/views/mdspan/nodiscard.verify.cpp	PASS	PASS	SAME
libcxx/containers/views/views.span/assert.iterator-indexing.pass.cpp	UNSUPPORTED	UNSUPPORTED	SAME
libcxx/containers/views/views.span/nodiscard.verify.cpp	PASS	PASS	SAME
libcxx/containers/views/views.span/span.cons/assert.iter_sent.pass.cpp	UNSUPPORTED	UNSUPPORTED	SAME
libcxx/containers/views/views.span/span.cons/assert.iter_size.pass.cpp	UNSUPPORTED	UNSUPPORTED	SAME
libcxx/containers/views/views.span/span.cons/assert.other_span.pass.cpp	UNSUPPORTED	UNSUPPORTED	SAME
libcxx/containers/views/views.span/span.cons/assert.range.pass.cpp	UNSUPPORTED	UNSUPPORTED	SAME
libcxx/containers/views/views.span/span.elem/assert.back.pass.cpp	UNSUPPORTED	UNSUPPORTED	SAME
libcxx/containers/views/views.span/span.elem/assert.front.pass.cpp	UNSUPPORTED	UNSUPPORTED	SAME
libcxx/containers/views/views.span/span.elem/assert.op_idx.pass.cpp	UNSUPPORTED	UNSUPPORTED	SAME
libcxx/containers/views/views.span/span.sub/assert.first.pass.cpp	UNSUPPORTED	UNSUPPORTED	SAME
libcxx/containers/views/views.span/span.sub/assert.last.pass.cpp	UNSUPPORTED	UNSUPPORTED	SAME
libcxx/containers/views/views.span/span.sub/assert.subspan.pass.cpp	UNSUPPORTED	UNSUPPORTED	SAME
libcxx/debug/containers.multithread.pass.cpp	UNSUPPORTED	UNSUPPORTED	SAME
libcxx/debug/containers/sequence_container_iterators.pass.cpp	UNSUPPORTED	UNSUPPORTED	SAME
libcxx/debug/containers/string.pass.cpp	UNSUPPORTED	UNSUPPORTED	SAME
libcxx/debug/containers/unord_containers.pass.cpp	UNSUPPORTED	UNSUPPORTED	SAME
libcxx/depr/depr.auto.ptr/auto.ptr/auto_ptr.cxx1z.pass.cpp	PASS	PASS	SAME
libcxx/depr/depr.auto.ptr/auto.ptr/auto_ptr.depr_in_cxx11.verify.cpp	PASS	PASS	SAME
libcxx/depr/depr.default.allocator/allocator.members/address.cxx20.pass.cpp	UNSUPPORTED	UNSUPPORTED	SAME
libcxx/depr/depr.default.allocator/allocator.members/address.cxx20.verify.cpp	PASS	PASS	SAME
libcxx/depr/depr.default.allocator/allocator.members/address.depr_in_cxx17.verify.cpp	UNSUPPORTED	UNSUPPORTED	SAME
libcxx/depr/depr.default.allocator/allocator.members/allocate.cxx20.pass.cpp	UNSUPPORTED	UNSUPPORTED	SAME
libcxx/depr/depr.default.allocator/allocator.members/allocate.cxx20.verify.cpp	PASS	PASS	SAME
libcxx/depr/depr.default.allocator/allocator.members/allocate.depr_in_cxx17.verify.cpp	UNSUPPORTED	UNSUPPORTED	SAME
libcxx/depr/depr.default.allocator/allocator.members/construct.cxx20.pass.cpp	UNSUPPORTED	UNSUPPORTED	SAME
libcxx/depr/depr.default.allocator/allocator.members/construct.cxx20.verify.cpp	PASS	PASS	SAME
libcxx/depr/depr.default.allocator/allocator.members/max_size.cxx20.pass.cpp	UNSUPPORTED	UNSUPPORTED	SAME
libcxx/depr/depr.default.allocator/allocator.members/max_size.cxx20.verify.cpp	PASS	PASS	SAME
libcxx/depr/depr.default.allocator/allocator_types.cxx20.pass.cpp	UNSUPPORTED	UNSUPPORTED	SAME
libcxx/depr/depr.func.adaptor.typedefs/typedefs.depr_in_cxx17.verify.cpp	PASS	PASS	SAME
libcxx/depr/depr.function.objects/adaptors.depr_in_cxx11.verify.cpp	PASS	PASS	SAME
libcxx/depr/depr.function.objects/depr.adaptors.cxx1z.pass.cpp	PASS	PASS	SAME
libcxx/depr/depr.rel_ops/rel_ops.depr_in_cxx20.verify.cpp	PASS	PASS	SAME
libcxx/depr/depr.strstream/nodiscard.verify.cpp	PASS	PASS	SAME
libcxx/depr/exception.unexpected/get_unexpected.pass.cpp	PASS	PASS	SAME
libcxx/depr/exception.unexpected/set_unexpected.pass.cpp	PASS	PASS	SAME
libcxx/depr/exception.unexpected/unexpected.pass.cpp	PASS	PASS	SAME
libcxx/depr/exception.unexpected/unexpected_disabled_cpp17.verify.cpp	PASS	PASS	SAME
libcxx/diagnostics/iterator.nodiscard.verify.cpp	PASS	PASS	SAME
libcxx/diagnostics/ranges.nodiscard.verify.cpp	PASS	PASS	SAME
libcxx/diagnostics/syserr/nodiscard.verify.cpp	PASS	PASS	SAME
libcxx/diagnostics/syserr/system_error_win_codes.pass.cpp	UNSUPPORTED	UNSUPPORTED	SAME
libcxx/experimental/fexperimental-library.compile.pass.cpp	PASS	PASS	SAME
libcxx/feature_test_macro/ftm_metadata.sh.py	PASS	PASS	SAME
libcxx/feature_test_macro/generate_header_test.sh.py	PASS	PASS	SAME
libcxx/feature_test_macro/implemented_ftms.sh.py	PASS	PASS	SAME
libcxx/feature_test_macro/invalid.sh.py	PASS	PASS	SAME
libcxx/feature_test_macro/is_implemented.sh.py	PASS	PASS	SAME
libcxx/feature_test_macro/standard_ftms.sh.py	PASS	PASS	SAME
libcxx/feature_test_macro/standard_library_headers.sh.py	PASS	PASS	SAME
libcxx/feature_test_macro/std_dialects.sh.py	PASS	PASS	SAME
libcxx/feature_test_macro/version_header.sh.py	PASS	PASS	SAME
libcxx/feature_test_macro/version_header_implementation.sh.py	PASS	PASS	SAME
libcxx/fuzzing/format_no_args.pass.cpp	PASS	PASS	SAME
libcxx/fuzzing/make_heap.pass.cpp	PASS	PASS	SAME
libcxx/fuzzing/nth_element.pass.cpp	PASS	PASS	SAME
libcxx/fuzzing/partial_sort.pass.cpp	PASS	PASS	SAME
libcxx/fuzzing/partial_sort_copy.pass.cpp	PASS	PASS	SAME
libcxx/fuzzing/partition.pass.cpp	PASS	PASS	SAME
libcxx/fuzzing/partition_copy.pass.cpp	PASS	PASS	SAME
libcxx/fuzzing/pop_heap.pass.cpp	PASS	PASS	SAME
libcxx/fuzzing/push_heap.pass.cpp	PASS	PASS	SAME
libcxx/fuzzing/random.pass.cpp	PASS	PASS	SAME
libcxx/fuzzing/regex.pass.cpp	PASS	PASS	SAME
libcxx/fuzzing/search.pass.cpp	PASS	PASS	SAME
libcxx/fuzzing/sort.pass.cpp	PASS	PASS	SAME
libcxx/fuzzing/stable_partition.pass.cpp	PASS	PASS	SAME
libcxx/fuzzing/stable_sort.pass.cpp	PASS	PASS	SAME
libcxx/fuzzing/unique.pass.cpp	PASS	PASS	SAME
libcxx/fuzzing/unique_copy.pass.cpp	PASS	PASS	SAME
libcxx/gdb/gdb_pretty_printer_test.sh.cpp	UNSUPPORTED	UNSUPPORTED	SAME
libcxx/headers_in_modulemap.sh.py	PASS	PASS	SAME
libcxx/input.output/file.streams/fstreams/filebuf/traits_mismatch.verify.cpp	PASS	PASS	SAME
libcxx/input.output/file.streams/fstreams/fstream.close.pass.cpp	PASS	PASS	SAME
libcxx/input.output/file.streams/fstreams/nodiscard.verify.cpp	PASS	PASS	SAME
libcxx/input.output/file.streams/fstreams/traits_mismatch.verify.cpp	PASS	PASS	SAME
libcxx/input.output/filesystems/class.directory_entry/directory_entry.mods/last_write_time.pass.cpp	PASS	PASS	SAME
libcxx/input.output/filesystems/class.path/path.itr/assert.iterator.pass.cpp	UNSUPPORTED	UNSUPPORTED	SAME
libcxx/input.output/filesystems/class.path/path.member/path.native.obs/string_alloc.pass.cpp	PASS	PASS	SAME
libcxx/input.output/filesystems/class.path/path.req/is_pathable.pass.cpp	PASS	PASS	SAME
libcxx/input.output/filesystems/convert_file_time.pass.cpp	PASS	PASS	SAME
libcxx/input.output/filesystems/nodiscard.verify.cpp	PASS	PASS	SAME
libcxx/input.output/iostream.format/input.streams/traits_mismatch.verify.cpp	PASS	PASS	SAME
libcxx/input.output/iostream.format/nodiscard.verify.cpp	PASS	PASS	SAME
libcxx/input.output/iostream.format/output.streams/ostream.formatted/ostream.formatted.print/vprint_unicode.pass.cpp	PASS	PASS	SAME
libcxx/input.output/iostream.format/output.streams/ostream.syn/includes.compile.pass.cpp	PASS	PASS	SAME
libcxx/input.output/iostream.format/output.streams/traits_mismatch.verify.cpp	PASS	PASS	SAME
libcxx/input.output/iostream.format/print.fun/nonnull.verify.cpp	PASS	PASS	SAME
libcxx/input.output/iostream.format/print.fun/transcoding.pass.cpp	PASS	PASS	SAME
libcxx/input.output/iostream.format/print.fun/vprint_unicode_posix.pass.cpp	PASS	PASS	SAME
libcxx/input.output/iostream.format/print.fun/vprint_unicode_windows.pass.cpp	PASS	PASS	SAME
libcxx/input.output/iostreams.base/ios.base/ios.base.cons/dtor.uninitialized.pass.cpp	PASS	PASS	SAME
libcxx/input.output/iostreams.base/ios/iostate.flags/clear.abort.pass.cpp	UNSUPPORTED	UNSUPPORTED	SAME
libcxx/input.output/iostreams.base/nodiscard.verify.cpp	PASS	PASS	SAME
libcxx/input.output/stream.buffers/nodiscard.verify.cpp	PASS	PASS	SAME
libcxx/input.output/string.streams/nodiscard.verify.cpp	PASS	PASS	SAME
libcxx/input.output/string.streams/stringbuf/const_sso_buffer.pass.cpp	PASS	PASS	SAME
libcxx/input.output/string.streams/traits_mismatch.verify.cpp	PASS	PASS	SAME
libcxx/input.output/synchstream/nodiscard.verify.cpp	PASS	PASS	SAME
libcxx/iterators/aliasing_iterator.pass.cpp	PASS	PASS	SAME
libcxx/iterators/assert.advance.pass.cpp	UNSUPPORTED	UNSUPPORTED	SAME
libcxx/iterators/assert.next.pass.cpp	UNSUPPORTED	UNSUPPORTED	SAME
libcxx/iterators/assert.prev.pass.cpp	UNSUPPORTED	UNSUPPORTED	SAME
libcxx/iterators/bounded_iter/arithmetic.pass.cpp	PASS	PASS	SAME
libcxx/iterators/bounded_iter/comparison.pass.cpp	PASS	PASS	SAME
libcxx/iterators/bounded_iter/dereference.pass.cpp	UNSUPPORTED	UNSUPPORTED	SAME
libcxx/iterators/bounded_iter/pointer_traits.pass.cpp	PASS	PASS	SAME
libcxx/iterators/bounded_iter/types.compile.pass.cpp	PASS	PASS	SAME
libcxx/iterators/contiguous_iterators.conv.compile.pass.cpp	PASS	PASS	SAME
libcxx/iterators/contiguous_iterators.pass.cpp	PASS	PASS	SAME
libcxx/iterators/contiguous_iterators.verify.cpp	PASS	PASS	SAME
libcxx/iterators/iterator.concepts/iterator.concept.random.access/subsumption.compile.pass.cpp	PASS	PASS	SAME
libcxx/iterators/iterator.primitives/iterator.operations/prev.verify.cpp	PASS	PASS	SAME
libcxx/iterators/iterator.requirements/iterator.assoc.types/iterator.traits/legacy_bidirectional_iterator.compile.pass.cpp	PASS	PASS	SAME
libcxx/iterators/iterator.requirements/iterator.assoc.types/iterator.traits/legacy_forward_iterator.compile.pass.cpp	PASS	PASS	SAME
libcxx/iterators/iterator.requirements/iterator.assoc.types/iterator.traits/legacy_input_iterator.compile.pass.cpp	PASS	PASS	SAME
libcxx/iterators/iterator.requirements/iterator.assoc.types/iterator.traits/legacy_iterator.compile.pass.cpp	PASS	PASS	SAME
libcxx/iterators/iterator.requirements/iterator.assoc.types/iterator.traits/legacy_random_access_iterator.compile.pass.cpp	PASS	PASS	SAME
libcxx/iterators/iterator.requirements/iterator.assoc.types/iterator.traits/locale_dependent.compile.pass.cpp	PASS	PASS	SAME
libcxx/iterators/iterator.requirements/iterator.concepts/cpp20_iter_concepts.compile.pass.cpp	PASS	PASS	SAME
libcxx/iterators/iterator.requirements/iterator.concepts/cpp20_iter_traits.compile.pass.cpp	PASS	PASS	SAME
libcxx/iterators/iterator.requirements/iterator.concepts/integer_like.compile.pass.cpp	PASS	PASS	SAME
libcxx/iterators/iterator_with_data.pass.cpp	PASS	PASS	SAME
libcxx/iterators/predef.iterators/counted.iterator/assert.pass.cpp	UNSUPPORTED	UNSUPPORTED	SAME
libcxx/iterators/predef.iterators/insert.iterators/back.insert.iter.ops/get_container.pass.cpp	PASS	PASS	SAME
libcxx/iterators/predef.iterators/iterators.common/assert.pass.cpp	UNSUPPORTED	UNSUPPORTED	SAME
libcxx/iterators/predef.iterators/reverse.iterators/bad_template_argument.verify.cpp	PASS	PASS	SAME
libcxx/iterators/product_iterator.pass.cpp	PASS	PASS	SAME
libcxx/iterators/unwrap_iter.pass.cpp	PASS	PASS	SAME
libcxx/language.support/cxa_deleted_virtual.pass.cpp	PASS	PASS	SAME
libcxx/language.support/limits/nodiscard.verify.cpp	PASS	PASS	SAME
libcxx/language.support/no_specializations.verify.cpp	PASS	PASS	SAME
libcxx/language.support/nodiscard.verify.cpp	PASS	PASS	SAME
libcxx/language.support/support.dynamic/assert.nothrow_new_not_overridden_fno_exceptions.pass.cpp	UNSUPPORTED	UNSUPPORTED	SAME
libcxx/language.support/support.dynamic/libcpp_deallocate.sh.cpp	PASS	PASS	SAME
libcxx/language.support/support.dynamic/new_dont_return_nullptr.pass.cpp	UNSUPPORTED	UNSUPPORTED	SAME
libcxx/language.support/support.rtti/type.info/type_info.comparison.apple.compile.pass.cpp	UNSUPPORTED	UNSUPPORTED	SAME
libcxx/language.support/support.rtti/type.info/type_info.comparison.merged.sh.cpp	PASS	PASS	SAME
libcxx/language.support/support.rtti/type.info/type_info.comparison.unmerged.sh.cpp	PASS	PASS	SAME
libcxx/language.support/timespec_get.xopen.compile.pass.cpp	PASS	PASS	SAME
libcxx/libcpp_alignof.pass.cpp	PASS	PASS	SAME
libcxx/libcpp_freestanding.sh.cpp	PASS	PASS	SAME
libcxx/lint/lint_cmakelists.sh.py	PASS	PASS	SAME
libcxx/lint/lint_headers.sh.py	PASS	PASS	SAME
libcxx/localization/locale.categories/__scan_keyword.pass.cpp	PASS	PASS	SAME
libcxx/localization/locales/locale.abort.pass.cpp	UNSUPPORTED	UNSUPPORTED	SAME
libcxx/localization/locales/locale.category.abort.pass.cpp	UNSUPPORTED	UNSUPPORTED	SAME
libcxx/localization/locales/locale/locale.types/locale.facet/facet.pass.cpp	PASS	PASS	SAME
libcxx/localization/locales/locale/locale.types/locale.facet/no_allocation.pass.cpp	PASS	PASS	SAME
libcxx/localization/locales/locale/locale.types/locale.id/id.pass.cpp	PASS	PASS	SAME
libcxx/localization/locales/use_facet.abort.pass.cpp	UNSUPPORTED	UNSUPPORTED	SAME
libcxx/mangled_names.pass.cpp	PASS	PASS	SAME
libcxx/mem/mem.res/ctor.nullptr.assert.pass.cpp	UNSUPPORTED	UNSUPPORTED	SAME
libcxx/mem/mem.res/nodiscard.verify.cpp	PASS	PASS	SAME
libcxx/mem/mem.res/nonnull.verify.cpp	PASS	PASS	SAME
libcxx/memory/aligned_allocation_macro.compile.pass.cpp	PASS	PASS	SAME
libcxx/memory/allocation_guard.pass.cpp	PASS	PASS	SAME
libcxx/memory/allocator_triviality.compile.pass.cpp	PASS	PASS	SAME
libcxx/memory/allocator_triviality.deprecated_abi.compile.pass.cpp	PASS	PASS	SAME
libcxx/memory/allocator_volatile.verify.cpp	PASS	PASS	SAME
libcxx/memory/is_allocator.pass.cpp	PASS	PASS	SAME
libcxx/memory/swap_allocator.pass.cpp	PASS	PASS	SAME
libcxx/memory/trivial_abi/shared_ptr_arg.pass.cpp	PASS	PASS	SAME
libcxx/memory/trivial_abi/unique_ptr_arg.pass.cpp	PASS	PASS	SAME
libcxx/memory/trivial_abi/unique_ptr_array.pass.cpp	PASS	PASS	SAME
libcxx/memory/trivial_abi/unique_ptr_destruction_order.pass.cpp	PASS	PASS	SAME
libcxx/memory/trivial_abi/unique_ptr_ret.pass.cpp	PASS	PASS	SAME
libcxx/memory/trivial_abi/weak_ptr_ret.pass.cpp	PASS	PASS	SAME
libcxx/memory/uninitialized_allocator_copy.pass.cpp	PASS	PASS	SAME
libcxx/module_std.gen.py/module_std.sh.cpp	UNSUPPORTED	UNSUPPORTED	SAME
libcxx/module_std_compat.gen.py/module_std_compat.sh.cpp	UNSUPPORTED	UNSUPPORTED	SAME
libcxx/numerics/bit.ops.pass.cpp	PASS	PASS	SAME
libcxx/numerics/c.math/constexpr-cxx23-clang.pass.cpp	PASS	PASS	SAME
libcxx/numerics/c.math/constexpr-cxx23-gcc.pass.cpp	UNSUPPORTED	UNSUPPORTED	SAME
libcxx/numerics/c.math/constexpr-fns.pass.cpp	PASS	PASS	SAME
libcxx/numerics/c.math/nodiscard.verify.cpp	PASS	PASS	SAME
libcxx/numerics/clamp_to_integral.pass.cpp	PASS	PASS	SAME
libcxx/numerics/complex.number/__sqr.pass.cpp	PASS	PASS	SAME
libcxx/numerics/complex.number/cmplx.over.pow.pass.cpp	PASS	PASS	SAME
libcxx/numerics/complex.number/nodiscard.verify.cpp	PASS	PASS	SAME
libcxx/numerics/nodiscard.verify.cpp	PASS	PASS	SAME
libcxx/numerics/numarray/assert.pass.cpp	UNSUPPORTED	UNSUPPORTED	SAME
libcxx/numerics/numarray/class.gslice.array/assert.get.pass.cpp	UNSUPPORTED	UNSUPPORTED	SAME
libcxx/numerics/numarray/class.gslice.array/get.pass.cpp	PASS	PASS	SAME
libcxx/numerics/numarray/class.indirect.array/assert.get.pass.cpp	UNSUPPORTED	UNSUPPORTED	SAME
libcxx/numerics/numarray/class.indirect.array/get.pass.cpp	PASS	PASS	SAME
libcxx/numerics/numarray/class.mask.array/assert.get.pass.cpp	UNSUPPORTED	UNSUPPORTED	SAME
libcxx/numerics/numarray/class.mask.array/get.pass.cpp	PASS	PASS	SAME
libcxx/numerics/numarray/class.slice.array/assert.get.pass.cpp	UNSUPPORTED	UNSUPPORTED	SAME
libcxx/numerics/numarray/class.slice.array/get.pass.cpp	PASS	PASS	SAME
libcxx/numerics/numarray/nodiscard.verify.cpp	PASS	PASS	SAME
libcxx/numerics/numeric.ops/midpoint.integer.pass.cpp	PASS	PASS	SAME
libcxx/numerics/rand/rand.device/has-no-random-device.verify.cpp	UNSUPPORTED	UNSUPPORTED	SAME
libcxx/numerics/rand/rand.dist/rand.dist.bern/rand.dist.bern.bernoulli/bad_engine.verify.cpp	PASS	PASS	SAME
libcxx/numerics/rand/rand.dist/rand.dist.bern/rand.dist.bern.bin/bad_engine.verify.cpp	PASS	PASS	SAME
libcxx/numerics/rand/rand.dist/rand.dist.bern/rand.dist.bern.geo/bad_engine.verify.cpp	PASS	PASS	SAME
libcxx/numerics/rand/rand.dist/rand.dist.bern/rand.dist.bern.negbin/bad_engine.verify.cpp	PASS	PASS	SAME
libcxx/numerics/rand/rand.dist/rand.dist.norm/rand.dist.norm.cauchy/bad_engine.verify.cpp	PASS	PASS	SAME
libcxx/numerics/rand/rand.dist/rand.dist.norm/rand.dist.norm.chisq/bad_engine.verify.cpp	PASS	PASS	SAME
libcxx/numerics/rand/rand.dist/rand.dist.norm/rand.dist.norm.f/bad_engine.verify.cpp	PASS	PASS	SAME
libcxx/numerics/rand/rand.dist/rand.dist.norm/rand.dist.norm.lognormal/bad_engine.verify.cpp	PASS	PASS	SAME
libcxx/numerics/rand/rand.dist/rand.dist.norm/rand.dist.norm.normal/bad_engine.verify.cpp	PASS	PASS	SAME
libcxx/numerics/rand/rand.dist/rand.dist.norm/rand.dist.norm.t/bad_engine.verify.cpp	PASS	PASS	SAME
libcxx/numerics/rand/rand.dist/rand.dist.pois/rand.dist.pois.exp/bad_engine.verify.cpp	PASS	PASS	SAME
libcxx/numerics/rand/rand.dist/rand.dist.pois/rand.dist.pois.extreme/bad_engine.verify.cpp	PASS	PASS	SAME
libcxx/numerics/rand/rand.dist/rand.dist.pois/rand.dist.pois.gamma/bad_engine.verify.cpp	PASS	PASS	SAME
libcxx/numerics/rand/rand.dist/rand.dist.pois/rand.dist.pois.poisson/bad_engine.verify.cpp	PASS	PASS	SAME
libcxx/numerics/rand/rand.dist/rand.dist.pois/rand.dist.pois.weibull/bad_engine.verify.cpp	PASS	PASS	SAME
libcxx/numerics/rand/rand.dist/rand.dist.samp/rand.dist.samp.discrete/bad_engine.verify.cpp	PASS	PASS	SAME
libcxx/numerics/rand/rand.dist/rand.dist.samp/rand.dist.samp.pconst/bad_engine.verify.cpp	PASS	PASS	SAME
libcxx/numerics/rand/rand.dist/rand.dist.samp/rand.dist.samp.plinear/bad_engine.verify.cpp	PASS	PASS	SAME
libcxx/numerics/rand/rand.dist/rand.dist.uni/rand.dist.uni.int/bad_engine.verify.cpp	PASS	PASS	SAME
libcxx/numerics/rand/rand.dist/rand.dist.uni/rand.dist.uni.real/bad_engine.verify.cpp	PASS	PASS	SAME
libcxx/ranges/no_specializations.verify.cpp	PASS	PASS	SAME
libcxx/ranges/range.access/end.incomplete_type.pass.cpp	PASS	PASS	SAME
libcxx/ranges/range.adaptors/range.adaptor.helpers/as-lvalue.lifetimebound.verify.cpp	PASS	PASS	SAME
libcxx/ranges/range.adaptors/range.adaptor.helpers/as-lvalue.pass.cpp	PASS	PASS	SAME
libcxx/ranges/range.adaptors/range.adaptor.helpers/tuple-for-each.pass.cpp	PASS	PASS	SAME
libcxx/ranges/range.adaptors/range.all/nodiscard.verify.cpp	PASS	PASS	SAME
libcxx/ranges/range.adaptors/range.as_rvalue_view/nodiscard.verify.cpp	PASS	PASS	SAME
libcxx/ranges/range.adaptors/range.chunk.by/assert.begin.pass.cpp	UNSUPPORTED	UNSUPPORTED	SAME
libcxx/ranges/range.adaptors/range.chunk.by/assert.find-next.pass.cpp	UNSUPPORTED	UNSUPPORTED	SAME
libcxx/ranges/range.adaptors/range.chunk.by/assert.find-prev.pass.cpp	UNSUPPORTED	UNSUPPORTED	SAME
libcxx/ranges/range.adaptors/range.chunk.by/no_unique_address.compile.pass.cpp	PASS	PASS	SAME
libcxx/ranges/range.adaptors/range.chunk.by/nodiscard.verify.cpp	PASS	PASS	SAME
libcxx/ranges/range.adaptors/range.chunk.by/range.chunk.by.iter/assert.deref.pass.cpp	UNSUPPORTED	UNSUPPORTED	SAME
libcxx/ranges/range.adaptors/range.chunk.by/range.chunk.by.iter/assert.increment.pass.cpp	UNSUPPORTED	UNSUPPORTED	SAME
libcxx/ranges/range.adaptors/range.common.view/adaptor.nodiscard.verify.cpp	PASS	PASS	SAME
libcxx/ranges/range.adaptors/range.common.view/nodiscard.verify.cpp	PASS	PASS	SAME
libcxx/ranges/range.adaptors/range.counted/adaptor.nodiscard.verify.cpp	PASS	PASS	SAME
libcxx/ranges/range.adaptors/range.drop.while/assert.begin.pass.cpp	UNSUPPORTED	UNSUPPORTED	SAME
libcxx/ranges/range.adaptors/range.drop.while/nodiscard.verify.cpp	PASS	PASS	SAME
libcxx/ranges/range.adaptors/range.drop/nodiscard.verify.cpp	PASS	PASS	SAME
libcxx/ranges/range.adaptors/range.elements/elements_view.no_unique_address.compile.pass.cpp	PASS	PASS	SAME
libcxx/ranges/range.adaptors/range.elements/sentinel.no_unique_address.compile.pass.cpp	PASS	PASS	SAME
libcxx/ranges/range.adaptors/range.empty/nodiscard.verify.cpp	PASS	PASS	SAME
libcxx/ranges/range.adaptors/range.filter/nodiscard.verify.cpp	PASS	PASS	SAME
libcxx/ranges/range.adaptors/range.join.with/range.join.with.iterator/deref.nodiscard.verify.cpp	PASS	PASS	SAME
libcxx/ranges/range.adaptors/range.join.with/range.join.with.iterator/eq.nodiscard.verify.cpp	PASS	PASS	SAME
libcxx/ranges/range.adaptors/range.join.with/range.join.with.iterator/iter_move.nodiscard.verify.cpp	PASS	PASS	SAME
libcxx/ranges/range.adaptors/range.join.with/range.join.with.iterator/no_unique_address.compile.pass.cpp	PASS	PASS	SAME
libcxx/ranges/range.adaptors/range.join.with/range.join.with.overview/adaptor.nodiscard.verify.cpp	PASS	PASS	SAME
libcxx/ranges/range.adaptors/range.join.with/range.join.with.sentinel/eq.nodiscard.verify.cpp	PASS	PASS	SAME
libcxx/ranges/range.adaptors/range.join.with/range.join.with.sentinel/no_unique_address.compile.pass.cpp	PASS	PASS	SAME
libcxx/ranges/range.adaptors/range.join.with/range.join.with.view/base.nodiscard.verify.cpp	PASS	PASS	SAME
libcxx/ranges/range.adaptors/range.join.with/range.join.with.view/begin.nodiscard.verify.cpp	PASS	PASS	SAME
libcxx/ranges/range.adaptors/range.join.with/range.join.with.view/end.nodiscard.verify.cpp	PASS	PASS	SAME
libcxx/ranges/range.adaptors/range.join.with/range.join.with.view/no_unique_address.compile.pass.cpp	PASS	PASS	SAME
libcxx/ranges/range.adaptors/range.join/range.join.iterator/ctor.parent.outer.pass.cpp	PASS	PASS	SAME
libcxx/ranges/range.adaptors/range.join/range.join.iterator/ctor.parent.pass.cpp	PASS	PASS	SAME
libcxx/ranges/range.adaptors/range.join/segmented_iterator.compile.pass.cpp	PASS	PASS	SAME
libcxx/ranges/range.adaptors/range.lazy.split/no_unique_address.compile.pass.cpp	PASS	PASS	SAME
libcxx/ranges/range.adaptors/range.lazy.split/range.lazy.split.inner/assert.equal.pass.cpp	UNSUPPORTED	UNSUPPORTED	SAME
libcxx/ranges/range.adaptors/range.lazy.split/range.lazy.split.outer/assert.equal.pass.cpp	UNSUPPORTED	UNSUPPORTED	SAME
libcxx/ranges/range.adaptors/range.move.wrap/arrow.pass.cpp	PASS	PASS	SAME
libcxx/ranges/range.adaptors/range.move.wrap/assign.copy.pass.cpp	PASS	PASS	SAME
libcxx/ranges/range.adaptors/range.move.wrap/assign.move.pass.cpp	PASS	PASS	SAME
libcxx/ranges/range.adaptors/range.move.wrap/ctor.default.pass.cpp	PASS	PASS	SAME
libcxx/ranges/range.adaptors/range.move.wrap/ctor.in_place.pass.cpp	PASS	PASS	SAME
libcxx/ranges/range.adaptors/range.move.wrap/deref.pass.cpp	PASS	PASS	SAME
libcxx/ranges/range.adaptors/range.move.wrap/empty_object.pass.cpp	PASS	PASS	SAME
libcxx/ranges/range.adaptors/range.move.wrap/has_value.pass.cpp	PASS	PASS	SAME
libcxx/ranges/range.adaptors/range.move.wrap/no_unique_address.pass.cpp	PASS	PASS	SAME
libcxx/ranges/range.adaptors/range.move.wrap/properties.compile.pass.cpp	PASS	PASS	SAME
libcxx/ranges/range.adaptors/range.reverse/adaptor.nodiscard.verify.cpp	PASS	PASS	SAME
libcxx/ranges/range.adaptors/range.split/no_unique_address.compile.pass.cpp	PASS	PASS	SAME
libcxx/ranges/range.adaptors/range.take/nodiscard.verify.cpp	PASS	PASS	SAME
libcxx/ranges/range.adaptors/range.transform/adaptor.nodiscard.verify.cpp	PASS	PASS	SAME
libcxx/ranges/range.adaptors/range.zip.transform/no_unique_address.compile.pass.cpp	PASS	PASS	SAME
libcxx/ranges/range.factories/range.iota.view/nodiscard.verify.cpp	PASS	PASS	SAME
libcxx/ranges/range.factories/range.istream.view/no_unique_address.compile.pass.cpp	PASS	PASS	SAME
libcxx/ranges/range.factories/range.repeat.view/ctor.piecewise.pass.cpp	UNSUPPORTED	UNSUPPORTED	SAME
libcxx/ranges/range.factories/range.repeat.view/ctor.value.bound.pass.cpp	UNSUPPORTED	UNSUPPORTED	SAME
libcxx/ranges/range.factories/range.repeat.view/no_unique_address.compile.pass.cpp	PASS	PASS	SAME
libcxx/ranges/range.factories/range.repeat.view/nodiscard.verify.cpp	PASS	PASS	SAME
libcxx/ranges/range.factories/range.single.view/no_unique_address.compile.pass.cpp	PASS	PASS	SAME
libcxx/ranges/range.factories/range.single.view/nodiscard.verify.cpp	PASS	PASS	SAME
libcxx/ranges/range.nonprop.cache/assign.copy.pass.cpp	PASS	PASS	SAME
libcxx/ranges/range.nonprop.cache/assign.move.pass.cpp	PASS	PASS	SAME
libcxx/ranges/range.nonprop.cache/constraints.compile.pass.cpp	PASS	PASS	SAME
libcxx/ranges/range.nonprop.cache/ctor.copy.pass.cpp	PASS	PASS	SAME
libcxx/ranges/range.nonprop.cache/ctor.default.pass.cpp	PASS	PASS	SAME
libcxx/ranges/range.nonprop.cache/ctor.move.pass.cpp	PASS	PASS	SAME
libcxx/ranges/range.nonprop.cache/deref.pass.cpp	PASS	PASS	SAME
libcxx/ranges/range.nonprop.cache/emplace.pass.cpp	PASS	PASS	SAME
libcxx/ranges/range.nonprop.cache/emplace_from.pass.cpp	PASS	PASS	SAME
libcxx/ranges/range.nonprop.cache/has_value.pass.cpp	PASS	PASS	SAME
libcxx/ranges/range.utility.helpers/different_from.compile.pass.cpp	PASS	PASS	SAME
libcxx/ranges/range.utility.helpers/has_arrow.compile.pass.cpp	PASS	PASS	SAME
libcxx/ranges/range.utility.helpers/simple_view.compile.pass.cpp	PASS	PASS	SAME
libcxx/ranges/range.utility/range.utility.conv/to.internal_constraints.verify.cpp	PASS	PASS	SAME
libcxx/ranges/range.utility/range.utility.conv/to.static_assert.verify.cpp	PASS	PASS	SAME
libcxx/ranges/range.utility/view.interface/nodiscard.verify.cpp	PASS	PASS	SAME
libcxx/re/nodiscard.verify.cpp	PASS	PASS	SAME
libcxx/strings/basic.string/alignof.compile.pass.cpp	PASS	PASS	SAME
libcxx/strings/basic.string/nodiscard.verify.cpp	PASS	PASS	SAME
libcxx/strings/basic.string/nonnull.verify.cpp	PASS	PASS	SAME
libcxx/strings/basic.string/sizeof.compile.pass.cpp	PASS	PASS	SAME
libcxx/strings/basic.string/string.access/assert.back.pass.cpp	UNSUPPORTED	UNSUPPORTED	SAME
libcxx/strings/basic.string/string.access/assert.cback.pass.cpp	UNSUPPORTED	UNSUPPORTED	SAME
libcxx/strings/basic.string/string.access/assert.cfront.pass.cpp	UNSUPPORTED	UNSUPPORTED	SAME
libcxx/strings/basic.string/string.access/assert.cindex.pass.cpp	UNSUPPORTED	UNSUPPORTED	SAME
libcxx/strings/basic.string/string.access/assert.front.pass.cpp	UNSUPPORTED	UNSUPPORTED	SAME
libcxx/strings/basic.string/string.access/assert.index.pass.cpp	UNSUPPORTED	UNSUPPORTED	SAME
libcxx/strings/basic.string/string.capacity/allocation_size.pass.cpp	PASS	PASS	SAME
libcxx/strings/basic.string/string.capacity/max_size.pass.cpp	PASS	PASS	SAME
libcxx/strings/basic.string/string.capacity/shrink_to_fit.pass.cpp	PASS	PASS	SAME
libcxx/strings/basic.string/string.cons/constinit_sso_string.compile.pass.cpp	PASS	PASS	SAME
libcxx/strings/basic.string/string.cons/copy_shrunk_long.pass.cpp	PASS	PASS	SAME
libcxx/strings/basic.string/string.cons/debug.iterator.substr.pass.cpp	UNSUPPORTED	UNSUPPORTED	SAME
libcxx/strings/basic.string/string.iterators/assert.iterator.add.pass.cpp	UNSUPPORTED	UNSUPPORTED	SAME
libcxx/strings/basic.string/string.iterators/assert.iterator.decrement.pass.cpp	UNSUPPORTED	UNSUPPORTED	SAME
libcxx/strings/basic.string/string.iterators/assert.iterator.dereference.pass.cpp	UNSUPPORTED	UNSUPPORTED	SAME
libcxx/strings/basic.string/string.iterators/assert.iterator.increment.pass.cpp	UNSUPPORTED	UNSUPPORTED	SAME
libcxx/strings/basic.string/string.iterators/assert.iterator.index.pass.cpp	UNSUPPORTED	UNSUPPORTED	SAME
libcxx/strings/basic.string/string.iterators/debug.iterator.compare.pass.cpp	UNSUPPORTED	UNSUPPORTED	SAME
libcxx/strings/basic.string/string.iterators/debug.iterator.subtract.pass.cpp	UNSUPPORTED	UNSUPPORTED	SAME
libcxx/strings/basic.string/string.modifiers/assert.erase_iter.null.pass.cpp	UNSUPPORTED	UNSUPPORTED	SAME
libcxx/strings/basic.string/string.modifiers/assert.pop_back.pass.cpp	UNSUPPORTED	UNSUPPORTED	SAME
libcxx/strings/basic.string/string.modifiers/debug.erase.iter.pass.cpp	UNSUPPORTED	UNSUPPORTED	SAME
libcxx/strings/basic.string/string.modifiers/debug.erase.iter_iter.pass.cpp	UNSUPPORTED	UNSUPPORTED	SAME
libcxx/strings/basic.string/string.modifiers/debug.insert.iter_char.pass.cpp	UNSUPPORTED	UNSUPPORTED	SAME
libcxx/strings/basic.string/string.modifiers/debug.insert.iter_iter_iter.pass.cpp	UNSUPPORTED	UNSUPPORTED	SAME
libcxx/strings/basic.string/string.modifiers/debug.insert.iter_size_char.pass.cpp	UNSUPPORTED	UNSUPPORTED	SAME
libcxx/strings/c.strings/constexpr.cstring.compile.pass.cpp	PASS	PASS	SAME
libcxx/strings/c.strings/constexpr.cwchar.compile.pass.cpp	PASS	PASS	SAME
libcxx/strings/c.strings/constexpr_memmove.pass.cpp	PASS	PASS	SAME
libcxx/strings/char.traits/nodiscard.verify.cpp	PASS	PASS	SAME
libcxx/strings/string.view/assert.ctor.length.pass.cpp	UNSUPPORTED	UNSUPPORTED	SAME
libcxx/strings/string.view/assert.ctor.pointer.pass.cpp	UNSUPPORTED	UNSUPPORTED	SAME
libcxx/strings/string.view/nodiscard.verify.cpp	PASS	PASS	SAME
libcxx/strings/string.view/nonnull.verify.cpp	PASS	PASS	SAME
libcxx/strings/string.view/string.view.iterators/assert.iterator-indexing.pass.cpp	UNSUPPORTED	UNSUPPORTED	SAME
libcxx/system_reserved_names.gen.py/algorithm.compile.pass.cpp	PASS	PASS	SAME
libcxx/system_reserved_names.gen.py/any.compile.pass.cpp	PASS	PASS	SAME
libcxx/system_reserved_names.gen.py/array.compile.pass.cpp	PASS	PASS	SAME
libcxx/system_reserved_names.gen.py/atomic.compile.pass.cpp	PASS	PASS	SAME
libcxx/system_reserved_names.gen.py/barrier.compile.pass.cpp	PASS	PASS	SAME
libcxx/system_reserved_names.gen.py/bit.compile.pass.cpp	PASS	PASS	SAME
libcxx/system_reserved_names.gen.py/bitset.compile.pass.cpp	PASS	PASS	SAME
libcxx/system_reserved_names.gen.py/cassert.compile.pass.cpp	PASS	PASS	SAME
libcxx/system_reserved_names.gen.py/ccomplex.compile.pass.cpp	PASS	PASS	SAME
libcxx/system_reserved_names.gen.py/cctype.compile.pass.cpp	PASS	PASS	SAME
libcxx/system_reserved_names.gen.py/cerrno.compile.pass.cpp	PASS	PASS	SAME
libcxx/system_reserved_names.gen.py/cfenv.compile.pass.cpp	PASS	PASS	SAME
libcxx/system_reserved_names.gen.py/cfloat.compile.pass.cpp	PASS	PASS	SAME
libcxx/system_reserved_names.gen.py/charconv.compile.pass.cpp	PASS	PASS	SAME
libcxx/system_reserved_names.gen.py/chrono.compile.pass.cpp	PASS	PASS	SAME
libcxx/system_reserved_names.gen.py/cinttypes.compile.pass.cpp	PASS	PASS	SAME
libcxx/system_reserved_names.gen.py/ciso646.compile.pass.cpp	PASS	PASS	SAME
libcxx/system_reserved_names.gen.py/climits.compile.pass.cpp	PASS	PASS	SAME
libcxx/system_reserved_names.gen.py/clocale.compile.pass.cpp	PASS	PASS	SAME
libcxx/system_reserved_names.gen.py/cmath.compile.pass.cpp	PASS	PASS	SAME
libcxx/system_reserved_names.gen.py/codecvt.compile.pass.cpp	PASS	PASS	SAME
libcxx/system_reserved_names.gen.py/compare.compile.pass.cpp	PASS	PASS	SAME
libcxx/system_reserved_names.gen.py/complex.compile.pass.cpp	PASS	PASS	SAME
libcxx/system_reserved_names.gen.py/complex.h.compile.pass.cpp	PASS	PASS	SAME
libcxx/system_reserved_names.gen.py/concepts.compile.pass.cpp	PASS	PASS	SAME
libcxx/system_reserved_names.gen.py/condition_variable.compile.pass.cpp	PASS	PASS	SAME
libcxx/system_reserved_names.gen.py/coroutine.compile.pass.cpp	PASS	PASS	SAME
libcxx/system_reserved_names.gen.py/csetjmp.compile.pass.cpp	PASS	PASS	SAME
libcxx/system_reserved_names.gen.py/csignal.compile.pass.cpp	PASS	PASS	SAME
libcxx/system_reserved_names.gen.py/cstdalign.compile.pass.cpp	PASS	PASS	SAME
libcxx/system_reserved_names.gen.py/cstdarg.compile.pass.cpp	PASS	PASS	SAME
libcxx/system_reserved_names.gen.py/cstdbool.compile.pass.cpp	PASS	PASS	SAME
libcxx/system_reserved_names.gen.py/cstddef.compile.pass.cpp	PASS	PASS	SAME
libcxx/system_reserved_names.gen.py/cstdint.compile.pass.cpp	PASS	PASS	SAME
libcxx/system_reserved_names.gen.py/cstdio.compile.pass.cpp	PASS	PASS	SAME
libcxx/system_reserved_names.gen.py/cstdlib.compile.pass.cpp	PASS	PASS	SAME
libcxx/system_reserved_names.gen.py/cstring.compile.pass.cpp	PASS	PASS	SAME
libcxx/system_reserved_names.gen.py/ctgmath.compile.pass.cpp	PASS	PASS	SAME
libcxx/system_reserved_names.gen.py/ctime.compile.pass.cpp	PASS	PASS	SAME
libcxx/system_reserved_names.gen.py/ctype.h.compile.pass.cpp	PASS	PASS	SAME
libcxx/system_reserved_names.gen.py/cuchar.compile.pass.cpp	PASS	PASS	SAME
libcxx/system_reserved_names.gen.py/cwchar.compile.pass.cpp	PASS	PASS	SAME
libcxx/system_reserved_names.gen.py/cwctype.compile.pass.cpp	PASS	PASS	SAME
libcxx/system_reserved_names.gen.py/deque.compile.pass.cpp	PASS	PASS	SAME
libcxx/system_reserved_names.gen.py/errno.h.compile.pass.cpp	PASS	PASS	SAME
libcxx/system_reserved_names.gen.py/exception.compile.pass.cpp	PASS	PASS	SAME
libcxx/system_reserved_names.gen.py/execution.compile.pass.cpp	PASS	PASS	SAME
libcxx/system_reserved_names.gen.py/expected.compile.pass.cpp	PASS	PASS	SAME
libcxx/system_reserved_names.gen.py/experimental/iterator.compile.pass.cpp	PASS	PASS	SAME
libcxx/system_reserved_names.gen.py/experimental/memory.compile.pass.cpp	PASS	PASS	SAME
libcxx/system_reserved_names.gen.py/experimental/propagate_const.compile.pass.cpp	PASS	PASS	SAME
libcxx/system_reserved_names.gen.py/experimental/simd.compile.pass.cpp	PASS	PASS	SAME
libcxx/system_reserved_names.gen.py/experimental/type_traits.compile.pass.cpp	PASS	PASS	SAME
libcxx/system_reserved_names.gen.py/experimental/utility.compile.pass.cpp	PASS	PASS	SAME
libcxx/system_reserved_names.gen.py/fenv.h.compile.pass.cpp	PASS	PASS	SAME
libcxx/system_reserved_names.gen.py/filesystem.compile.pass.cpp	PASS	PASS	SAME
libcxx/system_reserved_names.gen.py/flat_map.compile.pass.cpp	PASS	PASS	SAME
libcxx/system_reserved_names.gen.py/flat_set.compile.pass.cpp	PASS	PASS	SAME
libcxx/system_reserved_names.gen.py/float.h.compile.pass.cpp	PASS	PASS	SAME
libcxx/system_reserved_names.gen.py/format.compile.pass.cpp	PASS	PASS	SAME
libcxx/system_reserved_names.gen.py/forward_list.compile.pass.cpp	PASS	PASS	SAME
libcxx/system_reserved_names.gen.py/fstream.compile.pass.cpp	PASS	PASS	SAME
libcxx/system_reserved_names.gen.py/functional.compile.pass.cpp	PASS	PASS	SAME
libcxx/system_reserved_names.gen.py/future.compile.pass.cpp	PASS	PASS	SAME
libcxx/system_reserved_names.gen.py/initializer_list.compile.pass.cpp	PASS	PASS	SAME
libcxx/system_reserved_names.gen.py/inttypes.h.compile.pass.cpp	PASS	PASS	SAME
libcxx/system_reserved_names.gen.py/iomanip.compile.pass.cpp	PASS	PASS	SAME
libcxx/system_reserved_names.gen.py/ios.compile.pass.cpp	PASS	PASS	SAME
libcxx/system_reserved_names.gen.py/iosfwd.compile.pass.cpp	PASS	PASS	SAME
libcxx/system_reserved_names.gen.py/iostream.compile.pass.cpp	PASS	PASS	SAME
libcxx/system_reserved_names.gen.py/istream.compile.pass.cpp	PASS	PASS	SAME
libcxx/system_reserved_names.gen.py/iterator.compile.pass.cpp	PASS	PASS	SAME
libcxx/system_reserved_names.gen.py/latch.compile.pass.cpp	PASS	PASS	SAME
libcxx/system_reserved_names.gen.py/limits.compile.pass.cpp	PASS	PASS	SAME
libcxx/system_reserved_names.gen.py/list.compile.pass.cpp	PASS	PASS	SAME
libcxx/system_reserved_names.gen.py/locale.compile.pass.cpp	PASS	PASS	SAME
libcxx/system_reserved_names.gen.py/map.compile.pass.cpp	PASS	PASS	SAME
libcxx/system_reserved_names.gen.py/math.h.compile.pass.cpp	PASS	PASS	SAME
libcxx/system_reserved_names.gen.py/mdspan.compile.pass.cpp	PASS	PASS	SAME
libcxx/system_reserved_names.gen.py/memory.compile.pass.cpp	PASS	PASS	SAME
libcxx/system_reserved_names.gen.py/memory_resource.compile.pass.cpp	PASS	PASS	SAME
libcxx/system_reserved_names.gen.py/mutex.compile.pass.cpp	PASS	PASS	SAME
libcxx/system_reserved_names.gen.py/new.compile.pass.cpp	PASS	PASS	SAME
libcxx/system_reserved_names.gen.py/numbers.compile.pass.cpp	PASS	PASS	SAME
libcxx/system_reserved_names.gen.py/numeric.compile.pass.cpp	PASS	PASS	SAME
libcxx/system_reserved_names.gen.py/optional.compile.pass.cpp	PASS	PASS	SAME
libcxx/system_reserved_names.gen.py/ostream.compile.pass.cpp	PASS	PASS	SAME
libcxx/system_reserved_names.gen.py/print.compile.pass.cpp	PASS	PASS	SAME
libcxx/system_reserved_names.gen.py/queue.compile.pass.cpp	PASS	PASS	SAME
libcxx/system_reserved_names.gen.py/random.compile.pass.cpp	PASS	PASS	SAME
libcxx/system_reserved_names.gen.py/ranges.compile.pass.cpp	PASS	PASS	SAME
libcxx/system_reserved_names.gen.py/ratio.compile.pass.cpp	PASS	PASS	SAME
libcxx/system_reserved_names.gen.py/regex.compile.pass.cpp	PASS	PASS	SAME
libcxx/system_reserved_names.gen.py/scoped_allocator.compile.pass.cpp	PASS	PASS	SAME
libcxx/system_reserved_names.gen.py/semaphore.compile.pass.cpp	PASS	PASS	SAME
libcxx/system_reserved_names.gen.py/set.compile.pass.cpp	PASS	PASS	SAME
libcxx/system_reserved_names.gen.py/shared_mutex.compile.pass.cpp	PASS	PASS	SAME
libcxx/system_reserved_names.gen.py/source_location.compile.pass.cpp	PASS	PASS	SAME
libcxx/system_reserved_names.gen.py/span.compile.pass.cpp	PASS	PASS	SAME
libcxx/system_reserved_names.gen.py/sstream.compile.pass.cpp	PASS	PASS	SAME
libcxx/system_reserved_names.gen.py/stack.compile.pass.cpp	PASS	PASS	SAME
libcxx/system_reserved_names.gen.py/stdatomic.h.compile.pass.cpp	PASS	PASS	SAME
libcxx/system_reserved_names.gen.py/stddef.h.compile.pass.cpp	PASS	PASS	SAME
libcxx/system_reserved_names.gen.py/stdexcept.compile.pass.cpp	PASS	PASS	SAME
libcxx/system_reserved_names.gen.py/stdio.h.compile.pass.cpp	PASS	PASS	SAME
libcxx/system_reserved_names.gen.py/stdlib.h.compile.pass.cpp	PASS	PASS	SAME
libcxx/system_reserved_names.gen.py/stop_token.compile.pass.cpp	PASS	PASS	SAME
libcxx/system_reserved_names.gen.py/streambuf.compile.pass.cpp	PASS	PASS	SAME
libcxx/system_reserved_names.gen.py/string.compile.pass.cpp	PASS	PASS	SAME
libcxx/system_reserved_names.gen.py/string.h.compile.pass.cpp	PASS	PASS	SAME
libcxx/system_reserved_names.gen.py/string_view.compile.pass.cpp	PASS	PASS	SAME
libcxx/system_reserved_names.gen.py/strstream.compile.pass.cpp	PASS	PASS	SAME
libcxx/system_reserved_names.gen.py/syncstream.compile.pass.cpp	PASS	PASS	SAME
libcxx/system_reserved_names.gen.py/system_error.compile.pass.cpp	PASS	PASS	SAME
libcxx/system_reserved_names.gen.py/tgmath.h.compile.pass.cpp	PASS	PASS	SAME
libcxx/system_reserved_names.gen.py/thread.compile.pass.cpp	PASS	PASS	SAME
libcxx/system_reserved_names.gen.py/tuple.compile.pass.cpp	PASS	PASS	SAME
libcxx/system_reserved_names.gen.py/type_traits.compile.pass.cpp	PASS	PASS	SAME
libcxx/system_reserved_names.gen.py/typeindex.compile.pass.cpp	PASS	PASS	SAME
libcxx/system_reserved_names.gen.py/typeinfo.compile.pass.cpp	PASS	PASS	SAME
libcxx/system_reserved_names.gen.py/uchar.h.compile.pass.cpp	PASS	PASS	SAME
libcxx/system_reserved_names.gen.py/unordered_map.compile.pass.cpp	PASS	PASS	SAME
libcxx/system_reserved_names.gen.py/unordered_set.compile.pass.cpp	PASS	PASS	SAME
libcxx/system_reserved_names.gen.py/utility.compile.pass.cpp	PASS	PASS	SAME
libcxx/system_reserved_names.gen.py/valarray.compile.pass.cpp	PASS	PASS	SAME
libcxx/system_reserved_names.gen.py/variant.compile.pass.cpp	PASS	PASS	SAME
libcxx/system_reserved_names.gen.py/vector.compile.pass.cpp	PASS	PASS	SAME
libcxx/system_reserved_names.gen.py/version.compile.pass.cpp	PASS	PASS	SAME
libcxx/system_reserved_names.gen.py/wchar.h.compile.pass.cpp	PASS	PASS	SAME
libcxx/system_reserved_names.gen.py/wctype.h.compile.pass.cpp	PASS	PASS	SAME
libcxx/thread/futures/futures.promise/assert.set_exception.pass.cpp	UNSUPPORTED	UNSUPPORTED	SAME
libcxx/thread/futures/futures.promise/assert.set_exception_at_thread_exit.pass.cpp	UNSUPPORTED	UNSUPPORTED	SAME
libcxx/thread/nodiscard.verify.cpp	PASS	PASS	SAME
libcxx/thread/thread.barrier/assert.arrive.pass.cpp	UNSUPPORTED	UNSUPPORTED	SAME
libcxx/thread/thread.barrier/assert.ctor.pass.cpp	UNSUPPORTED	UNSUPPORTED	SAME
libcxx/thread/thread.condition/PR30202_notify_from_pthread_created_thread.pass.cpp	PASS	PASS	SAME
libcxx/thread/thread.condition/thread.condition.condvar/native_handle.pass.cpp	PASS	PASS	SAME
libcxx/thread/thread.latch/assert.arrive_and_wait.pass.cpp	UNSUPPORTED	UNSUPPORTED	SAME
libcxx/thread/thread.latch/assert.count_down.pass.cpp	UNSUPPORTED	UNSUPPORTED	SAME
libcxx/thread/thread.latch/assert.ctor.pass.cpp	UNSUPPORTED	UNSUPPORTED	SAME
libcxx/thread/thread.mutex/thread.mutex.requirements/thread.mutex.requirements.mutex/thread.mutex.class/native_handle.pass.cpp	PASS	PASS	SAME
libcxx/thread/thread.mutex/thread.mutex.requirements/thread.mutex.requirements.mutex/thread.mutex.recursive/native_handle.pass.cpp	PASS	PASS	SAME
libcxx/thread/thread.semaphore/assert.ctor.pass.cpp	UNSUPPORTED	UNSUPPORTED	SAME
libcxx/thread/thread.semaphore/assert.release.pass.cpp	UNSUPPORTED	UNSUPPORTED	SAME
libcxx/thread/thread.shared_mutex/thread_safety.verify.cpp	PASS	PASS	SAME
libcxx/thread/thread.shared_timed_mutex/thread_safety.verify.cpp	PASS	PASS	SAME
libcxx/thread/thread.stoptoken/atomic_unique_lock.pass.cpp	PASS	PASS	SAME
libcxx/thread/thread.stoptoken/intrusive_list_view.pass.cpp	PASS	PASS	SAME
libcxx/thread/thread.stoptoken/intrusive_shared_ptr.pass.cpp	PASS	PASS	SAME
libcxx/thread/thread.threads/create_late.pass.cpp	PASS	PASS	SAME
libcxx/thread/thread.threads/thread.thread.class/thread.thread.member/native_handle.pass.cpp	PASS	PASS	SAME
libcxx/thread/thread.threads/thread.thread.class/types.pass.cpp	PASS	PASS	SAME
libcxx/time/convert_to_tm.pass.cpp	PASS	PASS	SAME
libcxx/time/nodiscard.verify.cpp	PASS	PASS	SAME
libcxx/time/time.clock/time.clock.gps/time.clock.gps.members/assert.from_utc.pass.cpp	UNSUPPORTED	UNSUPPORTED	SAME
libcxx/time/time.clock/time.clock.gps/time.clock.gps.members/assert.to_utc.pass.cpp	UNSUPPORTED	UNSUPPORTED	SAME
libcxx/time/time.clock/time.clock.tai/time.clock.tai.members/assert.from_utc.pass.cpp	UNSUPPORTED	UNSUPPORTED	SAME
libcxx/time/time.clock/time.clock.tai/time.clock.tai.members/assert.to_utc.pass.cpp	UNSUPPORTED	UNSUPPORTED	SAME
libcxx/time/time.clock/time.clock.utc/get_leap_second_info.pass.cpp	PASS	PASS	SAME
libcxx/time/time.clock/time.clock.utc/time.clock.utc.members/from_sys.pass.cpp	PASS	PASS	SAME
libcxx/time/time.clock/time.clock.utc/time.clock.utc.members/to_sys.pass.cpp	PASS	PASS	SAME
libcxx/time/time.traits/is.clock.verify.cpp	PASS	PASS	SAME
libcxx/time/time.zone/time.zone.db/leap_seconds.pass.cpp	PASS	PASS	SAME
libcxx/time/time.zone/time.zone.db/links.pass.cpp	PASS	PASS	SAME
libcxx/time/time.zone/time.zone.db/rules.pass.cpp	PASS	PASS	SAME
libcxx/time/time.zone/time.zone.db/time.zone.db.list/erase_after.pass.cpp	PASS	PASS	SAME
libcxx/time/time.zone/time.zone.db/time.zone.db.remote/reload_tzdb.pass.cpp	PASS	PASS	SAME
libcxx/time/time.zone/time.zone.db/time.zone.db.tzdb/locate_zone.pass.cpp	PASS	PASS	SAME
libcxx/time/time.zone/time.zone.db/version.pass.cpp	PASS	PASS	SAME
libcxx/time/time.zone/time.zone.db/zones.pass.cpp	PASS	PASS	SAME
libcxx/time/time.zone/time.zone.exception/time.zone.exception.ambig/assert.ctor.pass.cpp	UNSUPPORTED	UNSUPPORTED	SAME
libcxx/time/time.zone/time.zone.exception/time.zone.exception.nonexist/assert.ctor.pass.cpp	UNSUPPORTED	UNSUPPORTED	SAME
libcxx/time/time.zone/time.zone.info/time.zone.info.local/ostream.pass.cpp	PASS	PASS	SAME
libcxx/time/time.zone/time.zone.info/time.zone.info.sys/ostream.pass.cpp	PASS	PASS	SAME
libcxx/time/time.zone/time.zone.timezone/choose.pass.cpp	PASS	PASS	SAME
libcxx/time/time.zone/time.zone.timezone/time.zone.members/assert.to_local.pass.cpp	UNSUPPORTED	UNSUPPORTED	SAME
libcxx/time/time.zone/time.zone.timezone/time.zone.members/assert.to_sys.pass.cpp	UNSUPPORTED	UNSUPPORTED	SAME
libcxx/time/time.zone/time.zone.timezone/time.zone.members/assert.to_sys_choose.pass.cpp	UNSUPPORTED	UNSUPPORTED	SAME
libcxx/time/time.zone/time.zone.timezone/time.zone.members/get_info.sys_time.pass.cpp	PASS	PASS	SAME
libcxx/time/time.zone/time.zone.timezone/time.zone.members/get_info.sys_time.rule_selection.pass.cpp	PASS	PASS	SAME
libcxx/transitive_includes.gen.py/algorithm.sh.cpp	PASS	PASS	SAME
libcxx/transitive_includes.gen.py/any.sh.cpp	PASS	PASS	SAME
libcxx/transitive_includes.gen.py/array.sh.cpp	PASS	PASS	SAME
libcxx/transitive_includes.gen.py/atomic.sh.cpp	PASS	PASS	SAME
libcxx/transitive_includes.gen.py/barrier.sh.cpp	PASS	PASS	SAME
libcxx/transitive_includes.gen.py/bit.sh.cpp	PASS	PASS	SAME
libcxx/transitive_includes.gen.py/bitset.sh.cpp	PASS	PASS	SAME
libcxx/transitive_includes.gen.py/cassert.sh.cpp	PASS	PASS	SAME
libcxx/transitive_includes.gen.py/ccomplex.sh.cpp	PASS	PASS	SAME
libcxx/transitive_includes.gen.py/cctype.sh.cpp	PASS	PASS	SAME
libcxx/transitive_includes.gen.py/cerrno.sh.cpp	PASS	PASS	SAME
libcxx/transitive_includes.gen.py/cfenv.sh.cpp	PASS	PASS	SAME
libcxx/transitive_includes.gen.py/cfloat.sh.cpp	PASS	PASS	SAME
libcxx/transitive_includes.gen.py/charconv.sh.cpp	PASS	PASS	SAME
libcxx/transitive_includes.gen.py/chrono.sh.cpp	PASS	PASS	SAME
libcxx/transitive_includes.gen.py/cinttypes.sh.cpp	PASS	PASS	SAME
libcxx/transitive_includes.gen.py/ciso646.sh.cpp	PASS	PASS	SAME
libcxx/transitive_includes.gen.py/climits.sh.cpp	PASS	PASS	SAME
libcxx/transitive_includes.gen.py/clocale.sh.cpp	PASS	PASS	SAME
libcxx/transitive_includes.gen.py/cmath.sh.cpp	PASS	PASS	SAME
libcxx/transitive_includes.gen.py/codecvt.sh.cpp	PASS	PASS	SAME
libcxx/transitive_includes.gen.py/compare.sh.cpp	PASS	PASS	SAME
libcxx/transitive_includes.gen.py/complex.sh.cpp	PASS	PASS	SAME
libcxx/transitive_includes.gen.py/concepts.sh.cpp	PASS	PASS	SAME
libcxx/transitive_includes.gen.py/condition_variable.sh.cpp	PASS	PASS	SAME
libcxx/transitive_includes.gen.py/coroutine.sh.cpp	PASS	PASS	SAME
libcxx/transitive_includes.gen.py/csetjmp.sh.cpp	PASS	PASS	SAME
libcxx/transitive_includes.gen.py/csignal.sh.cpp	PASS	PASS	SAME
libcxx/transitive_includes.gen.py/cstdalign.sh.cpp	PASS	PASS	SAME
libcxx/transitive_includes.gen.py/cstdarg.sh.cpp	PASS	PASS	SAME
libcxx/transitive_includes.gen.py/cstdbool.sh.cpp	PASS	PASS	SAME
libcxx/transitive_includes.gen.py/cstddef.sh.cpp	PASS	PASS	SAME
libcxx/transitive_includes.gen.py/cstdint.sh.cpp	PASS	PASS	SAME
libcxx/transitive_includes.gen.py/cstdio.sh.cpp	PASS	PASS	SAME
libcxx/transitive_includes.gen.py/cstdlib.sh.cpp	PASS	PASS	SAME
libcxx/transitive_includes.gen.py/cstring.sh.cpp	PASS	PASS	SAME
libcxx/transitive_includes.gen.py/ctgmath.sh.cpp	PASS	PASS	SAME
libcxx/transitive_includes.gen.py/ctime.sh.cpp	PASS	PASS	SAME
libcxx/transitive_includes.gen.py/cuchar.sh.cpp	PASS	PASS	SAME
libcxx/transitive_includes.gen.py/cwchar.sh.cpp	PASS	PASS	SAME
libcxx/transitive_includes.gen.py/cwctype.sh.cpp	PASS	PASS	SAME
libcxx/transitive_includes.gen.py/deque.sh.cpp	PASS	PASS	SAME
libcxx/transitive_includes.gen.py/exception.sh.cpp	PASS	PASS	SAME
libcxx/transitive_includes.gen.py/execution.sh.cpp	PASS	PASS	SAME
libcxx/transitive_includes.gen.py/expected.sh.cpp	PASS	PASS	SAME
libcxx/transitive_includes.gen.py/experimental/iterator.sh.cpp	PASS	PASS	SAME
libcxx/transitive_includes.gen.py/experimental/memory.sh.cpp	PASS	PASS	SAME
libcxx/transitive_includes.gen.py/experimental/propagate_const.sh.cpp	PASS	PASS	SAME
libcxx/transitive_includes.gen.py/experimental/simd.sh.cpp	PASS	PASS	SAME
libcxx/transitive_includes.gen.py/experimental/type_traits.sh.cpp	PASS	PASS	SAME
libcxx/transitive_includes.gen.py/experimental/utility.sh.cpp	PASS	PASS	SAME
libcxx/transitive_includes.gen.py/filesystem.sh.cpp	PASS	PASS	SAME
libcxx/transitive_includes.gen.py/flat_map.sh.cpp	PASS	PASS	SAME
libcxx/transitive_includes.gen.py/flat_set.sh.cpp	PASS	PASS	SAME
libcxx/transitive_includes.gen.py/format.sh.cpp	PASS	PASS	SAME
libcxx/transitive_includes.gen.py/forward_list.sh.cpp	PASS	PASS	SAME
libcxx/transitive_includes.gen.py/fstream.sh.cpp	PASS	PASS	SAME
libcxx/transitive_includes.gen.py/functional.sh.cpp	PASS	PASS	SAME
libcxx/transitive_includes.gen.py/future.sh.cpp	PASS	PASS	SAME
libcxx/transitive_includes.gen.py/initializer_list.sh.cpp	PASS	PASS	SAME
libcxx/transitive_includes.gen.py/iomanip.sh.cpp	PASS	PASS	SAME
libcxx/transitive_includes.gen.py/ios.sh.cpp	PASS	PASS	SAME
libcxx/transitive_includes.gen.py/iosfwd.sh.cpp	PASS	PASS	SAME
libcxx/transitive_includes.gen.py/iostream.sh.cpp	PASS	PASS	SAME
libcxx/transitive_includes.gen.py/istream.sh.cpp	PASS	PASS	SAME
libcxx/transitive_includes.gen.py/iterator.sh.cpp	PASS	PASS	SAME
libcxx/transitive_includes.gen.py/latch.sh.cpp	PASS	PASS	SAME
libcxx/transitive_includes.gen.py/limits.sh.cpp	PASS	PASS	SAME
libcxx/transitive_includes.gen.py/list.sh.cpp	PASS	PASS	SAME
libcxx/transitive_includes.gen.py/locale.sh.cpp	PASS	PASS	SAME
libcxx/transitive_includes.gen.py/map.sh.cpp	PASS	PASS	SAME
libcxx/transitive_includes.gen.py/mdspan.sh.cpp	PASS	PASS	SAME
libcxx/transitive_includes.gen.py/memory.sh.cpp	PASS	PASS	SAME
libcxx/transitive_includes.gen.py/memory_resource.sh.cpp	PASS	PASS	SAME
libcxx/transitive_includes.gen.py/mutex.sh.cpp	PASS	PASS	SAME
libcxx/transitive_includes.gen.py/new.sh.cpp	PASS	PASS	SAME
libcxx/transitive_includes.gen.py/numbers.sh.cpp	PASS	PASS	SAME
libcxx/transitive_includes.gen.py/numeric.sh.cpp	PASS	PASS	SAME
libcxx/transitive_includes.gen.py/optional.sh.cpp	PASS	PASS	SAME
libcxx/transitive_includes.gen.py/ostream.sh.cpp	PASS	PASS	SAME
libcxx/transitive_includes.gen.py/print.sh.cpp	PASS	PASS	SAME
libcxx/transitive_includes.gen.py/queue.sh.cpp	PASS	PASS	SAME
libcxx/transitive_includes.gen.py/random.sh.cpp	PASS	PASS	SAME
libcxx/transitive_includes.gen.py/ranges.sh.cpp	PASS	PASS	SAME
libcxx/transitive_includes.gen.py/ratio.sh.cpp	PASS	PASS	SAME
libcxx/transitive_includes.gen.py/regex.sh.cpp	PASS	PASS	SAME
libcxx/transitive_includes.gen.py/scoped_allocator.sh.cpp	PASS	PASS	SAME
libcxx/transitive_includes.gen.py/semaphore.sh.cpp	PASS	PASS	SAME
libcxx/transitive_includes.gen.py/set.sh.cpp	PASS	PASS	SAME
libcxx/transitive_includes.gen.py/shared_mutex.sh.cpp	PASS	PASS	SAME
libcxx/transitive_includes.gen.py/source_location.sh.cpp	PASS	PASS	SAME
libcxx/transitive_includes.gen.py/span.sh.cpp	PASS	PASS	SAME
libcxx/transitive_includes.gen.py/sstream.sh.cpp	PASS	PASS	SAME
libcxx/transitive_includes.gen.py/stack.sh.cpp	PASS	PASS	SAME
libcxx/transitive_includes.gen.py/stdexcept.sh.cpp	PASS	PASS	SAME
libcxx/transitive_includes.gen.py/stop_token.sh.cpp	PASS	PASS	SAME
libcxx/transitive_includes.gen.py/streambuf.sh.cpp	PASS	PASS	SAME
libcxx/transitive_includes.gen.py/string.sh.cpp	PASS	PASS	SAME
libcxx/transitive_includes.gen.py/string_view.sh.cpp	PASS	PASS	SAME
libcxx/transitive_includes.gen.py/strstream.sh.cpp	PASS	PASS	SAME
libcxx/transitive_includes.gen.py/syncstream.sh.cpp	PASS	PASS	SAME
libcxx/transitive_includes.gen.py/system_error.sh.cpp	PASS	PASS	SAME
libcxx/transitive_includes.gen.py/thread.sh.cpp	PASS	PASS	SAME
libcxx/transitive_includes.gen.py/tuple.sh.cpp	PASS	PASS	SAME
libcxx/transitive_includes.gen.py/type_traits.sh.cpp	PASS	PASS	SAME
libcxx/transitive_includes.gen.py/typeindex.sh.cpp	PASS	PASS	SAME
libcxx/transitive_includes.gen.py/typeinfo.sh.cpp	PASS	PASS	SAME
libcxx/transitive_includes.gen.py/unordered_map.sh.cpp	PASS	PASS	SAME
libcxx/transitive_includes.gen.py/unordered_set.sh.cpp	PASS	PASS	SAME
libcxx/transitive_includes.gen.py/utility.sh.cpp	PASS	PASS	SAME
libcxx/transitive_includes.gen.py/valarray.sh.cpp	PASS	PASS	SAME
libcxx/transitive_includes.gen.py/variant.sh.cpp	PASS	PASS	SAME
libcxx/transitive_includes.gen.py/vector.sh.cpp	PASS	PASS	SAME
libcxx/transitive_includes.gen.py/version.sh.cpp	PASS	PASS	SAME
libcxx/type_traits/convert_to_integral.pass.cpp	PASS	PASS	SAME
libcxx/type_traits/datasizeof.compile.pass.cpp	PASS	PASS	SAME
libcxx/type_traits/desugars_to.compile.pass.cpp	PASS	PASS	SAME
libcxx/type_traits/is_always_bitcastable.compile.pass.cpp	PASS	PASS	SAME
libcxx/type_traits/is_callable.compile.pass.cpp	PASS	PASS	SAME
libcxx/type_traits/is_constant_evaluated.pass.cpp	PASS	PASS	SAME
libcxx/type_traits/is_implicitly_default_constructible.pass.cpp	PASS	PASS	SAME
libcxx/type_traits/is_pointer.arc.pass.mm	UNSUPPORTED	UNSUPPORTED	SAME
libcxx/type_traits/is_scalar.objc.pass.mm	PASS	PASS	SAME
libcxx/type_traits/is_specialization.compile.pass.cpp	PASS	PASS	SAME
libcxx/type_traits/is_specialization.verify.cpp	PASS	PASS	SAME
libcxx/type_traits/is_trivially_comparable.compile.pass.cpp	PASS	PASS	SAME
libcxx/type_traits/is_trivially_relocatable.compile.pass.cpp	PASS	PASS	SAME
libcxx/type_traits/lazy_metafunctions.pass.cpp	PASS	PASS	SAME
libcxx/type_traits/no_specializations.verify.cpp	PASS	PASS	SAME
libcxx/utilities/allocator.adaptor/scoped_allocator.nodiscard.verify.cpp	PASS	PASS	SAME
libcxx/utilities/any/nodiscard.verify.cpp	PASS	PASS	SAME
libcxx/utilities/any/size_and_alignment.pass.cpp	PASS	PASS	SAME
libcxx/utilities/any/small_type.pass.cpp	PASS	PASS	SAME
libcxx/utilities/assert.exception_guard.no_exceptions.pass.cpp	UNSUPPORTED	UNSUPPORTED	SAME
libcxx/utilities/bit/nodiscard.verify.cpp	PASS	PASS	SAME
libcxx/utilities/exception_guard.no_exceptions.pass.cpp	PASS	PASS	SAME
libcxx/utilities/exception_guard.odr.sh.cpp	PASS	PASS	SAME
libcxx/utilities/exception_guard.pass.cpp	PASS	PASS	SAME
libcxx/utilities/expected/expected.expected/and_then.mandates.verify.cpp	PASS	PASS	SAME
libcxx/utilities/expected/expected.expected/assert.arrow.pass.cpp	UNSUPPORTED	UNSUPPORTED	SAME
libcxx/utilities/expected/expected.expected/assert.deref.pass.cpp	UNSUPPORTED	UNSUPPORTED	SAME
libcxx/utilities/expected/expected.expected/assert.error.pass.cpp	UNSUPPORTED	UNSUPPORTED	SAME
libcxx/utilities/expected/expected.expected/error_or.mandates.verify.cpp	PASS	PASS	SAME
libcxx/utilities/expected/expected.expected/no_unique_address.compile.pass.cpp	PASS	PASS	SAME
libcxx/utilities/expected/expected.expected/noexcept.extension.compile.pass.cpp	PASS	PASS	SAME
libcxx/utilities/expected/expected.expected/or_else.mandates.verify.cpp	PASS	PASS	SAME
libcxx/utilities/expected/expected.expected/transform_error.mandates.verify.cpp	PASS	PASS	SAME
libcxx/utilities/expected/expected.expected/value.observers.verify.cpp	PASS	PASS	SAME
libcxx/utilities/expected/expected.expected/value_or.mandates.verify.cpp	PASS	PASS	SAME
libcxx/utilities/expected/expected.unexpected/class.mandates.verify.cpp	PASS	PASS	SAME
libcxx/utilities/expected/expected.unexpected/noexcept.extension.compile.pass.cpp	PASS	PASS	SAME
libcxx/utilities/expected/expected.unexpected/swap.mandates.verify.cpp	PASS	PASS	SAME
libcxx/utilities/expected/expected.void/and_then.mandates.verify.cpp	PASS	PASS	SAME
libcxx/utilities/expected/expected.void/assert.deref.pass.cpp	UNSUPPORTED	UNSUPPORTED	SAME
libcxx/utilities/expected/expected.void/assert.error.pass.cpp	UNSUPPORTED	UNSUPPORTED	SAME
libcxx/utilities/expected/expected.void/error_or.mandates.verify.cpp	PASS	PASS	SAME
libcxx/utilities/expected/expected.void/no_unique_address.compile.pass.cpp	PASS	PASS	SAME
libcxx/utilities/expected/expected.void/noexcept.extension.compile.pass.cpp	PASS	PASS	SAME
libcxx/utilities/expected/expected.void/or_else.mandates.verify.cpp	PASS	PASS	SAME
libcxx/utilities/expected/expected.void/transform_error.mandates.verify.cpp	PASS	PASS	SAME
libcxx/utilities/expected/expected.void/value.lwg3940.verify.cpp	PASS	PASS	SAME
libcxx/utilities/expected/nodiscard.verify.cpp	PASS	PASS	SAME
libcxx/utilities/expol/policies.compile.pass.cpp	PASS	PASS	SAME
libcxx/utilities/format/enable_insertable.compile.pass.cpp	PASS	PASS	SAME
libcxx/utilities/format/format.arguments/format.arg/arg_t.compile.pass.cpp	PASS	PASS	SAME
libcxx/utilities/format/format.arguments/format.arg/assert.array.pass.cpp	UNSUPPORTED	UNSUPPORTED	SAME
libcxx/utilities/format/format.formatter/format.context/types.compile.pass.cpp	PASS	PASS	SAME
libcxx/utilities/format/format.functions/ascii.pass.cpp	UNSUPPORTED	UNSUPPORTED	SAME
libcxx/utilities/format/format.functions/escaped_output.ascii.pass.cpp	UNSUPPORTED	UNSUPPORTED	SAME
libcxx/utilities/format/format.string/format.string.std/code_point_width_estimation.pass.cpp	PASS	PASS	SAME
libcxx/utilities/format/format.string/format.string.std/escaped_output.pass.cpp	PASS	PASS	SAME
libcxx/utilities/format/format.string/format.string.std/extended_grapheme_cluster.pass.cpp	PASS	PASS	SAME
libcxx/utilities/format/no_specializations.verify.cpp	PASS	PASS	SAME
libcxx/utilities/format/nodiscard.verify.cpp	PASS	PASS	SAME
libcxx/utilities/function.objects/func.bind.partial/bind_back.pass.cpp	PASS	PASS	SAME
libcxx/utilities/function.objects/func.bind.partial/compose.pass.cpp	PASS	PASS	SAME
libcxx/utilities/function.objects/func.blocks.arc.pass.mm	UNSUPPORTED	UNSUPPORTED	SAME
libcxx/utilities/function.objects/func.blocks.pass.cpp	UNSUPPORTED	UNSUPPORTED	SAME
libcxx/utilities/function.objects/func.not.fn/not_fn.nttp.compile.pass.cpp	PASS	PASS	SAME
libcxx/utilities/function.objects/func.not.fn/not_fn.nttp.nodiscard.verify.cpp	PASS	PASS	SAME
libcxx/utilities/function.objects/func.require/bullet_1_2_3.pass.cpp	PASS	PASS	SAME
libcxx/utilities/function.objects/func.require/bullet_4_5_6.pass.cpp	PASS	PASS	SAME
libcxx/utilities/function.objects/func.require/bullet_7.pass.cpp	PASS	PASS	SAME
libcxx/utilities/function.objects/func.require/invoke.pass.cpp	PASS	PASS	SAME
libcxx/utilities/function.objects/func.wrap/func.wrap.func/func.wrap.func.con/move_reentrant.pass.cpp	PASS	PASS	SAME
libcxx/utilities/function.objects/func.wrap/func.wrap.func/func.wrap.func.con/nullptr_t_assign_reentrant.pass.cpp	PASS	PASS	SAME
libcxx/utilities/function.objects/lifetimebound.verify.cpp	PASS	PASS	SAME
libcxx/utilities/function.objects/nodiscard.verify.cpp	PASS	PASS	SAME
libcxx/utilities/function.objects/refwrap/desugars_to.compile.pass.cpp	PASS	PASS	SAME
libcxx/utilities/function.objects/refwrap/layout.binary.compile.pass.cpp	PASS	PASS	SAME
libcxx/utilities/function.objects/refwrap/layout.unary.compile.pass.cpp	PASS	PASS	SAME
libcxx/utilities/function.objects/unord.hash/murmur2_or_cityhash_ubsan_unsigned_overflow_ignored.pass.cpp	PASS	PASS	SAME
libcxx/utilities/intseq/for_each_index_sequence.pass.cpp	PASS	PASS	SAME
libcxx/utilities/intseq/nodiscard.verify.cpp	PASS	PASS	SAME
libcxx/utilities/is_pointer_in_range.pass.cpp	PASS	PASS	SAME
libcxx/utilities/is_valid_range.pass.cpp	PASS	PASS	SAME
libcxx/utilities/memory/nodiscard.verify.cpp	PASS	PASS	SAME
libcxx/utilities/memory/pointer.conversion/to_address.pass.cpp	PASS	PASS	SAME
libcxx/utilities/memory/pointer.conversion/to_address_on_funcptr.verify.cpp	PASS	PASS	SAME
libcxx/utilities/memory/pointer.conversion/to_address_on_function.verify.cpp	PASS	PASS	SAME
libcxx/utilities/memory/pointer.conversion/to_address_std_iterators.pass.cpp	PASS	PASS	SAME
libcxx/utilities/memory/ptr.align/assume_aligned.const_eval.verify.cpp	PASS	PASS	SAME
libcxx/utilities/memory/ptr.align/assume_aligned.power2.verify.cpp	PASS	PASS	SAME
libcxx/utilities/memory/util.smartptr/util.smartptr.shared/function_type_default_deleter.verify.cpp	PASS	PASS	SAME
libcxx/utilities/memory/util.smartptr/util.smartptr.shared/libcxx.control_block_layout.pass.cpp	PASS	PASS	SAME
libcxx/utilities/memory/util.smartptr/util.smartptr.shared/util.smartptr.shared.create/allocate_shared.array.zero_size.compile.fail.cpp	PASS	PASS	SAME
libcxx/utilities/memory/util.smartptr/util.smartptr.shared/util.smartptr.shared.create/make_shared.array.zero_size.compile.fail.cpp	PASS	PASS	SAME
libcxx/utilities/meta/is_referenceable.compile.pass.cpp	PASS	PASS	SAME
libcxx/utilities/meta/is_within_lifetime.verify.cpp	PASS	PASS	SAME
libcxx/utilities/meta/meta_base.pass.cpp	PASS	PASS	SAME
libcxx/utilities/no_destroy.pass.cpp	PASS	PASS	SAME
libcxx/utilities/optional/block.objc.pass.mm	PASS	PASS	SAME
libcxx/utilities/optional/nodiscard.verify.cpp	PASS	PASS	SAME
libcxx/utilities/optional/optional.object/optional.object.assign/copy.pass.cpp	PASS	PASS	SAME
libcxx/utilities/optional/optional.object/optional.object.assign/move.pass.cpp	PASS	PASS	SAME
libcxx/utilities/optional/optional.object/optional.object.ctor/copy.pass.cpp	PASS	PASS	SAME
libcxx/utilities/optional/optional.object/optional.object.ctor/move.pass.cpp	PASS	PASS	SAME
libcxx/utilities/optional/optional.object/optional.object.observe/assert.dereference.pass.cpp	UNSUPPORTED	UNSUPPORTED	SAME
libcxx/utilities/optional/optional.object/optional.object.observe/assert.op_arrow.pass.cpp	UNSUPPORTED	UNSUPPORTED	SAME
libcxx/utilities/optional/optional.object/optional.object.observe/value_or.compile.pass.cpp	PASS	PASS	SAME
libcxx/utilities/optional/optional.object/optional_size.pass.cpp	PASS	PASS	SAME
libcxx/utilities/optional/optional.object/triviality.abi.pass.cpp	PASS	PASS	SAME
libcxx/utilities/smartptr/nodiscard.verify.cpp	PASS	PASS	SAME
libcxx/utilities/smartptr/unique.ptr/null.pass.cpp	PASS	PASS	SAME
libcxx/utilities/template.bitset/assert.pass.cpp	UNSUPPORTED	UNSUPPORTED	SAME
libcxx/utilities/template.bitset/index_const.pass.cpp	PASS	PASS	SAME
libcxx/utilities/template.bitset/nodiscard.verify.cpp	PASS	PASS	SAME
libcxx/utilities/tuple/__tuple_like.compile.pass.cpp	PASS	PASS	SAME
libcxx/utilities/tuple/abi.compile.pass.cpp	PASS	PASS	SAME
libcxx/utilities/tuple/no_specializations.verify.cpp	PASS	PASS	SAME
libcxx/utilities/tuple/nodiscard.verify.cpp	PASS	PASS	SAME
libcxx/utilities/tuple/tuple.tuple/empty_member.pass.cpp	PASS	PASS	SAME
libcxx/utilities/tuple/tuple.tuple/tuple.assign/array.extension.pass.cpp	PASS	PASS	SAME
libcxx/utilities/tuple/tuple.tuple/tuple.assign/tuple_array_template_depth.pass.cpp	PASS	PASS	SAME
libcxx/utilities/tuple/tuple.tuple/tuple.cnstr/PR20855_tuple_ref_binding_diagnostics.verify.cpp	PASS	PASS	SAME
libcxx/utilities/utility/__is_inplace_index.pass.cpp	PASS	PASS	SAME
libcxx/utilities/utility/__is_inplace_type.pass.cpp	PASS	PASS	SAME
libcxx/utilities/utility/__murmur2_or_cityhash.abi-v1.pass.cpp	PASS	PASS	SAME
libcxx/utilities/utility/__murmur2_or_cityhash.abi-v2.pass.cpp	UNSUPPORTED	UNSUPPORTED	SAME
libcxx/utilities/utility/forward/lifetimebound.verify.cpp	PASS	PASS	SAME
libcxx/utilities/utility/has_default_three_way.compile.pass.cpp	PASS	PASS	SAME
libcxx/utilities/utility/mem.res/mem.poly.allocator.class/mem.poly.allocator.mem/allocate_vocabulary.attributes.verify.cpp	PASS	PASS	SAME
libcxx/utilities/utility/mem.res/mem.poly.allocator.class/mem.poly.allocator.mem/assert.deallocate.pass.cpp	UNSUPPORTED	UNSUPPORTED	SAME
libcxx/utilities/utility/mem.res/mem.poly.allocator.class/mem.poly.allocator.mem/construct_piecewise_pair.pass.cpp	PASS	PASS	SAME
libcxx/utilities/utility/mem.res/mem.res.monotonic.buffer/mem.res.monotonic.buffer.mem/allocate_from_underaligned_buffer.pass.cpp	PASS	PASS	SAME
libcxx/utilities/utility/mem.res/mem.res.monotonic.buffer/mem.res.monotonic.buffer.mem/allocate_in_geometric_progression.pass.cpp	PASS	PASS	SAME
libcxx/utilities/utility/mem.res/mem.res.pool/unsynchronized_buffer.pass.cpp	PASS	PASS	SAME
libcxx/utilities/utility/mem.res/pmr.availability.verify.cpp	UNSUPPORTED	UNSUPPORTED	SAME
libcxx/utilities/utility/nodiscard.verify.cpp	PASS	PASS	SAME
libcxx/utilities/utility/pairs/nodiscard.verify.cpp	PASS	PASS	SAME
libcxx/utilities/utility/pairs/pairs.pair/U_V.pass.cpp	PASS	PASS	SAME
libcxx/utilities/utility/pairs/pairs.pair/abi.non_trivial_copy_move.pass.cpp	PASS	PASS	SAME
libcxx/utilities/utility/pairs/pairs.pair/abi.trivial_copy_move.pass.cpp	PASS	PASS	SAME
libcxx/utilities/utility/pairs/pairs.pair/abi.trivially_copyable.compile.pass.cpp	PASS	PASS	SAME
libcxx/utilities/utility/pairs/pairs.pair/assign_tuple_like.pass.cpp	PASS	PASS	SAME
libcxx/utilities/utility/pairs/pairs.pair/const_first_const_second.pass.cpp	PASS	PASS	SAME
libcxx/utilities/utility/pairs/pairs.pair/const_pair_U_V.pass.cpp	PASS	PASS	SAME
libcxx/utilities/utility/pairs/pairs.pair/default.pass.cpp	PASS	PASS	SAME
libcxx/utilities/utility/pairs/pairs.pair/pair.tuple_element.verify.cpp	PASS	PASS	SAME
libcxx/utilities/utility/pairs/pairs.pair/piecewise.pass.cpp	PASS	PASS	SAME
libcxx/utilities/utility/pairs/pairs.pair/rv_pair_U_V.pass.cpp	PASS	PASS	SAME
libcxx/utilities/utility/private_constructor_tag.compile.pass.cpp	PASS	PASS	SAME
libcxx/utilities/utility/small_buffer.pass.cpp	PASS	PASS	SAME
libcxx/utilities/variant/no_specializations.verify.cpp	PASS	PASS	SAME
libcxx/utilities/variant/nodiscard.verify.cpp	PASS	PASS	SAME
libcxx/utilities/variant/variant.variant/variant.helper/variant_alternative.verify.cpp	PASS	PASS	SAME
libcxx/utilities/variant/variant.variant/variant_size.pass.cpp	PASS	PASS	SAME
libcxx/vendor/apple/availability-with-pedantic-errors.compile.pass.cpp	UNSUPPORTED	UNSUPPORTED	SAME
libcxx/vendor/apple/disable-availability.sh.cpp	UNSUPPORTED	UNSUPPORTED	SAME
libcxx/vendor/apple/system-install-properties.sh.cpp	UNSUPPORTED	UNSUPPORTED	SAME
libcxx/vendor/clang-cl/static-lib-exports.sh.cpp	UNSUPPORTED	UNSUPPORTED	SAME
libcxx/vendor/mingw/static-lib-exports.sh.cpp	UNSUPPORTED	UNSUPPORTED	SAME
selftest/additional_compile_flags/conditional-compile-flags.sh.cpp	PASS	PASS	SAME
selftest/additional_compile_flags/substitutes-in-compile-flags.sh.cpp	PASS	PASS	SAME
selftest/additional_compile_flags/substitutes-in-run.sh.cpp	PASS	PASS	SAME
selftest/compile.fail.cpp/compile-error.compile.fail.cpp	PASS	PASS	SAME
selftest/compile.fail.cpp/compile-success.compile.fail.cpp	XFAIL	XFAIL	SAME
selftest/compile.pass.cpp/compile-error.compile.pass.cpp	XFAIL	XFAIL	SAME
selftest/compile.pass.cpp/compile-success.compile.pass.cpp	PASS	PASS	SAME
selftest/compile.pass.cpp/link-error.compile.pass.cpp	PASS	PASS	SAME
selftest/compile.pass.cpp/run-error.compile.pass.cpp	PASS	PASS	SAME
selftest/compile.pass.mm/compile-error.compile.pass.mm	XFAIL	XFAIL	SAME
selftest/compile.pass.mm/compile-success.compile.pass.mm	PASS	PASS	SAME
selftest/compile.pass.mm/link-error.compile.pass.mm	PASS	PASS	SAME
selftest/compile.pass.mm/run-error.compile.pass.mm	PASS	PASS	SAME
selftest/convenience_substitutions/build_run.sh.cpp	PASS	PASS	SAME
selftest/convenience_substitutions/verify.sh.cpp	PASS	PASS	SAME
selftest/dsl/dsl.sh.py	FAIL	FAIL	SAME
selftest/file_dependencies/absolute-and-relative-paths.sh.cpp	PASS	PASS	SAME
selftest/file_dependencies/substitute-in-dependencies.sh.cpp	PASS	PASS	SAME
selftest/gen.cpp/one.gen.cpp/test1.compile.pass.cpp	PASS	PASS	SAME
selftest/gen.cpp/two.gen.cpp/test1.compile.pass.cpp	PASS	PASS	SAME
selftest/gen.cpp/two.gen.cpp/test2.compile.pass.cpp	PASS	PASS	SAME
selftest/gen.cpp/unsupported.gen.cpp	UNSUPPORTED	UNSUPPORTED	SAME
selftest/link.fail.cpp/compile-error.link.fail.cpp	XFAIL	XFAIL	SAME
selftest/link.fail.cpp/link-error.link.fail.cpp	PASS	PASS	SAME
selftest/link.fail.cpp/link-success.link.fail.cpp	XFAIL	XFAIL	SAME
selftest/link.pass.cpp/compile-error.link.pass.cpp	XFAIL	XFAIL	SAME
selftest/link.pass.cpp/link-error.link.pass.cpp	XFAIL	XFAIL	SAME
selftest/link.pass.cpp/link-success.link.pass.cpp	PASS	PASS	SAME
selftest/link.pass.cpp/run-error.link.pass.cpp	PASS	PASS	SAME
selftest/link.pass.mm/compile-error.link.pass.mm	XFAIL	XFAIL	SAME
selftest/link.pass.mm/link-error.link.pass.mm	XFAIL	XFAIL	SAME
selftest/link.pass.mm/link-success.link.pass.mm	PASS	PASS	SAME
selftest/link.pass.mm/run-error.link.pass.mm	PASS	PASS	SAME
selftest/modules/no-modules.sh.cpp	PASS	PASS	SAME
selftest/modules/std-and-std.compat-module.sh.cpp	PASS	PASS	SAME
selftest/modules/std-module.sh.cpp	PASS	PASS	SAME
selftest/modules/std.compat-module.sh.cpp	PASS	PASS	SAME
selftest/pass.cpp/compile-error.pass.cpp	XFAIL	XFAIL	SAME
selftest/pass.cpp/link-error.pass.cpp	XFAIL	XFAIL	SAME
selftest/pass.cpp/run-error.pass.cpp	XFAIL	XFAIL	SAME
selftest/pass.cpp/run-success.pass.cpp	PASS	PASS	SAME
selftest/pass.cpp/werror.pass.cpp	XFAIL	XFAIL	SAME
selftest/pass.mm/compile-error.pass.mm	XFAIL	XFAIL	SAME
selftest/pass.mm/link-error.pass.mm	XFAIL	XFAIL	SAME
selftest/pass.mm/no-arc.pass.mm	PASS	PASS	SAME
selftest/pass.mm/run-error.pass.mm	XFAIL	XFAIL	SAME
selftest/pass.mm/run-success.pass.mm	PASS	PASS	SAME
selftest/pass.mm/use-objective-cxx.pass.mm	PASS	PASS	SAME
selftest/remote-substitutions.sh.cpp	PASS	PASS	SAME
selftest/sh.cpp/run-error.sh.cpp	XFAIL	XFAIL	SAME
selftest/sh.cpp/run-success.sh.cpp	PASS	PASS	SAME
selftest/sh.cpp/substitutions.sh.cpp	PASS	PASS	SAME
selftest/sh.cpp/werror.sh.cpp	XFAIL	XFAIL	SAME
selftest/shell-no-escape-builtins.sh.cpp	PASS	PASS	SAME
selftest/stdin-is-piped.sh.cpp	PASS	PASS	SAME
selftest/test_macros.pass.cpp	PASS	PASS	SAME
selftest/tmpdir-exists.sh.cpp	PASS	PASS	SAME
selftest/verify.cpp/no-diagnostics-unmarked.verify.cpp	XFAIL	XFAIL	SAME
selftest/verify.cpp/no-diagnostics.verify.cpp	PASS	PASS	SAME
selftest/verify.cpp/no-werror.verify.cpp	PASS	PASS	SAME
selftest/verify.cpp/right-diagnostic.verify.cpp	PASS	PASS	SAME
selftest/verify.cpp/wrong-diagnostic.verify.cpp	XFAIL	XFAIL	SAME
std/algorithms/alg.c.library/tested_elsewhere.pass.cpp	PASS	PASS	SAME
std/algorithms/alg.modifying.operations/alg.copy/copy.pass.cpp	PASS	PASS	SAME
std/algorithms/alg.modifying.operations/alg.copy/copy_backward.pass.cpp	PASS	PASS	SAME
std/algorithms/alg.modifying.operations/alg.copy/copy_if.pass.cpp	PASS	PASS	SAME
std/algorithms/alg.modifying.operations/alg.copy/copy_n.pass.cpp	PASS	PASS	SAME
std/algorithms/alg.modifying.operations/alg.copy/pstl.copy.pass.cpp	UNSUPPORTED	UNSUPPORTED	SAME
std/algorithms/alg.modifying.operations/alg.copy/pstl.copy_n.pass.cpp	UNSUPPORTED	UNSUPPORTED	SAME
std/algorithms/alg.modifying.operations/alg.copy/ranges.copy.pass.cpp	PASS	PASS	SAME
std/algorithms/alg.modifying.operations/alg.copy/ranges.copy.segmented.pass.cpp	PASS	PASS	SAME
std/algorithms/alg.modifying.operations/alg.copy/ranges.copy_backward.pass.cpp	PASS	PASS	SAME
std/algorithms/alg.modifying.operations/alg.copy/ranges.copy_backward.segmented.pass.cpp	PASS	PASS	SAME
std/algorithms/alg.modifying.operations/alg.copy/ranges.copy_if.pass.cpp	PASS	PASS	SAME
std/algorithms/alg.modifying.operations/alg.copy/ranges.copy_n.pass.cpp	PASS	PASS	SAME
std/algorithms/alg.modifying.operations/alg.copy/ranges.copy_n.segmented.pass.cpp	PASS	PASS	SAME
std/algorithms/alg.modifying.operations/alg.fill/fill.pass.cpp	PASS	PASS	SAME
std/algorithms/alg.modifying.operations/alg.fill/fill_n.pass.cpp	PASS	PASS	SAME
std/algorithms/alg.modifying.operations/alg.fill/pstl.fill.pass.cpp	PASS	PASS	SAME
std/algorithms/alg.modifying.operations/alg.fill/pstl.fill_n.pass.cpp	PASS	PASS	SAME
std/algorithms/alg.modifying.operations/alg.fill/ranges.fill.pass.cpp	PASS	PASS	SAME
std/algorithms/alg.modifying.operations/alg.fill/ranges.fill_n.pass.cpp	PASS	PASS	SAME
std/algorithms/alg.modifying.operations/alg.generate/generate.pass.cpp	PASS	PASS	SAME
std/algorithms/alg.modifying.operations/alg.generate/generate_n.pass.cpp	PASS	PASS	SAME
std/algorithms/alg.modifying.operations/alg.generate/pstl.generate.pass.cpp	PASS	PASS	SAME
std/algorithms/alg.modifying.operations/alg.generate/pstl.generate_n.pass.cpp	PASS	PASS	SAME
std/algorithms/alg.modifying.operations/alg.generate/ranges_generate.pass.cpp	PASS	PASS	SAME
std/algorithms/alg.modifying.operations/alg.generate/ranges_generate_n.pass.cpp	PASS	PASS	SAME
std/algorithms/alg.modifying.operations/alg.move/contiguous_trivial_optimization.pass.cpp	PASS	PASS	SAME
std/algorithms/alg.modifying.operations/alg.move/move.pass.cpp	PASS	PASS	SAME
std/algorithms/alg.modifying.operations/alg.move/move_backward.pass.cpp	PASS	PASS	SAME
std/algorithms/alg.modifying.operations/alg.move/pstl.move.pass.cpp	PASS	PASS	SAME
std/algorithms/alg.modifying.operations/alg.move/ranges.move.pass.cpp	PASS	PASS	SAME
std/algorithms/alg.modifying.operations/alg.move/ranges.move.segmented.pass.cpp	PASS	PASS	SAME
std/algorithms/alg.modifying.operations/alg.move/ranges.move_backward.pass.cpp	PASS	PASS	SAME
std/algorithms/alg.modifying.operations/alg.move/ranges.move_backward.segmented.pass.cpp	PASS	PASS	SAME
std/algorithms/alg.modifying.operations/alg.partitions/is_partitioned.pass.cpp	PASS	PASS	SAME
std/algorithms/alg.modifying.operations/alg.partitions/partition.pass.cpp	PASS	PASS	SAME
std/algorithms/alg.modifying.operations/alg.partitions/partition_copy.pass.cpp	PASS	PASS	SAME
std/algorithms/alg.modifying.operations/alg.partitions/partition_point.pass.cpp	PASS	PASS	SAME
std/algorithms/alg.modifying.operations/alg.partitions/ranges_partition.pass.cpp	PASS	PASS	SAME
std/algorithms/alg.modifying.operations/alg.partitions/ranges_partition_copy.pass.cpp	PASS	PASS	SAME
std/algorithms/alg.modifying.operations/alg.partitions/ranges_partition_point.pass.cpp	PASS	PASS	SAME
std/algorithms/alg.modifying.operations/alg.partitions/ranges_stable_partition.pass.cpp	PASS	PASS	SAME
std/algorithms/alg.modifying.operations/alg.partitions/stable_partition.pass.cpp	PASS	PASS	SAME
std/algorithms/alg.modifying.operations/alg.random.sample/ranges_sample.pass.cpp	PASS	PASS	SAME
std/algorithms/alg.modifying.operations/alg.random.sample/sample.pass.cpp	PASS	PASS	SAME
std/algorithms/alg.modifying.operations/alg.random.sample/sample.stable.pass.cpp	PASS	PASS	SAME
std/algorithms/alg.modifying.operations/alg.random.sample/sample.verify.cpp	PASS	PASS	SAME
std/algorithms/alg.modifying.operations/alg.random.shuffle/random_shuffle.pass.cpp	UNSUPPORTED	UNSUPPORTED	SAME
std/algorithms/alg.modifying.operations/alg.random.shuffle/random_shuffle_rand.pass.cpp	UNSUPPORTED	UNSUPPORTED	SAME
std/algorithms/alg.modifying.operations/alg.random.shuffle/random_shuffle_urng.pass.cpp	PASS	PASS	SAME
std/algorithms/alg.modifying.operations/alg.random.shuffle/ranges_shuffle.pass.cpp	PASS	PASS	SAME
std/algorithms/alg.modifying.operations/alg.remove/ranges.remove.pass.cpp	PASS	PASS	SAME
std/algorithms/alg.modifying.operations/alg.remove/ranges.remove_if.pass.cpp	PASS	PASS	SAME
std/algorithms/alg.modifying.operations/alg.remove/ranges_remove_copy.pass.cpp	PASS	PASS	SAME
std/algorithms/alg.modifying.operations/alg.remove/ranges_remove_copy_if.pass.cpp	PASS	PASS	SAME
std/algorithms/alg.modifying.operations/alg.remove/remove.pass.cpp	PASS	PASS	SAME
std/algorithms/alg.modifying.operations/alg.remove/remove_copy.pass.cpp	PASS	PASS	SAME
std/algorithms/alg.modifying.operations/alg.remove/remove_copy_if.pass.cpp	PASS	PASS	SAME
std/algorithms/alg.modifying.operations/alg.remove/remove_if.pass.cpp	PASS	PASS	SAME
std/algorithms/alg.modifying.operations/alg.replace/pstl.replace.pass.cpp	PASS	PASS	SAME
std/algorithms/alg.modifying.operations/alg.replace/pstl.replace_copy.pass.cpp	PASS	PASS	SAME
std/algorithms/alg.modifying.operations/alg.replace/pstl.replace_copy_if.pass.cpp	PASS	PASS	SAME
std/algorithms/alg.modifying.operations/alg.replace/pstl.replace_if.pass.cpp	PASS	PASS	SAME
std/algorithms/alg.modifying.operations/alg.replace/ranges.replace.pass.cpp	PASS	PASS	SAME
std/algorithms/alg.modifying.operations/alg.replace/ranges.replace_if.pass.cpp	PASS	PASS	SAME
std/algorithms/alg.modifying.operations/alg.replace/ranges_replace_copy.pass.cpp	PASS	PASS	SAME
std/algorithms/alg.modifying.operations/alg.replace/ranges_replace_copy_if.pass.cpp	PASS	PASS	SAME
std/algorithms/alg.modifying.operations/alg.replace/replace.pass.cpp	PASS	PASS	SAME
std/algorithms/alg.modifying.operations/alg.replace/replace_copy.pass.cpp	PASS	PASS	SAME
std/algorithms/alg.modifying.operations/alg.replace/replace_copy_if.pass.cpp	PASS	PASS	SAME
std/algorithms/alg.modifying.operations/alg.replace/replace_if.pass.cpp	PASS	PASS	SAME
std/algorithms/alg.modifying.operations/alg.reverse/ranges.reverse.pass.cpp	PASS	PASS	SAME
std/algorithms/alg.modifying.operations/alg.reverse/ranges.reverse_copy.pass.cpp	PASS	PASS	SAME
std/algorithms/alg.modifying.operations/alg.reverse/reverse.pass.cpp	PASS	PASS	SAME
std/algorithms/alg.modifying.operations/alg.reverse/reverse_copy.pass.cpp	PASS	PASS	SAME
std/algorithms/alg.modifying.operations/alg.rotate/pstl.rotate_copy.pass.cpp	PASS	PASS	SAME
std/algorithms/alg.modifying.operations/alg.rotate/ranges.rotate_copy.pass.cpp	PASS	PASS	SAME
std/algorithms/alg.modifying.operations/alg.rotate/ranges_rotate.pass.cpp	PASS	PASS	SAME
std/algorithms/alg.modifying.operations/alg.rotate/rotate.pass.cpp	PASS	PASS	SAME
std/algorithms/alg.modifying.operations/alg.rotate/rotate_copy.pass.cpp	PASS	PASS	SAME
std/algorithms/alg.modifying.operations/alg.shift/shift_left.pass.cpp	PASS	PASS	SAME
std/algorithms/alg.modifying.operations/alg.shift/shift_right.pass.cpp	PASS	PASS	SAME
std/algorithms/alg.modifying.operations/alg.swap/iter_swap.pass.cpp	PASS	PASS	SAME
std/algorithms/alg.modifying.operations/alg.swap/ranges.swap_ranges.pass.cpp	PASS	PASS	SAME
std/algorithms/alg.modifying.operations/alg.swap/swap_ranges.pass.cpp	PASS	PASS	SAME
std/algorithms/alg.modifying.operations/alg.transform/binary_transform.pass.cpp	PASS	PASS	SAME
std/algorithms/alg.modifying.operations/alg.transform/pstl.transform.binary.pass.cpp	PASS	PASS	SAME
std/algorithms/alg.modifying.operations/alg.transform/pstl.transform.unary.pass.cpp	PASS	PASS	SAME
std/algorithms/alg.modifying.operations/alg.transform/ranges.transform.binary.iterator.pass.cpp	PASS	PASS	SAME
std/algorithms/alg.modifying.operations/alg.transform/ranges.transform.binary.range.pass.cpp	PASS	PASS	SAME
std/algorithms/alg.modifying.operations/alg.transform/ranges.transform.unary.pass.cpp	PASS	PASS	SAME
std/algorithms/alg.modifying.operations/alg.transform/unary_transform.pass.cpp	PASS	PASS	SAME
std/algorithms/alg.modifying.operations/alg.unique/ranges_unique.pass.cpp	PASS	PASS	SAME
std/algorithms/alg.modifying.operations/alg.unique/ranges_unique_copy.pass.cpp	PASS	PASS	SAME
std/algorithms/alg.modifying.operations/alg.unique/unique.pass.cpp	PASS	PASS	SAME
std/algorithms/alg.modifying.operations/alg.unique/unique_copy.pass.cpp	PASS	PASS	SAME
std/algorithms/alg.modifying.operations/alg.unique/unique_copy_pred.pass.cpp	PASS	PASS	SAME
std/algorithms/alg.modifying.operations/alg.unique/unique_pred.pass.cpp	PASS	PASS	SAME
std/algorithms/alg.nonmodifying/alg.adjacent.find/adjacent_find.pass.cpp	PASS	PASS	SAME
std/algorithms/alg.nonmodifying/alg.adjacent.find/adjacent_find_pred.pass.cpp	PASS	PASS	SAME
std/algorithms/alg.nonmodifying/alg.adjacent.find/ranges.adjacent_find.pass.cpp	PASS	PASS	SAME
std/algorithms/alg.nonmodifying/alg.all_of/all_of.pass.cpp	PASS	PASS	SAME
std/algorithms/alg.nonmodifying/alg.all_of/pstl.all_of.pass.cpp	PASS	PASS	SAME
std/algorithms/alg.nonmodifying/alg.all_of/ranges.all_of.pass.cpp	PASS	PASS	SAME
std/algorithms/alg.nonmodifying/alg.any_of/any_of.pass.cpp	PASS	PASS	SAME
std/algorithms/alg.nonmodifying/alg.any_of/pstl.any_of.pass.cpp	PASS	PASS	SAME
std/algorithms/alg.nonmodifying/alg.any_of/ranges.any_of.pass.cpp	PASS	PASS	SAME
std/algorithms/alg.nonmodifying/alg.contains/ranges.contains.pass.cpp	PASS	PASS	SAME
std/algorithms/alg.nonmodifying/alg.contains/ranges.contains_subrange.pass.cpp	PASS	PASS	SAME
std/algorithms/alg.nonmodifying/alg.count/count.pass.cpp	PASS	PASS	SAME
std/algorithms/alg.nonmodifying/alg.count/count_if.pass.cpp	PASS	PASS	SAME
std/algorithms/alg.nonmodifying/alg.count/pstl.count.pass.cpp	PASS	PASS	SAME
std/algorithms/alg.nonmodifying/alg.count/pstl.count_if.pass.cpp	PASS	PASS	SAME
std/algorithms/alg.nonmodifying/alg.count/ranges.count.pass.cpp	PASS	PASS	SAME
std/algorithms/alg.nonmodifying/alg.count/ranges.count_if.pass.cpp	PASS	PASS	SAME
std/algorithms/alg.nonmodifying/alg.ends_with/ranges.ends_with.pass.cpp	PASS	PASS	SAME
std/algorithms/alg.nonmodifying/alg.equal/equal.pass.cpp	PASS	PASS	SAME
std/algorithms/alg.nonmodifying/alg.equal/equal_pred.pass.cpp	PASS	PASS	SAME
std/algorithms/alg.nonmodifying/alg.equal/pstl.equal.pass.cpp	PASS	PASS	SAME
std/algorithms/alg.nonmodifying/alg.equal/ranges.equal.pass.cpp	PASS	PASS	SAME
std/algorithms/alg.nonmodifying/alg.find.end/find_end.pass.cpp	PASS	PASS	SAME
std/algorithms/alg.nonmodifying/alg.find.end/find_end_pred.pass.cpp	PASS	PASS	SAME
std/algorithms/alg.nonmodifying/alg.find.end/ranges.find_end.pass.cpp	PASS	PASS	SAME
std/algorithms/alg.nonmodifying/alg.find.first.of/find_first_of.pass.cpp	PASS	PASS	SAME
std/algorithms/alg.nonmodifying/alg.find.first.of/find_first_of_pred.pass.cpp	PASS	PASS	SAME
std/algorithms/alg.nonmodifying/alg.find.first.of/ranges.find_first_of.pass.cpp	PASS	PASS	SAME
std/algorithms/alg.nonmodifying/alg.find.last/ranges.find_last.pass.cpp	PASS	PASS	SAME
std/algorithms/alg.nonmodifying/alg.find.last/ranges.find_last_if.pass.cpp	PASS	PASS	SAME
std/algorithms/alg.nonmodifying/alg.find.last/ranges.find_last_if_not.pass.cpp	PASS	PASS	SAME
std/algorithms/alg.nonmodifying/alg.find/find.pass.cpp	PASS	PASS	SAME
std/algorithms/alg.nonmodifying/alg.find/find_if.pass.cpp	PASS	PASS	SAME
std/algorithms/alg.nonmodifying/alg.find/find_if_not.pass.cpp	PASS	PASS	SAME
std/algorithms/alg.nonmodifying/alg.find/pstl.find.pass.cpp	PASS	PASS	SAME
std/algorithms/alg.nonmodifying/alg.find/pstl.find_if.pass.cpp	PASS	PASS	SAME
std/algorithms/alg.nonmodifying/alg.find/pstl.find_if_not.pass.cpp	PASS	PASS	SAME
std/algorithms/alg.nonmodifying/alg.find/ranges.find.pass.cpp	PASS	PASS	SAME
std/algorithms/alg.nonmodifying/alg.find/ranges.find_if.pass.cpp	PASS	PASS	SAME
std/algorithms/alg.nonmodifying/alg.find/ranges.find_if_not.pass.cpp	PASS	PASS	SAME
std/algorithms/alg.nonmodifying/alg.fold/left_folds.pass.cpp	PASS	PASS	SAME
std/algorithms/alg.nonmodifying/alg.fold/requirements.compile.pass.cpp	PASS	PASS	SAME
std/algorithms/alg.nonmodifying/alg.foreach/for_each.associative.pass.cpp	PASS	PASS	SAME
std/algorithms/alg.nonmodifying/alg.foreach/for_each.pass.cpp	PASS	PASS	SAME
std/algorithms/alg.nonmodifying/alg.foreach/for_each_n.pass.cpp	PASS	PASS	SAME
std/algorithms/alg.nonmodifying/alg.foreach/pstl.for_each.pass.cpp	PASS	PASS	SAME
std/algorithms/alg.nonmodifying/alg.foreach/pstl.for_each_n.pass.cpp	PASS	PASS	SAME
std/algorithms/alg.nonmodifying/alg.foreach/ranges.for_each.associative.pass.cpp	PASS	PASS	SAME
std/algorithms/alg.nonmodifying/alg.foreach/ranges.for_each.pass.cpp	PASS	PASS	SAME
std/algorithms/alg.nonmodifying/alg.foreach/ranges.for_each_n.pass.cpp	PASS	PASS	SAME
std/algorithms/alg.nonmodifying/alg.is_permutation/is_permutation.pass.cpp	PASS	PASS	SAME
std/algorithms/alg.nonmodifying/alg.is_permutation/is_permutation_pred.pass.cpp	PASS	PASS	SAME
std/algorithms/alg.nonmodifying/alg.is_permutation/ranges.is_permutation.pass.cpp	PASS	PASS	SAME
std/algorithms/alg.nonmodifying/alg.none_of/none_of.pass.cpp	PASS	PASS	SAME
std/algorithms/alg.nonmodifying/alg.none_of/pstl.none_of.pass.cpp	PASS	PASS	SAME
std/algorithms/alg.nonmodifying/alg.none_of/ranges.none_of.pass.cpp	PASS	PASS	SAME
std/algorithms/alg.nonmodifying/alg.search/ranges.search.pass.cpp	PASS	PASS	SAME
std/algorithms/alg.nonmodifying/alg.search/ranges.search_n.pass.cpp	PASS	PASS	SAME
std/algorithms/alg.nonmodifying/alg.search/search.pass.cpp	PASS	PASS	SAME
std/algorithms/alg.nonmodifying/alg.search/search_n.pass.cpp	PASS	PASS	SAME
std/algorithms/alg.nonmodifying/alg.search/search_n_pred.pass.cpp	PASS	PASS	SAME
std/algorithms/alg.nonmodifying/alg.search/search_pred.pass.cpp	PASS	PASS	SAME
std/algorithms/alg.nonmodifying/alg.starts_with/ranges.starts_with.pass.cpp	PASS	PASS	SAME
std/algorithms/alg.nonmodifying/mismatch/mismatch.pass.cpp	PASS	PASS	SAME
std/algorithms/alg.nonmodifying/mismatch/ranges_mismatch.pass.cpp	PASS	PASS	SAME
std/algorithms/alg.sorting/alg.binary.search/binary.search/binary_search.pass.cpp	PASS	PASS	SAME
std/algorithms/alg.sorting/alg.binary.search/binary.search/binary_search_comp.pass.cpp	PASS	PASS	SAME
std/algorithms/alg.sorting/alg.binary.search/binary.search/ranges.binary_search.pass.cpp	PASS	PASS	SAME
std/algorithms/alg.sorting/alg.binary.search/equal.range/equal_range.pass.cpp	PASS	PASS	SAME
std/algorithms/alg.sorting/alg.binary.search/equal.range/equal_range_comp.pass.cpp	PASS	PASS	SAME
std/algorithms/alg.sorting/alg.binary.search/equal.range/ranges_equal_range.pass.cpp	PASS	PASS	SAME
std/algorithms/alg.sorting/alg.binary.search/lower.bound/lower_bound.pass.cpp	PASS	PASS	SAME
std/algorithms/alg.sorting/alg.binary.search/lower.bound/lower_bound_comp.pass.cpp	PASS	PASS	SAME
std/algorithms/alg.sorting/alg.binary.search/lower.bound/ranges.lower_bound.pass.cpp	PASS	PASS	SAME
std/algorithms/alg.sorting/alg.binary.search/upper.bound/ranges.upper_bound.pass.cpp	PASS	PASS	SAME
std/algorithms/alg.sorting/alg.binary.search/upper.bound/upper_bound.pass.cpp	PASS	PASS	SAME
std/algorithms/alg.sorting/alg.binary.search/upper.bound/upper_bound_comp.pass.cpp	PASS	PASS	SAME
std/algorithms/alg.sorting/alg.clamp/assert.ranges_clamp.pass.cpp	UNSUPPORTED	UNSUPPORTED	SAME
std/algorithms/alg.sorting/alg.clamp/clamp.comp.pass.cpp	PASS	PASS	SAME
std/algorithms/alg.sorting/alg.clamp/clamp.pass.cpp	PASS	PASS	SAME
std/algorithms/alg.sorting/alg.clamp/ranges.clamp.pass.cpp	PASS	PASS	SAME
std/algorithms/alg.sorting/alg.heap.operations/is.heap/is_heap.pass.cpp	PASS	PASS	SAME
std/algorithms/alg.sorting/alg.heap.operations/is.heap/is_heap_comp.pass.cpp	PASS	PASS	SAME
std/algorithms/alg.sorting/alg.heap.operations/is.heap/is_heap_until.pass.cpp	PASS	PASS	SAME
std/algorithms/alg.sorting/alg.heap.operations/is.heap/is_heap_until_comp.pass.cpp	PASS	PASS	SAME
std/algorithms/alg.sorting/alg.heap.operations/is.heap/ranges_is_heap.pass.cpp	PASS	PASS	SAME
std/algorithms/alg.sorting/alg.heap.operations/is.heap/ranges_is_heap_until.pass.cpp	PASS	PASS	SAME
std/algorithms/alg.sorting/alg.heap.operations/make.heap/make_heap.pass.cpp	PASS	PASS	SAME
std/algorithms/alg.sorting/alg.heap.operations/make.heap/make_heap_comp.pass.cpp	PASS	PASS	SAME
std/algorithms/alg.sorting/alg.heap.operations/make.heap/ranges_make_heap.pass.cpp	PASS	PASS	SAME
std/algorithms/alg.sorting/alg.heap.operations/pop.heap/assert.pop_heap.pass.cpp	UNSUPPORTED	UNSUPPORTED	SAME
std/algorithms/alg.sorting/alg.heap.operations/pop.heap/assert.ranges_pop_heap.pass.cpp	UNSUPPORTED	UNSUPPORTED	SAME
std/algorithms/alg.sorting/alg.heap.operations/pop.heap/pop_heap.pass.cpp	PASS	PASS	SAME
std/algorithms/alg.sorting/alg.heap.operations/pop.heap/pop_heap_comp.pass.cpp	PASS	PASS	SAME
std/algorithms/alg.sorting/alg.heap.operations/pop.heap/ranges_pop_heap.pass.cpp	PASS	PASS	SAME
std/algorithms/alg.sorting/alg.heap.operations/push.heap/push_heap.pass.cpp	PASS	PASS	SAME
std/algorithms/alg.sorting/alg.heap.operations/push.heap/push_heap_comp.pass.cpp	PASS	PASS	SAME
std/algorithms/alg.sorting/alg.heap.operations/push.heap/ranges_push_heap.pass.cpp	PASS	PASS	SAME
std/algorithms/alg.sorting/alg.heap.operations/sort.heap/complexity.pass.cpp	PASS	PASS	SAME
std/algorithms/alg.sorting/alg.heap.operations/sort.heap/ranges_sort_heap.pass.cpp	PASS	PASS	SAME
std/algorithms/alg.sorting/alg.heap.operations/sort.heap/sort_heap.pass.cpp	PASS	PASS	SAME
std/algorithms/alg.sorting/alg.heap.operations/sort.heap/sort_heap_comp.pass.cpp	PASS	PASS	SAME
std/algorithms/alg.sorting/alg.lex.comparison/lexicographical_compare.pass.cpp	PASS	PASS	SAME
std/algorithms/alg.sorting/alg.lex.comparison/lexicographical_compare_comp.pass.cpp	PASS	PASS	SAME
std/algorithms/alg.sorting/alg.lex.comparison/ranges.lexicographical_compare.pass.cpp	PASS	PASS	SAME
std/algorithms/alg.sorting/alg.merge/inplace_merge.pass.cpp	PASS	PASS	SAME
std/algorithms/alg.sorting/alg.merge/inplace_merge_comp.pass.cpp	PASS	PASS	SAME
std/algorithms/alg.sorting/alg.merge/merge.pass.cpp	PASS	PASS	SAME
std/algorithms/alg.sorting/alg.merge/merge_comp.pass.cpp	PASS	PASS	SAME
std/algorithms/alg.sorting/alg.merge/pstl.merge.pass.cpp	PASS	PASS	SAME
std/algorithms/alg.sorting/alg.merge/ranges_inplace_merge.pass.cpp	PASS	PASS	SAME
std/algorithms/alg.sorting/alg.merge/ranges_merge.pass.cpp	PASS	PASS	SAME
std/algorithms/alg.sorting/alg.min.max/max.pass.cpp	PASS	PASS	SAME
std/algorithms/alg.sorting/alg.min.max/max_comp.pass.cpp	PASS	PASS	SAME
std/algorithms/alg.sorting/alg.min.max/max_element.pass.cpp	PASS	PASS	SAME
std/algorithms/alg.sorting/alg.min.max/max_element_comp.pass.cpp	PASS	PASS	SAME
std/algorithms/alg.sorting/alg.min.max/max_init_list.pass.cpp	PASS	PASS	SAME
std/algorithms/alg.sorting/alg.min.max/max_init_list_comp.pass.cpp	PASS	PASS	SAME
std/algorithms/alg.sorting/alg.min.max/min.pass.cpp	PASS	PASS	SAME
std/algorithms/alg.sorting/alg.min.max/min_comp.pass.cpp	PASS	PASS	SAME
std/algorithms/alg.sorting/alg.min.max/min_element.pass.cpp	PASS	PASS	SAME
std/algorithms/alg.sorting/alg.min.max/min_element_comp.pass.cpp	PASS	PASS	SAME
std/algorithms/alg.sorting/alg.min.max/min_init_list.pass.cpp	PASS	PASS	SAME
std/algorithms/alg.sorting/alg.min.max/min_init_list_comp.pass.cpp	PASS	PASS	SAME
std/algorithms/alg.sorting/alg.min.max/minmax.pass.cpp	PASS	PASS	SAME
std/algorithms/alg.sorting/alg.min.max/minmax_comp.pass.cpp	PASS	PASS	SAME
std/algorithms/alg.sorting/alg.min.max/minmax_element.pass.cpp	PASS	PASS	SAME
std/algorithms/alg.sorting/alg.min.max/minmax_element_comp.pass.cpp	PASS	PASS	SAME
std/algorithms/alg.sorting/alg.min.max/minmax_init_list.pass.cpp	PASS	PASS	SAME
std/algorithms/alg.sorting/alg.min.max/minmax_init_list_comp.pass.cpp	PASS	PASS	SAME
std/algorithms/alg.sorting/alg.min.max/ranges.max.pass.cpp	PASS	PASS	SAME
std/algorithms/alg.sorting/alg.min.max/ranges.max_element.pass.cpp	PASS	PASS	SAME
std/algorithms/alg.sorting/alg.min.max/ranges.min.pass.cpp	PASS	PASS	SAME
std/algorithms/alg.sorting/alg.min.max/ranges.min_element.pass.cpp	PASS	PASS	SAME
std/algorithms/alg.sorting/alg.min.max/ranges.minmax.pass.cpp	PASS	PASS	SAME
std/algorithms/alg.sorting/alg.min.max/ranges.minmax_element.pass.cpp	PASS	PASS	SAME
std/algorithms/alg.sorting/alg.min.max/requires_forward_iterator.verify.cpp	PASS	PASS	SAME
std/algorithms/alg.sorting/alg.nth.element/nth_element.pass.cpp	PASS	PASS	SAME
std/algorithms/alg.sorting/alg.nth.element/nth_element_comp.pass.cpp	PASS	PASS	SAME
std/algorithms/alg.sorting/alg.nth.element/ranges_nth_element.pass.cpp	PASS	PASS	SAME
std/algorithms/alg.sorting/alg.partitions/pstl.is_partitioned.pass.cpp	PASS	PASS	SAME
std/algorithms/alg.sorting/alg.partitions/ranges.is_partitioned.pass.cpp	PASS	PASS	SAME
std/algorithms/alg.sorting/alg.permutation.generators/next_permutation.pass.cpp	PASS	PASS	SAME
std/algorithms/alg.sorting/alg.permutation.generators/next_permutation_comp.pass.cpp	PASS	PASS	SAME
std/algorithms/alg.sorting/alg.permutation.generators/prev_permutation.pass.cpp	PASS	PASS	SAME
std/algorithms/alg.sorting/alg.permutation.generators/prev_permutation_comp.pass.cpp	PASS	PASS	SAME
std/algorithms/alg.sorting/alg.permutation.generators/ranges.next_permutation.pass.cpp	PASS	PASS	SAME
std/algorithms/alg.sorting/alg.permutation.generators/ranges.prev_permutation.pass.cpp	PASS	PASS	SAME
std/algorithms/alg.sorting/alg.set.operations/includes/includes.pass.cpp	PASS	PASS	SAME
std/algorithms/alg.sorting/alg.set.operations/includes/includes_comp.pass.cpp	PASS	PASS	SAME
std/algorithms/alg.sorting/alg.set.operations/includes/ranges_includes.pass.cpp	PASS	PASS	SAME
std/algorithms/alg.sorting/alg.set.operations/set.difference/ranges_set_difference.pass.cpp	PASS	PASS	SAME
std/algorithms/alg.sorting/alg.set.operations/set.difference/set_difference.pass.cpp	PASS	PASS	SAME
std/algorithms/alg.sorting/alg.set.operations/set.difference/set_difference_comp.pass.cpp	PASS	PASS	SAME
std/algorithms/alg.sorting/alg.set.operations/set.intersection/ranges_set_intersection.pass.cpp	PASS	PASS	SAME
std/algorithms/alg.sorting/alg.set.operations/set.intersection/set_intersection.pass.cpp	PASS	PASS	SAME
std/algorithms/alg.sorting/alg.set.operations/set.intersection/set_intersection_comp.pass.cpp	PASS	PASS	SAME
std/algorithms/alg.sorting/alg.set.operations/set.intersection/set_intersection_complexity.pass.cpp	PASS	PASS	SAME
std/algorithms/alg.sorting/alg.set.operations/set.symmetric.difference/ranges_set_symmetric_difference.pass.cpp	PASS	PASS	SAME
std/algorithms/alg.sorting/alg.set.operations/set.symmetric.difference/set_symmetric_difference.pass.cpp	PASS	PASS	SAME
std/algorithms/alg.sorting/alg.set.operations/set.symmetric.difference/set_symmetric_difference_comp.pass.cpp	PASS	PASS	SAME
std/algorithms/alg.sorting/alg.set.operations/set.union/ranges_set_union.pass.cpp	PASS	PASS	SAME
std/algorithms/alg.sorting/alg.set.operations/set.union/set_union.pass.cpp	PASS	PASS	SAME
std/algorithms/alg.sorting/alg.set.operations/set.union/set_union_comp.pass.cpp	PASS	PASS	SAME
std/algorithms/alg.sorting/alg.set.operations/set.union/set_union_move.pass.cpp	PASS	PASS	SAME
std/algorithms/alg.sorting/alg.sort/is.sorted/is_sorted.pass.cpp	PASS	PASS	SAME
std/algorithms/alg.sorting/alg.sort/is.sorted/is_sorted_comp.pass.cpp	PASS	PASS	SAME
std/algorithms/alg.sorting/alg.sort/is.sorted/is_sorted_until.pass.cpp	PASS	PASS	SAME
std/algorithms/alg.sorting/alg.sort/is.sorted/is_sorted_until_comp.pass.cpp	PASS	PASS	SAME
std/algorithms/alg.sorting/alg.sort/is.sorted/ranges.is_sorted.pass.cpp	PASS	PASS	SAME
std/algorithms/alg.sorting/alg.sort/is.sorted/ranges.is_sorted_until.pass.cpp	PASS	PASS	SAME
std/algorithms/alg.sorting/alg.sort/partial.sort.copy/partial_sort_copy.pass.cpp	PASS	PASS	SAME
std/algorithms/alg.sorting/alg.sort/partial.sort.copy/partial_sort_copy_comp.pass.cpp	PASS	PASS	SAME
std/algorithms/alg.sorting/alg.sort/partial.sort.copy/ranges_partial_sort_copy.pass.cpp	PASS	PASS	SAME
std/algorithms/alg.sorting/alg.sort/partial.sort/partial_sort.pass.cpp	PASS	PASS	SAME
std/algorithms/alg.sorting/alg.sort/partial.sort/partial_sort_comp.pass.cpp	PASS	PASS	SAME
std/algorithms/alg.sorting/alg.sort/partial.sort/ranges_partial_sort.pass.cpp	PASS	PASS	SAME
std/algorithms/alg.sorting/alg.sort/sort/pstl.sort.pass.cpp	PASS	PASS	SAME
std/algorithms/alg.sorting/alg.sort/sort/ranges.sort.pass.cpp	PASS	PASS	SAME
std/algorithms/alg.sorting/alg.sort/sort/sort.pass.cpp	PASS	PASS	SAME
std/algorithms/alg.sorting/alg.sort/sort/sort_comp.pass.cpp	PASS	PASS	SAME
std/algorithms/alg.sorting/alg.sort/sort/sort_constexpr.pass.cpp	PASS	PASS	SAME
std/algorithms/alg.sorting/alg.sort/sort/sort_constexpr_comp.pass.cpp	PASS	PASS	SAME
std/algorithms/alg.sorting/alg.sort/stable.sort/pstl.stable_sort.pass.cpp	PASS	PASS	SAME
std/algorithms/alg.sorting/alg.sort/stable.sort/ranges.stable.sort.pass.cpp	PASS	PASS	SAME
std/algorithms/alg.sorting/alg.sort/stable.sort/stable_sort.pass.cpp	PASS	PASS	SAME
std/algorithms/alg.sorting/alg.sort/stable.sort/stable_sort_comp.pass.cpp	PASS	PASS	SAME
std/algorithms/alg.sorting/alg.three.way/lexicographical_compare_three_way.pass.cpp	PASS	PASS	SAME
std/algorithms/alg.sorting/alg.three.way/lexicographical_compare_three_way_comp.pass.cpp	PASS	PASS	SAME
std/algorithms/alg.sorting/alg.three.way/lexicographical_compare_three_way_comp.verify.cpp	PASS	PASS	SAME
std/algorithms/algorithms.general/nothing_to_do.pass.cpp	PASS	PASS	SAME
std/algorithms/algorithms.results/in_found_result.pass.cpp	PASS	PASS	SAME
std/algorithms/algorithms.results/in_fun_result.pass.cpp	PASS	PASS	SAME
std/algorithms/algorithms.results/in_in_out_result.pass.cpp	PASS	PASS	SAME
std/algorithms/algorithms.results/in_in_result.pass.cpp	PASS	PASS	SAME
std/algorithms/algorithms.results/in_out_out_result.pass.cpp	PASS	PASS	SAME
std/algorithms/algorithms.results/in_out_result.pass.cpp	PASS	PASS	SAME
std/algorithms/algorithms.results/in_value_result.pass.cpp	PASS	PASS	SAME
std/algorithms/algorithms.results/min_max_result.pass.cpp	PASS	PASS	SAME
std/algorithms/algorithms.results/no_unique_address.compile.pass.cpp	PASS	PASS	SAME
std/algorithms/algorithms.results/out_value_result.pass.cpp	PASS	PASS	SAME
std/algorithms/pstl.exception_handling.pass.cpp	PASS	PASS	SAME
std/algorithms/ranges_result_alias_declarations.compile.pass.cpp	PASS	PASS	SAME
std/algorithms/ranges_robust_against_dangling.pass.cpp	PASS	PASS	SAME
std/algorithms/ranges_robust_against_differing_projections.pass.cpp	PASS	PASS	SAME
std/algorithms/ranges_robust_against_nonbool.compile.pass.cpp	PASS	PASS	SAME
std/algorithms/ranges_robust_against_omitting_invoke.pass.cpp	PASS	PASS	SAME
std/algorithms/ranges_robust_against_proxy_iterators.pass.cpp	PASS	PASS	SAME
std/algorithms/robust_against_adl.compile.pass.cpp	PASS	PASS	SAME
std/algorithms/robust_against_adl_on_new.pass.cpp	PASS	PASS	SAME
std/algorithms/robust_against_nonbool.compile.pass.cpp	PASS	PASS	SAME
std/algorithms/robust_against_proxy_iterators_lifetime_bugs.pass.cpp	PASS	PASS	SAME
std/algorithms/robust_re_difference_type.compile.pass.cpp	PASS	PASS	SAME
std/atomics/atomics.fences/atomic_signal_fence.pass.cpp	PASS	PASS	SAME
std/atomics/atomics.fences/atomic_thread_fence.pass.cpp	PASS	PASS	SAME
std/atomics/atomics.flag/atomic_flag_clear.pass.cpp	PASS	PASS	SAME
std/atomics/atomics.flag/atomic_flag_clear_explicit.pass.cpp	PASS	PASS	SAME
std/atomics/atomics.flag/atomic_flag_test.pass.cpp	PASS	PASS	SAME
std/atomics/atomics.flag/atomic_flag_test_and_set.pass.cpp	PASS	PASS	SAME
std/atomics/atomics.flag/atomic_flag_test_and_set_explicit.pass.cpp	PASS	PASS	SAME
std/atomics/atomics.flag/atomic_flag_test_explicit.pass.cpp	PASS	PASS	SAME
std/atomics/atomics.flag/clear.pass.cpp	PASS	PASS	SAME
std/atomics/atomics.flag/copy_assign.compile.fail.cpp	PASS	PASS	SAME
std/atomics/atomics.flag/copy_ctor.compile.fail.cpp	PASS	PASS	SAME
std/atomics/atomics.flag/copy_volatile_assign.compile.fail.cpp	PASS	PASS	SAME
std/atomics/atomics.flag/default.pass.cpp	PASS	PASS	SAME
std/atomics/atomics.flag/init.pass.cpp	PASS	PASS	SAME
std/atomics/atomics.flag/test_and_set.pass.cpp	PASS	PASS	SAME
std/atomics/atomics.general/replace_failure_order.pass.cpp	PASS	PASS	SAME
std/atomics/atomics.general/replace_failure_order_codegen.sh.cpp	UNSUPPORTED	UNSUPPORTED	SAME
std/atomics/atomics.lockfree/is_always_lock_free.pass.cpp	PASS	PASS	SAME
std/atomics/atomics.lockfree/lockfree.pass.cpp	PASS	PASS	SAME
std/atomics/atomics.order/kill_dependency.pass.cpp	PASS	PASS	SAME
std/atomics/atomics.order/memory_order.pass.cpp	PASS	PASS	SAME
std/atomics/atomics.order/memory_order_new.pass.cpp	PASS	PASS	SAME
std/atomics/atomics.ref/address.pass.cpp	PASS	PASS	SAME
std/atomics/atomics.ref/assign.pass.cpp	PASS	PASS	SAME
std/atomics/atomics.ref/bitwise_and_assign.pass.cpp	PASS	PASS	SAME
std/atomics/atomics.ref/bitwise_or_assign.pass.cpp	PASS	PASS	SAME
std/atomics/atomics.ref/bitwise_xor_assign.pass.cpp	PASS	PASS	SAME
std/atomics/atomics.ref/compare_exchange_strong.pass.cpp	PASS	PASS	SAME
std/atomics/atomics.ref/compare_exchange_weak.pass.cpp	PASS	PASS	SAME
std/atomics/atomics.ref/convert.pass.cpp	PASS	PASS	SAME
std/atomics/atomics.ref/ctor.pass.cpp	PASS	PASS	SAME
std/atomics/atomics.ref/deduction.pass.cpp	PASS	PASS	SAME
std/atomics/atomics.ref/exchange.pass.cpp	PASS	PASS	SAME
std/atomics/atomics.ref/fetch_add.pass.cpp	PASS	PASS	SAME
std/atomics/atomics.ref/fetch_and.pass.cpp	PASS	PASS	SAME
std/atomics/atomics.ref/fetch_or.pass.cpp	PASS	PASS	SAME
std/atomics/atomics.ref/fetch_sub.pass.cpp	PASS	PASS	SAME
std/atomics/atomics.ref/fetch_xor.pass.cpp	PASS	PASS	SAME
std/atomics/atomics.ref/increment_decrement.pass.cpp	PASS	PASS	SAME
std/atomics/atomics.ref/is_always_lock_free.pass.cpp	PASS	PASS	SAME
std/atomics/atomics.ref/load.pass.cpp	PASS	PASS	SAME
std/atomics/atomics.ref/member_types.compile.pass.cpp	PASS	PASS	SAME
std/atomics/atomics.ref/notify_all.pass.cpp	PASS	PASS	SAME
std/atomics/atomics.ref/notify_one.pass.cpp	PASS	PASS	SAME
std/atomics/atomics.ref/operator_minus_equals.pass.cpp	PASS	PASS	SAME
std/atomics/atomics.ref/operator_plus_equals.pass.cpp	PASS	PASS	SAME
std/atomics/atomics.ref/required_alignment.pass.cpp	PASS	PASS	SAME
std/atomics/atomics.ref/requires-trivially-copyable.verify.cpp	PASS	PASS	SAME
std/atomics/atomics.ref/store.pass.cpp	PASS	PASS	SAME
std/atomics/atomics.ref/wait.pass.cpp	PASS	PASS	SAME
std/atomics/atomics.syn/nothing_to_do.pass.cpp	PASS	PASS	SAME
std/atomics/atomics.types.generic/address.pass.cpp	PASS	PASS	SAME
std/atomics/atomics.types.generic/atomics.types.float/assign.pass.cpp	PASS	PASS	SAME
std/atomics/atomics.types.generic/atomics.types.float/compare_exchange_strong.pass.cpp	PASS	PASS	SAME
std/atomics/atomics.types.generic/atomics.types.float/compare_exchange_weak.pass.cpp	PASS	PASS	SAME
std/atomics/atomics.types.generic/atomics.types.float/copy.compile.pass.cpp	PASS	PASS	SAME
std/atomics/atomics.types.generic/atomics.types.float/ctor.pass.cpp	PASS	PASS	SAME
std/atomics/atomics.types.generic/atomics.types.float/exchange.pass.cpp	PASS	PASS	SAME
std/atomics/atomics.types.generic/atomics.types.float/fetch_add.pass.cpp	PASS	PASS	SAME
std/atomics/atomics.types.generic/atomics.types.float/fetch_sub.pass.cpp	PASS	PASS	SAME
std/atomics/atomics.types.generic/atomics.types.float/load.pass.cpp	PASS	PASS	SAME
std/atomics/atomics.types.generic/atomics.types.float/lockfree.pass.cpp	PASS	PASS	SAME
std/atomics/atomics.types.generic/atomics.types.float/notify_all.pass.cpp	PASS	PASS	SAME
std/atomics/atomics.types.generic/atomics.types.float/notify_one.pass.cpp	PASS	PASS	SAME
std/atomics/atomics.types.generic/atomics.types.float/operator.float.pass.cpp	PASS	PASS	SAME
std/atomics/atomics.types.generic/atomics.types.float/operator.minus_equals.pass.cpp	PASS	PASS	SAME
std/atomics/atomics.types.generic/atomics.types.float/operator.plus_equals.pass.cpp	PASS	PASS	SAME
std/atomics/atomics.types.generic/atomics.types.float/store.pass.cpp	PASS	PASS	SAME
std/atomics/atomics.types.generic/atomics.types.float/types.compile.pass.cpp	PASS	PASS	SAME
std/atomics/atomics.types.generic/atomics.types.float/wait.pass.cpp	PASS	PASS	SAME
std/atomics/atomics.types.generic/bool.pass.cpp	PASS	PASS	SAME
std/atomics/atomics.types.generic/cas_non_power_of_2.pass.cpp	UNSUPPORTED	UNSUPPORTED	SAME
std/atomics/atomics.types.generic/constexpr_noexcept.compile.pass.cpp	PASS	PASS	SAME
std/atomics/atomics.types.generic/copy_semantics_traits.pass.cpp	PASS	PASS	SAME
std/atomics/atomics.types.generic/cstdint_typedefs.pass.cpp	PASS	PASS	SAME
std/atomics/atomics.types.generic/general.compile.pass.cpp	PASS	PASS	SAME
std/atomics/atomics.types.generic/integral.pass.cpp	PASS	PASS	SAME
std/atomics/atomics.types.generic/integral_typedefs.pass.cpp	PASS	PASS	SAME
std/atomics/atomics.types.generic/pointer.compile.pass.cpp	PASS	PASS	SAME
std/atomics/atomics.types.generic/standard_layout.compile.pass.cpp	PASS	PASS	SAME
std/atomics/atomics.types.generic/throw.pass.cpp	PASS	PASS	SAME
std/atomics/atomics.types.generic/trivially_copyable.pass.cpp	PASS	PASS	SAME
std/atomics/atomics.types.generic/trivially_copyable.verify.cpp	PASS	PASS	SAME
std/atomics/atomics.types.operations/atomics.types.operations.arith/nothing_to_do.pass.cpp	PASS	PASS	SAME
std/atomics/atomics.types.operations/atomics.types.operations.general/nothing_to_do.pass.cpp	PASS	PASS	SAME
std/atomics/atomics.types.operations/atomics.types.operations.pointer/nothing_to_do.pass.cpp	PASS	PASS	SAME
std/atomics/atomics.types.operations/atomics.types.operations.req/atomic_compare_exchange_strong.pass.cpp	PASS	PASS	SAME
std/atomics/atomics.types.operations/atomics.types.operations.req/atomic_compare_exchange_strong_explicit.pass.cpp	PASS	PASS	SAME
std/atomics/atomics.types.operations/atomics.types.operations.req/atomic_compare_exchange_weak.pass.cpp	PASS	PASS	SAME
std/atomics/atomics.types.operations/atomics.types.operations.req/atomic_compare_exchange_weak_explicit.pass.cpp	PASS	PASS	SAME
std/atomics/atomics.types.operations/atomics.types.operations.req/atomic_exchange.pass.cpp	PASS	PASS	SAME
std/atomics/atomics.types.operations/atomics.types.operations.req/atomic_exchange_explicit.pass.cpp	PASS	PASS	SAME
std/atomics/atomics.types.operations/atomics.types.operations.req/atomic_fetch_add.pass.cpp	PASS	PASS	SAME
std/atomics/atomics.types.operations/atomics.types.operations.req/atomic_fetch_add_explicit.pass.cpp	PASS	PASS	SAME
std/atomics/atomics.types.operations/atomics.types.operations.req/atomic_fetch_and.pass.cpp	PASS	PASS	SAME
std/atomics/atomics.types.operations/atomics.types.operations.req/atomic_fetch_and_explicit.pass.cpp	PASS	PASS	SAME
std/atomics/atomics.types.operations/atomics.types.operations.req/atomic_fetch_or.pass.cpp	PASS	PASS	SAME
std/atomics/atomics.types.operations/atomics.types.operations.req/atomic_fetch_or_explicit.pass.cpp	PASS	PASS	SAME
std/atomics/atomics.types.operations/atomics.types.operations.req/atomic_fetch_sub.pass.cpp	PASS	PASS	SAME
std/atomics/atomics.types.operations/atomics.types.operations.req/atomic_fetch_sub_explicit.pass.cpp	PASS	PASS	SAME
std/atomics/atomics.types.operations/atomics.types.operations.req/atomic_fetch_xor.pass.cpp	PASS	PASS	SAME
std/atomics/atomics.types.operations/atomics.types.operations.req/atomic_fetch_xor_explicit.pass.cpp	PASS	PASS	SAME
std/atomics/atomics.types.operations/atomics.types.operations.req/atomic_init.pass.cpp	PASS	PASS	SAME
std/atomics/atomics.types.operations/atomics.types.operations.req/atomic_is_lock_free.pass.cpp	PASS	PASS	SAME
std/atomics/atomics.types.operations/atomics.types.operations.req/atomic_load.pass.cpp	PASS	PASS	SAME
std/atomics/atomics.types.operations/atomics.types.operations.req/atomic_load_explicit.pass.cpp	PASS	PASS	SAME
std/atomics/atomics.types.operations/atomics.types.operations.req/atomic_store.pass.cpp	PASS	PASS	SAME
std/atomics/atomics.types.operations/atomics.types.operations.req/atomic_store_explicit.pass.cpp	PASS	PASS	SAME
std/atomics/atomics.types.operations/atomics.types.operations.req/atomic_var_init.pass.cpp	PASS	PASS	SAME
std/atomics/atomics.types.operations/atomics.types.operations.req/copy.assign.ptr.volatile.verify.cpp	PASS	PASS	SAME
std/atomics/atomics.types.operations/atomics.types.operations.req/copy.assign.volatile.verify.cpp	PASS	PASS	SAME
std/atomics/atomics.types.operations/atomics.types.operations.req/ctor.pass.cpp	PASS	PASS	SAME
std/atomics/atomics.types.operations/atomics.types.operations.req/dtor.pass.cpp	PASS	PASS	SAME
std/atomics/atomics.types.operations/atomics.types.operations.templ/nothing_to_do.pass.cpp	PASS	PASS	SAME
std/atomics/atomics.types.operations/atomics.types.operations.wait/atomic_notify_all.pass.cpp	PASS	PASS	SAME
std/atomics/atomics.types.operations/atomics.types.operations.wait/atomic_notify_one.pass.cpp	PASS	PASS	SAME
std/atomics/atomics.types.operations/atomics.types.operations.wait/atomic_wait.pass.cpp	PASS	PASS	SAME
std/atomics/atomics.types.operations/atomics.types.operations.wait/atomic_wait_explicit.pass.cpp	PASS	PASS	SAME
std/atomics/atomics.types.operations/atomics.types.operations.wait/lost_wakeup.pass.cpp	PASS	PASS	SAME
std/atomics/stdatomic.h.syn/types.compile.pass.cpp	PASS	PASS	SAME
std/atomics/types.pass.cpp	PASS	PASS	SAME
std/concepts/concepts.callable/concept.equiv/equivalence_relation.compile.pass.cpp	PASS	PASS	SAME
std/concepts/concepts.callable/concept.equiv/equivalence_relation.subsumption.compile.pass.cpp	PASS	PASS	SAME
std/concepts/concepts.callable/concept.invocable/invocable.compile.pass.cpp	PASS	PASS	SAME
std/concepts/concepts.callable/concept.predicate/predicate.compile.pass.cpp	PASS	PASS	SAME
std/concepts/concepts.callable/concept.predicate/predicate.subsumption.compile.pass.cpp	PASS	PASS	SAME
std/concepts/concepts.callable/concept.regularinvocable/regular_invocable.compile.pass.cpp	PASS	PASS	SAME
std/concepts/concepts.callable/concept.relation/relation.compile.pass.cpp	PASS	PASS	SAME
std/concepts/concepts.callable/concept.relation/relation.subsumption.compile.pass.cpp	PASS	PASS	SAME
std/concepts/concepts.callable/concept.strictweakorder/strict_weak_order.compile.pass.cpp	PASS	PASS	SAME
std/concepts/concepts.callable/concept.strictweakorder/strict_weak_order.subsumption.compile.pass.cpp	PASS	PASS	SAME
std/concepts/concepts.compare/concept.equalitycomparable/equality_comparable.compile.pass.cpp	PASS	PASS	SAME
std/concepts/concepts.compare/concept.equalitycomparable/equality_comparable_with.compile.pass.cpp	PASS	PASS	SAME
std/concepts/concepts.compare/concepts.totallyordered/totally_ordered.compile.pass.cpp	PASS	PASS	SAME
std/concepts/concepts.compare/concepts.totallyordered/totally_ordered_with.compile.pass.cpp	PASS	PASS	SAME
std/concepts/concepts.lang/concept.assignable/assignable_from.compile.pass.cpp	PASS	PASS	SAME
std/concepts/concepts.lang/concept.common/common_with.compile.pass.cpp	PASS	PASS	SAME
std/concepts/concepts.lang/concept.commonref/common_reference.compile.pass.cpp	PASS	PASS	SAME
std/concepts/concepts.lang/concept.constructible/constructible_from.compile.pass.cpp	PASS	PASS	SAME
std/concepts/concepts.lang/concept.convertible/convertible_to.pass.cpp	PASS	PASS	SAME
std/concepts/concepts.lang/concept.copyconstructible/copy_constructible.compile.pass.cpp	PASS	PASS	SAME
std/concepts/concepts.lang/concept.default.init/default_initializable.compile.pass.cpp	PASS	PASS	SAME
std/concepts/concepts.lang/concept.default.init/default_initializable.verify.cpp	PASS	PASS	SAME
std/concepts/concepts.lang/concept.derived/derived_from.pass.cpp	PASS	PASS	SAME
std/concepts/concepts.lang/concept.destructible/destructible.compile.pass.cpp	PASS	PASS	SAME
std/concepts/concepts.lang/concept.moveconstructible/move_constructible.compile.pass.cpp	PASS	PASS	SAME
std/concepts/concepts.lang/concept.same/same_as.pass.cpp	PASS	PASS	SAME
std/concepts/concepts.lang/concept.swappable/swappable.pass.cpp	PASS	PASS	SAME
std/concepts/concepts.lang/concept.swappable/swappable_with.compile.pass.cpp	PASS	PASS	SAME
std/concepts/concepts.lang/concepts.arithmetic/floating_point.compile.pass.cpp	PASS	PASS	SAME
std/concepts/concepts.lang/concepts.arithmetic/integral.compile.pass.cpp	PASS	PASS	SAME
std/concepts/concepts.lang/concepts.arithmetic/signed_integral.compile.pass.cpp	PASS	PASS	SAME
std/concepts/concepts.lang/concepts.arithmetic/unsigned_integral.compile.pass.cpp	PASS	PASS	SAME
std/concepts/concepts.object/copyable.compile.pass.cpp	PASS	PASS	SAME
std/concepts/concepts.object/movable.compile.pass.cpp	PASS	PASS	SAME
std/concepts/concepts.object/regular.compile.pass.cpp	PASS	PASS	SAME
std/concepts/concepts.object/semiregular.compile.pass.cpp	PASS	PASS	SAME
std/containers/associative/iterator_types.pass.cpp	PASS	PASS	SAME
std/containers/associative/map/PR28469_undefined_behavior_segfault.sh.cpp	PASS	PASS	SAME
std/containers/associative/map/allocator_mismatch.verify.cpp	PASS	PASS	SAME
std/containers/associative/map/compare.pass.cpp	PASS	PASS	SAME
std/containers/associative/map/find.modules.compile.pass.mm	PASS	PASS	SAME
std/containers/associative/map/gcc_workaround.compile.pass.cpp	PASS	PASS	SAME
std/containers/associative/map/get_allocator.pass.cpp	PASS	PASS	SAME
std/containers/associative/map/incomplete_type.pass.cpp	PASS	PASS	SAME
std/containers/associative/map/iterator_concept_conformance.compile.pass.cpp	PASS	PASS	SAME
std/containers/associative/map/map.access/at.pass.cpp	PASS	PASS	SAME
std/containers/associative/map/map.access/empty.pass.cpp	PASS	PASS	SAME
std/containers/associative/map/map.access/empty.verify.cpp	PASS	PASS	SAME
std/containers/associative/map/map.access/index_key.pass.cpp	PASS	PASS	SAME
std/containers/associative/map/map.access/index_rv_key.pass.cpp	PASS	PASS	SAME
std/containers/associative/map/map.access/index_tuple.pass.cpp	PASS	PASS	SAME
std/containers/associative/map/map.access/iterator.pass.cpp	PASS	PASS	SAME
std/containers/associative/map/map.access/max_size.pass.cpp	PASS	PASS	SAME
std/containers/associative/map/map.access/size.pass.cpp	PASS	PASS	SAME
std/containers/associative/map/map.cons/alloc.pass.cpp	PASS	PASS	SAME
std/containers/associative/map/map.cons/assign_initializer_list.pass.cpp	PASS	PASS	SAME
std/containers/associative/map/map.cons/compare.pass.cpp	PASS	PASS	SAME
std/containers/associative/map/map.cons/compare_alloc.pass.cpp	PASS	PASS	SAME
std/containers/associative/map/map.cons/compare_copy_constructible.compile.fail.cpp	PASS	PASS	SAME
std/containers/associative/map/map.cons/copy.pass.cpp	PASS	PASS	SAME
std/containers/associative/map/map.cons/copy_alloc.pass.cpp	PASS	PASS	SAME
std/containers/associative/map/map.cons/copy_assign.addressof.compile.pass.cpp	PASS	PASS	SAME
std/containers/associative/map/map.cons/copy_assign.pass.cpp	PASS	PASS	SAME
std/containers/associative/map/map.cons/deduct.pass.cpp	PASS	PASS	SAME
std/containers/associative/map/map.cons/deduct.verify.cpp	PASS	PASS	SAME
std/containers/associative/map/map.cons/deduct_const.pass.cpp	PASS	PASS	SAME
std/containers/associative/map/map.cons/default.pass.cpp	PASS	PASS	SAME
std/containers/associative/map/map.cons/default_noexcept.pass.cpp	PASS	PASS	SAME
std/containers/associative/map/map.cons/default_recursive.compile.pass.cpp	PASS	PASS	SAME
std/containers/associative/map/map.cons/dtor_noexcept.pass.cpp	PASS	PASS	SAME
std/containers/associative/map/map.cons/from_range.pass.cpp	PASS	PASS	SAME
std/containers/associative/map/map.cons/initializer_list.pass.cpp	PASS	PASS	SAME
std/containers/associative/map/map.cons/initializer_list_compare.pass.cpp	PASS	PASS	SAME
std/containers/associative/map/map.cons/initializer_list_compare_alloc.pass.cpp	PASS	PASS	SAME
std/containers/associative/map/map.cons/iter_iter.pass.cpp	PASS	PASS	SAME
std/containers/associative/map/map.cons/iter_iter_comp.pass.cpp	PASS	PASS	SAME
std/containers/associative/map/map.cons/iter_iter_comp_alloc.pass.cpp	PASS	PASS	SAME
std/containers/associative/map/map.cons/move.pass.cpp	PASS	PASS	SAME
std/containers/associative/map/map.cons/move_alloc.pass.cpp	PASS	PASS	SAME
std/containers/associative/map/map.cons/move_assign.pass.cpp	PASS	PASS	SAME
std/containers/associative/map/map.cons/move_assign_noexcept.compile.pass.cpp	PASS	PASS	SAME
std/containers/associative/map/map.cons/move_noexcept.pass.cpp	PASS	PASS	SAME
std/containers/associative/map/map.erasure/erase_if.pass.cpp	PASS	PASS	SAME
std/containers/associative/map/map.modifiers/clear.pass.cpp	PASS	PASS	SAME
std/containers/associative/map/map.modifiers/emplace.pass.cpp	PASS	PASS	SAME
std/containers/associative/map/map.modifiers/emplace_hint.pass.cpp	PASS	PASS	SAME
std/containers/associative/map/map.modifiers/erase_iter.pass.cpp	PASS	PASS	SAME
std/containers/associative/map/map.modifiers/erase_iter_iter.pass.cpp	PASS	PASS	SAME
std/containers/associative/map/map.modifiers/erase_key.pass.cpp	PASS	PASS	SAME
std/containers/associative/map/map.modifiers/extract_iterator.pass.cpp	PASS	PASS	SAME
std/containers/associative/map/map.modifiers/extract_key.pass.cpp	PASS	PASS	SAME
std/containers/associative/map/map.modifiers/insert_and_emplace_allocator_requirements.pass.cpp	PASS	PASS	SAME
std/containers/associative/map/map.modifiers/insert_cv.pass.cpp	PASS	PASS	SAME
std/containers/associative/map/map.modifiers/insert_initializer_list.pass.cpp	PASS	PASS	SAME
std/containers/associative/map/map.modifiers/insert_iter_cv.pass.cpp	PASS	PASS	SAME
std/containers/associative/map/map.modifiers/insert_iter_iter.pass.cpp	PASS	PASS	SAME
std/containers/associative/map/map.modifiers/insert_iter_rv.pass.cpp	PASS	PASS	SAME
std/containers/associative/map/map.modifiers/insert_node_type.pass.cpp	PASS	PASS	SAME
std/containers/associative/map/map.modifiers/insert_node_type_hint.pass.cpp	PASS	PASS	SAME
std/containers/associative/map/map.modifiers/insert_or_assign.pass.cpp	PASS	PASS	SAME
std/containers/associative/map/map.modifiers/insert_range.pass.cpp	PASS	PASS	SAME
std/containers/associative/map/map.modifiers/insert_rv.pass.cpp	PASS	PASS	SAME
std/containers/associative/map/map.modifiers/merge.pass.cpp	PASS	PASS	SAME
std/containers/associative/map/map.modifiers/try.emplace.pass.cpp	PASS	PASS	SAME
std/containers/associative/map/map.nonmember/compare.three_way.pass.cpp	PASS	PASS	SAME
std/containers/associative/map/map.nonmember/compare.three_way.verify.cpp	PASS	PASS	SAME
std/containers/associative/map/map.nonmember/op_compare.pass.cpp	PASS	PASS	SAME
std/containers/associative/map/map.observers/key_comp.pass.cpp	PASS	PASS	SAME
std/containers/associative/map/map.observers/value_comp.pass.cpp	PASS	PASS	SAME
std/containers/associative/map/map.ops/contains.pass.cpp	PASS	PASS	SAME
std/containers/associative/map/map.ops/contains_transparent.pass.cpp	PASS	PASS	SAME
std/containers/associative/map/map.ops/count.pass.cpp	PASS	PASS	SAME
std/containers/associative/map/map.ops/count0.pass.cpp	PASS	PASS	SAME
std/containers/associative/map/map.ops/count1.compile.fail.cpp	PASS	PASS	SAME
std/containers/associative/map/map.ops/count2.compile.fail.cpp	PASS	PASS	SAME
std/containers/associative/map/map.ops/count3.compile.fail.cpp	PASS	PASS	SAME
std/containers/associative/map/map.ops/count_transparent.pass.cpp	PASS	PASS	SAME
std/containers/associative/map/map.ops/equal_range.pass.cpp	PASS	PASS	SAME
std/containers/associative/map/map.ops/equal_range0.pass.cpp	PASS	PASS	SAME
std/containers/associative/map/map.ops/equal_range1.compile.fail.cpp	PASS	PASS	SAME
std/containers/associative/map/map.ops/equal_range2.compile.fail.cpp	PASS	PASS	SAME
std/containers/associative/map/map.ops/equal_range3.compile.fail.cpp	PASS	PASS	SAME
std/containers/associative/map/map.ops/equal_range_transparent.pass.cpp	PASS	PASS	SAME
std/containers/associative/map/map.ops/find.pass.cpp	PASS	PASS	SAME
std/containers/associative/map/map.ops/find0.pass.cpp	PASS	PASS	SAME
std/containers/associative/map/map.ops/find1.compile.fail.cpp	PASS	PASS	SAME
std/containers/associative/map/map.ops/find2.compile.fail.cpp	PASS	PASS	SAME
std/containers/associative/map/map.ops/find3.compile.fail.cpp	PASS	PASS	SAME
std/containers/associative/map/map.ops/lower_bound.pass.cpp	PASS	PASS	SAME
std/containers/associative/map/map.ops/lower_bound0.pass.cpp	PASS	PASS	SAME
std/containers/associative/map/map.ops/lower_bound1.compile.fail.cpp	PASS	PASS	SAME
std/containers/associative/map/map.ops/lower_bound2.compile.fail.cpp	PASS	PASS	SAME
std/containers/associative/map/map.ops/lower_bound3.compile.fail.cpp	PASS	PASS	SAME
std/containers/associative/map/map.ops/upper_bound.pass.cpp	PASS	PASS	SAME
std/containers/associative/map/map.ops/upper_bound0.pass.cpp	PASS	PASS	SAME
std/containers/associative/map/map.ops/upper_bound1.compile.fail.cpp	PASS	PASS	SAME
std/containers/associative/map/map.ops/upper_bound2.compile.fail.cpp	PASS	PASS	SAME
std/containers/associative/map/map.ops/upper_bound3.compile.fail.cpp	PASS	PASS	SAME
std/containers/associative/map/map.special/member_swap.pass.cpp	PASS	PASS	SAME
std/containers/associative/map/map.special/non_member_swap.pass.cpp	PASS	PASS	SAME
std/containers/associative/map/map.special/swap_noexcept.pass.cpp	PASS	PASS	SAME
std/containers/associative/map/map.value_compare/invoke.pass.cpp	PASS	PASS	SAME
std/containers/associative/map/map.value_compare/types.pass.cpp	UNSUPPORTED	UNSUPPORTED	SAME
std/containers/associative/map/range_concept_conformance.compile.pass.cpp	PASS	PASS	SAME
std/containers/associative/map/types.pass.cpp	PASS	PASS	SAME
std/containers/associative/multimap/allocator_mismatch.verify.cpp	PASS	PASS	SAME
std/containers/associative/multimap/empty.pass.cpp	PASS	PASS	SAME
std/containers/associative/multimap/empty.verify.cpp	PASS	PASS	SAME
std/containers/associative/multimap/get_allocator.pass.cpp	PASS	PASS	SAME
std/containers/associative/multimap/incomplete_type.pass.cpp	PASS	PASS	SAME
std/containers/associative/multimap/iterator.pass.cpp	PASS	PASS	SAME
std/containers/associative/multimap/iterator_concept_conformance.compile.pass.cpp	PASS	PASS	SAME
std/containers/associative/multimap/max_size.pass.cpp	PASS	PASS	SAME
std/containers/associative/multimap/multimap.cons/alloc.pass.cpp	PASS	PASS	SAME
std/containers/associative/multimap/multimap.cons/assign_initializer_list.pass.cpp	PASS	PASS	SAME
std/containers/associative/multimap/multimap.cons/compare.pass.cpp	PASS	PASS	SAME
std/containers/associative/multimap/multimap.cons/compare_alloc.pass.cpp	PASS	PASS	SAME
std/containers/associative/multimap/multimap.cons/compare_copy_constructible.compile.fail.cpp	PASS	PASS	SAME
std/containers/associative/multimap/multimap.cons/copy.pass.cpp	PASS	PASS	SAME
std/containers/associative/multimap/multimap.cons/copy_alloc.pass.cpp	PASS	PASS	SAME
std/containers/associative/multimap/multimap.cons/copy_assign.addressof.compile.pass.cpp	PASS	PASS	SAME
std/containers/associative/multimap/multimap.cons/copy_assign.pass.cpp	PASS	PASS	SAME
std/containers/associative/multimap/multimap.cons/deduct.pass.cpp	PASS	PASS	SAME
std/containers/associative/multimap/multimap.cons/deduct.verify.cpp	PASS	PASS	SAME
std/containers/associative/multimap/multimap.cons/deduct_const.pass.cpp	PASS	PASS	SAME
std/containers/associative/multimap/multimap.cons/default.pass.cpp	PASS	PASS	SAME
std/containers/associative/multimap/multimap.cons/default_noexcept.pass.cpp	PASS	PASS	SAME
std/containers/associative/multimap/multimap.cons/default_recursive.compile.pass.cpp	PASS	PASS	SAME
std/containers/associative/multimap/multimap.cons/dtor_noexcept.pass.cpp	PASS	PASS	SAME
std/containers/associative/multimap/multimap.cons/from_range.pass.cpp	PASS	PASS	SAME
std/containers/associative/multimap/multimap.cons/initializer_list.pass.cpp	PASS	PASS	SAME
std/containers/associative/multimap/multimap.cons/initializer_list_compare.pass.cpp	PASS	PASS	SAME
std/containers/associative/multimap/multimap.cons/initializer_list_compare_alloc.pass.cpp	PASS	PASS	SAME
std/containers/associative/multimap/multimap.cons/iter_iter.pass.cpp	PASS	PASS	SAME
std/containers/associative/multimap/multimap.cons/iter_iter_comp.pass.cpp	PASS	PASS	SAME
std/containers/associative/multimap/multimap.cons/iter_iter_comp_alloc.pass.cpp	PASS	PASS	SAME
std/containers/associative/multimap/multimap.cons/move.pass.cpp	PASS	PASS	SAME
std/containers/associative/multimap/multimap.cons/move_alloc.pass.cpp	PASS	PASS	SAME
std/containers/associative/multimap/multimap.cons/move_assign.pass.cpp	PASS	PASS	SAME
std/containers/associative/multimap/multimap.cons/move_assign_noexcept.compile.pass.cpp	PASS	PASS	SAME
std/containers/associative/multimap/multimap.cons/move_noexcept.pass.cpp	PASS	PASS	SAME
std/containers/associative/multimap/multimap.erasure/erase_if.pass.cpp	PASS	PASS	SAME
std/containers/associative/multimap/multimap.modifiers/clear.pass.cpp	PASS	PASS	SAME
std/containers/associative/multimap/multimap.modifiers/emplace.pass.cpp	PASS	PASS	SAME
std/containers/associative/multimap/multimap.modifiers/emplace_hint.pass.cpp	PASS	PASS	SAME
std/containers/associative/multimap/multimap.modifiers/erase_iter.pass.cpp	PASS	PASS	SAME
std/containers/associative/multimap/multimap.modifiers/erase_iter_iter.pass.cpp	PASS	PASS	SAME
std/containers/associative/multimap/multimap.modifiers/erase_key.pass.cpp	PASS	PASS	SAME
std/containers/associative/multimap/multimap.modifiers/extract_iterator.pass.cpp	PASS	PASS	SAME
std/containers/associative/multimap/multimap.modifiers/extract_key.pass.cpp	PASS	PASS	SAME
std/containers/associative/multimap/multimap.modifiers/insert_allocator_requirements.pass.cpp	PASS	PASS	SAME
std/containers/associative/multimap/multimap.modifiers/insert_cv.pass.cpp	PASS	PASS	SAME
std/containers/associative/multimap/multimap.modifiers/insert_initializer_list.pass.cpp	PASS	PASS	SAME
std/containers/associative/multimap/multimap.modifiers/insert_iter_cv.pass.cpp	PASS	PASS	SAME
std/containers/associative/multimap/multimap.modifiers/insert_iter_iter.pass.cpp	PASS	PASS	SAME
std/containers/associative/multimap/multimap.modifiers/insert_iter_rv.pass.cpp	PASS	PASS	SAME
std/containers/associative/multimap/multimap.modifiers/insert_node_type.pass.cpp	PASS	PASS	SAME
std/containers/associative/multimap/multimap.modifiers/insert_node_type_hint.pass.cpp	PASS	PASS	SAME
std/containers/associative/multimap/multimap.modifiers/insert_range.pass.cpp	PASS	PASS	SAME
std/containers/associative/multimap/multimap.modifiers/insert_rv.pass.cpp	PASS	PASS	SAME
std/containers/associative/multimap/multimap.modifiers/merge.pass.cpp	PASS	PASS	SAME
std/containers/associative/multimap/multimap.nonmember/compare.three_way.pass.cpp	PASS	PASS	SAME
std/containers/associative/multimap/multimap.nonmember/compare.three_way.verify.cpp	PASS	PASS	SAME
std/containers/associative/multimap/multimap.nonmember/op_compare.pass.cpp	PASS	PASS	SAME
std/containers/associative/multimap/multimap.observers/key_comp.pass.cpp	PASS	PASS	SAME
std/containers/associative/multimap/multimap.observers/value_comp.pass.cpp	PASS	PASS	SAME
std/containers/associative/multimap/multimap.ops/count.pass.cpp	PASS	PASS	SAME
std/containers/associative/multimap/multimap.ops/count0.pass.cpp	PASS	PASS	SAME
std/containers/associative/multimap/multimap.ops/count1.compile.fail.cpp	PASS	PASS	SAME
std/containers/associative/multimap/multimap.ops/count2.compile.fail.cpp	PASS	PASS	SAME
std/containers/associative/multimap/multimap.ops/count3.compile.fail.cpp	PASS	PASS	SAME
std/containers/associative/multimap/multimap.ops/count_transparent.pass.cpp	PASS	PASS	SAME
std/containers/associative/multimap/multimap.ops/equal_range.pass.cpp	PASS	PASS	SAME
std/containers/associative/multimap/multimap.ops/equal_range0.pass.cpp	PASS	PASS	SAME
std/containers/associative/multimap/multimap.ops/equal_range1.compile.fail.cpp	PASS	PASS	SAME
std/containers/associative/multimap/multimap.ops/equal_range2.compile.fail.cpp	PASS	PASS	SAME
std/containers/associative/multimap/multimap.ops/equal_range3.compile.fail.cpp	PASS	PASS	SAME
std/containers/associative/multimap/multimap.ops/equal_range_transparent.pass.cpp	PASS	PASS	SAME
std/containers/associative/multimap/multimap.ops/find.pass.cpp	PASS	PASS	SAME
std/containers/associative/multimap/multimap.ops/find0.pass.cpp	PASS	PASS	SAME
std/containers/associative/multimap/multimap.ops/find1.compile.fail.cpp	PASS	PASS	SAME
std/containers/associative/multimap/multimap.ops/find2.compile.fail.cpp	PASS	PASS	SAME
std/containers/associative/multimap/multimap.ops/find3.compile.fail.cpp	PASS	PASS	SAME
std/containers/associative/multimap/multimap.ops/lower_bound.pass.cpp	PASS	PASS	SAME
std/containers/associative/multimap/multimap.ops/lower_bound0.pass.cpp	PASS	PASS	SAME
std/containers/associative/multimap/multimap.ops/lower_bound1.compile.fail.cpp	PASS	PASS	SAME
std/containers/associative/multimap/multimap.ops/lower_bound2.compile.fail.cpp	PASS	PASS	SAME
std/containers/associative/multimap/multimap.ops/lower_bound3.compile.fail.cpp	PASS	PASS	SAME
std/containers/associative/multimap/multimap.ops/upper_bound.pass.cpp	PASS	PASS	SAME
std/containers/associative/multimap/multimap.ops/upper_bound0.pass.cpp	PASS	PASS	SAME
std/containers/associative/multimap/multimap.ops/upper_bound1.compile.fail.cpp	PASS	PASS	SAME
std/containers/associative/multimap/multimap.ops/upper_bound2.compile.fail.cpp	PASS	PASS	SAME
std/containers/associative/multimap/multimap.ops/upper_bound3.compile.fail.cpp	PASS	PASS	SAME
std/containers/associative/multimap/multimap.special/member_swap.pass.cpp	PASS	PASS	SAME
std/containers/associative/multimap/multimap.special/non_member_swap.pass.cpp	PASS	PASS	SAME
std/containers/associative/multimap/multimap.special/swap_noexcept.pass.cpp	PASS	PASS	SAME
std/containers/associative/multimap/multimap.value_compare/invoke.pass.cpp	PASS	PASS	SAME
std/containers/associative/multimap/multimap.value_compare/types.pass.cpp	UNSUPPORTED	UNSUPPORTED	SAME
std/containers/associative/multimap/range_concept_conformance.compile.pass.cpp	PASS	PASS	SAME
std/containers/associative/multimap/size.pass.cpp	PASS	PASS	SAME
std/containers/associative/multimap/types.pass.cpp	PASS	PASS	SAME
std/containers/associative/multiset/allocator_mismatch.verify.cpp	PASS	PASS	SAME
std/containers/associative/multiset/clear.pass.cpp	PASS	PASS	SAME
std/containers/associative/multiset/count.pass.cpp	PASS	PASS	SAME
std/containers/associative/multiset/count_transparent.pass.cpp	PASS	PASS	SAME
std/containers/associative/multiset/emplace.pass.cpp	PASS	PASS	SAME
std/containers/associative/multiset/emplace_hint.pass.cpp	PASS	PASS	SAME
std/containers/associative/multiset/empty.pass.cpp	PASS	PASS	SAME
std/containers/associative/multiset/empty.verify.cpp	PASS	PASS	SAME
std/containers/associative/multiset/equal_range.pass.cpp	PASS	PASS	SAME
std/containers/associative/multiset/equal_range_transparent.pass.cpp	PASS	PASS	SAME
std/containers/associative/multiset/erase_iter.pass.cpp	PASS	PASS	SAME
std/containers/associative/multiset/erase_iter_iter.pass.cpp	PASS	PASS	SAME
std/containers/associative/multiset/erase_key.pass.cpp	PASS	PASS	SAME
std/containers/associative/multiset/extract_iterator.pass.cpp	PASS	PASS	SAME
std/containers/associative/multiset/extract_key.pass.cpp	PASS	PASS	SAME
std/containers/associative/multiset/find.pass.cpp	PASS	PASS	SAME
std/containers/associative/multiset/get_allocator.pass.cpp	PASS	PASS	SAME
std/containers/associative/multiset/incomplete_type.pass.cpp	PASS	PASS	SAME
std/containers/associative/multiset/insert_cv.pass.cpp	PASS	PASS	SAME
std/containers/associative/multiset/insert_emplace_allocator_requirements.pass.cpp	PASS	PASS	SAME
std/containers/associative/multiset/insert_initializer_list.pass.cpp	PASS	PASS	SAME
std/containers/associative/multiset/insert_iter_cv.pass.cpp	PASS	PASS	SAME
std/containers/associative/multiset/insert_iter_iter.pass.cpp	PASS	PASS	SAME
std/containers/associative/multiset/insert_iter_rv.pass.cpp	PASS	PASS	SAME
std/containers/associative/multiset/insert_node_type.pass.cpp	PASS	PASS	SAME
std/containers/associative/multiset/insert_node_type_hint.pass.cpp	PASS	PASS	SAME
std/containers/associative/multiset/insert_range.pass.cpp	PASS	PASS	SAME
std/containers/associative/multiset/insert_rv.pass.cpp	PASS	PASS	SAME
std/containers/associative/multiset/iterator.pass.cpp	PASS	PASS	SAME
std/containers/associative/multiset/iterator_concept_conformance.compile.pass.cpp	PASS	PASS	SAME
std/containers/associative/multiset/lower_bound.pass.cpp	PASS	PASS	SAME
std/containers/associative/multiset/max_size.pass.cpp	PASS	PASS	SAME
std/containers/associative/multiset/merge.pass.cpp	PASS	PASS	SAME
std/containers/associative/multiset/multiset.cons/alloc.pass.cpp	PASS	PASS	SAME
std/containers/associative/multiset/multiset.cons/assign_initializer_list.pass.cpp	PASS	PASS	SAME
std/containers/associative/multiset/multiset.cons/compare.pass.cpp	PASS	PASS	SAME
std/containers/associative/multiset/multiset.cons/compare_alloc.pass.cpp	PASS	PASS	SAME
std/containers/associative/multiset/multiset.cons/compare_copy_constructible.compile.fail.cpp	PASS	PASS	SAME
std/containers/associative/multiset/multiset.cons/copy.pass.cpp	PASS	PASS	SAME
std/containers/associative/multiset/multiset.cons/copy_alloc.pass.cpp	PASS	PASS	SAME
std/containers/associative/multiset/multiset.cons/copy_assign.addressof.compile.pass.cpp	PASS	PASS	SAME
std/containers/associative/multiset/multiset.cons/copy_assign.pass.cpp	PASS	PASS	SAME
std/containers/associative/multiset/multiset.cons/deduct.pass.cpp	PASS	PASS	SAME
std/containers/associative/multiset/multiset.cons/deduct.verify.cpp	PASS	PASS	SAME
std/containers/associative/multiset/multiset.cons/default.pass.cpp	PASS	PASS	SAME
std/containers/associative/multiset/multiset.cons/default_noexcept.pass.cpp	PASS	PASS	SAME
std/containers/associative/multiset/multiset.cons/dtor_noexcept.pass.cpp	PASS	PASS	SAME
std/containers/associative/multiset/multiset.cons/from_range.pass.cpp	PASS	PASS	SAME
std/containers/associative/multiset/multiset.cons/initializer_list.pass.cpp	PASS	PASS	SAME
std/containers/associative/multiset/multiset.cons/initializer_list_compare.pass.cpp	PASS	PASS	SAME
std/containers/associative/multiset/multiset.cons/initializer_list_compare_alloc.pass.cpp	PASS	PASS	SAME
std/containers/associative/multiset/multiset.cons/iter_iter.pass.cpp	PASS	PASS	SAME
std/containers/associative/multiset/multiset.cons/iter_iter_alloc.pass.cpp	PASS	PASS	SAME
std/containers/associative/multiset/multiset.cons/iter_iter_comp.pass.cpp	PASS	PASS	SAME
std/containers/associative/multiset/multiset.cons/move.pass.cpp	PASS	PASS	SAME
std/containers/associative/multiset/multiset.cons/move_alloc.pass.cpp	PASS	PASS	SAME
std/containers/associative/multiset/multiset.cons/move_assign.pass.cpp	PASS	PASS	SAME
std/containers/associative/multiset/multiset.cons/move_assign_noexcept.compile.pass.cpp	PASS	PASS	SAME
std/containers/associative/multiset/multiset.cons/move_noexcept.pass.cpp	PASS	PASS	SAME
std/containers/associative/multiset/multiset.erasure/erase_if.pass.cpp	PASS	PASS	SAME
std/containers/associative/multiset/multiset.nonmember/compare.three_way.pass.cpp	PASS	PASS	SAME
std/containers/associative/multiset/multiset.nonmember/compare.three_way.verify.cpp	PASS	PASS	SAME
std/containers/associative/multiset/multiset.nonmember/op_compare.pass.cpp	PASS	PASS	SAME
std/containers/associative/multiset/multiset.observers/comp.pass.cpp	PASS	PASS	SAME
std/containers/associative/multiset/multiset.special/member_swap.pass.cpp	PASS	PASS	SAME
std/containers/associative/multiset/multiset.special/non_member_swap.pass.cpp	PASS	PASS	SAME
std/containers/associative/multiset/multiset.special/swap_noexcept.pass.cpp	PASS	PASS	SAME
std/containers/associative/multiset/range_concept_conformance.compile.pass.cpp	PASS	PASS	SAME
std/containers/associative/multiset/size.pass.cpp	PASS	PASS	SAME
std/containers/associative/multiset/types.pass.cpp	PASS	PASS	SAME
std/containers/associative/multiset/upper_bound.pass.cpp	PASS	PASS	SAME
std/containers/associative/set/allocator_mismatch.verify.cpp	PASS	PASS	SAME
std/containers/associative/set/clear.pass.cpp	PASS	PASS	SAME
std/containers/associative/set/contains.pass.cpp	PASS	PASS	SAME
std/containers/associative/set/contains_transparent.pass.cpp	PASS	PASS	SAME
std/containers/associative/set/count.pass.cpp	PASS	PASS	SAME
std/containers/associative/set/count_transparent.pass.cpp	PASS	PASS	SAME
std/containers/associative/set/emplace.pass.cpp	PASS	PASS	SAME
std/containers/associative/set/emplace_hint.pass.cpp	PASS	PASS	SAME
std/containers/associative/set/empty.pass.cpp	PASS	PASS	SAME
std/containers/associative/set/empty.verify.cpp	PASS	PASS	SAME
std/containers/associative/set/equal_range.pass.cpp	PASS	PASS	SAME
std/containers/associative/set/equal_range_transparent.pass.cpp	PASS	PASS	SAME
std/containers/associative/set/erase_iter.pass.cpp	PASS	PASS	SAME
std/containers/associative/set/erase_iter_iter.pass.cpp	PASS	PASS	SAME
std/containers/associative/set/erase_key.pass.cpp	PASS	PASS	SAME
std/containers/associative/set/extract_iterator.pass.cpp	PASS	PASS	SAME
std/containers/associative/set/extract_key.pass.cpp	PASS	PASS	SAME
std/containers/associative/set/find.pass.cpp	PASS	PASS	SAME
std/containers/associative/set/gcc_workaround.compile.pass.cpp	PASS	PASS	SAME
std/containers/associative/set/get_allocator.pass.cpp	PASS	PASS	SAME
std/containers/associative/set/incomplete_type.pass.cpp	PASS	PASS	SAME
std/containers/associative/set/insert_and_emplace_allocator_requirements.pass.cpp	PASS	PASS	SAME
std/containers/associative/set/insert_cv.pass.cpp	PASS	PASS	SAME
std/containers/associative/set/insert_initializer_list.pass.cpp	PASS	PASS	SAME
std/containers/associative/set/insert_iter_cv.pass.cpp	PASS	PASS	SAME
std/containers/associative/set/insert_iter_iter.pass.cpp	PASS	PASS	SAME
std/containers/associative/set/insert_iter_rv.pass.cpp	PASS	PASS	SAME
std/containers/associative/set/insert_node_type.pass.cpp	PASS	PASS	SAME
std/containers/associative/set/insert_node_type_hint.pass.cpp	PASS	PASS	SAME
std/containers/associative/set/insert_range.pass.cpp	PASS	PASS	SAME
std/containers/associative/set/insert_rv.pass.cpp	PASS	PASS	SAME
std/containers/associative/set/iterator.pass.cpp	PASS	PASS	SAME
std/containers/associative/set/iterator_concept_conformance.compile.pass.cpp	PASS	PASS	SAME
std/containers/associative/set/lower_bound.pass.cpp	PASS	PASS	SAME
std/containers/associative/set/max_size.pass.cpp	PASS	PASS	SAME
std/containers/associative/set/merge.pass.cpp	PASS	PASS	SAME
std/containers/associative/set/range_concept_conformance.compile.pass.cpp	PASS	PASS	SAME
std/containers/associative/set/set.cons/alloc.pass.cpp	PASS	PASS	SAME
std/containers/associative/set/set.cons/assign_initializer_list.pass.cpp	PASS	PASS	SAME
std/containers/associative/set/set.cons/compare.pass.cpp	PASS	PASS	SAME
std/containers/associative/set/set.cons/compare_alloc.pass.cpp	PASS	PASS	SAME
std/containers/associative/set/set.cons/compare_copy_constructible.compile.fail.cpp	PASS	PASS	SAME
std/containers/associative/set/set.cons/copy.pass.cpp	PASS	PASS	SAME
std/containers/associative/set/set.cons/copy_alloc.pass.cpp	PASS	PASS	SAME
std/containers/associative/set/set.cons/copy_assign.addressof.compile.pass.cpp	PASS	PASS	SAME
std/containers/associative/set/set.cons/copy_assign.pass.cpp	PASS	PASS	SAME
std/containers/associative/set/set.cons/deduct.pass.cpp	PASS	PASS	SAME
std/containers/associative/set/set.cons/deduct.verify.cpp	PASS	PASS	SAME
std/containers/associative/set/set.cons/default.pass.cpp	PASS	PASS	SAME
std/containers/associative/set/set.cons/default_noexcept.pass.cpp	PASS	PASS	SAME
std/containers/associative/set/set.cons/dtor_noexcept.pass.cpp	PASS	PASS	SAME
std/containers/associative/set/set.cons/from_range.pass.cpp	PASS	PASS	SAME
std/containers/associative/set/set.cons/initializer_list.pass.cpp	PASS	PASS	SAME
std/containers/associative/set/set.cons/initializer_list_compare.pass.cpp	PASS	PASS	SAME
std/containers/associative/set/set.cons/initializer_list_compare_alloc.pass.cpp	PASS	PASS	SAME
std/containers/associative/set/set.cons/iter_iter.pass.cpp	PASS	PASS	SAME
std/containers/associative/set/set.cons/iter_iter_alloc.pass.cpp	PASS	PASS	SAME
std/containers/associative/set/set.cons/iter_iter_comp.pass.cpp	PASS	PASS	SAME
std/containers/associative/set/set.cons/move.pass.cpp	PASS	PASS	SAME
std/containers/associative/set/set.cons/move_alloc.pass.cpp	PASS	PASS	SAME
std/containers/associative/set/set.cons/move_assign.pass.cpp	PASS	PASS	SAME
std/containers/associative/set/set.cons/move_assign_noexcept.compile.pass.cpp	PASS	PASS	SAME
std/containers/associative/set/set.cons/move_noexcept.pass.cpp	PASS	PASS	SAME
std/containers/associative/set/set.erasure/erase_if.pass.cpp	PASS	PASS	SAME
std/containers/associative/set/set.nonmember/compare.three_way.pass.cpp	PASS	PASS	SAME
std/containers/associative/set/set.nonmember/compare.three_way.verify.cpp	PASS	PASS	SAME
std/containers/associative/set/set.nonmember/op_compare.pass.cpp	PASS	PASS	SAME
std/containers/associative/set/set.observers/comp.pass.cpp	PASS	PASS	SAME
std/containers/associative/set/set.special/member_swap.pass.cpp	PASS	PASS	SAME
std/containers/associative/set/set.special/non_member_swap.pass.cpp	PASS	PASS	SAME
std/containers/associative/set/set.special/swap_noexcept.pass.cpp	PASS	PASS	SAME
std/containers/associative/set/size.pass.cpp	PASS	PASS	SAME
std/containers/associative/set/types.pass.cpp	PASS	PASS	SAME
std/containers/associative/set/upper_bound.pass.cpp	PASS	PASS	SAME
std/containers/container.adaptors/container.adaptors.format/format.functions.format.pass.cpp	PASS	PASS	SAME
std/containers/container.adaptors/container.adaptors.format/format.functions.vformat.pass.cpp	PASS	PASS	SAME
std/containers/container.adaptors/container.adaptors.format/format.pass.cpp	PASS	PASS	SAME
std/containers/container.adaptors/container.adaptors.format/parse.pass.cpp	PASS	PASS	SAME
std/containers/container.adaptors/container.adaptors.format/types.compile.pass.cpp	PASS	PASS	SAME
std/containers/container.adaptors/flat.map.syn/sorted_equivalent.pass.cpp	PASS	PASS	SAME
std/containers/container.adaptors/flat.map.syn/sorted_unique.pass.cpp	PASS	PASS	SAME
std/containers/container.adaptors/flat.map/flat.map.access/at.pass.cpp	PASS	PASS	SAME
std/containers/container.adaptors/flat.map/flat.map.access/at_transparent.pass.cpp	PASS	PASS	SAME
std/containers/container.adaptors/flat.map/flat.map.access/index_key.pass.cpp	PASS	PASS	SAME
std/containers/container.adaptors/flat.map/flat.map.access/index_rv_key.pass.cpp	PASS	PASS	SAME
std/containers/container.adaptors/flat.map/flat.map.access/index_transparent.pass.cpp	PASS	PASS	SAME
std/containers/container.adaptors/flat.map/flat.map.capacity/empty.pass.cpp	PASS	PASS	SAME
std/containers/container.adaptors/flat.map/flat.map.capacity/max_size.pass.cpp	PASS	PASS	SAME
std/containers/container.adaptors/flat.map/flat.map.capacity/size.pass.cpp	PASS	PASS	SAME
std/containers/container.adaptors/flat.map/flat.map.cons/alloc.pass.cpp	PASS	PASS	SAME
std/containers/container.adaptors/flat.map/flat.map.cons/assign_initializer_list.pass.cpp	PASS	PASS	SAME
std/containers/container.adaptors/flat.map/flat.map.cons/compare.pass.cpp	PASS	PASS	SAME
std/containers/container.adaptors/flat.map/flat.map.cons/containers.pass.cpp	PASS	PASS	SAME
std/containers/container.adaptors/flat.map/flat.map.cons/copy.pass.cpp	PASS	PASS	SAME
std/containers/container.adaptors/flat.map/flat.map.cons/copy_alloc.pass.cpp	PASS	PASS	SAME
std/containers/container.adaptors/flat.map/flat.map.cons/copy_assign.addressof.compile.pass.cpp	PASS	PASS	SAME
std/containers/container.adaptors/flat.map/flat.map.cons/copy_assign.pass.cpp	PASS	PASS	SAME
std/containers/container.adaptors/flat.map/flat.map.cons/deduct.compile.pass.cpp	PASS	PASS	SAME
std/containers/container.adaptors/flat.map/flat.map.cons/deduct.pass.cpp	PASS	PASS	SAME
std/containers/container.adaptors/flat.map/flat.map.cons/deduct.verify.cpp	PASS	PASS	SAME
std/containers/container.adaptors/flat.map/flat.map.cons/deduct_pmr.pass.cpp	PASS	PASS	SAME
std/containers/container.adaptors/flat.map/flat.map.cons/default.pass.cpp	PASS	PASS	SAME
std/containers/container.adaptors/flat.map/flat.map.cons/default_noexcept.pass.cpp	PASS	PASS	SAME
std/containers/container.adaptors/flat.map/flat.map.cons/dtor_noexcept.pass.cpp	PASS	PASS	SAME
std/containers/container.adaptors/flat.map/flat.map.cons/initializer_list.pass.cpp	PASS	PASS	SAME
std/containers/container.adaptors/flat.map/flat.map.cons/iter_iter.pass.cpp	PASS	PASS	SAME
std/containers/container.adaptors/flat.map/flat.map.cons/move.pass.cpp	PASS	PASS	SAME
std/containers/container.adaptors/flat.map/flat.map.cons/move_alloc.pass.cpp	PASS	PASS	SAME
std/containers/container.adaptors/flat.map/flat.map.cons/move_assign.pass.cpp	PASS	PASS	SAME
std/containers/container.adaptors/flat.map/flat.map.cons/move_assign_clears.pass.cpp	PASS	PASS	SAME
std/containers/container.adaptors/flat.map/flat.map.cons/move_assign_noexcept.compile.pass.cpp	PASS	PASS	SAME
std/containers/container.adaptors/flat.map/flat.map.cons/move_exceptions.pass.cpp	PASS	PASS	SAME
std/containers/container.adaptors/flat.map/flat.map.cons/move_noexcept.pass.cpp	PASS	PASS	SAME
std/containers/container.adaptors/flat.map/flat.map.cons/pmr.pass.cpp	PASS	PASS	SAME
std/containers/container.adaptors/flat.map/flat.map.cons/range.pass.cpp	PASS	PASS	SAME
std/containers/container.adaptors/flat.map/flat.map.cons/sorted_container.pass.cpp	PASS	PASS	SAME
std/containers/container.adaptors/flat.map/flat.map.cons/sorted_initializer_list.pass.cpp	PASS	PASS	SAME
std/containers/container.adaptors/flat.map/flat.map.cons/sorted_iter_iter.pass.cpp	PASS	PASS	SAME
std/containers/container.adaptors/flat.map/flat.map.erasure/erase_if.pass.cpp	PASS	PASS	SAME
std/containers/container.adaptors/flat.map/flat.map.erasure/erase_if_exceptions.pass.cpp	PASS	PASS	SAME
std/containers/container.adaptors/flat.map/flat.map.iterators/iterator.pass.cpp	PASS	PASS	SAME
std/containers/container.adaptors/flat.map/flat.map.iterators/iterator_comparison.pass.cpp	PASS	PASS	SAME
std/containers/container.adaptors/flat.map/flat.map.iterators/iterator_concept_conformance.compile.pass.cpp	PASS	PASS	SAME
std/containers/container.adaptors/flat.map/flat.map.iterators/range_concept_conformance.compile.pass.cpp	PASS	PASS	SAME
std/containers/container.adaptors/flat.map/flat.map.iterators/reverse_iterator.pass.cpp	PASS	PASS	SAME
std/containers/container.adaptors/flat.map/flat.map.modifiers/clear.pass.cpp	PASS	PASS	SAME
std/containers/container.adaptors/flat.map/flat.map.modifiers/emplace.pass.cpp	PASS	PASS	SAME
std/containers/container.adaptors/flat.map/flat.map.modifiers/emplace_hint.pass.cpp	PASS	PASS	SAME
std/containers/container.adaptors/flat.map/flat.map.modifiers/erase_iter.pass.cpp	PASS	PASS	SAME
std/containers/container.adaptors/flat.map/flat.map.modifiers/erase_iter_iter.pass.cpp	PASS	PASS	SAME
std/containers/container.adaptors/flat.map/flat.map.modifiers/erase_key.pass.cpp	PASS	PASS	SAME
std/containers/container.adaptors/flat.map/flat.map.modifiers/erase_key_transparent.pass.cpp	PASS	PASS	SAME
std/containers/container.adaptors/flat.map/flat.map.modifiers/extract.pass.cpp	PASS	PASS	SAME
std/containers/container.adaptors/flat.map/flat.map.modifiers/insert_cv.pass.cpp	PASS	PASS	SAME
std/containers/container.adaptors/flat.map/flat.map.modifiers/insert_initializer_list.pass.cpp	PASS	PASS	SAME
std/containers/container.adaptors/flat.map/flat.map.modifiers/insert_iter_cv.pass.cpp	PASS	PASS	SAME
std/containers/container.adaptors/flat.map/flat.map.modifiers/insert_iter_iter.pass.cpp	PASS	PASS	SAME
std/containers/container.adaptors/flat.map/flat.map.modifiers/insert_iter_rv.pass.cpp	PASS	PASS	SAME
std/containers/container.adaptors/flat.map/flat.map.modifiers/insert_or_assign.pass.cpp	PASS	PASS	SAME
std/containers/container.adaptors/flat.map/flat.map.modifiers/insert_or_assign_transparent.pass.cpp	PASS	PASS	SAME
std/containers/container.adaptors/flat.map/flat.map.modifiers/insert_range.pass.cpp	PASS	PASS	SAME
std/containers/container.adaptors/flat.map/flat.map.modifiers/insert_range_sorted_unique.pass.cpp	PASS	PASS	SAME
std/containers/container.adaptors/flat.map/flat.map.modifiers/insert_rv.pass.cpp	PASS	PASS	SAME
std/containers/container.adaptors/flat.map/flat.map.modifiers/insert_sorted_initializer_list.pass.cpp	PASS	PASS	SAME
std/containers/container.adaptors/flat.map/flat.map.modifiers/insert_sorted_iter_iter.pass.cpp	PASS	PASS	SAME
std/containers/container.adaptors/flat.map/flat.map.modifiers/insert_transparent.pass.cpp	PASS	PASS	SAME
std/containers/container.adaptors/flat.map/flat.map.modifiers/replace.pass.cpp	PASS	PASS	SAME
std/containers/container.adaptors/flat.map/flat.map.modifiers/swap_exception.pass.cpp	PASS	PASS	SAME
std/containers/container.adaptors/flat.map/flat.map.modifiers/swap_free.pass.cpp	PASS	PASS	SAME
std/containers/container.adaptors/flat.map/flat.map.modifiers/swap_member.pass.cpp	PASS	PASS	SAME
std/containers/container.adaptors/flat.map/flat.map.modifiers/try_emplace.pass.cpp	PASS	PASS	SAME
std/containers/container.adaptors/flat.map/flat.map.modifiers/try_emplace_transparent.pass.cpp	PASS	PASS	SAME
std/containers/container.adaptors/flat.map/flat.map.observers/comp.pass.cpp	PASS	PASS	SAME
std/containers/container.adaptors/flat.map/flat.map.observers/keys_values.pass.cpp	PASS	PASS	SAME
std/containers/container.adaptors/flat.map/flat.map.operations/contains.pass.cpp	PASS	PASS	SAME
std/containers/container.adaptors/flat.map/flat.map.operations/contains_transparent.pass.cpp	PASS	PASS	SAME
std/containers/container.adaptors/flat.map/flat.map.operations/count.pass.cpp	PASS	PASS	SAME
std/containers/container.adaptors/flat.map/flat.map.operations/count_transparent.pass.cpp	PASS	PASS	SAME
std/containers/container.adaptors/flat.map/flat.map.operations/equal_range.pass.cpp	PASS	PASS	SAME
std/containers/container.adaptors/flat.map/flat.map.operations/equal_range_transparent.pass.cpp	PASS	PASS	SAME
std/containers/container.adaptors/flat.map/flat.map.operations/find.pass.cpp	PASS	PASS	SAME
std/containers/container.adaptors/flat.map/flat.map.operations/find_transparent.pass.cpp	PASS	PASS	SAME
std/containers/container.adaptors/flat.map/flat.map.operations/lower_bound.pass.cpp	PASS	PASS	SAME
std/containers/container.adaptors/flat.map/flat.map.operations/lower_bound_transparent.pass.cpp	PASS	PASS	SAME
std/containers/container.adaptors/flat.map/flat.map.operations/upper_bound.pass.cpp	PASS	PASS	SAME
std/containers/container.adaptors/flat.map/flat.map.operations/upper_bound_transparent.pass.cpp	PASS	PASS	SAME
std/containers/container.adaptors/flat.map/incomplete_type.pass.cpp	PASS	PASS	SAME
std/containers/container.adaptors/flat.map/op_compare.pass.cpp	PASS	PASS	SAME
std/containers/container.adaptors/flat.map/robust_against_nonbool.compile.pass.cpp	PASS	PASS	SAME
std/containers/container.adaptors/flat.map/types.compile.pass.cpp	PASS	PASS	SAME
std/containers/container.adaptors/flat.multimap/flat.multimap.capacity/empty.pass.cpp	PASS	PASS	SAME
std/containers/container.adaptors/flat.multimap/flat.multimap.capacity/max_size.pass.cpp	PASS	PASS	SAME
std/containers/container.adaptors/flat.multimap/flat.multimap.capacity/size.pass.cpp	PASS	PASS	SAME
std/containers/container.adaptors/flat.multimap/flat.multimap.cons/alloc.pass.cpp	PASS	PASS	SAME
std/containers/container.adaptors/flat.multimap/flat.multimap.cons/assign_initializer_list.pass.cpp	PASS	PASS	SAME
std/containers/container.adaptors/flat.multimap/flat.multimap.cons/compare.pass.cpp	PASS	PASS	SAME
std/containers/container.adaptors/flat.multimap/flat.multimap.cons/containers.pass.cpp	PASS	PASS	SAME
std/containers/container.adaptors/flat.multimap/flat.multimap.cons/copy.pass.cpp	PASS	PASS	SAME
std/containers/container.adaptors/flat.multimap/flat.multimap.cons/copy_alloc.pass.cpp	PASS	PASS	SAME
std/containers/container.adaptors/flat.multimap/flat.multimap.cons/copy_assign.addressof.compile.pass.cpp	PASS	PASS	SAME
std/containers/container.adaptors/flat.multimap/flat.multimap.cons/copy_assign.pass.cpp	PASS	PASS	SAME
std/containers/container.adaptors/flat.multimap/flat.multimap.cons/deduct.compile.pass.cpp	PASS	PASS	SAME
std/containers/container.adaptors/flat.multimap/flat.multimap.cons/deduct.pass.cpp	PASS	PASS	SAME
std/containers/container.adaptors/flat.multimap/flat.multimap.cons/deduct.verify.cpp	PASS	PASS	SAME
std/containers/container.adaptors/flat.multimap/flat.multimap.cons/deduct_pmr.pass.cpp	PASS	PASS	SAME
std/containers/container.adaptors/flat.multimap/flat.multimap.cons/default.pass.cpp	PASS	PASS	SAME
std/containers/container.adaptors/flat.multimap/flat.multimap.cons/default_noexcept.pass.cpp	PASS	PASS	SAME
std/containers/container.adaptors/flat.multimap/flat.multimap.cons/dtor_noexcept.pass.cpp	PASS	PASS	SAME
std/containers/container.adaptors/flat.multimap/flat.multimap.cons/initializer_list.pass.cpp	PASS	PASS	SAME
std/containers/container.adaptors/flat.multimap/flat.multimap.cons/iter_iter.pass.cpp	PASS	PASS	SAME
std/containers/container.adaptors/flat.multimap/flat.multimap.cons/move.pass.cpp	PASS	PASS	SAME
std/containers/container.adaptors/flat.multimap/flat.multimap.cons/move_alloc.pass.cpp	PASS	PASS	SAME
std/containers/container.adaptors/flat.multimap/flat.multimap.cons/move_assign.pass.cpp	PASS	PASS	SAME
std/containers/container.adaptors/flat.multimap/flat.multimap.cons/move_assign_clears.pass.cpp	PASS	PASS	SAME
std/containers/container.adaptors/flat.multimap/flat.multimap.cons/move_assign_noexcept.compile.pass.cpp	PASS	PASS	SAME
std/containers/container.adaptors/flat.multimap/flat.multimap.cons/move_exceptions.pass.cpp	PASS	PASS	SAME
std/containers/container.adaptors/flat.multimap/flat.multimap.cons/move_noexcept.pass.cpp	PASS	PASS	SAME
std/containers/container.adaptors/flat.multimap/flat.multimap.cons/pmr.pass.cpp	PASS	PASS	SAME
std/containers/container.adaptors/flat.multimap/flat.multimap.cons/range.pass.cpp	PASS	PASS	SAME
std/containers/container.adaptors/flat.multimap/flat.multimap.cons/sorted_container.pass.cpp	PASS	PASS	SAME
std/containers/container.adaptors/flat.multimap/flat.multimap.cons/sorted_initializer_list.pass.cpp	PASS	PASS	SAME
std/containers/container.adaptors/flat.multimap/flat.multimap.cons/sorted_iter_iter.pass.cpp	PASS	PASS	SAME
std/containers/container.adaptors/flat.multimap/flat.multimap.erasure/erase_if.pass.cpp	PASS	PASS	SAME
std/containers/container.adaptors/flat.multimap/flat.multimap.erasure/erase_if_exceptions.pass.cpp	PASS	PASS	SAME
std/containers/container.adaptors/flat.multimap/flat.multimap.iterators/iterator.pass.cpp	PASS	PASS	SAME
std/containers/container.adaptors/flat.multimap/flat.multimap.iterators/iterator_comparison.pass.cpp	PASS	PASS	SAME
std/containers/container.adaptors/flat.multimap/flat.multimap.iterators/iterator_concept_conformance.compile.pass.cpp	PASS	PASS	SAME
std/containers/container.adaptors/flat.multimap/flat.multimap.iterators/range_concept_conformance.compile.pass.cpp	PASS	PASS	SAME
std/containers/container.adaptors/flat.multimap/flat.multimap.iterators/reverse_iterator.pass.cpp	PASS	PASS	SAME
std/containers/container.adaptors/flat.multimap/flat.multimap.modifiers/clear.pass.cpp	PASS	PASS	SAME
std/containers/container.adaptors/flat.multimap/flat.multimap.modifiers/emplace.pass.cpp	PASS	PASS	SAME
std/containers/container.adaptors/flat.multimap/flat.multimap.modifiers/emplace_hint.pass.cpp	PASS	PASS	SAME
std/containers/container.adaptors/flat.multimap/flat.multimap.modifiers/erase_iter.pass.cpp	PASS	PASS	SAME
std/containers/container.adaptors/flat.multimap/flat.multimap.modifiers/erase_iter_iter.pass.cpp	PASS	PASS	SAME
std/containers/container.adaptors/flat.multimap/flat.multimap.modifiers/erase_key.pass.cpp	PASS	PASS	SAME
std/containers/container.adaptors/flat.multimap/flat.multimap.modifiers/erase_key_transparent.pass.cpp	PASS	PASS	SAME
std/containers/container.adaptors/flat.multimap/flat.multimap.modifiers/extract.pass.cpp	PASS	PASS	SAME
std/containers/container.adaptors/flat.multimap/flat.multimap.modifiers/insert_cv.pass.cpp	PASS	PASS	SAME
std/containers/container.adaptors/flat.multimap/flat.multimap.modifiers/insert_initializer_list.pass.cpp	PASS	PASS	SAME
std/containers/container.adaptors/flat.multimap/flat.multimap.modifiers/insert_iter_cv.pass.cpp	PASS	PASS	SAME
std/containers/container.adaptors/flat.multimap/flat.multimap.modifiers/insert_iter_iter.pass.cpp	PASS	PASS	SAME
std/containers/container.adaptors/flat.multimap/flat.multimap.modifiers/insert_iter_rv.pass.cpp	PASS	PASS	SAME
std/containers/container.adaptors/flat.multimap/flat.multimap.modifiers/insert_range.pass.cpp	PASS	PASS	SAME
std/containers/container.adaptors/flat.multimap/flat.multimap.modifiers/insert_range_sorted_equivalent.pass.cpp	PASS	PASS	SAME
std/containers/container.adaptors/flat.multimap/flat.multimap.modifiers/insert_rv.pass.cpp	PASS	PASS	SAME
std/containers/container.adaptors/flat.multimap/flat.multimap.modifiers/insert_sorted_initializer_list.pass.cpp	PASS	PASS	SAME
std/containers/container.adaptors/flat.multimap/flat.multimap.modifiers/insert_sorted_iter_iter.pass.cpp	PASS	PASS	SAME
std/containers/container.adaptors/flat.multimap/flat.multimap.modifiers/insert_transparent.pass.cpp	PASS	PASS	SAME
std/containers/container.adaptors/flat.multimap/flat.multimap.modifiers/replace.pass.cpp	PASS	PASS	SAME
std/containers/container.adaptors/flat.multimap/flat.multimap.modifiers/swap_exception.pass.cpp	PASS	PASS	SAME
std/containers/container.adaptors/flat.multimap/flat.multimap.modifiers/swap_free.pass.cpp	PASS	PASS	SAME
std/containers/container.adaptors/flat.multimap/flat.multimap.modifiers/swap_member.pass.cpp	PASS	PASS	SAME
std/containers/container.adaptors/flat.multimap/flat.multimap.observers/comp.pass.cpp	PASS	PASS	SAME
std/containers/container.adaptors/flat.multimap/flat.multimap.observers/keys_values.pass.cpp	PASS	PASS	SAME
std/containers/container.adaptors/flat.multimap/flat.multimap.operations/contains.pass.cpp	PASS	PASS	SAME
std/containers/container.adaptors/flat.multimap/flat.multimap.operations/contains_transparent.pass.cpp	PASS	PASS	SAME
std/containers/container.adaptors/flat.multimap/flat.multimap.operations/count.pass.cpp	PASS	PASS	SAME
std/containers/container.adaptors/flat.multimap/flat.multimap.operations/count_transparent.pass.cpp	PASS	PASS	SAME
std/containers/container.adaptors/flat.multimap/flat.multimap.operations/equal_range.pass.cpp	PASS	PASS	SAME
std/containers/container.adaptors/flat.multimap/flat.multimap.operations/equal_range_transparent.pass.cpp	PASS	PASS	SAME
std/containers/container.adaptors/flat.multimap/flat.multimap.operations/find.pass.cpp	PASS	PASS	SAME
std/containers/container.adaptors/flat.multimap/flat.multimap.operations/find_transparent.pass.cpp	PASS	PASS	SAME
std/containers/container.adaptors/flat.multimap/flat.multimap.operations/lower_bound.pass.cpp	PASS	PASS	SAME
std/containers/container.adaptors/flat.multimap/flat.multimap.operations/lower_bound_transparent.pass.cpp	PASS	PASS	SAME
std/containers/container.adaptors/flat.multimap/flat.multimap.operations/upper_bound.pass.cpp	PASS	PASS	SAME
std/containers/container.adaptors/flat.multimap/flat.multimap.operations/upper_bound_transparent.pass.cpp	PASS	PASS	SAME
std/containers/container.adaptors/flat.multimap/incomplete_type.pass.cpp	PASS	PASS	SAME
std/containers/container.adaptors/flat.multimap/op_compare.pass.cpp	PASS	PASS	SAME
std/containers/container.adaptors/flat.multimap/robust_against_nonbool.compile.pass.cpp	PASS	PASS	SAME
std/containers/container.adaptors/flat.multimap/types.compile.pass.cpp	PASS	PASS	SAME
std/containers/container.adaptors/flat.multiset/flat.multiset.capacity/empty.pass.cpp	PASS	PASS	SAME
std/containers/container.adaptors/flat.multiset/flat.multiset.capacity/max_size.pass.cpp	PASS	PASS	SAME
std/containers/container.adaptors/flat.multiset/flat.multiset.capacity/size.pass.cpp	PASS	PASS	SAME
std/containers/container.adaptors/flat.multiset/flat.multiset.cons/alloc.pass.cpp	PASS	PASS	SAME
std/containers/container.adaptors/flat.multiset/flat.multiset.cons/assign_initializer_list.pass.cpp	PASS	PASS	SAME
std/containers/container.adaptors/flat.multiset/flat.multiset.cons/compare.pass.cpp	PASS	PASS	SAME
std/containers/container.adaptors/flat.multiset/flat.multiset.cons/containers.pass.cpp	PASS	PASS	SAME
std/containers/container.adaptors/flat.multiset/flat.multiset.cons/copy.pass.cpp	PASS	PASS	SAME
std/containers/container.adaptors/flat.multiset/flat.multiset.cons/copy_alloc.pass.cpp	PASS	PASS	SAME
std/containers/container.adaptors/flat.multiset/flat.multiset.cons/copy_assign.pass.cpp	PASS	PASS	SAME
std/containers/container.adaptors/flat.multiset/flat.multiset.cons/deduct.compile.pass.cpp	PASS	PASS	SAME
std/containers/container.adaptors/flat.multiset/flat.multiset.cons/deduct.pass.cpp	PASS	PASS	SAME
std/containers/container.adaptors/flat.multiset/flat.multiset.cons/deduct_pmr.pass.cpp	PASS	PASS	SAME
std/containers/container.adaptors/flat.multiset/flat.multiset.cons/default.pass.cpp	PASS	PASS	SAME
std/containers/container.adaptors/flat.multiset/flat.multiset.cons/dtor_noexcept.pass.cpp	PASS	PASS	SAME
std/containers/container.adaptors/flat.multiset/flat.multiset.cons/initializer_list.pass.cpp	PASS	PASS	SAME
std/containers/container.adaptors/flat.multiset/flat.multiset.cons/iter_iter.pass.cpp	PASS	PASS	SAME
std/containers/container.adaptors/flat.multiset/flat.multiset.cons/move.pass.cpp	PASS	PASS	SAME
std/containers/container.adaptors/flat.multiset/flat.multiset.cons/move_alloc.pass.cpp	PASS	PASS	SAME
std/containers/container.adaptors/flat.multiset/flat.multiset.cons/move_assign.pass.cpp	PASS	PASS	SAME
std/containers/container.adaptors/flat.multiset/flat.multiset.cons/pmr.pass.cpp	PASS	PASS	SAME
std/containers/container.adaptors/flat.multiset/flat.multiset.cons/range.pass.cpp	PASS	PASS	SAME
std/containers/container.adaptors/flat.multiset/flat.multiset.cons/sorted_container.pass.cpp	PASS	PASS	SAME
std/containers/container.adaptors/flat.multiset/flat.multiset.cons/sorted_initializer_list.pass.cpp	PASS	PASS	SAME
std/containers/container.adaptors/flat.multiset/flat.multiset.cons/sorted_iter_iter.pass.cpp	PASS	PASS	SAME
std/containers/container.adaptors/flat.multiset/flat.multiset.erasure/erase_if.pass.cpp	PASS	PASS	SAME
std/containers/container.adaptors/flat.multiset/flat.multiset.erasure/erase_if_exceptions.pass.cpp	PASS	PASS	SAME
std/containers/container.adaptors/flat.multiset/flat.multiset.iterators/iterator.pass.cpp	PASS	PASS	SAME
std/containers/container.adaptors/flat.multiset/flat.multiset.iterators/iterator_comparison.pass.cpp	PASS	PASS	SAME
std/containers/container.adaptors/flat.multiset/flat.multiset.iterators/iterator_concept_conformance.compile.pass.cpp	PASS	PASS	SAME
std/containers/container.adaptors/flat.multiset/flat.multiset.iterators/range_concept_conformance.compile.pass.cpp	PASS	PASS	SAME
std/containers/container.adaptors/flat.multiset/flat.multiset.iterators/reverse_iterator.pass.cpp	PASS	PASS	SAME
std/containers/container.adaptors/flat.multiset/flat.multiset.modifiers/clear.pass.cpp	PASS	PASS	SAME
std/containers/container.adaptors/flat.multiset/flat.multiset.modifiers/emplace.pass.cpp	PASS	PASS	SAME
std/containers/container.adaptors/flat.multiset/flat.multiset.modifiers/emplace_hint.pass.cpp	PASS	PASS	SAME
std/containers/container.adaptors/flat.multiset/flat.multiset.modifiers/erase_iter.pass.cpp	PASS	PASS	SAME
std/containers/container.adaptors/flat.multiset/flat.multiset.modifiers/erase_iter_iter.pass.cpp	PASS	PASS	SAME
std/containers/container.adaptors/flat.multiset/flat.multiset.modifiers/erase_key.pass.cpp	PASS	PASS	SAME
std/containers/container.adaptors/flat.multiset/flat.multiset.modifiers/erase_key_transparent.pass.cpp	PASS	PASS	SAME
std/containers/container.adaptors/flat.multiset/flat.multiset.modifiers/extract.pass.cpp	PASS	PASS	SAME
std/containers/container.adaptors/flat.multiset/flat.multiset.modifiers/insert_cv.pass.cpp	PASS	PASS	SAME
std/containers/container.adaptors/flat.multiset/flat.multiset.modifiers/insert_initializer_list.pass.cpp	PASS	PASS	SAME
std/containers/container.adaptors/flat.multiset/flat.multiset.modifiers/insert_iter_cv.pass.cpp	PASS	PASS	SAME
std/containers/container.adaptors/flat.multiset/flat.multiset.modifiers/insert_iter_iter.pass.cpp	PASS	PASS	SAME
std/containers/container.adaptors/flat.multiset/flat.multiset.modifiers/insert_iter_rv.pass.cpp	PASS	PASS	SAME
std/containers/container.adaptors/flat.multiset/flat.multiset.modifiers/insert_range.pass.cpp	PASS	PASS	SAME
std/containers/container.adaptors/flat.multiset/flat.multiset.modifiers/insert_range_sorted_equivalent.pass.cpp	PASS	PASS	SAME
std/containers/container.adaptors/flat.multiset/flat.multiset.modifiers/insert_rv.pass.cpp	PASS	PASS	SAME
std/containers/container.adaptors/flat.multiset/flat.multiset.modifiers/insert_sorted_initializer_list.pass.cpp	PASS	PASS	SAME
std/containers/container.adaptors/flat.multiset/flat.multiset.modifiers/insert_sorted_iter_iter.pass.cpp	PASS	PASS	SAME
std/containers/container.adaptors/flat.multiset/flat.multiset.modifiers/replace.pass.cpp	PASS	PASS	SAME
std/containers/container.adaptors/flat.multiset/flat.multiset.modifiers/swap_exception.pass.cpp	PASS	PASS	SAME
std/containers/container.adaptors/flat.multiset/flat.multiset.modifiers/swap_free.pass.cpp	PASS	PASS	SAME
std/containers/container.adaptors/flat.multiset/flat.multiset.modifiers/swap_member.pass.cpp	PASS	PASS	SAME
std/containers/container.adaptors/flat.multiset/flat.multiset.observers/comp.pass.cpp	PASS	PASS	SAME
std/containers/container.adaptors/flat.multiset/flat.multiset.operations/contains.pass.cpp	PASS	PASS	SAME
std/containers/container.adaptors/flat.multiset/flat.multiset.operations/contains_transparent.pass.cpp	PASS	PASS	SAME
std/containers/container.adaptors/flat.multiset/flat.multiset.operations/count.pass.cpp	PASS	PASS	SAME
std/containers/container.adaptors/flat.multiset/flat.multiset.operations/count_transparent.pass.cpp	PASS	PASS	SAME
std/containers/container.adaptors/flat.multiset/flat.multiset.operations/equal_range.pass.cpp	PASS	PASS	SAME
std/containers/container.adaptors/flat.multiset/flat.multiset.operations/equal_range_transparent.pass.cpp	PASS	PASS	SAME
std/containers/container.adaptors/flat.multiset/flat.multiset.operations/find.pass.cpp	PASS	PASS	SAME
std/containers/container.adaptors/flat.multiset/flat.multiset.operations/find_transparent.pass.cpp	PASS	PASS	SAME
std/containers/container.adaptors/flat.multiset/flat.multiset.operations/lower_bound.pass.cpp	PASS	PASS	SAME
std/containers/container.adaptors/flat.multiset/flat.multiset.operations/lower_bound_transparent.pass.cpp	PASS	PASS	SAME
std/containers/container.adaptors/flat.multiset/flat.multiset.operations/upper_bound.pass.cpp	PASS	PASS	SAME
std/containers/container.adaptors/flat.multiset/flat.multiset.operations/upper_bound_transparent.pass.cpp	PASS	PASS	SAME
std/containers/container.adaptors/flat.multiset/incomplete_type.pass.cpp	PASS	PASS	SAME
std/containers/container.adaptors/flat.multiset/op_compare.pass.cpp	PASS	PASS	SAME
std/containers/container.adaptors/flat.multiset/robust_against_nonbool.compile.pass.cpp	PASS	PASS	SAME
std/containers/container.adaptors/flat.multiset/types.compile.pass.cpp	PASS	PASS	SAME
std/containers/container.adaptors/flat.set/flat.set.capacity/empty.pass.cpp	PASS	PASS	SAME
std/containers/container.adaptors/flat.set/flat.set.capacity/max_size.pass.cpp	PASS	PASS	SAME
std/containers/container.adaptors/flat.set/flat.set.capacity/size.pass.cpp	PASS	PASS	SAME
std/containers/container.adaptors/flat.set/flat.set.cons/alloc.pass.cpp	PASS	PASS	SAME
std/containers/container.adaptors/flat.set/flat.set.cons/assign_initializer_list.pass.cpp	PASS	PASS	SAME
std/containers/container.adaptors/flat.set/flat.set.cons/compare.pass.cpp	PASS	PASS	SAME
std/containers/container.adaptors/flat.set/flat.set.cons/containers.pass.cpp	PASS	PASS	SAME
std/containers/container.adaptors/flat.set/flat.set.cons/copy.pass.cpp	PASS	PASS	SAME
std/containers/container.adaptors/flat.set/flat.set.cons/copy_alloc.pass.cpp	PASS	PASS	SAME
std/containers/container.adaptors/flat.set/flat.set.cons/copy_assign.pass.cpp	PASS	PASS	SAME
std/containers/container.adaptors/flat.set/flat.set.cons/deduct.compile.pass.cpp	PASS	PASS	SAME
std/containers/container.adaptors/flat.set/flat.set.cons/deduct.pass.cpp	PASS	PASS	SAME
std/containers/container.adaptors/flat.set/flat.set.cons/deduct_pmr.pass.cpp	PASS	PASS	SAME
std/containers/container.adaptors/flat.set/flat.set.cons/default.pass.cpp	PASS	PASS	SAME
std/containers/container.adaptors/flat.set/flat.set.cons/dtor_noexcept.pass.cpp	PASS	PASS	SAME
std/containers/container.adaptors/flat.set/flat.set.cons/initializer_list.pass.cpp	PASS	PASS	SAME
std/containers/container.adaptors/flat.set/flat.set.cons/iter_iter.pass.cpp	PASS	PASS	SAME
std/containers/container.adaptors/flat.set/flat.set.cons/move.pass.cpp	PASS	PASS	SAME
std/containers/container.adaptors/flat.set/flat.set.cons/move_alloc.pass.cpp	PASS	PASS	SAME
std/containers/container.adaptors/flat.set/flat.set.cons/move_assign.pass.cpp	PASS	PASS	SAME
std/containers/container.adaptors/flat.set/flat.set.cons/pmr.pass.cpp	PASS	PASS	SAME
std/containers/container.adaptors/flat.set/flat.set.cons/range.pass.cpp	PASS	PASS	SAME
std/containers/container.adaptors/flat.set/flat.set.cons/sorted_container.pass.cpp	PASS	PASS	SAME
std/containers/container.adaptors/flat.set/flat.set.cons/sorted_initializer_list.pass.cpp	PASS	PASS	SAME
std/containers/container.adaptors/flat.set/flat.set.cons/sorted_iter_iter.pass.cpp	PASS	PASS	SAME
std/containers/container.adaptors/flat.set/flat.set.erasure/erase_if.pass.cpp	PASS	PASS	SAME
std/containers/container.adaptors/flat.set/flat.set.erasure/erase_if_exceptions.pass.cpp	PASS	PASS	SAME
std/containers/container.adaptors/flat.set/flat.set.iterators/iterator.pass.cpp	PASS	PASS	SAME
std/containers/container.adaptors/flat.set/flat.set.iterators/iterator_comparison.pass.cpp	PASS	PASS	SAME
std/containers/container.adaptors/flat.set/flat.set.iterators/iterator_concept_conformance.compile.pass.cpp	PASS	PASS	SAME
std/containers/container.adaptors/flat.set/flat.set.iterators/range_concept_conformance.compile.pass.cpp	PASS	PASS	SAME
std/containers/container.adaptors/flat.set/flat.set.iterators/reverse_iterator.pass.cpp	PASS	PASS	SAME
std/containers/container.adaptors/flat.set/flat.set.modifiers/clear.pass.cpp	PASS	PASS	SAME
std/containers/container.adaptors/flat.set/flat.set.modifiers/emplace.pass.cpp	PASS	PASS	SAME
std/containers/container.adaptors/flat.set/flat.set.modifiers/emplace_hint.pass.cpp	PASS	PASS	SAME
std/containers/container.adaptors/flat.set/flat.set.modifiers/erase_iter.pass.cpp	PASS	PASS	SAME
std/containers/container.adaptors/flat.set/flat.set.modifiers/erase_iter_iter.pass.cpp	PASS	PASS	SAME
std/containers/container.adaptors/flat.set/flat.set.modifiers/erase_key.pass.cpp	PASS	PASS	SAME
std/containers/container.adaptors/flat.set/flat.set.modifiers/erase_key_transparent.pass.cpp	PASS	PASS	SAME
std/containers/container.adaptors/flat.set/flat.set.modifiers/extract.pass.cpp	PASS	PASS	SAME
std/containers/container.adaptors/flat.set/flat.set.modifiers/insert_cv.pass.cpp	PASS	PASS	SAME
std/containers/container.adaptors/flat.set/flat.set.modifiers/insert_initializer_list.pass.cpp	PASS	PASS	SAME
std/containers/container.adaptors/flat.set/flat.set.modifiers/insert_iter_cv.pass.cpp	PASS	PASS	SAME
std/containers/container.adaptors/flat.set/flat.set.modifiers/insert_iter_iter.pass.cpp	PASS	PASS	SAME
std/containers/container.adaptors/flat.set/flat.set.modifiers/insert_iter_rv.pass.cpp	PASS	PASS	SAME
std/containers/container.adaptors/flat.set/flat.set.modifiers/insert_range.pass.cpp	PASS	PASS	SAME
std/containers/container.adaptors/flat.set/flat.set.modifiers/insert_range_sorted_unique.pass.cpp	PASS	PASS	SAME
std/containers/container.adaptors/flat.set/flat.set.modifiers/insert_rv.pass.cpp	PASS	PASS	SAME
std/containers/container.adaptors/flat.set/flat.set.modifiers/insert_sorted_initializer_list.pass.cpp	PASS	PASS	SAME
std/containers/container.adaptors/flat.set/flat.set.modifiers/insert_sorted_iter_iter.pass.cpp	PASS	PASS	SAME
std/containers/container.adaptors/flat.set/flat.set.modifiers/insert_transparent.pass.cpp	PASS	PASS	SAME
std/containers/container.adaptors/flat.set/flat.set.modifiers/replace.pass.cpp	PASS	PASS	SAME
std/containers/container.adaptors/flat.set/flat.set.modifiers/swap_exception.pass.cpp	PASS	PASS	SAME
std/containers/container.adaptors/flat.set/flat.set.modifiers/swap_free.pass.cpp	PASS	PASS	SAME
std/containers/container.adaptors/flat.set/flat.set.modifiers/swap_member.pass.cpp	PASS	PASS	SAME
std/containers/container.adaptors/flat.set/flat.set.observers/comp.pass.cpp	PASS	PASS	SAME
std/containers/container.adaptors/flat.set/flat.set.operations/contains.pass.cpp	PASS	PASS	SAME
std/containers/container.adaptors/flat.set/flat.set.operations/contains_transparent.pass.cpp	PASS	PASS	SAME
std/containers/container.adaptors/flat.set/flat.set.operations/count.pass.cpp	PASS	PASS	SAME
std/containers/container.adaptors/flat.set/flat.set.operations/count_transparent.pass.cpp	PASS	PASS	SAME
std/containers/container.adaptors/flat.set/flat.set.operations/equal_range.pass.cpp	PASS	PASS	SAME
std/containers/container.adaptors/flat.set/flat.set.operations/equal_range_transparent.pass.cpp	PASS	PASS	SAME
std/containers/container.adaptors/flat.set/flat.set.operations/find.pass.cpp	PASS	PASS	SAME
std/containers/container.adaptors/flat.set/flat.set.operations/find_transparent.pass.cpp	PASS	PASS	SAME
std/containers/container.adaptors/flat.set/flat.set.operations/lower_bound.pass.cpp	PASS	PASS	SAME
std/containers/container.adaptors/flat.set/flat.set.operations/lower_bound_transparent.pass.cpp	PASS	PASS	SAME
std/containers/container.adaptors/flat.set/flat.set.operations/upper_bound.pass.cpp	PASS	PASS	SAME
std/containers/container.adaptors/flat.set/flat.set.operations/upper_bound_transparent.pass.cpp	PASS	PASS	SAME
std/containers/container.adaptors/flat.set/incomplete_type.pass.cpp	PASS	PASS	SAME
std/containers/container.adaptors/flat.set/op_compare.pass.cpp	PASS	PASS	SAME
std/containers/container.adaptors/flat.set/robust_against_nonbool.compile.pass.cpp	PASS	PASS	SAME
std/containers/container.adaptors/flat.set/types.compile.pass.cpp	PASS	PASS	SAME
std/containers/container.adaptors/priority.queue/priqueue.cons.alloc/ctor_alloc.pass.cpp	PASS	PASS	SAME
std/containers/container.adaptors/priority.queue/priqueue.cons.alloc/ctor_comp_alloc.pass.cpp	PASS	PASS	SAME
std/containers/container.adaptors/priority.queue/priqueue.cons.alloc/ctor_comp_cont_alloc.pass.cpp	PASS	PASS	SAME
std/containers/container.adaptors/priority.queue/priqueue.cons.alloc/ctor_comp_rcont_alloc.pass.cpp	PASS	PASS	SAME
std/containers/container.adaptors/priority.queue/priqueue.cons.alloc/ctor_copy_alloc.pass.cpp	PASS	PASS	SAME
std/containers/container.adaptors/priority.queue/priqueue.cons.alloc/ctor_iter_iter_alloc.pass.cpp	PASS	PASS	SAME
std/containers/container.adaptors/priority.queue/priqueue.cons.alloc/ctor_iter_iter_comp_alloc.pass.cpp	PASS	PASS	SAME
std/containers/container.adaptors/priority.queue/priqueue.cons.alloc/ctor_iter_iter_comp_cont_alloc.pass.cpp	PASS	PASS	SAME
std/containers/container.adaptors/priority.queue/priqueue.cons.alloc/ctor_iter_iter_comp_rcont_alloc.pass.cpp	PASS	PASS	SAME
std/containers/container.adaptors/priority.queue/priqueue.cons.alloc/ctor_move_alloc.pass.cpp	PASS	PASS	SAME
std/containers/container.adaptors/priority.queue/priqueue.cons/assign_copy.addressof.compile.pass.cpp	PASS	PASS	SAME
std/containers/container.adaptors/priority.queue/priqueue.cons/assign_copy.pass.cpp	PASS	PASS	SAME
std/containers/container.adaptors/priority.queue/priqueue.cons/assign_move.pass.cpp	PASS	PASS	SAME
std/containers/container.adaptors/priority.queue/priqueue.cons/ctor_comp.pass.cpp	PASS	PASS	SAME
std/containers/container.adaptors/priority.queue/priqueue.cons/ctor_comp_container.pass.cpp	PASS	PASS	SAME
std/containers/container.adaptors/priority.queue/priqueue.cons/ctor_comp_rcontainer.pass.cpp	PASS	PASS	SAME
std/containers/container.adaptors/priority.queue/priqueue.cons/ctor_copy.pass.cpp	PASS	PASS	SAME
std/containers/container.adaptors/priority.queue/priqueue.cons/ctor_default.pass.cpp	PASS	PASS	SAME
std/containers/container.adaptors/priority.queue/priqueue.cons/ctor_iter_constraint.compile.pass.cpp	PASS	PASS	SAME
std/containers/container.adaptors/priority.queue/priqueue.cons/ctor_iter_iter.pass.cpp	PASS	PASS	SAME
std/containers/container.adaptors/priority.queue/priqueue.cons/ctor_iter_iter_comp.pass.cpp	PASS	PASS	SAME
std/containers/container.adaptors/priority.queue/priqueue.cons/ctor_iter_iter_comp_cont.pass.cpp	PASS	PASS	SAME
std/containers/container.adaptors/priority.queue/priqueue.cons/ctor_iter_iter_comp_rcont.pass.cpp	PASS	PASS	SAME
std/containers/container.adaptors/priority.queue/priqueue.cons/ctor_move.pass.cpp	PASS	PASS	SAME
std/containers/container.adaptors/priority.queue/priqueue.cons/deduct.pass.cpp	PASS	PASS	SAME
std/containers/container.adaptors/priority.queue/priqueue.cons/deduct.verify.cpp	PASS	PASS	SAME
std/containers/container.adaptors/priority.queue/priqueue.cons/default_noexcept.pass.cpp	PASS	PASS	SAME
std/containers/container.adaptors/priority.queue/priqueue.cons/dtor_noexcept.pass.cpp	PASS	PASS	SAME
std/containers/container.adaptors/priority.queue/priqueue.cons/from_range.pass.cpp	PASS	PASS	SAME
std/containers/container.adaptors/priority.queue/priqueue.cons/move_assign_noexcept.pass.cpp	PASS	PASS	SAME
std/containers/container.adaptors/priority.queue/priqueue.cons/move_noexcept.pass.cpp	PASS	PASS	SAME
std/containers/container.adaptors/priority.queue/priqueue.members/emplace.pass.cpp	PASS	PASS	SAME
std/containers/container.adaptors/priority.queue/priqueue.members/empty.pass.cpp	PASS	PASS	SAME
std/containers/container.adaptors/priority.queue/priqueue.members/empty.verify.cpp	PASS	PASS	SAME
std/containers/container.adaptors/priority.queue/priqueue.members/pop.pass.cpp	PASS	PASS	SAME
std/containers/container.adaptors/priority.queue/priqueue.members/push.pass.cpp	PASS	PASS	SAME
std/containers/container.adaptors/priority.queue/priqueue.members/push_range.pass.cpp	PASS	PASS	SAME
std/containers/container.adaptors/priority.queue/priqueue.members/push_rvalue.pass.cpp	PASS	PASS	SAME
std/containers/container.adaptors/priority.queue/priqueue.members/size.pass.cpp	PASS	PASS	SAME
std/containers/container.adaptors/priority.queue/priqueue.members/swap.pass.cpp	PASS	PASS	SAME
std/containers/container.adaptors/priority.queue/priqueue.members/top.pass.cpp	PASS	PASS	SAME
std/containers/container.adaptors/priority.queue/priqueue.special/swap.pass.cpp	PASS	PASS	SAME
std/containers/container.adaptors/priority.queue/priqueue.special/swap_noexcept.pass.cpp	PASS	PASS	SAME
std/containers/container.adaptors/priority.queue/types.compile.fail.cpp	PASS	PASS	SAME
std/containers/container.adaptors/priority.queue/types.pass.cpp	PASS	PASS	SAME
std/containers/container.adaptors/queue/queue.cons.alloc/ctor_alloc.pass.cpp	PASS	PASS	SAME
std/containers/container.adaptors/queue/queue.cons.alloc/ctor_container_alloc.pass.cpp	PASS	PASS	SAME
std/containers/container.adaptors/queue/queue.cons.alloc/ctor_iterators.pass.cpp	PASS	PASS	SAME
std/containers/container.adaptors/queue/queue.cons.alloc/ctor_queue_alloc.pass.cpp	PASS	PASS	SAME
std/containers/container.adaptors/queue/queue.cons.alloc/ctor_rcontainer_alloc.pass.cpp	PASS	PASS	SAME
std/containers/container.adaptors/queue/queue.cons.alloc/ctor_rqueue_alloc.pass.cpp	PASS	PASS	SAME
std/containers/container.adaptors/queue/queue.cons/ctor_container.pass.cpp	PASS	PASS	SAME
std/containers/container.adaptors/queue/queue.cons/ctor_copy.pass.cpp	PASS	PASS	SAME
std/containers/container.adaptors/queue/queue.cons/ctor_default.pass.cpp	PASS	PASS	SAME
std/containers/container.adaptors/queue/queue.cons/ctor_iterators.pass.cpp	PASS	PASS	SAME
std/containers/container.adaptors/queue/queue.cons/ctor_move.pass.cpp	PASS	PASS	SAME
std/containers/container.adaptors/queue/queue.cons/ctor_rcontainer.pass.cpp	PASS	PASS	SAME
std/containers/container.adaptors/queue/queue.cons/deduct.pass.cpp	PASS	PASS	SAME
std/containers/container.adaptors/queue/queue.cons/deduct.verify.cpp	PASS	PASS	SAME
std/containers/container.adaptors/queue/queue.cons/default_noexcept.pass.cpp	PASS	PASS	SAME
std/containers/container.adaptors/queue/queue.cons/dtor_noexcept.pass.cpp	PASS	PASS	SAME
std/containers/container.adaptors/queue/queue.cons/from_range.pass.cpp	PASS	PASS	SAME
std/containers/container.adaptors/queue/queue.cons/move_assign_noexcept.pass.cpp	PASS	PASS	SAME
std/containers/container.adaptors/queue/queue.cons/move_noexcept.pass.cpp	PASS	PASS	SAME
std/containers/container.adaptors/queue/queue.defn/assign_copy.addressof.compile.pass.cpp	PASS	PASS	SAME
std/containers/container.adaptors/queue/queue.defn/assign_copy.pass.cpp	PASS	PASS	SAME
std/containers/container.adaptors/queue/queue.defn/assign_move.pass.cpp	PASS	PASS	SAME
std/containers/container.adaptors/queue/queue.defn/back.pass.cpp	PASS	PASS	SAME
std/containers/container.adaptors/queue/queue.defn/back_const.pass.cpp	PASS	PASS	SAME
std/containers/container.adaptors/queue/queue.defn/emplace.pass.cpp	PASS	PASS	SAME
std/containers/container.adaptors/queue/queue.defn/empty.pass.cpp	PASS	PASS	SAME
std/containers/container.adaptors/queue/queue.defn/empty.verify.cpp	PASS	PASS	SAME
std/containers/container.adaptors/queue/queue.defn/front.pass.cpp	PASS	PASS	SAME
std/containers/container.adaptors/queue/queue.defn/front_const.pass.cpp	PASS	PASS	SAME
std/containers/container.adaptors/queue/queue.defn/pop.pass.cpp	PASS	PASS	SAME
std/containers/container.adaptors/queue/queue.defn/push.pass.cpp	PASS	PASS	SAME
std/containers/container.adaptors/queue/queue.defn/push_range.pass.cpp	PASS	PASS	SAME
std/containers/container.adaptors/queue/queue.defn/push_rv.pass.cpp	PASS	PASS	SAME
std/containers/container.adaptors/queue/queue.defn/size.pass.cpp	PASS	PASS	SAME
std/containers/container.adaptors/queue/queue.defn/swap.pass.cpp	PASS	PASS	SAME
std/containers/container.adaptors/queue/queue.defn/types.compile.fail.cpp	PASS	PASS	SAME
std/containers/container.adaptors/queue/queue.defn/types.pass.cpp	PASS	PASS	SAME
std/containers/container.adaptors/queue/queue.ops/compare.three_way.pass.cpp	PASS	PASS	SAME
std/containers/container.adaptors/queue/queue.ops/eq.pass.cpp	PASS	PASS	SAME
std/containers/container.adaptors/queue/queue.ops/lt.pass.cpp	PASS	PASS	SAME
std/containers/container.adaptors/queue/queue.special/swap.pass.cpp	PASS	PASS	SAME
std/containers/container.adaptors/queue/queue.special/swap_noexcept.pass.cpp	PASS	PASS	SAME
std/containers/container.adaptors/stack/compare.three_way.pass.cpp	PASS	PASS	SAME
std/containers/container.adaptors/stack/stack.cons.alloc/ctor_alloc.pass.cpp	PASS	PASS	SAME
std/containers/container.adaptors/stack/stack.cons.alloc/ctor_container_alloc.pass.cpp	PASS	PASS	SAME
std/containers/container.adaptors/stack/stack.cons.alloc/ctor_copy_alloc.pass.cpp	PASS	PASS	SAME
std/containers/container.adaptors/stack/stack.cons.alloc/ctor_iterators.pass.cpp	PASS	PASS	SAME
std/containers/container.adaptors/stack/stack.cons.alloc/ctor_rcontainer_alloc.pass.cpp	PASS	PASS	SAME
std/containers/container.adaptors/stack/stack.cons.alloc/ctor_rqueue_alloc.pass.cpp	PASS	PASS	SAME
std/containers/container.adaptors/stack/stack.cons/ctor_container.pass.cpp	PASS	PASS	SAME
std/containers/container.adaptors/stack/stack.cons/ctor_copy.pass.cpp	PASS	PASS	SAME
std/containers/container.adaptors/stack/stack.cons/ctor_default.pass.cpp	PASS	PASS	SAME
std/containers/container.adaptors/stack/stack.cons/ctor_iterators.pass.cpp	PASS	PASS	SAME
std/containers/container.adaptors/stack/stack.cons/ctor_move.pass.cpp	PASS	PASS	SAME
std/containers/container.adaptors/stack/stack.cons/ctor_rcontainer.pass.cpp	PASS	PASS	SAME
std/containers/container.adaptors/stack/stack.cons/deduct.pass.cpp	PASS	PASS	SAME
std/containers/container.adaptors/stack/stack.cons/deduct.verify.cpp	PASS	PASS	SAME
std/containers/container.adaptors/stack/stack.cons/default_noexcept.pass.cpp	PASS	PASS	SAME
std/containers/container.adaptors/stack/stack.cons/dtor_noexcept.pass.cpp	PASS	PASS	SAME
std/containers/container.adaptors/stack/stack.cons/from_range.pass.cpp	PASS	PASS	SAME
std/containers/container.adaptors/stack/stack.cons/move_assign_noexcept.pass.cpp	PASS	PASS	SAME
std/containers/container.adaptors/stack/stack.cons/move_noexcept.pass.cpp	PASS	PASS	SAME
std/containers/container.adaptors/stack/stack.defn/assign_copy.pass.cpp	PASS	PASS	SAME
std/containers/container.adaptors/stack/stack.defn/assign_move.pass.cpp	PASS	PASS	SAME
std/containers/container.adaptors/stack/stack.defn/emplace.pass.cpp	PASS	PASS	SAME
std/containers/container.adaptors/stack/stack.defn/empty.pass.cpp	PASS	PASS	SAME
std/containers/container.adaptors/stack/stack.defn/empty.verify.cpp	PASS	PASS	SAME
std/containers/container.adaptors/stack/stack.defn/pop.pass.cpp	PASS	PASS	SAME
std/containers/container.adaptors/stack/stack.defn/push.pass.cpp	PASS	PASS	SAME
std/containers/container.adaptors/stack/stack.defn/push_range.pass.cpp	PASS	PASS	SAME
std/containers/container.adaptors/stack/stack.defn/push_rv.pass.cpp	PASS	PASS	SAME
std/containers/container.adaptors/stack/stack.defn/size.pass.cpp	PASS	PASS	SAME
std/containers/container.adaptors/stack/stack.defn/swap.pass.cpp	PASS	PASS	SAME
std/containers/container.adaptors/stack/stack.defn/top.pass.cpp	PASS	PASS	SAME
std/containers/container.adaptors/stack/stack.defn/top_const.pass.cpp	PASS	PASS	SAME
std/containers/container.adaptors/stack/stack.defn/types.compile.fail.cpp	PASS	PASS	SAME
std/containers/container.adaptors/stack/stack.defn/types.pass.cpp	PASS	PASS	SAME
std/containers/container.adaptors/stack/stack.ops/eq.pass.cpp	PASS	PASS	SAME
std/containers/container.adaptors/stack/stack.ops/lt.pass.cpp	PASS	PASS	SAME
std/containers/container.adaptors/stack/stack.special/swap.pass.cpp	PASS	PASS	SAME
std/containers/container.adaptors/stack/stack.special/swap_noexcept.pass.cpp	PASS	PASS	SAME
std/containers/container.node/node_handle.pass.cpp	PASS	PASS	SAME
std/containers/container.requirements/associative.reqmts/associative.reqmts.except/nothing_to_do.pass.cpp	PASS	PASS	SAME
std/containers/container.requirements/container.requirements.dataraces/nothing_to_do.pass.cpp	PASS	PASS	SAME
std/containers/container.requirements/container.requirements.general/allocator_move.pass.cpp	PASS	PASS	SAME
std/containers/container.requirements/sequence.reqmts/nothing_to_do.pass.cpp	PASS	PASS	SAME
std/containers/container.requirements/unord.req/unord.req.except/nothing_to_do.pass.cpp	PASS	PASS	SAME
std/containers/containers.general/nothing_to_do.pass.cpp	PASS	PASS	SAME
std/containers/iterator.rel_ops.compile.pass.cpp	PASS	PASS	SAME
std/containers/sequences/array/aggregate.pass.cpp	PASS	PASS	SAME
std/containers/sequences/array/array.cons/deduct.pass.cpp	PASS	PASS	SAME
std/containers/sequences/array/array.cons/deduct.verify.cpp	PASS	PASS	SAME
std/containers/sequences/array/array.cons/implicit_copy.addressof.compile.pass.cpp	PASS	PASS	SAME
std/containers/sequences/array/array.cons/implicit_copy.pass.cpp	PASS	PASS	SAME
std/containers/sequences/array/array.cons/initialization.pass.cpp	PASS	PASS	SAME
std/containers/sequences/array/array.creation/to_array.pass.cpp	PASS	PASS	SAME
std/containers/sequences/array/array.creation/to_array.verify.cpp	PASS	PASS	SAME
std/containers/sequences/array/array.data/data.pass.cpp	PASS	PASS	SAME
std/containers/sequences/array/array.data/data_const.pass.cpp	PASS	PASS	SAME
std/containers/sequences/array/array.fill/fill.pass.cpp	PASS	PASS	SAME
std/containers/sequences/array/array.fill/fill.verify.cpp	PASS	PASS	SAME
std/containers/sequences/array/array.overview/nttp.equivalence.compile.pass.cpp	PASS	PASS	SAME
std/containers/sequences/array/array.overview/nttp.verify.cpp	PASS	PASS	SAME
std/containers/sequences/array/array.size/size.pass.cpp	PASS	PASS	SAME
std/containers/sequences/array/array.special/swap.pass.cpp	PASS	PASS	SAME
std/containers/sequences/array/array.swap/swap.pass.cpp	PASS	PASS	SAME
std/containers/sequences/array/array.swap/swap.verify.cpp	PASS	PASS	SAME
std/containers/sequences/array/array.tuple/get.pass.cpp	PASS	PASS	SAME
std/containers/sequences/array/array.tuple/get.verify.cpp	PASS	PASS	SAME
std/containers/sequences/array/array.tuple/get_const.pass.cpp	PASS	PASS	SAME
std/containers/sequences/array/array.tuple/get_const_rv.pass.cpp	PASS	PASS	SAME
std/containers/sequences/array/array.tuple/get_rv.pass.cpp	PASS	PASS	SAME
std/containers/sequences/array/array.tuple/tuple_element.pass.cpp	PASS	PASS	SAME
std/containers/sequences/array/array.tuple/tuple_element.verify.cpp	PASS	PASS	SAME
std/containers/sequences/array/array.tuple/tuple_size.pass.cpp	PASS	PASS	SAME
std/containers/sequences/array/array.zero/tested_elsewhere.pass.cpp	PASS	PASS	SAME
std/containers/sequences/array/assert.back.pass.cpp	UNSUPPORTED	UNSUPPORTED	SAME
std/containers/sequences/array/assert.front.pass.cpp	UNSUPPORTED	UNSUPPORTED	SAME
std/containers/sequences/array/assert.indexing.pass.cpp	UNSUPPORTED	UNSUPPORTED	SAME
std/containers/sequences/array/assert.iterators.pass.cpp	UNSUPPORTED	UNSUPPORTED	SAME
std/containers/sequences/array/at.pass.cpp	PASS	PASS	SAME
std/containers/sequences/array/at_const.pass.cpp	PASS	PASS	SAME
std/containers/sequences/array/compare.pass.cpp	PASS	PASS	SAME
std/containers/sequences/array/compare.three_way.pass.cpp	PASS	PASS	SAME
std/containers/sequences/array/compare.three_way.verify.cpp	PASS	PASS	SAME
std/containers/sequences/array/compare.verify.cpp	PASS	PASS	SAME
std/containers/sequences/array/contiguous.pass.cpp	PASS	PASS	SAME
std/containers/sequences/array/empty.pass.cpp	PASS	PASS	SAME
std/containers/sequences/array/front_back.pass.cpp	PASS	PASS	SAME
std/containers/sequences/array/front_back_const.pass.cpp	PASS	PASS	SAME
std/containers/sequences/array/indexing.pass.cpp	PASS	PASS	SAME
std/containers/sequences/array/indexing_const.pass.cpp	PASS	PASS	SAME
std/containers/sequences/array/iterator_concept_conformance.compile.pass.cpp	PASS	PASS	SAME
std/containers/sequences/array/iterators.pass.cpp	PASS	PASS	SAME
std/containers/sequences/array/lwg3382.compile.pass.cpp	PASS	PASS	SAME
std/containers/sequences/array/max_size.pass.cpp	PASS	PASS	SAME
std/containers/sequences/array/range_concept_conformance.compile.pass.cpp	PASS	PASS	SAME
std/containers/sequences/array/size_and_alignment.compile.pass.cpp	PASS	PASS	SAME
std/containers/sequences/array/types.pass.cpp	PASS	PASS	SAME
std/containers/sequences/deque/allocator_mismatch.verify.cpp	PASS	PASS	SAME
std/containers/sequences/deque/compare.pass.cpp	PASS	PASS	SAME
std/containers/sequences/deque/compare.three_way.pass.cpp	PASS	PASS	SAME
std/containers/sequences/deque/deque.capacity/access.pass.cpp	PASS	PASS	SAME
std/containers/sequences/deque/deque.capacity/empty.pass.cpp	PASS	PASS	SAME
std/containers/sequences/deque/deque.capacity/empty.verify.cpp	PASS	PASS	SAME
std/containers/sequences/deque/deque.capacity/max_size.pass.cpp	PASS	PASS	SAME
std/containers/sequences/deque/deque.capacity/resize_size.pass.cpp	PASS	PASS	SAME
std/containers/sequences/deque/deque.capacity/resize_size_value.pass.cpp	PASS	PASS	SAME
std/containers/sequences/deque/deque.capacity/shrink_to_fit.pass.cpp	PASS	PASS	SAME
std/containers/sequences/deque/deque.capacity/size.pass.cpp	PASS	PASS	SAME
std/containers/sequences/deque/deque.cons/alloc.pass.cpp	PASS	PASS	SAME
std/containers/sequences/deque/deque.cons/assign_initializer_list.pass.cpp	PASS	PASS	SAME
std/containers/sequences/deque/deque.cons/assign_iter_iter.pass.cpp	PASS	PASS	SAME
std/containers/sequences/deque/deque.cons/assign_size_value.pass.cpp	PASS	PASS	SAME
std/containers/sequences/deque/deque.cons/copy.pass.cpp	PASS	PASS	SAME
std/containers/sequences/deque/deque.cons/copy_alloc.pass.cpp	PASS	PASS	SAME
std/containers/sequences/deque/deque.cons/deduct.pass.cpp	PASS	PASS	SAME
std/containers/sequences/deque/deque.cons/deduct.verify.cpp	PASS	PASS	SAME
std/containers/sequences/deque/deque.cons/default.pass.cpp	PASS	PASS	SAME
std/containers/sequences/deque/deque.cons/default_noexcept.pass.cpp	PASS	PASS	SAME
std/containers/sequences/deque/deque.cons/dtor_noexcept.pass.cpp	PASS	PASS	SAME
std/containers/sequences/deque/deque.cons/from_range.pass.cpp	PASS	PASS	SAME
std/containers/sequences/deque/deque.cons/initializer_list.pass.cpp	PASS	PASS	SAME
std/containers/sequences/deque/deque.cons/initializer_list_alloc.pass.cpp	PASS	PASS	SAME
std/containers/sequences/deque/deque.cons/iter_iter.pass.cpp	PASS	PASS	SAME
std/containers/sequences/deque/deque.cons/iter_iter_alloc.pass.cpp	PASS	PASS	SAME
std/containers/sequences/deque/deque.cons/move.pass.cpp	PASS	PASS	SAME
std/containers/sequences/deque/deque.cons/move_alloc.pass.cpp	PASS	PASS	SAME
std/containers/sequences/deque/deque.cons/move_assign.addressof.compile.pass.cpp	PASS	PASS	SAME
std/containers/sequences/deque/deque.cons/move_assign.pass.cpp	PASS	PASS	SAME
std/containers/sequences/deque/deque.cons/move_assign_noexcept.compile.pass.cpp	PASS	PASS	SAME
std/containers/sequences/deque/deque.cons/move_noexcept.pass.cpp	PASS	PASS	SAME
std/containers/sequences/deque/deque.cons/op_equal.pass.cpp	PASS	PASS	SAME
std/containers/sequences/deque/deque.cons/op_equal_initializer_list.pass.cpp	PASS	PASS	SAME
std/containers/sequences/deque/deque.cons/size.pass.cpp	PASS	PASS	SAME
std/containers/sequences/deque/deque.cons/size_value.pass.cpp	PASS	PASS	SAME
std/containers/sequences/deque/deque.cons/size_value_alloc.pass.cpp	PASS	PASS	SAME
std/containers/sequences/deque/deque.erasure/erase.pass.cpp	PASS	PASS	SAME
std/containers/sequences/deque/deque.erasure/erase_if.pass.cpp	PASS	PASS	SAME
std/containers/sequences/deque/deque.modifiers/append_range.pass.cpp	PASS	PASS	SAME
std/containers/sequences/deque/deque.modifiers/assign_range.pass.cpp	PASS	PASS	SAME
std/containers/sequences/deque/deque.modifiers/clear.pass.cpp	PASS	PASS	SAME
std/containers/sequences/deque/deque.modifiers/emplace.pass.cpp	PASS	PASS	SAME
std/containers/sequences/deque/deque.modifiers/emplace_back.pass.cpp	PASS	PASS	SAME
std/containers/sequences/deque/deque.modifiers/emplace_front.pass.cpp	PASS	PASS	SAME
std/containers/sequences/deque/deque.modifiers/erase_iter.invalidation.pass.cpp	PASS	PASS	SAME
std/containers/sequences/deque/deque.modifiers/erase_iter.pass.cpp	PASS	PASS	SAME
std/containers/sequences/deque/deque.modifiers/erase_iter_iter.invalidation.pass.cpp	PASS	PASS	SAME
std/containers/sequences/deque/deque.modifiers/erase_iter_iter.pass.cpp	PASS	PASS	SAME
std/containers/sequences/deque/deque.modifiers/insert_iter_initializer_list.pass.cpp	PASS	PASS	SAME
std/containers/sequences/deque/deque.modifiers/insert_iter_iter.pass.cpp	PASS	PASS	SAME
std/containers/sequences/deque/deque.modifiers/insert_range.pass.cpp	PASS	PASS	SAME
std/containers/sequences/deque/deque.modifiers/insert_rvalue.pass.cpp	PASS	PASS	SAME
std/containers/sequences/deque/deque.modifiers/insert_size_value.pass.cpp	PASS	PASS	SAME
std/containers/sequences/deque/deque.modifiers/insert_value.pass.cpp	PASS	PASS	SAME
std/containers/sequences/deque/deque.modifiers/pop_back.invalidation.pass.cpp	PASS	PASS	SAME
std/containers/sequences/deque/deque.modifiers/pop_back.pass.cpp	PASS	PASS	SAME
std/containers/sequences/deque/deque.modifiers/pop_front.invalidation.pass.cpp	PASS	PASS	SAME
std/containers/sequences/deque/deque.modifiers/pop_front.pass.cpp	PASS	PASS	SAME
std/containers/sequences/deque/deque.modifiers/prepend_range.pass.cpp	PASS	PASS	SAME
std/containers/sequences/deque/deque.modifiers/push_back.pass.cpp	PASS	PASS	SAME
std/containers/sequences/deque/deque.modifiers/push_back_exception_safety.pass.cpp	PASS	PASS	SAME
std/containers/sequences/deque/deque.modifiers/push_back_rvalue.pass.cpp	PASS	PASS	SAME
std/containers/sequences/deque/deque.modifiers/push_front.pass.cpp	PASS	PASS	SAME
std/containers/sequences/deque/deque.modifiers/push_front_exception_safety.pass.cpp	PASS	PASS	SAME
std/containers/sequences/deque/deque.modifiers/push_front_rvalue.pass.cpp	PASS	PASS	SAME
std/containers/sequences/deque/deque.special/copy.pass.cpp	PASS	PASS	SAME
std/containers/sequences/deque/deque.special/copy_backward.pass.cpp	PASS	PASS	SAME
std/containers/sequences/deque/deque.special/move.pass.cpp	PASS	PASS	SAME
std/containers/sequences/deque/deque.special/move_backward.pass.cpp	PASS	PASS	SAME
std/containers/sequences/deque/deque.special/swap.pass.cpp	PASS	PASS	SAME
std/containers/sequences/deque/deque.special/swap_noexcept.pass.cpp	PASS	PASS	SAME
std/containers/sequences/deque/get_allocator.pass.cpp	PASS	PASS	SAME
std/containers/sequences/deque/iterator_concept_conformance.compile.pass.cpp	PASS	PASS	SAME
std/containers/sequences/deque/iterators.pass.cpp	PASS	PASS	SAME
std/containers/sequences/deque/range_concept_conformance.compile.pass.cpp	PASS	PASS	SAME
std/containers/sequences/deque/types.pass.cpp	PASS	PASS	SAME
std/containers/sequences/forwardlist/allocator_mismatch.verify.cpp	PASS	PASS	SAME
std/containers/sequences/forwardlist/compare.three_way.pass.cpp	PASS	PASS	SAME
std/containers/sequences/forwardlist/empty.pass.cpp	PASS	PASS	SAME
std/containers/sequences/forwardlist/empty.verify.cpp	PASS	PASS	SAME
std/containers/sequences/forwardlist/exception_safety.pass.cpp	PASS	PASS	SAME
std/containers/sequences/forwardlist/forwardlist.access/front.pass.cpp	PASS	PASS	SAME
std/containers/sequences/forwardlist/forwardlist.cons/alloc.compile.fail.cpp	PASS	PASS	SAME
std/containers/sequences/forwardlist/forwardlist.cons/alloc.pass.cpp	PASS	PASS	SAME
std/containers/sequences/forwardlist/forwardlist.cons/assign_copy.addressof.compile.pass.cpp	PASS	PASS	SAME
std/containers/sequences/forwardlist/forwardlist.cons/assign_copy.pass.cpp	PASS	PASS	SAME
std/containers/sequences/forwardlist/forwardlist.cons/assign_init.pass.cpp	PASS	PASS	SAME
std/containers/sequences/forwardlist/forwardlist.cons/assign_move.pass.cpp	PASS	PASS	SAME
std/containers/sequences/forwardlist/forwardlist.cons/assign_op_init.pass.cpp	PASS	PASS	SAME
std/containers/sequences/forwardlist/forwardlist.cons/assign_range.pass.cpp	PASS	PASS	SAME
std/containers/sequences/forwardlist/forwardlist.cons/assign_size_value.pass.cpp	PASS	PASS	SAME
std/containers/sequences/forwardlist/forwardlist.cons/copy.pass.cpp	PASS	PASS	SAME
std/containers/sequences/forwardlist/forwardlist.cons/copy_alloc.pass.cpp	PASS	PASS	SAME
std/containers/sequences/forwardlist/forwardlist.cons/deduct.pass.cpp	PASS	PASS	SAME
std/containers/sequences/forwardlist/forwardlist.cons/deduct.verify.cpp	PASS	PASS	SAME
std/containers/sequences/forwardlist/forwardlist.cons/default.pass.cpp	PASS	PASS	SAME
std/containers/sequences/forwardlist/forwardlist.cons/default_noexcept.pass.cpp	PASS	PASS	SAME
std/containers/sequences/forwardlist/forwardlist.cons/default_recursive.pass.cpp	PASS	PASS	SAME
std/containers/sequences/forwardlist/forwardlist.cons/dtor_noexcept.pass.cpp	PASS	PASS	SAME
std/containers/sequences/forwardlist/forwardlist.cons/from_range.pass.cpp	PASS	PASS	SAME
std/containers/sequences/forwardlist/forwardlist.cons/init.pass.cpp	PASS	PASS	SAME
std/containers/sequences/forwardlist/forwardlist.cons/init_alloc.pass.cpp	PASS	PASS	SAME
std/containers/sequences/forwardlist/forwardlist.cons/move.pass.cpp	PASS	PASS	SAME
std/containers/sequences/forwardlist/forwardlist.cons/move_alloc.pass.cpp	PASS	PASS	SAME
std/containers/sequences/forwardlist/forwardlist.cons/move_assign_noexcept.compile.pass.cpp	PASS	PASS	SAME
std/containers/sequences/forwardlist/forwardlist.cons/move_noexcept.pass.cpp	PASS	PASS	SAME
std/containers/sequences/forwardlist/forwardlist.cons/range.pass.cpp	PASS	PASS	SAME
std/containers/sequences/forwardlist/forwardlist.cons/range_alloc.pass.cpp	PASS	PASS	SAME
std/containers/sequences/forwardlist/forwardlist.cons/size.pass.cpp	PASS	PASS	SAME
std/containers/sequences/forwardlist/forwardlist.cons/size_value.pass.cpp	PASS	PASS	SAME
std/containers/sequences/forwardlist/forwardlist.cons/size_value_alloc.pass.cpp	PASS	PASS	SAME
std/containers/sequences/forwardlist/forwardlist.erasure/erase.pass.cpp	PASS	PASS	SAME
std/containers/sequences/forwardlist/forwardlist.erasure/erase_if.pass.cpp	PASS	PASS	SAME
std/containers/sequences/forwardlist/forwardlist.iter/before_begin.pass.cpp	PASS	PASS	SAME
std/containers/sequences/forwardlist/forwardlist.iter/iterator_concept_conformance.compile.pass.cpp	PASS	PASS	SAME
std/containers/sequences/forwardlist/forwardlist.iter/iterators.pass.cpp	PASS	PASS	SAME
std/containers/sequences/forwardlist/forwardlist.modifiers/assign_range.pass.cpp	PASS	PASS	SAME
std/containers/sequences/forwardlist/forwardlist.modifiers/clear.pass.cpp	PASS	PASS	SAME
std/containers/sequences/forwardlist/forwardlist.modifiers/emplace_after.pass.cpp	PASS	PASS	SAME
std/containers/sequences/forwardlist/forwardlist.modifiers/emplace_front.pass.cpp	PASS	PASS	SAME
std/containers/sequences/forwardlist/forwardlist.modifiers/erase_after_many.pass.cpp	PASS	PASS	SAME
std/containers/sequences/forwardlist/forwardlist.modifiers/erase_after_one.pass.cpp	PASS	PASS	SAME
std/containers/sequences/forwardlist/forwardlist.modifiers/insert_after_const.pass.cpp	PASS	PASS	SAME
std/containers/sequences/forwardlist/forwardlist.modifiers/insert_after_init.pass.cpp	PASS	PASS	SAME
std/containers/sequences/forwardlist/forwardlist.modifiers/insert_after_range.pass.cpp	PASS	PASS	SAME
std/containers/sequences/forwardlist/forwardlist.modifiers/insert_after_rv.pass.cpp	PASS	PASS	SAME
std/containers/sequences/forwardlist/forwardlist.modifiers/insert_after_size_value.pass.cpp	PASS	PASS	SAME
std/containers/sequences/forwardlist/forwardlist.modifiers/insert_range_after.pass.cpp	PASS	PASS	SAME
std/containers/sequences/forwardlist/forwardlist.modifiers/pop_front.pass.cpp	PASS	PASS	SAME
std/containers/sequences/forwardlist/forwardlist.modifiers/prepend_range.pass.cpp	PASS	PASS	SAME
std/containers/sequences/forwardlist/forwardlist.modifiers/push_front_const.pass.cpp	PASS	PASS	SAME
std/containers/sequences/forwardlist/forwardlist.modifiers/push_front_exception_safety.pass.cpp	PASS	PASS	SAME
std/containers/sequences/forwardlist/forwardlist.modifiers/push_front_rv.pass.cpp	PASS	PASS	SAME
std/containers/sequences/forwardlist/forwardlist.modifiers/resize_size.pass.cpp	PASS	PASS	SAME
std/containers/sequences/forwardlist/forwardlist.modifiers/resize_size_value.pass.cpp	PASS	PASS	SAME
std/containers/sequences/forwardlist/forwardlist.ops/merge_lvalue.addressof.compile.pass.cpp	PASS	PASS	SAME
std/containers/sequences/forwardlist/forwardlist.ops/merge_lvalue.pass.cpp	PASS	PASS	SAME
std/containers/sequences/forwardlist/forwardlist.ops/merge_lvalue_pred.addressof.compile.pass.cpp	PASS	PASS	SAME
std/containers/sequences/forwardlist/forwardlist.ops/merge_lvalue_pred.pass.cpp	PASS	PASS	SAME
std/containers/sequences/forwardlist/forwardlist.ops/merge_rvalue.addressof.compile.pass.cpp	PASS	PASS	SAME
std/containers/sequences/forwardlist/forwardlist.ops/merge_rvalue.pass.cpp	PASS	PASS	SAME
std/containers/sequences/forwardlist/forwardlist.ops/merge_rvalue_pred.addressof.compile.pass.cpp	PASS	PASS	SAME
std/containers/sequences/forwardlist/forwardlist.ops/merge_rvalue_pred.pass.cpp	PASS	PASS	SAME
std/containers/sequences/forwardlist/forwardlist.ops/remove.pass.cpp	PASS	PASS	SAME
std/containers/sequences/forwardlist/forwardlist.ops/remove_if.pass.cpp	PASS	PASS	SAME
std/containers/sequences/forwardlist/forwardlist.ops/reverse.pass.cpp	PASS	PASS	SAME
std/containers/sequences/forwardlist/forwardlist.ops/sort.pass.cpp	PASS	PASS	SAME
std/containers/sequences/forwardlist/forwardlist.ops/sort_pred.pass.cpp	PASS	PASS	SAME
std/containers/sequences/forwardlist/forwardlist.ops/splice_after_flist.pass.cpp	PASS	PASS	SAME
std/containers/sequences/forwardlist/forwardlist.ops/splice_after_one.pass.cpp	PASS	PASS	SAME
std/containers/sequences/forwardlist/forwardlist.ops/splice_after_range.pass.cpp	PASS	PASS	SAME
std/containers/sequences/forwardlist/forwardlist.ops/unique.pass.cpp	PASS	PASS	SAME
std/containers/sequences/forwardlist/forwardlist.ops/unique_pred.pass.cpp	PASS	PASS	SAME
std/containers/sequences/forwardlist/forwardlist.spec/equal.pass.cpp	PASS	PASS	SAME
std/containers/sequences/forwardlist/forwardlist.spec/member_swap.pass.cpp	PASS	PASS	SAME
std/containers/sequences/forwardlist/forwardlist.spec/non_member_swap.pass.cpp	PASS	PASS	SAME
std/containers/sequences/forwardlist/forwardlist.spec/relational.pass.cpp	PASS	PASS	SAME
std/containers/sequences/forwardlist/forwardlist.spec/swap_noexcept.compile.pass.cpp	PASS	PASS	SAME
std/containers/sequences/forwardlist/get_allocator.pass.cpp	PASS	PASS	SAME
std/containers/sequences/forwardlist/incomplete.pass.cpp	PASS	PASS	SAME
std/containers/sequences/forwardlist/max_size.pass.cpp	PASS	PASS	SAME
std/containers/sequences/forwardlist/range_concept_conformance.compile.pass.cpp	PASS	PASS	SAME
std/containers/sequences/forwardlist/types.pass.cpp	PASS	PASS	SAME
std/containers/sequences/list/allocator_mismatch.verify.cpp	PASS	PASS	SAME
std/containers/sequences/list/compare.pass.cpp	PASS	PASS	SAME
std/containers/sequences/list/compare.three_way.pass.cpp	PASS	PASS	SAME
std/containers/sequences/list/exception_safety.pass.cpp	PASS	PASS	SAME
std/containers/sequences/list/get_allocator.pass.cpp	PASS	PASS	SAME
std/containers/sequences/list/incomplete_type.pass.cpp	PASS	PASS	SAME
std/containers/sequences/list/iterator_concept_conformance.compile.pass.cpp	PASS	PASS	SAME
std/containers/sequences/list/iterators.pass.cpp	PASS	PASS	SAME
std/containers/sequences/list/list.capacity/empty.pass.cpp	PASS	PASS	SAME
std/containers/sequences/list/list.capacity/empty.verify.cpp	PASS	PASS	SAME
std/containers/sequences/list/list.capacity/max_size.pass.cpp	PASS	PASS	SAME
std/containers/sequences/list/list.capacity/resize_size.pass.cpp	PASS	PASS	SAME
std/containers/sequences/list/list.capacity/resize_size_value.pass.cpp	PASS	PASS	SAME
std/containers/sequences/list/list.capacity/size.pass.cpp	PASS	PASS	SAME
std/containers/sequences/list/list.cons/assign_copy.addressof.compile.pass.cpp	PASS	PASS	SAME
std/containers/sequences/list/list.cons/assign_copy.pass.cpp	PASS	PASS	SAME
std/containers/sequences/list/list.cons/assign_initializer_list.pass.cpp	PASS	PASS	SAME
std/containers/sequences/list/list.cons/assign_move.addressof.compile.pass.cpp	PASS	PASS	SAME
std/containers/sequences/list/list.cons/assign_move.pass.cpp	PASS	PASS	SAME
std/containers/sequences/list/list.cons/copy.pass.cpp	PASS	PASS	SAME
std/containers/sequences/list/list.cons/copy_alloc.pass.cpp	PASS	PASS	SAME
std/containers/sequences/list/list.cons/deduct.pass.cpp	PASS	PASS	SAME
std/containers/sequences/list/list.cons/deduct.verify.cpp	PASS	PASS	SAME
std/containers/sequences/list/list.cons/default.pass.cpp	PASS	PASS	SAME
std/containers/sequences/list/list.cons/default_noexcept.pass.cpp	PASS	PASS	SAME
std/containers/sequences/list/list.cons/default_stack_alloc.pass.cpp	PASS	PASS	SAME
std/containers/sequences/list/list.cons/dtor.pass.cpp	PASS	PASS	SAME
std/containers/sequences/list/list.cons/dtor_noexcept.pass.cpp	PASS	PASS	SAME
std/containers/sequences/list/list.cons/from_range.pass.cpp	PASS	PASS	SAME
std/containers/sequences/list/list.cons/initializer_list.pass.cpp	PASS	PASS	SAME
std/containers/sequences/list/list.cons/initializer_list_alloc.pass.cpp	PASS	PASS	SAME
std/containers/sequences/list/list.cons/input_iterator.pass.cpp	PASS	PASS	SAME
std/containers/sequences/list/list.cons/move.pass.cpp	PASS	PASS	SAME
std/containers/sequences/list/list.cons/move_alloc.pass.cpp	PASS	PASS	SAME
std/containers/sequences/list/list.cons/move_assign_noexcept.compile.pass.cpp	PASS	PASS	SAME
std/containers/sequences/list/list.cons/move_noexcept.pass.cpp	PASS	PASS	SAME
std/containers/sequences/list/list.cons/op_equal_initializer_list.pass.cpp	PASS	PASS	SAME
std/containers/sequences/list/list.cons/size_type.pass.cpp	PASS	PASS	SAME
std/containers/sequences/list/list.cons/size_value_alloc.pass.cpp	PASS	PASS	SAME
std/containers/sequences/list/list.erasure/erase.pass.cpp	PASS	PASS	SAME
std/containers/sequences/list/list.erasure/erase_if.pass.cpp	PASS	PASS	SAME
std/containers/sequences/list/list.modifiers/append_range.pass.cpp	PASS	PASS	SAME
std/containers/sequences/list/list.modifiers/assign_range.pass.cpp	PASS	PASS	SAME
std/containers/sequences/list/list.modifiers/clear.pass.cpp	PASS	PASS	SAME
std/containers/sequences/list/list.modifiers/emplace.addressof.compile.pass.cpp	PASS	PASS	SAME
std/containers/sequences/list/list.modifiers/emplace.pass.cpp	PASS	PASS	SAME
std/containers/sequences/list/list.modifiers/emplace_back.pass.cpp	PASS	PASS	SAME
std/containers/sequences/list/list.modifiers/emplace_front.pass.cpp	PASS	PASS	SAME
std/containers/sequences/list/list.modifiers/erase_iter.addressof.compile.pass.cpp	PASS	PASS	SAME
std/containers/sequences/list/list.modifiers/erase_iter.pass.cpp	PASS	PASS	SAME
std/containers/sequences/list/list.modifiers/erase_iter_iter.pass.cpp	PASS	PASS	SAME
std/containers/sequences/list/list.modifiers/insert_iter_initializer_list.pass.cpp	PASS	PASS	SAME
std/containers/sequences/list/list.modifiers/insert_iter_iter_iter.pass.cpp	PASS	PASS	SAME
std/containers/sequences/list/list.modifiers/insert_iter_rvalue.addressof.compile.pass.cpp	PASS	PASS	SAME
std/containers/sequences/list/list.modifiers/insert_iter_rvalue.pass.cpp	PASS	PASS	SAME
std/containers/sequences/list/list.modifiers/insert_iter_size_value.addressof.compile.pass.cpp	PASS	PASS	SAME
std/containers/sequences/list/list.modifiers/insert_iter_size_value.pass.cpp	PASS	PASS	SAME
std/containers/sequences/list/list.modifiers/insert_iter_value.addressof.compile.pass.cpp	PASS	PASS	SAME
std/containers/sequences/list/list.modifiers/insert_iter_value.pass.cpp	PASS	PASS	SAME
std/containers/sequences/list/list.modifiers/insert_range.pass.cpp	PASS	PASS	SAME
std/containers/sequences/list/list.modifiers/pop_back.pass.cpp	PASS	PASS	SAME
std/containers/sequences/list/list.modifiers/pop_front.pass.cpp	PASS	PASS	SAME
std/containers/sequences/list/list.modifiers/prepend_range.pass.cpp	PASS	PASS	SAME
std/containers/sequences/list/list.modifiers/push_back.pass.cpp	PASS	PASS	SAME
std/containers/sequences/list/list.modifiers/push_back_exception_safety.pass.cpp	PASS	PASS	SAME
std/containers/sequences/list/list.modifiers/push_back_rvalue.pass.cpp	PASS	PASS	SAME
std/containers/sequences/list/list.modifiers/push_front.pass.cpp	PASS	PASS	SAME
std/containers/sequences/list/list.modifiers/push_front_exception_safety.pass.cpp	PASS	PASS	SAME
std/containers/sequences/list/list.modifiers/push_front_rvalue.pass.cpp	PASS	PASS	SAME
std/containers/sequences/list/list.ops/merge.pass.cpp	PASS	PASS	SAME
std/containers/sequences/list/list.ops/merge_comp.addressof.compile.pass.cpp	PASS	PASS	SAME
std/containers/sequences/list/list.ops/merge_comp.pass.cpp	PASS	PASS	SAME
std/containers/sequences/list/list.ops/remove.pass.cpp	PASS	PASS	SAME
std/containers/sequences/list/list.ops/remove_if.pass.cpp	PASS	PASS	SAME
std/containers/sequences/list/list.ops/reverse.pass.cpp	PASS	PASS	SAME
std/containers/sequences/list/list.ops/sort.pass.cpp	PASS	PASS	SAME
std/containers/sequences/list/list.ops/sort_comp.pass.cpp	PASS	PASS	SAME
std/containers/sequences/list/list.ops/splice_pos_list.pass.cpp	PASS	PASS	SAME
std/containers/sequences/list/list.ops/splice_pos_list_iter.addressof.compile.pass.cpp	PASS	PASS	SAME
std/containers/sequences/list/list.ops/splice_pos_list_iter.pass.cpp	PASS	PASS	SAME
std/containers/sequences/list/list.ops/splice_pos_list_iter_iter.addressof.compile.pass.cpp	PASS	PASS	SAME
std/containers/sequences/list/list.ops/splice_pos_list_iter_iter.pass.cpp	PASS	PASS	SAME
std/containers/sequences/list/list.ops/unique.pass.cpp	PASS	PASS	SAME
std/containers/sequences/list/list.ops/unique_pred.pass.cpp	PASS	PASS	SAME
std/containers/sequences/list/list.special/swap.addressof.compile.pass.cpp	PASS	PASS	SAME
std/containers/sequences/list/list.special/swap.pass.cpp	PASS	PASS	SAME
std/containers/sequences/list/list.special/swap_noexcept.pass.cpp	PASS	PASS	SAME
std/containers/sequences/list/range_concept_conformance.compile.pass.cpp	PASS	PASS	SAME
std/containers/sequences/list/types.pass.cpp	PASS	PASS	SAME
std/containers/sequences/vector.bool/append_range.pass.cpp	PASS	PASS	SAME
std/containers/sequences/vector.bool/assign_copy.pass.cpp	PASS	PASS	SAME
std/containers/sequences/vector.bool/assign_initializer_list.pass.cpp	PASS	PASS	SAME
std/containers/sequences/vector.bool/assign_iter_iter.pass.cpp	PASS	PASS	SAME
std/containers/sequences/vector.bool/assign_move.pass.cpp	PASS	PASS	SAME
std/containers/sequences/vector.bool/assign_range.pass.cpp	PASS	PASS	SAME
std/containers/sequences/vector.bool/assign_size_value.pass.cpp	PASS	PASS	SAME
std/containers/sequences/vector.bool/at.pass.cpp	PASS	PASS	SAME
std/containers/sequences/vector.bool/at_const.pass.cpp	PASS	PASS	SAME
std/containers/sequences/vector.bool/capacity.pass.cpp	PASS	PASS	SAME
std/containers/sequences/vector.bool/compare.pass.cpp	PASS	PASS	SAME
std/containers/sequences/vector.bool/compare.three_way.pass.cpp	PASS	PASS	SAME
std/containers/sequences/vector.bool/const_reference.pass.cpp	PASS	PASS	SAME
std/containers/sequences/vector.bool/construct_default.pass.cpp	PASS	PASS	SAME
std/containers/sequences/vector.bool/construct_from_range.pass.cpp	PASS	PASS	SAME
std/containers/sequences/vector.bool/construct_iter_iter.pass.cpp	PASS	PASS	SAME
std/containers/sequences/vector.bool/construct_iter_iter_alloc.pass.cpp	PASS	PASS	SAME
std/containers/sequences/vector.bool/construct_size.pass.cpp	PASS	PASS	SAME
std/containers/sequences/vector.bool/construct_size_value.pass.cpp	PASS	PASS	SAME
std/containers/sequences/vector.bool/construct_size_value_alloc.pass.cpp	PASS	PASS	SAME
std/containers/sequences/vector.bool/copy.pass.cpp	PASS	PASS	SAME
std/containers/sequences/vector.bool/copy_alloc.pass.cpp	PASS	PASS	SAME
std/containers/sequences/vector.bool/ctor_exceptions.pass.cpp	PASS	PASS	SAME
std/containers/sequences/vector.bool/default_noexcept.pass.cpp	PASS	PASS	SAME
std/containers/sequences/vector.bool/dtor_noexcept.pass.cpp	PASS	PASS	SAME
std/containers/sequences/vector.bool/emplace.pass.cpp	PASS	PASS	SAME
std/containers/sequences/vector.bool/emplace_back.pass.cpp	PASS	PASS	SAME
std/containers/sequences/vector.bool/empty.pass.cpp	PASS	PASS	SAME
std/containers/sequences/vector.bool/empty.verify.cpp	PASS	PASS	SAME
std/containers/sequences/vector.bool/enabled_hash.pass.cpp	PASS	PASS	SAME
std/containers/sequences/vector.bool/erase_iter.pass.cpp	PASS	PASS	SAME
std/containers/sequences/vector.bool/erase_iter_iter.pass.cpp	PASS	PASS	SAME
std/containers/sequences/vector.bool/find.pass.cpp	PASS	PASS	SAME
std/containers/sequences/vector.bool/flip.pass.cpp	PASS	PASS	SAME
std/containers/sequences/vector.bool/get_allocator.pass.cpp	PASS	PASS	SAME
std/containers/sequences/vector.bool/initializer_list.pass.cpp	PASS	PASS	SAME
std/containers/sequences/vector.bool/initializer_list_alloc.pass.cpp	PASS	PASS	SAME
std/containers/sequences/vector.bool/insert_iter_initializer_list.pass.cpp	PASS	PASS	SAME
std/containers/sequences/vector.bool/insert_iter_iter_iter.pass.cpp	PASS	PASS	SAME
std/containers/sequences/vector.bool/insert_iter_size_value.pass.cpp	PASS	PASS	SAME
std/containers/sequences/vector.bool/insert_iter_value.pass.cpp	PASS	PASS	SAME
std/containers/sequences/vector.bool/insert_range.pass.cpp	PASS	PASS	SAME
std/containers/sequences/vector.bool/iterator_concept_conformance.compile.pass.cpp	PASS	PASS	SAME
std/containers/sequences/vector.bool/iterators.pass.cpp	PASS	PASS	SAME
std/containers/sequences/vector.bool/max_size.pass.cpp	PASS	PASS	SAME
std/containers/sequences/vector.bool/move.pass.cpp	PASS	PASS	SAME
std/containers/sequences/vector.bool/move_alloc.pass.cpp	PASS	PASS	SAME
std/containers/sequences/vector.bool/move_assign_noexcept.pass.cpp	PASS	PASS	SAME
std/containers/sequences/vector.bool/move_noexcept.pass.cpp	PASS	PASS	SAME
std/containers/sequences/vector.bool/op_equal_initializer_list.pass.cpp	PASS	PASS	SAME
std/containers/sequences/vector.bool/push_back.pass.cpp	PASS	PASS	SAME
std/containers/sequences/vector.bool/range_concept_conformance.compile.pass.cpp	PASS	PASS	SAME
std/containers/sequences/vector.bool/reference.swap.pass.cpp	PASS	PASS	SAME
std/containers/sequences/vector.bool/reference/assign_bool.pass.cpp	PASS	PASS	SAME
std/containers/sequences/vector.bool/reference/assign_copy.pass.cpp	PASS	PASS	SAME
std/containers/sequences/vector.bool/reference/ctor_copy.pass.cpp	PASS	PASS	SAME
std/containers/sequences/vector.bool/reference/ctor_no_default.compile.pass.cpp	PASS	PASS	SAME
std/containers/sequences/vector.bool/reference/flip.pass.cpp	PASS	PASS	SAME
std/containers/sequences/vector.bool/reference/operator_bool.pass.cpp	PASS	PASS	SAME
std/containers/sequences/vector.bool/reference/triviality.compile.pass.cpp	PASS	PASS	SAME
std/containers/sequences/vector.bool/reserve.pass.cpp	PASS	PASS	SAME
std/containers/sequences/vector.bool/resize_size.pass.cpp	PASS	PASS	SAME
std/containers/sequences/vector.bool/resize_size_value.pass.cpp	PASS	PASS	SAME
std/containers/sequences/vector.bool/shrink_to_fit.pass.cpp	PASS	PASS	SAME
std/containers/sequences/vector.bool/size.pass.cpp	PASS	PASS	SAME
std/containers/sequences/vector.bool/small_allocator_size.pass.cpp	PASS	PASS	SAME
std/containers/sequences/vector.bool/swap.pass.cpp	PASS	PASS	SAME
std/containers/sequences/vector.bool/swap_noexcept.pass.cpp	PASS	PASS	SAME
std/containers/sequences/vector.bool/types.pass.cpp	PASS	PASS	SAME
std/containers/sequences/vector.bool/vector.bool.fmt/format.functions.format.pass.cpp	PASS	PASS	SAME
std/containers/sequences/vector.bool/vector.bool.fmt/format.functions.vformat.pass.cpp	PASS	PASS	SAME
std/containers/sequences/vector.bool/vector.bool.fmt/format.pass.cpp	PASS	PASS	SAME
std/containers/sequences/vector.bool/vector.bool.fmt/parse.pass.cpp	PASS	PASS	SAME
std/containers/sequences/vector.bool/vector.bool.fmt/types.compile.pass.cpp	PASS	PASS	SAME
std/containers/sequences/vector.bool/vector_bool.pass.cpp	PASS	PASS	SAME
std/containers/sequences/vector/access.pass.cpp	PASS	PASS	SAME
std/containers/sequences/vector/addressof.compile.pass.cpp	PASS	PASS	SAME
std/containers/sequences/vector/allocator_mismatch.verify.cpp	PASS	PASS	SAME
std/containers/sequences/vector/compare.pass.cpp	PASS	PASS	SAME
std/containers/sequences/vector/compare.three_way.pass.cpp	PASS	PASS	SAME
std/containers/sequences/vector/constant_initialization.pass.cpp	PASS	PASS	SAME
std/containers/sequences/vector/contiguous.pass.cpp	PASS	PASS	SAME
std/containers/sequences/vector/erase.modules.compile.pass.mm	PASS	PASS	SAME
std/containers/sequences/vector/get_allocator.pass.cpp	PASS	PASS	SAME
std/containers/sequences/vector/iterator_concept_conformance.compile.pass.cpp	PASS	PASS	SAME
std/containers/sequences/vector/iterators.pass.cpp	PASS	PASS	SAME
std/containers/sequences/vector/range_concept_conformance.compile.pass.cpp	PASS	PASS	SAME
std/containers/sequences/vector/reverse_iterators.pass.cpp	PASS	PASS	SAME
std/containers/sequences/vector/trivial_relocation.pass.cpp	PASS	PASS	SAME
std/containers/sequences/vector/types.pass.cpp	PASS	PASS	SAME
std/containers/sequences/vector/vector.capacity/capacity.pass.cpp	PASS	PASS	SAME
std/containers/sequences/vector/vector.capacity/empty.pass.cpp	PASS	PASS	SAME
std/containers/sequences/vector/vector.capacity/empty.verify.cpp	PASS	PASS	SAME
std/containers/sequences/vector/vector.capacity/max_size.pass.cpp	PASS	PASS	SAME
std/containers/sequences/vector/vector.capacity/reserve.pass.cpp	PASS	PASS	SAME
std/containers/sequences/vector/vector.capacity/reserve_exceptions.pass.cpp	PASS	PASS	SAME
std/containers/sequences/vector/vector.capacity/resize_size.pass.cpp	PASS	PASS	SAME
std/containers/sequences/vector/vector.capacity/resize_size_exceptions.pass.cpp	PASS	PASS	SAME
std/containers/sequences/vector/vector.capacity/resize_size_value.pass.cpp	PASS	PASS	SAME
std/containers/sequences/vector/vector.capacity/resize_size_value_exceptions.pass.cpp	PASS	PASS	SAME
std/containers/sequences/vector/vector.capacity/shrink_to_fit.pass.cpp	PASS	PASS	SAME
std/containers/sequences/vector/vector.capacity/shrink_to_fit_exceptions.pass.cpp	PASS	PASS	SAME
std/containers/sequences/vector/vector.capacity/size.pass.cpp	PASS	PASS	SAME
std/containers/sequences/vector/vector.capacity/swap.pass.cpp	PASS	PASS	SAME
std/containers/sequences/vector/vector.cons/assign_copy.pass.cpp	PASS	PASS	SAME
std/containers/sequences/vector/vector.cons/assign_initializer_list.pass.cpp	PASS	PASS	SAME
std/containers/sequences/vector/vector.cons/assign_iter_iter.pass.cpp	PASS	PASS	SAME
std/containers/sequences/vector/vector.cons/assign_move.pass.cpp	PASS	PASS	SAME
std/containers/sequences/vector/vector.cons/assign_size_value.pass.cpp	PASS	PASS	SAME
std/containers/sequences/vector/vector.cons/construct_default.pass.cpp	PASS	PASS	SAME
std/containers/sequences/vector/vector.cons/construct_from_range.pass.cpp	PASS	PASS	SAME
std/containers/sequences/vector/vector.cons/construct_iter_iter.pass.cpp	PASS	PASS	SAME
std/containers/sequences/vector/vector.cons/construct_iter_iter_alloc.pass.cpp	PASS	PASS	SAME
std/containers/sequences/vector/vector.cons/construct_size.pass.cpp	PASS	PASS	SAME
std/containers/sequences/vector/vector.cons/construct_size_value.pass.cpp	PASS	PASS	SAME
std/containers/sequences/vector/vector.cons/construct_size_value_alloc.pass.cpp	PASS	PASS	SAME
std/containers/sequences/vector/vector.cons/copy.move_only.verify.cpp	PASS	PASS	SAME
std/containers/sequences/vector/vector.cons/copy.pass.cpp	PASS	PASS	SAME
std/containers/sequences/vector/vector.cons/copy_alloc.pass.cpp	PASS	PASS	SAME
std/containers/sequences/vector/vector.cons/deduct.pass.cpp	PASS	PASS	SAME
std/containers/sequences/vector/vector.cons/deduct.verify.cpp	PASS	PASS	SAME
std/containers/sequences/vector/vector.cons/default.recursive.pass.cpp	PASS	PASS	SAME
std/containers/sequences/vector/vector.cons/default_noexcept.pass.cpp	PASS	PASS	SAME
std/containers/sequences/vector/vector.cons/dtor_noexcept.pass.cpp	PASS	PASS	SAME
std/containers/sequences/vector/vector.cons/exceptions.pass.cpp	PASS	PASS	SAME
std/containers/sequences/vector/vector.cons/initializer_list.pass.cpp	PASS	PASS	SAME
std/containers/sequences/vector/vector.cons/initializer_list_alloc.pass.cpp	PASS	PASS	SAME
std/containers/sequences/vector/vector.cons/move.pass.cpp	PASS	PASS	SAME
std/containers/sequences/vector/vector.cons/move_alloc.pass.cpp	PASS	PASS	SAME
std/containers/sequences/vector/vector.cons/move_assign_noexcept.pass.cpp	PASS	PASS	SAME
std/containers/sequences/vector/vector.cons/move_noexcept.pass.cpp	PASS	PASS	SAME
std/containers/sequences/vector/vector.cons/op_equal_initializer_list.pass.cpp	PASS	PASS	SAME
std/containers/sequences/vector/vector.data/data.pass.cpp	PASS	PASS	SAME
std/containers/sequences/vector/vector.data/data_const.pass.cpp	PASS	PASS	SAME
std/containers/sequences/vector/vector.erasure/erase.pass.cpp	PASS	PASS	SAME
std/containers/sequences/vector/vector.erasure/erase_if.pass.cpp	PASS	PASS	SAME
std/containers/sequences/vector/vector.modifiers/append_range.pass.cpp	PASS	PASS	SAME
std/containers/sequences/vector/vector.modifiers/assert.push_back.invalidation.pass.cpp	UNSUPPORTED	UNSUPPORTED	SAME
std/containers/sequences/vector/vector.modifiers/assign_range.pass.cpp	PASS	PASS	SAME
std/containers/sequences/vector/vector.modifiers/clear.pass.cpp	PASS	PASS	SAME
std/containers/sequences/vector/vector.modifiers/destroy_elements.pass.cpp	PASS	PASS	SAME
std/containers/sequences/vector/vector.modifiers/emplace.pass.cpp	PASS	PASS	SAME
std/containers/sequences/vector/vector.modifiers/emplace_back.pass.cpp	PASS	PASS	SAME
std/containers/sequences/vector/vector.modifiers/erase_iter.pass.cpp	PASS	PASS	SAME
std/containers/sequences/vector/vector.modifiers/erase_iter_iter.pass.cpp	PASS	PASS	SAME
std/containers/sequences/vector/vector.modifiers/insert_iter_initializer_list.pass.cpp	PASS	PASS	SAME
std/containers/sequences/vector/vector.modifiers/insert_iter_iter_iter.pass.cpp	PASS	PASS	SAME
std/containers/sequences/vector/vector.modifiers/insert_iter_lvalue.pass.cpp	PASS	PASS	SAME
std/containers/sequences/vector/vector.modifiers/insert_iter_rvalue.pass.cpp	PASS	PASS	SAME
std/containers/sequences/vector/vector.modifiers/insert_iter_size_value.pass.cpp	PASS	PASS	SAME
std/containers/sequences/vector/vector.modifiers/insert_range.pass.cpp	PASS	PASS	SAME
std/containers/sequences/vector/vector.modifiers/pop_back.pass.cpp	PASS	PASS	SAME
std/containers/sequences/vector/vector.modifiers/push_back.pass.cpp	PASS	PASS	SAME
std/containers/sequences/vector/vector.modifiers/push_back_exception_safety.pass.cpp	PASS	PASS	SAME
std/containers/sequences/vector/vector.modifiers/push_back_rvalue.pass.cpp	PASS	PASS	SAME
std/containers/sequences/vector/vector.modifiers/resize_not_move_insertable.verify.cpp	PASS	PASS	SAME
std/containers/sequences/vector/vector.special/swap.pass.cpp	PASS	PASS	SAME
std/containers/sequences/vector/vector.special/swap_noexcept.compile.pass.cpp	PASS	PASS	SAME
std/containers/unord/iterator_difference_type.pass.cpp	PASS	PASS	SAME
std/containers/unord/unord.map/allocator_mismatch.verify.cpp	PASS	PASS	SAME
std/containers/unord/unord.map/bucket.pass.cpp	PASS	PASS	SAME
std/containers/unord/unord.map/bucket_count.pass.cpp	PASS	PASS	SAME
std/containers/unord/unord.map/bucket_size.pass.cpp	PASS	PASS	SAME
std/containers/unord/unord.map/compare.pass.cpp	PASS	PASS	SAME
std/containers/unord/unord.map/contains.pass.cpp	PASS	PASS	SAME
std/containers/unord/unord.map/contains.transparent.pass.cpp	PASS	PASS	SAME
std/containers/unord/unord.map/count.pass.cpp	PASS	PASS	SAME
std/containers/unord/unord.map/count.transparent.pass.cpp	PASS	PASS	SAME
std/containers/unord/unord.map/empty.pass.cpp	PASS	PASS	SAME
std/containers/unord/unord.map/empty.verify.cpp	PASS	PASS	SAME
std/containers/unord/unord.map/eq.different_hash.pass.cpp	PASS	PASS	SAME
std/containers/unord/unord.map/eq.pass.cpp	PASS	PASS	SAME
std/containers/unord/unord.map/equal_range.transparent.pass.cpp	PASS	PASS	SAME
std/containers/unord/unord.map/equal_range_const.pass.cpp	PASS	PASS	SAME
std/containers/unord/unord.map/equal_range_non_const.pass.cpp	PASS	PASS	SAME
std/containers/unord/unord.map/erase_if.pass.cpp	PASS	PASS	SAME
std/containers/unord/unord.map/find.transparent.pass.cpp	PASS	PASS	SAME
std/containers/unord/unord.map/find_const.pass.cpp	PASS	PASS	SAME
std/containers/unord/unord.map/find_non_const.pass.cpp	PASS	PASS	SAME
std/containers/unord/unord.map/get_allocator.pass.cpp	PASS	PASS	SAME
std/containers/unord/unord.map/hash_function.pass.cpp	PASS	PASS	SAME
std/containers/unord/unord.map/incomplete_type.pass.cpp	PASS	PASS	SAME
std/containers/unord/unord.map/iterator.operators.addressof.compile.pass.cpp	PASS	PASS	SAME
std/containers/unord/unord.map/iterator_concept_conformance.compile.pass.cpp	PASS	PASS	SAME
std/containers/unord/unord.map/iterators.pass.cpp	PASS	PASS	SAME
std/containers/unord/unord.map/key_eq.pass.cpp	PASS	PASS	SAME
std/containers/unord/unord.map/load_factor.pass.cpp	PASS	PASS	SAME
std/containers/unord/unord.map/local_iterators.pass.cpp	PASS	PASS	SAME
std/containers/unord/unord.map/max_bucket_count.pass.cpp	PASS	PASS	SAME
std/containers/unord/unord.map/max_load_factor.pass.cpp	PASS	PASS	SAME
std/containers/unord/unord.map/max_size.pass.cpp	PASS	PASS	SAME
std/containers/unord/unord.map/range_concept_conformance.compile.pass.cpp	PASS	PASS	SAME
std/containers/unord/unord.map/rehash.pass.cpp	PASS	PASS	SAME
std/containers/unord/unord.map/reserve.pass.cpp	PASS	PASS	SAME
std/containers/unord/unord.map/size.pass.cpp	PASS	PASS	SAME
std/containers/unord/unord.map/swap_member.pass.cpp	PASS	PASS	SAME
std/containers/unord/unord.map/types.pass.cpp	PASS	PASS	SAME
std/containers/unord/unord.map/unord.map.cnstr/allocator.pass.cpp	PASS	PASS	SAME
std/containers/unord/unord.map/unord.map.cnstr/assign_copy.addressof.compile.pass.cpp	PASS	PASS	SAME
std/containers/unord/unord.map/unord.map.cnstr/assign_copy.pass.cpp	PASS	PASS	SAME
std/containers/unord/unord.map/unord.map.cnstr/assign_init.pass.cpp	PASS	PASS	SAME
std/containers/unord/unord.map/unord.map.cnstr/assign_move.addressof.compile.pass.cpp	PASS	PASS	SAME
std/containers/unord/unord.map/unord.map.cnstr/assign_move.pass.cpp	PASS	PASS	SAME
std/containers/unord/unord.map/unord.map.cnstr/compare_copy_constructible.compile.fail.cpp	PASS	PASS	SAME
std/containers/unord/unord.map/unord.map.cnstr/copy.pass.cpp	PASS	PASS	SAME
std/containers/unord/unord.map/unord.map.cnstr/copy_alloc.pass.cpp	PASS	PASS	SAME
std/containers/unord/unord.map/unord.map.cnstr/deduct.pass.cpp	PASS	PASS	SAME
std/containers/unord/unord.map/unord.map.cnstr/deduct.verify.cpp	PASS	PASS	SAME
std/containers/unord/unord.map/unord.map.cnstr/deduct_const.pass.cpp	PASS	PASS	SAME
std/containers/unord/unord.map/unord.map.cnstr/default.pass.cpp	PASS	PASS	SAME
std/containers/unord/unord.map/unord.map.cnstr/default_noexcept.pass.cpp	PASS	PASS	SAME
std/containers/unord/unord.map/unord.map.cnstr/dtor_noexcept.pass.cpp	PASS	PASS	SAME
std/containers/unord/unord.map/unord.map.cnstr/from_range.pass.cpp	PASS	PASS	SAME
std/containers/unord/unord.map/unord.map.cnstr/hash_copy_constructible.compile.fail.cpp	PASS	PASS	SAME
std/containers/unord/unord.map/unord.map.cnstr/init.pass.cpp	PASS	PASS	SAME
std/containers/unord/unord.map/unord.map.cnstr/init_size.pass.cpp	PASS	PASS	SAME
std/containers/unord/unord.map/unord.map.cnstr/init_size_allocator.pass.cpp	PASS	PASS	SAME
std/containers/unord/unord.map/unord.map.cnstr/init_size_hash.pass.cpp	PASS	PASS	SAME
std/containers/unord/unord.map/unord.map.cnstr/init_size_hash_allocator.pass.cpp	PASS	PASS	SAME
std/containers/unord/unord.map/unord.map.cnstr/init_size_hash_equal.pass.cpp	PASS	PASS	SAME
std/containers/unord/unord.map/unord.map.cnstr/init_size_hash_equal_allocator.pass.cpp	PASS	PASS	SAME
std/containers/unord/unord.map/unord.map.cnstr/iter_iter.pass.cpp	PASS	PASS	SAME
std/containers/unord/unord.map/unord.map.cnstr/iter_iter_size.pass.cpp	PASS	PASS	SAME
std/containers/unord/unord.map/unord.map.cnstr/iter_iter_size_allocator.pass.cpp	PASS	PASS	SAME
std/containers/unord/unord.map/unord.map.cnstr/iter_iter_size_hash.pass.cpp	PASS	PASS	SAME
std/containers/unord/unord.map/unord.map.cnstr/iter_iter_size_hash_allocator.pass.cpp	PASS	PASS	SAME
std/containers/unord/unord.map/unord.map.cnstr/iter_iter_size_hash_equal.pass.cpp	PASS	PASS	SAME
std/containers/unord/unord.map/unord.map.cnstr/iter_iter_size_hash_equal_allocator.pass.cpp	PASS	PASS	SAME
std/containers/unord/unord.map/unord.map.cnstr/move.addressof.compile.pass.cpp	PASS	PASS	SAME
std/containers/unord/unord.map/unord.map.cnstr/move.pass.cpp	PASS	PASS	SAME
std/containers/unord/unord.map/unord.map.cnstr/move_alloc.addressof.compile.pass.cpp	PASS	PASS	SAME
std/containers/unord/unord.map/unord.map.cnstr/move_alloc.pass.cpp	PASS	PASS	SAME
std/containers/unord/unord.map/unord.map.cnstr/move_assign_noexcept.compile.pass.cpp	PASS	PASS	SAME
std/containers/unord/unord.map/unord.map.cnstr/move_noexcept.pass.cpp	PASS	PASS	SAME
std/containers/unord/unord.map/unord.map.cnstr/size.compile.fail.cpp	PASS	PASS	SAME
std/containers/unord/unord.map/unord.map.cnstr/size.pass.cpp	PASS	PASS	SAME
std/containers/unord/unord.map/unord.map.cnstr/size_allocator.pass.cpp	PASS	PASS	SAME
std/containers/unord/unord.map/unord.map.cnstr/size_hash.pass.cpp	PASS	PASS	SAME
std/containers/unord/unord.map/unord.map.cnstr/size_hash_allocator.pass.cpp	PASS	PASS	SAME
std/containers/unord/unord.map/unord.map.cnstr/size_hash_equal.pass.cpp	PASS	PASS	SAME
std/containers/unord/unord.map/unord.map.cnstr/size_hash_equal_allocator.pass.cpp	PASS	PASS	SAME
std/containers/unord/unord.map/unord.map.elem/at.pass.cpp	PASS	PASS	SAME
std/containers/unord/unord.map/unord.map.elem/index.pass.cpp	PASS	PASS	SAME
std/containers/unord/unord.map/unord.map.elem/index_tuple.pass.cpp	PASS	PASS	SAME
std/containers/unord/unord.map/unord.map.modifiers/clear.pass.cpp	PASS	PASS	SAME
std/containers/unord/unord.map/unord.map.modifiers/emplace.pass.cpp	PASS	PASS	SAME
std/containers/unord/unord.map/unord.map.modifiers/emplace_hint.addressof.compile.pass.cpp	PASS	PASS	SAME
std/containers/unord/unord.map/unord.map.modifiers/emplace_hint.pass.cpp	PASS	PASS	SAME
std/containers/unord/unord.map/unord.map.modifiers/erase_const_iter.addressof.compile.pass.cpp	PASS	PASS	SAME
std/containers/unord/unord.map/unord.map.modifiers/erase_const_iter.pass.cpp	PASS	PASS	SAME
std/containers/unord/unord.map/unord.map.modifiers/erase_key.pass.cpp	PASS	PASS	SAME
std/containers/unord/unord.map/unord.map.modifiers/erase_range.addressof.compile.pass.cpp	PASS	PASS	SAME
std/containers/unord/unord.map/unord.map.modifiers/erase_range.pass.cpp	PASS	PASS	SAME
std/containers/unord/unord.map/unord.map.modifiers/extract_iterator.pass.cpp	PASS	PASS	SAME
std/containers/unord/unord.map/unord.map.modifiers/extract_key.pass.cpp	PASS	PASS	SAME
std/containers/unord/unord.map/unord.map.modifiers/insert_and_emplace_allocator_requirements.pass.cpp	PASS	PASS	SAME
std/containers/unord/unord.map/unord.map.modifiers/insert_const_lvalue.pass.cpp	PASS	PASS	SAME
std/containers/unord/unord.map/unord.map.modifiers/insert_hint_const_lvalue.addressof.compile.pass.cpp	PASS	PASS	SAME
std/containers/unord/unord.map/unord.map.modifiers/insert_hint_const_lvalue.pass.cpp	PASS	PASS	SAME
std/containers/unord/unord.map/unord.map.modifiers/insert_hint_rvalue.pass.cpp	PASS	PASS	SAME
std/containers/unord/unord.map/unord.map.modifiers/insert_init.pass.cpp	PASS	PASS	SAME
std/containers/unord/unord.map/unord.map.modifiers/insert_iter_iter.pass.cpp	PASS	PASS	SAME
std/containers/unord/unord.map/unord.map.modifiers/insert_node_type.pass.cpp	PASS	PASS	SAME
std/containers/unord/unord.map/unord.map.modifiers/insert_node_type_hint.pass.cpp	PASS	PASS	SAME
std/containers/unord/unord.map/unord.map.modifiers/insert_or_assign.pass.cpp	PASS	PASS	SAME
std/containers/unord/unord.map/unord.map.modifiers/insert_range.pass.cpp	PASS	PASS	SAME
std/containers/unord/unord.map/unord.map.modifiers/insert_rvalue.pass.cpp	PASS	PASS	SAME
std/containers/unord/unord.map/unord.map.modifiers/insert_rvalue_constructible_value_type.addressof.compile.pass.cpp	PASS	PASS	SAME
std/containers/unord/unord.map/unord.map.modifiers/insert_rvalue_value_type.addressof.compile.pass.cpp	PASS	PASS	SAME
std/containers/unord/unord.map/unord.map.modifiers/merge.pass.cpp	PASS	PASS	SAME
std/containers/unord/unord.map/unord.map.modifiers/try.emplace.pass.cpp	PASS	PASS	SAME
std/containers/unord/unord.map/unord.map.modifiers/try_emplace_hint.addressof.compile.pass.cpp	PASS	PASS	SAME
std/containers/unord/unord.map/unord.map.swap/swap.addressof.compile.pass.cpp	PASS	PASS	SAME
std/containers/unord/unord.map/unord.map.swap/swap_noexcept.pass.cpp	PASS	PASS	SAME
std/containers/unord/unord.map/unord.map.swap/swap_non_member.pass.cpp	PASS	PASS	SAME
std/containers/unord/unord.multimap/allocator_mismatch.verify.cpp	PASS	PASS	SAME
std/containers/unord/unord.multimap/bucket.pass.cpp	PASS	PASS	SAME
std/containers/unord/unord.multimap/bucket_count.pass.cpp	PASS	PASS	SAME
std/containers/unord/unord.multimap/bucket_size.pass.cpp	PASS	PASS	SAME
std/containers/unord/unord.multimap/contains.transparent.pass.cpp	PASS	PASS	SAME
std/containers/unord/unord.multimap/count.pass.cpp	PASS	PASS	SAME
std/containers/unord/unord.multimap/count.transparent.pass.cpp	PASS	PASS	SAME
std/containers/unord/unord.multimap/empty.pass.cpp	PASS	PASS	SAME
std/containers/unord/unord.multimap/empty.verify.cpp	PASS	PASS	SAME
std/containers/unord/unord.multimap/eq.different_hash.pass.cpp	PASS	PASS	SAME
std/containers/unord/unord.multimap/eq.pass.cpp	PASS	PASS	SAME
std/containers/unord/unord.multimap/equal_range.transparent.pass.cpp	PASS	PASS	SAME
std/containers/unord/unord.multimap/equal_range_const.pass.cpp	PASS	PASS	SAME
std/containers/unord/unord.multimap/equal_range_non_const.pass.cpp	PASS	PASS	SAME
std/containers/unord/unord.multimap/erase_if.pass.cpp	PASS	PASS	SAME
std/containers/unord/unord.multimap/find.transparent.pass.cpp	PASS	PASS	SAME
std/containers/unord/unord.multimap/find_const.pass.cpp	PASS	PASS	SAME
std/containers/unord/unord.multimap/find_non_const.pass.cpp	PASS	PASS	SAME
std/containers/unord/unord.multimap/get_allocator.pass.cpp	PASS	PASS	SAME
std/containers/unord/unord.multimap/hash_function.pass.cpp	PASS	PASS	SAME
std/containers/unord/unord.multimap/incomplete.pass.cpp	PASS	PASS	SAME
std/containers/unord/unord.multimap/iterator_concept_conformance.compile.pass.cpp	PASS	PASS	SAME
std/containers/unord/unord.multimap/iterators.compile.fail.cpp	PASS	PASS	SAME
std/containers/unord/unord.multimap/iterators.pass.cpp	PASS	PASS	SAME
std/containers/unord/unord.multimap/key_eq.pass.cpp	PASS	PASS	SAME
std/containers/unord/unord.multimap/load_factor.pass.cpp	PASS	PASS	SAME
std/containers/unord/unord.multimap/local_iterators.compile.fail.cpp	PASS	PASS	SAME
std/containers/unord/unord.multimap/local_iterators.pass.cpp	PASS	PASS	SAME
std/containers/unord/unord.multimap/max_bucket_count.pass.cpp	PASS	PASS	SAME
std/containers/unord/unord.multimap/max_load_factor.pass.cpp	PASS	PASS	SAME
std/containers/unord/unord.multimap/max_size.pass.cpp	PASS	PASS	SAME
std/containers/unord/unord.multimap/range_concept_conformance.compile.pass.cpp	PASS	PASS	SAME
std/containers/unord/unord.multimap/rehash.pass.cpp	PASS	PASS	SAME
std/containers/unord/unord.multimap/reserve.pass.cpp	PASS	PASS	SAME
std/containers/unord/unord.multimap/size.pass.cpp	PASS	PASS	SAME
std/containers/unord/unord.multimap/swap_member.pass.cpp	PASS	PASS	SAME
std/containers/unord/unord.multimap/types.pass.cpp	PASS	PASS	SAME
std/containers/unord/unord.multimap/unord.multimap.cnstr/allocator.pass.cpp	PASS	PASS	SAME
std/containers/unord/unord.multimap/unord.multimap.cnstr/assign_copy.addressof.compile.pass.cpp	PASS	PASS	SAME
std/containers/unord/unord.multimap/unord.multimap.cnstr/assign_copy.pass.cpp	PASS	PASS	SAME
std/containers/unord/unord.multimap/unord.multimap.cnstr/assign_init.pass.cpp	PASS	PASS	SAME
std/containers/unord/unord.multimap/unord.multimap.cnstr/assign_move.pass.cpp	PASS	PASS	SAME
std/containers/unord/unord.multimap/unord.multimap.cnstr/compare_copy_constructible.compile.fail.cpp	PASS	PASS	SAME
std/containers/unord/unord.multimap/unord.multimap.cnstr/copy.pass.cpp	PASS	PASS	SAME
std/containers/unord/unord.multimap/unord.multimap.cnstr/copy_alloc.pass.cpp	PASS	PASS	SAME
std/containers/unord/unord.multimap/unord.multimap.cnstr/deduct.pass.cpp	PASS	PASS	SAME
std/containers/unord/unord.multimap/unord.multimap.cnstr/deduct.verify.cpp	PASS	PASS	SAME
std/containers/unord/unord.multimap/unord.multimap.cnstr/deduct_const.pass.cpp	PASS	PASS	SAME
std/containers/unord/unord.multimap/unord.multimap.cnstr/default.pass.cpp	PASS	PASS	SAME
std/containers/unord/unord.multimap/unord.multimap.cnstr/default_noexcept.pass.cpp	PASS	PASS	SAME
std/containers/unord/unord.multimap/unord.multimap.cnstr/dtor_noexcept.pass.cpp	PASS	PASS	SAME
std/containers/unord/unord.multimap/unord.multimap.cnstr/from_range.pass.cpp	PASS	PASS	SAME
std/containers/unord/unord.multimap/unord.multimap.cnstr/hash_copy_constructible.compile.fail.cpp	PASS	PASS	SAME
std/containers/unord/unord.multimap/unord.multimap.cnstr/init.pass.cpp	PASS	PASS	SAME
std/containers/unord/unord.multimap/unord.multimap.cnstr/init_size.pass.cpp	PASS	PASS	SAME
std/containers/unord/unord.multimap/unord.multimap.cnstr/init_size_allocator.pass.cpp	PASS	PASS	SAME
std/containers/unord/unord.multimap/unord.multimap.cnstr/init_size_hash.pass.cpp	PASS	PASS	SAME
std/containers/unord/unord.multimap/unord.multimap.cnstr/init_size_hash_allocator.pass.cpp	PASS	PASS	SAME
std/containers/unord/unord.multimap/unord.multimap.cnstr/init_size_hash_equal.pass.cpp	PASS	PASS	SAME
std/containers/unord/unord.multimap/unord.multimap.cnstr/init_size_hash_equal_allocator.pass.cpp	PASS	PASS	SAME
std/containers/unord/unord.multimap/unord.multimap.cnstr/iter_iter.pass.cpp	PASS	PASS	SAME
std/containers/unord/unord.multimap/unord.multimap.cnstr/iter_iter_size.pass.cpp	PASS	PASS	SAME
std/containers/unord/unord.multimap/unord.multimap.cnstr/iter_iter_size_allocator.pass.cpp	PASS	PASS	SAME
std/containers/unord/unord.multimap/unord.multimap.cnstr/iter_iter_size_hash.pass.cpp	PASS	PASS	SAME
std/containers/unord/unord.multimap/unord.multimap.cnstr/iter_iter_size_hash_allocator.pass.cpp	PASS	PASS	SAME
std/containers/unord/unord.multimap/unord.multimap.cnstr/iter_iter_size_hash_equal.pass.cpp	PASS	PASS	SAME
std/containers/unord/unord.multimap/unord.multimap.cnstr/iter_iter_size_hash_equal_allocator.pass.cpp	PASS	PASS	SAME
std/containers/unord/unord.multimap/unord.multimap.cnstr/move.addressof.compile.pass.cpp	PASS	PASS	SAME
std/containers/unord/unord.multimap/unord.multimap.cnstr/move.pass.cpp	PASS	PASS	SAME
std/containers/unord/unord.multimap/unord.multimap.cnstr/move_alloc.addressof.compile.pass.cpp	PASS	PASS	SAME
std/containers/unord/unord.multimap/unord.multimap.cnstr/move_alloc.pass.cpp	PASS	PASS	SAME
std/containers/unord/unord.multimap/unord.multimap.cnstr/move_assign_noexcept.compile.pass.cpp	PASS	PASS	SAME
std/containers/unord/unord.multimap/unord.multimap.cnstr/move_noexcept.pass.cpp	PASS	PASS	SAME
std/containers/unord/unord.multimap/unord.multimap.cnstr/size.compile.fail.cpp	PASS	PASS	SAME
std/containers/unord/unord.multimap/unord.multimap.cnstr/size.pass.cpp	PASS	PASS	SAME
std/containers/unord/unord.multimap/unord.multimap.cnstr/size_allocator.pass.cpp	PASS	PASS	SAME
std/containers/unord/unord.multimap/unord.multimap.cnstr/size_hash.pass.cpp	PASS	PASS	SAME
std/containers/unord/unord.multimap/unord.multimap.cnstr/size_hash_allocator.pass.cpp	PASS	PASS	SAME
std/containers/unord/unord.multimap/unord.multimap.cnstr/size_hash_equal.pass.cpp	PASS	PASS	SAME
std/containers/unord/unord.multimap/unord.multimap.cnstr/size_hash_equal_allocator.pass.cpp	PASS	PASS	SAME
std/containers/unord/unord.multimap/unord.multimap.modifiers/clear.pass.cpp	PASS	PASS	SAME
std/containers/unord/unord.multimap/unord.multimap.modifiers/emplace.pass.cpp	PASS	PASS	SAME
std/containers/unord/unord.multimap/unord.multimap.modifiers/emplace_hint.addressof.compile.pass.cpp	PASS	PASS	SAME
std/containers/unord/unord.multimap/unord.multimap.modifiers/emplace_hint.pass.cpp	PASS	PASS	SAME
std/containers/unord/unord.multimap/unord.multimap.modifiers/erase_const_iter.pass.cpp	PASS	PASS	SAME
std/containers/unord/unord.multimap/unord.multimap.modifiers/erase_key.pass.cpp	PASS	PASS	SAME
std/containers/unord/unord.multimap/unord.multimap.modifiers/erase_range.pass.cpp	PASS	PASS	SAME
std/containers/unord/unord.multimap/unord.multimap.modifiers/extract_iterator.pass.cpp	PASS	PASS	SAME
std/containers/unord/unord.multimap/unord.multimap.modifiers/extract_key.pass.cpp	PASS	PASS	SAME
std/containers/unord/unord.multimap/unord.multimap.modifiers/insert_allocator_requirements.pass.cpp	PASS	PASS	SAME
std/containers/unord/unord.multimap/unord.multimap.modifiers/insert_const_lvalue.pass.cpp	PASS	PASS	SAME
std/containers/unord/unord.multimap/unord.multimap.modifiers/insert_hint_const_lvalue.pass.cpp	PASS	PASS	SAME
std/containers/unord/unord.multimap/unord.multimap.modifiers/insert_hint_rvalue.pass.cpp	PASS	PASS	SAME
std/containers/unord/unord.multimap/unord.multimap.modifiers/insert_init.pass.cpp	PASS	PASS	SAME
std/containers/unord/unord.multimap/unord.multimap.modifiers/insert_iter_iter.pass.cpp	PASS	PASS	SAME
std/containers/unord/unord.multimap/unord.multimap.modifiers/insert_node_type.pass.cpp	PASS	PASS	SAME
std/containers/unord/unord.multimap/unord.multimap.modifiers/insert_node_type_hint.pass.cpp	PASS	PASS	SAME
std/containers/unord/unord.multimap/unord.multimap.modifiers/insert_range.pass.cpp	PASS	PASS	SAME
std/containers/unord/unord.multimap/unord.multimap.modifiers/insert_rvalue.pass.cpp	PASS	PASS	SAME
std/containers/unord/unord.multimap/unord.multimap.modifiers/merge.pass.cpp	PASS	PASS	SAME
std/containers/unord/unord.multimap/unord.multimap.swap/swap_noexcept.pass.cpp	PASS	PASS	SAME
std/containers/unord/unord.multimap/unord.multimap.swap/swap_non_member.pass.cpp	PASS	PASS	SAME
std/containers/unord/unord.multiset/allocator_mismatch.verify.cpp	PASS	PASS	SAME
std/containers/unord/unord.multiset/bucket.pass.cpp	PASS	PASS	SAME
std/containers/unord/unord.multiset/bucket_count.pass.cpp	PASS	PASS	SAME
std/containers/unord/unord.multiset/bucket_size.pass.cpp	PASS	PASS	SAME
std/containers/unord/unord.multiset/clear.pass.cpp	PASS	PASS	SAME
std/containers/unord/unord.multiset/contains.transparent.pass.cpp	PASS	PASS	SAME
std/containers/unord/unord.multiset/count.pass.cpp	PASS	PASS	SAME
std/containers/unord/unord.multiset/count.transparent.pass.cpp	PASS	PASS	SAME
std/containers/unord/unord.multiset/emplace.pass.cpp	PASS	PASS	SAME
std/containers/unord/unord.multiset/emplace_hint.pass.cpp	PASS	PASS	SAME
std/containers/unord/unord.multiset/empty.pass.cpp	PASS	PASS	SAME
std/containers/unord/unord.multiset/empty.verify.cpp	PASS	PASS	SAME
std/containers/unord/unord.multiset/eq.different_hash.pass.cpp	PASS	PASS	SAME
std/containers/unord/unord.multiset/eq.pass.cpp	PASS	PASS	SAME
std/containers/unord/unord.multiset/equal_range.transparent.pass.cpp	PASS	PASS	SAME
std/containers/unord/unord.multiset/equal_range_const.pass.cpp	PASS	PASS	SAME
std/containers/unord/unord.multiset/equal_range_non_const.pass.cpp	PASS	PASS	SAME
std/containers/unord/unord.multiset/erase_const_iter.pass.cpp	PASS	PASS	SAME
std/containers/unord/unord.multiset/erase_if.pass.cpp	PASS	PASS	SAME
std/containers/unord/unord.multiset/erase_key.pass.cpp	PASS	PASS	SAME
std/containers/unord/unord.multiset/erase_range.pass.cpp	PASS	PASS	SAME
std/containers/unord/unord.multiset/extract_iterator.pass.cpp	PASS	PASS	SAME
std/containers/unord/unord.multiset/extract_key.pass.cpp	PASS	PASS	SAME
std/containers/unord/unord.multiset/find.transparent.pass.cpp	PASS	PASS	SAME
std/containers/unord/unord.multiset/find_const.pass.cpp	PASS	PASS	SAME
std/containers/unord/unord.multiset/find_non_const.pass.cpp	PASS	PASS	SAME
std/containers/unord/unord.multiset/get_allocator.pass.cpp	PASS	PASS	SAME
std/containers/unord/unord.multiset/hash_function.pass.cpp	PASS	PASS	SAME
std/containers/unord/unord.multiset/incomplete.pass.cpp	PASS	PASS	SAME
std/containers/unord/unord.multiset/insert_const_lvalue.pass.cpp	PASS	PASS	SAME
std/containers/unord/unord.multiset/insert_emplace_allocator_requirements.pass.cpp	PASS	PASS	SAME
std/containers/unord/unord.multiset/insert_hint_const_lvalue.pass.cpp	PASS	PASS	SAME
std/containers/unord/unord.multiset/insert_hint_rvalue.pass.cpp	PASS	PASS	SAME
std/containers/unord/unord.multiset/insert_init.pass.cpp	PASS	PASS	SAME
std/containers/unord/unord.multiset/insert_iter_iter.pass.cpp	PASS	PASS	SAME
std/containers/unord/unord.multiset/insert_node_type.pass.cpp	PASS	PASS	SAME
std/containers/unord/unord.multiset/insert_node_type_hint.pass.cpp	PASS	PASS	SAME
std/containers/unord/unord.multiset/insert_range.pass.cpp	PASS	PASS	SAME
std/containers/unord/unord.multiset/insert_rvalue.pass.cpp	PASS	PASS	SAME
std/containers/unord/unord.multiset/iterator_concept_conformance.compile.pass.cpp	PASS	PASS	SAME
std/containers/unord/unord.multiset/iterators.compile.fail.cpp	PASS	PASS	SAME
std/containers/unord/unord.multiset/iterators.pass.cpp	PASS	PASS	SAME
std/containers/unord/unord.multiset/key_eq.pass.cpp	PASS	PASS	SAME
std/containers/unord/unord.multiset/load_factor.pass.cpp	PASS	PASS	SAME
std/containers/unord/unord.multiset/local_iterators.compile.fail.cpp	PASS	PASS	SAME
std/containers/unord/unord.multiset/local_iterators.pass.cpp	PASS	PASS	SAME
std/containers/unord/unord.multiset/max_bucket_count.pass.cpp	PASS	PASS	SAME
std/containers/unord/unord.multiset/max_load_factor.pass.cpp	PASS	PASS	SAME
std/containers/unord/unord.multiset/max_size.pass.cpp	PASS	PASS	SAME
std/containers/unord/unord.multiset/merge.pass.cpp	PASS	PASS	SAME
std/containers/unord/unord.multiset/range_concept_conformance.compile.pass.cpp	PASS	PASS	SAME
std/containers/unord/unord.multiset/rehash.pass.cpp	PASS	PASS	SAME
std/containers/unord/unord.multiset/reserve.pass.cpp	PASS	PASS	SAME
std/containers/unord/unord.multiset/size.pass.cpp	PASS	PASS	SAME
std/containers/unord/unord.multiset/swap_member.pass.cpp	PASS	PASS	SAME
std/containers/unord/unord.multiset/types.pass.cpp	PASS	PASS	SAME
std/containers/unord/unord.multiset/unord.multiset.cnstr/allocator.pass.cpp	PASS	PASS	SAME
std/containers/unord/unord.multiset/unord.multiset.cnstr/assign_copy.addressof.compile.pass.cpp	PASS	PASS	SAME
std/containers/unord/unord.multiset/unord.multiset.cnstr/assign_copy.pass.cpp	PASS	PASS	SAME
std/containers/unord/unord.multiset/unord.multiset.cnstr/assign_init.pass.cpp	PASS	PASS	SAME
std/containers/unord/unord.multiset/unord.multiset.cnstr/assign_move.pass.cpp	PASS	PASS	SAME
std/containers/unord/unord.multiset/unord.multiset.cnstr/compare_copy_constructible.compile.fail.cpp	PASS	PASS	SAME
std/containers/unord/unord.multiset/unord.multiset.cnstr/copy.pass.cpp	PASS	PASS	SAME
std/containers/unord/unord.multiset/unord.multiset.cnstr/copy_alloc.pass.cpp	PASS	PASS	SAME
std/containers/unord/unord.multiset/unord.multiset.cnstr/deduct.pass.cpp	PASS	PASS	SAME
std/containers/unord/unord.multiset/unord.multiset.cnstr/deduct.verify.cpp	PASS	PASS	SAME
std/containers/unord/unord.multiset/unord.multiset.cnstr/default.pass.cpp	PASS	PASS	SAME
std/containers/unord/unord.multiset/unord.multiset.cnstr/default_noexcept.pass.cpp	PASS	PASS	SAME
std/containers/unord/unord.multiset/unord.multiset.cnstr/dtor_noexcept.pass.cpp	PASS	PASS	SAME
std/containers/unord/unord.multiset/unord.multiset.cnstr/from_range.pass.cpp	PASS	PASS	SAME
std/containers/unord/unord.multiset/unord.multiset.cnstr/hash_copy_constructible.compile.fail.cpp	PASS	PASS	SAME
std/containers/unord/unord.multiset/unord.multiset.cnstr/init.pass.cpp	PASS	PASS	SAME
std/containers/unord/unord.multiset/unord.multiset.cnstr/init_size.pass.cpp	PASS	PASS	SAME
std/containers/unord/unord.multiset/unord.multiset.cnstr/init_size_allocator.pass.cpp	PASS	PASS	SAME
std/containers/unord/unord.multiset/unord.multiset.cnstr/init_size_hash.pass.cpp	PASS	PASS	SAME
std/containers/unord/unord.multiset/unord.multiset.cnstr/init_size_hash_allocator.pass.cpp	PASS	PASS	SAME
std/containers/unord/unord.multiset/unord.multiset.cnstr/init_size_hash_equal.pass.cpp	PASS	PASS	SAME
std/containers/unord/unord.multiset/unord.multiset.cnstr/init_size_hash_equal_allocator.pass.cpp	PASS	PASS	SAME
std/containers/unord/unord.multiset/unord.multiset.cnstr/iter_iter.pass.cpp	PASS	PASS	SAME
std/containers/unord/unord.multiset/unord.multiset.cnstr/iter_iter_size.pass.cpp	PASS	PASS	SAME
std/containers/unord/unord.multiset/unord.multiset.cnstr/iter_iter_size_allocator.pass.cpp	PASS	PASS	SAME
std/containers/unord/unord.multiset/unord.multiset.cnstr/iter_iter_size_hash.pass.cpp	PASS	PASS	SAME
std/containers/unord/unord.multiset/unord.multiset.cnstr/iter_iter_size_hash_allocator.pass.cpp	PASS	PASS	SAME
std/containers/unord/unord.multiset/unord.multiset.cnstr/iter_iter_size_hash_equal.pass.cpp	PASS	PASS	SAME
std/containers/unord/unord.multiset/unord.multiset.cnstr/iter_iter_size_hash_equal_allocator.pass.cpp	PASS	PASS	SAME
std/containers/unord/unord.multiset/unord.multiset.cnstr/move.addressof.compile.pass.cpp	PASS	PASS	SAME
std/containers/unord/unord.multiset/unord.multiset.cnstr/move.pass.cpp	PASS	PASS	SAME
std/containers/unord/unord.multiset/unord.multiset.cnstr/move_alloc.addressof.compile.pass.cpp	PASS	PASS	SAME
std/containers/unord/unord.multiset/unord.multiset.cnstr/move_alloc.pass.cpp	PASS	PASS	SAME
std/containers/unord/unord.multiset/unord.multiset.cnstr/move_assign_noexcept.compile.pass.cpp	PASS	PASS	SAME
std/containers/unord/unord.multiset/unord.multiset.cnstr/move_noexcept.pass.cpp	PASS	PASS	SAME
std/containers/unord/unord.multiset/unord.multiset.cnstr/size.compile.fail.cpp	PASS	PASS	SAME
std/containers/unord/unord.multiset/unord.multiset.cnstr/size.pass.cpp	PASS	PASS	SAME
std/containers/unord/unord.multiset/unord.multiset.cnstr/size_allocator.pass.cpp	PASS	PASS	SAME
std/containers/unord/unord.multiset/unord.multiset.cnstr/size_hash.pass.cpp	PASS	PASS	SAME
std/containers/unord/unord.multiset/unord.multiset.cnstr/size_hash_allocator.pass.cpp	PASS	PASS	SAME
std/containers/unord/unord.multiset/unord.multiset.cnstr/size_hash_equal.pass.cpp	PASS	PASS	SAME
std/containers/unord/unord.multiset/unord.multiset.cnstr/size_hash_equal_allocator.pass.cpp	PASS	PASS	SAME
std/containers/unord/unord.multiset/unord.multiset.swap/swap_noexcept.pass.cpp	PASS	PASS	SAME
std/containers/unord/unord.multiset/unord.multiset.swap/swap_non_member.pass.cpp	PASS	PASS	SAME
std/containers/unord/unord.set/allocator_mismatch.verify.cpp	PASS	PASS	SAME
std/containers/unord/unord.set/bucket.pass.cpp	PASS	PASS	SAME
std/containers/unord/unord.set/bucket_count.pass.cpp	PASS	PASS	SAME
std/containers/unord/unord.set/bucket_size.pass.cpp	PASS	PASS	SAME
std/containers/unord/unord.set/clear.pass.cpp	PASS	PASS	SAME
std/containers/unord/unord.set/contains.pass.cpp	PASS	PASS	SAME
std/containers/unord/unord.set/contains.transparent.pass.cpp	PASS	PASS	SAME
std/containers/unord/unord.set/count.pass.cpp	PASS	PASS	SAME
std/containers/unord/unord.set/count.transparent.pass.cpp	PASS	PASS	SAME
std/containers/unord/unord.set/emplace.pass.cpp	PASS	PASS	SAME
std/containers/unord/unord.set/emplace_hint.addressof.compile.pass.cpp	PASS	PASS	SAME
std/containers/unord/unord.set/emplace_hint.pass.cpp	PASS	PASS	SAME
std/containers/unord/unord.set/empty.pass.cpp	PASS	PASS	SAME
std/containers/unord/unord.set/empty.verify.cpp	PASS	PASS	SAME
std/containers/unord/unord.set/eq.different_hash.pass.cpp	PASS	PASS	SAME
std/containers/unord/unord.set/eq.pass.cpp	PASS	PASS	SAME
std/containers/unord/unord.set/equal_range.transparent.pass.cpp	PASS	PASS	SAME
std/containers/unord/unord.set/equal_range_const.pass.cpp	PASS	PASS	SAME
std/containers/unord/unord.set/equal_range_non_const.pass.cpp	PASS	PASS	SAME
std/containers/unord/unord.set/erase_const_iter.pass.cpp	PASS	PASS	SAME
std/containers/unord/unord.set/erase_if.pass.cpp	PASS	PASS	SAME
std/containers/unord/unord.set/erase_key.pass.cpp	PASS	PASS	SAME
std/containers/unord/unord.set/erase_range.pass.cpp	PASS	PASS	SAME
std/containers/unord/unord.set/extract_iterator.pass.cpp	PASS	PASS	SAME
std/containers/unord/unord.set/extract_key.pass.cpp	PASS	PASS	SAME
std/containers/unord/unord.set/find.transparent.pass.cpp	PASS	PASS	SAME
std/containers/unord/unord.set/find_const.pass.cpp	PASS	PASS	SAME
std/containers/unord/unord.set/find_non_const.pass.cpp	PASS	PASS	SAME
std/containers/unord/unord.set/get_allocator.pass.cpp	PASS	PASS	SAME
std/containers/unord/unord.set/hash_function.pass.cpp	PASS	PASS	SAME
std/containers/unord/unord.set/incomplete.pass.cpp	PASS	PASS	SAME
std/containers/unord/unord.set/insert_and_emplace_allocator_requirements.pass.cpp	PASS	PASS	SAME
std/containers/unord/unord.set/insert_const_lvalue.pass.cpp	PASS	PASS	SAME
std/containers/unord/unord.set/insert_hint_const_lvalue.addressof.compile.pass.cpp	PASS	PASS	SAME
std/containers/unord/unord.set/insert_hint_const_lvalue.pass.cpp	PASS	PASS	SAME
std/containers/unord/unord.set/insert_hint_rvalue.addressof.compile.pass.cpp	PASS	PASS	SAME
std/containers/unord/unord.set/insert_hint_rvalue.pass.cpp	PASS	PASS	SAME
std/containers/unord/unord.set/insert_init.pass.cpp	PASS	PASS	SAME
std/containers/unord/unord.set/insert_iter_iter.pass.cpp	PASS	PASS	SAME
std/containers/unord/unord.set/insert_node_type.pass.cpp	PASS	PASS	SAME
std/containers/unord/unord.set/insert_node_type_hint.pass.cpp	PASS	PASS	SAME
std/containers/unord/unord.set/insert_range.pass.cpp	PASS	PASS	SAME
std/containers/unord/unord.set/insert_rvalue.pass.cpp	PASS	PASS	SAME
std/containers/unord/unord.set/iterator.operators.addressof.compile.pass.cpp	PASS	PASS	SAME
std/containers/unord/unord.set/iterator_concept_conformance.compile.pass.cpp	PASS	PASS	SAME
std/containers/unord/unord.set/iterators.compile.fail.cpp	PASS	PASS	SAME
std/containers/unord/unord.set/iterators.pass.cpp	PASS	PASS	SAME
std/containers/unord/unord.set/key_eq.pass.cpp	PASS	PASS	SAME
std/containers/unord/unord.set/load_factor.pass.cpp	PASS	PASS	SAME
std/containers/unord/unord.set/local_iterators.compile.fail.cpp	PASS	PASS	SAME
std/containers/unord/unord.set/local_iterators.pass.cpp	PASS	PASS	SAME
std/containers/unord/unord.set/max_bucket_count.pass.cpp	PASS	PASS	SAME
std/containers/unord/unord.set/max_load_factor.pass.cpp	PASS	PASS	SAME
std/containers/unord/unord.set/max_size.pass.cpp	PASS	PASS	SAME
std/containers/unord/unord.set/merge.pass.cpp	PASS	PASS	SAME
std/containers/unord/unord.set/range_concept_conformance.compile.pass.cpp	PASS	PASS	SAME
std/containers/unord/unord.set/rehash.pass.cpp	PASS	PASS	SAME
std/containers/unord/unord.set/reserve.pass.cpp	PASS	PASS	SAME
std/containers/unord/unord.set/size.pass.cpp	PASS	PASS	SAME
std/containers/unord/unord.set/swap_member.pass.cpp	PASS	PASS	SAME
std/containers/unord/unord.set/types.pass.cpp	PASS	PASS	SAME
std/containers/unord/unord.set/unord.set.cnstr/allocator.pass.cpp	PASS	PASS	SAME
std/containers/unord/unord.set/unord.set.cnstr/assign_copy.addressof.compile.pass.cpp	PASS	PASS	SAME
std/containers/unord/unord.set/unord.set.cnstr/assign_copy.pass.cpp	PASS	PASS	SAME
std/containers/unord/unord.set/unord.set.cnstr/assign_init.pass.cpp	PASS	PASS	SAME
std/containers/unord/unord.set/unord.set.cnstr/assign_move.pass.cpp	PASS	PASS	SAME
std/containers/unord/unord.set/unord.set.cnstr/compare_copy_constructible.compile.fail.cpp	PASS	PASS	SAME
std/containers/unord/unord.set/unord.set.cnstr/copy.pass.cpp	PASS	PASS	SAME
std/containers/unord/unord.set/unord.set.cnstr/copy_alloc.pass.cpp	PASS	PASS	SAME
std/containers/unord/unord.set/unord.set.cnstr/deduct.pass.cpp	PASS	PASS	SAME
std/containers/unord/unord.set/unord.set.cnstr/deduct.verify.cpp	PASS	PASS	SAME
std/containers/unord/unord.set/unord.set.cnstr/default.pass.cpp	PASS	PASS	SAME
std/containers/unord/unord.set/unord.set.cnstr/default_noexcept.pass.cpp	PASS	PASS	SAME
std/containers/unord/unord.set/unord.set.cnstr/dtor_noexcept.pass.cpp	PASS	PASS	SAME
std/containers/unord/unord.set/unord.set.cnstr/from_range.pass.cpp	PASS	PASS	SAME
std/containers/unord/unord.set/unord.set.cnstr/hash_copy_constructible.compile.fail.cpp	PASS	PASS	SAME
std/containers/unord/unord.set/unord.set.cnstr/init.pass.cpp	PASS	PASS	SAME
std/containers/unord/unord.set/unord.set.cnstr/init_size.pass.cpp	PASS	PASS	SAME
std/containers/unord/unord.set/unord.set.cnstr/init_size_allocator.pass.cpp	PASS	PASS	SAME
std/containers/unord/unord.set/unord.set.cnstr/init_size_hash.pass.cpp	PASS	PASS	SAME
std/containers/unord/unord.set/unord.set.cnstr/init_size_hash_allocator.pass.cpp	PASS	PASS	SAME
std/containers/unord/unord.set/unord.set.cnstr/init_size_hash_equal.pass.cpp	PASS	PASS	SAME
std/containers/unord/unord.set/unord.set.cnstr/init_size_hash_equal_allocator.pass.cpp	PASS	PASS	SAME
std/containers/unord/unord.set/unord.set.cnstr/iter_iter.pass.cpp	PASS	PASS	SAME
std/containers/unord/unord.set/unord.set.cnstr/iter_iter_size.pass.cpp	PASS	PASS	SAME
std/containers/unord/unord.set/unord.set.cnstr/iter_iter_size_allocator.pass.cpp	PASS	PASS	SAME
std/containers/unord/unord.set/unord.set.cnstr/iter_iter_size_hash.pass.cpp	PASS	PASS	SAME
std/containers/unord/unord.set/unord.set.cnstr/iter_iter_size_hash_allocator.pass.cpp	PASS	PASS	SAME
std/containers/unord/unord.set/unord.set.cnstr/iter_iter_size_hash_equal.pass.cpp	PASS	PASS	SAME
std/containers/unord/unord.set/unord.set.cnstr/iter_iter_size_hash_equal_allocator.pass.cpp	PASS	PASS	SAME
std/containers/unord/unord.set/unord.set.cnstr/move.addressof.compile.pass.cpp	PASS	PASS	SAME
std/containers/unord/unord.set/unord.set.cnstr/move.pass.cpp	PASS	PASS	SAME
std/containers/unord/unord.set/unord.set.cnstr/move_alloc.addressof.compile.pass.cpp	PASS	PASS	SAME
std/containers/unord/unord.set/unord.set.cnstr/move_alloc.pass.cpp	PASS	PASS	SAME
std/containers/unord/unord.set/unord.set.cnstr/move_assign_noexcept.compile.pass.cpp	PASS	PASS	SAME
std/containers/unord/unord.set/unord.set.cnstr/move_noexcept.pass.cpp	PASS	PASS	SAME
std/containers/unord/unord.set/unord.set.cnstr/size.compile.fail.cpp	PASS	PASS	SAME
std/containers/unord/unord.set/unord.set.cnstr/size.pass.cpp	PASS	PASS	SAME
std/containers/unord/unord.set/unord.set.cnstr/size_allocator.pass.cpp	PASS	PASS	SAME
std/containers/unord/unord.set/unord.set.cnstr/size_hash.pass.cpp	PASS	PASS	SAME
std/containers/unord/unord.set/unord.set.cnstr/size_hash_allocator.pass.cpp	PASS	PASS	SAME
std/containers/unord/unord.set/unord.set.cnstr/size_hash_equal.pass.cpp	PASS	PASS	SAME
std/containers/unord/unord.set/unord.set.cnstr/size_hash_equal_allocator.pass.cpp	PASS	PASS	SAME
std/containers/unord/unord.set/unord.set.swap/swap_noexcept.pass.cpp	PASS	PASS	SAME
std/containers/unord/unord.set/unord.set.swap/swap_non_member.pass.cpp	PASS	PASS	SAME
std/containers/views/mdspan/aligned_accessor/access.pass.cpp	PASS	PASS	SAME
std/containers/views/mdspan/aligned_accessor/ctor.conversion.from.default_accessor.pass.cpp	PASS	PASS	SAME
std/containers/views/mdspan/aligned_accessor/ctor.conversion.pass.cpp	PASS	PASS	SAME
std/containers/views/mdspan/aligned_accessor/ctor.default.pass.cpp	PASS	PASS	SAME
std/containers/views/mdspan/aligned_accessor/offset.pass.cpp	PASS	PASS	SAME
std/containers/views/mdspan/aligned_accessor/operator.conversion.to.default_accessor.pass.cpp	PASS	PASS	SAME
std/containers/views/mdspan/aligned_accessor/types.pass.cpp	PASS	PASS	SAME
std/containers/views/mdspan/default_accessor/access.pass.cpp	PASS	PASS	SAME
std/containers/views/mdspan/default_accessor/ctor.conversion.pass.cpp	PASS	PASS	SAME
std/containers/views/mdspan/default_accessor/ctor.default.pass.cpp	PASS	PASS	SAME
std/containers/views/mdspan/default_accessor/element_type.verify.cpp	PASS	PASS	SAME
std/containers/views/mdspan/default_accessor/offset.pass.cpp	PASS	PASS	SAME
std/containers/views/mdspan/default_accessor/types.pass.cpp	PASS	PASS	SAME
std/containers/views/mdspan/extents/comparison.pass.cpp	PASS	PASS	SAME
std/containers/views/mdspan/extents/conversion.pass.cpp	PASS	PASS	SAME
std/containers/views/mdspan/extents/ctad.pass.cpp	PASS	PASS	SAME
std/containers/views/mdspan/extents/ctor_default.pass.cpp	PASS	PASS	SAME
std/containers/views/mdspan/extents/ctor_from_array.pass.cpp	PASS	PASS	SAME
std/containers/views/mdspan/extents/ctor_from_integral.pass.cpp	PASS	PASS	SAME
std/containers/views/mdspan/extents/ctor_from_span.pass.cpp	PASS	PASS	SAME
std/containers/views/mdspan/extents/dextents.pass.cpp	PASS	PASS	SAME
std/containers/views/mdspan/extents/dims.pass.cpp	PASS	PASS	SAME
std/containers/views/mdspan/extents/index_type.verify.cpp	PASS	PASS	SAME
std/containers/views/mdspan/extents/obs_static.pass.cpp	PASS	PASS	SAME
std/containers/views/mdspan/extents/types.pass.cpp	PASS	PASS	SAME
std/containers/views/mdspan/layout_left/comparison.pass.cpp	PASS	PASS	SAME
std/containers/views/mdspan/layout_left/ctor.default.pass.cpp	PASS	PASS	SAME
std/containers/views/mdspan/layout_left/ctor.extents.pass.cpp	PASS	PASS	SAME
std/containers/views/mdspan/layout_left/ctor.layout_right.pass.cpp	PASS	PASS	SAME
std/containers/views/mdspan/layout_left/ctor.layout_stride.pass.cpp	PASS	PASS	SAME
std/containers/views/mdspan/layout_left/ctor.mapping.pass.cpp	PASS	PASS	SAME
std/containers/views/mdspan/layout_left/extents.verify.cpp	PASS	PASS	SAME
std/containers/views/mdspan/layout_left/index_operator.pass.cpp	PASS	PASS	SAME
std/containers/views/mdspan/layout_left/properties.pass.cpp	PASS	PASS	SAME
std/containers/views/mdspan/layout_left/required_span_size.pass.cpp	PASS	PASS	SAME
std/containers/views/mdspan/layout_left/static_requirements.pass.cpp	PASS	PASS	SAME
std/containers/views/mdspan/layout_left/stride.pass.cpp	PASS	PASS	SAME
std/containers/views/mdspan/layout_right/comparison.pass.cpp	PASS	PASS	SAME
std/containers/views/mdspan/layout_right/ctor.default.pass.cpp	PASS	PASS	SAME
std/containers/views/mdspan/layout_right/ctor.extents.pass.cpp	PASS	PASS	SAME
std/containers/views/mdspan/layout_right/ctor.layout_left.pass.cpp	PASS	PASS	SAME
std/containers/views/mdspan/layout_right/ctor.layout_stride.pass.cpp	PASS	PASS	SAME
std/containers/views/mdspan/layout_right/ctor.mapping.pass.cpp	PASS	PASS	SAME
std/containers/views/mdspan/layout_right/extents.verify.cpp	PASS	PASS	SAME
std/containers/views/mdspan/layout_right/index_operator.pass.cpp	PASS	PASS	SAME
std/containers/views/mdspan/layout_right/properties.pass.cpp	PASS	PASS	SAME
std/containers/views/mdspan/layout_right/required_span_size.pass.cpp	PASS	PASS	SAME
std/containers/views/mdspan/layout_right/static_requirements.pass.cpp	PASS	PASS	SAME
std/containers/views/mdspan/layout_right/stride.pass.cpp	PASS	PASS	SAME
std/containers/views/mdspan/layout_stride/comparison.pass.cpp	PASS	PASS	SAME
std/containers/views/mdspan/layout_stride/ctor.default.pass.cpp	PASS	PASS	SAME
std/containers/views/mdspan/layout_stride/ctor.extents_array.pass.cpp	PASS	PASS	SAME
std/containers/views/mdspan/layout_stride/ctor.extents_span.pass.cpp	PASS	PASS	SAME
std/containers/views/mdspan/layout_stride/ctor.strided_mapping.pass.cpp	PASS	PASS	SAME
std/containers/views/mdspan/layout_stride/deduction.pass.cpp	PASS	PASS	SAME
std/containers/views/mdspan/layout_stride/extents.verify.cpp	PASS	PASS	SAME
std/containers/views/mdspan/layout_stride/index_operator.pass.cpp	PASS	PASS	SAME
std/containers/views/mdspan/layout_stride/is_exhaustive_corner_case.pass.cpp	PASS	PASS	SAME
std/containers/views/mdspan/layout_stride/properties.pass.cpp	PASS	PASS	SAME
std/containers/views/mdspan/layout_stride/required_span_size.pass.cpp	PASS	PASS	SAME
std/containers/views/mdspan/layout_stride/static_requirements.pass.cpp	PASS	PASS	SAME
std/containers/views/mdspan/layout_stride/stride.pass.cpp	PASS	PASS	SAME
std/containers/views/mdspan/mdspan/assign.pass.cpp	PASS	PASS	SAME
std/containers/views/mdspan/mdspan/conversion.pass.cpp	PASS	PASS	SAME
std/containers/views/mdspan/mdspan/conversion.verify.cpp	PASS	PASS	SAME
std/containers/views/mdspan/mdspan/ctor.copy.pass.cpp	PASS	PASS	SAME
std/containers/views/mdspan/mdspan/ctor.default.pass.cpp	PASS	PASS	SAME
std/containers/views/mdspan/mdspan/ctor.dh_array.pass.cpp	PASS	PASS	SAME
std/containers/views/mdspan/mdspan/ctor.dh_extents.pass.cpp	PASS	PASS	SAME
std/containers/views/mdspan/mdspan/ctor.dh_integers.pass.cpp	PASS	PASS	SAME
std/containers/views/mdspan/mdspan/ctor.dh_map.pass.cpp	PASS	PASS	SAME
std/containers/views/mdspan/mdspan/ctor.dh_map_acc.pass.cpp	PASS	PASS	SAME
std/containers/views/mdspan/mdspan/ctor.dh_span.pass.cpp	PASS	PASS	SAME
std/containers/views/mdspan/mdspan/ctor.move.pass.cpp	PASS	PASS	SAME
std/containers/views/mdspan/mdspan/deduction.pass.cpp	PASS	PASS	SAME
std/containers/views/mdspan/mdspan/element_type.verify.cpp	PASS	PASS	SAME
std/containers/views/mdspan/mdspan/extents.verify.cpp	PASS	PASS	SAME
std/containers/views/mdspan/mdspan/index_operator.pass.cpp	PASS	PASS	SAME
std/containers/views/mdspan/mdspan/mapping.verify.cpp	PASS	PASS	SAME
std/containers/views/mdspan/mdspan/move.pass.cpp	PASS	PASS	SAME
std/containers/views/mdspan/mdspan/properties.pass.cpp	PASS	PASS	SAME
std/containers/views/mdspan/mdspan/swap.pass.cpp	PASS	PASS	SAME
std/containers/views/mdspan/mdspan/types.pass.cpp	PASS	PASS	SAME
std/containers/views/views.span/enable_borrowed_range.compile.pass.cpp	PASS	PASS	SAME
std/containers/views/views.span/range_concept_conformance.compile.pass.cpp	PASS	PASS	SAME
std/containers/views/views.span/span.cons/array.pass.cpp	PASS	PASS	SAME
std/containers/views/views.span/span.cons/assign.pass.cpp	PASS	PASS	SAME
std/containers/views/views.span/span.cons/copy.pass.cpp	PASS	PASS	SAME
std/containers/views/views.span/span.cons/deduct.pass.cpp	PASS	PASS	SAME
std/containers/views/views.span/span.cons/default.pass.cpp	PASS	PASS	SAME
std/containers/views/views.span/span.cons/initializer_list.assert.pass.cpp	UNSUPPORTED	UNSUPPORTED	SAME
std/containers/views/views.span/span.cons/initializer_list.pass.cpp	PASS	PASS	SAME
std/containers/views/views.span/span.cons/initializer_list.verify.cpp	PASS	PASS	SAME
std/containers/views/views.span/span.cons/iterator_len.pass.cpp	PASS	PASS	SAME
std/containers/views/views.span/span.cons/iterator_len.verify.cpp	PASS	PASS	SAME
std/containers/views/views.span/span.cons/iterator_sentinel.pass.cpp	PASS	PASS	SAME
std/containers/views/views.span/span.cons/iterator_sentinel.verify.cpp	PASS	PASS	SAME
std/containers/views/views.span/span.cons/range.pass.cpp	PASS	PASS	SAME
std/containers/views/views.span/span.cons/span.dtor.compile.pass.cpp	PASS	PASS	SAME
std/containers/views/views.span/span.cons/span.pass.cpp	PASS	PASS	SAME
std/containers/views/views.span/span.cons/span.verify.cpp	PASS	PASS	SAME
std/containers/views/views.span/span.cons/stdarray.pass.cpp	PASS	PASS	SAME
std/containers/views/views.span/span.elem/at.pass.cpp	PASS	PASS	SAME
std/containers/views/views.span/span.elem/back.pass.cpp	PASS	PASS	SAME
std/containers/views/views.span/span.elem/data.pass.cpp	PASS	PASS	SAME
std/containers/views/views.span/span.elem/front.pass.cpp	PASS	PASS	SAME
std/containers/views/views.span/span.elem/op_idx.pass.cpp	PASS	PASS	SAME
std/containers/views/views.span/span.iterators/begin.pass.cpp	PASS	PASS	SAME
std/containers/views/views.span/span.iterators/end.pass.cpp	PASS	PASS	SAME
std/containers/views/views.span/span.iterators/iterator.pass.cpp	PASS	PASS	SAME
std/containers/views/views.span/span.iterators/iterator_concept_conformance.compile.pass.cpp	PASS	PASS	SAME
std/containers/views/views.span/span.iterators/rbegin.pass.cpp	PASS	PASS	SAME
std/containers/views/views.span/span.iterators/rend.pass.cpp	PASS	PASS	SAME
std/containers/views/views.span/span.objectrep/as_bytes.pass.cpp	PASS	PASS	SAME
std/containers/views/views.span/span.objectrep/as_writable_bytes.pass.cpp	PASS	PASS	SAME
std/containers/views/views.span/span.objectrep/as_writable_bytes.verify.cpp	PASS	PASS	SAME
std/containers/views/views.span/span.obs/empty.nodiscard.verify.cpp	PASS	PASS	SAME
std/containers/views/views.span/span.obs/empty.pass.cpp	PASS	PASS	SAME
std/containers/views/views.span/span.obs/size.pass.cpp	PASS	PASS	SAME
std/containers/views/views.span/span.obs/size_bytes.pass.cpp	PASS	PASS	SAME
std/containers/views/views.span/span.sub/first.pass.cpp	PASS	PASS	SAME
std/containers/views/views.span/span.sub/first.verify.cpp	PASS	PASS	SAME
std/containers/views/views.span/span.sub/last.pass.cpp	PASS	PASS	SAME
std/containers/views/views.span/span.sub/last.verify.cpp	PASS	PASS	SAME
std/containers/views/views.span/span.sub/subspan.pass.cpp	PASS	PASS	SAME
std/containers/views/views.span/span.sub/subspan.verify.cpp	PASS	PASS	SAME
std/containers/views/views.span/trivially_copyable.compile.pass.cpp	PASS	PASS	SAME
std/containers/views/views.span/types.pass.cpp	PASS	PASS	SAME
std/depr.cerro/system.error.syn.verify.cpp	PASS	PASS	SAME
std/depr/depr.atomics/depr.atomics.nonmembers/atomic_init.depr_in_cxx20.verify.cpp	PASS	PASS	SAME
std/depr/depr.auto.ptr/auto.ptr/auto.ptr.cons/assignment.compile.fail.cpp	PASS	PASS	SAME
std/depr/depr.auto.ptr/auto.ptr/auto.ptr.cons/assignment.pass.cpp	UNSUPPORTED	UNSUPPORTED	SAME
std/depr/depr.auto.ptr/auto.ptr/auto.ptr.cons/convert.compile.fail.cpp	PASS	PASS	SAME
std/depr/depr.auto.ptr/auto.ptr/auto.ptr.cons/convert.pass.cpp	UNSUPPORTED	UNSUPPORTED	SAME
std/depr/depr.auto.ptr/auto.ptr/auto.ptr.cons/convert_assignment.compile.fail.cpp	PASS	PASS	SAME
std/depr/depr.auto.ptr/auto.ptr/auto.ptr.cons/convert_assignment.pass.cpp	UNSUPPORTED	UNSUPPORTED	SAME
std/depr/depr.auto.ptr/auto.ptr/auto.ptr.cons/copy.compile.fail.cpp	PASS	PASS	SAME
std/depr/depr.auto.ptr/auto.ptr/auto.ptr.cons/copy.pass.cpp	UNSUPPORTED	UNSUPPORTED	SAME
std/depr/depr.auto.ptr/auto.ptr/auto.ptr.cons/explicit.compile.fail.cpp	PASS	PASS	SAME
std/depr/depr.auto.ptr/auto.ptr/auto.ptr.cons/pointer.pass.cpp	UNSUPPORTED	UNSUPPORTED	SAME
std/depr/depr.auto.ptr/auto.ptr/auto.ptr.conv/assign_from_auto_ptr_ref.pass.cpp	UNSUPPORTED	UNSUPPORTED	SAME
std/depr/depr.auto.ptr/auto.ptr/auto.ptr.conv/convert_from_auto_ptr_ref.pass.cpp	UNSUPPORTED	UNSUPPORTED	SAME
std/depr/depr.auto.ptr/auto.ptr/auto.ptr.conv/convert_to_auto_ptr.pass.cpp	UNSUPPORTED	UNSUPPORTED	SAME
std/depr/depr.auto.ptr/auto.ptr/auto.ptr.conv/convert_to_auto_ptr_ref.pass.cpp	UNSUPPORTED	UNSUPPORTED	SAME
std/depr/depr.auto.ptr/auto.ptr/auto.ptr.members/arrow.pass.cpp	UNSUPPORTED	UNSUPPORTED	SAME
std/depr/depr.auto.ptr/auto.ptr/auto.ptr.members/deref.pass.cpp	UNSUPPORTED	UNSUPPORTED	SAME
std/depr/depr.auto.ptr/auto.ptr/auto.ptr.members/release.pass.cpp	UNSUPPORTED	UNSUPPORTED	SAME
std/depr/depr.auto.ptr/auto.ptr/auto.ptr.members/reset.pass.cpp	UNSUPPORTED	UNSUPPORTED	SAME
std/depr/depr.auto.ptr/auto.ptr/element_type.pass.cpp	UNSUPPORTED	UNSUPPORTED	SAME
std/depr/depr.c.headers/assert_h.pass.cpp	PASS	PASS	SAME
std/depr/depr.c.headers/ciso646.compile.pass.cpp	PASS	PASS	SAME
std/depr/depr.c.headers/complex_h.compile.pass.cpp	PASS	PASS	SAME
std/depr/depr.c.headers/ctype_h.pass.cpp	PASS	PASS	SAME
std/depr/depr.c.headers/errno_h.compile.pass.cpp	PASS	PASS	SAME
std/depr/depr.c.headers/fenv_h.compile.pass.cpp	PASS	PASS	SAME
std/depr/depr.c.headers/float_h.compile.pass.cpp	PASS	PASS	SAME
std/depr/depr.c.headers/inttypes_h.compile.pass.cpp	PASS	PASS	SAME
std/depr/depr.c.headers/iso646_h.compile.pass.cpp	PASS	PASS	SAME
std/depr/depr.c.headers/limits_h.compile.pass.cpp	PASS	PASS	SAME
std/depr/depr.c.headers/locale_h.compile.pass.cpp	PASS	PASS	SAME
std/depr/depr.c.headers/math_h.pass.cpp	PASS	PASS	SAME
std/depr/depr.c.headers/setjmp_h.compile.pass.cpp	PASS	PASS	SAME
std/depr/depr.c.headers/signal_h.compile.pass.cpp	PASS	PASS	SAME
std/depr/depr.c.headers/stdalign_h.compile.pass.cpp	PASS	PASS	SAME
std/depr/depr.c.headers/stdarg_h.compile.pass.cpp	PASS	PASS	SAME
std/depr/depr.c.headers/stdbool_h.compile.pass.cpp	PASS	PASS	SAME
std/depr/depr.c.headers/stddef_h.compile.pass.cpp	PASS	PASS	SAME
std/depr/depr.c.headers/stddef_h.nullptr.pass.cpp	PASS	PASS	SAME
std/depr/depr.c.headers/stdint_h.pass.cpp	PASS	PASS	SAME
std/depr/depr.c.headers/stdio_h.compile.pass.cpp	PASS	PASS	SAME
std/depr/depr.c.headers/stdlib_h.aligned_alloc.compile.pass.cpp	PASS	PASS	SAME
std/depr/depr.c.headers/stdlib_h.pass.cpp	PASS	PASS	SAME
std/depr/depr.c.headers/string_h.pass.cpp	PASS	PASS	SAME
std/depr/depr.c.headers/tgmath_h.pass.cpp	PASS	PASS	SAME
std/depr/depr.c.headers/time_h.compile.pass.cpp	PASS	PASS	SAME
std/depr/depr.c.headers/uchar_h.compile.pass.cpp	PASS	PASS	SAME
std/depr/depr.c.headers/wchar_h.compile.pass.cpp	PASS	PASS	SAME
std/depr/depr.c.headers/wctype_h.compile.pass.cpp	PASS	PASS	SAME
std/depr/depr.cpp.headers/ccomplex.verify.cpp	XFAIL	XFAIL	SAME
std/depr/depr.cpp.headers/ciso646.verify.cpp	XFAIL	XFAIL	SAME
std/depr/depr.cpp.headers/cstdalign.verify.cpp	XFAIL	XFAIL	SAME
std/depr/depr.cpp.headers/cstdbool.verify.cpp	XFAIL	XFAIL	SAME
std/depr/depr.cpp.headers/ctgmath.verify.cpp	XFAIL	XFAIL	SAME
std/depr/depr.function.objects/depr.adaptors/depr.function.pointer.adaptors/pointer_to_binary_function.cxx1z.compile.fail.cpp	PASS	PASS	SAME
std/depr/depr.function.objects/depr.adaptors/depr.function.pointer.adaptors/pointer_to_binary_function.pass.cpp	UNSUPPORTED	UNSUPPORTED	SAME
std/depr/depr.function.objects/depr.adaptors/depr.function.pointer.adaptors/pointer_to_unary_function.cxx1z.compile.fail.cpp	PASS	PASS	SAME
std/depr/depr.function.objects/depr.adaptors/depr.function.pointer.adaptors/pointer_to_unary_function.pass.cpp	UNSUPPORTED	UNSUPPORTED	SAME
std/depr/depr.function.objects/depr.adaptors/depr.function.pointer.adaptors/ptr_fun1.cxx1z.compile.fail.cpp	PASS	PASS	SAME
std/depr/depr.function.objects/depr.adaptors/depr.function.pointer.adaptors/ptr_fun1.pass.cpp	UNSUPPORTED	UNSUPPORTED	SAME
std/depr/depr.function.objects/depr.adaptors/depr.function.pointer.adaptors/ptr_fun2.cxx1z.compile.fail.cpp	PASS	PASS	SAME
std/depr/depr.function.objects/depr.adaptors/depr.function.pointer.adaptors/ptr_fun2.pass.cpp	UNSUPPORTED	UNSUPPORTED	SAME
std/depr/depr.function.objects/depr.adaptors/depr.member.pointer.adaptors/const_mem_fun.cxx1z.compile.fail.cpp	PASS	PASS	SAME
std/depr/depr.function.objects/depr.adaptors/depr.member.pointer.adaptors/const_mem_fun.pass.cpp	UNSUPPORTED	UNSUPPORTED	SAME
std/depr/depr.function.objects/depr.adaptors/depr.member.pointer.adaptors/const_mem_fun1.cxx1z.compile.fail.cpp	PASS	PASS	SAME
std/depr/depr.function.objects/depr.adaptors/depr.member.pointer.adaptors/const_mem_fun1.pass.cpp	UNSUPPORTED	UNSUPPORTED	SAME
std/depr/depr.function.objects/depr.adaptors/depr.member.pointer.adaptors/const_mem_fun1_ref_t.cxx1z.compile.fail.cpp	PASS	PASS	SAME
std/depr/depr.function.objects/depr.adaptors/depr.member.pointer.adaptors/const_mem_fun1_ref_t.pass.cpp	UNSUPPORTED	UNSUPPORTED	SAME
std/depr/depr.function.objects/depr.adaptors/depr.member.pointer.adaptors/const_mem_fun1_t.cxx1z.compile.fail.cpp	PASS	PASS	SAME
std/depr/depr.function.objects/depr.adaptors/depr.member.pointer.adaptors/const_mem_fun1_t.pass.cpp	UNSUPPORTED	UNSUPPORTED	SAME
std/depr/depr.function.objects/depr.adaptors/depr.member.pointer.adaptors/const_mem_fun_ref.cxx1z.compile.fail.cpp	PASS	PASS	SAME
std/depr/depr.function.objects/depr.adaptors/depr.member.pointer.adaptors/const_mem_fun_ref.pass.cpp	UNSUPPORTED	UNSUPPORTED	SAME
std/depr/depr.function.objects/depr.adaptors/depr.member.pointer.adaptors/const_mem_fun_ref1.cxx1z.compile.fail.cpp	PASS	PASS	SAME
std/depr/depr.function.objects/depr.adaptors/depr.member.pointer.adaptors/const_mem_fun_ref1.pass.cpp	UNSUPPORTED	UNSUPPORTED	SAME
std/depr/depr.function.objects/depr.adaptors/depr.member.pointer.adaptors/const_mem_fun_ref_t.cxx1z.compile.fail.cpp	PASS	PASS	SAME
std/depr/depr.function.objects/depr.adaptors/depr.member.pointer.adaptors/const_mem_fun_ref_t.pass.cpp	UNSUPPORTED	UNSUPPORTED	SAME
std/depr/depr.function.objects/depr.adaptors/depr.member.pointer.adaptors/const_mem_fun_t.cxx1z.compile.fail.cpp	PASS	PASS	SAME
std/depr/depr.function.objects/depr.adaptors/depr.member.pointer.adaptors/const_mem_fun_t.pass.cpp	UNSUPPORTED	UNSUPPORTED	SAME
std/depr/depr.function.objects/depr.adaptors/depr.member.pointer.adaptors/mem_fun.cxx1z.compile.fail.cpp	PASS	PASS	SAME
std/depr/depr.function.objects/depr.adaptors/depr.member.pointer.adaptors/mem_fun.pass.cpp	UNSUPPORTED	UNSUPPORTED	SAME
std/depr/depr.function.objects/depr.adaptors/depr.member.pointer.adaptors/mem_fun1.cxx1z.compile.fail.cpp	PASS	PASS	SAME
std/depr/depr.function.objects/depr.adaptors/depr.member.pointer.adaptors/mem_fun1.pass.cpp	UNSUPPORTED	UNSUPPORTED	SAME
std/depr/depr.function.objects/depr.adaptors/depr.member.pointer.adaptors/mem_fun1_ref_t.cxx1z.compile.fail.cpp	PASS	PASS	SAME
std/depr/depr.function.objects/depr.adaptors/depr.member.pointer.adaptors/mem_fun1_ref_t.pass.cpp	UNSUPPORTED	UNSUPPORTED	SAME
std/depr/depr.function.objects/depr.adaptors/depr.member.pointer.adaptors/mem_fun1_t.cxx1z.compile.fail.cpp	PASS	PASS	SAME
std/depr/depr.function.objects/depr.adaptors/depr.member.pointer.adaptors/mem_fun1_t.pass.cpp	UNSUPPORTED	UNSUPPORTED	SAME
std/depr/depr.function.objects/depr.adaptors/depr.member.pointer.adaptors/mem_fun_ref.cxx1z.compile.fail.cpp	PASS	PASS	SAME
std/depr/depr.function.objects/depr.adaptors/depr.member.pointer.adaptors/mem_fun_ref.pass.cpp	UNSUPPORTED	UNSUPPORTED	SAME
std/depr/depr.function.objects/depr.adaptors/depr.member.pointer.adaptors/mem_fun_ref1.cxx1z.compile.fail.cpp	PASS	PASS	SAME
std/depr/depr.function.objects/depr.adaptors/depr.member.pointer.adaptors/mem_fun_ref1.pass.cpp	UNSUPPORTED	UNSUPPORTED	SAME
std/depr/depr.function.objects/depr.adaptors/depr.member.pointer.adaptors/mem_fun_ref_t.cxx1z.compile.fail.cpp	PASS	PASS	SAME
std/depr/depr.function.objects/depr.adaptors/depr.member.pointer.adaptors/mem_fun_ref_t.pass.cpp	UNSUPPORTED	UNSUPPORTED	SAME
std/depr/depr.function.objects/depr.adaptors/depr.member.pointer.adaptors/mem_fun_t.cxx1z.compile.fail.cpp	PASS	PASS	SAME
std/depr/depr.function.objects/depr.adaptors/depr.member.pointer.adaptors/mem_fun_t.pass.cpp	UNSUPPORTED	UNSUPPORTED	SAME
std/depr/depr.function.objects/depr.base/binary_function.depr.verify.cpp	UNSUPPORTED	UNSUPPORTED	SAME
std/depr/depr.function.objects/depr.base/binary_function.pass.cpp	UNSUPPORTED	UNSUPPORTED	SAME
std/depr/depr.function.objects/depr.base/unary_function.depr.verify.cpp	UNSUPPORTED	UNSUPPORTED	SAME
std/depr/depr.function.objects/depr.base/unary_function.pass.cpp	UNSUPPORTED	UNSUPPORTED	SAME
std/depr/depr.ios.members/io_state.pass.cpp	UNSUPPORTED	UNSUPPORTED	SAME
std/depr/depr.ios.members/open_mode.pass.cpp	UNSUPPORTED	UNSUPPORTED	SAME
std/depr/depr.ios.members/seek_dir.pass.cpp	UNSUPPORTED	UNSUPPORTED	SAME
std/depr/depr.ios.members/streamoff.pass.cpp	PASS	PASS	SAME
std/depr/depr.ios.members/streampos.pass.cpp	PASS	PASS	SAME
std/depr/depr.lib.binders/depr.lib.bind.1st/bind1st.depr_in_cxx11.verify.cpp	PASS	PASS	SAME
std/depr/depr.lib.binders/depr.lib.bind.1st/bind1st.pass.cpp	UNSUPPORTED	UNSUPPORTED	SAME
std/depr/depr.lib.binders/depr.lib.bind.2nd/bind2nd.depr_in_cxx11.verify.cpp	PASS	PASS	SAME
std/depr/depr.lib.binders/depr.lib.bind.2nd/bind2nd.pass.cpp	UNSUPPORTED	UNSUPPORTED	SAME
std/depr/depr.lib.binders/depr.lib.binder.1st/binder1st.depr_in_cxx11.verify.cpp	PASS	PASS	SAME
std/depr/depr.lib.binders/depr.lib.binder.1st/binder1st.pass.cpp	UNSUPPORTED	UNSUPPORTED	SAME
std/depr/depr.lib.binders/depr.lib.binder.2nd/binder2nd.depr_in_cxx11.verify.cpp	PASS	PASS	SAME
std/depr/depr.lib.binders/depr.lib.binder.2nd/binder2nd.pass.cpp	UNSUPPORTED	UNSUPPORTED	SAME
std/depr/depr.numeric.limits.has.denorm/deprecated.verify.cpp	PASS	PASS	SAME
std/depr/depr.str.strstreams/depr.istrstream/depr.istrstream.cons/ccp.pass.cpp	PASS	PASS	SAME
std/depr/depr.str.strstreams/depr.istrstream/depr.istrstream.cons/ccp_size.pass.cpp	PASS	PASS	SAME
std/depr/depr.str.strstreams/depr.istrstream/depr.istrstream.cons/cp.pass.cpp	PASS	PASS	SAME
std/depr/depr.str.strstreams/depr.istrstream/depr.istrstream.cons/cp_size.pass.cpp	PASS	PASS	SAME
std/depr/depr.str.strstreams/depr.istrstream/depr.istrstream.members/rdbuf.pass.cpp	PASS	PASS	SAME
std/depr/depr.str.strstreams/depr.istrstream/depr.istrstream.members/str.pass.cpp	PASS	PASS	SAME
std/depr/depr.str.strstreams/depr.istrstream/depr.verify.cpp	PASS	PASS	SAME
std/depr/depr.str.strstreams/depr.istrstream/types.pass.cpp	PASS	PASS	SAME
std/depr/depr.str.strstreams/depr.ostrstream/depr.ostrstream.cons/cp_size_mode.pass.cpp	PASS	PASS	SAME
std/depr/depr.str.strstreams/depr.ostrstream/depr.ostrstream.cons/default.pass.cpp	PASS	PASS	SAME
std/depr/depr.str.strstreams/depr.ostrstream/depr.ostrstream.members/freeze.pass.cpp	PASS	PASS	SAME
std/depr/depr.str.strstreams/depr.ostrstream/depr.ostrstream.members/pcount.pass.cpp	PASS	PASS	SAME
std/depr/depr.str.strstreams/depr.ostrstream/depr.ostrstream.members/rdbuf.pass.cpp	PASS	PASS	SAME
std/depr/depr.str.strstreams/depr.ostrstream/depr.ostrstream.members/str.pass.cpp	PASS	PASS	SAME
std/depr/depr.str.strstreams/depr.ostrstream/depr.verify.cpp	PASS	PASS	SAME
std/depr/depr.str.strstreams/depr.ostrstream/types.pass.cpp	PASS	PASS	SAME
std/depr/depr.str.strstreams/depr.strstream/depr.strstream.cons/cp_size_mode.pass.cpp	PASS	PASS	SAME
std/depr/depr.str.strstreams/depr.strstream/depr.strstream.cons/default.pass.cpp	PASS	PASS	SAME
std/depr/depr.str.strstreams/depr.strstream/depr.strstream.dest/rdbuf.pass.cpp	PASS	PASS	SAME
std/depr/depr.str.strstreams/depr.strstream/depr.strstream.oper/freeze.pass.cpp	PASS	PASS	SAME
std/depr/depr.str.strstreams/depr.strstream/depr.strstream.oper/pcount.pass.cpp	PASS	PASS	SAME
std/depr/depr.str.strstreams/depr.strstream/depr.strstream.oper/str.pass.cpp	PASS	PASS	SAME
std/depr/depr.str.strstreams/depr.strstream/depr.verify.cpp	PASS	PASS	SAME
std/depr/depr.str.strstreams/depr.strstream/types.pass.cpp	PASS	PASS	SAME
std/depr/depr.str.strstreams/depr.strstreambuf/depr.strstreambuf.cons/ccp_size.pass.cpp	PASS	PASS	SAME
std/depr/depr.str.strstreams/depr.strstreambuf/depr.strstreambuf.cons/cp_size_cp.pass.cpp	PASS	PASS	SAME
std/depr/depr.str.strstreams/depr.strstreambuf/depr.strstreambuf.cons/cscp_size.pass.cpp	PASS	PASS	SAME
std/depr/depr.str.strstreams/depr.strstreambuf/depr.strstreambuf.cons/cucp_size.pass.cpp	PASS	PASS	SAME
std/depr/depr.str.strstreams/depr.strstreambuf/depr.strstreambuf.cons/custom_alloc.pass.cpp	PASS	PASS	SAME
std/depr/depr.str.strstreams/depr.strstreambuf/depr.strstreambuf.cons/default.pass.cpp	PASS	PASS	SAME
std/depr/depr.str.strstreams/depr.strstreambuf/depr.strstreambuf.cons/scp_size_scp.pass.cpp	PASS	PASS	SAME
std/depr/depr.str.strstreams/depr.strstreambuf/depr.strstreambuf.cons/ucp_size_ucp.pass.cpp	PASS	PASS	SAME
std/depr/depr.str.strstreams/depr.strstreambuf/depr.strstreambuf.members/freeze.pass.cpp	PASS	PASS	SAME
std/depr/depr.str.strstreams/depr.strstreambuf/depr.strstreambuf.members/overflow.pass.cpp	PASS	PASS	SAME
std/depr/depr.str.strstreams/depr.strstreambuf/depr.strstreambuf.members/pcount.pass.cpp	PASS	PASS	SAME
std/depr/depr.str.strstreams/depr.strstreambuf/depr.strstreambuf.members/str.pass.cpp	PASS	PASS	SAME
std/depr/depr.str.strstreams/depr.strstreambuf/depr.strstreambuf.virtuals/overflow.pass.cpp	PASS	PASS	SAME
std/depr/depr.str.strstreams/depr.strstreambuf/depr.strstreambuf.virtuals/pbackfail.pass.cpp	PASS	PASS	SAME
std/depr/depr.str.strstreams/depr.strstreambuf/depr.strstreambuf.virtuals/seekoff.pass.cpp	PASS	PASS	SAME
std/depr/depr.str.strstreams/depr.strstreambuf/depr.strstreambuf.virtuals/seekpos.pass.cpp	PASS	PASS	SAME
std/depr/depr.str.strstreams/depr.strstreambuf/depr.strstreambuf.virtuals/setbuf.pass.cpp	PASS	PASS	SAME
std/depr/depr.str.strstreams/depr.strstreambuf/depr.strstreambuf.virtuals/underflow.pass.cpp	PASS	PASS	SAME
std/depr/depr.str.strstreams/depr.strstreambuf/depr.verify.cpp	PASS	PASS	SAME
std/depr/depr.str.strstreams/depr.strstreambuf/types.pass.cpp	PASS	PASS	SAME
std/depr/exception.unexpected/set.unexpected/get_unexpected.pass.cpp	UNSUPPORTED	UNSUPPORTED	SAME
std/depr/exception.unexpected/set.unexpected/set_unexpected.pass.cpp	UNSUPPORTED	UNSUPPORTED	SAME
std/depr/exception.unexpected/unexpected.handler/unexpected_handler.pass.cpp	UNSUPPORTED	UNSUPPORTED	SAME
std/depr/exception.unexpected/unexpected/unexpected.pass.cpp	UNSUPPORTED	UNSUPPORTED	SAME
std/diagnostics/assertions/cassert.pass.cpp	PASS	PASS	SAME
std/diagnostics/diagnostics.general/nothing_to_do.pass.cpp	PASS	PASS	SAME
std/diagnostics/errno/cerrno.pass.cpp	PASS	PASS	SAME
std/diagnostics/std.exceptions/domain.error/domain_error.pass.cpp	PASS	PASS	SAME
std/diagnostics/std.exceptions/invalid.argument/invalid_argument.pass.cpp	PASS	PASS	SAME
std/diagnostics/std.exceptions/length.error/length_error.pass.cpp	PASS	PASS	SAME
std/diagnostics/std.exceptions/logic.error/logic_error.pass.cpp	PASS	PASS	SAME
std/diagnostics/std.exceptions/out.of.range/out_of_range.pass.cpp	PASS	PASS	SAME
std/diagnostics/std.exceptions/overflow.error/overflow_error.pass.cpp	PASS	PASS	SAME
std/diagnostics/std.exceptions/range.error/range_error.pass.cpp	PASS	PASS	SAME
std/diagnostics/std.exceptions/runtime.error/runtime_error.pass.cpp	PASS	PASS	SAME
std/diagnostics/std.exceptions/underflow.error/underflow_error.pass.cpp	PASS	PASS	SAME
std/diagnostics/syserr/errc.pass.cpp	PASS	PASS	SAME
std/diagnostics/syserr/is_error_code_enum.pass.cpp	PASS	PASS	SAME
std/diagnostics/syserr/is_error_condition_enum.pass.cpp	PASS	PASS	SAME
std/diagnostics/syserr/syserr.compare/cmp_error_code.pass.cpp	PASS	PASS	SAME
std/diagnostics/syserr/syserr.compare/cmp_error_condition.pass.cpp	PASS	PASS	SAME
std/diagnostics/syserr/syserr.compare/eq_error_code_error_code.pass.cpp	PASS	PASS	SAME
std/diagnostics/syserr/syserr.errcat/syserr.errcat.derived/message.pass.cpp	PASS	PASS	SAME
std/diagnostics/syserr/syserr.errcat/syserr.errcat.nonvirtuals/cmp.pass.cpp	PASS	PASS	SAME
std/diagnostics/syserr/syserr.errcat/syserr.errcat.nonvirtuals/default_ctor.pass.cpp	PASS	PASS	SAME
std/diagnostics/syserr/syserr.errcat/syserr.errcat.nonvirtuals/eq.pass.cpp	PASS	PASS	SAME
std/diagnostics/syserr/syserr.errcat/syserr.errcat.nonvirtuals/lt.pass.cpp	PASS	PASS	SAME
std/diagnostics/syserr/syserr.errcat/syserr.errcat.nonvirtuals/neq.pass.cpp	PASS	PASS	SAME
std/diagnostics/syserr/syserr.errcat/syserr.errcat.objects/generic_category.pass.cpp	PASS	PASS	SAME
std/diagnostics/syserr/syserr.errcat/syserr.errcat.objects/system_category.pass.cpp	PASS	PASS	SAME
std/diagnostics/syserr/syserr.errcat/syserr.errcat.overview/error_category.pass.cpp	PASS	PASS	SAME
std/diagnostics/syserr/syserr.errcat/syserr.errcat.virtuals/default_error_condition.pass.cpp	PASS	PASS	SAME
std/diagnostics/syserr/syserr.errcat/syserr.errcat.virtuals/equivalent_error_code_int.pass.cpp	PASS	PASS	SAME
std/diagnostics/syserr/syserr.errcat/syserr.errcat.virtuals/equivalent_int_error_condition.pass.cpp	PASS	PASS	SAME
std/diagnostics/syserr/syserr.errcode/syserr.errcode.constructors/ErrorCodeEnum.pass.cpp	PASS	PASS	SAME
std/diagnostics/syserr/syserr.errcode/syserr.errcode.constructors/default.pass.cpp	PASS	PASS	SAME
std/diagnostics/syserr/syserr.errcode/syserr.errcode.constructors/int_error_category.pass.cpp	PASS	PASS	SAME
std/diagnostics/syserr/syserr.errcode/syserr.errcode.constructors/lwg3629.pass.cpp	PASS	PASS	SAME
std/diagnostics/syserr/syserr.errcode/syserr.errcode.modifiers/ErrorCodeEnum.pass.cpp	PASS	PASS	SAME
std/diagnostics/syserr/syserr.errcode/syserr.errcode.modifiers/assign.pass.cpp	PASS	PASS	SAME
std/diagnostics/syserr/syserr.errcode/syserr.errcode.modifiers/clear.pass.cpp	PASS	PASS	SAME
std/diagnostics/syserr/syserr.errcode/syserr.errcode.modifiers/lwg3629.pass.cpp	PASS	PASS	SAME
std/diagnostics/syserr/syserr.errcode/syserr.errcode.nonmembers/lt.pass.cpp	PASS	PASS	SAME
std/diagnostics/syserr/syserr.errcode/syserr.errcode.nonmembers/make_error_code.pass.cpp	PASS	PASS	SAME
std/diagnostics/syserr/syserr.errcode/syserr.errcode.nonmembers/stream_inserter.pass.cpp	PASS	PASS	SAME
std/diagnostics/syserr/syserr.errcode/syserr.errcode.observers/bool.pass.cpp	PASS	PASS	SAME
std/diagnostics/syserr/syserr.errcode/syserr.errcode.observers/category.pass.cpp	PASS	PASS	SAME
std/diagnostics/syserr/syserr.errcode/syserr.errcode.observers/default_error_condition.pass.cpp	PASS	PASS	SAME
std/diagnostics/syserr/syserr.errcode/syserr.errcode.observers/message.pass.cpp	PASS	PASS	SAME
std/diagnostics/syserr/syserr.errcode/syserr.errcode.observers/value.pass.cpp	PASS	PASS	SAME
std/diagnostics/syserr/syserr.errcode/syserr.errcode.overview/types.pass.cpp	PASS	PASS	SAME
std/diagnostics/syserr/syserr.errcondition/syserr.errcondition.constructors/ErrorConditionEnum.pass.cpp	PASS	PASS	SAME
std/diagnostics/syserr/syserr.errcondition/syserr.errcondition.constructors/default.pass.cpp	PASS	PASS	SAME
std/diagnostics/syserr/syserr.errcondition/syserr.errcondition.constructors/int_error_category.pass.cpp	PASS	PASS	SAME
std/diagnostics/syserr/syserr.errcondition/syserr.errcondition.constructors/lwg3629.pass.cpp	PASS	PASS	SAME
std/diagnostics/syserr/syserr.errcondition/syserr.errcondition.modifiers/ErrorConditionEnum.pass.cpp	PASS	PASS	SAME
std/diagnostics/syserr/syserr.errcondition/syserr.errcondition.modifiers/assign.pass.cpp	PASS	PASS	SAME
std/diagnostics/syserr/syserr.errcondition/syserr.errcondition.modifiers/clear.pass.cpp	PASS	PASS	SAME
std/diagnostics/syserr/syserr.errcondition/syserr.errcondition.modifiers/lwg3629.pass.cpp	PASS	PASS	SAME
std/diagnostics/syserr/syserr.errcondition/syserr.errcondition.nonmembers/lt.pass.cpp	PASS	PASS	SAME
std/diagnostics/syserr/syserr.errcondition/syserr.errcondition.nonmembers/make_error_condition.pass.cpp	PASS	PASS	SAME
std/diagnostics/syserr/syserr.errcondition/syserr.errcondition.observers/bool.pass.cpp	PASS	PASS	SAME
std/diagnostics/syserr/syserr.errcondition/syserr.errcondition.observers/category.pass.cpp	PASS	PASS	SAME
std/diagnostics/syserr/syserr.errcondition/syserr.errcondition.observers/message.pass.cpp	PASS	PASS	SAME
std/diagnostics/syserr/syserr.errcondition/syserr.errcondition.observers/value.pass.cpp	PASS	PASS	SAME
std/diagnostics/syserr/syserr.errcondition/syserr.errcondition.overview/types.pass.cpp	PASS	PASS	SAME
std/diagnostics/syserr/syserr.hash/enabled_hash.pass.cpp	PASS	PASS	SAME
std/diagnostics/syserr/syserr.hash/error_code.pass.cpp	PASS	PASS	SAME
std/diagnostics/syserr/syserr.hash/error_condition.pass.cpp	PASS	PASS	SAME
std/diagnostics/syserr/syserr.syserr/syserr.syserr.members/ctor_error_code.pass.cpp	PASS	PASS	SAME
std/diagnostics/syserr/syserr.syserr/syserr.syserr.members/ctor_error_code_const_char_pointer.pass.cpp	PASS	PASS	SAME
std/diagnostics/syserr/syserr.syserr/syserr.syserr.members/ctor_error_code_string.pass.cpp	PASS	PASS	SAME
std/diagnostics/syserr/syserr.syserr/syserr.syserr.members/ctor_int_error_category.pass.cpp	PASS	PASS	SAME
std/diagnostics/syserr/syserr.syserr/syserr.syserr.members/ctor_int_error_category_const_char_pointer.pass.cpp	PASS	PASS	SAME
std/diagnostics/syserr/syserr.syserr/syserr.syserr.members/ctor_int_error_category_string.pass.cpp	PASS	PASS	SAME
std/diagnostics/syserr/syserr.syserr/syserr.syserr.overview/nothing_to_do.pass.cpp	PASS	PASS	SAME
std/double_include.gen.py/algorithm.sh.cpp	PASS	PASS	SAME
std/double_include.gen.py/any.sh.cpp	PASS	PASS	SAME
std/double_include.gen.py/array.sh.cpp	PASS	PASS	SAME
std/double_include.gen.py/atomic.sh.cpp	PASS	PASS	SAME
std/double_include.gen.py/barrier.sh.cpp	PASS	PASS	SAME
std/double_include.gen.py/bit.sh.cpp	PASS	PASS	SAME
std/double_include.gen.py/bitset.sh.cpp	PASS	PASS	SAME
std/double_include.gen.py/cassert.sh.cpp	PASS	PASS	SAME
std/double_include.gen.py/ccomplex.sh.cpp	PASS	PASS	SAME
std/double_include.gen.py/cctype.sh.cpp	PASS	PASS	SAME
std/double_include.gen.py/cerrno.sh.cpp	PASS	PASS	SAME
std/double_include.gen.py/cfenv.sh.cpp	PASS	PASS	SAME
std/double_include.gen.py/cfloat.sh.cpp	PASS	PASS	SAME
std/double_include.gen.py/charconv.sh.cpp	PASS	PASS	SAME
std/double_include.gen.py/chrono.sh.cpp	PASS	PASS	SAME
std/double_include.gen.py/cinttypes.sh.cpp	PASS	PASS	SAME
std/double_include.gen.py/ciso646.sh.cpp	PASS	PASS	SAME
std/double_include.gen.py/climits.sh.cpp	PASS	PASS	SAME
std/double_include.gen.py/clocale.sh.cpp	PASS	PASS	SAME
std/double_include.gen.py/cmath.sh.cpp	PASS	PASS	SAME
std/double_include.gen.py/codecvt.sh.cpp	PASS	PASS	SAME
std/double_include.gen.py/compare.sh.cpp	PASS	PASS	SAME
std/double_include.gen.py/complex.h.sh.cpp	PASS	PASS	SAME
std/double_include.gen.py/complex.sh.cpp	PASS	PASS	SAME
std/double_include.gen.py/concepts.sh.cpp	PASS	PASS	SAME
std/double_include.gen.py/condition_variable.sh.cpp	PASS	PASS	SAME
std/double_include.gen.py/coroutine.sh.cpp	PASS	PASS	SAME
std/double_include.gen.py/csetjmp.sh.cpp	PASS	PASS	SAME
std/double_include.gen.py/csignal.sh.cpp	PASS	PASS	SAME
std/double_include.gen.py/cstdalign.sh.cpp	PASS	PASS	SAME
std/double_include.gen.py/cstdarg.sh.cpp	PASS	PASS	SAME
std/double_include.gen.py/cstdbool.sh.cpp	PASS	PASS	SAME
std/double_include.gen.py/cstddef.sh.cpp	PASS	PASS	SAME
std/double_include.gen.py/cstdint.sh.cpp	PASS	PASS	SAME
std/double_include.gen.py/cstdio.sh.cpp	PASS	PASS	SAME
std/double_include.gen.py/cstdlib.sh.cpp	PASS	PASS	SAME
std/double_include.gen.py/cstring.sh.cpp	PASS	PASS	SAME
std/double_include.gen.py/ctgmath.sh.cpp	PASS	PASS	SAME
std/double_include.gen.py/ctime.sh.cpp	PASS	PASS	SAME
std/double_include.gen.py/ctype.h.sh.cpp	PASS	PASS	SAME
std/double_include.gen.py/cuchar.sh.cpp	PASS	PASS	SAME
std/double_include.gen.py/cwchar.sh.cpp	PASS	PASS	SAME
std/double_include.gen.py/cwctype.sh.cpp	PASS	PASS	SAME
std/double_include.gen.py/deque.sh.cpp	PASS	PASS	SAME
std/double_include.gen.py/errno.h.sh.cpp	PASS	PASS	SAME
std/double_include.gen.py/exception.sh.cpp	PASS	PASS	SAME
std/double_include.gen.py/execution.sh.cpp	PASS	PASS	SAME
std/double_include.gen.py/expected.sh.cpp	PASS	PASS	SAME
std/double_include.gen.py/experimental/iterator.sh.cpp	PASS	PASS	SAME
std/double_include.gen.py/experimental/memory.sh.cpp	PASS	PASS	SAME
std/double_include.gen.py/experimental/propagate_const.sh.cpp	PASS	PASS	SAME
std/double_include.gen.py/experimental/simd.sh.cpp	PASS	PASS	SAME
std/double_include.gen.py/experimental/type_traits.sh.cpp	PASS	PASS	SAME
std/double_include.gen.py/experimental/utility.sh.cpp	PASS	PASS	SAME
std/double_include.gen.py/fenv.h.sh.cpp	PASS	PASS	SAME
std/double_include.gen.py/filesystem.sh.cpp	PASS	PASS	SAME
std/double_include.gen.py/flat_map.sh.cpp	PASS	PASS	SAME
std/double_include.gen.py/flat_set.sh.cpp	PASS	PASS	SAME
std/double_include.gen.py/float.h.sh.cpp	PASS	PASS	SAME
std/double_include.gen.py/format.sh.cpp	PASS	PASS	SAME
std/double_include.gen.py/forward_list.sh.cpp	PASS	PASS	SAME
std/double_include.gen.py/fstream.sh.cpp	PASS	PASS	SAME
std/double_include.gen.py/functional.sh.cpp	PASS	PASS	SAME
std/double_include.gen.py/future.sh.cpp	PASS	PASS	SAME
std/double_include.gen.py/initializer_list.sh.cpp	PASS	PASS	SAME
std/double_include.gen.py/inttypes.h.sh.cpp	PASS	PASS	SAME
std/double_include.gen.py/iomanip.sh.cpp	PASS	PASS	SAME
std/double_include.gen.py/ios.sh.cpp	PASS	PASS	SAME
std/double_include.gen.py/iosfwd.sh.cpp	PASS	PASS	SAME
std/double_include.gen.py/iostream.sh.cpp	PASS	PASS	SAME
std/double_include.gen.py/istream.sh.cpp	PASS	PASS	SAME
std/double_include.gen.py/iterator.sh.cpp	PASS	PASS	SAME
std/double_include.gen.py/latch.sh.cpp	PASS	PASS	SAME
std/double_include.gen.py/limits.sh.cpp	PASS	PASS	SAME
std/double_include.gen.py/list.sh.cpp	PASS	PASS	SAME
std/double_include.gen.py/locale.sh.cpp	PASS	PASS	SAME
std/double_include.gen.py/map.sh.cpp	PASS	PASS	SAME
std/double_include.gen.py/math.h.sh.cpp	PASS	PASS	SAME
std/double_include.gen.py/mdspan.sh.cpp	PASS	PASS	SAME
std/double_include.gen.py/memory.sh.cpp	PASS	PASS	SAME
std/double_include.gen.py/memory_resource.sh.cpp	PASS	PASS	SAME
std/double_include.gen.py/mutex.sh.cpp	PASS	PASS	SAME
std/double_include.gen.py/new.sh.cpp	PASS	PASS	SAME
std/double_include.gen.py/numbers.sh.cpp	PASS	PASS	SAME
std/double_include.gen.py/numeric.sh.cpp	PASS	PASS	SAME
std/double_include.gen.py/optional.sh.cpp	PASS	PASS	SAME
std/double_include.gen.py/ostream.sh.cpp	PASS	PASS	SAME
std/double_include.gen.py/print.sh.cpp	PASS	PASS	SAME
std/double_include.gen.py/queue.sh.cpp	PASS	PASS	SAME
std/double_include.gen.py/random.sh.cpp	PASS	PASS	SAME
std/double_include.gen.py/ranges.sh.cpp	PASS	PASS	SAME
std/double_include.gen.py/ratio.sh.cpp	PASS	PASS	SAME
std/double_include.gen.py/regex.sh.cpp	PASS	PASS	SAME
std/double_include.gen.py/scoped_allocator.sh.cpp	PASS	PASS	SAME
std/double_include.gen.py/semaphore.sh.cpp	PASS	PASS	SAME
std/double_include.gen.py/set.sh.cpp	PASS	PASS	SAME
std/double_include.gen.py/shared_mutex.sh.cpp	PASS	PASS	SAME
std/double_include.gen.py/source_location.sh.cpp	PASS	PASS	SAME
std/double_include.gen.py/span.sh.cpp	PASS	PASS	SAME
std/double_include.gen.py/sstream.sh.cpp	PASS	PASS	SAME
std/double_include.gen.py/stack.sh.cpp	PASS	PASS	SAME
std/double_include.gen.py/stdatomic.h.sh.cpp	PASS	PASS	SAME
std/double_include.gen.py/stddef.h.sh.cpp	PASS	PASS	SAME
std/double_include.gen.py/stdexcept.sh.cpp	PASS	PASS	SAME
std/double_include.gen.py/stdio.h.sh.cpp	PASS	PASS	SAME
std/double_include.gen.py/stdlib.h.sh.cpp	PASS	PASS	SAME
std/double_include.gen.py/stop_token.sh.cpp	PASS	PASS	SAME
std/double_include.gen.py/streambuf.sh.cpp	PASS	PASS	SAME
std/double_include.gen.py/string.h.sh.cpp	PASS	PASS	SAME
std/double_include.gen.py/string.sh.cpp	PASS	PASS	SAME
std/double_include.gen.py/string_view.sh.cpp	PASS	PASS	SAME
std/double_include.gen.py/strstream.sh.cpp	PASS	PASS	SAME
std/double_include.gen.py/syncstream.sh.cpp	PASS	PASS	SAME
std/double_include.gen.py/system_error.sh.cpp	PASS	PASS	SAME
std/double_include.gen.py/tgmath.h.sh.cpp	PASS	PASS	SAME
std/double_include.gen.py/thread.sh.cpp	PASS	PASS	SAME
std/double_include.gen.py/tuple.sh.cpp	PASS	PASS	SAME
std/double_include.gen.py/type_traits.sh.cpp	PASS	PASS	SAME
std/double_include.gen.py/typeindex.sh.cpp	PASS	PASS	SAME
std/double_include.gen.py/typeinfo.sh.cpp	PASS	PASS	SAME
std/double_include.gen.py/uchar.h.sh.cpp	PASS	PASS	SAME
std/double_include.gen.py/unordered_map.sh.cpp	PASS	PASS	SAME
std/double_include.gen.py/unordered_set.sh.cpp	PASS	PASS	SAME
std/double_include.gen.py/utility.sh.cpp	PASS	PASS	SAME
std/double_include.gen.py/valarray.sh.cpp	PASS	PASS	SAME
std/double_include.gen.py/variant.sh.cpp	PASS	PASS	SAME
std/double_include.gen.py/vector.sh.cpp	PASS	PASS	SAME
std/double_include.gen.py/version.sh.cpp	PASS	PASS	SAME
std/double_include.gen.py/wchar.h.sh.cpp	PASS	PASS	SAME
std/double_include.gen.py/wctype.h.sh.cpp	PASS	PASS	SAME
std/experimental/iterator/ostream.joiner/ostream.joiner.cons/ostream_joiner.cons.pass.cpp	PASS	PASS	SAME
std/experimental/iterator/ostream.joiner/ostream.joiner.creation/make_ostream_joiner.pass.cpp	PASS	PASS	SAME
std/experimental/iterator/ostream.joiner/ostream.joiner.ops/ostream_joiner.op.assign.pass.cpp	PASS	PASS	SAME
std/experimental/iterator/ostream.joiner/ostream.joiner.ops/ostream_joiner.op.postincrement.pass.cpp	PASS	PASS	SAME
std/experimental/iterator/ostream.joiner/ostream.joiner.ops/ostream_joiner.op.pretincrement.pass.cpp	PASS	PASS	SAME
std/experimental/iterator/ostream.joiner/ostream.joiner.ops/ostream_joiner.op.star.pass.cpp	PASS	PASS	SAME
std/experimental/memory/memory.observer.ptr/compare.pass.cpp	PASS	PASS	SAME
std/experimental/memory/memory.observer.ptr/ctor.convert.pass.cpp	PASS	PASS	SAME
std/experimental/memory/memory.observer.ptr/ctor.copy_move.pass.cpp	PASS	PASS	SAME
std/experimental/memory/memory.observer.ptr/ctor.default.pass.cpp	PASS	PASS	SAME
std/experimental/memory/memory.observer.ptr/ctor.element_type.pass.cpp	PASS	PASS	SAME
std/experimental/memory/memory.observer.ptr/ctor.nullptr.pass.cpp	PASS	PASS	SAME
std/experimental/memory/memory.observer.ptr/deref.pass.cpp	PASS	PASS	SAME
std/experimental/memory/memory.observer.ptr/get.pass.cpp	PASS	PASS	SAME
std/experimental/memory/memory.observer.ptr/hash.pass.cpp	PASS	PASS	SAME
std/experimental/memory/memory.observer.ptr/make_observer.pass.cpp	PASS	PASS	SAME
std/experimental/memory/memory.observer.ptr/operator-bool.pass.cpp	PASS	PASS	SAME
std/experimental/memory/memory.observer.ptr/operator-element_type.pass.cpp	PASS	PASS	SAME
std/experimental/memory/memory.observer.ptr/release.pass.cpp	PASS	PASS	SAME
std/experimental/memory/memory.observer.ptr/reset.pass.cpp	PASS	PASS	SAME
std/experimental/memory/memory.observer.ptr/swap.pass.cpp	PASS	PASS	SAME
std/experimental/memory/memory.observer.ptr/types.compile.pass.cpp	PASS	PASS	SAME
std/experimental/simd/simd.class/simd_alias.pass.cpp	PASS	PASS	SAME
std/experimental/simd/simd.class/simd_copy.pass.cpp	PASS	PASS	SAME
std/experimental/simd/simd.class/simd_ctor_broadcast.pass.cpp	PASS	PASS	SAME
std/experimental/simd/simd.class/simd_ctor_conversion.pass.cpp	PASS	PASS	SAME
std/experimental/simd/simd.class/simd_ctor_default.pass.cpp	PASS	PASS	SAME
std/experimental/simd/simd.class/simd_ctor_generator.pass.cpp	PASS	PASS	SAME
std/experimental/simd/simd.class/simd_ctor_load.pass.cpp	PASS	PASS	SAME
std/experimental/simd/simd.class/simd_subscr.pass.cpp	PASS	PASS	SAME
std/experimental/simd/simd.class/simd_unary.pass.cpp	PASS	PASS	SAME
std/experimental/simd/simd.class/simd_width.pass.cpp	PASS	PASS	SAME
std/experimental/simd/simd.mask.class/simd_mask_alias.pass.cpp	PASS	PASS	SAME
std/experimental/simd/simd.mask.class/simd_mask_copy.pass.cpp	PASS	PASS	SAME
std/experimental/simd/simd.mask.class/simd_mask_ctor_broadcast.pass.cpp	PASS	PASS	SAME
std/experimental/simd/simd.mask.class/simd_mask_ctor_conversion.pass.cpp	PASS	PASS	SAME
std/experimental/simd/simd.mask.class/simd_mask_ctor_default.pass.cpp	PASS	PASS	SAME
std/experimental/simd/simd.mask.class/simd_mask_ctor_load.pass.cpp	PASS	PASS	SAME
std/experimental/simd/simd.mask.class/simd_mask_subscr.pass.cpp	PASS	PASS	SAME
std/experimental/simd/simd.mask.class/simd_mask_width.pass.cpp	PASS	PASS	SAME
std/experimental/simd/simd.reference/reference_alias.pass.cpp	PASS	PASS	SAME
std/experimental/simd/simd.reference/reference_arith_operators.pass.cpp	PASS	PASS	SAME
std/experimental/simd/simd.reference/reference_assignment.pass.cpp	PASS	PASS	SAME
std/experimental/simd/simd.reference/reference_bitwise_operators.pass.cpp	PASS	PASS	SAME
std/experimental/simd/simd.reference/reference_swap.pass.cpp	PASS	PASS	SAME
std/experimental/simd/simd.reference/reference_unary.pass.cpp	PASS	PASS	SAME
std/experimental/simd/simd.reference/reference_value_type.pass.cpp	PASS	PASS	SAME
std/experimental/simd/simd.traits/is_abi_tag.pass.cpp	PASS	PASS	SAME
std/experimental/simd/simd.traits/is_simd.pass.cpp	PASS	PASS	SAME
std/experimental/simd/simd.traits/is_simd_flag_type.pass.cpp	PASS	PASS	SAME
std/experimental/simd/simd.traits/is_simd_mask.pass.cpp	PASS	PASS	SAME
std/experimental/simd/simd.traits/memory_alignment.pass.cpp	PASS	PASS	SAME
std/experimental/simd/simd.traits/memory_alignment.verify.cpp	PASS	PASS	SAME
std/experimental/simd/simd.traits/simd_size.pass.cpp	PASS	PASS	SAME
std/experimental/simd/simd.traits/simd_size.verify.cpp	PASS	PASS	SAME
std/experimental/utilities/meta/meta.detect/detected_or.pass.cpp	PASS	PASS	SAME
std/experimental/utilities/meta/meta.detect/detected_t.pass.cpp	PASS	PASS	SAME
std/experimental/utilities/meta/meta.detect/is_detected.pass.cpp	PASS	PASS	SAME
std/experimental/utilities/meta/meta.detect/is_detected_convertible.pass.cpp	PASS	PASS	SAME
std/experimental/utilities/meta/meta.detect/is_detected_exact.pass.cpp	PASS	PASS	SAME
std/experimental/utilities/meta/meta.detect/nonesuch.pass.cpp	PASS	PASS	SAME
std/experimental/utilities/meta/meta.detect/nonesuch.verify.cpp	PASS	PASS	SAME
std/experimental/utilities/propagate_const/propagate_const.class/propagate_const.assignment/assign.pass.cpp	PASS	PASS	SAME
std/experimental/utilities/propagate_const/propagate_const.class/propagate_const.assignment/assign_convertible_element_type.pass.cpp	PASS	PASS	SAME
std/experimental/utilities/propagate_const/propagate_const.class/propagate_const.assignment/assign_convertible_propagate_const.pass.cpp	PASS	PASS	SAME
std/experimental/utilities/propagate_const/propagate_const.class/propagate_const.assignment/assign_element_type.pass.cpp	PASS	PASS	SAME
std/experimental/utilities/propagate_const/propagate_const.class/propagate_const.assignment/move_assign.pass.cpp	PASS	PASS	SAME
std/experimental/utilities/propagate_const/propagate_const.class/propagate_const.assignment/move_assign_convertible.pass.cpp	PASS	PASS	SAME
std/experimental/utilities/propagate_const/propagate_const.class/propagate_const.assignment/move_assign_convertible_propagate_const.pass.cpp	PASS	PASS	SAME
std/experimental/utilities/propagate_const/propagate_const.class/propagate_const.ctors/convertible_element_type.explicit.ctor.pass.cpp	PASS	PASS	SAME
std/experimental/utilities/propagate_const/propagate_const.class/propagate_const.ctors/convertible_element_type.non-explicit.ctor.pass.cpp	PASS	PASS	SAME
std/experimental/utilities/propagate_const/propagate_const.class/propagate_const.ctors/convertible_propagate_const.copy_ctor.pass.cpp	PASS	PASS	SAME
std/experimental/utilities/propagate_const/propagate_const.class/propagate_const.ctors/convertible_propagate_const.explicit.move_ctor.pass.cpp	PASS	PASS	SAME
std/experimental/utilities/propagate_const/propagate_const.class/propagate_const.ctors/convertible_propagate_const.move_ctor.pass.cpp	PASS	PASS	SAME
std/experimental/utilities/propagate_const/propagate_const.class/propagate_const.ctors/copy_ctor.pass.cpp	PASS	PASS	SAME
std/experimental/utilities/propagate_const/propagate_const.class/propagate_const.ctors/element_type.explicit.ctor.pass.cpp	PASS	PASS	SAME
std/experimental/utilities/propagate_const/propagate_const.class/propagate_const.ctors/element_type.non-explicit.ctor.pass.cpp	PASS	PASS	SAME
std/experimental/utilities/propagate_const/propagate_const.class/propagate_const.ctors/move_ctor.pass.cpp	PASS	PASS	SAME
std/experimental/utilities/propagate_const/propagate_const.class/propagate_const.non-const_observers/dereference.pass.cpp	PASS	PASS	SAME
std/experimental/utilities/propagate_const/propagate_const.class/propagate_const.non-const_observers/explicit_operator_element_type_ptr.pass.cpp	PASS	PASS	SAME
std/experimental/utilities/propagate_const/propagate_const.class/propagate_const.non-const_observers/get.pass.cpp	PASS	PASS	SAME
std/experimental/utilities/propagate_const/propagate_const.class/propagate_const.non-const_observers/op_arrow.pass.cpp	PASS	PASS	SAME
std/experimental/utilities/propagate_const/propagate_const.class/propagate_const.non-const_observers/operator_element_type_ptr.pass.cpp	PASS	PASS	SAME
std/experimental/utilities/propagate_const/propagate_const.class/propagate_const.observers/dereference.pass.cpp	PASS	PASS	SAME
std/experimental/utilities/propagate_const/propagate_const.class/propagate_const.observers/explicit_operator_element_type_ptr.pass.cpp	PASS	PASS	SAME
std/experimental/utilities/propagate_const/propagate_const.class/propagate_const.observers/get.pass.cpp	PASS	PASS	SAME
std/experimental/utilities/propagate_const/propagate_const.class/propagate_const.observers/op_arrow.pass.cpp	PASS	PASS	SAME
std/experimental/utilities/propagate_const/propagate_const.class/propagate_const.observers/operator_element_type_ptr.pass.cpp	PASS	PASS	SAME
std/experimental/utilities/propagate_const/propagate_const.class/swap.pass.cpp	PASS	PASS	SAME
std/experimental/utilities/propagate_const/propagate_const.nonmembers/hash.pass.cpp	PASS	PASS	SAME
std/experimental/utilities/propagate_const/propagate_const.nonmembers/propagate_const.comparison_function_objects/equal_to.pass.cpp	PASS	PASS	SAME
std/experimental/utilities/propagate_const/propagate_const.nonmembers/propagate_const.comparison_function_objects/greater.pass.cpp	PASS	PASS	SAME
std/experimental/utilities/propagate_const/propagate_const.nonmembers/propagate_const.comparison_function_objects/greater_equal.pass.cpp	PASS	PASS	SAME
std/experimental/utilities/propagate_const/propagate_const.nonmembers/propagate_const.comparison_function_objects/less.pass.cpp	PASS	PASS	SAME
std/experimental/utilities/propagate_const/propagate_const.nonmembers/propagate_const.comparison_function_objects/less_equal.pass.cpp	PASS	PASS	SAME
std/experimental/utilities/propagate_const/propagate_const.nonmembers/propagate_const.comparison_function_objects/not_equal_to.pass.cpp	PASS	PASS	SAME
std/experimental/utilities/propagate_const/propagate_const.nonmembers/propagate_const.relops/equal.pass.cpp	PASS	PASS	SAME
std/experimental/utilities/propagate_const/propagate_const.nonmembers/propagate_const.relops/greater_equal.pass.cpp	PASS	PASS	SAME
std/experimental/utilities/propagate_const/propagate_const.nonmembers/propagate_const.relops/greater_than.pass.cpp	PASS	PASS	SAME
std/experimental/utilities/propagate_const/propagate_const.nonmembers/propagate_const.relops/less_equal.pass.cpp	PASS	PASS	SAME
std/experimental/utilities/propagate_const/propagate_const.nonmembers/propagate_const.relops/less_than.pass.cpp	PASS	PASS	SAME
std/experimental/utilities/propagate_const/propagate_const.nonmembers/propagate_const.relops/not_equal.pass.cpp	PASS	PASS	SAME
std/experimental/utilities/propagate_const/propagate_const.nonmembers/swap.pass.cpp	PASS	PASS	SAME
std/experimental/utilities/utility/utility.erased.type/erased_type.pass.cpp	PASS	PASS	SAME
std/header_inclusions.gen.py/algorithm.compile.pass.cpp	PASS	PASS	SAME
std/header_inclusions.gen.py/any.compile.pass.cpp	PASS	PASS	SAME
std/header_inclusions.gen.py/array.compile.pass.cpp	PASS	PASS	SAME
std/header_inclusions.gen.py/atomic.compile.pass.cpp	PASS	PASS	SAME
std/header_inclusions.gen.py/barrier.compile.pass.cpp	PASS	PASS	SAME
std/header_inclusions.gen.py/bit.compile.pass.cpp	PASS	PASS	SAME
std/header_inclusions.gen.py/bitset.compile.pass.cpp	PASS	PASS	SAME
std/header_inclusions.gen.py/cassert.compile.pass.cpp	PASS	PASS	SAME
std/header_inclusions.gen.py/ccomplex.compile.pass.cpp	PASS	PASS	SAME
std/header_inclusions.gen.py/cctype.compile.pass.cpp	PASS	PASS	SAME
std/header_inclusions.gen.py/cerrno.compile.pass.cpp	PASS	PASS	SAME
std/header_inclusions.gen.py/cfenv.compile.pass.cpp	PASS	PASS	SAME
std/header_inclusions.gen.py/cfloat.compile.pass.cpp	PASS	PASS	SAME
std/header_inclusions.gen.py/charconv.compile.pass.cpp	PASS	PASS	SAME
std/header_inclusions.gen.py/chrono.compile.pass.cpp	PASS	PASS	SAME
std/header_inclusions.gen.py/cinttypes.compile.pass.cpp	PASS	PASS	SAME
std/header_inclusions.gen.py/ciso646.compile.pass.cpp	PASS	PASS	SAME
std/header_inclusions.gen.py/climits.compile.pass.cpp	PASS	PASS	SAME
std/header_inclusions.gen.py/clocale.compile.pass.cpp	PASS	PASS	SAME
std/header_inclusions.gen.py/cmath.compile.pass.cpp	PASS	PASS	SAME
std/header_inclusions.gen.py/codecvt.compile.pass.cpp	PASS	PASS	SAME
std/header_inclusions.gen.py/compare.compile.pass.cpp	PASS	PASS	SAME
std/header_inclusions.gen.py/complex.compile.pass.cpp	PASS	PASS	SAME
std/header_inclusions.gen.py/complex.h.compile.pass.cpp	PASS	PASS	SAME
std/header_inclusions.gen.py/concepts.compile.pass.cpp	PASS	PASS	SAME
std/header_inclusions.gen.py/condition_variable.compile.pass.cpp	PASS	PASS	SAME
std/header_inclusions.gen.py/coroutine.compile.pass.cpp	PASS	PASS	SAME
std/header_inclusions.gen.py/csetjmp.compile.pass.cpp	PASS	PASS	SAME
std/header_inclusions.gen.py/csignal.compile.pass.cpp	PASS	PASS	SAME
std/header_inclusions.gen.py/cstdalign.compile.pass.cpp	PASS	PASS	SAME
std/header_inclusions.gen.py/cstdarg.compile.pass.cpp	PASS	PASS	SAME
std/header_inclusions.gen.py/cstdbool.compile.pass.cpp	PASS	PASS	SAME
std/header_inclusions.gen.py/cstddef.compile.pass.cpp	PASS	PASS	SAME
std/header_inclusions.gen.py/cstdint.compile.pass.cpp	PASS	PASS	SAME
std/header_inclusions.gen.py/cstdio.compile.pass.cpp	PASS	PASS	SAME
std/header_inclusions.gen.py/cstdlib.compile.pass.cpp	PASS	PASS	SAME
std/header_inclusions.gen.py/cstring.compile.pass.cpp	PASS	PASS	SAME
std/header_inclusions.gen.py/ctgmath.compile.pass.cpp	PASS	PASS	SAME
std/header_inclusions.gen.py/ctime.compile.pass.cpp	PASS	PASS	SAME
std/header_inclusions.gen.py/ctype.h.compile.pass.cpp	PASS	PASS	SAME
std/header_inclusions.gen.py/cuchar.compile.pass.cpp	PASS	PASS	SAME
std/header_inclusions.gen.py/cwchar.compile.pass.cpp	PASS	PASS	SAME
std/header_inclusions.gen.py/cwctype.compile.pass.cpp	PASS	PASS	SAME
std/header_inclusions.gen.py/deque.compile.pass.cpp	PASS	PASS	SAME
std/header_inclusions.gen.py/errno.h.compile.pass.cpp	PASS	PASS	SAME
std/header_inclusions.gen.py/exception.compile.pass.cpp	PASS	PASS	SAME
std/header_inclusions.gen.py/execution.compile.pass.cpp	PASS	PASS	SAME
std/header_inclusions.gen.py/expected.compile.pass.cpp	PASS	PASS	SAME
std/header_inclusions.gen.py/experimental/iterator.compile.pass.cpp	PASS	PASS	SAME
std/header_inclusions.gen.py/experimental/memory.compile.pass.cpp	PASS	PASS	SAME
std/header_inclusions.gen.py/experimental/propagate_const.compile.pass.cpp	PASS	PASS	SAME
std/header_inclusions.gen.py/experimental/simd.compile.pass.cpp	PASS	PASS	SAME
std/header_inclusions.gen.py/experimental/type_traits.compile.pass.cpp	PASS	PASS	SAME
std/header_inclusions.gen.py/experimental/utility.compile.pass.cpp	PASS	PASS	SAME
std/header_inclusions.gen.py/fenv.h.compile.pass.cpp	PASS	PASS	SAME
std/header_inclusions.gen.py/filesystem.compile.pass.cpp	PASS	PASS	SAME
std/header_inclusions.gen.py/flat_map.compile.pass.cpp	PASS	PASS	SAME
std/header_inclusions.gen.py/flat_set.compile.pass.cpp	PASS	PASS	SAME
std/header_inclusions.gen.py/float.h.compile.pass.cpp	PASS	PASS	SAME
std/header_inclusions.gen.py/format.compile.pass.cpp	PASS	PASS	SAME
std/header_inclusions.gen.py/forward_list.compile.pass.cpp	PASS	PASS	SAME
std/header_inclusions.gen.py/fstream.compile.pass.cpp	PASS	PASS	SAME
std/header_inclusions.gen.py/functional.compile.pass.cpp	PASS	PASS	SAME
std/header_inclusions.gen.py/future.compile.pass.cpp	PASS	PASS	SAME
std/header_inclusions.gen.py/initializer_list.compile.pass.cpp	PASS	PASS	SAME
std/header_inclusions.gen.py/inttypes.h.compile.pass.cpp	PASS	PASS	SAME
std/header_inclusions.gen.py/iomanip.compile.pass.cpp	PASS	PASS	SAME
std/header_inclusions.gen.py/ios.compile.pass.cpp	PASS	PASS	SAME
std/header_inclusions.gen.py/iosfwd.compile.pass.cpp	PASS	PASS	SAME
std/header_inclusions.gen.py/iostream.compile.pass.cpp	PASS	PASS	SAME
std/header_inclusions.gen.py/istream.compile.pass.cpp	PASS	PASS	SAME
std/header_inclusions.gen.py/iterator.compile.pass.cpp	PASS	PASS	SAME
std/header_inclusions.gen.py/latch.compile.pass.cpp	PASS	PASS	SAME
std/header_inclusions.gen.py/limits.compile.pass.cpp	PASS	PASS	SAME
std/header_inclusions.gen.py/list.compile.pass.cpp	PASS	PASS	SAME
std/header_inclusions.gen.py/locale.compile.pass.cpp	PASS	PASS	SAME
std/header_inclusions.gen.py/map.compile.pass.cpp	PASS	PASS	SAME
std/header_inclusions.gen.py/math.h.compile.pass.cpp	PASS	PASS	SAME
std/header_inclusions.gen.py/mdspan.compile.pass.cpp	PASS	PASS	SAME
std/header_inclusions.gen.py/memory.compile.pass.cpp	PASS	PASS	SAME
std/header_inclusions.gen.py/memory_resource.compile.pass.cpp	PASS	PASS	SAME
std/header_inclusions.gen.py/mutex.compile.pass.cpp	PASS	PASS	SAME
std/header_inclusions.gen.py/new.compile.pass.cpp	PASS	PASS	SAME
std/header_inclusions.gen.py/numbers.compile.pass.cpp	PASS	PASS	SAME
std/header_inclusions.gen.py/numeric.compile.pass.cpp	PASS	PASS	SAME
std/header_inclusions.gen.py/optional.compile.pass.cpp	PASS	PASS	SAME
std/header_inclusions.gen.py/ostream.compile.pass.cpp	PASS	PASS	SAME
std/header_inclusions.gen.py/print.compile.pass.cpp	PASS	PASS	SAME
std/header_inclusions.gen.py/queue.compile.pass.cpp	PASS	PASS	SAME
std/header_inclusions.gen.py/random.compile.pass.cpp	PASS	PASS	SAME
std/header_inclusions.gen.py/ranges.compile.pass.cpp	PASS	PASS	SAME
std/header_inclusions.gen.py/ratio.compile.pass.cpp	PASS	PASS	SAME
std/header_inclusions.gen.py/regex.compile.pass.cpp	PASS	PASS	SAME
std/header_inclusions.gen.py/scoped_allocator.compile.pass.cpp	PASS	PASS	SAME
std/header_inclusions.gen.py/semaphore.compile.pass.cpp	PASS	PASS	SAME
std/header_inclusions.gen.py/set.compile.pass.cpp	PASS	PASS	SAME
std/header_inclusions.gen.py/shared_mutex.compile.pass.cpp	PASS	PASS	SAME
std/header_inclusions.gen.py/source_location.compile.pass.cpp	PASS	PASS	SAME
std/header_inclusions.gen.py/span.compile.pass.cpp	PASS	PASS	SAME
std/header_inclusions.gen.py/sstream.compile.pass.cpp	PASS	PASS	SAME
std/header_inclusions.gen.py/stack.compile.pass.cpp	PASS	PASS	SAME
std/header_inclusions.gen.py/stdatomic.h.compile.pass.cpp	PASS	PASS	SAME
std/header_inclusions.gen.py/stddef.h.compile.pass.cpp	PASS	PASS	SAME
std/header_inclusions.gen.py/stdexcept.compile.pass.cpp	PASS	PASS	SAME
std/header_inclusions.gen.py/stdio.h.compile.pass.cpp	PASS	PASS	SAME
std/header_inclusions.gen.py/stdlib.h.compile.pass.cpp	PASS	PASS	SAME
std/header_inclusions.gen.py/stop_token.compile.pass.cpp	PASS	PASS	SAME
std/header_inclusions.gen.py/streambuf.compile.pass.cpp	PASS	PASS	SAME
std/header_inclusions.gen.py/string.compile.pass.cpp	PASS	PASS	SAME
std/header_inclusions.gen.py/string.h.compile.pass.cpp	PASS	PASS	SAME
std/header_inclusions.gen.py/string_view.compile.pass.cpp	PASS	PASS	SAME
std/header_inclusions.gen.py/strstream.compile.pass.cpp	PASS	PASS	SAME
std/header_inclusions.gen.py/syncstream.compile.pass.cpp	PASS	PASS	SAME
std/header_inclusions.gen.py/system_error.compile.pass.cpp	PASS	PASS	SAME
std/header_inclusions.gen.py/tgmath.h.compile.pass.cpp	PASS	PASS	SAME
std/header_inclusions.gen.py/thread.compile.pass.cpp	PASS	PASS	SAME
std/header_inclusions.gen.py/tuple.compile.pass.cpp	PASS	PASS	SAME
std/header_inclusions.gen.py/type_traits.compile.pass.cpp	PASS	PASS	SAME
std/header_inclusions.gen.py/typeindex.compile.pass.cpp	PASS	PASS	SAME
std/header_inclusions.gen.py/typeinfo.compile.pass.cpp	PASS	PASS	SAME
std/header_inclusions.gen.py/uchar.h.compile.pass.cpp	PASS	PASS	SAME
std/header_inclusions.gen.py/unordered_map.compile.pass.cpp	PASS	PASS	SAME
std/header_inclusions.gen.py/unordered_set.compile.pass.cpp	PASS	PASS	SAME
std/header_inclusions.gen.py/utility.compile.pass.cpp	PASS	PASS	SAME
std/header_inclusions.gen.py/valarray.compile.pass.cpp	PASS	PASS	SAME
std/header_inclusions.gen.py/variant.compile.pass.cpp	PASS	PASS	SAME
std/header_inclusions.gen.py/vector.compile.pass.cpp	PASS	PASS	SAME
std/header_inclusions.gen.py/version.compile.pass.cpp	PASS	PASS	SAME
std/header_inclusions.gen.py/wchar.h.compile.pass.cpp	PASS	PASS	SAME
std/header_inclusions.gen.py/wctype.h.compile.pass.cpp	PASS	PASS	SAME
std/input.output/file.streams/c.files/cinttypes.pass.cpp	PASS	PASS	SAME
std/input.output/file.streams/c.files/cstdio.pass.cpp	PASS	PASS	SAME
std/input.output/file.streams/c.files/gets-removed.verify.cpp	PASS	PASS	SAME
std/input.output/file.streams/fstreams/filebuf.assign/member_swap.pass.cpp	PASS	PASS	SAME
std/input.output/file.streams/fstreams/filebuf.assign/move_assign.pass.cpp	PASS	PASS	SAME
std/input.output/file.streams/fstreams/filebuf.assign/nonmember_swap.pass.cpp	PASS	PASS	SAME
std/input.output/file.streams/fstreams/filebuf.assign/nonmember_swap_min.pass.cpp	PASS	PASS	SAME
std/input.output/file.streams/fstreams/filebuf.cons/default.pass.cpp	PASS	PASS	SAME
std/input.output/file.streams/fstreams/filebuf.cons/move.pass.cpp	PASS	PASS	SAME
std/input.output/file.streams/fstreams/filebuf.members/close.pass.cpp	PASS	PASS	SAME
std/input.output/file.streams/fstreams/filebuf.members/native_handle.assert.pass.cpp	UNSUPPORTED	UNSUPPORTED	SAME
std/input.output/file.streams/fstreams/filebuf.members/native_handle.pass.cpp	PASS	PASS	SAME
std/input.output/file.streams/fstreams/filebuf.members/open_path.pass.cpp	PASS	PASS	SAME
std/input.output/file.streams/fstreams/filebuf.members/open_pointer.pass.cpp	PASS	PASS	SAME
std/input.output/file.streams/fstreams/filebuf.virtuals/overflow.pass.cpp	PASS	PASS	SAME
std/input.output/file.streams/fstreams/filebuf.virtuals/overflow.writefail.pass.cpp	UNSUPPORTED	UNSUPPORTED	SAME
std/input.output/file.streams/fstreams/filebuf.virtuals/pbackfail.pass.cpp	PASS	PASS	SAME
std/input.output/file.streams/fstreams/filebuf.virtuals/seekoff.pass.cpp	PASS	PASS	SAME
std/input.output/file.streams/fstreams/filebuf.virtuals/setbuf.pass.cpp	PASS	PASS	SAME
std/input.output/file.streams/fstreams/filebuf.virtuals/underflow.pass.cpp	PASS	PASS	SAME
std/input.output/file.streams/fstreams/filebuf.virtuals/xsputn.pass.cpp	PASS	PASS	SAME
std/input.output/file.streams/fstreams/filebuf/types.pass.cpp	PASS	PASS	SAME
std/input.output/file.streams/fstreams/fstream.assign/member_swap.pass.cpp	PASS	PASS	SAME
std/input.output/file.streams/fstreams/fstream.assign/move_assign.pass.cpp	PASS	PASS	SAME
std/input.output/file.streams/fstreams/fstream.assign/nonmember_swap.pass.cpp	PASS	PASS	SAME
std/input.output/file.streams/fstreams/fstream.cons/default.pass.cpp	PASS	PASS	SAME
std/input.output/file.streams/fstreams/fstream.cons/move.pass.cpp	PASS	PASS	SAME
std/input.output/file.streams/fstreams/fstream.cons/path.pass.cpp	PASS	PASS	SAME
std/input.output/file.streams/fstreams/fstream.cons/pointer.pass.cpp	PASS	PASS	SAME
std/input.output/file.streams/fstreams/fstream.cons/string.pass.cpp	PASS	PASS	SAME
std/input.output/file.streams/fstreams/fstream.members/close.pass.cpp	PASS	PASS	SAME
std/input.output/file.streams/fstreams/fstream.members/native_handle.assert.pass.cpp	UNSUPPORTED	UNSUPPORTED	SAME
std/input.output/file.streams/fstreams/fstream.members/native_handle.pass.cpp	PASS	PASS	SAME
std/input.output/file.streams/fstreams/fstream.members/open_path.pass.cpp	PASS	PASS	SAME
std/input.output/file.streams/fstreams/fstream.members/open_pointer.pass.cpp	PASS	PASS	SAME
std/input.output/file.streams/fstreams/fstream.members/open_string.pass.cpp	PASS	PASS	SAME
std/input.output/file.streams/fstreams/fstream.members/rdbuf.pass.cpp	PASS	PASS	SAME
std/input.output/file.streams/fstreams/fstream/types.pass.cpp	PASS	PASS	SAME
std/input.output/file.streams/fstreams/ifstream.assign/member_swap.pass.cpp	PASS	PASS	SAME
std/input.output/file.streams/fstreams/ifstream.assign/move_assign.pass.cpp	PASS	PASS	SAME
std/input.output/file.streams/fstreams/ifstream.assign/nonmember_swap.pass.cpp	PASS	PASS	SAME
std/input.output/file.streams/fstreams/ifstream.cons/default.pass.cpp	PASS	PASS	SAME
std/input.output/file.streams/fstreams/ifstream.cons/move.pass.cpp	PASS	PASS	SAME
std/input.output/file.streams/fstreams/ifstream.cons/path.pass.cpp	PASS	PASS	SAME
std/input.output/file.streams/fstreams/ifstream.cons/pointer.pass.cpp	PASS	PASS	SAME
std/input.output/file.streams/fstreams/ifstream.cons/string.pass.cpp	PASS	PASS	SAME
std/input.output/file.streams/fstreams/ifstream.members/buffered_reads.pass.cpp	PASS	PASS	SAME
std/input.output/file.streams/fstreams/ifstream.members/close.pass.cpp	PASS	PASS	SAME
std/input.output/file.streams/fstreams/ifstream.members/native_handle.assert.pass.cpp	UNSUPPORTED	UNSUPPORTED	SAME
std/input.output/file.streams/fstreams/ifstream.members/native_handle.pass.cpp	PASS	PASS	SAME
std/input.output/file.streams/fstreams/ifstream.members/offset_range.pass.cpp	PASS	FAIL	BASELINE_ONLY_FAILURE
std/input.output/file.streams/fstreams/ifstream.members/open_path.pass.cpp	PASS	PASS	SAME
std/input.output/file.streams/fstreams/ifstream.members/open_pointer.pass.cpp	PASS	PASS	SAME
std/input.output/file.streams/fstreams/ifstream.members/open_string.pass.cpp	PASS	PASS	SAME
std/input.output/file.streams/fstreams/ifstream.members/rdbuf.pass.cpp	PASS	PASS	SAME
std/input.output/file.streams/fstreams/ifstream.members/xsgetn.pass.cpp	PASS	PASS	SAME
std/input.output/file.streams/fstreams/ifstream/types.pass.cpp	PASS	PASS	SAME
std/input.output/file.streams/fstreams/ofstream.assign/member_swap.pass.cpp	PASS	PASS	SAME
std/input.output/file.streams/fstreams/ofstream.assign/move_assign.pass.cpp	PASS	PASS	SAME
std/input.output/file.streams/fstreams/ofstream.assign/nonmember_swap.pass.cpp	PASS	PASS	SAME
std/input.output/file.streams/fstreams/ofstream.cons/default.pass.cpp	PASS	PASS	SAME
std/input.output/file.streams/fstreams/ofstream.cons/move.pass.cpp	PASS	PASS	SAME
std/input.output/file.streams/fstreams/ofstream.cons/path.pass.cpp	PASS	PASS	SAME
std/input.output/file.streams/fstreams/ofstream.cons/pointer.pass.cpp	PASS	PASS	SAME
std/input.output/file.streams/fstreams/ofstream.cons/string.pass.cpp	PASS	PASS	SAME
std/input.output/file.streams/fstreams/ofstream.members/buffered_writes.pass.cpp	PASS	PASS	SAME
std/input.output/file.streams/fstreams/ofstream.members/close.pass.cpp	PASS	PASS	SAME
std/input.output/file.streams/fstreams/ofstream.members/native_handle.assert.pass.cpp	UNSUPPORTED	UNSUPPORTED	SAME
std/input.output/file.streams/fstreams/ofstream.members/native_handle.pass.cpp	PASS	PASS	SAME
std/input.output/file.streams/fstreams/ofstream.members/open_path.pass.cpp	PASS	PASS	SAME
std/input.output/file.streams/fstreams/ofstream.members/open_pointer.pass.cpp	PASS	PASS	SAME
std/input.output/file.streams/fstreams/ofstream.members/open_string.pass.cpp	PASS	PASS	SAME
std/input.output/file.streams/fstreams/ofstream.members/rdbuf.pass.cpp	PASS	PASS	SAME
std/input.output/file.streams/fstreams/ofstream/types.pass.cpp	PASS	PASS	SAME
std/input.output/filesystems/class.directory_entry/directory_entry.cons/copy.pass.cpp	PASS	PASS	SAME
std/input.output/filesystems/class.directory_entry/directory_entry.cons/copy_assign.pass.cpp	PASS	PASS	SAME
std/input.output/filesystems/class.directory_entry/directory_entry.cons/default.pass.cpp	PASS	PASS	SAME
std/input.output/filesystems/class.directory_entry/directory_entry.cons/default_const.pass.cpp	PASS	PASS	SAME
std/input.output/filesystems/class.directory_entry/directory_entry.cons/move.pass.cpp	PASS	PASS	SAME
std/input.output/filesystems/class.directory_entry/directory_entry.cons/move_assign.pass.cpp	PASS	PASS	SAME
std/input.output/filesystems/class.directory_entry/directory_entry.cons/path.pass.cpp	PASS	FAIL	BASELINE_ONLY_FAILURE
std/input.output/filesystems/class.directory_entry/directory_entry.io/directory_entry.io.pass.cpp	PASS	PASS	SAME
std/input.output/filesystems/class.directory_entry/directory_entry.mods/assign.pass.cpp	PASS	FAIL	BASELINE_ONLY_FAILURE
std/input.output/filesystems/class.directory_entry/directory_entry.mods/refresh.pass.cpp	PASS	FAIL	BASELINE_ONLY_FAILURE
std/input.output/filesystems/class.directory_entry/directory_entry.mods/replace_filename.pass.cpp	PASS	FAIL	BASELINE_ONLY_FAILURE
std/input.output/filesystems/class.directory_entry/directory_entry.obs/comparisons.pass.cpp	PASS	PASS	SAME
std/input.output/filesystems/class.directory_entry/directory_entry.obs/file_size.pass.cpp	PASS	FAIL	BASELINE_ONLY_FAILURE
std/input.output/filesystems/class.directory_entry/directory_entry.obs/file_type_obs.pass.cpp	PASS	FAIL	BASELINE_ONLY_FAILURE
std/input.output/filesystems/class.directory_entry/directory_entry.obs/hard_link_count.pass.cpp	PASS	FAIL	BASELINE_ONLY_FAILURE
std/input.output/filesystems/class.directory_entry/directory_entry.obs/last_write_time.pass.cpp	PASS	FAIL	BASELINE_ONLY_FAILURE
std/input.output/filesystems/class.directory_entry/directory_entry.obs/path.pass.cpp	PASS	PASS	SAME
std/input.output/filesystems/class.directory_entry/directory_entry.obs/status.pass.cpp	PASS	PASS	SAME
std/input.output/filesystems/class.directory_entry/directory_entry.obs/symlink_status.pass.cpp	PASS	PASS	SAME
std/input.output/filesystems/class.directory_iterator/directory_iterator.members/copy.pass.cpp	PASS	PASS	SAME
std/input.output/filesystems/class.directory_iterator/directory_iterator.members/copy_assign.pass.cpp	PASS	PASS	SAME
std/input.output/filesystems/class.directory_iterator/directory_iterator.members/ctor.pass.cpp	PASS	FAIL	BASELINE_ONLY_FAILURE
std/input.output/filesystems/class.directory_iterator/directory_iterator.members/default_ctor.pass.cpp	PASS	PASS	SAME
std/input.output/filesystems/class.directory_iterator/directory_iterator.members/equal.pass.cpp	PASS	PASS	SAME
std/input.output/filesystems/class.directory_iterator/directory_iterator.members/increment.pass.cpp	PASS	PASS	SAME
std/input.output/filesystems/class.directory_iterator/directory_iterator.members/move.pass.cpp	PASS	PASS	SAME
std/input.output/filesystems/class.directory_iterator/directory_iterator.members/move_assign.pass.cpp	PASS	PASS	SAME
std/input.output/filesystems/class.directory_iterator/directory_iterator.nonmembers/begin_end.pass.cpp	PASS	PASS	SAME
std/input.output/filesystems/class.directory_iterator/iterator_concept_conformance.compile.pass.cpp	PASS	PASS	SAME
std/input.output/filesystems/class.directory_iterator/range_concept_conformance.compile.pass.cpp	PASS	PASS	SAME
std/input.output/filesystems/class.directory_iterator/types.pass.cpp	PASS	PASS	SAME
std/input.output/filesystems/class.file_status/file_status.cons.pass.cpp	PASS	PASS	SAME
std/input.output/filesystems/class.file_status/file_status.mods.pass.cpp	PASS	PASS	SAME
std/input.output/filesystems/class.file_status/file_status.obs.pass.cpp	PASS	PASS	SAME
std/input.output/filesystems/class.file_status/file_status.status.eq.ops.pass.cpp	PASS	PASS	SAME
std/input.output/filesystems/class.filesystem_error/filesystem_error.members.pass.cpp	PASS	PASS	SAME
std/input.output/filesystems/class.path/path.itr/iterator.pass.cpp	PASS	PASS	SAME
std/input.output/filesystems/class.path/path.member/path.append.pass.cpp	PASS	PASS	SAME
std/input.output/filesystems/class.path/path.member/path.assign/copy.pass.cpp	PASS	PASS	SAME
std/input.output/filesystems/class.path/path.member/path.assign/move.pass.cpp	PASS	PASS	SAME
std/input.output/filesystems/class.path/path.member/path.assign/source.pass.cpp	PASS	PASS	SAME
std/input.output/filesystems/class.path/path.member/path.charconv.pass.cpp	PASS	PASS	SAME
std/input.output/filesystems/class.path/path.member/path.compare.pass.cpp	PASS	PASS	SAME
std/input.output/filesystems/class.path/path.member/path.concat.pass.cpp	PASS	PASS	SAME
std/input.output/filesystems/class.path/path.member/path.construct/copy.pass.cpp	PASS	PASS	SAME
std/input.output/filesystems/class.path/path.member/path.construct/default.pass.cpp	PASS	PASS	SAME
std/input.output/filesystems/class.path/path.member/path.construct/move.pass.cpp	PASS	PASS	SAME
std/input.output/filesystems/class.path/path.member/path.construct/source.pass.cpp	PASS	PASS	SAME
std/input.output/filesystems/class.path/path.member/path.decompose/empty.verify.cpp	PASS	PASS	SAME
std/input.output/filesystems/class.path/path.member/path.decompose/path.decompose.pass.cpp	PASS	PASS	SAME
std/input.output/filesystems/class.path/path.member/path.gen/lexically_normal.pass.cpp	PASS	PASS	SAME
std/input.output/filesystems/class.path/path.member/path.gen/lexically_relative_and_proximate.pass.cpp	PASS	PASS	SAME
std/input.output/filesystems/class.path/path.member/path.generic.obs/generic_string_alloc.pass.cpp	PASS	PASS	SAME
std/input.output/filesystems/class.path/path.member/path.generic.obs/named_overloads.pass.cpp	PASS	PASS	SAME
std/input.output/filesystems/class.path/path.member/path.hash_enabled.pass.cpp	PASS	PASS	SAME
std/input.output/filesystems/class.path/path.member/path.modifiers/clear.pass.cpp	PASS	PASS	SAME
std/input.output/filesystems/class.path/path.member/path.modifiers/make_preferred.pass.cpp	PASS	PASS	SAME
std/input.output/filesystems/class.path/path.member/path.modifiers/remove_filename.pass.cpp	PASS	PASS	SAME
std/input.output/filesystems/class.path/path.member/path.modifiers/replace_extension.pass.cpp	PASS	PASS	SAME
std/input.output/filesystems/class.path/path.member/path.modifiers/replace_filename.pass.cpp	PASS	PASS	SAME
std/input.output/filesystems/class.path/path.member/path.modifiers/swap.pass.cpp	PASS	PASS	SAME
std/input.output/filesystems/class.path/path.member/path.native.obs/c_str.pass.cpp	PASS	PASS	SAME
std/input.output/filesystems/class.path/path.member/path.native.obs/named_overloads.pass.cpp	PASS	PASS	SAME
std/input.output/filesystems/class.path/path.member/path.native.obs/native.pass.cpp	PASS	PASS	SAME
std/input.output/filesystems/class.path/path.member/path.native.obs/operator_string.pass.cpp	PASS	PASS	SAME
std/input.output/filesystems/class.path/path.member/path.query/tested_in_path_decompose.pass.cpp	PASS	PASS	SAME
std/input.output/filesystems/class.path/path.nonmember/append_op.pass.cpp	PASS	PASS	SAME
std/input.output/filesystems/class.path/path.nonmember/append_op.verify.cpp	PASS	PASS	SAME
std/input.output/filesystems/class.path/path.nonmember/comparison_ops.verify.cpp	PASS	PASS	SAME
std/input.output/filesystems/class.path/path.nonmember/comparison_ops_tested_elsewhere.pass.cpp	PASS	PASS	SAME
std/input.output/filesystems/class.path/path.nonmember/hash.tested_elswhere.compile.pass.cpp	PASS	PASS	SAME
std/input.output/filesystems/class.path/path.nonmember/hash_value.tested_elswhere.compile.pass.cpp	PASS	PASS	SAME
std/input.output/filesystems/class.path/path.nonmember/path.factory.pass.cpp	PASS	PASS	SAME
std/input.output/filesystems/class.path/path.nonmember/path.io.pass.cpp	PASS	PASS	SAME
std/input.output/filesystems/class.path/path.nonmember/path.io.unicode_bug.pass.cpp	XFAIL	XFAIL	SAME
std/input.output/filesystems/class.path/path.nonmember/swap.pass.cpp	PASS	PASS	SAME
std/input.output/filesystems/class.path/range_concept_conformance.compile.pass.cpp	PASS	PASS	SAME
std/input.output/filesystems/class.path/synop.pass.cpp	PASS	PASS	SAME
std/input.output/filesystems/class.rec.dir.itr/cache_refresh_iter.pass.cpp	PASS	PASS	SAME
std/input.output/filesystems/class.rec.dir.itr/range_concept_conformance.compile.pass.cpp	PASS	PASS	SAME
std/input.output/filesystems/class.rec.dir.itr/rec.dir.itr.members/copy.pass.cpp	PASS	PASS	SAME
std/input.output/filesystems/class.rec.dir.itr/rec.dir.itr.members/copy_assign.pass.cpp	PASS	PASS	SAME
std/input.output/filesystems/class.rec.dir.itr/rec.dir.itr.members/ctor.pass.cpp	PASS	FAIL	BASELINE_ONLY_FAILURE
std/input.output/filesystems/class.rec.dir.itr/rec.dir.itr.members/depth.pass.cpp	PASS	PASS	SAME
std/input.output/filesystems/class.rec.dir.itr/rec.dir.itr.members/disable_recursion_pending.pass.cpp	PASS	PASS	SAME
std/input.output/filesystems/class.rec.dir.itr/rec.dir.itr.members/equal.pass.cpp	PASS	PASS	SAME
std/input.output/filesystems/class.rec.dir.itr/rec.dir.itr.members/increment.pass.cpp	PASS	FAIL	BASELINE_ONLY_FAILURE
std/input.output/filesystems/class.rec.dir.itr/rec.dir.itr.members/move.pass.cpp	PASS	PASS	SAME
std/input.output/filesystems/class.rec.dir.itr/rec.dir.itr.members/move_assign.pass.cpp	PASS	PASS	SAME
std/input.output/filesystems/class.rec.dir.itr/rec.dir.itr.members/pop.pass.cpp	PASS	PASS	SAME
std/input.output/filesystems/class.rec.dir.itr/rec.dir.itr.members/recursion_pending.pass.cpp	PASS	PASS	SAME
std/input.output/filesystems/class.rec.dir.itr/rec.dir.itr.nonmembers/begin_end.pass.cpp	PASS	PASS	SAME
std/input.output/filesystems/fs.enum/enum.copy_options.pass.cpp	PASS	PASS	SAME
std/input.output/filesystems/fs.enum/enum.directory_options.pass.cpp	PASS	PASS	SAME
std/input.output/filesystems/fs.enum/enum.file_type.pass.cpp	PASS	PASS	SAME
std/input.output/filesystems/fs.enum/enum.path.format.pass.cpp	PASS	PASS	SAME
std/input.output/filesystems/fs.enum/enum.perm_options.pass.cpp	PASS	PASS	SAME
std/input.output/filesystems/fs.enum/enum.perms.pass.cpp	PASS	PASS	SAME
std/input.output/filesystems/fs.error.report/tested_elsewhere.pass.cpp	PASS	PASS	SAME
std/input.output/filesystems/fs.filesystem.synopsis/enable_borrowed_range.compile.pass.cpp	PASS	PASS	SAME
std/input.output/filesystems/fs.filesystem.synopsis/enable_view.compile.pass.cpp	PASS	PASS	SAME
std/input.output/filesystems/fs.filesystem.synopsis/file_time_type.pass.cpp	PASS	PASS	SAME
std/input.output/filesystems/fs.filesystem.synopsis/file_time_type_resolution.compile.pass.cpp	PASS	PASS	SAME
std/input.output/filesystems/fs.filesystem.synopsis/space_info.pass.cpp	PASS	PASS	SAME
std/input.output/filesystems/fs.op.funcs/fs.op.absolute/absolute.pass.cpp	PASS	PASS	SAME
std/input.output/filesystems/fs.op.funcs/fs.op.canonical/canonical.pass.cpp	PASS	PASS	SAME
std/input.output/filesystems/fs.op.funcs/fs.op.copy/copy.pass.cpp	PASS	PASS	SAME
std/input.output/filesystems/fs.op.funcs/fs.op.copy_file/copy_file.pass.cpp	PASS	PASS	SAME
std/input.output/filesystems/fs.op.funcs/fs.op.copy_file/copy_file_large.pass.cpp	PASS	PASS	SAME
std/input.output/filesystems/fs.op.funcs/fs.op.copy_file/copy_file_procfs.pass.cpp	PASS	PASS	SAME
std/input.output/filesystems/fs.op.funcs/fs.op.copy_symlink/copy_symlink.pass.cpp	PASS	PASS	SAME
std/input.output/filesystems/fs.op.funcs/fs.op.create_directories/create_directories.pass.cpp	PASS	PASS	SAME
std/input.output/filesystems/fs.op.funcs/fs.op.create_directory/create_directory.pass.cpp	PASS	PASS	SAME
std/input.output/filesystems/fs.op.funcs/fs.op.create_directory/create_directory_with_attributes.pass.cpp	PASS	PASS	SAME
std/input.output/filesystems/fs.op.funcs/fs.op.create_directory_symlink/create_directory_symlink.pass.cpp	PASS	PASS	SAME
std/input.output/filesystems/fs.op.funcs/fs.op.create_hard_link/create_hard_link.pass.cpp	PASS	PASS	SAME
std/input.output/filesystems/fs.op.funcs/fs.op.create_symlink/create_symlink.pass.cpp	PASS	PASS	SAME
std/input.output/filesystems/fs.op.funcs/fs.op.current_path/current_path.pass.cpp	PASS	PASS	SAME
std/input.output/filesystems/fs.op.funcs/fs.op.equivalent/equivalent.pass.cpp	PASS	PASS	SAME
std/input.output/filesystems/fs.op.funcs/fs.op.exists/exists.pass.cpp	PASS	FAIL	BASELINE_ONLY_FAILURE
std/input.output/filesystems/fs.op.funcs/fs.op.file_size/file_size.pass.cpp	PASS	PASS	SAME
std/input.output/filesystems/fs.op.funcs/fs.op.hard_lk_ct/hard_link_count.pass.cpp	PASS	PASS	SAME
std/input.output/filesystems/fs.op.funcs/fs.op.is_block_file/is_block_file.pass.cpp	PASS	FAIL	BASELINE_ONLY_FAILURE
std/input.output/filesystems/fs.op.funcs/fs.op.is_char_file/is_character_file.pass.cpp	PASS	FAIL	BASELINE_ONLY_FAILURE
std/input.output/filesystems/fs.op.funcs/fs.op.is_directory/is_directory.pass.cpp	PASS	FAIL	BASELINE_ONLY_FAILURE
std/input.output/filesystems/fs.op.funcs/fs.op.is_empty/is_empty.pass.cpp	PASS	FAIL	BASELINE_ONLY_FAILURE
std/input.output/filesystems/fs.op.funcs/fs.op.is_fifo/is_fifo.pass.cpp	PASS	FAIL	BASELINE_ONLY_FAILURE
std/input.output/filesystems/fs.op.funcs/fs.op.is_other/is_other.pass.cpp	PASS	FAIL	BASELINE_ONLY_FAILURE
std/input.output/filesystems/fs.op.funcs/fs.op.is_regular_file/is_regular_file.pass.cpp	PASS	FAIL	BASELINE_ONLY_FAILURE
std/input.output/filesystems/fs.op.funcs/fs.op.is_socket/is_socket.pass.cpp	PASS	FAIL	BASELINE_ONLY_FAILURE
std/input.output/filesystems/fs.op.funcs/fs.op.is_symlink/is_symlink.pass.cpp	PASS	FAIL	BASELINE_ONLY_FAILURE
std/input.output/filesystems/fs.op.funcs/fs.op.last_write_time/last_write_time.pass.cpp	PASS	FAIL	BASELINE_ONLY_FAILURE
std/input.output/filesystems/fs.op.funcs/fs.op.permissions/permissions.pass.cpp	PASS	PASS	SAME
std/input.output/filesystems/fs.op.funcs/fs.op.proximate/proximate.pass.cpp	PASS	PASS	SAME
std/input.output/filesystems/fs.op.funcs/fs.op.read_symlink/read_symlink.pass.cpp	PASS	PASS	SAME
std/input.output/filesystems/fs.op.funcs/fs.op.relative/relative.pass.cpp	PASS	PASS	SAME
std/input.output/filesystems/fs.op.funcs/fs.op.remove/remove.pass.cpp	PASS	FAIL	BASELINE_ONLY_FAILURE
std/input.output/filesystems/fs.op.funcs/fs.op.remove_all/remove_all.pass.cpp	PASS	FAIL	BASELINE_ONLY_FAILURE
std/input.output/filesystems/fs.op.funcs/fs.op.remove_all/toctou.pass.cpp	PASS	PASS	SAME
std/input.output/filesystems/fs.op.funcs/fs.op.rename/rename.pass.cpp	PASS	PASS	SAME
std/input.output/filesystems/fs.op.funcs/fs.op.resize_file/resize_file.pass.cpp	PASS	PASS	SAME
std/input.output/filesystems/fs.op.funcs/fs.op.space/space.pass.cpp	PASS	PASS	SAME
std/input.output/filesystems/fs.op.funcs/fs.op.status/status.pass.cpp	PASS	FAIL	BASELINE_ONLY_FAILURE
std/input.output/filesystems/fs.op.funcs/fs.op.status_known/status_known.pass.cpp	PASS	PASS	SAME
std/input.output/filesystems/fs.op.funcs/fs.op.symlink_status/symlink_status.pass.cpp	PASS	FAIL	BASELINE_ONLY_FAILURE
std/input.output/filesystems/fs.op.funcs/fs.op.temp_dir_path/temp_directory_path.pass.cpp	PASS	FAIL	BASELINE_ONLY_FAILURE
std/input.output/filesystems/fs.op.funcs/fs.op.weakly_canonical/weakly_canonical.pass.cpp	PASS	PASS	SAME
std/input.output/filesystems/fs.req.namespace/namespace.compile.pass.cpp	PASS	PASS	SAME
std/input.output/input.output.general/nothing_to_do.pass.cpp	PASS	PASS	SAME
std/input.output/iostream.format/ext.manip/get_money.pass.cpp	PASS	PASS	SAME
std/input.output/iostream.format/ext.manip/get_time.pass.cpp	PASS	PASS	SAME
std/input.output/iostream.format/ext.manip/put_money.pass.cpp	PASS	PASS	SAME
std/input.output/iostream.format/ext.manip/put_time.pass.cpp	PASS	PASS	SAME
std/input.output/iostream.format/input.streams/iostreamclass/iostream.assign/member_swap.pass.cpp	PASS	PASS	SAME
std/input.output/iostream.format/input.streams/iostreamclass/iostream.assign/move_assign.pass.cpp	PASS	PASS	SAME
std/input.output/iostream.format/input.streams/iostreamclass/iostream.cons/move.pass.cpp	PASS	PASS	SAME
std/input.output/iostream.format/input.streams/iostreamclass/iostream.cons/streambuf.pass.cpp	PASS	PASS	SAME
std/input.output/iostream.format/input.streams/iostreamclass/iostream.dest/nothing_to_do.pass.cpp	PASS	PASS	SAME
std/input.output/iostream.format/input.streams/iostreamclass/types.pass.cpp	PASS	PASS	SAME
std/input.output/iostream.format/input.streams/istream.formatted/istream.formatted.arithmetic/bool.pass.cpp	PASS	PASS	SAME
std/input.output/iostream.format/input.streams/istream.formatted/istream.formatted.arithmetic/double.pass.cpp	PASS	PASS	SAME
std/input.output/iostream.format/input.streams/istream.formatted/istream.formatted.arithmetic/float.pass.cpp	PASS	PASS	SAME
std/input.output/iostream.format/input.streams/istream.formatted/istream.formatted.arithmetic/int.pass.cpp	PASS	PASS	SAME
std/input.output/iostream.format/input.streams/istream.formatted/istream.formatted.arithmetic/long.pass.cpp	PASS	PASS	SAME
std/input.output/iostream.format/input.streams/istream.formatted/istream.formatted.arithmetic/long_double.pass.cpp	PASS	PASS	SAME
std/input.output/iostream.format/input.streams/istream.formatted/istream.formatted.arithmetic/long_long.pass.cpp	PASS	PASS	SAME
std/input.output/iostream.format/input.streams/istream.formatted/istream.formatted.arithmetic/pointer.pass.cpp	PASS	PASS	SAME
std/input.output/iostream.format/input.streams/istream.formatted/istream.formatted.arithmetic/short.pass.cpp	PASS	PASS	SAME
std/input.output/iostream.format/input.streams/istream.formatted/istream.formatted.arithmetic/unsigned_int.pass.cpp	PASS	PASS	SAME
std/input.output/iostream.format/input.streams/istream.formatted/istream.formatted.arithmetic/unsigned_long.pass.cpp	PASS	PASS	SAME
std/input.output/iostream.format/input.streams/istream.formatted/istream.formatted.arithmetic/unsigned_long_long.pass.cpp	PASS	PASS	SAME
std/input.output/iostream.format/input.streams/istream.formatted/istream.formatted.arithmetic/unsigned_short.pass.cpp	PASS	PASS	SAME
std/input.output/iostream.format/input.streams/istream.formatted/istream.formatted.reqmts/tested_elsewhere.pass.cpp	PASS	PASS	SAME
std/input.output/iostream.format/input.streams/istream.formatted/istream_extractors/basic_ios.pass.cpp	PASS	PASS	SAME
std/input.output/iostream.format/input.streams/istream.formatted/istream_extractors/chart.pass.cpp	PASS	PASS	SAME
std/input.output/iostream.format/input.streams/istream.formatted/istream_extractors/ios_base.pass.cpp	PASS	PASS	SAME
std/input.output/iostream.format/input.streams/istream.formatted/istream_extractors/istream.pass.cpp	PASS	PASS	SAME
std/input.output/iostream.format/input.streams/istream.formatted/istream_extractors/signed_char.pass.cpp	PASS	PASS	SAME
std/input.output/iostream.format/input.streams/istream.formatted/istream_extractors/signed_char_pointer.pass.cpp	PASS	PASS	SAME
std/input.output/iostream.format/input.streams/istream.formatted/istream_extractors/streambuf.pass.cpp	PASS	PASS	SAME
std/input.output/iostream.format/input.streams/istream.formatted/istream_extractors/unsigned_char.pass.cpp	PASS	PASS	SAME
std/input.output/iostream.format/input.streams/istream.formatted/istream_extractors/unsigned_char_pointer.pass.cpp	PASS	PASS	SAME
std/input.output/iostream.format/input.streams/istream.formatted/istream_extractors/wchar_t_pointer.pass.cpp	PASS	PASS	SAME
std/input.output/iostream.format/input.streams/istream.manip/ws.pass.cpp	PASS	PASS	SAME
std/input.output/iostream.format/input.streams/istream.rvalue/not_istreamable.verify.cpp	PASS	PASS	SAME
std/input.output/iostream.format/input.streams/istream.rvalue/rvalue.pass.cpp	PASS	PASS	SAME
std/input.output/iostream.format/input.streams/istream.unformatted/get.pass.cpp	PASS	PASS	SAME
std/input.output/iostream.format/input.streams/istream.unformatted/get_chart.pass.cpp	PASS	PASS	SAME
std/input.output/iostream.format/input.streams/istream.unformatted/get_pointer_size.pass.cpp	PASS	PASS	SAME
std/input.output/iostream.format/input.streams/istream.unformatted/get_pointer_size_chart.pass.cpp	PASS	PASS	SAME
std/input.output/iostream.format/input.streams/istream.unformatted/get_streambuf.pass.cpp	PASS	PASS	SAME
std/input.output/iostream.format/input.streams/istream.unformatted/get_streambuf_chart.pass.cpp	PASS	PASS	SAME
std/input.output/iostream.format/input.streams/istream.unformatted/getline_pointer_size.pass.cpp	PASS	PASS	SAME
std/input.output/iostream.format/input.streams/istream.unformatted/getline_pointer_size_chart.pass.cpp	PASS	PASS	SAME
std/input.output/iostream.format/input.streams/istream.unformatted/ignore.char_type.pass.cpp	PASS	PASS	SAME
std/input.output/iostream.format/input.streams/istream.unformatted/ignore.pass.cpp	PASS	PASS	SAME
std/input.output/iostream.format/input.streams/istream.unformatted/ignore_0xff.pass.cpp	PASS	PASS	SAME
std/input.output/iostream.format/input.streams/istream.unformatted/peek.pass.cpp	PASS	PASS	SAME
std/input.output/iostream.format/input.streams/istream.unformatted/putback.pass.cpp	PASS	PASS	SAME
std/input.output/iostream.format/input.streams/istream.unformatted/read.pass.cpp	PASS	PASS	SAME
std/input.output/iostream.format/input.streams/istream.unformatted/readsome.pass.cpp	PASS	PASS	SAME
std/input.output/iostream.format/input.streams/istream.unformatted/seekg.pass.cpp	PASS	PASS	SAME
std/input.output/iostream.format/input.streams/istream.unformatted/seekg_off.pass.cpp	PASS	PASS	SAME
std/input.output/iostream.format/input.streams/istream.unformatted/sync.pass.cpp	PASS	PASS	SAME
std/input.output/iostream.format/input.streams/istream.unformatted/tellg.pass.cpp	PASS	PASS	SAME
std/input.output/iostream.format/input.streams/istream.unformatted/unget.pass.cpp	PASS	PASS	SAME
std/input.output/iostream.format/input.streams/istream/istream.assign/member_swap.pass.cpp	PASS	PASS	SAME
std/input.output/iostream.format/input.streams/istream/istream.assign/move_assign.pass.cpp	PASS	PASS	SAME
std/input.output/iostream.format/input.streams/istream/istream.cons/copy.verify.cpp	PASS	PASS	SAME
std/input.output/iostream.format/input.streams/istream/istream.cons/move.pass.cpp	PASS	PASS	SAME
std/input.output/iostream.format/input.streams/istream/istream.cons/streambuf.pass.cpp	PASS	PASS	SAME
std/input.output/iostream.format/input.streams/istream/istream_sentry/ctor.pass.cpp	PASS	PASS	SAME
std/input.output/iostream.format/input.streams/istream/types.pass.cpp	PASS	PASS	SAME
std/input.output/iostream.format/output.streams/ostream.assign/member_swap.pass.cpp	PASS	PASS	SAME
std/input.output/iostream.format/output.streams/ostream.assign/move_assign.pass.cpp	PASS	PASS	SAME
std/input.output/iostream.format/output.streams/ostream.cons/move.pass.cpp	PASS	PASS	SAME
std/input.output/iostream.format/output.streams/ostream.cons/streambuf.pass.cpp	PASS	PASS	SAME
std/input.output/iostream.format/output.streams/ostream.formatted/ostream.formatted.print/locale-specific_form.pass.cpp	PASS	PASS	SAME
std/input.output/iostream.format/output.streams/ostream.formatted/ostream.formatted.print/print.pass.cpp	PASS	PASS	SAME
std/input.output/iostream.format/output.streams/ostream.formatted/ostream.formatted.print/println.pass.cpp	PASS	PASS	SAME
std/input.output/iostream.format/output.streams/ostream.formatted/ostream.formatted.print/vprint_nonunicode.pass.cpp	PASS	PASS	SAME
std/input.output/iostream.format/output.streams/ostream.formatted/ostream.formatted.print/vprint_unicode.pass.cpp	PASS	PASS	SAME
std/input.output/iostream.format/output.streams/ostream.formatted/ostream.formatted.reqmts/tested_elsewhere.pass.cpp	PASS	PASS	SAME
std/input.output/iostream.format/output.streams/ostream.formatted/ostream.inserters.arithmetic/bool.pass.cpp	PASS	PASS	SAME
std/input.output/iostream.format/output.streams/ostream.formatted/ostream.inserters.arithmetic/double.pass.cpp	PASS	PASS	SAME
std/input.output/iostream.format/output.streams/ostream.formatted/ostream.inserters.arithmetic/float.pass.cpp	PASS	PASS	SAME
std/input.output/iostream.format/output.streams/ostream.formatted/ostream.inserters.arithmetic/int.pass.cpp	PASS	PASS	SAME
std/input.output/iostream.format/output.streams/ostream.formatted/ostream.inserters.arithmetic/long.pass.cpp	PASS	PASS	SAME
std/input.output/iostream.format/output.streams/ostream.formatted/ostream.inserters.arithmetic/long_double.pass.cpp	PASS	PASS	SAME
std/input.output/iostream.format/output.streams/ostream.formatted/ostream.inserters.arithmetic/long_long.pass.cpp	PASS	PASS	SAME
std/input.output/iostream.format/output.streams/ostream.formatted/ostream.inserters.arithmetic/minmax_showbase.pass.cpp	PASS	PASS	SAME
std/input.output/iostream.format/output.streams/ostream.formatted/ostream.inserters.arithmetic/minus1.pass.cpp	PASS	PASS	SAME
std/input.output/iostream.format/output.streams/ostream.formatted/ostream.inserters.arithmetic/pointer.pass.cpp	PASS	PASS	SAME
std/input.output/iostream.format/output.streams/ostream.formatted/ostream.inserters.arithmetic/pointer.volatile.pass.cpp	PASS	PASS	SAME
std/input.output/iostream.format/output.streams/ostream.formatted/ostream.inserters.arithmetic/short.pass.cpp	PASS	PASS	SAME
std/input.output/iostream.format/output.streams/ostream.formatted/ostream.inserters.arithmetic/unsigned_int.pass.cpp	PASS	PASS	SAME
std/input.output/iostream.format/output.streams/ostream.formatted/ostream.inserters.arithmetic/unsigned_long.pass.cpp	PASS	PASS	SAME
std/input.output/iostream.format/output.streams/ostream.formatted/ostream.inserters.arithmetic/unsigned_long_long.pass.cpp	PASS	PASS	SAME
std/input.output/iostream.format/output.streams/ostream.formatted/ostream.inserters.arithmetic/unsigned_short.pass.cpp	PASS	PASS	SAME
std/input.output/iostream.format/output.streams/ostream.formatted/ostream.inserters.character/CharT.pass.cpp	PASS	PASS	SAME
std/input.output/iostream.format/output.streams/ostream.formatted/ostream.inserters.character/CharT_pointer.pass.cpp	PASS	PASS	SAME
std/input.output/iostream.format/output.streams/ostream.formatted/ostream.inserters.character/char.pass.cpp	PASS	PASS	SAME
std/input.output/iostream.format/output.streams/ostream.formatted/ostream.inserters.character/char_pointer.pass.cpp	PASS	PASS	SAME
std/input.output/iostream.format/output.streams/ostream.formatted/ostream.inserters.character/char_to_wide.pass.cpp	PASS	PASS	SAME
std/input.output/iostream.format/output.streams/ostream.formatted/ostream.inserters.character/char_to_wide_pointer.pass.cpp	PASS	PASS	SAME
std/input.output/iostream.format/output.streams/ostream.formatted/ostream.inserters.character/signed_char.pass.cpp	PASS	PASS	SAME
std/input.output/iostream.format/output.streams/ostream.formatted/ostream.inserters.character/signed_char_pointer.pass.cpp	PASS	PASS	SAME
std/input.output/iostream.format/output.streams/ostream.formatted/ostream.inserters.character/unsigned_char.pass.cpp	PASS	PASS	SAME
std/input.output/iostream.format/output.streams/ostream.formatted/ostream.inserters.character/unsigned_char_pointer.pass.cpp	PASS	PASS	SAME
std/input.output/iostream.format/output.streams/ostream.formatted/ostream.inserters/basic_ios.pass.cpp	PASS	PASS	SAME
std/input.output/iostream.format/output.streams/ostream.formatted/ostream.inserters/ios_base.pass.cpp	PASS	PASS	SAME
std/input.output/iostream.format/output.streams/ostream.formatted/ostream.inserters/ostream.pass.cpp	PASS	PASS	SAME
std/input.output/iostream.format/output.streams/ostream.formatted/ostream.inserters/streambuf.pass.cpp	PASS	PASS	SAME
std/input.output/iostream.format/output.streams/ostream.manip/endl.pass.cpp	PASS	PASS	SAME
std/input.output/iostream.format/output.streams/ostream.manip/ends.pass.cpp	PASS	PASS	SAME
std/input.output/iostream.format/output.streams/ostream.manip/flush.pass.cpp	PASS	PASS	SAME
std/input.output/iostream.format/output.streams/ostream.rvalue/not_ostreamable.verify.cpp	PASS	PASS	SAME
std/input.output/iostream.format/output.streams/ostream.rvalue/rvalue.pass.cpp	PASS	PASS	SAME
std/input.output/iostream.format/output.streams/ostream.seeks/seekp.pass.cpp	PASS	PASS	SAME
std/input.output/iostream.format/output.streams/ostream.seeks/seekp2.pass.cpp	PASS	PASS	SAME
std/input.output/iostream.format/output.streams/ostream.seeks/tellp.pass.cpp	PASS	PASS	SAME
std/input.output/iostream.format/output.streams/ostream.unformatted/flush.pass.cpp	PASS	PASS	SAME
std/input.output/iostream.format/output.streams/ostream.unformatted/put.pass.cpp	PASS	PASS	SAME
std/input.output/iostream.format/output.streams/ostream.unformatted/write.pass.cpp	PASS	PASS	SAME
std/input.output/iostream.format/output.streams/ostream/deleted_output_functions.verify.cpp	PASS	PASS	SAME
std/input.output/iostream.format/output.streams/ostream/types.pass.cpp	PASS	PASS	SAME
std/input.output/iostream.format/output.streams/ostream_sentry/construct.pass.cpp	PASS	PASS	SAME
std/input.output/iostream.format/output.streams/ostream_sentry/destruct.pass.cpp	PASS	PASS	SAME
std/input.output/iostream.format/print.fun/includes.compile.pass.cpp	PASS	PASS	SAME
std/input.output/iostream.format/print.fun/no_file_description.pass.cpp	PASS	PASS	SAME
std/input.output/iostream.format/print.fun/print.file.pass.cpp	PASS	PASS	SAME
std/input.output/iostream.format/print.fun/print.sh.cpp	PASS	PASS	SAME
std/input.output/iostream.format/print.fun/println.blank_line.sh.cpp	PASS	PASS	SAME
std/input.output/iostream.format/print.fun/println.file.pass.cpp	PASS	PASS	SAME
std/input.output/iostream.format/print.fun/println.sh.cpp	PASS	PASS	SAME
std/input.output/iostream.format/print.fun/vprint_nonunicode.file.pass.cpp	PASS	PASS	SAME
std/input.output/iostream.format/print.fun/vprint_nonunicode.sh.cpp	PASS	PASS	SAME
std/input.output/iostream.format/print.fun/vprint_unicode.file.pass.cpp	PASS	PASS	SAME
std/input.output/iostream.format/print.fun/vprint_unicode.sh.cpp	PASS	PASS	SAME
std/input.output/iostream.format/quoted.manip/quoted.pass.cpp	PASS	PASS	SAME
std/input.output/iostream.format/quoted.manip/quoted_char.verify.cpp	PASS	PASS	SAME
std/input.output/iostream.format/quoted.manip/quoted_traits.compile.pass.cpp	PASS	PASS	SAME
std/input.output/iostream.format/quoted.manip/quoted_traits.verify.cpp	PASS	PASS	SAME
std/input.output/iostream.format/std.manip/resetiosflags.pass.cpp	PASS	PASS	SAME
std/input.output/iostream.format/std.manip/setbase.pass.cpp	PASS	PASS	SAME
std/input.output/iostream.format/std.manip/setfill.pass.cpp	PASS	PASS	SAME
std/input.output/iostream.format/std.manip/setfill_wchar_max.pass.cpp	FAIL	FAIL	SAME
std/input.output/iostream.format/std.manip/setiosflags.pass.cpp	PASS	PASS	SAME
std/input.output/iostream.format/std.manip/setprecision.pass.cpp	PASS	PASS	SAME
std/input.output/iostream.format/std.manip/setw.pass.cpp	PASS	PASS	SAME
std/input.output/iostream.forward/iosfwd.pass.cpp	PASS	PASS	SAME
std/input.output/iostream.objects/init.pass.cpp	PASS	PASS	SAME
std/input.output/iostream.objects/narrow.stream.objects/cerr.sh.cpp	FAIL	FAIL	SAME
std/input.output/iostream.objects/narrow.stream.objects/cin.sh.cpp	PASS	PASS	SAME
std/input.output/iostream.objects/narrow.stream.objects/clog.sh.cpp	FAIL	FAIL	SAME
std/input.output/iostream.objects/narrow.stream.objects/cout.sh.cpp	PASS	PASS	SAME
std/input.output/iostream.objects/wide.stream.objects/wcerr-imbue.sh.cpp	FAIL	FAIL	SAME
std/input.output/iostream.objects/wide.stream.objects/wcerr-wide-mode.sh.cpp	UNSUPPORTED	UNSUPPORTED	SAME
std/input.output/iostream.objects/wide.stream.objects/wcerr.sh.cpp	FAIL	FAIL	SAME
std/input.output/iostream.objects/wide.stream.objects/wcin-imbue.sh.cpp	PASS	PASS	SAME
std/input.output/iostream.objects/wide.stream.objects/wcin-wide-mode.sh.cpp	UNSUPPORTED	UNSUPPORTED	SAME
std/input.output/iostream.objects/wide.stream.objects/wcin.sh.cpp	PASS	PASS	SAME
std/input.output/iostream.objects/wide.stream.objects/wclog.sh.cpp	FAIL	FAIL	SAME
std/input.output/iostream.objects/wide.stream.objects/wcout-imbue.sh.cpp	PASS	PASS	SAME
std/input.output/iostream.objects/wide.stream.objects/wcout-wide-mode.sh.cpp	UNSUPPORTED	UNSUPPORTED	SAME
std/input.output/iostream.objects/wide.stream.objects/wcout.sh.cpp	PASS	PASS	SAME
std/input.output/iostreams.base/fpos/fpos.members/state.pass.cpp	PASS	PASS	SAME
std/input.output/iostreams.base/fpos/fpos.operations/addition.pass.cpp	PASS	PASS	SAME
std/input.output/iostreams.base/fpos/fpos.operations/ctor_int.pass.cpp	PASS	PASS	SAME
std/input.output/iostreams.base/fpos/fpos.operations/difference.pass.cpp	PASS	PASS	SAME
std/input.output/iostreams.base/fpos/fpos.operations/eq_int.pass.cpp	PASS	PASS	SAME
std/input.output/iostreams.base/fpos/fpos.operations/fpos.pass.cpp	PASS	PASS	SAME
std/input.output/iostreams.base/fpos/fpos.operations/offset.pass.cpp	PASS	PASS	SAME
std/input.output/iostreams.base/fpos/fpos.operations/streamsize.pass.cpp	PASS	PASS	SAME
std/input.output/iostreams.base/fpos/fpos.operations/subtraction.pass.cpp	PASS	PASS	SAME
std/input.output/iostreams.base/ios.base/fmtflags.state/flags.pass.cpp	PASS	PASS	SAME
std/input.output/iostreams.base/ios.base/fmtflags.state/flags_fmtflags.pass.cpp	PASS	PASS	SAME
std/input.output/iostreams.base/ios.base/fmtflags.state/precision.pass.cpp	PASS	PASS	SAME
std/input.output/iostreams.base/ios.base/fmtflags.state/precision_streamsize.pass.cpp	PASS	PASS	SAME
std/input.output/iostreams.base/ios.base/fmtflags.state/setf_fmtflags.pass.cpp	PASS	PASS	SAME
std/input.output/iostreams.base/ios.base/fmtflags.state/setf_fmtflags_mask.pass.cpp	PASS	PASS	SAME
std/input.output/iostreams.base/ios.base/fmtflags.state/unsetf_mask.pass.cpp	PASS	PASS	SAME
std/input.output/iostreams.base/ios.base/fmtflags.state/width.pass.cpp	PASS	PASS	SAME
std/input.output/iostreams.base/ios.base/fmtflags.state/width_streamsize.pass.cpp	PASS	PASS	SAME
std/input.output/iostreams.base/ios.base/ios.base.callback/register_callback.pass.cpp	PASS	PASS	SAME
std/input.output/iostreams.base/ios.base/ios.base.cons/dtor.pass.cpp	PASS	PASS	SAME
std/input.output/iostreams.base/ios.base/ios.base.locales/getloc.pass.cpp	PASS	PASS	SAME
std/input.output/iostreams.base/ios.base/ios.base.locales/imbue.pass.cpp	PASS	PASS	SAME
std/input.output/iostreams.base/ios.base/ios.base.storage/iword.pass.cpp	PASS	PASS	SAME
std/input.output/iostreams.base/ios.base/ios.base.storage/pword.pass.cpp	PASS	PASS	SAME
std/input.output/iostreams.base/ios.base/ios.base.storage/xalloc.pass.cpp	PASS	PASS	SAME
std/input.output/iostreams.base/ios.base/ios.members.static/sync_with_stdio.pass.cpp	PASS	PASS	SAME
std/input.output/iostreams.base/ios.base/ios.types/ios_Init/ios_Init.global.pass.cpp	PASS	PASS	SAME
std/input.output/iostreams.base/ios.base/ios.types/ios_Init/ios_Init.multiple.pass.cpp	PASS	PASS	SAME
std/input.output/iostreams.base/ios.base/ios.types/ios_Init/tested_elsewhere.pass.cpp	PASS	PASS	SAME
std/input.output/iostreams.base/ios.base/ios.types/ios_failure/ctor_char_pointer_error_code.pass.cpp	PASS	PASS	SAME
std/input.output/iostreams.base/ios.base/ios.types/ios_failure/ctor_string_error_code.pass.cpp	PASS	PASS	SAME
std/input.output/iostreams.base/ios.base/ios.types/ios_fmtflags/fmtflags.pass.cpp	PASS	PASS	SAME
std/input.output/iostreams.base/ios.base/ios.types/ios_iostate/iostate.pass.cpp	PASS	PASS	SAME
std/input.output/iostreams.base/ios.base/ios.types/ios_openmode/openmode.pass.cpp	PASS	PASS	SAME
std/input.output/iostreams.base/ios.base/ios.types/ios_seekdir/seekdir.pass.cpp	PASS	PASS	SAME
std/input.output/iostreams.base/ios/basic.ios.cons/ctor_streambuf.pass.cpp	PASS	PASS	SAME
std/input.output/iostreams.base/ios/basic.ios.members/copyfmt.pass.cpp	PASS	PASS	SAME
std/input.output/iostreams.base/ios/basic.ios.members/fill.pass.cpp	PASS	PASS	SAME
std/input.output/iostreams.base/ios/basic.ios.members/fill_char_type.pass.cpp	PASS	PASS	SAME
std/input.output/iostreams.base/ios/basic.ios.members/imbue.pass.cpp	PASS	PASS	SAME
std/input.output/iostreams.base/ios/basic.ios.members/move.pass.cpp	PASS	PASS	SAME
std/input.output/iostreams.base/ios/basic.ios.members/narrow.pass.cpp	PASS	PASS	SAME
std/input.output/iostreams.base/ios/basic.ios.members/rdbuf.pass.cpp	PASS	PASS	SAME
std/input.output/iostreams.base/ios/basic.ios.members/rdbuf_streambuf.pass.cpp	PASS	PASS	SAME
std/input.output/iostreams.base/ios/basic.ios.members/set_rdbuf.pass.cpp	PASS	PASS	SAME
std/input.output/iostreams.base/ios/basic.ios.members/swap.pass.cpp	PASS	PASS	SAME
std/input.output/iostreams.base/ios/basic.ios.members/tie.pass.cpp	PASS	PASS	SAME
std/input.output/iostreams.base/ios/basic.ios.members/tie_ostream.pass.cpp	PASS	PASS	SAME
std/input.output/iostreams.base/ios/basic.ios.members/widen.pass.cpp	PASS	PASS	SAME
std/input.output/iostreams.base/ios/iostate.flags/bad.pass.cpp	PASS	PASS	SAME
std/input.output/iostreams.base/ios/iostate.flags/bool.pass.cpp	PASS	PASS	SAME
std/input.output/iostreams.base/ios/iostate.flags/clear.pass.cpp	PASS	PASS	SAME
std/input.output/iostreams.base/ios/iostate.flags/eof.pass.cpp	PASS	PASS	SAME
std/input.output/iostreams.base/ios/iostate.flags/exceptions.pass.cpp	PASS	PASS	SAME
std/input.output/iostreams.base/ios/iostate.flags/exceptions_iostate.pass.cpp	PASS	PASS	SAME
std/input.output/iostreams.base/ios/iostate.flags/fail.pass.cpp	PASS	PASS	SAME
std/input.output/iostreams.base/ios/iostate.flags/good.pass.cpp	PASS	PASS	SAME
std/input.output/iostreams.base/ios/iostate.flags/not.pass.cpp	PASS	PASS	SAME
std/input.output/iostreams.base/ios/iostate.flags/rdstate.pass.cpp	PASS	PASS	SAME
std/input.output/iostreams.base/ios/iostate.flags/setstate.pass.cpp	PASS	PASS	SAME
std/input.output/iostreams.base/ios/types.pass.cpp	PASS	PASS	SAME
std/input.output/iostreams.base/is_error_code_enum_io_errc.pass.cpp	PASS	PASS	SAME
std/input.output/iostreams.base/std.ios.manip/adjustfield.manip/internal.pass.cpp	PASS	PASS	SAME
std/input.output/iostreams.base/std.ios.manip/adjustfield.manip/left.pass.cpp	PASS	PASS	SAME
std/input.output/iostreams.base/std.ios.manip/adjustfield.manip/right.pass.cpp	PASS	PASS	SAME
std/input.output/iostreams.base/std.ios.manip/basefield.manip/dec.pass.cpp	PASS	PASS	SAME
std/input.output/iostreams.base/std.ios.manip/basefield.manip/hex.pass.cpp	PASS	PASS	SAME
std/input.output/iostreams.base/std.ios.manip/basefield.manip/oct.pass.cpp	PASS	PASS	SAME
std/input.output/iostreams.base/std.ios.manip/error.reporting/iostream_category.pass.cpp	PASS	PASS	SAME
std/input.output/iostreams.base/std.ios.manip/error.reporting/make_error_code.pass.cpp	PASS	PASS	SAME
std/input.output/iostreams.base/std.ios.manip/error.reporting/make_error_condition.pass.cpp	PASS	PASS	SAME
std/input.output/iostreams.base/std.ios.manip/floatfield.manip/defaultfloat.pass.cpp	PASS	PASS	SAME
std/input.output/iostreams.base/std.ios.manip/floatfield.manip/fixed.pass.cpp	PASS	PASS	SAME
std/input.output/iostreams.base/std.ios.manip/floatfield.manip/hexfloat.pass.cpp	PASS	PASS	SAME
std/input.output/iostreams.base/std.ios.manip/floatfield.manip/scientific.pass.cpp	PASS	PASS	SAME
std/input.output/iostreams.base/std.ios.manip/fmtflags.manip/boolalpha.pass.cpp	PASS	PASS	SAME
std/input.output/iostreams.base/std.ios.manip/fmtflags.manip/noboolalpha.pass.cpp	PASS	PASS	SAME
std/input.output/iostreams.base/std.ios.manip/fmtflags.manip/noshowbase.pass.cpp	PASS	PASS	SAME
std/input.output/iostreams.base/std.ios.manip/fmtflags.manip/noshowpoint.pass.cpp	PASS	PASS	SAME
std/input.output/iostreams.base/std.ios.manip/fmtflags.manip/noshowpos.pass.cpp	PASS	PASS	SAME
std/input.output/iostreams.base/std.ios.manip/fmtflags.manip/noskipws.pass.cpp	PASS	PASS	SAME
std/input.output/iostreams.base/std.ios.manip/fmtflags.manip/nounitbuf.pass.cpp	PASS	PASS	SAME
std/input.output/iostreams.base/std.ios.manip/fmtflags.manip/nouppercase.pass.cpp	PASS	PASS	SAME
std/input.output/iostreams.base/std.ios.manip/fmtflags.manip/showbase.pass.cpp	PASS	PASS	SAME
std/input.output/iostreams.base/std.ios.manip/fmtflags.manip/showpoint.pass.cpp	PASS	PASS	SAME
std/input.output/iostreams.base/std.ios.manip/fmtflags.manip/showpos.pass.cpp	PASS	PASS	SAME
std/input.output/iostreams.base/std.ios.manip/fmtflags.manip/skipws.pass.cpp	PASS	PASS	SAME
std/input.output/iostreams.base/std.ios.manip/fmtflags.manip/unitbuf.pass.cpp	PASS	PASS	SAME
std/input.output/iostreams.base/std.ios.manip/fmtflags.manip/uppercase.pass.cpp	PASS	PASS	SAME
std/input.output/iostreams.base/stream.types/streamoff.pass.cpp	PASS	PASS	SAME
std/input.output/iostreams.base/stream.types/streamsize.pass.cpp	PASS	PASS	SAME
std/input.output/iostreams.requirements/iostream.limits.imbue/tested_elsewhere.pass.cpp	PASS	PASS	SAME
std/input.output/iostreams.requirements/iostreams.limits.pos/nothing_to_do.pass.cpp	PASS	PASS	SAME
std/input.output/iostreams.requirements/iostreams.threadsafety/nothing_to_do.pass.cpp	PASS	PASS	SAME
std/input.output/stream.buffers/streambuf.reqts/tested_elsewhere.pass.cpp	PASS	PASS	SAME
std/input.output/stream.buffers/streambuf/streambuf.cons/copy.pass.cpp	PASS	PASS	SAME
std/input.output/stream.buffers/streambuf/streambuf.cons/copy.verify.cpp	PASS	PASS	SAME
std/input.output/stream.buffers/streambuf/streambuf.cons/default.compile.fail.cpp	PASS	PASS	SAME
std/input.output/stream.buffers/streambuf/streambuf.cons/default.pass.cpp	PASS	PASS	SAME
std/input.output/stream.buffers/streambuf/streambuf.members/streambuf.buffer/pubseekoff.pass.cpp	PASS	PASS	SAME
std/input.output/stream.buffers/streambuf/streambuf.members/streambuf.buffer/pubseekpos.pass.cpp	PASS	PASS	SAME
std/input.output/stream.buffers/streambuf/streambuf.members/streambuf.buffer/pubsetbuf.pass.cpp	PASS	PASS	SAME
std/input.output/stream.buffers/streambuf/streambuf.members/streambuf.buffer/pubsync.pass.cpp	PASS	PASS	SAME
std/input.output/stream.buffers/streambuf/streambuf.members/streambuf.locales/locales.pass.cpp	PASS	PASS	SAME
std/input.output/stream.buffers/streambuf/streambuf.members/streambuf.pub.get/in_avail.pass.cpp	PASS	PASS	SAME
std/input.output/stream.buffers/streambuf/streambuf.members/streambuf.pub.get/sbumpc.pass.cpp	PASS	PASS	SAME
std/input.output/stream.buffers/streambuf/streambuf.members/streambuf.pub.get/sgetc.pass.cpp	PASS	PASS	SAME
std/input.output/stream.buffers/streambuf/streambuf.members/streambuf.pub.get/sgetn.pass.cpp	PASS	PASS	SAME
std/input.output/stream.buffers/streambuf/streambuf.members/streambuf.pub.get/snextc.pass.cpp	PASS	PASS	SAME
std/input.output/stream.buffers/streambuf/streambuf.members/streambuf.pub.pback/sputbackc.pass.cpp	PASS	PASS	SAME
std/input.output/stream.buffers/streambuf/streambuf.members/streambuf.pub.pback/sungetc.pass.cpp	PASS	PASS	SAME
std/input.output/stream.buffers/streambuf/streambuf.members/streambuf.pub.put/sputc.pass.cpp	PASS	PASS	SAME
std/input.output/stream.buffers/streambuf/streambuf.members/streambuf.pub.put/sputn.pass.cpp	PASS	PASS	SAME
std/input.output/stream.buffers/streambuf/streambuf.protected/streambuf.assign/assign.pass.cpp	PASS	PASS	SAME
std/input.output/stream.buffers/streambuf/streambuf.protected/streambuf.assign/swap.pass.cpp	PASS	PASS	SAME
std/input.output/stream.buffers/streambuf/streambuf.protected/streambuf.get.area/gbump.pass.cpp	PASS	PASS	SAME
std/input.output/stream.buffers/streambuf/streambuf.protected/streambuf.get.area/setg.assert.pass.cpp	UNSUPPORTED	UNSUPPORTED	SAME
std/input.output/stream.buffers/streambuf/streambuf.protected/streambuf.get.area/setg.pass.cpp	PASS	PASS	SAME
std/input.output/stream.buffers/streambuf/streambuf.protected/streambuf.put.area/pbump.pass.cpp	PASS	PASS	SAME
std/input.output/stream.buffers/streambuf/streambuf.protected/streambuf.put.area/pbump2gig.pass.cpp	PASS	PASS	SAME
std/input.output/stream.buffers/streambuf/streambuf.protected/streambuf.put.area/setp.assert.pass.cpp	UNSUPPORTED	UNSUPPORTED	SAME
std/input.output/stream.buffers/streambuf/streambuf.protected/streambuf.put.area/setp.pass.cpp	PASS	PASS	SAME
std/input.output/stream.buffers/streambuf/streambuf.virtuals/streambuf.virt.buffer/tested_elsewhere.pass.cpp	PASS	PASS	SAME
std/input.output/stream.buffers/streambuf/streambuf.virtuals/streambuf.virt.get/showmanyc.pass.cpp	PASS	PASS	SAME
std/input.output/stream.buffers/streambuf/streambuf.virtuals/streambuf.virt.get/uflow.pass.cpp	PASS	PASS	SAME
std/input.output/stream.buffers/streambuf/streambuf.virtuals/streambuf.virt.get/underflow.pass.cpp	PASS	PASS	SAME
std/input.output/stream.buffers/streambuf/streambuf.virtuals/streambuf.virt.get/xsgetn.pass.cpp	PASS	PASS	SAME
std/input.output/stream.buffers/streambuf/streambuf.virtuals/streambuf.virt.locales/nothing_to_do.pass.cpp	PASS	PASS	SAME
std/input.output/stream.buffers/streambuf/streambuf.virtuals/streambuf.virt.pback/pbackfail.pass.cpp	PASS	PASS	SAME
std/input.output/stream.buffers/streambuf/streambuf.virtuals/streambuf.virt.put/overflow.pass.cpp	PASS	PASS	SAME
std/input.output/stream.buffers/streambuf/streambuf.virtuals/streambuf.virt.put/xsputn.PR14074.pass.cpp	PASS	PASS	SAME
std/input.output/stream.buffers/streambuf/streambuf.virtuals/streambuf.virt.put/xsputn.pass.cpp	PASS	PASS	SAME
std/input.output/stream.buffers/streambuf/types.pass.cpp	PASS	PASS	SAME
std/input.output/string.streams/istringstream/istringstream.assign/member_swap.pass.cpp	PASS	PASS	SAME
std/input.output/string.streams/istringstream/istringstream.assign/move.pass.cpp	PASS	PASS	SAME
std/input.output/string.streams/istringstream/istringstream.assign/nonmember_swap.pass.cpp	PASS	PASS	SAME
std/input.output/string.streams/istringstream/istringstream.cons/default.pass.cpp	PASS	PASS	SAME
std/input.output/string.streams/istringstream/istringstream.cons/mode.alloc.pass.cpp	PASS	PASS	SAME
std/input.output/string.streams/istringstream/istringstream.cons/move.pass.cpp	PASS	PASS	SAME
std/input.output/string.streams/istringstream/istringstream.cons/string-alloc.mode.pass.cpp	PASS	PASS	SAME
std/input.output/string.streams/istringstream/istringstream.cons/string.alloc.pass.cpp	PASS	PASS	SAME
std/input.output/string.streams/istringstream/istringstream.cons/string.mode.alloc.pass.cpp	PASS	PASS	SAME
std/input.output/string.streams/istringstream/istringstream.cons/string.move.mode.pass.cpp	PASS	PASS	SAME
std/input.output/string.streams/istringstream/istringstream.cons/string.pass.cpp	PASS	PASS	SAME
std/input.output/string.streams/istringstream/istringstream.cons/string_view.alloc.pass.cpp	PASS	PASS	SAME
std/input.output/string.streams/istringstream/istringstream.cons/string_view.mode.alloc.pass.cpp	PASS	PASS	SAME
std/input.output/string.streams/istringstream/istringstream.cons/string_view.mode.pass.cpp	PASS	PASS	SAME
std/input.output/string.streams/istringstream/istringstream.members/str.alloc.pass.cpp	PASS	PASS	SAME
std/input.output/string.streams/istringstream/istringstream.members/str.allocator_propagation.pass.cpp	PASS	PASS	SAME
std/input.output/string.streams/istringstream/istringstream.members/str.move.pass.cpp	PASS	PASS	SAME
std/input.output/string.streams/istringstream/istringstream.members/str.pass.cpp	PASS	PASS	SAME
std/input.output/string.streams/istringstream/istringstream.members/str.string-alloc.pass.cpp	PASS	PASS	SAME
std/input.output/string.streams/istringstream/istringstream.members/str.string.move.pass.cpp	PASS	PASS	SAME
std/input.output/string.streams/istringstream/istringstream.members/str.string_view.pass.cpp	PASS	PASS	SAME
std/input.output/string.streams/istringstream/istringstream.members/view.pass.cpp	PASS	PASS	SAME
std/input.output/string.streams/istringstream/types.compile.pass.cpp	PASS	PASS	SAME
std/input.output/string.streams/ostringstream/ostringstream.assign/member_swap.pass.cpp	PASS	PASS	SAME
std/input.output/string.streams/ostringstream/ostringstream.assign/move.pass.cpp	PASS	PASS	SAME
std/input.output/string.streams/ostringstream/ostringstream.assign/nonmember_swap.pass.cpp	PASS	PASS	SAME
std/input.output/string.streams/ostringstream/ostringstream.cons/default.pass.cpp	PASS	PASS	SAME
std/input.output/string.streams/ostringstream/ostringstream.cons/mode.alloc.pass.cpp	PASS	PASS	SAME
std/input.output/string.streams/ostringstream/ostringstream.cons/move.pass.cpp	PASS	PASS	SAME
std/input.output/string.streams/ostringstream/ostringstream.cons/string-alloc.mode.pass.cpp	PASS	PASS	SAME
std/input.output/string.streams/ostringstream/ostringstream.cons/string.alloc.pass.cpp	PASS	PASS	SAME
std/input.output/string.streams/ostringstream/ostringstream.cons/string.mode.alloc.pass.cpp	PASS	PASS	SAME
std/input.output/string.streams/ostringstream/ostringstream.cons/string.move.mode.pass.cpp	PASS	PASS	SAME
std/input.output/string.streams/ostringstream/ostringstream.cons/string.pass.cpp	PASS	PASS	SAME
std/input.output/string.streams/ostringstream/ostringstream.cons/string_view.alloc.pass.cpp	PASS	PASS	SAME
std/input.output/string.streams/ostringstream/ostringstream.cons/string_view.mode.alloc.pass.cpp	PASS	PASS	SAME
std/input.output/string.streams/ostringstream/ostringstream.cons/string_view.mode.pass.cpp	PASS	PASS	SAME
std/input.output/string.streams/ostringstream/ostringstream.members/str.alloc.pass.cpp	PASS	PASS	SAME
std/input.output/string.streams/ostringstream/ostringstream.members/str.allocator_propagation.pass.cpp	PASS	PASS	SAME
std/input.output/string.streams/ostringstream/ostringstream.members/str.move.pass.cpp	PASS	PASS	SAME
std/input.output/string.streams/ostringstream/ostringstream.members/str.pass.cpp	PASS	PASS	SAME
std/input.output/string.streams/ostringstream/ostringstream.members/str.string-alloc.pass.cpp	PASS	PASS	SAME
std/input.output/string.streams/ostringstream/ostringstream.members/str.string.move.pass.cpp	PASS	PASS	SAME
std/input.output/string.streams/ostringstream/ostringstream.members/str.string_view.pass.cpp	PASS	PASS	SAME
std/input.output/string.streams/ostringstream/ostringstream.members/view.pass.cpp	PASS	PASS	SAME
std/input.output/string.streams/ostringstream/types.compile.pass.cpp	PASS	PASS	SAME
std/input.output/string.streams/stringbuf/stringbuf.assign/member_swap.pass.cpp	PASS	PASS	SAME
std/input.output/string.streams/stringbuf/stringbuf.assign/member_swap_noexcept.pass.cpp	PASS	PASS	SAME
std/input.output/string.streams/stringbuf/stringbuf.assign/move.pass.cpp	PASS	PASS	SAME
std/input.output/string.streams/stringbuf/stringbuf.assign/nonmember_swap.pass.cpp	PASS	PASS	SAME
std/input.output/string.streams/stringbuf/stringbuf.assign/nonmember_swap_noexcept.pass.cpp	PASS	PASS	SAME
std/input.output/string.streams/stringbuf/stringbuf.cons/alloc.pass.cpp	PASS	PASS	SAME
std/input.output/string.streams/stringbuf/stringbuf.cons/default.pass.cpp	PASS	PASS	SAME
std/input.output/string.streams/stringbuf/stringbuf.cons/mode.alloc.pass.cpp	PASS	PASS	SAME
std/input.output/string.streams/stringbuf/stringbuf.cons/move.alloc.pass.cpp	PASS	PASS	SAME
std/input.output/string.streams/stringbuf/stringbuf.cons/move.pass.cpp	PASS	PASS	SAME
std/input.output/string.streams/stringbuf/stringbuf.cons/string-alloc.mode.pass.cpp	PASS	PASS	SAME
std/input.output/string.streams/stringbuf/stringbuf.cons/string.alloc.pass.cpp	PASS	PASS	SAME
std/input.output/string.streams/stringbuf/stringbuf.cons/string.mode.alloc.pass.cpp	PASS	PASS	SAME
std/input.output/string.streams/stringbuf/stringbuf.cons/string.move.mode.pass.cpp	PASS	PASS	SAME
std/input.output/string.streams/stringbuf/stringbuf.cons/string.pass.cpp	PASS	PASS	SAME
std/input.output/string.streams/stringbuf/stringbuf.cons/string_view.alloc.pass.cpp	PASS	PASS	SAME
std/input.output/string.streams/stringbuf/stringbuf.cons/string_view.mode.alloc.pass.cpp	PASS	PASS	SAME
std/input.output/string.streams/stringbuf/stringbuf.cons/string_view.mode.pass.cpp	PASS	PASS	SAME
std/input.output/string.streams/stringbuf/stringbuf.members/str.alloc.pass.cpp	PASS	PASS	SAME
std/input.output/string.streams/stringbuf/stringbuf.members/str.move.pass.cpp	PASS	PASS	SAME
std/input.output/string.streams/stringbuf/stringbuf.members/str.pass.cpp	PASS	PASS	SAME
std/input.output/string.streams/stringbuf/stringbuf.members/str.string-alloc.pass.cpp	PASS	PASS	SAME
std/input.output/string.streams/stringbuf/stringbuf.members/str.string.move.pass.cpp	PASS	PASS	SAME
std/input.output/string.streams/stringbuf/stringbuf.members/str.string_view.pass.cpp	PASS	PASS	SAME
std/input.output/string.streams/stringbuf/stringbuf.members/view.pass.cpp	PASS	PASS	SAME
std/input.output/string.streams/stringbuf/stringbuf.virtuals/overflow.pass.cpp	PASS	PASS	SAME
std/input.output/string.streams/stringbuf/stringbuf.virtuals/pbackfail.pass.cpp	PASS	PASS	SAME
std/input.output/string.streams/stringbuf/stringbuf.virtuals/seekoff.pass.cpp	PASS	PASS	SAME
std/input.output/string.streams/stringbuf/stringbuf.virtuals/seekpos.pass.cpp	PASS	PASS	SAME
std/input.output/string.streams/stringbuf/stringbuf.virtuals/setbuf.pass.cpp	PASS	PASS	SAME
std/input.output/string.streams/stringbuf/stringbuf.virtuals/underflow.pass.cpp	PASS	PASS	SAME
std/input.output/string.streams/stringbuf/types.compile.pass.cpp	PASS	PASS	SAME
std/input.output/string.streams/stringstream/stringstream.assign/member_swap.pass.cpp	PASS	PASS	SAME
std/input.output/string.streams/stringstream/stringstream.assign/move.pass.cpp	PASS	PASS	SAME
std/input.output/string.streams/stringstream/stringstream.assign/nonmember_swap.pass.cpp	PASS	PASS	SAME
std/input.output/string.streams/stringstream/stringstream.cons/default.pass.cpp	PASS	PASS	SAME
std/input.output/string.streams/stringstream/stringstream.cons/mode.alloc.pass.cpp	PASS	PASS	SAME
std/input.output/string.streams/stringstream/stringstream.cons/move.pass.cpp	PASS	PASS	SAME
std/input.output/string.streams/stringstream/stringstream.cons/move2.pass.cpp	PASS	PASS	SAME
std/input.output/string.streams/stringstream/stringstream.cons/string-alloc.mode.pass.cpp	PASS	PASS	SAME
std/input.output/string.streams/stringstream/stringstream.cons/string.alloc.pass.cpp	PASS	PASS	SAME
std/input.output/string.streams/stringstream/stringstream.cons/string.mode.alloc.pass.cpp	PASS	PASS	SAME
std/input.output/string.streams/stringstream/stringstream.cons/string.move.mode.pass.cpp	PASS	PASS	SAME
std/input.output/string.streams/stringstream/stringstream.cons/string.pass.cpp	PASS	PASS	SAME
std/input.output/string.streams/stringstream/stringstream.cons/string_view.alloc.pass.cpp	PASS	PASS	SAME
std/input.output/string.streams/stringstream/stringstream.cons/string_view.mode.alloc.pass.cpp	PASS	PASS	SAME
std/input.output/string.streams/stringstream/stringstream.cons/string_view.mode.pass.cpp	PASS	PASS	SAME
std/input.output/string.streams/stringstream/stringstream.members/gcount.pass.cpp	UNSUPPORTED	UNSUPPORTED	SAME
std/input.output/string.streams/stringstream/stringstream.members/str.alloc.pass.cpp	PASS	PASS	SAME
std/input.output/string.streams/stringstream/stringstream.members/str.allocator_propagation.pass.cpp	PASS	PASS	SAME
std/input.output/string.streams/stringstream/stringstream.members/str.move.pass.cpp	PASS	PASS	SAME
std/input.output/string.streams/stringstream/stringstream.members/str.pass.cpp	PASS	PASS	SAME
std/input.output/string.streams/stringstream/stringstream.members/str.string-alloc.pass.cpp	PASS	PASS	SAME
std/input.output/string.streams/stringstream/stringstream.members/str.string.move.pass.cpp	PASS	PASS	SAME
std/input.output/string.streams/stringstream/stringstream.members/str.string_view.pass.cpp	PASS	PASS	SAME
std/input.output/string.streams/stringstream/stringstream.members/view.pass.cpp	PASS	PASS	SAME
std/input.output/string.streams/stringstream/types.compile.pass.cpp	PASS	PASS	SAME
std/input.output/syncstream/osyncstream/assign.pass.cpp	PASS	PASS	SAME
std/input.output/syncstream/osyncstream/members/emit.pass.cpp	PASS	PASS	SAME
std/input.output/syncstream/osyncstream/members/get_wrapped.pass.cpp	PASS	PASS	SAME
std/input.output/syncstream/osyncstream/members/rdbuf.pass.cpp	PASS	PASS	SAME
std/input.output/syncstream/osyncstream/syncstream.osyncstream.cons/cons.move.pass.cpp	PASS	PASS	SAME
std/input.output/syncstream/osyncstream/syncstream.osyncstream.cons/cons.ostream.allocator.pass.cpp	PASS	PASS	SAME
std/input.output/syncstream/osyncstream/syncstream.osyncstream.cons/cons.ostream.pass.cpp	PASS	PASS	SAME
std/input.output/syncstream/osyncstream/syncstream.osyncstream.cons/cons.pointer.allocator.pass.cpp	PASS	PASS	SAME
std/input.output/syncstream/osyncstream/syncstream.osyncstream.cons/cons.pointer.pass.cpp	PASS	PASS	SAME
std/input.output/syncstream/osyncstream/thread/basic.pass.cpp	PASS	PASS	SAME
std/input.output/syncstream/osyncstream/thread/several_threads.pass.cpp	PASS	PASS	SAME
std/input.output/syncstream/osyncstream/types.compile.pass.cpp	PASS	PASS	SAME
std/input.output/syncstream/syncbuf/sputc.pass.cpp	PASS	PASS	SAME
std/input.output/syncstream/syncbuf/sputn.pass.cpp	PASS	PASS	SAME
std/input.output/syncstream/syncbuf/sync.pass.cpp	PASS	PASS	SAME
std/input.output/syncstream/syncbuf/syncstream.syncbuf.assign/assign.pass.cpp	PASS	PASS	SAME
std/input.output/syncstream/syncbuf/syncstream.syncbuf.assign/swap.pass.cpp	PASS	PASS	SAME
std/input.output/syncstream/syncbuf/syncstream.syncbuf.cons/cons.default.pass.cpp	PASS	PASS	SAME
std/input.output/syncstream/syncbuf/syncstream.syncbuf.cons/cons.move.pass.cpp	PASS	PASS	SAME
std/input.output/syncstream/syncbuf/syncstream.syncbuf.cons/cons.pointer.allocator.pass.cpp	PASS	PASS	SAME
std/input.output/syncstream/syncbuf/syncstream.syncbuf.cons/cons.pointer.pass.cpp	PASS	PASS	SAME
std/input.output/syncstream/syncbuf/syncstream.syncbuf.cons/dtor.pass.cpp	PASS	PASS	SAME
std/input.output/syncstream/syncbuf/syncstream.syncbuf.members/emit.pass.cpp	PASS	PASS	SAME
std/input.output/syncstream/syncbuf/syncstream.syncbuf.members/get_allocator.pass.cpp	PASS	PASS	SAME
std/input.output/syncstream/syncbuf/syncstream.syncbuf.members/get_wrapped.pass.cpp	PASS	PASS	SAME
std/input.output/syncstream/syncbuf/syncstream.syncbuf.members/set_emit_on_sync.pass.cpp	PASS	PASS	SAME
std/input.output/syncstream/syncbuf/syncstream.syncbuf.special/swap.pass.cpp	PASS	PASS	SAME
std/input.output/syncstream/syncbuf/types.compile.pass.cpp	PASS	PASS	SAME
std/iterators/iterator.container/data.pass.cpp	PASS	PASS	SAME
std/iterators/iterator.container/empty.array.verify.cpp	PASS	PASS	SAME
std/iterators/iterator.container/empty.container.verify.cpp	PASS	PASS	SAME
std/iterators/iterator.container/empty.initializer_list.verify.cpp	PASS	PASS	SAME
std/iterators/iterator.container/empty.pass.cpp	PASS	PASS	SAME
std/iterators/iterator.container/size.pass.cpp	PASS	PASS	SAME
std/iterators/iterator.container/ssize.LWG3207.compile.pass.cpp	PASS	PASS	SAME
std/iterators/iterator.container/ssize.pass.cpp	PASS	PASS	SAME
std/iterators/iterator.primitives/iterator.basic/deprecated.verify.cpp	PASS	PASS	SAME
std/iterators/iterator.primitives/iterator.basic/iterator.pass.cpp	PASS	PASS	SAME
std/iterators/iterator.primitives/iterator.operations/advance.pass.cpp	PASS	PASS	SAME
std/iterators/iterator.primitives/iterator.operations/distance.pass.cpp	PASS	PASS	SAME
std/iterators/iterator.primitives/iterator.operations/next.pass.cpp	PASS	PASS	SAME
std/iterators/iterator.primitives/iterator.operations/prev.pass.cpp	PASS	PASS	SAME
std/iterators/iterator.primitives/iterator.operations/robust_against_adl.pass.cpp	PASS	PASS	SAME
std/iterators/iterator.primitives/iterator.traits/const_pointer.pass.cpp	PASS	PASS	SAME
std/iterators/iterator.primitives/iterator.traits/const_volatile_pointer.pass.cpp	PASS	PASS	SAME
std/iterators/iterator.primitives/iterator.traits/cxx20_iterator_traits.compile.pass.cpp	PASS	PASS	SAME
std/iterators/iterator.primitives/iterator.traits/empty.compile.pass.cpp	PASS	PASS	SAME
std/iterators/iterator.primitives/iterator.traits/empty.pass.cpp	PASS	PASS	SAME
std/iterators/iterator.primitives/iterator.traits/iter_reference_t.compile.pass.cpp	PASS	PASS	SAME
std/iterators/iterator.primitives/iterator.traits/iterator.pass.cpp	PASS	PASS	SAME
std/iterators/iterator.primitives/iterator.traits/pointer.pass.cpp	PASS	PASS	SAME
std/iterators/iterator.primitives/iterator.traits/volatile_pointer.pass.cpp	PASS	PASS	SAME
std/iterators/iterator.primitives/range.iter.ops/range.iter.ops.advance/constraints.verify.cpp	PASS	PASS	SAME
std/iterators/iterator.primitives/range.iter.ops/range.iter.ops.advance/iterator_count.pass.cpp	PASS	PASS	SAME
std/iterators/iterator.primitives/range.iter.ops/range.iter.ops.advance/iterator_count_sentinel.pass.cpp	PASS	PASS	SAME
std/iterators/iterator.primitives/range.iter.ops/range.iter.ops.advance/iterator_sentinel.pass.cpp	PASS	PASS	SAME
std/iterators/iterator.primitives/range.iter.ops/range.iter.ops.distance/iterator_sentinel.pass.cpp	PASS	PASS	SAME
std/iterators/iterator.primitives/range.iter.ops/range.iter.ops.distance/lwg3664.pass.cpp	PASS	PASS	SAME
std/iterators/iterator.primitives/range.iter.ops/range.iter.ops.distance/range.pass.cpp	PASS	PASS	SAME
std/iterators/iterator.primitives/range.iter.ops/range.iter.ops.next/constraints.compile.pass.cpp	PASS	PASS	SAME
std/iterators/iterator.primitives/range.iter.ops/range.iter.ops.next/iterator.pass.cpp	PASS	PASS	SAME
std/iterators/iterator.primitives/range.iter.ops/range.iter.ops.next/iterator_count.pass.cpp	PASS	PASS	SAME
std/iterators/iterator.primitives/range.iter.ops/range.iter.ops.next/iterator_count_sentinel.pass.cpp	PASS	PASS	SAME
std/iterators/iterator.primitives/range.iter.ops/range.iter.ops.next/iterator_sentinel.pass.cpp	PASS	PASS	SAME
std/iterators/iterator.primitives/range.iter.ops/range.iter.ops.prev/constraints.compile.pass.cpp	PASS	PASS	SAME
std/iterators/iterator.primitives/range.iter.ops/range.iter.ops.prev/iterator.pass.cpp	PASS	PASS	SAME
std/iterators/iterator.primitives/range.iter.ops/range.iter.ops.prev/iterator_count.pass.cpp	PASS	PASS	SAME
std/iterators/iterator.primitives/range.iter.ops/range.iter.ops.prev/iterator_count_sentinel.pass.cpp	PASS	PASS	SAME
std/iterators/iterator.primitives/std.iterator.tags/bidirectional_iterator_tag.pass.cpp	PASS	PASS	SAME
std/iterators/iterator.primitives/std.iterator.tags/contiguous_iterator_tag.pass.cpp	PASS	PASS	SAME
std/iterators/iterator.primitives/std.iterator.tags/forward_iterator_tag.pass.cpp	PASS	PASS	SAME
std/iterators/iterator.primitives/std.iterator.tags/input_iterator_tag.pass.cpp	PASS	PASS	SAME
std/iterators/iterator.primitives/std.iterator.tags/output_iterator_tag.pass.cpp	PASS	PASS	SAME
std/iterators/iterator.primitives/std.iterator.tags/random_access_iterator_tag.pass.cpp	PASS	PASS	SAME
std/iterators/iterator.range/begin-end.adl.pass.cpp	PASS	PASS	SAME
std/iterators/iterator.range/begin-end.array.pass.cpp	PASS	PASS	SAME
std/iterators/iterator.range/begin-end.container.pass.cpp	PASS	PASS	SAME
std/iterators/iterator.range/begin-end.initializer_list.pass.cpp	PASS	PASS	SAME
std/iterators/iterator.range/mandatory_inclusions.gen.py/array.pass.cpp	PASS	PASS	SAME
std/iterators/iterator.range/mandatory_inclusions.gen.py/deque.pass.cpp	PASS	PASS	SAME
std/iterators/iterator.range/mandatory_inclusions.gen.py/flat_map.pass.cpp	PASS	PASS	SAME
std/iterators/iterator.range/mandatory_inclusions.gen.py/flat_set.pass.cpp	PASS	PASS	SAME
std/iterators/iterator.range/mandatory_inclusions.gen.py/forward_list.pass.cpp	PASS	PASS	SAME
std/iterators/iterator.range/mandatory_inclusions.gen.py/list.pass.cpp	PASS	PASS	SAME
std/iterators/iterator.range/mandatory_inclusions.gen.py/map.pass.cpp	PASS	PASS	SAME
std/iterators/iterator.range/mandatory_inclusions.gen.py/regex.pass.cpp	PASS	PASS	SAME
std/iterators/iterator.range/mandatory_inclusions.gen.py/set.pass.cpp	PASS	PASS	SAME
std/iterators/iterator.range/mandatory_inclusions.gen.py/span.pass.cpp	PASS	PASS	SAME
std/iterators/iterator.range/mandatory_inclusions.gen.py/string.pass.cpp	PASS	PASS	SAME
std/iterators/iterator.range/mandatory_inclusions.gen.py/string_view.pass.cpp	PASS	PASS	SAME
std/iterators/iterator.range/mandatory_inclusions.gen.py/unordered_map.pass.cpp	PASS	PASS	SAME
std/iterators/iterator.range/mandatory_inclusions.gen.py/unordered_set.pass.cpp	PASS	PASS	SAME
std/iterators/iterator.range/mandatory_inclusions.gen.py/vector.pass.cpp	PASS	PASS	SAME
std/iterators/iterator.requirements/alg.req.ind.copy/indirectly_copyable.compile.pass.cpp	PASS	PASS	SAME
std/iterators/iterator.requirements/alg.req.ind.copy/indirectly_copyable.subsumption.compile.pass.cpp	PASS	PASS	SAME
std/iterators/iterator.requirements/alg.req.ind.copy/indirectly_copyable_storable.compile.pass.cpp	PASS	PASS	SAME
std/iterators/iterator.requirements/alg.req.ind.copy/indirectly_copyable_storable.subsumption.compile.pass.cpp	PASS	PASS	SAME
std/iterators/iterator.requirements/alg.req.ind.move/indirectly_movable.compile.pass.cpp	PASS	PASS	SAME
std/iterators/iterator.requirements/alg.req.ind.move/indirectly_movable.subsumption.compile.pass.cpp	PASS	PASS	SAME
std/iterators/iterator.requirements/alg.req.ind.move/indirectly_movable_storable.compile.pass.cpp	PASS	PASS	SAME
std/iterators/iterator.requirements/alg.req.ind.move/indirectly_movable_storable.subsumption.compile.pass.cpp	PASS	PASS	SAME
std/iterators/iterator.requirements/alg.req.ind.swap/indirectly_swappable.compile.pass.cpp	PASS	PASS	SAME
std/iterators/iterator.requirements/alg.req.ind.swap/indirectly_swappable.subsumption.compile.pass.cpp	PASS	PASS	SAME
std/iterators/iterator.requirements/alg.req.mergeable/mergeable.compile.pass.cpp	PASS	PASS	SAME
std/iterators/iterator.requirements/alg.req.mergeable/mergeable.subsumption.compile.pass.cpp	PASS	PASS	SAME
std/iterators/iterator.requirements/alg.req.permutable/permutable.compile.pass.cpp	PASS	PASS	SAME
std/iterators/iterator.requirements/alg.req.permutable/permutable.subsumption.compile.pass.cpp	PASS	PASS	SAME
std/iterators/iterator.requirements/alg.req.sortable/sortable.compile.pass.cpp	PASS	PASS	SAME
std/iterators/iterator.requirements/alg.req.sortable/sortable.subsumption.compile.pass.cpp	PASS	PASS	SAME
std/iterators/iterator.requirements/bidirectional.iterators/nothing_to_do.pass.cpp	PASS	PASS	SAME
std/iterators/iterator.requirements/forward.iterators/nothing_to_do.pass.cpp	PASS	PASS	SAME
std/iterators/iterator.requirements/indirectcallable.traits/indirect.value.t.pass.cpp	PASS	PASS	SAME
std/iterators/iterator.requirements/indirectcallable/indirectinvocable/indirect_binary_predicate.compile.pass.cpp	PASS	PASS	SAME
std/iterators/iterator.requirements/indirectcallable/indirectinvocable/indirect_equivalence_relation.compile.pass.cpp	PASS	PASS	SAME
std/iterators/iterator.requirements/indirectcallable/indirectinvocable/indirect_result_t.compile.pass.cpp	PASS	PASS	SAME
std/iterators/iterator.requirements/indirectcallable/indirectinvocable/indirect_strict_weak_order.compile.pass.cpp	PASS	PASS	SAME
std/iterators/iterator.requirements/indirectcallable/indirectinvocable/indirect_unary_predicate.compile.pass.cpp	PASS	PASS	SAME
std/iterators/iterator.requirements/indirectcallable/indirectinvocable/indirectly_comparable.compile.pass.cpp	PASS	PASS	SAME
std/iterators/iterator.requirements/indirectcallable/indirectinvocable/indirectly_regular_unary_invocable.compile.pass.cpp	PASS	PASS	SAME
std/iterators/iterator.requirements/indirectcallable/indirectinvocable/indirectly_unary_invocable.compile.pass.cpp	PASS	PASS	SAME
std/iterators/iterator.requirements/indirectcallable/projected/projected.compile.pass.cpp	PASS	PASS	SAME
std/iterators/iterator.requirements/input.iterators/nothing_to_do.pass.cpp	PASS	PASS	SAME
std/iterators/iterator.requirements/iterator.assoc.types/incrementable.traits/incrementable_traits.compile.pass.cpp	PASS	PASS	SAME
std/iterators/iterator.requirements/iterator.assoc.types/incrementable.traits/iter_difference_t.compile.pass.cpp	PASS	PASS	SAME
std/iterators/iterator.requirements/iterator.assoc.types/readable.traits/indirectly_readable_traits.compile.pass.cpp	PASS	PASS	SAME
std/iterators/iterator.requirements/iterator.assoc.types/readable.traits/iter_value_t.compile.pass.cpp	PASS	PASS	SAME
std/iterators/iterator.requirements/iterator.concepts/iterator.concept.bidir/bidirectional_iterator.compile.pass.cpp	PASS	PASS	SAME
std/iterators/iterator.requirements/iterator.concepts/iterator.concept.bidir/subsumption.compile.pass.cpp	PASS	PASS	SAME
std/iterators/iterator.requirements/iterator.concepts/iterator.concept.forward/forward_iterator.compile.pass.cpp	PASS	PASS	SAME
std/iterators/iterator.requirements/iterator.concepts/iterator.concept.forward/subsumption.compile.pass.cpp	PASS	PASS	SAME
std/iterators/iterator.requirements/iterator.concepts/iterator.concept.inc/incrementable.compile.pass.cpp	PASS	PASS	SAME
std/iterators/iterator.requirements/iterator.concepts/iterator.concept.inc/subsumption.compile.pass.cpp	PASS	PASS	SAME
std/iterators/iterator.requirements/iterator.concepts/iterator.concept.input/input_iterator.compile.pass.cpp	PASS	PASS	SAME
std/iterators/iterator.requirements/iterator.concepts/iterator.concept.input/subsumption.compile.pass.cpp	PASS	PASS	SAME
std/iterators/iterator.requirements/iterator.concepts/iterator.concept.iterator/input_or_output_iterator.compile.pass.cpp	PASS	PASS	SAME
std/iterators/iterator.requirements/iterator.concepts/iterator.concept.iterator/subsumption.compile.pass.cpp	PASS	PASS	SAME
std/iterators/iterator.requirements/iterator.concepts/iterator.concept.output/output_iterator.compile.pass.cpp	PASS	PASS	SAME
std/iterators/iterator.requirements/iterator.concepts/iterator.concept.random.access/contiguous_iterator.compile.pass.cpp	PASS	PASS	SAME
std/iterators/iterator.requirements/iterator.concepts/iterator.concept.random.access/random_access_iterator.compile.pass.cpp	PASS	PASS	SAME
std/iterators/iterator.requirements/iterator.concepts/iterator.concept.readable/indirectly_readable.compile.pass.cpp	PASS	PASS	SAME
std/iterators/iterator.requirements/iterator.concepts/iterator.concept.readable/iter_common_reference_t.compile.pass.cpp	PASS	PASS	SAME
std/iterators/iterator.requirements/iterator.concepts/iterator.concept.sentinel/sentinel_for.compile.pass.cpp	PASS	PASS	SAME
std/iterators/iterator.requirements/iterator.concepts/iterator.concept.sentinel/sentinel_for.subsumption.compile.pass.cpp	PASS	PASS	SAME
std/iterators/iterator.requirements/iterator.concepts/iterator.concept.sentinel/sized_sentinel_for.compile.pass.cpp	PASS	PASS	SAME
std/iterators/iterator.requirements/iterator.concepts/iterator.concept.winc/weakly_incrementable.compile.pass.cpp	PASS	PASS	SAME
std/iterators/iterator.requirements/iterator.concepts/iterator.concept.writable/indirectly_writable.compile.pass.cpp	PASS	PASS	SAME
std/iterators/iterator.requirements/iterator.cust/iterator.cust.move/iter_move.nodiscard.verify.cpp	PASS	PASS	SAME
std/iterators/iterator.requirements/iterator.cust/iterator.cust.move/iter_move.pass.cpp	PASS	PASS	SAME
std/iterators/iterator.requirements/iterator.cust/iterator.cust.move/iter_rvalue_reference_t.compile.pass.cpp	PASS	PASS	SAME
std/iterators/iterator.requirements/iterator.cust/iterator.cust.swap/iter_swap.pass.cpp	PASS	PASS	SAME
std/iterators/iterator.requirements/iterator.iterators/nothing_to_do.pass.cpp	PASS	PASS	SAME
std/iterators/iterator.requirements/iterator.requirements.general/nothing_to_do.pass.cpp	PASS	PASS	SAME
std/iterators/iterator.requirements/output.iterators/nothing_to_do.pass.cpp	PASS	PASS	SAME
std/iterators/iterator.requirements/random.access.iterators/nothing_to_do.pass.cpp	PASS	PASS	SAME
std/iterators/iterator.synopsis/nothing_to_do.pass.cpp	PASS	PASS	SAME
std/iterators/iterators.general/gcc_workaround.pass.cpp	PASS	PASS	SAME
std/iterators/predef.iterators/counted.iterator/arrow.pass.cpp	PASS	PASS	SAME
std/iterators/predef.iterators/counted.iterator/assign.pass.cpp	PASS	PASS	SAME
std/iterators/predef.iterators/counted.iterator/base.pass.cpp	PASS	PASS	SAME
std/iterators/predef.iterators/counted.iterator/compare.pass.cpp	PASS	PASS	SAME
std/iterators/predef.iterators/counted.iterator/count.pass.cpp	PASS	PASS	SAME
std/iterators/predef.iterators/counted.iterator/ctor.conv.pass.cpp	PASS	PASS	SAME
std/iterators/predef.iterators/counted.iterator/ctor.default.pass.cpp	PASS	PASS	SAME
std/iterators/predef.iterators/counted.iterator/ctor.iter.pass.cpp	PASS	PASS	SAME
std/iterators/predef.iterators/counted.iterator/decrement.pass.cpp	PASS	PASS	SAME
std/iterators/predef.iterators/counted.iterator/deref.pass.cpp	PASS	PASS	SAME
std/iterators/predef.iterators/counted.iterator/implicit_ctad.pass.cpp	PASS	PASS	SAME
std/iterators/predef.iterators/counted.iterator/increment.pass.cpp	PASS	PASS	SAME
std/iterators/predef.iterators/counted.iterator/iter_move.pass.cpp	PASS	PASS	SAME
std/iterators/predef.iterators/counted.iterator/iter_swap.pass.cpp	PASS	PASS	SAME
std/iterators/predef.iterators/counted.iterator/iterator_concept_conformance.compile.pass.cpp	PASS	PASS	SAME
std/iterators/predef.iterators/counted.iterator/iterator_traits.compile.pass.cpp	PASS	PASS	SAME
std/iterators/predef.iterators/counted.iterator/member_types.compile.pass.cpp	PASS	PASS	SAME
std/iterators/predef.iterators/counted.iterator/minus.default_sentinel.pass.cpp	PASS	PASS	SAME
std/iterators/predef.iterators/counted.iterator/minus.eq.pass.cpp	PASS	PASS	SAME
std/iterators/predef.iterators/counted.iterator/minus.iter.pass.cpp	PASS	PASS	SAME
std/iterators/predef.iterators/counted.iterator/minus.size.pass.cpp	PASS	PASS	SAME
std/iterators/predef.iterators/counted.iterator/plus.pass.cpp	PASS	PASS	SAME
std/iterators/predef.iterators/counted.iterator/subscript.pass.cpp	PASS	PASS	SAME
std/iterators/predef.iterators/counted.iterator/three_way_compare.pass.cpp	PASS	PASS	SAME
std/iterators/predef.iterators/default.sentinel/default.sentinel.pass.cpp	PASS	PASS	SAME
std/iterators/predef.iterators/insert.iterators/back.insert.iter.ops/back.insert.iter.cons/container.compile.fail.cpp	PASS	PASS	SAME
std/iterators/predef.iterators/insert.iterators/back.insert.iter.ops/back.insert.iter.cons/container.pass.cpp	PASS	PASS	SAME
std/iterators/predef.iterators/insert.iterators/back.insert.iter.ops/back.insert.iter.op++/post.pass.cpp	PASS	PASS	SAME
std/iterators/predef.iterators/insert.iterators/back.insert.iter.ops/back.insert.iter.op++/pre.pass.cpp	PASS	PASS	SAME
std/iterators/predef.iterators/insert.iterators/back.insert.iter.ops/back.insert.iter.op=/lv_value.pass.cpp	PASS	PASS	SAME
std/iterators/predef.iterators/insert.iterators/back.insert.iter.ops/back.insert.iter.op=/rv_value.pass.cpp	PASS	PASS	SAME
std/iterators/predef.iterators/insert.iterators/back.insert.iter.ops/back.insert.iter.op_astrk/test.pass.cpp	PASS	PASS	SAME
std/iterators/predef.iterators/insert.iterators/back.insert.iter.ops/back.inserter/test.pass.cpp	PASS	PASS	SAME
std/iterators/predef.iterators/insert.iterators/back.insert.iterator/implicit_ctad.pass.cpp	PASS	PASS	SAME
std/iterators/predef.iterators/insert.iterators/back.insert.iterator/iterator_concept_conformance.compile.pass.cpp	PASS	PASS	SAME
std/iterators/predef.iterators/insert.iterators/back.insert.iterator/types.pass.cpp	PASS	PASS	SAME
std/iterators/predef.iterators/insert.iterators/front.insert.iter.ops/front.insert.iter.cons/container.compile.fail.cpp	PASS	PASS	SAME
std/iterators/predef.iterators/insert.iterators/front.insert.iter.ops/front.insert.iter.cons/container.pass.cpp	PASS	PASS	SAME
std/iterators/predef.iterators/insert.iterators/front.insert.iter.ops/front.insert.iter.op++/post.pass.cpp	PASS	PASS	SAME
std/iterators/predef.iterators/insert.iterators/front.insert.iter.ops/front.insert.iter.op++/pre.pass.cpp	PASS	PASS	SAME
std/iterators/predef.iterators/insert.iterators/front.insert.iter.ops/front.insert.iter.op=/lv_value.pass.cpp	PASS	PASS	SAME
std/iterators/predef.iterators/insert.iterators/front.insert.iter.ops/front.insert.iter.op=/rv_value.pass.cpp	PASS	PASS	SAME
std/iterators/predef.iterators/insert.iterators/front.insert.iter.ops/front.insert.iter.op_astrk/test.pass.cpp	PASS	PASS	SAME
std/iterators/predef.iterators/insert.iterators/front.insert.iter.ops/front.inserter/test.pass.cpp	PASS	PASS	SAME
std/iterators/predef.iterators/insert.iterators/front.insert.iterator/implicit_ctad.pass.cpp	PASS	PASS	SAME
std/iterators/predef.iterators/insert.iterators/front.insert.iterator/iterator_concept_conformance.compile.pass.cpp	PASS	PASS	SAME
std/iterators/predef.iterators/insert.iterators/front.insert.iterator/types.pass.cpp	PASS	PASS	SAME
std/iterators/predef.iterators/insert.iterators/insert.iter.ops/insert.iter.cons/test.pass.cpp	PASS	PASS	SAME
std/iterators/predef.iterators/insert.iterators/insert.iter.ops/insert.iter.op++/post.pass.cpp	PASS	PASS	SAME
std/iterators/predef.iterators/insert.iterators/insert.iter.ops/insert.iter.op++/pre.pass.cpp	PASS	PASS	SAME
std/iterators/predef.iterators/insert.iterators/insert.iter.ops/insert.iter.op=/lv_value.pass.cpp	PASS	PASS	SAME
std/iterators/predef.iterators/insert.iterators/insert.iter.ops/insert.iter.op=/rv_value.pass.cpp	PASS	PASS	SAME
std/iterators/predef.iterators/insert.iterators/insert.iter.ops/insert.iter.op_astrk/test.pass.cpp	PASS	PASS	SAME
std/iterators/predef.iterators/insert.iterators/insert.iter.ops/inserter/test.pass.cpp	PASS	PASS	SAME
std/iterators/predef.iterators/insert.iterators/insert.iterator/cxx20_iter_member.pass.cpp	PASS	PASS	SAME
std/iterators/predef.iterators/insert.iterators/insert.iterator/iterator_concept_conformance.compile.pass.cpp	PASS	PASS	SAME
std/iterators/predef.iterators/insert.iterators/insert.iterator/types.pass.cpp	PASS	PASS	SAME
std/iterators/predef.iterators/iterators.common/arrow.pass.cpp	PASS	PASS	SAME
std/iterators/predef.iterators/iterators.common/assign.pass.cpp	PASS	PASS	SAME
std/iterators/predef.iterators/iterators.common/constraints.compile.pass.cpp	PASS	PASS	SAME
std/iterators/predef.iterators/iterators.common/ctor.converting.pass.cpp	PASS	PASS	SAME
std/iterators/predef.iterators/iterators.common/ctor.default.pass.cpp	PASS	PASS	SAME
std/iterators/predef.iterators/iterators.common/ctor.iter.pass.cpp	PASS	PASS	SAME
std/iterators/predef.iterators/iterators.common/ctor.sentinel.pass.cpp	PASS	PASS	SAME
std/iterators/predef.iterators/iterators.common/deref.pass.cpp	PASS	PASS	SAME
std/iterators/predef.iterators/iterators.common/eq.pass.cpp	PASS	PASS	SAME
std/iterators/predef.iterators/iterators.common/iter_move.pass.cpp	PASS	PASS	SAME
std/iterators/predef.iterators/iterators.common/iter_swap.pass.cpp	PASS	PASS	SAME
std/iterators/predef.iterators/iterators.common/iterator_traits.compile.pass.cpp	PASS	PASS	SAME
std/iterators/predef.iterators/iterators.common/minus.pass.cpp	PASS	PASS	SAME
std/iterators/predef.iterators/iterators.common/plus_plus.pass.cpp	PASS	PASS	SAME
std/iterators/predef.iterators/move.iterators/move.iter.ops/move.iter.nonmember/iter_move.pass.cpp	PASS	PASS	SAME
std/iterators/predef.iterators/move.iterators/move.iter.ops/move.iter.nonmember/iter_swap.pass.cpp	PASS	PASS	SAME
std/iterators/predef.iterators/move.iterators/move.iter.ops/move.iter.nonmember/make_move_iterator.pass.cpp	PASS	PASS	SAME
std/iterators/predef.iterators/move.iterators/move.iter.ops/move.iter.nonmember/minus.pass.cpp	PASS	PASS	SAME
std/iterators/predef.iterators/move.iterators/move.iter.ops/move.iter.nonmember/plus.pass.cpp	PASS	PASS	SAME
std/iterators/predef.iterators/move.iterators/move.iter.ops/move.iter.op.+/difference_type.pass.cpp	PASS	PASS	SAME
std/iterators/predef.iterators/move.iterators/move.iter.ops/move.iter.op.+=/difference_type.pass.cpp	PASS	PASS	SAME
std/iterators/predef.iterators/move.iterators/move.iter.ops/move.iter.op.-/difference_type.pass.cpp	PASS	PASS	SAME
std/iterators/predef.iterators/move.iterators/move.iter.ops/move.iter.op.-/sentinel.pass.cpp	PASS	PASS	SAME
std/iterators/predef.iterators/move.iterators/move.iter.ops/move.iter.op.-=/difference_type.pass.cpp	PASS	PASS	SAME
std/iterators/predef.iterators/move.iterators/move.iter.ops/move.iter.op.comp/op_eq.pass.cpp	PASS	PASS	SAME
std/iterators/predef.iterators/move.iterators/move.iter.ops/move.iter.op.comp/op_gt.pass.cpp	PASS	PASS	SAME
std/iterators/predef.iterators/move.iterators/move.iter.ops/move.iter.op.comp/op_gte.pass.cpp	PASS	PASS	SAME
std/iterators/predef.iterators/move.iterators/move.iter.ops/move.iter.op.comp/op_lt.pass.cpp	PASS	PASS	SAME
std/iterators/predef.iterators/move.iterators/move.iter.ops/move.iter.op.comp/op_lte.pass.cpp	PASS	PASS	SAME
std/iterators/predef.iterators/move.iterators/move.iter.ops/move.iter.op.comp/op_neq.pass.cpp	PASS	PASS	SAME
std/iterators/predef.iterators/move.iterators/move.iter.ops/move.iter.op.comp/op_spaceship.pass.cpp	PASS	PASS	SAME
std/iterators/predef.iterators/move.iterators/move.iter.ops/move.iter.op.const/convert.pass.cpp	PASS	PASS	SAME
std/iterators/predef.iterators/move.iterators/move.iter.ops/move.iter.op.const/ctor.convert.LWG3435.verify.cpp	PASS	PASS	SAME
std/iterators/predef.iterators/move.iterators/move.iter.ops/move.iter.op.const/ctor.iter.explicit.verify.cpp	PASS	PASS	SAME
std/iterators/predef.iterators/move.iterators/move.iter.ops/move.iter.op.const/default.pass.cpp	PASS	PASS	SAME
std/iterators/predef.iterators/move.iterators/move.iter.ops/move.iter.op.const/iter.pass.cpp	PASS	PASS	SAME
std/iterators/predef.iterators/move.iterators/move.iter.ops/move.iter.op.conv/base.pass.cpp	PASS	PASS	SAME
std/iterators/predef.iterators/move.iterators/move.iter.ops/move.iter.op.decr/post.pass.cpp	PASS	PASS	SAME
std/iterators/predef.iterators/move.iterators/move.iter.ops/move.iter.op.decr/pre.pass.cpp	PASS	PASS	SAME
std/iterators/predef.iterators/move.iterators/move.iter.ops/move.iter.op.incr/post.pass.cpp	PASS	PASS	SAME
std/iterators/predef.iterators/move.iterators/move.iter.ops/move.iter.op.incr/pre.pass.cpp	PASS	PASS	SAME
std/iterators/predef.iterators/move.iterators/move.iter.ops/move.iter.op.index/difference_type.pass.cpp	PASS	PASS	SAME
std/iterators/predef.iterators/move.iterators/move.iter.ops/move.iter.op.ref/deprecated.verify.cpp	PASS	PASS	SAME
std/iterators/predef.iterators/move.iterators/move.iter.ops/move.iter.op.ref/op_arrow.pass.cpp	PASS	PASS	SAME
std/iterators/predef.iterators/move.iterators/move.iter.ops/move.iter.op.star/op_star.pass.cpp	PASS	PASS	SAME
std/iterators/predef.iterators/move.iterators/move.iter.ops/move.iter.op=/assign.LWG3435.verify.cpp	PASS	PASS	SAME
std/iterators/predef.iterators/move.iterators/move.iter.ops/move.iter.op=/move_iterator.pass.cpp	PASS	PASS	SAME
std/iterators/predef.iterators/move.iterators/move.iter.requirements/nothing_to_do.pass.cpp	PASS	PASS	SAME
std/iterators/predef.iterators/move.iterators/move.iterator/implicit_ctad.pass.cpp	PASS	PASS	SAME
std/iterators/predef.iterators/move.iterators/move.iterator/iterator_concept_conformance.compile.pass.cpp	PASS	PASS	SAME
std/iterators/predef.iterators/move.iterators/move.iterator/types.pass.cpp	PASS	PASS	SAME
std/iterators/predef.iterators/move.iterators/move.sentinel/assign.converting.pass.cpp	PASS	PASS	SAME
std/iterators/predef.iterators/move.iterators/move.sentinel/base.pass.cpp	PASS	PASS	SAME
std/iterators/predef.iterators/move.iterators/move.sentinel/concept_conformance.compile.pass.cpp	PASS	PASS	SAME
std/iterators/predef.iterators/move.iterators/move.sentinel/constraints.compile.pass.cpp	PASS	PASS	SAME
std/iterators/predef.iterators/move.iterators/move.sentinel/ctad.compile.pass.cpp	PASS	PASS	SAME
std/iterators/predef.iterators/move.iterators/move.sentinel/ctor.converting.pass.cpp	PASS	PASS	SAME
std/iterators/predef.iterators/move.iterators/move.sentinel/ctor.default.pass.cpp	PASS	PASS	SAME
std/iterators/predef.iterators/move.iterators/move.sentinel/ctor.sentinel.pass.cpp	PASS	PASS	SAME
std/iterators/predef.iterators/move.iterators/move.sentinel/op_eq.pass.cpp	PASS	PASS	SAME
std/iterators/predef.iterators/move.iterators/sized_sentinel.compile.pass.cpp	PASS	PASS	SAME
std/iterators/predef.iterators/reverse.iterators/iterator_concept_conformance.compile.pass.cpp	PASS	PASS	SAME
std/iterators/predef.iterators/reverse.iterators/reverse.iter.cmp/equal.pass.cpp	PASS	PASS	SAME
std/iterators/predef.iterators/reverse.iterators/reverse.iter.cmp/greater-equal.pass.cpp	PASS	PASS	SAME
std/iterators/predef.iterators/reverse.iterators/reverse.iter.cmp/greater.pass.cpp	PASS	PASS	SAME
std/iterators/predef.iterators/reverse.iterators/reverse.iter.cmp/less-equal.pass.cpp	PASS	PASS	SAME
std/iterators/predef.iterators/reverse.iterators/reverse.iter.cmp/less.pass.cpp	PASS	PASS	SAME
std/iterators/predef.iterators/reverse.iterators/reverse.iter.cmp/not-equal.pass.cpp	PASS	PASS	SAME
std/iterators/predef.iterators/reverse.iterators/reverse.iter.cmp/sfinae.compile.pass.cpp	PASS	PASS	SAME
std/iterators/predef.iterators/reverse.iterators/reverse.iter.cmp/three-way.pass.cpp	PASS	PASS	SAME
std/iterators/predef.iterators/reverse.iterators/reverse.iter.cons/assign.LWG3435.verify.cpp	PASS	PASS	SAME
std/iterators/predef.iterators/reverse.iterators/reverse.iter.cons/assign.pass.cpp	PASS	PASS	SAME
std/iterators/predef.iterators/reverse.iterators/reverse.iter.cons/ctor.default.pass.cpp	PASS	PASS	SAME
std/iterators/predef.iterators/reverse.iterators/reverse.iter.cons/ctor.iter.explicit.verify.cpp	PASS	PASS	SAME
std/iterators/predef.iterators/reverse.iterators/reverse.iter.cons/ctor.iter.pass.cpp	PASS	PASS	SAME
std/iterators/predef.iterators/reverse.iterators/reverse.iter.cons/ctor.reverse_iterator.LWG3435.verify.cpp	PASS	PASS	SAME
std/iterators/predef.iterators/reverse.iterators/reverse.iter.cons/ctor.reverse_iterator.pass.cpp	PASS	PASS	SAME
std/iterators/predef.iterators/reverse.iterators/reverse.iter.conv/base.pass.cpp	PASS	PASS	SAME
std/iterators/predef.iterators/reverse.iterators/reverse.iter.elem/arrow.pass.cpp	PASS	PASS	SAME
std/iterators/predef.iterators/reverse.iterators/reverse.iter.elem/arrow.sfinae.compile.pass.cpp	PASS	PASS	SAME
std/iterators/predef.iterators/reverse.iterators/reverse.iter.elem/bracket.pass.cpp	PASS	PASS	SAME
std/iterators/predef.iterators/reverse.iterators/reverse.iter.elem/dereference.pass.cpp	PASS	PASS	SAME
std/iterators/predef.iterators/reverse.iterators/reverse.iter.nav/decrement-assign.pass.cpp	PASS	PASS	SAME
std/iterators/predef.iterators/reverse.iterators/reverse.iter.nav/increment-assign.pass.cpp	PASS	PASS	SAME
std/iterators/predef.iterators/reverse.iterators/reverse.iter.nav/minus.pass.cpp	PASS	PASS	SAME
std/iterators/predef.iterators/reverse.iterators/reverse.iter.nav/plus.pass.cpp	PASS	PASS	SAME
std/iterators/predef.iterators/reverse.iterators/reverse.iter.nav/postdecrement.pass.cpp	PASS	PASS	SAME
std/iterators/predef.iterators/reverse.iterators/reverse.iter.nav/postincrement.pass.cpp	PASS	PASS	SAME
std/iterators/predef.iterators/reverse.iterators/reverse.iter.nav/predecrement.pass.cpp	PASS	PASS	SAME
std/iterators/predef.iterators/reverse.iterators/reverse.iter.nav/preincrement.pass.cpp	PASS	PASS	SAME
std/iterators/predef.iterators/reverse.iterators/reverse.iter.nonmember/iter_move.pass.cpp	PASS	PASS	SAME
std/iterators/predef.iterators/reverse.iterators/reverse.iter.nonmember/iter_swap.pass.cpp	PASS	PASS	SAME
std/iterators/predef.iterators/reverse.iterators/reverse.iter.nonmember/make_reverse_iterator.pass.cpp	PASS	PASS	SAME
std/iterators/predef.iterators/reverse.iterators/reverse.iter.nonmember/minus.pass.cpp	PASS	PASS	SAME
std/iterators/predef.iterators/reverse.iterators/reverse.iter.nonmember/plus.pass.cpp	PASS	PASS	SAME
std/iterators/predef.iterators/reverse.iterators/sized_sentinel.compile.pass.cpp	PASS	PASS	SAME
std/iterators/predef.iterators/reverse.iterators/types.compile.pass.cpp	PASS	PASS	SAME
std/iterators/predef.iterators/unreachable.sentinel/unreachable_sentinel.pass.cpp	PASS	PASS	SAME
std/iterators/stream.iterators/istream.iterator/istream.iterator.cons/copy.pass.cpp	PASS	PASS	SAME
std/iterators/stream.iterators/istream.iterator/istream.iterator.cons/default.compile.fail.cpp	PASS	PASS	SAME
std/iterators/stream.iterators/istream.iterator/istream.iterator.cons/default.pass.cpp	PASS	PASS	SAME
std/iterators/stream.iterators/istream.iterator/istream.iterator.cons/default_sentinel_t.pass.cpp	PASS	PASS	SAME
std/iterators/stream.iterators/istream.iterator/istream.iterator.cons/istream.pass.cpp	PASS	PASS	SAME
std/iterators/stream.iterators/istream.iterator/istream.iterator.ops/arrow.pass.cpp	PASS	PASS	SAME
std/iterators/stream.iterators/istream.iterator/istream.iterator.ops/dereference.pass.cpp	PASS	PASS	SAME
std/iterators/stream.iterators/istream.iterator/istream.iterator.ops/equal.pass.cpp	PASS	PASS	SAME
std/iterators/stream.iterators/istream.iterator/istream.iterator.ops/post_increment.pass.cpp	PASS	PASS	SAME
std/iterators/stream.iterators/istream.iterator/istream.iterator.ops/pre_increment.pass.cpp	PASS	PASS	SAME
std/iterators/stream.iterators/istream.iterator/iterator_concept_conformance.compile.pass.cpp	PASS	PASS	SAME
std/iterators/stream.iterators/istream.iterator/types.pass.cpp	PASS	PASS	SAME
std/iterators/stream.iterators/istreambuf.iterator/istreambuf.iterator.cons/default.pass.cpp	PASS	PASS	SAME
std/iterators/stream.iterators/istreambuf.iterator/istreambuf.iterator.cons/default_sentinel_t.pass.cpp	PASS	PASS	SAME
std/iterators/stream.iterators/istreambuf.iterator/istreambuf.iterator.cons/istream.pass.cpp	PASS	PASS	SAME
std/iterators/stream.iterators/istreambuf.iterator/istreambuf.iterator.cons/proxy.pass.cpp	PASS	PASS	SAME
std/iterators/stream.iterators/istreambuf.iterator/istreambuf.iterator.cons/streambuf.pass.cpp	PASS	PASS	SAME
std/iterators/stream.iterators/istreambuf.iterator/istreambuf.iterator_equal/equal.pass.cpp	PASS	PASS	SAME
std/iterators/stream.iterators/istreambuf.iterator/istreambuf.iterator_op!=/not_equal.pass.cpp	PASS	PASS	SAME
std/iterators/stream.iterators/istreambuf.iterator/istreambuf.iterator_op++/dereference.pass.cpp	PASS	PASS	SAME
std/iterators/stream.iterators/istreambuf.iterator/istreambuf.iterator_op==/equal.pass.cpp	PASS	PASS	SAME
std/iterators/stream.iterators/istreambuf.iterator/istreambuf.iterator_op_astrk/post_increment.pass.cpp	PASS	PASS	SAME
std/iterators/stream.iterators/istreambuf.iterator/istreambuf.iterator_op_astrk/pre_increment.pass.cpp	PASS	PASS	SAME
std/iterators/stream.iterators/istreambuf.iterator/istreambuf.iterator_proxy/proxy.pass.cpp	PASS	PASS	SAME
std/iterators/stream.iterators/istreambuf.iterator/iterator_concept_conformance.compile.pass.cpp	PASS	PASS	SAME
std/iterators/stream.iterators/istreambuf.iterator/types.pass.cpp	PASS	PASS	SAME
std/iterators/stream.iterators/ostream.iterator/iterator_concept_conformance.compile.pass.cpp	PASS	PASS	SAME
std/iterators/stream.iterators/ostream.iterator/ostream.iterator.cons.des/copy.pass.cpp	PASS	PASS	SAME
std/iterators/stream.iterators/ostream.iterator/ostream.iterator.cons.des/ostream.pass.cpp	PASS	PASS	SAME
std/iterators/stream.iterators/ostream.iterator/ostream.iterator.cons.des/ostream_delim.pass.cpp	PASS	PASS	SAME
std/iterators/stream.iterators/ostream.iterator/ostream.iterator.ops/assign_t.pass.cpp	PASS	PASS	SAME
std/iterators/stream.iterators/ostream.iterator/ostream.iterator.ops/dereference.pass.cpp	PASS	PASS	SAME
std/iterators/stream.iterators/ostream.iterator/ostream.iterator.ops/increment.pass.cpp	PASS	PASS	SAME
std/iterators/stream.iterators/ostream.iterator/types.pass.cpp	PASS	PASS	SAME
std/iterators/stream.iterators/ostreambuf.iterator/iterator_concept_conformance.compile.pass.cpp	PASS	PASS	SAME
std/iterators/stream.iterators/ostreambuf.iterator/ostreambuf.iter.cons/ostream.pass.cpp	PASS	PASS	SAME
std/iterators/stream.iterators/ostreambuf.iterator/ostreambuf.iter.cons/streambuf.pass.cpp	PASS	PASS	SAME
std/iterators/stream.iterators/ostreambuf.iterator/ostreambuf.iter.ops/assign_c.pass.cpp	PASS	PASS	SAME
std/iterators/stream.iterators/ostreambuf.iterator/ostreambuf.iter.ops/deref.pass.cpp	PASS	PASS	SAME
std/iterators/stream.iterators/ostreambuf.iterator/ostreambuf.iter.ops/failed.pass.cpp	PASS	PASS	SAME
std/iterators/stream.iterators/ostreambuf.iterator/ostreambuf.iter.ops/increment.pass.cpp	PASS	PASS	SAME
std/iterators/stream.iterators/ostreambuf.iterator/types.pass.cpp	PASS	PASS	SAME
std/language.support/cmp/cmp.alg/compare_partial_order_fallback.pass.cpp	PASS	PASS	SAME
std/language.support/cmp/cmp.alg/compare_strong_order_fallback.pass.cpp	PASS	PASS	SAME
std/language.support/cmp/cmp.alg/compare_weak_order_fallback.pass.cpp	PASS	PASS	SAME
std/language.support/cmp/cmp.alg/partial_order.pass.cpp	PASS	PASS	SAME
std/language.support/cmp/cmp.alg/strong_order.pass.cpp	PASS	PASS	SAME
std/language.support/cmp/cmp.alg/strong_order_long_double.verify.cpp	PASS	PASS	SAME
std/language.support/cmp/cmp.alg/weak_order.pass.cpp	PASS	PASS	SAME
std/language.support/cmp/cmp.categories.pre/reject-other-than-literal-zero.verify.cpp	PASS	PASS	SAME
std/language.support/cmp/cmp.common/common_comparison_category.pass.cpp	PASS	PASS	SAME
std/language.support/cmp/cmp.concept/three_way_comparable.compile.pass.cpp	PASS	PASS	SAME
std/language.support/cmp/cmp.concept/three_way_comparable_with.compile.pass.cpp	PASS	PASS	SAME
std/language.support/cmp/cmp.partialord/partialord.pass.cpp	PASS	PASS	SAME
std/language.support/cmp/cmp.result/compare_three_way_result.compile.pass.cpp	PASS	PASS	SAME
std/language.support/cmp/cmp.strongord/strongord.pass.cpp	PASS	PASS	SAME
std/language.support/cmp/cmp.weakord/weakord.pass.cpp	PASS	PASS	SAME
std/language.support/cmp/compare.syn/named_functions.pass.cpp	PASS	PASS	SAME
std/language.support/cstdint/cstdint.syn/cstdint.pass.cpp	PASS	PASS	SAME
std/language.support/support.c.headers/support.c.headers.other/math.lerp.pass.cpp	PASS	PASS	SAME
std/language.support/support.coroutines/coroutine.handle/coroutine.handle.capacity/operator_bool.pass.cpp	PASS	PASS	SAME
std/language.support/support.coroutines/coroutine.handle/coroutine.handle.compare/equal_comp.pass.cpp	PASS	PASS	SAME
std/language.support/support.coroutines/coroutine.handle/coroutine.handle.compare/less_comp.pass.cpp	PASS	PASS	SAME
std/language.support/support.coroutines/coroutine.handle/coroutine.handle.completion/done.pass.cpp	PASS	PASS	SAME
std/language.support/support.coroutines/coroutine.handle/coroutine.handle.con/assign.pass.cpp	PASS	PASS	SAME
std/language.support/support.coroutines/coroutine.handle/coroutine.handle.con/construct.pass.cpp	PASS	PASS	SAME
std/language.support/support.coroutines/coroutine.handle/coroutine.handle.export/address.pass.cpp	PASS	PASS	SAME
std/language.support/support.coroutines/coroutine.handle/coroutine.handle.export/from_address.pass.cpp	PASS	PASS	SAME
std/language.support/support.coroutines/coroutine.handle/coroutine.handle.hash/hash.pass.cpp	PASS	PASS	SAME
std/language.support/support.coroutines/coroutine.handle/coroutine.handle.noop/noop_coroutine.pass.cpp	PASS	PASS	SAME
std/language.support/support.coroutines/coroutine.handle/coroutine.handle.prom/promise.pass.cpp	PASS	PASS	SAME
std/language.support/support.coroutines/coroutine.handle/coroutine.handle.resumption/destroy.pass.cpp	PASS	PASS	SAME
std/language.support/support.coroutines/coroutine.handle/coroutine.handle.resumption/resume.pass.cpp	PASS	PASS	SAME
std/language.support/support.coroutines/coroutine.handle/void_handle.pass.cpp	PASS	PASS	SAME
std/language.support/support.coroutines/coroutine.traits/promise_type.pass.cpp	PASS	PASS	SAME
std/language.support/support.coroutines/coroutine.trivial.awaitables/suspend_always.pass.cpp	PASS	PASS	SAME
std/language.support/support.coroutines/coroutine.trivial.awaitables/suspend_never.pass.cpp	PASS	PASS	SAME
std/language.support/support.coroutines/end.to.end/await_result.pass.cpp	PASS	PASS	SAME
std/language.support/support.coroutines/end.to.end/bool_await_suspend.pass.cpp	PASS	PASS	SAME
std/language.support/support.coroutines/end.to.end/expected.pass.cpp	PASS	PASS	SAME
std/language.support/support.coroutines/end.to.end/fullexpr-dtor.pass.cpp	PASS	PASS	SAME
std/language.support/support.coroutines/end.to.end/generator.pass.cpp	PASS	PASS	SAME
std/language.support/support.coroutines/end.to.end/go.pass.cpp	PASS	PASS	SAME
std/language.support/support.coroutines/end.to.end/multishot_func.pass.cpp	PASS	PASS	SAME
std/language.support/support.coroutines/end.to.end/oneshot_func.pass.cpp	PASS	PASS	SAME
std/language.support/support.dynamic/align_val_t.pass.cpp	PASS	PASS	SAME
std/language.support/support.dynamic/alloc.errors/bad.alloc/bad_alloc.pass.cpp	PASS	PASS	SAME
std/language.support/support.dynamic/alloc.errors/new.badlength/bad_array_new_length.pass.cpp	PASS	PASS	SAME
std/language.support/support.dynamic/alloc.errors/new.handler/new_handler.pass.cpp	PASS	PASS	SAME
std/language.support/support.dynamic/alloc.errors/set.new.handler/get_new_handler.pass.cpp	PASS	PASS	SAME
std/language.support/support.dynamic/alloc.errors/set.new.handler/set_new_handler.pass.cpp	PASS	PASS	SAME
std/language.support/support.dynamic/destroying_delete_t.pass.cpp	PASS	PASS	SAME
std/language.support/support.dynamic/destroying_delete_t_declaration.pass.cpp	PASS	PASS	SAME
std/language.support/support.dynamic/hardware_inference_size.compile.pass.cpp	PASS	PASS	SAME
std/language.support/support.dynamic/new.delete/new.delete.array/delete_align_val_t_replace.pass.cpp	PASS	PASS	SAME
std/language.support/support.dynamic/new.delete/new.delete.array/new.size.except.pass.cpp	PASS	PASS	SAME
std/language.support/support.dynamic/new.delete/new.delete.array/new.size.pass.cpp	PASS	PASS	SAME
std/language.support/support.dynamic/new.delete/new.delete.array/new.size.replace.indirect.pass.cpp	PASS	PASS	SAME
std/language.support/support.dynamic/new.delete/new.delete.array/new.size.replace.pass.cpp	PASS	PASS	SAME
std/language.support/support.dynamic/new.delete/new.delete.array/new.size_align.except.pass.cpp	PASS	PASS	SAME
std/language.support/support.dynamic/new.delete/new.delete.array/new.size_align.pass.cpp	PASS	PASS	SAME
std/language.support/support.dynamic/new.delete/new.delete.array/new.size_align.replace.indirect.pass.cpp	PASS	PASS	SAME
std/language.support/support.dynamic/new.delete/new.delete.array/new.size_align.replace.pass.cpp	PASS	PASS	SAME
std/language.support/support.dynamic/new.delete/new.delete.array/new.size_align_nothrow.except.pass.cpp	PASS	PASS	SAME
std/language.support/support.dynamic/new.delete/new.delete.array/new.size_align_nothrow.pass.cpp	PASS	PASS	SAME
std/language.support/support.dynamic/new.delete/new.delete.array/new.size_align_nothrow.replace.indirect.pass.cpp	PASS	PASS	SAME
std/language.support/support.dynamic/new.delete/new.delete.array/new.size_align_nothrow.replace.pass.cpp	PASS	PASS	SAME
std/language.support/support.dynamic/new.delete/new.delete.array/new.size_nothrow.except.pass.cpp	PASS	PASS	SAME
std/language.support/support.dynamic/new.delete/new.delete.array/new.size_nothrow.pass.cpp	PASS	PASS	SAME
std/language.support/support.dynamic/new.delete/new.delete.array/new.size_nothrow.replace.indirect.pass.cpp	PASS	PASS	SAME
std/language.support/support.dynamic/new.delete/new.delete.array/new.size_nothrow.replace.pass.cpp	PASS	PASS	SAME
std/language.support/support.dynamic/new.delete/new.delete.array/nodiscard.verify.cpp	PASS	PASS	SAME
std/language.support/support.dynamic/new.delete/new.delete.array/sized_delete_array.pass.cpp	PASS	PASS	SAME
std/language.support/support.dynamic/new.delete/new.delete.array/sized_delete_array11.pass.cpp	UNSUPPORTED	UNSUPPORTED	SAME
std/language.support/support.dynamic/new.delete/new.delete.array/sized_delete_array_calls_unsized_delete_array.pass.cpp	PASS	PASS	SAME
std/language.support/support.dynamic/new.delete/new.delete.dataraces/not_testable.pass.cpp	PASS	PASS	SAME
std/language.support/support.dynamic/new.delete/new.delete.placement/new.pass.cpp	PASS	PASS	SAME
std/language.support/support.dynamic/new.delete/new.delete.placement/new_array.pass.cpp	PASS	PASS	SAME
std/language.support/support.dynamic/new.delete/new.delete.placement/new_array_ptr.verify.cpp	PASS	PASS	SAME
std/language.support/support.dynamic/new.delete/new.delete.placement/new_ptr.verify.cpp	PASS	PASS	SAME
std/language.support/support.dynamic/new.delete/new.delete.single/delete_align_val_t_replace.pass.cpp	PASS	PASS	SAME
std/language.support/support.dynamic/new.delete/new.delete.single/new.size.except.pass.cpp	PASS	PASS	SAME
std/language.support/support.dynamic/new.delete/new.delete.single/new.size.pass.cpp	PASS	PASS	SAME
std/language.support/support.dynamic/new.delete/new.delete.single/new.size.replace.pass.cpp	PASS	PASS	SAME
std/language.support/support.dynamic/new.delete/new.delete.single/new.size_align.except.pass.cpp	PASS	PASS	SAME
std/language.support/support.dynamic/new.delete/new.delete.single/new.size_align.pass.cpp	PASS	PASS	SAME
std/language.support/support.dynamic/new.delete/new.delete.single/new.size_align.replace.pass.cpp	PASS	PASS	SAME
std/language.support/support.dynamic/new.delete/new.delete.single/new.size_align_nothrow.except.pass.cpp	PASS	PASS	SAME
std/language.support/support.dynamic/new.delete/new.delete.single/new.size_align_nothrow.pass.cpp	PASS	PASS	SAME
std/language.support/support.dynamic/new.delete/new.delete.single/new.size_align_nothrow.replace.indirect.pass.cpp	PASS	PASS	SAME
std/language.support/support.dynamic/new.delete/new.delete.single/new.size_align_nothrow.replace.pass.cpp	PASS	PASS	SAME
std/language.support/support.dynamic/new.delete/new.delete.single/new.size_nothrow.except.pass.cpp	PASS	PASS	SAME
std/language.support/support.dynamic/new.delete/new.delete.single/new.size_nothrow.pass.cpp	PASS	PASS	SAME
std/language.support/support.dynamic/new.delete/new.delete.single/new.size_nothrow.replace.indirect.pass.cpp	PASS	PASS	SAME
std/language.support/support.dynamic/new.delete/new.delete.single/new.size_nothrow.replace.pass.cpp	PASS	PASS	SAME
std/language.support/support.dynamic/new.delete/new.delete.single/nodiscard.verify.cpp	PASS	PASS	SAME
std/language.support/support.dynamic/new.delete/new.delete.single/sized_delete.pass.cpp	PASS	PASS	SAME
std/language.support/support.dynamic/new.delete/new.delete.single/sized_delete11.pass.cpp	UNSUPPORTED	UNSUPPORTED	SAME
std/language.support/support.dynamic/new.delete/new.delete.single/sized_delete_calls_unsized_delete.pass.cpp	PASS	PASS	SAME
std/language.support/support.dynamic/nothrow_t.pass.cpp	PASS	PASS	SAME
std/language.support/support.dynamic/nothrow_t.verify.cpp	PASS	PASS	SAME
std/language.support/support.dynamic/ptr.launder/launder.pass.cpp	PASS	PASS	SAME
std/language.support/support.dynamic/ptr.launder/launder.types.verify.cpp	PASS	PASS	SAME
std/language.support/support.exception/bad.exception/bad_exception.pass.cpp	PASS	PASS	SAME
std/language.support/support.exception/except.nested/assign.pass.cpp	PASS	PASS	SAME
std/language.support/support.exception/except.nested/ctor_copy.pass.cpp	PASS	PASS	SAME
std/language.support/support.exception/except.nested/ctor_default.pass.cpp	PASS	PASS	SAME
std/language.support/support.exception/except.nested/rethrow_if_nested.pass.cpp	PASS	PASS	SAME
std/language.support/support.exception/except.nested/rethrow_nested.pass.cpp	PASS	PASS	SAME
std/language.support/support.exception/except.nested/throw_with_nested.pass.cpp	PASS	PASS	SAME
std/language.support/support.exception/exception.terminate/set.terminate/get_terminate.pass.cpp	PASS	PASS	SAME
std/language.support/support.exception/exception.terminate/set.terminate/set_terminate.pass.cpp	PASS	PASS	SAME
std/language.support/support.exception/exception.terminate/terminate.handler/terminate_handler.pass.cpp	PASS	PASS	SAME
std/language.support/support.exception/exception.terminate/terminate/terminate.pass.cpp	PASS	PASS	SAME
std/language.support/support.exception/exception/exception.pass.cpp	PASS	PASS	SAME
std/language.support/support.exception/propagation/current_exception.pass.cpp	PASS	PASS	SAME
std/language.support/support.exception/propagation/exception_ptr.pass.cpp	PASS	PASS	SAME
std/language.support/support.exception/propagation/exception_ptr_move_assignment.pass.cpp	PASS	PASS	SAME
std/language.support/support.exception/propagation/exception_ptr_move_ctr.pass.cpp	PASS	PASS	SAME
std/language.support/support.exception/propagation/exception_ptr_swap.pass.cpp	PASS	PASS	SAME
std/language.support/support.exception/propagation/make_exception_ptr.objc.pass.mm	UNSUPPORTED	UNSUPPORTED	SAME
std/language.support/support.exception/propagation/make_exception_ptr.pass.cpp	PASS	PASS	SAME
std/language.support/support.exception/propagation/rethrow_exception.pass.cpp	PASS	PASS	SAME
std/language.support/support.exception/uncaught/uncaught_exception.pass.cpp	PASS	PASS	SAME
std/language.support/support.exception/uncaught/uncaught_exceptions.pass.cpp	PASS	PASS	SAME
std/language.support/support.exception/uncaught/uncaught_exeption.depr_in_cxx17.verify.cpp	PASS	PASS	SAME
std/language.support/support.general/nothing_to_do.pass.cpp	PASS	PASS	SAME
std/language.support/support.initlist/include_cxx03.pass.cpp	PASS	PASS	SAME
std/language.support/support.initlist/support.initlist.access/access.pass.cpp	PASS	PASS	SAME
std/language.support/support.initlist/support.initlist.cons/default.pass.cpp	PASS	PASS	SAME
std/language.support/support.initlist/support.initlist.range/begin_end.pass.cpp	PASS	PASS	SAME
std/language.support/support.initlist/support.initlist.syn/specialization.verify.cpp	PASS	PASS	SAME
std/language.support/support.initlist/types.pass.cpp	PASS	PASS	SAME
std/language.support/support.limits/c.limits/cfloat.pass.cpp	PASS	PASS	SAME
std/language.support/support.limits/c.limits/climits.pass.cpp	PASS	PASS	SAME
std/language.support/support.limits/limits/denorm.style/check_values.pass.cpp	PASS	PASS	SAME
std/language.support/support.limits/limits/is_specialized.pass.cpp	PASS	PASS	SAME
std/language.support/support.limits/limits/numeric.limits.members/const_data_members.pass.cpp	PASS	PASS	SAME
std/language.support/support.limits/limits/numeric.limits.members/denorm_min.pass.cpp	PASS	PASS	SAME
std/language.support/support.limits/limits/numeric.limits.members/digits.pass.cpp	PASS	PASS	SAME
std/language.support/support.limits/limits/numeric.limits.members/digits10.pass.cpp	PASS	PASS	SAME
std/language.support/support.limits/limits/numeric.limits.members/epsilon.pass.cpp	PASS	PASS	SAME
std/language.support/support.limits/limits/numeric.limits.members/has_denorm.pass.cpp	PASS	PASS	SAME
std/language.support/support.limits/limits/numeric.limits.members/has_denorm_loss.pass.cpp	PASS	PASS	SAME
std/language.support/support.limits/limits/numeric.limits.members/has_infinity.pass.cpp	PASS	PASS	SAME
std/language.support/support.limits/limits/numeric.limits.members/has_quiet_NaN.pass.cpp	PASS	PASS	SAME
std/language.support/support.limits/limits/numeric.limits.members/has_signaling_NaN.pass.cpp	PASS	PASS	SAME
std/language.support/support.limits/limits/numeric.limits.members/infinity.pass.cpp	PASS	PASS	SAME
std/language.support/support.limits/limits/numeric.limits.members/is_bounded.pass.cpp	PASS	PASS	SAME
std/language.support/support.limits/limits/numeric.limits.members/is_exact.pass.cpp	PASS	PASS	SAME
std/language.support/support.limits/limits/numeric.limits.members/is_iec559.pass.cpp	PASS	PASS	SAME
std/language.support/support.limits/limits/numeric.limits.members/is_integer.pass.cpp	PASS	PASS	SAME
std/language.support/support.limits/limits/numeric.limits.members/is_modulo.pass.cpp	PASS	PASS	SAME
std/language.support/support.limits/limits/numeric.limits.members/is_signed.pass.cpp	PASS	PASS	SAME
std/language.support/support.limits/limits/numeric.limits.members/lowest.pass.cpp	PASS	PASS	SAME
std/language.support/support.limits/limits/numeric.limits.members/max.pass.cpp	PASS	PASS	SAME
std/language.support/support.limits/limits/numeric.limits.members/max_digits10.pass.cpp	PASS	PASS	SAME
std/language.support/support.limits/limits/numeric.limits.members/max_exponent.pass.cpp	PASS	PASS	SAME
std/language.support/support.limits/limits/numeric.limits.members/max_exponent10.pass.cpp	PASS	PASS	SAME
std/language.support/support.limits/limits/numeric.limits.members/min.pass.cpp	PASS	PASS	SAME
std/language.support/support.limits/limits/numeric.limits.members/min_exponent.pass.cpp	PASS	PASS	SAME
std/language.support/support.limits/limits/numeric.limits.members/min_exponent10.pass.cpp	PASS	PASS	SAME
std/language.support/support.limits/limits/numeric.limits.members/quiet_NaN.pass.cpp	PASS	PASS	SAME
std/language.support/support.limits/limits/numeric.limits.members/radix.pass.cpp	PASS	PASS	SAME
std/language.support/support.limits/limits/numeric.limits.members/round_error.pass.cpp	PASS	PASS	SAME
std/language.support/support.limits/limits/numeric.limits.members/round_style.pass.cpp	PASS	PASS	SAME
std/language.support/support.limits/limits/numeric.limits.members/signaling_NaN.pass.cpp	PASS	PASS	SAME
std/language.support/support.limits/limits/numeric.limits.members/tinyness_before.pass.cpp	PASS	PASS	SAME
std/language.support/support.limits/limits/numeric.limits.members/traps.pass.cpp	PASS	PASS	SAME
std/language.support/support.limits/limits/numeric.limits/default.pass.cpp	PASS	PASS	SAME
std/language.support/support.limits/limits/numeric.special/nothing_to_do.pass.cpp	PASS	PASS	SAME
std/language.support/support.limits/limits/round.style/check_values.pass.cpp	PASS	PASS	SAME
std/language.support/support.limits/support.limits.general/algorithm.version.compile.pass.cpp	PASS	PASS	SAME
std/language.support/support.limits/support.limits.general/any.version.compile.pass.cpp	PASS	PASS	SAME
std/language.support/support.limits/support.limits.general/array.version.compile.pass.cpp	PASS	PASS	SAME
std/language.support/support.limits/support.limits.general/atomic.version.compile.pass.cpp	PASS	PASS	SAME
std/language.support/support.limits/support.limits.general/barrier.version.compile.pass.cpp	PASS	PASS	SAME
std/language.support/support.limits/support.limits.general/bit.version.compile.pass.cpp	PASS	PASS	SAME
std/language.support/support.limits/support.limits.general/bitset.version.compile.pass.cpp	PASS	PASS	SAME
std/language.support/support.limits/support.limits.general/charconv.version.compile.pass.cpp	PASS	PASS	SAME
std/language.support/support.limits/support.limits.general/chrono.version.compile.pass.cpp	PASS	PASS	SAME
std/language.support/support.limits/support.limits.general/cmath.version.compile.pass.cpp	PASS	PASS	SAME
std/language.support/support.limits/support.limits.general/compare.version.compile.pass.cpp	PASS	PASS	SAME
std/language.support/support.limits/support.limits.general/complex.version.compile.pass.cpp	PASS	PASS	SAME
std/language.support/support.limits/support.limits.general/concepts.version.compile.pass.cpp	PASS	PASS	SAME
std/language.support/support.limits/support.limits.general/coroutine.version.compile.pass.cpp	PASS	PASS	SAME
std/language.support/support.limits/support.limits.general/cstddef.version.compile.pass.cpp	PASS	PASS	SAME
std/language.support/support.limits/support.limits.general/cstdlib.version.compile.pass.cpp	PASS	PASS	SAME
std/language.support/support.limits/support.limits.general/cstring.version.compile.pass.cpp	PASS	PASS	SAME
std/language.support/support.limits/support.limits.general/deque.version.compile.pass.cpp	PASS	PASS	SAME
std/language.support/support.limits/support.limits.general/exception.version.compile.pass.cpp	PASS	PASS	SAME
std/language.support/support.limits/support.limits.general/execution.version.compile.pass.cpp	PASS	PASS	SAME
std/language.support/support.limits/support.limits.general/expected.version.compile.pass.cpp	PASS	PASS	SAME
std/language.support/support.limits/support.limits.general/filesystem.version.compile.pass.cpp	PASS	PASS	SAME
std/language.support/support.limits/support.limits.general/flat_map.version.compile.pass.cpp	PASS	PASS	SAME
std/language.support/support.limits/support.limits.general/flat_set.version.compile.pass.cpp	PASS	PASS	SAME
std/language.support/support.limits/support.limits.general/format.version.compile.pass.cpp	PASS	PASS	SAME
std/language.support/support.limits/support.limits.general/forward_list.version.compile.pass.cpp	PASS	PASS	SAME
std/language.support/support.limits/support.limits.general/fstream.version.compile.pass.cpp	PASS	PASS	SAME
std/language.support/support.limits/support.limits.general/functional.version.compile.pass.cpp	PASS	PASS	SAME
std/language.support/support.limits/support.limits.general/iomanip.version.compile.pass.cpp	PASS	PASS	SAME
std/language.support/support.limits/support.limits.general/ios.version.compile.pass.cpp	PASS	PASS	SAME
std/language.support/support.limits/support.limits.general/istream.version.compile.pass.cpp	PASS	PASS	SAME
std/language.support/support.limits/support.limits.general/iterator.version.compile.pass.cpp	PASS	PASS	SAME
std/language.support/support.limits/support.limits.general/latch.version.compile.pass.cpp	PASS	PASS	SAME
std/language.support/support.limits/support.limits.general/limits.version.compile.pass.cpp	PASS	PASS	SAME
std/language.support/support.limits/support.limits.general/list.version.compile.pass.cpp	PASS	PASS	SAME
std/language.support/support.limits/support.limits.general/locale.version.compile.pass.cpp	PASS	PASS	SAME
std/language.support/support.limits/support.limits.general/map.version.compile.pass.cpp	PASS	PASS	SAME
std/language.support/support.limits/support.limits.general/mdspan.version.compile.pass.cpp	PASS	PASS	SAME
std/language.support/support.limits/support.limits.general/memory.version.compile.pass.cpp	PASS	PASS	SAME
std/language.support/support.limits/support.limits.general/memory_resource.version.compile.pass.cpp	PASS	PASS	SAME
std/language.support/support.limits/support.limits.general/mutex.version.compile.pass.cpp	PASS	PASS	SAME
std/language.support/support.limits/support.limits.general/new.version.compile.pass.cpp	PASS	PASS	SAME
std/language.support/support.limits/support.limits.general/numbers.version.compile.pass.cpp	PASS	PASS	SAME
std/language.support/support.limits/support.limits.general/numeric.version.compile.pass.cpp	PASS	PASS	SAME
std/language.support/support.limits/support.limits.general/optional.version.compile.pass.cpp	PASS	PASS	SAME
std/language.support/support.limits/support.limits.general/ostream.version.compile.pass.cpp	PASS	PASS	SAME
std/language.support/support.limits/support.limits.general/print.version.compile.pass.cpp	PASS	PASS	SAME
std/language.support/support.limits/support.limits.general/queue.version.compile.pass.cpp	PASS	PASS	SAME
std/language.support/support.limits/support.limits.general/random.version.compile.pass.cpp	PASS	PASS	SAME
std/language.support/support.limits/support.limits.general/ranges.version.compile.pass.cpp	PASS	PASS	SAME
std/language.support/support.limits/support.limits.general/ratio.version.compile.pass.cpp	PASS	PASS	SAME
std/language.support/support.limits/support.limits.general/regex.version.compile.pass.cpp	PASS	PASS	SAME
std/language.support/support.limits/support.limits.general/scoped_allocator.version.compile.pass.cpp	PASS	PASS	SAME
std/language.support/support.limits/support.limits.general/semaphore.version.compile.pass.cpp	PASS	PASS	SAME
std/language.support/support.limits/support.limits.general/set.version.compile.pass.cpp	PASS	PASS	SAME
std/language.support/support.limits/support.limits.general/shared_mutex.version.compile.pass.cpp	PASS	PASS	SAME
std/language.support/support.limits/support.limits.general/source_location.version.compile.pass.cpp	PASS	PASS	SAME
std/language.support/support.limits/support.limits.general/span.version.compile.pass.cpp	PASS	PASS	SAME
std/language.support/support.limits/support.limits.general/sstream.version.compile.pass.cpp	PASS	PASS	SAME
std/language.support/support.limits/support.limits.general/stack.version.compile.pass.cpp	PASS	PASS	SAME
std/language.support/support.limits/support.limits.general/stdatomic.h.version.compile.pass.cpp	PASS	PASS	SAME
std/language.support/support.limits/support.limits.general/stop_token.version.compile.pass.cpp	PASS	PASS	SAME
std/language.support/support.limits/support.limits.general/string.version.compile.pass.cpp	PASS	PASS	SAME
std/language.support/support.limits/support.limits.general/string_view.version.compile.pass.cpp	PASS	PASS	SAME
std/language.support/support.limits/support.limits.general/syncstream.version.compile.pass.cpp	PASS	PASS	SAME
std/language.support/support.limits/support.limits.general/thread.version.compile.pass.cpp	PASS	PASS	SAME
std/language.support/support.limits/support.limits.general/tuple.version.compile.pass.cpp	PASS	PASS	SAME
std/language.support/support.limits/support.limits.general/type_traits.version.compile.pass.cpp	PASS	PASS	SAME
std/language.support/support.limits/support.limits.general/typeinfo.version.compile.pass.cpp	PASS	PASS	SAME
std/language.support/support.limits/support.limits.general/unordered_map.version.compile.pass.cpp	PASS	PASS	SAME
std/language.support/support.limits/support.limits.general/unordered_set.version.compile.pass.cpp	PASS	PASS	SAME
std/language.support/support.limits/support.limits.general/utility.version.compile.pass.cpp	PASS	PASS	SAME
std/language.support/support.limits/support.limits.general/variant.version.compile.pass.cpp	PASS	PASS	SAME
std/language.support/support.limits/support.limits.general/vector.version.compile.pass.cpp	PASS	PASS	SAME
std/language.support/support.limits/support.limits.general/version.version.compile.pass.cpp	PASS	PASS	SAME
std/language.support/support.rtti/bad.cast/bad_cast.pass.cpp	PASS	PASS	SAME
std/language.support/support.rtti/bad.typeid/bad_typeid.pass.cpp	PASS	PASS	SAME
std/language.support/support.rtti/type.info/type_info.equal.pass.cpp	PASS	PASS	SAME
std/language.support/support.rtti/type.info/type_info.pass.cpp	PASS	PASS	SAME
std/language.support/support.rtti/type.info/type_info_hash.pass.cpp	PASS	PASS	SAME
std/language.support/support.runtime/csetjmp.pass.cpp	PASS	PASS	SAME
std/language.support/support.runtime/csignal.pass.cpp	PASS	PASS	SAME
std/language.support/support.runtime/cstdalign.compile.pass.cpp	PASS	PASS	SAME
std/language.support/support.runtime/cstdarg.pass.cpp	PASS	PASS	SAME
std/language.support/support.runtime/cstdbool.pass.cpp	PASS	PASS	SAME
std/language.support/support.runtime/cstdlib.aligned_alloc.compile.pass.cpp	PASS	PASS	SAME
std/language.support/support.runtime/cstdlib.pass.cpp	PASS	PASS	SAME
std/language.support/support.runtime/ctime.pass.cpp	PASS	PASS	SAME
std/language.support/support.runtime/ctime.timespec.compile.pass.cpp	PASS	PASS	SAME
std/language.support/support.srcloc/general.pass.cpp	PASS	PASS	SAME
std/language.support/support.start.term/quick_exit.pass.cpp	PASS	PASS	SAME
std/language.support/support.types/byte.pass.cpp	PASS	PASS	SAME
std/language.support/support.types/byteops/and.assign.pass.cpp	PASS	PASS	SAME
std/language.support/support.types/byteops/and.pass.cpp	PASS	PASS	SAME
std/language.support/support.types/byteops/enum_direct_init.pass.cpp	PASS	PASS	SAME
std/language.support/support.types/byteops/lshift.assign.compile.fail.cpp	PASS	PASS	SAME
std/language.support/support.types/byteops/lshift.assign.pass.cpp	PASS	PASS	SAME
std/language.support/support.types/byteops/lshift.compile.fail.cpp	PASS	PASS	SAME
std/language.support/support.types/byteops/lshift.pass.cpp	PASS	PASS	SAME
std/language.support/support.types/byteops/not.pass.cpp	PASS	PASS	SAME
std/language.support/support.types/byteops/or.assign.pass.cpp	PASS	PASS	SAME
std/language.support/support.types/byteops/or.pass.cpp	PASS	PASS	SAME
std/language.support/support.types/byteops/rshift.assign.compile.fail.cpp	PASS	PASS	SAME
std/language.support/support.types/byteops/rshift.assign.pass.cpp	PASS	PASS	SAME
std/language.support/support.types/byteops/rshift.compile.fail.cpp	PASS	PASS	SAME
std/language.support/support.types/byteops/rshift.pass.cpp	PASS	PASS	SAME
std/language.support/support.types/byteops/to_integer.compile.fail.cpp	PASS	PASS	SAME
std/language.support/support.types/byteops/to_integer.pass.cpp	PASS	PASS	SAME
std/language.support/support.types/byteops/xor.assign.pass.cpp	PASS	PASS	SAME
std/language.support/support.types/byteops/xor.pass.cpp	PASS	PASS	SAME
std/language.support/support.types/cstddef.compile.pass.cpp	PASS	PASS	SAME
std/language.support/support.types/cstddef.nodiscard.verify.cpp	PASS	PASS	SAME
std/language.support/support.types/max_align_t.compile.pass.cpp	PASS	PASS	SAME
std/language.support/support.types/null.pass.cpp	PASS	PASS	SAME
std/language.support/support.types/nullptr_t.pass.cpp	PASS	PASS	SAME
std/language.support/support.types/nullptr_t_integral_cast.compile.fail.cpp	PASS	PASS	SAME
std/language.support/support.types/nullptr_t_integral_cast.pass.cpp	PASS	PASS	SAME
std/language.support/support.types/offsetof.pass.cpp	PASS	PASS	SAME
std/language.support/support.types/ptrdiff_t.pass.cpp	PASS	PASS	SAME
std/language.support/support.types/size_t.pass.cpp	PASS	PASS	SAME
std/library/description/conventions/customization.point.object/cpo.compile.pass.cpp	PASS	PASS	SAME
std/library/description/conventions/customization.point.object/niebloid.compile.pass.cpp	PASS	PASS	SAME
std/library/description/conventions/expos.only.func/synth_three_way.pass.cpp	PASS	PASS	SAME
std/localization/c.locales/clocale.pass.cpp	PASS	PASS	SAME
std/localization/codecvt_unicode.pass.cpp	PASS	PASS	SAME
std/localization/locale.categories/category.collate/locale.collate.byname/compare.pass.cpp	PASS	PASS	SAME
std/localization/locale.categories/category.collate/locale.collate.byname/hash.pass.cpp	PASS	PASS	SAME
std/localization/locale.categories/category.collate/locale.collate.byname/transform.pass.cpp	PASS	PASS	SAME
std/localization/locale.categories/category.collate/locale.collate.byname/types.pass.cpp	PASS	PASS	SAME
std/localization/locale.categories/category.collate/locale.collate/ctor.pass.cpp	PASS	PASS	SAME
std/localization/locale.categories/category.collate/locale.collate/locale.collate.members/compare.pass.cpp	PASS	PASS	SAME
std/localization/locale.categories/category.collate/locale.collate/locale.collate.members/hash.pass.cpp	PASS	PASS	SAME
std/localization/locale.categories/category.collate/locale.collate/locale.collate.members/transform.pass.cpp	PASS	PASS	SAME
std/localization/locale.categories/category.collate/locale.collate/locale.collate.virtuals/tested_elsewhere.pass.cpp	PASS	PASS	SAME
std/localization/locale.categories/category.collate/locale.collate/types.pass.cpp	PASS	PASS	SAME
std/localization/locale.categories/category.ctype/ctype_base.pass.cpp	PASS	PASS	SAME
std/localization/locale.categories/category.ctype/facet.ctype.special/facet.ctype.char.dtor/dtor.pass.cpp	PASS	PASS	SAME
std/localization/locale.categories/category.ctype/facet.ctype.special/facet.ctype.char.members/ctor.pass.cpp	PASS	PASS	SAME
std/localization/locale.categories/category.ctype/facet.ctype.special/facet.ctype.char.members/is_1.pass.cpp	PASS	PASS	SAME
std/localization/locale.categories/category.ctype/facet.ctype.special/facet.ctype.char.members/is_many.pass.cpp	PASS	PASS	SAME
std/localization/locale.categories/category.ctype/facet.ctype.special/facet.ctype.char.members/narrow_1.pass.cpp	PASS	PASS	SAME
std/localization/locale.categories/category.ctype/facet.ctype.special/facet.ctype.char.members/narrow_many.pass.cpp	PASS	PASS	SAME
std/localization/locale.categories/category.ctype/facet.ctype.special/facet.ctype.char.members/scan_is.pass.cpp	PASS	PASS	SAME
std/localization/locale.categories/category.ctype/facet.ctype.special/facet.ctype.char.members/scan_not.pass.cpp	PASS	PASS	SAME
std/localization/locale.categories/category.ctype/facet.ctype.special/facet.ctype.char.members/table.pass.cpp	PASS	PASS	SAME
std/localization/locale.categories/category.ctype/facet.ctype.special/facet.ctype.char.members/tolower_1.pass.cpp	PASS	PASS	SAME
std/localization/locale.categories/category.ctype/facet.ctype.special/facet.ctype.char.members/tolower_many.pass.cpp	PASS	PASS	SAME
std/localization/locale.categories/category.ctype/facet.ctype.special/facet.ctype.char.members/toupper_1.pass.cpp	PASS	PASS	SAME
std/localization/locale.categories/category.ctype/facet.ctype.special/facet.ctype.char.members/toupper_many.pass.cpp	PASS	PASS	SAME
std/localization/locale.categories/category.ctype/facet.ctype.special/facet.ctype.char.members/widen_1.pass.cpp	PASS	PASS	SAME
std/localization/locale.categories/category.ctype/facet.ctype.special/facet.ctype.char.members/widen_many.pass.cpp	PASS	PASS	SAME
std/localization/locale.categories/category.ctype/facet.ctype.special/facet.ctype.char.statics/classic_table.pass.cpp	PASS	PASS	SAME
std/localization/locale.categories/category.ctype/facet.ctype.special/facet.ctype.char.statics/table_size.pass.cpp	PASS	PASS	SAME
std/localization/locale.categories/category.ctype/facet.ctype.special/facet.ctype.char.virtuals/tested_elsewhere.pass.cpp	PASS	PASS	SAME
std/localization/locale.categories/category.ctype/facet.ctype.special/types.pass.cpp	PASS	PASS	SAME
std/localization/locale.categories/category.ctype/locale.codecvt.byname/codecvt_byname_char16_t_char.depr_in_cxx20.verify.cpp	PASS	PASS	SAME
std/localization/locale.categories/category.ctype/locale.codecvt.byname/codecvt_byname_char32_t_char.depr_in_cxx20.verify.cpp	PASS	PASS	SAME
std/localization/locale.categories/category.ctype/locale.codecvt.byname/ctor_char.pass.cpp	PASS	PASS	SAME
std/localization/locale.categories/category.ctype/locale.codecvt.byname/ctor_char16_t.pass.cpp	PASS	PASS	SAME
std/localization/locale.categories/category.ctype/locale.codecvt.byname/ctor_char16_t_char8_t.pass.cpp	PASS	PASS	SAME
std/localization/locale.categories/category.ctype/locale.codecvt.byname/ctor_char32_t.pass.cpp	PASS	PASS	SAME
std/localization/locale.categories/category.ctype/locale.codecvt.byname/ctor_char32_t_char8_t.pass.cpp	PASS	PASS	SAME
std/localization/locale.categories/category.ctype/locale.codecvt.byname/ctor_wchar_t.pass.cpp	PASS	PASS	SAME
std/localization/locale.categories/category.ctype/locale.codecvt/codecvt_base.pass.cpp	PASS	PASS	SAME
std/localization/locale.categories/category.ctype/locale.codecvt/codecvt_char16_t_char.depr_in_cxx20.verify.cpp	PASS	PASS	SAME
std/localization/locale.categories/category.ctype/locale.codecvt/codecvt_char32_t_char.depr_in_cxx20.verify.cpp	PASS	PASS	SAME
std/localization/locale.categories/category.ctype/locale.codecvt/ctor_char.pass.cpp	PASS	PASS	SAME
std/localization/locale.categories/category.ctype/locale.codecvt/ctor_char16_t.pass.cpp	PASS	PASS	SAME
std/localization/locale.categories/category.ctype/locale.codecvt/ctor_char16_t_char8_t.pass.cpp	PASS	PASS	SAME
std/localization/locale.categories/category.ctype/locale.codecvt/ctor_char32_t.pass.cpp	PASS	PASS	SAME
std/localization/locale.categories/category.ctype/locale.codecvt/ctor_char32_t_char8_t.pass.cpp	PASS	PASS	SAME
std/localization/locale.categories/category.ctype/locale.codecvt/ctor_wchar_t.pass.cpp	PASS	PASS	SAME
std/localization/locale.categories/category.ctype/locale.codecvt/locale.codecvt.members/char16_t_always_noconv.pass.cpp	PASS	PASS	SAME
std/localization/locale.categories/category.ctype/locale.codecvt/locale.codecvt.members/char16_t_char8_t_always_noconv.pass.cpp	PASS	PASS	SAME
std/localization/locale.categories/category.ctype/locale.codecvt/locale.codecvt.members/char16_t_char8_t_encoding.pass.cpp	PASS	PASS	SAME
std/localization/locale.categories/category.ctype/locale.codecvt/locale.codecvt.members/char16_t_char8_t_in.pass.cpp	PASS	PASS	SAME
std/localization/locale.categories/category.ctype/locale.codecvt/locale.codecvt.members/char16_t_char8_t_length.pass.cpp	PASS	PASS	SAME
std/localization/locale.categories/category.ctype/locale.codecvt/locale.codecvt.members/char16_t_char8_t_max_length.pass.cpp	PASS	PASS	SAME
std/localization/locale.categories/category.ctype/locale.codecvt/locale.codecvt.members/char16_t_char8_t_out.pass.cpp	PASS	PASS	SAME
std/localization/locale.categories/category.ctype/locale.codecvt/locale.codecvt.members/char16_t_char8_t_unshift.pass.cpp	PASS	PASS	SAME
std/localization/locale.categories/category.ctype/locale.codecvt/locale.codecvt.members/char16_t_encoding.pass.cpp	PASS	PASS	SAME
std/localization/locale.categories/category.ctype/locale.codecvt/locale.codecvt.members/char16_t_in.pass.cpp	PASS	PASS	SAME
std/localization/locale.categories/category.ctype/locale.codecvt/locale.codecvt.members/char16_t_length.pass.cpp	PASS	PASS	SAME
std/localization/locale.categories/category.ctype/locale.codecvt/locale.codecvt.members/char16_t_max_length.pass.cpp	PASS	PASS	SAME
std/localization/locale.categories/category.ctype/locale.codecvt/locale.codecvt.members/char16_t_out.pass.cpp	PASS	PASS	SAME
std/localization/locale.categories/category.ctype/locale.codecvt/locale.codecvt.members/char16_t_unshift.pass.cpp	PASS	PASS	SAME
std/localization/locale.categories/category.ctype/locale.codecvt/locale.codecvt.members/char32_t_always_noconv.pass.cpp	PASS	PASS	SAME
std/localization/locale.categories/category.ctype/locale.codecvt/locale.codecvt.members/char32_t_char8_t_always_noconv.pass.cpp	PASS	PASS	SAME
std/localization/locale.categories/category.ctype/locale.codecvt/locale.codecvt.members/char32_t_char8_t_encoding.pass.cpp	PASS	PASS	SAME
std/localization/locale.categories/category.ctype/locale.codecvt/locale.codecvt.members/char32_t_char8_t_in.pass.cpp	PASS	PASS	SAME
std/localization/locale.categories/category.ctype/locale.codecvt/locale.codecvt.members/char32_t_char8_t_length.pass.cpp	PASS	PASS	SAME
std/localization/locale.categories/category.ctype/locale.codecvt/locale.codecvt.members/char32_t_char8_t_max_length.pass.cpp	PASS	PASS	SAME
std/localization/locale.categories/category.ctype/locale.codecvt/locale.codecvt.members/char32_t_char8_t_out.pass.cpp	PASS	PASS	SAME
std/localization/locale.categories/category.ctype/locale.codecvt/locale.codecvt.members/char32_t_char8_t_unshift.pass.cpp	PASS	PASS	SAME
std/localization/locale.categories/category.ctype/locale.codecvt/locale.codecvt.members/char32_t_encoding.pass.cpp	PASS	PASS	SAME
std/localization/locale.categories/category.ctype/locale.codecvt/locale.codecvt.members/char32_t_in.pass.cpp	PASS	PASS	SAME
std/localization/locale.categories/category.ctype/locale.codecvt/locale.codecvt.members/char32_t_length.pass.cpp	PASS	PASS	SAME
std/localization/locale.categories/category.ctype/locale.codecvt/locale.codecvt.members/char32_t_max_length.pass.cpp	PASS	PASS	SAME
std/localization/locale.categories/category.ctype/locale.codecvt/locale.codecvt.members/char32_t_out.pass.cpp	PASS	PASS	SAME
std/localization/locale.categories/category.ctype/locale.codecvt/locale.codecvt.members/char32_t_unshift.pass.cpp	PASS	PASS	SAME
std/localization/locale.categories/category.ctype/locale.codecvt/locale.codecvt.members/char_always_noconv.pass.cpp	PASS	PASS	SAME
std/localization/locale.categories/category.ctype/locale.codecvt/locale.codecvt.members/char_encoding.pass.cpp	PASS	PASS	SAME
std/localization/locale.categories/category.ctype/locale.codecvt/locale.codecvt.members/char_in.pass.cpp	PASS	PASS	SAME
std/localization/locale.categories/category.ctype/locale.codecvt/locale.codecvt.members/char_length.pass.cpp	PASS	PASS	SAME
std/localization/locale.categories/category.ctype/locale.codecvt/locale.codecvt.members/char_max_length.pass.cpp	PASS	PASS	SAME
std/localization/locale.categories/category.ctype/locale.codecvt/locale.codecvt.members/char_out.pass.cpp	PASS	PASS	SAME
std/localization/locale.categories/category.ctype/locale.codecvt/locale.codecvt.members/char_unshift.pass.cpp	PASS	PASS	SAME
std/localization/locale.categories/category.ctype/locale.codecvt/locale.codecvt.members/utf_sanity_check.pass.cpp	PASS	PASS	SAME
std/localization/locale.categories/category.ctype/locale.codecvt/locale.codecvt.members/wchar_t_always_noconv.pass.cpp	PASS	PASS	SAME
std/localization/locale.categories/category.ctype/locale.codecvt/locale.codecvt.members/wchar_t_encoding.pass.cpp	PASS	PASS	SAME
std/localization/locale.categories/category.ctype/locale.codecvt/locale.codecvt.members/wchar_t_in.pass.cpp	PASS	PASS	SAME
std/localization/locale.categories/category.ctype/locale.codecvt/locale.codecvt.members/wchar_t_length.pass.cpp	PASS	PASS	SAME
std/localization/locale.categories/category.ctype/locale.codecvt/locale.codecvt.members/wchar_t_max_length.pass.cpp	PASS	PASS	SAME
std/localization/locale.categories/category.ctype/locale.codecvt/locale.codecvt.members/wchar_t_out.pass.cpp	PASS	PASS	SAME
std/localization/locale.categories/category.ctype/locale.codecvt/locale.codecvt.members/wchar_t_unshift.pass.cpp	PASS	PASS	SAME
std/localization/locale.categories/category.ctype/locale.codecvt/locale.codecvt.virtuals/tested_elsewhere.pass.cpp	PASS	PASS	SAME
std/localization/locale.categories/category.ctype/locale.codecvt/types_char.pass.cpp	PASS	PASS	SAME
std/localization/locale.categories/category.ctype/locale.codecvt/types_char16_t.pass.cpp	PASS	PASS	SAME
std/localization/locale.categories/category.ctype/locale.codecvt/types_char16_t_char8_t.pass.cpp	PASS	PASS	SAME
std/localization/locale.categories/category.ctype/locale.codecvt/types_char32_t.pass.cpp	PASS	PASS	SAME
std/localization/locale.categories/category.ctype/locale.codecvt/types_char32_t_char8_t.pass.cpp	PASS	PASS	SAME
std/localization/locale.categories/category.ctype/locale.codecvt/types_wchar_t.pass.cpp	PASS	PASS	SAME
std/localization/locale.categories/category.ctype/locale.ctype.byname/is_1.pass.cpp	PASS	PASS	SAME
std/localization/locale.categories/category.ctype/locale.ctype.byname/is_many.pass.cpp	PASS	PASS	SAME
std/localization/locale.categories/category.ctype/locale.ctype.byname/mask.pass.cpp	PASS	PASS	SAME
std/localization/locale.categories/category.ctype/locale.ctype.byname/narrow_1.pass.cpp	UNSUPPORTED	UNSUPPORTED	SAME
std/localization/locale.categories/category.ctype/locale.ctype.byname/narrow_many.pass.cpp	UNSUPPORTED	UNSUPPORTED	SAME
std/localization/locale.categories/category.ctype/locale.ctype.byname/scan_is.pass.cpp	PASS	PASS	SAME
std/localization/locale.categories/category.ctype/locale.ctype.byname/scan_not.pass.cpp	PASS	PASS	SAME
std/localization/locale.categories/category.ctype/locale.ctype.byname/tolower_1.pass.cpp	PASS	PASS	SAME
std/localization/locale.categories/category.ctype/locale.ctype.byname/tolower_many.pass.cpp	PASS	PASS	SAME
std/localization/locale.categories/category.ctype/locale.ctype.byname/toupper_1.pass.cpp	PASS	PASS	SAME
std/localization/locale.categories/category.ctype/locale.ctype.byname/toupper_many.pass.cpp	PASS	PASS	SAME
std/localization/locale.categories/category.ctype/locale.ctype.byname/types.pass.cpp	PASS	PASS	SAME
std/localization/locale.categories/category.ctype/locale.ctype.byname/widen_1.pass.cpp	PASS	PASS	SAME
std/localization/locale.categories/category.ctype/locale.ctype.byname/widen_many.pass.cpp	PASS	PASS	SAME
std/localization/locale.categories/category.ctype/locale.ctype/ctor.pass.cpp	PASS	PASS	SAME
std/localization/locale.categories/category.ctype/locale.ctype/locale.ctype.members/is_1.pass.cpp	PASS	PASS	SAME
std/localization/locale.categories/category.ctype/locale.ctype/locale.ctype.members/is_many.pass.cpp	PASS	PASS	SAME
std/localization/locale.categories/category.ctype/locale.ctype/locale.ctype.members/narrow_1.pass.cpp	PASS	PASS	SAME
std/localization/locale.categories/category.ctype/locale.ctype/locale.ctype.members/narrow_many.pass.cpp	PASS	PASS	SAME
std/localization/locale.categories/category.ctype/locale.ctype/locale.ctype.members/scan_is.pass.cpp	PASS	PASS	SAME
std/localization/locale.categories/category.ctype/locale.ctype/locale.ctype.members/scan_not.pass.cpp	PASS	PASS	SAME
std/localization/locale.categories/category.ctype/locale.ctype/locale.ctype.members/tolower_1.pass.cpp	PASS	PASS	SAME
std/localization/locale.categories/category.ctype/locale.ctype/locale.ctype.members/tolower_many.pass.cpp	PASS	PASS	SAME
std/localization/locale.categories/category.ctype/locale.ctype/locale.ctype.members/toupper_1.pass.cpp	PASS	PASS	SAME
std/localization/locale.categories/category.ctype/locale.ctype/locale.ctype.members/toupper_many.pass.cpp	PASS	PASS	SAME
std/localization/locale.categories/category.ctype/locale.ctype/locale.ctype.members/widen_1.pass.cpp	PASS	PASS	SAME
std/localization/locale.categories/category.ctype/locale.ctype/locale.ctype.members/widen_many.pass.cpp	PASS	PASS	SAME
std/localization/locale.categories/category.ctype/locale.ctype/locale.ctype.virtuals/tested_elsewhere.pass.cpp	PASS	PASS	SAME
std/localization/locale.categories/category.ctype/locale.ctype/types.pass.cpp	PASS	PASS	SAME
std/localization/locale.categories/category.messages/locale.messages.byname/nothing_to_do.pass.cpp	PASS	PASS	SAME
std/localization/locale.categories/category.messages/locale.messages/ctor.pass.cpp	PASS	PASS	SAME
std/localization/locale.categories/category.messages/locale.messages/locale.messages.members/not_testable.pass.cpp	PASS	PASS	SAME
std/localization/locale.categories/category.messages/locale.messages/locale.messages.virtuals/tested_elsewhere.pass.cpp	PASS	PASS	SAME
std/localization/locale.categories/category.messages/locale.messages/messages_base.pass.cpp	PASS	PASS	SAME
std/localization/locale.categories/category.messages/locale.messages/types.pass.cpp	PASS	PASS	SAME
std/localization/locale.categories/category.monetary/locale.money.get/ctor.pass.cpp	PASS	PASS	SAME
std/localization/locale.categories/category.monetary/locale.money.get/locale.money.get.members/get_long_double_en_US.pass.cpp	PASS	PASS	SAME
std/localization/locale.categories/category.monetary/locale.money.get/locale.money.get.members/get_long_double_fr_FR.pass.cpp	PASS	PASS	SAME
std/localization/locale.categories/category.monetary/locale.money.get/locale.money.get.members/get_long_double_overlong.pass.cpp	PASS	PASS	SAME
std/localization/locale.categories/category.monetary/locale.money.get/locale.money.get.members/get_long_double_ru_RU.pass.cpp	XFAIL	XFAIL	SAME
std/localization/locale.categories/category.monetary/locale.money.get/locale.money.get.members/get_long_double_zh_CN.pass.cpp	PASS	PASS	SAME
std/localization/locale.categories/category.monetary/locale.money.get/locale.money.get.members/get_string_en_US.pass.cpp	PASS	PASS	SAME
std/localization/locale.categories/category.monetary/locale.money.get/locale.money.get.virtuals/tested_elsewhere.pass.cpp	PASS	PASS	SAME
std/localization/locale.categories/category.monetary/locale.money.get/types.pass.cpp	PASS	PASS	SAME
std/localization/locale.categories/category.monetary/locale.money.put/ctor.pass.cpp	PASS	PASS	SAME
std/localization/locale.categories/category.monetary/locale.money.put/locale.money.put.members/put_long_double_en_US.pass.cpp	PASS	PASS	SAME
std/localization/locale.categories/category.monetary/locale.money.put/locale.money.put.members/put_long_double_fr_FR.pass.cpp	PASS	PASS	SAME
std/localization/locale.categories/category.monetary/locale.money.put/locale.money.put.members/put_long_double_ru_RU.pass.cpp	XFAIL	XFAIL	SAME
std/localization/locale.categories/category.monetary/locale.money.put/locale.money.put.members/put_long_double_zh_CN.pass.cpp	PASS	PASS	SAME
std/localization/locale.categories/category.monetary/locale.money.put/locale.money.put.members/put_string_en_US.pass.cpp	PASS	PASS	SAME
std/localization/locale.categories/category.monetary/locale.money.put/locale.money.put.virtuals/tested_elsewhere.pass.cpp	PASS	PASS	SAME
std/localization/locale.categories/category.monetary/locale.money.put/types.pass.cpp	PASS	PASS	SAME
std/localization/locale.categories/category.monetary/locale.moneypunct.byname/curr_symbol.pass.cpp	PASS	PASS	SAME
std/localization/locale.categories/category.monetary/locale.moneypunct.byname/decimal_point.pass.cpp	FAIL	FAIL	SAME
std/localization/locale.categories/category.monetary/locale.moneypunct.byname/frac_digits.pass.cpp	PASS	PASS	SAME
std/localization/locale.categories/category.monetary/locale.moneypunct.byname/grouping.pass.cpp	PASS	PASS	SAME
std/localization/locale.categories/category.monetary/locale.moneypunct.byname/neg_format.pass.cpp	PASS	PASS	SAME
std/localization/locale.categories/category.monetary/locale.moneypunct.byname/negative_sign.pass.cpp	PASS	PASS	SAME
std/localization/locale.categories/category.monetary/locale.moneypunct.byname/pos_format.pass.cpp	PASS	PASS	SAME
std/localization/locale.categories/category.monetary/locale.moneypunct.byname/positive_sign.pass.cpp	PASS	PASS	SAME
std/localization/locale.categories/category.monetary/locale.moneypunct.byname/thousands_sep.pass.cpp	PASS	PASS	SAME
std/localization/locale.categories/category.monetary/locale.moneypunct/ctor.pass.cpp	PASS	PASS	SAME
std/localization/locale.categories/category.monetary/locale.moneypunct/locale.moneypunct.members/curr_symbol.pass.cpp	PASS	PASS	SAME
std/localization/locale.categories/category.monetary/locale.moneypunct/locale.moneypunct.members/decimal_point.pass.cpp	PASS	PASS	SAME
std/localization/locale.categories/category.monetary/locale.moneypunct/locale.moneypunct.members/frac_digits.pass.cpp	PASS	PASS	SAME
std/localization/locale.categories/category.monetary/locale.moneypunct/locale.moneypunct.members/grouping.pass.cpp	PASS	PASS	SAME
std/localization/locale.categories/category.monetary/locale.moneypunct/locale.moneypunct.members/neg_format.pass.cpp	PASS	PASS	SAME
std/localization/locale.categories/category.monetary/locale.moneypunct/locale.moneypunct.members/negative_sign.pass.cpp	PASS	PASS	SAME
std/localization/locale.categories/category.monetary/locale.moneypunct/locale.moneypunct.members/pos_format.pass.cpp	PASS	PASS	SAME
std/localization/locale.categories/category.monetary/locale.moneypunct/locale.moneypunct.members/positive_sign.pass.cpp	PASS	PASS	SAME
std/localization/locale.categories/category.monetary/locale.moneypunct/locale.moneypunct.members/thousands_sep.pass.cpp	PASS	PASS	SAME
std/localization/locale.categories/category.monetary/locale.moneypunct/locale.moneypunct.virtuals/tested_elsewhere.pass.cpp	PASS	PASS	SAME
std/localization/locale.categories/category.monetary/locale.moneypunct/money_base.pass.cpp	PASS	PASS	SAME
std/localization/locale.categories/category.monetary/locale.moneypunct/types.pass.cpp	PASS	PASS	SAME
std/localization/locale.categories/category.numeric/locale.nm.put/ctor.pass.cpp	PASS	PASS	SAME
std/localization/locale.categories/category.numeric/locale.nm.put/facet.num.put.members/put_bool.pass.cpp	PASS	PASS	SAME
std/localization/locale.categories/category.numeric/locale.nm.put/facet.num.put.members/put_double.hex.pass.cpp	PASS	PASS	SAME
std/localization/locale.categories/category.numeric/locale.nm.put/facet.num.put.members/put_double.pass.cpp	PASS	PASS	SAME
std/localization/locale.categories/category.numeric/locale.nm.put/facet.num.put.members/put_long.pass.cpp	PASS	PASS	SAME
std/localization/locale.categories/category.numeric/locale.nm.put/facet.num.put.members/put_long_double.hex.pass.cpp	PASS	PASS	SAME
std/localization/locale.categories/category.numeric/locale.nm.put/facet.num.put.members/put_long_double.pass.cpp	PASS	PASS	SAME
std/localization/locale.categories/category.numeric/locale.nm.put/facet.num.put.members/put_long_long.pass.cpp	PASS	PASS	SAME
std/localization/locale.categories/category.numeric/locale.nm.put/facet.num.put.members/put_pointer.pass.cpp	PASS	PASS	SAME
std/localization/locale.categories/category.numeric/locale.nm.put/facet.num.put.members/put_unsigned_long.pass.cpp	PASS	PASS	SAME
std/localization/locale.categories/category.numeric/locale.nm.put/facet.num.put.members/put_unsigned_long_long.pass.cpp	PASS	PASS	SAME
std/localization/locale.categories/category.numeric/locale.nm.put/facet.num.put.virtuals/tested_elsewhere.pass.cpp	PASS	PASS	SAME
std/localization/locale.categories/category.numeric/locale.nm.put/types.pass.cpp	PASS	PASS	SAME
std/localization/locale.categories/category.numeric/locale.num.get/ctor.pass.cpp	PASS	PASS	SAME
std/localization/locale.categories/category.numeric/locale.num.get/facet.num.get.members/get_bool.pass.cpp	PASS	PASS	SAME
std/localization/locale.categories/category.numeric/locale.num.get/facet.num.get.members/get_double.pass.cpp	PASS	PASS	SAME
std/localization/locale.categories/category.numeric/locale.num.get/facet.num.get.members/get_float.pass.cpp	PASS	PASS	SAME
std/localization/locale.categories/category.numeric/locale.num.get/facet.num.get.members/get_long.pass.cpp	PASS	PASS	SAME
std/localization/locale.categories/category.numeric/locale.num.get/facet.num.get.members/get_long_double.pass.cpp	PASS	PASS	SAME
std/localization/locale.categories/category.numeric/locale.num.get/facet.num.get.members/get_long_long.pass.cpp	PASS	PASS	SAME
std/localization/locale.categories/category.numeric/locale.num.get/facet.num.get.members/get_pointer.pass.cpp	PASS	PASS	SAME
std/localization/locale.categories/category.numeric/locale.num.get/facet.num.get.members/get_unsigned_int.pass.cpp	PASS	PASS	SAME
std/localization/locale.categories/category.numeric/locale.num.get/facet.num.get.members/get_unsigned_long.pass.cpp	PASS	PASS	SAME
std/localization/locale.categories/category.numeric/locale.num.get/facet.num.get.members/get_unsigned_long_long.pass.cpp	PASS	PASS	SAME
std/localization/locale.categories/category.numeric/locale.num.get/facet.num.get.members/get_unsigned_short.pass.cpp	PASS	PASS	SAME
std/localization/locale.categories/category.numeric/locale.num.get/facet.num.get.members/test_min_max.pass.cpp	PASS	PASS	SAME
std/localization/locale.categories/category.numeric/locale.num.get/facet.num.get.members/test_neg_one.pass.cpp	PASS	PASS	SAME
std/localization/locale.categories/category.numeric/locale.num.get/facet.num.get.virtuals/tested_elsewhere.pass.cpp	PASS	PASS	SAME
std/localization/locale.categories/category.numeric/locale.num.get/types.pass.cpp	PASS	PASS	SAME
std/localization/locale.categories/category.numeric/locale.num.get/user_defined_char_type.pass.cpp	PASS	PASS	SAME
std/localization/locale.categories/category.time/locale.time.get.byname/date_order.pass.cpp	PASS	PASS	SAME
std/localization/locale.categories/category.time/locale.time.get.byname/date_order_wide.pass.cpp	PASS	PASS	SAME
std/localization/locale.categories/category.time/locale.time.get.byname/get_date.pass.cpp	PASS	PASS	SAME
std/localization/locale.categories/category.time/locale.time.get.byname/get_date_wide.pass.cpp	PASS	PASS	SAME
std/localization/locale.categories/category.time/locale.time.get.byname/get_monthname.pass.cpp	PASS	PASS	SAME
std/localization/locale.categories/category.time/locale.time.get.byname/get_monthname_wide.pass.cpp	PASS	PASS	SAME
std/localization/locale.categories/category.time/locale.time.get.byname/get_one.pass.cpp	PASS	PASS	SAME
std/localization/locale.categories/category.time/locale.time.get.byname/get_one_wide.pass.cpp	PASS	PASS	SAME
std/localization/locale.categories/category.time/locale.time.get.byname/get_time.pass.cpp	PASS	PASS	SAME
std/localization/locale.categories/category.time/locale.time.get.byname/get_time_wide.pass.cpp	PASS	PASS	SAME
std/localization/locale.categories/category.time/locale.time.get.byname/get_weekday.pass.cpp	PASS	PASS	SAME
std/localization/locale.categories/category.time/locale.time.get.byname/get_weekday_wide.pass.cpp	PASS	PASS	SAME
std/localization/locale.categories/category.time/locale.time.get.byname/get_year.pass.cpp	PASS	PASS	SAME
std/localization/locale.categories/category.time/locale.time.get.byname/get_year_wide.pass.cpp	PASS	PASS	SAME
std/localization/locale.categories/category.time/locale.time.get/ctor.pass.cpp	PASS	PASS	SAME
std/localization/locale.categories/category.time/locale.time.get/locale.time.get.members/date_order.pass.cpp	PASS	PASS	SAME
std/localization/locale.categories/category.time/locale.time.get/locale.time.get.members/get_date.pass.cpp	PASS	PASS	SAME
std/localization/locale.categories/category.time/locale.time.get/locale.time.get.members/get_date_wide.pass.cpp	PASS	PASS	SAME
std/localization/locale.categories/category.time/locale.time.get/locale.time.get.members/get_many.pass.cpp	PASS	PASS	SAME
std/localization/locale.categories/category.time/locale.time.get/locale.time.get.members/get_monthname.pass.cpp	PASS	PASS	SAME
std/localization/locale.categories/category.time/locale.time.get/locale.time.get.members/get_monthname_wide.pass.cpp	PASS	PASS	SAME
std/localization/locale.categories/category.time/locale.time.get/locale.time.get.members/get_one.pass.cpp	PASS	PASS	SAME
std/localization/locale.categories/category.time/locale.time.get/locale.time.get.members/get_time.pass.cpp	PASS	PASS	SAME
std/localization/locale.categories/category.time/locale.time.get/locale.time.get.members/get_time_wide.pass.cpp	PASS	PASS	SAME
std/localization/locale.categories/category.time/locale.time.get/locale.time.get.members/get_weekday.pass.cpp	PASS	PASS	SAME
std/localization/locale.categories/category.time/locale.time.get/locale.time.get.members/get_weekday_wide.pass.cpp	PASS	PASS	SAME
std/localization/locale.categories/category.time/locale.time.get/locale.time.get.members/get_year.pass.cpp	PASS	PASS	SAME
std/localization/locale.categories/category.time/locale.time.get/locale.time.get.virtuals/tested_elsewhere.pass.cpp	PASS	PASS	SAME
std/localization/locale.categories/category.time/locale.time.get/time_base.pass.cpp	PASS	PASS	SAME
std/localization/locale.categories/category.time/locale.time.get/types.pass.cpp	PASS	PASS	SAME
std/localization/locale.categories/category.time/locale.time.put.byname/put1.pass.cpp	PASS	PASS	SAME
std/localization/locale.categories/category.time/locale.time.put/ctor.pass.cpp	PASS	PASS	SAME
std/localization/locale.categories/category.time/locale.time.put/locale.time.put.members/put1.pass.cpp	PASS	PASS	SAME
std/localization/locale.categories/category.time/locale.time.put/locale.time.put.members/put2.pass.cpp	PASS	PASS	SAME
std/localization/locale.categories/category.time/locale.time.put/locale.time.put.virtuals/tested_elsewhere.pass.cpp	PASS	PASS	SAME
std/localization/locale.categories/category.time/locale.time.put/types.pass.cpp	PASS	PASS	SAME
std/localization/locale.categories/facet.numpunct/locale.numpunct/ctor.pass.cpp	PASS	PASS	SAME
std/localization/locale.categories/facet.numpunct/locale.numpunct/facet.numpunct.members/decimal_point.pass.cpp	PASS	PASS	SAME
std/localization/locale.categories/facet.numpunct/locale.numpunct/facet.numpunct.members/falsename.pass.cpp	PASS	PASS	SAME
