rank	candidate	occurrences	missing_or_reason	example_id	all_positions
19	std::numeric_limits	10	DEPENDENT_OR_LOCAL_NAMES: difference_type	19:4b51ff59a234561858eca35136e02207f8c2f2d1e12319fb7a084c495a636bdb:733:13	results/019.json.gz
19	std::numeric_limits	37	DEPENDENT_OR_LOCAL_NAMES: size_type	19:b905c94bf34d4b6e6d1c446e189aecea8234ce68beb06a0c3994f4f6e01bed60:324:24	results/019.json.gz
19	std::numeric_limits	20	DEPENDENT_OR_LOCAL_NAMES: uint8_t	19:40547146572673e633953c1f85bf75ea8cdd6e9beca7b1d959b0dddd859e4c62:442:29	results/019.json.gz
19	std::numeric_limits	72	DEPENDENT_OR_LOCAL_NAMES: size_t	19:b4cecb6e013372be4d2cee21d92f4df903d9668ed1a01be1c76cb99c5562cded:147:17	results/019.json.gz
19	std::numeric_limits	2	DEPENDENT_OR_LOCAL_NAMES: A,SizeType	19:655546c3102ca792b6da8e1941cc6b8e775e32419711e04710cf1d38571eb1c8:459:34	results/019.json.gz
19	std::numeric_limits	41	DEPENDENT_OR_LOCAL_NAMES: uint32_t	19:664a2991e24a3b879d7ba75a36039a01a1a31739807904576d6dcd2a90cad2e2:3573:41	results/019.json.gz
19	std::numeric_limits	13	DEPENDENT_OR_LOCAL_NAMES: uint16_t	19:664a2991e24a3b879d7ba75a36039a01a1a31739807904576d6dcd2a90cad2e2:3577:27	results/019.json.gz
19	std::numeric_limits	72	DEPENDENT_OR_LOCAL_NAMES: int64_t	19:6c03e7046e8dc1a03e243d3e4623b9602f776374cdd9d051a1fd5591feed8502:820:10	results/019.json.gz
19	std::numeric_limits	69	DEPENDENT_OR_LOCAL_NAMES: uint64_t	19:c4478378039534ab1a6312000f843cfe51c74a9187d8eea6649d5832e62c4879:192:22	results/019.json.gz
19	std::numeric_limits	27	DEPENDENT_OR_LOCAL_NAMES: int16_t	19:eac8eecd5801c5aab5cecd65b77516f5d22d62f20e4ed277935e2475d12d2a5a:51:27	results/019.json.gz
19	std::numeric_limits	1070	DEPENDENT_OR_LOCAL_NAMES: T	19:c4b22990d346b8dd344cddc62b42d2e348793c59d603dededa2626ecc99c72ea:166:10	results/019.json.gz
19	std::numeric_limits	111	DEPENDENT_OR_LOCAL_NAMES: result_type	19:b17d0a37935de32159e97a07d2a70c652f752a1fd93f5efe36b269f7c24fa759:63:24	results/019.json.gz
19	std::numeric_limits	50	DEPENDENT_OR_LOCAL_NAMES: IntType	19:9256a6a5771bd835bc2561804b9086ae0e2d8397e489090898df2b6d3ff55a85:190:20	results/019.json.gz
19	std::numeric_limits	87	DEPENDENT_OR_LOCAL_NAMES: R	19:cd90424833120bc35e9a7a500a24e405fa66d52604e388090e967e861857977c:209:29	results/019.json.gz
19	std::numeric_limits	2	DEPENDENT_OR_LOCAL_NAMES: URBG,result_type	19:aecf19128ab0ef0587741b9e53a5e3ad6bc79f55a9e754b2a36ef274c05c3e74:62:13	results/019.json.gz
19	std::numeric_limits	7	DEPENDENT_OR_LOCAL_NAMES: UIntType	19:aecf19128ab0ef0587741b9e53a5e3ad6bc79f55a9e754b2a36ef274c05c3e74:70:16	results/019.json.gz
19	std::numeric_limits	24	DEPENDENT_OR_LOCAL_NAMES: real_type	19:62c556062ef1cc2e9051e1cfd7f6687e018495ca65d375242d73934b17be0663:83:18	results/019.json.gz
19	std::numeric_limits	22	DEPENDENT_OR_LOCAL_NAMES: FloatType	19:2b928285a08675e0c7aa96124d284e7aa9af6b97cdd89c91df8f15be6768861c:237:28	results/019.json.gz
19	std::numeric_limits	1	DEPENDENT_OR_LOCAL_NAMES: A	19:ea75fb4a6d107f47169d0a13e4ec06c705b9eac62fc3a1e52e131621d1b6e7c1:60:7	results/019.json.gz
19	std::numeric_limits	1	DEPENDENT_OR_LOCAL_NAMES: B	19:ea75fb4a6d107f47169d0a13e4ec06c705b9eac62fc3a1e52e131621d1b6e7c1:60:41	results/019.json.gz
19	std::numeric_limits	1	DEPENDENT_OR_LOCAL_NAMES: IntType,MakeUnsigned	19:ea75fb4a6d107f47169d0a13e4ec06c705b9eac62fc3a1e52e131621d1b6e7c1:129:7	results/019.json.gz
19	std::numeric_limits	4	DEPENDENT_OR_LOCAL_NAMES: NumType	19:b7e8fc8ac331e0c8caf48c34ad087f028445db767ff42e694ef7eb5216057b4e:236:38	results/019.json.gz
19	std::numeric_limits	20	DEPENDENT_OR_LOCAL_NAMES: unsigned_type	19:29774e90f3a92499465a3fe935e939d19082f2f2fe612efbca6b8700ac9a7558:70:33	results/019.json.gz
19	std::numeric_limits	15	DEPENDENT_OR_LOCAL_NAMES: int_type	19:fa1df761baa8cb3786f10894acccd90c293e0db3036c2d8ff0d459a246d37230:133:12	results/019.json.gz
19	std::numeric_limits	1	DEPENDENT_OR_LOCAL_NAMES: FutexSeconds	19:a3e524c2c0d05d8aadbab536cd35867982e168139613d191e8b1c364c3d4840e:158:33	results/019.json.gz
19	std::numeric_limits	2	DEPENDENT_OR_LOCAL_NAMES: diff_t	19:32f4a93948a852cf1be123ac82f85d4b55f215bcfe4461b1bb1dde803789dff0:461:18	results/019.json.gz
19	std::numeric_limits	31	DEPENDENT_OR_LOCAL_NAMES: Rep	19:64643d54ac307640b17937d108012577e2153dae141092f17078001563867565:430:16	results/019.json.gz
19	std::numeric_limits	6	DEPENDENT_OR_LOCAL_NAMES: Arg,remove_const	19:929c3050d894cd1599f97ae7f12d0c16a1d6594a7f82f384dc436c15952e5f71:288:33	results/019.json.gz
19	std::numeric_limits	36	DEPENDENT_OR_LOCAL_NAMES: float_type	19:ad9c20289cdbb6561725fdc5afea3b254d350293412c3aba0571d6b33ddce148:263:25	results/019.json.gz
19	std::numeric_limits	1	DEPENDENT_OR_LOCAL_NAMES: uint_type	19:672d9809942ee0a43fd701f747c24e6ec67444ae57cfefa68a5e856b1987716f:51:8	results/019.json.gz
19	std::numeric_limits	1	DEPENDENT_OR_LOCAL_NAMES: buffer,fd_,n,read	19:1c3b40c331db371f26cddc179e1cd737f0e5dfd225620df15fc8bac6993d6b8a:275:39	results/019.json.gz
19	std::numeric_limits	1	DEPENDENT_OR_LOCAL_NAMES: buffer,fd_,n,write	19:1c3b40c331db371f26cddc179e1cd737f0e5dfd225620df15fc8bac6993d6b8a:314:39	results/019.json.gz
19	std::numeric_limits	4	DEPENDENT_OR_LOCAL_NAMES: DWORD_,boost,winapi	19:a52725698f56cbb992ca874be6089b3445a14d4980b230bba7bf266f21c96bc0:302:17	results/019.json.gz
19	std::numeric_limits	2	DEPENDENT_OR_LOCAL_NAMES: off_t	19:2847d061cb2b630c400590d533d96ce453c5496f3cb45affed2d0ed082480449:968:14	results/019.json.gz
19	std::numeric_limits	2	DEPENDENT_OR_LOCAL_NAMES: INT_,boost,winapi	19:b2b177620a80dd0e4c1ce705fd28348005bf2ab929513bcaa7c01d36900cabc5:458:18	results/019.json.gz
19	std::numeric_limits	1	DEPENDENT_OR_LOCAL_NAMES: Int	19:2609b43fc41596468b1cd6ef4e074320752e0fbad892b79f68e91f827d44c66f:835:33	results/019.json.gz
19	std::numeric_limits	117	DEPENDENT_OR_LOCAL_NAMES: RealType	19:829c15a675394ad82a0eb8fafbc5832ab40bd16a4b224114bf6a7a5297e75a74:70:17	results/019.json.gz
19	std::numeric_limits	2	DEPENDENT_OR_LOCAL_NAMES: out_type	19:72a997167dec1c27071cf2791485f2fd4bb718bada51334f84790141c5e2187e:163:29	results/019.json.gz
19	std::numeric_limits	1	DEPENDENT_OR_LOCAL_NAMES: A,allocator_size_type	19:66fef0d08dba4f2f469a6659f4bb9404c90da0f0ecd73814f12da70fbfa174af:636:13	results/019.json.gz
19	std::numeric_limits	7	DEPENDENT_OR_LOCAL_NAMES: boost,ulong_long_type	19:5b62177c2e9dbee1c34be8f43788d221c29e6544c0d2c48582e7d4955b65b991:114:37	results/019.json.gz
19	std::numeric_limits	4	DEPENDENT_OR_LOCAL_NAMES: Unsigned	19:3e9a9bb7ff871ac6ebfdba7165e35b330f5b95714b8dff7145778f6e3a3651e5:385:8	results/019.json.gz
19	std::numeric_limits	1	DEPENDENT_OR_LOCAL_NAMES: hour_type	19:2bc7b9f35aab33a8c25bb4fd85d0d161bc1dcbf1fc8e693a62945866bcbc36a3:833:39	results/019.json.gz
19	std::numeric_limits	2	DEPENDENT_OR_LOCAL_NAMES: lcast_abstract_stub	19:b8407e48a437166db6b905fa78d1317af9c5589012f7cc0df9c26384b64e38fa:52:9	results/019.json.gz
19	std::numeric_limits	4	DEPENDENT_OR_LOCAL_NAMES: integer_type	19:b43af6d1f7e9f237f4a21bd07a045861a2be0679319492745b888f8490685a5d:104:15	results/019.json.gz
19	std::numeric_limits	1	DEPENDENT_OR_LOCAL_NAMES: Block	19:1bd0c77a6443e1e1d07084fc2f5505f98a162500f5a79d3fb1d3c1779ff05faa:78:63	results/019.json.gz
19	std::numeric_limits	3	DEPENDENT_OR_LOCAL_NAMES: CT	19:498470726f50cde80093633aac0c5de83969d15ffbc84a0ca8e93353024989ca:80:37	results/019.json.gz
19	std::numeric_limits	2	DEPENDENT_OR_LOCAL_NAMES: RelativeDistance	19:a5ffe2e9d4d58b062efd1aee4e3628519923ca9fc7873f1b69ac220d8a0f725a:138:39	results/019.json.gz
19	std::numeric_limits	6	DEPENDENT_OR_LOCAL_NAMES: coordinate_type	19:42b6d9e2f691e34877eeee4ac2bd3ef66dad3eb81e88c81ff1bced54178663e9:174:13	results/019.json.gz
19	std::numeric_limits	21	DEPENDENT_OR_LOCAL_NAMES: content_type	19:29e00b46015c4a751718a37b8f14c6d355ffd0c76f4134627fc4f87e1c3be0ab:102:42	results/019.json.gz
19	std::numeric_limits	1	DEPENDENT_OR_LOCAL_NAMES: margin_type	19:ec9ac94eb78afc7e967e5506850ea73a6fb52fee62dd9a5ad0981ae8cf28eb8f:444:48	results/019.json.gz
19	std::numeric_limits	1	DEPENDENT_OR_LOCAL_NAMES: coor_t	19:54cb1e14413fa6fa1c258162f286b93f6b170650e533662fb3ff3c94a3e48cfb:50:32	results/019.json.gz
19	std::numeric_limits	2	DEPENDENT_OR_LOCAL_NAMES: CalculationType	19:ec999e28b17b85de4ee73391a127d1fddea7570f56f9d15c656257025ba19a0a:79:44	results/019.json.gz
19	std::numeric_limits	16	DEPENDENT_OR_LOCAL_NAMES: Type	19:84ba1705a42ffe261fc784869e480176270fd604883898f4dc500e34068bdba1:195:20	results/019.json.gz
19	std::numeric_limits	1	DEPENDENT_OR_LOCAL_NAMES: FundamentalFP	19:84ba1705a42ffe261fc784869e480176270fd604883898f4dc500e34068bdba1:311:21	results/019.json.gz
19	std::numeric_limits	1	DEPENDENT_OR_LOCAL_NAMES: Result	19:84ba1705a42ffe261fc784869e480176270fd604883898f4dc500e34068bdba1:496:34	results/019.json.gz
19	std::numeric_limits	6	DEPENDENT_OR_LOCAL_NAMES: Source	19:84ba1705a42ffe261fc784869e480176270fd604883898f4dc500e34068bdba1:497:34	results/019.json.gz
19	std::numeric_limits	13	DEPENDENT_OR_LOCAL_NAMES: RealNumber	19:c918c9a718a76aaf1a71e61477435f7514918f45dd515d0471a39d1e376e136b:305:20	results/019.json.gz
19	std::numeric_limits	1	DEPENDENT_OR_LOCAL_NAMES: UnsignedIntegralChannel	19:a3dc6c2fa1be2a7244f6014b97aa5d5c16eaf7c13a9338cac88b6f0349facf9e:47:10	results/019.json.gz
19	std::numeric_limits	2	DEPENDENT_OR_LOCAL_NAMES: channel_t	19:08afcce2a4df342096a6205abfd93a3947dd1b3ddbb19a3ced06f64b7c9408d4:62:22	results/019.json.gz
19	std::numeric_limits	2	DEPENDENT_OR_LOCAL_NAMES: I,Tuple	19:1e5021acfaac17f882854fad3d65e65da8baa287ebd5b5e6950cee0aec4d68d2:153:13	results/019.json.gz
19	std::numeric_limits	2	DEPENDENT_OR_LOCAL_NAMES: DstKeyType	19:34719f70e6757cb43a53a46c7a679f13866f094ce6512f8775270face391bef0:73:27	results/019.json.gz
19	std::numeric_limits	2	DEPENDENT_OR_LOCAL_NAMES: dst_channel_t	19:34719f70e6757cb43a53a46c7a679f13866f094ce6512f8775270face391bef0:123:34	results/019.json.gz
19	std::numeric_limits	4	DEPENDENT_OR_LOCAL_NAMES: source_channel_t	19:5ef40ffdc11ef7d8a55b20d4d4e2a9f49833802c3a5c87f14dadc45662d3dcce:169:38	results/019.json.gz
19	std::numeric_limits	2	DEPENDENT_OR_LOCAL_NAMES: ref_channel_t	19:5ef40ffdc11ef7d8a55b20d4d4e2a9f49833802c3a5c87f14dadc45662d3dcce:171:38	results/019.json.gz
19	std::numeric_limits	2	DEPENDENT_OR_LOCAL_NAMES: result_channel_t	19:57ab61de05bf6d9cfda23d698bab54fdcfb92f37848f6585c385414a29f9d3e3:158:35	results/019.json.gz
19	std::numeric_limits	2	DEPENDENT_OR_LOCAL_NAMES: vertex_descriptor	19:fcb1413a66403c55a065ef81ddac877b1181adbe00c131c8acb277e40f38f89e:499:17	results/019.json.gz
19	std::numeric_limits	3	DEPENDENT_OR_LOCAL_NAMES: weight_type	19:0bcd6f1482f68149fc0a94b8b785befe693ffac3cdb658c74941fdfa2daf9be1:155:32	results/019.json.gz
19	std::numeric_limits	4	DEPENDENT_OR_LOCAL_NAMES: tDistanceVal	19:bb4a885388c8272c2dc9c98db0e099939be6bc97b297a17bd3f791679ed6853b:526:28	results/019.json.gz
19	std::numeric_limits	5	DEPENDENT_OR_LOCAL_NAMES: comp_type	19:feb372c236ddc88045f4347438da26c5f0be2869b3f0349b7c2c844c8bfc8f25:45:29	results/019.json.gz
19	std::numeric_limits	2	DEPENDENT_OR_LOCAL_NAMES: D	19:3430144b46a073f867e6e9c71b1062695e6b1b4ae3c9a2318609d8ad12c11c4c:89:14	results/019.json.gz
19	std::numeric_limits	4	DEPENDENT_OR_LOCAL_NAMES: FlowValue	19:741ac8a939c1230affd62459d7677c4d2692b37fee9ceec4ff25fc1f9d5f129b:40:28	results/019.json.gz
19	std::numeric_limits	7	DEPENDENT_OR_LOCAL_NAMES: DistanceType	19:214576ca64d8349c6a7dc827de29f1e32b32c49beae51fc80789d5c10ee370fc:181:14	results/019.json.gz
19	std::numeric_limits	4	DEPENDENT_OR_LOCAL_NAMES: Dist	19:b3f6d9500abc6307e8e1d1083a8a179ea7b34600788590d34b8550c0551022fc:309:17	results/019.json.gz
19	std::numeric_limits	2	DEPENDENT_OR_LOCAL_NAMES: BucketIndex	19:b3f6d9500abc6307e8e1d1083a8a179ea7b34600788590d34b8550c0551022fc:345:31	results/019.json.gz
19	std::numeric_limits	10	DEPENDENT_OR_LOCAL_NAMES: distance_type	19:b3f6d9500abc6307e8e1d1083a8a179ea7b34600788590d34b8550c0551022fc:877:31	results/019.json.gz
19	std::numeric_limits	1	DEPENDENT_OR_LOCAL_NAMES: color_type	19:7936e6a7253a3213b8f801e605e9330e67e1422bc51b5e3c21b70f658d7f1b71:142:26	results/019.json.gz
19	std::numeric_limits	2	DEPENDENT_OR_LOCAL_NAMES: component_value_type	19:584a4a283a5ada2c534277531bf41377ee98df8aa80dc8adf5d6c885b673a1b1:246:43	results/019.json.gz
19	std::numeric_limits	3	DEPENDENT_OR_LOCAL_NAMES: edges_size_type	19:336e45a632ecce749d18a1dcb2552e8a309fca34587223b76e237d974df4a9c9:637:33	results/019.json.gz
19	std::numeric_limits	1	DEPENDENT_OR_LOCAL_NAMES: VerticesSizeType	19:ec6b1c57cd0425f7ddeb528550b21af0d3255772c455d08024fffa52f1ff6c62:306:30	results/019.json.gz
19	std::numeric_limits	2	DEPENDENT_OR_LOCAL_NAMES: color_t	19:34695b60b55d422f107df5156f7efccfa26a6e83b52cede20658f8f2be61cfb5:37:28	results/019.json.gz
19	std::numeric_limits	5	DEPENDENT_OR_LOCAL_NAMES: vertices_size_type	19:cd321bd1900fb62018a50947757add2dc136f2d2ae521aa31e49decc0c568e4e:126:12	results/019.json.gz
19	std::numeric_limits	2	DEPENDENT_OR_LOCAL_NAMES: WM	19:7fdca9a3fe86d5915e007041a547eae957d5e41e87d0a3b92b739d0d58782dba:152:13	results/019.json.gz
19	std::numeric_limits	15	DEPENDENT_OR_LOCAL_NAMES: value_type	19:bae2fa5d5d722e84e32cdd33df26d6835d5f62a7a50d85354f2a9f804fdc45fa:49:16	results/019.json.gz
19	std::numeric_limits	2	DEPENDENT_OR_LOCAL_NAMES: float_t	19:bae2fa5d5d722e84e32cdd33df26d6835d5f62a7a50d85354f2a9f804fdc45fa:214:27	results/019.json.gz
19	std::numeric_limits	2	DEPENDENT_OR_LOCAL_NAMES: WT	19:8ab4358e656dfe305078e8e328d7594ff3dcbbfd81f5e9ab61b3bc1ab7835d01:151:31	results/019.json.gz
19	std::numeric_limits	11	DEPENDENT_OR_LOCAL_NAMES: edge_property_t	19:14f887c4c3f125663105a1d658b3790d440e92b8b195f9864a96ecadd39dbbd7:179:28	results/019.json.gz
19	std::numeric_limits	7	DEPENDENT_OR_LOCAL_NAMES: type	19:6a321145a4b9c35324ea932cf36a124b1f25004e896c47ea02acf96649cf8f53:22:20	results/019.json.gz
19	std::numeric_limits	1	DEPENDENT_OR_LOCAL_NAMES: W	19:20a6c6c341a0b90e3e5be9f7e8a4cf1be0ff6f6e80e917f31f4fb99ea4ae2c5e:59:28	results/019.json.gz
19	std::numeric_limits	1	DEPENDENT_OR_LOCAL_NAMES: Degree	19:6e881135fc405fdb5240ca3ae39b3d9c31f3d32a5238ce53e02bee6c471a6cca:204:16	results/019.json.gz
19	std::numeric_limits	1	DEPENDENT_OR_LOCAL_NAMES: cg_vertex	19:cc80730785dae91c35fa5c277f2a86f171c96590e3d3d91a0d7ac6fdcff2690b:188:22	results/019.json.gz
19	std::numeric_limits	2	DEPENDENT_OR_LOCAL_NAMES: stability_counter_type	19:24d78657787040120778df3d60396c1b1c16d6f5babc612431a028b9a387e371:388:26	results/019.json.gz
19	std::numeric_limits	4	DEPENDENT_OR_LOCAL_NAMES: internal_value_type	19:5506516ff8c5bd0fb5c565fadb36ed1e6c30579719dcc48fe6a3c72de69792f2:338:17	results/019.json.gz
19	std::numeric_limits	17	DEPENDENT_OR_LOCAL_NAMES: Integer	19:01e9d3a34e53cad2bcc3f2fbc0cc6ac602ea1fc95b9ce4d759d485c80987fa15:447:14	results/019.json.gz
19	std::numeric_limits	2	DEPENDENT_OR_LOCAL_NAMES: Z	19:692df6bac4a32cfd0d44c7eb2cbe725f29a10928ecc6c7f13d228b9907d40f6a:29:30	results/019.json.gz
19	std::numeric_limits	29	NO_SELECTED_PROJECTION: helper/alias/base/template-name use needs downstream lookup	19:b1f0d9685488b21e01fcc784855c1e228e917dfe81097b18f80059c046c637a0:76:12	results/019.json.gz
19	std::numeric_limits	5	DEPENDENT_OR_LOCAL_NAMES: boost,long_long_type	19:b1f0d9685488b21e01fcc784855c1e228e917dfe81097b18f80059c046c637a0:169:12	results/019.json.gz
19	std::numeric_limits	2	DEPENDENT_OR_LOCAL_NAMES: __int64	19:b1f0d9685488b21e01fcc784855c1e228e917dfe81097b18f80059c046c637a0:238:12	results/019.json.gz
19	std::numeric_limits	2	DEPENDENT_OR_LOCAL_NAMES: Unsigned_Integer	19:8882858da0186d4fe71cbab952bdfa3d481f589a7dd01ca3d9be9ca0223df0d7:140:31	results/019.json.gz
19	std::numeric_limits	1	DEPENDENT_OR_LOCAL_NAMES: BOOST_LEAF_CFG_TLS_INDEX_TYPE	19:d19e09ed2b300f10666ed09a9f108f9492131a6cfd3ca301a5ce0f1ca84268a9:48:58	results/019.json.gz
19	std::numeric_limits	1	DEPENDENT_OR_LOCAL_NAMES: source_type	19:a79a69cc149dc363e234598147020dfe25aa30997081c926cbe7094482702c8d:54:37	results/019.json.gz
19	std::numeric_limits	3	DEPENDENT_OR_LOCAL_NAMES: tag_t	19:31618cd7520a8b64e8c73eeba859fd42609652b59b5609a78172da583a305fdf:314:42	results/019.json.gz
19	std::numeric_limits	1	DEPENDENT_OR_LOCAL_NAMES: char_type	19:5ddb48dde39288b9a66e708b912e9431f507a93ee2eedb1ec17c1ec1f256138f:213:32	results/019.json.gz
19	std::numeric_limits	5	DEPENDENT_OR_LOCAL_NAMES: uintmax_t	19:0c1be3a06e52e93bc5551eb5d1c9e5fb1680ebdf490c77a6e61f1a4cd770b696:162:32	results/019.json.gz
19	std::numeric_limits	703	DEPENDENT_OR_LOCAL_NAMES: Real	19:c1955ca6ced127cd5547fa6a9ed9694d0b40218dee6e2abfd732c3ddba499b90:59:20	results/019.json.gz
19	std::numeric_limits	4	DEPENDENT_OR_LOCAL_NAMES: T1	19:c1955ca6ced127cd5547fa6a9ed9694d0b40218dee6e2abfd732c3ddba499b90:94:30	results/019.json.gz
19	std::numeric_limits	5	DEPENDENT_OR_LOCAL_NAMES: T2	19:c1955ca6ced127cd5547fa6a9ed9694d0b40218dee6e2abfd732c3ddba499b90:95:30	results/019.json.gz
19	std::numeric_limits	2	DEPENDENT_OR_LOCAL_NAMES: T3	19:c1955ca6ced127cd5547fa6a9ed9694d0b40218dee6e2abfd732c3ddba499b90:96:30	results/019.json.gz
19	std::numeric_limits	5	DEPENDENT_OR_LOCAL_NAMES: ReturnType	19:2f4ee3eae896d86b31745f9bdea29a751b6c117bf092e170f5bebd7ca86b938b:58:38	results/019.json.gz
19	std::numeric_limits	1	DEPENDENT_OR_LOCAL_NAMES: concepts,real_concept_base_type	19:864290f2799e01fcba524a4f77b2d45a81538d2ca980922450a2f79745b0f3c9:371:11	results/019.json.gz
19	std::numeric_limits	36	DEPENDENT_OR_LOCAL_NAMES: BOOST_CSTDFLOAT_EXTENDED_COMPLEX_FLOAT_TYPE	19:1113df9f3072f75a9e2d06dc00c15bd543c421abcd6f0bf7361d34f889d02f25:232:62	results/019.json.gz
19	std::numeric_limits	4	DEPENDENT_OR_LOCAL_NAMES: boost,float16_t	19:ef8153f9dd23e9bcd11e751cd5e87ed285045b7ec49434a6106f1fdc506746ed:336:21	results/019.json.gz
19	std::numeric_limits	4	DEPENDENT_OR_LOCAL_NAMES: boost,float32_t	19:ef8153f9dd23e9bcd11e751cd5e87ed285045b7ec49434a6106f1fdc506746ed:350:21	results/019.json.gz
19	std::numeric_limits	4	DEPENDENT_OR_LOCAL_NAMES: boost,float64_t	19:ef8153f9dd23e9bcd11e751cd5e87ed285045b7ec49434a6106f1fdc506746ed:373:21	results/019.json.gz
19	std::numeric_limits	4	DEPENDENT_OR_LOCAL_NAMES: boost,float80_t	19:ef8153f9dd23e9bcd11e751cd5e87ed285045b7ec49434a6106f1fdc506746ed:387:21	results/019.json.gz
19	std::numeric_limits	4	DEPENDENT_OR_LOCAL_NAMES: boost,float128_t	19:ef8153f9dd23e9bcd11e751cd5e87ed285045b7ec49434a6106f1fdc506746ed:406:21	results/019.json.gz
19	std::numeric_limits	3	DEPENDENT_OR_LOCAL_NAMES: root_type	19:a6c89b9879739fb0bef4cc7eff02dc56be3285ee4152e82903227957674f82e4:1415:18	results/019.json.gz
19	std::numeric_limits	16	NO_TEMPLATE_ARGUMENT_LIST	19:ed14c0105c9da9539bf5e83afff55831bf3a6fde31e92a091aa942d59945fb28:56:15	results/019.json.gz
19	std::numeric_limits	3	DEPENDENT_OR_LOCAL_NAMES: RealT	19:648787c25a74749e66fe3d9fc8dc998bfcd17e8695dd3b73d3ca8959bd388564:405:9	results/019.json.gz
19	std::numeric_limits	2	DEPENDENT_OR_LOCAL_NAMES: Point	19:8611a2b5378742320afffedad7022847af57146dec42dc2c476205cd1f7f942e:121:23	results/019.json.gz
19	std::numeric_limits	10	DEPENDENT_OR_LOCAL_NAMES: TargetType	19:099f84d6a1286a0d56ba5908a9a0df8c14ee0af977d85609e8b757c07d259996:574:18	results/019.json.gz
19	std::numeric_limits	2	DEPENDENT_OR_LOCAL_NAMES: shift_type	19:77b8f08bee73bfb578c132eb972f34d8b1159fee20e4fec1b79a71f5ddf97e11:90:21	results/019.json.gz
19	std::numeric_limits	1	DEPENDENT_OR_LOCAL_NAMES: float128	19:90d9fdb116161c7d4240d489892b6021d6ba953beb2c72cb0bf5aa93691b6d6b:759:8	results/019.json.gz
19	std::numeric_limits	65	DEPENDENT_OR_LOCAL_NAMES: U	19:fa0bf1e9af7fb68186f1fdaefbf7c4a70ffaba78babaaf17c409151ea3c7a990:690:53	results/019.json.gz
19	std::numeric_limits	10	DEPENDENT_OR_LOCAL_NAMES: ValType	19:3c6a377d86dcef0e169c9b9e0a517cec499f6ebfecaf42ac7e07ac0e869d8acc:275:11	results/019.json.gz
19	std::numeric_limits	4	限定名还有外层命名空间；不是已确认的全局 std	19:24e7ec87d088a38033cb7d938e10a80aca01d5fa5e7eb2a0eede05e0b9a39dfb:73:24	results/019.json.gz
19	std::numeric_limits	6	DEPENDENT_OR_LOCAL_NAMES: RandomAccessContainer	19:db1ebac33fab8f5f265296f7714ff5f387e2a5257e9169da4f0e03b3acc6a735:20:91	results/019.json.gz
19	std::numeric_limits	4	DEPENDENT_OR_LOCAL_NAMES: RandomAccessIterator	19:c8b2b569d4db8e5acd874c73c60d4fbffda019eddb84ad60b74602d70f5ab328:519:76	results/019.json.gz
19	std::numeric_limits	2	DEPENDENT_OR_LOCAL_NAMES: RealOrComplex	19:4196fa1936a4a82fc2387207e38bab0c4a34897a7fca513eff07de362327d91b:311:67	results/019.json.gz
19	std::numeric_limits	1	DEPENDENT_OR_LOCAL_NAMES: Complex	19:a753efc542780c2938545f4234705b9c20e164f3158f8e7a3dcf3bd15342593c:794:65	results/019.json.gz
19	std::numeric_limits	5	DEPENDENT_OR_LOCAL_NAMES: PreciseReal	19:2bf63388ac291ff4ebcca67cb91a1762605bfbd2c86dcd7b7b959d15e575b3a7:115:30	results/019.json.gz
19	std::numeric_limits	2	DEPENDENT_OR_LOCAL_NAMES: CoarseReal	19:2bf63388ac291ff4ebcca67cb91a1762605bfbd2c86dcd7b7b959d15e575b3a7:485:65	results/019.json.gz
19	std::numeric_limits	2	DEPENDENT_OR_LOCAL_NAMES: index	19:d21cc8bdaede64addb549f315d7837cceebea2b70a2cf6681bd0551170cc66e9:40:17	results/019.json.gz
19	std::numeric_limits	5	DEPENDENT_OR_LOCAL_NAMES: Backend,number	19:8d355adbbce0a1c9264b97d97dbfddfea5cb2f33f1fb7f6662da6bb87298ce1f:497:31	results/019.json.gz
19	std::numeric_limits	22	DEPENDENT_OR_LOCAL_NAMES: Float	19:bcd782b34bd90d894c416fa595cd31c9e7114f343eb4dd1aad24bb722ab3dfc5:68:35	results/019.json.gz
19	std::numeric_limits	4	DEPENDENT_OR_LOCAL_NAMES: exponent_type	19:bcd782b34bd90d894c416fa595cd31c9e7114f343eb4dd1aad24bb722ab3dfc5:106:57	results/019.json.gz
19	std::numeric_limits	2	DEPENDENT_OR_LOCAL_NAMES: BinFloat1,number	19:bcd782b34bd90d894c416fa595cd31c9e7114f343eb4dd1aad24bb722ab3dfc5:810:16	results/019.json.gz
19	std::numeric_limits	20	DEPENDENT_OR_LOCAL_NAMES: Allocator,DigitBase,Digits,Exponent,MaxE,MinE,cpp_bin_float,number	19:bcd782b34bd90d894c416fa595cd31c9e7114f343eb4dd1aad24bb722ab3dfc5:967:16	results/019.json.gz
19	std::numeric_limits	21	DEPENDENT_OR_LOCAL_NAMES: I	19:bcd782b34bd90d894c416fa595cd31c9e7114f343eb4dd1aad24bb722ab3dfc5:1448:35	results/019.json.gz
19	std::numeric_limits	1	DEPENDENT_OR_LOCAL_NAMES: si_type	19:bcd782b34bd90d894c416fa595cd31c9e7114f343eb4dd1aad24bb722ab3dfc5:1743:28	results/019.json.gz
19	std::numeric_limits	3	DEPENDENT_OR_LOCAL_NAMES: Exponent	19:bcd782b34bd90d894c416fa595cd31c9e7114f343eb4dd1aad24bb722ab3dfc5:1752:14	results/019.json.gz
19	std::numeric_limits	6	DEPENDENT_OR_LOCAL_NAMES: Allocator,Digits10,ExponentType,cpp_dec_float,exponent_type	19:941e6d32e6d47b6547948016889a1587ab61c557f8c558d0b783458f044fd18e:3386:15	results/019.json.gz
19	std::numeric_limits	11	DEPENDENT_OR_LOCAL_NAMES: limb_type	19:2677f6c5f854060c483f08500f2d7ddb16e4d3f5e64562e414fdd1ebb4226aa4:1643:35	results/019.json.gz
19	std::numeric_limits	1	DEPENDENT_OR_LOCAL_NAMES: Allocator,Checked,MaxBits,MinBits,SignType,backends,cpp_int_backend,et_on,number	19:2677f6c5f854060c483f08500f2d7ddb16e4d3f5e64562e414fdd1ebb4226aa4:2298:42	results/019.json.gz
19	std::numeric_limits	1	DEPENDENT_OR_LOCAL_NAMES: Allocator2,Checked2,MaxBits2,MinBits2,SignType2,backends,cpp_int_backend,et_on,number	19:2677f6c5f854060c483f08500f2d7ddb16e4d3f5e64562e414fdd1ebb4226aa4:2298:164	results/019.json.gz
19	std::numeric_limits	3	DEPENDENT_OR_LOCAL_NAMES: Allocator1,Checked1,MaxBits1,MinBits1,SignType1,cpp_int_backend,number	19:3e6b6fbf1720d1b51248297c6ed92df9dafd45ae224757cd775323cf7df4b11c:244:44	results/019.json.gz
19	std::numeric_limits	3	DEPENDENT_OR_LOCAL_NAMES: Allocator2,Checked2,MaxBits2,MinBits2,SignType2,cpp_int_backend,number	19:3e6b6fbf1720d1b51248297c6ed92df9dafd45ae224757cd775323cf7df4b11c:244:158	results/019.json.gz
19	std::numeric_limits	1	DEPENDENT_OR_LOCAL_NAMES: Backend,local_limb_type	19:6298449183554ab788f7b200f9f72cda46423439e9f5e19d02291b3f921d42e8:204:56	results/019.json.gz
19	std::numeric_limits	4	DEPENDENT_OR_LOCAL_NAMES: double_limb_type	19:25413c62b71c24e9a4a42ea210ee206701c2a97b976960a2f9a39299905ab64c:495:27	results/019.json.gz
19	std::numeric_limits	4	DEPENDENT_OR_LOCAL_NAMES: Backend,ExpressionTemplates,boost,multiprecision,number	19:4ba35b0643e5421bae8bbc15ae465270e35260b5e49a8ca75ca2ac8723e3e0b2:715:14	results/019.json.gz
19	std::numeric_limits	24	DEPENDENT_OR_LOCAL_NAMES: T,number	19:9035208de9d901cf8876c2a288aa87e3e923229c864f573d0d16b5b925937a25:1278:16	results/019.json.gz
19	std::numeric_limits	5	DEPENDENT_OR_LOCAL_NAMES: B,number	19:9035208de9d901cf8876c2a288aa87e3e923229c864f573d0d16b5b925937a25:1885:19	results/019.json.gz
19	std::numeric_limits	5	DEPENDENT_OR_LOCAL_NAMES: B,exponent_type	19:9035208de9d901cf8876c2a288aa87e3e923229c864f573d0d16b5b925937a25:1891:33	results/019.json.gz
19	std::numeric_limits	1	DEPENDENT_OR_LOCAL_NAMES: R,number	19:9035208de9d901cf8876c2a288aa87e3e923229c864f573d0d16b5b925937a25:2035:29	results/019.json.gz
19	std::numeric_limits	2	DEPENDENT_OR_LOCAL_NAMES: Backend,ExpressionTemplates,multiprecision,number	19:9035208de9d901cf8876c2a288aa87e3e923229c864f573d0d16b5b925937a25:2611:16	results/019.json.gz
19	std::numeric_limits	1	DEPENDENT_OR_LOCAL_NAMES: Backend,et_off,number	19:2d43e4dc0ff03eb498525b0f08172689ec6e8280489b0a76f25665e0620f969c:221:19	results/019.json.gz
19	std::numeric_limits	20	DEPENDENT_OR_LOCAL_NAMES: T,et_on,number	19:4912686750dae76e829a6912718fa3889dae425919059a91bac7e753b6f4aa64:248:26	results/019.json.gz
19	std::numeric_limits	1	DEPENDENT_OR_LOCAL_NAMES: exp_type	19:4912686750dae76e829a6912718fa3889dae425919059a91bac7e753b6f4aa64:313:14	results/019.json.gz
19	std::numeric_limits	4	DEPENDENT_OR_LOCAL_NAMES: T,boost,canonical,detail,multiprecision	19:4912686750dae76e829a6912718fa3889dae425919059a91bac7e753b6f4aa64:578:8	results/019.json.gz
19	std::numeric_limits	3	DEPENDENT_OR_LOCAL_NAMES: T,exponent_type	19:e802b586c80227149d36621e2752ea15f90d7b22bef92f5d17426ff521fc8845:690:33	results/019.json.gz
19	std::numeric_limits	4	DEPENDENT_OR_LOCAL_NAMES: l_limb_type	19:9ec3cca3e2488a185d17c2b4dba29e8b84c1eef39e0ad1bb523b4123c370f6c0:60:24	results/019.json.gz
19	std::numeric_limits	5	DEPENDENT_OR_LOCAL_NAMES: From,number	19:9ec3cca3e2488a185d17c2b4dba29e8b84c1eef39e0ad1bb523b4123c370f6c0:143:23	results/019.json.gz
19	std::numeric_limits	2	DEPENDENT_OR_LOCAL_NAMES: to_exponent	19:9ec3cca3e2488a185d17c2b4dba29e8b84c1eef39e0ad1bb523b4123c370f6c0:203:16	results/019.json.gz
19	std::numeric_limits	15	DEPENDENT_OR_LOCAL_NAMES: To	19:9ec3cca3e2488a185d17c2b4dba29e8b84c1eef39e0ad1bb523b4123c370f6c0:339:32	results/019.json.gz
19	std::numeric_limits	3	DEPENDENT_OR_LOCAL_NAMES: actual_to_type	19:9ec3cca3e2488a185d17c2b4dba29e8b84c1eef39e0ad1bb523b4123c370f6c0:401:158	results/019.json.gz
19	std::numeric_limits	2	DEPENDENT_OR_LOCAL_NAMES: Num	19:da08cd37a9beffa84965781305f5b18c31e9f8e65232be080ed046700a0c6f92:1519:84	results/019.json.gz
19	std::numeric_limits	5	DEPENDENT_OR_LOCAL_NAMES: B,ET,boost,multiprecision,number	19:6a260661370a86ac273f3e31686a304fbc6bffa05fa726d3494181ddbd122549:19:11	results/019.json.gz
19	std::numeric_limits	3	DEPENDENT_OR_LOCAL_NAMES: Terminal	19:6a260661370a86ac273f3e31686a304fbc6bffa05fa726d3494181ddbd122549:65:10	results/019.json.gz
19	std::numeric_limits	1	DEPENDENT_OR_LOCAL_NAMES: first_float	19:6a260661370a86ac273f3e31686a304fbc6bffa05fa726d3494181ddbd122549:78:116	results/019.json.gz
19	std::numeric_limits	12	DEPENDENT_OR_LOCAL_NAMES: range_type	19:40a0129aa9e13745aa579bca96890c5a22886e10022361dd71c17be00d0578cf:65:26	results/019.json.gz
19	std::numeric_limits	13	DEPENDENT_OR_LOCAL_NAMES: base_unsigned	19:40a0129aa9e13745aa579bca96890c5a22886e10022361dd71c17be00d0578cf:118:86	results/019.json.gz
19	std::numeric_limits	9	DEPENDENT_OR_LOCAL_NAMES: self_type	19:6c6bcbb0f7616617e8207413d8db2442e855cbe266e6cabff03727c165d73fdc:35:31	results/019.json.gz
19	std::numeric_limits	22	DEPENDENT_OR_LOCAL_NAMES: V	19:4b11ad36ac9156c502bdeb3b28b4a2b39e3be4841b21a0ecfde635647839b44f:823:10	results/019.json.gz
19	std::numeric_limits	1	DEPENDENT_OR_LOCAL_NAMES: mpir_ui	19:4b11ad36ac9156c502bdeb3b28b4a2b39e3be4841b21a0ecfde635647839b44f:2312:57	results/019.json.gz
19	std::numeric_limits	6	DEPENDENT_OR_LOCAL_NAMES: mp_exp_t	19:4b11ad36ac9156c502bdeb3b28b4a2b39e3be4841b21a0ecfde635647839b44f:3436:68	results/019.json.gz
19	std::numeric_limits	3	DEPENDENT_OR_LOCAL_NAMES: number_type	19:4b11ad36ac9156c502bdeb3b28b4a2b39e3be4841b21a0ecfde635647839b44f:3546:70	results/019.json.gz
19	std::numeric_limits	1	DEPENDENT_OR_LOCAL_NAMES: real_cast_type	19:1a2d18d16098b528ce9dd13ac8fc440d543cdcb691c894255f442da7afd3734c:217:36	results/019.json.gz
19	std::numeric_limits	1	DEPENDENT_OR_LOCAL_NAMES: Digits10,et_on,mpfi_float_backend,number	19:b0fafa718a55c3fd290827ee5216e922b75a67f8ef25455c2db2d826f28877ad:1214:16	results/019.json.gz
19	std::numeric_limits	2	DEPENDENT_OR_LOCAL_NAMES: AllocateType,ExpressionTemplates,boost,mpfr_float_backend,multiprecision,number	19:c9254c0b93831b50045063c93d2a57c368ed1a137ea2117cf058d29410c46df1:3338:17	results/019.json.gz
19	std::numeric_limits	1	DEPENDENT_OR_LOCAL_NAMES: Backend	19:23757733a6f1111aab0af98bb0bf5105fde08ac412c2cbf18d51bbad42656012:724:26	results/019.json.gz
19	std::numeric_limits	1	DEPENDENT_OR_LOCAL_NAMES: ExpressionTemplates,IntBackend,boost,multiprecision,number	19:23757733a6f1111aab0af98bb0bf5105fde08ac412c2cbf18d51bbad42656012:1263:140	results/019.json.gz
19	std::numeric_limits	1	DEPENDENT_OR_LOCAL_NAMES: IntBackend,boost,multiprecision,number	19:23757733a6f1111aab0af98bb0bf5105fde08ac412c2cbf18d51bbad42656012:1265:25	results/019.json.gz
19	std::numeric_limits	1	DEPENDENT_OR_LOCAL_NAMES: SignedInt	19:0bef7aa88ab0da447a72b15f0929fc8aa94c617d6f03840d0ed4b17b555435e7:42:22	results/019.json.gz
19	std::numeric_limits	1	DEPENDENT_OR_LOCAL_NAMES: UnsignedInt	19:0bef7aa88ab0da447a72b15f0929fc8aa94c617d6f03840d0ed4b17b555435e7:79:14	results/019.json.gz
19	std::numeric_limits	5	DEPENDENT_OR_LOCAL_NAMES: N	19:c0ef0270bfc67f6b687bcd02a9c2e85a46f619203a0c4194b812a9f427bb9603:22:15	results/019.json.gz
19	std::numeric_limits	6	DEPENDENT_OR_LOCAL_NAMES: S	19:6d0510d03fccd15fe504ce8fce9fe10662988e9dccc8b99c50f0d82c27b7dd0b:38:27	results/019.json.gz
19	std::numeric_limits	2	DEPENDENT_OR_LOCAL_NAMES: base_type	19:3711a9f0fa0764b134375466422cd39bbb08a63f52436045f65c6de8070a6837:50:17	results/019.json.gz
19	std::numeric_limits	36	DEPENDENT_OR_LOCAL_NAMES: Unit	19:fb28ee5f88255944f2225ea82d919ab865deacc171bea7843a799cf4ef267892:282:21	results/019.json.gz
19	std::numeric_limits	2	DEPENDENT_OR_LOCAL_NAMES: Unit2	19:25bb6a0efde0e17c8630f7661f5eb45fa2db03ec9bd7f47366bd499b148d5e9b:1256:28	results/019.json.gz
19	std::numeric_limits	1	STATIC_MEMBER_NOT_OBSERVED_AS_ZERO_ARGUMENT_CALL	19:7a260abc10d231ac73b4c536d3a283c78afd3f4335f8e2e17a1fc88b47393f5b:317:24	results/019.json.gz
19	std::numeric_limits	1	DEPENDENT_OR_LOCAL_NAMES: decayed	19:854b2ee366ed5806d8ec6ef1823279b41c14f4dee22ba069b7fc54b43fd76d33:85:17	results/019.json.gz
19	std::numeric_limits	2	DEPENDENT_OR_LOCAL_NAMES: F	19:854b2ee366ed5806d8ec6ef1823279b41c14f4dee22ba069b7fc54b43fd76d33:98:25	results/019.json.gz
19	std::numeric_limits	6	DEPENDENT_OR_LOCAL_NAMES: boost,uintmax_t	19:18748f7a52295f744086cb322070952ebb98a0d8de1632579bec81f0f1d518b5:133:12	results/019.json.gz
19	std::numeric_limits	1	DEPENDENT_OR_LOCAL_NAMES: URNG,result_type	19:dca8077bc70ffb395c9fcae1729dbc46c11dd836ea495b28da7a0db3d05e3db0:28:16	results/019.json.gz
19	std::numeric_limits	12	DEPENDENT_OR_LOCAL_NAMES: digit_t	19:319b2806e9d6a0c6e8fa0d15c1337ee916f426669c2b1257ebbb430272ca4d1a:46:28	results/019.json.gz
19	std::numeric_limits	4	DEPENDENT_OR_LOCAL_NAMES: base_result	19:45863658353e6fc0ecbd4a568b2d474bf947f0d4ec58a555947049087d9f3d0a:39:13	results/019.json.gz
19	std::numeric_limits	1	DEPENDENT_OR_LOCAL_NAMES: WeightType	19:b84e4fd5aff45058a07ec4a7cea152320284230f3f4fb9f30f54366c0eda1d88:116:17	results/019.json.gz
19	std::numeric_limits	1	DEPENDENT_OR_LOCAL_NAMES: UniformRandomNumberGenerator	19:11cdd230086b104b23fe922a6d74f9d100c6ce935c7339fa29e5a870e0cc2746:188:63	results/019.json.gz
19	std::numeric_limits	8	DEPENDENT_OR_LOCAL_NAMES: FromInt	19:8f31f4aa238c5337894b9f4bec472eda63f8eb271f2381cab9fe796d45061625:123:45	results/019.json.gz
19	std::numeric_limits	4	DEPENDENT_OR_LOCAL_NAMES: ToInt	19:8f31f4aa238c5337894b9f4bec472eda63f8eb271f2381cab9fe796d45061625:124:54	results/019.json.gz
19	std::numeric_limits	5	DEPENDENT_OR_LOCAL_NAMES: boost,intmax_t	19:8846b5fea5c16c6e28bf3475a6481c0ad66abc9681b77f87e36dda42157719c1:50:11	results/019.json.gz
19	std::numeric_limits	6	DEPENDENT_OR_LOCAL_NAMES: charT	19:8846b5fea5c16c6e28bf3475a6481c0ad66abc9681b77f87e36dda42157719c1:1839:18	results/019.json.gz
19	std::numeric_limits	4	DEPENDENT_OR_LOCAL_NAMES: uchar_type	19:139bcb0b7e2e8b9a90e089cba9d07dbe8d5d95061246c98dc548fe39a112ce1a:640:52	results/019.json.gz
19	std::numeric_limits	2	DEPENDENT_OR_LOCAL_NAMES: boost,uint64_t	19:bd44ca6d9c59da686feed7a8f9c444289cf2413969657825c183771fb9ef4c67:36:15	results/019.json.gz
19	std::numeric_limits	4	DEPENDENT_OR_LOCAL_NAMES: uint_least16_t	19:93b6643f8a346b9ad4044cbc10f8da5e4d06c6ee13909711f415fa8ac1dcfa17:617:77	results/019.json.gz
19	std::numeric_limits	16	DEPENDENT_OR_LOCAL_NAMES: temp_base_type	19:5b68f7c7f3a1de4470bc5e03430d09b0c8b2f0efe0712999899691413d209791:87:19	results/019.json.gz
19	std::numeric_limits	1	DEPENDENT_OR_LOCAL_NAMES: T,U,select_signed	19:8bae7e699161d6f47b18cef561ddfd8665ef5f744acbabffdddb36ff4336dd23:130:13	results/019.json.gz
19	std::numeric_limits	1	DEPENDENT_OR_LOCAL_NAMES: T,U,select_unsigned	19:8bae7e699161d6f47b18cef561ddfd8665ef5f744acbabffdddb36ff4336dd23:131:13	results/019.json.gz
19	std::numeric_limits	21	DEPENDENT_OR_LOCAL_NAMES: result_base_type	19:23bb3b4f7be7cca232b34a922150fbadfc78f62af774b6e67b7a266817d88c6f:432:15	results/019.json.gz
19	std::numeric_limits	2	DEPENDENT_OR_LOCAL_NAMES: T,base_type	19:23bb3b4f7be7cca232b34a922150fbadfc78f62af774b6e67b7a266817d88c6f:770:13	results/019.json.gz
19	std::numeric_limits	2	DEPENDENT_OR_LOCAL_NAMES: U,base_type	19:23bb3b4f7be7cca232b34a922150fbadfc78f62af774b6e67b7a266817d88c6f:771:13	results/019.json.gz
19	std::numeric_limits	2	DEPENDENT_OR_LOCAL_NAMES: Data_type	19:063cd7c7cbb9aeec54a247812359f9dce96b9329193c4e3cfc7de93ecc194858:43:27	results/019.json.gz
19	std::numeric_limits	2	DEPENDENT_OR_LOCAL_NAMES: Cast_type	19:063cd7c7cbb9aeec54a247812359f9dce96b9329193c4e3cfc7de93ecc194858:44:27	results/019.json.gz
19	std::numeric_limits	7	DEPENDENT_OR_LOCAL_NAMES: RandomAccessIter	19:063cd7c7cbb9aeec54a247812359f9dce96b9329193c4e3cfc7de93ecc194858:701:10	results/019.json.gz
19	std::numeric_limits	35	DEPENDENT_OR_LOCAL_NAMES: CharT	19:37ca780fce3c9bed8e65934580d6e451ede3148f71379fe39f0badbb5ef5c009:94:10	results/019.json.gz
19	std::numeric_limits	2	DEPENDENT_OR_LOCAL_NAMES: char_t	19:4b13a857becc4bbe9eccd97670b8e3357144bc7a85dbaab636c57af374b6694a:77:38	results/019.json.gz
19	std::numeric_limits	1	DEPENDENT_OR_LOCAL_NAMES: biggest_long_type	19:85b8f2b38d4d21202361f7f32483fe6ce96a5ddd05fd8c904048ef23e47ab7e6:641:21	results/019.json.gz
19	std::numeric_limits	8	DEPENDENT_OR_LOCAL_NAMES: Char	19:41cc1eb211f3f99e90e54705736c4362ef32efd4642417027d2b8de5c4265fa4:76:18	results/019.json.gz
19	std::numeric_limits	2	DEPENDENT_OR_LOCAL_NAMES: counter_t	19:9d8bf31c7ecf62e8d8725376b839c5b1ca589d8f73694c4e46754eb94a68cabe:153:52	results/019.json.gz
19	std::numeric_limits	3	DEPENDENT_OR_LOCAL_NAMES: FPT	19:6bc8401d1a72878b5906f0938c030bbd5b91d5ccb50990e88de28ce6d7613a0a:152:39	results/019.json.gz
19	std::numeric_limits	2	DEPENDENT_OR_LOCAL_NAMES: Lhs	19:b11fbae8666a514ca9a636e11ddef6c2c75c83b1a55e88dc12f218665c5ad8f6:203:17	results/019.json.gz
19	std::numeric_limits	2	DEPENDENT_OR_LOCAL_NAMES: Rhs	19:b11fbae8666a514ca9a636e11ddef6c2c75c83b1a55e88dc12f218665c5ad8f6:205:17	results/019.json.gz
19	std::numeric_limits	2	DEPENDENT_OR_LOCAL_NAMES: time_t	19:34f1bdd9574517437d62af696283a6580c82e048660dbc9dd72aff18dddacdd9:344:20	results/019.json.gz
19	std::numeric_limits	1	DEPENDENT_OR_LOCAL_NAMES: boost,time_max_t	19:34f1bdd9574517437d62af696283a6580c82e048660dbc9dd72aff18dddacdd9:348:31	results/019.json.gz
19	std::numeric_limits	1	DEPENDENT_OR_LOCAL_NAMES: boost,uint32_t	19:8cc76641b9d4618dd9da94285927c17f438bfbcd882fc56d38e839cadca16d23:76:24	results/019.json.gz
19	std::numeric_limits	2	DEPENDENT_OR_LOCAL_NAMES: RefCountType	19:4a0fd0cae3b7de38e86aa9fe650ab3aea0d7b5f4cacdf603165e130b850b0835:1242:29	results/019.json.gz
19	std::numeric_limits	1	DEPENDENT_OR_LOCAL_NAMES: ItOrLength	19:4a0fd0cae3b7de38e86aa9fe650ab3aea0d7b5f4cacdf603165e130b850b0835:1926:18	results/019.json.gz
19	std::numeric_limits	2	DEPENDENT_OR_LOCAL_NAMES: TT	19:aa01f981eac16a23de9718064fa9bbb8feedac296ee17fdc1601ae43c99dd366:308:58	results/019.json.gz
19	std::numeric_limits	1	DEPENDENT_OR_LOCAL_NAMES: __integral_type	19:1ec4a4a31e5722578bd61f7a12edbd22e71e02f5085e01fa6ad2ce68b805ed36:373:36	results/019.json.gz
19	std::numeric_limits	1	DEPENDENT_OR_LOCAL_NAMES: __result,tm_hour	19:a539d1a00e24317b2bb318d262e4b676e3888f45a102fa75e83b031f88866628:212:37	results/019.json.gz
19	std::numeric_limits	1	DEPENDENT_OR_LOCAL_NAMES: __y_	19:ee264b5582f0559c1cadda5ae068039cd37bf7b04dd9ac84e3ffd91cab3da9f6:108:34	results/019.json.gz
19	std::numeric_limits	2	DEPENDENT_OR_LOCAL_NAMES: _Real	19:946d8bd722de1b81db6f9943a5d7708e7e9c50600f7fbc96f78fd1472894e5a1:60:38	results/019.json.gz
19	std::numeric_limits	100	DEPENDENT_OR_LOCAL_NAMES: _Tp	19:3ba85ef823d899bb0435dc46d275e3d4883e80ed750791e5d95b859b69dc4925:40:12	results/019.json.gz
19	std::numeric_limits	4	DEPENDENT_OR_LOCAL_NAMES: _Rp	19:3ba85ef823d899bb0435dc46d275e3d4883e80ed750791e5d95b859b69dc4925:111:26	results/019.json.gz
19	std::numeric_limits	1	DEPENDENT_OR_LOCAL_NAMES: __max_size_type	19:62404d5c75c00e680503119ca740f6cfe32edb586033a21c9588e26441f8cac2:436:14	results/019.json.gz
19	std::numeric_limits	1	DEPENDENT_OR_LOCAL_NAMES: __max_diff_type	19:62404d5c75c00e680503119ca740f6cfe32edb586033a21c9588e26441f8cac2:437:14	results/019.json.gz
19	std::numeric_limits	8	DEPENDENT_OR_LOCAL_NAMES: _UIntType	19:b417f76d5610e258965a7ac844ecd673d491b2579662553a5b758678fcce8162:72:7	results/019.json.gz
19	std::numeric_limits	1	DEPENDENT_OR_LOCAL_NAMES: _DInputType	19:b417f76d5610e258965a7ac844ecd673d491b2579662553a5b758678fcce8162:294:30	results/019.json.gz
19	std::numeric_limits	2	DEPENDENT_OR_LOCAL_NAMES: _Eresult_type	19:f6556a0cab29c686810085215a0ee78fb6a025e160229251880543d207a1fcf1:749:31	results/019.json.gz
19	std::numeric_limits	1	DEPENDENT_OR_LOCAL_NAMES: __ctype	19:f6556a0cab29c686810085215a0ee78fb6a025e160229251880543d207a1fcf1:756:31	results/019.json.gz
19	std::numeric_limits	30	DEPENDENT_OR_LOCAL_NAMES: _RealType	19:f6556a0cab29c686810085215a0ee78fb6a025e160229251880543d207a1fcf1:979:22	results/019.json.gz
19	std::numeric_limits	7	DEPENDENT_OR_LOCAL_NAMES: _IntType	19:f6556a0cab29c686810085215a0ee78fb6a025e160229251880543d207a1fcf1:1063:4	results/019.json.gz
19	std::numeric_limits	1	DEPENDENT_OR_LOCAL_NAMES: _CASable	19:007c88e6cc7d17951129e9f5acef8823c4734642195c33d74bff61d04e89c81e:130:36	results/019.json.gz
19	std::numeric_limits	1	DEPENDENT_OR_LOCAL_NAMES: IntegerType	19:713b28c6f81869dfde8917b66ee0bc5ac848a9c11ae3bd394b25577dab485f50:198:23	results/019.json.gz
19	std::numeric_limits	6	DEPENDENT_OR_LOCAL_NAMES: uintptr_t	19:f39d745d3eb8bef3c275d5a75c11bc2ca0b68db21e63f96ee370842b7c367ad1:170:21	results/019.json.gz
19	std::numeric_limits	2	DEPENDENT_OR_LOCAL_NAMES: Size_T	19:c0e46375d48b6d6b84b2df519160105f090946447b4577c1e245760ecff5a223:61:12	results/019.json.gz
19	std::numeric_limits	2	DEPENDENT_OR_LOCAL_NAMES: SparseT	19:0d4b24e043e039fbadb90e1ec41faab634c230c1519edd00ec456536ba4dbc56:349:29	results/019.json.gz
19	std::numeric_limits	1	DEPENDENT_OR_LOCAL_NAMES: EntryIndex	19:cbe465def7c6aed963cf5fc64d9e1f26c29eeb35d1573af84fe88e867363a72e:53:37	results/019.json.gz
19	std::numeric_limits	1	DEPENDENT_OR_LOCAL_NAMES: NodeId	19:618ea75ab86b7a6ba48fb3069d68db64aa0035f1454a1c83db70602b10cfee40:33:14	results/019.json.gz
19	std::numeric_limits	1	DEPENDENT_OR_LOCAL_NAMES: EdgeId	19:618ea75ab86b7a6ba48fb3069d68db64aa0035f1454a1c83db70602b10cfee40:38:14	results/019.json.gz
19	std::numeric_limits	1	DEPENDENT_OR_LOCAL_NAMES: AdjEdgeIdx	19:618ea75ab86b7a6ba48fb3069d68db64aa0035f1454a1c83db70602b10cfee40:71:16	results/019.json.gz
19	std::numeric_limits	1	DEPENDENT_OR_LOCAL_NAMES: PBQP,PBQPNum	19:ba030d37ea094784768539c03ee777bd0d02f15514812cc81e9f40e30e66f34e:161:19	results/019.json.gz
19	std::numeric_limits	1	DEPENDENT_OR_LOCAL_NAMES: PBQPNum	19:9bafbe0f1c5b72fe9e886c7193cc69d524776d31e52948c97874bf9dff00cb4e:63:24	results/019.json.gz
19	std::numeric_limits	2	DEPENDENT_OR_LOCAL_NAMES: Reg	19:dd5d610bef5ccdd4bf2911aaecfcdb4fd6265be3e951cdb3dd15e5c30c7a9f52:37:17	results/019.json.gz
19	std::numeric_limits	1	DEPENDENT_OR_LOCAL_NAMES: NumOperands,SDNode	19:fb8a3618d3c463af03ac1c9c9a62ab31c55d63d8517e4813fbc40dd61db4dfe6:1028:12	results/019.json.gz
19	std::numeric_limits	232	DEPENDENT_OR_LOCAL_NAMES: int32_t	19:b12c7c94ee71829415e4cbfb2ccf6d695e452e540bac816b2906c4537ed4a6fa:528:19	results/019.json.gz
19	std::numeric_limits	2	DEPENDENT_OR_LOCAL_NAMES: uintX_t	19:72f8a147864782440165e2fdc8efc890b2f683ec6f53c5adb0173c1022277c94:682:7	results/019.json.gz
19	std::numeric_limits	1	DEPENDENT_OR_LOCAL_NAMES: NumTestVectors	19:f5e1a0e8e4fde5f1f3f7df6ab20295c884d4ce0494df7a8cf7da3db2a7105e96:671:7	results/019.json.gz
19	std::numeric_limits	2	DEPENDENT_OR_LOCAL_NAMES: CostType	19:f543e8d0c4a21713c14b216b6158561c972e1201aea65c58d572be6c08ccbf5e:62:40	results/019.json.gz
19	std::numeric_limits	13	DEPENDENT_OR_LOCAL_NAMES: DigitsT	19:36956286ccf650b47aa785cb8b71196bd8d52c5f63012ff3ae038328c1ed23eb:55:18	results/019.json.gz
19	std::numeric_limits	1	DEPENDENT_OR_LOCAL_NAMES: DigitsType	19:36956286ccf650b47aa785cb8b71196bd8d52c5f63012ff3ae038328c1ed23eb:504:24	results/019.json.gz
19	std::numeric_limits	1	DEPENDENT_OR_LOCAL_NAMES: IntT	19:36956286ccf650b47aa785cb8b71196bd8d52c5f63012ff3ae038328c1ed23eb:785:18	results/019.json.gz
19	std::numeric_limits	1	DEPENDENT_OR_LOCAL_NAMES: ArchSetType	19:764cdfb5aa3244fa97e098751b1729941cdc9f499a0864952fbe0f8969eca135:35:7	results/019.json.gz
19	std::numeric_limits	1	DEPENDENT_OR_LOCAL_NAMES: RNG,result_type	19:62ae90ce75b0f964eff24eb9ecfc2b8e54003026b3d4ffc56cb1e4edadc0c1f1:371:27	results/019.json.gz
19	std::numeric_limits	85	DEPENDENT_OR_LOCAL_NAMES: RealScalar	19:431b22d6eb679f984b1915e200bd0f71ed9237842d744889f89262b354039951:592:27	results/019.json.gz
19	std::numeric_limits	21	DEPENDENT_OR_LOCAL_NAMES: Scalar	19:04724462c5d954fe2318cc5cf0754768396a680e09ab8fbc9a55acc3e08492a4:19:107	results/019.json.gz
19	std::numeric_limits	1	具体类型已测得，但属于枚举、函数或其他非 std 状态类型；未将它混入内建/void/空类。分类口径/对象链待核。	19:137dc674bb5eb8f037da9fd46e02075e95a6d0480347bbdc0f5812230e256141:143:69	results/019.json.gz
19	std::numeric_limits	1	DEPENDENT_OR_LOCAL_NAMES: DWord	19:c42a7f504a07b902a6863371ffdd71e37de9b59ef0a03274aeaf8b794e54f4e8:104:34	results/019.json.gz
19	std::numeric_limits	1	DEPENDENT_OR_LOCAL_NAMES: RealIntegerType	19:298ad906bd66894f5f5af6cc2667fbdafd120b5b8904825d47244a17c65e0cca:3794:24	results/019.json.gz
19	std::numeric_limits	1	DEPENDENT_OR_LOCAL_NAMES: CompatibleNumberIntegerType	19:298ad906bd66894f5f5af6cc2667fbdafd120b5b8904825d47244a17c65e0cca:3795:30	results/019.json.gz
19	std::numeric_limits	7	DEPENDENT_OR_LOCAL_NAMES: number_float_t	19:298ad906bd66894f5f5af6cc2667fbdafd120b5b8904825d47244a17c65e0cca:16725:16	results/019.json.gz
19	std::numeric_limits	1	DEPENDENT_OR_LOCAL_NAMES: number_integer_t	19:298ad906bd66894f5f5af6cc2667fbdafd120b5b8904825d47244a17c65e0cca:16867:35	results/019.json.gz
19	std::numeric_limits	2	DEPENDENT_OR_LOCAL_NAMES: tIntegerType	19:f1b11e756ba138b42abd2f39095fd4d740a26b10ff1a8c682c2eb4d273658cf6:129:20	results/019.json.gz
19	std::numeric_limits	35	DEPENDENT_OR_LOCAL_NAMES: int8_t	19:f1b11e756ba138b42abd2f39095fd4d740a26b10ff1a8c682c2eb4d273658cf6:278:28	results/019.json.gz
19	std::numeric_limits	4	DEPENDENT_OR_LOCAL_NAMES: ScalarIntegerType	19:f1b11e756ba138b42abd2f39095fd4d740a26b10ff1a8c682c2eb4d273658cf6:400:26	results/019.json.gz
19	std::numeric_limits	2	DEPENDENT_OR_LOCAL_NAMES: ScalarRawType	19:f1b11e756ba138b42abd2f39095fd4d740a26b10ff1a8c682c2eb4d273658cf6:477:12	results/019.json.gz
19	std::numeric_limits	6	DEPENDENT_OR_LOCAL_NAMES: From	19:97b4277622b2fa4db86c12f2deb871e634bd99c7671c58ca2285e96007983948:109:28	results/019.json.gz
19	std::numeric_limits	6	DEPENDENT_OR_LOCAL_NAMES: ElementT	19:df4abfba5a1f92977101649c4e3332ff16e72bce2ac7469facd8f49f7c640a35:143:36	results/019.json.gz
19	std::numeric_limits	1	DEPENDENT_OR_LOCAL_NAMES: Storage	19:4c64c1fe965234a8ce73d70b040beb4ee2c2c2c9d30248a0023e954b86b1138a:141:24	results/019.json.gz
19	std::numeric_limits	1	DEPENDENT_OR_LOCAL_NAMES: BufferId	19:964c20d18d37273fc903a8e70e4268f4c4a54f745bbc102512b142b7b1b7c00d:63:7	results/019.json.gz
19	std::numeric_limits	6	DEPENDENT_OR_LOCAL_NAMES: ElementwiseT	19:b69790cb10c9daa01bd43cc68e3db276f8b70233d8c05f95aadc1658828bcd5a:450:28	results/019.json.gz
19	std::numeric_limits	4	DEPENDENT_OR_LOCAL_NAMES: ReturnT	19:b69790cb10c9daa01bd43cc68e3db276f8b70233d8c05f95aadc1658828bcd5a:899:44	results/019.json.gz
19	std::numeric_limits	4	DEPENDENT_OR_LOCAL_NAMES: NativeT	19:b69790cb10c9daa01bd43cc68e3db276f8b70233d8c05f95aadc1658828bcd5a:1337:15	results/019.json.gz
19	std::numeric_limits	1	DEPENDENT_OR_LOCAL_NAMES: UnsignedT	19:b69790cb10c9daa01bd43cc68e3db276f8b70233d8c05f95aadc1658828bcd5a:1626:32	results/019.json.gz
19	std::numeric_limits	1	DEPENDENT_OR_LOCAL_NAMES: TimeCost	19:a2c4c8f92675a149a04247cd8d723219872008bccfcfef555e5aeb78703ea431:425:26	results/019.json.gz
19	std::numeric_limits	1	DEPENDENT_OR_LOCAL_NAMES: RepT	19:c5de7adb2fb7d5b637ee69f1120f83f4abfecf34801b861c63b806d0719decdd:607:29	results/019.json.gz
19	std::numeric_limits	2	DEPENDENT_OR_LOCAL_NAMES: uint16	19:9d4f1765ff796023a67caf2f2a56b48debc497c2337dfe8d6f65adcd97e3902c:105:40	results/019.json.gz
19	std::numeric_limits	3	DEPENDENT_OR_LOCAL_NAMES: uint32	19:9d4f1765ff796023a67caf2f2a56b48debc497c2337dfe8d6f65adcd97e3902c:106:40	results/019.json.gz
19	std::numeric_limits	3	DEPENDENT_OR_LOCAL_NAMES: Index32	19:933c0ffe096c6dda778dcd6f23a70b324d9157e4dec4c1985c9c329582c8e3bc:111:17	results/019.json.gz
19	std::numeric_limits	2	DEPENDENT_OR_LOCAL_NAMES: uint64	19:a5856ef2ea543e5027061a62dbcd28cc909b073547d911fca392ecde09fe170d:76:26	results/019.json.gz
19	std::numeric_limits	20	DEPENDENT_OR_LOCAL_NAMES: int32	19:2439532798fa8e672b692a77397b12e42399d462447bfff38c81e20c78da7de5:164:34	results/019.json.gz
19	std::numeric_limits	7	DEPENDENT_OR_LOCAL_NAMES: Tout	19:bcc5f27b474e26c6d3b104e066ccf26a3ebe11db7b477f5029ded3a5d0c535d8:579:35	results/019.json.gz
19	std::numeric_limits	4	DEPENDENT_OR_LOCAL_NAMES: Index	19:fcc74bdd11dc686e72b3672758ccb7d6917c0b9512660303360cb29f7ecf1f08:74:30	results/019.json.gz
19	std::numeric_limits	2	DEPENDENT_OR_LOCAL_NAMES: Toffsets	19:2846c702133b7099d86bf9c92f7dd4437fdeefa0eebca1cc6d39fb719b98b6ac:1127:44	results/019.json.gz
19	std::numeric_limits	2	DEPENDENT_OR_LOCAL_NAMES: IntResultType	19:af6f07fef30f4239c47329b0c98e9d20839ef4620060f8b38b7383b3e12471e2:61:27	results/019.json.gz
19	std::numeric_limits	1	DEPENDENT_OR_LOCAL_NAMES: Mask	19:d8868857abf3d4816732c2e256e5d617c417efd6efb25a9a54a80bfdc64fe983:79:25	results/019.json.gz
19	std::numeric_limits	3	DEPENDENT_OR_LOCAL_NAMES: ValueType	19:40c670ec95125f3c079e66e8554f82471c7f2c8d3a4989ff6aa5eeacd6442f07:70:22	results/019.json.gz
19	std::numeric_limits	18	CUDA 内嵌标准实现的命名空间/目标配置未闭合，不用宿主 std 测量替代	19:a15dcc89ce0defd06cb1011be7ac5cb0236615631d34b1f47fa0dc48ef660fa4:126:43	results/019.json.gz
19	std::numeric_limits	3	DEPENDENT_OR_LOCAL_NAMES: Number	19:2f19bb1095b775127e3f641dcdc9810f508bd6c5b587982f64d37ee81157b936:35:31	results/019.json.gz
19	std::numeric_limits	2	DEPENDENT_OR_LOCAL_NAMES: Minimizer,Scalar	19:13df24bd90e01cffebf6bc718263c58bd7191421892c192dc71876590c929269:223:75	results/019.json.gz
19	std::numeric_limits	2	DEPENDENT_OR_LOCAL_NAMES: FloatIn	19:6eb20a7194fd703461cbf7ae4c70ca9741d79e2aceae800a27d02623154feeb0:122:18	results/019.json.gz
19	std::numeric_limits	16	DEPENDENT_OR_LOCAL_NAMES: IntOut	19:6eb20a7194fd703461cbf7ae4c70ca9741d79e2aceae800a27d02623154feeb0:124:17	results/019.json.gz
19	std::numeric_limits	1	DEPENDENT_OR_LOCAL_NAMES: flatbuffers,soffset_t	19:0996b46212e182802ccd4a56b8bf802ef3dde32a63b5c30887c74f914364f680:342:37	results/019.json.gz
19	std::numeric_limits	1	DEPENDENT_OR_LOCAL_NAMES: flatbuffers,soffset64_t	19:0996b46212e182802ccd4a56b8bf802ef3dde32a63b5c30887c74f914364f680:343:40	results/019.json.gz
19	std::numeric_limits	2	DEPENDENT_OR_LOCAL_NAMES: voffset_t	19:62f85a5b434665f8c0a08b22f840c417dceb83b448e6fe3d4e857e8ac01537f6:49:31	results/019.json.gz
19	std::numeric_limits	2	DEPENDENT_OR_LOCAL_NAMES: ST	19:80ac463f9fb88507d6336bbef588954e03d06f49d02a9591278f0640887205ed:53:12	results/019.json.gz
19	std::numeric_limits	4	DEPENDENT_OR_LOCAL_NAMES: DstScalar	19:320e6f84c369495fc9cf0610c999cb4628207a770e3324247e3902a91f8d7b6a:143:32	results/019.json.gz
19	std::numeric_limits	2	DEPENDENT_OR_LOCAL_NAMES: int16	19:e0cea2b5cf67573c4e506844357bce410e7c0af8dcbe0b42118a736102766efb:33:33	results/019.json.gz
19	std::numeric_limits	4	DEPENDENT_OR_LOCAL_NAMES: Out	19:385eeb5fcb1d50b94f9c8bd5a220a4c9ee42956a3fe51e8c419c8c9889abd754:3521:29	results/019.json.gz
19	std::numeric_limits	1	DEPENDENT_OR_LOCAL_NAMES: In	19:385eeb5fcb1d50b94f9c8bd5a220a4c9ee42956a3fe51e8c419c8c9889abd754:3524:23	results/019.json.gz
19	std::numeric_limits	8	DEPENDENT_OR_LOCAL_NAMES: OutputT	19:f336f6e548a3c6da857d5c3433ea07e0cb157dea3fac047d89059b8503784c54:40:38	results/019.json.gz
19	std::numeric_limits	2	DEPENDENT_OR_LOCAL_NAMES: output_type	19:ba958dcae2fff50136067e3add165b0a46adeac8a7274107753ba3947ba2a435:53:41	results/019.json.gz
19	std::numeric_limits	1	DEPENDENT_OR_LOCAL_NAMES: InputT	19:e1b59ee68a0b00a44a3affeea5aa672e9821beb14a6f8397d38a3c2cda9e90d8:94:25	results/019.json.gz
19	std::numeric_limits	1	DEPENDENT_OR_LOCAL_NAMES: Double	19:f67494b365bc7820a1b10c42f004f59b4e167e22d180db3fa137e854943d26cf:382:20	results/019.json.gz
19	std::numeric_limits	2	DEPENDENT_OR_LOCAL_NAMES: UInt	19:72de8b7098d18e53726f1ecb1c453a019a31a2ef4fef43c58ffe8fc40dd59828:834:21	results/019.json.gz
19	std::numeric_limits	4	DEPENDENT_OR_LOCAL_NAMES: IntermediateRep	19:d7120ad34bd2185f81c7ca29f0f91351fe0484c18f0cb2981282a7ca88df9c9f:186:9	results/019.json.gz
19	std::numeric_limits	1	DEPENDENT_OR_LOCAL_NAMES: To,rep	19:d7120ad34bd2185f81c7ca29f0f91351fe0484c18f0cb2981282a7ca88df9c9f:225:15	results/019.json.gz
19	std::numeric_limits	2	DEPENDENT_OR_LOCAL_NAMES: TReal	19:b40954ad23b254559cd6a43f28cc17c98d2a0e8d521036bc35abe22f1f633559:31:35	results/019.json.gz
19	std::numeric_limits	8	DEPENDENT_OR_LOCAL_NAMES: TIndex	19:1adde9578934cab1620e732008662506707f10f6c9a7229b865eb96e4813425e:64:29	results/019.json.gz
19	std::numeric_limits	2	DEPENDENT_OR_LOCAL_NAMES: elem_t	19:e8c58412c3a11e40748acbe0b5de8b1f396c5b83f6bea6179e62d9fab57e1f05:42:25	results/019.json.gz
19	std::numeric_limits	1	DEPENDENT_OR_LOCAL_NAMES: Milliseconds	19:2e1231a8e9cd63649998fdf47414f89675b8a2c29eb7cdb51559c9dda85cb88d:570:38	results/019.json.gz
19	std::numeric_limits	1	DEPENDENT_OR_LOCAL_NAMES: Dali,Integration,Milliseconds,ThresholdFilter,TimeChecker	19:2e1231a8e9cd63649998fdf47414f89675b8a2c29eb7cdb51559c9dda85cb88d:635:87	results/019.json.gz
19	std::numeric_limits	3	DEPENDENT_OR_LOCAL_NAMES: btScalar	19:7ec1d06d6b2635e3d8fb42781b7861dd92596f04587b77a8cf07285acc96eb3d:474:54	results/019.json.gz
19	std::numeric_limits	1	DEPENDENT_OR_LOCAL_NAMES: VisualPropertyId	19:8d3f26f495160cda038f2b5514d93ee483dcc4c134eebd4597205a05b34494c3:56:66	results/019.json.gz
19	std::numeric_limits	3	DEPENDENT_OR_LOCAL_NAMES: RawType	19:55dfd674c0619529501ea5dcb5470cecc6becb5bde03d8a58855c1631f71bc46:1592:20	results/019.json.gz
19	std::numeric_limits	1	DEPENDENT_OR_LOCAL_NAMES: BiggestInt	19:881adbcca03a133d4fbaceeee4b5bf8773d948a17ee800a89e058032bdb69bb6:2222:40	results/019.json.gz
19	std::numeric_limits	1	DEPENDENT_OR_LOCAL_NAMES: J	19:5f843c24d462664145867b209f76f0916ee2104a2e246fefc8f28d6d9a9a7a2f:841:12	results/019.json.gz
19	std::numeric_limits	1	DEPENDENT_OR_LOCAL_NAMES: m_iprime	19:570356f0c61a646ba3786362a075c3d4cb646caa19c00a4ff2ea211a93af391a:403:17	results/019.json.gz
19	std::numeric_limits	1	DEPENDENT_OR_LOCAL_NAMES: slz_size_type	19:e11fa8739132445e61a176a40c1bae782fbf31a6906d26b1764e3f0a22c33bf0:114:15	results/019.json.gz
19	std::numeric_limits	1	DEPENDENT_OR_LOCAL_NAMES: truncated_hash_type	19:e11fa8739132445e61a176a40c1bae782fbf31a6906d26b1764e3f0a22c33bf0:420:14	results/019.json.gz
19	std::numeric_limits	1	DEPENDENT_OR_LOCAL_NAMES: map_index_t	19:ca0fb12dd6ccc65e5139730c6210298e73b1d3f3391f7f808b4366ab5cba1313:389:12	results/019.json.gz
19	std::numeric_limits	4	DEPENDENT_OR_LOCAL_NAMES: D,sk_strip_enum	19:11b5e9bb2fc6b44a1f1ab47612cbe9bc9ce77dcb172ba32d59d647e25fabb76a:83:19	results/019.json.gz
19	std::numeric_limits	1	DEPENDENT_OR_LOCAL_NAMES: index_t	19:727dacd61240023066d65de20733ed6ef5f6b45c1c9384ff3ba7642b732d771f:721:18	results/019.json.gz
37	std::is_same	8	DEPENDENT_OR_LOCAL_NAMES: T,value_type	37:c642eb0a0888708a4265853421d639bdf062197f2566f16f2abc61baece4f78d:417:15	results/037.json.gz
37	std::is_same	8	DEPENDENT_OR_LOCAL_NAMES: T,allocator_type	37:c642eb0a0888708a4265853421d639bdf062197f2566f16f2abc61baece4f78d:418:15	results/037.json.gz
37	std::is_same	8	DEPENDENT_OR_LOCAL_NAMES: T,is_map_container,params_type	37:c642eb0a0888708a4265853421d639bdf062197f2566f16f2abc61baece4f78d:419:15	results/037.json.gz
37	std::is_same	2	DEPENDENT_OR_LOCAL_NAMES: CompressedTuple,First,absl,decay_t	37:d6279e4d5b95357893458c7910a7de429aca64f72f7dda21afdaedd6559267a6:233:36	results/037.json.gz
37	std::is_same	3	DEPENDENT_OR_LOCAL_NAMES: A,ValueType	37:655546c3102ca792b6da8e1941cc6b8e775e32419711e04710cf1d38571eb1c8:300:25	results/037.json.gz
37	std::is_same	6	DEPENDENT_OR_LOCAL_NAMES: T,Ts	37:81e6c5a64b4ae904f238ef8b7f50479702c69bf580e3fa3ce8699922ebcae268:264:36	results/037.json.gz
37	std::is_same	6	DEPENDENT_OR_LOCAL_NAMES: C	37:81e6c5a64b4ae904f238ef8b7f50479702c69bf580e3fa3ce8699922ebcae268:499:9	results/037.json.gz
37	std::is_same	1	DEPENDENT_OR_LOCAL_NAMES: T,absl,reference,remove_cvref_t	37:664a2991e24a3b879d7ba75a36039a01a1a31739807904576d6dcd2a90cad2e2:1943:7	results/037.json.gz
37	std::is_same	1	DEPENDENT_OR_LOCAL_NAMES: TypeParam,key_type,mapped_type	37:ac13d8a910f42865754620e51dd2f45a022c14f0fd0b3b3067e9da51a055df34:36:16	results/037.json.gz
37	std::is_same	6	DEPENDENT_OR_LOCAL_NAMES: TypeParam,allocator_type	37:ac13d8a910f42865754620e51dd2f45a022c14f0fd0b3b3067e9da51a055df34:54:16	results/037.json.gz
37	std::is_same	2	DEPENDENT_OR_LOCAL_NAMES: TypeParam	37:ac13d8a910f42865754620e51dd2f45a022c14f0fd0b3b3067e9da51a055df34:56:16	results/037.json.gz
37	std::is_same	2	DEPENDENT_OR_LOCAL_NAMES: TypeParam,const_reference	37:ac13d8a910f42865754620e51dd2f45a022c14f0fd0b3b3067e9da51a055df34:58:16	results/037.json.gz
37	std::is_same	1	DEPENDENT_OR_LOCAL_NAMES: TypeParam,key_type	37:6dfa5a353a84cc36b09f2e19f6644322f9a3db6b356ddf249f7c95344e516832:36:16	results/037.json.gz
37	std::is_same	8	MACRO_CONTINUATION_OR_DIRECTIVE_REQUIRES_REAL_EXPANSION	37:c0a371cc6d3563c22538689bd646424bebd1b4027108f17b60df93e6cc325c1d:656:11	results/037.json.gz
37	std::is_same	23	DEPENDENT_OR_LOCAL_NAMES: T,U	37:77abe06dd6531b7b9add6b49a19f061028632395fbebff36ba663ca066873f52:283:44	results/037.json.gz
37	std::is_same	14	DEPENDENT_OR_LOCAL_NAMES: T	37:07d0ded2db38342377d5514972ec38b2f52b2ec8ec73b8e35b521d38606bd445:365:42	results/037.json.gz
37	std::is_same	8	DEPENDENT_OR_LOCAL_NAMES: IntervalOpenClosedTag,Tag	37:b7e8fc8ac331e0c8caf48c34ad087f028445db767ff42e694ef7eb5216057b4e:104:27	results/037.json.gz
37	std::is_same	8	DEPENDENT_OR_LOCAL_NAMES: IntervalOpenOpenTag,Tag	37:b7e8fc8ac331e0c8caf48c34ad087f028445db767ff42e694ef7eb5216057b4e:105:27	results/037.json.gz
37	std::is_same	6	DEPENDENT_OR_LOCAL_NAMES: IntervalClosedClosedTag,Tag	37:b7e8fc8ac331e0c8caf48c34ad087f028445db767ff42e694ef7eb5216057b4e:124:23	results/037.json.gz
37	std::is_same	6	DEPENDENT_OR_LOCAL_NAMES: IntervalClosedOpenTag,Tag	37:b7e8fc8ac331e0c8caf48c34ad087f028445db767ff42e694ef7eb5216057b4e:125:23	results/037.json.gz
37	std::is_same	6	DEPENDENT_OR_LOCAL_NAMES: T,U,absl,remove_cvref_t	37:93febd5d2b52f66456fd62b5316eec3843c3055e5bc4a1761840804f45c7e240:112:5	results/037.json.gz
37	std::is_same	3	DEPENDENT_OR_LOCAL_NAMES: StatusOr,T,U,absl,remove_cvref_t	37:93febd5d2b52f66456fd62b5316eec3843c3055e5bc4a1761840804f45c7e240:117:13	results/037.json.gz
37	std::is_same	2	DEPENDENT_OR_LOCAL_NAMES: Status,U,absl,remove_cvref_t	37:93febd5d2b52f66456fd62b5316eec3843c3055e5bc4a1761840804f45c7e240:118:13	results/037.json.gz
37	std::is_same	3	DEPENDENT_OR_LOCAL_NAMES: U,absl,in_place_t,remove_cvref_t	37:93febd5d2b52f66456fd62b5316eec3843c3055e5bc4a1761840804f45c7e240:119:13	results/037.json.gz
37	std::is_same	2	DEPENDENT_OR_LOCAL_NAMES: A,N,T	37:b02693d3bacd3200dbd6d05e0ba1b32214cf3b45c719544b88cab22f3f0bd0f0:56:31	results/037.json.gz
37	std::is_same	2	DEPENDENT_OR_LOCAL_NAMES: B,N	37:b02693d3bacd3200dbd6d05e0ba1b32214cf3b45c719544b88cab22f3f0bd0f0:63:29	results/037.json.gz
37	std::is_same	3	NO_TEMPLATE_ARGUMENT_LIST	37:502acdb4ff702e3446934b70610e0da76b3b26166a6782f09ff7621250c18fdf:84:7	results/037.json.gz
37	std::is_same	1	DEPENDENT_OR_LOCAL_NAMES: T,add_member_const_t,detail,dummy	37:5e75b173e916b77f676dbb93134dff1d9d18d31ddd024d8115e56444149ab85c:52:47	results/037.json.gz
37	std::is_same	1	DEPENDENT_OR_LOCAL_NAMES: T,add_member_cv_t,detail,dummy	37:234df251608bd5b7150b06b2082ecdd7ba52471be5ee164edea1e3b2fe528af9:52:44	results/037.json.gz
37	std::is_same	1	DEPENDENT_OR_LOCAL_NAMES: T,add_member_lvalue_reference_t,detail,dummy	37:fa9b9a1db4b481f0ff6f92b09077b685d4913962547a0a0c241972c29ced849b:64:58	results/037.json.gz
37	std::is_same	1	DEPENDENT_OR_LOCAL_NAMES: T,add_member_rvalue_reference_t,detail,dummy	37:15e7eaa7f0e3b6ec24ec7321caa3eee6d008d40213fd329f39a7044668a35543:63:58	results/037.json.gz
37	std::is_same	1	DEPENDENT_OR_LOCAL_NAMES: T,add_member_volatile_t,detail,dummy	37:2e62297b61116930ae638578051d997a6b3fe6a6fc665d1fb6f1f82bb9aaf6da:53:50	results/037.json.gz
37	std::is_same	1	DEPENDENT_OR_LOCAL_NAMES: T,add_noexcept_t,detail,dummy	37:a889dae3e3e13b37f57cf4b573b802232ad8cf2222fedfcfbc58cd9d6f15e143:56:43	results/037.json.gz
37	std::is_same	1	DEPENDENT_OR_LOCAL_NAMES: T,add_transaction_safe_t,detail,dummy	37:81c280c90172e356661d61c5fad7dbe16e2f133d6324fffa2270580404d4c045:57:51	results/037.json.gz
37	std::is_same	1	DEPENDENT_OR_LOCAL_NAMES: T,add_varargs_t,detail,dummy	37:dd767a7d457c1b10bc70edbb8cb6b8d40734f2dbc1da9d2e54d29e1f4146c16c:37:42	results/037.json.gz
37	std::is_same	1	DEPENDENT_OR_LOCAL_NAMES: C,T,apply_member_pointer_t,detail,dummy	37:e8e65ce98388d2b7f1fed098b84dbdc567ab2cd2aed116bdb65cd93b4887ddb6:71:54	results/037.json.gz
37	std::is_same	1	DEPENDENT_OR_LOCAL_NAMES: R,T,apply_return_t,detail,dummy	37:feda80154d92ffe225dab8332395062273f1298c5459e85f97fbae804ec7eaa2:54:46	results/037.json.gz
37	std::is_same	1	DEPENDENT_OR_LOCAL_NAMES: Container,T,args_t,detail,dummy	37:0b9dca5fca17d995090e8d1a90abc1e63c59beaccb5753938de7b25ce20075ed:38:46	results/037.json.gz
37	std::is_same	1	DEPENDENT_OR_LOCAL_NAMES: T,class_of_t,detail,dummy	37:950ad1be5d7b151980de9d75427989aa6765f40d78725f1c0a551d83e034f58c:37:39	results/037.json.gz
37	std::is_same	1	DEPENDENT_OR_LOCAL_NAMES: Base,T,shallow_decay	37:6a29f817a625adc8f49515947e298c1c1d69d86298832c33542675bd5970deb4:71:32	results/037.json.gz
37	std::is_same	1	DEPENDENT_OR_LOCAL_NAMES: T,detail,dummy,function_type_t	37:fbedc3f3391fea34294aeff6c4eaaf8a80dd389799ff09af41ceee3cb46e87d6:36:44	results/037.json.gz
37	std::is_same	1	DEPENDENT_OR_LOCAL_NAMES: T,detail,return_type,shallow_decay,traits	37:97b221c8146ce47d695b1fd932e5176fbb06f7777fe8fb9f15294f581605ebc0:30:7	results/037.json.gz
37	std::is_same	1	DEPENDENT_OR_LOCAL_NAMES: T,detail,dummy,qualified_class_of_t	37:876a41e75f0d48d4cd3371e179190839b1750698b73424af07a910350221d26d:38:49	results/037.json.gz
37	std::is_same	1	DEPENDENT_OR_LOCAL_NAMES: T,detail,dummy,remove_member_const_t	37:58c2e2d2760c61858d8d03f39482c34904a8a4acb0f066a80a64f93428fa600e:37:50	results/037.json.gz
37	std::is_same	1	DEPENDENT_OR_LOCAL_NAMES: T,detail,dummy,remove_member_cv_t	37:b593d226d4194d0bcdc1d0adb0077e5378126e318f0bf0afc10b1cc833034ce6:38:47	results/037.json.gz
37	std::is_same	1	DEPENDENT_OR_LOCAL_NAMES: T,detail,dummy,remove_member_reference_t	37:cb08abfd8feaff18b44e71450605b6d8c2fe8e170bfcd1139bb42932b5c11f30:37:54	results/037.json.gz
37	std::is_same	1	DEPENDENT_OR_LOCAL_NAMES: T,detail,dummy,remove_member_volatile_t	37:3222ff2d222b4eea1dfc8c030d46a6716c01c46a67f538ae379ad4f868b5c5d1:37:53	results/037.json.gz
37	std::is_same	1	DEPENDENT_OR_LOCAL_NAMES: T,detail,dummy,remove_noexcept_t	37:2557a3a3e9442c282a2feaa807e4a100c8b260dac6f373134f0031b7df89b869:41:46	results/037.json.gz
37	std::is_same	1	DEPENDENT_OR_LOCAL_NAMES: T,detail,dummy,remove_transaction_safe_t	37:0c95bd81bc6a5493bba04856e28e1add20438b0957602393389429f257d232d5:41:54	results/037.json.gz
37	std::is_same	1	DEPENDENT_OR_LOCAL_NAMES: T,detail,dummy,remove_varargs_t	37:756c148990062995581135194b93e46f3f972595c1c90bcbdfac27b682fde57b:38:45	results/037.json.gz
37	std::is_same	1	DEPENDENT_OR_LOCAL_NAMES: T,detail,dummy,return_type_t	37:317804f18ce797fd3b986a8e8ba6f32a21105a796bc9573e3d8543317867478d:41:42	results/037.json.gz
37	std::is_same	1	DEPENDENT_OR_LOCAL_NAMES: Curr,Next,coordinate_type,geometry,select_most_precise	37:0da526cc634adb7f343718e7c1ebf0475e335e1bccd2283b8e6454e0efdaa036:73:7	results/037.json.gz
37	std::is_same	1	DEPENDENT_OR_LOCAL_NAMES: Curr,Next,default_area_result,geometry,select_most_precise	37:0da526cc634adb7f343718e7c1ebf0475e335e1bccd2283b8e6454e0efdaa036:87:7	results/037.json.gz
37	std::is_same	1	DEPENDENT_OR_LOCAL_NAMES: Strategy,comparable_type,distance,services,strategy	37:6f06fe1afd9de725763800ba509e6ce01e673081e3a1cbb6914ff16ff45d2c54:31:7	results/037.json.gz
37	std::is_same	1	DEPENDENT_OR_LOCAL_NAMES: G,Multi,boost,range_value	37:019b880e2e1d8b513ea96ecdf730d2190b219f12f82ab18688eb14deab3262a2:32:31	results/037.json.gz
37	std::is_same	1	DEPENDENT_OR_LOCAL_NAMES: G,Multi,boost,geometry,range_value,tag	37:019b880e2e1d8b513ea96ecdf730d2190b219f12f82ab18688eb14deab3262a2:42:36	results/037.json.gz
37	std::is_same	1	DEPENDENT_OR_LOCAL_NAMES: Strategy,cartesian_tag,cs_tag	37:b682e8df863c09187a83b662dca9ee024b8ace4a13f85529ab39facdff8111c7:34:30	results/037.json.gz
37	std::is_same	2	DEPENDENT_OR_LOCAL_NAMES: T,Tag,geometry,tag	37:c0baedf80692c40c55e1118d5ce70ad432d9df8e4de51271b80b309175571a24:121:11	results/037.json.gz
37	std::is_same	1	DEPENDENT_OR_LOCAL_NAMES: Geometry,OtherGeometry,geometry,tag	37:8d6381d3c059f0c63034d65b4bd743a0aebf703607335f0b774b71c6a4a3a4ae:649:11	results/037.json.gz
37	std::is_same	1	DEPENDENT_OR_LOCAL_NAMES: It,value_type	37:df80cef9a12d7b15014fae13441b7c7809a5b367eb9ec7d8cf78e294843e4f8b:147:17	results/037.json.gz
37	std::is_same	1	DEPENDENT_OR_LOCAL_NAMES: From,To,remove_cref,util	37:63d488d567cdd4072441f1387ffa2b26a313fced32695243e7821a4ca4095908:31:7	results/037.json.gz
37	std::is_same	1	DEPENDENT_OR_LOCAL_NAMES: G1,G2,geometry,tag	37:85dd0a411848767c44dea2fe2e046b4f355b7156af8e70c4a827254e928bf063:55:7	results/037.json.gz
37	std::is_same	1	DEPENDENT_OR_LOCAL_NAMES: Param,T	37:58f1b830184ac023aab20ff27eb21cd01bec4ddb6605d7ff825d4a96aa76e48c:961:19	results/037.json.gz
37	std::is_same	1	DEPENDENT_OR_LOCAL_NAMES: Curr,Next,Strategy,comparable_distance_result,geometry,resolve_strategy,select_most_precise,sequence_element,util	37:7e7d238d4fe28fc40c8239c82979af2c5c26e4354fab1309c22dfe3a5b69aa4d:112:11	results/037.json.gz
37	std::is_same	1	DEPENDENT_OR_LOCAL_NAMES: Curr,Next,Strategy,distance_result,geometry,resolve_strategy,select_most_precise,sequence_element,util	37:ed56610fc84c3f100038a73e617837750ed55970a07cb8b8d8b253d3f6340c41:117:11	results/037.json.gz
37	std::is_same	2	DEPENDENT_OR_LOCAL_NAMES: units1_type,units2_type	37:b8aadc6c8a929124b7036eb23b8865b2b1faf080f67009dde22fc8f261c4c2ec:75:13	results/037.json.gz
37	std::is_same	1	DEPENDENT_OR_LOCAL_NAMES: T,detail,null_type	37:6ab0f51bdd2ad60f38b3a69b7d1a290fc412e9e650547bfc354df72694c89c17:276:7	results/037.json.gz
37	std::is_same	1	DEPENDENT_OR_LOCAL_NAMES: T,point_tag,tag	37:cec0b180c535ac2277ec0bd4b87727078bc11e92d091d8950e7ede5faa13743e:39:7	results/037.json.gz
37	std::is_same	1	DEPENDENT_OR_LOCAL_NAMES: T,multi_point_tag,tag	37:cec0b180c535ac2277ec0bd4b87727078bc11e92d091d8950e7ede5faa13743e:44:7	results/037.json.gz
37	std::is_same	1	DEPENDENT_OR_LOCAL_NAMES: T,segment_tag,tag	37:cec0b180c535ac2277ec0bd4b87727078bc11e92d091d8950e7ede5faa13743e:55:7	results/037.json.gz
37	std::is_same	1	DEPENDENT_OR_LOCAL_NAMES: T,linestring_tag,tag	37:cec0b180c535ac2277ec0bd4b87727078bc11e92d091d8950e7ede5faa13743e:60:7	results/037.json.gz
37	std::is_same	1	DEPENDENT_OR_LOCAL_NAMES: T,multi_linestring_tag,tag	37:cec0b180c535ac2277ec0bd4b87727078bc11e92d091d8950e7ede5faa13743e:65:7	results/037.json.gz
37	std::is_same	1	DEPENDENT_OR_LOCAL_NAMES: T,box_tag,tag	37:cec0b180c535ac2277ec0bd4b87727078bc11e92d091d8950e7ede5faa13743e:81:7	results/037.json.gz
37	std::is_same	1	DEPENDENT_OR_LOCAL_NAMES: T,ring_tag,tag	37:cec0b180c535ac2277ec0bd4b87727078bc11e92d091d8950e7ede5faa13743e:86:7	results/037.json.gz
37	std::is_same	1	DEPENDENT_OR_LOCAL_NAMES: T,polygon_tag,tag	37:cec0b180c535ac2277ec0bd4b87727078bc11e92d091d8950e7ede5faa13743e:91:7	results/037.json.gz
37	std::is_same	1	DEPENDENT_OR_LOCAL_NAMES: T,multi_polygon_tag,tag	37:cec0b180c535ac2277ec0bd4b87727078bc11e92d091d8950e7ede5faa13743e:96:7	results/037.json.gz
37	std::is_same	1	DEPENDENT_OR_LOCAL_NAMES: T,geometry_collection_tag,tag	37:cec0b180c535ac2277ec0bd4b87727078bc11e92d091d8950e7ede5faa13743e:141:7	results/037.json.gz
37	std::is_same	1	DEPENDENT_OR_LOCAL_NAMES: T,dynamic_geometry_tag,tag	37:cec0b180c535ac2277ec0bd4b87727078bc11e92d091d8950e7ede5faa13743e:147:7	results/037.json.gz
37	std::is_same	1	DEPENDENT_OR_LOCAL_NAMES: T1,T2,channel_traits	37:641cb852d0bc1234bf0ebb074d775a22c0245baa5a7216ce30219f9742fb9923:155:7	results/037.json.gz
37	std::is_same	1	DEPENDENT_OR_LOCAL_NAMES: CS1,CS2	37:5396887b46beae80607c3c64077133255b5a5095ce724a434aa3fd070cf8d7b8:49:38	results/037.json.gz
37	std::is_same	7	DEPENDENT_OR_LOCAL_NAMES: ConversionPolicy,detail,read_and_no_convert	37:866450f0775aabc25b3ab3cbcabb6cae73f0262e0b2e15bdf6dcb4f3dbe23460:101:48	results/037.json.gz
37	std::is_same	1	DEPENDENT_OR_LOCAL_NAMES: View_Dst,gray1_image_t,view_t	37:e2b885950ab2c5fe5015cbf0cd9473c2453e8efd429675883d747ab97be7edc8:240:45	results/037.json.gz
37	std::is_same	1	DEPENDENT_OR_LOCAL_NAMES: View,rgb16_view_t	37:fff07bda4397648bfbecec239b195db1f2cc1a478dd71459fbbc88fc4b6f96aa:312:20	results/037.json.gz
37	std::is_same	1	DEPENDENT_OR_LOCAL_NAMES: dst_channel_t	37:97b918afecd8263605d54ee34ed7ab50193e65222f8e721578dbb257faffadc5:106:36	results/037.json.gz
37	std::is_same	1	DEPENDENT_OR_LOCAL_NAMES: C,CMP,Next,mp11,mp_at_c	37:fa259349e3b0103445303481e09b9ac1a6ac97f50571ba7720a359c06c42aa85:32:13	results/037.json.gz
37	std::is_same	1	DEPENDENT_OR_LOCAL_NAMES: PixelReference,detail,remove_const_and_reference	37:2a159fb526937cf28f05b7a46562ea10d69efc7262e73946f3d9de814100e9b3:206:9	results/037.json.gz
37	std::is_same	4	DEPENDENT_OR_LOCAL_NAMES: T,use_default	37:2a159fb526937cf28f05b7a46562ea10d69efc7262e73946f3d9de814100e9b3:578:13	results/037.json.gz
37	std::is_same	4	DEPENDENT_OR_LOCAL_NAMES: L,use_default	37:2a159fb526937cf28f05b7a46562ea10d69efc7262e73946f3d9de814100e9b3:585:13	results/037.json.gz
37	std::is_same	3	DEPENDENT_OR_LOCAL_NAMES: IsMutable,use_default	37:2a159fb526937cf28f05b7a46562ea10d69efc7262e73946f3d9de814100e9b3:596:13	results/037.json.gz
37	std::is_same	4	DEPENDENT_OR_LOCAL_NAMES: IsPlanar,use_default	37:2a159fb526937cf28f05b7a46562ea10d69efc7262e73946f3d9de814100e9b3:603:13	results/037.json.gz
37	std::is_same	1	DEPENDENT_OR_LOCAL_NAMES: IsStep,use_default	37:2a159fb526937cf28f05b7a46562ea10d69efc7262e73946f3d9de814100e9b3:660:13	results/037.json.gz
37	std::is_same	1	DEPENDENT_OR_LOCAL_NAMES: StepX,use_default	37:2a159fb526937cf28f05b7a46562ea10d69efc7262e73946f3d9de814100e9b3:709:13	results/037.json.gz
37	std::is_same	1	DEPENDENT_OR_LOCAL_NAMES: T,hana,tag_of_t	37:a9e55e732a200bd995b84a99a391a6f15519baf9001a43f5983bf69f0425ec5a:53:15	results/037.json.gz
37	std::is_same	1	DEPENDENT_OR_LOCAL_NAMES: b,fast_and	37:dfa4ac81f8cb36bb9d8858e55dba8bf6279b9f6e7977b2c132a3bd44e1761386:21:11	results/037.json.gz
37	std::is_same	1	DEPENDENT_OR_LOCAL_NAMES: T1,T2	37:6eab5a45aa3521b91efefa254c1a8eac8c8553e6045be35da19cbd5ff0ca2611:114:41	results/037.json.gz
37	std::is_same	1	DEPENDENT_OR_LOCAL_NAMES: T,begin,f,v	37:4eb9781a47d9956e06a958405323a058b2dc05602f00a562ff991ff396bd330d:89:17	results/037.json.gz
37	std::is_same	2	DEPENDENT_OR_LOCAL_NAMES: M,end,hana,lift,result	37:59b31456a19e982ca49f35db1951f8f87bbe17a8c433014b92eea01a2371b3ba:126:28	results/037.json.gz
37	std::is_same	1	DEPENDENT_OR_LOCAL_NAMES: J,axis,index_type	37:aedfe8e1fcc855d8e1ca8d6663b3a8e2650246c8c743c3062e7ebb7490cb6b9c:63:20	results/037.json.gz
37	std::is_same	2	DEPENDENT_OR_LOCAL_NAMES: M,metadata_type	37:383b76fb1d5244ca2c8c38631957401bbd31f236564994f9588fe604005c3d03:116:36	results/037.json.gz
37	std::is_same	1	DEPENDENT_OR_LOCAL_NAMES: T,Tag,alias_tag	37:6c067ccc3ef18cf08291ef97b65a0e01ad7a981c16b6c7ed177f1c6c63946e88:76:3	results/037.json.gz
37	std::is_same	1	DEPENDENT_OR_LOCAL_NAMES: Ts,bool_seq	37:c8e183b60d3841dcdcbc1090c939652db3e32e178e5be14f2f04bd31cd08b093:47:23	results/037.json.gz
37	std::is_same	1	DEPENDENT_OR_LOCAL_NAMES: F,Ts,cant_be_called_type,is_callable_wrapper	37:2e2f3e966d55f57745ccf8c1dcf6f0dc6d775d5c3b01dc7e088360975a3f050a:64:8	results/037.json.gz
37	std::is_same	1	DEPENDENT_OR_LOCAL_NAMES: Sequence,private_unpack_type,unpack_impl_result	37:0e2c3078cdf1e252d1ad3d402c4bfd786932b42ab0937f5effcebc667e49476c:69:3	results/037.json.gz
37	std::is_same	1	DEPENDENT_OR_LOCAL_NAMES: T,fit_rewritable_tag	37:b7514e55b06e8063cf0ffc49f70d7869e58b2637cc70667fd0f6422ed18cfa3d:144:3	results/037.json.gz
37	std::is_same	1	DEPENDENT_OR_LOCAL_NAMES: T,fit_rewritable1_tag	37:b7514e55b06e8063cf0ffc49f70d7869e58b2637cc70667fd0f6422ed18cfa3d:156:3	results/037.json.gz
37	std::is_same	2	DEPENDENT_OR_LOCAL_NAMES: T,boost,int128_type	37:4a3e54059b68ac3ac658568df35c3dd43396e7ad54d583a412ca4f62271d3ae9:32:37	results/037.json.gz
37	std::is_same	1	DEPENDENT_OR_LOCAL_NAMES: T,iterator_type	37:46b131cace24091671038e5963cad4059029a48b648fbcc36b0711c0c198fb8e:62:32	results/037.json.gz
37	std::is_same	3	DEPENDENT_OR_LOCAL_NAMES: Dir,value_from_conversion	37:46b131cace24091671038e5963cad4059029a48b648fbcc36b0711c0c198fb8e:171:5	results/037.json.gz
37	std::is_same	1	DEPENDENT_OR_LOCAL_NAMES: T,value	37:46b131cace24091671038e5963cad4059029a48b648fbcc36b0711c0c198fb8e:228:9	results/037.json.gz
37	std::is_same	1	DEPENDENT_OR_LOCAL_NAMES: T,array	37:46b131cace24091671038e5963cad4059029a48b648fbcc36b0711c0c198fb8e:229:9	results/037.json.gz
37	std::is_same	1	DEPENDENT_OR_LOCAL_NAMES: T,object	37:46b131cace24091671038e5963cad4059029a48b648fbcc36b0711c0c198fb8e:230:9	results/037.json.gz
37	std::is_same	1	DEPENDENT_OR_LOCAL_NAMES: T,string	37:46b131cace24091671038e5963cad4059029a48b648fbcc36b0711c0c198fb8e:231:9	results/037.json.gz
37	std::is_same	1	DEPENDENT_OR_LOCAL_NAMES: T,no_conversion_tag	37:46b131cace24091671038e5963cad4059029a48b648fbcc36b0711c0c198fb8e:251:5	results/037.json.gz
37	std::is_same	1	DEPENDENT_OR_LOCAL_NAMES: Dir,T,conversion_category,detail,no_context,no_conversion_tag	37:46b131cace24091671038e5963cad4059029a48b648fbcc36b0711c0c198fb8e:284:5	results/037.json.gz
37	std::is_same	1	DEPENDENT_OR_LOCAL_NAMES: Impl1,Impl2	37:46b131cace24091671038e5963cad4059029a48b648fbcc36b0711c0c198fb8e:290:5	results/037.json.gz
37	std::is_same	1	DEPENDENT_OR_LOCAL_NAMES: A,B	37:45dc49d7eab2d74475db1e1f23858d7da74dd5ddea0d7733fe5567b67d5048d1:171:22	results/037.json.gz
37	std::is_same	2	DEPENDENT_OR_LOCAL_NAMES: A,V	37:f8a3ea8c73d125f5ef25a44807b44b4411d643dd6f03a24e6ae9c0ed4413f25c:491:54	results/037.json.gz
37	std::is_same	2	DEPENDENT_OR_LOCAL_NAMES: U,V	37:f8a3ea8c73d125f5ef25a44807b44b4411d643dd6f03a24e6ae9c0ed4413f25c:537:54	results/037.json.gz
37	std::is_same	1	DEPENDENT_OR_LOCAL_NAMES: I,T2,mp_size_t	37:f8a3ea8c73d125f5ef25a44807b44b4411d643dd6f03a24e6ae9c0ed4413f25c:1042:45	results/037.json.gz
37	std::is_same	1	DEPENDENT_OR_LOCAL_NAMES: T,V	37:320f63abfbf1a8132eaf2f8cf90eece7a2fc06429591a177d56a6385abebd391:78:36	results/037.json.gz
37	std::is_same	1	DEPENDENT_OR_LOCAL_NAMES: K,M,mp_map_find	37:4a854922d30bcac0aa2e2c71209e01ec1080e3d9e0ea2201f039216b73750fc6:26:59	results/037.json.gz
37	std::is_same	1	DEPENDENT_OR_LOCAL_NAMES: K,V,mp_first	37:4a854922d30bcac0aa2e2c71209e01ec1080e3d9e0ea2201f039216b73750fc6:43:55	results/037.json.gz
37	std::is_same	1	DEPENDENT_OR_LOCAL_NAMES: T,U,mp_first	37:4a854922d30bcac0aa2e2c71209e01ec1080e3d9e0ea2201f039216b73750fc6:58:34	results/037.json.gz
37	std::is_same	1	DEPENDENT_OR_LOCAL_NAMES: K,T,mp_first	37:4a854922d30bcac0aa2e2c71209e01ec1080e3d9e0ea2201f039216b73750fc6:77:34	results/037.json.gz
37	std::is_same	1	DEPENDENT_OR_LOCAL_NAMES: T,mp_list,mp_set_push_back	37:f66a8efe33d4d4b8435ac2c54a5379506df01e458d693eb493aab7e4f9509fed:104:29	results/037.json.gz
37	std::is_same	1	DEPENDENT_OR_LOCAL_NAMES: T,__float128	37:157fbb9d9378cd5f0ff8367b10573b8e72010165e5d6d2b3ea1b1d906c6c0127:53:29	results/037.json.gz
37	std::is_same	3	DEPENDENT_OR_LOCAL_NAMES: KW,key_type	37:8d613efb20499d6d6a59065533a287fa8ddffeeb97ed7637e677fcff2053e2c5:337:19	results/037.json.gz
37	std::is_same	3	DEPENDENT_OR_LOCAL_NAMES: Tag,boost,consume_reference,parameter,qualifier	37:e2e8244ab8c631af32faf6b27e7fe0385c8a22bc6441bbe781e99fc5a033812d:116:15	results/037.json.gz
37	std::is_same	3	DEPENDENT_OR_LOCAL_NAMES: Tag,boost,out_reference,parameter,qualifier	37:e2e8244ab8c631af32faf6b27e7fe0385c8a22bc6441bbe781e99fc5a033812d:131:11	results/037.json.gz
37	std::is_same	1	DEPENDENT_OR_LOCAL_NAMES: DeducedArgs,boost,parameter,void_	37:bff58b9b154f00f101c44a523f3bbecac5ed5c1f401863d34a36ffa9842e6f2f:194:15	results/037.json.gz
37	std::is_same	1	DEPENDENT_OR_LOCAL_NAMES: Error,boost,parameter,void_	37:c341ad5e916e9e104ae94522821e5553750bffbeeff8ac120bb225c5ab795b3d:236:19	results/037.json.gz
37	std::is_same	2	DEPENDENT_OR_LOCAL_NAMES: _tagged,boost,parameter,void_	37:c341ad5e916e9e104ae94522821e5553750bffbeeff8ac120bb225c5ab795b3d:237:19	results/037.json.gz
37	std::is_same	1	DEPENDENT_OR_LOCAL_NAMES: List,boost,parameter,void_	37:c341ad5e916e9e104ae94522821e5553750bffbeeff8ac120bb225c5ab795b3d:366:15	results/037.json.gz
37	std::is_same	1	DEPENDENT_OR_LOCAL_NAMES: Spec,boost,parameter,void_	37:7b6d2dd9c7b4d19961e7bf551e4dd1be331b8edc41621d66cc0e86670ffbf4fe:28:11	results/037.json.gz
37	std::is_same	1	DEPENDENT_OR_LOCAL_NAMES: Arg,boost,parameter,void_	37:596546a7e36e1b57956c07b6933cbc962d5771da75465cdeb7a501bb698e0eb9:28:11	results/037.json.gz
37	std::is_same	1	DEPENDENT_OR_LOCAL_NAMES: ArgumentPackAndError,boost,mp11,mp_at_c,parameter,void_	37:8ed35dc62d67e6ff1f638c96b0fe3b43c2aac7d6b54b0a76515270f343225b2e:130:11	results/037.json.gz
37	std::is_same	1	DEPENDENT_OR_LOCAL_NAMES: Args,Source,Target,apply2,apply_target_fn,as_placeholder_expr,aux,boost,has_nested_template_fn,mp11,mp_if,mpl,parameter	37:c2c17ae529f532eb6714a03bac4f8c9d3061f22840b55e9aef4b5d0e01b9f496:129:40	results/037.json.gz
37	std::is_same	1	DEPENDENT_OR_LOCAL_NAMES: K,Set,boost,mp11,mp_find,mp_size	37:92ba4af92be01884ad915d609ed60f421287a703c2835a8d9799dbad6648abc3:42:15	results/037.json.gz
37	std::is_same	1	DEPENDENT_OR_LOCAL_NAMES: Keyword,boost,consume_reference,parameter,qualifier	37:2dcd2a21a789e320e8be403010526b570c6bc21135b1163d98bb53f837bd7b1e:37:15	results/037.json.gz
37	std::is_same	2	DEPENDENT_OR_LOCAL_NAMES: Keyword,boost,out_reference,parameter,qualifier	37:2dcd2a21a789e320e8be403010526b570c6bc21135b1163d98bb53f837bd7b1e:46:19	results/037.json.gz
37	std::is_same	4	DEPENDENT_OR_LOCAL_NAMES: Default,boost,parameter,void_	37:50208629ba40d5ff58eabb25f075b5f30395afe6bc53614c8413b6edad1149da:44:19	results/037.json.gz
37	std::is_same	4	DEPENDENT_OR_LOCAL_NAMES: boost,parameter,type,void_	37:50208629ba40d5ff58eabb25f075b5f30395afe6bc53614c8413b6edad1149da:46:23	results/037.json.gz
37	std::is_same	4	DEPENDENT_OR_LOCAL_NAMES: Tag,boost,in_reference,parameter,qualifier	37:41e7b5d70aedde05e3f4530ad4f94f0fef3f67d14d2a7d49515203b1a50c5320:65:23	results/037.json.gz
37	std::is_same	8	DEPENDENT_OR_LOCAL_NAMES: Tag,boost,forward_reference,parameter,qualifier	37:41e7b5d70aedde05e3f4530ad4f94f0fef3f67d14d2a7d49515203b1a50c5320:70:23	results/037.json.gz
37	std::is_same	2	DEPENDENT_OR_LOCAL_NAMES: T,asio,boost,io_context	37:b18c9edbd331187f86b2f7f55e8dbf84ae06335fbe849ed5d4f7bc266ab60307:43:22	results/037.json.gz
37	std::is_same	1	DEPENDENT_OR_LOCAL_NAMES: boost,filesystem,path,process	37:dc6212daf8e1ca3cc4e0853d3ce600b0792dfb9b38fde1ea04d947cec0ccd20e:23:66	results/037.json.gz
37	std::is_same	1	DEPENDENT_OR_LOCAL_NAMES: T,asio,boost,streambuf	37:b1fb688e744a672f12a067238975b992ed1a90b7ef74cb40d13855de3a3638f3:126:55	results/037.json.gz
37	std::is_same	1	DEPENDENT_OR_LOCAL_NAMES: error_code,filesystem,init,launcher,on_setup,path	37:5a5cbda9c5ea63f8c1f544b353585817e7afc341bf4a80315f90c3304ad72d5a:66:12	results/037.json.gz
37	std::is_same	1	DEPENDENT_OR_LOCAL_NAMES: error_code,filesystem,init,launcher,on_error,path	37:5a5cbda9c5ea63f8c1f544b353585817e7afc341bf4a80315f90c3304ad72d5a:110:12	results/037.json.gz
37	std::is_same	1	DEPENDENT_OR_LOCAL_NAMES: error_code,filesystem,init,launcher,on_success,path	37:5a5cbda9c5ea63f8c1f544b353585817e7afc341bf4a80315f90c3304ad72d5a:152:12	results/037.json.gz
37	std::is_same	1	DEPENDENT_OR_LOCAL_NAMES: Range,iterator_t,sentinel_t	37:210a34c314501a385fcdde290c324d197fbba2dcef8e65c50c92c6e4649d92a5:85:17	results/037.json.gz
37	std::is_same	1	DEPENDENT_OR_LOCAL_NAMES: iter,ref	37:cb7cc251ef82d9bfd72b04d51cc4c0892c5d1e3b0682a200b0a5dc50c9c6319c:1164:9	results/037.json.gz
37	std::is_same	1	DEPENDENT_OR_LOCAL_NAMES: iter,ptr	37:cb7cc251ef82d9bfd72b04d51cc4c0892c5d1e3b0682a200b0a5dc50c9c6319c:1168:9	results/037.json.gz
37	std::is_same	1	DEPENDENT_OR_LOCAL_NAMES: T,errc,errc_t,mp11,mp_list,remove_cvref	37:129dbf6108ea9cad20b345b10da237fc3f96541753043a15c34fba5c25f90d12:86:40	results/037.json.gz
37	std::is_same	2	DEPENDENT_OR_LOCAL_NAMES: I,L,mp11,mp_at_c	37:aca1b16d2837b6c9fe2c5016becf5402986cfcb8d299ba3308f84d683f97f9e3:44:21	results/037.json.gz
37	std::is_same	3	DEPENDENT_OR_LOCAL_NAMES: R,deduced	37:398598c284ebcb41236f2b22856572f9aca86bc707964325e4eb2e2d8282b9e3:2089:75	results/037.json.gz
37	std::is_same	1	DEPENDENT_OR_LOCAL_NAMES: RefactoringOption,RefactoringOptionVisitor,T,visit	37:83f86b9883ab11ae12690b6976fd71e9c44161027f86d6e038ac0cebd0f1b644:41:10	results/037.json.gz
37	std::is_same	1	DEPENDENT_OR_LOCAL_NAMES: _CharT	37:79dbde1d6249f5a3f582f8452093f9d0ebc85d1ab73b92f2791d0f09a61ecf14:521:34	results/037.json.gz
37	std::is_same	2	DEPENDENT_OR_LOCAL_NAMES: _UnqualVal	37:0fe4d4f7756438530a0a0fe9e6db0f782ac25ee8dede2e12c3d6867e305ca3e9:185:2	results/037.json.gz
37	std::is_same	1	DEPENDENT_OR_LOCAL_NAMES: _Ptr,pointer	37:5ddb91c43a84c9daf24c9dcacaa9067e316f01ec2cb0dac626bd032cbcc05ba1:70:16	results/037.json.gz
37	std::is_same	1	DEPENDENT_OR_LOCAL_NAMES: _Ret	37:6b1a0fe6d5aadaa3ee1e540f40d4a6f3584d20411126a58b37c4097199e79401:87:33	results/037.json.gz
37	std::is_same	1	DEPENDENT_OR_LOCAL_NAMES: Any,T	37:a5383b41545edfc886738a361a8bd776168a7e4e716f74214a76ade11f08a302:74:35	results/037.json.gz
37	std::is_same	2	DEPENDENT_OR_LOCAL_NAMES: CallableT,Params,Ret	37:81fbb423006cce39ffa15f51c92d55bde69296214e92750d3fad86df28394f9d:66:5	results/037.json.gz
37	std::is_same	1	DEPENDENT_OR_LOCAL_NAMES: BCBlob,Types,last_type	37:c64a86386cfa46fd34e51c060b0c98d29f83a4445177fccfe7e81687eeefd3c5:332:18	results/037.json.gz
37	std::is_same	4	DEPENDENT_OR_LOCAL_NAMES: SecCommonFlags,SecFlagType	37:cb3b1a245b8359a83d746c44b5db1bed1531a9cce4b75a215c5a50f0cadb7c61:231:7	results/037.json.gz
37	std::is_same	1	DEPENDENT_OR_LOCAL_NAMES: SecFlagType,SecNameTableFlags	37:cb3b1a245b8359a83d746c44b5db1bed1531a9cce4b75a215c5a50f0cadb7c61:238:19	results/037.json.gz
37	std::is_same	1	DEPENDENT_OR_LOCAL_NAMES: SecFlagType,SecProfSummaryFlags	37:cb3b1a245b8359a83d746c44b5db1bed1531a9cce4b75a215c5a50f0cadb7c61:241:19	results/037.json.gz
37	std::is_same	1	DEPENDENT_OR_LOCAL_NAMES: SecFlagType,SecFuncMetadataFlags	37:cb3b1a245b8359a83d746c44b5db1bed1531a9cce4b75a215c5a50f0cadb7c61:244:19	results/037.json.gz
37	std::is_same	1	DEPENDENT_OR_LOCAL_NAMES: SecFlagType,SecFuncOffsetFlags	37:cb3b1a245b8359a83d746c44b5db1bed1531a9cce4b75a215c5a50f0cadb7c61:248:19	results/037.json.gz
37	std::is_same	1	DEPENDENT_OR_LOCAL_NAMES: U,llvm,raw_ostream	37:8d1b1ab34286b21de7e8751f4c5a9626375af70c4141362d59fc7cd17703777c:82:10	results/037.json.gz
37	std::is_same	1	DEPENDENT_OR_LOCAL_NAMES: values	37:aab55c54c5a057c0411f7a90fbb4df3798089d7e122196bcc6708e901c9e4606:295:20	results/037.json.gz
37	std::is_same	1	DEPENDENT_OR_LOCAL_NAMES: ForwardIterator,first,last,middle	37:d4a74d0b2ba6bd6131fb01924fe8fa1e7960948d8b5762a7cb64b40150405aa0:152:7	results/037.json.gz
37	std::is_same	1	DEPENDENT_OR_LOCAL_NAMES: T,reference	37:b4afdc0a45dcdf0a57df50c8cb7d4e5f268a43509a447f499be3f09e3ea6bb78:1375:9	results/037.json.gz
37	std::is_same	5	DEPENDENT_OR_LOCAL_NAMES: T,U,absl,remove_cv_t,remove_reference_t	37:b886cc64ef3af87a50d5cae5a2b7a54f31a359f2b8eb64a4ce0e4b75163be7c8:87:5	results/037.json.gz
37	std::is_same	2	DEPENDENT_OR_LOCAL_NAMES: StatusOr,T,U,absl,remove_cv_t,remove_reference_t	37:b886cc64ef3af87a50d5cae5a2b7a54f31a359f2b8eb64a4ce0e4b75163be7c8:89:9	results/037.json.gz
37	std::is_same	2	DEPENDENT_OR_LOCAL_NAMES: Status,U,absl,remove_cv_t,remove_reference_t	37:b886cc64ef3af87a50d5cae5a2b7a54f31a359f2b8eb64a4ce0e4b75163be7c8:91:9	results/037.json.gz
37	std::is_same	2	DEPENDENT_OR_LOCAL_NAMES: U,absl,in_place_t,remove_cv_t,remove_reference_t	37:b886cc64ef3af87a50d5cae5a2b7a54f31a359f2b8eb64a4ce0e4b75163be7c8:93:9	results/037.json.gz
37	std::is_same	3	DEPENDENT_OR_LOCAL_NAMES: StatusOr,T,U,absl,decay_t	37:294f2701b982ac08ce85ba8867cfe300cf10dedff261ac3290161c1113056597:354:30	results/037.json.gz
37	std::is_same	3	DEPENDENT_OR_LOCAL_NAMES: T,U,absl,decay_t	37:294f2701b982ac08ce85ba8867cfe300cf10dedff261ac3290161c1113056597:355:30	results/037.json.gz
37	std::is_same	3	DEPENDENT_OR_LOCAL_NAMES: U,absl,decay_t,in_place_t	37:294f2701b982ac08ce85ba8867cfe300cf10dedff261ac3290161c1113056597:356:30	results/037.json.gz
37	std::is_same	1	DEPENDENT_OR_LOCAL_NAMES: Is,absl,integer_sequence,variant_npos	37:45c0153c15ac2b431ae5ea722ac0092fe1fb74805c9267b00e8be5d4fb93f10b:879:22	results/037.json.gz
37	std::is_same	1	DEPENDENT_OR_LOCAL_NAMES: InPlaceT,in_place_t	37:8808ef54c795a104120c2cb9259e3fec15e74215e4d8b016739cb347a81673bc:150:17	results/037.json.gz
37	std::is_same	2	DEPENDENT_OR_LOCAL_NAMES: U,in_place_t	37:8808ef54c795a104120c2cb9259e3fec15e74215e4d8b016739cb347a81673bc:171:44	results/037.json.gz
37	std::is_same	3	DEPENDENT_OR_LOCAL_NAMES: T,U,optional	37:8808ef54c795a104120c2cb9259e3fec15e74215e4d8b016739cb347a81673bc:173:44	results/037.json.gz
37	std::is_same	1	DEPENDENT_OR_LOCAL_NAMES: Args,Expected,Op,detected_t	37:298ad906bd66894f5f5af6cc2667fbdafd120b5b8904825d47244a17c65e0cca:3320:27	results/037.json.gz
37	std::is_same	1	DEPENDENT_OR_LOCAL_NAMES: JsonRef,basic_json	37:298ad906bd66894f5f5af6cc2667fbdafd120b5b8904825d47244a17c65e0cca:19128:34	results/037.json.gz
37	std::is_same	5	DEPENDENT_OR_LOCAL_NAMES: CharT	37:c327a6c05dee37783a57c2ba685e420c5c87fbcc6900f6333b1586da7a3b0329:114:33	results/037.json.gz
37	std::is_same	2	DEPENDENT_OR_LOCAL_NAMES: T,make_caster,operator	37:c327a6c05dee37783a57c2ba685e420c5c87fbcc6900f6333b1586da7a3b0329:968:16	results/037.json.gz
37	std::is_same	1	DEPENDENT_OR_LOCAL_NAMES: T,intrinsic_t,kw_only	37:c327a6c05dee37783a57c2ba685e420c5c87fbcc6900f6333b1586da7a3b0329:1349:20	results/037.json.gz
37	std::is_same	1	DEPENDENT_OR_LOCAL_NAMES: T,intrinsic_t,pos_only	37:c327a6c05dee37783a57c2ba685e420c5c87fbcc6900f6333b1586da7a3b0329:1351:21	results/037.json.gz
37	std::is_same	1	DEPENDENT_OR_LOCAL_NAMES: Arg,args,intrinsic_t	37:c327a6c05dee37783a57c2ba685e420c5c87fbcc6900f6333b1586da7a3b0329:1386:30	results/037.json.gz
37	std::is_same	1	DEPENDENT_OR_LOCAL_NAMES: Arg,intrinsic_t,kwargs	37:c327a6c05dee37783a57c2ba685e420c5c87fbcc6900f6333b1586da7a3b0329:1388:32	results/037.json.gz
37	std::is_same	1	DEPENDENT_OR_LOCAL_NAMES: Ts,bools	37:62c334f2a36f1139b4aebbcbfddbc7d1c7545b25351460124ce9fd731dd8721d:726:16	results/037.json.gz
37	std::is_same	1	DEPENDENT_OR_LOCAL_NAMES: AArgs,CArgs	37:3f207b2d186c3b9a3225f85ba829670dafcc0740c53d78290d6328656528164b:322:26	results/037.json.gz
37	std::is_same	3	DEPENDENT_OR_LOCAL_NAMES: Container	37:82ba4ca5ce40e10ab0e3918a0c63a4a61244543eb771d687ef8a11f3cecd4aef:838:16	results/037.json.gz
37	std::is_same	1	DEPENDENT_OR_LOCAL_NAMES: Extra,kw_only	37:9f509dbbb0c8b3fc403c4736f093a349178bb3426298616f78e6f6e46ba20e55:269:54	results/037.json.gz
37	std::is_same	1	DEPENDENT_OR_LOCAL_NAMES: Extra,pos_only	37:9f509dbbb0c8b3fc403c4736f093a349178bb3426298616f78e6f6e46ba20e55:270:55	results/037.json.gz
37	std::is_same	1	DEPENDENT_OR_LOCAL_NAMES: Extra,multiple_inheritance	37:9f509dbbb0c8b3fc403c4736f093a349178bb3426298616f78e6f6e46ba20e55:1524:26	results/037.json.gz
37	std::is_same	1	DEPENDENT_OR_LOCAL_NAMES: Underlying	37:9f509dbbb0c8b3fc403c4736f093a349178bb3426298616f78e6f6e46ba20e55:2172:57	results/037.json.gz
37	std::is_same	1	DEPENDENT_OR_LOCAL_NAMES: Extra,arithmetic	37:9f509dbbb0c8b3fc403c4736f093a349178bb3426298616f78e6f6e46ba20e55:2179:55	results/037.json.gz
37	std::is_same	2	DEPENDENT_OR_LOCAL_NAMES: PyObject,T	37:6771a5f5808d8c7d679d1175583d12624327b0759f4eb3d6ba0f47bb316bc9b3:196:50	results/037.json.gz
37	std::is_same	1	DEPENDENT_OR_LOCAL_NAMES: T,args_proxy	37:6771a5f5808d8c7d679d1175583d12624327b0759f4eb3d6ba0f47bb316bc9b3:1281:24	results/037.json.gz
37	std::is_same	1	DEPENDENT_OR_LOCAL_NAMES: T,kwargs_proxy	37:6771a5f5808d8c7d679d1175583d12624327b0759f4eb3d6ba0f47bb316bc9b3:1283:25	results/037.json.gz
37	std::is_same	1	DEPENDENT_OR_LOCAL_NAMES: C,reserve	37:0e94ecdfd85774071827a2dfebacacf9bcf9173159147703fed300cb09dce0ed:55:28	results/037.json.gz
37	std::is_same	1	DEPENDENT_OR_LOCAL_NAMES: Vector	37:0d54b0b55aa3e7e4a190c095d5d5a6c0a416710ecfd4bc412a8fbc8dadbbe36c:310:16	results/037.json.gz
37	std::is_same	2	DEPENDENT_OR_LOCAL_NAMES: Args,buffer_protocol	37:0d54b0b55aa3e7e4a190c095d5d5a6c0a416710ecfd4bc412a8fbc8dadbbe36c:416:27	results/037.json.gz
37	std::is_same	1	DEPENDENT_OR_LOCAL_NAMES: StringAttribute,T	37:5112eb084177cbee487358354c1789eccc04085ffb9d5a61d942bbf33e5a406a:66:8	results/037.json.gz
37	std::is_same	1	DEPENDENT_OR_LOCAL_NAMES: AggregateAttribute,T	37:5112eb084177cbee487358354c1789eccc04085ffb9d5a61d942bbf33e5a406a:68:18	results/037.json.gz
37	std::is_same	2	DEPENDENT_OR_LOCAL_NAMES: Chain,Head	37:00aa7f79a4d177ab5595192e41ef2d0cf43841aa7bf47e9d2eb55a4629052485:657:28	results/037.json.gz
37	std::is_same	1	DEPENDENT_OR_LOCAL_NAMES: AsyncValue,Head	37:00aa7f79a4d177ab5595192e41ef2d0cf43841aa7bf47e9d2eb55a4629052485:1017:44	results/037.json.gz
37	std::is_same	1	DEPENDENT_OR_LOCAL_NAMES: ArgT,Chain	37:00aa7f79a4d177ab5595192e41ef2d0cf43841aa7bf47e9d2eb55a4629052485:1055:28	results/037.json.gz
37	std::is_same	2	DEPENDENT_OR_LOCAL_NAMES: BoolPack,Bs	37:47057b903c4ca95233997dc82353205a16c9354dc0117bb938c8a021fc89b5f2:112:20	results/037.json.gz
37	std::is_same	1	DEPENDENT_OR_LOCAL_NAMES: T,Us	37:c309da3ec7fdd9a6b9daf6866e292389d003309251241b7205b27acd8766fbac:103:19	results/037.json.gz
37	std::is_same	1	DEPENDENT_OR_LOCAL_NAMES: UniqueAny,VT	37:a84871024ec57b40b40feceaaad8ebc2de5e6f01be58953e0c2d2d7b1889920a:119:26	results/037.json.gz
37	std::is_same	1	DEPENDENT_OR_LOCAL_NAMES: Args,mapped_type	37:0dfeeb750e8bbf96d3d95e9535e5dfd909dedf7650c42b2c3802aea646e4ccbb:819:22	results/037.json.gz
37	std::is_same	2	DEPENDENT_OR_LOCAL_NAMES: T,int32_t	37:350e8e714c2755c56079dda8cd96b5c36ca19fb84c1f67001de9e880e66a3af0:234:48	results/037.json.gz
37	std::is_same	2	DEPENDENT_OR_LOCAL_NAMES: T,int64_t	37:350e8e714c2755c56079dda8cd96b5c36ca19fb84c1f67001de9e880e66a3af0:235:24	results/037.json.gz
37	std::is_same	1	DEPENDENT_OR_LOCAL_NAMES: CustomCall,RemainingArgs,Ts	37:31c26c5516a35c856e921ca301b3f4d82dd0858cd753bd644c23a9c37808b293:256:22	results/037.json.gz
37	std::is_same	14	CUDA 内嵌标准实现的命名空间/目标配置未闭合，不用宿主 std 测量替代	37:88ca1b357f96d146b84435e090b262519bee1a22e7a7e8730812788a9f0eee39:61:9	results/037.json.gz
37	std::is_same	1	DEPENDENT_OR_LOCAL_NAMES: T,U,decay_t,detail	37:ecdc89fa2005396cc6c7660dc02639a2812a80c433ca5d0180cb1352edb01b95:313:26	results/037.json.gz
37	std::is_same	1	DEPENDENT_OR_LOCAL_NAMES: T,U,swap,tag	37:ecdc89fa2005396cc6c7660dc02639a2812a80c433ca5d0180cb1352edb01b95:358:1	results/037.json.gz
37	std::is_same	1	DEPENDENT_OR_LOCAL_NAMES: integer_sequence,values	37:59d9cbd571b7b3d5bc2b411923d6bef6004601738d37750f40721d7864a67422:702:20	results/037.json.gz
37	std::is_same	1	DEPENDENT_OR_LOCAL_NAMES: Args,bool_pack	37:61e11d883a58a4d3d938481cd612494590ffd511a17cf46158b21331d10945b8:1275:5	results/037.json.gz
37	std::is_same	1	DEPENDENT_OR_LOCAL_NAMES: _IteratorType,__iterator_traits	37:30ac2cfb1b6df7adc76a1d6c6e01eca07a40817fcc7ce7cb4f84e83254c0b7bf:71:7	results/037.json.gz
37	std::is_same	1	DEPENDENT_OR_LOCAL_NAMES: Args,Ret,T,operator	37:babed4fc9c3d804502aa053c5add427600600f080984985812d8cce716b35ffa:45:80	results/037.json.gz
37	std::is_same	1	DEPENDENT_OR_LOCAL_NAMES: DST	37:b0d9a3f34a88c63f77b8f30df31118556af70fde8bd76751207ceb9879556fcf:180:17	results/037.json.gz
37	std::is_same	1	DEPENDENT_OR_LOCAL_NAMES: DST,SRC	37:b0d9a3f34a88c63f77b8f30df31118556af70fde8bd76751207ceb9879556fcf:186:17	results/037.json.gz
37	std::is_same	2	DEPENDENT_OR_LOCAL_NAMES: Callable,OnceAction	37:c69ba249cd20db3d4ab48db7e5b2b59f3ae54c0042495192909e22b03f60d31f:457:40	results/037.json.gz
37	std::is_same	2	DEPENDENT_OR_LOCAL_NAMES: U	37:c69ba249cd20db3d4ab48db7e5b2b59f3ae54c0042495192909e22b03f60d31f:935:26	results/037.json.gz
37	std::is_same	1	DEPENDENT_OR_LOCAL_NAMES: C,DebugString	37:3ef5d6946fe38bc0bd842e187706d6e8ea6b25cd25d6f2efdc959593cefa4f05:878:48	results/037.json.gz
37	std::is_same	1	DEPENDENT_OR_LOCAL_NAMES: C,ShortDebugString	37:3ef5d6946fe38bc0bd842e187706d6e8ea6b25cd25d6f2efdc959593cefa4f05:884:53	results/037.json.gz
37	std::is_same	1	DEPENDENT_OR_LOCAL_NAMES: C,value_type	37:3ef5d6946fe38bc0bd842e187706d6e8ea6b25cd25d6f2efdc959593cefa4f05:979:7	results/037.json.gz
37	std::is_same	1	DEPENDENT_OR_LOCAL_NAMES: Fn,TfFunctionRef	37:aa5fd11592c98c5dfefcccf388f62c5af296571667b574177e982aab2dcf18e4:106:28	results/037.json.gz
37	std::is_same	1	DEPENDENT_OR_LOCAL_NAMES: Bs,bool_list	37:8ebd63b146f7e1f96d4f4d650fb0977027cbf0181f200e43a24d0a30a2e2bee6:2443:27	results/037.json.gz
37	std::is_same	1	DEPENDENT_OR_LOCAL_NAMES: Bs,bool_sequence	37:8ebd63b146f7e1f96d4f4d650fb0977027cbf0181f200e43a24d0a30a2e2bee6:11146:18	results/037.json.gz
37	std::is_same	1	DEPENDENT_OR_LOCAL_NAMES: EqualTo,T,test	37:8fd328f39d571e8fd8a24758429614b5c29fa65d7a04bd094350deab7950fc27:213:31	results/037.json.gz
37	std::is_same	1	DEPENDENT_OR_LOCAL_NAMES: T,y	37:ca88654b4c6aadf953b7f05058b895ec628b73929415c659dd2c9dfed8587069:94:35	results/037.json.gz
37	std::is_same	1	DEPENDENT_OR_LOCAL_NAMES: T,y1	37:ca88654b4c6aadf953b7f05058b895ec628b73929415c659dd2c9dfed8587069:95:41	results/037.json.gz
37	std::is_same	1	DEPENDENT_OR_LOCAL_NAMES: T,y2	37:ca88654b4c6aadf953b7f05058b895ec628b73929415c659dd2c9dfed8587069:95:66	results/037.json.gz
37	std::is_same	1	DEPENDENT_OR_LOCAL_NAMES: P,reference	37:ca0fb12dd6ccc65e5139730c6210298e73b1d3f3391f7f808b4366ab5cba1313:1146:9	results/037.json.gz
37	std::is_same	1	DEPENDENT_OR_LOCAL_NAMES: T,uint32_t	37:97db6d2824c0fd2d0ec0e3cebcc69b5b46c58605889747ff14682b9d97e9eaec:224:51	results/037.json.gz
37	std::is_same	1	DEPENDENT_OR_LOCAL_NAMES: T,uint64_t	37:97db6d2824c0fd2d0ec0e3cebcc69b5b46c58605889747ff14682b9d97e9eaec:225:51	results/037.json.gz
37	std::is_same	1	DEPENDENT_OR_LOCAL_NAMES: Cord,Element,absl	37:824069910eae43c4e45d8ae4e58ccc96d3acfe468bf8e01706530416f612844d:273:27	results/037.json.gz
37	std::is_same	1	DEPENDENT_OR_LOCAL_NAMES: Element,UnknownField	37:824069910eae43c4e45d8ae4e58ccc96d3acfe468bf8e01706530416f612844d:274:27	results/037.json.gz
39	std::enable_if	36	MACRO_CONTINUATION_OR_DIRECTIVE_REQUIRES_REAL_EXPANSION	39:417efb2fa58a9700031884ac205f55ff2077326db4343a0af0ab13af5456e745:154:14	results/039.json.gz
39	std::enable_if	8	NO_SELECTED_PROJECTION: helper/alias/base/template-name use needs downstream lookup	39:c642eb0a0888708a4265853421d639bdf062197f2566f16f2abc61baece4f78d:517:17	results/039.json.gz
39	std::enable_if	2	DEPENDENT_OR_LOCAL_NAMES: H,is_hashable,template,value_type	39:664a2991e24a3b879d7ba75a36039a01a1a31739807904576d6dcd2a90cad2e2:2904:19	results/039.json.gz
39	std::enable_if	2	DEPENDENT_OR_LOCAL_NAMES: V	39:0f1fb723cb75b76691465e8b73b2290cf6e33027e06accd4216a9fd433110f10:220:28	results/039.json.gz
39	std::enable_if	3	限定名还有外层命名空间；不是已确认的全局 std	39:f4b2b00b15aff3690a593c0311d29890744f08d1c4171262a44d8da30cf21e61:107:29	results/039.json.gz
39	std::enable_if	2	DEPENDENT_OR_LOCAL_NAMES: B,H	39:4caf885c90c977da17d65775bdbd8ca8bbc4581987685f1ead0589df24861376:411:10	results/039.json.gz
39	std::enable_if	2	DEPENDENT_OR_LOCAL_NAMES: Enum,H	39:4caf885c90c977da17d65775bdbd8ca8bbc4581987685f1ead0589df24861376:421:10	results/039.json.gz
39	std::enable_if	2	DEPENDENT_OR_LOCAL_NAMES: Float,H	39:4caf885c90c977da17d65775bdbd8ca8bbc4581987685f1ead0589df24861376:433:10	results/039.json.gz
39	std::enable_if	2	DEPENDENT_OR_LOCAL_NAMES: H,LongDouble	39:4caf885c90c977da17d65775bdbd8ca8bbc4581987685f1ead0589df24861376:446:10	results/039.json.gz
39	std::enable_if	2	DEPENDENT_OR_LOCAL_NAMES: H,T1,T2,is_hashable	39:4caf885c90c977da17d65775bdbd8ca8bbc4581987685f1ead0589df24861376:546:10	results/039.json.gz
39	std::enable_if	2	DEPENDENT_OR_LOCAL_NAMES: H,Ts,absl,conjunction,is_hashable	39:4caf885c90c977da17d65775bdbd8ca8bbc4581987685f1ead0589df24861376:566:10	results/039.json.gz
39	std::enable_if	18	DEPENDENT_OR_LOCAL_NAMES: H,T,is_hashable	39:4caf885c90c977da17d65775bdbd8ca8bbc4581987685f1ead0589df24861376:664:10	results/039.json.gz
39	std::enable_if	8	DEPENDENT_OR_LOCAL_NAMES: H,Key,T,is_hashable	39:4caf885c90c977da17d65775bdbd8ca8bbc4581987685f1ead0589df24861376:763:10	results/039.json.gz
39	std::enable_if	8	DEPENDENT_OR_LOCAL_NAMES: H,Key,is_hashable	39:4caf885c90c977da17d65775bdbd8ca8bbc4581987685f1ead0589df24861376:787:10	results/039.json.gz
39	std::enable_if	2	DEPENDENT_OR_LOCAL_NAMES: H,T,conjunction,is_hashable	39:4caf885c90c977da17d65775bdbd8ca8bbc4581987685f1ead0589df24861376:884:10	results/039.json.gz
39	std::enable_if	4	DEPENDENT_OR_LOCAL_NAMES: H,T,is_uniquely_represented	39:4caf885c90c977da17d65775bdbd8ca8bbc4581987685f1ead0589df24861376:925:10	results/039.json.gz
39	std::enable_if	39	DEPENDENT_OR_LOCAL_NAMES: T	39:c4b22990d346b8dd344cddc62b42d2e348793c59d603dededa2626ecc99c72ea:72:14	results/039.json.gz
39	std::enable_if	1	DEPENDENT_OR_LOCAL_NAMES: HasAbslStringify,HasUserDefinedConvert,IntegralConvertResult,T	39:59aab2f06e122ce38f009f516d3d1bd9e3a7af4658e20640818ecbd08541bf0f:361:10	results/039.json.gz
39	std::enable_if	13	DEPENDENT_OR_LOCAL_NAMES: T,U	39:e046f29278e283674660add073cb28b0c9bced424733c43f5057b523b133ee12:196:16	results/039.json.gz
39	std::enable_if	1	NO_TEMPLATE_ARGUMENT_LIST	39:502acdb4ff702e3446934b70610e0da76b3b26166a6782f09ff7621250c18fdf:67:7	results/039.json.gz
39	std::enable_if	1	DEPENDENT_OR_LOCAL_NAMES: Arg,boost,is_placeholder	39:436cfff0fb11ff912e842a913c08cf3b86780a9a557e1ffa458157c1bd3503e1:58:14	results/039.json.gz
39	std::enable_if	1	DEPENDENT_OR_LOCAL_NAMES: Arg,Vals,tuple_element	39:436cfff0fb11ff912e842a913c08cf3b86780a9a557e1ffa458157c1bd3503e1:72:14	results/039.json.gz
39	std::enable_if	1	DEPENDENT_OR_LOCAL_NAMES: Arg,Vals,boost,is_placeholder,tuple_element	39:436cfff0fb11ff912e842a913c08cf3b86780a9a557e1ffa458157c1bd3503e1:87:14	results/039.json.gz
39	std::enable_if	2	DEPENDENT_OR_LOCAL_NAMES: Args,Fn	39:cd00f2408071f824b605268e653b46cba7a77e28f4f40d296167eb2473b7ff72:27:10	results/039.json.gz
39	std::enable_if	1	DEPENDENT_OR_LOCAL_NAMES: Fallback,TypeOut,is_convertible	39:45bb0c701f32e08cddd1058a27a7d9650d090afb09ae1c6d863b1f045e5955af:109:14	results/039.json.gz
39	std::enable_if	1	DEPENDENT_OR_LOCAL_NAMES: Fallback,TypeOut,cnv,is_fun	39:45bb0c701f32e08cddd1058a27a7d9650d090afb09ae1c6d863b1f045e5955af:116:14	results/039.json.gz
39	std::enable_if	1	DEPENDENT_OR_LOCAL_NAMES: argument_pack,boost,derived_type,is_argument_pack,parameter	39:ee14d33a048cbd721897121f085d7b028aa1b4069fe4ec2c4041f9f22c29cd5b:89:14	results/039.json.gz
39	std::enable_if	1	DEPENDENT_OR_LOCAL_NAMES: argument_pack,boost,is_argument_pack,parameter,this_type	39:7a13c685c0f7f5dd33434b94e0826ab25c17a15fdd271be3fda193b16e4a9a05:104:14	results/039.json.gz
39	std::enable_if	2	DEPENDENT_OR_LOCAL_NAMES: A,alloc_has_allocate,allocator_pointer,detail	39:66fef0d08dba4f2f469a6659f4bb9404c90da0f0ecd73814f12da70fbfa174af:412:17	results/039.json.gz
39	std::enable_if	1	DEPENDENT_OR_LOCAL_NAMES: C,E,O,T,detail,dynamic_extent,span,span_sub	39:d34ea5a375e2ea7c63807332782496ec3e2afcefb0f6e1f7f893b8fad2a1c668:262:24	results/039.json.gz
39	std::enable_if	1	DEPENDENT_OR_LOCAL_NAMES: C,T,dynamic_extent,span	39:d34ea5a375e2ea7c63807332782496ec3e2afcefb0f6e1f7f893b8fad2a1c668:269:24	results/039.json.gz
39	std::enable_if	1	DEPENDENT_OR_LOCAL_NAMES: E,T,detail,span,span_bytes	39:d34ea5a375e2ea7c63807332782496ec3e2afcefb0f6e1f7f893b8fad2a1c668:388:17	results/039.json.gz
39	std::enable_if	1	DEPENDENT_OR_LOCAL_NAMES: Fn,detail,is_launch_policy	39:56bfa814420b0936c5f5341703007fe1ab6ccf3fa1144af621a40415979f2a0e:37:18	results/039.json.gz
39	std::enable_if	3	DEPENDENT_OR_LOCAL_NAMES: Fn,Policy,detail,is_launch_policy	39:56bfa814420b0936c5f5341703007fe1ab6ccf3fa1144af621a40415979f2a0e:58:18	results/039.json.gz
39	std::enable_if	1	DEPENDENT_OR_LOCAL_NAMES: Geometry,T,is_point	39:cec0b180c535ac2277ec0bd4b87727078bc11e92d091d8950e7ede5faa13743e:153:7	results/039.json.gz
39	std::enable_if	1	DEPENDENT_OR_LOCAL_NAMES: Geometry,T,is_multi_point	39:cec0b180c535ac2277ec0bd4b87727078bc11e92d091d8950e7ede5faa13743e:162:7	results/039.json.gz
39	std::enable_if	1	DEPENDENT_OR_LOCAL_NAMES: Geometry,T,is_pointlike	39:cec0b180c535ac2277ec0bd4b87727078bc11e92d091d8950e7ede5faa13743e:170:7	results/039.json.gz
39	std::enable_if	1	DEPENDENT_OR_LOCAL_NAMES: Geometry,T,is_segment	39:cec0b180c535ac2277ec0bd4b87727078bc11e92d091d8950e7ede5faa13743e:179:7	results/039.json.gz
39	std::enable_if	1	DEPENDENT_OR_LOCAL_NAMES: Geometry,T,is_linestring	39:cec0b180c535ac2277ec0bd4b87727078bc11e92d091d8950e7ede5faa13743e:187:7	results/039.json.gz
39	std::enable_if	1	DEPENDENT_OR_LOCAL_NAMES: Geometry,T,is_multi_linestring	39:cec0b180c535ac2277ec0bd4b87727078bc11e92d091d8950e7ede5faa13743e:195:7	results/039.json.gz
39	std::enable_if	1	DEPENDENT_OR_LOCAL_NAMES: Geometry,T,is_polylinear	39:cec0b180c535ac2277ec0bd4b87727078bc11e92d091d8950e7ede5faa13743e:204:7	results/039.json.gz
39	std::enable_if	1	DEPENDENT_OR_LOCAL_NAMES: Geometry,T,is_linear	39:cec0b180c535ac2277ec0bd4b87727078bc11e92d091d8950e7ede5faa13743e:213:7	results/039.json.gz
39	std::enable_if	1	DEPENDENT_OR_LOCAL_NAMES: Geometry,T,is_box	39:cec0b180c535ac2277ec0bd4b87727078bc11e92d091d8950e7ede5faa13743e:222:7	results/039.json.gz
39	std::enable_if	1	DEPENDENT_OR_LOCAL_NAMES: Geometry,T,is_ring	39:cec0b180c535ac2277ec0bd4b87727078bc11e92d091d8950e7ede5faa13743e:230:7	results/039.json.gz
39	std::enable_if	1	DEPENDENT_OR_LOCAL_NAMES: Geometry,T,is_polygon	39:cec0b180c535ac2277ec0bd4b87727078bc11e92d091d8950e7ede5faa13743e:238:7	results/039.json.gz
39	std::enable_if	1	DEPENDENT_OR_LOCAL_NAMES: Geometry,T,is_multi_polygon	39:cec0b180c535ac2277ec0bd4b87727078bc11e92d091d8950e7ede5faa13743e:246:7	results/039.json.gz
39	std::enable_if	1	DEPENDENT_OR_LOCAL_NAMES: Geometry,T,is_polygonal	39:cec0b180c535ac2277ec0bd4b87727078bc11e92d091d8950e7ede5faa13743e:255:7	results/039.json.gz
39	std::enable_if	1	DEPENDENT_OR_LOCAL_NAMES: Geometry,T,is_areal	39:cec0b180c535ac2277ec0bd4b87727078bc11e92d091d8950e7ede5faa13743e:264:7	results/039.json.gz
39	std::enable_if	1	DEPENDENT_OR_LOCAL_NAMES: Geometry,T,is_polysegmental	39:cec0b180c535ac2277ec0bd4b87727078bc11e92d091d8950e7ede5faa13743e:273:7	results/039.json.gz
39	std::enable_if	1	DEPENDENT_OR_LOCAL_NAMES: Geometry,T,is_dynamic_geometry	39:cec0b180c535ac2277ec0bd4b87727078bc11e92d091d8950e7ede5faa13743e:282:7	results/039.json.gz
39	std::enable_if	1	DEPENDENT_OR_LOCAL_NAMES: Geometry,T,is_geometry_collection	39:cec0b180c535ac2277ec0bd4b87727078bc11e92d091d8950e7ede5faa13743e:290:7	results/039.json.gz
39	std::enable_if	1	DEPENDENT_OR_LOCAL_NAMES: IsTriviallyConstructible	39:617649eb406d826d4b23f97e917511f7ae2019f1baf764dee18095061f2b7ba1:690:5	results/039.json.gz
39	std::enable_if	3	DEPENDENT_OR_LOCAL_NAMES: ColorBase,K,kth_semantic_element_reference_type	39:f323b51fe36ff0a59a4be0c521a1000090e2364c99885dc416a32f6fa037b069:29:17	results/039.json.gz
39	std::enable_if	1	DEPENDENT_OR_LOCAL_NAMES: Pixel,is_bit_aligned,is_homogeneous,mp11,mp_and	39:adb38f5f4d35a5242448aca0a82cb3e139daaf8770be3f2fbcb1db831f566c90:108:14	results/039.json.gz
39	std::enable_if	1	DEPENDENT_OR_LOCAL_NAMES: D,T,detail,point,std_common_type	39:fa5b58170c692037d27ba3471f7cb00abc69a297594eb8a020d6b904e8f45ff9:170:17	results/039.json.gz
39	std::enable_if	2	DEPENDENT_OR_LOCAL_NAMES: M,T,detail,point,std_common_type	39:fa5b58170c692037d27ba3471f7cb00abc69a297594eb8a020d6b904e8f45ff9:196:17	results/039.json.gz
39	std::enable_if	1	DEPENDENT_OR_LOCAL_NAMES: T,U,detail,static_cast,std_common_type,void_t	39:d5bd1b9655028601bc773a442c6f6c96013c38c6696befac6e2a60f932abdd83:35:46	results/039.json.gz
39	std::enable_if	1	DEPENDENT_OR_LOCAL_NAMES: BOOST_HANA_TT_IS_CONSTRUCTIBLE,Xn,Yn,detail,fast_and	39:55a29ac59da9933cfad38b56baba1ae1870ce93a148b1aee1d8e57d17c204384:68:15	results/039.json.gz
39	std::enable_if	1	DEPENDENT_OR_LOCAL_NAMES: X,Xs,is_constructible	39:36efa004fd1c9586602505638826e3d5d33df99c62eab4237c7a327096600683:101:3	results/039.json.gz
39	std::enable_if	1	DEPENDENT_OR_LOCAL_NAMES: __VA_ARGS__	39:1fd2bfdcac4fd8f3ae677b0d2c36b85be4851402cef42d768acc2928e97c197f:17:50	results/039.json.gz
39	std::enable_if	1	DEPENDENT_OR_LOCAL_NAMES: Ts,apply,deduce	39:59c37807eaf09410f219aa957da81c7c041edbef4bd519a683f283fb7f5c8a12:146:15	results/039.json.gz
39	std::enable_if	1	DEPENDENT_OR_LOCAL_NAMES: Context,detail,remove_cvref,storage_ptr,value	39:c136ab6e547b63115107307e2dc759cab1ee8aea8fb7cca252dfadb2d33423a8:159:10	results/039.json.gz
39	std::enable_if	2	DEPENDENT_OR_LOCAL_NAMES: Enum	39:7fa68ae9c8b6d46bd2f2147cbb2238379d56bdb891557aa388105d5f848d1cec:528:32	results/039.json.gz
39	std::enable_if	2	DEPENDENT_OR_LOCAL_NAMES: Ex,exception	39:4bb248bab62a75859e4957d771a8bb93bb46f0b8631291adbafd952c9d4a3189:166:14	results/039.json.gz
39	std::enable_if	2	DEPENDENT_OR_LOCAL_NAMES: E1,exception	39:4bb248bab62a75859e4957d771a8bb93bb46f0b8631291adbafd952c9d4a3189:175:14	results/039.json.gz
39	std::enable_if	2	DEPENDENT_OR_LOCAL_NAMES: H,R,is_tuple	39:b07bb316a5e6923b382b0602f157af803cd03557524d427b18194cb0bc751794:612:14	results/039.json.gz
39	std::enable_if	2	DEPENDENT_OR_LOCAL_NAMES: Car,R,is_tuple	39:b07bb316a5e6923b382b0602f157af803cd03557524d427b18194cb0bc751794:621:14	results/039.json.gz
39	std::enable_if	18	DEPENDENT_OR_LOCAL_NAMES: T,boost,cstdfloat,detail,float_internal128_t,math	39:5d9695294712858d3db65317039e9eb5fa51dda2bd994d14371711624e70903c:646:29	results/039.json.gz
39	std::enable_if	16	DEPENDENT_OR_LOCAL_NAMES: T1,T2,quaternion	39:e2904cf2e8177c8a3222ac9462f028f41a02fc9bae37a85dc77def944e98eaca:432:27	results/039.json.gz
39	std::enable_if	2	DEPENDENT_OR_LOCAL_NAMES: INT_MAX,Policy,T,bernoulli_numbers_cache	39:a54199fabf6539108d92293a7b1817875b1dc558ace2b03127898bab67de669c:603:17	results/039.json.gz
39	std::enable_if	3	DEPENDENT_OR_LOCAL_NAMES: Policy,T,is_policy,policies,promote_args,tools	39:3687966cb3afec166957b931bd48bbf4bf35e66ce02ecfd8f418ad2dab7a4fac:221:17	results/039.json.gz
39	std::enable_if	3	DEPENDENT_OR_LOCAL_NAMES: Policy,T,is_policy,policies,promote_args_t,tools	39:5af0b6073ca312640d7614605ea0cc21ce2b4e656b87c191046991e5f5041a5c:196:13	results/039.json.gz
39	std::enable_if	7	DEPENDENT_OR_LOCAL_NAMES: B,T	39:c8b2b569d4db8e5acd874c73c60d4fbffda019eddb84ad60b74602d70f5ab328:705:30	results/039.json.gz
39	std::enable_if	13	DEPENDENT_OR_LOCAL_NAMES: T,U,polynomial	39:ec056b0ab2aabf52238a9573d442d7066ccf97f1b272fbc8239a9a638d0de088:447:13	results/039.json.gz
39	std::enable_if	4	DEPENDENT_OR_LOCAL_NAMES: T,polynomial	39:cffcc698bc8e9dd0cf31058c0535711b7f011593ffde2d45aa276b0554be4ca5:176:10	results/039.json.gz
39	std::enable_if	1	DEPENDENT_OR_LOCAL_NAMES: N	39:f8a3ea8c73d125f5ef25a44807b44b4411d643dd6f03a24e6ae9c0ed4413f25c:466:85	results/039.json.gz
39	std::enable_if	1	DEPENDENT_OR_LOCAL_NAMES: Backend,V,complex_adaptor	39:8d355adbbce0a1c9264b97d97dbfddfea5cb2f33f1fb7f6662da6bb87298ce1f:107:13	results/039.json.gz
39	std::enable_if	1	DEPENDENT_OR_LOCAL_NAMES: Float,cpp_bin_float,float128_type,number_category,number_kind_floating_point	39:bcd782b34bd90d894c416fa595cd31c9e7114f343eb4dd1aad24bb722ab3dfc5:282:13	results/039.json.gz
39	std::enable_if	2	DEPENDENT_OR_LOCAL_NAMES: Float,cpp_bin_float,number_category,number_kind_floating_point	39:bcd782b34bd90d894c416fa595cd31c9e7114f343eb4dd1aad24bb722ab3dfc5:290:13	results/039.json.gz
39	std::enable_if	2	DEPENDENT_OR_LOCAL_NAMES: Float,cpp_bin_float,float128_type	39:bcd782b34bd90d894c416fa595cd31c9e7114f343eb4dd1aad24bb722ab3dfc5:303:13	results/039.json.gz
39	std::enable_if	1	DEPENDENT_OR_LOCAL_NAMES: Float,cpp_bin_float	39:bcd782b34bd90d894c416fa595cd31c9e7114f343eb4dd1aad24bb722ab3dfc5:363:13	results/039.json.gz
39	std::enable_if	1	DEPENDENT_OR_LOCAL_NAMES: I,boost,cpp_bin_float,detail,is_integral,multiprecision	39:bcd782b34bd90d894c416fa595cd31c9e7114f343eb4dd1aad24bb722ab3dfc5:501:13	results/039.json.gz
39	std::enable_if	15	UNBALANCED_DELIMITER	39:941e6d32e6d47b6547948016889a1587ab61c557f8c558d0b783458f044fd18e:225:61	results/039.json.gz
39	std::enable_if	1	DEPENDENT_OR_LOCAL_NAMES: Float,cpp_dec_float	39:941e6d32e6d47b6547948016889a1587ab61c557f8c558d0b783458f044fd18e:399:13	results/039.json.gz
39	std::enable_if	1	DEPENDENT_OR_LOCAL_NAMES: Allocator,Digits10,ExponentType,Float,cpp_dec_float	39:941e6d32e6d47b6547948016889a1587ab61c557f8c558d0b783458f044fd18e:2461:10	results/039.json.gz
39	std::enable_if	1	DEPENDENT_OR_LOCAL_NAMES: Allocator,MaxBits,MaxBits2,cpp_int_backend	39:2677f6c5f854060c483f08500f2d7ddb16e4d3f5e64562e414fdd1ebb4226aa4:1501:59	results/039.json.gz
39	std::enable_if	1	DEPENDENT_OR_LOCAL_NAMES: A,boost,cpp_int_backend,detail,is_unsigned,multiprecision,trivial_tag	39:2677f6c5f854060c483f08500f2d7ddb16e4d3f5e64562e414fdd1ebb4226aa4:1508:38	results/039.json.gz
39	std::enable_if	1	DEPENDENT_OR_LOCAL_NAMES: A,boost,cpp_int_backend,detail,is_integral,is_unsigned,multiprecision,trivial_tag	39:2677f6c5f854060c483f08500f2d7ddb16e4d3f5e64562e414fdd1ebb4226aa4:1521:38	results/039.json.gz
39	std::enable_if	1	DEPENDENT_OR_LOCAL_NAMES: A,boost,cpp_int_backend,detail,is_integral,limb_type,multiprecision,trivial_tag	39:2677f6c5f854060c483f08500f2d7ddb16e4d3f5e64562e414fdd1ebb4226aa4:1534:38	results/039.json.gz
39	std::enable_if	1	DEPENDENT_OR_LOCAL_NAMES: A,cpp_int_backend,limb_type,trivial_tag	39:2677f6c5f854060c483f08500f2d7ddb16e4d3f5e64562e414fdd1ebb4226aa4:1547:59	results/039.json.gz
39	std::enable_if	1	DEPENDENT_OR_LOCAL_NAMES: A,cpp_int_backend,signed_limb_type,trivial_tag	39:2677f6c5f854060c483f08500f2d7ddb16e4d3f5e64562e414fdd1ebb4226aa4:1557:59	results/039.json.gz
39	std::enable_if	1	DEPENDENT_OR_LOCAL_NAMES: A,cpp_int_backend,double_limb_type,trivial_tag	39:2677f6c5f854060c483f08500f2d7ddb16e4d3f5e64562e414fdd1ebb4226aa4:1567:59	results/039.json.gz
39	std::enable_if	1	DEPENDENT_OR_LOCAL_NAMES: A,cpp_int_backend,signed_double_limb_type,trivial_tag	39:2677f6c5f854060c483f08500f2d7ddb16e4d3f5e64562e414fdd1ebb4226aa4:1585:38	results/039.json.gz
39	std::enable_if	1	DEPENDENT_OR_LOCAL_NAMES: A,cpp_int_backend,trivial_tag	39:2677f6c5f854060c483f08500f2d7ddb16e4d3f5e64562e414fdd1ebb4226aa4:1680:59	results/039.json.gz
39	std::enable_if	1	DEPENDENT_OR_LOCAL_NAMES: Checked,MaxBits,MinBits,cpp_int_backend,is_trivial_cpp_int,signed_magnitude	39:506346c83b16e042f0f5cf90e0c669c50d1956dcc2dfc28e8c4a56fe6c565548:183:56	results/039.json.gz
39	std::enable_if	1	DEPENDENT_OR_LOCAL_NAMES: Checked,MaxBits,MinBits,cpp_int_backend,is_trivial_cpp_int,unsigned_magnitude	39:506346c83b16e042f0f5cf90e0c669c50d1956dcc2dfc28e8c4a56fe6c565548:191:56	results/039.json.gz
39	std::enable_if	2	DEPENDENT_OR_LOCAL_NAMES: Allocator,Checked,ExpressionTemplates,MaxBits,MinBits,SignType,backends,boost,cpp_int_backend,is_trivial_cpp_int,multiprecision,number	39:6298449183554ab788f7b200f9f72cda46423439e9f5e19d02291b3f921d42e8:128:17	results/039.json.gz
39	std::enable_if	1	DEPENDENT_OR_LOCAL_NAMES: Allocator1,Checked1,Integer,MaxBits1,MinBits1,SignType1,boost,cpp_int_backend,detail,is_trivial_cpp_int,is_unsigned,multiprecision	39:34a6e903972e64bccfde75b9e800d37ac5eae5047dac8f124b273443923c3757:481:42	results/039.json.gz
39	std::enable_if	1	DEPENDENT_OR_LOCAL_NAMES: Allocator1,Checked1,Integer,MaxBits1,MinBits1,SignType1,boost,cpp_int_backend,detail,is_integral,is_trivial_cpp_int,multiprecision	39:34a6e903972e64bccfde75b9e800d37ac5eae5047dac8f124b273443923c3757:506:56	results/039.json.gz
39	std::enable_if	1	DEPENDENT_OR_LOCAL_NAMES: Backend,T,boost,debug_adaptor,detail,is_arithmetic,multiprecision	39:4ba35b0643e5421bae8bbc15ae465270e35260b5e49a8ca75ca2ac8723e3e0b2:85:13	results/039.json.gz
39	std::enable_if	2	DEPENDENT_OR_LOCAL_NAMES: Backend,ExpressionTemplates,debug_adaptor,number,number_category,number_kind_rational	39:4ba35b0643e5421bae8bbc15ae465270e35260b5e49a8ca75ca2ac8723e3e0b2:571:17	results/039.json.gz
39	std::enable_if	2	DEPENDENT_OR_LOCAL_NAMES: ExpressionTemplates,T,component_type,number,number_category,number_kind_complex	39:9035208de9d901cf8876c2a288aa87e3e923229c864f573d0d16b5b925937a25:2314:42	results/039.json.gz
39	std::enable_if	1	DEPENDENT_OR_LOCAL_NAMES: A1,A2,A3,A4,component_type,detail,expression,number_category,number_kind_complex,result_type,tag	39:9035208de9d901cf8876c2a288aa87e3e923229c864f573d0d16b5b925937a25:2320:42	results/039.json.gz
39	std::enable_if	2	DEPENDENT_OR_LOCAL_NAMES: ExpressionTemplates,T,number,number_category,number_kind_complex,scalar_result_from_possible_complex	39:9035208de9d901cf8876c2a288aa87e3e923229c864f573d0d16b5b925937a25:2328:42	results/039.json.gz
39	std::enable_if	1	DEPENDENT_OR_LOCAL_NAMES: ExpressionTemplates,T,number,number_category,number_kind_floating_point,scalar_result_from_possible_complex	39:9035208de9d901cf8876c2a288aa87e3e923229c864f573d0d16b5b925937a25:2334:42	results/039.json.gz
39	std::enable_if	1	DEPENDENT_OR_LOCAL_NAMES: A1,A2,A3,A4,detail,expression,number_category,number_kind_complex,number_kind_floating_point,result_type,scalar_result_from_possible_complex,tag	39:9035208de9d901cf8876c2a288aa87e3e923229c864f573d0d16b5b925937a25:2340:42	results/039.json.gz
39	std::enable_if	2	DEPENDENT_OR_LOCAL_NAMES: A1,A2,A3,A4,Backend,ExpressionTemplates,complex_result_from_scalar,detail,expression,number,result_type,tag	39:9035208de9d901cf8876c2a288aa87e3e923229c864f573d0d16b5b925937a25:2376:35	results/039.json.gz
39	std::enable_if	1	DEPENDENT_OR_LOCAL_NAMES: A1,A1b,A2,A2b,A3,A3b,A4,A4b,complex_result_from_scalar,detail,expression,result_type,tag,tagb	39:9035208de9d901cf8876c2a288aa87e3e923229c864f573d0d16b5b925937a25:2392:35	results/039.json.gz
39	std::enable_if	1	DEPENDENT_OR_LOCAL_NAMES: Backend,ExpressionTemplates,Scalar,boost,complex_result_from_scalar,detail,is_arithmetic,multiprecision,number	39:9035208de9d901cf8876c2a288aa87e3e923229c864f573d0d16b5b925937a25:2403:35	results/039.json.gz
39	std::enable_if	1	DEPENDENT_OR_LOCAL_NAMES: A1,A2,A3,A4,Scalar,boost,complex_result_from_scalar,detail,expression,is_arithmetic,multiprecision,result_type,tag	39:9035208de9d901cf8876c2a288aa87e3e923229c864f573d0d16b5b925937a25:2410:35	results/039.json.gz
39	std::enable_if	3	DEPENDENT_OR_LOCAL_NAMES: Backend,ExpressionTemplates,multiprecision,number,number_category,number_kind_complex	39:9035208de9d901cf8876c2a288aa87e3e923229c864f573d0d16b5b925937a25:2501:42	results/039.json.gz
39	std::enable_if	3	DEPENDENT_OR_LOCAL_NAMES: A1,A2,A3,A4,detail,expression,multiprecision,number_category,number_kind_complex,result_type,tag	39:9035208de9d901cf8876c2a288aa87e3e923229c864f573d0d16b5b925937a25:2509:42	results/039.json.gz
39	std::enable_if	3	DEPENDENT_OR_LOCAL_NAMES: B,ET,I,boost,detail,is_integral,multiprecision,number	39:9035208de9d901cf8876c2a288aa87e3e923229c864f573d0d16b5b925937a25:2761:42	results/039.json.gz
39	std::enable_if	6	DEPENDENT_OR_LOCAL_NAMES: ExpressionTemplates,T,number,number_category,number_kind_floating_point	39:9035208de9d901cf8876c2a288aa87e3e923229c864f573d0d16b5b925937a25:2995:42	results/039.json.gz
39	std::enable_if	4	DEPENDENT_OR_LOCAL_NAMES: A1,A2,A3,A4,detail,expression,number_category,number_kind_floating_point,result_type,tag	39:9035208de9d901cf8876c2a288aa87e3e923229c864f573d0d16b5b925937a25:3004:42	results/039.json.gz
39	std::enable_if	3	DEPENDENT_OR_LOCAL_NAMES: B,ExpressionTemplates,number,number_category,number_kind_integer	39:9035208de9d901cf8876c2a288aa87e3e923229c864f573d0d16b5b925937a25:3086:42	results/039.json.gz
39	std::enable_if	1	DEPENDENT_OR_LOCAL_NAMES: A1,A2,A3,A4,detail,expression,number_category,number_kind_integer,result_type,tag	39:9035208de9d901cf8876c2a288aa87e3e923229c864f573d0d16b5b925937a25:3095:42	results/039.json.gz
39	std::enable_if	2	DEPENDENT_OR_LOCAL_NAMES: Backend,U,V,boost,default_ops,detail,et_on,expression,fma_func,function,is_arithmetic,is_number,is_number_expression,multiprecision,number,number_category,number_kind_floating_point	39:9035208de9d901cf8876c2a288aa87e3e923229c864f573d0d16b5b925937a25:3124:42	results/039.json.gz
39	std::enable_if	2	DEPENDENT_OR_LOCAL_NAMES: Arg1,Arg2,Arg3,Arg4,U,V,boost,default_ops,detail,expression,fma_func,function,is_arithmetic,is_number,is_number_expression,multiprecision,number_category,number_kind_floating_point,result_type,tag	39:9035208de9d901cf8876c2a288aa87e3e923229c864f573d0d16b5b925937a25:3136:42	results/039.json.gz
39	std::enable_if	2	DEPENDENT_OR_LOCAL_NAMES: Backend,U,V,boost,detail,et_off,is_arithmetic,is_number,is_number_expression,multiprecision,number,number_category,number_kind_floating_point	39:9035208de9d901cf8876c2a288aa87e3e923229c864f573d0d16b5b925937a25:3148:42	results/039.json.gz
39	std::enable_if	1	DEPENDENT_OR_LOCAL_NAMES: Backend,U,V,boost,default_ops,detail,et_on,expression,fma_func,function,is_arithmetic,multiprecision,number,number_category,number_kind_floating_point	39:9035208de9d901cf8876c2a288aa87e3e923229c864f573d0d16b5b925937a25:3202:42	results/039.json.gz
39	std::enable_if	1	DEPENDENT_OR_LOCAL_NAMES: Arg1,Arg2,Arg3,Arg4,U,V,boost,default_ops,detail,expression,fma_func,function,is_arithmetic,multiprecision,number_category,number_kind_floating_point,result_type,tag	39:9035208de9d901cf8876c2a288aa87e3e923229c864f573d0d16b5b925937a25:3214:42	results/039.json.gz
39	std::enable_if	1	DEPENDENT_OR_LOCAL_NAMES: Backend,U,V,boost,detail,et_off,is_arithmetic,multiprecision,number,number_category,number_kind_floating_point	39:9035208de9d901cf8876c2a288aa87e3e923229c864f573d0d16b5b925937a25:3226:42	results/039.json.gz
39	std::enable_if	1	DEPENDENT_OR_LOCAL_NAMES: Backend,U,default_ops,detail,et_on,expression,function,number,number_category,number_kind_floating_point,remquo_func	39:9035208de9d901cf8876c2a288aa87e3e923229c864f573d0d16b5b925937a25:3254:42	results/039.json.gz
39	std::enable_if	1	DEPENDENT_OR_LOCAL_NAMES: Arg1,Arg2,Arg3,Arg4,U,default_ops,detail,expression,function,number_category,number_kind_floating_point,remquo_func,result_type,tag	39:9035208de9d901cf8876c2a288aa87e3e923229c864f573d0d16b5b925937a25:3264:42	results/039.json.gz
39	std::enable_if	1	DEPENDENT_OR_LOCAL_NAMES: Backend,U,default_ops,detail,et_on,expression,function,is_number,is_number_expression,number,number_category,number_kind_floating_point,remquo_func	39:9035208de9d901cf8876c2a288aa87e3e923229c864f573d0d16b5b925937a25:3274:42	results/039.json.gz
39	std::enable_if	1	DEPENDENT_OR_LOCAL_NAMES: Arg1,Arg2,Arg3,Arg4,U,default_ops,detail,expression,function,is_number,is_number_expression,number_category,number_kind_floating_point,remquo_func,result_type,tag	39:9035208de9d901cf8876c2a288aa87e3e923229c864f573d0d16b5b925937a25:3284:42	results/039.json.gz
39	std::enable_if	1	DEPENDENT_OR_LOCAL_NAMES: Backend,et_off,et_on,number,number_category,number_kind_floating_point	39:9035208de9d901cf8876c2a288aa87e3e923229c864f573d0d16b5b925937a25:3294:42	results/039.json.gz
39	std::enable_if	1	DEPENDENT_OR_LOCAL_NAMES: Backend,U,et_off,et_on,is_number,is_number_expression,number,number_category,number_kind_floating_point	39:9035208de9d901cf8876c2a288aa87e3e923229c864f573d0d16b5b925937a25:3306:42	results/039.json.gz
39	std::enable_if	4	DEPENDENT_OR_LOCAL_NAMES: Backend,category,et_on,number,number_category	39:9035208de9d901cf8876c2a288aa87e3e923229c864f573d0d16b5b925937a25:3348:45	results/039.json.gz
39	std::enable_if	1	DEPENDENT_OR_LOCAL_NAMES: Backend,category,et_off,number,number_category	39:9035208de9d901cf8876c2a288aa87e3e923229c864f573d0d16b5b925937a25:3614:45	results/039.json.gz
39	std::enable_if	1	DEPENDENT_OR_LOCAL_NAMES: A1,A2,A3,A4,abs_funct,backend_type,detail,expression,function,number_category,number_kind_complex,result_type,tag	39:9035208de9d901cf8876c2a288aa87e3e923229c864f573d0d16b5b925937a25:3761:42	results/039.json.gz
39	std::enable_if	1	DEPENDENT_OR_LOCAL_NAMES: Backend,abs_funct,detail,et_on,expression,function,number,number_category,number_kind_complex	39:9035208de9d901cf8876c2a288aa87e3e923229c864f573d0d16b5b925937a25:3771:42	results/039.json.gz
39	std::enable_if	1	DEPENDENT_OR_LOCAL_NAMES: Backend,et_off,number,number_category,number_kind_complex	39:9035208de9d901cf8876c2a288aa87e3e923229c864f573d0d16b5b925937a25:3781:42	results/039.json.gz
39	std::enable_if	1	DEPENDENT_OR_LOCAL_NAMES: Backend,exponent_type,number_category,number_kind_floating_point	39:9035208de9d901cf8876c2a288aa87e3e923229c864f573d0d16b5b925937a25:3934:42	results/039.json.gz
39	std::enable_if	1	DEPENDENT_OR_LOCAL_NAMES: A1,A2,A3,A4,backend_type,detail,exponent_type,expression,multiprecision,number_category,number_kind_floating_point,result_type,tag	39:9035208de9d901cf8876c2a288aa87e3e923229c864f573d0d16b5b925937a25:3942:42	results/039.json.gz
39	std::enable_if	1	DEPENDENT_OR_LOCAL_NAMES: B,complement_immediates,detail,et_on,expression,number,number_category,number_kind_integer	39:976ae4aad4a0113f0681e0e5abba803b8ef31d2fa8c94d70893c754c8bf8d61d:52:42	results/039.json.gz
39	std::enable_if	13	DEPENDENT_OR_LOCAL_NAMES: B,et_on,number,number_category,number_kind_integer	39:976ae4aad4a0113f0681e0e5abba803b8ef31d2fa8c94d70893c754c8bf8d61d:57:42	results/039.json.gz
39	std::enable_if	1	DEPENDENT_OR_LOCAL_NAMES: Arg1,Arg2,Arg3,Arg4,bitwise_complement,detail,expression,number_category,number_kind_integer,result_type,tag	39:976ae4aad4a0113f0681e0e5abba803b8ef31d2fa8c94d70893c754c8bf8d61d:67:42	results/039.json.gz
39	std::enable_if	1	DEPENDENT_OR_LOCAL_NAMES: B,V,add_immediates,detail,et_on,expression,is_compatible_arithmetic_type,is_equivalent_number_type,number	39:976ae4aad4a0113f0681e0e5abba803b8ef31d2fa8c94d70893c754c8bf8d61d:106:42	results/039.json.gz
39	std::enable_if	4	DEPENDENT_OR_LOCAL_NAMES: B,V,et_on,is_compatible_arithmetic_type,is_equivalent_number_type,number	39:976ae4aad4a0113f0681e0e5abba803b8ef31d2fa8c94d70893c754c8bf8d61d:113:42	results/039.json.gz
39	std::enable_if	2	DEPENDENT_OR_LOCAL_NAMES: B,V,add_immediates,detail,et_on,expression,is_compatible_arithmetic_type,number	39:976ae4aad4a0113f0681e0e5abba803b8ef31d2fa8c94d70893c754c8bf8d61d:122:42	results/039.json.gz
39	std::enable_if	4	DEPENDENT_OR_LOCAL_NAMES: B,V,et_on,is_compatible_arithmetic_type,number	39:976ae4aad4a0113f0681e0e5abba803b8ef31d2fa8c94d70893c754c8bf8d61d:129:42	results/039.json.gz
39	std::enable_if	4	DEPENDENT_OR_LOCAL_NAMES: Arg1,Arg2,Arg3,Arg4,B,ET,detail,expression,number,plus,result_type,tag	39:976ae4aad4a0113f0681e0e5abba803b8ef31d2fa8c94d70893c754c8bf8d61d:145:42	results/039.json.gz
39	std::enable_if	2	DEPENDENT_OR_LOCAL_NAMES: Arg1,Arg2,Arg3,Arg4,V,detail,expression,is_compatible_arithmetic_type,plus,result_type,tag	39:976ae4aad4a0113f0681e0e5abba803b8ef31d2fa8c94d70893c754c8bf8d61d:194:42	results/039.json.gz
39	std::enable_if	2	DEPENDENT_OR_LOCAL_NAMES: Arg1,Arg2,Arg3,Arg4,V,detail,expression,is_compatible_arithmetic_type,left_type,multiply_add,multiply_immediates,result_type,right_type	39:976ae4aad4a0113f0681e0e5abba803b8ef31d2fa8c94d70893c754c8bf8d61d:209:42	results/039.json.gz
39	std::enable_if	4	DEPENDENT_OR_LOCAL_NAMES: Arg1,Arg2,Arg3,Arg4,B,ET,detail,expression,left_type,multiply_add,multiply_immediates,number,result_type,right_type	39:976ae4aad4a0113f0681e0e5abba803b8ef31d2fa8c94d70893c754c8bf8d61d:230:42	results/039.json.gz
39	std::enable_if	1	DEPENDENT_OR_LOCAL_NAMES: Arg1,Arg2,Arg3,Arg4,V,detail,expression,is_compatible_arithmetic_type,left_type,multiply_immediates,multiply_subtract,negate,result_type,right_type	39:976ae4aad4a0113f0681e0e5abba803b8ef31d2fa8c94d70893c754c8bf8d61d:276:42	results/039.json.gz
39	std::enable_if	1	DEPENDENT_OR_LOCAL_NAMES: Arg1,Arg2,Arg3,Arg4,V,detail,expression,is_compatible_arithmetic_type,left_type,multiply_immediates,multiply_subtract,result_type,right_type	39:976ae4aad4a0113f0681e0e5abba803b8ef31d2fa8c94d70893c754c8bf8d61d:283:42	results/039.json.gz
39	std::enable_if	2	DEPENDENT_OR_LOCAL_NAMES: Arg1,Arg2,Arg3,Arg4,B,ET,detail,expression,left_type,multiply_immediates,multiply_subtract,negate,number,result_type,right_type	39:976ae4aad4a0113f0681e0e5abba803b8ef31d2fa8c94d70893c754c8bf8d61d:297:42	results/039.json.gz
39	std::enable_if	4	DEPENDENT_OR_LOCAL_NAMES: Arg1,B,ET,detail,expression,minus,number,result_type	39:976ae4aad4a0113f0681e0e5abba803b8ef31d2fa8c94d70893c754c8bf8d61d:339:42	results/039.json.gz
39	std::enable_if	2	DEPENDENT_OR_LOCAL_NAMES: B,V,detail,et_on,expression,is_compatible_arithmetic_type,number,subtract_immediates	39:976ae4aad4a0113f0681e0e5abba803b8ef31d2fa8c94d70893c754c8bf8d61d:414:42	results/039.json.gz
39	std::enable_if	2	DEPENDENT_OR_LOCAL_NAMES: B,B2,ET,detail,et_on,expression,is_compatible_arithmetic_type,number,subtract_immediates	39:976ae4aad4a0113f0681e0e5abba803b8ef31d2fa8c94d70893c754c8bf8d61d:420:42	results/039.json.gz
39	std::enable_if	2	DEPENDENT_OR_LOCAL_NAMES: B,B2,ET,detail,et_on,expression,is_compatible_arithmetic_type,number,result_type,subtract_immediates	39:976ae4aad4a0113f0681e0e5abba803b8ef31d2fa8c94d70893c754c8bf8d61d:427:42	results/039.json.gz
39	std::enable_if	1	DEPENDENT_OR_LOCAL_NAMES: B,V,detail,et_on,expression,is_compatible_arithmetic_type,is_equivalent_number_type,number,subtract_immediates	39:976ae4aad4a0113f0681e0e5abba803b8ef31d2fa8c94d70893c754c8bf8d61d:490:42	results/039.json.gz
39	std::enable_if	4	DEPENDENT_OR_LOCAL_NAMES: Arg1,Arg2,Arg3,Arg4,B,ET,detail,expression,minus,number,result_type,tag	39:976ae4aad4a0113f0681e0e5abba803b8ef31d2fa8c94d70893c754c8bf8d61d:530:42	results/039.json.gz
39	std::enable_if	2	DEPENDENT_OR_LOCAL_NAMES: Arg1,Arg2,Arg3,Arg4,V,detail,expression,is_compatible_arithmetic_type,minus,result_type,tag	39:976ae4aad4a0113f0681e0e5abba803b8ef31d2fa8c94d70893c754c8bf8d61d:580:42	results/039.json.gz
39	std::enable_if	2	DEPENDENT_OR_LOCAL_NAMES: Arg1,B,ET,detail,expression,number,plus,result_type	39:976ae4aad4a0113f0681e0e5abba803b8ef31d2fa8c94d70893c754c8bf8d61d:602:42	results/039.json.gz
39	std::enable_if	2	DEPENDENT_OR_LOCAL_NAMES: Arg1,B,ET,detail,expression,negate,number,plus,result_type	39:976ae4aad4a0113f0681e0e5abba803b8ef31d2fa8c94d70893c754c8bf8d61d:628:42	results/039.json.gz
39	std::enable_if	2	DEPENDENT_OR_LOCAL_NAMES: B,add_immediates,detail,et_on,expression,negate,number,result_type	39:976ae4aad4a0113f0681e0e5abba803b8ef31d2fa8c94d70893c754c8bf8d61d:671:42	results/039.json.gz
39	std::enable_if	1	DEPENDENT_OR_LOCAL_NAMES: B,V,add_immediates,detail,et_on,expression,is_compatible_arithmetic_type,negate,number	39:976ae4aad4a0113f0681e0e5abba803b8ef31d2fa8c94d70893c754c8bf8d61d:692:42	results/039.json.gz
39	std::enable_if	1	DEPENDENT_OR_LOCAL_NAMES: B,B2,ET,add_immediates,detail,et_on,expression,is_compatible_arithmetic_type,negate,number	39:976ae4aad4a0113f0681e0e5abba803b8ef31d2fa8c94d70893c754c8bf8d61d:698:42	results/039.json.gz
39	std::enable_if	1	DEPENDENT_OR_LOCAL_NAMES: B,B2,ET,add_immediates,detail,et_on,expression,is_compatible_arithmetic_type,negate,number,result_type	39:976ae4aad4a0113f0681e0e5abba803b8ef31d2fa8c94d70893c754c8bf8d61d:705:42	results/039.json.gz
39	std::enable_if	1	DEPENDENT_OR_LOCAL_NAMES: B,B2,ET,add_immediates,detail,et_on,expression,is_compatible_arithmetic_type,number	39:976ae4aad4a0113f0681e0e5abba803b8ef31d2fa8c94d70893c754c8bf8d61d:718:42	results/039.json.gz
39	std::enable_if	1	DEPENDENT_OR_LOCAL_NAMES: B,B2,ET,add_immediates,detail,et_on,expression,is_compatible_arithmetic_type,number,result_type	39:976ae4aad4a0113f0681e0e5abba803b8ef31d2fa8c94d70893c754c8bf8d61d:725:42	results/039.json.gz
39	std::enable_if	1	DEPENDENT_OR_LOCAL_NAMES: B,V,detail,et_on,expression,is_compatible_arithmetic_type,is_equivalent_number_type,multiply_immediates,number	39:976ae4aad4a0113f0681e0e5abba803b8ef31d2fa8c94d70893c754c8bf8d61d:767:42	results/039.json.gz
39	std::enable_if	1	DEPENDENT_OR_LOCAL_NAMES: B,V,detail,et_on,expression,is_compatible_arithmetic_type,multiply_immediates,number	39:976ae4aad4a0113f0681e0e5abba803b8ef31d2fa8c94d70893c754c8bf8d61d:783:42	results/039.json.gz
39	std::enable_if	4	DEPENDENT_OR_LOCAL_NAMES: Arg1,Arg2,Arg3,Arg4,B,ET,detail,expression,multiplies,number,result_type,tag	39:976ae4aad4a0113f0681e0e5abba803b8ef31d2fa8c94d70893c754c8bf8d61d:806:42	results/039.json.gz
39	std::enable_if	2	DEPENDENT_OR_LOCAL_NAMES: Arg1,Arg2,Arg3,Arg4,V,detail,expression,is_compatible_arithmetic_type,multiplies,result_type,tag	39:976ae4aad4a0113f0681e0e5abba803b8ef31d2fa8c94d70893c754c8bf8d61d:855:42	results/039.json.gz
39	std::enable_if	4	DEPENDENT_OR_LOCAL_NAMES: B,detail,et_on,expression,multiply_immediates,negate,number,result_type	39:976ae4aad4a0113f0681e0e5abba803b8ef31d2fa8c94d70893c754c8bf8d61d:910:42	results/039.json.gz
39	std::enable_if	2	DEPENDENT_OR_LOCAL_NAMES: B,V,detail,et_on,expression,is_compatible_arithmetic_type,multiply_immediates,negate,number	39:976ae4aad4a0113f0681e0e5abba803b8ef31d2fa8c94d70893c754c8bf8d61d:958:42	results/039.json.gz
39	std::enable_if	2	DEPENDENT_OR_LOCAL_NAMES: B,B2,ET,detail,et_on,expression,is_compatible_arithmetic_type,multiply_immediates,negate,number	39:976ae4aad4a0113f0681e0e5abba803b8ef31d2fa8c94d70893c754c8bf8d61d:965:42	results/039.json.gz
39	std::enable_if	2	DEPENDENT_OR_LOCAL_NAMES: B,B2,ET,detail,et_on,expression,is_compatible_arithmetic_type,multiply_immediates,negate,number,result_type	39:976ae4aad4a0113f0681e0e5abba803b8ef31d2fa8c94d70893c754c8bf8d61d:973:42	results/039.json.gz
39	std::enable_if	1	DEPENDENT_OR_LOCAL_NAMES: B,V,detail,divide_immediates,et_on,expression,is_compatible_arithmetic_type,is_equivalent_number_type,number	39:976ae4aad4a0113f0681e0e5abba803b8ef31d2fa8c94d70893c754c8bf8d61d:1035:42	results/039.json.gz
39	std::enable_if	1	DEPENDENT_OR_LOCAL_NAMES: B,V,detail,divide_immediates,et_on,expression,is_compatible_arithmetic_type,number	39:976ae4aad4a0113f0681e0e5abba803b8ef31d2fa8c94d70893c754c8bf8d61d:1049:42	results/039.json.gz
39	std::enable_if	2	DEPENDENT_OR_LOCAL_NAMES: Arg1,Arg2,Arg3,Arg4,B,ET,detail,divides,expression,number,result_type,tag	39:976ae4aad4a0113f0681e0e5abba803b8ef31d2fa8c94d70893c754c8bf8d61d:1067:42	results/039.json.gz
39	std::enable_if	2	DEPENDENT_OR_LOCAL_NAMES: Arg1,Arg2,Arg3,Arg4,V,detail,divides,expression,is_compatible_arithmetic_type,result_type,tag	39:976ae4aad4a0113f0681e0e5abba803b8ef31d2fa8c94d70893c754c8bf8d61d:1102:42	results/039.json.gz
39	std::enable_if	2	DEPENDENT_OR_LOCAL_NAMES: Arg1,B,ET,detail,divides,expression,negate,number,result_type	39:976ae4aad4a0113f0681e0e5abba803b8ef31d2fa8c94d70893c754c8bf8d61d:1124:17	results/039.json.gz
39	std::enable_if	2	DEPENDENT_OR_LOCAL_NAMES: B,V,detail,divide_immediates,et_on,expression,is_compatible_arithmetic_type,negate,number	39:976ae4aad4a0113f0681e0e5abba803b8ef31d2fa8c94d70893c754c8bf8d61d:1186:42	results/039.json.gz
39	std::enable_if	2	DEPENDENT_OR_LOCAL_NAMES: B,B2,ET,detail,divide_immediates,et_on,expression,is_compatible_arithmetic_type,negate,number	39:976ae4aad4a0113f0681e0e5abba803b8ef31d2fa8c94d70893c754c8bf8d61d:1193:42	results/039.json.gz
39	std::enable_if	2	DEPENDENT_OR_LOCAL_NAMES: B,B2,ET,detail,divide_immediates,et_on,expression,is_compatible_arithmetic_type,negate,number,result_type	39:976ae4aad4a0113f0681e0e5abba803b8ef31d2fa8c94d70893c754c8bf8d61d:1200:42	results/039.json.gz
39	std::enable_if	1	DEPENDENT_OR_LOCAL_NAMES: B,detail,et_on,expression,modulus_immediates,number,number_category,number_kind_integer	39:976ae4aad4a0113f0681e0e5abba803b8ef31d2fa8c94d70893c754c8bf8d61d:1231:42	results/039.json.gz
39	std::enable_if	1	DEPENDENT_OR_LOCAL_NAMES: B,V,detail,et_on,expression,is_compatible_arithmetic_type,is_equivalent_number_type,modulus_immediates,number,number_category,number_kind_integer	39:976ae4aad4a0113f0681e0e5abba803b8ef31d2fa8c94d70893c754c8bf8d61d:1263:42	results/039.json.gz
39	std::enable_if	1	DEPENDENT_OR_LOCAL_NAMES: B,V,et_on,is_compatible_arithmetic_type,is_equivalent_number_type,number,number_category,number_kind_integer	39:976ae4aad4a0113f0681e0e5abba803b8ef31d2fa8c94d70893c754c8bf8d61d:1270:42	results/039.json.gz
39	std::enable_if	1	DEPENDENT_OR_LOCAL_NAMES: B,V,detail,et_on,expression,is_compatible_arithmetic_type,modulus_immediates,number,number_category,number_kind_integer	39:976ae4aad4a0113f0681e0e5abba803b8ef31d2fa8c94d70893c754c8bf8d61d:1279:42	results/039.json.gz
39	std::enable_if	7	DEPENDENT_OR_LOCAL_NAMES: B,V,et_on,is_compatible_arithmetic_type,number,number_category,number_kind_integer	39:976ae4aad4a0113f0681e0e5abba803b8ef31d2fa8c94d70893c754c8bf8d61d:1286:42	results/039.json.gz
39	std::enable_if	2	DEPENDENT_OR_LOCAL_NAMES: Arg1,Arg2,Arg3,Arg4,B,detail,et_on,expression,modulus,number,number_category,number_kind_integer,tag	39:976ae4aad4a0113f0681e0e5abba803b8ef31d2fa8c94d70893c754c8bf8d61d:1293:42	results/039.json.gz
39	std::enable_if	3	DEPENDENT_OR_LOCAL_NAMES: Arg1,Arg2,Arg3,Arg4,B,detail,et_on,expression,modulus,number,number_category,number_kind_integer,result_type,tag	39:976ae4aad4a0113f0681e0e5abba803b8ef31d2fa8c94d70893c754c8bf8d61d:1300:42	results/039.json.gz
39	std::enable_if	1	DEPENDENT_OR_LOCAL_NAMES: Arg1,Arg1b,Arg2,Arg2b,Arg3,Arg3b,Arg4,Arg4b,detail,expression,modulus,number_category,number_kind_integer,result_type,tag,tag2	39:976ae4aad4a0113f0681e0e5abba803b8ef31d2fa8c94d70893c754c8bf8d61d:1333:42	results/039.json.gz
39	std::enable_if	2	DEPENDENT_OR_LOCAL_NAMES: Arg1,Arg2,Arg3,Arg4,V,detail,expression,is_compatible_arithmetic_type,modulus,number_category,number_kind_integer,result_type,tag	39:976ae4aad4a0113f0681e0e5abba803b8ef31d2fa8c94d70893c754c8bf8d61d:1340:42	results/039.json.gz
39	std::enable_if	1	DEPENDENT_OR_LOCAL_NAMES: B,I,boost,detail,et_on,expression,is_integral,multiprecision,number,number_category,number_kind_integer,shift_left	39:976ae4aad4a0113f0681e0e5abba803b8ef31d2fa8c94d70893c754c8bf8d61d:1357:42	results/039.json.gz
39	std::enable_if	2	DEPENDENT_OR_LOCAL_NAMES: B,I,boost,detail,et_on,is_integral,multiprecision,number,number_category,number_kind_integer	39:976ae4aad4a0113f0681e0e5abba803b8ef31d2fa8c94d70893c754c8bf8d61d:1363:42	results/039.json.gz
39	std::enable_if	1	DEPENDENT_OR_LOCAL_NAMES: Arg1,Arg2,Arg3,Arg4,I,boost,detail,expression,is_integral,multiprecision,number_category,number_kind_integer,result_type,shift_left,tag	39:976ae4aad4a0113f0681e0e5abba803b8ef31d2fa8c94d70893c754c8bf8d61d:1371:42	results/039.json.gz
39	std::enable_if	1	DEPENDENT_OR_LOCAL_NAMES: B,I,boost,detail,et_on,expression,is_integral,multiprecision,number,number_category,number_kind_integer,shift_right	39:976ae4aad4a0113f0681e0e5abba803b8ef31d2fa8c94d70893c754c8bf8d61d:1381:42	results/039.json.gz
39	std::enable_if	1	DEPENDENT_OR_LOCAL_NAMES: Arg1,Arg2,Arg3,Arg4,I,boost,detail,expression,is_integral,multiprecision,number_category,number_kind_integer,result_type,shift_right,tag	39:976ae4aad4a0113f0681e0e5abba803b8ef31d2fa8c94d70893c754c8bf8d61d:1397:42	results/039.json.gz
39	std::enable_if	1	DEPENDENT_OR_LOCAL_NAMES: B,bitwise_and_immediates,detail,et_on,expression,number,number_category,number_kind_integer	39:976ae4aad4a0113f0681e0e5abba803b8ef31d2fa8c94d70893c754c8bf8d61d:1407:42	results/039.json.gz
39	std::enable_if	2	DEPENDENT_OR_LOCAL_NAMES: B,V,bitwise_and_immediates,detail,et_on,expression,is_compatible_arithmetic_type,number,number_category,number_kind_integer	39:976ae4aad4a0113f0681e0e5abba803b8ef31d2fa8c94d70893c754c8bf8d61d:1441:42	results/039.json.gz
39	std::enable_if	2	DEPENDENT_OR_LOCAL_NAMES: Arg1,Arg2,Arg3,Arg4,B,bitwise_and,detail,et_on,expression,number,number_category,number_kind_integer,tag	39:976ae4aad4a0113f0681e0e5abba803b8ef31d2fa8c94d70893c754c8bf8d61d:1473:42	results/039.json.gz
39	std::enable_if	4	DEPENDENT_OR_LOCAL_NAMES: Arg1,Arg2,Arg3,Arg4,B,bitwise_and,detail,et_on,expression,number,number_category,number_kind_integer,result_type,tag	39:976ae4aad4a0113f0681e0e5abba803b8ef31d2fa8c94d70893c754c8bf8d61d:1480:42	results/039.json.gz
39	std::enable_if	1	DEPENDENT_OR_LOCAL_NAMES: Arg1,Arg1b,Arg2,Arg2b,Arg3,Arg3b,Arg4,Arg4b,bitwise_and,detail,expression,number_category,number_kind_integer,result_type,tag,tag2	39:976ae4aad4a0113f0681e0e5abba803b8ef31d2fa8c94d70893c754c8bf8d61d:1525:42	results/039.json.gz
39	std::enable_if	2	DEPENDENT_OR_LOCAL_NAMES: Arg1,Arg2,Arg3,Arg4,V,bitwise_and,detail,expression,is_compatible_arithmetic_type,number_category,number_kind_integer,result_type,tag	39:976ae4aad4a0113f0681e0e5abba803b8ef31d2fa8c94d70893c754c8bf8d61d:1532:42	results/039.json.gz
39	std::enable_if	1	DEPENDENT_OR_LOCAL_NAMES: B,bitwise_or_immediates,detail,et_on,expression,number,number_category,number_kind_integer	39:976ae4aad4a0113f0681e0e5abba803b8ef31d2fa8c94d70893c754c8bf8d61d:1549:42	results/039.json.gz
39	std::enable_if	2	DEPENDENT_OR_LOCAL_NAMES: B,V,bitwise_or_immediates,detail,et_on,expression,is_compatible_arithmetic_type,number,number_category,number_kind_integer	39:976ae4aad4a0113f0681e0e5abba803b8ef31d2fa8c94d70893c754c8bf8d61d:1583:42	results/039.json.gz
39	std::enable_if	2	DEPENDENT_OR_LOCAL_NAMES: Arg1,Arg2,Arg3,Arg4,B,bitwise_or,detail,et_on,expression,number,number_category,number_kind_integer,tag	39:976ae4aad4a0113f0681e0e5abba803b8ef31d2fa8c94d70893c754c8bf8d61d:1615:42	results/039.json.gz
39	std::enable_if	4	DEPENDENT_OR_LOCAL_NAMES: Arg1,Arg2,Arg3,Arg4,B,bitwise_or,detail,et_on,expression,number,number_category,number_kind_integer,result_type,tag	39:976ae4aad4a0113f0681e0e5abba803b8ef31d2fa8c94d70893c754c8bf8d61d:1622:42	results/039.json.gz
39	std::enable_if	1	DEPENDENT_OR_LOCAL_NAMES: Arg1,Arg1b,Arg2,Arg2b,Arg3,Arg3b,Arg4,Arg4b,bitwise_or,detail,expression,number_category,number_kind_integer,result_type,tag,tag2	39:976ae4aad4a0113f0681e0e5abba803b8ef31d2fa8c94d70893c754c8bf8d61d:1667:42	results/039.json.gz
39	std::enable_if	2	DEPENDENT_OR_LOCAL_NAMES: Arg1,Arg2,Arg3,Arg4,V,bitwise_or,detail,expression,is_compatible_arithmetic_type,number_category,number_kind_integer,result_type,tag	39:976ae4aad4a0113f0681e0e5abba803b8ef31d2fa8c94d70893c754c8bf8d61d:1674:42	results/039.json.gz
39	std::enable_if	1	DEPENDENT_OR_LOCAL_NAMES: B,bitwise_xor_immediates,detail,et_on,expression,number,number_category,number_kind_integer	39:976ae4aad4a0113f0681e0e5abba803b8ef31d2fa8c94d70893c754c8bf8d61d:1691:42	results/039.json.gz
39	std::enable_if	2	DEPENDENT_OR_LOCAL_NAMES: B,V,bitwise_xor_immediates,detail,et_on,expression,is_compatible_arithmetic_type,number,number_category,number_kind_integer	39:976ae4aad4a0113f0681e0e5abba803b8ef31d2fa8c94d70893c754c8bf8d61d:1725:42	results/039.json.gz
39	std::enable_if	2	DEPENDENT_OR_LOCAL_NAMES: Arg1,Arg2,Arg3,Arg4,B,bitwise_xor,detail,et_on,expression,number,number_category,number_kind_integer,tag	39:976ae4aad4a0113f0681e0e5abba803b8ef31d2fa8c94d70893c754c8bf8d61d:1757:42	results/039.json.gz
39	std::enable_if	4	DEPENDENT_OR_LOCAL_NAMES: Arg1,Arg2,Arg3,Arg4,B,bitwise_xor,detail,et_on,expression,number,number_category,number_kind_integer,result_type,tag	39:976ae4aad4a0113f0681e0e5abba803b8ef31d2fa8c94d70893c754c8bf8d61d:1764:42	results/039.json.gz
39	std::enable_if	1	DEPENDENT_OR_LOCAL_NAMES: Arg1,Arg1b,Arg2,Arg2b,Arg3,Arg3b,Arg4,Arg4b,bitwise_xor,detail,expression,number_category,number_kind_integer,result_type,tag,tag2	39:976ae4aad4a0113f0681e0e5abba803b8ef31d2fa8c94d70893c754c8bf8d61d:1809:42	results/039.json.gz
39	std::enable_if	2	DEPENDENT_OR_LOCAL_NAMES: Arg1,Arg2,Arg3,Arg4,V,bitwise_xor,detail,expression,is_compatible_arithmetic_type,number_category,number_kind_integer,result_type,tag	39:976ae4aad4a0113f0681e0e5abba803b8ef31d2fa8c94d70893c754c8bf8d61d:1816:42	results/039.json.gz
39	std::enable_if	1	DEPENDENT_OR_LOCAL_NAMES: Backend,Integer,boost,detail,is_integral,multiprecision,number_category,number_kind_integer	39:9ff2b7319b50085ceef269f92ee0d66d352ec8508b6fd1e7b8b133eb5678d918:154:42	results/039.json.gz
39	std::enable_if	1	DEPENDENT_OR_LOCAL_NAMES: A1,A2,A3,A4,Integer,boost,detail,expression,is_integral,multiprecision,number_category,number_kind_integer,result_type,tag	39:9ff2b7319b50085ceef269f92ee0d66d352ec8508b6fd1e7b8b133eb5678d918:162:42	results/039.json.gz
39	std::enable_if	3	DEPENDENT_OR_LOCAL_NAMES: Backend,ExpressionTemplates,number,number_category,number_kind_integer	39:9ff2b7319b50085ceef269f92ee0d66d352ec8508b6fd1e7b8b133eb5678d918:224:42	results/039.json.gz
39	std::enable_if	1	DEPENDENT_OR_LOCAL_NAMES: T,U,V,boost,default_ops,detail,expression,function,is_integral,is_no_et_number,is_number,is_number_expression,multiprecision,number_category,number_kind_integer,powm_func	39:9ff2b7319b50085ceef269f92ee0d66d352ec8508b6fd1e7b8b133eb5678d918:451:42	results/039.json.gz
39	std::enable_if	6	DEPENDENT_OR_LOCAL_NAMES: Backend,boost,detail,et_on,is_backend,multiprecision,number	39:0779735690f8aae1eab772b902c96d25226ef80d29a9cae81b6969bc71f93988:29:17	results/039.json.gz
39	std::enable_if	8	DEPENDENT_OR_LOCAL_NAMES: B,V,et_off,is_compatible_arithmetic_type,number	39:1ae8ba856da812296a0ea1dff85ed0518e3a77e364c5ae2dfd6a0c4f28b8940f:52:62	results/039.json.gz
39	std::enable_if	6	DEPENDENT_OR_LOCAL_NAMES: B,V,et_off,is_compatible_arithmetic_type,is_equivalent_number_type,number	39:1ae8ba856da812296a0ea1dff85ed0518e3a77e364c5ae2dfd6a0c4f28b8940f:62:62	results/039.json.gz
39	std::enable_if	15	DEPENDENT_OR_LOCAL_NAMES: B,et_off,number,number_category,number_kind_integer	39:1ae8ba856da812296a0ea1dff85ed0518e3a77e364c5ae2dfd6a0c4f28b8940f:171:62	results/039.json.gz
39	std::enable_if	8	DEPENDENT_OR_LOCAL_NAMES: B,V,et_off,is_compatible_arithmetic_type,number,number_category,number_kind_integer	39:1ae8ba856da812296a0ea1dff85ed0518e3a77e364c5ae2dfd6a0c4f28b8940f:180:62	results/039.json.gz
39	std::enable_if	7	DEPENDENT_OR_LOCAL_NAMES: B,V,et_off,is_compatible_arithmetic_type,is_equivalent_number_type,number,number_category,number_kind_integer	39:1ae8ba856da812296a0ea1dff85ed0518e3a77e364c5ae2dfd6a0c4f28b8940f:190:62	results/039.json.gz
39	std::enable_if	4	DEPENDENT_OR_LOCAL_NAMES: B,I,boost,detail,et_off,is_integral,multiprecision,number,number_category,number_kind_integer	39:1ae8ba856da812296a0ea1dff85ed0518e3a77e364c5ae2dfd6a0c4f28b8940f:290:62	results/039.json.gz
39	std::enable_if	1	DEPENDENT_OR_LOCAL_NAMES: B,et_off,is_signed_number,number	39:1ae8ba856da812296a0ea1dff85ed0518e3a77e364c5ae2dfd6a0c4f28b8940f:391:62	results/039.json.gz
39	std::enable_if	1	DEPENDENT_OR_LOCAL_NAMES: B,V,et_off,is_compatible_arithmetic_type,is_equivalent_number_type,is_signed_number,number	39:1ae8ba856da812296a0ea1dff85ed0518e3a77e364c5ae2dfd6a0c4f28b8940f:417:62	results/039.json.gz
39	std::enable_if	1	DEPENDENT_OR_LOCAL_NAMES: T,boost,detail,multiprecision	39:da08cd37a9beffa84965781305f5b18c31e9f8e65232be080ed046700a0c6f92:164:20	results/039.json.gz
39	std::enable_if	2	DEPENDENT_OR_LOCAL_NAMES: T,boost,detail,is_unsigned,multiprecision	39:da08cd37a9beffa84965781305f5b18c31e9f8e65232be080ed046700a0c6f92:172:20	results/039.json.gz
39	std::enable_if	1	DEPENDENT_OR_LOCAL_NAMES: T,boost,detail,make_unsigned,multiprecision	39:da08cd37a9beffa84965781305f5b18c31e9f8e65232be080ed046700a0c6f92:180:20	results/039.json.gz
39	std::enable_if	1	DEPENDENT_OR_LOCAL_NAMES: T,boost,detail,float128_backend,float128_type,is_arithmetic,multiprecision	39:e834cee12d25d4077f4deefc2dd6e89aa0d2e5f16564682837a66b829a7af4bb:189:38	results/039.json.gz
39	std::enable_if	1	DEPENDENT_OR_LOCAL_NAMES: V,detail,digits10,gmp_float,gmp_float_imp	39:4b11ad36ac9156c502bdeb3b28b4a2b39e3be4841b21a0ecfde635647839b44f:676:13	results/039.json.gz
39	std::enable_if	1	DEPENDENT_OR_LOCAL_NAMES: V,detail,gmp_float,gmp_float_imp	39:4b11ad36ac9156c502bdeb3b28b4a2b39e3be4841b21a0ecfde635647839b44f:820:13	results/039.json.gz
39	std::enable_if	2	DEPENDENT_OR_LOCAL_NAMES: Integer,boost,detail,is_unsigned,multiprecision	39:4b11ad36ac9156c502bdeb3b28b4a2b39e3be4841b21a0ecfde635647839b44f:2309:17	results/039.json.gz
39	std::enable_if	7	DEPENDENT_OR_LOCAL_NAMES: Integer,boost,detail,is_integral,multiprecision	39:4b11ad36ac9156c502bdeb3b28b4a2b39e3be4841b21a0ecfde635647839b44f:2325:17	results/039.json.gz
39	std::enable_if	3	DEPENDENT_OR_LOCAL_NAMES: I2,Integer,boost,detail,is_integral,multiprecision	39:1a2d18d16098b528ce9dd13ac8fc440d543cdcb691c894255f442da7afd3734c:20:42	results/039.json.gz
39	std::enable_if	1	DEPENDENT_OR_LOCAL_NAMES: I1,I2,boost,detail,is_integral,multiprecision	39:1a2d18d16098b528ce9dd13ac8fc440d543cdcb691c894255f442da7afd3734c:46:42	results/039.json.gz
39	std::enable_if	1	DEPENDENT_OR_LOCAL_NAMES: I1,I2,I3,boost,detail,is_integral,is_unsigned,multiprecision	39:1a2d18d16098b528ce9dd13ac8fc440d543cdcb691c894255f442da7afd3734c:82:35	results/039.json.gz
39	std::enable_if	1	DEPENDENT_OR_LOCAL_NAMES: I1,I2,I3,boost,detail,is_integral,multiprecision	39:1a2d18d16098b528ce9dd13ac8fc440d543cdcb691c894255f442da7afd3734c:105:42	results/039.json.gz
39	std::enable_if	1	DEPENDENT_OR_LOCAL_NAMES: Backend,T,boost,detail,is_arithmetic,logged_adaptor,multiprecision	39:c0be77a688b52d98dbaeed37df4ec92db1a0337950173da52cef9762239ee7d6:117:13	results/039.json.gz
39	std::enable_if	2	DEPENDENT_OR_LOCAL_NAMES: Backend,ExpressionTemplates,logged_adaptor,number,number_category,number_kind_rational	39:c0be77a688b52d98dbaeed37df4ec92db1a0337950173da52cef9762239ee7d6:654:17	results/039.json.gz
39	std::enable_if	1	DEPENDENT_OR_LOCAL_NAMES: V,detail,digits10,mpc_complex_backend,mpc_complex_imp	39:611b2540c781ce2b0a86e8346db64b6182a5467cfde882a690ef6f2c45793776:538:13	results/039.json.gz
39	std::enable_if	1	DEPENDENT_OR_LOCAL_NAMES: V,detail,digits10,mpfi_float_backend,mpfi_float_imp	39:b0fafa718a55c3fd290827ee5216e922b75a67f8ef25455c2db2d826f28877ad:551:13	results/039.json.gz
39	std::enable_if	1	DEPENDENT_OR_LOCAL_NAMES: AllocationType,V,detail,digits10,mpfr_float_backend,mpfr_float_imp	39:c9254c0b93831b50045063c93d2a57c368ed1a137ea2117cf058d29410c46df1:1027:13	results/039.json.gz
39	std::enable_if	1	DEPENDENT_OR_LOCAL_NAMES: V,allocate_dynamic,detail,mpfr_float_backend,mpfr_float_imp	39:c9254c0b93831b50045063c93d2a57c368ed1a137ea2117cf058d29410c46df1:1175:13	results/039.json.gz
39	std::enable_if	1	DEPENDENT_OR_LOCAL_NAMES: AllocateType,Digits10,ExpressionTemplates,Policy,boost,is_policy,math,mpfr_float_backend,multiprecision,number,policies	39:c9254c0b93831b50045063c93d2a57c368ed1a137ea2117cf058d29410c46df1:2936:17	results/039.json.gz
39	std::enable_if	1	DEPENDENT_OR_LOCAL_NAMES: AllocateType,Digits10,ExpressionTemplates,Policy,boost,debug_adaptor,is_policy,math,mpfr_float_backend,multiprecision,number,policies	39:c9254c0b93831b50045063c93d2a57c368ed1a137ea2117cf058d29410c46df1:3094:17	results/039.json.gz
39	std::enable_if	1	DEPENDENT_OR_LOCAL_NAMES: AllocateType,Digits10,ExpressionTemplates,Policy,backends,boost,is_policy,logged_adaptor,math,mpfr_float_backend,multiprecision,number,policies	39:c9254c0b93831b50045063c93d2a57c368ed1a137ea2117cf058d29410c46df1:3228:17	results/039.json.gz
39	std::enable_if	9	DEPENDENT_OR_LOCAL_NAMES: Arg1,Arg2,Arg3,Arg4,detail,expression,number,result_type,self_type,tag	39:2549b437a6319ee9cbd2032560a0272611715dd89c2919dd85a4a3f9e9aed569:297:38	results/039.json.gz
39	std::enable_if	1	DEPENDENT_OR_LOCAL_NAMES: U,V,number,self_type,value_type	39:2549b437a6319ee9cbd2032560a0272611715dd89c2919dd85a4a3f9e9aed569:359:38	results/039.json.gz
39	std::enable_if	9	DEPENDENT_OR_LOCAL_NAMES: Backend,ExpressionTemplates,V,number,self_type	39:2549b437a6319ee9cbd2032560a0272611715dd89c2919dd85a4a3f9e9aed569:382:59	results/039.json.gz
39	std::enable_if	1	DEPENDENT_OR_LOCAL_NAMES: Backend,ExpressionTemplates,Other,boost,detail,is_explicitly_convertible,multiprecision,number	39:2549b437a6319ee9cbd2032560a0272611715dd89c2919dd85a4a3f9e9aed569:406:38	results/039.json.gz
39	std::enable_if	1	DEPENDENT_OR_LOCAL_NAMES: Backend,Other,detail,is_restricted_conversion,number	39:2549b437a6319ee9cbd2032560a0272611715dd89c2919dd85a4a3f9e9aed569:468:59	results/039.json.gz
39	std::enable_if	2	DEPENDENT_OR_LOCAL_NAMES: V,boost,detail,is_integral,multiprecision,number	39:2549b437a6319ee9cbd2032560a0272611715dd89c2919dd85a4a3f9e9aed569:821:59	results/039.json.gz
39	std::enable_if	1	DEPENDENT_OR_LOCAL_NAMES: T,boost,convertible_to,detail,is_arithmetic,is_complex,multiprecision,self_type	39:2549b437a6319ee9cbd2032560a0272611715dd89c2919dd85a4a3f9e9aed569:1072:40	results/039.json.gz
39	std::enable_if	1	DEPENDENT_OR_LOCAL_NAMES: T,self_type	39:2549b437a6319ee9cbd2032560a0272611715dd89c2919dd85a4a3f9e9aed569:1184:45	results/039.json.gz
39	std::enable_if	1	DEPENDENT_OR_LOCAL_NAMES: T,number_category,number_kind_complex,self_type	39:2549b437a6319ee9cbd2032560a0272611715dd89c2919dd85a4a3f9e9aed569:1191:45	results/039.json.gz
39	std::enable_if	2	DEPENDENT_OR_LOCAL_NAMES: Backend,V,canonical,detail	39:2549b437a6319ee9cbd2032560a0272611715dd89c2919dd85a4a3f9e9aed569:2231:51	results/039.json.gz
39	std::enable_if	1	DEPENDENT_OR_LOCAL_NAMES: Arithmetic,rational_adaptor	39:23757733a6f1111aab0af98bb0bf5105fde08ac412c2cbf18d51bbad42656012:140:20	results/039.json.gz
39	std::enable_if	1	DEPENDENT_OR_LOCAL_NAMES: Float,rational_adaptor	39:23757733a6f1111aab0af98bb0bf5105fde08ac412c2cbf18d51bbad42656012:195:13	results/039.json.gz
39	std::enable_if	2	DEPENDENT_OR_LOCAL_NAMES: Arithmetic1,Arithmetic2	39:23757733a6f1111aab0af98bb0bf5105fde08ac412c2cbf18d51bbad42656012:465:97	results/039.json.gz
39	std::enable_if	1	DEPENDENT_OR_LOCAL_NAMES: T,bound_statement_tuple,detail,is_writable_field_tuple,params	39:f174707cb9d3ad4cd780bf2780ac9cfe4758575168fdcfabf5c00676158b3b38:132:41	results/039.json.gz
39	std::enable_if	1	DEPENDENT_OR_LOCAL_NAMES: Path,Result,is_path	39:df62c481b1d1c30a832de5b3042083f2aef18e10810f4ba4db921a74c8c9be51:32:43	results/039.json.gz
39	std::enable_if	1	DEPENDENT_OR_LOCAL_NAMES: N,T,abs_func,boost,function,make_expr,multivector,proto,result_of,tag,vex	39:bfadd4df9e5769503f3425a5899cc47f39b9edf90cf9dd85eed213f03ebd4fe7:28:10	results/039.json.gz
39	std::enable_if	1	DEPENDENT_OR_LOCAL_NAMES: N,T,boost,fabs_func,function,make_expr,multivector,proto,result_of,tag,vex	39:bfadd4df9e5769503f3425a5899cc47f39b9edf90cf9dd85eed213f03ebd4fe7:44:10	results/039.json.gz
39	std::enable_if	4	DEPENDENT_OR_LOCAL_NAMES: T,is_numeric	39:d61f0bfb219ce0f28c6f5454b23903842e78bd3d3f22f46eaaa7d5ce76028256:20:10	results/039.json.gz
39	std::enable_if	1	DEPENDENT_OR_LOCAL_NAMES: A,L1,T,is_numeric,matrix,ublas	39:9a2b2f26c5901195c8e317366b99191560a182dcb21e77350f550576870f2c97:105:10	results/039.json.gz
39	std::enable_if	2	DEPENDENT_OR_LOCAL_NAMES: A,T,is_numeric,ublas,vector	39:9a2b2f26c5901195c8e317366b99191560a182dcb21e77350f550576870f2c97:180:10	results/039.json.gz
39	std::enable_if	2	DEPENDENT_OR_LOCAL_NAMES: A,L,T,is_numeric,matrix,ublas	39:9a2b2f26c5901195c8e317366b99191560a182dcb21e77350f550576870f2c97:349:10	results/039.json.gz
39	std::enable_if	1	DEPENDENT_OR_LOCAL_NAMES: Ret,b	39:269453deef7e9a72c7327c28d58e2680858684e65c9204e33b21e0eb57c6db55:107:46	results/039.json.gz
39	std::enable_if	22	DEPENDENT_OR_LOCAL_NAMES: BOOST_PROCESS_V2_ASIO_NAMESPACE,ExecutionContext,execution_context,filesystem,path	39:846e3304697c7832765aef3010154cfe4f6ae088408d14e4110ad8790122fbe0:73:36	results/039.json.gz
39	std::enable_if	20	DEPENDENT_OR_LOCAL_NAMES: BOOST_PROCESS_V2_ASIO_NAMESPACE,Executor,execution,filesystem,is_executor,path	39:846e3304697c7832765aef3010154cfe4f6ae088408d14e4110ad8790122fbe0:105:36	results/039.json.gz
39	std::enable_if	1	DEPENDENT_OR_LOCAL_NAMES: env,key_value_pair_view,value_view	39:663137ce2898e87d31e11169d7ab14c8d33bd4c5658cd82666f6b707ab8e12fc:1389:17	results/039.json.gz
39	std::enable_if	1	DEPENDENT_OR_LOCAL_NAMES: env,key_value_pair,key_value_pair_view,value	39:663137ce2898e87d31e11169d7ab14c8d33bd4c5658cd82666f6b707ab8e12fc:1409:17	results/039.json.gz
39	std::enable_if	4	DEPENDENT_OR_LOCAL_NAMES: BOOST_PROCESS_V2_ASIO_NAMESPACE,ExecutionContext,execution_context,filesystem,is_convertible,path	39:24d5e4fa6ddfe4aad5ea64e25f2dc7600c23c1816a636908577317ad6d74f3bd:22:36	results/039.json.gz
39	std::enable_if	1	DEPENDENT_OR_LOCAL_NAMES: Executor,Inits,all_are_initializers,basic_process,default_launcher,detail	39:5a5cbda9c5ea63f8c1f544b353585817e7afc341bf4a80315f90c3304ad72d5a:230:32	results/039.json.gz
39	std::enable_if	2	DEPENDENT_OR_LOCAL_NAMES: charT	39:d920499ba400cad3c6c3639c7cb434558e9b4965483aa1fa02bb3c34003a08dc:936:17	results/039.json.gz
39	std::enable_if	7	DEPENDENT_OR_LOCAL_NAMES: R,T,U,checked_result	39:931fb943f07304ca5db788e3edb9cfa91cfdf9ec0790dc21d15d5c5f875ff87b:134:10	results/039.json.gz
39	std::enable_if	14	DEPENDENT_OR_LOCAL_NAMES: T,checked_result	39:29eef3f830d08ad311f2c656216cc2e0d93150adaf075ae907e1b96c5ff63791:102:10	results/039.json.gz
39	std::enable_if	1	DEPENDENT_OR_LOCAL_NAMES: T,U,addition_operator,legal_overload	39:23bb3b4f7be7cca232b34a922150fbadfc78f62af774b6e67b7a266817d88c6f:487:10	results/039.json.gz
39	std::enable_if	1	DEPENDENT_OR_LOCAL_NAMES: T,U,legal_overload,subtraction_operator	39:23bb3b4f7be7cca232b34a922150fbadfc78f62af774b6e67b7a266817d88c6f:610:10	results/039.json.gz
39	std::enable_if	1	DEPENDENT_OR_LOCAL_NAMES: T,U,legal_overload,multiplication_operator	39:23bb3b4f7be7cca232b34a922150fbadfc78f62af774b6e67b7a266817d88c6f:735:10	results/039.json.gz
39	std::enable_if	1	DEPENDENT_OR_LOCAL_NAMES: T,U,division_operator,legal_overload	39:23bb3b4f7be7cca232b34a922150fbadfc78f62af774b6e67b7a266817d88c6f:895:10	results/039.json.gz
39	std::enable_if	1	DEPENDENT_OR_LOCAL_NAMES: T,U,legal_overload,modulus_operator	39:23bb3b4f7be7cca232b34a922150fbadfc78f62af774b6e67b7a266817d88c6f:1056:10	results/039.json.gz
39	std::enable_if	1	DEPENDENT_OR_LOCAL_NAMES: Numeric,T,U,boost,left_shift_operator,legal_overload,safe_numerics	39:23bb3b4f7be7cca232b34a922150fbadfc78f62af774b6e67b7a266817d88c6f:1392:10	results/039.json.gz
39	std::enable_if	1	DEPENDENT_OR_LOCAL_NAMES: Numeric,T,U,boost,legal_overload,right_shift_operator,safe_numerics	39:23bb3b4f7be7cca232b34a922150fbadfc78f62af774b6e67b7a266817d88c6f:1548:10	results/039.json.gz
39	std::enable_if	1	DEPENDENT_OR_LOCAL_NAMES: T,U,bitwise_or_operator,legal_overload	39:23bb3b4f7be7cca232b34a922150fbadfc78f62af774b6e67b7a266817d88c6f:1635:10	results/039.json.gz
39	std::enable_if	1	DEPENDENT_OR_LOCAL_NAMES: T,U,bitwise_and_operator,legal_overload	39:23bb3b4f7be7cca232b34a922150fbadfc78f62af774b6e67b7a266817d88c6f:1699:10	results/039.json.gz
39	std::enable_if	1	DEPENDENT_OR_LOCAL_NAMES: T,U,bitwise_xor_operator,legal_overload	39:23bb3b4f7be7cca232b34a922150fbadfc78f62af774b6e67b7a266817d88c6f:1762:10	results/039.json.gz
39	std::enable_if	1	DEPENDENT_OR_LOCAL_NAMES: T,void_t	39:d42dd78309d44528d75ebb1dcde637ccfce3c3ad6e215f6a5298a07cccb74321:233:12	results/039.json.gz
39	std::enable_if	3	DEPENDENT_OR_LOCAL_NAMES: InputIterator,basic_static_string,detail,is_input_iterator	39:d42dd78309d44528d75ebb1dcde637ccfce3c3ad6e215f6a5298a07cccb74321:1548:12	results/039.json.gz
39	std::enable_if	2	DEPENDENT_OR_LOCAL_NAMES: InputIterator,detail,is_forward_iterator,is_input_iterator,iterator	39:d42dd78309d44528d75ebb1dcde637ccfce3c3ad6e215f6a5298a07cccb74321:2516:12	results/039.json.gz
39	std::enable_if	2	DEPENDENT_OR_LOCAL_NAMES: ForwardIterator,detail,is_forward_iterator,iterator	39:d42dd78309d44528d75ebb1dcde637ccfce3c3ad6e215f6a5298a07cccb74321:2530:12	results/039.json.gz
39	std::enable_if	2	DEPENDENT_OR_LOCAL_NAMES: CharT,InputIterator,N,Traits,basic_static_string,detail,is_forward_iterator,is_input_iterator	39:d42dd78309d44528d75ebb1dcde637ccfce3c3ad6e215f6a5298a07cccb74321:4310:12	results/039.json.gz
39	std::enable_if	2	DEPENDENT_OR_LOCAL_NAMES: CharT,ForwardIterator,N,Traits,basic_static_string,detail,is_forward_iterator	39:d42dd78309d44528d75ebb1dcde637ccfce3c3ad6e215f6a5298a07cccb74321:4326:12	results/039.json.gz
39	std::enable_if	1	DEPENDENT_OR_LOCAL_NAMES: A,E,T,detail,is_constructible,is_errc_t	39:129dbf6108ea9cad20b345b10da237fc3f96541753043a15c34fba5c25f90d12:147:46	results/039.json.gz
39	std::enable_if	1	DEPENDENT_OR_LOCAL_NAMES: A,E,T,detail,is_constructible	39:129dbf6108ea9cad20b345b10da237fc3f96541753043a15c34fba5c25f90d12:160:64	results/039.json.gz
39	std::enable_if	1	DEPENDENT_OR_LOCAL_NAMES: A,E	39:129dbf6108ea9cad20b345b10da237fc3f96541753043a15c34fba5c25f90d12:515:82	results/039.json.gz
39	std::enable_if	2	DEPENDENT_OR_LOCAL_NAMES: C,collection,is_container_forward_iterable,monomorphic	39:d4f6cf48de47ac30c60924d2000c569968db63db4696e761f42efbfef8956d5f:78:17	results/039.json.gz
39	std::enable_if	2	DEPENDENT_OR_LOCAL_NAMES: Args,dataset_t,delayed_dataset,is_dataset,monomorphic	39:63f68702fe5847588501048437ad8aa82fc6d83257186439c5d73a4515d591f2:106:17	results/039.json.gz
39	std::enable_if	1	DEPENDENT_OR_LOCAL_NAMES: DataSet,is_dataset,monomorphic	39:19ac02aa90a21445fa2447d89d6338531c48058cb216c5d7d1bf283fecf57459:126:17	results/039.json.gz
39	std::enable_if	1	DEPENDENT_OR_LOCAL_NAMES: T,is_array,is_container_forward_iterable,is_dataset,monomorphic,remove_reference,singleton	39:19ac02aa90a21445fa2447d89d6338531c48058cb216c5d7d1bf283fecf57459:139:17	results/039.json.gz
39	std::enable_if	2	DEPENDENT_OR_LOCAL_NAMES: Args,T,has_dataset,init_list,monomorphic	39:19ac02aa90a21445fa2447d89d6338531c48058cb216c5d7d1bf283fecf57459:184:17	results/039.json.gz
39	std::enable_if	1	DEPENDENT_OR_LOCAL_NAMES: T,boost,is_array,is_container_forward_iterable,is_dataset,monomorphic,remove_reference,singleton	39:3956d5c2b24794885eaff6ddfd7889150165f8a792a99f9f90c90c7aea0f625a:86:17	results/039.json.gz
39	std::enable_if	9	DEPENDENT_OR_LOCAL_NAMES: K,are_transparent,detail,hasher,key_equal,size_type	39:633f5259904369ec13739f1b14d78cc6004f8bd53d52ccf24c6665d6b4b648b9:282:34	results/039.json.gz
39	std::enable_if	1	DEPENDENT_OR_LOCAL_NAMES: K,are_transparent,detail,hasher,is_execution_policy,key_equal,size_type	39:633f5259904369ec13739f1b14d78cc6004f8bd53d52ccf24c6665d6b4b648b9:587:34	results/039.json.gz
39	std::enable_if	1	DEPENDENT_OR_LOCAL_NAMES: T,Value,init_type,value_type	39:f42732e55523ea662c975f3f47eee9a0090e7e75333e49a7ca50376131560c6f:432:42	results/039.json.gz
39	std::enable_if	1	DEPENDENT_OR_LOCAL_NAMES: T,iterator,value_type	39:552613e46424b6f5066edf5da0732d9dd6f1fa6d03f878df3914ffbaeff55c30:386:12	results/039.json.gz
39	std::enable_if	8	DEPENDENT_OR_LOCAL_NAMES: K,are_transparent,boost,detail,hasher,iterator,key_equal,unordered	39:01c641e2658d9fbefae6a60faa8d2da98dc1c34b20d9c3185c1eeb4078f46ca4:284:16	results/039.json.gz
39	std::enable_if	2	DEPENDENT_OR_LOCAL_NAMES: K,boost,detail,iterator,transparent_non_iterable,unordered,unordered_flat_map	39:01c641e2658d9fbefae6a60faa8d2da98dc1c34b20d9c3185c1eeb4078f46ca4:347:34	results/039.json.gz
39	std::enable_if	1	DEPENDENT_OR_LOCAL_NAMES: K,detail,size_type,transparent_non_iterable,unordered_flat_map	39:01c641e2658d9fbefae6a60faa8d2da98dc1c34b20d9c3185c1eeb4078f46ca4:410:34	results/039.json.gz
39	std::enable_if	6	DEPENDENT_OR_LOCAL_NAMES: K,are_transparent,boost,detail,hasher,key_equal,mapped_type,unordered	39:01c641e2658d9fbefae6a60faa8d2da98dc1c34b20d9c3185c1eeb4078f46ca4:467:16	results/039.json.gz
39	std::enable_if	4	DEPENDENT_OR_LOCAL_NAMES: K,are_transparent,boost,const_iterator,detail,hasher,key_equal,unordered	39:01c641e2658d9fbefae6a60faa8d2da98dc1c34b20d9c3185c1eeb4078f46ca4:548:34	results/039.json.gz
39	std::enable_if	4	DEPENDENT_OR_LOCAL_NAMES: K,are_transparent,detail,hasher,iterator,key_equal	39:01c641e2658d9fbefae6a60faa8d2da98dc1c34b20d9c3185c1eeb4078f46ca4:596:16	results/039.json.gz
39	std::enable_if	4	DEPENDENT_OR_LOCAL_NAMES: K,are_transparent,const_iterator,detail,hasher,key_equal	39:01c641e2658d9fbefae6a60faa8d2da98dc1c34b20d9c3185c1eeb4078f46ca4:612:16	results/039.json.gz
39	std::enable_if	2	DEPENDENT_OR_LOCAL_NAMES: K,detail,iterator,transparent_non_iterable,unordered_flat_set	39:ad03e26ad86f948687fa30a1f1e2a18607655e3f2c52165929adddacf86427bf:233:34	results/039.json.gz
39	std::enable_if	1	DEPENDENT_OR_LOCAL_NAMES: K,detail,size_type,transparent_non_iterable,unordered_flat_set	39:ad03e26ad86f948687fa30a1f1e2a18607655e3f2c52165929adddacf86427bf:305:34	results/039.json.gz
39	std::enable_if	2	DEPENDENT_OR_LOCAL_NAMES: K,boost,detail,iterator,transparent_non_iterable,unordered,unordered_node_map	39:c2171734df241f16e03cc89b6942f0c86732c60ace88835e1865feaa9110ea1d:424:34	results/039.json.gz
39	std::enable_if	1	DEPENDENT_OR_LOCAL_NAMES: K,detail,size_type,transparent_non_iterable,unordered_node_map	39:c2171734df241f16e03cc89b6942f0c86732c60ace88835e1865feaa9110ea1d:487:34	results/039.json.gz
39	std::enable_if	1	DEPENDENT_OR_LOCAL_NAMES: K,boost,detail,node_type,transparent_non_iterable,unordered,unordered_node_map	39:c2171734df241f16e03cc89b6942f0c86732c60ace88835e1865feaa9110ea1d:517:16	results/039.json.gz
39	std::enable_if	2	DEPENDENT_OR_LOCAL_NAMES: K,detail,iterator,transparent_non_iterable,unordered_node_set	39:700b124404f4894db38d8b863ea1c1f9551216412e086f253779cd512809905c:269:34	results/039.json.gz
39	std::enable_if	1	DEPENDENT_OR_LOCAL_NAMES: K,detail,size_type,transparent_non_iterable,unordered_node_set	39:700b124404f4894db38d8b863ea1c1f9551216412e086f253779cd512809905c:375:34	results/039.json.gz
39	std::enable_if	1	DEPENDENT_OR_LOCAL_NAMES: K,boost,detail,node_type,transparent_non_iterable,unordered,unordered_node_set	39:700b124404f4894db38d8b863ea1c1f9551216412e086f253779cd512809905c:405:16	results/039.json.gz
39	std::enable_if	1	DEPENDENT_OR_LOCAL_NAMES: String,core,optional_string,string_view	39:0e197416957a71449e3025b21c042a3fab526e94ca8be753820f326e2b3d5f8c:31:10	results/039.json.gz
39	std::enable_if	1	DEPENDENT_OR_LOCAL_NAMES: OptionalString,core,optional_string,string_view	39:0e197416957a71449e3025b21c042a3fab526e94ca8be753820f326e2b3d5f8c:56:10	results/039.json.gz
39	std::enable_if	1	DEPENDENT_OR_LOCAL_NAMES: CharSet,charset_ref,detail,is_charset	39:e4115e347ffc71cabad875f9e5f9acae0e5bf390bc9f7f496fc5b6b4be97a015:201:10	results/039.json.gz
39	std::enable_if	1	DEPENDENT_OR_LOCAL_NAMES: CharSet,cs_delim_rule	39:a54a0bf49581605bbd60ec16c3e1bf33363ac8cfdc7d766f372b3e5b3d2414b0:165:10	results/039.json.gz
39	std::enable_if	3	STATEMENT_BEFORE_TEMPLATE_CLOSE	39:aca1b16d2837b6c9fe2c5016becf5402986cfcb8d299ba3308f84d683f97f9e3:120:14	results/039.json.gz
39	std::enable_if	1	DEPENDENT_OR_LOCAL_NAMES: Rule,detail,is_rule,rule_ref	39:f1b352f1c5fb75190ac18a387cb30edc60e630c208cf7884cd818379f5cbe023:117:10	results/039.json.gz
39	std::enable_if	1	DEPENDENT_OR_LOCAL_NAMES: R0_,R1_,range_rule_t	39:f672c80f80846e9d1e27cb1d3e015aefa953a7180e817bce4c21236ecd49541c:539:22	results/039.json.gz
39	std::enable_if	1	DEPENDENT_OR_LOCAL_NAMES: Rule1,Rule2,range_rule_t	39:f672c80f80846e9d1e27cb1d3e015aefa953a7180e817bce4c21236ecd49541c:563:14	results/039.json.gz
39	std::enable_if	1	DEPENDENT_OR_LOCAL_NAMES: Archive,BinaryInputArchive,BinaryOutputArchive,T,cereal	39:159e79148bdc5c63a01d0769161b2c46ac54a9ce1d16206566753ce7ac46b0b9:176:3	results/039.json.gz
39	std::enable_if	1	DEPENDENT_OR_LOCAL_NAMES: Archive,BinaryInputArchive,BinaryOutputArchive,NameValuePair,T,cereal	39:159e79148bdc5c63a01d0769161b2c46ac54a9ce1d16206566753ce7ac46b0b9:189:3	results/039.json.gz
39	std::enable_if	1	DEPENDENT_OR_LOCAL_NAMES: Conditions,meta_bool_and,sfinae	39:89ec46a466a0d21be3df9b72367ba18f24c44477996e494a674c5024549ad29c:79:31	results/039.json.gz
39	std::enable_if	1	DEPENDENT_OR_LOCAL_NAMES: Conditions,meta_bool_or,sfinae	39:89ec46a466a0d21be3df9b72367ba18f24c44477996e494a674c5024549ad29c:82:32	results/039.json.gz
39	std::enable_if	1	DEPENDENT_OR_LOCAL_NAMES: T,base_type,common_detail,is_enum	39:092612375d40b8e1bf7995b360b7e7660f276605958fe819abed82a6ca654db8:93:12	results/039.json.gz
39	std::enable_if	1	DEPENDENT_OR_LOCAL_NAMES: IsConst	39:4938b8d9783069bdb6bf9539ae18b7482a59e264287558d9f1914c0627dfac0d:181:31	results/039.json.gz
39	std::enable_if	1	DEPENDENT_OR_LOCAL_NAMES: _Pair,__is_cons	39:cd5ceb961c9d867ac9968ed3174b487dab215aab6cd95c77a3ba2b0255a8df32:1140:18	results/039.json.gz
39	std::enable_if	1	DEPENDENT_OR_LOCAL_NAMES: _Tp1,_Tp1_nocv,_Tp1_noptr,_Tp2,__and_,__constructible_from,__not_,is_same,is_void,path	39:0fe4d4f7756438530a0a0fe9e6db0f782ac25ee8dede2e12c3d6867e305ca3e9:134:7	results/039.json.gz
39	std::enable_if	1	DEPENDENT_OR_LOCAL_NAMES: _UnqualVal	39:0fe4d4f7756438530a0a0fe9e6db0f782ac25ee8dede2e12c3d6867e305ca3e9:175:43	results/039.json.gz
39	std::enable_if	2	DEPENDENT_OR_LOCAL_NAMES: _ExecPolicy,_Tp,__pstl,execution,is_execution_policy	39:b8d0da1e1738e8a8e2f77993e031529e973536b54875d03ed1dd6f1186bd1bc9:83:14	results/039.json.gz
39	std::enable_if	8	DEPENDENT_OR_LOCAL_NAMES: _OutputIterator,_Tp	39:7e750eec987b961e68fa14d0a42af93c36277461d05b1d7157a0cf1b6c0b7d63:96:10	results/039.json.gz
39	std::enable_if	4	DEPENDENT_OR_LOCAL_NAMES: _BinaryOperation,_OutputIterator,_Tp,is_arithmetic_udop	39:b8dcdab856733a2f2486e57453b7085848c908c36cd307b5194c05f270068e7c:195:10	results/039.json.gz
39	std::enable_if	4	DEPENDENT_OR_LOCAL_NAMES: _BinaryOperation,_Tp,is_arithmetic_plus	39:b90fd72bb783bc35bc0cb2af25f2f6325ede105ce9bcdf513c2dad46034198d7:446:10	results/039.json.gz
39	std::enable_if	8	DEPENDENT_OR_LOCAL_NAMES: _BinaryOperation,_OutputIterator,_Tp,is_arithmetic_plus	39:b90fd72bb783bc35bc0cb2af25f2f6325ede105ce9bcdf513c2dad46034198d7:513:10	results/039.json.gz
39	std::enable_if	1	DEPENDENT_OR_LOCAL_NAMES: Ratio,Ratio2,Rep2,int64_t	39:2115e15c7c20038eb772afda20267cd18f67deeb9944c64cfb4b6bc10da2f0b3:32:20	results/039.json.gz
39	std::enable_if	1	DEPENDENT_OR_LOCAL_NAMES: HasDirectAccess,Scalar	39:50e24687f58738945252c3674af659a699a32504c6bafa0098e11e47cc53399b:59:32	results/039.json.gz
39	std::enable_if	2	DEPENDENT_OR_LOCAL_NAMES: HasDirectAccess,Index	39:50e24687f58738945252c3674af659a699a32504c6bafa0098e11e47cc53399b:63:32	results/039.json.gz
39	std::enable_if	1	DEPENDENT_OR_LOCAL_NAMES: HasAbslStringify,HasUserDefinedConvert,IntegralConvertResult,T,strings_internal	39:d7496947939e238526702cdbbf69cfd35141c0927db347efad7cfda15c9c0257:334:10	results/039.json.gz
39	std::enable_if	1	DEPENDENT_OR_LOCAL_NAMES: IndexOfConstructedType,IsNeitherSelfNorInPlace,T,absl,decay_t,variant,variant_internal	39:0d89b3f52d0f1e22a331e74eed9b0609321dbefc57e6cc1aec1d33745ea5fcfc:505:23	results/039.json.gz
39	std::enable_if	1	DEPENDENT_OR_LOCAL_NAMES: IndexOfConstructedType,T,absl,decay_t,variant,variant_internal	39:0d89b3f52d0f1e22a331e74eed9b0609321dbefc57e6cc1aec1d33745ea5fcfc:586:23	results/039.json.gz
39	std::enable_if	2	DEPENDENT_OR_LOCAL_NAMES: N,StridedMemRefType,T	39:10248ec9a2673688c081e0140fa30ca1cc05bc26a85f099e7db7869d89361bcf:64:10	results/039.json.gz
39	std::enable_if	3	DEPENDENT_OR_LOCAL_NAMES: First,event_attributes	39:a1cc68235425c6cdf9cd3d0c1725a1194dd5749f8bf6bf59042fd5288e1f2b7c:1871:33	results/039.json.gz
39	std::enable_if	5	DEPENDENT_OR_LOCAL_NAMES: U,handle	39:c327a6c05dee37783a57c2ba685e420c5c87fbcc6900f6333b1586da7a3b0329:205:21	results/039.json.gz
39	std::enable_if	1	DEPENDENT_OR_LOCAL_NAMES: CType	39:907eb19bd997e490f71b2a2dba00e6e739d846a2d9b422d31e9f0bfef9828c85:85:47	results/039.json.gz
39	std::enable_if	2	DEPENDENT_OR_LOCAL_NAMES: Dims,T,array_impl,pack_is_integral	39:a9c1e7039c65d5801a5008f3c2ca57f4b5723c65d79aa9f7c9f1004e9695eb6f:352:12	results/039.json.gz
39	std::enable_if	1	DEPENDENT_OR_LOCAL_NAMES: CublasLtMatmulF8Op,CublasLtMatmulMaybeF8Op,CublasLtMatmulOp,lmhlo_gpu,mlir	39:d92434007d0633dc183368a709287d2c1ac98cfd373c1f4843e58f68ebd677de:135:24	results/039.json.gz
39	std::enable_if	1	DEPENDENT_OR_LOCAL_NAMES: kArgumentNumber	39:45e20515b74a4eb0e60cdff72562ba6538f4c44d58635f90e3b9068cf5a63e37:701:16	results/039.json.gz
39	std::enable_if	2	DEPENDENT_OR_LOCAL_NAMES: Features,ProtoType,TypeHasFeatures	39:498b3b5b98b2da5d9db4f41abd7757738376cf01915d1d9c76cccf07b02ec121:277:10	results/039.json.gz
39	std::enable_if	1	DEPENDENT_OR_LOCAL_NAMES: TensorProto,TensorProtoHelper,Type,internal	39:d1d35be48a9d220c9c0d61c0b6f5c319be10bc70f11ef5056fbf1700992a015a:274:10	results/039.json.gz
39	std::enable_if	5	DEPENDENT_OR_LOCAL_NAMES: Index,PacketT,TensorEvaluatorHasPartialPacket,TensorEvaluatorT	39:469a8bf29bb5219e43d53dbbed9f95e915e95d35adfc810f133edf63606b13f8:590:50	results/039.json.gz
39	std::enable_if	2	DEPENDENT_OR_LOCAL_NAMES: IsSum,OpCopy,U	39:c6bf9be8327180a9a68d0d7032bf26706338b420457b2bfcc32ff2a81171931c:1036:16	results/039.json.gz
39	std::enable_if	1	DEPENDENT_OR_LOCAL_NAMES: IsMax,OpCopy,U	39:c6bf9be8327180a9a68d0d7032bf26706338b420457b2bfcc32ff2a81171931c:1041:25	results/039.json.gz
39	std::enable_if	1	DEPENDENT_OR_LOCAL_NAMES: IsMin,OpCopy,U	39:c6bf9be8327180a9a68d0d7032bf26706338b420457b2bfcc32ff2a81171931c:1047:25	results/039.json.gz
39	std::enable_if	2	DEPENDENT_OR_LOCAL_NAMES: IsProd,OpCopy,U	39:c6bf9be8327180a9a68d0d7032bf26706338b420457b2bfcc32ff2a81171931c:1054:16	results/039.json.gz
39	std::enable_if	1	DEPENDENT_OR_LOCAL_NAMES: IsLogSumExp,OpCopy,U	39:c1e4298e22beb367e66859cc280b52d9a02f1e99be4a0766be4781b21b3bdf01:155:23	results/039.json.gz
39	std::enable_if	1	DEPENDENT_OR_LOCAL_NAMES: From,To	39:a4ce004f0f0140c1d507c386e705cd66f7397ca02667ab0a7e91ba905ad63168:682:14	results/039.json.gz
39	std::enable_if	1	DEPENDENT_OR_LOCAL_NAMES: Packet,mask_t,masked_load_available,unpacket_traits	39:d8868857abf3d4816732c2e256e5d617c417efd6efb25a9a54a80bfdc64fe983:72:14	results/039.json.gz
39	std::enable_if	2	DEPENDENT_OR_LOCAL_NAMES: AlphaNum,T,absl	39:db2ef8b02faab68ea985fe5e87b9f2431e0e9d46e52a5de24ce20b235257524d:149:22	results/039.json.gz
39	std::enable_if	79	CUDA 内嵌标准实现的命名空间/目标配置未闭合，不用宿主 std 测量替代	39:e18886f9040898b15f32ab78e7a310bfd4947b053cd6ad2036b9a0c266f3e01e:918:20	results/039.json.gz
39	std::enable_if	1	DEPENDENT_OR_LOCAL_NAMES: __VA_ARGS__,condition	39:36b40f45164dc82c63b82a45d3bfe679ae4db11e51cbf2e6d227b833708b0af6:82:17	results/039.json.gz
39	std::enable_if	1	DEPENDENT_OR_LOCAL_NAMES: E,T	39:ecdc89fa2005396cc6c7660dc02639a2812a80c433ca5d0180cb1352edb01b95:193:30	results/039.json.gz
39	std::enable_if	1	DEPENDENT_OR_LOCAL_NAMES: ForwardIt,OutputIt,is_indirectly_trivially_relocatable_to,unique_eager_event	39:fad196af497c5168b772f766420f846db245347243d31ac659ea7d53b585f763:75:12	results/039.json.gz
39	std::enable_if	1	DEPENDENT_OR_LOCAL_NAMES: ForwardIt,OutputIt,conjunction,from_exec,is_device_to_device_copy,is_indirectly_trivially_relocatable_to,negation,to_exec,unique_eager_event	39:fad196af497c5168b772f766420f846db245347243d31ac659ea7d53b585f763:157:12	results/039.json.gz
39	std::enable_if	1	DEPENDENT_OR_LOCAL_NAMES: ForwardIt,OutputIt,conjunction,disjunction,from_exec,is_contiguous_iterator,is_device_to_host_copy,is_host_to_device_copy,is_trivially_relocatable_to,iterator_traits,negation,to_exec,unique_eager_event	39:fad196af497c5168b772f766420f846db245347243d31ac659ea7d53b585f763:200:12	results/039.json.gz
39	std::enable_if	1	DEPENDENT_OR_LOCAL_NAMES: ForwardIt,FromPolicy,OutputIt,ToPolicy,cuda,execution_policy,is_buffered_trivially_relocatable_host_to_device_copy,thrust,unique_eager_event	39:fad196af497c5168b772f766420f846db245347243d31ac659ea7d53b585f763:259:12	results/039.json.gz
39	std::enable_if	1	DEPENDENT_OR_LOCAL_NAMES: ForwardIt,FromPolicy,OutputIt,ToPolicy,cuda,execution_policy,is_buffered_trivially_relocatable_device_to_host_copy,thrust,unique_eager_event	39:fad196af497c5168b772f766420f846db245347243d31ac659ea7d53b585f763:362:12	results/039.json.gz
39	std::enable_if	1	DEPENDENT_OR_LOCAL_NAMES: ForwardIt,OutputIt,conjunction,disjunction,from_exec,is_device_to_host_copy,is_host_to_device_copy,is_trivially_relocatable_to,iterator_traits,negation,to_exec,unique_eager_event	39:fad196af497c5168b772f766420f846db245347243d31ac659ea7d53b585f763:443:12	results/039.json.gz
39	std::enable_if	1	DEPENDENT_OR_LOCAL_NAMES: ForwardIt,is_contiguous_iterator,negation,unique_eager_event	39:2f7dfd9a868a554e3a1ca0c158fc804ac90e6fd20022be8716a5c01730fa17aa:72:12	results/039.json.gz
39	std::enable_if	1	DEPENDENT_OR_LOCAL_NAMES: ForwardIt,StrictWeakOrdering,conjunction,disjunction,is_contiguous_iterator,is_operator_less_or_greater_function_object,iterator_traits,negation,unique_eager_event	39:2f7dfd9a868a554e3a1ca0c158fc804ac90e6fd20022be8716a5c01730fa17aa:179:12	results/039.json.gz
39	std::enable_if	1	DEPENDENT_OR_LOCAL_NAMES: StrictWeakOrdering,cudaError_t,is_operator_less_function_object	39:2f7dfd9a868a554e3a1ca0c158fc804ac90e6fd20022be8716a5c01730fa17aa:286:10	results/039.json.gz
39	std::enable_if	1	DEPENDENT_OR_LOCAL_NAMES: StrictWeakOrdering,cudaError_t,is_operator_greater_function_object	39:2f7dfd9a868a554e3a1ca0c158fc804ac90e6fd20022be8716a5c01730fa17aa:311:10	results/039.json.gz
39	std::enable_if	1	DEPENDENT_OR_LOCAL_NAMES: ForwardIt,StrictWeakOrdering,conjunction,is_contiguous_iterator,is_operator_less_or_greater_function_object,iterator_traits,unique_eager_event	39:2f7dfd9a868a554e3a1ca0c158fc804ac90e6fd20022be8716a5c01730fa17aa:348:12	results/039.json.gz
39	std::enable_if	4	DEPENDENT_OR_LOCAL_NAMES: is_64,uoffset_t	39:62f85a5b434665f8c0a08b22f840c417dceb83b448e6fe3d4e857e8ac01537f6:189:12	results/039.json.gz
39	std::enable_if	2	DEPENDENT_OR_LOCAL_NAMES: T,uoffset_t	39:62f85a5b434665f8c0a08b22f840c417dceb83b448e6fe3d4e857e8ac01537f6:1402:12	results/039.json.gz
39	std::enable_if	2	DEPENDENT_OR_LOCAL_NAMES: T,uoffset64_t	39:62f85a5b434665f8c0a08b22f840c417dceb83b448e6fe3d4e857e8ac01537f6:1412:12	results/039.json.gz
39	std::enable_if	1	DEPENDENT_OR_LOCAL_NAMES: ResultType	39:a52938726725e82f25e67ba63e71560004379fd234bbf62197144f67701b0c70:174:29	results/039.json.gz
39	std::enable_if	2	DEPENDENT_OR_LOCAL_NAMES: FloatT,Func	39:84a8bc41f13fdca5fb33d6ab67288f6f7383f6304e100ce1acfdc9ef853c875f:426:17	results/039.json.gz
39	std::enable_if	2	DEPENDENT_OR_LOCAL_NAMES: _IndexType,_Ip,__internal,__iterator_traits,__pstl	39:3616537c36576ba589237668b5d3d07e4488ff10e042d177a3eec2476a5b23b6:232:10	results/039.json.gz
39	std::enable_if	6	DEPENDENT_OR_LOCAL_NAMES: _ForwardIterator1,_ForwardIterator2,__is_random_access_iterator	39:f5fda7b71cf41f170171d530f49111b641287b4ac59833b12f8cb8c0e6b854cb:162:10	results/039.json.gz
39	std::enable_if	2	DEPENDENT_OR_LOCAL_NAMES: _RandomAccessIterator1,_RandomAccessIterator2,__is_random_access_iterator	39:f5fda7b71cf41f170171d530f49111b641287b4ac59833b12f8cb8c0e6b854cb:195:10	results/039.json.gz
39	std::enable_if	2	DEPENDENT_OR_LOCAL_NAMES: _RandomAccessIterator1,_RandomAccessIterator2,_RandomAccessIterator3,__is_random_access_iterator	39:f5fda7b71cf41f170171d530f49111b641287b4ac59833b12f8cb8c0e6b854cb:244:10	results/039.json.gz
39	std::enable_if	2	DEPENDENT_OR_LOCAL_NAMES: _ForwardIterator1,_ForwardIterator2,_ForwardIterator3,__is_random_access_iterator	39:f5fda7b71cf41f170171d530f49111b641287b4ac59833b12f8cb8c0e6b854cb:252:10	results/039.json.gz
39	std::enable_if	1	DEPENDENT_OR_LOCAL_NAMES: ExecPolicy,T,__pstl,execution,is_execution_policy	39:ca880c1a5b05bbc779043ed2b00c026a7f1be21af4664cd49c5970bc17ed8f57:162:14	results/039.json.gz
39	std::enable_if	3	DEPENDENT_OR_LOCAL_NAMES: T,U,optional	39:d5723f7c5b0bc838a6e374ba33f79ecce887e5c0e4c6bfb8ac7a91aeb4debcb8:406:39	results/039.json.gz
39	std::enable_if	1	DEPENDENT_OR_LOCAL_NAMES: DestructorTypeOf,HandleType,HasDestructor,SharedHandle,T	39:9b78217a4bca85c8327e1ec1f42741c4ef30120ad080a5bf7460ec98d2a82465:239:14	results/039.json.gz
39	std::enable_if	1	DEPENDENT_OR_LOCAL_NAMES: R,__VA_ARGS__	39:c6feb6ad03fddb35852b5c045d5e89bb3e54b184f2efcc299c36c784d96d2078:227:14	results/039.json.gz
39	std::enable_if	1	DEPENDENT_OR_LOCAL_NAMES: __VA_ARGS__,detail,enabler,expected_lite,nonstd	39:c6feb6ad03fddb35852b5c045d5e89bb3e54b184f2efcc299c36c784d96d2078:230:27	results/039.json.gz
39	std::enable_if	1	DEPENDENT_OR_LOCAL_NAMES: T,ThrowAction,internal	39:c69ba249cd20db3d4ab48db7e5b2b59f3ae54c0042495192909e22b03f60d31f:2079:10	results/039.json.gz
39	std::enable_if	2	DEPENDENT_OR_LOCAL_NAMES: Ts	39:cb20e1814e5c4d97edb486977619249482ba1ddbf46662b160847031623522b9:482:26	results/039.json.gz
39	std::enable_if	1	DEPENDENT_OR_LOCAL_NAMES: IsSupportedTypeHelper,T,V	39:f3cd3ecff7fe6fe66599ab0cfe8225b1d1f008a76d074b594db050b6e6857b8c:271:41	results/039.json.gz
39	std::enable_if	1	DEPENDENT_OR_LOCAL_NAMES: T,is_native_object_type,native_object_type	39:9acad01bb938f40754fee7de9cc8ff096cb5bd3d67d151031e614d6279226313:735:10	results/039.json.gz
39	std::enable_if	1	DEPENDENT_OR_LOCAL_NAMES: T,is_native_object_type	39:9acad01bb938f40754fee7de9cc8ff096cb5bd3d67d151031e614d6279226313:740:10	results/039.json.gz
39	std::enable_if	1	DEPENDENT_OR_LOCAL_NAMES: T,is_const	39:330a7c9a5b233202e3183b90f3a4369529214ac4813d2748c13061c43da16838:171:54	results/039.json.gz
39	std::enable_if	2	DEPENDENT_OR_LOCAL_NAMES: T,Tf_CopyCV	39:4cd21d0703fbb45c8728bccf19e6062eb5a1861daf998473876891a3a9386ff3:65:17	results/039.json.gz
39	std::enable_if	1	DEPENDENT_OR_LOCAL_NAMES: Container,element_type,value_type	39:99573b9831f6dfa87aa52b63235055ff1094b965ef07eed32d28404d4ffcd9ed:125:21	results/039.json.gz
39	std::enable_if	1	DEPENDENT_OR_LOCAL_NAMES: Container,value_type	39:99573b9831f6dfa87aa52b63235055ff1094b965ef07eed32d28404d4ffcd9ed:140:21	results/039.json.gz
39	std::enable_if	1	DEPENDENT_OR_LOCAL_NAMES: T,uintptr_t	39:4239cf841b2e6a554e95baac07ede38dd3b58a60b8978c653d74d0622b7b8b9e:457:18	results/039.json.gz
39	std::enable_if	1	DEPENDENT_OR_LOCAL_NAMES: ELEM,VtIsHashable,size_t	39:b9fb52dc5e56707aad372648af3a6994bad96fd7fa94aca66d9ce20490359977:949:10	results/039.json.gz
39	std::enable_if	1	DEPENDENT_OR_LOCAL_NAMES: Container,VtIsArray	39:3b52d8e49b8796c100a15c9ef21925607543daa83f20d7211bde078b8cd78e11:156:18	results/039.json.gz
39	std::enable_if	5	DEPENDENT_OR_LOCAL_NAMES: S	39:0e16b6b44eebfd45a19f04262b0dc29284708bdf81f1b9f4469d31ac945367e3:183:34	results/039.json.gz
39	std::enable_if	1	DEPENDENT_OR_LOCAL_NAMES: Arena,U	39:729b8c036bf160a3817c287bc0a66c573b8097be09a51a5b2cbbf9524656825e:408:18	results/039.json.gz
39	std::enable_if	2	DEPENDENT_OR_LOCAL_NAMES: uint32_t	39:ca0fb12dd6ccc65e5139730c6210298e73b1d3f3391f7f808b4366ab5cba1313:501:16	results/039.json.gz
39	std::enable_if	2	DEPENDENT_OR_LOCAL_NAMES: uint64_t	39:ca0fb12dd6ccc65e5139730c6210298e73b1d3f3391f7f808b4366ab5cba1313:503:16	results/039.json.gz
39	std::enable_if	1	DEPENDENT_OR_LOCAL_NAMES: MessageLite	39:ca0fb12dd6ccc65e5139730c6210298e73b1d3f3391f7f808b4366ab5cba1313:531:16	results/039.json.gz
39	std::enable_if	1	DEPENDENT_OR_LOCAL_NAMES: It,size_t	39:0ec689abb0de39390192f473e37c7518ea428977db95f21e7b1008b22b1a22d0:60:12	results/039.json.gz
39	std::enable_if	2	DEPENDENT_OR_LOCAL_NAMES: T,iterator_category	39:611dde9d13b558048abca8b9e4dec52b52931f26943af03f136bacc178e73826:261:12	results/039.json.gz
39	std::enable_if	2	DEPENDENT_OR_LOCAL_NAMES: V,W,enabler	39:ca5e2af6fea3d1b17408d395528e00374bdf4fdcb63b12f303e09fe459eda461:53:26	results/039.json.gz
46	std::is_base_of	2	DEPENDENT_OR_LOCAL_NAMES: C,T,allocator_type	46:b02693d3bacd3200dbd6d05e0ba1b32214cf3b45c719544b88cab22f3f0bd0f0:89:7	results/046.json.gz
46	std::is_base_of	2	DEPENDENT_OR_LOCAL_NAMES: C,T,allocator_type,key_compare,key_type	46:b02693d3bacd3200dbd6d05e0ba1b32214cf3b45c719544b88cab22f3f0bd0f0:96:7	results/046.json.gz
46	std::is_base_of	2	DEPENDENT_OR_LOCAL_NAMES: C,T,allocator_type,key_compare,key_type,mapped_type	46:b02693d3bacd3200dbd6d05e0ba1b32214cf3b45c719544b88cab22f3f0bd0f0:103:7	results/046.json.gz
46	std::is_base_of	2	DEPENDENT_OR_LOCAL_NAMES: C,T,allocator_type,hasher,key_equal,key_type	46:b02693d3bacd3200dbd6d05e0ba1b32214cf3b45c719544b88cab22f3f0bd0f0:112:7	results/046.json.gz
46	std::is_base_of	2	DEPENDENT_OR_LOCAL_NAMES: C,T,allocator_type,hasher,key_equal,key_type,mapped_type	46:b02693d3bacd3200dbd6d05e0ba1b32214cf3b45c719544b88cab22f3f0bd0f0:122:7	results/046.json.gz
46	std::is_base_of	2	DEPENDENT_OR_LOCAL_NAMES: A,N,T	46:b02693d3bacd3200dbd6d05e0ba1b32214cf3b45c719544b88cab22f3f0bd0f0:131:37	results/046.json.gz
46	std::is_base_of	2	DEPENDENT_OR_LOCAL_NAMES: B,N	46:b02693d3bacd3200dbd6d05e0ba1b32214cf3b45c719544b88cab22f3f0bd0f0:139:35	results/046.json.gz
46	std::is_base_of	3	NO_TEMPLATE_ARGUMENT_LIST	46:502acdb4ff702e3446934b70610e0da76b3b26166a6782f09ff7621250c18fdf:70:7	results/046.json.gz
46	std::is_base_of	1	DEPENDENT_OR_LOCAL_NAMES: Base,T,shallow_decay	46:6a29f817a625adc8f49515947e298c1c1d69d86298832c33542675bd5970deb4:70:34	results/046.json.gz
46	std::is_base_of	1	DEPENDENT_OR_LOCAL_NAMES: T,pointlike_tag,tag	46:cec0b180c535ac2277ec0bd4b87727078bc11e92d091d8950e7ede5faa13743e:49:7	results/046.json.gz
46	std::is_base_of	1	DEPENDENT_OR_LOCAL_NAMES: T,polylinear_tag,tag	46:cec0b180c535ac2277ec0bd4b87727078bc11e92d091d8950e7ede5faa13743e:70:7	results/046.json.gz
46	std::is_base_of	1	DEPENDENT_OR_LOCAL_NAMES: T,linear_tag,tag	46:cec0b180c535ac2277ec0bd4b87727078bc11e92d091d8950e7ede5faa13743e:75:7	results/046.json.gz
46	std::is_base_of	1	DEPENDENT_OR_LOCAL_NAMES: T,polygonal_tag,tag	46:cec0b180c535ac2277ec0bd4b87727078bc11e92d091d8950e7ede5faa13743e:101:7	results/046.json.gz
46	std::is_base_of	1	DEPENDENT_OR_LOCAL_NAMES: T,areal_tag,tag	46:cec0b180c535ac2277ec0bd4b87727078bc11e92d091d8950e7ede5faa13743e:106:7	results/046.json.gz
46	std::is_base_of	1	DEPENDENT_OR_LOCAL_NAMES: T,multi_tag,tag	46:cec0b180c535ac2277ec0bd4b87727078bc11e92d091d8950e7ede5faa13743e:123:7	results/046.json.gz
46	std::is_base_of	1	DEPENDENT_OR_LOCAL_NAMES: T,single_tag,tag	46:cec0b180c535ac2277ec0bd4b87727078bc11e92d091d8950e7ede5faa13743e:135:7	results/046.json.gz
46	std::is_base_of	1	DEPENDENT_OR_LOCAL_NAMES: FormatTag,format_tag	46:a2e1b23774fb9e18451d5a679d3ef40f3148edeed28c2b37841ef135532878e2:36:24	results/046.json.gz
46	std::is_base_of	3	DEPENDENT_OR_LOCAL_NAMES: T	46:35bdbb729b4220496ecdf9789e2faf469e0ec80843fbb1b0d0c66564d85cb3e0:543:13	results/046.json.gz
46	std::is_base_of	1	DEPENDENT_OR_LOCAL_NAMES: Impl1,user_conversion_tag	46:46b131cace24091671038e5963cad4059029a48b648fbcc36b0711c0c198fb8e:291:5	results/046.json.gz
46	std::is_base_of	1	DEPENDENT_OR_LOCAL_NAMES: Impl2,user_conversion_tag	46:46b131cace24091671038e5963cad4059029a48b648fbcc36b0711c0c198fb8e:292:5	results/046.json.gz
46	std::is_base_of	1	DEPENDENT_OR_LOCAL_NAMES: T,remove_cvref_t	46:940b0535950d3e15a521cce379ee44e640e44df9339ae0ded707d09c8d02c8a8:168:37	results/046.json.gz
46	std::is_base_of	2	DEPENDENT_OR_LOCAL_NAMES: T,V,mp_identity,mp_inherit	46:3a2894d86c71e0c5ca6e6c1b4ff9c16af2c97ce01d53c68cffe8014a5c1c44b6:80:29	results/046.json.gz
46	std::is_base_of	1	DEPENDENT_OR_LOCAL_NAMES: T,aux,boost,maybe_base,parameter	46:3e713f4138693ed0a0ddc8ec2e830e6c59c778ddf6c611b4c7dda0941db8e37a:22:24	results/046.json.gz
46	std::is_base_of	1	DEPENDENT_OR_LOCAL_NAMES: T,aux,boost,parameter,tagged_argument_base	46:a83e261f9bd77bcc8b32f94459e3bcad4a9e1b48b4c2237591c5263e8f319e21:85:39	results/046.json.gz
46	std::is_base_of	1	DEPENDENT_OR_LOCAL_NAMES: T,aux,boost,parameter,template_keyword_base	46:afc3bace10e1c48f74f8659300fd2b7292f0d8a227735693141f862714d04813:25:35	results/046.json.gz
46	std::is_base_of	1	DEPENDENT_OR_LOCAL_NAMES: Base,Derived	46:5bffe0827b3616908254a081a34635cd9790ba3d19ec9fe9957c8e503c66f514:38:27	results/046.json.gz
46	std::is_base_of	6	DEPENDENT_OR_LOCAL_NAMES: T,async_handler	46:67d9a5ae19a5870b7ddf3b128d29269a058cabb518681143b58916f1c3414adb:22:28	results/046.json.gz
46	std::is_base_of	6	DEPENDENT_OR_LOCAL_NAMES: T,require_io_context	46:67d9a5ae19a5870b7ddf3b128d29269a058cabb518681143b58916f1c3414adb:29:34	results/046.json.gz
46	std::is_base_of	2	DEPENDENT_OR_LOCAL_NAMES: T,handler_base	46:407ad86cac8dec1ff0fa87fafcf1e828bc074e0e1f7dd3679bd9188b5517b66c:25:25	results/046.json.gz
46	std::is_base_of	3	DEPENDENT_OR_LOCAL_NAMES: T,uses_handles	46:1d8844d24d6432d7f8785557c213eecb6b9fb4c0ba80d86bc6be1ae03605bef5:30:25	results/046.json.gz
46	std::is_base_of	1	DEPENDENT_OR_LOCAL_NAMES: ArrayType,T	46:54e51b1e3d80890afe00c16bab0e4cf18979f8ed04b41d067266daee4eb34a75:9108:47	results/046.json.gz
46	std::is_base_of	2	DEPENDENT_OR_LOCAL_NAMES: Base,T	46:ab50c42eec18a2503bb81563cb06a122dcd1137121a474fd857214a5c550cb6e:102:29	results/046.json.gz
46	std::is_base_of	1	DEPENDENT_OR_LOCAL_NAMES: T_functor,adaptor_base	46:85f00d610eb1e8c2346723873ceae714635236f31a68cef6207f0fd803cc8d8e:53:49	results/046.json.gz
46	std::is_base_of	1	DEPENDENT_OR_LOCAL_NAMES: _Iter_traits	46:0fe4d4f7756438530a0a0fe9e6db0f782ac25ee8dede2e12c3d6867e305ca3e9:96:9	results/046.json.gz
46	std::is_base_of	1	DEPENDENT_OR_LOCAL_NAMES: _IteratorTag,_IteratorTypes	46:a2851ceacc73de3784a5881830b743de0c639394443b25e2aaa90bdae31c2f91:25:5	results/046.json.gz
46	std::is_base_of	1	DEPENDENT_OR_LOCAL_NAMES: T,Ts	46:4a5eb6879ddb68fd203bad8a1c5500747bca134b3a8b8439eb1d4bc71204db58:115:38	results/046.json.gz
46	std::is_base_of	1	DEPENDENT_OR_LOCAL_NAMES: AccelTableData,T	46:43ff14b53c1168ae38db3477964b9f56d50c024b37a259545f29034d000ba79a:151:11	results/046.json.gz
46	std::is_base_of	1	DEPENDENT_OR_LOCAL_NAMES: T,format_adapter	46:8d1b1ab34286b21de7e8751f4c5a9626375af70c4141362d59fc7cd17703777c:95:14	results/046.json.gz
46	std::is_base_of	1	DEPENDENT_OR_LOCAL_NAMES: base,detail,holder,type_caster,type_caster_holder	46:c327a6c05dee37783a57c2ba685e420c5c87fbcc6900f6333b1586da7a3b0329:867:7	results/046.json.gz
46	std::is_base_of	1	DEPENDENT_OR_LOCAL_NAMES: T,pyobject_tag,remove_reference_t	46:6771a5f5808d8c7d679d1175583d12624327b0759f4eb3d6ba0f47bb316bc9b3:72:21	results/046.json.gz
46	std::is_base_of	1	DEPENDENT_OR_LOCAL_NAMES: T,handle	46:6771a5f5808d8c7d679d1175583d12624327b0759f4eb3d6ba0f47bb316bc9b3:232:60	results/046.json.gz
46	std::is_base_of	1	DEPENDENT_OR_LOCAL_NAMES: T,arg	46:6771a5f5808d8c7d679d1175583d12624327b0759f4eb3d6ba0f47bb316bc9b3:1279:20	results/046.json.gz
46	std::is_base_of	1	DEPENDENT_OR_LOCAL_NAMES: Argument,Ts	46:350e8e714c2755c56079dda8cd96b5c36ca19fb84c1f67001de9e880e66a3af0:124:36	results/046.json.gz
46	std::is_base_of	1	DEPENDENT_OR_LOCAL_NAMES: S,compile_string	46:61e11d883a58a4d3d938481cd612494590ffd511a17cf46158b21331d10945b8:383:28	results/046.json.gz
46	std::is_base_of	1	DEPENDENT_OR_LOCAL_NAMES: Args,remove_reference_t,view	46:61e11d883a58a4d3d938481cd612494590ffd511a17cf46158b21331d10945b8:1281:28	results/046.json.gz
46	std::is_base_of	1	DEPENDENT_OR_LOCAL_NAMES: It	46:341439dc5f96d40f8064df3c745733145eef198e9400c1d3fd9d8a05c3332618:66:11	results/046.json.gz
46	std::is_base_of	1	DEPENDENT_OR_LOCAL_NAMES: Base,T,condition	46:af9d5b3b136275d9f3a758410b733b4478cde2046522be1ac80bec7b3802a78d:115:31	results/046.json.gz
46	std::is_base_of	1	DEPENDENT_OR_LOCAL_NAMES: T,graph_node	46:a5f7948d80d36a9c61dc1a698d25f6245626fd608bc74a2beabe586588f09a02:46:33	results/046.json.gz
46	std::is_base_of	1	DEPENDENT_OR_LOCAL_NAMES: T,output_type,sender	46:a5f7948d80d36a9c61dc1a698d25f6245626fd608bc74a2beabe586588f09a02:97:20	results/046.json.gz
46	std::is_base_of	1	DEPENDENT_OR_LOCAL_NAMES: T,input_type,receiver	46:a5f7948d80d36a9c61dc1a698d25f6245626fd608bc74a2beabe586588f09a02:100:22	results/046.json.gz
46	std::is_base_of	1	DEPENDENT_OR_LOCAL_NAMES: T,VtTypedValueProxyBase	46:e5efc7f65853334fc470e51fd7234db2d5ee82979a46fb484e3de37feb4b064a:108:30	results/046.json.gz
46	std::is_base_of	1	DEPENDENT_OR_LOCAL_NAMES: T,VtErasedValueProxyBase	46:e5efc7f65853334fc470e51fd7234db2d5ee82979a46fb484e3de37feb4b064a:135:31	results/046.json.gz
46	std::is_base_of	1	DEPENDENT_OR_LOCAL_NAMES: RepeatedFieldBase,T	46:08f866f357476e39cbe1fc1ded0ff4d34c0ea9031fc4a35186a049b6dbbb1b9d:1683:7	results/046.json.gz
46	std::is_base_of	1	DEPENDENT_OR_LOCAL_NAMES: RepeatedPtrFieldBase,T	46:08f866f357476e39cbe1fc1ded0ff4d34c0ea9031fc4a35186a049b6dbbb1b9d:1684:7	results/046.json.gz
46	std::is_base_of	2	DEPENDENT_OR_LOCAL_NAMES: MessageLite,T	46:08f866f357476e39cbe1fc1ded0ff4d34c0ea9031fc4a35186a049b6dbbb1b9d:1687:14	results/046.json.gz
50	std::remove_pointer	4	NO_TEMPLATE_ARGUMENT_LIST	50:502acdb4ff702e3446934b70610e0da76b3b26166a6782f09ff7621250c18fdf:89:7	results/050.json.gz
50	std::remove_pointer	1	DEPENDENT_OR_LOCAL_NAMES: T,span_ptr	50:d34ea5a375e2ea7c63807332782496ec3e2afcefb0f6e1f7f893b8fad2a1c668:74:22	results/050.json.gz
50	std::remove_pointer	2	DEPENDENT_OR_LOCAL_NAMES: Geometry	50:ee6f139f6a00e5793f879647708192823e5e8d0116e844c3f2cb5ffbd5d96662:117:48	results/050.json.gz
50	std::remove_pointer	2	DEPENDENT_OR_LOCAL_NAMES: Point	50:ee6f139f6a00e5793f879647708192823e5e8d0116e844c3f2cb5ffbd5d96662:182:40	results/050.json.gz
50	std::remove_pointer	1	DEPENDENT_OR_LOCAL_NAMES: T,const_data_result	50:64f7d1024b8e84fd20726045abc2fe6dc78651a065b403dee2e5f00b32e364fa:58:63	results/050.json.gz
50	std::remove_pointer	1	DEPENDENT_OR_LOCAL_NAMES: Source,c_str	50:8093d3dd24b7f1b540a2672a17ca4ad087671599651f4533be2fc85cc9d2e4f7:66:38	results/050.json.gz
50	std::remove_pointer	3	DEPENDENT_OR_LOCAL_NAMES: raw	50:663137ce2898e87d31e11169d7ab14c8d33bd4c5658cd82666f6b707ab8e12fc:515:50	results/050.json.gz
50	std::remove_pointer	2	DEPENDENT_OR_LOCAL_NAMES: F	50:8c5a8c3d5dcad56e5ea2f50e252bdfa64a94cc2fb14664c8861098a8abe328a9:947:63	results/050.json.gz
50	std::remove_pointer	1	DEPENDENT_OR_LOCAL_NAMES: Func	50:8c5a8c3d5dcad56e5ea2f50e252bdfa64a94cc2fb14664c8861098a8abe328a9:1079:46	results/050.json.gz
50	std::remove_pointer	10	DEPENDENT_OR_LOCAL_NAMES: T	50:aa01f981eac16a23de9718064fa9bbb8feedac296ee17fdc1601ae43c99dd366:306:22	results/050.json.gz
50	std::remove_pointer	4	DEPENDENT_OR_LOCAL_NAMES: CharT	50:298ad906bd66894f5f5af6cc2667fbdafd120b5b8904825d47244a17c65e0cca:5656:42	results/050.json.gz
50	std::remove_pointer	1	DEPENDENT_OR_LOCAL_NAMES: PointerType	50:298ad906bd66894f5f5af6cc2667fbdafd120b5b8904825d47244a17c65e0cca:19982:43	results/050.json.gz
50	std::remove_pointer	1	DEPENDENT_OR_LOCAL_NAMES: t	50:1756c810ad5b7fd2b78fa985908f504599a2a5d8147a97bf95d95d6373045161:146:38	results/050.json.gz
50	std::remove_pointer	2	DEPENDENT_OR_LOCAL_NAMES: LazyEagerVerifyFnType	50:d28053688a427604f7e876f37aa9bf96e5efabe3daf984010b30c6dbafcb104e:379:30	results/050.json.gz
50	std::remove_pointer	1	DEPENDENT_OR_LOCAL_NAMES: To	50:4b1a61f1bb4ee15b56a81c3d4770cdc250fe472d19320aea1bf2f9838246e957:52:39	results/050.json.gz
50	std::remove_pointer	1	MACRO_CONTINUATION_OR_DIRECTIVE_REQUIRES_REAL_EXPANSION	50:72de8b7098d18e53726f1ecb1c453a019a31a2ef4fef43c58ffe8fc40dd59828:3563:49	results/050.json.gz
50	std::remove_pointer	1	DEPENDENT_OR_LOCAL_NAMES: ml_train_datagen_cb	50:b4731fb90731979f2e2fe0eef2ede467461f483de2670f4b2660cc1566e5464e:34:23	results/050.json.gz
50	std::remove_pointer	1	DEPENDENT_OR_LOCAL_NAMES: U	50:cb20e1814e5c4d97edb486977619249482ba1ddbf46662b160847031623522b9:420:55	results/050.json.gz
50	std::remove_pointer	1	DEPENDENT_OR_LOCAL_NAMES: factory	50:55dfd674c0619529501ea5dcb5470cecc6becb5bde03d8a58855c1631f71bc46:2302:26	results/050.json.gz
50	std::remove_pointer	2	DEPENDENT_OR_LOCAL_NAMES: gpgme_conf_comp_t	50:8b7d71d85de09c56e634ef234b8632af4085ffab9af4c44e6071352a9353303d:44:26	results/050.json.gz
50	std::remove_pointer	1	DEPENDENT_OR_LOCAL_NAMES: gpgme_key_t	50:f42239bdbce6c1d1918f6e0e99e474564418e73265c85ba33ed4e1473b8669e1:49:26	results/050.json.gz
50	std::remove_pointer	1	DEPENDENT_OR_LOCAL_NAMES: loop_cb	50:04ad9b01a982e4b89bd23190a4ea8ac2c9a9aa382a6956a6be4455aa00fa92d9:26:23	results/050.json.gz
53	std::conditional	2	DEPENDENT_OR_LOCAL_NAMES: T,V	53:d6279e4d5b95357893458c7910a7de429aca64f72f7dda21afdaedd6559267a6:159:14	results/053.json.gz
53	std::conditional	1	DEPENDENT_OR_LOCAL_NAMES: Container,IsMap,generator_internal,key_type	53:a712b59a284ab008bd8ce63185efbf4f19664fa63f03c8b7145f24b5a7eb2baa:144:52	results/053.json.gz
53	std::conditional	2	DEPENDENT_OR_LOCAL_NAMES: From,To	53:81e6c5a64b4ae904f238ef8b7f50479702c69bf580e3fa3ce8699922ebcae268:268:14	results/053.json.gz
53	std::conditional	2	DEPENDENT_OR_LOCAL_NAMES: PassByValue,T	53:f4b2b00b15aff3690a593c0311d29890744f08d1c4171262a44d8da30cf21e61:57:19	results/053.json.gz
53	std::conditional	23	DEPENDENT_OR_LOCAL_NAMES: T	53:2b928285a08675e0c7aa96124d284e7aa9af6b97cdd89c91df8f15be6768861c:178:14	results/053.json.gz
53	std::conditional	2	DEPENDENT_OR_LOCAL_NAMES: A,B,is_widening_convertible	53:b7e8fc8ac331e0c8caf48c34ad087f028445db767ff42e694ef7eb5216057b4e:81:32	results/053.json.gz
53	std::conditional	2	DEPENDENT_OR_LOCAL_NAMES: IsIntegral,NumType,absl,uniform_int_distribution,uniform_real_distribution	53:b7e8fc8ac331e0c8caf48c34ad087f028445db767ff42e694ef7eb5216057b4e:213:14	results/053.json.gz
53	std::conditional	5	DEPENDENT_OR_LOCAL_NAMES: T,VoidPtr,kHasUserDefined	53:59aab2f06e122ce38f009f516d3d1bd9e3a7af4658e20640818ecbd08541bf0f:479:27	results/053.json.gz
53	std::conditional	2	DEPENDENT_OR_LOCAL_NAMES: T,int64_t,uint64_t	53:59aab2f06e122ce38f009f516d3d1bd9e3a7af4658e20640818ecbd08541bf0f:560:33	results/053.json.gz
53	std::conditional	3	NO_TEMPLATE_ARGUMENT_LIST	53:502acdb4ff702e3446934b70610e0da76b3b26166a6782f09ff7621250c18fdf:64:7	results/053.json.gz
53	std::conditional	1	DEPENDENT_OR_LOCAL_NAMES: BufferSequence,const_buffer,is_mutable_buffer_sequence,mutable_buffer,net	53:85b930ea44710fb458e6f73b237ae0acd389bbf67536d5bde26cf5a87503526c:99:31	results/053.json.gz
53	std::conditional	3	DEPENDENT_OR_LOCAL_NAMES: boost,const_buffer,is_convertible,iter_type,mutable_buffer,net	53:8a609d9074b1f4a1682aabfedffffc68ca55394eb782752c528ff641f9bdc51b:66:33	results/053.json.gz
53	std::conditional	3	DEPENDENT_OR_LOCAL_NAMES: const_buffer,isMutable,mutable_buffer,net	53:39b650adf3d1c7252bf91b612ea309e2dd4f3c7126ddb7350119151b14b05578:35:9	results/053.json.gz
53	std::conditional	1	DEPENDENT_OR_LOCAL_NAMES: Body,Fields,header,isRequest,message,writer	53:71fabd9c2e169a063cb92c9140fbdecb961e9c5e7d4e5b515724778a2d127b68:73:33	results/053.json.gz
53	std::conditional	1	DEPENDENT_OR_LOCAL_NAMES: isConst	53:bdacf7674f32733ed9e4472c18122f7a93ea333fc0897ba6cde6f5bc0d256505:54:22	results/053.json.gz
53	std::conditional	1	DEPENDENT_OR_LOCAL_NAMES: K,error_t	53:8629ca88e63399ba81e41dc3763d82ca56dd84ac1c6400be19c885cee91ef957:136:31	results/053.json.gz
53	std::conditional	1	DEPENDENT_OR_LOCAL_NAMES: C,error_t	53:8629ca88e63399ba81e41dc3763d82ca56dd84ac1c6400be19c885cee91ef957:138:35	results/053.json.gz
53	std::conditional	1	DEPENDENT_OR_LOCAL_NAMES: Class,L,error_t	53:8629ca88e63399ba81e41dc3763d82ca56dd84ac1c6400be19c885cee91ef957:140:43	results/053.json.gz
53	std::conditional	1	DEPENDENT_OR_LOCAL_NAMES: T,callable_dummy,has_normal_call_operator	53:b3eaa9391ede2f1d6592a4ed458e0c506d33abcd1ad71de35e0b16c94e411d71:33:45	results/053.json.gz
53	std::conditional	1	DEPENDENT_OR_LOCAL_NAMES: T,default_callable_traits,default_to_function_object,has_normal_call_operator,operator,pmf	53:b3eaa9391ede2f1d6592a4ed458e0c506d33abcd1ad71de35e0b16c94e411d71:44:39	results/053.json.gz
53	std::conditional	1	DEPENDENT_OR_LOCAL_NAMES: T,default_callable_traits,function	53:e50d92d5d29c55c4a01af007ffa990569d9521cbc376a0eba6d3e1caa47a5abf:142:23	results/053.json.gz
53	std::conditional	1	DEPENDENT_OR_LOCAL_NAMES: IsBaseOf,IsSame,T,generalize	53:6a29f817a625adc8f49515947e298c1c1d69d86298832c33542675bd5970deb4:72:47	results/053.json.gz
53	std::conditional	1	DEPENDENT_OR_LOCAL_NAMES: IgnoreThisPointer,T,arg_types,detail,non_invoke_arg_types,traits	53:3e3ee37f05d59ef4952a783e67c7661604e9b3dfe2554b620b08c285fbd92918:14:33	results/053.json.gz
53	std::conditional	1	DEPENDENT_OR_LOCAL_NAMES: args_tuple,error_t,has_parameter_list	53:3e3ee37f05d59ef4952a783e67c7661604e9b3dfe2554b620b08c285fbd92918:22:33	results/053.json.gz
53	std::conditional	1	DEPENDENT_OR_LOCAL_NAMES: args_tuple,error_t,has_parameter_list,is_out_of_range	53:3e3ee37f05d59ef4952a783e67c7661604e9b3dfe2554b620b08c285fbd92918:40:39	results/053.json.gz
53	std::conditional	1	DEPENDENT_OR_LOCAL_NAMES: T,error_t,has_parameter_list,is_out_of_range	53:3e3ee37f05d59ef4952a783e67c7661604e9b3dfe2554b620b08c285fbd92918:44:42	results/053.json.gz
53	std::conditional	2	DEPENDENT_OR_LOCAL_NAMES: T,Ts,disjunction	53:876595f013108bb888379c2eed2a2e431c78c2cf1395450d38ade9b118280b6c:27:7	results/053.json.gz
53	std::conditional	1	DEPENDENT_OR_LOCAL_NAMES: FailMsg,ForceTwoPhaseLookup	53:18e1998e9cb6cfd4f2266a0f1a8a52f00252af91a9fe7a7507360b061d322ef3:38:35	results/053.json.gz
53	std::conditional	2	DEPENDENT_OR_LOCAL_NAMES: BOOST_CLBL_TRTS_INCLUDE_QUALIFIERS,T	53:77f4a35921f367e884dd24364e6ef64e5b02f8c89a3c63ed4b189a8ae2a7d605:50:34	results/053.json.gz
53	std::conditional	1	DEPENDENT_OR_LOCAL_NAMES: T,invalid_type,reference_error	53:2b12b071845fc21f03be633bbf7a858936bda74e9e5ae4504a759a0171850b89:27:29	results/053.json.gz
53	std::conditional	1	DEPENDENT_OR_LOCAL_NAMES: ErrorType,is_reference_error,reference_type_not_supported_by_this_metafunction	53:2b12b071845fc21f03be633bbf7a858936bda74e9e5ae4504a759a0171850b89:65:14	results/053.json.gz
53	std::conditional	1	DEPENDENT_OR_LOCAL_NAMES: Fallback,T,invalid_type	53:2b12b071845fc21f03be633bbf7a858936bda74e9e5ae4504a759a0171850b89:69:38	results/053.json.gz
53	std::conditional	1	DEPENDENT_OR_LOCAL_NAMES: U,ipb_final,ipb_non_final	53:7dba8f08a4296ab54724ec79e2aaa80a59efe61951d7bc0fb98bdf0a6da120a1:49:14	results/053.json.gz
53	std::conditional	1	DEPENDENT_OR_LOCAL_NAMES: Areal,Linear,coordinate_type,most_precise_type,point_type	53:3725b66cd32e4987379426fccf474c35671057985710499f9a5277a0baeda65b:39:37	results/053.json.gz
53	std::conditional	1	DEPENDENT_OR_LOCAL_NAMES: Areal1,Areal2,coordinate_type,most_precise_type,point_type	53:3725b66cd32e4987379426fccf474c35671057985710499f9a5277a0baeda65b:142:37	results/053.json.gz
53	std::conditional	1	DEPENDENT_OR_LOCAL_NAMES: Geom1,Geom2,Geometry2,Strategy,get_turns,is_multi,multi_turn_info,template,turn_info_type,turns,util	53:1015461deca78da4b04f5334334bba23bed8e451a0bb17ea26c3d09b5b11a75b:344:11	results/053.json.gz
53	std::conditional	1	DEPENDENT_OR_LOCAL_NAMES: GeometryOut,detail,geometry,is_tupled_single_output,tag,tupled_output_tag	53:c0baedf80692c40c55e1118d5ce70ad432d9df8e4de51271b80b309175571a24:473:7	results/053.json.gz
53	std::conditional	2	DEPENDENT_OR_LOCAL_NAMES: ConstOrNonConstPoint,ConstPoint,Point,concepts	53:aa0ff592380aebc6eac8a44c6584a27e78f8ee13f2ea3dcc7fe700c1156ae466:44:18	results/053.json.gz
53	std::conditional	1	DEPENDENT_OR_LOCAL_NAMES: CalculationType,GeometryPoint,ResultPoint,coordinate_type,select_most_precise	53:e8825b4ac52f7ae0a70b7ac3c7e35bdf33384e1733acf3663b1aec1369272e0b:134:11	results/053.json.gz
53	std::conditional	1	DEPENDENT_OR_LOCAL_NAMES: T,Ts,UnaryPred,sequence_find_if,type_sequence	53:660abd233942407ab40e9433d9f07fa4275a92a16abc3df344fe9f1ef1a3de79:142:7	results/053.json.gz
53	std::conditional	29	STATEMENT_BEFORE_TEMPLATE_CLOSE	53:c5cdb9e4110ea20613c72d3f6e8288039f7c7b1a209acfac3a1be230663c9d72:258:5	results/053.json.gz
53	std::conditional	1	DEPENDENT_OR_LOCAL_NAMES: NumBits	53:c5cdb9e4110ea20613c72d3f6e8288039f7c7b1a209acfac3a1be230663c9d72:266:22	results/053.json.gz
53	std::conditional	1	DEPENDENT_OR_LOCAL_NAMES: IsMutable	53:c5cdb9e4110ea20613c72d3f6e8288039f7c7b1a209acfac3a1be230663c9d72:362:33	results/053.json.gz
53	std::conditional	1	DEPENDENT_OR_LOCAL_NAMES: tuple_size	53:1e5021acfaac17f882854fad3d65e65da8baa287ebd5b5e6950cee0aec4d68d2:280:40	results/053.json.gz
53	std::conditional	2	DEPENDENT_OR_LOCAL_NAMES: boost,index_list,index_list_size,mp11,mp_list_c	53:1e5021acfaac17f882854fad3d65e65da8baa287ebd5b5e6950cee0aec4d68d2:308:41	results/053.json.gz
53	std::conditional	2	DEPENDENT_OR_LOCAL_NAMES: index_list_size,seq1,seq2	53:1e5021acfaac17f882854fad3d65e65da8baa287ebd5b5e6950cee0aec4d68d2:326:40	results/053.json.gz
53	std::conditional	1	DEPENDENT_OR_LOCAL_NAMES: Alloc2,propagate_on_container_move_assignment	53:5eacb11ff60efccfbebb454e3ba4ed98f03c1a4682a139f6e46bb96ca9e7ff98:168:37	results/053.json.gz
53	std::conditional	1	DEPENDENT_OR_LOCAL_NAMES: is_pixel,num_channels,value_type,view_t	53:5eacb11ff60efccfbebb454e3ba4ed98f03c1a4682a139f6e46bb96ca9e7ff98:428:13	results/053.json.gz
53	std::conditional	1	DEPENDENT_OR_LOCAL_NAMES: MinSize,T,bit_size,current_type,list_after_front,promote_to_larger	53:a97d133f8771e3580a15af1dd3895be1fcae8151790af7a6a830846eb6fce69e:57:27	results/053.json.gz
53	std::conditional	1	DEPENDENT_OR_LOCAL_NAMES: PromoteUnsignedToUnsigned,bit_size_type,is_unsigned	53:a97d133f8771e3580a15af1dd3895be1fcae8151790af7a6a830846eb6fce69e:135:40	results/053.json.gz
53	std::conditional	1	DEPENDENT_OR_LOCAL_NAMES: bit_size_type,is_unsigned	53:a97d133f8771e3580a15af1dd3895be1fcae8151790af7a6a830846eb6fce69e:139:22	results/053.json.gz
53	std::conditional	1	DEPENDENT_OR_LOCAL_NAMES: PromoteUnsignedToUnsigned,is_unsigned,signed_integral_types,unsigned_integral_types	53:a97d133f8771e3580a15af1dd3895be1fcae8151790af7a6a830846eb6fce69e:170:37	results/053.json.gz
53	std::conditional	1	DEPENDENT_OR_LOCAL_NAMES: Equal,hana,i,optional	53:78e5995a166798f0f71fe6de5075bcf10d23067dc20a77d8afb1b8762f42f690:83:31	results/053.json.gz
53	std::conditional	1	DEPENDENT_OR_LOCAL_NAMES: Sequence,detail,is_view	53:a9f84cad31ea62e7f9cd929a8745e235841e1840b33e337c05141cda81f76cb3:71:39	results/053.json.gz
53	std::conditional	1	DEPENDENT_OR_LOCAL_NAMES: value_type	53:4764f82c43a86f229c112c3624ac19fbd5e4f265b0274513871f783da38c78f5:37:30	results/053.json.gz
53	std::conditional	1	DEPENDENT_OR_LOCAL_NAMES: T,alias	53:6c067ccc3ef18cf08291ef97b65a0e01ad7a981c16b6c7ed177f1c6c63946e88:120:3	results/053.json.gz
53	std::conditional	1	DEPENDENT_OR_LOCAL_NAMES: BOOST_HOF_IS_CLASS,BOOST_HOF_IS_FINAL,BOOST_HOF_IS_POLYMORPHIC,T,Tag,alias,alias_inherit	53:6c067ccc3ef18cf08291ef97b65a0e01ad7a981c16b6c7ed177f1c6c63946e88:184:3	results/053.json.gz
53	std::conditional	1	DEPENDENT_OR_LOCAL_NAMES: BOOST_HOF_IS_EMPTY,T,Tag,alias,alias_try_inherit	53:6c067ccc3ef18cf08291ef97b65a0e01ad7a981c16b6c7ed177f1c6c63946e88:193:3	results/053.json.gz
53	std::conditional	1	DEPENDENT_OR_LOCAL_NAMES: BOOST_HOF_IS_DEFAULT_CONSTRUCTIBLE,BOOST_HOF_IS_EMPTY,BOOST_HOF_IS_LITERAL,T,Tag,alias,alias_static	53:6c067ccc3ef18cf08291ef97b65a0e01ad7a981c16b6c7ed177f1c6c63946e88:201:3	results/053.json.gz
53	std::conditional	1	DEPENDENT_OR_LOCAL_NAMES: BOOST_HOF_IS_CLASS,BOOST_HOF_IS_FINAL,BOOST_HOF_IS_POLYMORPHIC,F,non_class_function	53:874cade982ac353d0aabca0cf7c964beaf76066d8dcbb411dc684e0ee9cdfbaa:41:3	results/053.json.gz
53	std::conditional	1	DEPENDENT_OR_LOCAL_NAMES: BOOST_HOF_IS_CLASS,BOOST_HOF_IS_FINAL,U,is_callable_wrapper_fallback	53:2e2f3e966d55f57745ccf8c1dcf6f0dc6d775d5c3b01dc7e088360975a3f050a:46:3	results/053.json.gz
53	std::conditional	2	DEPENDENT_OR_LOCAL_NAMES: Res,Ts,Us,check_args	53:2e2f3e966d55f57745ccf8c1dcf6f0dc6d775d5c3b01dc7e088360975a3f050a:79:3	results/053.json.gz
53	std::conditional	1	DEPENDENT_OR_LOCAL_NAMES: I,T,U,alias_empty,alias_try_inherit,detail,is_related,pair_tag	53:5d8a66b67b4521b68089eed98735b46d12a738b3c9805ecca87f36526d3d3c08:66:3	results/053.json.gz
53	std::conditional	1	DEPENDENT_OR_LOCAL_NAMES: T,is_default_constructible_check	53:1042d3a0dfa3b8eef7a6a077b4d38cb4bcd2d2b0f214358c59c2f799bd928466:97:3	results/053.json.gz
53	std::conditional	2	DEPENDENT_OR_LOCAL_NAMES: F1,F2,Ts,is_invocable	53:62a5595d23ebcc811246acd57c5ac011144d299bbaf1baee8ff428fcf69a4296:122:7	results/053.json.gz
53	std::conditional	1	DEPENDENT_OR_LOCAL_NAMES: Sequence,base,detail,is_proper_sequence	53:0e2c3078cdf1e252d1ad3d402c4bfd786932b42ab0937f5effcebc667e49476c:106:9	results/053.json.gz
53	std::conditional	2	DEPENDENT_OR_LOCAL_NAMES: T,uint32_t,uint64_t	53:d9ca6ea23dd2199fb8b92a26d0ca99e2c1bfeb75ae4b988725c0538afe9dcc41:246:31	results/053.json.gz
53	std::conditional	1	DEPENDENT_OR_LOCAL_NAMES: T,detail_pilfer,not_pilfered,pilfered	53:940e5d0b5561196fb3e8d92b943ea5437fa3d490e4069bf9c016cbfdf47ee049:175:14	results/053.json.gz
53	std::conditional	1	DEPENDENT_OR_LOCAL_NAMES: U,detail_pilfer,not_pilfered,pilfered	53:940e5d0b5561196fb3e8d92b943ea5437fa3d490e4069bf9c016cbfdf47ee049:192:21	results/053.json.gz
53	std::conditional	3	DEPENDENT_OR_LOCAL_NAMES: I,string_view,value	53:7093481528dd055bcad4058f51349f423426a73025edf965a6b1bc1272828609:4089:14	results/053.json.gz
53	std::conditional	1	DEPENDENT_OR_LOCAL_NAMES: Real,construct_from_string,construct_max,construct_type	53:06f55b132b6cb337ba298851b94cc92bc54209d90d29debdf39ae748aa19c2a7:111:32	results/053.json.gz
53	std::conditional	1	DEPENDENT_OR_LOCAL_NAMES: Depth,Order,RealType,fvar,type_at	53:a6c89b9879739fb0bef4cc7eff02dc56be3285ee4152e82903227957674f82e4:116:25	results/053.json.gz
53	std::conditional	2	DEPENDENT_OR_LOCAL_NAMES: Policy,promote_float_type	53:a6c89b9879739fb0bef4cc7eff02dc56be3285ee4152e82903227957674f82e4:2044:32	results/053.json.gz
53	std::conditional	2	DEPENDENT_OR_LOCAL_NAMES: Policy,promote_double_type	53:a6c89b9879739fb0bef4cc7eff02dc56be3285ee4152e82903227957674f82e4:2050:23	results/053.json.gz
53	std::conditional	1	DEPENDENT_OR_LOCAL_NAMES: Digits10,digits2	53:6b98695cc16383ba200e5bcf7fc3651c8b698597f46542c242078c29cd8b3251:235:34	results/053.json.gz
53	std::conditional	1	DEPENDENT_OR_LOCAL_NAMES: Digits10,Digits2,boost,detail,digits2_type,math,policies,precision	53:6b98695cc16383ba200e5bcf7fc3651c8b698597f46542c242078c29cd8b3251:242:26	results/053.json.gz
53	std::conditional	1	DEPENDENT_OR_LOCAL_NAMES: Digits2,digits2_type	53:6b98695cc16383ba200e5bcf7fc3651c8b698597f46542c242078c29cd8b3251:246:26	results/053.json.gz
53	std::conditional	2	DEPENDENT_OR_LOCAL_NAMES: Policy,Real,digits2,precision_type	53:6b98695cc16383ba200e5bcf7fc3651c8b698597f46542c242078c29cd8b3251:751:26	results/053.json.gz
53	std::conditional	1	DEPENDENT_OR_LOCAL_NAMES: Real,digits2,digits_t,precision_type,spec_t	53:6b98695cc16383ba200e5bcf7fc3651c8b698597f46542c242078c29cd8b3251:768:26	results/053.json.gz
53	std::conditional	1	DEPENDENT_OR_LOCAL_NAMES: Real,digits2,digits_t,precision_type	53:6b98695cc16383ba200e5bcf7fc3651c8b698597f46542c242078c29cd8b3251:772:16	results/053.json.gz
53	std::conditional	1	DEPENDENT_OR_LOCAL_NAMES: domain_error_type,errno_on_error,throw_on_error,user_error	53:6b98695cc16383ba200e5bcf7fc3651c8b698597f46542c242078c29cd8b3251:940:26	results/053.json.gz
53	std::conditional	1	DEPENDENT_OR_LOCAL_NAMES: domain_error_type,throw_on_error	53:6b98695cc16383ba200e5bcf7fc3651c8b698597f46542c242078c29cd8b3251:950:26	results/053.json.gz
53	std::conditional	1	DEPENDENT_OR_LOCAL_NAMES: T,big_int_type	53:77b8f08bee73bfb578c132eb972f34d8b1159fee20e4fec1b79a71f5ddf97e11:33:26	results/053.json.gz
53	std::conditional	1	DEPENDENT_OR_LOCAL_NAMES: T,lookup_t	53:90d9fdb116161c7d4240d489892b6021d6ba953beb2c72cb0bf5aa93691b6d6b:2023:32	results/053.json.gz
53	std::conditional	1	DEPENDENT_OR_LOCAL_NAMES: lanczos11,lanczos13m53,lanczos17m64,lanczos24m113,lanczos27MP,lanczos35MP,lanczos48MP,lanczos49MP,lanczos52MP,lanczos6m24,target_precision,undefined_lanczos	53:3112188f8971678139678d8df0d6d094adeae1cb0f73b8a432721af23dc77f07:2685:26	results/053.json.gz
53	std::conditional	1	DEPENDENT_OR_LOCAL_NAMES: lanczos11,lanczos13m53,lanczos17m64,lanczos24m113,lanczos27MP,lanczos35MP,lanczos48MP,lanczos49MP,lanczos52MP,target_precision,undefined_lanczos	53:3112188f8971678139678d8df0d6d094adeae1cb0f73b8a432721af23dc77f07:2686:26	results/053.json.gz
53	std::conditional	1	DEPENDENT_OR_LOCAL_NAMES: lanczos11,lanczos17m64,lanczos24m113,lanczos27MP,lanczos35MP,lanczos48MP,lanczos49MP,lanczos52MP,target_precision,undefined_lanczos	53:3112188f8971678139678d8df0d6d094adeae1cb0f73b8a432721af23dc77f07:2687:26	results/053.json.gz
53	std::conditional	1	DEPENDENT_OR_LOCAL_NAMES: lanczos17m64,lanczos24m113,lanczos27MP,lanczos35MP,lanczos48MP,lanczos49MP,lanczos52MP,target_precision,undefined_lanczos	53:3112188f8971678139678d8df0d6d094adeae1cb0f73b8a432721af23dc77f07:2688:26	results/053.json.gz
53	std::conditional	1	DEPENDENT_OR_LOCAL_NAMES: lanczos24m113,lanczos27MP,lanczos35MP,lanczos48MP,lanczos49MP,lanczos52MP,target_precision,undefined_lanczos	53:3112188f8971678139678d8df0d6d094adeae1cb0f73b8a432721af23dc77f07:2689:26	results/053.json.gz
53	std::conditional	1	DEPENDENT_OR_LOCAL_NAMES: lanczos27MP,lanczos35MP,lanczos48MP,lanczos49MP,lanczos52MP,target_precision,undefined_lanczos	53:3112188f8971678139678d8df0d6d094adeae1cb0f73b8a432721af23dc77f07:2690:26	results/053.json.gz
53	std::conditional	1	DEPENDENT_OR_LOCAL_NAMES: lanczos35MP,lanczos48MP,lanczos49MP,lanczos52MP,target_precision,undefined_lanczos	53:3112188f8971678139678d8df0d6d094adeae1cb0f73b8a432721af23dc77f07:2691:26	results/053.json.gz
53	std::conditional	1	DEPENDENT_OR_LOCAL_NAMES: lanczos48MP,lanczos49MP,lanczos52MP,target_precision,undefined_lanczos	53:3112188f8971678139678d8df0d6d094adeae1cb0f73b8a432721af23dc77f07:2692:26	results/053.json.gz
53	std::conditional	1	DEPENDENT_OR_LOCAL_NAMES: lanczos49MP,lanczos52MP,target_precision,undefined_lanczos	53:3112188f8971678139678d8df0d6d094adeae1cb0f73b8a432721af23dc77f07:2693:26	results/053.json.gz
53	std::conditional	1	DEPENDENT_OR_LOCAL_NAMES: lanczos52MP,target_precision,undefined_lanczos	53:3112188f8971678139678d8df0d6d094adeae1cb0f73b8a432721af23dc77f07:2694:26	results/053.json.gz
53	std::conditional	1	DEPENDENT_OR_LOCAL_NAMES: T1,T2,is_policy,policies,promote_args,tools	53:5af0b6073ca312640d7614605ea0cc21ce2b4e656b87c191046991e5f5041a5c:241:29	results/053.json.gz
53	std::conditional	1	DEPENDENT_OR_LOCAL_NAMES: T,U,V,is_policy,policies,promote_args_t,tools	53:5af0b6073ca312640d7614605ea0cc21ce2b4e656b87c191046991e5f5041a5c:397:29	results/053.json.gz
53	std::conditional	1	DEPENDENT_OR_LOCAL_NAMES: T1,T2,promote_args,promote_args_t,tools	53:5af0b6073ca312640d7614605ea0cc21ce2b4e656b87c191046991e5f5041a5c:647:39	results/053.json.gz
53	std::conditional	2	DEPENDENT_OR_LOCAL_NAMES: T1,bessel_int_tag,bessel_maybe_int_tag,bessel_no_int_tag,precision_type	53:5af0b6073ca312640d7614605ea0cc21ce2b4e656b87c191046991e5f5041a5c:655:44	results/053.json.gz
53	std::conditional	2	DEPENDENT_OR_LOCAL_NAMES: T1,bessel_int_tag,bessel_maybe_int_tag	53:5af0b6073ca312640d7614605ea0cc21ce2b4e656b87c191046991e5f5041a5c:658:22	results/053.json.gz
53	std::conditional	1	DEPENDENT_OR_LOCAL_NAMES: T,U,is_policy,policies,promote_args,promote_args_t,tools	53:5af0b6073ca312640d7614605ea0cc21ce2b4e656b87c191046991e5f5041a5c:903:24	results/053.json.gz
53	std::conditional	1	DEPENDENT_OR_LOCAL_NAMES: Real	53:534e74718bf57d38ccddeac80964dc88b3c1e3d8e1681d63cd86eb8bdc8ea3d1:76:42	results/053.json.gz
53	std::conditional	1	DEPENDENT_OR_LOCAL_NAMES: Gen,fraction_traits_pair,fraction_traits_simple,is_pair,result_type	53:6b92d09bc7d7688095e10d91adeeddc49f066eb4c999f59cea239733ce99f393:64:17	results/053.json.gz
53	std::conditional	1	DEPENDENT_OR_LOCAL_NAMES: INT_MAX,T,static_cast	53:61392cb9ef4be2f57e7104b8eea1e34d94a804bd7aa64ace9d87263d127626b1:177:21	results/053.json.gz
53	std::conditional	11	MACRO_CONTINUATION_OR_DIRECTIVE_REQUIRES_REAL_EXPANSION	53:3c5ce0ee2a9b15f9f81268f2afeabff9e91797229c7b4111b9c3446519388457:93:44	results/053.json.gz
53	std::conditional	1	DEPENDENT_OR_LOCAL_NAMES: T1P,T2P	53:3c5ce0ee2a9b15f9f81268f2afeabff9e91797229c7b4111b9c3446519388457:131:20	results/053.json.gz
53	std::conditional	3	DEPENDENT_OR_LOCAL_NAMES: P,Pos,S,apply,apply_unchecked,is_error,template	53:8aeda90394003267ee3d53c139d53bd6c508cd8f6f5212126c9e13ea157a28a3:45:22	results/053.json.gz
53	std::conditional	1	DEPENDENT_OR_LOCAL_NAMES: N,Pos,Ps,S,apply,error,fail,impl,index_out_of_range,nth_of_c,template	53:05bdf5b10c983ba2ab6a6660512ca4c4d3b0228df988fe9cc4b0a484e5c73c3e:29:11	results/053.json.gz
53	std::conditional	2	DEPENDENT_OR_LOCAL_NAMES: T0,T1	53:bd03d8e4a7c08927b909b636c1eafc122d5d8736defa1d68adde482063f7dbc0:141:14	results/053.json.gz
53	std::conditional	1	DEPENDENT_OR_LOCAL_NAMES: Allocator,cpp_dec_float_elem_number,detail,dynamic_array,static_array,static_cast	53:941e6d32e6d47b6547948016889a1587ab61c557f8c558d0b783458f044fd18e:127:16	results/053.json.gz
53	std::conditional	2	DEPENDENT_OR_LOCAL_NAMES: Allocator,cpp_dec_float_elem_number,detail,dynamic_array,static_array	53:941e6d32e6d47b6547948016889a1587ab61c557f8c558d0b783458f044fd18e:618:19	results/053.json.gz
53	std::conditional	1	DEPENDENT_OR_LOCAL_NAMES: Allocator,a029750,a029750_as_constexpr,cpp_dec_float_elem_number,detail,dynamic_array,static_array,static_cast	53:941e6d32e6d47b6547948016889a1587ab61c557f8c558d0b783458f044fd18e:686:22	results/053.json.gz
53	std::conditional	1	DEPENDENT_OR_LOCAL_NAMES: Policy,digits_2,precision_type	53:941e6d32e6d47b6547948016889a1587ab61c557f8c558d0b783458f044fd18e:3659:26	results/053.json.gz
53	std::conditional	1	DEPENDENT_OR_LOCAL_NAMES: is_trivial_cpp_int,self_type,signed_double_limb_type,signed_limb_type	53:2677f6c5f854060c483f08500f2d7ddb16e4d3f5e64562e414fdd1ebb4226aa4:1338:34	results/053.json.gz
53	std::conditional	1	DEPENDENT_OR_LOCAL_NAMES: double_limb_type,is_trivial_cpp_int,limb_type,self_type	53:2677f6c5f854060c483f08500f2d7ddb16e4d3f5e64562e414fdd1ebb4226aa4:1344:36	results/053.json.gz
53	std::conditional	1	DEPENDENT_OR_LOCAL_NAMES: is_trivial_cpp_int,self_type	53:2677f6c5f854060c483f08500f2d7ddb16e4d3f5e64562e414fdd1ebb4226aa4:1349:33	results/053.json.gz
53	std::conditional	1	DEPENDENT_OR_LOCAL_NAMES: base_type,local_limb_type	53:2677f6c5f854060c483f08500f2d7ddb16e4d3f5e64562e414fdd1ebb4226aa4:1926:32	results/053.json.gz
53	std::conditional	1	DEPENDENT_OR_LOCAL_NAMES: Allocator,Checked,MaxBits,MinBits,SignType,backends,cpp_int_backend,is_fixed_precision,max_precision	53:2677f6c5f854060c483f08500f2d7ddb16e4d3f5e64562e414fdd1ebb4226aa4:2282:26	results/053.json.gz
53	std::conditional	4	DEPENDENT_OR_LOCAL_NAMES: Bits,CHAR_BIT	53:ca7cfa2c2fcc6f6c5e4c6daaec365d60b49dbd3f85e0a1c5cce0208a031204bf:36:27	results/053.json.gz
53	std::conditional	4	DEPENDENT_OR_LOCAL_NAMES: Bits	53:ca7cfa2c2fcc6f6c5e4c6daaec365d60b49dbd3f85e0a1c5cce0208a031204bf:43:27	results/053.json.gz
53	std::conditional	3	DEPENDENT_OR_LOCAL_NAMES: N,exact,int_t	53:ca7cfa2c2fcc6f6c5e4c6daaec365d60b49dbd3f85e0a1c5cce0208a031204bf:75:26	results/053.json.gz
53	std::conditional	3	DEPENDENT_OR_LOCAL_NAMES: N,exact,uint_t	53:ca7cfa2c2fcc6f6c5e4c6daaec365d60b49dbd3f85e0a1c5cce0208a031204bf:90:26	results/053.json.gz
53	std::conditional	1	DEPENDENT_OR_LOCAL_NAMES: next_type,recursive_packed_type,shift	53:c271d461f00c5f7300faf758bee5d7bb96e2791f64d678eca2df02664d79a931:145:31	results/053.json.gz
53	std::conditional	2	DEPENDENT_OR_LOCAL_NAMES: Unsigned	53:9602b9df7fff54e2f330a9b06596525acbfa2c80808f7d7909445a56781963a5:223:21	results/053.json.gz
53	std::conditional	1	DEPENDENT_OR_LOCAL_NAMES: B,R,boost,detail,float_types,is_integral,is_unsigned,multiprecision,signed_types,unsigned_types	53:9035208de9d901cf8876c2a288aa87e3e923229c864f573d0d16b5b925937a25:1028:31	results/053.json.gz
53	std::conditional	1	DEPENDENT_OR_LOCAL_NAMES: B,R,boost,detail,float_types,is_unsigned,multiprecision,unsigned_types	53:9035208de9d901cf8876c2a288aa87e3e923229c864f573d0d16b5b925937a25:1031:17	results/053.json.gz
53	std::conditional	8	DEPENDENT_OR_LOCAL_NAMES: A,T,canonical_type	53:9035208de9d901cf8876c2a288aa87e3e923229c864f573d0d16b5b925937a25:1303:31	results/053.json.gz
53	std::conditional	1	DEPENDENT_OR_LOCAL_NAMES: From,is_number,number	53:9ec3cca3e2488a185d17c2b4dba29e8b84c1eef39e0ad1bb523b4123c370f6c0:398:38	results/053.json.gz
53	std::conditional	1	DEPENDENT_OR_LOCAL_NAMES: To,is_number,number	53:9ec3cca3e2488a185d17c2b4dba29e8b84c1eef39e0ad1bb523b4123c370f6c0:399:36	results/053.json.gz
53	std::conditional	3	DEPENDENT_OR_LOCAL_NAMES: T,U,V,default_ops,detail,expression,function,is_no_et_number,powm_func	53:9ff2b7319b50085ceef269f92ee0d66d352ec8508b6fd1e7b8b133eb5678d918:456:14	results/053.json.gz
53	std::conditional	1	DEPENDENT_OR_LOCAL_NAMES: Val,boost,detail,multiprecision	53:da08cd37a9beffa84965781305f5b18c31e9f8e65232be080ed046700a0c6f92:295:25	results/053.json.gz
53	std::conditional	1	DEPENDENT_OR_LOCAL_NAMES: Val,boost,detail,is_integral,is_unsigned,multiprecision	53:da08cd37a9beffa84965781305f5b18c31e9f8e65232be080ed046700a0c6f92:302:30	results/053.json.gz
53	std::conditional	1	DEPENDENT_OR_LOCAL_NAMES: Val,boost,detail,is_unsigned,multiprecision	53:da08cd37a9beffa84965781305f5b18c31e9f8e65232be080ed046700a0c6f92:305:17	results/053.json.gz
53	std::conditional	3	DEPENDENT_OR_LOCAL_NAMES: Val	53:da08cd37a9beffa84965781305f5b18c31e9f8e65232be080ed046700a0c6f92:308:21	results/053.json.gz
53	std::conditional	1	DEPENDENT_OR_LOCAL_NAMES: ExpressionTemplates1,ExpressionTemplates2,T1,T2,number	53:da08cd37a9beffa84965781305f5b18c31e9f8e65232be080ed046700a0c6f92:415:26	results/053.json.gz
53	std::conditional	1	DEPENDENT_OR_LOCAL_NAMES: T,component_type,number_category,number_kind_complex	53:da08cd37a9beffa84965781305f5b18c31e9f8e65232be080ed046700a0c6f92:1559:26	results/053.json.gz
53	std::conditional	1	DEPENDENT_OR_LOCAL_NAMES: number1_t,number2_t	53:b267977257ca6342b94345265c4d8efb382b2fef654961687e88df3d1a23fa56:29:34	results/053.json.gz
53	std::conditional	1	DEPENDENT_OR_LOCAL_NAMES: base_unsigned,range_type	53:40a0129aa9e13745aa579bca96890c5a22886e10022361dd71c17be00d0578cf:118:18	results/053.json.gz
53	std::conditional	1	DEPENDENT_OR_LOCAL_NAMES: Backend,Backend2,ExpressionTemplates,ExpressionTemplates2,boost,multiprecision,number	53:6c6bcbb0f7616617e8207413d8db2442e855cbe266e6cabff03727c165d73fdc:205:35	results/053.json.gz
53	std::conditional	1	DEPENDENT_OR_LOCAL_NAMES: MaxBits,MinBits,limb_type	53:da8f2d642828572587cf5dbac7552ba85a8a266734398bf71c596f339eadbc5e:101:206	results/053.json.gz
53	std::conditional	1	DEPENDENT_OR_LOCAL_NAMES: I,boost,detail,int_t,int_t_digits,is_integral,least,multiprecision,uint_t	53:1a2d18d16098b528ce9dd13ac8fc440d543cdcb691c894255f442da7afd3734c:66:17	results/053.json.gz
53	std::conditional	1	DEPENDENT_OR_LOCAL_NAMES: CHAR_BIT,I,boost,cpp_int_backend,detail,double_limb_type,is_integral,multiprecision,number,signed_double_limb_type,signed_magnitude,unchecked,unsigned_magnitude	53:1a2d18d16098b528ce9dd13ac8fc440d543cdcb691c894255f442da7afd3734c:70:17	results/053.json.gz
53	std::conditional	1	DEPENDENT_OR_LOCAL_NAMES: I,boost,detail,double_limb_type,is_integral,multiprecision,signed_double_limb_type	53:1a2d18d16098b528ce9dd13ac8fc440d543cdcb691c894255f442da7afd3734c:72:21	results/053.json.gz
53	std::conditional	1	DEPENDENT_OR_LOCAL_NAMES: cutoff,uint128_type	53:1a2d18d16098b528ce9dd13ac8fc440d543cdcb691c894255f442da7afd3734c:222:30	results/053.json.gz
53	std::conditional	1	DEPENDENT_OR_LOCAL_NAMES: S,T,is_number,number_category,number_kind_fixed_point,number_kind_floating_point,number_kind_integer,number_kind_rational	53:345bac71d2bc558ad299eb4b4eccb55e17aea6c0400a7247d3748a0ee00bc657:25:26	results/053.json.gz
53	std::conditional	1	DEPENDENT_OR_LOCAL_NAMES: S,T,number_category,number_kind_fixed_point,number_kind_floating_point,number_kind_integer,number_kind_rational	53:345bac71d2bc558ad299eb4b4eccb55e17aea6c0400a7247d3748a0ee00bc657:27:17	results/053.json.gz
53	std::conditional	1	DEPENDENT_OR_LOCAL_NAMES: T,number_category,number_kind_fixed_point,number_kind_floating_point,number_kind_integer,number_kind_rational	53:345bac71d2bc558ad299eb4b4eccb55e17aea6c0400a7247d3748a0ee00bc657:29:21	results/053.json.gz
53	std::conditional	1	DEPENDENT_OR_LOCAL_NAMES: S,T,number_category,number_kind_floating_point,number_kind_rational	53:345bac71d2bc558ad299eb4b4eccb55e17aea6c0400a7247d3748a0ee00bc657:33:21	results/053.json.gz
53	std::conditional	1	DEPENDENT_OR_LOCAL_NAMES: T,number_category,number_kind_rational	53:345bac71d2bc558ad299eb4b4eccb55e17aea6c0400a7247d3748a0ee00bc657:35:25	results/053.json.gz
53	std::conditional	1	DEPENDENT_OR_LOCAL_NAMES: T,number_category,number_kind_floating_point	53:345bac71d2bc558ad299eb4b4eccb55e17aea6c0400a7247d3748a0ee00bc657:39:25	results/053.json.gz
53	std::conditional	1	DEPENDENT_OR_LOCAL_NAMES: Backend,et_off,et_on,number	53:2259d4c191b10b2cdd8ed3d4fc47cd4e7a68f53cbb66548fa25d387cbcf2b50d:48:26	results/053.json.gz
53	std::conditional	1	DEPENDENT_OR_LOCAL_NAMES: B,V,number,other_backend	53:2259d4c191b10b2cdd8ed3d4fc47cd4e7a68f53cbb66548fa25d387cbcf2b50d:56:26	results/053.json.gz
53	std::conditional	1	DEPENDENT_OR_LOCAL_NAMES: category_conditional_is_true	53:d4d900efa2b34ceb4cd3975b23f85d46f090c1d54b2e28f63d028ac731061e4e:28:26	results/053.json.gz
53	std::conditional	1	DEPENDENT_OR_LOCAL_NAMES: From,To,is_explicitly_convertible,is_lossy_conversion	53:d4d900efa2b34ceb4cd3975b23f85d46f090c1d54b2e28f63d028ac731061e4e:38:26	results/053.json.gz
53	std::conditional	1	DEPENDENT_OR_LOCAL_NAMES: OfSign,OfSize,identity_or_underlying_type	53:d1372e44227766f0df01d8925986f66f31b92890028cdaba98e33890c79b0ddc:369:41	results/053.json.gz
53	std::conditional	1	DEPENDENT_OR_LOCAL_NAMES: Concept,is_subconcept,mpl,type_erasure,typeid_,vector2	53:ce2cd4e34818ab8b9e5f2712826b46eb5509392688dc44f0de13d0717555e062:95:14	results/053.json.gz
53	std::conditional	1	DEPENDENT_OR_LOCAL_NAMES: Const,PolyCollection	53:661bb6c7350fa54723a1e91a1d1af9890d2ea4424eb8255e35ac4fc0d5ad731d:35:41	results/053.json.gz
53	std::conditional	1	DEPENDENT_OR_LOCAL_NAMES: const_iterator,container_type,is_const_iterator,iterator	53:e59bc789b6b938628e1dced0da6ca973e4bc5efcf7bf6a9acfee10cd4d359dbf:61:27	results/053.json.gz
53	std::conditional	1	DEPENDENT_OR_LOCAL_NAMES: base_segment_info_iterator,const_base_segment_info_iterator,container_type,is_const_iterator	53:e59bc789b6b938628e1dced0da6ca973e4bc5efcf7bf6a9acfee10cd4d359dbf:66:45	results/053.json.gz
53	std::conditional	1	DEPENDENT_OR_LOCAL_NAMES: const_local_base_iterator,container_type,is_const_iterator,local_base_iterator	53:e59bc789b6b938628e1dced0da6ca973e4bc5efcf7bf6a9acfee10cd4d359dbf:71:38	results/053.json.gz
53	std::conditional	1	DEPENDENT_OR_LOCAL_NAMES: T,const_local_iterator,container_type,is_const_iterator,local_iterator,template	53:e59bc789b6b938628e1dced0da6ca973e4bc5efcf7bf6a9acfee10cd4d359dbf:77:33	results/053.json.gz
53	std::conditional	2	DEPENDENT_OR_LOCAL_NAMES: Value	53:ca80d4e854b49a248c69241d27b57054c40543e7dd8e6c7d1f3b727b67ede4ed:122:31	results/053.json.gz
53	std::conditional	1	DEPENDENT_OR_LOCAL_NAMES: RawUnorderedMap,UnorderedMap,const_iterator,iterator	53:1f798389a67684af11dc7e2afacc62c927f7e6e04e8a4cac21100c60554c6395:203:29	results/053.json.gz
53	std::conditional	3	DEPENDENT_OR_LOCAL_NAMES: is_ios,next	53:b18c9edbd331187f86b2f7f55e8dbf84ae06335fbe849ed5d4f7bc266ab60307:46:22	results/053.json.gz
53	std::conditional	1	DEPENDENT_OR_LOCAL_NAMES: Args,End,builder_type,has_key,make_builders_from_view,next_itr	53:728f21c312c6f1ad27bd4062b073c306278b711a882c1cc59334ec0fd4fd530d:125:13	results/053.json.gz
53	std::conditional	1	DEPENDENT_OR_LOCAL_NAMES: First,boost,fusion,next,stack_t,void_	53:728f21c312c6f1ad27bd4062b073c306278b711a882c1cc59334ec0fd4fd530d:187:22	results/053.json.gz
53	std::conditional	1	DEPENDENT_OR_LOCAL_NAMES: char_type	53:65962c5ac398902c24298498bf03d77e5887030f2ad642c64afc141a7ad6891c:68:30	results/053.json.gz
53	std::conditional	2	DEPENDENT_OR_LOCAL_NAMES: F,M,O,format_traits_imp,has_const_iterator	53:8c5a8c3d5dcad56e5ea2f50e252bdfa64a94cc2fb14664c8861098a8abe328a9:946:21	results/053.json.gz
53	std::conditional	1	DEPENDENT_OR_LOCAL_NAMES: Func,Match,Traits,format_functor1,format_functor2,format_functor3,format_functor_c_string,format_functor_container,maybe_char_type,tag	53:8c5a8c3d5dcad56e5ea2f50e252bdfa64a94cc2fb14664c8861098a8abe328a9:1081:21	results/053.json.gz
53	std::conditional	1	DEPENDENT_OR_LOCAL_NAMES: Func,Match,Traits,format_functor1,format_functor2,format_functor3,format_functor_container,tag	53:8c5a8c3d5dcad56e5ea2f50e252bdfa64a94cc2fb14664c8861098a8abe328a9:1083:16	results/053.json.gz
53	std::conditional	1	DEPENDENT_OR_LOCAL_NAMES: Func,Match,format_functor1,format_functor2,format_functor3,tag	53:8c5a8c3d5dcad56e5ea2f50e252bdfa64a94cc2fb14664c8861098a8abe328a9:1085:19	results/053.json.gz
53	std::conditional	1	DEPENDENT_OR_LOCAL_NAMES: Func,Match,format_functor2,format_functor3,tag	53:8c5a8c3d5dcad56e5ea2f50e252bdfa64a94cc2fb14664c8861098a8abe328a9:1087:22	results/053.json.gz
53	std::conditional	1	DEPENDENT_OR_LOCAL_NAMES: T,defer_stored_signed_lazily,defer_stored_unsigned_lazily	53:5b68f7c7f3a1de4470bc5e03430d09b0c8b2f0efe0712999899691413d209791:45:31	results/053.json.gz
53	std::conditional	9	DEPENDENT_OR_LOCAL_NAMES: T,U	53:5b68f7c7f3a1de4470bc5e03430d09b0c8b2f0efe0712999899691413d209791:56:41	results/053.json.gz
53	std::conditional	1	DEPENDENT_OR_LOCAL_NAMES: tf	53:bbca55237ce8397be9ce08bcfcb1122e64dc24ab0c0ecd7d06dce40b7d74e4af:29:28	results/053.json.gz
53	std::conditional	1	DEPENDENT_OR_LOCAL_NAMES: T,local_char_type,local_int_type,local_long_long_type,local_long_type,local_short_type	53:8bae7e699161d6f47b18cef561ddfd8665ef5f744acbabffdddb36ff4336dd23:49:18	results/053.json.gz
53	std::conditional	1	DEPENDENT_OR_LOCAL_NAMES: T,local_int_type,local_long_long_type,local_long_type,local_short_type	53:8bae7e699161d6f47b18cef561ddfd8665ef5f744acbabffdddb36ff4336dd23:52:18	results/053.json.gz
53	std::conditional	1	DEPENDENT_OR_LOCAL_NAMES: T,local_int_type,local_long_long_type,local_long_type	53:8bae7e699161d6f47b18cef561ddfd8665ef5f744acbabffdddb36ff4336dd23:55:18	results/053.json.gz
53	std::conditional	1	DEPENDENT_OR_LOCAL_NAMES: T,local_long_long_type,local_long_type	53:8bae7e699161d6f47b18cef561ddfd8665ef5f744acbabffdddb36ff4336dd23:58:18	results/053.json.gz
53	std::conditional	1	DEPENDENT_OR_LOCAL_NAMES: T,local_long_long_type	53:8bae7e699161d6f47b18cef561ddfd8665ef5f744acbabffdddb36ff4336dd23:61:18	results/053.json.gz
53	std::conditional	1	DEPENDENT_OR_LOCAL_NAMES: T,U,rank	53:8bae7e699161d6f47b18cef561ddfd8665ef5f744acbabffdddb36ff4336dd23:71:41	results/053.json.gz
53	std::conditional	2	DEPENDENT_OR_LOCAL_NAMES: T,U,higher_ranked_type,rank,select_signed,select_unsigned	53:8bae7e699161d6f47b18cef561ddfd8665ef5f744acbabffdddb36ff4336dd23:110:18	results/053.json.gz
53	std::conditional	1	DEPENDENT_OR_LOCAL_NAMES: T,U,rank,select_unsigned	53:8bae7e699161d6f47b18cef561ddfd8665ef5f744acbabffdddb36ff4336dd23:122:18	results/053.json.gz
53	std::conditional	1	DEPENDENT_OR_LOCAL_NAMES: T,U,select_signed	53:8bae7e699161d6f47b18cef561ddfd8665ef5f744acbabffdddb36ff4336dd23:129:18	results/053.json.gz
53	std::conditional	1	DEPENDENT_OR_LOCAL_NAMES: exception_not_possible,exception_possible,includes,r_interval,static_cast,t_interval	53:23bb3b4f7be7cca232b34a922150fbadfc78f62af774b6e67b7a266817d88c6f:142:16	results/053.json.gz
53	std::conditional	1	DEPENDENT_OR_LOCAL_NAMES: t_exception_policy,u_exception_policy	53:23bb3b4f7be7cca232b34a922150fbadfc78f62af774b6e67b7a266817d88c6f:271:18	results/053.json.gz
53	std::conditional	1	DEPENDENT_OR_LOCAL_NAMES: t_exception_policy	53:23bb3b4f7be7cca232b34a922150fbadfc78f62af774b6e67b7a266817d88c6f:274:18	results/053.json.gz
53	std::conditional	1	DEPENDENT_OR_LOCAL_NAMES: t_promotion_policy,u_promotion_policy	53:23bb3b4f7be7cca232b34a922150fbadfc78f62af774b6e67b7a266817d88c6f:307:18	results/053.json.gz
53	std::conditional	1	DEPENDENT_OR_LOCAL_NAMES: t_promotion_policy	53:23bb3b4f7be7cca232b34a922150fbadfc78f62af774b6e67b7a266817d88c6f:310:18	results/053.json.gz
53	std::conditional	2	DEPENDENT_OR_LOCAL_NAMES: bits,boost,int_t,least,result_base_type,uint_t	53:23bb3b4f7be7cca232b34a922150fbadfc78f62af774b6e67b7a266817d88c6f:779:36	results/053.json.gz
53	std::conditional	6	DEPENDENT_OR_LOCAL_NAMES: N	53:d42dd78309d44528d75ebb1dcde637ccfce3c3ad6e215f6a5298a07cccb74321:90:12	results/053.json.gz
53	std::conditional	1	DEPENDENT_OR_LOCAL_NAMES: iter1_ret,iter2_ret	53:2a4696a50ceda6a0986d127bc407df5026a43f72a0238768dccf9aa2f2a97984:54:31	results/053.json.gz
53	std::conditional	1	DEPENDENT_OR_LOCAL_NAMES: key_type,value_type	53:f42732e55523ea662c975f3f47eee9a0090e7e75333e49a7ca50376131560c6f:913:26	results/053.json.gz
53	std::conditional	1	DEPENDENT_OR_LOCAL_NAMES: Args,TypePolicy,init_type	53:aa42ac8e3159f73027a9d606a67fad0172b2108f3f01d39ef39f753500883ba5:1142:31	results/053.json.gz
53	std::conditional	1	DEPENDENT_OR_LOCAL_NAMES: TypePolicy,element_type,emplace_type	53:aa42ac8e3159f73027a9d606a67fad0172b2108f3f01d39ef39f753500883ba5:1148:30	results/053.json.gz
53	std::conditional	1	DEPENDENT_OR_LOCAL_NAMES: Hash,hash_is_avalanching,mulx_mix,no_mix	53:aa42ac8e3159f73027a9d606a67fad0172b2108f3f01d39ef39f753500883ba5:1253:29	results/053.json.gz
53	std::conditional	3	DEPENDENT_OR_LOCAL_NAMES: Const,value_type	53:552613e46424b6f5066edf5da0732d9dd6f1fa6d03f878df3914ffbaeff55c30:95:14	results/053.json.gz
53	std::conditional	1	DEPENDENT_OR_LOCAL_NAMES: const_iterator,group_type,has_mutable_iterator,table_iterator,type_policy	53:552613e46424b6f5066edf5da0732d9dd6f1fa6d03f878df3914ffbaeff55c30:310:27	results/053.json.gz
53	std::conditional	1	DEPENDENT_OR_LOCAL_NAMES: const_reference,key_type,reference,value_type	53:552613e46424b6f5066edf5da0732d9dd6f1fa6d03f878df3914ffbaeff55c30:475:36	results/053.json.gz
53	std::conditional	1	DEPENDENT_OR_LOCAL_NAMES: Key	53:159e79148bdc5c63a01d0769161b2c46ac54a9ce1d16206566753ce7ac46b0b9:353:30	results/053.json.gz
53	std::conditional	1	DEPENDENT_OR_LOCAL_NAMES: T,vec,vec_embedded	53:32706cc3ad7b1116415522758c0d1be64cd2a88cc83577208b2ec10b22fda072:1389:20	results/053.json.gz
53	std::conditional	1	DEPENDENT_OR_LOCAL_NAMES: JSONCPP_USING_SECURE_MEMORY,SecureAllocator,T	53:a607e32e34497e2c51df1c61e6627760618d7d6964d9f47dfa8165ad305063b9:130:14	results/053.json.gz
53	std::conditional	1	DEPENDENT_OR_LOCAL_NAMES: _IsVector,_IteratorTypes,__are_random_access_iterators,__internal,__parallel_tag,__serial_tag	53:a2851ceacc73de3784a5881830b743de0c639394443b25e2aaa90bdae31c2f91:66:29	results/053.json.gz
53	std::conditional	1	DEPENDENT_OR_LOCAL_NAMES: I,IntType,PointerTy	53:f39d745d3eb8bef3c275d5a75c11bc2ca0b68db21e63f96ee370842b7c367ad1:289:7	results/053.json.gz
53	std::conditional	6	DEPENDENT_OR_LOCAL_NAMES: Scalar,vecFullDouble,vecFullFloat	53:06ceb4507815ef9fd22e83a20a897ce1ee382da24663c4bddce24b7e53acb5c1:226:24	results/053.json.gz
53	std::conditional	3	DEPENDENT_OR_LOCAL_NAMES: Scalar,vecFullDouble,vecHalfFloat	53:06ceb4507815ef9fd22e83a20a897ce1ee382da24663c4bddce24b7e53acb5c1:816:28	results/053.json.gz
53	std::conditional	1	DEPENDENT_OR_LOCAL_NAMES: Cond,CwiseUnaryOp,Scalar,T,scalar_conjugate_op,traits	53:7f2eaa83ef185edd3d28b16dc339fafc26638feb2539a23fc539ad2531c61af4:56:22	results/053.json.gz
53	std::conditional	1	DEPENDENT_OR_LOCAL_NAMES: Accept,Args,Callable,DataMemAndPtr,DataMemAndRef,MemFunAndPtr,MemFunAndRef	53:7691666a275acbb4c86126b3528881cec69b8057f489ca7939a32e275029ceff:192:20	results/053.json.gz
53	std::conditional	1	DEPENDENT_OR_LOCAL_NAMES: Accept,Args,Callable,DataMemAndPtr,DataMemAndRef,MemFunAndPtr	53:7691666a275acbb4c86126b3528881cec69b8057f489ca7939a32e275029ceff:194:16	results/053.json.gz
53	std::conditional	1	DEPENDENT_OR_LOCAL_NAMES: Accept,Args,Callable,DataMemAndPtr,DataMemAndRef	53:7691666a275acbb4c86126b3528881cec69b8057f489ca7939a32e275029ceff:196:20	results/053.json.gz
53	std::conditional	1	DEPENDENT_OR_LOCAL_NAMES: Accept,Args,Callable,DataMemAndPtr	53:7691666a275acbb4c86126b3528881cec69b8057f489ca7939a32e275029ceff:198:24	results/053.json.gz
53	std::conditional	1	DEPENDENT_OR_LOCAL_NAMES: T,Ts,conjunction	53:2fb80a19048fc594c5a5f795e18c6ced6ec0af181f196cca0908461cda9ddf67:222:7	results/053.json.gz
53	std::conditional	1	DEPENDENT_OR_LOCAL_NAMES: IsTriviallyMoveConstructibleObject,T,type_traits_internal	53:2fb80a19048fc594c5a5f795e18c6ced6ec0af181f196cca0908461cda9ddf67:383:7	results/053.json.gz
53	std::conditional	1	DEPENDENT_OR_LOCAL_NAMES: IsTriviallyCopyConstructibleObject,T,type_traits_internal	53:2fb80a19048fc594c5a5f795e18c6ced6ec0af181f196cca0908461cda9ddf67:419:7	results/053.json.gz
53	std::conditional	1	DEPENDENT_OR_LOCAL_NAMES: IsTriviallyMoveAssignableReference,SingleMemberUnion,T,type_traits_internal	53:2fb80a19048fc594c5a5f795e18c6ced6ec0af181f196cca0908461cda9ddf67:456:7	results/053.json.gz
53	std::conditional	11	DEPENDENT_OR_LOCAL_NAMES: B,F,T	53:2fb80a19048fc594c5a5f795e18c6ced6ec0af181f196cca0908461cda9ddf67:659:32	results/053.json.gz
53	std::conditional	1	DEPENDENT_OR_LOCAL_NAMES: Alts,NoMatch,T,UnambiguousIndexOfImpl,variant	53:45c0153c15ac2b431ae5ea722ac0092fe1fb74805c9267b00e8be5d4fb93f10b:819:7	results/053.json.gz
53	std::conditional	1	DEPENDENT_OR_LOCAL_NAMES: B1,Bn,conjunction	53:298ad906bd66894f5f5af6cc2667fbdafd120b5b8904825d47244a17c65e0cca:3553:3	results/053.json.gz
53	std::conditional	2	DEPENDENT_OR_LOCAL_NAMES: BasicJsonType	53:298ad906bd66894f5f5af6cc2667fbdafd120b5b8904825d47244a17c65e0cca:11351:48	results/053.json.gz
53	std::conditional	1	DEPENDENT_OR_LOCAL_NAMES: BasicJsonType,const_reference	53:298ad906bd66894f5f5af6cc2667fbdafd120b5b8904825d47244a17c65e0cca:11383:18	results/053.json.gz
53	std::conditional	1	DEPENDENT_OR_LOCAL_NAMES: kPrecision	53:298ad906bd66894f5f5af6cc2667fbdafd120b5b8904825d47244a17c65e0cca:15049:32	results/053.json.gz
53	std::conditional	15	DEPENDENT_OR_LOCAL_NAMES: ScalarCount	53:c47f699cfc83d4e65632883b285800dae8323559070ff0d5c6f02aa14f680448:31:16	results/053.json.gz
53	std::conditional	2	DEPENDENT_OR_LOCAL_NAMES: K,key_type	53:0dfeeb750e8bbf96d3d95e9535e5dfd909dedf7650c42b2c3802aea646e4ccbb:772:35	results/053.json.gz
53	std::conditional	1	DEPENDENT_OR_LOCAL_NAMES: Device,T,proxy_type_pod	53:20ae5239b30d90704e602070d356c0a7d499a20c9440d4d1650a777da3f10293:78:20	results/053.json.gz
53	std::conditional	1	DEPENDENT_OR_LOCAL_NAMES: IsConst,NodeDef	53:48b8c4c15701c368badb41b203b75a9ac61cbd081dbdf4333924f0b7c0b9ec82:127:16	results/053.json.gz
53	std::conditional	1	DEPENDENT_OR_LOCAL_NAMES: GraphDef,IsConst	53:48b8c4c15701c368badb41b203b75a9ac61cbd081dbdf4333924f0b7c0b9ec82:279:16	results/053.json.gz
53	std::conditional	2	DEPENDENT_OR_LOCAL_NAMES: B2S,T	53:a73c36192e9aaca92711745da2324e4f1bfcb2bbf1d51b3e28d352828e11f39f:87:27	results/053.json.gz
53	std::conditional	1	DEPENDENT_OR_LOCAL_NAMES: T,detail,is_wrapped_reference,thrust	53:c30828f309a4ac19bbf7ad1a363bafc3138218fb4cadcaea7abf7a26bfe21532:47:27	results/053.json.gz
53	std::conditional	1	DEPENDENT_OR_LOCAL_NAMES: Derived,reference,use_default	53:7474bcb9050cd58874708a90f29c26b0b0bc9f740274ff934cf62666009fe312:51:33	results/053.json.gz
53	std::conditional	1	DEPENDENT_OR_LOCAL_NAMES: B,Bs,conjunction	53:ecdc89fa2005396cc6c7660dc02639a2812a80c433ca5d0180cb1352edb01b95:202:7	results/053.json.gz
53	std::conditional	1	DEPENDENT_OR_LOCAL_NAMES: T0,T1,T2,TN,conjunction	53:d85b702212ec48a0e1fd6e69e2073b361d0e39b605531d24d67e1f2210c6d5a0:72:5	results/053.json.gz
53	std::conditional	1	DEPENDENT_OR_LOCAL_NAMES: T0,TN,disjunction	53:d85b702212ec48a0e1fd6e69e2073b361d0e39b605531d24d67e1f2210c6d5a0:114:5	results/053.json.gz
53	std::conditional	2	DEPENDENT_OR_LOCAL_NAMES: Is64Aware,uoffset64_t,uoffset_t	53:62f85a5b434665f8c0a08b22f840c417dceb83b448e6fe3d4e857e8ac01537f6:82:16	results/053.json.gz
53	std::conditional	2	DEPENDENT_OR_LOCAL_NAMES: Extent,From,N,To,dynamic_extent	53:45d47c650bc271a2f623d103af346cde77905081b4be9b251b5c33a1bd129367:302:16	results/053.json.gz
53	std::conditional	2	DEPENDENT_OR_LOCAL_NAMES: Dynamic,Eigen,Map,Matrix,Scalar	53:2d79e9f48095b4162c9d795c9964cb7326d2d178afdd81d71168605d767182a1:33:28	results/053.json.gz
53	std::conditional	1	DEPENDENT_OR_LOCAL_NAMES: Array,Dynamic,Eigen,Map,Scalar	53:2d79e9f48095b4162c9d795c9964cb7326d2d178afdd81d71168605d767182a1:73:27	results/053.json.gz
53	std::conditional	1	DEPENDENT_OR_LOCAL_NAMES: FloatMod,T	53:b29af1e7c4dc641838e1ee2531e5bc41710c8395497ffb6262b9d350426e71c0:32:28	results/053.json.gz
53	std::conditional	1	DEPENDENT_OR_LOCAL_NAMES: _Tp	53:359ef7d09e3d88ef957f89ee40829f9d48dbb8014aa002a5983d40a3fac30397:34:14	results/053.json.gz
53	std::conditional	1	DEPENDENT_OR_LOCAL_NAMES: _IteratorType,_OtherIteratorTypes,__is_random_access_iterator,__is_random_access_iterator_impl	53:30ac2cfb1b6df7adc76a1d6c6e01eca07a40817fcc7ce7cb4f84e83254c0b7bf:78:7	results/053.json.gz
53	std::conditional	1	DEPENDENT_OR_LOCAL_NAMES: T,TakesParamByValue	53:70b10b14f96f15f419a6e1de335a4dedcec06cfdf2f434c5949d3ed631e7fabb:524:22	results/053.json.gz
53	std::conditional	1	DEPENDENT_OR_LOCAL_NAMES: T,constexpr_optional_base,optional_base	53:d5723f7c5b0bc838a6e374ba33f79ecce887e5c0e4c6bfb8ac7a91aeb4debcb8:252:31	results/053.json.gz
53	std::conditional	1	DEPENDENT_OR_LOCAL_NAMES: U,constexpr_optional_base,optional_base	53:d5723f7c5b0bc838a6e374ba33f79ecce887e5c0e4c6bfb8ac7a91aeb4debcb8:261:35	results/053.json.gz
53	std::conditional	1	DEPENDENT_OR_LOCAL_NAMES: AllocationCallbacks,DestructorType,Dispatcher,HandleType,HasDestructor	53:9b78217a4bca85c8327e1ec1f42741c4ef30120ad080a5bf7460ec98d2a82465:328:16	results/053.json.gz
53	std::conditional	1	DEPENDENT_OR_LOCAL_NAMES: DestructorType,HandleType,HasDestructor	53:9b78217a4bca85c8327e1ec1f42741c4ef30120ad080a5bf7460ec98d2a82465:332:35	results/053.json.gz
53	std::conditional	1	DEPENDENT_OR_LOCAL_NAMES: E,Extent,N,U,dynamic_extent	53:eede8dd20a3522f509ab70e39eae6618514911f6504060c394ec902a4e15513a:493:16	results/053.json.gz
53	std::conditional	1	DEPENDENT_OR_LOCAL_NAMES: T,requires_allocation,vtable_dynamic,vtable_stack	53:ca7216b99c6244d3064034eaaecfeeebeb1b44b88bfcf1c2c4be1104abc0e9d7:284:37	results/053.json.gz
53	std::conditional	1	DEPENDENT_OR_LOCAL_NAMES: P1,Ps,conjunction	53:c69ba249cd20db3d4ab48db7e5b2b59f3ae54c0042495192909e22b03f60d31f:289:7	results/053.json.gz
53	std::conditional	1	DEPENDENT_OR_LOCAL_NAMES: P1,Ps,disjunction	53:c69ba249cd20db3d4ab48db7e5b2b59f3ae54c0042495192909e22b03f60d31f:300:7	results/053.json.gz
53	std::conditional	1	DEPENDENT_OR_LOCAL_NAMES: Args,F,R,call_result_t,is_implicitly_convertible	53:c69ba249cd20db3d4ab48db7e5b2b59f3ae54c0042495192909e22b03f60d31f:366:7	results/053.json.gz
53	std::conditional	1	DEPENDENT_OR_LOCAL_NAMES: Holder,Impl	53:c69ba249cd20db3d4ab48db7e5b2b59f3ae54c0042495192909e22b03f60d31f:2122:25	results/053.json.gz
53	std::conditional	3	DEPENDENT_OR_LOCAL_NAMES: Pattern,T	53:1c7f47551aace89c30eb88563d4b1f147bdd368c25e10c1744673c4945c558c8:56:28	results/053.json.gz
53	std::conditional	1	DEPENDENT_OR_LOCAL_NAMES: Err,NeverThrown	53:cb20e1814e5c4d97edb486977619249482ba1ddbf46662b160847031623522b9:5333:41	results/053.json.gz
53	std::conditional	1	DEPENDENT_OR_LOCAL_NAMES: T,Test,testing	53:3ef5d6946fe38bc0bd842e187706d6e8ea6b25cd25d6f2efdc959593cefa4f05:503:16	results/053.json.gz
53	std::conditional	1	DEPENDENT_OR_LOCAL_NAMES: ProxyTypeList,T,is_proxy_type_list	53:94336b1703807db6d9d2b729b5a30cf53016fd236b14774af118467d27f94ad8:206:26	results/053.json.gz
53	std::conditional	1	DEPENDENT_OR_LOCAL_NAMES: IsSupportedTypeHelper,T	53:f3cd3ecff7fe6fe66599ab0cfe8225b1d1f008a76d074b594db050b6e6857b8c:313:46	results/053.json.gz
53	std::conditional	1	DEPENDENT_OR_LOCAL_NAMES: Eigen,T,aligned_allocator	53:fc32b3d5a39c39ba2d651768d56c265b70b605830e4fb9a4fc6dabb2ea1f5b25:56:14	results/053.json.gz
53	std::conditional	1	DEPENDENT_OR_LOCAL_NAMES: StorageElementWrapper,value_type	53:fc32b3d5a39c39ba2d651768d56c265b70b605830e4fb9a4fc6dabb2ea1f5b25:365:16	results/053.json.gz
53	std::conditional	1	DEPENDENT_OR_LOCAL_NAMES: EmptyInlinedStorage,NonEmptyInlinedStorage,inline_elements	53:fc32b3d5a39c39ba2d651768d56c265b70b605830e4fb9a4fc6dabb2ea1f5b25:402:16	results/053.json.gz
53	std::conditional	1	DEPENDENT_OR_LOCAL_NAMES: is_const,node_type	53:330a7c9a5b233202e3183b90f3a4369529214ac4813d2748c13061c43da16838:151:30	results/053.json.gz
53	std::conditional	1	DEPENDENT_OR_LOCAL_NAMES: const_reference,is_const,node_type	53:330a7c9a5b233202e3183b90f3a4369529214ac4813d2748c13061c43da16838:153:32	results/053.json.gz
53	std::conditional	1	DEPENDENT_OR_LOCAL_NAMES: Args,First,conjunction	53:15e1e3ef063fb5a1df012686338c84ec513490c42dccced1e4b352b7ad0afa73:219:7	results/053.json.gz
53	std::conditional	1	DEPENDENT_OR_LOCAL_NAMES: Comp,K	53:15e1e3ef063fb5a1df012686338c84ec513490c42dccced1e4b352b7ad0afa73:278:33	results/053.json.gz
53	std::conditional	1	DEPENDENT_OR_LOCAL_NAMES: JsArray,JsObject,T	53:94f905883fcb7a08afe4a487d7574edf9135a4abc23df4610af086114eb0a073:162:46	results/053.json.gz
53	std::conditional	2	DEPENDENT_OR_LOCAL_NAMES: Dst,Src	53:4cd21d0703fbb45c8728bccf19e6062eb5a1861daf998473876891a3a9386ff3:41:14	results/053.json.gz
53	std::conditional	1	DEPENDENT_OR_LOCAL_NAMES: T,Tf_ShouldIterateOverCopy,_IteratorPair,_IteratorPairAndCopy	53:745d460a012c751252fc74a054ce2d834221a028dc589b72292230563ac47a24:184:22	results/053.json.gz
53	std::conditional	1	DEPENDENT_OR_LOCAL_NAMES: T,is_complex,is_mutable_container	53:bba890a02f9241463ca3861b80c1cfda5628054d4f8a6ab282208286645db374:1558:27	results/053.json.gz
53	std::conditional	1	DEPENDENT_OR_LOCAL_NAMES: ConvertTo,I,is_tuple_like	53:bba890a02f9241463ca3861b80c1cfda5628054d4f8a6ab282208286645db374:2348:39	results/053.json.gz
53	std::conditional	1	DEPENDENT_OR_LOCAL_NAMES: Collection,Rule,contains,template	53:8ebd63b146f7e1f96d4f4d650fb0977027cbf0181f200e43a24d0a30a2e2bee6:11293:43	results/053.json.gz
53	std::conditional	1	DEPENDENT_OR_LOCAL_NAMES: IsConst,bucket_entry	53:e11fa8739132445e61a176a40c1bae782fbf31a6906d26b1764e3f0a22c33bf0:453:18	results/053.json.gz
53	std::conditional	1	DEPENDENT_OR_LOCAL_NAMES: T,TfSimpleRefBase,Tf_RefPtr_Counter,Tf_RefPtr_UniqueChangedCounter,Tf_SupportsUniqueChanged,Value	53:6aeeff8791868b159e944ce4606bec95f9a6baef5eef5b5d78b6b9c50463fc41:603:31	results/053.json.gz
53	std::conditional	1	DEPENDENT_OR_LOCAL_NAMES: PerThread,_GlobalStackStorage,_PerThreadStackStorage	53:4f6046de3ee3053feeaeabc4e95403876007a262c39139a2cb8203ac9047dfb4:96:22	results/053.json.gz
53	std::conditional	1	DEPENDENT_OR_LOCAL_NAMES: _HeapStorage,_LocalStorage,_isSmall	53:dddad6740e2d70eff362d3af3cc896f1882b078345917b72624fc33ffb3e7560:360:22	results/053.json.gz
53	std::conditional	1	DEPENDENT_OR_LOCAL_NAMES: Args,F,R,invoke_result_t	53:685e5d51f6a0c7f59228a050e65a19248cd5bbec15d1f03814924293be30e590:245:11	results/053.json.gz
53	std::conditional	1	DEPENDENT_OR_LOCAL_NAMES: GenericTypeHandler,MessageLite,TypeHandler,Value	53:987635f6ce8eab34fe56f02373e49b274151e5ed8984dcd1d2d9af52ec5e1036:156:34	results/053.json.gz
53	std::conditional	1	DEPENDENT_OR_LOCAL_NAMES: Element,GenericTypeHandler,Message,TypeHandler,internal	53:987635f6ce8eab34fe56f02373e49b274151e5ed8984dcd1d2d9af52ec5e1036:1687:22	results/053.json.gz
53	std::conditional	1	DEPENDENT_OR_LOCAL_NAMES: T,TypeOnHeap,TypeOnStack,any,data_on_stack	53:5b5803a5269e92e60522e5e81061418a47428abb0fc7b90e47f41bc68a902e9d:400:14	results/053.json.gz
53	std::conditional	1	DEPENDENT_OR_LOCAL_NAMES: NumberHandler,T,UndefinedHandler	53:8fdd6443138ae8d14a908064fecf59bbeeb3dd7a2bf03e6be40dcd0e03b9f4c3:367:14	results/053.json.gz
55	std::remove_reference	8	DEPENDENT_OR_LOCAL_NAMES: reference	55:1fb892663d0cf98cf7c5a6674caf3f30c17fad99542cbf5a384637617cceb4d0:46:31	results/055.json.gz
55	std::remove_reference	2	DEPENDENT_OR_LOCAL_NAMES: Reference	55:5b9cba53ea9cf4530760b7b46f84120611d3687e5ce99e54edbbcd39c08f8464:53:16	results/055.json.gz
55	std::remove_reference	101	DEPENDENT_OR_LOCAL_NAMES: T	55:c0a371cc6d3563c22538689bd646424bebd1b4027108f17b60df93e6cc325c1d:115:38	results/055.json.gz
55	std::remove_reference	2	DEPENDENT_OR_LOCAL_NAMES: StatusOrType	55:47213bcb71dfaa17a5d1bcd1387672a8a0826167ddd0d2be0c9237dd80c346b0:52:16	results/055.json.gz
55	std::remove_reference	2	DEPENDENT_OR_LOCAL_NAMES: C	55:13eda46a645faec4d52678b40e78f89a37883abc0a236dce12d8384955c20975:239:28	results/055.json.gz
55	std::remove_reference	6	NO_TEMPLATE_ARGUMENT_LIST	55:1d9a7ea83b8f0ecf6022976b063561628b54cdb5a8e7577b884491cda3696ab5:24:7	results/055.json.gz
55	std::remove_reference	3	DEPENDENT_OR_LOCAL_NAMES: NextLayer	55:7477d9f588825066f54a9e4c7f43440afd94976471af2ac1b6b10a3d1edd3836:81:18	results/055.json.gz
55	std::remove_reference	1	DEPENDENT_OR_LOCAL_NAMES: Stream	55:d1ffe9b97d6bb89be21351a3bad56e0f55a318cbd89d197633ec3bfae4652a37:110:18	results/055.json.gz
55	std::remove_reference	6	DEPENDENT_OR_LOCAL_NAMES: U	55:8629ca88e63399ba81e41dc3763d82ca56dd84ac1c6400be19c885cee91ef957:135:31	results/055.json.gz
55	std::remove_reference	6	DEPENDENT_OR_LOCAL_NAMES: F	55:b3eaa9391ede2f1d6592a4ed458e0c506d33abcd1ad71de35e0b16c94e411d71:43:44	results/055.json.gz
55	std::remove_reference	1	DEPENDENT_OR_LOCAL_NAMES: Polygon,interior_mutable_type,traits	55:2262109bfeaed9f71788be7bea399ed966b22a748afc7bc11a48c574ffb1328c:59:26	results/055.json.gz
55	std::remove_reference	1	DEPENDENT_OR_LOCAL_NAMES: Polygon,ring_mutable_type,traits	55:2262109bfeaed9f71788be7bea399ed966b22a748afc7bc11a48c574ffb1328c:66:26	results/055.json.gz
55	std::remove_reference	2	DEPENDENT_OR_LOCAL_NAMES: Polygon2,interior_mutable_type,traits	55:955d9c621c43abba56c241bede24c42214b18bb4347af025971c3de70fa244b3:219:26	results/055.json.gz
55	std::remove_reference	1	DEPENDENT_OR_LOCAL_NAMES: Polygon,interior_return_type,polygon_tag	55:37aeef3a372a516cc987b548d4a95253b3691863aa607db35ce824b57995f3d8:109:22	results/055.json.gz
55	std::remove_reference	3	DEPENDENT_OR_LOCAL_NAMES: Range	55:a5346cb0097fa6954daf46cef2004f2a6a2d433ac8d3acc0c232f6a3901c1f3c:44:22	results/055.json.gz
55	std::remove_reference	1	DEPENDENT_OR_LOCAL_NAMES: Polygon,polygon_tag,ring_return_type	55:3364652b580836665258aee0921ce74e93d563706d8c7672f8bda911b355c685:159:22	results/055.json.gz
55	std::remove_reference	1	DEPENDENT_OR_LOCAL_NAMES: MultiLinestring,multi_linestring_tag,ring_return_type	55:3364652b580836665258aee0921ce74e93d563706d8c7672f8bda911b355c685:169:22	results/055.json.gz
55	std::remove_reference	1	DEPENDENT_OR_LOCAL_NAMES: MultiPolygon,multi_polygon_tag,ring_return_type	55:3364652b580836665258aee0921ce74e93d563706d8c7672f8bda911b355c685:179:22	results/055.json.gz
55	std::remove_reference	1	DEPENDENT_OR_LOCAL_NAMES: IndexableGetter,result_type	55:8518ce0899612fded6bddf31778beba7bd42f6bc2fb1668557d6d2fdc6ab167d:85:18	results/055.json.gz
55	std::remove_reference	1	DEPENDENT_OR_LOCAL_NAMES: at,boost,indexed_type,mpl,parameter_types	55:0b712908edf94f92acbc62e2e0401ddaa274a739f77d77b5c0a3ba4de71dacda:64:22	results/055.json.gz
55	std::remove_reference	2	DEPENDENT_OR_LOCAL_NAMES: Polygon,interior_return_type	55:d127eefa4d085a425a107a563b75c415464eaa2700ad466b70d8f50932cb0395:57:22	results/055.json.gz
55	std::remove_reference	2	DEPENDENT_OR_LOCAL_NAMES: P	55:cd41a31e7f5d0667b8fa061edf2b1cd967ea672226885e5c76fe24160e4edee6:97:33	results/055.json.gz
55	std::remove_reference	2	DEPENDENT_OR_LOCAL_NAMES: Iterator	55:7fc7e376836b8e3242eb392c3726b5ecdd7b365bb2d60854892bae2eaed610e5:116:32	results/055.json.gz
55	std::remove_reference	1	DEPENDENT_OR_LOCAL_NAMES: PixelReference	55:16ee1ac7e222be5b7c5a9f6db5cdbfed799c6bb14eeb9d1084dd75bcf2c8cdc5:44:30	results/055.json.gz
55	std::remove_reference	1	DEPENDENT_OR_LOCAL_NAMES: OutputView	55:1c6ddbae3810595a7ebd3de500fecf40720976828c05687454ee9147e0c06767:44:30	results/055.json.gz
55	std::remove_reference	2	DEPENDENT_OR_LOCAL_NAMES: at,pixel_t	55:1c6ddbae3810595a7ebd3de500fecf40720976828c05687454ee9147e0c06767:46:32	results/055.json.gz
55	std::remove_reference	1	DEPENDENT_OR_LOCAL_NAMES: ImageView	55:9690895df7d071aed00855626d2c940e36a5037d2454dc0fba05e226133e1ad5:48:30	results/055.json.gz
55	std::remove_reference	2	DEPENDENT_OR_LOCAL_NAMES: SrcP	55:ca60183aaa219ed48d29373dbad3167a20ccd5bc9d680788a9f02b9b22db5507:394:38	results/055.json.gz
55	std::remove_reference	1	DEPENDENT_OR_LOCAL_NAMES: R	55:2a159fb526937cf28f05b7a46562ea10d69efc7262e73946f3d9de814100e9b3:230:36	results/055.json.gz
55	std::remove_reference	1	DEPENDENT_OR_LOCAL_NAMES: Ref	55:2a159fb526937cf28f05b7a46562ea10d69efc7262e73946f3d9de814100e9b3:574:30	results/055.json.gz
55	std::remove_reference	5	DEPENDENT_OR_LOCAL_NAMES: Xs	55:daf929c54ca4dd3e92ed11c152f631faf8faa37baa532ef2cc2b7dd46919aa20:104:32	results/055.json.gz
55	std::remove_reference	5	DEPENDENT_OR_LOCAL_NAMES: Map	55:b181392ec271d8a3a34605507e41353fc6597e924f2c57bae20c54e23acd45c0:278:37	results/055.json.gz
55	std::remove_reference	1	DEPENDENT_OR_LOCAL_NAMES: From	55:e03e1966254b94942d24e4f236288a29a36d0e1f76362049f876917254cad67b:101:44	results/055.json.gz
55	std::remove_reference	4	DEPENDENT_OR_LOCAL_NAMES: To	55:e03e1966254b94942d24e4f236288a29a36d0e1f76362049f876917254cad67b:102:44	results/055.json.gz
55	std::remove_reference	3	DEPENDENT_OR_LOCAL_NAMES: Sequence	55:0e2c3078cdf1e252d1ad3d402c4bfd786932b42ab0937f5effcebc667e49476c:49:70	results/055.json.gz
55	std::remove_reference	3	DEPENDENT_OR_LOCAL_NAMES: P1	55:c96681e24209f031805d2ef07a5a1d645cbd1c450594503944fd7f065cb6e667:324:38	results/055.json.gz
55	std::remove_reference	3	DEPENDENT_OR_LOCAL_NAMES: P2	55:c96681e24209f031805d2ef07a5a1d645cbd1c450594503944fd7f065cb6e667:325:38	results/055.json.gz
55	std::remove_reference	1	DEPENDENT_OR_LOCAL_NAMES: Pack	55:3f82ee7697be1391ccaef9d4e91bd5a07f2eca918408d4b7003e3f7ed1c56737:136:30	results/055.json.gz
55	std::remove_reference	6	DEPENDENT_OR_LOCAL_NAMES: Ex	55:4bb248bab62a75859e4957d771a8bb93bb46f0b8631291adbafd952c9d4a3189:166:69	results/055.json.gz
55	std::remove_reference	2	DEPENDENT_OR_LOCAL_NAMES: E1	55:4bb248bab62a75859e4957d771a8bb93bb46f0b8631291adbafd952c9d4a3189:175:70	results/055.json.gz
55	std::remove_reference	1	DEPENDENT_OR_LOCAL_NAMES: E,value	55:8e8b99578871c3c47d1b0e679ed68a27e3c39be22a86520a15ea6163ca2bd474:141:31	results/055.json.gz
55	std::remove_reference	3	DEPENDENT_OR_LOCAL_NAMES: Recurrence	55:277f4018034475c0e04725f42047d39655f2e360f0e0ae95967e49dbbbc80bc0:36:33	results/055.json.gz
55	std::remove_reference	4	DEPENDENT_OR_LOCAL_NAMES: Tp	55:b49f3194fab9e6bcc0db12ef5650090c32f0a7b03c67581700914098eabf67ff:45:62	results/055.json.gz
55	std::remove_reference	1	DEPENDENT_OR_LOCAL_NAMES: Tp1	55:b49f3194fab9e6bcc0db12ef5650090c32f0a7b03c67581700914098eabf67ff:155:62	results/055.json.gz
55	std::remove_reference	1	DEPENDENT_OR_LOCAL_NAMES: first	55:2a04221b8778c2f7a26a650a9cbef7d0c440670c2a7e80a821dd66527f7eba5c:48:140	results/055.json.gz
55	std::remove_reference	5	DEPENDENT_OR_LOCAL_NAMES: V,detail,evaluate_if_expression	55:2549b437a6319ee9cbd2032560a0272611715dd89c2919dd85a4a3f9e9aed569:177:107	results/055.json.gz
55	std::remove_reference	5	DEPENDENT_OR_LOCAL_NAMES: U,detail,evaluate_if_expression	55:2549b437a6319ee9cbd2032560a0272611715dd89c2919dd85a4a3f9e9aed569:177:294	results/055.json.gz
55	std::remove_reference	2	DEPENDENT_OR_LOCAL_NAMES: ET,Other,detail,evaluate_if_expression,number	55:2549b437a6319ee9cbd2032560a0272611715dd89c2919dd85a4a3f9e9aed569:289:106	results/055.json.gz
55	std::remove_reference	1	DEPENDENT_OR_LOCAL_NAMES: helper	55:18e5af4e8ab932656d633e697af0c1de4fc7a0c92a577fdb8cdbb029294594f1:157:31	results/055.json.gz
55	std::remove_reference	7	限定名还有外层命名空间；不是已确认的全局 std	55:a83e261f9bd77bcc8b32f94459e3bcad4a9e1b48b4c2237591c5263e8f319e21:88:24	results/055.json.gz
55	std::remove_reference	1	DEPENDENT_OR_LOCAL_NAMES: Args,Source,Target,apply2,as_placeholder_expr,aux,boost,has_nested_template_fn,is_target_same_as_source,mp11,mp_if,mpl,parameter	55:c2c17ae529f532eb6714a03bac4f8c9d3061f22840b55e9aef4b5d0e01b9f496:220:25	results/055.json.gz
55	std::remove_reference	1	DEPENDENT_OR_LOCAL_NAMES: I,T,boost,detail,get,pfr,sequence_tuple	55:14e56ffeb0b222d9a711d9a9a50d5848def1a7ede1aea7c9d12a84290556c346:164:23	results/055.json.gz
55	std::remove_reference	17	DEPENDENT_OR_LOCAL_NAMES: Allocator	55:b4c4fb6783e3342c1fa989bd0b4926237cfcc91e1ae3e777d78b68297377ae7e:63:16	results/055.json.gz
55	std::remove_reference	2	DEPENDENT_OR_LOCAL_NAMES: First	55:728f21c312c6f1ad27bd4062b073c306278b711a882c1cc59334ec0fd4fd530d:58:26	results/055.json.gz
55	std::remove_reference	2	DEPENDENT_OR_LOCAL_NAMES: ref_type	55:728f21c312c6f1ad27bd4062b073c306278b711a882c1cc59334ec0fd4fd530d:116:22	results/055.json.gz
55	std::remove_reference	2	DEPENDENT_OR_LOCAL_NAMES: Args	55:728f21c312c6f1ad27bd4062b073c306278b711a882c1cc59334ec0fd4fd530d:228:35	results/055.json.gz
55	std::remove_reference	4	DEPENDENT_OR_LOCAL_NAMES: _,boost,mpl	55:728f21c312c6f1ad27bd4062b073c306278b711a882c1cc59334ec0fd4fd530d:232:30	results/055.json.gz
55	std::remove_reference	3	DEPENDENT_OR_LOCAL_NAMES: A	55:075bc9feff80188c451e146a513209c88bc86196fb61657229c60e46689c6b39:147:41	results/055.json.gz
55	std::remove_reference	1	DEPENDENT_OR_LOCAL_NAMES: attribute_type,front,fusion,result_of	55:76cd4dfc1b7c96fe6c21e1e5581b0952b2a6dcd0930c81f0069f8ecafb5bf4d7:157:34	results/055.json.gz
55	std::remove_reference	1	DEPENDENT_OR_LOCAL_NAMES: iter1_ret	55:2a4696a50ceda6a0986d127bc407df5026a43f72a0238768dccf9aa2f2a97984:57:18	results/055.json.gz
55	std::remove_reference	1	DEPENDENT_OR_LOCAL_NAMES: ExecutionPolicy	55:f42732e55523ea662c975f3f47eee9a0090e7e75333e49a7ca50376131560c6f:55:14	results/055.json.gz
55	std::remove_reference	6	DEPENDENT_OR_LOCAL_NAMES: Tuple	55:280ab89a8f9e0d58262cf495349b75e9b606ecf6d7d4f1c368cd9eb9c6f71b11:24:36	results/055.json.gz
55	std::remove_reference	6	DEPENDENT_OR_LOCAL_NAMES: _Tp	55:d3a16d546711f8afbb4b4f389eeb861fa57fb862c274d609c16b2dde99f7faa4:70:22	results/055.json.gz
55	std::remove_reference	1	DEPENDENT_OR_LOCAL_NAMES: IteratorType,key	55:298ad906bd66894f5f5af6cc2667fbdafd120b5b8904825d47244a17c65e0cca:4314:59	results/055.json.gz
55	std::remove_reference	1	DEPENDENT_OR_LOCAL_NAMES: ReferenceType	55:298ad906bd66894f5f5af6cc2667fbdafd120b5b8904825d47244a17c65e0cca:20328:43	results/055.json.gz
55	std::remove_reference	2	DEPENDENT_OR_LOCAL_NAMES: P3	55:6b345622449e3247cbe5c751ad11758642109c30207aa9ee667dde1a97bd041f:406:12	results/055.json.gz
55	std::remove_reference	2	DEPENDENT_OR_LOCAL_NAMES: P4	55:6b345622449e3247cbe5c751ad11758642109c30207aa9ee667dde1a97bd041f:407:12	results/055.json.gz
55	std::remove_reference	2	DEPENDENT_OR_LOCAL_NAMES: P5	55:6b345622449e3247cbe5c751ad11758642109c30207aa9ee667dde1a97bd041f:408:12	results/055.json.gz
55	std::remove_reference	2	DEPENDENT_OR_LOCAL_NAMES: P6	55:6b345622449e3247cbe5c751ad11758642109c30207aa9ee667dde1a97bd041f:409:12	results/055.json.gz
55	std::remove_reference	1	DEPENDENT_OR_LOCAL_NAMES: patterns_	55:b7608d4693fa810ece09785464c3647e231a3ac43adbdda8adc6e4d33b837bfc:401:35	results/055.json.gz
55	std::remove_reference	2	DEPENDENT_OR_LOCAL_NAMES: data,repeated_field	55:568199e8045ecc5f29e92c0cbe9bb0f0476c1b8d3fb335925f9de3e515374d54:95:16	results/055.json.gz
55	std::remove_reference	1	DEPENDENT_OR_LOCAL_NAMES: input	55:bbd05cbf6a9a96a9dff1f3e4d7498a53e748a3bb35353154245c23d00ce7b2e0:178:30	results/055.json.gz
55	std::remove_reference	4	DEPENDENT_OR_LOCAL_NAMES: _T	55:143334cea58ee9b97d8e924acfd53c08c6e3b7a8932a1d7cb506a5c40bd1b1a8:77:10	results/055.json.gz
55	std::remove_reference	1	DEPENDENT_OR_LOCAL_NAMES: _Ts	55:3616537c36576ba589237668b5d3d07e4488ff10e042d177a3eec2476a5b23b6:105:49	results/055.json.gz
55	std::remove_reference	2	DEPENDENT_OR_LOCAL_NAMES: __value_type	55:359ef7d09e3d88ef957f89ee40829f9d48dbb8014aa002a5983d40a3fac30397:60:14	results/055.json.gz
55	std::remove_reference	1	DEPENDENT_OR_LOCAL_NAMES: RangeType	55:70b10b14f96f15f419a6e1de335a4dedcec06cfdf2f434c5949d3ed631e7fabb:1345:45	results/055.json.gz
55	std::remove_reference	1	DEPENDENT_OR_LOCAL_NAMES: t	55:787e0a7c1e19382c15d7a871be704218ca4348183cd245227034a3541a3bf8dd:44:33	results/055.json.gz
55	std::remove_reference	2	DEPENDENT_OR_LOCAL_NAMES: ptr	55:684149eb458508964ccebe862e12058bfadfc6c31e7d5f29d6cd8ea0a9423105:251:33	results/055.json.gz
55	std::remove_reference	5	DEPENDENT_OR_LOCAL_NAMES: ValueType	55:ca7216b99c6244d3064034eaaecfeeebeb1b44b88bfcf1c2c4be1104abc0e9d7:370:49	results/055.json.gz
55	std::remove_reference	1	DEPENDENT_OR_LOCAL_NAMES: get_unexpected,value	55:c6feb6ad03fddb35852b5c045d5e89bb3e54b184f2efcc299c36c784d96d2078:1320:38	results/055.json.gz
55	std::remove_reference	1	DEPENDENT_OR_LOCAL_NAMES: Pattern	55:1c7f47551aace89c30eb88563d4b1f147bdd368c25e10c1744673c4945c558c8:57:30	results/055.json.gz
55	std::remove_reference	1	DEPENDENT_OR_LOCAL_NAMES: Err	55:cb20e1814e5c4d97edb486977619249482ba1ddbf46662b160847031623522b9:5335:33	results/055.json.gz
55	std::remove_reference	6	DEPENDENT_OR_LOCAL_NAMES: M	55:d637dd188944433c62d96a062f9b1adab851574c537d7021270c7a52a2759a90:279:45	results/055.json.gz
55	std::remove_reference	1	DEPENDENT_OR_LOCAL_NAMES: value_type	55:3ef5d6946fe38bc0bd842e187706d6e8ea6b25cd25d6f2efdc959593cefa4f05:980:33	results/055.json.gz
55	std::remove_reference	1	MACRO_CONTINUATION_OR_DIRECTIVE_REQUIRES_REAL_EXPANSION	55:3ef5d6946fe38bc0bd842e187706d6e8ea6b25cd25d6f2efdc959593cefa4f05:1346:56	results/055.json.gz
55	std::remove_reference	1	DEPENDENT_OR_LOCAL_NAMES: TDerived	55:8ba95263b8ef0d5010d19c507aad1c64ce09524934d4d894a7c34fd1b0754941:108:90	results/055.json.gz
55	std::remove_reference	4	DEPENDENT_OR_LOCAL_NAMES: Fn	55:cce0d3b21815e20d4e0de6a35ff36a147b6319dc6ec2e104a79aa3cd01d86e7f:65:23	results/055.json.gz
55	std::remove_reference	1	DEPENDENT_OR_LOCAL_NAMES: c,data	55:920a9873d8baf313b85efa1f3ed2ee3e38adeafa6440e2c1ac4125de571faa54:85:28	results/055.json.gz
55	std::remove_reference	2	DEPENDENT_OR_LOCAL_NAMES: E	55:489426ad6d11d357b1f72479dad8752ae26edf2cd407a70166a2f45824f5890c:164:43	results/055.json.gz
55	std::remove_reference	1	DEPENDENT_OR_LOCAL_NAMES: TObjectRef	55:02ef4db4e8e5bae2f701a0dd120329b4787b6f7e887cad4fd98a19f3cc5bf48c:1172:37	results/055.json.gz
57	std::decay	104	DEPENDENT_OR_LOCAL_NAMES: T	57:18cb31bdb53d4adeff31230a31512a10276dc109fb9d247b081080d4820eba75:142:34	results/057.json.gz
57	std::decay	8	DEPENDENT_OR_LOCAL_NAMES: Tuple	57:18cb31bdb53d4adeff31230a31512a10276dc109fb9d247b081080d4820eba75:167:36	results/057.json.gz
57	std::decay	3	DEPENDENT_OR_LOCAL_NAMES: K	57:a712b59a284ab008bd8ce63185efbf4f19664fa63f03c8b7145f24b5a7eb2baa:116:47	results/057.json.gz
57	std::decay	1	DEPENDENT_OR_LOCAL_NAMES: V	57:a712b59a284ab008bd8ce63185efbf4f19664fa63f03c8b7145f24b5a7eb2baa:117:47	results/057.json.gz
57	std::decay	1	DEPENDENT_OR_LOCAL_NAMES: Ts	57:a712b59a284ab008bd8ce63185efbf4f19664fa63f03c8b7145f24b5a7eb2baa:124:49	results/057.json.gz
57	std::decay	1	DEPENDENT_OR_LOCAL_NAMES: U,key	57:a712b59a284ab008bd8ce63185efbf4f19664fa63f03c8b7145f24b5a7eb2baa:139:20	results/057.json.gz
57	std::decay	1	DEPENDENT_OR_LOCAL_NAMES: U,value	57:a712b59a284ab008bd8ce63185efbf4f19664fa63f03c8b7145f24b5a7eb2baa:140:20	results/057.json.gz
57	std::decay	2	DEPENDENT_OR_LOCAL_NAMES: Set,key_type	57:b4cecb6e013372be4d2cee21d92f4df903d9668ed1a01be1c76cb99c5562cded:162:29	results/057.json.gz
57	std::decay	15	DEPENDENT_OR_LOCAL_NAMES: F	57:c0a371cc6d3563c22538689bd646424bebd1b4027108f17b60df93e6cc325c1d:709:29	results/057.json.gz
57	std::decay	3	DEPENDENT_OR_LOCAL_NAMES: URBG	57:c402c60e2c4622b066f2493aad1d0813dc8ce1c35146da2c57277b5f938bf61a:51:18	results/057.json.gz
57	std::decay	2	DEPENDENT_OR_LOCAL_NAMES: SSeq	57:88d121656af80122c2cbb0912e18387e2a51526af4b3168a7e93d25bf4f82c74:152:24	results/057.json.gz
57	std::decay	2	DEPENDENT_OR_LOCAL_NAMES: InnerMatcherT	57:f0bbe46da2bb7cee13c82d38567e37dae00da31c0f7b8f5b1b6179332ff39bfc:82:47	results/057.json.gz
57	std::decay	2	NO_TEMPLATE_ARGUMENT_LIST	57:502acdb4ff702e3446934b70610e0da76b3b26166a6782f09ff7621250c18fdf:65:7	results/057.json.gz
57	std::decay	2	DEPENDENT_OR_LOCAL_NAMES: Range,iterator	57:65f77bdcd74a21ce0be77d4b185350491de13e9beb3ee6d4180a355cc2d28f8b:697:20	results/057.json.gz
57	std::decay	6	DEPENDENT_OR_LOCAL_NAMES: Range	57:b9be25a4a4c214da9636ecec6e4684049d546d7c30578dc63b618c5ac23199cd:380:32	results/057.json.gz
57	std::decay	8	DEPENDENT_OR_LOCAL_NAMES: ReadHandler	57:d8cdf7ff552cdcff7f124647b256b6a9f11a7ef4ee96a44036624d696abe199b:188:22	results/057.json.gz
57	std::decay	2	DEPENDENT_OR_LOCAL_NAMES: Handler_	57:b1c21de35a35e409fe63f846019308ae80b42f5ecfb3b92c2f4ac071289b2329:245:17	results/057.json.gz
57	std::decay	8	DEPENDENT_OR_LOCAL_NAMES: Handler	57:80043648a0fc90eb34ff6ec049e7d851cb9118f30b50059d3fa152ae809bc237:63:14	results/057.json.gz
57	std::decay	31	DEPENDENT_OR_LOCAL_NAMES: Args	57:80043648a0fc90eb34ff6ec049e7d851cb9118f30b50059d3fa152ae809bc237:64:14	results/057.json.gz
57	std::decay	3	DEPENDENT_OR_LOCAL_NAMES: BufferSequence	57:85b930ea44710fb458e6f73b237ae0acd389bbf67536d5bde26cf5a87503526c:40:18	results/057.json.gz
57	std::decay	4	DEPENDENT_OR_LOCAL_NAMES: BuffersGenerator	57:dfa9dbcd1e5646c3d432571c45416d7f899c2769f2085e508dfba582dfb1cfce:88:18	results/057.json.gz
57	std::decay	2	DEPENDENT_OR_LOCAL_NAMES: CompletionHandler	57:949e705fedae79b8f150ed40154e7a55079c0dc3057aef57c61eb97b7bd9bb74:46:14	results/057.json.gz
57	std::decay	11	DEPENDENT_OR_LOCAL_NAMES: Arg	57:436cfff0fb11ff912e842a913c08cf3b86780a9a557e1ffa458157c1bd3503e1:60:13	results/057.json.gz
57	std::decay	1	DEPENDENT_OR_LOCAL_NAMES: Condition	57:cf5681cdeb45200cd8928191e16e3816695c77ed177aab8ef268a5b6c8bf96bb:134:22	results/057.json.gz
57	std::decay	1	DEPENDENT_OR_LOCAL_NAMES: next_layer,t	57:d95a4ca5c181b5a91c1f47327b74b3d0953afe993eb89b000391c0d0e3488cb3:70:33	results/057.json.gz
57	std::decay	1	DEPENDENT_OR_LOCAL_NAMES: Executor,execution,net,outstanding_work,prefer,tracked	57:28a5bf94e72beac5739f687b1fb87fcb9c619127863b66b2eb7ea9eed31caf81:37:36	results/057.json.gz
57	std::decay	2	DEPENDENT_OR_LOCAL_NAMES: CompletionToken	57:feba88cc0727f516fbaa88739f2a8316bd15995de00b797280bd065f2f0d6496:333:22	results/057.json.gz
57	std::decay	1	DEPENDENT_OR_LOCAL_NAMES: DetectHandler	57:feba88cc0727f516fbaa88739f2a8316bd15995de00b797280bd065f2f0d6496:380:22	results/057.json.gz
57	std::decay	9	DEPENDENT_OR_LOCAL_NAMES: WriteHandler	57:749a391b3b63cdb871869dfaba97623ff1149e3c08038c53f04998d6299771c8:641:22	results/057.json.gz
57	std::decay	1	DEPENDENT_OR_LOCAL_NAMES: ConnectHandler	57:749a391b3b63cdb871869dfaba97623ff1149e3c08038c53f04998d6299771c8:664:29	results/057.json.gz
57	std::decay	1	DEPENDENT_OR_LOCAL_NAMES: RangeConnectHandler	57:749a391b3b63cdb871869dfaba97623ff1149e3c08038c53f04998d6299771c8:691:29	results/057.json.gz
57	std::decay	1	DEPENDENT_OR_LOCAL_NAMES: IteratorConnectHandler	57:749a391b3b63cdb871869dfaba97623ff1149e3c08038c53f04998d6299771c8:718:29	results/057.json.gz
57	std::decay	1	DEPENDENT_OR_LOCAL_NAMES: Handler,associated_executor_t,execution,net,outstanding_work,prefer,tracked	57:dd45eb5d36400756c9cd02b0d01cf2b0b4eb7e6a0912eb69ca482318799115ed:70:14	results/057.json.gz
57	std::decay	1	DEPENDENT_OR_LOCAL_NAMES: T,get_executor	57:35c95b600ef917dd4a1fb533fd98c83aa7aaefd6241c5e48b44179c6941b4c10:114:14	results/057.json.gz
57	std::decay	6	DEPENDENT_OR_LOCAL_NAMES: ChunkExtensions	57:351a79c773bb091460018484987c9f02f42c811fa3a77fc45f53af522962b9a5:375:44	results/057.json.gz
57	std::decay	9	DEPENDENT_OR_LOCAL_NAMES: Arg1	57:a1413253ec817a3c8ca83ddcc5b3c0cb1020a41e459f3bb1121ac533b08a4278:222:17	results/057.json.gz
57	std::decay	2	DEPENDENT_OR_LOCAL_NAMES: AcceptHandler	57:ef0deb45b61b5797b9802c8552b2e76f32b0b51dbaea4d3cadd86fdbe04e8346:394:22	results/057.json.gz
57	std::decay	1	DEPENDENT_OR_LOCAL_NAMES: CloseHandler	57:6f68eaeba00ccf6edc4fca485decad39f0eda50c497b16b54cc76e79cb351e1f:320:22	results/057.json.gz
57	std::decay	1	DEPENDENT_OR_LOCAL_NAMES: HandshakeHandler	57:77c91267aa922c3df771bfd816909020113828fdc3de3d0b70ea8cdaabaf444c:209:22	results/057.json.gz
57	std::decay	1	DEPENDENT_OR_LOCAL_NAMES: NextLayer	57:ae1055b5f40104b7a0e1eb854edd720c649b2f0aa95f35aded71483b35e108d6:71:36	results/057.json.gz
57	std::decay	1	DEPENDENT_OR_LOCAL_NAMES: TeardownHandler	57:8e7ccdbda778bc296015e30ddde466cda340b615aae37a2b166d8bce1ff291e0:204:18	results/057.json.gz
57	std::decay	31	DEPENDENT_OR_LOCAL_NAMES: Fn	57:61c69e0b44a78fbcb5d926f0e79533590a1c1dca730ef4743f8685cf79f7fbd9:111:14	results/057.json.gz
57	std::decay	12	DEPENDENT_OR_LOCAL_NAMES: StackAlloc	57:61c69e0b44a78fbcb5d926f0e79533590a1c1dca730ef4743f8685cf79f7fbd9:127:14	results/057.json.gz
57	std::decay	2	DEPENDENT_OR_LOCAL_NAMES: Tpl	57:f7e63af3a765c539ff11f244c43ca6633ca3776bc42db58250dc3afa023404ef:57:65	results/057.json.gz
57	std::decay	1	DEPENDENT_OR_LOCAL_NAMES: Y	57:ce13d380787ebdf4c27445c2e42ca30a29733837e1e7eae7cc20aa602ea4f651:30:22	results/057.json.gz
57	std::decay	1	DEPENDENT_OR_LOCAL_NAMES: Fn1	57:489e14c98350fb8e85188223b7fbb58467c14919d9a401e6155239956c21b821:32:14	results/057.json.gz
57	std::decay	1	DEPENDENT_OR_LOCAL_NAMES: Fn2	57:489e14c98350fb8e85188223b7fbb58467c14919d9a401e6155239956c21b821:33:14	results/057.json.gz
57	std::decay	1	DEPENDENT_OR_LOCAL_NAMES: T,U	57:8e594690074aea6068320d29ea19345b654464a406ea14273450c035b2978964:31:27	results/057.json.gz
57	std::decay	2	DEPENDENT_OR_LOCAL_NAMES: x	57:d05bf8fc5cc8d34a914256ed8e7055115434f3fabdb6e2f123c15f597f52d8b5:302:25	results/057.json.gz
57	std::decay	3	DEPENDENT_OR_LOCAL_NAMES: Derived	57:e03e1966254b94942d24e4f236288a29a36d0e1f76362049f876917254cad67b:135:40	results/057.json.gz
57	std::decay	1	DEPENDENT_OR_LOCAL_NAMES: F,Ts,is_callable_wrapper	57:2e2f3e966d55f57745ccf8c1dcf6f0dc6d775d5c3b01dc7e088360975a3f050a:64:51	results/057.json.gz
57	std::decay	2	DEPENDENT_OR_LOCAL_NAMES: Delim	57:cf1254f5b31675c5f055e46e8aeb4250fcf30f551405f9db4ee6b654023c3563:99:32	results/057.json.gz
57	std::decay	1	DEPENDENT_OR_LOCAL_NAMES: Is,T,tuple_element_t	57:ec0463f3ad2fd95aeb6c265a422ecbef32e1242fc8874529c519def33594ee85:341:22	results/057.json.gz
57	std::decay	9	DEPENDENT_OR_LOCAL_NAMES: E	57:bba75ed5689f34db27a78fedc1adad4d76c57ddf537c1978921277c9794a66ab:43:37	results/057.json.gz
57	std::decay	4	DEPENDENT_OR_LOCAL_NAMES: I,tup	57:bba75ed5689f34db27a78fedc1adad4d76c57ddf537c1978921277c9794a66ab:154:62	results/057.json.gz
57	std::decay	3	DEPENDENT_OR_LOCAL_NAMES: BOOST_LEAF_TMP	57:7fa68ae9c8b6d46bd2f2147cbb2238379d56bdb891557aa388105d5f848d1cec:38:58	results/057.json.gz
57	std::decay	1	DEPENDENT_OR_LOCAL_NAMES: F,fn_arg_type	57:7fa68ae9c8b6d46bd2f2147cbb2238379d56bdb891557aa388105d5f848d1cec:353:28	results/057.json.gz
57	std::decay	7	DEPENDENT_OR_LOCAL_NAMES: A	57:b07bb316a5e6923b382b0602f157af803cd03557524d427b18194cb0bc751794:503:30	results/057.json.gz
57	std::decay	3	DEPENDENT_OR_LOCAL_NAMES: H	57:b07bb316a5e6923b382b0602f157af803cd03557524d427b18194cb0bc751794:612:48	results/057.json.gz
57	std::decay	3	DEPENDENT_OR_LOCAL_NAMES: Car	57:b07bb316a5e6923b382b0602f157af803cd03557524d427b18194cb0bc751794:621:48	results/057.json.gz
57	std::decay	6	DEPENDENT_OR_LOCAL_NAMES: TryBlock,value	57:b07bb316a5e6923b382b0602f157af803cd03557524d427b18194cb0bc751794:702:10	results/057.json.gz
57	std::decay	4	DEPENDENT_OR_LOCAL_NAMES: TryBlock	57:b07bb316a5e6923b382b0602f157af803cd03557524d427b18194cb0bc751794:721:10	results/057.json.gz
57	std::decay	1	DEPENDENT_OR_LOCAL_NAMES: Key0,key_impl	57:bd03d8e4a7c08927b909b636c1eafc122d5d8736defa1d68adde482063f7dbc0:152:14	results/057.json.gz
57	std::decay	1	DEPENDENT_OR_LOCAL_NAMES: Keys,key_impl	57:bd03d8e4a7c08927b909b636c1eafc122d5d8736defa1d68adde482063f7dbc0:153:14	results/057.json.gz
57	std::decay	1	DEPENDENT_OR_LOCAL_NAMES: Val	57:da08cd37a9beffa84965781305f5b18c31e9f8e65232be080ed046700a0c6f92:244:50	results/057.json.gz
57	std::decay	3	DEPENDENT_OR_LOCAL_NAMES: WritableFieldTuple	57:edf2d1ecaef78686b796d8dea927ca13d0459966e1fa3c96f4140419533ddc79:61:46	results/057.json.gz
57	std::decay	3	DEPENDENT_OR_LOCAL_NAMES: DomainType	57:a12f257b04ce08d2574d20712d77525f55ceac274b3f1fafa63e69bcab213b95:221:113	results/057.json.gz
57	std::decay	1	DEPENDENT_OR_LOCAL_NAMES: DomainType,status_code	57:d95c1e3d459ba508999e62d1203f65ca76b7164a1742918277142c1f4c7f0a5e:46:23	results/057.json.gz
57	std::decay	1	DEPENDENT_OR_LOCAL_NAMES: Alloc	57:20f3567829447229b0e533a051b4e4bb7616ec7360cc2696b93c228b62f594ca:190:77	results/057.json.gz
57	std::decay	24	DEPENDENT_OR_LOCAL_NAMES: U	57:b180ee0bf34b47ecea1740c49478e52007d25767ad35389c9c7a638dfa888223:210:98	results/057.json.gz
57	std::decay	5	DEPENDENT_OR_LOCAL_NAMES: UnorderedMap	57:1f798389a67684af11dc7e2afacc62c927f7e6e04e8a4cac21100c60554c6395:198:19	results/057.json.gz
57	std::decay	1	DEPENDENT_OR_LOCAL_NAMES: Iterator	57:6a2f0f195b67e0993fa8b4d3042d86736c5c995d4a8243770621ab6df69112fd:108:43	results/057.json.gz
57	std::decay	2	DEPENDENT_OR_LOCAL_NAMES: Launcher	57:846e3304697c7832765aef3010154cfe4f6ae088408d14e4110ad8790122fbe0:213:32	results/057.json.gz
57	std::decay	4	DEPENDENT_OR_LOCAL_NAMES: Init	57:846e3304697c7832765aef3010154cfe4f6ae088408d14e4110ad8790122fbe0:214:32	results/057.json.gz
57	std::decay	4	DEPENDENT_OR_LOCAL_NAMES: Self	57:fe56aab60b22428853ab9b57cca694a1c77c0cfdd098341919030459f33dcc78:328:26	results/057.json.gz
57	std::decay	3	DEPENDENT_OR_LOCAL_NAMES: raw	57:663137ce2898e87d31e11169d7ab14c8d33bd4c5658cd82666f6b707ab8e12fc:515:39	results/057.json.gz
57	std::decay	6	DEPENDENT_OR_LOCAL_NAMES: InputIt	57:663137ce2898e87d31e11169d7ab14c8d33bd4c5658cd82666f6b707ab8e12fc:521:72	results/057.json.gz
57	std::decay	2	DEPENDENT_OR_LOCAL_NAMES: S0	57:05b40472d7151d98ae6c876befefb3956b2c8b5e29aa16459e0ae26000d51ce2:544:35	results/057.json.gz
57	std::decay	2	DEPENDENT_OR_LOCAL_NAMES: S1	57:05b40472d7151d98ae6c876befefb3956b2c8b5e29aa16459e0ae26000d51ce2:547:35	results/057.json.gz
57	std::decay	1	DEPENDENT_OR_LOCAL_NAMES: OptionalString	57:0e197416957a71449e3025b21c042a3fab526e94ca8be753820f326e2b3d5f8c:70:38	results/057.json.gz
57	std::decay	2	DEPENDENT_OR_LOCAL_NAMES: Key	57:159e79148bdc5c63a01d0769161b2c46ac54a9ce1d16206566753ce7ac46b0b9:356:16	results/057.json.gz
57	std::decay	1	DEPENDENT_OR_LOCAL_NAMES: Value	57:159e79148bdc5c63a01d0769161b2c46ac54a9ce1d16206566753ce7ac46b0b9:361:16	results/057.json.gz
57	std::decay	1	DEPENDENT_OR_LOCAL_NAMES: PtrType,element_type	57:89ec46a466a0d21be3df9b72367ba18f24c44477996e494a674c5024549ad29c:1227:31	results/057.json.gz
57	std::decay	1	DEPENDENT_OR_LOCAL_NAMES: A,strip_minimal	57:89ec46a466a0d21be3df9b72367ba18f24c44477996e494a674c5024549ad29c:1276:38	results/057.json.gz
57	std::decay	1	DEPENDENT_OR_LOCAL_NAMES: _ExecPolicy	57:b8d0da1e1738e8a8e2f77993e031529e973536b54875d03ed1dd6f1186bd1bc9:87:77	results/057.json.gz
57	std::decay	4	DEPENDENT_OR_LOCAL_NAMES: _Fn	57:de16b398a5864f471f080e20d7ee611d0f8caf04b2e402b70c52f5d6d4a85ed9:440:67	results/057.json.gz
57	std::decay	6	DEPENDENT_OR_LOCAL_NAMES: Tuples	57:21219445e6eef2cb05af0c02988e80c113639e9ef5ac65988cca19bdb0831938:258:33	results/057.json.gz
57	std::decay	2	DEPENDENT_OR_LOCAL_NAMES: T1	57:62698d94b23d6bc0d53674fe0b9e91a17d4103457d5a9ef1e6a55863df277e06:138:49	results/057.json.gz
57	std::decay	1	DEPENDENT_OR_LOCAL_NAMES: KeyT	57:298ad906bd66894f5f5af6cc2667fbdafd120b5b8904825d47244a17c65e0cca:21557:43	results/057.json.gz
57	std::decay	2	DEPENDENT_OR_LOCAL_NAMES: T,name	57:a1cc68235425c6cdf9cd3d0c1725a1194dd5749f8bf6bf59042fd5288e1f2b7c:620:46	results/057.json.gz
57	std::decay	3	DEPENDENT_OR_LOCAL_NAMES: First	57:a1cc68235425c6cdf9cd3d0c1725a1194dd5749f8bf6bf59042fd5288e1f2b7c:1872:56	results/057.json.gz
57	std::decay	4	DEPENDENT_OR_LOCAL_NAMES: InnerMatcher	57:db31026a8f797b0b6a240d0b416f2e6f3bfacfd0e7799962fd9f755c118aa032:304:47	results/057.json.gz
57	std::decay	2	DEPENDENT_OR_LOCAL_NAMES: Function	57:6a8998328529137abfd0f70100b288ead43df189fbd29f6426354617d251ddfe:197:23	results/057.json.gz
57	std::decay	1	DEPENDENT_OR_LOCAL_NAMES: s	57:72de8b7098d18e53726f1ecb1c453a019a31a2ef4fef43c58ffe8fc40dd59828:3564:20	results/057.json.gz
57	std::decay	1	DEPENDENT_OR_LOCAL_NAMES: ExecPolicy	57:ca880c1a5b05bbc779043ed2b00c026a7f1be21af4664cd49c5970bc17ed8f57:162:77	results/057.json.gz
57	std::decay	4	DEPENDENT_OR_LOCAL_NAMES: _ExecutionPolicy	57:60a2d32d320a64ba957b0991154b4cfd36d7b6f744949e5e614fe7ac84020b0e:103:51	results/057.json.gz
57	std::decay	1	DEPENDENT_OR_LOCAL_NAMES: Args,T,operator	57:babed4fc9c3d804502aa053c5add427600600f080984985812d8cce716b35ffa:45:102	results/057.json.gz
57	std::decay	1	DEPENDENT_OR_LOCAL_NAMES: value	57:61a18a65bf0939927c177b951df4310f88790269e9da9e35d35a1e09a797969f:566:25	results/057.json.gz
57	std::decay	5	DEPENDENT_OR_LOCAL_NAMES: ValueType	57:ca7216b99c6244d3064034eaaecfeeebeb1b44b88bfcf1c2c4be1104abc0e9d7:73:48	results/057.json.gz
57	std::decay	1	DEPENDENT_OR_LOCAL_NAMES: T,U,basic_string_view	57:f0c48475176707c67c553f9bb8a3e20c7aa7823795bc14e674edeb54432490bb:1169:49	results/057.json.gz
57	std::decay	8	DEPENDENT_OR_LOCAL_NAMES: Callable	57:c69ba249cd20db3d4ab48db7e5b2b59f3ae54c0042495192909e22b03f60d31f:431:38	results/057.json.gz
57	std::decay	1	限定名还有外层命名空间；不是已确认的全局 std	57:c69ba249cd20db3d4ab48db7e5b2b59f3ae54c0042495192909e22b03f60d31f:829:34	results/057.json.gz
57	std::decay	2	DEPENDENT_OR_LOCAL_NAMES: Action	57:c69ba249cd20db3d4ab48db7e5b2b59f3ae54c0042495192909e22b03f60d31f:1797:32	results/057.json.gz
57	std::decay	3	DEPENDENT_OR_LOCAL_NAMES: InnerAction	57:c69ba249cd20db3d4ab48db7e5b2b59f3ae54c0042495192909e22b03f60d31f:1809:35	results/057.json.gz
57	std::decay	2	DEPENDENT_OR_LOCAL_NAMES: FunctionImpl	57:c69ba249cd20db3d4ab48db7e5b2b59f3ae54c0042495192909e22b03f60d31f:1962:10	results/057.json.gz
57	std::decay	3	DEPENDENT_OR_LOCAL_NAMES: Params	57:c69ba249cd20db3d4ab48db7e5b2b59f3ae54c0042495192909e22b03f60d31f:2016:39	results/057.json.gz
57	std::decay	1	DEPENDENT_OR_LOCAL_NAMES: ArgsTuple	57:cb20e1814e5c4d97edb486977619249482ba1ddbf46662b160847031623522b9:4060:33	results/057.json.gz
57	std::decay	3	DEPENDENT_OR_LOCAL_NAMES: M	57:cb20e1814e5c4d97edb486977619249482ba1ddbf46662b160847031623522b9:5021:37	results/057.json.gz
57	std::decay	1	DEPENDENT_OR_LOCAL_NAMES: ColumnType	57:0c718c7fd43e9db49301d2653587d756802645bfa57991abf82f2de758c2e88e:75:35	results/057.json.gz
57	std::decay	1	DEPENDENT_OR_LOCAL_NAMES: G	57:9acad01bb938f40754fee7de9cc8ff096cb5bd3d67d151031e614d6279226313:788:67	results/057.json.gz
57	std::decay	1	DEPENDENT_OR_LOCAL_NAMES: SourceType	57:330a7c9a5b233202e3183b90f3a4369529214ac4813d2748c13061c43da16838:910:38	results/057.json.gz
57	std::decay	2	DEPENDENT_OR_LOCAL_NAMES: key_type	57:9e7ccf2a838e32c6c9cce09d3d1805f2fae0c783e28520a884b4f3ee2736a170:426:50	results/057.json.gz
57	std::decay	8	DEPENDENT_OR_LOCAL_NAMES: d	57:831191079f79af6d1bd6f010e453319c41b5e0cfeabb9f7e684b1a01117cfd6e:188:24	results/057.json.gz
57	std::decay	1	DEPENDENT_OR_LOCAL_NAMES: enumVal	57:0be633428731adff3cdfe431ea45fa7662f820b38f10fbbeebb120bfa60be2b3:543:13	results/057.json.gz
57	std::decay	1	DEPENDENT_OR_LOCAL_NAMES: VAL	57:0be633428731adff3cdfe431ea45fa7662f820b38f10fbbeebb120bfa60be2b3:567:9	results/057.json.gz
57	std::decay	1	DEPENDENT_OR_LOCAL_NAMES: SS	57:bba890a02f9241463ca3861b80c1cfda5628054d4f8a6ab282208286645db374:1212:64	results/057.json.gz
57	std::decay	1	DEPENDENT_OR_LOCAL_NAMES: I,T	57:bba890a02f9241463ca3861b80c1cfda5628054d4f8a6ab282208286645db374:1718:47	results/057.json.gz
57	std::decay	2	DEPENDENT_OR_LOCAL_NAMES: converted,st	57:8ebd63b146f7e1f96d4f4d650fb0977027cbf0181f200e43a24d0a30a2e2bee6:10536:35	results/057.json.gz
57	std::decay	1	DEPENDENT_OR_LOCAL_NAMES: T,VtGetProxiedObject	57:e5efc7f65853334fc470e51fd7234db2d5ee82979a46fb484e3de37feb4b064a:126:27	results/057.json.gz
57	std::decay	2	DEPENDENT_OR_LOCAL_NAMES: RefWrap	57:685e5d51f6a0c7f59228a050e65a19248cd5bbec15d1f03814924293be30e590:121:67	results/057.json.gz
57	std::decay	4	DEPENDENT_OR_LOCAL_NAMES: Pointer	57:685e5d51f6a0c7f59228a050e65a19248cd5bbec15d1f03814924293be30e590:131:49	results/057.json.gz
59	std::is_integral	4	DEPENDENT_OR_LOCAL_NAMES: TypeParam	59:ac13d8a910f42865754620e51dd2f45a022c14f0fd0b3b3067e9da51a055df34:41:16	results/059.json.gz
59	std::is_integral	9	DEPENDENT_OR_LOCAL_NAMES: T	59:ea75fb4a6d107f47169d0a13e4ec06c705b9eac62fc3a1e52e131621d1b6e7c1:65:21	results/059.json.gz
59	std::is_integral	2	DEPENDENT_OR_LOCAL_NAMES: C,absl,decay_t,size	59:60baa1039fce223d3d144147780db3ef97742838a79cb70b61af8b8e8ce61e14:58:5	results/059.json.gz
59	std::is_integral	7	NO_TEMPLATE_ARGUMENT_LIST	59:c1d10fcaed8bceae20c32c644df71795927e33befac1be4660bc9f27a28616d9:34:7	results/059.json.gz
59	std::is_integral	2	DEPENDENT_OR_LOCAL_NAMES: Type	59:ac562346327ec4f02513486a77fc44dee5e73dae6ace8d9297eb1c7670af55ac:35:23	results/059.json.gz
59	std::is_integral	1	DEPENDENT_OR_LOCAL_NAMES: ChannelValue	59:791f9835d0e86788ab6e9cd9f493dbe4def4e1645130af67f26c6bc5d568ef9d:19:30	results/059.json.gz
59	std::is_integral	1	DEPENDENT_OR_LOCAL_NAMES: BaseChannelValue	59:791f9835d0e86788ab6e9cd9f493dbe4def4e1645130af67f26c6bc5d568ef9d:42:9	results/059.json.gz
59	std::is_integral	1	DEPENDENT_OR_LOCAL_NAMES: U	59:a0b32ff5c104c2f67ad09de5c86502f55729e9337df9a41619c2d76c388f952e:554:21	results/059.json.gz
59	std::is_integral	1	DEPENDENT_OR_LOCAL_NAMES: SampleType	59:4730b952dc9dc2a684f91488dca93832d633278e1cd359984ff69237859cd6d7:48:31	results/059.json.gz
59	std::is_integral	2	DEPENDENT_OR_LOCAL_NAMES: C,size	59:cd7fab638129c6fdc3da90f95d37872b569f2e6da193de19240422d110e0b834:92:17	results/059.json.gz
59	std::is_integral	1	DEPENDENT_OR_LOCAL_NAMES: Ts	59:a9c1e7039c65d5801a5008f3c2ca57f4b5723c65d79aa9f7c9f1004e9695eb6f:48:44	results/059.json.gz
59	std::is_integral	1	DEPENDENT_OR_LOCAL_NAMES: Int	59:9a7a2af82832ef2550f6822c42b9ff49024a9fe77f70378a3b09225b279d725e:148:48	results/059.json.gz
59	std::is_integral	1	DEPENDENT_OR_LOCAL_NAMES: UInt	59:9a7a2af82832ef2550f6822c42b9ff49024a9fe77f70378a3b09225b279d725e:156:35	results/059.json.gz
59	std::is_integral	51	CUDA 内嵌标准实现的命名空间/目标配置未闭合，不用宿主 std 测量替代	59:e9ef091a7032b272c65e8a0b3f1493777318055142070f0bc4267ccdc9208960:339:5	results/059.json.gz
64	std::iterator_traits	2	DEPENDENT_OR_LOCAL_NAMES: C,ContainerIter	64:00af016317c982cfeba331fe30666092106649ab12f0e5486f98700e5c8251d9:87:14	results/064.json.gz
64	std::iterator_traits	188	DEPENDENT_OR_LOCAL_NAMES: Iterator	64:5dbf7c61029bb766959af050b964789cd6a16a44dad635ac9afef5e7e1704bef:40:27	results/064.json.gz
64	std::iterator_traits	1	DEPENDENT_OR_LOCAL_NAMES: Cpp20ForwardZipIterator,Iterator,absl,base_internal	64:762630a9021d3f6ff008d4890dbefc5f99c461cc93e464ada15bad67d17e3a15:77:8	results/064.json.gz
64	std::iterator_traits	96	DEPENDENT_OR_LOCAL_NAMES: RandomAccessIterator	64:1bc39facab11d206a7c5b55cc526bd813a10328b6f2443c25504f9603e61e3df:75:26	results/064.json.gz
64	std::iterator_traits	6	DEPENDENT_OR_LOCAL_NAMES: const_iterator	64:13eda46a645faec4d52678b40e78f89a37883abc0a236dce12d8384955c20975:293:31	results/064.json.gz
64	std::iterator_traits	1	DEPENDENT_OR_LOCAL_NAMES: RandomAccessIterator1	64:78a9058b867b8aa65709de04a2a862931ce3d9ff709f7bfb0b8f83f41cc505b8:44:22	results/064.json.gz
64	std::iterator_traits	2	DEPENDENT_OR_LOCAL_NAMES: RandomAccessIterator2	64:78a9058b867b8aa65709de04a2a862931ce3d9ff709f7bfb0b8f83f41cc505b8:45:22	results/064.json.gz
64	std::iterator_traits	163	DEPENDENT_OR_LOCAL_NAMES: InputIterator	64:b8b2345fba473b91ee1312f7a3f1fc659311202d680714a6af8b56eed0b2d62a:92:14	results/064.json.gz
64	std::iterator_traits	4	DEPENDENT_OR_LOCAL_NAMES: Range,boost,range_iterator	64:b8b2345fba473b91ee1312f7a3f1fc659311202d680714a6af8b56eed0b2d62a:114:14	results/064.json.gz
64	std::iterator_traits	5	DEPENDENT_OR_LOCAL_NAMES: ForwardIterator1	64:098b08d82c9d7a2ba7827100a2cea5641342e9cc4b69a8c2a016013e0715cc06:77:40	results/064.json.gz
64	std::iterator_traits	89	DEPENDENT_OR_LOCAL_NAMES: ForwardIterator	64:07ecc839e2012c09223a64c5287d4e923a8e4bd968439ac67d4576765f262dcb:60:26	results/064.json.gz
64	std::iterator_traits	24	DEPENDENT_OR_LOCAL_NAMES: InputIterator1	64:bbee29f2274478a352e7d04ec08a47515f6c76b2acc78f29cfef242a7731ec7d:76:18	results/064.json.gz
64	std::iterator_traits	9	DEPENDENT_OR_LOCAL_NAMES: InputIterator2	64:bbee29f2274478a352e7d04ec08a47515f6c76b2acc78f29cfef242a7731ec7d:77:18	results/064.json.gz
64	std::iterator_traits	2	DEPENDENT_OR_LOCAL_NAMES: ForwardIterator2	64:f1e35ae7beb9cc6a83ad4857df359c285ea27d9644e242fdc0995ccdaa4eafb3:48:18	results/064.json.gz
64	std::iterator_traits	11	DEPENDENT_OR_LOCAL_NAMES: BidirectionalIterator	64:26a480343943e7843a5cd30e0397d87ed3b2e435258844efc626043519439c4a:76:49	results/064.json.gz
64	std::iterator_traits	7	DEPENDENT_OR_LOCAL_NAMES: patIter	64:dcdb45d5aa830290fae3cfb879752d3fe1214f18a86bddfa5396d7270c3b496a:58:26	results/064.json.gz
64	std::iterator_traits	3	DEPENDENT_OR_LOCAL_NAMES: corpusIter	64:dcdb45d5aa830290fae3cfb879752d3fe1214f18a86bddfa5396d7270c3b496a:83:46	results/064.json.gz
64	std::iterator_traits	8	DEPENDENT_OR_LOCAL_NAMES: ForwardIteratorT	64:5f90d34ee4fc063de54bfa63954c042c6109755f5be2702c316f095f789972ec:131:25	results/064.json.gz
64	std::iterator_traits	1	DEPENDENT_OR_LOCAL_NAMES: Iterator1T	64:18f1018127bed89bfb9032177e8ddcfdd8f68c02e341dda256db0902efa6f71f:151:17	results/064.json.gz
64	std::iterator_traits	8	DEPENDENT_OR_LOCAL_NAMES: T,iterator	64:cdb74f94a81d8b4d8ffe984bf0f0f363084eb7daf0a5b24fb92a03736f811850:1601:20	results/064.json.gz
64	std::iterator_traits	3	DEPENDENT_OR_LOCAL_NAMES: iter_type	64:8a609d9074b1f4a1682aabfedffffc68ca55394eb782752c528ff641f9bdc51b:68:13	results/064.json.gz
64	std::iterator_traits	26	DEPENDENT_OR_LOCAL_NAMES: FwdIt	64:f54ad7f7d12a34b94ae787515eb6778bcb8bbffbb8bd33f72e9a2183640280e5:42:9	results/064.json.gz
64	std::iterator_traits	5	DEPENDENT_OR_LOCAL_NAMES: iter	64:2fbb1e3aa64a64d28d6696a6174038818e7480e4e5b175de21182eaca8dfc965:143:18	results/064.json.gz
64	std::iterator_traits	1	DEPENDENT_OR_LOCAL_NAMES: const_iter	64:2fbb1e3aa64a64d28d6696a6174038818e7480e4e5b175de21182eaca8dfc965:147:18	results/064.json.gz
64	std::iterator_traits	2	DEPENDENT_OR_LOCAL_NAMES: HostIterator	64:980bbefc342bc9f55204b624191cf21ee124b5e015ee59bdb4eac6a1942f3903:82:22	results/064.json.gz
64	std::iterator_traits	19	DEPENDENT_OR_LOCAL_NAMES: OutputIterator	64:980bbefc342bc9f55204b624191cf21ee124b5e015ee59bdb4eac6a1942f3903:415:22	results/064.json.gz
64	std::iterator_traits	10	DEPENDENT_OR_LOCAL_NAMES: DeviceIterator	64:b73e61578990ba6636c015934e595a2c9d4009f48900892144b6f23b0476c896:35:9	results/064.json.gz
64	std::iterator_traits	17	DEPENDENT_OR_LOCAL_NAMES: KeyIterator	64:a2093075546521c7c7fd0750f93a6f8bcff374069006eacf04df7b811ce24c9c:93:22	results/064.json.gz
64	std::iterator_traits	6	DEPENDENT_OR_LOCAL_NAMES: ValueIterator	64:a2093075546521c7c7fd0750f93a6f8bcff374069006eacf04df7b811ce24c9c:94:22	results/064.json.gz
64	std::iterator_traits	1	DEPENDENT_OR_LOCAL_NAMES: OutputKeyIterator	64:402631a59378e602f54c1f1c86b9aae752fa815dfedea0588c085f2943ded207:78:9	results/064.json.gz
64	std::iterator_traits	6	DEPENDENT_OR_LOCAL_NAMES: OutputValueIterator	64:402631a59378e602f54c1f1c86b9aae752fa815dfedea0588c085f2943ded207:80:9	results/064.json.gz
64	std::iterator_traits	6	DEPENDENT_OR_LOCAL_NAMES: InputKeyIterator	64:7b6efa418f02ffefe0f1db882c51593452466a66d69542d2a1b612499861b6ea:61:9	results/064.json.gz
64	std::iterator_traits	4	DEPENDENT_OR_LOCAL_NAMES: InputValueIterator	64:7b6efa418f02ffefe0f1db882c51593452466a66d69542d2a1b612499861b6ea:442:9	results/064.json.gz
64	std::iterator_traits	2	DEPENDENT_OR_LOCAL_NAMES: BufferIterator	64:9a077be1de1ac487f5d9e4516f56d193553180f0c8414a7f5493c2560a0750f6:111:22	results/064.json.gz
64	std::iterator_traits	1	DEPENDENT_OR_LOCAL_NAMES: StencilIterator	64:26a742a49f04c8de27906a6f9ce520018828fcd26cd058a35cd65dd409da0eaa:123:22	results/064.json.gz
64	std::iterator_traits	1	DEPENDENT_OR_LOCAL_NAMES: TextIterator	64:62df7461256493debee72eb4b33e8cfacb58c8f499e9c7ab488a9f17b684b1b5:38:22	results/064.json.gz
64	std::iterator_traits	1	DEPENDENT_OR_LOCAL_NAMES: Iterator1	64:785b7f9c8c740bdd5e1f22025701fb823ad9b629e6b2a6e4bea28340b3223880:38:22	results/064.json.gz
64	std::iterator_traits	4	DEPENDENT_OR_LOCAL_NAMES: PointIterator	64:cf73a54adc3b8d4984c8ec892933b4fb3395adff835cda2ddf2a2039dc348520:37:22	results/064.json.gz
64	std::iterator_traits	5	DEPENDENT_OR_LOCAL_NAMES: ElementIterator	64:23c397912ac4a55ca932bf29faeddc5d5c04c4e4be5811216ffcfcaf0cbae01d:52:22	results/064.json.gz
64	std::iterator_traits	8	DEPENDENT_OR_LOCAL_NAMES: TT	64:e39e14057eee2077154d97e908a18fad9534b5635fb0da260c41249df9723935:506:24	results/064.json.gz
64	std::iterator_traits	31	DEPENDENT_OR_LOCAL_NAMES: It	64:150df7812e34db9fb5b2e900d2661b05ca175634783b80bbcfc736778aed21dc:47:28	results/064.json.gz
64	std::iterator_traits	1	DEPENDENT_OR_LOCAL_NAMES: T,const_iterator	64:602a4986a848874af9329ba3f843285730f486cbbdffc10dc0b0ed35c7e796a0:53:50	results/064.json.gz
64	std::iterator_traits	1	DEPENDENT_OR_LOCAL_NAMES: charT,iterator	64:7c5889958e875401bb8f8fefa00538c0c535be37b369aaa01d180aeaea2945fa:327:24	results/064.json.gz
64	std::iterator_traits	10	DEPENDENT_OR_LOCAL_NAMES: iterator_type	64:206227462b387800235a04fd0e4c8b4397dcfa2971bf969f3bfa1930fb339873:88:22	results/064.json.gz
64	std::iterator_traits	6	DEPENDENT_OR_LOCAL_NAMES: ForwardIter	64:44ac8fedafd76633897777398dcecb7ec7e02615c04a536e1f5a06a81422c622:40:13	results/064.json.gz
64	std::iterator_traits	4	NO_TEMPLATE_ARGUMENT_LIST	64:12960df43b4b51d6f9cb75fa99832274a10cd1e2e6731574b17edf760adcef0a:26:7	results/064.json.gz
64	std::iterator_traits	46	DEPENDENT_OR_LOCAL_NAMES: T	64:12960df43b4b51d6f9cb75fa99832274a10cd1e2e6731574b17edf760adcef0a:33:17	results/064.json.gz
64	std::iterator_traits	1	DEPENDENT_OR_LOCAL_NAMES: BlockInputIterator	64:1bd0c77a6443e1e1d07084fc2f5505f98a162500f5a79d3fb1d3c1779ff05faa:270:22	results/064.json.gz
64	std::iterator_traits	3	DEPENDENT_OR_LOCAL_NAMES: RangeIterator	64:63f42eef7f60104ef309eda40f981c1bcfd2f98529ace22bfe1186340b9105fb:60:26	results/064.json.gz
64	std::iterator_traits	2	DEPENDENT_OR_LOCAL_NAMES: QueryRangeIterator	64:c12a72f18cd2a5890e29d3b55817cd90778dd0417a37b41df4dec92c98e4921b:93:30	results/064.json.gz
64	std::iterator_traits	3	DEPENDENT_OR_LOCAL_NAMES: RTreeRangeIterator	64:c12a72f18cd2a5890e29d3b55817cd90778dd0417a37b41df4dec92c98e4921b:119:26	results/064.json.gz
64	std::iterator_traits	4	DEPENDENT_OR_LOCAL_NAMES: iterator_type,selector_type	64:247cb1fd120445e50dc531556efed95c5af43f15f9bbeff905ed2de7e946dff4:296:26	results/064.json.gz
64	std::iterator_traits	2	DEPENDENT_OR_LOCAL_NAMES: PointOrSegmentIterator	64:758bd037ba6138f8d7875e02b2e7c6931566c2630b08e3d530074b4296dc683d:56:26	results/064.json.gz
64	std::iterator_traits	1	DEPENDENT_OR_LOCAL_NAMES: segment_iterator_type	64:fb12d9dc5d0efab1ec6b58cabca0b66dac7c4d04b2ffccae713c2f9f5b91cfcf:264:30	results/064.json.gz
64	std::iterator_traits	1	DEPENDENT_OR_LOCAL_NAMES: TurnIterator	64:ac3bbc3fae9cd481beed7454763be898f0dc197ecc1117dc676cecc513c4fc0b:400:30	results/064.json.gz
64	std::iterator_traits	2	DEPENDENT_OR_LOCAL_NAMES: FwdIter	64:df80cef9a12d7b15014fae13441b7c7809a5b367eb9ec7d8cf78e294843e4f8b:87:22	results/064.json.gz
64	std::iterator_traits	3	DEPENDENT_OR_LOCAL_NAMES: InIt	64:a33ebf12857d984226d75e0373e6f63e6c355b4a86aa10664a741f1d62d3d4e2:195:26	results/064.json.gz
64	std::iterator_traits	1	DEPENDENT_OR_LOCAL_NAMES: O	64:9ee56e75b425540b2aa84efc59e2c3902bf85efaa543ae32424b50352f2b4332:280:26	results/064.json.gz
64	std::iterator_traits	1	DEPENDENT_OR_LOCAL_NAMES: Geometry,geometry,point_iterator	64:3a11ed8904d3c0409638d8f8ffb86143f662c03a8a891c57b7fd6189452904f8:31:22	results/064.json.gz
64	std::iterator_traits	2	DEPENDENT_OR_LOCAL_NAMES: inner_iterator_type	64:d127eefa4d085a425a107a563b75c415464eaa2700ad466b70d8f50932cb0395:307:22	results/064.json.gz
64	std::iterator_traits	1	DEPENDENT_OR_LOCAL_NAMES: IC1	64:617649eb406d826d4b23f97e917511f7ae2019f1baf764dee18095061f2b7ba1:180:86	results/064.json.gz
64	std::iterator_traits	1	DEPENDENT_OR_LOCAL_NAMES: IC2	64:617649eb406d826d4b23f97e917511f7ae2019f1baf764dee18095061f2b7ba1:180:133	results/064.json.gz
64	std::iterator_traits	12	DEPENDENT_OR_LOCAL_NAMES: I	64:617649eb406d826d4b23f97e917511f7ae2019f1baf764dee18095061f2b7ba1:192:55	results/064.json.gz
64	std::iterator_traits	1	DEPENDENT_OR_LOCAL_NAMES: IL,iterator_from_2d	64:617649eb406d826d4b23f97e917511f7ae2019f1baf764dee18095061f2b7ba1:198:29	results/064.json.gz
64	std::iterator_traits	1	DEPENDENT_OR_LOCAL_NAMES: It1	64:617649eb406d826d4b23f97e917511f7ae2019f1baf764dee18095061f2b7ba1:777:34	results/064.json.gz
64	std::iterator_traits	4	DEPENDENT_OR_LOCAL_NAMES: IC	64:617649eb406d826d4b23f97e917511f7ae2019f1baf764dee18095061f2b7ba1:986:66	results/064.json.gz
64	std::iterator_traits	3	DEPENDENT_OR_LOCAL_NAMES: SrcIterator	64:617649eb406d826d4b23f97e917511f7ae2019f1baf764dee18095061f2b7ba1:1215:43	results/064.json.gz
64	std::iterator_traits	3	DEPENDENT_OR_LOCAL_NAMES: DstIterator	64:617649eb406d826d4b23f97e917511f7ae2019f1baf764dee18095061f2b7ba1:1216:43	results/064.json.gz
64	std::iterator_traits	2	DEPENDENT_OR_LOCAL_NAMES: KernelIterator	64:617649eb406d826d4b23f97e917511f7ae2019f1baf764dee18095061f2b7ba1:1318:37	results/064.json.gz
64	std::iterator_traits	2	DEPENDENT_OR_LOCAL_NAMES: first_it_type	64:b86e352f9c54a9ad2b5b3437a831884d239fb50a2ae74080e2baabc21100af7e:139:26	results/064.json.gz
64	std::iterator_traits	2	DEPENDENT_OR_LOCAL_NAMES: last_it_type	64:b86e352f9c54a9ad2b5b3437a831884d239fb50a2ae74080e2baabc21100af7e:144:26	results/064.json.gz
64	std::iterator_traits	6	DEPENDENT_OR_LOCAL_NAMES: iterator	64:efe63c5a5703c602aae734df0128faa139b5f02ec8617ae1f5261bda6eeb8725:73:30	results/064.json.gz
64	std::iterator_traits	3	DEPENDENT_OR_LOCAL_NAMES: InIterator	64:641eefdb1c2207cc6924b35489e331520ac954ed9bdaed01140ae3118bca4e9a:35:30	results/064.json.gz
64	std::iterator_traits	3	DEPENDENT_OR_LOCAL_NAMES: OutIterator	64:641eefdb1c2207cc6924b35489e331520ac954ed9bdaed01140ae3118bca4e9a:36:30	results/064.json.gz
64	std::iterator_traits	3	DEPENDENT_OR_LOCAL_NAMES: x_iterator	64:ae7ee464c4df53c406f8fba12ad1f1c1e242387f8612a848e8d92669c5109a32:116:33	results/064.json.gz
64	std::iterator_traits	1	DEPENDENT_OR_LOCAL_NAMES: DFn,Iterator,dereference_iterator_adaptor	64:8c7ca8b3c4d9931dfc52d2015ca510c230be353cceb6f5862924d624d0818999:159:17	results/064.json.gz
64	std::iterator_traits	7	DEPENDENT_OR_LOCAL_NAMES: ChannelPtr	64:13048bf20c825640bc925d24319149a9891d89ead9cb76ba4a6482920f188f59:48:24	results/064.json.gz
64	std::iterator_traits	3	DEPENDENT_OR_LOCAL_NAMES: InputIter	64:07bb4e9b2544e8b8035cff0c908d0ab1762a95befbb1e8602f4230115c33d915:198:50	results/064.json.gz
64	std::iterator_traits	2	DEPENDENT_OR_LOCAL_NAMES: OutEdgeIter	64:c85f78c6bc2660188ca8cb51c4a42620a0763f8075e3691593635c46ea75ec62:48:18	results/064.json.gz
64	std::iterator_traits	1	DEPENDENT_OR_LOCAL_NAMES: InEdgeIter	64:c85f78c6bc2660188ca8cb51c4a42620a0763f8075e3691593635c46ea75ec62:84:18	results/064.json.gz
64	std::iterator_traits	4	DEPENDENT_OR_LOCAL_NAMES: EdgeIter	64:8d5be5048625d2a933e3e46aa55408abdfecec33eb8a63ad025e98aefec65a4e:2407:21	results/064.json.gz
64	std::iterator_traits	42	DEPENDENT_OR_LOCAL_NAMES: Iter	64:6843a5d6d2d3dbb06a806c2c01b621548d0b356fbdf8edf52cd681f3d0c1df2f:652:26	results/064.json.gz
64	std::iterator_traits	5	DEPENDENT_OR_LOCAL_NAMES: RowstartIterator	64:c859749e1a1ba9ad9d2211669bea86e18a1eb1e140a4e997dde62dc2d16088a5:59:26	results/064.json.gz
64	std::iterator_traits	8	DEPENDENT_OR_LOCAL_NAMES: IndexRandomAccessIterator	64:8838ad4b478104dc29452734600fac87c8581ec6a7a35d6acbf76b0fe61bbd3a:30:20	results/064.json.gz
64	std::iterator_traits	3	DEPENDENT_OR_LOCAL_NAMES: Iter1	64:ac11ad595acf5cc0fe117e16dc7f52123f685a233bb9cdfa122ce9fd7c419620:24:22	results/064.json.gz
64	std::iterator_traits	1	DEPENDENT_OR_LOCAL_NAMES: RandIterP	64:ac11ad595acf5cc0fe117e16dc7f52123f685a233bb9cdfa122ce9fd7c419620:43:14	results/064.json.gz
64	std::iterator_traits	1	DEPENDENT_OR_LOCAL_NAMES: PermIter	64:ac11ad595acf5cc0fe117e16dc7f52123f685a233bb9cdfa122ce9fd7c419620:96:22	results/064.json.gz
64	std::iterator_traits	1	DEPENDENT_OR_LOCAL_NAMES: Iter2	64:ac11ad595acf5cc0fe117e16dc7f52123f685a233bb9cdfa122ce9fd7c419620:134:22	results/064.json.gz
64	std::iterator_traits	6	DEPENDENT_OR_LOCAL_NAMES: IterP	64:ac11ad595acf5cc0fe117e16dc7f52123f685a233bb9cdfa122ce9fd7c419620:166:22	results/064.json.gz
64	std::iterator_traits	3	DEPENDENT_OR_LOCAL_NAMES: IterA	64:8eb2fd872341a6e1dabb044eb3df0fce6f87ca89d193221339d85d4bb3c0b2c9:138:22	results/064.json.gz
64	std::iterator_traits	2	DEPENDENT_OR_LOCAL_NAMES: IterB	64:8eb2fd872341a6e1dabb044eb3df0fce6f87ca89d193221339d85d4bb3c0b2c9:139:22	results/064.json.gz
64	std::iterator_traits	1	DEPENDENT_OR_LOCAL_NAMES: base_out_edge_iterator	64:562617c1ba8975d49704e9269915b94064bdead44210e41dd27795a39bd881aa:1427:24	results/064.json.gz
64	std::iterator_traits	1	DEPENDENT_OR_LOCAL_NAMES: EdgePropertyIterator	64:df125c829816aafed6562707e9a0e9214e9ad07d5f3ccde09c170005d1d9838b:78:20	results/064.json.gz
64	std::iterator_traits	1	DEPENDENT_OR_LOCAL_NAMES: IndexIterator	64:73703881e3ed5d67482109e6dc8225a0d47f64162a8a5fe00ea258f7eced834f:780:37	results/064.json.gz
64	std::iterator_traits	2	DEPENDENT_OR_LOCAL_NAMES: ParentIterator	64:785d2704a97354bc7d5956f264591b286ca6d68ea78d5999b50981f64c639789:72:10	results/064.json.gz
64	std::iterator_traits	1	DEPENDENT_OR_LOCAL_NAMES: VertexIterator	64:2d345b02abee0e9629c915ab5193fc6d425be0b7812eb780221df9e1f7768e83:37:26	results/064.json.gz
64	std::iterator_traits	1	DEPENDENT_OR_LOCAL_NAMES: EdgeIterator	64:2d345b02abee0e9629c915ab5193fc6d425be0b7812eb780221df9e1f7768e83:41:26	results/064.json.gz
64	std::iterator_traits	2	DEPENDENT_OR_LOCAL_NAMES: value_iterator	64:ef851f840f05c8159d09035e02c876ecdc2df7c657483b38778b3a9980cfbb17:62:36	results/064.json.gz
64	std::iterator_traits	1	DEPENDENT_OR_LOCAL_NAMES: begin,s	64:a0b32ff5c104c2f67ad09de5c86502f55729e9337df9a41619c2d76c388f952e:442:24	results/064.json.gz
64	std::iterator_traits	1	DEPENDENT_OR_LOCAL_NAMES: Iterator2	64:fa3e93ac7b8b61a9a733c94fbf2d983f445aad09a72950e5501d5e9b9ef41c55:222:18	results/064.json.gz
64	std::iterator_traits	14	DEPENDENT_OR_LOCAL_NAMES: InputIt	64:1209875661a1bfde017219bae20ea09c00a575a45a05e1457a3ca549fd9418df:314:26	results/064.json.gz
64	std::iterator_traits	2	DEPENDENT_OR_LOCAL_NAMES: T,iterator_type	64:46b131cace24091671038e5963cad4059029a48b648fbcc36b0711c0c198fb8e:44:25	results/064.json.gz
64	std::iterator_traits	17	限定名还有外层命名空间；不是已确认的全局 std	64:c15bcd490ea1ce64f822557ecdff72288ac7e2657c39cafc79a3c80f5518da4a:152:24	results/064.json.gz
64	std::iterator_traits	13	DEPENDENT_OR_LOCAL_NAMES: IteratorType	64:535cf7c1c543aa321a80caa2c8b8d01df4342232ddc3f15c1eae22bc66e057ae:53:51	results/064.json.gz
64	std::iterator_traits	1	DEPENDENT_OR_LOCAL_NAMES: base_iterator	64:535cf7c1c543aa321a80caa2c8b8d01df4342232ddc3f15c1eae22bc66e057ae:104:30	results/064.json.gz
64	std::iterator_traits	1	DEPENDENT_OR_LOCAL_NAMES: left_iterator	64:31d3acff09022ae682d3c0f83bf0376f4125f903464d078e16ff42ce9fbaa0fa:28:30	results/064.json.gz
64	std::iterator_traits	2	DEPENDENT_OR_LOCAL_NAMES: RealType	64:37722ce51c9bb284b369bac3d2c187af062af0e349a023d790dd797af3bef478:400:26	results/064.json.gz
64	std::iterator_traits	1	DEPENDENT_OR_LOCAL_NAMES: Event,FSM,Param1,STATE,get_result_type2	64:20ad51a3b3a27a663fc318505a8b79844a5ac81098d99364698ec0ff63e3367e:2435:60	results/064.json.gz
64	std::iterator_traits	1	DEPENDENT_OR_LOCAL_NAMES: EVT,FSM,Param1,SourceState,TargetState,get_result_type	64:20ad51a3b3a27a663fc318505a8b79844a5ac81098d99364698ec0ff63e3367e:2436:59	results/064.json.gz
64	std::iterator_traits	1	DEPENDENT_OR_LOCAL_NAMES: Event,FSM,STATE,T,boost,get_result_type2,remove_reference	64:9d9be0e8f6d24a157cc521c579ecb661c5882a780e501fd888d74f26271c11f8:457:30	results/064.json.gz
64	std::iterator_traits	1	DEPENDENT_OR_LOCAL_NAMES: EVT,FSM,SourceState,T,TargetState,boost,get_result_type,remove_reference	64:9d9be0e8f6d24a157cc521c579ecb661c5882a780e501fd888d74f26271c11f8:465:30	results/064.json.gz
64	std::iterator_traits	2	DEPENDENT_OR_LOCAL_NAMES: local_iterator_left_type	64:941e6d32e6d47b6547948016889a1587ab61c557f8c558d0b783458f044fd18e:2565:63	results/064.json.gz
64	std::iterator_traits	2	DEPENDENT_OR_LOCAL_NAMES: local_iterator_right_type	64:941e6d32e6d47b6547948016889a1587ab61c557f8c558d0b783458f044fd18e:2567:63	results/064.json.gz
64	std::iterator_traits	1	DEPENDENT_OR_LOCAL_NAMES: C,const_iterator	64:4219605c62b0af6b62918f9974e3f8f52c7f9a5a03d57e2a815557c2ef6fcc9b:28:66	results/064.json.gz
64	std::iterator_traits	6	DEPENDENT_OR_LOCAL_NAMES: subiterator_type	64:1c8a118c93c1e72967650f60b4dd5f874524fcabd5584ab0d864b804da117652:3078:22	results/064.json.gz
64	std::iterator_traits	2	DEPENDENT_OR_LOCAL_NAMES: LocalIterator	64:b071ae290d96e3e88e9403ff29a6a0806835bf44246122d24168befbd0516436:259:18	results/064.json.gz
64	std::iterator_traits	9	DEPENDENT_OR_LOCAL_NAMES: BaseIterator	64:661bb6c7350fa54723a1e91a1d1af9890d2ea4424eb8255e35ac4fc0d5ad731d:211:12	results/064.json.gz
64	std::iterator_traits	4	DEPENDENT_OR_LOCAL_NAMES: iT	64:25bb6a0efde0e17c8630f7661f5eb45fa2db03ec9bd7f47366bd499b148d5e9b:1459:22	results/064.json.gz
64	std::iterator_traits	1	DEPENDENT_OR_LOCAL_NAMES: iterator,output_container_type	64:4c4d55370c970f88b5c3989e27e542edbc130b398e2d9d93b870f62fcf4821fd:106:38	results/064.json.gz
64	std::iterator_traits	8	DEPENDENT_OR_LOCAL_NAMES: iterator_type,polygon_traits,polygon_type	64:fd43cc253b6ae7b7f653fe676ded7a7175e27a6c57c1d849a9f7cfc90f673e7e:605:26	results/064.json.gz
64	std::iterator_traits	6	DEPENDENT_OR_LOCAL_NAMES: SegmentIterator	64:65cb3166cda0452d8af65681f066f76dbceae639b02d47f0644c84292ef6a3f6:30:20	results/064.json.gz
64	std::iterator_traits	8	DEPENDENT_OR_LOCAL_NAMES: RAIter	64:372c8755cd330b4ac16888a73e9fa779194e1c8c98f2f71e2fc43512b88ad503:351:14	results/064.json.gz
64	std::iterator_traits	1	DEPENDENT_OR_LOCAL_NAMES: s_iter	64:e9a8c2f982bb07aa4188668b20bcce9a4f425bef65842e2130986fdc3e7edcc6:149:30	results/064.json.gz
64	std::iterator_traits	1	DEPENDENT_OR_LOCAL_NAMES: InputIter1,boost,remove_const,remove_reference	64:7994c6fa7902744cd09f51b6d5ca68b041f744d3390c8e258cc1140ad8eefbf6:46:26	results/064.json.gz
64	std::iterator_traits	2	DEPENDENT_OR_LOCAL_NAMES: SinglePassTraversalReadableIterator1	64:ca5ca61b8a67587e53265fe6d4e0ae679500820950766e0a64c2a564f97dd798:138:36	results/064.json.gz
64	std::iterator_traits	2	DEPENDENT_OR_LOCAL_NAMES: SinglePassTraversalReadableIterator2	64:ca5ca61b8a67587e53265fe6d4e0ae679500820950766e0a64c2a564f97dd798:139:36	results/064.json.gz
64	std::iterator_traits	2	DEPENDENT_OR_LOCAL_NAMES: any_iterator_type	64:e74b1b480815a80c9943a705119498ba116456f7fa3a12ca8e07aa9e58504a11:153:30	results/064.json.gz
64	std::iterator_traits	2	DEPENDENT_OR_LOCAL_NAMES: element_type	64:4f4b71853e6d56f6c3589edb6b21612c59a682b6941b58bb21197dc1ff2a6a29:125:21	results/064.json.gz
64	std::iterator_traits	6	DEPENDENT_OR_LOCAL_NAMES: BidiIterator	64:4863f99b0f0226397cc9b0cca387c2316d49bcaf8ea9ed8afbdeaf5adda2f68e:51:21	results/064.json.gz
64	std::iterator_traits	6	DEPENDENT_OR_LOCAL_NAMES: Iter_t	64:b46708dd45fa79f63edbedb41ea7a0b4f214befec371c9745fba6aae70086b4c:55:22	results/064.json.gz
64	std::iterator_traits	23	DEPENDENT_OR_LOCAL_NAMES: RandomAccessIter	64:063cd7c7cbb9aeec54a247812359f9dce96b9329193c4e3cfc7de93ecc194858:39:24	results/064.json.gz
64	std::iterator_traits	8	DEPENDENT_OR_LOCAL_NAMES: IteratorT	64:e35d35d94d4b127f5f00a1e5559f76f6643b40456ec86b34a66d572d731325ac:221:26	results/064.json.gz
64	std::iterator_traits	1	DEPENDENT_OR_LOCAL_NAMES: ForwardIterT	64:15f1319e7b9ca5e50489eeda1a9d8014869c65ebdb71916d7ba62124ad5bb772:117:13	results/064.json.gz
64	std::iterator_traits	5	DEPENDENT_OR_LOCAL_NAMES: InputT	64:1a0db2f0f6069bdc54a894bf500a662d132294cde6ca18ca789836a944b4c3ae:493:22	results/064.json.gz
64	std::iterator_traits	1	DEPENDENT_OR_LOCAL_NAMES: iterator_t	64:799ab5673c9e0008165de73dc57e121ffb5b6c1fab9b49c80ed874e6c69ba3bc:78:22	results/064.json.gz
64	std::iterator_traits	11	DEPENDENT_OR_LOCAL_NAMES: BidiIter	64:82f8ed70aadb527a0fc619b5e0520fc8a1c2c244249982e92142ebf5227b2681:72:24	results/064.json.gz
64	std::iterator_traits	1	DEPENDENT_OR_LOCAL_NAMES: RandomIt	64:9d8bf31c7ecf62e8d8725376b839c5b1ca589d8f73694c4e46754eb94a68cabe:446:22	results/064.json.gz
64	std::iterator_traits	2	DEPENDENT_OR_LOCAL_NAMES: CharIterator	64:f90e7e71284e424ffaacf69c934b438b9d777fc0d03c1271b1a5e33bcbc02a7b:59:26	results/064.json.gz
64	std::iterator_traits	4	DEPENDENT_OR_LOCAL_NAMES: FwdIterator	64:4a0fd0cae3b7de38e86aa9fe650ab3aea0d7b5f4cacdf603165e130b850b0835:1864:26	results/064.json.gz
64	std::iterator_traits	2	DEPENDENT_OR_LOCAL_NAMES: DeclContext,decl_iterator	64:b0052164016f618e2de900ea0321c2d406af6e9de1250502671c6036f563637d:2427:9	results/064.json.gz
64	std::iterator_traits	1	DEPENDENT_OR_LOCAL_NAMES: EntryType,FoldingSetVector,iterator,llvm	64:ce84b1c28913d3edad5381662b5ad408b0707f5e5e917611cf8e589ee52ffece:751:22	results/064.json.gz
64	std::iterator_traits	1	DEPENDENT_OR_LOCAL_NAMES: UnderlayingIteratorTy	64:4810864c46140ebec0699a5a244c506dc8136cb157ded60c6dfd007d44afea62:721:37	results/064.json.gz
64	std::iterator_traits	1	DEPENDENT_OR_LOCAL_NAMES: __local_iter_t	64:86394c14f7d88a93272fdf721ae18697c2f0bf1292a2256ac1cd9e181735a8e8:39:35	results/064.json.gz
64	std::iterator_traits	58	DEPENDENT_OR_LOCAL_NAMES: _RandomAccessIterator	64:b644503828e13c3c90b5d343684eb993add9330762c5a7957001876be653e014:358:20	results/064.json.gz
64	std::iterator_traits	32	DEPENDENT_OR_LOCAL_NAMES: _RandomAccessIterator1	64:646d6d6d9da34dea7bf8e83be5b50cbdc2b74f04195b75f6320420c100335021:91:36	results/064.json.gz
64	std::iterator_traits	17	DEPENDENT_OR_LOCAL_NAMES: _RandomAccessIterator2	64:646d6d6d9da34dea7bf8e83be5b50cbdc2b74f04195b75f6320420c100335021:258:55	results/064.json.gz
64	std::iterator_traits	5	DEPENDENT_OR_LOCAL_NAMES: _Index	64:1dbbd82934caaa75d76c4d53f2f0213335f0bd9b00340dfe8a8d799d00855711:41:20	results/064.json.gz
64	std::iterator_traits	19	DEPENDENT_OR_LOCAL_NAMES: _Tp	64:1df5dba853629a2ca45e63c91dbc0ef7633dc5f64dd37b4f49b82583490d169b:462:24	results/064.json.gz
64	std::iterator_traits	6	DEPENDENT_OR_LOCAL_NAMES: _Iter	64:dec7bed484726c8199d01c1a00542a4746402c662c8fe064de0396d422ab8276:91:36	results/064.json.gz
64	std::iterator_traits	3	DEPENDENT_OR_LOCAL_NAMES: _InputIterator	64:dec7bed484726c8199d01c1a00542a4746402c662c8fe064de0396d422ab8276:263:13	results/064.json.gz
64	std::iterator_traits	15	DEPENDENT_OR_LOCAL_NAMES: _Iterator	64:cd5ceb961c9d867ac9968ed3174b487dab215aab6cd95c77a3ba2b0255a8df32:68:21	results/064.json.gz
64	std::iterator_traits	1	DEPENDENT_OR_LOCAL_NAMES: _Bi_iter	64:35b29deb1517024bca174c80ae36bd1b889e56e7f1eb557cc79950d6ea5dd7f6:1771:15	results/064.json.gz
64	std::iterator_traits	1	DEPENDENT_OR_LOCAL_NAMES: _RandomAccessIter	64:e43393c10d3f7de968db3893cb867ae55455b524c6fd44c60a15ec482454f499:189:24	results/064.json.gz
64	std::iterator_traits	1	DEPENDENT_OR_LOCAL_NAMES: _PopulationIterator	64:e43393c10d3f7de968db3893cb867ae55455b524c6fd44c60a15ec482454f499:5830:2	results/064.json.gz
64	std::iterator_traits	1	DEPENDENT_OR_LOCAL_NAMES: _SampleIterator	64:e43393c10d3f7de968db3893cb867ae55455b524c6fd44c60a15ec482454f499:5832:2	results/064.json.gz
64	std::iterator_traits	1	DEPENDENT_OR_LOCAL_NAMES: _Pointer	64:0522cad180b30cb108f089d470858bd5ac35ec417d3d528d57d7357793d848fe:252:24	results/064.json.gz
64	std::iterator_traits	2	DEPENDENT_OR_LOCAL_NAMES: _InputIterator1	64:0cfadc62a39f5c049f8cb74f4d8b3b22e01417fec16b4e36cac8666519f65f8d:317:24	results/064.json.gz
64	std::iterator_traits	2	DEPENDENT_OR_LOCAL_NAMES: _InputIterator2	64:0cfadc62a39f5c049f8cb74f4d8b3b22e01417fec16b4e36cac8666519f65f8d:319:24	results/064.json.gz
64	std::iterator_traits	6	DEPENDENT_OR_LOCAL_NAMES: _It	64:0cfadc62a39f5c049f8cb74f4d8b3b22e01417fec16b4e36cac8666519f65f8d:423:23	results/064.json.gz
64	std::iterator_traits	2	DEPENDENT_OR_LOCAL_NAMES: it_type	64:260bcffe748dc0808e01c63124342968c528447d3ab97fdcce9a27ec98a2313a:57:19	results/064.json.gz
64	std::iterator_traits	2	DEPENDENT_OR_LOCAL_NAMES: _InIterator	64:9823236f89c8b9ae9e98e6d86aa4846bc954655062b93194eea0fc52b759acba:236:21	results/064.json.gz
64	std::iterator_traits	14	DEPENDENT_OR_LOCAL_NAMES: _IIter	64:c5c56a913d26e3257f9e68b4dc9bf8c49887df5a6310b221feca55d60cfaaf76:282:24	results/064.json.gz
64	std::iterator_traits	1	DEPENDENT_OR_LOCAL_NAMES: _FIterator	64:c5c56a913d26e3257f9e68b4dc9bf8c49887df5a6310b221feca55d60cfaaf76:283:24	results/064.json.gz
64	std::iterator_traits	8	DEPENDENT_OR_LOCAL_NAMES: _IIter1	64:c5c56a913d26e3257f9e68b4dc9bf8c49887df5a6310b221feca55d60cfaaf76:417:24	results/064.json.gz
64	std::iterator_traits	8	DEPENDENT_OR_LOCAL_NAMES: _IIter2	64:c5c56a913d26e3257f9e68b4dc9bf8c49887df5a6310b221feca55d60cfaaf76:418:24	results/064.json.gz
64	std::iterator_traits	19	DEPENDENT_OR_LOCAL_NAMES: _RAIter1	64:c5c56a913d26e3257f9e68b4dc9bf8c49887df5a6310b221feca55d60cfaaf76:963:24	results/064.json.gz
64	std::iterator_traits	2	DEPENDENT_OR_LOCAL_NAMES: _RAIter2	64:c5c56a913d26e3257f9e68b4dc9bf8c49887df5a6310b221feca55d60cfaaf76:964:24	results/064.json.gz
64	std::iterator_traits	40	DEPENDENT_OR_LOCAL_NAMES: _RAIter	64:c5c56a913d26e3257f9e68b4dc9bf8c49887df5a6310b221feca55d60cfaaf76:1553:21	results/064.json.gz
64	std::iterator_traits	2	DEPENDENT_OR_LOCAL_NAMES: _Iterator1	64:d34bc39e6a061296c8d0df4370d17fe624df8449b2bc9fb10eb62497d3363b0f:54:15	results/064.json.gz
64	std::iterator_traits	1	DEPENDENT_OR_LOCAL_NAMES: _RAIter3	64:52fe9e707088939b5ebfba62de12e6b9ea312f48c1d09a9a699180325b64dc9d:233:24	results/064.json.gz
64	std::iterator_traits	1	DEPENDENT_OR_LOCAL_NAMES: _RanSeqs,first_type	64:d628e9a30e68caf21ad8f39620977729868cf5e4186c02257c081a41085c46c2:126:33	results/064.json.gz
64	std::iterator_traits	5	DEPENDENT_OR_LOCAL_NAMES: _RanSeqs	64:d628e9a30e68caf21ad8f39620977729868cf5e4186c02257c081a41085c46c2:127:24	results/064.json.gz
64	std::iterator_traits	23	DEPENDENT_OR_LOCAL_NAMES: _RAIterIterator	64:5d7407173d1e89dd5759902979251480a5772d888a0b37868300bac852eade03:250:24	results/064.json.gz
64	std::iterator_traits	5	DEPENDENT_OR_LOCAL_NAMES: _RAIterIterator,first_type	64:5d7407173d1e89dd5759902979251480a5772d888a0b37868300bac852eade03:577:23	results/064.json.gz
64	std::iterator_traits	8	DEPENDENT_OR_LOCAL_NAMES: _RAIterPairIterator	64:5d7407173d1e89dd5759902979251480a5772d888a0b37868300bac852eade03:1470:14	results/064.json.gz
64	std::iterator_traits	1	DEPENDENT_OR_LOCAL_NAMES: __RAIter1	64:9b679f1400a7051a34f94c2a5f909e15bff09a78565a4ef579a10f1a6716387b:85:15	results/064.json.gz
64	std::iterator_traits	35	DEPENDENT_OR_LOCAL_NAMES: _ForwardIterator	64:96748361d59aeba6ffe6848f6e7cb411c40f4c3ce6f55b494bcc59cc7fbcc42c:467:10	results/064.json.gz
64	std::iterator_traits	17	DEPENDENT_OR_LOCAL_NAMES: _ForwardIterator1	64:ce1eade7ac594b4d9ded93d6ad8bec436fe44e117f1865c9c380dcd54c8e2c86:2904:22	results/064.json.gz
64	std::iterator_traits	22	DEPENDENT_OR_LOCAL_NAMES: _OutputIterator	64:ce1eade7ac594b4d9ded93d6ad8bec436fe44e117f1865c9c380dcd54c8e2c86:2905:22	results/064.json.gz
64	std::iterator_traits	3	DEPENDENT_OR_LOCAL_NAMES: _RandomAccessIterator3	64:ce1eade7ac594b4d9ded93d6ad8bec436fe44e117f1865c9c380dcd54c8e2c86:3224:22	results/064.json.gz
64	std::iterator_traits	1	DEPENDENT_OR_LOCAL_NAMES: _IteratorTypes	64:a2851ceacc73de3784a5881830b743de0c639394443b25e2aaa90bdae31c2f91:25:44	results/064.json.gz
64	std::iterator_traits	5	DEPENDENT_OR_LOCAL_NAMES: _BidirectionalIterator	64:cefe2d346678286c7271ff16ab9493808b651dcef5e4b824ae3719ee0f30f873:849:22	results/064.json.gz
64	std::iterator_traits	13	DEPENDENT_OR_LOCAL_NAMES: WrappedIteratorT	64:baf229d08a22ba59220694f6a9ecbd0fb339245e971eb2be0c06ef5d9d3402e8:19:33	results/064.json.gz
64	std::iterator_traits	1	DEPENDENT_OR_LOCAL_NAMES: T,TreeTy,iterator	64:9a81b5307464c9b85bed918b2caa32d013274d7e8c707843267ef5a6698149bb:842:20	results/064.json.gz
64	std::iterator_traits	6	DEPENDENT_OR_LOCAL_NAMES: ItTy	64:4a5eb6879ddb68fd203bad8a1c5500747bca134b3a8b8439eb1d4bc71204db58:337:20	results/064.json.gz
64	std::iterator_traits	3	DEPENDENT_OR_LOCAL_NAMES: IterT	64:4a5eb6879ddb68fd203bad8a1c5500747bca134b3a8b8439eb1d4bc71204db58:529:32	results/064.json.gz
64	std::iterator_traits	4	DEPENDENT_OR_LOCAL_NAMES: Iters	64:4a5eb6879ddb68fd203bad8a1c5500747bca134b3a8b8439eb1d4bc71204db58:665:18	results/064.json.gz
64	std::iterator_traits	1	DEPENDENT_OR_LOCAL_NAMES: IterTy	64:4a5eb6879ddb68fd203bad8a1c5500747bca134b3a8b8439eb1d4bc71204db58:1423:32	results/064.json.gz
64	std::iterator_traits	2	DEPENDENT_OR_LOCAL_NAMES: IteratorTy	64:4a5eb6879ddb68fd203bad8a1c5500747bca134b3a8b8439eb1d4bc71204db58:1609:24	results/064.json.gz
64	std::iterator_traits	1	DEPENDENT_OR_LOCAL_NAMES: Range,begin	64:4a5eb6879ddb68fd203bad8a1c5500747bca134b3a8b8439eb1d4bc71204db58:1670:40	results/064.json.gz
64	std::iterator_traits	2	DEPENDENT_OR_LOCAL_NAMES: Begin	64:4a5eb6879ddb68fd203bad8a1c5500747bca134b3a8b8439eb1d4bc71204db58:2595:35	results/064.json.gz
64	std::iterator_traits	2	DEPENDENT_OR_LOCAL_NAMES: succ_iterator	64:a372f8fda588d3356345ea420b062ee7f2764e4dfef997e5a0e81ea9d95c604b:48:13	results/064.json.gz
64	std::iterator_traits	2	DEPENDENT_OR_LOCAL_NAMES: BaseT	64:7ce0e894c8603f32ed9daa16a7a2bf957b087a1f71c39f50447fb54dd2e55c3b:1156:12	results/064.json.gz
64	std::iterator_traits	1	DEPENDENT_OR_LOCAL_NAMES: BaseIter	64:811e19b4caa79072042f0b26ab72c05ef33b71c1e44316c27f49b3d1b8d00429:71:18	results/064.json.gz
64	std::iterator_traits	2	DEPENDENT_OR_LOCAL_NAMES: BaseIt	64:6dd753c52e3f6a539f5677438c69eead4f5e7aae04077a0b85240a80f8a93c5e:133:22	results/064.json.gz
64	std::iterator_traits	1	DEPENDENT_OR_LOCAL_NAMES: InputIter1	64:d4a74d0b2ba6bd6131fb01924fe8fa1e7960948d8b5762a7cb64b40150405aa0:108:16	results/064.json.gz
64	std::iterator_traits	1	DEPENDENT_OR_LOCAL_NAMES: InputIter2	64:d4a74d0b2ba6bd6131fb01924fe8fa1e7960948d8b5762a7cb64b40150405aa0:109:16	results/064.json.gz
64	std::iterator_traits	1	DEPENDENT_OR_LOCAL_NAMES: Map,iterator	64:572bff022ae77743c2882c66260301a604eff888aea538bb0bc187f88819d535:684:7	results/064.json.gz
64	std::iterator_traits	1	DEPENDENT_OR_LOCAL_NAMES: Map,const_iterator	64:572bff022ae77743c2882c66260301a604eff888aea538bb0bc187f88819d535:686:7	results/064.json.gz
64	std::iterator_traits	2	DEPENDENT_OR_LOCAL_NAMES: Collection,second_type	64:27c58f8e6713a9014775dffde0838e4fa6a39ef7db1a49ddeb83181d02efc208:445:20	results/064.json.gz
64	std::iterator_traits	1	DEPENDENT_OR_LOCAL_NAMES: SrcIter	64:d1d35be48a9d220c9c0d61c0b6f5c319be10bc70f11ef5056fbf1700992a015a:123:30	results/064.json.gz
64	std::iterator_traits	1	DEPENDENT_OR_LOCAL_NAMES: DstIter	64:d1d35be48a9d220c9c0d61c0b6f5c319be10bc70f11ef5056fbf1700992a015a:124:30	results/064.json.gz
64	std::iterator_traits	1	DEPENDENT_OR_LOCAL_NAMES: IN_T	64:c6bf9be8327180a9a68d0d7032bf26706338b420457b2bfcc32ff2a81171931c:501:20	results/064.json.gz
64	std::iterator_traits	10	CUDA 内嵌标准实现的命名空间/目标配置未闭合，不用宿主 std 测量替代	64:90cd97d7111829e738fc27f57fdfb77099ab793814606130e53047bf2fbca845:212:22	results/064.json.gz
64	std::iterator_traits	2	DEPENDENT_OR_LOCAL_NAMES: OutputIt	64:72de8b7098d18e53726f1ecb1c453a019a31a2ef4fef43c58ffe8fc40dd59828:349:24	results/064.json.gz
64	std::iterator_traits	7	DEPENDENT_OR_LOCAL_NAMES: _ForwardIterator2	64:a2f33800184ed1f517281838112c1367eabac87897d6e1834aebb200362000d0:341:26	results/064.json.gz
64	std::iterator_traits	1	DEPENDENT_OR_LOCAL_NAMES: _ForwardIterator3	64:a2f33800184ed1f517281838112c1367eabac87897d6e1834aebb200362000d0:536:26	results/064.json.gz
64	std::iterator_traits	1	DEPENDENT_OR_LOCAL_NAMES: _Ip	64:30ac2cfb1b6df7adc76a1d6c6e01eca07a40817fcc7ce7cb4f84e83254c0b7bf:51:7	results/064.json.gz
64	std::iterator_traits	7	DEPENDENT_OR_LOCAL_NAMES: Types	64:655df110a43e7663b494a1edc3e5d44cb2aafc421bd462dd2ab2376a7ebe056a:87:33	results/064.json.gz
64	std::iterator_traits	1	DEPENDENT_OR_LOCAL_NAMES: _Buf,get	64:9c89ae4b779ab19addc6292bdb5e4fd021642c7e767525054008c3c8100218d5:166:22	results/064.json.gz
64	std::iterator_traits	1	DEPENDENT_OR_LOCAL_NAMES: _ValueType	64:9c89ae4b779ab19addc6292bdb5e4fd021642c7e767525054008c3c8100218d5:167:22	results/064.json.gz
64	std::iterator_traits	2	DEPENDENT_OR_LOCAL_NAMES: in_iter	64:70b10b14f96f15f419a6e1de335a4dedcec06cfdf2f434c5949d3ed631e7fabb:722:32	results/064.json.gz
64	std::iterator_traits	1	DEPENDENT_OR_LOCAL_NAMES: In	64:797a26adc6c43cbed7252d4ef5ac92d96097bc29e14f4484922dfbfe4e49d4ed:1015:50	results/064.json.gz
64	std::iterator_traits	1	DEPENDENT_OR_LOCAL_NAMES: ContainerView,const_iterator	64:cb20e1814e5c4d97edb486977619249482ba1ddbf46662b160847031623522b9:2362:22	results/064.json.gz
64	std::iterator_traits	2	DEPENDENT_OR_LOCAL_NAMES: Element	64:824069910eae43c4e45d8ae4e58ccc96d3acfe468bf8e01706530416f612844d:1334:7	results/064.json.gz
64	std::iterator_traits	4	DEPENDENT_OR_LOCAL_NAMES: TIter	64:611dde9d13b558048abca8b9e4dec52b52931f26943af03f136bacc178e73826:230:36	results/064.json.gz
75	std::is_convertible	1	DEPENDENT_OR_LOCAL_NAMES: Iterator,IteratorConcept,IteratorTag	75:5dbf7c61029bb766959af050b964789cd6a16a44dad635ac9afef5e7e1704bef:61:5	results/075.json.gz
75	std::is_convertible	2	DEPENDENT_OR_LOCAL_NAMES: Compare,T,absl,compare_result_t,weak_ordering	75:40547146572673e633953c1f85bf75ea8cdd6e9beca7b1d959b0dddd859e4c62:104:5	results/075.json.gz
75	std::is_convertible	2	DEPENDENT_OR_LOCAL_NAMES: T,V	75:d6279e4d5b95357893458c7910a7de429aca64f72f7dda21afdaedd6559267a6:160:31	results/075.json.gz
75	std::is_convertible	2	DEPENDENT_OR_LOCAL_NAMES: T,init_type	75:664a2991e24a3b879d7ba75a36039a01a1a31739807904576d6dcd2a90cad2e2:1944:7	results/075.json.gz
75	std::is_convertible	2	DEPENDENT_OR_LOCAL_NAMES: TypeParam,hasher,key_type,size_t	75:ac13d8a910f42865754620e51dd2f45a022c14f0fd0b3b3067e9da51a055df34:45:16	results/075.json.gz
75	std::is_convertible	2	DEPENDENT_OR_LOCAL_NAMES: TypeParam,key_equal,key_type	75:ac13d8a910f42865754620e51dd2f45a022c14f0fd0b3b3067e9da51a055df34:49:16	results/075.json.gz
75	std::is_convertible	9	DEPENDENT_OR_LOCAL_NAMES: T	75:07d0ded2db38342377d5514972ec38b2f52b2ec8ec73b8e35b521d38606bd445:364:22	results/075.json.gz
75	std::is_convertible	8	DEPENDENT_OR_LOCAL_NAMES: StatusOr,T,U	75:93febd5d2b52f66456fd62b5316eec3843c3055e5bc4a1761840804f45c7e240:66:23	results/075.json.gz
75	std::is_convertible	19	DEPENDENT_OR_LOCAL_NAMES: T,U	75:93febd5d2b52f66456fd62b5316eec3843c3055e5bc4a1761840804f45c7e240:101:5	results/075.json.gz
75	std::is_convertible	8	DEPENDENT_OR_LOCAL_NAMES: Status,U,absl	75:93febd5d2b52f66456fd62b5316eec3843c3055e5bc4a1761840804f45c7e240:171:32	results/075.json.gz
75	std::is_convertible	1	DEPENDENT_OR_LOCAL_NAMES: T,UQ	75:93febd5d2b52f66456fd62b5316eec3843c3055e5bc4a1761840804f45c7e240:211:25	results/075.json.gz
75	std::is_convertible	2	DEPENDENT_OR_LOCAL_NAMES: C,T,allocator_type	75:b02693d3bacd3200dbd6d05e0ba1b32214cf3b45c719544b88cab22f3f0bd0f0:167:7	results/075.json.gz
75	std::is_convertible	2	DEPENDENT_OR_LOCAL_NAMES: C,T,allocator_type,key_compare,key_type	75:b02693d3bacd3200dbd6d05e0ba1b32214cf3b45c719544b88cab22f3f0bd0f0:174:7	results/075.json.gz
75	std::is_convertible	2	DEPENDENT_OR_LOCAL_NAMES: C,T,allocator_type,key_compare,key_type,mapped_type	75:b02693d3bacd3200dbd6d05e0ba1b32214cf3b45c719544b88cab22f3f0bd0f0:181:7	results/075.json.gz
75	std::is_convertible	2	DEPENDENT_OR_LOCAL_NAMES: C,T,allocator_type,hasher,key_equal,key_type	75:b02693d3bacd3200dbd6d05e0ba1b32214cf3b45c719544b88cab22f3f0bd0f0:189:7	results/075.json.gz
75	std::is_convertible	2	DEPENDENT_OR_LOCAL_NAMES: C,T,allocator_type,hasher,key_equal,key_type,mapped_type	75:b02693d3bacd3200dbd6d05e0ba1b32214cf3b45c719544b88cab22f3f0bd0f0:199:7	results/075.json.gz
75	std::is_convertible	2	DEPENDENT_OR_LOCAL_NAMES: A,N,T	75:b02693d3bacd3200dbd6d05e0ba1b32214cf3b45c719544b88cab22f3f0bd0f0:210:7	results/075.json.gz
75	std::is_convertible	2	DEPENDENT_OR_LOCAL_NAMES: B,N	75:b02693d3bacd3200dbd6d05e0ba1b32214cf3b45c719544b88cab22f3f0bd0f0:218:7	results/075.json.gz
75	std::is_convertible	2	DEPENDENT_OR_LOCAL_NAMES: C,GetData,T,absl,decay_t	75:60baa1039fce223d3d144147780db3ef97742838a79cb70b61af8b8e8ce61e14:68:5	results/075.json.gz
75	std::is_convertible	8	NO_TEMPLATE_ARGUMENT_LIST	75:502acdb4ff702e3446934b70610e0da76b3b26166a6782f09ff7621250c18fdf:74:7	results/075.json.gz
75	std::is_convertible	2	DEPENDENT_OR_LOCAL_NAMES: ConvertibleOrRange,value_type	75:9c84424fa7d7feb7b1ab47cc9368e7faeb5f852761e549c0500bc9992faa00b8:886:17	results/075.json.gz
75	std::is_convertible	1	DEPENDENT_OR_LOCAL_NAMES: Range,ToValue,boost,range_value	75:e1000c2ec6dcd2e72efee8a931a56d6f8da82f42397715d2dc255f5a086443ca:85:7	results/075.json.gz
75	std::is_convertible	1	DEPENDENT_OR_LOCAL_NAMES: Range,boost,iterator_traversal,random_access_traversal_tag,range_iterator	75:d29527e340f9be93dbc38c403e97b85759c1cdf558e36142a4f296abac3206a8:37:7	results/075.json.gz
75	std::is_convertible	1	DEPENDENT_OR_LOCAL_NAMES: I,Tuple,bin_t,boost,mp11,mp_at,mp_size_t	75:1e5021acfaac17f882854fad3d65e65da8baa287ebd5b5e6950cee0aec4d68d2:577:22	results/075.json.gz
75	std::is_convertible	4	DEPENDENT_OR_LOCAL_NAMES: Ts,Us	75:e03e1966254b94942d24e4f236288a29a36d0e1f76362049f876917254cad67b:95:12	results/075.json.gz
75	std::is_convertible	2	DEPENDENT_OR_LOCAL_NAMES: From,To	75:e03e1966254b94942d24e4f236288a29a36d0e1f76362049f876917254cad67b:100:7	results/075.json.gz
75	std::is_convertible	2	DEPENDENT_OR_LOCAL_NAMES: T,size	75:46b131cace24091671038e5963cad4059029a48b648fbcc36b0711c0c198fb8e:90:7	results/075.json.gz
75	std::is_convertible	1	DEPENDENT_OR_LOCAL_NAMES: Rng,Traits,copy_cref	75:46b131cace24091671038e5963cad4059029a48b648fbcc36b0711c0c198fb8e:324:5	results/075.json.gz
75	std::is_convertible	1	DEPENDENT_OR_LOCAL_NAMES: T,string_view	75:46b131cace24091671038e5963cad4059029a48b648fbcc36b0711c0c198fb8e:375:7	results/075.json.gz
75	std::is_convertible	1	DEPENDENT_OR_LOCAL_NAMES: BOOST_MATH_FLOAT128_TYPE,mpfr_class	75:bd4ed4272c2fb6ca4a9883ea9b68e9944d5cb465c186f546f4a1f63aa596ab04:187:22	results/075.json.gz
75	std::is_convertible	2	DEPENDENT_OR_LOCAL_NAMES: mpfr_class	75:bd4ed4272c2fb6ca4a9883ea9b68e9944d5cb465c186f546f4a1f63aa596ab04:189:22	results/075.json.gz
75	std::is_convertible	1	DEPENDENT_OR_LOCAL_NAMES: B,ET,Val,number	75:e1d75991ad8e536ea9e850f2169979416b3823d1209b2305d3ff78af926e0e18:106:60	results/075.json.gz
75	std::is_convertible	2	DEPENDENT_OR_LOCAL_NAMES: Arg1,Arg2,Arg3,Arg4,B,ET,expression,number,tag	75:e1d75991ad8e536ea9e850f2169979416b3823d1209b2305d3ff78af926e0e18:115:14	results/075.json.gz
75	std::is_convertible	2	DEPENDENT_OR_LOCAL_NAMES: Argument,Target	75:c3d2ae4bdafed8862f1c3f221fe2c176860c6d24b3acf9809f155f1eb3521501:76:23	results/075.json.gz
75	std::is_convertible	3	DEPENDENT_OR_LOCAL_NAMES: ForwardIter,char_type	75:8c5a8c3d5dcad56e5ea2f50e252bdfa64a94cc2fb14664c8861098a8abe328a9:119:24	results/075.json.gz
75	std::is_convertible	1	DEPENDENT_OR_LOCAL_NAMES: Iter	75:c04437a2e209eff7c8acd725c38535c76edf56ba25b1e8b4fa31c6deb34c4d6c:111:25	results/075.json.gz
75	std::is_convertible	2	DEPENDENT_OR_LOCAL_NAMES: A	75:129dbf6108ea9cad20b345b10da237fc3f96541753043a15c34fba5c25f90d12:89:53	results/075.json.gz
75	std::is_convertible	1	DEPENDENT_OR_LOCAL_NAMES: Any,T	75:a5383b41545edfc886738a361a8bd776168a7e4e716f74214a76ade11f08a302:85:35	results/075.json.gz
75	std::is_convertible	2	DEPENDENT_OR_LOCAL_NAMES: C,T,data	75:cd7fab638129c6fdc3da90f95d37872b569f2e6da193de19240422d110e0b834:89:17	results/075.json.gz
75	std::is_convertible	1	DEPENDENT_OR_LOCAL_NAMES: CallableT,Params,Ret	75:81fbb423006cce39ffa15f51c92d55bde69296214e92750d3fad86df28394f9d:71:5	results/075.json.gz
75	std::is_convertible	1	DEPENDENT_OR_LOCAL_NAMES: StringRef,T,llvm	75:3d2eeff34ecfc440c32fe150fbe133269a4ac682d86342c0c707a8d477e6157c:43:38	results/075.json.gz
75	std::is_convertible	1	DEPENDENT_OR_LOCAL_NAMES: Iterator	75:b03cb9ab8bd7e4b9281bd0669f3d00ee56bc73030dd229e55e34f855560a4011:75:34	results/075.json.gz
75	std::is_convertible	1	DEPENDENT_OR_LOCAL_NAMES: Args,Op,To,detected_t	75:298ad906bd66894f5f5af6cc2667fbdafd120b5b8904825d47244a17c65e0cca:3324:5	results/075.json.gz
75	std::is_convertible	1	DEPENDENT_OR_LOCAL_NAMES: PyObject,T	75:6771a5f5808d8c7d679d1175583d12624327b0759f4eb3d6ba0f47bb316bc9b3:234:44	results/075.json.gz
75	std::is_convertible	4	DEPENDENT_OR_LOCAL_NAMES: MessageLite,T	75:b1137d1a74ef42f95964016ac927a0611618e289ab24fd1366072c4f3b4a918d:314:37	results/075.json.gz
75	std::is_convertible	2	CUDA 内嵌标准实现的命名空间/目标配置未闭合，不用宿主 std 测量替代	75:e18886f9040898b15f32ab78e7a310bfd4947b053cd6ad2036b9a0c266f3e01e:1364:13	results/075.json.gz
75	std::is_convertible	2	DEPENDENT_OR_LOCAL_NAMES: R,U	75:c69ba249cd20db3d4ab48db7e5b2b59f3ae54c0042495192909e22b03f60d31f:937:17	results/075.json.gz
75	std::is_convertible	1	DEPENDENT_OR_LOCAL_NAMES: Args,InitialAction,InitialActionArgType,OnceAction	75:c69ba249cd20db3d4ab48db7e5b2b59f3ae54c0042495192909e22b03f60d31f:1588:21	results/075.json.gz
75	std::is_convertible	1	DEPENDENT_OR_LOCAL_NAMES: Args,Base,OnceAction,R	75:c69ba249cd20db3d4ab48db7e5b2b59f3ae54c0042495192909e22b03f60d31f:1591:21	results/075.json.gz
75	std::is_convertible	1	DEPENDENT_OR_LOCAL_NAMES: Action,Args,InitialAction,InitialActionArgType	75:c69ba249cd20db3d4ab48db7e5b2b59f3ae54c0042495192909e22b03f60d31f:1621:15	results/075.json.gz
75	std::is_convertible	1	DEPENDENT_OR_LOCAL_NAMES: Action,Args,Base,R	75:c69ba249cd20db3d4ab48db7e5b2b59f3ae54c0042495192909e22b03f60d31f:1623:15	results/075.json.gz
75	std::is_convertible	1	DEPENDENT_OR_LOCAL_NAMES: M,Matcher,T	75:cb20e1814e5c4d97edb486977619249482ba1ddbf46662b160847031623522b9:356:21	results/075.json.gz
75	std::is_convertible	1	DEPENDENT_OR_LOCAL_NAMES: M,T	75:cb20e1814e5c4d97edb486977619249482ba1ddbf46662b160847031623522b9:357:21	results/075.json.gz
75	std::is_convertible	1	DEPENDENT_OR_LOCAL_NAMES: Args,F,R,invoke_result_t	75:685e5d51f6a0c7f59228a050e65a19248cd5bbec15d1f03814924293be30e590:248:13	results/075.json.gz
78	std::underlying_type	11	DEPENDENT_OR_LOCAL_NAMES: Enum	78:a712b59a284ab008bd8ce63185efbf4f19664fa63f03c8b7145f24b5a7eb2baa:83:16	results/078.json.gz
78	std::underlying_type	1	DEPENDENT_OR_LOCAL_NAMES: EnumClass	78:a712b59a284ab008bd8ce63185efbf4f19664fa63f03c8b7145f24b5a7eb2baa:92:16	results/078.json.gz
78	std::underlying_type	19	DEPENDENT_OR_LOCAL_NAMES: T	78:59aab2f06e122ce38f009f516d3d1bd9e3a7af4658e20640818ecbd08541bf0f:159:30	results/078.json.gz
78	std::underlying_type	8	DEPENDENT_OR_LOCAL_NAMES: error	78:128afa85ab672a9994b9e0f9c86eb2b416670624c50bc456bb3360c7ecbff64e:58:9	results/078.json.gz
78	std::underlying_type	4	DEPENDENT_OR_LOCAL_NAMES: condition	78:057e4b462e464891045b7081ad300ec1d54383fdd4c904630019036d3d61ed1d:99:9	results/078.json.gz
78	std::underlying_type	10	DEPENDENT_OR_LOCAL_NAMES: EnumType	78:47a7e72f96110bb7e961f1979ed9032c641fe26553775d7bf60205f89e1f1c25:52:22	results/078.json.gz
78	std::underlying_type	1	NO_TEMPLATE_ARGUMENT_LIST	78:dcd2f7f97cf8091732d0f7335f69b40c603a1446475ed3542e5d425a31586dbc:200:78	results/078.json.gz
78	std::underlying_type	1	DEPENDENT_OR_LOCAL_NAMES: T,remove_cvref	78:b075f81ad3d17ee159f639e1075efbb840211489fa7c59d7f792bfc6b6f2f251:228:34	results/078.json.gz
78	std::underlying_type	1	DEPENDENT_OR_LOCAL_NAMES: serialize_stream_flags	78:8815bc841bdae1ac67775ab073654ae032c93ad1271ebc8bf52066add4acbbed:29:1	results/078.json.gz
78	std::underlying_type	2	DEPENDENT_OR_LOCAL_NAMES: E	78:8815bc841bdae1ac67775ab073654ae032c93ad1271ebc8bf52066add4acbbed:33:15	results/078.json.gz
78	std::underlying_type	1	DEPENDENT_OR_LOCAL_NAMES: Wrapper	78:b32cbfc953053eb143b895533a92ab0840639eaabcb9a79d5bf33ce3233f55b2:111:67	results/078.json.gz
78	std::underlying_type	1	DEPENDENT_OR_LOCAL_NAMES: R	78:9035208de9d901cf8876c2a288aa87e3e923229c864f573d0d16b5b925937a25:1097:13	results/078.json.gz
78	std::underlying_type	1	DEPENDENT_OR_LOCAL_NAMES: Val	78:da08cd37a9beffa84965781305f5b18c31e9f8e65232be080ed046700a0c6f92:294:32	results/078.json.gz
78	std::underlying_type	2	DEPENDENT_OR_LOCAL_NAMES: V	78:2549b437a6319ee9cbd2032560a0272611715dd89c2919dd85a4a3f9e9aed569:99:37	results/078.json.gz
78	std::underlying_type	2	DEPENDENT_OR_LOCAL_NAMES: protocol_field_type	78:829811fc81eb35180a9451fe8b03cd0eb2b96a447fdfc134fe74b87ef35d3dfa:237:5	results/078.json.gz
78	std::underlying_type	2	DEPENDENT_OR_LOCAL_NAMES: Type	78:050480c06078138865a3b922a53caeb3727390c7b74cece252ed2010b8efe697:228:61	results/078.json.gz
78	std::underlying_type	1	DEPENDENT_OR_LOCAL_NAMES: U	78:4c49e83d9e9111e5bdb9d3601c38dcc4b5ebcd533981ae1fbbd21660b9b5705c:1468:15	results/078.json.gz
78	std::underlying_type	13	DEPENDENT_OR_LOCAL_NAMES: dump_flags_t	78:e6526ebca16b8e8d5f750553b61387beeb42e042e10c3a6336c3afe5a45d1f85:214:26	results/078.json.gz
78	std::underlying_type	8	DEPENDENT_OR_LOCAL_NAMES: copy_options	78:f6a15219344bae919aa94cdf8dda4792c22839c8163cb294220234c865802be7:98:30	results/078.json.gz
78	std::underlying_type	8	DEPENDENT_OR_LOCAL_NAMES: perms	78:f6a15219344bae919aa94cdf8dda4792c22839c8163cb294220234c865802be7:172:30	results/078.json.gz
78	std::underlying_type	4	DEPENDENT_OR_LOCAL_NAMES: perm_options	78:f6a15219344bae919aa94cdf8dda4792c22839c8163cb294220234c865802be7:230:30	results/078.json.gz
78	std::underlying_type	8	DEPENDENT_OR_LOCAL_NAMES: directory_options	78:f6a15219344bae919aa94cdf8dda4792c22839c8163cb294220234c865802be7:285:30	results/078.json.gz
78	std::underlying_type	2	DEPENDENT_OR_LOCAL_NAMES: _Tp	78:aa21c970e89406e3f7d6948ec1030d1e3a25f171ca7cb1df260c737e85cc6727:3349:22	results/078.json.gz
78	std::underlying_type	3	DEPENDENT_OR_LOCAL_NAMES: BitType	78:b0cfcdc1750278cb71f02164bb88b45e7c68978eddf504ec65f7c4fa2b538f92:26:31	results/078.json.gz
78	std::underlying_type	1	DEPENDENT_OR_LOCAL_NAMES: Layout,ir,onert	78:03e03eb858d388fa31af16a702c07aa1897df8136929414f851ff0ebf8ab3e89:61:27	results/078.json.gz
78	std::underlying_type	1	DEPENDENT_OR_LOCAL_NAMES: OpCode,ir,onert	78:e6014acc7d1fadb8a0a4cd2e5bc64da038fca74106a41dbf5158b59dc7128673:51:27	results/078.json.gz
78	std::underlying_type	13	DEPENDENT_OR_LOCAL_NAMES: StateTransitionFlags	78:a7a6041bbb4016b962ac57908ccf9e21aab5112fa00e979a8d3640b71639cca0:31:21	results/078.json.gz
78	std::underlying_type	13	DEPENDENT_OR_LOCAL_NAMES: ComponentDirt	78:21077f5fb8ba7638eb6de5328d8b5d00941d281d8d303156838bb1965becd9a0:54:51	results/078.json.gz
78	std::underlying_type	13	DEPENDENT_OR_LOCAL_NAMES: PathSpace	78:9670c529a38156fc5df0afa9daa6b607edf159daf30fba985086777c6a37fad6:15:47	results/078.json.gz
78	std::underlying_type	1	DEPENDENT_OR_LOCAL_NAMES: ENum	78:5295403464a48af7a2a59494c7afd810ea4bb7d1141723f9b8162157a5b99291:68:46	results/078.json.gz
80	std::enable_if_t	1	DEPENDENT_OR_LOCAL_NAMES: Insertable,T	80:664a2991e24a3b879d7ba75a36039a01a1a31739807904576d6dcd2a90cad2e2:1959:22	results/080.json.gz
80	std::enable_if_t	1	DEPENDENT_OR_LOCAL_NAMES: H,T	80:4caf885c90c977da17d65775bdbd8ca8bbc4581987685f1ead0589df24861376:491:1	results/080.json.gz
80	std::enable_if_t	1	DEPENDENT_OR_LOCAL_NAMES: HasAbslStringify,StringifyToStreamWrapper,T	80:07d0ded2db38342377d5514972ec38b2f52b2ec8ec73b8e35b521d38606bd445:357:1	results/080.json.gz
80	std::enable_if_t	1	DEPENDENT_OR_LOCAL_NAMES: HasAbslStringify,HasOstreamOperator,T,UnprintableWrapper	80:07d0ded2db38342377d5514972ec38b2f52b2ec8ec73b8e35b521d38606bd445:363:1	results/080.json.gz
80	std::enable_if_t	1	DEPENDENT_OR_LOCAL_NAMES: HasAbslStringify,HasOstreamOperator,T,UnderlyingTypeT,int64_t,uint64_t	80:07d0ded2db38342377d5514972ec38b2f52b2ec8ec73b8e35b521d38606bd445:388:1	results/080.json.gz
80	std::enable_if_t	4	NO_TEMPLATE_ARGUMENT_LIST	80:5dd13146de9e1ca0cf37e379af0ce4efd7ae1911c042281c39a5837d848c3e3a:127:7	results/080.json.gz
80	std::enable_if_t	2	DEPENDENT_OR_LOCAL_NAMES: AbslStringify,FormatSink,IntegralConvertResult,T,v	80:59aab2f06e122ce38f009f516d3d1bd9e3a7af4658e20640818ecbd08541bf0f:147:8	results/080.json.gz
80	std::enable_if_t	1	DEPENDENT_OR_LOCAL_NAMES: AbslStringify,ArgConvertResult,Cord,FormatConversionCharSetInternal,FormatSink,T,absl,v	80:59aab2f06e122ce38f009f516d3d1bd9e3a7af4658e20640818ecbd08541bf0f:166:8	results/080.json.gz
80	std::enable_if_t	6	UNBALANCED_DELIMITER	80:4b2354a406c6bd04f65448c99dd9774885e784763942e82261f9bfba038c522a:265:16	results/080.json.gz
80	std::enable_if_t	2	DEPENDENT_OR_LOCAL_NAMES: C,GetData,IsView,MakeSpan,absl,c,size,span_internal	80:e046f29278e283674660add073cb28b0c9bced424733c43f5057b523b133ee12:743:8	results/080.json.gz
80	std::enable_if_t	2	DEPENDENT_OR_LOCAL_NAMES: C,IsView,MakeSpan,c,span_internal	80:e046f29278e283674660add073cb28b0c9bced424733c43f5057b523b133ee12:804:8	results/080.json.gz
80	std::enable_if_t	1	DEPENDENT_OR_LOCAL_NAMES: Ch,T,Tr,has_describe_bases,has_describe_members	80:215de4b8e4c76a5dfb0a6301020529cbf9980c2a4bd2fda4d983e00cc01d6960:158:39	results/080.json.gz
80	std::enable_if_t	1	DEPENDENT_OR_LOCAL_NAMES: Range,T	80:3fa5407d0aa51e0a6c60a8c159720fbf70e75a8c494d18fb26ef8742745fb837:76:29	results/080.json.gz
80	std::enable_if_t	1	DEPENDENT_OR_LOCAL_NAMES: T,U,detail,static_cast,std_common_type,void_t	80:d5bd1b9655028601bc773a442c6f6c96013c38c6696befac6e2a60f932abdd83:61:37	results/080.json.gz
80	std::enable_if_t	1	DEPENDENT_OR_LOCAL_NAMES: Alloc,T,begin,f,v	80:4eb9781a47d9956e06a958405323a058b2dc05602f00a562ff991ff396bd330d:88:16	results/080.json.gz
80	std::enable_if_t	1	DEPENDENT_OR_LOCAL_NAMES: A,S,detail,has_operator_radd,histogram,value_type	80:3eddf443a0027e945e8f362a9c924535bc8fc67a37124e3d55c7c9ea95b8a904:446:3	results/080.json.gz
80	std::enable_if_t	1	DEPENDENT_OR_LOCAL_NAMES: S,axes_type,detail,has_operator_radd,histogram,value_type	80:3eddf443a0027e945e8f362a9c924535bc8fc67a37124e3d55c7c9ea95b8a904:463:3	results/080.json.gz
80	std::enable_if_t	1	DEPENDENT_OR_LOCAL_NAMES: A,S,detail,has_operator_rsub,histogram,value_type	80:3eddf443a0027e945e8f362a9c924535bc8fc67a37124e3d55c7c9ea95b8a904:497:3	results/080.json.gz
80	std::enable_if_t	1	DEPENDENT_OR_LOCAL_NAMES: A,S,detail,has_operator_rmul,histogram,value_type	80:3eddf443a0027e945e8f362a9c924535bc8fc67a37124e3d55c7c9ea95b8a904:517:3	results/080.json.gz
80	std::enable_if_t	1	DEPENDENT_OR_LOCAL_NAMES: A,S,detail,has_operator_rdiv,histogram,value_type	80:3eddf443a0027e945e8f362a9c924535bc8fc67a37124e3d55c7c9ea95b8a904:537:3	results/080.json.gz
80	std::enable_if_t	1	DEPENDENT_OR_LOCAL_NAMES: V,detail,has_operator_rmul,histogram	80:3eddf443a0027e945e8f362a9c924535bc8fc67a37124e3d55c7c9ea95b8a904:557:3	results/080.json.gz
80	std::enable_if_t	1	DEPENDENT_OR_LOCAL_NAMES: H,detail,has_operator_rmul,histogram	80:3eddf443a0027e945e8f362a9c924535bc8fc67a37124e3d55c7c9ea95b8a904:579:3	results/080.json.gz
80	std::enable_if_t	1	DEPENDENT_OR_LOCAL_NAMES: ReturnType,T,is_large_int	80:a0b32ff5c104c2f67ad09de5c86502f55729e9337df9a41619c2d76c388f952e:44:5	results/080.json.gz
80	std::enable_if_t	7	MACRO_CONTINUATION_OR_DIRECTIVE_REQUIRES_REAL_EXPANSION	80:c8b2b569d4db8e5acd874c73c60d4fbffda019eddb84ad60b74602d70f5ab328:658:49	results/080.json.gz
80	std::enable_if_t	2	DEPENDENT_OR_LOCAL_NAMES: T,Type	80:ccf68e9226492c95c26018b845a6ca8a2025cb757fd7b5c1d19a39e176d9e12c:57:46	results/080.json.gz
80	std::enable_if_t	2	DEPENDENT_OR_LOCAL_NAMES: Stream,Type,not_appliable,ostreamable_detector	80:bf5fc41626f49eb483c49052ef229cf065d731c8fc21a657706fe89f132f19f3:40:38	results/080.json.gz
80	std::enable_if_t	2	DEPENDENT_OR_LOCAL_NAMES: Stream,Type,istreamable_detector,not_appliable	80:bf5fc41626f49eb483c49052ef229cf065d731c8fc21a657706fe89f132f19f3:46:38	results/080.json.gz
80	std::enable_if_t	34	DEPENDENT_OR_LOCAL_NAMES: T	80:25f1e74174e5683b29791420214d40227d51e17497bf0e68c97062d003404986:193:5	results/080.json.gz
80	std::enable_if_t	1	DEPENDENT_OR_LOCAL_NAMES: NameAndValue,T	80:25f1e74174e5683b29791420214d40227d51e17497bf0e68c97062d003404986:459:5	results/080.json.gz
80	std::enable_if_t	3	DEPENDENT_OR_LOCAL_NAMES: StorageLocation,T	80:eaedaab52252af27762c2dcb8d809601f68d37575f5e71cfb0c62825e06c12f1:35:3	results/080.json.gz
80	std::enable_if_t	5	DEPENDENT_OR_LOCAL_NAMES: T,Value	80:eaedaab52252af27762c2dcb8d809601f68d37575f5e71cfb0c62825e06c12f1:51:3	results/080.json.gz
80	std::enable_if_t	1	DEPENDENT_OR_LOCAL_NAMES: StreamingDiagnostic,T	80:4c49e83d9e9111e5bdb9d3601c38dcc4b5ebcd533981ae1fbbd21660b9b5705c:1407:8	results/080.json.gz
80	std::enable_if_t	1	DEPENDENT_OR_LOCAL_NAMES: DeclContext,StreamingDiagnostic,T	80:4c49e83d9e9111e5bdb9d3601c38dcc4b5ebcd533981ae1fbbd21660b9b5705c:1450:8	results/080.json.gz
80	std::enable_if_t	2	DEPENDENT_OR_LOCAL_NAMES: U	80:4c49e83d9e9111e5bdb9d3601c38dcc4b5ebcd533981ae1fbbd21660b9b5705c:1466:43	results/080.json.gz
80	std::enable_if_t	1	DEPENDENT_OR_LOCAL_NAMES: StreamingDiagnostic,T,U,UnderlyingU	80:4c49e83d9e9111e5bdb9d3601c38dcc4b5ebcd533981ae1fbbd21660b9b5705c:1469:8	results/080.json.gz
80	std::enable_if_t	2	DEPENDENT_OR_LOCAL_NAMES: APIRecord,RecordTy	80:3ccd49dca466c6fc3b021c4e6d87031f0b3eea6860f35473c9cbde03d396f93a:1453:12	results/080.json.gz
80	std::enable_if_t	1	DEPENDENT_OR_LOCAL_NAMES: Attr,AttrInfo,SourceLocation	80:d3c8039024f72d7b386cf0a75bdecd6b602151f27870062386bddf697c63dc03:4824:10	results/080.json.gz
80	std::enable_if_t	1	DEPENDENT_OR_LOCAL_NAMES: MetadataT,RewriteRule	80:170881319709c6ee9a65a729aff7086603d818439b0d2f34a0584b979c731ec8:444:1	results/080.json.gz
80	std::enable_if_t	1	DEPENDENT_OR_LOCAL_NAMES: Iter,Unit,const_iterator,iterator	80:c8bb3cc339f8d6c255fb492cc7600068f2374c21141192208c90b27114882b6d:426:5	results/080.json.gz
80	std::enable_if_t	2	DEPENDENT_OR_LOCAL_NAMES: Iter,UTFIterator,bidirectional_iterator,prv	80:c8bb3cc339f8d6c255fb492cc7600068f2374c21141192208c90b27114882b6d:1345:5	results/080.json.gz
80	std::enable_if_t	2	DEPENDENT_OR_LOCAL_NAMES: Iter,UnsafeUTFIterator,bidirectional_iterator,prv	80:c8bb3cc339f8d6c255fb492cc7600068f2374c21141192208c90b27114882b6d:2167:5	results/080.json.gz
80	std::enable_if_t	1	DEPENDENT_OR_LOCAL_NAMES: _Val	80:dec7bed484726c8199d01c1a00542a4746402c662c8fe064de0396d422ab8276:245:9	results/080.json.gz
80	std::enable_if_t	2	DEPENDENT_OR_LOCAL_NAMES: ArrayRef,T,U	80:cd7fab638129c6fdc3da90f95d37872b569f2e6da193de19240422d110e0b834:257:5	results/080.json.gz
80	std::enable_if_t	2	DEPENDENT_OR_LOCAL_NAMES: T,hash_code,is_integral_or_enum	80:862040a3f2b0627d66d67111c8f7c9041cccb891d6bff87534892f4d73e205d7:109:1	results/080.json.gz
80	std::enable_if_t	1	DEPENDENT_OR_LOCAL_NAMES: ValueT,hash_code,is_hashable_data	80:862040a3f2b0627d66d67111c8f7c9041cccb891d6bff87534892f4d73e205d7:433:1	results/080.json.gz
80	std::enable_if_t	1	DEPENDENT_OR_LOCAL_NAMES: StringRef,T	80:1721d7b6541cb128fa8305e10bacee913b1301968dab43a1899f7c6a135c7f1a:245:5	results/080.json.gz
80	std::enable_if_t	1	DEPENDENT_OR_LOCAL_NAMES: IsConst,RHSIsConst,ilist_iterator	80:8cd34b75498abd20cdf025fb4230f406737b79724257a455e3d665faae7f7892:128:3	results/080.json.gz
80	std::enable_if_t	1	DEPENDENT_OR_LOCAL_NAMES: IsConst,RHSIsConst,ilist_iterator_w_bits	80:8cd34b75498abd20cdf025fb4230f406737b79724257a455e3d665faae7f7892:275:3	results/080.json.gz
80	std::enable_if_t	1	DEPENDENT_OR_LOCAL_NAMES: Error,RetT	80:68d37b04d378c620d63e8cb20182b419c8d0e08e83af403d1b78f581787caafd:68:3	results/080.json.gz
80	std::enable_if_t	1	DEPENDENT_OR_LOCAL_NAMES: Error,PromiseT,get,get_future	80:ca4239a333ae0e9c34f568fb7b6825f75ba15ab95f8be21ecc022665b9cc79a2:89:1	results/080.json.gz
80	std::enable_if_t	1	DEPENDENT_OR_LOCAL_NAMES: Body,Error,Expected,SymbolLookupFlags,SymbolStringPtr	80:e8a41bec1cc786856f821951b5605ebab271cf42a48c9823cdb9289cc85bcec6:338:45	results/080.json.gz
80	std::enable_if_t	2	DEPENDENT_OR_LOCAL_NAMES: Error,SPSRetT	80:385e2d8b5528dc3341a93ff5c276c2e750b72da3fc72ad72d4a3f3613e08fa65:675:3	results/080.json.gz
80	std::enable_if_t	2	DEPENDENT_OR_LOCAL_NAMES: Constant,Csts,are_base_of	80:ada165ed4e7143c41c376f1e78bb44fb19e46fcd37804e646ae894b2849feb30:487:10	results/080.json.gz
80	std::enable_if_t	2	DEPENDENT_OR_LOCAL_NAMES: StructType,Type,Tys,are_base_of	80:b93a7c324949d464b37709f6c19ad94d7a35cc2e02d63b549a75fb95f464d68d:258:10	results/080.json.gz
80	std::enable_if_t	1	DEPENDENT_OR_LOCAL_NAMES: DiagnosticInfoOptimizationBase,RemarkT,StringRef	80:35f66eaec1829dbb88429860b59a69cdddd3450bb912700e947c23a294e4379b:654:12	results/080.json.gz
80	std::enable_if_t	1	DEPENDENT_OR_LOCAL_NAMES: Argument,DiagnosticInfoOptimizationBase,RemarkT	80:35f66eaec1829dbb88429860b59a69cdddd3450bb912700e947c23a294e4379b:665:12	results/080.json.gz
80	std::enable_if_t	1	DEPENDENT_OR_LOCAL_NAMES: DiagnosticInfoOptimizationBase,RemarkT,setIsVerbose	80:35f66eaec1829dbb88429860b59a69cdddd3450bb912700e947c23a294e4379b:676:12	results/080.json.gz
80	std::enable_if_t	1	DEPENDENT_OR_LOCAL_NAMES: DiagnosticInfoOptimizationBase,RemarkT,setExtraArgs	80:35f66eaec1829dbb88429860b59a69cdddd3450bb912700e947c23a294e4379b:687:12	results/080.json.gz
80	std::enable_if_t	4	DEPENDENT_OR_LOCAL_NAMES: IsValidPointer,X,Y,detail	80:5bacc8b76b33c57db573960fc9b19bf4d65e9ef9aad96abb61c2245777cd5522:666:8	results/080.json.gz
80	std::enable_if_t	1	DEPENDENT_OR_LOCAL_NAMES: IsValidReference,X,Y,detail	80:5bacc8b76b33c57db573960fc9b19bf4d65e9ef9aad96abb61c2245777cd5522:671:8	results/080.json.gz
80	std::enable_if_t	3	DEPENDENT_OR_LOCAL_NAMES: MDNode,T	80:5bacc8b76b33c57db573960fc9b19bf4d65e9ef9aad96abb61c2245777cd5522:1304:10	results/080.json.gz
80	std::enable_if_t	1	DEPENDENT_OR_LOCAL_NAMES: IntType	80:0c1810e2437ec8f3733e26a2377d870c9417ad866d3c1e813405e75bba5b09b1:36:8	results/080.json.gz
80	std::enable_if_t	1	DEPENDENT_OR_LOCAL_NAMES: InsnType,uint64_t	80:0c1810e2437ec8f3733e26a2377d870c9417ad866d3c1e813405e75bba5b09b1:46:8	results/080.json.gz
80	std::enable_if_t	1	DEPENDENT_OR_LOCAL_NAMES: T,uses_format_member	80:8d1b1ab34286b21de7e8751f4c5a9626375af70c4141362d59fc7cd17703777c:124:1	results/080.json.gz
80	std::enable_if_t	1	DEPENDENT_OR_LOCAL_NAMES: T,provider_format_adapter,uses_format_provider	80:8d1b1ab34286b21de7e8751f4c5a9626375af70c4141362d59fc7cd17703777c:130:1	results/080.json.gz
80	std::enable_if_t	1	DEPENDENT_OR_LOCAL_NAMES: T,stream_operator_format_adapter,uses_stream_operator	80:8d1b1ab34286b21de7e8751f4c5a9626375af70c4141362d59fc7cd17703777c:136:1	results/080.json.gz
80	std::enable_if_t	1	DEPENDENT_OR_LOCAL_NAMES: T,missing_format_adapter,uses_missing_provider	80:8d1b1ab34286b21de7e8751f4c5a9626375af70c4141362d59fc7cd17703777c:149:1	results/080.json.gz
80	std::enable_if_t	1	DEPENDENT_OR_LOCAL_NAMES: HashBuilder,IsHashableData,T,hashbuilder_detail	80:cd171c808250bf2e70e8038270a34eadf467d4eb2505ecf5193742fcf412586e:146:3	results/080.json.gz
80	std::enable_if_t	1	DEPENDENT_OR_LOCAL_NAMES: HasAddHashT,HashBuilder,IsHashableData,T,hashbuilder_detail,is_detected	80:cd171c808250bf2e70e8038270a34eadf467d4eb2505ecf5193742fcf412586e:292:3	results/080.json.gz
80	std::enable_if_t	1	DEPENDENT_OR_LOCAL_NAMES: HashBuilder,Ts	80:cd171c808250bf2e70e8038270a34eadf467d4eb2505ecf5193742fcf412586e:321:3	results/080.json.gz
80	std::enable_if_t	1	DEPENDENT_OR_LOCAL_NAMES: HasByteSwapT,HashBuilder,T,is_detected	80:cd171c808250bf2e70e8038270a34eadf467d4eb2505ecf5193742fcf412586e:352:3	results/080.json.gz
80	std::enable_if_t	1	DEPENDENT_OR_LOCAL_NAMES: HasAddHashT,HashCodeHashBuilder,T,hash_code,hashbuilder_detail,is_detected	80:cd171c808250bf2e70e8038270a34eadf467d4eb2505ecf5193742fcf412586e:399:1	results/080.json.gz
80	std::enable_if_t	2	DEPENDENT_OR_LOCAL_NAMES: Foo,TrailingTys,Tys,size_t	80:727b6479c026a2250aa4f403e87f42885116faf81cc3349e7a222e2404311de1:353:20	results/080.json.gz
80	std::enable_if_t	1	DEPENDENT_OR_LOCAL_NAMES: LeafTy,U	80:8fb0b71cc81401bc2c853005a4ff0c9180b5759ba2841c62518fd742b0aa0e9d:138:20	results/080.json.gz
80	std::enable_if_t	1	DEPENDENT_OR_LOCAL_NAMES: Input,T,has_DocumentListTraits	80:72d4a4e0a524b3458208b8b554ad9305710f7e20fb0a7b70d82fae917b9a7881:1663:8	results/080.json.gz
80	std::enable_if_t	1	DEPENDENT_OR_LOCAL_NAMES: EmptyContext,Input,T,has_MappingTraits	80:72d4a4e0a524b3458208b8b554ad9305710f7e20fb0a7b70d82fae917b9a7881:1679:8	results/080.json.gz
80	std::enable_if_t	1	DEPENDENT_OR_LOCAL_NAMES: Input,T,has_SequenceTraits	80:72d4a4e0a524b3458208b8b554ad9305710f7e20fb0a7b70d82fae917b9a7881:1690:8	results/080.json.gz
80	std::enable_if_t	1	DEPENDENT_OR_LOCAL_NAMES: Input,T,has_BlockScalarTraits	80:72d4a4e0a524b3458208b8b554ad9305710f7e20fb0a7b70d82fae917b9a7881:1700:8	results/080.json.gz
80	std::enable_if_t	1	DEPENDENT_OR_LOCAL_NAMES: Input,T,has_CustomMappingTraits	80:72d4a4e0a524b3458208b8b554ad9305710f7e20fb0a7b70d82fae917b9a7881:1710:8	results/080.json.gz
80	std::enable_if_t	1	DEPENDENT_OR_LOCAL_NAMES: Input,T,has_PolymorphicTraits	80:72d4a4e0a524b3458208b8b554ad9305710f7e20fb0a7b70d82fae917b9a7881:1720:8	results/080.json.gz
80	std::enable_if_t	1	DEPENDENT_OR_LOCAL_NAMES: EmptyContext,Input,T,missingTraits	80:72d4a4e0a524b3458208b8b554ad9305710f7e20fb0a7b70d82fae917b9a7881:1730:8	results/080.json.gz
80	std::enable_if_t	1	DEPENDENT_OR_LOCAL_NAMES: Output,T,has_DocumentListTraits	80:72d4a4e0a524b3458208b8b554ad9305710f7e20fb0a7b70d82fae917b9a7881:1738:8	results/080.json.gz
80	std::enable_if_t	1	DEPENDENT_OR_LOCAL_NAMES: EmptyContext,Output,T,has_MappingTraits	80:72d4a4e0a524b3458208b8b554ad9305710f7e20fb0a7b70d82fae917b9a7881:1756:8	results/080.json.gz
80	std::enable_if_t	1	DEPENDENT_OR_LOCAL_NAMES: Output,T,has_SequenceTraits	80:72d4a4e0a524b3458208b8b554ad9305710f7e20fb0a7b70d82fae917b9a7881:1770:8	results/080.json.gz
80	std::enable_if_t	1	DEPENDENT_OR_LOCAL_NAMES: Output,T,has_BlockScalarTraits	80:72d4a4e0a524b3458208b8b554ad9305710f7e20fb0a7b70d82fae917b9a7881:1784:8	results/080.json.gz
80	std::enable_if_t	1	DEPENDENT_OR_LOCAL_NAMES: Output,T,has_CustomMappingTraits	80:72d4a4e0a524b3458208b8b554ad9305710f7e20fb0a7b70d82fae917b9a7881:1798:8	results/080.json.gz
80	std::enable_if_t	1	DEPENDENT_OR_LOCAL_NAMES: Output,T,has_PolymorphicTraits	80:72d4a4e0a524b3458208b8b554ad9305710f7e20fb0a7b70d82fae917b9a7881:1813:8	results/080.json.gz
80	std::enable_if_t	1	DEPENDENT_OR_LOCAL_NAMES: EmptyContext,Output,T,missingTraits	80:72d4a4e0a524b3458208b8b554ad9305710f7e20fb0a7b70d82fae917b9a7881:1831:8	results/080.json.gz
80	std::enable_if_t	1	DEPENDENT_OR_LOCAL_NAMES: OStream,raw_ostream	80:23411c3721057eee09502cfe6885c9272dc99f915e77f578dda5998ef95b54c2:424:1	results/080.json.gz
80	std::enable_if_t	3	DEPENDENT_OR_LOCAL_NAMES: IsScalarIOTypeV,T,internal	80:6a5a7a725f3de9bbc76c2664e1aa20877c7dba740b5121012e57270d67c6717e:86:29	results/080.json.gz
80	std::enable_if_t	1	DEPENDENT_OR_LOCAL_NAMES: OtherDerived,PrivateType,Scalar,internal,is_convertible	80:6f47bbd35c7a053105423cf0a17b2ca14db821414d6ecdea301c89fd0befba23:278:31	results/080.json.gz
80	std::enable_if_t	1	DEPENDENT_OR_LOCAL_NAMES: Packet,masked_fpops_available,unpacket_traits	80:101b2f2ff9a90dddb3fa28fb8bfe25f6d8fbad4437fa98da478d76429818a12d:329:1	results/080.json.gz
80	std::enable_if_t	1	DEPENDENT_OR_LOCAL_NAMES: Packet,masked_load_available,unpacket_traits	80:101b2f2ff9a90dddb3fa28fb8bfe25f6d8fbad4437fa98da478d76429818a12d:761:1	results/080.json.gz
80	std::enable_if_t	3	DEPENDENT_OR_LOCAL_NAMES: CwiseUnaryOp,Derived,NumTraits,Real,Scalar,ScalarExponent,internal,is_arithmetic,scalar_unary_pow_op	80:6454b036324270512e52fc83b7f6ed57c81c9fa5128bfa9ac1285beb294367c9:104:36	results/080.json.gz
80	std::enable_if_t	1	DEPENDENT_OR_LOCAL_NAMES: CwiseBinaryOp,Eigen,LhsDerived,RhsDerived,Scalar,internal,scalar_atan2_op	80:6454b036324270512e52fc83b7f6ed57c81c9fa5128bfa9ac1285beb294367c9:192:16	results/080.json.gz
80	std::enable_if_t	2	DEPENDENT_OR_LOCAL_NAMES: IsComplex,IsSigned,NumTraits,Real,T	80:8fb632698f32939fa53095d7311ae1128ec7d8a0687f60e24b0cad2ca9cb1264:1412:1	results/080.json.gz
80	std::enable_if_t	2	DEPENDENT_OR_LOCAL_NAMES: Base,SizeAtCompileTime,T0	80:04724462c5d954fe2318cc5cf0754768396a680e09ab8fbc9a55acc3e08492a4:795:61	results/080.json.gz
80	std::enable_if_t	1	DEPENDENT_OR_LOCAL_NAMES: Base,Index,Scalar,SizeAtCompileTime,T0,T1,internal,is_same	80:04724462c5d954fe2318cc5cf0754768396a680e09ab8fbc9a55acc3e08492a4:815:37	results/080.json.gz
80	std::enable_if_t	2	DEPENDENT_OR_LOCAL_NAMES: ArrayXpr,Base,Derived,Dynamic,Scalar,SizeAtCompileTime,T,XprKind,internal,is_convertible,is_same,traits	80:04724462c5d954fe2318cc5cf0754768396a680e09ab8fbc9a55acc3e08492a4:829:49	results/080.json.gz
80	std::enable_if_t	1	DEPENDENT_OR_LOCAL_NAMES: Base,Scalar,SizeAtCompileTime,T,internal,is_convertible	80:04724462c5d954fe2318cc5cf0754768396a680e09ab8fbc9a55acc3e08492a4:843:57	results/080.json.gz
80	std::enable_if_t	1	DEPENDENT_OR_LOCAL_NAMES: Base,Index,Scalar,SizeAtCompileTime,T,internal,is_convertible,is_same	80:04724462c5d954fe2318cc5cf0754768396a680e09ab8fbc9a55acc3e08492a4:853:37	results/080.json.gz
80	std::enable_if_t	1	DEPENDENT_OR_LOCAL_NAMES: ArrayXpr,Base,Derived,Dynamic,Index,Scalar,SizeAtCompileTime,T,XprKind,internal,is_convertible,is_same,traits	80:04724462c5d954fe2318cc5cf0754768396a680e09ab8fbc9a55acc3e08492a4:921:37	results/080.json.gz
80	std::enable_if_t	3	DEPENDENT_OR_LOCAL_NAMES: Derived,MatchAtCompileTime,Traits,match,template	80:56f42182c069ffaa37fa02edc75fa685d4a183336dbe5fc61af2c846b67c26a0:290:34	results/080.json.gz
80	std::enable_if_t	1	DEPENDENT_OR_LOCAL_NAMES: Derived,ScalarTypeMatch,Traits,match,template	80:56f42182c069ffaa37fa02edc75fa685d4a183336dbe5fc61af2c846b67c26a0:352:34	results/080.json.gz
80	std::enable_if_t	2	DEPENDENT_OR_LOCAL_NAMES: Dummy,Eigen,MatrixType,internal,is_lvalue	80:688838e60d5f7b408ffc9fe290208e0477dbbdfe4ddab0303026093254aa4e6f:223:42	results/080.json.gz
80	std::enable_if_t	5	DEPENDENT_OR_LOCAL_NAMES: N,Packet4l	80:80a158831b0705d8ed47601e0f1be03f22c7046afaad84938006a2ef1ddb8b88:473:21	results/080.json.gz
80	std::enable_if_t	1	DEPENDENT_OR_LOCAL_NAMES: SingleRange,T,is_symbolic,symbolic	80:c6797d527e450b5961cde9d3df1906e3a2dec23a1faa84552459d12af6d8c4fb:116:1	results/080.json.gz
80	std::enable_if_t	2	DEPENDENT_OR_LOCAL_NAMES: IsComplex,NumTraits,T	80:28ef54586972653ef2fbb7c01faa0380945e41131f73088f4d14fe643651bcdc:865:51	results/080.json.gz
80	std::enable_if_t	1	DEPENDENT_OR_LOCAL_NAMES: Derived,NewScalarType,Scalar,internal,is_same	80:378622bdfbbd2c244fd60f164c4e725a73bffa2f5f9e6b99602cadf58c77a88e:203:3	results/080.json.gz
80	std::enable_if_t	1	DEPENDENT_OR_LOCAL_NAMES: NewScalarType,Quaternion,Scalar,internal,is_same	80:378622bdfbbd2c244fd60f164c4e725a73bffa2f5f9e6b99602cadf58c77a88e:210:3	results/080.json.gz
80	std::enable_if_t	1	DEPENDENT_OR_LOCAL_NAMES: Derived,IsVectorAtCompileTime,VectorType	80:53bee1470b1ad4514e27c81a0277a7f2893f5b2e91f6ad51c736ba48d3ab5bb4:136:10	results/080.json.gz
80	std::enable_if_t	1	DEPENDENT_OR_LOCAL_NAMES: AbslStringify,ArgConvertResult,FormatConversionCharSetInternal,FormatSink,T,v	80:d7496947939e238526702cdbbf69cfd35141c0927db347efad7cfda15c9c0257:160:8	results/080.json.gz
80	std::enable_if_t	2	DEPENDENT_OR_LOCAL_NAMES: C,T	80:4170c3df8d9a1f9588e002ae0823935d76f24e5119771809b19cb3a72e1d9bd9:116:24	results/080.json.gz
80	std::enable_if_t	1	DEPENDENT_OR_LOCAL_NAMES: Stack,StackIteratorImpl,StackTraits,kIsStack	80:3112cc703ec865091af0eb0b749a787cf8f389c5d8d9e65f1ce8e05bef83077b:605:5	results/080.json.gz
80	std::enable_if_t	2	DEPENDENT_OR_LOCAL_NAMES: V,is_complex	80:ca63b3682e39094e4b12b3b5fdd50e21031ba3f1f2550a6fa2246703e87382b5:43:8	results/080.json.gz
80	std::enable_if_t	2	DEPENDENT_OR_LOCAL_NAMES: AttributeStorage,ImplType,T	80:73f4338beb23258a814b0c79941f8713a67dc6bc26275277b75f15b151ca4ad1:216:10	results/080.json.gz
80	std::enable_if_t	2	DEPENDENT_OR_LOCAL_NAMES: RetT	80:1c22b492f69068fde38a84ab3def4bbcfc788e05f4fb984e9d2305e2eb89abfa:298:3	results/080.json.gz
80	std::enable_if_t	2	DEPENDENT_OR_LOCAL_NAMES: RetT,WalkResult	80:1c22b492f69068fde38a84ab3def4bbcfc788e05f4fb984e9d2305e2eb89abfa:319:3	results/080.json.gz
80	std::enable_if_t	1	DEPENDENT_OR_LOCAL_NAMES: OneResult,OpTrait,OpTy,Value,hasTrait,template	80:7054e619b3e8299fcaf8f466de960ea23d2a5d97af9ea6b3c031929fe57ba09d:523:3	results/080.json.gz
80	std::enable_if_t	1	DEPENDENT_OR_LOCAL_NAMES: OpTrait,OpTy,ZeroResults,hasTrait,template	80:7054e619b3e8299fcaf8f466de960ea23d2a5d97af9ea6b3c031929fe57ba09d:532:3	results/080.json.gz
80	std::enable_if_t	2	DEPENDENT_OR_LOCAL_NAMES: ItT,T,detect_is_mapped_iterator	80:627a7b14f4ef2c2c3225b3bec3eb6a9824efcf6df52cf2f2815e85656e667310:141:14	results/080.json.gz
80	std::enable_if_t	1	DEPENDENT_OR_LOCAL_NAMES: Attribute,ResultT,T	80:1f7debcb730a0d934cb1f6e64536b5209230ac16f2ea1a791ca2a65f5abebffa:167:9	results/080.json.gz
80	std::enable_if_t	3	DEPENDENT_OR_LOCAL_NAMES: Attribute,T	80:df4abfba5a1f92977101649c4e3332ff16e72bce2ac7469facd8f49f7c640a35:385:3	results/080.json.gz
80	std::enable_if_t	2	DEPENDENT_OR_LOCAL_NAMES: APInt,T	80:b728d805614368209d09e964867726e931d6352b7f9eca5d9aef0c48fc1e0485:478:5	results/080.json.gz
80	std::enable_if_t	2	DEPENDENT_OR_LOCAL_NAMES: APFloat,T	80:b728d805614368209d09e964867726e931d6352b7f9eca5d9aef0c48fc1e0485:490:5	results/080.json.gz
80	std::enable_if_t	1	DEPENDENT_OR_LOCAL_NAMES: APFloat,APInt,DenseElementsAttr,StringRef,T,detail,is_complex_t,is_one_of,is_valid_cpp_fp_type,llvm	80:b728d805614368209d09e964867726e931d6352b7f9eca5d9aef0c48fc1e0485:503:5	results/080.json.gz
80	std::enable_if_t	1	DEPENDENT_OR_LOCAL_NAMES: Arg,Diagnostic,DiagnosticArgument,StringRef	80:c4457aa97cf1a19b18f810b64528e104efba4d015f5b236e40c0a0bfbb3d4a95:177:3	results/080.json.gz
80	std::enable_if_t	1	DEPENDENT_OR_LOCAL_NAMES: Diagnostic,DiagnosticArgument,T	80:c4457aa97cf1a19b18f810b64528e104efba4d015f5b236e40c0a0bfbb3d4a95:211:3	results/080.json.gz
80	std::enable_if_t	1	DEPENDENT_OR_LOCAL_NAMES: HandlerID,RetT	80:c4457aa97cf1a19b18f810b64528e104efba4d015f5b236e40c0a0bfbb3d4a95:442:3	results/080.json.gz
80	std::enable_if_t	1	DEPENDENT_OR_LOCAL_NAMES: Dialect,To,mlir	80:753d0a00c403e2a97820baa55151bb712dd130a6d450646cc03474bc2571814f:393:10	results/080.json.gz
80	std::enable_if_t	1	DEPENDENT_OR_LOCAL_NAMES: DialectInterface,To,mlir	80:753d0a00c403e2a97820baa55151bb712dd130a6d450646cc03474bc2571814f:398:10	results/080.json.gz
80	std::enable_if_t	2	DEPENDENT_OR_LOCAL_NAMES: Attribute,AttributeT	80:c14243b675fe61f4b64fa09a7e44b160e8cdaae465a761b262a2f60e3375e49c:63:17	results/080.json.gz
80	std::enable_if_t	1	DEPENDENT_OR_LOCAL_NAMES: Type,TypeT	80:c14243b675fe61f4b64fa09a7e44b160e8cdaae465a761b262a2f60e3375e49c:76:12	results/080.json.gz
80	std::enable_if_t	2	DEPENDENT_OR_LOCAL_NAMES: IntT	80:c14243b675fe61f4b64fa09a7e44b160e8cdaae465a761b262a2f60e3375e49c:88:20	results/080.json.gz
80	std::enable_if_t	1	DEPENDENT_OR_LOCAL_NAMES: ContainerT,detail,has_push_back_t,is_detected,llvm	80:c14243b675fe61f4b64fa09a7e44b160e8cdaae465a761b262a2f60e3375e49c:152:20	results/080.json.gz
80	std::enable_if_t	1	DEPENDENT_OR_LOCAL_NAMES: OneResult,OpTrait,OpTy,Value,hasTrait,mlir,template	80:492440c1ddf09d4d6a4923a2120b88ac75960da0cb14f7f2c630e5ddb8b7bf1c:80:3	results/080.json.gz
80	std::enable_if_t	1	DEPENDENT_OR_LOCAL_NAMES: OpTrait,OpTy,ZeroResults,hasTrait,mlir,template	80:492440c1ddf09d4d6a4923a2120b88ac75960da0cb14f7f2c630e5ddb8b7bf1c:87:3	results/080.json.gz
80	std::enable_if_t	1	DEPENDENT_OR_LOCAL_NAMES: AttrClass,Attribute	80:2bc5a97bf316e785fc0ff110e78b0f557699887527043e7bfd87fdafcf0300de:32:35	results/080.json.gz
80	std::enable_if_t	4	DEPENDENT_OR_LOCAL_NAMES: FnT,RetT,function_traits,llvm,num_args	80:cd70420d543ce852af9414698d010aa2cb6e804497d98658013c6fed90f1dd6f:163:3	results/080.json.gz
80	std::enable_if_t	1	DEPENDENT_OR_LOCAL_NAMES: OneRegion,OpT,T,hasTrait,template	80:cd70420d543ce852af9414698d010aa2cb6e804497d98658013c6fed90f1dd6f:907:7	results/080.json.gz
80	std::enable_if_t	1	DEPENDENT_OR_LOCAL_NAMES: ParentOpType,ParentOpTypes	80:cd70420d543ce852af9414698d010aa2cb6e804497d98658013c6fed90f1dd6f:1299:5	results/080.json.gz
80	std::enable_if_t	1	DEPENDENT_OR_LOCAL_NAMES: LogicalResult,Trait,detect_has_single_result_fold_trait	80:cd70420d543ce852af9414698d010aa2cb6e804497d98658013c6fed90f1dd6f:1550:8	results/080.json.gz
80	std::enable_if_t	1	DEPENDENT_OR_LOCAL_NAMES: LogicalResult,Trait,detect_has_fold_trait	80:cd70420d543ce852af9414698d010aa2cb6e804497d98658013c6fed90f1dd6f:1572:8	results/080.json.gz
80	std::enable_if_t	1	DEPENDENT_OR_LOCAL_NAMES: LogicalResult,Trait,detect_has_any_fold_trait	80:cd70420d543ce852af9414698d010aa2cb6e804497d98658013c6fed90f1dd6f:1580:15	results/080.json.gz
80	std::enable_if_t	2	DEPENDENT_OR_LOCAL_NAMES: LogicalResult,T,detect_has_verify_trait	80:cd70420d543ce852af9414698d010aa2cb6e804497d98658013c6fed90f1dd6f:1613:1	results/080.json.gz
80	std::enable_if_t	2	DEPENDENT_OR_LOCAL_NAMES: LogicalResult,T,detect_has_verify_region_trait	80:cd70420d543ce852af9414698d010aa2cb6e804497d98658013c6fed90f1dd6f:1631:1	results/080.json.gz
80	std::enable_if_t	10	DEPENDENT_OR_LOCAL_NAMES: AsmPrinter,AsmPrinterT	80:4ee1c2563ddb57f715109579614ceb1a8d790c9dafd972c76ddb228e372fb2d3:309:8	results/080.json.gz
80	std::enable_if_t	1	DEPENDENT_OR_LOCAL_NAMES: APFloat,Attribute,T,Type,Value,ValueRange,is_one_of,llvm	80:4ee1c2563ddb57f715109579614ceb1a8d790c9dafd972c76ddb228e372fb2d3:348:11	results/080.json.gz
80	std::enable_if_t	1	DEPENDENT_OR_LOCAL_NAMES: AsmPrinter,AsmPrinterT,T,ValueRange	80:4ee1c2563ddb57f715109579614ceb1a8d790c9dafd972c76ddb228e372fb2d3:391:8	results/080.json.gz
80	std::enable_if_t	1	DEPENDENT_OR_LOCAL_NAMES: T,Value,ValueRange	80:4ee1c2563ddb57f715109579614ceb1a8d790c9dafd972c76ddb228e372fb2d3:524:11	results/080.json.gz
80	std::enable_if_t	2	DEPENDENT_OR_LOCAL_NAMES: FnT,KeywordSwitch,ResultT	80:4ee1c2563ddb57f715109579614ceb1a8d790c9dafd972c76ddb228e372fb2d3:805:5	results/080.json.gz
80	std::enable_if_t	4	DEPENDENT_OR_LOCAL_NAMES: AttrType,ParseResult,detect_has_parse_method	80:4ee1c2563ddb57f715109579614ceb1a8d790c9dafd972c76ddb228e372fb2d3:986:3	results/080.json.gz
80	std::enable_if_t	2	DEPENDENT_OR_LOCAL_NAMES: ParseResult,TypeT,detect_type_has_parse_method	80:4ee1c2563ddb57f715109579614ceb1a8d790c9dafd972c76ddb228e372fb2d3:1218:3	results/080.json.gz
80	std::enable_if_t	1	DEPENDENT_OR_LOCAL_NAMES: ParseResult,Type,Types	80:4ee1c2563ddb57f715109579614ceb1a8d790c9dafd972c76ddb228e372fb2d3:1561:3	results/080.json.gz
80	std::enable_if_t	2	DEPENDENT_OR_LOCAL_NAMES: CallbackT,LogicalResult,Twine	80:77fc9465900737b5cb3393d3c60c96e54ea64b278a3a4961e4093b5e65b1db6c:659:3	results/080.json.gz
80	std::enable_if_t	1	DEPENDENT_OR_LOCAL_NAMES: Attribute,T,Type,Value,is_one_of,llvm	80:77fc9465900737b5cb3393d3c60c96e54ea64b278a3a4961e4093b5e65b1db6c:823:3	results/080.json.gz
80	std::enable_if_t	1	DEPENDENT_OR_LOCAL_NAMES: T,TypeRange,ValueRange,is_one_of,llvm	80:77fc9465900737b5cb3393d3c60c96e54ea64b278a3a4961e4093b5e65b1db6c:828:3	results/080.json.gz
80	std::enable_if_t	2	DEPENDENT_OR_LOCAL_NAMES: ConstraintFnT,PDLConstraintFunction	80:77fc9465900737b5cb3393d3c60c96e54ea64b278a3a4961e4093b5e65b1db6c:1434:1	results/080.json.gz
80	std::enable_if_t	2	DEPENDENT_OR_LOCAL_NAMES: FnTraitsT,LogicalResult,result_t	80:77fc9465900737b5cb3393d3c60c96e54ea64b278a3a4961e4093b5e65b1db6c:1467:1	results/080.json.gz
80	std::enable_if_t	2	DEPENDENT_OR_LOCAL_NAMES: PDLRewriteFunction,RewriteFnT	80:77fc9465900737b5cb3393d3c60c96e54ea64b278a3a4961e4093b5e65b1db6c:1500:1	results/080.json.gz
80	std::enable_if_t	2	DEPENDENT_OR_LOCAL_NAMES: ImplType,T,TypeStorage	80:d80c1339177d99b0e2567066fee0c882903da4eac63ada2e7cc64237ca359c08:209:10	results/080.json.gz
80	std::enable_if_t	2	DEPENDENT_OR_LOCAL_NAMES: ArgT,Block,Operation,Region,RetT,is_one_of,llvm	80:20cb6bee98242b9f81fcec44ebba020517c34badf3932e886e00b213728e0029:310:1	results/080.json.gz
80	std::enable_if_t	1	DEPENDENT_OR_LOCAL_NAMES: ArgT,Block,Operation,Region,RetT,WalkResult,is_one_of,llvm	80:20cb6bee98242b9f81fcec44ebba020517c34badf3932e886e00b213728e0029:369:1	results/080.json.gz
80	std::enable_if_t	2	DEPENDENT_OR_LOCAL_NAMES: ArgT,Operation,RetT	80:20cb6bee98242b9f81fcec44ebba020517c34badf3932e886e00b213728e0029:411:1	results/080.json.gz
80	std::enable_if_t	1	DEPENDENT_OR_LOCAL_NAMES: ArgT,Operation,RetT,WalkResult	80:20cb6bee98242b9f81fcec44ebba020517c34badf3932e886e00b213728e0029:451:1	results/080.json.gz
80	std::enable_if_t	1	DEPENDENT_OR_LOCAL_NAMES: AnalysisManager,AnalysisT,OpT	80:52ed98f83c628ebbae3149033b071dca9798f6c43f2cba292983c61ec6437c5a:162:3	results/080.json.gz
80	std::enable_if_t	1	DEPENDENT_OR_LOCAL_NAMES: ConversionCallbackFn,FnT,T	80:531b1f6823720972cc29a91025c9d376bd8640c8b6cb6c0d4a85712b7adc668f:347:3	results/080.json.gz
80	std::enable_if_t	1	DEPENDENT_OR_LOCAL_NAMES: ConversionCallbackFn,FnT,SmallVectorImpl,T,Type	80:531b1f6823720972cc29a91025c9d376bd8640c8b6cb6c0d4a85712b7adc668f:363:3	results/080.json.gz
80	std::enable_if_t	2	DEPENDENT_OR_LOCAL_NAMES: ConverterTy,TypeConverter	80:531b1f6823720972cc29a91025c9d376bd8640c8b6cb6c0d4a85712b7adc668f:482:3	results/080.json.gz
80	std::enable_if_t	1	DEPENDENT_OR_LOCAL_NAMES: R,T,detect_has_print_method	80:f06d5a4b8084903bf03e3026c61f819eff63b7a63008b272dcf5a7566e5315e2:31:5	results/080.json.gz
80	std::enable_if_t	1	DEPENDENT_OR_LOCAL_NAMES: Dims,array_impl,int64_t,pack_is_integral	80:3f08b43db336937b14511c3ca228ade0494a806eca3dd31ed1847c4d61750755:186:12	results/080.json.gz
80	std::enable_if_t	1	DEPENDENT_OR_LOCAL_NAMES: CollectiveOpGroupMode,OpT,RecvOp,SendOp,lmhlo,mlir	80:b900288036da2310d228b826d57655d7807c1b876700a2ba47100b975cf7ce92:66:1	results/080.json.gz
80	std::enable_if_t	1	DEPENDENT_OR_LOCAL_NAMES: NcclP2PConfig,OpT,RecvOp,SendOp,lmhlo,mlir	80:b900288036da2310d228b826d57655d7807c1b876700a2ba47100b975cf7ce92:77:1	results/080.json.gz
80	std::enable_if_t	1	DEPENDENT_OR_LOCAL_NAMES: Derived,NumTraits,Real,Scalar,ScalarExponent,TensorCwiseUnaryOp,internal,is_arithmetic,scalar_unary_pow_op	80:4d176fc03aa44b515327ca7824b6c4ec49568d22b5c34430d006e21226c32a04:335:49	results/080.json.gz
80	std::enable_if_t	2	DEPENDENT_OR_LOCAL_NAMES: PacketT,internal,packet_size,size,unpacket_traits	80:db54384fe7c8fa71f523f10158d926577bf5842c2ff539a1312486b6dc363e84:279:3	results/080.json.gz
80	std::enable_if_t	2	DEPENDENT_OR_LOCAL_NAMES: PacketLoad,PacketType	80:e5c1572f648a64965ad7c9c88c1bf925fd93906b42e7dbac4acd0e97ae1e90c5:161:46	results/080.json.gz
80	std::enable_if_t	2	DEPENDENT_OR_LOCAL_NAMES: PacketReturnTypeT,internal,masked_load_available,unpacket_traits	80:0402344f5bac6baf26ef35855af34b38df577c43b91ba6d10a59a5c7a8003de4:119:3	results/080.json.gz
80	std::enable_if_t	2	DEPENDENT_OR_LOCAL_NAMES: CoeffReturnType,first,scan_step,sst	80:91a6dfed0e666f8a5b4f8b64793cb8ae4db16cae33ef5d81b82410ad29c34cd6:110:3	results/080.json.gz
80	std::enable_if_t	1	DEPENDENT_OR_LOCAL_NAMES: BF16,T	80:ce24c9905116122c5df0ff9adb51b52f6984bfe304fcdbd8cbb9b921dcac8a03:86:3	results/080.json.gz
80	std::enable_if_t	7	DEPENDENT_OR_LOCAL_NAMES: E,enable,enable_bitmask_operators	80:386ba3c64b6526bc6e8a1f46271f82a32d4bb733666afc412a1a435c92c64b87:36:10	results/080.json.gz
80	std::enable_if_t	2	DEPENDENT_OR_LOCAL_NAMES: Layer,T	80:aa2cf357fb29433f3cba502864f1f7547d6bf855168b5bc87225f4e3f4060b58:278:11	results/080.json.gz
80	std::enable_if_t	2	DEPENDENT_OR_LOCAL_NAMES: Optimizer,T	80:e1777edea51bb1db3965691aa4982f3454cd119903718c0f8de59c6d88dbb56e:111:11	results/080.json.gz
80	std::enable_if_t	2	DEPENDENT_OR_LOCAL_NAMES: LearningRateScheduler,T	80:e1777edea51bb1db3965691aa4982f3454cd119903718c0f8de59c6d88dbb56e:215:11	results/080.json.gz
80	std::enable_if_t	1	DEPENDENT_OR_LOCAL_NAMES: Graphics,T,UniquePtr	80:f2e86c75d4262e7ec5b1479401b148136c4caf1dec34fc48ca240cb69d06fa89:1734:1	results/080.json.gz
80	std::enable_if_t	1	DEPENDENT_OR_LOCAL_NAMES: Json,T	80:f6c57a5c929d6e2362932c04e11347062f8e6a4ffcb29b2de3774475226ee77b:101:10	results/080.json.gz
80	std::enable_if_t	4	DEPENDENT_OR_LOCAL_NAMES: GraphNode,T	80:f3eb6e39f9d54e52a31fd5ae379e61c23e24c5d82aa307b60f6c249f9667f45b:110:5	results/080.json.gz
80	std::enable_if_t	1	DEPENDENT_OR_LOCAL_NAMES: Err	80:e97c14552eaa08476a5e37719166da2cb4af4b67bdd4a84e982e3f95338a685b:82:20	results/080.json.gz
80	std::enable_if_t	1	DEPENDENT_OR_LOCAL_NAMES: ProfileListener,T	80:b71575a081316331e97296fb747cdb22dae82a6075bd03fdae3e5242c65fe205:298:20	results/080.json.gz
80	std::enable_if_t	1	DEPENDENT_OR_LOCAL_NAMES: Fn,TfFunctionRef,_IsFunctionRef	80:aa5fd11592c98c5dfefcccf388f62c5af296571667b574177e982aab2dcf18e4:127:5	results/080.json.gz
80	std::enable_if_t	2	DEPENDENT_OR_LOCAL_NAMES: T,VtArray	80:b9fb52dc5e56707aad372648af3a6994bad96fd7fa94aca66d9ce20490359977:1078:5	results/080.json.gz
80	std::enable_if_t	2	DEPENDENT_OR_LOCAL_NAMES: HasTrivialCopy,IsLocal,T,Type,VtValue,_TypeInfoFor	80:eaffeb0bd1f5f55b54b1215a68a9d27b6bb8e8534df5a447dc44f95cdc6a19b6:929:5	results/080.json.gz
80	std::enable_if_t	2	DEPENDENT_OR_LOCAL_NAMES: Proxy,VtIsValueProxy	80:eaffeb0bd1f5f55b54b1215a68a9d27b6bb8e8534df5a447dc44f95cdc6a19b6:1409:5	results/080.json.gz
80	std::enable_if_t	2	DEPENDENT_OR_LOCAL_NAMES: T,VtIsValueProxy	80:eaffeb0bd1f5f55b54b1215a68a9d27b6bb8e8534df5a447dc44f95cdc6a19b6:1416:5	results/080.json.gz
80	std::enable_if_t	7	DEPENDENT_OR_LOCAL_NAMES: E,is_bitmask_enum,sknonstd	80:a0363ac9b4b5c61804a989df74168035dab6f5be8510d4ce59084228d38736c1:22:1	results/080.json.gz
80	std::enable_if_t	2	DEPENDENT_OR_LOCAL_NAMES: K,uint32_t	80:e5ecfb4ad1a3d01f8bb99338d0283bf68ad01db83269d4cbe69fde7e43a9ea2e:55:5	results/080.json.gz
80	std::enable_if_t	1	DEPENDENT_OR_LOCAL_NAMES: N,T,Vec	80:7c09af1f74177bd2a9d70a2ad5a37881f5562fed009d50ba526b9a115b6b8fb4:753:6	results/080.json.gz
80	std::enable_if_t	2	DEPENDENT_OR_LOCAL_NAMES: N,Vec,uint16_t	80:7c09af1f74177bd2a9d70a2ad5a37881f5562fed009d50ba526b9a115b6b8fb4:829:5	results/080.json.gz
80	std::enable_if_t	2	DEPENDENT_OR_LOCAL_NAMES: N,Vec,uint32_t	80:7c09af1f74177bd2a9d70a2ad5a37881f5562fed009d50ba526b9a115b6b8fb4:850:5	results/080.json.gz
81	std::tuple_size	18	DEPENDENT_OR_LOCAL_NAMES: T	81:18cb31bdb53d4adeff31230a31512a10276dc109fb9d247b081080d4820eba75:142:9	results/081.json.gz
81	std::tuple_size	31	DEPENDENT_OR_LOCAL_NAMES: Tuple	81:18cb31bdb53d4adeff31230a31512a10276dc109fb9d247b081080d4820eba75:167:11	results/081.json.gz
81	std::tuple_size	1	DEPENDENT_OR_LOCAL_NAMES: op_tuple_type	81:65f77bdcd74a21ce0be77d4b185350491de13e9beb3ee6d4180a355cc2d28f8b:441:11	results/081.json.gz
81	std::tuple_size	1	DEPENDENT_OR_LOCAL_NAMES: temp_tuple	81:3e3ee37f05d59ef4952a783e67c7661604e9b3dfe2554b620b08c285fbd92918:26:9	results/081.json.gz
81	std::tuple_size	3	DEPENDENT_OR_LOCAL_NAMES: tuple_type	81:cfd5aa588242b4584cc2de9411e6ea10929fe4cf5048fd2d0da753c8aaed3269:178:13	results/081.json.gz
81	std::tuple_size	2	DEPENDENT_OR_LOCAL_NAMES: Tpl	81:f7e63af3a765c539ff11f244c43ca6633ca3776bc42db58250dc3afa023404ef:57:39	results/081.json.gz
81	std::tuple_size	1	DEPENDENT_OR_LOCAL_NAMES: Array	81:bc49784695d438746db82c0584b0e11ffa5c4271e703447ed149fb834580fd7e:36:44	results/081.json.gz
81	std::tuple_size	1	DEPENDENT_OR_LOCAL_NAMES: seq_type	81:4cbe0cba17e2c18b29a21e81d78f3dce7ef1c6a9a7c8ce4bbd81e8f260bff026:31:41	results/081.json.gz
81	std::tuple_size	1	DEPENDENT_OR_LOCAL_NAMES: Sequence,remove_const	81:156397902a8a9fedc6128588e97ca74819e770eee624d17e29102b3fe15fdefa:29:27	results/081.json.gz
81	std::tuple_size	3	DEPENDENT_OR_LOCAL_NAMES: Masks	81:902467d7e85172d99082befed543e056b5208fffde32c55c8323cc4ad2014f1c:307:46	results/081.json.gz
81	std::tuple_size	4	DEPENDENT_OR_LOCAL_NAMES: Ts	81:5dfd4c182ce9422c178f378c070962b413bc0b5ac5a709ee6897ba16bc7c14b9:540:38	results/081.json.gz
81	std::tuple_size	1	DEPENDENT_OR_LOCAL_NAMES: predicates_type	81:5dfd4c182ce9422c178f378c070962b413bc0b5ac5a709ee6897ba16bc7c14b9:616:41	results/081.json.gz
81	std::tuple_size	1	DEPENDENT_OR_LOCAL_NAMES: value_type	81:cbdbc63cefd0099645e608e1a0956f85a7d078f645431aae0031c88eb8998327:287:28	results/081.json.gz
81	std::tuple_size	1	DEPENDENT_OR_LOCAL_NAMES: HT,TT	81:6ab0f51bdd2ad60f38b3a69b7d1a290fc412e9e650547bfc354df72694c89c17:95:7	results/081.json.gz
81	std::tuple_size	1	DEPENDENT_OR_LOCAL_NAMES: key_t	81:1e5021acfaac17f882854fad3d65e65da8baa287ebd5b5e6950cee0aec4d68d2:228:16	results/081.json.gz
81	std::tuple_size	2	DEPENDENT_OR_LOCAL_NAMES: Xs	81:daf929c54ca4dd3e92ed11c152f631faf8faa37baa532ef2cc2b7dd46919aa20:84:33	results/081.json.gz
81	std::tuple_size	2	DEPENDENT_OR_LOCAL_NAMES: Raw	81:249bab87dcf0be5be05e7ef9a0912fa4d1f44c7e6c72ec6a6110b2000787b375:99:44	results/081.json.gz
81	std::tuple_size	1	DEPENDENT_OR_LOCAL_NAMES: acc_traits,args	81:3eddf443a0027e945e8f362a9c924535bc8fc67a37124e3d55c7c9ea95b8a904:237:9	results/081.json.gz
81	std::tuple_size	1	DEPENDENT_OR_LOCAL_NAMES: Sequence	81:f83915c6eb4d4d37b389995847a2c079c8bc47f66bfe006cf8ee67fc18d58449:23:25	results/081.json.gz
81	std::tuple_size	3	DEPENDENT_OR_LOCAL_NAMES: T,remove_cvref	81:b075f81ad3d17ee159f639e1075efbb840211489fa7c59d7f792bfc6b6f2f251:138:9	results/081.json.gz
81	std::tuple_size	7	DEPENDENT_OR_LOCAL_NAMES: Tup	81:bba75ed5689f34db27a78fedc1adad4d76c57ddf537c1978921277c9794a66ab:292:37	results/081.json.gz
81	std::tuple_size	1	DEPENDENT_OR_LOCAL_NAMES: H	81:b07bb316a5e6923b382b0602f157af803cd03557524d427b18194cb0bc751794:654:51	results/081.json.gz
81	std::tuple_size	1	DEPENDENT_OR_LOCAL_NAMES: Car	81:b07bb316a5e6923b382b0602f157af803cd03557524d427b18194cb0bc751794:666:51	results/081.json.gz
81	std::tuple_size	3	限定名还有外层命名空间；不是已确认的全局 std	81:3528f47062564d70d564ada6b9d4f2c3b34dc6c7343c237a560111375ee290e5:23:9	results/081.json.gz
81	std::tuple_size	4	DEPENDENT_OR_LOCAL_NAMES: Tp	81:b49f3194fab9e6bcc0db12ef5650090c32f0a7b03c67581700914098eabf67ff:45:37	results/081.json.gz
81	std::tuple_size	1	DEPENDENT_OR_LOCAL_NAMES: Tp1	81:b49f3194fab9e6bcc0db12ef5650090c32f0a7b03c67581700914098eabf67ff:155:37	results/081.json.gz
81	std::tuple_size	8	DEPENDENT_OR_LOCAL_NAMES: key_tuple	81:e94f8e1c434069cba614c89cda529683a985bdca01e9efc4999ec4b96b7f1b78:735:5	results/081.json.gz
81	std::tuple_size	1	DEPENDENT_OR_LOCAL_NAMES: StdTuple	81:9635972eb589a298f6b20e7678e1b80e9b37729c15d3183144a9bc78b969a024:59:7	results/081.json.gz
81	std::tuple_size	1	DEPENDENT_OR_LOCAL_NAMES: WritableFieldTuple	81:60abb046c221d6bf03330e35eb3b3ffd0de0bd58b2622b8347bf52661ad8f8ef:100:27	results/081.json.gz
81	std::tuple_size	1	DEPENDENT_OR_LOCAL_NAMES: ttype	81:1a788d945ac6e9cda62b2ca75f5611e25a9a94d01dee3629bedb0e1ec2217a6e:211:32	results/081.json.gz
81	std::tuple_size	1	DEPENDENT_OR_LOCAL_NAMES: tuple_left	81:1a788d945ac6e9cda62b2ca75f5611e25a9a94d01dee3629bedb0e1ec2217a6e:309:21	results/081.json.gz
81	std::tuple_size	1	DEPENDENT_OR_LOCAL_NAMES: tuple_type_left	81:fac64a0a74794d55b448490bbf0ef22d5a9fe88446f21a25059b50e7b5bce47b:232:37	results/081.json.gz
81	std::tuple_size	1	DEPENDENT_OR_LOCAL_NAMES: ArgTypes,F	81:22a82612d47a9c79cb23401c647c994784820268612e9092e868037cfae4cb47:83:51	results/081.json.gz
81	std::tuple_size	1	DEPENDENT_OR_LOCAL_NAMES: RawTuple	81:280ab89a8f9e0d58262cf495349b75e9b606ecf6d7d4f1c368cd9eb9c6f71b11:43:31	results/081.json.gz
81	std::tuple_size	1	DEPENDENT_OR_LOCAL_NAMES: Types	81:dc2ce1d825797c6cbeedff132163930fee8fdd2fb7bba587af13d26c848d2af0:119:29	results/081.json.gz
81	std::tuple_size	1	DEPENDENT_OR_LOCAL_NAMES: BaseT	81:d352577644581c74b699892d39a29fa2497a55afff825742387575512172da75:61:34	results/081.json.gz
81	std::tuple_size	1	DEPENDENT_OR_LOCAL_NAMES: argsThenPredicate	81:4a5eb6879ddb68fd203bad8a1c5500747bca134b3a8b8439eb1d4bc71204db58:2567:7	results/081.json.gz
81	std::tuple_size	1	DEPENDENT_OR_LOCAL_NAMES: StringMapEntry,ValueTy,llvm	81:d636d64e81b2f26ce2a74e928714ae4ce7f1f999e8be653fe291bf7f958874db:174:8	results/081.json.gz
81	std::tuple_size	2	DEPENDENT_OR_LOCAL_NAMES: HashT	81:6d7449a5655a7a265c64e205a638f2dad3b5f05068d6a40f1d1f10a41b1d5164:348:27	results/081.json.gz
81	std::tuple_size	4	DEPENDENT_OR_LOCAL_NAMES: ArgTuple	81:385e2d8b5528dc3341a93ff5c276c2e750b72da3fc72ad72d4a3f3613e08fa65:214:47	results/081.json.gz
81	std::tuple_size	1	DEPENDENT_OR_LOCAL_NAMES: Tuple,absl,decay_t	81:e0aacbd1982ab9304064d956e6960ea5ee55b162abbbdf0c027a3f3b323f0292:344:11	results/081.json.gz
81	std::tuple_size	2	DEPENDENT_OR_LOCAL_NAMES: OutputPipelineType	81:0d06cce0c3de37a8eec595a88760a3989ddf7146790e3d26860a75bf460c3d4a:446:29	results/081.json.gz
81	std::tuple_size	1	DEPENDENT_OR_LOCAL_NAMES: ParamTuple	81:45e20515b74a4eb0e60cdff72562ba6538f4c44d58635f90e3b9068cf5a63e37:625:7	results/081.json.gz
81	std::tuple_size	1	DEPENDENT_OR_LOCAL_NAMES: extract_dependencies,to_exec	81:fad196af497c5168b772f766420f846db245347243d31ac659ea7d53b585f763:303:5	results/081.json.gz
81	std::tuple_size	1	DEPENDENT_OR_LOCAL_NAMES: extract_dependencies,new_to_exec	81:fad196af497c5168b772f766420f846db245347243d31ac659ea7d53b585f763:307:5	results/081.json.gz
81	std::tuple_size	1	DEPENDENT_OR_LOCAL_NAMES: extract_dependencies,from_exec	81:fad196af497c5168b772f766420f846db245347243d31ac659ea7d53b585f763:401:5	results/081.json.gz
81	std::tuple_size	1	DEPENDENT_OR_LOCAL_NAMES: extract_dependencies,new_from_exec	81:fad196af497c5168b772f766420f846db245347243d31ac659ea7d53b585f763:405:5	results/081.json.gz
81	std::tuple_size	4	DEPENDENT_OR_LOCAL_NAMES: extract_dependencies,policy	81:2f7dfd9a868a554e3a1ca0c158fc804ac90e6fd20022be8716a5c01730fa17aa:99:5	results/081.json.gz
81	std::tuple_size	2	DEPENDENT_OR_LOCAL_NAMES: extract_dependencies,new_policy0	81:2f7dfd9a868a554e3a1ca0c158fc804ac90e6fd20022be8716a5c01730fa17aa:103:5	results/081.json.gz
81	std::tuple_size	1	DEPENDENT_OR_LOCAL_NAMES: extract_dependencies,new_policy1	81:2f7dfd9a868a554e3a1ca0c158fc804ac90e6fd20022be8716a5c01730fa17aa:127:5	results/081.json.gz
81	std::tuple_size	1	DEPENDENT_OR_LOCAL_NAMES: extract_dependencies,new_policy2	81:2f7dfd9a868a554e3a1ca0c158fc804ac90e6fd20022be8716a5c01730fa17aa:153:5	results/081.json.gz
81	std::tuple_size	1	DEPENDENT_OR_LOCAL_NAMES: U	81:201c618cc1687cc795d49daa9a6ddca14cd51231ca59c4b430e8612095c68872:108:19	results/081.json.gz
81	std::tuple_size	1	DEPENDENT_OR_LOCAL_NAMES: Elements	81:01f062cc724906ae6f3acd9e2e81a55e731c96febfcd3d746449402775e7b4a7:811:37	results/081.json.gz
81	std::tuple_size	2	DEPENDENT_OR_LOCAL_NAMES: FirstType,OtherTypes	81:6a8252f70b8bbb7dff9b365d9885783b761e3aa1533f378aed80bae279419ebd:382:31	results/081.json.gz
81	std::tuple_size	5	DEPENDENT_OR_LOCAL_NAMES: MatcherTuple	81:cb20e1814e5c4d97edb486977619249482ba1ddbf46662b160847031623522b9:685:17	results/081.json.gz
81	std::tuple_size	2	DEPENDENT_OR_LOCAL_NAMES: ValueTuple	81:cb20e1814e5c4d97edb486977619249482ba1ddbf46662b160847031623522b9:686:21	results/081.json.gz
81	std::tuple_size	1	DEPENDENT_OR_LOCAL_NAMES: t	81:86adb226c7779e41885fa34eee7eb8f4c3854f7237a6d6bd9a5afb44802f19c2:509:21	results/081.json.gz
81	std::tuple_size	2	NO_TEMPLATE_ARGUMENT_LIST	81:881adbcca03a133d4fbaceeee4b5bf8773d948a17ee800a89e058032bdb69bb6:958:7	results/081.json.gz
81	std::tuple_size	1	DEPENDENT_OR_LOCAL_NAMES: SS	81:bba890a02f9241463ca3861b80c1cfda5628054d4f8a6ab282208286645db374:1212:39	results/081.json.gz
81	std::tuple_size	3	DEPENDENT_OR_LOCAL_NAMES: ParamsTuple	81:21598b2ecdae95442b74d659ea3b626810ae2426d7fadfb93f59c5a90c187f5e:380:30	results/081.json.gz
84	std::remove_const	25	DEPENDENT_OR_LOCAL_NAMES: T	84:1e49e8bcb287357e5c339ebdb1e8c95d0a6276adc4fdc75e869f063026332757:38:25	results/084.json.gz
84	std::remove_const	2	DEPENDENT_OR_LOCAL_NAMES: Node	84:40547146572673e633953c1f85bf75ea8cdd6e9beca7b1d959b0dddd859e4c62:1113:32	results/084.json.gz
84	std::remove_const	2	DEPENDENT_OR_LOCAL_NAMES: Char	84:81e6c5a64b4ae904f238ef8b7f50479702c69bf580e3fa3ce8699922ebcae268:497:24	results/084.json.gz
84	std::remove_const	1	DEPENDENT_OR_LOCAL_NAMES: Segment	84:e0ba6b12053ef762e24179404e1078a328d556376986e50d3c42b4535ea58b27:68:40	results/084.json.gz
84	std::remove_const	1	DEPENDENT_OR_LOCAL_NAMES: Box	84:e0ba6b12053ef762e24179404e1078a328d556376986e50d3c42b4535ea58b27:103:36	results/084.json.gz
84	std::remove_const	4	DEPENDENT_OR_LOCAL_NAMES: Polygon	84:f545389a31ee3a35a9951f6fb47fd1df027ae04f9561dfb737830bb459dd5e03:84:26	results/084.json.gz
84	std::remove_const	1	DEPENDENT_OR_LOCAL_NAMES: Geometry,point_type,traits	84:b0aa061b67b59243c22e99e870b3927312eca8bdb7353695335c9ad50b527a77:68:22	results/084.json.gz
84	std::remove_const	2	DEPENDENT_OR_LOCAL_NAMES: PolygonType	84:af77e288bc304cd0e18a149dd88c9ff0ac60fbee706b5960dc49bc01e7c53575:49:22	results/084.json.gz
84	std::remove_const	1	DEPENDENT_OR_LOCAL_NAMES: IndexableGetter,result_type	84:8518ce0899612fded6bddf31778beba7bd42f6bc2fb1668557d6d2fdc6ab167d:84:22	results/084.json.gz
84	std::remove_const	1	DEPENDENT_OR_LOCAL_NAMES: Geometry	84:b6d0364d571575f0c33c0c82cd3ae492a2e00c56479ba348caf567bdb6b6a5cc:194:26	results/084.json.gz
84	std::remove_const	3	NO_TEMPLATE_ARGUMENT_LIST	84:dcd2f7f97cf8091732d0f7335f69b40c603a1446475ed3542e5d425a31586dbc:143:75	results/084.json.gz
84	std::remove_const	1	DEPENDENT_OR_LOCAL_NAMES: E	84:bba75ed5689f34db27a78fedc1adad4d76c57ddf537c1978921277c9794a66ab:119:85	results/084.json.gz
84	std::remove_const	1	DEPENDENT_OR_LOCAL_NAMES: N	84:f8a3ea8c73d125f5ef25a44807b44b4411d643dd6f03a24e6ae9c0ed4413f25c:340:104	results/084.json.gz
84	std::remove_const	5	DEPENDENT_OR_LOCAL_NAMES: _v	84:9fed767b29dab714be1f0e3e49b0161a7b653cec347fc8cd156fd7c396d63492:31:50	results/084.json.gz
84	std::remove_const	9	限定名还有外层命名空间；不是已确认的全局 std	84:d7375fcf9006a617eca0dd66f1bd3286193e374376e589fdb529cb303cfa0e35:98:46	results/084.json.gz
84	std::remove_const	1	DEPENDENT_OR_LOCAL_NAMES: Target	84:c2c17ae529f532eb6714a03bac4f8c9d3061f22840b55e9aef4b5d0e01b9f496:190:15	results/084.json.gz
84	std::remove_const	1	DEPENDENT_OR_LOCAL_NAMES: Arg	84:2dcd2a21a789e320e8be403010526b570c6bc21135b1163d98bb53f837bd7b1e:52:19	results/084.json.gz
84	std::remove_const	1	DEPENDENT_OR_LOCAL_NAMES: Concrete	84:a98b290131854d9a22954110685b30aba2c824825d3d85e6159005d5e6a9176e:77:28	results/084.json.gz
84	std::remove_const	2	DEPENDENT_OR_LOCAL_NAMES: Key	84:4627b87c99b8d231799424cbeb6a083dfa4e15777c7ee923cd2ed15b4f7b72f8:17:41	results/084.json.gz
84	std::remove_const	6	DEPENDENT_OR_LOCAL_NAMES: TT	84:89ec46a466a0d21be3df9b72367ba18f24c44477996e494a674c5024549ad29c:295:67	results/084.json.gz
84	std::remove_const	1	DEPENDENT_OR_LOCAL_NAMES: _Tp	84:17895f579b5f9e5f4837ce2a23a20b00ab6cfe27ffc24bab024853ba0a900c88:2241:24	results/084.json.gz
84	std::remove_const	2	DEPENDENT_OR_LOCAL_NAMES: _Val	84:0fe4d4f7756438530a0a0fe9e6db0f782ac25ee8dede2e12c3d6867e305ca3e9:174:36	results/084.json.gz
84	std::remove_const	1	DEPENDENT_OR_LOCAL_NAMES: MaybeConstInnerParameters	84:5184704b15c5b5d3f2f7eb2e34d1c932129aacc7fc238e0ec728b3798348cfd7:66:16	results/084.json.gz
84	std::remove_const	5	DEPENDENT_OR_LOCAL_NAMES: BasicJsonType	84:298ad906bd66894f5f5af6cc2667fbdafd120b5b8904825d47244a17c65e0cca:11351:111	results/084.json.gz
84	std::remove_const	1	DEPENDENT_OR_LOCAL_NAMES: type	84:c327a6c05dee37783a57c2ba685e420c5c87fbcc6900f6333b1586da7a3b0329:63:31	results/084.json.gz
84	std::remove_const	7	DEPENDENT_OR_LOCAL_NAMES: Element	84:bcb966814dd6aea71f7df17ab8a0e482efd37f9566d4eeec528a9c314a6deff4:1045:31	results/084.json.gz
84	std::remove_const	3	DEPENDENT_OR_LOCAL_NAMES: Item	84:b7608d4693fa810ece09785464c3647e231a3ac43adbdda8adc6e4d33b837bfc:449:40	results/084.json.gz
84	std::remove_const	1	DEPENDENT_OR_LOCAL_NAMES: ParamT	84:45e20515b74a4eb0e60cdff72562ba6538f4c44d58635f90e3b9068cf5a63e37:657:34	results/084.json.gz
84	std::remove_const	1	DEPENDENT_OR_LOCAL_NAMES: ReverseM	84:f85eb9142ff83c1052111901f67a0fc21eef93642310776195cb6df6e7cf99ec:179:12	results/084.json.gz
84	std::remove_const	3	CUDA 内嵌标准实现的命名空间/目标配置未闭合，不用宿主 std 测量替代	84:e18886f9040898b15f32ab78e7a310bfd4947b053cd6ad2036b9a0c266f3e01e:1055:34	results/084.json.gz
84	std::remove_const	3	DEPENDENT_OR_LOCAL_NAMES: Scalar	84:2d79e9f48095b4162c9d795c9964cb7326d2d178afdd81d71168605d767182a1:35:45	results/084.json.gz
84	std::remove_const	1	DEPENDENT_OR_LOCAL_NAMES: T1	84:70b10b14f96f15f419a6e1de335a4dedcec06cfdf2f434c5949d3ed631e7fabb:554:52	results/084.json.gz
84	std::remove_const	1	DEPENDENT_OR_LOCAL_NAMES: RangeType	84:70b10b14f96f15f419a6e1de335a4dedcec06cfdf2f434c5949d3ed631e7fabb:1345:18	results/084.json.gz
84	std::remove_const	1	DEPENDENT_OR_LOCAL_NAMES: kInt32,torch	84:ec1e5073af572e37f1eb778776847b5ca18edd981646f58dea8348cff0a5d838:54:9	results/084.json.gz
84	std::remove_const	2	DEPENDENT_OR_LOCAL_NAMES: U	84:d5723f7c5b0bc838a6e374ba33f79ecce887e5c0e4c6bfb8ac7a91aeb4debcb8:263:46	results/084.json.gz
84	std::remove_const	1	DEPENDENT_OR_LOCAL_NAMES: LhsContainer	84:cb20e1814e5c4d97edb486977619249482ba1ddbf46662b160847031623522b9:2439:18	results/084.json.gz
84	std::remove_const	2	DEPENDENT_OR_LOCAL_NAMES: Container	84:cb20e1814e5c4d97edb486977619249482ba1ddbf46662b160847031623522b9:4705:43	results/084.json.gz
84	std::remove_const	1	DEPENDENT_OR_LOCAL_NAMES: RhsContainer	84:cb20e1814e5c4d97edb486977619249482ba1ddbf46662b160847031623522b9:4766:22	results/084.json.gz
84	std::remove_const	1	DEPENDENT_OR_LOCAL_NAMES: ElementPointer,element_type	84:9fc804ea2721eeb7cc17199963e57b2706ab0d0d9c174a1587630ce2dff08910:384:20	results/084.json.gz
84	std::remove_const	3	DEPENDENT_OR_LOCAL_NAMES: value_type	84:3ef5d6946fe38bc0bd842e187706d6e8ea6b25cd25d6f2efdc959593cefa4f05:979:29	results/084.json.gz
84	std::remove_const	1	DEPENDENT_OR_LOCAL_NAMES: Iter,first_type,iterator_value_t	84:15e1e3ef063fb5a1df012686338c84ec513490c42dccced1e4b352b7ad0afa73:235:33	results/084.json.gz
84	std::remove_const	1	DEPENDENT_OR_LOCAL_NAMES: first_type,value_type	84:bba890a02f9241463ca3861b80c1cfda5628054d4f8a6ab282208286645db374:1072:33	results/084.json.gz
84	std::remove_const	1	DEPENDENT_OR_LOCAL_NAMES: second_type,value_type	84:bba890a02f9241463ca3861b80c1cfda5628054d4f8a6ab282208286645db374:1073:34	results/084.json.gz
84	std::remove_const	2	DEPENDENT_OR_LOCAL_NAMES: ConvertTo	84:bba890a02f9241463ca3861b80c1cfda5628054d4f8a6ab282208286645db374:2165:14	results/084.json.gz
84	std::remove_const	1	DEPENDENT_OR_LOCAL_NAMES: SpecType	84:f0a83f15bc0696b6ae33420bde73355e90e65e5a57c7552abc3a0c77a6e6e7d0:67:22	results/084.json.gz
85	std::is_constructible	2	DEPENDENT_OR_LOCAL_NAMES: T,V	85:d6279e4d5b95357893458c7910a7de429aca64f72f7dda21afdaedd6559267a6:161:31	results/085.json.gz
85	std::is_constructible	4	DEPENDENT_OR_LOCAL_NAMES: F,absl,decay_t	85:c0a371cc6d3563c22538689bd646424bebd1b4027108f17b60df93e6cc325c1d:610:23	results/085.json.gz
85	std::is_constructible	2	DEPENDENT_OR_LOCAL_NAMES: Args,F,absl,decay_t	85:c0a371cc6d3563c22538689bd646424bebd1b4027108f17b60df93e6cc325c1d:618:23	results/085.json.gz
85	std::is_constructible	8	DEPENDENT_OR_LOCAL_NAMES: StatusOr,T,U	85:93febd5d2b52f66456fd62b5316eec3843c3055e5bc4a1761840804f45c7e240:62:23	results/085.json.gz
85	std::is_constructible	53	DEPENDENT_OR_LOCAL_NAMES: T,U	85:93febd5d2b52f66456fd62b5316eec3843c3055e5bc4a1761840804f45c7e240:163:42	results/085.json.gz
85	std::is_constructible	8	DEPENDENT_OR_LOCAL_NAMES: Status,U,absl	85:93febd5d2b52f66456fd62b5316eec3843c3055e5bc4a1761840804f45c7e240:170:32	results/085.json.gz
85	std::is_constructible	1	DEPENDENT_OR_LOCAL_NAMES: T,UQ	85:93febd5d2b52f66456fd62b5316eec3843c3055e5bc4a1761840804f45c7e240:210:5	results/085.json.gz
85	std::is_constructible	9	DEPENDENT_OR_LOCAL_NAMES: Args,T,U	85:8420d48d7c331305f4c0c6b91ed60a2d57bed57ebb9fda3be9226671d647dd31:595:11	results/085.json.gz
85	std::is_constructible	2	DEPENDENT_OR_LOCAL_NAMES: C,absl,string_view	85:13eda46a645faec4d52678b40e78f89a37883abc0a236dce12d8384955c20975:223:7	results/085.json.gz
85	std::is_constructible	2	DEPENDENT_OR_LOCAL_NAMES: C,absl,key_type,string_view	85:13eda46a645faec4d52678b40e78f89a37883abc0a236dce12d8384955c20975:228:11	results/085.json.gz
85	std::is_constructible	2	DEPENDENT_OR_LOCAL_NAMES: C,absl,mapped_type,string_view	85:13eda46a645faec4d52678b40e78f89a37883abc0a236dce12d8384955c20975:229:11	results/085.json.gz
85	std::is_constructible	2	DEPENDENT_OR_LOCAL_NAMES: FormatRawSinkImpl,T,str_format_internal	85:fcd54077f7487f3398952b6137319ee181b790f0bf1fc518c25dd1d993f93610:501:48	results/085.json.gz
85	std::is_constructible	2	NO_TEMPLATE_ARGUMENT_LIST	85:502acdb4ff702e3446934b70610e0da76b3b26166a6782f09ff7621250c18fdf:73:7	results/085.json.gz
85	std::is_constructible	1	DEPENDENT_OR_LOCAL_NAMES: Arg0,RatePolicy	85:b56b9082810d0d7d6ae08edd960741da4ae3e02c378ebb4dcd84e5c4429f9b51:354:11	results/085.json.gz
85	std::is_constructible	1	DEPENDENT_OR_LOCAL_NAMES: RatePolicy,RatePolicy_	85:b56b9082810d0d7d6ae08edd960741da4ae3e02c378ebb4dcd84e5c4429f9b51:395:13	results/085.json.gz
85	std::is_constructible	1	DEPENDENT_OR_LOCAL_NAMES: Args,Buffers	85:818607d7fd7aa2b3f82b41baa58fd0d623cb4d48861869bc2fc9b02ad8655665:162:9	results/085.json.gz
85	std::is_constructible	2	DEPENDENT_OR_LOCAL_NAMES: Body,Fields,header,isRequest,writer	85:71fabd9c2e169a063cb92c9140fbdecb961e9c5e7d4e5b515724778a2d127b68:74:9	results/085.json.gz
85	std::is_constructible	6	DEPENDENT_OR_LOCAL_NAMES: T,detail,fields_model,header,writer	85:1bec10d100cc3bda94ebfacae9eeadb1070661edbc54caf77848727da45e2210:92:6	results/085.json.gz
85	std::is_constructible	2	DEPENDENT_OR_LOCAL_NAMES: T,detail,fields_model,header,reader	85:1bec10d100cc3bda94ebfacae9eeadb1070661edbc54caf77848727da45e2210:186:10	results/085.json.gz
85	std::is_constructible	1	DEPENDENT_OR_LOCAL_NAMES: P,R	85:58f1b830184ac023aab20ff27eb21cd01bec4ddb6605d7ff825d4a96aa76e48c:88:26	results/085.json.gz
85	std::is_constructible	3	DEPENDENT_OR_LOCAL_NAMES: __VA_ARGS__	85:5e1ad33e71701b826657a33b36a32f8eba373641ddbedcb54db4d3aa739ae494:54:50	results/085.json.gz
85	std::is_constructible	1	DEPENDENT_OR_LOCAL_NAMES: Axis,axis,index_type	85:aedfe8e1fcc855d8e1ca8d6663b3a8e2650246c8c743c3062e7ebb7490cb6b9c:175:22	results/085.json.gz
85	std::is_constructible	1	DEPENDENT_OR_LOCAL_NAMES: T,Xs	85:1042d3a0dfa3b8eef7a6a077b4d38cb4bcd2d2b0f214358c59c2f799bd928466:105:3	results/085.json.gz
85	std::is_constructible	2	DEPENDENT_OR_LOCAL_NAMES: InputIt,value	85:1209875661a1bfde017219bae20ea09c00a575a45a05e1457a3ca549fd9418df:313:13	results/085.json.gz
85	std::is_constructible	2	DEPENDENT_OR_LOCAL_NAMES: first,value	85:badf3500e7236b7f06edc9ed96739e6ad26d5ac0927f5ca1daabf298722ec10e:146:9	results/085.json.gz
85	std::is_constructible	1	DEPENDENT_OR_LOCAL_NAMES: T,key_value_pair	85:2669da6c8611f5b86ebc9985a0b184fe843d97ee3d07e53969e3735876a403f9:88:9	results/085.json.gz
85	std::is_constructible	1	DEPENDENT_OR_LOCAL_NAMES: P,key_value_pair,storage_ptr	85:2669da6c8611f5b86ebc9985a0b184fe843d97ee3d07e53969e3735876a403f9:966:13	results/085.json.gz
85	std::is_constructible	3	DEPENDENT_OR_LOCAL_NAMES: T,string_view	85:f6fee4339ff49bafe4fa42ab0177185da065987a96cbfa1741af40ba3fae7fea:181:17	results/085.json.gz
85	std::is_constructible	1	DEPENDENT_OR_LOCAL_NAMES: T,__float128	85:ce8abac1501147c391032647ce9c1ed0578a304614a899d01a717b8f98162cf4:36:53	results/085.json.gz
85	std::is_constructible	32	DEPENDENT_OR_LOCAL_NAMES: T	85:90d9fdb116161c7d4240d489892b6021d6ba953beb2c72cb0bf5aa93691b6d6b:1746:51	results/085.json.gz
85	std::is_constructible	1	DEPENDENT_OR_LOCAL_NAMES: T,lookup_t	85:90d9fdb116161c7d4240d489892b6021d6ba953beb2c72cb0bf5aa93691b6d6b:2023:49	results/085.json.gz
85	std::is_constructible	2	DEPENDENT_OR_LOCAL_NAMES: Real	85:bae635b30c992b37fc7aa7f52822c86264160c131cbe13932cfb8790d6e54d39:64:107	results/085.json.gz
85	std::is_constructible	8	DEPENDENT_OR_LOCAL_NAMES: Backend,T	85:8d355adbbce0a1c9264b97d97dbfddfea5cb2f33f1fb7f6662da6bb87298ce1f:81:68	results/085.json.gz
85	std::is_constructible	8	DEPENDENT_OR_LOCAL_NAMES: Backend,U	85:8d355adbbce0a1c9264b97d97dbfddfea5cb2f33f1fb7f6662da6bb87298ce1f:81:118	results/085.json.gz
85	std::is_constructible	2	DEPENDENT_OR_LOCAL_NAMES: Backend,T,U	85:4ba35b0643e5421bae8bbc15ae465270e35260b5e49a8ca75ca2ac8723e3e0b2:73:66	results/085.json.gz
85	std::is_constructible	2	DEPENDENT_OR_LOCAL_NAMES: Backend	85:4ba35b0643e5421bae8bbc15ae465270e35260b5e49a8ca75ca2ac8723e3e0b2:79:110	results/085.json.gz
85	std::is_constructible	1	DEPENDENT_OR_LOCAL_NAMES: Backend,Other	85:9035208de9d901cf8876c2a288aa87e3e923229c864f573d0d16b5b925937a25:3741:53	results/085.json.gz
85	std::is_constructible	3	DEPENDENT_OR_LOCAL_NAMES: To,component_backend	85:9ec3cca3e2488a185d17c2b4dba29e8b84c1eef39e0ad1bb523b4123c370f6c0:610:158	results/085.json.gz
85	std::is_constructible	5	DEPENDENT_OR_LOCAL_NAMES: T,result_type	85:da08cd37a9beffa84965781305f5b18c31e9f8e65232be080ed046700a0c6f92:603:116	results/085.json.gz
85	std::is_constructible	3	DEPENDENT_OR_LOCAL_NAMES: T,gmp_int	85:4b11ad36ac9156c502bdeb3b28b4a2b39e3be4841b21a0ecfde635647839b44f:2407:65	results/085.json.gz
85	std::is_constructible	3	DEPENDENT_OR_LOCAL_NAMES: U,gmp_int	85:4b11ad36ac9156c502bdeb3b28b4a2b39e3be4841b21a0ecfde635647839b44f:2407:109	results/085.json.gz
85	std::is_constructible	2	DEPENDENT_OR_LOCAL_NAMES: Backend,D	85:c0be77a688b52d98dbaeed37df4ec92db1a0337950173da52cef9762239ee7d6:105:80	results/085.json.gz
85	std::is_constructible	2	DEPENDENT_OR_LOCAL_NAMES: Digits10,V,allocate_dynamic,et_on,mpfr_float_backend,number	85:b0fafa718a55c3fd290827ee5216e922b75a67f8ef25455c2db2d826f28877ad:574:25	results/085.json.gz
85	std::is_constructible	1	DEPENDENT_OR_LOCAL_NAMES: Backend,V,canonical,detail	85:2549b437a6319ee9cbd2032560a0272611715dd89c2919dd85a4a3f9e9aed569:86:10	results/085.json.gz
85	std::is_constructible	5	DEPENDENT_OR_LOCAL_NAMES: Backend,U,V,canonical,detail,evaluate_if_expression	85:2549b437a6319ee9cbd2032560a0272611715dd89c2919dd85a4a3f9e9aed569:177:16	results/085.json.gz
85	std::is_constructible	2	DEPENDENT_OR_LOCAL_NAMES: V,value_type	85:2549b437a6319ee9cbd2032560a0272611715dd89c2919dd85a4a3f9e9aed569:235:71	results/085.json.gz
85	std::is_constructible	2	DEPENDENT_OR_LOCAL_NAMES: U,value_type	85:2549b437a6319ee9cbd2032560a0272611715dd89c2919dd85a4a3f9e9aed569:235:166	results/085.json.gz
85	std::is_constructible	1	DEPENDENT_OR_LOCAL_NAMES: Backend,ET,Other,canonical,detail,evaluate_if_expression,number	85:2549b437a6319ee9cbd2032560a0272611715dd89c2919dd85a4a3f9e9aed569:289:15	results/085.json.gz
85	std::is_constructible	1	DEPENDENT_OR_LOCAL_NAMES: T,convertible_to,detail,self_type	85:2549b437a6319ee9cbd2032560a0272611715dd89c2919dd85a4a3f9e9aed569:1072:83	results/085.json.gz
85	std::is_constructible	1	DEPENDENT_OR_LOCAL_NAMES: Arithmetic,Backend	85:23757733a6f1111aab0af98bb0bf5105fde08ac412c2cbf18d51bbad42656012:102:68	results/085.json.gz
85	std::is_constructible	2	DEPENDENT_OR_LOCAL_NAMES: Args,Stream	85:8e45806171733262108567dce3005fffbfb986c8aaab9430df122b0f30fede17:87:50	results/085.json.gz
85	std::is_constructible	1	DEPENDENT_OR_LOCAL_NAMES: T,field_view	85:6d1cd981d30ef971cfc69e4c6ad2a6b3e538b98cf1ed143151902aa31d913231:37:29	results/085.json.gz
85	std::is_constructible	11	DEPENDENT_OR_LOCAL_NAMES: Args,T	85:7db67d5c53a0188df7cfb9b6e4a18130afa7b8c9e23093492e0125be5894c6d1:315:35	results/085.json.gz
85	std::is_constructible	2	DEPENDENT_OR_LOCAL_NAMES: MakeStatusCodeResult,errored_status_code	85:a12f257b04ce08d2574d20712d77525f55ceac274b3f1fafa63e69bcab213b95:103:50	results/085.json.gz
85	std::is_constructible	2	DEPENDENT_OR_LOCAL_NAMES: QuickStatusCodeType,errored_status_code	85:a12f257b04ce08d2574d20712d77525f55ceac274b3f1fafa63e69bcab213b95:113:75	results/085.json.gz
85	std::is_constructible	1	DEPENDENT_OR_LOCAL_NAMES: MakeStatusCodeResult,error_type	85:b180ee0bf34b47ecea1740c49478e52007d25767ad35389c9c7a638dfa888223:213:50	results/085.json.gz
85	std::is_constructible	2	DEPENDENT_OR_LOCAL_NAMES: MakeStatusCodeResult,status_code	85:3596a693127e52e4ec25a8713541e895e667f8f70130bf25a1709f5578ac69dd:479:50	results/085.json.gz
85	std::is_constructible	2	DEPENDENT_OR_LOCAL_NAMES: QuickStatusCodeType,status_code	85:3596a693127e52e4ec25a8713541e895e667f8f70130bf25a1709f5578ac69dd:487:75	results/085.json.gz
85	std::is_constructible	1	DEPENDENT_OR_LOCAL_NAMES: T,ubiq_constructor_except	85:ccf68e9226492c95c26018b845a6ca8a2025cb757fd7b5c1d19a39e176d9e12c:70:12	results/085.json.gz
85	std::is_constructible	1	DEPENDENT_OR_LOCAL_NAMES: I,T,ubiq_lref_constructor	85:ccf68e9226492c95c26018b845a6ca8a2025cb757fd7b5c1d19a39e176d9e12c:81:18	results/085.json.gz
85	std::is_constructible	1	DEPENDENT_OR_LOCAL_NAMES: I,T,ubiq_rref_constructor	85:ccf68e9226492c95c26018b845a6ca8a2025cb757fd7b5c1d19a39e176d9e12c:81:93	results/085.json.gz
85	std::is_constructible	1	DEPENDENT_OR_LOCAL_NAMES: CWrapper,Callable	85:b4e45f6b4c606a5ae3ec103d5162f82593afe15fe0578a3062632d498998ae5c:72:7	results/085.json.gz
85	std::is_constructible	3	DEPENDENT_OR_LOCAL_NAMES: Args,F	85:c596a4addff33c7315c474539305a23ff69da53350f21890d0d761e93cc74ba1:30:3	results/085.json.gz
85	std::is_constructible	2	DEPENDENT_OR_LOCAL_NAMES: Args,F,R	85:c596a4addff33c7315c474539305a23ff69da53350f21890d0d761e93cc74ba1:38:3	results/085.json.gz
85	std::is_constructible	1	DEPENDENT_OR_LOCAL_NAMES: T,remove_cvref_t	85:94cc16efeccd943655d55774cb772fa646bde67d9bd9800f77f34d6460ca7422:53:17	results/085.json.gz
85	std::is_constructible	1	DEPENDENT_OR_LOCAL_NAMES: U,remove_cvref_t	85:94cc16efeccd943655d55774cb772fa646bde67d9bd9800f77f34d6460ca7422:54:17	results/085.json.gz
85	std::is_constructible	2	DEPENDENT_OR_LOCAL_NAMES: A,T	85:129dbf6108ea9cad20b345b10da237fc3f96541753043a15c34fba5c25f90d12:88:56	results/085.json.gz
85	std::is_constructible	4	DEPENDENT_OR_LOCAL_NAMES: A,E	85:129dbf6108ea9cad20b345b10da237fc3f96541753043a15c34fba5c25f90d12:183:9	results/085.json.gz
85	std::is_constructible	1	DEPENDENT_OR_LOCAL_NAMES: Args,TypePolicy,init_type	85:aa42ac8e3159f73027a9d606a67fad0172b2108f3f01d39ef39f753500883ba5:1143:5	results/085.json.gz
85	std::is_constructible	1	DEPENDENT_OR_LOCAL_NAMES: TypePolicy,emplace_type	85:aa42ac8e3159f73027a9d606a67fad0172b2108f3f01d39ef39f753500883ba5:1149:5	results/085.json.gz
85	std::is_constructible	1	DEPENDENT_OR_LOCAL_NAMES: OptionalString	85:0e197416957a71449e3025b21c042a3fab526e94ca8be753820f326e2b3d5f8c:68:9	results/085.json.gz
85	std::is_constructible	1	DEPENDENT_OR_LOCAL_NAMES: Ts,Us	85:396e59b3c6f399d965f7af93f6e302febec51766bbf554421603435e3f43e254:138:30	results/085.json.gz
85	std::is_constructible	2	DEPENDENT_OR_LOCAL_NAMES: U,V	85:398598c284ebcb41236f2b22856572f9aca86bc707964325e4eb2e2d8282b9e3:1637:44	results/085.json.gz
85	std::is_constructible	2	DEPENDENT_OR_LOCAL_NAMES: A,U	85:398598c284ebcb41236f2b22856572f9aca86bc707964325e4eb2e2d8282b9e3:1645:112	results/085.json.gz
85	std::is_constructible	2	DEPENDENT_OR_LOCAL_NAMES: A,U,V	85:398598c284ebcb41236f2b22856572f9aca86bc707964325e4eb2e2d8282b9e3:1650:121	results/085.json.gz
85	std::is_constructible	2	DEPENDENT_OR_LOCAL_NAMES: A,I,T,mp11,mp_at_c,variant	85:398598c284ebcb41236f2b22856572f9aca86bc707964325e4eb2e2d8282b9e3:1655:75	results/085.json.gz
85	std::is_constructible	2	DEPENDENT_OR_LOCAL_NAMES: A,I,T,V,mp11,mp_at_c,variant	85:398598c284ebcb41236f2b22856572f9aca86bc707964325e4eb2e2d8282b9e3:1660:84	results/085.json.gz
85	std::is_constructible	5	DEPENDENT_OR_LOCAL_NAMES: _Pair,value_type	85:cd5ceb961c9d867ac9968ed3174b487dab215aab6cd95c77a3ba2b0255a8df32:1137:20	results/085.json.gz
85	std::is_constructible	1	DEPENDENT_OR_LOCAL_NAMES: RangeT,iterator,iterator_range	85:4a5eb6879ddb68fd203bad8a1c5500747bca134b3a8b8439eb1d4bc71204db58:1295:58	results/085.json.gz
85	std::is_constructible	2	DEPENDENT_OR_LOCAL_NAMES: StringRef,UnaryFunctor	85:4a5eb6879ddb68fd203bad8a1c5500747bca134b3a8b8439eb1d4bc71204db58:2249:16	results/085.json.gz
85	std::is_constructible	2	DEPENDENT_OR_LOCAL_NAMES: NullaryFunctor,StringRef	85:4a5eb6879ddb68fd203bad8a1c5500747bca134b3a8b8439eb1d4bc71204db58:2250:16	results/085.json.gz
85	std::is_constructible	12	DEPENDENT_OR_LOCAL_NAMES: T,U,optional	85:6cf3a2d9091ec702e88e1c787fab7f6347f7e4051202b8ff5abc2e2c86203e36:347:17	results/085.json.gz
85	std::is_constructible	2	DEPENDENT_OR_LOCAL_NAMES: T,Tj	85:0d89b3f52d0f1e22a331e74eed9b0609321dbefc57e6cc1aec1d33745ea5fcfc:510:25	results/085.json.gz
85	std::is_constructible	1	DEPENDENT_OR_LOCAL_NAMES: Args,T,UnambiguousTypeOfT,variant,variant_internal	85:0d89b3f52d0f1e22a331e74eed9b0609321dbefc57e6cc1aec1d33745ea5fcfc:521:37	results/085.json.gz
85	std::is_constructible	1	DEPENDENT_OR_LOCAL_NAMES: Args,T,U,UnambiguousTypeOfT,variant,variant_internal	85:0d89b3f52d0f1e22a331e74eed9b0609321dbefc57e6cc1aec1d33745ea5fcfc:535:37	results/085.json.gz
85	std::is_constructible	1	DEPENDENT_OR_LOCAL_NAMES: Args,I,VariantAlternativeSfinaeT,variant,variant_internal	85:0d89b3f52d0f1e22a331e74eed9b0609321dbefc57e6cc1aec1d33745ea5fcfc:547:37	results/085.json.gz
85	std::is_constructible	1	DEPENDENT_OR_LOCAL_NAMES: Args,I,U,VariantAlternativeSfinaeT,variant,variant_internal	85:0d89b3f52d0f1e22a331e74eed9b0609321dbefc57e6cc1aec1d33745ea5fcfc:557:37	results/085.json.gz
85	std::is_constructible	1	DEPENDENT_OR_LOCAL_NAMES: Args,T,UnambiguousIndexOf,absl,variant,variant_alternative_t,variant_internal	85:0d89b3f52d0f1e22a331e74eed9b0609321dbefc57e6cc1aec1d33745ea5fcfc:619:31	results/085.json.gz
85	std::is_constructible	1	DEPENDENT_OR_LOCAL_NAMES: Args,T,U,UnambiguousIndexOf,absl,variant,variant_alternative_t,variant_internal	85:0d89b3f52d0f1e22a331e74eed9b0609321dbefc57e6cc1aec1d33745ea5fcfc:640:31	results/085.json.gz
85	std::is_constructible	1	DEPENDENT_OR_LOCAL_NAMES: Args,I,absl,variant,variant_alternative_t	85:0d89b3f52d0f1e22a331e74eed9b0609321dbefc57e6cc1aec1d33745ea5fcfc:662:17	results/085.json.gz
85	std::is_constructible	1	DEPENDENT_OR_LOCAL_NAMES: Args,I,U,absl,variant,variant_alternative_t	85:0d89b3f52d0f1e22a331e74eed9b0609321dbefc57e6cc1aec1d33745ea5fcfc:678:37	results/085.json.gz
85	std::is_constructible	2	DEPENDENT_OR_LOCAL_NAMES: BasicJsonType,Key,string_t	85:298ad906bd66894f5f5af6cc2667fbdafd120b5b8904825d47244a17c65e0cca:4209:38	results/085.json.gz
85	std::is_constructible	1	DEPENDENT_OR_LOCAL_NAMES: BasicJsonType,CompatibleString,string_t	85:298ad906bd66894f5f5af6cc2667fbdafd120b5b8904825d47244a17c65e0cca:4692:22	results/085.json.gz
85	std::is_constructible	1	DEPENDENT_OR_LOCAL_NAMES: BasicJsonType,N,T,string_t	85:298ad906bd66894f5f5af6cc2667fbdafd120b5b8904825d47244a17c65e0cca:4786:20	results/085.json.gz
85	std::is_constructible	1	DEPENDENT_OR_LOCAL_NAMES: BasicJsonType,T1	85:298ad906bd66894f5f5af6cc2667fbdafd120b5b8904825d47244a17c65e0cca:4794:76	results/085.json.gz
85	std::is_constructible	1	DEPENDENT_OR_LOCAL_NAMES: BasicJsonType,T2	85:298ad906bd66894f5f5af6cc2667fbdafd120b5b8904825d47244a17c65e0cca:4794:126	results/085.json.gz
85	std::is_constructible	1	DEPENDENT_OR_LOCAL_NAMES: Args,value_type	85:298ad906bd66894f5f5af6cc2667fbdafd120b5b8904825d47244a17c65e0cca:13055:21	results/085.json.gz
85	std::is_constructible	1	DEPENDENT_OR_LOCAL_NAMES: Arg,ArrayRef,Block	85:117a2d6c9dd76851f97204bd8a0acb2ebf068c9852faaeecd019ff3edfd22de2:111:55	results/085.json.gz
85	std::is_constructible	1	DEPENDENT_OR_LOCAL_NAMES: Arg,DiagnosticArgument	85:c4457aa97cf1a19b18f810b64528e104efba4d015f5b236e40c0a0bfbb3d4a95:178:24	results/085.json.gz
85	std::is_constructible	1	DEPENDENT_OR_LOCAL_NAMES: DiagnosticArgument,T	85:c4457aa97cf1a19b18f810b64528e104efba4d015f5b236e40c0a0bfbb3d4a95:211:21	results/085.json.gz
85	std::is_constructible	2	DEPENDENT_OR_LOCAL_NAMES: Arg,ArrayRef,Region	85:a83caacd44a045db533cdec9cc15881f413b80c431f90128d82cffbdbf75119b:346:55	results/085.json.gz
85	std::is_constructible	1	DEPENDENT_OR_LOCAL_NAMES: Arg,ArrayRef,Type	85:50258a2ff0c0455a77b2d73ef6c5fcdbd431b926b803d9e5b45f293270109db4:47:55	results/085.json.gz
85	std::is_constructible	1	DEPENDENT_OR_LOCAL_NAMES: Arg,ArrayRef,Value	85:c720045a598958ed668962adc58d0c0a4761af2c7afa77364c5b9c8fb2a4da8a:386:17	results/085.json.gz
85	std::is_constructible	1	DEPENDENT_OR_LOCAL_NAMES: Arg,ShapeStorageT	85:cf6a6cbf64fa00652c83454f82c98a63ef1a398c47b397a44c5cdbec0f5e2279:129:31	results/085.json.gz
85	std::is_constructible	1	DEPENDENT_OR_LOCAL_NAMES: AnalysisT,OpT	85:52ed98f83c628ebbae3149033b071dca9798f6c43f2cba292983c61ec6437c5a:163:7	results/085.json.gz
85	std::is_constructible	3	DEPENDENT_OR_LOCAL_NAMES: AnalysisManager,AnalysisT,OpT	85:52ed98f83c628ebbae3149033b071dca9798f6c43f2cba292983c61ec6437c5a:164:11	results/085.json.gz
85	std::is_constructible	2	DEPENDENT_OR_LOCAL_NAMES: T,type	85:c327a6c05dee37783a57c2ba685e420c5c87fbcc6900f6333b1586da7a3b0329:794:36	results/085.json.gz
85	std::is_constructible	1	DEPENDENT_OR_LOCAL_NAMES: Alias,Class,Cpp	85:3f207b2d186c3b9a3225f85ba829670dafcc0740c53d78290d6328656528164b:54:32	results/085.json.gz
85	std::is_constructible	2	DEPENDENT_OR_LOCAL_NAMES: Args,Class	85:3f207b2d186c3b9a3225f85ba829670dafcc0740c53d78290d6328656528164b:74:31	results/085.json.gz
85	std::is_constructible	2	DEPENDENT_OR_LOCAL_NAMES: Args,Class,Cpp	85:3f207b2d186c3b9a3225f85ba829670dafcc0740c53d78290d6328656528164b:215:41	results/085.json.gz
85	std::is_constructible	1	DEPENDENT_OR_LOCAL_NAMES: Alias,Args,Class	85:3f207b2d186c3b9a3225f85ba829670dafcc0740c53d78290d6328656528164b:256:41	results/085.json.gz
85	std::is_constructible	1	DEPENDENT_OR_LOCAL_NAMES: Args,U,VT	85:a84871024ec57b40b40feceaaad8ebc2de5e6f01be58953e0c2d2d7b1889920a:135:11	results/085.json.gz
85	std::is_constructible	4	DEPENDENT_OR_LOCAL_NAMES: Element,Iter	85:bcb966814dd6aea71f7df17ab8a0e482efd37f9566d4eeec528a9c314a6deff4:174:48	results/085.json.gz
85	std::is_constructible	2	DEPENDENT_OR_LOCAL_NAMES: Other,T	85:ecdc89fa2005396cc6c7660dc02639a2812a80c433ca5d0180cb1352edb01b95:299:5	results/085.json.gz
85	std::is_constructible	1	DEPENDENT_OR_LOCAL_NAMES: Context,T,formatter_type,template	85:61e11d883a58a4d3d938481cd612494590ffd511a17cf46158b21331d10945b8:501:5	results/085.json.gz
85	std::is_constructible	1	DEPENDENT_OR_LOCAL_NAMES: Context,T,char_type,fallback_formatter	85:61e11d883a58a4d3d938481cd612494590ffd511a17cf46158b21331d10945b8:616:5	results/085.json.gz
85	std::is_constructible	1	DEPENDENT_OR_LOCAL_NAMES: T,basic_string_view,char_type	85:61e11d883a58a4d3d938481cd612494590ffd511a17cf46158b21331d10945b8:791:17	results/085.json.gz
85	std::is_constructible	1	DEPENDENT_OR_LOCAL_NAMES: StringView,T	85:ad14df4688b7a8d3bb02905c6f791636a17b1a65f80b2ac00b1f197387f73b40:156:21	results/085.json.gz
85	std::is_constructible	3	DEPENDENT_OR_LOCAL_NAMES: NodeConfiguration,T	85:0292ba66bf4d4456f39502ffbf849dbad27b30e4413ee1e88d3c96a12c925410:39:42	results/085.json.gz
85	std::is_constructible	5	DEPENDENT_OR_LOCAL_NAMES: E,E2	85:c6feb6ad03fddb35852b5c045d5e89bb3e54b184f2efcc299c36c784d96d2078:492:13	results/085.json.gz
85	std::is_constructible	4	DEPENDENT_OR_LOCAL_NAMES: E,G	85:c6feb6ad03fddb35852b5c045d5e89bb3e54b184f2efcc299c36c784d96d2078:890:16	results/085.json.gz
85	std::is_constructible	16	DEPENDENT_OR_LOCAL_NAMES: G,T,U,expected	85:c6feb6ad03fddb35852b5c045d5e89bb3e54b184f2efcc299c36c784d96d2078:891:17	results/085.json.gz
85	std::is_constructible	2	DEPENDENT_OR_LOCAL_NAMES: Args,E	85:c6feb6ad03fddb35852b5c045d5e89bb3e54b184f2efcc299c36c784d96d2078:1081:13	results/085.json.gz
85	std::is_constructible	1	DEPENDENT_OR_LOCAL_NAMES: Args,U	85:c6feb6ad03fddb35852b5c045d5e89bb3e54b184f2efcc299c36c784d96d2078:1483:13	results/085.json.gz
85	std::is_constructible	3	DEPENDENT_OR_LOCAL_NAMES: Callable	85:c69ba249cd20db3d4ab48db7e5b2b59f3ae54c0042495192909e22b03f60d31f:431:7	results/085.json.gz
85	std::is_constructible	1	DEPENDENT_OR_LOCAL_NAMES: F,G	85:c69ba249cd20db3d4ab48db7e5b2b59f3ae54c0042495192909e22b03f60d31f:751:31	results/085.json.gz
85	std::is_constructible	1	DEPENDENT_OR_LOCAL_NAMES: G,Result	85:c69ba249cd20db3d4ab48db7e5b2b59f3ae54c0042495192909e22b03f60d31f:767:35	results/085.json.gz
85	std::is_constructible	1	DEPENDENT_OR_LOCAL_NAMES: Impl	85:c69ba249cd20db3d4ab48db7e5b2b59f3ae54c0042495192909e22b03f60d31f:2122:42	results/085.json.gz
85	std::is_constructible	1	DEPENDENT_OR_LOCAL_NAMES: Args,ExpectedKey,T	85:d1907214a7f2e2afbfe7af588b044af0ed01f9fa95d3489d35a3efb0fa9bd6d7:345:50	results/085.json.gz
85	std::is_constructible	1	DEPENDENT_OR_LOCAL_NAMES: Args,Manifold0,Manifold1,ManifoldN	85:67aac0f1d16eb2d5d561bc9830e97e629c90d9a391061cb7324d0e1f2cd860b5:93:30	results/085.json.gz
85	std::is_constructible	6	DEPENDENT_OR_LOCAL_NAMES: P,value_type	85:6b12bb5aeaa1ac0da44bf8698f149ac29e0965d5bd6ac0211137c8aaaa84aa7c:201:50	results/085.json.gz
85	std::is_constructible	1	DEPENDENT_OR_LOCAL_NAMES: C,T	85:bba890a02f9241463ca3861b80c1cfda5628054d4f8a6ab282208286645db374:1115:67	results/085.json.gz
85	std::is_constructible	1	DEPENDENT_OR_LOCAL_NAMES: Args,init_type	85:ca0fb12dd6ccc65e5139730c6210298e73b1d3f3391f7f808b4366ab5cba1313:1391:19	results/085.json.gz
85	std::is_constructible	1	DEPENDENT_OR_LOCAL_NAMES: Node,YAML	85:c09465516b6d854f476f08392aa730d08df63688b80f04cf49e1562eab3e0cfe:19:15	results/085.json.gz
91	std::is_pointer	6	DEPENDENT_OR_LOCAL_NAMES: T	91:664a2991e24a3b879d7ba75a36039a01a1a31739807904576d6dcd2a90cad2e2:1946:25	results/091.json.gz
91	std::is_pointer	6	NO_TEMPLATE_ARGUMENT_LIST	91:502acdb4ff702e3446934b70610e0da76b3b26166a6782f09ff7621250c18fdf:82:7	results/091.json.gz
91	std::is_pointer	8	DEPENDENT_OR_LOCAL_NAMES: Geometry	91:ee6f139f6a00e5793f879647708192823e5e8d0116e844c3f2cb5ffbd5d96662:280:22	results/091.json.gz
91	std::is_pointer	1	DEPENDENT_OR_LOCAL_NAMES: I	91:9ee56e75b425540b2aa84efc59e2c3902bf85efaa543ae32424b50352f2b4332:44:34	results/091.json.gz
91	std::is_pointer	2	DEPENDENT_OR_LOCAL_NAMES: Iterator	91:617649eb406d826d4b23f97e917511f7ae2019f1baf764dee18095061f2b7ba1:451:13	results/091.json.gz
91	std::is_pointer	1	DEPENDENT_OR_LOCAL_NAMES: It	91:617649eb406d826d4b23f97e917511f7ae2019f1baf764dee18095061f2b7ba1:642:56	results/091.json.gz
91	std::is_pointer	1	DEPENDENT_OR_LOCAL_NAMES: T0	91:aedfe8e1fcc855d8e1ca8d6663b3a8e2650246c8c743c3062e7ebb7490cb6b9c:80:22	results/091.json.gz
91	std::is_pointer	1	DEPENDENT_OR_LOCAL_NAMES: _Ptr	91:5ddb91c43a84c9daf24c9dcacaa9067e316f01ec2cb0dac626bd032cbcc05ba1:71:21	results/091.json.gz
92	std::is_signed	4	DEPENDENT_OR_LOCAL_NAMES: TypeParam	92:ac13d8a910f42865754620e51dd2f45a022c14f0fd0b3b3067e9da51a055df34:40:31	results/092.json.gz
92	std::is_signed	47	DEPENDENT_OR_LOCAL_NAMES: T	92:59aab2f06e122ce38f009f516d3d1bd9e3a7af4658e20640818ecbd08541bf0f:560:50	results/092.json.gz
92	std::is_signed	2	NO_TEMPLATE_ARGUMENT_LIST	92:35f9afd00b9fc7e8b3267ddfb4580d9c7bd359675f406c70680aa47c1b6f4ed5:34:7	results/092.json.gz
92	std::is_signed	8	DEPENDENT_OR_LOCAL_NAMES: Integer	92:ec6fd4fa86b5c62e77e387e616ded7b1ecdbfea788ec6694fe4c59ba537f17a4:85:18	results/092.json.gz
92	std::is_signed	1	DEPENDENT_OR_LOCAL_NAMES: Type	92:72a997167dec1c27071cf2791485f2fd4bb718bada51334f84790141c5e2187e:68:27	results/092.json.gz
92	std::is_signed	1	DEPENDENT_OR_LOCAL_NAMES: channel_t	92:77f79a83ce6c8989b534c822ee51ed3823029e52d157e307709d91441b7087ae:29:37	results/092.json.gz
92	std::is_signed	1	DEPENDENT_OR_LOCAL_NAMES: Channel	92:5ad2821691719163f7ffb1442faf79dbf7a13c4c50d10c1b1cd221ec3c5f687a:79:13	results/092.json.gz
92	std::is_signed	1	DEPENDENT_OR_LOCAL_NAMES: source_channel_t	92:57ab61de05bf6d9cfda23d698bab54fdcfb92f37848f6585c385414a29f9d3e3:238:41	results/092.json.gz
92	std::is_signed	1	DEPENDENT_OR_LOCAL_NAMES: OfSign,identity_or_underlying_type	92:d1372e44227766f0df01d8925986f66f31b92890028cdaba98e33890c79b0ddc:369:58	results/092.json.gz
92	std::is_signed	11	DEPENDENT_OR_LOCAL_NAMES: R	92:931fb943f07304ca5db788e3edb9cfa91cfdf9ec0790dc21d15d5c5f875ff87b:83:17	results/092.json.gz
92	std::is_signed	5	DEPENDENT_OR_LOCAL_NAMES: U	92:8bae7e699161d6f47b18cef561ddfd8665ef5f744acbabffdddb36ff4336dd23:79:9	results/092.json.gz
92	std::is_signed	1	DEPENDENT_OR_LOCAL_NAMES: A	92:a88badb4f72c2d531ecf46aa45fa79117caec71ce5f8c787e06390a1adda89af:34:9	results/092.json.gz
92	std::is_signed	1	DEPENDENT_OR_LOCAL_NAMES: _Tp	92:da73735f1187a0b428fe444406f6ddb65bfe5c8e75e6bcc4ea1cfd765fbbd811:224:35	results/092.json.gz
92	std::is_signed	1	DEPENDENT_OR_LOCAL_NAMES: _Integral	92:097863ec394da7e7422c745f348a529ba9bb61718bad824916103c5d14d5d470:876:7	results/092.json.gz
92	std::is_signed	2	DEPENDENT_OR_LOCAL_NAMES: IntT	92:4865632b26de9936c29f0be93735d910d736be8969aa3f3da29f86513eb4202a:61:13	results/092.json.gz
92	std::is_signed	1	DEPENDENT_OR_LOCAL_NAMES: type	92:6351087a144d92ec862bb60a03ba9c23292eca000331d6345845b1424a6709ea:30:41	results/092.json.gz
92	std::is_signed	1	DEPENDENT_OR_LOCAL_NAMES: NumberType	92:298ad906bd66894f5f5af6cc2667fbdafd120b5b8904825d47244a17c65e0cca:14571:20	results/092.json.gz
92	std::is_signed	3	DEPENDENT_OR_LOCAL_NAMES: C	92:298ad906bd66894f5f5af6cc2667fbdafd120b5b8904825d47244a17c65e0cca:14785:30	results/092.json.gz
92	std::is_signed	2	DEPENDENT_OR_LOCAL_NAMES: UnderlyingTy	92:b3a9970c3c6b169c41ac2fd4375f668d3fd1b492d48b912d89415fa1522a8f50:45:12	results/092.json.gz
92	std::is_signed	1	DEPENDENT_OR_LOCAL_NAMES: Py_intptr_t	92:66c7d218901bccea0b7ae042f7e77cd1af0b441af13bb578150ddf3cf0d42f08:34:15	results/092.json.gz
92	std::is_signed	1	DEPENDENT_OR_LOCAL_NAMES: IntLike	92:9f509dbbb0c8b3fc403c4736f093a349178bb3426298616f78e6f6e46ba20e55:2156:33	results/092.json.gz
92	std::is_signed	1	DEPENDENT_OR_LOCAL_NAMES: UnderlyingT	92:f53821a0261b98e7314af6277affe9326aa395bc6737d7166649f68859e653f3:41:24	results/092.json.gz
92	std::is_signed	2	DEPENDENT_OR_LOCAL_NAMES: data_ty	92:568199e8045ecc5f29e92c0cbe9bb0f0476c1b8d3fb335925f9de3e515374d54:97:21	results/092.json.gz
92	std::is_signed	1	DEPENDENT_OR_LOCAL_NAMES: Exponent	92:fcb8e6d3ddf8091680b25aafb84feb295e5fd9867dcc8ca463fb97c176ece3e0:57:21	results/092.json.gz
92	std::is_signed	1	DEPENDENT_OR_LOCAL_NAMES: Int	92:9a7a2af82832ef2550f6822c42b9ff49024a9fe77f70378a3b09225b279d725e:149:48	results/092.json.gz
92	std::is_signed	1	DEPENDENT_OR_LOCAL_NAMES: UInt	92:9a7a2af82832ef2550f6822c42b9ff49024a9fe77f70378a3b09225b279d725e:157:50	results/092.json.gz
92	std::is_signed	4	CUDA 内嵌标准实现的命名空间/目标配置未闭合，不用宿主 std 测量替代	92:e9ef091a7032b272c65e8a0b3f1493777318055142070f0bc4267ccdc9208960:339:37	results/092.json.gz
92	std::is_signed	9	DEPENDENT_OR_LOCAL_NAMES: From	92:b0d9a3f34a88c63f77b8f30df31118556af70fde8bd76751207ceb9879556fcf:32:38	results/092.json.gz
92	std::is_signed	11	DEPENDENT_OR_LOCAL_NAMES: To	92:b0d9a3f34a88c63f77b8f30df31118556af70fde8bd76751207ceb9879556fcf:32:69	results/092.json.gz
92	std::is_signed	3	DEPENDENT_OR_LOCAL_NAMES: Key	92:ca0fb12dd6ccc65e5139730c6210298e73b1d3f3391f7f808b4366ab5cba1313:702:18	results/092.json.gz
92	std::is_signed	2	DEPENDENT_OR_LOCAL_NAMES: S	92:11b5e9bb2fc6b44a1f1ab47612cbe9bc9ce77dcb172ba32d59d647e25fabb76a:78:6	results/092.json.gz
92	std::is_signed	1	DEPENDENT_OR_LOCAL_NAMES: D	92:11b5e9bb2fc6b44a1f1ab47612cbe9bc9ce77dcb172ba32d59d647e25fabb76a:82:6	results/092.json.gz
92	std::is_signed	1	DEPENDENT_OR_LOCAL_NAMES: SignedIntType	92:b996b90685c69c3fba60ab297a6f11bd4aec0eb9535f2c18b396c1a24b16a0bb:339:17	results/092.json.gz
92	std::is_signed	1	DEPENDENT_OR_LOCAL_NAMES: tvm_index_t	92:c5694d132606ecd773088b4098e6f6aeb236f1250f9d756d61875a6aa727ae78:192:9	results/092.json.gz
93	std::is_unsigned	86	DEPENDENT_OR_LOCAL_NAMES: T	93:40ad7cb02f9922c476f66560e11ab705836e8d1dd78bade8dd4782d9c5a286aa:128:17	results/093.json.gz
93	std::is_unsigned	1	DEPENDENT_OR_LOCAL_NAMES: Mix,result_type	93:6f08efe671de040a8a0be91ed0a627751e2a2ffd500649be1eec4d2af08a998f:47:17	results/093.json.gz
93	std::is_unsigned	4	DEPENDENT_OR_LOCAL_NAMES: result_type	93:a94f288a5a500ecef902eb81d20dd0cc491d611746144cf35e319c9c99fd8bf1:50:17	results/093.json.gz
93	std::is_unsigned	2	DEPENDENT_OR_LOCAL_NAMES: UIntType	93:83909b2dc2788f2397c8f5767e48bc4562aa49f6f50d4f02b30a4f6b2dbe0b05:53:17	results/093.json.gz
93	std::is_unsigned	1	DEPENDENT_OR_LOCAL_NAMES: U1	93:c4270e47d270a5d2425d0fdb9ff5f2082d117ae8fd3ece5bf25b1a1198f42108:49:9	results/093.json.gz
93	std::is_unsigned	1	DEPENDENT_OR_LOCAL_NAMES: U2	93:c4270e47d270a5d2425d0fdb9ff5f2082d117ae8fd3ece5bf25b1a1198f42108:50:9	results/093.json.gz
93	std::is_unsigned	1	DEPENDENT_OR_LOCAL_NAMES: U3	93:c4270e47d270a5d2425d0fdb9ff5f2082d117ae8fd3ece5bf25b1a1198f42108:51:9	results/093.json.gz
93	std::is_unsigned	1	DEPENDENT_OR_LOCAL_NAMES: remain_	93:fd161bbdc640dec8b8618afb6712e8b07d280edce92d23ccb8b80a9f3c5decce:159:33	results/093.json.gz
93	std::is_unsigned	1	DEPENDENT_OR_LOCAL_NAMES: Unsigned	93:f336274ab47756e5e602ebe330d56bbf678b2b8ad74081800d969aba869dd831:701:25	results/093.json.gz
93	std::is_unsigned	1	DEPENDENT_OR_LOCAL_NAMES: R	93:42b6d9e2f691e34877eeee4ac2bd3ef66dad3eb81e88c81ff1bced54178663e9:54:37	results/093.json.gz
93	std::is_unsigned	1	DEPENDENT_OR_LOCAL_NAMES: vt	93:d84afa312a60093af2d988e562eb2e4e51681564b0c479c64f495202618d32c2:157:11	results/093.json.gz
93	std::is_unsigned	2	DEPENDENT_OR_LOCAL_NAMES: SrcView,channel_type	93:08afcce2a4df342096a6205abfd93a3947dd1b3ddbb19a3ced06f64b7c9408d4:54:9	results/093.json.gz
93	std::is_unsigned	1	DEPENDENT_OR_LOCAL_NAMES: Channel	93:5ad2821691719163f7ffb1442faf79dbf7a13c4c50d10c1b1cd221ec3c5f687a:57:13	results/093.json.gz
93	std::is_unsigned	1	DEPENDENT_OR_LOCAL_NAMES: source_channel_t	93:57ab61de05bf6d9cfda23d698bab54fdcfb92f37848f6585c385414a29f9d3e3:319:41	results/093.json.gz
93	std::is_unsigned	1	NO_TEMPLATE_ARGUMENT_LIST	93:dcd2f7f97cf8091732d0f7335f69b40c603a1446475ed3542e5d425a31586dbc:80:80	results/093.json.gz
93	std::is_unsigned	4	DEPENDENT_OR_LOCAL_NAMES: U	93:a0b32ff5c104c2f67ad09de5c86502f55729e9337df9a41619c2d76c388f952e:577:21	results/093.json.gz
93	std::is_unsigned	1	DEPENDENT_OR_LOCAL_NAMES: A	93:a88badb4f72c2d531ecf46aa45fa79117caec71ce5f8c787e06390a1adda89af:50:13	results/093.json.gz
93	std::is_unsigned	4	DEPENDENT_OR_LOCAL_NAMES: _UIntType	93:b417f76d5610e258965a7ac844ecd673d491b2579662553a5b758678fcce8162:368:21	results/093.json.gz
93	std::is_unsigned	1	DEPENDENT_OR_LOCAL_NAMES: StorageType	93:713b28c6f81869dfde8917b66ee0bc5ac848a9c11ae3bd394b25577dab485f50:98:17	results/093.json.gz
93	std::is_unsigned	1	DEPENDENT_OR_LOCAL_NAMES: IntegerType	93:713b28c6f81869dfde8917b66ee0bc5ac848a9c11ae3bd394b25577dab485f50:195:23	results/093.json.gz
93	std::is_unsigned	1	DEPENDENT_OR_LOCAL_NAMES: IndexT	93:58723afcbff25ecee2b37e3047f2e2dbade16b037eb6b71c7ef2309fbbf8d247:39:17	results/093.json.gz
93	std::is_unsigned	1	DEPENDENT_OR_LOCAL_NAMES: NumberType	93:298ad906bd66894f5f5af6cc2667fbdafd120b5b8904825d47244a17c65e0cca:14509:18	results/093.json.gz
93	std::is_unsigned	1	DEPENDENT_OR_LOCAL_NAMES: C	93:298ad906bd66894f5f5af6cc2667fbdafd120b5b8904825d47244a17c65e0cca:14803:26	results/093.json.gz
93	std::is_unsigned	1	DEPENDENT_OR_LOCAL_NAMES: py_type	93:c327a6c05dee37783a57c2ba685e420c5c87fbcc6900f6333b1586da7a3b0329:172:17	results/093.json.gz
93	std::is_unsigned	1	DEPENDENT_OR_LOCAL_NAMES: IntegralType	93:a745a4c95b28200de193d6f2ce4cb946720488d157439fd1ca28bd247a7637dc:137:17	results/093.json.gz
93	std::is_unsigned	1	DEPENDENT_OR_LOCAL_NAMES: UintType	93:6919ef567a3431460a191f138b2240f677497762c62932cfbb0e0fcb28be0212:28:17	results/093.json.gz
93	std::is_unsigned	1	CUDA 内嵌标准实现的命名空间/目标配置未闭合，不用宿主 std 测量替代	93:e18886f9040898b15f32ab78e7a310bfd4947b053cd6ad2036b9a0c266f3e01e:1368:13	results/093.json.gz
93	std::is_unsigned	1	DEPENDENT_OR_LOCAL_NAMES: IntType	93:88413c2a0eb24b59cb0e25ca3afedc9aed28bcd24778970efbc01a53edad47a8:102:30	results/093.json.gz
93	std::is_unsigned	1	DEPENDENT_OR_LOCAL_NAMES: D	93:11b5e9bb2fc6b44a1f1ab47612cbe9bc9ce77dcb172ba32d59d647e25fabb76a:78:34	results/093.json.gz
93	std::is_unsigned	1	DEPENDENT_OR_LOCAL_NAMES: S	93:11b5e9bb2fc6b44a1f1ab47612cbe9bc9ce77dcb172ba32d59d647e25fabb76a:82:34	results/093.json.gz
93	std::is_unsigned	1	DEPENDENT_OR_LOCAL_NAMES: UnsignedIntType	93:b996b90685c69c3fba60ab297a6f11bd4aec0eb9535f2c18b396c1a24b16a0bb:380:17	results/093.json.gz
93	std::is_unsigned	1	DEPENDENT_OR_LOCAL_NAMES: type	93:3148802dd4635d932d4ada4633f2ef409fda76ab8f639947570a52f393ffa369:186:37	results/093.json.gz
93	std::is_unsigned	2	DEPENDENT_OR_LOCAL_NAMES: Key	93:7ead18bfc864986262a4e9000aec9b4acdceaa9162e7741723ccba18e4e4177e:28:40	results/093.json.gz
95	std::is_enum	15	DEPENDENT_OR_LOCAL_NAMES: T	95:07d0ded2db38342377d5514972ec38b2f52b2ec8ec73b8e35b521d38606bd445:364:51	results/095.json.gz
95	std::is_enum	5	NO_TEMPLATE_ARGUMENT_LIST	95:73ce0f566dbcf529c81aa89ff10002adaae2bbb923623ae090b50d5284edc4eb:33:7	results/095.json.gz
96	std::is_reference	7	DEPENDENT_OR_LOCAL_NAMES: T	96:93febd5d2b52f66456fd62b5316eec3843c3055e5bc4a1761840804f45c7e240:98:5	results/096.json.gz
96	std::is_reference	3	DEPENDENT_OR_LOCAL_NAMES: U	96:93febd5d2b52f66456fd62b5316eec3843c3055e5bc4a1761840804f45c7e240:98:27	results/096.json.gz
96	std::is_reference	5	NO_TEMPLATE_ARGUMENT_LIST	96:502acdb4ff702e3446934b70610e0da76b3b26166a6782f09ff7621250c18fdf:83:7	results/096.json.gz
96	std::is_reference	1	DEPENDENT_OR_LOCAL_NAMES: Sb	96:ec055fe2fb950c448d618de4c39aba1215824c5f47f23d3ec9482bfff2359bed:52:46	results/096.json.gz
96	std::is_reference	1	DEPENDENT_OR_LOCAL_NAMES: Args	96:61e11d883a58a4d3d938481cd612494590ffd511a17cf46158b21331d10945b8:1282:28	results/096.json.gz
99	std::remove_cv	2	DEPENDENT_OR_LOCAL_NAMES: Reference	99:5b9cba53ea9cf4530760b7b46f84120611d3687e5ce99e54edbbcd39c08f8464:52:30	results/099.json.gz
99	std::remove_cv	52	DEPENDENT_OR_LOCAL_NAMES: T	99:c0a371cc6d3563c22538689bd646424bebd1b4027108f17b60df93e6cc325c1d:115:14	results/099.json.gz
99	std::remove_cv	5	NO_TEMPLATE_ARGUMENT_LIST	99:1d9a7ea83b8f0ecf6022976b063561628b54cdb5a8e7577b884491cda3696ab5:26:7	results/099.json.gz
99	std::remove_cv	2	DEPENDENT_OR_LOCAL_NAMES: U	99:67486a8bc06e761e79c323a19518f15316a5a73101540943ac414cf51831fcb9:34:31	results/099.json.gz
99	std::remove_cv	1	DEPENDENT_OR_LOCAL_NAMES: Xs	99:daf929c54ca4dd3e92ed11c152f631faf8faa37baa532ef2cc2b7dd46919aa20:112:26	results/099.json.gz
99	std::remove_cv	1	DEPENDENT_OR_LOCAL_NAMES: X	99:af47ede7eb7fa2bdb60924d1c9204166e7b2880eb11596978d99e876b465ad65:108:32	results/099.json.gz
99	std::remove_cv	3	DEPENDENT_OR_LOCAL_NAMES: Sequence	99:0e2c3078cdf1e252d1ad3d402c4bfd786932b42ab0937f5effcebc667e49476c:49:46	results/099.json.gz
99	std::remove_cv	1	DEPENDENT_OR_LOCAL_NAMES: P1	99:c96681e24209f031805d2ef07a5a1d645cbd1c450594503944fd7f065cb6e667:324:14	results/099.json.gz
99	std::remove_cv	1	DEPENDENT_OR_LOCAL_NAMES: P2	99:c96681e24209f031805d2ef07a5a1d645cbd1c450594503944fd7f065cb6e667:325:14	results/099.json.gz
99	std::remove_cv	1	DEPENDENT_OR_LOCAL_NAMES: result_type	99:0611c7e99cbb3245749a02f639e20be522d4ce525e55d989d10bed3d87fdff84:2015:53	results/099.json.gz
99	std::remove_cv	2	DEPENDENT_OR_LOCAL_NAMES: T1	99:3c5ce0ee2a9b15f9f81268f2afeabff9e91797229c7b4111b9c3446519388457:248:22	results/099.json.gz
99	std::remove_cv	2	DEPENDENT_OR_LOCAL_NAMES: T2	99:3c5ce0ee2a9b15f9f81268f2afeabff9e91797229c7b4111b9c3446519388457:250:25	results/099.json.gz
99	std::remove_cv	2	DEPENDENT_OR_LOCAL_NAMES: T3	99:3c5ce0ee2a9b15f9f81268f2afeabff9e91797229c7b4111b9c3446519388457:252:28	results/099.json.gz
99	std::remove_cv	2	DEPENDENT_OR_LOCAL_NAMES: T4	99:3c5ce0ee2a9b15f9f81268f2afeabff9e91797229c7b4111b9c3446519388457:254:31	results/099.json.gz
99	std::remove_cv	2	DEPENDENT_OR_LOCAL_NAMES: T5	99:3c5ce0ee2a9b15f9f81268f2afeabff9e91797229c7b4111b9c3446519388457:256:34	results/099.json.gz
99	std::remove_cv	2	DEPENDENT_OR_LOCAL_NAMES: T6	99:3c5ce0ee2a9b15f9f81268f2afeabff9e91797229c7b4111b9c3446519388457:256:69	results/099.json.gz
99	std::remove_cv	1	DEPENDENT_OR_LOCAL_NAMES: Val	99:da08cd37a9beffa84965781305f5b18c31e9f8e65232be080ed046700a0c6f92:244:26	results/099.json.gz
99	std::remove_cv	5	DEPENDENT_OR_LOCAL_NAMES: V,detail,evaluate_if_expression	99:2549b437a6319ee9cbd2032560a0272611715dd89c2919dd85a4a3f9e9aed569:177:83	results/099.json.gz
99	std::remove_cv	5	DEPENDENT_OR_LOCAL_NAMES: U,detail,evaluate_if_expression	99:2549b437a6319ee9cbd2032560a0272611715dd89c2919dd85a4a3f9e9aed569:177:270	results/099.json.gz
99	std::remove_cv	2	DEPENDENT_OR_LOCAL_NAMES: ET,Other,detail,evaluate_if_expression,number	99:2549b437a6319ee9cbd2032560a0272611715dd89c2919dd85a4a3f9e9aed569:289:82	results/099.json.gz
99	std::remove_cv	1	DEPENDENT_OR_LOCAL_NAMES: C,const_iterator	99:4219605c62b0af6b62918f9974e3f8f52c7f9a5a03d57e2a815557c2ef6fcc9b:28:42	results/099.json.gz
99	std::remove_cv	1	限定名还有外层命名空间；不是已确认的全局 std	99:c4e2eb9457287c6050e3df0b681bb28560909b3c9d299c30363e946ee7f196af:76:28	results/099.json.gz
99	std::remove_cv	17	DEPENDENT_OR_LOCAL_NAMES: Allocator	99:b4c4fb6783e3342c1fa989bd0b4926237cfcc91e1ae3e777d78b68297377ae7e:62:33	results/099.json.gz
99	std::remove_cv	2	DEPENDENT_OR_LOCAL_NAMES: First	99:728f21c312c6f1ad27bd4062b073c306278b711a882c1cc59334ec0fd4fd530d:57:22	results/099.json.gz
99	std::remove_cv	1	DEPENDENT_OR_LOCAL_NAMES: res_type_	99:402a6e3bb8585635e79179333df21aacd95c58b469596fc2a1beaebdae7a7d7a:116:22	results/099.json.gz
99	std::remove_cv	1	DEPENDENT_OR_LOCAL_NAMES: Func	99:8c5a8c3d5dcad56e5ea2f50e252bdfa64a94cc2fb14664c8861098a8abe328a9:1079:21	results/099.json.gz
99	std::remove_cv	1	DEPENDENT_OR_LOCAL_NAMES: ExecutionPolicy	99:f42732e55523ea662c975f3f47eee9a0090e7e75333e49a7ca50376131560c6f:54:12	results/099.json.gz
99	std::remove_cv	2	DEPENDENT_OR_LOCAL_NAMES: Tuple	99:280ab89a8f9e0d58262cf495349b75e9b606ecf6d7d4f1c368cd9eb9c6f71b11:24:12	results/099.json.gz
99	std::remove_cv	1	DEPENDENT_OR_LOCAL_NAMES: _Traits	99:0fe4d4f7756438530a0a0fe9e6db0f782ac25ee8dede2e12c3d6867e305ca3e9:426:20	results/099.json.gz
99	std::remove_cv	1	DEPENDENT_OR_LOCAL_NAMES: Args	99:7691666a275acbb4c86126b3528881cec69b8057f489ca7939a32e275029ceff:84:57	results/099.json.gz
99	std::remove_cv	2	DEPENDENT_OR_LOCAL_NAMES: reference	99:b4afdc0a45dcdf0a57df50c8cb7d4e5f268a43509a447f499be3f09e3ea6bb78:1375:31	results/099.json.gz
99	std::remove_cv	1	DEPENDENT_OR_LOCAL_NAMES: IteratorType,key	99:298ad906bd66894f5f5af6cc2667fbdafd120b5b8904825d47244a17c65e0cca:4314:34	results/099.json.gz
99	std::remove_cv	1	DEPENDENT_OR_LOCAL_NAMES: InputCharType	99:298ad906bd66894f5f5af6cc2667fbdafd120b5b8904825d47244a17c65e0cca:14813:48	results/099.json.gz
99	std::remove_cv	1	DEPENDENT_OR_LOCAL_NAMES: t	99:1756c810ad5b7fd2b78fa985908f504599a2a5d8147a97bf95d95d6373045161:146:14	results/099.json.gz
99	std::remove_cv	1	DEPENDENT_OR_LOCAL_NAMES: _F	99:143334cea58ee9b97d8e924acfd53c08c6e3b7a8932a1d7cb506a5c40bd1b1a8:348:46	results/099.json.gz
99	std::remove_cv	2	MACRO_CONTINUATION_OR_DIRECTIVE_REQUIRES_REAL_EXPANSION	99:72de8b7098d18e53726f1ecb1c453a019a31a2ef4fef43c58ffe8fc40dd59828:3563:34	results/099.json.gz
99	std::remove_cv	1	DEPENDENT_OR_LOCAL_NAMES: _Ts	99:3616537c36576ba589237668b5d3d07e4488ff10e042d177a3eec2476a5b23b6:105:25	results/099.json.gz
99	std::remove_cv	1	DEPENDENT_OR_LOCAL_NAMES: _Tp	99:359ef7d09e3d88ef957f89ee40829f9d48dbb8014aa002a5983d40a3fac30397:36:45	results/099.json.gz
99	std::remove_cv	1	DEPENDENT_OR_LOCAL_NAMES: Err	99:cb20e1814e5c4d97edb486977619249482ba1ddbf46662b160847031623522b9:5334:29	results/099.json.gz
99	std::remove_cv	1	DEPENDENT_OR_LOCAL_NAMES: P	99:ca0fb12dd6ccc65e5139730c6210298e73b1d3f3391f7f808b4366ab5cba1313:1148:31	results/099.json.gz
99	std::remove_cv	2	DEPENDENT_OR_LOCAL_NAMES: E	99:489426ad6d11d357b1f72479dad8752ae26edf2cd407a70166a2f45824f5890c:163:39	results/099.json.gz
106	std::is_floating_point	1	DEPENDENT_OR_LOCAL_NAMES: NumType	106:b697d2514d8ca8a2c87ceefc9ed89aee77e4ebf958b9fab45305a5557e9d8e81:40:18	results/106.json.gz
106	std::is_floating_point	6	DEPENDENT_OR_LOCAL_NAMES: FloatType	106:b7e8fc8ac331e0c8caf48c34ad087f028445db767ff42e694ef7eb5216057b4e:114:9	results/106.json.gz
106	std::is_floating_point	8	NO_TEMPLATE_ARGUMENT_LIST	106:96b6cc0728c09a71d3689ea39cc794d7137ac5fe5d6510f37377986d022b3f7e:34:7	results/106.json.gz
106	std::is_floating_point	1	DEPENDENT_OR_LOCAL_NAMES: Point,coordinate_type,geometry	106:60e41ad2cff8f7b37090a572e43ffffdc35189cc1db8b3f7ee5fb680695f2897:283:9	results/106.json.gz
106	std::is_floating_point	1	DEPENDENT_OR_LOCAL_NAMES: CoordinateType	106:52b5df91ae4ad489d51a786ff269fbca993e818c6fc36e55a37b7830fe26cb95:61:22	results/106.json.gz
106	std::is_floating_point	1	DEPENDENT_OR_LOCAL_NAMES: Type	106:ac562346327ec4f02513486a77fc44dee5e73dae6ace8d9297eb1c7670af55ac:100:28	results/106.json.gz
106	std::is_floating_point	4	DEPENDENT_OR_LOCAL_NAMES: value_type	106:2283c28da08300824bbd9ceae2e142196348a2f386292a909c0449e7cedb1749:108:23	results/106.json.gz
106	std::is_floating_point	1	DEPENDENT_OR_LOCAL_NAMES: Axis,traits	106:aedfe8e1fcc855d8e1ca8d6663b3a8e2650246c8c743c3062e7ebb7490cb6b9c:157:32	results/106.json.gz
106	std::is_floating_point	11	DEPENDENT_OR_LOCAL_NAMES: T	106:fcc2c43830b96ca1cb5f54f62ce742203fa761fade8f5fb97c229d2e99ecc397:165:55	results/106.json.gz
106	std::is_floating_point	6	CUDA 内嵌标准实现的命名空间/目标配置未闭合，不用宿主 std 测量替代	106:e9ef091a7032b272c65e8a0b3f1493777318055142070f0bc4267ccdc9208960:330:25	results/106.json.gz
107	std::is_trivially_destructible	3	NO_TEMPLATE_ARGUMENT_LIST	107:5dd13146de9e1ca0cf37e379af0ce4efd7ae1911c042281c39a5837d848c3e3a:135:7	results/107.json.gz
107	std::is_trivially_destructible	2	DEPENDENT_OR_LOCAL_NAMES: value_type	107:9ee56e75b425540b2aa84efc59e2c3902bf85efaa543ae32424b50352f2b4332:175:35	results/107.json.gz
107	std::is_trivially_destructible	7	DEPENDENT_OR_LOCAL_NAMES: T	107:398598c284ebcb41236f2b22856572f9aca86bc707964325e4eb2e2d8282b9e3:541:80	results/107.json.gz
107	std::is_trivially_destructible	4	DEPENDENT_OR_LOCAL_NAMES: _ValueType	107:74fc627d03ebce4ff50b1d6b1e343eee9bc62427d27cb08499f887509a959d67:218:41	results/107.json.gz
107	std::is_trivially_destructible	2	DEPENDENT_OR_LOCAL_NAMES: SerialArena	107:50eb084362e39cbb99f578b3620b8d500508a72dc04a08d35ca466982c059741:534:17	results/107.json.gz
109	std::tuple_element	2	DEPENDENT_OR_LOCAL_NAMES: B,I	109:d6279e4d5b95357893458c7910a7de429aca64f72f7dda21afdaedd6559267a6:63:7	results/109.json.gz
109	std::tuple_element	2	DEPENDENT_OR_LOCAL_NAMES: Elements,N	109:81e6c5a64b4ae904f238ef8b7f50479702c69bf580e3fa3ce8699922ebcae268:390:24	results/109.json.gz
109	std::tuple_element	2	DEPENDENT_OR_LOCAL_NAMES: ElementTypes,N	109:81e6c5a64b4ae904f238ef8b7f50479702c69bf580e3fa3ce8699922ebcae268:398:32	results/109.json.gz
109	std::tuple_element	1	DEPENDENT_OR_LOCAL_NAMES: I,vectors_type	109:65f77bdcd74a21ce0be77d4b185350491de13e9beb3ee6d4180a355cc2d28f8b:456:18	results/109.json.gz
109	std::tuple_element	1	DEPENDENT_OR_LOCAL_NAMES: I,Tup	109:2b12b071845fc21f03be633bbf7a858936bda74e9e5ae4504a759a0171850b89:45:21	results/109.json.gz
109	std::tuple_element	1	DEPENDENT_OR_LOCAL_NAMES: N,seq_type	109:df16d9863eab5c1937ad4b9b8e9a30ff6853bdd0ece1393af0c931ffe8017112:33:34	results/109.json.gz
109	std::tuple_element	1	DEPENDENT_OR_LOCAL_NAMES: N,Sequence	109:e99f6777972532f402e7ce3101e97cc76ff17bd575202ee638b41e8918df7d13:26:28	results/109.json.gz
109	std::tuple_element	1	DEPENDENT_OR_LOCAL_NAMES: Iterator,index,remove_const,tuple_type	109:87a4ed5466028dccc8a00da70e78e1ec224d7d98938f4e4d52e7e66d36f50569:52:13	results/109.json.gz
109	std::tuple_element	3	DEPENDENT_OR_LOCAL_NAMES: I,Masks	109:902467d7e85172d99082befed543e056b5208fffde32c55c8323cc4ad2014f1c:313:26	results/109.json.gz
109	std::tuple_element	8	DEPENDENT_OR_LOCAL_NAMES: I,Tuple	109:902467d7e85172d99082befed543e056b5208fffde32c55c8323cc4ad2014f1c:519:41	results/109.json.gz
109	std::tuple_element	1	DEPENDENT_OR_LOCAL_NAMES: I,predicate_type	109:5dfd4c182ce9422c178f378c070962b413bc0b5ac5a709ee6897ba16bc7c14b9:563:22	results/109.json.gz
109	std::tuple_element	1	DEPENDENT_OR_LOCAL_NAMES: First,TuplePredicates	109:5dfd4c182ce9422c178f378c070962b413bc0b5ac5a709ee6897ba16bc7c14b9:579:30	results/109.json.gz
109	std::tuple_element	3	DEPENDENT_OR_LOCAL_NAMES: N,Tuple	109:5dfd4c182ce9422c178f378c070962b413bc0b5ac5a709ee6897ba16bc7c14b9:678:41	results/109.json.gz
109	std::tuple_element	2	DEPENDENT_OR_LOCAL_NAMES: Tuple	109:5dfd4c182ce9422c178f378c070962b413bc0b5ac5a709ee6897ba16bc7c14b9:686:41	results/109.json.gz
109	std::tuple_element	3	DEPENDENT_OR_LOCAL_NAMES: I,Ts	109:6ab0f51bdd2ad60f38b3a69b7d1a290fc412e9e650547bfc354df72694c89c17:58:7	results/109.json.gz
109	std::tuple_element	3	DEPENDENT_OR_LOCAL_NAMES: HT,I,TT	109:6ab0f51bdd2ad60f38b3a69b7d1a290fc412e9e650547bfc354df72694c89c17:63:7	results/109.json.gz
109	std::tuple_element	6	DEPENDENT_OR_LOCAL_NAMES: I,T	109:46b131cace24091671038e5963cad4059029a48b648fbcc36b0711c0c198fb8e:39:34	results/109.json.gz
109	std::tuple_element	1	DEPENDENT_OR_LOCAL_NAMES: A,I	109:278e14d712532cd41f9252d7f8cf6844d8c56ed14d880b60b6fa355cd550dc3f:70:35	results/109.json.gz
109	std::tuple_element	21	DEPENDENT_OR_LOCAL_NAMES: ReturnType	109:f215214b33338123373a71fe6945483c8e7feee9fc4cc62824dcd92d2fc3da5e:33:27	results/109.json.gz
109	std::tuple_element	2	限定名还有外层命名空间；不是已确认的全局 std	109:3528f47062564d70d564ada6b9d4f2c3b34dc6c7343c237a560111375ee290e5:24:9	results/109.json.gz
109	std::tuple_element	1	DEPENDENT_OR_LOCAL_NAMES: N,StdTuple	109:9635972eb589a298f6b20e7678e1b80e9b37729c15d3183144a9bc78b969a024:68:20	results/109.json.gz
109	std::tuple_element	6	DEPENDENT_OR_LOCAL_NAMES: unsigned_types	109:8d355adbbce0a1c9264b97d97dbfddfea5cb2f33f1fb7f6662da6bb87298ce1f:109:32	results/109.json.gz
109	std::tuple_element	17	DEPENDENT_OR_LOCAL_NAMES: Backend,unsigned_types	109:8d355adbbce0a1c9264b97d97dbfddfea5cb2f33f1fb7f6662da6bb87298ce1f:426:26	results/109.json.gz
109	std::tuple_element	12	DEPENDENT_OR_LOCAL_NAMES: T,unsigned_types	109:8d355adbbce0a1c9264b97d97dbfddfea5cb2f33f1fb7f6662da6bb87298ce1f:643:29	results/109.json.gz
109	std::tuple_element	2	DEPENDENT_OR_LOCAL_NAMES: backend_type,number_type,unsigned_types	109:bcd782b34bd90d894c416fa595cd31c9e7114f343eb4dd1aad24bb722ab3dfc5:2048:33	results/109.json.gz
109	std::tuple_element	1	DEPENDENT_OR_LOCAL_NAMES: int_backend_type,unsigned_types	109:bcd782b34bd90d894c416fa595cd31c9e7114f343eb4dd1aad24bb722ab3dfc5:2070:36	results/109.json.gz
109	std::tuple_element	2	DEPENDENT_OR_LOCAL_NAMES: Tuple,i,static_cast	109:9035208de9d901cf8876c2a288aa87e3e923229c864f573d0d16b5b925937a25:1013:32	results/109.json.gz
109	std::tuple_element	2	DEPENDENT_OR_LOCAL_NAMES: type_list	109:9035208de9d901cf8876c2a288aa87e3e923229c864f573d0d16b5b925937a25:1237:27	results/109.json.gz
109	std::tuple_element	3	DEPENDENT_OR_LOCAL_NAMES: To,unsigned_types	109:9035208de9d901cf8876c2a288aa87e3e923229c864f573d0d16b5b925937a25:2079:29	results/109.json.gz
109	std::tuple_element	1	DEPENDENT_OR_LOCAL_NAMES: T,signed_types	109:58a28582e001a2abbedf4a6dcd1ed25068ae3a8dfc2778d14412a7badbd44220:13:29	results/109.json.gz
109	std::tuple_element	8	DEPENDENT_OR_LOCAL_NAMES: T,float_types	109:58a28582e001a2abbedf4a6dcd1ed25068ae3a8dfc2778d14412a7badbd44220:133:31	results/109.json.gz
109	std::tuple_element	1	DEPENDENT_OR_LOCAL_NAMES: B,unsigned_types	109:9ff2b7319b50085ceef269f92ee0d66d352ec8508b6fd1e7b8b133eb5678d918:101:29	results/109.json.gz
109	std::tuple_element	1	DEPENDENT_OR_LOCAL_NAMES: Tuple,index,static_cast	109:da08cd37a9beffa84965781305f5b18c31e9f8e65232be080ed046700a0c6f92:233:26	results/109.json.gz
109	std::tuple_element	1	DEPENDENT_OR_LOCAL_NAMES: list	109:6a260661370a86ac273f3e31686a304fbc6bffa05fa726d3494181ddbd122549:76:33	results/109.json.gz
109	std::tuple_element	2	DEPENDENT_OR_LOCAL_NAMES: I,StaticRow	109:403e8e0051e67820241a1a7f761876398e862508085e1cfb9659d308235ffd29:329:32	results/109.json.gz
109	std::tuple_element	1	DEPENDENT_OR_LOCAL_NAMES: BOOST_PROCESS_V2_NAMESPACE,Idx,environment,key_value_pair	109:663137ce2898e87d31e11169d7ab14c8d33bd4c5658cd82666f6b707ab8e12fc:1271:21	results/109.json.gz
109	std::tuple_element	1	DEPENDENT_OR_LOCAL_NAMES: BOOST_PROCESS_V2_NAMESPACE,Idx,environment,key_value_pair_view	109:663137ce2898e87d31e11169d7ab14c8d33bd4c5658cd82666f6b707ab8e12fc:1295:21	results/109.json.gz
109	std::tuple_element	2	DEPENDENT_OR_LOCAL_NAMES: I,Refs	109:4a5eb6879ddb68fd203bad8a1c5500747bca134b3a8b8439eb1d4bc71204db58:2680:7	results/109.json.gz
109	std::tuple_element	1	DEPENDENT_OR_LOCAL_NAMES: Index,StringMapEntry,ValueTy,llvm	109:d636d64e81b2f26ce2a74e928714ae4ce7f1f999e8be653fe291bf7f958874db:178:8	results/109.json.gz
109	std::tuple_element	1	DEPENDENT_OR_LOCAL_NAMES: Index,StringRef,ValueTy,llvm	109:d636d64e81b2f26ce2a74e928714ae4ce7f1f999e8be653fe291bf7f958874db:179:7	results/109.json.gz
109	std::tuple_element	1	DEPENDENT_OR_LOCAL_NAMES: ArgTuple,ResultSerializer,SPSRetTagT,SendDeserializedResultFn,WrapperFunctionHandlerHelper,detail	109:385e2d8b5528dc3341a93ff5c276c2e750b72da3fc72ad72d4a3f3613e08fa65:478:27	results/109.json.gz
109	std::tuple_element	1	DEPENDENT_OR_LOCAL_NAMES: ElementTypes,OffsetSeq	109:83387cb4258156f89a79b05860db02447ad3fa7ec4ed4f7b240d5a04e3ee6320:523:22	results/109.json.gz
109	std::tuple_element	1	DEPENDENT_OR_LOCAL_NAMES: ElementTypes,SizeSeq	109:83387cb4258156f89a79b05860db02447ad3fa7ec4ed4f7b240d5a04e3ee6320:581:22	results/109.json.gz
109	std::tuple_element	2	DEPENDENT_OR_LOCAL_NAMES: FirstStage,OutputPipelineType	109:0d06cce0c3de37a8eec595a88760a3989ddf7146790e3d26860a75bf460c3d4a:448:20	results/109.json.gz
109	std::tuple_element	1	DEPENDENT_OR_LOCAL_NAMES: Index,arg_call_types	109:66c7d218901bccea0b7ae042f7e77cd1af0b441af13bb578150ddf3cf0d42f08:1826:32	results/109.json.gz
109	std::tuple_element	1	DEPENDENT_OR_LOCAL_NAMES: N,Types	109:90c90b0613aa2c1f4f4e59d87905770535e8b24665e6be6b4254d1955a1106df:61:27	results/109.json.gz
109	std::tuple_element	1	DEPENDENT_OR_LOCAL_NAMES: ParamTuple,kArgumentNumber	109:45e20515b74a4eb0e60cdff72562ba6538f4c44d58635f90e3b9068cf5a63e37:703:18	results/109.json.gz
109	std::tuple_element	1	DEPENDENT_OR_LOCAL_NAMES: ArgTuple,kArgumentNumber	109:45e20515b74a4eb0e60cdff72562ba6538f4c44d58635f90e3b9068cf5a63e37:704:22	results/109.json.gz
109	std::tuple_element	1	DEPENDENT_OR_LOCAL_NAMES: U	109:201c618cc1687cc795d49daa9a6ddca14cd51231ca59c4b430e8612095c68872:109:47	results/109.json.gz
109	std::tuple_element	1	DEPENDENT_OR_LOCAL_NAMES: Args,i	109:29bd922ffb25a61659862eb3898a057890ea709d18743324926255a0aede3b38:58:26	results/109.json.gz
109	std::tuple_element	2	DEPENDENT_OR_LOCAL_NAMES: ChainElements,Index	109:01f062cc724906ae6f3acd9e2e81a55e731c96febfcd3d746449402775e7b4a7:589:56	results/109.json.gz
109	std::tuple_element	9	DEPENDENT_OR_LOCAL_NAMES: ChainElements	109:01f062cc724906ae6f3acd9e2e81a55e731c96febfcd3d746449402775e7b4a7:596:56	results/109.json.gz
109	std::tuple_element	1	DEPENDENT_OR_LOCAL_NAMES: Elements,Index	109:01f062cc724906ae6f3acd9e2e81a55e731c96febfcd3d746449402775e7b4a7:817:27	results/109.json.gz
109	std::tuple_element	2	DEPENDENT_OR_LOCAL_NAMES: Is,Tuple	109:72a055ec1399dd8f378e5f01ef20ab64bb65845674319ae9b92a353778033d6d:2098:45	results/109.json.gz
109	std::tuple_element	1	DEPENDENT_OR_LOCAL_NAMES: Args,I	109:c69ba249cd20db3d4ab48db7e5b2b59f3ae54c0042495192909e22b03f60d31f:1419:18	results/109.json.gz
109	std::tuple_element	1	DEPENDENT_OR_LOCAL_NAMES: arg_id,args_type	109:c69ba249cd20db3d4ab48db7e5b2b59f3ae54c0042495192909e22b03f60d31f:2157:22	results/109.json.gz
109	std::tuple_element	1	DEPENDENT_OR_LOCAL_NAMES: MatcherTuple,N	109:cb20e1814e5c4d97edb486977619249482ba1ddbf46662b160847031623522b9:638:14	results/109.json.gz
109	std::tuple_element	1	DEPENDENT_OR_LOCAL_NAMES: N,ValueTuple	109:cb20e1814e5c4d97edb486977619249482ba1ddbf46662b160847031623522b9:640:22	results/109.json.gz
109	std::tuple_element	2	DEPENDENT_OR_LOCAL_NAMES: I,UnpackedType	109:cb20e1814e5c4d97edb486977619249482ba1ddbf46662b160847031623522b9:3281:30	results/109.json.gz
109	std::tuple_element	1	DEPENDENT_OR_LOCAL_NAMES: RawArgsTuple,k	109:cb20e1814e5c4d97edb486977619249482ba1ddbf46662b160847031623522b9:4062:27	results/109.json.gz
109	std::tuple_element	2	NO_TEMPLATE_ARGUMENT_LIST	109:881adbcca03a133d4fbaceeee4b5bf8773d948a17ee800a89e058032bdb69bb6:957:7	results/109.json.gz
109	std::tuple_element	1	DEPENDENT_OR_LOCAL_NAMES: T	109:bba890a02f9241463ca3861b80c1cfda5628054d4f8a6ab282208286645db374:1706:51	results/109.json.gz
109	std::tuple_element	4	DEPENDENT_OR_LOCAL_NAMES: ConvertTo	109:bba890a02f9241463ca3861b80c1cfda5628054d4f8a6ab282208286645db374:2165:41	results/109.json.gz
109	std::tuple_element	1	DEPENDENT_OR_LOCAL_NAMES: ConvertTo,I	109:bba890a02f9241463ca3861b80c1cfda5628054d4f8a6ab282208286645db374:2349:63	results/109.json.gz
109	std::tuple_element	1	DEPENDENT_OR_LOCAL_NAMES: AssignTo,I	109:bba890a02f9241463ca3861b80c1cfda5628054d4f8a6ab282208286645db374:2351:59	results/109.json.gz
109	std::tuple_element	1	DEPENDENT_OR_LOCAL_NAMES: N,PairOrTuple	109:ad50e913e236a1df11ca7bc9cfa317d084995ffeb95d5a47b3eee9f6b19e7cd2:382:34	results/109.json.gz
111	std::allocator_traits	21	DEPENDENT_OR_LOCAL_NAMES: A	111:1b30f1e45d2202d0b513cdf94d795b4208c94528bc4f8ce47caf9bbd6a6cb2a9:86:27	results/111.json.gz
111	std::allocator_traits	58	DEPENDENT_OR_LOCAL_NAMES: Allocator	111:f011699232307cc5a7daa1c768943fa45f714b1b9865bb494ca4bc941dff1184:40:27	results/111.json.gz
111	std::allocator_traits	4	DEPENDENT_OR_LOCAL_NAMES: TypeParam,allocator_type	111:ac13d8a910f42865754620e51dd2f45a022c14f0fd0b3b3067e9da51a055df34:60:38	results/111.json.gz
111	std::allocator_traits	3	NO_TEMPLATE_ARGUMENT_LIST	111:92e9ac99b4db0ed44b04b79ff509255c9fea321bda665f85e26fd2c13130ef0d:179:7	results/111.json.gz
111	std::allocator_traits	4	DEPENDENT_OR_LOCAL_NAMES: Handler,asio,associated_allocator_t,boost,recycling_allocator	111:ff36ca4c6f526d0e2335b4d1203b49d934c3cad53ea4f59b893df48398ddb8a6:72:14	results/111.json.gz
111	std::allocator_traits	22	DEPENDENT_OR_LOCAL_NAMES: alloc	111:ff36ca4c6f526d0e2335b4d1203b49d934c3cad53ea4f59b893df48398ddb8a6:79:7	results/111.json.gz
111	std::allocator_traits	1	DEPENDENT_OR_LOCAL_NAMES: alloc,d	111:ff36ca4c6f526d0e2335b4d1203b49d934c3cad53ea4f59b893df48398ddb8a6:105:9	results/111.json.gz
111	std::allocator_traits	2	DEPENDENT_OR_LOCAL_NAMES: AllocatorType	111:c9dad3b3c300397ad9693e50b06e296db84e130b836ab1e2fbd80e8084618c92:27:31	results/111.json.gz
111	std::allocator_traits	2	DEPENDENT_OR_LOCAL_NAMES: alloc_type	111:c9dad3b3c300397ad9693e50b06e296db84e130b836ab1e2fbd80e8084618c92:36:5	results/111.json.gz
111	std::allocator_traits	2	DEPENDENT_OR_LOCAL_NAMES: block_allocator_type	111:c484bedc5a94c181420167a1d8f394b3b1d00cc066e6630541f79550f184834c:768:23	results/111.json.gz
111	std::allocator_traits	31	DEPENDENT_OR_LOCAL_NAMES: allocator_type	111:c484bedc5a94c181420167a1d8f394b3b1d00cc066e6630541f79550f184834c:996:14	results/111.json.gz
111	std::allocator_traits	1	DEPENDENT_OR_LOCAL_NAMES: Executor,associated_allocator_t	111:7bc88f89e15f9e0986dc6ca23ad143b9514b1ad9ab82b64a0371e1379a13c90c:608:14	results/111.json.gz
111	std::allocator_traits	2	DEPENDENT_OR_LOCAL_NAMES: Alloc,asio,boost,decay	111:657d25ffd16e647350ce800af5b33a20ed7c591654052f227a39ff65320d160c:101:32	results/111.json.gz
111	std::allocator_traits	2	DEPENDENT_OR_LOCAL_NAMES: alloc_t	111:657d25ffd16e647350ce800af5b33a20ed7c591654052f227a39ff65320d160c:107:7	results/111.json.gz
111	std::allocator_traits	11	DEPENDENT_OR_LOCAL_NAMES: Alloc	111:1819e0d68f3bd61ee69cc30dcdeb4019fc7d4e2a310cb77be3ebecbff67cfbe5:34:26	results/111.json.gz
111	std::allocator_traits	2	DEPENDENT_OR_LOCAL_NAMES: allocator_type,object_type	111:55bd01bba49def12daf956de0f576ae0c71d8d2058b9be64c55d0cb38a8ac8f6:56:17	results/111.json.gz
111	std::allocator_traits	5	DEPENDENT_OR_LOCAL_NAMES: wrapper_allocator_type	111:bacb0a968c143f4d04cb754ee10ba80a02851c2d37aea5d28f2ff176d81da754:448:59	results/111.json.gz
111	std::allocator_traits	1	DEPENDENT_OR_LOCAL_NAMES: Alloc2	111:5eacb11ff60efccfbebb454e3ba4ed98f03c1a4682a139f6e46bb96ca9e7ff98:172:20	results/111.json.gz
111	std::allocator_traits	1	DEPENDENT_OR_LOCAL_NAMES: Label_Allocator	111:ea553851aadac1bc4c66c1fc72b621c6ac56d876966eaed55ff8df40710758ef:196:26	results/111.json.gz
111	std::allocator_traits	1	DEPENDENT_OR_LOCAL_NAMES: LAlloc	111:ea553851aadac1bc4c66c1fc72b621c6ac56d876966eaed55ff8df40710758ef:200:17	results/111.json.gz
111	std::allocator_traits	4	DEPENDENT_OR_LOCAL_NAMES: Base	111:a6ac903ffcff64e25d8830a49a6705462d965ba3699918228702dacc108ad9c8:144:22	results/111.json.gz
111	std::allocator_traits	1	DEPENDENT_OR_LOCAL_NAMES: my_allocator	111:2be7a28a74df4564ff6894ca4ba094e9affe9da69c17ac8d466909a16bbb6087:15:26	results/111.json.gz
111	std::allocator_traits	7	DEPENDENT_OR_LOCAL_NAMES: segment_allocator_type	111:32ae35e4bd2bd028e321cc0b666670bbaf352e2f2cdbcb634a3b744245704497:234:12	results/111.json.gz
111	std::allocator_traits	1	DEPENDENT_OR_LOCAL_NAMES: cache_allocator_type	111:1f798389a67684af11dc7e2afacc62c927f7e6e04e8a4cac21100c60554c6395:75:28	results/111.json.gz
111	std::allocator_traits	2	DEPENDENT_OR_LOCAL_NAMES: A2	111:4b990cddf045d50dbe3ac6ff262441efc122f6ffb1ec81205db07b0969a64ff8:138:5	results/111.json.gz
111	std::allocator_traits	2	DEPENDENT_OR_LOCAL_NAMES: md_allocator	111:15566511be74ef179ca847e374a683d3ef792da7e61e2cc1b235ae6999dcb3f6:71:11	results/111.json.gz
111	std::allocator_traits	1	限定名还有外层命名空间；不是已确认的全局 std	111:59c20c83a729a8b95f7e2ab3c5a14f2febeb2d9a7dfe9870271933f5ac6bc4fe:30:13	results/111.json.gz
111	std::allocator_traits	9	DEPENDENT_OR_LOCAL_NAMES: _Alloc	111:449c750c4b27b8bd90753095e436d2648eb67f6710acb6580211e8878f0644c6:324:19	results/111.json.gz
111	std::allocator_traits	1	DEPENDENT_OR_LOCAL_NAMES: __buckets_alloc_type	111:cd5ceb961c9d867ac9968ed3174b487dab215aab6cd95c77a3ba2b0255a8df32:1965:38	results/111.json.gz
111	std::allocator_traits	3	DEPENDENT_OR_LOCAL_NAMES: _Allocator	111:b01e0e229797df75c789e704a0301d0ab8ec2bc1e42f94289ee91c6665c7f3ff:1069:23	results/111.json.gz
111	std::allocator_traits	2	DEPENDENT_OR_LOCAL_NAMES: ArcAllocator	111:a9e52d62a2a4c5e6a024dcab3c647b25b09024065974479997df93c2e8d56053:97:35	results/111.json.gz
111	std::allocator_traits	4	DEPENDENT_OR_LOCAL_NAMES: T	111:ba3824e6076649e7c0e3e3d903e5f116f760c4d3a5fdd1bebfcfe641a0e5a3fc:721:14	results/111.json.gz
111	std::allocator_traits	1	DEPENDENT_OR_LOCAL_NAMES: AllocatorType,T	111:298ad906bd66894f5f5af6cc2667fbdafd120b5b8904825d47244a17c65e0cca:17950:33	results/111.json.gz
111	std::allocator_traits	5	CUDA 内嵌标准实现的命名空间/目标配置未闭合，不用宿主 std 测量替代	111:ea5840e617a8bf30864fe61a8dec524b3ffbf404641a9a5dcdea47ad62423c2b:311:13	results/111.json.gz
114	std::is_arithmetic	6	DEPENDENT_OR_LOCAL_NAMES: T	114:4b2354a406c6bd04f65448c99dd9774885e784763942e82261f9bfba038c522a:534:27	results/114.json.gz
114	std::is_arithmetic	5	NO_TEMPLATE_ARGUMENT_LIST	114:1e5021acfaac17f882854fad3d65e65da8baa287ebd5b5e6950cee0aec4d68d2:269:50	results/114.json.gz
114	std::is_arithmetic	1	DEPENDENT_OR_LOCAL_NAMES: ValueType	114:aedfe8e1fcc855d8e1ca8d6663b3a8e2650246c8c743c3062e7ebb7490cb6b9c:58:49	results/114.json.gz
114	std::is_arithmetic	4	DEPENDENT_OR_LOCAL_NAMES: Stored	114:23bb3b4f7be7cca232b34a922150fbadfc78f62af774b6e67b7a266817d88c6f:164:9	results/114.json.gz
114	std::is_arithmetic	4	DEPENDENT_OR_LOCAL_NAMES: _ValueType	114:74fc627d03ebce4ff50b1d6b1e343eee9bc62427d27cb08499f887509a959d67:163:9	results/114.json.gz
114	std::is_arithmetic	49	CUDA 内嵌标准实现的命名空间/目标配置未闭合，不用宿主 std 测量替代	114:e18886f9040898b15f32ab78e7a310bfd4947b053cd6ad2036b9a0c266f3e01e:918:35	results/114.json.gz
116	std::is_const	4	NO_TEMPLATE_ARGUMENT_LIST	116:502acdb4ff702e3446934b70610e0da76b3b26166a6782f09ff7621250c18fdf:72:7	results/116.json.gz
116	std::is_const	1	DEPENDENT_OR_LOCAL_NAMES: T0	116:aedfe8e1fcc855d8e1ca8d6663b3a8e2650246c8c743c3062e7ebb7490cb6b9c:82:34	results/116.json.gz
116	std::is_const	1	DEPENDENT_OR_LOCAL_NAMES: V	116:e2e8244ab8c631af32faf6b27e7fe0385c8a22bc6441bbe781e99fc5a033812d:138:19	results/116.json.gz
116	std::is_const	1	DEPENDENT_OR_LOCAL_NAMES: Source	116:c2c17ae529f532eb6714a03bac4f8c9d3061f22840b55e9aef4b5d0e01b9f496:188:15	results/116.json.gz
116	std::is_const	2	DEPENDENT_OR_LOCAL_NAMES: T	116:c2c17ae529f532eb6714a03bac4f8c9d3061f22840b55e9aef4b5d0e01b9f496:385:19	results/116.json.gz
116	std::is_const	1	DEPENDENT_OR_LOCAL_NAMES: Arg	116:2dcd2a21a789e320e8be403010526b570c6bc21135b1163d98bb53f837bd7b1e:44:15	results/116.json.gz
116	std::is_const	1	DEPENDENT_OR_LOCAL_NAMES: Default	116:41e7b5d70aedde05e3f4530ad4f94f0fef3f67d14d2a7d49515203b1a50c5320:220:23	results/116.json.gz
116	std::is_const	1	DEPENDENT_OR_LOCAL_NAMES: Iterator	116:e59bc789b6b938628e1dced0da6ca973e4bc5efcf7bf6a9acfee10cd4d359dbf:56:36	results/116.json.gz
116	std::is_const	1	CUDA 内嵌标准实现的命名空间/目标配置未闭合，不用宿主 std 测量替代	116:e18886f9040898b15f32ab78e7a310bfd4947b053cd6ad2036b9a0c266f3e01e:950:45	results/116.json.gz
117	std::is_scalar	3	NO_TEMPLATE_ARGUMENT_LIST	117:502acdb4ff702e3446934b70610e0da76b3b26166a6782f09ff7621250c18fdf:85:7	results/117.json.gz
117	std::is_scalar	14	DEPENDENT_OR_LOCAL_NAMES: T	117:92a89a75554a5fea9475650fd62319bdf0dde5376475016e311ec9c86749505c:46:20	results/117.json.gz
117	std::is_scalar	1	DEPENDENT_OR_LOCAL_NAMES: V	117:e2e8244ab8c631af32faf6b27e7fe0385c8a22bc6441bbe781e99fc5a033812d:113:11	results/117.json.gz
117	std::is_scalar	2	DEPENDENT_OR_LOCAL_NAMES: Arg	117:59e21a88fe2aea2051bad380f346034d0a865f510f5ce61a8408d94d21c67aeb:47:11	results/117.json.gz
117	std::is_scalar	3	DEPENDENT_OR_LOCAL_NAMES: Default	117:41e7b5d70aedde05e3f4530ad4f94f0fef3f67d14d2a7d49515203b1a50c5320:110:19	results/117.json.gz
117	std::is_scalar	2	DEPENDENT_OR_LOCAL_NAMES: ForwardIt,iterator_traits	117:2f7dfd9a868a554e3a1ca0c158fc804ac90e6fd20022be8716a5c01730fa17aa:184:11	results/117.json.gz
118	std::is_standard_layout	4	DEPENDENT_OR_LOCAL_NAMES: Pair	118:18cb31bdb53d4adeff31230a31512a10276dc109fb9d247b081080d4820eba75:281:32	results/118.json.gz
118	std::is_standard_layout	2	DEPENDENT_OR_LOCAL_NAMES: P	118:18cb31bdb53d4adeff31230a31512a10276dc109fb9d247b081080d4820eba75:297:12	results/118.json.gz
118	std::is_standard_layout	2	DEPENDENT_OR_LOCAL_NAMES: K	118:18cb31bdb53d4adeff31230a31512a10276dc109fb9d247b081080d4820eba75:308:33	results/118.json.gz
118	std::is_standard_layout	1	NO_TEMPLATE_ARGUMENT_LIST	118:dcd2f7f97cf8091732d0f7335f69b40c603a1446475ed3542e5d425a31586dbc:69:87	results/118.json.gz
118	std::is_standard_layout	2	DEPENDENT_OR_LOCAL_NAMES: T	118:66c7d218901bccea0b7ae042f7e77cd1af0b441af13bb578150ddf3cf0d42f08:368:14	results/118.json.gz
119	std::is_trivial	12	DEPENDENT_OR_LOCAL_NAMES: T	119:9bf0aa0b3ae397f52f653c62bf0561b726d55c5269fd9f3cf9f399913e51a134:40:9	results/119.json.gz
119	std::is_trivial	1	NO_TEMPLATE_ARGUMENT_LIST	119:dcd2f7f97cf8091732d0f7335f69b40c603a1446475ed3542e5d425a31586dbc:67:79	results/119.json.gz
119	std::is_trivial	1	DEPENDENT_OR_LOCAL_NAMES: type	119:050480c06078138865a3b922a53caeb3727390c7b74cece252ed2010b8efe697:510:9	results/119.json.gz
119	std::is_trivial	5	DEPENDENT_OR_LOCAL_NAMES: _Tp	119:ce1eade7ac594b4d9ded93d6ad8bec436fe44e117f1865c9c380dcd54c8e2c86:1300:29	results/119.json.gz
119	std::is_trivial	8	DEPENDENT_OR_LOCAL_NAMES: _ValueType1	119:74fc627d03ebce4ff50b1d6b1e343eee9bc62427d27cb08499f887509a959d67:37:40	results/119.json.gz
119	std::is_trivial	8	DEPENDENT_OR_LOCAL_NAMES: _ValueType2	119:74fc627d03ebce4ff50b1d6b1e343eee9bc62427d27cb08499f887509a959d67:37:78	results/119.json.gz
119	std::is_trivial	8	DEPENDENT_OR_LOCAL_NAMES: _ValueType	119:74fc627d03ebce4ff50b1d6b1e343eee9bc62427d27cb08499f887509a959d67:257:41	results/119.json.gz
119	std::is_trivial	1	DEPENDENT_OR_LOCAL_NAMES: ContextInfo	119:334e1bb7273fba4f872cd70a1c597b7879c5c98b48786515765c29672c50dc6e:279:19	results/119.json.gz
119	std::is_trivial	1	DEPENDENT_OR_LOCAL_NAMES: RegisterInfo	119:2c8c567240178af4192b66a3c388a1818eadb3d74888fa3cffc709f0d40aa8af:83:15	results/119.json.gz
119	std::is_trivial	1	DEPENDENT_OR_LOCAL_NAMES: Inst	119:35a2ff46fcf556c090131621525921bccc1d62db6654ba81cd48600375637170:172:17	results/119.json.gz
119	std::is_trivial	1	DEPENDENT_OR_LOCAL_NAMES: CharType	119:298ad906bd66894f5f5af6cc2667fbdafd120b5b8904825d47244a17c65e0cca:14796:23	results/119.json.gz
119	std::is_trivial	1	DEPENDENT_OR_LOCAL_NAMES: U	119:b339385eca638fd53925712806ada327a7b127eb368eb6ac49bdbd977cb8b462:40:19	results/119.json.gz
119	std::is_trivial	2	DEPENDENT_OR_LOCAL_NAMES: StorageType	119:555efe89d46fba8af0054014a49fb055c239d5376555b6d9f0c1ce793afbc66f:149:17	results/119.json.gz
119	std::is_trivial	1	DEPENDENT_OR_LOCAL_NAMES: AccessTraits,StorageType,Type,bef,tfrt	119:555efe89d46fba8af0054014a49fb055c239d5376555b6d9f0c1ce793afbc66f:285:7	results/119.json.gz
119	std::is_trivial	1	DEPENDENT_OR_LOCAL_NAMES: Storage	119:555efe89d46fba8af0054014a49fb055c239d5376555b6d9f0c1ce793afbc66f:297:17	results/119.json.gz
119	std::is_trivial	1	DEPENDENT_OR_LOCAL_NAMES: TaggedStringPtr	119:231a557bdc01ddb75f45304a6ea8ab2bbb7d34905c87509bcbe309a5cc4d98e7:214:15	results/119.json.gz
119	std::is_trivial	3	DEPENDENT_OR_LOCAL_NAMES: Element	119:bcb966814dd6aea71f7df17ab8a0e482efd37f9566d4eeec528a9c314a6deff4:401:12	results/119.json.gz
119	std::is_trivial	1	DEPENDENT_OR_LOCAL_NAMES: ElemType	119:611dde9d13b558048abca8b9e4dec52b52931f26943af03f136bacc178e73826:168:55	results/119.json.gz
120	std::make_unsigned	18	DEPENDENT_OR_LOCAL_NAMES: T	120:ea75fb4a6d107f47169d0a13e4ec06c705b9eac62fc3a1e52e131621d1b6e7c1:72:23	results/120.json.gz
120	std::make_unsigned	5	NO_TEMPLATE_ARGUMENT_LIST	120:da988a3f98e58971225acbaffc3965e326b0cd6f6d3411d3fcfab2fbf3b215cb:34:7	results/120.json.gz
120	std::make_unsigned	1	DEPENDENT_OR_LOCAL_NAMES: Type	120:72a997167dec1c27071cf2791485f2fd4bb718bada51334f84790141c5e2187e:64:36	results/120.json.gz
120	std::make_unsigned	1	DEPENDENT_OR_LOCAL_NAMES: out_type	120:72a997167dec1c27071cf2791485f2fd4bb718bada51334f84790141c5e2187e:149:36	results/120.json.gz
120	std::make_unsigned	1	DEPENDENT_OR_LOCAL_NAMES: A,allocator_difference_type,boost	120:66fef0d08dba4f2f469a6659f4bb9404c90da0f0ecd73814f12da70fbfa174af:226:22	results/120.json.gz
120	std::make_unsigned	1	DEPENDENT_OR_LOCAL_NAMES: Integer	120:8882858da0186d4fe71cbab952bdfa3d481f589a7dd01ca3d9be9ca0223df0d7:246:39	results/120.json.gz
120	std::make_unsigned	1	DEPENDENT_OR_LOCAL_NAMES: Indices	120:2adf2ada589a8010c248cab7f878551d90e929a9a1d2147561ea79a88b1540c1:112:33	results/120.json.gz
120	std::make_unsigned	4	DEPENDENT_OR_LOCAL_NAMES: mpfr_exp_t	120:c9254c0b93831b50045063c93d2a57c368ed1a137ea2117cf058d29410c46df1:2068:89	results/120.json.gz
120	std::make_unsigned	1	DEPENDENT_OR_LOCAL_NAMES: SignedInt	120:0bef7aa88ab0da447a72b15f0929fc8aa94c617d6f03840d0ed4b17b555435e7:41:33	results/120.json.gz
120	std::make_unsigned	1	DEPENDENT_OR_LOCAL_NAMES: OfSize,identity_or_underlying_type	120:d1372e44227766f0df01d8925986f66f31b92890028cdaba98e33890c79b0ddc:371:67	results/120.json.gz
120	std::make_unsigned	1	DEPENDENT_OR_LOCAL_NAMES: native_mask_type	120:b2b645e7d50b05ace28417a4ef7c650cadafac482a7df11588409fd623b5f284:362:21	results/120.json.gz
120	std::make_unsigned	2	DEPENDENT_OR_LOCAL_NAMES: charT	120:b2b645e7d50b05ace28417a4ef7c650cadafac482a7df11588409fd623b5f284:556:24	results/120.json.gz
120	std::make_unsigned	3	DEPENDENT_OR_LOCAL_NAMES: result_base_type	120:23bb3b4f7be7cca232b34a922150fbadfc78f62af774b6e67b7a266817d88c6f:1592:29	results/120.json.gz
120	std::make_unsigned	3	DEPENDENT_OR_LOCAL_NAMES: Char	120:bbed8236eaca15c7305e1e7f6505470710327f3c61e1340ccff71bdf30cec005:55:26	results/120.json.gz
120	std::make_unsigned	2	DEPENDENT_OR_LOCAL_NAMES: mask	120:2f6b8988d49dcd555a31a7d3daec363d7ae9d9461d54cf2c62c1accfc0f0101d:442:35	results/120.json.gz
120	std::make_unsigned	1	DEPENDENT_OR_LOCAL_NAMES: _CharT	120:79dbde1d6249f5a3f582f8452093f9d0ebc85d1ab73b92f2791d0f09a61ecf14:531:39	results/120.json.gz
120	std::make_unsigned	1	DEPENDENT_OR_LOCAL_NAMES: _DistanceType	120:e43393c10d3f7de968db3893cb867ae55455b524c6fd44c60a15ec482454f499:3710:24	results/120.json.gz
120	std::make_unsigned	1	DEPENDENT_OR_LOCAL_NAMES: _py_type_0	120:c327a6c05dee37783a57c2ba685e420c5c87fbcc6900f6333b1586da7a3b0329:128:47	results/120.json.gz
120	std::make_unsigned	1	DEPENDENT_OR_LOCAL_NAMES: index,limit	120:a58d4c1456a3438834ec6ccb9476ace68b00abd887527dee2aca731ef94f526b:34:20	results/120.json.gz
120	std::make_unsigned	3	DEPENDENT_OR_LOCAL_NAMES: Int	120:b431070f54b8db936ca5818abb1edc754a4fcefe65511528695fecb527597cda:43:45	results/120.json.gz
120	std::make_unsigned	1	CUDA 内嵌标准实现的命名空间/目标配置未闭合，不用宿主 std 测量替代	120:90cd97d7111829e738fc27f57fdfb77099ab793814606130e53047bf2fbca845:182:22	results/120.json.gz
120	std::make_unsigned	1	DEPENDENT_OR_LOCAL_NAMES: I	120:8ebd63b146f7e1f96d4f4d650fb0977027cbf0181f200e43a24d0a30a2e2bee6:10517:35	results/120.json.gz
127	std::is_void	2	DEPENDENT_OR_LOCAL_NAMES: result_type	127:7bc88f89e15f9e0986dc6ca23ad143b9514b1ad9ab82b64a0371e1379a13c90c:1190:11	results/127.json.gz
127	std::is_void	1	DEPENDENT_OR_LOCAL_NAMES: T,tag	127:cec0b180c535ac2277ec0bd4b87727078bc11e92d091d8950e7ede5faa13743e:34:7	results/127.json.gz
127	std::is_void	3	NO_TEMPLATE_ARGUMENT_LIST	127:dcd2f7f97cf8091732d0f7335f69b40c603a1446475ed3542e5d425a31586dbc:40:76	results/127.json.gz
127	std::is_void	1	DEPENDENT_OR_LOCAL_NAMES: result_of_F	127:0cc25833b04a64284c9d1fccd1785e443279cb8b43fa4dbb7bbaab15923214cc:37:15	results/127.json.gz
127	std::is_void	1	DEPENDENT_OR_LOCAL_NAMES: hook,is_final_fallback	127:6aa4d2bc95466eb96ce33e782069ef8f9257ff882e6a23bfe28ad7ee217b7805:59:3	results/127.json.gz
127	std::is_void	2	DEPENDENT_OR_LOCAL_NAMES: hook,is_invocable_fallback	127:c596a4addff33c7315c474539305a23ff69da53350f21890d0d761e93cc74ba1:80:3	results/127.json.gz
127	std::is_void	1	DEPENDENT_OR_LOCAL_NAMES: Ret	127:81fbb423006cce39ffa15f51c92d55bde69296214e92750d3fad86df28394f9d:65:5	results/127.json.gz
127	std::is_void	2	DEPENDENT_OR_LOCAL_NAMES: T	127:c327a6c05dee37783a57c2ba685e420c5c87fbcc6900f6333b1586da7a3b0329:1188:67	results/127.json.gz
127	std::is_void	4	DEPENDENT_OR_LOCAL_NAMES: R	127:f4626097c249cf477944dd53b6bd6f6fd7d267ce724833b638d6a9be9579d514:132:29	results/127.json.gz
127	std::is_void	1	DEPENDENT_OR_LOCAL_NAMES: F,U,invoke_result_t	127:ecdc89fa2005396cc6c7660dc02639a2812a80c433ca5d0180cb1352edb01b95:281:7	results/127.json.gz
127	std::is_void	1	DEPENDENT_OR_LOCAL_NAMES: OutputIt	127:72de8b7098d18e53726f1ecb1c453a019a31a2ef4fef43c58ffe8fc40dd59828:348:38	results/127.json.gz
128	std::is_nothrow_move_constructible	2	DEPENDENT_OR_LOCAL_NAMES: O,boost,iterator_value	128:9ee56e75b425540b2aa84efc59e2c3902bf85efaa543ae32424b50352f2b4332:384:13	results/128.json.gz
128	std::is_nothrow_move_constructible	1	NO_TEMPLATE_ARGUMENT_LIST	128:dcd2f7f97cf8091732d0f7335f69b40c603a1446475ed3542e5d425a31586dbc:97:98	results/128.json.gz
128	std::is_nothrow_move_constructible	7	DEPENDENT_OR_LOCAL_NAMES: T	128:61de1d2a3e919e7a93b8c027a50ac9628e8ae1db4cc2dc09ccaaad81e0502511:74:39	results/128.json.gz
128	std::is_nothrow_move_constructible	1	DEPENDENT_OR_LOCAL_NAMES: U	128:398598c284ebcb41236f2b22856572f9aca86bc707964325e4eb2e2d8282b9e3:1809:32	results/128.json.gz
128	std::is_nothrow_move_constructible	1	DEPENDENT_OR_LOCAL_NAMES: T0	128:0d89b3f52d0f1e22a331e74eed9b0609321dbefc57e6cc1aec1d33745ea5fcfc:706:11	results/128.json.gz
128	std::is_nothrow_move_constructible	1	DEPENDENT_OR_LOCAL_NAMES: Tn	128:0d89b3f52d0f1e22a331e74eed9b0609321dbefc57e6cc1aec1d33745ea5fcfc:707:11	results/128.json.gz
129	std::is_trivially_copyable	6	DEPENDENT_OR_LOCAL_NAMES: T	129:5dd13146de9e1ca0cf37e379af0ce4efd7ae1911c042281c39a5837d848c3e3a:407:35	results/129.json.gz
129	std::is_trivially_copyable	3	NO_TEMPLATE_ARGUMENT_LIST	129:e43a0f7ceee8afa58d25ca246c9480c8b740e58fe5c51bd271706e5c9e88231a:37:7	results/129.json.gz
129	std::is_trivially_copyable	1	限定名还有外层命名空间；不是已确认的全局 std	129:0a3b85110d12d216b412b3a558f0b7883a45f37d51afaa491bec7f1d4f2ba608:146:64	results/129.json.gz
135	std::is_array	4	NO_TEMPLATE_ARGUMENT_LIST	135:dcd2f7f97cf8091732d0f7335f69b40c603a1446475ed3542e5d425a31586dbc:44:77	results/135.json.gz
135	std::is_array	1	DEPENDENT_OR_LOCAL_NAMES: T	135:46b131cace24091671038e5963cad4059029a48b648fbcc36b0711c0c198fb8e:104:5	results/135.json.gz
135	std::is_array	1	DEPENDENT_OR_LOCAL_NAMES: value_type	135:5fa1312ae8ba2c7ff535b4c40bbcae3ad5331f00288d0dc93664e98d45784c9c:55:19	results/135.json.gz
135	std::is_array	1	DEPENDENT_OR_LOCAL_NAMES: T0	135:0d89b3f52d0f1e22a331e74eed9b0609321dbefc57e6cc1aec1d33745ea5fcfc:467:44	results/135.json.gz
135	std::is_array	1	DEPENDENT_OR_LOCAL_NAMES: Tn	135:0d89b3f52d0f1e22a331e74eed9b0609321dbefc57e6cc1aec1d33745ea5fcfc:468:44	results/135.json.gz
137	std::is_default_constructible	2	DEPENDENT_OR_LOCAL_NAMES: Dest	137:417efb2fa58a9700031884ac205f55ff2077326db4343a0af0ab13af5456e745:158:36	results/137.json.gz
137	std::is_default_constructible	21	DEPENDENT_OR_LOCAL_NAMES: T	137:812bc9b0dc30eddf131ebdba4ace5a7e7290b48dd8590f8704531a11c0608dfe:304:38	results/137.json.gz
137	std::is_default_constructible	1	DEPENDENT_OR_LOCAL_NAMES: Hash,T,absl	137:10cd467879c9fd27d4175e6431d2ec73ce20b86c75bb7617c95aab4e80d861e4:81:21	results/137.json.gz
137	std::is_default_constructible	2	DEPENDENT_OR_LOCAL_NAMES: Key	137:5dd13146de9e1ca0cf37e379af0ce4efd7ae1911c042281c39a5837d848c3e3a:233:9	results/137.json.gz
137	std::is_default_constructible	1	NO_TEMPLATE_ARGUMENT_LIST	137:dcd2f7f97cf8091732d0f7335f69b40c603a1446475ed3542e5d425a31586dbc:87:93	results/137.json.gz
137	std::is_default_constructible	1	DEPENDENT_OR_LOCAL_NAMES: metadata_type	137:1552b11cd644f70e84c0ff3884f318d03cf4a01f7db9e880b876e84bd4caad63:30:17	results/137.json.gz
137	std::is_default_constructible	1	DEPENDENT_OR_LOCAL_NAMES: P	137:e71658bffa77eddbe73fc9fe5e4551a52ed7931ffe6200168001a0878a341f44:249:43	results/137.json.gz
137	std::is_default_constructible	3	DEPENDENT_OR_LOCAL_NAMES: value_type	137:2035e591a5dc6b1f43a0bec38785d131e97d2969918646430de452a9fe6ddd2a:960:70	results/137.json.gz
137	std::is_default_constructible	2	DEPENDENT_OR_LOCAL_NAMES: error_type	137:2035e591a5dc6b1f43a0bec38785d131e97d2969918646430de452a9fe6ddd2a:987:70	results/137.json.gz
137	std::is_default_constructible	1	DEPENDENT_OR_LOCAL_NAMES: T,mp11,mp_first,variant	137:398598c284ebcb41236f2b22856572f9aca86bc707964325e4eb2e2d8282b9e3:1623:54	results/137.json.gz
137	std::is_default_constructible	3	DEPENDENT_OR_LOCAL_NAMES: Tgt	137:4566c841e0b436d2c83bf6092c16109a90b1808ce002d396f67288952aa5101f:119:65	results/137.json.gz
137	std::is_default_constructible	2	DEPENDENT_OR_LOCAL_NAMES: U1	137:21219445e6eef2cb05af0c02988e80c113639e9ef5ac65988cca19bdb0831938:35:7	results/137.json.gz
137	std::is_default_constructible	2	DEPENDENT_OR_LOCAL_NAMES: Ts	137:21219445e6eef2cb05af0c02988e80c113639e9ef5ac65988cca19bdb0831938:36:21	results/137.json.gz
137	std::is_default_constructible	1	DEPENDENT_OR_LOCAL_NAMES: LazyH	137:45c0153c15ac2b431ae5ea722ac0092fe1fb74805c9267b00e8be5d4fb93f10b:1032:17	results/137.json.gz
137	std::is_default_constructible	1	限定名还有外层命名空间；不是已确认的全局 std	137:c69ba249cd20db3d4ab48db7e5b2b59f3ae54c0042495192909e22b03f60d31f:203:35	results/137.json.gz
140	std::conditional_t	1	DEPENDENT_OR_LOCAL_NAMES: DirectImpl,PlacementImpl,T	140:f0bb714dea8be2f719bb0c0011de782417e09054ea66921c4303f0f7dac1ce93:178:3	results/140.json.gz
140	std::conditional_t	2	DEPENDENT_OR_LOCAL_NAMES: T,Value,absl,negation	140:a2c818cbe6d139e844734b6bcabe5eb34337f71c87e17de9769657c4bf857b81:57:18	results/140.json.gz
140	std::conditional_t	2	DEPENDENT_OR_LOCAL_NAMES: Alloc,value_type	140:1fb892663d0cf98cf7c5a6674caf3f30c17fad99542cbf5a384637617cceb4d0:127:17	results/140.json.gz
140	std::conditional_t	1	DEPENDENT_OR_LOCAL_NAMES: IsLifetimeBoundAssignment,K,Policy,key_type,policy_trait_element_is_owner,type_traits_internal	140:5fd8221e4a3336156435a5135308429b552f559d98000ff963ea6f2b6c36a634:65:14	results/140.json.gz
140	std::conditional_t	1	DEPENDENT_OR_LOCAL_NAMES: IsLifetimeBoundAssignment,Policy,U,init_type,policy_trait_element_is_owner,type_traits_internal	140:664a2991e24a3b879d7ba75a36039a01a1a31739807904576d6dcd2a90cad2e2:1964:41	results/140.json.gz
140	std::conditional_t	2	DEPENDENT_OR_LOCAL_NAMES: T,UnderlyingTypeT,int64_t,uint64_t	140:07d0ded2db38342377d5514972ec38b2f52b2ec8ec73b8e35b521d38606bd445:393:5	results/140.json.gz
140	std::conditional_t	2	NO_TEMPLATE_ARGUMENT_LIST	140:5dd13146de9e1ca0cf37e379af0ce4efd7ae1911c042281c39a5837d848c3e3a:124:7	results/140.json.gz
140	std::conditional_t	1	DEPENDENT_OR_LOCAL_NAMES: IsDirectInitializationAmbiguous,IsReferenceConversionValid,Status,StatusOr,T,U,absl,disjunction,in_place_t,negation,remove_cvref_t	140:93febd5d2b52f66456fd62b5316eec3843c3055e5bc4a1761840804f45c7e240:113:5	results/140.json.gz
140	std::conditional_t	1	DEPENDENT_OR_LOCAL_NAMES: Explicit,Status,U,absl,negation	140:93febd5d2b52f66456fd62b5316eec3843c3055e5bc4a1761840804f45c7e240:168:13	results/140.json.gz
140	std::conditional_t	1	DEPENDENT_OR_LOCAL_NAMES: IsReferenceConversionValid,T,U,absl,conjunction	140:93febd5d2b52f66456fd62b5316eec3843c3055e5bc4a1761840804f45c7e240:181:5	results/140.json.gz
140	std::conditional_t	1	DEPENDENT_OR_LOCAL_NAMES: Reference,T	140:93febd5d2b52f66456fd62b5316eec3843c3055e5bc4a1761840804f45c7e240:403:5	results/140.json.gz
140	std::conditional_t	6	DEPENDENT_OR_LOCAL_NAMES: is_noexcept	140:50ad851956ff057ec579a6aab38b01370e22582e981e43b699fda463837f51e8:155:22	results/140.json.gz
140	std::conditional_t	1	DEPENDENT_OR_LOCAL_NAMES: BOOST_DLL_USE_STD_FS,boost,filesystem,path	140:774ec033af3cf037d850dadecb42191e5d628e5e4bf2a34e28e0aedc6900c41d:45:14	results/140.json.gz
140	std::conditional_t	1	DEPENDENT_OR_LOCAL_NAMES: BOOST_DLL_USE_STD_FS,boost,error_code,system	140:774ec033af3cf037d850dadecb42191e5d628e5e4bf2a34e28e0aedc6900c41d:49:20	results/140.json.gz
140	std::conditional_t	1	DEPENDENT_OR_LOCAL_NAMES: BOOST_DLL_USE_STD_FS,boost,system,system_error	140:774ec033af3cf037d850dadecb42191e5d628e5e4bf2a34e28e0aedc6900c41d:53:22	results/140.json.gz
140	std::conditional_t	1	DEPENDENT_OR_LOCAL_NAMES: PointSegmentA,cs_tag,geometry,spherical_equatorial_tag,spherical_polar_tag	140:777e2286ab895baef1da2c0a05c4e18cbaa577295e865514f86fb584650f1502:248:17	results/140.json.gz
140	std::conditional_t	6	DEPENDENT_OR_LOCAL_NAMES: OverlayType,overlay_intersection,point_tag	140:735a482d373a2ff9bc255eec67ffd74b777ccb50ed34ba2fad8f16f5fdea2a4f:429:17	results/140.json.gz
140	std::conditional_t	1	DEPENDENT_OR_LOCAL_NAMES: Geometry1,Geometry2,TurnPolicy,dispatch,get_turns,get_turns_reversed,reverse_dispatch,tag	140:e7155cb8053d2ca40e48945da6351a51cd58787aaa84cdb2c7336f80afee0e8f:120:5	results/140.json.gz
140	std::conditional_t	1	DEPENDENT_OR_LOCAL_NAMES: Geometry1,Geometry2,Reverse1,Reverse2,TurnPolicy,dispatch,get_turns,get_turns_reversed,reverse_dispatch,tag	140:ddfc01032ae7106a32c043af8705e3d8fad670fd41968cb34c1a18148f272745:1102:5	results/140.json.gz
140	std::conditional_t	1	DEPENDENT_OR_LOCAL_NAMES: Geometry1,Geometry2,GeometryOut,OverlayType,ReverseSecond,detail,dispatch,do_reverse,geometry,intersection_insert,intersection_insert_reversed,overlay,point_order,reverse_dispatch	140:4c4219f1ba3bbacb5b3fa1b0f05c85b85b7908fceffca4dc094832af17138021:1432:12	results/140.json.gz
140	std::conditional_t	1	DEPENDENT_OR_LOCAL_NAMES: geometry,model,mpt1_found_t,multi_point,pt1_t	140:d74769c1d99ef01c96310655aeaa2512a57272624e81d3f2dc872a0cf29f7913:126:20	results/140.json.gz
140	std::conditional_t	1	DEPENDENT_OR_LOCAL_NAMES: geometry,linestring,mls1_found_t,model,multi_linestring,pt1_t	140:d74769c1d99ef01c96310655aeaa2512a57272624e81d3f2dc872a0cf29f7913:132:20	results/140.json.gz
140	std::conditional_t	1	DEPENDENT_OR_LOCAL_NAMES: geometry,model,mpo1_found_t,multi_polygon,polygon,pt1_t	140:d74769c1d99ef01c96310655aeaa2512a57272624e81d3f2dc872a0cf29f7913:138:20	results/140.json.gz
140	std::conditional_t	1	DEPENDENT_OR_LOCAL_NAMES: geometry,model,mpt2_found_t,multi_point,pt2_t	140:d74769c1d99ef01c96310655aeaa2512a57272624e81d3f2dc872a0cf29f7913:162:20	results/140.json.gz
140	std::conditional_t	1	DEPENDENT_OR_LOCAL_NAMES: geometry,linestring,mls2_found_t,model,multi_linestring,pt2_t	140:d74769c1d99ef01c96310655aeaa2512a57272624e81d3f2dc872a0cf29f7913:168:20	results/140.json.gz
140	std::conditional_t	1	DEPENDENT_OR_LOCAL_NAMES: geometry,model,mpo2_found_t,multi_polygon,polygon,pt2_t	140:d74769c1d99ef01c96310655aeaa2512a57272624e81d3f2dc872a0cf29f7913:174:20	results/140.json.gz
140	std::conditional_t	1	DEPENDENT_OR_LOCAL_NAMES: Geometry1,Geometry2,dispatch,geometry,implemented_tag,not_implemented,not_implemented_tag,nyi,relate,tag	140:818750a7b40d668e78d4679c114b5748ad74006937351a500b981f8775d9cd9f:37:7	results/140.json.gz
140	std::conditional_t	1	DEPENDENT_OR_LOCAL_NAMES: Geometry,value_type	140:676d7e4b51054cd0afbe1b002bb4d108e720b3a24693b75aea6753498e76484c:82:13	results/140.json.gz
140	std::conditional_t	1	DEPENDENT_OR_LOCAL_NAMES: Geom,boost,geom,range_iterator	140:478346a6d8f03969ea968b404895dba5591e017d9631cd1f9a6e278d5d1894f1:198:24	results/140.json.gz
140	std::conditional_t	1	DEPENDENT_OR_LOCAL_NAMES: PromoteIntegerTo,T	140:f5ca4b214e4a8c4a794f0152378e89f450a38c5ff614fbd10b19f1abb073245d:40:13	results/140.json.gz
140	std::conditional_t	2	DEPENDENT_OR_LOCAL_NAMES: Type	140:f5ca4b214e4a8c4a794f0152378e89f450a38c5ff614fbd10b19f1abb073245d:68:18	results/140.json.gz
140	std::conditional_t	1	DEPENDENT_OR_LOCAL_NAMES: Polygon,interior_const_type,interior_mutable_type,nc_polygon_type,traits	140:37aeef3a372a516cc987b548d4a95253b3691863aa607db35ce824b57995f3d8:86:13	results/140.json.gz
140	std::conditional_t	1	DEPENDENT_OR_LOCAL_NAMES: Polygon,nc_polygon_type,ring_const_type,ring_mutable_type,traits	140:3364652b580836665258aee0921ce74e93d563706d8c7672f8bda911b355c685:96:13	results/140.json.gz
140	std::conditional_t	1	DEPENDENT_OR_LOCAL_NAMES: MultiLinestring,boost,range_value	140:3364652b580836665258aee0921ce74e93d563706d8c7672f8bda911b355c685:111:13	results/140.json.gz
140	std::conditional_t	2	DEPENDENT_OR_LOCAL_NAMES: MultiPolygon,boost,range_value	140:3364652b580836665258aee0921ce74e93d563706d8c7672f8bda911b355c685:127:13	results/140.json.gz
140	std::conditional_t	1	DEPENDENT_OR_LOCAL_NAMES: BaseTag,BaseTags,Tag,tag_cast	140:5592635c2e21e08af2411bc38b6a3489263a42445ac5ffd1fae9bf0413721445:52:13	results/140.json.gz
140	std::conditional_t	1	DEPENDENT_OR_LOCAL_NAMES: Polygon	140:9abace16e55a8e3c98420cda507a120d76bf4e0cdaf189e3048b080fb965f54f:40:13	results/140.json.gz
140	std::conditional_t	1	DEPENDENT_OR_LOCAL_NAMES: any,geom_t	140:038555106db616bef413f519e652fac781f026e300e48d77a64917d7c7249885:57:32	results/140.json.gz
140	std::conditional_t	2	DEPENDENT_OR_LOCAL_NAMES: Indexable,T	140:bcaa66b880d557d380848b19f223720739ba359f282090b1401ada6e47ef3667:54:13	results/140.json.gz
140	std::conditional_t	1	DEPENDENT_OR_LOCAL_NAMES: T,Value	140:bcaa66b880d557d380848b19f223720739ba359f282090b1401ada6e47ef3667:70:13	results/140.json.gz
140	std::conditional_t	1	DEPENDENT_OR_LOCAL_NAMES: Indexable,T,Value	140:bcaa66b880d557d380848b19f223720739ba359f282090b1401ada6e47ef3667:81:13	results/140.json.gz
140	std::conditional_t	1	DEPENDENT_OR_LOCAL_NAMES: coordinate_type	140:42b6d9e2f691e34877eeee4ac2bd3ef66dad3eb81e88c81ff1bced54178663e9:91:13	results/140.json.gz
140	std::conditional_t	1	DEPENDENT_OR_LOCAL_NAMES: C,Capacity,aligned_storage_type,value_type,varray	140:d84afa312a60093af2d988e562eb2e4e51681564b0c479c64f495202618d32c2:1491:17	results/140.json.gz
140	std::conditional_t	1	DEPENDENT_OR_LOCAL_NAMES: Predicates,detail,distance_query_iterator,iterators,members_holder,predicates_count_distance,rtree,spatial_query_iterator	140:9c84424fa7d7feb7b1ab47cc9368e7faeb5f852761e549c0500bc9992faa00b8:1184:30	results/140.json.gz
140	std::conditional_t	1	DEPENDENT_OR_LOCAL_NAMES: Iterator,TraversalFlag,boost,iterator_traversal,random_access_traversal_tag,use_default	140:346d621938bb8a429eba589f126f0b9b27269c04e96ca9defb2cdbb09f95d5c4:42:9	results/140.json.gz
140	std::conditional_t	1	DEPENDENT_OR_LOCAL_NAMES: Geometry,boost,range_value	140:03835ad771932ec4e47e2308c1d1888082e132b0dfdfde793e725b05705f1ae6:39:13	results/140.json.gz
140	std::conditional_t	1	DEPENDENT_OR_LOCAL_NAMES: Polygon,geometry,ring_type	140:03835ad771932ec4e47e2308c1d1888082e132b0dfdfde793e725b05705f1ae6:51:13	results/140.json.gz
140	std::conditional_t	1	DEPENDENT_OR_LOCAL_NAMES: Geometry,geometry,point_type	140:d239900bbe0e921ac6522a4efee31af67250363490042d304aea06ce66d03a00:32:13	results/140.json.gz
140	std::conditional_t	1	DEPENDENT_OR_LOCAL_NAMES: geometry,model,point_iterator_reference_type,point_iterator_value_type,pointing_segment,remove_cptrref,segment,util	140:3a11ed8904d3c0409638d8f8ffb86143f662c03a8a891c57b7fd6189452904f8:49:13	results/140.json.gz
140	std::conditional_t	1	DEPENDENT_OR_LOCAL_NAMES: Point,Policy,boost,coordinate_type,geometry,long_long_type,no_rescale_policy_tag,rescale_policy_type	140:0a1e60aab2b0bdae6683e739a5c933edb5f2f6458e34c29d54697ac1dcab3e92:35:13	results/140.json.gz
140	std::conditional_t	1	DEPENDENT_OR_LOCAL_NAMES: CT	140:85dd0a411848767c44dea2fe2e046b4f355b7156af8e70c4a827254e928bf063:65:13	results/140.json.gz
140	std::conditional_t	1	DEPENDENT_OR_LOCAL_NAMES: I,T,Type,Types,find_type_index_impl	140:e1000c2ec6dcd2e72efee8a931a56d6f8da82f42397715d2dc255f5a086443ca:60:7	results/140.json.gz
140	std::conditional_t	1	DEPENDENT_OR_LOCAL_NAMES: Params,b,detail,e,es,exists_if,f,geometry,is_param,is_param_t,pred,r,r_a,r_au,r_g,r_h,r_lat_a,r_lat_g,r_v,rf,spar,srs,srs_sphere_tag,srs_spheroid_tag,tuples	140:9afd6f5a685f68e60a6bee70e16ef34d00da441b7c09cba7de46f990eeacf8bb:366:13	results/140.json.gz
140	std::conditional_t	1	DEPENDENT_OR_LOCAL_NAMES: Params,b,detail,e,es,exists_if,f,geometry,is_param_t,pred,rf,spar,srs,srs_spheroid_tag,tuples	140:9afd6f5a685f68e60a6bee70e16ef34d00da441b7c09cba7de46f990eeacf8bb:403:13	results/140.json.gz
140	std::conditional_t	1	DEPENDENT_OR_LOCAL_NAMES: Params,detail,exists_if,geometry,is_param,no_defs,pred,spar,srs,srs_spheroid_tag,tuples	140:9afd6f5a685f68e60a6bee70e16ef34d00da441b7c09cba7de46f990eeacf8bb:509:13	results/140.json.gz
140	std::conditional_t	1	DEPENDENT_OR_LOCAL_NAMES: Vertical,detail,is_param_t,is_param_tr,spar,srs,units_traits,vunits	140:34dd7f162124bb4c28f8b501ac84cec481d4b26a5076c41d184071480d842897:231:13	results/140.json.gz
140	std::conditional_t	1	DEPENDENT_OR_LOCAL_NAMES: Vertical,detail,is_param_t,spar,srs,to_meter,vto_meter	140:34dd7f162124bb4c28f8b501ac84cec481d4b26a5076c41d184071480d842897:241:13	results/140.json.gz
140	std::conditional_t	1	DEPENDENT_OR_LOCAL_NAMES: BGP,CT,P,aeqd_e,aeqd_e_guam,detail,find_if,geometry,guam,is_param,pred,spar,srs,tuples	140:369e5939239118e1c36bf3c3b2fe88a395d126416a5d3802811887321e11695b:507:21	results/140.json.gz
140	std::conditional_t	1	DEPENDENT_OR_LOCAL_NAMES: Point,PointOfSegment,Strategy,cartesian_tag,default_strategy,point_tag	140:9e7382a079c49810058a35ed04a9b9382ec5e9bcb320ffb22bc2c568ae45a639:198:13	results/140.json.gz
140	std::conditional_t	1	DEPENDENT_OR_LOCAL_NAMES: ApplyMethod,ft,is_member_function_pointer	140:4103008d1682305edaad3100a113c2e863778a12198641e8d237e700075b4b00:62:21	results/140.json.gz
140	std::conditional_t	1	DEPENDENT_OR_LOCAL_NAMES: S,comparable,comparable_type,detail,distance,services,strategies,strategy,strategy_type	140:b7cf50ba6a9e85c603bb621ae9f0306cf9b170479fa11534fc4754d2cdbf36f3:104:16	results/140.json.gz
140	std::conditional_t	1	DEPENDENT_OR_LOCAL_NAMES: geometry,radian,same_units_type,units1_type	140:b8aadc6c8a929124b7036eb23b8865b2b1faf080f67009dde22fc8f261c4c2ec:144:13	results/140.json.gz
140	std::conditional_t	1	DEPENDENT_OR_LOCAL_NAMES: Point1,Point2,dimension	140:b8aadc6c8a929124b7036eb23b8865b2b1faf080f67009dde22fc8f261c4c2ec:242:17	results/140.json.gz
140	std::conditional_t	1	DEPENDENT_OR_LOCAL_NAMES: Point,PointOfSegment,Strategy,default_strategy,point_tag,spherical_equatorial_tag	140:566c3e26b0585ad4144ac34d1ea00578015775d11173e252a78c44e3f92a6c56:810:13	results/140.json.gz
140	std::conditional_t	2	DEPENDENT_OR_LOCAL_NAMES: Strategy,comparable_type,distance,distance_ps_strategy,pp_comparable_strategy,services,strategy	140:8f8e32fd3ebccaf8a1e9820a4a247512e83e688d1801adfb1bbe64b632532daf:299:13	results/140.json.gz
140	std::conditional_t	1	DEPENDENT_OR_LOCAL_NAMES: Box1,Box2,Strategy,default_strategy,point_tag,point_type,spherical_equatorial_tag	140:8f8e32fd3ebccaf8a1e9820a4a247512e83e688d1801adfb1bbe64b632532daf:452:13	results/140.json.gz
140	std::conditional_t	1	DEPENDENT_OR_LOCAL_NAMES: Box,Point,Strategy,default_strategy,point_tag,point_type,spherical_equatorial_tag	140:7ad9f56fbd23e0998eb9e511ed6a97c9a44b86cd3310e6fd2ac1ce6c875187ad:376:13	results/140.json.gz
140	std::conditional_t	1	DEPENDENT_OR_LOCAL_NAMES: Strategies,cs_tag,geometry,segment_type,spherical_equatorial_tag,spherical_polar_tag,spherical_tag	140:d70d302cc170d4f673858479f118c90f665d240ee5bd953ade02562b12bc2853:58:17	results/140.json.gz
140	std::conditional_t	1	DEPENDENT_OR_LOCAL_NAMES: cs_tag,geometry,segment_type,spherical_equatorial_tag,spherical_polar_tag	140:d70d302cc170d4f673858479f118c90f665d240ee5bd953ade02562b12bc2853:61:17	results/140.json.gz
140	std::conditional_t	1	DEPENDENT_OR_LOCAL_NAMES: CalculationType,Spheroid,geometry,radius_type	140:bdbddb73ce792bded9b43a875bdb1e014dc1d33883c7490e8db614b105d9d535:85:17	results/140.json.gz
140	std::conditional_t	1	DEPENDENT_OR_LOCAL_NAMES: CalculationType,DefaultFloatingPointCalculationType,DefaultIntegralCalculationType,Type,select_most_precise	140:15df39bda63f0a50cc14cffbe97aafe9d3331088d4a70424eeab6942627e7c92:70:13	results/140.json.gz
140	std::conditional_t	1	DEPENDENT_OR_LOCAL_NAMES: DefaultFloatingPointCalculationType,DefaultIntegralCalculationType,Type,select_most_precise	140:15df39bda63f0a50cc14cffbe97aafe9d3331088d4a70424eeab6942627e7c92:73:13	results/140.json.gz
140	std::conditional_t	1	DEPENDENT_OR_LOCAL_NAMES: Method,boost,function_types,is_member_function_pointer	140:0b712908edf94f92acbc62e2e0401ddaa274a739f77d77b5c0a3ba4de71dacda:46:13	results/140.json.gz
140	std::conditional_t	1	DEPENDENT_OR_LOCAL_NAMES: Index,base_index_type	140:0b712908edf94f92acbc62e2e0401ddaa274a739f77d77b5c0a3ba4de71dacda:53:13	results/140.json.gz
140	std::conditional_t	1	DEPENDENT_OR_LOCAL_NAMES: CurrentT,MinSize,T,Ts,bit_size,promote_to_larger	140:6569f4bae5c7fcad1e68cc166a7c7d3d0523f6c602cfc925602acba34a805698:91:13	results/140.json.gz
140	std::conditional_t	1	DEPENDENT_OR_LOCAL_NAMES: UseCheckedInteger,boost,checked,cpp_int_check_type,multiprecision,unchecked	140:6569f4bae5c7fcad1e68cc166a7c7d3d0523f6c602cfc925602acba34a805698:168:13	results/140.json.gz
140	std::conditional_t	1	DEPENDENT_OR_LOCAL_NAMES: PromoteUnsignedToUnsigned,bit_size_type,is_unsigned	140:6569f4bae5c7fcad1e68cc166a7c7d3d0523f6c602cfc925602acba34a805698:213:13	results/140.json.gz
140	std::conditional_t	1	DEPENDENT_OR_LOCAL_NAMES: bit_size_type,is_unsigned	140:6569f4bae5c7fcad1e68cc166a7c7d3d0523f6c602cfc925602acba34a805698:217:13	results/140.json.gz
140	std::conditional_t	1	DEPENDENT_OR_LOCAL_NAMES: PromoteUnsignedToUnsigned,is_unsigned,signed_integral_types,unsigned_integral_types	140:6569f4bae5c7fcad1e68cc166a7c7d3d0523f6c602cfc925602acba34a805698:269:13	results/140.json.gz
140	std::conditional_t	1	DEPENDENT_OR_LOCAL_NAMES: CalculationType,Geometry1,Geometry2,select_coordinate_type	140:46546f849911c6ae8307e8a3d792d8e898804fa2b0b8e306abcbe5eff869f5d9:41:13	results/140.json.gz
140	std::conditional_t	1	DEPENDENT_OR_LOCAL_NAMES: CalculationType,Geometries,select_coordinate_type	140:46546f849911c6ae8307e8a3d792d8e898804fa2b0b8e306abcbe5eff869f5d9:61:13	results/140.json.gz
140	std::conditional_t	8	DEPENDENT_OR_LOCAL_NAMES: T	140:7a9d2a8eff8f846a4e8a4a8fef6a078864cab14b197aa0a3d7b1c007b21c8e99:40:7	results/140.json.gz
140	std::conditional_t	2	DEPENDENT_OR_LOCAL_NAMES: T1,T2,priority1,priority2,size1,size2	140:7a9d2a8eff8f846a4e8a4a8fef6a078864cab14b197aa0a3d7b1c007b21c8e99:112:13	results/140.json.gz
140	std::conditional_t	1	DEPENDENT_OR_LOCAL_NAMES: T1,T2,priority1,size1,size2	140:7a9d2a8eff8f846a4e8a4a8fef6a078864cab14b197aa0a3d7b1c007b21c8e99:120:21	results/140.json.gz
140	std::conditional_t	1	DEPENDENT_OR_LOCAL_NAMES: T1,T2,size1,size2	140:7a9d2a8eff8f846a4e8a4a8fef6a078864cab14b197aa0a3d7b1c007b21c8e99:124:29	results/140.json.gz
140	std::conditional_t	1	DEPENDENT_OR_LOCAL_NAMES: LessPred,T1,T2	140:660abd233942407ab40e9433d9f07fa4275a92a16abc3df344fe9f1ef1a3de79:249:18	results/140.json.gz
140	std::conditional_t	1	DEPENDENT_OR_LOCAL_NAMES: I,N,Tuple,UnaryPred,element,find_index_if	140:6ab0f51bdd2ad60f38b3a69b7d1a290fc412e9e650547bfc354df72694c89c17:200:7	results/140.json.gz
140	std::conditional_t	1	DEPENDENT_OR_LOCAL_NAMES: I,N,Tuple,UnaryPred,element,find_if	140:6ab0f51bdd2ad60f38b3a69b7d1a290fc412e9e650547bfc354df72694c89c17:238:7	results/140.json.gz
140	std::conditional_t	1	DEPENDENT_OR_LOCAL_NAMES: Trait,Traits,conjunction	140:a1e35c1a5dbaefab35e642a568f6fa1587175a11fbc47c29053a8eaae041b569:54:7	results/140.json.gz
140	std::conditional_t	1	DEPENDENT_OR_LOCAL_NAMES: Trait,Traits,disjunction	140:a1e35c1a5dbaefab35e642a568f6fa1587175a11fbc47c29053a8eaae041b569:68:7	results/140.json.gz
140	std::conditional_t	1	DEPENDENT_OR_LOCAL_NAMES: From,To	140:a1e35c1a5dbaefab35e642a568f6fa1587175a11fbc47c29053a8eaae041b569:129:18	results/140.json.gz
140	std::conditional_t	1	DEPENDENT_OR_LOCAL_NAMES: IsConst,Type	140:a1e35c1a5dbaefab35e642a568f6fa1587175a11fbc47c29053a8eaae041b569:200:13	results/140.json.gz
140	std::conditional_t	1	DEPENDENT_OR_LOCAL_NAMES: T,is_geometry_collection,next_sequence,sequence_merge,type_sequence,util	140:d29527e340f9be93dbc38c403e97b85759c1cdf558e36142a4f296abac3206a8:135:18	results/140.json.gz
140	std::conditional_t	5	MACRO_CONTINUATION_OR_DIRECTIVE_REQUIRES_REAL_EXPANSION	140:faa7969aef956eb52f8c226f092287650ad1edefa57ad65d073dc3440f9a2eab:45:11	results/140.json.gz
140	std::conditional_t	1	DEPENDENT_OR_LOCAL_NAMES: ThreadSafe,ValueType,atomic_number,detail	140:cef3f09bbade3bfbd487f1b09c65bb03dd71eafda36ac1cf3efd0436d8e1b74a:44:7	results/140.json.gz
140	std::conditional_t	1	DEPENDENT_OR_LOCAL_NAMES: value_type	140:9f3d32a54e358d8ffa54af0952493c83e7f475362a55acc019eaea2a2a0b7248:166:10	results/140.json.gz
140	std::conditional_t	1	DEPENDENT_OR_LOCAL_NAMES: index_type,real_index_type,value_type	140:2283c28da08300824bbd9ceae2e142196348a2f386292a909c0449e7cedb1749:54:28	results/140.json.gz
140	std::conditional_t	3	DEPENDENT_OR_LOCAL_NAMES: T,U	140:6a2a9b17dafa7ab3c72b7e0600039ddb8e0357bc1949be104e97b3849e88487b:18:5	results/140.json.gz
140	std::conditional_t	1	DEPENDENT_OR_LOCAL_NAMES: From,T,To	140:38bf8ab36e6ebeb41ab5e9446b094a13cbbe01e475fd6ce2038e64075f888f93:19:22	results/140.json.gz
140	std::conditional_t	2	DEPENDENT_OR_LOCAL_NAMES: S,detail,is_adaptible,storage_adaptor	140:3eddf443a0027e945e8f362a9c924535bc8fc67a37124e3d55c7c9ea95b8a904:699:39	results/140.json.gz
140	std::conditional_t	1	DEPENDENT_OR_LOCAL_NAMES: const_iterator,histogram_type,iterator	140:ef851f840f05c8159d09035e02c876ecdc2df7c657483b38778b3a9980cfbb17:58:26	results/140.json.gz
140	std::conditional_t	5	STATEMENT_BEFORE_TEMPLATE_CLOSE	140:c1955ca6ced127cd5547fa6a9ed9694d0b40218dee6e2abfd732c3ddba499b90:100:31	results/140.json.gz
140	std::conditional_t	1	DEPENDENT_OR_LOCAL_NAMES: Real	140:534e74718bf57d38ccddeac80964dc88b3c1e3d8e1681d63cd86eb8bdc8ea3d1:139:33	results/140.json.gz
140	std::conditional_t	1	DEPENDENT_OR_LOCAL_NAMES: intermediate_type	140:3c5ce0ee2a9b15f9f81268f2afeabff9e91797229c7b4111b9c3446519388457:135:24	results/140.json.gz
140	std::conditional_t	1	DEPENDENT_OR_LOCAL_NAMES: Args,detail,disable_inplace_value_error_exception_constructor,error_type,exception_type,is_constructible,static_cast,value_type	140:e71658bffa77eddbe73fc9fe5e4551a52ed7931ffe6200168001a0878a341f44:126:62	results/140.json.gz
140	std::conditional_t	1	DEPENDENT_OR_LOCAL_NAMES: Args,detail,disable_inplace_value_error_exception_constructor,error_type,exception_type,is_constructible,value_type	140:e71658bffa77eddbe73fc9fe5e4551a52ed7931ffe6200168001a0878a341f44:130:5	results/140.json.gz
140	std::conditional_t	1	DEPENDENT_OR_LOCAL_NAMES: Args,detail,disable_inplace_value_error_exception_constructor,error_type,exception_type,is_constructible	140:e71658bffa77eddbe73fc9fe5e4551a52ed7931ffe6200168001a0878a341f44:133:5	results/140.json.gz
140	std::conditional_t	1	DEPENDENT_OR_LOCAL_NAMES: Args,detail,disable_inplace_value_error_exception_constructor,exception_type,is_constructible	140:e71658bffa77eddbe73fc9fe5e4551a52ed7931ffe6200168001a0878a341f44:136:5	results/140.json.gz
140	std::conditional_t	1	DEPENDENT_OR_LOCAL_NAMES: Base,NoValuePolicy,P,R,S,basic_outcome_failure_observers,is_error_code_available,is_exception_ptr_available,trait	140:e71658bffa77eddbe73fc9fe5e4551a52ed7931ffe6200168001a0878a341f44:149:3	results/140.json.gz
140	std::conditional_t	1	DEPENDENT_OR_LOCAL_NAMES: disable_in_place_value_type,error_type,exception_type,value_type	140:e71658bffa77eddbe73fc9fe5e4551a52ed7931ffe6200168001a0878a341f44:415:3	results/140.json.gz
140	std::conditional_t	1	DEPENDENT_OR_LOCAL_NAMES: disable_in_place_error_type,error_type,exception_type,value_type	140:e71658bffa77eddbe73fc9fe5e4551a52ed7931ffe6200168001a0878a341f44:417:3	results/140.json.gz
140	std::conditional_t	1	DEPENDENT_OR_LOCAL_NAMES: disable_in_place_exception_type,error_type,exception_type,value_type	140:e71658bffa77eddbe73fc9fe5e4551a52ed7931ffe6200168001a0878a341f44:418:37	results/140.json.gz
140	std::conditional_t	2	DEPENDENT_OR_LOCAL_NAMES: Args,detail,disable_inplace_value_error_constructor,error_type,is_constructible,value_type	140:d064a6ac5c13f638be38758e129078b358e687c66e29458596ac59118bb4c9e2:129:52	results/140.json.gz
140	std::conditional_t	1	DEPENDENT_OR_LOCAL_NAMES: Args,detail,disable_inplace_value_error_constructor,error_type,is_constructible	140:d064a6ac5c13f638be38758e129078b358e687c66e29458596ac59118bb4c9e2:135:5	results/140.json.gz
140	std::conditional_t	1	DEPENDENT_OR_LOCAL_NAMES: T,void_type	140:7db67d5c53a0188df7cfb9b6e4a18130afa7b8c9e23093492e0125be5894c6d1:241:37	results/140.json.gz
140	std::conditional_t	1	DEPENDENT_OR_LOCAL_NAMES: Input,Output,rebind_type5	140:7db67d5c53a0188df7cfb9b6e4a18130afa7b8c9e23093492e0125be5894c6d1:245:24	results/140.json.gz
140	std::conditional_t	1	DEPENDENT_OR_LOCAL_NAMES: Input,Output,rebind_type4	140:7db67d5c53a0188df7cfb9b6e4a18130afa7b8c9e23093492e0125be5894c6d1:250:24	results/140.json.gz
140	std::conditional_t	1	DEPENDENT_OR_LOCAL_NAMES: Input,Output,rebind_type3	140:7db67d5c53a0188df7cfb9b6e4a18130afa7b8c9e23093492e0125be5894c6d1:255:24	results/140.json.gz
140	std::conditional_t	1	DEPENDENT_OR_LOCAL_NAMES: Input,Output,rebind_type2	140:7db67d5c53a0188df7cfb9b6e4a18130afa7b8c9e23093492e0125be5894c6d1:260:23	results/140.json.gz
140	std::conditional_t	1	DEPENDENT_OR_LOCAL_NAMES: EC,R,disable_in_place_value_type	140:69dc0ba8a127fcefb0be6941c6d092cf112a2abe6ce69498dfc4677701830256:82:25	results/140.json.gz
140	std::conditional_t	1	DEPENDENT_OR_LOCAL_NAMES: EC,R,disable_in_place_error_type	140:69dc0ba8a127fcefb0be6941c6d092cf112a2abe6ce69498dfc4677701830256:83:25	results/140.json.gz
140	std::conditional_t	2	DEPENDENT_OR_LOCAL_NAMES: fake_atomic,use_atomic	140:b08299241aa495eb29ab393700b98fd41bf51daa2ed511718575084702fb66a0:149:31	results/140.json.gz
140	std::conditional_t	1	DEPENDENT_OR_LOCAL_NAMES: fake_atomic,int8_t,use_atomic	140:b08299241aa495eb29ab393700b98fd41bf51daa2ed511718575084702fb66a0:380:33	results/140.json.gz
140	std::conditional_t	2	DEPENDENT_OR_LOCAL_NAMES: disable_in_place_value_type,error_type,value_type	140:2035e591a5dc6b1f43a0bec38785d131e97d2969918646430de452a9fe6ddd2a:870:25	results/140.json.gz
140	std::conditional_t	2	DEPENDENT_OR_LOCAL_NAMES: disable_in_place_error_type,error_type,value_type	140:2035e591a5dc6b1f43a0bec38785d131e97d2969918646430de452a9fe6ddd2a:871:25	results/140.json.gz
140	std::conditional_t	1	DEPENDENT_OR_LOCAL_NAMES: E,T,is_storage_trivial,value_storage_nontrivial,value_storage_trivial	140:2035e591a5dc6b1f43a0bec38785d131e97d2969918646430de452a9fe6ddd2a:1687:3	results/140.json.gz
140	std::conditional_t	1	DEPENDENT_OR_LOCAL_NAMES: E,T,devoid,value_storage_delete_move_constructor,value_storage_select_trivality	140:2035e591a5dc6b1f43a0bec38785d131e97d2969918646430de452a9fe6ddd2a:1690:3	results/140.json.gz
140	std::conditional_t	1	DEPENDENT_OR_LOCAL_NAMES: E,T,devoid,value_storage_delete_copy_constructor,value_storage_select_move_constructor	140:2035e591a5dc6b1f43a0bec38785d131e97d2969918646430de452a9fe6ddd2a:1694:3	results/140.json.gz
140	std::conditional_t	2	DEPENDENT_OR_LOCAL_NAMES: E,T,devoid,is_move_assignable,value_storage_delete_move_assignment,value_storage_nontrivial_move_assignment,value_storage_select_copy_constructor	140:2035e591a5dc6b1f43a0bec38785d131e97d2969918646430de452a9fe6ddd2a:1698:3	results/140.json.gz
140	std::conditional_t	2	DEPENDENT_OR_LOCAL_NAMES: E,T,devoid,is_copy_assignable,value_storage_delete_copy_assignment,value_storage_nontrivial_copy_assignment,value_storage_select_move_assignment	140:2035e591a5dc6b1f43a0bec38785d131e97d2969918646430de452a9fe6ddd2a:1705:3	results/140.json.gz
140	std::conditional_t	1	DEPENDENT_OR_LOCAL_NAMES: T,void_	140:b180ee0bf34b47ecea1740c49478e52007d25767ad35389c9c7a638dfa888223:71:37	results/140.json.gz
140	std::conditional_t	1	DEPENDENT_OR_LOCAL_NAMES: BOOST_OUTCOME_V2_NAMESPACE,E,EC,T,fail_to_compile_observers,is_errored_status_code,is_exception_ptr_available,is_status_code,policy,status_code_throw,terminate,trait	140:c33acdde320d62cb6aa505434ed9f0a73ec9e30be94e24311433885d5954b310:66:43	results/140.json.gz
140	std::conditional_t	1	DEPENDENT_OR_LOCAL_NAMES: BOOST_OUTCOME_V2_NAMESPACE,E,EC,T,fail_to_compile_observers,is_errored_status_code,is_exception_ptr_available,is_status_code,policy,status_code_throw,trait	140:c33acdde320d62cb6aa505434ed9f0a73ec9e30be94e24311433885d5954b310:69:5	results/140.json.gz
140	std::conditional_t	1	DEPENDENT_OR_LOCAL_NAMES: BOOST_OUTCOME_V2_NAMESPACE,EC,T,fail_to_compile_observers,is_errored_status_code,is_status_code,policy,status_code_throw,terminate	140:c279b586711b759f22cbbaac34c74ea307cee8815f302932c72c84466398d4f7:156:42	results/140.json.gz
140	std::conditional_t	1	DEPENDENT_OR_LOCAL_NAMES: BOOST_OUTCOME_V2_NAMESPACE,EC,T,fail_to_compile_observers,is_errored_status_code,is_status_code,policy,status_code_throw	140:c279b586711b759f22cbbaac34c74ea307cee8815f302932c72c84466398d4f7:159:5	results/140.json.gz
140	std::conditional_t	1	DEPENDENT_OR_LOCAL_NAMES: E,EC,T,error_code_throw_as_system_error,exception_ptr_rethrow,fail_to_compile_observers,is_error_code_available,is_exception_ptr_available,terminate,trait	140:a5aff724032061d7e947a4ef22d6fcadb7350ce5a1f6b9726000712f8b2f9f2f:54:26	results/140.json.gz
140	std::conditional_t	1	DEPENDENT_OR_LOCAL_NAMES: E,EC,T,error_code_throw_as_system_error,exception_ptr_rethrow,fail_to_compile_observers,is_error_code_available,is_exception_ptr_available,trait	140:a5aff724032061d7e947a4ef22d6fcadb7350ce5a1f6b9726000712f8b2f9f2f:57:3	results/140.json.gz
140	std::conditional_t	1	DEPENDENT_OR_LOCAL_NAMES: E,EC,T,exception_ptr_rethrow,fail_to_compile_observers,is_exception_ptr_available,trait	140:a5aff724032061d7e947a4ef22d6fcadb7350ce5a1f6b9726000712f8b2f9f2f:59:3	results/140.json.gz
140	std::conditional_t	1	DEPENDENT_OR_LOCAL_NAMES: no_extents_t	140:786f1d2c005c01a2dbcebc52d91b3d1035c77815ffa93563572bedcf08f18e3a:73:29	results/140.json.gz
140	std::conditional_t	1	DEPENDENT_OR_LOCAL_NAMES: Sb,T,add_cv_like,arg,detail	140:ec055fe2fb950c448d618de4c39aba1215824c5f47f23d3ec9482bfff2359bed:52:26	results/140.json.gz
140	std::conditional_t	1	DEPENDENT_OR_LOCAL_NAMES: false_,is_default_parse_rule,mpl,skip_definition_injection	140:9512ad5676a9df403bfda7425cf4e7580c34d58eb4082920960ee60945693f2f:212:53	results/140.json.gz
140	std::conditional_t	2	DEPENDENT_OR_LOCAL_NAMES: SpecificAttr,ValuePointeeTy	140:89ee5c125223fc81634f7c1418afaf2284c08fa971bb3992258f6ca087a1777a:122:18	results/140.json.gz
140	std::conditional_t	1	DEPENDENT_OR_LOCAL_NAMES: ASTNode,IsConst	140:79f87598b869fb061bdad2ca70aae98afe07ae52e0072bf98987fc9f508e5433:58:22	results/140.json.gz
140	std::conditional_t	1	DEPENDENT_OR_LOCAL_NAMES: Const,IntegerLiteral	140:4fd0564bda102a18b61a470eaf713a57d53b3bcb4fec953e1753e2a253993dca:5160:13	results/140.json.gz
140	std::conditional_t	1	DEPENDENT_OR_LOCAL_NAMES: Const,Expr	140:4fd0564bda102a18b61a470eaf713a57d53b3bcb4fec953e1753e2a253993dca:6258:23	results/140.json.gz
140	std::conditional_t	2	DEPENDENT_OR_LOCAL_NAMES: Const,TypeSourceInfo	140:4fd0564bda102a18b61a470eaf713a57d53b3bcb4fec953e1753e2a253993dca:6260:9	results/140.json.gz
140	std::conditional_t	1	DEPENDENT_OR_LOCAL_NAMES: Const,Stmt	140:4fd0564bda102a18b61a470eaf713a57d53b3bcb4fec953e1753e2a253993dca:6302:9	results/140.json.gz
140	std::conditional_t	2	DEPENDENT_OR_LOCAL_NAMES: CFGBlock,IsConst	140:4810864c46140ebec0699a5a244c506dc8136cb157ded60c6dfd007d44afea62:656:9	results/140.json.gz
140	std::conditional_t	1	DEPENDENT_OR_LOCAL_NAMES: CFGElement,IsConst	140:4810864c46140ebec0699a5a244c506dc8136cb157ded60c6dfd007d44afea62:659:9	results/140.json.gz
140	std::conditional_t	1	DEPENDENT_OR_LOCAL_NAMES: ElementList,IsConst,IsReverse,const_iterator,const_reverse_iterator,iterator,reverse_iterator	140:4810864c46140ebec0699a5a244c506dc8136cb157ded60c6dfd007d44afea62:714:35	results/140.json.gz
140	std::conditional_t	1	DEPENDENT_OR_LOCAL_NAMES: ElementList,IsReverse,const_iterator,const_reverse_iterator	140:4810864c46140ebec0699a5a244c506dc8136cb157ded60c6dfd007d44afea62:716:9	results/140.json.gz
140	std::conditional_t	1	DEPENDENT_OR_LOCAL_NAMES: ElementList,IsReverse,iterator,reverse_iterator	140:4810864c46140ebec0699a5a244c506dc8136cb157ded60c6dfd007d44afea62:718:9	results/140.json.gz
140	std::conditional_t	2	DEPENDENT_OR_LOCAL_NAMES: Derived,ExtractAPIVisitor	140:8584bb2a348e3389b62f29e0ddce76d20d8c7e0b0d7198f68ee17fc6247e60a9:1531:42	results/140.json.gz
140	std::conditional_t	2	DEPENDENT_OR_LOCAL_NAMES: Const,T	140:4938b8d9783069bdb6bf9539ae18b7482a59e264287558d9f1914c0627dfac0d:172:19	results/140.json.gz
140	std::conditional_t	1	DEPENDENT_OR_LOCAL_NAMES: CheckerOrPackageInfoList,const_iterator,iterator	140:cce6783212a38c615236cd6f7411606a0728e9db98a06850062b4b0579e8a4f7:176:1	results/140.json.gz
140	std::conditional_t	1	DEPENDENT_OR_LOCAL_NAMES: Base,First,HasBaseOf,Rest	140:ab50c42eec18a2503bb81563cb06a122dcd1137121a474fd857214a5c550cb6e:97:20	results/140.json.gz
140	std::conditional_t	1	DEPENDENT_OR_LOCAL_NAMES: AreBaseOf,Base,First,Rest	140:ab50c42eec18a2503bb81563cb06a122dcd1137121a474fd857214a5c550cb6e:107:20	results/140.json.gz
140	std::conditional_t	2	DEPENDENT_OR_LOCAL_NAMES: UnitIter,bidirectional_iterator,prv	140:c8bb3cc339f8d6c255fb492cc7600068f2374c21141192208c90b27114882b6d:1119:31	results/140.json.gz
140	std::conditional_t	4	DEPENDENT_OR_LOCAL_NAMES: _Abi,_Tp,_Up,__is_sve_abi,__no_sve_deduce_t,deduce_t,simd_abi,simd_size_v	140:949eeb373204cf228629ff512049853a3b88493ca30c04093e7037f5672fa205:3127:15	results/140.json.gz
140	std::conditional_t	1	DEPENDENT_OR_LOCAL_NAMES: _Ip,__lp64	140:089ca5e257122f0dfb9a94dd656105747c047cac8b838de79c8e742e2d43f030:3518:15	results/140.json.gz
140	std::conditional_t	1	DEPENDENT_OR_LOCAL_NAMES: __lp64	140:089ca5e257122f0dfb9a94dd656105747c047cac8b838de79c8e742e2d43f030:3520:10	results/140.json.gz
140	std::conditional_t	1	DEPENDENT_OR_LOCAL_NAMES: _Ip	140:089ca5e257122f0dfb9a94dd656105747c047cac8b838de79c8e742e2d43f030:3521:10	results/140.json.gz
140	std::conditional_t	1	DEPENDENT_OR_LOCAL_NAMES: Error,Expected,T,llvm,unique_function	140:326bbdb3f1924f89f66986568205fbfd155a5fea365ca9acf81db4e75056e621:383:5	results/140.json.gz
140	std::conditional_t	1	DEPENDENT_OR_LOCAL_NAMES: T,uint8_t	140:713b28c6f81869dfde8917b66ee0bc5ac848a9c11ae3bd394b25577dab485f50:159:16	results/140.json.gz
140	std::conditional_t	1	DEPENDENT_OR_LOCAL_NAMES: Bucket,IsConst	140:1619ef5abe322f739c9d723a4815f75a0359382bb12233de697ba123005f6822:1154:22	results/140.json.gz
140	std::conditional_t	1	DEPENDENT_OR_LOCAL_NAMES: KeyT,pointer,shouldReverseIterate	140:1619ef5abe322f739c9d723a4815f75a0359382bb12233de697ba123005f6822:1161:7	results/140.json.gz
140	std::conditional_t	1	DEPENDENT_OR_LOCAL_NAMES: IsConst,MapTy,const_iterator,iterator	140:23716909e58afe2600bfe106cfb4bdabd9a22366c5f4a3bc5e6464eb16d4e35f:109:9	results/140.json.gz
140	std::conditional_t	4	DEPENDENT_OR_LOCAL_NAMES: IsConst,value_type	140:23716909e58afe2600bfe106cfb4bdabd9a22366c5f4a3bc5e6464eb16d4e35f:119:9	results/140.json.gz
140	std::conditional_t	2	DEPENDENT_OR_LOCAL_NAMES: ExtStorage	140:82341baee24841594fabf9e3ab462e9e903334f99f105e8b211ea700bcb8ea95:90:7	results/140.json.gz
140	std::conditional_t	1	DEPENDENT_OR_LOCAL_NAMES: IsSizeLessThanThreshold,T	140:81fbb423006cce39ffa15f51c92d55bde69296214e92750d3fad86df28394f9d:95:9	results/140.json.gz
140	std::conditional_t	2	DEPENDENT_OR_LOCAL_NAMES: IsPtr,T	140:4a5eb6879ddb68fd203bad8a1c5500747bca134b3a8b8439eb1d4bc71204db58:243:20	results/140.json.gz
140	std::conditional_t	1	DEPENDENT_OR_LOCAL_NAMES: IterT	140:4a5eb6879ddb68fd203bad8a1c5500747bca134b3a8b8439eb1d4bc71204db58:527:25	results/140.json.gz
140	std::conditional_t	1	DEPENDENT_OR_LOCAL_NAMES: ReturnsByValue,ReturnsConvertibleType,ValueT	140:4a5eb6879ddb68fd203bad8a1c5500747bca134b3a8b8439eb1d4bc71204db58:1013:7	results/140.json.gz
140	std::conditional_t	1	DEPENDENT_OR_LOCAL_NAMES: EltTy,FirstTy	140:4a5eb6879ddb68fd203bad8a1c5500747bca134b3a8b8439eb1d4bc71204db58:1391:16	results/140.json.gz
140	std::conditional_t	1	DEPENDENT_OR_LOCAL_NAMES: shouldReverseIterate	140:7d2f571849d020f83b9d6b8892045b1d53bd3fca05ed394c283936a41940ea91:323:7	results/140.json.gz
140	std::conditional_t	3	DEPENDENT_OR_LOCAL_NAMES: T,uint32_t,uint64_t	140:c0e46375d48b6d6b84b2df519160105f090946447b4577c1e245760ecff5a223:108:5	results/140.json.gz
140	std::conditional_t	1	DEPENDENT_OR_LOCAL_NAMES: T,TakesParamByValue	140:c0e46375d48b6d6b84b2df519160105f090946447b4577c1e245760ecff5a223:491:23	results/140.json.gz
140	std::conditional_t	1	DEPENDENT_OR_LOCAL_NAMES: IsConst,IsReverse,OptionsT,has_iterator_bits,ilist_iterator,ilist_iterator_w_bits	140:8b205791426dc07d8718d5cbe2078b155e16187b7bb5802a70944bfe27781b76:56:5	results/140.json.gz
140	std::conditional_t	2	DEPENDENT_OR_LOCAL_NAMES: T,WrappedIteratorT	140:e890239b6ef2f6649538e6e43fd1b8bf03bfdaa815a66b09ac60de944e915cf3:230:25	results/140.json.gz
140	std::conditional_t	2	DEPENDENT_OR_LOCAL_NAMES: BlockT,IsConst	140:2c27451779ad204ca439272a7a154f0af17d28e481995f35224937094aafcdcf:574:13	results/140.json.gz
140	std::conditional_t	4	DEPENDENT_OR_LOCAL_NAMES: Is64,uint32_t,uint64_t	140:3bed4e6bc42f8a1dc6ca3af0364c35eb2e28f8b0560db3e575f9f362dcf7cd1a:1522:3	results/140.json.gz
140	std::conditional_t	2	DEPENDENT_OR_LOCAL_NAMES: Is64,int32_t,int64_t	140:3bed4e6bc42f8a1dc6ca3af0364c35eb2e28f8b0560db3e575f9f362dcf7cd1a:1525:3	results/140.json.gz
140	std::conditional_t	1	DEPENDENT_OR_LOCAL_NAMES: N_PROPS,uint32_t	140:401fc79308ef7c1f7d7e2b3f915dac346ef15a6124a2a877d0c0d8bd0ef02855:45:3	results/140.json.gz
140	std::conditional_t	1	DEPENDENT_OR_LOCAL_NAMES: APInt,APTy,ConstantFP,ConstantInt	140:ef6a8ec1450d386bc15bb817a82d43f18337a3e75c80d023ab7284d8881b98e2:285:7	results/140.json.gz
140	std::conditional_t	1	DEPENDENT_OR_LOCAL_NAMES: DenseMapT,IsConst,const_iterator,iterator	140:ee0c57ffbb3f44ad828e332b4af6539b2678e4caadb473ebee1424748dbebc13:323:17	results/140.json.gz
140	std::conditional_t	1	DEPENDENT_OR_LOCAL_NAMES: IsConst,ValueT	140:ee0c57ffbb3f44ad828e332b4af6539b2678e4caadb473ebee1424748dbebc13:349:5	results/140.json.gz
140	std::conditional_t	1	DEPENDENT_OR_LOCAL_NAMES: ELFT,Is64Bits,int32_t,int64_t	140:622dcb4855954888681476cb2bb61b7a948564662c8ea5001cb58a64906b8d14:381:18	results/140.json.gz
140	std::conditional_t	1	DEPENDENT_OR_LOCAL_NAMES: ELFT,Is64Bits,uint32_t,uint64_t	140:622dcb4855954888681476cb2bb61b7a948564662c8ea5001cb58a64906b8d14:382:19	results/140.json.gz
140	std::conditional_t	1	DEPENDENT_OR_LOCAL_NAMES: Inverse,InverseEdge,NodePtr	140:51307833c7a684cd6c41105dca57d480eb34d024efbe5913ad05cb4e3d373458:135:9	results/140.json.gz
140	std::conditional_t	1	DEPENDENT_OR_LOCAL_NAMES: Default,OptionalDerived	140:3c053f7271501500f7bccf7b93d08c441abf715ef66d377718947e4aef9f8433:321:18	results/140.json.gz
140	std::conditional_t	1	DEPENDENT_OR_LOCAL_NAMES: DecayedFrom,From	140:3c053f7271501500f7bccf7b93d08c441abf715ef66d377718947e4aef9f8433:393:7	results/140.json.gz
140	std::conditional_t	1	DEPENDENT_OR_LOCAL_NAMES: Rep,intmax_t	140:9d82671e74c666665f1954be3401b38d112d00c4c87679fc75e40c1226e94297:155:7	results/140.json.gz
140	std::conditional_t	2	DEPENDENT_OR_LOCAL_NAMES: T,isRef,wrap	140:96cc39641d7df1d3f0c9a998977aeefacdd46b9c9298ebd9aa87e41fcda3e488:496:24	results/140.json.gz
140	std::conditional_t	1	DEPENDENT_OR_LOCAL_NAMES: DenseMap,GraphHasNodeNumbers,NodeT	140:16fab3ba6fa68a2cd14221d6d9e707d648e1a22da25725142242184cc2c6502f:265:3	results/140.json.gz
140	std::conditional_t	1	DEPENDENT_OR_LOCAL_NAMES: DenseMap,GraphHasNodeNumbers,InfoRec,NodePtr,SmallVector	140:6e88a56273066d85e134427e225b042a337563821aaad0386ce2badb9614822c:78:3	results/140.json.gz
140	std::conditional_t	1	DEPENDENT_OR_LOCAL_NAMES: Inverse,Inversed,NodePtr	140:6e88a56273066d85e134427e225b042a337563821aaad0386ce2badb9614822c:121:9	results/140.json.gz
140	std::conditional_t	1	DEPENDENT_OR_LOCAL_NAMES: Inverse,IsPostDom,NodeTy	140:d3ca2bb710eff8e7ba7faed923dd68fd597344d4b30b22b5545892c04502f3d4:61:7	results/140.json.gz
140	std::conditional_t	1	DEPENDENT_OR_LOCAL_NAMES: T,add_const_past_pointer	140:ded673ad25e84ca264a2d78c5dbf85f388e1b8ebf66b070eaf4ac16c33332fcc:54:7	results/140.json.gz
140	std::conditional_t	2	DEPENDENT_OR_LOCAL_NAMES: ActiveBlocksOption,EarlyFailure,NoActiveBlocksOption	140:c8b5f6567b9f478516744aeb69cb650d38b0969e17fc456c7e029b7327c0cd41:42:15	results/140.json.gz
140	std::conditional_t	1	DEPENDENT_OR_LOCAL_NAMES: EdgeValueType,IsConst	140:6dd753c52e3f6a539f5677438c69eead4f5e7aae04077a0b85240a80f8a93c5e:129:17	results/140.json.gz
140	std::conditional_t	1	DEPENDENT_OR_LOCAL_NAMES: EdgeMapT,IsConst	140:6dd753c52e3f6a539f5677438c69eead4f5e7aae04077a0b85240a80f8a93c5e:135:9	results/140.json.gz
140	std::conditional_t	3	DEPENDENT_OR_LOCAL_NAMES: Graph,isConst	140:6dd753c52e3f6a539f5677438c69eead4f5e7aae04077a0b85240a80f8a93c5e:201:20	results/140.json.gz
140	std::conditional_t	1	DEPENDENT_OR_LOCAL_NAMES: EdgeMapT,isConst	140:6dd753c52e3f6a539f5677438c69eead4f5e7aae04077a0b85240a80f8a93c5e:203:9	results/140.json.gz
140	std::conditional_t	1	DEPENDENT_OR_LOCAL_NAMES: ConstVertexIterator,VertexIterator,isConst	140:6dd753c52e3f6a539f5677438c69eead4f5e7aae04077a0b85240a80f8a93c5e:275:9	results/140.json.gz
140	std::conditional_t	1	DEPENDENT_OR_LOCAL_NAMES: ConstEdgeIterator,EdgeIterator,isConst	140:6dd753c52e3f6a539f5677438c69eead4f5e7aae04077a0b85240a80f8a93c5e:312:9	results/140.json.gz
140	std::conditional_t	1	DEPENDENT_OR_LOCAL_NAMES: A,ExpandedFst,Fst,is_expanded	140:e681ea96f4c03545711d43036f597eb72ea347d0618e8677f61fae9c7604467f:368:19	results/140.json.gz
140	std::conditional_t	1	DEPENDENT_OR_LOCAL_NAMES: A,ArcMapFstImpl,B,C,CacheStore,ImplToExpandedFst,ImplToFst,IsDefaultConstructibleExpandedNoSuperfinalArcMapper,PropagateKExpanded,internal,kIfPossible,should_propagate_expanded_fst	140:e681ea96f4c03545711d43036f597eb72ea347d0618e8677f61fae9c7604467f:605:23	results/140.json.gz
140	std::conditional_t	1	DEPENDENT_OR_LOCAL_NAMES: ErrorLess,IsPath,NaturalLess,Weight,internal	140:eda4197c3972b995be3ae3e813ee1db2d72606e511ce71d32ce6cf5bacc21fe4:655:18	results/140.json.gz
140	std::conditional_t	1	DEPENDENT_OR_LOCAL_NAMES: Index,T,is_symbolic,symbolic	140:7177121e0a80b9af78dbfb8f13a65a0364da3c95b100496b89e94e3a8b6f9d36:203:11	results/140.json.gz
140	std::conditional_t	2	DEPENDENT_OR_LOCAL_NAMES: ExpressionType,Scalar,internal,is_lvalue	140:f9012481e0dc0581f5af37abab1ea305dc798e717034e89a04f1f8f34cf210d5:52:13	results/140.json.gz
140	std::conditional_t	1	DEPENDENT_OR_LOCAL_NAMES: InnerPacketType,LinearPacketType,LinearVectorizedTraversal,Traversal	140:ca3e5c72d2c77fc7626160f654d8be83ea0c33401c23a83859c2193e05eceda0:116:11	results/140.json.gz
140	std::conditional_t	2	DEPENDENT_OR_LOCAL_NAMES: Dst,NeedToTranspose,Transpose	140:ca3e5c72d2c77fc7626160f654d8be83ea0c33401c23a83859c2193e05eceda0:906:11	results/140.json.gz
140	std::conditional_t	1	DEPENDENT_OR_LOCAL_NAMES: BuildType,Conjugate,CwiseUnaryOp,Scalar,internal,scalar_conjugate_op	140:5208acaaab674db8510fccafccb4d11c147992bfdad8cc5de79ab33d8b9d8e75:105:15	results/140.json.gz
140	std::conditional_t	1	DEPENDENT_OR_LOCAL_NAMES: Derived,MatrixXpr,PlainArray,PlainMatrix,XprKind,internal,is_same,traits	140:f7e689b5493c8dc031dc6b127f860c16f7b7cb1950ca38b0637165deda58702e:203:13	results/140.json.gz
140	std::conditional_t	4	DEPENDENT_OR_LOCAL_NAMES: Derived,Enable,ForceAlignedAccess	140:f7e689b5493c8dc031dc6b127f860c16f7b7cb1950ca38b0637165deda58702e:440:18	results/140.json.gz
140	std::conditional_t	2	DEPENDENT_OR_LOCAL_NAMES: Derived,DirectAccessBit,Flags,generic_randaccess_stl_iterator,internal,pointer_based_stl_iterator	140:f7e689b5493c8dc031dc6b127f860c16f7b7cb1950ca38b0637165deda58702e:632:13	results/140.json.gz
140	std::conditional_t	1	DEPENDENT_OR_LOCAL_NAMES: IsVectorAtCompileTime,iterator_type	140:f7e689b5493c8dc031dc6b127f860c16f7b7cb1950ca38b0637165deda58702e:644:13	results/140.json.gz
140	std::conditional_t	1	DEPENDENT_OR_LOCAL_NAMES: IsVectorAtCompileTime,const_iterator_type	140:f7e689b5493c8dc031dc6b127f860c16f7b7cb1950ca38b0637165deda58702e:646:13	results/140.json.gz
140	std::conditional_t	1	DEPENDENT_OR_LOCAL_NAMES: T,add_const_on_value_type_t,is_arithmetic	140:84387a3361f7ec8feb8000af46c63eed9e93d024e57b519a0cd0e2cd4d4bff3d:20:11	results/140.json.gz
140	std::conditional_t	1	DEPENDENT_OR_LOCAL_NAMES: Derived,Flags,LvalueBit,Scalar,internal,is_arithmetic,traits	140:84387a3361f7ec8feb8000af46c63eed9e93d024e57b519a0cd0e2cd4d4bff3d:51:13	results/140.json.gz
140	std::conditional_t	1	DEPENDENT_OR_LOCAL_NAMES: Scalar,internal,is_arithmetic	140:84387a3361f7ec8feb8000af46c63eed9e93d024e57b519a0cd0e2cd4d4bff3d:53:17	results/140.json.gz
140	std::conditional_t	2	DEPENDENT_OR_LOCAL_NAMES: MatrixType,Scalar,internal,is_lvalue	140:790e08dee59d19cf5a79a2cb5a9d4c5bb3710a617a82533efcdf0ce8b366a237:100:13	results/140.json.gz
140	std::conditional_t	1	DEPENDENT_OR_LOCAL_NAMES: ColXpr,Dest,IsVectorAtCompileTime	140:33beb7bbec7fb94d036f899f0a469744ea196e1b9efd449785b36cd2f9342044:236:13	results/140.json.gz
140	std::conditional_t	1	DEPENDENT_OR_LOCAL_NAMES: Packet,half,size,unpacket_traits	140:101b2f2ff9a90dddb3fa28fb8bfe25f6d8fbad4437fa98da478d76429818a12d:1065:26	results/140.json.gz
140	std::conditional_t	4	DEPENDENT_OR_LOCAL_NAMES: Scalar,int8_t,is_same,numext,uint8_t	140:a2d99a9b8e991e9fdf2289210cc8b8bfff305aa52160a5fbb0fea500ba3bb677:145:11	results/140.json.gz
140	std::conditional_t	1	DEPENDENT_OR_LOCAL_NAMES: ColIndices,RowIndices,XprTypeIsRowMajor	140:952e7d643c6ab919d58adb30920fd9ed69ee2bef241a00c31af256af9ef89eec:45:81	results/140.json.gz
140	std::conditional_t	3	DEPENDENT_OR_LOCAL_NAMES: Derived,Scalar,internal,is_lvalue	140:f2005036c8aa84a30730111db934bca1cc52b75d2fbeb2a896990f5477b83f6e:56:13	results/140.json.gz
140	std::conditional_t	1	DEPENDENT_OR_LOCAL_NAMES: ScalarU	140:8fb632698f32939fa53095d7311ae1128ec7d8a0687f60e24b0cad2ca9cb1264:780:13	results/140.json.gz
140	std::conditional_t	2	DEPENDENT_OR_LOCAL_NAMES: ConstTransposeReturnType,CwiseUnaryOp,IsComplex,NumTraits,Scalar,internal,scalar_conjugate_op	140:ca1e23d5d98bdf2a2cd6c27fdb85afbd5fed34281be7dd056245e7583801f165:112:13	results/140.json.gz
140	std::conditional_t	1	DEPENDENT_OR_LOCAL_NAMES: Flags,RowMajorBit,T,false_type,internal,true_type	140:6fe38a1e0e138bfc574cf9f273ead438db0c5df2868b918fe331e7e37695f4d7:301:46	results/140.json.gz
140	std::conditional_t	1	DEPENDENT_OR_LOCAL_NAMES: LhsNested,OnTheRight,RhsNested,Side	140:6fe38a1e0e138bfc574cf9f273ead438db0c5df2868b918fe331e7e37695f4d7:375:34	results/140.json.gz
140	std::conditional_t	1	DEPENDENT_OR_LOCAL_NAMES: HasScalarFactor,false_type,true_type	140:6fe38a1e0e138bfc574cf9f273ead438db0c5df2868b918fe331e7e37695f4d7:453:23	results/140.json.gz
140	std::conditional_t	1	DEPENDENT_OR_LOCAL_NAMES: RowMajor,StorageOrder,false_type,internal,true_type	140:6fe38a1e0e138bfc574cf9f273ead438db0c5df2868b918fe331e7e37695f4d7:937:34	results/140.json.gz
140	std::conditional_t	1	DEPENDENT_OR_LOCAL_NAMES: ColMajor,StorageOrder,false_type,internal,true_type	140:6fe38a1e0e138bfc574cf9f273ead438db0c5df2868b918fe331e7e37695f4d7:979:34	results/140.json.gz
140	std::conditional_t	3	DEPENDENT_OR_LOCAL_NAMES: MatchAtCompileTime,false_type,internal,true_type	140:56f42182c069ffaa37fa02edc75fa685d4a183336dbe5fc61af2c846b67c26a0:51:13	results/140.json.gz
140	std::conditional_t	2	DEPENDENT_OR_LOCAL_NAMES: AdjointReturnType,Lower,MatrixType,TriMode,TriangularView,UpLo,Upper	140:688838e60d5f7b408ffc9fe290208e0477dbbdfe4ddab0303026093254aa4e6f:183:5	results/140.json.gz
140	std::conditional_t	1	DEPENDENT_OR_LOCAL_NAMES: ConstTransposeReturnType,Lower,MatrixType,TriMode,UpLo,Upper	140:688838e60d5f7b408ffc9fe290208e0477dbbdfe4ddab0303026093254aa4e6f:188:7	results/140.json.gz
140	std::conditional_t	1	DEPENDENT_OR_LOCAL_NAMES: AdjointReturnType,Lower,MatrixType,TriMode,UpLo,Upper	140:688838e60d5f7b408ffc9fe290208e0477dbbdfe4ddab0303026093254aa4e6f:189:7	results/140.json.gz
140	std::conditional_t	2	DEPENDENT_OR_LOCAL_NAMES: Cond,ConjugateReturnType,ConstSelfAdjointView	140:688838e60d5f7b408ffc9fe290208e0477dbbdfe4ddab0303026093254aa4e6f:206:12	results/140.json.gz
140	std::conditional_t	2	DEPENDENT_OR_LOCAL_NAMES: OtherDerived,copy,internal,plain_matrix_type_column_major	140:06d77e30bfcf2f45d7f976afdd7ec65bcb913bb43f535fe48d565d44295358ab:184:11	results/140.json.gz
140	std::conditional_t	1	DEPENDENT_OR_LOCAL_NAMES: Alignment,CanAlign,ConstSegmentReturnType,Dynamic,Matrix,Ref,Scalar,VectorTypeCopyClean,blockSize,evaluator,internal	140:4bb64b645689ea3050193a7ffb7955b752d9a46f6635d95077f18f5cc69280f6:71:11	results/140.json.gz
140	std::conditional_t	3	DEPENDENT_OR_LOCAL_NAMES: XprType,const_iterator,internal,is_const,non_const_iterator	140:bdbc01e108ecc8e1c1399ee40145830a803b4fe736858f5d7acb2744027c588f:30:11	results/140.json.gz
140	std::conditional_t	3	DEPENDENT_OR_LOCAL_NAMES: is_lvalue,value_type	140:bdbc01e108ecc8e1c1399ee40145830a803b4fe736858f5d7acb2744027c588f:194:11	results/140.json.gz
140	std::conditional_t	1	DEPENDENT_OR_LOCAL_NAMES: is_lvalue,read_only_ref_t,value_type	140:bdbc01e108ecc8e1c1399ee40145830a803b4fe736858f5d7acb2744027c588f:294:11	results/140.json.gz
140	std::conditional_t	2	DEPENDENT_OR_LOCAL_NAMES: ColXpr,Direction,RowXpr,Vertical,XprType	140:bdbc01e108ecc8e1c1399ee40145830a803b4fe736858f5d7acb2744027c588f:325:11	results/140.json.gz
140	std::conditional_t	2	DEPENDENT_OR_LOCAL_NAMES: ConstColXpr,ConstRowXpr,Direction,Vertical,XprType	140:bdbc01e108ecc8e1c1399ee40145830a803b4fe736858f5d7acb2744027c588f:326:11	results/140.json.gz
140	std::conditional_t	2	DEPENDENT_OR_LOCAL_NAMES: ConstSubVectorType,SubVectorType,is_lvalue	140:bdbc01e108ecc8e1c1399ee40145830a803b4fe736858f5d7acb2744027c588f:330:11	results/140.json.gz
140	std::conditional_t	2	DEPENDENT_OR_LOCAL_NAMES: Cond,ConjugateReturnType,ConstTriangularView	140:1c8ab90610ed8f3ddfc35dc188de8f57d23e4d7a8d63261c091398d27e2b385e:251:12	results/140.json.gz
140	std::conditional_t	2	DEPENDENT_OR_LOCAL_NAMES: RhsPacket,Scalar,__vector_pair	140:3153801451b97d51c060649650e6fc830cf68a3cb851bb7c9227a3041290c8c6:443:24	results/140.json.gz
140	std::conditional_t	1	DEPENDENT_OR_LOCAL_NAMES: remaining_registers	140:24dedd6506356754038921cbfca73ae368e44b8cec3228e403179399a9d732f3:364:11	results/140.json.gz
140	std::conditional_t	4	DEPENDENT_OR_LOCAL_NAMES: LhsPacket_,LhsScalar,Vectorizable	140:24dedd6506356754038921cbfca73ae368e44b8cec3228e403179399a9d732f3:467:11	results/140.json.gz
140	std::conditional_t	4	DEPENDENT_OR_LOCAL_NAMES: RhsPacket_,RhsScalar,Vectorizable	140:24dedd6506356754038921cbfca73ae368e44b8cec3228e403179399a9d732f3:468:11	results/140.json.gz
140	std::conditional_t	4	DEPENDENT_OR_LOCAL_NAMES: ResPacket_,ResScalar,Vectorizable	140:24dedd6506356754038921cbfca73ae368e44b8cec3228e403179399a9d732f3:469:11	results/140.json.gz
140	std::conditional_t	1	DEPENDENT_OR_LOCAL_NAMES: RhsPacketSize,false_type,true_type	140:24dedd6506356754038921cbfca73ae368e44b8cec3228e403179399a9d732f3:622:30	results/140.json.gz
140	std::conditional_t	2	DEPENDENT_OR_LOCAL_NAMES: Vectorizable,false_type,true_type	140:24dedd6506356754038921cbfca73ae368e44b8cec3228e403179399a9d732f3:653:29	results/140.json.gz
140	std::conditional_t	2	DEPENDENT_OR_LOCAL_NAMES: Scalar,ScalarPacket,Vectorizable	140:24dedd6506356754038921cbfca73ae368e44b8cec3228e403179399a9d732f3:802:11	results/140.json.gz
140	std::conditional_t	1	DEPENDENT_OR_LOCAL_NAMES: RealPacket,Scalar,Vectorizable	140:24dedd6506356754038921cbfca73ae368e44b8cec3228e403179399a9d732f3:803:11	results/140.json.gz
140	std::conditional_t	2	DEPENDENT_OR_LOCAL_NAMES: DoublePacketType,Scalar,Vectorizable	140:24dedd6506356754038921cbfca73ae368e44b8cec3228e403179399a9d732f3:804:11	results/140.json.gz
140	std::conditional_t	4	DEPENDENT_OR_LOCAL_NAMES: LhsProgress,SwappedTraits	140:24dedd6506356754038921cbfca73ae368e44b8cec3228e403179399a9d732f3:2557:23	results/140.json.gz
140	std::conditional_t	4	DEPENDENT_OR_LOCAL_NAMES: LhsScalar_,RhsScalar_,RowMajor,StorageOrder	140:3f7b817b8231d6452e0540d596a00b2d362d719bbfcfcf182063d839f1fa1ed6:280:7	results/140.json.gz
140	std::conditional_t	4	DEPENDENT_OR_LOCAL_NAMES: LhsScalar_,RhsScalar_,Transpose	140:3f7b817b8231d6452e0540d596a00b2d362d719bbfcfcf182063d839f1fa1ed6:288:13	results/140.json.gz
140	std::conditional_t	1	DEPENDENT_OR_LOCAL_NAMES: ConjLhs,ConjugateReturnType,OtherMap	140:7518d9323ee44ed53aad1828066d04f54fc4ee96f30982741829e8867414c6c8:31:13	results/140.json.gz
140	std::conditional_t	2	DEPENDENT_OR_LOCAL_NAMES: Conjugate,CwiseUnaryOp,LhsMap,LhsScalar,internal,scalar_conjugate_op	140:bc84df6f0659c263017a8341eacc7366b7cda7195612dbf0428e161323b0443a:46:5	results/140.json.gz
140	std::conditional_t	1	DEPENDENT_OR_LOCAL_NAMES: ExtractType,ExtractType_,HasUsableDirectAccess,PlainObject	140:62d7a9e3de9480c37cf13211bdd2d729ab88f424384778356a16d3b9a818460c:481:11	results/140.json.gz
140	std::conditional_t	1	DEPENDENT_OR_LOCAL_NAMES: Base,ExtractType,HasUsableDirectAccess,PlainObject	140:62d7a9e3de9480c37cf13211bdd2d729ab88f424384778356a16d3b9a818460c:567:11	results/140.json.gz
140	std::conditional_t	1	DEPENDENT_OR_LOCAL_NAMES: InnerStride,IsVectorAtCompileTime,OuterStride,PlainObjectType	140:4fb2429058c4f31a81f39c69da1afcbe5ddf1da294562a8957e9a8abb70582f6:112:41	results/140.json.gz
140	std::conditional_t	1	DEPENDENT_OR_LOCAL_NAMES: I1,I2	140:28ef54586972653ef2fbb7c01faa0380945e41131f73088f4d14fe643651bcdc:145:11	results/140.json.gz
140	std::conditional_t	2	DEPENDENT_OR_LOCAL_NAMES: Flags,NestByRefBit,T,traits	140:28ef54586972653ef2fbb7c01faa0380945e41131f73088f4d14fe643651bcdc:461:11	results/140.json.gz
140	std::conditional_t	1	DEPENDENT_OR_LOCAL_NAMES: T1,T2,add_const_on_value_type_t,internal,is_const	140:28ef54586972653ef2fbb7c01faa0380945e41131f73088f4d14fe643651bcdc:478:11	results/140.json.gz
140	std::conditional_t	1	DEPENDENT_OR_LOCAL_NAMES: Evaluate,PlainObject,T,ref_selector	140:28ef54586972653ef2fbb7c01faa0380945e41131f73088f4d14fe643651bcdc:515:11	results/140.json.gz
140	std::conditional_t	1	DEPENDENT_OR_LOCAL_NAMES: CastType,CurrentScalarType,NewScalarType,XprType,is_same	140:28ef54586972653ef2fbb7c01faa0380945e41131f73088f4d14fe643651bcdc:557:11	results/140.json.gz
140	std::conditional_t	1	DEPENDENT_OR_LOCAL_NAMES: ArrayRowType,ExpressionType,MatrixRowType,MatrixXpr,XprKind,is_same,traits	140:28ef54586972653ef2fbb7c01faa0380945e41131f73088f4d14fe643651bcdc:655:11	results/140.json.gz
140	std::conditional_t	1	DEPENDENT_OR_LOCAL_NAMES: ArrayColType,ExpressionType,MatrixColType,MatrixXpr,XprKind,is_same,traits	140:28ef54586972653ef2fbb7c01faa0380945e41131f73088f4d14fe643651bcdc:670:11	results/140.json.gz
140	std::conditional_t	1	DEPENDENT_OR_LOCAL_NAMES: ArrayDiagType,ExpressionType,MatrixDiagType,MatrixXpr,XprKind,is_same,traits	140:28ef54586972653ef2fbb7c01faa0380945e41131f73088f4d14fe643651bcdc:687:11	results/140.json.gz
140	std::conditional_t	1	DEPENDENT_OR_LOCAL_NAMES: Expr,MatrixXpr,XprKind,array_type,is_same,matrix_type,traits	140:28ef54586972653ef2fbb7c01faa0380945e41131f73088f4d14fe643651bcdc:705:60	results/140.json.gz
140	std::conditional_t	2	DEPENDENT_OR_LOCAL_NAMES: false_type	140:28ef54586972653ef2fbb7c01faa0380945e41131f73088f4d14fe643651bcdc:774:48	results/140.json.gz
140	std::conditional_t	2	DEPENDENT_OR_LOCAL_NAMES: Diagonal,IsComplex,MatrixType,NumTraits,RealReturnType,Scalar,add_const_on_value_type_t,internal	140:3234a0adbb2706725c6cb9537102d303f8fa0a48952c019aa49915c071da2e78:91:13	results/140.json.gz
140	std::conditional_t	1	DEPENDENT_OR_LOCAL_NAMES: PlainObject,Scalar,SizeAtCompileTime	140:84703259daa321416b5331383e4e53490a9160f872168933aab87a319353d2c7:90:8	results/140.json.gz
140	std::conditional_t	1	DEPENDENT_OR_LOCAL_NAMES: CoeffReturnType,Derived,Flags,LvalueBit,Scalar,internal,traits	140:378622bdfbbd2c244fd60f164c4e725a73bffa2f5f9e6b99602cadf58c77a88e:49:11	results/140.json.gz
140	std::conditional_t	2	DEPENDENT_OR_LOCAL_NAMES: AffineCompact,Block,Dim,HDim,MatrixType,Mode	140:a870ebded9752a2de2ac172cd768f0eadcec0641f472d714145efbeeddaa6378:232:11	results/140.json.gz
140	std::conditional_t	1	DEPENDENT_OR_LOCAL_NAMES: ConstLinearPart,Isometry,LinearMatrixType,Mode	140:a870ebded9752a2de2ac172cd768f0eadcec0641f472d714145efbeeddaa6378:603:11	results/140.json.gz
140	std::conditional_t	2	DEPENDENT_OR_LOCAL_NAMES: ConjugateReturnType,IsComplex,NumTraits,Scalar,VectorsType,internal,remove_all_t	140:2d2195da4775895f68dca75e5e514f3c225840732ed307a10593cfd97bf03669:136:7	results/140.json.gz
140	std::conditional_t	2	DEPENDENT_OR_LOCAL_NAMES: CoeffsType,ConjugateReturnType,IsComplex,NumTraits,Scalar,internal,remove_all_t	140:2d2195da4775895f68dca75e5e514f3c225840732ed307a10593cfd97bf03669:139:7	results/140.json.gz
140	std::conditional_t	2	DEPENDENT_OR_LOCAL_NAMES: Cond,ConjugateReturnType,ConstHouseholderSequence	140:2d2195da4775895f68dca75e5e514f3c225840732ed307a10593cfd97bf03669:260:12	results/140.json.gz
140	std::conditional_t	1	DEPENDENT_OR_LOCAL_NAMES: OnTheRight,Side,SubVectorsType,Transpose	140:2d2195da4775895f68dca75e5e514f3c225840732ed307a10593cfd97bf03669:392:11	results/140.json.gz
140	std::conditional_t	2	DEPENDENT_OR_LOCAL_NAMES: ActualMatrixType,Transpose,TransposeInput	140:4306afb94ef80be5eb26b8f94e5113d90f8be6610c001374263a2a1443941623:208:13	results/140.json.gz
140	std::conditional_t	2	DEPENDENT_OR_LOCAL_NAMES: ConstSelfAdjointViewReturnType,Lower,MatrixWrapper,RowMajorWrapper,Type,UpLo,Upper,template	140:4306afb94ef80be5eb26b8f94e5113d90f8be6610c001374263a2a1443941623:210:13	results/140.json.gz
140	std::conditional_t	1	DEPENDENT_OR_LOCAL_NAMES: IsComplex,NumTraits,Scalar,false_type,internal,true_type	140:fe8c144f5006969c4a0980a4f38316240bc1eb2807f9ea0e7a8dd5366d0d4d36:166:23	results/140.json.gz
140	std::conditional_t	1	DEPENDENT_OR_LOCAL_NAMES: Derived,PlainObject,RowsAtCompileTime,internal,nested_eval,remove_all_t	140:a4f42df0e1bba177d22046f2d7b76c0ffdc0ea588bc7bfd27839c182649f5a09:390:11	results/140.json.gz
140	std::conditional_t	2	DEPENDENT_OR_LOCAL_NAMES: Flags,LinearAccessBit,MatrixType,PlainObject	140:a0c3e2f0e42ab07a0d1ed3338209846e22f457bcc3863679d3a3dccce4256055:60:11	results/140.json.gz
140	std::conditional_t	1	DEPENDENT_OR_LOCAL_NAMES: InnerVectorInnerIterator,OuterVector,OuterVectorInnerIterator	140:e4a0f25cfc7c1bb78fff5d28406e223ff188128abaecdc7d4c1e6b597fe7110d:439:13	results/140.json.gz
140	std::conditional_t	2	DEPENDENT_OR_LOCAL_NAMES: LhsT,NeedToTranspose,RhsT	140:e693af7c555acb641a2fb4c7672c0d0987f6675fecb26a3c3719f47d6923b56a:239:11	results/140.json.gz
140	std::conditional_t	2	DEPENDENT_OR_LOCAL_NAMES: Lhs1,Sparse,SparseView,StorageKind,internal,is_same,traits	140:e693af7c555acb641a2fb4c7672c0d0987f6675fecb26a3c3719f47d6923b56a:245:11	results/140.json.gz
140	std::conditional_t	1	DEPENDENT_OR_LOCAL_NAMES: IsRowMajor,OtherDerived,PlainObject,internal,nested_eval	140:639d7d95ca70501a179529eec7e8cb0953d836c43608d6bed377c3cfbb12a250:22:3	results/140.json.gz
140	std::conditional_t	1	DEPENDENT_OR_LOCAL_NAMES: Derived,StorageIndex,internal,is_lvalue	140:734b76401e16c9eb01f33a226501febb9b62a22c49ea2b51100d8d73e6282428:66:13	results/140.json.gz
140	std::conditional_t	1	DEPENDENT_OR_LOCAL_NAMES: CwiseUnaryOp,Derived,Eigen,IsComplex,NumTraits,Scalar,Transpose,internal,scalar_conjugate_op	140:8227932ea9512cfd10a9f34e7a030b526e32e56c994f4abb0537461efce51152:111:13	results/140.json.gz
140	std::conditional_t	1	DEPENDENT_OR_LOCAL_NAMES: HasDirectAccess_,Scalar	140:8227932ea9512cfd10a9f34e7a030b526e32e56c994f4abb0537461efce51152:132:13	results/140.json.gz
140	std::conditional_t	1	DEPENDENT_OR_LOCAL_NAMES: IsRowMajor,MatrixType,QRMatrixType	140:e47a0c48ca1a2bbbb057007f38fece922dca39e08ff7fc427771fa0698f6dedb:326:3	results/140.json.gz
140	std::conditional_t	1	DEPENDENT_OR_LOCAL_NAMES: Eigen,T,internal,is_arithmetic,workaround_msvc_stl_support	140:cc7eb809a7b42dfe95d56a71970a6fffe13a9451afcdd1e5ee919c3bb4040918:55:3	results/140.json.gz
140	std::conditional_t	2	DEPENDENT_OR_LOCAL_NAMES: ColXpr,Direction,RowXpr,Vertical	140:097a16fef617a26b8e06e6c4db723764c8b88ae66d35ae28b39361211b2ccdb9:1421:1	results/140.json.gz
140	std::conditional_t	2	DEPENDENT_OR_LOCAL_NAMES: ConstColXpr,ConstRowXpr,Direction,Vertical	140:097a16fef617a26b8e06e6c4db723764c8b88ae66d35ae28b39361211b2ccdb9:1430:1	results/140.json.gz
140	std::conditional_t	1	DEPENDENT_OR_LOCAL_NAMES: CwiseUnaryOp,Derived,IsComplex,NumTraits,Scalar,internal,scalar_conjugate_op	140:72160253a74dea8a6f1e28ba4d5abbd2a7ded711a84fab2095a5b3978215595d:16:9	results/140.json.gz
140	std::conditional_t	1	DEPENDENT_OR_LOCAL_NAMES: CwiseUnaryOp,Derived,IsComplex,NumTraits,Scalar,internal,scalar_real_op	140:72160253a74dea8a6f1e28ba4d5abbd2a7ded711a84fab2095a5b3978215595d:21:9	results/140.json.gz
140	std::conditional_t	1	DEPENDENT_OR_LOCAL_NAMES: CwiseUnaryView,Derived,IsComplex,NumTraits,Scalar,internal,scalar_real_ref_op	140:72160253a74dea8a6f1e28ba4d5abbd2a7ded711a84fab2095a5b3978215595d:26:9	results/140.json.gz
140	std::conditional_t	2	DEPENDENT_OR_LOCAL_NAMES: Cond,ConjugateReturnType,Derived	140:72160253a74dea8a6f1e28ba4d5abbd2a7ded711a84fab2095a5b3978215595d:86:8	results/140.json.gz
140	std::conditional_t	1	DEPENDENT_OR_LOCAL_NAMES: Attribute,DynamicRange,IntegerAttr,PointerUnion,ValueOfRange,detail,llvm	140:9513efe046386ac1aeb70ce298c0f61bce9bbe360a96f69bb4f8086dd90ba072:122:22	results/140.json.gz
140	std::conditional_t	2	DEPENDENT_OR_LOCAL_NAMES: Attribute,T,Type	140:3f7fb8af5a098dba14b511e15921745d72f0e8d19613bc379297c1e9bbc18125:79:30	results/140.json.gz
140	std::conditional_t	1	DEPENDENT_OR_LOCAL_NAMES: Ty,Type,TypedValue,Value,detail,mlir	140:d3dc9c4f1762b295ee03c848d2978b5d3fb75d34a8a86359b2d3865cc1cafd43:491:20	results/140.json.gz
140	std::conditional_t	1	DEPENDENT_OR_LOCAL_NAMES: DataType,GenericOptionParser,cl,generic_parser_base,llvm,parser	140:61c3d989f59bc97938bca7f3f23a39002b33e7f4e242a68b35a10082c8eb70da:151:7	results/140.json.gz
140	std::conditional_t	1	DEPENDENT_OR_LOCAL_NAMES: DataAndError,DataOrError,KeepAsyncValuePayloadOnError,T	140:cfca14ddc3028a5e1f46d82ee56b1dfb8b4011e9dec8dd04f78a9f95ba152e50:692:7	results/140.json.gz
140	std::conditional_t	1	DEPENDENT_OR_LOCAL_NAMES: InPlaceTypeTraits,IsInPlace,OutOfPlaceTypeTraits,T,Value	140:ebfb381dbeb4e2bc31b7592f87099bf9f6d26d6064fd7904c8f55e6fab9d231e:282:9	results/140.json.gz
140	std::conditional_t	1	DEPENDENT_OR_LOCAL_NAMES: B1,Bn,disjunction	140:c309da3ec7fdd9a6b9daf6866e292389d003309251241b7205b27acd8766fbac:49:7	results/140.json.gz
140	std::conditional_t	1	DEPENDENT_OR_LOCAL_NAMES: IsOneOfTypes,T,Types,U	140:c309da3ec7fdd9a6b9daf6866e292389d003309251241b7205b27acd8766fbac:114:7	results/140.json.gz
140	std::conditional_t	1	DEPENDENT_OR_LOCAL_NAMES: Argument,Ts	140:350e8e714c2755c56079dda8cd96b5c36ca19fb84c1f67001de9e880e66a3af0:113:15	results/140.json.gz
140	std::conditional_t	1	DEPENDENT_OR_LOCAL_NAMES: ConsIdx,IndexRets,Is,IsResult,T,Ts,Type,idx	140:31c26c5516a35c856e921ca301b3f4d82dd0858cd753bd644c23a9c37808b293:671:14	results/140.json.gz
140	std::conditional_t	1	DEPENDENT_OR_LOCAL_NAMES: ConsIdx,IndexArgs,Is,IsResult,T,Ts,Type,idx	140:31c26c5516a35c856e921ca301b3f4d82dd0858cd753bd644c23a9c37808b293:689:14	results/140.json.gz
140	std::conditional_t	1	DEPENDENT_OR_LOCAL_NAMES: R,Status,StatusOr,absl	140:eb3084a2e7249f76857b07f98f77e49c6958eb10e9cae14ce286b827182553f4:119:11	results/140.json.gz
140	std::conditional_t	1	DEPENDENT_OR_LOCAL_NAMES: ColMajor,DSizes,Dynamic,Eigen,Index,IndexPair,Kernel,Layout,NumDimensions,OutputBackward,TensorContractionOp,TensorForcedEvalOp,TensorReshapingOp,TensorReverseOp,TensorShufflingOp,TensorVolumePatchOp,array,internal,traits	140:d80a3d1e0e01c9d26f889cfb5f5ee4b496b78f5028bb90efb1439e1adb0e085b:47:34	results/140.json.gz
140	std::conditional_t	1	DEPENDENT_OR_LOCAL_NAMES: ColMajor,DSizes,Dynamic,Eigen,Index,IndexPair,Input,Layout,NumDimensions,OutputBackward,TensorContractionOp,TensorForcedEvalOp,TensorReshapingOp,TensorReverseOp,TensorShufflingOp,TensorVolumePatchOp,array,internal,traits	140:d80a3d1e0e01c9d26f889cfb5f5ee4b496b78f5028bb90efb1439e1adb0e085b:325:34	results/140.json.gz
140	std::conditional_t	1	DEPENDENT_OR_LOCAL_NAMES: ColMajor,DSizes,Dynamic,Eigen,Index,IndexPair,Kernel,Layout,NumDimensions,OutputBackward,ReverseColMajor,ReverseRowMajor,TensorContractionOp,TensorForcedEvalOp,TensorImagePatchOp,TensorReshapingOp,TensorReverseOp,TensorShufflingOp,array,internal,traits	140:81daacd969bbedc98df81e36bc4d16a7d3e8e5e5f3d4febe9fa7304a12abc6bd:54:34	results/140.json.gz
140	std::conditional_t	1	DEPENDENT_OR_LOCAL_NAMES: ReverseColMajor,ReverseRowMajor,isColMajor	140:81daacd969bbedc98df81e36bc4d16a7d3e8e5e5f3d4febe9fa7304a12abc6bd:171:11	results/140.json.gz
140	std::conditional_t	1	DEPENDENT_OR_LOCAL_NAMES: ColMajor,DSizes,Dynamic,Eigen,Index,IndexPair,Input,Layout,NumDimensions,OutputBackward,TensorContractionOp,TensorForcedEvalOp,TensorImagePatchOp,TensorReshapingOp,TensorReverseOp,TensorShufflingOp,array,internal,traits	140:81daacd969bbedc98df81e36bc4d16a7d3e8e5e5f3d4febe9fa7304a12abc6bd:314:34	results/140.json.gz
140	std::conditional_t	1	DEPENDENT_OR_LOCAL_NAMES: ColMajor,DSizes,Dynamic,Index,IndexPair,Input,Kernel,Layout,NumDimensions,TensorContractionOp,TensorReshapingOp,TensorVolumePatchOp,array,internal,traits	140:469a8bf29bb5219e43d53dbbed9f95e915e95d35adfc810f133edf63606b13f8:1815:34	results/140.json.gz
140	std::conditional_t	4	DEPENDENT_OR_LOCAL_NAMES: ColMajor,Eigen,IndexList,Input,Layout,internal,traits,type2index	140:429da24be2323354f7c3a8b81039e7f7624d53385863fe3f07082b4d5c593aa3:45:9	results/140.json.gz
140	std::conditional_t	1	DEPENDENT_OR_LOCAL_NAMES: ComplexEigenSolver,Eigen,EigenSolver,InputMatrix,InputScalar,IsComplex,NumTraits	140:8cea802b5f847a964ee8a7cad7faa126386a290a2ebf7bc0d238e6a3a98a7441:78:9	results/140.json.gz
140	std::conditional_t	1	DEPENDENT_OR_LOCAL_NAMES: Scalar,is_16bit_input	140:cc87bbdc831e3ba3dad6028baad25d078a3d51f71e5e56beb9848b70d2c168b3:583:25	results/140.json.gz
140	std::conditional_t	2	DEPENDENT_OR_LOCAL_NAMES: I,O	140:ca8ada9885d83cc1fac5cc02f01a07987add868d1cbdb76d1b1187bb83ae0d2d:235:16	results/140.json.gz
140	std::conditional_t	1	DEPENDENT_OR_LOCAL_NAMES: ColMajor,DSizes,Dynamic,Index,IndexPair,Input,Kernel,Layout,NumDimensions,OutputKernel,TensorContractionOp,TensorImagePatchOp,TensorReshapingOp,array,internal,traits	140:7dc6c7eababd4e734083ff6c4aa2c926694659aa4af5f9e3fde79aeb4d6b3a4f:1572:34	results/140.json.gz
140	std::conditional_t	1	DEPENDENT_OR_LOCAL_NAMES: CoeffReturnType,Derived,IsComplex,NumTraits,Scalar,TensorCwiseUnaryOp,internal,scalar_conjugate_op	140:4d176fc03aa44b515327ca7824b6c4ec49568d22b5c34430d006e21226c32a04:327:31	results/140.json.gz
140	std::conditional_t	1	DEPENDENT_OR_LOCAL_NAMES: CoeffReturnType,Derived,NewType,TensorConversionOp,internal,is_same	140:4d176fc03aa44b515327ca7824b6c4ec49568d22b5c34430d006e21226c32a04:430:31	results/140.json.gz
140	std::conditional_t	4	DEPENDENT_OR_LOCAL_NAMES: CoeffReturnType,Derived,TensorConversionOp,internal,is_same	140:4d176fc03aa44b515327ca7824b6c4ec49568d22b5c34430d006e21226c32a04:754:69	results/140.json.gz
140	std::conditional_t	1	DEPENDENT_OR_LOCAL_NAMES: ArgTensorBlock,NoArgBlockAccess,TensorCwiseUnaryOp,UnaryOp,XprType	140:72e0b1b4bcefd13be21dab03336b13781fa9b25b92a65b2cbbbc6b97309ea819:842:11	results/140.json.gz
140	std::conditional_t	1	DEPENDENT_OR_LOCAL_NAMES: BinaryOp,LhsTensorBlock,NoArgBlockAccess,RhsTensorBlock,TensorCwiseBinaryOp,XprType	140:72e0b1b4bcefd13be21dab03336b13781fa9b25b92a65b2cbbbc6b97309ea819:874:11	results/140.json.gz
140	std::conditional_t	1	DEPENDENT_OR_LOCAL_NAMES: ArgXprType,BlockFactory,NoArgBlockAccess,XprType,template	140:72e0b1b4bcefd13be21dab03336b13781fa9b25b92a65b2cbbbc6b97309ea819:919:11	results/140.json.gz
140	std::conditional_t	1	DEPENDENT_OR_LOCAL_NAMES: Arg1XprType,Arg2XprType,Arg3XprType,BlockFactory,NoArgBlockAccess,XprType,template	140:72e0b1b4bcefd13be21dab03336b13781fa9b25b92a65b2cbbbc6b97309ea819:955:11	results/140.json.gz
140	std::conditional_t	4	DEPENDENT_OR_LOCAL_NAMES: LhsXprType,PointerType,Pointer_type_promotion,RhsXprType,Scalar,traits,val	140:38d0dcb6fbf4b0f5ab09df5865a4d43878b76f3f7274505d1477d8fce53f828c:42:11	results/140.json.gz
140	std::conditional_t	8	DEPENDENT_OR_LOCAL_NAMES: ColMajor,Layout,LeftArgType,RightArgType,static_cast	140:24599dd2ad9ef0a2e4e4dd9a6d5623c7f70960e96a919a01b539b2f630c54c7b:398:11	results/140.json.gz
140	std::conditional_t	1	DEPENDENT_OR_LOCAL_NAMES: OutScalar,PacketType,packet_load	140:e5c1572f648a64965ad7c9c88c1bf925fd93906b42e7dbac4acd0e97ae1e90c5:324:11	results/140.json.gz
140	std::conditional_t	1	DEPENDENT_OR_LOCAL_NAMES: contraction_tp,contraction_type,local,local_ptr,private_ptr	140:e5c1572f648a64965ad7c9c88c1bf925fd93906b42e7dbac4acd0e97ae1e90c5:480:11	results/140.json.gz
140	std::conditional_t	1	DEPENDENT_OR_LOCAL_NAMES: InputXprType,KernelXprType,PointerType,Pointer_type_promotion,Scalar,traits,val	140:e003b3265432daf78a400d17d028a5af87e0c1d038a3e4bf79e0ee1549e448c1:240:11	results/140.json.gz
140	std::conditional_t	1	DEPENDENT_OR_LOCAL_NAMES: Arg2XprType,Arg3XprType,PointerType,Pointer_type_promotion,Scalar,traits,val	140:cb83e46f4a5d0e4d27e4f784a2aa13548bc80f709d8185ef7d7f5492b8f00346:253:35	results/140.json.gz
140	std::conditional_t	1	DEPENDENT_OR_LOCAL_NAMES: ElseXprType,PointerType,Pointer_type_promotion,Scalar,ThenXprType,traits,val	140:cb83e46f4a5d0e4d27e4f784a2aa13548bc80f709d8185ef7d7f5492b8f00346:333:11	results/140.json.gz
140	std::conditional_t	3	DEPENDENT_OR_LOCAL_NAMES: ComplexScalar,FFTResultType,ImagPart,RealPart,RealScalar	140:1fad6cea1d8104063dca1c06dcce64284b49e3a791e1176a4cb4ed5cf1f98031:65:11	results/140.json.gz
140	std::conditional_t	1	DEPENDENT_OR_LOCAL_NAMES: PlainObjectType,PointerConstType,PointerType,internal,is_lvalue	140:db98afdefd160cc5b91bb3e020dc743844bc27900a42661ab0ed1b56a5592230:54:13	results/140.json.gz
140	std::conditional_t	1	DEPENDENT_OR_LOCAL_NAMES: PlainObjectType,Scalar,internal,is_lvalue	140:db98afdefd160cc5b91bb3e020dc743844bc27900a42661ab0ed1b56a5592230:63:13	results/140.json.gz
140	std::conditional_t	1	DEPENDENT_OR_LOCAL_NAMES: DSizes,Index,NumOutputDims,Sizes	140:dd9fd9d01c7a3c44a3e4512ec06cd71d03789721657b3af01e660df9b994edce:557:11	results/140.json.gz
140	std::conditional_t	1	DEPENDENT_OR_LOCAL_NAMES: CoeffReturnType,Evaluator,InputPacketAccess,PacketAccess,PacketReturnType,ReducerTraits	140:2c8a2e0c889588af92bdd9732ade2685e14dadbe6c2830b89ca4fc703e857751:130:11	results/140.json.gz
140	std::conditional_t	1	DEPENDENT_OR_LOCAL_NAMES: CoeffReturnType,PacketAccess,PacketReturnType,Self	140:2c8a2e0c889588af92bdd9732ade2685e14dadbe6c2830b89ca4fc703e857751:484:13	results/140.json.gz
140	std::conditional_t	2	DEPENDENT_OR_LOCAL_NAMES: Device,Dimensions,Expr,TensorLazyEvaluatorReadOnly,TensorLazyEvaluatorWritable,internal,is_lvalue	140:37ba6a871d1b925b70aa309ce06a4cbb144f2b42b72acf6dffa8e6fdf1a55f69:101:36	results/140.json.gz
140	std::conditional_t	1	DEPENDENT_OR_LOCAL_NAMES: possible_size	140:711f725e1b550106c81322d91c753c058f34ed55bc2c0f0ca83c49fa310b3f3a:242:11	results/140.json.gz
140	std::conditional_t	1	DEPENDENT_OR_LOCAL_NAMES: Equality,concat,id,strip_identities,t,ts,type_list	140:08a57fcaba1dcf8b56219727092cdf31f2eab8927ba74f29fe3fe396b44f209a:131:11	results/140.json.gz
140	std::conditional_t	1	DEPENDENT_OR_LOCAL_NAMES: IsTaitBryan,false_type,internal,true_type	140:eab72b7d447aa33d1f8e9c240e3e363b4d36e41d3c644ca3714d5ea2b613b680:265:9	results/140.json.gz
140	std::conditional_t	1	DEPENDENT_OR_LOCAL_NAMES: ComplexSchur,DenseMatrix,IsComplex,NumTraits,RealSchur,Scalar	140:7940d252078e55ba68bddc191182316c22a562722c5b7c5f3e5da26832bb1c35:424:3	results/140.json.gz
140	std::conditional_t	1	DEPENDENT_OR_LOCAL_NAMES: CompanionMatrixType,ComplexEigenSolver,EigenSolver,IsComplex,NumTraits,Scalar	140:233259d961b142884400d402a5496c974073a3ef10ed56dde193508a3639dba4:342:13	results/140.json.gz
140	std::conditional_t	1	DEPENDENT_OR_LOCAL_NAMES: IsComplex,NumTraits,Scalar	140:233259d961b142884400d402a5496c974073a3ef10ed56dde193508a3639dba4:345:13	results/140.json.gz
140	std::conditional_t	1	DEPENDENT_OR_LOCAL_NAMES: LhsNested,MatrixBase,ProductMode,ResultIsSkyline,RhsNested,SkylineMatrixBase,SkylineProduct	140:da2b198da52fbbadeb584a822a69980d89986c26a2e905e5da2071d8abae5bcd:57:13	results/140.json.gz
140	std::conditional_t	1	DEPENDENT_OR_LOCAL_NAMES: BlockScalar,Dynamic,Scalar,_BlockAtCompileTime	140:73ee0f337ecd840d0865cbd0b0b8534e71b5064bd0b9fe8488de026947ce13b5:307:13	results/140.json.gz
140	std::conditional_t	1	DEPENDENT_OR_LOCAL_NAMES: ElementType,T	140:33c0eb906d3cb2213bd90b5a1dc09fde6d98c9dd93f91424ce1056ff2bf74233:132:9	results/140.json.gz
140	std::conditional_t	1	DEPENDENT_OR_LOCAL_NAMES: Predicate,Ts,Types,testing	140:beba0b5717d8a856d285fcef825eb38fb84d01c38d37ed01eee7c412bf11e85c:307:19	results/140.json.gz
140	std::conditional_t	3	DEPENDENT_OR_LOCAL_NAMES: ElementType,Iterator	140:a2b947098e7a9f10853475339c602bdcf1f2ebe3133faaec3f106f6ef82def7a:1543:7	results/140.json.gz
140	std::conditional_t	1	DEPENDENT_OR_LOCAL_NAMES: Args,Key,is_allocator_v,pack_element_t,tbb_hash_compare	140:2dc21ab645137a8fb1e17e34bdb01372182d26eaac65a2fa83dcfe2634c726ad:1235:5	results/140.json.gz
140	std::conditional_t	2	DEPENDENT_OR_LOCAL_NAMES: Args,Key,T,is_allocator_v,pack_element_t,tbb_allocator	140:2dc21ab645137a8fb1e17e34bdb01372182d26eaac65a2fa83dcfe2634c726ad:1237:5	results/140.json.gz
140	std::conditional_t	3	DEPENDENT_OR_LOCAL_NAMES: Args,Key,is_allocator_v,pack_element_t	140:6b12bb5aeaa1ac0da44bf8698f149ac29e0965d5bd6ac0211137c8aaaa84aa7c:241:21	results/140.json.gz
140	std::conditional_t	2	DEPENDENT_OR_LOCAL_NAMES: Args,T,is_allocator_v,pack_element_t	140:17c0ecfe59df8a0fd76f2d5aef2492c6b487eb5a7fd5da098ebce11b3868e17b:524:5	results/140.json.gz
140	std::conditional_t	1	DEPENDENT_OR_LOCAL_NAMES: Args,T,cache_aligned_allocator,is_allocator_v,pack_element_t	140:17c0ecfe59df8a0fd76f2d5aef2492c6b487eb5a7fd5da098ebce11b3868e17b:526:5	results/140.json.gz
140	std::conditional_t	1	DEPENDENT_OR_LOCAL_NAMES: Args,Key,is_allocator_v,pack_element_t,tbb_allocator	140:0462aa9dd6fc11c0502e76d04c056181a6425fbe26b1dbb02b6980dc0ba59dcc:168:21	results/140.json.gz
140	std::conditional_t	1	DEPENDENT_OR_LOCAL_NAMES: Args,Key,is_allocator_v,pack_element_t,tbb_hash	140:1860024243f41d7daebc56488d96a6062b25d7cc7994682f0d11a16e90957d99:270:5	results/140.json.gz
140	std::conditional_t	1	DEPENDENT_OR_LOCAL_NAMES: Args,Element,Key,is_allocator_v,pack_element_t,tbb_allocator	140:1860024243f41d7daebc56488d96a6062b25d7cc7994682f0d11a16e90957d99:274:5	results/140.json.gz
140	std::conditional_t	1	DEPENDENT_OR_LOCAL_NAMES: Args,T,is_allocator_v,pack_element_t,tbb_hash	140:ac66819271c17fa4a34699c6c4ce8cf9faf3a447a8599af2cc7743c03ae2d0ff:223:5	results/140.json.gz
140	std::conditional_t	1	DEPENDENT_OR_LOCAL_NAMES: Args,T,is_allocator_v,pack_element_t,tbb_allocator	140:ac66819271c17fa4a34699c6c4ce8cf9faf3a447a8599af2cc7743c03ae2d0ff:227:5	results/140.json.gz
140	std::conditional_t	1	DEPENDENT_OR_LOCAL_NAMES: BaseTag,Others,Tag,tag_cast	140:6f079b1c1c4ff4e89415cbbbf2c480d8ceaeb9a4c0fd703d5d876bc49fd18fb3:351:16	results/140.json.gz
140	std::conditional_t	1	DEPENDENT_OR_LOCAL_NAMES: T,_LocalTypeInfo,_RemoteTypeInfo,_UsesLocalStore	140:eaffeb0bd1f5f55b54b1215a68a9d27b6bb8e8534df5a447dc44f95cdc6a19b6:798:17	results/140.json.gz
140	std::conditional_t	1	DEPENDENT_OR_LOCAL_NAMES: R,_PtrProxy	140:00a0650aebf891880195f95bb9fbe147f31536c2357afc56114e298180fb4b76:247:25	results/140.json.gz
140	std::conditional_t	1	DEPENDENT_OR_LOCAL_NAMES: MessageLite,T	140:729b8c036bf160a3817c287bc0a66c573b8097be09a51a5b2cbbf9524656825e:371:9	results/140.json.gz
140	std::conditional_t	1	DEPENDENT_OR_LOCAL_NAMES: T,trivial	140:729b8c036bf160a3817c287bc0a66c573b8097be09a51a5b2cbbf9524656825e:635:11	results/140.json.gz
140	std::conditional_t	1	DEPENDENT_OR_LOCAL_NAMES: RepeatedField,RepeatedPtrField,T	140:b11c00210ce602654f62e8a1f811dc09c15cd2f70182d2c72177c28c1704232c:638:18	results/140.json.gz
140	std::conditional_t	1	DEPENDENT_OR_LOCAL_NAMES: absl,owned,string_view	140:946a59f07cb9e47af86b29421136ef887584a55dc02dac46443a65d1d384154b:843:22	results/140.json.gz
140	std::conditional_t	1	DEPENDENT_OR_LOCAL_NAMES: Message,google,kIsMutable,protobuf	140:d178316b55dc225fa86a44ca5389e2b31ed5fcef2df7c230fb59ee753af42cbc:791:7	results/140.json.gz
140	std::conditional_t	1	DEPENDENT_OR_LOCAL_NAMES: MapFieldBase,internal,kIsMutable	140:d178316b55dc225fa86a44ca5389e2b31ed5fcef2df7c230fb59ee753af42cbc:792:24	results/140.json.gz
140	std::conditional_t	1	DEPENDENT_OR_LOCAL_NAMES: MapValueConstRef,MapValueRef,kIsMutable	140:d178316b55dc225fa86a44ca5389e2b31ed5fcef2df7c230fb59ee753af42cbc:795:7	results/140.json.gz
140	std::conditional_t	1	DEPENDENT_OR_LOCAL_NAMES: ConstMapIterator,MapIterator,kIsMutable	140:d178316b55dc225fa86a44ca5389e2b31ed5fcef2df7c230fb59ee753af42cbc:797:7	results/140.json.gz
140	std::conditional_t	1	DEPENDENT_OR_LOCAL_NAMES: InlineCapacity,MicroString,MicroStringExtraImpl,kAllowExtraCapacity,kInlineCapacity	140:a3bf19c8653b493fc43e54c57319cc89e3d19fbc0937043cdece57b7e57f113b:643:5	results/140.json.gz
140	std::conditional_t	1	DEPENDENT_OR_LOCAL_NAMES: GlobalEmptyStringConstexpr,GlobalEmptyStringDynamicInit,HasConstexprDefaultConstructor	140:97db6d2824c0fd2d0ec0e3cebcc69b5b46c58605889747ff14682b9d97e9eaec:786:27	results/140.json.gz
140	std::conditional_t	1	DEPENDENT_OR_LOCAL_NAMES: Dep,T	140:3e212b414438ab836ad562d1df6700b1c386b486a2ddf79527e4ccc9fcbaad5a:37:23	results/140.json.gz
140	std::conditional_t	2	DEPENDENT_OR_LOCAL_NAMES: D,S	140:d1efad1cf1dd24d2cedc5c91011534a9b5bda6e6e8dcd8395cbe9e55b802d39b:27:18	results/140.json.gz
142	std::remove_pointer_t	1	NO_TEMPLATE_ARGUMENT_LIST	142:5dd13146de9e1ca0cf37e379af0ce4efd7ae1911c042281c39a5837d848c3e3a:145:7	results/142.json.gz
142	std::remove_pointer_t	1	DEPENDENT_OR_LOCAL_NAMES: Pm	142:e60dc6866284d4363d47c6b995c4f734d866c2ecf79869896f02176809877170:28:76	results/142.json.gz
142	std::remove_pointer_t	10	DEPENDENT_OR_LOCAL_NAMES: T	142:a1e35c1a5dbaefab35e642a568f6fa1587175a11fbc47c29053a8eaae041b569:117:13	results/142.json.gz
142	std::remove_pointer_t	1	DEPENDENT_OR_LOCAL_NAMES: T0	142:aedfe8e1fcc855d8e1ca8d6663b3a8e2650246c8c743c3062e7ebb7490cb6b9c:82:48	results/142.json.gz
142	std::remove_pointer_t	1	DEPENDENT_OR_LOCAL_NAMES: mp11,mp_first,variant	142:383b76fb1d5244ca2c8c38631957401bbd31f236564994f9588fe604005c3d03:43:24	results/142.json.gz
142	std::remove_pointer_t	1	DEPENDENT_OR_LOCAL_NAMES: Base	142:88502ccba325f2507e6bc7cdfb32a901345da347f52e60ac58449592d03ec927:65:56	results/142.json.gz
142	std::remove_pointer_t	1	DEPENDENT_OR_LOCAL_NAMES: PointerOut	142:79a69259aa02a84f644925b7a14166e3f3453688c05ca7e8d8c41131e9a7c1ed:652:12	results/142.json.gz
142	std::remove_pointer_t	1	DEPENDENT_OR_LOCAL_NAMES: Type	142:050480c06078138865a3b922a53caeb3727390c7b74cece252ed2010b8efe697:531:52	results/142.json.gz
142	std::remove_pointer_t	2	DEPENDENT_OR_LOCAL_NAMES: ValueTy	142:89ee5c125223fc81634f7c1418afaf2284c08fa971bb3992258f6ca087a1777a:121:26	results/142.json.gz
142	std::remove_pointer_t	1	DEPENDENT_OR_LOCAL_NAMES: T,remove_cvref_t	142:4a5eb6879ddb68fd203bad8a1c5500747bca134b3a8b8439eb1d4bc71204db58:187:37	results/142.json.gz
142	std::remove_pointer_t	2	DEPENDENT_OR_LOCAL_NAMES: ItTy	142:c0e46375d48b6d6b84b2df519160105f090946447b4577c1e245760ecff5a223:207:43	results/142.json.gz
142	std::remove_pointer_t	1	DEPENDENT_OR_LOCAL_NAMES: It1	142:c0e46375d48b6d6b84b2df519160105f090946447b4577c1e245760ecff5a223:512:43	results/142.json.gz
142	std::remove_pointer_t	1	DEPENDENT_OR_LOCAL_NAMES: It2	142:c0e46375d48b6d6b84b2df519160105f090946447b4577c1e245760ecff5a223:513:23	results/142.json.gz
142	std::remove_pointer_t	1	DEPENDENT_OR_LOCAL_NAMES: Traits,arg_t,template	142:7a86b4ba0652af8dc6f34a0548c4d14d260ed1415cfdb7f5b705a6ac5452c7f8:58:36	results/142.json.gz
142	std::remove_pointer_t	1	DEPENDENT_OR_LOCAL_NAMES: Arg	142:67100b7ab0e01afb4707edce3e969c0a26e512cc702e0f2fb8c13e0ee0011606:31:26	results/142.json.gz
142	std::remove_pointer_t	1	DEPENDENT_OR_LOCAL_NAMES: U	142:8bcbf772bd93e294a30228387e62be7dc5a93f761953dbea8ad60610334cabbc:42:29	results/142.json.gz
142	std::remove_pointer_t	1	DEPENDENT_OR_LOCAL_NAMES: KeyT	142:ee0c57ffbb3f44ad828e332b4af6539b2678e4caadb473ebee1424748dbebc13:243:27	results/142.json.gz
142	std::remove_pointer_t	1	DEPENDENT_OR_LOCAL_NAMES: PointerType	142:3c053f7271501500f7bccf7b93d08c441abf715ef66d377718947e4aef9f8433:172:22	results/142.json.gz
142	std::remove_pointer_t	1	DEPENDENT_OR_LOCAL_NAMES: From	142:3c053f7271501500f7bccf7b93d08c441abf715ef66d377718947e4aef9f8433:390:40	results/142.json.gz
142	std::remove_pointer_t	2	DEPENDENT_OR_LOCAL_NAMES: ParentPtr	142:16fab3ba6fa68a2cd14221d6d9e707d648e1a22da25725142242184cc2c6502f:225:22	results/142.json.gz
142	std::remove_pointer_t	2	DEPENDENT_OR_LOCAL_NAMES: NodeRef	142:faab2c9dd695b490eab014a8848490a52e71760b3574186a3f8017c0ce06349e:122:23	results/142.json.gz
142	std::remove_pointer_t	1	DEPENDENT_OR_LOCAL_NAMES: attr,translateImpl	142:a6f1010bb0af78884967fb003374483542206782ad724d701ecca50d78234d6b:50:23	results/142.json.gz
142	std::remove_pointer_t	1	DEPENDENT_OR_LOCAL_NAMES: gpusolverHandle_t	142:c7b92e32fa655cb7b471e3cdada73aaba87cad9de9da4f86182a506a0e3402a1:104:19	results/142.json.gz
142	std::remove_pointer_t	2	DEPENDENT_OR_LOCAL_NAMES: GpuGraphHandle	142:07d96df590ef3f6135173244e667fb4f2f552c6a3b2be8482046badd0d682b75:69:30	results/142.json.gz
142	std::remove_pointer_t	2	DEPENDENT_OR_LOCAL_NAMES: GpuGraphExecHandle	142:07d96df590ef3f6135173244e667fb4f2f552c6a3b2be8482046badd0d682b75:77:30	results/142.json.gz
142	std::remove_pointer_t	1	DEPENDENT_OR_LOCAL_NAMES: Func	142:fffef4c21667432bbba6344d24664284a3d6173659bfec237044d501bf932e2d:2567:38	results/142.json.gz
142	std::remove_pointer_t	1	DEPENDENT_OR_LOCAL_NAMES: To	142:97db6d2824c0fd2d0ec0e3cebcc69b5b46c58605889747ff14682b9d97e9eaec:201:18	results/142.json.gz
142	std::remove_pointer_t	2	DEPENDENT_OR_LOCAL_NAMES: P	142:5c8a02f58e9ccd8ba768c9ba1f5ccf743d72531d9d690945aee2d7852e6a8823:68:51	results/142.json.gz
143	std::remove_reference_t	2	NO_TEMPLATE_ARGUMENT_LIST	143:5dd13146de9e1ca0cf37e379af0ce4efd7ae1911c042281c39a5837d848c3e3a:146:7	results/143.json.gz
143	std::remove_reference_t	6	DEPENDENT_OR_LOCAL_NAMES: U	143:93febd5d2b52f66456fd62b5316eec3843c3055e5bc4a1761840804f45c7e240:104:25	results/143.json.gz
143	std::remove_reference_t	46	DEPENDENT_OR_LOCAL_NAMES: T	143:93febd5d2b52f66456fd62b5316eec3843c3055e5bc4a1761840804f45c7e240:105:25	results/143.json.gz
143	std::remove_reference_t	2	DEPENDENT_OR_LOCAL_NAMES: C	143:e046f29278e283674660add073cb28b0c9bced424733c43f5057b523b133ee12:189:46	results/143.json.gz
143	std::remove_reference_t	1	DEPENDENT_OR_LOCAL_NAMES: Ts	143:657d25ffd16e647350ce800af5b33a20ed7c591654052f227a39ff65320d160c:234:19	results/143.json.gz
143	std::remove_reference_t	3	DEPENDENT_OR_LOCAL_NAMES: g	143:543750315e693a4ec05e884351986e43c71f123c80daf77b094b4212e5c41158:242:21	results/143.json.gz
143	std::remove_reference_t	1	DEPENDENT_OR_LOCAL_NAMES: multi_out	143:019b880e2e1d8b513ea96ecdf730d2190b219f12f82ab18688eb14deab3262a2:206:13	results/143.json.gz
143	std::remove_reference_t	2	DEPENDENT_OR_LOCAL_NAMES: Geometry	143:478346a6d8f03969ea968b404895dba5591e017d9631cd1f9a6e278d5d1894f1:332:13	results/143.json.gz
143	std::remove_reference_t	1	DEPENDENT_OR_LOCAL_NAMES: Geometry1	143:478346a6d8f03969ea968b404895dba5591e017d9631cd1f9a6e278d5d1894f1:342:13	results/143.json.gz
143	std::remove_reference_t	1	DEPENDENT_OR_LOCAL_NAMES: Geometry2	143:478346a6d8f03969ea968b404895dba5591e017d9631cd1f9a6e278d5d1894f1:343:13	results/143.json.gz
143	std::remove_reference_t	1	DEPENDENT_OR_LOCAL_NAMES: Any	143:038555106db616bef413f519e652fac781f026e300e48d77a64917d7c7249885:53:49	results/143.json.gz
143	std::remove_reference_t	9	DEPENDENT_OR_LOCAL_NAMES: Range	143:3fa5407d0aa51e0a6c60a8c159720fbf70e75a8c494d18fb26ef8742745fb837:78:26	results/143.json.gz
143	std::remove_reference_t	1	DEPENDENT_OR_LOCAL_NAMES: From	143:a1e35c1a5dbaefab35e642a568f6fa1587175a11fbc47c29053a8eaae041b569:131:39	results/143.json.gz
143	std::remove_reference_t	3	DEPENDENT_OR_LOCAL_NAMES: To	143:a1e35c1a5dbaefab35e642a568f6fa1587175a11fbc47c29053a8eaae041b569:145:18	results/143.json.gz
143	std::remove_reference_t	2	DEPENDENT_OR_LOCAL_NAMES: begin,f,v	143:4eb9781a47d9956e06a958405323a058b2dc05602f00a562ff991ff396bd330d:73:40	results/143.json.gz
143	std::remove_reference_t	1	DEPENDENT_OR_LOCAL_NAMES: V	143:4eb9781a47d9956e06a958405323a058b2dc05602f00a562ff991ff396bd330d:76:36	results/143.json.gz
143	std::remove_reference_t	2	DEPENDENT_OR_LOCAL_NAMES: result	143:59b31456a19e982ca49f35db1951f8f87bbe17a8c433014b92eea01a2371b3ba:127:17	results/143.json.gz
143	std::remove_reference_t	1	DEPENDENT_OR_LOCAL_NAMES: Axis,arg_type,detail,index	143:aedfe8e1fcc855d8e1ca8d6663b3a8e2650246c8c743c3062e7ebb7490cb6b9c:34:24	results/143.json.gz
143	std::remove_reference_t	1	DEPENDENT_OR_LOCAL_NAMES: metadata,mp11,mp_first,traits,variant	143:383b76fb1d5244ca2c8c38631957401bbd31f236564994f9588fe604005c3d03:42:27	results/143.json.gz
143	std::remove_reference_t	1	DEPENDENT_OR_LOCAL_NAMES: v	143:92a89a75554a5fea9475650fd62319bdf0dde5376475016e311ec9c86749505c:276:41	results/143.json.gz
143	std::remove_reference_t	2	DEPENDENT_OR_LOCAL_NAMES: Histogram	143:ef851f840f05c8159d09035e02c876ecdc2df7c657483b38778b3a9980cfbb17:407:24	results/143.json.gz
143	std::remove_reference_t	13	DEPENDENT_OR_LOCAL_NAMES: exec	143:f215214b33338123373a71fe6945483c8e7feee9fc4cc62824dcd92d2fc3da5e:333:34	results/143.json.gz
143	std::remove_reference_t	2	DEPENDENT_OR_LOCAL_NAMES: Input	143:7db67d5c53a0188df7cfb9b6e4a18130afa7b8c9e23093492e0125be5894c6d1:257:52	results/143.json.gz
143	std::remove_reference_t	1	DEPENDENT_OR_LOCAL_NAMES: I,boost,detail,get,pfr,sequence_tuple,t	143:1b125347f4f74198a552737443cefb547c6fc02c179e67fca29a0d9fbe0ccbcc:37:13	results/143.json.gz
143	std::remove_reference_t	2	DEPENDENT_OR_LOCAL_NAMES: Type	143:bf5fc41626f49eb483c49052ef229cf065d731c8fc21a657706fe89f132f19f3:41:60	results/143.json.gz
143	std::remove_reference_t	2	DEPENDENT_OR_LOCAL_NAMES: D	143:cb7cc251ef82d9bfd72b04d51cc4c0892c5d1e3b0682a200b0a5dc50c9c6319c:354:16	results/143.json.gz
143	std::remove_reference_t	1	DEPENDENT_OR_LOCAL_NAMES: D,i	143:cb7cc251ef82d9bfd72b04d51cc4c0892c5d1e3b0682a200b0a5dc50c9c6319c:377:20	results/143.json.gz
143	std::remove_reference_t	2	DEPENDENT_OR_LOCAL_NAMES: Expr	143:74d0edb88d59f8f61006d75ae31ef585ccb6707ff5f3939363f539795e74ce5d:59:35	results/143.json.gz
143	std::remove_reference_t	1	DEPENDENT_OR_LOCAL_NAMES: Tuple	143:c187f4fc407396c5b21e9769e3afa56ef42f2a3319f0c8a04410f2a654b56532:1196:27	results/143.json.gz
143	std::remove_reference_t	1	DEPENDENT_OR_LOCAL_NAMES: RangeT,adl_begin	143:6aae67dd004bd58a39556fda21abe0627ec4c0f39f1d9bf853c21c474c61261d:130:5	results/143.json.gz
143	std::remove_reference_t	1	DEPENDENT_OR_LOCAL_NAMES: RHS	143:606fe0501f55abfc295fe498a2139dbc1c0295ea7364bd1ae1c3c6c090fba38c:61:38	results/143.json.gz
143	std::remove_reference_t	1	DEPENDENT_OR_LOCAL_NAMES: value_type	143:b6a018b961d427b9be27b5240eab04666083903376c1f0d85129df0765b5a7cd:97:11	results/143.json.gz
143	std::remove_reference_t	4	DEPENDENT_OR_LOCAL_NAMES: ReferenceTy	143:4a5eb6879ddb68fd203bad8a1c5500747bca134b3a8b8439eb1d4bc71204db58:338:11	results/143.json.gz
143	std::remove_reference_t	1	DEPENDENT_OR_LOCAL_NAMES: I	143:4a5eb6879ddb68fd203bad8a1c5500747bca134b3a8b8439eb1d4bc71204db58:871:25	results/143.json.gz
143	std::remove_reference_t	1	DEPENDENT_OR_LOCAL_NAMES: Iter	143:4a5eb6879ddb68fd203bad8a1c5500747bca134b3a8b8439eb1d4bc71204db58:879:7	results/143.json.gz
143	std::remove_reference_t	1	DEPENDENT_OR_LOCAL_NAMES: FirstTy	143:4a5eb6879ddb68fd203bad8a1c5500747bca134b3a8b8439eb1d4bc71204db58:1392:35	results/143.json.gz
143	std::remove_reference_t	2	DEPENDENT_OR_LOCAL_NAMES: Begin	143:4a5eb6879ddb68fd203bad8a1c5500747bca134b3a8b8439eb1d4bc71204db58:2595:56	results/143.json.gz
143	std::remove_reference_t	1	DEPENDENT_OR_LOCAL_NAMES: Callable	143:a78922c635d8be3848e912c45c751a23bef01c39504a913df5d8bc7983eef93b:65:30	results/143.json.gz
143	std::remove_reference_t	4	DEPENDENT_OR_LOCAL_NAMES: ArgType	143:c0e46375d48b6d6b84b2df519160105f090946447b4577c1e245760ecff5a223:780:42	results/143.json.gz
143	std::remove_reference_t	1	DEPENDENT_OR_LOCAL_NAMES: Traits,arg_t,template	143:7a86b4ba0652af8dc6f34a0548c4d14d260ed1415cfdb7f5b705a6ac5452c7f8:59:9	results/143.json.gz
143	std::remove_reference_t	2	DEPENDENT_OR_LOCAL_NAMES: WrappedIteratorT	143:e890239b6ef2f6649538e6e43fd1b8bf03bfdaa815a66b09ac60de944e915cf3:323:24	results/143.json.gz
143	std::remove_reference_t	1	DEPENDENT_OR_LOCAL_NAMES: HandlerArgT	143:ca4239a333ae0e9c34f568fb7b6825f75ba15ab95f8be21ecc022665b9cc79a2:54:24	results/143.json.gz
143	std::remove_reference_t	2	DEPENDENT_OR_LOCAL_NAMES: WrapperFunctionImplT	143:385e2d8b5528dc3341a93ff5c276c2e750b72da3fc72ad72d4a3f3613e08fa65:205:21	results/143.json.gz
143	std::remove_reference_t	1	DEPENDENT_OR_LOCAL_NAMES: SendDeserializedResultFn	143:385e2d8b5528dc3341a93ff5c276c2e750b72da3fc72ad72d4a3f3613e08fa65:480:16	results/143.json.gz
143	std::remove_reference_t	3	DEPENDENT_OR_LOCAL_NAMES: HandlerT	143:385e2d8b5528dc3341a93ff5c276c2e750b72da3fc72ad72d4a3f3613e08fa65:522:46	results/143.json.gz
143	std::remove_reference_t	1	DEPENDENT_OR_LOCAL_NAMES: Container	143:efbed41033272fcd17f3263b5a83b00ef10b6577d45c53eb45f7b9e21b541e20:57:10	results/143.json.gz
143	std::remove_reference_t	3	DEPENDENT_OR_LOCAL_NAMES: RangeT	143:ea9c107c678f632b2c29b520dd23b0e20eb0e059aade6fce57cb3120201b3920:73:26	results/143.json.gz
143	std::remove_reference_t	4	DEPENDENT_OR_LOCAL_NAMES: RemarkT	143:35f66eaec1829dbb88429860b59a69cdddd3450bb912700e947c23a294e4379b:655:47	results/143.json.gz
143	std::remove_reference_t	1	DEPENDENT_OR_LOCAL_NAMES: CREATE_PASS	143:233ee74af93bdd612d8087aa3cbe2e79c6b684aff4960a33a4716041c2d1c224:175:9	results/143.json.gz
143	std::remove_reference_t	1	DEPENDENT_OR_LOCAL_NAMES: FromTy,To,cast_retty,ret_type	143:3c053f7271501500f7bccf7b93d08c441abf715ef66d377718947e4aef9f8433:214:14	results/143.json.gz
143	std::remove_reference_t	1	DEPENDENT_OR_LOCAL_NAMES: From,To,cast_retty,ret_type	143:3c053f7271501500f7bccf7b93d08c441abf715ef66d377718947e4aef9f8433:346:7	results/143.json.gz
143	std::remove_reference_t	1	DEPENDENT_OR_LOCAL_NAMES: arg_type	143:439fc9841bd4f72bf9fbcd74db5dbcc5faa908e4cda66f4e67d76a59246422ff:516:37	results/143.json.gz
143	std::remove_reference_t	1	DEPENDENT_OR_LOCAL_NAMES: StringMapEntryT	143:e8d883f05ddf52a066fbdb30ab2b4fa0287c6c06ef30e4378080ef750a8f5676:47:27	results/143.json.gz
143	std::remove_reference_t	1	DEPENDENT_OR_LOCAL_NAMES: ArgTuple	143:fb955702e27e53fcf68b945549b8a413742cc3f2f1bf9499b766606e79799929:40:16	results/143.json.gz
143	std::remove_reference_t	4	DEPENDENT_OR_LOCAL_NAMES: XprTypeNested	143:904ec905b7bd56d80bdc1ff3ccbf648c80820fca85df4749473fcc4ee111adae:26:11	results/143.json.gz
143	std::remove_reference_t	8	DEPENDENT_OR_LOCAL_NAMES: LhsNested	143:b1e43d3085ca2f1687b29746fdb517d4b71b25a27ca4b2676fc0b2f9c281c078:48:11	results/143.json.gz
143	std::remove_reference_t	8	DEPENDENT_OR_LOCAL_NAMES: RhsNested	143:b1e43d3085ca2f1687b29746fdb517d4b71b25a27ca4b2676fc0b2f9c281c078:49:11	results/143.json.gz
143	std::remove_reference_t	3	DEPENDENT_OR_LOCAL_NAMES: Arg1Nested	143:ad5589c1a3d66fd1a661c2eda019590d0e366b2a02db89132f00fa4f30fdd767:46:11	results/143.json.gz
143	std::remove_reference_t	3	DEPENDENT_OR_LOCAL_NAMES: Arg2Nested	143:ad5589c1a3d66fd1a661c2eda019590d0e366b2a02db89132f00fa4f30fdd767:47:11	results/143.json.gz
143	std::remove_reference_t	3	DEPENDENT_OR_LOCAL_NAMES: Arg3Nested	143:ad5589c1a3d66fd1a661c2eda019590d0e366b2a02db89132f00fa4f30fdd767:48:11	results/143.json.gz
143	std::remove_reference_t	11	DEPENDENT_OR_LOCAL_NAMES: MatrixTypeNested	143:43fa9477a1540d2f350c398e137a5930adc574c86943942041b51054762e5d90:92:23	results/143.json.gz
143	std::remove_reference_t	2	DEPENDENT_OR_LOCAL_NAMES: XprType	143:952e7d643c6ab919d58adb30920fd9ed69ee2bef241a00c31af256af9ef89eec:136:3	results/143.json.gz
143	std::remove_reference_t	2	DEPENDENT_OR_LOCAL_NAMES: OtherCopy	143:06d77e30bfcf2f45d7f976afdd7ec65bcb913bb43f535fe48d565d44295358ab:188:52	results/143.json.gz
143	std::remove_reference_t	1058	DEPENDENT_OR_LOCAL_NAMES: propStorage	143:75b21c9552d0def508e293291f7bea703e10650a8ae1d80b092d1894d2957faa:396:45	results/143.json.gz
143	std::remove_reference_t	8	DEPENDENT_OR_LOCAL_NAMES: index,prop	143:75b21c9552d0def508e293291f7bea703e10650a8ae1d80b092d1894d2957faa:437:46	results/143.json.gz
143	std::remove_reference_t	1	DEPENDENT_OR_LOCAL_NAMES: abid,prop	143:75b21c9552d0def508e293291f7bea703e10650a8ae1d80b092d1894d2957faa:1342:45	results/143.json.gz
143	std::remove_reference_t	1	DEPENDENT_OR_LOCAL_NAMES: blgp,prop	143:75b21c9552d0def508e293291f7bea703e10650a8ae1d80b092d1894d2957faa:1347:45	results/143.json.gz
143	std::remove_reference_t	1	DEPENDENT_OR_LOCAL_NAMES: blocks,prop	143:75b21c9552d0def508e293291f7bea703e10650a8ae1d80b092d1894d2957faa:1352:47	results/143.json.gz
143	std::remove_reference_t	1	DEPENDENT_OR_LOCAL_NAMES: cbsz,prop	143:75b21c9552d0def508e293291f7bea703e10650a8ae1d80b092d1894d2957faa:1357:45	results/143.json.gz
143	std::remove_reference_t	4	DEPENDENT_OR_LOCAL_NAMES: k,prop	143:75b21c9552d0def508e293291f7bea703e10650a8ae1d80b092d1894d2957faa:1362:42	results/143.json.gz
143	std::remove_reference_t	4	DEPENDENT_OR_LOCAL_NAMES: m,prop	143:75b21c9552d0def508e293291f7bea703e10650a8ae1d80b092d1894d2957faa:1367:42	results/143.json.gz
143	std::remove_reference_t	5	DEPENDENT_OR_LOCAL_NAMES: n,prop	143:75b21c9552d0def508e293291f7bea703e10650a8ae1d80b092d1894d2957faa:1372:42	results/143.json.gz
143	std::remove_reference_t	1	DEPENDENT_OR_LOCAL_NAMES: negateA,prop	143:75b21c9552d0def508e293291f7bea703e10650a8ae1d80b092d1894d2957faa:1377:48	results/143.json.gz
143	std::remove_reference_t	1	DEPENDENT_OR_LOCAL_NAMES: negateB,prop	143:75b21c9552d0def508e293291f7bea703e10650a8ae1d80b092d1894d2957faa:1382:48	results/143.json.gz
143	std::remove_reference_t	1	DEPENDENT_OR_LOCAL_NAMES: negateC,prop	143:75b21c9552d0def508e293291f7bea703e10650a8ae1d80b092d1894d2957faa:1387:48	results/143.json.gz
143	std::remove_reference_t	1	DEPENDENT_OR_LOCAL_NAMES: prop,reducePrecision	143:75b21c9552d0def508e293291f7bea703e10650a8ae1d80b092d1894d2957faa:1392:56	results/143.json.gz
143	std::remove_reference_t	1	DEPENDENT_OR_LOCAL_NAMES: prop,storeIndex	143:75b21c9552d0def508e293291f7bea703e10650a8ae1d80b092d1894d2957faa:2366:51	results/143.json.gz
143	std::remove_reference_t	1	DEPENDENT_OR_LOCAL_NAMES: prop,wordIndex	143:75b21c9552d0def508e293291f7bea703e10650a8ae1d80b092d1894d2957faa:2858:50	results/143.json.gz
143	std::remove_reference_t	7	DEPENDENT_OR_LOCAL_NAMES: boundsCheck,prop	143:75b21c9552d0def508e293291f7bea703e10650a8ae1d80b092d1894d2957faa:3488:52	results/143.json.gz
143	std::remove_reference_t	7	DEPENDENT_OR_LOCAL_NAMES: indexOffset,prop	143:75b21c9552d0def508e293291f7bea703e10650a8ae1d80b092d1894d2957faa:3493:52	results/143.json.gz
143	std::remove_reference_t	1	DEPENDENT_OR_LOCAL_NAMES: clamp,prop	143:75b21c9552d0def508e293291f7bea703e10650a8ae1d80b092d1894d2957faa:8111:46	results/143.json.gz
143	std::remove_reference_t	1	DEPENDENT_OR_LOCAL_NAMES: prop,subwordOffset	143:75b21c9552d0def508e293291f7bea703e10650a8ae1d80b092d1894d2957faa:8116:54	results/143.json.gz
143	std::remove_reference_t	1	DEPENDENT_OR_LOCAL_NAMES: prop,unsignedA	143:75b21c9552d0def508e293291f7bea703e10650a8ae1d80b092d1894d2957faa:8121:50	results/143.json.gz
143	std::remove_reference_t	1	DEPENDENT_OR_LOCAL_NAMES: prop,unsignedB	143:75b21c9552d0def508e293291f7bea703e10650a8ae1d80b092d1894d2957faa:8126:50	results/143.json.gz
143	std::remove_reference_t	1	DEPENDENT_OR_LOCAL_NAMES: isZextLhs,prop	143:a054502df51cec8be41149106ce07f093850157c6a84d2f5994a6ea2052273f7:1919:50	results/143.json.gz
143	std::remove_reference_t	1	DEPENDENT_OR_LOCAL_NAMES: isZextRhs,prop	143:a054502df51cec8be41149106ce07f093850157c6a84d2f5994a6ea2052273f7:1924:50	results/143.json.gz
143	std::remove_reference_t	8	DEPENDENT_OR_LOCAL_NAMES: map,prop	143:ed1035786754ab11352acf9b8b7e27ceec0a70793b3c26f9312bcf272bb6e12e:359:44	results/143.json.gz
143	std::remove_reference_t	1	DEPENDENT_OR_LOCAL_NAMES: lowerBoundMap,prop	143:ed1035786754ab11352acf9b8b7e27ceec0a70793b3c26f9312bcf272bb6e12e:1021:54	results/143.json.gz
143	std::remove_reference_t	1	DEPENDENT_OR_LOCAL_NAMES: prop,step	143:ed1035786754ab11352acf9b8b7e27ceec0a70793b3c26f9312bcf272bb6e12e:1026:45	results/143.json.gz
143	std::remove_reference_t	1	DEPENDENT_OR_LOCAL_NAMES: prop,upperBoundMap	143:ed1035786754ab11352acf9b8b7e27ceec0a70793b3c26f9312bcf272bb6e12e:1031:54	results/143.json.gz
143	std::remove_reference_t	1	DEPENDENT_OR_LOCAL_NAMES: lowerBoundsGroups,prop	143:ed1035786754ab11352acf9b8b7e27ceec0a70793b3c26f9312bcf272bb6e12e:2688:58	results/143.json.gz
143	std::remove_reference_t	1	DEPENDENT_OR_LOCAL_NAMES: lowerBoundsMap,prop	143:ed1035786754ab11352acf9b8b7e27ceec0a70793b3c26f9312bcf272bb6e12e:2693:55	results/143.json.gz
143	std::remove_reference_t	6	DEPENDENT_OR_LOCAL_NAMES: prop,reductions	143:ed1035786754ab11352acf9b8b7e27ceec0a70793b3c26f9312bcf272bb6e12e:2698:51	results/143.json.gz
143	std::remove_reference_t	1	DEPENDENT_OR_LOCAL_NAMES: prop,steps	143:ed1035786754ab11352acf9b8b7e27ceec0a70793b3c26f9312bcf272bb6e12e:2703:46	results/143.json.gz
143	std::remove_reference_t	1	DEPENDENT_OR_LOCAL_NAMES: prop,upperBoundsGroups	143:ed1035786754ab11352acf9b8b7e27ceec0a70793b3c26f9312bcf272bb6e12e:2708:58	results/143.json.gz
143	std::remove_reference_t	1	DEPENDENT_OR_LOCAL_NAMES: prop,upperBoundsMap	143:ed1035786754ab11352acf9b8b7e27ceec0a70793b3c26f9312bcf272bb6e12e:2713:55	results/143.json.gz
143	std::remove_reference_t	2	DEPENDENT_OR_LOCAL_NAMES: isDataCache,prop	143:ed1035786754ab11352acf9b8b7e27ceec0a70793b3c26f9312bcf272bb6e12e:3299:52	results/143.json.gz
143	std::remove_reference_t	2	DEPENDENT_OR_LOCAL_NAMES: isWrite,prop	143:ed1035786754ab11352acf9b8b7e27ceec0a70793b3c26f9312bcf272bb6e12e:3304:48	results/143.json.gz
143	std::remove_reference_t	2	DEPENDENT_OR_LOCAL_NAMES: localityHint,prop	143:ed1035786754ab11352acf9b8b7e27ceec0a70793b3c26f9312bcf272bb6e12e:3309:53	results/143.json.gz
143	std::remove_reference_t	61	DEPENDENT_OR_LOCAL_NAMES: fastmath,prop	143:6e162990bec891c18d39e30cde9fac6fd1f8a9fc221e86d8c2997e172a9f5e73:364:49	results/143.json.gz
143	std::remove_reference_t	7	DEPENDENT_OR_LOCAL_NAMES: predicate,prop	143:6e162990bec891c18d39e30cde9fac6fd1f8a9fc221e86d8c2997e172a9f5e73:2137:50	results/143.json.gz
143	std::remove_reference_t	15	DEPENDENT_OR_LOCAL_NAMES: prop,value	143:6e162990bec891c18d39e30cde9fac6fd1f8a9fc221e86d8c2997e172a9f5e73:3005:46	results/143.json.gz
143	std::remove_reference_t	7	DEPENDENT_OR_LOCAL_NAMES: layout,prop	143:5dff87154086c1979b5ac3f64d376c99dafcc53dbaab45c2f4c57edd0ba2ee9f:846:47	results/143.json.gz
143	std::remove_reference_t	5	DEPENDENT_OR_LOCAL_NAMES: callee,prop	143:5b2c0452dcd10f832380ce2e0ad71bc62a7144d6a3a82c686c9bae8ed78da5cd:940:47	results/143.json.gz
143	std::remove_reference_t	10	DEPENDENT_OR_LOCAL_NAMES: arg_attrs,prop	143:5b2c0452dcd10f832380ce2e0ad71bc62a7144d6a3a82c686c9bae8ed78da5cd:2874:50	results/143.json.gz
143	std::remove_reference_t	10	DEPENDENT_OR_LOCAL_NAMES: function_type,prop	143:5b2c0452dcd10f832380ce2e0ad71bc62a7144d6a3a82c686c9bae8ed78da5cd:2879:54	results/143.json.gz
143	std::remove_reference_t	10	DEPENDENT_OR_LOCAL_NAMES: prop,res_attrs	143:5b2c0452dcd10f832380ce2e0ad71bc62a7144d6a3a82c686c9bae8ed78da5cd:2884:50	results/143.json.gz
143	std::remove_reference_t	26	DEPENDENT_OR_LOCAL_NAMES: prop,sym_name	143:5b2c0452dcd10f832380ce2e0ad71bc62a7144d6a3a82c686c9bae8ed78da5cd:2889:49	results/143.json.gz
143	std::remove_reference_t	12	DEPENDENT_OR_LOCAL_NAMES: prop,sym_visibility	143:5b2c0452dcd10f832380ce2e0ad71bc62a7144d6a3a82c686c9bae8ed78da5cd:2894:55	results/143.json.gz
143	std::remove_reference_t	4	DEPENDENT_OR_LOCAL_NAMES: count,prop	143:5b2c0452dcd10f832380ce2e0ad71bc62a7144d6a3a82c686c9bae8ed78da5cd:3490:46	results/143.json.gz
143	std::remove_reference_t	1	DEPENDENT_OR_LOCAL_NAMES: memory_space,prop	143:a26405ca8c534755e5e48616de6174e2a40a4c619d0b7d92efea6c06638736b5:304:53	results/143.json.gz
143	std::remove_reference_t	2	DEPENDENT_OR_LOCAL_NAMES: prop,restrict	143:a26405ca8c534755e5e48616de6174e2a40a4c619d0b7d92efea6c06638736b5:1443:49	results/143.json.gz
143	std::remove_reference_t	2	DEPENDENT_OR_LOCAL_NAMES: prop,writable	143:a26405ca8c534755e5e48616de6174e2a40a4c619d0b7d92efea6c06638736b5:1448:49	results/143.json.gz
143	std::remove_reference_t	1	DEPENDENT_OR_LOCAL_NAMES: prop,read_only	143:a26405ca8c534755e5e48616de6174e2a40a4c619d0b7d92efea6c06638736b5:1874:50	results/143.json.gz
143	std::remove_reference_t	2	DEPENDENT_OR_LOCAL_NAMES: msg,prop	143:68db5c78f1c821b363d3d49804aaf4c61125ddb4f23423fcbbb015058daa3556:233:44	results/143.json.gz
143	std::remove_reference_t	2	DEPENDENT_OR_LOCAL_NAMES: case_operand_segments,prop	143:68db5c78f1c821b363d3d49804aaf4c61125ddb4f23423fcbbb015058daa3556:1205:62	results/143.json.gz
143	std::remove_reference_t	2	DEPENDENT_OR_LOCAL_NAMES: case_values,prop	143:68db5c78f1c821b363d3d49804aaf4c61125ddb4f23423fcbbb015058daa3556:1210:52	results/143.json.gz
143	std::remove_reference_t	2	DEPENDENT_OR_LOCAL_NAMES: op,prop	143:97991dd267572d64be65660b962dcf0d3877937c9dfd594d2e7b9ca3598df7d3:724:43	results/143.json.gz
143	std::remove_reference_t	2	DEPENDENT_OR_LOCAL_NAMES: prop,uniform	143:97991dd267572d64be65660b962dcf0d3877937c9dfd594d2e7b9ca3598df7d3:729:48	results/143.json.gz
143	std::remove_reference_t	1	DEPENDENT_OR_LOCAL_NAMES: hostShared,prop	143:97991dd267572d64be65660b962dcf0d3877937c9dfd594d2e7b9ca3598df7d3:1294:51	results/143.json.gz
143	std::remove_reference_t	1	DEPENDENT_OR_LOCAL_NAMES: objects,prop	143:97991dd267572d64be65660b962dcf0d3877937c9dfd594d2e7b9ca3598df7d3:1923:48	results/143.json.gz
143	std::remove_reference_t	1	DEPENDENT_OR_LOCAL_NAMES: offloadingHandler,prop	143:97991dd267572d64be65660b962dcf0d3877937c9dfd594d2e7b9ca3598df7d3:1928:58	results/143.json.gz
143	std::remove_reference_t	7	DEPENDENT_OR_LOCAL_NAMES: dimension,prop	143:97991dd267572d64be65660b962dcf0d3877937c9dfd594d2e7b9ca3598df7d3:2229:50	results/143.json.gz
143	std::remove_reference_t	1	DEPENDENT_OR_LOCAL_NAMES: prop,pruneFlag	143:97991dd267572d64be65660b962dcf0d3877937c9dfd594d2e7b9ca3598df7d3:2945:50	results/143.json.gz
143	std::remove_reference_t	1	DEPENDENT_OR_LOCAL_NAMES: private_attrib_attrs,prop	143:97991dd267572d64be65660b962dcf0d3877937c9dfd594d2e7b9ca3598df7d3:6944:61	results/143.json.gz
143	std::remove_reference_t	1	DEPENDENT_OR_LOCAL_NAMES: prop,workgroup_attrib_attrs	143:97991dd267572d64be65660b962dcf0d3877937c9dfd594d2e7b9ca3598df7d3:6954:63	results/143.json.gz
143	std::remove_reference_t	1	DEPENDENT_OR_LOCAL_NAMES: prop,targets	143:97991dd267572d64be65660b962dcf0d3877937c9dfd594d2e7b9ca3598df7d3:7303:48	results/143.json.gz
143	std::remove_reference_t	1	DEPENDENT_OR_LOCAL_NAMES: kernel,prop	143:97991dd267572d64be65660b962dcf0d3877937c9dfd594d2e7b9ca3598df7d3:8700:47	results/143.json.gz
143	std::remove_reference_t	1	DEPENDENT_OR_LOCAL_NAMES: format,prop	143:97991dd267572d64be65660b962dcf0d3877937c9dfd594d2e7b9ca3598df7d3:10510:47	results/143.json.gz
143	std::remove_reference_t	8	DEPENDENT_OR_LOCAL_NAMES: computeType,prop	143:97991dd267572d64be65660b962dcf0d3877937c9dfd594d2e7b9ca3598df7d3:11141:52	results/143.json.gz
143	std::remove_reference_t	8	DEPENDENT_OR_LOCAL_NAMES: modeA,prop	143:97991dd267572d64be65660b962dcf0d3877937c9dfd594d2e7b9ca3598df7d3:11146:46	results/143.json.gz
143	std::remove_reference_t	6	DEPENDENT_OR_LOCAL_NAMES: modeB,prop	143:97991dd267572d64be65660b962dcf0d3877937c9dfd594d2e7b9ca3598df7d3:11151:46	results/143.json.gz
143	std::remove_reference_t	1	DEPENDENT_OR_LOCAL_NAMES: mode,prop	143:97991dd267572d64be65660b962dcf0d3877937c9dfd594d2e7b9ca3598df7d3:12949:45	results/143.json.gz
143	std::remove_reference_t	9	DEPENDENT_OR_LOCAL_NAMES: kind,prop	143:97991dd267572d64be65660b962dcf0d3877937c9dfd594d2e7b9ca3598df7d3:14779:45	results/143.json.gz
143	std::remove_reference_t	1	DEPENDENT_OR_LOCAL_NAMES: a_transpose,prop	143:97991dd267572d64be65660b962dcf0d3877937c9dfd594d2e7b9ca3598df7d3:18743:52	results/143.json.gz
143	std::remove_reference_t	1	DEPENDENT_OR_LOCAL_NAMES: b_transpose,prop	143:97991dd267572d64be65660b962dcf0d3877937c9dfd594d2e7b9ca3598df7d3:18748:52	results/143.json.gz
143	std::remove_reference_t	1	DEPENDENT_OR_LOCAL_NAMES: opType,prop	143:97991dd267572d64be65660b962dcf0d3877937c9dfd594d2e7b9ca3598df7d3:19431:47	results/143.json.gz
143	std::remove_reference_t	2	DEPENDENT_OR_LOCAL_NAMES: leadDimension,prop	143:97991dd267572d64be65660b962dcf0d3877937c9dfd594d2e7b9ca3598df7d3:19819:54	results/143.json.gz
143	std::remove_reference_t	3	DEPENDENT_OR_LOCAL_NAMES: prop,transpose	143:97991dd267572d64be65660b962dcf0d3877937c9dfd594d2e7b9ca3598df7d3:19824:50	results/143.json.gz
143	std::remove_reference_t	1	DEPENDENT_OR_LOCAL_NAMES: pred,prop	143:e44e96b94574b963cd12d3f855473b4f3e4ccc1aaf8a2fd8d6734215ab5320d1:1794:45	results/143.json.gz
143	std::remove_reference_t	1	DEPENDENT_OR_LOCAL_NAMES: is_int_min_poison,prop	143:de141dca51e279a6cd13dd16fedd9777ca17dd68ffb80c4a5fef0a2b89ece21f:706:58	results/143.json.gz
143	std::remove_reference_t	41	DEPENDENT_OR_LOCAL_NAMES: fastmathFlags,prop	143:de141dca51e279a6cd13dd16fedd9777ca17dd68ffb80c4a5fef0a2b89ece21f:1661:54	results/143.json.gz
143	std::remove_reference_t	2	DEPENDENT_OR_LOCAL_NAMES: is_zero_poison,prop	143:de141dca51e279a6cd13dd16fedd9777ca17dd68ffb80c4a5fef0a2b89ece21f:3921:55	results/143.json.gz
143	std::remove_reference_t	2	DEPENDENT_OR_LOCAL_NAMES: prop,varInfo	143:de141dca51e279a6cd13dd16fedd9777ca17dd68ffb80c4a5fef0a2b89ece21f:4617:48	results/143.json.gz
143	std::remove_reference_t	1	DEPENDENT_OR_LOCAL_NAMES: label,prop	143:de141dca51e279a6cd13dd16fedd9777ca17dd68ffb80c4a5fef0a2b89ece21f:4877:46	results/143.json.gz
143	std::remove_reference_t	1	DEPENDENT_OR_LOCAL_NAMES: prob,prop	143:de141dca51e279a6cd13dd16fedd9777ca17dd68ffb80c4a5fef0a2b89ece21f:6573:45	results/143.json.gz
143	std::remove_reference_t	1	DEPENDENT_OR_LOCAL_NAMES: bit,prop	143:de141dca51e279a6cd13dd16fedd9777ca17dd68ffb80c4a5fef0a2b89ece21f:10061:44	results/143.json.gz
143	std::remove_reference_t	3	DEPENDENT_OR_LOCAL_NAMES: prop,size	143:de141dca51e279a6cd13dd16fedd9777ca17dd68ffb80c4a5fef0a2b89ece21f:10310:45	results/143.json.gz
143	std::remove_reference_t	16	DEPENDENT_OR_LOCAL_NAMES: alignment,prop	143:de141dca51e279a6cd13dd16fedd9777ca17dd68ffb80c4a5fef0a2b89ece21f:12629:50	results/143.json.gz
143	std::remove_reference_t	4	DEPENDENT_OR_LOCAL_NAMES: columns,prop	143:de141dca51e279a6cd13dd16fedd9777ca17dd68ffb80c4a5fef0a2b89ece21f:13433:48	results/143.json.gz
143	std::remove_reference_t	8	DEPENDENT_OR_LOCAL_NAMES: isVolatile,prop	143:de141dca51e279a6cd13dd16fedd9777ca17dd68ffb80c4a5fef0a2b89ece21f:13438:51	results/143.json.gz
143	std::remove_reference_t	4	DEPENDENT_OR_LOCAL_NAMES: prop,rows	143:de141dca51e279a6cd13dd16fedd9777ca17dd68ffb80c4a5fef0a2b89ece21f:13443:45	results/143.json.gz
143	std::remove_reference_t	2	DEPENDENT_OR_LOCAL_NAMES: lhs_columns,prop	143:de141dca51e279a6cd13dd16fedd9777ca17dd68ffb80c4a5fef0a2b89ece21f:14575:52	results/143.json.gz
143	std::remove_reference_t	2	DEPENDENT_OR_LOCAL_NAMES: lhs_rows,prop	143:de141dca51e279a6cd13dd16fedd9777ca17dd68ffb80c4a5fef0a2b89ece21f:14580:49	results/143.json.gz
143	std::remove_reference_t	2	DEPENDENT_OR_LOCAL_NAMES: prop,rhs_columns	143:de141dca51e279a6cd13dd16fedd9777ca17dd68ffb80c4a5fef0a2b89ece21f:14585:52	results/143.json.gz
143	std::remove_reference_t	9	DEPENDENT_OR_LOCAL_NAMES: access_groups,prop	143:de141dca51e279a6cd13dd16fedd9777ca17dd68ffb80c4a5fef0a2b89ece21f:16442:54	results/143.json.gz
143	std::remove_reference_t	16	DEPENDENT_OR_LOCAL_NAMES: alias_scopes,prop	143:de141dca51e279a6cd13dd16fedd9777ca17dd68ffb80c4a5fef0a2b89ece21f:16447:53	results/143.json.gz
143	std::remove_reference_t	1	DEPENDENT_OR_LOCAL_NAMES: len,prop	143:de141dca51e279a6cd13dd16fedd9777ca17dd68ffb80c4a5fef0a2b89ece21f:16457:44	results/143.json.gz
143	std::remove_reference_t	16	DEPENDENT_OR_LOCAL_NAMES: noalias_scopes,prop	143:de141dca51e279a6cd13dd16fedd9777ca17dd68ffb80c4a5fef0a2b89ece21f:16462:55	results/143.json.gz
143	std::remove_reference_t	16	DEPENDENT_OR_LOCAL_NAMES: prop,tbaa	143:de141dca51e279a6cd13dd16fedd9777ca17dd68ffb80c4a5fef0a2b89ece21f:16467:45	results/143.json.gz
143	std::remove_reference_t	1	DEPENDENT_OR_LOCAL_NAMES: prop,scope	143:de141dca51e279a6cd13dd16fedd9777ca17dd68ffb80c4a5fef0a2b89ece21f:20112:46	results/143.json.gz
143	std::remove_reference_t	4	DEPENDENT_OR_LOCAL_NAMES: cache,prop	143:de141dca51e279a6cd13dd16fedd9777ca17dd68ffb80c4a5fef0a2b89ece21f:21139:46	results/143.json.gz
143	std::remove_reference_t	1	DEPENDENT_OR_LOCAL_NAMES: hint,prop	143:de141dca51e279a6cd13dd16fedd9777ca17dd68ffb80c4a5fef0a2b89ece21f:21144:45	results/143.json.gz
143	std::remove_reference_t	1	DEPENDENT_OR_LOCAL_NAMES: prop,rw	143:de141dca51e279a6cd13dd16fedd9777ca17dd68ffb80c4a5fef0a2b89ece21f:21149:43	results/143.json.gz
143	std::remove_reference_t	1	DEPENDENT_OR_LOCAL_NAMES: failureKind,prop	143:de141dca51e279a6cd13dd16fedd9777ca17dd68ffb80c4a5fef0a2b89ece21f:25970:52	results/143.json.gz
143	std::remove_reference_t	4	DEPENDENT_OR_LOCAL_NAMES: pos,prop	143:de141dca51e279a6cd13dd16fedd9777ca17dd68ffb80c4a5fef0a2b89ece21f:37058:44	results/143.json.gz
143	std::remove_reference_t	1	DEPENDENT_OR_LOCAL_NAMES: global_name,prop	143:649e01e62692f0e8c6d666cdd326dd3e5a1ddde716290303e843cd9e2647c653:1593:52	results/143.json.gz
143	std::remove_reference_t	2	DEPENDENT_OR_LOCAL_NAMES: elem_type,prop	143:649e01e62692f0e8c6d666cdd326dd3e5a1ddde716290303e843cd9e2647c653:1982:50	results/143.json.gz
143	std::remove_reference_t	1	DEPENDENT_OR_LOCAL_NAMES: inalloca,prop	143:649e01e62692f0e8c6d666cdd326dd3e5a1ddde716290303e843cd9e2647c653:1987:49	results/143.json.gz
143	std::remove_reference_t	1	DEPENDENT_OR_LOCAL_NAMES: failure_ordering,prop	143:649e01e62692f0e8c6d666cdd326dd3e5a1ddde716290303e843cd9e2647c653:3070:57	results/143.json.gz
143	std::remove_reference_t	1	DEPENDENT_OR_LOCAL_NAMES: prop,success_ordering	143:649e01e62692f0e8c6d666cdd326dd3e5a1ddde716290303e843cd9e2647c653:3080:57	results/143.json.gz
143	std::remove_reference_t	5	DEPENDENT_OR_LOCAL_NAMES: prop,syncscope	143:649e01e62692f0e8c6d666cdd326dd3e5a1ddde716290303e843cd9e2647c653:3085:50	results/143.json.gz
143	std::remove_reference_t	4	DEPENDENT_OR_LOCAL_NAMES: prop,volatile_	143:649e01e62692f0e8c6d666cdd326dd3e5a1ddde716290303e843cd9e2647c653:3095:50	results/143.json.gz
143	std::remove_reference_t	1	DEPENDENT_OR_LOCAL_NAMES: prop,weak	143:649e01e62692f0e8c6d666cdd326dd3e5a1ddde716290303e843cd9e2647c653:3100:45	results/143.json.gz
143	std::remove_reference_t	1	DEPENDENT_OR_LOCAL_NAMES: bin_op,prop	143:649e01e62692f0e8c6d666cdd326dd3e5a1ddde716290303e843cd9e2647c653:4530:47	results/143.json.gz
143	std::remove_reference_t	4	DEPENDENT_OR_LOCAL_NAMES: ordering,prop	143:649e01e62692f0e8c6d666cdd326dd3e5a1ddde716290303e843cd9e2647c653:4540:49	results/143.json.gz
143	std::remove_reference_t	2	DEPENDENT_OR_LOCAL_NAMES: loop_annotation,prop	143:649e01e62692f0e8c6d666cdd326dd3e5a1ddde716290303e843cd9e2647c653:5720:56	results/143.json.gz
143	std::remove_reference_t	1	DEPENDENT_OR_LOCAL_NAMES: intrin,prop	143:649e01e62692f0e8c6d666cdd326dd3e5a1ddde716290303e843cd9e2647c653:6122:47	results/143.json.gz
143	std::remove_reference_t	4	DEPENDENT_OR_LOCAL_NAMES: branch_weights,prop	143:649e01e62692f0e8c6d666cdd326dd3e5a1ddde716290303e843cd9e2647c653:6849:55	results/143.json.gz
143	std::remove_reference_t	2	DEPENDENT_OR_LOCAL_NAMES: callee_type,prop	143:649e01e62692f0e8c6d666cdd326dd3e5a1ddde716290303e843cd9e2647c653:6859:52	results/143.json.gz
143	std::remove_reference_t	3	DEPENDENT_OR_LOCAL_NAMES: comdat,prop	143:649e01e62692f0e8c6d666cdd326dd3e5a1ddde716290303e843cd9e2647c653:7760:47	results/143.json.gz
143	std::remove_reference_t	2	DEPENDENT_OR_LOCAL_NAMES: position,prop	143:649e01e62692f0e8c6d666cdd326dd3e5a1ddde716290303e843cd9e2647c653:9255:49	results/143.json.gz
143	std::remove_reference_t	2	DEPENDENT_OR_LOCAL_NAMES: inbounds,prop	143:649e01e62692f0e8c6d666cdd326dd3e5a1ddde716290303e843cd9e2647c653:13925:49	results/143.json.gz
143	std::remove_reference_t	1	DEPENDENT_OR_LOCAL_NAMES: prop,rawConstantIndices	143:649e01e62692f0e8c6d666cdd326dd3e5a1ddde716290303e843cd9e2647c653:13930:59	results/143.json.gz
143	std::remove_reference_t	1	DEPENDENT_OR_LOCAL_NAMES: ctors,prop	143:649e01e62692f0e8c6d666cdd326dd3e5a1ddde716290303e843cd9e2647c653:14362:46	results/143.json.gz
143	std::remove_reference_t	2	DEPENDENT_OR_LOCAL_NAMES: priorities,prop	143:649e01e62692f0e8c6d666cdd326dd3e5a1ddde716290303e843cd9e2647c653:14367:51	results/143.json.gz
143	std::remove_reference_t	1	DEPENDENT_OR_LOCAL_NAMES: dtors,prop	143:649e01e62692f0e8c6d666cdd326dd3e5a1ddde716290303e843cd9e2647c653:14663:46	results/143.json.gz
143	std::remove_reference_t	1	DEPENDENT_OR_LOCAL_NAMES: addr_space,prop	143:649e01e62692f0e8c6d666cdd326dd3e5a1ddde716290303e843cd9e2647c653:15473:51	results/143.json.gz
143	std::remove_reference_t	2	DEPENDENT_OR_LOCAL_NAMES: constant,prop	143:649e01e62692f0e8c6d666cdd326dd3e5a1ddde716290303e843cd9e2647c653:15488:49	results/143.json.gz
143	std::remove_reference_t	2	DEPENDENT_OR_LOCAL_NAMES: dso_local,prop	143:649e01e62692f0e8c6d666cdd326dd3e5a1ddde716290303e843cd9e2647c653:15493:50	results/143.json.gz
143	std::remove_reference_t	1	DEPENDENT_OR_LOCAL_NAMES: global_type,prop	143:649e01e62692f0e8c6d666cdd326dd3e5a1ddde716290303e843cd9e2647c653:15498:52	results/143.json.gz
143	std::remove_reference_t	2	DEPENDENT_OR_LOCAL_NAMES: linkage,prop	143:649e01e62692f0e8c6d666cdd326dd3e5a1ddde716290303e843cd9e2647c653:15503:48	results/143.json.gz
143	std::remove_reference_t	2	DEPENDENT_OR_LOCAL_NAMES: prop,section	143:649e01e62692f0e8c6d666cdd326dd3e5a1ddde716290303e843cd9e2647c653:15508:48	results/143.json.gz
143	std::remove_reference_t	1	DEPENDENT_OR_LOCAL_NAMES: prop,thread_local_	143:649e01e62692f0e8c6d666cdd326dd3e5a1ddde716290303e843cd9e2647c653:15518:54	results/143.json.gz
143	std::remove_reference_t	2	DEPENDENT_OR_LOCAL_NAMES: prop,unnamed_addr	143:649e01e62692f0e8c6d666cdd326dd3e5a1ddde716290303e843cd9e2647c653:15523:53	results/143.json.gz
143	std::remove_reference_t	2	DEPENDENT_OR_LOCAL_NAMES: prop,visibility_	143:649e01e62692f0e8c6d666cdd326dd3e5a1ddde716290303e843cd9e2647c653:15533:52	results/143.json.gz
143	std::remove_reference_t	1	DEPENDENT_OR_LOCAL_NAMES: asm_dialect,prop	143:649e01e62692f0e8c6d666cdd326dd3e5a1ddde716290303e843cd9e2647c653:16973:52	results/143.json.gz
143	std::remove_reference_t	1	DEPENDENT_OR_LOCAL_NAMES: asm_string,prop	143:649e01e62692f0e8c6d666cdd326dd3e5a1ddde716290303e843cd9e2647c653:16978:51	results/143.json.gz
143	std::remove_reference_t	1	DEPENDENT_OR_LOCAL_NAMES: constraints,prop	143:649e01e62692f0e8c6d666cdd326dd3e5a1ddde716290303e843cd9e2647c653:16983:52	results/143.json.gz
143	std::remove_reference_t	1	DEPENDENT_OR_LOCAL_NAMES: has_side_effects,prop	143:649e01e62692f0e8c6d666cdd326dd3e5a1ddde716290303e843cd9e2647c653:16988:57	results/143.json.gz
143	std::remove_reference_t	1	DEPENDENT_OR_LOCAL_NAMES: is_align_stack,prop	143:649e01e62692f0e8c6d666cdd326dd3e5a1ddde716290303e843cd9e2647c653:16993:55	results/143.json.gz
143	std::remove_reference_t	1	DEPENDENT_OR_LOCAL_NAMES: operand_attrs,prop	143:649e01e62692f0e8c6d666cdd326dd3e5a1ddde716290303e843cd9e2647c653:16998:54	results/143.json.gz
143	std::remove_reference_t	1	DEPENDENT_OR_LOCAL_NAMES: CConv,prop	143:649e01e62692f0e8c6d666cdd326dd3e5a1ddde716290303e843cd9e2647c653:20004:46	results/143.json.gz
143	std::remove_reference_t	1	DEPENDENT_OR_LOCAL_NAMES: arm_locally_streaming,prop	143:649e01e62692f0e8c6d666cdd326dd3e5a1ddde716290303e843cd9e2647c653:20019:62	results/143.json.gz
143	std::remove_reference_t	1	DEPENDENT_OR_LOCAL_NAMES: arm_streaming,prop	143:649e01e62692f0e8c6d666cdd326dd3e5a1ddde716290303e843cd9e2647c653:20024:54	results/143.json.gz
143	std::remove_reference_t	1	DEPENDENT_OR_LOCAL_NAMES: function_entry_count,prop	143:649e01e62692f0e8c6d666cdd326dd3e5a1ddde716290303e843cd9e2647c653:20039:61	results/143.json.gz
143	std::remove_reference_t	1	DEPENDENT_OR_LOCAL_NAMES: garbageCollector,prop	143:649e01e62692f0e8c6d666cdd326dd3e5a1ddde716290303e843cd9e2647c653:20049:57	results/143.json.gz
143	std::remove_reference_t	1	DEPENDENT_OR_LOCAL_NAMES: memory,prop	143:649e01e62692f0e8c6d666cdd326dd3e5a1ddde716290303e843cd9e2647c653:20059:47	results/143.json.gz
143	std::remove_reference_t	1	DEPENDENT_OR_LOCAL_NAMES: passthrough,prop	143:649e01e62692f0e8c6d666cdd326dd3e5a1ddde716290303e843cd9e2647c653:20064:52	results/143.json.gz
143	std::remove_reference_t	1	DEPENDENT_OR_LOCAL_NAMES: personality,prop	143:649e01e62692f0e8c6d666cdd326dd3e5a1ddde716290303e843cd9e2647c653:20069:52	results/143.json.gz
143	std::remove_reference_t	1	DEPENDENT_OR_LOCAL_NAMES: prop,vscale_range	143:649e01e62692f0e8c6d666cdd326dd3e5a1ddde716290303e843cd9e2647c653:20104:53	results/143.json.gz
143	std::remove_reference_t	1	DEPENDENT_OR_LOCAL_NAMES: cleanup,prop	143:649e01e62692f0e8c6d666cdd326dd3e5a1ddde716290303e843cd9e2647c653:21356:48	results/143.json.gz
143	std::remove_reference_t	4	DEPENDENT_OR_LOCAL_NAMES: nontemporal,prop	143:649e01e62692f0e8c6d666cdd326dd3e5a1ddde716290303e843cd9e2647c653:22012:52	results/143.json.gz
143	std::remove_reference_t	2	DEPENDENT_OR_LOCAL_NAMES: mask,prop	143:649e01e62692f0e8c6d666cdd326dd3e5a1ddde716290303e843cd9e2647c653:25699:45	results/143.json.gz
143	std::remove_reference_t	1	DEPENDENT_OR_LOCAL_NAMES: modifier,prop	143:8f53af5e64fe952416c4b3869707c5eb50f8ed9d6bb3623bf33e9d82223e3447:3790:49	results/143.json.gz
143	std::remove_reference_t	2	DEPENDENT_OR_LOCAL_NAMES: num,prop	143:8f53af5e64fe952416c4b3869707c5eb50f8ed9d6bb3623bf33e9d82223e3447:5623:44	results/143.json.gz
143	std::remove_reference_t	1	DEPENDENT_OR_LOCAL_NAMES: b1Op,prop	143:8f53af5e64fe952416c4b3869707c5eb50f8ed9d6bb3623bf33e9d82223e3447:8719:45	results/143.json.gz
143	std::remove_reference_t	1	DEPENDENT_OR_LOCAL_NAMES: intOverflowBehavior,prop	143:8f53af5e64fe952416c4b3869707c5eb50f8ed9d6bb3623bf33e9d82223e3447:8724:60	results/143.json.gz
143	std::remove_reference_t	3	DEPENDENT_OR_LOCAL_NAMES: layoutA,prop	143:8f53af5e64fe952416c4b3869707c5eb50f8ed9d6bb3623bf33e9d82223e3447:8729:48	results/143.json.gz
143	std::remove_reference_t	3	DEPENDENT_OR_LOCAL_NAMES: layoutB,prop	143:8f53af5e64fe952416c4b3869707c5eb50f8ed9d6bb3623bf33e9d82223e3447:8734:48	results/143.json.gz
143	std::remove_reference_t	1	DEPENDENT_OR_LOCAL_NAMES: multiplicandAPtxType,prop	143:8f53af5e64fe952416c4b3869707c5eb50f8ed9d6bb3623bf33e9d82223e3447:8739:61	results/143.json.gz
143	std::remove_reference_t	1	DEPENDENT_OR_LOCAL_NAMES: multiplicandBPtxType,prop	143:8f53af5e64fe952416c4b3869707c5eb50f8ed9d6bb3623bf33e9d82223e3447:8744:61	results/143.json.gz
143	std::remove_reference_t	3	DEPENDENT_OR_LOCAL_NAMES: prop,shape	143:8f53af5e64fe952416c4b3869707c5eb50f8ed9d6bb3623bf33e9d82223e3447:8749:46	results/143.json.gz
143	std::remove_reference_t	1	DEPENDENT_OR_LOCAL_NAMES: prop,return_value_and_is_valid	143:8f53af5e64fe952416c4b3869707c5eb50f8ed9d6bb3623bf33e9d82223e3447:9953:66	results/143.json.gz
143	std::remove_reference_t	2	DEPENDENT_OR_LOCAL_NAMES: eltype,prop	143:8f53af5e64fe952416c4b3869707c5eb50f8ed9d6bb3623bf33e9d82223e3447:11302:47	results/143.json.gz
143	std::remove_reference_t	1	DEPENDENT_OR_LOCAL_NAMES: frag,prop	143:8f53af5e64fe952416c4b3869707c5eb50f8ed9d6bb3623bf33e9d82223e3447:11307:45	results/143.json.gz
143	std::remove_reference_t	1	DEPENDENT_OR_LOCAL_NAMES: eltypeA,prop	143:8f53af5e64fe952416c4b3869707c5eb50f8ed9d6bb3623bf33e9d82223e3447:12136:48	results/143.json.gz
143	std::remove_reference_t	1	DEPENDENT_OR_LOCAL_NAMES: eltypeB,prop	143:8f53af5e64fe952416c4b3869707c5eb50f8ed9d6bb3623bf33e9d82223e3447:12141:48	results/143.json.gz
143	std::remove_reference_t	1	DEPENDENT_OR_LOCAL_NAMES: prop,satfinite	143:8f53af5e64fe952416c4b3869707c5eb50f8ed9d6bb3623bf33e9d82223e3447:14121:50	results/143.json.gz
143	std::remove_reference_t	1	DEPENDENT_OR_LOCAL_NAMES: prop,scaleA	143:8f53af5e64fe952416c4b3869707c5eb50f8ed9d6bb3623bf33e9d82223e3447:14126:47	results/143.json.gz
143	std::remove_reference_t	1	DEPENDENT_OR_LOCAL_NAMES: prop,scaleB	143:8f53af5e64fe952416c4b3869707c5eb50f8ed9d6bb3623bf33e9d82223e3447:14131:47	results/143.json.gz
143	std::remove_reference_t	1	DEPENDENT_OR_LOCAL_NAMES: prop,scaleD	143:8f53af5e64fe952416c4b3869707c5eb50f8ed9d6bb3623bf33e9d82223e3447:14136:47	results/143.json.gz
143	std::remove_reference_t	1	DEPENDENT_OR_LOCAL_NAMES: prop,typeA	143:8f53af5e64fe952416c4b3869707c5eb50f8ed9d6bb3623bf33e9d82223e3447:14146:46	results/143.json.gz
143	std::remove_reference_t	1	DEPENDENT_OR_LOCAL_NAMES: prop,typeB	143:8f53af5e64fe952416c4b3869707c5eb50f8ed9d6bb3623bf33e9d82223e3447:14151:46	results/143.json.gz
143	std::remove_reference_t	1	DEPENDENT_OR_LOCAL_NAMES: group,prop	143:8f53af5e64fe952416c4b3869707c5eb50f8ed9d6bb3623bf33e9d82223e3447:14961:46	results/143.json.gz
143	std::remove_reference_t	3	DEPENDENT_OR_LOCAL_NAMES: dim,prop	143:c6e5a01f92c764a761bff93af064c7ffabd1ac23b5b500deecb9176d1059743e:223:44	results/143.json.gz
143	std::remove_reference_t	2	DEPENDENT_OR_LOCAL_NAMES: dimensions,prop	143:44b2e2d93bcf3a715464d063353330da7e10d502f2291fb46711ee105cc9f146:2768:51	results/143.json.gz
143	std::remove_reference_t	39	DEPENDENT_OR_LOCAL_NAMES: dilations,prop	143:44b2e2d93bcf3a715464d063353330da7e10d502f2291fb46711ee105cc9f146:3406:50	results/143.json.gz
143	std::remove_reference_t	41	DEPENDENT_OR_LOCAL_NAMES: prop,strides	143:44b2e2d93bcf3a715464d063353330da7e10d502f2291fb46711ee105cc9f146:3411:48	results/143.json.gz
143	std::remove_reference_t	6	DEPENDENT_OR_LOCAL_NAMES: cast,prop	143:44b2e2d93bcf3a715464d063353330da7e10d502f2291fb46711ee105cc9f146:9366:45	results/143.json.gz
143	std::remove_reference_t	2	DEPENDENT_OR_LOCAL_NAMES: fun,prop	143:44b2e2d93bcf3a715464d063353330da7e10d502f2291fb46711ee105cc9f146:15810:44	results/143.json.gz
143	std::remove_reference_t	1	DEPENDENT_OR_LOCAL_NAMES: doc,prop	143:44b2e2d93bcf3a715464d063353330da7e10d502f2291fb46711ee105cc9f146:17981:44	results/143.json.gz
143	std::remove_reference_t	2	DEPENDENT_OR_LOCAL_NAMES: indexing_maps,prop	143:44b2e2d93bcf3a715464d063353330da7e10d502f2291fb46711ee105cc9f146:17986:54	results/143.json.gz
143	std::remove_reference_t	2	DEPENDENT_OR_LOCAL_NAMES: iterator_types,prop	143:44b2e2d93bcf3a715464d063353330da7e10d502f2291fb46711ee105cc9f146:17991:55	results/143.json.gz
143	std::remove_reference_t	1	DEPENDENT_OR_LOCAL_NAMES: library_call,prop	143:44b2e2d93bcf3a715464d063353330da7e10d502f2291fb46711ee105cc9f146:17996:53	results/143.json.gz
143	std::remove_reference_t	2	DEPENDENT_OR_LOCAL_NAMES: permutation,prop	143:44b2e2d93bcf3a715464d063353330da7e10d502f2291fb46711ee105cc9f146:30894:52	results/143.json.gz
143	std::remove_reference_t	5	DEPENDENT_OR_LOCAL_NAMES: global,prop	143:05217bf5a35ee74e615eb2290db942d96fbb1aa9b3a155c0620985ee857cc5ce:915:47	results/143.json.gz
143	std::remove_reference_t	1	DEPENDENT_OR_LOCAL_NAMES: is_mutable,prop	143:05217bf5a35ee74e615eb2290db942d96fbb1aa9b3a155c0620985ee857cc5ce:1969:51	results/143.json.gz
143	std::remove_reference_t	7	DEPENDENT_OR_LOCAL_NAMES: prop,type	143:05217bf5a35ee74e615eb2290db942d96fbb1aa9b3a155c0620985ee857cc5ce:1984:45	results/143.json.gz
143	std::remove_reference_t	4	DEPENDENT_OR_LOCAL_NAMES: prop,reassociation	143:db7a3f0ec89c207b3eea6bb34ca8124f638d1c19b8d884a1d897e8d4d857f033:3785:54	results/143.json.gz
143	std::remove_reference_t	32	DEPENDENT_OR_LOCAL_NAMES: name,prop	143:db7a3f0ec89c207b3eea6bb34ca8124f638d1c19b8d884a1d897e8d4d857f033:5652:45	results/143.json.gz
143	std::remove_reference_t	1	DEPENDENT_OR_LOCAL_NAMES: initial_value,prop	143:db7a3f0ec89c207b3eea6bb34ca8124f638d1c19b8d884a1d897e8d4d857f033:6162:54	results/143.json.gz
143	std::remove_reference_t	6	DEPENDENT_OR_LOCAL_NAMES: prop,static_offsets	143:db7a3f0ec89c207b3eea6bb34ca8124f638d1c19b8d884a1d897e8d4d857f033:8118:55	results/143.json.gz
143	std::remove_reference_t	6	DEPENDENT_OR_LOCAL_NAMES: prop,static_sizes	143:db7a3f0ec89c207b3eea6bb34ca8124f638d1c19b8d884a1d897e8d4d857f033:8123:53	results/143.json.gz
143	std::remove_reference_t	6	DEPENDENT_OR_LOCAL_NAMES: prop,static_strides	143:db7a3f0ec89c207b3eea6bb34ca8124f638d1c19b8d884a1d897e8d4d857f033:8128:55	results/143.json.gz
143	std::remove_reference_t	1	DEPENDENT_OR_LOCAL_NAMES: bypassL1,prop	143:d0d6d4aab3f74f2a713670df3eaaceb769b5599ec32b151b491268045915710b:492:49	results/143.json.gz
143	std::remove_reference_t	1	DEPENDENT_OR_LOCAL_NAMES: dstElements,prop	143:d0d6d4aab3f74f2a713670df3eaaceb769b5599ec32b151b491268045915710b:497:52	results/143.json.gz
143	std::remove_reference_t	1	DEPENDENT_OR_LOCAL_NAMES: numGroups,prop	143:d0d6d4aab3f74f2a713670df3eaaceb769b5599ec32b151b491268045915710b:1216:50	results/143.json.gz
143	std::remove_reference_t	1	DEPENDENT_OR_LOCAL_NAMES: numTiles,prop	143:d0d6d4aab3f74f2a713670df3eaaceb769b5599ec32b151b491268045915710b:1568:49	results/143.json.gz
143	std::remove_reference_t	2	DEPENDENT_OR_LOCAL_NAMES: mmaShape,prop	143:d0d6d4aab3f74f2a713670df3eaaceb769b5599ec32b151b491268045915710b:3557:49	results/143.json.gz
143	std::remove_reference_t	1	DEPENDENT_OR_LOCAL_NAMES: prop,sparsitySelector	143:d0d6d4aab3f74f2a713670df3eaaceb769b5599ec32b151b491268045915710b:3562:57	results/143.json.gz
143	std::remove_reference_t	2	DEPENDENT_OR_LOCAL_NAMES: prop,tf32Enabled	143:d0d6d4aab3f74f2a713670df3eaaceb769b5599ec32b151b491268045915710b:3567:52	results/143.json.gz
143	std::remove_reference_t	1	DEPENDENT_OR_LOCAL_NAMES: prop,transposeA	143:d0d6d4aab3f74f2a713670df3eaaceb769b5599ec32b151b491268045915710b:5624:51	results/143.json.gz
143	std::remove_reference_t	1	DEPENDENT_OR_LOCAL_NAMES: prop,transposeB	143:d0d6d4aab3f74f2a713670df3eaaceb769b5599ec32b151b491268045915710b:5629:51	results/143.json.gz
143	std::remove_reference_t	1	DEPENDENT_OR_LOCAL_NAMES: prop,waitGroup	143:d0d6d4aab3f74f2a713670df3eaaceb769b5599ec32b151b491268045915710b:5634:50	results/143.json.gz
143	std::remove_reference_t	2	DEPENDENT_OR_LOCAL_NAMES: element_type,prop	143:d01fc6a7145520690578f127a42d21444b87fc5fc581e0120e4af8b626713a64:579:53	results/143.json.gz
143	std::remove_reference_t	19	DEPENDENT_OR_LOCAL_NAMES: dataClause,prop	143:d01fc6a7145520690578f127a42d21444b87fc5fc581e0120e4af8b626713a64:1487:51	results/143.json.gz
143	std::remove_reference_t	21	DEPENDENT_OR_LOCAL_NAMES: implicit,prop	143:d01fc6a7145520690578f127a42d21444b87fc5fc581e0120e4af8b626713a64:1492:49	results/143.json.gz
143	std::remove_reference_t	19	DEPENDENT_OR_LOCAL_NAMES: prop,structured	143:d01fc6a7145520690578f127a42d21444b87fc5fc581e0120e4af8b626713a64:1502:51	results/143.json.gz
143	std::remove_reference_t	1	DEPENDENT_OR_LOCAL_NAMES: prop,strideInBytes	143:d01fc6a7145520690578f127a42d21444b87fc5fc581e0120e4af8b626713a64:5687:54	results/143.json.gz
143	std::remove_reference_t	4	DEPENDENT_OR_LOCAL_NAMES: asyncAttr,prop	143:d01fc6a7145520690578f127a42d21444b87fc5fc581e0120e4af8b626713a64:6568:50	results/143.json.gz
143	std::remove_reference_t	4	DEPENDENT_OR_LOCAL_NAMES: defaultAttr,prop	143:d01fc6a7145520690578f127a42d21444b87fc5fc581e0120e4af8b626713a64:6573:52	results/143.json.gz
143	std::remove_reference_t	4	DEPENDENT_OR_LOCAL_NAMES: prop,waitAttr	143:d01fc6a7145520690578f127a42d21444b87fc5fc581e0120e4af8b626713a64:6578:49	results/143.json.gz
143	std::remove_reference_t	4	DEPENDENT_OR_LOCAL_NAMES: async,prop	143:d01fc6a7145520690578f127a42d21444b87fc5fc581e0120e4af8b626713a64:12285:46	results/143.json.gz
143	std::remove_reference_t	3	DEPENDENT_OR_LOCAL_NAMES: prop,wait	143:d01fc6a7145520690578f127a42d21444b87fc5fc581e0120e4af8b626713a64:12290:45	results/143.json.gz
143	std::remove_reference_t	1	DEPENDENT_OR_LOCAL_NAMES: finalize,prop	143:d01fc6a7145520690578f127a42d21444b87fc5fc581e0120e4af8b626713a64:13154:49	results/143.json.gz
143	std::remove_reference_t	2	DEPENDENT_OR_LOCAL_NAMES: ifPresent,prop	143:d01fc6a7145520690578f127a42d21444b87fc5fc581e0120e4af8b626713a64:16668:50	results/143.json.gz
143	std::remove_reference_t	3	DEPENDENT_OR_LOCAL_NAMES: prop,selfAttr	143:d01fc6a7145520690578f127a42d21444b87fc5fc581e0120e4af8b626713a64:17815:49	results/143.json.gz
143	std::remove_reference_t	1	DEPENDENT_OR_LOCAL_NAMES: auto_,prop	143:d01fc6a7145520690578f127a42d21444b87fc5fc581e0120e4af8b626713a64:19339:46	results/143.json.gz
143	std::remove_reference_t	1	DEPENDENT_OR_LOCAL_NAMES: collapse,prop	143:d01fc6a7145520690578f127a42d21444b87fc5fc581e0120e4af8b626713a64:19344:49	results/143.json.gz
143	std::remove_reference_t	1	DEPENDENT_OR_LOCAL_NAMES: hasGang,prop	143:d01fc6a7145520690578f127a42d21444b87fc5fc581e0120e4af8b626713a64:19349:48	results/143.json.gz
143	std::remove_reference_t	1	DEPENDENT_OR_LOCAL_NAMES: hasVector,prop	143:d01fc6a7145520690578f127a42d21444b87fc5fc581e0120e4af8b626713a64:19354:50	results/143.json.gz
143	std::remove_reference_t	1	DEPENDENT_OR_LOCAL_NAMES: hasWorker,prop	143:d01fc6a7145520690578f127a42d21444b87fc5fc581e0120e4af8b626713a64:19359:50	results/143.json.gz
143	std::remove_reference_t	1	DEPENDENT_OR_LOCAL_NAMES: independent,prop	143:d01fc6a7145520690578f127a42d21444b87fc5fc581e0120e4af8b626713a64:19364:52	results/143.json.gz
143	std::remove_reference_t	3	DEPENDENT_OR_LOCAL_NAMES: privatizations,prop	143:d01fc6a7145520690578f127a42d21444b87fc5fc581e0120e4af8b626713a64:19369:55	results/143.json.gz
143	std::remove_reference_t	3	DEPENDENT_OR_LOCAL_NAMES: prop,reductionRecipes	143:d01fc6a7145520690578f127a42d21444b87fc5fc581e0120e4af8b626713a64:19374:57	results/143.json.gz
143	std::remove_reference_t	2	DEPENDENT_OR_LOCAL_NAMES: prop,seq	143:d01fc6a7145520690578f127a42d21444b87fc5fc581e0120e4af8b626713a64:19379:44	results/143.json.gz
143	std::remove_reference_t	2	DEPENDENT_OR_LOCAL_NAMES: firstprivatizations,prop	143:d01fc6a7145520690578f127a42d21444b87fc5fc581e0120e4af8b626713a64:21820:60	results/143.json.gz
143	std::remove_reference_t	1	DEPENDENT_OR_LOCAL_NAMES: prop,reductionOperator	143:d01fc6a7145520690578f127a42d21444b87fc5fc581e0120e4af8b626713a64:26215:58	results/143.json.gz
143	std::remove_reference_t	1	DEPENDENT_OR_LOCAL_NAMES: bind_name,prop	143:d01fc6a7145520690578f127a42d21444b87fc5fc581e0120e4af8b626713a64:27026:50	results/143.json.gz
143	std::remove_reference_t	1	DEPENDENT_OR_LOCAL_NAMES: func_name,prop	143:d01fc6a7145520690578f127a42d21444b87fc5fc581e0120e4af8b626713a64:27031:50	results/143.json.gz
143	std::remove_reference_t	1	DEPENDENT_OR_LOCAL_NAMES: gang,prop	143:d01fc6a7145520690578f127a42d21444b87fc5fc581e0120e4af8b626713a64:27036:45	results/143.json.gz
143	std::remove_reference_t	1	DEPENDENT_OR_LOCAL_NAMES: gangDim,prop	143:d01fc6a7145520690578f127a42d21444b87fc5fc581e0120e4af8b626713a64:27041:48	results/143.json.gz
143	std::remove_reference_t	1	DEPENDENT_OR_LOCAL_NAMES: nohost,prop	143:d01fc6a7145520690578f127a42d21444b87fc5fc581e0120e4af8b626713a64:27051:47	results/143.json.gz
143	std::remove_reference_t	1	DEPENDENT_OR_LOCAL_NAMES: prop,vector	143:d01fc6a7145520690578f127a42d21444b87fc5fc581e0120e4af8b626713a64:27066:47	results/143.json.gz
143	std::remove_reference_t	1	DEPENDENT_OR_LOCAL_NAMES: prop,worker	143:d01fc6a7145520690578f127a42d21444b87fc5fc581e0120e4af8b626713a64:27071:47	results/143.json.gz
143	std::remove_reference_t	5	DEPENDENT_OR_LOCAL_NAMES: hint_val,prop	143:fc873b3595a19d3cebc31544f6edada14ca12a8ebf67dd97280580bad9f5842c:615:49	results/143.json.gz
143	std::remove_reference_t	4	DEPENDENT_OR_LOCAL_NAMES: memory_order_val,prop	143:fc873b3595a19d3cebc31544f6edada14ca12a8ebf67dd97280580bad9f5842c:620:57	results/143.json.gz
143	std::remove_reference_t	2	DEPENDENT_OR_LOCAL_NAMES: cancellation_construct_type_val,prop	143:fc873b3595a19d3cebc31544f6edada14ca12a8ebf67dd97280580bad9f5842c:2808:72	results/143.json.gz
143	std::remove_reference_t	1	DEPENDENT_OR_LOCAL_NAMES: prop,stride_in_bytes	143:fc873b3595a19d3cebc31544f6edada14ca12a8ebf67dd97280580bad9f5842c:4109:56	results/143.json.gz
143	std::remove_reference_t	1	DEPENDENT_OR_LOCAL_NAMES: map_capture_type,prop	143:fc873b3595a19d3cebc31544f6edada14ca12a8ebf67dd97280580bad9f5842c:5160:57	results/143.json.gz
143	std::remove_reference_t	1	DEPENDENT_OR_LOCAL_NAMES: map_type,prop	143:fc873b3595a19d3cebc31544f6edada14ca12a8ebf67dd97280580bad9f5842c:5165:49	results/143.json.gz
143	std::remove_reference_t	1	DEPENDENT_OR_LOCAL_NAMES: depend_type_val,prop	143:fc873b3595a19d3cebc31544f6edada14ca12a8ebf67dd97280580bad9f5842c:6084:56	results/143.json.gz
143	std::remove_reference_t	1	DEPENDENT_OR_LOCAL_NAMES: num_loops_val,prop	143:fc873b3595a19d3cebc31544f6edada14ca12a8ebf67dd97280580bad9f5842c:6089:54	results/143.json.gz
143	std::remove_reference_t	1	DEPENDENT_OR_LOCAL_NAMES: prop,simd	143:fc873b3595a19d3cebc31544f6edada14ca12a8ebf67dd97280580bad9f5842c:6440:45	results/143.json.gz
143	std::remove_reference_t	1	DEPENDENT_OR_LOCAL_NAMES: proc_bind_val,prop	143:fc873b3595a19d3cebc31544f6edada14ca12a8ebf67dd97280580bad9f5842c:6866:54	results/143.json.gz
143	std::remove_reference_t	6	DEPENDENT_OR_LOCAL_NAMES: nowait,prop	143:fc873b3595a19d3cebc31544f6edada14ca12a8ebf67dd97280580bad9f5842c:8344:47	results/143.json.gz
143	std::remove_reference_t	1	DEPENDENT_OR_LOCAL_NAMES: alignment_values,prop	143:fc873b3595a19d3cebc31544f6edada14ca12a8ebf67dd97280580bad9f5842c:9131:57	results/143.json.gz
143	std::remove_reference_t	4	DEPENDENT_OR_LOCAL_NAMES: inclusive,prop	143:fc873b3595a19d3cebc31544f6edada14ca12a8ebf67dd97280580bad9f5842c:9136:50	results/143.json.gz
143	std::remove_reference_t	2	DEPENDENT_OR_LOCAL_NAMES: order_val,prop	143:fc873b3595a19d3cebc31544f6edada14ca12a8ebf67dd97280580bad9f5842c:9141:50	results/143.json.gz
143	std::remove_reference_t	1	DEPENDENT_OR_LOCAL_NAMES: prop,safelen	143:fc873b3595a19d3cebc31544f6edada14ca12a8ebf67dd97280580bad9f5842c:9146:48	results/143.json.gz
143	std::remove_reference_t	1	DEPENDENT_OR_LOCAL_NAMES: prop,simdlen	143:fc873b3595a19d3cebc31544f6edada14ca12a8ebf67dd97280580bad9f5842c:9151:48	results/143.json.gz
143	std::remove_reference_t	1	DEPENDENT_OR_LOCAL_NAMES: prop,task_reductions	143:fc873b3595a19d3cebc31544f6edada14ca12a8ebf67dd97280580bad9f5842c:12981:56	results/143.json.gz
143	std::remove_reference_t	2	DEPENDENT_OR_LOCAL_NAMES: in_reductions,prop	143:fc873b3595a19d3cebc31544f6edada14ca12a8ebf67dd97280580bad9f5842c:13784:54	results/143.json.gz
143	std::remove_reference_t	2	DEPENDENT_OR_LOCAL_NAMES: mergeable,prop	143:fc873b3595a19d3cebc31544f6edada14ca12a8ebf67dd97280580bad9f5842c:13794:50	results/143.json.gz
143	std::remove_reference_t	1	DEPENDENT_OR_LOCAL_NAMES: nogroup,prop	143:fc873b3595a19d3cebc31544f6edada14ca12a8ebf67dd97280580bad9f5842c:13799:48	results/143.json.gz
143	std::remove_reference_t	2	DEPENDENT_OR_LOCAL_NAMES: prop,untied	143:fc873b3595a19d3cebc31544f6edada14ca12a8ebf67dd97280580bad9f5842c:13809:47	results/143.json.gz
143	std::remove_reference_t	1	DEPENDENT_OR_LOCAL_NAMES: depends,prop	143:fc873b3595a19d3cebc31544f6edada14ca12a8ebf67dd97280580bad9f5842c:15258:48	results/143.json.gz
143	std::remove_reference_t	1	DEPENDENT_OR_LOCAL_NAMES: ordered_val,prop	143:fc873b3595a19d3cebc31544f6edada14ca12a8ebf67dd97280580bad9f5842c:17778:52	results/143.json.gz
143	std::remove_reference_t	1	DEPENDENT_OR_LOCAL_NAMES: prop,schedule_modifier	143:fc873b3595a19d3cebc31544f6edada14ca12a8ebf67dd97280580bad9f5842c:17788:58	results/143.json.gz
143	std::remove_reference_t	1	DEPENDENT_OR_LOCAL_NAMES: prop,schedule_val	143:fc873b3595a19d3cebc31544f6edada14ca12a8ebf67dd97280580bad9f5842c:17793:53	results/143.json.gz
143	std::remove_reference_t	1	DEPENDENT_OR_LOCAL_NAMES: prop,simd_modifier	143:fc873b3595a19d3cebc31544f6edada14ca12a8ebf67dd97280580bad9f5842c:17798:54	results/143.json.gz
143	std::remove_reference_t	2	DEPENDENT_OR_LOCAL_NAMES: isNegated,prop	143:42d674e316734819cee93e363f751161d2117a25c48c3c1345beb5b9cb017cba:479:50	results/143.json.gz
143	std::remove_reference_t	1	DEPENDENT_OR_LOCAL_NAMES: attributeValueNames,prop	143:42d674e316734819cee93e363f751161d2117a25c48c3c1345beb5b9cb017cba:2142:60	results/143.json.gz
143	std::remove_reference_t	1	DEPENDENT_OR_LOCAL_NAMES: opName,prop	143:42d674e316734819cee93e363f751161d2117a25c48c3c1345beb5b9cb017cba:2147:47	results/143.json.gz
143	std::remove_reference_t	2	DEPENDENT_OR_LOCAL_NAMES: benefit,prop	143:42d674e316734819cee93e363f751161d2117a25c48c3c1345beb5b9cb017cba:2649:48	results/143.json.gz
143	std::remove_reference_t	1	DEPENDENT_OR_LOCAL_NAMES: constantType,prop	143:42d674e316734819cee93e363f751161d2117a25c48c3c1345beb5b9cb017cba:4601:53	results/143.json.gz
143	std::remove_reference_t	1	DEPENDENT_OR_LOCAL_NAMES: constantTypes,prop	143:42d674e316734819cee93e363f751161d2117a25c48c3c1345beb5b9cb017cba:4865:54	results/143.json.gz
143	std::remove_reference_t	1	DEPENDENT_OR_LOCAL_NAMES: constantValue,prop	143:6f804b1acb9ce300d262591c643a131772d76405f828e34901e995d6200173d9:1658:54	results/143.json.gz
143	std::remove_reference_t	2	DEPENDENT_OR_LOCAL_NAMES: compareAtLeast,prop	143:6f804b1acb9ce300d262591c643a131772d76405f828e34901e995d6200173d9:2008:55	results/143.json.gz
143	std::remove_reference_t	1	DEPENDENT_OR_LOCAL_NAMES: prop,types	143:6f804b1acb9ce300d262591c643a131772d76405f828e34901e995d6200173d9:3503:46	results/143.json.gz
143	std::remove_reference_t	1	DEPENDENT_OR_LOCAL_NAMES: inferredResultTypes,prop	143:6f804b1acb9ce300d262591c643a131772d76405f828e34901e995d6200173d9:4295:60	results/143.json.gz
143	std::remove_reference_t	1	DEPENDENT_OR_LOCAL_NAMES: inputAttributeNames,prop	143:6f804b1acb9ce300d262591c643a131772d76405f828e34901e995d6200173d9:4300:60	results/143.json.gz
143	std::remove_reference_t	1	DEPENDENT_OR_LOCAL_NAMES: generatedOps,prop	143:6f804b1acb9ce300d262591c643a131772d76405f828e34901e995d6200173d9:9235:53	results/143.json.gz
143	std::remove_reference_t	1	DEPENDENT_OR_LOCAL_NAMES: prop,rewriter	143:6f804b1acb9ce300d262591c643a131772d76405f828e34901e995d6200173d9:9240:49	results/143.json.gz
143	std::remove_reference_t	1	DEPENDENT_OR_LOCAL_NAMES: prop,rootKind	143:6f804b1acb9ce300d262591c643a131772d76405f828e34901e995d6200173d9:9245:49	results/143.json.gz
143	std::remove_reference_t	6	DEPENDENT_OR_LOCAL_NAMES: caseValues,prop	143:6f804b1acb9ce300d262591c643a131772d76405f828e34901e995d6200173d9:10046:51	results/143.json.gz
143	std::remove_reference_t	2	DEPENDENT_OR_LOCAL_NAMES: mapping,prop	143:7f7513d9c992c0c7c0b52971bf1d9d4bb98195c42fa13ff93ec767f5cc4a7d31:1034:48	results/143.json.gz
143	std::remove_reference_t	1	DEPENDENT_OR_LOCAL_NAMES: prop,staticLowerBound	143:7f7513d9c992c0c7c0b52971bf1d9d4bb98195c42fa13ff93ec767f5cc4a7d31:1039:57	results/143.json.gz
143	std::remove_reference_t	1	DEPENDENT_OR_LOCAL_NAMES: prop,staticStep	143:7f7513d9c992c0c7c0b52971bf1d9d4bb98195c42fa13ff93ec767f5cc4a7d31:1044:51	results/143.json.gz
143	std::remove_reference_t	1	DEPENDENT_OR_LOCAL_NAMES: prop,staticUpperBound	143:7f7513d9c992c0c7c0b52971bf1d9d4bb98195c42fa13ff93ec767f5cc4a7d31:1049:57	results/143.json.gz
143	std::remove_reference_t	1	DEPENDENT_OR_LOCAL_NAMES: cases,prop	143:7f7513d9c992c0c7c0b52971bf1d9d4bb98195c42fa13ff93ec767f5cc4a7d31:1706:46	results/143.json.gz
143	std::remove_reference_t	2	DEPENDENT_OR_LOCAL_NAMES: error,prop	143:50b445fa25ed7b5c859bdfeacbb593fc79541d960e214f194e343c5bc2e90088:1483:46	results/143.json.gz
143	std::remove_reference_t	1	DEPENDENT_OR_LOCAL_NAMES: passing,prop	143:50b445fa25ed7b5c859bdfeacbb593fc79541d960e214f194e343c5bc2e90088:2599:48	results/143.json.gz
143	std::remove_reference_t	1	DEPENDENT_OR_LOCAL_NAMES: left_identity,prop	143:2e7d6f530189503cef6d12ab3861b962e868490ecf32af7da3d3ff05e1af8ccc:794:54	results/143.json.gz
143	std::remove_reference_t	1	DEPENDENT_OR_LOCAL_NAMES: prop,right_identity	143:2e7d6f530189503cef6d12ab3861b962e868490ecf32af7da3d3ff05e1af8ccc:799:55	results/143.json.gz
143	std::remove_reference_t	2	DEPENDENT_OR_LOCAL_NAMES: order,prop	143:2e7d6f530189503cef6d12ab3861b962e868490ecf32af7da3d3ff05e1af8ccc:3070:46	results/143.json.gz
143	std::remove_reference_t	4	DEPENDENT_OR_LOCAL_NAMES: level,prop	143:2e7d6f530189503cef6d12ab3861b962e868490ecf32af7da3d3ff05e1af8ccc:3505:46	results/143.json.gz
143	std::remove_reference_t	2	DEPENDENT_OR_LOCAL_NAMES: prop,specifierKind	143:2e7d6f530189503cef6d12ab3861b962e868490ecf32af7da3d3ff05e1af8ccc:3510:54	results/143.json.gz
143	std::remove_reference_t	1	DEPENDENT_OR_LOCAL_NAMES: hasInserts,prop	143:2e7d6f530189503cef6d12ab3861b962e868490ecf32af7da3d3ff05e1af8ccc:4253:51	results/143.json.gz
143	std::remove_reference_t	1	DEPENDENT_OR_LOCAL_NAMES: algorithm,prop	143:2e7d6f530189503cef6d12ab3861b962e868490ecf32af7da3d3ff05e1af8ccc:7044:50	results/143.json.gz
143	std::remove_reference_t	1	DEPENDENT_OR_LOCAL_NAMES: ny,prop	143:2e7d6f530189503cef6d12ab3861b962e868490ecf32af7da3d3ff05e1af8ccc:7049:43	results/143.json.gz
143	std::remove_reference_t	1	DEPENDENT_OR_LOCAL_NAMES: perm_map,prop	143:2e7d6f530189503cef6d12ab3861b962e868490ecf32af7da3d3ff05e1af8ccc:7054:49	results/143.json.gz
143	std::remove_reference_t	1	DEPENDENT_OR_LOCAL_NAMES: gather_dims,prop	143:203f5444e95bbf1d63e424502bb602ef5eb035a713a6ae5b67c1f781e72cca48:2989:52	results/143.json.gz
143	std::remove_reference_t	2	DEPENDENT_OR_LOCAL_NAMES: prop,unique	143:203f5444e95bbf1d63e424502bb602ef5eb035a713a6ae5b67c1f781e72cca48:2994:47	results/143.json.gz
143	std::remove_reference_t	2	DEPENDENT_OR_LOCAL_NAMES: inner_dims_pos,prop	143:203f5444e95bbf1d63e424502bb602ef5eb035a713a6ae5b67c1f781e72cca48:4891:55	results/143.json.gz
143	std::remove_reference_t	2	DEPENDENT_OR_LOCAL_NAMES: outer_dims_perm,prop	143:203f5444e95bbf1d63e424502bb602ef5eb035a713a6ae5b67c1f781e72cca48:4896:56	results/143.json.gz
143	std::remove_reference_t	2	DEPENDENT_OR_LOCAL_NAMES: prop,static_inner_tiles	143:203f5444e95bbf1d63e424502bb602ef5eb035a713a6ae5b67c1f781e72cca48:4901:59	results/143.json.gz
143	std::remove_reference_t	1	DEPENDENT_OR_LOCAL_NAMES: nofold,prop	143:203f5444e95bbf1d63e424502bb602ef5eb035a713a6ae5b67c1f781e72cca48:5768:47	results/143.json.gz
143	std::remove_reference_t	1	DEPENDENT_OR_LOCAL_NAMES: prop,static_high	143:203f5444e95bbf1d63e424502bb602ef5eb035a713a6ae5b67c1f781e72cca48:5773:52	results/143.json.gz
143	std::remove_reference_t	1	DEPENDENT_OR_LOCAL_NAMES: prop,static_low	143:203f5444e95bbf1d63e424502bb602ef5eb035a713a6ae5b67c1f781e72cca48:5778:51	results/143.json.gz
143	std::remove_reference_t	1	DEPENDENT_OR_LOCAL_NAMES: prop,scatter_dims	143:203f5444e95bbf1d63e424502bb602ef5eb035a713a6ae5b67c1f781e72cca48:7502:53	results/143.json.gz
143	std::remove_reference_t	1	DEPENDENT_OR_LOCAL_NAMES: illegal_dialects,prop	143:0eb5aec3f6d8ed1f8f5a99329f944035a2d55e28b88c74355577bc83ef21c2fc:1532:57	results/143.json.gz
143	std::remove_reference_t	1	DEPENDENT_OR_LOCAL_NAMES: illegal_ops,prop	143:0eb5aec3f6d8ed1f8f5a99329f944035a2d55e28b88c74355577bc83ef21c2fc:1537:52	results/143.json.gz
143	std::remove_reference_t	1	DEPENDENT_OR_LOCAL_NAMES: legal_dialects,prop	143:0eb5aec3f6d8ed1f8f5a99329f944035a2d55e28b88c74355577bc83ef21c2fc:1542:55	results/143.json.gz
143	std::remove_reference_t	1	DEPENDENT_OR_LOCAL_NAMES: legal_ops,prop	143:0eb5aec3f6d8ed1f8f5a99329f944035a2d55e28b88c74355577bc83ef21c2fc:1547:50	results/143.json.gz
143	std::remove_reference_t	1	DEPENDENT_OR_LOCAL_NAMES: partial_conversion,prop	143:0eb5aec3f6d8ed1f8f5a99329f944035a2d55e28b88c74355577bc83ef21c2fc:1552:59	results/143.json.gz
143	std::remove_reference_t	1	DEPENDENT_OR_LOCAL_NAMES: apply_cse,prop	143:0eb5aec3f6d8ed1f8f5a99329f944035a2d55e28b88c74355577bc83ef21c2fc:2329:50	results/143.json.gz
143	std::remove_reference_t	1	DEPENDENT_OR_LOCAL_NAMES: options,prop	143:0eb5aec3f6d8ed1f8f5a99329f944035a2d55e28b88c74355577bc83ef21c2fc:2666:48	results/143.json.gz
143	std::remove_reference_t	1	DEPENDENT_OR_LOCAL_NAMES: pass_name,prop	143:0eb5aec3f6d8ed1f8f5a99329f944035a2d55e28b88c74355577bc83ef21c2fc:2671:50	results/143.json.gz
143	std::remove_reference_t	1	DEPENDENT_OR_LOCAL_NAMES: dialect_name,prop	143:0eb5aec3f6d8ed1f8f5a99329f944035a2d55e28b88c74355577bc83ef21c2fc:3017:53	results/143.json.gz
143	std::remove_reference_t	1	DEPENDENT_OR_LOCAL_NAMES: actions,prop	143:0eb5aec3f6d8ed1f8f5a99329f944035a2d55e28b88c74355577bc83ef21c2fc:3494:48	results/143.json.gz
143	std::remove_reference_t	1	DEPENDENT_OR_LOCAL_NAMES: matchers,prop	143:0eb5aec3f6d8ed1f8f5a99329f944035a2d55e28b88c74355577bc83ef21c2fc:3499:49	results/143.json.gz
143	std::remove_reference_t	2	DEPENDENT_OR_LOCAL_NAMES: prop,result_number	143:0eb5aec3f6d8ed1f8f5a99329f944035a2d55e28b88c74355577bc83ef21c2fc:4042:54	results/143.json.gz
143	std::remove_reference_t	1	DEPENDENT_OR_LOCAL_NAMES: allow_empty_results,prop	143:0eb5aec3f6d8ed1f8f5a99329f944035a2d55e28b88c74355577bc83ef21c2fc:4642:60	results/143.json.gz
143	std::remove_reference_t	2	DEPENDENT_OR_LOCAL_NAMES: deduplicate,prop	143:0eb5aec3f6d8ed1f8f5a99329f944035a2d55e28b88c74355577bc83ef21c2fc:4647:52	results/143.json.gz
143	std::remove_reference_t	1	DEPENDENT_OR_LOCAL_NAMES: isolated_from_above,prop	143:0eb5aec3f6d8ed1f8f5a99329f944035a2d55e28b88c74355577bc83ef21c2fc:4652:60	results/143.json.gz
143	std::remove_reference_t	2	DEPENDENT_OR_LOCAL_NAMES: op_name,prop	143:0eb5aec3f6d8ed1f8f5a99329f944035a2d55e28b88c74355577bc83ef21c2fc:4657:48	results/143.json.gz
143	std::remove_reference_t	1	DEPENDENT_OR_LOCAL_NAMES: operand_number,prop	143:0eb5aec3f6d8ed1f8f5a99329f944035a2d55e28b88c74355577bc83ef21c2fc:5152:55	results/143.json.gz
143	std::remove_reference_t	1	DEPENDENT_OR_LOCAL_NAMES: elemental,prop	143:0eb5aec3f6d8ed1f8f5a99329f944035a2d55e28b88c74355577bc83ef21c2fc:5769:50	results/143.json.gz
143	std::remove_reference_t	2	DEPENDENT_OR_LOCAL_NAMES: failure_propagation_mode,prop	143:0eb5aec3f6d8ed1f8f5a99329f944035a2d55e28b88c74355577bc83ef21c2fc:6180:65	results/143.json.gz
143	std::remove_reference_t	1	DEPENDENT_OR_LOCAL_NAMES: prop,target	143:0eb5aec3f6d8ed1f8f5a99329f944035a2d55e28b88c74355577bc83ef21c2fc:6185:47	results/143.json.gz
143	std::remove_reference_t	1	DEPENDENT_OR_LOCAL_NAMES: op_names,prop	143:0eb5aec3f6d8ed1f8f5a99329f944035a2d55e28b88c74355577bc83ef21c2fc:6692:49	results/143.json.gz
143	std::remove_reference_t	1	DEPENDENT_OR_LOCAL_NAMES: fail_on_payload_too_small,prop	143:0eb5aec3f6d8ed1f8f5a99329f944035a2d55e28b88c74355577bc83ef21c2fc:10087:66	results/143.json.gz
143	std::remove_reference_t	1	DEPENDENT_OR_LOCAL_NAMES: overflow_result,prop	143:0eb5aec3f6d8ed1f8f5a99329f944035a2d55e28b88c74355577bc83ef21c2fc:10092:56	results/143.json.gz
143	std::remove_reference_t	1	DEPENDENT_OR_LOCAL_NAMES: pass_through_empty_handle,prop	143:0eb5aec3f6d8ed1f8f5a99329f944035a2d55e28b88c74355577bc83ef21c2fc:10097:66	results/143.json.gz
143	std::remove_reference_t	2	DEPENDENT_OR_LOCAL_NAMES: Concrete,NAME	143:f063762d54b7eb4cb1342e6d5076e232e08b8760a62f427fd65a907ad29d5f81:115:11	results/143.json.gz
143	std::remove_reference_t	1	DEPENDENT_OR_LOCAL_NAMES: mask_dim_sizes,prop	143:40da972acff80a381a5e1651db756342b96eee58e93f4fbfbf84fdc485bc161a:1404:55	results/143.json.gz
143	std::remove_reference_t	2	DEPENDENT_OR_LOCAL_NAMES: prop,static_position	143:40da972acff80a381a5e1651db756342b96eee58e93f4fbfbf84fdc485bc161a:3007:56	results/143.json.gz
143	std::remove_reference_t	2	DEPENDENT_OR_LOCAL_NAMES: offsets,prop	143:40da972acff80a381a5e1651db756342b96eee58e93f4fbfbf84fdc485bc161a:3506:48	results/143.json.gz
143	std::remove_reference_t	1	DEPENDENT_OR_LOCAL_NAMES: prop,sizes	143:40da972acff80a381a5e1651db756342b96eee58e93f4fbfbf84fdc485bc161a:3511:46	results/143.json.gz
143	std::remove_reference_t	1	DEPENDENT_OR_LOCAL_NAMES: prop,reduction_dims	143:40da972acff80a381a5e1651db756342b96eee58e93f4fbfbf84fdc485bc161a:7977:55	results/143.json.gz
143	std::remove_reference_t	1	DEPENDENT_OR_LOCAL_NAMES: prop,punctuation	143:40da972acff80a381a5e1651db756342b96eee58e93f4fbfbf84fdc485bc161a:8811:52	results/143.json.gz
143	std::remove_reference_t	1	DEPENDENT_OR_LOCAL_NAMES: fixed_vector_sizes,prop	143:40da972acff80a381a5e1651db756342b96eee58e93f4fbfbf84fdc485bc161a:9620:59	results/143.json.gz
143	std::remove_reference_t	1	DEPENDENT_OR_LOCAL_NAMES: prop,reduction_dim	143:40da972acff80a381a5e1651db756342b96eee58e93f4fbfbf84fdc485bc161a:10937:54	results/143.json.gz
143	std::remove_reference_t	2	DEPENDENT_OR_LOCAL_NAMES: in_bounds,prop	143:40da972acff80a381a5e1651db756342b96eee58e93f4fbfbf84fdc485bc161a:12902:50	results/143.json.gz
143	std::remove_reference_t	2	DEPENDENT_OR_LOCAL_NAMES: permutation_map,prop	143:40da972acff80a381a5e1651db756342b96eee58e93f4fbfbf84fdc485bc161a:12907:56	results/143.json.gz
143	std::remove_reference_t	1	DEPENDENT_OR_LOCAL_NAMES: prop,transp	143:40da972acff80a381a5e1651db756342b96eee58e93f4fbfbf84fdc485bc161a:13809:47	results/143.json.gz
143	std::remove_reference_t	1	DEPENDENT_OR_LOCAL_NAMES: prop,warp_size	143:40da972acff80a381a5e1651db756342b96eee58e93f4fbfbf84fdc485bc161a:14377:50	results/143.json.gz
143	std::remove_reference_t	1	DEPENDENT_OR_LOCAL_NAMES: constant_src,prop	143:7e3774f8266a9e59255e60487a605b04f113fc9d4a37316b8dbc3ce9df232b27:1008:53	results/143.json.gz
143	std::remove_reference_t	1	DEPENDENT_OR_LOCAL_NAMES: ConcreteOp,getProperties	143:133da1bf78baa9893bff9df61a47e5900b047017c6fa5850b538baba18b0f73d:566:24	results/143.json.gz
143	std::remove_reference_t	1	DEPENDENT_OR_LOCAL_NAMES: file,prop	143:a75450131995005b36a0161bb757eda7ea48b71f915e1be6b1d63043fb8ba6f3:2291:45	results/143.json.gz
143	std::remove_reference_t	1	DEPENDENT_OR_LOCAL_NAMES: func,prop	143:a75450131995005b36a0161bb757eda7ea48b71f915e1be6b1d63043fb8ba6f3:2296:45	results/143.json.gz
143	std::remove_reference_t	1	DEPENDENT_OR_LOCAL_NAMES: line,prop	143:a75450131995005b36a0161bb757eda7ea48b71f915e1be6b1d63043fb8ba6f3:2301:45	results/143.json.gz
143	std::remove_reference_t	1	DEPENDENT_OR_LOCAL_NAMES: message,prop	143:a75450131995005b36a0161bb757eda7ea48b71f915e1be6b1d63043fb8ba6f3:2306:48	results/143.json.gz
143	std::remove_reference_t	2	DEPENDENT_OR_LOCAL_NAMES: prop,sem	143:a75450131995005b36a0161bb757eda7ea48b71f915e1be6b1d63043fb8ba6f3:2778:44	results/143.json.gz
143	std::remove_reference_t	1	DEPENDENT_OR_LOCAL_NAMES: atomic_rmw_op,prop	143:a75450131995005b36a0161bb757eda7ea48b71f915e1be6b1d63043fb8ba6f3:3146:54	results/143.json.gz
143	std::remove_reference_t	1	DEPENDENT_OR_LOCAL_NAMES: allowTF32,prop	143:a75450131995005b36a0161bb757eda7ea48b71f915e1be6b1d63043fb8ba6f3:4014:50	results/143.json.gz
143	std::remove_reference_t	6	DEPENDENT_OR_LOCAL_NAMES: axis,prop	143:a75450131995005b36a0161bb757eda7ea48b71f915e1be6b1d63043fb8ba6f3:4467:45	results/143.json.gz
143	std::remove_reference_t	2	DEPENDENT_OR_LOCAL_NAMES: libname,prop	143:a75450131995005b36a0161bb757eda7ea48b71f915e1be6b1d63043fb8ba6f3:5800:48	results/143.json.gz
143	std::remove_reference_t	2	DEPENDENT_OR_LOCAL_NAMES: libpath,prop	143:a75450131995005b36a0161bb757eda7ea48b71f915e1be6b1d63043fb8ba6f3:5805:48	results/143.json.gz
143	std::remove_reference_t	2	DEPENDENT_OR_LOCAL_NAMES: prop,symbol	143:a75450131995005b36a0161bb757eda7ea48b71f915e1be6b1d63043fb8ba6f3:5810:47	results/143.json.gz
143	std::remove_reference_t	2	DEPENDENT_OR_LOCAL_NAMES: boundaryCheck,prop	143:a75450131995005b36a0161bb757eda7ea48b71f915e1be6b1d63043fb8ba6f3:6596:54	results/143.json.gz
143	std::remove_reference_t	3	DEPENDENT_OR_LOCAL_NAMES: evict,prop	143:a75450131995005b36a0161bb757eda7ea48b71f915e1be6b1d63043fb8ba6f3:6606:46	results/143.json.gz
143	std::remove_reference_t	1	DEPENDENT_OR_LOCAL_NAMES: padding,prop	143:a75450131995005b36a0161bb757eda7ea48b71f915e1be6b1d63043fb8ba6f3:6616:48	results/143.json.gz
143	std::remove_reference_t	1	DEPENDENT_OR_LOCAL_NAMES: end,prop	143:a75450131995005b36a0161bb757eda7ea48b71f915e1be6b1d63043fb8ba6f3:7179:44	results/143.json.gz
143	std::remove_reference_t	1	DEPENDENT_OR_LOCAL_NAMES: prop,start	143:a75450131995005b36a0161bb757eda7ea48b71f915e1be6b1d63043fb8ba6f3:7184:46	results/143.json.gz
143	std::remove_reference_t	1	DEPENDENT_OR_LOCAL_NAMES: prefix,prop	143:a75450131995005b36a0161bb757eda7ea48b71f915e1be6b1d63043fb8ba6f3:7984:47	results/143.json.gz
143	std::remove_reference_t	25	DEPENDENT_OR_LOCAL_NAMES: Nested	143:9be9c4673f4f99092451da45e84658eebc8d4962eaca2e47678c7f0d2e91fbef:36:11	results/143.json.gz
143	std::remove_reference_t	1	DEPENDENT_OR_LOCAL_NAMES: Broadcast	143:d8521de1ddf023921400a4735279e052df43d2f2c68d1195a1f1958f051b757a:1070:9	results/143.json.gz
143	std::remove_reference_t	1	DEPENDENT_OR_LOCAL_NAMES: Eigen,Self,internal,nested	143:db98afdefd160cc5b91bb3e020dc743844bc27900a42661ab0ed1b56a5592230:37:14	results/143.json.gz
143	std::remove_reference_t	1	DEPENDENT_OR_LOCAL_NAMES: Arg	143:a3a471fc932b173cc08c53571e7c791a3dd816720443ba6afd4c5561ddda7a72:156:40	results/143.json.gz
143	std::remove_reference_t	1	DEPENDENT_OR_LOCAL_NAMES: It,iter_reference_t	143:341439dc5f96d40f8064df3c745733145eef198e9400c1d3fd9d8a05c3332618:68:32	results/143.json.gz
143	std::remove_reference_t	1	DEPENDENT_OR_LOCAL_NAMES: Fn	143:aa5fd11592c98c5dfefcccf388f62c5af296571667b574177e982aab2dcf18e4:107:26	results/143.json.gz
143	std::remove_reference_t	1	DEPENDENT_OR_LOCAL_NAMES: GetItem,result_type	143:59146f23ba50eebf958ff2d21f0d60527d601d155715dfd22d559bee0ac3276d:156:17	results/143.json.gz
143	std::remove_reference_t	1	DEPENDENT_OR_LOCAL_NAMES: ToRef	143:97db6d2824c0fd2d0ec0e3cebcc69b5b46c58605889747ff14682b9d97e9eaec:207:18	results/143.json.gz
149	std::is_copy_constructible	2	DEPENDENT_OR_LOCAL_NAMES: Key	149:5dd13146de9e1ca0cf37e379af0ce4efd7ae1911c042281c39a5837d848c3e3a:236:9	results/149.json.gz
149	std::is_copy_constructible	44	DEPENDENT_OR_LOCAL_NAMES: T	149:93febd5d2b52f66456fd62b5316eec3843c3055e5bc4a1761840804f45c7e240:529:30	results/149.json.gz
149	std::is_copy_constructible	2	NO_TEMPLATE_ARGUMENT_LIST	149:502acdb4ff702e3446934b70610e0da76b3b26166a6782f09ff7621250c18fdf:75:7	results/149.json.gz
149	std::is_copy_constructible	4	DEPENDENT_OR_LOCAL_NAMES: P	149:fca4b98e2e397574678439acaa597691005b70a5bf0c76ab7aa73a849057c7d9:97:19	results/149.json.gz
149	std::is_copy_constructible	1	DEPENDENT_OR_LOCAL_NAMES: metadata_type	149:1552b11cd644f70e84c0ff3884f318d03cf4a01f7db9e880b876e84bd4caad63:33:17	results/149.json.gz
149	std::is_copy_constructible	1	DEPENDENT_OR_LOCAL_NAMES: T,devoid	149:2035e591a5dc6b1f43a0bec38785d131e97d2969918646430de452a9fe6ddd2a:1694:22	results/149.json.gz
149	std::is_copy_constructible	1	DEPENDENT_OR_LOCAL_NAMES: E,devoid	149:2035e591a5dc6b1f43a0bec38785d131e97d2969918646430de452a9fe6ddd2a:1694:70	results/149.json.gz
149	std::is_copy_constructible	3	DEPENDENT_OR_LOCAL_NAMES: value_type	149:3596a693127e52e4ec25a8713541e895e667f8f70130bf25a1709f5578ac69dd:332:68	results/149.json.gz
149	std::is_copy_constructible	2	DEPENDENT_OR_LOCAL_NAMES: R	149:c33acdde320d62cb6aa505434ed9f0a73ec9e30be94e24311433885d5954b310:87:47	results/149.json.gz
149	std::is_copy_constructible	3	DEPENDENT_OR_LOCAL_NAMES: EC	149:0a2a7a2335a6df801746b9be59b0e329b4def6cf70e20d5883ff85dc1392d94f:239:45	results/149.json.gz
149	std::is_copy_constructible	2	DEPENDENT_OR_LOCAL_NAMES: E	149:0a2a7a2335a6df801746b9be59b0e329b4def6cf70e20d5883ff85dc1392d94f:257:85	results/149.json.gz
149	std::is_copy_constructible	2	DEPENDENT_OR_LOCAL_NAMES: type	149:786f1d2c005c01a2dbcebc52d91b3d1035c77815ffa93563572bedcf08f18e3a:156:9	results/149.json.gz
149	std::is_copy_constructible	1	DEPENDENT_OR_LOCAL_NAMES: element_type	149:aa42ac8e3159f73027a9d606a67fad0172b2108f3f01d39ef39f753500883ba5:2054:10	results/149.json.gz
149	std::is_copy_constructible	6	DEPENDENT_OR_LOCAL_NAMES: U	149:398598c284ebcb41236f2b22856572f9aca86bc707964325e4eb2e2d8282b9e3:1783:45	results/149.json.gz
149	std::is_copy_constructible	8	DEPENDENT_OR_LOCAL_NAMES: _BidirectionalIterator1	149:685b16e876146987ee224abf36fba784064827e400dcd9fcd0e1c60129571341:244:17	results/149.json.gz
149	std::is_copy_constructible	8	DEPENDENT_OR_LOCAL_NAMES: _RandomAccessIterator	149:6f032a4cc26abb6cc33c52a24d10a076d43180bc61d50c859aaa79cc8c3f041c:75:17	results/149.json.gz
149	std::is_copy_constructible	1	DEPENDENT_OR_LOCAL_NAMES: SingleMemberUnion,T,type_traits_internal	149:2fb80a19048fc594c5a5f795e18c6ced6ec0af181f196cca0908461cda9ddf67:97:17	results/149.json.gz
149	std::is_copy_constructible	1	DEPENDENT_OR_LOCAL_NAMES: ExtentsRemoved	149:2fb80a19048fc594c5a5f795e18c6ced6ec0af181f196cca0908461cda9ddf67:560:7	results/149.json.gz
149	std::is_copy_constructible	2	DEPENDENT_OR_LOCAL_NAMES: T,Union	149:45c0153c15ac2b431ae5ea722ac0092fe1fb74805c9267b00e8be5d4fb93f10b:1234:9	results/149.json.gz
149	std::is_copy_constructible	1	DEPENDENT_OR_LOCAL_NAMES: Container	149:82ba4ca5ce40e10ab0e3918a0c63a4a61244543eb771d687ef8a11f3cecd4aef:837:16	results/149.json.gz
149	std::is_copy_constructible	1	DEPENDENT_OR_LOCAL_NAMES: holder_type	149:9f509dbbb0c8b3fc403c4736f093a349178bb3426298616f78e6f6e46ba20e55:1841:56	results/149.json.gz
149	std::is_copy_constructible	4	DEPENDENT_OR_LOCAL_NAMES: VT	149:14a37b8ce102ce9cf345446ed2880ff13177925f6a7dd6902b099be208675d9a:173:41	results/149.json.gz
149	std::is_copy_constructible	1	CUDA 内嵌标准实现的命名空间/目标配置未闭合，不用宿主 std 测量替代	149:2098601a73fbff96d00c8a0fa8af070ab8d208813dfe15ed301091eefb73529b:1274:5	results/149.json.gz
149	std::is_copy_constructible	1	DEPENDENT_OR_LOCAL_NAMES: _Tp	149:a6c714ba079b1335956a0bbba984c96f2c0e90fd8d92c23cc326ab51aac4bea5:30:19	results/149.json.gz
149	std::is_copy_constructible	1	DEPENDENT_OR_LOCAL_NAMES: Instance,VULKAN_HPP_NAMESPACE	149:57c2aa1b0ba5d2193368ba501f2eb946e3da2728fa9ba4e5449edd087dfbf8f6:108:27	results/149.json.gz
149	std::is_copy_constructible	1	DEPENDENT_OR_LOCAL_NAMES: PhysicalDevice,VULKAN_HPP_NAMESPACE	149:57c2aa1b0ba5d2193368ba501f2eb946e3da2728fa9ba4e5449edd087dfbf8f6:125:27	results/149.json.gz
149	std::is_copy_constructible	1	DEPENDENT_OR_LOCAL_NAMES: Device,VULKAN_HPP_NAMESPACE	149:57c2aa1b0ba5d2193368ba501f2eb946e3da2728fa9ba4e5449edd087dfbf8f6:165:27	results/149.json.gz
149	std::is_copy_constructible	1	DEPENDENT_OR_LOCAL_NAMES: Queue,VULKAN_HPP_NAMESPACE	149:57c2aa1b0ba5d2193368ba501f2eb946e3da2728fa9ba4e5449edd087dfbf8f6:190:27	results/149.json.gz
149	std::is_copy_constructible	1	DEPENDENT_OR_LOCAL_NAMES: DeviceMemory,VULKAN_HPP_NAMESPACE	149:57c2aa1b0ba5d2193368ba501f2eb946e3da2728fa9ba4e5449edd087dfbf8f6:208:27	results/149.json.gz
149	std::is_copy_constructible	1	DEPENDENT_OR_LOCAL_NAMES: Fence,VULKAN_HPP_NAMESPACE	149:57c2aa1b0ba5d2193368ba501f2eb946e3da2728fa9ba4e5449edd087dfbf8f6:268:27	results/149.json.gz
149	std::is_copy_constructible	1	DEPENDENT_OR_LOCAL_NAMES: Semaphore,VULKAN_HPP_NAMESPACE	149:57c2aa1b0ba5d2193368ba501f2eb946e3da2728fa9ba4e5449edd087dfbf8f6:277:27	results/149.json.gz
149	std::is_copy_constructible	1	DEPENDENT_OR_LOCAL_NAMES: Event,VULKAN_HPP_NAMESPACE	149:57c2aa1b0ba5d2193368ba501f2eb946e3da2728fa9ba4e5449edd087dfbf8f6:286:27	results/149.json.gz
149	std::is_copy_constructible	1	DEPENDENT_OR_LOCAL_NAMES: QueryPool,VULKAN_HPP_NAMESPACE	149:57c2aa1b0ba5d2193368ba501f2eb946e3da2728fa9ba4e5449edd087dfbf8f6:295:27	results/149.json.gz
149	std::is_copy_constructible	1	DEPENDENT_OR_LOCAL_NAMES: Buffer,VULKAN_HPP_NAMESPACE	149:57c2aa1b0ba5d2193368ba501f2eb946e3da2728fa9ba4e5449edd087dfbf8f6:304:27	results/149.json.gz
149	std::is_copy_constructible	1	DEPENDENT_OR_LOCAL_NAMES: BufferView,VULKAN_HPP_NAMESPACE	149:57c2aa1b0ba5d2193368ba501f2eb946e3da2728fa9ba4e5449edd087dfbf8f6:313:27	results/149.json.gz
149	std::is_copy_constructible	1	DEPENDENT_OR_LOCAL_NAMES: Image,VULKAN_HPP_NAMESPACE	149:57c2aa1b0ba5d2193368ba501f2eb946e3da2728fa9ba4e5449edd087dfbf8f6:322:27	results/149.json.gz
149	std::is_copy_constructible	1	DEPENDENT_OR_LOCAL_NAMES: ImageView,VULKAN_HPP_NAMESPACE	149:57c2aa1b0ba5d2193368ba501f2eb946e3da2728fa9ba4e5449edd087dfbf8f6:347:27	results/149.json.gz
149	std::is_copy_constructible	1	DEPENDENT_OR_LOCAL_NAMES: ShaderModule,VULKAN_HPP_NAMESPACE	149:57c2aa1b0ba5d2193368ba501f2eb946e3da2728fa9ba4e5449edd087dfbf8f6:356:27	results/149.json.gz
149	std::is_copy_constructible	1	DEPENDENT_OR_LOCAL_NAMES: PipelineCache,VULKAN_HPP_NAMESPACE	149:57c2aa1b0ba5d2193368ba501f2eb946e3da2728fa9ba4e5449edd087dfbf8f6:366:27	results/149.json.gz
149	std::is_copy_constructible	1	DEPENDENT_OR_LOCAL_NAMES: Pipeline,VULKAN_HPP_NAMESPACE	149:57c2aa1b0ba5d2193368ba501f2eb946e3da2728fa9ba4e5449edd087dfbf8f6:388:27	results/149.json.gz
149	std::is_copy_constructible	1	DEPENDENT_OR_LOCAL_NAMES: PipelineLayout,VULKAN_HPP_NAMESPACE	149:57c2aa1b0ba5d2193368ba501f2eb946e3da2728fa9ba4e5449edd087dfbf8f6:496:27	results/149.json.gz
149	std::is_copy_constructible	1	DEPENDENT_OR_LOCAL_NAMES: Sampler,VULKAN_HPP_NAMESPACE	149:57c2aa1b0ba5d2193368ba501f2eb946e3da2728fa9ba4e5449edd087dfbf8f6:512:27	results/149.json.gz
149	std::is_copy_constructible	1	DEPENDENT_OR_LOCAL_NAMES: DescriptorPool,VULKAN_HPP_NAMESPACE	149:57c2aa1b0ba5d2193368ba501f2eb946e3da2728fa9ba4e5449edd087dfbf8f6:536:27	results/149.json.gz
149	std::is_copy_constructible	1	DEPENDENT_OR_LOCAL_NAMES: DescriptorSet,VULKAN_HPP_NAMESPACE	149:57c2aa1b0ba5d2193368ba501f2eb946e3da2728fa9ba4e5449edd087dfbf8f6:552:27	results/149.json.gz
149	std::is_copy_constructible	1	DEPENDENT_OR_LOCAL_NAMES: DescriptorSetLayout,VULKAN_HPP_NAMESPACE	149:57c2aa1b0ba5d2193368ba501f2eb946e3da2728fa9ba4e5449edd087dfbf8f6:562:27	results/149.json.gz
149	std::is_copy_constructible	1	DEPENDENT_OR_LOCAL_NAMES: Framebuffer,VULKAN_HPP_NAMESPACE	149:57c2aa1b0ba5d2193368ba501f2eb946e3da2728fa9ba4e5449edd087dfbf8f6:595:27	results/149.json.gz
149	std::is_copy_constructible	1	DEPENDENT_OR_LOCAL_NAMES: RenderPass,VULKAN_HPP_NAMESPACE	149:57c2aa1b0ba5d2193368ba501f2eb946e3da2728fa9ba4e5449edd087dfbf8f6:605:27	results/149.json.gz
149	std::is_copy_constructible	1	DEPENDENT_OR_LOCAL_NAMES: CommandPool,VULKAN_HPP_NAMESPACE	149:57c2aa1b0ba5d2193368ba501f2eb946e3da2728fa9ba4e5449edd087dfbf8f6:624:27	results/149.json.gz
149	std::is_copy_constructible	1	DEPENDENT_OR_LOCAL_NAMES: CommandBuffer,VULKAN_HPP_NAMESPACE	149:57c2aa1b0ba5d2193368ba501f2eb946e3da2728fa9ba4e5449edd087dfbf8f6:634:27	results/149.json.gz
149	std::is_copy_constructible	1	DEPENDENT_OR_LOCAL_NAMES: SamplerYcbcrConversion,VULKAN_HPP_NAMESPACE	149:57c2aa1b0ba5d2193368ba501f2eb946e3da2728fa9ba4e5449edd087dfbf8f6:1011:27	results/149.json.gz
149	std::is_copy_constructible	1	DEPENDENT_OR_LOCAL_NAMES: DescriptorUpdateTemplate,VULKAN_HPP_NAMESPACE	149:57c2aa1b0ba5d2193368ba501f2eb946e3da2728fa9ba4e5449edd087dfbf8f6:1018:27	results/149.json.gz
149	std::is_copy_constructible	1	DEPENDENT_OR_LOCAL_NAMES: PrivateDataSlot,VULKAN_HPP_NAMESPACE	149:57c2aa1b0ba5d2193368ba501f2eb946e3da2728fa9ba4e5449edd087dfbf8f6:1548:27	results/149.json.gz
149	std::is_copy_constructible	1	DEPENDENT_OR_LOCAL_NAMES: SurfaceKHR,VULKAN_HPP_NAMESPACE	149:57c2aa1b0ba5d2193368ba501f2eb946e3da2728fa9ba4e5449edd087dfbf8f6:1817:27	results/149.json.gz
149	std::is_copy_constructible	1	DEPENDENT_OR_LOCAL_NAMES: SwapchainKHR,VULKAN_HPP_NAMESPACE	149:57c2aa1b0ba5d2193368ba501f2eb946e3da2728fa9ba4e5449edd087dfbf8f6:1840:27	results/149.json.gz
149	std::is_copy_constructible	1	DEPENDENT_OR_LOCAL_NAMES: DisplayKHR,VULKAN_HPP_NAMESPACE	149:57c2aa1b0ba5d2193368ba501f2eb946e3da2728fa9ba4e5449edd087dfbf8f6:1887:27	results/149.json.gz
149	std::is_copy_constructible	1	DEPENDENT_OR_LOCAL_NAMES: DisplayModeKHR,VULKAN_HPP_NAMESPACE	149:57c2aa1b0ba5d2193368ba501f2eb946e3da2728fa9ba4e5449edd087dfbf8f6:1897:27	results/149.json.gz
149	std::is_copy_constructible	1	DEPENDENT_OR_LOCAL_NAMES: DebugReportCallbackEXT,VULKAN_HPP_NAMESPACE	149:57c2aa1b0ba5d2193368ba501f2eb946e3da2728fa9ba4e5449edd087dfbf8f6:1998:27	results/149.json.gz
149	std::is_copy_constructible	1	DEPENDENT_OR_LOCAL_NAMES: VULKAN_HPP_NAMESPACE,VideoSessionKHR	149:57c2aa1b0ba5d2193368ba501f2eb946e3da2728fa9ba4e5449edd087dfbf8f6:2042:27	results/149.json.gz
149	std::is_copy_constructible	1	DEPENDENT_OR_LOCAL_NAMES: VULKAN_HPP_NAMESPACE,VideoSessionParametersKHR	149:57c2aa1b0ba5d2193368ba501f2eb946e3da2728fa9ba4e5449edd087dfbf8f6:2048:27	results/149.json.gz
149	std::is_copy_constructible	1	DEPENDENT_OR_LOCAL_NAMES: CuModuleNVX,VULKAN_HPP_NAMESPACE	149:57c2aa1b0ba5d2193368ba501f2eb946e3da2728fa9ba4e5449edd087dfbf8f6:2226:27	results/149.json.gz
149	std::is_copy_constructible	1	DEPENDENT_OR_LOCAL_NAMES: CuFunctionNVX,VULKAN_HPP_NAMESPACE	149:57c2aa1b0ba5d2193368ba501f2eb946e3da2728fa9ba4e5449edd087dfbf8f6:2230:27	results/149.json.gz
149	std::is_copy_constructible	1	DEPENDENT_OR_LOCAL_NAMES: DebugUtilsMessengerEXT,VULKAN_HPP_NAMESPACE	149:57c2aa1b0ba5d2193368ba501f2eb946e3da2728fa9ba4e5449edd087dfbf8f6:3202:27	results/149.json.gz
149	std::is_copy_constructible	1	DEPENDENT_OR_LOCAL_NAMES: AccelerationStructureKHR,VULKAN_HPP_NAMESPACE	149:57c2aa1b0ba5d2193368ba501f2eb946e3da2728fa9ba4e5449edd087dfbf8f6:3505:27	results/149.json.gz
149	std::is_copy_constructible	1	DEPENDENT_OR_LOCAL_NAMES: VULKAN_HPP_NAMESPACE,ValidationCacheEXT	149:57c2aa1b0ba5d2193368ba501f2eb946e3da2728fa9ba4e5449edd087dfbf8f6:3719:27	results/149.json.gz
149	std::is_copy_constructible	1	DEPENDENT_OR_LOCAL_NAMES: AccelerationStructureNV,VULKAN_HPP_NAMESPACE	149:57c2aa1b0ba5d2193368ba501f2eb946e3da2728fa9ba4e5449edd087dfbf8f6:3851:27	results/149.json.gz
149	std::is_copy_constructible	1	DEPENDENT_OR_LOCAL_NAMES: PerformanceConfigurationINTEL,VULKAN_HPP_NAMESPACE	149:57c2aa1b0ba5d2193368ba501f2eb946e3da2728fa9ba4e5449edd087dfbf8f6:4188:27	results/149.json.gz
149	std::is_copy_constructible	1	DEPENDENT_OR_LOCAL_NAMES: DeferredOperationKHR,VULKAN_HPP_NAMESPACE	149:57c2aa1b0ba5d2193368ba501f2eb946e3da2728fa9ba4e5449edd087dfbf8f6:4583:27	results/149.json.gz
149	std::is_copy_constructible	1	DEPENDENT_OR_LOCAL_NAMES: IndirectCommandsLayoutNV,VULKAN_HPP_NAMESPACE	149:57c2aa1b0ba5d2193368ba501f2eb946e3da2728fa9ba4e5449edd087dfbf8f6:4863:27	results/149.json.gz
149	std::is_copy_constructible	1	DEPENDENT_OR_LOCAL_NAMES: CudaModuleNV,VULKAN_HPP_NAMESPACE	149:57c2aa1b0ba5d2193368ba501f2eb946e3da2728fa9ba4e5449edd087dfbf8f6:5166:27	results/149.json.gz
149	std::is_copy_constructible	1	DEPENDENT_OR_LOCAL_NAMES: CudaFunctionNV,VULKAN_HPP_NAMESPACE	149:57c2aa1b0ba5d2193368ba501f2eb946e3da2728fa9ba4e5449edd087dfbf8f6:5170:27	results/149.json.gz
149	std::is_copy_constructible	1	DEPENDENT_OR_LOCAL_NAMES: BufferCollectionFUCHSIA,VULKAN_HPP_NAMESPACE	149:57c2aa1b0ba5d2193368ba501f2eb946e3da2728fa9ba4e5449edd087dfbf8f6:5834:27	results/149.json.gz
149	std::is_copy_constructible	1	DEPENDENT_OR_LOCAL_NAMES: MicromapEXT,VULKAN_HPP_NAMESPACE	149:57c2aa1b0ba5d2193368ba501f2eb946e3da2728fa9ba4e5449edd087dfbf8f6:6152:27	results/149.json.gz
149	std::is_copy_constructible	1	DEPENDENT_OR_LOCAL_NAMES: OpticalFlowSessionNV,VULKAN_HPP_NAMESPACE	149:57c2aa1b0ba5d2193368ba501f2eb946e3da2728fa9ba4e5449edd087dfbf8f6:6779:27	results/149.json.gz
149	std::is_copy_constructible	1	DEPENDENT_OR_LOCAL_NAMES: ShaderEXT,VULKAN_HPP_NAMESPACE	149:57c2aa1b0ba5d2193368ba501f2eb946e3da2728fa9ba4e5449edd087dfbf8f6:6931:27	results/149.json.gz
149	std::is_copy_constructible	1	DEPENDENT_OR_LOCAL_NAMES: PipelineBinaryKHR,VULKAN_HPP_NAMESPACE	149:57c2aa1b0ba5d2193368ba501f2eb946e3da2728fa9ba4e5449edd087dfbf8f6:6978:27	results/149.json.gz
149	std::is_copy_constructible	1	DEPENDENT_OR_LOCAL_NAMES: IndirectCommandsLayoutEXT,VULKAN_HPP_NAMESPACE	149:57c2aa1b0ba5d2193368ba501f2eb946e3da2728fa9ba4e5449edd087dfbf8f6:7894:27	results/149.json.gz
149	std::is_copy_constructible	1	DEPENDENT_OR_LOCAL_NAMES: IndirectExecutionSetEXT,VULKAN_HPP_NAMESPACE	149:57c2aa1b0ba5d2193368ba501f2eb946e3da2728fa9ba4e5449edd087dfbf8f6:7901:27	results/149.json.gz
149	std::is_copy_constructible	2	DEPENDENT_OR_LOCAL_NAMES: ValueType	149:ca7216b99c6244d3064034eaaecfeeebeb1b44b88bfcf1c2c4be1104abc0e9d7:76:23	results/149.json.gz
149	std::is_copy_constructible	1	DEPENDENT_OR_LOCAL_NAMES: Item	149:682df78feb05f761774efe433e71f6a7bee8b8ee8b03b91fd3684a2b4b1c4402:164:45	results/149.json.gz
149	std::is_copy_constructible	1	DEPENDENT_OR_LOCAL_NAMES: DT	149:5b5803a5269e92e60522e5e81061418a47428abb0fc7b90e47f41bc68a902e9d:217:19	results/149.json.gz
150	std::is_move_assignable	2	DEPENDENT_OR_LOCAL_NAMES: A,ValueType	150:655546c3102ca792b6da8e1941cc6b8e775e32419711e04710cf1d38571eb1c8:77:24	results/150.json.gz
150	std::is_move_assignable	2	NO_TEMPLATE_ARGUMENT_LIST	150:5dd13146de9e1ca0cf37e379af0ce4efd7ae1911c042281c39a5837d848c3e3a:131:7	results/150.json.gz
150	std::is_move_assignable	3	DEPENDENT_OR_LOCAL_NAMES: T	150:61de1d2a3e919e7a93b8c027a50ac9628e8ae1db4cc2dc09ccaaad81e0502511:77:28	results/150.json.gz
150	std::is_move_assignable	1	DEPENDENT_OR_LOCAL_NAMES: SingleMemberUnion,T,type_traits_internal	150:2fb80a19048fc594c5a5f795e18c6ced6ec0af181f196cca0908461cda9ddf67:459:11	results/150.json.gz
150	std::is_move_assignable	1	DEPENDENT_OR_LOCAL_NAMES: TT	150:bba890a02f9241463ca3861b80c1cfda5628054d4f8a6ab282208286645db374:1108:9	results/150.json.gz
151	std::is_move_constructible	2	NO_TEMPLATE_ARGUMENT_LIST	151:502acdb4ff702e3446934b70610e0da76b3b26166a6782f09ff7621250c18fdf:78:7	results/151.json.gz
151	std::is_move_constructible	1	DEPENDENT_OR_LOCAL_NAMES: basic_streambuf_movable_helper	151:9a5bbf9ed03d92c4a6fe2567f1204f999481ef444f67631cb2c3132e688fa8f1:35:5	results/151.json.gz
151	std::is_move_constructible	9	DEPENDENT_OR_LOCAL_NAMES: T	151:398598c284ebcb41236f2b22856572f9aca86bc707964325e4eb2e2d8282b9e3:1465:18	results/151.json.gz
151	std::is_move_constructible	2	DEPENDENT_OR_LOCAL_NAMES: U	151:398598c284ebcb41236f2b22856572f9aca86bc707964325e4eb2e2d8282b9e3:1807:45	results/151.json.gz
151	std::is_move_constructible	2	DEPENDENT_OR_LOCAL_NAMES: _InputType	151:cefe2d346678286c7271ff16ab9493808b651dcef5e4b824ae3719ee0f30f873:603:64	results/151.json.gz
151	std::is_move_constructible	1	DEPENDENT_OR_LOCAL_NAMES: T,TrivialMoveOnly,Union	151:45c0153c15ac2b431ae5ea722ac0092fe1fb74805c9267b00e8be5d4fb93f10b:1175:7	results/151.json.gz
151	std::is_move_constructible	1	DEPENDENT_OR_LOCAL_NAMES: T,Union	151:45c0153c15ac2b431ae5ea722ac0092fe1fb74805c9267b00e8be5d4fb93f10b:1242:27	results/151.json.gz
151	std::is_move_constructible	1	DEPENDENT_OR_LOCAL_NAMES: Ts	151:0d89b3f52d0f1e22a331e74eed9b0609321dbefc57e6cc1aec1d33745ea5fcfc:138:27	results/151.json.gz
151	std::is_move_constructible	1	CUDA 内嵌标准实现的命名空间/目标配置未闭合，不用宿主 std 测量替代	151:2098601a73fbff96d00c8a0fa8af070ab8d208813dfe15ed301091eefb73529b:1264:52	results/151.json.gz
153	std::is_copy_assignable	2	NO_TEMPLATE_ARGUMENT_LIST	153:5dd13146de9e1ca0cf37e379af0ce4efd7ae1911c042281c39a5837d848c3e3a:129:7	results/153.json.gz
153	std::is_copy_assignable	3	DEPENDENT_OR_LOCAL_NAMES: T	153:398598c284ebcb41236f2b22856572f9aca86bc707964325e4eb2e2d8282b9e3:1390:52	results/153.json.gz
153	std::is_copy_assignable	1	DEPENDENT_OR_LOCAL_NAMES: Container	153:82ba4ca5ce40e10ab0e3918a0c63a4a61244543eb771d687ef8a11f3cecd4aef:856:46	results/153.json.gz
156	std::is_function	6	NO_TEMPLATE_ARGUMENT_LIST	156:5dd13146de9e1ca0cf37e379af0ce4efd7ae1911c042281c39a5837d848c3e3a:130:7	results/156.json.gz
156	std::is_function	1	DEPENDENT_OR_LOCAL_NAMES: T	156:8755f56bab0088ec0babeda6fc179888c926389a08fdcba8d9109062ed0cbdb8:47:20	results/156.json.gz
156	std::is_function	3	DEPENDENT_OR_LOCAL_NAMES: arg_type	156:2dcd2a21a789e320e8be403010526b570c6bc21135b1163d98bb53f837bd7b1e:134:15	results/156.json.gz
156	std::is_function	1	DEPENDENT_OR_LOCAL_NAMES: value_type	156:5fa1312ae8ba2c7ff535b4c40bbcae3ad5331f00288d0dc93664e98d45784c9c:53:19	results/156.json.gz
157	std::is_lvalue_reference	2	NO_TEMPLATE_ARGUMENT_LIST	157:dcd2f7f97cf8091732d0f7335f69b40c603a1446475ed3542e5d425a31586dbc:50:88	results/157.json.gz
157	std::is_lvalue_reference	2	DEPENDENT_OR_LOCAL_NAMES: R	157:e2e8244ab8c631af32faf6b27e7fe0385c8a22bc6441bbe781e99fc5a033812d:121:19	results/157.json.gz
157	std::is_lvalue_reference	1	DEPENDENT_OR_LOCAL_NAMES: Arg	157:59e21a88fe2aea2051bad380f346034d0a865f510f5ce61a8408d94d21c67aeb:59:15	results/157.json.gz
157	std::is_lvalue_reference	1	DEPENDENT_OR_LOCAL_NAMES: I,Tuple,hana,llong	157:74d0edb88d59f8f61006d75ae31ef585ccb6707ff5f3939363f539795e74ce5d:77:15	results/157.json.gz
157	std::is_lvalue_reference	1	DEPENDENT_OR_LOCAL_NAMES: _InputIterator	157:0cfadc62a39f5c049f8cb74f4d8b3b22e01417fec16b4e36cac8666519f65f8d:158:25	results/157.json.gz
157	std::is_lvalue_reference	1	DEPENDENT_OR_LOCAL_NAMES: T	157:2fb80a19048fc594c5a5f795e18c6ced6ec0af181f196cca0908461cda9ddf67:422:11	results/157.json.gz
161	std::decay_t	7	DEPENDENT_OR_LOCAL_NAMES: Ts	161:f0bb714dea8be2f719bb0c0011de782417e09054ea66921c4303f0f7dac1ce93:118:56	results/161.json.gz
161	std::decay_t	1	NO_TEMPLATE_ARGUMENT_LIST	161:5dd13146de9e1ca0cf37e379af0ce4efd7ae1911c042281c39a5837d848c3e3a:126:7	results/161.json.gz
161	std::decay_t	98	DEPENDENT_OR_LOCAL_NAMES: T	161:e08ed6b810b637aa9a28994f550e08fc1c299f193897b797e1bd12a492655371:247:34	results/161.json.gz
161	std::decay_t	1	DEPENDENT_OR_LOCAL_NAMES: First	161:c9dad3b3c300397ad9693e50b06e296db84e130b836ab1e2fbd80e8084618c92:72:32	results/161.json.gz
161	std::decay_t	6	DEPENDENT_OR_LOCAL_NAMES: Args	161:c9dad3b3c300397ad9693e50b06e296db84e130b836ab1e2fbd80e8084618c92:102:11	results/161.json.gz
161	std::decay_t	1	DEPENDENT_OR_LOCAL_NAMES: Xs	161:2452a08d7042aa1b61674b207df9f1404e1f613132ab0dc6ace5ce915ae69972:78:36	results/161.json.gz
161	std::decay_t	2	DEPENDENT_OR_LOCAL_NAMES: xs	161:5512a5fddb51ae1736e758735d113eb3ceac0a3b474e6185f29357ddbd44b75e:56:28	results/161.json.gz
161	std::decay_t	1	DEPENDENT_OR_LOCAL_NAMES: first	161:394b55ddb6262bbd1d274b21a02382d2da6e0c166ce31d6e007d4766203c9629:143:23	results/161.json.gz
161	std::decay_t	1	DEPENDENT_OR_LOCAL_NAMES: second	161:394b55ddb6262bbd1d274b21a02382d2da6e0c166ce31d6e007d4766203c9629:143:54	results/161.json.gz
161	std::decay_t	1	DEPENDENT_OR_LOCAL_NAMES: old_axes	161:119d8ce00beae6197376434f3205a530bbadab52c8961c7d858a144551e04343:48:16	results/161.json.gz
161	std::decay_t	2	DEPENDENT_OR_LOCAL_NAMES: a_in	161:92ddc99ae3592d1a1c1f068b8778fcbb450ca436cbbb52ecf12b04e59a61fe2e:347:19	results/161.json.gz
161	std::decay_t	13	DEPENDENT_OR_LOCAL_NAMES: M	161:2b7ed677845e5b6b59208ea6da6fd036c48d191b2e207baabdcd9b97c994e85b:94:44	results/161.json.gz
161	std::decay_t	1	DEPENDENT_OR_LOCAL_NAMES: A,arg_type	161:aedfe8e1fcc855d8e1ca8d6663b3a8e2650246c8c743c3062e7ebb7490cb6b9c:61:21	results/161.json.gz
161	std::decay_t	6	DEPENDENT_OR_LOCAL_NAMES: Variant	161:aedfe8e1fcc855d8e1ca8d6663b3a8e2650246c8c743c3062e7ebb7490cb6b9c:79:31	results/161.json.gz
161	std::decay_t	4	DEPENDENT_OR_LOCAL_NAMES: Iterable	161:9a6760d47acd1b500c72afe2537f880431fdc1ca4c58e7b32c709e4f5d05e2ef:286:9	results/161.json.gz
161	std::decay_t	1	DEPENDENT_OR_LOCAL_NAMES: u	161:383b76fb1d5244ca2c8c38631957401bbd31f236564994f9588fe604005c3d03:71:21	results/161.json.gz
161	std::decay_t	7	DEPENDENT_OR_LOCAL_NAMES: U	161:383b76fb1d5244ca2c8c38631957401bbd31f236564994f9588fe604005c3d03:282:47	results/161.json.gz
161	std::decay_t	2	DEPENDENT_OR_LOCAL_NAMES: t	161:383b76fb1d5244ca2c8c38631957401bbd31f236564994f9588fe604005c3d03:314:19	results/161.json.gz
161	std::decay_t	1	DEPENDENT_OR_LOCAL_NAMES: Idx,L,mp11,mp_at_c	161:a3a75aabaf41b0bf8e5deae7af3dd70713bb4a24024f7b1f40d48ab593440cc3:40:31	results/161.json.gz
161	std::decay_t	1	DEPENDENT_OR_LOCAL_NAMES: ti	161:bd1ae47d5dc82606522783dc28dcb0c8f94e3b001a5f27d168d4339dc5bea0a8:298:17	results/161.json.gz
161	std::decay_t	3	DEPENDENT_OR_LOCAL_NAMES: a	161:dccbbb3e1b866728023e53a03207f9c3b8944d71b6a3c821fe0e1e8fcd1c523f:96:47	results/161.json.gz
161	std::decay_t	4	DEPENDENT_OR_LOCAL_NAMES: V	161:92a89a75554a5fea9475650fd62319bdf0dde5376475016e311ec9c86749505c:53:31	results/161.json.gz
161	std::decay_t	1	DEPENDENT_OR_LOCAL_NAMES: axis	161:92a89a75554a5fea9475650fd62319bdf0dde5376475016e311ec9c86749505c:146:18	results/161.json.gz
161	std::decay_t	2	DEPENDENT_OR_LOCAL_NAMES: ax	161:92a89a75554a5fea9475650fd62319bdf0dde5376475016e311ec9c86749505c:272:41	results/161.json.gz
161	std::decay_t	1	DEPENDENT_OR_LOCAL_NAMES: ak	161:423a977c868577bbaafeab0aea70e9ba1563d56977e26ffbe8d4254ca5ad47d6:88:25	results/161.json.gz
161	std::decay_t	1	DEPENDENT_OR_LOCAL_NAMES: Reference	161:88502ccba325f2507e6bc7cdfb32a901345da347f52e60ac58449592d03ec927:66:25	results/161.json.gz
161	std::decay_t	1	DEPENDENT_OR_LOCAL_NAMES: Tuple	161:094dc647738501f7d59125ff5d6c2bd2104978fbe0ec483f01806300ad8bd9f1:25:38	results/161.json.gz
161	std::decay_t	1	DEPENDENT_OR_LOCAL_NAMES: value	161:bab21279a78403801e3df33068757dd9d555b675ae93165fb2eb5afd2b19c62a:52:27	results/161.json.gz
161	std::decay_t	3	DEPENDENT_OR_LOCAL_NAMES: Storage	161:3eddf443a0027e945e8f362a9c924535bc8fc67a37124e3d55c7c9ea95b8a904:62:30	results/161.json.gz
161	std::decay_t	2	DEPENDENT_OR_LOCAL_NAMES: As	161:3eddf443a0027e945e8f362a9c924535bc8fc67a37124e3d55c7c9ea95b8a904:125:67	results/161.json.gz
161	std::decay_t	2	DEPENDENT_OR_LOCAL_NAMES: Axes	161:3eddf443a0027e945e8f362a9c924535bc8fc67a37124e3d55c7c9ea95b8a904:694:67	results/161.json.gz
161	std::decay_t	1	DEPENDENT_OR_LOCAL_NAMES: histogram_type	161:ef851f840f05c8159d09035e02c876ecdc2df7c657483b38778b3a9980cfbb17:54:36	results/161.json.gz
161	std::decay_t	1	DEPENDENT_OR_LOCAL_NAMES: begin	161:a9c4b24c56aa75a76917750309d6a8f814275b6b4411e6ccbce365002ef95225:111:13	results/161.json.gz
161	std::decay_t	1	DEPENDENT_OR_LOCAL_NAMES: xp	161:a0b32ff5c104c2f67ad09de5c86502f55729e9337df9a41619c2d76c388f952e:192:19	results/161.json.gz
161	std::decay_t	1	DEPENDENT_OR_LOCAL_NAMES: p	161:a0b32ff5c104c2f67ad09de5c86502f55729e9337df9a41619c2d76c388f952e:208:19	results/161.json.gz
161	std::decay_t	1	DEPENDENT_OR_LOCAL_NAMES: tp	161:a0b32ff5c104c2f67ad09de5c86502f55729e9337df9a41619c2d76c388f952e:512:19	results/161.json.gz
161	std::decay_t	2	DEPENDENT_OR_LOCAL_NAMES: index_type	161:1a788d945ac6e9cda62b2ca75f5611e25a9a94d01dee3629bedb0e1ec2217a6e:69:55	results/161.json.gz
161	std::decay_t	2	DEPENDENT_OR_LOCAL_NAMES: tuple_type	161:1a788d945ac6e9cda62b2ca75f5611e25a9a94d01dee3629bedb0e1ec2217a6e:69:80	results/161.json.gz
161	std::decay_t	1	DEPENDENT_OR_LOCAL_NAMES: tupe_type	161:1a788d945ac6e9cda62b2ca75f5611e25a9a94d01dee3629bedb0e1ec2217a6e:125:63	results/161.json.gz
161	std::decay_t	1	DEPENDENT_OR_LOCAL_NAMES: tuple_left	161:1a788d945ac6e9cda62b2ca75f5611e25a9a94d01dee3629bedb0e1ec2217a6e:182:41	results/161.json.gz
161	std::decay_t	1	DEPENDENT_OR_LOCAL_NAMES: tuple_right	161:1a788d945ac6e9cda62b2ca75f5611e25a9a94d01dee3629bedb0e1ec2217a6e:182:67	results/161.json.gz
161	std::decay_t	1	DEPENDENT_OR_LOCAL_NAMES: itype	161:1a788d945ac6e9cda62b2ca75f5611e25a9a94d01dee3629bedb0e1ec2217a6e:202:48	results/161.json.gz
161	std::decay_t	1	DEPENDENT_OR_LOCAL_NAMES: r,ttype	161:1a788d945ac6e9cda62b2ca75f5611e25a9a94d01dee3629bedb0e1ec2217a6e:202:69	results/161.json.gz
161	std::decay_t	1	DEPENDENT_OR_LOCAL_NAMES: c	161:79a69259aa02a84f644925b7a14166e3f3453688c05ca7e8d8c41131e9a7c1ed:854:21	results/161.json.gz
161	std::decay_t	8	DEPENDENT_OR_LOCAL_NAMES: error_type	161:e71658bffa77eddbe73fc9fe5e4551a52ed7931ffe6200168001a0878a341f44:114:36	results/161.json.gz
161	std::decay_t	4	DEPENDENT_OR_LOCAL_NAMES: value_type	161:e71658bffa77eddbe73fc9fe5e4551a52ed7931ffe6200168001a0878a341f44:324:20	results/161.json.gz
161	std::decay_t	2	DEPENDENT_OR_LOCAL_NAMES: exception_type	161:e71658bffa77eddbe73fc9fe5e4551a52ed7931ffe6200168001a0878a341f44:325:49	results/161.json.gz
161	std::decay_t	4	DEPENDENT_OR_LOCAL_NAMES: ErrorCondEnum	161:e71658bffa77eddbe73fc9fe5e4551a52ed7931ffe6200168001a0878a341f44:352:22	results/161.json.gz
161	std::decay_t	4	DEPENDENT_OR_LOCAL_NAMES: Error	161:47e40899eca53e0af74e1d3b076a9f0beebc53b585a1fde66e0b68e7f69c341b:72:70	results/161.json.gz
161	std::decay_t	5	DEPENDENT_OR_LOCAL_NAMES: X	161:6d94ba62703986f8c92c3b44efa3269a9b54cb645acf1688502342d78a20ee57:165:41	results/161.json.gz
161	std::decay_t	12	DEPENDENT_OR_LOCAL_NAMES: EC	161:0a2a7a2335a6df801746b9be59b0e329b4def6cf70e20d5883ff85dc1392d94f:240:31	results/161.json.gz
161	std::decay_t	8	DEPENDENT_OR_LOCAL_NAMES: E	161:0a2a7a2335a6df801746b9be59b0e329b4def6cf70e20d5883ff85dc1392d94f:258:49	results/161.json.gz
161	std::decay_t	1	DEPENDENT_OR_LOCAL_NAMES: R	161:f4ebd6df34851b0f89019c4ec2c2cfc48f14db0fb80d9a6422c1152a49969f4e:46:63	results/161.json.gz
161	std::decay_t	3	DEPENDENT_OR_LOCAL_NAMES: Func	161:278eabba4c72efb726905b69a8230ba330f31b7339a2f6be64db64ba8723a94d:120:25	results/161.json.gz
161	std::decay_t	1	DEPENDENT_OR_LOCAL_NAMES: Args,args,bind_back,f,stl_interfaces	161:278eabba4c72efb726905b69a8230ba330f31b7339a2f6be64db64ba8723a94d:272:21	results/161.json.gz
161	std::decay_t	2	DEPENDENT_OR_LOCAL_NAMES: Range	161:c8bb3cc339f8d6c255fb492cc7600068f2374c21141192208c90b27114882b6d:2633:51	results/161.json.gz
161	std::decay_t	1	DEPENDENT_OR_LOCAL_NAMES: _IteratorTypes	161:a2851ceacc73de3784a5881830b743de0c639394443b25e2aaa90bdae31c2f91:25:65	results/161.json.gz
161	std::decay_t	1	DEPENDENT_OR_LOCAL_NAMES: Alternative	161:606fe0501f55abfc295fe498a2139dbc1c0295ea7364bd1ae1c3c6c090fba38c:40:21	results/161.json.gz
161	std::decay_t	5	DEPENDENT_OR_LOCAL_NAMES: CallableT	161:7a86b4ba0652af8dc6f34a0548c4d14d260ed1415cfdb7f5b705a6ac5452c7f8:57:36	results/161.json.gz
161	std::decay_t	2	DEPENDENT_OR_LOCAL_NAMES: ArgTs	161:385e2d8b5528dc3341a93ff5c276c2e750b72da3fc72ad72d4a3f3613e08fa65:213:31	results/161.json.gz
161	std::decay_t	1	DEPENDENT_OR_LOCAL_NAMES: AllocatorType	161:e5e06267c461d3bcee6cdadff7ec41095066641c2f0386b432a106b9a5e3f595:76:34	results/161.json.gz
161	std::decay_t	1	DEPENDENT_OR_LOCAL_NAMES: Function	161:e973c12ef8259ccc8146dabd5e75674b2d567e4494a930eb65dccc7fcbf18ff5:130:34	results/161.json.gz
161	std::decay_t	1	DEPENDENT_OR_LOCAL_NAMES: CallbackFn	161:f0a486f9795ccf79dc8afd29c905d5bcdb5ce27355b89971b15aa20227d56a79:78:43	results/161.json.gz
161	std::decay_t	13	DEPENDENT_OR_LOCAL_NAMES: FnT	161:c173061db5ee3e359dfc34a8612f730429e2d876af3d4a96e6cbcc386c99a68e:57:31	results/161.json.gz
161	std::decay_t	2	DEPENDENT_OR_LOCAL_NAMES: Head	161:00aa7f79a4d177ab5595192e41ef2d0cf43841aa7bf47e9d2eb55a4629052485:1027:18	results/161.json.gz
161	std::decay_t	3	DEPENDENT_OR_LOCAL_NAMES: F	161:90c90b0613aa2c1f4f4e59d87905770535e8b24665e6be6b4254d1955a1106df:193:53	results/161.json.gz
161	std::decay_t	2	DEPENDENT_OR_LOCAL_NAMES: Container,data	161:33c0eb906d3cb2213bd90b5a1dc09fde6d98c9dd93f91424ce1056ff2bf74233:129:9	results/161.json.gz
161	std::decay_t	1	DEPENDENT_OR_LOCAL_NAMES: Container,size	161:33c0eb906d3cb2213bd90b5a1dc09fde6d98c9dd93f91424ce1056ff2bf74233:130:22	results/161.json.gz
161	std::decay_t	1	DEPENDENT_OR_LOCAL_NAMES: BasicMemberCandidate	161:493513a2ef75e6e7c80ae3f425f7b88966b020e9a7068c464179b49cd730c48f:138:20	results/161.json.gz
161	std::decay_t	1	DEPENDENT_OR_LOCAL_NAMES: B	161:493513a2ef75e6e7c80ae3f425f7b88966b020e9a7068c464179b49cd730c48f:181:23	results/161.json.gz
161	std::decay_t	1	DEPENDENT_OR_LOCAL_NAMES: D	161:493513a2ef75e6e7c80ae3f425f7b88966b020e9a7068c464179b49cd730c48f:181:40	results/161.json.gz
161	std::decay_t	1	DEPENDENT_OR_LOCAL_NAMES: NodeSet	161:43059ec81a12458aca23beff580a950d46efac7bb628f2c2df0611b37e52bef2:103:48	results/161.json.gz
161	std::decay_t	1	DEPENDENT_OR_LOCAL_NAMES: get,prop_type	161:6f079b1c1c4ff4e89415cbbbf2c480d8ceaeb9a4c0fd703d5d876bc49fd18fb3:40:5	results/161.json.gz
161	std::decay_t	2	DEPENDENT_OR_LOCAL_NAMES: ObjectToPath	161:ba744ad78992e1b7bc9f0bf41ba01be30edd2697d187e6a085b35448a16bea15:338:25	results/161.json.gz
161	std::decay_t	2	DEPENDENT_OR_LOCAL_NAMES: PathToObject	161:ba744ad78992e1b7bc9f0bf41ba01be30edd2697d187e6a085b35448a16bea15:339:25	results/161.json.gz
161	std::decay_t	2	DEPENDENT_OR_LOCAL_NAMES: Fn	161:21598b2ecdae95442b74d659ea3b626810ae2426d7fadfb93f59c5a90c187f5e:296:44	results/161.json.gz
161	std::decay_t	1	DEPENDENT_OR_LOCAL_NAMES: descriptor,func	161:fffef4c21667432bbba6344d24664284a3d6173659bfec237044d501bf932e2d:2564:21	results/161.json.gz
164	std::is_trivially_copy_constructible	3	NO_TEMPLATE_ARGUMENT_LIST	164:5dd13146de9e1ca0cf37e379af0ce4efd7ae1911c042281c39a5837d848c3e3a:133:7	results/164.json.gz
164	std::is_trivially_copy_constructible	2	DEPENDENT_OR_LOCAL_NAMES: T	164:ecdc89fa2005396cc6c7660dc02639a2812a80c433ca5d0180cb1352edb01b95:80:48	results/164.json.gz
165	std::result_of	5	DEPENDENT_OR_LOCAL_NAMES: F	165:5dd13146de9e1ca0cf37e379af0ce4efd7ae1911c042281c39a5837d848c3e3a:182:19	results/165.json.gz
165	std::result_of	2	NO_TEMPLATE_ARGUMENT_LIST	165:502acdb4ff702e3446934b70610e0da76b3b26166a6782f09ff7621250c18fdf:96:7	results/165.json.gz
165	std::result_of	2	DEPENDENT_OR_LOCAL_NAMES: Args,Fn	165:cd00f2408071f824b605268e653b46cba7a77e28f4f40d296167eb2473b7ff72:29:14	results/165.json.gz
165	std::result_of	3	DEPENDENT_OR_LOCAL_NAMES: T	165:aab55c54c5a057c0411f7a90fbb4df3798089d7e122196bcc6708e901c9e4606:282:20	results/165.json.gz
165	std::result_of	1	DEPENDENT_OR_LOCAL_NAMES: ArgTypes,F	165:8c1cd01bd778457f2d52598504e0039af74bc138618f4619e79f4b764c0ad7e1:39:23	results/165.json.gz
165	std::result_of	2	DEPENDENT_OR_LOCAL_NAMES: _ArgTypes,_F	165:143334cea58ee9b97d8e924acfd53c08c6e3b7a8932a1d7cb506a5c40bd1b1a8:338:22	results/165.json.gz
165	std::result_of	1	限定名还有外层命名空间；不是已确认的全局 std	165:0a3b85110d12d216b412b3a558f0b7883a45f37d51afaa491bec7f1d4f2ba608:697:20	results/165.json.gz
165	std::result_of	1	DEPENDENT_OR_LOCAL_NAMES: _Fp	165:d431cd2ce1902b92a87118bf81498a6a1f1e1879f71d10528409b4b8b3c11ee6:28:10	results/165.json.gz
165	std::result_of	1	DEPENDENT_OR_LOCAL_NAMES: _F1	165:d431cd2ce1902b92a87118bf81498a6a1f1e1879f71d10528409b4b8b3c11ee6:72:10	results/165.json.gz
165	std::result_of	1	DEPENDENT_OR_LOCAL_NAMES: _F2	165:d431cd2ce1902b92a87118bf81498a6a1f1e1879f71d10528409b4b8b3c11ee6:79:10	results/165.json.gz
165	std::result_of	1	DEPENDENT_OR_LOCAL_NAMES: Iter,UnaryFunc	165:2953bddf7523d350bd889a6b8ce93f12c845da2699004a618ffa80f1d86f4725:246:22	results/165.json.gz
165	std::result_of	1	DEPENDENT_OR_LOCAL_NAMES: App,Args,_parse_arg	165:bba890a02f9241463ca3861b80c1cfda5628054d4f8a6ab282208286645db374:6903:18	results/165.json.gz
165	std::result_of	1	DEPENDENT_OR_LOCAL_NAMES: App,Args,_parse_subcommand	165:bba890a02f9241463ca3861b80c1cfda5628054d4f8a6ab282208286645db374:6910:18	results/165.json.gz
166	std::underlying_type_t	1	DEPENDENT_OR_LOCAL_NAMES: ctrl_t	166:40ad7cb02f9922c476f66560e11ab705836e8d1dd78bade8dd4782d9c5a286aa:222:22	results/166.json.gz
166	std::underlying_type_t	8	DEPENDENT_OR_LOCAL_NAMES: T	166:07d0ded2db38342377d5514972ec38b2f52b2ec8ec73b8e35b521d38606bd445:377:16	results/166.json.gz
166	std::underlying_type_t	1	NO_TEMPLATE_ARGUMENT_LIST	166:5dd13146de9e1ca0cf37e379af0ce4efd7ae1911c042281c39a5837d848c3e3a:148:7	results/166.json.gz
166	std::underlying_type_t	1	DEPENDENT_OR_LOCAL_NAMES: StoredNameKind	166:b72b193cd914c1974b4524a2c1cb66f6d3856f48e5d378bf389e82b2c9ef4c78:197:20	results/166.json.gz
166	std::underlying_type_t	1	DEPENDENT_OR_LOCAL_NAMES: DeclarationNameExtra,ExtraKind,detail	166:b72b193cd914c1974b4524a2c1cb66f6d3856f48e5d378bf389e82b2c9ef4c78:198:20	results/166.json.gz
166	std::underlying_type_t	1	DEPENDENT_OR_LOCAL_NAMES: Atom	166:6e3133edc2f26660f369117c99b298fa79d7a6bc77c4417518c9872381482eb9:138:22	results/166.json.gz
166	std::underlying_type_t	3	DEPENDENT_OR_LOCAL_NAMES: DiagnosticLevelMask	166:6da4475ff3d0b9c7403500ff7c216f0448797f3695a3f982e9367b0f8c983a70:48:14	results/166.json.gz
166	std::underlying_type_t	3	DEPENDENT_OR_LOCAL_NAMES: Cat	166:6071599c9e4bc169df8048f19c9663023739ea59a708ad67078c16dcc9c078e9:157:39	results/166.json.gz
166	std::underlying_type_t	8	DEPENDENT_OR_LOCAL_NAMES: Enum	166:05f78c336e9951d6b92c0bc7963aef0f9a1afb1169e0c672fc43fda10f232073:69:22	results/166.json.gz
166	std::underlying_type_t	15	DEPENDENT_OR_LOCAL_NAMES: E	166:05f78c336e9951d6b92c0bc7963aef0f9a1afb1169e0c672fc43fda10f232073:117:24	results/166.json.gz
166	std::underlying_type_t	1	DEPENDENT_OR_LOCAL_NAMES: Memory,ProtectionFlags,sys	166:a53c6f8a761b16e5c5ded38479d0b567364e363241627473a81c73f689c80846:45:3	results/166.json.gz
166	std::underlying_type_t	1	DEPENDENT_OR_LOCAL_NAMES: MemProt,orc	166:a53c6f8a761b16e5c5ded38479d0b567364e363241627473a81c73f689c80846:217:16	results/166.json.gz
166	std::underlying_type_t	1	DEPENDENT_OR_LOCAL_NAMES: ArcFilterType	166:a2da77bddfa6154a3c72d50aa54fcda52cd2fdcacc57e9ab55683813119f1f06:147:33	results/166.json.gz
166	std::underlying_type_t	1	DEPENDENT_OR_LOCAL_NAMES: VarKind	166:d6cc8da9cb4b0cb94e6f61ea21c35c717c3fbfb9964c5c03e2d6e7a1f122dc3e:37:14	results/166.json.gz
166	std::underlying_type_t	1	DEPENDENT_OR_LOCAL_NAMES: RuntimeEnumType	166:9e8f9f3ba666d265fa58994a99aa8d2192c806f24b5c4b4197a92d8451ecbde6:539:15	results/166.json.gz
166	std::underlying_type_t	2	DEPENDENT_OR_LOCAL_NAMES: Tag	166:a2b947098e7a9f10853475339c602bdcf1f2ebe3133faaec3f106f6ef82def7a:454:36	results/166.json.gz
166	std::underlying_type_t	3	DEPENDENT_OR_LOCAL_NAMES: X	166:b7756cd84ff2645e29fa86aeb498473b79e4a63bfc16b4293040e64c8094fda6:53:19	results/166.json.gz
167	std::add_lvalue_reference	6	NO_TEMPLATE_ARGUMENT_LIST	167:ed758d3f72930cbb80c39d23ad7092aa461da6b1bb64f2331f486178a58a8c3c:22:7	results/167.json.gz
167	std::add_lvalue_reference	2	DEPENDENT_OR_LOCAL_NAMES: D	167:72ee69e0863f1c42860690a34a64dd98e0163c5f81207360c1dba7ac80219343:32:36	results/167.json.gz
167	std::add_lvalue_reference	2	DEPENDENT_OR_LOCAL_NAMES: BOOST_CLBL_TRTS_INCLUDE_QUALIFIERS,T	167:77f4a35921f367e884dd24364e6ef64e5b02f8c89a3c63ed4b189a8ae2a7d605:53:18	results/167.json.gz
167	std::add_lvalue_reference	2	DEPENDENT_OR_LOCAL_NAMES: Element	167:f323b51fe36ff0a59a4be0c521a1000090e2364c99885dc416a32f6fa037b069:616:7	results/167.json.gz
167	std::add_lvalue_reference	4	DEPENDENT_OR_LOCAL_NAMES: E	167:f323b51fe36ff0a59a4be0c521a1000090e2364c99885dc416a32f6fa037b069:633:17	results/167.json.gz
167	std::add_lvalue_reference	1	DEPENDENT_OR_LOCAL_NAMES: P	167:cd41a31e7f5d0667b8fa061edf2b1cd967ea672226885e5c76fe24160e4edee6:98:32	results/167.json.gz
167	std::add_lvalue_reference	2	DEPENDENT_OR_LOCAL_NAMES: IC	167:13048bf20c825640bc925d24319149a9891d89ead9cb76ba4a6482920f188f59:168:7	results/167.json.gz
167	std::add_lvalue_reference	1	DEPENDENT_OR_LOCAL_NAMES: ChannelReference	167:5e103155d0d744de008ba7c5d0a35710a87485ef0f99e4ee117d4f3cffab6314:182:7	results/167.json.gz
167	std::add_lvalue_reference	1	DEPENDENT_OR_LOCAL_NAMES: I,Tuple,tuple_element_return	167:f83915c6eb4d4d37b389995847a2c079c8bc47f66bfe006cf8ee67fc18d58449:38:3	results/167.json.gz
167	std::add_lvalue_reference	13	DEPENDENT_OR_LOCAL_NAMES: T	167:297ea7120cbe1030e06f0c4b691d1714d7b8369ade1bfeed864405c922b02f43:43:31	results/167.json.gz
167	std::add_lvalue_reference	1	限定名还有外层命名空间；不是已确认的全局 std	167:c4e2eb9457287c6050e3df0b681bb28560909b3c9d299c30363e946ee7f196af:63:28	results/167.json.gz
167	std::add_lvalue_reference	3	DEPENDENT_OR_LOCAL_NAMES: value_type	167:5fa1312ae8ba2c7ff535b4c40bbcae3ad5331f00288d0dc93664e98d45784c9c:57:15	results/167.json.gz
167	std::add_lvalue_reference	2	DEPENDENT_OR_LOCAL_NAMES: Args	167:c95cf2bb6834a6fa4eceba7d603e3bfc94c2bf06040cd19915127d0bcae21d7a:934:29	results/167.json.gz
167	std::add_lvalue_reference	4	DEPENDENT_OR_LOCAL_NAMES: I,T,mp11,mp_at_c,variant	167:398598c284ebcb41236f2b22856572f9aca86bc707964325e4eb2e2d8282b9e3:180:95	results/167.json.gz
167	std::add_lvalue_reference	1	DEPENDENT_OR_LOCAL_NAMES: element_type	167:a47a8142c83388c2cc40de93e9f6195c20e654d94530a5fe83df8982000f7b4b:723:16	results/167.json.gz
167	std::add_lvalue_reference	2	DEPENDENT_OR_LOCAL_NAMES: T,intrinsic_t	167:82ba4ca5ce40e10ab0e3918a0c63a4a61244543eb771d687ef8a11f3cecd4aef:808:45	results/167.json.gz
167	std::add_lvalue_reference	1	DEPENDENT_OR_LOCAL_NAMES: Allocator	167:517ddc20635c54c01434848111277f9851662e22bd96301b8e9619df55ab3cef:193:14	results/167.json.gz
167	std::add_lvalue_reference	2	DEPENDENT_OR_LOCAL_NAMES: OldT	167:00ffd6996f207117d2fbaa64a2c846a2d8b568fa91a3f37d59e56ddfe5c484e0:121:47	results/167.json.gz
167	std::add_lvalue_reference	1	DEPENDENT_OR_LOCAL_NAMES: OutputIt,iterator_traits,thrust	167:fad196af497c5168b772f766420f846db245347243d31ac659ea7d53b585f763:463:14	results/167.json.gz
167	std::add_lvalue_reference	1	DEPENDENT_OR_LOCAL_NAMES: FormatContext,out	167:201c618cc1687cc795d49daa9a6ddca14cd51231ca59c4b430e8612095c68872:217:14	results/167.json.gz
173	std::add_const	4	NO_TEMPLATE_ARGUMENT_LIST	173:502acdb4ff702e3446934b70610e0da76b3b26166a6782f09ff7621250c18fdf:55:7	results/173.json.gz
173	std::add_const	2	DEPENDENT_OR_LOCAL_NAMES: value_type	173:676d7e4b51054cd0afbe1b002bb4d108e720b3a24693b75aea6753498e76484c:85:22	results/173.json.gz
173	std::add_const	1	DEPENDENT_OR_LOCAL_NAMES: Element	173:f323b51fe36ff0a59a4be0c521a1000090e2364c99885dc416a32f6fa037b069:625:42	results/173.json.gz
173	std::add_const	2	DEPENDENT_OR_LOCAL_NAMES: E	173:f323b51fe36ff0a59a4be0c521a1000090e2364c99885dc416a32f6fa037b069:643:52	results/173.json.gz
173	std::add_const	1	DEPENDENT_OR_LOCAL_NAMES: IC	173:13048bf20c825640bc925d24319149a9891d89ead9cb76ba4a6482920f188f59:172:42	results/173.json.gz
173	std::add_const	1	DEPENDENT_OR_LOCAL_NAMES: ChannelReference	173:5e103155d0d744de008ba7c5d0a35710a87485ef0f99e4ee117d4f3cffab6314:182:42	results/173.json.gz
173	std::add_const	1	DEPENDENT_OR_LOCAL_NAMES: I,Tuple,tuple_element_return	173:f83915c6eb4d4d37b389995847a2c079c8bc47f66bfe006cf8ee67fc18d58449:48:3	results/173.json.gz
173	std::add_const	4	DEPENDENT_OR_LOCAL_NAMES: T	173:efee43c0d1c4cf30a2a1815a8151b3075e02f8c94d37d15ddfa5be126f055997:354:45	results/173.json.gz
173	std::add_const	2	限定名还有外层命名空间；不是已确认的全局 std	173:c4e2eb9457287c6050e3df0b681bb28560909b3c9d299c30363e946ee7f196af:64:24	results/173.json.gz
173	std::add_const	1	DEPENDENT_OR_LOCAL_NAMES: Target	173:c2c17ae529f532eb6714a03bac4f8c9d3061f22840b55e9aef4b5d0e01b9f496:189:15	results/173.json.gz
173	std::add_const	1	DEPENDENT_OR_LOCAL_NAMES: I,T,mp11,mp_at_c,variant	173:398598c284ebcb41236f2b22856572f9aca86bc707964325e4eb2e2d8282b9e3:168:100	results/173.json.gz
173	std::add_const	1	DEPENDENT_OR_LOCAL_NAMES: N,T,tuple_element	173:cf72961d1994ac6f5a275a1577954d611018dd9d56feefaf797fb665c1ff7c62:80:27	results/173.json.gz
173	std::add_const	1	DEPENDENT_OR_LOCAL_NAMES: ValueType	173:ca7216b99c6244d3064034eaaecfeeebeb1b44b88bfcf1c2c4be1104abc0e9d7:389:27	results/173.json.gz
173	std::add_const	1	DEPENDENT_OR_LOCAL_NAMES: Dst	173:4cd21d0703fbb45c8728bccf19e6062eb5a1861daf998473876891a3a9386ff3:42:40	results/173.json.gz
173	std::add_const	1	DEPENDENT_OR_LOCAL_NAMES: Fn	173:aa5fd11592c98c5dfefcccf388f62c5af296571667b574177e982aab2dcf18e4:150:22	results/173.json.gz
174	std::add_pointer	8	NO_TEMPLATE_ARGUMENT_LIST	174:dcd2f7f97cf8091732d0f7335f69b40c603a1446475ed3542e5d425a31586dbc:157:74	results/174.json.gz
174	std::add_pointer	1	DEPENDENT_OR_LOCAL_NAMES: From	174:e03e1966254b94942d24e4f236288a29a36d0e1f76362049f876917254cad67b:101:18	results/174.json.gz
174	std::add_pointer	1	DEPENDENT_OR_LOCAL_NAMES: To	174:e03e1966254b94942d24e4f236288a29a36d0e1f76362049f876917254cad67b:102:18	results/174.json.gz
174	std::add_pointer	2	DEPENDENT_OR_LOCAL_NAMES: T	174:20f3567829447229b0e533a051b4e4bb7616ec7360cc2696b93c228b62f594ca:187:44	results/174.json.gz
174	std::add_pointer	1	DEPENDENT_OR_LOCAL_NAMES: I,T,ubiq_lref_base_asserting,ubiq_lref_constructor	174:ccf68e9226492c95c26018b845a6ca8a2025cb757fd7b5c1d19a39e176d9e12c:132:17	results/174.json.gz
174	std::add_pointer	1	DEPENDENT_OR_LOCAL_NAMES: I,T,ubiq_rref_base_asserting,ubiq_rref_constructor	174:ccf68e9226492c95c26018b845a6ca8a2025cb757fd7b5c1d19a39e176d9e12c:139:17	results/174.json.gz
174	std::add_pointer	1	DEPENDENT_OR_LOCAL_NAMES: I,T,ubiq_lref_constructor	174:ccf68e9226492c95c26018b845a6ca8a2025cb757fd7b5c1d19a39e176d9e12c:153:17	results/174.json.gz
174	std::add_pointer	1	DEPENDENT_OR_LOCAL_NAMES: I,T,ubiq_rref_constructor	174:ccf68e9226492c95c26018b845a6ca8a2025cb757fd7b5c1d19a39e176d9e12c:157:17	results/174.json.gz
174	std::add_pointer	2	DEPENDENT_OR_LOCAL_NAMES: I,T,variant,variant_alternative_t	174:398598c284ebcb41236f2b22856572f9aca86bc707964325e4eb2e2d8282b9e3:473:56	results/174.json.gz
174	std::add_pointer	2	DEPENDENT_OR_LOCAL_NAMES: U	174:398598c284ebcb41236f2b22856572f9aca86bc707964325e4eb2e2d8282b9e3:485:50	results/174.json.gz
174	std::add_pointer	1	DEPENDENT_OR_LOCAL_NAMES: ReferenceType	174:298ad906bd66894f5f5af6cc2667fbdafd120b5b8904825d47244a17c65e0cca:19927:51	results/174.json.gz
174	std::add_pointer	2	DEPENDENT_OR_LOCAL_NAMES: T,intrinsic_t	174:82ba4ca5ce40e10ab0e3918a0c63a4a61244543eb771d687ef8a11f3cecd4aef:807:45	results/174.json.gz
174	std::add_pointer	1	DEPENDENT_OR_LOCAL_NAMES: Fn	174:aa5fd11592c98c5dfefcccf388f62c5af296571667b574177e982aab2dcf18e4:149:32	results/174.json.gz
175	std::aligned_storage	1	NO_TEMPLATE_ARGUMENT_LIST	175:502acdb4ff702e3446934b70610e0da76b3b26166a6782f09ff7621250c18fdf:58:7	results/175.json.gz
175	std::aligned_storage	1	DEPENDENT_OR_LOCAL_NAMES: Len,Ts,alignment_value,max_sizeof	175:6bde3fec9e08929484b496303238fb02caf4ddbcda4a9fd62a12aff5e7eb1f2d:67:27	results/175.json.gz
175	std::aligned_storage	1	DEPENDENT_OR_LOCAL_NAMES: exemplar	175:773211ecf78e4dc78533456b4edb7b0a37f3c89b6aef84ad9b8349f6855360dc:65:18	results/175.json.gz
175	std::aligned_storage	8	DEPENDENT_OR_LOCAL_NAMES: T	175:e81e35ee813a3d32db54c65f21c63b76c99293950bc6e733c4fdbdd8136cc632:33:14	results/175.json.gz
175	std::aligned_storage	1	DEPENDENT_OR_LOCAL_NAMES: holder	175:e81e35ee813a3d32db54c65f21c63b76c99293950bc6e733c4fdbdd8136cc632:74:14	results/175.json.gz
175	std::aligned_storage	4	DEPENDENT_OR_LOCAL_NAMES: value_type	175:57f410415497114936ce3931664048e209f51ea5a162b61265bbfe83a87f258f:305:26	results/175.json.gz
175	std::aligned_storage	1	DEPENDENT_OR_LOCAL_NAMES: R	175:3d0fc3c54d9b9a910cb3f03fd4f1f794798b12fbb5d9fe72f11675c91242b361:160:14	results/175.json.gz
175	std::aligned_storage	1	DEPENDENT_OR_LOCAL_NAMES: align,len	175:dcd2f7f97cf8091732d0f7335f69b40c603a1446475ed3542e5d425a31586dbc:173:37	results/175.json.gz
175	std::aligned_storage	1	DEPENDENT_OR_LOCAL_NAMES: len	175:dcd2f7f97cf8091732d0f7335f69b40c603a1446475ed3542e5d425a31586dbc:180:37	results/175.json.gz
175	std::aligned_storage	2	DEPENDENT_OR_LOCAL_NAMES: CEREAL_ALIGNOF,T	175:d224529813dbc141cee2ee8164a811eae1b5864df657ec1152df9b61ef5cfe21:67:27	results/175.json.gz
175	std::aligned_storage	1	DEPENDENT_OR_LOCAL_NAMES: CEREAL_ALIGNOF,ParentType	175:8c66bfbafd7866897748515ca96f3926d8a1b4f0a3aaf04eafdcc94d6e7cb7e6:137:36	results/175.json.gz
175	std::aligned_storage	1	DEPENDENT_OR_LOCAL_NAMES: CEREAL_ALIGNOF,NonConstT	175:8c66bfbafd7866897748515ca96f3926d8a1b4f0a3aaf04eafdcc94d6e7cb7e6:380:27	results/175.json.gz
175	std::aligned_storage	2	DEPENDENT_OR_LOCAL_NAMES: _Tp,__alignof__	175:f6f018026bb853f7e0c9ed8f5a5f57e7e397bb10012e07092564834fa2a25478:93:7	results/175.json.gz
175	std::aligned_storage	1	DEPENDENT_OR_LOCAL_NAMES: Len	175:2fb80a19048fc594c5a5f795e18c6ced6ec0af181f196cca0908461cda9ddf67:637:36	results/175.json.gz
175	std::aligned_storage	2	DEPENDENT_OR_LOCAL_NAMES: Align,Len	175:2fb80a19048fc594c5a5f795e18c6ced6ec0af181f196cca0908461cda9ddf67:642:10	results/175.json.gz
175	std::aligned_storage	1	DEPENDENT_OR_LOCAL_NAMES: DerivedTypes,grpc_core,manual_ctor_impl,max_align_of,max_size_of	175:98f31fd946359d7b4a38408bde9ad5b0c4884745864d111c6208ca4fde6597d4:162:12	results/175.json.gz
175	std::aligned_storage	1	DEPENDENT_OR_LOCAL_NAMES: Type	175:98f31fd946359d7b4a38408bde9ad5b0c4884745864d111c6208ca4fde6597d4:208:12	results/175.json.gz
175	std::aligned_storage	1	DEPENDENT_OR_LOCAL_NAMES: T,Tensor,ValueAndTensorBuffer	175:0fc182376ce9137c504cbd4028124d3fa015b2814cd8380db12e1c3c4394c86a:1057:12	results/175.json.gz
175	std::aligned_storage	1	DEPENDENT_OR_LOCAL_NAMES: Align,Size	175:63e1128734a9a3663be0d1d554435480726a9d8bddaa2b0d9b84ae79cfafcd7f:63:5	results/175.json.gz
175	std::aligned_storage	1	DEPENDENT_OR_LOCAL_NAMES: Ts_TypedData	175:dddad6740e2d70eff362d3af3cc896f1882b078345917b72624fc33ffb3e7560:461:18	results/175.json.gz
175	std::aligned_storage	1	DEPENDENT_OR_LOCAL_NAMES: _MaxLocalSize	175:eaffeb0bd1f5f55b54b1215a68a9d27b6bb8e8534df5a447dc44f95cdc6a19b6:198:13	results/175.json.gz
175	std::aligned_storage	1	DEPENDENT_OR_LOCAL_NAMES: kAlign,kStack	175:5b5803a5269e92e60522e5e81061418a47428abb0fc7b90e47f41bc68a902e9d:169:5	results/175.json.gz
175	std::aligned_storage	1	DEPENDENT_OR_LOCAL_NAMES: align,size	175:576af1e692c3fb9261cbb2908490aa20c77bb688877188c81516086cfb372d78:64:14	results/175.json.gz
175	std::aligned_storage	1	DEPENDENT_OR_LOCAL_NAMES: ArrayType	175:5056c5139b06e52680c7f7b85d027a76ff21303f467c30e3fcfec878ffd43b95:147:34	results/175.json.gz
180	std::common_type	1	NO_TEMPLATE_ARGUMENT_LIST	180:dcd2f7f97cf8091732d0f7335f69b40c603a1446475ed3542e5d425a31586dbc:199:74	results/180.json.gz
180	std::common_type	1	DEPENDENT_OR_LOCAL_NAMES: Indices	180:2adf2ada589a8010c248cab7f878551d90e929a9a1d2147561ea79a88b1540c1:112:61	results/180.json.gz
180	std::common_type	1	DEPENDENT_OR_LOCAL_NAMES: Args	180:e8ef4d1e1a0a6d640d7cc5914f9fa085074e8a5b0e1e80fdf703cf2d54af08c3:47:54	results/180.json.gz
180	std::common_type	1	DEPENDENT_OR_LOCAL_NAMES: conv_type,exponent_type	180:bcd782b34bd90d894c416fa595cd31c9e7114f343eb4dd1aad24bb722ab3dfc5:1584:37	results/180.json.gz
180	std::common_type	1	DEPENDENT_OR_LOCAL_NAMES: T,boost,detail,local_limb_type,make_unsigned,multiprecision	180:2677f6c5f854060c483f08500f2d7ddb16e4d3f5e64562e414fdd1ebb4226aa4:985:36	results/180.json.gz
180	std::common_type	3	DEPENDENT_OR_LOCAL_NAMES: T,local_limb_type	180:2677f6c5f854060c483f08500f2d7ddb16e4d3f5e64562e414fdd1ebb4226aa4:995:36	results/180.json.gz
180	std::common_type	2	DEPENDENT_OR_LOCAL_NAMES: Allocator1,Checked1,MaxBits1,MinBits1,R,SignType1,cpp_int_backend,local_limb_type	180:34a6e903972e64bccfde75b9e800d37ac5eae5047dac8f124b273443923c3757:1296:36	results/180.json.gz
180	std::common_type	1	DEPENDENT_OR_LOCAL_NAMES: _W1,_W2	180:825d53c68b966f323bbb200e566a773e93d3a2dbd74aade69bfff3e376bbac47:160:29	results/180.json.gz
180	std::common_type	1	DEPENDENT_OR_LOCAL_NAMES: _Eresult_type,result_type	180:f6556a0cab29c686810085215a0ee78fb6a025e160229251880543d207a1fcf1:754:24	results/180.json.gz
180	std::common_type	1	DEPENDENT_OR_LOCAL_NAMES: _Dp,_Ep,_Tp,_Up,unique_ptr	180:a47a8142c83388c2cc40de93e9f6195c20e654d94530a5fe83df8982000f7b4b:889:2	results/180.json.gz
180	std::common_type	8	DEPENDENT_OR_LOCAL_NAMES: _DifferenceType1,_DifferenceType2	180:de16b398a5864f471f080e20d7ee611d0f8caf04b2e402b70c52f5d6d4a85ed9:726:22	results/180.json.gz
180	std::common_type	2	DEPENDENT_OR_LOCAL_NAMES: T	180:2fb80a19048fc594c5a5f795e18c6ced6ec0af181f196cca0908461cda9ddf67:662:32	results/180.json.gz
180	std::common_type	1	DEPENDENT_OR_LOCAL_NAMES: d	180:f6c4d7372bb65c80249eaecb2a18aba01c62ea66ba65f7f5dbfe9de0e2c4615f:461:16	results/180.json.gz
180	std::common_type	1	DEPENDENT_OR_LOCAL_NAMES: Rep	180:f6c4d7372bb65c80249eaecb2a18aba01c62ea66ba65f7f5dbfe9de0e2c4615f:480:32	results/180.json.gz
180	std::common_type	2	DEPENDENT_OR_LOCAL_NAMES: Factor,From,To,num,rep	180:d7120ad34bd2185f81c7ca29f0f91351fe0484c18f0cb2981282a7ca88df9c9f:174:16	results/180.json.gz
180	std::common_type	1	DEPENDENT_OR_LOCAL_NAMES: IntermediateRep,intmax_t	180:d7120ad34bd2185f81c7ca29f0f91351fe0484c18f0cb2981282a7ca88df9c9f:277:31	results/180.json.gz
180	std::common_type	3	DEPENDENT_OR_LOCAL_NAMES: Jet,N,T,U,ceres	180:5f843c24d462664145867b209f76f0916ee2104a2e246fefc8f28d6d9a9a7a2f:194:8	results/180.json.gz
182	std::is_assignable	8	DEPENDENT_OR_LOCAL_NAMES: StatusOr,T,U	182:93febd5d2b52f66456fd62b5316eec3843c3055e5bc4a1761840804f45c7e240:76:23	results/182.json.gz
182	std::is_assignable	12	DEPENDENT_OR_LOCAL_NAMES: T,U	182:93febd5d2b52f66456fd62b5316eec3843c3055e5bc4a1761840804f45c7e240:184:42	results/182.json.gz
182	std::is_assignable	1	NO_TEMPLATE_ARGUMENT_LIST	182:dcd2f7f97cf8091732d0f7335f69b40c603a1446475ed3542e5d425a31586dbc:99:82	results/182.json.gz
182	std::is_assignable	1	DEPENDENT_OR_LOCAL_NAMES: Backend,V	182:8d355adbbce0a1c9264b97d97dbfddfea5cb2f33f1fb7f6662da6bb87298ce1f:107:28	results/182.json.gz
182	std::is_assignable	2	DEPENDENT_OR_LOCAL_NAMES: Backend,T	182:4ba35b0643e5421bae8bbc15ae465270e35260b5e49a8ca75ca2ac8723e3e0b2:85:86	results/182.json.gz
182	std::is_assignable	1	DEPENDENT_OR_LOCAL_NAMES: V,detail,digits10,gmp_float_imp	182:4b11ad36ac9156c502bdeb3b28b4a2b39e3be4841b21a0ecfde635647839b44f:676:28	results/182.json.gz
182	std::is_assignable	1	DEPENDENT_OR_LOCAL_NAMES: V,detail,gmp_float_imp	182:4b11ad36ac9156c502bdeb3b28b4a2b39e3be4841b21a0ecfde635647839b44f:820:28	results/182.json.gz
182	std::is_assignable	1	DEPENDENT_OR_LOCAL_NAMES: V,detail,digits10,mpc_complex_imp	182:611b2540c781ce2b0a86e8346db64b6182a5467cfde882a690ef6f2c45793776:538:28	results/182.json.gz
182	std::is_assignable	1	DEPENDENT_OR_LOCAL_NAMES: V,detail,digits10,mpfi_float_imp	182:b0fafa718a55c3fd290827ee5216e922b75a67f8ef25455c2db2d826f28877ad:551:28	results/182.json.gz
182	std::is_assignable	1	DEPENDENT_OR_LOCAL_NAMES: AllocationType,V,detail,digits10,mpfr_float_imp	182:c9254c0b93831b50045063c93d2a57c368ed1a137ea2117cf058d29410c46df1:1027:28	results/182.json.gz
182	std::is_assignable	1	DEPENDENT_OR_LOCAL_NAMES: V,allocate_dynamic,detail,mpfr_float_imp	182:c9254c0b93831b50045063c93d2a57c368ed1a137ea2117cf058d29410c46df1:1175:28	results/182.json.gz
182	std::is_assignable	2	DEPENDENT_OR_LOCAL_NAMES: Arg1,Arg2,Arg3,Arg4,detail,expression,number,result_type,tag	182:2549b437a6319ee9cbd2032560a0272611715dd89c2919dd85a4a3f9e9aed569:1200:53	results/182.json.gz
182	std::is_assignable	1	DEPENDENT_OR_LOCAL_NAMES: Backend,convertible_to,float128_type	182:a3c604ed31afffda69f15e8bf473b10afe0d3361dfb8b73b1da2758d4cbe9efe:33:34	results/182.json.gz
182	std::is_assignable	1	DEPENDENT_OR_LOCAL_NAMES: Backend,convertible_to,int128_type	182:a3c604ed31afffda69f15e8bf473b10afe0d3361dfb8b73b1da2758d4cbe9efe:40:34	results/182.json.gz
182	std::is_assignable	1	DEPENDENT_OR_LOCAL_NAMES: Backend,convertible_to,uint128_type	182:a3c604ed31afffda69f15e8bf473b10afe0d3361dfb8b73b1da2758d4cbe9efe:45:34	results/182.json.gz
182	std::is_assignable	15	DEPENDENT_OR_LOCAL_NAMES: T	182:746803987256b4af244bce7e33f218effa0f697bc517462d44e13125cacedb4a:56:24	results/182.json.gz
182	std::is_assignable	1	DEPENDENT_OR_LOCAL_NAMES: U,V	182:398598c284ebcb41236f2b22856572f9aca86bc707964325e4eb2e2d8282b9e3:1673:44	results/182.json.gz
182	std::is_assignable	8	DEPENDENT_OR_LOCAL_NAMES: T,U,optional	182:6cf3a2d9091ec702e88e1c787fab7f6347f7e4051202b8ff5abc2e2c86203e36:361:21	results/182.json.gz
182	std::is_assignable	1	DEPENDENT_OR_LOCAL_NAMES: T,Tj	182:0d89b3f52d0f1e22a331e74eed9b0609321dbefc57e6cc1aec1d33745ea5fcfc:590:31	results/182.json.gz
182	std::is_assignable	2	DEPENDENT_OR_LOCAL_NAMES: ConstructibleArrayType	182:298ad906bd66894f5f5af6cc2667fbdafd120b5b8904825d47244a17c65e0cca:4007:14	results/182.json.gz
182	std::is_assignable	1	DEPENDENT_OR_LOCAL_NAMES: _TTp,pointer	182:1e769d34475ec2247f4821b13e0c5cf9de202fd27850d33f56ec6d8314374279:291:17	results/182.json.gz
182	std::is_assignable	1	DEPENDENT_OR_LOCAL_NAMES: Other,T	182:ecdc89fa2005396cc6c7660dc02639a2812a80c433ca5d0180cb1352edb01b95:319:5	results/182.json.gz
182	std::is_assignable	4	DEPENDENT_OR_LOCAL_NAMES: AssignTo	182:bba890a02f9241463ca3861b80c1cfda5628054d4f8a6ab282208286645db374:2067:67	results/182.json.gz
182	std::is_assignable	3	DEPENDENT_OR_LOCAL_NAMES: AssignTo,ConvertTo	182:bba890a02f9241463ca3861b80c1cfda5628054d4f8a6ab282208286645db374:2119:68	results/182.json.gz
182	std::is_assignable	1	DEPENDENT_OR_LOCAL_NAMES: ConvertTo	182:bba890a02f9241463ca3861b80c1cfda5628054d4f8a6ab282208286645db374:2439:27	results/182.json.gz
183	std::is_pod	1	NO_TEMPLATE_ARGUMENT_LIST	183:dcd2f7f97cf8091732d0f7335f69b40c603a1446475ed3542e5d425a31586dbc:71:75	results/183.json.gz
183	std::is_pod	14	DEPENDENT_OR_LOCAL_NAMES: T	183:db1916681a805d0127f19d13a11f8d6fb674c2e0a850a22931fa0bc5dd4b664b:316:37	results/183.json.gz
183	std::is_pod	1	DEPENDENT_OR_LOCAL_NAMES: ValueType	183:ded1ba14bf7562a744139af3b340ecc6241bf36369425dcfce6c5de5eea7f6cd:651:46	results/183.json.gz
184	std::remove_cv_t	2	NO_TEMPLATE_ARGUMENT_LIST	184:5dd13146de9e1ca0cf37e379af0ce4efd7ae1911c042281c39a5837d848c3e3a:143:7	results/184.json.gz
184	std::remove_cv_t	129	DEPENDENT_OR_LOCAL_NAMES: T	184:a1e35c1a5dbaefab35e642a568f6fa1587175a11fbc47c29053a8eaae041b569:95:18	results/184.json.gz
184	std::remove_cv_t	2	DEPENDENT_OR_LOCAL_NAMES: begin,f,v	184:4eb9781a47d9956e06a958405323a058b2dc05602f00a562ff991ff396bd330d:73:23	results/184.json.gz
184	std::remove_cv_t	1	DEPENDENT_OR_LOCAL_NAMES: Axis,arg_type,detail,index	184:aedfe8e1fcc855d8e1ca8d6663b3a8e2650246c8c743c3062e7ebb7490cb6b9c:34:7	results/184.json.gz
184	std::remove_cv_t	1	DEPENDENT_OR_LOCAL_NAMES: PointerOut	184:79a69259aa02a84f644925b7a14166e3f3453688c05ca7e8d8c41131e9a7c1ed:652:34	results/184.json.gz
184	std::remove_cv_t	3	DEPENDENT_OR_LOCAL_NAMES: Derived	184:cb7cc251ef82d9bfd72b04d51cc4c0892c5d1e3b0682a200b0a5dc50c9c6319c:196:35	results/184.json.gz
184	std::remove_cv_t	6	DEPENDENT_OR_LOCAL_NAMES: D	184:cb7cc251ef82d9bfd72b04d51cc4c0892c5d1e3b0682a200b0a5dc50c9c6319c:721:54	results/184.json.gz
184	std::remove_cv_t	1	DEPENDENT_OR_LOCAL_NAMES: Expr,detail,kind,remove_cv_ref_t	184:e05a448f32ec2b375e728cf5d490ad82398c5536edafae1e0adb9359f7e00303:132:19	results/184.json.gz
184	std::remove_cv_t	2	DEPENDENT_OR_LOCAL_NAMES: ValueT	184:1619ef5abe322f739c9d723a4815f75a0359382bb12233de697ba123005f6822:214:26	results/184.json.gz
184	std::remove_cv_t	1	DEPENDENT_OR_LOCAL_NAMES: RHS	184:606fe0501f55abfc295fe498a2139dbc1c0295ea7364bd1ae1c3c6c090fba38c:61:21	results/184.json.gz
184	std::remove_cv_t	1	DEPENDENT_OR_LOCAL_NAMES: ItTy	184:c0e46375d48b6d6b84b2df519160105f090946447b4577c1e245760ecff5a223:221:34	results/184.json.gz
184	std::remove_cv_t	1	DEPENDENT_OR_LOCAL_NAMES: Traits,arg_t,template	184:7a86b4ba0652af8dc6f34a0548c4d14d260ed1415cfdb7f5b705a6ac5452c7f8:58:19	results/184.json.gz
184	std::remove_cv_t	1	DEPENDENT_OR_LOCAL_NAMES: HandlerArgT	184:ca4239a333ae0e9c34f568fb7b6825f75ba15ab95f8be21ecc022665b9cc79a2:54:7	results/184.json.gz
184	std::remove_cv_t	1	DEPENDENT_OR_LOCAL_NAMES: C	184:3d09cd618f64562f50703bb4b31621bdb6cfe1782746ed01f7cddc9b000edb21:31:21	results/184.json.gz
184	std::remove_cv_t	1	DEPENDENT_OR_LOCAL_NAMES: From	184:3c053f7271501500f7bccf7b93d08c441abf715ef66d377718947e4aef9f8433:390:23	results/184.json.gz
184	std::remove_cv_t	1	DEPENDENT_OR_LOCAL_NAMES: Fn	184:aa5fd11592c98c5dfefcccf388f62c5af296571667b574177e982aab2dcf18e4:107:9	results/184.json.gz
184	std::remove_cv_t	1	DEPENDENT_OR_LOCAL_NAMES: GetItem,result_type	184:59146f23ba50eebf958ff2d21f0d60527d601d155715dfd22d559bee0ac3276d:155:28	results/184.json.gz
188	std::invoke_result	4	DEPENDENT_OR_LOCAL_NAMES: Args,F	188:5dd13146de9e1ca0cf37e379af0ce4efd7ae1911c042281c39a5837d848c3e3a:179:32	results/188.json.gz
188	std::invoke_result	7	DEPENDENT_OR_LOCAL_NAMES: ArgTypes,F	188:aab55c54c5a057c0411f7a90fbb4df3798089d7e122196bcc6708e901c9e4606:271:20	results/188.json.gz
188	std::invoke_result	1	DEPENDENT_OR_LOCAL_NAMES: Iter,UnaryFunc	188:2953bddf7523d350bd889a6b8ce93f12c845da2699004a618ffa80f1d86f4725:244:22	results/188.json.gz
189	std::is_empty	1	DEPENDENT_OR_LOCAL_NAMES: A	189:66fef0d08dba4f2f469a6659f4bb9404c90da0f0ecd73814f12da70fbfa174af:336:22	results/189.json.gz
189	std::is_empty	1	NO_TEMPLATE_ARGUMENT_LIST	189:dcd2f7f97cf8091732d0f7335f69b40c603a1446475ed3542e5d425a31586dbc:76:77	results/189.json.gz
189	std::is_empty	1	DEPENDENT_OR_LOCAL_NAMES: Allocator	189:b4c4fb6783e3342c1fa989bd0b4926237cfcc91e1ae3e777d78b68297377ae7e:78:34	results/189.json.gz
189	std::is_empty	2	CUDA 内嵌标准实现的命名空间/目标配置未闭合，不用宿主 std 测量替代	189:ea5840e617a8bf30864fe61a8dec524b3ffbf404641a9a5dcdea47ad62423c2b:226:18	results/189.json.gz
189	std::is_empty	1	DEPENDENT_OR_LOCAL_NAMES: BaseAllocator	189:ee030597b2a6bff53f1a6b7d449e093aa5db8bed510f38ea2d943f63dbeb5aca:600:29	results/189.json.gz
190	std::is_nothrow_default_constructible	2	DEPENDENT_OR_LOCAL_NAMES: hasher	190:664a2991e24a3b879d7ba75a36039a01a1a31739807904576d6dcd2a90cad2e2:2145:7	results/190.json.gz
190	std::is_nothrow_default_constructible	2	DEPENDENT_OR_LOCAL_NAMES: key_equal	190:664a2991e24a3b879d7ba75a36039a01a1a31739807904576d6dcd2a90cad2e2:2146:7	results/190.json.gz
190	std::is_nothrow_default_constructible	2	DEPENDENT_OR_LOCAL_NAMES: allocator_type	190:664a2991e24a3b879d7ba75a36039a01a1a31739807904576d6dcd2a90cad2e2:2147:7	results/190.json.gz
190	std::is_nothrow_default_constructible	2	NO_TEMPLATE_ARGUMENT_LIST	190:f18be7ff1b90992911701e046207eb0d106f0f4d2e7d20202ff785cc7a812727:33:7	results/190.json.gz
190	std::is_nothrow_default_constructible	2	DEPENDENT_OR_LOCAL_NAMES: Allocator	190:adc665fbbcaf62b33548f8ed5612962da32f50e5f74c72bef5dc3fec1dae2d45:73:9	results/190.json.gz
190	std::is_nothrow_default_constructible	3	DEPENDENT_OR_LOCAL_NAMES: value_type	190:e71658bffa77eddbe73fc9fe5e4551a52ed7931ffe6200168001a0878a341f44:697:65	results/190.json.gz
190	std::is_nothrow_default_constructible	4	DEPENDENT_OR_LOCAL_NAMES: T	190:2035e591a5dc6b1f43a0bec38785d131e97d2969918646430de452a9fe6ddd2a:59:50	results/190.json.gz
190	std::is_nothrow_default_constructible	4	DEPENDENT_OR_LOCAL_NAMES: _value_type_	190:2035e591a5dc6b1f43a0bec38785d131e97d2969918646430de452a9fe6ddd2a:964:5	results/190.json.gz
190	std::is_nothrow_default_constructible	4	DEPENDENT_OR_LOCAL_NAMES: _error_type_	190:2035e591a5dc6b1f43a0bec38785d131e97d2969918646430de452a9fe6ddd2a:991:57	results/190.json.gz
190	std::is_nothrow_default_constructible	1	DEPENDENT_OR_LOCAL_NAMES: variant_type	190:fae8021f60257e6732dec3491b835b464c2d3b46a8efa00ddd07a3f1b1b60fd6:143:37	results/190.json.gz
190	std::is_nothrow_default_constructible	2	DEPENDENT_OR_LOCAL_NAMES: E2	190:129dbf6108ea9cad20b345b10da237fc3f96541753043a15c34fba5c25f90d12:201:13	results/190.json.gz
190	std::is_nothrow_default_constructible	4	DEPENDENT_OR_LOCAL_NAMES: E	190:129dbf6108ea9cad20b345b10da237fc3f96541753043a15c34fba5c25f90d12:405:19	results/190.json.gz
190	std::is_nothrow_default_constructible	1	DEPENDENT_OR_LOCAL_NAMES: T,mp11,mp_first,variant	190:398598c284ebcb41236f2b22856572f9aca86bc707964325e4eb2e2d8282b9e3:1625:19	results/190.json.gz
190	std::is_nothrow_default_constructible	1	DEPENDENT_OR_LOCAL_NAMES: ConstructibleH	190:45c0153c15ac2b431ae5ea722ac0092fe1fb74805c9267b00e8be5d4fb93f10b:1034:7	results/190.json.gz
191	std::is_nothrow_move_assignable	1	NO_TEMPLATE_ARGUMENT_LIST	191:dcd2f7f97cf8091732d0f7335f69b40c603a1446475ed3542e5d425a31586dbc:109:95	results/191.json.gz
191	std::is_nothrow_move_assignable	2	DEPENDENT_OR_LOCAL_NAMES: T	191:61de1d2a3e919e7a93b8c027a50ac9628e8ae1db4cc2dc09ccaaad81e0502511:78:36	results/191.json.gz
191	std::is_nothrow_move_assignable	1	DEPENDENT_OR_LOCAL_NAMES: _Alloc,_GLIBCXX_STD_C,_Tp,vector	191:b896547442cc7fa6e6eea35f94a64e0b32431e1e3d8abee301bd5aa1f5ff8c0f:2137:9	results/191.json.gz
192	std::void_t	2	NO_TEMPLATE_ARGUMENT_LIST	192:aab55c54c5a057c0411f7a90fbb4df3798089d7e122196bcc6708e901c9e4606:154:7	results/192.json.gz
195	std::is_member_pointer	3	NO_TEMPLATE_ARGUMENT_LIST	195:dcd2f7f97cf8091732d0f7335f69b40c603a1446475ed3542e5d425a31586dbc:62:86	results/195.json.gz
196	std::is_nothrow_copy_constructible	2	NO_TEMPLATE_ARGUMENT_LIST	196:502acdb4ff702e3446934b70610e0da76b3b26166a6782f09ff7621250c18fdf:79:7	results/196.json.gz
196	std::is_nothrow_copy_constructible	4	DEPENDENT_OR_LOCAL_NAMES: T	196:61de1d2a3e919e7a93b8c027a50ac9628e8ae1db4cc2dc09ccaaad81e0502511:76:39	results/196.json.gz
196	std::is_nothrow_copy_constructible	1	DEPENDENT_OR_LOCAL_NAMES: U	196:398598c284ebcb41236f2b22856572f9aca86bc707964325e4eb2e2d8282b9e3:1785:32	results/196.json.gz
