f1c2dd7057bada0db7741da92ad016028f5e3ea70d0eb5b02fa50d0871995437	docs/progress/R69/REPORT.md
0d2fbd4ab6246b95e43d40ea53efb700de48fba8f2de38eacd4c67ee4990128d	docs/progress/R69/code/build_config/018_artifact_identity_and_warning_audit.log
03c31b1f00da763c92ec07b5dfda4bd00f65738975100c10b83819d992c8838a	docs/progress/R69/code/build_config/CMakeCache.armv7l.txt
2a3b24236278e721baedb506fea5fb083263fb083c47b6dec193644a4242e558	docs/progress/R69/code/build_config/CMakeCache.x86_64.txt
37d3aea81ce2760bddec52f33fb05e63415faa5205872722696518d2167e1ec2	docs/progress/R69/code/build_config/baseline_and_final_sha256.tsv
b4a5acf6f6ec8b921f441e8190bea415018f7357fe5fc2c48da33f55c5e295f3	docs/progress/R69/code/evidence/board/025_preflight.log
b75b1db8fa115261368e8ccf4f0276970eef4f2f179832022fc73ed8de29f771	docs/progress/R69/code/evidence/board/026_connect_retries.log
2e554333c2d7a476652a78b3e44fd7ba5768a24d0149f2bb102a1d093a6170ec	docs/progress/R69/code/evidence/build/014_configure_x86_64.log
e7dde9f8944418693b16bd5e0d3fcce3dc3acc577576bc2e4311926672c96681	docs/progress/R69/code/evidence/build/015_configure_armv7l.log
f483d2468022c5f02c98b3be0e7b08bd76e02a48b39ab69f5c4efee7c242472b	docs/progress/R69/code/evidence/build/016_build_x86_64.log
beb65e00ee4effaed113a04ac17ef39f68fb1d449ea255f93766970ea5c82aed	docs/progress/R69/code/evidence/build/017_build_armv7l.log
0d2fbd4ab6246b95e43d40ea53efb700de48fba8f2de38eacd4c67ee4990128d	docs/progress/R69/code/evidence/build/018_artifact_identity_and_warning_audit.log
8170573d7b11f7ac29b8ac6e8f04b0c90498a353c49fd3cd6aa52562d70f861f	docs/progress/R69/code/evidence/build/019_syntax_and_build_probes_x86_64.log
85f3c2e96273266d2b3414c9fba9b7a19bd0efa074612d0f69440d8f4be23262	docs/progress/R69/code/evidence/build/020_build_probes_armv7l.log
e66659c73642d74b6288fa2754dccdcdef6e6d31e07b7a44b58d3f6fda18b471	docs/progress/R69/code/evidence/build/021_build_upstream_x86_64.log
4c88eba842327c41cd076e40920e87cd7e11846c9a4bbe8e60c2e00e2dcc3beb	docs/progress/R69/code/evidence/build/022_build_upstream_armv7l.log
37d3aea81ce2760bddec52f33fb05e63415faa5205872722696518d2167e1ec2	docs/progress/R69/code/evidence/build/baseline_and_final_sha256.tsv
43776d92fa8000d063738a89d7d92b77cce4627c8093c79d7b0d633d55da8c15	docs/progress/R69/code/evidence/commands/001_resource_gate.log
3396b2b3267ce8d3e14e7f5bf5058cca2522f3b571d645dfb082f07b79b69081	docs/progress/R69/code/evidence/commands/002_preflight_inventory.log
1ea7212414b3bf1f40fff02ef32ce8fa96484e9f055f65336d4631d7c72b7b03	docs/progress/R69/code/evidence/commands/003_tree_identity_and_diff.log
bdd6327c7114c0c723933761965da13466e613fa8f6a7eff0aa6fba5fc2191ff	docs/progress/R69/code/evidence/commands/004_gate_syntax_and_inventory.log
4c55ea7be96c91155b834222d422d203a4f080a94810a1fc83f53b5a50aeace5	docs/progress/R69/code/evidence/commands/005_gate_selftest_and_formal.log
2456ae39fe4c02eb452c76a7eb6ce97c520e3f642f9e27238495a0eab0b1ff38	docs/progress/R69/code/evidence/commands/006_gate_formal_corrected.log
9a9ecbeb7f7970975b5b846fb46bab14ef21db68ca9b42bca4c5ae29c482f64a	docs/progress/R69/code/evidence/commands/007_clone_experiment.log
2ca7a8311290cdcedd97979e1793c7fac477474f1e26d25551d3216c74198c7a	docs/progress/R69/code/evidence/commands/008_apply_n1_n2_and_inventory.log
a61c6ab7d131fe3a9aebeeb6b0d2135d8b5202187e48534d2a275be7dc3c42b6	docs/progress/R69/code/evidence/commands/009_prepare_patchset_through_patch3.log
adf6aee0202bc76dc3bfbbd13037e88438681e3245f3af6d8e5ac93e3f676e80	docs/progress/R69/code/evidence/commands/010_amend_patch3_apply_patch4.log
10d74be0c7bf97affba1710dffe43b1ac5d1d84057a4841fc128b79b38a56770	docs/progress/R69/code/evidence/commands/011_finalize_patchset.log
baaba060e4d88f932b9057fe8becc2d62b39931692f3bded1c06dd7928107f78	docs/progress/R69/code/evidence/commands/012_clean_replay.log
58cd1d10b72fc40edf8c7faa13fe8c660f62b9562738aff7652b9b185adfcbe4	docs/progress/R69/code/evidence/commands/013_three_tree_gate_semantic_audit.log
c25dd1f2cae5afe1c5d4b0ff3d46c975281c6c66441e41144776ee8db28ae3c2	docs/progress/R69/code/evidence/commands/029_baseline_file_identity.log
849b5308ba7bcccd173022e0041ad23d29f0c18d9443404c8beff30520eed937	docs/progress/R69/code/evidence/commands/030_assemble_delivery.log
5837a4a7434a73c7e62d229c1d6d528a892afcdbab4428c7fd000b95ed48b272	docs/progress/R69/code/evidence/commands/031_generate_index.log
59f4d930712a20fcdf0dc74442a7e55b8090aaa929cd74077c0c8a8697f80bfb	docs/progress/R69/code/evidence/commands/032_final_delivery_audit.log
e3c59dfa8a80993c30c82058922bb281acfeed64da5d46a96cca3cabb1d64ea6	docs/progress/R69/code/evidence/gate/final_changed_files.txt
e11ecf6e34e6d84fee209e580b3a00e45b054eafc6ceb14c8aef6e000d374db7	docs/progress/R69/code/evidence/gate/final_gate.diff
e2915c69d11c7adc3250a0832432204869b68c2c7a81f48d54853c7809d35ab4	docs/progress/R69/code/evidence/gate/final_gate_hunks.tsv
ea938129883b50ed756965fe28b818dc1cfde1d60cb02f01df5591ae065ef2a2	docs/progress/R69/code/evidence/gate/final_rationale.tsv
e2915c69d11c7adc3250a0832432204869b68c2c7a81f48d54853c7809d35ab4	docs/progress/R69/code/evidence/gate/post_fix_hunks.tsv
e11ecf6e34e6d84fee209e580b3a00e45b054eafc6ceb14c8aef6e000d374db7	docs/progress/R69/code/evidence/gate/post_fix_inventory.diff
1bbdfad93e3ab7c5c662a618126fb6cc481ff4220a05e9acbc821aabf4fdf563	docs/progress/R69/code/evidence/gate/pre_fix.diff
1bbdfad93e3ab7c5c662a618126fb6cc481ff4220a05e9acbc821aabf4fdf563	docs/progress/R69/code/evidence/gate/pre_fix_formal.diff
0505a9147915481d89de0d5761cdd6c8949869c311e0bb1f26e516e5ad5fa37e	docs/progress/R69/code/evidence/gate/pre_fix_formal_hunks.tsv
0505a9147915481d89de0d5761cdd6c8949869c311e0bb1f26e516e5ad5fa37e	docs/progress/R69/code/evidence/gate/pre_fix_hunks.tsv
332422dab57c19e46bc8e6073e3c4b7da5812dcadc15793bbb8fef2d9e5de91c	docs/progress/R69/code/evidence/gate/pre_fix_rationale.tsv
1bbdfad93e3ab7c5c662a618126fb6cc481ff4220a05e9acbc821aabf4fdf563	docs/progress/R69/code/evidence/gate/selftest.diff
0505a9147915481d89de0d5761cdd6c8949869c311e0bb1f26e516e5ad5fa37e	docs/progress/R69/code/evidence/gate/selftest_hunks.tsv
1f6caa2d191fdbb9886e4b200afb6dabc569e7e5da7fa61c02fd9b90e97db391	docs/progress/R69/code/evidence/gate/selftest_incomplete_rationale.tsv
959d9cdb13d57ea5a56c23ec61e49a69319f59c4ebb3a6dc3cc5583c51474e70	docs/progress/R69/code/evidence/monitor/armv7l/resource_samples.log
fe56d698cca7991d7eacddd1c3b431ac8c9c083f75dffbfd507c24ae60950d2a	docs/progress/R69/code/evidence/monitor/x86_64/resource_samples.log
4c50d9e5a3e24df143d5fe4031faab5bdc3ad18fe9832251311349aae3800837	docs/progress/R69/code/evidence/raw/023_run_x86_matrix.log
d3b2a9b074fdd095f390279a55c537857d1f5ddf40f7314c66e6213ae63229c7	docs/progress/R69/code/evidence/raw/024_x86_interim_audit.log
3630f1621cc14834598aeca8f16cd14eab1dbb8e25415368760db052bff56f13	docs/progress/R69/code/evidence/raw/027_run_x86_upstream.log
7ae35fce26e82743ee96fe0e99270883ecfabe320f2205abc92b45d2547c510b	docs/progress/R69/code/evidence/raw/028_transitive_include_audit.log
b0ff21a033b6af0fb64a5afcf180adba280056444b530d710c54012144fba3bf	docs/progress/R69/code/evidence/raw/build-probes-armv7l/artifact_sha256.txt
d62187ffb116a76929048315f518dabd19670841f546abe0ac70b8b26cd19896	docs/progress/R69/code/evidence/raw/build-probes-armv7l/async_baseline_compile.log
9d3834e4c87e266e9d8d1bb8990ef8aa1486d6b05dc3143d58a463a6888eb3c1	docs/progress/R69/code/evidence/raw/build-probes-armv7l/async_baseline_link.log
e309a7d9d0da73123aabe6c64f32708204aa2fb592073616ef49b185b5ca1cd0	docs/progress/R69/code/evidence/raw/build-probes-armv7l/async_fixed_compile.log
02fc31fd450fd872e1853321fadd6c8ac1a3e4dd17eed1ab40770e190a12097a	docs/progress/R69/code/evidence/raw/build-probes-armv7l/async_fixed_link.log
5b9f6b61ba26e9eeceed991f4b65a83e222b877c38f144e1e40011b95785d720	docs/progress/R69/code/evidence/raw/build-probes-armv7l/async_reference_compile.log
59913b890c5b10398707fb34b9c44aef73a0565ebf543b90a65dd14836c37dc1	docs/progress/R69/code/evidence/raw/build-probes-armv7l/async_reference_link.log
c51fc10d6e70397f6e5a7f7eee4a19b7923b219314033c841919d4a774ba3613	docs/progress/R69/code/evidence/raw/build-probes-armv7l/async_reference_return_fixed_compile.log
7e42089cd782dc430fa3e94426a4dc36533e51878b0c24e9601c5c7fee6b3b2f	docs/progress/R69/code/evidence/raw/build-probes-armv7l/async_reference_return_fixed_link.log
20954fe1a85394227ba6b7c9b17e4dfc4bb67fc965e3c68e3a3258ec631c9fdb	docs/progress/R69/code/evidence/raw/build-probes-armv7l/async_reference_return_reference_compile.log
984a6b794b807f6b96e17ee292055c7ee8980c4838709fba2204fd74001eaba4	docs/progress/R69/code/evidence/raw/build-probes-armv7l/async_reference_return_reference_link.log
312fdc1e985df9656e96c313bb4611e78bcf858cc4c7fa571fc1db2f788c7e9b	docs/progress/R69/code/evidence/raw/build-probes-armv7l/concurrency_fixed_compile.log
d495f2cc81d938e814af901d8cecaa14ad4bf798545374228826d26f40e363aa	docs/progress/R69/code/evidence/raw/build-probes-armv7l/concurrency_fixed_link.log
d560a3dc4afda41a67cddd0cf08987fd4640898c090bdd3e0fabe1aa2559d326	docs/progress/R69/code/evidence/raw/build-probes-armv7l/concurrency_reference_compile.log
fa29dde3caad3d03940972c2d76b54537f18dac9e4b253e5854297b27b016fdf	docs/progress/R69/code/evidence/raw/build-probes-armv7l/concurrency_reference_link.log
83c15c6969d5aee35adcf1426464b19bcbb33be1f69b2c5558d8c95244bceb9a	docs/progress/R69/code/evidence/raw/build-probes-armv7l/elf_identity.txt
6e88a51ef8dba0aabf2bdc6148e1bb06342aa12ab0f0e263c70d7afdf8bc2abf	docs/progress/R69/code/evidence/raw/build-probes-armv7l/facility_baseline_compile.log
082c68cde19eedea0a80fc1ad9d7737f71b629a46d43a4de064df985948c5089	docs/progress/R69/code/evidence/raw/build-probes-armv7l/facility_baseline_link.log
38cf2cfb0c88f27629d41a8f00aa3cda5704be3fcc3ea9adf33b8dfb19de7504	docs/progress/R69/code/evidence/raw/build-probes-armv7l/facility_fixed_compile.log
ffbb160d05a03a4eef76499614c2cba2ea3f203ef8dbff98527fc76c3211b93b	docs/progress/R69/code/evidence/raw/build-probes-armv7l/facility_fixed_link.log
c2f340b2552ce39d5724402f2fea265faeb0677e4d26bdf5bde9ce1c4cef5167	docs/progress/R69/code/evidence/raw/build-probes-armv7l/facility_reference_compile.log
66b9e48acfdfdbba4f194d276e2b85f77142d11d9a423192a2bae64d7411f17b	docs/progress/R69/code/evidence/raw/build-probes-armv7l/facility_reference_link.log
dc05b3c5f753c7a2a636101ff52b66a8ed79f808454c43e8b652812ea5187066	docs/progress/R69/code/evidence/raw/build-probes-armv7l/m1_concurrency_fixed_compile.log
a4e7e744fc1328dc0b32837b58199c2feaa01a433369a6060b8276d3250c62a7	docs/progress/R69/code/evidence/raw/build-probes-armv7l/m1_concurrency_fixed_link.log
bd5b88528716c112bb25cb84d14b2f236c70b11fa12c3ce28f8da926c21dd8f5	docs/progress/R69/code/evidence/raw/build-probes-armv7l/m1_concurrency_reference_compile.log
083f0034fadf11338814c3eed3080d75a89d2d2d8ed78091335f027e4a493b44	docs/progress/R69/code/evidence/raw/build-probes-armv7l/m1_concurrency_reference_link.log
0cd09fcc8a6933e7646c5dff010e697c4769e354566ab2a22aee4bd4de12a25c	docs/progress/R69/code/evidence/raw/build-probes-armv7l/m2_lock_fixed_compile.log
46ce100f90b48b07ffd283923ceef62f9680e7075dffa0f2bcb5ab8adc36df7b	docs/progress/R69/code/evidence/raw/build-probes-armv7l/m2_lock_fixed_link.log
3462c034a0808640471bb0c0c856337bd6c4e45077a9cfdb4ffe4e4afc2b5a12	docs/progress/R69/code/evidence/raw/build-probes-armv7l/m2_lock_reference_compile.log
6a2d52e8526930b9380d8a61fc0cfae4d1bf7f6c659342d61531b753693777ec	docs/progress/R69/code/evidence/raw/build-probes-armv7l/m2_lock_reference_link.log
0fb9b85eb7e123f2b361228cbd58cb853e6091afd0fe0eb38b5dfc927444f604	docs/progress/R69/code/evidence/raw/build-probes-armv7l/normal_baseline_compile.log
cc51c070ab90202738d0d0d3935e9829ed04b228f8b9e51e5d07072b9829b45e	docs/progress/R69/code/evidence/raw/build-probes-armv7l/normal_baseline_link.log
2d3968eba551a8c8ba75ef98c9cd1607f5bb6dc6d799197203405528cb384251	docs/progress/R69/code/evidence/raw/build-probes-armv7l/normal_fixed_compile.log
f6997286aa851db696ee9e749e096de39b8016ac7ed4f7d944e98d8b3e131827	docs/progress/R69/code/evidence/raw/build-probes-armv7l/normal_fixed_link.log
039bafba91316517af41e564d81a4068a51b574bacda45963e495bfa7637dca5	docs/progress/R69/code/evidence/raw/build-probes-armv7l/normal_reference_compile.log
f6d2d83200bf53140d84c7e1863a48ff72f5abd7ac9cd8f0476b866238b209b0	docs/progress/R69/code/evidence/raw/build-probes-armv7l/normal_reference_link.log
427b2cbc04ef550c0b1704bc6f01ad419d6a282dc5b97c3eb8901202c532087c	docs/progress/R69/code/evidence/raw/build-probes-armv7l/r61_fixed_compile.log
a87acaaa2e68a2558b44a22755ad2f2923452cfe908de8c564c1ca2d0561d8ed	docs/progress/R69/code/evidence/raw/build-probes-armv7l/r61_fixed_link.log
27b9c28de6a8ab18d5a02319ae00a9505470af301143e660fd4c6ca52d92b345	docs/progress/R69/code/evidence/raw/build-probes-armv7l/r61_reference_compile.log
6ed4cc4858c96acd8a7e7dd6bdba13d9f705fd2da223f238bc0dd3825756ad60	docs/progress/R69/code/evidence/raw/build-probes-armv7l/r61_reference_link.log
492a071a8129d97b46d61f7cc2dad6e4d1e5ab67664d12b76118bcef0e15f1f6	docs/progress/R69/code/evidence/raw/build-probes-armv7l/r69_new_baseline_compile.log
51f6b0749bd8f99ecb29a009e91302d696fb6f5852cdc03c848bc50a4838d23e	docs/progress/R69/code/evidence/raw/build-probes-armv7l/r69_new_baseline_link.log
6091eef556d9f48e74d2b5eeaef55384364a9768788ca0446a45f0410168be65	docs/progress/R69/code/evidence/raw/build-probes-armv7l/r69_new_fixed_compile.log
62e9de571d77447271c1c6b3aec6f1af1ee9c4850265bfa2c65bf4d1f1cffa95	docs/progress/R69/code/evidence/raw/build-probes-armv7l/r69_new_fixed_link.log
7de8038cb18d39ec31305bca8001d90d5fd14401d4183d2d2b5713dd9a910f06	docs/progress/R69/code/evidence/raw/build-probes-armv7l/r69_new_reference_compile.log
a6d6b0ab463cd257689dd9cb3ee4bae37994fbf96b9dc3f5ddd86b6817a1e949	docs/progress/R69/code/evidence/raw/build-probes-armv7l/r69_new_reference_link.log
446de1217587ae40ea4eb361b194ee127aaf0368e0ab1a6dad9c08d76007840e	docs/progress/R69/code/evidence/raw/build-probes-armv7l/regression_fixed_compile.log
e44fb4e55339a25ea899f0582a984d75de3339e5927d51c117b87a510014b105	docs/progress/R69/code/evidence/raw/build-probes-armv7l/regression_fixed_link.log
7eb667ad4d835f29f504159d4dd95eccd596ff42e84d68ed93f82470007fb7ff	docs/progress/R69/code/evidence/raw/build-probes-armv7l/regression_reference_compile.log
0eccaef4c7c4db5101dec28db7793df8d07694fa79d2f82aef53ea024f44717f	docs/progress/R69/code/evidence/raw/build-probes-armv7l/regression_reference_link.log
531eec2ad436996d784361c9717dd9fd3199a50e07baf6d5d129f52d19dc9a7c	docs/progress/R69/code/evidence/raw/build-probes-x86_64/artifact_sha256.txt
f1e77cf9f9cec6becd473206bb4f2a8280e69192a9af4d58b81e04b8a3aa56b5	docs/progress/R69/code/evidence/raw/build-probes-x86_64/async_baseline.log
e7f5affb01852c1c7ac163afdc67af9d34bbdce7fe3b17e7d44d8767fd7020f3	docs/progress/R69/code/evidence/raw/build-probes-x86_64/async_fixed.log
2de6279398eb3fe629f457bafb937a44d03f507f262b3cf4e601cc847d562907	docs/progress/R69/code/evidence/raw/build-probes-x86_64/async_reference.log
5a6c9cf1149963c09f9fb137f7975a62b39653bf337ac1985c9a36c43637e9e3	docs/progress/R69/code/evidence/raw/build-probes-x86_64/async_reference_return_fixed.log
e851cee6be5608c5beeed7d08754f5a4322af496d05813179b596a7ec60cadde	docs/progress/R69/code/evidence/raw/build-probes-x86_64/async_reference_return_reference.log
a4586d69b39f970de6c8b63b4f9649a8a54117c8b4da98eabf759441b1b525f8	docs/progress/R69/code/evidence/raw/build-probes-x86_64/concurrency_fixed.log
150ad7ad42f9fde81c2f218b5a0b0ed993bbf4d58a117dbd0d5a5739f9eb7fdf	docs/progress/R69/code/evidence/raw/build-probes-x86_64/concurrency_reference.log
510104b4dafb2c3e54c4a204c7ab0b416121b1ea6148b89d83be0fbb31660d52	docs/progress/R69/code/evidence/raw/build-probes-x86_64/elf_identity.txt
e3b277465754d818e9777f00e7cdbfe903a6b313ecf9b5b4a0bdcfef5aed47cd	docs/progress/R69/code/evidence/raw/build-probes-x86_64/facility_baseline.log
e2006b09d2560a6958d00a1e321f89e6d142dc8819a569e6996a85c8896a5c3c	docs/progress/R69/code/evidence/raw/build-probes-x86_64/facility_fixed.log
42b8b56cd6fd53e2c6cff2d762fe4bb40df28fe7416a4ee77a9cf62fd7f3536c	docs/progress/R69/code/evidence/raw/build-probes-x86_64/facility_reference.log
610bb5c0c37eb17c51e6af71343cffdce564a608c9b9682e10a06db7e36fb738	docs/progress/R69/code/evidence/raw/build-probes-x86_64/m1_concurrency_fixed.log
87a78fa0680c0da6ffd18568e608ce576117f6d005d14232d058adb12196ab9e	docs/progress/R69/code/evidence/raw/build-probes-x86_64/m1_concurrency_reference.log
723f478d148b61d1ed9ee7c30a30886fd3a12eb8fefbd7ed81d38c575a5e8bad	docs/progress/R69/code/evidence/raw/build-probes-x86_64/m2_lock_fixed.log
1df53a1fdf2015d3ab1e46fc8c32444152d67cd2bff3ac831619976e4dc87075	docs/progress/R69/code/evidence/raw/build-probes-x86_64/m2_lock_reference.log
80e0f25022d25ba0e1e6980cfe73553e69ac9a10664b2d039eddecd0cfcd1a23	docs/progress/R69/code/evidence/raw/build-probes-x86_64/normal_baseline.log
b4931db3f51119764323e0673e08136965325e1d29cff8ab2bd880a99a3e27de	docs/progress/R69/code/evidence/raw/build-probes-x86_64/normal_fixed.log
2d7229841afcfbc61d9d80f1f460fe07ed68cea330d4fe2b02c3d82949fd97ee	docs/progress/R69/code/evidence/raw/build-probes-x86_64/normal_reference.log
c375b9b67449726a0704dfa2a3bb84c9c25b548ca92e15cf09eb987ae7670a1b	docs/progress/R69/code/evidence/raw/build-probes-x86_64/r61_fixed.log
b6317a43c01f306b305eaf546a62e2476067bc7c21b050eeb533a98b1e300130	docs/progress/R69/code/evidence/raw/build-probes-x86_64/r61_reference.log
b2935ac18ffbc11bdc86a592f74b40df1ab82c38ec77939c25fa3f44cb174717	docs/progress/R69/code/evidence/raw/build-probes-x86_64/r69_new_baseline.log
1105480b44c7aa6e07e7fd7aefb7266216ce38eac8a66c528181c7e46f45d049	docs/progress/R69/code/evidence/raw/build-probes-x86_64/r69_new_fixed.log
ac385c5b7f0e4e38b1e2e708a88486e0dc8e786f5e825619d9ad476ada824204	docs/progress/R69/code/evidence/raw/build-probes-x86_64/r69_new_reference.log
4c0924161f78ea717f6822cb06cde88cdae9606adfa24b3672b32aed1fffd61b	docs/progress/R69/code/evidence/raw/build-probes-x86_64/regression_fixed.log
b59591dcdf36804f964790653af7566c7f9dcf5a9043b1a15ce6ba9dfbac39c0	docs/progress/R69/code/evidence/raw/build-probes-x86_64/regression_reference.log
9a35b3341a1f7e3547d345002a88685a43323ce512c659758ccb7c12d599b8ce	docs/progress/R69/code/evidence/raw/r67_pre_fix_include_tree.stderr
e3b0c44298fc1c149afbf4c8996fb92427ae41e4649b934ca495991b7852b855	docs/progress/R69/code/evidence/raw/r67_pre_fix_include_tree.stdout
56b42ed924ba087e7723bede31db567e55fd20699576e7caf863c103f4985283	docs/progress/R69/code/evidence/raw/r69_fixed_include_tree.stderr
e3b0c44298fc1c149afbf4c8996fb92427ae41e4649b934ca495991b7852b855	docs/progress/R69/code/evidence/raw/r69_fixed_include_tree.stdout
9283762ed51664e05261564686d1884d5d689bb6b6eb73acbc7ab3cf48ccca96	docs/progress/R69/code/evidence/raw/upstream-build-armv7l/abi_forced_unwind1_compile.log
bf3cf41dc11e28162963c2a19d4a578822340eeea62e335636157701ec6dec09	docs/progress/R69/code/evidence/raw/upstream-build-armv7l/abi_forced_unwind1_link.log
d4e9dd5112a785ef1e6af3155181a0d29c1e322997ab031320a2718b11b56166	docs/progress/R69/code/evidence/raw/upstream-build-armv7l/abi_forced_unwind2_compile.log
38fd38b1fef94d9af2b65c737a6ccc6390366e69a4e662574f83c2f58f7c16a0	docs/progress/R69/code/evidence/raw/upstream-build-armv7l/abi_forced_unwind2_link.log
111627b08fdbf2390df1c0aa6b7714e58aae8d8b4bf13f12fbaf5632be88941e	docs/progress/R69/code/evidence/raw/upstream-build-armv7l/abi_forced_unwind3_compile.log
3ea9ab5690d73b0284188b47489291907e4e6b1ee65ae50716b5cc5dbee0e5e7	docs/progress/R69/code/evidence/raw/upstream-build-armv7l/abi_forced_unwind3_link.log
6f16cabedf53d0b2ada310a6a851a26aff45cd526250b8037b06f405ccfba732	docs/progress/R69/code/evidence/raw/upstream-build-armv7l/abi_forced_unwind4_compile.log
f38b5ca4ee0dff088194edaa9f1810e37e0a320fc37adde7a2c662f106f16dcd	docs/progress/R69/code/evidence/raw/upstream-build-armv7l/abi_forced_unwind4_link.log
f69b4fb1485bd64ef1374408bf7833850391aa1b6253c2906e8f3b57880d402f	docs/progress/R69/code/evidence/raw/upstream-build-armv7l/abi_unwind_01_compile.log
973f1b8623d879e900455ec32c4f4b5fb90e8acff80504a4849622f37a6a6c20	docs/progress/R69/code/evidence/raw/upstream-build-armv7l/abi_unwind_01_link.log
8f05aae64bcee7150a99eb165f49d84937101ac98c511ebd8e324c248bfe3873	docs/progress/R69/code/evidence/raw/upstream-build-armv7l/abi_unwind_02_compile.log
4d77a5fda7992ab33d305dc505e3042985526e4e58f5f7912fe391b0a1179be7	docs/progress/R69/code/evidence/raw/upstream-build-armv7l/abi_unwind_02_link.log
7463ca0b83d87614edb00ee9490eb0575d68ebe4645d830db28fdaddb6358eb0	docs/progress/R69/code/evidence/raw/upstream-build-armv7l/abi_unwind_03_compile.log
38d8f8f2d1b39cc748ac7c63b1250243f13678243debbeafe86137019c56270c	docs/progress/R69/code/evidence/raw/upstream-build-armv7l/abi_unwind_03_link.log
66ae3110abb173ed160c8673b6a2580f6425090480426e564ea2ea7e14b59d2e	docs/progress/R69/code/evidence/raw/upstream-build-armv7l/abi_unwind_04_compile.log
5f84b846d737a286982baa594a25f07330fab53a4fab34ea232795f7cd467151	docs/progress/R69/code/evidence/raw/upstream-build-armv7l/abi_unwind_04_link.log
58f2cbca0c01b182cfcf66188d56d90b0d4dbbc63be6d0a103adec9589bb0abf	docs/progress/R69/code/evidence/raw/upstream-build-armv7l/abi_unwind_05_compile.log
4aa0f298f58617202efd817b7f050788860e1078d4ee44a356e7c0e1ba04ebbd	docs/progress/R69/code/evidence/raw/upstream-build-armv7l/abi_unwind_05_link.log
a70889596a7e4c6a6cfc9f60a0f8bc4a9986f8874ce99d97024e7495bb8cdb63	docs/progress/R69/code/evidence/raw/upstream-build-armv7l/abi_unwind_06_compile.log
030c88898e563154db9ed8cc3f3b085d11614c7da5c667e74bc997a23f13fc31	docs/progress/R69/code/evidence/raw/upstream-build-armv7l/abi_unwind_06_link.log
830a088054bab338a9a7209ebaa16b9c04368fc4efd6337375f86201c8e331a0	docs/progress/R69/code/evidence/raw/upstream-build-armv7l/artifact_sha256.txt
019887db7a0d6a5e0a30724c5634eba85498923168b92ceeae5e6ad6cc92cb02	docs/progress/R69/code/evidence/raw/upstream-build-armv7l/libcxx_future_async_compile.log
e081d512ca411a56549c92edb2e039409d1aacfe9e9ff8b7cffe618f7671c0da	docs/progress/R69/code/evidence/raw/upstream-build-armv7l/libcxx_future_async_link.log
58bc71d3dbca23747883554152a90bc9e06a41b2e0f26c9cabc7700c00941fed	docs/progress/R69/code/evidence/raw/upstream-build-armv7l/libcxx_future_async_race_38682_compile.log
570f655ec348f3da49686ee4400da7bdd410429e66b666530b21cf3683a4b54c	docs/progress/R69/code/evidence/raw/upstream-build-armv7l/libcxx_future_async_race_38682_link.log
b7fae48c8bcea0ce00a6a9eef126b64db442a8b2f499b9488e13a6b85e618a60	docs/progress/R69/code/evidence/raw/upstream-build-armv7l/libcxx_future_async_race_compile.log
49194c42543937f96bfa02435d837a29a8d19b46af16ec11c6ac29f6b19129d0	docs/progress/R69/code/evidence/raw/upstream-build-armv7l/libcxx_future_async_race_link.log
55f9a4e3af7ca330c9d41fe09b5656405761a8c4bd19ac988699d4b043122c63	docs/progress/R69/code/evidence/raw/upstream-build-armv7l/libcxx_future_get_future_compile.log
ce8ceba0b1bf732e159ac05afcca3e4dd7c914e48d26c8e85aa024d092e5ef13	docs/progress/R69/code/evidence/raw/upstream-build-armv7l/libcxx_future_get_future_link.log
8f820d2271c3b9088b46bbbfeb5dce26bd95948d2c7e6f763d243a5694e884cd	docs/progress/R69/code/evidence/raw/upstream-build-armv7l/libcxx_future_task_operator_compile.log
1b5ce274ede92f1c9f5652178208e729c50c1a6a0940b9d1e2b9c82a3c69db4b	docs/progress/R69/code/evidence/raw/upstream-build-armv7l/libcxx_future_task_operator_link.log
193b2f889f095dc14a0f72a17cded456cf12896f7cf5b02ff65c77e2ef03dbfe	docs/progress/R69/code/evidence/raw/upstream-build-armv7l/libcxx_future_thread_create_failure_compile.log
cec9ca5578f7c2f730e79e0cb2f286206e94cf735c4a85905e4dc505726625be	docs/progress/R69/code/evidence/raw/upstream-build-armv7l/libcxx_future_thread_create_failure_link.log
28791449a85f35bc1e8638f0c4eec2521193280e96b76ab803a9157ccfe3c025	docs/progress/R69/code/evidence/raw/upstream-build-armv7l/libcxx_future_wait_on_destruct_compile.log
61aac678f866c4bc941baeefa5b31759fb6fd325f916f807481b8a5f6648442e	docs/progress/R69/code/evidence/raw/upstream-build-armv7l/libcxx_future_wait_on_destruct_link.log
76445cca91cbec41cd0557bf8e59e73adbcb70dd956deb20e3dfc8fc6c7d88b4	docs/progress/R69/code/evidence/raw/upstream-build-armv7l/libcxx_istream_getline_compile.log
43c47d084ded09f20614b9dae05d3a5b86c5f9bea4846b6730cf998ea72d934d	docs/progress/R69/code/evidence/raw/upstream-build-armv7l/libcxx_istream_getline_link.log
3b2b1b35cdd6be665fd0f6cb23d6dda1c36af466b171e4ced10b02a2edea74a8	docs/progress/R69/code/evidence/raw/upstream-build-armv7l/libcxx_istream_read_compile.log
c2776b48d6dd5a71c93473f03ae0514cc7240f98ab08ee665000f72a48c7ea3f	docs/progress/R69/code/evidence/raw/upstream-build-armv7l/libcxx_istream_read_link.log
105bbeda84b828d773d075c7751a38228f303e80c4aaccc97e01c732e8c7b438	docs/progress/R69/code/evidence/raw/upstream-build-armv7l/libcxx_istream_ws_compile.log
032822b51eb29c935d6b117d6f1fcd872e2a8addcf0b6175fa94b1b44335ca0d	docs/progress/R69/code/evidence/raw/upstream-build-armv7l/libcxx_istream_ws_link.log
034bc93264a7be183cd4d3ad926db9cdc347decb842a93c54a50becb04738d45	docs/progress/R69/code/evidence/raw/upstream-build-armv7l/libcxx_string_shrink_to_fit_compile.log
df9ad173278e760a829af4e19fdf385fc37736e9ff4e2064c8940298881276b8	docs/progress/R69/code/evidence/raw/upstream-build-armv7l/libcxx_string_shrink_to_fit_link.log
9ff1ae6b16d43e901b5c54517a0e32b2743da1e0b8d9f5046d1e0d7b25c73d0b	docs/progress/R69/code/evidence/raw/upstream-build-armv7l/reference_forced_unwind1_compile.log
47417f984581e2799e627ff0c11c74ea0e9bae47b660b3bd39b8130ccd65cfb9	docs/progress/R69/code/evidence/raw/upstream-build-armv7l/reference_forced_unwind1_link.log
ddec77a9c4298d39d29f9287ff4087f9d32885ef7f1c401252ad021c4f022e32	docs/progress/R69/code/evidence/raw/upstream-build-armv7l/reference_forced_unwind2_compile.log
6b2b8d94f57f2df205f132e8ed2a375ebeeaff570b56078d37751c578db3f2fe	docs/progress/R69/code/evidence/raw/upstream-build-armv7l/reference_forced_unwind2_link.log
e88865446eb39270eb3a59ce6e46b2a8138b5ab49f48ef37602d8a1a1b6d0f49	docs/progress/R69/code/evidence/raw/upstream-build-armv7l/reference_forced_unwind3_compile.log
32ebf129bafac97e894afe8504d732331edbbfbc85b589ddc8f1e013ec759656	docs/progress/R69/code/evidence/raw/upstream-build-armv7l/reference_forced_unwind3_link.log
18342830b0fab45bb3f07bfdf2d20f59b10297e1703051b22af296bad7a92e5a	docs/progress/R69/code/evidence/raw/upstream-build-armv7l/reference_forced_unwind4_compile.log
ab37dccd256e19aa25489fba5656630a8715db53e89c00e5212acfb4e90ac781	docs/progress/R69/code/evidence/raw/upstream-build-armv7l/reference_forced_unwind4_link.log
c7690552ad92edb509c4c3aceeb98a3342a2624434154480ad19be271144506f	docs/progress/R69/code/evidence/raw/upstream-build-armv7l/reference_unwind_01_compile.log
12526262504565070b66acf15ba32ecbc811571616f9c94bfe8c9ff602b3572b	docs/progress/R69/code/evidence/raw/upstream-build-armv7l/reference_unwind_01_link.log
73aa39d72db8dc3f11e3c63c5b0c778ec565c4f507bd58a12e1a52355d7214e4	docs/progress/R69/code/evidence/raw/upstream-build-armv7l/reference_unwind_02_compile.log
b7e230fbf06ae2913f6b3aab48c1de2cd473ab5483ae4565b7c6e75793538690	docs/progress/R69/code/evidence/raw/upstream-build-armv7l/reference_unwind_02_link.log
1766af46a0bc41c2d5dabb9e566f84605c46935ebcbcf53a1ff6eb2b6e1e90ed	docs/progress/R69/code/evidence/raw/upstream-build-armv7l/reference_unwind_03_compile.log
6ffba72b612082f82e66b4dc9e95bd45045b2f3c48475e681df6cf8cb3b6c4b8	docs/progress/R69/code/evidence/raw/upstream-build-armv7l/reference_unwind_03_link.log
7d4760ddcf299fe554e86abed3d429da6e83dd36c76180a0dfcaaa36a710d144	docs/progress/R69/code/evidence/raw/upstream-build-armv7l/reference_unwind_04_compile.log
ba1aba46d9e337de86e9fb6877d674f3b32de333cf7a9ae601ec989898b22cdc	docs/progress/R69/code/evidence/raw/upstream-build-armv7l/reference_unwind_04_link.log
fa92993987d12ccba7c2804e5a942b463a93274710ff0cdd231ce1bb30eae42e	docs/progress/R69/code/evidence/raw/upstream-build-armv7l/reference_unwind_05_compile.log
dc7c588839384b7dd6af3f0fa6b8b8c3fb6a5deed24f014e7ba91311980f2907	docs/progress/R69/code/evidence/raw/upstream-build-armv7l/reference_unwind_05_link.log
0d1a02727fabad4b419ba67459b481b1049c8b4e21a0e11233d41bb0cf124900	docs/progress/R69/code/evidence/raw/upstream-build-armv7l/reference_unwind_06_compile.log
84b99f3530d3385bd2969fcce645d36fff45473f78efb72cc478b96759597e0b	docs/progress/R69/code/evidence/raw/upstream-build-armv7l/reference_unwind_06_link.log
cff326eea0d7687e91a65d9bce2e876af141f3cf697272227cf9b1b6b74c69b3	docs/progress/R69/code/evidence/raw/upstream-build-x86_64/abi_forced_unwind1.log
54a1d3022fdf5f962b64dd7b4e2f604468bf88b0b684cfcf0e88076f0a46a21f	docs/progress/R69/code/evidence/raw/upstream-build-x86_64/abi_forced_unwind2.log
5855a1c6edbf63f747537954eb8101116834604918ca2b0751d97137758c43ef	docs/progress/R69/code/evidence/raw/upstream-build-x86_64/abi_forced_unwind3.log
d5e30fc6ac12b99ebda66a5ff36fc64721b60dc3a236b700577dcb308836306d	docs/progress/R69/code/evidence/raw/upstream-build-x86_64/abi_forced_unwind4.log
0e4e876297433d2550f3b7fb9438a7154866e4159b631784f03bd1d236c91f9d	docs/progress/R69/code/evidence/raw/upstream-build-x86_64/abi_unwind_01.log
24846487ef4ff0a4024743a6afc42c3fef1b1da4c7f3ebab79190a3480a66ba5	docs/progress/R69/code/evidence/raw/upstream-build-x86_64/abi_unwind_02.log
ad0a09a83b5ca2b427dc55fe4b231c3e38b75f4a57529d0f37ac524823c503ba	docs/progress/R69/code/evidence/raw/upstream-build-x86_64/abi_unwind_03.log
eb4ff566bbe665db56253d825cca8b4406439445d6fc10e02684fd203bff2380	docs/progress/R69/code/evidence/raw/upstream-build-x86_64/abi_unwind_04.log
4d889a200be141e72f85dcbad51f5c52d781125792a09a3f3df5015aa08146ec	docs/progress/R69/code/evidence/raw/upstream-build-x86_64/abi_unwind_05.log
35687c87ba5bde1e5981a04bcbb833643123097e4f4280ecca99a59d41b57f02	docs/progress/R69/code/evidence/raw/upstream-build-x86_64/abi_unwind_06.log
7111205f9029ef78675b8ff7cded9646f8617765b9760d613258c896e2ff4bb6	docs/progress/R69/code/evidence/raw/upstream-build-x86_64/artifact_sha256.txt
4306a0f9f73f3340c679559b97a7f9353b1503f07c064afcc5549a3978f7834c	docs/progress/R69/code/evidence/raw/upstream-build-x86_64/libcxx_future_async.log
35b2ab8f3a8c5a50d0d038f2d7ed9cb16fdf3822d92ba810d07790ee0f74b072	docs/progress/R69/code/evidence/raw/upstream-build-x86_64/libcxx_future_async_race.log
086c97950ba2489cb1c254d0b4555f6b29dcfc38d6919b437d3f0d5c7206084c	docs/progress/R69/code/evidence/raw/upstream-build-x86_64/libcxx_future_async_race_38682.log
39a50a511d57a1c7bc3ebde6bc5f6ce651f36bdb34f269d9959d8c03a35210ae	docs/progress/R69/code/evidence/raw/upstream-build-x86_64/libcxx_future_get_future.log
e6d6ae044b15a3575191a8b62c4f84710f855106b8fd8fbdc1d06e70b806122e	docs/progress/R69/code/evidence/raw/upstream-build-x86_64/libcxx_future_task_operator.log
9593295ddd84af64b29d48357419b50f1828ee4a2b36b5c15dcff58fad177823	docs/progress/R69/code/evidence/raw/upstream-build-x86_64/libcxx_future_thread_create_failure.log
e965d282f2fbedd2362b8e564f39ffcfa658c23a985f2236b174c2ed02f4ae0d	docs/progress/R69/code/evidence/raw/upstream-build-x86_64/libcxx_future_wait_on_destruct.log
66a037cf01f0c7edb339a50c36d0622ecb22caff0cadb5003c809ead380f4cf3	docs/progress/R69/code/evidence/raw/upstream-build-x86_64/libcxx_istream_getline.log
3abb7447dd10e6c0b43534942173c18f8754d45f27f1d14ec0daa59a2575bdfe	docs/progress/R69/code/evidence/raw/upstream-build-x86_64/libcxx_istream_read.log
63782121d031a161bf847d480fe6f2d50b2cd947311446bd18a0ccf0ea545df3	docs/progress/R69/code/evidence/raw/upstream-build-x86_64/libcxx_istream_ws.log
485d77617ff0bea94dff3ca235217c7ae1252677c272c6df170e81ccfaaf06f5	docs/progress/R69/code/evidence/raw/upstream-build-x86_64/libcxx_string_shrink_to_fit.log
20b48af8ffa226fd416d40933821f77389e588fc7a0cfc5ba9ecbb49286fe1eb	docs/progress/R69/code/evidence/raw/upstream-build-x86_64/reference_forced_unwind1.log
612cd5d7811ede3bbaf91ac8e8d8125525dc9b5e4d261d5d0458682b2b33836f	docs/progress/R69/code/evidence/raw/upstream-build-x86_64/reference_forced_unwind2.log
bc998951929e4ede6e65aec69071520f1b8a27327b2bfe3eabed2cec8a2bcf42	docs/progress/R69/code/evidence/raw/upstream-build-x86_64/reference_forced_unwind3.log
7b654a2a298a3ae28c4e3cae076f3838a73fcb720f59fefd338aa226d25aa346	docs/progress/R69/code/evidence/raw/upstream-build-x86_64/reference_forced_unwind4.log
c51d8da2bf147f909f48f2e13e88ca0e6d12e5e06eb0106627c9400315b9bad9	docs/progress/R69/code/evidence/raw/upstream-build-x86_64/reference_unwind_01.log
69fc425f562f8ba18ebe4d5cbef8a43e9d979748aa42c875e10f2411da58499d	docs/progress/R69/code/evidence/raw/upstream-build-x86_64/reference_unwind_02.log
d51414aa3b191b709593ed2bd7c541940f2110c506363e37640ba5d677c68526	docs/progress/R69/code/evidence/raw/upstream-build-x86_64/reference_unwind_03.log
cff7e6f63df8aea757a70351b166f5d85a4c8e2095c9376c223248ec7817c866	docs/progress/R69/code/evidence/raw/upstream-build-x86_64/reference_unwind_04.log
287adac8dc4a3095bc858b143c9a2d4cdd25770a68e534921079259d8177018e	docs/progress/R69/code/evidence/raw/upstream-build-x86_64/reference_unwind_05.log
52d19589b1e6cbb19d849e30dc6f5a584822554118c1fa884ab46327195b50bc	docs/progress/R69/code/evidence/raw/upstream-build-x86_64/reference_unwind_06.log
8d9dacd51e90ef921076a8a818a9b4a3c63e5de268f8582264ea25f7fafa9572	docs/progress/R69/code/evidence/raw/x86_64/matrix/async_baseline_cancel_1.log
55d633c6420c4dbb60f5640e705702e7ab03f3bfbb2548a344fca137945c0102	docs/progress/R69/code/evidence/raw/x86_64/matrix/async_baseline_cancel_10.log
d1369e9dfbc4ea3f8b615993c68c8fa360a05f1dc039bf601bac79f8ea533d8d	docs/progress/R69/code/evidence/raw/x86_64/matrix/async_baseline_cancel_11.log
41af098e20e6cc8228e4d613babba7a61ce92396e9b010b16653d4bd4b6ee8bf	docs/progress/R69/code/evidence/raw/x86_64/matrix/async_baseline_cancel_12.log
25a5e9a09a5b02674b925fac98eebc5ab28093bd803e00c9be662175352d238e	docs/progress/R69/code/evidence/raw/x86_64/matrix/async_baseline_cancel_13.log
74f0c27cac93be20913b93224f18acb651b5ceb3aa3d7b4520bbfafd67dea89e	docs/progress/R69/code/evidence/raw/x86_64/matrix/async_baseline_cancel_14.log
6a2438531a78076729cc31b603487f69e19f68f814fff6a8519af9e1c15cecc8	docs/progress/R69/code/evidence/raw/x86_64/matrix/async_baseline_cancel_15.log
697665f21acd42574c9f1388f86e5da8a04e5b9594e3372a63b96d54351f4d45	docs/progress/R69/code/evidence/raw/x86_64/matrix/async_baseline_cancel_16.log
76a9d3529273f20bff91c19a0b491df3f7c4a589963299ff67f2e597835f6d9b	docs/progress/R69/code/evidence/raw/x86_64/matrix/async_baseline_cancel_17.log
3dc3911c3484cae3f1fc15c9a07c651b70acd4aea1fa76369031a8e8b5c28a01	docs/progress/R69/code/evidence/raw/x86_64/matrix/async_baseline_cancel_18.log
6e85df179587e858691571c8ad323c89de3c91b3a96a8bb97b05092760da7e92	docs/progress/R69/code/evidence/raw/x86_64/matrix/async_baseline_cancel_19.log
34dfe06ebbfe2e756b256e81d9bdbd50be30a6affc4cddefb6d278765d1ce161	docs/progress/R69/code/evidence/raw/x86_64/matrix/async_baseline_cancel_2.log
97abaf0266404883b41164daf4dd9d0fa26fe48da1e926f0ab05b8fbbce958d4	docs/progress/R69/code/evidence/raw/x86_64/matrix/async_baseline_cancel_20.log
02082766c00041d3ba14afd98c408be2362c08e6b16e35e5cc685267ea085c3b	docs/progress/R69/code/evidence/raw/x86_64/matrix/async_baseline_cancel_3.log
ebc9e9abe69b1e8f0c2593353c6d6f895978a6cc2c5a575fd299cabdc2723634	docs/progress/R69/code/evidence/raw/x86_64/matrix/async_baseline_cancel_4.log
a0c5aaf23c4aa5ddd66ef1d1394f3fa4ba9377b891da677b93ecf6c9bf68da13	docs/progress/R69/code/evidence/raw/x86_64/matrix/async_baseline_cancel_5.log
093be14c64138a2f03351e766d160bd4d58ee03b33a33b2fa4e1f250233ee563	docs/progress/R69/code/evidence/raw/x86_64/matrix/async_baseline_cancel_6.log
46bddbb42887444cb1a4dee3fefc7eafdbee4def57c4e71436879f30231770e8	docs/progress/R69/code/evidence/raw/x86_64/matrix/async_baseline_cancel_7.log
1c6d151f7b1b46acede8d59d85c2c2ba8cf4b98835669ffa35b00302aec8c0ba	docs/progress/R69/code/evidence/raw/x86_64/matrix/async_baseline_cancel_8.log
0037bc74594722febe69dfebaf03b5a9302c41819d76bf51248c9505671d4f64	docs/progress/R69/code/evidence/raw/x86_64/matrix/async_baseline_cancel_9.log
01f724da4cf433f2594052e5f66d3fb9ee94b5681f09623386ed188d285b668a	docs/progress/R69/code/evidence/raw/x86_64/matrix/async_fixed_cancel_1.log
e039227cc507f3ad2d99db221a0b8449878a5b213b9f49e52b9d72410eb5159c	docs/progress/R69/code/evidence/raw/x86_64/matrix/async_fixed_cancel_10.log
94c8e675903066944e147d6c4387f633271879710c76c1f759798c908f8ff29b	docs/progress/R69/code/evidence/raw/x86_64/matrix/async_fixed_cancel_11.log
2c227e5688e483902091598910d5339ac30267a50ba53c0167f442317a4bb1eb	docs/progress/R69/code/evidence/raw/x86_64/matrix/async_fixed_cancel_12.log
9e1cc4263fc7ca53354c89707f07d112102df04799aa9ffe2fc7c2666994a098	docs/progress/R69/code/evidence/raw/x86_64/matrix/async_fixed_cancel_13.log
238a5255f27d9d79ab92fbbdbf46236379cec091775d0684c89d5d5fb2fe2b9e	docs/progress/R69/code/evidence/raw/x86_64/matrix/async_fixed_cancel_14.log
92bd77887a69ad6da4db54af0d74fa52e636d7f115a83249ec177148581751b3	docs/progress/R69/code/evidence/raw/x86_64/matrix/async_fixed_cancel_15.log
bb1e0f87772eb99cb9aadf7468499849243d916d336d249b46cfd73b64dd2a5b	docs/progress/R69/code/evidence/raw/x86_64/matrix/async_fixed_cancel_16.log
91570018838ccc8880fa6daced687f32ed780035ff49eba65798472036c375aa	docs/progress/R69/code/evidence/raw/x86_64/matrix/async_fixed_cancel_17.log
268bd3b2c3f8c05ebe5e338456e182ade242b1cf354b483cd376cbdcab4e4662	docs/progress/R69/code/evidence/raw/x86_64/matrix/async_fixed_cancel_18.log
2194597d27f22877a39870ecf7e6f54eed974cd0f8c7ec4be916abbf2c4b2666	docs/progress/R69/code/evidence/raw/x86_64/matrix/async_fixed_cancel_19.log
f80acdd460a9f8b7788965ed0219489425b2d724b2607de53fe5abf2e8730bd1	docs/progress/R69/code/evidence/raw/x86_64/matrix/async_fixed_cancel_2.log
e8480d26bcc90af2e16e3013c9ff3fc7b854b3ccdca25ba69c723759fe2b07a6	docs/progress/R69/code/evidence/raw/x86_64/matrix/async_fixed_cancel_20.log
ca9abe96f78fc5d9fda69fffaede018a5288f890fc31d6af3e87ff517d97cdd3	docs/progress/R69/code/evidence/raw/x86_64/matrix/async_fixed_cancel_3.log
18537e9d9292972a74a7baf1c75b890b8f019f6ac83e74d8a58016ba687073b0	docs/progress/R69/code/evidence/raw/x86_64/matrix/async_fixed_cancel_4.log
56d72792a350a1d21dcd146c8c9156163a9177a78541777f0ed0cf755aa9435c	docs/progress/R69/code/evidence/raw/x86_64/matrix/async_fixed_cancel_5.log
cd4f24836e0c3b5388accb762cb001023302bd1c186e4513829980119edee0e5	docs/progress/R69/code/evidence/raw/x86_64/matrix/async_fixed_cancel_6.log
8d08d3ce94cffbf31a6a2b9ab5ff1dadd5b1984ffa886485c5ac091cd33558b6	docs/progress/R69/code/evidence/raw/x86_64/matrix/async_fixed_cancel_7.log
93c1dc6d19e36e0fbfe618ef4a9bb4a00d8bba297379923339f6f87c346c3e9d	docs/progress/R69/code/evidence/raw/x86_64/matrix/async_fixed_cancel_8.log
2af69077b3a14043428129245f2aefbd84935538b2291907d8572c8fc213a015	docs/progress/R69/code/evidence/raw/x86_64/matrix/async_fixed_cancel_9.log
82fbbe9dd51be8b3afa7022e525ebed2ae9d61d54433a33b06a014747ed1033c	docs/progress/R69/code/evidence/raw/x86_64/matrix/async_noncancel_baseline_exception.log
e4446b95590e516b99fbec6344f88e09ef37bd42071f99d41159895ea5dd32bb	docs/progress/R69/code/evidence/raw/x86_64/matrix/async_noncancel_baseline_normal.log
cca5851413c5faae6a47c79fe10ddfe4f82ced1d8eca0ebbd5afd4967a9ab1fb	docs/progress/R69/code/evidence/raw/x86_64/matrix/async_noncancel_fixed_exception.log
53d695cce928c3f86a66321e4aa24b9ce9d541648a7677959cc1a742678311e0	docs/progress/R69/code/evidence/raw/x86_64/matrix/async_noncancel_fixed_normal.log
2794d3abaa8087d6dccd1b0799ff9204872dbc716f0137736ff9ef12298e1791	docs/progress/R69/code/evidence/raw/x86_64/matrix/async_noncancel_reference_exception.log
de2cc02a7e5b19539e891879a6f5a8177991d35d92279de721687bb008bed6b1	docs/progress/R69/code/evidence/raw/x86_64/matrix/async_noncancel_reference_normal.log
e17474d734053b9cabb2706d282a4f9dc5e2c55d2d6ee758e2e34d119732fb78	docs/progress/R69/code/evidence/raw/x86_64/matrix/async_reference_cancel_1.log
57edd00c1e5e1d2245c0a8559b9fa404ccd6375404b56ef166ec03be61afd768	docs/progress/R69/code/evidence/raw/x86_64/matrix/async_reference_cancel_10.log
6455c6d9566069eb0a191720e82616c14f39f7589f179508268566a745588b1c	docs/progress/R69/code/evidence/raw/x86_64/matrix/async_reference_cancel_11.log
015bc9fe18b9b4ded94313bde731f99e18ca7c71b6f9c4bb0e187a08fef63a8b	docs/progress/R69/code/evidence/raw/x86_64/matrix/async_reference_cancel_12.log
1c72b9fe49c7a05b23fd2cce67ce87cf96f552f7e4a9f42126240bfcecba23de	docs/progress/R69/code/evidence/raw/x86_64/matrix/async_reference_cancel_13.log
04c7004b4037e0fb8c1b522b2fedd2bb40098a7c883422cd35d030f225967611	docs/progress/R69/code/evidence/raw/x86_64/matrix/async_reference_cancel_14.log
ff0af8a8ce53e3962a56d629dd8a19f65191e89359b902e8f2813c079e6a85ae	docs/progress/R69/code/evidence/raw/x86_64/matrix/async_reference_cancel_15.log
a2198e8ee212643c2b773078d34e5a796e961e1137795a1cea68c4601b27fd78	docs/progress/R69/code/evidence/raw/x86_64/matrix/async_reference_cancel_16.log
ca7a2aa434df01409a447544f6b930fffd40bd8a3c06e14d3265dd553e541ad9	docs/progress/R69/code/evidence/raw/x86_64/matrix/async_reference_cancel_17.log
bea2b24a41973cdfbcf5f6985582b3ee55fe0553e177555021bbdb7a32301d7d	docs/progress/R69/code/evidence/raw/x86_64/matrix/async_reference_cancel_18.log
d0731a3c67d72aeb44c2787bf8867b80b543c9f7b76302531d29aad904988d94	docs/progress/R69/code/evidence/raw/x86_64/matrix/async_reference_cancel_19.log
45a370c04c191546030d093cb7d699f0bfedf07ff4680e74db32b7fab31a8368	docs/progress/R69/code/evidence/raw/x86_64/matrix/async_reference_cancel_2.log
ee0394c58d74947d13222d16a16c19453ee4e382a0cd221f39bc0ed671223517	docs/progress/R69/code/evidence/raw/x86_64/matrix/async_reference_cancel_20.log
1790523eae01e3817b73855a1458ecaf091aa60b3bf2046eb3d74fd3966f1f36	docs/progress/R69/code/evidence/raw/x86_64/matrix/async_reference_cancel_3.log
0967f0fa65e0425c2d1fb8aebf99f908af032823f922fc74581dee14ef519647	docs/progress/R69/code/evidence/raw/x86_64/matrix/async_reference_cancel_4.log
d89dcaa825ff5fab2501dc29830893307429f181e9dae2259be7d7e9f6c7c679	docs/progress/R69/code/evidence/raw/x86_64/matrix/async_reference_cancel_5.log
be39fd3610623d2c7ec5f68473eff454732719090db0a6e1e69ad35878b491df	docs/progress/R69/code/evidence/raw/x86_64/matrix/async_reference_cancel_6.log
7e45a77d6cf0d881ea802909659d17b508f38043fb6a27ae4910f39943363f3c	docs/progress/R69/code/evidence/raw/x86_64/matrix/async_reference_cancel_7.log
e1c85b4ed57e40a9beb7edcac8f50ba17293759e4626fcf330f7b9b51fe48f2a	docs/progress/R69/code/evidence/raw/x86_64/matrix/async_reference_cancel_8.log
7ffc2b9eccedefd795fed8349402ccd110ba012f12b53784953f3a63cdf4f1cd	docs/progress/R69/code/evidence/raw/x86_64/matrix/async_reference_cancel_9.log
056550632f67fd5688f000077359fbdd79e6175f5ea05e2763d2fb8643b2a56a	docs/progress/R69/code/evidence/raw/x86_64/matrix/concurrency_fixed_cancel_and_exception_1.log
cce0e053f1c4e2deee162bf6e11909bbe76dacd91e7c81d3a2bb1828476f5145	docs/progress/R69/code/evidence/raw/x86_64/matrix/concurrency_fixed_cancel_and_exception_10.log
cce0e053f1c4e2deee162bf6e11909bbe76dacd91e7c81d3a2bb1828476f5145	docs/progress/R69/code/evidence/raw/x86_64/matrix/concurrency_fixed_cancel_and_exception_11.log
cce0e053f1c4e2deee162bf6e11909bbe76dacd91e7c81d3a2bb1828476f5145	docs/progress/R69/code/evidence/raw/x86_64/matrix/concurrency_fixed_cancel_and_exception_12.log
cce0e053f1c4e2deee162bf6e11909bbe76dacd91e7c81d3a2bb1828476f5145	docs/progress/R69/code/evidence/raw/x86_64/matrix/concurrency_fixed_cancel_and_exception_13.log
cce0e053f1c4e2deee162bf6e11909bbe76dacd91e7c81d3a2bb1828476f5145	docs/progress/R69/code/evidence/raw/x86_64/matrix/concurrency_fixed_cancel_and_exception_14.log
67c952edf874cc7ee41ee2b3708295787fb7178b764997bd657dacebffe543a6	docs/progress/R69/code/evidence/raw/x86_64/matrix/concurrency_fixed_cancel_and_exception_15.log
cce0e053f1c4e2deee162bf6e11909bbe76dacd91e7c81d3a2bb1828476f5145	docs/progress/R69/code/evidence/raw/x86_64/matrix/concurrency_fixed_cancel_and_exception_16.log
48a10bb4f6b025b735ab8191f7f7eccc8e1bbc32bbb597bec10b9e23084baf41	docs/progress/R69/code/evidence/raw/x86_64/matrix/concurrency_fixed_cancel_and_exception_17.log
cce0e053f1c4e2deee162bf6e11909bbe76dacd91e7c81d3a2bb1828476f5145	docs/progress/R69/code/evidence/raw/x86_64/matrix/concurrency_fixed_cancel_and_exception_18.log
e3130943d41fcacb746ed7b1ca90c27d2e5cc86b278def1befd939072f2f1b8f	docs/progress/R69/code/evidence/raw/x86_64/matrix/concurrency_fixed_cancel_and_exception_19.log
cce0e053f1c4e2deee162bf6e11909bbe76dacd91e7c81d3a2bb1828476f5145	docs/progress/R69/code/evidence/raw/x86_64/matrix/concurrency_fixed_cancel_and_exception_2.log
cce0e053f1c4e2deee162bf6e11909bbe76dacd91e7c81d3a2bb1828476f5145	docs/progress/R69/code/evidence/raw/x86_64/matrix/concurrency_fixed_cancel_and_exception_20.log
2d132236bf2744d41e72bdaaee424557a5bad6f13edd519208c4f1cf59e170e6	docs/progress/R69/code/evidence/raw/x86_64/matrix/concurrency_fixed_cancel_and_exception_3.log
f934d3eb42bb544aa6975df1f561ca66d7b837cf832e48547c2aec2a5bbffed2	docs/progress/R69/code/evidence/raw/x86_64/matrix/concurrency_fixed_cancel_and_exception_4.log
cce0e053f1c4e2deee162bf6e11909bbe76dacd91e7c81d3a2bb1828476f5145	docs/progress/R69/code/evidence/raw/x86_64/matrix/concurrency_fixed_cancel_and_exception_5.log
cce0e053f1c4e2deee162bf6e11909bbe76dacd91e7c81d3a2bb1828476f5145	docs/progress/R69/code/evidence/raw/x86_64/matrix/concurrency_fixed_cancel_and_exception_6.log
cce0e053f1c4e2deee162bf6e11909bbe76dacd91e7c81d3a2bb1828476f5145	docs/progress/R69/code/evidence/raw/x86_64/matrix/concurrency_fixed_cancel_and_exception_7.log
cce0e053f1c4e2deee162bf6e11909bbe76dacd91e7c81d3a2bb1828476f5145	docs/progress/R69/code/evidence/raw/x86_64/matrix/concurrency_fixed_cancel_and_exception_8.log
cce0e053f1c4e2deee162bf6e11909bbe76dacd91e7c81d3a2bb1828476f5145	docs/progress/R69/code/evidence/raw/x86_64/matrix/concurrency_fixed_cancel_and_exception_9.log
4f29c05880eab882a7e68adb7999985ab37a2ab4b5bef984d2431efa68a299c0	docs/progress/R69/code/evidence/raw/x86_64/matrix/concurrency_fixed_multi_cancel_1.log
4f29c05880eab882a7e68adb7999985ab37a2ab4b5bef984d2431efa68a299c0	docs/progress/R69/code/evidence/raw/x86_64/matrix/concurrency_fixed_multi_cancel_10.log
4f29c05880eab882a7e68adb7999985ab37a2ab4b5bef984d2431efa68a299c0	docs/progress/R69/code/evidence/raw/x86_64/matrix/concurrency_fixed_multi_cancel_11.log
4f29c05880eab882a7e68adb7999985ab37a2ab4b5bef984d2431efa68a299c0	docs/progress/R69/code/evidence/raw/x86_64/matrix/concurrency_fixed_multi_cancel_12.log
4f29c05880eab882a7e68adb7999985ab37a2ab4b5bef984d2431efa68a299c0	docs/progress/R69/code/evidence/raw/x86_64/matrix/concurrency_fixed_multi_cancel_13.log
4f29c05880eab882a7e68adb7999985ab37a2ab4b5bef984d2431efa68a299c0	docs/progress/R69/code/evidence/raw/x86_64/matrix/concurrency_fixed_multi_cancel_14.log
4f29c05880eab882a7e68adb7999985ab37a2ab4b5bef984d2431efa68a299c0	docs/progress/R69/code/evidence/raw/x86_64/matrix/concurrency_fixed_multi_cancel_15.log
4f29c05880eab882a7e68adb7999985ab37a2ab4b5bef984d2431efa68a299c0	docs/progress/R69/code/evidence/raw/x86_64/matrix/concurrency_fixed_multi_cancel_16.log
4f29c05880eab882a7e68adb7999985ab37a2ab4b5bef984d2431efa68a299c0	docs/progress/R69/code/evidence/raw/x86_64/matrix/concurrency_fixed_multi_cancel_17.log
4f29c05880eab882a7e68adb7999985ab37a2ab4b5bef984d2431efa68a299c0	docs/progress/R69/code/evidence/raw/x86_64/matrix/concurrency_fixed_multi_cancel_18.log
4f29c05880eab882a7e68adb7999985ab37a2ab4b5bef984d2431efa68a299c0	docs/progress/R69/code/evidence/raw/x86_64/matrix/concurrency_fixed_multi_cancel_19.log
4f29c05880eab882a7e68adb7999985ab37a2ab4b5bef984d2431efa68a299c0	docs/progress/R69/code/evidence/raw/x86_64/matrix/concurrency_fixed_multi_cancel_2.log
4f29c05880eab882a7e68adb7999985ab37a2ab4b5bef984d2431efa68a299c0	docs/progress/R69/code/evidence/raw/x86_64/matrix/concurrency_fixed_multi_cancel_20.log
4f29c05880eab882a7e68adb7999985ab37a2ab4b5bef984d2431efa68a299c0	docs/progress/R69/code/evidence/raw/x86_64/matrix/concurrency_fixed_multi_cancel_3.log
4f29c05880eab882a7e68adb7999985ab37a2ab4b5bef984d2431efa68a299c0	docs/progress/R69/code/evidence/raw/x86_64/matrix/concurrency_fixed_multi_cancel_4.log
4f29c05880eab882a7e68adb7999985ab37a2ab4b5bef984d2431efa68a299c0	docs/progress/R69/code/evidence/raw/x86_64/matrix/concurrency_fixed_multi_cancel_5.log
4f29c05880eab882a7e68adb7999985ab37a2ab4b5bef984d2431efa68a299c0	docs/progress/R69/code/evidence/raw/x86_64/matrix/concurrency_fixed_multi_cancel_6.log
4f29c05880eab882a7e68adb7999985ab37a2ab4b5bef984d2431efa68a299c0	docs/progress/R69/code/evidence/raw/x86_64/matrix/concurrency_fixed_multi_cancel_7.log
4f29c05880eab882a7e68adb7999985ab37a2ab4b5bef984d2431efa68a299c0	docs/progress/R69/code/evidence/raw/x86_64/matrix/concurrency_fixed_multi_cancel_8.log
4f29c05880eab882a7e68adb7999985ab37a2ab4b5bef984d2431efa68a299c0	docs/progress/R69/code/evidence/raw/x86_64/matrix/concurrency_fixed_multi_cancel_9.log
f43a4dbc6aa00e967c0a12c0c9e059d74d5df206efeaccaa303f74dab7dadee3	docs/progress/R69/code/evidence/raw/x86_64/matrix/concurrency_fixed_repeat_cancel_1.log
f43a4dbc6aa00e967c0a12c0c9e059d74d5df206efeaccaa303f74dab7dadee3	docs/progress/R69/code/evidence/raw/x86_64/matrix/concurrency_fixed_repeat_cancel_10.log
f43a4dbc6aa00e967c0a12c0c9e059d74d5df206efeaccaa303f74dab7dadee3	docs/progress/R69/code/evidence/raw/x86_64/matrix/concurrency_fixed_repeat_cancel_11.log
f43a4dbc6aa00e967c0a12c0c9e059d74d5df206efeaccaa303f74dab7dadee3	docs/progress/R69/code/evidence/raw/x86_64/matrix/concurrency_fixed_repeat_cancel_12.log
f43a4dbc6aa00e967c0a12c0c9e059d74d5df206efeaccaa303f74dab7dadee3	docs/progress/R69/code/evidence/raw/x86_64/matrix/concurrency_fixed_repeat_cancel_13.log
f43a4dbc6aa00e967c0a12c0c9e059d74d5df206efeaccaa303f74dab7dadee3	docs/progress/R69/code/evidence/raw/x86_64/matrix/concurrency_fixed_repeat_cancel_14.log
f43a4dbc6aa00e967c0a12c0c9e059d74d5df206efeaccaa303f74dab7dadee3	docs/progress/R69/code/evidence/raw/x86_64/matrix/concurrency_fixed_repeat_cancel_15.log
f43a4dbc6aa00e967c0a12c0c9e059d74d5df206efeaccaa303f74dab7dadee3	docs/progress/R69/code/evidence/raw/x86_64/matrix/concurrency_fixed_repeat_cancel_16.log
f43a4dbc6aa00e967c0a12c0c9e059d74d5df206efeaccaa303f74dab7dadee3	docs/progress/R69/code/evidence/raw/x86_64/matrix/concurrency_fixed_repeat_cancel_17.log
f43a4dbc6aa00e967c0a12c0c9e059d74d5df206efeaccaa303f74dab7dadee3	docs/progress/R69/code/evidence/raw/x86_64/matrix/concurrency_fixed_repeat_cancel_18.log
f43a4dbc6aa00e967c0a12c0c9e059d74d5df206efeaccaa303f74dab7dadee3	docs/progress/R69/code/evidence/raw/x86_64/matrix/concurrency_fixed_repeat_cancel_19.log
f43a4dbc6aa00e967c0a12c0c9e059d74d5df206efeaccaa303f74dab7dadee3	docs/progress/R69/code/evidence/raw/x86_64/matrix/concurrency_fixed_repeat_cancel_2.log
f43a4dbc6aa00e967c0a12c0c9e059d74d5df206efeaccaa303f74dab7dadee3	docs/progress/R69/code/evidence/raw/x86_64/matrix/concurrency_fixed_repeat_cancel_20.log
f43a4dbc6aa00e967c0a12c0c9e059d74d5df206efeaccaa303f74dab7dadee3	docs/progress/R69/code/evidence/raw/x86_64/matrix/concurrency_fixed_repeat_cancel_3.log
f43a4dbc6aa00e967c0a12c0c9e059d74d5df206efeaccaa303f74dab7dadee3	docs/progress/R69/code/evidence/raw/x86_64/matrix/concurrency_fixed_repeat_cancel_4.log
f43a4dbc6aa00e967c0a12c0c9e059d74d5df206efeaccaa303f74dab7dadee3	docs/progress/R69/code/evidence/raw/x86_64/matrix/concurrency_fixed_repeat_cancel_5.log
f43a4dbc6aa00e967c0a12c0c9e059d74d5df206efeaccaa303f74dab7dadee3	docs/progress/R69/code/evidence/raw/x86_64/matrix/concurrency_fixed_repeat_cancel_6.log
f43a4dbc6aa00e967c0a12c0c9e059d74d5df206efeaccaa303f74dab7dadee3	docs/progress/R69/code/evidence/raw/x86_64/matrix/concurrency_fixed_repeat_cancel_7.log
f43a4dbc6aa00e967c0a12c0c9e059d74d5df206efeaccaa303f74dab7dadee3	docs/progress/R69/code/evidence/raw/x86_64/matrix/concurrency_fixed_repeat_cancel_8.log
f43a4dbc6aa00e967c0a12c0c9e059d74d5df206efeaccaa303f74dab7dadee3	docs/progress/R69/code/evidence/raw/x86_64/matrix/concurrency_fixed_repeat_cancel_9.log
66172d09944ce62803571dd1cb7b72816dcffc3fe22ed06625f77ee449de327e	docs/progress/R69/code/evidence/raw/x86_64/matrix/concurrency_fixed_stdlib_concurrent_1.log
66172d09944ce62803571dd1cb7b72816dcffc3fe22ed06625f77ee449de327e	docs/progress/R69/code/evidence/raw/x86_64/matrix/concurrency_fixed_stdlib_concurrent_10.log
66172d09944ce62803571dd1cb7b72816dcffc3fe22ed06625f77ee449de327e	docs/progress/R69/code/evidence/raw/x86_64/matrix/concurrency_fixed_stdlib_concurrent_11.log
be3b991bcef8bab8e9f70785285d584b627451f0badc44e786104baed0f539ef	docs/progress/R69/code/evidence/raw/x86_64/matrix/concurrency_fixed_stdlib_concurrent_12.log
66172d09944ce62803571dd1cb7b72816dcffc3fe22ed06625f77ee449de327e	docs/progress/R69/code/evidence/raw/x86_64/matrix/concurrency_fixed_stdlib_concurrent_13.log
66172d09944ce62803571dd1cb7b72816dcffc3fe22ed06625f77ee449de327e	docs/progress/R69/code/evidence/raw/x86_64/matrix/concurrency_fixed_stdlib_concurrent_14.log
66172d09944ce62803571dd1cb7b72816dcffc3fe22ed06625f77ee449de327e	docs/progress/R69/code/evidence/raw/x86_64/matrix/concurrency_fixed_stdlib_concurrent_15.log
66172d09944ce62803571dd1cb7b72816dcffc3fe22ed06625f77ee449de327e	docs/progress/R69/code/evidence/raw/x86_64/matrix/concurrency_fixed_stdlib_concurrent_16.log
66172d09944ce62803571dd1cb7b72816dcffc3fe22ed06625f77ee449de327e	docs/progress/R69/code/evidence/raw/x86_64/matrix/concurrency_fixed_stdlib_concurrent_17.log
66172d09944ce62803571dd1cb7b72816dcffc3fe22ed06625f77ee449de327e	docs/progress/R69/code/evidence/raw/x86_64/matrix/concurrency_fixed_stdlib_concurrent_18.log
66172d09944ce62803571dd1cb7b72816dcffc3fe22ed06625f77ee449de327e	docs/progress/R69/code/evidence/raw/x86_64/matrix/concurrency_fixed_stdlib_concurrent_19.log
ad5951ccd44be8bae6903f41b74df44c0c2ad289a556f98025140a4963bee89f	docs/progress/R69/code/evidence/raw/x86_64/matrix/concurrency_fixed_stdlib_concurrent_2.log
66172d09944ce62803571dd1cb7b72816dcffc3fe22ed06625f77ee449de327e	docs/progress/R69/code/evidence/raw/x86_64/matrix/concurrency_fixed_stdlib_concurrent_20.log
66172d09944ce62803571dd1cb7b72816dcffc3fe22ed06625f77ee449de327e	docs/progress/R69/code/evidence/raw/x86_64/matrix/concurrency_fixed_stdlib_concurrent_3.log
66172d09944ce62803571dd1cb7b72816dcffc3fe22ed06625f77ee449de327e	docs/progress/R69/code/evidence/raw/x86_64/matrix/concurrency_fixed_stdlib_concurrent_4.log
f4cfa70566aca100192f6153fc1fa4264246426113c2463ada970e92284a9241	docs/progress/R69/code/evidence/raw/x86_64/matrix/concurrency_fixed_stdlib_concurrent_5.log
ad5951ccd44be8bae6903f41b74df44c0c2ad289a556f98025140a4963bee89f	docs/progress/R69/code/evidence/raw/x86_64/matrix/concurrency_fixed_stdlib_concurrent_6.log
be3b991bcef8bab8e9f70785285d584b627451f0badc44e786104baed0f539ef	docs/progress/R69/code/evidence/raw/x86_64/matrix/concurrency_fixed_stdlib_concurrent_7.log
66172d09944ce62803571dd1cb7b72816dcffc3fe22ed06625f77ee449de327e	docs/progress/R69/code/evidence/raw/x86_64/matrix/concurrency_fixed_stdlib_concurrent_8.log
66172d09944ce62803571dd1cb7b72816dcffc3fe22ed06625f77ee449de327e	docs/progress/R69/code/evidence/raw/x86_64/matrix/concurrency_fixed_stdlib_concurrent_9.log
08c5cd35e5b89a752f81446fb1673cb54af08825c816c6ec217c416e766a1837	docs/progress/R69/code/evidence/raw/x86_64/matrix/concurrency_reference_cancel_and_exception_1.log
08c5cd35e5b89a752f81446fb1673cb54af08825c816c6ec217c416e766a1837	docs/progress/R69/code/evidence/raw/x86_64/matrix/concurrency_reference_cancel_and_exception_10.log
08c5cd35e5b89a752f81446fb1673cb54af08825c816c6ec217c416e766a1837	docs/progress/R69/code/evidence/raw/x86_64/matrix/concurrency_reference_cancel_and_exception_11.log
bbb2fc7fe962af9ee8d72506825f5167b82bba1882d08d3ebd24a41a0e75cf6a	docs/progress/R69/code/evidence/raw/x86_64/matrix/concurrency_reference_cancel_and_exception_12.log
41e9823324984f7c2aa2ea1123ade4e675106120b6586bbcc5a79da5ebc564fd	docs/progress/R69/code/evidence/raw/x86_64/matrix/concurrency_reference_cancel_and_exception_13.log
07fc9d4a9af8c8dbf9103db5308e68048214ed0b5827c67f117d1cb19a77aa53	docs/progress/R69/code/evidence/raw/x86_64/matrix/concurrency_reference_cancel_and_exception_14.log
08c5cd35e5b89a752f81446fb1673cb54af08825c816c6ec217c416e766a1837	docs/progress/R69/code/evidence/raw/x86_64/matrix/concurrency_reference_cancel_and_exception_15.log
bbb2fc7fe962af9ee8d72506825f5167b82bba1882d08d3ebd24a41a0e75cf6a	docs/progress/R69/code/evidence/raw/x86_64/matrix/concurrency_reference_cancel_and_exception_16.log
08c5cd35e5b89a752f81446fb1673cb54af08825c816c6ec217c416e766a1837	docs/progress/R69/code/evidence/raw/x86_64/matrix/concurrency_reference_cancel_and_exception_17.log
08c5cd35e5b89a752f81446fb1673cb54af08825c816c6ec217c416e766a1837	docs/progress/R69/code/evidence/raw/x86_64/matrix/concurrency_reference_cancel_and_exception_18.log
bbb2fc7fe962af9ee8d72506825f5167b82bba1882d08d3ebd24a41a0e75cf6a	docs/progress/R69/code/evidence/raw/x86_64/matrix/concurrency_reference_cancel_and_exception_19.log
08c5cd35e5b89a752f81446fb1673cb54af08825c816c6ec217c416e766a1837	docs/progress/R69/code/evidence/raw/x86_64/matrix/concurrency_reference_cancel_and_exception_2.log
3ed99b643f83a710052762c55aa2b8957ffb5c3d720111f2804cf80da0e763e0	docs/progress/R69/code/evidence/raw/x86_64/matrix/concurrency_reference_cancel_and_exception_20.log
6492a965112d9ee8bb6aa8e0904d775a16d1fb13cff77030ca9dace7739bf14f	docs/progress/R69/code/evidence/raw/x86_64/matrix/concurrency_reference_cancel_and_exception_3.log
bbb2fc7fe962af9ee8d72506825f5167b82bba1882d08d3ebd24a41a0e75cf6a	docs/progress/R69/code/evidence/raw/x86_64/matrix/concurrency_reference_cancel_and_exception_4.log
41e9823324984f7c2aa2ea1123ade4e675106120b6586bbcc5a79da5ebc564fd	docs/progress/R69/code/evidence/raw/x86_64/matrix/concurrency_reference_cancel_and_exception_5.log
7e38824c469ae04872bd16a55c37226522492deb2161eac1ef5c94406a28b477	docs/progress/R69/code/evidence/raw/x86_64/matrix/concurrency_reference_cancel_and_exception_6.log
5fb47e71fb43fd8a76c39e8a0d70933fbfc34b6a8fbec71912c16f3234c74047	docs/progress/R69/code/evidence/raw/x86_64/matrix/concurrency_reference_cancel_and_exception_7.log
77f0a37844c2579a163a4df824dd18d14cf62d4a054fb56aaae133cd7c25a6d1	docs/progress/R69/code/evidence/raw/x86_64/matrix/concurrency_reference_cancel_and_exception_8.log
08c5cd35e5b89a752f81446fb1673cb54af08825c816c6ec217c416e766a1837	docs/progress/R69/code/evidence/raw/x86_64/matrix/concurrency_reference_cancel_and_exception_9.log
8cffb08a396f18ee6108be3d850010d4d18637fdb2dd2fcdbc818626929851ff	docs/progress/R69/code/evidence/raw/x86_64/matrix/concurrency_reference_multi_cancel_1.log
8cffb08a396f18ee6108be3d850010d4d18637fdb2dd2fcdbc818626929851ff	docs/progress/R69/code/evidence/raw/x86_64/matrix/concurrency_reference_multi_cancel_10.log
8cffb08a396f18ee6108be3d850010d4d18637fdb2dd2fcdbc818626929851ff	docs/progress/R69/code/evidence/raw/x86_64/matrix/concurrency_reference_multi_cancel_11.log
8cffb08a396f18ee6108be3d850010d4d18637fdb2dd2fcdbc818626929851ff	docs/progress/R69/code/evidence/raw/x86_64/matrix/concurrency_reference_multi_cancel_12.log
8cffb08a396f18ee6108be3d850010d4d18637fdb2dd2fcdbc818626929851ff	docs/progress/R69/code/evidence/raw/x86_64/matrix/concurrency_reference_multi_cancel_13.log
8cffb08a396f18ee6108be3d850010d4d18637fdb2dd2fcdbc818626929851ff	docs/progress/R69/code/evidence/raw/x86_64/matrix/concurrency_reference_multi_cancel_14.log
8cffb08a396f18ee6108be3d850010d4d18637fdb2dd2fcdbc818626929851ff	docs/progress/R69/code/evidence/raw/x86_64/matrix/concurrency_reference_multi_cancel_15.log
8cffb08a396f18ee6108be3d850010d4d18637fdb2dd2fcdbc818626929851ff	docs/progress/R69/code/evidence/raw/x86_64/matrix/concurrency_reference_multi_cancel_16.log
8cffb08a396f18ee6108be3d850010d4d18637fdb2dd2fcdbc818626929851ff	docs/progress/R69/code/evidence/raw/x86_64/matrix/concurrency_reference_multi_cancel_17.log
8cffb08a396f18ee6108be3d850010d4d18637fdb2dd2fcdbc818626929851ff	docs/progress/R69/code/evidence/raw/x86_64/matrix/concurrency_reference_multi_cancel_18.log
8cffb08a396f18ee6108be3d850010d4d18637fdb2dd2fcdbc818626929851ff	docs/progress/R69/code/evidence/raw/x86_64/matrix/concurrency_reference_multi_cancel_19.log
8cffb08a396f18ee6108be3d850010d4d18637fdb2dd2fcdbc818626929851ff	docs/progress/R69/code/evidence/raw/x86_64/matrix/concurrency_reference_multi_cancel_2.log
8cffb08a396f18ee6108be3d850010d4d18637fdb2dd2fcdbc818626929851ff	docs/progress/R69/code/evidence/raw/x86_64/matrix/concurrency_reference_multi_cancel_20.log
8cffb08a396f18ee6108be3d850010d4d18637fdb2dd2fcdbc818626929851ff	docs/progress/R69/code/evidence/raw/x86_64/matrix/concurrency_reference_multi_cancel_3.log
8cffb08a396f18ee6108be3d850010d4d18637fdb2dd2fcdbc818626929851ff	docs/progress/R69/code/evidence/raw/x86_64/matrix/concurrency_reference_multi_cancel_4.log
8cffb08a396f18ee6108be3d850010d4d18637fdb2dd2fcdbc818626929851ff	docs/progress/R69/code/evidence/raw/x86_64/matrix/concurrency_reference_multi_cancel_5.log
8cffb08a396f18ee6108be3d850010d4d18637fdb2dd2fcdbc818626929851ff	docs/progress/R69/code/evidence/raw/x86_64/matrix/concurrency_reference_multi_cancel_6.log
8cffb08a396f18ee6108be3d850010d4d18637fdb2dd2fcdbc818626929851ff	docs/progress/R69/code/evidence/raw/x86_64/matrix/concurrency_reference_multi_cancel_7.log
8cffb08a396f18ee6108be3d850010d4d18637fdb2dd2fcdbc818626929851ff	docs/progress/R69/code/evidence/raw/x86_64/matrix/concurrency_reference_multi_cancel_8.log
8cffb08a396f18ee6108be3d850010d4d18637fdb2dd2fcdbc818626929851ff	docs/progress/R69/code/evidence/raw/x86_64/matrix/concurrency_reference_multi_cancel_9.log
f533dbeac937c9b46b4b0a178ba92295474db2b268415ecfcab031452ab5f7d8	docs/progress/R69/code/evidence/raw/x86_64/matrix/concurrency_reference_repeat_cancel_1.log
f533dbeac937c9b46b4b0a178ba92295474db2b268415ecfcab031452ab5f7d8	docs/progress/R69/code/evidence/raw/x86_64/matrix/concurrency_reference_repeat_cancel_10.log
f533dbeac937c9b46b4b0a178ba92295474db2b268415ecfcab031452ab5f7d8	docs/progress/R69/code/evidence/raw/x86_64/matrix/concurrency_reference_repeat_cancel_11.log
f533dbeac937c9b46b4b0a178ba92295474db2b268415ecfcab031452ab5f7d8	docs/progress/R69/code/evidence/raw/x86_64/matrix/concurrency_reference_repeat_cancel_12.log
f533dbeac937c9b46b4b0a178ba92295474db2b268415ecfcab031452ab5f7d8	docs/progress/R69/code/evidence/raw/x86_64/matrix/concurrency_reference_repeat_cancel_13.log
f533dbeac937c9b46b4b0a178ba92295474db2b268415ecfcab031452ab5f7d8	docs/progress/R69/code/evidence/raw/x86_64/matrix/concurrency_reference_repeat_cancel_14.log
f533dbeac937c9b46b4b0a178ba92295474db2b268415ecfcab031452ab5f7d8	docs/progress/R69/code/evidence/raw/x86_64/matrix/concurrency_reference_repeat_cancel_15.log
f533dbeac937c9b46b4b0a178ba92295474db2b268415ecfcab031452ab5f7d8	docs/progress/R69/code/evidence/raw/x86_64/matrix/concurrency_reference_repeat_cancel_16.log
f533dbeac937c9b46b4b0a178ba92295474db2b268415ecfcab031452ab5f7d8	docs/progress/R69/code/evidence/raw/x86_64/matrix/concurrency_reference_repeat_cancel_17.log
f533dbeac937c9b46b4b0a178ba92295474db2b268415ecfcab031452ab5f7d8	docs/progress/R69/code/evidence/raw/x86_64/matrix/concurrency_reference_repeat_cancel_18.log
f533dbeac937c9b46b4b0a178ba92295474db2b268415ecfcab031452ab5f7d8	docs/progress/R69/code/evidence/raw/x86_64/matrix/concurrency_reference_repeat_cancel_19.log
f533dbeac937c9b46b4b0a178ba92295474db2b268415ecfcab031452ab5f7d8	docs/progress/R69/code/evidence/raw/x86_64/matrix/concurrency_reference_repeat_cancel_2.log
f533dbeac937c9b46b4b0a178ba92295474db2b268415ecfcab031452ab5f7d8	docs/progress/R69/code/evidence/raw/x86_64/matrix/concurrency_reference_repeat_cancel_20.log
f533dbeac937c9b46b4b0a178ba92295474db2b268415ecfcab031452ab5f7d8	docs/progress/R69/code/evidence/raw/x86_64/matrix/concurrency_reference_repeat_cancel_3.log
f533dbeac937c9b46b4b0a178ba92295474db2b268415ecfcab031452ab5f7d8	docs/progress/R69/code/evidence/raw/x86_64/matrix/concurrency_reference_repeat_cancel_4.log
f533dbeac937c9b46b4b0a178ba92295474db2b268415ecfcab031452ab5f7d8	docs/progress/R69/code/evidence/raw/x86_64/matrix/concurrency_reference_repeat_cancel_5.log
f533dbeac937c9b46b4b0a178ba92295474db2b268415ecfcab031452ab5f7d8	docs/progress/R69/code/evidence/raw/x86_64/matrix/concurrency_reference_repeat_cancel_6.log
f533dbeac937c9b46b4b0a178ba92295474db2b268415ecfcab031452ab5f7d8	docs/progress/R69/code/evidence/raw/x86_64/matrix/concurrency_reference_repeat_cancel_7.log
f533dbeac937c9b46b4b0a178ba92295474db2b268415ecfcab031452ab5f7d8	docs/progress/R69/code/evidence/raw/x86_64/matrix/concurrency_reference_repeat_cancel_8.log
f533dbeac937c9b46b4b0a178ba92295474db2b268415ecfcab031452ab5f7d8	docs/progress/R69/code/evidence/raw/x86_64/matrix/concurrency_reference_repeat_cancel_9.log
ef97a9b33dfacb44b000a549a324bdad961936c37464f805e2a5cb84bf278015	docs/progress/R69/code/evidence/raw/x86_64/matrix/concurrency_reference_stdlib_concurrent_1.log
ef97a9b33dfacb44b000a549a324bdad961936c37464f805e2a5cb84bf278015	docs/progress/R69/code/evidence/raw/x86_64/matrix/concurrency_reference_stdlib_concurrent_10.log
ef97a9b33dfacb44b000a549a324bdad961936c37464f805e2a5cb84bf278015	docs/progress/R69/code/evidence/raw/x86_64/matrix/concurrency_reference_stdlib_concurrent_11.log
ef97a9b33dfacb44b000a549a324bdad961936c37464f805e2a5cb84bf278015	docs/progress/R69/code/evidence/raw/x86_64/matrix/concurrency_reference_stdlib_concurrent_12.log
118faf98fece8edbe69be1621dc1beb56be394c808c0027a6b00afc68c3500d9	docs/progress/R69/code/evidence/raw/x86_64/matrix/concurrency_reference_stdlib_concurrent_13.log
118faf98fece8edbe69be1621dc1beb56be394c808c0027a6b00afc68c3500d9	docs/progress/R69/code/evidence/raw/x86_64/matrix/concurrency_reference_stdlib_concurrent_14.log
ef97a9b33dfacb44b000a549a324bdad961936c37464f805e2a5cb84bf278015	docs/progress/R69/code/evidence/raw/x86_64/matrix/concurrency_reference_stdlib_concurrent_15.log
ef97a9b33dfacb44b000a549a324bdad961936c37464f805e2a5cb84bf278015	docs/progress/R69/code/evidence/raw/x86_64/matrix/concurrency_reference_stdlib_concurrent_16.log
ef97a9b33dfacb44b000a549a324bdad961936c37464f805e2a5cb84bf278015	docs/progress/R69/code/evidence/raw/x86_64/matrix/concurrency_reference_stdlib_concurrent_17.log
ef97a9b33dfacb44b000a549a324bdad961936c37464f805e2a5cb84bf278015	docs/progress/R69/code/evidence/raw/x86_64/matrix/concurrency_reference_stdlib_concurrent_18.log
ef97a9b33dfacb44b000a549a324bdad961936c37464f805e2a5cb84bf278015	docs/progress/R69/code/evidence/raw/x86_64/matrix/concurrency_reference_stdlib_concurrent_19.log
ef97a9b33dfacb44b000a549a324bdad961936c37464f805e2a5cb84bf278015	docs/progress/R69/code/evidence/raw/x86_64/matrix/concurrency_reference_stdlib_concurrent_2.log
86aa636423a6d7a156026094c933b987d2108149dec2099eb90533978a8bf651	docs/progress/R69/code/evidence/raw/x86_64/matrix/concurrency_reference_stdlib_concurrent_20.log
ef97a9b33dfacb44b000a549a324bdad961936c37464f805e2a5cb84bf278015	docs/progress/R69/code/evidence/raw/x86_64/matrix/concurrency_reference_stdlib_concurrent_3.log
ef97a9b33dfacb44b000a549a324bdad961936c37464f805e2a5cb84bf278015	docs/progress/R69/code/evidence/raw/x86_64/matrix/concurrency_reference_stdlib_concurrent_4.log
ef97a9b33dfacb44b000a549a324bdad961936c37464f805e2a5cb84bf278015	docs/progress/R69/code/evidence/raw/x86_64/matrix/concurrency_reference_stdlib_concurrent_5.log
86aa636423a6d7a156026094c933b987d2108149dec2099eb90533978a8bf651	docs/progress/R69/code/evidence/raw/x86_64/matrix/concurrency_reference_stdlib_concurrent_6.log
86aa636423a6d7a156026094c933b987d2108149dec2099eb90533978a8bf651	docs/progress/R69/code/evidence/raw/x86_64/matrix/concurrency_reference_stdlib_concurrent_7.log
0cbf247236cae946dde7e39fafd1a3050ed9648e7a035f7c1aff8c74cbf892da	docs/progress/R69/code/evidence/raw/x86_64/matrix/concurrency_reference_stdlib_concurrent_8.log
86aa636423a6d7a156026094c933b987d2108149dec2099eb90533978a8bf651	docs/progress/R69/code/evidence/raw/x86_64/matrix/concurrency_reference_stdlib_concurrent_9.log
56acf2bdee8c88a52c214b64be1cc0644187d01f91e04c83fe4d730b0b3cfeaa	docs/progress/R69/code/evidence/raw/x86_64/matrix/directed_fixed_f1.log
56e3769918fefe51e1e9a9cb56ccd81971ce201acbb54621908691f046575f26	docs/progress/R69/code/evidence/raw/x86_64/matrix/directed_fixed_f2.log
c444f52383d360f9dd017cc0d34ebeb02c0368d21dcf643bce1bd63787d3894b	docs/progress/R69/code/evidence/raw/x86_64/matrix/directed_fixed_m1.log
7198b7b48e6ae884f76941f095d4d54adf381154b7c13f574a435dcf5723ccd5	docs/progress/R69/code/evidence/raw/x86_64/matrix/directed_reference_f1.log
9cff3c1811e328b3faab6e41fbbac991b92393c6412e532d7218ad5642e8235c	docs/progress/R69/code/evidence/raw/x86_64/matrix/directed_reference_f2.log
dfb75114c083e9a1673a7202ab7c568155b006b9f6cfe6b45c68d57f0c0aa007	docs/progress/R69/code/evidence/raw/x86_64/matrix/directed_reference_m1.log
cdcc5d333c271447609276f563918e905f1b5c1295f4f9918aace42a7a457a93	docs/progress/R69/code/evidence/raw/x86_64/matrix/facility_baseline_arithmetic.log
69f6c796e3c039f6f63a14147eb69cb848fd7c24e56957c33b70f35225f97558	docs/progress/R69/code/evidence/raw/x86_64/matrix/facility_baseline_async.log
0997fd5fd6273a3002c58df4db74b6ecee4b960080eae51c9defb6066ab2677a	docs/progress/R69/code/evidence/raw/x86_64/matrix/facility_baseline_cout.log
503fb59722527f3d254c56c0356a0b7c0e0313b5b54ea0528b9330b253bee87d	docs/progress/R69/code/evidence/raw/x86_64/matrix/facility_baseline_getline_free.log
e7ce911a893928947d45c337874fa7ad384325100c7bc52626e158be2a50844c	docs/progress/R69/code/evidence/raw/x86_64/matrix/facility_baseline_getline_member.log
83280f741586b095b7ccedc2297af49ed0103c7fedcc53ca177316a31487b8b1	docs/progress/R69/code/evidence/raw/x86_64/matrix/facility_baseline_packaged_task.log
44de9698595cff55fd4b750444d0bcf6be14cb9776012aa8098f45d564f5729d	docs/progress/R69/code/evidence/raw/x86_64/matrix/facility_baseline_read.log
1559d50be63134a92d557f7e175d9b5a1d3a67218f33a416e52fc9796f79b468	docs/progress/R69/code/evidence/raw/x86_64/matrix/facility_fixed_arithmetic.log
91d5c3e46ca19e71c876d145a319738271803522b567ee99cd5fa72a424b888c	docs/progress/R69/code/evidence/raw/x86_64/matrix/facility_fixed_async.log
eed280baa1a10e5ca3ce03f2d56855b8a38bbbb12d5ed816e5e0642c33ec8cda	docs/progress/R69/code/evidence/raw/x86_64/matrix/facility_fixed_cout.log
23afdd76799909b4ac2ff89f2d1be3b77a87ae5773ee7325aa9e65015013451d	docs/progress/R69/code/evidence/raw/x86_64/matrix/facility_fixed_getline_free.log
3d55d4c5bc544e3bbbf7c9383f86361d636c5f4f8a473d1f4813481e8e706b5f	docs/progress/R69/code/evidence/raw/x86_64/matrix/facility_fixed_getline_member.log
2b3138ad0ecce95398a32aebb673b90a39b7993edda83a6283d1365eed855af1	docs/progress/R69/code/evidence/raw/x86_64/matrix/facility_fixed_packaged_task.log
ef88b6e0eea4962bc30b2bb2be2597b5ee474c35ddaa9836c10b719007266899	docs/progress/R69/code/evidence/raw/x86_64/matrix/facility_fixed_read.log
7de8a3387eec3301504ae673551303c4853ede0b2da73dba6105d4eeb23feead	docs/progress/R69/code/evidence/raw/x86_64/matrix/facility_reference_arithmetic.log
a828b8871be85c07244b1cf50d6eedc7158895740efe71a30587b2816d1490ff	docs/progress/R69/code/evidence/raw/x86_64/matrix/facility_reference_async.log
0f7058803203e626fcb568bf02b76fed90aacd0494983b42619e1dd2d461d6ae	docs/progress/R69/code/evidence/raw/x86_64/matrix/facility_reference_cout.log
b57c84a37aa54bf12fc832a42e5f9e6bfd301fcb6a4f17311ca3b7db5faf79f6	docs/progress/R69/code/evidence/raw/x86_64/matrix/facility_reference_getline_free.log
d5664a9f2ac803729a4d409781bc4e1b44121bd49963cff0d609671fd0d5b8dc	docs/progress/R69/code/evidence/raw/x86_64/matrix/facility_reference_getline_member.log
c04a5035cda7c00ad4993fee7cf14d0f4d72bf61b56056d53bb274405960a015	docs/progress/R69/code/evidence/raw/x86_64/matrix/facility_reference_packaged_task.log
cfa242e54ee7378d39c663aae7ad94e8e01e55e82de569fded66c07a4e5cc915	docs/progress/R69/code/evidence/raw/x86_64/matrix/facility_reference_read.log
b5f851ac8afedb8265aaf1e5bd9aeb815a289c678911771ce64deafa40e9b46e	docs/progress/R69/code/evidence/raw/x86_64/matrix/ld_debug_fixed.log
a3f6e3706cfb39c57f43088e8187adfd62ff3b8e6aaccbb7d52ecc9a931d4048	docs/progress/R69/code/evidence/raw/x86_64/matrix/ldd_default.txt
5a3ff8d3487557f42aace45f2dbbf8f6caf47a1f202bf76192797d6d1630236e	docs/progress/R69/code/evidence/raw/x86_64/matrix/m1_concurrency_fixed_1.log
5a3ff8d3487557f42aace45f2dbbf8f6caf47a1f202bf76192797d6d1630236e	docs/progress/R69/code/evidence/raw/x86_64/matrix/m1_concurrency_fixed_10.log
5a3ff8d3487557f42aace45f2dbbf8f6caf47a1f202bf76192797d6d1630236e	docs/progress/R69/code/evidence/raw/x86_64/matrix/m1_concurrency_fixed_11.log
5a3ff8d3487557f42aace45f2dbbf8f6caf47a1f202bf76192797d6d1630236e	docs/progress/R69/code/evidence/raw/x86_64/matrix/m1_concurrency_fixed_12.log
5a3ff8d3487557f42aace45f2dbbf8f6caf47a1f202bf76192797d6d1630236e	docs/progress/R69/code/evidence/raw/x86_64/matrix/m1_concurrency_fixed_13.log
5a3ff8d3487557f42aace45f2dbbf8f6caf47a1f202bf76192797d6d1630236e	docs/progress/R69/code/evidence/raw/x86_64/matrix/m1_concurrency_fixed_14.log
5a3ff8d3487557f42aace45f2dbbf8f6caf47a1f202bf76192797d6d1630236e	docs/progress/R69/code/evidence/raw/x86_64/matrix/m1_concurrency_fixed_15.log
5a3ff8d3487557f42aace45f2dbbf8f6caf47a1f202bf76192797d6d1630236e	docs/progress/R69/code/evidence/raw/x86_64/matrix/m1_concurrency_fixed_16.log
5a3ff8d3487557f42aace45f2dbbf8f6caf47a1f202bf76192797d6d1630236e	docs/progress/R69/code/evidence/raw/x86_64/matrix/m1_concurrency_fixed_17.log
5a3ff8d3487557f42aace45f2dbbf8f6caf47a1f202bf76192797d6d1630236e	docs/progress/R69/code/evidence/raw/x86_64/matrix/m1_concurrency_fixed_18.log
5a3ff8d3487557f42aace45f2dbbf8f6caf47a1f202bf76192797d6d1630236e	docs/progress/R69/code/evidence/raw/x86_64/matrix/m1_concurrency_fixed_19.log
5a3ff8d3487557f42aace45f2dbbf8f6caf47a1f202bf76192797d6d1630236e	docs/progress/R69/code/evidence/raw/x86_64/matrix/m1_concurrency_fixed_2.log
5a3ff8d3487557f42aace45f2dbbf8f6caf47a1f202bf76192797d6d1630236e	docs/progress/R69/code/evidence/raw/x86_64/matrix/m1_concurrency_fixed_20.log
5a3ff8d3487557f42aace45f2dbbf8f6caf47a1f202bf76192797d6d1630236e	docs/progress/R69/code/evidence/raw/x86_64/matrix/m1_concurrency_fixed_3.log
5a3ff8d3487557f42aace45f2dbbf8f6caf47a1f202bf76192797d6d1630236e	docs/progress/R69/code/evidence/raw/x86_64/matrix/m1_concurrency_fixed_4.log
5a3ff8d3487557f42aace45f2dbbf8f6caf47a1f202bf76192797d6d1630236e	docs/progress/R69/code/evidence/raw/x86_64/matrix/m1_concurrency_fixed_5.log
5a3ff8d3487557f42aace45f2dbbf8f6caf47a1f202bf76192797d6d1630236e	docs/progress/R69/code/evidence/raw/x86_64/matrix/m1_concurrency_fixed_6.log
5a3ff8d3487557f42aace45f2dbbf8f6caf47a1f202bf76192797d6d1630236e	docs/progress/R69/code/evidence/raw/x86_64/matrix/m1_concurrency_fixed_7.log
5a3ff8d3487557f42aace45f2dbbf8f6caf47a1f202bf76192797d6d1630236e	docs/progress/R69/code/evidence/raw/x86_64/matrix/m1_concurrency_fixed_8.log
5a3ff8d3487557f42aace45f2dbbf8f6caf47a1f202bf76192797d6d1630236e	docs/progress/R69/code/evidence/raw/x86_64/matrix/m1_concurrency_fixed_9.log
cacc466b3c1da06258462b48715b71a2d59a36c702c0dcbdc7e24d8b7b9b9d09	docs/progress/R69/code/evidence/raw/x86_64/matrix/m1_concurrency_reference_1.log
cacc466b3c1da06258462b48715b71a2d59a36c702c0dcbdc7e24d8b7b9b9d09	docs/progress/R69/code/evidence/raw/x86_64/matrix/m1_concurrency_reference_10.log
cacc466b3c1da06258462b48715b71a2d59a36c702c0dcbdc7e24d8b7b9b9d09	docs/progress/R69/code/evidence/raw/x86_64/matrix/m1_concurrency_reference_11.log
cacc466b3c1da06258462b48715b71a2d59a36c702c0dcbdc7e24d8b7b9b9d09	docs/progress/R69/code/evidence/raw/x86_64/matrix/m1_concurrency_reference_12.log
cacc466b3c1da06258462b48715b71a2d59a36c702c0dcbdc7e24d8b7b9b9d09	docs/progress/R69/code/evidence/raw/x86_64/matrix/m1_concurrency_reference_13.log
cacc466b3c1da06258462b48715b71a2d59a36c702c0dcbdc7e24d8b7b9b9d09	docs/progress/R69/code/evidence/raw/x86_64/matrix/m1_concurrency_reference_14.log
cacc466b3c1da06258462b48715b71a2d59a36c702c0dcbdc7e24d8b7b9b9d09	docs/progress/R69/code/evidence/raw/x86_64/matrix/m1_concurrency_reference_15.log
cacc466b3c1da06258462b48715b71a2d59a36c702c0dcbdc7e24d8b7b9b9d09	docs/progress/R69/code/evidence/raw/x86_64/matrix/m1_concurrency_reference_16.log
cacc466b3c1da06258462b48715b71a2d59a36c702c0dcbdc7e24d8b7b9b9d09	docs/progress/R69/code/evidence/raw/x86_64/matrix/m1_concurrency_reference_17.log
cacc466b3c1da06258462b48715b71a2d59a36c702c0dcbdc7e24d8b7b9b9d09	docs/progress/R69/code/evidence/raw/x86_64/matrix/m1_concurrency_reference_18.log
cacc466b3c1da06258462b48715b71a2d59a36c702c0dcbdc7e24d8b7b9b9d09	docs/progress/R69/code/evidence/raw/x86_64/matrix/m1_concurrency_reference_19.log
cacc466b3c1da06258462b48715b71a2d59a36c702c0dcbdc7e24d8b7b9b9d09	docs/progress/R69/code/evidence/raw/x86_64/matrix/m1_concurrency_reference_2.log
cacc466b3c1da06258462b48715b71a2d59a36c702c0dcbdc7e24d8b7b9b9d09	docs/progress/R69/code/evidence/raw/x86_64/matrix/m1_concurrency_reference_20.log
cacc466b3c1da06258462b48715b71a2d59a36c702c0dcbdc7e24d8b7b9b9d09	docs/progress/R69/code/evidence/raw/x86_64/matrix/m1_concurrency_reference_3.log
cacc466b3c1da06258462b48715b71a2d59a36c702c0dcbdc7e24d8b7b9b9d09	docs/progress/R69/code/evidence/raw/x86_64/matrix/m1_concurrency_reference_4.log
cacc466b3c1da06258462b48715b71a2d59a36c702c0dcbdc7e24d8b7b9b9d09	docs/progress/R69/code/evidence/raw/x86_64/matrix/m1_concurrency_reference_5.log
cacc466b3c1da06258462b48715b71a2d59a36c702c0dcbdc7e24d8b7b9b9d09	docs/progress/R69/code/evidence/raw/x86_64/matrix/m1_concurrency_reference_6.log
cacc466b3c1da06258462b48715b71a2d59a36c702c0dcbdc7e24d8b7b9b9d09	docs/progress/R69/code/evidence/raw/x86_64/matrix/m1_concurrency_reference_7.log
cacc466b3c1da06258462b48715b71a2d59a36c702c0dcbdc7e24d8b7b9b9d09	docs/progress/R69/code/evidence/raw/x86_64/matrix/m1_concurrency_reference_8.log
cacc466b3c1da06258462b48715b71a2d59a36c702c0dcbdc7e24d8b7b9b9d09	docs/progress/R69/code/evidence/raw/x86_64/matrix/m1_concurrency_reference_9.log
47c17b1735245596e0818fe1b954e71874a3b8ffc83a6302020a033aa0e0a4dc	docs/progress/R69/code/evidence/raw/x86_64/matrix/m1_reference_fixed.log
675852a7d4870a5ab3ab9bd5321f440a70b902ac39a727a25446bc1560e33d9c	docs/progress/R69/code/evidence/raw/x86_64/matrix/m1_reference_reference.log
bac76b0f13a0ef573602e81ef16fdf7b8da3e924602c4ab6ebaf59c9dfd8b970	docs/progress/R69/code/evidence/raw/x86_64/matrix/m2_lock_fixed_1.log
bac76b0f13a0ef573602e81ef16fdf7b8da3e924602c4ab6ebaf59c9dfd8b970	docs/progress/R69/code/evidence/raw/x86_64/matrix/m2_lock_fixed_10.log
bac76b0f13a0ef573602e81ef16fdf7b8da3e924602c4ab6ebaf59c9dfd8b970	docs/progress/R69/code/evidence/raw/x86_64/matrix/m2_lock_fixed_11.log
bac76b0f13a0ef573602e81ef16fdf7b8da3e924602c4ab6ebaf59c9dfd8b970	docs/progress/R69/code/evidence/raw/x86_64/matrix/m2_lock_fixed_12.log
bac76b0f13a0ef573602e81ef16fdf7b8da3e924602c4ab6ebaf59c9dfd8b970	docs/progress/R69/code/evidence/raw/x86_64/matrix/m2_lock_fixed_13.log
bac76b0f13a0ef573602e81ef16fdf7b8da3e924602c4ab6ebaf59c9dfd8b970	docs/progress/R69/code/evidence/raw/x86_64/matrix/m2_lock_fixed_14.log
bac76b0f13a0ef573602e81ef16fdf7b8da3e924602c4ab6ebaf59c9dfd8b970	docs/progress/R69/code/evidence/raw/x86_64/matrix/m2_lock_fixed_15.log
bac76b0f13a0ef573602e81ef16fdf7b8da3e924602c4ab6ebaf59c9dfd8b970	docs/progress/R69/code/evidence/raw/x86_64/matrix/m2_lock_fixed_16.log
bac76b0f13a0ef573602e81ef16fdf7b8da3e924602c4ab6ebaf59c9dfd8b970	docs/progress/R69/code/evidence/raw/x86_64/matrix/m2_lock_fixed_17.log
bac76b0f13a0ef573602e81ef16fdf7b8da3e924602c4ab6ebaf59c9dfd8b970	docs/progress/R69/code/evidence/raw/x86_64/matrix/m2_lock_fixed_18.log
bac76b0f13a0ef573602e81ef16fdf7b8da3e924602c4ab6ebaf59c9dfd8b970	docs/progress/R69/code/evidence/raw/x86_64/matrix/m2_lock_fixed_19.log
bac76b0f13a0ef573602e81ef16fdf7b8da3e924602c4ab6ebaf59c9dfd8b970	docs/progress/R69/code/evidence/raw/x86_64/matrix/m2_lock_fixed_2.log
bac76b0f13a0ef573602e81ef16fdf7b8da3e924602c4ab6ebaf59c9dfd8b970	docs/progress/R69/code/evidence/raw/x86_64/matrix/m2_lock_fixed_20.log
bac76b0f13a0ef573602e81ef16fdf7b8da3e924602c4ab6ebaf59c9dfd8b970	docs/progress/R69/code/evidence/raw/x86_64/matrix/m2_lock_fixed_3.log
bac76b0f13a0ef573602e81ef16fdf7b8da3e924602c4ab6ebaf59c9dfd8b970	docs/progress/R69/code/evidence/raw/x86_64/matrix/m2_lock_fixed_4.log
bac76b0f13a0ef573602e81ef16fdf7b8da3e924602c4ab6ebaf59c9dfd8b970	docs/progress/R69/code/evidence/raw/x86_64/matrix/m2_lock_fixed_5.log
bac76b0f13a0ef573602e81ef16fdf7b8da3e924602c4ab6ebaf59c9dfd8b970	docs/progress/R69/code/evidence/raw/x86_64/matrix/m2_lock_fixed_6.log
bac76b0f13a0ef573602e81ef16fdf7b8da3e924602c4ab6ebaf59c9dfd8b970	docs/progress/R69/code/evidence/raw/x86_64/matrix/m2_lock_fixed_7.log
bac76b0f13a0ef573602e81ef16fdf7b8da3e924602c4ab6ebaf59c9dfd8b970	docs/progress/R69/code/evidence/raw/x86_64/matrix/m2_lock_fixed_8.log
bac76b0f13a0ef573602e81ef16fdf7b8da3e924602c4ab6ebaf59c9dfd8b970	docs/progress/R69/code/evidence/raw/x86_64/matrix/m2_lock_fixed_9.log
054d8bad30d4c536ca74ba4c9c7466b2b13c409c85050698ae78a73653c037fd	docs/progress/R69/code/evidence/raw/x86_64/matrix/m2_lock_reference_1.log
054d8bad30d4c536ca74ba4c9c7466b2b13c409c85050698ae78a73653c037fd	docs/progress/R69/code/evidence/raw/x86_64/matrix/m2_lock_reference_10.log
054d8bad30d4c536ca74ba4c9c7466b2b13c409c85050698ae78a73653c037fd	docs/progress/R69/code/evidence/raw/x86_64/matrix/m2_lock_reference_11.log
054d8bad30d4c536ca74ba4c9c7466b2b13c409c85050698ae78a73653c037fd	docs/progress/R69/code/evidence/raw/x86_64/matrix/m2_lock_reference_12.log
054d8bad30d4c536ca74ba4c9c7466b2b13c409c85050698ae78a73653c037fd	docs/progress/R69/code/evidence/raw/x86_64/matrix/m2_lock_reference_13.log
054d8bad30d4c536ca74ba4c9c7466b2b13c409c85050698ae78a73653c037fd	docs/progress/R69/code/evidence/raw/x86_64/matrix/m2_lock_reference_14.log
054d8bad30d4c536ca74ba4c9c7466b2b13c409c85050698ae78a73653c037fd	docs/progress/R69/code/evidence/raw/x86_64/matrix/m2_lock_reference_15.log
054d8bad30d4c536ca74ba4c9c7466b2b13c409c85050698ae78a73653c037fd	docs/progress/R69/code/evidence/raw/x86_64/matrix/m2_lock_reference_16.log
054d8bad30d4c536ca74ba4c9c7466b2b13c409c85050698ae78a73653c037fd	docs/progress/R69/code/evidence/raw/x86_64/matrix/m2_lock_reference_17.log
054d8bad30d4c536ca74ba4c9c7466b2b13c409c85050698ae78a73653c037fd	docs/progress/R69/code/evidence/raw/x86_64/matrix/m2_lock_reference_18.log
054d8bad30d4c536ca74ba4c9c7466b2b13c409c85050698ae78a73653c037fd	docs/progress/R69/code/evidence/raw/x86_64/matrix/m2_lock_reference_19.log
054d8bad30d4c536ca74ba4c9c7466b2b13c409c85050698ae78a73653c037fd	docs/progress/R69/code/evidence/raw/x86_64/matrix/m2_lock_reference_2.log
054d8bad30d4c536ca74ba4c9c7466b2b13c409c85050698ae78a73653c037fd	docs/progress/R69/code/evidence/raw/x86_64/matrix/m2_lock_reference_20.log
054d8bad30d4c536ca74ba4c9c7466b2b13c409c85050698ae78a73653c037fd	docs/progress/R69/code/evidence/raw/x86_64/matrix/m2_lock_reference_3.log
054d8bad30d4c536ca74ba4c9c7466b2b13c409c85050698ae78a73653c037fd	docs/progress/R69/code/evidence/raw/x86_64/matrix/m2_lock_reference_4.log
054d8bad30d4c536ca74ba4c9c7466b2b13c409c85050698ae78a73653c037fd	docs/progress/R69/code/evidence/raw/x86_64/matrix/m2_lock_reference_5.log
054d8bad30d4c536ca74ba4c9c7466b2b13c409c85050698ae78a73653c037fd	docs/progress/R69/code/evidence/raw/x86_64/matrix/m2_lock_reference_6.log
054d8bad30d4c536ca74ba4c9c7466b2b13c409c85050698ae78a73653c037fd	docs/progress/R69/code/evidence/raw/x86_64/matrix/m2_lock_reference_7.log
054d8bad30d4c536ca74ba4c9c7466b2b13c409c85050698ae78a73653c037fd	docs/progress/R69/code/evidence/raw/x86_64/matrix/m2_lock_reference_8.log
054d8bad30d4c536ca74ba4c9c7466b2b13c409c85050698ae78a73653c037fd	docs/progress/R69/code/evidence/raw/x86_64/matrix/m2_lock_reference_9.log
1ef3372378d2b1b4200be2ee8e4d6dfdb52d6ec2817c93d14d52b0722349f7b3	docs/progress/R69/code/evidence/raw/x86_64/matrix/new_cases_baseline_arithmetic_state.log
ff6531d41e1a4280354a3929fb360bdd858374211b69cc10d7b4ced84d776eac	docs/progress/R69/code/evidence/raw/x86_64/matrix/new_cases_baseline_deferred_recancel_manual.log
2d34ae31577221a640621de3bdededb3c012b3b1278e3d65fa29e7ec4b74eed5	docs/progress/R69/code/evidence/raw/x86_64/matrix/new_cases_baseline_waiting_side_cancel_manual.log
7c71c4c691a695651f3056c2e304a395fb46fe1a4f8589a2001514382447d656	docs/progress/R69/code/evidence/raw/x86_64/matrix/new_cases_fixed_arithmetic_state.log
81c46446ddac54939f5b33082310c0bde3c1593565004236c36bbda08defee33	docs/progress/R69/code/evidence/raw/x86_64/matrix/new_cases_fixed_deferred_recancel_1.log
81c46446ddac54939f5b33082310c0bde3c1593565004236c36bbda08defee33	docs/progress/R69/code/evidence/raw/x86_64/matrix/new_cases_fixed_deferred_recancel_10.log
81c46446ddac54939f5b33082310c0bde3c1593565004236c36bbda08defee33	docs/progress/R69/code/evidence/raw/x86_64/matrix/new_cases_fixed_deferred_recancel_11.log
81c46446ddac54939f5b33082310c0bde3c1593565004236c36bbda08defee33	docs/progress/R69/code/evidence/raw/x86_64/matrix/new_cases_fixed_deferred_recancel_12.log
81c46446ddac54939f5b33082310c0bde3c1593565004236c36bbda08defee33	docs/progress/R69/code/evidence/raw/x86_64/matrix/new_cases_fixed_deferred_recancel_13.log
81c46446ddac54939f5b33082310c0bde3c1593565004236c36bbda08defee33	docs/progress/R69/code/evidence/raw/x86_64/matrix/new_cases_fixed_deferred_recancel_14.log
81c46446ddac54939f5b33082310c0bde3c1593565004236c36bbda08defee33	docs/progress/R69/code/evidence/raw/x86_64/matrix/new_cases_fixed_deferred_recancel_15.log
81c46446ddac54939f5b33082310c0bde3c1593565004236c36bbda08defee33	docs/progress/R69/code/evidence/raw/x86_64/matrix/new_cases_fixed_deferred_recancel_16.log
81c46446ddac54939f5b33082310c0bde3c1593565004236c36bbda08defee33	docs/progress/R69/code/evidence/raw/x86_64/matrix/new_cases_fixed_deferred_recancel_17.log
81c46446ddac54939f5b33082310c0bde3c1593565004236c36bbda08defee33	docs/progress/R69/code/evidence/raw/x86_64/matrix/new_cases_fixed_deferred_recancel_18.log
81c46446ddac54939f5b33082310c0bde3c1593565004236c36bbda08defee33	docs/progress/R69/code/evidence/raw/x86_64/matrix/new_cases_fixed_deferred_recancel_19.log
81c46446ddac54939f5b33082310c0bde3c1593565004236c36bbda08defee33	docs/progress/R69/code/evidence/raw/x86_64/matrix/new_cases_fixed_deferred_recancel_2.log
81c46446ddac54939f5b33082310c0bde3c1593565004236c36bbda08defee33	docs/progress/R69/code/evidence/raw/x86_64/matrix/new_cases_fixed_deferred_recancel_20.log
81c46446ddac54939f5b33082310c0bde3c1593565004236c36bbda08defee33	docs/progress/R69/code/evidence/raw/x86_64/matrix/new_cases_fixed_deferred_recancel_3.log
81c46446ddac54939f5b33082310c0bde3c1593565004236c36bbda08defee33	docs/progress/R69/code/evidence/raw/x86_64/matrix/new_cases_fixed_deferred_recancel_4.log
81c46446ddac54939f5b33082310c0bde3c1593565004236c36bbda08defee33	docs/progress/R69/code/evidence/raw/x86_64/matrix/new_cases_fixed_deferred_recancel_5.log
81c46446ddac54939f5b33082310c0bde3c1593565004236c36bbda08defee33	docs/progress/R69/code/evidence/raw/x86_64/matrix/new_cases_fixed_deferred_recancel_6.log
81c46446ddac54939f5b33082310c0bde3c1593565004236c36bbda08defee33	docs/progress/R69/code/evidence/raw/x86_64/matrix/new_cases_fixed_deferred_recancel_7.log
81c46446ddac54939f5b33082310c0bde3c1593565004236c36bbda08defee33	docs/progress/R69/code/evidence/raw/x86_64/matrix/new_cases_fixed_deferred_recancel_8.log
81c46446ddac54939f5b33082310c0bde3c1593565004236c36bbda08defee33	docs/progress/R69/code/evidence/raw/x86_64/matrix/new_cases_fixed_deferred_recancel_9.log
6e0c517bb4f17cf0c9b5bb8419f7e2b64a618f59cd6521aef372cdf79d3e2e02	docs/progress/R69/code/evidence/raw/x86_64/matrix/new_cases_fixed_waiting_side_cancel_1.log
6e0c517bb4f17cf0c9b5bb8419f7e2b64a618f59cd6521aef372cdf79d3e2e02	docs/progress/R69/code/evidence/raw/x86_64/matrix/new_cases_fixed_waiting_side_cancel_10.log
6e0c517bb4f17cf0c9b5bb8419f7e2b64a618f59cd6521aef372cdf79d3e2e02	docs/progress/R69/code/evidence/raw/x86_64/matrix/new_cases_fixed_waiting_side_cancel_11.log
6e0c517bb4f17cf0c9b5bb8419f7e2b64a618f59cd6521aef372cdf79d3e2e02	docs/progress/R69/code/evidence/raw/x86_64/matrix/new_cases_fixed_waiting_side_cancel_12.log
6e0c517bb4f17cf0c9b5bb8419f7e2b64a618f59cd6521aef372cdf79d3e2e02	docs/progress/R69/code/evidence/raw/x86_64/matrix/new_cases_fixed_waiting_side_cancel_13.log
6e0c517bb4f17cf0c9b5bb8419f7e2b64a618f59cd6521aef372cdf79d3e2e02	docs/progress/R69/code/evidence/raw/x86_64/matrix/new_cases_fixed_waiting_side_cancel_14.log
6e0c517bb4f17cf0c9b5bb8419f7e2b64a618f59cd6521aef372cdf79d3e2e02	docs/progress/R69/code/evidence/raw/x86_64/matrix/new_cases_fixed_waiting_side_cancel_15.log
6e0c517bb4f17cf0c9b5bb8419f7e2b64a618f59cd6521aef372cdf79d3e2e02	docs/progress/R69/code/evidence/raw/x86_64/matrix/new_cases_fixed_waiting_side_cancel_16.log
6e0c517bb4f17cf0c9b5bb8419f7e2b64a618f59cd6521aef372cdf79d3e2e02	docs/progress/R69/code/evidence/raw/x86_64/matrix/new_cases_fixed_waiting_side_cancel_17.log
6e0c517bb4f17cf0c9b5bb8419f7e2b64a618f59cd6521aef372cdf79d3e2e02	docs/progress/R69/code/evidence/raw/x86_64/matrix/new_cases_fixed_waiting_side_cancel_18.log
6e0c517bb4f17cf0c9b5bb8419f7e2b64a618f59cd6521aef372cdf79d3e2e02	docs/progress/R69/code/evidence/raw/x86_64/matrix/new_cases_fixed_waiting_side_cancel_19.log
6e0c517bb4f17cf0c9b5bb8419f7e2b64a618f59cd6521aef372cdf79d3e2e02	docs/progress/R69/code/evidence/raw/x86_64/matrix/new_cases_fixed_waiting_side_cancel_2.log
6e0c517bb4f17cf0c9b5bb8419f7e2b64a618f59cd6521aef372cdf79d3e2e02	docs/progress/R69/code/evidence/raw/x86_64/matrix/new_cases_fixed_waiting_side_cancel_20.log
6e0c517bb4f17cf0c9b5bb8419f7e2b64a618f59cd6521aef372cdf79d3e2e02	docs/progress/R69/code/evidence/raw/x86_64/matrix/new_cases_fixed_waiting_side_cancel_3.log
6e0c517bb4f17cf0c9b5bb8419f7e2b64a618f59cd6521aef372cdf79d3e2e02	docs/progress/R69/code/evidence/raw/x86_64/matrix/new_cases_fixed_waiting_side_cancel_4.log
6e0c517bb4f17cf0c9b5bb8419f7e2b64a618f59cd6521aef372cdf79d3e2e02	docs/progress/R69/code/evidence/raw/x86_64/matrix/new_cases_fixed_waiting_side_cancel_5.log
6e0c517bb4f17cf0c9b5bb8419f7e2b64a618f59cd6521aef372cdf79d3e2e02	docs/progress/R69/code/evidence/raw/x86_64/matrix/new_cases_fixed_waiting_side_cancel_6.log
6e0c517bb4f17cf0c9b5bb8419f7e2b64a618f59cd6521aef372cdf79d3e2e02	docs/progress/R69/code/evidence/raw/x86_64/matrix/new_cases_fixed_waiting_side_cancel_7.log
6e0c517bb4f17cf0c9b5bb8419f7e2b64a618f59cd6521aef372cdf79d3e2e02	docs/progress/R69/code/evidence/raw/x86_64/matrix/new_cases_fixed_waiting_side_cancel_8.log
6e0c517bb4f17cf0c9b5bb8419f7e2b64a618f59cd6521aef372cdf79d3e2e02	docs/progress/R69/code/evidence/raw/x86_64/matrix/new_cases_fixed_waiting_side_cancel_9.log
14bd1d02ba347c43071a19f7c9a343ead2a3a7852a986b7b2b6a93b525cca67e	docs/progress/R69/code/evidence/raw/x86_64/matrix/new_cases_reference_arithmetic_state.log
cb1553b71e157e80aecba3ca131a225de3caefb612c1454a61bb5120eed4a66e	docs/progress/R69/code/evidence/raw/x86_64/matrix/new_cases_reference_deferred_recancel_1.log
cb1553b71e157e80aecba3ca131a225de3caefb612c1454a61bb5120eed4a66e	docs/progress/R69/code/evidence/raw/x86_64/matrix/new_cases_reference_deferred_recancel_10.log
cb1553b71e157e80aecba3ca131a225de3caefb612c1454a61bb5120eed4a66e	docs/progress/R69/code/evidence/raw/x86_64/matrix/new_cases_reference_deferred_recancel_11.log
cb1553b71e157e80aecba3ca131a225de3caefb612c1454a61bb5120eed4a66e	docs/progress/R69/code/evidence/raw/x86_64/matrix/new_cases_reference_deferred_recancel_12.log
cb1553b71e157e80aecba3ca131a225de3caefb612c1454a61bb5120eed4a66e	docs/progress/R69/code/evidence/raw/x86_64/matrix/new_cases_reference_deferred_recancel_13.log
cb1553b71e157e80aecba3ca131a225de3caefb612c1454a61bb5120eed4a66e	docs/progress/R69/code/evidence/raw/x86_64/matrix/new_cases_reference_deferred_recancel_14.log
cb1553b71e157e80aecba3ca131a225de3caefb612c1454a61bb5120eed4a66e	docs/progress/R69/code/evidence/raw/x86_64/matrix/new_cases_reference_deferred_recancel_15.log
cb1553b71e157e80aecba3ca131a225de3caefb612c1454a61bb5120eed4a66e	docs/progress/R69/code/evidence/raw/x86_64/matrix/new_cases_reference_deferred_recancel_16.log
cb1553b71e157e80aecba3ca131a225de3caefb612c1454a61bb5120eed4a66e	docs/progress/R69/code/evidence/raw/x86_64/matrix/new_cases_reference_deferred_recancel_17.log
cb1553b71e157e80aecba3ca131a225de3caefb612c1454a61bb5120eed4a66e	docs/progress/R69/code/evidence/raw/x86_64/matrix/new_cases_reference_deferred_recancel_18.log
cb1553b71e157e80aecba3ca131a225de3caefb612c1454a61bb5120eed4a66e	docs/progress/R69/code/evidence/raw/x86_64/matrix/new_cases_reference_deferred_recancel_19.log
cb1553b71e157e80aecba3ca131a225de3caefb612c1454a61bb5120eed4a66e	docs/progress/R69/code/evidence/raw/x86_64/matrix/new_cases_reference_deferred_recancel_2.log
cb1553b71e157e80aecba3ca131a225de3caefb612c1454a61bb5120eed4a66e	docs/progress/R69/code/evidence/raw/x86_64/matrix/new_cases_reference_deferred_recancel_20.log
cb1553b71e157e80aecba3ca131a225de3caefb612c1454a61bb5120eed4a66e	docs/progress/R69/code/evidence/raw/x86_64/matrix/new_cases_reference_deferred_recancel_3.log
cb1553b71e157e80aecba3ca131a225de3caefb612c1454a61bb5120eed4a66e	docs/progress/R69/code/evidence/raw/x86_64/matrix/new_cases_reference_deferred_recancel_4.log
cb1553b71e157e80aecba3ca131a225de3caefb612c1454a61bb5120eed4a66e	docs/progress/R69/code/evidence/raw/x86_64/matrix/new_cases_reference_deferred_recancel_5.log
cb1553b71e157e80aecba3ca131a225de3caefb612c1454a61bb5120eed4a66e	docs/progress/R69/code/evidence/raw/x86_64/matrix/new_cases_reference_deferred_recancel_6.log
cb1553b71e157e80aecba3ca131a225de3caefb612c1454a61bb5120eed4a66e	docs/progress/R69/code/evidence/raw/x86_64/matrix/new_cases_reference_deferred_recancel_7.log
cb1553b71e157e80aecba3ca131a225de3caefb612c1454a61bb5120eed4a66e	docs/progress/R69/code/evidence/raw/x86_64/matrix/new_cases_reference_deferred_recancel_8.log
cb1553b71e157e80aecba3ca131a225de3caefb612c1454a61bb5120eed4a66e	docs/progress/R69/code/evidence/raw/x86_64/matrix/new_cases_reference_deferred_recancel_9.log
e4210becd4180c3760f83e134ef71a32473e57cbfa3e6246e8907eb2a0d16ab4	docs/progress/R69/code/evidence/raw/x86_64/matrix/new_cases_reference_waiting_side_cancel_1.log
e4210becd4180c3760f83e134ef71a32473e57cbfa3e6246e8907eb2a0d16ab4	docs/progress/R69/code/evidence/raw/x86_64/matrix/new_cases_reference_waiting_side_cancel_10.log
e4210becd4180c3760f83e134ef71a32473e57cbfa3e6246e8907eb2a0d16ab4	docs/progress/R69/code/evidence/raw/x86_64/matrix/new_cases_reference_waiting_side_cancel_11.log
e4210becd4180c3760f83e134ef71a32473e57cbfa3e6246e8907eb2a0d16ab4	docs/progress/R69/code/evidence/raw/x86_64/matrix/new_cases_reference_waiting_side_cancel_12.log
e4210becd4180c3760f83e134ef71a32473e57cbfa3e6246e8907eb2a0d16ab4	docs/progress/R69/code/evidence/raw/x86_64/matrix/new_cases_reference_waiting_side_cancel_13.log
e4210becd4180c3760f83e134ef71a32473e57cbfa3e6246e8907eb2a0d16ab4	docs/progress/R69/code/evidence/raw/x86_64/matrix/new_cases_reference_waiting_side_cancel_14.log
e4210becd4180c3760f83e134ef71a32473e57cbfa3e6246e8907eb2a0d16ab4	docs/progress/R69/code/evidence/raw/x86_64/matrix/new_cases_reference_waiting_side_cancel_15.log
e4210becd4180c3760f83e134ef71a32473e57cbfa3e6246e8907eb2a0d16ab4	docs/progress/R69/code/evidence/raw/x86_64/matrix/new_cases_reference_waiting_side_cancel_16.log
e4210becd4180c3760f83e134ef71a32473e57cbfa3e6246e8907eb2a0d16ab4	docs/progress/R69/code/evidence/raw/x86_64/matrix/new_cases_reference_waiting_side_cancel_17.log
e4210becd4180c3760f83e134ef71a32473e57cbfa3e6246e8907eb2a0d16ab4	docs/progress/R69/code/evidence/raw/x86_64/matrix/new_cases_reference_waiting_side_cancel_18.log
e4210becd4180c3760f83e134ef71a32473e57cbfa3e6246e8907eb2a0d16ab4	docs/progress/R69/code/evidence/raw/x86_64/matrix/new_cases_reference_waiting_side_cancel_19.log
e4210becd4180c3760f83e134ef71a32473e57cbfa3e6246e8907eb2a0d16ab4	docs/progress/R69/code/evidence/raw/x86_64/matrix/new_cases_reference_waiting_side_cancel_2.log
e4210becd4180c3760f83e134ef71a32473e57cbfa3e6246e8907eb2a0d16ab4	docs/progress/R69/code/evidence/raw/x86_64/matrix/new_cases_reference_waiting_side_cancel_20.log
e4210becd4180c3760f83e134ef71a32473e57cbfa3e6246e8907eb2a0d16ab4	docs/progress/R69/code/evidence/raw/x86_64/matrix/new_cases_reference_waiting_side_cancel_3.log
e4210becd4180c3760f83e134ef71a32473e57cbfa3e6246e8907eb2a0d16ab4	docs/progress/R69/code/evidence/raw/x86_64/matrix/new_cases_reference_waiting_side_cancel_4.log
e4210becd4180c3760f83e134ef71a32473e57cbfa3e6246e8907eb2a0d16ab4	docs/progress/R69/code/evidence/raw/x86_64/matrix/new_cases_reference_waiting_side_cancel_5.log
e4210becd4180c3760f83e134ef71a32473e57cbfa3e6246e8907eb2a0d16ab4	docs/progress/R69/code/evidence/raw/x86_64/matrix/new_cases_reference_waiting_side_cancel_6.log
e4210becd4180c3760f83e134ef71a32473e57cbfa3e6246e8907eb2a0d16ab4	docs/progress/R69/code/evidence/raw/x86_64/matrix/new_cases_reference_waiting_side_cancel_7.log
e4210becd4180c3760f83e134ef71a32473e57cbfa3e6246e8907eb2a0d16ab4	docs/progress/R69/code/evidence/raw/x86_64/matrix/new_cases_reference_waiting_side_cancel_8.log
e4210becd4180c3760f83e134ef71a32473e57cbfa3e6246e8907eb2a0d16ab4	docs/progress/R69/code/evidence/raw/x86_64/matrix/new_cases_reference_waiting_side_cancel_9.log
951f8fd47c67bcf0c33c9ddaee7468880485b688262414ee795ab7e3a4c9e5aa	docs/progress/R69/code/evidence/raw/x86_64/matrix/normal_baseline_arithmetic_format_error.log
93c506e021e4bb98433a6357f0cd5265ebabae4b3678207ee45662af42e4ff3d	docs/progress/R69/code/evidence/raw/x86_64/matrix/normal_baseline_packaged_exception.log
985da36f7ccae4110c1d0f4505dc2b2fd0db6bef27d6347471984fdb468b7b01	docs/progress/R69/code/evidence/raw/x86_64/matrix/normal_baseline_packaged_normal.log
6c6b082e2bada55814e1ee2f83cf923d0b96e8f49cf1bd37b013c02b7741d01c	docs/progress/R69/code/evidence/raw/x86_64/matrix/normal_fixed_arithmetic_format_error.log
d5719ba38d9f5a3cbea6f8b4ee054cb916a863890e158cbb0d1af32fbce1c96a	docs/progress/R69/code/evidence/raw/x86_64/matrix/normal_fixed_packaged_exception.log
9df71e98e75de47000f677b14f11690451875f8f45b6ad6b38e75143f84ccfad	docs/progress/R69/code/evidence/raw/x86_64/matrix/normal_fixed_packaged_normal.log
8f281a542a8a1d229c6cdbed19588285086b3acc3e38b211d8cee8b7b2c325c1	docs/progress/R69/code/evidence/raw/x86_64/matrix/normal_reference_arithmetic_format_error.log
b451216a253e5fc507f958f07f9ed979c3b378ac0afe224cd282530924507a29	docs/progress/R69/code/evidence/raw/x86_64/matrix/normal_reference_packaged_exception.log
adb8aa6136fc6d8c4609d0bf5e9ca951b557d171b836aca718e51206bbb62af1	docs/progress/R69/code/evidence/raw/x86_64/matrix/normal_reference_packaged_normal.log
f64ce8985fa2825b4994195ed459c5d7f6a5f9ded466bb242ef73efcc75df7e0	docs/progress/R69/code/evidence/raw/x86_64/matrix/regression_fixed_cancel-catchall-rethrow.log
fb6c496696fdf825c2b262bef5c5ad2a38858c4e859f4b4c9a4a2ecd48bff474	docs/progress/R69/code/evidence/raw/x86_64/matrix/regression_fixed_cancel-nested.log
adbe52f00758d04f499e2939490c7bc67ab505421295b3063e54f982aa4d9105	docs/progress/R69/code/evidence/raw/x86_64/matrix/regression_fixed_cancel-no-catch.log
b14f112a2ec204f927c0c9840893c9e7bb479e95079fee2311df522890ef6d37	docs/progress/R69/code/evidence/raw/x86_64/matrix/regression_fixed_cancel.log
ca6218fba08c2b9f43d79be747af30587de1653051903cf0471e177fb6a3dbc9	docs/progress/R69/code/evidence/raw/x86_64/matrix/regression_fixed_exit-catchall-rethrow.log
ed6b49236ca61a8add6579701987bde9a53690a1ab2b8a56b36ef78f53b0d3fe	docs/progress/R69/code/evidence/raw/x86_64/matrix/regression_fixed_exit-no-catch.log
f1f39600305c4c9bb35290ec0a349e74fce6f7f98ac9c054544126b3de6c26fa	docs/progress/R69/code/evidence/raw/x86_64/matrix/regression_fixed_exit.log
94e6ef6cd289b330446f593764d929163c1ca6731aa6ec1182f710bc98610e37	docs/progress/R69/code/evidence/raw/x86_64/matrix/regression_fixed_foreign.log
a9673d84c4b132ef742cd7dc8e19ed47986d2dec252b2052fc57e9a392e401d6	docs/progress/R69/code/evidence/raw/x86_64/matrix/regression_fixed_real.log
1cdb4df9e758218b39b594cb0245b80cc4de5af2f2e0a5df9296bbbe57abb5bd	docs/progress/R69/code/evidence/raw/x86_64/matrix/regression_reference_cancel-catchall-rethrow.log
ed70d5e236b0838300ed38ee40b14ec22790843cae34ca2feb342a8c7ba417b6	docs/progress/R69/code/evidence/raw/x86_64/matrix/regression_reference_cancel-nested.log
d52cc0fc1f430222ec3fbfcd1ec94d5ce2e89adf189abfe4424f3d9afc1f8ba1	docs/progress/R69/code/evidence/raw/x86_64/matrix/regression_reference_cancel-no-catch.log
0919c7aa4bb36d5640020ccd65f4123b8cfb05d9de8f7eca611bee815a5bfcf4	docs/progress/R69/code/evidence/raw/x86_64/matrix/regression_reference_cancel.log
b858aa81665dbfece6e8f10d1153567c40a1acc51d8ee6eb20f5d65388f664bc	docs/progress/R69/code/evidence/raw/x86_64/matrix/regression_reference_exit-catchall-rethrow.log
54cb9ed946f26846c6b7abf5602e47a858838ba53ad9a08f0591ec0dfc6811e4	docs/progress/R69/code/evidence/raw/x86_64/matrix/regression_reference_exit-no-catch.log
a274273a4e0b9efe2a0ef98aff9575307de6e22a9960f92ba7bd129fa0c48dee	docs/progress/R69/code/evidence/raw/x86_64/matrix/regression_reference_exit.log
b99d2683d38e93b1387666fade12388608b33afb5f7756f28626591be31d9d62	docs/progress/R69/code/evidence/raw/x86_64/matrix/regression_reference_foreign.log
247c371a89f80da43c684e732eb620666b7592a8984d4d9e03123ae8408a4ff9	docs/progress/R69/code/evidence/raw/x86_64/matrix/regression_reference_real.log
45cafdc90c1acef34bc169a7778c02d855fd8e28b61e8376c0cd27ae24cb2647	docs/progress/R69/code/evidence/raw/x86_64/matrix/runtime_sha256.txt
0d995c23f621b5005962016dd4eca12b0a05f9d66594f762f606b9605b987f5f	docs/progress/R69/code/evidence/raw/x86_64/nonzero_cells.tsv
727dcdc6b01818fc85cd61dad27c1be65fefcf6f9f48dd3b86a6c5879a6cbea6	docs/progress/R69/code/evidence/raw/x86_64/upstream/libcxx_future_async.log
f51135e639f8c55a4f3f71a824bd805a6844ed7437f03a096d21ecea763fc9fd	docs/progress/R69/code/evidence/raw/x86_64/upstream/libcxx_future_async_race.log
d84951682e8b644cf4ba7268554d53b54e98015ff44d483d01337fed520dc0e3	docs/progress/R69/code/evidence/raw/x86_64/upstream/libcxx_future_async_race_38682.log
a6869a6a0679f4280ff9cc6d2d88d9a250aa4349fced8f7a6503bedad3ec7216	docs/progress/R69/code/evidence/raw/x86_64/upstream/libcxx_future_get_future.log
dbbbcfdbdf8e59e87b4c2051b5da5f9f20806940805197b5f921b767395f8fad	docs/progress/R69/code/evidence/raw/x86_64/upstream/libcxx_future_task_operator.log
fc57618e8a73fe95146bf74849f51201d6961ba3a0eaf3173a1bdfa73a5d0de2	docs/progress/R69/code/evidence/raw/x86_64/upstream/libcxx_future_thread_create_failure.log
497019035d610980b258eece29077045adf193f1969939ccad858e1c29e01dde	docs/progress/R69/code/evidence/raw/x86_64/upstream/libcxx_future_wait_on_destruct.log
c9750e00856f1185b2250208ac34e496f46961799dce11ee4e41b2026b77f7a6	docs/progress/R69/code/evidence/raw/x86_64/upstream/libcxx_istream_getline.log
a70d3678a86ea8c3714eabf82fc8fed1a8d0f8ce01d452e86cce7bd3973c690c	docs/progress/R69/code/evidence/raw/x86_64/upstream/libcxx_istream_read.log
7907f8249c529575050177948717531c9e3f98b69027373e6e32bba5b68ce034	docs/progress/R69/code/evidence/raw/x86_64/upstream/libcxx_istream_ws.log
4ac35e76d93ef748ad492238419b530ebbbd9f24c7a804bdfb2605621599f87b	docs/progress/R69/code/evidence/raw/x86_64/upstream/libcxx_string_shrink_to_fit.log
9bd705cc7f0acf0a60f001d6f7f4b8f38d879b732f900b6756624d3efa812a8a	docs/progress/R69/code/evidence/raw/x86_64/upstream/libcxxabi_forced_unwind1.log
abd046205099381010d18f351bcf54e6ef0a699c7b2f194857057be1834a2be7	docs/progress/R69/code/evidence/raw/x86_64/upstream/libcxxabi_forced_unwind2.log
6f73dd67df2b44e1c46d0196d47100688db04279110b0b80ed7c00718f76453d	docs/progress/R69/code/evidence/raw/x86_64/upstream/libcxxabi_forced_unwind3.log
f03eaa2f314a72054b4bc8ab857d245b36734066de75685362d203e97c833405	docs/progress/R69/code/evidence/raw/x86_64/upstream/libcxxabi_forced_unwind4.log
50f5108a0dd81dbc867cfc0556bdb974a391354a1e2495fd4d1925bd7a1824c1	docs/progress/R69/code/evidence/raw/x86_64/upstream/libcxxabi_unwind_01.log
ad6b4664af9dde20d45f53ed43b8f4fb83aaf0b6dd347a0ae2953dd7f46cc029	docs/progress/R69/code/evidence/raw/x86_64/upstream/libcxxabi_unwind_02.log
9b31077ea2caaaeed7ec921e976a243d2048eee85081076a4c5daefba68f6668	docs/progress/R69/code/evidence/raw/x86_64/upstream/libcxxabi_unwind_03.log
8499e1f2d7c8457e97c5170a52eeeda9e23a5affa8513d26d7c0e65fd2b5894d	docs/progress/R69/code/evidence/raw/x86_64/upstream/libcxxabi_unwind_04.log
be3407daa8d5af74bbcbd82324ed255ec796b4ae2d141922085dc30c3d98b8c0	docs/progress/R69/code/evidence/raw/x86_64/upstream/libcxxabi_unwind_05.log
eb415e15fde6eda86abf2c1bf550d78e1d20ce6876f821d391595200c6fec88a	docs/progress/R69/code/evidence/raw/x86_64/upstream/libcxxabi_unwind_06.log
4c2d075d298bad35f1ba388f5ca04a21d56e18d1a3a8a1fef850d191ce602542	docs/progress/R69/code/evidence/raw/x86_64/upstream/libstdcxx_forced_unwind1.log
c58b6e9587d95b7f8a1190302b9661c64bd301d43f3e16e30be005ea49ff744b	docs/progress/R69/code/evidence/raw/x86_64/upstream/libstdcxx_forced_unwind2.log
4be491cbbd35929e5e574898ee22e0757057adad20abbe0e03bc8df9151b8a29	docs/progress/R69/code/evidence/raw/x86_64/upstream/libstdcxx_forced_unwind3.log
70d801ba557e188e0e854de5d2e0c944249b38680f7c32f3a6dd0309a287ae1a	docs/progress/R69/code/evidence/raw/x86_64/upstream/libstdcxx_forced_unwind4.log
359241b74fe9aa97c9b404790cebe15a24ceaad795702a83fabaa2d0099ab9bb	docs/progress/R69/code/evidence/raw/x86_64/upstream/libstdcxx_unwind_01.log
334a2f25c8a3410c62eab846504c2bff2cafd70bdc0df85606d800130d40f3f5	docs/progress/R69/code/evidence/raw/x86_64/upstream/libstdcxx_unwind_02.log
4641f3635ee60385f7995e91a2e910633b0ac94a4e2271d2d2c4b3d48f692039	docs/progress/R69/code/evidence/raw/x86_64/upstream/libstdcxx_unwind_03.log
83bd28e4ed7a8336f218c6fa7845c7999dd896031953c8080fc1c6199e4d4e6b	docs/progress/R69/code/evidence/raw/x86_64/upstream/libstdcxx_unwind_04.log
5c97d85de5ae7bc39a93529afbf00d0060b5eacc6535def4cc07289983e45580	docs/progress/R69/code/evidence/raw/x86_64/upstream/libstdcxx_unwind_05.log
1ba5cec03cc65ac1e7bbfec329375e3a86d8f85166315abc63412f5c851e0774	docs/progress/R69/code/evidence/raw/x86_64/upstream/libstdcxx_unwind_06.log
27cbe3fc0f1ddeb898367fabbb62fccb113a56570da1aefb945b4f584899a3cd	docs/progress/R69/code/evidence/tables/new_cases.tsv
0116ec3498d4569c68dd6ea7ce3138fcf6a6bbfd00fbc3b4775e0d4f2587a502	docs/progress/R69/code/evidence/tables/patches.tsv
52ff8f3a4b41ca00e2fec45c352ce19b06744594b3bb21f69cdbc54581079f35	docs/progress/R69/code/evidence/tables/x86_regression_summary.tsv
af41f2989efcc28405bd26e3db24fb8e26c1fcca89f7d6f22c9140ccdb5beebd	docs/progress/R69/code/patches/0001-Layer-A-fix-foreign-forced-unwind-resume.patch
a121ce3bb7b95d3170a5ae0acd885557a5c7c0ab100b360a469d129c9c985b6e	docs/progress/R69/code/patches/0002-Layer-B-add-GNU-forced-unwind-marker.patch
0a32dc44e0e57ed524283bc416bdc5c4f6a00b131de5e421485b6e7bcb4b82e9	docs/progress/R69/code/patches/0003-Layer-C-header-batch-20-sites.patch
88228328db96b38ca139ec1fa3b04ddd82c25f17b97e8a90c674feb2a654d90e	docs/progress/R69/code/patches/0004-Layer-C-library-batch-30-sites.patch
962de019c9181fa5ce15955eef309a45a807bd0145682839ca20c4c3a8d75fa0	docs/progress/R69/code/patches/SHA256SUMS
b5f851ac8afedb8265aaf1e5bd9aeb815a289c678911771ce64deafa40e9b46e	docs/progress/R69/code/runtime_identity/ld_debug_fixed.log
a3f6e3706cfb39c57f43088e8187adfd62ff3b8e6aaccbb7d52ecc9a931d4048	docs/progress/R69/code/runtime_identity/ldd_default.txt
45cafdc90c1acef34bc169a7778c02d855fd8e28b61e8376c0cd27ae24cb2647	docs/progress/R69/code/runtime_identity/runtime_sha256.txt
e9dbe41f142f1bbf2925546cd2d7dbe73c1b1863ae41f7f94387d51c7a18ded6	docs/progress/R69/code/source/libcxx/include/__ostream/basic_ostream.h
a52817e321b7659a3e0f174a66c8d09523945c071ceaff7e4d94935f938fade5	docs/progress/R69/code/source/libcxx/include/future
0a2db1722f84b9ce453152131dcfc7db608d7d64b22dea84a64da19fb8caa9a1	docs/progress/R69/code/source/libcxx/include/istream
a9d0adfef9ba6f86cb168b64b1500ad8fc4a6b97e4c54aef5e51175733bb6935	docs/progress/R69/code/source/libcxx/include/string
004ecd2f870bea2d54441ae94443a774f77467676909345473dbc40aa455c7f3	docs/progress/R69/code/source/libcxx/src/future.cpp
ff2addf1a743c273fbf034192721126f440f611a0421a748c44eaf5339ba74fb	docs/progress/R69/code/source/libcxx/src/ios.cpp
45561ece403db01e742e3d8300b6527ae0e029458a96eab618e9399ac6b1f04c	docs/progress/R69/code/source/libcxxabi/include/cxxabi.h
8212a5b7a077bf7a2002ef0668deb2d3890c59158d35910d47526abad224bd03	docs/progress/R69/code/source/libcxxabi/src/cxa_exception.cpp
08fb954c0f681973a92b873a8dbc43611daf6c295fb2fc64fcdf128b02257b86	docs/progress/R69/code/source/libcxxabi/src/cxa_personality.cpp
e1a60c623e05fda75fa8847f1e43f5b89266e4dc0dfa1db365dfe0ade54048e8	docs/progress/R69/code/tests/EXISTING_SHA256SUMS
b70ddeaef3ba2ddbb5d1b6caabfe5127e3fd19366ce8f5f992c9f53307e72f09	docs/progress/R69/code/tests/existing/async_probe.cpp
b0020ebca7a880dbab0ecbcb1d1c71141f7f2a719f7587d28d857c4c98f87128	docs/progress/R69/code/tests/existing/concurrency_probe.cpp
dd698f588b24a9366a37fbd3cb6bf3be8a79247456a63c8d882d0221a88d864d	docs/progress/R69/code/tests/existing/facility_probe.cpp
05ccf3a3da2e831a1625bbef462a4322894fb4761c301972c89bf7a83959e871	docs/progress/R69/code/tests/existing/m1_async_reference_compile.cpp
da19161fbd63c5787edd1ee07868e6f3af3f2c95f1da2714591d17bbb6b47d9c	docs/progress/R69/code/tests/existing/m1_concurrency_probe.cpp
9ee65cbb529468e679fb3b09c5987930b0e033afa52c440d06aa67f65c343cdf	docs/progress/R69/code/tests/existing/m2_lock_outside_probe.cpp
fb08cdc66e098d790eafc982befcbc6c344720e79aaf0a2bc1579edc3d62cc08	docs/progress/R69/code/tests/existing/normal_paths_probe.cpp
b0baeceddad74bc7be0b3d596de5772051958da08201f5608d115f66e967b120	docs/progress/R69/code/tests/existing/r61_probe.cpp
20b827e69462f47a4eb0296a2205e1b838005f510e8ea8890cb391f0558accc1	docs/progress/R69/code/tests/existing/s1_rethrow_probe.cpp
a0d4a6c345d1ad9acb1e9d6fb1bfc8ce8676e864c7897ec8230768e39b3ea72b	docs/progress/R69/code/tests/include_probe.cpp
1c4f1966c1410f1617924d6a0dc4d7b8e13208e678f0ab7f5ac7200d9b174ade	docs/progress/R69/code/tests/r69_new_cases.cpp
bd0a5a356363d252709b168fecd3d402fff9976a293da98381aacf92869f6c7a	docs/progress/R69/code/tests/upstream/forced_unwind1.pass.cpp
1db821d3c96cae687db23b2cb1693ea9306a3573015b3eae3a400bff8f0d5e4a	docs/progress/R69/code/tests/upstream/forced_unwind2.pass.cpp
a819971ed171257f4a1056de9c61d06bd43450fd3e90b6032b851811efe76a85	docs/progress/R69/code/tests/upstream/forced_unwind3.pass.cpp
493d10cf48efd20dead81a977ce3bcc03fbf6a7c20fc03f10e213c75923570c1	docs/progress/R69/code/tests/upstream/forced_unwind4.pass.cpp
e96769fb4e50826b7d253bebca7a580a6e1c01e33f172156bf21e76b956bff9e	docs/progress/R69/code/tests/upstream/unwind_01.pass.cpp
0cc1cf31bbda6cce265ba1d440acaba377c33adaf56e462036d6004ba8723ad3	docs/progress/R69/code/tests/upstream/unwind_02.pass.cpp
84652cf2ee940f18e59628ef9a0f10ddf4784782c91573efc7093df4ffbadcbb	docs/progress/R69/code/tests/upstream/unwind_03.pass.cpp
0a2cc97b48ada4ad92f3325db0f35539a98e65b63f20a8e67f95a9ab480ed528	docs/progress/R69/code/tests/upstream/unwind_04.pass.cpp
8527685dc3349abe2b8eeac7918a3411d9f409b57f05172717e2f83eaf648a84	docs/progress/R69/code/tests/upstream/unwind_05.pass.cpp
1554918e999c29add071010fe0a00325807644e6b097fe5a5e2bcbf4239e3762	docs/progress/R69/code/tests/upstream/unwind_06.pass.cpp
a59d76e9f20a39049c4b5b88d524440fa132255088a87a10971430c8e81c6e2d	docs/progress/R69/code/tools/README.md
fda4c8309d74b5bbf7489cc790fa16e56e91c51d9b4abb3ee156482e4720aa6c	docs/progress/R69/code/tools/SHA256SUMS
340f3cd7c952d9a9b5388ad9dc635aed7632f083c141a38984f652d0934c6f34	docs/progress/R69/code/tools/build_probes.sh
93df2519228f0ae86c89fc19a16662187a24021c425b3ef54d2d8a98436c5ed8	docs/progress/R69/code/tools/build_upstream_tests.sh
1b3ec88e5bd47693294ff0fced27fc9175098bb7737188f85a7812e33b1e9bf2	docs/progress/R69/code/tools/cleanup_board.sh
ca59bc52189a365fdfed3be576fea299099427f5d620941480b978a5676cbc8b	docs/progress/R69/code/tools/deploy_board_payload.sh
a685e1d511ca34255e413bbc42b6c8e79cd38f9c0d02b2d05c5847459d572428	docs/progress/R69/code/tools/prepare_board_payload.sh
6d35feeaef2221b50a3132d157714360ffa017884808b72e8f0a0a10d7866969	docs/progress/R69/code/tools/resource_gate.sh
ed7a861494b77e8217a239034101899fdf71438e9aca797c491e6484961c5d11	docs/progress/R69/code/tools/run_board_matrix.sh
9bc3e849f90d9e750bc9f6cfd13a6c090903aa7ce36397aaf691ef2a793629b6	docs/progress/R69/code/tools/run_x86_matrix.sh
7db52aefa158caac9e33f09c2cdedc3e153ef39c53161b7dfdfda1903ef937e9	docs/progress/R69/code/tools/run_x86_upstream.sh
59dca1c0e51f9f5f8ba03d10209f614f35e1554de69744c1d1eeb86ec46c7073	docs/progress/R69/code/tools/semantic_split_audit.sh
434f52ab3b7f2de86b3840a9b34491cd6703a7b5c836c36f2be8c1ff8bbb1936	docs/progress/R69/code/tools/source_tree_diff_gate.py
