WORKING_DIRECTORY=/home/toolchain/development/libc++_replacement/tmp/R6/gbs-source-worktree-r3b
SOURCE_MODE=DISPOSABLE_GIT_WORKTREE
SOURCE_COMMIT=3d3e3da49e00ae89b0ff928dee811d6d0d1d4f0b
PACKAGING_DIRECTORY=r6-packaging
PACKAGING_MODE=RELATIVE_BYTE_IDENTICAL_COPY_IN_DISPOSABLE_WORKTREE
BUILDROOT=/home/toolchain/development/libc++_replacement/tmp/GBS-ROOT/LIBCXX-2218-armv7l-20260805-r3b
COMMAND_BEGIN
gbs -c /home/toolchain/development/libc++_replacement/progress/T3R/config/gbs_llvm.conf build -A armv7l -B /home/toolchain/development/libc++_replacement/tmp/GBS-ROOT/LIBCXX-2218-armv7l-20260805-r3b -C --debug --style git --include-all --no-patch-export --packaging-dir r6-packaging --spec libcxx-runtimes.spec /home/toolchain/development/libc++_replacement/tmp/R6/gbs-source-worktree-r3b 
COMMAND_END
gbp:debug: ['git', 'rev-parse', '--is-bare-repository']
gbp:debug: ['git', 'rev-parse', '--git-dir']
gbp:debug: ['git', 'rev-parse', '--show-toplevel']
gbs:info: generate repositories ...
gbs:warning: No local package repository for arch armv7l
gbs:debug: fetching https://download.tizen.org/snapshots/TIZEN/Tizen/Tizen-Base-Toolchain/reference/repos/standard/packages/repodata/repomd.xml => /var/tmp/toolchain-gbs/gbscacheofyvmn0h/repomd.xml
gbs:debug: disable HTTP caching
gbs:debug: fetching https://download.tizen.org/snapshots/TIZEN/Tizen/Tizen-Base-Toolchain/reference/repos/standard/packages/repodata/repomd.xml => /var/tmp/toolchain-gbs/gbscacheofyvmn0h/repomd.xml
gbs:debug: fetching https://download.tizen.org/snapshots/TIZEN/Tizen/Tizen-Base-Toolchain/reference/repos/standard/packages/repodata/190fac596cfcc33172b1cf7173d6957aa5e574a83d6bf48b8e329ed583926f12-build.conf.gz => /var/tmp/toolchain-gbs/gbscacheofyvmn0h/190fac596cfcc33172b1cf7173d6957aa5e574a83d6bf48b8e329ed583926f12-build.conf.gz
gbs:debug: fetching https://download.tizen.org/snapshots/TIZEN/Tizen/Tizen-Base-Toolchain/reference/repos/standard/packages/repodata/675f63fd03d2895a73b292a2a8fc4eb2a8b19772eeb8dc940620bb9209ed6372-primary.xml.gz => /var/tmp/toolchain-gbs/gbscacheofyvmn0h/675f63fd03d2895a73b292a2a8fc4eb2a8b19772eeb8dc940620bb9209ed6372-primary.xml.gz
gbs:debug: fetching https://download.tizen.org/snapshots/TIZEN/Tizen/Tizen-Unified-Toolchain/reference/repos/standard/packages/repodata/repomd.xml => /var/tmp/toolchain-gbs/gbscacheofyvmn0h/repomd.xml
gbs:debug: disable HTTP caching
gbs:debug: fetching https://download.tizen.org/snapshots/TIZEN/Tizen/Tizen-Unified-Toolchain/reference/repos/standard/packages/repodata/repomd.xml => /var/tmp/toolchain-gbs/gbscacheofyvmn0h/repomd.xml
gbs:debug: fetching https://download.tizen.org/snapshots/TIZEN/Tizen/Tizen-Unified-Toolchain/reference/repos/standard/packages/repodata/3244774dabbba963b8b25fdb4f28443520fdf1f7e634823a7c10b43c3389af7c-build.conf.gz => /var/tmp/toolchain-gbs/gbscacheofyvmn0h/3244774dabbba963b8b25fdb4f28443520fdf1f7e634823a7c10b43c3389af7c-build.conf.gz
gbs:debug: fetching https://download.tizen.org/snapshots/TIZEN/Tizen/Tizen-Unified-Toolchain/reference/repos/standard/packages/repodata/8c68598aa95182abe9cc9eea31436482e590a62ee3bbdd0cf260640d2dbb71ba-primary.xml.gz => /var/tmp/toolchain-gbs/gbscacheofyvmn0h/8c68598aa95182abe9cc9eea31436482e590a62ee3bbdd0cf260640d2dbb71ba-primary.xml.gz
gbs:info: build conf has been downloaded at:
      /var/tmp/toolchain-gbs/tizen_unified_standard.conf
gbs:debug: running command: depanneur --arch=armv7l --clean --repository=https://download.tizen.org/snapshots/TIZEN/Tizen/Tizen-Base-Toolchain/reference/repos/standard/packages/ --repository=https://download.tizen.org/snapshots/TIZEN/Tizen/Tizen-Unified-Toolchain/reference/repos/standard/packages/ --dist='tizen_unified_standard' --configdir='/var/tmp/toolchain-gbs' --path='/home/toolchain/development/libc++_replacement/tmp/R6/gbs-source-worktree-r3b' --debug --style=git --threads=1 --packaging-dir=r6-packaging --include-all --no-patch-export --spec=libcxx-runtimes.spec
info: start building packages from: /home/toolchain/development/libc++_replacement/tmp/R6/gbs-source-worktree-r3b (git)
debug: my_system: date +"%Y-%m-%d %H:%M %z"
2026-08-05 13:07 +0800
debug: my_system: gbs -V
gbs 2.0.8
debug: working on /home/toolchain/development/libc++_replacement/tmp/R6/gbs-source-worktree-r3b
info: prepare sources...
info: start export source from: /home/toolchain/development/libc++_replacement/tmp/R6/gbs-source-worktree-r3b ...
debug: my_system: gbs --debug export '/home/toolchain/development/libc++_replacement/tmp/R6/gbs-source-worktree-r3b' -o '/home/toolchain/development/libc++_replacement/tmp/GBS-ROOT/LIBCXX-2218-armv7l-20260805-r3b/local/sources/tizen_unified_standard/libcxx-runtimes-22.1.8-1' --outdir-directly --spec libcxx-runtimes.spec --include-all --packaging-dir=r6-packaging --no-patch-export
gbs:debug: export begin
gbp:debug: ['git', 'rev-parse', '--is-bare-repository']
gbp:debug: ['git', 'rev-parse', '--git-dir']
gbp:debug: ['git', 'rev-parse', '--show-toplevel']
gbs:debug: read repo path
gbp:debug: ['git', 'status', '--porcelain']
gbp:debug: ['git', 'status']
gbp:debug: ['git', 'status', '--porcelain', '-z']
gbs:info: the following untracked files would be included:
   r6-packaging/
gbs:debug: check packaging_dir
gbs:debug: check outdir
gbs:debug: check tmpdir
gbp:debug: ['git', 'for-each-ref', '--format=%(refname:short)', 'refs/remotes/']
gbp:debug: ['git', 'show-ref', 'refs/heads/upstream']
gbs:info: tracking branch: origin/upstream -> upstream
gbp:debug: ['git', 'branch', 'upstream', 'origin/upstream']
gbp:debug: ['git', 'show-ref', 'refs/heads/pristine-tar']
gbs:debug: Using upstream branch: upstream
gbs:debug: Using upstream tag format: 'upstream/%(upstreamversion)s'
gbp:debug: ['git', 'remote', '-v']
gbp:debug: ['git', 'symbolic-ref', 'HEAD']
gbp:debug: ['git', 'config', 'branch.None.remote']
gbp:debug: ['git', 'show-ref', 'refs/heads/upstream']
gbp:debug: ['git', 'rev-parse', '--is-bare-repository']
gbp:debug: ['git', 'rev-parse', '--git-dir']
gbp:debug: ['git', 'rev-parse', '--show-toplevel']
gbp:debug: ['git', 'rev-parse', '--is-bare-repository']
gbp:debug: ['git', 'rev-parse', '--git-dir']
gbp:debug: ['git', 'rev-parse', '--show-toplevel']
gbp:debug: ['git', 'add', '-A', '/home/toolchain/development/libc++_replacement/tmp/R6/gbs-source-worktree-r3b']
gbp:debug: ['git', 'write-tree']
gbp:debug: ['git', 'ls-tree', 'fd882c3aa68d53e14263b71e94ae84412b6c23d0']
gbp:debug: ['git', 'rev-parse', '--is-bare-repository']
gbp:debug: ['git', 'rev-parse', '--git-dir']
gbp:debug: ['git', 'rev-parse', '--show-toplevel']
gbp:debug: ['git', 'show', '--pretty=medium', 'fd882c3aa68d53e14263b71e94ae84412b6c23d0:.gbp.conf']
gbp:debug: ['git', 'show', '--pretty=medium', 'fd882c3aa68d53e14263b71e94ae84412b6c23d0:debian/gbp.conf']
gbp:debug: ['git', 'symbolic-ref', 'HEAD']
gbp:debug: ['git', 'symbolic-ref', 'HEAD']
gbp:debug: ['git', 'add', '-A', '/home/toolchain/development/libc++_replacement/tmp/R6/gbs-source-worktree-r3b']
gbp:debug: ['git', 'write-tree']
gbp:debug: ['git', 'ls-tree', 'fd882c3aa68d53e14263b71e94ae84412b6c23d0']
gbp:debug: ['git', 'show', '--pretty=medium', 'fd882c3aa68d53e14263b71e94ae84412b6c23d0:r6-packaging/libcxx-runtimes.spec']
gbp:debug: Using 'r6-packaging/libcxx-runtimes.spec' from 'fd882c3aa68d53e14263b71e94ae84412b6c23d0'
gbp:debug: /bin/true [] []
gbp:debug: Dumping tree 'WC.UNTRACKED' to '/var/tmp/gbp_4avevqw5/buildpackage-rpm_p97sqc51/dump_tree_zjypn064'
gbp:debug: ['git', 'archive', '--format=tar', '--prefix=', 'fd882c3aa68d53e14263b71e94ae84412b6c23d0', '--']
gbp:debug: Exporting packaging files in '/var/tmp/gbp_4avevqw5/buildpackage-rpm_p97sqc51/dump_tree_zjypn064/r6-packaging' to '/var/tmp/.gbs_export_gyjjakki'
gbp:info: Creating (native) source archive llvm-22.1.8.tar.gz from 'fd882c3aa68d53e14263b71e94ae84412b6c23d0'
gbp:debug: Building source archive with compression 'gzip -6'
gbp:debug: ['git', 'show', '--pretty=medium', 'fd882c3aa68d53e14263b71e94ae84412b6c23d0:.gitmodules']
gbp:debug: ['git', 'archive', '--format=tar', '--prefix=llvm-22.1.8/', 'fd882c3aa68d53e14263b71e94ae84412b6c23d0', '--']
gbp:debug: ['git', 'describe', '--long', '--abbrev=40', '--always', 'fd882c3aa68d53e14263b71e94ae84412b6c23d0']
gbp:debug: ['git', 'describe', '--long', '--abbrev=40', '--always', 'HEAD']
gbp:debug: ['git', 'rev-parse', '--quiet', '--verify', 'HEAD']
gbp:debug: Adding 'VCS:' tag after 'Name:           libc...' line in spec
gbp:debug: ['git', 'symbolic-ref', 'HEAD']
gbp:debug: ['git', 'branch', '-D', 'upstream']
gbs:debug: check outdir
gbs:info: package files have been exported to:
     /home/toolchain/development/libc++_replacement/tmp/GBS-ROOT/LIBCXX-2218-armv7l-20260805-r3b/local/sources/tizen_unified_standard/libcxx-runtimes-22.1.8-1
info: retrieving repo metadata...
debug: my_system: > '/home/toolchain/development/libc++_replacement/tmp/GBS-ROOT/LIBCXX-2218-armv7l-20260805-r3b/local/order'/.repo.cache.local
debug: my_system: /usr/lib/build/createdirdeps '/home/toolchain/development/libc++_replacement/tmp/GBS-ROOT/LIBCXX-2218-armv7l-20260805-r3b/local/repos/tizen_unified_standard/armv7l/RPMS' >> '/home/toolchain/development/libc++_replacement/tmp/GBS-ROOT/LIBCXX-2218-armv7l-20260805-r3b/local/order'/.repo.cache.local
debug: my_system: echo D: >> '/home/toolchain/development/libc++_replacement/tmp/GBS-ROOT/LIBCXX-2218-armv7l-20260805-r3b/local/order'/.repo.cache.local
debug: my_system: > '/home/toolchain/development/libc++_replacement/tmp/GBS-ROOT/LIBCXX-2218-armv7l-20260805-r3b/local/order'/.repo.cache.remote
debug: /usr/lib/build/createrepomddeps --cachedir='/home/toolchain/development/libc++_replacement/tmp/GBS-ROOT/LIBCXX-2218-armv7l-20260805-r3b/local/cache' 'https://download.tizen.org/snapshots/TIZEN/Tizen/Tizen-Base-Toolchain/reference/repos/standard/packages/' >> '/home/toolchain/development/libc++_replacement/tmp/GBS-ROOT/LIBCXX-2218-armv7l-20260805-r3b/local/order'/.repo.cache.remote 
debug: my_system: /usr/lib/build/createrepomddeps --cachedir='/home/toolchain/development/libc++_replacement/tmp/GBS-ROOT/LIBCXX-2218-armv7l-20260805-r3b/local/cache' 'https://download.tizen.org/snapshots/TIZEN/Tizen/Tizen-Base-Toolchain/reference/repos/standard/packages/' >> '/home/toolchain/development/libc++_replacement/tmp/GBS-ROOT/LIBCXX-2218-armv7l-20260805-r3b/local/order'/.repo.cache.remote 
debug: my_system: echo D: >> '/home/toolchain/development/libc++_replacement/tmp/GBS-ROOT/LIBCXX-2218-armv7l-20260805-r3b/local/order'/.repo.cache.remote
debug: /usr/lib/build/createrepomddeps --cachedir='/home/toolchain/development/libc++_replacement/tmp/GBS-ROOT/LIBCXX-2218-armv7l-20260805-r3b/local/cache' 'https://download.tizen.org/snapshots/TIZEN/Tizen/Tizen-Unified-Toolchain/reference/repos/standard/packages/' >> '/home/toolchain/development/libc++_replacement/tmp/GBS-ROOT/LIBCXX-2218-armv7l-20260805-r3b/local/order'/.repo.cache.remote 
debug: my_system: /usr/lib/build/createrepomddeps --cachedir='/home/toolchain/development/libc++_replacement/tmp/GBS-ROOT/LIBCXX-2218-armv7l-20260805-r3b/local/cache' 'https://download.tizen.org/snapshots/TIZEN/Tizen/Tizen-Unified-Toolchain/reference/repos/standard/packages/' >> '/home/toolchain/development/libc++_replacement/tmp/GBS-ROOT/LIBCXX-2218-armv7l-20260805-r3b/local/order'/.repo.cache.remote 
debug: my_system: echo D: >> '/home/toolchain/development/libc++_replacement/tmp/GBS-ROOT/LIBCXX-2218-armv7l-20260805-r3b/local/order'/.repo.cache.remote
debug: my_system: cat '/home/toolchain/development/libc++_replacement/tmp/GBS-ROOT/LIBCXX-2218-armv7l-20260805-r3b/local/order'/.repo.cache.local '/home/toolchain/development/libc++_replacement/tmp/GBS-ROOT/LIBCXX-2218-armv7l-20260805-r3b/local/order'/.repo.cache.remote >'/home/toolchain/development/libc++_replacement/tmp/GBS-ROOT/LIBCXX-2218-armv7l-20260805-r3b/local/order'/.repo.cache
info: parsing package data...
info: building repo metadata ...
info: resolving skipped packages ...
info: package dependency resolving ...
debug: Checking dependencies for libcxx-runtimes
info: there is no circle in 1 packages
debug: my_system: rm -rf bsr_profiling_report
debug: my_system: sudo /bin/echo -n
info: package dependency:
libcxx-runtimes:
debug: call build process:
info: *** [1/1] building libcxx-runtimes-22.1.8-1 armv7l tizen_unified_standard (worker: 0) ***
debug: my_system: sudo /usr/bin/build --uid 1000:1000 --target armv7l-tizen-linux --jobs 40 --cachedir '/home/toolchain/development/libc++_replacement/tmp/GBS-ROOT/LIBCXX-2218-armv7l-20260805-r3b/local/cache' --dist '/var/tmp/toolchain-gbs'/tizen_unified_standard.conf --arch 'armv7l:armv7el:armv6l:armv5tejl:armv5tel:armv5l:armv4tl:armv4l:armv3l:noarch' '/home/toolchain/development/libc++_replacement/tmp/GBS-ROOT/LIBCXX-2218-armv7l-20260805-r3b/local/sources/tizen_unified_standard/libcxx-runtimes-22.1.8-1/libcxx-runtimes.spec' --repository '/home/toolchain/development/libc++_replacement/tmp/GBS-ROOT/LIBCXX-2218-armv7l-20260805-r3b/local/repos/tizen_unified_standard/armv7l/RPMS' --repository https://download.tizen.org/snapshots/TIZEN/Tizen/Tizen-Base-Toolchain/reference/repos/standard/packages/ --repository https://download.tizen.org/snapshots/TIZEN/Tizen/Tizen-Unified-Toolchain/reference/repos/standard/packages/ --clean --debug --root '/home/toolchain/development/libc++_replacement/tmp/GBS-ROOT/LIBCXX-2218-armv7l-20260805-r3b/local/BUILD-ROOTS/scratch.armv7l.0' 
logging output to /home/toolchain/development/libc++_replacement/tmp/GBS-ROOT/LIBCXX-2218-armv7l-20260805-r3b/local/BUILD-ROOTS/scratch.armv7l.0/.build.log...
[    0s] on X86_64, no limit mem size
[    0s] Using BUILD_ROOT=/home/toolchain/development/libc++_replacement/tmp/GBS-ROOT/LIBCXX-2218-armv7l-20260805-r3b/local/BUILD-ROOTS/scratch.armv7l.0
[    0s] Using BUILD_ARCH=armv7l:armv7el:armv6l:armv5tejl:armv5tel:armv5l:armv4tl:armv4l:armv3l:noarch
[    0s] 
[    0s] 
[    0s] toolchain-2026 started "build libcxx-runtimes.spec" at Wed Aug  5 05:08:49 UTC 2026.
[    0s] 
[    0s] 
[    0s] processing recipe /home/toolchain/development/libc++_replacement/tmp/GBS-ROOT/LIBCXX-2218-armv7l-20260805-r3b/local/sources/tizen_unified_standard/libcxx-runtimes-22.1.8-1/libcxx-runtimes.spec ...
[    0s] init_buildsystem --configdir /usr/lib/build/configs --cachedir /home/toolchain/development/libc++_replacement/tmp/GBS-ROOT/LIBCXX-2218-armv7l-20260805-r3b/local/cache --repository /home/toolchain/development/libc++_replacement/tmp/GBS-ROOT/LIBCXX-2218-armv7l-20260805-r3b/local/repos/tizen_unified_standard/armv7l/RPMS --repository https://download.tizen.org/snapshots/TIZEN/Tizen/Tizen-Base-Toolchain/reference/repos/standard/packages/ --repository https://download.tizen.org/snapshots/TIZEN/Tizen/Tizen-Unified-Toolchain/reference/repos/standard/packages/ --clean /home/toolchain/development/libc++_replacement/tmp/GBS-ROOT/LIBCXX-2218-armv7l-20260805-r3b/local/sources/tizen_unified_standard/libcxx-runtimes-22.1.8-1/libcxx-runtimes.spec ...
[    0s] initializing /home/toolchain/development/libc++_replacement/tmp/GBS-ROOT/LIBCXX-2218-armv7l-20260805-r3b/local/BUILD-ROOTS/scratch.armv7l.0/.srcfiles.cache ...
[    0s] /usr/lib/build/createdirdeps --oldfile /home/toolchain/development/libc++_replacement/tmp/GBS-ROOT/LIBCXX-2218-armv7l-20260805-r3b/local/BUILD-ROOTS/scratch.armv7l.0/.srcfiles.cache /home/toolchain/development/libc++_replacement/tmp/GBS-ROOT/LIBCXX-2218-armv7l-20260805-r3b/local/repos/tizen_unified_standard/armv7l/RPMS
[    0s] /usr/lib/build/createrepomddeps --cachedir=/home/toolchain/development/libc++_replacement/tmp/GBS-ROOT/LIBCXX-2218-armv7l-20260805-r3b/local/cache https://download.tizen.org/snapshots/TIZEN/Tizen/Tizen-Base-Toolchain/reference/repos/standard/packages/
[    1s] /usr/lib/build/createrepomddeps --cachedir=/home/toolchain/development/libc++_replacement/tmp/GBS-ROOT/LIBCXX-2218-armv7l-20260805-r3b/local/cache https://download.tizen.org/snapshots/TIZEN/Tizen/Tizen-Unified-Toolchain/reference/repos/standard/packages/
[    3s] expanding package dependencies...
[    3s] copying qemu
[    3s]  /usr/bin/qemu-arm-binfmt /usr/bin/qemu-arm-static /usr/bin/qemu-arm64-binfmt /usr/bin/qemu-arm64-static /usr/bin/qemu-riscv32-binfmt /usr/bin/qemu-riscv32-static /usr/bin/qemu-riscv64-binfmt /usr/bin/qemu-riscv64-static /usr/sbin/qemu-binfmt-conf.sh
[    3s] 
[    3s] registering binfmt handlers for cross build
[    3s] calculating packages to download...
[    4s] [1/112] downloading https://download.tizen.org/snapshots/TIZEN/Tizen/Tizen-Base-Toolchain/reference/repos/standard/packages/armv7l/app-rootstrap-checker-1.0.0-2.1.armv7l.rpm ... 
[    5s] [2/112] downloading https://download.tizen.org/snapshots/TIZEN/Tizen/Tizen-Base-Toolchain/reference/repos/standard/packages/noarch/autoconf-2.71-2.9.noarch.rpm ... 
[    7s] [3/112] downloading https://download.tizen.org/snapshots/TIZEN/Tizen/Tizen-Base-Toolchain/reference/repos/standard/packages/noarch/automake-1.16.5-2.9.noarch.rpm ... 
[    8s] [4/112] downloading https://download.tizen.org/snapshots/TIZEN/Tizen/Tizen-Base-Toolchain/reference/repos/standard/packages/armv7l/bash-3.2.57-1.2.armv7l.rpm ... 
[   10s] [5/112] downloading https://download.tizen.org/snapshots/TIZEN/Tizen/Tizen-Base-Toolchain/reference/repos/standard/packages/armv7l/binutils-2.43-2.9.armv7l.rpm ... 
[   52s] retrying https://download.tizen.org/snapshots/TIZEN/Tizen/Tizen-Base-Toolchain/reference/repos/standard/packages/armv7l/binutils-2.43-2.9.armv7l.rpm
[   54s] [6/112] downloading https://download.tizen.org/snapshots/TIZEN/Tizen/Tizen-Base-Toolchain/reference/repos/standard/packages/armv7l/binutils-libs-2.43-2.9.armv7l.rpm ... 
[   56s] [7/112] downloading https://download.tizen.org/snapshots/TIZEN/Tizen/Tizen-Base-Toolchain/reference/repos/standard/packages/noarch/build-20120927-1.1.noarch.rpm ... 
[   98s] retrying https://download.tizen.org/snapshots/TIZEN/Tizen/Tizen-Base-Toolchain/reference/repos/standard/packages/noarch/build-20120927-1.1.noarch.rpm
[   99s] [8/112] downloading https://download.tizen.org/snapshots/TIZEN/Tizen/Tizen-Base-Toolchain/reference/repos/standard/packages/noarch/build-compare-2023.06.18-1.4.noarch.rpm ... 
[  100s] [9/112] downloading https://download.tizen.org/snapshots/TIZEN/Tizen/Tizen-Base-Toolchain/reference/repos/standard/packages/noarch/build-mkbaselibs-20120927-1.1.noarch.rpm ... 
[  101s] [10/112] downloading https://download.tizen.org/snapshots/TIZEN/Tizen/Tizen-Base-Toolchain/reference/repos/standard/packages/armv7l/bzip2-1.0.8-1.15.armv7l.rpm ... 
[  102s] [11/112] downloading https://download.tizen.org/snapshots/TIZEN/Tizen/Tizen-Base-Toolchain/reference/repos/standard/packages/armv7l/clang-22.1.8-18.1.armv7l.rpm ... 
[  106s] [12/112] downloading https://download.tizen.org/snapshots/TIZEN/Tizen/Tizen-Base-Toolchain/reference/repos/standard/packages/armv7l/clang-accel-x86_64-armv7l-0.4-1.3.armv7l.rpm ... 
[  113s] [13/112] downloading https://download.tizen.org/snapshots/TIZEN/Tizen/Tizen-Base-Toolchain/reference/repos/standard/packages/armv7l/cmake-3.31.2-1.14.armv7l.rpm ... 
[  116s] [14/112] downloading https://download.tizen.org/snapshots/TIZEN/Tizen/Tizen-Base-Toolchain/reference/repos/standard/packages/armv7l/coreutils-6.9-15.2.armv7l.rpm ... 
[  118s] [15/112] downloading https://download.tizen.org/snapshots/TIZEN/Tizen/Tizen-Base-Toolchain/reference/repos/standard/packages/armv7l/cpio-2.8-1.3.armv7l.rpm ... 
[  119s] [16/112] downloading https://download.tizen.org/snapshots/TIZEN/Tizen/Tizen-Base-Toolchain/reference/repos/standard/packages/armv7l/cpp-14.2.0-1.14.armv7l.rpm ... 
[  121s] [17/112] downloading https://download.tizen.org/snapshots/TIZEN/Tizen/Tizen-Base-Toolchain/reference/repos/standard/packages/armv7l/diffutils-3.10-2.2.armv7l.rpm ... 
[  123s] [18/112] downloading https://download.tizen.org/snapshots/TIZEN/Tizen/Tizen-Base-Toolchain/reference/repos/standard/packages/armv7l/elfutils-0.189-1.15.armv7l.rpm ... 
[  124s] [19/112] downloading https://download.tizen.org/snapshots/TIZEN/Tizen/Tizen-Base-Toolchain/reference/repos/standard/packages/armv7l/file-5.46-1.12.armv7l.rpm ... 
[  125s] [20/112] downloading https://download.tizen.org/snapshots/TIZEN/Tizen/Tizen-Base-Toolchain/reference/repos/standard/packages/armv7l/filesystem-3.1-2.1.armv7l.rpm ... 
[  127s] [21/112] downloading https://download.tizen.org/snapshots/TIZEN/Tizen/Tizen-Base-Toolchain/reference/repos/standard/packages/armv7l/findutils-4.3.8-1.15.armv7l.rpm ... 
[  169s] retrying https://download.tizen.org/snapshots/TIZEN/Tizen/Tizen-Base-Toolchain/reference/repos/standard/packages/armv7l/findutils-4.3.8-1.15.armv7l.rpm
[  170s] [22/112] downloading https://download.tizen.org/snapshots/TIZEN/Tizen/Tizen-Base-Toolchain/reference/repos/standard/packages/armv7l/gawk-3.1.5-2.2.armv7l.rpm ... 
[  171s] [23/112] downloading https://download.tizen.org/snapshots/TIZEN/Tizen/Tizen-Base-Toolchain/reference/repos/standard/packages/armv7l/gcc-14.2.0-1.14.armv7l.rpm ... 
[  175s] [24/112] downloading https://download.tizen.org/snapshots/TIZEN/Tizen/Tizen-Base-Toolchain/reference/repos/standard/packages/armv7l/gcc-c++-14.2.0-1.14.armv7l.rpm ... 
[  178s] [25/112] downloading https://download.tizen.org/snapshots/TIZEN/Tizen/Tizen-Base-Toolchain/reference/repos/standard/packages/armv7l/gdbm-1.8.3-1.15.armv7l.rpm ... 
debug: my_system: sudo /bin/echo -n
[  220s] retrying https://download.tizen.org/snapshots/TIZEN/Tizen/Tizen-Base-Toolchain/reference/repos/standard/packages/armv7l/gdbm-1.8.3-1.15.armv7l.rpm
[  221s] [26/112] downloading https://download.tizen.org/snapshots/TIZEN/Tizen/Tizen-Base-Toolchain/reference/repos/standard/packages/armv7l/glibc-2.40-2.8.armv7l.rpm ... 
[  223s] [27/112] downloading https://download.tizen.org/snapshots/TIZEN/Tizen/Tizen-Base-Toolchain/reference/repos/standard/packages/armv7l/glibc-devel-2.40-2.8.armv7l.rpm ... 
[  224s] [28/112] downloading https://download.tizen.org/snapshots/TIZEN/Tizen/Tizen-Base-Toolchain/reference/repos/standard/packages/armv7l/glibc-locale-2.40-2.8.armv7l.rpm ... 
[  226s] [29/112] downloading https://download.tizen.org/snapshots/TIZEN/Tizen/Tizen-Base-Toolchain/reference/repos/standard/packages/armv7l/grep-2.5.2-1.13.armv7l.rpm ... 
[  227s] [30/112] downloading https://download.tizen.org/snapshots/TIZEN/Tizen/Tizen-Base-Toolchain/reference/repos/standard/packages/armv7l/gzip-1.3.12-1.13.armv7l.rpm ... 
[  228s] [31/112] downloading https://download.tizen.org/snapshots/TIZEN/Tizen/Tizen-Base-Toolchain/reference/repos/standard/packages/armv7l/hal-rootstrap-checker-1.0.0-4.1.armv7l.rpm ... 
[  230s] [32/112] downloading https://download.tizen.org/snapshots/TIZEN/Tizen/Tizen-Base-Toolchain/reference/repos/standard/packages/armv7l/hostname-3.23-1.3.armv7l.rpm ... 
[  231s] [33/112] downloading https://download.tizen.org/snapshots/TIZEN/Tizen/Tizen-Base-Toolchain/reference/repos/standard/packages/armv7l/less-685-2.2.armv7l.rpm ... 
[  232s] [34/112] downloading https://download.tizen.org/snapshots/TIZEN/Tizen/Tizen-Base-Toolchain/reference/repos/standard/packages/armv7l/libacl-2.3.2-1.14.armv7l.rpm ... 
[  233s] [35/112] downloading https://download.tizen.org/snapshots/TIZEN/Tizen/Tizen-Base-Toolchain/reference/repos/standard/packages/armv7l/libarchive-3.8.1-1.13.armv7l.rpm ... 
[  234s] [36/112] downloading https://download.tizen.org/snapshots/TIZEN/Tizen/Tizen-Base-Toolchain/reference/repos/standard/packages/armv7l/libasm-0.189-1.15.armv7l.rpm ... 
[  235s] [37/112] downloading https://download.tizen.org/snapshots/TIZEN/Tizen/Tizen-Base-Toolchain/reference/repos/standard/packages/armv7l/libatomic-14.2.0-1.14.armv7l.rpm ... 
[  237s] [38/112] downloading https://download.tizen.org/snapshots/TIZEN/Tizen/Tizen-Base-Toolchain/reference/repos/standard/packages/armv7l/libattr-2.5.1-1.15.armv7l.rpm ... 
[  238s] [39/112] downloading https://download.tizen.org/snapshots/TIZEN/Tizen/Tizen-Base-Toolchain/reference/repos/standard/packages/armv7l/libblkid-2.41.2-1.12.armv7l.rpm ... 
[  239s] [40/112] downloading https://download.tizen.org/snapshots/TIZEN/Tizen/Tizen-Base-Toolchain/reference/repos/standard/packages/armv7l/libbz2-1.0.8-1.15.armv7l.rpm ... 
[  240s] [41/112] downloading https://download.tizen.org/snapshots/TIZEN/Tizen/Tizen-Base-Toolchain/reference/repos/standard/packages/armv7l/libcap-2.73-1.13.armv7l.rpm ... 
[  241s] [42/112] downloading https://download.tizen.org/snapshots/TIZEN/Tizen/Tizen-Base-Toolchain/reference/repos/standard/packages/armv7l/libcc1-14.2.0-1.14.armv7l.rpm ... 
[  242s] [43/112] downloading https://download.tizen.org/snapshots/TIZEN/Tizen/Tizen-Base-Toolchain/reference/repos/standard/packages/armv7l/libdw-0.189-1.15.armv7l.rpm ... 
[  244s] [44/112] downloading https://download.tizen.org/snapshots/TIZEN/Tizen/Tizen-Base-Toolchain/reference/repos/standard/packages/armv7l/libelf-0.189-1.15.armv7l.rpm ... 
[  245s] [45/112] downloading https://download.tizen.org/snapshots/TIZEN/Tizen/Tizen-Base-Toolchain/reference/repos/standard/packages/armv7l/libexpat-2.7.3-1.14.armv7l.rpm ... 
[  246s] [46/112] downloading https://download.tizen.org/snapshots/TIZEN/Tizen/Tizen-Base-Toolchain/reference/repos/standard/packages/armv7l/libfdisk-2.41.2-1.12.armv7l.rpm ... 
[  248s] [47/112] downloading https://download.tizen.org/snapshots/TIZEN/Tizen/Tizen-Base-Toolchain/reference/repos/standard/packages/armv7l/libffi-3.4.7-1.15.armv7l.rpm ... 
[  290s] retrying https://download.tizen.org/snapshots/TIZEN/Tizen/Tizen-Base-Toolchain/reference/repos/standard/packages/armv7l/libffi-3.4.7-1.15.armv7l.rpm
[  291s] [48/112] downloading https://download.tizen.org/snapshots/TIZEN/Tizen/Tizen-Base-Toolchain/reference/repos/standard/packages/armv7l/libfreebl3-3.109-1.4.armv7l.rpm ... 
[  293s] [49/112] downloading https://download.tizen.org/snapshots/TIZEN/Tizen/Tizen-Base-Toolchain/reference/repos/standard/packages/armv7l/libgcc-14.2.0-1.14.armv7l.rpm ... 
[  294s] [50/112] downloading https://download.tizen.org/snapshots/TIZEN/Tizen/Tizen-Base-Toolchain/reference/repos/standard/packages/armv7l/libgfortran-14.2.0-1.14.armv7l.rpm ... 
[  296s] [51/112] downloading https://download.tizen.org/snapshots/TIZEN/Tizen/Tizen-Base-Toolchain/reference/repos/standard/packages/armv7l/libgomp-14.2.0-1.14.armv7l.rpm ... 
[  297s] [52/112] downloading https://download.tizen.org/snapshots/TIZEN/Tizen/Tizen-Base-Toolchain/reference/repos/standard/packages/armv7l/libitm-14.2.0-1.14.armv7l.rpm ... 
[  298s] [53/112] downloading https://download.tizen.org/snapshots/TIZEN/Tizen/Tizen-Base-Toolchain/reference/repos/standard/packages/armv7l/liblastlog2-2.41.2-1.12.armv7l.rpm ... 
[  299s] [54/112] downloading https://download.tizen.org/snapshots/TIZEN/Tizen/Tizen-Base-Toolchain/reference/repos/standard/packages/armv7l/libllvm-22.1.8-18.1.armv7l.rpm ... 
[  303s] [55/112] downloading https://download.tizen.org/snapshots/TIZEN/Tizen/Tizen-Base-Toolchain/reference/repos/standard/packages/armv7l/libltdl-2.5.4-1.14.armv7l.rpm ... 
[  304s] [56/112] downloading https://download.tizen.org/snapshots/TIZEN/Tizen/Tizen-Base-Toolchain/reference/repos/standard/packages/armv7l/liblua-5.1.5-1.13.armv7l.rpm ... 
[  305s] [57/112] downloading https://download.tizen.org/snapshots/TIZEN/Tizen/Tizen-Base-Toolchain/reference/repos/standard/packages/armv7l/liblzma-5.8.1-1.13.armv7l.rpm ... 
[  306s] [58/112] downloading https://download.tizen.org/snapshots/TIZEN/Tizen/Tizen-Base-Toolchain/reference/repos/standard/packages/armv7l/libmagic-5.46-1.12.armv7l.rpm ... 
[  308s] [59/112] downloading https://download.tizen.org/snapshots/TIZEN/Tizen/Tizen-Base-Toolchain/reference/repos/standard/packages/armv7l/libmagic-data-5.46-1.12.armv7l.rpm ... 
[  309s] [60/112] downloading https://download.tizen.org/snapshots/TIZEN/Tizen/Tizen-Base-Toolchain/reference/repos/standard/packages/armv7l/libmount-2.41.2-1.12.armv7l.rpm ... 
[  310s] [61/112] downloading https://download.tizen.org/snapshots/TIZEN/Tizen/Tizen-Base-Toolchain/reference/repos/standard/packages/armv7l/libncurses-6.6-1.14.armv7l.rpm ... 
[  311s] [62/112] downloading https://download.tizen.org/snapshots/TIZEN/Tizen/Tizen-Base-Toolchain/reference/repos/standard/packages/armv7l/libncurses6-6.6-1.14.armv7l.rpm ... 
[  314s] [63/112] downloading https://download.tizen.org/snapshots/TIZEN/Tizen/Tizen-Base-Toolchain/reference/repos/standard/packages/armv7l/libopenssl3-3.5.5-1.9.armv7l.rpm ... 
[  315s] [64/112] downloading https://download.tizen.org/snapshots/TIZEN/Tizen/Tizen-Base-Toolchain/reference/repos/standard/packages/armv7l/libpcre-8.45-1.13.armv7l.rpm ... 
[  317s] [65/112] downloading https://download.tizen.org/snapshots/TIZEN/Tizen/Tizen-Base-Toolchain/reference/repos/standard/packages/armv7l/libpopt-1.16-1.12.armv7l.rpm ... 
[  318s] [66/112] downloading https://download.tizen.org/snapshots/TIZEN/Tizen/Tizen-Base-Toolchain/reference/repos/standard/packages/armv7l/libpython3_141_0-3.14.2-2.7.armv7l.rpm ... 
[  320s] [67/112] downloading https://download.tizen.org/snapshots/TIZEN/Tizen/Tizen-Base-Toolchain/reference/repos/standard/packages/armv7l/libreadline-5.2-1.15.armv7l.rpm ... 
[  321s] [68/112] downloading https://download.tizen.org/snapshots/TIZEN/Tizen/Tizen-Base-Toolchain/reference/repos/standard/packages/armv7l/libsmack-1.3.1-1.12.armv7l.rpm ... 
[  322s] [69/112] downloading https://download.tizen.org/snapshots/TIZEN/Tizen/Tizen-Base-Toolchain/reference/repos/standard/packages/armv7l/libsmartcols-2.41.2-1.12.armv7l.rpm ... 
[  323s] [70/112] downloading https://download.tizen.org/snapshots/TIZEN/Tizen/Tizen-Base-Toolchain/reference/repos/standard/packages/armv7l/libsoftokn3-3.109-1.4.armv7l.rpm ... 
[  325s] [71/112] downloading https://download.tizen.org/snapshots/TIZEN/Tizen/Tizen-Base-Toolchain/reference/repos/standard/packages/armv7l/libsqlite-3.51.0-1.15.armv7l.rpm ... 
[  326s] [72/112] downloading https://download.tizen.org/snapshots/TIZEN/Tizen/Tizen-Base-Toolchain/reference/repos/standard/packages/armv7l/libstdc++-14.2.0-1.14.armv7l.rpm ... 
[  328s] [73/112] downloading https://download.tizen.org/snapshots/TIZEN/Tizen/Tizen-Base-Toolchain/reference/repos/standard/packages/armv7l/libstdc++-devel-14.2.0-1.14.armv7l.rpm ... 
[  330s] [74/112] downloading https://download.tizen.org/snapshots/TIZEN/Tizen/Tizen-Base-Toolchain/reference/repos/standard/packages/armv7l/libtool-2.5.4-1.14.armv7l.rpm ... 
[  331s] [75/112] downloading https://download.tizen.org/snapshots/TIZEN/Tizen/Tizen-Base-Toolchain/reference/repos/standard/packages/armv7l/libuuid-2.41.2-1.12.armv7l.rpm ... 
[  332s] [76/112] downloading https://download.tizen.org/snapshots/TIZEN/Tizen/Tizen-Base-Toolchain/reference/repos/standard/packages/armv7l/libxcrypt-4.4.36-1.14.armv7l.rpm ... 
[  334s] [77/112] downloading https://download.tizen.org/snapshots/TIZEN/Tizen/Tizen-Base-Toolchain/reference/repos/standard/packages/armv7l/libxcrypt-devel-4.4.36-1.14.armv7l.rpm ... 
[  335s] [78/112] downloading https://download.tizen.org/snapshots/TIZEN/Tizen/Tizen-Base-Toolchain/reference/repos/standard/packages/armv7l/libxml2-2.15.1-1.14.armv7l.rpm ... 
[  336s] [79/112] downloading https://download.tizen.org/snapshots/TIZEN/Tizen/Tizen-Base-Toolchain/reference/repos/standard/packages/armv7l/libzstd1-1.5.7-1.13.armv7l.rpm ... 
[  338s] [80/112] downloading https://download.tizen.org/snapshots/TIZEN/Tizen/Tizen-Base-Toolchain/reference/repos/standard/packages/armv7l/linux-glibc-devel-6.6-1.15.armv7l.rpm ... 
[  340s] [81/112] downloading https://download.tizen.org/snapshots/TIZEN/Tizen/Tizen-Base-Toolchain/reference/repos/standard/packages/armv7l/lldb-22.1.8-18.1.armv7l.rpm ... 
[  342s] [82/112] downloading https://download.tizen.org/snapshots/TIZEN/Tizen/Tizen-Base-Toolchain/reference/repos/standard/packages/armv7l/llvm-22.1.8-18.1.armv7l.rpm ... 
[  344s] [83/112] downloading https://download.tizen.org/snapshots/TIZEN/Tizen/Tizen-Base-Toolchain/reference/repos/standard/packages/armv7l/llvm-devel-22.1.8-18.1.armv7l.rpm ... 
[  346s] [84/112] downloading https://download.tizen.org/snapshots/TIZEN/Tizen/Tizen-Base-Toolchain/reference/repos/standard/packages/armv7l/m4-1.4.20-1.2.armv7l.rpm ... 
[  348s] [85/112] downloading https://download.tizen.org/snapshots/TIZEN/Tizen/Tizen-Base-Toolchain/reference/repos/standard/packages/armv7l/make-4.4.1-1.14.armv7l.rpm ... 
[  349s] [86/112] downloading https://download.tizen.org/snapshots/TIZEN/Tizen/Tizen-Base-Toolchain/reference/repos/standard/packages/armv7l/net-tools-2.0_20121208git-1.13.armv7l.rpm ... 
[  350s] [87/112] downloading https://download.tizen.org/snapshots/TIZEN/Tizen/Tizen-Base-Toolchain/reference/repos/standard/packages/armv7l/ninja-1.13.1-1.14.armv7l.rpm ... 
[  352s] [88/112] downloading https://download.tizen.org/snapshots/TIZEN/Tizen/Tizen-Base-Toolchain/reference/repos/standard/packages/armv7l/nspr-4.36-1.3.armv7l.rpm ... 
[  353s] [89/112] downloading https://download.tizen.org/snapshots/TIZEN/Tizen/Tizen-Base-Toolchain/reference/repos/standard/packages/armv7l/nss-3.109-1.4.armv7l.rpm ... 
[  355s] [90/112] downloading https://download.tizen.org/snapshots/TIZEN/Tizen/Tizen-Base-Toolchain/reference/repos/standard/packages/armv7l/nss-certs-3.109-1.4.armv7l.rpm ... 
[  356s] [91/112] downloading https://download.tizen.org/snapshots/TIZEN/Tizen/Tizen-Base-Toolchain/reference/repos/standard/packages/armv7l/pam-1.1.6-1.13.armv7l.rpm ... 
[  358s] [92/112] downloading https://download.tizen.org/snapshots/TIZEN/Tizen/Tizen-Base-Toolchain/reference/repos/standard/packages/armv7l/patch-2.8-1.12.armv7l.rpm ... 
[  359s] [93/112] downloading https://download.tizen.org/snapshots/TIZEN/Tizen/Tizen-Base-Toolchain/reference/repos/standard/packages/armv7l/perl-5.42.0-2.9.armv7l.rpm ... 
debug: my_system: sudo /bin/echo -n
[  362s] [94/112] downloading https://download.tizen.org/snapshots/TIZEN/Tizen/Tizen-Base-Toolchain/reference/repos/standard/packages/armv7l/pkg-config-0.29.2-1.15.armv7l.rpm ... 
[  363s] [95/112] downloading https://download.tizen.org/snapshots/TIZEN/Tizen/Tizen-Base-Toolchain/reference/repos/standard/packages/armv7l/python3-3.14.2-2.9.armv7l.rpm ... 
[  365s] [96/112] downloading https://download.tizen.org/snapshots/TIZEN/Tizen/Tizen-Base-Toolchain/reference/repos/standard/packages/armv7l/python3-base-3.14.2-2.7.armv7l.rpm ... 
[  368s] [97/112] downloading https://download.tizen.org/snapshots/TIZEN/Tizen/Tizen-Base-Toolchain/reference/repos/standard/packages/armv7l/qemu-accel-x86_64-armv7l-0.4-1.3.armv7l.rpm ... 
[  379s] [98/112] downloading https://download.tizen.org/snapshots/TIZEN/Tizen/Tizen-Base-Toolchain/reference/repos/standard/packages/armv7l/qemu-linux-user-x86_64-cross-9.2.3.1-3.3.armv7l.rpm ... 
[  383s] [99/112] downloading https://download.tizen.org/snapshots/TIZEN/Tizen/Tizen-Base-Toolchain/reference/repos/standard/packages/armv7l/rpm-4.14.1.1-2.8.armv7l.rpm ... 
[  384s] [100/112] downloading https://download.tizen.org/snapshots/TIZEN/Tizen/Tizen-Base-Toolchain/reference/repos/standard/packages/armv7l/rpm-build-4.14.1.1-2.8.armv7l.rpm ... 
[  386s] [101/112] downloading https://download.tizen.org/snapshots/TIZEN/Tizen/Tizen-Base-Toolchain/reference/repos/standard/packages/armv7l/sed-4.1c-1.11.armv7l.rpm ... 
[  387s] [102/112] downloading https://download.tizen.org/snapshots/TIZEN/Tizen/Tizen-Base-Toolchain/reference/repos/standard/packages/noarch/setup-0.9-1.3.noarch.rpm ... 
[  388s] [103/112] downloading https://download.tizen.org/snapshots/TIZEN/Tizen/Tizen-Base-Toolchain/reference/repos/standard/packages/armv7l/smack-1.3.1-1.12.armv7l.rpm ... 
[  389s] [104/112] downloading https://download.tizen.org/snapshots/TIZEN/Tizen/Tizen-Base-Toolchain/reference/repos/standard/packages/armv7l/tar-1.17-2.2.armv7l.rpm ... 
[  390s] [105/112] downloading https://download.tizen.org/snapshots/TIZEN/Tizen/Tizen-Base-Toolchain/reference/repos/standard/packages/armv7l/terminfo-base-full-6.6-1.14.armv7l.rpm ... 
[  392s] [106/112] downloading https://download.tizen.org/snapshots/TIZEN/Tizen/Tizen-Base-Toolchain/reference/repos/standard/packages/armv7l/tzdata-2025b-2.2.armv7l.rpm ... 
[  393s] [107/112] downloading https://download.tizen.org/snapshots/TIZEN/Tizen/Tizen-Base-Toolchain/reference/repos/standard/packages/armv7l/update-alternatives-1.22.21-2.2.armv7l.rpm ... 
[  394s] [108/112] downloading https://download.tizen.org/snapshots/TIZEN/Tizen/Tizen-Base-Toolchain/reference/repos/standard/packages/armv7l/util-linux-2.41.2-1.12.armv7l.rpm ... 
[  396s] [109/112] downloading https://download.tizen.org/snapshots/TIZEN/Tizen/Tizen-Base-Toolchain/reference/repos/standard/packages/armv7l/util-linux-su-2.41.2-1.12.armv7l.rpm ... 
[  397s] [110/112] downloading https://download.tizen.org/snapshots/TIZEN/Tizen/Tizen-Base-Toolchain/reference/repos/standard/packages/armv7l/which-2.17-2.2.armv7l.rpm ... 
[  398s] [111/112] downloading https://download.tizen.org/snapshots/TIZEN/Tizen/Tizen-Base-Toolchain/reference/repos/standard/packages/armv7l/xz-5.8.1-1.13.armv7l.rpm ... 
[  399s] [112/112] downloading https://download.tizen.org/snapshots/TIZEN/Tizen/Tizen-Base-Toolchain/reference/repos/standard/packages/armv7l/zlib-1.3.1-1.15.armv7l.rpm ... 
[  401s] 
[  401s] cycle: nss -> libsoftokn3
[  401s]   breaking dependency nss -> libsoftokn3
[  401s] [1/44] preinstalling libmagic-data...
[  401s] [2/44] preinstalling libncurses...
[  401s] [3/44] preinstalling setup...
[  401s] [4/44] preinstalling filesystem...
[  401s] [5/44] preinstalling glibc...
[  401s] [6/44] preinstalling libgcc...
[  401s] [7/44] preinstalling bash...
[  401s] [8/44] preinstalling diffutils...
[  401s] [9/44] preinstalling grep...
[  401s] [10/44] preinstalling libattr...
[  401s] [11/44] preinstalling libblkid...
[  401s] [12/44] preinstalling libbz2...
[  401s] [13/44] preinstalling libcap...
[  401s] [14/44] preinstalling libfreebl3...
[  401s] [15/44] preinstalling liblua...
[  401s] [16/44] preinstalling liblzma...
[  401s] [17/44] preinstalling libopenssl3...
[  401s] [18/44] preinstalling libpopt...
[  401s] [19/44] preinstalling libreadline...
[  401s] [20/44] preinstalling libsmack...
[  401s] [21/44] preinstalling libsqlite...
[  401s] [22/44] preinstalling libuuid...
[  401s] [23/44] preinstalling libxcrypt...
[  401s] [24/44] preinstalling libxml2...
[  401s] [25/44] preinstalling libzstd1...
[  401s] [26/44] preinstalling nspr...
[  401s] [27/44] preinstalling sed...
[  401s] [28/44] preinstalling zlib...
[  401s] [29/44] preinstalling clang-accel-x86_64-armv7l...
[  404s] [30/44] preinstalling qemu-accel-x86_64-armv7l...
[  408s] [31/44] preinstalling qemu-linux-user-x86_64-cross...
[  409s] [32/44] preinstalling coreutils...
[  409s] [33/44] preinstalling libacl...
[  409s] [34/44] preinstalling libelf...
[  409s] [35/44] preinstalling libmount...
[  409s] [36/44] preinstalling smack...
[  409s] [37/44] preinstalling bzip2...
[  409s] [38/44] preinstalling libmagic...
[  409s] [39/44] preinstalling tar...
[  409s] [40/44] preinstalling util-linux...
[  409s] [41/44] preinstalling rpm...
[  409s] [42/44] preinstalling util-linux-su...
[  409s] [43/44] preinstalling nss...
[  409s] [44/44] preinstalling libsoftokn3...
[  409s] 
[  409s] running qemu-linux-user-x86_64-cross postinstall script
[  410s] running qemu-accel-x86_64-armv7l postinstall script
[  410s] mv: cannot stat `/usr/lib/gcc/armv7l-tizen-linux-gnueabi/14.2.0/liblto_plugin.so': No such file or directory
[  410s] running clang-accel-x86_64-armv7l postinstall script
[  410s] running setup postinstall script
[  410s] chroot: failed to run command '/usr/bin/lua': No such file or directory
[  410s] initializing rpm db...
[  410s] reordering...cycle: glibc-devel -> libxcrypt-devel
[  410s]   breaking dependency libxcrypt-devel -> glibc-devel
[  410s] cycle: clang -> llvm
[  410s]   breaking dependency llvm -> clang
[  410s] cycle: clang -> llvm -> lldb
[  410s]   breaking dependency llvm -> lldb
[  410s] cycle: libsoftokn3 -> nss
[  410s]   breaking dependency nss -> libsoftokn3
[  410s] reordering done
[  410s] [1/112] cumulate libmagic-data-5.46-1.12
[  410s] [2/112] cumulate setup-0.9-1.3
[  410s] [3/112] cumulate filesystem-3.1-2.1
[  410s] [4/112] cumulate glibc-2.40-2.8
[  410s] [5/112] cumulate libatomic-14.2.0-1.14
[  410s] [6/112] cumulate libgcc-14.2.0-1.14
[  410s] [7/112] cumulate bash-3.2.57-1.2
[  410s] [8/112] cumulate cpio-2.8-1.3
[  410s] [9/112] cumulate diffutils-3.10-2.2
[  410s] [10/112] cumulate findutils-4.3.8-1.15
[  410s] [11/112] cumulate gdbm-1.8.3-1.15
[  410s] [12/112] cumulate hostname-3.23-1.3
[  410s] [13/112] cumulate libattr-2.5.1-1.15
[  410s] [14/112] cumulate libblkid-2.41.2-1.12
[  410s] [15/112] cumulate libbz2-1.0.8-1.15
[  410s] [16/112] cumulate libcap-2.73-1.13
[  410s] [17/112] cumulate libexpat-2.7.3-1.14
[  411s] [18/112] cumulate libffi-3.4.7-1.15
[  411s] [19/112] cumulate libfreebl3-3.109-1.4
[  411s] [20/112] cumulate libgfortran-14.2.0-1.14
[  411s] [21/112] cumulate libgomp-14.2.0-1.14
[  411s] [22/112] cumulate libitm-14.2.0-1.14
[  411s] [23/112] cumulate libltdl-2.5.4-1.14
[  411s] [24/112] cumulate liblua-5.1.5-1.13
[  411s] [25/112] cumulate liblzma-5.8.1-1.13
[  411s] [26/112] cumulate libopenssl3-3.5.5-1.9
[  411s] [27/112] cumulate libpcre-8.45-1.13
[  411s] [28/112] cumulate libpopt-1.16-1.12
[  411s] [29/112] cumulate libpython3_141_0-3.14.2-2.7
[  411s] [30/112] cumulate libsmack-1.3.1-1.12
[  411s] [31/112] cumulate libsmartcols-2.41.2-1.12
[  411s] [32/112] cumulate libsqlite-3.51.0-1.15
[  411s] [33/112] cumulate libstdc++-14.2.0-1.14
[  411s] [34/112] cumulate libuuid-2.41.2-1.12
[  411s] [35/112] cumulate libxcrypt-4.4.36-1.14
[  411s] [36/112] cumulate libxml2-2.15.1-1.14
[  411s] [37/112] cumulate libzstd1-1.5.7-1.13
[  411s] [38/112] cumulate m4-1.4.20-1.2
[  411s] [39/112] cumulate net-tools-2.0_20121208git-1.13
[  411s] [40/112] cumulate nspr-4.36-1.3
[  411s] [41/112] cumulate patch-2.8-1.12
[  411s] [42/112] cumulate pkg-config-0.29.2-1.15
[  411s] [43/112] cumulate sed-4.1c-1.11
[  411s] [44/112] cumulate update-alternatives-1.22.21-2.2
[  411s] [45/112] cumulate which-2.17-2.2
[  411s] [46/112] cumulate zlib-1.3.1-1.15
[  411s] [47/112] cumulate app-rootstrap-checker-1.0.0-2.1
[  411s] [48/112] cumulate build-compare-2023.06.18-1.4
[  411s] [49/112] cumulate clang-accel-x86_64-armv7l-0.4-1.3
[  411s] [50/112] cumulate hal-rootstrap-checker-1.0.0-4.1
[  411s] [51/112] cumulate libstdc++-devel-14.2.0-1.14
[  411s] [52/112] cumulate qemu-linux-user-x86_64-cross-9.2.3.1-3.3
[  411s] [53/112] cumulate cpp-14.2.0-1.14
[  411s] [54/112] cumulate gcc-c++-14.2.0-1.14
[  411s] [55/112] cumulate binutils-libs-2.43-2.9
[  411s] [56/112] cumulate coreutils-6.9-15.2
[  411s] [57/112] cumulate gawk-3.1.5-2.2
[  411s] [58/112] cumulate grep-2.5.2-1.13
[  411s] [59/112] cumulate libacl-2.3.2-1.14
[  411s] [60/112] cumulate libcc1-14.2.0-1.14
[  411s] [61/112] cumulate libelf-0.189-1.15
[  411s] [62/112] cumulate liblastlog2-2.41.2-1.12
[  411s] [63/112] cumulate libmount-2.41.2-1.12
[  411s] [64/112] cumulate make-4.4.1-1.14
[  411s] [65/112] cumulate ninja-1.13.1-1.14
[  411s] [66/112] cumulate nss-certs-3.109-1.4
[  411s] [67/112] cumulate smack-1.3.1-1.12
[  411s] [68/112] cumulate bzip2-1.0.8-1.15
[  411s] [69/112] cumulate libfdisk-2.41.2-1.12
[  411s] [70/112] cumulate libmagic-5.46-1.12
[  411s] [71/112] cumulate xz-5.8.1-1.13
[  411s] [72/112] cumulate libllvm-22.1.8-18.1
[  411s] [73/112] cumulate perl-5.42.0-2.9
[  411s] [74/112] cumulate build-mkbaselibs-20120927-1.1
[  411s] [75/112] cumulate linux-glibc-devel-6.6-1.15
[  411s] [76/112] cumulate terminfo-base-full-6.6-1.14
[  411s] [77/112] cumulate autoconf-2.71-2.9
[  411s] [78/112] cumulate glibc-locale-2.40-2.8
[  411s] [79/112] cumulate tar-1.17-2.2
[  411s] [80/112] cumulate binutils-2.43-2.9
[  411s] [81/112] cumulate file-5.46-1.12
[  411s] [82/112] cumulate gzip-1.3.12-1.13
[  411s] [83/112] cumulate pam-1.1.6-1.13
[  411s] [84/112] cumulate tzdata-2025b-2.2
[  411s] [85/112] cumulate libdw-0.189-1.15
[  411s] [86/112] cumulate gcc-14.2.0-1.14
[  411s] [87/112] cumulate libarchive-3.8.1-1.13
[  411s] [88/112] cumulate qemu-accel-x86_64-armv7l-0.4-1.3
[  411s] [89/112] cumulate automake-1.16.5-2.9
[  411s] [90/112] cumulate libasm-0.189-1.15
[  411s] [91/112] cumulate libncurses6-6.6-1.14
[  411s] [92/112] cumulate build-20120927-1.1
[  411s] [93/112] cumulate rpm-4.14.1.1-2.8
[  411s] [94/112] cumulate libncurses-6.6-1.14
[  411s] [95/112] cumulate less-685-2.2
[  411s] [96/112] cumulate libreadline-5.2-1.15
[  411s] [97/112] cumulate libtool-2.5.4-1.14
[  411s] [98/112] cumulate elfutils-0.189-1.15
[  411s] [99/112] cumulate cmake-3.31.2-1.14
[  411s] [100/112] cumulate python3-base-3.14.2-2.7
[  411s] [101/112] cumulate util-linux-2.41.2-1.12
[  411s] [102/112] cumulate python3-3.14.2-2.9
[  411s] [103/112] cumulate util-linux-su-2.41.2-1.12
[  411s] [104/112] cumulate libxcrypt-devel-4.4.36-1.14
[  411s] [105/112] cumulate nss-3.109-1.4
[  411s] [106/112] cumulate llvm-22.1.8-18.1
[  411s] [107/112] cumulate glibc-devel-2.40-2.8
[  411s] [108/112] cumulate clang-22.1.8-18.1
[  411s] [109/112] cumulate libsoftokn3-3.109-1.4
[  411s] [110/112] cumulate llvm-devel-22.1.8-18.1
[  411s] [111/112] cumulate lldb-22.1.8-18.1
[  411s] [112/112] cumulate rpm-build-4.14.1.1-2.8
[  411s] now installing cumulated packages
[  412s] Preparing...                          ########################################
[  412s] Updating / installing...
[  412s] setup-0.9-1.3                         ##############warning: /etc/profile created as /etc/profile.rpmnew
[  412s] ##########################
[  412s] filesystem-3.1-2.1                    ########################################
[  412s] libmagic-data-5.46-1.12               ########################################
[  412s] glibc-2.40-2.8                        ########################################
[  412s] libgcc-14.2.0-1.14                    ########################################
[  412s] bash-3.2.57-1.2                       ########################################
[  412s] zlib-1.3.1-1.15                       ########################################
[  412s] libstdc++-14.2.0-1.14                 ########################################
[  413s] coreutils-6.9-15.2                    ########################################
[  413s] liblzma-5.8.1-1.13                    ########################################
[  413s] libbz2-1.0.8-1.15                     ########################################
[  413s] libelf-0.189-1.15                     ########################################
[  413s] libdw-0.189-1.15                      ########################################
[  413s] libopenssl3-3.5.5-1.9                 ########################################
[  413s] libxcrypt-4.4.36-1.14                 ########################################
[  413s] libxml2-2.15.1-1.14                   ########################################
[  414s] libllvm-22.1.8-18.1                   ########################################
[  414s] libblkid-2.41.2-1.12                  ########################################
[  415s] libsqlite-3.51.0-1.15                 ########################################
[  416s] nspr-4.36-1.3                         ########################################
[  416s] pam-1.1.6-1.13                        ########################################
[  416s] libmagic-5.46-1.12                    ########################################
[  416s] gdbm-1.8.3-1.15                       ########################################
[  417s] perl-5.42.0-2.9                       ########################################
[  417s] libexpat-2.7.3-1.14                   ########################################
[  417s] libfreebl3-3.109-1.4                  ########################################
[  417s] libpopt-1.16-1.12                     ########################################
[  417s] libuuid-2.41.2-1.12                   ########################################
[  417s] build-mkbaselibs-20120927-1.1         ########################################
[  417s] linux-glibc-devel-6.6-1.15            ########################################
[  417s] terminfo-base-full-6.6-1.14           ########################################
[  417s] libncurses6-6.6-1.14                  ########################################
[  418s] libreadline-5.2-1.15                  ########################################
[  418s] clang-22.1.8-18.1                     ########################################
[  419s] lldb-22.1.8-18.1                      ########################################
[  419s] llvm-22.1.8-18.1                      ########################################
[  419s] libfdisk-2.41.2-1.12                  ########################################
[  420s] nss-certs-3.109-1.4                   ########################################
[  420s] libsoftokn3-3.109-1.4                 ########################################
[  420s] nss-3.109-1.4                         ########################################
[  420s] liblastlog2-2.41.2-1.12               ########################################
[  420s] libmount-2.41.2-1.12                  ########################################
[  420s] libasm-0.189-1.15                     ########################################
[  420s] bzip2-1.0.8-1.15                      ########################################
[  420s] xz-5.8.1-1.13                         ########################################
[  420s] gzip-1.3.12-1.13                      ########################################
[  420s] libcc1-14.2.0-1.14                    ########################################
[  420s] binutils-libs-2.43-2.9                ########################################
[  421s] binutils-2.43-2.9                     ########################################
[  421s] make-4.4.1-1.14                       ########################################
[  421s] findutils-4.3.8-1.15                  ########################################
[  421s] libattr-2.5.1-1.15                    ########################################
[  421s] libacl-2.3.2-1.14                     ########################################
[  421s] tar-1.17-2.2                          ########################################
[  421s] libarchive-3.8.1-1.13                 ########################################
[  421s] libcap-2.73-1.13                      ########################################
[  421s] libffi-3.4.7-1.15                     ########################################
[  421s] libgfortran-14.2.0-1.14               ########################################
[  421s] libgomp-14.2.0-1.14                   ########################################
[  421s] libitm-14.2.0-1.14                    ########################################
[  422s] libltdl-2.5.4-1.14                    ########################################
[  422s] liblua-5.1.5-1.13                     ########################################
[  422s] libpcre-8.45-1.13                     ########################################
[  422s] libpython3_141_0-3.14.2-2.7           ########################################
[  423s] python3-base-3.14.2-2.7               ########################################
[  423s] libsmack-1.3.1-1.12                   ########################################
[  423s] libsmartcols-2.41.2-1.12              ########################################
[  423s] libzstd1-1.5.7-1.13                   ########################################
[  423s] rpm-4.14.1.1-2.8                      ########################################
[  423s] m4-1.4.20-1.2                         ########################################
[  423s] autoconf-2.71-2.9                     ########################################
[  424s] automake-1.16.5-2.9                   ########################################
[  424s] patch-2.8-1.12                        ########################################
[  424s] pkg-config-0.29.2-1.15                ########################################
[  424s] libxcrypt-devel-4.4.36-1.14           ########################################
[  424s] glibc-devel-2.40-2.8                  ########################################
[  424s] sed-4.1c-1.11                         ########################################
[  424s] util-linux-2.41.2-1.12                ########################################
[  424s] libatomic-14.2.0-1.14                 ########################################
[  424s] libtool-2.5.4-1.14                    ########################################
[  424s] python3-3.14.2-2.9                    ########################################
[  424s] build-20120927-1.1                    ########################################
[  424s] libncurses-6.6-1.14                   ########################################
[  424s] libstdc++-devel-14.2.0-1.14           ########################################
[  424s] app-rootstrap-checker-1.0.0-2.1       ########################################
[  424s] build-compare-2023.06.18-1.4          ########################################
[  427s] clang-accel-x86_64-armv7l-0.4-1.3     ########################################
[  427s] hal-rootstrap-checker-1.0.0-4.1       ########################################
[  428s] qemu-linux-user-x86_64-cross-9.2.3.1-3########################################
[  429s] gcc-14.2.0-1.14                       ########################################
[  432s] qemu-accel-x86_64-armv7l-0.4-1.3      ########################################
[  432s] util-linux-su-2.41.2-1.12             ########################################
[  432s] rpm-build-4.14.1.1-2.8                ########################################
[  432s] smack-1.3.1-1.12                      ########################################
[  432s] grep-2.5.2-1.13                       ########################################
[  433s] cmake-3.31.2-1.14                     ########################################
[  433s] elfutils-0.189-1.15                   ########################################
[  433s] llvm-devel-22.1.8-18.1                ########################################
[  433s] less-685-2.2                          ########################################
[  433s] file-5.46-1.12                        ########################################
[  433s] glibc-locale-2.40-2.8                 ########################################
[  433s] tzdata-2025b-2.2                      ########################################
[  433s] ninja-1.13.1-1.14                     ########################################
[  434s] cpp-14.2.0-1.14                       ########################################
[  434s] gcc-c++-14.2.0-1.14                   ########################################
[  434s] gawk-3.1.5-2.2                        ########################################
[  434s] cpio-2.8-1.3                          ########################################
[  434s] diffutils-3.10-2.2                    ########################################
[  434s] hostname-3.23-1.3                     ########################################
[  434s] net-tools-2.0_20121208git-1.13        ########################################
[  434s] update-alternatives-1.22.21-2.2       ########################################
[  434s] which-2.17-2.2                        ########################################
[  435s] removing nis flags from /home/toolchain/development/libc++_replacement/tmp/GBS-ROOT/LIBCXX-2218-armv7l-20260805-r3b/local/BUILD-ROOTS/scratch.armv7l.0/etc/nsswitch.conf...
[  435s] now finalizing build dir...
[  436s] -----------------------------------------------------------------
[  436s] ----- building libcxx-runtimes.spec (user abuild)
[  436s] -----------------------------------------------------------------
[  436s] -----------------------------------------------------------------
[  436s] + exec rpmbuild --define '_srcdefattr (-,root,root)' --nosignature --target=armv7l-tizen-linux --define '_build_create_debug 1' -ba /home/abuild/rpmbuild/SOURCES/libcxx-runtimes.spec
[  436s] Building target platforms: armv7l-tizen-linux
[  436s] Building for target armv7l-tizen-linux
[  436s] Executing(%prep): /bin/sh -e /var/tmp/rpm-tmp.Kr4gZf
[  436s] + umask 022
[  436s] + cd /home/abuild/rpmbuild/BUILD
[  436s] + cd /home/abuild/rpmbuild/BUILD
[  436s] + rm -rf llvm-22.1.8
[  436s] + /bin/gzip -dc /home/abuild/rpmbuild/SOURCES/llvm-22.1.8.tar.gz
[  436s] + /bin/tar -xof -
[  446s] + STATUS=0
[  446s] + '[' 0 -ne 0 ']'
[  446s] + cd llvm-22.1.8
[  446s] + /bin/chmod -Rf a+rX,u+w,g-w,o-w .
[  446s] + cp /home/abuild/rpmbuild/SOURCES/libcxx-runtimes.manifest .
[  446s] + cp /home/abuild/rpmbuild/SOURCES/SOURCE_PROVENANCE .
[  446s] + exit 0
[  446s] Executing(%build): /bin/sh -e /var/tmp/rpm-tmp.scNpdp
[  446s] + umask 022
[  446s] + cd /home/abuild/rpmbuild/BUILD
[  446s] + CFLAGS='-Os -fstack-protector -Wno-unused-command-line-argument -Wno-error=unused-but-set-variable -Wno-error=unused-command-line-argument  -g2 -gdwarf-4 -pipe -Wall -Wp,-D_FORTIFY_SOURCE=2 -fexceptions -Wformat -Wformat-security -fmessage-length=0 -frecord-gcc-switches -march=armv7-a -mtune=cortex-a8 -mlittle-endian -mfpu=neon -mfloat-abi=softfp -mthumb -Wp,-D__SOFTFP__ -D_FILE_OFFSET_BITS=64 -g'
[  446s] + export CFLAGS
[  446s] + CXXFLAGS='-Os -fstack-protector -Wno-unused-command-line-argument -Wno-error=unused-but-set-variable -Wno-error=unused-command-line-argument  -g2 -gdwarf-4 -pipe -Wall -Wp,-D_FORTIFY_SOURCE=2 -fexceptions -Wformat -Wformat-security -fmessage-length=0 -frecord-gcc-switches -march=armv7-a -mtune=cortex-a8 -mlittle-endian -mfpu=neon -mfloat-abi=softfp -mthumb -Wp,-D__SOFTFP__ -D_FILE_OFFSET_BITS=64 -g'
[  446s] + export CXXFLAGS
[  446s] + LDFLAGS=-Wl,-z,relro,--as-needed,-O1,--hash-style=gnu
[  446s] + export LDFLAGS
[  446s] + cd llvm-22.1.8
[  446s] + ref=/usr/lib/rpm
[  446s] + mints=0
[  446s] + case $(uname -m) in
[  446s] ++ uname -m
[  446s] + for s in guess sub
[  446s] ++ find -maxdepth 8 -name config.guess
[  447s] + for c in '$(find -maxdepth 8 -name "config.$s")'
[  447s] + grep -q config-patches@ ./llvm/cmake/config.guess
[  447s] ++ tr -d $'\r'
[  447s] ++ sed -n '/^timestamp=/{s///;s/[-'\''"]//g;p;q;}' ./llvm/cmake/config.guess
[  447s] + timestamp=20240607
[  447s] + test -n 20240607
[  447s] + test 20240607 -ge 0
[  447s] + for s in guess sub
[  447s] ++ find -maxdepth 8 -name config.sub
[  447s] + export AR=llvm-ar RANLIB=llvm-ranlib
[  447s] + AR=llvm-ar
[  447s] + RANLIB=llvm-ranlib
[  447s] + export CC=armv7l-tizen-linux-gnueabi-clang CXX=armv7l-tizen-linux-gnueabi-clang++
[  447s] + CC=armv7l-tizen-linux-gnueabi-clang
[  447s] + CXX=armv7l-tizen-linux-gnueabi-clang++
[  447s] + export 'MAKEFLAGS+= -k'
[  447s] + MAKEFLAGS+=' -k'
[  447s] + mkdir -p build
[  447s] + cd build
[  447s] + cmake -G Ninja -DCMAKE_BUILD_TYPE=Release -DCMAKE_C_COMPILER=armv7l-tizen-linux-gnueabi-clang -DCMAKE_CXX_COMPILER=armv7l-tizen-linux-gnueabi-clang++ -DCMAKE_ASM_COMPILER=armv7l-tizen-linux-gnueabi-clang -DCMAKE_C_COMPILER_TARGET=armv7l-tizen-linux-gnueabi -DCMAKE_CXX_COMPILER_TARGET=armv7l-tizen-linux-gnueabi -DCMAKE_ASM_COMPILER_TARGET=armv7l-tizen-linux-gnueabi '-DCMAKE_C_FLAGS=-Os -fstack-protector -Wno-unused-command-line-argument -Wno-error=unused-but-set-variable -Wno-error=unused-command-line-argument  -g2 -gdwarf-4 -pipe -Wall -Wp,-D_FORTIFY_SOURCE=2 -fexceptions -Wformat -Wformat-security -fmessage-length=0 -frecord-gcc-switches -march=armv7-a -mtune=cortex-a8 -mlittle-endian -mfpu=neon -mfloat-abi=softfp -mthumb -Wp,-D__SOFTFP__ -D_FILE_OFFSET_BITS=64 -g --rtlib=libgcc' '-DCMAKE_CXX_FLAGS=-Os -fstack-protector -Wno-unused-command-line-argument -Wno-error=unused-but-set-variable -Wno-error=unused-command-line-argument  -g2 -gdwarf-4 -pipe -Wall -Wp,-D_FORTIFY_SOURCE=2 -fexceptions -Wformat -Wformat-security -fmessage-length=0 -frecord-gcc-switches -march=armv7-a -mtune=cortex-a8 -mlittle-endian -mfpu=neon -mfloat-abi=softfp -mthumb -Wp,-D__SOFTFP__ -D_FILE_OFFSET_BITS=64 -g --rtlib=libgcc' '-DCMAKE_ASM_FLAGS=-Os -fstack-protector -Wno-unused-command-line-argument -Wno-error=unused-but-set-variable -Wno-error=unused-command-line-argument  -g2 -gdwarf-4 -pipe -Wall -Wp,-D_FORTIFY_SOURCE=2 -fexceptions -Wformat -Wformat-security -fmessage-length=0 -frecord-gcc-switches -march=armv7-a -mtune=cortex-a8 -mlittle-endian -mfpu=neon -mfloat-abi=softfp -mthumb -Wp,-D__SOFTFP__ -D_FILE_OFFSET_BITS=64 -g' '-DCMAKE_SHARED_LINKER_FLAGS=-Wl,--version-script=/home/abuild/rpmbuild/SOURCES/libcxx-llvm22.map -Wl,-z,now --rtlib=libgcc' -DCMAKE_EXE_LINKER_FLAGS=--rtlib=libgcc -DCMAKE_INSTALL_PREFIX=/usr -DCMAKE_INSTALL_LIBDIR=lib -DLIBCXX_INSTALL_LIBRARY_DIR=lib -DLIBCXXABI_INSTALL_LIBRARY_DIR=lib '-DLLVM_ENABLE_RUNTIMES=libcxxabi;libcxx' -DLLVM_DEFAULT_TARGET_TRIPLE=armv7l-tizen-linux-gnueabi -DLLVM_INCLUDE_TESTS=OFF -DLIBCXX_ENABLE_SHARED=ON -DLIBCXX_ENABLE_STATIC=OFF -DLIBCXX_INSTALL_SHARED_LIBRARY=ON -DLIBCXX_INSTALL_STATIC_LIBRARY=OFF -DLIBCXX_CXX_ABI=libcxxabi -DLIBCXX_ENABLE_STATIC_ABI_LIBRARY=OFF -DLIBCXX_ENABLE_ABI_LINKER_SCRIPT=ON -DLIBCXX_USE_COMPILER_RT=OFF -DLIBCXXABI_ENABLE_SHARED=ON -DLIBCXXABI_ENABLE_STATIC=OFF -DLIBCXXABI_INSTALL_SHARED_LIBRARY=ON -DLIBCXXABI_INSTALL_STATIC_LIBRARY=OFF -DLIBCXXABI_USE_COMPILER_RT=OFF -DLIBCXXABI_USE_LLVM_UNWINDER=OFF -DLIBCXXABI_ENABLE_STATIC_UNWINDER=OFF -DLIBCXXABI_STATICALLY_LINK_UNWINDER_IN_SHARED_LIBRARY=OFF -DLIBCXXABI_STATICALLY_LINK_UNWINDER_IN_STATIC_LIBRARY=OFF -DLIBCXXABI_ENABLE_NEW_DELETE_DEFINITIONS=ON -DLIBCXX_INCLUDE_TESTS=OFF -DLIBCXXABI_INCLUDE_TESTS=OFF -DLIBCXX_INCLUDE_BENCHMARKS=OFF ../runtimes
[  447s] -- Performing standalone runtimes build.
[  447s] -- The C compiler identification is Clang 22.1.8
[  447s] -- The CXX compiler identification is Clang 22.1.8
[  447s] -- The ASM compiler identification is Clang with GNU-like command-line
[  447s] -- Found assembler: /bin/armv7l-tizen-linux-gnueabi-clang
[  447s] -- Detecting C compiler ABI info
[  448s] -- Detecting C compiler ABI info - done
[  448s] -- Check for working C compiler: /bin/armv7l-tizen-linux-gnueabi-clang - skipped
[  448s] -- Detecting C compile features
[  448s] -- Detecting C compile features - done
[  448s] -- Detecting CXX compiler ABI info
[  449s] -- Detecting CXX compiler ABI info - done
[  449s] -- Check for working CXX compiler: /bin/armv7l-tizen-linux-gnueabi-clang++ - skipped
[  449s] -- Detecting CXX compile features
[  449s] -- Detecting CXX compile features - done
[  449s] -- Could NOT find LLVM (missing: LLVM_DIR)
[  449s] -- Could NOT find Clang (missing: Clang_DIR)
[  449s] -- Performing Test CXX_SUPPORTS_UNWINDLIB_EQ_NONE_FLAG
[  449s] -- Performing Test CXX_SUPPORTS_UNWINDLIB_EQ_NONE_FLAG - Success
[  449s] -- Performing Test C_SUPPORTS_START_NO_UNUSED_ARGUMENTS
[  450s] -- Performing Test C_SUPPORTS_START_NO_UNUSED_ARGUMENTS - Success
[  450s] -- Performing Test CXX_SUPPORTS_NOSTDLIBXX_FLAG
[  450s] -- Performing Test CXX_SUPPORTS_NOSTDLIBXX_FLAG - Success
[  450s] -- Performing Test CXX_SUPPORTS_NOSTDINCXX_FLAG
[  450s] -- Performing Test CXX_SUPPORTS_NOSTDINCXX_FLAG - Success
[  450s] -- Linker detection: GNU ld
[  450s] -- Performing Test LLVM_USES_LIBSTDCXX
[  451s] -- Performing Test LLVM_USES_LIBSTDCXX - Failed
[  451s] -- Performing Test LLVM_DEFAULT_TO_GLIBCXX_USE_CXX11_ABI
[  451s] -- Performing Test LLVM_DEFAULT_TO_GLIBCXX_USE_CXX11_ABI - Failed
[  451s] -- Performing Test SUPPORTS_FVISIBILITY_INLINES_HIDDEN_FLAG
[  451s] -- Performing Test SUPPORTS_FVISIBILITY_INLINES_HIDDEN_FLAG - Success
[  451s] -- Performing Test CXX_SUPPORTS_SUGGEST_OVERRIDE_FLAG
[  452s] -- Performing Test CXX_SUPPORTS_SUGGEST_OVERRIDE_FLAG - Success
[  452s] -- Performing Test CXX_WSUGGEST_OVERRIDE_ALLOWS_ONLY_FINAL
[  452s] -- Performing Test CXX_WSUGGEST_OVERRIDE_ALLOWS_ONLY_FINAL - Success
[  452s] -- Performing Test C_WCOMMENT_ALLOWS_LINE_WRAP
[  452s] -- Performing Test C_WCOMMENT_ALLOWS_LINE_WRAP - Success
[  452s] -- Performing Test C_SUPPORTS_MISLEADING_INDENTATION_FLAG
[  453s] -- Performing Test C_SUPPORTS_MISLEADING_INDENTATION_FLAG - Success
[  453s] -- Performing Test CXX_SUPPORTS_MISLEADING_INDENTATION_FLAG
[  453s] -- Performing Test CXX_SUPPORTS_MISLEADING_INDENTATION_FLAG - Success
[  453s] -- Performing Test C_SUPPORTS_CTAD_MAYBE_UNSPPORTED_FLAG
[  453s] -- Performing Test C_SUPPORTS_CTAD_MAYBE_UNSPPORTED_FLAG - Success
[  453s] -- Performing Test CXX_SUPPORTS_CTAD_MAYBE_UNSPPORTED_FLAG
[  454s] -- Performing Test CXX_SUPPORTS_CTAD_MAYBE_UNSPPORTED_FLAG - Success
[  454s] -- Performing Test LINKER_SUPPORTS_COLOR_DIAGNOSTICS
[  454s] -- Performing Test LINKER_SUPPORTS_COLOR_DIAGNOSTICS - Failed
[  454s] -- Looking for os_signpost_interval_begin
[  454s] -- Looking for os_signpost_interval_begin - not found
[  454s] -- Looking for flock
[  454s] -- Looking for flock - found
[  456s] -- Found Python3: /bin/python3.14 (found version "3.14.2") found components: Interpreter
[  456s] -- LLVM host triple: armv7l-unknown-linux-gnueabi
[  456s] -- LLVM default target triple: armv7l-tizen-linux-gnueabi
[  456s] -- Using libc++abi testing configuration: /home/abuild/rpmbuild/BUILD/llvm-22.1.8/libcxxabi/test/configs/llvm-libc++abi-shared.cfg.in
[  456s] -- Looking for fopen in c
[  456s] -- Looking for fopen in c - not found
[  456s] -- Looking for __gcc_personality_v0 in gcc_s
[  457s] -- Looking for __gcc_personality_v0 in gcc_s - found
[  457s] -- Looking for __aeabi_uldivmod in gcc
[  457s] -- Looking for __aeabi_uldivmod in gcc - not found
[  457s] -- Performing Test C_SUPPORTS_COMMENT_LIB_PRAGMA
[  457s] -- Performing Test C_SUPPORTS_COMMENT_LIB_PRAGMA - Success
[  457s] -- Looking for dladdr in dl
[  458s] -- Looking for dladdr in dl - not found
[  458s] -- Looking for pthread_once in pthread
[  458s] -- Looking for pthread_once in pthread - not found
[  458s] -- Looking for __cxa_thread_atexit_impl in c
[  459s] -- Looking for __cxa_thread_atexit_impl in c - not found
[  459s] -- Performing Test CXX_SUPPORTS_FSTRICT_ALIASING_FLAG
[  459s] -- Performing Test CXX_SUPPORTS_FSTRICT_ALIASING_FLAG - Success
[  459s] -- Performing Test CXX_SUPPORTS_EHSC_FLAG
[  459s] -- Performing Test CXX_SUPPORTS_EHSC_FLAG - Failed
[  459s] -- Performing Test C_SUPPORTS_FUNWIND_TABLES_FLAG
[  460s] -- Performing Test C_SUPPORTS_FUNWIND_TABLES_FLAG - Failed
[  460s] -- Performing Test CXX_SUPPORTS_WALL_FLAG
[  460s] -- Performing Test CXX_SUPPORTS_WALL_FLAG - Success
[  460s] -- Performing Test CXX_SUPPORTS_WEXTRA_FLAG
[  460s] -- Performing Test CXX_SUPPORTS_WEXTRA_FLAG - Success
[  460s] -- Performing Test CXX_SUPPORTS_WNEWLINE_EOF_FLAG
[  461s] -- Performing Test CXX_SUPPORTS_WNEWLINE_EOF_FLAG - Success
[  461s] -- Performing Test CXX_SUPPORTS_WSHADOW_FLAG
[  461s] -- Performing Test CXX_SUPPORTS_WSHADOW_FLAG - Success
[  461s] -- Performing Test CXX_SUPPORTS_WWRITE_STRINGS_FLAG
[  461s] -- Performing Test CXX_SUPPORTS_WWRITE_STRINGS_FLAG - Success
[  461s] -- Performing Test CXX_SUPPORTS_WNO_UNUSED_PARAMETER_FLAG
[  462s] -- Performing Test CXX_SUPPORTS_WNO_UNUSED_PARAMETER_FLAG - Success
[  462s] -- Performing Test CXX_SUPPORTS_WNO_LONG_LONG_FLAG
[  462s] -- Performing Test CXX_SUPPORTS_WNO_LONG_LONG_FLAG - Success
[  462s] -- Performing Test CXX_SUPPORTS_WERROR_EQ_RETURN_TYPE_FLAG
[  463s] -- Performing Test CXX_SUPPORTS_WERROR_EQ_RETURN_TYPE_FLAG - Success
[  463s] -- Performing Test CXX_SUPPORTS_WEXTRA_SEMI_FLAG
[  463s] -- Performing Test CXX_SUPPORTS_WEXTRA_SEMI_FLAG - Success
[  463s] -- Performing Test CXX_SUPPORTS_WUNDEF_FLAG
[  464s] -- Performing Test CXX_SUPPORTS_WUNDEF_FLAG - Success
[  464s] -- Performing Test CXX_SUPPORTS_WUNUSED_TEMPLATE_FLAG
[  464s] -- Performing Test CXX_SUPPORTS_WUNUSED_TEMPLATE_FLAG - Success
[  464s] -- Performing Test CXX_SUPPORTS_WFORMAT_NONLITERAL_FLAG
[  465s] -- Performing Test CXX_SUPPORTS_WFORMAT_NONLITERAL_FLAG - Success
[  465s] -- Performing Test CXX_SUPPORTS_WZERO_LENGTH_ARRAY_FLAG
[  465s] -- Performing Test CXX_SUPPORTS_WZERO_LENGTH_ARRAY_FLAG - Success
[  465s] -- Performing Test CXX_SUPPORTS_WDEPRECATED_REDUNDANT_CONSTEXPR_STATIC_DEF_FLAG
[  466s] -- Performing Test CXX_SUPPORTS_WDEPRECATED_REDUNDANT_CONSTEXPR_STATIC_DEF_FLAG - Success
[  466s] -- Performing Test CXX_SUPPORTS_WNO_NULLABILITY_COMPLETENESS_FLAG
[  466s] -- Performing Test CXX_SUPPORTS_WNO_NULLABILITY_COMPLETENESS_FLAG - Success
[  466s] -- Performing Test CXX_SUPPORTS_WMISSING_PROTOTYPES_FLAG
[  466s] -- Performing Test CXX_SUPPORTS_WMISSING_PROTOTYPES_FLAG - Success
[  466s] -- Performing Test CXX_SUPPORTS_WNO_USER_DEFINED_LITERALS_FLAG
[  466s] -- Performing Test CXX_SUPPORTS_WNO_USER_DEFINED_LITERALS_FLAG - Success
[  466s] -- Performing Test CXX_SUPPORTS_WNO_COVERED_SWITCH_DEFAULT_FLAG
[  467s] -- Performing Test CXX_SUPPORTS_WNO_COVERED_SWITCH_DEFAULT_FLAG - Success
[  467s] -- Performing Test CXX_SUPPORTS_WNO_SUGGEST_OVERRIDE_FLAG
[  467s] -- Performing Test CXX_SUPPORTS_WNO_SUGGEST_OVERRIDE_FLAG - Success
[  467s] -- Performing Test CXX_SUPPORTS_WNO_ERROR_FLAG
[  467s] -- Performing Test CXX_SUPPORTS_WNO_ERROR_FLAG - Success
[  467s] -- Performing Test CXX_SUPPORTS_FSIZED_DEALLOCATION_FLAG
[  468s] -- Performing Test CXX_SUPPORTS_FSIZED_DEALLOCATION_FLAG - Success
[  468s] -- Using libc++ testing configuration: /home/abuild/rpmbuild/BUILD/llvm-22.1.8/libcxx/test/configs/llvm-libc++-shared.cfg.in
[  468s] -- Looking for __gcc_personality_v0 in gcc_s
[  468s] -- Looking for __gcc_personality_v0 in gcc_s - found
[  468s] -- Performing Test CXX_SUPPORTS_NOSTDLIBINC_FLAG
[  468s] -- Performing Test CXX_SUPPORTS_NOSTDLIBINC_FLAG - Success
[  468s] -- Performing Test CXX_SUPPORTS_NOLIBC_FLAG
[  469s] -- Performing Test CXX_SUPPORTS_NOLIBC_FLAG - Success
[  469s] -- Looking for __PICOLIBC__
[  469s] -- Looking for __PICOLIBC__ - not found
[  469s] -- Looking for pthread_create in pthread
[  469s] -- Looking for pthread_create in pthread - not found
[  469s] -- Looking for clock_gettime in rt
[  470s] -- Looking for clock_gettime in rt - not found
[  470s] -- Looking for __atomic_fetch_add_8 in atomic
[  470s] -- Looking for __atomic_fetch_add_8 in atomic - not found
[  470s] -- Performing Test CXX_SUPPORTS_FDEBUG_PREFIX_MAP_EQ_/HOME/ABUILD/RPMBUILD/BUILD/LLVM_22.1.8/BUILD/INCLUDE/CXX/V1_EQ_/HOME/ABUILD/RPMBUILD/BUILD/LLVM_22.1.8/LIBCXX/INCLUDE_FLAG
[  470s] -- Performing Test CXX_SUPPORTS_FDEBUG_PREFIX_MAP_EQ_/HOME/ABUILD/RPMBUILD/BUILD/LLVM_22.1.8/BUILD/INCLUDE/CXX/V1_EQ_/HOME/ABUILD/RPMBUILD/BUILD/LLVM_22.1.8/LIBCXX/INCLUDE_FLAG - Success
[  470s] -- Performing Test CXX_SUPPORTS_FALIGNED_ALLOCATION_FLAG
[  471s] -- Performing Test CXX_SUPPORTS_FALIGNED_ALLOCATION_FLAG - Success
[  471s] -- Performing Test CXX_SUPPORTS_FVISIBILITY_INLINES_HIDDEN_FLAG
[  471s] -- Performing Test CXX_SUPPORTS_FVISIBILITY_INLINES_HIDDEN_FLAG - Success
[  471s] -- Performing Test CXX_SUPPORTS_FVISIBILITY_EQ_HIDDEN_FLAG
[  472s] -- Performing Test CXX_SUPPORTS_FVISIBILITY_EQ_HIDDEN_FLAG - Success
[  472s] -- Configuring done (24.9s)
[  472s] -- Generating done (0.2s)
[  472s] -- Build files have been written to: /home/abuild/rpmbuild/BUILD/llvm-22.1.8/build
[  472s] + cmake --build . --target cxxabi cxx cxx_experimental -j40
[  472s] [1/1759] Copying CXX header __algorithm/adjacent_find.h
[  472s] [2/1759] Copying CXXABI header __cxxabi_config.h
[  472s] [3/1759] Copying CXXABI header cxxabi.h
[  472s] [4/1759] Copying CXX header __algorithm/all_of.h
[  472s] [5/1759] Copying CXX header __algorithm/any_of.h
[  472s] [6/1759] Copying CXX header __algorithm/binary_search.h
[  472s] [7/1759] Copying CXX header __algorithm/clamp.h
[  472s] [8/1759] Copying CXX header __algorithm/comp.h
[  472s] [9/1759] Copying CXX header __algorithm/comp_ref_type.h
[  472s] [10/1759] Copying CXX header __algorithm/copy.h
[  472s] [11/1759] Copying CXX header __algorithm/copy_backward.h
[  472s] [12/1759] Copying CXX header __algorithm/copy_if.h
[  472s] [13/1759] Copying CXX header __algorithm/copy_move_common.h
[  472s] [14/1759] Copying CXX header __algorithm/copy_n.h
[  472s] [15/1759] Copying CXX header __algorithm/count.h
[  472s] [16/1759] Copying CXX header __algorithm/count_if.h
[  472s] [17/1759] Copying CXX header __algorithm/equal.h
[  472s] [18/1759] Copying CXX header __algorithm/fill.h
[  472s] [19/1759] Copying CXX header __algorithm/find.h
[  472s] [20/1759] Copying CXX header __algorithm/find_if.h
[  472s] [21/1759] Copying CXX header __algorithm/find_if_not.h
[  472s] [22/1759] Copying CXX header __algorithm/for_each.h
[  472s] [23/1759] Copying CXX header __algorithm/for_each_n.h
[  472s] [24/1759] Copying CXX header __algorithm/equal_range.h
[  472s] [25/1759] Copying CXX header __algorithm/fill_n.h
[  472s] [26/1759] Copying CXX header __algorithm/find_end.h
[  472s] [27/1759] Copying CXX header __algorithm/find_first_of.h
[  472s] [28/1759] Copying CXX header __algorithm/find_segment_if.h
[  472s] [29/1759] Copying CXX header __algorithm/for_each_n_segment.h
[  472s] [30/1759] Copying CXX header __algorithm/for_each_segment.h
[  472s] [31/1759] Copying CXX header __algorithm/generate.h
[  472s] [32/1759] Copying CXX header __algorithm/generate_n.h
[  472s] [33/1759] Copying CXX header __algorithm/half_positive.h
[  472s] [34/1759] Copying CXX header __algorithm/in_found_result.h
[  472s] [35/1759] Copying CXX header __algorithm/in_fun_result.h
[  472s] [36/1759] Copying CXX header __algorithm/in_in_out_result.h
[  472s] [37/1759] Copying CXX header __algorithm/in_in_result.h
[  472s] [38/1759] Copying CXX header __algorithm/in_out_out_result.h
[  472s] [39/1759] Copying CXX header __algorithm/in_out_result.h
[  472s] [40/1759] Copying CXX header __algorithm/includes.h
[  472s] [41/1759] Copying CXX header __algorithm/inplace_merge.h
[  472s] [42/1759] Copying CXX header __algorithm/is_heap.h
[  472s] [43/1759] Copying CXX header __algorithm/is_heap_until.h
[  472s] [44/1759] Copying CXX header __algorithm/is_partitioned.h
[  472s] [45/1759] Copying CXX header __algorithm/is_sorted.h
[  472s] [46/1759] Copying CXX header __algorithm/is_permutation.h
[  472s] [47/1759] Copying CXX header __algorithm/is_sorted_until.h
[  472s] [48/1759] Copying CXX header __algorithm/iter_swap.h
[  472s] [49/1759] Copying CXX header __algorithm/iterator_operations.h
[  472s] [50/1759] Copying CXX header __algorithm/lexicographical_compare.h
[  472s] [51/1759] Copying CXX header __algorithm/lexicographical_compare_three_way.h
[  472s] [52/1759] Copying CXX header __algorithm/lower_bound.h
[  472s] [53/1759] Copying CXX header __algorithm/make_heap.h
[  472s] [54/1759] Copying CXX header __algorithm/make_projected.h
[  472s] [55/1759] Copying CXX header __algorithm/max.h
[  472s] [56/1759] Copying CXX header __algorithm/max_element.h
[  472s] [57/1759] Copying CXX header __algorithm/merge.h
[  472s] [58/1759] Copying CXX header __algorithm/min.h
[  472s] [59/1759] Copying CXX header __algorithm/min_element.h
[  472s] [60/1759] Copying CXX header __algorithm/min_max_result.h
[  472s] [61/1759] Copying CXX header __algorithm/minmax.h
[  472s] [62/1759] Copying CXX header __algorithm/mismatch.h
[  472s] [63/1759] Copying CXX header __algorithm/move_backward.h
[  472s] [64/1759] Copying CXX header __algorithm/minmax_element.h
[  472s] [65/1759] Copying CXX header __algorithm/move.h
[  472s] [66/1759] Copying CXX header __algorithm/next_permutation.h
[  472s] [67/1759] Copying CXX header __algorithm/none_of.h
[  472s] [68/1759] Copying CXX header __algorithm/nth_element.h
[  472s] [69/1759] Copying CXX header __algorithm/out_value_result.h
[  472s] [70/1759] Copying CXX header __algorithm/partial_sort.h
[  472s] [71/1759] Copying CXX header __algorithm/partial_sort_copy.h
[  472s] [72/1759] Copying CXX header __algorithm/partition.h
[  472s] [73/1759] Copying CXX header __algorithm/partition_copy.h
[  472s] [74/1759] Copying CXX header __algorithm/partition_point.h
[  472s] [75/1759] Copying CXX header __algorithm/prev_permutation.h
[  472s] [76/1759] Copying CXX header __algorithm/push_heap.h
[  472s] [77/1759] Copying CXX header __algorithm/radix_sort.h
[  472s] [78/1759] Copying CXX header __algorithm/ranges_adjacent_find.h
[  472s] [79/1759] Copying CXX header __algorithm/ranges_any_of.h
[  472s] [80/1759] Copying CXX header __algorithm/ranges_binary_search.h
[  472s] [81/1759] Copying CXX header __algorithm/pop_heap.h
[  472s] [82/1759] Copying CXX header __algorithm/pstl.h
[  472s] [83/1759] Copying CXX header __algorithm/ranges_all_of.h
[  472s] [84/1759] Copying CXX header __algorithm/ranges_clamp.h
[  472s] [85/1759] Copying CXX header __algorithm/ranges_contains.h
[  472s] [86/1759] Copying CXX header __algorithm/ranges_contains_subrange.h
[  472s] [87/1759] Copying CXX header __algorithm/ranges_copy.h
[  472s] [88/1759] Copying CXX header __algorithm/ranges_copy_backward.h
[  472s] [89/1759] Copying CXX header __algorithm/ranges_copy_if.h
[  472s] [90/1759] Copying CXX header __algorithm/ranges_copy_n.h
[  472s] [91/1759] Copying CXX header __algorithm/ranges_count.h
[  472s] [92/1759] Copying CXX header __algorithm/ranges_count_if.h
[  472s] [93/1759] Copying CXX header __algorithm/ranges_ends_with.h
[  472s] [94/1759] Copying CXX header __algorithm/ranges_equal_range.h
[  472s] [95/1759] Copying CXX header __algorithm/ranges_fill.h
[  472s] [96/1759] Copying CXX header __algorithm/ranges_fill_n.h
[  472s] [97/1759] Copying CXX header __algorithm/ranges_find_end.h
[  472s] [98/1759] Copying CXX header __algorithm/ranges_find_if_not.h
[  472s] [99/1759] Copying CXX header __algorithm/ranges_equal.h
[  472s] [100/1759] Copying CXX header __algorithm/ranges_find.h
[  472s] [101/1759] Copying CXX header __algorithm/ranges_find_first_of.h
[  472s] [102/1759] Copying CXX header __algorithm/ranges_find_if.h
[  472s] [103/1759] Copying CXX header __algorithm/ranges_find_last.h
[  472s] [104/1759] Copying CXX header __algorithm/ranges_fold.h
[  472s] [105/1759] Copying CXX header __algorithm/ranges_for_each.h
[  472s] [106/1759] Copying CXX header __algorithm/ranges_for_each_n.h
[  472s] [107/1759] Copying CXX header __algorithm/ranges_generate.h
[  472s] [108/1759] Copying CXX header __algorithm/ranges_generate_n.h
[  472s] [109/1759] Copying CXX header __algorithm/ranges_includes.h
[  472s] [110/1759] Copying CXX header __algorithm/ranges_inplace_merge.h
[  472s] [111/1759] Copying CXX header __algorithm/ranges_is_heap.h
[  472s] [112/1759] Copying CXX header __algorithm/ranges_is_heap_until.h
[  472s] [113/1759] Copying CXX header __algorithm/ranges_is_partitioned.h
[  472s] [114/1759] Copying CXX header __algorithm/ranges_is_permutation.h
[  472s] [115/1759] Copying CXX header __algorithm/ranges_is_sorted.h
[  472s] [116/1759] Copying CXX header __algorithm/ranges_iterator_concept.h
[  472s] [117/1759] Copying CXX header __algorithm/ranges_lexicographical_compare.h
[  472s] [118/1759] Copying CXX header __algorithm/ranges_make_heap.h
[  472s] [119/1759] Copying CXX header __algorithm/ranges_max_element.h
[  472s] [120/1759] Copying CXX header __algorithm/ranges_is_sorted_until.h
[  472s] [121/1759] Copying CXX header __algorithm/ranges_lower_bound.h
[  472s] [122/1759] Copying CXX header __algorithm/ranges_max.h
[  472s] [123/1759] Copying CXX header __algorithm/ranges_merge.h
[  472s] [124/1759] Copying CXX header __algorithm/ranges_min.h
[  472s] [125/1759] Copying CXX header __algorithm/ranges_minmax.h
[  472s] [126/1759] Copying CXX header __algorithm/ranges_minmax_element.h
[  472s] [127/1759] Copying CXX header __algorithm/ranges_mismatch.h
[  472s] [128/1759] Copying CXX header __algorithm/ranges_move.h
[  472s] [129/1759] Copying CXX header __algorithm/ranges_move_backward.h
[  472s] [130/1759] Copying CXX header __algorithm/ranges_next_permutation.h
[  472s] [131/1759] Copying CXX header __algorithm/ranges_none_of.h
[  472s] [132/1759] Copying CXX header __algorithm/ranges_nth_element.h
[  472s] [133/1759] Copying CXX header __algorithm/ranges_partial_sort.h
[  472s] [134/1759] Copying CXX header __algorithm/ranges_partial_sort_copy.h
[  472s] [135/1759] Copying CXX header __algorithm/ranges_partition.h
[  472s] [136/1759] Copying CXX header __algorithm/ranges_partition_point.h
[  472s] [137/1759] Copying CXX header __algorithm/ranges_pop_heap.h
[  472s] [138/1759] Copying CXX header __algorithm/ranges_remove_copy_if.h
[  472s] [139/1759] Copying CXX header __algorithm/ranges_min_element.h
[  472s] [140/1759] Copying CXX header __algorithm/ranges_partition_copy.h
[  472s] [141/1759] Copying CXX header __algorithm/ranges_prev_permutation.h
[  472s] [142/1759] Copying CXX header __algorithm/ranges_push_heap.h
[  472s] [143/1759] Copying CXX header __algorithm/ranges_remove_copy.h
[  472s] [144/1759] Copying CXX header __algorithm/ranges_remove_if.h
[  472s] [145/1759] Copying CXX header __algorithm/ranges_replace_copy_if.h
[  472s] [146/1759] Copying CXX header __algorithm/ranges_reverse.h
[  472s] [147/1759] Copying CXX header __algorithm/ranges_reverse_copy.h
[  472s] [148/1759] Copying CXX header __algorithm/ranges_rotate.h
[  472s] [149/1759] Copying CXX header __algorithm/ranges_sample.h
[  472s] [150/1759] Copying CXX header __algorithm/ranges_set_difference.h
[  472s] [151/1759] Copying CXX header __algorithm/ranges_replace.h
[  472s] [152/1759] Copying CXX header __algorithm/ranges_replace_copy.h
[  472s] [153/1759] Copying CXX header __algorithm/ranges_replace_if.h
[  472s] [154/1759] Copying CXX header __algorithm/ranges_rotate_copy.h
[  472s] [155/1759] Copying CXX header __algorithm/ranges_search.h
[  472s] [156/1759] Copying CXX header __algorithm/ranges_set_intersection.h
[  472s] [157/1759] Copying CXX header __algorithm/ranges_set_symmetric_difference.h
[  472s] [158/1759] Copying CXX header __algorithm/ranges_set_union.h
[  472s] [159/1759] Copying CXX header __algorithm/ranges_shuffle.h
[  472s] [160/1759] Copying CXX header __algorithm/ranges_sort.h
[  472s] [161/1759] Copying CXX header __algorithm/ranges_sort_heap.h
[  472s] [162/1759] Copying CXX header __algorithm/ranges_stable_partition.h
[  472s] [163/1759] Copying CXX header __algorithm/ranges_stable_sort.h
[  472s] [164/1759] Copying CXX header __algorithm/ranges_swap_ranges.h
[  472s] [165/1759] Copying CXX header __algorithm/ranges_transform.h
[  472s] [166/1759] Copying CXX header __algorithm/ranges_unique.h
[  472s] [167/1759] Copying CXX header __algorithm/ranges_upper_bound.h
[  472s] [168/1759] Copying CXX header __algorithm/remove.h
[  472s] [169/1759] Copying CXX header __algorithm/ranges_remove.h
[  472s] [170/1759] Copying CXX header __algorithm/ranges_search_n.h
[  472s] [171/1759] Copying CXX header __algorithm/ranges_starts_with.h
[  472s] [172/1759] Copying CXX header __algorithm/ranges_unique_copy.h
[  472s] [173/1759] Copying CXX header __algorithm/remove_copy.h
[  472s] [174/1759] Copying CXX header __algorithm/remove_copy_if.h
[  472s] [175/1759] Copying CXX header __algorithm/remove_if.h
[  472s] [176/1759] Copying CXX header __algorithm/replace.h
[  472s] [177/1759] Copying CXX header __algorithm/replace_copy.h
[  472s] [178/1759] Copying CXX header __algorithm/replace_copy_if.h
[  472s] [179/1759] Copying CXX header __algorithm/replace_if.h
[  472s] [180/1759] Copying CXX header __algorithm/reverse.h
[  472s] [181/1759] Copying CXX header __algorithm/rotate.h
[  472s] [182/1759] Copying CXX header __algorithm/rotate_copy.h
[  472s] [183/1759] Copying CXX header __algorithm/sample.h
[  472s] [184/1759] Copying CXX header __algorithm/search.h
[  472s] [185/1759] Copying CXX header __algorithm/search_n.h
[  472s] [186/1759] Copying CXX header __algorithm/set_difference.h
[  472s] [187/1759] Copying CXX header __algorithm/set_intersection.h
[  472s] [188/1759] Copying CXX header __algorithm/set_symmetric_difference.h
[  472s] [189/1759] Copying CXX header __algorithm/shift_right.h
[  472s] [190/1759] Copying CXX header __algorithm/simd_utils.h
[  472s] [191/1759] Copying CXX header __algorithm/reverse_copy.h
[  472s] [192/1759] Copying CXX header __algorithm/set_union.h
[  472s] [193/1759] Copying CXX header __algorithm/shift_left.h
[  472s] [194/1759] Copying CXX header __algorithm/shuffle.h
[  472s] [195/1759] Copying CXX header __algorithm/sift_down.h
[  472s] [196/1759] Copying CXX header __algorithm/sort.h
[  472s] [197/1759] Copying CXX header __algorithm/sort_heap.h
[  472s] [198/1759] Copying CXX header __algorithm/specialized_algorithms.h
[  472s] [199/1759] Copying CXX header __algorithm/stable_partition.h
[  472s] [200/1759] Copying CXX header __algorithm/swap_ranges.h
[  472s] [201/1759] Copying CXX header __algorithm/three_way_comp_ref_type.h
[  472s] [202/1759] Copying CXX header __algorithm/transform.h
[  472s] [203/1759] Copying CXX header __algorithm/uniform_random_bit_generator_adaptor.h
[  472s] [204/1759] Copying CXX header __algorithm/unwrap_iter.h
[  472s] [205/1759] Copying CXX header __algorithm/unwrap_range.h
[  472s] [206/1759] Copying CXX header __algorithm/upper_bound.h
[  472s] [207/1759] Copying CXX header __assert
[  472s] [208/1759] Copying CXX header __atomic/aliases.h
[  472s] [209/1759] Copying CXX header __algorithm/stable_sort.h
[  472s] [210/1759] Copying CXX header __algorithm/unique.h
[  472s] [211/1759] Copying CXX header __algorithm/unique_copy.h
[  472s] [212/1759] Copying CXX header __atomic/atomic.h
[  472s] [213/1759] Copying CXX header __atomic/atomic_flag.h
[  472s] [214/1759] Copying CXX header __atomic/atomic_init.h
[  472s] [215/1759] Copying CXX header __atomic/atomic_lock_free.h
[  472s] [216/1759] Copying CXX header __atomic/atomic_ref.h
[  472s] [217/1759] Copying CXX header __atomic/atomic_sync.h
[  472s] [218/1759] Copying CXX header __atomic/atomic_sync_timed.h
[  472s] [219/1759] Copying CXX header __atomic/atomic_waitable_traits.h
[  472s] [220/1759] Copying CXX header __atomic/check_memory_order.h
[  472s] [221/1759] Copying CXX header __atomic/contention_t.h
[  472s] [222/1759] Copying CXX header __atomic/fence.h
[  472s] [223/1759] Copying CXX header __atomic/floating_point_helper.h
[  472s] [224/1759] Copying CXX header __atomic/memory_order.h
[  472s] [225/1759] Copying CXX header __atomic/support/c11.h
[  472s] [226/1759] Copying CXX header __atomic/support/gcc.h
[  472s] [227/1759] Copying CXX header __atomic/is_always_lock_free.h
[  472s] [228/1759] Copying CXX header __atomic/kill_dependency.h
[  472s] [229/1759] Copying CXX header __atomic/support.h
[  472s] [230/1759] Copying CXX header __atomic/to_gcc_order.h
[  472s] [231/1759] Copying CXX header __bit/bit_cast.h
[  472s] [232/1759] Copying CXX header __bit/bit_ceil.h
[  472s] [233/1759] Copying CXX header __bit/bit_floor.h
[  472s] [234/1759] Copying CXX header __bit/bit_log2.h
[  472s] [235/1759] Copying CXX header __bit/bit_width.h
[  472s] [236/1759] Copying CXX header __bit/blsr.h
[  472s] [237/1759] Copying CXX header __bit/byteswap.h
[  472s] [238/1759] Copying CXX header __bit/countl.h
[  472s] [239/1759] Copying CXX header __bit/countr.h
[  472s] [240/1759] Copying CXX header __bit/endian.h
[  472s] [241/1759] Copying CXX header __bit/has_single_bit.h
[  472s] [242/1759] Copying CXX header __bit/invert_if.h
[  472s] [243/1759] Copying CXX header __bit/popcount.h
[  472s] [244/1759] Copying CXX header __bit_reference
[  472s] [245/1759] Copying CXX header __charconv/chars_format.h
[  472s] [246/1759] Copying CXX header __charconv/from_chars_floating_point.h
[  472s] [247/1759] Copying CXX header __charconv/from_chars_integral.h
[  472s] [248/1759] Copying CXX header __bit/rotate.h
[  472s] [249/1759] Copying CXX header __charconv/from_chars_result.h
[  472s] [250/1759] Copying CXX header __charconv/tables.h
[  472s] [251/1759] Copying CXX header __charconv/to_chars.h
[  472s] [252/1759] Copying CXX header __charconv/to_chars_base_10.h
[  472s] [253/1759] Copying CXX header __charconv/to_chars_floating_point.h
[  472s] [254/1759] Copying CXX header __charconv/to_chars_integral.h
[  472s] [255/1759] Copying CXX header __charconv/to_chars_result.h
[  472s] [256/1759] Copying CXX header __charconv/traits.h
[  472s] [257/1759] Copying CXX header __chrono/calendar.h
[  472s] [258/1759] Copying CXX header __chrono/concepts.h
[  472s] [259/1759] Copying CXX header __chrono/convert_to_timespec.h
[  472s] [260/1759] Copying CXX header __chrono/convert_to_tm.h
[  472s] [261/1759] Copying CXX header __chrono/day.h
[  472s] [262/1759] Copying CXX header __chrono/duration.h
[  472s] [263/1759] Copying CXX header __chrono/exception.h
[  472s] [264/1759] Copying CXX header __chrono/file_clock.h
[  472s] [265/1759] Copying CXX header __chrono/hh_mm_ss.h
[  472s] [266/1759] Copying CXX header __chrono/high_resolution_clock.h
[  472s] [267/1759] Copying CXX header __chrono/is_clock.h
[  472s] [268/1759] Copying CXX header __chrono/formatter.h
[  472s] [269/1759] Copying CXX header __chrono/gps_clock.h
[  472s] [270/1759] Copying CXX header __chrono/leap_second.h
[  472s] [271/1759] Copying CXX header __chrono/literals.h
[  472s] [272/1759] Copying CXX header __chrono/local_info.h
[  472s] [273/1759] Copying CXX header __chrono/month.h
[  472s] [274/1759] Copying CXX header __chrono/month_weekday.h
[  472s] [275/1759] Copying CXX header __chrono/monthday.h
[  472s] [276/1759] Copying CXX header __chrono/ostream.h
[  472s] [277/1759] Copying CXX header __chrono/parser_std_format_spec.h
[  472s] [278/1759] Copying CXX header __chrono/statically_widen.h
[  472s] [279/1759] Copying CXX header __chrono/steady_clock.h
[  472s] [280/1759] Copying CXX header __chrono/sys_info.h
[  472s] [281/1759] Copying CXX header __chrono/tai_clock.h
[  472s] [282/1759] Copying CXX header __chrono/time_point.h
[  472s] [283/1759] Copying CXX header __chrono/time_zone.h
[  472s] [284/1759] Copying CXX header __chrono/time_zone_link.h
[  472s] [285/1759] Copying CXX header __chrono/tzdb.h
[  472s] [286/1759] Copying CXX header __chrono/tzdb_list.h
[  472s] [287/1759] Copying CXX header __chrono/utc_clock.h
[  472s] [288/1759] Copying CXX header __chrono/weekday.h
[  472s] [289/1759] Copying CXX header __chrono/system_clock.h
[  472s] [290/1759] Copying CXX header __chrono/year.h
[  472s] [291/1759] Copying CXX header __chrono/year_month.h
[  472s] [292/1759] Copying CXX header __chrono/year_month_day.h
[  472s] [293/1759] Copying CXX header __chrono/year_month_weekday.h
[  472s] [294/1759] Copying CXX header __chrono/zoned_time.h
[  472s] [295/1759] Copying CXX header __compare/common_comparison_category.h
[  472s] [296/1759] Copying CXX header __compare/compare_partial_order_fallback.h
[  472s] [297/1759] Copying CXX header __compare/compare_strong_order_fallback.h
[  472s] [298/1759] Copying CXX header __compare/compare_three_way.h
[  472s] [299/1759] Copying CXX header __compare/compare_three_way_result.h
[  472s] [300/1759] Copying CXX header __compare/compare_weak_order_fallback.h
[  472s] [301/1759] Copying CXX header __compare/is_eq.h
[  472s] [302/1759] Copying CXX header __compare/ordering.h
[  472s] [303/1759] Copying CXX header __compare/partial_order.h
[  472s] [304/1759] Copying CXX header __compare/strong_order.h
[  472s] [305/1759] Copying CXX header __compare/synth_three_way.h
[  472s] [306/1759] Copying CXX header __compare/three_way_comparable.h
[  472s] [307/1759] Copying CXX header __compare/weak_order.h
[  472s] [308/1759] Copying CXX header __concepts/arithmetic.h
[  472s] [309/1759] Copying CXX header __concepts/assignable.h
[  472s] [310/1759] Copying CXX header __concepts/class_or_enum.h
[  472s] [311/1759] Copying CXX header __concepts/boolean_testable.h
[  472s] [312/1759] Copying CXX header __concepts/common_reference_with.h
[  472s] [313/1759] Copying CXX header __concepts/common_with.h
[  472s] [314/1759] Copying CXX header __concepts/comparison_common_type.h
[  472s] [315/1759] Copying CXX header __concepts/constructible.h
[  472s] [316/1759] Copying CXX header __concepts/convertible_to.h
[  472s] [317/1759] Copying CXX header __concepts/copyable.h
[  472s] [318/1759] Copying CXX header __concepts/derived_from.h
[  472s] [319/1759] Copying CXX header __concepts/destructible.h
[  472s] [320/1759] Copying CXX header __concepts/different_from.h
[  472s] [321/1759] Copying CXX header __concepts/equality_comparable.h
[  472s] [322/1759] Copying CXX header __concepts/invocable.h
[  472s] [323/1759] Copying CXX header __concepts/movable.h
[  472s] [324/1759] Copying CXX header __concepts/predicate.h
[  472s] [325/1759] Copying CXX header __concepts/regular.h
[  472s] [326/1759] Copying CXX header __concepts/relation.h
[  472s] [327/1759] Copying CXX header __concepts/same_as.h
[  472s] [328/1759] Copying CXX header __concepts/semiregular.h
[  472s] [329/1759] Copying CXX header __concepts/swappable.h
[  472s] [330/1759] Copying CXX header __concepts/totally_ordered.h
[  472s] [331/1759] Copying CXX header __configuration/availability.h
[  472s] [332/1759] Copying CXX header __condition_variable/condition_variable.h
[  472s] [333/1759] Copying CXX header __config
[  472s] [334/1759] Copying CXX header __configuration/abi.h
[  472s] [335/1759] Copying CXX header __configuration/compiler.h
[  472s] [336/1759] Copying CXX header __configuration/experimental.h
[  472s] [337/1759] Copying CXX header __configuration/hardening.h
[  472s] [338/1759] Copying CXX header __configuration/language.h
[  472s] [339/1759] Copying CXX header __configuration/platform.h
[  472s] [340/1759] Copying CXX header __coroutine/coroutine_handle.h
[  472s] [341/1759] Copying CXX header __coroutine/coroutine_traits.h
[  472s] [342/1759] Copying CXX header __coroutine/noop_coroutine_handle.h
[  472s] [343/1759] Copying CXX header __coroutine/trivial_awaitables.h
[  472s] [344/1759] Copying CXX header __cstddef/byte.h
[  472s] [345/1759] Copying CXX header __cstddef/max_align_t.h
[  472s] [346/1759] Copying CXX header __cstddef/nullptr_t.h
[  472s] [347/1759] Copying CXX header __cstddef/ptrdiff_t.h
[  472s] [348/1759] Copying CXX header __cstddef/size_t.h
[  472s] [349/1759] Copying CXX header __cxx03/__algorithm/adjacent_find.h
[  472s] [350/1759] Copying CXX header __cxx03/__algorithm/all_of.h
[  472s] [351/1759] Copying CXX header __cxx03/__algorithm/any_of.h
[  472s] [352/1759] Copying CXX header __cxx03/__algorithm/binary_search.h
[  472s] [353/1759] Copying CXX header __cxx03/__algorithm/comp.h
[  472s] [354/1759] Copying CXX header __cxx03/__algorithm/comp_ref_type.h
[  472s] [355/1759] Copying CXX header __cxx03/__algorithm/copy.h
[  472s] [356/1759] Copying CXX header __cxx03/__algorithm/copy_backward.h
[  472s] [357/1759] Copying CXX header __cxx03/__algorithm/copy_if.h
[  472s] [358/1759] Copying CXX header __cxx03/__algorithm/copy_move_common.h
[  472s] [359/1759] Copying CXX header __cxx03/__algorithm/copy_n.h
[  472s] [360/1759] Copying CXX header __cxx03/__algorithm/count.h
[  472s] [361/1759] Copying CXX header __cxx03/__algorithm/count_if.h
[  472s] [362/1759] Copying CXX header __cxx03/__algorithm/equal.h
[  472s] [363/1759] Copying CXX header __cxx03/__algorithm/equal_range.h
[  472s] [364/1759] Copying CXX header __cxx03/__algorithm/fill.h
[  472s] [365/1759] Copying CXX header __cxx03/__algorithm/fill_n.h
[  472s] [366/1759] Copying CXX header __cxx03/__algorithm/find.h
[  472s] [367/1759] Copying CXX header __cxx03/__algorithm/find_end.h
[  472s] [368/1759] Copying CXX header __cxx03/__algorithm/find_first_of.h
[  472s] [369/1759] Copying CXX header __cxx03/__algorithm/find_if.h
[  472s] [370/1759] Copying CXX header __cxx03/__algorithm/find_if_not.h
[  472s] [371/1759] Copying CXX header __cxx03/__algorithm/find_segment_if.h
[  472s] [372/1759] Copying CXX header __cxx03/__algorithm/for_each.h
[  472s] [373/1759] Copying CXX header __cxx03/__algorithm/for_each_segment.h
[  472s] [374/1759] Copying CXX header __cxx03/__algorithm/generate.h
[  472s] [375/1759] Copying CXX header __cxx03/__algorithm/half_positive.h
[  472s] [376/1759] Copying CXX header __cxx03/__algorithm/inplace_merge.h
[  472s] [377/1759] Copying CXX header __cxx03/__algorithm/is_heap.h
[  472s] [378/1759] Copying CXX header __cxx03/__algorithm/is_heap_until.h
[  472s] [379/1759] Copying CXX header __cxx03/__algorithm/generate_n.h
[  472s] [380/1759] Copying CXX header __cxx03/__algorithm/includes.h
[  472s] [381/1759] Copying CXX header __cxx03/__algorithm/is_partitioned.h
[  472s] [382/1759] Copying CXX header __cxx03/__algorithm/is_permutation.h
[  472s] [383/1759] Copying CXX header __cxx03/__algorithm/is_sorted.h
[  472s] [384/1759] Copying CXX header __cxx03/__algorithm/is_sorted_until.h
[  472s] [385/1759] Copying CXX header __cxx03/__algorithm/iter_swap.h
[  472s] [386/1759] Copying CXX header __cxx03/__algorithm/iterator_operations.h
[  472s] [387/1759] Copying CXX header __cxx03/__algorithm/lexicographical_compare.h
[  472s] [388/1759] Copying CXX header __cxx03/__algorithm/lower_bound.h
[  472s] [389/1759] Copying CXX header __cxx03/__algorithm/make_heap.h
[  472s] [390/1759] Copying CXX header __cxx03/__algorithm/make_projected.h
[  472s] [391/1759] Copying CXX header __cxx03/__algorithm/max.h
[  472s] [392/1759] Copying CXX header __cxx03/__algorithm/max_element.h
[  472s] [393/1759] Copying CXX header __cxx03/__algorithm/merge.h
[  472s] [394/1759] Copying CXX header __cxx03/__algorithm/min.h
[  472s] [395/1759] Copying CXX header __cxx03/__algorithm/min_element.h
[  472s] [396/1759] Copying CXX header __cxx03/__algorithm/minmax.h
[  472s] [397/1759] Copying CXX header __cxx03/__algorithm/minmax_element.h
[  472s] [398/1759] Copying CXX header __cxx03/__algorithm/mismatch.h
[  472s] [399/1759] Copying CXX header __cxx03/__algorithm/none_of.h
[  472s] [400/1759] Copying CXX header __cxx03/__algorithm/move.h
[  472s] [401/1759] Copying CXX header __cxx03/__algorithm/move_backward.h
[  472s] [402/1759] Copying CXX header __cxx03/__algorithm/next_permutation.h
[  472s] [403/1759] Copying CXX header __cxx03/__algorithm/nth_element.h
[  472s] [404/1759] Copying CXX header __cxx03/__algorithm/partial_sort.h
[  472s] [405/1759] Copying CXX header __cxx03/__algorithm/partial_sort_copy.h
[  472s] [406/1759] Copying CXX header __cxx03/__algorithm/partition.h
[  472s] [407/1759] Copying CXX header __cxx03/__algorithm/partition_point.h
[  472s] [408/1759] Copying CXX header __cxx03/__algorithm/pop_heap.h
[  472s] [409/1759] Copying CXX header __cxx03/__algorithm/prev_permutation.h
[  472s] [410/1759] Copying CXX header __cxx03/__algorithm/push_heap.h
[  472s] [411/1759] Copying CXX header __cxx03/__algorithm/remove.h
[  472s] [412/1759] Copying CXX header __cxx03/__algorithm/remove_copy.h
[  472s] [413/1759] Copying CXX header __cxx03/__algorithm/remove_copy_if.h
[  472s] [414/1759] Copying CXX header __cxx03/__algorithm/remove_if.h
[  472s] [415/1759] Copying CXX header __cxx03/__algorithm/replace.h
[  472s] [416/1759] Copying CXX header __cxx03/__algorithm/replace_copy.h
[  472s] [417/1759] Copying CXX header __cxx03/__algorithm/replace_copy_if.h
[  472s] [418/1759] Copying CXX header __cxx03/__algorithm/replace_if.h
[  472s] [419/1759] Copying CXX header __cxx03/__algorithm/partition_copy.h
[  472s] [420/1759] Copying CXX header __cxx03/__algorithm/reverse.h
[  472s] [421/1759] Copying CXX header __cxx03/__algorithm/reverse_copy.h
[  472s] [422/1759] Copying CXX header __cxx03/__algorithm/rotate.h
[  472s] [423/1759] Copying CXX header __cxx03/__algorithm/rotate_copy.h
[  472s] [424/1759] Copying CXX header __cxx03/__algorithm/search.h
[  472s] [425/1759] Copying CXX header __cxx03/__algorithm/search_n.h
[  472s] [426/1759] Copying CXX header __cxx03/__algorithm/set_difference.h
[  472s] [427/1759] Copying CXX header __cxx03/__algorithm/set_intersection.h
[  472s] [428/1759] Copying CXX header __cxx03/__algorithm/set_symmetric_difference.h
[  472s] [429/1759] Copying CXX header __cxx03/__algorithm/set_union.h
[  472s] [430/1759] Copying CXX header __cxx03/__algorithm/shuffle.h
[  472s] [431/1759] Copying CXX header __cxx03/__algorithm/sift_down.h
[  472s] [432/1759] Copying CXX header __cxx03/__algorithm/simd_utils.h
[  472s] [433/1759] Copying CXX header __cxx03/__algorithm/sort.h
[  472s] [434/1759] Copying CXX header __cxx03/__algorithm/sort_heap.h
[  472s] [435/1759] Copying CXX header __cxx03/__algorithm/stable_partition.h
[  472s] [436/1759] Copying CXX header __cxx03/__algorithm/stable_sort.h
[  472s] [437/1759] Copying CXX header __cxx03/__algorithm/swap_ranges.h
[  472s] [438/1759] Copying CXX header __cxx03/__algorithm/three_way_comp_ref_type.h
[  472s] [439/1759] Copying CXX header __cxx03/__algorithm/transform.h
[  472s] [440/1759] Copying CXX header __cxx03/__algorithm/uniform_random_bit_generator_adaptor.h
[  472s] [441/1759] Copying CXX header __cxx03/__algorithm/unique.h
[  472s] [442/1759] Copying CXX header __cxx03/__algorithm/unique_copy.h
[  472s] [443/1759] Copying CXX header __cxx03/__algorithm/unwrap_iter.h
[  472s] [444/1759] Copying CXX header __cxx03/__algorithm/unwrap_range.h
[  472s] [445/1759] Copying CXX header __cxx03/__algorithm/upper_bound.h
[  472s] [446/1759] Copying CXX header __cxx03/__assert
[  472s] [447/1759] Copying CXX header __cxx03/__atomic/aliases.h
[  472s] [448/1759] Copying CXX header __cxx03/__atomic/atomic.h
[  472s] [449/1759] Copying CXX header __cxx03/__atomic/atomic_base.h
[  472s] [450/1759] Copying CXX header __cxx03/__atomic/atomic_flag.h
[  472s] [451/1759] Copying CXX header __cxx03/__atomic/atomic_init.h
[  472s] [452/1759] Copying CXX header __cxx03/__atomic/atomic_lock_free.h
[  472s] [453/1759] Copying CXX header __cxx03/__atomic/atomic_sync.h
[  472s] [454/1759] Copying CXX header __cxx03/__atomic/check_memory_order.h
[  472s] [455/1759] Copying CXX header __cxx03/__atomic/contention_t.h
[  472s] [456/1759] Copying CXX header __cxx03/__atomic/cxx_atomic_impl.h
[  472s] [457/1759] Copying CXX header __cxx03/__atomic/fence.h
[  472s] [458/1759] Copying CXX header __cxx03/__atomic/is_always_lock_free.h
[  472s] [459/1759] Copying CXX header __cxx03/__atomic/kill_dependency.h
[  472s] [460/1759] Copying CXX header __cxx03/__atomic/memory_order.h
[  472s] [461/1759] Copying CXX header __cxx03/__atomic/to_gcc_order.h
[  472s] [462/1759] Copying CXX header __cxx03/__bit/blsr.h
[  472s] [463/1759] Copying CXX header __cxx03/__bit/countl.h
[  472s] [464/1759] Copying CXX header __cxx03/__bit/countr.h
[  472s] [465/1759] Copying CXX header __cxx03/__bit/invert_if.h
[  472s] [466/1759] Copying CXX header __cxx03/__bit/popcount.h
[  472s] [467/1759] Copying CXX header __cxx03/__bit/rotate.h
[  472s] [468/1759] Copying CXX header __cxx03/__bit_reference
[  472s] [469/1759] Copying CXX header __cxx03/__chrono/convert_to_timespec.h
[  472s] [470/1759] Copying CXX header __cxx03/__chrono/duration.h
[  472s] [471/1759] Copying CXX header __cxx03/__chrono/high_resolution_clock.h
[  472s] [472/1759] Copying CXX header __cxx03/__chrono/steady_clock.h
[  472s] [473/1759] Copying CXX header __cxx03/__chrono/system_clock.h
[  472s] [474/1759] Copying CXX header __cxx03/__chrono/time_point.h
[  472s] [475/1759] Copying CXX header __cxx03/__condition_variable/condition_variable.h
[  472s] [476/1759] Copying CXX header __cxx03/__config
[  472s] [477/1759] Copying CXX header __cxx03/__configuration/abi.h
[  472s] [478/1759] Copying CXX header __cxx03/__configuration/availability.h
[  472s] [479/1759] Copying CXX header __cxx03/__configuration/compiler.h
[  472s] [480/1759] Copying CXX header __cxx03/__configuration/config_site_shim.h
[  472s] [481/1759] Copying CXX header __cxx03/__configuration/language.h
[  472s] [482/1759] Copying CXX header __cxx03/__configuration/platform.h
[  472s] [483/1759] Copying CXX header __cxx03/__debug_utils/randomize_range.h
[  472s] [484/1759] Copying CXX header __cxx03/__debug_utils/sanitizers.h
[  472s] [485/1759] Copying CXX header __cxx03/__debug_utils/strict_weak_ordering_check.h
[  472s] [486/1759] Copying CXX header __cxx03/__exception/exception.h
[  472s] [487/1759] Copying CXX header __cxx03/__exception/exception_ptr.h
[  472s] [488/1759] Copying CXX header __cxx03/__exception/nested_exception.h
[  472s] [489/1759] Copying CXX header __cxx03/__functional/binary_function.h
[  472s] [490/1759] Copying CXX header __cxx03/__exception/operations.h
[  472s] [491/1759] Copying CXX header __cxx03/__exception/terminate.h
[  472s] [492/1759] Copying CXX header __cxx03/__functional/binary_negate.h
[  472s] [493/1759] Copying CXX header __cxx03/__functional/bind.h
[  472s] [494/1759] Copying CXX header __cxx03/__functional/binder1st.h
[  472s] [495/1759] Copying CXX header __cxx03/__functional/binder2nd.h
[  472s] [496/1759] Copying CXX header __cxx03/__functional/hash.h
[  472s] [497/1759] Copying CXX header __cxx03/__functional/identity.h
[  472s] [498/1759] Copying CXX header __cxx03/__functional/mem_fn.h
[  472s] [499/1759] Copying CXX header __cxx03/__functional/mem_fun_ref.h
[  472s] [500/1759] Copying CXX header __cxx03/__functional/operations.h
[  472s] [501/1759] Copying CXX header __cxx03/__functional/pointer_to_binary_function.h
[  472s] [502/1759] Copying CXX header __cxx03/__functional/pointer_to_unary_function.h
[  472s] [503/1759] Copying CXX header __cxx03/__functional/reference_wrapper.h
[  472s] [504/1759] Copying CXX header __cxx03/__functional/unary_function.h
[  472s] [505/1759] Copying CXX header __cxx03/__functional/unary_negate.h
[  472s] [506/1759] Copying CXX header __cxx03/__functional/weak_result_type.h
[  472s] [507/1759] Copying CXX header __cxx03/__fwd/array.h
[  472s] [508/1759] Copying CXX header __cxx03/__fwd/bit_reference.h
[  472s] [509/1759] Copying CXX header __cxx03/__fwd/complex.h
[  472s] [510/1759] Copying CXX header __cxx03/__fwd/deque.h
[  472s] [511/1759] Copying CXX header __cxx03/__fwd/functional.h
[  472s] [512/1759] Copying CXX header __cxx03/__fwd/memory.h
[  472s] [513/1759] Copying CXX header __cxx03/__fwd/fstream.h
[  472s] [514/1759] Copying CXX header __cxx03/__fwd/ios.h
[  472s] [515/1759] Copying CXX header __cxx03/__fwd/istream.h
[  472s] [516/1759] Copying CXX header __cxx03/__fwd/ostream.h
[  472s] [517/1759] Copying CXX header __cxx03/__fwd/pair.h
[  472s] [518/1759] Copying CXX header __cxx03/__fwd/queue.h
[  472s] [519/1759] Copying CXX header __cxx03/__fwd/sstream.h
[  472s] [520/1759] Copying CXX header __cxx03/__fwd/stack.h
[  472s] [521/1759] Copying CXX header __cxx03/__fwd/streambuf.h
[  472s] [522/1759] Copying CXX header __cxx03/__fwd/string.h
[  472s] [523/1759] Copying CXX header __cxx03/__fwd/string_view.h
[  472s] [524/1759] Copying CXX header __cxx03/__fwd/tuple.h
[  472s] [525/1759] Copying CXX header __cxx03/__fwd/vector.h
[  472s] [526/1759] Copying CXX header __cxx03/__hash_table
[  472s] [527/1759] Copying CXX header __cxx03/__ios/fpos.h
[  472s] [528/1759] Copying CXX header __cxx03/__iterator/access.h
[  472s] [529/1759] Copying CXX header __cxx03/__iterator/advance.h
[  472s] [530/1759] Copying CXX header __cxx03/__iterator/aliasing_iterator.h
[  472s] [531/1759] Copying CXX header __cxx03/__iterator/back_insert_iterator.h
[  472s] [532/1759] Copying CXX header __cxx03/__iterator/bounded_iter.h
[  472s] [533/1759] Copying CXX header __cxx03/__iterator/distance.h
[  472s] [534/1759] Copying CXX header __cxx03/__iterator/erase_if_container.h
[  472s] [535/1759] Copying CXX header __cxx03/__iterator/insert_iterator.h
[  472s] [536/1759] Copying CXX header __cxx03/__iterator/istream_iterator.h
[  472s] [537/1759] Copying CXX header __cxx03/__iterator/front_insert_iterator.h
[  472s] [538/1759] Copying CXX header __cxx03/__iterator/istreambuf_iterator.h
[  472s] [539/1759] Copying CXX header __cxx03/__iterator/iterator.h
[  472s] [540/1759] Copying CXX header __cxx03/__iterator/iterator_traits.h
[  472s] [541/1759] Copying CXX header __cxx03/__iterator/move_iterator.h
[  472s] [542/1759] Copying CXX header __cxx03/__iterator/next.h
[  472s] [543/1759] Copying CXX header __cxx03/__iterator/ostream_iterator.h
[  472s] [544/1759] Copying CXX header __cxx03/__iterator/ostreambuf_iterator.h
[  472s] [545/1759] Copying CXX header __cxx03/__iterator/prev.h
[  472s] [546/1759] Copying CXX header __cxx03/__iterator/reverse_iterator.h
[  472s] [547/1759] Copying CXX header __cxx03/__iterator/segmented_iterator.h
[  472s] [548/1759] Copying CXX header __cxx03/__iterator/wrap_iter.h
[  472s] [549/1759] Copying CXX header __cxx03/__locale
[  472s] [550/1759] Copying CXX header __cxx03/__locale_dir/locale_base_api.h
[  472s] [551/1759] Copying CXX header __cxx03/__locale_dir/locale_base_api/android.h
[  472s] [552/1759] Copying CXX header __cxx03/__locale_dir/locale_base_api/bsd_locale_defaults.h
[  472s] [553/1759] Copying CXX header __cxx03/__locale_dir/locale_base_api/fuchsia.h
[  472s] [554/1759] Copying CXX header __cxx03/__locale_dir/locale_base_api/ibm.h
[  472s] [555/1759] Copying CXX header __cxx03/__locale_dir/locale_base_api/locale_guard.h
[  472s] [556/1759] Copying CXX header __cxx03/__locale_dir/locale_base_api/musl.h
[  472s] [557/1759] Copying CXX header __cxx03/__locale_dir/locale_base_api/openbsd.h
[  472s] [558/1759] Copying CXX header __cxx03/__locale_dir/locale_base_api/bsd_locale_fallbacks.h
[  472s] [559/1759] Copying CXX header __cxx03/__locale_dir/locale_base_api/newlib.h
[  472s] [560/1759] Copying CXX header __cxx03/__locale_dir/locale_base_api/win32.h
[  472s] [561/1759] Copying CXX header __cxx03/__math/abs.h
[  472s] [562/1759] Copying CXX header __cxx03/__math/copysign.h
[  472s] [563/1759] Copying CXX header __cxx03/__math/error_functions.h
[  472s] [564/1759] Copying CXX header __cxx03/__math/exponential_functions.h
[  472s] [565/1759] Copying CXX header __cxx03/__math/fdim.h
[  472s] [566/1759] Copying CXX header __cxx03/__math/fma.h
[  472s] [567/1759] Copying CXX header __cxx03/__math/gamma.h
[  472s] [568/1759] Copying CXX header __cxx03/__math/hyperbolic_functions.h
[  472s] [569/1759] Copying CXX header __cxx03/__math/hypot.h
[  472s] [570/1759] Copying CXX header __cxx03/__math/inverse_hyperbolic_functions.h
[  472s] [571/1759] Copying CXX header __cxx03/__math/inverse_trigonometric_functions.h
[  472s] [572/1759] Copying CXX header __cxx03/__math/logarithms.h
[  472s] [573/1759] Copying CXX header __cxx03/__math/min_max.h
[  472s] [574/1759] Copying CXX header __cxx03/__math/modulo.h
[  472s] [575/1759] Copying CXX header __cxx03/__math/remainder.h
[  472s] [576/1759] Copying CXX header __cxx03/__math/roots.h
[  472s] [577/1759] Copying CXX header __cxx03/__math/rounding_functions.h
[  472s] [578/1759] Copying CXX header __cxx03/__math/traits.h
[  472s] [579/1759] Copying CXX header __cxx03/__math/trigonometric_functions.h
[  472s] [580/1759] Copying CXX header __cxx03/__memory/addressof.h
[  472s] [581/1759] Copying CXX header __cxx03/__mbstate_t.h
[  472s] [582/1759] Copying CXX header __cxx03/__memory/align.h
[  472s] [583/1759] Copying CXX header __cxx03/__memory/aligned_alloc.h
[  472s] [584/1759] Copying CXX header __cxx03/__memory/allocate_at_least.h
[  472s] [585/1759] Copying CXX header __cxx03/__memory/allocation_guard.h
[  472s] [586/1759] Copying CXX header __cxx03/__memory/allocator.h
[  472s] [587/1759] Copying CXX header __cxx03/__memory/allocator_arg_t.h
[  472s] [588/1759] Copying CXX header __cxx03/__memory/allocator_destructor.h
[  472s] [589/1759] Copying CXX header __cxx03/__memory/allocator_traits.h
[  472s] [590/1759] Copying CXX header __cxx03/__memory/assume_aligned.h
[  472s] [591/1759] Copying CXX header __cxx03/__memory/auto_ptr.h
[  472s] [592/1759] Copying CXX header __cxx03/__memory/builtin_new_allocator.h
[  472s] [593/1759] Copying CXX header __cxx03/__memory/compressed_pair.h
[  472s] [594/1759] Copying CXX header __cxx03/__memory/construct_at.h
[  472s] [595/1759] Copying CXX header __cxx03/__memory/destruct_n.h
[  472s] [596/1759] Copying CXX header __cxx03/__memory/pointer_traits.h
[  472s] [597/1759] Copying CXX header __cxx03/__memory/raw_storage_iterator.h
[  472s] [598/1759] Copying CXX header __cxx03/__memory/shared_ptr.h
[  472s] [599/1759] Copying CXX header __cxx03/__memory/swap_allocator.h
[  472s] [600/1759] Copying CXX header __cxx03/__memory/temp_value.h
[  472s] [601/1759] Copying CXX header __cxx03/__memory/temporary_buffer.h
[  472s] [602/1759] Copying CXX header __cxx03/__memory/uninitialized_algorithms.h
[  472s] [603/1759] Copying CXX header __cxx03/__memory/unique_ptr.h
[  472s] [604/1759] Copying CXX header __cxx03/__memory/uses_allocator.h
[  472s] [605/1759] Copying CXX header __cxx03/__memory/voidify.h
[  472s] [606/1759] Copying CXX header __cxx03/__mutex/lock_guard.h
[  472s] [607/1759] Copying CXX header __cxx03/__mutex/mutex.h
[  472s] [608/1759] Copying CXX header __cxx03/__mutex/once_flag.h
[  472s] [609/1759] Copying CXX header __cxx03/__mutex/tag_types.h
[  472s] [610/1759] Copying CXX header __cxx03/__mutex/unique_lock.h
[  472s] [611/1759] Copying CXX header __cxx03/__numeric/accumulate.h
[  472s] [612/1759] Copying CXX header __cxx03/__numeric/adjacent_difference.h
[  472s] [613/1759] Copying CXX header __cxx03/__numeric/inner_product.h
[  472s] [614/1759] Copying CXX header __cxx03/__numeric/iota.h
[  472s] [615/1759] Copying CXX header __cxx03/__numeric/partial_sum.h
[  472s] [616/1759] Copying CXX header __cxx03/__ostream/basic_ostream.h
[  472s] [617/1759] Copying CXX header __cxx03/__random/bernoulli_distribution.h
[  472s] [618/1759] Copying CXX header __cxx03/__random/binomial_distribution.h
[  472s] [619/1759] Copying CXX header __cxx03/__random/cauchy_distribution.h
[  472s] [620/1759] Copying CXX header __cxx03/__random/chi_squared_distribution.h
[  472s] [621/1759] Copying CXX header __cxx03/__random/clamp_to_integral.h
[  472s] [622/1759] Copying CXX header __cxx03/__random/default_random_engine.h
[  472s] [623/1759] Copying CXX header __cxx03/__random/discard_block_engine.h
[  472s] [624/1759] Copying CXX header __cxx03/__random/discrete_distribution.h
[  472s] [625/1759] Copying CXX header __cxx03/__random/exponential_distribution.h
[  472s] [626/1759] Copying CXX header __cxx03/__random/extreme_value_distribution.h
[  472s] [627/1759] Copying CXX header __cxx03/__random/fisher_f_distribution.h
[  472s] [628/1759] Copying CXX header __cxx03/__random/gamma_distribution.h
[  472s] [629/1759] Copying CXX header __cxx03/__random/generate_canonical.h
[  472s] [630/1759] Copying CXX header __cxx03/__random/geometric_distribution.h
[  472s] [631/1759] Copying CXX header __cxx03/__random/independent_bits_engine.h
[  472s] [632/1759] Copying CXX header __cxx03/__random/is_seed_sequence.h
[  472s] [633/1759] Copying CXX header __cxx03/__random/is_valid.h
[  472s] [634/1759] Copying CXX header __cxx03/__random/knuth_b.h
[  472s] [635/1759] Copying CXX header __cxx03/__random/linear_congruential_engine.h
[  472s] [636/1759] Copying CXX header __cxx03/__random/log2.h
[  472s] [637/1759] Copying CXX header __cxx03/__random/lognormal_distribution.h
[  472s] [638/1759] Copying CXX header __cxx03/__random/mersenne_twister_engine.h
[  472s] [639/1759] Copying CXX header __cxx03/__random/negative_binomial_distribution.h
[  472s] [640/1759] Copying CXX header __cxx03/__random/normal_distribution.h
[  472s] [641/1759] Copying CXX header __cxx03/__random/piecewise_constant_distribution.h
[  472s] [642/1759] Copying CXX header __cxx03/__random/piecewise_linear_distribution.h
[  472s] [643/1759] Copying CXX header __cxx03/__random/poisson_distribution.h
[  472s] [644/1759] Copying CXX header __cxx03/__random/random_device.h
[  472s] [645/1759] Copying CXX header __cxx03/__random/ranlux.h
[  472s] [646/1759] Copying CXX header __cxx03/__random/seed_seq.h
[  472s] [647/1759] Copying CXX header __cxx03/__random/shuffle_order_engine.h
[  472s] [648/1759] Copying CXX header __cxx03/__random/student_t_distribution.h
[  472s] [649/1759] Copying CXX header __cxx03/__random/subtract_with_carry_engine.h
[  472s] [650/1759] Copying CXX header __cxx03/__random/uniform_int_distribution.h
[  472s] [651/1759] Copying CXX header __cxx03/__random/uniform_real_distribution.h
[  472s] [652/1759] Copying CXX header __cxx03/__random/weibull_distribution.h
[  472s] [653/1759] Copying CXX header __cxx03/__split_buffer
[  472s] [654/1759] Copying CXX header __cxx03/__std_clang_module
[  472s] [655/1759] Copying CXX header __cxx03/__std_mbstate_t.h
[  472s] [656/1759] Copying CXX header __cxx03/__string/char_traits.h
[  472s] [657/1759] Copying CXX header __cxx03/__string/constexpr_c_functions.h
[  472s] [658/1759] Copying CXX header __cxx03/__string/extern_template_lists.h
[  472s] [659/1759] Copying CXX header __cxx03/__support/ibm/gettod_zos.h
[  472s] [660/1759] Copying CXX header __cxx03/__support/ibm/locale_mgmt_zos.h
[  472s] [661/1759] Copying CXX header __cxx03/__support/ibm/nanosleep.h
[  472s] [662/1759] Copying CXX header __cxx03/__support/xlocale/__nop_locale_mgmt.h
[  472s] [663/1759] Copying CXX header __cxx03/__support/xlocale/__posix_l_fallback.h
[  472s] [664/1759] Copying CXX header __cxx03/__support/xlocale/__strtonum_fallback.h
[  472s] [665/1759] Copying CXX header __cxx03/__system_error/errc.h
[  472s] [666/1759] Copying CXX header __cxx03/__system_error/error_category.h
[  472s] [667/1759] Copying CXX header __cxx03/__system_error/error_code.h
[  472s] [668/1759] Copying CXX header __cxx03/__system_error/error_condition.h
[  472s] [669/1759] Copying CXX header __cxx03/__system_error/system_error.h
[  472s] [670/1759] Copying CXX header __cxx03/__thread/poll_with_backoff.h
[  472s] [671/1759] Copying CXX header __cxx03/__thread/support.h
[  472s] [672/1759] Copying CXX header __cxx03/__thread/support/c11.h
[  472s] [673/1759] Copying CXX header __cxx03/__thread/id.h
[  472s] [674/1759] Copying CXX header __cxx03/__thread/support/external.h
[  472s] [675/1759] Copying CXX header __cxx03/__thread/support/pthread.h
[  472s] [676/1759] Copying CXX header __cxx03/__thread/support/windows.h
[  472s] [677/1759] Copying CXX header __cxx03/__thread/this_thread.h
[  472s] [678/1759] Copying CXX header __cxx03/__thread/thread.h
[  472s] [679/1759] Copying CXX header __cxx03/__thread/timed_backoff_policy.h
[  472s] [680/1759] Copying CXX header __cxx03/__tree
[  472s] [681/1759] Copying CXX header __cxx03/__tuple/find_index.h
[  472s] [682/1759] Copying CXX header __cxx03/__tuple/make_tuple_types.h
[  472s] [683/1759] Copying CXX header __cxx03/__tuple/sfinae_helpers.h
[  472s] [684/1759] Copying CXX header __cxx03/__tuple/tuple_element.h
[  472s] [685/1759] Copying CXX header __cxx03/__tuple/tuple_indices.h
[  472s] [686/1759] Copying CXX header __cxx03/__tuple/tuple_like.h
[  472s] [687/1759] Copying CXX header __cxx03/__tuple/tuple_like_ext.h
[  472s] [688/1759] Copying CXX header __cxx03/__tuple/tuple_like_no_subrange.h
[  472s] [689/1759] Copying CXX header __cxx03/__tuple/tuple_size.h
[  472s] [690/1759] Copying CXX header __cxx03/__tuple/tuple_types.h
[  472s] [691/1759] Copying CXX header __cxx03/__type_traits/add_const.h
[  472s] [692/1759] Copying CXX header __cxx03/__type_traits/add_cv.h
[  472s] [693/1759] Copying CXX header __cxx03/__type_traits/add_lvalue_reference.h
[  472s] [694/1759] Copying CXX header __cxx03/__type_traits/add_pointer.h
[  472s] [695/1759] Copying CXX header __cxx03/__type_traits/add_rvalue_reference.h
[  472s] [696/1759] Copying CXX header __cxx03/__type_traits/add_volatile.h
[  472s] [697/1759] Copying CXX header __cxx03/__type_traits/aligned_storage.h
[  472s] [698/1759] Copying CXX header __cxx03/__type_traits/aligned_union.h
[  472s] [699/1759] Copying CXX header __cxx03/__type_traits/alignment_of.h
[  472s] [700/1759] Copying CXX header __cxx03/__type_traits/can_extract_key.h
[  472s] [701/1759] Copying CXX header __cxx03/__type_traits/common_type.h
[  472s] [702/1759] Copying CXX header __cxx03/__type_traits/conditional.h
[  472s] [703/1759] Copying CXX header __cxx03/__type_traits/conjunction.h
[  472s] [704/1759] Copying CXX header __cxx03/__type_traits/copy_cv.h
[  472s] [705/1759] Copying CXX header __cxx03/__type_traits/copy_cvref.h
[  472s] [706/1759] Copying CXX header __cxx03/__type_traits/datasizeof.h
[  472s] [707/1759] Copying CXX header __cxx03/__type_traits/decay.h
[  472s] [708/1759] Copying CXX header __cxx03/__type_traits/dependent_type.h
[  472s] [709/1759] Copying CXX header __cxx03/__type_traits/desugars_to.h
[  472s] [710/1759] Copying CXX header __cxx03/__type_traits/disjunction.h
[  472s] [711/1759] Copying CXX header __cxx03/__type_traits/enable_if.h
[  472s] [712/1759] Copying CXX header __cxx03/__type_traits/extent.h
[  472s] [713/1759] Copying CXX header __cxx03/__type_traits/has_virtual_destructor.h
[  472s] [714/1759] Copying CXX header __cxx03/__type_traits/integral_constant.h
[  472s] [715/1759] Copying CXX header __cxx03/__type_traits/invoke.h
[  472s] [716/1759] Copying CXX header __cxx03/__type_traits/is_abstract.h
[  472s] [717/1759] Copying CXX header __cxx03/__type_traits/is_allocator.h
[  472s] [718/1759] Copying CXX header __cxx03/__type_traits/is_always_bitcastable.h
[  472s] [719/1759] Copying CXX header __cxx03/__type_traits/is_arithmetic.h
[  472s] [720/1759] Copying CXX header __cxx03/__type_traits/is_array.h
[  472s] [721/1759] Copying CXX header __cxx03/__type_traits/is_assignable.h
[  472s] [722/1759] Copying CXX header __cxx03/__type_traits/is_base_of.h
[  472s] [723/1759] Copying CXX header __cxx03/__type_traits/is_bounded_array.h
[  472s] [724/1759] Copying CXX header __cxx03/__type_traits/is_callable.h
[  472s] [725/1759] Copying CXX header __cxx03/__type_traits/is_char_like_type.h
[  472s] [726/1759] Copying CXX header __cxx03/__type_traits/is_class.h
[  472s] [727/1759] Copying CXX header __cxx03/__type_traits/is_compound.h
[  472s] [728/1759] Copying CXX header __cxx03/__type_traits/is_const.h
[  472s] [729/1759] Copying CXX header __cxx03/__type_traits/is_constant_evaluated.h
[  472s] [730/1759] Copying CXX header __cxx03/__type_traits/is_constructible.h
[  472s] [731/1759] Copying CXX header __cxx03/__type_traits/is_convertible.h
[  472s] [732/1759] Copying CXX header __cxx03/__type_traits/is_core_convertible.h
[  472s] [733/1759] Copying CXX header __cxx03/__type_traits/is_destructible.h
[  472s] [734/1759] Copying CXX header __cxx03/__type_traits/is_empty.h
[  472s] [735/1759] Copying CXX header __cxx03/__type_traits/is_enum.h
[  472s] [736/1759] Copying CXX header __cxx03/__type_traits/is_equality_comparable.h
[  472s] [737/1759] Copying CXX header __cxx03/__type_traits/is_execution_policy.h
[  472s] [738/1759] Copying CXX header __cxx03/__type_traits/is_final.h
[  472s] [739/1759] Copying CXX header __cxx03/__type_traits/is_floating_point.h
[  472s] [740/1759] Copying CXX header __cxx03/__type_traits/is_function.h
[  472s] [741/1759] Copying CXX header __cxx03/__type_traits/is_fundamental.h
[  472s] [742/1759] Copying CXX header __cxx03/__type_traits/is_implicitly_default_constructible.h
[  472s] [743/1759] Copying CXX header __cxx03/__type_traits/is_integral.h
[  472s] [744/1759] Copying CXX header __cxx03/__type_traits/is_literal_type.h
[  472s] [745/1759] Copying CXX header __cxx03/__type_traits/is_member_pointer.h
[  472s] [746/1759] Copying CXX header __cxx03/__type_traits/is_nothrow_assignable.h
[  472s] [747/1759] Copying CXX header __cxx03/__type_traits/is_nothrow_constructible.h
[  472s] [748/1759] Copying CXX header __cxx03/__type_traits/is_nothrow_destructible.h
[  472s] [749/1759] Copying CXX header __cxx03/__type_traits/is_null_pointer.h
[  472s] [750/1759] Copying CXX header __cxx03/__type_traits/is_object.h
[  472s] [751/1759] Copying CXX header __cxx03/__type_traits/is_pod.h
[  472s] [752/1759] Copying CXX header __cxx03/__type_traits/is_pointer.h
[  472s] [753/1759] Copying CXX header __cxx03/__type_traits/is_polymorphic.h
[  472s] [754/1759] Copying CXX header __cxx03/__type_traits/is_primary_template.h
[  472s] [755/1759] Copying CXX header __cxx03/__type_traits/is_reference.h
[  472s] [756/1759] Copying CXX header __cxx03/__type_traits/is_reference_wrapper.h
[  472s] [757/1759] Copying CXX header __cxx03/__type_traits/is_referenceable.h
[  472s] [758/1759] Copying CXX header __cxx03/__type_traits/is_same.h
[  472s] [759/1759] Copying CXX header __cxx03/__type_traits/is_scalar.h
[  472s] [760/1759] Copying CXX header __cxx03/__type_traits/is_signed.h
[  472s] [761/1759] Copying CXX header __cxx03/__type_traits/is_signed_integer.h
[  472s] [762/1759] Copying CXX header __cxx03/__type_traits/is_specialization.h
[  472s] [763/1759] Copying CXX header __cxx03/__type_traits/is_standard_layout.h
[  472s] [764/1759] Copying CXX header __cxx03/__type_traits/is_swappable.h
[  472s] [765/1759] Copying CXX header __cxx03/__type_traits/is_trivial.h
[  472s] [766/1759] Copying CXX header __cxx03/__type_traits/is_trivially_assignable.h
[  472s] [767/1759] Copying CXX header __cxx03/__type_traits/is_trivially_constructible.h
[  472s] [768/1759] Copying CXX header __cxx03/__type_traits/is_trivially_copyable.h
[  472s] [769/1759] Copying CXX header __cxx03/__type_traits/is_trivially_destructible.h
[  472s] [770/1759] Copying CXX header __cxx03/__type_traits/is_trivially_lexicographically_comparable.h
[  472s] [771/1759] Copying CXX header __cxx03/__type_traits/is_trivially_relocatable.h
[  472s] [772/1759] Copying CXX header __cxx03/__type_traits/is_unbounded_array.h
[  472s] [773/1759] Copying CXX header __cxx03/__type_traits/is_union.h
[  472s] [774/1759] Copying CXX header __cxx03/__type_traits/is_unsigned.h
[  472s] [775/1759] Copying CXX header __cxx03/__type_traits/is_unsigned_integer.h
[  472s] [776/1759] Copying CXX header __cxx03/__type_traits/is_valid_expansion.h
[  472s] [777/1759] Copying CXX header __cxx03/__type_traits/is_void.h
[  472s] [778/1759] Copying CXX header __cxx03/__type_traits/is_volatile.h
[  472s] [779/1759] Copying CXX header __cxx03/__type_traits/lazy.h
[  472s] [780/1759] Copying CXX header __cxx03/__type_traits/make_32_64_or_128_bit.h
[  472s] [781/1759] Copying CXX header __cxx03/__type_traits/make_const_lvalue_ref.h
[  472s] [782/1759] Copying CXX header __cxx03/__type_traits/make_signed.h
[  472s] [783/1759] Copying CXX header __cxx03/__type_traits/make_unsigned.h
[  472s] [784/1759] Copying CXX header __cxx03/__type_traits/maybe_const.h
[  472s] [785/1759] Copying CXX header __cxx03/__type_traits/nat.h
[  472s] [786/1759] Copying CXX header __cxx03/__type_traits/negation.h
[  472s] [787/1759] Copying CXX header __cxx03/__type_traits/noexcept_move_assign_container.h
[  472s] [788/1759] Copying CXX header __cxx03/__type_traits/promote.h
[  472s] [789/1759] Copying CXX header __cxx03/__type_traits/rank.h
[  472s] [790/1759] Copying CXX header __cxx03/__type_traits/remove_all_extents.h
[  472s] [791/1759] Copying CXX header __cxx03/__type_traits/remove_const.h
[  472s] [792/1759] Copying CXX header __cxx03/__type_traits/remove_const_ref.h
[  472s] [793/1759] Copying CXX header __cxx03/__type_traits/remove_cv.h
[  472s] [794/1759] Copying CXX header __cxx03/__type_traits/remove_cvref.h
[  472s] [795/1759] Copying CXX header __cxx03/__type_traits/remove_extent.h
[  472s] [796/1759] Copying CXX header __cxx03/__type_traits/remove_pointer.h
[  472s] [797/1759] Copying CXX header __cxx03/__type_traits/remove_reference.h
[  472s] [798/1759] Copying CXX header __cxx03/__type_traits/remove_volatile.h
[  472s] [799/1759] Copying CXX header __cxx03/__type_traits/result_of.h
[  472s] [800/1759] Copying CXX header __cxx03/__type_traits/strip_signature.h
[  472s] [801/1759] Copying CXX header __cxx03/__type_traits/type_identity.h
[  472s] [802/1759] Copying CXX header __cxx03/__type_traits/type_list.h
[  472s] [803/1759] Copying CXX header __cxx03/__type_traits/underlying_type.h
[  472s] [804/1759] Copying CXX header __cxx03/__type_traits/unwrap_ref.h
[  472s] [805/1759] Copying CXX header __cxx03/__type_traits/void_t.h
[  472s] [806/1759] Copying CXX header __cxx03/__undef_macros
[  472s] [807/1759] Copying CXX header __cxx03/__utility/as_lvalue.h
[  472s] [808/1759] Copying CXX header __cxx03/__utility/auto_cast.h
[  472s] [809/1759] Copying CXX header __cxx03/__utility/convert_to_integral.h
[  472s] [810/1759] Copying CXX header __cxx03/__utility/declval.h
[  472s] [811/1759] Copying CXX header __cxx03/__utility/empty.h
[  472s] [812/1759] Copying CXX header __cxx03/__utility/exception_guard.h
[  472s] [813/1759] Copying CXX header __cxx03/__utility/forward.h
[  472s] [814/1759] Copying CXX header __cxx03/__utility/integer_sequence.h
[  472s] [815/1759] Copying CXX header __cxx03/__utility/is_pointer_in_range.h
[  472s] [816/1759] Copying CXX header __cxx03/__utility/is_valid_range.h
[  472s] [817/1759] Copying CXX header __cxx03/__utility/move.h
[  472s] [818/1759] Copying CXX header __cxx03/__utility/no_destroy.h
[  472s] [819/1759] Copying CXX header __cxx03/__utility/pair.h
[  472s] [820/1759] Copying CXX header __cxx03/__utility/piecewise_construct.h
[  472s] [821/1759] Copying CXX header __cxx03/__utility/priority_tag.h
[  472s] [822/1759] Copying CXX header __cxx03/__utility/private_constructor_tag.h
[  472s] [823/1759] Copying CXX header __cxx03/__utility/rel_ops.h
[  472s] [824/1759] Copying CXX header __cxx03/__utility/small_buffer.h
[  472s] [825/1759] Copying CXX header __cxx03/__utility/swap.h
[  472s] [826/1759] Copying CXX header __cxx03/__utility/unreachable.h
[  472s] [827/1759] Copying CXX header __cxx03/__variant/monostate.h
[  472s] [828/1759] Copying CXX header __cxx03/__verbose_abort
[  472s] [829/1759] Copying CXX header __cxx03/__verbose_trap
[  472s] [830/1759] Copying CXX header __cxx03/algorithm
[  472s] [831/1759] Copying CXX header __cxx03/array
[  472s] [832/1759] Copying CXX header __cxx03/atomic
[  472s] [833/1759] Copying CXX header __cxx03/bitset
[  472s] [834/1759] Copying CXX header __cxx03/cassert
[  472s] [835/1759] Copying CXX header __cxx03/ccomplex
[  472s] [836/1759] Copying CXX header __cxx03/cctype
[  472s] [837/1759] Copying CXX header __cxx03/cfenv
[  472s] [838/1759] Copying CXX header __cxx03/cinttypes
[  472s] [839/1759] Copying CXX header __cxx03/ciso646
[  472s] [840/1759] Copying CXX header __cxx03/cerrno
[  472s] [841/1759] Copying CXX header __cxx03/cfloat
[  472s] [842/1759] Copying CXX header __cxx03/chrono
[  472s] [843/1759] Copying CXX header __cxx03/climits
[  472s] [844/1759] Copying CXX header __cxx03/clocale
[  472s] [845/1759] Copying CXX header __cxx03/cmath
[  472s] [846/1759] Copying CXX header __cxx03/codecvt
[  472s] [847/1759] Copying CXX header __cxx03/complex
[  472s] [848/1759] Copying CXX header __cxx03/condition_variable
[  472s] [849/1759] Copying CXX header __cxx03/csetjmp
[  472s] [850/1759] Copying CXX header __cxx03/csignal
[  472s] [851/1759] Copying CXX header __cxx03/cstdarg
[  472s] [852/1759] Copying CXX header __cxx03/cstdbool
[  472s] [853/1759] Copying CXX header __cxx03/cstddef
[  472s] [854/1759] Copying CXX header __cxx03/cstdint
[  472s] [855/1759] Copying CXX header __cxx03/cstdio
[  472s] [856/1759] Copying CXX header __cxx03/cstdlib
[  472s] [857/1759] Copying CXX header __cxx03/cstring
[  472s] [858/1759] Copying CXX header __cxx03/ctgmath
[  472s] [859/1759] Copying CXX header __cxx03/ctime
[  472s] [860/1759] Copying CXX header __cxx03/cuchar
[  472s] [861/1759] Copying CXX header __cxx03/cwctype
[  472s] [862/1759] Copying CXX header __cxx03/exception
[  472s] [863/1759] Copying CXX header __cxx03/cwchar
[  472s] [864/1759] Copying CXX header __cxx03/deque
[  472s] [865/1759] Copying CXX header __cxx03/experimental/__config
[  472s] [866/1759] Copying CXX header __cxx03/experimental/utility
[  472s] [867/1759] Copying CXX header __cxx03/ext/__hash
[  472s] [868/1759] Copying CXX header __cxx03/ext/hash_map
[  472s] [869/1759] Copying CXX header __cxx03/ext/hash_set
[  472s] [870/1759] Copying CXX header __cxx03/forward_list
[  472s] [871/1759] Copying CXX header __cxx03/fstream
[  472s] [872/1759] Copying CXX header __cxx03/functional
[  472s] [873/1759] Copying CXX header __cxx03/future
[  472s] [874/1759] Copying CXX header __cxx03/iomanip
[  472s] [875/1759] Copying CXX header __cxx03/ios
[  472s] [876/1759] Copying CXX header __cxx03/iosfwd
[  472s] [877/1759] Copying CXX header __cxx03/iostream
[  472s] [878/1759] Copying CXX header __cxx03/istream
[  472s] [879/1759] Copying CXX header __cxx03/iterator
[  472s] [880/1759] Copying CXX header __cxx03/limits
[  472s] [881/1759] Copying CXX header __cxx03/list
[  472s] [882/1759] Copying CXX header __cxx03/locale.h
[  472s] [883/1759] Copying CXX header __cxx03/math.h
[  472s] [884/1759] Copying CXX header __cxx03/locale
[  472s] [885/1759] Copying CXX header __cxx03/map
[  472s] [886/1759] Copying CXX header __cxx03/memory
[  472s] [887/1759] Copying CXX header __cxx03/module.modulemap
[  472s] [888/1759] Copying CXX header __cxx03/mutex
[  472s] [889/1759] Copying CXX header __cxx03/new
[  472s] [890/1759] Copying CXX header __cxx03/numeric
[  472s] [891/1759] Copying CXX header __cxx03/ostream
[  472s] [892/1759] Copying CXX header __cxx03/queue
[  472s] [893/1759] Copying CXX header __cxx03/random
[  472s] [894/1759] Copying CXX header __cxx03/ratio
[  472s] [895/1759] Copying CXX header __cxx03/regex
[  472s] [896/1759] Copying CXX header __cxx03/set
[  472s] [897/1759] Copying CXX header __cxx03/sstream
[  472s] [898/1759] Copying CXX header __cxx03/stack
[  472s] [899/1759] Copying CXX header __cxx03/stdatomic.h
[  472s] [900/1759] Copying CXX header __cxx03/stdexcept
[  472s] [901/1759] Copying CXX header __cxx03/stdint.h
[  472s] [902/1759] Copying CXX header __cxx03/stdlib.h
[  472s] [903/1759] Copying CXX header __cxx03/streambuf
[  472s] [904/1759] Copying CXX header __cxx03/string
[  472s] [905/1759] Copying CXX header __cxx03/string_view
[  472s] [906/1759] Copying CXX header __cxx03/string.h
[  472s] [907/1759] Copying CXX header __cxx03/strstream
[  472s] [908/1759] Copying CXX header __cxx03/system_error
[  472s] [909/1759] Copying CXX header __cxx03/thread
[  472s] [910/1759] Copying CXX header __cxx03/type_traits
[  472s] [911/1759] Copying CXX header __cxx03/typeindex
[  472s] [912/1759] Copying CXX header __cxx03/typeinfo
[  472s] [913/1759] Copying CXX header __cxx03/uchar.h
[  472s] [914/1759] Copying CXX header __cxx03/unordered_map
[  472s] [915/1759] Copying CXX header __cxx03/unordered_set
[  472s] [916/1759] Copying CXX header __cxx03/utility
[  472s] [917/1759] Copying CXX header __cxx03/valarray
[  472s] [918/1759] Copying CXX header __cxx03/vector
[  472s] [919/1759] Copying CXX header __cxx03/version
[  472s] [920/1759] Copying CXX header __cxx03/wchar.h
[  472s] [921/1759] Copying CXX header __debug_utils/randomize_range.h
[  472s] [922/1759] Copying CXX header __debug_utils/sanitizers.h
[  472s] [923/1759] Copying CXX header __debug_utils/strict_weak_ordering_check.h
[  472s] [924/1759] Copying CXX header __exception/exception.h
[  472s] [925/1759] Copying CXX header __exception/exception_ptr.h
[  472s] [926/1759] Copying CXX header __exception/nested_exception.h
[  472s] [927/1759] Copying CXX header __exception/operations.h
[  472s] [928/1759] Copying CXX header __exception/terminate.h
[  472s] [929/1759] Copying CXX header __expected/bad_expected_access.h
[  472s] [930/1759] Copying CXX header __expected/expected.h
[  472s] [931/1759] Copying CXX header __expected/unexpect.h
[  472s] [932/1759] Copying CXX header __expected/unexpected.h
[  472s] [933/1759] Copying CXX header __filesystem/copy_options.h
[  472s] [934/1759] Copying CXX header __filesystem/directory_entry.h
[  472s] [935/1759] Copying CXX header __filesystem/directory_iterator.h
[  472s] [936/1759] Copying CXX header __filesystem/directory_options.h
[  472s] [937/1759] Copying CXX header __filesystem/file_status.h
[  472s] [938/1759] Copying CXX header __filesystem/file_time_type.h
[  472s] [939/1759] Copying CXX header __filesystem/file_type.h
[  472s] [940/1759] Copying CXX header __filesystem/filesystem_error.h
[  472s] [941/1759] Copying CXX header __filesystem/operations.h
[  472s] [942/1759] Copying CXX header __filesystem/path.h
[  472s] [943/1759] Copying CXX header __filesystem/path_iterator.h
[  472s] [944/1759] Copying CXX header __filesystem/perm_options.h
[  472s] [945/1759] Copying CXX header __filesystem/perms.h
[  472s] [946/1759] Copying CXX header __filesystem/recursive_directory_iterator.h
[  472s] [947/1759] Copying CXX header __filesystem/space_info.h
[  472s] [948/1759] Copying CXX header __filesystem/u8path.h
[  472s] [949/1759] Copying CXX header __flat_map/flat_multimap.h
[  472s] [950/1759] Copying CXX header __flat_map/key_value_iterator.h
[  472s] [951/1759] Copying CXX header __flat_map/sorted_equivalent.h
[  472s] [952/1759] Copying CXX header __flat_map/flat_map.h
[  472s] [953/1759] Copying CXX header __flat_map/sorted_unique.h
[  472s] [954/1759] Copying CXX header __flat_map/utils.h
[  472s] [955/1759] Copying CXX header __flat_set/flat_multiset.h
[  472s] [956/1759] Copying CXX header __flat_set/flat_set.h
[  472s] [957/1759] Copying CXX header __flat_set/ra_iterator.h
[  472s] [958/1759] Copying CXX header __flat_set/utils.h
[  472s] [959/1759] Copying CXX header __format/buffer.h
[  472s] [960/1759] Copying CXX header __format/concepts.h
[  472s] [961/1759] Copying CXX header __format/container_adaptor.h
[  472s] [962/1759] Copying CXX header __format/enable_insertable.h
[  472s] [963/1759] Copying CXX header __format/escaped_output_table.h
[  472s] [964/1759] Copying CXX header __format/extended_grapheme_cluster_table.h
[  472s] [965/1759] Copying CXX header __format/fmt_pair_like.h
[  472s] [966/1759] Copying CXX header __format/format_arg.h
[  472s] [967/1759] Copying CXX header __format/format_arg_store.h
[  472s] [968/1759] Copying CXX header __format/format_context.h
[  472s] [969/1759] Copying CXX header __format/format_error.h
[  472s] [970/1759] Copying CXX header __format/format_functions.h
[  472s] [971/1759] Copying CXX header __format/format_parse_context.h
[  472s] [972/1759] Copying CXX header __format/format_string.h
[  472s] [973/1759] Copying CXX header __format/format_args.h
[  472s] [974/1759] Copying CXX header __format/format_to_n_result.h
[  472s] [975/1759] Copying CXX header __format/formatter.h
[  472s] [976/1759] Copying CXX header __format/formatter_bool.h
[  472s] [977/1759] Copying CXX header __format/formatter_char.h
[  472s] [978/1759] Copying CXX header __format/formatter_floating_point.h
[  472s] [979/1759] Copying CXX header __format/formatter_integer.h
[  472s] [980/1759] Copying CXX header __format/formatter_integral.h
[  472s] [981/1759] Copying CXX header __format/formatter_output.h
[  472s] [982/1759] Copying CXX header __format/formatter_pointer.h
[  472s] [983/1759] Copying CXX header __format/formatter_string.h
[  472s] [984/1759] Copying CXX header __format/formatter_tuple.h
[  472s] [985/1759] Copying CXX header __format/indic_conjunct_break_table.h
[  472s] [986/1759] Copying CXX header __format/parser_std_format_spec.h
[  472s] [987/1759] Copying CXX header __format/range_default_formatter.h
[  472s] [988/1759] Copying CXX header __format/range_format.h
[  472s] [989/1759] Copying CXX header __format/range_formatter.h
[  472s] [990/1759] Copying CXX header __format/unicode.h
[  472s] [991/1759] Copying CXX header __format/width_estimation_table.h
[  472s] [992/1759] Copying CXX header __format/write_escaped.h
[  472s] [993/1759] Copying CXX header __functional/binary_function.h
[  472s] [994/1759] Copying CXX header __functional/binary_negate.h
[  472s] [995/1759] Copying CXX header __functional/bind.h
[  472s] [996/1759] Copying CXX header __functional/bind_back.h
[  472s] [997/1759] Copying CXX header __functional/bind_front.h
[  472s] [998/1759] Copying CXX header __functional/binder1st.h
[  472s] [999/1759] Copying CXX header __functional/binder2nd.h
[  472s] [1000/1759] Copying CXX header __functional/boyer_moore_searcher.h
[  472s] [1001/1759] Copying CXX header __functional/compose.h
[  472s] [1002/1759] Copying CXX header __functional/default_searcher.h
[  472s] [1003/1759] Copying CXX header __functional/function.h
[  472s] [1004/1759] Copying CXX header __functional/hash.h
[  472s] [1005/1759] Copying CXX header __functional/identity.h
[  472s] [1006/1759] Copying CXX header __functional/invoke.h
[  472s] [1007/1759] Copying CXX header __functional/is_transparent.h
[  472s] [1008/1759] Copying CXX header __functional/mem_fn.h
[  472s] [1009/1759] Copying CXX header __functional/mem_fun_ref.h
[  472s] [1010/1759] Copying CXX header __functional/not_fn.h
[  472s] [1011/1759] Copying CXX header __functional/operations.h
[  472s] [1012/1759] Copying CXX header __functional/perfect_forward.h
[  472s] [1013/1759] Copying CXX header __functional/pointer_to_binary_function.h
[  472s] [1014/1759] Copying CXX header __functional/pointer_to_unary_function.h
[  472s] [1015/1759] Copying CXX header __functional/ranges_operations.h
[  472s] [1016/1759] Copying CXX header __functional/reference_wrapper.h
[  472s] [1017/1759] Copying CXX header __functional/unary_function.h
[  472s] [1018/1759] Copying CXX header __functional/unary_negate.h
[  472s] [1019/1759] Copying CXX header __functional/weak_result_type.h
[  472s] [1020/1759] Copying CXX header __fwd/array.h
[  472s] [1021/1759] Copying CXX header __fwd/bit_reference.h
[  472s] [1022/1759] Copying CXX header __fwd/byte.h
[  472s] [1023/1759] Copying CXX header __fwd/complex.h
[  472s] [1024/1759] Copying CXX header __fwd/deque.h
[  472s] [1025/1759] Copying CXX header __fwd/format.h
[  472s] [1026/1759] Copying CXX header __fwd/fstream.h
[  472s] [1027/1759] Copying CXX header __fwd/functional.h
[  472s] [1028/1759] Copying CXX header __fwd/get.h
[  472s] [1029/1759] Copying CXX header __fwd/ios.h
[  472s] [1030/1759] Copying CXX header __fwd/istream.h
[  472s] [1031/1759] Copying CXX header __fwd/mdspan.h
[  472s] [1032/1759] Copying CXX header __fwd/memory.h
[  472s] [1033/1759] Copying CXX header __fwd/memory_resource.h
[  472s] [1034/1759] Copying CXX header __fwd/ostream.h
[  472s] [1035/1759] Copying CXX header __fwd/pair.h
[  472s] [1036/1759] Copying CXX header __fwd/span.h
[  472s] [1037/1759] Copying CXX header __fwd/sstream.h
[  472s] [1038/1759] Copying CXX header __fwd/stack.h
[  472s] [1039/1759] Copying CXX header __fwd/streambuf.h
[  472s] [1040/1759] Copying CXX header __fwd/queue.h
[  472s] [1041/1759] Copying CXX header __fwd/string.h
[  472s] [1042/1759] Copying CXX header __fwd/string_view.h
[  472s] [1043/1759] Copying CXX header __fwd/subrange.h
[  472s] [1044/1759] Copying CXX header __fwd/tuple.h
[  472s] [1045/1759] Copying CXX header __fwd/variant.h
[  472s] [1046/1759] Copying CXX header __fwd/vector.h
[  472s] [1047/1759] Copying CXX header __hash_table
[  472s] [1048/1759] Copying CXX header __ios/fpos.h
[  472s] [1049/1759] Copying CXX header __iterator/access.h
[  472s] [1050/1759] Copying CXX header __iterator/advance.h
[  472s] [1051/1759] Copying CXX header __iterator/aliasing_iterator.h
[  472s] [1052/1759] Copying CXX header __iterator/back_insert_iterator.h
[  472s] [1053/1759] Copying CXX header __iterator/bounded_iter.h
[  472s] [1054/1759] Copying CXX header __iterator/common_iterator.h
[  472s] [1055/1759] Copying CXX header __iterator/concepts.h
[  472s] [1056/1759] Copying CXX header __iterator/counted_iterator.h
[  472s] [1057/1759] Copying CXX header __iterator/cpp17_iterator_concepts.h
[  472s] [1058/1759] Copying CXX header __iterator/data.h
[  472s] [1059/1759] Copying CXX header __iterator/default_sentinel.h
[  472s] [1060/1759] Copying CXX header __iterator/distance.h
[  472s] [1061/1759] Copying CXX header __iterator/empty.h
[  472s] [1062/1759] Copying CXX header __iterator/front_insert_iterator.h
[  472s] [1063/1759] Copying CXX header __iterator/incrementable_traits.h
[  472s] [1064/1759] Copying CXX header __iterator/erase_if_container.h
[  472s] [1065/1759] Copying CXX header __iterator/indirectly_comparable.h
[  472s] [1066/1759] Copying CXX header __iterator/insert_iterator.h
[  472s] [1067/1759] Copying CXX header __iterator/istream_iterator.h
[  472s] [1068/1759] Copying CXX header __iterator/istreambuf_iterator.h
[  472s] [1069/1759] Copying CXX header __iterator/iter_move.h
[  472s] [1070/1759] Copying CXX header __iterator/iter_swap.h
[  472s] [1071/1759] Copying CXX header __iterator/iterator.h
[  472s] [1072/1759] Copying CXX header __iterator/iterator_traits.h
[  472s] [1073/1759] Copying CXX header __iterator/iterator_with_data.h
[  472s] [1074/1759] Copying CXX header __iterator/mergeable.h
[  472s] [1075/1759] Copying CXX header __iterator/move_iterator.h
[  472s] [1076/1759] Copying CXX header __iterator/move_sentinel.h
[  472s] [1077/1759] Copying CXX header __iterator/next.h
[  472s] [1078/1759] Copying CXX header __iterator/ostream_iterator.h
[  472s] [1079/1759] Copying CXX header __iterator/ostreambuf_iterator.h
[  472s] [1080/1759] Copying CXX header __iterator/permutable.h
[  472s] [1081/1759] Copying CXX header __iterator/prev.h
[  472s] [1082/1759] Copying CXX header __iterator/product_iterator.h
[  472s] [1083/1759] Copying CXX header __iterator/projected.h
[  472s] [1084/1759] Copying CXX header __iterator/ranges_iterator_traits.h
[  472s] [1085/1759] Copying CXX header __iterator/readable_traits.h
[  472s] [1086/1759] Copying CXX header __iterator/reverse_access.h
[  472s] [1087/1759] Copying CXX header __iterator/size.h
[  472s] [1088/1759] Copying CXX header __iterator/static_bounded_iter.h
[  472s] [1089/1759] Copying CXX header __iterator/reverse_iterator.h
[  472s] [1090/1759] Copying CXX header __iterator/segmented_iterator.h
[  472s] [1091/1759] Copying CXX header __iterator/sortable.h
[  472s] [1092/1759] Copying CXX header __iterator/unreachable_sentinel.h
[  472s] [1093/1759] Copying CXX header __iterator/wrap_iter.h
[  472s] [1094/1759] Copying CXX header __locale
[  472s] [1095/1759] Copying CXX header __locale_dir/check_grouping.h
[  472s] [1096/1759] Copying CXX header __locale_dir/get_c_locale.h
[  472s] [1097/1759] Copying CXX header __locale_dir/locale_base_api.h
[  472s] [1098/1759] Copying CXX header __locale_dir/locale_base_api/bsd_locale_fallbacks.h
[  472s] [1099/1759] Copying CXX header __locale_dir/locale_base_api/ibm.h
[  472s] [1100/1759] Copying CXX header __locale_dir/locale_base_api/openbsd.h
[  472s] [1101/1759] Copying CXX header __locale_dir/messages.h
[  472s] [1102/1759] Copying CXX header __locale_dir/money.h
[  472s] [1103/1759] Copying CXX header __locale_dir/num.h
[  472s] [1104/1759] Copying CXX header __locale_dir/pad_and_output.h
[  472s] [1105/1759] Copying CXX header __locale_dir/scan_keyword.h
[  472s] [1106/1759] Copying CXX header __locale_dir/support/aix.h
[  472s] [1107/1759] Copying CXX header __locale_dir/support/apple.h
[  472s] [1108/1759] Copying CXX header __locale_dir/support/bsd_like.h
[  472s] [1109/1759] Copying CXX header __locale_dir/support/freebsd.h
[  472s] [1110/1759] Copying CXX header __locale_dir/support/fuchsia.h
[  472s] [1111/1759] Copying CXX header __locale_dir/support/netbsd.h
[  472s] [1112/1759] Copying CXX header __locale_dir/support/linux.h
[  472s] [1113/1759] Copying CXX header __locale_dir/support/newlib.h
[  472s] [1114/1759] Copying CXX header __locale_dir/support/no_locale/characters.h
[  472s] [1115/1759] Copying CXX header __locale_dir/support/no_locale/strtonum.h
[  472s] [1116/1759] Copying CXX header __locale_dir/support/windows.h
[  472s] [1117/1759] Copying CXX header __locale_dir/time.h
[  472s] [1118/1759] Copying CXX header __locale_dir/wbuffer_convert.h
[  472s] [1119/1759] Copying CXX header __locale_dir/wstring_convert.h
[  472s] [1120/1759] Copying CXX header __log_hardening_failure
[  472s] [1121/1759] Copying CXX header __math/abs.h
[  472s] [1122/1759] Copying CXX header __math/copysign.h
[  472s] [1123/1759] Copying CXX header __math/exponential_functions.h
[  472s] [1124/1759] Copying CXX header __math/fma.h
[  472s] [1125/1759] Copying CXX header __math/hyperbolic_functions.h
[  472s] [1126/1759] Copying CXX header __math/min_max.h
[  472s] [1127/1759] Copying CXX header __math/error_functions.h
[  472s] [1128/1759] Copying CXX header __math/fdim.h
[  472s] [1129/1759] Copying CXX header __math/gamma.h
[  472s] [1130/1759] Copying CXX header __math/hypot.h
[  472s] [1131/1759] Copying CXX header __math/inverse_hyperbolic_functions.h
[  472s] [1132/1759] Copying CXX header __math/inverse_trigonometric_functions.h
[  472s] [1133/1759] Copying CXX header __math/logarithms.h
[  472s] [1134/1759] Copying CXX header __math/modulo.h
[  472s] [1135/1759] Copying CXX header __math/remainder.h
[  472s] [1136/1759] Copying CXX header __math/rounding_functions.h
[  472s] [1137/1759] Copying CXX header __math/traits.h
[  472s] [1138/1759] Copying CXX header __math/trigonometric_functions.h
[  472s] [1139/1759] Copying CXX header __mdspan/layout_right.h
[  472s] [1140/1759] Copying CXX header __math/roots.h
[  472s] [1141/1759] Copying CXX header __math/special_functions.h
[  472s] [1142/1759] Copying CXX header __mbstate_t.h
[  472s] [1143/1759] Copying CXX header __mdspan/aligned_accessor.h
[  472s] [1144/1759] Copying CXX header __mdspan/extents.h
[  472s] [1145/1759] Copying CXX header __mdspan/layout_left.h
[  472s] [1146/1759] Copying CXX header __mdspan/layout_stride.h
[  472s] [1147/1759] Copying CXX header __mdspan/mdspan.h
[  472s] [1148/1759] Copying CXX header __memory/addressof.h
[  472s] [1149/1759] Copying CXX header __memory/align.h
[  472s] [1150/1759] Copying CXX header __memory/allocate_at_least.h
[  472s] [1151/1759] Copying CXX header __memory/allocation_guard.h
[  472s] [1152/1759] Copying CXX header __memory/allocator.h
[  472s] [1153/1759] Copying CXX header __memory/allocator_traits.h
[  472s] [1154/1759] Copying CXX header __memory/array_cookie.h
[  472s] [1155/1759] Copying CXX header __memory/assume_aligned.h
[  472s] [1156/1759] Copying CXX header __mdspan/default_accessor.h
[  472s] [1157/1759] Copying CXX header __memory/allocator_arg_t.h
[  472s] [1158/1759] Copying CXX header __memory/allocator_destructor.h
[  472s] [1159/1759] Copying CXX header __memory/auto_ptr.h
[  472s] [1160/1759] Copying CXX header __memory/compressed_pair.h
[  472s] [1161/1759] Copying CXX header __memory/concepts.h
[  472s] [1162/1759] Copying CXX header __memory/construct_at.h
[  472s] [1163/1759] Copying CXX header __memory/destroy.h
[  472s] [1164/1759] Copying CXX header __memory/destruct_n.h
[  472s] [1165/1759] Copying CXX header __memory/inout_ptr.h
[  472s] [1166/1759] Copying CXX header __memory/is_sufficiently_aligned.h
[  472s] [1167/1759] Copying CXX header __memory/noexcept_move_assign_container.h
[  472s] [1168/1759] Copying CXX header __memory/out_ptr.h
[  472s] [1169/1759] Copying CXX header __memory/pointer_traits.h
[  472s] [1170/1759] Copying CXX header __memory/ranges_uninitialized_algorithms.h
[  472s] [1171/1759] Copying CXX header __memory/raw_storage_iterator.h
[  472s] [1172/1759] Copying CXX header __memory/shared_count.h
[  472s] [1173/1759] Copying CXX header __memory/shared_ptr.h
[  472s] [1174/1759] Copying CXX header __memory/ranges_construct_at.h
[  472s] [1175/1759] Copying CXX header __memory/ranges_destroy.h
[  472s] [1176/1759] Copying CXX header __memory/swap_allocator.h
[  472s] [1177/1759] Copying CXX header __memory/temp_value.h
[  472s] [1178/1759] Copying CXX header __memory/temporary_buffer.h
[  472s] [1179/1759] Copying CXX header __memory/uninitialized_algorithms.h
[  472s] [1180/1759] Copying CXX header __memory/unique_ptr.h
[  472s] [1181/1759] Copying CXX header __memory/unique_temporary_buffer.h
[  472s] [1182/1759] Copying CXX header __memory/uses_allocator.h
[  472s] [1183/1759] Copying CXX header __memory/uses_allocator_construction.h
[  472s] [1184/1759] Copying CXX header __memory_resource/memory_resource.h
[  472s] [1185/1759] Copying CXX header __memory_resource/monotonic_buffer_resource.h
[  472s] [1186/1759] Copying CXX header __memory_resource/polymorphic_allocator.h
[  472s] [1187/1759] Copying CXX header __memory_resource/pool_options.h
[  472s] [1188/1759] Copying CXX header __memory_resource/synchronized_pool_resource.h
[  472s] [1189/1759] Copying CXX header __memory_resource/unsynchronized_pool_resource.h
[  472s] [1190/1759] Copying CXX header __mutex/lock_guard.h
[  472s] [1191/1759] Copying CXX header __mutex/mutex.h
[  472s] [1192/1759] Copying CXX header __mutex/once_flag.h
[  472s] [1193/1759] Copying CXX header __mutex/tag_types.h
[  472s] [1194/1759] Copying CXX header __mutex/unique_lock.h
[  472s] [1195/1759] Copying CXX header __new/allocate.h
[  472s] [1196/1759] Copying CXX header __new/align_val_t.h
[  472s] [1197/1759] Copying CXX header __new/destroying_delete_t.h
[  472s] [1198/1759] Copying CXX header __new/exceptions.h
[  472s] [1199/1759] Copying CXX header __new/global_new_delete.h
[  472s] [1200/1759] Copying CXX header __new/interference_size.h
[  472s] [1201/1759] Copying CXX header __new/launder.h
[  472s] [1202/1759] Copying CXX header __new/new_handler.h
[  472s] [1203/1759] Copying CXX header __new/nothrow_t.h
[  472s] [1204/1759] Copying CXX header __new/placement_new_delete.h
[  472s] [1205/1759] Copying CXX header __node_handle
[  472s] [1206/1759] Copying CXX header __numeric/accumulate.h
[  472s] [1207/1759] Copying CXX header __numeric/adjacent_difference.h
[  472s] [1208/1759] Copying CXX header __numeric/exclusive_scan.h
[  472s] [1209/1759] Copying CXX header __numeric/gcd_lcm.h
[  472s] [1210/1759] Copying CXX header __numeric/inclusive_scan.h
[  472s] [1211/1759] Copying CXX header __numeric/inner_product.h
[  472s] [1212/1759] Copying CXX header __numeric/iota.h
[  472s] [1213/1759] Copying CXX header __numeric/midpoint.h
[  472s] [1214/1759] Copying CXX header __numeric/partial_sum.h
[  472s] [1215/1759] Copying CXX header __numeric/pstl.h
[  472s] [1216/1759] Copying CXX header __numeric/ranges_iota.h
[  472s] [1217/1759] Copying CXX header __numeric/reduce.h
[  472s] [1218/1759] Copying CXX header __numeric/saturation_arithmetic.h
[  472s] [1219/1759] Copying CXX header __numeric/transform_exclusive_scan.h
[  472s] [1220/1759] Copying CXX header __numeric/transform_inclusive_scan.h
[  472s] [1221/1759] Copying CXX header __numeric/transform_reduce.h
[  472s] [1222/1759] Copying CXX header __ostream/basic_ostream.h
[  472s] [1223/1759] Copying CXX header __ostream/print.h
[  472s] [1224/1759] Copying CXX header __ostream/put_character_sequence.h
[  472s] [1225/1759] Copying CXX header __pstl/backend.h
[  472s] [1226/1759] Copying CXX header __pstl/backend_fwd.h
[  472s] [1227/1759] Copying CXX header __pstl/backends/default.h
[  472s] [1228/1759] Copying CXX header __pstl/backends/libdispatch.h
[  472s] [1229/1759] Copying CXX header __pstl/backends/std_thread.h
[  472s] [1230/1759] Copying CXX header __pstl/cpu_algos/any_of.h
[  472s] [1231/1759] Copying CXX header __pstl/cpu_algos/cpu_traits.h
[  472s] [1232/1759] Copying CXX header __pstl/cpu_algos/fill.h
[  472s] [1233/1759] Copying CXX header __pstl/cpu_algos/find_if.h
[  472s] [1234/1759] Copying CXX header __pstl/cpu_algos/for_each.h
[  472s] [1235/1759] Copying CXX header __pstl/cpu_algos/merge.h
[  472s] [1236/1759] Copying CXX header __pstl/cpu_algos/stable_sort.h
[  472s] [1237/1759] Copying CXX header __pstl/backends/serial.h
[  472s] [1238/1759] Copying CXX header __pstl/cpu_algos/transform.h
[  472s] [1239/1759] Copying CXX header __pstl/cpu_algos/transform_reduce.h
[  472s] [1240/1759] Copying CXX header __pstl/dispatch.h
[  472s] [1241/1759] Copying CXX header __pstl/handle_exception.h
[  472s] [1242/1759] Copying CXX header __random/bernoulli_distribution.h
[  472s] [1243/1759] Copying CXX header __random/binomial_distribution.h
[  472s] [1244/1759] Copying CXX header __random/cauchy_distribution.h
[  472s] [1245/1759] Copying CXX header __random/chi_squared_distribution.h
[  472s] [1246/1759] Copying CXX header __random/clamp_to_integral.h
[  472s] [1247/1759] Copying CXX header __random/default_random_engine.h
[  472s] [1248/1759] Copying CXX header __random/discard_block_engine.h
[  472s] [1249/1759] Copying CXX header __random/discrete_distribution.h
[  472s] [1250/1759] Copying CXX header __random/exponential_distribution.h
[  472s] [1251/1759] Copying CXX header __random/extreme_value_distribution.h
[  472s] [1252/1759] Copying CXX header __random/fisher_f_distribution.h
[  472s] [1253/1759] Copying CXX header __random/gamma_distribution.h
[  472s] [1254/1759] Copying CXX header __random/generate_canonical.h
[  472s] [1255/1759] Copying CXX header __random/geometric_distribution.h
[  472s] [1256/1759] Copying CXX header __random/independent_bits_engine.h
[  472s] [1257/1759] Copying CXX header __random/is_seed_sequence.h
[  472s] [1258/1759] Copying CXX header __random/is_valid.h
[  472s] [1259/1759] Copying CXX header __random/knuth_b.h
[  472s] [1260/1759] Copying CXX header __random/linear_congruential_engine.h
[  472s] [1261/1759] Copying CXX header __random/log2.h
[  472s] [1262/1759] Copying CXX header __random/lognormal_distribution.h
[  472s] [1263/1759] Copying CXX header __random/mersenne_twister_engine.h
[  472s] [1264/1759] Copying CXX header __random/negative_binomial_distribution.h
[  472s] [1265/1759] Copying CXX header __random/normal_distribution.h
[  472s] [1266/1759] Copying CXX header __random/piecewise_constant_distribution.h
[  472s] [1267/1759] Copying CXX header __random/piecewise_linear_distribution.h
[  472s] [1268/1759] Copying CXX header __random/poisson_distribution.h
[  472s] [1269/1759] Copying CXX header __random/random_device.h
[  472s] [1270/1759] Copying CXX header __random/ranlux.h
[  472s] [1271/1759] Copying CXX header __random/seed_seq.h
[  472s] [1272/1759] Copying CXX header __random/shuffle_order_engine.h
[  472s] [1273/1759] Copying CXX header __random/student_t_distribution.h
[  472s] [1274/1759] Copying CXX header __random/subtract_with_carry_engine.h
[  472s] [1275/1759] Copying CXX header __random/uniform_int_distribution.h
[  472s] [1276/1759] Copying CXX header __random/uniform_random_bit_generator.h
[  472s] [1277/1759] Copying CXX header __random/uniform_real_distribution.h
[  472s] [1278/1759] Copying CXX header __random/weibull_distribution.h
[  472s] [1279/1759] Copying CXX header __ranges/access.h
[  472s] [1280/1759] Copying CXX header __ranges/adjacent_transform_view.h
[  472s] [1281/1759] Copying CXX header __ranges/adjacent_view.h
[  472s] [1282/1759] Copying CXX header __ranges/all.h
[  472s] [1283/1759] Copying CXX header __ranges/as_rvalue_view.h
[  472s] [1284/1759] Copying CXX header __ranges/chunk_by_view.h
[  472s] [1285/1759] Copying CXX header __ranges/common_view.h
[  472s] [1286/1759] Copying CXX header __ranges/concepts.h
[  472s] [1287/1759] Copying CXX header __ranges/container_compatible_range.h
[  472s] [1288/1759] Copying CXX header __ranges/counted.h
[  472s] [1289/1759] Copying CXX header __ranges/dangling.h
[  472s] [1290/1759] Copying CXX header __ranges/data.h
[  472s] [1291/1759] Copying CXX header __ranges/drop_view.h
[  472s] [1292/1759] Copying CXX header __ranges/drop_while_view.h
[  472s] [1293/1759] Copying CXX header __ranges/elements_of.h
[  472s] [1294/1759] Copying CXX header __ranges/elements_view.h
[  472s] [1295/1759] Copying CXX header __ranges/empty.h
[  472s] [1296/1759] Copying CXX header __ranges/empty_view.h
[  472s] [1297/1759] Copying CXX header __ranges/enable_borrowed_range.h
[  472s] [1298/1759] Copying CXX header __ranges/enable_view.h
[  472s] [1299/1759] Copying CXX header __ranges/filter_view.h
[  472s] [1300/1759] Copying CXX header __ranges/from_range.h
[  472s] [1301/1759] Copying CXX header __ranges/iota_view.h
[  472s] [1302/1759] Copying CXX header __ranges/istream_view.h
[  472s] [1303/1759] Copying CXX header __ranges/join_view.h
[  472s] [1304/1759] Copying CXX header __ranges/join_with_view.h
[  472s] [1305/1759] Copying CXX header __ranges/lazy_split_view.h
[  472s] [1306/1759] Copying CXX header __ranges/movable_box.h
[  472s] [1307/1759] Copying CXX header __ranges/non_propagating_cache.h
[  472s] [1308/1759] Copying CXX header __ranges/range_adaptor.h
[  472s] [1309/1759] Copying CXX header __ranges/owning_view.h
[  472s] [1310/1759] Copying CXX header __ranges/rbegin.h
[  472s] [1311/1759] Copying CXX header __ranges/ref_view.h
[  472s] [1312/1759] Copying CXX header __ranges/rend.h
[  472s] [1313/1759] Copying CXX header __ranges/repeat_view.h
[  472s] [1314/1759] Copying CXX header __ranges/reverse_view.h
[  472s] [1315/1759] Copying CXX header __ranges/single_view.h
[  472s] [1316/1759] Copying CXX header __ranges/size.h
[  472s] [1317/1759] Copying CXX header __ranges/split_view.h
[  472s] [1318/1759] Copying CXX header __ranges/subrange.h
[  472s] [1319/1759] Copying CXX header __ranges/take_view.h
[  472s] [1320/1759] Copying CXX header __ranges/take_while_view.h
[  472s] [1321/1759] Copying CXX header __ranges/to.h
[  472s] [1322/1759] Copying CXX header __ranges/transform_view.h
[  472s] [1323/1759] Copying CXX header __ranges/view_interface.h
[  472s] [1324/1759] Copying CXX header __ranges/views.h
[  472s] [1325/1759] Copying CXX header __ranges/zip_transform_view.h
[  472s] [1326/1759] Copying CXX header __ranges/zip_view.h
[  472s] [1327/1759] Copying CXX header __split_buffer
[  472s] [1328/1759] Copying CXX header __std_mbstate_t.h
[  472s] [1329/1759] Copying CXX header __stop_token/intrusive_list_view.h
[  472s] [1330/1759] Copying CXX header __stop_token/intrusive_shared_ptr.h
[  472s] [1331/1759] Copying CXX header __stop_token/stop_callback.h
[  472s] [1332/1759] Copying CXX header __stop_token/stop_source.h
[  472s] [1333/1759] Copying CXX header __stop_token/atomic_unique_lock.h
[  472s] [1334/1759] Copying CXX header __stop_token/stop_state.h
[  472s] [1335/1759] Copying CXX header __stop_token/stop_token.h
[  472s] [1336/1759] Copying CXX header __string/char_traits.h
[  472s] [1337/1759] Copying CXX header __string/constexpr_c_functions.h
[  472s] [1338/1759] Copying CXX header __string/extern_template_lists.h
[  472s] [1339/1759] Copying CXX header __support/ibm/gettod_zos.h
[  472s] [1340/1759] Copying CXX header __support/ibm/locale_mgmt_zos.h
[  472s] [1341/1759] Copying CXX header __support/ibm/nanosleep.h
[  472s] [1342/1759] Copying CXX header __support/xlocale/__nop_locale_mgmt.h
[  472s] [1343/1759] Copying CXX header __support/xlocale/__posix_l_fallback.h
[  472s] [1344/1759] Copying CXX header __system_error/errc.h
[  472s] [1345/1759] Copying CXX header __system_error/error_category.h
[  472s] [1346/1759] Copying CXX header __system_error/error_code.h
[  472s] [1347/1759] Copying CXX header __system_error/error_condition.h
[  472s] [1348/1759] Copying CXX header __system_error/system_error.h
[  472s] [1349/1759] Copying CXX header __system_error/throw_system_error.h
[  472s] [1350/1759] Copying CXX header __thread/id.h
[  472s] [1351/1759] Copying CXX header __thread/jthread.h
[  472s] [1352/1759] Copying CXX header __thread/poll_with_backoff.h
[  472s] [1353/1759] Copying CXX header __thread/support.h
[  472s] [1354/1759] Copying CXX header __support/xlocale/__strtonum_fallback.h
[  472s] [1355/1759] Copying CXX header __thread/formatter.h
[  472s] [1356/1759] Copying CXX header __thread/support/c11.h
[  472s] [1357/1759] Copying CXX header __thread/support/external.h
[  472s] [1358/1759] Copying CXX header __thread/support/pthread.h
[  472s] [1359/1759] Copying CXX header __thread/support/windows.h
[  472s] [1360/1759] Copying CXX header __thread/this_thread.h
[  472s] [1361/1759] Copying CXX header __thread/thread.h
[  472s] [1362/1759] Copying CXX header __thread/timed_backoff_policy.h
[  472s] [1363/1759] Copying CXX header __tree
[  472s] [1364/1759] Copying CXX header __tuple/find_index.h
[  472s] [1365/1759] Copying CXX header __tuple/ignore.h
[  472s] [1366/1759] Copying CXX header __tuple/sfinae_helpers.h
[  472s] [1367/1759] Copying CXX header __tuple/tuple_element.h
[  472s] [1368/1759] Copying CXX header __tuple/tuple_like.h
[  472s] [1369/1759] Copying CXX header __tuple/tuple_like_no_subrange.h
[  472s] [1370/1759] Copying CXX header __tuple/tuple_size.h
[  472s] [1371/1759] Copying CXX header __tuple/tuple_transform.h
[  472s] [1372/1759] Copying CXX header __type_traits/add_cv_quals.h
[  472s] [1373/1759] Copying CXX header __type_traits/add_pointer.h
[  472s] [1374/1759] Copying CXX header __type_traits/add_reference.h
[  472s] [1375/1759] Copying CXX header __type_traits/aligned_storage.h
[  472s] [1376/1759] Copying CXX header __type_traits/aligned_union.h
[  472s] [1377/1759] Copying CXX header __type_traits/alignment_of.h
[  472s] [1378/1759] Copying CXX header __type_traits/common_reference.h
[  472s] [1379/1759] Copying CXX header __type_traits/common_type.h
[  472s] [1380/1759] Copying CXX header __type_traits/conditional.h
[  472s] [1381/1759] Copying CXX header __type_traits/conjunction.h
[  472s] [1382/1759] Copying CXX header __type_traits/container_traits.h
[  472s] [1383/1759] Copying CXX header __type_traits/copy_cv.h
[  472s] [1384/1759] Copying CXX header __type_traits/copy_cvref.h
[  472s] [1385/1759] Copying CXX header __type_traits/datasizeof.h
[  472s] [1386/1759] Copying CXX header __type_traits/decay.h
[  472s] [1387/1759] Copying CXX header __type_traits/dependent_type.h
[  472s] [1388/1759] Copying CXX header __type_traits/desugars_to.h
[  472s] [1389/1759] Copying CXX header __type_traits/detected_or.h
[  472s] [1390/1759] Copying CXX header __type_traits/disjunction.h
[  472s] [1391/1759] Copying CXX header __type_traits/enable_if.h
[  472s] [1392/1759] Copying CXX header __type_traits/extent.h
[  472s] [1393/1759] Copying CXX header __type_traits/has_unique_object_representation.h
[  472s] [1394/1759] Copying CXX header __type_traits/has_virtual_destructor.h
[  472s] [1395/1759] Copying CXX header __type_traits/integer_traits.h
[  472s] [1396/1759] Copying CXX header __type_traits/integral_constant.h
[  472s] [1397/1759] Copying CXX header __type_traits/invoke.h
[  472s] [1398/1759] Copying CXX header __type_traits/is_abstract.h
[  472s] [1399/1759] Copying CXX header __type_traits/is_aggregate.h
[  472s] [1400/1759] Copying CXX header __type_traits/is_allocator.h
[  472s] [1401/1759] Copying CXX header __type_traits/is_always_bitcastable.h
[  472s] [1402/1759] Copying CXX header __type_traits/is_arithmetic.h
[  472s] [1403/1759] Copying CXX header __type_traits/is_array.h
[  472s] [1404/1759] Copying CXX header __type_traits/is_assignable.h
[  472s] [1405/1759] Copying CXX header __type_traits/is_base_of.h
[  472s] [1406/1759] Copying CXX header __type_traits/is_callable.h
[  472s] [1407/1759] Copying CXX header __type_traits/is_char_like_type.h
[  472s] [1408/1759] Copying CXX header __type_traits/is_class.h
[  472s] [1409/1759] Copying CXX header __type_traits/is_compound.h
[  472s] [1410/1759] Copying CXX header __type_traits/is_const.h
[  472s] [1411/1759] Copying CXX header __type_traits/is_constant_evaluated.h
[  472s] [1412/1759] Copying CXX header __type_traits/is_constructible.h
[  472s] [1413/1759] Copying CXX header __type_traits/is_convertible.h
[  472s] [1414/1759] Copying CXX header __type_traits/is_core_convertible.h
[  472s] [1415/1759] Copying CXX header __type_traits/is_destructible.h
[  472s] [1416/1759] Copying CXX header __type_traits/is_empty.h
[  472s] [1417/1759] Copying CXX header __type_traits/is_enum.h
[  472s] [1418/1759] Copying CXX header __type_traits/is_equality_comparable.h
[  472s] [1419/1759] Copying CXX header __type_traits/is_execution_policy.h
[  472s] [1420/1759] Copying CXX header __type_traits/is_floating_point.h
[  472s] [1421/1759] Copying CXX header __type_traits/is_fundamental.h
[  472s] [1422/1759] Copying CXX header __type_traits/is_generic_transparent_comparator.h
[  472s] [1423/1759] Copying CXX header __type_traits/is_final.h
[  472s] [1424/1759] Copying CXX header __type_traits/is_function.h
[  472s] [1425/1759] Copying CXX header __type_traits/is_implicit_lifetime.h
[  472s] [1426/1759] Copying CXX header __type_traits/is_implicitly_default_constructible.h
[  472s] [1427/1759] Copying CXX header __type_traits/is_integral.h
[  472s] [1428/1759] Copying CXX header __type_traits/is_literal_type.h
[  472s] [1429/1759] Copying CXX header __type_traits/is_member_pointer.h
[  472s] [1430/1759] Copying CXX header __type_traits/is_nothrow_assignable.h
[  472s] [1431/1759] Copying CXX header __type_traits/is_nothrow_constructible.h
[  472s] [1432/1759] Copying CXX header __type_traits/is_nothrow_destructible.h
[  472s] [1433/1759] Copying CXX header __type_traits/is_null_pointer.h
[  472s] [1434/1759] Copying CXX header __type_traits/is_object.h
[  472s] [1435/1759] Copying CXX header __type_traits/is_pod.h
[  472s] [1436/1759] Copying CXX header __type_traits/is_pointer.h
[  472s] [1437/1759] Copying CXX header __type_traits/is_polymorphic.h
[  472s] [1438/1759] Copying CXX header __type_traits/is_primary_template.h
[  472s] [1439/1759] Copying CXX header __type_traits/is_reference.h
[  472s] [1440/1759] Copying CXX header __type_traits/is_reference_wrapper.h
[  472s] [1441/1759] Copying CXX header __type_traits/is_referenceable.h
[  472s] [1442/1759] Copying CXX header __type_traits/is_same.h
[  472s] [1443/1759] Copying CXX header __type_traits/is_scalar.h
[  472s] [1444/1759] Copying CXX header __type_traits/is_signed.h
[  472s] [1445/1759] Copying CXX header __type_traits/is_specialization.h
[  472s] [1446/1759] Copying CXX header __type_traits/is_standard_layout.h
[  472s] [1447/1759] Copying CXX header __type_traits/is_swappable.h
[  472s] [1448/1759] Copying CXX header __type_traits/is_trivial.h
[  472s] [1449/1759] Copying CXX header __type_traits/is_trivially_assignable.h
[  472s] [1450/1759] Copying CXX header __type_traits/is_trivially_constructible.h
[  472s] [1451/1759] Copying CXX header __type_traits/is_trivially_copyable.h
[  472s] [1452/1759] Copying CXX header __type_traits/is_trivially_destructible.h
[  472s] [1453/1759] Copying CXX header __type_traits/is_trivially_lexicographically_comparable.h
[  472s] [1454/1759] Copying CXX header __type_traits/is_trivially_relocatable.h
[  472s] [1455/1759] Copying CXX header __type_traits/is_union.h
[  472s] [1456/1759] Copying CXX header __type_traits/is_unqualified.h
[  472s] [1457/1759] Copying CXX header __type_traits/is_unsigned.h
[  472s] [1458/1759] Copying CXX header __type_traits/is_void.h
[  472s] [1459/1759] Copying CXX header __type_traits/is_volatile.h
[  472s] [1460/1759] Copying CXX header __type_traits/is_within_lifetime.h
[  472s] [1461/1759] Copying CXX header __type_traits/lazy.h
[  472s] [1462/1759] Copying CXX header __type_traits/make_32_64_or_128_bit.h
[  472s] [1463/1759] Copying CXX header __type_traits/make_signed.h
[  472s] [1464/1759] Copying CXX header __type_traits/make_unsigned.h
[  472s] [1465/1759] Copying CXX header __type_traits/nat.h
[  472s] [1466/1759] Copying CXX header __type_traits/rank.h
[  472s] [1467/1759] Copying CXX header __type_traits/is_valid_expansion.h
[  472s] [1468/1759] Copying CXX header __type_traits/make_const_lvalue_ref.h
[  472s] [1469/1759] Copying CXX header __type_traits/make_transparent.h
[  472s] [1470/1759] Copying CXX header __type_traits/maybe_const.h
[  472s] [1471/1759] Copying CXX header __type_traits/negation.h
[  472s] [1472/1759] Copying CXX header __type_traits/promote.h
[  472s] [1473/1759] Copying CXX header __type_traits/reference_constructs_from_temporary.h
[  472s] [1474/1759] Copying CXX header __type_traits/reference_converts_from_temporary.h
[  472s] [1475/1759] Copying CXX header __type_traits/remove_all_extents.h
[  472s] [1476/1759] Copying CXX header __type_traits/remove_const.h
[  472s] [1477/1759] Copying CXX header __type_traits/remove_const_ref.h
[  472s] [1478/1759] Copying CXX header __type_traits/remove_cv.h
[  472s] [1479/1759] Copying CXX header __type_traits/remove_cvref.h
[  472s] [1480/1759] Copying CXX header __type_traits/remove_extent.h
[  472s] [1481/1759] Copying CXX header __type_traits/remove_pointer.h
[  472s] [1482/1759] Copying CXX header __type_traits/remove_reference.h
[  472s] [1483/1759] Copying CXX header __type_traits/remove_volatile.h
[  472s] [1484/1759] Copying CXX header __type_traits/result_of.h
[  472s] [1485/1759] Copying CXX header __type_traits/strip_signature.h
[  472s] [1486/1759] Copying CXX header __type_traits/type_identity.h
[  472s] [1487/1759] Copying CXX header __type_traits/type_list.h
[  472s] [1488/1759] Copying CXX header __type_traits/underlying_type.h
[  472s] [1489/1759] Copying CXX header __type_traits/unwrap_ref.h
[  472s] [1490/1759] Copying CXX header __type_traits/void_t.h
[  472s] [1491/1759] Copying CXX header __undef_macros
[  472s] [1492/1759] Copying CXX header __utility/as_const.h
[  472s] [1493/1759] Copying CXX header __utility/as_lvalue.h
[  472s] [1494/1759] Copying CXX header __utility/auto_cast.h
[  472s] [1495/1759] Copying CXX header __utility/cmp.h
[  472s] [1496/1759] Copying CXX header __utility/convert_to_integral.h
[  472s] [1497/1759] Copying CXX header __utility/declval.h
[  472s] [1498/1759] Copying CXX header __utility/default_three_way_comparator.h
[  472s] [1499/1759] Copying CXX header __utility/element_count.h
[  472s] [1500/1759] Copying CXX header __utility/empty.h
[  472s] [1501/1759] Copying CXX header __utility/exception_guard.h
[  472s] [1502/1759] Copying CXX header __utility/exchange.h
[  472s] [1503/1759] Copying CXX header __utility/forward.h
[  472s] [1504/1759] Copying CXX header __utility/forward_like.h
[  472s] [1505/1759] Copying CXX header __utility/in_place.h
[  472s] [1506/1759] Copying CXX header __utility/integer_sequence.h
[  472s] [1507/1759] Copying CXX header __utility/is_pointer_in_range.h
[  472s] [1508/1759] Copying CXX header __utility/lazy_synth_three_way_comparator.h
[  472s] [1509/1759] Copying CXX header __utility/is_valid_range.h
[  472s] [1510/1759] Copying CXX header __utility/move.h
[  472s] [1511/1759] Copying CXX header __utility/no_destroy.h
[  472s] [1512/1759] Copying CXX header __utility/pair.h
[  472s] [1513/1759] Copying CXX header __utility/piecewise_construct.h
[  472s] [1514/1759] Copying CXX header __utility/priority_tag.h
[  472s] [1515/1759] Copying CXX header __utility/private_constructor_tag.h
[  472s] [1516/1759] Copying CXX header __utility/rel_ops.h
[  472s] [1517/1759] Copying CXX header __utility/scope_guard.h
[  472s] [1518/1759] Copying CXX header __utility/small_buffer.h
[  473s] [1519/1759] Copying CXX header __utility/swap.h
[  473s] [1520/1759] Copying CXX header __utility/to_underlying.h
[  473s] [1521/1759] Copying CXX header __utility/try_key_extraction.h
[  473s] [1522/1759] Copying CXX header __utility/unreachable.h
[  473s] [1523/1759] Copying CXX header __variant/monostate.h
[  473s] [1524/1759] Copying CXX header __vector/comparison.h
[  473s] [1525/1759] Copying CXX header __vector/container_traits.h
[  473s] [1526/1759] Copying CXX header __vector/erase.h
[  473s] [1527/1759] Copying CXX header __vector/pmr.h
[  473s] [1528/1759] Copying CXX header __vector/swap.h
[  473s] [1529/1759] Copying CXX header __vector/vector.h
[  473s] [1530/1759] Copying CXX header __vector/vector_bool.h
[  473s] [1531/1759] Copying CXX header __verbose_trap
[  473s] [1532/1759] Copying CXX header __vector/vector_bool_formatter.h
[  473s] [1533/1759] Copying CXX header __verbose_abort
[  473s] [1534/1759] Copying CXX header algorithm
[  473s] [1535/1759] Copying CXX header any
[  473s] [1536/1759] Copying CXX header array
[  473s] [1537/1759] Copying CXX header atomic
[  473s] [1538/1759] Copying CXX header barrier
[  473s] [1539/1759] Copying CXX header bit
[  473s] [1540/1759] Copying CXX header bitset
[  473s] [1541/1759] Copying CXX header cassert
[  473s] [1542/1759] Copying CXX header ccomplex
[  473s] [1543/1759] Copying CXX header cctype
[  473s] [1544/1759] Copying CXX header cerrno
[  473s] [1545/1759] Copying CXX header cfenv
[  473s] [1546/1759] Copying CXX header cfloat
[  473s] [1547/1759] Copying CXX header charconv
[  473s] [1548/1759] Copying CXX header chrono
[  473s] [1549/1759] Copying CXX header cinttypes
[  473s] [1550/1759] Copying CXX header climits
[  473s] [1551/1759] Copying CXX header clocale
[  473s] [1552/1759] Copying CXX header cmath
[  473s] [1553/1759] Copying CXX header complex
[  473s] [1554/1759] Copying CXX header ciso646
[  473s] [1555/1759] Copying CXX header codecvt
[  473s] [1556/1759] Copying CXX header compare
[  473s] [1557/1759] Copying CXX header complex.h
[  473s] [1558/1759] Copying CXX header concepts
[  473s] [1559/1759] Copying CXX header condition_variable
[  473s] [1560/1759] Copying CXX header coroutine
[  473s] [1561/1759] Copying CXX header csetjmp
[  473s] [1562/1759] Copying CXX header csignal
[  473s] [1563/1759] Copying CXX header cstdalign
[  473s] [1564/1759] Copying CXX header cstdarg
[  473s] [1565/1759] Copying CXX header cstdbool
[  473s] [1566/1759] Copying CXX header cstddef
[  473s] [1567/1759] Copying CXX header cstdint
[  473s] [1568/1759] Copying CXX header cstdio
[  473s] [1569/1759] Copying CXX header cstdlib
[  473s] [1570/1759] Copying CXX header cstring
[  473s] [1571/1759] Copying CXX header ctgmath
[  473s] [1572/1759] Copying CXX header ctime
[  473s] [1573/1759] Copying CXX header ctype.h
[  473s] [1574/1759] Copying CXX header cuchar
[  473s] [1575/1759] Copying CXX header cwchar
[  473s] [1576/1759] Copying CXX header cwctype
[  473s] [1577/1759] Copying CXX header deque
[  473s] [1578/1759] Copying CXX header errno.h
[  473s] [1579/1759] Copying CXX header exception
[  473s] [1580/1759] Copying CXX header execution
[  473s] [1581/1759] Copying CXX header expected
[  473s] [1582/1759] Copying CXX header experimental/__simd/aligned_tag.h
[  473s] [1583/1759] Copying CXX header experimental/__simd/declaration.h
[  473s] [1584/1759] Copying CXX header experimental/__simd/reference.h
[  473s] [1585/1759] Copying CXX header experimental/__simd/scalar.h
[  473s] [1586/1759] Copying CXX header experimental/__simd/simd.h
[  473s] [1587/1759] Copying CXX header experimental/__simd/simd_mask.h
[  473s] [1588/1759] Copying CXX header experimental/__simd/traits.h
[  473s] [1589/1759] Copying CXX header experimental/__simd/utility.h
[  473s] [1590/1759] Copying CXX header experimental/__simd/vec_ext.h
[  473s] [1591/1759] Copying CXX header experimental/iterator
[  473s] [1592/1759] Copying CXX header experimental/memory
[  473s] [1593/1759] Copying CXX header experimental/propagate_const
[  473s] [1594/1759] Copying CXX header experimental/simd
[  473s] [1595/1759] Copying CXX header experimental/type_traits
[  473s] [1596/1759] Copying CXX header ext/__hash
[  473s] [1597/1759] Copying CXX header ext/hash_map
[  473s] [1598/1759] Copying CXX header ext/hash_set
[  473s] [1599/1759] Copying CXX header fenv.h
[  473s] [1600/1759] Copying CXX header experimental/utility
[  473s] [1601/1759] Copying CXX header filesystem
[  473s] [1602/1759] Copying CXX header flat_map
[  473s] [1603/1759] Copying CXX header flat_set
[  473s] [1604/1759] Copying CXX header float.h
[  473s] [1605/1759] Copying CXX header format
[  473s] [1606/1759] Copying CXX header forward_list
[  473s] [1607/1759] Copying CXX header fstream
[  473s] [1608/1759] Copying CXX header functional
[  473s] [1609/1759] Copying CXX header future
[  473s] [1610/1759] Copying CXX header initializer_list
[  473s] [1611/1759] Copying CXX header inttypes.h
[  473s] [1612/1759] Copying CXX header iomanip
[  473s] [1613/1759] Copying CXX header ios
[  473s] [1614/1759] Copying CXX header iosfwd
[  473s] [1615/1759] Copying CXX header iostream
[  473s] [1616/1759] Copying CXX header istream
[  473s] [1617/1759] Copying CXX header iterator
[  473s] [1618/1759] Copying CXX header latch
[  473s] [1619/1759] Copying CXX header limits
[  473s] [1620/1759] Copying CXX header list
[  473s] [1621/1759] Copying CXX header locale
[  473s] [1622/1759] Copying CXX header map
[  473s] [1623/1759] Copying CXX header math.h
[  473s] [1624/1759] Copying CXX header mdspan
[  473s] [1625/1759] Copying CXX header memory
[  473s] [1626/1759] Copying CXX header memory_resource
[  473s] [1627/1759] Copying CXX header mutex
[  473s] [1628/1759] Copying CXX header new
[  473s] [1629/1759] Copying CXX header numbers
[  473s] [1630/1759] Copying CXX header numeric
[  473s] [1631/1759] Copying CXX header optional
[  473s] [1632/1759] Copying CXX header ostream
[  473s] [1633/1759] Copying CXX header print
[  473s] [1634/1759] Copying CXX header queue
[  473s] [1635/1759] Copying CXX header random
[  473s] [1636/1759] Copying CXX header ranges
[  473s] [1637/1759] Copying CXX header ratio
[  473s] [1638/1759] Copying CXX header regex
[  473s] [1639/1759] Copying CXX header scoped_allocator
[  473s] [1640/1759] Copying CXX header semaphore
[  473s] [1641/1759] Copying CXX header set
[  473s] [1642/1759] Copying CXX header shared_mutex
[  473s] [1643/1759] Copying CXX header source_location
[  473s] [1644/1759] Copying CXX header span
[  473s] [1645/1759] Copying CXX header stack
[  473s] [1646/1759] Copying CXX header stdatomic.h
[  473s] [1647/1759] Copying CXX header stddef.h
[  473s] [1648/1759] Copying CXX header sstream
[  473s] [1649/1759] Copying CXX header stdexcept
[  473s] [1650/1759] Copying CXX header stdio.h
[  473s] [1651/1759] Copying CXX header stdlib.h
[  473s] [1652/1759] Copying CXX header stop_token
[  473s] [1653/1759] Copying CXX header streambuf
[  473s] [1654/1759] Copying CXX header string
[  473s] [1655/1759] Copying CXX header string_view
[  473s] [1656/1759] Copying CXX header strstream
[  473s] [1657/1759] Copying CXX header syncstream
[  473s] [1658/1759] Copying CXX header tgmath.h
[  473s] [1659/1759] Copying CXX header thread
[  473s] [1660/1759] Copying CXX header typeinfo
[  473s] [1661/1759] Copying CXX header string.h
[  473s] [1662/1759] Copying CXX header type_traits
[  473s] [1663/1759] Copying CXX header uchar.h
[  473s] [1664/1759] Copying CXX header tuple
[  473s] [1665/1759] Copying CXX header unordered_set
[  473s] [1666/1759] Copying CXX header system_error
[  473s] [1667/1759] Copying CXX header unordered_map
[  473s] [1668/1759] Copying CXX header utility
[  473s] [1669/1759] Copying CXX header vector
[  473s] [1670/1759] Copying CXX header valarray
[  473s] [1671/1759] Copying CXX header wchar.h
[  473s] [1672/1759] Copying CXX header variant
[  473s] [1673/1759] Copying CXX header wctype.h
[  473s] [1674/1759] Copying CXX header version
[  473s] [1675/1759] Copying CXX header typeindex
[  473s] [1676/1759] Generate the mapping file for include-what-you-use
[  473s] [1677/1759] Building CXX object libcxxabi/src/CMakeFiles/cxxabi_shared_objects.dir/cxa_virtual.cpp.o
[  473s] [1678/1759] Building CXX object libcxxabi/src/CMakeFiles/cxxabi_shared_objects.dir/stdlib_typeinfo.cpp.o
[  473s] [1679/1759] Building CXX object libcxx/src/CMakeFiles/cxx_shared.dir/new_helpers.cpp.o
[  473s] [1680/1759] Building CXX object libcxxabi/src/CMakeFiles/cxxabi_shared_objects.dir/abort_message.cpp.o
[  473s] [1681/1759] Building CXX object libcxxabi/src/CMakeFiles/cxxabi_shared_objects.dir/cxa_aux_runtime.cpp.o
[  473s] [1682/1759] Building CXX object libcxxabi/src/CMakeFiles/cxxabi_shared_objects.dir/stdlib_exception.cpp.o
[  473s] [1683/1759] Building CXX object libcxxabi/src/CMakeFiles/cxxabi_shared_objects.dir/stdlib_new_delete.cpp.o
[  473s] [1684/1759] Building CXX object libcxx/src/CMakeFiles/cxx_shared.dir/exception.cpp.o
[  474s] [1685/1759] Building CXX object libcxx/src/CMakeFiles/cxx_shared.dir/any.cpp.o
[  474s] [1686/1759] Building CXX object libcxx/src/CMakeFiles/cxx_shared.dir/expected.cpp.o
[  474s] [1687/1759] Building CXX object libcxxabi/src/CMakeFiles/cxxabi_shared_objects.dir/cxa_vector.cpp.o
[  474s] [1688/1759] Building CXX object libcxx/src/CMakeFiles/cxx_shared.dir/typeinfo.cpp.o
[  474s] [1689/1759] Building CXX object libcxxabi/src/CMakeFiles/cxxabi_shared_objects.dir/cxa_personality.cpp.o
[  474s] [1690/1759] Building CXX object libcxxabi/src/CMakeFiles/cxxabi_shared_objects.dir/private_typeinfo.cpp.o
[  474s] [1691/1759] Building CXX object libcxx/src/CMakeFiles/cxx_shared.dir/verbose_abort.cpp.o
[  474s] [1692/1759] Building CXX object libcxx/src/CMakeFiles/cxx_shared.dir/optional.cpp.o
[  474s] [1693/1759] Building CXX object libcxxabi/src/CMakeFiles/cxxabi_shared_objects.dir/fallback_malloc.cpp.o
[  474s] [1694/1759] Building CXX object libcxxabi/src/CMakeFiles/cxxabi_shared_objects.dir/cxa_exception_storage.cpp.o
[  474s] [1695/1759] Building CXX object libcxxabi/src/CMakeFiles/cxxabi_shared_objects.dir/cxa_thread_atexit.cpp.o
[  474s] [1696/1759] Building CXX object libcxx/src/CMakeFiles/cxx_shared.dir/variant.cpp.o
[  474s] [1697/1759] Building CXX object libcxx/src/CMakeFiles/cxx_shared.dir/condition_variable_destructor.cpp.o
[  474s] [1698/1759] Building CXX object libcxx/src/CMakeFiles/cxx_shared.dir/call_once.cpp.o
[  474s] [1699/1759] Building CXX object libcxx/src/CMakeFiles/cxx_shared.dir/new_handler.cpp.o
[  474s] [1700/1759] Building CXX object libcxx/src/CMakeFiles/cxx_shared.dir/ryu/d2fixed.cpp.o
[  474s] [1701/1759] Building CXX object libcxxabi/src/CMakeFiles/cxxabi_shared_objects.dir/cxa_guard.cpp.o
[  474s] [1702/1759] Building CXX object libcxx/src/CMakeFiles/cxx_shared.dir/mutex_destructor.cpp.o
[  474s] [1703/1759] Building CXX object libcxxabi/src/CMakeFiles/cxxabi_shared_objects.dir/stdlib_stdexcept.cpp.o
[  474s] [1704/1759] Building CXX object libcxx/src/CMakeFiles/cxx_shared.dir/ryu/f2s.cpp.o
[  474s] [1705/1759] Building CXX object libcxx/src/CMakeFiles/cxx_shared.dir/ryu/d2s.cpp.o
[  474s] [1706/1759] Building CXX object libcxxabi/src/CMakeFiles/cxxabi_shared_objects.dir/cxa_handlers.cpp.o
[  474s] [1707/1759] Building CXX object libcxxabi/src/CMakeFiles/cxxabi_shared_objects.dir/cxa_default_handlers.cpp.o
[  474s] [1708/1759] Building CXX object libcxx/src/CMakeFiles/cxx_shared.dir/valarray.cpp.o
[  474s] [1709/1759] Building CXX object libcxx/src/CMakeFiles/cxx_shared.dir/error_category.cpp.o
[  474s] [1710/1759] Building CXX object libcxxabi/src/CMakeFiles/cxxabi_shared_objects.dir/cxa_exception.cpp.o
[  474s] [1711/1759] Building CXX object libcxx/src/CMakeFiles/cxx_shared.dir/bind.cpp.o
[  474s] [1712/1759] Building CXX object libcxx/src/CMakeFiles/cxx_shared.dir/filesystem/int128_builtins.cpp.o
[  474s] [1713/1759] Building CXX object libcxx/src/CMakeFiles/cxx_shared.dir/functional.cpp.o
[  474s] [1714/1759] Building CXX object libcxx/src/CMakeFiles/cxx_experimental.dir/experimental/keep.cpp.o
[  474s] [1715/1759] Building CXX object libcxx/src/CMakeFiles/cxx_shared.dir/shared_mutex.cpp.o
[  474s] [1716/1759] Building CXX object libcxx/src/CMakeFiles/cxx_experimental.dir/experimental/log_hardening_failure.cpp.o
[  474s] [1717/1759] Building CXX object libcxx/src/CMakeFiles/cxx_shared.dir/memory_resource.cpp.o
[  474s] [1718/1759] Building CXX object libcxx/src/CMakeFiles/cxx_shared.dir/mutex.cpp.o
[  474s] [1719/1759] Building CXX object libcxx/src/CMakeFiles/cxx_shared.dir/stdexcept.cpp.o
[  475s] [1720/1759] Building CXX object libcxx/src/CMakeFiles/cxx_shared.dir/system_error.cpp.o
[  475s] [1721/1759] Building CXX object libcxx/src/CMakeFiles/cxx_shared.dir/hash.cpp.o
[  475s] [1722/1759] Building CXX object libcxx/src/CMakeFiles/cxx_shared.dir/vector.cpp.o
[  475s] [1723/1759] Building CXX object libcxx/src/CMakeFiles/cxx_shared.dir/future.cpp.o
[  475s] [1724/1759] Building CXX object libcxx/src/CMakeFiles/cxx_shared.dir/charconv.cpp.o
[  475s] [1725/1759] Building CXX object libcxx/src/CMakeFiles/cxx_shared.dir/memory.cpp.o
[  475s] [1726/1759] Building CXX object libcxx/src/CMakeFiles/cxx_shared.dir/barrier.cpp.o
[  475s] [1727/1759] Building CXX object libcxx/src/CMakeFiles/cxx_shared.dir/condition_variable.cpp.o
[  475s] [1728/1759] Building CXX object libcxx/src/CMakeFiles/cxx_shared.dir/filesystem/filesystem_error.cpp.o
[  475s] [1729/1759] Building CXX object libcxx/src/CMakeFiles/cxx_shared.dir/fstream.cpp.o
[  475s] [1730/1759] Building CXX object libcxx/src/CMakeFiles/cxx_shared.dir/random_shuffle.cpp.o
[  475s] [1731/1759] Building CXX object libcxx/src/CMakeFiles/cxx_shared.dir/atomic.cpp.o
[  475s] [1732/1759] Building CXX object libcxx/src/CMakeFiles/cxx_shared.dir/random.cpp.o
[  475s] [1733/1759] Building CXX object libcxx/src/CMakeFiles/cxx_shared.dir/print.cpp.o
[  475s] [1734/1759] Building CXX object libcxx/src/CMakeFiles/cxx_shared.dir/strstream.cpp.o
[  475s] [1735/1759] Building CXX object libcxx/src/CMakeFiles/cxx_shared.dir/ios.cpp.o
[  475s] [1736/1759] Building CXX object libcxx/src/CMakeFiles/cxx_shared.dir/filesystem/path.cpp.o
[  475s] [1737/1759] Building CXX object libcxx/src/CMakeFiles/cxx_shared.dir/thread.cpp.o
[  475s] [1738/1759] Building CXX object libcxx/src/CMakeFiles/cxx_shared.dir/chrono.cpp.o
[  476s] [1739/1759] Building CXX object libcxx/src/CMakeFiles/cxx_shared.dir/ostream.cpp.o
[  476s] [1740/1759] Building CXX object libcxx/src/CMakeFiles/cxx_shared.dir/filesystem/filesystem_clock.cpp.o
[  476s] [1741/1759] Building CXX object libcxx/src/CMakeFiles/cxx_shared.dir/iostream.cpp.o
[  476s] [1742/1759] Building CXX object libcxx/src/CMakeFiles/cxx_shared.dir/regex.cpp.o
[  476s] [1743/1759] Building CXX object libcxx/src/CMakeFiles/cxx_shared.dir/string.cpp.o
[  476s] [1744/1759] Building CXX object libcxx/src/CMakeFiles/cxx_experimental.dir/experimental/chrono_exception.cpp.o
[  476s] [1745/1759] Building CXX object libcxx/src/CMakeFiles/cxx_experimental.dir/experimental/tzdb_list.cpp.o
[  476s] [1746/1759] Building CXX object libcxx/src/CMakeFiles/cxx_shared.dir/filesystem/directory_entry.cpp.o
[  476s] [1747/1759] Building CXX object libcxx/src/CMakeFiles/cxx_shared.dir/filesystem/directory_iterator.cpp.o
[  477s] [1748/1759] Building CXX object libcxx/src/CMakeFiles/cxx_shared.dir/ios.instantiations.cpp.o
[  477s] [1749/1759] Building CXX object libcxx/src/CMakeFiles/cxx_shared.dir/algorithm.cpp.o
[  477s] [1750/1759] Building CXX object libcxx/src/CMakeFiles/cxx_shared.dir/filesystem/operations.cpp.o
[  477s] [1751/1759] Building CXX object libcxxabi/src/CMakeFiles/cxxabi_shared_objects.dir/cxa_demangle.cpp.o
[  477s] [1752/1759] Linking CXX shared library lib/libc++abi.so.1.0
[  477s] [1753/1759] Creating library symlink lib/libc++abi.so.1 lib/libc++abi.so
[  478s] [1754/1759] Building CXX object libcxx/src/CMakeFiles/cxx_experimental.dir/experimental/tzdb.cpp.o
[  478s] [1755/1759] Building CXX object libcxx/src/CMakeFiles/cxx_experimental.dir/experimental/time_zone.cpp.o
[  479s] [1756/1759] Building CXX object libcxx/src/CMakeFiles/cxx_shared.dir/locale.cpp.o
[  480s] [1757/1759] Linking CXX shared library lib/libc++.so.1.0
[  480s] [1758/1759] Creating library symlink lib/libc++.so.1 lib/libc++.so
[  480s] [1759/1759] Linking CXX static library lib/libc++experimental.a
[  480s] + exit 0
[  480s] Executing(%install): /bin/sh -e /var/tmp/rpm-tmp.wUIQrn
[  480s] + umask 022
[  480s] + cd /home/abuild/rpmbuild/BUILD
[  480s] + /bin/rm -rf /home/abuild/rpmbuild/BUILDROOT/libcxx-runtimes-22.1.8-1.arm
[  480s] + /bin/mkdir -p /home/abuild/rpmbuild/BUILDROOT/libcxx-runtimes-22.1.8-1.arm
[  480s] + cd llvm-22.1.8
[  480s] + export AR=llvm-ar RANLIB=llvm-ranlib
[  480s] + AR=llvm-ar
[  480s] + RANLIB=llvm-ranlib
[  480s] + export CC=armv7l-tizen-linux-gnueabi-clang CXX=armv7l-tizen-linux-gnueabi-clang++
[  480s] + CC=armv7l-tizen-linux-gnueabi-clang
[  480s] + CXX=armv7l-tizen-linux-gnueabi-clang++
[  480s] + cd build
[  480s] + DESTDIR=/home/abuild/rpmbuild/BUILDROOT/libcxx-runtimes-22.1.8-1.arm
[  480s] + cmake --install .
[  480s] -- Install configuration: "Release"
[  480s] -- Installing: /home/abuild/rpmbuild/BUILDROOT/libcxx-runtimes-22.1.8-1.arm/usr/include/c++/v1/__cxxabi_config.h
[  480s] -- Installing: /home/abuild/rpmbuild/BUILDROOT/libcxx-runtimes-22.1.8-1.arm/usr/include/c++/v1/cxxabi.h
[  480s] -- Installing: /home/abuild/rpmbuild/BUILDROOT/libcxx-runtimes-22.1.8-1.arm/usr/lib/libc++abi.so.1.0
[  480s] -- Installing: /home/abuild/rpmbuild/BUILDROOT/libcxx-runtimes-22.1.8-1.arm/usr/lib/libc++abi.so.1
[  480s] -- Installing: /home/abuild/rpmbuild/BUILDROOT/libcxx-runtimes-22.1.8-1.arm/usr/lib/libc++abi.so
[  480s] -- Installing: /home/abuild/rpmbuild/BUILDROOT/libcxx-runtimes-22.1.8-1.arm/usr/include/c++/v1/__algorithm/adjacent_find.h
[  480s] -- Installing: /home/abuild/rpmbuild/BUILDROOT/libcxx-runtimes-22.1.8-1.arm/usr/include/c++/v1/__algorithm/all_of.h
[  480s] -- Installing: /home/abuild/rpmbuild/BUILDROOT/libcxx-runtimes-22.1.8-1.arm/usr/include/c++/v1/__algorithm/any_of.h
[  480s] -- Installing: /home/abuild/rpmbuild/BUILDROOT/libcxx-runtimes-22.1.8-1.arm/usr/include/c++/v1/__algorithm/binary_search.h
[  480s] -- Installing: /home/abuild/rpmbuild/BUILDROOT/libcxx-runtimes-22.1.8-1.arm/usr/include/c++/v1/__algorithm/clamp.h
[  480s] -- Installing: /home/abuild/rpmbuild/BUILDROOT/libcxx-runtimes-22.1.8-1.arm/usr/include/c++/v1/__algorithm/comp.h
[  480s] -- Installing: /home/abuild/rpmbuild/BUILDROOT/libcxx-runtimes-22.1.8-1.arm/usr/include/c++/v1/__algorithm/comp_ref_type.h
[  480s] -- Installing: /home/abuild/rpmbuild/BUILDROOT/libcxx-runtimes-22.1.8-1.arm/usr/include/c++/v1/__algorithm/copy.h
[  480s] -- Installing: /home/abuild/rpmbuild/BUILDROOT/libcxx-runtimes-22.1.8-1.arm/usr/include/c++/v1/__algorithm/copy_backward.h
[  480s] -- Installing: /home/abuild/rpmbuild/BUILDROOT/libcxx-runtimes-22.1.8-1.arm/usr/include/c++/v1/__algorithm/copy_if.h
[  480s] -- Installing: /home/abuild/rpmbuild/BUILDROOT/libcxx-runtimes-22.1.8-1.arm/usr/include/c++/v1/__algorithm/copy_move_common.h
[  480s] -- Installing: /home/abuild/rpmbuild/BUILDROOT/libcxx-runtimes-22.1.8-1.arm/usr/include/c++/v1/__algorithm/copy_n.h
[  480s] -- Installing: /home/abuild/rpmbuild/BUILDROOT/libcxx-runtimes-22.1.8-1.arm/usr/include/c++/v1/__algorithm/count.h
[  480s] -- Installing: /home/abuild/rpmbuild/BUILDROOT/libcxx-runtimes-22.1.8-1.arm/usr/include/c++/v1/__algorithm/count_if.h
[  480s] -- Installing: /home/abuild/rpmbuild/BUILDROOT/libcxx-runtimes-22.1.8-1.arm/usr/include/c++/v1/__algorithm/equal.h
[  480s] -- Installing: /home/abuild/rpmbuild/BUILDROOT/libcxx-runtimes-22.1.8-1.arm/usr/include/c++/v1/__algorithm/equal_range.h
[  480s] -- Installing: /home/abuild/rpmbuild/BUILDROOT/libcxx-runtimes-22.1.8-1.arm/usr/include/c++/v1/__algorithm/fill.h
[  480s] -- Installing: /home/abuild/rpmbuild/BUILDROOT/libcxx-runtimes-22.1.8-1.arm/usr/include/c++/v1/__algorithm/fill_n.h
[  480s] -- Installing: /home/abuild/rpmbuild/BUILDROOT/libcxx-runtimes-22.1.8-1.arm/usr/include/c++/v1/__algorithm/find.h
[  480s] -- Installing: /home/abuild/rpmbuild/BUILDROOT/libcxx-runtimes-22.1.8-1.arm/usr/include/c++/v1/__algorithm/find_end.h
[  480s] -- Installing: /home/abuild/rpmbuild/BUILDROOT/libcxx-runtimes-22.1.8-1.arm/usr/include/c++/v1/__algorithm/find_first_of.h
[  480s] -- Installing: /home/abuild/rpmbuild/BUILDROOT/libcxx-runtimes-22.1.8-1.arm/usr/include/c++/v1/__algorithm/find_if.h
[  480s] -- Installing: /home/abuild/rpmbuild/BUILDROOT/libcxx-runtimes-22.1.8-1.arm/usr/include/c++/v1/__algorithm/find_if_not.h
[  480s] -- Installing: /home/abuild/rpmbuild/BUILDROOT/libcxx-runtimes-22.1.8-1.arm/usr/include/c++/v1/__algorithm/find_segment_if.h
[  480s] -- Installing: /home/abuild/rpmbuild/BUILDROOT/libcxx-runtimes-22.1.8-1.arm/usr/include/c++/v1/__algorithm/for_each.h
[  480s] -- Installing: /home/abuild/rpmbuild/BUILDROOT/libcxx-runtimes-22.1.8-1.arm/usr/include/c++/v1/__algorithm/for_each_n.h
[  480s] -- Installing: /home/abuild/rpmbuild/BUILDROOT/libcxx-runtimes-22.1.8-1.arm/usr/include/c++/v1/__algorithm/for_each_n_segment.h
[  480s] -- Installing: /home/abuild/rpmbuild/BUILDROOT/libcxx-runtimes-22.1.8-1.arm/usr/include/c++/v1/__algorithm/for_each_segment.h
[  480s] -- Installing: /home/abuild/rpmbuild/BUILDROOT/libcxx-runtimes-22.1.8-1.arm/usr/include/c++/v1/__algorithm/generate.h
[  480s] -- Installing: /home/abuild/rpmbuild/BUILDROOT/libcxx-runtimes-22.1.8-1.arm/usr/include/c++/v1/__algorithm/generate_n.h
[  480s] -- Installing: /home/abuild/rpmbuild/BUILDROOT/libcxx-runtimes-22.1.8-1.arm/usr/include/c++/v1/__algorithm/half_positive.h
[  480s] -- Installing: /home/abuild/rpmbuild/BUILDROOT/libcxx-runtimes-22.1.8-1.arm/usr/include/c++/v1/__algorithm/in_found_result.h
[  480s] -- Installing: /home/abuild/rpmbuild/BUILDROOT/libcxx-runtimes-22.1.8-1.arm/usr/include/c++/v1/__algorithm/in_fun_result.h
[  480s] -- Installing: /home/abuild/rpmbuild/BUILDROOT/libcxx-runtimes-22.1.8-1.arm/usr/include/c++/v1/__algorithm/in_in_out_result.h
[  480s] -- Installing: /home/abuild/rpmbuild/BUILDROOT/libcxx-runtimes-22.1.8-1.arm/usr/include/c++/v1/__algorithm/in_in_result.h
[  480s] -- Installing: /home/abuild/rpmbuild/BUILDROOT/libcxx-runtimes-22.1.8-1.arm/usr/include/c++/v1/__algorithm/in_out_out_result.h
[  480s] -- Installing: /home/abuild/rpmbuild/BUILDROOT/libcxx-runtimes-22.1.8-1.arm/usr/include/c++/v1/__algorithm/in_out_result.h
[  480s] -- Installing: /home/abuild/rpmbuild/BUILDROOT/libcxx-runtimes-22.1.8-1.arm/usr/include/c++/v1/__algorithm/includes.h
[  480s] -- Installing: /home/abuild/rpmbuild/BUILDROOT/libcxx-runtimes-22.1.8-1.arm/usr/include/c++/v1/__algorithm/inplace_merge.h
[  480s] -- Installing: /home/abuild/rpmbuild/BUILDROOT/libcxx-runtimes-22.1.8-1.arm/usr/include/c++/v1/__algorithm/is_heap.h
[  480s] -- Installing: /home/abuild/rpmbuild/BUILDROOT/libcxx-runtimes-22.1.8-1.arm/usr/include/c++/v1/__algorithm/is_heap_until.h
[  480s] -- Installing: /home/abuild/rpmbuild/BUILDROOT/libcxx-runtimes-22.1.8-1.arm/usr/include/c++/v1/__algorithm/is_partitioned.h
[  480s] -- Installing: /home/abuild/rpmbuild/BUILDROOT/libcxx-runtimes-22.1.8-1.arm/usr/include/c++/v1/__algorithm/is_permutation.h
[  480s] -- Installing: /home/abuild/rpmbuild/BUILDROOT/libcxx-runtimes-22.1.8-1.arm/usr/include/c++/v1/__algorithm/is_sorted.h
[  480s] -- Installing: /home/abuild/rpmbuild/BUILDROOT/libcxx-runtimes-22.1.8-1.arm/usr/include/c++/v1/__algorithm/is_sorted_until.h
[  480s] -- Installing: /home/abuild/rpmbuild/BUILDROOT/libcxx-runtimes-22.1.8-1.arm/usr/include/c++/v1/__algorithm/iter_swap.h
[  480s] -- Installing: /home/abuild/rpmbuild/BUILDROOT/libcxx-runtimes-22.1.8-1.arm/usr/include/c++/v1/__algorithm/iterator_operations.h
[  480s] -- Installing: /home/abuild/rpmbuild/BUILDROOT/libcxx-runtimes-22.1.8-1.arm/usr/include/c++/v1/__algorithm/lexicographical_compare.h
[  480s] -- Installing: /home/abuild/rpmbuild/BUILDROOT/libcxx-runtimes-22.1.8-1.arm/usr/include/c++/v1/__algorithm/lexicographical_compare_three_way.h
[  480s] -- Installing: /home/abuild/rpmbuild/BUILDROOT/libcxx-runtimes-22.1.8-1.arm/usr/include/c++/v1/__algorithm/lower_bound.h
[  480s] -- Installing: /home/abuild/rpmbuild/BUILDROOT/libcxx-runtimes-22.1.8-1.arm/usr/include/c++/v1/__algorithm/make_heap.h
[  480s] -- Installing: /home/abuild/rpmbuild/BUILDROOT/libcxx-runtimes-22.1.8-1.arm/usr/include/c++/v1/__algorithm/make_projected.h
[  480s] -- Installing: /home/abuild/rpmbuild/BUILDROOT/libcxx-runtimes-22.1.8-1.arm/usr/include/c++/v1/__algorithm/max.h
[  480s] -- Installing: /home/abuild/rpmbuild/BUILDROOT/libcxx-runtimes-22.1.8-1.arm/usr/include/c++/v1/__algorithm/max_element.h
[  480s] -- Installing: /home/abuild/rpmbuild/BUILDROOT/libcxx-runtimes-22.1.8-1.arm/usr/include/c++/v1/__algorithm/merge.h
[  480s] -- Installing: /home/abuild/rpmbuild/BUILDROOT/libcxx-runtimes-22.1.8-1.arm/usr/include/c++/v1/__algorithm/min.h
[  480s] -- Installing: /home/abuild/rpmbuild/BUILDROOT/libcxx-runtimes-22.1.8-1.arm/usr/include/c++/v1/__algorithm/min_element.h
[  480s] -- Installing: /home/abuild/rpmbuild/BUILDROOT/libcxx-runtimes-22.1.8-1.arm/usr/include/c++/v1/__algorithm/min_max_result.h
[  480s] -- Installing: /home/abuild/rpmbuild/BUILDROOT/libcxx-runtimes-22.1.8-1.arm/usr/include/c++/v1/__algorithm/minmax.h
[  480s] -- Installing: /home/abuild/rpmbuild/BUILDROOT/libcxx-runtimes-22.1.8-1.arm/usr/include/c++/v1/__algorithm/minmax_element.h
[  480s] -- Installing: /home/abuild/rpmbuild/BUILDROOT/libcxx-runtimes-22.1.8-1.arm/usr/include/c++/v1/__algorithm/mismatch.h
[  480s] -- Installing: /home/abuild/rpmbuild/BUILDROOT/libcxx-runtimes-22.1.8-1.arm/usr/include/c++/v1/__algorithm/move.h
[  480s] -- Installing: /home/abuild/rpmbuild/BUILDROOT/libcxx-runtimes-22.1.8-1.arm/usr/include/c++/v1/__algorithm/move_backward.h
[  480s] -- Installing: /home/abuild/rpmbuild/BUILDROOT/libcxx-runtimes-22.1.8-1.arm/usr/include/c++/v1/__algorithm/next_permutation.h
[  480s] -- Installing: /home/abuild/rpmbuild/BUILDROOT/libcxx-runtimes-22.1.8-1.arm/usr/include/c++/v1/__algorithm/none_of.h
[  480s] -- Installing: /home/abuild/rpmbuild/BUILDROOT/libcxx-runtimes-22.1.8-1.arm/usr/include/c++/v1/__algorithm/nth_element.h
[  480s] -- Installing: /home/abuild/rpmbuild/BUILDROOT/libcxx-runtimes-22.1.8-1.arm/usr/include/c++/v1/__algorithm/out_value_result.h
[  480s] -- Installing: /home/abuild/rpmbuild/BUILDROOT/libcxx-runtimes-22.1.8-1.arm/usr/include/c++/v1/__algorithm/partial_sort.h
[  480s] -- Installing: /home/abuild/rpmbuild/BUILDROOT/libcxx-runtimes-22.1.8-1.arm/usr/include/c++/v1/__algorithm/partial_sort_copy.h
[  480s] -- Installing: /home/abuild/rpmbuild/BUILDROOT/libcxx-runtimes-22.1.8-1.arm/usr/include/c++/v1/__algorithm/partition.h
[  480s] -- Installing: /home/abuild/rpmbuild/BUILDROOT/libcxx-runtimes-22.1.8-1.arm/usr/include/c++/v1/__algorithm/partition_copy.h
[  480s] -- Installing: /home/abuild/rpmbuild/BUILDROOT/libcxx-runtimes-22.1.8-1.arm/usr/include/c++/v1/__algorithm/partition_point.h
[  480s] -- Installing: /home/abuild/rpmbuild/BUILDROOT/libcxx-runtimes-22.1.8-1.arm/usr/include/c++/v1/__algorithm/pop_heap.h
[  480s] -- Installing: /home/abuild/rpmbuild/BUILDROOT/libcxx-runtimes-22.1.8-1.arm/usr/include/c++/v1/__algorithm/prev_permutation.h
[  480s] -- Installing: /home/abuild/rpmbuild/BUILDROOT/libcxx-runtimes-22.1.8-1.arm/usr/include/c++/v1/__algorithm/pstl.h
[  480s] -- Installing: /home/abuild/rpmbuild/BUILDROOT/libcxx-runtimes-22.1.8-1.arm/usr/include/c++/v1/__algorithm/push_heap.h
[  480s] -- Installing: /home/abuild/rpmbuild/BUILDROOT/libcxx-runtimes-22.1.8-1.arm/usr/include/c++/v1/__algorithm/radix_sort.h
[  480s] -- Installing: /home/abuild/rpmbuild/BUILDROOT/libcxx-runtimes-22.1.8-1.arm/usr/include/c++/v1/__algorithm/ranges_adjacent_find.h
[  480s] -- Installing: /home/abuild/rpmbuild/BUILDROOT/libcxx-runtimes-22.1.8-1.arm/usr/include/c++/v1/__algorithm/ranges_all_of.h
[  480s] -- Installing: /home/abuild/rpmbuild/BUILDROOT/libcxx-runtimes-22.1.8-1.arm/usr/include/c++/v1/__algorithm/ranges_any_of.h
[  480s] -- Installing: /home/abuild/rpmbuild/BUILDROOT/libcxx-runtimes-22.1.8-1.arm/usr/include/c++/v1/__algorithm/ranges_binary_search.h
[  480s] -- Installing: /home/abuild/rpmbuild/BUILDROOT/libcxx-runtimes-22.1.8-1.arm/usr/include/c++/v1/__algorithm/ranges_clamp.h
[  480s] -- Installing: /home/abuild/rpmbuild/BUILDROOT/libcxx-runtimes-22.1.8-1.arm/usr/include/c++/v1/__algorithm/ranges_contains.h
[  480s] -- Installing: /home/abuild/rpmbuild/BUILDROOT/libcxx-runtimes-22.1.8-1.arm/usr/include/c++/v1/__algorithm/ranges_contains_subrange.h
[  480s] -- Installing: /home/abuild/rpmbuild/BUILDROOT/libcxx-runtimes-22.1.8-1.arm/usr/include/c++/v1/__algorithm/ranges_copy.h
[  480s] -- Installing: /home/abuild/rpmbuild/BUILDROOT/libcxx-runtimes-22.1.8-1.arm/usr/include/c++/v1/__algorithm/ranges_copy_backward.h
[  480s] -- Installing: /home/abuild/rpmbuild/BUILDROOT/libcxx-runtimes-22.1.8-1.arm/usr/include/c++/v1/__algorithm/ranges_copy_if.h
[  480s] -- Installing: /home/abuild/rpmbuild/BUILDROOT/libcxx-runtimes-22.1.8-1.arm/usr/include/c++/v1/__algorithm/ranges_copy_n.h
[  480s] -- Installing: /home/abuild/rpmbuild/BUILDROOT/libcxx-runtimes-22.1.8-1.arm/usr/include/c++/v1/__algorithm/ranges_count.h
[  480s] -- Installing: /home/abuild/rpmbuild/BUILDROOT/libcxx-runtimes-22.1.8-1.arm/usr/include/c++/v1/__algorithm/ranges_count_if.h
[  480s] -- Installing: /home/abuild/rpmbuild/BUILDROOT/libcxx-runtimes-22.1.8-1.arm/usr/include/c++/v1/__algorithm/ranges_ends_with.h
[  480s] -- Installing: /home/abuild/rpmbuild/BUILDROOT/libcxx-runtimes-22.1.8-1.arm/usr/include/c++/v1/__algorithm/ranges_equal.h
[  480s] -- Installing: /home/abuild/rpmbuild/BUILDROOT/libcxx-runtimes-22.1.8-1.arm/usr/include/c++/v1/__algorithm/ranges_equal_range.h
[  480s] -- Installing: /home/abuild/rpmbuild/BUILDROOT/libcxx-runtimes-22.1.8-1.arm/usr/include/c++/v1/__algorithm/ranges_fill.h
[  480s] -- Installing: /home/abuild/rpmbuild/BUILDROOT/libcxx-runtimes-22.1.8-1.arm/usr/include/c++/v1/__algorithm/ranges_fill_n.h
[  480s] -- Installing: /home/abuild/rpmbuild/BUILDROOT/libcxx-runtimes-22.1.8-1.arm/usr/include/c++/v1/__algorithm/ranges_find.h
[  480s] -- Installing: /home/abuild/rpmbuild/BUILDROOT/libcxx-runtimes-22.1.8-1.arm/usr/include/c++/v1/__algorithm/ranges_find_end.h
[  480s] -- Installing: /home/abuild/rpmbuild/BUILDROOT/libcxx-runtimes-22.1.8-1.arm/usr/include/c++/v1/__algorithm/ranges_find_first_of.h
[  480s] -- Installing: /home/abuild/rpmbuild/BUILDROOT/libcxx-runtimes-22.1.8-1.arm/usr/include/c++/v1/__algorithm/ranges_find_if.h
[  480s] -- Installing: /home/abuild/rpmbuild/BUILDROOT/libcxx-runtimes-22.1.8-1.arm/usr/include/c++/v1/__algorithm/ranges_find_if_not.h
[  480s] -- Installing: /home/abuild/rpmbuild/BUILDROOT/libcxx-runtimes-22.1.8-1.arm/usr/include/c++/v1/__algorithm/ranges_find_last.h
[  480s] -- Installing: /home/abuild/rpmbuild/BUILDROOT/libcxx-runtimes-22.1.8-1.arm/usr/include/c++/v1/__algorithm/ranges_fold.h
[  480s] -- Installing: /home/abuild/rpmbuild/BUILDROOT/libcxx-runtimes-22.1.8-1.arm/usr/include/c++/v1/__algorithm/ranges_for_each.h
[  480s] -- Installing: /home/abuild/rpmbuild/BUILDROOT/libcxx-runtimes-22.1.8-1.arm/usr/include/c++/v1/__algorithm/ranges_for_each_n.h
[  480s] -- Installing: /home/abuild/rpmbuild/BUILDROOT/libcxx-runtimes-22.1.8-1.arm/usr/include/c++/v1/__algorithm/ranges_generate.h
[  480s] -- Installing: /home/abuild/rpmbuild/BUILDROOT/libcxx-runtimes-22.1.8-1.arm/usr/include/c++/v1/__algorithm/ranges_generate_n.h
[  480s] -- Installing: /home/abuild/rpmbuild/BUILDROOT/libcxx-runtimes-22.1.8-1.arm/usr/include/c++/v1/__algorithm/ranges_includes.h
[  480s] -- Installing: /home/abuild/rpmbuild/BUILDROOT/libcxx-runtimes-22.1.8-1.arm/usr/include/c++/v1/__algorithm/ranges_inplace_merge.h
[  480s] -- Installing: /home/abuild/rpmbuild/BUILDROOT/libcxx-runtimes-22.1.8-1.arm/usr/include/c++/v1/__algorithm/ranges_is_heap.h
[  480s] -- Installing: /home/abuild/rpmbuild/BUILDROOT/libcxx-runtimes-22.1.8-1.arm/usr/include/c++/v1/__algorithm/ranges_is_heap_until.h
[  480s] -- Installing: /home/abuild/rpmbuild/BUILDROOT/libcxx-runtimes-22.1.8-1.arm/usr/include/c++/v1/__algorithm/ranges_is_partitioned.h
[  480s] -- Installing: /home/abuild/rpmbuild/BUILDROOT/libcxx-runtimes-22.1.8-1.arm/usr/include/c++/v1/__algorithm/ranges_is_permutation.h
[  480s] -- Installing: /home/abuild/rpmbuild/BUILDROOT/libcxx-runtimes-22.1.8-1.arm/usr/include/c++/v1/__algorithm/ranges_is_sorted.h
[  480s] -- Installing: /home/abuild/rpmbuild/BUILDROOT/libcxx-runtimes-22.1.8-1.arm/usr/include/c++/v1/__algorithm/ranges_is_sorted_until.h
[  480s] -- Installing: /home/abuild/rpmbuild/BUILDROOT/libcxx-runtimes-22.1.8-1.arm/usr/include/c++/v1/__algorithm/ranges_iterator_concept.h
[  480s] -- Installing: /home/abuild/rpmbuild/BUILDROOT/libcxx-runtimes-22.1.8-1.arm/usr/include/c++/v1/__algorithm/ranges_lexicographical_compare.h
[  480s] -- Installing: /home/abuild/rpmbuild/BUILDROOT/libcxx-runtimes-22.1.8-1.arm/usr/include/c++/v1/__algorithm/ranges_lower_bound.h
[  480s] -- Installing: /home/abuild/rpmbuild/BUILDROOT/libcxx-runtimes-22.1.8-1.arm/usr/include/c++/v1/__algorithm/ranges_make_heap.h
[  480s] -- Installing: /home/abuild/rpmbuild/BUILDROOT/libcxx-runtimes-22.1.8-1.arm/usr/include/c++/v1/__algorithm/ranges_max.h
[  480s] -- Installing: /home/abuild/rpmbuild/BUILDROOT/libcxx-runtimes-22.1.8-1.arm/usr/include/c++/v1/__algorithm/ranges_max_element.h
[  480s] -- Installing: /home/abuild/rpmbuild/BUILDROOT/libcxx-runtimes-22.1.8-1.arm/usr/include/c++/v1/__algorithm/ranges_merge.h
[  480s] -- Installing: /home/abuild/rpmbuild/BUILDROOT/libcxx-runtimes-22.1.8-1.arm/usr/include/c++/v1/__algorithm/ranges_min.h
[  480s] -- Installing: /home/abuild/rpmbuild/BUILDROOT/libcxx-runtimes-22.1.8-1.arm/usr/include/c++/v1/__algorithm/ranges_min_element.h
[  480s] -- Installing: /home/abuild/rpmbuild/BUILDROOT/libcxx-runtimes-22.1.8-1.arm/usr/include/c++/v1/__algorithm/ranges_minmax.h
[  480s] -- Installing: /home/abuild/rpmbuild/BUILDROOT/libcxx-runtimes-22.1.8-1.arm/usr/include/c++/v1/__algorithm/ranges_minmax_element.h
[  480s] -- Installing: /home/abuild/rpmbuild/BUILDROOT/libcxx-runtimes-22.1.8-1.arm/usr/include/c++/v1/__algorithm/ranges_mismatch.h
[  480s] -- Installing: /home/abuild/rpmbuild/BUILDROOT/libcxx-runtimes-22.1.8-1.arm/usr/include/c++/v1/__algorithm/ranges_move.h
[  480s] -- Installing: /home/abuild/rpmbuild/BUILDROOT/libcxx-runtimes-22.1.8-1.arm/usr/include/c++/v1/__algorithm/ranges_move_backward.h
[  480s] -- Installing: /home/abuild/rpmbuild/BUILDROOT/libcxx-runtimes-22.1.8-1.arm/usr/include/c++/v1/__algorithm/ranges_next_permutation.h
[  480s] -- Installing: /home/abuild/rpmbuild/BUILDROOT/libcxx-runtimes-22.1.8-1.arm/usr/include/c++/v1/__algorithm/ranges_none_of.h
[  480s] -- Installing: /home/abuild/rpmbuild/BUILDROOT/libcxx-runtimes-22.1.8-1.arm/usr/include/c++/v1/__algorithm/ranges_nth_element.h
[  480s] -- Installing: /home/abuild/rpmbuild/BUILDROOT/libcxx-runtimes-22.1.8-1.arm/usr/include/c++/v1/__algorithm/ranges_partial_sort.h
[  480s] -- Installing: /home/abuild/rpmbuild/BUILDROOT/libcxx-runtimes-22.1.8-1.arm/usr/include/c++/v1/__algorithm/ranges_partial_sort_copy.h
[  480s] -- Installing: /home/abuild/rpmbuild/BUILDROOT/libcxx-runtimes-22.1.8-1.arm/usr/include/c++/v1/__algorithm/ranges_partition.h
[  480s] -- Installing: /home/abuild/rpmbuild/BUILDROOT/libcxx-runtimes-22.1.8-1.arm/usr/include/c++/v1/__algorithm/ranges_partition_copy.h
[  480s] -- Installing: /home/abuild/rpmbuild/BUILDROOT/libcxx-runtimes-22.1.8-1.arm/usr/include/c++/v1/__algorithm/ranges_partition_point.h
[  480s] -- Installing: /home/abuild/rpmbuild/BUILDROOT/libcxx-runtimes-22.1.8-1.arm/usr/include/c++/v1/__algorithm/ranges_pop_heap.h
[  480s] -- Installing: /home/abuild/rpmbuild/BUILDROOT/libcxx-runtimes-22.1.8-1.arm/usr/include/c++/v1/__algorithm/ranges_prev_permutation.h
[  480s] -- Installing: /home/abuild/rpmbuild/BUILDROOT/libcxx-runtimes-22.1.8-1.arm/usr/include/c++/v1/__algorithm/ranges_push_heap.h
[  480s] -- Installing: /home/abuild/rpmbuild/BUILDROOT/libcxx-runtimes-22.1.8-1.arm/usr/include/c++/v1/__algorithm/ranges_remove.h
[  480s] -- Installing: /home/abuild/rpmbuild/BUILDROOT/libcxx-runtimes-22.1.8-1.arm/usr/include/c++/v1/__algorithm/ranges_remove_copy.h
[  480s] -- Installing: /home/abuild/rpmbuild/BUILDROOT/libcxx-runtimes-22.1.8-1.arm/usr/include/c++/v1/__algorithm/ranges_remove_copy_if.h
[  480s] -- Installing: /home/abuild/rpmbuild/BUILDROOT/libcxx-runtimes-22.1.8-1.arm/usr/include/c++/v1/__algorithm/ranges_remove_if.h
[  480s] -- Installing: /home/abuild/rpmbuild/BUILDROOT/libcxx-runtimes-22.1.8-1.arm/usr/include/c++/v1/__algorithm/ranges_replace.h
[  480s] -- Installing: /home/abuild/rpmbuild/BUILDROOT/libcxx-runtimes-22.1.8-1.arm/usr/include/c++/v1/__algorithm/ranges_replace_copy.h
[  480s] -- Installing: /home/abuild/rpmbuild/BUILDROOT/libcxx-runtimes-22.1.8-1.arm/usr/include/c++/v1/__algorithm/ranges_replace_copy_if.h
[  480s] -- Installing: /home/abuild/rpmbuild/BUILDROOT/libcxx-runtimes-22.1.8-1.arm/usr/include/c++/v1/__algorithm/ranges_replace_if.h
[  480s] -- Installing: /home/abuild/rpmbuild/BUILDROOT/libcxx-runtimes-22.1.8-1.arm/usr/include/c++/v1/__algorithm/ranges_reverse.h
[  480s] -- Installing: /home/abuild/rpmbuild/BUILDROOT/libcxx-runtimes-22.1.8-1.arm/usr/include/c++/v1/__algorithm/ranges_reverse_copy.h
[  480s] -- Installing: /home/abuild/rpmbuild/BUILDROOT/libcxx-runtimes-22.1.8-1.arm/usr/include/c++/v1/__algorithm/ranges_rotate.h
[  480s] -- Installing: /home/abuild/rpmbuild/BUILDROOT/libcxx-runtimes-22.1.8-1.arm/usr/include/c++/v1/__algorithm/ranges_rotate_copy.h
[  480s] -- Installing: /home/abuild/rpmbuild/BUILDROOT/libcxx-runtimes-22.1.8-1.arm/usr/include/c++/v1/__algorithm/ranges_sample.h
[  480s] -- Installing: /home/abuild/rpmbuild/BUILDROOT/libcxx-runtimes-22.1.8-1.arm/usr/include/c++/v1/__algorithm/ranges_search.h
[  480s] -- Installing: /home/abuild/rpmbuild/BUILDROOT/libcxx-runtimes-22.1.8-1.arm/usr/include/c++/v1/__algorithm/ranges_search_n.h
[  480s] -- Installing: /home/abuild/rpmbuild/BUILDROOT/libcxx-runtimes-22.1.8-1.arm/usr/include/c++/v1/__algorithm/ranges_set_difference.h
[  480s] -- Installing: /home/abuild/rpmbuild/BUILDROOT/libcxx-runtimes-22.1.8-1.arm/usr/include/c++/v1/__algorithm/ranges_set_intersection.h
[  480s] -- Installing: /home/abuild/rpmbuild/BUILDROOT/libcxx-runtimes-22.1.8-1.arm/usr/include/c++/v1/__algorithm/ranges_set_symmetric_difference.h
[  480s] -- Installing: /home/abuild/rpmbuild/BUILDROOT/libcxx-runtimes-22.1.8-1.arm/usr/include/c++/v1/__algorithm/ranges_set_union.h
[  480s] -- Installing: /home/abuild/rpmbuild/BUILDROOT/libcxx-runtimes-22.1.8-1.arm/usr/include/c++/v1/__algorithm/ranges_shuffle.h
[  480s] -- Installing: /home/abuild/rpmbuild/BUILDROOT/libcxx-runtimes-22.1.8-1.arm/usr/include/c++/v1/__algorithm/ranges_sort.h
[  480s] -- Installing: /home/abuild/rpmbuild/BUILDROOT/libcxx-runtimes-22.1.8-1.arm/usr/include/c++/v1/__algorithm/ranges_sort_heap.h
[  480s] -- Installing: /home/abuild/rpmbuild/BUILDROOT/libcxx-runtimes-22.1.8-1.arm/usr/include/c++/v1/__algorithm/ranges_stable_partition.h
[  480s] -- Installing: /home/abuild/rpmbuild/BUILDROOT/libcxx-runtimes-22.1.8-1.arm/usr/include/c++/v1/__algorithm/ranges_stable_sort.h
[  480s] -- Installing: /home/abuild/rpmbuild/BUILDROOT/libcxx-runtimes-22.1.8-1.arm/usr/include/c++/v1/__algorithm/ranges_starts_with.h
[  480s] -- Installing: /home/abuild/rpmbuild/BUILDROOT/libcxx-runtimes-22.1.8-1.arm/usr/include/c++/v1/__algorithm/ranges_swap_ranges.h
[  480s] -- Installing: /home/abuild/rpmbuild/BUILDROOT/libcxx-runtimes-22.1.8-1.arm/usr/include/c++/v1/__algorithm/ranges_transform.h
[  480s] -- Installing: /home/abuild/rpmbuild/BUILDROOT/libcxx-runtimes-22.1.8-1.arm/usr/include/c++/v1/__algorithm/ranges_unique.h
[  480s] -- Installing: /home/abuild/rpmbuild/BUILDROOT/libcxx-runtimes-22.1.8-1.arm/usr/include/c++/v1/__algorithm/ranges_unique_copy.h
[  480s] -- Installing: /home/abuild/rpmbuild/BUILDROOT/libcxx-runtimes-22.1.8-1.arm/usr/include/c++/v1/__algorithm/ranges_upper_bound.h
[  480s] -- Installing: /home/abuild/rpmbuild/BUILDROOT/libcxx-runtimes-22.1.8-1.arm/usr/include/c++/v1/__algorithm/remove.h
[  480s] -- Installing: /home/abuild/rpmbuild/BUILDROOT/libcxx-runtimes-22.1.8-1.arm/usr/include/c++/v1/__algorithm/remove_copy.h
[  480s] -- Installing: /home/abuild/rpmbuild/BUILDROOT/libcxx-runtimes-22.1.8-1.arm/usr/include/c++/v1/__algorithm/remove_copy_if.h
[  480s] -- Installing: /home/abuild/rpmbuild/BUILDROOT/libcxx-runtimes-22.1.8-1.arm/usr/include/c++/v1/__algorithm/remove_if.h
[  480s] -- Installing: /home/abuild/rpmbuild/BUILDROOT/libcxx-runtimes-22.1.8-1.arm/usr/include/c++/v1/__algorithm/replace.h
[  480s] -- Installing: /home/abuild/rpmbuild/BUILDROOT/libcxx-runtimes-22.1.8-1.arm/usr/include/c++/v1/__algorithm/replace_copy.h
[  480s] -- Installing: /home/abuild/rpmbuild/BUILDROOT/libcxx-runtimes-22.1.8-1.arm/usr/include/c++/v1/__algorithm/replace_copy_if.h
[  480s] -- Installing: /home/abuild/rpmbuild/BUILDROOT/libcxx-runtimes-22.1.8-1.arm/usr/include/c++/v1/__algorithm/replace_if.h
[  480s] -- Installing: /home/abuild/rpmbuild/BUILDROOT/libcxx-runtimes-22.1.8-1.arm/usr/include/c++/v1/__algorithm/reverse.h
[  480s] -- Installing: /home/abuild/rpmbuild/BUILDROOT/libcxx-runtimes-22.1.8-1.arm/usr/include/c++/v1/__algorithm/reverse_copy.h
[  480s] -- Installing: /home/abuild/rpmbuild/BUILDROOT/libcxx-runtimes-22.1.8-1.arm/usr/include/c++/v1/__algorithm/rotate.h
[  480s] -- Installing: /home/abuild/rpmbuild/BUILDROOT/libcxx-runtimes-22.1.8-1.arm/usr/include/c++/v1/__algorithm/rotate_copy.h
[  480s] -- Installing: /home/abuild/rpmbuild/BUILDROOT/libcxx-runtimes-22.1.8-1.arm/usr/include/c++/v1/__algorithm/sample.h
[  480s] -- Installing: /home/abuild/rpmbuild/BUILDROOT/libcxx-runtimes-22.1.8-1.arm/usr/include/c++/v1/__algorithm/search.h
[  480s] -- Installing: /home/abuild/rpmbuild/BUILDROOT/libcxx-runtimes-22.1.8-1.arm/usr/include/c++/v1/__algorithm/search_n.h
[  480s] -- Installing: /home/abuild/rpmbuild/BUILDROOT/libcxx-runtimes-22.1.8-1.arm/usr/include/c++/v1/__algorithm/set_difference.h
[  480s] -- Installing: /home/abuild/rpmbuild/BUILDROOT/libcxx-runtimes-22.1.8-1.arm/usr/include/c++/v1/__algorithm/set_intersection.h
[  480s] -- Installing: /home/abuild/rpmbuild/BUILDROOT/libcxx-runtimes-22.1.8-1.arm/usr/include/c++/v1/__algorithm/set_symmetric_difference.h
[  480s] -- Installing: /home/abuild/rpmbuild/BUILDROOT/libcxx-runtimes-22.1.8-1.arm/usr/include/c++/v1/__algorithm/set_union.h
[  480s] -- Installing: /home/abuild/rpmbuild/BUILDROOT/libcxx-runtimes-22.1.8-1.arm/usr/include/c++/v1/__algorithm/shift_left.h
[  480s] -- Installing: /home/abuild/rpmbuild/BUILDROOT/libcxx-runtimes-22.1.8-1.arm/usr/include/c++/v1/__algorithm/shift_right.h
[  480s] -- Installing: /home/abuild/rpmbuild/BUILDROOT/libcxx-runtimes-22.1.8-1.arm/usr/include/c++/v1/__algorithm/shuffle.h
[  480s] -- Installing: /home/abuild/rpmbuild/BUILDROOT/libcxx-runtimes-22.1.8-1.arm/usr/include/c++/v1/__algorithm/sift_down.h
[  480s] -- Installing: /home/abuild/rpmbuild/BUILDROOT/libcxx-runtimes-22.1.8-1.arm/usr/include/c++/v1/__algorithm/simd_utils.h
[  480s] -- Installing: /home/abuild/rpmbuild/BUILDROOT/libcxx-runtimes-22.1.8-1.arm/usr/include/c++/v1/__algorithm/sort.h
[  480s] -- Installing: /home/abuild/rpmbuild/BUILDROOT/libcxx-runtimes-22.1.8-1.arm/usr/include/c++/v1/__algorithm/sort_heap.h
[  480s] -- Installing: /home/abuild/rpmbuild/BUILDROOT/libcxx-runtimes-22.1.8-1.arm/usr/include/c++/v1/__algorithm/specialized_algorithms.h
[  480s] -- Installing: /home/abuild/rpmbuild/BUILDROOT/libcxx-runtimes-22.1.8-1.arm/usr/include/c++/v1/__algorithm/stable_partition.h
[  480s] -- Installing: /home/abuild/rpmbuild/BUILDROOT/libcxx-runtimes-22.1.8-1.arm/usr/include/c++/v1/__algorithm/stable_sort.h
[  480s] -- Installing: /home/abuild/rpmbuild/BUILDROOT/libcxx-runtimes-22.1.8-1.arm/usr/include/c++/v1/__algorithm/swap_ranges.h
[  480s] -- Installing: /home/abuild/rpmbuild/BUILDROOT/libcxx-runtimes-22.1.8-1.arm/usr/include/c++/v1/__algorithm/three_way_comp_ref_type.h
[  480s] -- Installing: /home/abuild/rpmbuild/BUILDROOT/libcxx-runtimes-22.1.8-1.arm/usr/include/c++/v1/__algorithm/transform.h
[  480s] -- Installing: /home/abuild/rpmbuild/BUILDROOT/libcxx-runtimes-22.1.8-1.arm/usr/include/c++/v1/__algorithm/uniform_random_bit_generator_adaptor.h
[  480s] -- Installing: /home/abuild/rpmbuild/BUILDROOT/libcxx-runtimes-22.1.8-1.arm/usr/include/c++/v1/__algorithm/unique.h
[  480s] -- Installing: /home/abuild/rpmbuild/BUILDROOT/libcxx-runtimes-22.1.8-1.arm/usr/include/c++/v1/__algorithm/unique_copy.h
[  480s] -- Installing: /home/abuild/rpmbuild/BUILDROOT/libcxx-runtimes-22.1.8-1.arm/usr/include/c++/v1/__algorithm/unwrap_iter.h
[  480s] -- Installing: /home/abuild/rpmbuild/BUILDROOT/libcxx-runtimes-22.1.8-1.arm/usr/include/c++/v1/__algorithm/unwrap_range.h
[  480s] -- Installing: /home/abuild/rpmbuild/BUILDROOT/libcxx-runtimes-22.1.8-1.arm/usr/include/c++/v1/__algorithm/upper_bound.h
[  480s] -- Installing: /home/abuild/rpmbuild/BUILDROOT/libcxx-runtimes-22.1.8-1.arm/usr/include/c++/v1/__assert
[  480s] -- Installing: /home/abuild/rpmbuild/BUILDROOT/libcxx-runtimes-22.1.8-1.arm/usr/include/c++/v1/__atomic/aliases.h
[  480s] -- Installing: /home/abuild/rpmbuild/BUILDROOT/libcxx-runtimes-22.1.8-1.arm/usr/include/c++/v1/__atomic/atomic.h
[  480s] -- Installing: /home/abuild/rpmbuild/BUILDROOT/libcxx-runtimes-22.1.8-1.arm/usr/include/c++/v1/__atomic/atomic_flag.h
[  480s] -- Installing: /home/abuild/rpmbuild/BUILDROOT/libcxx-runtimes-22.1.8-1.arm/usr/include/c++/v1/__atomic/atomic_init.h
[  480s] -- Installing: /home/abuild/rpmbuild/BUILDROOT/libcxx-runtimes-22.1.8-1.arm/usr/include/c++/v1/__atomic/atomic_lock_free.h
[  480s] -- Installing: /home/abuild/rpmbuild/BUILDROOT/libcxx-runtimes-22.1.8-1.arm/usr/include/c++/v1/__atomic/atomic_ref.h
[  480s] -- Installing: /home/abuild/rpmbuild/BUILDROOT/libcxx-runtimes-22.1.8-1.arm/usr/include/c++/v1/__atomic/atomic_sync.h
[  480s] -- Installing: /home/abuild/rpmbuild/BUILDROOT/libcxx-runtimes-22.1.8-1.arm/usr/include/c++/v1/__atomic/atomic_sync_timed.h
[  480s] -- Installing: /home/abuild/rpmbuild/BUILDROOT/libcxx-runtimes-22.1.8-1.arm/usr/include/c++/v1/__atomic/atomic_waitable_traits.h
[  480s] -- Installing: /home/abuild/rpmbuild/BUILDROOT/libcxx-runtimes-22.1.8-1.arm/usr/include/c++/v1/__atomic/check_memory_order.h
[  480s] -- Installing: /home/abuild/rpmbuild/BUILDROOT/libcxx-runtimes-22.1.8-1.arm/usr/include/c++/v1/__atomic/contention_t.h
[  480s] -- Installing: /home/abuild/rpmbuild/BUILDROOT/libcxx-runtimes-22.1.8-1.arm/usr/include/c++/v1/__atomic/fence.h
[  480s] -- Installing: /home/abuild/rpmbuild/BUILDROOT/libcxx-runtimes-22.1.8-1.arm/usr/include/c++/v1/__atomic/floating_point_helper.h
[  480s] -- Installing: /home/abuild/rpmbuild/BUILDROOT/libcxx-runtimes-22.1.8-1.arm/usr/include/c++/v1/__atomic/is_always_lock_free.h
[  480s] -- Installing: /home/abuild/rpmbuild/BUILDROOT/libcxx-runtimes-22.1.8-1.arm/usr/include/c++/v1/__atomic/kill_dependency.h
[  480s] -- Installing: /home/abuild/rpmbuild/BUILDROOT/libcxx-runtimes-22.1.8-1.arm/usr/include/c++/v1/__atomic/memory_order.h
[  480s] -- Installing: /home/abuild/rpmbuild/BUILDROOT/libcxx-runtimes-22.1.8-1.arm/usr/include/c++/v1/__atomic/support.h
[  480s] -- Installing: /home/abuild/rpmbuild/BUILDROOT/libcxx-runtimes-22.1.8-1.arm/usr/include/c++/v1/__atomic/support/c11.h
[  480s] -- Installing: /home/abuild/rpmbuild/BUILDROOT/libcxx-runtimes-22.1.8-1.arm/usr/include/c++/v1/__atomic/support/gcc.h
[  480s] -- Installing: /home/abuild/rpmbuild/BUILDROOT/libcxx-runtimes-22.1.8-1.arm/usr/include/c++/v1/__atomic/to_gcc_order.h
[  480s] -- Installing: /home/abuild/rpmbuild/BUILDROOT/libcxx-runtimes-22.1.8-1.arm/usr/include/c++/v1/__bit/bit_cast.h
[  480s] -- Installing: /home/abuild/rpmbuild/BUILDROOT/libcxx-runtimes-22.1.8-1.arm/usr/include/c++/v1/__bit/bit_ceil.h
[  480s] -- Installing: /home/abuild/rpmbuild/BUILDROOT/libcxx-runtimes-22.1.8-1.arm/usr/include/c++/v1/__bit/bit_floor.h
[  480s] -- Installing: /home/abuild/rpmbuild/BUILDROOT/libcxx-runtimes-22.1.8-1.arm/usr/include/c++/v1/__bit/bit_log2.h
[  480s] -- Installing: /home/abuild/rpmbuild/BUILDROOT/libcxx-runtimes-22.1.8-1.arm/usr/include/c++/v1/__bit/bit_width.h
[  480s] -- Installing: /home/abuild/rpmbuild/BUILDROOT/libcxx-runtimes-22.1.8-1.arm/usr/include/c++/v1/__bit/blsr.h
[  480s] -- Installing: /home/abuild/rpmbuild/BUILDROOT/libcxx-runtimes-22.1.8-1.arm/usr/include/c++/v1/__bit/byteswap.h
[  480s] -- Installing: /home/abuild/rpmbuild/BUILDROOT/libcxx-runtimes-22.1.8-1.arm/usr/include/c++/v1/__bit/countl.h
[  480s] -- Installing: /home/abuild/rpmbuild/BUILDROOT/libcxx-runtimes-22.1.8-1.arm/usr/include/c++/v1/__bit/countr.h
[  480s] -- Installing: /home/abuild/rpmbuild/BUILDROOT/libcxx-runtimes-22.1.8-1.arm/usr/include/c++/v1/__bit/endian.h
[  480s] -- Installing: /home/abuild/rpmbuild/BUILDROOT/libcxx-runtimes-22.1.8-1.arm/usr/include/c++/v1/__bit/has_single_bit.h
[  480s] -- Installing: /home/abuild/rpmbuild/BUILDROOT/libcxx-runtimes-22.1.8-1.arm/usr/include/c++/v1/__bit/invert_if.h
[  480s] -- Installing: /home/abuild/rpmbuild/BUILDROOT/libcxx-runtimes-22.1.8-1.arm/usr/include/c++/v1/__bit/popcount.h
[  480s] -- Installing: /home/abuild/rpmbuild/BUILDROOT/libcxx-runtimes-22.1.8-1.arm/usr/include/c++/v1/__bit/rotate.h
[  480s] -- Installing: /home/abuild/rpmbuild/BUILDROOT/libcxx-runtimes-22.1.8-1.arm/usr/include/c++/v1/__bit_reference
[  480s] -- Installing: /home/abuild/rpmbuild/BUILDROOT/libcxx-runtimes-22.1.8-1.arm/usr/include/c++/v1/__charconv/chars_format.h
[  480s] -- Installing: /home/abuild/rpmbuild/BUILDROOT/libcxx-runtimes-22.1.8-1.arm/usr/include/c++/v1/__charconv/from_chars_floating_point.h
[  480s] -- Installing: /home/abuild/rpmbuild/BUILDROOT/libcxx-runtimes-22.1.8-1.arm/usr/include/c++/v1/__charconv/from_chars_integral.h
[  480s] -- Installing: /home/abuild/rpmbuild/BUILDROOT/libcxx-runtimes-22.1.8-1.arm/usr/include/c++/v1/__charconv/from_chars_result.h
[  480s] -- Installing: /home/abuild/rpmbuild/BUILDROOT/libcxx-runtimes-22.1.8-1.arm/usr/include/c++/v1/__charconv/tables.h
[  480s] -- Installing: /home/abuild/rpmbuild/BUILDROOT/libcxx-runtimes-22.1.8-1.arm/usr/include/c++/v1/__charconv/to_chars.h
[  480s] -- Installing: /home/abuild/rpmbuild/BUILDROOT/libcxx-runtimes-22.1.8-1.arm/usr/include/c++/v1/__charconv/to_chars_base_10.h
[  480s] -- Installing: /home/abuild/rpmbuild/BUILDROOT/libcxx-runtimes-22.1.8-1.arm/usr/include/c++/v1/__charconv/to_chars_floating_point.h
[  480s] -- Installing: /home/abuild/rpmbuild/BUILDROOT/libcxx-runtimes-22.1.8-1.arm/usr/include/c++/v1/__charconv/to_chars_integral.h
[  480s] -- Installing: /home/abuild/rpmbuild/BUILDROOT/libcxx-runtimes-22.1.8-1.arm/usr/include/c++/v1/__charconv/to_chars_result.h
[  480s] -- Installing: /home/abuild/rpmbuild/BUILDROOT/libcxx-runtimes-22.1.8-1.arm/usr/include/c++/v1/__charconv/traits.h
[  480s] -- Installing: /home/abuild/rpmbuild/BUILDROOT/libcxx-runtimes-22.1.8-1.arm/usr/include/c++/v1/__chrono/calendar.h
[  480s] -- Installing: /home/abuild/rpmbuild/BUILDROOT/libcxx-runtimes-22.1.8-1.arm/usr/include/c++/v1/__chrono/concepts.h
[  480s] -- Installing: /home/abuild/rpmbuild/BUILDROOT/libcxx-runtimes-22.1.8-1.arm/usr/include/c++/v1/__chrono/convert_to_timespec.h
[  480s] -- Installing: /home/abuild/rpmbuild/BUILDROOT/libcxx-runtimes-22.1.8-1.arm/usr/include/c++/v1/__chrono/convert_to_tm.h
[  480s] -- Installing: /home/abuild/rpmbuild/BUILDROOT/libcxx-runtimes-22.1.8-1.arm/usr/include/c++/v1/__chrono/day.h
[  480s] -- Installing: /home/abuild/rpmbuild/BUILDROOT/libcxx-runtimes-22.1.8-1.arm/usr/include/c++/v1/__chrono/duration.h
[  480s] -- Installing: /home/abuild/rpmbuild/BUILDROOT/libcxx-runtimes-22.1.8-1.arm/usr/include/c++/v1/__chrono/exception.h
[  480s] -- Installing: /home/abuild/rpmbuild/BUILDROOT/libcxx-runtimes-22.1.8-1.arm/usr/include/c++/v1/__chrono/file_clock.h
[  480s] -- Installing: /home/abuild/rpmbuild/BUILDROOT/libcxx-runtimes-22.1.8-1.arm/usr/include/c++/v1/__chrono/formatter.h
[  480s] -- Installing: /home/abuild/rpmbuild/BUILDROOT/libcxx-runtimes-22.1.8-1.arm/usr/include/c++/v1/__chrono/gps_clock.h
[  480s] -- Installing: /home/abuild/rpmbuild/BUILDROOT/libcxx-runtimes-22.1.8-1.arm/usr/include/c++/v1/__chrono/hh_mm_ss.h
[  480s] -- Installing: /home/abuild/rpmbuild/BUILDROOT/libcxx-runtimes-22.1.8-1.arm/usr/include/c++/v1/__chrono/high_resolution_clock.h
[  480s] -- Installing: /home/abuild/rpmbuild/BUILDROOT/libcxx-runtimes-22.1.8-1.arm/usr/include/c++/v1/__chrono/is_clock.h
[  480s] -- Installing: /home/abuild/rpmbuild/BUILDROOT/libcxx-runtimes-22.1.8-1.arm/usr/include/c++/v1/__chrono/leap_second.h
[  480s] -- Installing: /home/abuild/rpmbuild/BUILDROOT/libcxx-runtimes-22.1.8-1.arm/usr/include/c++/v1/__chrono/literals.h
[  480s] -- Installing: /home/abuild/rpmbuild/BUILDROOT/libcxx-runtimes-22.1.8-1.arm/usr/include/c++/v1/__chrono/local_info.h
[  480s] -- Installing: /home/abuild/rpmbuild/BUILDROOT/libcxx-runtimes-22.1.8-1.arm/usr/include/c++/v1/__chrono/month.h
[  480s] -- Installing: /home/abuild/rpmbuild/BUILDROOT/libcxx-runtimes-22.1.8-1.arm/usr/include/c++/v1/__chrono/month_weekday.h
[  480s] -- Installing: /home/abuild/rpmbuild/BUILDROOT/libcxx-runtimes-22.1.8-1.arm/usr/include/c++/v1/__chrono/monthday.h
[  480s] -- Installing: /home/abuild/rpmbuild/BUILDROOT/libcxx-runtimes-22.1.8-1.arm/usr/include/c++/v1/__chrono/ostream.h
[  480s] -- Installing: /home/abuild/rpmbuild/BUILDROOT/libcxx-runtimes-22.1.8-1.arm/usr/include/c++/v1/__chrono/parser_std_format_spec.h
[  480s] -- Installing: /home/abuild/rpmbuild/BUILDROOT/libcxx-runtimes-22.1.8-1.arm/usr/include/c++/v1/__chrono/statically_widen.h
[  480s] -- Installing: /home/abuild/rpmbuild/BUILDROOT/libcxx-runtimes-22.1.8-1.arm/usr/include/c++/v1/__chrono/steady_clock.h
[  480s] -- Installing: /home/abuild/rpmbuild/BUILDROOT/libcxx-runtimes-22.1.8-1.arm/usr/include/c++/v1/__chrono/sys_info.h
[  480s] -- Installing: /home/abuild/rpmbuild/BUILDROOT/libcxx-runtimes-22.1.8-1.arm/usr/include/c++/v1/__chrono/system_clock.h
[  480s] -- Installing: /home/abuild/rpmbuild/BUILDROOT/libcxx-runtimes-22.1.8-1.arm/usr/include/c++/v1/__chrono/tai_clock.h
[  480s] -- Installing: /home/abuild/rpmbuild/BUILDROOT/libcxx-runtimes-22.1.8-1.arm/usr/include/c++/v1/__chrono/time_point.h
[  480s] -- Installing: /home/abuild/rpmbuild/BUILDROOT/libcxx-runtimes-22.1.8-1.arm/usr/include/c++/v1/__chrono/time_zone.h
[  480s] -- Installing: /home/abuild/rpmbuild/BUILDROOT/libcxx-runtimes-22.1.8-1.arm/usr/include/c++/v1/__chrono/time_zone_link.h
[  480s] -- Installing: /home/abuild/rpmbuild/BUILDROOT/libcxx-runtimes-22.1.8-1.arm/usr/include/c++/v1/__chrono/tzdb.h
[  480s] -- Installing: /home/abuild/rpmbuild/BUILDROOT/libcxx-runtimes-22.1.8-1.arm/usr/include/c++/v1/__chrono/tzdb_list.h
[  480s] -- Installing: /home/abuild/rpmbuild/BUILDROOT/libcxx-runtimes-22.1.8-1.arm/usr/include/c++/v1/__chrono/utc_clock.h
[  480s] -- Installing: /home/abuild/rpmbuild/BUILDROOT/libcxx-runtimes-22.1.8-1.arm/usr/include/c++/v1/__chrono/weekday.h
[  480s] -- Installing: /home/abuild/rpmbuild/BUILDROOT/libcxx-runtimes-22.1.8-1.arm/usr/include/c++/v1/__chrono/year.h
[  480s] -- Installing: /home/abuild/rpmbuild/BUILDROOT/libcxx-runtimes-22.1.8-1.arm/usr/include/c++/v1/__chrono/year_month.h
[  480s] -- Installing: /home/abuild/rpmbuild/BUILDROOT/libcxx-runtimes-22.1.8-1.arm/usr/include/c++/v1/__chrono/year_month_day.h
[  480s] -- Installing: /home/abuild/rpmbuild/BUILDROOT/libcxx-runtimes-22.1.8-1.arm/usr/include/c++/v1/__chrono/year_month_weekday.h
[  480s] -- Installing: /home/abuild/rpmbuild/BUILDROOT/libcxx-runtimes-22.1.8-1.arm/usr/include/c++/v1/__chrono/zoned_time.h
[  480s] -- Installing: /home/abuild/rpmbuild/BUILDROOT/libcxx-runtimes-22.1.8-1.arm/usr/include/c++/v1/__compare/common_comparison_category.h
[  480s] -- Installing: /home/abuild/rpmbuild/BUILDROOT/libcxx-runtimes-22.1.8-1.arm/usr/include/c++/v1/__compare/compare_partial_order_fallback.h
[  480s] -- Installing: /home/abuild/rpmbuild/BUILDROOT/libcxx-runtimes-22.1.8-1.arm/usr/include/c++/v1/__compare/compare_strong_order_fallback.h
[  480s] -- Installing: /home/abuild/rpmbuild/BUILDROOT/libcxx-runtimes-22.1.8-1.arm/usr/include/c++/v1/__compare/compare_three_way.h
[  480s] -- Installing: /home/abuild/rpmbuild/BUILDROOT/libcxx-runtimes-22.1.8-1.arm/usr/include/c++/v1/__compare/compare_three_way_result.h
[  480s] -- Installing: /home/abuild/rpmbuild/BUILDROOT/libcxx-runtimes-22.1.8-1.arm/usr/include/c++/v1/__compare/compare_weak_order_fallback.h
[  480s] -- Installing: /home/abuild/rpmbuild/BUILDROOT/libcxx-runtimes-22.1.8-1.arm/usr/include/c++/v1/__compare/is_eq.h
[  480s] -- Installing: /home/abuild/rpmbuild/BUILDROOT/libcxx-runtimes-22.1.8-1.arm/usr/include/c++/v1/__compare/ordering.h
[  480s] -- Installing: /home/abuild/rpmbuild/BUILDROOT/libcxx-runtimes-22.1.8-1.arm/usr/include/c++/v1/__compare/partial_order.h
[  480s] -- Installing: /home/abuild/rpmbuild/BUILDROOT/libcxx-runtimes-22.1.8-1.arm/usr/include/c++/v1/__compare/strong_order.h
[  480s] -- Installing: /home/abuild/rpmbuild/BUILDROOT/libcxx-runtimes-22.1.8-1.arm/usr/include/c++/v1/__compare/synth_three_way.h
[  480s] -- Installing: /home/abuild/rpmbuild/BUILDROOT/libcxx-runtimes-22.1.8-1.arm/usr/include/c++/v1/__compare/three_way_comparable.h
[  480s] -- Installing: /home/abuild/rpmbuild/BUILDROOT/libcxx-runtimes-22.1.8-1.arm/usr/include/c++/v1/__compare/weak_order.h
[  480s] -- Installing: /home/abuild/rpmbuild/BUILDROOT/libcxx-runtimes-22.1.8-1.arm/usr/include/c++/v1/__concepts/arithmetic.h
[  480s] -- Installing: /home/abuild/rpmbuild/BUILDROOT/libcxx-runtimes-22.1.8-1.arm/usr/include/c++/v1/__concepts/assignable.h
[  480s] -- Installing: /home/abuild/rpmbuild/BUILDROOT/libcxx-runtimes-22.1.8-1.arm/usr/include/c++/v1/__concepts/boolean_testable.h
[  480s] -- Installing: /home/abuild/rpmbuild/BUILDROOT/libcxx-runtimes-22.1.8-1.arm/usr/include/c++/v1/__concepts/class_or_enum.h
[  480s] -- Installing: /home/abuild/rpmbuild/BUILDROOT/libcxx-runtimes-22.1.8-1.arm/usr/include/c++/v1/__concepts/common_reference_with.h
[  480s] -- Installing: /home/abuild/rpmbuild/BUILDROOT/libcxx-runtimes-22.1.8-1.arm/usr/include/c++/v1/__concepts/common_with.h
[  480s] -- Installing: /home/abuild/rpmbuild/BUILDROOT/libcxx-runtimes-22.1.8-1.arm/usr/include/c++/v1/__concepts/comparison_common_type.h
[  480s] -- Installing: /home/abuild/rpmbuild/BUILDROOT/libcxx-runtimes-22.1.8-1.arm/usr/include/c++/v1/__concepts/constructible.h
[  480s] -- Installing: /home/abuild/rpmbuild/BUILDROOT/libcxx-runtimes-22.1.8-1.arm/usr/include/c++/v1/__concepts/convertible_to.h
[  480s] -- Installing: /home/abuild/rpmbuild/BUILDROOT/libcxx-runtimes-22.1.8-1.arm/usr/include/c++/v1/__concepts/copyable.h
[  480s] -- Installing: /home/abuild/rpmbuild/BUILDROOT/libcxx-runtimes-22.1.8-1.arm/usr/include/c++/v1/__concepts/derived_from.h
[  480s] -- Installing: /home/abuild/rpmbuild/BUILDROOT/libcxx-runtimes-22.1.8-1.arm/usr/include/c++/v1/__concepts/destructible.h
[  480s] -- Installing: /home/abuild/rpmbuild/BUILDROOT/libcxx-runtimes-22.1.8-1.arm/usr/include/c++/v1/__concepts/different_from.h
[  480s] -- Installing: /home/abuild/rpmbuild/BUILDROOT/libcxx-runtimes-22.1.8-1.arm/usr/include/c++/v1/__concepts/equality_comparable.h
[  480s] -- Installing: /home/abuild/rpmbuild/BUILDROOT/libcxx-runtimes-22.1.8-1.arm/usr/include/c++/v1/__concepts/invocable.h
[  480s] -- Installing: /home/abuild/rpmbuild/BUILDROOT/libcxx-runtimes-22.1.8-1.arm/usr/include/c++/v1/__concepts/movable.h
[  480s] -- Installing: /home/abuild/rpmbuild/BUILDROOT/libcxx-runtimes-22.1.8-1.arm/usr/include/c++/v1/__concepts/predicate.h
[  480s] -- Installing: /home/abuild/rpmbuild/BUILDROOT/libcxx-runtimes-22.1.8-1.arm/usr/include/c++/v1/__concepts/regular.h
[  480s] -- Installing: /home/abuild/rpmbuild/BUILDROOT/libcxx-runtimes-22.1.8-1.arm/usr/include/c++/v1/__concepts/relation.h
[  480s] -- Installing: /home/abuild/rpmbuild/BUILDROOT/libcxx-runtimes-22.1.8-1.arm/usr/include/c++/v1/__concepts/same_as.h
[  480s] -- Installing: /home/abuild/rpmbuild/BUILDROOT/libcxx-runtimes-22.1.8-1.arm/usr/include/c++/v1/__concepts/semiregular.h
[  480s] -- Installing: /home/abuild/rpmbuild/BUILDROOT/libcxx-runtimes-22.1.8-1.arm/usr/include/c++/v1/__concepts/swappable.h
[  480s] -- Installing: /home/abuild/rpmbuild/BUILDROOT/libcxx-runtimes-22.1.8-1.arm/usr/include/c++/v1/__concepts/totally_ordered.h
[  480s] -- Installing: /home/abuild/rpmbuild/BUILDROOT/libcxx-runtimes-22.1.8-1.arm/usr/include/c++/v1/__condition_variable/condition_variable.h
[  480s] -- Installing: /home/abuild/rpmbuild/BUILDROOT/libcxx-runtimes-22.1.8-1.arm/usr/include/c++/v1/__config
[  480s] -- Installing: /home/abuild/rpmbuild/BUILDROOT/libcxx-runtimes-22.1.8-1.arm/usr/include/c++/v1/__configuration/abi.h
[  480s] -- Installing: /home/abuild/rpmbuild/BUILDROOT/libcxx-runtimes-22.1.8-1.arm/usr/include/c++/v1/__configuration/availability.h
[  480s] -- Installing: /home/abuild/rpmbuild/BUILDROOT/libcxx-runtimes-22.1.8-1.arm/usr/include/c++/v1/__configuration/compiler.h
[  480s] -- Installing: /home/abuild/rpmbuild/BUILDROOT/libcxx-runtimes-22.1.8-1.arm/usr/include/c++/v1/__configuration/experimental.h
[  480s] -- Installing: /home/abuild/rpmbuild/BUILDROOT/libcxx-runtimes-22.1.8-1.arm/usr/include/c++/v1/__configuration/hardening.h
[  480s] -- Installing: /home/abuild/rpmbuild/BUILDROOT/libcxx-runtimes-22.1.8-1.arm/usr/include/c++/v1/__configuration/language.h
[  480s] -- Installing: /home/abuild/rpmbuild/BUILDROOT/libcxx-runtimes-22.1.8-1.arm/usr/include/c++/v1/__configuration/platform.h
[  480s] -- Installing: /home/abuild/rpmbuild/BUILDROOT/libcxx-runtimes-22.1.8-1.arm/usr/include/c++/v1/__coroutine/coroutine_handle.h
[  480s] -- Installing: /home/abuild/rpmbuild/BUILDROOT/libcxx-runtimes-22.1.8-1.arm/usr/include/c++/v1/__coroutine/coroutine_traits.h
[  480s] -- Installing: /home/abuild/rpmbuild/BUILDROOT/libcxx-runtimes-22.1.8-1.arm/usr/include/c++/v1/__coroutine/noop_coroutine_handle.h
[  480s] -- Installing: /home/abuild/rpmbuild/BUILDROOT/libcxx-runtimes-22.1.8-1.arm/usr/include/c++/v1/__coroutine/trivial_awaitables.h
[  480s] -- Installing: /home/abuild/rpmbuild/BUILDROOT/libcxx-runtimes-22.1.8-1.arm/usr/include/c++/v1/__cstddef/byte.h
[  480s] -- Installing: /home/abuild/rpmbuild/BUILDROOT/libcxx-runtimes-22.1.8-1.arm/usr/include/c++/v1/__cstddef/max_align_t.h
[  480s] -- Installing: /home/abuild/rpmbuild/BUILDROOT/libcxx-runtimes-22.1.8-1.arm/usr/include/c++/v1/__cstddef/nullptr_t.h
[  480s] -- Installing: /home/abuild/rpmbuild/BUILDROOT/libcxx-runtimes-22.1.8-1.arm/usr/include/c++/v1/__cstddef/ptrdiff_t.h
[  480s] -- Installing: /home/abuild/rpmbuild/BUILDROOT/libcxx-runtimes-22.1.8-1.arm/usr/include/c++/v1/__cstddef/size_t.h
[  480s] -- Installing: /home/abuild/rpmbuild/BUILDROOT/libcxx-runtimes-22.1.8-1.arm/usr/include/c++/v1/__debug_utils/randomize_range.h
[  480s] -- Installing: /home/abuild/rpmbuild/BUILDROOT/libcxx-runtimes-22.1.8-1.arm/usr/include/c++/v1/__debug_utils/sanitizers.h
[  480s] -- Installing: /home/abuild/rpmbuild/BUILDROOT/libcxx-runtimes-22.1.8-1.arm/usr/include/c++/v1/__debug_utils/strict_weak_ordering_check.h
[  480s] -- Installing: /home/abuild/rpmbuild/BUILDROOT/libcxx-runtimes-22.1.8-1.arm/usr/include/c++/v1/__exception/exception.h
[  480s] -- Installing: /home/abuild/rpmbuild/BUILDROOT/libcxx-runtimes-22.1.8-1.arm/usr/include/c++/v1/__exception/exception_ptr.h
[  480s] -- Installing: /home/abuild/rpmbuild/BUILDROOT/libcxx-runtimes-22.1.8-1.arm/usr/include/c++/v1/__exception/nested_exception.h
[  480s] -- Installing: /home/abuild/rpmbuild/BUILDROOT/libcxx-runtimes-22.1.8-1.arm/usr/include/c++/v1/__exception/operations.h
[  480s] -- Installing: /home/abuild/rpmbuild/BUILDROOT/libcxx-runtimes-22.1.8-1.arm/usr/include/c++/v1/__exception/terminate.h
[  480s] -- Installing: /home/abuild/rpmbuild/BUILDROOT/libcxx-runtimes-22.1.8-1.arm/usr/include/c++/v1/__expected/bad_expected_access.h
[  480s] -- Installing: /home/abuild/rpmbuild/BUILDROOT/libcxx-runtimes-22.1.8-1.arm/usr/include/c++/v1/__expected/expected.h
[  480s] -- Installing: /home/abuild/rpmbuild/BUILDROOT/libcxx-runtimes-22.1.8-1.arm/usr/include/c++/v1/__expected/unexpect.h
[  480s] -- Installing: /home/abuild/rpmbuild/BUILDROOT/libcxx-runtimes-22.1.8-1.arm/usr/include/c++/v1/__expected/unexpected.h
[  480s] -- Installing: /home/abuild/rpmbuild/BUILDROOT/libcxx-runtimes-22.1.8-1.arm/usr/include/c++/v1/__filesystem/copy_options.h
[  480s] -- Installing: /home/abuild/rpmbuild/BUILDROOT/libcxx-runtimes-22.1.8-1.arm/usr/include/c++/v1/__filesystem/directory_entry.h
[  480s] -- Installing: /home/abuild/rpmbuild/BUILDROOT/libcxx-runtimes-22.1.8-1.arm/usr/include/c++/v1/__filesystem/directory_iterator.h
[  480s] -- Installing: /home/abuild/rpmbuild/BUILDROOT/libcxx-runtimes-22.1.8-1.arm/usr/include/c++/v1/__filesystem/directory_options.h
[  480s] -- Installing: /home/abuild/rpmbuild/BUILDROOT/libcxx-runtimes-22.1.8-1.arm/usr/include/c++/v1/__filesystem/file_status.h
[  480s] -- Installing: /home/abuild/rpmbuild/BUILDROOT/libcxx-runtimes-22.1.8-1.arm/usr/include/c++/v1/__filesystem/file_time_type.h
[  480s] -- Installing: /home/abuild/rpmbuild/BUILDROOT/libcxx-runtimes-22.1.8-1.arm/usr/include/c++/v1/__filesystem/file_type.h
[  480s] -- Installing: /home/abuild/rpmbuild/BUILDROOT/libcxx-runtimes-22.1.8-1.arm/usr/include/c++/v1/__filesystem/filesystem_error.h
[  480s] -- Installing: /home/abuild/rpmbuild/BUILDROOT/libcxx-runtimes-22.1.8-1.arm/usr/include/c++/v1/__filesystem/operations.h
[  480s] -- Installing: /home/abuild/rpmbuild/BUILDROOT/libcxx-runtimes-22.1.8-1.arm/usr/include/c++/v1/__filesystem/path.h
[  480s] -- Installing: /home/abuild/rpmbuild/BUILDROOT/libcxx-runtimes-22.1.8-1.arm/usr/include/c++/v1/__filesystem/path_iterator.h
[  480s] -- Installing: /home/abuild/rpmbuild/BUILDROOT/libcxx-runtimes-22.1.8-1.arm/usr/include/c++/v1/__filesystem/perm_options.h
[  480s] -- Installing: /home/abuild/rpmbuild/BUILDROOT/libcxx-runtimes-22.1.8-1.arm/usr/include/c++/v1/__filesystem/perms.h
[  480s] -- Installing: /home/abuild/rpmbuild/BUILDROOT/libcxx-runtimes-22.1.8-1.arm/usr/include/c++/v1/__filesystem/recursive_directory_iterator.h
[  480s] -- Installing: /home/abuild/rpmbuild/BUILDROOT/libcxx-runtimes-22.1.8-1.arm/usr/include/c++/v1/__filesystem/space_info.h
[  480s] -- Installing: /home/abuild/rpmbuild/BUILDROOT/libcxx-runtimes-22.1.8-1.arm/usr/include/c++/v1/__filesystem/u8path.h
[  480s] -- Installing: /home/abuild/rpmbuild/BUILDROOT/libcxx-runtimes-22.1.8-1.arm/usr/include/c++/v1/__flat_map/flat_map.h
[  480s] -- Installing: /home/abuild/rpmbuild/BUILDROOT/libcxx-runtimes-22.1.8-1.arm/usr/include/c++/v1/__flat_map/flat_multimap.h
[  480s] -- Installing: /home/abuild/rpmbuild/BUILDROOT/libcxx-runtimes-22.1.8-1.arm/usr/include/c++/v1/__flat_map/key_value_iterator.h
[  480s] -- Installing: /home/abuild/rpmbuild/BUILDROOT/libcxx-runtimes-22.1.8-1.arm/usr/include/c++/v1/__flat_map/sorted_equivalent.h
[  480s] -- Installing: /home/abuild/rpmbuild/BUILDROOT/libcxx-runtimes-22.1.8-1.arm/usr/include/c++/v1/__flat_map/sorted_unique.h
[  480s] -- Installing: /home/abuild/rpmbuild/BUILDROOT/libcxx-runtimes-22.1.8-1.arm/usr/include/c++/v1/__flat_map/utils.h
[  480s] -- Installing: /home/abuild/rpmbuild/BUILDROOT/libcxx-runtimes-22.1.8-1.arm/usr/include/c++/v1/__flat_set/flat_multiset.h
[  480s] -- Installing: /home/abuild/rpmbuild/BUILDROOT/libcxx-runtimes-22.1.8-1.arm/usr/include/c++/v1/__flat_set/flat_set.h
[  480s] -- Installing: /home/abuild/rpmbuild/BUILDROOT/libcxx-runtimes-22.1.8-1.arm/usr/include/c++/v1/__flat_set/ra_iterator.h
[  480s] -- Installing: /home/abuild/rpmbuild/BUILDROOT/libcxx-runtimes-22.1.8-1.arm/usr/include/c++/v1/__flat_set/utils.h
[  480s] -- Installing: /home/abuild/rpmbuild/BUILDROOT/libcxx-runtimes-22.1.8-1.arm/usr/include/c++/v1/__format/buffer.h
[  480s] -- Installing: /home/abuild/rpmbuild/BUILDROOT/libcxx-runtimes-22.1.8-1.arm/usr/include/c++/v1/__format/concepts.h
[  480s] -- Installing: /home/abuild/rpmbuild/BUILDROOT/libcxx-runtimes-22.1.8-1.arm/usr/include/c++/v1/__format/container_adaptor.h
[  480s] -- Installing: /home/abuild/rpmbuild/BUILDROOT/libcxx-runtimes-22.1.8-1.arm/usr/include/c++/v1/__format/enable_insertable.h
[  480s] -- Installing: /home/abuild/rpmbuild/BUILDROOT/libcxx-runtimes-22.1.8-1.arm/usr/include/c++/v1/__format/escaped_output_table.h
[  480s] -- Installing: /home/abuild/rpmbuild/BUILDROOT/libcxx-runtimes-22.1.8-1.arm/usr/include/c++/v1/__format/extended_grapheme_cluster_table.h
[  480s] -- Installing: /home/abuild/rpmbuild/BUILDROOT/libcxx-runtimes-22.1.8-1.arm/usr/include/c++/v1/__format/fmt_pair_like.h
[  480s] -- Installing: /home/abuild/rpmbuild/BUILDROOT/libcxx-runtimes-22.1.8-1.arm/usr/include/c++/v1/__format/format_arg.h
[  480s] -- Installing: /home/abuild/rpmbuild/BUILDROOT/libcxx-runtimes-22.1.8-1.arm/usr/include/c++/v1/__format/format_arg_store.h
[  480s] -- Installing: /home/abuild/rpmbuild/BUILDROOT/libcxx-runtimes-22.1.8-1.arm/usr/include/c++/v1/__format/format_args.h
[  480s] -- Installing: /home/abuild/rpmbuild/BUILDROOT/libcxx-runtimes-22.1.8-1.arm/usr/include/c++/v1/__format/format_context.h
[  480s] -- Installing: /home/abuild/rpmbuild/BUILDROOT/libcxx-runtimes-22.1.8-1.arm/usr/include/c++/v1/__format/format_error.h
[  480s] -- Installing: /home/abuild/rpmbuild/BUILDROOT/libcxx-runtimes-22.1.8-1.arm/usr/include/c++/v1/__format/format_functions.h
[  480s] -- Installing: /home/abuild/rpmbuild/BUILDROOT/libcxx-runtimes-22.1.8-1.arm/usr/include/c++/v1/__format/format_parse_context.h
[  480s] -- Installing: /home/abuild/rpmbuild/BUILDROOT/libcxx-runtimes-22.1.8-1.arm/usr/include/c++/v1/__format/format_string.h
[  480s] -- Installing: /home/abuild/rpmbuild/BUILDROOT/libcxx-runtimes-22.1.8-1.arm/usr/include/c++/v1/__format/format_to_n_result.h
[  480s] -- Installing: /home/abuild/rpmbuild/BUILDROOT/libcxx-runtimes-22.1.8-1.arm/usr/include/c++/v1/__format/formatter.h
[  480s] -- Installing: /home/abuild/rpmbuild/BUILDROOT/libcxx-runtimes-22.1.8-1.arm/usr/include/c++/v1/__format/formatter_bool.h
[  480s] -- Installing: /home/abuild/rpmbuild/BUILDROOT/libcxx-runtimes-22.1.8-1.arm/usr/include/c++/v1/__format/formatter_char.h
[  480s] -- Installing: /home/abuild/rpmbuild/BUILDROOT/libcxx-runtimes-22.1.8-1.arm/usr/include/c++/v1/__format/formatter_floating_point.h
[  480s] -- Installing: /home/abuild/rpmbuild/BUILDROOT/libcxx-runtimes-22.1.8-1.arm/usr/include/c++/v1/__format/formatter_integer.h
[  480s] -- Installing: /home/abuild/rpmbuild/BUILDROOT/libcxx-runtimes-22.1.8-1.arm/usr/include/c++/v1/__format/formatter_integral.h
[  480s] -- Installing: /home/abuild/rpmbuild/BUILDROOT/libcxx-runtimes-22.1.8-1.arm/usr/include/c++/v1/__format/formatter_output.h
[  480s] -- Installing: /home/abuild/rpmbuild/BUILDROOT/libcxx-runtimes-22.1.8-1.arm/usr/include/c++/v1/__format/formatter_pointer.h
[  480s] -- Installing: /home/abuild/rpmbuild/BUILDROOT/libcxx-runtimes-22.1.8-1.arm/usr/include/c++/v1/__format/formatter_string.h
[  480s] -- Installing: /home/abuild/rpmbuild/BUILDROOT/libcxx-runtimes-22.1.8-1.arm/usr/include/c++/v1/__format/formatter_tuple.h
[  480s] -- Installing: /home/abuild/rpmbuild/BUILDROOT/libcxx-runtimes-22.1.8-1.arm/usr/include/c++/v1/__format/indic_conjunct_break_table.h
[  480s] -- Installing: /home/abuild/rpmbuild/BUILDROOT/libcxx-runtimes-22.1.8-1.arm/usr/include/c++/v1/__format/parser_std_format_spec.h
[  480s] -- Installing: /home/abuild/rpmbuild/BUILDROOT/libcxx-runtimes-22.1.8-1.arm/usr/include/c++/v1/__format/range_default_formatter.h
[  480s] -- Installing: /home/abuild/rpmbuild/BUILDROOT/libcxx-runtimes-22.1.8-1.arm/usr/include/c++/v1/__format/range_format.h
[  480s] -- Installing: /home/abuild/rpmbuild/BUILDROOT/libcxx-runtimes-22.1.8-1.arm/usr/include/c++/v1/__format/range_formatter.h
[  480s] -- Installing: /home/abuild/rpmbuild/BUILDROOT/libcxx-runtimes-22.1.8-1.arm/usr/include/c++/v1/__format/unicode.h
[  480s] -- Installing: /home/abuild/rpmbuild/BUILDROOT/libcxx-runtimes-22.1.8-1.arm/usr/include/c++/v1/__format/width_estimation_table.h
[  480s] -- Installing: /home/abuild/rpmbuild/BUILDROOT/libcxx-runtimes-22.1.8-1.arm/usr/include/c++/v1/__format/write_escaped.h
[  480s] -- Installing: /home/abuild/rpmbuild/BUILDROOT/libcxx-runtimes-22.1.8-1.arm/usr/include/c++/v1/__functional/binary_function.h
[  480s] -- Installing: /home/abuild/rpmbuild/BUILDROOT/libcxx-runtimes-22.1.8-1.arm/usr/include/c++/v1/__functional/binary_negate.h
[  480s] -- Installing: /home/abuild/rpmbuild/BUILDROOT/libcxx-runtimes-22.1.8-1.arm/usr/include/c++/v1/__functional/bind.h
[  480s] -- Installing: /home/abuild/rpmbuild/BUILDROOT/libcxx-runtimes-22.1.8-1.arm/usr/include/c++/v1/__functional/bind_back.h
[  480s] -- Installing: /home/abuild/rpmbuild/BUILDROOT/libcxx-runtimes-22.1.8-1.arm/usr/include/c++/v1/__functional/bind_front.h
[  480s] -- Installing: /home/abuild/rpmbuild/BUILDROOT/libcxx-runtimes-22.1.8-1.arm/usr/include/c++/v1/__functional/binder1st.h
[  480s] -- Installing: /home/abuild/rpmbuild/BUILDROOT/libcxx-runtimes-22.1.8-1.arm/usr/include/c++/v1/__functional/binder2nd.h
[  480s] -- Installing: /home/abuild/rpmbuild/BUILDROOT/libcxx-runtimes-22.1.8-1.arm/usr/include/c++/v1/__functional/boyer_moore_searcher.h
[  480s] -- Installing: /home/abuild/rpmbuild/BUILDROOT/libcxx-runtimes-22.1.8-1.arm/usr/include/c++/v1/__functional/compose.h
[  480s] -- Installing: /home/abuild/rpmbuild/BUILDROOT/libcxx-runtimes-22.1.8-1.arm/usr/include/c++/v1/__functional/default_searcher.h
[  480s] -- Installing: /home/abuild/rpmbuild/BUILDROOT/libcxx-runtimes-22.1.8-1.arm/usr/include/c++/v1/__functional/function.h
[  480s] -- Installing: /home/abuild/rpmbuild/BUILDROOT/libcxx-runtimes-22.1.8-1.arm/usr/include/c++/v1/__functional/hash.h
[  480s] -- Installing: /home/abuild/rpmbuild/BUILDROOT/libcxx-runtimes-22.1.8-1.arm/usr/include/c++/v1/__functional/identity.h
[  480s] -- Installing: /home/abuild/rpmbuild/BUILDROOT/libcxx-runtimes-22.1.8-1.arm/usr/include/c++/v1/__functional/invoke.h
[  480s] -- Installing: /home/abuild/rpmbuild/BUILDROOT/libcxx-runtimes-22.1.8-1.arm/usr/include/c++/v1/__functional/is_transparent.h
[  480s] -- Installing: /home/abuild/rpmbuild/BUILDROOT/libcxx-runtimes-22.1.8-1.arm/usr/include/c++/v1/__functional/mem_fn.h
[  480s] -- Installing: /home/abuild/rpmbuild/BUILDROOT/libcxx-runtimes-22.1.8-1.arm/usr/include/c++/v1/__functional/mem_fun_ref.h
[  480s] -- Installing: /home/abuild/rpmbuild/BUILDROOT/libcxx-runtimes-22.1.8-1.arm/usr/include/c++/v1/__functional/not_fn.h
[  480s] -- Installing: /home/abuild/rpmbuild/BUILDROOT/libcxx-runtimes-22.1.8-1.arm/usr/include/c++/v1/__functional/operations.h
[  480s] -- Installing: /home/abuild/rpmbuild/BUILDROOT/libcxx-runtimes-22.1.8-1.arm/usr/include/c++/v1/__functional/perfect_forward.h
[  480s] -- Installing: /home/abuild/rpmbuild/BUILDROOT/libcxx-runtimes-22.1.8-1.arm/usr/include/c++/v1/__functional/pointer_to_binary_function.h
[  480s] -- Installing: /home/abuild/rpmbuild/BUILDROOT/libcxx-runtimes-22.1.8-1.arm/usr/include/c++/v1/__functional/pointer_to_unary_function.h
[  480s] -- Installing: /home/abuild/rpmbuild/BUILDROOT/libcxx-runtimes-22.1.8-1.arm/usr/include/c++/v1/__functional/ranges_operations.h
[  480s] -- Installing: /home/abuild/rpmbuild/BUILDROOT/libcxx-runtimes-22.1.8-1.arm/usr/include/c++/v1/__functional/reference_wrapper.h
[  480s] -- Installing: /home/abuild/rpmbuild/BUILDROOT/libcxx-runtimes-22.1.8-1.arm/usr/include/c++/v1/__functional/unary_function.h
[  480s] -- Installing: /home/abuild/rpmbuild/BUILDROOT/libcxx-runtimes-22.1.8-1.arm/usr/include/c++/v1/__functional/unary_negate.h
[  480s] -- Installing: /home/abuild/rpmbuild/BUILDROOT/libcxx-runtimes-22.1.8-1.arm/usr/include/c++/v1/__functional/weak_result_type.h
[  480s] -- Installing: /home/abuild/rpmbuild/BUILDROOT/libcxx-runtimes-22.1.8-1.arm/usr/include/c++/v1/__fwd/array.h
[  480s] -- Installing: /home/abuild/rpmbuild/BUILDROOT/libcxx-runtimes-22.1.8-1.arm/usr/include/c++/v1/__fwd/bit_reference.h
[  480s] -- Installing: /home/abuild/rpmbuild/BUILDROOT/libcxx-runtimes-22.1.8-1.arm/usr/include/c++/v1/__fwd/byte.h
[  480s] -- Installing: /home/abuild/rpmbuild/BUILDROOT/libcxx-runtimes-22.1.8-1.arm/usr/include/c++/v1/__fwd/complex.h
[  480s] -- Installing: /home/abuild/rpmbuild/BUILDROOT/libcxx-runtimes-22.1.8-1.arm/usr/include/c++/v1/__fwd/deque.h
[  480s] -- Installing: /home/abuild/rpmbuild/BUILDROOT/libcxx-runtimes-22.1.8-1.arm/usr/include/c++/v1/__fwd/format.h
[  480s] -- Installing: /home/abuild/rpmbuild/BUILDROOT/libcxx-runtimes-22.1.8-1.arm/usr/include/c++/v1/__fwd/fstream.h
[  480s] -- Installing: /home/abuild/rpmbuild/BUILDROOT/libcxx-runtimes-22.1.8-1.arm/usr/include/c++/v1/__fwd/functional.h
[  480s] -- Installing: /home/abuild/rpmbuild/BUILDROOT/libcxx-runtimes-22.1.8-1.arm/usr/include/c++/v1/__fwd/get.h
[  480s] -- Installing: /home/abuild/rpmbuild/BUILDROOT/libcxx-runtimes-22.1.8-1.arm/usr/include/c++/v1/__fwd/ios.h
[  480s] -- Installing: /home/abuild/rpmbuild/BUILDROOT/libcxx-runtimes-22.1.8-1.arm/usr/include/c++/v1/__fwd/istream.h
[  480s] -- Installing: /home/abuild/rpmbuild/BUILDROOT/libcxx-runtimes-22.1.8-1.arm/usr/include/c++/v1/__fwd/mdspan.h
[  480s] -- Installing: /home/abuild/rpmbuild/BUILDROOT/libcxx-runtimes-22.1.8-1.arm/usr/include/c++/v1/__fwd/memory.h
[  480s] -- Installing: /home/abuild/rpmbuild/BUILDROOT/libcxx-runtimes-22.1.8-1.arm/usr/include/c++/v1/__fwd/memory_resource.h
[  480s] -- Installing: /home/abuild/rpmbuild/BUILDROOT/libcxx-runtimes-22.1.8-1.arm/usr/include/c++/v1/__fwd/ostream.h
[  480s] -- Installing: /home/abuild/rpmbuild/BUILDROOT/libcxx-runtimes-22.1.8-1.arm/usr/include/c++/v1/__fwd/pair.h
[  480s] -- Installing: /home/abuild/rpmbuild/BUILDROOT/libcxx-runtimes-22.1.8-1.arm/usr/include/c++/v1/__fwd/queue.h
[  480s] -- Installing: /home/abuild/rpmbuild/BUILDROOT/libcxx-runtimes-22.1.8-1.arm/usr/include/c++/v1/__fwd/span.h
[  480s] -- Installing: /home/abuild/rpmbuild/BUILDROOT/libcxx-runtimes-22.1.8-1.arm/usr/include/c++/v1/__fwd/sstream.h
[  480s] -- Installing: /home/abuild/rpmbuild/BUILDROOT/libcxx-runtimes-22.1.8-1.arm/usr/include/c++/v1/__fwd/stack.h
[  480s] -- Installing: /home/abuild/rpmbuild/BUILDROOT/libcxx-runtimes-22.1.8-1.arm/usr/include/c++/v1/__fwd/streambuf.h
[  480s] -- Installing: /home/abuild/rpmbuild/BUILDROOT/libcxx-runtimes-22.1.8-1.arm/usr/include/c++/v1/__fwd/string.h
[  480s] -- Installing: /home/abuild/rpmbuild/BUILDROOT/libcxx-runtimes-22.1.8-1.arm/usr/include/c++/v1/__fwd/string_view.h
[  480s] -- Installing: /home/abuild/rpmbuild/BUILDROOT/libcxx-runtimes-22.1.8-1.arm/usr/include/c++/v1/__fwd/subrange.h
[  480s] -- Installing: /home/abuild/rpmbuild/BUILDROOT/libcxx-runtimes-22.1.8-1.arm/usr/include/c++/v1/__fwd/tuple.h
[  480s] -- Installing: /home/abuild/rpmbuild/BUILDROOT/libcxx-runtimes-22.1.8-1.arm/usr/include/c++/v1/__fwd/variant.h
[  480s] -- Installing: /home/abuild/rpmbuild/BUILDROOT/libcxx-runtimes-22.1.8-1.arm/usr/include/c++/v1/__fwd/vector.h
[  480s] -- Installing: /home/abuild/rpmbuild/BUILDROOT/libcxx-runtimes-22.1.8-1.arm/usr/include/c++/v1/__hash_table
[  480s] -- Installing: /home/abuild/rpmbuild/BUILDROOT/libcxx-runtimes-22.1.8-1.arm/usr/include/c++/v1/__ios/fpos.h
[  480s] -- Installing: /home/abuild/rpmbuild/BUILDROOT/libcxx-runtimes-22.1.8-1.arm/usr/include/c++/v1/__iterator/access.h
[  480s] -- Installing: /home/abuild/rpmbuild/BUILDROOT/libcxx-runtimes-22.1.8-1.arm/usr/include/c++/v1/__iterator/advance.h
[  480s] -- Installing: /home/abuild/rpmbuild/BUILDROOT/libcxx-runtimes-22.1.8-1.arm/usr/include/c++/v1/__iterator/aliasing_iterator.h
[  480s] -- Installing: /home/abuild/rpmbuild/BUILDROOT/libcxx-runtimes-22.1.8-1.arm/usr/include/c++/v1/__iterator/back_insert_iterator.h
[  480s] -- Installing: /home/abuild/rpmbuild/BUILDROOT/libcxx-runtimes-22.1.8-1.arm/usr/include/c++/v1/__iterator/bounded_iter.h
[  480s] -- Installing: /home/abuild/rpmbuild/BUILDROOT/libcxx-runtimes-22.1.8-1.arm/usr/include/c++/v1/__iterator/common_iterator.h
[  480s] -- Installing: /home/abuild/rpmbuild/BUILDROOT/libcxx-runtimes-22.1.8-1.arm/usr/include/c++/v1/__iterator/concepts.h
[  480s] -- Installing: /home/abuild/rpmbuild/BUILDROOT/libcxx-runtimes-22.1.8-1.arm/usr/include/c++/v1/__iterator/counted_iterator.h
[  480s] -- Installing: /home/abuild/rpmbuild/BUILDROOT/libcxx-runtimes-22.1.8-1.arm/usr/include/c++/v1/__iterator/cpp17_iterator_concepts.h
[  480s] -- Installing: /home/abuild/rpmbuild/BUILDROOT/libcxx-runtimes-22.1.8-1.arm/usr/include/c++/v1/__iterator/data.h
[  480s] -- Installing: /home/abuild/rpmbuild/BUILDROOT/libcxx-runtimes-22.1.8-1.arm/usr/include/c++/v1/__iterator/default_sentinel.h
[  480s] -- Installing: /home/abuild/rpmbuild/BUILDROOT/libcxx-runtimes-22.1.8-1.arm/usr/include/c++/v1/__iterator/distance.h
[  480s] -- Installing: /home/abuild/rpmbuild/BUILDROOT/libcxx-runtimes-22.1.8-1.arm/usr/include/c++/v1/__iterator/empty.h
[  480s] -- Installing: /home/abuild/rpmbuild/BUILDROOT/libcxx-runtimes-22.1.8-1.arm/usr/include/c++/v1/__iterator/erase_if_container.h
[  480s] -- Installing: /home/abuild/rpmbuild/BUILDROOT/libcxx-runtimes-22.1.8-1.arm/usr/include/c++/v1/__iterator/front_insert_iterator.h
[  480s] -- Installing: /home/abuild/rpmbuild/BUILDROOT/libcxx-runtimes-22.1.8-1.arm/usr/include/c++/v1/__iterator/incrementable_traits.h
[  480s] -- Installing: /home/abuild/rpmbuild/BUILDROOT/libcxx-runtimes-22.1.8-1.arm/usr/include/c++/v1/__iterator/indirectly_comparable.h
[  480s] -- Installing: /home/abuild/rpmbuild/BUILDROOT/libcxx-runtimes-22.1.8-1.arm/usr/include/c++/v1/__iterator/insert_iterator.h
[  480s] -- Installing: /home/abuild/rpmbuild/BUILDROOT/libcxx-runtimes-22.1.8-1.arm/usr/include/c++/v1/__iterator/istream_iterator.h
[  480s] -- Installing: /home/abuild/rpmbuild/BUILDROOT/libcxx-runtimes-22.1.8-1.arm/usr/include/c++/v1/__iterator/istreambuf_iterator.h
[  480s] -- Installing: /home/abuild/rpmbuild/BUILDROOT/libcxx-runtimes-22.1.8-1.arm/usr/include/c++/v1/__iterator/iter_move.h
[  480s] -- Installing: /home/abuild/rpmbuild/BUILDROOT/libcxx-runtimes-22.1.8-1.arm/usr/include/c++/v1/__iterator/iter_swap.h
[  480s] -- Installing: /home/abuild/rpmbuild/BUILDROOT/libcxx-runtimes-22.1.8-1.arm/usr/include/c++/v1/__iterator/iterator.h
[  480s] -- Installing: /home/abuild/rpmbuild/BUILDROOT/libcxx-runtimes-22.1.8-1.arm/usr/include/c++/v1/__iterator/iterator_traits.h
[  480s] -- Installing: /home/abuild/rpmbuild/BUILDROOT/libcxx-runtimes-22.1.8-1.arm/usr/include/c++/v1/__iterator/iterator_with_data.h
[  480s] -- Installing: /home/abuild/rpmbuild/BUILDROOT/libcxx-runtimes-22.1.8-1.arm/usr/include/c++/v1/__iterator/mergeable.h
[  480s] -- Installing: /home/abuild/rpmbuild/BUILDROOT/libcxx-runtimes-22.1.8-1.arm/usr/include/c++/v1/__iterator/move_iterator.h
[  480s] -- Installing: /home/abuild/rpmbuild/BUILDROOT/libcxx-runtimes-22.1.8-1.arm/usr/include/c++/v1/__iterator/move_sentinel.h
[  480s] -- Installing: /home/abuild/rpmbuild/BUILDROOT/libcxx-runtimes-22.1.8-1.arm/usr/include/c++/v1/__iterator/next.h
[  480s] -- Installing: /home/abuild/rpmbuild/BUILDROOT/libcxx-runtimes-22.1.8-1.arm/usr/include/c++/v1/__iterator/ostream_iterator.h
[  480s] -- Installing: /home/abuild/rpmbuild/BUILDROOT/libcxx-runtimes-22.1.8-1.arm/usr/include/c++/v1/__iterator/ostreambuf_iterator.h
[  480s] -- Installing: /home/abuild/rpmbuild/BUILDROOT/libcxx-runtimes-22.1.8-1.arm/usr/include/c++/v1/__iterator/permutable.h
[  480s] -- Installing: /home/abuild/rpmbuild/BUILDROOT/libcxx-runtimes-22.1.8-1.arm/usr/include/c++/v1/__iterator/prev.h
[  480s] -- Installing: /home/abuild/rpmbuild/BUILDROOT/libcxx-runtimes-22.1.8-1.arm/usr/include/c++/v1/__iterator/product_iterator.h
[  480s] -- Installing: /home/abuild/rpmbuild/BUILDROOT/libcxx-runtimes-22.1.8-1.arm/usr/include/c++/v1/__iterator/projected.h
[  480s] -- Installing: /home/abuild/rpmbuild/BUILDROOT/libcxx-runtimes-22.1.8-1.arm/usr/include/c++/v1/__iterator/ranges_iterator_traits.h
[  480s] -- Installing: /home/abuild/rpmbuild/BUILDROOT/libcxx-runtimes-22.1.8-1.arm/usr/include/c++/v1/__iterator/readable_traits.h
[  480s] -- Installing: /home/abuild/rpmbuild/BUILDROOT/libcxx-runtimes-22.1.8-1.arm/usr/include/c++/v1/__iterator/reverse_access.h
[  480s] -- Installing: /home/abuild/rpmbuild/BUILDROOT/libcxx-runtimes-22.1.8-1.arm/usr/include/c++/v1/__iterator/reverse_iterator.h
[  480s] -- Installing: /home/abuild/rpmbuild/BUILDROOT/libcxx-runtimes-22.1.8-1.arm/usr/include/c++/v1/__iterator/segmented_iterator.h
[  480s] -- Installing: /home/abuild/rpmbuild/BUILDROOT/libcxx-runtimes-22.1.8-1.arm/usr/include/c++/v1/__iterator/size.h
[  480s] -- Installing: /home/abuild/rpmbuild/BUILDROOT/libcxx-runtimes-22.1.8-1.arm/usr/include/c++/v1/__iterator/sortable.h
[  480s] -- Installing: /home/abuild/rpmbuild/BUILDROOT/libcxx-runtimes-22.1.8-1.arm/usr/include/c++/v1/__iterator/static_bounded_iter.h
[  480s] -- Installing: /home/abuild/rpmbuild/BUILDROOT/libcxx-runtimes-22.1.8-1.arm/usr/include/c++/v1/__iterator/unreachable_sentinel.h
[  480s] -- Installing: /home/abuild/rpmbuild/BUILDROOT/libcxx-runtimes-22.1.8-1.arm/usr/include/c++/v1/__iterator/wrap_iter.h
[  480s] -- Installing: /home/abuild/rpmbuild/BUILDROOT/libcxx-runtimes-22.1.8-1.arm/usr/include/c++/v1/__locale
[  480s] -- Installing: /home/abuild/rpmbuild/BUILDROOT/libcxx-runtimes-22.1.8-1.arm/usr/include/c++/v1/__locale_dir/check_grouping.h
[  480s] -- Installing: /home/abuild/rpmbuild/BUILDROOT/libcxx-runtimes-22.1.8-1.arm/usr/include/c++/v1/__locale_dir/get_c_locale.h
[  480s] -- Installing: /home/abuild/rpmbuild/BUILDROOT/libcxx-runtimes-22.1.8-1.arm/usr/include/c++/v1/__locale_dir/locale_base_api.h
[  480s] -- Installing: /home/abuild/rpmbuild/BUILDROOT/libcxx-runtimes-22.1.8-1.arm/usr/include/c++/v1/__locale_dir/locale_base_api/bsd_locale_fallbacks.h
[  480s] -- Installing: /home/abuild/rpmbuild/BUILDROOT/libcxx-runtimes-22.1.8-1.arm/usr/include/c++/v1/__locale_dir/locale_base_api/ibm.h
[  480s] -- Installing: /home/abuild/rpmbuild/BUILDROOT/libcxx-runtimes-22.1.8-1.arm/usr/include/c++/v1/__locale_dir/locale_base_api/openbsd.h
[  480s] -- Installing: /home/abuild/rpmbuild/BUILDROOT/libcxx-runtimes-22.1.8-1.arm/usr/include/c++/v1/__locale_dir/messages.h
[  480s] -- Installing: /home/abuild/rpmbuild/BUILDROOT/libcxx-runtimes-22.1.8-1.arm/usr/include/c++/v1/__locale_dir/money.h
[  480s] -- Installing: /home/abuild/rpmbuild/BUILDROOT/libcxx-runtimes-22.1.8-1.arm/usr/include/c++/v1/__locale_dir/num.h
[  480s] -- Installing: /home/abuild/rpmbuild/BUILDROOT/libcxx-runtimes-22.1.8-1.arm/usr/include/c++/v1/__locale_dir/pad_and_output.h
[  480s] -- Installing: /home/abuild/rpmbuild/BUILDROOT/libcxx-runtimes-22.1.8-1.arm/usr/include/c++/v1/__locale_dir/scan_keyword.h
[  480s] -- Installing: /home/abuild/rpmbuild/BUILDROOT/libcxx-runtimes-22.1.8-1.arm/usr/include/c++/v1/__locale_dir/support/aix.h
[  480s] -- Installing: /home/abuild/rpmbuild/BUILDROOT/libcxx-runtimes-22.1.8-1.arm/usr/include/c++/v1/__locale_dir/support/apple.h
[  480s] -- Installing: /home/abuild/rpmbuild/BUILDROOT/libcxx-runtimes-22.1.8-1.arm/usr/include/c++/v1/__locale_dir/support/bsd_like.h
[  480s] -- Installing: /home/abuild/rpmbuild/BUILDROOT/libcxx-runtimes-22.1.8-1.arm/usr/include/c++/v1/__locale_dir/support/freebsd.h
[  480s] -- Installing: /home/abuild/rpmbuild/BUILDROOT/libcxx-runtimes-22.1.8-1.arm/usr/include/c++/v1/__locale_dir/support/fuchsia.h
[  480s] -- Installing: /home/abuild/rpmbuild/BUILDROOT/libcxx-runtimes-22.1.8-1.arm/usr/include/c++/v1/__locale_dir/support/linux.h
[  480s] -- Installing: /home/abuild/rpmbuild/BUILDROOT/libcxx-runtimes-22.1.8-1.arm/usr/include/c++/v1/__locale_dir/support/netbsd.h
[  480s] -- Installing: /home/abuild/rpmbuild/BUILDROOT/libcxx-runtimes-22.1.8-1.arm/usr/include/c++/v1/__locale_dir/support/newlib.h
[  480s] -- Installing: /home/abuild/rpmbuild/BUILDROOT/libcxx-runtimes-22.1.8-1.arm/usr/include/c++/v1/__locale_dir/support/no_locale/characters.h
[  480s] -- Installing: /home/abuild/rpmbuild/BUILDROOT/libcxx-runtimes-22.1.8-1.arm/usr/include/c++/v1/__locale_dir/support/no_locale/strtonum.h
[  480s] -- Installing: /home/abuild/rpmbuild/BUILDROOT/libcxx-runtimes-22.1.8-1.arm/usr/include/c++/v1/__locale_dir/support/windows.h
[  480s] -- Installing: /home/abuild/rpmbuild/BUILDROOT/libcxx-runtimes-22.1.8-1.arm/usr/include/c++/v1/__locale_dir/time.h
[  480s] -- Installing: /home/abuild/rpmbuild/BUILDROOT/libcxx-runtimes-22.1.8-1.arm/usr/include/c++/v1/__locale_dir/wbuffer_convert.h
[  480s] -- Installing: /home/abuild/rpmbuild/BUILDROOT/libcxx-runtimes-22.1.8-1.arm/usr/include/c++/v1/__locale_dir/wstring_convert.h
[  480s] -- Installing: /home/abuild/rpmbuild/BUILDROOT/libcxx-runtimes-22.1.8-1.arm/usr/include/c++/v1/__log_hardening_failure
[  480s] -- Installing: /home/abuild/rpmbuild/BUILDROOT/libcxx-runtimes-22.1.8-1.arm/usr/include/c++/v1/__math/abs.h
[  480s] -- Installing: /home/abuild/rpmbuild/BUILDROOT/libcxx-runtimes-22.1.8-1.arm/usr/include/c++/v1/__math/copysign.h
[  480s] -- Installing: /home/abuild/rpmbuild/BUILDROOT/libcxx-runtimes-22.1.8-1.arm/usr/include/c++/v1/__math/error_functions.h
[  480s] -- Installing: /home/abuild/rpmbuild/BUILDROOT/libcxx-runtimes-22.1.8-1.arm/usr/include/c++/v1/__math/exponential_functions.h
[  480s] -- Installing: /home/abuild/rpmbuild/BUILDROOT/libcxx-runtimes-22.1.8-1.arm/usr/include/c++/v1/__math/fdim.h
[  480s] -- Installing: /home/abuild/rpmbuild/BUILDROOT/libcxx-runtimes-22.1.8-1.arm/usr/include/c++/v1/__math/fma.h
[  480s] -- Installing: /home/abuild/rpmbuild/BUILDROOT/libcxx-runtimes-22.1.8-1.arm/usr/include/c++/v1/__math/gamma.h
[  480s] -- Installing: /home/abuild/rpmbuild/BUILDROOT/libcxx-runtimes-22.1.8-1.arm/usr/include/c++/v1/__math/hyperbolic_functions.h
[  480s] -- Installing: /home/abuild/rpmbuild/BUILDROOT/libcxx-runtimes-22.1.8-1.arm/usr/include/c++/v1/__math/hypot.h
[  480s] -- Installing: /home/abuild/rpmbuild/BUILDROOT/libcxx-runtimes-22.1.8-1.arm/usr/include/c++/v1/__math/inverse_hyperbolic_functions.h
[  480s] -- Installing: /home/abuild/rpmbuild/BUILDROOT/libcxx-runtimes-22.1.8-1.arm/usr/include/c++/v1/__math/inverse_trigonometric_functions.h
[  480s] -- Installing: /home/abuild/rpmbuild/BUILDROOT/libcxx-runtimes-22.1.8-1.arm/usr/include/c++/v1/__math/logarithms.h
[  480s] -- Installing: /home/abuild/rpmbuild/BUILDROOT/libcxx-runtimes-22.1.8-1.arm/usr/include/c++/v1/__math/min_max.h
[  480s] -- Installing: /home/abuild/rpmbuild/BUILDROOT/libcxx-runtimes-22.1.8-1.arm/usr/include/c++/v1/__math/modulo.h
[  480s] -- Installing: /home/abuild/rpmbuild/BUILDROOT/libcxx-runtimes-22.1.8-1.arm/usr/include/c++/v1/__math/remainder.h
[  480s] -- Installing: /home/abuild/rpmbuild/BUILDROOT/libcxx-runtimes-22.1.8-1.arm/usr/include/c++/v1/__math/roots.h
[  480s] -- Installing: /home/abuild/rpmbuild/BUILDROOT/libcxx-runtimes-22.1.8-1.arm/usr/include/c++/v1/__math/rounding_functions.h
[  480s] -- Installing: /home/abuild/rpmbuild/BUILDROOT/libcxx-runtimes-22.1.8-1.arm/usr/include/c++/v1/__math/special_functions.h
[  480s] -- Installing: /home/abuild/rpmbuild/BUILDROOT/libcxx-runtimes-22.1.8-1.arm/usr/include/c++/v1/__math/traits.h
[  480s] -- Installing: /home/abuild/rpmbuild/BUILDROOT/libcxx-runtimes-22.1.8-1.arm/usr/include/c++/v1/__math/trigonometric_functions.h
[  480s] -- Installing: /home/abuild/rpmbuild/BUILDROOT/libcxx-runtimes-22.1.8-1.arm/usr/include/c++/v1/__mbstate_t.h
[  480s] -- Installing: /home/abuild/rpmbuild/BUILDROOT/libcxx-runtimes-22.1.8-1.arm/usr/include/c++/v1/__mdspan/aligned_accessor.h
[  480s] -- Installing: /home/abuild/rpmbuild/BUILDROOT/libcxx-runtimes-22.1.8-1.arm/usr/include/c++/v1/__mdspan/default_accessor.h
[  480s] -- Installing: /home/abuild/rpmbuild/BUILDROOT/libcxx-runtimes-22.1.8-1.arm/usr/include/c++/v1/__mdspan/extents.h
[  480s] -- Installing: /home/abuild/rpmbuild/BUILDROOT/libcxx-runtimes-22.1.8-1.arm/usr/include/c++/v1/__mdspan/layout_left.h
[  480s] -- Installing: /home/abuild/rpmbuild/BUILDROOT/libcxx-runtimes-22.1.8-1.arm/usr/include/c++/v1/__mdspan/layout_right.h
[  480s] -- Installing: /home/abuild/rpmbuild/BUILDROOT/libcxx-runtimes-22.1.8-1.arm/usr/include/c++/v1/__mdspan/layout_stride.h
[  480s] -- Installing: /home/abuild/rpmbuild/BUILDROOT/libcxx-runtimes-22.1.8-1.arm/usr/include/c++/v1/__mdspan/mdspan.h
[  480s] -- Installing: /home/abuild/rpmbuild/BUILDROOT/libcxx-runtimes-22.1.8-1.arm/usr/include/c++/v1/__memory/addressof.h
[  480s] -- Installing: /home/abuild/rpmbuild/BUILDROOT/libcxx-runtimes-22.1.8-1.arm/usr/include/c++/v1/__memory/align.h
[  480s] -- Installing: /home/abuild/rpmbuild/BUILDROOT/libcxx-runtimes-22.1.8-1.arm/usr/include/c++/v1/__memory/allocate_at_least.h
[  480s] -- Installing: /home/abuild/rpmbuild/BUILDROOT/libcxx-runtimes-22.1.8-1.arm/usr/include/c++/v1/__memory/allocation_guard.h
[  480s] -- Installing: /home/abuild/rpmbuild/BUILDROOT/libcxx-runtimes-22.1.8-1.arm/usr/include/c++/v1/__memory/allocator.h
[  480s] -- Installing: /home/abuild/rpmbuild/BUILDROOT/libcxx-runtimes-22.1.8-1.arm/usr/include/c++/v1/__memory/allocator_arg_t.h
[  480s] -- Installing: /home/abuild/rpmbuild/BUILDROOT/libcxx-runtimes-22.1.8-1.arm/usr/include/c++/v1/__memory/allocator_destructor.h
[  480s] -- Installing: /home/abuild/rpmbuild/BUILDROOT/libcxx-runtimes-22.1.8-1.arm/usr/include/c++/v1/__memory/allocator_traits.h
[  480s] -- Installing: /home/abuild/rpmbuild/BUILDROOT/libcxx-runtimes-22.1.8-1.arm/usr/include/c++/v1/__memory/array_cookie.h
[  480s] -- Installing: /home/abuild/rpmbuild/BUILDROOT/libcxx-runtimes-22.1.8-1.arm/usr/include/c++/v1/__memory/assume_aligned.h
[  480s] -- Installing: /home/abuild/rpmbuild/BUILDROOT/libcxx-runtimes-22.1.8-1.arm/usr/include/c++/v1/__memory/auto_ptr.h
[  480s] -- Installing: /home/abuild/rpmbuild/BUILDROOT/libcxx-runtimes-22.1.8-1.arm/usr/include/c++/v1/__memory/compressed_pair.h
[  480s] -- Installing: /home/abuild/rpmbuild/BUILDROOT/libcxx-runtimes-22.1.8-1.arm/usr/include/c++/v1/__memory/concepts.h
[  480s] -- Installing: /home/abuild/rpmbuild/BUILDROOT/libcxx-runtimes-22.1.8-1.arm/usr/include/c++/v1/__memory/construct_at.h
[  480s] -- Installing: /home/abuild/rpmbuild/BUILDROOT/libcxx-runtimes-22.1.8-1.arm/usr/include/c++/v1/__memory/destroy.h
[  480s] -- Installing: /home/abuild/rpmbuild/BUILDROOT/libcxx-runtimes-22.1.8-1.arm/usr/include/c++/v1/__memory/destruct_n.h
[  480s] -- Installing: /home/abuild/rpmbuild/BUILDROOT/libcxx-runtimes-22.1.8-1.arm/usr/include/c++/v1/__memory/inout_ptr.h
[  480s] -- Installing: /home/abuild/rpmbuild/BUILDROOT/libcxx-runtimes-22.1.8-1.arm/usr/include/c++/v1/__memory/is_sufficiently_aligned.h
[  480s] -- Installing: /home/abuild/rpmbuild/BUILDROOT/libcxx-runtimes-22.1.8-1.arm/usr/include/c++/v1/__memory/noexcept_move_assign_container.h
[  480s] -- Installing: /home/abuild/rpmbuild/BUILDROOT/libcxx-runtimes-22.1.8-1.arm/usr/include/c++/v1/__memory/out_ptr.h
[  480s] -- Installing: /home/abuild/rpmbuild/BUILDROOT/libcxx-runtimes-22.1.8-1.arm/usr/include/c++/v1/__memory/pointer_traits.h
[  480s] -- Installing: /home/abuild/rpmbuild/BUILDROOT/libcxx-runtimes-22.1.8-1.arm/usr/include/c++/v1/__memory/ranges_construct_at.h
[  480s] -- Installing: /home/abuild/rpmbuild/BUILDROOT/libcxx-runtimes-22.1.8-1.arm/usr/include/c++/v1/__memory/ranges_destroy.h
[  480s] -- Installing: /home/abuild/rpmbuild/BUILDROOT/libcxx-runtimes-22.1.8-1.arm/usr/include/c++/v1/__memory/ranges_uninitialized_algorithms.h
[  480s] -- Installing: /home/abuild/rpmbuild/BUILDROOT/libcxx-runtimes-22.1.8-1.arm/usr/include/c++/v1/__memory/raw_storage_iterator.h
[  480s] -- Installing: /home/abuild/rpmbuild/BUILDROOT/libcxx-runtimes-22.1.8-1.arm/usr/include/c++/v1/__memory/shared_count.h
[  480s] -- Installing: /home/abuild/rpmbuild/BUILDROOT/libcxx-runtimes-22.1.8-1.arm/usr/include/c++/v1/__memory/shared_ptr.h
[  480s] -- Installing: /home/abuild/rpmbuild/BUILDROOT/libcxx-runtimes-22.1.8-1.arm/usr/include/c++/v1/__memory/swap_allocator.h
[  480s] -- Installing: /home/abuild/rpmbuild/BUILDROOT/libcxx-runtimes-22.1.8-1.arm/usr/include/c++/v1/__memory/temp_value.h
[  480s] -- Installing: /home/abuild/rpmbuild/BUILDROOT/libcxx-runtimes-22.1.8-1.arm/usr/include/c++/v1/__memory/temporary_buffer.h
[  480s] -- Installing: /home/abuild/rpmbuild/BUILDROOT/libcxx-runtimes-22.1.8-1.arm/usr/include/c++/v1/__memory/uninitialized_algorithms.h
[  480s] -- Installing: /home/abuild/rpmbuild/BUILDROOT/libcxx-runtimes-22.1.8-1.arm/usr/include/c++/v1/__memory/unique_ptr.h
[  480s] -- Installing: /home/abuild/rpmbuild/BUILDROOT/libcxx-runtimes-22.1.8-1.arm/usr/include/c++/v1/__memory/unique_temporary_buffer.h
[  480s] -- Installing: /home/abuild/rpmbuild/BUILDROOT/libcxx-runtimes-22.1.8-1.arm/usr/include/c++/v1/__memory/uses_allocator.h
[  480s] -- Installing: /home/abuild/rpmbuild/BUILDROOT/libcxx-runtimes-22.1.8-1.arm/usr/include/c++/v1/__memory/uses_allocator_construction.h
[  480s] -- Installing: /home/abuild/rpmbuild/BUILDROOT/libcxx-runtimes-22.1.8-1.arm/usr/include/c++/v1/__memory_resource/memory_resource.h
[  480s] -- Installing: /home/abuild/rpmbuild/BUILDROOT/libcxx-runtimes-22.1.8-1.arm/usr/include/c++/v1/__memory_resource/monotonic_buffer_resource.h
[  480s] -- Installing: /home/abuild/rpmbuild/BUILDROOT/libcxx-runtimes-22.1.8-1.arm/usr/include/c++/v1/__memory_resource/polymorphic_allocator.h
[  480s] -- Installing: /home/abuild/rpmbuild/BUILDROOT/libcxx-runtimes-22.1.8-1.arm/usr/include/c++/v1/__memory_resource/pool_options.h
[  480s] -- Installing: /home/abuild/rpmbuild/BUILDROOT/libcxx-runtimes-22.1.8-1.arm/usr/include/c++/v1/__memory_resource/synchronized_pool_resource.h
[  480s] -- Installing: /home/abuild/rpmbuild/BUILDROOT/libcxx-runtimes-22.1.8-1.arm/usr/include/c++/v1/__memory_resource/unsynchronized_pool_resource.h
[  480s] -- Installing: /home/abuild/rpmbuild/BUILDROOT/libcxx-runtimes-22.1.8-1.arm/usr/include/c++/v1/__mutex/lock_guard.h
[  480s] -- Installing: /home/abuild/rpmbuild/BUILDROOT/libcxx-runtimes-22.1.8-1.arm/usr/include/c++/v1/__mutex/mutex.h
[  480s] -- Installing: /home/abuild/rpmbuild/BUILDROOT/libcxx-runtimes-22.1.8-1.arm/usr/include/c++/v1/__mutex/once_flag.h
[  480s] -- Installing: /home/abuild/rpmbuild/BUILDROOT/libcxx-runtimes-22.1.8-1.arm/usr/include/c++/v1/__mutex/tag_types.h
[  480s] -- Installing: /home/abuild/rpmbuild/BUILDROOT/libcxx-runtimes-22.1.8-1.arm/usr/include/c++/v1/__mutex/unique_lock.h
[  480s] -- Installing: /home/abuild/rpmbuild/BUILDROOT/libcxx-runtimes-22.1.8-1.arm/usr/include/c++/v1/__new/align_val_t.h
[  480s] -- Installing: /home/abuild/rpmbuild/BUILDROOT/libcxx-runtimes-22.1.8-1.arm/usr/include/c++/v1/__new/allocate.h
[  480s] -- Installing: /home/abuild/rpmbuild/BUILDROOT/libcxx-runtimes-22.1.8-1.arm/usr/include/c++/v1/__new/destroying_delete_t.h
[  480s] -- Installing: /home/abuild/rpmbuild/BUILDROOT/libcxx-runtimes-22.1.8-1.arm/usr/include/c++/v1/__new/exceptions.h
[  480s] -- Installing: /home/abuild/rpmbuild/BUILDROOT/libcxx-runtimes-22.1.8-1.arm/usr/include/c++/v1/__new/global_new_delete.h
[  480s] -- Installing: /home/abuild/rpmbuild/BUILDROOT/libcxx-runtimes-22.1.8-1.arm/usr/include/c++/v1/__new/interference_size.h
[  480s] -- Installing: /home/abuild/rpmbuild/BUILDROOT/libcxx-runtimes-22.1.8-1.arm/usr/include/c++/v1/__new/launder.h
[  480s] -- Installing: /home/abuild/rpmbuild/BUILDROOT/libcxx-runtimes-22.1.8-1.arm/usr/include/c++/v1/__new/new_handler.h
[  480s] -- Installing: /home/abuild/rpmbuild/BUILDROOT/libcxx-runtimes-22.1.8-1.arm/usr/include/c++/v1/__new/nothrow_t.h
[  480s] -- Installing: /home/abuild/rpmbuild/BUILDROOT/libcxx-runtimes-22.1.8-1.arm/usr/include/c++/v1/__new/placement_new_delete.h
[  480s] -- Installing: /home/abuild/rpmbuild/BUILDROOT/libcxx-runtimes-22.1.8-1.arm/usr/include/c++/v1/__node_handle
[  480s] -- Installing: /home/abuild/rpmbuild/BUILDROOT/libcxx-runtimes-22.1.8-1.arm/usr/include/c++/v1/__numeric/accumulate.h
[  480s] -- Installing: /home/abuild/rpmbuild/BUILDROOT/libcxx-runtimes-22.1.8-1.arm/usr/include/c++/v1/__numeric/adjacent_difference.h
[  480s] -- Installing: /home/abuild/rpmbuild/BUILDROOT/libcxx-runtimes-22.1.8-1.arm/usr/include/c++/v1/__numeric/exclusive_scan.h
[  480s] -- Installing: /home/abuild/rpmbuild/BUILDROOT/libcxx-runtimes-22.1.8-1.arm/usr/include/c++/v1/__numeric/gcd_lcm.h
[  480s] -- Installing: /home/abuild/rpmbuild/BUILDROOT/libcxx-runtimes-22.1.8-1.arm/usr/include/c++/v1/__numeric/inclusive_scan.h
[  480s] -- Installing: /home/abuild/rpmbuild/BUILDROOT/libcxx-runtimes-22.1.8-1.arm/usr/include/c++/v1/__numeric/inner_product.h
[  480s] -- Installing: /home/abuild/rpmbuild/BUILDROOT/libcxx-runtimes-22.1.8-1.arm/usr/include/c++/v1/__numeric/iota.h
[  480s] -- Installing: /home/abuild/rpmbuild/BUILDROOT/libcxx-runtimes-22.1.8-1.arm/usr/include/c++/v1/__numeric/midpoint.h
[  480s] -- Installing: /home/abuild/rpmbuild/BUILDROOT/libcxx-runtimes-22.1.8-1.arm/usr/include/c++/v1/__numeric/partial_sum.h
[  480s] -- Installing: /home/abuild/rpmbuild/BUILDROOT/libcxx-runtimes-22.1.8-1.arm/usr/include/c++/v1/__numeric/pstl.h
[  480s] -- Installing: /home/abuild/rpmbuild/BUILDROOT/libcxx-runtimes-22.1.8-1.arm/usr/include/c++/v1/__numeric/ranges_iota.h
[  480s] -- Installing: /home/abuild/rpmbuild/BUILDROOT/libcxx-runtimes-22.1.8-1.arm/usr/include/c++/v1/__numeric/reduce.h
[  480s] -- Installing: /home/abuild/rpmbuild/BUILDROOT/libcxx-runtimes-22.1.8-1.arm/usr/include/c++/v1/__numeric/saturation_arithmetic.h
[  480s] -- Installing: /home/abuild/rpmbuild/BUILDROOT/libcxx-runtimes-22.1.8-1.arm/usr/include/c++/v1/__numeric/transform_exclusive_scan.h
[  480s] -- Installing: /home/abuild/rpmbuild/BUILDROOT/libcxx-runtimes-22.1.8-1.arm/usr/include/c++/v1/__numeric/transform_inclusive_scan.h
[  480s] -- Installing: /home/abuild/rpmbuild/BUILDROOT/libcxx-runtimes-22.1.8-1.arm/usr/include/c++/v1/__numeric/transform_reduce.h
[  480s] -- Installing: /home/abuild/rpmbuild/BUILDROOT/libcxx-runtimes-22.1.8-1.arm/usr/include/c++/v1/__ostream/basic_ostream.h
[  480s] -- Installing: /home/abuild/rpmbuild/BUILDROOT/libcxx-runtimes-22.1.8-1.arm/usr/include/c++/v1/__ostream/print.h
[  480s] -- Installing: /home/abuild/rpmbuild/BUILDROOT/libcxx-runtimes-22.1.8-1.arm/usr/include/c++/v1/__ostream/put_character_sequence.h
[  480s] -- Installing: /home/abuild/rpmbuild/BUILDROOT/libcxx-runtimes-22.1.8-1.arm/usr/include/c++/v1/__pstl/backend.h
[  480s] -- Installing: /home/abuild/rpmbuild/BUILDROOT/libcxx-runtimes-22.1.8-1.arm/usr/include/c++/v1/__pstl/backend_fwd.h
[  480s] -- Installing: /home/abuild/rpmbuild/BUILDROOT/libcxx-runtimes-22.1.8-1.arm/usr/include/c++/v1/__pstl/backends/default.h
[  480s] -- Installing: /home/abuild/rpmbuild/BUILDROOT/libcxx-runtimes-22.1.8-1.arm/usr/include/c++/v1/__pstl/backends/libdispatch.h
[  480s] -- Installing: /home/abuild/rpmbuild/BUILDROOT/libcxx-runtimes-22.1.8-1.arm/usr/include/c++/v1/__pstl/backends/serial.h
[  480s] -- Installing: /home/abuild/rpmbuild/BUILDROOT/libcxx-runtimes-22.1.8-1.arm/usr/include/c++/v1/__pstl/backends/std_thread.h
[  480s] -- Installing: /home/abuild/rpmbuild/BUILDROOT/libcxx-runtimes-22.1.8-1.arm/usr/include/c++/v1/__pstl/cpu_algos/any_of.h
[  480s] -- Installing: /home/abuild/rpmbuild/BUILDROOT/libcxx-runtimes-22.1.8-1.arm/usr/include/c++/v1/__pstl/cpu_algos/cpu_traits.h
[  480s] -- Installing: /home/abuild/rpmbuild/BUILDROOT/libcxx-runtimes-22.1.8-1.arm/usr/include/c++/v1/__pstl/cpu_algos/fill.h
[  480s] -- Installing: /home/abuild/rpmbuild/BUILDROOT/libcxx-runtimes-22.1.8-1.arm/usr/include/c++/v1/__pstl/cpu_algos/find_if.h
[  480s] -- Installing: /home/abuild/rpmbuild/BUILDROOT/libcxx-runtimes-22.1.8-1.arm/usr/include/c++/v1/__pstl/cpu_algos/for_each.h
[  480s] -- Installing: /home/abuild/rpmbuild/BUILDROOT/libcxx-runtimes-22.1.8-1.arm/usr/include/c++/v1/__pstl/cpu_algos/merge.h
[  480s] -- Installing: /home/abuild/rpmbuild/BUILDROOT/libcxx-runtimes-22.1.8-1.arm/usr/include/c++/v1/__pstl/cpu_algos/stable_sort.h
[  480s] -- Installing: /home/abuild/rpmbuild/BUILDROOT/libcxx-runtimes-22.1.8-1.arm/usr/include/c++/v1/__pstl/cpu_algos/transform.h
[  480s] -- Installing: /home/abuild/rpmbuild/BUILDROOT/libcxx-runtimes-22.1.8-1.arm/usr/include/c++/v1/__pstl/cpu_algos/transform_reduce.h
[  480s] -- Installing: /home/abuild/rpmbuild/BUILDROOT/libcxx-runtimes-22.1.8-1.arm/usr/include/c++/v1/__pstl/dispatch.h
[  480s] -- Installing: /home/abuild/rpmbuild/BUILDROOT/libcxx-runtimes-22.1.8-1.arm/usr/include/c++/v1/__pstl/handle_exception.h
[  480s] -- Installing: /home/abuild/rpmbuild/BUILDROOT/libcxx-runtimes-22.1.8-1.arm/usr/include/c++/v1/__random/bernoulli_distribution.h
[  480s] -- Installing: /home/abuild/rpmbuild/BUILDROOT/libcxx-runtimes-22.1.8-1.arm/usr/include/c++/v1/__random/binomial_distribution.h
[  480s] -- Installing: /home/abuild/rpmbuild/BUILDROOT/libcxx-runtimes-22.1.8-1.arm/usr/include/c++/v1/__random/cauchy_distribution.h
[  480s] -- Installing: /home/abuild/rpmbuild/BUILDROOT/libcxx-runtimes-22.1.8-1.arm/usr/include/c++/v1/__random/chi_squared_distribution.h
[  480s] -- Installing: /home/abuild/rpmbuild/BUILDROOT/libcxx-runtimes-22.1.8-1.arm/usr/include/c++/v1/__random/clamp_to_integral.h
[  480s] -- Installing: /home/abuild/rpmbuild/BUILDROOT/libcxx-runtimes-22.1.8-1.arm/usr/include/c++/v1/__random/default_random_engine.h
[  480s] -- Installing: /home/abuild/rpmbuild/BUILDROOT/libcxx-runtimes-22.1.8-1.arm/usr/include/c++/v1/__random/discard_block_engine.h
[  480s] -- Installing: /home/abuild/rpmbuild/BUILDROOT/libcxx-runtimes-22.1.8-1.arm/usr/include/c++/v1/__random/discrete_distribution.h
[  480s] -- Installing: /home/abuild/rpmbuild/BUILDROOT/libcxx-runtimes-22.1.8-1.arm/usr/include/c++/v1/__random/exponential_distribution.h
[  480s] -- Installing: /home/abuild/rpmbuild/BUILDROOT/libcxx-runtimes-22.1.8-1.arm/usr/include/c++/v1/__random/extreme_value_distribution.h
[  480s] -- Installing: /home/abuild/rpmbuild/BUILDROOT/libcxx-runtimes-22.1.8-1.arm/usr/include/c++/v1/__random/fisher_f_distribution.h
[  480s] -- Installing: /home/abuild/rpmbuild/BUILDROOT/libcxx-runtimes-22.1.8-1.arm/usr/include/c++/v1/__random/gamma_distribution.h
[  480s] -- Installing: /home/abuild/rpmbuild/BUILDROOT/libcxx-runtimes-22.1.8-1.arm/usr/include/c++/v1/__random/generate_canonical.h
[  480s] -- Installing: /home/abuild/rpmbuild/BUILDROOT/libcxx-runtimes-22.1.8-1.arm/usr/include/c++/v1/__random/geometric_distribution.h
[  480s] -- Installing: /home/abuild/rpmbuild/BUILDROOT/libcxx-runtimes-22.1.8-1.arm/usr/include/c++/v1/__random/independent_bits_engine.h
[  480s] -- Installing: /home/abuild/rpmbuild/BUILDROOT/libcxx-runtimes-22.1.8-1.arm/usr/include/c++/v1/__random/is_seed_sequence.h
[  480s] -- Installing: /home/abuild/rpmbuild/BUILDROOT/libcxx-runtimes-22.1.8-1.arm/usr/include/c++/v1/__random/is_valid.h
[  480s] -- Installing: /home/abuild/rpmbuild/BUILDROOT/libcxx-runtimes-22.1.8-1.arm/usr/include/c++/v1/__random/knuth_b.h
[  480s] -- Installing: /home/abuild/rpmbuild/BUILDROOT/libcxx-runtimes-22.1.8-1.arm/usr/include/c++/v1/__random/linear_congruential_engine.h
[  480s] -- Installing: /home/abuild/rpmbuild/BUILDROOT/libcxx-runtimes-22.1.8-1.arm/usr/include/c++/v1/__random/log2.h
[  480s] -- Installing: /home/abuild/rpmbuild/BUILDROOT/libcxx-runtimes-22.1.8-1.arm/usr/include/c++/v1/__random/lognormal_distribution.h
[  480s] -- Installing: /home/abuild/rpmbuild/BUILDROOT/libcxx-runtimes-22.1.8-1.arm/usr/include/c++/v1/__random/mersenne_twister_engine.h
[  480s] -- Installing: /home/abuild/rpmbuild/BUILDROOT/libcxx-runtimes-22.1.8-1.arm/usr/include/c++/v1/__random/negative_binomial_distribution.h
[  480s] -- Installing: /home/abuild/rpmbuild/BUILDROOT/libcxx-runtimes-22.1.8-1.arm/usr/include/c++/v1/__random/normal_distribution.h
[  480s] -- Installing: /home/abuild/rpmbuild/BUILDROOT/libcxx-runtimes-22.1.8-1.arm/usr/include/c++/v1/__random/piecewise_constant_distribution.h
[  480s] -- Installing: /home/abuild/rpmbuild/BUILDROOT/libcxx-runtimes-22.1.8-1.arm/usr/include/c++/v1/__random/piecewise_linear_distribution.h
[  480s] -- Installing: /home/abuild/rpmbuild/BUILDROOT/libcxx-runtimes-22.1.8-1.arm/usr/include/c++/v1/__random/poisson_distribution.h
[  480s] -- Installing: /home/abuild/rpmbuild/BUILDROOT/libcxx-runtimes-22.1.8-1.arm/usr/include/c++/v1/__random/random_device.h
[  480s] -- Installing: /home/abuild/rpmbuild/BUILDROOT/libcxx-runtimes-22.1.8-1.arm/usr/include/c++/v1/__random/ranlux.h
[  480s] -- Installing: /home/abuild/rpmbuild/BUILDROOT/libcxx-runtimes-22.1.8-1.arm/usr/include/c++/v1/__random/seed_seq.h
[  480s] -- Installing: /home/abuild/rpmbuild/BUILDROOT/libcxx-runtimes-22.1.8-1.arm/usr/include/c++/v1/__random/shuffle_order_engine.h
[  480s] -- Installing: /home/abuild/rpmbuild/BUILDROOT/libcxx-runtimes-22.1.8-1.arm/usr/include/c++/v1/__random/student_t_distribution.h
[  480s] -- Installing: /home/abuild/rpmbuild/BUILDROOT/libcxx-runtimes-22.1.8-1.arm/usr/include/c++/v1/__random/subtract_with_carry_engine.h
[  480s] -- Installing: /home/abuild/rpmbuild/BUILDROOT/libcxx-runtimes-22.1.8-1.arm/usr/include/c++/v1/__random/uniform_int_distribution.h
[  480s] -- Installing: /home/abuild/rpmbuild/BUILDROOT/libcxx-runtimes-22.1.8-1.arm/usr/include/c++/v1/__random/uniform_random_bit_generator.h
[  480s] -- Installing: /home/abuild/rpmbuild/BUILDROOT/libcxx-runtimes-22.1.8-1.arm/usr/include/c++/v1/__random/uniform_real_distribution.h
[  480s] -- Installing: /home/abuild/rpmbuild/BUILDROOT/libcxx-runtimes-22.1.8-1.arm/usr/include/c++/v1/__random/weibull_distribution.h
[  480s] -- Installing: /home/abuild/rpmbuild/BUILDROOT/libcxx-runtimes-22.1.8-1.arm/usr/include/c++/v1/__ranges/access.h
[  480s] -- Installing: /home/abuild/rpmbuild/BUILDROOT/libcxx-runtimes-22.1.8-1.arm/usr/include/c++/v1/__ranges/adjacent_transform_view.h
[  480s] -- Installing: /home/abuild/rpmbuild/BUILDROOT/libcxx-runtimes-22.1.8-1.arm/usr/include/c++/v1/__ranges/adjacent_view.h
[  480s] -- Installing: /home/abuild/rpmbuild/BUILDROOT/libcxx-runtimes-22.1.8-1.arm/usr/include/c++/v1/__ranges/all.h
[  480s] -- Installing: /home/abuild/rpmbuild/BUILDROOT/libcxx-runtimes-22.1.8-1.arm/usr/include/c++/v1/__ranges/as_rvalue_view.h
[  480s] -- Installing: /home/abuild/rpmbuild/BUILDROOT/libcxx-runtimes-22.1.8-1.arm/usr/include/c++/v1/__ranges/chunk_by_view.h
[  480s] -- Installing: /home/abuild/rpmbuild/BUILDROOT/libcxx-runtimes-22.1.8-1.arm/usr/include/c++/v1/__ranges/common_view.h
[  480s] -- Installing: /home/abuild/rpmbuild/BUILDROOT/libcxx-runtimes-22.1.8-1.arm/usr/include/c++/v1/__ranges/concepts.h
[  480s] -- Installing: /home/abuild/rpmbuild/BUILDROOT/libcxx-runtimes-22.1.8-1.arm/usr/include/c++/v1/__ranges/container_compatible_range.h
[  480s] -- Installing: /home/abuild/rpmbuild/BUILDROOT/libcxx-runtimes-22.1.8-1.arm/usr/include/c++/v1/__ranges/counted.h
[  480s] -- Installing: /home/abuild/rpmbuild/BUILDROOT/libcxx-runtimes-22.1.8-1.arm/usr/include/c++/v1/__ranges/dangling.h
[  480s] -- Installing: /home/abuild/rpmbuild/BUILDROOT/libcxx-runtimes-22.1.8-1.arm/usr/include/c++/v1/__ranges/data.h
[  480s] -- Installing: /home/abuild/rpmbuild/BUILDROOT/libcxx-runtimes-22.1.8-1.arm/usr/include/c++/v1/__ranges/drop_view.h
[  480s] -- Installing: /home/abuild/rpmbuild/BUILDROOT/libcxx-runtimes-22.1.8-1.arm/usr/include/c++/v1/__ranges/drop_while_view.h
[  480s] -- Installing: /home/abuild/rpmbuild/BUILDROOT/libcxx-runtimes-22.1.8-1.arm/usr/include/c++/v1/__ranges/elements_of.h
[  480s] -- Installing: /home/abuild/rpmbuild/BUILDROOT/libcxx-runtimes-22.1.8-1.arm/usr/include/c++/v1/__ranges/elements_view.h
[  480s] -- Installing: /home/abuild/rpmbuild/BUILDROOT/libcxx-runtimes-22.1.8-1.arm/usr/include/c++/v1/__ranges/empty.h
[  480s] -- Installing: /home/abuild/rpmbuild/BUILDROOT/libcxx-runtimes-22.1.8-1.arm/usr/include/c++/v1/__ranges/empty_view.h
[  480s] -- Installing: /home/abuild/rpmbuild/BUILDROOT/libcxx-runtimes-22.1.8-1.arm/usr/include/c++/v1/__ranges/enable_borrowed_range.h
[  480s] -- Installing: /home/abuild/rpmbuild/BUILDROOT/libcxx-runtimes-22.1.8-1.arm/usr/include/c++/v1/__ranges/enable_view.h
[  480s] -- Installing: /home/abuild/rpmbuild/BUILDROOT/libcxx-runtimes-22.1.8-1.arm/usr/include/c++/v1/__ranges/filter_view.h
[  480s] -- Installing: /home/abuild/rpmbuild/BUILDROOT/libcxx-runtimes-22.1.8-1.arm/usr/include/c++/v1/__ranges/from_range.h
[  480s] -- Installing: /home/abuild/rpmbuild/BUILDROOT/libcxx-runtimes-22.1.8-1.arm/usr/include/c++/v1/__ranges/iota_view.h
[  480s] -- Installing: /home/abuild/rpmbuild/BUILDROOT/libcxx-runtimes-22.1.8-1.arm/usr/include/c++/v1/__ranges/istream_view.h
[  480s] -- Installing: /home/abuild/rpmbuild/BUILDROOT/libcxx-runtimes-22.1.8-1.arm/usr/include/c++/v1/__ranges/join_view.h
[  480s] -- Installing: /home/abuild/rpmbuild/BUILDROOT/libcxx-runtimes-22.1.8-1.arm/usr/include/c++/v1/__ranges/join_with_view.h
[  480s] -- Installing: /home/abuild/rpmbuild/BUILDROOT/libcxx-runtimes-22.1.8-1.arm/usr/include/c++/v1/__ranges/lazy_split_view.h
[  480s] -- Installing: /home/abuild/rpmbuild/BUILDROOT/libcxx-runtimes-22.1.8-1.arm/usr/include/c++/v1/__ranges/movable_box.h
[  480s] -- Installing: /home/abuild/rpmbuild/BUILDROOT/libcxx-runtimes-22.1.8-1.arm/usr/include/c++/v1/__ranges/non_propagating_cache.h
[  480s] -- Installing: /home/abuild/rpmbuild/BUILDROOT/libcxx-runtimes-22.1.8-1.arm/usr/include/c++/v1/__ranges/owning_view.h
[  480s] -- Installing: /home/abuild/rpmbuild/BUILDROOT/libcxx-runtimes-22.1.8-1.arm/usr/include/c++/v1/__ranges/range_adaptor.h
[  480s] -- Installing: /home/abuild/rpmbuild/BUILDROOT/libcxx-runtimes-22.1.8-1.arm/usr/include/c++/v1/__ranges/rbegin.h
[  480s] -- Installing: /home/abuild/rpmbuild/BUILDROOT/libcxx-runtimes-22.1.8-1.arm/usr/include/c++/v1/__ranges/ref_view.h
[  480s] -- Installing: /home/abuild/rpmbuild/BUILDROOT/libcxx-runtimes-22.1.8-1.arm/usr/include/c++/v1/__ranges/rend.h
[  480s] -- Installing: /home/abuild/rpmbuild/BUILDROOT/libcxx-runtimes-22.1.8-1.arm/usr/include/c++/v1/__ranges/repeat_view.h
[  480s] -- Installing: /home/abuild/rpmbuild/BUILDROOT/libcxx-runtimes-22.1.8-1.arm/usr/include/c++/v1/__ranges/reverse_view.h
[  480s] -- Installing: /home/abuild/rpmbuild/BUILDROOT/libcxx-runtimes-22.1.8-1.arm/usr/include/c++/v1/__ranges/single_view.h
[  480s] -- Installing: /home/abuild/rpmbuild/BUILDROOT/libcxx-runtimes-22.1.8-1.arm/usr/include/c++/v1/__ranges/size.h
[  480s] -- Installing: /home/abuild/rpmbuild/BUILDROOT/libcxx-runtimes-22.1.8-1.arm/usr/include/c++/v1/__ranges/split_view.h
[  480s] -- Installing: /home/abuild/rpmbuild/BUILDROOT/libcxx-runtimes-22.1.8-1.arm/usr/include/c++/v1/__ranges/subrange.h
[  480s] -- Installing: /home/abuild/rpmbuild/BUILDROOT/libcxx-runtimes-22.1.8-1.arm/usr/include/c++/v1/__ranges/take_view.h
[  480s] -- Installing: /home/abuild/rpmbuild/BUILDROOT/libcxx-runtimes-22.1.8-1.arm/usr/include/c++/v1/__ranges/take_while_view.h
[  480s] -- Installing: /home/abuild/rpmbuild/BUILDROOT/libcxx-runtimes-22.1.8-1.arm/usr/include/c++/v1/__ranges/to.h
[  480s] -- Installing: /home/abuild/rpmbuild/BUILDROOT/libcxx-runtimes-22.1.8-1.arm/usr/include/c++/v1/__ranges/transform_view.h
[  480s] -- Installing: /home/abuild/rpmbuild/BUILDROOT/libcxx-runtimes-22.1.8-1.arm/usr/include/c++/v1/__ranges/view_interface.h
[  480s] -- Installing: /home/abuild/rpmbuild/BUILDROOT/libcxx-runtimes-22.1.8-1.arm/usr/include/c++/v1/__ranges/views.h
[  480s] -- Installing: /home/abuild/rpmbuild/BUILDROOT/libcxx-runtimes-22.1.8-1.arm/usr/include/c++/v1/__ranges/zip_transform_view.h
[  480s] -- Installing: /home/abuild/rpmbuild/BUILDROOT/libcxx-runtimes-22.1.8-1.arm/usr/include/c++/v1/__ranges/zip_view.h
[  480s] -- Installing: /home/abuild/rpmbuild/BUILDROOT/libcxx-runtimes-22.1.8-1.arm/usr/include/c++/v1/__split_buffer
[  480s] -- Installing: /home/abuild/rpmbuild/BUILDROOT/libcxx-runtimes-22.1.8-1.arm/usr/include/c++/v1/__std_mbstate_t.h
[  480s] -- Installing: /home/abuild/rpmbuild/BUILDROOT/libcxx-runtimes-22.1.8-1.arm/usr/include/c++/v1/__stop_token/atomic_unique_lock.h
[  480s] -- Installing: /home/abuild/rpmbuild/BUILDROOT/libcxx-runtimes-22.1.8-1.arm/usr/include/c++/v1/__stop_token/intrusive_list_view.h
[  480s] -- Installing: /home/abuild/rpmbuild/BUILDROOT/libcxx-runtimes-22.1.8-1.arm/usr/include/c++/v1/__stop_token/intrusive_shared_ptr.h
[  480s] -- Installing: /home/abuild/rpmbuild/BUILDROOT/libcxx-runtimes-22.1.8-1.arm/usr/include/c++/v1/__stop_token/stop_callback.h
[  480s] -- Installing: /home/abuild/rpmbuild/BUILDROOT/libcxx-runtimes-22.1.8-1.arm/usr/include/c++/v1/__stop_token/stop_source.h
[  480s] -- Installing: /home/abuild/rpmbuild/BUILDROOT/libcxx-runtimes-22.1.8-1.arm/usr/include/c++/v1/__stop_token/stop_state.h
[  480s] -- Installing: /home/abuild/rpmbuild/BUILDROOT/libcxx-runtimes-22.1.8-1.arm/usr/include/c++/v1/__stop_token/stop_token.h
[  480s] -- Installing: /home/abuild/rpmbuild/BUILDROOT/libcxx-runtimes-22.1.8-1.arm/usr/include/c++/v1/__string/char_traits.h
[  480s] -- Installing: /home/abuild/rpmbuild/BUILDROOT/libcxx-runtimes-22.1.8-1.arm/usr/include/c++/v1/__string/constexpr_c_functions.h
[  480s] -- Installing: /home/abuild/rpmbuild/BUILDROOT/libcxx-runtimes-22.1.8-1.arm/usr/include/c++/v1/__string/extern_template_lists.h
[  480s] -- Installing: /home/abuild/rpmbuild/BUILDROOT/libcxx-runtimes-22.1.8-1.arm/usr/include/c++/v1/__support/ibm/gettod_zos.h
[  480s] -- Installing: /home/abuild/rpmbuild/BUILDROOT/libcxx-runtimes-22.1.8-1.arm/usr/include/c++/v1/__support/ibm/locale_mgmt_zos.h
[  480s] -- Installing: /home/abuild/rpmbuild/BUILDROOT/libcxx-runtimes-22.1.8-1.arm/usr/include/c++/v1/__support/ibm/nanosleep.h
[  480s] -- Installing: /home/abuild/rpmbuild/BUILDROOT/libcxx-runtimes-22.1.8-1.arm/usr/include/c++/v1/__support/xlocale/__nop_locale_mgmt.h
[  480s] -- Installing: /home/abuild/rpmbuild/BUILDROOT/libcxx-runtimes-22.1.8-1.arm/usr/include/c++/v1/__support/xlocale/__posix_l_fallback.h
[  480s] -- Installing: /home/abuild/rpmbuild/BUILDROOT/libcxx-runtimes-22.1.8-1.arm/usr/include/c++/v1/__support/xlocale/__strtonum_fallback.h
[  480s] -- Installing: /home/abuild/rpmbuild/BUILDROOT/libcxx-runtimes-22.1.8-1.arm/usr/include/c++/v1/__system_error/errc.h
[  480s] -- Installing: /home/abuild/rpmbuild/BUILDROOT/libcxx-runtimes-22.1.8-1.arm/usr/include/c++/v1/__system_error/error_category.h
[  480s] -- Installing: /home/abuild/rpmbuild/BUILDROOT/libcxx-runtimes-22.1.8-1.arm/usr/include/c++/v1/__system_error/error_code.h
[  480s] -- Installing: /home/abuild/rpmbuild/BUILDROOT/libcxx-runtimes-22.1.8-1.arm/usr/include/c++/v1/__system_error/error_condition.h
[  480s] -- Installing: /home/abuild/rpmbuild/BUILDROOT/libcxx-runtimes-22.1.8-1.arm/usr/include/c++/v1/__system_error/system_error.h
[  480s] -- Installing: /home/abuild/rpmbuild/BUILDROOT/libcxx-runtimes-22.1.8-1.arm/usr/include/c++/v1/__system_error/throw_system_error.h
[  480s] -- Installing: /home/abuild/rpmbuild/BUILDROOT/libcxx-runtimes-22.1.8-1.arm/usr/include/c++/v1/__thread/formatter.h
[  480s] -- Installing: /home/abuild/rpmbuild/BUILDROOT/libcxx-runtimes-22.1.8-1.arm/usr/include/c++/v1/__thread/id.h
[  480s] -- Installing: /home/abuild/rpmbuild/BUILDROOT/libcxx-runtimes-22.1.8-1.arm/usr/include/c++/v1/__thread/jthread.h
[  480s] -- Installing: /home/abuild/rpmbuild/BUILDROOT/libcxx-runtimes-22.1.8-1.arm/usr/include/c++/v1/__thread/poll_with_backoff.h
[  480s] -- Installing: /home/abuild/rpmbuild/BUILDROOT/libcxx-runtimes-22.1.8-1.arm/usr/include/c++/v1/__thread/support.h
[  480s] -- Installing: /home/abuild/rpmbuild/BUILDROOT/libcxx-runtimes-22.1.8-1.arm/usr/include/c++/v1/__thread/support/c11.h
[  480s] -- Installing: /home/abuild/rpmbuild/BUILDROOT/libcxx-runtimes-22.1.8-1.arm/usr/include/c++/v1/__thread/support/external.h
[  480s] -- Installing: /home/abuild/rpmbuild/BUILDROOT/libcxx-runtimes-22.1.8-1.arm/usr/include/c++/v1/__thread/support/pthread.h
[  480s] -- Installing: /home/abuild/rpmbuild/BUILDROOT/libcxx-runtimes-22.1.8-1.arm/usr/include/c++/v1/__thread/support/windows.h
[  480s] -- Installing: /home/abuild/rpmbuild/BUILDROOT/libcxx-runtimes-22.1.8-1.arm/usr/include/c++/v1/__thread/this_thread.h
[  480s] -- Installing: /home/abuild/rpmbuild/BUILDROOT/libcxx-runtimes-22.1.8-1.arm/usr/include/c++/v1/__thread/thread.h
[  480s] -- Installing: /home/abuild/rpmbuild/BUILDROOT/libcxx-runtimes-22.1.8-1.arm/usr/include/c++/v1/__thread/timed_backoff_policy.h
[  480s] -- Installing: /home/abuild/rpmbuild/BUILDROOT/libcxx-runtimes-22.1.8-1.arm/usr/include/c++/v1/__tree
[  480s] -- Installing: /home/abuild/rpmbuild/BUILDROOT/libcxx-runtimes-22.1.8-1.arm/usr/include/c++/v1/__tuple/find_index.h
[  480s] -- Installing: /home/abuild/rpmbuild/BUILDROOT/libcxx-runtimes-22.1.8-1.arm/usr/include/c++/v1/__tuple/ignore.h
[  480s] -- Installing: /home/abuild/rpmbuild/BUILDROOT/libcxx-runtimes-22.1.8-1.arm/usr/include/c++/v1/__tuple/sfinae_helpers.h
[  480s] -- Installing: /home/abuild/rpmbuild/BUILDROOT/libcxx-runtimes-22.1.8-1.arm/usr/include/c++/v1/__tuple/tuple_element.h
[  480s] -- Installing: /home/abuild/rpmbuild/BUILDROOT/libcxx-runtimes-22.1.8-1.arm/usr/include/c++/v1/__tuple/tuple_like.h
[  480s] -- Installing: /home/abuild/rpmbuild/BUILDROOT/libcxx-runtimes-22.1.8-1.arm/usr/include/c++/v1/__tuple/tuple_like_no_subrange.h
[  480s] -- Installing: /home/abuild/rpmbuild/BUILDROOT/libcxx-runtimes-22.1.8-1.arm/usr/include/c++/v1/__tuple/tuple_size.h
[  480s] -- Installing: /home/abuild/rpmbuild/BUILDROOT/libcxx-runtimes-22.1.8-1.arm/usr/include/c++/v1/__tuple/tuple_transform.h
[  480s] -- Installing: /home/abuild/rpmbuild/BUILDROOT/libcxx-runtimes-22.1.8-1.arm/usr/include/c++/v1/__type_traits/add_cv_quals.h
[  480s] -- Installing: /home/abuild/rpmbuild/BUILDROOT/libcxx-runtimes-22.1.8-1.arm/usr/include/c++/v1/__type_traits/add_pointer.h
[  480s] -- Installing: /home/abuild/rpmbuild/BUILDROOT/libcxx-runtimes-22.1.8-1.arm/usr/include/c++/v1/__type_traits/add_reference.h
[  480s] -- Installing: /home/abuild/rpmbuild/BUILDROOT/libcxx-runtimes-22.1.8-1.arm/usr/include/c++/v1/__type_traits/aligned_storage.h
[  480s] -- Installing: /home/abuild/rpmbuild/BUILDROOT/libcxx-runtimes-22.1.8-1.arm/usr/include/c++/v1/__type_traits/aligned_union.h
[  480s] -- Installing: /home/abuild/rpmbuild/BUILDROOT/libcxx-runtimes-22.1.8-1.arm/usr/include/c++/v1/__type_traits/alignment_of.h
[  480s] -- Installing: /home/abuild/rpmbuild/BUILDROOT/libcxx-runtimes-22.1.8-1.arm/usr/include/c++/v1/__type_traits/common_reference.h
[  480s] -- Installing: /home/abuild/rpmbuild/BUILDROOT/libcxx-runtimes-22.1.8-1.arm/usr/include/c++/v1/__type_traits/common_type.h
[  480s] -- Installing: /home/abuild/rpmbuild/BUILDROOT/libcxx-runtimes-22.1.8-1.arm/usr/include/c++/v1/__type_traits/conditional.h
[  480s] -- Installing: /home/abuild/rpmbuild/BUILDROOT/libcxx-runtimes-22.1.8-1.arm/usr/include/c++/v1/__type_traits/conjunction.h
[  480s] -- Installing: /home/abuild/rpmbuild/BUILDROOT/libcxx-runtimes-22.1.8-1.arm/usr/include/c++/v1/__type_traits/container_traits.h
[  480s] -- Installing: /home/abuild/rpmbuild/BUILDROOT/libcxx-runtimes-22.1.8-1.arm/usr/include/c++/v1/__type_traits/copy_cv.h
[  480s] -- Installing: /home/abuild/rpmbuild/BUILDROOT/libcxx-runtimes-22.1.8-1.arm/usr/include/c++/v1/__type_traits/copy_cvref.h
[  480s] -- Installing: /home/abuild/rpmbuild/BUILDROOT/libcxx-runtimes-22.1.8-1.arm/usr/include/c++/v1/__type_traits/datasizeof.h
[  480s] -- Installing: /home/abuild/rpmbuild/BUILDROOT/libcxx-runtimes-22.1.8-1.arm/usr/include/c++/v1/__type_traits/decay.h
[  480s] -- Installing: /home/abuild/rpmbuild/BUILDROOT/libcxx-runtimes-22.1.8-1.arm/usr/include/c++/v1/__type_traits/dependent_type.h
[  480s] -- Installing: /home/abuild/rpmbuild/BUILDROOT/libcxx-runtimes-22.1.8-1.arm/usr/include/c++/v1/__type_traits/desugars_to.h
[  480s] -- Installing: /home/abuild/rpmbuild/BUILDROOT/libcxx-runtimes-22.1.8-1.arm/usr/include/c++/v1/__type_traits/detected_or.h
[  480s] -- Installing: /home/abuild/rpmbuild/BUILDROOT/libcxx-runtimes-22.1.8-1.arm/usr/include/c++/v1/__type_traits/disjunction.h
[  480s] -- Installing: /home/abuild/rpmbuild/BUILDROOT/libcxx-runtimes-22.1.8-1.arm/usr/include/c++/v1/__type_traits/enable_if.h
[  480s] -- Installing: /home/abuild/rpmbuild/BUILDROOT/libcxx-runtimes-22.1.8-1.arm/usr/include/c++/v1/__type_traits/extent.h
[  480s] -- Installing: /home/abuild/rpmbuild/BUILDROOT/libcxx-runtimes-22.1.8-1.arm/usr/include/c++/v1/__type_traits/has_unique_object_representation.h
[  480s] -- Installing: /home/abuild/rpmbuild/BUILDROOT/libcxx-runtimes-22.1.8-1.arm/usr/include/c++/v1/__type_traits/has_virtual_destructor.h
[  480s] -- Installing: /home/abuild/rpmbuild/BUILDROOT/libcxx-runtimes-22.1.8-1.arm/usr/include/c++/v1/__type_traits/integer_traits.h
[  480s] -- Installing: /home/abuild/rpmbuild/BUILDROOT/libcxx-runtimes-22.1.8-1.arm/usr/include/c++/v1/__type_traits/integral_constant.h
[  480s] -- Installing: /home/abuild/rpmbuild/BUILDROOT/libcxx-runtimes-22.1.8-1.arm/usr/include/c++/v1/__type_traits/invoke.h
[  480s] -- Installing: /home/abuild/rpmbuild/BUILDROOT/libcxx-runtimes-22.1.8-1.arm/usr/include/c++/v1/__type_traits/is_abstract.h
[  480s] -- Installing: /home/abuild/rpmbuild/BUILDROOT/libcxx-runtimes-22.1.8-1.arm/usr/include/c++/v1/__type_traits/is_aggregate.h
[  480s] -- Installing: /home/abuild/rpmbuild/BUILDROOT/libcxx-runtimes-22.1.8-1.arm/usr/include/c++/v1/__type_traits/is_allocator.h
[  480s] -- Installing: /home/abuild/rpmbuild/BUILDROOT/libcxx-runtimes-22.1.8-1.arm/usr/include/c++/v1/__type_traits/is_always_bitcastable.h
[  480s] -- Installing: /home/abuild/rpmbuild/BUILDROOT/libcxx-runtimes-22.1.8-1.arm/usr/include/c++/v1/__type_traits/is_arithmetic.h
[  480s] -- Installing: /home/abuild/rpmbuild/BUILDROOT/libcxx-runtimes-22.1.8-1.arm/usr/include/c++/v1/__type_traits/is_array.h
[  480s] -- Installing: /home/abuild/rpmbuild/BUILDROOT/libcxx-runtimes-22.1.8-1.arm/usr/include/c++/v1/__type_traits/is_assignable.h
[  480s] -- Installing: /home/abuild/rpmbuild/BUILDROOT/libcxx-runtimes-22.1.8-1.arm/usr/include/c++/v1/__type_traits/is_base_of.h
[  480s] -- Installing: /home/abuild/rpmbuild/BUILDROOT/libcxx-runtimes-22.1.8-1.arm/usr/include/c++/v1/__type_traits/is_callable.h
[  480s] -- Installing: /home/abuild/rpmbuild/BUILDROOT/libcxx-runtimes-22.1.8-1.arm/usr/include/c++/v1/__type_traits/is_char_like_type.h
[  480s] -- Installing: /home/abuild/rpmbuild/BUILDROOT/libcxx-runtimes-22.1.8-1.arm/usr/include/c++/v1/__type_traits/is_class.h
[  480s] -- Installing: /home/abuild/rpmbuild/BUILDROOT/libcxx-runtimes-22.1.8-1.arm/usr/include/c++/v1/__type_traits/is_compound.h
[  480s] -- Installing: /home/abuild/rpmbuild/BUILDROOT/libcxx-runtimes-22.1.8-1.arm/usr/include/c++/v1/__type_traits/is_const.h
[  480s] -- Installing: /home/abuild/rpmbuild/BUILDROOT/libcxx-runtimes-22.1.8-1.arm/usr/include/c++/v1/__type_traits/is_constant_evaluated.h
[  480s] -- Installing: /home/abuild/rpmbuild/BUILDROOT/libcxx-runtimes-22.1.8-1.arm/usr/include/c++/v1/__type_traits/is_constructible.h
[  480s] -- Installing: /home/abuild/rpmbuild/BUILDROOT/libcxx-runtimes-22.1.8-1.arm/usr/include/c++/v1/__type_traits/is_convertible.h
[  480s] -- Installing: /home/abuild/rpmbuild/BUILDROOT/libcxx-runtimes-22.1.8-1.arm/usr/include/c++/v1/__type_traits/is_core_convertible.h
[  480s] -- Installing: /home/abuild/rpmbuild/BUILDROOT/libcxx-runtimes-22.1.8-1.arm/usr/include/c++/v1/__type_traits/is_destructible.h
[  480s] -- Installing: /home/abuild/rpmbuild/BUILDROOT/libcxx-runtimes-22.1.8-1.arm/usr/include/c++/v1/__type_traits/is_empty.h
[  480s] -- Installing: /home/abuild/rpmbuild/BUILDROOT/libcxx-runtimes-22.1.8-1.arm/usr/include/c++/v1/__type_traits/is_enum.h
[  480s] -- Installing: /home/abuild/rpmbuild/BUILDROOT/libcxx-runtimes-22.1.8-1.arm/usr/include/c++/v1/__type_traits/is_equality_comparable.h
[  480s] -- Installing: /home/abuild/rpmbuild/BUILDROOT/libcxx-runtimes-22.1.8-1.arm/usr/include/c++/v1/__type_traits/is_execution_policy.h
[  480s] -- Installing: /home/abuild/rpmbuild/BUILDROOT/libcxx-runtimes-22.1.8-1.arm/usr/include/c++/v1/__type_traits/is_final.h
[  480s] -- Installing: /home/abuild/rpmbuild/BUILDROOT/libcxx-runtimes-22.1.8-1.arm/usr/include/c++/v1/__type_traits/is_floating_point.h
[  480s] -- Installing: /home/abuild/rpmbuild/BUILDROOT/libcxx-runtimes-22.1.8-1.arm/usr/include/c++/v1/__type_traits/is_function.h
[  480s] -- Installing: /home/abuild/rpmbuild/BUILDROOT/libcxx-runtimes-22.1.8-1.arm/usr/include/c++/v1/__type_traits/is_fundamental.h
[  480s] -- Installing: /home/abuild/rpmbuild/BUILDROOT/libcxx-runtimes-22.1.8-1.arm/usr/include/c++/v1/__type_traits/is_generic_transparent_comparator.h
[  480s] -- Installing: /home/abuild/rpmbuild/BUILDROOT/libcxx-runtimes-22.1.8-1.arm/usr/include/c++/v1/__type_traits/is_implicit_lifetime.h
[  480s] -- Installing: /home/abuild/rpmbuild/BUILDROOT/libcxx-runtimes-22.1.8-1.arm/usr/include/c++/v1/__type_traits/is_implicitly_default_constructible.h
[  480s] -- Installing: /home/abuild/rpmbuild/BUILDROOT/libcxx-runtimes-22.1.8-1.arm/usr/include/c++/v1/__type_traits/is_integral.h
[  480s] -- Installing: /home/abuild/rpmbuild/BUILDROOT/libcxx-runtimes-22.1.8-1.arm/usr/include/c++/v1/__type_traits/is_literal_type.h
[  480s] -- Installing: /home/abuild/rpmbuild/BUILDROOT/libcxx-runtimes-22.1.8-1.arm/usr/include/c++/v1/__type_traits/is_member_pointer.h
[  480s] -- Installing: /home/abuild/rpmbuild/BUILDROOT/libcxx-runtimes-22.1.8-1.arm/usr/include/c++/v1/__type_traits/is_nothrow_assignable.h
[  480s] -- Installing: /home/abuild/rpmbuild/BUILDROOT/libcxx-runtimes-22.1.8-1.arm/usr/include/c++/v1/__type_traits/is_nothrow_constructible.h
[  480s] -- Installing: /home/abuild/rpmbuild/BUILDROOT/libcxx-runtimes-22.1.8-1.arm/usr/include/c++/v1/__type_traits/is_nothrow_destructible.h
[  480s] -- Installing: /home/abuild/rpmbuild/BUILDROOT/libcxx-runtimes-22.1.8-1.arm/usr/include/c++/v1/__type_traits/is_null_pointer.h
[  480s] -- Installing: /home/abuild/rpmbuild/BUILDROOT/libcxx-runtimes-22.1.8-1.arm/usr/include/c++/v1/__type_traits/is_object.h
[  480s] -- Installing: /home/abuild/rpmbuild/BUILDROOT/libcxx-runtimes-22.1.8-1.arm/usr/include/c++/v1/__type_traits/is_pod.h
[  480s] -- Installing: /home/abuild/rpmbuild/BUILDROOT/libcxx-runtimes-22.1.8-1.arm/usr/include/c++/v1/__type_traits/is_pointer.h
[  480s] -- Installing: /home/abuild/rpmbuild/BUILDROOT/libcxx-runtimes-22.1.8-1.arm/usr/include/c++/v1/__type_traits/is_polymorphic.h
[  480s] -- Installing: /home/abuild/rpmbuild/BUILDROOT/libcxx-runtimes-22.1.8-1.arm/usr/include/c++/v1/__type_traits/is_primary_template.h
[  480s] -- Installing: /home/abuild/rpmbuild/BUILDROOT/libcxx-runtimes-22.1.8-1.arm/usr/include/c++/v1/__type_traits/is_reference.h
[  480s] -- Installing: /home/abuild/rpmbuild/BUILDROOT/libcxx-runtimes-22.1.8-1.arm/usr/include/c++/v1/__type_traits/is_reference_wrapper.h
[  480s] -- Installing: /home/abuild/rpmbuild/BUILDROOT/libcxx-runtimes-22.1.8-1.arm/usr/include/c++/v1/__type_traits/is_referenceable.h
[  480s] -- Installing: /home/abuild/rpmbuild/BUILDROOT/libcxx-runtimes-22.1.8-1.arm/usr/include/c++/v1/__type_traits/is_same.h
[  480s] -- Installing: /home/abuild/rpmbuild/BUILDROOT/libcxx-runtimes-22.1.8-1.arm/usr/include/c++/v1/__type_traits/is_scalar.h
[  480s] -- Installing: /home/abuild/rpmbuild/BUILDROOT/libcxx-runtimes-22.1.8-1.arm/usr/include/c++/v1/__type_traits/is_signed.h
[  480s] -- Installing: /home/abuild/rpmbuild/BUILDROOT/libcxx-runtimes-22.1.8-1.arm/usr/include/c++/v1/__type_traits/is_specialization.h
[  480s] -- Installing: /home/abuild/rpmbuild/BUILDROOT/libcxx-runtimes-22.1.8-1.arm/usr/include/c++/v1/__type_traits/is_standard_layout.h
[  480s] -- Installing: /home/abuild/rpmbuild/BUILDROOT/libcxx-runtimes-22.1.8-1.arm/usr/include/c++/v1/__type_traits/is_swappable.h
[  480s] -- Installing: /home/abuild/rpmbuild/BUILDROOT/libcxx-runtimes-22.1.8-1.arm/usr/include/c++/v1/__type_traits/is_trivial.h
[  480s] -- Installing: /home/abuild/rpmbuild/BUILDROOT/libcxx-runtimes-22.1.8-1.arm/usr/include/c++/v1/__type_traits/is_trivially_assignable.h
[  480s] -- Installing: /home/abuild/rpmbuild/BUILDROOT/libcxx-runtimes-22.1.8-1.arm/usr/include/c++/v1/__type_traits/is_trivially_constructible.h
[  480s] -- Installing: /home/abuild/rpmbuild/BUILDROOT/libcxx-runtimes-22.1.8-1.arm/usr/include/c++/v1/__type_traits/is_trivially_copyable.h
[  480s] -- Installing: /home/abuild/rpmbuild/BUILDROOT/libcxx-runtimes-22.1.8-1.arm/usr/include/c++/v1/__type_traits/is_trivially_destructible.h
[  480s] -- Installing: /home/abuild/rpmbuild/BUILDROOT/libcxx-runtimes-22.1.8-1.arm/usr/include/c++/v1/__type_traits/is_trivially_lexicographically_comparable.h
[  480s] -- Installing: /home/abuild/rpmbuild/BUILDROOT/libcxx-runtimes-22.1.8-1.arm/usr/include/c++/v1/__type_traits/is_trivially_relocatable.h
[  480s] -- Installing: /home/abuild/rpmbuild/BUILDROOT/libcxx-runtimes-22.1.8-1.arm/usr/include/c++/v1/__type_traits/is_union.h
[  480s] -- Installing: /home/abuild/rpmbuild/BUILDROOT/libcxx-runtimes-22.1.8-1.arm/usr/include/c++/v1/__type_traits/is_unqualified.h
[  480s] -- Installing: /home/abuild/rpmbuild/BUILDROOT/libcxx-runtimes-22.1.8-1.arm/usr/include/c++/v1/__type_traits/is_unsigned.h
[  480s] -- Installing: /home/abuild/rpmbuild/BUILDROOT/libcxx-runtimes-22.1.8-1.arm/usr/include/c++/v1/__type_traits/is_valid_expansion.h
[  480s] -- Installing: /home/abuild/rpmbuild/BUILDROOT/libcxx-runtimes-22.1.8-1.arm/usr/include/c++/v1/__type_traits/is_void.h
[  480s] -- Installing: /home/abuild/rpmbuild/BUILDROOT/libcxx-runtimes-22.1.8-1.arm/usr/include/c++/v1/__type_traits/is_volatile.h
[  480s] -- Installing: /home/abuild/rpmbuild/BUILDROOT/libcxx-runtimes-22.1.8-1.arm/usr/include/c++/v1/__type_traits/is_within_lifetime.h
[  480s] -- Installing: /home/abuild/rpmbuild/BUILDROOT/libcxx-runtimes-22.1.8-1.arm/usr/include/c++/v1/__type_traits/lazy.h
[  480s] -- Installing: /home/abuild/rpmbuild/BUILDROOT/libcxx-runtimes-22.1.8-1.arm/usr/include/c++/v1/__type_traits/make_32_64_or_128_bit.h
[  480s] -- Installing: /home/abuild/rpmbuild/BUILDROOT/libcxx-runtimes-22.1.8-1.arm/usr/include/c++/v1/__type_traits/make_const_lvalue_ref.h
[  480s] -- Installing: /home/abuild/rpmbuild/BUILDROOT/libcxx-runtimes-22.1.8-1.arm/usr/include/c++/v1/__type_traits/make_signed.h
[  480s] -- Installing: /home/abuild/rpmbuild/BUILDROOT/libcxx-runtimes-22.1.8-1.arm/usr/include/c++/v1/__type_traits/make_transparent.h
[  480s] -- Installing: /home/abuild/rpmbuild/BUILDROOT/libcxx-runtimes-22.1.8-1.arm/usr/include/c++/v1/__type_traits/make_unsigned.h
[  480s] -- Installing: /home/abuild/rpmbuild/BUILDROOT/libcxx-runtimes-22.1.8-1.arm/usr/include/c++/v1/__type_traits/maybe_const.h
[  480s] -- Installing: /home/abuild/rpmbuild/BUILDROOT/libcxx-runtimes-22.1.8-1.arm/usr/include/c++/v1/__type_traits/nat.h
[  480s] -- Installing: /home/abuild/rpmbuild/BUILDROOT/libcxx-runtimes-22.1.8-1.arm/usr/include/c++/v1/__type_traits/negation.h
[  480s] -- Installing: /home/abuild/rpmbuild/BUILDROOT/libcxx-runtimes-22.1.8-1.arm/usr/include/c++/v1/__type_traits/promote.h
[  480s] -- Installing: /home/abuild/rpmbuild/BUILDROOT/libcxx-runtimes-22.1.8-1.arm/usr/include/c++/v1/__type_traits/rank.h
[  480s] -- Installing: /home/abuild/rpmbuild/BUILDROOT/libcxx-runtimes-22.1.8-1.arm/usr/include/c++/v1/__type_traits/reference_constructs_from_temporary.h
[  480s] -- Installing: /home/abuild/rpmbuild/BUILDROOT/libcxx-runtimes-22.1.8-1.arm/usr/include/c++/v1/__type_traits/reference_converts_from_temporary.h
[  480s] -- Installing: /home/abuild/rpmbuild/BUILDROOT/libcxx-runtimes-22.1.8-1.arm/usr/include/c++/v1/__type_traits/remove_all_extents.h
[  480s] -- Installing: /home/abuild/rpmbuild/BUILDROOT/libcxx-runtimes-22.1.8-1.arm/usr/include/c++/v1/__type_traits/remove_const.h
[  480s] -- Installing: /home/abuild/rpmbuild/BUILDROOT/libcxx-runtimes-22.1.8-1.arm/usr/include/c++/v1/__type_traits/remove_const_ref.h
[  480s] -- Installing: /home/abuild/rpmbuild/BUILDROOT/libcxx-runtimes-22.1.8-1.arm/usr/include/c++/v1/__type_traits/remove_cv.h
[  480s] -- Installing: /home/abuild/rpmbuild/BUILDROOT/libcxx-runtimes-22.1.8-1.arm/usr/include/c++/v1/__type_traits/remove_cvref.h
[  480s] -- Installing: /home/abuild/rpmbuild/BUILDROOT/libcxx-runtimes-22.1.8-1.arm/usr/include/c++/v1/__type_traits/remove_extent.h
[  480s] -- Installing: /home/abuild/rpmbuild/BUILDROOT/libcxx-runtimes-22.1.8-1.arm/usr/include/c++/v1/__type_traits/remove_pointer.h
[  480s] -- Installing: /home/abuild/rpmbuild/BUILDROOT/libcxx-runtimes-22.1.8-1.arm/usr/include/c++/v1/__type_traits/remove_reference.h
[  480s] -- Installing: /home/abuild/rpmbuild/BUILDROOT/libcxx-runtimes-22.1.8-1.arm/usr/include/c++/v1/__type_traits/remove_volatile.h
[  480s] -- Installing: /home/abuild/rpmbuild/BUILDROOT/libcxx-runtimes-22.1.8-1.arm/usr/include/c++/v1/__type_traits/result_of.h
[  480s] -- Installing: /home/abuild/rpmbuild/BUILDROOT/libcxx-runtimes-22.1.8-1.arm/usr/include/c++/v1/__type_traits/strip_signature.h
[  480s] -- Installing: /home/abuild/rpmbuild/BUILDROOT/libcxx-runtimes-22.1.8-1.arm/usr/include/c++/v1/__type_traits/type_identity.h
[  480s] -- Installing: /home/abuild/rpmbuild/BUILDROOT/libcxx-runtimes-22.1.8-1.arm/usr/include/c++/v1/__type_traits/type_list.h
[  480s] -- Installing: /home/abuild/rpmbuild/BUILDROOT/libcxx-runtimes-22.1.8-1.arm/usr/include/c++/v1/__type_traits/underlying_type.h
[  480s] -- Installing: /home/abuild/rpmbuild/BUILDROOT/libcxx-runtimes-22.1.8-1.arm/usr/include/c++/v1/__type_traits/unwrap_ref.h
[  480s] -- Installing: /home/abuild/rpmbuild/BUILDROOT/libcxx-runtimes-22.1.8-1.arm/usr/include/c++/v1/__type_traits/void_t.h
[  480s] -- Installing: /home/abuild/rpmbuild/BUILDROOT/libcxx-runtimes-22.1.8-1.arm/usr/include/c++/v1/__undef_macros
[  480s] -- Installing: /home/abuild/rpmbuild/BUILDROOT/libcxx-runtimes-22.1.8-1.arm/usr/include/c++/v1/__utility/as_const.h
[  480s] -- Installing: /home/abuild/rpmbuild/BUILDROOT/libcxx-runtimes-22.1.8-1.arm/usr/include/c++/v1/__utility/as_lvalue.h
[  480s] -- Installing: /home/abuild/rpmbuild/BUILDROOT/libcxx-runtimes-22.1.8-1.arm/usr/include/c++/v1/__utility/auto_cast.h
[  480s] -- Installing: /home/abuild/rpmbuild/BUILDROOT/libcxx-runtimes-22.1.8-1.arm/usr/include/c++/v1/__utility/cmp.h
[  480s] -- Installing: /home/abuild/rpmbuild/BUILDROOT/libcxx-runtimes-22.1.8-1.arm/usr/include/c++/v1/__utility/convert_to_integral.h
[  480s] -- Installing: /home/abuild/rpmbuild/BUILDROOT/libcxx-runtimes-22.1.8-1.arm/usr/include/c++/v1/__utility/declval.h
[  480s] -- Installing: /home/abuild/rpmbuild/BUILDROOT/libcxx-runtimes-22.1.8-1.arm/usr/include/c++/v1/__utility/default_three_way_comparator.h
[  480s] -- Installing: /home/abuild/rpmbuild/BUILDROOT/libcxx-runtimes-22.1.8-1.arm/usr/include/c++/v1/__utility/element_count.h
[  480s] -- Installing: /home/abuild/rpmbuild/BUILDROOT/libcxx-runtimes-22.1.8-1.arm/usr/include/c++/v1/__utility/empty.h
[  480s] -- Installing: /home/abuild/rpmbuild/BUILDROOT/libcxx-runtimes-22.1.8-1.arm/usr/include/c++/v1/__utility/exception_guard.h
[  480s] -- Installing: /home/abuild/rpmbuild/BUILDROOT/libcxx-runtimes-22.1.8-1.arm/usr/include/c++/v1/__utility/exchange.h
[  480s] -- Installing: /home/abuild/rpmbuild/BUILDROOT/libcxx-runtimes-22.1.8-1.arm/usr/include/c++/v1/__utility/forward.h
[  480s] -- Installing: /home/abuild/rpmbuild/BUILDROOT/libcxx-runtimes-22.1.8-1.arm/usr/include/c++/v1/__utility/forward_like.h
[  480s] -- Installing: /home/abuild/rpmbuild/BUILDROOT/libcxx-runtimes-22.1.8-1.arm/usr/include/c++/v1/__utility/in_place.h
[  480s] -- Installing: /home/abuild/rpmbuild/BUILDROOT/libcxx-runtimes-22.1.8-1.arm/usr/include/c++/v1/__utility/integer_sequence.h
[  480s] -- Installing: /home/abuild/rpmbuild/BUILDROOT/libcxx-runtimes-22.1.8-1.arm/usr/include/c++/v1/__utility/is_pointer_in_range.h
[  480s] -- Installing: /home/abuild/rpmbuild/BUILDROOT/libcxx-runtimes-22.1.8-1.arm/usr/include/c++/v1/__utility/is_valid_range.h
[  480s] -- Installing: /home/abuild/rpmbuild/BUILDROOT/libcxx-runtimes-22.1.8-1.arm/usr/include/c++/v1/__utility/lazy_synth_three_way_comparator.h
[  480s] -- Installing: /home/abuild/rpmbuild/BUILDROOT/libcxx-runtimes-22.1.8-1.arm/usr/include/c++/v1/__utility/move.h
[  480s] -- Installing: /home/abuild/rpmbuild/BUILDROOT/libcxx-runtimes-22.1.8-1.arm/usr/include/c++/v1/__utility/no_destroy.h
[  480s] -- Installing: /home/abuild/rpmbuild/BUILDROOT/libcxx-runtimes-22.1.8-1.arm/usr/include/c++/v1/__utility/pair.h
[  480s] -- Installing: /home/abuild/rpmbuild/BUILDROOT/libcxx-runtimes-22.1.8-1.arm/usr/include/c++/v1/__utility/piecewise_construct.h
[  480s] -- Installing: /home/abuild/rpmbuild/BUILDROOT/libcxx-runtimes-22.1.8-1.arm/usr/include/c++/v1/__utility/priority_tag.h
[  480s] -- Installing: /home/abuild/rpmbuild/BUILDROOT/libcxx-runtimes-22.1.8-1.arm/usr/include/c++/v1/__utility/private_constructor_tag.h
[  480s] -- Installing: /home/abuild/rpmbuild/BUILDROOT/libcxx-runtimes-22.1.8-1.arm/usr/include/c++/v1/__utility/rel_ops.h
[  480s] -- Installing: /home/abuild/rpmbuild/BUILDROOT/libcxx-runtimes-22.1.8-1.arm/usr/include/c++/v1/__utility/scope_guard.h
[  480s] -- Installing: /home/abuild/rpmbuild/BUILDROOT/libcxx-runtimes-22.1.8-1.arm/usr/include/c++/v1/__utility/small_buffer.h
[  480s] -- Installing: /home/abuild/rpmbuild/BUILDROOT/libcxx-runtimes-22.1.8-1.arm/usr/include/c++/v1/__utility/swap.h
[  480s] -- Installing: /home/abuild/rpmbuild/BUILDROOT/libcxx-runtimes-22.1.8-1.arm/usr/include/c++/v1/__utility/to_underlying.h
[  480s] -- Installing: /home/abuild/rpmbuild/BUILDROOT/libcxx-runtimes-22.1.8-1.arm/usr/include/c++/v1/__utility/try_key_extraction.h
[  480s] -- Installing: /home/abuild/rpmbuild/BUILDROOT/libcxx-runtimes-22.1.8-1.arm/usr/include/c++/v1/__utility/unreachable.h
[  480s] -- Installing: /home/abuild/rpmbuild/BUILDROOT/libcxx-runtimes-22.1.8-1.arm/usr/include/c++/v1/__variant/monostate.h
[  480s] -- Installing: /home/abuild/rpmbuild/BUILDROOT/libcxx-runtimes-22.1.8-1.arm/usr/include/c++/v1/__vector/comparison.h
[  480s] -- Installing: /home/abuild/rpmbuild/BUILDROOT/libcxx-runtimes-22.1.8-1.arm/usr/include/c++/v1/__vector/container_traits.h
[  480s] -- Installing: /home/abuild/rpmbuild/BUILDROOT/libcxx-runtimes-22.1.8-1.arm/usr/include/c++/v1/__vector/erase.h
[  480s] -- Installing: /home/abuild/rpmbuild/BUILDROOT/libcxx-runtimes-22.1.8-1.arm/usr/include/c++/v1/__vector/pmr.h
[  480s] -- Installing: /home/abuild/rpmbuild/BUILDROOT/libcxx-runtimes-22.1.8-1.arm/usr/include/c++/v1/__vector/swap.h
[  480s] -- Installing: /home/abuild/rpmbuild/BUILDROOT/libcxx-runtimes-22.1.8-1.arm/usr/include/c++/v1/__vector/vector.h
[  480s] -- Installing: /home/abuild/rpmbuild/BUILDROOT/libcxx-runtimes-22.1.8-1.arm/usr/include/c++/v1/__vector/vector_bool.h
[  480s] -- Installing: /home/abuild/rpmbuild/BUILDROOT/libcxx-runtimes-22.1.8-1.arm/usr/include/c++/v1/__vector/vector_bool_formatter.h
[  480s] -- Installing: /home/abuild/rpmbuild/BUILDROOT/libcxx-runtimes-22.1.8-1.arm/usr/include/c++/v1/__verbose_abort
[  480s] -- Installing: /home/abuild/rpmbuild/BUILDROOT/libcxx-runtimes-22.1.8-1.arm/usr/include/c++/v1/__verbose_trap
[  480s] -- Installing: /home/abuild/rpmbuild/BUILDROOT/libcxx-runtimes-22.1.8-1.arm/usr/include/c++/v1/algorithm
[  480s] -- Installing: /home/abuild/rpmbuild/BUILDROOT/libcxx-runtimes-22.1.8-1.arm/usr/include/c++/v1/any
[  480s] -- Installing: /home/abuild/rpmbuild/BUILDROOT/libcxx-runtimes-22.1.8-1.arm/usr/include/c++/v1/array
[  480s] -- Installing: /home/abuild/rpmbuild/BUILDROOT/libcxx-runtimes-22.1.8-1.arm/usr/include/c++/v1/atomic
[  480s] -- Installing: /home/abuild/rpmbuild/BUILDROOT/libcxx-runtimes-22.1.8-1.arm/usr/include/c++/v1/barrier
[  480s] -- Installing: /home/abuild/rpmbuild/BUILDROOT/libcxx-runtimes-22.1.8-1.arm/usr/include/c++/v1/bit
[  480s] -- Installing: /home/abuild/rpmbuild/BUILDROOT/libcxx-runtimes-22.1.8-1.arm/usr/include/c++/v1/bitset
[  480s] -- Installing: /home/abuild/rpmbuild/BUILDROOT/libcxx-runtimes-22.1.8-1.arm/usr/include/c++/v1/cassert
[  480s] -- Installing: /home/abuild/rpmbuild/BUILDROOT/libcxx-runtimes-22.1.8-1.arm/usr/include/c++/v1/ccomplex
[  480s] -- Installing: /home/abuild/rpmbuild/BUILDROOT/libcxx-runtimes-22.1.8-1.arm/usr/include/c++/v1/cctype
[  480s] -- Installing: /home/abuild/rpmbuild/BUILDROOT/libcxx-runtimes-22.1.8-1.arm/usr/include/c++/v1/cerrno
[  480s] -- Installing: /home/abuild/rpmbuild/BUILDROOT/libcxx-runtimes-22.1.8-1.arm/usr/include/c++/v1/cfenv
[  480s] -- Installing: /home/abuild/rpmbuild/BUILDROOT/libcxx-runtimes-22.1.8-1.arm/usr/include/c++/v1/cfloat
[  480s] -- Installing: /home/abuild/rpmbuild/BUILDROOT/libcxx-runtimes-22.1.8-1.arm/usr/include/c++/v1/charconv
[  480s] -- Installing: /home/abuild/rpmbuild/BUILDROOT/libcxx-runtimes-22.1.8-1.arm/usr/include/c++/v1/chrono
[  480s] -- Installing: /home/abuild/rpmbuild/BUILDROOT/libcxx-runtimes-22.1.8-1.arm/usr/include/c++/v1/cinttypes
[  480s] -- Installing: /home/abuild/rpmbuild/BUILDROOT/libcxx-runtimes-22.1.8-1.arm/usr/include/c++/v1/ciso646
[  480s] -- Installing: /home/abuild/rpmbuild/BUILDROOT/libcxx-runtimes-22.1.8-1.arm/usr/include/c++/v1/climits
[  480s] -- Installing: /home/abuild/rpmbuild/BUILDROOT/libcxx-runtimes-22.1.8-1.arm/usr/include/c++/v1/clocale
[  480s] -- Installing: /home/abuild/rpmbuild/BUILDROOT/libcxx-runtimes-22.1.8-1.arm/usr/include/c++/v1/cmath
[  480s] -- Installing: /home/abuild/rpmbuild/BUILDROOT/libcxx-runtimes-22.1.8-1.arm/usr/include/c++/v1/codecvt
[  480s] -- Installing: /home/abuild/rpmbuild/BUILDROOT/libcxx-runtimes-22.1.8-1.arm/usr/include/c++/v1/compare
[  480s] -- Installing: /home/abuild/rpmbuild/BUILDROOT/libcxx-runtimes-22.1.8-1.arm/usr/include/c++/v1/complex
[  480s] -- Installing: /home/abuild/rpmbuild/BUILDROOT/libcxx-runtimes-22.1.8-1.arm/usr/include/c++/v1/complex.h
[  480s] -- Installing: /home/abuild/rpmbuild/BUILDROOT/libcxx-runtimes-22.1.8-1.arm/usr/include/c++/v1/concepts
[  480s] -- Installing: /home/abuild/rpmbuild/BUILDROOT/libcxx-runtimes-22.1.8-1.arm/usr/include/c++/v1/condition_variable
[  480s] -- Installing: /home/abuild/rpmbuild/BUILDROOT/libcxx-runtimes-22.1.8-1.arm/usr/include/c++/v1/coroutine
[  480s] -- Installing: /home/abuild/rpmbuild/BUILDROOT/libcxx-runtimes-22.1.8-1.arm/usr/include/c++/v1/csetjmp
[  480s] -- Installing: /home/abuild/rpmbuild/BUILDROOT/libcxx-runtimes-22.1.8-1.arm/usr/include/c++/v1/csignal
[  480s] -- Installing: /home/abuild/rpmbuild/BUILDROOT/libcxx-runtimes-22.1.8-1.arm/usr/include/c++/v1/cstdalign
[  480s] -- Installing: /home/abuild/rpmbuild/BUILDROOT/libcxx-runtimes-22.1.8-1.arm/usr/include/c++/v1/cstdarg
[  480s] -- Installing: /home/abuild/rpmbuild/BUILDROOT/libcxx-runtimes-22.1.8-1.arm/usr/include/c++/v1/cstdbool
[  480s] -- Installing: /home/abuild/rpmbuild/BUILDROOT/libcxx-runtimes-22.1.8-1.arm/usr/include/c++/v1/cstddef
[  480s] -- Installing: /home/abuild/rpmbuild/BUILDROOT/libcxx-runtimes-22.1.8-1.arm/usr/include/c++/v1/cstdint
[  480s] -- Installing: /home/abuild/rpmbuild/BUILDROOT/libcxx-runtimes-22.1.8-1.arm/usr/include/c++/v1/cstdio
[  480s] -- Installing: /home/abuild/rpmbuild/BUILDROOT/libcxx-runtimes-22.1.8-1.arm/usr/include/c++/v1/cstdlib
[  480s] -- Installing: /home/abuild/rpmbuild/BUILDROOT/libcxx-runtimes-22.1.8-1.arm/usr/include/c++/v1/cstring
[  480s] -- Installing: /home/abuild/rpmbuild/BUILDROOT/libcxx-runtimes-22.1.8-1.arm/usr/include/c++/v1/ctgmath
[  480s] -- Installing: /home/abuild/rpmbuild/BUILDROOT/libcxx-runtimes-22.1.8-1.arm/usr/include/c++/v1/ctime
[  480s] -- Installing: /home/abuild/rpmbuild/BUILDROOT/libcxx-runtimes-22.1.8-1.arm/usr/include/c++/v1/ctype.h
[  480s] -- Installing: /home/abuild/rpmbuild/BUILDROOT/libcxx-runtimes-22.1.8-1.arm/usr/include/c++/v1/cuchar
[  480s] -- Installing: /home/abuild/rpmbuild/BUILDROOT/libcxx-runtimes-22.1.8-1.arm/usr/include/c++/v1/cwchar
[  480s] -- Installing: /home/abuild/rpmbuild/BUILDROOT/libcxx-runtimes-22.1.8-1.arm/usr/include/c++/v1/cwctype
[  480s] -- Installing: /home/abuild/rpmbuild/BUILDROOT/libcxx-runtimes-22.1.8-1.arm/usr/include/c++/v1/deque
[  480s] -- Installing: /home/abuild/rpmbuild/BUILDROOT/libcxx-runtimes-22.1.8-1.arm/usr/include/c++/v1/errno.h
[  480s] -- Installing: /home/abuild/rpmbuild/BUILDROOT/libcxx-runtimes-22.1.8-1.arm/usr/include/c++/v1/exception
[  480s] -- Installing: /home/abuild/rpmbuild/BUILDROOT/libcxx-runtimes-22.1.8-1.arm/usr/include/c++/v1/execution
[  480s] -- Installing: /home/abuild/rpmbuild/BUILDROOT/libcxx-runtimes-22.1.8-1.arm/usr/include/c++/v1/expected
[  480s] -- Installing: /home/abuild/rpmbuild/BUILDROOT/libcxx-runtimes-22.1.8-1.arm/usr/include/c++/v1/experimental/__simd/aligned_tag.h
[  480s] -- Installing: /home/abuild/rpmbuild/BUILDROOT/libcxx-runtimes-22.1.8-1.arm/usr/include/c++/v1/experimental/__simd/declaration.h
[  480s] -- Installing: /home/abuild/rpmbuild/BUILDROOT/libcxx-runtimes-22.1.8-1.arm/usr/include/c++/v1/experimental/__simd/reference.h
[  480s] -- Installing: /home/abuild/rpmbuild/BUILDROOT/libcxx-runtimes-22.1.8-1.arm/usr/include/c++/v1/experimental/__simd/scalar.h
[  480s] -- Installing: /home/abuild/rpmbuild/BUILDROOT/libcxx-runtimes-22.1.8-1.arm/usr/include/c++/v1/experimental/__simd/simd.h
[  480s] -- Installing: /home/abuild/rpmbuild/BUILDROOT/libcxx-runtimes-22.1.8-1.arm/usr/include/c++/v1/experimental/__simd/simd_mask.h
[  480s] -- Installing: /home/abuild/rpmbuild/BUILDROOT/libcxx-runtimes-22.1.8-1.arm/usr/include/c++/v1/experimental/__simd/traits.h
[  480s] -- Installing: /home/abuild/rpmbuild/BUILDROOT/libcxx-runtimes-22.1.8-1.arm/usr/include/c++/v1/experimental/__simd/utility.h
[  480s] -- Installing: /home/abuild/rpmbuild/BUILDROOT/libcxx-runtimes-22.1.8-1.arm/usr/include/c++/v1/experimental/__simd/vec_ext.h
[  480s] -- Installing: /home/abuild/rpmbuild/BUILDROOT/libcxx-runtimes-22.1.8-1.arm/usr/include/c++/v1/experimental/iterator
[  480s] -- Installing: /home/abuild/rpmbuild/BUILDROOT/libcxx-runtimes-22.1.8-1.arm/usr/include/c++/v1/experimental/memory
[  480s] -- Installing: /home/abuild/rpmbuild/BUILDROOT/libcxx-runtimes-22.1.8-1.arm/usr/include/c++/v1/experimental/propagate_const
[  480s] -- Installing: /home/abuild/rpmbuild/BUILDROOT/libcxx-runtimes-22.1.8-1.arm/usr/include/c++/v1/experimental/simd
[  480s] -- Installing: /home/abuild/rpmbuild/BUILDROOT/libcxx-runtimes-22.1.8-1.arm/usr/include/c++/v1/experimental/type_traits
[  480s] -- Installing: /home/abuild/rpmbuild/BUILDROOT/libcxx-runtimes-22.1.8-1.arm/usr/include/c++/v1/experimental/utility
[  480s] -- Installing: /home/abuild/rpmbuild/BUILDROOT/libcxx-runtimes-22.1.8-1.arm/usr/include/c++/v1/ext/__hash
[  480s] -- Installing: /home/abuild/rpmbuild/BUILDROOT/libcxx-runtimes-22.1.8-1.arm/usr/include/c++/v1/ext/hash_map
[  480s] -- Installing: /home/abuild/rpmbuild/BUILDROOT/libcxx-runtimes-22.1.8-1.arm/usr/include/c++/v1/ext/hash_set
[  480s] -- Installing: /home/abuild/rpmbuild/BUILDROOT/libcxx-runtimes-22.1.8-1.arm/usr/include/c++/v1/fenv.h
[  480s] -- Installing: /home/abuild/rpmbuild/BUILDROOT/libcxx-runtimes-22.1.8-1.arm/usr/include/c++/v1/filesystem
[  480s] -- Installing: /home/abuild/rpmbuild/BUILDROOT/libcxx-runtimes-22.1.8-1.arm/usr/include/c++/v1/flat_map
[  480s] -- Installing: /home/abuild/rpmbuild/BUILDROOT/libcxx-runtimes-22.1.8-1.arm/usr/include/c++/v1/flat_set
[  480s] -- Installing: /home/abuild/rpmbuild/BUILDROOT/libcxx-runtimes-22.1.8-1.arm/usr/include/c++/v1/float.h
[  480s] -- Installing: /home/abuild/rpmbuild/BUILDROOT/libcxx-runtimes-22.1.8-1.arm/usr/include/c++/v1/format
[  480s] -- Installing: /home/abuild/rpmbuild/BUILDROOT/libcxx-runtimes-22.1.8-1.arm/usr/include/c++/v1/forward_list
[  480s] -- Installing: /home/abuild/rpmbuild/BUILDROOT/libcxx-runtimes-22.1.8-1.arm/usr/include/c++/v1/fstream
[  480s] -- Installing: /home/abuild/rpmbuild/BUILDROOT/libcxx-runtimes-22.1.8-1.arm/usr/include/c++/v1/functional
[  480s] -- Installing: /home/abuild/rpmbuild/BUILDROOT/libcxx-runtimes-22.1.8-1.arm/usr/include/c++/v1/future
[  480s] -- Installing: /home/abuild/rpmbuild/BUILDROOT/libcxx-runtimes-22.1.8-1.arm/usr/include/c++/v1/initializer_list
[  480s] -- Installing: /home/abuild/rpmbuild/BUILDROOT/libcxx-runtimes-22.1.8-1.arm/usr/include/c++/v1/inttypes.h
[  480s] -- Installing: /home/abuild/rpmbuild/BUILDROOT/libcxx-runtimes-22.1.8-1.arm/usr/include/c++/v1/iomanip
[  480s] -- Installing: /home/abuild/rpmbuild/BUILDROOT/libcxx-runtimes-22.1.8-1.arm/usr/include/c++/v1/ios
[  480s] -- Installing: /home/abuild/rpmbuild/BUILDROOT/libcxx-runtimes-22.1.8-1.arm/usr/include/c++/v1/iosfwd
[  480s] -- Installing: /home/abuild/rpmbuild/BUILDROOT/libcxx-runtimes-22.1.8-1.arm/usr/include/c++/v1/iostream
[  480s] -- Installing: /home/abuild/rpmbuild/BUILDROOT/libcxx-runtimes-22.1.8-1.arm/usr/include/c++/v1/istream
[  480s] -- Installing: /home/abuild/rpmbuild/BUILDROOT/libcxx-runtimes-22.1.8-1.arm/usr/include/c++/v1/iterator
[  480s] -- Installing: /home/abuild/rpmbuild/BUILDROOT/libcxx-runtimes-22.1.8-1.arm/usr/include/c++/v1/latch
[  480s] -- Installing: /home/abuild/rpmbuild/BUILDROOT/libcxx-runtimes-22.1.8-1.arm/usr/include/c++/v1/limits
[  480s] -- Installing: /home/abuild/rpmbuild/BUILDROOT/libcxx-runtimes-22.1.8-1.arm/usr/include/c++/v1/list
[  480s] -- Installing: /home/abuild/rpmbuild/BUILDROOT/libcxx-runtimes-22.1.8-1.arm/usr/include/c++/v1/locale
[  480s] -- Installing: /home/abuild/rpmbuild/BUILDROOT/libcxx-runtimes-22.1.8-1.arm/usr/include/c++/v1/map
[  480s] -- Installing: /home/abuild/rpmbuild/BUILDROOT/libcxx-runtimes-22.1.8-1.arm/usr/include/c++/v1/math.h
[  480s] -- Installing: /home/abuild/rpmbuild/BUILDROOT/libcxx-runtimes-22.1.8-1.arm/usr/include/c++/v1/mdspan
[  480s] -- Installing: /home/abuild/rpmbuild/BUILDROOT/libcxx-runtimes-22.1.8-1.arm/usr/include/c++/v1/memory
[  480s] -- Installing: /home/abuild/rpmbuild/BUILDROOT/libcxx-runtimes-22.1.8-1.arm/usr/include/c++/v1/memory_resource
[  480s] -- Installing: /home/abuild/rpmbuild/BUILDROOT/libcxx-runtimes-22.1.8-1.arm/usr/include/c++/v1/mutex
[  480s] -- Installing: /home/abuild/rpmbuild/BUILDROOT/libcxx-runtimes-22.1.8-1.arm/usr/include/c++/v1/new
[  480s] -- Installing: /home/abuild/rpmbuild/BUILDROOT/libcxx-runtimes-22.1.8-1.arm/usr/include/c++/v1/numbers
[  480s] -- Installing: /home/abuild/rpmbuild/BUILDROOT/libcxx-runtimes-22.1.8-1.arm/usr/include/c++/v1/numeric
[  480s] -- Installing: /home/abuild/rpmbuild/BUILDROOT/libcxx-runtimes-22.1.8-1.arm/usr/include/c++/v1/optional
[  480s] -- Installing: /home/abuild/rpmbuild/BUILDROOT/libcxx-runtimes-22.1.8-1.arm/usr/include/c++/v1/ostream
[  480s] -- Installing: /home/abuild/rpmbuild/BUILDROOT/libcxx-runtimes-22.1.8-1.arm/usr/include/c++/v1/print
[  480s] -- Installing: /home/abuild/rpmbuild/BUILDROOT/libcxx-runtimes-22.1.8-1.arm/usr/include/c++/v1/queue
[  480s] -- Installing: /home/abuild/rpmbuild/BUILDROOT/libcxx-runtimes-22.1.8-1.arm/usr/include/c++/v1/random
[  480s] -- Installing: /home/abuild/rpmbuild/BUILDROOT/libcxx-runtimes-22.1.8-1.arm/usr/include/c++/v1/ranges
[  480s] -- Installing: /home/abuild/rpmbuild/BUILDROOT/libcxx-runtimes-22.1.8-1.arm/usr/include/c++/v1/ratio
[  480s] -- Installing: /home/abuild/rpmbuild/BUILDROOT/libcxx-runtimes-22.1.8-1.arm/usr/include/c++/v1/regex
[  480s] -- Installing: /home/abuild/rpmbuild/BUILDROOT/libcxx-runtimes-22.1.8-1.arm/usr/include/c++/v1/scoped_allocator
[  480s] -- Installing: /home/abuild/rpmbuild/BUILDROOT/libcxx-runtimes-22.1.8-1.arm/usr/include/c++/v1/semaphore
[  480s] -- Installing: /home/abuild/rpmbuild/BUILDROOT/libcxx-runtimes-22.1.8-1.arm/usr/include/c++/v1/set
[  480s] -- Installing: /home/abuild/rpmbuild/BUILDROOT/libcxx-runtimes-22.1.8-1.arm/usr/include/c++/v1/shared_mutex
[  480s] -- Installing: /home/abuild/rpmbuild/BUILDROOT/libcxx-runtimes-22.1.8-1.arm/usr/include/c++/v1/source_location
[  480s] -- Installing: /home/abuild/rpmbuild/BUILDROOT/libcxx-runtimes-22.1.8-1.arm/usr/include/c++/v1/span
[  480s] -- Installing: /home/abuild/rpmbuild/BUILDROOT/libcxx-runtimes-22.1.8-1.arm/usr/include/c++/v1/sstream
[  480s] -- Installing: /home/abuild/rpmbuild/BUILDROOT/libcxx-runtimes-22.1.8-1.arm/usr/include/c++/v1/stack
[  480s] -- Installing: /home/abuild/rpmbuild/BUILDROOT/libcxx-runtimes-22.1.8-1.arm/usr/include/c++/v1/stdatomic.h
[  480s] -- Installing: /home/abuild/rpmbuild/BUILDROOT/libcxx-runtimes-22.1.8-1.arm/usr/include/c++/v1/stddef.h
[  480s] -- Installing: /home/abuild/rpmbuild/BUILDROOT/libcxx-runtimes-22.1.8-1.arm/usr/include/c++/v1/stdexcept
[  480s] -- Installing: /home/abuild/rpmbuild/BUILDROOT/libcxx-runtimes-22.1.8-1.arm/usr/include/c++/v1/stdio.h
[  480s] -- Installing: /home/abuild/rpmbuild/BUILDROOT/libcxx-runtimes-22.1.8-1.arm/usr/include/c++/v1/stdlib.h
[  480s] -- Installing: /home/abuild/rpmbuild/BUILDROOT/libcxx-runtimes-22.1.8-1.arm/usr/include/c++/v1/stop_token
[  480s] -- Installing: /home/abuild/rpmbuild/BUILDROOT/libcxx-runtimes-22.1.8-1.arm/usr/include/c++/v1/streambuf
[  480s] -- Installing: /home/abuild/rpmbuild/BUILDROOT/libcxx-runtimes-22.1.8-1.arm/usr/include/c++/v1/string
[  480s] -- Installing: /home/abuild/rpmbuild/BUILDROOT/libcxx-runtimes-22.1.8-1.arm/usr/include/c++/v1/string.h
[  480s] -- Installing: /home/abuild/rpmbuild/BUILDROOT/libcxx-runtimes-22.1.8-1.arm/usr/include/c++/v1/string_view
[  480s] -- Installing: /home/abuild/rpmbuild/BUILDROOT/libcxx-runtimes-22.1.8-1.arm/usr/include/c++/v1/strstream
[  480s] -- Installing: /home/abuild/rpmbuild/BUILDROOT/libcxx-runtimes-22.1.8-1.arm/usr/include/c++/v1/syncstream
[  480s] -- Installing: /home/abuild/rpmbuild/BUILDROOT/libcxx-runtimes-22.1.8-1.arm/usr/include/c++/v1/system_error
[  480s] -- Installing: /home/abuild/rpmbuild/BUILDROOT/libcxx-runtimes-22.1.8-1.arm/usr/include/c++/v1/tgmath.h
[  480s] -- Installing: /home/abuild/rpmbuild/BUILDROOT/libcxx-runtimes-22.1.8-1.arm/usr/include/c++/v1/thread
[  480s] -- Installing: /home/abuild/rpmbuild/BUILDROOT/libcxx-runtimes-22.1.8-1.arm/usr/include/c++/v1/tuple
[  480s] -- Installing: /home/abuild/rpmbuild/BUILDROOT/libcxx-runtimes-22.1.8-1.arm/usr/include/c++/v1/type_traits
[  480s] -- Installing: /home/abuild/rpmbuild/BUILDROOT/libcxx-runtimes-22.1.8-1.arm/usr/include/c++/v1/typeindex
[  480s] -- Installing: /home/abuild/rpmbuild/BUILDROOT/libcxx-runtimes-22.1.8-1.arm/usr/include/c++/v1/typeinfo
[  480s] -- Installing: /home/abuild/rpmbuild/BUILDROOT/libcxx-runtimes-22.1.8-1.arm/usr/include/c++/v1/uchar.h
[  480s] -- Installing: /home/abuild/rpmbuild/BUILDROOT/libcxx-runtimes-22.1.8-1.arm/usr/include/c++/v1/unordered_map
[  480s] -- Installing: /home/abuild/rpmbuild/BUILDROOT/libcxx-runtimes-22.1.8-1.arm/usr/include/c++/v1/unordered_set
[  480s] -- Installing: /home/abuild/rpmbuild/BUILDROOT/libcxx-runtimes-22.1.8-1.arm/usr/include/c++/v1/utility
[  480s] -- Installing: /home/abuild/rpmbuild/BUILDROOT/libcxx-runtimes-22.1.8-1.arm/usr/include/c++/v1/valarray
[  480s] -- Installing: /home/abuild/rpmbuild/BUILDROOT/libcxx-runtimes-22.1.8-1.arm/usr/include/c++/v1/variant
[  480s] -- Installing: /home/abuild/rpmbuild/BUILDROOT/libcxx-runtimes-22.1.8-1.arm/usr/include/c++/v1/vector
[  480s] -- Installing: /home/abuild/rpmbuild/BUILDROOT/libcxx-runtimes-22.1.8-1.arm/usr/include/c++/v1/version
[  480s] -- Installing: /home/abuild/rpmbuild/BUILDROOT/libcxx-runtimes-22.1.8-1.arm/usr/include/c++/v1/wchar.h
[  480s] -- Installing: /home/abuild/rpmbuild/BUILDROOT/libcxx-runtimes-22.1.8-1.arm/usr/include/c++/v1/wctype.h
[  480s] -- Installing: /home/abuild/rpmbuild/BUILDROOT/libcxx-runtimes-22.1.8-1.arm/usr/include/c++/v1/__cxx03/__algorithm/adjacent_find.h
[  480s] -- Installing: /home/abuild/rpmbuild/BUILDROOT/libcxx-runtimes-22.1.8-1.arm/usr/include/c++/v1/__cxx03/__algorithm/all_of.h
[  480s] -- Installing: /home/abuild/rpmbuild/BUILDROOT/libcxx-runtimes-22.1.8-1.arm/usr/include/c++/v1/__cxx03/__algorithm/any_of.h
[  480s] -- Installing: /home/abuild/rpmbuild/BUILDROOT/libcxx-runtimes-22.1.8-1.arm/usr/include/c++/v1/__cxx03/__algorithm/binary_search.h
[  480s] -- Installing: /home/abuild/rpmbuild/BUILDROOT/libcxx-runtimes-22.1.8-1.arm/usr/include/c++/v1/__cxx03/__algorithm/comp.h
[  480s] -- Installing: /home/abuild/rpmbuild/BUILDROOT/libcxx-runtimes-22.1.8-1.arm/usr/include/c++/v1/__cxx03/__algorithm/comp_ref_type.h
[  480s] -- Installing: /home/abuild/rpmbuild/BUILDROOT/libcxx-runtimes-22.1.8-1.arm/usr/include/c++/v1/__cxx03/__algorithm/copy.h
[  480s] -- Installing: /home/abuild/rpmbuild/BUILDROOT/libcxx-runtimes-22.1.8-1.arm/usr/include/c++/v1/__cxx03/__algorithm/copy_backward.h
[  480s] -- Installing: /home/abuild/rpmbuild/BUILDROOT/libcxx-runtimes-22.1.8-1.arm/usr/include/c++/v1/__cxx03/__algorithm/copy_if.h
[  480s] -- Installing: /home/abuild/rpmbuild/BUILDROOT/libcxx-runtimes-22.1.8-1.arm/usr/include/c++/v1/__cxx03/__algorithm/copy_move_common.h
[  480s] -- Installing: /home/abuild/rpmbuild/BUILDROOT/libcxx-runtimes-22.1.8-1.arm/usr/include/c++/v1/__cxx03/__algorithm/copy_n.h
[  480s] -- Installing: /home/abuild/rpmbuild/BUILDROOT/libcxx-runtimes-22.1.8-1.arm/usr/include/c++/v1/__cxx03/__algorithm/count.h
[  480s] -- Installing: /home/abuild/rpmbuild/BUILDROOT/libcxx-runtimes-22.1.8-1.arm/usr/include/c++/v1/__cxx03/__algorithm/count_if.h
[  480s] -- Installing: /home/abuild/rpmbuild/BUILDROOT/libcxx-runtimes-22.1.8-1.arm/usr/include/c++/v1/__cxx03/__algorithm/equal.h
[  480s] -- Installing: /home/abuild/rpmbuild/BUILDROOT/libcxx-runtimes-22.1.8-1.arm/usr/include/c++/v1/__cxx03/__algorithm/equal_range.h
[  480s] -- Installing: /home/abuild/rpmbuild/BUILDROOT/libcxx-runtimes-22.1.8-1.arm/usr/include/c++/v1/__cxx03/__algorithm/fill.h
[  480s] -- Installing: /home/abuild/rpmbuild/BUILDROOT/libcxx-runtimes-22.1.8-1.arm/usr/include/c++/v1/__cxx03/__algorithm/fill_n.h
[  480s] -- Installing: /home/abuild/rpmbuild/BUILDROOT/libcxx-runtimes-22.1.8-1.arm/usr/include/c++/v1/__cxx03/__algorithm/find.h
[  480s] -- Installing: /home/abuild/rpmbuild/BUILDROOT/libcxx-runtimes-22.1.8-1.arm/usr/include/c++/v1/__cxx03/__algorithm/find_end.h
[  480s] -- Installing: /home/abuild/rpmbuild/BUILDROOT/libcxx-runtimes-22.1.8-1.arm/usr/include/c++/v1/__cxx03/__algorithm/find_first_of.h
[  480s] -- Installing: /home/abuild/rpmbuild/BUILDROOT/libcxx-runtimes-22.1.8-1.arm/usr/include/c++/v1/__cxx03/__algorithm/find_if.h
[  480s] -- Installing: /home/abuild/rpmbuild/BUILDROOT/libcxx-runtimes-22.1.8-1.arm/usr/include/c++/v1/__cxx03/__algorithm/find_if_not.h
[  480s] -- Installing: /home/abuild/rpmbuild/BUILDROOT/libcxx-runtimes-22.1.8-1.arm/usr/include/c++/v1/__cxx03/__algorithm/find_segment_if.h
[  480s] -- Installing: /home/abuild/rpmbuild/BUILDROOT/libcxx-runtimes-22.1.8-1.arm/usr/include/c++/v1/__cxx03/__algorithm/for_each.h
[  480s] -- Installing: /home/abuild/rpmbuild/BUILDROOT/libcxx-runtimes-22.1.8-1.arm/usr/include/c++/v1/__cxx03/__algorithm/for_each_segment.h
[  480s] -- Installing: /home/abuild/rpmbuild/BUILDROOT/libcxx-runtimes-22.1.8-1.arm/usr/include/c++/v1/__cxx03/__algorithm/generate.h
[  480s] -- Installing: /home/abuild/rpmbuild/BUILDROOT/libcxx-runtimes-22.1.8-1.arm/usr/include/c++/v1/__cxx03/__algorithm/generate_n.h
[  480s] -- Installing: /home/abuild/rpmbuild/BUILDROOT/libcxx-runtimes-22.1.8-1.arm/usr/include/c++/v1/__cxx03/__algorithm/half_positive.h
[  480s] -- Installing: /home/abuild/rpmbuild/BUILDROOT/libcxx-runtimes-22.1.8-1.arm/usr/include/c++/v1/__cxx03/__algorithm/includes.h
[  480s] -- Installing: /home/abuild/rpmbuild/BUILDROOT/libcxx-runtimes-22.1.8-1.arm/usr/include/c++/v1/__cxx03/__algorithm/inplace_merge.h
[  480s] -- Installing: /home/abuild/rpmbuild/BUILDROOT/libcxx-runtimes-22.1.8-1.arm/usr/include/c++/v1/__cxx03/__algorithm/is_heap.h
[  480s] -- Installing: /home/abuild/rpmbuild/BUILDROOT/libcxx-runtimes-22.1.8-1.arm/usr/include/c++/v1/__cxx03/__algorithm/is_heap_until.h
[  480s] -- Installing: /home/abuild/rpmbuild/BUILDROOT/libcxx-runtimes-22.1.8-1.arm/usr/include/c++/v1/__cxx03/__algorithm/is_partitioned.h
[  480s] -- Installing: /home/abuild/rpmbuild/BUILDROOT/libcxx-runtimes-22.1.8-1.arm/usr/include/c++/v1/__cxx03/__algorithm/is_permutation.h
[  480s] -- Installing: /home/abuild/rpmbuild/BUILDROOT/libcxx-runtimes-22.1.8-1.arm/usr/include/c++/v1/__cxx03/__algorithm/is_sorted.h
[  480s] -- Installing: /home/abuild/rpmbuild/BUILDROOT/libcxx-runtimes-22.1.8-1.arm/usr/include/c++/v1/__cxx03/__algorithm/is_sorted_until.h
[  480s] -- Installing: /home/abuild/rpmbuild/BUILDROOT/libcxx-runtimes-22.1.8-1.arm/usr/include/c++/v1/__cxx03/__algorithm/iter_swap.h
[  480s] -- Installing: /home/abuild/rpmbuild/BUILDROOT/libcxx-runtimes-22.1.8-1.arm/usr/include/c++/v1/__cxx03/__algorithm/iterator_operations.h
[  480s] -- Installing: /home/abuild/rpmbuild/BUILDROOT/libcxx-runtimes-22.1.8-1.arm/usr/include/c++/v1/__cxx03/__algorithm/lexicographical_compare.h
[  480s] -- Installing: /home/abuild/rpmbuild/BUILDROOT/libcxx-runtimes-22.1.8-1.arm/usr/include/c++/v1/__cxx03/__algorithm/lower_bound.h
[  480s] -- Installing: /home/abuild/rpmbuild/BUILDROOT/libcxx-runtimes-22.1.8-1.arm/usr/include/c++/v1/__cxx03/__algorithm/make_heap.h
[  480s] -- Installing: /home/abuild/rpmbuild/BUILDROOT/libcxx-runtimes-22.1.8-1.arm/usr/include/c++/v1/__cxx03/__algorithm/make_projected.h
[  480s] -- Installing: /home/abuild/rpmbuild/BUILDROOT/libcxx-runtimes-22.1.8-1.arm/usr/include/c++/v1/__cxx03/__algorithm/max.h
[  480s] -- Installing: /home/abuild/rpmbuild/BUILDROOT/libcxx-runtimes-22.1.8-1.arm/usr/include/c++/v1/__cxx03/__algorithm/max_element.h
[  480s] -- Installing: /home/abuild/rpmbuild/BUILDROOT/libcxx-runtimes-22.1.8-1.arm/usr/include/c++/v1/__cxx03/__algorithm/merge.h
[  480s] -- Installing: /home/abuild/rpmbuild/BUILDROOT/libcxx-runtimes-22.1.8-1.arm/usr/include/c++/v1/__cxx03/__algorithm/min.h
[  480s] -- Installing: /home/abuild/rpmbuild/BUILDROOT/libcxx-runtimes-22.1.8-1.arm/usr/include/c++/v1/__cxx03/__algorithm/min_element.h
[  480s] -- Installing: /home/abuild/rpmbuild/BUILDROOT/libcxx-runtimes-22.1.8-1.arm/usr/include/c++/v1/__cxx03/__algorithm/minmax.h
[  480s] -- Installing: /home/abuild/rpmbuild/BUILDROOT/libcxx-runtimes-22.1.8-1.arm/usr/include/c++/v1/__cxx03/__algorithm/minmax_element.h
[  480s] -- Installing: /home/abuild/rpmbuild/BUILDROOT/libcxx-runtimes-22.1.8-1.arm/usr/include/c++/v1/__cxx03/__algorithm/mismatch.h
[  480s] -- Installing: /home/abuild/rpmbuild/BUILDROOT/libcxx-runtimes-22.1.8-1.arm/usr/include/c++/v1/__cxx03/__algorithm/move.h
[  480s] -- Installing: /home/abuild/rpmbuild/BUILDROOT/libcxx-runtimes-22.1.8-1.arm/usr/include/c++/v1/__cxx03/__algorithm/move_backward.h
[  480s] -- Installing: /home/abuild/rpmbuild/BUILDROOT/libcxx-runtimes-22.1.8-1.arm/usr/include/c++/v1/__cxx03/__algorithm/next_permutation.h
[  480s] -- Installing: /home/abuild/rpmbuild/BUILDROOT/libcxx-runtimes-22.1.8-1.arm/usr/include/c++/v1/__cxx03/__algorithm/none_of.h
[  480s] -- Installing: /home/abuild/rpmbuild/BUILDROOT/libcxx-runtimes-22.1.8-1.arm/usr/include/c++/v1/__cxx03/__algorithm/nth_element.h
[  480s] -- Installing: /home/abuild/rpmbuild/BUILDROOT/libcxx-runtimes-22.1.8-1.arm/usr/include/c++/v1/__cxx03/__algorithm/partial_sort.h
[  480s] -- Installing: /home/abuild/rpmbuild/BUILDROOT/libcxx-runtimes-22.1.8-1.arm/usr/include/c++/v1/__cxx03/__algorithm/partial_sort_copy.h
[  480s] -- Installing: /home/abuild/rpmbuild/BUILDROOT/libcxx-runtimes-22.1.8-1.arm/usr/include/c++/v1/__cxx03/__algorithm/partition.h
[  480s] -- Installing: /home/abuild/rpmbuild/BUILDROOT/libcxx-runtimes-22.1.8-1.arm/usr/include/c++/v1/__cxx03/__algorithm/partition_copy.h
[  480s] -- Installing: /home/abuild/rpmbuild/BUILDROOT/libcxx-runtimes-22.1.8-1.arm/usr/include/c++/v1/__cxx03/__algorithm/partition_point.h
[  480s] -- Installing: /home/abuild/rpmbuild/BUILDROOT/libcxx-runtimes-22.1.8-1.arm/usr/include/c++/v1/__cxx03/__algorithm/pop_heap.h
[  480s] -- Installing: /home/abuild/rpmbuild/BUILDROOT/libcxx-runtimes-22.1.8-1.arm/usr/include/c++/v1/__cxx03/__algorithm/prev_permutation.h
[  480s] -- Installing: /home/abuild/rpmbuild/BUILDROOT/libcxx-runtimes-22.1.8-1.arm/usr/include/c++/v1/__cxx03/__algorithm/push_heap.h
[  480s] -- Installing: /home/abuild/rpmbuild/BUILDROOT/libcxx-runtimes-22.1.8-1.arm/usr/include/c++/v1/__cxx03/__algorithm/remove.h
[  480s] -- Installing: /home/abuild/rpmbuild/BUILDROOT/libcxx-runtimes-22.1.8-1.arm/usr/include/c++/v1/__cxx03/__algorithm/remove_copy.h
[  480s] -- Installing: /home/abuild/rpmbuild/BUILDROOT/libcxx-runtimes-22.1.8-1.arm/usr/include/c++/v1/__cxx03/__algorithm/remove_copy_if.h
[  480s] -- Installing: /home/abuild/rpmbuild/BUILDROOT/libcxx-runtimes-22.1.8-1.arm/usr/include/c++/v1/__cxx03/__algorithm/remove_if.h
[  480s] -- Installing: /home/abuild/rpmbuild/BUILDROOT/libcxx-runtimes-22.1.8-1.arm/usr/include/c++/v1/__cxx03/__algorithm/replace.h
[  480s] -- Installing: /home/abuild/rpmbuild/BUILDROOT/libcxx-runtimes-22.1.8-1.arm/usr/include/c++/v1/__cxx03/__algorithm/replace_copy.h
[  480s] -- Installing: /home/abuild/rpmbuild/BUILDROOT/libcxx-runtimes-22.1.8-1.arm/usr/include/c++/v1/__cxx03/__algorithm/replace_copy_if.h
[  480s] -- Installing: /home/abuild/rpmbuild/BUILDROOT/libcxx-runtimes-22.1.8-1.arm/usr/include/c++/v1/__cxx03/__algorithm/replace_if.h
[  480s] -- Installing: /home/abuild/rpmbuild/BUILDROOT/libcxx-runtimes-22.1.8-1.arm/usr/include/c++/v1/__cxx03/__algorithm/reverse.h
[  480s] -- Installing: /home/abuild/rpmbuild/BUILDROOT/libcxx-runtimes-22.1.8-1.arm/usr/include/c++/v1/__cxx03/__algorithm/reverse_copy.h
[  480s] -- Installing: /home/abuild/rpmbuild/BUILDROOT/libcxx-runtimes-22.1.8-1.arm/usr/include/c++/v1/__cxx03/__algorithm/rotate.h
[  480s] -- Installing: /home/abuild/rpmbuild/BUILDROOT/libcxx-runtimes-22.1.8-1.arm/usr/include/c++/v1/__cxx03/__algorithm/rotate_copy.h
[  480s] -- Installing: /home/abuild/rpmbuild/BUILDROOT/libcxx-runtimes-22.1.8-1.arm/usr/include/c++/v1/__cxx03/__algorithm/search.h
[  480s] -- Installing: /home/abuild/rpmbuild/BUILDROOT/libcxx-runtimes-22.1.8-1.arm/usr/include/c++/v1/__cxx03/__algorithm/search_n.h
[  480s] -- Installing: /home/abuild/rpmbuild/BUILDROOT/libcxx-runtimes-22.1.8-1.arm/usr/include/c++/v1/__cxx03/__algorithm/set_difference.h
[  480s] -- Installing: /home/abuild/rpmbuild/BUILDROOT/libcxx-runtimes-22.1.8-1.arm/usr/include/c++/v1/__cxx03/__algorithm/set_intersection.h
[  480s] -- Installing: /home/abuild/rpmbuild/BUILDROOT/libcxx-runtimes-22.1.8-1.arm/usr/include/c++/v1/__cxx03/__algorithm/set_symmetric_difference.h
[  480s] -- Installing: /home/abuild/rpmbuild/BUILDROOT/libcxx-runtimes-22.1.8-1.arm/usr/include/c++/v1/__cxx03/__algorithm/set_union.h
[  480s] -- Installing: /home/abuild/rpmbuild/BUILDROOT/libcxx-runtimes-22.1.8-1.arm/usr/include/c++/v1/__cxx03/__algorithm/shuffle.h
[  480s] -- Installing: /home/abuild/rpmbuild/BUILDROOT/libcxx-runtimes-22.1.8-1.arm/usr/include/c++/v1/__cxx03/__algorithm/sift_down.h
[  480s] -- Installing: /home/abuild/rpmbuild/BUILDROOT/libcxx-runtimes-22.1.8-1.arm/usr/include/c++/v1/__cxx03/__algorithm/simd_utils.h
[  480s] -- Installing: /home/abuild/rpmbuild/BUILDROOT/libcxx-runtimes-22.1.8-1.arm/usr/include/c++/v1/__cxx03/__algorithm/sort.h
[  480s] -- Installing: /home/abuild/rpmbuild/BUILDROOT/libcxx-runtimes-22.1.8-1.arm/usr/include/c++/v1/__cxx03/__algorithm/sort_heap.h
[  480s] -- Installing: /home/abuild/rpmbuild/BUILDROOT/libcxx-runtimes-22.1.8-1.arm/usr/include/c++/v1/__cxx03/__algorithm/stable_partition.h
[  480s] -- Installing: /home/abuild/rpmbuild/BUILDROOT/libcxx-runtimes-22.1.8-1.arm/usr/include/c++/v1/__cxx03/__algorithm/stable_sort.h
[  480s] -- Installing: /home/abuild/rpmbuild/BUILDROOT/libcxx-runtimes-22.1.8-1.arm/usr/include/c++/v1/__cxx03/__algorithm/swap_ranges.h
[  480s] -- Installing: /home/abuild/rpmbuild/BUILDROOT/libcxx-runtimes-22.1.8-1.arm/usr/include/c++/v1/__cxx03/__algorithm/three_way_comp_ref_type.h
[  480s] -- Installing: /home/abuild/rpmbuild/BUILDROOT/libcxx-runtimes-22.1.8-1.arm/usr/include/c++/v1/__cxx03/__algorithm/transform.h
[  480s] -- Installing: /home/abuild/rpmbuild/BUILDROOT/libcxx-runtimes-22.1.8-1.arm/usr/include/c++/v1/__cxx03/__algorithm/uniform_random_bit_generator_adaptor.h
[  480s] -- Installing: /home/abuild/rpmbuild/BUILDROOT/libcxx-runtimes-22.1.8-1.arm/usr/include/c++/v1/__cxx03/__algorithm/unique.h
[  480s] -- Installing: /home/abuild/rpmbuild/BUILDROOT/libcxx-runtimes-22.1.8-1.arm/usr/include/c++/v1/__cxx03/__algorithm/unique_copy.h
[  480s] -- Installing: /home/abuild/rpmbuild/BUILDROOT/libcxx-runtimes-22.1.8-1.arm/usr/include/c++/v1/__cxx03/__algorithm/unwrap_iter.h
[  480s] -- Installing: /home/abuild/rpmbuild/BUILDROOT/libcxx-runtimes-22.1.8-1.arm/usr/include/c++/v1/__cxx03/__algorithm/unwrap_range.h
[  480s] -- Installing: /home/abuild/rpmbuild/BUILDROOT/libcxx-runtimes-22.1.8-1.arm/usr/include/c++/v1/__cxx03/__algorithm/upper_bound.h
[  480s] -- Installing: /home/abuild/rpmbuild/BUILDROOT/libcxx-runtimes-22.1.8-1.arm/usr/include/c++/v1/__cxx03/__assert
[  480s] -- Installing: /home/abuild/rpmbuild/BUILDROOT/libcxx-runtimes-22.1.8-1.arm/usr/include/c++/v1/__cxx03/__atomic/aliases.h
[  480s] -- Installing: /home/abuild/rpmbuild/BUILDROOT/libcxx-runtimes-22.1.8-1.arm/usr/include/c++/v1/__cxx03/__atomic/atomic.h
[  480s] -- Installing: /home/abuild/rpmbuild/BUILDROOT/libcxx-runtimes-22.1.8-1.arm/usr/include/c++/v1/__cxx03/__atomic/atomic_base.h
[  480s] -- Installing: /home/abuild/rpmbuild/BUILDROOT/libcxx-runtimes-22.1.8-1.arm/usr/include/c++/v1/__cxx03/__atomic/atomic_flag.h
[  480s] -- Installing: /home/abuild/rpmbuild/BUILDROOT/libcxx-runtimes-22.1.8-1.arm/usr/include/c++/v1/__cxx03/__atomic/atomic_init.h
[  480s] -- Installing: /home/abuild/rpmbuild/BUILDROOT/libcxx-runtimes-22.1.8-1.arm/usr/include/c++/v1/__cxx03/__atomic/atomic_lock_free.h
[  480s] -- Installing: /home/abuild/rpmbuild/BUILDROOT/libcxx-runtimes-22.1.8-1.arm/usr/include/c++/v1/__cxx03/__atomic/atomic_sync.h
[  480s] -- Installing: /home/abuild/rpmbuild/BUILDROOT/libcxx-runtimes-22.1.8-1.arm/usr/include/c++/v1/__cxx03/__atomic/check_memory_order.h
[  480s] -- Installing: /home/abuild/rpmbuild/BUILDROOT/libcxx-runtimes-22.1.8-1.arm/usr/include/c++/v1/__cxx03/__atomic/contention_t.h
[  480s] -- Installing: /home/abuild/rpmbuild/BUILDROOT/libcxx-runtimes-22.1.8-1.arm/usr/include/c++/v1/__cxx03/__atomic/cxx_atomic_impl.h
[  480s] -- Installing: /home/abuild/rpmbuild/BUILDROOT/libcxx-runtimes-22.1.8-1.arm/usr/include/c++/v1/__cxx03/__atomic/fence.h
[  480s] -- Installing: /home/abuild/rpmbuild/BUILDROOT/libcxx-runtimes-22.1.8-1.arm/usr/include/c++/v1/__cxx03/__atomic/is_always_lock_free.h
[  480s] -- Installing: /home/abuild/rpmbuild/BUILDROOT/libcxx-runtimes-22.1.8-1.arm/usr/include/c++/v1/__cxx03/__atomic/kill_dependency.h
[  480s] -- Installing: /home/abuild/rpmbuild/BUILDROOT/libcxx-runtimes-22.1.8-1.arm/usr/include/c++/v1/__cxx03/__atomic/memory_order.h
[  480s] -- Installing: /home/abuild/rpmbuild/BUILDROOT/libcxx-runtimes-22.1.8-1.arm/usr/include/c++/v1/__cxx03/__atomic/to_gcc_order.h
[  480s] -- Installing: /home/abuild/rpmbuild/BUILDROOT/libcxx-runtimes-22.1.8-1.arm/usr/include/c++/v1/__cxx03/__bit/blsr.h
[  480s] -- Installing: /home/abuild/rpmbuild/BUILDROOT/libcxx-runtimes-22.1.8-1.arm/usr/include/c++/v1/__cxx03/__bit/countl.h
[  480s] -- Installing: /home/abuild/rpmbuild/BUILDROOT/libcxx-runtimes-22.1.8-1.arm/usr/include/c++/v1/__cxx03/__bit/countr.h
[  480s] -- Installing: /home/abuild/rpmbuild/BUILDROOT/libcxx-runtimes-22.1.8-1.arm/usr/include/c++/v1/__cxx03/__bit/invert_if.h
[  480s] -- Installing: /home/abuild/rpmbuild/BUILDROOT/libcxx-runtimes-22.1.8-1.arm/usr/include/c++/v1/__cxx03/__bit/popcount.h
[  480s] -- Installing: /home/abuild/rpmbuild/BUILDROOT/libcxx-runtimes-22.1.8-1.arm/usr/include/c++/v1/__cxx03/__bit/rotate.h
[  480s] -- Installing: /home/abuild/rpmbuild/BUILDROOT/libcxx-runtimes-22.1.8-1.arm/usr/include/c++/v1/__cxx03/__bit_reference
[  480s] -- Installing: /home/abuild/rpmbuild/BUILDROOT/libcxx-runtimes-22.1.8-1.arm/usr/include/c++/v1/__cxx03/__chrono/convert_to_timespec.h
[  480s] -- Installing: /home/abuild/rpmbuild/BUILDROOT/libcxx-runtimes-22.1.8-1.arm/usr/include/c++/v1/__cxx03/__chrono/duration.h
[  480s] -- Installing: /home/abuild/rpmbuild/BUILDROOT/libcxx-runtimes-22.1.8-1.arm/usr/include/c++/v1/__cxx03/__chrono/high_resolution_clock.h
[  480s] -- Installing: /home/abuild/rpmbuild/BUILDROOT/libcxx-runtimes-22.1.8-1.arm/usr/include/c++/v1/__cxx03/__chrono/steady_clock.h
[  480s] -- Installing: /home/abuild/rpmbuild/BUILDROOT/libcxx-runtimes-22.1.8-1.arm/usr/include/c++/v1/__cxx03/__chrono/system_clock.h
[  480s] -- Installing: /home/abuild/rpmbuild/BUILDROOT/libcxx-runtimes-22.1.8-1.arm/usr/include/c++/v1/__cxx03/__chrono/time_point.h
[  480s] -- Installing: /home/abuild/rpmbuild/BUILDROOT/libcxx-runtimes-22.1.8-1.arm/usr/include/c++/v1/__cxx03/__condition_variable/condition_variable.h
[  480s] -- Installing: /home/abuild/rpmbuild/BUILDROOT/libcxx-runtimes-22.1.8-1.arm/usr/include/c++/v1/__cxx03/__config
[  480s] -- Installing: /home/abuild/rpmbuild/BUILDROOT/libcxx-runtimes-22.1.8-1.arm/usr/include/c++/v1/__cxx03/__configuration/abi.h
[  480s] -- Installing: /home/abuild/rpmbuild/BUILDROOT/libcxx-runtimes-22.1.8-1.arm/usr/include/c++/v1/__cxx03/__configuration/availability.h
[  480s] -- Installing: /home/abuild/rpmbuild/BUILDROOT/libcxx-runtimes-22.1.8-1.arm/usr/include/c++/v1/__cxx03/__configuration/compiler.h
[  480s] -- Installing: /home/abuild/rpmbuild/BUILDROOT/libcxx-runtimes-22.1.8-1.arm/usr/include/c++/v1/__cxx03/__configuration/config_site_shim.h
[  480s] -- Installing: /home/abuild/rpmbuild/BUILDROOT/libcxx-runtimes-22.1.8-1.arm/usr/include/c++/v1/__cxx03/__configuration/language.h
[  480s] -- Installing: /home/abuild/rpmbuild/BUILDROOT/libcxx-runtimes-22.1.8-1.arm/usr/include/c++/v1/__cxx03/__configuration/platform.h
[  480s] -- Installing: /home/abuild/rpmbuild/BUILDROOT/libcxx-runtimes-22.1.8-1.arm/usr/include/c++/v1/__cxx03/__debug_utils/randomize_range.h
[  480s] -- Installing: /home/abuild/rpmbuild/BUILDROOT/libcxx-runtimes-22.1.8-1.arm/usr/include/c++/v1/__cxx03/__debug_utils/sanitizers.h
[  480s] -- Installing: /home/abuild/rpmbuild/BUILDROOT/libcxx-runtimes-22.1.8-1.arm/usr/include/c++/v1/__cxx03/__debug_utils/strict_weak_ordering_check.h
[  480s] -- Installing: /home/abuild/rpmbuild/BUILDROOT/libcxx-runtimes-22.1.8-1.arm/usr/include/c++/v1/__cxx03/__exception/exception.h
[  480s] -- Installing: /home/abuild/rpmbuild/BUILDROOT/libcxx-runtimes-22.1.8-1.arm/usr/include/c++/v1/__cxx03/__exception/exception_ptr.h
[  480s] -- Installing: /home/abuild/rpmbuild/BUILDROOT/libcxx-runtimes-22.1.8-1.arm/usr/include/c++/v1/__cxx03/__exception/nested_exception.h
[  480s] -- Installing: /home/abuild/rpmbuild/BUILDROOT/libcxx-runtimes-22.1.8-1.arm/usr/include/c++/v1/__cxx03/__exception/operations.h
[  480s] -- Installing: /home/abuild/rpmbuild/BUILDROOT/libcxx-runtimes-22.1.8-1.arm/usr/include/c++/v1/__cxx03/__exception/terminate.h
[  480s] -- Installing: /home/abuild/rpmbuild/BUILDROOT/libcxx-runtimes-22.1.8-1.arm/usr/include/c++/v1/__cxx03/__functional/binary_function.h
[  480s] -- Installing: /home/abuild/rpmbuild/BUILDROOT/libcxx-runtimes-22.1.8-1.arm/usr/include/c++/v1/__cxx03/__functional/binary_negate.h
[  480s] -- Installing: /home/abuild/rpmbuild/BUILDROOT/libcxx-runtimes-22.1.8-1.arm/usr/include/c++/v1/__cxx03/__functional/bind.h
[  480s] -- Installing: /home/abuild/rpmbuild/BUILDROOT/libcxx-runtimes-22.1.8-1.arm/usr/include/c++/v1/__cxx03/__functional/binder1st.h
[  480s] -- Installing: /home/abuild/rpmbuild/BUILDROOT/libcxx-runtimes-22.1.8-1.arm/usr/include/c++/v1/__cxx03/__functional/binder2nd.h
[  480s] -- Installing: /home/abuild/rpmbuild/BUILDROOT/libcxx-runtimes-22.1.8-1.arm/usr/include/c++/v1/__cxx03/__functional/hash.h
[  480s] -- Installing: /home/abuild/rpmbuild/BUILDROOT/libcxx-runtimes-22.1.8-1.arm/usr/include/c++/v1/__cxx03/__functional/identity.h
[  480s] -- Installing: /home/abuild/rpmbuild/BUILDROOT/libcxx-runtimes-22.1.8-1.arm/usr/include/c++/v1/__cxx03/__functional/mem_fn.h
[  480s] -- Installing: /home/abuild/rpmbuild/BUILDROOT/libcxx-runtimes-22.1.8-1.arm/usr/include/c++/v1/__cxx03/__functional/mem_fun_ref.h
[  480s] -- Installing: /home/abuild/rpmbuild/BUILDROOT/libcxx-runtimes-22.1.8-1.arm/usr/include/c++/v1/__cxx03/__functional/operations.h
[  480s] -- Installing: /home/abuild/rpmbuild/BUILDROOT/libcxx-runtimes-22.1.8-1.arm/usr/include/c++/v1/__cxx03/__functional/pointer_to_binary_function.h
[  480s] -- Installing: /home/abuild/rpmbuild/BUILDROOT/libcxx-runtimes-22.1.8-1.arm/usr/include/c++/v1/__cxx03/__functional/pointer_to_unary_function.h
[  480s] -- Installing: /home/abuild/rpmbuild/BUILDROOT/libcxx-runtimes-22.1.8-1.arm/usr/include/c++/v1/__cxx03/__functional/reference_wrapper.h
[  480s] -- Installing: /home/abuild/rpmbuild/BUILDROOT/libcxx-runtimes-22.1.8-1.arm/usr/include/c++/v1/__cxx03/__functional/unary_function.h
[  480s] -- Installing: /home/abuild/rpmbuild/BUILDROOT/libcxx-runtimes-22.1.8-1.arm/usr/include/c++/v1/__cxx03/__functional/unary_negate.h
[  480s] -- Installing: /home/abuild/rpmbuild/BUILDROOT/libcxx-runtimes-22.1.8-1.arm/usr/include/c++/v1/__cxx03/__functional/weak_result_type.h
[  480s] -- Installing: /home/abuild/rpmbuild/BUILDROOT/libcxx-runtimes-22.1.8-1.arm/usr/include/c++/v1/__cxx03/__fwd/array.h
[  480s] -- Installing: /home/abuild/rpmbuild/BUILDROOT/libcxx-runtimes-22.1.8-1.arm/usr/include/c++/v1/__cxx03/__fwd/bit_reference.h
[  480s] -- Installing: /home/abuild/rpmbuild/BUILDROOT/libcxx-runtimes-22.1.8-1.arm/usr/include/c++/v1/__cxx03/__fwd/complex.h
[  480s] -- Installing: /home/abuild/rpmbuild/BUILDROOT/libcxx-runtimes-22.1.8-1.arm/usr/include/c++/v1/__cxx03/__fwd/deque.h
[  480s] -- Installing: /home/abuild/rpmbuild/BUILDROOT/libcxx-runtimes-22.1.8-1.arm/usr/include/c++/v1/__cxx03/__fwd/fstream.h
[  480s] -- Installing: /home/abuild/rpmbuild/BUILDROOT/libcxx-runtimes-22.1.8-1.arm/usr/include/c++/v1/__cxx03/__fwd/functional.h
[  480s] -- Installing: /home/abuild/rpmbuild/BUILDROOT/libcxx-runtimes-22.1.8-1.arm/usr/include/c++/v1/__cxx03/__fwd/ios.h
[  480s] -- Installing: /home/abuild/rpmbuild/BUILDROOT/libcxx-runtimes-22.1.8-1.arm/usr/include/c++/v1/__cxx03/__fwd/istream.h
[  480s] -- Installing: /home/abuild/rpmbuild/BUILDROOT/libcxx-runtimes-22.1.8-1.arm/usr/include/c++/v1/__cxx03/__fwd/memory.h
[  480s] -- Installing: /home/abuild/rpmbuild/BUILDROOT/libcxx-runtimes-22.1.8-1.arm/usr/include/c++/v1/__cxx03/__fwd/ostream.h
[  480s] -- Installing: /home/abuild/rpmbuild/BUILDROOT/libcxx-runtimes-22.1.8-1.arm/usr/include/c++/v1/__cxx03/__fwd/pair.h
[  480s] -- Installing: /home/abuild/rpmbuild/BUILDROOT/libcxx-runtimes-22.1.8-1.arm/usr/include/c++/v1/__cxx03/__fwd/queue.h
[  480s] -- Installing: /home/abuild/rpmbuild/BUILDROOT/libcxx-runtimes-22.1.8-1.arm/usr/include/c++/v1/__cxx03/__fwd/sstream.h
[  480s] -- Installing: /home/abuild/rpmbuild/BUILDROOT/libcxx-runtimes-22.1.8-1.arm/usr/include/c++/v1/__cxx03/__fwd/stack.h
[  480s] -- Installing: /home/abuild/rpmbuild/BUILDROOT/libcxx-runtimes-22.1.8-1.arm/usr/include/c++/v1/__cxx03/__fwd/streambuf.h
[  480s] -- Installing: /home/abuild/rpmbuild/BUILDROOT/libcxx-runtimes-22.1.8-1.arm/usr/include/c++/v1/__cxx03/__fwd/string.h
[  480s] -- Installing: /home/abuild/rpmbuild/BUILDROOT/libcxx-runtimes-22.1.8-1.arm/usr/include/c++/v1/__cxx03/__fwd/string_view.h
[  480s] -- Installing: /home/abuild/rpmbuild/BUILDROOT/libcxx-runtimes-22.1.8-1.arm/usr/include/c++/v1/__cxx03/__fwd/tuple.h
[  480s] -- Installing: /home/abuild/rpmbuild/BUILDROOT/libcxx-runtimes-22.1.8-1.arm/usr/include/c++/v1/__cxx03/__fwd/vector.h
[  480s] -- Installing: /home/abuild/rpmbuild/BUILDROOT/libcxx-runtimes-22.1.8-1.arm/usr/include/c++/v1/__cxx03/__hash_table
[  480s] -- Installing: /home/abuild/rpmbuild/BUILDROOT/libcxx-runtimes-22.1.8-1.arm/usr/include/c++/v1/__cxx03/__ios/fpos.h
[  480s] -- Installing: /home/abuild/rpmbuild/BUILDROOT/libcxx-runtimes-22.1.8-1.arm/usr/include/c++/v1/__cxx03/__iterator/access.h
[  480s] -- Installing: /home/abuild/rpmbuild/BUILDROOT/libcxx-runtimes-22.1.8-1.arm/usr/include/c++/v1/__cxx03/__iterator/advance.h
[  480s] -- Installing: /home/abuild/rpmbuild/BUILDROOT/libcxx-runtimes-22.1.8-1.arm/usr/include/c++/v1/__cxx03/__iterator/aliasing_iterator.h
[  480s] -- Installing: /home/abuild/rpmbuild/BUILDROOT/libcxx-runtimes-22.1.8-1.arm/usr/include/c++/v1/__cxx03/__iterator/back_insert_iterator.h
[  480s] -- Installing: /home/abuild/rpmbuild/BUILDROOT/libcxx-runtimes-22.1.8-1.arm/usr/include/c++/v1/__cxx03/__iterator/bounded_iter.h
[  480s] -- Installing: /home/abuild/rpmbuild/BUILDROOT/libcxx-runtimes-22.1.8-1.arm/usr/include/c++/v1/__cxx03/__iterator/distance.h
[  480s] -- Installing: /home/abuild/rpmbuild/BUILDROOT/libcxx-runtimes-22.1.8-1.arm/usr/include/c++/v1/__cxx03/__iterator/erase_if_container.h
[  480s] -- Installing: /home/abuild/rpmbuild/BUILDROOT/libcxx-runtimes-22.1.8-1.arm/usr/include/c++/v1/__cxx03/__iterator/front_insert_iterator.h
[  480s] -- Installing: /home/abuild/rpmbuild/BUILDROOT/libcxx-runtimes-22.1.8-1.arm/usr/include/c++/v1/__cxx03/__iterator/insert_iterator.h
[  480s] -- Installing: /home/abuild/rpmbuild/BUILDROOT/libcxx-runtimes-22.1.8-1.arm/usr/include/c++/v1/__cxx03/__iterator/istream_iterator.h
[  480s] -- Installing: /home/abuild/rpmbuild/BUILDROOT/libcxx-runtimes-22.1.8-1.arm/usr/include/c++/v1/__cxx03/__iterator/istreambuf_iterator.h
[  480s] -- Installing: /home/abuild/rpmbuild/BUILDROOT/libcxx-runtimes-22.1.8-1.arm/usr/include/c++/v1/__cxx03/__iterator/iterator.h
[  480s] -- Installing: /home/abuild/rpmbuild/BUILDROOT/libcxx-runtimes-22.1.8-1.arm/usr/include/c++/v1/__cxx03/__iterator/iterator_traits.h
[  480s] -- Installing: /home/abuild/rpmbuild/BUILDROOT/libcxx-runtimes-22.1.8-1.arm/usr/include/c++/v1/__cxx03/__iterator/move_iterator.h
[  480s] -- Installing: /home/abuild/rpmbuild/BUILDROOT/libcxx-runtimes-22.1.8-1.arm/usr/include/c++/v1/__cxx03/__iterator/next.h
[  480s] -- Installing: /home/abuild/rpmbuild/BUILDROOT/libcxx-runtimes-22.1.8-1.arm/usr/include/c++/v1/__cxx03/__iterator/ostream_iterator.h
[  480s] -- Installing: /home/abuild/rpmbuild/BUILDROOT/libcxx-runtimes-22.1.8-1.arm/usr/include/c++/v1/__cxx03/__iterator/ostreambuf_iterator.h
[  480s] -- Installing: /home/abuild/rpmbuild/BUILDROOT/libcxx-runtimes-22.1.8-1.arm/usr/include/c++/v1/__cxx03/__iterator/prev.h
[  480s] -- Installing: /home/abuild/rpmbuild/BUILDROOT/libcxx-runtimes-22.1.8-1.arm/usr/include/c++/v1/__cxx03/__iterator/reverse_iterator.h
[  480s] -- Installing: /home/abuild/rpmbuild/BUILDROOT/libcxx-runtimes-22.1.8-1.arm/usr/include/c++/v1/__cxx03/__iterator/segmented_iterator.h
[  480s] -- Installing: /home/abuild/rpmbuild/BUILDROOT/libcxx-runtimes-22.1.8-1.arm/usr/include/c++/v1/__cxx03/__iterator/wrap_iter.h
[  480s] -- Installing: /home/abuild/rpmbuild/BUILDROOT/libcxx-runtimes-22.1.8-1.arm/usr/include/c++/v1/__cxx03/__locale
[  480s] -- Installing: /home/abuild/rpmbuild/BUILDROOT/libcxx-runtimes-22.1.8-1.arm/usr/include/c++/v1/__cxx03/__locale_dir/locale_base_api.h
[  480s] -- Installing: /home/abuild/rpmbuild/BUILDROOT/libcxx-runtimes-22.1.8-1.arm/usr/include/c++/v1/__cxx03/__locale_dir/locale_base_api/android.h
[  480s] -- Installing: /home/abuild/rpmbuild/BUILDROOT/libcxx-runtimes-22.1.8-1.arm/usr/include/c++/v1/__cxx03/__locale_dir/locale_base_api/bsd_locale_defaults.h
[  480s] -- Installing: /home/abuild/rpmbuild/BUILDROOT/libcxx-runtimes-22.1.8-1.arm/usr/include/c++/v1/__cxx03/__locale_dir/locale_base_api/bsd_locale_fallbacks.h
[  480s] -- Installing: /home/abuild/rpmbuild/BUILDROOT/libcxx-runtimes-22.1.8-1.arm/usr/include/c++/v1/__cxx03/__locale_dir/locale_base_api/fuchsia.h
[  480s] -- Installing: /home/abuild/rpmbuild/BUILDROOT/libcxx-runtimes-22.1.8-1.arm/usr/include/c++/v1/__cxx03/__locale_dir/locale_base_api/ibm.h
[  480s] -- Installing: /home/abuild/rpmbuild/BUILDROOT/libcxx-runtimes-22.1.8-1.arm/usr/include/c++/v1/__cxx03/__locale_dir/locale_base_api/locale_guard.h
[  480s] -- Installing: /home/abuild/rpmbuild/BUILDROOT/libcxx-runtimes-22.1.8-1.arm/usr/include/c++/v1/__cxx03/__locale_dir/locale_base_api/musl.h
[  480s] -- Installing: /home/abuild/rpmbuild/BUILDROOT/libcxx-runtimes-22.1.8-1.arm/usr/include/c++/v1/__cxx03/__locale_dir/locale_base_api/newlib.h
[  480s] -- Installing: /home/abuild/rpmbuild/BUILDROOT/libcxx-runtimes-22.1.8-1.arm/usr/include/c++/v1/__cxx03/__locale_dir/locale_base_api/openbsd.h
[  480s] -- Installing: /home/abuild/rpmbuild/BUILDROOT/libcxx-runtimes-22.1.8-1.arm/usr/include/c++/v1/__cxx03/__locale_dir/locale_base_api/win32.h
[  480s] -- Installing: /home/abuild/rpmbuild/BUILDROOT/libcxx-runtimes-22.1.8-1.arm/usr/include/c++/v1/__cxx03/__math/abs.h
[  480s] -- Installing: /home/abuild/rpmbuild/BUILDROOT/libcxx-runtimes-22.1.8-1.arm/usr/include/c++/v1/__cxx03/__math/copysign.h
[  480s] -- Installing: /home/abuild/rpmbuild/BUILDROOT/libcxx-runtimes-22.1.8-1.arm/usr/include/c++/v1/__cxx03/__math/error_functions.h
[  480s] -- Installing: /home/abuild/rpmbuild/BUILDROOT/libcxx-runtimes-22.1.8-1.arm/usr/include/c++/v1/__cxx03/__math/exponential_functions.h
[  480s] -- Installing: /home/abuild/rpmbuild/BUILDROOT/libcxx-runtimes-22.1.8-1.arm/usr/include/c++/v1/__cxx03/__math/fdim.h
[  480s] -- Installing: /home/abuild/rpmbuild/BUILDROOT/libcxx-runtimes-22.1.8-1.arm/usr/include/c++/v1/__cxx03/__math/fma.h
[  480s] -- Installing: /home/abuild/rpmbuild/BUILDROOT/libcxx-runtimes-22.1.8-1.arm/usr/include/c++/v1/__cxx03/__math/gamma.h
[  480s] -- Installing: /home/abuild/rpmbuild/BUILDROOT/libcxx-runtimes-22.1.8-1.arm/usr/include/c++/v1/__cxx03/__math/hyperbolic_functions.h
[  480s] -- Installing: /home/abuild/rpmbuild/BUILDROOT/libcxx-runtimes-22.1.8-1.arm/usr/include/c++/v1/__cxx03/__math/hypot.h
[  480s] -- Installing: /home/abuild/rpmbuild/BUILDROOT/libcxx-runtimes-22.1.8-1.arm/usr/include/c++/v1/__cxx03/__math/inverse_hyperbolic_functions.h
[  480s] -- Installing: /home/abuild/rpmbuild/BUILDROOT/libcxx-runtimes-22.1.8-1.arm/usr/include/c++/v1/__cxx03/__math/inverse_trigonometric_functions.h
[  480s] -- Installing: /home/abuild/rpmbuild/BUILDROOT/libcxx-runtimes-22.1.8-1.arm/usr/include/c++/v1/__cxx03/__math/logarithms.h
[  480s] -- Installing: /home/abuild/rpmbuild/BUILDROOT/libcxx-runtimes-22.1.8-1.arm/usr/include/c++/v1/__cxx03/__math/min_max.h
[  480s] -- Installing: /home/abuild/rpmbuild/BUILDROOT/libcxx-runtimes-22.1.8-1.arm/usr/include/c++/v1/__cxx03/__math/modulo.h
[  480s] -- Installing: /home/abuild/rpmbuild/BUILDROOT/libcxx-runtimes-22.1.8-1.arm/usr/include/c++/v1/__cxx03/__math/remainder.h
[  480s] -- Installing: /home/abuild/rpmbuild/BUILDROOT/libcxx-runtimes-22.1.8-1.arm/usr/include/c++/v1/__cxx03/__math/roots.h
[  480s] -- Installing: /home/abuild/rpmbuild/BUILDROOT/libcxx-runtimes-22.1.8-1.arm/usr/include/c++/v1/__cxx03/__math/rounding_functions.h
[  480s] -- Installing: /home/abuild/rpmbuild/BUILDROOT/libcxx-runtimes-22.1.8-1.arm/usr/include/c++/v1/__cxx03/__math/traits.h
[  480s] -- Installing: /home/abuild/rpmbuild/BUILDROOT/libcxx-runtimes-22.1.8-1.arm/usr/include/c++/v1/__cxx03/__math/trigonometric_functions.h
[  480s] -- Installing: /home/abuild/rpmbuild/BUILDROOT/libcxx-runtimes-22.1.8-1.arm/usr/include/c++/v1/__cxx03/__mbstate_t.h
[  480s] -- Installing: /home/abuild/rpmbuild/BUILDROOT/libcxx-runtimes-22.1.8-1.arm/usr/include/c++/v1/__cxx03/__memory/addressof.h
[  480s] -- Installing: /home/abuild/rpmbuild/BUILDROOT/libcxx-runtimes-22.1.8-1.arm/usr/include/c++/v1/__cxx03/__memory/align.h
[  480s] -- Installing: /home/abuild/rpmbuild/BUILDROOT/libcxx-runtimes-22.1.8-1.arm/usr/include/c++/v1/__cxx03/__memory/aligned_alloc.h
[  480s] -- Installing: /home/abuild/rpmbuild/BUILDROOT/libcxx-runtimes-22.1.8-1.arm/usr/include/c++/v1/__cxx03/__memory/allocate_at_least.h
[  480s] -- Installing: /home/abuild/rpmbuild/BUILDROOT/libcxx-runtimes-22.1.8-1.arm/usr/include/c++/v1/__cxx03/__memory/allocation_guard.h
[  480s] -- Installing: /home/abuild/rpmbuild/BUILDROOT/libcxx-runtimes-22.1.8-1.arm/usr/include/c++/v1/__cxx03/__memory/allocator.h
[  480s] -- Installing: /home/abuild/rpmbuild/BUILDROOT/libcxx-runtimes-22.1.8-1.arm/usr/include/c++/v1/__cxx03/__memory/allocator_arg_t.h
[  480s] -- Installing: /home/abuild/rpmbuild/BUILDROOT/libcxx-runtimes-22.1.8-1.arm/usr/include/c++/v1/__cxx03/__memory/allocator_destructor.h
[  480s] -- Installing: /home/abuild/rpmbuild/BUILDROOT/libcxx-runtimes-22.1.8-1.arm/usr/include/c++/v1/__cxx03/__memory/allocator_traits.h
[  480s] -- Installing: /home/abuild/rpmbuild/BUILDROOT/libcxx-runtimes-22.1.8-1.arm/usr/include/c++/v1/__cxx03/__memory/assume_aligned.h
[  480s] -- Installing: /home/abuild/rpmbuild/BUILDROOT/libcxx-runtimes-22.1.8-1.arm/usr/include/c++/v1/__cxx03/__memory/auto_ptr.h
[  480s] -- Installing: /home/abuild/rpmbuild/BUILDROOT/libcxx-runtimes-22.1.8-1.arm/usr/include/c++/v1/__cxx03/__memory/builtin_new_allocator.h
[  480s] -- Installing: /home/abuild/rpmbuild/BUILDROOT/libcxx-runtimes-22.1.8-1.arm/usr/include/c++/v1/__cxx03/__memory/compressed_pair.h
[  480s] -- Installing: /home/abuild/rpmbuild/BUILDROOT/libcxx-runtimes-22.1.8-1.arm/usr/include/c++/v1/__cxx03/__memory/construct_at.h
[  480s] -- Installing: /home/abuild/rpmbuild/BUILDROOT/libcxx-runtimes-22.1.8-1.arm/usr/include/c++/v1/__cxx03/__memory/destruct_n.h
[  480s] -- Installing: /home/abuild/rpmbuild/BUILDROOT/libcxx-runtimes-22.1.8-1.arm/usr/include/c++/v1/__cxx03/__memory/pointer_traits.h
[  480s] -- Installing: /home/abuild/rpmbuild/BUILDROOT/libcxx-runtimes-22.1.8-1.arm/usr/include/c++/v1/__cxx03/__memory/raw_storage_iterator.h
[  480s] -- Installing: /home/abuild/rpmbuild/BUILDROOT/libcxx-runtimes-22.1.8-1.arm/usr/include/c++/v1/__cxx03/__memory/shared_ptr.h
[  480s] -- Installing: /home/abuild/rpmbuild/BUILDROOT/libcxx-runtimes-22.1.8-1.arm/usr/include/c++/v1/__cxx03/__memory/swap_allocator.h
[  480s] -- Installing: /home/abuild/rpmbuild/BUILDROOT/libcxx-runtimes-22.1.8-1.arm/usr/include/c++/v1/__cxx03/__memory/temp_value.h
[  480s] -- Installing: /home/abuild/rpmbuild/BUILDROOT/libcxx-runtimes-22.1.8-1.arm/usr/include/c++/v1/__cxx03/__memory/temporary_buffer.h
[  480s] -- Installing: /home/abuild/rpmbuild/BUILDROOT/libcxx-runtimes-22.1.8-1.arm/usr/include/c++/v1/__cxx03/__memory/uninitialized_algorithms.h
[  480s] -- Installing: /home/abuild/rpmbuild/BUILDROOT/libcxx-runtimes-22.1.8-1.arm/usr/include/c++/v1/__cxx03/__memory/unique_ptr.h
[  480s] -- Installing: /home/abuild/rpmbuild/BUILDROOT/libcxx-runtimes-22.1.8-1.arm/usr/include/c++/v1/__cxx03/__memory/uses_allocator.h
[  480s] -- Installing: /home/abuild/rpmbuild/BUILDROOT/libcxx-runtimes-22.1.8-1.arm/usr/include/c++/v1/__cxx03/__memory/voidify.h
[  480s] -- Installing: /home/abuild/rpmbuild/BUILDROOT/libcxx-runtimes-22.1.8-1.arm/usr/include/c++/v1/__cxx03/__mutex/lock_guard.h
[  480s] -- Installing: /home/abuild/rpmbuild/BUILDROOT/libcxx-runtimes-22.1.8-1.arm/usr/include/c++/v1/__cxx03/__mutex/mutex.h
[  480s] -- Installing: /home/abuild/rpmbuild/BUILDROOT/libcxx-runtimes-22.1.8-1.arm/usr/include/c++/v1/__cxx03/__mutex/once_flag.h
[  480s] -- Installing: /home/abuild/rpmbuild/BUILDROOT/libcxx-runtimes-22.1.8-1.arm/usr/include/c++/v1/__cxx03/__mutex/tag_types.h
[  480s] -- Installing: /home/abuild/rpmbuild/BUILDROOT/libcxx-runtimes-22.1.8-1.arm/usr/include/c++/v1/__cxx03/__mutex/unique_lock.h
[  480s] -- Installing: /home/abuild/rpmbuild/BUILDROOT/libcxx-runtimes-22.1.8-1.arm/usr/include/c++/v1/__cxx03/__numeric/accumulate.h
[  480s] -- Installing: /home/abuild/rpmbuild/BUILDROOT/libcxx-runtimes-22.1.8-1.arm/usr/include/c++/v1/__cxx03/__numeric/adjacent_difference.h
[  480s] -- Installing: /home/abuild/rpmbuild/BUILDROOT/libcxx-runtimes-22.1.8-1.arm/usr/include/c++/v1/__cxx03/__numeric/inner_product.h
[  480s] -- Installing: /home/abuild/rpmbuild/BUILDROOT/libcxx-runtimes-22.1.8-1.arm/usr/include/c++/v1/__cxx03/__numeric/iota.h
[  480s] -- Installing: /home/abuild/rpmbuild/BUILDROOT/libcxx-runtimes-22.1.8-1.arm/usr/include/c++/v1/__cxx03/__numeric/partial_sum.h
[  480s] -- Installing: /home/abuild/rpmbuild/BUILDROOT/libcxx-runtimes-22.1.8-1.arm/usr/include/c++/v1/__cxx03/__ostream/basic_ostream.h
[  480s] -- Installing: /home/abuild/rpmbuild/BUILDROOT/libcxx-runtimes-22.1.8-1.arm/usr/include/c++/v1/__cxx03/__random/bernoulli_distribution.h
[  480s] -- Installing: /home/abuild/rpmbuild/BUILDROOT/libcxx-runtimes-22.1.8-1.arm/usr/include/c++/v1/__cxx03/__random/binomial_distribution.h
[  480s] -- Installing: /home/abuild/rpmbuild/BUILDROOT/libcxx-runtimes-22.1.8-1.arm/usr/include/c++/v1/__cxx03/__random/cauchy_distribution.h
[  480s] -- Installing: /home/abuild/rpmbuild/BUILDROOT/libcxx-runtimes-22.1.8-1.arm/usr/include/c++/v1/__cxx03/__random/chi_squared_distribution.h
[  480s] -- Installing: /home/abuild/rpmbuild/BUILDROOT/libcxx-runtimes-22.1.8-1.arm/usr/include/c++/v1/__cxx03/__random/clamp_to_integral.h
[  480s] -- Installing: /home/abuild/rpmbuild/BUILDROOT/libcxx-runtimes-22.1.8-1.arm/usr/include/c++/v1/__cxx03/__random/default_random_engine.h
[  480s] -- Installing: /home/abuild/rpmbuild/BUILDROOT/libcxx-runtimes-22.1.8-1.arm/usr/include/c++/v1/__cxx03/__random/discard_block_engine.h
[  480s] -- Installing: /home/abuild/rpmbuild/BUILDROOT/libcxx-runtimes-22.1.8-1.arm/usr/include/c++/v1/__cxx03/__random/discrete_distribution.h
[  480s] -- Installing: /home/abuild/rpmbuild/BUILDROOT/libcxx-runtimes-22.1.8-1.arm/usr/include/c++/v1/__cxx03/__random/exponential_distribution.h
[  480s] -- Installing: /home/abuild/rpmbuild/BUILDROOT/libcxx-runtimes-22.1.8-1.arm/usr/include/c++/v1/__cxx03/__random/extreme_value_distribution.h
[  480s] -- Installing: /home/abuild/rpmbuild/BUILDROOT/libcxx-runtimes-22.1.8-1.arm/usr/include/c++/v1/__cxx03/__random/fisher_f_distribution.h
[  480s] -- Installing: /home/abuild/rpmbuild/BUILDROOT/libcxx-runtimes-22.1.8-1.arm/usr/include/c++/v1/__cxx03/__random/gamma_distribution.h
[  480s] -- Installing: /home/abuild/rpmbuild/BUILDROOT/libcxx-runtimes-22.1.8-1.arm/usr/include/c++/v1/__cxx03/__random/generate_canonical.h
[  480s] -- Installing: /home/abuild/rpmbuild/BUILDROOT/libcxx-runtimes-22.1.8-1.arm/usr/include/c++/v1/__cxx03/__random/geometric_distribution.h
[  480s] -- Installing: /home/abuild/rpmbuild/BUILDROOT/libcxx-runtimes-22.1.8-1.arm/usr/include/c++/v1/__cxx03/__random/independent_bits_engine.h
[  480s] -- Installing: /home/abuild/rpmbuild/BUILDROOT/libcxx-runtimes-22.1.8-1.arm/usr/include/c++/v1/__cxx03/__random/is_seed_sequence.h
[  480s] -- Installing: /home/abuild/rpmbuild/BUILDROOT/libcxx-runtimes-22.1.8-1.arm/usr/include/c++/v1/__cxx03/__random/is_valid.h
[  480s] -- Installing: /home/abuild/rpmbuild/BUILDROOT/libcxx-runtimes-22.1.8-1.arm/usr/include/c++/v1/__cxx03/__random/knuth_b.h
[  480s] -- Installing: /home/abuild/rpmbuild/BUILDROOT/libcxx-runtimes-22.1.8-1.arm/usr/include/c++/v1/__cxx03/__random/linear_congruential_engine.h
[  480s] -- Installing: /home/abuild/rpmbuild/BUILDROOT/libcxx-runtimes-22.1.8-1.arm/usr/include/c++/v1/__cxx03/__random/log2.h
[  480s] -- Installing: /home/abuild/rpmbuild/BUILDROOT/libcxx-runtimes-22.1.8-1.arm/usr/include/c++/v1/__cxx03/__random/lognormal_distribution.h
[  480s] -- Installing: /home/abuild/rpmbuild/BUILDROOT/libcxx-runtimes-22.1.8-1.arm/usr/include/c++/v1/__cxx03/__random/mersenne_twister_engine.h
[  480s] -- Installing: /home/abuild/rpmbuild/BUILDROOT/libcxx-runtimes-22.1.8-1.arm/usr/include/c++/v1/__cxx03/__random/negative_binomial_distribution.h
[  480s] -- Installing: /home/abuild/rpmbuild/BUILDROOT/libcxx-runtimes-22.1.8-1.arm/usr/include/c++/v1/__cxx03/__random/normal_distribution.h
[  480s] -- Installing: /home/abuild/rpmbuild/BUILDROOT/libcxx-runtimes-22.1.8-1.arm/usr/include/c++/v1/__cxx03/__random/piecewise_constant_distribution.h
[  480s] -- Installing: /home/abuild/rpmbuild/BUILDROOT/libcxx-runtimes-22.1.8-1.arm/usr/include/c++/v1/__cxx03/__random/piecewise_linear_distribution.h
[  480s] -- Installing: /home/abuild/rpmbuild/BUILDROOT/libcxx-runtimes-22.1.8-1.arm/usr/include/c++/v1/__cxx03/__random/poisson_distribution.h
[  480s] -- Installing: /home/abuild/rpmbuild/BUILDROOT/libcxx-runtimes-22.1.8-1.arm/usr/include/c++/v1/__cxx03/__random/random_device.h
[  480s] -- Installing: /home/abuild/rpmbuild/BUILDROOT/libcxx-runtimes-22.1.8-1.arm/usr/include/c++/v1/__cxx03/__random/ranlux.h
[  480s] -- Installing: /home/abuild/rpmbuild/BUILDROOT/libcxx-runtimes-22.1.8-1.arm/usr/include/c++/v1/__cxx03/__random/seed_seq.h
[  480s] -- Installing: /home/abuild/rpmbuild/BUILDROOT/libcxx-runtimes-22.1.8-1.arm/usr/include/c++/v1/__cxx03/__random/shuffle_order_engine.h
[  480s] -- Installing: /home/abuild/rpmbuild/BUILDROOT/libcxx-runtimes-22.1.8-1.arm/usr/include/c++/v1/__cxx03/__random/student_t_distribution.h
[  480s] -- Installing: /home/abuild/rpmbuild/BUILDROOT/libcxx-runtimes-22.1.8-1.arm/usr/include/c++/v1/__cxx03/__random/subtract_with_carry_engine.h
[  480s] -- Installing: /home/abuild/rpmbuild/BUILDROOT/libcxx-runtimes-22.1.8-1.arm/usr/include/c++/v1/__cxx03/__random/uniform_int_distribution.h
[  480s] -- Installing: /home/abuild/rpmbuild/BUILDROOT/libcxx-runtimes-22.1.8-1.arm/usr/include/c++/v1/__cxx03/__random/uniform_real_distribution.h
[  480s] -- Installing: /home/abuild/rpmbuild/BUILDROOT/libcxx-runtimes-22.1.8-1.arm/usr/include/c++/v1/__cxx03/__random/weibull_distribution.h
[  480s] -- Installing: /home/abuild/rpmbuild/BUILDROOT/libcxx-runtimes-22.1.8-1.arm/usr/include/c++/v1/__cxx03/__split_buffer
[  480s] -- Installing: /home/abuild/rpmbuild/BUILDROOT/libcxx-runtimes-22.1.8-1.arm/usr/include/c++/v1/__cxx03/__std_clang_module
[  480s] -- Installing: /home/abuild/rpmbuild/BUILDROOT/libcxx-runtimes-22.1.8-1.arm/usr/include/c++/v1/__cxx03/__std_mbstate_t.h
[  480s] -- Installing: /home/abuild/rpmbuild/BUILDROOT/libcxx-runtimes-22.1.8-1.arm/usr/include/c++/v1/__cxx03/__string/char_traits.h
[  480s] -- Installing: /home/abuild/rpmbuild/BUILDROOT/libcxx-runtimes-22.1.8-1.arm/usr/include/c++/v1/__cxx03/__string/constexpr_c_functions.h
[  480s] -- Installing: /home/abuild/rpmbuild/BUILDROOT/libcxx-runtimes-22.1.8-1.arm/usr/include/c++/v1/__cxx03/__string/extern_template_lists.h
[  480s] -- Installing: /home/abuild/rpmbuild/BUILDROOT/libcxx-runtimes-22.1.8-1.arm/usr/include/c++/v1/__cxx03/__support/ibm/gettod_zos.h
[  480s] -- Installing: /home/abuild/rpmbuild/BUILDROOT/libcxx-runtimes-22.1.8-1.arm/usr/include/c++/v1/__cxx03/__support/ibm/locale_mgmt_zos.h
[  480s] -- Installing: /home/abuild/rpmbuild/BUILDROOT/libcxx-runtimes-22.1.8-1.arm/usr/include/c++/v1/__cxx03/__support/ibm/nanosleep.h
[  480s] -- Installing: /home/abuild/rpmbuild/BUILDROOT/libcxx-runtimes-22.1.8-1.arm/usr/include/c++/v1/__cxx03/__support/xlocale/__nop_locale_mgmt.h
[  480s] -- Installing: /home/abuild/rpmbuild/BUILDROOT/libcxx-runtimes-22.1.8-1.arm/usr/include/c++/v1/__cxx03/__support/xlocale/__posix_l_fallback.h
[  480s] -- Installing: /home/abuild/rpmbuild/BUILDROOT/libcxx-runtimes-22.1.8-1.arm/usr/include/c++/v1/__cxx03/__support/xlocale/__strtonum_fallback.h
[  480s] -- Installing: /home/abuild/rpmbuild/BUILDROOT/libcxx-runtimes-22.1.8-1.arm/usr/include/c++/v1/__cxx03/__system_error/errc.h
[  480s] -- Installing: /home/abuild/rpmbuild/BUILDROOT/libcxx-runtimes-22.1.8-1.arm/usr/include/c++/v1/__cxx03/__system_error/error_category.h
[  480s] -- Installing: /home/abuild/rpmbuild/BUILDROOT/libcxx-runtimes-22.1.8-1.arm/usr/include/c++/v1/__cxx03/__system_error/error_code.h
[  480s] -- Installing: /home/abuild/rpmbuild/BUILDROOT/libcxx-runtimes-22.1.8-1.arm/usr/include/c++/v1/__cxx03/__system_error/error_condition.h
[  480s] -- Installing: /home/abuild/rpmbuild/BUILDROOT/libcxx-runtimes-22.1.8-1.arm/usr/include/c++/v1/__cxx03/__system_error/system_error.h
[  480s] -- Installing: /home/abuild/rpmbuild/BUILDROOT/libcxx-runtimes-22.1.8-1.arm/usr/include/c++/v1/__cxx03/__thread/id.h
[  480s] -- Installing: /home/abuild/rpmbuild/BUILDROOT/libcxx-runtimes-22.1.8-1.arm/usr/include/c++/v1/__cxx03/__thread/poll_with_backoff.h
[  480s] -- Installing: /home/abuild/rpmbuild/BUILDROOT/libcxx-runtimes-22.1.8-1.arm/usr/include/c++/v1/__cxx03/__thread/support.h
[  480s] -- Installing: /home/abuild/rpmbuild/BUILDROOT/libcxx-runtimes-22.1.8-1.arm/usr/include/c++/v1/__cxx03/__thread/support/c11.h
[  480s] -- Installing: /home/abuild/rpmbuild/BUILDROOT/libcxx-runtimes-22.1.8-1.arm/usr/include/c++/v1/__cxx03/__thread/support/external.h
[  480s] -- Installing: /home/abuild/rpmbuild/BUILDROOT/libcxx-runtimes-22.1.8-1.arm/usr/include/c++/v1/__cxx03/__thread/support/pthread.h
[  480s] -- Installing: /home/abuild/rpmbuild/BUILDROOT/libcxx-runtimes-22.1.8-1.arm/usr/include/c++/v1/__cxx03/__thread/support/windows.h
[  480s] -- Installing: /home/abuild/rpmbuild/BUILDROOT/libcxx-runtimes-22.1.8-1.arm/usr/include/c++/v1/__cxx03/__thread/this_thread.h
[  480s] -- Installing: /home/abuild/rpmbuild/BUILDROOT/libcxx-runtimes-22.1.8-1.arm/usr/include/c++/v1/__cxx03/__thread/thread.h
[  480s] -- Installing: /home/abuild/rpmbuild/BUILDROOT/libcxx-runtimes-22.1.8-1.arm/usr/include/c++/v1/__cxx03/__thread/timed_backoff_policy.h
[  480s] -- Installing: /home/abuild/rpmbuild/BUILDROOT/libcxx-runtimes-22.1.8-1.arm/usr/include/c++/v1/__cxx03/__tree
[  480s] -- Installing: /home/abuild/rpmbuild/BUILDROOT/libcxx-runtimes-22.1.8-1.arm/usr/include/c++/v1/__cxx03/__tuple/find_index.h
[  480s] -- Installing: /home/abuild/rpmbuild/BUILDROOT/libcxx-runtimes-22.1.8-1.arm/usr/include/c++/v1/__cxx03/__tuple/make_tuple_types.h
[  480s] -- Installing: /home/abuild/rpmbuild/BUILDROOT/libcxx-runtimes-22.1.8-1.arm/usr/include/c++/v1/__cxx03/__tuple/sfinae_helpers.h
[  480s] -- Installing: /home/abuild/rpmbuild/BUILDROOT/libcxx-runtimes-22.1.8-1.arm/usr/include/c++/v1/__cxx03/__tuple/tuple_element.h
[  480s] -- Installing: /home/abuild/rpmbuild/BUILDROOT/libcxx-runtimes-22.1.8-1.arm/usr/include/c++/v1/__cxx03/__tuple/tuple_indices.h
[  480s] -- Installing: /home/abuild/rpmbuild/BUILDROOT/libcxx-runtimes-22.1.8-1.arm/usr/include/c++/v1/__cxx03/__tuple/tuple_like.h
[  480s] -- Installing: /home/abuild/rpmbuild/BUILDROOT/libcxx-runtimes-22.1.8-1.arm/usr/include/c++/v1/__cxx03/__tuple/tuple_like_ext.h
[  480s] -- Installing: /home/abuild/rpmbuild/BUILDROOT/libcxx-runtimes-22.1.8-1.arm/usr/include/c++/v1/__cxx03/__tuple/tuple_like_no_subrange.h
[  480s] -- Installing: /home/abuild/rpmbuild/BUILDROOT/libcxx-runtimes-22.1.8-1.arm/usr/include/c++/v1/__cxx03/__tuple/tuple_size.h
[  480s] -- Installing: /home/abuild/rpmbuild/BUILDROOT/libcxx-runtimes-22.1.8-1.arm/usr/include/c++/v1/__cxx03/__tuple/tuple_types.h
[  480s] -- Installing: /home/abuild/rpmbuild/BUILDROOT/libcxx-runtimes-22.1.8-1.arm/usr/include/c++/v1/__cxx03/__type_traits/add_const.h
[  480s] -- Installing: /home/abuild/rpmbuild/BUILDROOT/libcxx-runtimes-22.1.8-1.arm/usr/include/c++/v1/__cxx03/__type_traits/add_cv.h
[  480s] -- Installing: /home/abuild/rpmbuild/BUILDROOT/libcxx-runtimes-22.1.8-1.arm/usr/include/c++/v1/__cxx03/__type_traits/add_lvalue_reference.h
[  480s] -- Installing: /home/abuild/rpmbuild/BUILDROOT/libcxx-runtimes-22.1.8-1.arm/usr/include/c++/v1/__cxx03/__type_traits/add_pointer.h
[  480s] -- Installing: /home/abuild/rpmbuild/BUILDROOT/libcxx-runtimes-22.1.8-1.arm/usr/include/c++/v1/__cxx03/__type_traits/add_rvalue_reference.h
[  480s] -- Installing: /home/abuild/rpmbuild/BUILDROOT/libcxx-runtimes-22.1.8-1.arm/usr/include/c++/v1/__cxx03/__type_traits/add_volatile.h
[  480s] -- Installing: /home/abuild/rpmbuild/BUILDROOT/libcxx-runtimes-22.1.8-1.arm/usr/include/c++/v1/__cxx03/__type_traits/aligned_storage.h
[  480s] -- Installing: /home/abuild/rpmbuild/BUILDROOT/libcxx-runtimes-22.1.8-1.arm/usr/include/c++/v1/__cxx03/__type_traits/aligned_union.h
[  480s] -- Installing: /home/abuild/rpmbuild/BUILDROOT/libcxx-runtimes-22.1.8-1.arm/usr/include/c++/v1/__cxx03/__type_traits/alignment_of.h
[  480s] -- Installing: /home/abuild/rpmbuild/BUILDROOT/libcxx-runtimes-22.1.8-1.arm/usr/include/c++/v1/__cxx03/__type_traits/can_extract_key.h
[  480s] -- Installing: /home/abuild/rpmbuild/BUILDROOT/libcxx-runtimes-22.1.8-1.arm/usr/include/c++/v1/__cxx03/__type_traits/common_type.h
[  480s] -- Installing: /home/abuild/rpmbuild/BUILDROOT/libcxx-runtimes-22.1.8-1.arm/usr/include/c++/v1/__cxx03/__type_traits/conditional.h
[  480s] -- Installing: /home/abuild/rpmbuild/BUILDROOT/libcxx-runtimes-22.1.8-1.arm/usr/include/c++/v1/__cxx03/__type_traits/conjunction.h
[  480s] -- Installing: /home/abuild/rpmbuild/BUILDROOT/libcxx-runtimes-22.1.8-1.arm/usr/include/c++/v1/__cxx03/__type_traits/copy_cv.h
[  480s] -- Installing: /home/abuild/rpmbuild/BUILDROOT/libcxx-runtimes-22.1.8-1.arm/usr/include/c++/v1/__cxx03/__type_traits/copy_cvref.h
[  480s] -- Installing: /home/abuild/rpmbuild/BUILDROOT/libcxx-runtimes-22.1.8-1.arm/usr/include/c++/v1/__cxx03/__type_traits/datasizeof.h
[  480s] -- Installing: /home/abuild/rpmbuild/BUILDROOT/libcxx-runtimes-22.1.8-1.arm/usr/include/c++/v1/__cxx03/__type_traits/decay.h
[  480s] -- Installing: /home/abuild/rpmbuild/BUILDROOT/libcxx-runtimes-22.1.8-1.arm/usr/include/c++/v1/__cxx03/__type_traits/dependent_type.h
[  480s] -- Installing: /home/abuild/rpmbuild/BUILDROOT/libcxx-runtimes-22.1.8-1.arm/usr/include/c++/v1/__cxx03/__type_traits/desugars_to.h
[  480s] -- Installing: /home/abuild/rpmbuild/BUILDROOT/libcxx-runtimes-22.1.8-1.arm/usr/include/c++/v1/__cxx03/__type_traits/disjunction.h
[  480s] -- Installing: /home/abuild/rpmbuild/BUILDROOT/libcxx-runtimes-22.1.8-1.arm/usr/include/c++/v1/__cxx03/__type_traits/enable_if.h
[  480s] -- Installing: /home/abuild/rpmbuild/BUILDROOT/libcxx-runtimes-22.1.8-1.arm/usr/include/c++/v1/__cxx03/__type_traits/extent.h
[  480s] -- Installing: /home/abuild/rpmbuild/BUILDROOT/libcxx-runtimes-22.1.8-1.arm/usr/include/c++/v1/__cxx03/__type_traits/has_virtual_destructor.h
[  480s] -- Installing: /home/abuild/rpmbuild/BUILDROOT/libcxx-runtimes-22.1.8-1.arm/usr/include/c++/v1/__cxx03/__type_traits/integral_constant.h
[  480s] -- Installing: /home/abuild/rpmbuild/BUILDROOT/libcxx-runtimes-22.1.8-1.arm/usr/include/c++/v1/__cxx03/__type_traits/invoke.h
[  480s] -- Installing: /home/abuild/rpmbuild/BUILDROOT/libcxx-runtimes-22.1.8-1.arm/usr/include/c++/v1/__cxx03/__type_traits/is_abstract.h
[  480s] -- Installing: /home/abuild/rpmbuild/BUILDROOT/libcxx-runtimes-22.1.8-1.arm/usr/include/c++/v1/__cxx03/__type_traits/is_allocator.h
[  480s] -- Installing: /home/abuild/rpmbuild/BUILDROOT/libcxx-runtimes-22.1.8-1.arm/usr/include/c++/v1/__cxx03/__type_traits/is_always_bitcastable.h
[  480s] -- Installing: /home/abuild/rpmbuild/BUILDROOT/libcxx-runtimes-22.1.8-1.arm/usr/include/c++/v1/__cxx03/__type_traits/is_arithmetic.h
[  480s] -- Installing: /home/abuild/rpmbuild/BUILDROOT/libcxx-runtimes-22.1.8-1.arm/usr/include/c++/v1/__cxx03/__type_traits/is_array.h
[  480s] -- Installing: /home/abuild/rpmbuild/BUILDROOT/libcxx-runtimes-22.1.8-1.arm/usr/include/c++/v1/__cxx03/__type_traits/is_assignable.h
[  480s] -- Installing: /home/abuild/rpmbuild/BUILDROOT/libcxx-runtimes-22.1.8-1.arm/usr/include/c++/v1/__cxx03/__type_traits/is_base_of.h
[  480s] -- Installing: /home/abuild/rpmbuild/BUILDROOT/libcxx-runtimes-22.1.8-1.arm/usr/include/c++/v1/__cxx03/__type_traits/is_bounded_array.h
[  480s] -- Installing: /home/abuild/rpmbuild/BUILDROOT/libcxx-runtimes-22.1.8-1.arm/usr/include/c++/v1/__cxx03/__type_traits/is_callable.h
[  480s] -- Installing: /home/abuild/rpmbuild/BUILDROOT/libcxx-runtimes-22.1.8-1.arm/usr/include/c++/v1/__cxx03/__type_traits/is_char_like_type.h
[  480s] -- Installing: /home/abuild/rpmbuild/BUILDROOT/libcxx-runtimes-22.1.8-1.arm/usr/include/c++/v1/__cxx03/__type_traits/is_class.h
[  480s] -- Installing: /home/abuild/rpmbuild/BUILDROOT/libcxx-runtimes-22.1.8-1.arm/usr/include/c++/v1/__cxx03/__type_traits/is_compound.h
[  480s] -- Installing: /home/abuild/rpmbuild/BUILDROOT/libcxx-runtimes-22.1.8-1.arm/usr/include/c++/v1/__cxx03/__type_traits/is_const.h
[  480s] -- Installing: /home/abuild/rpmbuild/BUILDROOT/libcxx-runtimes-22.1.8-1.arm/usr/include/c++/v1/__cxx03/__type_traits/is_constant_evaluated.h
[  480s] -- Installing: /home/abuild/rpmbuild/BUILDROOT/libcxx-runtimes-22.1.8-1.arm/usr/include/c++/v1/__cxx03/__type_traits/is_constructible.h
[  480s] -- Installing: /home/abuild/rpmbuild/BUILDROOT/libcxx-runtimes-22.1.8-1.arm/usr/include/c++/v1/__cxx03/__type_traits/is_convertible.h
[  480s] -- Installing: /home/abuild/rpmbuild/BUILDROOT/libcxx-runtimes-22.1.8-1.arm/usr/include/c++/v1/__cxx03/__type_traits/is_core_convertible.h
[  480s] -- Installing: /home/abuild/rpmbuild/BUILDROOT/libcxx-runtimes-22.1.8-1.arm/usr/include/c++/v1/__cxx03/__type_traits/is_destructible.h
[  480s] -- Installing: /home/abuild/rpmbuild/BUILDROOT/libcxx-runtimes-22.1.8-1.arm/usr/include/c++/v1/__cxx03/__type_traits/is_empty.h
[  480s] -- Installing: /home/abuild/rpmbuild/BUILDROOT/libcxx-runtimes-22.1.8-1.arm/usr/include/c++/v1/__cxx03/__type_traits/is_enum.h
[  480s] -- Installing: /home/abuild/rpmbuild/BUILDROOT/libcxx-runtimes-22.1.8-1.arm/usr/include/c++/v1/__cxx03/__type_traits/is_equality_comparable.h
[  480s] -- Installing: /home/abuild/rpmbuild/BUILDROOT/libcxx-runtimes-22.1.8-1.arm/usr/include/c++/v1/__cxx03/__type_traits/is_execution_policy.h
[  480s] -- Installing: /home/abuild/rpmbuild/BUILDROOT/libcxx-runtimes-22.1.8-1.arm/usr/include/c++/v1/__cxx03/__type_traits/is_final.h
[  480s] -- Installing: /home/abuild/rpmbuild/BUILDROOT/libcxx-runtimes-22.1.8-1.arm/usr/include/c++/v1/__cxx03/__type_traits/is_floating_point.h
[  480s] -- Installing: /home/abuild/rpmbuild/BUILDROOT/libcxx-runtimes-22.1.8-1.arm/usr/include/c++/v1/__cxx03/__type_traits/is_function.h
[  480s] -- Installing: /home/abuild/rpmbuild/BUILDROOT/libcxx-runtimes-22.1.8-1.arm/usr/include/c++/v1/__cxx03/__type_traits/is_fundamental.h
[  480s] -- Installing: /home/abuild/rpmbuild/BUILDROOT/libcxx-runtimes-22.1.8-1.arm/usr/include/c++/v1/__cxx03/__type_traits/is_implicitly_default_constructible.h
[  480s] -- Installing: /home/abuild/rpmbuild/BUILDROOT/libcxx-runtimes-22.1.8-1.arm/usr/include/c++/v1/__cxx03/__type_traits/is_integral.h
[  480s] -- Installing: /home/abuild/rpmbuild/BUILDROOT/libcxx-runtimes-22.1.8-1.arm/usr/include/c++/v1/__cxx03/__type_traits/is_literal_type.h
[  480s] -- Installing: /home/abuild/rpmbuild/BUILDROOT/libcxx-runtimes-22.1.8-1.arm/usr/include/c++/v1/__cxx03/__type_traits/is_member_pointer.h
[  480s] -- Installing: /home/abuild/rpmbuild/BUILDROOT/libcxx-runtimes-22.1.8-1.arm/usr/include/c++/v1/__cxx03/__type_traits/is_nothrow_assignable.h
[  480s] -- Installing: /home/abuild/rpmbuild/BUILDROOT/libcxx-runtimes-22.1.8-1.arm/usr/include/c++/v1/__cxx03/__type_traits/is_nothrow_constructible.h
[  480s] -- Installing: /home/abuild/rpmbuild/BUILDROOT/libcxx-runtimes-22.1.8-1.arm/usr/include/c++/v1/__cxx03/__type_traits/is_nothrow_destructible.h
[  480s] -- Installing: /home/abuild/rpmbuild/BUILDROOT/libcxx-runtimes-22.1.8-1.arm/usr/include/c++/v1/__cxx03/__type_traits/is_null_pointer.h
[  480s] -- Installing: /home/abuild/rpmbuild/BUILDROOT/libcxx-runtimes-22.1.8-1.arm/usr/include/c++/v1/__cxx03/__type_traits/is_object.h
[  480s] -- Installing: /home/abuild/rpmbuild/BUILDROOT/libcxx-runtimes-22.1.8-1.arm/usr/include/c++/v1/__cxx03/__type_traits/is_pod.h
[  480s] -- Installing: /home/abuild/rpmbuild/BUILDROOT/libcxx-runtimes-22.1.8-1.arm/usr/include/c++/v1/__cxx03/__type_traits/is_pointer.h
[  480s] -- Installing: /home/abuild/rpmbuild/BUILDROOT/libcxx-runtimes-22.1.8-1.arm/usr/include/c++/v1/__cxx03/__type_traits/is_polymorphic.h
[  480s] -- Installing: /home/abuild/rpmbuild/BUILDROOT/libcxx-runtimes-22.1.8-1.arm/usr/include/c++/v1/__cxx03/__type_traits/is_primary_template.h
[  480s] -- Installing: /home/abuild/rpmbuild/BUILDROOT/libcxx-runtimes-22.1.8-1.arm/usr/include/c++/v1/__cxx03/__type_traits/is_reference.h
[  480s] -- Installing: /home/abuild/rpmbuild/BUILDROOT/libcxx-runtimes-22.1.8-1.arm/usr/include/c++/v1/__cxx03/__type_traits/is_reference_wrapper.h
[  480s] -- Installing: /home/abuild/rpmbuild/BUILDROOT/libcxx-runtimes-22.1.8-1.arm/usr/include/c++/v1/__cxx03/__type_traits/is_referenceable.h
[  480s] -- Installing: /home/abuild/rpmbuild/BUILDROOT/libcxx-runtimes-22.1.8-1.arm/usr/include/c++/v1/__cxx03/__type_traits/is_same.h
[  480s] -- Installing: /home/abuild/rpmbuild/BUILDROOT/libcxx-runtimes-22.1.8-1.arm/usr/include/c++/v1/__cxx03/__type_traits/is_scalar.h
[  480s] -- Installing: /home/abuild/rpmbuild/BUILDROOT/libcxx-runtimes-22.1.8-1.arm/usr/include/c++/v1/__cxx03/__type_traits/is_signed.h
[  480s] -- Installing: /home/abuild/rpmbuild/BUILDROOT/libcxx-runtimes-22.1.8-1.arm/usr/include/c++/v1/__cxx03/__type_traits/is_signed_integer.h
[  480s] -- Installing: /home/abuild/rpmbuild/BUILDROOT/libcxx-runtimes-22.1.8-1.arm/usr/include/c++/v1/__cxx03/__type_traits/is_specialization.h
[  480s] -- Installing: /home/abuild/rpmbuild/BUILDROOT/libcxx-runtimes-22.1.8-1.arm/usr/include/c++/v1/__cxx03/__type_traits/is_standard_layout.h
[  480s] -- Installing: /home/abuild/rpmbuild/BUILDROOT/libcxx-runtimes-22.1.8-1.arm/usr/include/c++/v1/__cxx03/__type_traits/is_swappable.h
[  480s] -- Installing: /home/abuild/rpmbuild/BUILDROOT/libcxx-runtimes-22.1.8-1.arm/usr/include/c++/v1/__cxx03/__type_traits/is_trivial.h
[  480s] -- Installing: /home/abuild/rpmbuild/BUILDROOT/libcxx-runtimes-22.1.8-1.arm/usr/include/c++/v1/__cxx03/__type_traits/is_trivially_assignable.h
[  480s] -- Installing: /home/abuild/rpmbuild/BUILDROOT/libcxx-runtimes-22.1.8-1.arm/usr/include/c++/v1/__cxx03/__type_traits/is_trivially_constructible.h
[  480s] -- Installing: /home/abuild/rpmbuild/BUILDROOT/libcxx-runtimes-22.1.8-1.arm/usr/include/c++/v1/__cxx03/__type_traits/is_trivially_copyable.h
[  480s] -- Installing: /home/abuild/rpmbuild/BUILDROOT/libcxx-runtimes-22.1.8-1.arm/usr/include/c++/v1/__cxx03/__type_traits/is_trivially_destructible.h
[  480s] -- Installing: /home/abuild/rpmbuild/BUILDROOT/libcxx-runtimes-22.1.8-1.arm/usr/include/c++/v1/__cxx03/__type_traits/is_trivially_lexicographically_comparable.h
[  480s] -- Installing: /home/abuild/rpmbuild/BUILDROOT/libcxx-runtimes-22.1.8-1.arm/usr/include/c++/v1/__cxx03/__type_traits/is_trivially_relocatable.h
[  480s] -- Installing: /home/abuild/rpmbuild/BUILDROOT/libcxx-runtimes-22.1.8-1.arm/usr/include/c++/v1/__cxx03/__type_traits/is_unbounded_array.h
[  480s] -- Installing: /home/abuild/rpmbuild/BUILDROOT/libcxx-runtimes-22.1.8-1.arm/usr/include/c++/v1/__cxx03/__type_traits/is_union.h
[  480s] -- Installing: /home/abuild/rpmbuild/BUILDROOT/libcxx-runtimes-22.1.8-1.arm/usr/include/c++/v1/__cxx03/__type_traits/is_unsigned.h
[  480s] -- Installing: /home/abuild/rpmbuild/BUILDROOT/libcxx-runtimes-22.1.8-1.arm/usr/include/c++/v1/__cxx03/__type_traits/is_unsigned_integer.h
[  480s] -- Installing: /home/abuild/rpmbuild/BUILDROOT/libcxx-runtimes-22.1.8-1.arm/usr/include/c++/v1/__cxx03/__type_traits/is_valid_expansion.h
[  480s] -- Installing: /home/abuild/rpmbuild/BUILDROOT/libcxx-runtimes-22.1.8-1.arm/usr/include/c++/v1/__cxx03/__type_traits/is_void.h
[  480s] -- Installing: /home/abuild/rpmbuild/BUILDROOT/libcxx-runtimes-22.1.8-1.arm/usr/include/c++/v1/__cxx03/__type_traits/is_volatile.h
[  480s] -- Installing: /home/abuild/rpmbuild/BUILDROOT/libcxx-runtimes-22.1.8-1.arm/usr/include/c++/v1/__cxx03/__type_traits/lazy.h
[  480s] -- Installing: /home/abuild/rpmbuild/BUILDROOT/libcxx-runtimes-22.1.8-1.arm/usr/include/c++/v1/__cxx03/__type_traits/make_32_64_or_128_bit.h
[  480s] -- Installing: /home/abuild/rpmbuild/BUILDROOT/libcxx-runtimes-22.1.8-1.arm/usr/include/c++/v1/__cxx03/__type_traits/make_const_lvalue_ref.h
[  480s] -- Installing: /home/abuild/rpmbuild/BUILDROOT/libcxx-runtimes-22.1.8-1.arm/usr/include/c++/v1/__cxx03/__type_traits/make_signed.h
[  480s] -- Installing: /home/abuild/rpmbuild/BUILDROOT/libcxx-runtimes-22.1.8-1.arm/usr/include/c++/v1/__cxx03/__type_traits/make_unsigned.h
[  480s] -- Installing: /home/abuild/rpmbuild/BUILDROOT/libcxx-runtimes-22.1.8-1.arm/usr/include/c++/v1/__cxx03/__type_traits/maybe_const.h
[  480s] -- Installing: /home/abuild/rpmbuild/BUILDROOT/libcxx-runtimes-22.1.8-1.arm/usr/include/c++/v1/__cxx03/__type_traits/nat.h
[  480s] -- Installing: /home/abuild/rpmbuild/BUILDROOT/libcxx-runtimes-22.1.8-1.arm/usr/include/c++/v1/__cxx03/__type_traits/negation.h
[  480s] -- Installing: /home/abuild/rpmbuild/BUILDROOT/libcxx-runtimes-22.1.8-1.arm/usr/include/c++/v1/__cxx03/__type_traits/noexcept_move_assign_container.h
[  480s] -- Installing: /home/abuild/rpmbuild/BUILDROOT/libcxx-runtimes-22.1.8-1.arm/usr/include/c++/v1/__cxx03/__type_traits/promote.h
[  480s] -- Installing: /home/abuild/rpmbuild/BUILDROOT/libcxx-runtimes-22.1.8-1.arm/usr/include/c++/v1/__cxx03/__type_traits/rank.h
[  480s] -- Installing: /home/abuild/rpmbuild/BUILDROOT/libcxx-runtimes-22.1.8-1.arm/usr/include/c++/v1/__cxx03/__type_traits/remove_all_extents.h
[  480s] -- Installing: /home/abuild/rpmbuild/BUILDROOT/libcxx-runtimes-22.1.8-1.arm/usr/include/c++/v1/__cxx03/__type_traits/remove_const.h
[  480s] -- Installing: /home/abuild/rpmbuild/BUILDROOT/libcxx-runtimes-22.1.8-1.arm/usr/include/c++/v1/__cxx03/__type_traits/remove_const_ref.h
[  480s] -- Installing: /home/abuild/rpmbuild/BUILDROOT/libcxx-runtimes-22.1.8-1.arm/usr/include/c++/v1/__cxx03/__type_traits/remove_cv.h
[  480s] -- Installing: /home/abuild/rpmbuild/BUILDROOT/libcxx-runtimes-22.1.8-1.arm/usr/include/c++/v1/__cxx03/__type_traits/remove_cvref.h
[  480s] -- Installing: /home/abuild/rpmbuild/BUILDROOT/libcxx-runtimes-22.1.8-1.arm/usr/include/c++/v1/__cxx03/__type_traits/remove_extent.h
[  480s] -- Installing: /home/abuild/rpmbuild/BUILDROOT/libcxx-runtimes-22.1.8-1.arm/usr/include/c++/v1/__cxx03/__type_traits/remove_pointer.h
[  480s] -- Installing: /home/abuild/rpmbuild/BUILDROOT/libcxx-runtimes-22.1.8-1.arm/usr/include/c++/v1/__cxx03/__type_traits/remove_reference.h
[  480s] -- Installing: /home/abuild/rpmbuild/BUILDROOT/libcxx-runtimes-22.1.8-1.arm/usr/include/c++/v1/__cxx03/__type_traits/remove_volatile.h
[  480s] -- Installing: /home/abuild/rpmbuild/BUILDROOT/libcxx-runtimes-22.1.8-1.arm/usr/include/c++/v1/__cxx03/__type_traits/result_of.h
[  480s] -- Installing: /home/abuild/rpmbuild/BUILDROOT/libcxx-runtimes-22.1.8-1.arm/usr/include/c++/v1/__cxx03/__type_traits/strip_signature.h
[  480s] -- Installing: /home/abuild/rpmbuild/BUILDROOT/libcxx-runtimes-22.1.8-1.arm/usr/include/c++/v1/__cxx03/__type_traits/type_identity.h
[  480s] -- Installing: /home/abuild/rpmbuild/BUILDROOT/libcxx-runtimes-22.1.8-1.arm/usr/include/c++/v1/__cxx03/__type_traits/type_list.h
[  480s] -- Installing: /home/abuild/rpmbuild/BUILDROOT/libcxx-runtimes-22.1.8-1.arm/usr/include/c++/v1/__cxx03/__type_traits/underlying_type.h
[  480s] -- Installing: /home/abuild/rpmbuild/BUILDROOT/libcxx-runtimes-22.1.8-1.arm/usr/include/c++/v1/__cxx03/__type_traits/unwrap_ref.h
[  480s] -- Installing: /home/abuild/rpmbuild/BUILDROOT/libcxx-runtimes-22.1.8-1.arm/usr/include/c++/v1/__cxx03/__type_traits/void_t.h
[  480s] -- Installing: /home/abuild/rpmbuild/BUILDROOT/libcxx-runtimes-22.1.8-1.arm/usr/include/c++/v1/__cxx03/__undef_macros
[  480s] -- Installing: /home/abuild/rpmbuild/BUILDROOT/libcxx-runtimes-22.1.8-1.arm/usr/include/c++/v1/__cxx03/__utility/as_lvalue.h
[  480s] -- Installing: /home/abuild/rpmbuild/BUILDROOT/libcxx-runtimes-22.1.8-1.arm/usr/include/c++/v1/__cxx03/__utility/auto_cast.h
[  480s] -- Installing: /home/abuild/rpmbuild/BUILDROOT/libcxx-runtimes-22.1.8-1.arm/usr/include/c++/v1/__cxx03/__utility/convert_to_integral.h
[  480s] -- Installing: /home/abuild/rpmbuild/BUILDROOT/libcxx-runtimes-22.1.8-1.arm/usr/include/c++/v1/__cxx03/__utility/declval.h
[  480s] -- Installing: /home/abuild/rpmbuild/BUILDROOT/libcxx-runtimes-22.1.8-1.arm/usr/include/c++/v1/__cxx03/__utility/empty.h
[  480s] -- Installing: /home/abuild/rpmbuild/BUILDROOT/libcxx-runtimes-22.1.8-1.arm/usr/include/c++/v1/__cxx03/__utility/exception_guard.h
[  480s] -- Installing: /home/abuild/rpmbuild/BUILDROOT/libcxx-runtimes-22.1.8-1.arm/usr/include/c++/v1/__cxx03/__utility/forward.h
[  480s] -- Installing: /home/abuild/rpmbuild/BUILDROOT/libcxx-runtimes-22.1.8-1.arm/usr/include/c++/v1/__cxx03/__utility/integer_sequence.h
[  480s] -- Installing: /home/abuild/rpmbuild/BUILDROOT/libcxx-runtimes-22.1.8-1.arm/usr/include/c++/v1/__cxx03/__utility/is_pointer_in_range.h
[  480s] -- Installing: /home/abuild/rpmbuild/BUILDROOT/libcxx-runtimes-22.1.8-1.arm/usr/include/c++/v1/__cxx03/__utility/is_valid_range.h
[  480s] -- Installing: /home/abuild/rpmbuild/BUILDROOT/libcxx-runtimes-22.1.8-1.arm/usr/include/c++/v1/__cxx03/__utility/move.h
[  480s] -- Installing: /home/abuild/rpmbuild/BUILDROOT/libcxx-runtimes-22.1.8-1.arm/usr/include/c++/v1/__cxx03/__utility/no_destroy.h
[  480s] -- Installing: /home/abuild/rpmbuild/BUILDROOT/libcxx-runtimes-22.1.8-1.arm/usr/include/c++/v1/__cxx03/__utility/pair.h
[  480s] -- Installing: /home/abuild/rpmbuild/BUILDROOT/libcxx-runtimes-22.1.8-1.arm/usr/include/c++/v1/__cxx03/__utility/piecewise_construct.h
[  480s] -- Installing: /home/abuild/rpmbuild/BUILDROOT/libcxx-runtimes-22.1.8-1.arm/usr/include/c++/v1/__cxx03/__utility/priority_tag.h
[  480s] -- Installing: /home/abuild/rpmbuild/BUILDROOT/libcxx-runtimes-22.1.8-1.arm/usr/include/c++/v1/__cxx03/__utility/private_constructor_tag.h
[  480s] -- Installing: /home/abuild/rpmbuild/BUILDROOT/libcxx-runtimes-22.1.8-1.arm/usr/include/c++/v1/__cxx03/__utility/rel_ops.h
[  480s] -- Installing: /home/abuild/rpmbuild/BUILDROOT/libcxx-runtimes-22.1.8-1.arm/usr/include/c++/v1/__cxx03/__utility/small_buffer.h
[  480s] -- Installing: /home/abuild/rpmbuild/BUILDROOT/libcxx-runtimes-22.1.8-1.arm/usr/include/c++/v1/__cxx03/__utility/swap.h
[  480s] -- Installing: /home/abuild/rpmbuild/BUILDROOT/libcxx-runtimes-22.1.8-1.arm/usr/include/c++/v1/__cxx03/__utility/unreachable.h
[  480s] -- Installing: /home/abuild/rpmbuild/BUILDROOT/libcxx-runtimes-22.1.8-1.arm/usr/include/c++/v1/__cxx03/__variant/monostate.h
[  480s] -- Installing: /home/abuild/rpmbuild/BUILDROOT/libcxx-runtimes-22.1.8-1.arm/usr/include/c++/v1/__cxx03/__verbose_abort
[  480s] -- Installing: /home/abuild/rpmbuild/BUILDROOT/libcxx-runtimes-22.1.8-1.arm/usr/include/c++/v1/__cxx03/__verbose_trap
[  480s] -- Installing: /home/abuild/rpmbuild/BUILDROOT/libcxx-runtimes-22.1.8-1.arm/usr/include/c++/v1/__cxx03/algorithm
[  480s] -- Installing: /home/abuild/rpmbuild/BUILDROOT/libcxx-runtimes-22.1.8-1.arm/usr/include/c++/v1/__cxx03/array
[  480s] -- Installing: /home/abuild/rpmbuild/BUILDROOT/libcxx-runtimes-22.1.8-1.arm/usr/include/c++/v1/__cxx03/atomic
[  480s] -- Installing: /home/abuild/rpmbuild/BUILDROOT/libcxx-runtimes-22.1.8-1.arm/usr/include/c++/v1/__cxx03/bitset
[  480s] -- Installing: /home/abuild/rpmbuild/BUILDROOT/libcxx-runtimes-22.1.8-1.arm/usr/include/c++/v1/__cxx03/cassert
[  480s] -- Installing: /home/abuild/rpmbuild/BUILDROOT/libcxx-runtimes-22.1.8-1.arm/usr/include/c++/v1/__cxx03/ccomplex
[  480s] -- Installing: /home/abuild/rpmbuild/BUILDROOT/libcxx-runtimes-22.1.8-1.arm/usr/include/c++/v1/__cxx03/cctype
[  480s] -- Installing: /home/abuild/rpmbuild/BUILDROOT/libcxx-runtimes-22.1.8-1.arm/usr/include/c++/v1/__cxx03/cerrno
[  480s] -- Installing: /home/abuild/rpmbuild/BUILDROOT/libcxx-runtimes-22.1.8-1.arm/usr/include/c++/v1/__cxx03/cfenv
[  480s] -- Installing: /home/abuild/rpmbuild/BUILDROOT/libcxx-runtimes-22.1.8-1.arm/usr/include/c++/v1/__cxx03/cfloat
[  480s] -- Installing: /home/abuild/rpmbuild/BUILDROOT/libcxx-runtimes-22.1.8-1.arm/usr/include/c++/v1/__cxx03/chrono
[  480s] -- Installing: /home/abuild/rpmbuild/BUILDROOT/libcxx-runtimes-22.1.8-1.arm/usr/include/c++/v1/__cxx03/cinttypes
[  480s] -- Installing: /home/abuild/rpmbuild/BUILDROOT/libcxx-runtimes-22.1.8-1.arm/usr/include/c++/v1/__cxx03/ciso646
[  480s] -- Installing: /home/abuild/rpmbuild/BUILDROOT/libcxx-runtimes-22.1.8-1.arm/usr/include/c++/v1/__cxx03/climits
[  480s] -- Installing: /home/abuild/rpmbuild/BUILDROOT/libcxx-runtimes-22.1.8-1.arm/usr/include/c++/v1/__cxx03/clocale
[  480s] -- Installing: /home/abuild/rpmbuild/BUILDROOT/libcxx-runtimes-22.1.8-1.arm/usr/include/c++/v1/__cxx03/cmath
[  480s] -- Installing: /home/abuild/rpmbuild/BUILDROOT/libcxx-runtimes-22.1.8-1.arm/usr/include/c++/v1/__cxx03/codecvt
[  480s] -- Installing: /home/abuild/rpmbuild/BUILDROOT/libcxx-runtimes-22.1.8-1.arm/usr/include/c++/v1/__cxx03/complex
[  480s] -- Installing: /home/abuild/rpmbuild/BUILDROOT/libcxx-runtimes-22.1.8-1.arm/usr/include/c++/v1/__cxx03/condition_variable
[  480s] -- Installing: /home/abuild/rpmbuild/BUILDROOT/libcxx-runtimes-22.1.8-1.arm/usr/include/c++/v1/__cxx03/csetjmp
[  480s] -- Installing: /home/abuild/rpmbuild/BUILDROOT/libcxx-runtimes-22.1.8-1.arm/usr/include/c++/v1/__cxx03/csignal
[  480s] -- Installing: /home/abuild/rpmbuild/BUILDROOT/libcxx-runtimes-22.1.8-1.arm/usr/include/c++/v1/__cxx03/cstdarg
[  480s] -- Installing: /home/abuild/rpmbuild/BUILDROOT/libcxx-runtimes-22.1.8-1.arm/usr/include/c++/v1/__cxx03/cstdbool
[  480s] -- Installing: /home/abuild/rpmbuild/BUILDROOT/libcxx-runtimes-22.1.8-1.arm/usr/include/c++/v1/__cxx03/cstddef
[  480s] -- Installing: /home/abuild/rpmbuild/BUILDROOT/libcxx-runtimes-22.1.8-1.arm/usr/include/c++/v1/__cxx03/cstdint
[  480s] -- Installing: /home/abuild/rpmbuild/BUILDROOT/libcxx-runtimes-22.1.8-1.arm/usr/include/c++/v1/__cxx03/cstdio
[  480s] -- Installing: /home/abuild/rpmbuild/BUILDROOT/libcxx-runtimes-22.1.8-1.arm/usr/include/c++/v1/__cxx03/cstdlib
[  480s] -- Installing: /home/abuild/rpmbuild/BUILDROOT/libcxx-runtimes-22.1.8-1.arm/usr/include/c++/v1/__cxx03/cstring
[  480s] -- Installing: /home/abuild/rpmbuild/BUILDROOT/libcxx-runtimes-22.1.8-1.arm/usr/include/c++/v1/__cxx03/ctgmath
[  480s] -- Installing: /home/abuild/rpmbuild/BUILDROOT/libcxx-runtimes-22.1.8-1.arm/usr/include/c++/v1/__cxx03/ctime
[  480s] -- Installing: /home/abuild/rpmbuild/BUILDROOT/libcxx-runtimes-22.1.8-1.arm/usr/include/c++/v1/__cxx03/cuchar
[  480s] -- Installing: /home/abuild/rpmbuild/BUILDROOT/libcxx-runtimes-22.1.8-1.arm/usr/include/c++/v1/__cxx03/cwchar
[  480s] -- Installing: /home/abuild/rpmbuild/BUILDROOT/libcxx-runtimes-22.1.8-1.arm/usr/include/c++/v1/__cxx03/cwctype
[  480s] -- Installing: /home/abuild/rpmbuild/BUILDROOT/libcxx-runtimes-22.1.8-1.arm/usr/include/c++/v1/__cxx03/deque
[  480s] -- Installing: /home/abuild/rpmbuild/BUILDROOT/libcxx-runtimes-22.1.8-1.arm/usr/include/c++/v1/__cxx03/exception
[  480s] -- Installing: /home/abuild/rpmbuild/BUILDROOT/libcxx-runtimes-22.1.8-1.arm/usr/include/c++/v1/__cxx03/experimental/__config
[  480s] -- Installing: /home/abuild/rpmbuild/BUILDROOT/libcxx-runtimes-22.1.8-1.arm/usr/include/c++/v1/__cxx03/experimental/utility
[  480s] -- Installing: /home/abuild/rpmbuild/BUILDROOT/libcxx-runtimes-22.1.8-1.arm/usr/include/c++/v1/__cxx03/ext/__hash
[  480s] -- Installing: /home/abuild/rpmbuild/BUILDROOT/libcxx-runtimes-22.1.8-1.arm/usr/include/c++/v1/__cxx03/ext/hash_map
[  480s] -- Installing: /home/abuild/rpmbuild/BUILDROOT/libcxx-runtimes-22.1.8-1.arm/usr/include/c++/v1/__cxx03/ext/hash_set
[  480s] -- Installing: /home/abuild/rpmbuild/BUILDROOT/libcxx-runtimes-22.1.8-1.arm/usr/include/c++/v1/__cxx03/forward_list
[  480s] -- Installing: /home/abuild/rpmbuild/BUILDROOT/libcxx-runtimes-22.1.8-1.arm/usr/include/c++/v1/__cxx03/fstream
[  480s] -- Installing: /home/abuild/rpmbuild/BUILDROOT/libcxx-runtimes-22.1.8-1.arm/usr/include/c++/v1/__cxx03/functional
[  480s] -- Installing: /home/abuild/rpmbuild/BUILDROOT/libcxx-runtimes-22.1.8-1.arm/usr/include/c++/v1/__cxx03/future
[  480s] -- Installing: /home/abuild/rpmbuild/BUILDROOT/libcxx-runtimes-22.1.8-1.arm/usr/include/c++/v1/__cxx03/iomanip
[  480s] -- Installing: /home/abuild/rpmbuild/BUILDROOT/libcxx-runtimes-22.1.8-1.arm/usr/include/c++/v1/__cxx03/ios
[  480s] -- Installing: /home/abuild/rpmbuild/BUILDROOT/libcxx-runtimes-22.1.8-1.arm/usr/include/c++/v1/__cxx03/iosfwd
[  480s] -- Installing: /home/abuild/rpmbuild/BUILDROOT/libcxx-runtimes-22.1.8-1.arm/usr/include/c++/v1/__cxx03/iostream
[  480s] -- Installing: /home/abuild/rpmbuild/BUILDROOT/libcxx-runtimes-22.1.8-1.arm/usr/include/c++/v1/__cxx03/istream
[  480s] -- Installing: /home/abuild/rpmbuild/BUILDROOT/libcxx-runtimes-22.1.8-1.arm/usr/include/c++/v1/__cxx03/iterator
[  480s] -- Installing: /home/abuild/rpmbuild/BUILDROOT/libcxx-runtimes-22.1.8-1.arm/usr/include/c++/v1/__cxx03/limits
[  480s] -- Installing: /home/abuild/rpmbuild/BUILDROOT/libcxx-runtimes-22.1.8-1.arm/usr/include/c++/v1/__cxx03/list
[  480s] -- Installing: /home/abuild/rpmbuild/BUILDROOT/libcxx-runtimes-22.1.8-1.arm/usr/include/c++/v1/__cxx03/locale
[  480s] -- Installing: /home/abuild/rpmbuild/BUILDROOT/libcxx-runtimes-22.1.8-1.arm/usr/include/c++/v1/__cxx03/locale.h
[  480s] -- Installing: /home/abuild/rpmbuild/BUILDROOT/libcxx-runtimes-22.1.8-1.arm/usr/include/c++/v1/__cxx03/map
[  480s] -- Installing: /home/abuild/rpmbuild/BUILDROOT/libcxx-runtimes-22.1.8-1.arm/usr/include/c++/v1/__cxx03/math.h
[  480s] -- Installing: /home/abuild/rpmbuild/BUILDROOT/libcxx-runtimes-22.1.8-1.arm/usr/include/c++/v1/__cxx03/memory
[  480s] -- Installing: /home/abuild/rpmbuild/BUILDROOT/libcxx-runtimes-22.1.8-1.arm/usr/include/c++/v1/__cxx03/module.modulemap
[  480s] -- Installing: /home/abuild/rpmbuild/BUILDROOT/libcxx-runtimes-22.1.8-1.arm/usr/include/c++/v1/__cxx03/mutex
[  480s] -- Installing: /home/abuild/rpmbuild/BUILDROOT/libcxx-runtimes-22.1.8-1.arm/usr/include/c++/v1/__cxx03/new
[  480s] -- Installing: /home/abuild/rpmbuild/BUILDROOT/libcxx-runtimes-22.1.8-1.arm/usr/include/c++/v1/__cxx03/numeric
[  480s] -- Installing: /home/abuild/rpmbuild/BUILDROOT/libcxx-runtimes-22.1.8-1.arm/usr/include/c++/v1/__cxx03/ostream
[  480s] -- Installing: /home/abuild/rpmbuild/BUILDROOT/libcxx-runtimes-22.1.8-1.arm/usr/include/c++/v1/__cxx03/queue
[  480s] -- Installing: /home/abuild/rpmbuild/BUILDROOT/libcxx-runtimes-22.1.8-1.arm/usr/include/c++/v1/__cxx03/random
[  480s] -- Installing: /home/abuild/rpmbuild/BUILDROOT/libcxx-runtimes-22.1.8-1.arm/usr/include/c++/v1/__cxx03/ratio
[  480s] -- Installing: /home/abuild/rpmbuild/BUILDROOT/libcxx-runtimes-22.1.8-1.arm/usr/include/c++/v1/__cxx03/regex
[  480s] -- Installing: /home/abuild/rpmbuild/BUILDROOT/libcxx-runtimes-22.1.8-1.arm/usr/include/c++/v1/__cxx03/set
[  480s] -- Installing: /home/abuild/rpmbuild/BUILDROOT/libcxx-runtimes-22.1.8-1.arm/usr/include/c++/v1/__cxx03/sstream
[  480s] -- Installing: /home/abuild/rpmbuild/BUILDROOT/libcxx-runtimes-22.1.8-1.arm/usr/include/c++/v1/__cxx03/stack
[  480s] -- Installing: /home/abuild/rpmbuild/BUILDROOT/libcxx-runtimes-22.1.8-1.arm/usr/include/c++/v1/__cxx03/stdatomic.h
[  480s] -- Installing: /home/abuild/rpmbuild/BUILDROOT/libcxx-runtimes-22.1.8-1.arm/usr/include/c++/v1/__cxx03/stdexcept
[  480s] -- Installing: /home/abuild/rpmbuild/BUILDROOT/libcxx-runtimes-22.1.8-1.arm/usr/include/c++/v1/__cxx03/stdint.h
[  480s] -- Installing: /home/abuild/rpmbuild/BUILDROOT/libcxx-runtimes-22.1.8-1.arm/usr/include/c++/v1/__cxx03/stdlib.h
[  480s] -- Installing: /home/abuild/rpmbuild/BUILDROOT/libcxx-runtimes-22.1.8-1.arm/usr/include/c++/v1/__cxx03/streambuf
[  480s] -- Installing: /home/abuild/rpmbuild/BUILDROOT/libcxx-runtimes-22.1.8-1.arm/usr/include/c++/v1/__cxx03/string
[  480s] -- Installing: /home/abuild/rpmbuild/BUILDROOT/libcxx-runtimes-22.1.8-1.arm/usr/include/c++/v1/__cxx03/string.h
[  480s] -- Installing: /home/abuild/rpmbuild/BUILDROOT/libcxx-runtimes-22.1.8-1.arm/usr/include/c++/v1/__cxx03/string_view
[  480s] -- Installing: /home/abuild/rpmbuild/BUILDROOT/libcxx-runtimes-22.1.8-1.arm/usr/include/c++/v1/__cxx03/strstream
[  480s] -- Installing: /home/abuild/rpmbuild/BUILDROOT/libcxx-runtimes-22.1.8-1.arm/usr/include/c++/v1/__cxx03/system_error
[  480s] -- Installing: /home/abuild/rpmbuild/BUILDROOT/libcxx-runtimes-22.1.8-1.arm/usr/include/c++/v1/__cxx03/thread
[  480s] -- Installing: /home/abuild/rpmbuild/BUILDROOT/libcxx-runtimes-22.1.8-1.arm/usr/include/c++/v1/__cxx03/type_traits
[  480s] -- Installing: /home/abuild/rpmbuild/BUILDROOT/libcxx-runtimes-22.1.8-1.arm/usr/include/c++/v1/__cxx03/typeindex
[  480s] -- Installing: /home/abuild/rpmbuild/BUILDROOT/libcxx-runtimes-22.1.8-1.arm/usr/include/c++/v1/__cxx03/typeinfo
[  480s] -- Installing: /home/abuild/rpmbuild/BUILDROOT/libcxx-runtimes-22.1.8-1.arm/usr/include/c++/v1/__cxx03/uchar.h
[  480s] -- Installing: /home/abuild/rpmbuild/BUILDROOT/libcxx-runtimes-22.1.8-1.arm/usr/include/c++/v1/__cxx03/unordered_map
[  480s] -- Installing: /home/abuild/rpmbuild/BUILDROOT/libcxx-runtimes-22.1.8-1.arm/usr/include/c++/v1/__cxx03/unordered_set
[  480s] -- Installing: /home/abuild/rpmbuild/BUILDROOT/libcxx-runtimes-22.1.8-1.arm/usr/include/c++/v1/__cxx03/utility
[  480s] -- Installing: /home/abuild/rpmbuild/BUILDROOT/libcxx-runtimes-22.1.8-1.arm/usr/include/c++/v1/__cxx03/valarray
[  480s] -- Installing: /home/abuild/rpmbuild/BUILDROOT/libcxx-runtimes-22.1.8-1.arm/usr/include/c++/v1/__cxx03/vector
[  480s] -- Installing: /home/abuild/rpmbuild/BUILDROOT/libcxx-runtimes-22.1.8-1.arm/usr/include/c++/v1/__cxx03/version
[  480s] -- Installing: /home/abuild/rpmbuild/BUILDROOT/libcxx-runtimes-22.1.8-1.arm/usr/include/c++/v1/__cxx03/wchar.h
[  480s] -- Installing: /home/abuild/rpmbuild/BUILDROOT/libcxx-runtimes-22.1.8-1.arm/usr/include/c++/v1/__config_site
[  480s] -- Installing: /home/abuild/rpmbuild/BUILDROOT/libcxx-runtimes-22.1.8-1.arm/usr/include/c++/v1/__assertion_handler
[  480s] -- Installing: /home/abuild/rpmbuild/BUILDROOT/libcxx-runtimes-22.1.8-1.arm/usr/include/c++/v1/libcxx.imp
[  480s] -- Installing: /home/abuild/rpmbuild/BUILDROOT/libcxx-runtimes-22.1.8-1.arm/usr/include/c++/v1/module.modulemap
[  480s] -- Installing: /home/abuild/rpmbuild/BUILDROOT/libcxx-runtimes-22.1.8-1.arm/usr/lib/libc++.so.1.0
[  480s] -- Installing: /home/abuild/rpmbuild/BUILDROOT/libcxx-runtimes-22.1.8-1.arm/usr/lib/libc++.so.1
[  480s] -- Set non-toolchain portion of runtime path of "/home/abuild/rpmbuild/BUILDROOT/libcxx-runtimes-22.1.8-1.arm/usr/lib/libc++.so.1.0" to ""
[  480s] -- Installing: /home/abuild/rpmbuild/BUILDROOT/libcxx-runtimes-22.1.8-1.arm/usr/lib/libc++.so
[  480s] -- Installing: /home/abuild/rpmbuild/BUILDROOT/libcxx-runtimes-22.1.8-1.arm/usr/lib/libc++experimental.a
[  480s] -- Up-to-date: /home/abuild/rpmbuild/BUILDROOT/libcxx-runtimes-22.1.8-1.arm/usr/lib/libc++.so
[  480s] -- Installing: /home/abuild/rpmbuild/BUILDROOT/libcxx-runtimes-22.1.8-1.arm/usr/share/libc++/v1/std/algorithm.inc
[  480s] -- Installing: /home/abuild/rpmbuild/BUILDROOT/libcxx-runtimes-22.1.8-1.arm/usr/share/libc++/v1/std/any.inc
[  480s] -- Installing: /home/abuild/rpmbuild/BUILDROOT/libcxx-runtimes-22.1.8-1.arm/usr/share/libc++/v1/std/array.inc
[  480s] -- Installing: /home/abuild/rpmbuild/BUILDROOT/libcxx-runtimes-22.1.8-1.arm/usr/share/libc++/v1/std/atomic.inc
[  480s] -- Installing: /home/abuild/rpmbuild/BUILDROOT/libcxx-runtimes-22.1.8-1.arm/usr/share/libc++/v1/std/barrier.inc
[  480s] -- Installing: /home/abuild/rpmbuild/BUILDROOT/libcxx-runtimes-22.1.8-1.arm/usr/share/libc++/v1/std/bit.inc
[  480s] -- Installing: /home/abuild/rpmbuild/BUILDROOT/libcxx-runtimes-22.1.8-1.arm/usr/share/libc++/v1/std/bitset.inc
[  480s] -- Installing: /home/abuild/rpmbuild/BUILDROOT/libcxx-runtimes-22.1.8-1.arm/usr/share/libc++/v1/std/cassert.inc
[  480s] -- Installing: /home/abuild/rpmbuild/BUILDROOT/libcxx-runtimes-22.1.8-1.arm/usr/share/libc++/v1/std/cctype.inc
[  480s] -- Installing: /home/abuild/rpmbuild/BUILDROOT/libcxx-runtimes-22.1.8-1.arm/usr/share/libc++/v1/std/cerrno.inc
[  480s] -- Installing: /home/abuild/rpmbuild/BUILDROOT/libcxx-runtimes-22.1.8-1.arm/usr/share/libc++/v1/std/cfenv.inc
[  480s] -- Installing: /home/abuild/rpmbuild/BUILDROOT/libcxx-runtimes-22.1.8-1.arm/usr/share/libc++/v1/std/cfloat.inc
[  480s] -- Installing: /home/abuild/rpmbuild/BUILDROOT/libcxx-runtimes-22.1.8-1.arm/usr/share/libc++/v1/std/charconv.inc
[  480s] -- Installing: /home/abuild/rpmbuild/BUILDROOT/libcxx-runtimes-22.1.8-1.arm/usr/share/libc++/v1/std/chrono.inc
[  480s] -- Installing: /home/abuild/rpmbuild/BUILDROOT/libcxx-runtimes-22.1.8-1.arm/usr/share/libc++/v1/std/cinttypes.inc
[  480s] -- Installing: /home/abuild/rpmbuild/BUILDROOT/libcxx-runtimes-22.1.8-1.arm/usr/share/libc++/v1/std/climits.inc
[  480s] -- Installing: /home/abuild/rpmbuild/BUILDROOT/libcxx-runtimes-22.1.8-1.arm/usr/share/libc++/v1/std/clocale.inc
[  480s] -- Installing: /home/abuild/rpmbuild/BUILDROOT/libcxx-runtimes-22.1.8-1.arm/usr/share/libc++/v1/std/cmath.inc
[  480s] -- Installing: /home/abuild/rpmbuild/BUILDROOT/libcxx-runtimes-22.1.8-1.arm/usr/share/libc++/v1/std/codecvt.inc
[  480s] -- Installing: /home/abuild/rpmbuild/BUILDROOT/libcxx-runtimes-22.1.8-1.arm/usr/share/libc++/v1/std/compare.inc
[  480s] -- Installing: /home/abuild/rpmbuild/BUILDROOT/libcxx-runtimes-22.1.8-1.arm/usr/share/libc++/v1/std/complex.inc
[  480s] -- Installing: /home/abuild/rpmbuild/BUILDROOT/libcxx-runtimes-22.1.8-1.arm/usr/share/libc++/v1/std/concepts.inc
[  480s] -- Installing: /home/abuild/rpmbuild/BUILDROOT/libcxx-runtimes-22.1.8-1.arm/usr/share/libc++/v1/std/condition_variable.inc
[  480s] -- Installing: /home/abuild/rpmbuild/BUILDROOT/libcxx-runtimes-22.1.8-1.arm/usr/share/libc++/v1/std/coroutine.inc
[  480s] -- Installing: /home/abuild/rpmbuild/BUILDROOT/libcxx-runtimes-22.1.8-1.arm/usr/share/libc++/v1/std/csetjmp.inc
[  480s] -- Installing: /home/abuild/rpmbuild/BUILDROOT/libcxx-runtimes-22.1.8-1.arm/usr/share/libc++/v1/std/csignal.inc
[  480s] -- Installing: /home/abuild/rpmbuild/BUILDROOT/libcxx-runtimes-22.1.8-1.arm/usr/share/libc++/v1/std/cstdarg.inc
[  480s] -- Installing: /home/abuild/rpmbuild/BUILDROOT/libcxx-runtimes-22.1.8-1.arm/usr/share/libc++/v1/std/cstddef.inc
[  480s] -- Installing: /home/abuild/rpmbuild/BUILDROOT/libcxx-runtimes-22.1.8-1.arm/usr/share/libc++/v1/std/cstdint.inc
[  480s] -- Installing: /home/abuild/rpmbuild/BUILDROOT/libcxx-runtimes-22.1.8-1.arm/usr/share/libc++/v1/std/cstdio.inc
[  480s] -- Installing: /home/abuild/rpmbuild/BUILDROOT/libcxx-runtimes-22.1.8-1.arm/usr/share/libc++/v1/std/cstdlib.inc
[  480s] -- Installing: /home/abuild/rpmbuild/BUILDROOT/libcxx-runtimes-22.1.8-1.arm/usr/share/libc++/v1/std/cstring.inc
[  480s] -- Installing: /home/abuild/rpmbuild/BUILDROOT/libcxx-runtimes-22.1.8-1.arm/usr/share/libc++/v1/std/ctime.inc
[  480s] -- Installing: /home/abuild/rpmbuild/BUILDROOT/libcxx-runtimes-22.1.8-1.arm/usr/share/libc++/v1/std/cuchar.inc
[  480s] -- Installing: /home/abuild/rpmbuild/BUILDROOT/libcxx-runtimes-22.1.8-1.arm/usr/share/libc++/v1/std/cwchar.inc
[  480s] -- Installing: /home/abuild/rpmbuild/BUILDROOT/libcxx-runtimes-22.1.8-1.arm/usr/share/libc++/v1/std/cwctype.inc
[  480s] -- Installing: /home/abuild/rpmbuild/BUILDROOT/libcxx-runtimes-22.1.8-1.arm/usr/share/libc++/v1/std/deque.inc
[  480s] -- Installing: /home/abuild/rpmbuild/BUILDROOT/libcxx-runtimes-22.1.8-1.arm/usr/share/libc++/v1/std/exception.inc
[  480s] -- Installing: /home/abuild/rpmbuild/BUILDROOT/libcxx-runtimes-22.1.8-1.arm/usr/share/libc++/v1/std/execution.inc
[  480s] -- Installing: /home/abuild/rpmbuild/BUILDROOT/libcxx-runtimes-22.1.8-1.arm/usr/share/libc++/v1/std/expected.inc
[  480s] -- Installing: /home/abuild/rpmbuild/BUILDROOT/libcxx-runtimes-22.1.8-1.arm/usr/share/libc++/v1/std/filesystem.inc
[  480s] -- Installing: /home/abuild/rpmbuild/BUILDROOT/libcxx-runtimes-22.1.8-1.arm/usr/share/libc++/v1/std/flat_map.inc
[  480s] -- Installing: /home/abuild/rpmbuild/BUILDROOT/libcxx-runtimes-22.1.8-1.arm/usr/share/libc++/v1/std/flat_set.inc
[  480s] -- Installing: /home/abuild/rpmbuild/BUILDROOT/libcxx-runtimes-22.1.8-1.arm/usr/share/libc++/v1/std/format.inc
[  480s] -- Installing: /home/abuild/rpmbuild/BUILDROOT/libcxx-runtimes-22.1.8-1.arm/usr/share/libc++/v1/std/forward_list.inc
[  480s] -- Installing: /home/abuild/rpmbuild/BUILDROOT/libcxx-runtimes-22.1.8-1.arm/usr/share/libc++/v1/std/fstream.inc
[  480s] -- Installing: /home/abuild/rpmbuild/BUILDROOT/libcxx-runtimes-22.1.8-1.arm/usr/share/libc++/v1/std/functional.inc
[  480s] -- Installing: /home/abuild/rpmbuild/BUILDROOT/libcxx-runtimes-22.1.8-1.arm/usr/share/libc++/v1/std/future.inc
[  480s] -- Installing: /home/abuild/rpmbuild/BUILDROOT/libcxx-runtimes-22.1.8-1.arm/usr/share/libc++/v1/std/generator.inc
[  480s] -- Installing: /home/abuild/rpmbuild/BUILDROOT/libcxx-runtimes-22.1.8-1.arm/usr/share/libc++/v1/std/hazard_pointer.inc
[  480s] -- Installing: /home/abuild/rpmbuild/BUILDROOT/libcxx-runtimes-22.1.8-1.arm/usr/share/libc++/v1/std/initializer_list.inc
[  480s] -- Installing: /home/abuild/rpmbuild/BUILDROOT/libcxx-runtimes-22.1.8-1.arm/usr/share/libc++/v1/std/iomanip.inc
[  480s] -- Installing: /home/abuild/rpmbuild/BUILDROOT/libcxx-runtimes-22.1.8-1.arm/usr/share/libc++/v1/std/ios.inc
[  480s] -- Installing: /home/abuild/rpmbuild/BUILDROOT/libcxx-runtimes-22.1.8-1.arm/usr/share/libc++/v1/std/iosfwd.inc
[  480s] -- Installing: /home/abuild/rpmbuild/BUILDROOT/libcxx-runtimes-22.1.8-1.arm/usr/share/libc++/v1/std/iostream.inc
[  480s] -- Installing: /home/abuild/rpmbuild/BUILDROOT/libcxx-runtimes-22.1.8-1.arm/usr/share/libc++/v1/std/istream.inc
[  480s] -- Installing: /home/abuild/rpmbuild/BUILDROOT/libcxx-runtimes-22.1.8-1.arm/usr/share/libc++/v1/std/iterator.inc
[  480s] -- Installing: /home/abuild/rpmbuild/BUILDROOT/libcxx-runtimes-22.1.8-1.arm/usr/share/libc++/v1/std/latch.inc
[  480s] -- Installing: /home/abuild/rpmbuild/BUILDROOT/libcxx-runtimes-22.1.8-1.arm/usr/share/libc++/v1/std/limits.inc
[  480s] -- Installing: /home/abuild/rpmbuild/BUILDROOT/libcxx-runtimes-22.1.8-1.arm/usr/share/libc++/v1/std/list.inc
[  480s] -- Installing: /home/abuild/rpmbuild/BUILDROOT/libcxx-runtimes-22.1.8-1.arm/usr/share/libc++/v1/std/locale.inc
[  480s] -- Installing: /home/abuild/rpmbuild/BUILDROOT/libcxx-runtimes-22.1.8-1.arm/usr/share/libc++/v1/std/map.inc
[  480s] -- Installing: /home/abuild/rpmbuild/BUILDROOT/libcxx-runtimes-22.1.8-1.arm/usr/share/libc++/v1/std/mdspan.inc
[  480s] -- Installing: /home/abuild/rpmbuild/BUILDROOT/libcxx-runtimes-22.1.8-1.arm/usr/share/libc++/v1/std/memory.inc
[  480s] -- Installing: /home/abuild/rpmbuild/BUILDROOT/libcxx-runtimes-22.1.8-1.arm/usr/share/libc++/v1/std/memory_resource.inc
[  480s] -- Installing: /home/abuild/rpmbuild/BUILDROOT/libcxx-runtimes-22.1.8-1.arm/usr/share/libc++/v1/std/mutex.inc
[  480s] -- Installing: /home/abuild/rpmbuild/BUILDROOT/libcxx-runtimes-22.1.8-1.arm/usr/share/libc++/v1/std/new.inc
[  480s] -- Installing: /home/abuild/rpmbuild/BUILDROOT/libcxx-runtimes-22.1.8-1.arm/usr/share/libc++/v1/std/numbers.inc
[  480s] -- Installing: /home/abuild/rpmbuild/BUILDROOT/libcxx-runtimes-22.1.8-1.arm/usr/share/libc++/v1/std/numeric.inc
[  480s] -- Installing: /home/abuild/rpmbuild/BUILDROOT/libcxx-runtimes-22.1.8-1.arm/usr/share/libc++/v1/std/optional.inc
[  480s] -- Installing: /home/abuild/rpmbuild/BUILDROOT/libcxx-runtimes-22.1.8-1.arm/usr/share/libc++/v1/std/ostream.inc
[  480s] -- Installing: /home/abuild/rpmbuild/BUILDROOT/libcxx-runtimes-22.1.8-1.arm/usr/share/libc++/v1/std/print.inc
[  480s] -- Installing: /home/abuild/rpmbuild/BUILDROOT/libcxx-runtimes-22.1.8-1.arm/usr/share/libc++/v1/std/queue.inc
[  480s] -- Installing: /home/abuild/rpmbuild/BUILDROOT/libcxx-runtimes-22.1.8-1.arm/usr/share/libc++/v1/std/random.inc
[  480s] -- Installing: /home/abuild/rpmbuild/BUILDROOT/libcxx-runtimes-22.1.8-1.arm/usr/share/libc++/v1/std/ranges.inc
[  480s] -- Installing: /home/abuild/rpmbuild/BUILDROOT/libcxx-runtimes-22.1.8-1.arm/usr/share/libc++/v1/std/ratio.inc
[  480s] -- Installing: /home/abuild/rpmbuild/BUILDROOT/libcxx-runtimes-22.1.8-1.arm/usr/share/libc++/v1/std/rcu.inc
[  480s] -- Installing: /home/abuild/rpmbuild/BUILDROOT/libcxx-runtimes-22.1.8-1.arm/usr/share/libc++/v1/std/regex.inc
[  480s] -- Installing: /home/abuild/rpmbuild/BUILDROOT/libcxx-runtimes-22.1.8-1.arm/usr/share/libc++/v1/std/scoped_allocator.inc
[  480s] -- Installing: /home/abuild/rpmbuild/BUILDROOT/libcxx-runtimes-22.1.8-1.arm/usr/share/libc++/v1/std/semaphore.inc
[  480s] -- Installing: /home/abuild/rpmbuild/BUILDROOT/libcxx-runtimes-22.1.8-1.arm/usr/share/libc++/v1/std/set.inc
[  480s] -- Installing: /home/abuild/rpmbuild/BUILDROOT/libcxx-runtimes-22.1.8-1.arm/usr/share/libc++/v1/std/shared_mutex.inc
[  480s] -- Installing: /home/abuild/rpmbuild/BUILDROOT/libcxx-runtimes-22.1.8-1.arm/usr/share/libc++/v1/std/source_location.inc
[  480s] -- Installing: /home/abuild/rpmbuild/BUILDROOT/libcxx-runtimes-22.1.8-1.arm/usr/share/libc++/v1/std/span.inc
[  480s] -- Installing: /home/abuild/rpmbuild/BUILDROOT/libcxx-runtimes-22.1.8-1.arm/usr/share/libc++/v1/std/spanstream.inc
[  480s] -- Installing: /home/abuild/rpmbuild/BUILDROOT/libcxx-runtimes-22.1.8-1.arm/usr/share/libc++/v1/std/sstream.inc
[  480s] -- Installing: /home/abuild/rpmbuild/BUILDROOT/libcxx-runtimes-22.1.8-1.arm/usr/share/libc++/v1/std/stack.inc
[  480s] -- Installing: /home/abuild/rpmbuild/BUILDROOT/libcxx-runtimes-22.1.8-1.arm/usr/share/libc++/v1/std/stacktrace.inc
[  480s] -- Installing: /home/abuild/rpmbuild/BUILDROOT/libcxx-runtimes-22.1.8-1.arm/usr/share/libc++/v1/std/stdexcept.inc
[  480s] -- Installing: /home/abuild/rpmbuild/BUILDROOT/libcxx-runtimes-22.1.8-1.arm/usr/share/libc++/v1/std/stdfloat.inc
[  480s] -- Installing: /home/abuild/rpmbuild/BUILDROOT/libcxx-runtimes-22.1.8-1.arm/usr/share/libc++/v1/std/stop_token.inc
[  480s] -- Installing: /home/abuild/rpmbuild/BUILDROOT/libcxx-runtimes-22.1.8-1.arm/usr/share/libc++/v1/std/streambuf.inc
[  480s] -- Installing: /home/abuild/rpmbuild/BUILDROOT/libcxx-runtimes-22.1.8-1.arm/usr/share/libc++/v1/std/string.inc
[  480s] -- Installing: /home/abuild/rpmbuild/BUILDROOT/libcxx-runtimes-22.1.8-1.arm/usr/share/libc++/v1/std/string_view.inc
[  480s] -- Installing: /home/abuild/rpmbuild/BUILDROOT/libcxx-runtimes-22.1.8-1.arm/usr/share/libc++/v1/std/strstream.inc
[  480s] -- Installing: /home/abuild/rpmbuild/BUILDROOT/libcxx-runtimes-22.1.8-1.arm/usr/share/libc++/v1/std/syncstream.inc
[  480s] -- Installing: /home/abuild/rpmbuild/BUILDROOT/libcxx-runtimes-22.1.8-1.arm/usr/share/libc++/v1/std/system_error.inc
[  480s] -- Installing: /home/abuild/rpmbuild/BUILDROOT/libcxx-runtimes-22.1.8-1.arm/usr/share/libc++/v1/std/text_encoding.inc
[  480s] -- Installing: /home/abuild/rpmbuild/BUILDROOT/libcxx-runtimes-22.1.8-1.arm/usr/share/libc++/v1/std/thread.inc
[  480s] -- Installing: /home/abuild/rpmbuild/BUILDROOT/libcxx-runtimes-22.1.8-1.arm/usr/share/libc++/v1/std/tuple.inc
[  480s] -- Installing: /home/abuild/rpmbuild/BUILDROOT/libcxx-runtimes-22.1.8-1.arm/usr/share/libc++/v1/std/type_traits.inc
[  480s] -- Installing: /home/abuild/rpmbuild/BUILDROOT/libcxx-runtimes-22.1.8-1.arm/usr/share/libc++/v1/std/typeindex.inc
[  480s] -- Installing: /home/abuild/rpmbuild/BUILDROOT/libcxx-runtimes-22.1.8-1.arm/usr/share/libc++/v1/std/typeinfo.inc
[  480s] -- Installing: /home/abuild/rpmbuild/BUILDROOT/libcxx-runtimes-22.1.8-1.arm/usr/share/libc++/v1/std/unordered_map.inc
[  480s] -- Installing: /home/abuild/rpmbuild/BUILDROOT/libcxx-runtimes-22.1.8-1.arm/usr/share/libc++/v1/std/unordered_set.inc
[  480s] -- Installing: /home/abuild/rpmbuild/BUILDROOT/libcxx-runtimes-22.1.8-1.arm/usr/share/libc++/v1/std/utility.inc
[  480s] -- Installing: /home/abuild/rpmbuild/BUILDROOT/libcxx-runtimes-22.1.8-1.arm/usr/share/libc++/v1/std/valarray.inc
[  480s] -- Installing: /home/abuild/rpmbuild/BUILDROOT/libcxx-runtimes-22.1.8-1.arm/usr/share/libc++/v1/std/variant.inc
[  480s] -- Installing: /home/abuild/rpmbuild/BUILDROOT/libcxx-runtimes-22.1.8-1.arm/usr/share/libc++/v1/std/vector.inc
[  480s] -- Installing: /home/abuild/rpmbuild/BUILDROOT/libcxx-runtimes-22.1.8-1.arm/usr/share/libc++/v1/std/version.inc
[  480s] -- Installing: /home/abuild/rpmbuild/BUILDROOT/libcxx-runtimes-22.1.8-1.arm/usr/share/libc++/v1/std.compat/cassert.inc
[  480s] -- Installing: /home/abuild/rpmbuild/BUILDROOT/libcxx-runtimes-22.1.8-1.arm/usr/share/libc++/v1/std.compat/cctype.inc
[  480s] -- Installing: /home/abuild/rpmbuild/BUILDROOT/libcxx-runtimes-22.1.8-1.arm/usr/share/libc++/v1/std.compat/cerrno.inc
[  480s] -- Installing: /home/abuild/rpmbuild/BUILDROOT/libcxx-runtimes-22.1.8-1.arm/usr/share/libc++/v1/std.compat/cfenv.inc
[  480s] -- Installing: /home/abuild/rpmbuild/BUILDROOT/libcxx-runtimes-22.1.8-1.arm/usr/share/libc++/v1/std.compat/cfloat.inc
[  480s] -- Installing: /home/abuild/rpmbuild/BUILDROOT/libcxx-runtimes-22.1.8-1.arm/usr/share/libc++/v1/std.compat/cinttypes.inc
[  480s] -- Installing: /home/abuild/rpmbuild/BUILDROOT/libcxx-runtimes-22.1.8-1.arm/usr/share/libc++/v1/std.compat/climits.inc
[  480s] -- Installing: /home/abuild/rpmbuild/BUILDROOT/libcxx-runtimes-22.1.8-1.arm/usr/share/libc++/v1/std.compat/clocale.inc
[  480s] -- Installing: /home/abuild/rpmbuild/BUILDROOT/libcxx-runtimes-22.1.8-1.arm/usr/share/libc++/v1/std.compat/cmath.inc
[  480s] -- Installing: /home/abuild/rpmbuild/BUILDROOT/libcxx-runtimes-22.1.8-1.arm/usr/share/libc++/v1/std.compat/csetjmp.inc
[  480s] -- Installing: /home/abuild/rpmbuild/BUILDROOT/libcxx-runtimes-22.1.8-1.arm/usr/share/libc++/v1/std.compat/csignal.inc
[  480s] -- Installing: /home/abuild/rpmbuild/BUILDROOT/libcxx-runtimes-22.1.8-1.arm/usr/share/libc++/v1/std.compat/cstdarg.inc
[  480s] -- Installing: /home/abuild/rpmbuild/BUILDROOT/libcxx-runtimes-22.1.8-1.arm/usr/share/libc++/v1/std.compat/cstddef.inc
[  480s] -- Installing: /home/abuild/rpmbuild/BUILDROOT/libcxx-runtimes-22.1.8-1.arm/usr/share/libc++/v1/std.compat/cstdint.inc
[  480s] -- Installing: /home/abuild/rpmbuild/BUILDROOT/libcxx-runtimes-22.1.8-1.arm/usr/share/libc++/v1/std.compat/cstdio.inc
[  480s] -- Installing: /home/abuild/rpmbuild/BUILDROOT/libcxx-runtimes-22.1.8-1.arm/usr/share/libc++/v1/std.compat/cstdlib.inc
[  480s] -- Installing: /home/abuild/rpmbuild/BUILDROOT/libcxx-runtimes-22.1.8-1.arm/usr/share/libc++/v1/std.compat/cstring.inc
[  480s] -- Installing: /home/abuild/rpmbuild/BUILDROOT/libcxx-runtimes-22.1.8-1.arm/usr/share/libc++/v1/std.compat/ctime.inc
[  480s] -- Installing: /home/abuild/rpmbuild/BUILDROOT/libcxx-runtimes-22.1.8-1.arm/usr/share/libc++/v1/std.compat/cuchar.inc
[  480s] -- Installing: /home/abuild/rpmbuild/BUILDROOT/libcxx-runtimes-22.1.8-1.arm/usr/share/libc++/v1/std.compat/cwchar.inc
[  480s] -- Installing: /home/abuild/rpmbuild/BUILDROOT/libcxx-runtimes-22.1.8-1.arm/usr/share/libc++/v1/std.compat/cwctype.inc
[  480s] -- Installing: /home/abuild/rpmbuild/BUILDROOT/libcxx-runtimes-22.1.8-1.arm/usr/share/libc++/v1/std.cppm
[  480s] -- Installing: /home/abuild/rpmbuild/BUILDROOT/libcxx-runtimes-22.1.8-1.arm/usr/share/libc++/v1/std.compat.cppm
[  480s] -- Installing: /home/abuild/rpmbuild/BUILDROOT/libcxx-runtimes-22.1.8-1.arm/usr/lib/libc++.modules.json
[  480s] + install -d /home/abuild/rpmbuild/BUILDROOT/libcxx-runtimes-22.1.8-1.arm/usr/share/doc/libcxx-runtimes
[  480s] + install -m 0644 ../SOURCE_PROVENANCE /home/abuild/rpmbuild/BUILDROOT/libcxx-runtimes-22.1.8-1.arm/usr/share/doc/libcxx-runtimes/SOURCE_PROVENANCE
[  480s] + /usr/lib/rpm/find-debuginfo.sh -j40 --build-id-seed 22.1.8-1 --unique-debug-src-base libcxx-runtimes-22.1.8-1.arm -S debugsourcefiles.list /home/abuild/rpmbuild/BUILD/llvm-22.1.8
[  480s] 1+0 records in
[  480s] 1+0 records out
[  480s] 1+0 records in
[  480s] 1+0 records out
[  480s] extracting debug info from /home/abuild/rpmbuild/BUILDROOT/libcxx-runtimes-22.1.8-1.arm/usr/lib/libc++.so.1.0
[  480s] extracting debug info from /home/abuild/rpmbuild/BUILDROOT/libcxx-runtimes-22.1.8-1.arm/usr/lib/libc++abi.so.1.0
[  480s] *** WARNING: No build ID note found in /home/abuild/rpmbuild/BUILDROOT/libcxx-runtimes-22.1.8-1.arm/usr/lib/libc++abi.so.1.0
[  480s] *** WARNING: No build ID note found in /home/abuild/rpmbuild/BUILDROOT/libcxx-runtimes-22.1.8-1.arm/usr/lib/libc++.so.1.0
[  480s] 0+0 records in
[  480s] 0+0 records out
[  480s] 0+0 records in
[  480s] 0+0 records out
[  480s] cpio: libcxx/include/cxxabi.h: Cannot stat: No such file or directory
[  480s] 8935 blocks
[  480s] + cp /usr/lib/rpm/debug.manifest /home/abuild/rpmbuild/BUILD/llvm-22.1.8/libcxx-runtimes-debuginfo.manifest
[  480s] + cp /usr/lib/rpm/debug.manifest /home/abuild/rpmbuild/BUILD/llvm-22.1.8/libcxx-runtimes-debugsource.manifest
[  480s] + /usr/lib/rpm/check-buildroot
[  481s] + /usr/lib/rpm//brp-compress
[  481s] + /usr/lib/rpm/brp-strip-static-archive /bin/strip
[  485s] + /usr/lib/rpm/brp-python-hardlink
[  485s] + /usr/lib/rpm/tizen/find-docs.sh /home/abuild/rpmbuild/BUILDROOT/libcxx-runtimes-22.1.8-1.arm
[  485s] + /usr/lib/rpm/tizen/find-isufiles.sh /home/abuild/rpmbuild/BUILD/llvm-22.1.8/isu.list
[  485s] ~/rpmbuild/BUILDROOT/libcxx-runtimes-22.1.8-1.arm ~/rpmbuild/BUILD/llvm-22.1.8/build
[  485s] ~/rpmbuild/BUILD/llvm-22.1.8/build
[  485s] + /etc/hal/rootstrap/hal-rootstrap-checker.sh /home/abuild/rpmbuild/SOURCES /home/abuild/rpmbuild/BUILDROOT/libcxx-runtimes-22.1.8-1.arm arm
[  485s] Package: libcxx-runtimes, Group: Development/Toolchain
[  485s] ##########################################################################################
[  485s] # SUCCESS: hal-rootstrap-checker done                                                    #
[  485s] ##########################################################################################
[  485s] + /etc/app-rootstrap/app-rootstrap-checker.sh /home/abuild/rpmbuild/SOURCES /home/abuild/rpmbuild/BUILDROOT/libcxx-runtimes-22.1.8-1.arm arm
[  485s] Package: libcxx-runtimes, Group: Development/Toolchain
[  485s] # NOTICE: Config web-plugin-rootstrap-checker.yaml skipped                               #
[  485s] # NOTICE: Config app-rootstrap-checker.yaml skipped                                      #
[  485s] ##########################################################################################
[  485s] # SUCCESS: app-rootstrap-checker done                                                    #
[  485s] ##########################################################################################
[  485s] Processing files: libcxx-runtimes-debugsource-22.1.8-1.armv7l
[  485s] Aptk: PG1hbmlmZXN0PgogPHJlcXVlc3Q+CiAgICA8ZG9tYWluIG5hbWU9Il8iLz4KIDwv
[  485s] cmVxdWVzdD4KPC9tYW5pZmVzdD4K
[  485s] 
[  485s] Provides: libcxx-runtimes-debugsource = 22.1.8-1 libcxx-runtimes-debugsource(armv7l-32) = 22.1.8-1
[  485s] Requires(rpmlib): rpmlib(CompressedFileNames) <= 3.0.4-1 rpmlib(FileDigests) <= 4.6.0-1 rpmlib(PayloadFilesHavePrefix) <= 4.0-1
[  485s] Processing files: libc++-22.1.8-1.armv7l
[  485s] Aptk: PG1hbmlmZXN0PgogIDxyZXF1ZXN0PgogICAgPGRvbWFpbiBuYW1lPSJfIi8+CiAg
[  485s] PC9yZXF1ZXN0Pgo8L21hbmlmZXN0Pgo=
[  485s] 
[  485s] Executing(%license): /bin/sh -e /var/tmp/rpm-tmp.O6VBoN
[  485s] + umask 022
[  485s] + cd /home/abuild/rpmbuild/BUILD
[  485s] + cd llvm-22.1.8
[  485s] + LICENSEDIR=/home/abuild/rpmbuild/BUILDROOT/libcxx-runtimes-22.1.8-1.arm/usr/share/licenses/libc++
[  485s] + export LC_ALL=C
[  485s] + LC_ALL=C
[  485s] + export LICENSEDIR
[  485s] + /bin/mkdir -p /home/abuild/rpmbuild/BUILDROOT/libcxx-runtimes-22.1.8-1.arm/usr/share/licenses/libc++
[  485s] + cp -pr libcxx/LICENSE.TXT /home/abuild/rpmbuild/BUILDROOT/libcxx-runtimes-22.1.8-1.arm/usr/share/licenses/libc++
[  485s] + exit 0
[  485s] warning: Missing build-id in /home/abuild/rpmbuild/BUILDROOT/libcxx-runtimes-22.1.8-1.arm/usr/lib/libc++.so.1.0
[  485s] Provides: libc++ = 22.1.8-1 libc++(armv7l-32) = 22.1.8-1 libc++.so.1 libc++.so.1(LLVM_22)
[  485s] Requires(rpmlib): rpmlib(CompressedFileNames) <= 3.0.4-1 rpmlib(FileDigests) <= 4.6.0-1 rpmlib(PayloadFilesHavePrefix) <= 4.0-1
[  485s] Requires: ld-linux.so.3 ld-linux.so.3(GLIBC_2.4) libc++abi.so.1 libc++abi.so.1(LLVM_22) libc.so.6 libc.so.6(GLIBC_2.17) libc.so.6(GLIBC_2.27) libc.so.6(GLIBC_2.33) libc.so.6(GLIBC_2.34) libc.so.6(GLIBC_2.38) libc.so.6(GLIBC_2.4) libc.so.6(GLIBC_2.6) libc.so.6(GLIBC_2.7) libc.so.6(GLIBC_2.8) libgcc_s.so.1 libgcc_s.so.1(GCC_3.5) libm.so.6 rtld(GNU_HASH)
[  485s] Processing files: libc++-devel-22.1.8-1.armv7l
[  485s] Aptk: PG1hbmlmZXN0PgogIDxyZXF1ZXN0PgogICAgPGRvbWFpbiBuYW1lPSJfIi8+CiAg
[  485s] PC9yZXF1ZXN0Pgo8L21hbmlmZXN0Pgo=
[  485s] 
[  486s] Provides: libc++-devel = 22.1.8-1 libc++-devel(armv7l-32) = 22.1.8-1
[  486s] Requires(rpmlib): rpmlib(CompressedFileNames) <= 3.0.4-1 rpmlib(FileDigests) <= 4.6.0-1 rpmlib(PayloadFilesHavePrefix) <= 4.0-1
[  486s] Processing files: libc++abi-22.1.8-1.armv7l
[  486s] Aptk: PG1hbmlmZXN0PgogIDxyZXF1ZXN0PgogICAgPGRvbWFpbiBuYW1lPSJfIi8+CiAg
[  486s] PC9yZXF1ZXN0Pgo8L21hbmlmZXN0Pgo=
[  486s] 
[  486s] Executing(%license): /bin/sh -e /var/tmp/rpm-tmp.4xCsN8
[  486s] + umask 022
[  486s] + cd /home/abuild/rpmbuild/BUILD
[  486s] + cd llvm-22.1.8
[  486s] + LICENSEDIR=/home/abuild/rpmbuild/BUILDROOT/libcxx-runtimes-22.1.8-1.arm/usr/share/licenses/libc++abi
[  486s] + export LC_ALL=C
[  486s] + LC_ALL=C
[  486s] + export LICENSEDIR
[  486s] + /bin/mkdir -p /home/abuild/rpmbuild/BUILDROOT/libcxx-runtimes-22.1.8-1.arm/usr/share/licenses/libc++abi
[  486s] + cp -pr libcxxabi/LICENSE.TXT /home/abuild/rpmbuild/BUILDROOT/libcxx-runtimes-22.1.8-1.arm/usr/share/licenses/libc++abi
[  486s] + exit 0
[  486s] warning: Missing build-id in /home/abuild/rpmbuild/BUILDROOT/libcxx-runtimes-22.1.8-1.arm/usr/lib/libc++abi.so.1.0
[  486s] Provides: libc++abi = 22.1.8-1 libc++abi(armv7l-32) = 22.1.8-1 libc++abi.so.1 libc++abi.so.1(LLVM_22)
[  486s] Requires(rpmlib): rpmlib(CompressedFileNames) <= 3.0.4-1 rpmlib(FileDigests) <= 4.6.0-1 rpmlib(PayloadFilesHavePrefix) <= 4.0-1
[  486s] Requires: ld-linux.so.3 ld-linux.so.3(GLIBC_2.4) libc.so.6 libc.so.6(GLIBC_2.16) libc.so.6(GLIBC_2.18) libc.so.6(GLIBC_2.34) libc.so.6(GLIBC_2.4) libgcc_s.so.1 libgcc_s.so.1(GCC_3.0) libgcc_s.so.1(GCC_3.5) libm.so.6 rtld(GNU_HASH)
[  486s] Processing files: libc++abi-devel-22.1.8-1.armv7l
[  486s] Aptk: PG1hbmlmZXN0PgogIDxyZXF1ZXN0PgogICAgPGRvbWFpbiBuYW1lPSJfIi8+CiAg
[  486s] PC9yZXF1ZXN0Pgo8L21hbmlmZXN0Pgo=
[  486s] 
[  486s] Provides: libc++abi-devel = 22.1.8-1 libc++abi-devel(armv7l-32) = 22.1.8-1
[  486s] Requires(rpmlib): rpmlib(CompressedFileNames) <= 3.0.4-1 rpmlib(FileDigests) <= 4.6.0-1 rpmlib(PayloadFilesHavePrefix) <= 4.0-1
[  486s] Requires: libc++abi.so.1
[  486s] Processing files: libc++-debuginfo-22.1.8-1.armv7l
[  486s] Aptk: PG1hbmlmZXN0PgogPHJlcXVlc3Q+CiAgICA8ZG9tYWluIG5hbWU9Il8iLz4KIDwv
[  486s] cmVxdWVzdD4KPC9tYW5pZmVzdD4K
[  486s] 
[  486s] warning: Missing build-id in /home/abuild/rpmbuild/BUILDROOT/libcxx-runtimes-22.1.8-1.arm/usr/lib/debug/usr/lib/libc++.so.1.0.debug
[  486s] Provides: libc++-debuginfo = 22.1.8-1 libc++-debuginfo(armv7l-32) = 22.1.8-1
[  486s] Requires(rpmlib): rpmlib(CompressedFileNames) <= 3.0.4-1 rpmlib(FileDigests) <= 4.6.0-1 rpmlib(PayloadFilesHavePrefix) <= 4.0-1
[  486s] Recommends: libcxx-runtimes-debugsource(armv7l-32) = 22.1.8-1
[  486s] Processing files: libc++abi-debuginfo-22.1.8-1.armv7l
[  486s] Aptk: PG1hbmlmZXN0PgogPHJlcXVlc3Q+CiAgICA8ZG9tYWluIG5hbWU9Il8iLz4KIDwv
[  486s] cmVxdWVzdD4KPC9tYW5pZmVzdD4K
[  486s] 
[  486s] warning: Missing build-id in /home/abuild/rpmbuild/BUILDROOT/libcxx-runtimes-22.1.8-1.arm/usr/lib/debug/usr/lib/libc++abi.so.1.0.debug
[  486s] Provides: libc++abi-debuginfo = 22.1.8-1 libc++abi-debuginfo(armv7l-32) = 22.1.8-1
[  486s] Requires(rpmlib): rpmlib(CompressedFileNames) <= 3.0.4-1 rpmlib(FileDigests) <= 4.6.0-1 rpmlib(PayloadFilesHavePrefix) <= 4.0-1
[  486s] Recommends: libcxx-runtimes-debugsource(armv7l-32) = 22.1.8-1
[  486s] Checking for unpackaged file(s): /usr/lib/rpm/check-files /home/abuild/rpmbuild/BUILDROOT/libcxx-runtimes-22.1.8-1.arm
[  492s] Wrote: /home/abuild/rpmbuild/SRPMS/libcxx-runtimes-22.1.8-1.src.rpm
[  493s] Wrote: /home/abuild/rpmbuild/RPMS/armv7l/libcxx-runtimes-debugsource-22.1.8-1.armv7l.rpm
[  493s] Wrote: /home/abuild/rpmbuild/RPMS/armv7l/libc++-22.1.8-1.armv7l.rpm
[  494s] Wrote: /home/abuild/rpmbuild/RPMS/armv7l/libc++-devel-22.1.8-1.armv7l.rpm
[  494s] Wrote: /home/abuild/rpmbuild/RPMS/armv7l/libc++abi-22.1.8-1.armv7l.rpm
[  494s] Wrote: /home/abuild/rpmbuild/RPMS/armv7l/libc++abi-devel-22.1.8-1.armv7l.rpm
[  495s] Wrote: /home/abuild/rpmbuild/RPMS/armv7l/libc++-debuginfo-22.1.8-1.armv7l.rpm
[  495s] Wrote: /home/abuild/rpmbuild/RPMS/armv7l/libc++abi-debuginfo-22.1.8-1.armv7l.rpm
[  495s] Executing(%clean): /bin/sh -e /var/tmp/rpm-tmp.mb8JEY
[  495s] + umask 022
[  495s] + cd /home/abuild/rpmbuild/BUILD
[  495s] + /bin/rm -rf /home/abuild/rpmbuild/BUILDROOT/libcxx-runtimes-22.1.8-1.arm
[  495s] + cd llvm-22.1.8
[  495s] + /bin/rm -rf /home/abuild/rpmbuild/BUILDROOT/libcxx-runtimes-22.1.8-1.arm
[  495s] + exit 0
[  495s] ... checking for files with abuild user/group
[  496s] 
[  496s] toolchain-2026 finished "build libcxx-runtimes.spec" at Wed Aug  5 05:17:05 UTC 2026.
[  496s] 
debug: my_system: sudo /bin/cp '/var/tmp/toolchain-gbs/tizen_unified_standard.conf' '/home/toolchain/development/libc++_replacement/tmp/GBS-ROOT/LIBCXX-2218-armv7l-20260805-r3b/local/BUILD-ROOTS/scratch.armv7l.0'/tizen_unified_standard.conf
debug: my_system: sudo /bin/mv '/home/toolchain/development/libc++_replacement/tmp/GBS-ROOT/LIBCXX-2218-armv7l-20260805-r3b/local/BUILD-ROOTS/scratch.armv7l.0/.build.log' '/home/toolchain/development/libc++_replacement/tmp/GBS-ROOT/LIBCXX-2218-armv7l-20260805-r3b/local/repos/tizen_unified_standard/armv7l/logs/success'/libcxx-runtimes-22.1.8-1/log.txt
debug: my_system: sudo ln '/home/toolchain/development/libc++_replacement/tmp/GBS-ROOT/LIBCXX-2218-armv7l-20260805-r3b/local/BUILD-ROOTS/scratch.armv7l.0//home/abuild/rpmbuild/SRPMS/libcxx-runtimes-22.1.8-1.src.rpm' '/home/toolchain/development/libc++_replacement/tmp/GBS-ROOT/LIBCXX-2218-armv7l-20260805-r3b/local/repos/tizen_unified_standard/armv7l/SRPMS'
debug: my_system: sudo ln '/home/toolchain/development/libc++_replacement/tmp/GBS-ROOT/LIBCXX-2218-armv7l-20260805-r3b/local/BUILD-ROOTS/scratch.armv7l.0//home/abuild/rpmbuild/RPMS/armv7l/libc++abi-22.1.8-1.armv7l.rpm' '/home/toolchain/development/libc++_replacement/tmp/GBS-ROOT/LIBCXX-2218-armv7l-20260805-r3b/local/repos/tizen_unified_standard/armv7l/RPMS'
debug: my_system: sudo ln '/home/toolchain/development/libc++_replacement/tmp/GBS-ROOT/LIBCXX-2218-armv7l-20260805-r3b/local/BUILD-ROOTS/scratch.armv7l.0//home/abuild/rpmbuild/RPMS/armv7l/libc++-22.1.8-1.armv7l.rpm' '/home/toolchain/development/libc++_replacement/tmp/GBS-ROOT/LIBCXX-2218-armv7l-20260805-r3b/local/repos/tizen_unified_standard/armv7l/RPMS'
debug: my_system: sudo ln '/home/toolchain/development/libc++_replacement/tmp/GBS-ROOT/LIBCXX-2218-armv7l-20260805-r3b/local/BUILD-ROOTS/scratch.armv7l.0//home/abuild/rpmbuild/RPMS/armv7l/libc++abi-debuginfo-22.1.8-1.armv7l.rpm' '/home/toolchain/development/libc++_replacement/tmp/GBS-ROOT/LIBCXX-2218-armv7l-20260805-r3b/local/repos/tizen_unified_standard/armv7l/RPMS'
debug: my_system: sudo ln '/home/toolchain/development/libc++_replacement/tmp/GBS-ROOT/LIBCXX-2218-armv7l-20260805-r3b/local/BUILD-ROOTS/scratch.armv7l.0//home/abuild/rpmbuild/RPMS/armv7l/libc++-debuginfo-22.1.8-1.armv7l.rpm' '/home/toolchain/development/libc++_replacement/tmp/GBS-ROOT/LIBCXX-2218-armv7l-20260805-r3b/local/repos/tizen_unified_standard/armv7l/RPMS'
debug: my_system: sudo ln '/home/toolchain/development/libc++_replacement/tmp/GBS-ROOT/LIBCXX-2218-armv7l-20260805-r3b/local/BUILD-ROOTS/scratch.armv7l.0//home/abuild/rpmbuild/RPMS/armv7l/libcxx-runtimes-debugsource-22.1.8-1.armv7l.rpm' '/home/toolchain/development/libc++_replacement/tmp/GBS-ROOT/LIBCXX-2218-armv7l-20260805-r3b/local/repos/tizen_unified_standard/armv7l/RPMS'
debug: my_system: sudo ln '/home/toolchain/development/libc++_replacement/tmp/GBS-ROOT/LIBCXX-2218-armv7l-20260805-r3b/local/BUILD-ROOTS/scratch.armv7l.0//home/abuild/rpmbuild/RPMS/armv7l/libc++-devel-22.1.8-1.armv7l.rpm' '/home/toolchain/development/libc++_replacement/tmp/GBS-ROOT/LIBCXX-2218-armv7l-20260805-r3b/local/repos/tizen_unified_standard/armv7l/RPMS'
debug: my_system: sudo ln '/home/toolchain/development/libc++_replacement/tmp/GBS-ROOT/LIBCXX-2218-armv7l-20260805-r3b/local/BUILD-ROOTS/scratch.armv7l.0//home/abuild/rpmbuild/RPMS/armv7l/libc++abi-devel-22.1.8-1.armv7l.rpm' '/home/toolchain/development/libc++_replacement/tmp/GBS-ROOT/LIBCXX-2218-armv7l-20260805-r3b/local/repos/tizen_unified_standard/armv7l/RPMS'
info: finished building libcxx-runtimes
debug: *** build libcxx-runtimes exit with status(0), is dirty:1, (worker: 0) ***
debug: my_system: '/usr/lib/build'/createdirdeps '/home/toolchain/development/libc++_replacement/tmp/GBS-ROOT/LIBCXX-2218-armv7l-20260805-r3b/local/repos/tizen_unified_standard/armv7l/RPMS' > '/home/toolchain/development/libc++_replacement/tmp/GBS-ROOT/LIBCXX-2218-armv7l-20260805-r3b/local/order'/.repo.cache.local 
debug: my_system: echo D: >> '/home/toolchain/development/libc++_replacement/tmp/GBS-ROOT/LIBCXX-2218-armv7l-20260805-r3b/local/order'/.repo.cache.local
debug: my_system: cat '/home/toolchain/development/libc++_replacement/tmp/GBS-ROOT/LIBCXX-2218-armv7l-20260805-r3b/local/order'/.repo.cache.local '/home/toolchain/development/libc++_replacement/tmp/GBS-ROOT/LIBCXX-2218-armv7l-20260805-r3b/local/order'/.repo.cache.remote >'/home/toolchain/development/libc++_replacement/tmp/GBS-ROOT/LIBCXX-2218-armv7l-20260805-r3b/local/order'/.repo.cache
info: updating local repo
debug: my_system: touch '/home/toolchain/development/libc++_replacement/tmp/GBS-ROOT/LIBCXX-2218-armv7l-20260805-r3b/local/repos/tizen_unified_standard/armv7l/SRPMS'
debug: my_system: touch '/home/toolchain/development/libc++_replacement/tmp/GBS-ROOT/LIBCXX-2218-armv7l-20260805-r3b/local/repos/tizen_unified_standard/armv7l/RPMS'
debug: my_system: createrepo --changelog-limit=0 -q '/home/toolchain/development/libc++_replacement/tmp/GBS-ROOT/LIBCXX-2218-armv7l-20260805-r3b/local/repos/tizen_unified_standard/armv7l' > /dev/null 2>&1 
info: *** Build Status Summary ***
=== Total succeeded built packages: (1) ===
info: generated html format report:
     /home/toolchain/development/libc++_replacement/tmp/GBS-ROOT/LIBCXX-2218-armv7l-20260805-r3b/local/repos/tizen_unified_standard/armv7l/index.html
info: generated RPM packages can be found from local repo:
     /home/toolchain/development/libc++_replacement/tmp/GBS-ROOT/LIBCXX-2218-armv7l-20260805-r3b/local/repos/tizen_unified_standard/armv7l/RPMS
info: generated source RPM packages can be found from local repo:
     /home/toolchain/development/libc++_replacement/tmp/GBS-ROOT/LIBCXX-2218-armv7l-20260805-r3b/local/repos/tizen_unified_standard/armv7l/SRPMS
info: build logs can be found in:
     /home/toolchain/development/libc++_replacement/tmp/GBS-ROOT/LIBCXX-2218-armv7l-20260805-r3b/local/repos/tizen_unified_standard/armv7l/logs
info: build roots located in:
     /home/toolchain/development/libc++_replacement/tmp/GBS-ROOT/LIBCXX-2218-armv7l-20260805-r3b/local/BUILD-ROOTS/scratch.armv7l.*
EXIT_CODE=0
